# Hughes and Graumlich 1996 Multi-Millennial Nevada Precipitation Reconstruction
#----------------------------------------------------------------------- 
#               World Data Service for Paleoclimatology, Boulder 
#                                  and 
#                     NOAA Paleoclimatology Program 
#----------------------------------------------------------------------- 
# Template Version 4.0
# Encoding: UTF-8
# NOTE: Please cite original publication, NOAA Landing Page URL, dataset and publication DOIs (where available),
# and date accessed when using these downloaded data. If there is no publication information, please cite investigator, study title, NOAA Landing Page URL, and date accessed.
#
# NOAA_Landing_Page: https://www.ncei.noaa.gov/access/paleo-search/study/6384
#   Landing_Page_Description: NOAA Landing Page of this file's parent study, which includes all study metadata.
#
# Study_Level_JSON_Metadata: https://www.ncei.noaa.gov/pub/data/metadata/published/paleo/json/noaa-recon-6384.json
#   Study_Level_JSON_Description: JSON metadata of this file's parent study, which includes all study metadata.
#
# Data_Type: Climate Reconstructions
#
# Dataset_DOI: 10.25921/zkr6-p676
#
# Science_Keywords: Precipitation Reconstruction
#-------------------
# Resource_Links
#
# Data_Download_Resource: https://www.ncei.noaa.gov/pub/data/paleo/treering/reconstructions/nevada/mwkreconfilt-noaa.txt
#   Data_Download_Description: NOAA Template File; Filtered Precipitation Reconstruction Data
#
#-------------------
# Contribution_Date
#   Date: 2000-07-25
#-------------------
# File_Last_Modified_Date
#   Date: 2025-06-12
#-------------------
# Title
#   Study_Name: Hughes and Graumlich 1996 Multi-Millennial Nevada Precipitation Reconstruction
#-------------------
# Investigators
#   Investigators: Hughes, M.K.; Graumlich, L.J.
#-------------------
# Description_Notes_and_Keywords
#   Description: Reconstructed precipitation for Nevada Climate Division 3, annual July through June.  Trees used for the reconstruction are bristlecone pine from Methuselah Walk, White Mountains, California.  These data are archived with the ITRDB, filenames CA535.crn (standardized chronology) and CA535.rwl (ringwidth measurements).  
#-------------------
# Publication
#   Authors: Hughes, M. K. and L. J. Graumlich
#   Journal_Name: NATO ASI Series: Climatic Variations and Forcing Mechanisms of the Last 2000 Years Edited by P.D. Jones, R.S. Bradley, and J. Jouzel
#   Published_Title: Multi-millennial dendroclimatic studies from the western United States
#   Published_Date_or_Year: 1996-01-01
#   Volume: 141
#   Pages: 109-124
#   Report_Number: 
#   DOI: 10.1007/978-3-642-61113-1_6
#   Full_Citation: 
#   Abstract: Multimillennial tree-ring chronologies from the mountains of the western United States provide an excellent opportunity to study decade to century scale variability in pre-instrumental times. This results from the lack of ecological interaction between the widely-spaced, climate-sensitive, long-lived trees characteristic of the higher elevations of this region. The availability of climate-sensitive > 1000 year tree-ring records in the western conterminous United States is unique. For example, 80 tree-ring chronologies of at least 1000 years length and 23 of at least 2000 years length, have been developed at our Laboratory for this region. A number of climate reconstructions of high quality have already been published using subsets of these data. The great potential of this resource will be demonstrated by reference to these reconstructions. In particular, we introduce a preliminary reconstruction of precipitation in the Great Basin covering the period 6000 B.C. to A.D. 1979. We will use this to place in context a striking pattern of two multidecade droughts each terminated by intense wet periods in the period between A.D. 900 and 1400.
#-------------------
# Funding_Agency
#   Funding_Agency_Name: 
#   Grant_Number: 
#-------------------
# Site_Information
#   Site_Name: Nevada Climate Division 3
#   Location: Nevada
#   Northernmost_Latitude: 39
#   Southernmost_Latitude: 37
#   Easternmost_Longitude: -114
#   Westernmost_Longitude: -120
#   Elevation_m: 
#-------------------
# Data_Collection
#   Collection_Name: Hughes1996 NV3 Filter Precip
#   First_Year: -6000
#   Last_Year: 1996
#   Time_Unit: CE
#   Core_Length_m: 
#   Parameter_Keywords: precipitation
#   Notes: annual July-June values; smoothed with a bidecadal Gaussian filter
#-------------------
# Chronology_Information
#   Chronology:
#-------------------
# Variables 
#
# PaST_Thesaurus_Download_Resource:  https://www.ncei.noaa.gov/access/paleo-search/skos/past-thesaurus.rdf
#   PaST_Thesaurus_Download_Description: Paleoenvironmental Standard Terms (PaST) Thesaurus terms, definitions, and relationships in SKOS format.
#
# Variables format: shortname <tab> what,material,error,units,seasonality,data_type,detail,method, C(har) or N(umeric) data,additional information
## age	age,,,year Common Era,,climate reconstructions;tree ring,,,N,
## precip	precipitation,ring width,,centimeter,Jul-Jun,climate reconstructions;tree ring,filtered,,N,smoothed with a bidecadal Gaussian filter
#-------------------------------
# Data: 
# Missing_Values: NA
age	precip
-6000	18.519
-5999	18.4988
-5998	18.464
-5997	18.4108
-5996	18.3365
-5995	18.2524
-5994	18.1557
-5993	18.0518
-5992	17.9425
-5991	17.8282
-5990	17.7112
-5989	17.596
-5988	17.4833
-5987	17.3785
-5986	17.2795
-5985	17.1949
-5984	17.1129
-5983	17.037
-5982	16.9736
-5981	16.9258
-5980	16.884
-5979	16.85
-5978	16.826
-5977	16.8107
-5976	16.8048
-5975	16.8015
-5974	16.8104
-5973	16.8249
-5972	16.8444
-5971	16.8719
-5970	16.9076
-5969	16.9508
-5968	16.9997
-5967	17.0516
-5966	17.119
-5965	17.1915
-5964	17.2676
-5963	17.352
-5962	17.4413
-5961	17.5322
-5960	17.6327
-5959	17.7391
-5958	17.842
-5957	17.9464
-5956	18.0613
-5955	18.1719
-5954	18.2819
-5953	18.3908
-5952	18.5016
-5951	18.6054
-5950	18.7119
-5949	18.808
-5948	18.905
-5947	18.9964
-5946	19.0878
-5945	19.1698
-5944	19.2514
-5943	19.3296
-5942	19.4009
-5941	19.4709
-5940	19.5416
-5939	19.6106
-5938	19.6761
-5937	19.7421
-5936	19.8091
-5935	19.8716
-5934	19.9368
-5933	20.0062
-5932	20.0712
-5931	20.1385
-5930	20.2038
-5929	20.2612
-5928	20.3189
-5927	20.3731
-5926	20.4257
-5925	20.4647
-5924	20.5063
-5923	20.5342
-5922	20.5516
-5921	20.566
-5920	20.5708
-5919	20.5631
-5918	20.5448
-5917	20.5166
-5916	20.4785
-5915	20.4306
-5914	20.3782
-5913	20.3133
-5912	20.2434
-5911	20.1665
-5910	20.0783
-5909	19.9885
-5908	19.8907
-5907	19.7907
-5906	19.6881
-5905	19.5848
-5904	19.4806
-5903	19.3663
-5902	19.2541
-5901	19.1404
-5900	19.0272
-5899	18.9085
-5898	18.7967
-5897	18.6793
-5896	18.5658
-5895	18.4578
-5894	18.3525
-5893	18.2415
-5892	18.1422
-5891	18.0484
-5890	17.961
-5889	17.8802
-5888	17.8077
-5887	17.7423
-5886	17.6897
-5885	17.6447
-5884	17.607
-5883	17.5828
-5882	17.5712
-5881	17.5721
-5880	17.5851
-5879	17.6112
-5878	17.6459
-5877	17.691
-5876	17.7498
-5875	17.8225
-5874	17.9018
-5873	17.9933
-5872	18.0952
-5871	18.2077
-5870	18.328
-5869	18.4594
-5868	18.5916
-5867	18.7322
-5866	18.8825
-5865	19.0329
-5864	19.1866
-5863	19.3375
-5862	19.4929
-5861	19.6371
-5860	19.7793
-5859	19.9205
-5858	20.0526
-5857	20.1806
-5856	20.3007
-5855	20.4118
-5854	20.5115
-5853	20.5988
-5852	20.6803
-5851	20.7381
-5850	20.7934
-5849	20.8372
-5848	20.8673
-5847	20.8882
-5846	20.8925
-5845	20.8904
-5844	20.8725
-5843	20.8463
-5842	20.8066
-5841	20.7573
-5840	20.7054
-5839	20.6471
-5838	20.5827
-5837	20.5108
-5836	20.4333
-5835	20.351
-5834	20.2678
-5833	20.178
-5832	20.09
-5831	20.0003
-5830	19.9175
-5829	19.8305
-5828	19.7485
-5827	19.6708
-5826	19.5952
-5825	19.5245
-5824	19.4613
-5823	19.4034
-5822	19.3515
-5821	19.3105
-5820	19.2715
-5819	19.238
-5818	19.2075
-5817	19.1899
-5816	19.1797
-5815	19.1778
-5814	19.1834
-5813	19.1964
-5812	19.2148
-5811	19.243
-5810	19.2769
-5809	19.3186
-5808	19.3655
-5807	19.4175
-5806	19.4754
-5805	19.5432
-5804	19.6103
-5803	19.6826
-5802	19.7572
-5801	19.8328
-5800	19.9121
-5799	19.9919
-5798	20.0725
-5797	20.1528
-5796	20.2296
-5795	20.3062
-5794	20.3805
-5793	20.4526
-5792	20.523
-5791	20.5945
-5790	20.6661
-5789	20.7298
-5788	20.7973
-5787	20.8563
-5786	20.9155
-5785	20.9734
-5784	21.0283
-5783	21.0788
-5782	21.1241
-5781	21.1692
-5780	21.209
-5779	21.2454
-5778	21.2762
-5777	21.3009
-5776	21.3217
-5775	21.3394
-5774	21.3492
-5773	21.3581
-5772	21.3608
-5771	21.3589
-5770	21.3588
-5769	21.3532
-5768	21.3453
-5767	21.3378
-5766	21.329
-5765	21.3238
-5764	21.3176
-5763	21.3148
-5762	21.3142
-5761	21.3136
-5760	21.3177
-5759	21.3212
-5758	21.3216
-5757	21.3226
-5756	21.3306
-5755	21.3365
-5754	21.334
-5753	21.3317
-5752	21.3259
-5751	21.3121
-5750	21.2946
-5749	21.2735
-5748	21.2454
-5747	21.2096
-5746	21.1674
-5745	21.1148
-5744	21.054
-5743	20.9897
-5742	20.918
-5741	20.8398
-5740	20.7572
-5739	20.6679
-5738	20.5745
-5737	20.4741
-5736	20.3728
-5735	20.2719
-5734	20.1686
-5733	20.0643
-5732	19.9638
-5731	19.8645
-5730	19.7693
-5729	19.677
-5728	19.5893
-5727	19.5106
-5726	19.4373
-5725	19.3725
-5724	19.317
-5723	19.2686
-5722	19.2292
-5721	19.2021
-5720	19.1816
-5719	19.1702
-5718	19.1643
-5717	19.1661
-5716	19.1771
-5715	19.1919
-5714	19.2055
-5713	19.2259
-5712	19.2478
-5711	19.2736
-5710	19.2979
-5709	19.3233
-5708	19.3452
-5707	19.3579
-5706	19.3733
-5705	19.3853
-5704	19.3913
-5703	19.3926
-5702	19.3889
-5701	19.3834
-5700	19.3728
-5699	19.3537
-5698	19.3377
-5697	19.3181
-5696	19.3005
-5695	19.2827
-5694	19.2643
-5693	19.2402
-5692	19.2185
-5691	19.1994
-5690	19.1791
-5689	19.159
-5688	19.1505
-5687	19.1361
-5686	19.1282
-5685	19.1236
-5684	19.1212
-5683	19.1176
-5682	19.1227
-5681	19.1291
-5680	19.1324
-5679	19.1372
-5678	19.1439
-5677	19.1468
-5676	19.1517
-5675	19.1529
-5674	19.157
-5673	19.1556
-5672	19.1514
-5671	19.1462
-5670	19.1368
-5669	19.1208
-5668	19.1065
-5667	19.0913
-5666	19.0758
-5665	19.0559
-5664	19.0398
-5663	19.0232
-5662	19.0097
-5661	19.0007
-5660	18.9996
-5659	19.0048
-5658	19.0163
-5657	19.0426
-5656	19.0727
-5655	19.1095
-5654	19.1648
-5653	19.2287
-5652	19.3024
-5651	19.3891
-5650	19.4778
-5649	19.5769
-5648	19.6787
-5647	19.7832
-5646	19.8876
-5645	19.9955
-5644	20.0991
-5643	20.1985
-5642	20.2939
-5641	20.3785
-5640	20.4553
-5639	20.5195
-5638	20.5687
-5637	20.608
-5636	20.6344
-5635	20.6428
-5634	20.6382
-5633	20.6211
-5632	20.5875
-5631	20.5421
-5630	20.4857
-5629	20.4144
-5628	20.3332
-5627	20.2441
-5626	20.1462
-5625	20.0323
-5624	19.9153
-5623	19.7912
-5622	19.665
-5621	19.5341
-5620	19.4032
-5619	19.2719
-5618	19.1373
-5617	19.0056
-5616	18.8807
-5615	18.7538
-5614	18.6367
-5613	18.5245
-5612	18.4157
-5611	18.3125
-5610	18.2159
-5609	18.1232
-5608	18.0393
-5607	17.963
-5606	17.8903
-5605	17.8222
-5604	17.7566
-5603	17.6972
-5602	17.6468
-5601	17.5962
-5600	17.5531
-5599	17.511
-5598	17.4738
-5597	17.4405
-5596	17.4114
-5595	17.3871
-5594	17.3689
-5593	17.3614
-5592	17.3622
-5591	17.3629
-5590	17.3688
-5589	17.3865
-5588	17.4095
-5587	17.4401
-5586	17.4796
-5585	17.5269
-5584	17.5787
-5583	17.6398
-5582	17.7026
-5581	17.7711
-5580	17.8402
-5579	17.9089
-5578	17.9821
-5577	18.0576
-5576	18.1347
-5575	18.2097
-5574	18.2775
-5573	18.3523
-5572	18.4214
-5571	18.4855
-5570	18.5474
-5569	18.6098
-5568	18.6665
-5567	18.7191
-5566	18.7668
-5565	18.8162
-5564	18.8605
-5563	18.9046
-5562	18.9464
-5561	18.988
-5560	19.0279
-5559	19.0692
-5558	19.1117
-5557	19.1573
-5556	19.2029
-5555	19.2581
-5554	19.315
-5553	19.3784
-5552	19.4486
-5551	19.527
-5550	19.6126
-5549	19.708
-5548	19.8087
-5547	19.9188
-5546	20.0384
-5545	20.1621
-5544	20.2924
-5543	20.4274
-5542	20.5647
-5541	20.7013
-5540	20.8374
-5539	20.9686
-5538	21.0944
-5537	21.2172
-5536	21.3286
-5535	21.4283
-5534	21.5177
-5533	21.5961
-5532	21.657
-5531	21.6978
-5530	21.7307
-5529	21.7507
-5528	21.7544
-5527	21.7525
-5526	21.7349
-5525	21.7073
-5524	21.6718
-5523	21.6269
-5522	21.5747
-5521	21.5223
-5520	21.4663
-5519	21.4115
-5518	21.3558
-5517	21.296
-5516	21.2394
-5515	21.1816
-5514	21.1271
-5513	21.0725
-5512	21.0214
-5511	20.9739
-5510	20.9186
-5509	20.8699
-5508	20.823
-5507	20.7722
-5506	20.718
-5505	20.6704
-5504	20.624
-5503	20.5795
-5502	20.5363
-5501	20.4951
-5500	20.4565
-5499	20.4227
-5498	20.3891
-5497	20.3624
-5496	20.3359
-5495	20.32
-5494	20.3066
-5493	20.2948
-5492	20.2849
-5491	20.2818
-5490	20.2757
-5489	20.2746
-5488	20.2684
-5487	20.2629
-5486	20.2542
-5485	20.2431
-5484	20.2248
-5483	20.2054
-5482	20.1804
-5481	20.1506
-5480	20.1142
-5479	20.0703
-5478	20.0257
-5477	19.9738
-5476	19.9169
-5475	19.8552
-5474	19.7832
-5473	19.7161
-5472	19.6442
-5471	19.5678
-5470	19.4906
-5469	19.4143
-5468	19.3416
-5467	19.261
-5466	19.184
-5465	19.1079
-5464	19.0326
-5463	18.9647
-5462	18.9003
-5461	18.8404
-5460	18.7822
-5459	18.7286
-5458	18.6823
-5457	18.6421
-5456	18.6115
-5455	18.5915
-5454	18.579
-5453	18.5792
-5452	18.5856
-5451	18.6018
-5450	18.6271
-5449	18.6642
-5448	18.7118
-5447	18.7713
-5446	18.8332
-5445	18.9014
-5444	18.9813
-5443	19.068
-5442	19.1509
-5441	19.2355
-5440	19.323
-5439	19.4028
-5438	19.4854
-5437	19.5643
-5436	19.6362
-5435	19.7043
-5434	19.7572
-5433	19.805
-5432	19.8415
-5431	19.8713
-5430	19.8916
-5429	19.9014
-5428	19.8986
-5427	19.8889
-5426	19.8724
-5425	19.8491
-5424	19.8243
-5423	19.7925
-5422	19.7543
-5421	19.7121
-5420	19.6701
-5419	19.6287
-5418	19.5887
-5417	19.5555
-5416	19.524
-5415	19.4944
-5414	19.4724
-5413	19.4569
-5412	19.4462
-5411	19.443
-5410	19.4423
-5409	19.4496
-5408	19.4613
-5407	19.4707
-5406	19.4853
-5405	19.5047
-5404	19.528
-5403	19.5428
-5402	19.5667
-5401	19.5874
-5400	19.6039
-5399	19.6227
-5398	19.6372
-5397	19.6487
-5396	19.6582
-5395	19.6563
-5394	19.6498
-5393	19.6387
-5392	19.6233
-5391	19.6072
-5390	19.581
-5389	19.5484
-5388	19.509
-5387	19.4644
-5386	19.4149
-5385	19.3548
-5384	19.287
-5383	19.2198
-5382	19.1499
-5381	19.0714
-5380	18.9897
-5379	18.9071
-5378	18.823
-5377	18.7358
-5376	18.655
-5375	18.5699
-5374	18.4948
-5373	18.423
-5372	18.3608
-5371	18.3087
-5370	18.2671
-5369	18.2349
-5368	18.214
-5367	18.2072
-5366	18.2165
-5365	18.2407
-5364	18.2841
-5363	18.3409
-5362	18.4144
-5361	18.4985
-5360	18.6006
-5359	18.7188
-5358	18.8531
-5357	18.992
-5356	19.1479
-5355	19.3043
-5354	19.4746
-5353	19.653
-5352	19.8368
-5351	20.0199
-5350	20.2015
-5349	20.3812
-5348	20.5623
-5347	20.7318
-5346	20.8967
-5345	21.0539
-5344	21.2033
-5343	21.3328
-5342	21.4497
-5341	21.5503
-5340	21.6378
-5339	21.7011
-5338	21.745
-5337	21.7699
-5336	21.7723
-5335	21.7556
-5334	21.7193
-5333	21.665
-5332	21.5931
-5331	21.5073
-5330	21.4009
-5329	21.2851
-5328	21.154
-5327	21.0208
-5326	20.8877
-5325	20.7536
-5324	20.6217
-5323	20.493
-5322	20.3688
-5321	20.2619
-5320	20.1616
-5319	20.0744
-5318	20.003
-5317	19.9465
-5316	19.8998
-5315	19.8733
-5314	19.8623
-5313	19.8621
-5312	19.8763
-5311	19.8964
-5310	19.9314
-5309	19.9745
-5308	20.0188
-5307	20.0749
-5306	20.134
-5305	20.2016
-5304	20.2706
-5303	20.341
-5302	20.4137
-5301	20.4875
-5300	20.558
-5299	20.6334
-5298	20.7084
-5297	20.7872
-5296	20.8635
-5295	20.9357
-5294	21.0067
-5293	21.0693
-5292	21.1349
-5291	21.1932
-5290	21.2467
-5289	21.2988
-5288	21.3498
-5287	21.3938
-5286	21.4416
-5285	21.4777
-5284	21.5163
-5283	21.5456
-5282	21.5736
-5281	21.6042
-5280	21.6302
-5279	21.6487
-5278	21.6619
-5277	21.6734
-5276	21.6793
-5275	21.6822
-5274	21.6739
-5273	21.6609
-5272	21.6317
-5271	21.5966
-5270	21.5447
-5269	21.482
-5268	21.3997
-5267	21.3077
-5266	21.2001
-5265	21.0831
-5264	20.948
-5263	20.801
-5262	20.642
-5261	20.4774
-5260	20.3093
-5259	20.1398
-5258	19.9632
-5257	19.7872
-5256	19.6183
-5255	19.4508
-5254	19.2892
-5253	19.1435
-5252	19.0056
-5251	18.8765
-5250	18.7647
-5249	18.671
-5248	18.5897
-5247	18.5243
-5246	18.4719
-5245	18.4389
-5244	18.4133
-5243	18.4044
-5242	18.3999
-5241	18.4136
-5240	18.4372
-5239	18.4652
-5238	18.5005
-5237	18.5452
-5236	18.5883
-5235	18.6385
-5234	18.6854
-5233	18.7311
-5232	18.7776
-5231	18.8221
-5230	18.8636
-5229	18.8992
-5228	18.9261
-5227	18.9437
-5226	18.9532
-5225	18.9517
-5224	18.9472
-5223	18.9275
-5222	18.9029
-5221	18.8631
-5220	18.82
-5219	18.7657
-5218	18.7032
-5217	18.6323
-5216	18.5596
-5215	18.4881
-5214	18.4097
-5213	18.336
-5212	18.2595
-5211	18.1911
-5210	18.1275
-5209	18.078
-5208	18.0275
-5207	17.99
-5206	17.9615
-5205	17.948
-5204	17.946
-5203	17.9516
-5202	17.9675
-5201	17.9929
-5200	18.0273
-5199	18.0698
-5198	18.119
-5197	18.1644
-5196	18.2167
-5195	18.2706
-5194	18.3307
-5193	18.3845
-5192	18.442
-5191	18.4991
-5190	18.5466
-5189	18.5941
-5188	18.6392
-5187	18.6819
-5186	18.7217
-5185	18.7629
-5184	18.8051
-5183	18.8432
-5182	18.8879
-5181	18.9329
-5180	18.981
-5179	19.0339
-5178	19.0809
-5177	19.1379
-5176	19.2017
-5175	19.2634
-5174	19.3304
-5173	19.4026
-5172	19.4767
-5171	19.555
-5170	19.6393
-5169	19.7222
-5168	19.8107
-5167	19.9033
-5166	19.9926
-5165	20.0819
-5164	20.1755
-5163	20.2614
-5162	20.3445
-5161	20.421
-5160	20.4892
-5159	20.5523
-5158	20.6061
-5157	20.6528
-5156	20.6863
-5155	20.7071
-5154	20.7246
-5153	20.7225
-5152	20.7064
-5151	20.6795
-5150	20.633
-5149	20.5825
-5148	20.5228
-5147	20.4494
-5146	20.372
-5145	20.2911
-5144	20.2033
-5143	20.1125
-5142	20.0125
-5141	19.9161
-5140	19.817
-5139	19.7251
-5138	19.6397
-5137	19.5591
-5136	19.483
-5135	19.4112
-5134	19.355
-5133	19.3019
-5132	19.254
-5131	19.2177
-5130	19.1944
-5129	19.1807
-5128	19.1777
-5127	19.1902
-5126	19.2062
-5125	19.23
-5124	19.2601
-5123	19.2999
-5122	19.3456
-5121	19.3988
-5120	19.4583
-5119	19.5157
-5118	19.5706
-5117	19.6318
-5116	19.6929
-5115	19.7535
-5114	19.8057
-5113	19.8553
-5112	19.9066
-5111	19.9486
-5110	19.9874
-5109	20.0176
-5108	20.0468
-5107	20.0708
-5106	20.094
-5105	20.1079
-5104	20.1184
-5103	20.1349
-5102	20.1444
-5101	20.1523
-5100	20.1584
-5099	20.1687
-5098	20.179
-5097	20.1922
-5096	20.2043
-5095	20.2174
-5094	20.2271
-5093	20.2423
-5092	20.2591
-5091	20.2753
-5090	20.2935
-5089	20.3106
-5088	20.3293
-5087	20.3456
-5086	20.3603
-5085	20.3723
-5084	20.3869
-5083	20.3975
-5082	20.4073
-5081	20.4112
-5080	20.4179
-5079	20.4252
-5078	20.4219
-5077	20.4251
-5076	20.4167
-5075	20.4045
-5074	20.3896
-5073	20.3762
-5072	20.3609
-5071	20.3381
-5070	20.3184
-5069	20.2997
-5068	20.2763
-5067	20.2544
-5066	20.2344
-5065	20.216
-5064	20.1973
-5063	20.1811
-5062	20.1778
-5061	20.1751
-5060	20.1733
-5059	20.1732
-5058	20.1784
-5057	20.1845
-5056	20.1979
-5055	20.2151
-5054	20.228
-5053	20.2441
-5052	20.2641
-5051	20.2767
-5050	20.288
-5049	20.294
-5048	20.299
-5047	20.2938
-5046	20.2899
-5045	20.2735
-5044	20.2477
-5043	20.2167
-5042	20.1814
-5041	20.1388
-5040	20.0885
-5039	20.0378
-5038	19.9819
-5037	19.9211
-5036	19.8533
-5035	19.7841
-5034	19.7181
-5033	19.6534
-5032	19.5956
-5031	19.5348
-5030	19.4813
-5029	19.431
-5028	19.3904
-5027	19.3642
-5026	19.3489
-5025	19.3442
-5024	19.3512
-5023	19.3656
-5022	19.3938
-5021	19.4282
-5020	19.4755
-5019	19.5281
-5018	19.5943
-5017	19.6615
-5016	19.7315
-5015	19.8025
-5014	19.8718
-5013	19.9433
-5012	20.0118
-5011	20.073
-5010	20.1229
-5009	20.1596
-5008	20.1916
-5007	20.2102
-5006	20.209
-5005	20.2026
-5004	20.1823
-5003	20.1453
-5002	20.0992
-5001	20.0445
-5000	19.9771
-4999	19.8994
-4998	19.8164
-4997	19.7306
-4996	19.6454
-4995	19.5508
-4994	19.4651
-4993	19.3753
-4992	19.2937
-4991	19.2167
-4990	19.1418
-4989	19.0681
-4988	19.0119
-4987	18.9597
-4986	18.9178
-4985	18.882
-4984	18.8534
-4983	18.8277
-4982	18.812
-4981	18.8011
-4980	18.7919
-4979	18.7837
-4978	18.782
-4977	18.78
-4976	18.7795
-4975	18.7753
-4974	18.7762
-4973	18.7859
-4972	18.7918
-4971	18.797
-4970	18.8054
-4969	18.8171
-4968	18.8379
-4967	18.8632
-4966	18.8961
-4965	18.9311
-4964	18.9645
-4963	19.0058
-4962	19.0562
-4961	19.1095
-4960	19.1621
-4959	19.2215
-4958	19.2837
-4957	19.3456
-4956	19.4102
-4955	19.4695
-4954	19.5258
-4953	19.581
-4952	19.634
-4951	19.6773
-4950	19.7145
-4949	19.7448
-4948	19.7748
-4947	19.8011
-4946	19.8228
-4945	19.8386
-4944	19.8482
-4943	19.8658
-4942	19.8706
-4941	19.8788
-4940	19.8906
-4939	19.9
-4938	19.9068
-4937	19.9203
-4936	19.9291
-4935	19.9404
-4934	19.9564
-4933	19.9731
-4932	19.9924
-4931	20.008
-4930	20.0295
-4929	20.0491
-4928	20.0684
-4927	20.0932
-4926	20.1208
-4925	20.1421
-4924	20.1663
-4923	20.1842
-4922	20.2048
-4921	20.228
-4920	20.2477
-4919	20.265
-4918	20.2789
-4917	20.2873
-4916	20.2968
-4915	20.2951
-4914	20.2921
-4913	20.2837
-4912	20.2737
-4911	20.2581
-4910	20.2291
-4909	20.2008
-4908	20.1641
-4907	20.1258
-4906	20.0872
-4905	20.0435
-4904	19.9968
-4903	19.9492
-4902	19.9069
-4901	19.8655
-4900	19.8267
-4899	19.7868
-4898	19.7519
-4897	19.7195
-4896	19.6876
-4895	19.6564
-4894	19.6302
-4893	19.6043
-4892	19.5824
-4891	19.558
-4890	19.5306
-4889	19.506
-4888	19.4856
-4887	19.4611
-4886	19.436
-4885	19.4037
-4884	19.3725
-4883	19.3449
-4882	19.3132
-4881	19.2867
-4880	19.2613
-4879	19.2417
-4878	19.226
-4877	19.2149
-4876	19.2168
-4875	19.228
-4874	19.246
-4873	19.2722
-4872	19.3124
-4871	19.359
-4870	19.4181
-4869	19.4902
-4868	19.5681
-4867	19.6513
-4866	19.7436
-4865	19.8445
-4864	19.9438
-4863	20.0408
-4862	20.1377
-4861	20.2304
-4860	20.3181
-4859	20.3957
-4858	20.4562
-4857	20.5053
-4856	20.5378
-4855	20.5596
-4854	20.5684
-4853	20.5573
-4852	20.5301
-4851	20.4852
-4850	20.4271
-4849	20.3596
-4848	20.2797
-4847	20.1907
-4846	20.1014
-4845	20.0067
-4844	19.91
-4843	19.8145
-4842	19.7269
-4841	19.6464
-4840	19.5683
-4839	19.4997
-4838	19.4447
-4837	19.3977
-4836	19.3603
-4835	19.3345
-4834	19.3212
-4833	19.3135
-4832	19.3142
-4831	19.3125
-4830	19.3192
-4829	19.328
-4828	19.3392
-4827	19.3519
-4826	19.3639
-4825	19.3696
-4824	19.3761
-4823	19.3777
-4822	19.3841
-4821	19.3826
-4820	19.3784
-4819	19.3736
-4818	19.3674
-4817	19.3563
-4816	19.3476
-4815	19.3371
-4814	19.3298
-4813	19.3198
-4812	19.3123
-4811	19.3006
-4810	19.2925
-4809	19.28
-4808	19.2751
-4807	19.2683
-4806	19.2611
-4805	19.2574
-4804	19.2508
-4803	19.2359
-4802	19.2203
-4801	19.2092
-4800	19.1943
-4799	19.1762
-4798	19.1557
-4797	19.1286
-4796	19.0991
-4795	19.0695
-4794	19.0316
-4793	18.9924
-4792	18.9455
-4791	18.8962
-4790	18.8433
-4789	18.7947
-4788	18.7449
-4787	18.6949
-4786	18.6461
-4785	18.6016
-4784	18.5659
-4783	18.5282
-4782	18.5022
-4781	18.4844
-4780	18.4735
-4779	18.473
-4778	18.4794
-4777	18.4974
-4776	18.5189
-4775	18.548
-4774	18.5808
-4773	18.6251
-4772	18.671
-4771	18.7154
-4770	18.763
-4769	18.8154
-4768	18.8666
-4767	18.9116
-4766	18.9517
-4765	18.9973
-4764	19.0347
-4763	19.0655
-4762	19.0964
-4761	19.1262
-4760	19.1542
-4759	19.1785
-4758	19.2048
-4757	19.2287
-4756	19.2519
-4755	19.2721
-4754	19.2985
-4753	19.3251
-4752	19.352
-4751	19.3765
-4750	19.3969
-4749	19.4219
-4748	19.4545
-4747	19.4838
-4746	19.516
-4745	19.5458
-4744	19.5765
-4743	19.6048
-4742	19.6417
-4741	19.677
-4740	19.7234
-4739	19.7695
-4738	19.8183
-4737	19.8731
-4736	19.9299
-4735	19.9985
-4734	20.0687
-4733	20.1439
-4732	20.2262
-4731	20.3134
-4730	20.4009
-4729	20.4886
-4728	20.575
-4727	20.6629
-4726	20.7404
-4725	20.8166
-4724	20.8849
-4723	20.9412
-4722	20.9853
-4721	21.0149
-4720	21.0342
-4719	21.0375
-4718	21.0242
-4717	20.9957
-4716	20.9496
-4715	20.8909
-4714	20.8214
-4713	20.7385
-4712	20.6479
-4711	20.5507
-4710	20.4433
-4709	20.3337
-4708	20.2258
-4707	20.1171
-4706	20.0095
-4705	19.9063
-4704	19.8175
-4703	19.7352
-4702	19.6558
-4701	19.59
-4700	19.5289
-4699	19.478
-4698	19.4385
-4697	19.407
-4696	19.3842
-4695	19.3684
-4694	19.3587
-4693	19.3533
-4692	19.3538
-4691	19.3601
-4690	19.3678
-4689	19.3833
-4688	19.4048
-4687	19.4351
-4686	19.4623
-4685	19.4905
-4684	19.526
-4683	19.5661
-4682	19.6113
-4681	19.6659
-4680	19.729
-4679	19.7897
-4678	19.8592
-4677	19.9276
-4676	20.0034
-4675	20.0811
-4674	20.1663
-4673	20.251
-4672	20.3282
-4671	20.4102
-4670	20.4864
-4669	20.5598
-4668	20.6317
-4667	20.6947
-4666	20.7514
-4665	20.7993
-4664	20.831
-4663	20.8614
-4662	20.8772
-4661	20.878
-4660	20.8718
-4659	20.8538
-4658	20.8341
-4657	20.8013
-4656	20.7618
-4655	20.7105
-4654	20.653
-4653	20.5912
-4652	20.5267
-4651	20.4499
-4650	20.3748
-4649	20.295
-4648	20.2125
-4647	20.1261
-4646	20.0383
-4645	19.9567
-4644	19.8703
-4643	19.7854
-4642	19.7037
-4641	19.6183
-4640	19.533
-4639	19.4556
-4638	19.3746
-4637	19.3067
-4636	19.2386
-4635	19.1685
-4634	19.1064
-4633	19.049
-4632	18.9979
-4631	18.9545
-4630	18.9191
-4629	18.8858
-4628	18.8496
-4627	18.8227
-4626	18.7994
-4625	18.7811
-4624	18.7638
-4623	18.7533
-4622	18.7482
-4621	18.7454
-4620	18.7409
-4619	18.7396
-4618	18.7388
-4617	18.7419
-4616	18.7513
-4615	18.7625
-4614	18.7796
-4613	18.7991
-4612	18.8239
-4611	18.8529
-4610	18.8929
-4609	18.9373
-4608	18.9918
-4607	19.0485
-4606	19.1143
-4605	19.1892
-4604	19.2714
-4603	19.3605
-4602	19.4564
-4601	19.5549
-4600	19.661
-4599	19.7716
-4598	19.8859
-4597	19.9972
-4596	20.1066
-4595	20.2071
-4594	20.3109
-4593	20.4102
-4592	20.5043
-4591	20.5882
-4590	20.6642
-4589	20.7313
-4588	20.7964
-4587	20.843
-4586	20.8774
-4585	20.9032
-4584	20.9223
-4583	20.9321
-4582	20.9278
-4581	20.9183
-4580	20.8985
-4579	20.8712
-4578	20.8388
-4577	20.8042
-4576	20.7623
-4575	20.7241
-4574	20.6734
-4573	20.6254
-4572	20.5826
-4571	20.5363
-4570	20.4922
-4569	20.4526
-4568	20.4123
-4567	20.3781
-4566	20.3516
-4565	20.3334
-4564	20.3138
-4563	20.2994
-4562	20.2922
-4561	20.2855
-4560	20.2854
-4559	20.2926
-4558	20.3028
-4557	20.3253
-4556	20.3506
-4555	20.3805
-4554	20.4184
-4553	20.4577
-4552	20.5072
-4551	20.5598
-4550	20.6151
-4549	20.68
-4548	20.7496
-4547	20.8197
-4546	20.8959
-4545	20.9747
-4544	21.0568
-4543	21.1335
-4542	21.2099
-4541	21.2837
-4540	21.3527
-4539	21.4123
-4538	21.4687
-4537	21.5028
-4536	21.527
-4535	21.5404
-4534	21.5402
-4533	21.5235
-4532	21.4895
-4531	21.4368
-4530	21.3674
-4529	21.2887
-4528	21.1991
-4527	21.0971
-4526	20.9854
-4525	20.8667
-4524	20.7486
-4523	20.6277
-4522	20.5064
-4521	20.3909
-4520	20.2806
-4519	20.1725
-4518	20.0778
-4517	19.9946
-4516	19.9203
-4515	19.8533
-4514	19.7942
-4513	19.7462
-4512	19.7051
-4511	19.6712
-4510	19.6424
-4509	19.6107
-4508	19.5841
-4507	19.5602
-4506	19.5313
-4505	19.5002
-4504	19.4687
-4503	19.4297
-4502	19.3918
-4501	19.3549
-4500	19.3088
-4499	19.2565
-4498	19.2121
-4497	19.1622
-4496	19.1137
-4495	19.068
-4494	19.0266
-4493	18.9885
-4492	18.9601
-4491	18.9348
-4490	18.9187
-4489	18.9117
-4488	18.9163
-4487	18.9299
-4486	18.9518
-4485	18.9858
-4484	19.0284
-4483	19.0808
-4482	19.1384
-4481	19.2046
-4480	19.282
-4479	19.3639
-4478	19.4511
-4477	19.5404
-4476	19.6363
-4475	19.7316
-4474	19.8341
-4473	19.9348
-4472	20.0331
-4471	20.1296
-4470	20.2272
-4469	20.322
-4468	20.4154
-4467	20.5072
-4466	20.5911
-4465	20.6698
-4464	20.7451
-4463	20.8096
-4462	20.8682
-4461	20.9218
-4460	20.9663
-4459	21.0055
-4458	21.0337
-4457	21.0552
-4456	21.0684
-4455	21.0678
-4454	21.0613
-4453	21.0449
-4452	21.0162
-4451	20.9844
-4450	20.9373
-4449	20.8827
-4448	20.8221
-4447	20.7535
-4446	20.682
-4445	20.6034
-4444	20.518
-4443	20.4356
-4442	20.3507
-4441	20.254
-4440	20.1648
-4439	20.0754
-4438	19.9893
-4437	19.9091
-4436	19.8363
-4435	19.7651
-4434	19.7039
-4433	19.6424
-4432	19.5939
-4431	19.5487
-4430	19.5153
-4429	19.4872
-4428	19.4678
-4427	19.4585
-4426	19.4548
-4425	19.4611
-4424	19.4777
-4423	19.5013
-4422	19.5343
-4421	19.5822
-4420	19.6376
-4419	19.7069
-4418	19.7818
-4417	19.8705
-4416	19.9723
-4415	20.0843
-4414	20.2108
-4413	20.3382
-4412	20.4789
-4411	20.6209
-4410	20.7691
-4409	20.9215
-4408	21.0668
-4407	21.2104
-4406	21.3442
-4405	21.4705
-4404	21.5816
-4403	21.6786
-4402	21.7573
-4401	21.814
-4400	21.8559
-4399	21.8667
-4398	21.8531
-4397	21.8197
-4396	21.7599
-4395	21.68
-4394	21.58
-4393	21.4682
-4392	21.3363
-4391	21.1906
-4390	21.0374
-4389	20.8823
-4388	20.7167
-4387	20.5495
-4386	20.3845
-4385	20.2251
-4384	20.0718
-4383	19.9246
-4382	19.7887
-4381	19.6605
-4380	19.542
-4379	19.4402
-4378	19.3533
-4377	19.271
-4376	19.2002
-4375	19.1378
-4374	19.0904
-4373	19.0533
-4372	19.0238
-4371	19.0032
-4370	18.9943
-4369	18.988
-4368	18.9903
-4367	18.9928
-4366	19.0055
-4365	19.0228
-4364	19.0446
-4363	19.0712
-4362	19.1016
-4361	19.1367
-4360	19.1755
-4359	19.2108
-4358	19.2541
-4357	19.2987
-4356	19.3475
-4355	19.4004
-4354	19.4494
-4353	19.5009
-4352	19.5549
-4351	19.6079
-4350	19.6639
-4349	19.7157
-4348	19.769
-4347	19.8171
-4346	19.8649
-4345	19.914
-4344	19.9548
-4343	19.9928
-4342	20.0249
-4341	20.0536
-4340	20.0777
-4339	20.1022
-4338	20.1173
-4337	20.126
-4336	20.1374
-4335	20.1385
-4334	20.1347
-4333	20.1245
-4332	20.1063
-4331	20.0848
-4330	20.058
-4329	20.0286
-4328	19.9935
-4327	19.9535
-4326	19.9117
-4325	19.8684
-4324	19.8239
-4323	19.7738
-4322	19.7183
-4321	19.6583
-4320	19.6038
-4319	19.5504
-4318	19.5009
-4317	19.4541
-4316	19.4085
-4315	19.3686
-4314	19.3344
-4313	19.3018
-4312	19.2808
-4311	19.263
-4310	19.2521
-4309	19.25
-4308	19.2549
-4307	19.2659
-4306	19.2855
-4305	19.308
-4304	19.3405
-4303	19.3713
-4302	19.407
-4301	19.444
-4300	19.4821
-4299	19.521
-4298	19.5596
-4297	19.5969
-4296	19.6336
-4295	19.6666
-4294	19.7017
-4293	19.7306
-4292	19.7591
-4291	19.7841
-4290	19.7991
-4289	19.8178
-4288	19.8299
-4287	19.8418
-4286	19.8517
-4285	19.8569
-4284	19.8634
-4283	19.8663
-4282	19.8656
-4281	19.8635
-4280	19.8619
-4279	19.8534
-4278	19.8441
-4277	19.8299
-4276	19.811
-4275	19.7943
-4274	19.7738
-4273	19.7509
-4272	19.7247
-4271	19.6945
-4270	19.6666
-4269	19.6335
-4268	19.5961
-4267	19.5577
-4266	19.5182
-4265	19.475
-4264	19.4347
-4263	19.392
-4262	19.3541
-4261	19.3189
-4260	19.2833
-4259	19.2518
-4258	19.2248
-4257	19.1958
-4256	19.172
-4255	19.1529
-4254	19.1385
-4253	19.1288
-4252	19.1263
-4251	19.1297
-4250	19.1398
-4249	19.1512
-4248	19.1651
-4247	19.1835
-4246	19.2065
-4245	19.2304
-4244	19.2567
-4243	19.2849
-4242	19.3155
-4241	19.3425
-4240	19.3719
-4239	19.3951
-4238	19.4171
-4237	19.4391
-4236	19.458
-4235	19.4741
-4234	19.4903
-4233	19.5034
-4232	19.5088
-4231	19.5162
-4230	19.5209
-4229	19.5251
-4228	19.5301
-4227	19.5375
-4226	19.5343
-4225	19.5301
-4224	19.5219
-4223	19.5107
-4222	19.495
-4221	19.4737
-4220	19.4463
-4219	19.411
-4218	19.3708
-4217	19.3189
-4216	19.2617
-4215	19.1972
-4214	19.1275
-4213	19.049
-4212	18.9647
-4211	18.8789
-4210	18.7854
-4209	18.6966
-4208	18.6101
-4207	18.5275
-4206	18.4563
-4205	18.3969
-4204	18.3457
-4203	18.3101
-4202	18.2863
-4201	18.2801
-4200	18.2867
-4199	18.3099
-4198	18.3542
-4197	18.4171
-4196	18.4934
-4195	18.5807
-4194	18.6795
-4193	18.7844
-4192	18.8906
-4191	19.0034
-4190	19.1168
-4189	19.2257
-4188	19.3282
-4187	19.424
-4186	19.5103
-4185	19.5877
-4184	19.653
-4183	19.7079
-4182	19.7515
-4181	19.7828
-4180	19.8025
-4179	19.8119
-4178	19.8144
-4177	19.8062
-4176	19.7949
-4175	19.7796
-4174	19.7602
-4173	19.7375
-4172	19.7142
-4171	19.6897
-4170	19.6685
-4169	19.6442
-4168	19.6191
-4167	19.6007
-4166	19.5844
-4165	19.5704
-4164	19.5618
-4163	19.5546
-4162	19.5508
-4161	19.5463
-4160	19.5459
-4159	19.5508
-4158	19.5576
-4157	19.569
-4156	19.5866
-4155	19.6027
-4154	19.6211
-4153	19.6449
-4152	19.6693
-4151	19.6929
-4150	19.7195
-4149	19.7461
-4148	19.7709
-4147	19.7979
-4146	19.8191
-4145	19.8378
-4144	19.8548
-4143	19.8657
-4142	19.8706
-4141	19.8734
-4140	19.8729
-4139	19.8705
-4138	19.8607
-4137	19.8504
-4136	19.8355
-4135	19.8092
-4134	19.7884
-4133	19.7656
-4132	19.7423
-4131	19.7193
-4130	19.6982
-4129	19.6789
-4128	19.6564
-4127	19.6363
-4126	19.6193
-4125	19.6069
-4124	19.5907
-4123	19.5774
-4122	19.5647
-4121	19.5513
-4120	19.5352
-4119	19.5203
-4118	19.5027
-4117	19.4875
-4116	19.4687
-4115	19.4474
-4114	19.4246
-4113	19.4005
-4112	19.3714
-4111	19.3399
-4110	19.3065
-4109	19.2707
-4108	19.2335
-4107	19.193
-4106	19.154
-4105	19.1047
-4104	19.0541
-4103	19.0031
-4102	18.9506
-4101	18.897
-4100	18.8466
-4099	18.7916
-4098	18.7373
-4097	18.6802
-4096	18.6249
-4095	18.5665
-4094	18.5154
-4093	18.4641
-4092	18.4188
-4091	18.3801
-4090	18.3392
-4089	18.3096
-4088	18.2853
-4087	18.2698
-4086	18.2612
-4085	18.2572
-4084	18.2617
-4083	18.2733
-4082	18.2879
-4081	18.3034
-4080	18.3257
-4079	18.352
-4078	18.3784
-4077	18.4014
-4076	18.4219
-4075	18.4334
-4074	18.4435
-4073	18.447
-4072	18.4473
-4071	18.4318
-4070	18.4134
-4069	18.3916
-4068	18.3624
-4067	18.3282
-4066	18.2923
-4065	18.2548
-4064	18.216
-4063	18.1794
-4062	18.1444
-4061	18.1203
-4060	18.1029
-4059	18.094
-4058	18.0927
-4057	18.1015
-4056	18.121
-4055	18.1533
-4054	18.1895
-4053	18.2367
-4052	18.2929
-4051	18.3549
-4050	18.4199
-4049	18.4896
-4048	18.56
-4047	18.632
-4046	18.7035
-4045	18.7733
-4044	18.8402
-4043	18.8991
-4042	18.957
-4041	19.0087
-4040	19.0525
-4039	19.09
-4038	19.1234
-4037	19.1568
-4036	19.1899
-4035	19.2193
-4034	19.2457
-4033	19.2763
-4032	19.3113
-4031	19.3403
-4030	19.3764
-4029	19.4185
-4028	19.4662
-4027	19.5203
-4026	19.5737
-4025	19.6354
-4024	19.6943
-4023	19.7655
-4022	19.8396
-4021	19.912
-4020	19.9884
-4019	20.066
-4018	20.1411
-4017	20.2134
-4016	20.2828
-4015	20.3485
-4014	20.4097
-4013	20.46
-4012	20.5084
-4011	20.5447
-4010	20.5714
-4009	20.5884
-4008	20.597
-4007	20.5895
-4006	20.5721
-4005	20.5451
-4004	20.5029
-4003	20.4551
-4002	20.3996
-4001	20.3315
-4000	20.2593
-3999	20.1854
-3998	20.1085
-3997	20.0293
-3996	19.9513
-3995	19.8786
-3994	19.8116
-3993	19.7492
-3992	19.6958
-3991	19.6548
-3990	19.6271
-3989	19.6083
-3988	19.6038
-3987	19.6102
-3986	19.625
-3985	19.6504
-3984	19.6851
-3983	19.7226
-3982	19.7595
-3981	19.8037
-3980	19.8501
-3979	19.8923
-3978	19.9253
-3977	19.9529
-3976	19.9719
-3975	19.9809
-3974	19.9743
-3973	19.9553
-3972	19.9251
-3971	19.8832
-3970	19.8231
-3969	19.7528
-3968	19.6726
-3967	19.579
-3966	19.4778
-3965	19.3669
-3964	19.2555
-3963	19.1393
-3962	19.0198
-3961	18.9046
-3960	18.7843
-3959	18.6743
-3958	18.5683
-3957	18.4669
-3956	18.3773
-3955	18.3012
-3954	18.2346
-3953	18.1779
-3952	18.1325
-3951	18.1021
-3950	18.0797
-3949	18.0714
-3948	18.0718
-3947	18.0819
-3946	18.1
-3945	18.1217
-3944	18.154
-3943	18.1879
-3942	18.2267
-3941	18.2691
-3940	18.3129
-3939	18.3539
-3938	18.4011
-3937	18.4442
-3936	18.4852
-3935	18.5223
-3934	18.5615
-3933	18.5957
-3932	18.6299
-3931	18.6618
-3930	18.6946
-3929	18.724
-3928	18.7517
-3927	18.7743
-3926	18.7979
-3925	18.8155
-3924	18.8377
-3923	18.8574
-3922	18.8761
-3921	18.8902
-3920	18.9093
-3919	18.9304
-3918	18.947
-3917	18.9619
-3916	18.9791
-3915	18.9993
-3914	19.0182
-3913	19.0385
-3912	19.0608
-3911	19.0855
-3910	19.1041
-3909	19.1267
-3908	19.1507
-3907	19.173
-3906	19.199
-3905	19.2246
-3904	19.2516
-3903	19.2713
-3902	19.2973
-3901	19.3199
-3900	19.3442
-3899	19.3702
-3898	19.3924
-3897	19.4159
-3896	19.4384
-3895	19.4652
-3894	19.4905
-3893	19.5144
-3892	19.536
-3891	19.5566
-3890	19.5785
-3889	19.6033
-3888	19.6262
-3887	19.6541
-3886	19.6753
-3885	19.6983
-3884	19.7196
-3883	19.7384
-3882	19.7605
-3881	19.7787
-3880	19.7984
-3879	19.8161
-3878	19.8362
-3877	19.8481
-3876	19.8641
-3875	19.8769
-3874	19.8915
-3873	19.9091
-3872	19.9252
-3871	19.9379
-3870	19.9554
-3869	19.9675
-3868	19.9824
-3867	19.9898
-3866	20.0022
-3865	20.0146
-3864	20.0284
-3863	20.0398
-3862	20.0548
-3861	20.0578
-3860	20.064
-3859	20.0672
-3858	20.0694
-3857	20.063
-3856	20.0548
-3855	20.0433
-3854	20.0313
-3853	20.0081
-3852	19.9853
-3851	19.9575
-3850	19.9253
-3849	19.8877
-3848	19.85
-3847	19.8076
-3846	19.7627
-3845	19.7136
-3844	19.6674
-3843	19.613
-3842	19.569
-3841	19.5287
-3840	19.4954
-3839	19.4629
-3838	19.4397
-3837	19.4242
-3836	19.4112
-3835	19.4133
-3834	19.4194
-3833	19.4347
-3832	19.4616
-3831	19.4923
-3830	19.5345
-3829	19.5837
-3828	19.6355
-3827	19.6928
-3826	19.7479
-3825	19.8048
-3824	19.8597
-3823	19.9101
-3822	19.9572
-3821	19.9979
-3820	20.0319
-3819	20.0551
-3818	20.0694
-3817	20.0732
-3816	20.0691
-3815	20.0552
-3814	20.0386
-3813	20.0109
-3812	19.9744
-3811	19.9352
-3810	19.8903
-3809	19.846
-3808	19.8035
-3807	19.7586
-3806	19.718
-3805	19.6725
-3804	19.6394
-3803	19.6035
-3802	19.568
-3801	19.5368
-3800	19.5074
-3799	19.4745
-3798	19.4448
-3797	19.4111
-3796	19.3746
-3795	19.3337
-3794	19.2892
-3793	19.2385
-3792	19.1825
-3791	19.1186
-3790	19.0553
-3789	18.9796
-3788	18.9046
-3787	18.828
-3786	18.7484
-3785	18.6734
-3784	18.6102
-3783	18.5467
-3782	18.4909
-3781	18.4404
-3780	18.4101
-3779	18.3836
-3778	18.3689
-3777	18.3692
-3776	18.3825
-3775	18.4088
-3774	18.4481
-3773	18.4976
-3772	18.5537
-3771	18.6202
-3770	18.6898
-3769	18.7609
-3768	18.839
-3767	18.9096
-3766	18.9822
-3765	19.0549
-3764	19.1193
-3763	19.181
-3762	19.2337
-3761	19.2811
-3760	19.3206
-3759	19.3532
-3758	19.3827
-3757	19.4046
-3756	19.4195
-3755	19.4319
-3754	19.4384
-3753	19.4377
-3752	19.4415
-3751	19.4432
-3750	19.4453
-3749	19.4501
-3748	19.4515
-3747	19.4564
-3746	19.4633
-3745	19.4675
-3744	19.4741
-3743	19.4801
-3742	19.4881
-3741	19.4936
-3740	19.5008
-3739	19.5081
-3738	19.5132
-3737	19.5193
-3736	19.5263
-3735	19.5368
-3734	19.545
-3733	19.5556
-3732	19.5684
-3731	19.5813
-3730	19.5947
-3729	19.616
-3728	19.6404
-3727	19.6723
-3726	19.7121
-3725	19.7552
-3724	19.8
-3723	19.8519
-3722	19.901
-3721	19.9592
-3720	20.018
-3719	20.076
-3718	20.1366
-3717	20.1882
-3716	20.2382
-3715	20.286
-3714	20.3266
-3713	20.3594
-3712	20.3847
-3711	20.3957
-3710	20.4093
-3709	20.4117
-3708	20.4062
-3707	20.3946
-3706	20.3817
-3705	20.3617
-3704	20.3407
-3703	20.3168
-3702	20.2917
-3701	20.2669
-3700	20.2404
-3699	20.2224
-3698	20.208
-3697	20.1978
-3696	20.1906
-3695	20.1889
-3694	20.1946
-3693	20.2022
-3692	20.207
-3691	20.2225
-3690	20.2418
-3689	20.2562
-3688	20.271
-3687	20.289
-3686	20.305
-3685	20.3181
-3684	20.3279
-3683	20.3334
-3682	20.3413
-3681	20.3408
-3680	20.3419
-3679	20.34
-3678	20.3298
-3677	20.3178
-3676	20.3077
-3675	20.2978
-3674	20.2845
-3673	20.2725
-3672	20.2611
-3671	20.2527
-3670	20.2463
-3669	20.2408
-3668	20.2442
-3667	20.2536
-3666	20.2639
-3665	20.2761
-3664	20.2926
-3663	20.3109
-3662	20.3334
-3661	20.362
-3660	20.3929
-3659	20.4257
-3658	20.4545
-3657	20.484
-3656	20.5132
-3655	20.5355
-3654	20.5574
-3653	20.5759
-3652	20.5824
-3651	20.5898
-3650	20.5931
-3649	20.5869
-3648	20.5773
-3647	20.5548
-3646	20.524
-3645	20.4878
-3644	20.4396
-3643	20.3854
-3642	20.3283
-3641	20.2658
-3640	20.1956
-3639	20.1239
-3638	20.0444
-3637	19.9719
-3636	19.8929
-3635	19.8137
-3634	19.737
-3633	19.665
-3632	19.593
-3631	19.5253
-3630	19.4672
-3629	19.4177
-3628	19.3697
-3627	19.3296
-3626	19.2957
-3625	19.2699
-3624	19.2495
-3623	19.2361
-3622	19.2296
-3621	19.225
-3620	19.2246
-3619	19.2219
-3618	19.2271
-3617	19.2277
-3616	19.2296
-3615	19.2355
-3614	19.2422
-3613	19.2417
-3612	19.242
-3611	19.2447
-3610	19.2453
-3609	19.2406
-3608	19.24
-3607	19.2393
-3606	19.24
-3605	19.2349
-3604	19.229
-3603	19.2189
-3602	19.213
-3601	19.1964
-3600	19.1784
-3599	19.1579
-3598	19.133
-3597	19.1008
-3596	19.065
-3595	19.0268
-3594	18.9839
-3593	18.9377
-3592	18.8952
-3591	18.8432
-3590	18.7942
-3589	18.7527
-3588	18.7069
-3587	18.6652
-3586	18.63
-3585	18.6022
-3584	18.5795
-3583	18.5635
-3582	18.5562
-3581	18.561
-3580	18.5704
-3579	18.5866
-3578	18.6088
-3577	18.6411
-3576	18.6762
-3575	18.7167
-3574	18.7525
-3573	18.7937
-3572	18.8406
-3571	18.8884
-3570	18.9369
-3569	18.9867
-3568	19.0363
-3567	19.0851
-3566	19.1327
-3565	19.1732
-3564	19.2164
-3563	19.2603
-3562	19.3008
-3561	19.3366
-3560	19.3734
-3559	19.4058
-3558	19.4395
-3557	19.4687
-3556	19.4973
-3555	19.5224
-3554	19.5474
-3553	19.5684
-3552	19.5889
-3551	19.6063
-3550	19.6298
-3549	19.6504
-3548	19.675
-3547	19.7044
-3546	19.7406
-3545	19.7723
-3544	19.8096
-3543	19.852
-3542	19.8976
-3541	19.9455
-3540	19.9922
-3539	20.0456
-3538	20.1017
-3537	20.1544
-3536	20.201
-3535	20.2438
-3534	20.287
-3533	20.3226
-3532	20.3508
-3531	20.3755
-3530	20.3867
-3529	20.3881
-3528	20.3876
-3527	20.3749
-3526	20.3567
-3525	20.3346
-3524	20.3057
-3523	20.2712
-3522	20.2384
-3521	20.2021
-3520	20.1686
-3519	20.1341
-3518	20.0984
-3517	20.0659
-3516	20.0401
-3515	20.0196
-3514	20.0001
-3513	19.988
-3512	19.9827
-3511	19.9825
-3510	19.9854
-3509	19.9839
-3508	19.9888
-3507	19.9952
-3506	19.9987
-3505	20.0029
-3504	20.0079
-3503	20.013
-3502	20.0184
-3501	20.017
-3500	20.0141
-3499	20.0083
-3498	20.0014
-3497	19.9911
-3496	19.9819
-3495	19.9732
-3494	19.9652
-3493	19.9532
-3492	19.9466
-3491	19.9473
-3490	19.9556
-3489	19.9629
-3488	19.98
-3487	20.0027
-3486	20.0347
-3485	20.0688
-3484	20.1097
-3483	20.1498
-3482	20.206
-3481	20.2649
-3480	20.3228
-3479	20.3876
-3478	20.4508
-3477	20.5163
-3476	20.5751
-3475	20.6321
-3474	20.6853
-3473	20.7357
-3472	20.7755
-3471	20.8049
-3470	20.8283
-3469	20.8445
-3468	20.8531
-3467	20.8572
-3466	20.8487
-3465	20.8312
-3464	20.8062
-3463	20.7709
-3462	20.731
-3461	20.6895
-3460	20.6452
-3459	20.5886
-3458	20.5331
-3457	20.4764
-3456	20.4171
-3455	20.3591
-3454	20.2994
-3453	20.2372
-3452	20.1771
-3451	20.1198
-3450	20.062
-3449	20.005
-3448	19.9472
-3447	19.8952
-3446	19.849
-3445	19.7992
-3444	19.7525
-3443	19.7154
-3442	19.6812
-3441	19.6489
-3440	19.6213
-3439	19.6
-3438	19.5833
-3437	19.5721
-3436	19.5672
-3435	19.5701
-3434	19.578
-3433	19.5874
-3432	19.6004
-3431	19.6188
-3430	19.6433
-3429	19.6626
-3428	19.6804
-3427	19.6994
-3426	19.721
-3425	19.7351
-3424	19.7493
-3423	19.7577
-3422	19.7585
-3421	19.7578
-3420	19.7543
-3419	19.7407
-3418	19.7247
-3417	19.7058
-3416	19.6797
-3415	19.6515
-3414	19.6236
-3413	19.5912
-3412	19.5566
-3411	19.5231
-3410	19.4852
-3409	19.452
-3408	19.4179
-3407	19.385
-3406	19.3518
-3405	19.318
-3404	19.2906
-3403	19.2653
-3402	19.2409
-3401	19.2214
-3400	19.2072
-3399	19.194
-3398	19.1852
-3397	19.1809
-3396	19.1851
-3395	19.1937
-3394	19.2
-3393	19.2132
-3392	19.2301
-3391	19.2513
-3390	19.2776
-3389	19.3025
-3388	19.3241
-3387	19.3548
-3386	19.3834
-3385	19.4126
-3384	19.4347
-3383	19.4578
-3382	19.4806
-3381	19.4985
-3380	19.5118
-3379	19.5212
-3378	19.5286
-3377	19.5312
-3376	19.5316
-3375	19.5342
-3374	19.5336
-3373	19.5304
-3372	19.5227
-3371	19.5146
-3370	19.5062
-3369	19.4968
-3368	19.4883
-3367	19.4747
-3366	19.4607
-3365	19.4421
-3364	19.4217
-3363	19.3976
-3362	19.3721
-3361	19.341
-3360	19.3063
-3359	19.2677
-3358	19.2204
-3357	19.173
-3356	19.1179
-3355	19.0587
-3354	18.9985
-3353	18.9336
-3352	18.8685
-3351	18.802
-3350	18.7354
-3349	18.6746
-3348	18.6124
-3347	18.5576
-3346	18.5016
-3345	18.4555
-3344	18.4184
-3343	18.3891
-3342	18.3698
-3341	18.3584
-3340	18.3575
-3339	18.3675
-3338	18.3878
-3337	18.4202
-3336	18.4622
-3335	18.5128
-3334	18.5738
-3333	18.6414
-3332	18.7149
-3331	18.798
-3330	18.8813
-3329	18.9691
-3328	19.0576
-3327	19.1473
-3326	19.2367
-3325	19.3285
-3324	19.4097
-3323	19.4905
-3322	19.5658
-3321	19.6385
-3320	19.7043
-3319	19.7627
-3318	19.8174
-3317	19.8682
-3316	19.9137
-3315	19.9549
-3314	19.991
-3313	20.0183
-3312	20.0388
-3311	20.0526
-3310	20.0658
-3309	20.0707
-3308	20.0687
-3307	20.0621
-3306	20.045
-3305	20.0202
-3304	19.9915
-3303	19.9488
-3302	19.9041
-3301	19.8492
-3300	19.7897
-3299	19.7243
-3298	19.6517
-3297	19.5813
-3296	19.5135
-3295	19.4438
-3294	19.3733
-3293	19.3111
-3292	19.2557
-3291	19.209
-3290	19.1748
-3289	19.1499
-3288	19.1351
-3287	19.1372
-3286	19.1532
-3285	19.1864
-3284	19.2267
-3283	19.2821
-3282	19.3489
-3281	19.4243
-3280	19.5058
-3279	19.5959
-3278	19.6896
-3277	19.7806
-3276	19.8736
-3275	19.9615
-3274	20.0406
-3273	20.1132
-3272	20.1748
-3271	20.2234
-3270	20.2584
-3269	20.2801
-3268	20.2887
-3267	20.2863
-3266	20.2645
-3265	20.2312
-3264	20.1826
-3263	20.1265
-3262	20.0615
-3261	19.99
-3260	19.9153
-3259	19.8393
-3258	19.7585
-3257	19.685
-3256	19.6174
-3255	19.5503
-3254	19.497
-3253	19.4515
-3252	19.4175
-3251	19.3976
-3250	19.3899
-3249	19.3917
-3248	19.4038
-3247	19.4244
-3246	19.4535
-3245	19.4904
-3244	19.5307
-3243	19.5759
-3242	19.6226
-3241	19.6678
-3240	19.7159
-3239	19.7543
-3238	19.7906
-3237	19.8156
-3236	19.8402
-3235	19.8591
-3234	19.8675
-3233	19.8714
-3232	19.87
-3231	19.8647
-3230	19.8544
-3229	19.8384
-3228	19.8201
-3227	19.8009
-3226	19.7813
-3225	19.7676
-3224	19.7536
-3223	19.7419
-3222	19.7348
-3221	19.7339
-3220	19.7333
-3219	19.7321
-3218	19.7331
-3217	19.7388
-3216	19.7429
-3215	19.7475
-3214	19.7566
-3213	19.7584
-3212	19.7556
-3211	19.7498
-3210	19.7378
-3209	19.7207
-3208	19.6935
-3207	19.6602
-3206	19.618
-3205	19.566
-3204	19.5056
-3203	19.4427
-3202	19.3713
-3201	19.2975
-3200	19.2218
-3199	19.1451
-3198	19.0695
-3197	18.9992
-3196	18.9347
-3195	18.8822
-3194	18.8359
-3193	18.8013
-3192	18.7821
-3191	18.768
-3190	18.7725
-3189	18.7915
-3188	18.826
-3187	18.8761
-3186	18.9387
-3185	19.0111
-3184	19.0944
-3183	19.1861
-3182	19.2817
-3181	19.3835
-3180	19.4833
-3179	19.5856
-3178	19.6861
-3177	19.7845
-3176	19.8768
-3175	19.9609
-3174	20.0418
-3173	20.1085
-3172	20.169
-3171	20.2213
-3170	20.2661
-3169	20.3063
-3168	20.3381
-3167	20.3649
-3166	20.3899
-3165	20.4126
-3164	20.4292
-3163	20.4417
-3162	20.4553
-3161	20.468
-3160	20.4824
-3159	20.4994
-3158	20.5227
-3157	20.5502
-3156	20.5808
-3155	20.616
-3154	20.6553
-3153	20.6965
-3152	20.7403
-3151	20.7843
-3150	20.8307
-3149	20.8796
-3148	20.9287
-3147	20.9746
-3146	21.0164
-3145	21.0597
-3144	21.0975
-3143	21.1274
-3142	21.1515
-3141	21.1656
-3140	21.1745
-3139	21.1755
-3138	21.1695
-3137	21.152
-3136	21.1268
-3135	21.0954
-3134	21.0555
-3133	21.0094
-3132	20.9566
-3131	20.8945
-3130	20.8325
-3129	20.7668
-3128	20.699
-3127	20.6271
-3126	20.5554
-3125	20.4828
-3124	20.4114
-3123	20.3429
-3122	20.281
-3121	20.2216
-3120	20.1674
-3119	20.1177
-3118	20.0719
-3117	20.0293
-3116	19.9933
-3115	19.9641
-3114	19.9394
-3113	19.9241
-3112	19.9142
-3111	19.9049
-3110	19.901
-3109	19.903
-3108	19.9089
-3107	19.9163
-3106	19.9244
-3105	19.9366
-3104	19.9506
-3103	19.9669
-3102	19.9839
-3101	19.998
-3100	20.0173
-3099	20.0307
-3098	20.0453
-3097	20.0601
-3096	20.071
-3095	20.0802
-3094	20.0906
-3093	20.1005
-3092	20.106
-3091	20.1082
-3090	20.1157
-3089	20.1199
-3088	20.1258
-3087	20.1319
-3086	20.1382
-3085	20.1454
-3084	20.1551
-3083	20.1634
-3082	20.1704
-3081	20.1828
-3080	20.1978
-3079	20.2141
-3078	20.2302
-3077	20.2454
-3076	20.2599
-3075	20.273
-3074	20.2856
-3073	20.2949
-3072	20.2994
-3071	20.3002
-3070	20.2983
-3069	20.2886
-3068	20.2786
-3067	20.2583
-3066	20.2327
-3065	20.2041
-3064	20.1728
-3063	20.1362
-3062	20.0996
-3061	20.0636
-3060	20.0299
-3059	19.9953
-3058	19.9677
-3057	19.9446
-3056	19.9287
-3055	19.9205
-3054	19.9247
-3053	19.9278
-3052	19.9411
-3051	19.9612
-3050	19.9845
-3049	20.0151
-3048	20.0537
-3047	20.0935
-3046	20.1303
-3045	20.1672
-3044	20.2029
-3043	20.2348
-3042	20.2585
-3041	20.2779
-3040	20.2919
-3039	20.2996
-3038	20.3043
-3037	20.2983
-3036	20.2868
-3035	20.2673
-3034	20.2408
-3033	20.2127
-3032	20.182
-3031	20.1479
-3030	20.1129
-3029	20.0807
-3028	20.0511
-3027	20.0222
-3026	19.9993
-3025	19.9802
-3024	19.9639
-3023	19.9596
-3022	19.9633
-3021	19.9745
-3020	19.9981
-3019	20.0312
-3018	20.0677
-3017	20.1147
-3016	20.168
-3015	20.2327
-3014	20.3002
-3013	20.3775
-3012	20.457
-3011	20.542
-3010	20.6288
-3009	20.7165
-3008	20.802
-3007	20.8764
-3006	20.9544
-3005	21.0172
-3004	21.0779
-3003	21.1308
-3002	21.1692
-3001	21.1916
-3000	21.2062
-2999	21.209
-2998	21.1986
-2997	21.1745
-2996	21.1447
-2995	21.1017
-2994	21.0545
-2993	20.9978
-2992	20.9392
-2991	20.8757
-2990	20.8153
-2989	20.7501
-2988	20.6927
-2987	20.639
-2986	20.5926
-2985	20.5546
-2984	20.524
-2983	20.506
-2982	20.4985
-2981	20.5025
-2980	20.5156
-2979	20.5417
-2978	20.5745
-2977	20.6147
-2976	20.6619
-2975	20.7157
-2974	20.775
-2973	20.8368
-2972	20.9
-2971	20.9638
-2970	21.0223
-2969	21.0784
-2968	21.134
-2967	21.187
-2966	21.2359
-2965	21.2762
-2964	21.3071
-2963	21.3401
-2962	21.3683
-2961	21.3951
-2960	21.4152
-2959	21.4337
-2958	21.4505
-2957	21.4646
-2956	21.4765
-2955	21.4883
-2954	21.4963
-2953	21.5015
-2952	21.503
-2951	21.5018
-2950	21.4938
-2949	21.4816
-2948	21.4607
-2947	21.4349
-2946	21.4005
-2945	21.3608
-2944	21.3155
-2943	21.2577
-2942	21.1977
-2941	21.1251
-2940	21.046
-2939	20.9633
-2938	20.8795
-2937	20.7877
-2936	20.6922
-2935	20.5947
-2934	20.4984
-2933	20.4
-2932	20.3028
-2931	20.2046
-2930	20.1143
-2929	20.0226
-2928	19.9363
-2927	19.8535
-2926	19.7785
-2925	19.7034
-2924	19.6345
-2923	19.5728
-2922	19.5192
-2921	19.4714
-2920	19.4316
-2919	19.3983
-2918	19.3707
-2917	19.3565
-2916	19.3498
-2915	19.3467
-2914	19.3506
-2913	19.3642
-2912	19.381
-2911	19.4034
-2910	19.4296
-2909	19.4603
-2908	19.4912
-2907	19.5243
-2906	19.5542
-2905	19.5782
-2904	19.6018
-2903	19.6236
-2902	19.6474
-2901	19.668
-2900	19.6791
-2899	19.6901
-2898	19.701
-2897	19.7077
-2896	19.7183
-2895	19.7261
-2894	19.7417
-2893	19.7605
-2892	19.7852
-2891	19.8092
-2890	19.843
-2889	19.879
-2888	19.9204
-2887	19.9642
-2886	20.0089
-2885	20.0587
-2884	20.1079
-2883	20.1558
-2882	20.1954
-2881	20.2357
-2880	20.2672
-2879	20.2913
-2878	20.305
-2877	20.3075
-2876	20.3004
-2875	20.2804
-2874	20.2436
-2873	20.1982
-2872	20.1441
-2871	20.0805
-2870	20.0068
-2869	19.9232
-2868	19.8396
-2867	19.7495
-2866	19.6579
-2865	19.5696
-2864	19.4814
-2863	19.3945
-2862	19.3164
-2861	19.2457
-2860	19.1806
-2859	19.1232
-2858	19.0723
-2857	19.0326
-2856	19.0003
-2855	18.9805
-2854	18.9618
-2853	18.9545
-2852	18.9569
-2851	18.9682
-2850	18.9813
-2849	19.003
-2848	19.0287
-2847	19.0578
-2846	19.0915
-2845	19.13
-2844	19.1696
-2843	19.2098
-2842	19.2569
-2841	19.3044
-2840	19.3489
-2839	19.3985
-2838	19.4488
-2837	19.4945
-2836	19.5424
-2835	19.5878
-2834	19.6344
-2833	19.677
-2832	19.7247
-2831	19.7664
-2830	19.8068
-2829	19.8472
-2828	19.8907
-2827	19.9254
-2826	19.9614
-2825	19.9945
-2824	20.0217
-2823	20.051
-2822	20.0727
-2821	20.0902
-2820	20.103
-2819	20.1115
-2818	20.1107
-2817	20.1052
-2816	20.096
-2815	20.0827
-2814	20.0665
-2813	20.0462
-2812	20.0217
-2811	20.0001
-2810	19.9721
-2809	19.946
-2808	19.9207
-2807	19.8974
-2806	19.8786
-2805	19.8623
-2804	19.8544
-2803	19.851
-2802	19.851
-2801	19.8604
-2800	19.8792
-2799	19.8999
-2798	19.9243
-2797	19.957
-2796	19.995
-2795	20.0462
-2794	20.0942
-2793	20.1505
-2792	20.2077
-2791	20.2746
-2790	20.3318
-2789	20.4051
-2788	20.4785
-2787	20.5534
-2786	20.6345
-2785	20.7176
-2784	20.8055
-2783	20.8961
-2782	20.9887
-2781	21.0794
-2780	21.1744
-2779	21.2638
-2778	21.3527
-2777	21.4423
-2776	21.5231
-2775	21.6001
-2774	21.675
-2773	21.7372
-2772	21.7904
-2771	21.8304
-2770	21.8543
-2769	21.8633
-2768	21.8565
-2767	21.8364
-2766	21.7968
-2765	21.7361
-2764	21.666
-2763	21.5743
-2762	21.4699
-2761	21.3559
-2760	21.2256
-2759	21.0791
-2758	20.9284
-2757	20.7721
-2756	20.6115
-2755	20.4509
-2754	20.2911
-2753	20.1339
-2752	19.983
-2751	19.8379
-2750	19.7016
-2749	19.5789
-2748	19.4671
-2747	19.3702
-2746	19.2831
-2745	19.2135
-2744	19.1597
-2743	19.118
-2742	19.0878
-2741	19.0714
-2740	19.0736
-2739	19.0898
-2738	19.1179
-2737	19.1618
-2736	19.2169
-2735	19.2855
-2734	19.3632
-2733	19.4536
-2732	19.5487
-2731	19.6605
-2730	19.7773
-2729	19.9039
-2728	20.0313
-2727	20.1652
-2726	20.2926
-2725	20.4246
-2724	20.559
-2723	20.686
-2722	20.8085
-2721	20.9248
-2720	21.0328
-2719	21.1313
-2718	21.223
-2717	21.2999
-2716	21.3689
-2715	21.4225
-2714	21.4621
-2713	21.4895
-2712	21.5023
-2711	21.5102
-2710	21.5094
-2709	21.4972
-2708	21.4802
-2707	21.4583
-2706	21.4277
-2705	21.3905
-2704	21.3481
-2703	21.3017
-2702	21.2567
-2701	21.2057
-2700	21.1564
-2699	21.1063
-2698	21.0557
-2697	21.0101
-2696	20.9696
-2695	20.9315
-2694	20.896
-2693	20.864
-2692	20.8395
-2691	20.8208
-2690	20.8094
-2689	20.8074
-2688	20.8153
-2687	20.8317
-2686	20.8583
-2685	20.8917
-2684	20.9342
-2683	20.9871
-2682	21.046
-2681	21.1141
-2680	21.1881
-2679	21.2686
-2678	21.3507
-2677	21.4347
-2676	21.5176
-2675	21.5942
-2674	21.6698
-2673	21.7457
-2672	21.809
-2671	21.8637
-2670	21.9099
-2669	21.9486
-2668	21.9704
-2667	21.9802
-2666	21.9735
-2665	21.9579
-2664	21.9307
-2663	21.886
-2662	21.8276
-2661	21.7521
-2660	21.6665
-2659	21.571
-2658	21.4641
-2657	21.3483
-2656	21.2253
-2655	21.0971
-2654	20.9615
-2653	20.8195
-2652	20.6775
-2651	20.5331
-2650	20.3892
-2649	20.2464
-2648	20.098
-2647	19.9518
-2646	19.8154
-2645	19.6799
-2644	19.5471
-2643	19.4245
-2642	19.307
-2641	19.1967
-2640	19.0975
-2639	19.0021
-2638	18.9141
-2637	18.8327
-2636	18.7614
-2635	18.6961
-2634	18.6374
-2633	18.5906
-2632	18.5472
-2631	18.5155
-2630	18.4898
-2629	18.4682
-2628	18.4555
-2627	18.4519
-2626	18.456
-2625	18.4703
-2624	18.4952
-2623	18.5263
-2622	18.5651
-2621	18.6199
-2620	18.6826
-2619	18.7516
-2618	18.8332
-2617	18.9266
-2616	19.0228
-2615	19.1291
-2614	19.2392
-2613	19.3538
-2612	19.4738
-2611	19.5845
-2610	19.693
-2609	19.8014
-2608	19.8991
-2607	19.9858
-2606	20.0624
-2605	20.1241
-2604	20.1734
-2603	20.2052
-2602	20.221
-2601	20.2222
-2600	20.2053
-2599	20.1736
-2598	20.1265
-2597	20.0679
-2596	19.9958
-2595	19.9093
-2594	19.8193
-2593	19.7231
-2592	19.6192
-2591	19.516
-2590	19.4087
-2589	19.3029
-2588	19.2009
-2587	19.0997
-2586	19.0036
-2585	18.9127
-2584	18.8264
-2583	18.7452
-2582	18.6713
-2581	18.6107
-2580	18.5566
-2579	18.5132
-2578	18.476
-2577	18.4463
-2576	18.4267
-2575	18.4134
-2574	18.4088
-2573	18.4158
-2572	18.432
-2571	18.4495
-2570	18.4742
-2569	18.5064
-2568	18.5434
-2567	18.5847
-2566	18.6286
-2565	18.6745
-2564	18.7163
-2563	18.7591
-2562	18.8013
-2561	18.8395
-2560	18.8791
-2559	18.9153
-2558	18.9435
-2557	18.9705
-2556	18.9968
-2555	19.0131
-2554	19.0279
-2553	19.0428
-2552	19.0525
-2551	19.0618
-2550	19.0655
-2549	19.066
-2548	19.0631
-2547	19.0604
-2546	19.0561
-2545	19.0461
-2544	19.0355
-2543	19.0215
-2542	19.0067
-2541	18.9909
-2540	18.9745
-2539	18.9565
-2538	18.9368
-2537	18.9163
-2536	18.8966
-2535	18.8784
-2534	18.8584
-2533	18.8417
-2532	18.8329
-2531	18.8205
-2530	18.8133
-2529	18.8138
-2528	18.8153
-2527	18.8239
-2526	18.8335
-2525	18.8434
-2524	18.8631
-2523	18.8853
-2522	18.9127
-2521	18.9421
-2520	18.9672
-2519	18.9981
-2518	19.0258
-2517	19.0523
-2516	19.0806
-2515	19.1079
-2514	19.1342
-2513	19.158
-2512	19.1763
-2511	19.1955
-2510	19.2084
-2509	19.2216
-2508	19.2367
-2507	19.2498
-2506	19.2584
-2505	19.2646
-2504	19.2719
-2503	19.2771
-2502	19.2839
-2501	19.2906
-2500	19.2971
-2499	19.2989
-2498	19.3056
-2497	19.311
-2496	19.3173
-2495	19.3229
-2494	19.3306
-2493	19.3382
-2492	19.3466
-2491	19.3574
-2490	19.3677
-2489	19.3761
-2488	19.3927
-2487	19.4171
-2486	19.4439
-2485	19.4747
-2484	19.5041
-2483	19.5389
-2482	19.5809
-2481	19.6248
-2480	19.6721
-2479	19.7201
-2478	19.7737
-2477	19.8291
-2476	19.883
-2475	19.9353
-2474	19.9888
-2473	20.0365
-2472	20.0814
-2471	20.1199
-2470	20.1512
-2469	20.1738
-2468	20.1873
-2467	20.1895
-2466	20.184
-2465	20.1678
-2464	20.1414
-2463	20.1058
-2462	20.0638
-2461	20.0075
-2460	19.9444
-2459	19.8717
-2458	19.7966
-2457	19.7162
-2456	19.6315
-2455	19.5454
-2454	19.4588
-2453	19.368
-2452	19.2813
-2451	19.1967
-2450	19.1163
-2449	19.0441
-2448	18.9715
-2447	18.9064
-2446	18.8475
-2445	18.7937
-2444	18.745
-2443	18.7046
-2442	18.6718
-2441	18.6442
-2440	18.6198
-2439	18.5993
-2438	18.5833
-2437	18.5676
-2436	18.5552
-2435	18.5408
-2434	18.5256
-2433	18.5116
-2432	18.4965
-2431	18.4801
-2430	18.4596
-2429	18.4456
-2428	18.4274
-2427	18.4123
-2426	18.4031
-2425	18.3893
-2424	18.3766
-2423	18.3742
-2422	18.3812
-2421	18.3946
-2420	18.4173
-2419	18.4494
-2418	18.4893
-2417	18.5411
-2416	18.6047
-2415	18.6691
-2414	18.7362
-2413	18.8154
-2412	18.8985
-2411	18.9802
-2410	19.0641
-2409	19.148
-2408	19.2231
-2407	19.2937
-2406	19.3599
-2405	19.4214
-2404	19.4786
-2403	19.5232
-2402	19.5582
-2401	19.584
-2400	19.6097
-2399	19.6256
-2398	19.637
-2397	19.6445
-2396	19.647
-2395	19.6466
-2394	19.6484
-2393	19.643
-2392	19.638
-2391	19.6325
-2390	19.6288
-2389	19.622
-2388	19.6124
-2387	19.6034
-2386	19.5908
-2385	19.5788
-2384	19.5631
-2383	19.546
-2382	19.5257
-2381	19.5099
-2380	19.4931
-2379	19.4768
-2378	19.4616
-2377	19.452
-2376	19.4441
-2375	19.4442
-2374	19.4499
-2373	19.4649
-2372	19.4813
-2371	19.5098
-2370	19.5478
-2369	19.588
-2368	19.6407
-2367	19.7006
-2366	19.7622
-2365	19.8293
-2364	19.9015
-2363	19.9721
-2362	20.0456
-2361	20.1254
-2360	20.1979
-2359	20.2684
-2358	20.3382
-2357	20.4004
-2356	20.4589
-2355	20.5166
-2354	20.5698
-2353	20.6158
-2352	20.6592
-2351	20.7052
-2350	20.7412
-2349	20.7759
-2348	20.8112
-2347	20.8414
-2346	20.8656
-2345	20.8886
-2344	20.9111
-2343	20.9255
-2342	20.9376
-2341	20.9442
-2340	20.9486
-2339	20.9487
-2338	20.9409
-2337	20.9222
-2336	20.9001
-2335	20.868
-2334	20.8275
-2333	20.7854
-2332	20.7361
-2331	20.6814
-2330	20.6246
-2329	20.5613
-2328	20.4984
-2327	20.4351
-2326	20.3688
-2325	20.3126
-2324	20.256
-2323	20.2075
-2322	20.1641
-2321	20.1261
-2320	20.0975
-2319	20.073
-2318	20.0509
-2317	20.0372
-2316	20.03
-2315	20.0282
-2314	20.0283
-2313	20.03
-2312	20.0301
-2311	20.0286
-2310	20.024
-2309	20.0211
-2308	20.0083
-2307	19.9878
-2306	19.9627
-2305	19.924
-2304	19.8799
-2303	19.8248
-2302	19.7654
-2301	19.6963
-2300	19.625
-2299	19.5463
-2298	19.4584
-2297	19.371
-2296	19.2832
-2295	19.1915
-2294	19.0999
-2293	19.0125
-2292	18.9226
-2291	18.8349
-2290	18.7558
-2289	18.6804
-2288	18.6042
-2287	18.5358
-2286	18.4741
-2285	18.4144
-2284	18.3652
-2283	18.3235
-2282	18.2902
-2281	18.2579
-2280	18.2305
-2279	18.2117
-2278	18.201
-2277	18.1975
-2276	18.1997
-2275	18.2117
-2274	18.2291
-2273	18.2485
-2272	18.2832
-2271	18.3185
-2270	18.3603
-2269	18.4091
-2268	18.458
-2267	18.5122
-2266	18.5793
-2265	18.649
-2264	18.7221
-2263	18.7979
-2262	18.8676
-2261	18.9444
-2260	19.0181
-2259	19.094
-2258	19.1699
-2257	19.2392
-2256	19.3101
-2255	19.3752
-2254	19.4316
-2253	19.4831
-2252	19.5291
-2251	19.5652
-2250	19.5952
-2249	19.6164
-2248	19.6348
-2247	19.6431
-2246	19.6424
-2245	19.6412
-2244	19.6381
-2243	19.6328
-2242	19.6273
-2241	19.619
-2240	19.6155
-2239	19.6118
-2238	19.6167
-2237	19.6278
-2236	19.6469
-2235	19.6733
-2234	19.7084
-2233	19.753
-2232	19.8042
-2231	19.8702
-2230	19.9398
-2229	20.0187
-2228	20.1003
-2227	20.1881
-2226	20.279
-2225	20.3755
-2224	20.4672
-2223	20.5603
-2222	20.6537
-2221	20.7356
-2220	20.8161
-2219	20.8918
-2218	20.9605
-2217	21.0262
-2216	21.0784
-2215	21.1203
-2214	21.1553
-2213	21.1852
-2212	21.2069
-2211	21.2159
-2210	21.2202
-2209	21.2139
-2208	21.2075
-2207	21.1861
-2206	21.1658
-2205	21.144
-2204	21.1164
-2203	21.0829
-2202	21.0462
-2201	21.0116
-2200	20.9782
-2199	20.9439
-2198	20.9048
-2197	20.8665
-2196	20.8283
-2195	20.7858
-2194	20.7449
-2193	20.6953
-2192	20.6408
-2191	20.5875
-2190	20.5293
-2189	20.4654
-2188	20.4022
-2187	20.3328
-2186	20.2595
-2185	20.1826
-2184	20.1073
-2183	20.0336
-2182	19.9563
-2181	19.8817
-2180	19.8051
-2179	19.7372
-2178	19.6752
-2177	19.6114
-2176	19.5532
-2175	19.4986
-2174	19.444
-2173	19.3891
-2172	19.3441
-2171	19.3015
-2170	19.2591
-2169	19.2234
-2168	19.1859
-2167	19.1505
-2166	19.1154
-2165	19.0854
-2164	19.0542
-2163	19.0301
-2162	19.0046
-2161	18.9909
-2160	18.9778
-2159	18.9733
-2158	18.9784
-2157	18.9924
-2156	19.012
-2155	19.0439
-2154	19.0841
-2153	19.1352
-2152	19.1938
-2151	19.258
-2150	19.3293
-2149	19.4032
-2148	19.4826
-2147	19.5614
-2146	19.6393
-2145	19.7149
-2144	19.7868
-2143	19.8456
-2142	19.8971
-2141	19.9433
-2140	19.9758
-2139	19.9986
-2138	20.0118
-2137	20.0124
-2136	20.0027
-2135	19.9833
-2134	19.9531
-2133	19.9104
-2132	19.8669
-2131	19.815
-2130	19.7586
-2129	19.7011
-2128	19.6387
-2127	19.5769
-2126	19.5182
-2125	19.4555
-2124	19.4049
-2123	19.3576
-2122	19.3132
-2121	19.2698
-2120	19.2338
-2119	19.206
-2118	19.1807
-2117	19.1626
-2116	19.1459
-2115	19.1329
-2114	19.1263
-2113	19.1155
-2112	19.1107
-2111	19.1087
-2110	19.1094
-2109	19.1049
-2108	19.0953
-2107	19.0916
-2106	19.089
-2105	19.0815
-2104	19.0791
-2103	19.0797
-2102	19.0831
-2101	19.0883
-2100	19.0914
-2099	19.1037
-2098	19.1138
-2097	19.1317
-2096	19.152
-2095	19.1767
-2094	19.2008
-2093	19.2294
-2092	19.259
-2091	19.289
-2090	19.317
-2089	19.3447
-2088	19.3701
-2087	19.3921
-2086	19.4107
-2085	19.4294
-2084	19.4433
-2083	19.448
-2082	19.4524
-2081	19.4546
-2080	19.4527
-2079	19.4491
-2078	19.4419
-2077	19.4362
-2076	19.4331
-2075	19.4251
-2074	19.4223
-2073	19.4268
-2072	19.4309
-2071	19.4452
-2070	19.4689
-2069	19.4946
-2068	19.53
-2067	19.5744
-2066	19.6212
-2065	19.6727
-2064	19.73
-2063	19.7899
-2062	19.8542
-2061	19.9151
-2060	19.981
-2059	20.0438
-2058	20.1074
-2057	20.1614
-2056	20.215
-2055	20.2654
-2054	20.3086
-2053	20.3418
-2052	20.3722
-2051	20.3965
-2050	20.4171
-2049	20.4264
-2048	20.4323
-2047	20.4318
-2046	20.4271
-2045	20.4222
-2044	20.4094
-2043	20.3946
-2042	20.3853
-2041	20.3656
-2040	20.3457
-2039	20.327
-2038	20.3103
-2037	20.2944
-2036	20.2791
-2035	20.2607
-2034	20.2447
-2033	20.2292
-2032	20.2164
-2031	20.2032
-2030	20.1872
-2029	20.1745
-2028	20.1601
-2027	20.1515
-2026	20.1449
-2025	20.1374
-2024	20.1293
-2023	20.1214
-2022	20.1095
-2021	20.1003
-2020	20.0911
-2019	20.0751
-2018	20.057
-2017	20.0408
-2016	20.0238
-2015	20.0017
-2014	19.9762
-2013	19.9479
-2012	19.9174
-2011	19.8832
-2010	19.8478
-2009	19.8177
-2008	19.7833
-2007	19.7489
-2006	19.7196
-2005	19.6928
-2004	19.6702
-2003	19.6555
-2002	19.6471
-2001	19.6391
-2000	19.6369
-1999	19.6457
-1998	19.6572
-1997	19.6715
-1996	19.6955
-1995	19.7188
-1994	19.7498
-1993	19.78
-1992	19.8155
-1991	19.8556
-1990	19.893
-1989	19.9342
-1988	19.9784
-1987	20.0271
-1986	20.076
-1985	20.1261
-1984	20.1829
-1983	20.2381
-1982	20.2973
-1981	20.357
-1980	20.4164
-1979	20.4757
-1978	20.538
-1977	20.5927
-1976	20.6429
-1975	20.6881
-1974	20.7289
-1973	20.7609
-1972	20.7884
-1971	20.8032
-1970	20.8075
-1969	20.8014
-1968	20.7815
-1967	20.7576
-1966	20.7194
-1965	20.6738
-1964	20.6159
-1963	20.5516
-1962	20.4842
-1961	20.406
-1960	20.3288
-1959	20.2477
-1958	20.1688
-1957	20.089
-1956	20.0145
-1955	19.9449
-1954	19.8765
-1953	19.8114
-1952	19.7561
-1951	19.7062
-1950	19.6645
-1949	19.6308
-1948	19.6035
-1947	19.5788
-1946	19.5608
-1945	19.5502
-1944	19.5449
-1943	19.5439
-1942	19.5449
-1941	19.5549
-1940	19.5669
-1939	19.5787
-1938	19.5973
-1937	19.6189
-1936	19.6378
-1935	19.6598
-1934	19.6849
-1933	19.7078
-1932	19.7365
-1931	19.7645
-1930	19.7894
-1929	19.8098
-1928	19.8358
-1927	19.8638
-1926	19.8878
-1925	19.9114
-1924	19.9364
-1923	19.9616
-1922	19.9898
-1921	20.0159
-1920	20.0436
-1919	20.0708
-1918	20.0941
-1917	20.1234
-1916	20.1527
-1915	20.1833
-1914	20.2167
-1913	20.2481
-1912	20.2758
-1911	20.3049
-1910	20.332
-1909	20.3599
-1908	20.3852
-1907	20.4082
-1906	20.4295
-1905	20.4502
-1904	20.4638
-1903	20.4723
-1902	20.4759
-1901	20.4789
-1900	20.4732
-1899	20.4584
-1898	20.4472
-1897	20.4248
-1896	20.3997
-1895	20.3639
-1894	20.3261
-1893	20.2809
-1892	20.2287
-1891	20.1717
-1890	20.1093
-1889	20.0406
-1888	19.9674
-1887	19.8856
-1886	19.8039
-1885	19.7148
-1884	19.6256
-1883	19.5336
-1882	19.4404
-1881	19.3477
-1880	19.2582
-1879	19.1724
-1878	19.0825
-1877	18.9943
-1876	18.9201
-1875	18.8501
-1874	18.7893
-1873	18.7374
-1872	18.6952
-1871	18.6627
-1870	18.6399
-1869	18.6303
-1868	18.633
-1867	18.6461
-1866	18.6721
-1865	18.7044
-1864	18.7457
-1863	18.7956
-1862	18.8507
-1861	18.9164
-1860	18.9894
-1859	19.0632
-1858	19.143
-1857	19.2262
-1856	19.3127
-1855	19.4039
-1854	19.4898
-1853	19.5728
-1852	19.6541
-1851	19.7369
-1850	19.8164
-1849	19.8913
-1848	19.9586
-1847	20.0181
-1846	20.0684
-1845	20.1126
-1844	20.1485
-1843	20.1751
-1842	20.1909
-1841	20.1982
-1840	20.1976
-1839	20.1855
-1838	20.1601
-1837	20.1283
-1836	20.0914
-1835	20.0441
-1834	19.9906
-1833	19.9299
-1832	19.868
-1831	19.8039
-1830	19.7413
-1829	19.6811
-1828	19.6219
-1827	19.5688
-1826	19.5167
-1825	19.4743
-1824	19.4454
-1823	19.4213
-1822	19.4039
-1821	19.3972
-1820	19.4031
-1819	19.413
-1818	19.4348
-1817	19.4602
-1816	19.4972
-1815	19.5431
-1814	19.5945
-1813	19.6445
-1812	19.6943
-1811	19.7417
-1810	19.7892
-1809	19.8308
-1808	19.8654
-1807	19.9031
-1806	19.9315
-1805	19.9522
-1804	19.9667
-1803	19.9771
-1802	19.9783
-1801	19.9727
-1800	19.9599
-1799	19.948
-1798	19.9303
-1797	19.9117
-1796	19.8917
-1795	19.8698
-1794	19.8505
-1793	19.8294
-1792	19.8099
-1791	19.7873
-1790	19.7719
-1789	19.7565
-1788	19.7388
-1787	19.724
-1786	19.712
-1785	19.6959
-1784	19.6829
-1783	19.6683
-1782	19.6521
-1781	19.6352
-1780	19.6163
-1779	19.5986
-1778	19.5803
-1777	19.5611
-1776	19.5441
-1775	19.5288
-1774	19.518
-1773	19.5086
-1772	19.5012
-1771	19.5032
-1770	19.5059
-1769	19.5172
-1768	19.5347
-1767	19.5597
-1766	19.5936
-1765	19.6353
-1764	19.6832
-1763	19.7412
-1762	19.7998
-1761	19.8559
-1760	19.9214
-1759	19.9922
-1758	20.0618
-1757	20.1283
-1756	20.1941
-1755	20.2548
-1754	20.313
-1753	20.3611
-1752	20.4022
-1751	20.4328
-1750	20.4572
-1749	20.4732
-1748	20.4795
-1747	20.4762
-1746	20.4647
-1745	20.4463
-1744	20.4146
-1743	20.3791
-1742	20.3381
-1741	20.2906
-1740	20.2436
-1739	20.1924
-1738	20.1453
-1737	20.0991
-1736	20.045
-1735	19.9974
-1734	19.9537
-1733	19.913
-1732	19.879
-1731	19.8447
-1730	19.8107
-1729	19.7839
-1728	19.7624
-1727	19.7355
-1726	19.711
-1725	19.6872
-1724	19.6607
-1723	19.6298
-1722	19.6025
-1721	19.5702
-1720	19.5367
-1719	19.4998
-1718	19.4605
-1717	19.4143
-1716	19.3705
-1715	19.3236
-1714	19.2796
-1713	19.235
-1712	19.1921
-1711	19.1512
-1710	19.1092
-1709	19.0801
-1708	19.0536
-1707	19.0388
-1706	19.0226
-1705	19.0136
-1704	19.017
-1703	19.0279
-1702	19.0507
-1701	19.0818
-1700	19.1182
-1699	19.166
-1698	19.2216
-1697	19.2746
-1696	19.3372
-1695	19.4016
-1694	19.4692
-1693	19.5381
-1692	19.6057
-1691	19.6701
-1690	19.73
-1689	19.7877
-1688	19.8423
-1687	19.8854
-1686	19.9235
-1685	19.9536
-1684	19.9693
-1683	19.9799
-1682	19.9818
-1681	19.9716
-1680	19.9526
-1679	19.929
-1678	19.8976
-1677	19.8576
-1676	19.8187
-1675	19.773
-1674	19.7228
-1673	19.6794
-1672	19.6279
-1671	19.582
-1670	19.5413
-1669	19.5012
-1668	19.4659
-1667	19.4368
-1666	19.4104
-1665	19.3889
-1664	19.3704
-1663	19.3558
-1662	19.3429
-1661	19.3317
-1660	19.3234
-1659	19.3097
-1658	19.2968
-1657	19.2811
-1656	19.262
-1655	19.243
-1654	19.2245
-1653	19.1962
-1652	19.1685
-1651	19.1378
-1650	19.1094
-1649	19.077
-1648	19.051
-1647	19.0334
-1646	19.0113
-1645	18.9966
-1644	18.9894
-1643	18.9894
-1642	18.997
-1641	19.0087
-1640	19.0247
-1639	19.0506
-1638	19.0821
-1637	19.1201
-1636	19.162
-1635	19.2071
-1634	19.2565
-1633	19.3009
-1632	19.3482
-1631	19.3947
-1630	19.4424
-1629	19.4871
-1628	19.5285
-1627	19.5718
-1626	19.6109
-1625	19.6509
-1624	19.6924
-1623	19.7329
-1622	19.7746
-1621	19.822
-1620	19.8686
-1619	19.9169
-1618	19.9665
-1617	20.0173
-1616	20.067
-1615	20.1203
-1614	20.1691
-1613	20.2144
-1612	20.2584
-1611	20.2991
-1610	20.332
-1609	20.3617
-1608	20.3801
-1607	20.3931
-1606	20.3982
-1605	20.3978
-1604	20.3891
-1603	20.371
-1602	20.3414
-1601	20.316
-1600	20.2852
-1599	20.2497
-1598	20.2115
-1597	20.1731
-1596	20.1377
-1595	20.1017
-1594	20.0658
-1593	20.0364
-1592	20.0073
-1591	19.9837
-1590	19.9663
-1589	19.9451
-1588	19.933
-1587	19.9197
-1586	19.9132
-1585	19.9023
-1584	19.8929
-1583	19.8846
-1582	19.8765
-1581	19.8641
-1580	19.8551
-1579	19.8425
-1578	19.8278
-1577	19.8128
-1576	19.792
-1575	19.7687
-1574	19.7452
-1573	19.7172
-1572	19.6897
-1571	19.6606
-1570	19.632
-1569	19.5976
-1568	19.5674
-1567	19.534
-1566	19.4997
-1565	19.4707
-1564	19.44
-1563	19.409
-1562	19.3816
-1561	19.3537
-1560	19.3286
-1559	19.3029
-1558	19.2819
-1557	19.2588
-1556	19.2428
-1555	19.2302
-1554	19.2215
-1553	19.2164
-1552	19.2164
-1551	19.2148
-1550	19.2218
-1549	19.2322
-1548	19.2458
-1547	19.261
-1546	19.2865
-1545	19.3169
-1544	19.3474
-1543	19.3818
-1542	19.4204
-1541	19.463
-1540	19.5035
-1539	19.5495
-1538	19.5889
-1537	19.6282
-1536	19.6686
-1535	19.7037
-1534	19.7371
-1533	19.7669
-1532	19.791
-1531	19.8136
-1530	19.8242
-1529	19.8376
-1528	19.8473
-1527	19.8519
-1526	19.8587
-1525	19.8558
-1524	19.8546
-1523	19.8495
-1522	19.8447
-1521	19.8388
-1520	19.8307
-1519	19.8218
-1518	19.8151
-1517	19.8025
-1516	19.7914
-1515	19.7796
-1514	19.765
-1513	19.7498
-1512	19.736
-1511	19.7179
-1510	19.699
-1509	19.677
-1508	19.6551
-1507	19.6296
-1506	19.6063
-1505	19.5799
-1504	19.5566
-1503	19.5323
-1502	19.5084
-1501	19.4853
-1500	19.4668
-1499	19.4486
-1498	19.4387
-1497	19.4316
-1496	19.4333
-1495	19.436
-1494	19.4461
-1493	19.4559
-1492	19.4715
-1491	19.4898
-1490	19.514
-1489	19.5402
-1488	19.5731
-1487	19.6035
-1486	19.6331
-1485	19.6643
-1484	19.6929
-1483	19.7078
-1482	19.7193
-1481	19.7251
-1480	19.7211
-1479	19.7077
-1478	19.6833
-1477	19.6507
-1476	19.6047
-1475	19.548
-1474	19.4825
-1473	19.4072
-1472	19.3268
-1471	19.2387
-1470	19.144
-1469	19.0489
-1468	18.9531
-1467	18.8602
-1466	18.7642
-1465	18.6726
-1464	18.5931
-1463	18.5214
-1462	18.4616
-1461	18.4121
-1460	18.373
-1459	18.3411
-1458	18.3257
-1457	18.3237
-1456	18.3275
-1455	18.3416
-1454	18.3639
-1453	18.3923
-1452	18.4247
-1451	18.4606
-1450	18.4986
-1449	18.5346
-1448	18.573
-1447	18.6079
-1446	18.6391
-1445	18.6628
-1444	18.683
-1443	18.6949
-1442	18.7004
-1441	18.6999
-1440	18.6961
-1439	18.6847
-1438	18.6731
-1437	18.6581
-1436	18.642
-1435	18.6177
-1434	18.6009
-1433	18.5868
-1432	18.5764
-1431	18.573
-1430	18.576
-1429	18.5889
-1428	18.6097
-1427	18.6364
-1426	18.6753
-1425	18.7181
-1424	18.7733
-1423	18.8365
-1422	18.9076
-1421	18.9857
-1420	19.0733
-1419	19.1616
-1418	19.2539
-1417	19.3446
-1416	19.4337
-1415	19.5246
-1414	19.6134
-1413	19.698
-1412	19.7808
-1411	19.8547
-1410	19.9291
-1409	19.9978
-1408	20.0624
-1407	20.1249
-1406	20.1853
-1405	20.2413
-1404	20.2947
-1403	20.3479
-1402	20.4014
-1401	20.4508
-1400	20.5007
-1399	20.5537
-1398	20.6087
-1397	20.6673
-1396	20.7314
-1395	20.7898
-1394	20.8509
-1393	20.9175
-1392	20.9837
-1391	21.0509
-1390	21.1175
-1389	21.1857
-1388	21.254
-1387	21.3188
-1386	21.3842
-1385	21.4447
-1384	21.5041
-1383	21.555
-1382	21.6076
-1381	21.6539
-1380	21.6963
-1379	21.7265
-1378	21.7542
-1377	21.7733
-1376	21.7884
-1375	21.7933
-1374	21.7895
-1373	21.7763
-1372	21.7612
-1371	21.7323
-1370	21.6903
-1369	21.6439
-1368	21.588
-1367	21.5239
-1366	21.4472
-1365	21.3614
-1364	21.2669
-1363	21.1615
-1362	21.0525
-1361	20.9323
-1360	20.802
-1359	20.666
-1358	20.5245
-1357	20.3775
-1356	20.2274
-1355	20.0746
-1354	19.9249
-1353	19.7725
-1352	19.6228
-1351	19.476
-1350	19.3392
-1349	19.2057
-1348	19.0864
-1347	18.9684
-1346	18.8729
-1345	18.7874
-1344	18.7193
-1343	18.6668
-1342	18.634
-1341	18.6215
-1340	18.6216
-1339	18.637
-1338	18.6752
-1337	18.7303
-1336	18.8007
-1335	18.8855
-1334	18.9827
-1333	19.0921
-1332	19.2122
-1331	19.3412
-1330	19.4782
-1329	19.6173
-1328	19.7578
-1327	19.9003
-1326	20.0391
-1325	20.1759
-1324	20.304
-1323	20.4295
-1322	20.5498
-1321	20.6613
-1320	20.7697
-1319	20.864
-1318	20.949
-1317	21.0243
-1316	21.0968
-1315	21.1534
-1314	21.2047
-1313	21.2411
-1312	21.272
-1311	21.2936
-1310	21.3108
-1309	21.3161
-1308	21.316
-1307	21.3132
-1306	21.3003
-1305	21.2789
-1304	21.255
-1303	21.227
-1302	21.193
-1301	21.1525
-1300	21.1123
-1299	21.066
-1298	21.0161
-1297	20.968
-1296	20.9158
-1295	20.8616
-1294	20.8038
-1293	20.7482
-1292	20.688
-1291	20.6223
-1290	20.5533
-1289	20.4804
-1288	20.4055
-1287	20.3268
-1286	20.2378
-1285	20.1498
-1284	20.0576
-1283	19.9518
-1282	19.8413
-1281	19.7279
-1280	19.6101
-1279	19.4892
-1278	19.3641
-1277	19.2391
-1276	19.1158
-1275	18.9868
-1274	18.8612
-1273	18.735
-1272	18.616
-1271	18.4997
-1270	18.3919
-1269	18.2893
-1268	18.1913
-1267	18.1025
-1266	18.025
-1265	17.957
-1264	17.8952
-1263	17.8416
-1262	17.8013
-1261	17.77
-1260	17.745
-1259	17.7279
-1258	17.7195
-1257	17.7205
-1256	17.731
-1255	17.7507
-1254	17.777
-1253	17.8105
-1252	17.8537
-1251	17.8994
-1250	17.9577
-1249	18.0194
-1248	18.087
-1247	18.1546
-1246	18.2258
-1245	18.2975
-1244	18.3694
-1243	18.44
-1242	18.5141
-1241	18.5818
-1240	18.6452
-1239	18.7027
-1238	18.7575
-1237	18.7995
-1236	18.8373
-1235	18.8653
-1234	18.8822
-1233	18.8915
-1232	18.8964
-1231	18.8906
-1230	18.8788
-1229	18.8646
-1228	18.8474
-1227	18.8279
-1226	18.8012
-1225	18.7739
-1224	18.7475
-1223	18.7286
-1222	18.7063
-1221	18.6872
-1220	18.6724
-1219	18.666
-1218	18.6597
-1217	18.6587
-1216	18.6627
-1215	18.6754
-1214	18.6925
-1213	18.7131
-1212	18.7379
-1211	18.7645
-1210	18.7976
-1209	18.8341
-1208	18.8785
-1207	18.9215
-1206	18.9718
-1205	19.0292
-1204	19.0898
-1203	19.1495
-1202	19.2223
-1201	19.2991
-1200	19.3829
-1199	19.4674
-1198	19.5595
-1197	19.653
-1196	19.753
-1195	19.855
-1194	19.9525
-1193	20.0495
-1192	20.1445
-1191	20.2338
-1190	20.3185
-1189	20.3922
-1188	20.4599
-1187	20.5162
-1186	20.5571
-1185	20.5822
-1184	20.5971
-1183	20.597
-1182	20.5818
-1181	20.5518
-1180	20.5095
-1179	20.4535
-1178	20.3852
-1177	20.3058
-1176	20.2233
-1175	20.127
-1174	20.0311
-1173	19.9301
-1172	19.8269
-1171	19.7266
-1170	19.6245
-1169	19.5234
-1168	19.4297
-1167	19.3367
-1166	19.2463
-1165	19.1616
-1164	19.0834
-1163	19.0113
-1162	18.9433
-1161	18.8791
-1160	18.8185
-1159	18.7612
-1158	18.7107
-1157	18.6644
-1156	18.6168
-1155	18.5738
-1154	18.5393
-1153	18.5041
-1152	18.4767
-1151	18.4501
-1150	18.4362
-1149	18.4308
-1148	18.4321
-1147	18.4411
-1146	18.4566
-1145	18.4804
-1144	18.5154
-1143	18.5543
-1142	18.6018
-1141	18.6555
-1140	18.7212
-1139	18.7842
-1138	18.8526
-1137	18.9226
-1136	18.9896
-1135	19.06
-1134	19.1264
-1133	19.1886
-1132	19.2483
-1131	19.305
-1130	19.3538
-1129	19.3959
-1128	19.4276
-1127	19.4531
-1126	19.4742
-1125	19.4864
-1124	19.4948
-1123	19.5001
-1122	19.4967
-1121	19.4873
-1120	19.4793
-1119	19.4668
-1118	19.4529
-1117	19.4378
-1116	19.4175
-1115	19.4008
-1114	19.3851
-1113	19.3667
-1112	19.3529
-1111	19.3352
-1110	19.3138
-1109	19.3001
-1108	19.2835
-1107	19.2695
-1106	19.2518
-1105	19.2366
-1104	19.2204
-1103	19.2031
-1102	19.1804
-1101	19.1606
-1100	19.139
-1099	19.1163
-1098	19.087
-1097	19.0615
-1096	19.0365
-1095	19.0097
-1094	18.9811
-1093	18.9561
-1092	18.9262
-1091	18.9024
-1090	18.8857
-1089	18.8672
-1088	18.8605
-1087	18.8514
-1086	18.8459
-1085	18.8481
-1084	18.8544
-1083	18.8719
-1082	18.8942
-1081	18.9244
-1080	18.9625
-1079	19.002
-1078	19.0481
-1077	19.0943
-1076	19.1444
-1075	19.1954
-1074	19.2473
-1073	19.3001
-1072	19.3428
-1071	19.3874
-1070	19.4266
-1069	19.4593
-1068	19.4897
-1067	19.5128
-1066	19.5281
-1065	19.5443
-1064	19.55
-1063	19.553
-1062	19.5538
-1061	19.5448
-1060	19.5373
-1059	19.5292
-1058	19.5201
-1057	19.5088
-1056	19.5001
-1055	19.4932
-1054	19.4882
-1053	19.4876
-1052	19.4912
-1051	19.4961
-1050	19.5038
-1049	19.511
-1048	19.5234
-1047	19.541
-1046	19.5517
-1045	19.5661
-1044	19.5812
-1043	19.5997
-1042	19.6162
-1041	19.6329
-1040	19.6494
-1039	19.6677
-1038	19.6814
-1037	19.6963
-1036	19.7145
-1035	19.7371
-1034	19.7568
-1033	19.7777
-1032	19.8033
-1031	19.8284
-1030	19.8548
-1029	19.8884
-1028	19.9138
-1027	19.9426
-1026	19.9728
-1025	20
-1024	20.0225
-1023	20.0493
-1022	20.072
-1021	20.0908
-1020	20.1017
-1019	20.1092
-1018	20.1109
-1017	20.1084
-1016	20.1024
-1015	20.0945
-1014	20.0845
-1013	20.07
-1012	20.0537
-1011	20.0339
-1010	20.0154
-1009	19.9999
-1008	19.9847
-1007	19.9701
-1006	19.9612
-1005	19.9541
-1004	19.9538
-1003	19.9605
-1002	19.971
-1001	19.9865
-1000	20.0066
-999	20.0316
-998	20.0659
-997	20.1036
-996	20.1477
-995	20.194
-994	20.2431
-993	20.2951
-992	20.3512
-991	20.41
-990	20.4672
-989	20.526
-988	20.5787
-987	20.6316
-986	20.6887
-985	20.7351
-984	20.7799
-983	20.8219
-982	20.8589
-981	20.8856
-980	20.9061
-979	20.9188
-978	20.9251
-977	20.9239
-976	20.9127
-975	20.8912
-974	20.8628
-973	20.8232
-972	20.7769
-971	20.7235
-970	20.663
-969	20.5984
-968	20.53
-967	20.4572
-966	20.3794
-965	20.3059
-964	20.2305
-963	20.158
-962	20.089
-961	20.0287
-960	19.9671
-959	19.9105
-958	19.8644
-957	19.8237
-956	19.7918
-955	19.7676
-954	19.7476
-953	19.7379
-952	19.7294
-951	19.7268
-950	19.7286
-949	19.7342
-948	19.7397
-947	19.7399
-946	19.744
-945	19.7432
-944	19.7422
-943	19.7365
-942	19.7248
-941	19.7103
-940	19.689
-939	19.6622
-938	19.6324
-937	19.5978
-936	19.5612
-935	19.5173
-934	19.4714
-933	19.4238
-932	19.3727
-931	19.3233
-930	19.2758
-929	19.226
-928	19.1788
-927	19.1374
-926	19.0922
-925	19.0638
-924	19.0358
-923	19.0115
-922	18.9973
-921	18.983
-920	18.9786
-919	18.9846
-918	18.9987
-917	19.0197
-916	19.0507
-915	19.0845
-914	19.1244
-913	19.17
-912	19.2188
-911	19.2709
-910	19.3206
-909	19.3739
-908	19.4229
-907	19.466
-906	19.5074
-905	19.5432
-904	19.5768
-903	19.6013
-902	19.6167
-901	19.6254
-900	19.626
-899	19.6216
-898	19.6063
-897	19.5877
-896	19.563
-895	19.5273
-894	19.4887
-893	19.4445
-892	19.3948
-891	19.3476
-890	19.2956
-889	19.242
-888	19.1902
-887	19.1378
-886	19.0796
-885	19.029
-884	18.9824
-883	18.9247
-882	18.878
-881	18.8344
-880	18.7966
-879	18.7655
-878	18.7324
-877	18.7076
-876	18.6904
-875	18.6797
-874	18.6754
-873	18.6782
-872	18.6882
-871	18.705
-870	18.7291
-869	18.7642
-868	18.8057
-867	18.8553
-866	18.9172
-865	18.9868
-864	19.0649
-863	19.1557
-862	19.2504
-861	19.3552
-860	19.47
-859	19.5878
-858	19.7224
-857	19.862
-856	20.0044
-855	20.1545
-854	20.3132
-853	20.4735
-852	20.6417
-851	20.8103
-850	20.9767
-849	21.1381
-848	21.2982
-847	21.4605
-846	21.6068
-845	21.7533
-844	21.8928
-843	22.0129
-842	22.1239
-841	22.2174
-840	22.2939
-839	22.3515
-838	22.3966
-837	22.4229
-836	22.4282
-835	22.4138
-834	22.3774
-833	22.3227
-832	22.2513
-831	22.1588
-830	22.0505
-829	21.9282
-828	21.7881
-827	21.6356
-826	21.4716
-825	21.2989
-824	21.1248
-823	20.9541
-822	20.7768
-821	20.6036
-820	20.4412
-819	20.2799
-818	20.1283
-817	19.9886
-816	19.8618
-815	19.7519
-814	19.6543
-813	19.5687
-812	19.4983
-811	19.4426
-810	19.3991
-809	19.3672
-808	19.3409
-807	19.3298
-806	19.3245
-805	19.3249
-804	19.3285
-803	19.3373
-802	19.3503
-801	19.3644
-800	19.3769
-799	19.3914
-798	19.4049
-797	19.4165
-796	19.4319
-795	19.4374
-794	19.4397
-793	19.4412
-792	19.4391
-791	19.4303
-790	19.4166
-789	19.3941
-788	19.3726
-787	19.3432
-786	19.3092
-785	19.2675
-784	19.2195
-783	19.1719
-782	19.1156
-781	19.0561
-780	18.9955
-779	18.937
-778	18.8786
-777	18.8252
-776	18.7717
-775	18.7161
-774	18.6674
-773	18.6238
-772	18.5873
-771	18.5541
-770	18.5211
-769	18.4972
-768	18.4803
-767	18.4659
-766	18.4536
-765	18.4455
-764	18.4386
-763	18.4366
-762	18.4335
-761	18.4269
-760	18.4227
-759	18.4194
-758	18.4116
-757	18.4012
-756	18.3947
-755	18.3876
-754	18.3779
-753	18.3685
-752	18.3601
-751	18.3534
-750	18.3454
-749	18.3348
-748	18.328
-747	18.3205
-746	18.3175
-745	18.3164
-744	18.3053
-743	18.2974
-742	18.292
-741	18.2861
-740	18.2765
-739	18.2657
-738	18.2562
-737	18.2437
-736	18.2296
-735	18.2128
-734	18.1971
-733	18.1813
-732	18.1674
-731	18.1501
-730	18.1325
-729	18.1227
-728	18.1206
-727	18.1244
-726	18.1368
-725	18.151
-724	18.1775
-723	18.2151
-722	18.2611
-721	18.3123
-720	18.3766
-719	18.4494
-718	18.5339
-717	18.6279
-716	18.7234
-715	18.8245
-714	18.927
-713	19.0345
-712	19.1438
-711	19.2503
-710	19.3538
-709	19.4533
-708	19.5457
-707	19.6366
-706	19.7128
-705	19.779
-704	19.8404
-703	19.894
-702	19.9358
-701	19.9683
-700	19.9938
-699	20.0044
-698	20.0097
-697	20.0053
-696	19.9931
-695	19.9769
-694	19.9537
-693	19.9174
-692	19.8769
-691	19.8277
-690	19.776
-689	19.7177
-688	19.6543
-687	19.5911
-686	19.5261
-685	19.4535
-684	19.3839
-683	19.3094
-682	19.2381
-681	19.174
-680	19.1088
-679	19.0475
-678	18.9921
-677	18.9424
-676	18.9
-675	18.8638
-674	18.8373
-673	18.8187
-672	18.8101
-671	18.8088
-670	18.8141
-669	18.827
-668	18.8508
-667	18.8845
-666	18.9191
-665	18.9543
-664	18.9989
-663	19.0489
-662	19.1022
-661	19.1561
-660	19.2084
-659	19.2594
-658	19.3136
-657	19.3602
-656	19.3964
-655	19.4264
-654	19.4488
-653	19.4639
-652	19.4696
-651	19.4648
-650	19.4477
-649	19.4152
-648	19.3764
-647	19.3289
-646	19.2707
-645	19.2072
-644	19.1322
-643	19.0568
-642	18.9753
-641	18.8904
-640	18.8075
-639	18.7303
-638	18.6563
-637	18.5879
-636	18.5314
-635	18.4794
-634	18.4327
-633	18.3995
-632	18.3748
-631	18.3597
-630	18.3556
-629	18.3565
-628	18.3695
-627	18.3855
-626	18.4059
-625	18.4307
-624	18.4583
-623	18.488
-622	18.5203
-621	18.5518
-620	18.5852
-619	18.6187
-618	18.6514
-617	18.6826
-616	18.7159
-615	18.746
-614	18.7801
-613	18.816
-612	18.852
-611	18.8911
-610	18.9319
-609	18.9741
-608	19.0184
-607	19.0655
-606	19.1159
-605	19.1672
-604	19.2196
-603	19.2758
-602	19.3332
-601	19.3897
-600	19.4473
-599	19.504
-598	19.559
-597	19.616
-596	19.6702
-595	19.7214
-594	19.766
-593	19.8154
-592	19.8536
-591	19.8914
-590	19.9181
-589	19.9429
-588	19.9628
-587	19.9751
-586	19.9832
-585	19.9797
-584	19.9696
-583	19.9503
-582	19.9256
-581	19.895
-580	19.8557
-579	19.8123
-578	19.7596
-577	19.702
-576	19.6384
-575	19.5706
-574	19.5003
-573	19.4294
-572	19.3594
-571	19.2943
-570	19.2279
-569	19.166
-568	19.1095
-567	19.0624
-566	19.0228
-565	18.9966
-564	18.9785
-563	18.9733
-562	18.9774
-561	18.9924
-560	19.0174
-559	19.0508
-558	19.0921
-557	19.1401
-556	19.1897
-555	19.2406
-554	19.2944
-553	19.3425
-552	19.3899
-551	19.4252
-550	19.4557
-549	19.4799
-548	19.4947
-547	19.4994
-546	19.4949
-545	19.4784
-544	19.4558
-543	19.4239
-542	19.3857
-541	19.3414
-540	19.2897
-539	19.2399
-538	19.1872
-537	19.1315
-536	19.0772
-535	19.028
-534	18.9776
-533	18.9317
-532	18.8896
-531	18.8519
-530	18.8134
-529	18.7803
-528	18.7441
-527	18.7136
-526	18.682
-525	18.6503
-524	18.6184
-523	18.5859
-522	18.5557
-521	18.5282
-520	18.5047
-519	18.4791
-518	18.4519
-517	18.4281
-516	18.4095
-515	18.392
-514	18.3739
-513	18.367
-512	18.3666
-511	18.3682
-510	18.3742
-509	18.3864
-508	18.4033
-507	18.4213
-506	18.4487
-505	18.4786
-504	18.507
-503	18.5412
-502	18.5699
-501	18.6049
-500	18.6401
-499	18.6763
-498	18.7101
-497	18.7453
-496	18.7813
-495	18.8142
-494	18.8467
-493	18.8801
-492	18.9153
-491	18.9513
-490	18.989
-489	19.0241
-488	19.061
-487	19.091
-486	19.1238
-485	19.1584
-484	19.193
-483	19.2259
-482	19.2615
-481	19.2903
-480	19.3157
-479	19.3403
-478	19.3607
-477	19.379
-476	19.3915
-475	19.4002
-474	19.4089
-473	19.4125
-472	19.4139
-471	19.416
-470	19.4182
-469	19.4204
-468	19.4276
-467	19.4307
-466	19.4411
-465	19.4569
-464	19.4777
-463	19.5019
-462	19.5329
-461	19.5687
-460	19.61
-459	19.6544
-458	19.6982
-457	19.7462
-456	19.7966
-455	19.8509
-454	19.8993
-453	19.9481
-452	19.9994
-451	20.0462
-450	20.0832
-449	20.1162
-448	20.1475
-447	20.1735
-446	20.1942
-445	20.21
-444	20.2248
-443	20.2304
-442	20.2321
-441	20.2366
-440	20.237
-439	20.2387
-438	20.237
-437	20.2328
-436	20.2273
-435	20.226
-434	20.2227
-433	20.2174
-432	20.2131
-431	20.2077
-430	20.1981
-429	20.1851
-428	20.1715
-427	20.1546
-426	20.1368
-425	20.1155
-424	20.0893
-423	20.0604
-422	20.0258
-421	19.9882
-420	19.9487
-419	19.9041
-418	19.8602
-417	19.812
-416	19.7602
-415	19.708
-414	19.6561
-413	19.602
-412	19.5499
-411	19.4934
-410	19.4361
-409	19.3768
-408	19.3182
-407	19.2608
-406	19.2042
-405	19.1495
-404	19.0997
-403	19.0473
-402	18.9984
-401	18.9525
-400	18.907
-399	18.8692
-398	18.836
-397	18.8086
-396	18.7834
-395	18.768
-394	18.7591
-393	18.7565
-392	18.7616
-391	18.7718
-390	18.7858
-389	18.8049
-388	18.8314
-387	18.8607
-386	18.8945
-385	18.9296
-384	18.9668
-383	19.0037
-382	19.0408
-381	19.0764
-380	19.1091
-379	19.1382
-378	19.1562
-377	19.169
-376	19.1797
-375	19.1834
-374	19.1818
-373	19.1751
-372	19.1611
-371	19.1428
-370	19.1216
-369	19.0946
-368	19.0597
-367	19.0275
-366	18.9936
-365	18.9566
-364	18.9213
-363	18.8857
-362	18.8526
-361	18.8238
-360	18.7925
-359	18.7624
-358	18.7389
-357	18.7207
-356	18.7037
-355	18.6905
-354	18.6867
-353	18.6875
-352	18.6925
-351	18.7031
-350	18.7176
-349	18.7349
-348	18.7551
-347	18.7848
-346	18.8151
-345	18.8431
-344	18.8766
-343	18.9127
-342	18.9472
-341	18.9828
-340	19.0159
-339	19.0449
-338	19.0701
-337	19.0999
-336	19.1209
-335	19.1389
-334	19.1512
-333	19.1611
-332	19.1673
-331	19.1654
-330	19.1645
-329	19.159
-328	19.1529
-327	19.1431
-326	19.132
-325	19.1186
-324	19.1057
-323	19.0885
-322	19.072
-321	19.0544
-320	19.0347
-319	19.0152
-318	18.9968
-317	18.9777
-316	18.9576
-315	18.9376
-314	18.9185
-313	18.8934
-312	18.8729
-311	18.8542
-310	18.8329
-309	18.8166
-308	18.8043
-307	18.7947
-306	18.7923
-305	18.7969
-304	18.802
-303	18.8105
-302	18.8238
-301	18.8438
-300	18.8688
-299	18.8964
-298	18.9223
-297	18.9579
-296	18.9963
-295	19.0309
-294	19.0656
-293	19.1022
-292	19.1375
-291	19.165
-290	19.1908
-289	19.2149
-288	19.2367
-287	19.2557
-286	19.2716
-285	19.2903
-284	19.3026
-283	19.3143
-282	19.3289
-281	19.3375
-280	19.3499
-279	19.3659
-278	19.3861
-277	19.4118
-276	19.4395
-275	19.4756
-274	19.5117
-273	19.5583
-272	19.6092
-271	19.6679
-270	19.7276
-269	19.7926
-268	19.8648
-267	19.9372
-266	20.0146
-265	20.0958
-264	20.1768
-263	20.2571
-262	20.3379
-261	20.415
-260	20.4919
-259	20.5638
-258	20.6332
-257	20.6989
-256	20.7573
-255	20.8062
-254	20.8518
-253	20.8931
-252	20.9271
-251	20.9508
-250	20.9719
-249	20.9832
-248	20.9862
-247	20.9866
-246	20.977
-245	20.9594
-244	20.9382
-243	20.9099
-242	20.8765
-241	20.8352
-240	20.7925
-239	20.7467
-238	20.6933
-237	20.6366
-236	20.5765
-235	20.5197
-234	20.4499
-233	20.3798
-232	20.3139
-231	20.2469
-230	20.1808
-229	20.1147
-228	20.0517
-227	19.9872
-226	19.9274
-225	19.8712
-224	19.8184
-223	19.7721
-222	19.7269
-221	19.6864
-220	19.6511
-219	19.619
-218	19.5926
-217	19.5648
-216	19.5424
-215	19.5213
-214	19.4998
-213	19.4837
-212	19.4653
-211	19.4504
-210	19.4359
-209	19.4247
-208	19.4139
-207	19.4105
-206	19.4052
-205	19.4038
-204	19.4067
-203	19.4128
-202	19.4237
-201	19.4406
-200	19.466
-199	19.4973
-198	19.5377
-197	19.5829
-196	19.636
-195	19.6906
-194	19.7538
-193	19.8256
-192	19.9018
-191	19.9734
-190	20.0499
-189	20.1322
-188	20.2171
-187	20.3003
-186	20.3841
-185	20.4666
-184	20.5482
-183	20.6282
-182	20.7071
-181	20.7787
-180	20.8507
-179	20.9236
-178	20.9945
-177	21.0599
-176	21.1196
-175	21.1818
-174	21.2393
-173	21.2955
-172	21.3457
-171	21.397
-170	21.4454
-169	21.4849
-168	21.5192
-167	21.5522
-166	21.5806
-165	21.6057
-164	21.6235
-163	21.6326
-162	21.6336
-161	21.63
-160	21.6177
-159	21.5985
-158	21.5708
-157	21.5329
-156	21.4871
-155	21.4344
-154	21.3738
-153	21.3037
-152	21.2262
-151	21.1438
-150	21.0559
-149	20.9647
-148	20.8692
-147	20.7716
-146	20.6767
-145	20.5827
-144	20.4933
-143	20.4127
-142	20.3416
-141	20.2811
-140	20.2315
-139	20.1951
-138	20.1743
-137	20.1627
-136	20.1693
-135	20.1897
-134	20.2243
-133	20.2714
-132	20.3345
-131	20.4039
-130	20.4798
-129	20.5629
-128	20.654
-127	20.742
-126	20.8262
-125	20.9074
-124	20.9835
-123	21.0499
-122	21.1126
-121	21.161
-120	21.2022
-119	21.2347
-118	21.2596
-117	21.2677
-116	21.2671
-115	21.2586
-114	21.2432
-113	21.2242
-112	21.1922
-111	21.1647
-110	21.1336
-109	21.1019
-108	21.0683
-107	21.0341
-106	21.0013
-105	20.9697
-104	20.9351
-103	20.9021
-102	20.8651
-101	20.8309
-100	20.7945
-99	20.7571
-98	20.7162
-97	20.6704
-96	20.6232
-95	20.5746
-94	20.5186
-93	20.4641
-92	20.4054
-91	20.3478
-90	20.2895
-89	20.2338
-88	20.1805
-87	20.1287
-86	20.0815
-85	20.0404
-84	20.0069
-83	19.9785
-82	19.9613
-81	19.9457
-80	19.9424
-79	19.9446
-78	19.9539
-77	19.9748
-76	20.0022
-75	20.0345
-74	20.075
-73	20.1154
-72	20.16
-71	20.2077
-70	20.254
-69	20.2992
-68	20.3441
-67	20.3824
-66	20.4154
-65	20.4436
-64	20.4693
-63	20.4863
-62	20.4968
-61	20.4986
-60	20.4944
-59	20.4773
-58	20.455
-57	20.4235
-56	20.3807
-55	20.3354
-54	20.2891
-53	20.2333
-52	20.1745
-51	20.1115
-50	20.0471
-49	19.9853
-48	19.915
-47	19.8487
-46	19.786
-45	19.7277
-44	19.6722
-43	19.6196
-42	19.5748
-41	19.5306
-40	19.4956
-39	19.4692
-38	19.446
-37	19.4279
-36	19.4188
-35	19.4165
-34	19.4228
-33	19.4356
-32	19.4538
-31	19.4819
-30	19.51
-29	19.5451
-28	19.5831
-27	19.6227
-26	19.6652
-25	19.7046
-24	19.7493
-23	19.7942
-22	19.8376
-21	19.8796
-20	19.9214
-19	19.9603
-18	19.9978
-17	20.0249
-16	20.0531
-15	20.0819
-14	20.1092
-13	20.134
-12	20.1541
-11	20.1754
-10	20.1956
-9	20.2118
-8	20.2271
-7	20.241
-6	20.2517
-5	20.2582
-4	20.2621
-3	20.2573
-2	20.2486
-1	20.2234
1	20.1982
2	20.1665
3	20.1289
4	20.0879
5	20.0442
6	19.9874
7	19.9349
8	19.8858
9	19.8334
10	19.7851
11	19.7401
12	19.7076
13	19.6824
14	19.6682
15	19.6649
16	19.6779
17	19.7013
18	19.7381
19	19.7874
20	19.8503
21	19.9243
22	20.0019
23	20.0931
24	20.1843
25	20.275
26	20.3711
27	20.4653
28	20.5527
29	20.6356
30	20.712
31	20.7793
32	20.8369
33	20.8863
34	20.9225
35	20.9503
36	20.9637
37	20.9726
38	20.9673
39	20.9571
40	20.9301
41	20.8986
42	20.858
43	20.8116
44	20.7568
45	20.6983
46	20.6379
47	20.5735
48	20.5033
49	20.4281
50	20.3504
51	20.2708
52	20.1909
53	20.1103
54	20.0297
55	19.9513
56	19.8717
57	19.8
58	19.7332
59	19.6713
60	19.6171
61	19.5733
62	19.5311
63	19.5022
64	19.4758
65	19.4617
66	19.4554
67	19.4562
68	19.466
69	19.4863
70	19.5078
71	19.5387
72	19.5752
73	19.6152
74	19.6631
75	19.7074
76	19.7557
77	19.8024
78	19.8443
79	19.8903
80	19.9346
81	19.9741
82	20.0125
83	20.0478
84	20.0808
85	20.1135
86	20.1384
87	20.1582
88	20.1798
89	20.1945
90	20.207
91	20.2161
92	20.22
93	20.225
94	20.2279
95	20.2301
96	20.2297
97	20.2316
98	20.23
99	20.2334
100	20.2314
101	20.2374
102	20.243
103	20.2559
104	20.2676
105	20.285
106	20.305
107	20.3335
108	20.3625
109	20.3966
110	20.4359
111	20.4785
112	20.5218
113	20.5694
114	20.6189
115	20.6736
116	20.7223
117	20.7779
118	20.8324
119	20.8824
120	20.9247
121	20.9656
122	21.0057
123	21.0426
124	21.0731
125	21.1015
126	21.1241
127	21.1378
128	21.1425
129	21.1409
130	21.1336
131	21.1156
132	21.097
133	21.0659
134	21.0263
135	20.9844
136	20.9383
137	20.8861
138	20.8342
139	20.7816
140	20.7293
141	20.6805
142	20.6287
143	20.58
144	20.5394
145	20.5006
146	20.4698
147	20.4412
148	20.4195
149	20.4048
150	20.3943
151	20.386
152	20.3786
153	20.3728
154	20.3691
155	20.3664
156	20.3589
157	20.3489
158	20.3357
159	20.32
160	20.3038
161	20.2851
162	20.2677
163	20.2506
164	20.2313
165	20.2162
166	20.2016
167	20.1972
168	20.2024
169	20.2145
170	20.2349
171	20.2674
172	20.3127
173	20.3698
174	20.4375
175	20.5194
176	20.6045
177	20.6986
178	20.7976
179	20.9025
180	21.0035
181	21.107
182	21.2114
183	21.3079
184	21.3954
185	21.4755
186	21.5443
187	21.6036
188	21.6482
189	21.681
190	21.7043
191	21.715
192	21.7134
193	21.7018
194	21.6813
195	21.6469
196	21.6098
197	21.5667
198	21.516
199	21.4606
200	21.4044
201	21.3465
202	21.2839
203	21.2213
204	21.1577
205	21.0897
206	21.0317
207	20.9707
208	20.912
209	20.8545
210	20.801
211	20.7448
212	20.6889
213	20.6353
214	20.5817
215	20.5302
216	20.4799
217	20.4282
218	20.3778
219	20.3263
220	20.2754
221	20.2262
222	20.1768
223	20.1245
224	20.0689
225	20.017
226	19.9672
227	19.9186
228	19.8725
229	19.8323
230	19.7869
231	19.7445
232	19.7103
233	19.6802
234	19.6544
235	19.6329
236	19.6163
237	19.6069
238	19.6006
239	19.6
240	19.6063
241	19.6151
242	19.6295
243	19.643
244	19.6624
245	19.6877
246	19.7167
247	19.7451
248	19.7736
249	19.8094
250	19.8493
251	19.8909
252	19.9358
253	19.9826
254	20.0314
255	20.0867
256	20.1417
257	20.2026
258	20.2655
259	20.3292
260	20.3934
261	20.46
262	20.5291
263	20.5935
264	20.6646
265	20.7375
266	20.809
267	20.8819
268	20.9558
269	21.0205
270	21.0862
271	21.1505
272	21.2106
273	21.2697
274	21.3198
275	21.3675
276	21.4112
277	21.4468
278	21.4784
279	21.5033
280	21.5231
281	21.5319
282	21.5348
283	21.531
284	21.5171
285	21.4945
286	21.4655
287	21.4332
288	21.3877
289	21.3355
290	21.2738
291	21.2113
292	21.1377
293	21.0645
294	20.9869
295	20.9044
296	20.8204
297	20.736
298	20.6504
299	20.5672
300	20.4846
301	20.4043
302	20.3263
303	20.2499
304	20.1807
305	20.1143
306	20.0583
307	20.0065
308	19.959
309	19.9205
310	19.8915
311	19.8702
312	19.8555
313	19.8437
314	19.8463
315	19.8551
316	19.8711
317	19.8942
318	19.9228
319	19.9602
320	20.0013
321	20.049
322	20.0993
323	20.1566
324	20.2178
325	20.2789
326	20.3468
327	20.4077
328	20.4709
329	20.5358
330	20.5933
331	20.6534
332	20.7112
333	20.7676
334	20.8217
335	20.8717
336	20.9172
337	20.9651
338	20.9966
339	21.0243
340	21.0481
341	21.0649
342	21.0741
343	21.077
344	21.0756
345	21.0619
346	21.0403
347	21.0117
348	20.9771
349	20.933
350	20.8825
351	20.8234
352	20.759
353	20.6904
354	20.608
355	20.5222
356	20.4342
357	20.3417
358	20.2467
359	20.15
360	20.053
361	19.9568
362	19.864
363	19.774
364	19.6896
365	19.6116
366	19.5362
367	19.4655
368	19.4024
369	19.3443
370	19.2923
371	19.2487
372	19.2124
373	19.1825
374	19.1618
375	19.1446
376	19.1398
377	19.1384
378	19.143
379	19.1553
380	19.1731
381	19.196
382	19.2226
383	19.2539
384	19.2916
385	19.3294
386	19.3717
387	19.4143
388	19.4586
389	19.5021
390	19.5451
391	19.5892
392	19.6303
393	19.6745
394	19.7086
395	19.7408
396	19.7696
397	19.7949
398	19.816
399	19.8354
400	19.8472
401	19.8653
402	19.8762
403	19.8823
404	19.8872
405	19.8905
406	19.8902
407	19.8925
408	19.8973
409	19.9021
410	19.906
411	19.9048
412	19.9113
413	19.9201
414	19.9332
415	19.9429
416	19.956
417	19.9733
418	19.9874
419	20.0026
420	20.0136
421	20.027
422	20.0387
423	20.0477
424	20.049
425	20.0459
426	20.0405
427	20.0276
428	20.0087
429	19.9842
430	19.9513
431	19.914
432	19.8705
433	19.8228
434	19.7736
435	19.722
436	19.6692
437	19.6157
438	19.5672
439	19.5211
440	19.478
441	19.442
442	19.4124
443	19.3883
444	19.3737
445	19.3658
446	19.3634
447	19.3641
448	19.3734
449	19.3829
450	19.3944
451	19.4066
452	19.4181
453	19.4263
454	19.43
455	19.4276
456	19.4237
457	19.413
458	19.3981
459	19.3758
460	19.3488
461	19.3212
462	19.2894
463	19.2597
464	19.2287
465	19.1998
466	19.1733
467	19.1514
468	19.136
469	19.1278
470	19.1211
471	19.1258
472	19.1371
473	19.1581
474	19.1892
475	19.2212
476	19.2585
477	19.3045
478	19.3603
479	19.4199
480	19.4808
481	19.5496
482	19.6127
483	19.6832
484	19.751
485	19.82
486	19.8872
487	19.9554
488	20.02
489	20.08
490	20.1392
491	20.1941
492	20.2428
493	20.2854
494	20.318
495	20.3439
496	20.3599
497	20.3641
498	20.3596
499	20.3461
500	20.3189
501	20.2849
502	20.2414
503	20.1891
504	20.1271
505	20.054
506	19.9794
507	19.8967
508	19.8101
509	19.7239
510	19.6356
511	19.5451
512	19.4565
513	19.3721
514	19.2917
515	19.2162
516	19.1467
517	19.0861
518	19.0327
519	18.985
520	18.9456
521	18.914
522	18.8894
523	18.8647
524	18.8517
525	18.8444
526	18.8428
527	18.8434
528	18.85
529	18.8648
530	18.8805
531	18.8961
532	18.9151
533	18.9432
534	18.968
535	18.9951
536	19.0266
537	19.061
538	19.0932
539	19.1274
540	19.1616
541	19.1948
542	19.226
543	19.2574
544	19.2863
545	19.3115
546	19.3294
547	19.3409
548	19.343
549	19.3364
550	19.323
551	19.2981
552	19.2653
553	19.2191
554	19.1661
555	19.1052
556	19.039
557	18.9662
558	18.8909
559	18.8117
560	18.7314
561	18.6561
562	18.586
563	18.5199
564	18.4613
565	18.4092
566	18.3724
567	18.3467
568	18.3326
569	18.3272
570	18.3324
571	18.3472
572	18.3685
573	18.401
574	18.4403
575	18.4811
576	18.526
577	18.5727
578	18.6179
579	18.6596
580	18.6973
581	18.7337
582	18.7664
583	18.7957
584	18.8171
585	18.838
586	18.8597
587	18.8696
588	18.8767
589	18.8794
590	18.8822
591	18.8815
592	18.8774
593	18.8722
594	18.8691
595	18.8619
596	18.8449
597	18.8361
598	18.8233
599	18.8065
600	18.7915
601	18.7798
602	18.7666
603	18.7521
604	18.7404
605	18.7303
606	18.7225
607	18.7176
608	18.7134
609	18.7152
610	18.7237
611	18.7369
612	18.7558
613	18.773
614	18.7934
615	18.8225
616	18.8572
617	18.8921
618	18.9311
619	18.972
620	19.0117
621	19.054
622	19.0949
623	19.1371
624	19.174
625	19.2076
626	19.2423
627	19.2715
628	19.2985
629	19.3163
630	19.3317
631	19.3456
632	19.3555
633	19.3601
634	19.3651
635	19.3685
636	19.3672
637	19.3676
638	19.3676
639	19.3686
640	19.373
641	19.382
642	19.3937
643	19.4132
644	19.4362
645	19.4595
646	19.4865
647	19.5242
648	19.5653
649	19.6104
650	19.655
651	19.7106
652	19.768
653	19.8227
654	19.8794
655	19.9376
656	19.9959
657	20.0515
658	20.1062
659	20.1612
660	20.2078
661	20.2533
662	20.2965
663	20.3348
664	20.3695
665	20.4007
666	20.4301
667	20.4541
668	20.471
669	20.4939
670	20.5146
671	20.5355
672	20.5538
673	20.5733
674	20.5941
675	20.6164
676	20.6402
677	20.6689
678	20.6935
679	20.7227
680	20.7542
681	20.7861
682	20.8181
683	20.8519
684	20.8824
685	20.914
686	20.9404
687	20.9632
688	20.9813
689	20.9926
690	20.9997
691	21.0016
692	20.9968
693	20.9816
694	20.96
695	20.9301
696	20.896
697	20.8547
698	20.803
699	20.7504
700	20.6899
701	20.6272
702	20.5594
703	20.4875
704	20.417
705	20.3475
706	20.2736
707	20.2026
708	20.1363
709	20.0715
710	20.0076
711	19.9505
712	19.8968
713	19.8534
714	19.8086
715	19.7743
716	19.7476
717	19.7246
718	19.7054
719	19.6898
720	19.6787
721	19.6694
722	19.6604
723	19.6529
724	19.6455
725	19.6356
726	19.6221
727	19.6062
728	19.5875
729	19.5612
730	19.533
731	19.4999
732	19.4592
733	19.4184
734	19.3785
735	19.3352
736	19.2906
737	19.2498
738	19.2123
739	19.1809
740	19.1502
741	19.1252
742	19.103
743	19.0876
744	19.0778
745	19.0709
746	19.0692
747	19.0664
748	19.0684
749	19.0726
750	19.0742
751	19.0774
752	19.0798
753	19.0798
754	19.0779
755	19.0731
756	19.0682
757	19.0569
758	19.0446
759	19.0329
760	19.0203
761	19.0106
762	18.9965
763	18.9833
764	18.9743
765	18.969
766	18.9649
767	18.9619
768	18.9606
769	18.9672
770	18.9745
771	18.9864
772	19.0039
773	19.016
774	19.0302
775	19.0491
776	19.0672
777	19.0856
778	19.0968
779	19.111
780	19.1274
781	19.1392
782	19.1514
783	19.1582
784	19.1665
785	19.172
786	19.1693
787	19.1661
788	19.1611
789	19.1563
790	19.1497
791	19.1415
792	19.1281
793	19.1166
794	19.1001
795	19.0821
796	19.0617
797	19.0424
798	19.0227
799	19.0005
800	18.9794
801	18.9586
802	18.9396
803	18.9212
804	18.9055
805	18.8932
806	18.8833
807	18.8784
808	18.8799
809	18.8859
810	18.8965
811	18.9163
812	18.9455
813	18.9812
814	19.0217
815	19.0721
816	19.1224
817	19.1833
818	19.2534
819	19.3245
820	19.4027
821	19.484
822	19.5652
823	19.6467
824	19.7283
825	19.8103
826	19.8926
827	19.9699
828	20.0423
829	20.1108
830	20.174
831	20.2361
832	20.2897
833	20.3406
834	20.3812
835	20.4192
836	20.4521
837	20.4811
838	20.5079
839	20.5342
840	20.5573
841	20.5824
842	20.6012
843	20.6171
844	20.6349
845	20.6505
846	20.6651
847	20.6721
848	20.6802
849	20.6893
850	20.6934
851	20.6929
852	20.6834
853	20.667
854	20.6495
855	20.6283
856	20.597
857	20.566
858	20.5229
859	20.4804
860	20.4314
861	20.383
862	20.3323
863	20.2803
864	20.2281
865	20.1796
866	20.1359
867	20.0944
868	20.0577
869	20.0252
870	19.9987
871	19.9772
872	19.9614
873	19.9511
874	19.9451
875	19.9426
876	19.9472
877	19.9574
878	19.9685
879	19.9866
880	20.0031
881	20.0197
882	20.0385
883	20.057
884	20.0741
885	20.0888
886	20.1041
887	20.1148
888	20.1178
889	20.1128
890	20.1053
891	20.0904
892	20.0668
893	20.0328
894	19.9939
895	19.9457
896	19.8902
897	19.8312
898	19.7608
899	19.687
900	19.6049
901	19.5152
902	19.4238
903	19.3316
904	19.2378
905	19.1445
906	19.0523
907	18.9576
908	18.8663
909	18.7803
910	18.7002
911	18.6188
912	18.5419
913	18.4674
914	18.3993
915	18.3396
916	18.2872
917	18.2362
918	18.1959
919	18.1631
920	18.138
921	18.1212
922	18.1113
923	18.1128
924	18.1217
925	18.1437
926	18.1683
927	18.2088
928	18.2552
929	18.3096
930	18.3666
931	18.4365
932	18.5102
933	18.585
934	18.6632
935	18.7436
936	18.8185
937	18.8916
938	18.9606
939	19.0305
940	19.0911
941	19.1456
942	19.1959
943	19.24
944	19.276
945	19.3076
946	19.332
947	19.3497
948	19.3581
949	19.3619
950	19.3612
951	19.3641
952	19.361
953	19.3506
954	19.3417
955	19.331
956	19.3229
957	19.3086
958	19.2944
959	19.2798
960	19.264
961	19.2484
962	19.2331
963	19.2121
964	19.185
965	19.1586
966	19.1296
967	19.0986
968	19.0652
969	19.0304
970	18.9956
971	18.9601
972	18.9254
973	18.8918
974	18.8597
975	18.8342
976	18.8185
977	18.8046
978	18.7993
979	18.8011
980	18.8138
981	18.8339
982	18.8622
983	18.8977
984	18.945
985	19.0002
986	19.0604
987	19.1273
988	19.1941
989	19.2707
990	19.3392
991	19.4077
992	19.4776
993	19.5488
994	19.6072
995	19.6639
996	19.7164
997	19.7638
998	19.805
999	19.8464
1000	19.8778
1001	19.9069
1002	19.9252
1003	19.9451
1004	19.9597
1005	19.9699
1006	19.9782
1007	19.9867
1008	19.9923
1009	19.9971
1010	20.0043
1011	20.0161
1012	20.0203
1013	20.0282
1014	20.0329
1015	20.0419
1016	20.0528
1017	20.058
1018	20.0668
1019	20.0764
1020	20.0862
1021	20.0973
1022	20.1044
1023	20.1136
1024	20.1189
1025	20.1239
1026	20.1306
1027	20.1383
1028	20.1337
1029	20.1306
1030	20.1273
1031	20.1171
1032	20.1037
1033	20.0907
1034	20.0725
1035	20.0491
1036	20.0205
1037	19.9926
1038	19.9571
1039	19.9133
1040	19.8696
1041	19.8204
1042	19.7678
1043	19.7096
1044	19.6509
1045	19.5884
1046	19.5242
1047	19.4525
1048	19.3808
1049	19.3088
1050	19.2351
1051	19.1632
1052	19.0865
1053	19.0146
1054	18.9438
1055	18.8727
1056	18.8052
1057	18.7416
1058	18.6799
1059	18.623
1060	18.571
1061	18.5258
1062	18.4803
1063	18.4486
1064	18.4242
1065	18.4097
1066	18.4029
1067	18.4026
1068	18.4168
1069	18.441
1070	18.4736
1071	18.5167
1072	18.5631
1073	18.6234
1074	18.6912
1075	18.7676
1076	18.8467
1077	18.9282
1078	19.0128
1079	19.0968
1080	19.183
1081	19.2648
1082	19.3378
1083	19.4062
1084	19.4716
1085	19.5331
1086	19.5851
1087	19.6318
1088	19.6713
1089	19.7054
1090	19.7351
1091	19.765
1092	19.7882
1093	19.8093
1094	19.8367
1095	19.8595
1096	19.882
1097	19.9112
1098	19.9438
1099	19.9811
1100	20.0205
1101	20.0616
1102	20.1023
1103	20.1466
1104	20.1919
1105	20.2373
1106	20.282
1107	20.3216
1108	20.3568
1109	20.3864
1110	20.412
1111	20.4249
1112	20.432
1113	20.4298
1114	20.4158
1115	20.3927
1116	20.3562
1117	20.3095
1118	20.2536
1119	20.1872
1120	20.1094
1121	20.0291
1122	19.9395
1123	19.8448
1124	19.7463
1125	19.6508
1126	19.5456
1127	19.4439
1128	19.3448
1129	19.2478
1130	19.1599
1131	19.0684
1132	18.988
1133	18.9152
1134	18.8521
1135	18.7995
1136	18.7484
1137	18.7038
1138	18.6734
1139	18.6481
1140	18.6305
1141	18.6176
1142	18.6147
1143	18.6186
1144	18.6234
1145	18.6383
1146	18.6576
1147	18.6792
1148	18.7059
1149	18.7347
1150	18.7684
1151	18.8025
1152	18.8387
1153	18.8756
1154	18.9111
1155	18.9454
1156	18.9798
1157	19.0099
1158	19.0425
1159	19.073
1160	19.0954
1161	19.1169
1162	19.135
1163	19.1474
1164	19.1613
1165	19.1699
1166	19.173
1167	19.1742
1168	19.1718
1169	19.1689
1170	19.1658
1171	19.1627
1172	19.1594
1173	19.1565
1174	19.1543
1175	19.1479
1176	19.1452
1177	19.1423
1178	19.1415
1179	19.1426
1180	19.1436
1181	19.1427
1182	19.1429
1183	19.1456
1184	19.1398
1185	19.1394
1186	19.134
1187	19.1264
1188	19.1247
1189	19.1256
1190	19.1227
1191	19.1227
1192	19.1244
1193	19.1256
1194	19.1299
1195	19.1344
1196	19.136
1197	19.1437
1198	19.1554
1199	19.1678
1200	19.184
1201	19.1985
1202	19.2156
1203	19.2335
1204	19.2537
1205	19.2678
1206	19.2857
1207	19.307
1208	19.3225
1209	19.3399
1210	19.3561
1211	19.372
1212	19.3881
1213	19.4018
1214	19.4177
1215	19.4313
1216	19.4475
1217	19.4649
1218	19.4858
1219	19.5046
1220	19.5246
1221	19.5455
1222	19.5669
1223	19.5852
1224	19.6081
1225	19.6307
1226	19.6573
1227	19.6762
1228	19.704
1229	19.728
1230	19.75
1231	19.7721
1232	19.7895
1233	19.7998
1234	19.8129
1235	19.8232
1236	19.8304
1237	19.8349
1238	19.8337
1239	19.8285
1240	19.8212
1241	19.8089
1242	19.7847
1243	19.764
1244	19.7413
1245	19.7127
1246	19.681
1247	19.6523
1248	19.619
1249	19.5909
1250	19.561
1251	19.5258
1252	19.4949
1253	19.4686
1254	19.4383
1255	19.4175
1256	19.4025
1257	19.3873
1258	19.3751
1259	19.3726
1260	19.3667
1261	19.3614
1262	19.3614
1263	19.3639
1264	19.3645
1265	19.3665
1266	19.3694
1267	19.3691
1268	19.3694
1269	19.3644
1270	19.3561
1271	19.3465
1272	19.3311
1273	19.3115
1274	19.2876
1275	19.2607
1276	19.2262
1277	19.1876
1278	19.1444
1279	19.0979
1280	19.0471
1281	18.9912
1282	18.9375
1283	18.8827
1284	18.8248
1285	18.7667
1286	18.7141
1287	18.658
1288	18.6043
1289	18.5538
1290	18.5114
1291	18.4683
1292	18.4297
1293	18.3981
1294	18.3724
1295	18.3544
1296	18.3461
1297	18.3357
1298	18.3295
1299	18.334
1300	18.3428
1301	18.3577
1302	18.3743
1303	18.3943
1304	18.4169
1305	18.447
1306	18.4756
1307	18.5018
1308	18.5358
1309	18.5708
1310	18.6064
1311	18.6424
1312	18.6796
1313	18.7196
1314	18.7612
1315	18.8027
1316	18.846
1317	18.8935
1318	18.9347
1319	18.9783
1320	19.0223
1321	19.071
1322	19.1196
1323	19.1663
1324	19.2188
1325	19.2733
1326	19.3289
1327	19.3856
1328	19.4468
1329	19.5083
1330	19.5708
1331	19.6346
1332	19.7015
1333	19.7696
1334	19.8362
1335	19.9069
1336	19.977
1337	20.0476
1338	20.1138
1339	20.1813
1340	20.2403
1341	20.2969
1342	20.3441
1343	20.3852
1344	20.4162
1345	20.4357
1346	20.4403
1347	20.4401
1348	20.4219
1349	20.3951
1350	20.3545
1351	20.3024
1352	20.2384
1353	20.1639
1354	20.0814
1355	19.9925
1356	19.8943
1357	19.7933
1358	19.6901
1359	19.5817
1360	19.48
1361	19.3824
1362	19.286
1363	19.1983
1364	19.1201
1365	19.0485
1366	18.9876
1367	18.9378
1368	18.8991
1369	18.8683
1370	18.8528
1371	18.8456
1372	18.8482
1373	18.8587
1374	18.8794
1375	18.9097
1376	18.9442
1377	18.9861
1378	19.0345
1379	19.0867
1380	19.145
1381	19.2064
1382	19.2688
1383	19.3376
1384	19.4024
1385	19.4699
1386	19.543
1387	19.6149
1388	19.684
1389	19.757
1390	19.8303
1391	19.9023
1392	19.974
1393	20.0484
1394	20.1196
1395	20.1857
1396	20.2524
1397	20.3212
1398	20.3829
1399	20.4446
1400	20.5017
1401	20.5584
1402	20.6112
1403	20.6622
1404	20.7114
1405	20.7596
1406	20.8034
1407	20.8467
1408	20.8896
1409	20.9353
1410	20.974
1411	21.0127
1412	21.0488
1413	21.0854
1414	21.1204
1415	21.1513
1416	21.1827
1417	21.208
1418	21.2322
1419	21.2511
1420	21.2669
1421	21.2755
1422	21.2833
1423	21.281
1424	21.2719
1425	21.2527
1426	21.227
1427	21.1975
1428	21.1621
1429	21.1199
1430	21.0697
1431	21.0142
1432	20.9557
1433	20.8928
1434	20.8232
1435	20.7522
1436	20.681
1437	20.6046
1438	20.5291
1439	20.4576
1440	20.3839
1441	20.3119
1442	20.2423
1443	20.1743
1444	20.1106
1445	20.0512
1446	19.9991
1447	19.9517
1448	19.9079
1449	19.8715
1450	19.8437
1451	19.823
1452	19.8076
1453	19.8046
1454	19.8048
1455	19.8132
1456	19.8288
1457	19.8484
1458	19.8756
1459	19.9059
1460	19.937
1461	19.9686
1462	20.0051
1463	20.0471
1464	20.0878
1465	20.1277
1466	20.1648
1467	20.2052
1468	20.2459
1469	20.2841
1470	20.3284
1471	20.3719
1472	20.414
1473	20.4567
1474	20.5013
1475	20.5416
1476	20.5824
1477	20.6206
1478	20.6578
1479	20.6902
1480	20.7187
1481	20.7367
1482	20.7493
1483	20.7512
1484	20.7417
1485	20.724
1486	20.696
1487	20.656
1488	20.6077
1489	20.5511
1490	20.4787
1491	20.4007
1492	20.3147
1493	20.2296
1494	20.1406
1495	20.0498
1496	19.961
1497	19.8749
1498	19.7918
1499	19.714
1500	19.6452
1501	19.5796
1502	19.5191
1503	19.4687
1504	19.4244
1505	19.387
1506	19.3544
1507	19.3259
1508	19.3025
1509	19.279
1510	19.2546
1511	19.2339
1512	19.2134
1513	19.19
1514	19.1682
1515	19.1462
1516	19.1208
1517	19.0967
1518	19.0725
1519	19.0478
1520	19.0269
1521	19.0044
1522	18.984
1523	18.9648
1524	18.9505
1525	18.9343
1526	18.9181
1527	18.9054
1528	18.8963
1529	18.8936
1530	18.8882
1531	18.8855
1532	18.8906
1533	18.8937
1534	18.9011
1535	18.9133
1536	18.9339
1537	18.9606
1538	18.9916
1539	19.0306
1540	19.0719
1541	19.1262
1542	19.187
1543	19.2583
1544	19.3382
1545	19.4235
1546	19.5167
1547	19.6179
1548	19.7176
1549	19.819
1550	19.9293
1551	20.0382
1552	20.1427
1553	20.2458
1554	20.3362
1555	20.4216
1556	20.4924
1557	20.5509
1558	20.5968
1559	20.6221
1560	20.6377
1561	20.632
1562	20.6112
1563	20.5766
1564	20.5255
1565	20.4622
1566	20.3841
1567	20.2974
1568	20.2036
1569	20.0994
1570	19.9969
1571	19.8913
1572	19.7883
1573	19.694
1574	19.6046
1575	19.519
1576	19.444
1577	19.3799
1578	19.3264
1579	19.2857
1580	19.2573
1581	19.2369
1582	19.2272
1583	19.2309
1584	19.2469
1585	19.2719
1586	19.3086
1587	19.3516
1588	19.3995
1589	19.4558
1590	19.5174
1591	19.5823
1592	19.6517
1593	19.7213
1594	19.7983
1595	19.8722
1596	19.9508
1597	20.0319
1598	20.1136
1599	20.194
1600	20.2727
1601	20.3513
1602	20.4295
1603	20.512
1604	20.5849
1605	20.6568
1606	20.7243
1607	20.7876
1608	20.8503
1609	20.9044
1610	20.9527
1611	20.9948
1612	21.034
1613	21.0587
1614	21.079
1615	21.092
1616	21.097
1617	21.1009
1618	21.0966
1619	21.084
1620	21.0694
1621	21.0448
1622	21.0231
1623	20.9911
1624	20.9587
1625	20.9234
1626	20.8869
1627	20.8507
1628	20.8144
1629	20.7786
1630	20.7431
1631	20.7075
1632	20.6754
1633	20.6386
1634	20.6004
1635	20.563
1636	20.5231
1637	20.4768
1638	20.4311
1639	20.379
1640	20.3256
1641	20.2664
1642	20.2024
1643	20.1344
1644	20.0616
1645	19.984
1646	19.8998
1647	19.811
1648	19.7197
1649	19.6266
1650	19.531
1651	19.4386
1652	19.3446
1653	19.2482
1654	19.1563
1655	19.0625
1656	18.9774
1657	18.8932
1658	18.8172
1659	18.7412
1660	18.6724
1661	18.6112
1662	18.5557
1663	18.5085
1664	18.4683
1665	18.4317
1666	18.4023
1667	18.38
1668	18.3622
1669	18.3559
1670	18.3534
1671	18.3557
1672	18.3616
1673	18.3758
1674	18.3962
1675	18.4178
1676	18.4411
1677	18.468
1678	18.5002
1679	18.537
1680	18.5719
1681	18.6095
1682	18.6502
1683	18.6913
1684	18.7374
1685	18.7822
1686	18.8302
1687	18.8806
1688	18.9295
1689	18.9797
1690	19.0329
1691	19.0837
1692	19.1363
1693	19.1897
1694	19.2467
1695	19.307
1696	19.3689
1697	19.4345
1698	19.4968
1699	19.5658
1700	19.6401
1701	19.7167
1702	19.7971
1703	19.8805
1704	19.9653
1705	20.06
1706	20.1558
1707	20.2582
1708	20.3628
1709	20.4711
1710	20.5832
1711	20.6943
1712	20.8061
1713	20.9181
1714	21.0214
1715	21.1225
1716	21.2207
1717	21.3035
1718	21.3796
1719	21.442
1720	21.4927
1721	21.5291
1722	21.5509
1723	21.5598
1724	21.5563
1725	21.5396
1726	21.5113
1727	21.4753
1728	21.4283
1729	21.3791
1730	21.3227
1731	21.268
1732	21.2037
1733	21.1448
1734	21.0847
1735	21.0291
1736	20.9749
1737	20.923
1738	20.8749
1739	20.8332
1740	20.7922
1741	20.7495
1742	20.7094
1743	20.6701
1744	20.629
1745	20.5891
1746	20.5428
1747	20.4999
1748	20.4562
1749	20.4111
1750	20.3652
1751	20.3161
1752	20.2708
1753	20.2301
1754	20.1958
1755	20.1632
1756	20.1347
1757	20.1109
1758	20.0898
1759	20.0755
1760	20.0669
1761	20.0653
1762	20.0614
1763	20.0617
1764	20.0561
1765	20.0576
1766	20.0552
1767	20.0535
1768	20.0443
1769	20.034
1770	20.0186
1771	20.0008
1772	19.9777
1773	19.9516
1774	19.9245
1775	19.8955
1776	19.8688
1777	19.8468
1778	19.8266
1779	19.812
1780	19.8079
1781	19.806
1782	19.8098
1783	19.8266
1784	19.8538
1785	19.8905
1786	19.9348
1787	19.9874
1788	20.0461
1789	20.11
1790	20.1788
1791	20.2511
1792	20.3193
1793	20.3898
1794	20.4586
1795	20.5272
1796	20.589
1797	20.646
1798	20.6894
1799	20.7287
1800	20.7597
1801	20.7795
1802	20.7929
1803	20.7946
1804	20.7891
1805	20.7719
1806	20.7503
1807	20.7251
1808	20.6938
1809	20.6629
1810	20.6217
1811	20.5779
1812	20.5341
1813	20.4887
1814	20.4457
1815	20.4031
1816	20.3581
1817	20.316
1818	20.2773
1819	20.2401
1820	20.2025
1821	20.1709
1822	20.1394
1823	20.1097
1824	20.0823
1825	20.0511
1826	20.0214
1827	19.9973
1828	19.9677
1829	19.9405
1830	19.9148
1831	19.8914
1832	19.8669
1833	19.8454
1834	19.8227
1835	19.8037
1836	19.7866
1837	19.7735
1838	19.7622
1839	19.7516
1840	19.7434
1841	19.738
1842	19.732
1843	19.729
1844	19.7301
1845	19.7329
1846	19.7312
1847	19.7337
1848	19.7358
1849	19.7383
1850	19.742
1851	19.7493
1852	19.7578
1853	19.764
1854	19.7761
1855	19.7893
1856	19.804
1857	19.8171
1858	19.8316
1859	19.8471
1860	19.8644
1861	19.8868
1862	19.9029
1863	19.9181
1864	19.9358
1865	19.9466
1866	19.961
1867	19.9726
1868	19.9772
1869	19.9807
1870	19.9808
1871	19.9772
1872	19.971
1873	19.9635
1874	19.958
1875	19.9483
1876	19.9404
1877	19.9332
1878	19.9237
1879	19.9153
1880	19.9096
1881	19.905
1882	19.9045
1883	19.9088
1884	19.9137
1885	19.9214
1886	19.9336
1887	19.949
1888	19.9747
1889	20.0004
1890	20.0307
1891	20.0653
1892	20.0977
1893	20.1389
1894	20.1819
1895	20.2351
1896	20.2887
1897	20.3479
1898	20.4053
1899	20.4698
1900	20.5353
1901	20.6023
1902	20.668
1903	20.7283
1904	20.7886
1905	20.8448
1906	20.894
1907	20.935
1908	20.9656
1909	20.9865
1910	20.992
1911	20.9868
1912	20.9649
1913	20.9301
1914	20.8807
1915	20.8197
1916	20.7457
1917	20.6561
1918	20.5573
1919	20.4468
1920	20.3336
1921	20.2145
1922	20.0915
1923	19.9653
1924	19.8394
1925	19.7169
1926	19.5991
1927	19.4849
1928	19.3801
1929	19.2745
1930	19.1803
1931	19.0988
1932	19.0215
1933	18.9492
1934	18.888
1935	18.8329
1936	18.7867
1937	18.7427
1938	18.7086
1939	18.6731
1940	18.6445
1941	18.6163
1942	18.5971
1943	18.5766
1944	18.5593
1945	18.5437
1946	18.5318
1947	18.5229
1948	18.5159
1949	18.5109
1950	18.5099
1951	18.5103
1952	18.5189
1953	18.5281
1954	18.544
1955	18.5707
1956	18.5997
1957	18.6364
1958	18.6741
1959	18.721
1960	18.7747
1961	18.8374
1962	18.9024
1963	18.975
1964	19.0537
1965	19.1393
1966	19.2312
1967	19.3224
1968	19.4177
1969	19.5131
1970	19.6082
1971	19.7025
1972	19.7924
1973	19.8777
1974	19.959
1975	20.0339
1976	20.099
1977	20.1538
1978	20.1964
1979	20.2311
1980	20.2531
1981	20.2631
1982	20.2634
1983	20.2485
1984	20.2281
1985	20.2006
1986	20.1663
1987	20.1264
1988	20.0826
1989	20.0391
1990	19.9925
1991	19.9509
1992	19.9136
1993	19.8818
1994	19.8554
1995	19.837
1996	19.8288