"","years","Tag","Ring_width(mm)","LongW","LongE","LatN","LatS"
"1",2010,"WR.15",NA,-83.47845,-83.42166,35.07382,35.02734
"2",2010,"BC.5",0.885,-83.47845,-83.42166,35.07382,35.02734
"3",2010,"HC.15",0.763,-83.47845,-83.42166,35.07382,35.02734
"4",2010,"BC.13",NA,-83.47845,-83.42166,35.07382,35.02734
"5",2010,"WR.5",NA,-83.47845,-83.42166,35.07382,35.02734
"6",2010,"BC.10",NA,-83.47845,-83.42166,35.07382,35.02734
"7",2010,"BC.16",NA,-83.47845,-83.42166,35.07382,35.02734
"8",2010,"BC.12",NA,-83.47845,-83.42166,35.07382,35.02734
"9",2010,"WR.8",NA,-83.47845,-83.42166,35.07382,35.02734
"10",2010,"WR.16",NA,-83.47845,-83.42166,35.07382,35.02734
"11",2010,"WR.9",NA,-83.47845,-83.42166,35.07382,35.02734
"12",2010,"WR.4",NA,-83.47845,-83.42166,35.07382,35.02734
"13",2010,"dc.318",NA,-83.47845,-83.42166,35.07382,35.02734
"14",2010,"dc.319",NA,-83.47845,-83.42166,35.07382,35.02734
"15",2010,"ds.546",NA,-83.47845,-83.42166,35.07382,35.02734
"16",2010,"rk.053",NA,-83.47845,-83.42166,35.07382,35.02734
"17",2010,"rk.003",NA,-83.47845,-83.42166,35.07382,35.02734
"18",2009,"WR.15",2.877,-83.47845,-83.42166,35.07382,35.02734
"19",2009,"BC.5",2.536,-83.47845,-83.42166,35.07382,35.02734
"20",2009,"HC.15",0.931,-83.47845,-83.42166,35.07382,35.02734
"21",2009,"BC.13",2.343,-83.47845,-83.42166,35.07382,35.02734
"22",2009,"WR.5",3.558,-83.47845,-83.42166,35.07382,35.02734
"23",2009,"BC.10",1.572,-83.47845,-83.42166,35.07382,35.02734
"24",2009,"BC.16",1.83,-83.47845,-83.42166,35.07382,35.02734
"25",2009,"BC.12",0.586,-83.47845,-83.42166,35.07382,35.02734
"26",2009,"WR.8",NA,-83.47845,-83.42166,35.07382,35.02734
"27",2009,"WR.16",1.67,-83.47845,-83.42166,35.07382,35.02734
"28",2009,"WR.9",1.114,-83.47845,-83.42166,35.07382,35.02734
"29",2009,"WR.4",0.174,-83.47845,-83.42166,35.07382,35.02734
"30",2009,"dc.318",NA,-83.47845,-83.42166,35.07382,35.02734
"31",2009,"dc.319",NA,-83.47845,-83.42166,35.07382,35.02734
"32",2009,"ds.546",NA,-83.47845,-83.42166,35.07382,35.02734
"33",2009,"rk.053",NA,-83.47845,-83.42166,35.07382,35.02734
"34",2009,"rk.003",NA,-83.47845,-83.42166,35.07382,35.02734
"35",2008,"WR.15",2.043,-83.47845,-83.42166,35.07382,35.02734
"36",2008,"BC.5",1.09,-83.47845,-83.42166,35.07382,35.02734
"37",2008,"HC.15",0.836,-83.47845,-83.42166,35.07382,35.02734
"38",2008,"BC.13",1.537,-83.47845,-83.42166,35.07382,35.02734
"39",2008,"WR.5",2.8,-83.47845,-83.42166,35.07382,35.02734
"40",2008,"BC.10",1.374,-83.47845,-83.42166,35.07382,35.02734
"41",2008,"BC.16",1.477,-83.47845,-83.42166,35.07382,35.02734
"42",2008,"BC.12",0.862,-83.47845,-83.42166,35.07382,35.02734
"43",2008,"WR.8",NA,-83.47845,-83.42166,35.07382,35.02734
"44",2008,"WR.16",1.565,-83.47845,-83.42166,35.07382,35.02734
"45",2008,"WR.9",0.845,-83.47845,-83.42166,35.07382,35.02734
"46",2008,"WR.4",0.159,-83.47845,-83.42166,35.07382,35.02734
"47",2008,"dc.318",NA,-83.47845,-83.42166,35.07382,35.02734
"48",2008,"dc.319",NA,-83.47845,-83.42166,35.07382,35.02734
"49",2008,"ds.546",NA,-83.47845,-83.42166,35.07382,35.02734
"50",2008,"rk.053",NA,-83.47845,-83.42166,35.07382,35.02734
"51",2008,"rk.003",NA,-83.47845,-83.42166,35.07382,35.02734
"52",2007,"WR.15",2.334,-83.47845,-83.42166,35.07382,35.02734
"53",2007,"BC.5",2.192,-83.47845,-83.42166,35.07382,35.02734
"54",2007,"HC.15",1.818,-83.47845,-83.42166,35.07382,35.02734
"55",2007,"BC.13",1.897,-83.47845,-83.42166,35.07382,35.02734
"56",2007,"WR.5",3.886,-83.47845,-83.42166,35.07382,35.02734
"57",2007,"BC.10",2.33,-83.47845,-83.42166,35.07382,35.02734
"58",2007,"BC.16",2.304,-83.47845,-83.42166,35.07382,35.02734
"59",2007,"BC.12",1.362,-83.47845,-83.42166,35.07382,35.02734
"60",2007,"WR.8",NA,-83.47845,-83.42166,35.07382,35.02734
"61",2007,"WR.16",3.065,-83.47845,-83.42166,35.07382,35.02734
"62",2007,"WR.9",2.345,-83.47845,-83.42166,35.07382,35.02734
"63",2007,"WR.4",0.289,-83.47845,-83.42166,35.07382,35.02734
"64",2007,"dc.318",NA,-83.47845,-83.42166,35.07382,35.02734
"65",2007,"dc.319",NA,-83.47845,-83.42166,35.07382,35.02734
"66",2007,"ds.546",NA,-83.47845,-83.42166,35.07382,35.02734
"67",2007,"rk.053",NA,-83.47845,-83.42166,35.07382,35.02734
"68",2007,"rk.003",NA,-83.47845,-83.42166,35.07382,35.02734
"69",2006,"WR.15",2.458,-83.47845,-83.42166,35.07382,35.02734
"70",2006,"BC.5",1.408,-83.47845,-83.42166,35.07382,35.02734
"71",2006,"HC.15",0.866,-83.47845,-83.42166,35.07382,35.02734
"72",2006,"BC.13",1.874,-83.47845,-83.42166,35.07382,35.02734
"73",2006,"WR.5",3.535,-83.47845,-83.42166,35.07382,35.02734
"74",2006,"BC.10",1.286,-83.47845,-83.42166,35.07382,35.02734
"75",2006,"BC.16",2.045,-83.47845,-83.42166,35.07382,35.02734
"76",2006,"BC.12",1.935,-83.47845,-83.42166,35.07382,35.02734
"77",2006,"WR.8",NA,-83.47845,-83.42166,35.07382,35.02734
"78",2006,"WR.16",2.161,-83.47845,-83.42166,35.07382,35.02734
"79",2006,"WR.9",1.94,-83.47845,-83.42166,35.07382,35.02734
"80",2006,"WR.4",0.246,-83.47845,-83.42166,35.07382,35.02734
"81",2006,"dc.318",NA,-83.47845,-83.42166,35.07382,35.02734
"82",2006,"dc.319",NA,-83.47845,-83.42166,35.07382,35.02734
"83",2006,"ds.546",NA,-83.47845,-83.42166,35.07382,35.02734
"84",2006,"rk.053",NA,-83.47845,-83.42166,35.07382,35.02734
"85",2006,"rk.003",NA,-83.47845,-83.42166,35.07382,35.02734
"86",2005,"WR.15",2.841,-83.47845,-83.42166,35.07382,35.02734
"87",2005,"BC.5",2.445,-83.47845,-83.42166,35.07382,35.02734
"88",2005,"HC.15",1.429,-83.47845,-83.42166,35.07382,35.02734
"89",2005,"BC.13",1.622,-83.47845,-83.42166,35.07382,35.02734
"90",2005,"WR.5",3.046,-83.47845,-83.42166,35.07382,35.02734
"91",2005,"BC.10",1.277,-83.47845,-83.42166,35.07382,35.02734
"92",2005,"BC.16",1.7,-83.47845,-83.42166,35.07382,35.02734
"93",2005,"BC.12",0.658,-83.47845,-83.42166,35.07382,35.02734
"94",2005,"WR.8",NA,-83.47845,-83.42166,35.07382,35.02734
"95",2005,"WR.16",3.321,-83.47845,-83.42166,35.07382,35.02734
"96",2005,"WR.9",4.272,-83.47845,-83.42166,35.07382,35.02734
"97",2005,"WR.4",0.272,-83.47845,-83.42166,35.07382,35.02734
"98",2005,"dc.318",NA,-83.47845,-83.42166,35.07382,35.02734
"99",2005,"dc.319",NA,-83.47845,-83.42166,35.07382,35.02734
"100",2005,"ds.546",NA,-83.47845,-83.42166,35.07382,35.02734
"101",2005,"rk.053",NA,-83.47845,-83.42166,35.07382,35.02734
"102",2005,"rk.003",NA,-83.47845,-83.42166,35.07382,35.02734
"103",2004,"WR.15",2.238,-83.47845,-83.42166,35.07382,35.02734
"104",2004,"BC.5",2.146,-83.47845,-83.42166,35.07382,35.02734
"105",2004,"HC.15",1.284,-83.47845,-83.42166,35.07382,35.02734
"106",2004,"BC.13",1.587,-83.47845,-83.42166,35.07382,35.02734
"107",2004,"WR.5",2.275,-83.47845,-83.42166,35.07382,35.02734
"108",2004,"BC.10",0.746,-83.47845,-83.42166,35.07382,35.02734
"109",2004,"BC.16",1.735,-83.47845,-83.42166,35.07382,35.02734
"110",2004,"BC.12",0.685,-83.47845,-83.42166,35.07382,35.02734
"111",2004,"WR.8",NA,-83.47845,-83.42166,35.07382,35.02734
"112",2004,"WR.16",2.264,-83.47845,-83.42166,35.07382,35.02734
"113",2004,"WR.9",2.691,-83.47845,-83.42166,35.07382,35.02734
"114",2004,"WR.4",0.483,-83.47845,-83.42166,35.07382,35.02734
"115",2004,"dc.318",NA,-83.47845,-83.42166,35.07382,35.02734
"116",2004,"dc.319",NA,-83.47845,-83.42166,35.07382,35.02734
"117",2004,"ds.546",NA,-83.47845,-83.42166,35.07382,35.02734
"118",2004,"rk.053",NA,-83.47845,-83.42166,35.07382,35.02734
"119",2004,"rk.003",NA,-83.47845,-83.42166,35.07382,35.02734
"120",2003,"WR.15",1.31,-83.47845,-83.42166,35.07382,35.02734
"121",2003,"BC.5",2.66,-83.47845,-83.42166,35.07382,35.02734
"122",2003,"HC.15",0.875,-83.47845,-83.42166,35.07382,35.02734
"123",2003,"BC.13",1.427,-83.47845,-83.42166,35.07382,35.02734
"124",2003,"WR.5",2.106,-83.47845,-83.42166,35.07382,35.02734
"125",2003,"BC.10",0.86,-83.47845,-83.42166,35.07382,35.02734
"126",2003,"BC.16",1.583,-83.47845,-83.42166,35.07382,35.02734
"127",2003,"BC.12",0.632,-83.47845,-83.42166,35.07382,35.02734
"128",2003,"WR.8",NA,-83.47845,-83.42166,35.07382,35.02734
"129",2003,"WR.16",1.688,-83.47845,-83.42166,35.07382,35.02734
"130",2003,"WR.9",2.52,-83.47845,-83.42166,35.07382,35.02734
"131",2003,"WR.4",0.49,-83.47845,-83.42166,35.07382,35.02734
"132",2003,"dc.318",1.059,-83.47845,-83.42166,35.07382,35.02734
"133",2003,"dc.319",NA,-83.47845,-83.42166,35.07382,35.02734
"134",2003,"ds.546",0.04,-83.47845,-83.42166,35.07382,35.02734
"135",2003,"rk.053",0.137,-83.47845,-83.42166,35.07382,35.02734
"136",2003,"rk.003",NA,-83.47845,-83.42166,35.07382,35.02734
"137",2002,"WR.15",1.463,-83.47845,-83.42166,35.07382,35.02734
"138",2002,"BC.5",2.207,-83.47845,-83.42166,35.07382,35.02734
"139",2002,"HC.15",0.601,-83.47845,-83.42166,35.07382,35.02734
"140",2002,"BC.13",1.542,-83.47845,-83.42166,35.07382,35.02734
"141",2002,"WR.5",2.046,-83.47845,-83.42166,35.07382,35.02734
"142",2002,"BC.10",0.83,-83.47845,-83.42166,35.07382,35.02734
"143",2002,"BC.16",1.387,-83.47845,-83.42166,35.07382,35.02734
"144",2002,"BC.12",0.827,-83.47845,-83.42166,35.07382,35.02734
"145",2002,"WR.8",NA,-83.47845,-83.42166,35.07382,35.02734
"146",2002,"WR.16",1.369,-83.47845,-83.42166,35.07382,35.02734
"147",2002,"WR.9",1.608,-83.47845,-83.42166,35.07382,35.02734
"148",2002,"WR.4",0.422,-83.47845,-83.42166,35.07382,35.02734
"149",2002,"dc.318",1.714,-83.47845,-83.42166,35.07382,35.02734
"150",2002,"dc.319",1.053,-83.47845,-83.42166,35.07382,35.02734
"151",2002,"ds.546",0.062,-83.47845,-83.42166,35.07382,35.02734
"152",2002,"rk.053",0.201,-83.47845,-83.42166,35.07382,35.02734
"153",2002,"rk.003",0.089,-83.47845,-83.42166,35.07382,35.02734
"154",2001,"WR.15",1.473,-83.47845,-83.42166,35.07382,35.02734
"155",2001,"BC.5",2.607,-83.47845,-83.42166,35.07382,35.02734
"156",2001,"HC.15",1.389,-83.47845,-83.42166,35.07382,35.02734
"157",2001,"BC.13",1.891,-83.47845,-83.42166,35.07382,35.02734
"158",2001,"WR.5",2.39,-83.47845,-83.42166,35.07382,35.02734
"159",2001,"BC.10",0.993,-83.47845,-83.42166,35.07382,35.02734
"160",2001,"BC.16",1.592,-83.47845,-83.42166,35.07382,35.02734
"161",2001,"BC.12",1.094,-83.47845,-83.42166,35.07382,35.02734
"162",2001,"WR.8",NA,-83.47845,-83.42166,35.07382,35.02734
"163",2001,"WR.16",1.719,-83.47845,-83.42166,35.07382,35.02734
"164",2001,"WR.9",1.274,-83.47845,-83.42166,35.07382,35.02734
"165",2001,"WR.4",0.378,-83.47845,-83.42166,35.07382,35.02734
"166",2001,"dc.318",2.25,-83.47845,-83.42166,35.07382,35.02734
"167",2001,"dc.319",1.038,-83.47845,-83.42166,35.07382,35.02734
"168",2001,"ds.546",0.087,-83.47845,-83.42166,35.07382,35.02734
"169",2001,"rk.053",0.221,-83.47845,-83.42166,35.07382,35.02734
"170",2001,"rk.003",0.084,-83.47845,-83.42166,35.07382,35.02734
"171",2000,"WR.15",1.911,-83.47845,-83.42166,35.07382,35.02734
"172",2000,"BC.5",3.41,-83.47845,-83.42166,35.07382,35.02734
"173",2000,"HC.15",1.604,-83.47845,-83.42166,35.07382,35.02734
"174",2000,"BC.13",2.343,-83.47845,-83.42166,35.07382,35.02734
"175",2000,"WR.5",1.874,-83.47845,-83.42166,35.07382,35.02734
"176",2000,"BC.10",0.86,-83.47845,-83.42166,35.07382,35.02734
"177",2000,"BC.16",1.472,-83.47845,-83.42166,35.07382,35.02734
"178",2000,"BC.12",1.198,-83.47845,-83.42166,35.07382,35.02734
"179",2000,"WR.8",NA,-83.47845,-83.42166,35.07382,35.02734
"180",2000,"WR.16",1.912,-83.47845,-83.42166,35.07382,35.02734
"181",2000,"WR.9",1.764,-83.47845,-83.42166,35.07382,35.02734
"182",2000,"WR.4",0.318,-83.47845,-83.42166,35.07382,35.02734
"183",2000,"dc.318",1.37,-83.47845,-83.42166,35.07382,35.02734
"184",2000,"dc.319",1.554,-83.47845,-83.42166,35.07382,35.02734
"185",2000,"ds.546",0.069,-83.47845,-83.42166,35.07382,35.02734
"186",2000,"rk.053",0.1,-83.47845,-83.42166,35.07382,35.02734
"187",2000,"rk.003",0.048,-83.47845,-83.42166,35.07382,35.02734
"188",1999,"WR.15",2.233,-83.47845,-83.42166,35.07382,35.02734
"189",1999,"BC.5",2.266,-83.47845,-83.42166,35.07382,35.02734
"190",1999,"HC.15",1.986,-83.47845,-83.42166,35.07382,35.02734
"191",1999,"BC.13",2.262,-83.47845,-83.42166,35.07382,35.02734
"192",1999,"WR.5",1.879,-83.47845,-83.42166,35.07382,35.02734
"193",1999,"BC.10",0.673,-83.47845,-83.42166,35.07382,35.02734
"194",1999,"BC.16",2.13,-83.47845,-83.42166,35.07382,35.02734
"195",1999,"BC.12",1.158,-83.47845,-83.42166,35.07382,35.02734
"196",1999,"WR.8",NA,-83.47845,-83.42166,35.07382,35.02734
"197",1999,"WR.16",1.961,-83.47845,-83.42166,35.07382,35.02734
"198",1999,"WR.9",1.195,-83.47845,-83.42166,35.07382,35.02734
"199",1999,"WR.4",0.477,-83.47845,-83.42166,35.07382,35.02734
"200",1999,"dc.318",1.76,-83.47845,-83.42166,35.07382,35.02734
"201",1999,"dc.319",1.145,-83.47845,-83.42166,35.07382,35.02734
"202",1999,"ds.546",0.024,-83.47845,-83.42166,35.07382,35.02734
"203",1999,"rk.053",0.115,-83.47845,-83.42166,35.07382,35.02734
"204",1999,"rk.003",0.065,-83.47845,-83.42166,35.07382,35.02734
"205",1998,"WR.15",1.982,-83.47845,-83.42166,35.07382,35.02734
"206",1998,"BC.5",2.593,-83.47845,-83.42166,35.07382,35.02734
"207",1998,"HC.15",2.732,-83.47845,-83.42166,35.07382,35.02734
"208",1998,"BC.13",3.329,-83.47845,-83.42166,35.07382,35.02734
"209",1998,"WR.5",1.677,-83.47845,-83.42166,35.07382,35.02734
"210",1998,"BC.10",1.213,-83.47845,-83.42166,35.07382,35.02734
"211",1998,"BC.16",1.483,-83.47845,-83.42166,35.07382,35.02734
"212",1998,"BC.12",0.824,-83.47845,-83.42166,35.07382,35.02734
"213",1998,"WR.8",0.247,-83.47845,-83.42166,35.07382,35.02734
"214",1998,"WR.16",2.218,-83.47845,-83.42166,35.07382,35.02734
"215",1998,"WR.9",1.861,-83.47845,-83.42166,35.07382,35.02734
"216",1998,"WR.4",0.408,-83.47845,-83.42166,35.07382,35.02734
"217",1998,"dc.318",1.931,-83.47845,-83.42166,35.07382,35.02734
"218",1998,"dc.319",1.085,-83.47845,-83.42166,35.07382,35.02734
"219",1998,"ds.546",0.044,-83.47845,-83.42166,35.07382,35.02734
"220",1998,"rk.053",0.115,-83.47845,-83.42166,35.07382,35.02734
"221",1998,"rk.003",0.077,-83.47845,-83.42166,35.07382,35.02734
"222",1997,"WR.15",1.862,-83.47845,-83.42166,35.07382,35.02734
"223",1997,"BC.5",1.861,-83.47845,-83.42166,35.07382,35.02734
"224",1997,"HC.15",2.812,-83.47845,-83.42166,35.07382,35.02734
"225",1997,"BC.13",2.01,-83.47845,-83.42166,35.07382,35.02734
"226",1997,"WR.5",1.311,-83.47845,-83.42166,35.07382,35.02734
"227",1997,"BC.10",1.182,-83.47845,-83.42166,35.07382,35.02734
"228",1997,"BC.16",1.487,-83.47845,-83.42166,35.07382,35.02734
"229",1997,"BC.12",0.876,-83.47845,-83.42166,35.07382,35.02734
"230",1997,"WR.8",0.35,-83.47845,-83.42166,35.07382,35.02734
"231",1997,"WR.16",2.36,-83.47845,-83.42166,35.07382,35.02734
"232",1997,"WR.9",1.166,-83.47845,-83.42166,35.07382,35.02734
"233",1997,"WR.4",0.562,-83.47845,-83.42166,35.07382,35.02734
"234",1997,"dc.318",1.367,-83.47845,-83.42166,35.07382,35.02734
"235",1997,"dc.319",0.809,-83.47845,-83.42166,35.07382,35.02734
"236",1997,"ds.546",0.047,-83.47845,-83.42166,35.07382,35.02734
"237",1997,"rk.053",0.113,-83.47845,-83.42166,35.07382,35.02734
"238",1997,"rk.003",0.063,-83.47845,-83.42166,35.07382,35.02734
"239",1996,"WR.15",3.099,-83.47845,-83.42166,35.07382,35.02734
"240",1996,"BC.5",3.192,-83.47845,-83.42166,35.07382,35.02734
"241",1996,"HC.15",3.273,-83.47845,-83.42166,35.07382,35.02734
"242",1996,"BC.13",2.591,-83.47845,-83.42166,35.07382,35.02734
"243",1996,"WR.5",1.644,-83.47845,-83.42166,35.07382,35.02734
"244",1996,"BC.10",1.816,-83.47845,-83.42166,35.07382,35.02734
"245",1996,"BC.16",2.018,-83.47845,-83.42166,35.07382,35.02734
"246",1996,"BC.12",0.878,-83.47845,-83.42166,35.07382,35.02734
"247",1996,"WR.8",0.471,-83.47845,-83.42166,35.07382,35.02734
"248",1996,"WR.16",2.552,-83.47845,-83.42166,35.07382,35.02734
"249",1996,"WR.9",1.79,-83.47845,-83.42166,35.07382,35.02734
"250",1996,"WR.4",0.678,-83.47845,-83.42166,35.07382,35.02734
"251",1996,"dc.318",1.9,-83.47845,-83.42166,35.07382,35.02734
"252",1996,"dc.319",0.62,-83.47845,-83.42166,35.07382,35.02734
"253",1996,"ds.546",0.107,-83.47845,-83.42166,35.07382,35.02734
"254",1996,"rk.053",0.188,-83.47845,-83.42166,35.07382,35.02734
"255",1996,"rk.003",0.063,-83.47845,-83.42166,35.07382,35.02734
"256",1995,"WR.15",3.091,-83.47845,-83.42166,35.07382,35.02734
"257",1995,"BC.5",2.559,-83.47845,-83.42166,35.07382,35.02734
"258",1995,"HC.15",3.398,-83.47845,-83.42166,35.07382,35.02734
"259",1995,"BC.13",3.009,-83.47845,-83.42166,35.07382,35.02734
"260",1995,"WR.5",1.55,-83.47845,-83.42166,35.07382,35.02734
"261",1995,"BC.10",1.334,-83.47845,-83.42166,35.07382,35.02734
"262",1995,"BC.16",2.055,-83.47845,-83.42166,35.07382,35.02734
"263",1995,"BC.12",0.776,-83.47845,-83.42166,35.07382,35.02734
"264",1995,"WR.8",0.492,-83.47845,-83.42166,35.07382,35.02734
"265",1995,"WR.16",1.482,-83.47845,-83.42166,35.07382,35.02734
"266",1995,"WR.9",1.726,-83.47845,-83.42166,35.07382,35.02734
"267",1995,"WR.4",0.711,-83.47845,-83.42166,35.07382,35.02734
"268",1995,"dc.318",1.629,-83.47845,-83.42166,35.07382,35.02734
"269",1995,"dc.319",0.651,-83.47845,-83.42166,35.07382,35.02734
"270",1995,"ds.546",0.1,-83.47845,-83.42166,35.07382,35.02734
"271",1995,"rk.053",0.13,-83.47845,-83.42166,35.07382,35.02734
"272",1995,"rk.003",0.12,-83.47845,-83.42166,35.07382,35.02734
"273",1994,"WR.15",2.67,-83.47845,-83.42166,35.07382,35.02734
"274",1994,"BC.5",2.864,-83.47845,-83.42166,35.07382,35.02734
"275",1994,"HC.15",4.901,-83.47845,-83.42166,35.07382,35.02734
"276",1994,"BC.13",2.544,-83.47845,-83.42166,35.07382,35.02734
"277",1994,"WR.5",2.042,-83.47845,-83.42166,35.07382,35.02734
"278",1994,"BC.10",1.21,-83.47845,-83.42166,35.07382,35.02734
"279",1994,"BC.16",2.305,-83.47845,-83.42166,35.07382,35.02734
"280",1994,"BC.12",0.822,-83.47845,-83.42166,35.07382,35.02734
"281",1994,"WR.8",0.4,-83.47845,-83.42166,35.07382,35.02734
"282",1994,"WR.16",1.073,-83.47845,-83.42166,35.07382,35.02734
"283",1994,"WR.9",2.249,-83.47845,-83.42166,35.07382,35.02734
"284",1994,"WR.4",0.621,-83.47845,-83.42166,35.07382,35.02734
"285",1994,"dc.318",2.07,-83.47845,-83.42166,35.07382,35.02734
"286",1994,"dc.319",1.895,-83.47845,-83.42166,35.07382,35.02734
"287",1994,"ds.546",0.082,-83.47845,-83.42166,35.07382,35.02734
"288",1994,"rk.053",0.152,-83.47845,-83.42166,35.07382,35.02734
"289",1994,"rk.003",0.18,-83.47845,-83.42166,35.07382,35.02734
"290",1993,"WR.15",2.351,-83.47845,-83.42166,35.07382,35.02734
"291",1993,"BC.5",2.791,-83.47845,-83.42166,35.07382,35.02734
"292",1993,"HC.15",1.89,-83.47845,-83.42166,35.07382,35.02734
"293",1993,"BC.13",1.613,-83.47845,-83.42166,35.07382,35.02734
"294",1993,"WR.5",1.314,-83.47845,-83.42166,35.07382,35.02734
"295",1993,"BC.10",0.915,-83.47845,-83.42166,35.07382,35.02734
"296",1993,"BC.16",1.545,-83.47845,-83.42166,35.07382,35.02734
"297",1993,"BC.12",0.773,-83.47845,-83.42166,35.07382,35.02734
"298",1993,"WR.8",0.843,-83.47845,-83.42166,35.07382,35.02734
"299",1993,"WR.16",1.13,-83.47845,-83.42166,35.07382,35.02734
"300",1993,"WR.9",1.232,-83.47845,-83.42166,35.07382,35.02734
"301",1993,"WR.4",0.617,-83.47845,-83.42166,35.07382,35.02734
"302",1993,"dc.318",1.006,-83.47845,-83.42166,35.07382,35.02734
"303",1993,"dc.319",2.04,-83.47845,-83.42166,35.07382,35.02734
"304",1993,"ds.546",0.096,-83.47845,-83.42166,35.07382,35.02734
"305",1993,"rk.053",0.159,-83.47845,-83.42166,35.07382,35.02734
"306",1993,"rk.003",0.139,-83.47845,-83.42166,35.07382,35.02734
"307",1992,"WR.15",2.382,-83.47845,-83.42166,35.07382,35.02734
"308",1992,"BC.5",2.637,-83.47845,-83.42166,35.07382,35.02734
"309",1992,"HC.15",2.216,-83.47845,-83.42166,35.07382,35.02734
"310",1992,"BC.13",1.151,-83.47845,-83.42166,35.07382,35.02734
"311",1992,"WR.5",1.498,-83.47845,-83.42166,35.07382,35.02734
"312",1992,"BC.10",0.977,-83.47845,-83.42166,35.07382,35.02734
"313",1992,"BC.16",1.79,-83.47845,-83.42166,35.07382,35.02734
"314",1992,"BC.12",0.397,-83.47845,-83.42166,35.07382,35.02734
"315",1992,"WR.8",0.803,-83.47845,-83.42166,35.07382,35.02734
"316",1992,"WR.16",0.795,-83.47845,-83.42166,35.07382,35.02734
"317",1992,"WR.9",1.578,-83.47845,-83.42166,35.07382,35.02734
"318",1992,"WR.4",0.67,-83.47845,-83.42166,35.07382,35.02734
"319",1992,"dc.318",1.173,-83.47845,-83.42166,35.07382,35.02734
"320",1992,"dc.319",1.025,-83.47845,-83.42166,35.07382,35.02734
"321",1992,"ds.546",0.063,-83.47845,-83.42166,35.07382,35.02734
"322",1992,"rk.053",0.125,-83.47845,-83.42166,35.07382,35.02734
"323",1992,"rk.003",0.064,-83.47845,-83.42166,35.07382,35.02734
"324",1991,"WR.15",2.002,-83.47845,-83.42166,35.07382,35.02734
"325",1991,"BC.5",1.394,-83.47845,-83.42166,35.07382,35.02734
"326",1991,"HC.15",1.74,-83.47845,-83.42166,35.07382,35.02734
"327",1991,"BC.13",1.224,-83.47845,-83.42166,35.07382,35.02734
"328",1991,"WR.5",1.566,-83.47845,-83.42166,35.07382,35.02734
"329",1991,"BC.10",0.618,-83.47845,-83.42166,35.07382,35.02734
"330",1991,"BC.16",1.303,-83.47845,-83.42166,35.07382,35.02734
"331",1991,"BC.12",0.091,-83.47845,-83.42166,35.07382,35.02734
"332",1991,"WR.8",0.668,-83.47845,-83.42166,35.07382,35.02734
"333",1991,"WR.16",0.84,-83.47845,-83.42166,35.07382,35.02734
"334",1991,"WR.9",2.418,-83.47845,-83.42166,35.07382,35.02734
"335",1991,"WR.4",0.373,-83.47845,-83.42166,35.07382,35.02734
"336",1991,"dc.318",1.082,-83.47845,-83.42166,35.07382,35.02734
"337",1991,"dc.319",0.728,-83.47845,-83.42166,35.07382,35.02734
"338",1991,"ds.546",0.035,-83.47845,-83.42166,35.07382,35.02734
"339",1991,"rk.053",0.102,-83.47845,-83.42166,35.07382,35.02734
"340",1991,"rk.003",0.065,-83.47845,-83.42166,35.07382,35.02734
"341",1990,"WR.15",2.656,-83.47845,-83.42166,35.07382,35.02734
"342",1990,"BC.5",3.77,-83.47845,-83.42166,35.07382,35.02734
"343",1990,"HC.15",1.942,-83.47845,-83.42166,35.07382,35.02734
"344",1990,"BC.13",1.387,-83.47845,-83.42166,35.07382,35.02734
"345",1990,"WR.5",1.081,-83.47845,-83.42166,35.07382,35.02734
"346",1990,"BC.10",0.998,-83.47845,-83.42166,35.07382,35.02734
"347",1990,"BC.16",1.126,-83.47845,-83.42166,35.07382,35.02734
"348",1990,"BC.12",0.274,-83.47845,-83.42166,35.07382,35.02734
"349",1990,"WR.8",0.721,-83.47845,-83.42166,35.07382,35.02734
"350",1990,"WR.16",0.766,-83.47845,-83.42166,35.07382,35.02734
"351",1990,"WR.9",1.983,-83.47845,-83.42166,35.07382,35.02734
"352",1990,"WR.4",0.656,-83.47845,-83.42166,35.07382,35.02734
"353",1990,"dc.318",1.428,-83.47845,-83.42166,35.07382,35.02734
"354",1990,"dc.319",1.139,-83.47845,-83.42166,35.07382,35.02734
"355",1990,"ds.546",0.068,-83.47845,-83.42166,35.07382,35.02734
"356",1990,"rk.053",0.149,-83.47845,-83.42166,35.07382,35.02734
"357",1990,"rk.003",0.104,-83.47845,-83.42166,35.07382,35.02734
"358",1989,"WR.15",1.812,-83.47845,-83.42166,35.07382,35.02734
"359",1989,"BC.5",2.326,-83.47845,-83.42166,35.07382,35.02734
"360",1989,"HC.15",2.638,-83.47845,-83.42166,35.07382,35.02734
"361",1989,"BC.13",1.253,-83.47845,-83.42166,35.07382,35.02734
"362",1989,"WR.5",1.613,-83.47845,-83.42166,35.07382,35.02734
"363",1989,"BC.10",1.026,-83.47845,-83.42166,35.07382,35.02734
"364",1989,"BC.16",0.942,-83.47845,-83.42166,35.07382,35.02734
"365",1989,"BC.12",0.207,-83.47845,-83.42166,35.07382,35.02734
"366",1989,"WR.8",0.396,-83.47845,-83.42166,35.07382,35.02734
"367",1989,"WR.16",1.193,-83.47845,-83.42166,35.07382,35.02734
"368",1989,"WR.9",2.211,-83.47845,-83.42166,35.07382,35.02734
"369",1989,"WR.4",0.834,-83.47845,-83.42166,35.07382,35.02734
"370",1989,"dc.318",1.347,-83.47845,-83.42166,35.07382,35.02734
"371",1989,"dc.319",1.09,-83.47845,-83.42166,35.07382,35.02734
"372",1989,"ds.546",0.074,-83.47845,-83.42166,35.07382,35.02734
"373",1989,"rk.053",0.137,-83.47845,-83.42166,35.07382,35.02734
"374",1989,"rk.003",0.182,-83.47845,-83.42166,35.07382,35.02734
"375",1988,"WR.15",1.426,-83.47845,-83.42166,35.07382,35.02734
"376",1988,"BC.5",1.702,-83.47845,-83.42166,35.07382,35.02734
"377",1988,"HC.15",1.386,-83.47845,-83.42166,35.07382,35.02734
"378",1988,"BC.13",1.216,-83.47845,-83.42166,35.07382,35.02734
"379",1988,"WR.5",0.825,-83.47845,-83.42166,35.07382,35.02734
"380",1988,"BC.10",0.573,-83.47845,-83.42166,35.07382,35.02734
"381",1988,"BC.16",0.824,-83.47845,-83.42166,35.07382,35.02734
"382",1988,"BC.12",0.167,-83.47845,-83.42166,35.07382,35.02734
"383",1988,"WR.8",0.282,-83.47845,-83.42166,35.07382,35.02734
"384",1988,"WR.16",0.885,-83.47845,-83.42166,35.07382,35.02734
"385",1988,"WR.9",1.258,-83.47845,-83.42166,35.07382,35.02734
"386",1988,"WR.4",0.826,-83.47845,-83.42166,35.07382,35.02734
"387",1988,"dc.318",1.982,-83.47845,-83.42166,35.07382,35.02734
"388",1988,"dc.319",1.297,-83.47845,-83.42166,35.07382,35.02734
"389",1988,"ds.546",0.066,-83.47845,-83.42166,35.07382,35.02734
"390",1988,"rk.053",0.125,-83.47845,-83.42166,35.07382,35.02734
"391",1988,"rk.003",0.143,-83.47845,-83.42166,35.07382,35.02734
"392",1987,"WR.15",2.09,-83.47845,-83.42166,35.07382,35.02734
"393",1987,"BC.5",3.744,-83.47845,-83.42166,35.07382,35.02734
"394",1987,"HC.15",3.017,-83.47845,-83.42166,35.07382,35.02734
"395",1987,"BC.13",1.908,-83.47845,-83.42166,35.07382,35.02734
"396",1987,"WR.5",1.898,-83.47845,-83.42166,35.07382,35.02734
"397",1987,"BC.10",1.022,-83.47845,-83.42166,35.07382,35.02734
"398",1987,"BC.16",1.22,-83.47845,-83.42166,35.07382,35.02734
"399",1987,"BC.12",0.214,-83.47845,-83.42166,35.07382,35.02734
"400",1987,"WR.8",0.527,-83.47845,-83.42166,35.07382,35.02734
"401",1987,"WR.16",1.12,-83.47845,-83.42166,35.07382,35.02734
"402",1987,"WR.9",1.337,-83.47845,-83.42166,35.07382,35.02734
"403",1987,"WR.4",0.879,-83.47845,-83.42166,35.07382,35.02734
"404",1987,"dc.318",2.083,-83.47845,-83.42166,35.07382,35.02734
"405",1987,"dc.319",1.457,-83.47845,-83.42166,35.07382,35.02734
"406",1987,"ds.546",0.155,-83.47845,-83.42166,35.07382,35.02734
"407",1987,"rk.053",0.136,-83.47845,-83.42166,35.07382,35.02734
"408",1987,"rk.003",0.192,-83.47845,-83.42166,35.07382,35.02734
"409",1986,"WR.15",1.694,-83.47845,-83.42166,35.07382,35.02734
"410",1986,"BC.5",1.262,-83.47845,-83.42166,35.07382,35.02734
"411",1986,"HC.15",2.01,-83.47845,-83.42166,35.07382,35.02734
"412",1986,"BC.13",1.084,-83.47845,-83.42166,35.07382,35.02734
"413",1986,"WR.5",1.259,-83.47845,-83.42166,35.07382,35.02734
"414",1986,"BC.10",0.542,-83.47845,-83.42166,35.07382,35.02734
"415",1986,"BC.16",0.99,-83.47845,-83.42166,35.07382,35.02734
"416",1986,"BC.12",0.216,-83.47845,-83.42166,35.07382,35.02734
"417",1986,"WR.8",0.353,-83.47845,-83.42166,35.07382,35.02734
"418",1986,"WR.16",0.983,-83.47845,-83.42166,35.07382,35.02734
"419",1986,"WR.9",0.918,-83.47845,-83.42166,35.07382,35.02734
"420",1986,"WR.4",0.961,-83.47845,-83.42166,35.07382,35.02734
"421",1986,"dc.318",1.764,-83.47845,-83.42166,35.07382,35.02734
"422",1986,"dc.319",1.268,-83.47845,-83.42166,35.07382,35.02734
"423",1986,"ds.546",0.066,-83.47845,-83.42166,35.07382,35.02734
"424",1986,"rk.053",0.153,-83.47845,-83.42166,35.07382,35.02734
"425",1986,"rk.003",0.132,-83.47845,-83.42166,35.07382,35.02734
"426",1985,"WR.15",1.632,-83.47845,-83.42166,35.07382,35.02734
"427",1985,"BC.5",2.335,-83.47845,-83.42166,35.07382,35.02734
"428",1985,"HC.15",3.3,-83.47845,-83.42166,35.07382,35.02734
"429",1985,"BC.13",1.258,-83.47845,-83.42166,35.07382,35.02734
"430",1985,"WR.5",1.981,-83.47845,-83.42166,35.07382,35.02734
"431",1985,"BC.10",0.721,-83.47845,-83.42166,35.07382,35.02734
"432",1985,"BC.16",1.019,-83.47845,-83.42166,35.07382,35.02734
"433",1985,"BC.12",0.31,-83.47845,-83.42166,35.07382,35.02734
"434",1985,"WR.8",0.627,-83.47845,-83.42166,35.07382,35.02734
"435",1985,"WR.16",0.902,-83.47845,-83.42166,35.07382,35.02734
"436",1985,"WR.9",1.345,-83.47845,-83.42166,35.07382,35.02734
"437",1985,"WR.4",1.197,-83.47845,-83.42166,35.07382,35.02734
"438",1985,"dc.318",1.576,-83.47845,-83.42166,35.07382,35.02734
"439",1985,"dc.319",1.435,-83.47845,-83.42166,35.07382,35.02734
"440",1985,"ds.546",0.078,-83.47845,-83.42166,35.07382,35.02734
"441",1985,"rk.053",0.143,-83.47845,-83.42166,35.07382,35.02734
"442",1985,"rk.003",0.202,-83.47845,-83.42166,35.07382,35.02734
"443",1984,"WR.15",0.698,-83.47845,-83.42166,35.07382,35.02734
"444",1984,"BC.5",2.62,-83.47845,-83.42166,35.07382,35.02734
"445",1984,"HC.15",3.327,-83.47845,-83.42166,35.07382,35.02734
"446",1984,"BC.13",1.448,-83.47845,-83.42166,35.07382,35.02734
"447",1984,"WR.5",1.185,-83.47845,-83.42166,35.07382,35.02734
"448",1984,"BC.10",0.927,-83.47845,-83.42166,35.07382,35.02734
"449",1984,"BC.16",1.081,-83.47845,-83.42166,35.07382,35.02734
"450",1984,"BC.12",0.369,-83.47845,-83.42166,35.07382,35.02734
"451",1984,"WR.8",0.96,-83.47845,-83.42166,35.07382,35.02734
"452",1984,"WR.16",1.084,-83.47845,-83.42166,35.07382,35.02734
"453",1984,"WR.9",0.955,-83.47845,-83.42166,35.07382,35.02734
"454",1984,"WR.4",1.199,-83.47845,-83.42166,35.07382,35.02734
"455",1984,"dc.318",2.106,-83.47845,-83.42166,35.07382,35.02734
"456",1984,"dc.319",1.346,-83.47845,-83.42166,35.07382,35.02734
"457",1984,"ds.546",0.081,-83.47845,-83.42166,35.07382,35.02734
"458",1984,"rk.053",0.175,-83.47845,-83.42166,35.07382,35.02734
"459",1984,"rk.003",0.142,-83.47845,-83.42166,35.07382,35.02734
"460",1983,"WR.15",1.071,-83.47845,-83.42166,35.07382,35.02734
"461",1983,"BC.5",2.783,-83.47845,-83.42166,35.07382,35.02734
"462",1983,"HC.15",3.997,-83.47845,-83.42166,35.07382,35.02734
"463",1983,"BC.13",1.618,-83.47845,-83.42166,35.07382,35.02734
"464",1983,"WR.5",1.679,-83.47845,-83.42166,35.07382,35.02734
"465",1983,"BC.10",1.186,-83.47845,-83.42166,35.07382,35.02734
"466",1983,"BC.16",1.52,-83.47845,-83.42166,35.07382,35.02734
"467",1983,"BC.12",0.739,-83.47845,-83.42166,35.07382,35.02734
"468",1983,"WR.8",1.013,-83.47845,-83.42166,35.07382,35.02734
"469",1983,"WR.16",1.399,-83.47845,-83.42166,35.07382,35.02734
"470",1983,"WR.9",1.588,-83.47845,-83.42166,35.07382,35.02734
"471",1983,"WR.4",1.652,-83.47845,-83.42166,35.07382,35.02734
"472",1983,"dc.318",1.857,-83.47845,-83.42166,35.07382,35.02734
"473",1983,"dc.319",1.876,-83.47845,-83.42166,35.07382,35.02734
"474",1983,"ds.546",0.122,-83.47845,-83.42166,35.07382,35.02734
"475",1983,"rk.053",0.356,-83.47845,-83.42166,35.07382,35.02734
"476",1983,"rk.003",0.207,-83.47845,-83.42166,35.07382,35.02734
"477",1982,"WR.15",1.078,-83.47845,-83.42166,35.07382,35.02734
"478",1982,"BC.5",1.842,-83.47845,-83.42166,35.07382,35.02734
"479",1982,"HC.15",4.118,-83.47845,-83.42166,35.07382,35.02734
"480",1982,"BC.13",1.414,-83.47845,-83.42166,35.07382,35.02734
"481",1982,"WR.5",2.4,-83.47845,-83.42166,35.07382,35.02734
"482",1982,"BC.10",0.949,-83.47845,-83.42166,35.07382,35.02734
"483",1982,"BC.16",1.876,-83.47845,-83.42166,35.07382,35.02734
"484",1982,"BC.12",0.623,-83.47845,-83.42166,35.07382,35.02734
"485",1982,"WR.8",0.784,-83.47845,-83.42166,35.07382,35.02734
"486",1982,"WR.16",1.688,-83.47845,-83.42166,35.07382,35.02734
"487",1982,"WR.9",1.002,-83.47845,-83.42166,35.07382,35.02734
"488",1982,"WR.4",1.469,-83.47845,-83.42166,35.07382,35.02734
"489",1982,"dc.318",2.05,-83.47845,-83.42166,35.07382,35.02734
"490",1982,"dc.319",1.497,-83.47845,-83.42166,35.07382,35.02734
"491",1982,"ds.546",0.179,-83.47845,-83.42166,35.07382,35.02734
"492",1982,"rk.053",0.247,-83.47845,-83.42166,35.07382,35.02734
"493",1982,"rk.003",0.216,-83.47845,-83.42166,35.07382,35.02734
"494",1981,"WR.15",2.296,-83.47845,-83.42166,35.07382,35.02734
"495",1981,"BC.5",3.065,-83.47845,-83.42166,35.07382,35.02734
"496",1981,"HC.15",NA,-83.47845,-83.42166,35.07382,35.02734
"497",1981,"BC.13",1.689,-83.47845,-83.42166,35.07382,35.02734
"498",1981,"WR.5",2.207,-83.47845,-83.42166,35.07382,35.02734
"499",1981,"BC.10",1.228,-83.47845,-83.42166,35.07382,35.02734
"500",1981,"BC.16",1.943,-83.47845,-83.42166,35.07382,35.02734
"501",1981,"BC.12",0.635,-83.47845,-83.42166,35.07382,35.02734
"502",1981,"WR.8",0.94,-83.47845,-83.42166,35.07382,35.02734
"503",1981,"WR.16",1.856,-83.47845,-83.42166,35.07382,35.02734
"504",1981,"WR.9",1.239,-83.47845,-83.42166,35.07382,35.02734
"505",1981,"WR.4",1.432,-83.47845,-83.42166,35.07382,35.02734
"506",1981,"dc.318",2.487,-83.47845,-83.42166,35.07382,35.02734
"507",1981,"dc.319",1.857,-83.47845,-83.42166,35.07382,35.02734
"508",1981,"ds.546",0.115,-83.47845,-83.42166,35.07382,35.02734
"509",1981,"rk.053",0.268,-83.47845,-83.42166,35.07382,35.02734
"510",1981,"rk.003",0.321,-83.47845,-83.42166,35.07382,35.02734
"511",1980,"WR.15",2.308,-83.47845,-83.42166,35.07382,35.02734
"512",1980,"BC.5",2.939,-83.47845,-83.42166,35.07382,35.02734
"513",1980,"HC.15",NA,-83.47845,-83.42166,35.07382,35.02734
"514",1980,"BC.13",1.701,-83.47845,-83.42166,35.07382,35.02734
"515",1980,"WR.5",2.171,-83.47845,-83.42166,35.07382,35.02734
"516",1980,"BC.10",1.777,-83.47845,-83.42166,35.07382,35.02734
"517",1980,"BC.16",1.655,-83.47845,-83.42166,35.07382,35.02734
"518",1980,"BC.12",0.624,-83.47845,-83.42166,35.07382,35.02734
"519",1980,"WR.8",0.749,-83.47845,-83.42166,35.07382,35.02734
"520",1980,"WR.16",1.933,-83.47845,-83.42166,35.07382,35.02734
"521",1980,"WR.9",1.724,-83.47845,-83.42166,35.07382,35.02734
"522",1980,"WR.4",1.455,-83.47845,-83.42166,35.07382,35.02734
"523",1980,"dc.318",1.952,-83.47845,-83.42166,35.07382,35.02734
"524",1980,"dc.319",1.823,-83.47845,-83.42166,35.07382,35.02734
"525",1980,"ds.546",0.093,-83.47845,-83.42166,35.07382,35.02734
"526",1980,"rk.053",0.217,-83.47845,-83.42166,35.07382,35.02734
"527",1980,"rk.003",0.284,-83.47845,-83.42166,35.07382,35.02734
"528",1979,"WR.15",1.911,-83.47845,-83.42166,35.07382,35.02734
"529",1979,"BC.5",1.938,-83.47845,-83.42166,35.07382,35.02734
"530",1979,"HC.15",NA,-83.47845,-83.42166,35.07382,35.02734
"531",1979,"BC.13",1.408,-83.47845,-83.42166,35.07382,35.02734
"532",1979,"WR.5",2.454,-83.47845,-83.42166,35.07382,35.02734
"533",1979,"BC.10",1.372,-83.47845,-83.42166,35.07382,35.02734
"534",1979,"BC.16",2.002,-83.47845,-83.42166,35.07382,35.02734
"535",1979,"BC.12",0.523,-83.47845,-83.42166,35.07382,35.02734
"536",1979,"WR.8",0.425,-83.47845,-83.42166,35.07382,35.02734
"537",1979,"WR.16",1.402,-83.47845,-83.42166,35.07382,35.02734
"538",1979,"WR.9",1.995,-83.47845,-83.42166,35.07382,35.02734
"539",1979,"WR.4",1.238,-83.47845,-83.42166,35.07382,35.02734
"540",1979,"dc.318",1.23,-83.47845,-83.42166,35.07382,35.02734
"541",1979,"dc.319",1.636,-83.47845,-83.42166,35.07382,35.02734
"542",1979,"ds.546",0.061,-83.47845,-83.42166,35.07382,35.02734
"543",1979,"rk.053",0.141,-83.47845,-83.42166,35.07382,35.02734
"544",1979,"rk.003",0.18,-83.47845,-83.42166,35.07382,35.02734
"545",1978,"WR.15",2.442,-83.47845,-83.42166,35.07382,35.02734
"546",1978,"BC.5",2.044,-83.47845,-83.42166,35.07382,35.02734
"547",1978,"HC.15",NA,-83.47845,-83.42166,35.07382,35.02734
"548",1978,"BC.13",2,-83.47845,-83.42166,35.07382,35.02734
"549",1978,"WR.5",2.144,-83.47845,-83.42166,35.07382,35.02734
"550",1978,"BC.10",1.027,-83.47845,-83.42166,35.07382,35.02734
"551",1978,"BC.16",1.676,-83.47845,-83.42166,35.07382,35.02734
"552",1978,"BC.12",0.876,-83.47845,-83.42166,35.07382,35.02734
"553",1978,"WR.8",0.854,-83.47845,-83.42166,35.07382,35.02734
"554",1978,"WR.16",1.582,-83.47845,-83.42166,35.07382,35.02734
"555",1978,"WR.9",1.541,-83.47845,-83.42166,35.07382,35.02734
"556",1978,"WR.4",1.296,-83.47845,-83.42166,35.07382,35.02734
"557",1978,"dc.318",1.691,-83.47845,-83.42166,35.07382,35.02734
"558",1978,"dc.319",1.005,-83.47845,-83.42166,35.07382,35.02734
"559",1978,"ds.546",0.112,-83.47845,-83.42166,35.07382,35.02734
"560",1978,"rk.053",0.141,-83.47845,-83.42166,35.07382,35.02734
"561",1978,"rk.003",0.176,-83.47845,-83.42166,35.07382,35.02734
"562",1977,"WR.15",2.911,-83.47845,-83.42166,35.07382,35.02734
"563",1977,"BC.5",2.907,-83.47845,-83.42166,35.07382,35.02734
"564",1977,"HC.15",NA,-83.47845,-83.42166,35.07382,35.02734
"565",1977,"BC.13",2.798,-83.47845,-83.42166,35.07382,35.02734
"566",1977,"WR.5",3.423,-83.47845,-83.42166,35.07382,35.02734
"567",1977,"BC.10",1.742,-83.47845,-83.42166,35.07382,35.02734
"568",1977,"BC.16",2.086,-83.47845,-83.42166,35.07382,35.02734
"569",1977,"BC.12",0.996,-83.47845,-83.42166,35.07382,35.02734
"570",1977,"WR.8",0.96,-83.47845,-83.42166,35.07382,35.02734
"571",1977,"WR.16",2.111,-83.47845,-83.42166,35.07382,35.02734
"572",1977,"WR.9",1.754,-83.47845,-83.42166,35.07382,35.02734
"573",1977,"WR.4",1.729,-83.47845,-83.42166,35.07382,35.02734
"574",1977,"dc.318",2.11,-83.47845,-83.42166,35.07382,35.02734
"575",1977,"dc.319",1.807,-83.47845,-83.42166,35.07382,35.02734
"576",1977,"ds.546",0.114,-83.47845,-83.42166,35.07382,35.02734
"577",1977,"rk.053",0.17,-83.47845,-83.42166,35.07382,35.02734
"578",1977,"rk.003",0.279,-83.47845,-83.42166,35.07382,35.02734
"579",1976,"WR.15",3.249,-83.47845,-83.42166,35.07382,35.02734
"580",1976,"BC.5",3.29,-83.47845,-83.42166,35.07382,35.02734
"581",1976,"HC.15",NA,-83.47845,-83.42166,35.07382,35.02734
"582",1976,"BC.13",2.809,-83.47845,-83.42166,35.07382,35.02734
"583",1976,"WR.5",3.728,-83.47845,-83.42166,35.07382,35.02734
"584",1976,"BC.10",1.862,-83.47845,-83.42166,35.07382,35.02734
"585",1976,"BC.16",1.99,-83.47845,-83.42166,35.07382,35.02734
"586",1976,"BC.12",0.876,-83.47845,-83.42166,35.07382,35.02734
"587",1976,"WR.8",0.635,-83.47845,-83.42166,35.07382,35.02734
"588",1976,"WR.16",2.44,-83.47845,-83.42166,35.07382,35.02734
"589",1976,"WR.9",2.07,-83.47845,-83.42166,35.07382,35.02734
"590",1976,"WR.4",2.285,-83.47845,-83.42166,35.07382,35.02734
"591",1976,"dc.318",1.802,-83.47845,-83.42166,35.07382,35.02734
"592",1976,"dc.319",2.278,-83.47845,-83.42166,35.07382,35.02734
"593",1976,"ds.546",0.102,-83.47845,-83.42166,35.07382,35.02734
"594",1976,"rk.053",0.143,-83.47845,-83.42166,35.07382,35.02734
"595",1976,"rk.003",0.264,-83.47845,-83.42166,35.07382,35.02734
"596",1975,"WR.15",3.475,-83.47845,-83.42166,35.07382,35.02734
"597",1975,"BC.5",3.824,-83.47845,-83.42166,35.07382,35.02734
"598",1975,"HC.15",NA,-83.47845,-83.42166,35.07382,35.02734
"599",1975,"BC.13",2.744,-83.47845,-83.42166,35.07382,35.02734
"600",1975,"WR.5",3.013,-83.47845,-83.42166,35.07382,35.02734
"601",1975,"BC.10",2.537,-83.47845,-83.42166,35.07382,35.02734
"602",1975,"BC.16",2.019,-83.47845,-83.42166,35.07382,35.02734
"603",1975,"BC.12",1.024,-83.47845,-83.42166,35.07382,35.02734
"604",1975,"WR.8",1.017,-83.47845,-83.42166,35.07382,35.02734
"605",1975,"WR.16",1.789,-83.47845,-83.42166,35.07382,35.02734
"606",1975,"WR.9",1.581,-83.47845,-83.42166,35.07382,35.02734
"607",1975,"WR.4",2.178,-83.47845,-83.42166,35.07382,35.02734
"608",1975,"dc.318",2.131,-83.47845,-83.42166,35.07382,35.02734
"609",1975,"dc.319",2.001,-83.47845,-83.42166,35.07382,35.02734
"610",1975,"ds.546",0.182,-83.47845,-83.42166,35.07382,35.02734
"611",1975,"rk.053",0.249,-83.47845,-83.42166,35.07382,35.02734
"612",1975,"rk.003",0.186,-83.47845,-83.42166,35.07382,35.02734
"613",1974,"WR.15",3.376,-83.47845,-83.42166,35.07382,35.02734
"614",1974,"BC.5",3.322,-83.47845,-83.42166,35.07382,35.02734
"615",1974,"HC.15",NA,-83.47845,-83.42166,35.07382,35.02734
"616",1974,"BC.13",2.854,-83.47845,-83.42166,35.07382,35.02734
"617",1974,"WR.5",3.562,-83.47845,-83.42166,35.07382,35.02734
"618",1974,"BC.10",3.236,-83.47845,-83.42166,35.07382,35.02734
"619",1974,"BC.16",2.531,-83.47845,-83.42166,35.07382,35.02734
"620",1974,"BC.12",1.013,-83.47845,-83.42166,35.07382,35.02734
"621",1974,"WR.8",1.219,-83.47845,-83.42166,35.07382,35.02734
"622",1974,"WR.16",1.835,-83.47845,-83.42166,35.07382,35.02734
"623",1974,"WR.9",1.931,-83.47845,-83.42166,35.07382,35.02734
"624",1974,"WR.4",1.724,-83.47845,-83.42166,35.07382,35.02734
"625",1974,"dc.318",1.912,-83.47845,-83.42166,35.07382,35.02734
"626",1974,"dc.319",1.903,-83.47845,-83.42166,35.07382,35.02734
"627",1974,"ds.546",0.191,-83.47845,-83.42166,35.07382,35.02734
"628",1974,"rk.053",0.307,-83.47845,-83.42166,35.07382,35.02734
"629",1974,"rk.003",0.271,-83.47845,-83.42166,35.07382,35.02734
"630",1973,"WR.15",2.892,-83.47845,-83.42166,35.07382,35.02734
"631",1973,"BC.5",2.42,-83.47845,-83.42166,35.07382,35.02734
"632",1973,"HC.15",NA,-83.47845,-83.42166,35.07382,35.02734
"633",1973,"BC.13",2.244,-83.47845,-83.42166,35.07382,35.02734
"634",1973,"WR.5",3.699,-83.47845,-83.42166,35.07382,35.02734
"635",1973,"BC.10",2.464,-83.47845,-83.42166,35.07382,35.02734
"636",1973,"BC.16",1.709,-83.47845,-83.42166,35.07382,35.02734
"637",1973,"BC.12",1.369,-83.47845,-83.42166,35.07382,35.02734
"638",1973,"WR.8",0.87,-83.47845,-83.42166,35.07382,35.02734
"639",1973,"WR.16",2.076,-83.47845,-83.42166,35.07382,35.02734
"640",1973,"WR.9",1.747,-83.47845,-83.42166,35.07382,35.02734
"641",1973,"WR.4",1.468,-83.47845,-83.42166,35.07382,35.02734
"642",1973,"dc.318",2.292,-83.47845,-83.42166,35.07382,35.02734
"643",1973,"dc.319",1.58,-83.47845,-83.42166,35.07382,35.02734
"644",1973,"ds.546",0.136,-83.47845,-83.42166,35.07382,35.02734
"645",1973,"rk.053",0.331,-83.47845,-83.42166,35.07382,35.02734
"646",1973,"rk.003",0.225,-83.47845,-83.42166,35.07382,35.02734
"647",1972,"WR.15",3.094,-83.47845,-83.42166,35.07382,35.02734
"648",1972,"BC.5",1.656,-83.47845,-83.42166,35.07382,35.02734
"649",1972,"HC.15",NA,-83.47845,-83.42166,35.07382,35.02734
"650",1972,"BC.13",2.775,-83.47845,-83.42166,35.07382,35.02734
"651",1972,"WR.5",4.095,-83.47845,-83.42166,35.07382,35.02734
"652",1972,"BC.10",2.626,-83.47845,-83.42166,35.07382,35.02734
"653",1972,"BC.16",1.98,-83.47845,-83.42166,35.07382,35.02734
"654",1972,"BC.12",1.058,-83.47845,-83.42166,35.07382,35.02734
"655",1972,"WR.8",1.022,-83.47845,-83.42166,35.07382,35.02734
"656",1972,"WR.16",2.133,-83.47845,-83.42166,35.07382,35.02734
"657",1972,"WR.9",1.986,-83.47845,-83.42166,35.07382,35.02734
"658",1972,"WR.4",1.577,-83.47845,-83.42166,35.07382,35.02734
"659",1972,"dc.318",2.679,-83.47845,-83.42166,35.07382,35.02734
"660",1972,"dc.319",1.584,-83.47845,-83.42166,35.07382,35.02734
"661",1972,"ds.546",0.074,-83.47845,-83.42166,35.07382,35.02734
"662",1972,"rk.053",0.253,-83.47845,-83.42166,35.07382,35.02734
"663",1972,"rk.003",0.211,-83.47845,-83.42166,35.07382,35.02734
"664",1971,"WR.15",2.339,-83.47845,-83.42166,35.07382,35.02734
"665",1971,"BC.5",1.268,-83.47845,-83.42166,35.07382,35.02734
"666",1971,"HC.15",NA,-83.47845,-83.42166,35.07382,35.02734
"667",1971,"BC.13",2.065,-83.47845,-83.42166,35.07382,35.02734
"668",1971,"WR.5",2.903,-83.47845,-83.42166,35.07382,35.02734
"669",1971,"BC.10",2.389,-83.47845,-83.42166,35.07382,35.02734
"670",1971,"BC.16",1.389,-83.47845,-83.42166,35.07382,35.02734
"671",1971,"BC.12",0.876,-83.47845,-83.42166,35.07382,35.02734
"672",1971,"WR.8",0.751,-83.47845,-83.42166,35.07382,35.02734
"673",1971,"WR.16",2.095,-83.47845,-83.42166,35.07382,35.02734
"674",1971,"WR.9",1.461,-83.47845,-83.42166,35.07382,35.02734
"675",1971,"WR.4",1.315,-83.47845,-83.42166,35.07382,35.02734
"676",1971,"dc.318",1.749,-83.47845,-83.42166,35.07382,35.02734
"677",1971,"dc.319",1.777,-83.47845,-83.42166,35.07382,35.02734
"678",1971,"ds.546",0.135,-83.47845,-83.42166,35.07382,35.02734
"679",1971,"rk.053",0.267,-83.47845,-83.42166,35.07382,35.02734
"680",1971,"rk.003",0.155,-83.47845,-83.42166,35.07382,35.02734
"681",1970,"WR.15",2.806,-83.47845,-83.42166,35.07382,35.02734
"682",1970,"BC.5",2.15,-83.47845,-83.42166,35.07382,35.02734
"683",1970,"HC.15",NA,-83.47845,-83.42166,35.07382,35.02734
"684",1970,"BC.13",1.56,-83.47845,-83.42166,35.07382,35.02734
"685",1970,"WR.5",3.003,-83.47845,-83.42166,35.07382,35.02734
"686",1970,"BC.10",2.557,-83.47845,-83.42166,35.07382,35.02734
"687",1970,"BC.16",1.069,-83.47845,-83.42166,35.07382,35.02734
"688",1970,"BC.12",0.867,-83.47845,-83.42166,35.07382,35.02734
"689",1970,"WR.8",0.805,-83.47845,-83.42166,35.07382,35.02734
"690",1970,"WR.16",1.999,-83.47845,-83.42166,35.07382,35.02734
"691",1970,"WR.9",2.082,-83.47845,-83.42166,35.07382,35.02734
"692",1970,"WR.4",1.376,-83.47845,-83.42166,35.07382,35.02734
"693",1970,"dc.318",2.46,-83.47845,-83.42166,35.07382,35.02734
"694",1970,"dc.319",1.883,-83.47845,-83.42166,35.07382,35.02734
"695",1970,"ds.546",0.121,-83.47845,-83.42166,35.07382,35.02734
"696",1970,"rk.053",0.328,-83.47845,-83.42166,35.07382,35.02734
"697",1970,"rk.003",0.203,-83.47845,-83.42166,35.07382,35.02734
"698",1969,"WR.15",2.958,-83.47845,-83.42166,35.07382,35.02734
"699",1969,"BC.5",1.75,-83.47845,-83.42166,35.07382,35.02734
"700",1969,"HC.15",NA,-83.47845,-83.42166,35.07382,35.02734
"701",1969,"BC.13",1.276,-83.47845,-83.42166,35.07382,35.02734
"702",1969,"WR.5",2.709,-83.47845,-83.42166,35.07382,35.02734
"703",1969,"BC.10",2.481,-83.47845,-83.42166,35.07382,35.02734
"704",1969,"BC.16",1.167,-83.47845,-83.42166,35.07382,35.02734
"705",1969,"BC.12",1.3,-83.47845,-83.42166,35.07382,35.02734
"706",1969,"WR.8",0.377,-83.47845,-83.42166,35.07382,35.02734
"707",1969,"WR.16",2.214,-83.47845,-83.42166,35.07382,35.02734
"708",1969,"WR.9",1.974,-83.47845,-83.42166,35.07382,35.02734
"709",1969,"WR.4",1.647,-83.47845,-83.42166,35.07382,35.02734
"710",1969,"dc.318",2.27,-83.47845,-83.42166,35.07382,35.02734
"711",1969,"dc.319",1.575,-83.47845,-83.42166,35.07382,35.02734
"712",1969,"ds.546",0.085,-83.47845,-83.42166,35.07382,35.02734
"713",1969,"rk.053",0.414,-83.47845,-83.42166,35.07382,35.02734
"714",1969,"rk.003",0.207,-83.47845,-83.42166,35.07382,35.02734
"715",1968,"WR.15",2.68,-83.47845,-83.42166,35.07382,35.02734
"716",1968,"BC.5",1.983,-83.47845,-83.42166,35.07382,35.02734
"717",1968,"HC.15",NA,-83.47845,-83.42166,35.07382,35.02734
"718",1968,"BC.13",1.171,-83.47845,-83.42166,35.07382,35.02734
"719",1968,"WR.5",2.296,-83.47845,-83.42166,35.07382,35.02734
"720",1968,"BC.10",2.531,-83.47845,-83.42166,35.07382,35.02734
"721",1968,"BC.16",1.232,-83.47845,-83.42166,35.07382,35.02734
"722",1968,"BC.12",1.448,-83.47845,-83.42166,35.07382,35.02734
"723",1968,"WR.8",1.046,-83.47845,-83.42166,35.07382,35.02734
"724",1968,"WR.16",2.153,-83.47845,-83.42166,35.07382,35.02734
"725",1968,"WR.9",1.519,-83.47845,-83.42166,35.07382,35.02734
"726",1968,"WR.4",1.897,-83.47845,-83.42166,35.07382,35.02734
"727",1968,"dc.318",1.933,-83.47845,-83.42166,35.07382,35.02734
"728",1968,"dc.319",2.204,-83.47845,-83.42166,35.07382,35.02734
"729",1968,"ds.546",0.138,-83.47845,-83.42166,35.07382,35.02734
"730",1968,"rk.053",0.326,-83.47845,-83.42166,35.07382,35.02734
"731",1968,"rk.003",0.287,-83.47845,-83.42166,35.07382,35.02734
"732",1967,"WR.15",1.889,-83.47845,-83.42166,35.07382,35.02734
"733",1967,"BC.5",2.173,-83.47845,-83.42166,35.07382,35.02734
"734",1967,"HC.15",NA,-83.47845,-83.42166,35.07382,35.02734
"735",1967,"BC.13",1.022,-83.47845,-83.42166,35.07382,35.02734
"736",1967,"WR.5",2.012,-83.47845,-83.42166,35.07382,35.02734
"737",1967,"BC.10",2.679,-83.47845,-83.42166,35.07382,35.02734
"738",1967,"BC.16",0.351,-83.47845,-83.42166,35.07382,35.02734
"739",1967,"BC.12",1.366,-83.47845,-83.42166,35.07382,35.02734
"740",1967,"WR.8",1.315,-83.47845,-83.42166,35.07382,35.02734
"741",1967,"WR.16",2.168,-83.47845,-83.42166,35.07382,35.02734
"742",1967,"WR.9",1.272,-83.47845,-83.42166,35.07382,35.02734
"743",1967,"WR.4",2.442,-83.47845,-83.42166,35.07382,35.02734
"744",1967,"dc.318",1.164,-83.47845,-83.42166,35.07382,35.02734
"745",1967,"dc.319",1.537,-83.47845,-83.42166,35.07382,35.02734
"746",1967,"ds.546",0.07,-83.47845,-83.42166,35.07382,35.02734
"747",1967,"rk.053",0.138,-83.47845,-83.42166,35.07382,35.02734
"748",1967,"rk.003",0.211,-83.47845,-83.42166,35.07382,35.02734
"749",1966,"WR.15",2.58,-83.47845,-83.42166,35.07382,35.02734
"750",1966,"BC.5",1.412,-83.47845,-83.42166,35.07382,35.02734
"751",1966,"HC.15",NA,-83.47845,-83.42166,35.07382,35.02734
"752",1966,"BC.13",1.248,-83.47845,-83.42166,35.07382,35.02734
"753",1966,"WR.5",2.779,-83.47845,-83.42166,35.07382,35.02734
"754",1966,"BC.10",2.33,-83.47845,-83.42166,35.07382,35.02734
"755",1966,"BC.16",1.295,-83.47845,-83.42166,35.07382,35.02734
"756",1966,"BC.12",0.903,-83.47845,-83.42166,35.07382,35.02734
"757",1966,"WR.8",1.644,-83.47845,-83.42166,35.07382,35.02734
"758",1966,"WR.16",1.634,-83.47845,-83.42166,35.07382,35.02734
"759",1966,"WR.9",2.089,-83.47845,-83.42166,35.07382,35.02734
"760",1966,"WR.4",2.378,-83.47845,-83.42166,35.07382,35.02734
"761",1966,"dc.318",1.557,-83.47845,-83.42166,35.07382,35.02734
"762",1966,"dc.319",1.133,-83.47845,-83.42166,35.07382,35.02734
"763",1966,"ds.546",0.144,-83.47845,-83.42166,35.07382,35.02734
"764",1966,"rk.053",0.319,-83.47845,-83.42166,35.07382,35.02734
"765",1966,"rk.003",0.196,-83.47845,-83.42166,35.07382,35.02734
"766",1965,"WR.15",1.694,-83.47845,-83.42166,35.07382,35.02734
"767",1965,"BC.5",1.374,-83.47845,-83.42166,35.07382,35.02734
"768",1965,"HC.15",NA,-83.47845,-83.42166,35.07382,35.02734
"769",1965,"BC.13",1.134,-83.47845,-83.42166,35.07382,35.02734
"770",1965,"WR.5",2.015,-83.47845,-83.42166,35.07382,35.02734
"771",1965,"BC.10",2.126,-83.47845,-83.42166,35.07382,35.02734
"772",1965,"BC.16",1.685,-83.47845,-83.42166,35.07382,35.02734
"773",1965,"BC.12",1.216,-83.47845,-83.42166,35.07382,35.02734
"774",1965,"WR.8",0.76,-83.47845,-83.42166,35.07382,35.02734
"775",1965,"WR.16",1.453,-83.47845,-83.42166,35.07382,35.02734
"776",1965,"WR.9",1.383,-83.47845,-83.42166,35.07382,35.02734
"777",1965,"WR.4",2.308,-83.47845,-83.42166,35.07382,35.02734
"778",1965,"dc.318",1.927,-83.47845,-83.42166,35.07382,35.02734
"779",1965,"dc.319",1.215,-83.47845,-83.42166,35.07382,35.02734
"780",1965,"ds.546",0.125,-83.47845,-83.42166,35.07382,35.02734
"781",1965,"rk.053",0.267,-83.47845,-83.42166,35.07382,35.02734
"782",1965,"rk.003",0.158,-83.47845,-83.42166,35.07382,35.02734
"783",1964,"WR.15",1.297,-83.47845,-83.42166,35.07382,35.02734
"784",1964,"BC.5",1.441,-83.47845,-83.42166,35.07382,35.02734
"785",1964,"HC.15",NA,-83.47845,-83.42166,35.07382,35.02734
"786",1964,"BC.13",1.07,-83.47845,-83.42166,35.07382,35.02734
"787",1964,"WR.5",1.982,-83.47845,-83.42166,35.07382,35.02734
"788",1964,"BC.10",1.668,-83.47845,-83.42166,35.07382,35.02734
"789",1964,"BC.16",1.392,-83.47845,-83.42166,35.07382,35.02734
"790",1964,"BC.12",1.075,-83.47845,-83.42166,35.07382,35.02734
"791",1964,"WR.8",0.76,-83.47845,-83.42166,35.07382,35.02734
"792",1964,"WR.16",1.36,-83.47845,-83.42166,35.07382,35.02734
"793",1964,"WR.9",1.141,-83.47845,-83.42166,35.07382,35.02734
"794",1964,"WR.4",1.443,-83.47845,-83.42166,35.07382,35.02734
"795",1964,"dc.318",2.715,-83.47845,-83.42166,35.07382,35.02734
"796",1964,"dc.319",1.12,-83.47845,-83.42166,35.07382,35.02734
"797",1964,"ds.546",0.081,-83.47845,-83.42166,35.07382,35.02734
"798",1964,"rk.053",0.241,-83.47845,-83.42166,35.07382,35.02734
"799",1964,"rk.003",0.144,-83.47845,-83.42166,35.07382,35.02734
"800",1963,"WR.15",2.397,-83.47845,-83.42166,35.07382,35.02734
"801",1963,"BC.5",1.79,-83.47845,-83.42166,35.07382,35.02734
"802",1963,"HC.15",NA,-83.47845,-83.42166,35.07382,35.02734
"803",1963,"BC.13",1.28,-83.47845,-83.42166,35.07382,35.02734
"804",1963,"WR.5",1.715,-83.47845,-83.42166,35.07382,35.02734
"805",1963,"BC.10",3.156,-83.47845,-83.42166,35.07382,35.02734
"806",1963,"BC.16",2.348,-83.47845,-83.42166,35.07382,35.02734
"807",1963,"BC.12",1.138,-83.47845,-83.42166,35.07382,35.02734
"808",1963,"WR.8",1.167,-83.47845,-83.42166,35.07382,35.02734
"809",1963,"WR.16",1.493,-83.47845,-83.42166,35.07382,35.02734
"810",1963,"WR.9",1.377,-83.47845,-83.42166,35.07382,35.02734
"811",1963,"WR.4",0.987,-83.47845,-83.42166,35.07382,35.02734
"812",1963,"dc.318",0.556,-83.47845,-83.42166,35.07382,35.02734
"813",1963,"dc.319",1.919,-83.47845,-83.42166,35.07382,35.02734
"814",1963,"ds.546",0.023,-83.47845,-83.42166,35.07382,35.02734
"815",1963,"rk.053",0.069,-83.47845,-83.42166,35.07382,35.02734
"816",1963,"rk.003",0.091,-83.47845,-83.42166,35.07382,35.02734
"817",1962,"WR.15",2.921,-83.47845,-83.42166,35.07382,35.02734
"818",1962,"BC.5",1.153,-83.47845,-83.42166,35.07382,35.02734
"819",1962,"HC.15",NA,-83.47845,-83.42166,35.07382,35.02734
"820",1962,"BC.13",1.2,-83.47845,-83.42166,35.07382,35.02734
"821",1962,"WR.5",3.091,-83.47845,-83.42166,35.07382,35.02734
"822",1962,"BC.10",2.947,-83.47845,-83.42166,35.07382,35.02734
"823",1962,"BC.16",1.709,-83.47845,-83.42166,35.07382,35.02734
"824",1962,"BC.12",0.752,-83.47845,-83.42166,35.07382,35.02734
"825",1962,"WR.8",1.097,-83.47845,-83.42166,35.07382,35.02734
"826",1962,"WR.16",1.367,-83.47845,-83.42166,35.07382,35.02734
"827",1962,"WR.9",1.048,-83.47845,-83.42166,35.07382,35.02734
"828",1962,"WR.4",0.447,-83.47845,-83.42166,35.07382,35.02734
"829",1962,"dc.318",0.906,-83.47845,-83.42166,35.07382,35.02734
"830",1962,"dc.319",0.603,-83.47845,-83.42166,35.07382,35.02734
"831",1962,"ds.546",0.039,-83.47845,-83.42166,35.07382,35.02734
"832",1962,"rk.053",0.074,-83.47845,-83.42166,35.07382,35.02734
"833",1962,"rk.003",0.042,-83.47845,-83.42166,35.07382,35.02734
"834",1961,"WR.15",2.359,-83.47845,-83.42166,35.07382,35.02734
"835",1961,"BC.5",1.392,-83.47845,-83.42166,35.07382,35.02734
"836",1961,"HC.15",NA,-83.47845,-83.42166,35.07382,35.02734
"837",1961,"BC.13",1.529,-83.47845,-83.42166,35.07382,35.02734
"838",1961,"WR.5",2.418,-83.47845,-83.42166,35.07382,35.02734
"839",1961,"BC.10",2.063,-83.47845,-83.42166,35.07382,35.02734
"840",1961,"BC.16",2.152,-83.47845,-83.42166,35.07382,35.02734
"841",1961,"BC.12",0.879,-83.47845,-83.42166,35.07382,35.02734
"842",1961,"WR.8",0.63,-83.47845,-83.42166,35.07382,35.02734
"843",1961,"WR.16",1.78,-83.47845,-83.42166,35.07382,35.02734
"844",1961,"WR.9",1.076,-83.47845,-83.42166,35.07382,35.02734
"845",1961,"WR.4",1.82,-83.47845,-83.42166,35.07382,35.02734
"846",1961,"dc.318",1.26,-83.47845,-83.42166,35.07382,35.02734
"847",1961,"dc.319",0.724,-83.47845,-83.42166,35.07382,35.02734
"848",1961,"ds.546",0.085,-83.47845,-83.42166,35.07382,35.02734
"849",1961,"rk.053",0.101,-83.47845,-83.42166,35.07382,35.02734
"850",1961,"rk.003",0.061,-83.47845,-83.42166,35.07382,35.02734
"851",1960,"WR.15",2.484,-83.47845,-83.42166,35.07382,35.02734
"852",1960,"BC.5",1.166,-83.47845,-83.42166,35.07382,35.02734
"853",1960,"HC.15",NA,-83.47845,-83.42166,35.07382,35.02734
"854",1960,"BC.13",1.78,-83.47845,-83.42166,35.07382,35.02734
"855",1960,"WR.5",1.991,-83.47845,-83.42166,35.07382,35.02734
"856",1960,"BC.10",1.66,-83.47845,-83.42166,35.07382,35.02734
"857",1960,"BC.16",2.062,-83.47845,-83.42166,35.07382,35.02734
"858",1960,"BC.12",0.649,-83.47845,-83.42166,35.07382,35.02734
"859",1960,"WR.8",0.497,-83.47845,-83.42166,35.07382,35.02734
"860",1960,"WR.16",1.514,-83.47845,-83.42166,35.07382,35.02734
"861",1960,"WR.9",1.08,-83.47845,-83.42166,35.07382,35.02734
"862",1960,"WR.4",2.181,-83.47845,-83.42166,35.07382,35.02734
"863",1960,"dc.318",1.547,-83.47845,-83.42166,35.07382,35.02734
"864",1960,"dc.319",0.749,-83.47845,-83.42166,35.07382,35.02734
"865",1960,"ds.546",0.076,-83.47845,-83.42166,35.07382,35.02734
"866",1960,"rk.053",0.192,-83.47845,-83.42166,35.07382,35.02734
"867",1960,"rk.003",0.049,-83.47845,-83.42166,35.07382,35.02734
"868",1959,"WR.15",2.749,-83.47845,-83.42166,35.07382,35.02734
"869",1959,"BC.5",0.985,-83.47845,-83.42166,35.07382,35.02734
"870",1959,"HC.15",NA,-83.47845,-83.42166,35.07382,35.02734
"871",1959,"BC.13",1.536,-83.47845,-83.42166,35.07382,35.02734
"872",1959,"WR.5",1.83,-83.47845,-83.42166,35.07382,35.02734
"873",1959,"BC.10",1.858,-83.47845,-83.42166,35.07382,35.02734
"874",1959,"BC.16",1.379,-83.47845,-83.42166,35.07382,35.02734
"875",1959,"BC.12",0.52,-83.47845,-83.42166,35.07382,35.02734
"876",1959,"WR.8",0.442,-83.47845,-83.42166,35.07382,35.02734
"877",1959,"WR.16",1.447,-83.47845,-83.42166,35.07382,35.02734
"878",1959,"WR.9",1.154,-83.47845,-83.42166,35.07382,35.02734
"879",1959,"WR.4",1.827,-83.47845,-83.42166,35.07382,35.02734
"880",1959,"dc.318",1.115,-83.47845,-83.42166,35.07382,35.02734
"881",1959,"dc.319",1.048,-83.47845,-83.42166,35.07382,35.02734
"882",1959,"ds.546",0.111,-83.47845,-83.42166,35.07382,35.02734
"883",1959,"rk.053",0.097,-83.47845,-83.42166,35.07382,35.02734
"884",1959,"rk.003",0.029,-83.47845,-83.42166,35.07382,35.02734
"885",1958,"WR.15",1.855,-83.47845,-83.42166,35.07382,35.02734
"886",1958,"BC.5",1.813,-83.47845,-83.42166,35.07382,35.02734
"887",1958,"HC.15",NA,-83.47845,-83.42166,35.07382,35.02734
"888",1958,"BC.13",1.706,-83.47845,-83.42166,35.07382,35.02734
"889",1958,"WR.5",1.943,-83.47845,-83.42166,35.07382,35.02734
"890",1958,"BC.10",2.49,-83.47845,-83.42166,35.07382,35.02734
"891",1958,"BC.16",1.777,-83.47845,-83.42166,35.07382,35.02734
"892",1958,"BC.12",0.587,-83.47845,-83.42166,35.07382,35.02734
"893",1958,"WR.8",0.493,-83.47845,-83.42166,35.07382,35.02734
"894",1958,"WR.16",1.063,-83.47845,-83.42166,35.07382,35.02734
"895",1958,"WR.9",0.966,-83.47845,-83.42166,35.07382,35.02734
"896",1958,"WR.4",2.074,-83.47845,-83.42166,35.07382,35.02734
"897",1958,"dc.318",1.692,-83.47845,-83.42166,35.07382,35.02734
"898",1958,"dc.319",0.829,-83.47845,-83.42166,35.07382,35.02734
"899",1958,"ds.546",0.107,-83.47845,-83.42166,35.07382,35.02734
"900",1958,"rk.053",0.188,-83.47845,-83.42166,35.07382,35.02734
"901",1958,"rk.003",0.033,-83.47845,-83.42166,35.07382,35.02734
"902",1957,"WR.15",2.263,-83.47845,-83.42166,35.07382,35.02734
"903",1957,"BC.5",1.785,-83.47845,-83.42166,35.07382,35.02734
"904",1957,"HC.15",NA,-83.47845,-83.42166,35.07382,35.02734
"905",1957,"BC.13",2.383,-83.47845,-83.42166,35.07382,35.02734
"906",1957,"WR.5",2.075,-83.47845,-83.42166,35.07382,35.02734
"907",1957,"BC.10",2.725,-83.47845,-83.42166,35.07382,35.02734
"908",1957,"BC.16",2.041,-83.47845,-83.42166,35.07382,35.02734
"909",1957,"BC.12",1.047,-83.47845,-83.42166,35.07382,35.02734
"910",1957,"WR.8",0.316,-83.47845,-83.42166,35.07382,35.02734
"911",1957,"WR.16",1.442,-83.47845,-83.42166,35.07382,35.02734
"912",1957,"WR.9",2.072,-83.47845,-83.42166,35.07382,35.02734
"913",1957,"WR.4",2.556,-83.47845,-83.42166,35.07382,35.02734
"914",1957,"dc.318",1.554,-83.47845,-83.42166,35.07382,35.02734
"915",1957,"dc.319",1.153,-83.47845,-83.42166,35.07382,35.02734
"916",1957,"ds.546",0.236,-83.47845,-83.42166,35.07382,35.02734
"917",1957,"rk.053",0.254,-83.47845,-83.42166,35.07382,35.02734
"918",1957,"rk.003",0.067,-83.47845,-83.42166,35.07382,35.02734
"919",1956,"WR.15",1.222,-83.47845,-83.42166,35.07382,35.02734
"920",1956,"BC.5",1.701,-83.47845,-83.42166,35.07382,35.02734
"921",1956,"HC.15",NA,-83.47845,-83.42166,35.07382,35.02734
"922",1956,"BC.13",2.947,-83.47845,-83.42166,35.07382,35.02734
"923",1956,"WR.5",1.62,-83.47845,-83.42166,35.07382,35.02734
"924",1956,"BC.10",2.578,-83.47845,-83.42166,35.07382,35.02734
"925",1956,"BC.16",2.044,-83.47845,-83.42166,35.07382,35.02734
"926",1956,"BC.12",1.088,-83.47845,-83.42166,35.07382,35.02734
"927",1956,"WR.8",0.297,-83.47845,-83.42166,35.07382,35.02734
"928",1956,"WR.16",1.238,-83.47845,-83.42166,35.07382,35.02734
"929",1956,"WR.9",1.506,-83.47845,-83.42166,35.07382,35.02734
"930",1956,"WR.4",1.437,-83.47845,-83.42166,35.07382,35.02734
"931",1956,"dc.318",1.798,-83.47845,-83.42166,35.07382,35.02734
"932",1956,"dc.319",1.276,-83.47845,-83.42166,35.07382,35.02734
"933",1956,"ds.546",0.193,-83.47845,-83.42166,35.07382,35.02734
"934",1956,"rk.053",0.381,-83.47845,-83.42166,35.07382,35.02734
"935",1956,"rk.003",0.109,-83.47845,-83.42166,35.07382,35.02734
"936",1955,"WR.15",1.006,-83.47845,-83.42166,35.07382,35.02734
"937",1955,"BC.5",1.573,-83.47845,-83.42166,35.07382,35.02734
"938",1955,"HC.15",NA,-83.47845,-83.42166,35.07382,35.02734
"939",1955,"BC.13",2.986,-83.47845,-83.42166,35.07382,35.02734
"940",1955,"WR.5",0.984,-83.47845,-83.42166,35.07382,35.02734
"941",1955,"BC.10",1.07,-83.47845,-83.42166,35.07382,35.02734
"942",1955,"BC.16",1.776,-83.47845,-83.42166,35.07382,35.02734
"943",1955,"BC.12",1.072,-83.47845,-83.42166,35.07382,35.02734
"944",1955,"WR.8",0.404,-83.47845,-83.42166,35.07382,35.02734
"945",1955,"WR.16",1.235,-83.47845,-83.42166,35.07382,35.02734
"946",1955,"WR.9",1.557,-83.47845,-83.42166,35.07382,35.02734
"947",1955,"WR.4",1.315,-83.47845,-83.42166,35.07382,35.02734
"948",1955,"dc.318",1.359,-83.47845,-83.42166,35.07382,35.02734
"949",1955,"dc.319",1.728,-83.47845,-83.42166,35.07382,35.02734
"950",1955,"ds.546",0.198,-83.47845,-83.42166,35.07382,35.02734
"951",1955,"rk.053",0.369,-83.47845,-83.42166,35.07382,35.02734
"952",1955,"rk.003",0.142,-83.47845,-83.42166,35.07382,35.02734
"953",1954,"WR.15",0.959,-83.47845,-83.42166,35.07382,35.02734
"954",1954,"BC.5",2.495,-83.47845,-83.42166,35.07382,35.02734
"955",1954,"HC.15",NA,-83.47845,-83.42166,35.07382,35.02734
"956",1954,"BC.13",2.228,-83.47845,-83.42166,35.07382,35.02734
"957",1954,"WR.5",1.121,-83.47845,-83.42166,35.07382,35.02734
"958",1954,"BC.10",2.554,-83.47845,-83.42166,35.07382,35.02734
"959",1954,"BC.16",2.041,-83.47845,-83.42166,35.07382,35.02734
"960",1954,"BC.12",0.83,-83.47845,-83.42166,35.07382,35.02734
"961",1954,"WR.8",0.356,-83.47845,-83.42166,35.07382,35.02734
"962",1954,"WR.16",1.822,-83.47845,-83.42166,35.07382,35.02734
"963",1954,"WR.9",2.984,-83.47845,-83.42166,35.07382,35.02734
"964",1954,"WR.4",1.868,-83.47845,-83.42166,35.07382,35.02734
"965",1954,"dc.318",1.44,-83.47845,-83.42166,35.07382,35.02734
"966",1954,"dc.319",1.436,-83.47845,-83.42166,35.07382,35.02734
"967",1954,"ds.546",0.195,-83.47845,-83.42166,35.07382,35.02734
"968",1954,"rk.053",0.182,-83.47845,-83.42166,35.07382,35.02734
"969",1954,"rk.003",0.205,-83.47845,-83.42166,35.07382,35.02734
"970",1953,"WR.15",0.781,-83.47845,-83.42166,35.07382,35.02734
"971",1953,"BC.5",1.797,-83.47845,-83.42166,35.07382,35.02734
"972",1953,"HC.15",NA,-83.47845,-83.42166,35.07382,35.02734
"973",1953,"BC.13",2.447,-83.47845,-83.42166,35.07382,35.02734
"974",1953,"WR.5",1.668,-83.47845,-83.42166,35.07382,35.02734
"975",1953,"BC.10",2.093,-83.47845,-83.42166,35.07382,35.02734
"976",1953,"BC.16",2.365,-83.47845,-83.42166,35.07382,35.02734
"977",1953,"BC.12",1.178,-83.47845,-83.42166,35.07382,35.02734
"978",1953,"WR.8",0.6,-83.47845,-83.42166,35.07382,35.02734
"979",1953,"WR.16",1.651,-83.47845,-83.42166,35.07382,35.02734
"980",1953,"WR.9",2.967,-83.47845,-83.42166,35.07382,35.02734
"981",1953,"WR.4",1.626,-83.47845,-83.42166,35.07382,35.02734
"982",1953,"dc.318",1.653,-83.47845,-83.42166,35.07382,35.02734
"983",1953,"dc.319",1.173,-83.47845,-83.42166,35.07382,35.02734
"984",1953,"ds.546",0.178,-83.47845,-83.42166,35.07382,35.02734
"985",1953,"rk.053",0.502,-83.47845,-83.42166,35.07382,35.02734
"986",1953,"rk.003",0.21,-83.47845,-83.42166,35.07382,35.02734
"987",1952,"WR.15",1.514,-83.47845,-83.42166,35.07382,35.02734
"988",1952,"BC.5",1.31,-83.47845,-83.42166,35.07382,35.02734
"989",1952,"HC.15",NA,-83.47845,-83.42166,35.07382,35.02734
"990",1952,"BC.13",2.112,-83.47845,-83.42166,35.07382,35.02734
"991",1952,"WR.5",2.033,-83.47845,-83.42166,35.07382,35.02734
"992",1952,"BC.10",1.418,-83.47845,-83.42166,35.07382,35.02734
"993",1952,"BC.16",2.093,-83.47845,-83.42166,35.07382,35.02734
"994",1952,"BC.12",1.116,-83.47845,-83.42166,35.07382,35.02734
"995",1952,"WR.8",0.638,-83.47845,-83.42166,35.07382,35.02734
"996",1952,"WR.16",1.819,-83.47845,-83.42166,35.07382,35.02734
"997",1952,"WR.9",2.376,-83.47845,-83.42166,35.07382,35.02734
"998",1952,"WR.4",1.735,-83.47845,-83.42166,35.07382,35.02734
"999",1952,"dc.318",1.238,-83.47845,-83.42166,35.07382,35.02734
"1000",1952,"dc.319",1.303,-83.47845,-83.42166,35.07382,35.02734
"1001",1952,"ds.546",0.175,-83.47845,-83.42166,35.07382,35.02734
"1002",1952,"rk.053",0.35,-83.47845,-83.42166,35.07382,35.02734
"1003",1952,"rk.003",0.19,-83.47845,-83.42166,35.07382,35.02734
"1004",1951,"WR.15",1.785,-83.47845,-83.42166,35.07382,35.02734
"1005",1951,"BC.5",1.549,-83.47845,-83.42166,35.07382,35.02734
"1006",1951,"HC.15",NA,-83.47845,-83.42166,35.07382,35.02734
"1007",1951,"BC.13",2.075,-83.47845,-83.42166,35.07382,35.02734
"1008",1951,"WR.5",2.837,-83.47845,-83.42166,35.07382,35.02734
"1009",1951,"BC.10",2.669,-83.47845,-83.42166,35.07382,35.02734
"1010",1951,"BC.16",2.503,-83.47845,-83.42166,35.07382,35.02734
"1011",1951,"BC.12",1.356,-83.47845,-83.42166,35.07382,35.02734
"1012",1951,"WR.8",0.5,-83.47845,-83.42166,35.07382,35.02734
"1013",1951,"WR.16",2.577,-83.47845,-83.42166,35.07382,35.02734
"1014",1951,"WR.9",2.677,-83.47845,-83.42166,35.07382,35.02734
"1015",1951,"WR.4",1.972,-83.47845,-83.42166,35.07382,35.02734
"1016",1951,"dc.318",1.399,-83.47845,-83.42166,35.07382,35.02734
"1017",1951,"dc.319",1.374,-83.47845,-83.42166,35.07382,35.02734
"1018",1951,"ds.546",0.18,-83.47845,-83.42166,35.07382,35.02734
"1019",1951,"rk.053",0.42,-83.47845,-83.42166,35.07382,35.02734
"1020",1951,"rk.003",0.321,-83.47845,-83.42166,35.07382,35.02734
"1021",1950,"WR.15",1.628,-83.47845,-83.42166,35.07382,35.02734
"1022",1950,"BC.5",1.232,-83.47845,-83.42166,35.07382,35.02734
"1023",1950,"HC.15",NA,-83.47845,-83.42166,35.07382,35.02734
"1024",1950,"BC.13",1.477,-83.47845,-83.42166,35.07382,35.02734
"1025",1950,"WR.5",2.661,-83.47845,-83.42166,35.07382,35.02734
"1026",1950,"BC.10",2.302,-83.47845,-83.42166,35.07382,35.02734
"1027",1950,"BC.16",2.879,-83.47845,-83.42166,35.07382,35.02734
"1028",1950,"BC.12",1.996,-83.47845,-83.42166,35.07382,35.02734
"1029",1950,"WR.8",0.894,-83.47845,-83.42166,35.07382,35.02734
"1030",1950,"WR.16",2.915,-83.47845,-83.42166,35.07382,35.02734
"1031",1950,"WR.9",1.325,-83.47845,-83.42166,35.07382,35.02734
"1032",1950,"WR.4",2.431,-83.47845,-83.42166,35.07382,35.02734
"1033",1950,"dc.318",1.731,-83.47845,-83.42166,35.07382,35.02734
"1034",1950,"dc.319",1.456,-83.47845,-83.42166,35.07382,35.02734
"1035",1950,"ds.546",0.219,-83.47845,-83.42166,35.07382,35.02734
"1036",1950,"rk.053",0.429,-83.47845,-83.42166,35.07382,35.02734
"1037",1950,"rk.003",0.144,-83.47845,-83.42166,35.07382,35.02734
"1038",1949,"WR.15",1.461,-83.47845,-83.42166,35.07382,35.02734
"1039",1949,"BC.5",1.089,-83.47845,-83.42166,35.07382,35.02734
"1040",1949,"HC.15",NA,-83.47845,-83.42166,35.07382,35.02734
"1041",1949,"BC.13",1.295,-83.47845,-83.42166,35.07382,35.02734
"1042",1949,"WR.5",2.925,-83.47845,-83.42166,35.07382,35.02734
"1043",1949,"BC.10",1.519,-83.47845,-83.42166,35.07382,35.02734
"1044",1949,"BC.16",1.832,-83.47845,-83.42166,35.07382,35.02734
"1045",1949,"BC.12",0.944,-83.47845,-83.42166,35.07382,35.02734
"1046",1949,"WR.8",1.043,-83.47845,-83.42166,35.07382,35.02734
"1047",1949,"WR.16",2.189,-83.47845,-83.42166,35.07382,35.02734
"1048",1949,"WR.9",0.872,-83.47845,-83.42166,35.07382,35.02734
"1049",1949,"WR.4",2.26,-83.47845,-83.42166,35.07382,35.02734
"1050",1949,"dc.318",1.122,-83.47845,-83.42166,35.07382,35.02734
"1051",1949,"dc.319",2.158,-83.47845,-83.42166,35.07382,35.02734
"1052",1949,"ds.546",0.165,-83.47845,-83.42166,35.07382,35.02734
"1053",1949,"rk.053",0.268,-83.47845,-83.42166,35.07382,35.02734
"1054",1949,"rk.003",0.136,-83.47845,-83.42166,35.07382,35.02734
"1055",1948,"WR.15",1.866,-83.47845,-83.42166,35.07382,35.02734
"1056",1948,"BC.5",1.735,-83.47845,-83.42166,35.07382,35.02734
"1057",1948,"HC.15",NA,-83.47845,-83.42166,35.07382,35.02734
"1058",1948,"BC.13",1.191,-83.47845,-83.42166,35.07382,35.02734
"1059",1948,"WR.5",3.093,-83.47845,-83.42166,35.07382,35.02734
"1060",1948,"BC.10",1.804,-83.47845,-83.42166,35.07382,35.02734
"1061",1948,"BC.16",1.95,-83.47845,-83.42166,35.07382,35.02734
"1062",1948,"BC.12",1.186,-83.47845,-83.42166,35.07382,35.02734
"1063",1948,"WR.8",0.838,-83.47845,-83.42166,35.07382,35.02734
"1064",1948,"WR.16",2.833,-83.47845,-83.42166,35.07382,35.02734
"1065",1948,"WR.9",0.65,-83.47845,-83.42166,35.07382,35.02734
"1066",1948,"WR.4",2.369,-83.47845,-83.42166,35.07382,35.02734
"1067",1948,"dc.318",1.472,-83.47845,-83.42166,35.07382,35.02734
"1068",1948,"dc.319",1.406,-83.47845,-83.42166,35.07382,35.02734
"1069",1948,"ds.546",0.131,-83.47845,-83.42166,35.07382,35.02734
"1070",1948,"rk.053",0.371,-83.47845,-83.42166,35.07382,35.02734
"1071",1948,"rk.003",0.276,-83.47845,-83.42166,35.07382,35.02734
"1072",1947,"WR.15",1.37,-83.47845,-83.42166,35.07382,35.02734
"1073",1947,"BC.5",1.597,-83.47845,-83.42166,35.07382,35.02734
"1074",1947,"HC.15",NA,-83.47845,-83.42166,35.07382,35.02734
"1075",1947,"BC.13",0.933,-83.47845,-83.42166,35.07382,35.02734
"1076",1947,"WR.5",2.496,-83.47845,-83.42166,35.07382,35.02734
"1077",1947,"BC.10",1.611,-83.47845,-83.42166,35.07382,35.02734
"1078",1947,"BC.16",1.659,-83.47845,-83.42166,35.07382,35.02734
"1079",1947,"BC.12",0.933,-83.47845,-83.42166,35.07382,35.02734
"1080",1947,"WR.8",0.774,-83.47845,-83.42166,35.07382,35.02734
"1081",1947,"WR.16",2.845,-83.47845,-83.42166,35.07382,35.02734
"1082",1947,"WR.9",1.243,-83.47845,-83.42166,35.07382,35.02734
"1083",1947,"WR.4",2.225,-83.47845,-83.42166,35.07382,35.02734
"1084",1947,"dc.318",1.179,-83.47845,-83.42166,35.07382,35.02734
"1085",1947,"dc.319",1.759,-83.47845,-83.42166,35.07382,35.02734
"1086",1947,"ds.546",0.096,-83.47845,-83.42166,35.07382,35.02734
"1087",1947,"rk.053",0.447,-83.47845,-83.42166,35.07382,35.02734
"1088",1947,"rk.003",0.299,-83.47845,-83.42166,35.07382,35.02734
"1089",1946,"WR.15",1.364,-83.47845,-83.42166,35.07382,35.02734
"1090",1946,"BC.5",1.092,-83.47845,-83.42166,35.07382,35.02734
"1091",1946,"HC.15",NA,-83.47845,-83.42166,35.07382,35.02734
"1092",1946,"BC.13",0.973,-83.47845,-83.42166,35.07382,35.02734
"1093",1946,"WR.5",2.389,-83.47845,-83.42166,35.07382,35.02734
"1094",1946,"BC.10",1.451,-83.47845,-83.42166,35.07382,35.02734
"1095",1946,"BC.16",1.783,-83.47845,-83.42166,35.07382,35.02734
"1096",1946,"BC.12",1.15,-83.47845,-83.42166,35.07382,35.02734
"1097",1946,"WR.8",0.758,-83.47845,-83.42166,35.07382,35.02734
"1098",1946,"WR.16",2.79,-83.47845,-83.42166,35.07382,35.02734
"1099",1946,"WR.9",1.373,-83.47845,-83.42166,35.07382,35.02734
"1100",1946,"WR.4",2.106,-83.47845,-83.42166,35.07382,35.02734
"1101",1946,"dc.318",0.458,-83.47845,-83.42166,35.07382,35.02734
"1102",1946,"dc.319",1.349,-83.47845,-83.42166,35.07382,35.02734
"1103",1946,"ds.546",0,-83.47845,-83.42166,35.07382,35.02734
"1104",1946,"rk.053",0.22,-83.47845,-83.42166,35.07382,35.02734
"1105",1946,"rk.003",0.243,-83.47845,-83.42166,35.07382,35.02734
"1106",1945,"WR.15",1.739,-83.47845,-83.42166,35.07382,35.02734
"1107",1945,"BC.5",1.584,-83.47845,-83.42166,35.07382,35.02734
"1108",1945,"HC.15",NA,-83.47845,-83.42166,35.07382,35.02734
"1109",1945,"BC.13",0.645,-83.47845,-83.42166,35.07382,35.02734
"1110",1945,"WR.5",1.914,-83.47845,-83.42166,35.07382,35.02734
"1111",1945,"BC.10",1.052,-83.47845,-83.42166,35.07382,35.02734
"1112",1945,"BC.16",1.998,-83.47845,-83.42166,35.07382,35.02734
"1113",1945,"BC.12",1.49,-83.47845,-83.42166,35.07382,35.02734
"1114",1945,"WR.8",0.935,-83.47845,-83.42166,35.07382,35.02734
"1115",1945,"WR.16",2.537,-83.47845,-83.42166,35.07382,35.02734
"1116",1945,"WR.9",1.613,-83.47845,-83.42166,35.07382,35.02734
"1117",1945,"WR.4",2.08,-83.47845,-83.42166,35.07382,35.02734
"1118",1945,"dc.318",1.35,-83.47845,-83.42166,35.07382,35.02734
"1119",1945,"dc.319",0.556,-83.47845,-83.42166,35.07382,35.02734
"1120",1945,"ds.546",0,-83.47845,-83.42166,35.07382,35.02734
"1121",1945,"rk.053",0.171,-83.47845,-83.42166,35.07382,35.02734
"1122",1945,"rk.003",0.25,-83.47845,-83.42166,35.07382,35.02734
"1123",1944,"WR.15",1.936,-83.47845,-83.42166,35.07382,35.02734
"1124",1944,"BC.5",1.021,-83.47845,-83.42166,35.07382,35.02734
"1125",1944,"HC.15",NA,-83.47845,-83.42166,35.07382,35.02734
"1126",1944,"BC.13",0.563,-83.47845,-83.42166,35.07382,35.02734
"1127",1944,"WR.5",1.6,-83.47845,-83.42166,35.07382,35.02734
"1128",1944,"BC.10",0.985,-83.47845,-83.42166,35.07382,35.02734
"1129",1944,"BC.16",1.426,-83.47845,-83.42166,35.07382,35.02734
"1130",1944,"BC.12",1.196,-83.47845,-83.42166,35.07382,35.02734
"1131",1944,"WR.8",0.702,-83.47845,-83.42166,35.07382,35.02734
"1132",1944,"WR.16",1.947,-83.47845,-83.42166,35.07382,35.02734
"1133",1944,"WR.9",0.633,-83.47845,-83.42166,35.07382,35.02734
"1134",1944,"WR.4",2.32,-83.47845,-83.42166,35.07382,35.02734
"1135",1944,"dc.318",0.851,-83.47845,-83.42166,35.07382,35.02734
"1136",1944,"dc.319",1.906,-83.47845,-83.42166,35.07382,35.02734
"1137",1944,"ds.546",0,-83.47845,-83.42166,35.07382,35.02734
"1138",1944,"rk.053",0.321,-83.47845,-83.42166,35.07382,35.02734
"1139",1944,"rk.003",0.231,-83.47845,-83.42166,35.07382,35.02734
"1140",1943,"WR.15",2.078,-83.47845,-83.42166,35.07382,35.02734
"1141",1943,"BC.5",1.28,-83.47845,-83.42166,35.07382,35.02734
"1142",1943,"HC.15",NA,-83.47845,-83.42166,35.07382,35.02734
"1143",1943,"BC.13",0.339,-83.47845,-83.42166,35.07382,35.02734
"1144",1943,"WR.5",1.81,-83.47845,-83.42166,35.07382,35.02734
"1145",1943,"BC.10",1.431,-83.47845,-83.42166,35.07382,35.02734
"1146",1943,"BC.16",1.632,-83.47845,-83.42166,35.07382,35.02734
"1147",1943,"BC.12",1.016,-83.47845,-83.42166,35.07382,35.02734
"1148",1943,"WR.8",0.568,-83.47845,-83.42166,35.07382,35.02734
"1149",1943,"WR.16",1.899,-83.47845,-83.42166,35.07382,35.02734
"1150",1943,"WR.9",1.529,-83.47845,-83.42166,35.07382,35.02734
"1151",1943,"WR.4",2.13,-83.47845,-83.42166,35.07382,35.02734
"1152",1943,"dc.318",1.105,-83.47845,-83.42166,35.07382,35.02734
"1153",1943,"dc.319",1.168,-83.47845,-83.42166,35.07382,35.02734
"1154",1943,"ds.546",0.035,-83.47845,-83.42166,35.07382,35.02734
"1155",1943,"rk.053",0.359,-83.47845,-83.42166,35.07382,35.02734
"1156",1943,"rk.003",0.211,-83.47845,-83.42166,35.07382,35.02734
"1157",1942,"WR.15",1.713,-83.47845,-83.42166,35.07382,35.02734
"1158",1942,"BC.5",1.369,-83.47845,-83.42166,35.07382,35.02734
"1159",1942,"HC.15",NA,-83.47845,-83.42166,35.07382,35.02734
"1160",1942,"BC.13",0.395,-83.47845,-83.42166,35.07382,35.02734
"1161",1942,"WR.5",2.412,-83.47845,-83.42166,35.07382,35.02734
"1162",1942,"BC.10",1.485,-83.47845,-83.42166,35.07382,35.02734
"1163",1942,"BC.16",1.685,-83.47845,-83.42166,35.07382,35.02734
"1164",1942,"BC.12",1.008,-83.47845,-83.42166,35.07382,35.02734
"1165",1942,"WR.8",0.499,-83.47845,-83.42166,35.07382,35.02734
"1166",1942,"WR.16",1.136,-83.47845,-83.42166,35.07382,35.02734
"1167",1942,"WR.9",1.957,-83.47845,-83.42166,35.07382,35.02734
"1168",1942,"WR.4",2.4,-83.47845,-83.42166,35.07382,35.02734
"1169",1942,"dc.318",1.268,-83.47845,-83.42166,35.07382,35.02734
"1170",1942,"dc.319",1.285,-83.47845,-83.42166,35.07382,35.02734
"1171",1942,"ds.546",0.039,-83.47845,-83.42166,35.07382,35.02734
"1172",1942,"rk.053",0.339,-83.47845,-83.42166,35.07382,35.02734
"1173",1942,"rk.003",0.339,-83.47845,-83.42166,35.07382,35.02734
"1174",1941,"WR.15",2.145,-83.47845,-83.42166,35.07382,35.02734
"1175",1941,"BC.5",1.131,-83.47845,-83.42166,35.07382,35.02734
"1176",1941,"HC.15",NA,-83.47845,-83.42166,35.07382,35.02734
"1177",1941,"BC.13",0.245,-83.47845,-83.42166,35.07382,35.02734
"1178",1941,"WR.5",2.322,-83.47845,-83.42166,35.07382,35.02734
"1179",1941,"BC.10",0.826,-83.47845,-83.42166,35.07382,35.02734
"1180",1941,"BC.16",1.387,-83.47845,-83.42166,35.07382,35.02734
"1181",1941,"BC.12",0.935,-83.47845,-83.42166,35.07382,35.02734
"1182",1941,"WR.8",0.368,-83.47845,-83.42166,35.07382,35.02734
"1183",1941,"WR.16",2.615,-83.47845,-83.42166,35.07382,35.02734
"1184",1941,"WR.9",1.745,-83.47845,-83.42166,35.07382,35.02734
"1185",1941,"WR.4",2.837,-83.47845,-83.42166,35.07382,35.02734
"1186",1941,"dc.318",1.202,-83.47845,-83.42166,35.07382,35.02734
"1187",1941,"dc.319",1.899,-83.47845,-83.42166,35.07382,35.02734
"1188",1941,"ds.546",0.112,-83.47845,-83.42166,35.07382,35.02734
"1189",1941,"rk.053",0.379,-83.47845,-83.42166,35.07382,35.02734
"1190",1941,"rk.003",0.388,-83.47845,-83.42166,35.07382,35.02734
"1191",1940,"WR.15",2.16,-83.47845,-83.42166,35.07382,35.02734
"1192",1940,"BC.5",1.021,-83.47845,-83.42166,35.07382,35.02734
"1193",1940,"HC.15",NA,-83.47845,-83.42166,35.07382,35.02734
"1194",1940,"BC.13",0.416,-83.47845,-83.42166,35.07382,35.02734
"1195",1940,"WR.5",1.728,-83.47845,-83.42166,35.07382,35.02734
"1196",1940,"BC.10",1.247,-83.47845,-83.42166,35.07382,35.02734
"1197",1940,"BC.16",NA,-83.47845,-83.42166,35.07382,35.02734
"1198",1940,"BC.12",1.111,-83.47845,-83.42166,35.07382,35.02734
"1199",1940,"WR.8",0.585,-83.47845,-83.42166,35.07382,35.02734
"1200",1940,"WR.16",2.24,-83.47845,-83.42166,35.07382,35.02734
"1201",1940,"WR.9",2.05,-83.47845,-83.42166,35.07382,35.02734
"1202",1940,"WR.4",2.192,-83.47845,-83.42166,35.07382,35.02734
"1203",1940,"dc.318",1.947,-83.47845,-83.42166,35.07382,35.02734
"1204",1940,"dc.319",1.475,-83.47845,-83.42166,35.07382,35.02734
"1205",1940,"ds.546",0.178,-83.47845,-83.42166,35.07382,35.02734
"1206",1940,"rk.053",0.361,-83.47845,-83.42166,35.07382,35.02734
"1207",1940,"rk.003",0.444,-83.47845,-83.42166,35.07382,35.02734
"1208",1939,"WR.15",2.945,-83.47845,-83.42166,35.07382,35.02734
"1209",1939,"BC.5",1.158,-83.47845,-83.42166,35.07382,35.02734
"1210",1939,"HC.15",NA,-83.47845,-83.42166,35.07382,35.02734
"1211",1939,"BC.13",0.373,-83.47845,-83.42166,35.07382,35.02734
"1212",1939,"WR.5",1.577,-83.47845,-83.42166,35.07382,35.02734
"1213",1939,"BC.10",1.229,-83.47845,-83.42166,35.07382,35.02734
"1214",1939,"BC.16",NA,-83.47845,-83.42166,35.07382,35.02734
"1215",1939,"BC.12",1.048,-83.47845,-83.42166,35.07382,35.02734
"1216",1939,"WR.8",0.498,-83.47845,-83.42166,35.07382,35.02734
"1217",1939,"WR.16",2.483,-83.47845,-83.42166,35.07382,35.02734
"1218",1939,"WR.9",2.125,-83.47845,-83.42166,35.07382,35.02734
"1219",1939,"WR.4",3.04,-83.47845,-83.42166,35.07382,35.02734
"1220",1939,"dc.318",1.17,-83.47845,-83.42166,35.07382,35.02734
"1221",1939,"dc.319",2.078,-83.47845,-83.42166,35.07382,35.02734
"1222",1939,"ds.546",0.2,-83.47845,-83.42166,35.07382,35.02734
"1223",1939,"rk.053",0.324,-83.47845,-83.42166,35.07382,35.02734
"1224",1939,"rk.003",0.286,-83.47845,-83.42166,35.07382,35.02734
"1225",1938,"WR.15",2.943,-83.47845,-83.42166,35.07382,35.02734
"1226",1938,"BC.5",1.168,-83.47845,-83.42166,35.07382,35.02734
"1227",1938,"HC.15",NA,-83.47845,-83.42166,35.07382,35.02734
"1228",1938,"BC.13",0.33,-83.47845,-83.42166,35.07382,35.02734
"1229",1938,"WR.5",1.324,-83.47845,-83.42166,35.07382,35.02734
"1230",1938,"BC.10",1.421,-83.47845,-83.42166,35.07382,35.02734
"1231",1938,"BC.16",NA,-83.47845,-83.42166,35.07382,35.02734
"1232",1938,"BC.12",0.688,-83.47845,-83.42166,35.07382,35.02734
"1233",1938,"WR.8",0.704,-83.47845,-83.42166,35.07382,35.02734
"1234",1938,"WR.16",2.209,-83.47845,-83.42166,35.07382,35.02734
"1235",1938,"WR.9",1.956,-83.47845,-83.42166,35.07382,35.02734
"1236",1938,"WR.4",2.877,-83.47845,-83.42166,35.07382,35.02734
"1237",1938,"dc.318",NA,-83.47845,-83.42166,35.07382,35.02734
"1238",1938,"dc.319",1.22,-83.47845,-83.42166,35.07382,35.02734
"1239",1938,"ds.546",0.221,-83.47845,-83.42166,35.07382,35.02734
"1240",1938,"rk.053",0.246,-83.47845,-83.42166,35.07382,35.02734
"1241",1938,"rk.003",0.236,-83.47845,-83.42166,35.07382,35.02734
"1242",1937,"WR.15",2.965,-83.47845,-83.42166,35.07382,35.02734
"1243",1937,"BC.5",1.409,-83.47845,-83.42166,35.07382,35.02734
"1244",1937,"HC.15",NA,-83.47845,-83.42166,35.07382,35.02734
"1245",1937,"BC.13",NA,-83.47845,-83.42166,35.07382,35.02734
"1246",1937,"WR.5",1.897,-83.47845,-83.42166,35.07382,35.02734
"1247",1937,"BC.10",1.588,-83.47845,-83.42166,35.07382,35.02734
"1248",1937,"BC.16",NA,-83.47845,-83.42166,35.07382,35.02734
"1249",1937,"BC.12",1.074,-83.47845,-83.42166,35.07382,35.02734
"1250",1937,"WR.8",0.557,-83.47845,-83.42166,35.07382,35.02734
"1251",1937,"WR.16",2.659,-83.47845,-83.42166,35.07382,35.02734
"1252",1937,"WR.9",2.011,-83.47845,-83.42166,35.07382,35.02734
"1253",1937,"WR.4",3.601,-83.47845,-83.42166,35.07382,35.02734
"1254",1937,"dc.318",NA,-83.47845,-83.42166,35.07382,35.02734
"1255",1937,"dc.319",1.413,-83.47845,-83.42166,35.07382,35.02734
"1256",1937,"ds.546",0.157,-83.47845,-83.42166,35.07382,35.02734
"1257",1937,"rk.053",0.418,-83.47845,-83.42166,35.07382,35.02734
"1258",1937,"rk.003",NA,-83.47845,-83.42166,35.07382,35.02734
"1259",1936,"WR.15",1.654,-83.47845,-83.42166,35.07382,35.02734
"1260",1936,"BC.5",0.664,-83.47845,-83.42166,35.07382,35.02734
"1261",1936,"HC.15",NA,-83.47845,-83.42166,35.07382,35.02734
"1262",1936,"BC.13",NA,-83.47845,-83.42166,35.07382,35.02734
"1263",1936,"WR.5",0.95,-83.47845,-83.42166,35.07382,35.02734
"1264",1936,"BC.10",1.879,-83.47845,-83.42166,35.07382,35.02734
"1265",1936,"BC.16",NA,-83.47845,-83.42166,35.07382,35.02734
"1266",1936,"BC.12",0.83,-83.47845,-83.42166,35.07382,35.02734
"1267",1936,"WR.8",0.456,-83.47845,-83.42166,35.07382,35.02734
"1268",1936,"WR.16",1.883,-83.47845,-83.42166,35.07382,35.02734
"1269",1936,"WR.9",1.731,-83.47845,-83.42166,35.07382,35.02734
"1270",1936,"WR.4",3.443,-83.47845,-83.42166,35.07382,35.02734
"1271",1936,"dc.318",NA,-83.47845,-83.42166,35.07382,35.02734
"1272",1936,"dc.319",1.454,-83.47845,-83.42166,35.07382,35.02734
"1273",1936,"ds.546",0.121,-83.47845,-83.42166,35.07382,35.02734
"1274",1936,"rk.053",0.397,-83.47845,-83.42166,35.07382,35.02734
"1275",1936,"rk.003",NA,-83.47845,-83.42166,35.07382,35.02734
"1276",1935,"WR.15",2.278,-83.47845,-83.42166,35.07382,35.02734
"1277",1935,"BC.5",1.271,-83.47845,-83.42166,35.07382,35.02734
"1278",1935,"HC.15",NA,-83.47845,-83.42166,35.07382,35.02734
"1279",1935,"BC.13",NA,-83.47845,-83.42166,35.07382,35.02734
"1280",1935,"WR.5",0.813,-83.47845,-83.42166,35.07382,35.02734
"1281",1935,"BC.10",1.741,-83.47845,-83.42166,35.07382,35.02734
"1282",1935,"BC.16",NA,-83.47845,-83.42166,35.07382,35.02734
"1283",1935,"BC.12",1.22,-83.47845,-83.42166,35.07382,35.02734
"1284",1935,"WR.8",0.649,-83.47845,-83.42166,35.07382,35.02734
"1285",1935,"WR.16",2.347,-83.47845,-83.42166,35.07382,35.02734
"1286",1935,"WR.9",2.447,-83.47845,-83.42166,35.07382,35.02734
"1287",1935,"WR.4",3.668,-83.47845,-83.42166,35.07382,35.02734
"1288",1935,"dc.318",NA,-83.47845,-83.42166,35.07382,35.02734
"1289",1935,"dc.319",1.619,-83.47845,-83.42166,35.07382,35.02734
"1290",1935,"ds.546",0.118,-83.47845,-83.42166,35.07382,35.02734
"1291",1935,"rk.053",0.273,-83.47845,-83.42166,35.07382,35.02734
"1292",1935,"rk.003",NA,-83.47845,-83.42166,35.07382,35.02734
"1293",1934,"WR.15",2.011,-83.47845,-83.42166,35.07382,35.02734
"1294",1934,"BC.5",1.302,-83.47845,-83.42166,35.07382,35.02734
"1295",1934,"HC.15",NA,-83.47845,-83.42166,35.07382,35.02734
"1296",1934,"BC.13",NA,-83.47845,-83.42166,35.07382,35.02734
"1297",1934,"WR.5",1.409,-83.47845,-83.42166,35.07382,35.02734
"1298",1934,"BC.10",1.489,-83.47845,-83.42166,35.07382,35.02734
"1299",1934,"BC.16",NA,-83.47845,-83.42166,35.07382,35.02734
"1300",1934,"BC.12",NA,-83.47845,-83.42166,35.07382,35.02734
"1301",1934,"WR.8",0.531,-83.47845,-83.42166,35.07382,35.02734
"1302",1934,"WR.16",3.095,-83.47845,-83.42166,35.07382,35.02734
"1303",1934,"WR.9",2.474,-83.47845,-83.42166,35.07382,35.02734
"1304",1934,"WR.4",2.752,-83.47845,-83.42166,35.07382,35.02734
"1305",1934,"dc.318",NA,-83.47845,-83.42166,35.07382,35.02734
"1306",1934,"dc.319",1.668,-83.47845,-83.42166,35.07382,35.02734
"1307",1934,"ds.546",0.086,-83.47845,-83.42166,35.07382,35.02734
"1308",1934,"rk.053",0.223,-83.47845,-83.42166,35.07382,35.02734
"1309",1934,"rk.003",NA,-83.47845,-83.42166,35.07382,35.02734
"1310",1933,"WR.15",1.563,-83.47845,-83.42166,35.07382,35.02734
"1311",1933,"BC.5",0.413,-83.47845,-83.42166,35.07382,35.02734
"1312",1933,"HC.15",NA,-83.47845,-83.42166,35.07382,35.02734
"1313",1933,"BC.13",NA,-83.47845,-83.42166,35.07382,35.02734
"1314",1933,"WR.5",0.864,-83.47845,-83.42166,35.07382,35.02734
"1315",1933,"BC.10",0.266,-83.47845,-83.42166,35.07382,35.02734
"1316",1933,"BC.16",NA,-83.47845,-83.42166,35.07382,35.02734
"1317",1933,"BC.12",NA,-83.47845,-83.42166,35.07382,35.02734
"1318",1933,"WR.8",0.39,-83.47845,-83.42166,35.07382,35.02734
"1319",1933,"WR.16",2.422,-83.47845,-83.42166,35.07382,35.02734
"1320",1933,"WR.9",1.577,-83.47845,-83.42166,35.07382,35.02734
"1321",1933,"WR.4",1.458,-83.47845,-83.42166,35.07382,35.02734
"1322",1933,"dc.318",NA,-83.47845,-83.42166,35.07382,35.02734
"1323",1933,"dc.319",0.769,-83.47845,-83.42166,35.07382,35.02734
"1324",1933,"ds.546",0.125,-83.47845,-83.42166,35.07382,35.02734
"1325",1933,"rk.053",0.199,-83.47845,-83.42166,35.07382,35.02734
"1326",1933,"rk.003",NA,-83.47845,-83.42166,35.07382,35.02734
"1327",1932,"WR.15",1.257,-83.47845,-83.42166,35.07382,35.02734
"1328",1932,"BC.5",0.64,-83.47845,-83.42166,35.07382,35.02734
"1329",1932,"HC.15",NA,-83.47845,-83.42166,35.07382,35.02734
"1330",1932,"BC.13",NA,-83.47845,-83.42166,35.07382,35.02734
"1331",1932,"WR.5",1.185,-83.47845,-83.42166,35.07382,35.02734
"1332",1932,"BC.10",0.375,-83.47845,-83.42166,35.07382,35.02734
"1333",1932,"BC.16",NA,-83.47845,-83.42166,35.07382,35.02734
"1334",1932,"BC.12",NA,-83.47845,-83.42166,35.07382,35.02734
"1335",1932,"WR.8",0.608,-83.47845,-83.42166,35.07382,35.02734
"1336",1932,"WR.16",2.681,-83.47845,-83.42166,35.07382,35.02734
"1337",1932,"WR.9",1.695,-83.47845,-83.42166,35.07382,35.02734
"1338",1932,"WR.4",1.462,-83.47845,-83.42166,35.07382,35.02734
"1339",1932,"dc.318",NA,-83.47845,-83.42166,35.07382,35.02734
"1340",1932,"dc.319",1.331,-83.47845,-83.42166,35.07382,35.02734
"1341",1932,"ds.546",0.112,-83.47845,-83.42166,35.07382,35.02734
"1342",1932,"rk.053",0.249,-83.47845,-83.42166,35.07382,35.02734
"1343",1932,"rk.003",NA,-83.47845,-83.42166,35.07382,35.02734
"1344",1931,"WR.15",0.943,-83.47845,-83.42166,35.07382,35.02734
"1345",1931,"BC.5",0.651,-83.47845,-83.42166,35.07382,35.02734
"1346",1931,"HC.15",NA,-83.47845,-83.42166,35.07382,35.02734
"1347",1931,"BC.13",NA,-83.47845,-83.42166,35.07382,35.02734
"1348",1931,"WR.5",1.741,-83.47845,-83.42166,35.07382,35.02734
"1349",1931,"BC.10",0.402,-83.47845,-83.42166,35.07382,35.02734
"1350",1931,"BC.16",NA,-83.47845,-83.42166,35.07382,35.02734
"1351",1931,"BC.12",NA,-83.47845,-83.42166,35.07382,35.02734
"1352",1931,"WR.8",0.715,-83.47845,-83.42166,35.07382,35.02734
"1353",1931,"WR.16",NA,-83.47845,-83.42166,35.07382,35.02734
"1354",1931,"WR.9",2.16,-83.47845,-83.42166,35.07382,35.02734
"1355",1931,"WR.4",1.502,-83.47845,-83.42166,35.07382,35.02734
"1356",1931,"dc.318",NA,-83.47845,-83.42166,35.07382,35.02734
"1357",1931,"dc.319",NA,-83.47845,-83.42166,35.07382,35.02734
"1358",1931,"ds.546",0.115,-83.47845,-83.42166,35.07382,35.02734
"1359",1931,"rk.053",0.262,-83.47845,-83.42166,35.07382,35.02734
"1360",1931,"rk.003",NA,-83.47845,-83.42166,35.07382,35.02734
"1361",1930,"WR.15",1.37,-83.47845,-83.42166,35.07382,35.02734
"1362",1930,"BC.5",0.528,-83.47845,-83.42166,35.07382,35.02734
"1363",1930,"HC.15",NA,-83.47845,-83.42166,35.07382,35.02734
"1364",1930,"BC.13",NA,-83.47845,-83.42166,35.07382,35.02734
"1365",1930,"WR.5",1.535,-83.47845,-83.42166,35.07382,35.02734
"1366",1930,"BC.10",0.503,-83.47845,-83.42166,35.07382,35.02734
"1367",1930,"BC.16",NA,-83.47845,-83.42166,35.07382,35.02734
"1368",1930,"BC.12",NA,-83.47845,-83.42166,35.07382,35.02734
"1369",1930,"WR.8",0.227,-83.47845,-83.42166,35.07382,35.02734
"1370",1930,"WR.16",NA,-83.47845,-83.42166,35.07382,35.02734
"1371",1930,"WR.9",NA,-83.47845,-83.42166,35.07382,35.02734
"1372",1930,"WR.4",1.359,-83.47845,-83.42166,35.07382,35.02734
"1373",1930,"dc.318",NA,-83.47845,-83.42166,35.07382,35.02734
"1374",1930,"dc.319",NA,-83.47845,-83.42166,35.07382,35.02734
"1375",1930,"ds.546",0.066,-83.47845,-83.42166,35.07382,35.02734
"1376",1930,"rk.053",0.148,-83.47845,-83.42166,35.07382,35.02734
"1377",1930,"rk.003",NA,-83.47845,-83.42166,35.07382,35.02734
"1378",1929,"WR.15",1.781,-83.47845,-83.42166,35.07382,35.02734
"1379",1929,"BC.5",1.056,-83.47845,-83.42166,35.07382,35.02734
"1380",1929,"HC.15",NA,-83.47845,-83.42166,35.07382,35.02734
"1381",1929,"BC.13",NA,-83.47845,-83.42166,35.07382,35.02734
"1382",1929,"WR.5",NA,-83.47845,-83.42166,35.07382,35.02734
"1383",1929,"BC.10",0.354,-83.47845,-83.42166,35.07382,35.02734
"1384",1929,"BC.16",NA,-83.47845,-83.42166,35.07382,35.02734
"1385",1929,"BC.12",NA,-83.47845,-83.42166,35.07382,35.02734
"1386",1929,"WR.8",0.173,-83.47845,-83.42166,35.07382,35.02734
"1387",1929,"WR.16",NA,-83.47845,-83.42166,35.07382,35.02734
"1388",1929,"WR.9",NA,-83.47845,-83.42166,35.07382,35.02734
"1389",1929,"WR.4",1.29,-83.47845,-83.42166,35.07382,35.02734
"1390",1929,"dc.318",NA,-83.47845,-83.42166,35.07382,35.02734
"1391",1929,"dc.319",NA,-83.47845,-83.42166,35.07382,35.02734
"1392",1929,"ds.546",0.107,-83.47845,-83.42166,35.07382,35.02734
"1393",1929,"rk.053",0.12,-83.47845,-83.42166,35.07382,35.02734
"1394",1929,"rk.003",NA,-83.47845,-83.42166,35.07382,35.02734
"1395",1928,"WR.15",1.596,-83.47845,-83.42166,35.07382,35.02734
"1396",1928,"BC.5",0.876,-83.47845,-83.42166,35.07382,35.02734
"1397",1928,"HC.15",NA,-83.47845,-83.42166,35.07382,35.02734
"1398",1928,"BC.13",NA,-83.47845,-83.42166,35.07382,35.02734
"1399",1928,"WR.5",NA,-83.47845,-83.42166,35.07382,35.02734
"1400",1928,"BC.10",0.548,-83.47845,-83.42166,35.07382,35.02734
"1401",1928,"BC.16",NA,-83.47845,-83.42166,35.07382,35.02734
"1402",1928,"BC.12",NA,-83.47845,-83.42166,35.07382,35.02734
"1403",1928,"WR.8",0.394,-83.47845,-83.42166,35.07382,35.02734
"1404",1928,"WR.16",NA,-83.47845,-83.42166,35.07382,35.02734
"1405",1928,"WR.9",NA,-83.47845,-83.42166,35.07382,35.02734
"1406",1928,"WR.4",1.093,-83.47845,-83.42166,35.07382,35.02734
"1407",1928,"dc.318",NA,-83.47845,-83.42166,35.07382,35.02734
"1408",1928,"dc.319",NA,-83.47845,-83.42166,35.07382,35.02734
"1409",1928,"ds.546",0.062,-83.47845,-83.42166,35.07382,35.02734
"1410",1928,"rk.053",0.181,-83.47845,-83.42166,35.07382,35.02734
"1411",1928,"rk.003",NA,-83.47845,-83.42166,35.07382,35.02734
"1412",1927,"WR.15",1.376,-83.47845,-83.42166,35.07382,35.02734
"1413",1927,"BC.5",0.82,-83.47845,-83.42166,35.07382,35.02734
"1414",1927,"HC.15",NA,-83.47845,-83.42166,35.07382,35.02734
"1415",1927,"BC.13",NA,-83.47845,-83.42166,35.07382,35.02734
"1416",1927,"WR.5",NA,-83.47845,-83.42166,35.07382,35.02734
"1417",1927,"BC.10",0.435,-83.47845,-83.42166,35.07382,35.02734
"1418",1927,"BC.16",NA,-83.47845,-83.42166,35.07382,35.02734
"1419",1927,"BC.12",NA,-83.47845,-83.42166,35.07382,35.02734
"1420",1927,"WR.8",0.369,-83.47845,-83.42166,35.07382,35.02734
"1421",1927,"WR.16",NA,-83.47845,-83.42166,35.07382,35.02734
"1422",1927,"WR.9",NA,-83.47845,-83.42166,35.07382,35.02734
"1423",1927,"WR.4",1.198,-83.47845,-83.42166,35.07382,35.02734
"1424",1927,"dc.318",NA,-83.47845,-83.42166,35.07382,35.02734
"1425",1927,"dc.319",NA,-83.47845,-83.42166,35.07382,35.02734
"1426",1927,"ds.546",0.054,-83.47845,-83.42166,35.07382,35.02734
"1427",1927,"rk.053",0.218,-83.47845,-83.42166,35.07382,35.02734
"1428",1927,"rk.003",NA,-83.47845,-83.42166,35.07382,35.02734
"1429",1926,"WR.15",0.411,-83.47845,-83.42166,35.07382,35.02734
"1430",1926,"BC.5",0.181,-83.47845,-83.42166,35.07382,35.02734
"1431",1926,"HC.15",NA,-83.47845,-83.42166,35.07382,35.02734
"1432",1926,"BC.13",NA,-83.47845,-83.42166,35.07382,35.02734
"1433",1926,"WR.5",NA,-83.47845,-83.42166,35.07382,35.02734
"1434",1926,"BC.10",0.33,-83.47845,-83.42166,35.07382,35.02734
"1435",1926,"BC.16",NA,-83.47845,-83.42166,35.07382,35.02734
"1436",1926,"BC.12",NA,-83.47845,-83.42166,35.07382,35.02734
"1437",1926,"WR.8",0.301,-83.47845,-83.42166,35.07382,35.02734
"1438",1926,"WR.16",NA,-83.47845,-83.42166,35.07382,35.02734
"1439",1926,"WR.9",NA,-83.47845,-83.42166,35.07382,35.02734
"1440",1926,"WR.4",1.001,-83.47845,-83.42166,35.07382,35.02734
"1441",1926,"dc.318",NA,-83.47845,-83.42166,35.07382,35.02734
"1442",1926,"dc.319",NA,-83.47845,-83.42166,35.07382,35.02734
"1443",1926,"ds.546",0.021,-83.47845,-83.42166,35.07382,35.02734
"1444",1926,"rk.053",0.146,-83.47845,-83.42166,35.07382,35.02734
"1445",1926,"rk.003",NA,-83.47845,-83.42166,35.07382,35.02734
"1446",1925,"WR.15",NA,-83.47845,-83.42166,35.07382,35.02734
"1447",1925,"BC.5",0.505,-83.47845,-83.42166,35.07382,35.02734
"1448",1925,"HC.15",NA,-83.47845,-83.42166,35.07382,35.02734
"1449",1925,"BC.13",NA,-83.47845,-83.42166,35.07382,35.02734
"1450",1925,"WR.5",NA,-83.47845,-83.42166,35.07382,35.02734
"1451",1925,"BC.10",1.34,-83.47845,-83.42166,35.07382,35.02734
"1452",1925,"BC.16",NA,-83.47845,-83.42166,35.07382,35.02734
"1453",1925,"BC.12",NA,-83.47845,-83.42166,35.07382,35.02734
"1454",1925,"WR.8",0.616,-83.47845,-83.42166,35.07382,35.02734
"1455",1925,"WR.16",NA,-83.47845,-83.42166,35.07382,35.02734
"1456",1925,"WR.9",NA,-83.47845,-83.42166,35.07382,35.02734
"1457",1925,"WR.4",1.318,-83.47845,-83.42166,35.07382,35.02734
"1458",1925,"dc.318",NA,-83.47845,-83.42166,35.07382,35.02734
"1459",1925,"dc.319",NA,-83.47845,-83.42166,35.07382,35.02734
"1460",1925,"ds.546",0.11,-83.47845,-83.42166,35.07382,35.02734
"1461",1925,"rk.053",0.135,-83.47845,-83.42166,35.07382,35.02734
"1462",1925,"rk.003",NA,-83.47845,-83.42166,35.07382,35.02734
"1463",1924,"WR.15",NA,-83.47845,-83.42166,35.07382,35.02734
"1464",1924,"BC.5",0.762,-83.47845,-83.42166,35.07382,35.02734
"1465",1924,"HC.15",NA,-83.47845,-83.42166,35.07382,35.02734
"1466",1924,"BC.13",NA,-83.47845,-83.42166,35.07382,35.02734
"1467",1924,"WR.5",NA,-83.47845,-83.42166,35.07382,35.02734
"1468",1924,"BC.10",2.203,-83.47845,-83.42166,35.07382,35.02734
"1469",1924,"BC.16",NA,-83.47845,-83.42166,35.07382,35.02734
"1470",1924,"BC.12",NA,-83.47845,-83.42166,35.07382,35.02734
"1471",1924,"WR.8",0.296,-83.47845,-83.42166,35.07382,35.02734
"1472",1924,"WR.16",NA,-83.47845,-83.42166,35.07382,35.02734
"1473",1924,"WR.9",NA,-83.47845,-83.42166,35.07382,35.02734
"1474",1924,"WR.4",1.021,-83.47845,-83.42166,35.07382,35.02734
"1475",1924,"dc.318",NA,-83.47845,-83.42166,35.07382,35.02734
"1476",1924,"dc.319",NA,-83.47845,-83.42166,35.07382,35.02734
"1477",1924,"ds.546",0.04,-83.47845,-83.42166,35.07382,35.02734
"1478",1924,"rk.053",0.164,-83.47845,-83.42166,35.07382,35.02734
"1479",1924,"rk.003",NA,-83.47845,-83.42166,35.07382,35.02734
"1480",1923,"WR.15",NA,-83.47845,-83.42166,35.07382,35.02734
"1481",1923,"BC.5",0.825,-83.47845,-83.42166,35.07382,35.02734
"1482",1923,"HC.15",NA,-83.47845,-83.42166,35.07382,35.02734
"1483",1923,"BC.13",NA,-83.47845,-83.42166,35.07382,35.02734
"1484",1923,"WR.5",NA,-83.47845,-83.42166,35.07382,35.02734
"1485",1923,"BC.10",2.247,-83.47845,-83.42166,35.07382,35.02734
"1486",1923,"BC.16",NA,-83.47845,-83.42166,35.07382,35.02734
"1487",1923,"BC.12",NA,-83.47845,-83.42166,35.07382,35.02734
"1488",1923,"WR.8",0.301,-83.47845,-83.42166,35.07382,35.02734
"1489",1923,"WR.16",NA,-83.47845,-83.42166,35.07382,35.02734
"1490",1923,"WR.9",NA,-83.47845,-83.42166,35.07382,35.02734
"1491",1923,"WR.4",0.963,-83.47845,-83.42166,35.07382,35.02734
"1492",1923,"dc.318",NA,-83.47845,-83.42166,35.07382,35.02734
"1493",1923,"dc.319",NA,-83.47845,-83.42166,35.07382,35.02734
"1494",1923,"ds.546",0.045,-83.47845,-83.42166,35.07382,35.02734
"1495",1923,"rk.053",0.144,-83.47845,-83.42166,35.07382,35.02734
"1496",1923,"rk.003",NA,-83.47845,-83.42166,35.07382,35.02734
"1497",1922,"WR.15",NA,-83.47845,-83.42166,35.07382,35.02734
"1498",1922,"BC.5",0.943,-83.47845,-83.42166,35.07382,35.02734
"1499",1922,"HC.15",NA,-83.47845,-83.42166,35.07382,35.02734
"1500",1922,"BC.13",NA,-83.47845,-83.42166,35.07382,35.02734
"1501",1922,"WR.5",NA,-83.47845,-83.42166,35.07382,35.02734
"1502",1922,"BC.10",2.995,-83.47845,-83.42166,35.07382,35.02734
"1503",1922,"BC.16",NA,-83.47845,-83.42166,35.07382,35.02734
"1504",1922,"BC.12",NA,-83.47845,-83.42166,35.07382,35.02734
"1505",1922,"WR.8",0.201,-83.47845,-83.42166,35.07382,35.02734
"1506",1922,"WR.16",NA,-83.47845,-83.42166,35.07382,35.02734
"1507",1922,"WR.9",NA,-83.47845,-83.42166,35.07382,35.02734
"1508",1922,"WR.4",1.079,-83.47845,-83.42166,35.07382,35.02734
"1509",1922,"dc.318",NA,-83.47845,-83.42166,35.07382,35.02734
"1510",1922,"dc.319",NA,-83.47845,-83.42166,35.07382,35.02734
"1511",1922,"ds.546",0.099,-83.47845,-83.42166,35.07382,35.02734
"1512",1922,"rk.053",0.095,-83.47845,-83.42166,35.07382,35.02734
"1513",1922,"rk.003",NA,-83.47845,-83.42166,35.07382,35.02734
"1514",1921,"WR.15",NA,-83.47845,-83.42166,35.07382,35.02734
"1515",1921,"BC.5",0.657,-83.47845,-83.42166,35.07382,35.02734
"1516",1921,"HC.15",NA,-83.47845,-83.42166,35.07382,35.02734
"1517",1921,"BC.13",NA,-83.47845,-83.42166,35.07382,35.02734
"1518",1921,"WR.5",NA,-83.47845,-83.42166,35.07382,35.02734
"1519",1921,"BC.10",2.639,-83.47845,-83.42166,35.07382,35.02734
"1520",1921,"BC.16",NA,-83.47845,-83.42166,35.07382,35.02734
"1521",1921,"BC.12",NA,-83.47845,-83.42166,35.07382,35.02734
"1522",1921,"WR.8",0.616,-83.47845,-83.42166,35.07382,35.02734
"1523",1921,"WR.16",NA,-83.47845,-83.42166,35.07382,35.02734
"1524",1921,"WR.9",NA,-83.47845,-83.42166,35.07382,35.02734
"1525",1921,"WR.4",0.883,-83.47845,-83.42166,35.07382,35.02734
"1526",1921,"dc.318",NA,-83.47845,-83.42166,35.07382,35.02734
"1527",1921,"dc.319",NA,-83.47845,-83.42166,35.07382,35.02734
"1528",1921,"ds.546",0.164,-83.47845,-83.42166,35.07382,35.02734
"1529",1921,"rk.053",0.119,-83.47845,-83.42166,35.07382,35.02734
"1530",1921,"rk.003",NA,-83.47845,-83.42166,35.07382,35.02734
"1531",1920,"WR.15",NA,-83.47845,-83.42166,35.07382,35.02734
"1532",1920,"BC.5",0.727,-83.47845,-83.42166,35.07382,35.02734
"1533",1920,"HC.15",NA,-83.47845,-83.42166,35.07382,35.02734
"1534",1920,"BC.13",NA,-83.47845,-83.42166,35.07382,35.02734
"1535",1920,"WR.5",NA,-83.47845,-83.42166,35.07382,35.02734
"1536",1920,"BC.10",1.922,-83.47845,-83.42166,35.07382,35.02734
"1537",1920,"BC.16",NA,-83.47845,-83.42166,35.07382,35.02734
"1538",1920,"BC.12",NA,-83.47845,-83.42166,35.07382,35.02734
"1539",1920,"WR.8",0.471,-83.47845,-83.42166,35.07382,35.02734
"1540",1920,"WR.16",NA,-83.47845,-83.42166,35.07382,35.02734
"1541",1920,"WR.9",NA,-83.47845,-83.42166,35.07382,35.02734
"1542",1920,"WR.4",0.718,-83.47845,-83.42166,35.07382,35.02734
"1543",1920,"dc.318",NA,-83.47845,-83.42166,35.07382,35.02734
"1544",1920,"dc.319",NA,-83.47845,-83.42166,35.07382,35.02734
"1545",1920,"ds.546",0.125,-83.47845,-83.42166,35.07382,35.02734
"1546",1920,"rk.053",0.136,-83.47845,-83.42166,35.07382,35.02734
"1547",1920,"rk.003",NA,-83.47845,-83.42166,35.07382,35.02734
"1548",1919,"WR.15",NA,-83.47845,-83.42166,35.07382,35.02734
"1549",1919,"BC.5",0.839,-83.47845,-83.42166,35.07382,35.02734
"1550",1919,"HC.15",NA,-83.47845,-83.42166,35.07382,35.02734
"1551",1919,"BC.13",NA,-83.47845,-83.42166,35.07382,35.02734
"1552",1919,"WR.5",NA,-83.47845,-83.42166,35.07382,35.02734
"1553",1919,"BC.10",0.87,-83.47845,-83.42166,35.07382,35.02734
"1554",1919,"BC.16",NA,-83.47845,-83.42166,35.07382,35.02734
"1555",1919,"BC.12",NA,-83.47845,-83.42166,35.07382,35.02734
"1556",1919,"WR.8",0.867,-83.47845,-83.42166,35.07382,35.02734
"1557",1919,"WR.16",NA,-83.47845,-83.42166,35.07382,35.02734
"1558",1919,"WR.9",NA,-83.47845,-83.42166,35.07382,35.02734
"1559",1919,"WR.4",1.021,-83.47845,-83.42166,35.07382,35.02734
"1560",1919,"dc.318",NA,-83.47845,-83.42166,35.07382,35.02734
"1561",1919,"dc.319",NA,-83.47845,-83.42166,35.07382,35.02734
"1562",1919,"ds.546",0.186,-83.47845,-83.42166,35.07382,35.02734
"1563",1919,"rk.053",0.151,-83.47845,-83.42166,35.07382,35.02734
"1564",1919,"rk.003",NA,-83.47845,-83.42166,35.07382,35.02734
"1565",1918,"WR.15",NA,-83.47845,-83.42166,35.07382,35.02734
"1566",1918,"BC.5",0.516,-83.47845,-83.42166,35.07382,35.02734
"1567",1918,"HC.15",NA,-83.47845,-83.42166,35.07382,35.02734
"1568",1918,"BC.13",NA,-83.47845,-83.42166,35.07382,35.02734
"1569",1918,"WR.5",NA,-83.47845,-83.42166,35.07382,35.02734
"1570",1918,"BC.10",0.733,-83.47845,-83.42166,35.07382,35.02734
"1571",1918,"BC.16",NA,-83.47845,-83.42166,35.07382,35.02734
"1572",1918,"BC.12",NA,-83.47845,-83.42166,35.07382,35.02734
"1573",1918,"WR.8",0.386,-83.47845,-83.42166,35.07382,35.02734
"1574",1918,"WR.16",NA,-83.47845,-83.42166,35.07382,35.02734
"1575",1918,"WR.9",NA,-83.47845,-83.42166,35.07382,35.02734
"1576",1918,"WR.4",0.603,-83.47845,-83.42166,35.07382,35.02734
"1577",1918,"dc.318",NA,-83.47845,-83.42166,35.07382,35.02734
"1578",1918,"dc.319",NA,-83.47845,-83.42166,35.07382,35.02734
"1579",1918,"ds.546",0.152,-83.47845,-83.42166,35.07382,35.02734
"1580",1918,"rk.053",0.189,-83.47845,-83.42166,35.07382,35.02734
"1581",1918,"rk.003",NA,-83.47845,-83.42166,35.07382,35.02734
"1582",1917,"WR.15",NA,-83.47845,-83.42166,35.07382,35.02734
"1583",1917,"BC.5",0.756,-83.47845,-83.42166,35.07382,35.02734
"1584",1917,"HC.15",NA,-83.47845,-83.42166,35.07382,35.02734
"1585",1917,"BC.13",NA,-83.47845,-83.42166,35.07382,35.02734
"1586",1917,"WR.5",NA,-83.47845,-83.42166,35.07382,35.02734
"1587",1917,"BC.10",1.369,-83.47845,-83.42166,35.07382,35.02734
"1588",1917,"BC.16",NA,-83.47845,-83.42166,35.07382,35.02734
"1589",1917,"BC.12",NA,-83.47845,-83.42166,35.07382,35.02734
"1590",1917,"WR.8",0.833,-83.47845,-83.42166,35.07382,35.02734
"1591",1917,"WR.16",NA,-83.47845,-83.42166,35.07382,35.02734
"1592",1917,"WR.9",NA,-83.47845,-83.42166,35.07382,35.02734
"1593",1917,"WR.4",0.989,-83.47845,-83.42166,35.07382,35.02734
"1594",1917,"dc.318",NA,-83.47845,-83.42166,35.07382,35.02734
"1595",1917,"dc.319",NA,-83.47845,-83.42166,35.07382,35.02734
"1596",1917,"ds.546",0.2,-83.47845,-83.42166,35.07382,35.02734
"1597",1917,"rk.053",0.205,-83.47845,-83.42166,35.07382,35.02734
"1598",1917,"rk.003",NA,-83.47845,-83.42166,35.07382,35.02734
"1599",1916,"WR.15",NA,-83.47845,-83.42166,35.07382,35.02734
"1600",1916,"BC.5",0.78,-83.47845,-83.42166,35.07382,35.02734
"1601",1916,"HC.15",NA,-83.47845,-83.42166,35.07382,35.02734
"1602",1916,"BC.13",NA,-83.47845,-83.42166,35.07382,35.02734
"1603",1916,"WR.5",NA,-83.47845,-83.42166,35.07382,35.02734
"1604",1916,"BC.10",1.307,-83.47845,-83.42166,35.07382,35.02734
"1605",1916,"BC.16",NA,-83.47845,-83.42166,35.07382,35.02734
"1606",1916,"BC.12",NA,-83.47845,-83.42166,35.07382,35.02734
"1607",1916,"WR.8",0.74,-83.47845,-83.42166,35.07382,35.02734
"1608",1916,"WR.16",NA,-83.47845,-83.42166,35.07382,35.02734
"1609",1916,"WR.9",NA,-83.47845,-83.42166,35.07382,35.02734
"1610",1916,"WR.4",0.647,-83.47845,-83.42166,35.07382,35.02734
"1611",1916,"dc.318",NA,-83.47845,-83.42166,35.07382,35.02734
"1612",1916,"dc.319",NA,-83.47845,-83.42166,35.07382,35.02734
"1613",1916,"ds.546",0.098,-83.47845,-83.42166,35.07382,35.02734
"1614",1916,"rk.053",0.213,-83.47845,-83.42166,35.07382,35.02734
"1615",1916,"rk.003",NA,-83.47845,-83.42166,35.07382,35.02734
"1616",1915,"WR.15",NA,-83.47845,-83.42166,35.07382,35.02734
"1617",1915,"BC.5",0.984,-83.47845,-83.42166,35.07382,35.02734
"1618",1915,"HC.15",NA,-83.47845,-83.42166,35.07382,35.02734
"1619",1915,"BC.13",NA,-83.47845,-83.42166,35.07382,35.02734
"1620",1915,"WR.5",NA,-83.47845,-83.42166,35.07382,35.02734
"1621",1915,"BC.10",1.558,-83.47845,-83.42166,35.07382,35.02734
"1622",1915,"BC.16",NA,-83.47845,-83.42166,35.07382,35.02734
"1623",1915,"BC.12",NA,-83.47845,-83.42166,35.07382,35.02734
"1624",1915,"WR.8",0.617,-83.47845,-83.42166,35.07382,35.02734
"1625",1915,"WR.16",NA,-83.47845,-83.42166,35.07382,35.02734
"1626",1915,"WR.9",NA,-83.47845,-83.42166,35.07382,35.02734
"1627",1915,"WR.4",0.584,-83.47845,-83.42166,35.07382,35.02734
"1628",1915,"dc.318",NA,-83.47845,-83.42166,35.07382,35.02734
"1629",1915,"dc.319",NA,-83.47845,-83.42166,35.07382,35.02734
"1630",1915,"ds.546",0.077,-83.47845,-83.42166,35.07382,35.02734
"1631",1915,"rk.053",0.254,-83.47845,-83.42166,35.07382,35.02734
"1632",1915,"rk.003",NA,-83.47845,-83.42166,35.07382,35.02734
"1633",1914,"WR.15",NA,-83.47845,-83.42166,35.07382,35.02734
"1634",1914,"BC.5",0.772,-83.47845,-83.42166,35.07382,35.02734
"1635",1914,"HC.15",NA,-83.47845,-83.42166,35.07382,35.02734
"1636",1914,"BC.13",NA,-83.47845,-83.42166,35.07382,35.02734
"1637",1914,"WR.5",NA,-83.47845,-83.42166,35.07382,35.02734
"1638",1914,"BC.10",1.654,-83.47845,-83.42166,35.07382,35.02734
"1639",1914,"BC.16",NA,-83.47845,-83.42166,35.07382,35.02734
"1640",1914,"BC.12",NA,-83.47845,-83.42166,35.07382,35.02734
"1641",1914,"WR.8",0.884,-83.47845,-83.42166,35.07382,35.02734
"1642",1914,"WR.16",NA,-83.47845,-83.42166,35.07382,35.02734
"1643",1914,"WR.9",NA,-83.47845,-83.42166,35.07382,35.02734
"1644",1914,"WR.4",0.697,-83.47845,-83.42166,35.07382,35.02734
"1645",1914,"dc.318",NA,-83.47845,-83.42166,35.07382,35.02734
"1646",1914,"dc.319",NA,-83.47845,-83.42166,35.07382,35.02734
"1647",1914,"ds.546",0.144,-83.47845,-83.42166,35.07382,35.02734
"1648",1914,"rk.053",0.108,-83.47845,-83.42166,35.07382,35.02734
"1649",1914,"rk.003",NA,-83.47845,-83.42166,35.07382,35.02734
"1650",1913,"WR.15",NA,-83.47845,-83.42166,35.07382,35.02734
"1651",1913,"BC.5",0.986,-83.47845,-83.42166,35.07382,35.02734
"1652",1913,"HC.15",NA,-83.47845,-83.42166,35.07382,35.02734
"1653",1913,"BC.13",NA,-83.47845,-83.42166,35.07382,35.02734
"1654",1913,"WR.5",NA,-83.47845,-83.42166,35.07382,35.02734
"1655",1913,"BC.10",NA,-83.47845,-83.42166,35.07382,35.02734
"1656",1913,"BC.16",NA,-83.47845,-83.42166,35.07382,35.02734
"1657",1913,"BC.12",NA,-83.47845,-83.42166,35.07382,35.02734
"1658",1913,"WR.8",1.258,-83.47845,-83.42166,35.07382,35.02734
"1659",1913,"WR.16",NA,-83.47845,-83.42166,35.07382,35.02734
"1660",1913,"WR.9",NA,-83.47845,-83.42166,35.07382,35.02734
"1661",1913,"WR.4",1.048,-83.47845,-83.42166,35.07382,35.02734
"1662",1913,"dc.318",NA,-83.47845,-83.42166,35.07382,35.02734
"1663",1913,"dc.319",NA,-83.47845,-83.42166,35.07382,35.02734
"1664",1913,"ds.546",0.238,-83.47845,-83.42166,35.07382,35.02734
"1665",1913,"rk.053",0.191,-83.47845,-83.42166,35.07382,35.02734
"1666",1913,"rk.003",NA,-83.47845,-83.42166,35.07382,35.02734
"1667",1912,"WR.15",NA,-83.47845,-83.42166,35.07382,35.02734
"1668",1912,"BC.5",0.79,-83.47845,-83.42166,35.07382,35.02734
"1669",1912,"HC.15",NA,-83.47845,-83.42166,35.07382,35.02734
"1670",1912,"BC.13",NA,-83.47845,-83.42166,35.07382,35.02734
"1671",1912,"WR.5",NA,-83.47845,-83.42166,35.07382,35.02734
"1672",1912,"BC.10",NA,-83.47845,-83.42166,35.07382,35.02734
"1673",1912,"BC.16",NA,-83.47845,-83.42166,35.07382,35.02734
"1674",1912,"BC.12",NA,-83.47845,-83.42166,35.07382,35.02734
"1675",1912,"WR.8",0.939,-83.47845,-83.42166,35.07382,35.02734
"1676",1912,"WR.16",NA,-83.47845,-83.42166,35.07382,35.02734
"1677",1912,"WR.9",NA,-83.47845,-83.42166,35.07382,35.02734
"1678",1912,"WR.4",0.959,-83.47845,-83.42166,35.07382,35.02734
"1679",1912,"dc.318",NA,-83.47845,-83.42166,35.07382,35.02734
"1680",1912,"dc.319",NA,-83.47845,-83.42166,35.07382,35.02734
"1681",1912,"ds.546",0.282,-83.47845,-83.42166,35.07382,35.02734
"1682",1912,"rk.053",0.173,-83.47845,-83.42166,35.07382,35.02734
"1683",1912,"rk.003",NA,-83.47845,-83.42166,35.07382,35.02734
"1684",1911,"WR.15",NA,-83.47845,-83.42166,35.07382,35.02734
"1685",1911,"BC.5",0.58,-83.47845,-83.42166,35.07382,35.02734
"1686",1911,"HC.15",NA,-83.47845,-83.42166,35.07382,35.02734
"1687",1911,"BC.13",NA,-83.47845,-83.42166,35.07382,35.02734
"1688",1911,"WR.5",NA,-83.47845,-83.42166,35.07382,35.02734
"1689",1911,"BC.10",NA,-83.47845,-83.42166,35.07382,35.02734
"1690",1911,"BC.16",NA,-83.47845,-83.42166,35.07382,35.02734
"1691",1911,"BC.12",NA,-83.47845,-83.42166,35.07382,35.02734
"1692",1911,"WR.8",0.689,-83.47845,-83.42166,35.07382,35.02734
"1693",1911,"WR.16",NA,-83.47845,-83.42166,35.07382,35.02734
"1694",1911,"WR.9",NA,-83.47845,-83.42166,35.07382,35.02734
"1695",1911,"WR.4",0.516,-83.47845,-83.42166,35.07382,35.02734
"1696",1911,"dc.318",NA,-83.47845,-83.42166,35.07382,35.02734
"1697",1911,"dc.319",NA,-83.47845,-83.42166,35.07382,35.02734
"1698",1911,"ds.546",0.184,-83.47845,-83.42166,35.07382,35.02734
"1699",1911,"rk.053",0.131,-83.47845,-83.42166,35.07382,35.02734
"1700",1911,"rk.003",NA,-83.47845,-83.42166,35.07382,35.02734
"1701",1910,"WR.15",NA,-83.47845,-83.42166,35.07382,35.02734
"1702",1910,"BC.5",NA,-83.47845,-83.42166,35.07382,35.02734
"1703",1910,"HC.15",NA,-83.47845,-83.42166,35.07382,35.02734
"1704",1910,"BC.13",NA,-83.47845,-83.42166,35.07382,35.02734
"1705",1910,"WR.5",NA,-83.47845,-83.42166,35.07382,35.02734
"1706",1910,"BC.10",NA,-83.47845,-83.42166,35.07382,35.02734
"1707",1910,"BC.16",NA,-83.47845,-83.42166,35.07382,35.02734
"1708",1910,"BC.12",NA,-83.47845,-83.42166,35.07382,35.02734
"1709",1910,"WR.8",0.877,-83.47845,-83.42166,35.07382,35.02734
"1710",1910,"WR.16",NA,-83.47845,-83.42166,35.07382,35.02734
"1711",1910,"WR.9",NA,-83.47845,-83.42166,35.07382,35.02734
"1712",1910,"WR.4",1.102,-83.47845,-83.42166,35.07382,35.02734
"1713",1910,"dc.318",NA,-83.47845,-83.42166,35.07382,35.02734
"1714",1910,"dc.319",NA,-83.47845,-83.42166,35.07382,35.02734
"1715",1910,"ds.546",0.234,-83.47845,-83.42166,35.07382,35.02734
"1716",1910,"rk.053",0.182,-83.47845,-83.42166,35.07382,35.02734
"1717",1910,"rk.003",NA,-83.47845,-83.42166,35.07382,35.02734
"1718",1909,"WR.15",NA,-83.47845,-83.42166,35.07382,35.02734
"1719",1909,"BC.5",NA,-83.47845,-83.42166,35.07382,35.02734
"1720",1909,"HC.15",NA,-83.47845,-83.42166,35.07382,35.02734
"1721",1909,"BC.13",NA,-83.47845,-83.42166,35.07382,35.02734
"1722",1909,"WR.5",NA,-83.47845,-83.42166,35.07382,35.02734
"1723",1909,"BC.10",NA,-83.47845,-83.42166,35.07382,35.02734
"1724",1909,"BC.16",NA,-83.47845,-83.42166,35.07382,35.02734
"1725",1909,"BC.12",NA,-83.47845,-83.42166,35.07382,35.02734
"1726",1909,"WR.8",1.117,-83.47845,-83.42166,35.07382,35.02734
"1727",1909,"WR.16",NA,-83.47845,-83.42166,35.07382,35.02734
"1728",1909,"WR.9",NA,-83.47845,-83.42166,35.07382,35.02734
"1729",1909,"WR.4",1.341,-83.47845,-83.42166,35.07382,35.02734
"1730",1909,"dc.318",NA,-83.47845,-83.42166,35.07382,35.02734
"1731",1909,"dc.319",NA,-83.47845,-83.42166,35.07382,35.02734
"1732",1909,"ds.546",0.243,-83.47845,-83.42166,35.07382,35.02734
"1733",1909,"rk.053",0.122,-83.47845,-83.42166,35.07382,35.02734
"1734",1909,"rk.003",NA,-83.47845,-83.42166,35.07382,35.02734
"1735",1908,"WR.15",NA,-83.47845,-83.42166,35.07382,35.02734
"1736",1908,"BC.5",NA,-83.47845,-83.42166,35.07382,35.02734
"1737",1908,"HC.15",NA,-83.47845,-83.42166,35.07382,35.02734
"1738",1908,"BC.13",NA,-83.47845,-83.42166,35.07382,35.02734
"1739",1908,"WR.5",NA,-83.47845,-83.42166,35.07382,35.02734
"1740",1908,"BC.10",NA,-83.47845,-83.42166,35.07382,35.02734
"1741",1908,"BC.16",NA,-83.47845,-83.42166,35.07382,35.02734
"1742",1908,"BC.12",NA,-83.47845,-83.42166,35.07382,35.02734
"1743",1908,"WR.8",0.709,-83.47845,-83.42166,35.07382,35.02734
"1744",1908,"WR.16",NA,-83.47845,-83.42166,35.07382,35.02734
"1745",1908,"WR.9",NA,-83.47845,-83.42166,35.07382,35.02734
"1746",1908,"WR.4",1.273,-83.47845,-83.42166,35.07382,35.02734
"1747",1908,"dc.318",NA,-83.47845,-83.42166,35.07382,35.02734
"1748",1908,"dc.319",NA,-83.47845,-83.42166,35.07382,35.02734
"1749",1908,"ds.546",0.15,-83.47845,-83.42166,35.07382,35.02734
"1750",1908,"rk.053",0.106,-83.47845,-83.42166,35.07382,35.02734
"1751",1908,"rk.003",NA,-83.47845,-83.42166,35.07382,35.02734
"1752",1907,"WR.15",NA,-83.47845,-83.42166,35.07382,35.02734
"1753",1907,"BC.5",NA,-83.47845,-83.42166,35.07382,35.02734
"1754",1907,"HC.15",NA,-83.47845,-83.42166,35.07382,35.02734
"1755",1907,"BC.13",NA,-83.47845,-83.42166,35.07382,35.02734
"1756",1907,"WR.5",NA,-83.47845,-83.42166,35.07382,35.02734
"1757",1907,"BC.10",NA,-83.47845,-83.42166,35.07382,35.02734
"1758",1907,"BC.16",NA,-83.47845,-83.42166,35.07382,35.02734
"1759",1907,"BC.12",NA,-83.47845,-83.42166,35.07382,35.02734
"1760",1907,"WR.8",0.712,-83.47845,-83.42166,35.07382,35.02734
"1761",1907,"WR.16",NA,-83.47845,-83.42166,35.07382,35.02734
"1762",1907,"WR.9",NA,-83.47845,-83.42166,35.07382,35.02734
"1763",1907,"WR.4",0.982,-83.47845,-83.42166,35.07382,35.02734
"1764",1907,"dc.318",NA,-83.47845,-83.42166,35.07382,35.02734
"1765",1907,"dc.319",NA,-83.47845,-83.42166,35.07382,35.02734
"1766",1907,"ds.546",0.173,-83.47845,-83.42166,35.07382,35.02734
"1767",1907,"rk.053",0.169,-83.47845,-83.42166,35.07382,35.02734
"1768",1907,"rk.003",NA,-83.47845,-83.42166,35.07382,35.02734
"1769",1906,"WR.15",NA,-83.47845,-83.42166,35.07382,35.02734
"1770",1906,"BC.5",NA,-83.47845,-83.42166,35.07382,35.02734
"1771",1906,"HC.15",NA,-83.47845,-83.42166,35.07382,35.02734
"1772",1906,"BC.13",NA,-83.47845,-83.42166,35.07382,35.02734
"1773",1906,"WR.5",NA,-83.47845,-83.42166,35.07382,35.02734
"1774",1906,"BC.10",NA,-83.47845,-83.42166,35.07382,35.02734
"1775",1906,"BC.16",NA,-83.47845,-83.42166,35.07382,35.02734
"1776",1906,"BC.12",NA,-83.47845,-83.42166,35.07382,35.02734
"1777",1906,"WR.8",1.156,-83.47845,-83.42166,35.07382,35.02734
"1778",1906,"WR.16",NA,-83.47845,-83.42166,35.07382,35.02734
"1779",1906,"WR.9",NA,-83.47845,-83.42166,35.07382,35.02734
"1780",1906,"WR.4",1.13,-83.47845,-83.42166,35.07382,35.02734
"1781",1906,"dc.318",NA,-83.47845,-83.42166,35.07382,35.02734
"1782",1906,"dc.319",NA,-83.47845,-83.42166,35.07382,35.02734
"1783",1906,"ds.546",0.171,-83.47845,-83.42166,35.07382,35.02734
"1784",1906,"rk.053",0.138,-83.47845,-83.42166,35.07382,35.02734
"1785",1906,"rk.003",NA,-83.47845,-83.42166,35.07382,35.02734
"1786",1905,"WR.15",NA,-83.47845,-83.42166,35.07382,35.02734
"1787",1905,"BC.5",NA,-83.47845,-83.42166,35.07382,35.02734
"1788",1905,"HC.15",NA,-83.47845,-83.42166,35.07382,35.02734
"1789",1905,"BC.13",NA,-83.47845,-83.42166,35.07382,35.02734
"1790",1905,"WR.5",NA,-83.47845,-83.42166,35.07382,35.02734
"1791",1905,"BC.10",NA,-83.47845,-83.42166,35.07382,35.02734
"1792",1905,"BC.16",NA,-83.47845,-83.42166,35.07382,35.02734
"1793",1905,"BC.12",NA,-83.47845,-83.42166,35.07382,35.02734
"1794",1905,"WR.8",0.811,-83.47845,-83.42166,35.07382,35.02734
"1795",1905,"WR.16",NA,-83.47845,-83.42166,35.07382,35.02734
"1796",1905,"WR.9",NA,-83.47845,-83.42166,35.07382,35.02734
"1797",1905,"WR.4",0.878,-83.47845,-83.42166,35.07382,35.02734
"1798",1905,"dc.318",NA,-83.47845,-83.42166,35.07382,35.02734
"1799",1905,"dc.319",NA,-83.47845,-83.42166,35.07382,35.02734
"1800",1905,"ds.546",0.165,-83.47845,-83.42166,35.07382,35.02734
"1801",1905,"rk.053",0.189,-83.47845,-83.42166,35.07382,35.02734
"1802",1905,"rk.003",NA,-83.47845,-83.42166,35.07382,35.02734
"1803",1904,"WR.15",NA,-83.47845,-83.42166,35.07382,35.02734
"1804",1904,"BC.5",NA,-83.47845,-83.42166,35.07382,35.02734
"1805",1904,"HC.15",NA,-83.47845,-83.42166,35.07382,35.02734
"1806",1904,"BC.13",NA,-83.47845,-83.42166,35.07382,35.02734
"1807",1904,"WR.5",NA,-83.47845,-83.42166,35.07382,35.02734
"1808",1904,"BC.10",NA,-83.47845,-83.42166,35.07382,35.02734
"1809",1904,"BC.16",NA,-83.47845,-83.42166,35.07382,35.02734
"1810",1904,"BC.12",NA,-83.47845,-83.42166,35.07382,35.02734
"1811",1904,"WR.8",1.02,-83.47845,-83.42166,35.07382,35.02734
"1812",1904,"WR.16",NA,-83.47845,-83.42166,35.07382,35.02734
"1813",1904,"WR.9",NA,-83.47845,-83.42166,35.07382,35.02734
"1814",1904,"WR.4",0.895,-83.47845,-83.42166,35.07382,35.02734
"1815",1904,"dc.318",NA,-83.47845,-83.42166,35.07382,35.02734
"1816",1904,"dc.319",NA,-83.47845,-83.42166,35.07382,35.02734
"1817",1904,"ds.546",0.173,-83.47845,-83.42166,35.07382,35.02734
"1818",1904,"rk.053",0.126,-83.47845,-83.42166,35.07382,35.02734
"1819",1904,"rk.003",NA,-83.47845,-83.42166,35.07382,35.02734
"1820",1903,"WR.15",NA,-83.47845,-83.42166,35.07382,35.02734
"1821",1903,"BC.5",NA,-83.47845,-83.42166,35.07382,35.02734
"1822",1903,"HC.15",NA,-83.47845,-83.42166,35.07382,35.02734
"1823",1903,"BC.13",NA,-83.47845,-83.42166,35.07382,35.02734
"1824",1903,"WR.5",NA,-83.47845,-83.42166,35.07382,35.02734
"1825",1903,"BC.10",NA,-83.47845,-83.42166,35.07382,35.02734
"1826",1903,"BC.16",NA,-83.47845,-83.42166,35.07382,35.02734
"1827",1903,"BC.12",NA,-83.47845,-83.42166,35.07382,35.02734
"1828",1903,"WR.8",0.779,-83.47845,-83.42166,35.07382,35.02734
"1829",1903,"WR.16",NA,-83.47845,-83.42166,35.07382,35.02734
"1830",1903,"WR.9",NA,-83.47845,-83.42166,35.07382,35.02734
"1831",1903,"WR.4",0.681,-83.47845,-83.42166,35.07382,35.02734
"1832",1903,"dc.318",NA,-83.47845,-83.42166,35.07382,35.02734
"1833",1903,"dc.319",NA,-83.47845,-83.42166,35.07382,35.02734
"1834",1903,"ds.546",NA,-83.47845,-83.42166,35.07382,35.02734
"1835",1903,"rk.053",0.116,-83.47845,-83.42166,35.07382,35.02734
"1836",1903,"rk.003",NA,-83.47845,-83.42166,35.07382,35.02734
"1837",1902,"WR.15",NA,-83.47845,-83.42166,35.07382,35.02734
"1838",1902,"BC.5",NA,-83.47845,-83.42166,35.07382,35.02734
"1839",1902,"HC.15",NA,-83.47845,-83.42166,35.07382,35.02734
"1840",1902,"BC.13",NA,-83.47845,-83.42166,35.07382,35.02734
"1841",1902,"WR.5",NA,-83.47845,-83.42166,35.07382,35.02734
"1842",1902,"BC.10",NA,-83.47845,-83.42166,35.07382,35.02734
"1843",1902,"BC.16",NA,-83.47845,-83.42166,35.07382,35.02734
"1844",1902,"BC.12",NA,-83.47845,-83.42166,35.07382,35.02734
"1845",1902,"WR.8",1.312,-83.47845,-83.42166,35.07382,35.02734
"1846",1902,"WR.16",NA,-83.47845,-83.42166,35.07382,35.02734
"1847",1902,"WR.9",NA,-83.47845,-83.42166,35.07382,35.02734
"1848",1902,"WR.4",0.903,-83.47845,-83.42166,35.07382,35.02734
"1849",1902,"dc.318",NA,-83.47845,-83.42166,35.07382,35.02734
"1850",1902,"dc.319",NA,-83.47845,-83.42166,35.07382,35.02734
"1851",1902,"ds.546",NA,-83.47845,-83.42166,35.07382,35.02734
"1852",1902,"rk.053",0.257,-83.47845,-83.42166,35.07382,35.02734
"1853",1902,"rk.003",NA,-83.47845,-83.42166,35.07382,35.02734
"1854",1901,"WR.15",NA,-83.47845,-83.42166,35.07382,35.02734
"1855",1901,"BC.5",NA,-83.47845,-83.42166,35.07382,35.02734
"1856",1901,"HC.15",NA,-83.47845,-83.42166,35.07382,35.02734
"1857",1901,"BC.13",NA,-83.47845,-83.42166,35.07382,35.02734
"1858",1901,"WR.5",NA,-83.47845,-83.42166,35.07382,35.02734
"1859",1901,"BC.10",NA,-83.47845,-83.42166,35.07382,35.02734
"1860",1901,"BC.16",NA,-83.47845,-83.42166,35.07382,35.02734
"1861",1901,"BC.12",NA,-83.47845,-83.42166,35.07382,35.02734
"1862",1901,"WR.8",0.913,-83.47845,-83.42166,35.07382,35.02734
"1863",1901,"WR.16",NA,-83.47845,-83.42166,35.07382,35.02734
"1864",1901,"WR.9",NA,-83.47845,-83.42166,35.07382,35.02734
"1865",1901,"WR.4",NA,-83.47845,-83.42166,35.07382,35.02734
"1866",1901,"dc.318",NA,-83.47845,-83.42166,35.07382,35.02734
"1867",1901,"dc.319",NA,-83.47845,-83.42166,35.07382,35.02734
"1868",1901,"ds.546",NA,-83.47845,-83.42166,35.07382,35.02734
"1869",1901,"rk.053",0.115,-83.47845,-83.42166,35.07382,35.02734
"1870",1901,"rk.003",NA,-83.47845,-83.42166,35.07382,35.02734
"1871",1900,"WR.15",NA,-83.47845,-83.42166,35.07382,35.02734
"1872",1900,"BC.5",NA,-83.47845,-83.42166,35.07382,35.02734
"1873",1900,"HC.15",NA,-83.47845,-83.42166,35.07382,35.02734
"1874",1900,"BC.13",NA,-83.47845,-83.42166,35.07382,35.02734
"1875",1900,"WR.5",NA,-83.47845,-83.42166,35.07382,35.02734
"1876",1900,"BC.10",NA,-83.47845,-83.42166,35.07382,35.02734
"1877",1900,"BC.16",NA,-83.47845,-83.42166,35.07382,35.02734
"1878",1900,"BC.12",NA,-83.47845,-83.42166,35.07382,35.02734
"1879",1900,"WR.8",0.483,-83.47845,-83.42166,35.07382,35.02734
"1880",1900,"WR.16",NA,-83.47845,-83.42166,35.07382,35.02734
"1881",1900,"WR.9",NA,-83.47845,-83.42166,35.07382,35.02734
"1882",1900,"WR.4",NA,-83.47845,-83.42166,35.07382,35.02734
"1883",1900,"dc.318",NA,-83.47845,-83.42166,35.07382,35.02734
"1884",1900,"dc.319",NA,-83.47845,-83.42166,35.07382,35.02734
"1885",1900,"ds.546",NA,-83.47845,-83.42166,35.07382,35.02734
"1886",1900,"rk.053",0.099,-83.47845,-83.42166,35.07382,35.02734
"1887",1900,"rk.003",NA,-83.47845,-83.42166,35.07382,35.02734
"1888",1899,"WR.15",NA,-83.47845,-83.42166,35.07382,35.02734
"1889",1899,"BC.5",NA,-83.47845,-83.42166,35.07382,35.02734
"1890",1899,"HC.15",NA,-83.47845,-83.42166,35.07382,35.02734
"1891",1899,"BC.13",NA,-83.47845,-83.42166,35.07382,35.02734
"1892",1899,"WR.5",NA,-83.47845,-83.42166,35.07382,35.02734
"1893",1899,"BC.10",NA,-83.47845,-83.42166,35.07382,35.02734
"1894",1899,"BC.16",NA,-83.47845,-83.42166,35.07382,35.02734
"1895",1899,"BC.12",NA,-83.47845,-83.42166,35.07382,35.02734
"1896",1899,"WR.8",1.381,-83.47845,-83.42166,35.07382,35.02734
"1897",1899,"WR.16",NA,-83.47845,-83.42166,35.07382,35.02734
"1898",1899,"WR.9",NA,-83.47845,-83.42166,35.07382,35.02734
"1899",1899,"WR.4",NA,-83.47845,-83.42166,35.07382,35.02734
"1900",1899,"dc.318",NA,-83.47845,-83.42166,35.07382,35.02734
"1901",1899,"dc.319",NA,-83.47845,-83.42166,35.07382,35.02734
"1902",1899,"ds.546",NA,-83.47845,-83.42166,35.07382,35.02734
"1903",1899,"rk.053",NA,-83.47845,-83.42166,35.07382,35.02734
"1904",1899,"rk.003",NA,-83.47845,-83.42166,35.07382,35.02734
"1905",1898,"WR.15",NA,-83.47845,-83.42166,35.07382,35.02734
"1906",1898,"BC.5",NA,-83.47845,-83.42166,35.07382,35.02734
"1907",1898,"HC.15",NA,-83.47845,-83.42166,35.07382,35.02734
"1908",1898,"BC.13",NA,-83.47845,-83.42166,35.07382,35.02734
"1909",1898,"WR.5",NA,-83.47845,-83.42166,35.07382,35.02734
"1910",1898,"BC.10",NA,-83.47845,-83.42166,35.07382,35.02734
"1911",1898,"BC.16",NA,-83.47845,-83.42166,35.07382,35.02734
"1912",1898,"BC.12",NA,-83.47845,-83.42166,35.07382,35.02734
"1913",1898,"WR.8",1.073,-83.47845,-83.42166,35.07382,35.02734
"1914",1898,"WR.16",NA,-83.47845,-83.42166,35.07382,35.02734
"1915",1898,"WR.9",NA,-83.47845,-83.42166,35.07382,35.02734
"1916",1898,"WR.4",NA,-83.47845,-83.42166,35.07382,35.02734
"1917",1898,"dc.318",NA,-83.47845,-83.42166,35.07382,35.02734
"1918",1898,"dc.319",NA,-83.47845,-83.42166,35.07382,35.02734
"1919",1898,"ds.546",NA,-83.47845,-83.42166,35.07382,35.02734
"1920",1898,"rk.053",NA,-83.47845,-83.42166,35.07382,35.02734
"1921",1898,"rk.003",NA,-83.47845,-83.42166,35.07382,35.02734
"1922",1897,"WR.15",NA,-83.47845,-83.42166,35.07382,35.02734
"1923",1897,"BC.5",NA,-83.47845,-83.42166,35.07382,35.02734
"1924",1897,"HC.15",NA,-83.47845,-83.42166,35.07382,35.02734
"1925",1897,"BC.13",NA,-83.47845,-83.42166,35.07382,35.02734
"1926",1897,"WR.5",NA,-83.47845,-83.42166,35.07382,35.02734
"1927",1897,"BC.10",NA,-83.47845,-83.42166,35.07382,35.02734
"1928",1897,"BC.16",NA,-83.47845,-83.42166,35.07382,35.02734
"1929",1897,"BC.12",NA,-83.47845,-83.42166,35.07382,35.02734
"1930",1897,"WR.8",1.167,-83.47845,-83.42166,35.07382,35.02734
"1931",1897,"WR.16",NA,-83.47845,-83.42166,35.07382,35.02734
"1932",1897,"WR.9",NA,-83.47845,-83.42166,35.07382,35.02734
"1933",1897,"WR.4",NA,-83.47845,-83.42166,35.07382,35.02734
"1934",1897,"dc.318",NA,-83.47845,-83.42166,35.07382,35.02734
"1935",1897,"dc.319",NA,-83.47845,-83.42166,35.07382,35.02734
"1936",1897,"ds.546",NA,-83.47845,-83.42166,35.07382,35.02734
"1937",1897,"rk.053",NA,-83.47845,-83.42166,35.07382,35.02734
"1938",1897,"rk.003",NA,-83.47845,-83.42166,35.07382,35.02734
"1939",1896,"WR.15",NA,-83.47845,-83.42166,35.07382,35.02734
"1940",1896,"BC.5",NA,-83.47845,-83.42166,35.07382,35.02734
"1941",1896,"HC.15",NA,-83.47845,-83.42166,35.07382,35.02734
"1942",1896,"BC.13",NA,-83.47845,-83.42166,35.07382,35.02734
"1943",1896,"WR.5",NA,-83.47845,-83.42166,35.07382,35.02734
"1944",1896,"BC.10",NA,-83.47845,-83.42166,35.07382,35.02734
"1945",1896,"BC.16",NA,-83.47845,-83.42166,35.07382,35.02734
"1946",1896,"BC.12",NA,-83.47845,-83.42166,35.07382,35.02734
"1947",1896,"WR.8",1.376,-83.47845,-83.42166,35.07382,35.02734
"1948",1896,"WR.16",NA,-83.47845,-83.42166,35.07382,35.02734
"1949",1896,"WR.9",NA,-83.47845,-83.42166,35.07382,35.02734
"1950",1896,"WR.4",NA,-83.47845,-83.42166,35.07382,35.02734
"1951",1896,"dc.318",NA,-83.47845,-83.42166,35.07382,35.02734
"1952",1896,"dc.319",NA,-83.47845,-83.42166,35.07382,35.02734
"1953",1896,"ds.546",NA,-83.47845,-83.42166,35.07382,35.02734
"1954",1896,"rk.053",NA,-83.47845,-83.42166,35.07382,35.02734
"1955",1896,"rk.003",NA,-83.47845,-83.42166,35.07382,35.02734
"1956",1895,"WR.15",NA,-83.47845,-83.42166,35.07382,35.02734
"1957",1895,"BC.5",NA,-83.47845,-83.42166,35.07382,35.02734
"1958",1895,"HC.15",NA,-83.47845,-83.42166,35.07382,35.02734
"1959",1895,"BC.13",NA,-83.47845,-83.42166,35.07382,35.02734
"1960",1895,"WR.5",NA,-83.47845,-83.42166,35.07382,35.02734
"1961",1895,"BC.10",NA,-83.47845,-83.42166,35.07382,35.02734
"1962",1895,"BC.16",NA,-83.47845,-83.42166,35.07382,35.02734
"1963",1895,"BC.12",NA,-83.47845,-83.42166,35.07382,35.02734
"1964",1895,"WR.8",1.469,-83.47845,-83.42166,35.07382,35.02734
"1965",1895,"WR.16",NA,-83.47845,-83.42166,35.07382,35.02734
"1966",1895,"WR.9",NA,-83.47845,-83.42166,35.07382,35.02734
"1967",1895,"WR.4",NA,-83.47845,-83.42166,35.07382,35.02734
"1968",1895,"dc.318",NA,-83.47845,-83.42166,35.07382,35.02734
"1969",1895,"dc.319",NA,-83.47845,-83.42166,35.07382,35.02734
"1970",1895,"ds.546",NA,-83.47845,-83.42166,35.07382,35.02734
"1971",1895,"rk.053",NA,-83.47845,-83.42166,35.07382,35.02734
"1972",1895,"rk.003",NA,-83.47845,-83.42166,35.07382,35.02734
"1973",1894,"WR.15",NA,-83.47845,-83.42166,35.07382,35.02734
"1974",1894,"BC.5",NA,-83.47845,-83.42166,35.07382,35.02734
"1975",1894,"HC.15",NA,-83.47845,-83.42166,35.07382,35.02734
"1976",1894,"BC.13",NA,-83.47845,-83.42166,35.07382,35.02734
"1977",1894,"WR.5",NA,-83.47845,-83.42166,35.07382,35.02734
"1978",1894,"BC.10",NA,-83.47845,-83.42166,35.07382,35.02734
"1979",1894,"BC.16",NA,-83.47845,-83.42166,35.07382,35.02734
"1980",1894,"BC.12",NA,-83.47845,-83.42166,35.07382,35.02734
"1981",1894,"WR.8",2.121,-83.47845,-83.42166,35.07382,35.02734
"1982",1894,"WR.16",NA,-83.47845,-83.42166,35.07382,35.02734
"1983",1894,"WR.9",NA,-83.47845,-83.42166,35.07382,35.02734
"1984",1894,"WR.4",NA,-83.47845,-83.42166,35.07382,35.02734
"1985",1894,"dc.318",NA,-83.47845,-83.42166,35.07382,35.02734
"1986",1894,"dc.319",NA,-83.47845,-83.42166,35.07382,35.02734
"1987",1894,"ds.546",NA,-83.47845,-83.42166,35.07382,35.02734
"1988",1894,"rk.053",NA,-83.47845,-83.42166,35.07382,35.02734
"1989",1894,"rk.003",NA,-83.47845,-83.42166,35.07382,35.02734
"1990",1893,"WR.15",NA,-83.47845,-83.42166,35.07382,35.02734
"1991",1893,"BC.5",NA,-83.47845,-83.42166,35.07382,35.02734
"1992",1893,"HC.15",NA,-83.47845,-83.42166,35.07382,35.02734
"1993",1893,"BC.13",NA,-83.47845,-83.42166,35.07382,35.02734
"1994",1893,"WR.5",NA,-83.47845,-83.42166,35.07382,35.02734
"1995",1893,"BC.10",NA,-83.47845,-83.42166,35.07382,35.02734
"1996",1893,"BC.16",NA,-83.47845,-83.42166,35.07382,35.02734
"1997",1893,"BC.12",NA,-83.47845,-83.42166,35.07382,35.02734
"1998",1893,"WR.8",0.988,-83.47845,-83.42166,35.07382,35.02734
"1999",1893,"WR.16",NA,-83.47845,-83.42166,35.07382,35.02734
"2000",1893,"WR.9",NA,-83.47845,-83.42166,35.07382,35.02734
"2001",1893,"WR.4",NA,-83.47845,-83.42166,35.07382,35.02734
"2002",1893,"dc.318",NA,-83.47845,-83.42166,35.07382,35.02734
"2003",1893,"dc.319",NA,-83.47845,-83.42166,35.07382,35.02734
"2004",1893,"ds.546",NA,-83.47845,-83.42166,35.07382,35.02734
"2005",1893,"rk.053",NA,-83.47845,-83.42166,35.07382,35.02734
"2006",1893,"rk.003",NA,-83.47845,-83.42166,35.07382,35.02734
"2007",1892,"WR.15",NA,-83.47845,-83.42166,35.07382,35.02734
"2008",1892,"BC.5",NA,-83.47845,-83.42166,35.07382,35.02734
"2009",1892,"HC.15",NA,-83.47845,-83.42166,35.07382,35.02734
"2010",1892,"BC.13",NA,-83.47845,-83.42166,35.07382,35.02734
"2011",1892,"WR.5",NA,-83.47845,-83.42166,35.07382,35.02734
"2012",1892,"BC.10",NA,-83.47845,-83.42166,35.07382,35.02734
"2013",1892,"BC.16",NA,-83.47845,-83.42166,35.07382,35.02734
"2014",1892,"BC.12",NA,-83.47845,-83.42166,35.07382,35.02734
"2015",1892,"WR.8",0.457,-83.47845,-83.42166,35.07382,35.02734
"2016",1892,"WR.16",NA,-83.47845,-83.42166,35.07382,35.02734
"2017",1892,"WR.9",NA,-83.47845,-83.42166,35.07382,35.02734
"2018",1892,"WR.4",NA,-83.47845,-83.42166,35.07382,35.02734
"2019",1892,"dc.318",NA,-83.47845,-83.42166,35.07382,35.02734
"2020",1892,"dc.319",NA,-83.47845,-83.42166,35.07382,35.02734
"2021",1892,"ds.546",NA,-83.47845,-83.42166,35.07382,35.02734
"2022",1892,"rk.053",NA,-83.47845,-83.42166,35.07382,35.02734
"2023",1892,"rk.003",NA,-83.47845,-83.42166,35.07382,35.02734
"2024",1891,"WR.15",NA,-83.47845,-83.42166,35.07382,35.02734
"2025",1891,"BC.5",NA,-83.47845,-83.42166,35.07382,35.02734
"2026",1891,"HC.15",NA,-83.47845,-83.42166,35.07382,35.02734
"2027",1891,"BC.13",NA,-83.47845,-83.42166,35.07382,35.02734
"2028",1891,"WR.5",NA,-83.47845,-83.42166,35.07382,35.02734
"2029",1891,"BC.10",NA,-83.47845,-83.42166,35.07382,35.02734
"2030",1891,"BC.16",NA,-83.47845,-83.42166,35.07382,35.02734
"2031",1891,"BC.12",NA,-83.47845,-83.42166,35.07382,35.02734
"2032",1891,"WR.8",0.457,-83.47845,-83.42166,35.07382,35.02734
"2033",1891,"WR.16",NA,-83.47845,-83.42166,35.07382,35.02734
"2034",1891,"WR.9",NA,-83.47845,-83.42166,35.07382,35.02734
"2035",1891,"WR.4",NA,-83.47845,-83.42166,35.07382,35.02734
"2036",1891,"dc.318",NA,-83.47845,-83.42166,35.07382,35.02734
"2037",1891,"dc.319",NA,-83.47845,-83.42166,35.07382,35.02734
"2038",1891,"ds.546",NA,-83.47845,-83.42166,35.07382,35.02734
"2039",1891,"rk.053",NA,-83.47845,-83.42166,35.07382,35.02734
"2040",1891,"rk.003",NA,-83.47845,-83.42166,35.07382,35.02734
"2041",1890,"WR.15",NA,-83.47845,-83.42166,35.07382,35.02734
"2042",1890,"BC.5",NA,-83.47845,-83.42166,35.07382,35.02734
"2043",1890,"HC.15",NA,-83.47845,-83.42166,35.07382,35.02734
"2044",1890,"BC.13",NA,-83.47845,-83.42166,35.07382,35.02734
"2045",1890,"WR.5",NA,-83.47845,-83.42166,35.07382,35.02734
"2046",1890,"BC.10",NA,-83.47845,-83.42166,35.07382,35.02734
"2047",1890,"BC.16",NA,-83.47845,-83.42166,35.07382,35.02734
"2048",1890,"BC.12",NA,-83.47845,-83.42166,35.07382,35.02734
"2049",1890,"WR.8",0.982,-83.47845,-83.42166,35.07382,35.02734
"2050",1890,"WR.16",NA,-83.47845,-83.42166,35.07382,35.02734
"2051",1890,"WR.9",NA,-83.47845,-83.42166,35.07382,35.02734
"2052",1890,"WR.4",NA,-83.47845,-83.42166,35.07382,35.02734
"2053",1890,"dc.318",NA,-83.47845,-83.42166,35.07382,35.02734
"2054",1890,"dc.319",NA,-83.47845,-83.42166,35.07382,35.02734
"2055",1890,"ds.546",NA,-83.47845,-83.42166,35.07382,35.02734
"2056",1890,"rk.053",NA,-83.47845,-83.42166,35.07382,35.02734
"2057",1890,"rk.003",NA,-83.47845,-83.42166,35.07382,35.02734
"2058",1889,"WR.15",NA,-83.47845,-83.42166,35.07382,35.02734
"2059",1889,"BC.5",NA,-83.47845,-83.42166,35.07382,35.02734
"2060",1889,"HC.15",NA,-83.47845,-83.42166,35.07382,35.02734
"2061",1889,"BC.13",NA,-83.47845,-83.42166,35.07382,35.02734
"2062",1889,"WR.5",NA,-83.47845,-83.42166,35.07382,35.02734
"2063",1889,"BC.10",NA,-83.47845,-83.42166,35.07382,35.02734
"2064",1889,"BC.16",NA,-83.47845,-83.42166,35.07382,35.02734
"2065",1889,"BC.12",NA,-83.47845,-83.42166,35.07382,35.02734
"2066",1889,"WR.8",1.209,-83.47845,-83.42166,35.07382,35.02734
"2067",1889,"WR.16",NA,-83.47845,-83.42166,35.07382,35.02734
"2068",1889,"WR.9",NA,-83.47845,-83.42166,35.07382,35.02734
"2069",1889,"WR.4",NA,-83.47845,-83.42166,35.07382,35.02734
"2070",1889,"dc.318",NA,-83.47845,-83.42166,35.07382,35.02734
"2071",1889,"dc.319",NA,-83.47845,-83.42166,35.07382,35.02734
"2072",1889,"ds.546",NA,-83.47845,-83.42166,35.07382,35.02734
"2073",1889,"rk.053",NA,-83.47845,-83.42166,35.07382,35.02734
"2074",1889,"rk.003",NA,-83.47845,-83.42166,35.07382,35.02734
"2075",1888,"WR.15",NA,-83.47845,-83.42166,35.07382,35.02734
"2076",1888,"BC.5",NA,-83.47845,-83.42166,35.07382,35.02734
"2077",1888,"HC.15",NA,-83.47845,-83.42166,35.07382,35.02734
"2078",1888,"BC.13",NA,-83.47845,-83.42166,35.07382,35.02734
"2079",1888,"WR.5",NA,-83.47845,-83.42166,35.07382,35.02734
"2080",1888,"BC.10",NA,-83.47845,-83.42166,35.07382,35.02734
"2081",1888,"BC.16",NA,-83.47845,-83.42166,35.07382,35.02734
"2082",1888,"BC.12",NA,-83.47845,-83.42166,35.07382,35.02734
"2083",1888,"WR.8",0.572,-83.47845,-83.42166,35.07382,35.02734
"2084",1888,"WR.16",NA,-83.47845,-83.42166,35.07382,35.02734
"2085",1888,"WR.9",NA,-83.47845,-83.42166,35.07382,35.02734
"2086",1888,"WR.4",NA,-83.47845,-83.42166,35.07382,35.02734
"2087",1888,"dc.318",NA,-83.47845,-83.42166,35.07382,35.02734
"2088",1888,"dc.319",NA,-83.47845,-83.42166,35.07382,35.02734
"2089",1888,"ds.546",NA,-83.47845,-83.42166,35.07382,35.02734
"2090",1888,"rk.053",NA,-83.47845,-83.42166,35.07382,35.02734
"2091",1888,"rk.003",NA,-83.47845,-83.42166,35.07382,35.02734
"2092",1887,"WR.15",NA,-83.47845,-83.42166,35.07382,35.02734
"2093",1887,"BC.5",NA,-83.47845,-83.42166,35.07382,35.02734
"2094",1887,"HC.15",NA,-83.47845,-83.42166,35.07382,35.02734
"2095",1887,"BC.13",NA,-83.47845,-83.42166,35.07382,35.02734
"2096",1887,"WR.5",NA,-83.47845,-83.42166,35.07382,35.02734
"2097",1887,"BC.10",NA,-83.47845,-83.42166,35.07382,35.02734
"2098",1887,"BC.16",NA,-83.47845,-83.42166,35.07382,35.02734
"2099",1887,"BC.12",NA,-83.47845,-83.42166,35.07382,35.02734
"2100",1887,"WR.8",0.517,-83.47845,-83.42166,35.07382,35.02734
"2101",1887,"WR.16",NA,-83.47845,-83.42166,35.07382,35.02734
"2102",1887,"WR.9",NA,-83.47845,-83.42166,35.07382,35.02734
"2103",1887,"WR.4",NA,-83.47845,-83.42166,35.07382,35.02734
"2104",1887,"dc.318",NA,-83.47845,-83.42166,35.07382,35.02734
"2105",1887,"dc.319",NA,-83.47845,-83.42166,35.07382,35.02734
"2106",1887,"ds.546",NA,-83.47845,-83.42166,35.07382,35.02734
"2107",1887,"rk.053",NA,-83.47845,-83.42166,35.07382,35.02734
"2108",1887,"rk.003",NA,-83.47845,-83.42166,35.07382,35.02734
"2109",1886,"WR.15",NA,-83.47845,-83.42166,35.07382,35.02734
"2110",1886,"BC.5",NA,-83.47845,-83.42166,35.07382,35.02734
"2111",1886,"HC.15",NA,-83.47845,-83.42166,35.07382,35.02734
"2112",1886,"BC.13",NA,-83.47845,-83.42166,35.07382,35.02734
"2113",1886,"WR.5",NA,-83.47845,-83.42166,35.07382,35.02734
"2114",1886,"BC.10",NA,-83.47845,-83.42166,35.07382,35.02734
"2115",1886,"BC.16",NA,-83.47845,-83.42166,35.07382,35.02734
"2116",1886,"BC.12",NA,-83.47845,-83.42166,35.07382,35.02734
"2117",1886,"WR.8",0.742,-83.47845,-83.42166,35.07382,35.02734
"2118",1886,"WR.16",NA,-83.47845,-83.42166,35.07382,35.02734
"2119",1886,"WR.9",NA,-83.47845,-83.42166,35.07382,35.02734
"2120",1886,"WR.4",NA,-83.47845,-83.42166,35.07382,35.02734
"2121",1886,"dc.318",NA,-83.47845,-83.42166,35.07382,35.02734
"2122",1886,"dc.319",NA,-83.47845,-83.42166,35.07382,35.02734
"2123",1886,"ds.546",NA,-83.47845,-83.42166,35.07382,35.02734
"2124",1886,"rk.053",NA,-83.47845,-83.42166,35.07382,35.02734
"2125",1886,"rk.003",NA,-83.47845,-83.42166,35.07382,35.02734
"2126",1885,"WR.15",NA,-83.47845,-83.42166,35.07382,35.02734
"2127",1885,"BC.5",NA,-83.47845,-83.42166,35.07382,35.02734
"2128",1885,"HC.15",NA,-83.47845,-83.42166,35.07382,35.02734
"2129",1885,"BC.13",NA,-83.47845,-83.42166,35.07382,35.02734
"2130",1885,"WR.5",NA,-83.47845,-83.42166,35.07382,35.02734
"2131",1885,"BC.10",NA,-83.47845,-83.42166,35.07382,35.02734
"2132",1885,"BC.16",NA,-83.47845,-83.42166,35.07382,35.02734
"2133",1885,"BC.12",NA,-83.47845,-83.42166,35.07382,35.02734
"2134",1885,"WR.8",0.513,-83.47845,-83.42166,35.07382,35.02734
"2135",1885,"WR.16",NA,-83.47845,-83.42166,35.07382,35.02734
"2136",1885,"WR.9",NA,-83.47845,-83.42166,35.07382,35.02734
"2137",1885,"WR.4",NA,-83.47845,-83.42166,35.07382,35.02734
"2138",1885,"dc.318",NA,-83.47845,-83.42166,35.07382,35.02734
"2139",1885,"dc.319",NA,-83.47845,-83.42166,35.07382,35.02734
"2140",1885,"ds.546",NA,-83.47845,-83.42166,35.07382,35.02734
"2141",1885,"rk.053",NA,-83.47845,-83.42166,35.07382,35.02734
"2142",1885,"rk.003",NA,-83.47845,-83.42166,35.07382,35.02734
"2143",1884,"WR.15",NA,-83.47845,-83.42166,35.07382,35.02734
"2144",1884,"BC.5",NA,-83.47845,-83.42166,35.07382,35.02734
"2145",1884,"HC.15",NA,-83.47845,-83.42166,35.07382,35.02734
"2146",1884,"BC.13",NA,-83.47845,-83.42166,35.07382,35.02734
"2147",1884,"WR.5",NA,-83.47845,-83.42166,35.07382,35.02734
"2148",1884,"BC.10",NA,-83.47845,-83.42166,35.07382,35.02734
"2149",1884,"BC.16",NA,-83.47845,-83.42166,35.07382,35.02734
"2150",1884,"BC.12",NA,-83.47845,-83.42166,35.07382,35.02734
"2151",1884,"WR.8",0.577,-83.47845,-83.42166,35.07382,35.02734
"2152",1884,"WR.16",NA,-83.47845,-83.42166,35.07382,35.02734
"2153",1884,"WR.9",NA,-83.47845,-83.42166,35.07382,35.02734
"2154",1884,"WR.4",NA,-83.47845,-83.42166,35.07382,35.02734
"2155",1884,"dc.318",NA,-83.47845,-83.42166,35.07382,35.02734
"2156",1884,"dc.319",NA,-83.47845,-83.42166,35.07382,35.02734
"2157",1884,"ds.546",NA,-83.47845,-83.42166,35.07382,35.02734
"2158",1884,"rk.053",NA,-83.47845,-83.42166,35.07382,35.02734
"2159",1884,"rk.003",NA,-83.47845,-83.42166,35.07382,35.02734
"2160",1883,"WR.15",NA,-83.47845,-83.42166,35.07382,35.02734
"2161",1883,"BC.5",NA,-83.47845,-83.42166,35.07382,35.02734
"2162",1883,"HC.15",NA,-83.47845,-83.42166,35.07382,35.02734
"2163",1883,"BC.13",NA,-83.47845,-83.42166,35.07382,35.02734
"2164",1883,"WR.5",NA,-83.47845,-83.42166,35.07382,35.02734
"2165",1883,"BC.10",NA,-83.47845,-83.42166,35.07382,35.02734
"2166",1883,"BC.16",NA,-83.47845,-83.42166,35.07382,35.02734
"2167",1883,"BC.12",NA,-83.47845,-83.42166,35.07382,35.02734
"2168",1883,"WR.8",0.813,-83.47845,-83.42166,35.07382,35.02734
"2169",1883,"WR.16",NA,-83.47845,-83.42166,35.07382,35.02734
"2170",1883,"WR.9",NA,-83.47845,-83.42166,35.07382,35.02734
"2171",1883,"WR.4",NA,-83.47845,-83.42166,35.07382,35.02734
"2172",1883,"dc.318",NA,-83.47845,-83.42166,35.07382,35.02734
"2173",1883,"dc.319",NA,-83.47845,-83.42166,35.07382,35.02734
"2174",1883,"ds.546",NA,-83.47845,-83.42166,35.07382,35.02734
"2175",1883,"rk.053",NA,-83.47845,-83.42166,35.07382,35.02734
"2176",1883,"rk.003",NA,-83.47845,-83.42166,35.07382,35.02734
