"","years","Tag","Ring_width(mm)","LongW","LongE","LatN","LatS","species","speciesfull"
"1",2010,"BC1",3.958,-83.47845,-83.42166,35.07382,35.02734,"LITU","Liriodendron tulipifera"
"2",2010,"HC12",5.014,-83.47845,-83.42166,35.07382,35.02734,"LITU","Liriodendron tulipifera"
"3",2010,"HC13",1.939,-83.47845,-83.42166,35.07382,35.02734,"LITU","Liriodendron tulipifera"
"4",2010,"HC1",1.736,-83.47845,-83.42166,35.07382,35.02734,"LITU","Liriodendron tulipifera"
"5",2010,"BC2",1.537,-83.47845,-83.42166,35.07382,35.02734,"LITU","Liriodendron tulipifera"
"6",2010,"HC2",1.681,-83.47845,-83.42166,35.07382,35.02734,"LITU","Liriodendron tulipifera"
"7",2010,"HCU.10",1.353,-83.47845,-83.42166,35.07382,35.02734,"LITU","Liriodendron tulipifera"
"8",2010,"HCU.1",3.001,-83.47845,-83.42166,35.07382,35.02734,"LITU","Liriodendron tulipifera"
"9",2010,"HCU.2",2.5,-83.47845,-83.42166,35.07382,35.02734,"LITU","Liriodendron tulipifera"
"10",2010,"HCU.3",4.378,-83.47845,-83.42166,35.07382,35.02734,"LITU","Liriodendron tulipifera"
"11",2010,"PB.9",NA,-83.47845,-83.42166,35.07382,35.02734,"LITU","Liriodendron tulipifera"
"12",2010,"PB.1",NA,-83.47845,-83.42166,35.07382,35.02734,"LITU","Liriodendron tulipifera"
"13",2010,"WB.6",0.801,-83.47845,-83.42166,35.07382,35.02734,"LITU","Liriodendron tulipifera"
"14",2010,"WB.4",1.681,-83.47845,-83.42166,35.07382,35.02734,"LITU","Liriodendron tulipifera"
"15",2010,"WB.5",0.475,-83.47845,-83.42166,35.07382,35.02734,"LITU","Liriodendron tulipifera"
"16",2010,"WB.2",1.687,-83.47845,-83.42166,35.07382,35.02734,"LITU","Liriodendron tulipifera"
"17",2010,"WB.3",2.016,-83.47845,-83.42166,35.07382,35.02734,"LITU","Liriodendron tulipifera"
"18",2010,"CB.8",NA,-83.47845,-83.42166,35.07382,35.02734,"LITU","Liriodendron tulipifera"
"19",2010,"RB.2",NA,-83.47845,-83.42166,35.07382,35.02734,"LITU","Liriodendron tulipifera"
"20",2010,"RB.5",NA,-83.47845,-83.42166,35.07382,35.02734,"LITU","Liriodendron tulipifera"
"21",2010,"RB.8",NA,-83.47845,-83.42166,35.07382,35.02734,"LITU","Liriodendron tulipifera"
"22",2010,"RB.6",NA,-83.47845,-83.42166,35.07382,35.02734,"LITU","Liriodendron tulipifera"
"23",2010,"RB.9",NA,-83.47845,-83.42166,35.07382,35.02734,"LITU","Liriodendron tulipifera"
"24",2010,"RB.7",NA,-83.47845,-83.42166,35.07382,35.02734,"LITU","Liriodendron tulipifera"
"25",2010,"RB.1",NA,-83.47845,-83.42166,35.07382,35.02734,"LITU","Liriodendron tulipifera"
"26",2010,"HW.20",NA,-83.47845,-83.42166,35.07382,35.02734,"LITU","Liriodendron tulipifera"
"27",2010,"HW.15",NA,-83.47845,-83.42166,35.07382,35.02734,"LITU","Liriodendron tulipifera"
"28",2010,"HW.17",NA,-83.47845,-83.42166,35.07382,35.02734,"LITU","Liriodendron tulipifera"
"29",2010,"HLC.17",NA,-83.47845,-83.42166,35.07382,35.02734,"LITU","Liriodendron tulipifera"
"30",2010,"HLC.18",NA,-83.47845,-83.42166,35.07382,35.02734,"LITU","Liriodendron tulipifera"
"31",2010,"HLC.1",NA,-83.47845,-83.42166,35.07382,35.02734,"LITU","Liriodendron tulipifera"
"32",2010,"USF.24",0.46,-83.47845,-83.42166,35.07382,35.02734,"LITU","Liriodendron tulipifera"
"33",2010,"BC.20",0.922,-83.47845,-83.42166,35.07382,35.02734,"LITU","Liriodendron tulipifera"
"34",2010,"CB.12",NA,-83.47845,-83.42166,35.07382,35.02734,"LITU","Liriodendron tulipifera"
"35",2010,"HW.14",NA,-83.47845,-83.42166,35.07382,35.02734,"LITU","Liriodendron tulipifera"
"36",2010,"pm.821",NA,-83.47845,-83.42166,35.07382,35.02734,"LITU","Liriodendron tulipifera"
"37",2009,"BC1",3.28,-83.47845,-83.42166,35.07382,35.02734,"LITU","Liriodendron tulipifera"
"38",2009,"HC12",6.117,-83.47845,-83.42166,35.07382,35.02734,"LITU","Liriodendron tulipifera"
"39",2009,"HC13",4.163,-83.47845,-83.42166,35.07382,35.02734,"LITU","Liriodendron tulipifera"
"40",2009,"HC1",2.506,-83.47845,-83.42166,35.07382,35.02734,"LITU","Liriodendron tulipifera"
"41",2009,"BC2",1.924,-83.47845,-83.42166,35.07382,35.02734,"LITU","Liriodendron tulipifera"
"42",2009,"HC2",1.748,-83.47845,-83.42166,35.07382,35.02734,"LITU","Liriodendron tulipifera"
"43",2009,"HCU.10",1.585,-83.47845,-83.42166,35.07382,35.02734,"LITU","Liriodendron tulipifera"
"44",2009,"HCU.1",3.175,-83.47845,-83.42166,35.07382,35.02734,"LITU","Liriodendron tulipifera"
"45",2009,"HCU.2",3.484,-83.47845,-83.42166,35.07382,35.02734,"LITU","Liriodendron tulipifera"
"46",2009,"HCU.3",4.806,-83.47845,-83.42166,35.07382,35.02734,"LITU","Liriodendron tulipifera"
"47",2009,"PB.9",2.778,-83.47845,-83.42166,35.07382,35.02734,"LITU","Liriodendron tulipifera"
"48",2009,"PB.1",2.622,-83.47845,-83.42166,35.07382,35.02734,"LITU","Liriodendron tulipifera"
"49",2009,"WB.6",1.051,-83.47845,-83.42166,35.07382,35.02734,"LITU","Liriodendron tulipifera"
"50",2009,"WB.4",1.572,-83.47845,-83.42166,35.07382,35.02734,"LITU","Liriodendron tulipifera"
"51",2009,"WB.5",0.819,-83.47845,-83.42166,35.07382,35.02734,"LITU","Liriodendron tulipifera"
"52",2009,"WB.2",2.417,-83.47845,-83.42166,35.07382,35.02734,"LITU","Liriodendron tulipifera"
"53",2009,"WB.3",2.22,-83.47845,-83.42166,35.07382,35.02734,"LITU","Liriodendron tulipifera"
"54",2009,"CB.8",1.636,-83.47845,-83.42166,35.07382,35.02734,"LITU","Liriodendron tulipifera"
"55",2009,"RB.2",1.573,-83.47845,-83.42166,35.07382,35.02734,"LITU","Liriodendron tulipifera"
"56",2009,"RB.5",2.398,-83.47845,-83.42166,35.07382,35.02734,"LITU","Liriodendron tulipifera"
"57",2009,"RB.8",1.427,-83.47845,-83.42166,35.07382,35.02734,"LITU","Liriodendron tulipifera"
"58",2009,"RB.6",3.833,-83.47845,-83.42166,35.07382,35.02734,"LITU","Liriodendron tulipifera"
"59",2009,"RB.9",1.689,-83.47845,-83.42166,35.07382,35.02734,"LITU","Liriodendron tulipifera"
"60",2009,"RB.7",2.503,-83.47845,-83.42166,35.07382,35.02734,"LITU","Liriodendron tulipifera"
"61",2009,"RB.1",2.113,-83.47845,-83.42166,35.07382,35.02734,"LITU","Liriodendron tulipifera"
"62",2009,"HW.20",1.728,-83.47845,-83.42166,35.07382,35.02734,"LITU","Liriodendron tulipifera"
"63",2009,"HW.15",1.325,-83.47845,-83.42166,35.07382,35.02734,"LITU","Liriodendron tulipifera"
"64",2009,"HW.17",2.127,-83.47845,-83.42166,35.07382,35.02734,"LITU","Liriodendron tulipifera"
"65",2009,"HLC.17",1.056,-83.47845,-83.42166,35.07382,35.02734,"LITU","Liriodendron tulipifera"
"66",2009,"HLC.18",0.648,-83.47845,-83.42166,35.07382,35.02734,"LITU","Liriodendron tulipifera"
"67",2009,"HLC.1",1.107,-83.47845,-83.42166,35.07382,35.02734,"LITU","Liriodendron tulipifera"
"68",2009,"USF.24",0.732,-83.47845,-83.42166,35.07382,35.02734,"LITU","Liriodendron tulipifera"
"69",2009,"BC.20",2.39,-83.47845,-83.42166,35.07382,35.02734,"LITU","Liriodendron tulipifera"
"70",2009,"CB.12",1.029,-83.47845,-83.42166,35.07382,35.02734,"LITU","Liriodendron tulipifera"
"71",2009,"HW.14",0.244,-83.47845,-83.42166,35.07382,35.02734,"LITU","Liriodendron tulipifera"
"72",2009,"pm.821",NA,-83.47845,-83.42166,35.07382,35.02734,"LITU","Liriodendron tulipifera"
"73",2008,"BC1",2.85,-83.47845,-83.42166,35.07382,35.02734,"LITU","Liriodendron tulipifera"
"74",2008,"HC12",6.228,-83.47845,-83.42166,35.07382,35.02734,"LITU","Liriodendron tulipifera"
"75",2008,"HC13",4.269,-83.47845,-83.42166,35.07382,35.02734,"LITU","Liriodendron tulipifera"
"76",2008,"HC1",3.341,-83.47845,-83.42166,35.07382,35.02734,"LITU","Liriodendron tulipifera"
"77",2008,"BC2",2.097,-83.47845,-83.42166,35.07382,35.02734,"LITU","Liriodendron tulipifera"
"78",2008,"HC2",1.17,-83.47845,-83.42166,35.07382,35.02734,"LITU","Liriodendron tulipifera"
"79",2008,"HCU.10",1.44,-83.47845,-83.42166,35.07382,35.02734,"LITU","Liriodendron tulipifera"
"80",2008,"HCU.1",2.301,-83.47845,-83.42166,35.07382,35.02734,"LITU","Liriodendron tulipifera"
"81",2008,"HCU.2",4.14,-83.47845,-83.42166,35.07382,35.02734,"LITU","Liriodendron tulipifera"
"82",2008,"HCU.3",4.862,-83.47845,-83.42166,35.07382,35.02734,"LITU","Liriodendron tulipifera"
"83",2008,"PB.9",3.017,-83.47845,-83.42166,35.07382,35.02734,"LITU","Liriodendron tulipifera"
"84",2008,"PB.1",3.009,-83.47845,-83.42166,35.07382,35.02734,"LITU","Liriodendron tulipifera"
"85",2008,"WB.6",1.019,-83.47845,-83.42166,35.07382,35.02734,"LITU","Liriodendron tulipifera"
"86",2008,"WB.4",1.925,-83.47845,-83.42166,35.07382,35.02734,"LITU","Liriodendron tulipifera"
"87",2008,"WB.5",1.413,-83.47845,-83.42166,35.07382,35.02734,"LITU","Liriodendron tulipifera"
"88",2008,"WB.2",2.325,-83.47845,-83.42166,35.07382,35.02734,"LITU","Liriodendron tulipifera"
"89",2008,"WB.3",2.088,-83.47845,-83.42166,35.07382,35.02734,"LITU","Liriodendron tulipifera"
"90",2008,"CB.8",1.556,-83.47845,-83.42166,35.07382,35.02734,"LITU","Liriodendron tulipifera"
"91",2008,"RB.2",2.22,-83.47845,-83.42166,35.07382,35.02734,"LITU","Liriodendron tulipifera"
"92",2008,"RB.5",2.327,-83.47845,-83.42166,35.07382,35.02734,"LITU","Liriodendron tulipifera"
"93",2008,"RB.8",1.464,-83.47845,-83.42166,35.07382,35.02734,"LITU","Liriodendron tulipifera"
"94",2008,"RB.6",3.38,-83.47845,-83.42166,35.07382,35.02734,"LITU","Liriodendron tulipifera"
"95",2008,"RB.9",2.5,-83.47845,-83.42166,35.07382,35.02734,"LITU","Liriodendron tulipifera"
"96",2008,"RB.7",1.91,-83.47845,-83.42166,35.07382,35.02734,"LITU","Liriodendron tulipifera"
"97",2008,"RB.1",1.77,-83.47845,-83.42166,35.07382,35.02734,"LITU","Liriodendron tulipifera"
"98",2008,"HW.20",2.661,-83.47845,-83.42166,35.07382,35.02734,"LITU","Liriodendron tulipifera"
"99",2008,"HW.15",1.283,-83.47845,-83.42166,35.07382,35.02734,"LITU","Liriodendron tulipifera"
"100",2008,"HW.17",2.447,-83.47845,-83.42166,35.07382,35.02734,"LITU","Liriodendron tulipifera"
"101",2008,"HLC.17",1.276,-83.47845,-83.42166,35.07382,35.02734,"LITU","Liriodendron tulipifera"
"102",2008,"HLC.18",0.95,-83.47845,-83.42166,35.07382,35.02734,"LITU","Liriodendron tulipifera"
"103",2008,"HLC.1",1.358,-83.47845,-83.42166,35.07382,35.02734,"LITU","Liriodendron tulipifera"
"104",2008,"USF.24",0.73,-83.47845,-83.42166,35.07382,35.02734,"LITU","Liriodendron tulipifera"
"105",2008,"BC.20",2.426,-83.47845,-83.42166,35.07382,35.02734,"LITU","Liriodendron tulipifera"
"106",2008,"CB.12",0.932,-83.47845,-83.42166,35.07382,35.02734,"LITU","Liriodendron tulipifera"
"107",2008,"HW.14",0.242,-83.47845,-83.42166,35.07382,35.02734,"LITU","Liriodendron tulipifera"
"108",2008,"pm.821",NA,-83.47845,-83.42166,35.07382,35.02734,"LITU","Liriodendron tulipifera"
"109",2007,"BC1",2.878,-83.47845,-83.42166,35.07382,35.02734,"LITU","Liriodendron tulipifera"
"110",2007,"HC12",3.913,-83.47845,-83.42166,35.07382,35.02734,"LITU","Liriodendron tulipifera"
"111",2007,"HC13",3.111,-83.47845,-83.42166,35.07382,35.02734,"LITU","Liriodendron tulipifera"
"112",2007,"HC1",2.705,-83.47845,-83.42166,35.07382,35.02734,"LITU","Liriodendron tulipifera"
"113",2007,"BC2",1.795,-83.47845,-83.42166,35.07382,35.02734,"LITU","Liriodendron tulipifera"
"114",2007,"HC2",1.662,-83.47845,-83.42166,35.07382,35.02734,"LITU","Liriodendron tulipifera"
"115",2007,"HCU.10",3.774,-83.47845,-83.42166,35.07382,35.02734,"LITU","Liriodendron tulipifera"
"116",2007,"HCU.1",1.054,-83.47845,-83.42166,35.07382,35.02734,"LITU","Liriodendron tulipifera"
"117",2007,"HCU.2",3.048,-83.47845,-83.42166,35.07382,35.02734,"LITU","Liriodendron tulipifera"
"118",2007,"HCU.3",6.049,-83.47845,-83.42166,35.07382,35.02734,"LITU","Liriodendron tulipifera"
"119",2007,"PB.9",2.085,-83.47845,-83.42166,35.07382,35.02734,"LITU","Liriodendron tulipifera"
"120",2007,"PB.1",1.649,-83.47845,-83.42166,35.07382,35.02734,"LITU","Liriodendron tulipifera"
"121",2007,"WB.6",0.764,-83.47845,-83.42166,35.07382,35.02734,"LITU","Liriodendron tulipifera"
"122",2007,"WB.4",1.361,-83.47845,-83.42166,35.07382,35.02734,"LITU","Liriodendron tulipifera"
"123",2007,"WB.5",1.032,-83.47845,-83.42166,35.07382,35.02734,"LITU","Liriodendron tulipifera"
"124",2007,"WB.2",2.071,-83.47845,-83.42166,35.07382,35.02734,"LITU","Liriodendron tulipifera"
"125",2007,"WB.3",1.956,-83.47845,-83.42166,35.07382,35.02734,"LITU","Liriodendron tulipifera"
"126",2007,"CB.8",1.182,-83.47845,-83.42166,35.07382,35.02734,"LITU","Liriodendron tulipifera"
"127",2007,"RB.2",1.704,-83.47845,-83.42166,35.07382,35.02734,"LITU","Liriodendron tulipifera"
"128",2007,"RB.5",1.703,-83.47845,-83.42166,35.07382,35.02734,"LITU","Liriodendron tulipifera"
"129",2007,"RB.8",0.806,-83.47845,-83.42166,35.07382,35.02734,"LITU","Liriodendron tulipifera"
"130",2007,"RB.6",2.858,-83.47845,-83.42166,35.07382,35.02734,"LITU","Liriodendron tulipifera"
"131",2007,"RB.9",1.317,-83.47845,-83.42166,35.07382,35.02734,"LITU","Liriodendron tulipifera"
"132",2007,"RB.7",1.539,-83.47845,-83.42166,35.07382,35.02734,"LITU","Liriodendron tulipifera"
"133",2007,"RB.1",0.856,-83.47845,-83.42166,35.07382,35.02734,"LITU","Liriodendron tulipifera"
"134",2007,"HW.20",1.43,-83.47845,-83.42166,35.07382,35.02734,"LITU","Liriodendron tulipifera"
"135",2007,"HW.15",1.158,-83.47845,-83.42166,35.07382,35.02734,"LITU","Liriodendron tulipifera"
"136",2007,"HW.17",1.686,-83.47845,-83.42166,35.07382,35.02734,"LITU","Liriodendron tulipifera"
"137",2007,"HLC.17",0.707,-83.47845,-83.42166,35.07382,35.02734,"LITU","Liriodendron tulipifera"
"138",2007,"HLC.18",0.683,-83.47845,-83.42166,35.07382,35.02734,"LITU","Liriodendron tulipifera"
"139",2007,"HLC.1",1.105,-83.47845,-83.42166,35.07382,35.02734,"LITU","Liriodendron tulipifera"
"140",2007,"USF.24",0.605,-83.47845,-83.42166,35.07382,35.02734,"LITU","Liriodendron tulipifera"
"141",2007,"BC.20",2.504,-83.47845,-83.42166,35.07382,35.02734,"LITU","Liriodendron tulipifera"
"142",2007,"CB.12",0.774,-83.47845,-83.42166,35.07382,35.02734,"LITU","Liriodendron tulipifera"
"143",2007,"HW.14",0.18,-83.47845,-83.42166,35.07382,35.02734,"LITU","Liriodendron tulipifera"
"144",2007,"pm.821",NA,-83.47845,-83.42166,35.07382,35.02734,"LITU","Liriodendron tulipifera"
"145",2006,"BC1",2.101,-83.47845,-83.42166,35.07382,35.02734,"LITU","Liriodendron tulipifera"
"146",2006,"HC12",4.522,-83.47845,-83.42166,35.07382,35.02734,"LITU","Liriodendron tulipifera"
"147",2006,"HC13",2.424,-83.47845,-83.42166,35.07382,35.02734,"LITU","Liriodendron tulipifera"
"148",2006,"HC1",3.633,-83.47845,-83.42166,35.07382,35.02734,"LITU","Liriodendron tulipifera"
"149",2006,"BC2",1.243,-83.47845,-83.42166,35.07382,35.02734,"LITU","Liriodendron tulipifera"
"150",2006,"HC2",1.248,-83.47845,-83.42166,35.07382,35.02734,"LITU","Liriodendron tulipifera"
"151",2006,"HCU.10",4.448,-83.47845,-83.42166,35.07382,35.02734,"LITU","Liriodendron tulipifera"
"152",2006,"HCU.1",1.308,-83.47845,-83.42166,35.07382,35.02734,"LITU","Liriodendron tulipifera"
"153",2006,"HCU.2",2.409,-83.47845,-83.42166,35.07382,35.02734,"LITU","Liriodendron tulipifera"
"154",2006,"HCU.3",3.624,-83.47845,-83.42166,35.07382,35.02734,"LITU","Liriodendron tulipifera"
"155",2006,"PB.9",2.447,-83.47845,-83.42166,35.07382,35.02734,"LITU","Liriodendron tulipifera"
"156",2006,"PB.1",2.366,-83.47845,-83.42166,35.07382,35.02734,"LITU","Liriodendron tulipifera"
"157",2006,"WB.6",0.421,-83.47845,-83.42166,35.07382,35.02734,"LITU","Liriodendron tulipifera"
"158",2006,"WB.4",1.526,-83.47845,-83.42166,35.07382,35.02734,"LITU","Liriodendron tulipifera"
"159",2006,"WB.5",0.988,-83.47845,-83.42166,35.07382,35.02734,"LITU","Liriodendron tulipifera"
"160",2006,"WB.2",2.285,-83.47845,-83.42166,35.07382,35.02734,"LITU","Liriodendron tulipifera"
"161",2006,"WB.3",1.792,-83.47845,-83.42166,35.07382,35.02734,"LITU","Liriodendron tulipifera"
"162",2006,"CB.8",1.226,-83.47845,-83.42166,35.07382,35.02734,"LITU","Liriodendron tulipifera"
"163",2006,"RB.2",1.951,-83.47845,-83.42166,35.07382,35.02734,"LITU","Liriodendron tulipifera"
"164",2006,"RB.5",2.444,-83.47845,-83.42166,35.07382,35.02734,"LITU","Liriodendron tulipifera"
"165",2006,"RB.8",1.729,-83.47845,-83.42166,35.07382,35.02734,"LITU","Liriodendron tulipifera"
"166",2006,"RB.6",3.757,-83.47845,-83.42166,35.07382,35.02734,"LITU","Liriodendron tulipifera"
"167",2006,"RB.9",1.753,-83.47845,-83.42166,35.07382,35.02734,"LITU","Liriodendron tulipifera"
"168",2006,"RB.7",1.668,-83.47845,-83.42166,35.07382,35.02734,"LITU","Liriodendron tulipifera"
"169",2006,"RB.1",2.391,-83.47845,-83.42166,35.07382,35.02734,"LITU","Liriodendron tulipifera"
"170",2006,"HW.20",1.571,-83.47845,-83.42166,35.07382,35.02734,"LITU","Liriodendron tulipifera"
"171",2006,"HW.15",1.577,-83.47845,-83.42166,35.07382,35.02734,"LITU","Liriodendron tulipifera"
"172",2006,"HW.17",2.895,-83.47845,-83.42166,35.07382,35.02734,"LITU","Liriodendron tulipifera"
"173",2006,"HLC.17",1.301,-83.47845,-83.42166,35.07382,35.02734,"LITU","Liriodendron tulipifera"
"174",2006,"HLC.18",0.905,-83.47845,-83.42166,35.07382,35.02734,"LITU","Liriodendron tulipifera"
"175",2006,"HLC.1",1.361,-83.47845,-83.42166,35.07382,35.02734,"LITU","Liriodendron tulipifera"
"176",2006,"USF.24",0.279,-83.47845,-83.42166,35.07382,35.02734,"LITU","Liriodendron tulipifera"
"177",2006,"BC.20",1.81,-83.47845,-83.42166,35.07382,35.02734,"LITU","Liriodendron tulipifera"
"178",2006,"CB.12",1.01,-83.47845,-83.42166,35.07382,35.02734,"LITU","Liriodendron tulipifera"
"179",2006,"HW.14",0.406,-83.47845,-83.42166,35.07382,35.02734,"LITU","Liriodendron tulipifera"
"180",2006,"pm.821",NA,-83.47845,-83.42166,35.07382,35.02734,"LITU","Liriodendron tulipifera"
"181",2005,"BC1",2.042,-83.47845,-83.42166,35.07382,35.02734,"LITU","Liriodendron tulipifera"
"182",2005,"HC12",2.529,-83.47845,-83.42166,35.07382,35.02734,"LITU","Liriodendron tulipifera"
"183",2005,"HC13",0.758,-83.47845,-83.42166,35.07382,35.02734,"LITU","Liriodendron tulipifera"
"184",2005,"HC1",1.134,-83.47845,-83.42166,35.07382,35.02734,"LITU","Liriodendron tulipifera"
"185",2005,"BC2",1.568,-83.47845,-83.42166,35.07382,35.02734,"LITU","Liriodendron tulipifera"
"186",2005,"HC2",1.351,-83.47845,-83.42166,35.07382,35.02734,"LITU","Liriodendron tulipifera"
"187",2005,"HCU.10",3.104,-83.47845,-83.42166,35.07382,35.02734,"LITU","Liriodendron tulipifera"
"188",2005,"HCU.1",0.938,-83.47845,-83.42166,35.07382,35.02734,"LITU","Liriodendron tulipifera"
"189",2005,"HCU.2",1.407,-83.47845,-83.42166,35.07382,35.02734,"LITU","Liriodendron tulipifera"
"190",2005,"HCU.3",2.812,-83.47845,-83.42166,35.07382,35.02734,"LITU","Liriodendron tulipifera"
"191",2005,"PB.9",1.824,-83.47845,-83.42166,35.07382,35.02734,"LITU","Liriodendron tulipifera"
"192",2005,"PB.1",1.226,-83.47845,-83.42166,35.07382,35.02734,"LITU","Liriodendron tulipifera"
"193",2005,"WB.6",0.579,-83.47845,-83.42166,35.07382,35.02734,"LITU","Liriodendron tulipifera"
"194",2005,"WB.4",1.205,-83.47845,-83.42166,35.07382,35.02734,"LITU","Liriodendron tulipifera"
"195",2005,"WB.5",0.617,-83.47845,-83.42166,35.07382,35.02734,"LITU","Liriodendron tulipifera"
"196",2005,"WB.2",2.377,-83.47845,-83.42166,35.07382,35.02734,"LITU","Liriodendron tulipifera"
"197",2005,"WB.3",1.47,-83.47845,-83.42166,35.07382,35.02734,"LITU","Liriodendron tulipifera"
"198",2005,"CB.8",1.412,-83.47845,-83.42166,35.07382,35.02734,"LITU","Liriodendron tulipifera"
"199",2005,"RB.2",1.545,-83.47845,-83.42166,35.07382,35.02734,"LITU","Liriodendron tulipifera"
"200",2005,"RB.5",1.666,-83.47845,-83.42166,35.07382,35.02734,"LITU","Liriodendron tulipifera"
"201",2005,"RB.8",1.364,-83.47845,-83.42166,35.07382,35.02734,"LITU","Liriodendron tulipifera"
"202",2005,"RB.6",3.199,-83.47845,-83.42166,35.07382,35.02734,"LITU","Liriodendron tulipifera"
"203",2005,"RB.9",1.261,-83.47845,-83.42166,35.07382,35.02734,"LITU","Liriodendron tulipifera"
"204",2005,"RB.7",1.254,-83.47845,-83.42166,35.07382,35.02734,"LITU","Liriodendron tulipifera"
"205",2005,"RB.1",1.381,-83.47845,-83.42166,35.07382,35.02734,"LITU","Liriodendron tulipifera"
"206",2005,"HW.20",1.859,-83.47845,-83.42166,35.07382,35.02734,"LITU","Liriodendron tulipifera"
"207",2005,"HW.15",1.963,-83.47845,-83.42166,35.07382,35.02734,"LITU","Liriodendron tulipifera"
"208",2005,"HW.17",2.366,-83.47845,-83.42166,35.07382,35.02734,"LITU","Liriodendron tulipifera"
"209",2005,"HLC.17",1.02,-83.47845,-83.42166,35.07382,35.02734,"LITU","Liriodendron tulipifera"
"210",2005,"HLC.18",0.498,-83.47845,-83.42166,35.07382,35.02734,"LITU","Liriodendron tulipifera"
"211",2005,"HLC.1",1.475,-83.47845,-83.42166,35.07382,35.02734,"LITU","Liriodendron tulipifera"
"212",2005,"USF.24",0.452,-83.47845,-83.42166,35.07382,35.02734,"LITU","Liriodendron tulipifera"
"213",2005,"BC.20",1.001,-83.47845,-83.42166,35.07382,35.02734,"LITU","Liriodendron tulipifera"
"214",2005,"CB.12",1.083,-83.47845,-83.42166,35.07382,35.02734,"LITU","Liriodendron tulipifera"
"215",2005,"HW.14",0.44,-83.47845,-83.42166,35.07382,35.02734,"LITU","Liriodendron tulipifera"
"216",2005,"pm.821",NA,-83.47845,-83.42166,35.07382,35.02734,"LITU","Liriodendron tulipifera"
"217",2004,"BC1",3.215,-83.47845,-83.42166,35.07382,35.02734,"LITU","Liriodendron tulipifera"
"218",2004,"HC12",4.123,-83.47845,-83.42166,35.07382,35.02734,"LITU","Liriodendron tulipifera"
"219",2004,"HC13",1.453,-83.47845,-83.42166,35.07382,35.02734,"LITU","Liriodendron tulipifera"
"220",2004,"HC1",1.965,-83.47845,-83.42166,35.07382,35.02734,"LITU","Liriodendron tulipifera"
"221",2004,"BC2",1.626,-83.47845,-83.42166,35.07382,35.02734,"LITU","Liriodendron tulipifera"
"222",2004,"HC2",3.158,-83.47845,-83.42166,35.07382,35.02734,"LITU","Liriodendron tulipifera"
"223",2004,"HCU.10",5.228,-83.47845,-83.42166,35.07382,35.02734,"LITU","Liriodendron tulipifera"
"224",2004,"HCU.1",2.983,-83.47845,-83.42166,35.07382,35.02734,"LITU","Liriodendron tulipifera"
"225",2004,"HCU.2",2.948,-83.47845,-83.42166,35.07382,35.02734,"LITU","Liriodendron tulipifera"
"226",2004,"HCU.3",4.324,-83.47845,-83.42166,35.07382,35.02734,"LITU","Liriodendron tulipifera"
"227",2004,"PB.9",2.889,-83.47845,-83.42166,35.07382,35.02734,"LITU","Liriodendron tulipifera"
"228",2004,"PB.1",1.943,-83.47845,-83.42166,35.07382,35.02734,"LITU","Liriodendron tulipifera"
"229",2004,"WB.6",0.888,-83.47845,-83.42166,35.07382,35.02734,"LITU","Liriodendron tulipifera"
"230",2004,"WB.4",2.604,-83.47845,-83.42166,35.07382,35.02734,"LITU","Liriodendron tulipifera"
"231",2004,"WB.5",1.141,-83.47845,-83.42166,35.07382,35.02734,"LITU","Liriodendron tulipifera"
"232",2004,"WB.2",3.205,-83.47845,-83.42166,35.07382,35.02734,"LITU","Liriodendron tulipifera"
"233",2004,"WB.3",3.155,-83.47845,-83.42166,35.07382,35.02734,"LITU","Liriodendron tulipifera"
"234",2004,"CB.8",1.651,-83.47845,-83.42166,35.07382,35.02734,"LITU","Liriodendron tulipifera"
"235",2004,"RB.2",1.778,-83.47845,-83.42166,35.07382,35.02734,"LITU","Liriodendron tulipifera"
"236",2004,"RB.5",1.745,-83.47845,-83.42166,35.07382,35.02734,"LITU","Liriodendron tulipifera"
"237",2004,"RB.8",2.361,-83.47845,-83.42166,35.07382,35.02734,"LITU","Liriodendron tulipifera"
"238",2004,"RB.6",3.338,-83.47845,-83.42166,35.07382,35.02734,"LITU","Liriodendron tulipifera"
"239",2004,"RB.9",2.024,-83.47845,-83.42166,35.07382,35.02734,"LITU","Liriodendron tulipifera"
"240",2004,"RB.7",2.531,-83.47845,-83.42166,35.07382,35.02734,"LITU","Liriodendron tulipifera"
"241",2004,"RB.1",2.93,-83.47845,-83.42166,35.07382,35.02734,"LITU","Liriodendron tulipifera"
"242",2004,"HW.20",1.909,-83.47845,-83.42166,35.07382,35.02734,"LITU","Liriodendron tulipifera"
"243",2004,"HW.15",1.686,-83.47845,-83.42166,35.07382,35.02734,"LITU","Liriodendron tulipifera"
"244",2004,"HW.17",1.947,-83.47845,-83.42166,35.07382,35.02734,"LITU","Liriodendron tulipifera"
"245",2004,"HLC.17",0.924,-83.47845,-83.42166,35.07382,35.02734,"LITU","Liriodendron tulipifera"
"246",2004,"HLC.18",0.618,-83.47845,-83.42166,35.07382,35.02734,"LITU","Liriodendron tulipifera"
"247",2004,"HLC.1",1.08,-83.47845,-83.42166,35.07382,35.02734,"LITU","Liriodendron tulipifera"
"248",2004,"USF.24",0.958,-83.47845,-83.42166,35.07382,35.02734,"LITU","Liriodendron tulipifera"
"249",2004,"BC.20",1.788,-83.47845,-83.42166,35.07382,35.02734,"LITU","Liriodendron tulipifera"
"250",2004,"CB.12",1.14,-83.47845,-83.42166,35.07382,35.02734,"LITU","Liriodendron tulipifera"
"251",2004,"HW.14",0.446,-83.47845,-83.42166,35.07382,35.02734,"LITU","Liriodendron tulipifera"
"252",2004,"pm.821",NA,-83.47845,-83.42166,35.07382,35.02734,"LITU","Liriodendron tulipifera"
"253",2003,"BC1",3.05,-83.47845,-83.42166,35.07382,35.02734,"LITU","Liriodendron tulipifera"
"254",2003,"HC12",3.584,-83.47845,-83.42166,35.07382,35.02734,"LITU","Liriodendron tulipifera"
"255",2003,"HC13",1.819,-83.47845,-83.42166,35.07382,35.02734,"LITU","Liriodendron tulipifera"
"256",2003,"HC1",2.133,-83.47845,-83.42166,35.07382,35.02734,"LITU","Liriodendron tulipifera"
"257",2003,"BC2",1.192,-83.47845,-83.42166,35.07382,35.02734,"LITU","Liriodendron tulipifera"
"258",2003,"HC2",2.689,-83.47845,-83.42166,35.07382,35.02734,"LITU","Liriodendron tulipifera"
"259",2003,"HCU.10",4.248,-83.47845,-83.42166,35.07382,35.02734,"LITU","Liriodendron tulipifera"
"260",2003,"HCU.1",2.448,-83.47845,-83.42166,35.07382,35.02734,"LITU","Liriodendron tulipifera"
"261",2003,"HCU.2",3.214,-83.47845,-83.42166,35.07382,35.02734,"LITU","Liriodendron tulipifera"
"262",2003,"HCU.3",4.394,-83.47845,-83.42166,35.07382,35.02734,"LITU","Liriodendron tulipifera"
"263",2003,"PB.9",2.516,-83.47845,-83.42166,35.07382,35.02734,"LITU","Liriodendron tulipifera"
"264",2003,"PB.1",2.171,-83.47845,-83.42166,35.07382,35.02734,"LITU","Liriodendron tulipifera"
"265",2003,"WB.6",0.749,-83.47845,-83.42166,35.07382,35.02734,"LITU","Liriodendron tulipifera"
"266",2003,"WB.4",1.943,-83.47845,-83.42166,35.07382,35.02734,"LITU","Liriodendron tulipifera"
"267",2003,"WB.5",1.615,-83.47845,-83.42166,35.07382,35.02734,"LITU","Liriodendron tulipifera"
"268",2003,"WB.2",2.473,-83.47845,-83.42166,35.07382,35.02734,"LITU","Liriodendron tulipifera"
"269",2003,"WB.3",1.805,-83.47845,-83.42166,35.07382,35.02734,"LITU","Liriodendron tulipifera"
"270",2003,"CB.8",1.598,-83.47845,-83.42166,35.07382,35.02734,"LITU","Liriodendron tulipifera"
"271",2003,"RB.2",1.277,-83.47845,-83.42166,35.07382,35.02734,"LITU","Liriodendron tulipifera"
"272",2003,"RB.5",1.684,-83.47845,-83.42166,35.07382,35.02734,"LITU","Liriodendron tulipifera"
"273",2003,"RB.8",2.097,-83.47845,-83.42166,35.07382,35.02734,"LITU","Liriodendron tulipifera"
"274",2003,"RB.6",3.464,-83.47845,-83.42166,35.07382,35.02734,"LITU","Liriodendron tulipifera"
"275",2003,"RB.9",1.956,-83.47845,-83.42166,35.07382,35.02734,"LITU","Liriodendron tulipifera"
"276",2003,"RB.7",1.484,-83.47845,-83.42166,35.07382,35.02734,"LITU","Liriodendron tulipifera"
"277",2003,"RB.1",2.727,-83.47845,-83.42166,35.07382,35.02734,"LITU","Liriodendron tulipifera"
"278",2003,"HW.20",1.94,-83.47845,-83.42166,35.07382,35.02734,"LITU","Liriodendron tulipifera"
"279",2003,"HW.15",1.665,-83.47845,-83.42166,35.07382,35.02734,"LITU","Liriodendron tulipifera"
"280",2003,"HW.17",1.605,-83.47845,-83.42166,35.07382,35.02734,"LITU","Liriodendron tulipifera"
"281",2003,"HLC.17",0.872,-83.47845,-83.42166,35.07382,35.02734,"LITU","Liriodendron tulipifera"
"282",2003,"HLC.18",0.461,-83.47845,-83.42166,35.07382,35.02734,"LITU","Liriodendron tulipifera"
"283",2003,"HLC.1",0.989,-83.47845,-83.42166,35.07382,35.02734,"LITU","Liriodendron tulipifera"
"284",2003,"USF.24",1.005,-83.47845,-83.42166,35.07382,35.02734,"LITU","Liriodendron tulipifera"
"285",2003,"BC.20",1.133,-83.47845,-83.42166,35.07382,35.02734,"LITU","Liriodendron tulipifera"
"286",2003,"CB.12",1.37,-83.47845,-83.42166,35.07382,35.02734,"LITU","Liriodendron tulipifera"
"287",2003,"HW.14",0.292,-83.47845,-83.42166,35.07382,35.02734,"LITU","Liriodendron tulipifera"
"288",2003,"pm.821",0.218,-83.47845,-83.42166,35.07382,35.02734,"LITU","Liriodendron tulipifera"
"289",2002,"BC1",2.385,-83.47845,-83.42166,35.07382,35.02734,"LITU","Liriodendron tulipifera"
"290",2002,"HC12",4.479,-83.47845,-83.42166,35.07382,35.02734,"LITU","Liriodendron tulipifera"
"291",2002,"HC13",2.365,-83.47845,-83.42166,35.07382,35.02734,"LITU","Liriodendron tulipifera"
"292",2002,"HC1",2.716,-83.47845,-83.42166,35.07382,35.02734,"LITU","Liriodendron tulipifera"
"293",2002,"BC2",1.521,-83.47845,-83.42166,35.07382,35.02734,"LITU","Liriodendron tulipifera"
"294",2002,"HC2",3.08,-83.47845,-83.42166,35.07382,35.02734,"LITU","Liriodendron tulipifera"
"295",2002,"HCU.10",4.209,-83.47845,-83.42166,35.07382,35.02734,"LITU","Liriodendron tulipifera"
"296",2002,"HCU.1",2.776,-83.47845,-83.42166,35.07382,35.02734,"LITU","Liriodendron tulipifera"
"297",2002,"HCU.2",3.853,-83.47845,-83.42166,35.07382,35.02734,"LITU","Liriodendron tulipifera"
"298",2002,"HCU.3",4.929,-83.47845,-83.42166,35.07382,35.02734,"LITU","Liriodendron tulipifera"
"299",2002,"PB.9",2.668,-83.47845,-83.42166,35.07382,35.02734,"LITU","Liriodendron tulipifera"
"300",2002,"PB.1",1.699,-83.47845,-83.42166,35.07382,35.02734,"LITU","Liriodendron tulipifera"
"301",2002,"WB.6",0.681,-83.47845,-83.42166,35.07382,35.02734,"LITU","Liriodendron tulipifera"
"302",2002,"WB.4",2.195,-83.47845,-83.42166,35.07382,35.02734,"LITU","Liriodendron tulipifera"
"303",2002,"WB.5",1.31,-83.47845,-83.42166,35.07382,35.02734,"LITU","Liriodendron tulipifera"
"304",2002,"WB.2",2.578,-83.47845,-83.42166,35.07382,35.02734,"LITU","Liriodendron tulipifera"
"305",2002,"WB.3",2.057,-83.47845,-83.42166,35.07382,35.02734,"LITU","Liriodendron tulipifera"
"306",2002,"CB.8",1.148,-83.47845,-83.42166,35.07382,35.02734,"LITU","Liriodendron tulipifera"
"307",2002,"RB.2",1.375,-83.47845,-83.42166,35.07382,35.02734,"LITU","Liriodendron tulipifera"
"308",2002,"RB.5",1.57,-83.47845,-83.42166,35.07382,35.02734,"LITU","Liriodendron tulipifera"
"309",2002,"RB.8",1.269,-83.47845,-83.42166,35.07382,35.02734,"LITU","Liriodendron tulipifera"
"310",2002,"RB.6",2.589,-83.47845,-83.42166,35.07382,35.02734,"LITU","Liriodendron tulipifera"
"311",2002,"RB.9",1.845,-83.47845,-83.42166,35.07382,35.02734,"LITU","Liriodendron tulipifera"
"312",2002,"RB.7",2.081,-83.47845,-83.42166,35.07382,35.02734,"LITU","Liriodendron tulipifera"
"313",2002,"RB.1",1.593,-83.47845,-83.42166,35.07382,35.02734,"LITU","Liriodendron tulipifera"
"314",2002,"HW.20",1.734,-83.47845,-83.42166,35.07382,35.02734,"LITU","Liriodendron tulipifera"
"315",2002,"HW.15",1.253,-83.47845,-83.42166,35.07382,35.02734,"LITU","Liriodendron tulipifera"
"316",2002,"HW.17",1.285,-83.47845,-83.42166,35.07382,35.02734,"LITU","Liriodendron tulipifera"
"317",2002,"HLC.17",1.109,-83.47845,-83.42166,35.07382,35.02734,"LITU","Liriodendron tulipifera"
"318",2002,"HLC.18",0.649,-83.47845,-83.42166,35.07382,35.02734,"LITU","Liriodendron tulipifera"
"319",2002,"HLC.1",1.204,-83.47845,-83.42166,35.07382,35.02734,"LITU","Liriodendron tulipifera"
"320",2002,"USF.24",0.907,-83.47845,-83.42166,35.07382,35.02734,"LITU","Liriodendron tulipifera"
"321",2002,"BC.20",1.484,-83.47845,-83.42166,35.07382,35.02734,"LITU","Liriodendron tulipifera"
"322",2002,"CB.12",1.132,-83.47845,-83.42166,35.07382,35.02734,"LITU","Liriodendron tulipifera"
"323",2002,"HW.14",0.248,-83.47845,-83.42166,35.07382,35.02734,"LITU","Liriodendron tulipifera"
"324",2002,"pm.821",0.226,-83.47845,-83.42166,35.07382,35.02734,"LITU","Liriodendron tulipifera"
"325",2001,"BC1",2.48,-83.47845,-83.42166,35.07382,35.02734,"LITU","Liriodendron tulipifera"
"326",2001,"HC12",4.998,-83.47845,-83.42166,35.07382,35.02734,"LITU","Liriodendron tulipifera"
"327",2001,"HC13",3.617,-83.47845,-83.42166,35.07382,35.02734,"LITU","Liriodendron tulipifera"
"328",2001,"HC1",4.95,-83.47845,-83.42166,35.07382,35.02734,"LITU","Liriodendron tulipifera"
"329",2001,"BC2",1.618,-83.47845,-83.42166,35.07382,35.02734,"LITU","Liriodendron tulipifera"
"330",2001,"HC2",3.503,-83.47845,-83.42166,35.07382,35.02734,"LITU","Liriodendron tulipifera"
"331",2001,"HCU.10",4.224,-83.47845,-83.42166,35.07382,35.02734,"LITU","Liriodendron tulipifera"
"332",2001,"HCU.1",3.594,-83.47845,-83.42166,35.07382,35.02734,"LITU","Liriodendron tulipifera"
"333",2001,"HCU.2",4.192,-83.47845,-83.42166,35.07382,35.02734,"LITU","Liriodendron tulipifera"
"334",2001,"HCU.3",5.259,-83.47845,-83.42166,35.07382,35.02734,"LITU","Liriodendron tulipifera"
"335",2001,"PB.9",3.012,-83.47845,-83.42166,35.07382,35.02734,"LITU","Liriodendron tulipifera"
"336",2001,"PB.1",2.203,-83.47845,-83.42166,35.07382,35.02734,"LITU","Liriodendron tulipifera"
"337",2001,"WB.6",0.796,-83.47845,-83.42166,35.07382,35.02734,"LITU","Liriodendron tulipifera"
"338",2001,"WB.4",1.81,-83.47845,-83.42166,35.07382,35.02734,"LITU","Liriodendron tulipifera"
"339",2001,"WB.5",1.107,-83.47845,-83.42166,35.07382,35.02734,"LITU","Liriodendron tulipifera"
"340",2001,"WB.2",2.226,-83.47845,-83.42166,35.07382,35.02734,"LITU","Liriodendron tulipifera"
"341",2001,"WB.3",1.489,-83.47845,-83.42166,35.07382,35.02734,"LITU","Liriodendron tulipifera"
"342",2001,"CB.8",1.002,-83.47845,-83.42166,35.07382,35.02734,"LITU","Liriodendron tulipifera"
"343",2001,"RB.2",1.552,-83.47845,-83.42166,35.07382,35.02734,"LITU","Liriodendron tulipifera"
"344",2001,"RB.5",1.912,-83.47845,-83.42166,35.07382,35.02734,"LITU","Liriodendron tulipifera"
"345",2001,"RB.8",1.096,-83.47845,-83.42166,35.07382,35.02734,"LITU","Liriodendron tulipifera"
"346",2001,"RB.6",3.034,-83.47845,-83.42166,35.07382,35.02734,"LITU","Liriodendron tulipifera"
"347",2001,"RB.9",1.914,-83.47845,-83.42166,35.07382,35.02734,"LITU","Liriodendron tulipifera"
"348",2001,"RB.7",2.191,-83.47845,-83.42166,35.07382,35.02734,"LITU","Liriodendron tulipifera"
"349",2001,"RB.1",1.123,-83.47845,-83.42166,35.07382,35.02734,"LITU","Liriodendron tulipifera"
"350",2001,"HW.20",2.297,-83.47845,-83.42166,35.07382,35.02734,"LITU","Liriodendron tulipifera"
"351",2001,"HW.15",1.396,-83.47845,-83.42166,35.07382,35.02734,"LITU","Liriodendron tulipifera"
"352",2001,"HW.17",1.087,-83.47845,-83.42166,35.07382,35.02734,"LITU","Liriodendron tulipifera"
"353",2001,"HLC.17",0.828,-83.47845,-83.42166,35.07382,35.02734,"LITU","Liriodendron tulipifera"
"354",2001,"HLC.18",0.611,-83.47845,-83.42166,35.07382,35.02734,"LITU","Liriodendron tulipifera"
"355",2001,"HLC.1",1.936,-83.47845,-83.42166,35.07382,35.02734,"LITU","Liriodendron tulipifera"
"356",2001,"USF.24",1.18,-83.47845,-83.42166,35.07382,35.02734,"LITU","Liriodendron tulipifera"
"357",2001,"BC.20",1.439,-83.47845,-83.42166,35.07382,35.02734,"LITU","Liriodendron tulipifera"
"358",2001,"CB.12",1.335,-83.47845,-83.42166,35.07382,35.02734,"LITU","Liriodendron tulipifera"
"359",2001,"HW.14",0.422,-83.47845,-83.42166,35.07382,35.02734,"LITU","Liriodendron tulipifera"
"360",2001,"pm.821",0.244,-83.47845,-83.42166,35.07382,35.02734,"LITU","Liriodendron tulipifera"
"361",2000,"BC1",3.107,-83.47845,-83.42166,35.07382,35.02734,"LITU","Liriodendron tulipifera"
"362",2000,"HC12",5.871,-83.47845,-83.42166,35.07382,35.02734,"LITU","Liriodendron tulipifera"
"363",2000,"HC13",4.01,-83.47845,-83.42166,35.07382,35.02734,"LITU","Liriodendron tulipifera"
"364",2000,"HC1",6.309,-83.47845,-83.42166,35.07382,35.02734,"LITU","Liriodendron tulipifera"
"365",2000,"BC2",1.766,-83.47845,-83.42166,35.07382,35.02734,"LITU","Liriodendron tulipifera"
"366",2000,"HC2",3.643,-83.47845,-83.42166,35.07382,35.02734,"LITU","Liriodendron tulipifera"
"367",2000,"HCU.10",4.516,-83.47845,-83.42166,35.07382,35.02734,"LITU","Liriodendron tulipifera"
"368",2000,"HCU.1",2.726,-83.47845,-83.42166,35.07382,35.02734,"LITU","Liriodendron tulipifera"
"369",2000,"HCU.2",3.54,-83.47845,-83.42166,35.07382,35.02734,"LITU","Liriodendron tulipifera"
"370",2000,"HCU.3",6.367,-83.47845,-83.42166,35.07382,35.02734,"LITU","Liriodendron tulipifera"
"371",2000,"PB.9",2.771,-83.47845,-83.42166,35.07382,35.02734,"LITU","Liriodendron tulipifera"
"372",2000,"PB.1",1.976,-83.47845,-83.42166,35.07382,35.02734,"LITU","Liriodendron tulipifera"
"373",2000,"WB.6",1.146,-83.47845,-83.42166,35.07382,35.02734,"LITU","Liriodendron tulipifera"
"374",2000,"WB.4",2.631,-83.47845,-83.42166,35.07382,35.02734,"LITU","Liriodendron tulipifera"
"375",2000,"WB.5",1.458,-83.47845,-83.42166,35.07382,35.02734,"LITU","Liriodendron tulipifera"
"376",2000,"WB.2",2.674,-83.47845,-83.42166,35.07382,35.02734,"LITU","Liriodendron tulipifera"
"377",2000,"WB.3",1.632,-83.47845,-83.42166,35.07382,35.02734,"LITU","Liriodendron tulipifera"
"378",2000,"CB.8",1.53,-83.47845,-83.42166,35.07382,35.02734,"LITU","Liriodendron tulipifera"
"379",2000,"RB.2",1.637,-83.47845,-83.42166,35.07382,35.02734,"LITU","Liriodendron tulipifera"
"380",2000,"RB.5",2.073,-83.47845,-83.42166,35.07382,35.02734,"LITU","Liriodendron tulipifera"
"381",2000,"RB.8",1.118,-83.47845,-83.42166,35.07382,35.02734,"LITU","Liriodendron tulipifera"
"382",2000,"RB.6",3.472,-83.47845,-83.42166,35.07382,35.02734,"LITU","Liriodendron tulipifera"
"383",2000,"RB.9",2.821,-83.47845,-83.42166,35.07382,35.02734,"LITU","Liriodendron tulipifera"
"384",2000,"RB.7",1.734,-83.47845,-83.42166,35.07382,35.02734,"LITU","Liriodendron tulipifera"
"385",2000,"RB.1",1.732,-83.47845,-83.42166,35.07382,35.02734,"LITU","Liriodendron tulipifera"
"386",2000,"HW.20",2.553,-83.47845,-83.42166,35.07382,35.02734,"LITU","Liriodendron tulipifera"
"387",2000,"HW.15",1.397,-83.47845,-83.42166,35.07382,35.02734,"LITU","Liriodendron tulipifera"
"388",2000,"HW.17",1.447,-83.47845,-83.42166,35.07382,35.02734,"LITU","Liriodendron tulipifera"
"389",2000,"HLC.17",1.105,-83.47845,-83.42166,35.07382,35.02734,"LITU","Liriodendron tulipifera"
"390",2000,"HLC.18",1.011,-83.47845,-83.42166,35.07382,35.02734,"LITU","Liriodendron tulipifera"
"391",2000,"HLC.1",1.609,-83.47845,-83.42166,35.07382,35.02734,"LITU","Liriodendron tulipifera"
"392",2000,"USF.24",1.242,-83.47845,-83.42166,35.07382,35.02734,"LITU","Liriodendron tulipifera"
"393",2000,"BC.20",1.069,-83.47845,-83.42166,35.07382,35.02734,"LITU","Liriodendron tulipifera"
"394",2000,"CB.12",1.456,-83.47845,-83.42166,35.07382,35.02734,"LITU","Liriodendron tulipifera"
"395",2000,"HW.14",0.435,-83.47845,-83.42166,35.07382,35.02734,"LITU","Liriodendron tulipifera"
"396",2000,"pm.821",0.398,-83.47845,-83.42166,35.07382,35.02734,"LITU","Liriodendron tulipifera"
"397",1999,"BC1",2.222,-83.47845,-83.42166,35.07382,35.02734,"LITU","Liriodendron tulipifera"
"398",1999,"HC12",6.256,-83.47845,-83.42166,35.07382,35.02734,"LITU","Liriodendron tulipifera"
"399",1999,"HC13",4.146,-83.47845,-83.42166,35.07382,35.02734,"LITU","Liriodendron tulipifera"
"400",1999,"HC1",6.472,-83.47845,-83.42166,35.07382,35.02734,"LITU","Liriodendron tulipifera"
"401",1999,"BC2",1.611,-83.47845,-83.42166,35.07382,35.02734,"LITU","Liriodendron tulipifera"
"402",1999,"HC2",3.436,-83.47845,-83.42166,35.07382,35.02734,"LITU","Liriodendron tulipifera"
"403",1999,"HCU.10",4.333,-83.47845,-83.42166,35.07382,35.02734,"LITU","Liriodendron tulipifera"
"404",1999,"HCU.1",3.099,-83.47845,-83.42166,35.07382,35.02734,"LITU","Liriodendron tulipifera"
"405",1999,"HCU.2",3.247,-83.47845,-83.42166,35.07382,35.02734,"LITU","Liriodendron tulipifera"
"406",1999,"HCU.3",6.241,-83.47845,-83.42166,35.07382,35.02734,"LITU","Liriodendron tulipifera"
"407",1999,"PB.9",3.041,-83.47845,-83.42166,35.07382,35.02734,"LITU","Liriodendron tulipifera"
"408",1999,"PB.1",1.809,-83.47845,-83.42166,35.07382,35.02734,"LITU","Liriodendron tulipifera"
"409",1999,"WB.6",1.293,-83.47845,-83.42166,35.07382,35.02734,"LITU","Liriodendron tulipifera"
"410",1999,"WB.4",1.883,-83.47845,-83.42166,35.07382,35.02734,"LITU","Liriodendron tulipifera"
"411",1999,"WB.5",0.935,-83.47845,-83.42166,35.07382,35.02734,"LITU","Liriodendron tulipifera"
"412",1999,"WB.2",2.783,-83.47845,-83.42166,35.07382,35.02734,"LITU","Liriodendron tulipifera"
"413",1999,"WB.3",1.83,-83.47845,-83.42166,35.07382,35.02734,"LITU","Liriodendron tulipifera"
"414",1999,"CB.8",1.923,-83.47845,-83.42166,35.07382,35.02734,"LITU","Liriodendron tulipifera"
"415",1999,"RB.2",1.488,-83.47845,-83.42166,35.07382,35.02734,"LITU","Liriodendron tulipifera"
"416",1999,"RB.5",1.859,-83.47845,-83.42166,35.07382,35.02734,"LITU","Liriodendron tulipifera"
"417",1999,"RB.8",1.634,-83.47845,-83.42166,35.07382,35.02734,"LITU","Liriodendron tulipifera"
"418",1999,"RB.6",3.049,-83.47845,-83.42166,35.07382,35.02734,"LITU","Liriodendron tulipifera"
"419",1999,"RB.9",2.285,-83.47845,-83.42166,35.07382,35.02734,"LITU","Liriodendron tulipifera"
"420",1999,"RB.7",2.395,-83.47845,-83.42166,35.07382,35.02734,"LITU","Liriodendron tulipifera"
"421",1999,"RB.1",2.233,-83.47845,-83.42166,35.07382,35.02734,"LITU","Liriodendron tulipifera"
"422",1999,"HW.20",2.399,-83.47845,-83.42166,35.07382,35.02734,"LITU","Liriodendron tulipifera"
"423",1999,"HW.15",1.624,-83.47845,-83.42166,35.07382,35.02734,"LITU","Liriodendron tulipifera"
"424",1999,"HW.17",1.496,-83.47845,-83.42166,35.07382,35.02734,"LITU","Liriodendron tulipifera"
"425",1999,"HLC.17",1.366,-83.47845,-83.42166,35.07382,35.02734,"LITU","Liriodendron tulipifera"
"426",1999,"HLC.18",1.068,-83.47845,-83.42166,35.07382,35.02734,"LITU","Liriodendron tulipifera"
"427",1999,"HLC.1",1.863,-83.47845,-83.42166,35.07382,35.02734,"LITU","Liriodendron tulipifera"
"428",1999,"USF.24",1.388,-83.47845,-83.42166,35.07382,35.02734,"LITU","Liriodendron tulipifera"
"429",1999,"BC.20",0.871,-83.47845,-83.42166,35.07382,35.02734,"LITU","Liriodendron tulipifera"
"430",1999,"CB.12",1.568,-83.47845,-83.42166,35.07382,35.02734,"LITU","Liriodendron tulipifera"
"431",1999,"HW.14",0.436,-83.47845,-83.42166,35.07382,35.02734,"LITU","Liriodendron tulipifera"
"432",1999,"pm.821",0.378,-83.47845,-83.42166,35.07382,35.02734,"LITU","Liriodendron tulipifera"
"433",1998,"BC1",2.702,-83.47845,-83.42166,35.07382,35.02734,"LITU","Liriodendron tulipifera"
"434",1998,"HC12",6.208,-83.47845,-83.42166,35.07382,35.02734,"LITU","Liriodendron tulipifera"
"435",1998,"HC13",2.959,-83.47845,-83.42166,35.07382,35.02734,"LITU","Liriodendron tulipifera"
"436",1998,"HC1",6.067,-83.47845,-83.42166,35.07382,35.02734,"LITU","Liriodendron tulipifera"
"437",1998,"BC2",1.992,-83.47845,-83.42166,35.07382,35.02734,"LITU","Liriodendron tulipifera"
"438",1998,"HC2",3.048,-83.47845,-83.42166,35.07382,35.02734,"LITU","Liriodendron tulipifera"
"439",1998,"HCU.10",4.046,-83.47845,-83.42166,35.07382,35.02734,"LITU","Liriodendron tulipifera"
"440",1998,"HCU.1",3.189,-83.47845,-83.42166,35.07382,35.02734,"LITU","Liriodendron tulipifera"
"441",1998,"HCU.2",3.312,-83.47845,-83.42166,35.07382,35.02734,"LITU","Liriodendron tulipifera"
"442",1998,"HCU.3",6.131,-83.47845,-83.42166,35.07382,35.02734,"LITU","Liriodendron tulipifera"
"443",1998,"PB.9",3.134,-83.47845,-83.42166,35.07382,35.02734,"LITU","Liriodendron tulipifera"
"444",1998,"PB.1",1.945,-83.47845,-83.42166,35.07382,35.02734,"LITU","Liriodendron tulipifera"
"445",1998,"WB.6",1.172,-83.47845,-83.42166,35.07382,35.02734,"LITU","Liriodendron tulipifera"
"446",1998,"WB.4",2.245,-83.47845,-83.42166,35.07382,35.02734,"LITU","Liriodendron tulipifera"
"447",1998,"WB.5",1.095,-83.47845,-83.42166,35.07382,35.02734,"LITU","Liriodendron tulipifera"
"448",1998,"WB.2",2.869,-83.47845,-83.42166,35.07382,35.02734,"LITU","Liriodendron tulipifera"
"449",1998,"WB.3",1.775,-83.47845,-83.42166,35.07382,35.02734,"LITU","Liriodendron tulipifera"
"450",1998,"CB.8",1.863,-83.47845,-83.42166,35.07382,35.02734,"LITU","Liriodendron tulipifera"
"451",1998,"RB.2",2.08,-83.47845,-83.42166,35.07382,35.02734,"LITU","Liriodendron tulipifera"
"452",1998,"RB.5",1.743,-83.47845,-83.42166,35.07382,35.02734,"LITU","Liriodendron tulipifera"
"453",1998,"RB.8",1.877,-83.47845,-83.42166,35.07382,35.02734,"LITU","Liriodendron tulipifera"
"454",1998,"RB.6",2.896,-83.47845,-83.42166,35.07382,35.02734,"LITU","Liriodendron tulipifera"
"455",1998,"RB.9",2.621,-83.47845,-83.42166,35.07382,35.02734,"LITU","Liriodendron tulipifera"
"456",1998,"RB.7",2.522,-83.47845,-83.42166,35.07382,35.02734,"LITU","Liriodendron tulipifera"
"457",1998,"RB.1",2.483,-83.47845,-83.42166,35.07382,35.02734,"LITU","Liriodendron tulipifera"
"458",1998,"HW.20",2.21,-83.47845,-83.42166,35.07382,35.02734,"LITU","Liriodendron tulipifera"
"459",1998,"HW.15",1.559,-83.47845,-83.42166,35.07382,35.02734,"LITU","Liriodendron tulipifera"
"460",1998,"HW.17",1.769,-83.47845,-83.42166,35.07382,35.02734,"LITU","Liriodendron tulipifera"
"461",1998,"HLC.17",1.554,-83.47845,-83.42166,35.07382,35.02734,"LITU","Liriodendron tulipifera"
"462",1998,"HLC.18",1.458,-83.47845,-83.42166,35.07382,35.02734,"LITU","Liriodendron tulipifera"
"463",1998,"HLC.1",2.088,-83.47845,-83.42166,35.07382,35.02734,"LITU","Liriodendron tulipifera"
"464",1998,"USF.24",1.48,-83.47845,-83.42166,35.07382,35.02734,"LITU","Liriodendron tulipifera"
"465",1998,"BC.20",0.954,-83.47845,-83.42166,35.07382,35.02734,"LITU","Liriodendron tulipifera"
"466",1998,"CB.12",1.762,-83.47845,-83.42166,35.07382,35.02734,"LITU","Liriodendron tulipifera"
"467",1998,"HW.14",0.365,-83.47845,-83.42166,35.07382,35.02734,"LITU","Liriodendron tulipifera"
"468",1998,"pm.821",0.404,-83.47845,-83.42166,35.07382,35.02734,"LITU","Liriodendron tulipifera"
"469",1997,"BC1",2.55,-83.47845,-83.42166,35.07382,35.02734,"LITU","Liriodendron tulipifera"
"470",1997,"HC12",5.8,-83.47845,-83.42166,35.07382,35.02734,"LITU","Liriodendron tulipifera"
"471",1997,"HC13",4.338,-83.47845,-83.42166,35.07382,35.02734,"LITU","Liriodendron tulipifera"
"472",1997,"HC1",4.591,-83.47845,-83.42166,35.07382,35.02734,"LITU","Liriodendron tulipifera"
"473",1997,"BC2",1.96,-83.47845,-83.42166,35.07382,35.02734,"LITU","Liriodendron tulipifera"
"474",1997,"HC2",4.956,-83.47845,-83.42166,35.07382,35.02734,"LITU","Liriodendron tulipifera"
"475",1997,"HCU.10",4.463,-83.47845,-83.42166,35.07382,35.02734,"LITU","Liriodendron tulipifera"
"476",1997,"HCU.1",3.258,-83.47845,-83.42166,35.07382,35.02734,"LITU","Liriodendron tulipifera"
"477",1997,"HCU.2",2.968,-83.47845,-83.42166,35.07382,35.02734,"LITU","Liriodendron tulipifera"
"478",1997,"HCU.3",5.628,-83.47845,-83.42166,35.07382,35.02734,"LITU","Liriodendron tulipifera"
"479",1997,"PB.9",3.688,-83.47845,-83.42166,35.07382,35.02734,"LITU","Liriodendron tulipifera"
"480",1997,"PB.1",2.091,-83.47845,-83.42166,35.07382,35.02734,"LITU","Liriodendron tulipifera"
"481",1997,"WB.6",0.899,-83.47845,-83.42166,35.07382,35.02734,"LITU","Liriodendron tulipifera"
"482",1997,"WB.4",1.958,-83.47845,-83.42166,35.07382,35.02734,"LITU","Liriodendron tulipifera"
"483",1997,"WB.5",0.864,-83.47845,-83.42166,35.07382,35.02734,"LITU","Liriodendron tulipifera"
"484",1997,"WB.2",3.082,-83.47845,-83.42166,35.07382,35.02734,"LITU","Liriodendron tulipifera"
"485",1997,"WB.3",2.041,-83.47845,-83.42166,35.07382,35.02734,"LITU","Liriodendron tulipifera"
"486",1997,"CB.8",2.01,-83.47845,-83.42166,35.07382,35.02734,"LITU","Liriodendron tulipifera"
"487",1997,"RB.2",1.93,-83.47845,-83.42166,35.07382,35.02734,"LITU","Liriodendron tulipifera"
"488",1997,"RB.5",2.305,-83.47845,-83.42166,35.07382,35.02734,"LITU","Liriodendron tulipifera"
"489",1997,"RB.8",2.585,-83.47845,-83.42166,35.07382,35.02734,"LITU","Liriodendron tulipifera"
"490",1997,"RB.6",2.809,-83.47845,-83.42166,35.07382,35.02734,"LITU","Liriodendron tulipifera"
"491",1997,"RB.9",2.501,-83.47845,-83.42166,35.07382,35.02734,"LITU","Liriodendron tulipifera"
"492",1997,"RB.7",2.433,-83.47845,-83.42166,35.07382,35.02734,"LITU","Liriodendron tulipifera"
"493",1997,"RB.1",2.795,-83.47845,-83.42166,35.07382,35.02734,"LITU","Liriodendron tulipifera"
"494",1997,"HW.20",1.765,-83.47845,-83.42166,35.07382,35.02734,"LITU","Liriodendron tulipifera"
"495",1997,"HW.15",2.35,-83.47845,-83.42166,35.07382,35.02734,"LITU","Liriodendron tulipifera"
"496",1997,"HW.17",3.093,-83.47845,-83.42166,35.07382,35.02734,"LITU","Liriodendron tulipifera"
"497",1997,"HLC.17",2.021,-83.47845,-83.42166,35.07382,35.02734,"LITU","Liriodendron tulipifera"
"498",1997,"HLC.18",1.899,-83.47845,-83.42166,35.07382,35.02734,"LITU","Liriodendron tulipifera"
"499",1997,"HLC.1",1.487,-83.47845,-83.42166,35.07382,35.02734,"LITU","Liriodendron tulipifera"
"500",1997,"USF.24",2.164,-83.47845,-83.42166,35.07382,35.02734,"LITU","Liriodendron tulipifera"
"501",1997,"BC.20",1.089,-83.47845,-83.42166,35.07382,35.02734,"LITU","Liriodendron tulipifera"
"502",1997,"CB.12",2.574,-83.47845,-83.42166,35.07382,35.02734,"LITU","Liriodendron tulipifera"
"503",1997,"HW.14",0.56,-83.47845,-83.42166,35.07382,35.02734,"LITU","Liriodendron tulipifera"
"504",1997,"pm.821",0.21,-83.47845,-83.42166,35.07382,35.02734,"LITU","Liriodendron tulipifera"
"505",1996,"BC1",2.796,-83.47845,-83.42166,35.07382,35.02734,"LITU","Liriodendron tulipifera"
"506",1996,"HC12",4.123,-83.47845,-83.42166,35.07382,35.02734,"LITU","Liriodendron tulipifera"
"507",1996,"HC13",4.355,-83.47845,-83.42166,35.07382,35.02734,"LITU","Liriodendron tulipifera"
"508",1996,"HC1",4.056,-83.47845,-83.42166,35.07382,35.02734,"LITU","Liriodendron tulipifera"
"509",1996,"BC2",1.365,-83.47845,-83.42166,35.07382,35.02734,"LITU","Liriodendron tulipifera"
"510",1996,"HC2",4.747,-83.47845,-83.42166,35.07382,35.02734,"LITU","Liriodendron tulipifera"
"511",1996,"HCU.10",5.145,-83.47845,-83.42166,35.07382,35.02734,"LITU","Liriodendron tulipifera"
"512",1996,"HCU.1",3.948,-83.47845,-83.42166,35.07382,35.02734,"LITU","Liriodendron tulipifera"
"513",1996,"HCU.2",3.364,-83.47845,-83.42166,35.07382,35.02734,"LITU","Liriodendron tulipifera"
"514",1996,"HCU.3",5.841,-83.47845,-83.42166,35.07382,35.02734,"LITU","Liriodendron tulipifera"
"515",1996,"PB.9",3.447,-83.47845,-83.42166,35.07382,35.02734,"LITU","Liriodendron tulipifera"
"516",1996,"PB.1",1.62,-83.47845,-83.42166,35.07382,35.02734,"LITU","Liriodendron tulipifera"
"517",1996,"WB.6",1.197,-83.47845,-83.42166,35.07382,35.02734,"LITU","Liriodendron tulipifera"
"518",1996,"WB.4",1.734,-83.47845,-83.42166,35.07382,35.02734,"LITU","Liriodendron tulipifera"
"519",1996,"WB.5",0.787,-83.47845,-83.42166,35.07382,35.02734,"LITU","Liriodendron tulipifera"
"520",1996,"WB.2",3.366,-83.47845,-83.42166,35.07382,35.02734,"LITU","Liriodendron tulipifera"
"521",1996,"WB.3",2.078,-83.47845,-83.42166,35.07382,35.02734,"LITU","Liriodendron tulipifera"
"522",1996,"CB.8",2.261,-83.47845,-83.42166,35.07382,35.02734,"LITU","Liriodendron tulipifera"
"523",1996,"RB.2",2.009,-83.47845,-83.42166,35.07382,35.02734,"LITU","Liriodendron tulipifera"
"524",1996,"RB.5",2.314,-83.47845,-83.42166,35.07382,35.02734,"LITU","Liriodendron tulipifera"
"525",1996,"RB.8",2.459,-83.47845,-83.42166,35.07382,35.02734,"LITU","Liriodendron tulipifera"
"526",1996,"RB.6",3.647,-83.47845,-83.42166,35.07382,35.02734,"LITU","Liriodendron tulipifera"
"527",1996,"RB.9",2.698,-83.47845,-83.42166,35.07382,35.02734,"LITU","Liriodendron tulipifera"
"528",1996,"RB.7",2.348,-83.47845,-83.42166,35.07382,35.02734,"LITU","Liriodendron tulipifera"
"529",1996,"RB.1",2.354,-83.47845,-83.42166,35.07382,35.02734,"LITU","Liriodendron tulipifera"
"530",1996,"HW.20",2.894,-83.47845,-83.42166,35.07382,35.02734,"LITU","Liriodendron tulipifera"
"531",1996,"HW.15",2.395,-83.47845,-83.42166,35.07382,35.02734,"LITU","Liriodendron tulipifera"
"532",1996,"HW.17",5.1,-83.47845,-83.42166,35.07382,35.02734,"LITU","Liriodendron tulipifera"
"533",1996,"HLC.17",1.841,-83.47845,-83.42166,35.07382,35.02734,"LITU","Liriodendron tulipifera"
"534",1996,"HLC.18",1.346,-83.47845,-83.42166,35.07382,35.02734,"LITU","Liriodendron tulipifera"
"535",1996,"HLC.1",2.167,-83.47845,-83.42166,35.07382,35.02734,"LITU","Liriodendron tulipifera"
"536",1996,"USF.24",2.429,-83.47845,-83.42166,35.07382,35.02734,"LITU","Liriodendron tulipifera"
"537",1996,"BC.20",1.351,-83.47845,-83.42166,35.07382,35.02734,"LITU","Liriodendron tulipifera"
"538",1996,"CB.12",2.507,-83.47845,-83.42166,35.07382,35.02734,"LITU","Liriodendron tulipifera"
"539",1996,"HW.14",0.632,-83.47845,-83.42166,35.07382,35.02734,"LITU","Liriodendron tulipifera"
"540",1996,"pm.821",0.374,-83.47845,-83.42166,35.07382,35.02734,"LITU","Liriodendron tulipifera"
"541",1995,"BC1",2.741,-83.47845,-83.42166,35.07382,35.02734,"LITU","Liriodendron tulipifera"
"542",1995,"HC12",5.478,-83.47845,-83.42166,35.07382,35.02734,"LITU","Liriodendron tulipifera"
"543",1995,"HC13",7.019,-83.47845,-83.42166,35.07382,35.02734,"LITU","Liriodendron tulipifera"
"544",1995,"HC1",5.447,-83.47845,-83.42166,35.07382,35.02734,"LITU","Liriodendron tulipifera"
"545",1995,"BC2",1.857,-83.47845,-83.42166,35.07382,35.02734,"LITU","Liriodendron tulipifera"
"546",1995,"HC2",5.708,-83.47845,-83.42166,35.07382,35.02734,"LITU","Liriodendron tulipifera"
"547",1995,"HCU.10",5.892,-83.47845,-83.42166,35.07382,35.02734,"LITU","Liriodendron tulipifera"
"548",1995,"HCU.1",4.232,-83.47845,-83.42166,35.07382,35.02734,"LITU","Liriodendron tulipifera"
"549",1995,"HCU.2",3.766,-83.47845,-83.42166,35.07382,35.02734,"LITU","Liriodendron tulipifera"
"550",1995,"HCU.3",6.077,-83.47845,-83.42166,35.07382,35.02734,"LITU","Liriodendron tulipifera"
"551",1995,"PB.9",4.192,-83.47845,-83.42166,35.07382,35.02734,"LITU","Liriodendron tulipifera"
"552",1995,"PB.1",1.847,-83.47845,-83.42166,35.07382,35.02734,"LITU","Liriodendron tulipifera"
"553",1995,"WB.6",1.69,-83.47845,-83.42166,35.07382,35.02734,"LITU","Liriodendron tulipifera"
"554",1995,"WB.4",2.969,-83.47845,-83.42166,35.07382,35.02734,"LITU","Liriodendron tulipifera"
"555",1995,"WB.5",1.151,-83.47845,-83.42166,35.07382,35.02734,"LITU","Liriodendron tulipifera"
"556",1995,"WB.2",3.726,-83.47845,-83.42166,35.07382,35.02734,"LITU","Liriodendron tulipifera"
"557",1995,"WB.3",3.413,-83.47845,-83.42166,35.07382,35.02734,"LITU","Liriodendron tulipifera"
"558",1995,"CB.8",1.999,-83.47845,-83.42166,35.07382,35.02734,"LITU","Liriodendron tulipifera"
"559",1995,"RB.2",3.624,-83.47845,-83.42166,35.07382,35.02734,"LITU","Liriodendron tulipifera"
"560",1995,"RB.5",2.691,-83.47845,-83.42166,35.07382,35.02734,"LITU","Liriodendron tulipifera"
"561",1995,"RB.8",2.599,-83.47845,-83.42166,35.07382,35.02734,"LITU","Liriodendron tulipifera"
"562",1995,"RB.6",4.191,-83.47845,-83.42166,35.07382,35.02734,"LITU","Liriodendron tulipifera"
"563",1995,"RB.9",2.99,-83.47845,-83.42166,35.07382,35.02734,"LITU","Liriodendron tulipifera"
"564",1995,"RB.7",2.721,-83.47845,-83.42166,35.07382,35.02734,"LITU","Liriodendron tulipifera"
"565",1995,"RB.1",2.157,-83.47845,-83.42166,35.07382,35.02734,"LITU","Liriodendron tulipifera"
"566",1995,"HW.20",4.486,-83.47845,-83.42166,35.07382,35.02734,"LITU","Liriodendron tulipifera"
"567",1995,"HW.15",1.982,-83.47845,-83.42166,35.07382,35.02734,"LITU","Liriodendron tulipifera"
"568",1995,"HW.17",5.512,-83.47845,-83.42166,35.07382,35.02734,"LITU","Liriodendron tulipifera"
"569",1995,"HLC.17",2.319,-83.47845,-83.42166,35.07382,35.02734,"LITU","Liriodendron tulipifera"
"570",1995,"HLC.18",1.821,-83.47845,-83.42166,35.07382,35.02734,"LITU","Liriodendron tulipifera"
"571",1995,"HLC.1",3.026,-83.47845,-83.42166,35.07382,35.02734,"LITU","Liriodendron tulipifera"
"572",1995,"USF.24",1.533,-83.47845,-83.42166,35.07382,35.02734,"LITU","Liriodendron tulipifera"
"573",1995,"BC.20",1.593,-83.47845,-83.42166,35.07382,35.02734,"LITU","Liriodendron tulipifera"
"574",1995,"CB.12",3.212,-83.47845,-83.42166,35.07382,35.02734,"LITU","Liriodendron tulipifera"
"575",1995,"HW.14",0.922,-83.47845,-83.42166,35.07382,35.02734,"LITU","Liriodendron tulipifera"
"576",1995,"pm.821",0.432,-83.47845,-83.42166,35.07382,35.02734,"LITU","Liriodendron tulipifera"
"577",1994,"BC1",2.411,-83.47845,-83.42166,35.07382,35.02734,"LITU","Liriodendron tulipifera"
"578",1994,"HC12",5.719,-83.47845,-83.42166,35.07382,35.02734,"LITU","Liriodendron tulipifera"
"579",1994,"HC13",7.099,-83.47845,-83.42166,35.07382,35.02734,"LITU","Liriodendron tulipifera"
"580",1994,"HC1",4.246,-83.47845,-83.42166,35.07382,35.02734,"LITU","Liriodendron tulipifera"
"581",1994,"BC2",1.4,-83.47845,-83.42166,35.07382,35.02734,"LITU","Liriodendron tulipifera"
"582",1994,"HC2",4.778,-83.47845,-83.42166,35.07382,35.02734,"LITU","Liriodendron tulipifera"
"583",1994,"HCU.10",5.13,-83.47845,-83.42166,35.07382,35.02734,"LITU","Liriodendron tulipifera"
"584",1994,"HCU.1",3.324,-83.47845,-83.42166,35.07382,35.02734,"LITU","Liriodendron tulipifera"
"585",1994,"HCU.2",3.033,-83.47845,-83.42166,35.07382,35.02734,"LITU","Liriodendron tulipifera"
"586",1994,"HCU.3",6.031,-83.47845,-83.42166,35.07382,35.02734,"LITU","Liriodendron tulipifera"
"587",1994,"PB.9",3.707,-83.47845,-83.42166,35.07382,35.02734,"LITU","Liriodendron tulipifera"
"588",1994,"PB.1",1.729,-83.47845,-83.42166,35.07382,35.02734,"LITU","Liriodendron tulipifera"
"589",1994,"WB.6",1.822,-83.47845,-83.42166,35.07382,35.02734,"LITU","Liriodendron tulipifera"
"590",1994,"WB.4",1.547,-83.47845,-83.42166,35.07382,35.02734,"LITU","Liriodendron tulipifera"
"591",1994,"WB.5",1.165,-83.47845,-83.42166,35.07382,35.02734,"LITU","Liriodendron tulipifera"
"592",1994,"WB.2",2.895,-83.47845,-83.42166,35.07382,35.02734,"LITU","Liriodendron tulipifera"
"593",1994,"WB.3",2.271,-83.47845,-83.42166,35.07382,35.02734,"LITU","Liriodendron tulipifera"
"594",1994,"CB.8",1.37,-83.47845,-83.42166,35.07382,35.02734,"LITU","Liriodendron tulipifera"
"595",1994,"RB.2",3.289,-83.47845,-83.42166,35.07382,35.02734,"LITU","Liriodendron tulipifera"
"596",1994,"RB.5",2.479,-83.47845,-83.42166,35.07382,35.02734,"LITU","Liriodendron tulipifera"
"597",1994,"RB.8",2.035,-83.47845,-83.42166,35.07382,35.02734,"LITU","Liriodendron tulipifera"
"598",1994,"RB.6",4.885,-83.47845,-83.42166,35.07382,35.02734,"LITU","Liriodendron tulipifera"
"599",1994,"RB.9",2.573,-83.47845,-83.42166,35.07382,35.02734,"LITU","Liriodendron tulipifera"
"600",1994,"RB.7",2.919,-83.47845,-83.42166,35.07382,35.02734,"LITU","Liriodendron tulipifera"
"601",1994,"RB.1",1.596,-83.47845,-83.42166,35.07382,35.02734,"LITU","Liriodendron tulipifera"
"602",1994,"HW.20",3.594,-83.47845,-83.42166,35.07382,35.02734,"LITU","Liriodendron tulipifera"
"603",1994,"HW.15",1.41,-83.47845,-83.42166,35.07382,35.02734,"LITU","Liriodendron tulipifera"
"604",1994,"HW.17",2.73,-83.47845,-83.42166,35.07382,35.02734,"LITU","Liriodendron tulipifera"
"605",1994,"HLC.17",1.282,-83.47845,-83.42166,35.07382,35.02734,"LITU","Liriodendron tulipifera"
"606",1994,"HLC.18",0.967,-83.47845,-83.42166,35.07382,35.02734,"LITU","Liriodendron tulipifera"
"607",1994,"HLC.1",1.844,-83.47845,-83.42166,35.07382,35.02734,"LITU","Liriodendron tulipifera"
"608",1994,"USF.24",1.882,-83.47845,-83.42166,35.07382,35.02734,"LITU","Liriodendron tulipifera"
"609",1994,"BC.20",1.76,-83.47845,-83.42166,35.07382,35.02734,"LITU","Liriodendron tulipifera"
"610",1994,"CB.12",2.292,-83.47845,-83.42166,35.07382,35.02734,"LITU","Liriodendron tulipifera"
"611",1994,"HW.14",0.973,-83.47845,-83.42166,35.07382,35.02734,"LITU","Liriodendron tulipifera"
"612",1994,"pm.821",0.345,-83.47845,-83.42166,35.07382,35.02734,"LITU","Liriodendron tulipifera"
"613",1993,"BC1",1.622,-83.47845,-83.42166,35.07382,35.02734,"LITU","Liriodendron tulipifera"
"614",1993,"HC12",5.375,-83.47845,-83.42166,35.07382,35.02734,"LITU","Liriodendron tulipifera"
"615",1993,"HC13",5.299,-83.47845,-83.42166,35.07382,35.02734,"LITU","Liriodendron tulipifera"
"616",1993,"HC1",5.723,-83.47845,-83.42166,35.07382,35.02734,"LITU","Liriodendron tulipifera"
"617",1993,"BC2",1.443,-83.47845,-83.42166,35.07382,35.02734,"LITU","Liriodendron tulipifera"
"618",1993,"HC2",2.25,-83.47845,-83.42166,35.07382,35.02734,"LITU","Liriodendron tulipifera"
"619",1993,"HCU.10",3.475,-83.47845,-83.42166,35.07382,35.02734,"LITU","Liriodendron tulipifera"
"620",1993,"HCU.1",4.063,-83.47845,-83.42166,35.07382,35.02734,"LITU","Liriodendron tulipifera"
"621",1993,"HCU.2",3.972,-83.47845,-83.42166,35.07382,35.02734,"LITU","Liriodendron tulipifera"
"622",1993,"HCU.3",6.392,-83.47845,-83.42166,35.07382,35.02734,"LITU","Liriodendron tulipifera"
"623",1993,"PB.9",3.326,-83.47845,-83.42166,35.07382,35.02734,"LITU","Liriodendron tulipifera"
"624",1993,"PB.1",1.595,-83.47845,-83.42166,35.07382,35.02734,"LITU","Liriodendron tulipifera"
"625",1993,"WB.6",1.032,-83.47845,-83.42166,35.07382,35.02734,"LITU","Liriodendron tulipifera"
"626",1993,"WB.4",1.453,-83.47845,-83.42166,35.07382,35.02734,"LITU","Liriodendron tulipifera"
"627",1993,"WB.5",0.941,-83.47845,-83.42166,35.07382,35.02734,"LITU","Liriodendron tulipifera"
"628",1993,"WB.2",1.958,-83.47845,-83.42166,35.07382,35.02734,"LITU","Liriodendron tulipifera"
"629",1993,"WB.3",1.856,-83.47845,-83.42166,35.07382,35.02734,"LITU","Liriodendron tulipifera"
"630",1993,"CB.8",1.159,-83.47845,-83.42166,35.07382,35.02734,"LITU","Liriodendron tulipifera"
"631",1993,"RB.2",1.786,-83.47845,-83.42166,35.07382,35.02734,"LITU","Liriodendron tulipifera"
"632",1993,"RB.5",1.289,-83.47845,-83.42166,35.07382,35.02734,"LITU","Liriodendron tulipifera"
"633",1993,"RB.8",1.237,-83.47845,-83.42166,35.07382,35.02734,"LITU","Liriodendron tulipifera"
"634",1993,"RB.6",2.065,-83.47845,-83.42166,35.07382,35.02734,"LITU","Liriodendron tulipifera"
"635",1993,"RB.9",2.377,-83.47845,-83.42166,35.07382,35.02734,"LITU","Liriodendron tulipifera"
"636",1993,"RB.7",1.833,-83.47845,-83.42166,35.07382,35.02734,"LITU","Liriodendron tulipifera"
"637",1993,"RB.1",1.175,-83.47845,-83.42166,35.07382,35.02734,"LITU","Liriodendron tulipifera"
"638",1993,"HW.20",3.68,-83.47845,-83.42166,35.07382,35.02734,"LITU","Liriodendron tulipifera"
"639",1993,"HW.15",0.725,-83.47845,-83.42166,35.07382,35.02734,"LITU","Liriodendron tulipifera"
"640",1993,"HW.17",2.201,-83.47845,-83.42166,35.07382,35.02734,"LITU","Liriodendron tulipifera"
"641",1993,"HLC.17",1.089,-83.47845,-83.42166,35.07382,35.02734,"LITU","Liriodendron tulipifera"
"642",1993,"HLC.18",0.828,-83.47845,-83.42166,35.07382,35.02734,"LITU","Liriodendron tulipifera"
"643",1993,"HLC.1",1.079,-83.47845,-83.42166,35.07382,35.02734,"LITU","Liriodendron tulipifera"
"644",1993,"USF.24",0.809,-83.47845,-83.42166,35.07382,35.02734,"LITU","Liriodendron tulipifera"
"645",1993,"BC.20",1.594,-83.47845,-83.42166,35.07382,35.02734,"LITU","Liriodendron tulipifera"
"646",1993,"CB.12",1.093,-83.47845,-83.42166,35.07382,35.02734,"LITU","Liriodendron tulipifera"
"647",1993,"HW.14",0.94,-83.47845,-83.42166,35.07382,35.02734,"LITU","Liriodendron tulipifera"
"648",1993,"pm.821",0.383,-83.47845,-83.42166,35.07382,35.02734,"LITU","Liriodendron tulipifera"
"649",1992,"BC1",2.393,-83.47845,-83.42166,35.07382,35.02734,"LITU","Liriodendron tulipifera"
"650",1992,"HC12",5.37,-83.47845,-83.42166,35.07382,35.02734,"LITU","Liriodendron tulipifera"
"651",1992,"HC13",6.097,-83.47845,-83.42166,35.07382,35.02734,"LITU","Liriodendron tulipifera"
"652",1992,"HC1",4.158,-83.47845,-83.42166,35.07382,35.02734,"LITU","Liriodendron tulipifera"
"653",1992,"BC2",2.001,-83.47845,-83.42166,35.07382,35.02734,"LITU","Liriodendron tulipifera"
"654",1992,"HC2",4.472,-83.47845,-83.42166,35.07382,35.02734,"LITU","Liriodendron tulipifera"
"655",1992,"HCU.10",4.34,-83.47845,-83.42166,35.07382,35.02734,"LITU","Liriodendron tulipifera"
"656",1992,"HCU.1",4.363,-83.47845,-83.42166,35.07382,35.02734,"LITU","Liriodendron tulipifera"
"657",1992,"HCU.2",3.01,-83.47845,-83.42166,35.07382,35.02734,"LITU","Liriodendron tulipifera"
"658",1992,"HCU.3",6.262,-83.47845,-83.42166,35.07382,35.02734,"LITU","Liriodendron tulipifera"
"659",1992,"PB.9",3.98,-83.47845,-83.42166,35.07382,35.02734,"LITU","Liriodendron tulipifera"
"660",1992,"PB.1",2.598,-83.47845,-83.42166,35.07382,35.02734,"LITU","Liriodendron tulipifera"
"661",1992,"WB.6",1.436,-83.47845,-83.42166,35.07382,35.02734,"LITU","Liriodendron tulipifera"
"662",1992,"WB.4",1.403,-83.47845,-83.42166,35.07382,35.02734,"LITU","Liriodendron tulipifera"
"663",1992,"WB.5",1.086,-83.47845,-83.42166,35.07382,35.02734,"LITU","Liriodendron tulipifera"
"664",1992,"WB.2",2.765,-83.47845,-83.42166,35.07382,35.02734,"LITU","Liriodendron tulipifera"
"665",1992,"WB.3",1.983,-83.47845,-83.42166,35.07382,35.02734,"LITU","Liriodendron tulipifera"
"666",1992,"CB.8",1.375,-83.47845,-83.42166,35.07382,35.02734,"LITU","Liriodendron tulipifera"
"667",1992,"RB.2",2.556,-83.47845,-83.42166,35.07382,35.02734,"LITU","Liriodendron tulipifera"
"668",1992,"RB.5",1.975,-83.47845,-83.42166,35.07382,35.02734,"LITU","Liriodendron tulipifera"
"669",1992,"RB.8",1.986,-83.47845,-83.42166,35.07382,35.02734,"LITU","Liriodendron tulipifera"
"670",1992,"RB.6",2.423,-83.47845,-83.42166,35.07382,35.02734,"LITU","Liriodendron tulipifera"
"671",1992,"RB.9",1.983,-83.47845,-83.42166,35.07382,35.02734,"LITU","Liriodendron tulipifera"
"672",1992,"RB.7",2.037,-83.47845,-83.42166,35.07382,35.02734,"LITU","Liriodendron tulipifera"
"673",1992,"RB.1",1.403,-83.47845,-83.42166,35.07382,35.02734,"LITU","Liriodendron tulipifera"
"674",1992,"HW.20",3.305,-83.47845,-83.42166,35.07382,35.02734,"LITU","Liriodendron tulipifera"
"675",1992,"HW.15",1.025,-83.47845,-83.42166,35.07382,35.02734,"LITU","Liriodendron tulipifera"
"676",1992,"HW.17",3.346,-83.47845,-83.42166,35.07382,35.02734,"LITU","Liriodendron tulipifera"
"677",1992,"HLC.17",1.286,-83.47845,-83.42166,35.07382,35.02734,"LITU","Liriodendron tulipifera"
"678",1992,"HLC.18",0.852,-83.47845,-83.42166,35.07382,35.02734,"LITU","Liriodendron tulipifera"
"679",1992,"HLC.1",1.631,-83.47845,-83.42166,35.07382,35.02734,"LITU","Liriodendron tulipifera"
"680",1992,"USF.24",1.414,-83.47845,-83.42166,35.07382,35.02734,"LITU","Liriodendron tulipifera"
"681",1992,"BC.20",2.716,-83.47845,-83.42166,35.07382,35.02734,"LITU","Liriodendron tulipifera"
"682",1992,"CB.12",1.694,-83.47845,-83.42166,35.07382,35.02734,"LITU","Liriodendron tulipifera"
"683",1992,"HW.14",0.703,-83.47845,-83.42166,35.07382,35.02734,"LITU","Liriodendron tulipifera"
"684",1992,"pm.821",0.51,-83.47845,-83.42166,35.07382,35.02734,"LITU","Liriodendron tulipifera"
"685",1991,"BC1",3.062,-83.47845,-83.42166,35.07382,35.02734,"LITU","Liriodendron tulipifera"
"686",1991,"HC12",4.402,-83.47845,-83.42166,35.07382,35.02734,"LITU","Liriodendron tulipifera"
"687",1991,"HC13",6.139,-83.47845,-83.42166,35.07382,35.02734,"LITU","Liriodendron tulipifera"
"688",1991,"HC1",3.261,-83.47845,-83.42166,35.07382,35.02734,"LITU","Liriodendron tulipifera"
"689",1991,"BC2",1.679,-83.47845,-83.42166,35.07382,35.02734,"LITU","Liriodendron tulipifera"
"690",1991,"HC2",5.049,-83.47845,-83.42166,35.07382,35.02734,"LITU","Liriodendron tulipifera"
"691",1991,"HCU.10",5.964,-83.47845,-83.42166,35.07382,35.02734,"LITU","Liriodendron tulipifera"
"692",1991,"HCU.1",4.271,-83.47845,-83.42166,35.07382,35.02734,"LITU","Liriodendron tulipifera"
"693",1991,"HCU.2",2.972,-83.47845,-83.42166,35.07382,35.02734,"LITU","Liriodendron tulipifera"
"694",1991,"HCU.3",5.775,-83.47845,-83.42166,35.07382,35.02734,"LITU","Liriodendron tulipifera"
"695",1991,"PB.9",3.605,-83.47845,-83.42166,35.07382,35.02734,"LITU","Liriodendron tulipifera"
"696",1991,"PB.1",1.334,-83.47845,-83.42166,35.07382,35.02734,"LITU","Liriodendron tulipifera"
"697",1991,"WB.6",0.928,-83.47845,-83.42166,35.07382,35.02734,"LITU","Liriodendron tulipifera"
"698",1991,"WB.4",0.959,-83.47845,-83.42166,35.07382,35.02734,"LITU","Liriodendron tulipifera"
"699",1991,"WB.5",0.804,-83.47845,-83.42166,35.07382,35.02734,"LITU","Liriodendron tulipifera"
"700",1991,"WB.2",2.734,-83.47845,-83.42166,35.07382,35.02734,"LITU","Liriodendron tulipifera"
"701",1991,"WB.3",1.629,-83.47845,-83.42166,35.07382,35.02734,"LITU","Liriodendron tulipifera"
"702",1991,"CB.8",0.88,-83.47845,-83.42166,35.07382,35.02734,"LITU","Liriodendron tulipifera"
"703",1991,"RB.2",1.67,-83.47845,-83.42166,35.07382,35.02734,"LITU","Liriodendron tulipifera"
"704",1991,"RB.5",1.839,-83.47845,-83.42166,35.07382,35.02734,"LITU","Liriodendron tulipifera"
"705",1991,"RB.8",1.394,-83.47845,-83.42166,35.07382,35.02734,"LITU","Liriodendron tulipifera"
"706",1991,"RB.6",2.157,-83.47845,-83.42166,35.07382,35.02734,"LITU","Liriodendron tulipifera"
"707",1991,"RB.9",1.388,-83.47845,-83.42166,35.07382,35.02734,"LITU","Liriodendron tulipifera"
"708",1991,"RB.7",1.444,-83.47845,-83.42166,35.07382,35.02734,"LITU","Liriodendron tulipifera"
"709",1991,"RB.1",1.086,-83.47845,-83.42166,35.07382,35.02734,"LITU","Liriodendron tulipifera"
"710",1991,"HW.20",3.528,-83.47845,-83.42166,35.07382,35.02734,"LITU","Liriodendron tulipifera"
"711",1991,"HW.15",1.192,-83.47845,-83.42166,35.07382,35.02734,"LITU","Liriodendron tulipifera"
"712",1991,"HW.17",2.462,-83.47845,-83.42166,35.07382,35.02734,"LITU","Liriodendron tulipifera"
"713",1991,"HLC.17",1,-83.47845,-83.42166,35.07382,35.02734,"LITU","Liriodendron tulipifera"
"714",1991,"HLC.18",0.95,-83.47845,-83.42166,35.07382,35.02734,"LITU","Liriodendron tulipifera"
"715",1991,"HLC.1",1.341,-83.47845,-83.42166,35.07382,35.02734,"LITU","Liriodendron tulipifera"
"716",1991,"USF.24",0.669,-83.47845,-83.42166,35.07382,35.02734,"LITU","Liriodendron tulipifera"
"717",1991,"BC.20",2.692,-83.47845,-83.42166,35.07382,35.02734,"LITU","Liriodendron tulipifera"
"718",1991,"CB.12",0.529,-83.47845,-83.42166,35.07382,35.02734,"LITU","Liriodendron tulipifera"
"719",1991,"HW.14",0.819,-83.47845,-83.42166,35.07382,35.02734,"LITU","Liriodendron tulipifera"
"720",1991,"pm.821",0.488,-83.47845,-83.42166,35.07382,35.02734,"LITU","Liriodendron tulipifera"
"721",1990,"BC1",2.953,-83.47845,-83.42166,35.07382,35.02734,"LITU","Liriodendron tulipifera"
"722",1990,"HC12",4.992,-83.47845,-83.42166,35.07382,35.02734,"LITU","Liriodendron tulipifera"
"723",1990,"HC13",5.503,-83.47845,-83.42166,35.07382,35.02734,"LITU","Liriodendron tulipifera"
"724",1990,"HC1",4.29,-83.47845,-83.42166,35.07382,35.02734,"LITU","Liriodendron tulipifera"
"725",1990,"BC2",1.945,-83.47845,-83.42166,35.07382,35.02734,"LITU","Liriodendron tulipifera"
"726",1990,"HC2",NA,-83.47845,-83.42166,35.07382,35.02734,"LITU","Liriodendron tulipifera"
"727",1990,"HCU.10",6.245,-83.47845,-83.42166,35.07382,35.02734,"LITU","Liriodendron tulipifera"
"728",1990,"HCU.1",5.637,-83.47845,-83.42166,35.07382,35.02734,"LITU","Liriodendron tulipifera"
"729",1990,"HCU.2",3.477,-83.47845,-83.42166,35.07382,35.02734,"LITU","Liriodendron tulipifera"
"730",1990,"HCU.3",7.244,-83.47845,-83.42166,35.07382,35.02734,"LITU","Liriodendron tulipifera"
"731",1990,"PB.9",3.424,-83.47845,-83.42166,35.07382,35.02734,"LITU","Liriodendron tulipifera"
"732",1990,"PB.1",2.331,-83.47845,-83.42166,35.07382,35.02734,"LITU","Liriodendron tulipifera"
"733",1990,"WB.6",1.193,-83.47845,-83.42166,35.07382,35.02734,"LITU","Liriodendron tulipifera"
"734",1990,"WB.4",1.967,-83.47845,-83.42166,35.07382,35.02734,"LITU","Liriodendron tulipifera"
"735",1990,"WB.5",1.206,-83.47845,-83.42166,35.07382,35.02734,"LITU","Liriodendron tulipifera"
"736",1990,"WB.2",2.684,-83.47845,-83.42166,35.07382,35.02734,"LITU","Liriodendron tulipifera"
"737",1990,"WB.3",1.802,-83.47845,-83.42166,35.07382,35.02734,"LITU","Liriodendron tulipifera"
"738",1990,"CB.8",1.069,-83.47845,-83.42166,35.07382,35.02734,"LITU","Liriodendron tulipifera"
"739",1990,"RB.2",2.354,-83.47845,-83.42166,35.07382,35.02734,"LITU","Liriodendron tulipifera"
"740",1990,"RB.5",2.688,-83.47845,-83.42166,35.07382,35.02734,"LITU","Liriodendron tulipifera"
"741",1990,"RB.8",1.727,-83.47845,-83.42166,35.07382,35.02734,"LITU","Liriodendron tulipifera"
"742",1990,"RB.6",1.628,-83.47845,-83.42166,35.07382,35.02734,"LITU","Liriodendron tulipifera"
"743",1990,"RB.9",2.084,-83.47845,-83.42166,35.07382,35.02734,"LITU","Liriodendron tulipifera"
"744",1990,"RB.7",2.741,-83.47845,-83.42166,35.07382,35.02734,"LITU","Liriodendron tulipifera"
"745",1990,"RB.1",0.823,-83.47845,-83.42166,35.07382,35.02734,"LITU","Liriodendron tulipifera"
"746",1990,"HW.20",3.225,-83.47845,-83.42166,35.07382,35.02734,"LITU","Liriodendron tulipifera"
"747",1990,"HW.15",1.01,-83.47845,-83.42166,35.07382,35.02734,"LITU","Liriodendron tulipifera"
"748",1990,"HW.17",2.398,-83.47845,-83.42166,35.07382,35.02734,"LITU","Liriodendron tulipifera"
"749",1990,"HLC.17",1.006,-83.47845,-83.42166,35.07382,35.02734,"LITU","Liriodendron tulipifera"
"750",1990,"HLC.18",1.24,-83.47845,-83.42166,35.07382,35.02734,"LITU","Liriodendron tulipifera"
"751",1990,"HLC.1",1.439,-83.47845,-83.42166,35.07382,35.02734,"LITU","Liriodendron tulipifera"
"752",1990,"USF.24",1.052,-83.47845,-83.42166,35.07382,35.02734,"LITU","Liriodendron tulipifera"
"753",1990,"BC.20",3.165,-83.47845,-83.42166,35.07382,35.02734,"LITU","Liriodendron tulipifera"
"754",1990,"CB.12",1.38,-83.47845,-83.42166,35.07382,35.02734,"LITU","Liriodendron tulipifera"
"755",1990,"HW.14",0.976,-83.47845,-83.42166,35.07382,35.02734,"LITU","Liriodendron tulipifera"
"756",1990,"pm.821",0.245,-83.47845,-83.42166,35.07382,35.02734,"LITU","Liriodendron tulipifera"
"757",1989,"BC1",2.402,-83.47845,-83.42166,35.07382,35.02734,"LITU","Liriodendron tulipifera"
"758",1989,"HC12",4.175,-83.47845,-83.42166,35.07382,35.02734,"LITU","Liriodendron tulipifera"
"759",1989,"HC13",5.243,-83.47845,-83.42166,35.07382,35.02734,"LITU","Liriodendron tulipifera"
"760",1989,"HC1",3.083,-83.47845,-83.42166,35.07382,35.02734,"LITU","Liriodendron tulipifera"
"761",1989,"BC2",1.539,-83.47845,-83.42166,35.07382,35.02734,"LITU","Liriodendron tulipifera"
"762",1989,"HC2",NA,-83.47845,-83.42166,35.07382,35.02734,"LITU","Liriodendron tulipifera"
"763",1989,"HCU.10",6.865,-83.47845,-83.42166,35.07382,35.02734,"LITU","Liriodendron tulipifera"
"764",1989,"HCU.1",5.602,-83.47845,-83.42166,35.07382,35.02734,"LITU","Liriodendron tulipifera"
"765",1989,"HCU.2",4.324,-83.47845,-83.42166,35.07382,35.02734,"LITU","Liriodendron tulipifera"
"766",1989,"HCU.3",7.86,-83.47845,-83.42166,35.07382,35.02734,"LITU","Liriodendron tulipifera"
"767",1989,"PB.9",4.103,-83.47845,-83.42166,35.07382,35.02734,"LITU","Liriodendron tulipifera"
"768",1989,"PB.1",3.233,-83.47845,-83.42166,35.07382,35.02734,"LITU","Liriodendron tulipifera"
"769",1989,"WB.6",1.528,-83.47845,-83.42166,35.07382,35.02734,"LITU","Liriodendron tulipifera"
"770",1989,"WB.4",1.738,-83.47845,-83.42166,35.07382,35.02734,"LITU","Liriodendron tulipifera"
"771",1989,"WB.5",2.024,-83.47845,-83.42166,35.07382,35.02734,"LITU","Liriodendron tulipifera"
"772",1989,"WB.2",3.59,-83.47845,-83.42166,35.07382,35.02734,"LITU","Liriodendron tulipifera"
"773",1989,"WB.3",2.216,-83.47845,-83.42166,35.07382,35.02734,"LITU","Liriodendron tulipifera"
"774",1989,"CB.8",0.932,-83.47845,-83.42166,35.07382,35.02734,"LITU","Liriodendron tulipifera"
"775",1989,"RB.2",2.732,-83.47845,-83.42166,35.07382,35.02734,"LITU","Liriodendron tulipifera"
"776",1989,"RB.5",2.895,-83.47845,-83.42166,35.07382,35.02734,"LITU","Liriodendron tulipifera"
"777",1989,"RB.8",2.26,-83.47845,-83.42166,35.07382,35.02734,"LITU","Liriodendron tulipifera"
"778",1989,"RB.6",2.145,-83.47845,-83.42166,35.07382,35.02734,"LITU","Liriodendron tulipifera"
"779",1989,"RB.9",2.237,-83.47845,-83.42166,35.07382,35.02734,"LITU","Liriodendron tulipifera"
"780",1989,"RB.7",2.863,-83.47845,-83.42166,35.07382,35.02734,"LITU","Liriodendron tulipifera"
"781",1989,"RB.1",1.575,-83.47845,-83.42166,35.07382,35.02734,"LITU","Liriodendron tulipifera"
"782",1989,"HW.20",3.328,-83.47845,-83.42166,35.07382,35.02734,"LITU","Liriodendron tulipifera"
"783",1989,"HW.15",0.802,-83.47845,-83.42166,35.07382,35.02734,"LITU","Liriodendron tulipifera"
"784",1989,"HW.17",1.48,-83.47845,-83.42166,35.07382,35.02734,"LITU","Liriodendron tulipifera"
"785",1989,"HLC.17",1.688,-83.47845,-83.42166,35.07382,35.02734,"LITU","Liriodendron tulipifera"
"786",1989,"HLC.18",0.983,-83.47845,-83.42166,35.07382,35.02734,"LITU","Liriodendron tulipifera"
"787",1989,"HLC.1",2.596,-83.47845,-83.42166,35.07382,35.02734,"LITU","Liriodendron tulipifera"
"788",1989,"USF.24",1.817,-83.47845,-83.42166,35.07382,35.02734,"LITU","Liriodendron tulipifera"
"789",1989,"BC.20",3.055,-83.47845,-83.42166,35.07382,35.02734,"LITU","Liriodendron tulipifera"
"790",1989,"CB.12",1.464,-83.47845,-83.42166,35.07382,35.02734,"LITU","Liriodendron tulipifera"
"791",1989,"HW.14",0.874,-83.47845,-83.42166,35.07382,35.02734,"LITU","Liriodendron tulipifera"
"792",1989,"pm.821",0.288,-83.47845,-83.42166,35.07382,35.02734,"LITU","Liriodendron tulipifera"
"793",1988,"BC1",2.095,-83.47845,-83.42166,35.07382,35.02734,"LITU","Liriodendron tulipifera"
"794",1988,"HC12",4.6,-83.47845,-83.42166,35.07382,35.02734,"LITU","Liriodendron tulipifera"
"795",1988,"HC13",4.315,-83.47845,-83.42166,35.07382,35.02734,"LITU","Liriodendron tulipifera"
"796",1988,"HC1",2.88,-83.47845,-83.42166,35.07382,35.02734,"LITU","Liriodendron tulipifera"
"797",1988,"BC2",0.948,-83.47845,-83.42166,35.07382,35.02734,"LITU","Liriodendron tulipifera"
"798",1988,"HC2",NA,-83.47845,-83.42166,35.07382,35.02734,"LITU","Liriodendron tulipifera"
"799",1988,"HCU.10",6.299,-83.47845,-83.42166,35.07382,35.02734,"LITU","Liriodendron tulipifera"
"800",1988,"HCU.1",6.712,-83.47845,-83.42166,35.07382,35.02734,"LITU","Liriodendron tulipifera"
"801",1988,"HCU.2",3.773,-83.47845,-83.42166,35.07382,35.02734,"LITU","Liriodendron tulipifera"
"802",1988,"HCU.3",5.803,-83.47845,-83.42166,35.07382,35.02734,"LITU","Liriodendron tulipifera"
"803",1988,"PB.9",3.255,-83.47845,-83.42166,35.07382,35.02734,"LITU","Liriodendron tulipifera"
"804",1988,"PB.1",2.14,-83.47845,-83.42166,35.07382,35.02734,"LITU","Liriodendron tulipifera"
"805",1988,"WB.6",1.012,-83.47845,-83.42166,35.07382,35.02734,"LITU","Liriodendron tulipifera"
"806",1988,"WB.4",1.569,-83.47845,-83.42166,35.07382,35.02734,"LITU","Liriodendron tulipifera"
"807",1988,"WB.5",1.359,-83.47845,-83.42166,35.07382,35.02734,"LITU","Liriodendron tulipifera"
"808",1988,"WB.2",2.992,-83.47845,-83.42166,35.07382,35.02734,"LITU","Liriodendron tulipifera"
"809",1988,"WB.3",1.645,-83.47845,-83.42166,35.07382,35.02734,"LITU","Liriodendron tulipifera"
"810",1988,"CB.8",0.842,-83.47845,-83.42166,35.07382,35.02734,"LITU","Liriodendron tulipifera"
"811",1988,"RB.2",1.908,-83.47845,-83.42166,35.07382,35.02734,"LITU","Liriodendron tulipifera"
"812",1988,"RB.5",1.75,-83.47845,-83.42166,35.07382,35.02734,"LITU","Liriodendron tulipifera"
"813",1988,"RB.8",1.027,-83.47845,-83.42166,35.07382,35.02734,"LITU","Liriodendron tulipifera"
"814",1988,"RB.6",1.385,-83.47845,-83.42166,35.07382,35.02734,"LITU","Liriodendron tulipifera"
"815",1988,"RB.9",1.011,-83.47845,-83.42166,35.07382,35.02734,"LITU","Liriodendron tulipifera"
"816",1988,"RB.7",1.407,-83.47845,-83.42166,35.07382,35.02734,"LITU","Liriodendron tulipifera"
"817",1988,"RB.1",0.715,-83.47845,-83.42166,35.07382,35.02734,"LITU","Liriodendron tulipifera"
"818",1988,"HW.20",3.004,-83.47845,-83.42166,35.07382,35.02734,"LITU","Liriodendron tulipifera"
"819",1988,"HW.15",0.575,-83.47845,-83.42166,35.07382,35.02734,"LITU","Liriodendron tulipifera"
"820",1988,"HW.17",0.754,-83.47845,-83.42166,35.07382,35.02734,"LITU","Liriodendron tulipifera"
"821",1988,"HLC.17",0.78,-83.47845,-83.42166,35.07382,35.02734,"LITU","Liriodendron tulipifera"
"822",1988,"HLC.18",0.575,-83.47845,-83.42166,35.07382,35.02734,"LITU","Liriodendron tulipifera"
"823",1988,"HLC.1",1.262,-83.47845,-83.42166,35.07382,35.02734,"LITU","Liriodendron tulipifera"
"824",1988,"USF.24",1.113,-83.47845,-83.42166,35.07382,35.02734,"LITU","Liriodendron tulipifera"
"825",1988,"BC.20",1.841,-83.47845,-83.42166,35.07382,35.02734,"LITU","Liriodendron tulipifera"
"826",1988,"CB.12",1.133,-83.47845,-83.42166,35.07382,35.02734,"LITU","Liriodendron tulipifera"
"827",1988,"HW.14",0.568,-83.47845,-83.42166,35.07382,35.02734,"LITU","Liriodendron tulipifera"
"828",1988,"pm.821",0.398,-83.47845,-83.42166,35.07382,35.02734,"LITU","Liriodendron tulipifera"
"829",1987,"BC1",2.315,-83.47845,-83.42166,35.07382,35.02734,"LITU","Liriodendron tulipifera"
"830",1987,"HC12",4.961,-83.47845,-83.42166,35.07382,35.02734,"LITU","Liriodendron tulipifera"
"831",1987,"HC13",NA,-83.47845,-83.42166,35.07382,35.02734,"LITU","Liriodendron tulipifera"
"832",1987,"HC1",2.455,-83.47845,-83.42166,35.07382,35.02734,"LITU","Liriodendron tulipifera"
"833",1987,"BC2",1.246,-83.47845,-83.42166,35.07382,35.02734,"LITU","Liriodendron tulipifera"
"834",1987,"HC2",NA,-83.47845,-83.42166,35.07382,35.02734,"LITU","Liriodendron tulipifera"
"835",1987,"HCU.10",5.806,-83.47845,-83.42166,35.07382,35.02734,"LITU","Liriodendron tulipifera"
"836",1987,"HCU.1",6.916,-83.47845,-83.42166,35.07382,35.02734,"LITU","Liriodendron tulipifera"
"837",1987,"HCU.2",4.141,-83.47845,-83.42166,35.07382,35.02734,"LITU","Liriodendron tulipifera"
"838",1987,"HCU.3",3.073,-83.47845,-83.42166,35.07382,35.02734,"LITU","Liriodendron tulipifera"
"839",1987,"PB.9",3.874,-83.47845,-83.42166,35.07382,35.02734,"LITU","Liriodendron tulipifera"
"840",1987,"PB.1",3.526,-83.47845,-83.42166,35.07382,35.02734,"LITU","Liriodendron tulipifera"
"841",1987,"WB.6",1.255,-83.47845,-83.42166,35.07382,35.02734,"LITU","Liriodendron tulipifera"
"842",1987,"WB.4",1.353,-83.47845,-83.42166,35.07382,35.02734,"LITU","Liriodendron tulipifera"
"843",1987,"WB.5",1.081,-83.47845,-83.42166,35.07382,35.02734,"LITU","Liriodendron tulipifera"
"844",1987,"WB.2",2.834,-83.47845,-83.42166,35.07382,35.02734,"LITU","Liriodendron tulipifera"
"845",1987,"WB.3",1.454,-83.47845,-83.42166,35.07382,35.02734,"LITU","Liriodendron tulipifera"
"846",1987,"CB.8",0.406,-83.47845,-83.42166,35.07382,35.02734,"LITU","Liriodendron tulipifera"
"847",1987,"RB.2",1.714,-83.47845,-83.42166,35.07382,35.02734,"LITU","Liriodendron tulipifera"
"848",1987,"RB.5",1.227,-83.47845,-83.42166,35.07382,35.02734,"LITU","Liriodendron tulipifera"
"849",1987,"RB.8",1.395,-83.47845,-83.42166,35.07382,35.02734,"LITU","Liriodendron tulipifera"
"850",1987,"RB.6",0.78,-83.47845,-83.42166,35.07382,35.02734,"LITU","Liriodendron tulipifera"
"851",1987,"RB.9",1.148,-83.47845,-83.42166,35.07382,35.02734,"LITU","Liriodendron tulipifera"
"852",1987,"RB.7",1.875,-83.47845,-83.42166,35.07382,35.02734,"LITU","Liriodendron tulipifera"
"853",1987,"RB.1",1.033,-83.47845,-83.42166,35.07382,35.02734,"LITU","Liriodendron tulipifera"
"854",1987,"HW.20",4.074,-83.47845,-83.42166,35.07382,35.02734,"LITU","Liriodendron tulipifera"
"855",1987,"HW.15",0.671,-83.47845,-83.42166,35.07382,35.02734,"LITU","Liriodendron tulipifera"
"856",1987,"HW.17",0.778,-83.47845,-83.42166,35.07382,35.02734,"LITU","Liriodendron tulipifera"
"857",1987,"HLC.17",0.793,-83.47845,-83.42166,35.07382,35.02734,"LITU","Liriodendron tulipifera"
"858",1987,"HLC.18",0.525,-83.47845,-83.42166,35.07382,35.02734,"LITU","Liriodendron tulipifera"
"859",1987,"HLC.1",1.914,-83.47845,-83.42166,35.07382,35.02734,"LITU","Liriodendron tulipifera"
"860",1987,"USF.24",1.096,-83.47845,-83.42166,35.07382,35.02734,"LITU","Liriodendron tulipifera"
"861",1987,"BC.20",1.768,-83.47845,-83.42166,35.07382,35.02734,"LITU","Liriodendron tulipifera"
"862",1987,"CB.12",0.874,-83.47845,-83.42166,35.07382,35.02734,"LITU","Liriodendron tulipifera"
"863",1987,"HW.14",0.668,-83.47845,-83.42166,35.07382,35.02734,"LITU","Liriodendron tulipifera"
"864",1987,"pm.821",0.626,-83.47845,-83.42166,35.07382,35.02734,"LITU","Liriodendron tulipifera"
"865",1986,"BC1",1.935,-83.47845,-83.42166,35.07382,35.02734,"LITU","Liriodendron tulipifera"
"866",1986,"HC12",4.017,-83.47845,-83.42166,35.07382,35.02734,"LITU","Liriodendron tulipifera"
"867",1986,"HC13",NA,-83.47845,-83.42166,35.07382,35.02734,"LITU","Liriodendron tulipifera"
"868",1986,"HC1",2.313,-83.47845,-83.42166,35.07382,35.02734,"LITU","Liriodendron tulipifera"
"869",1986,"BC2",1.318,-83.47845,-83.42166,35.07382,35.02734,"LITU","Liriodendron tulipifera"
"870",1986,"HC2",NA,-83.47845,-83.42166,35.07382,35.02734,"LITU","Liriodendron tulipifera"
"871",1986,"HCU.10",5.425,-83.47845,-83.42166,35.07382,35.02734,"LITU","Liriodendron tulipifera"
"872",1986,"HCU.1",4.636,-83.47845,-83.42166,35.07382,35.02734,"LITU","Liriodendron tulipifera"
"873",1986,"HCU.2",3.873,-83.47845,-83.42166,35.07382,35.02734,"LITU","Liriodendron tulipifera"
"874",1986,"HCU.3",1.877,-83.47845,-83.42166,35.07382,35.02734,"LITU","Liriodendron tulipifera"
"875",1986,"PB.9",2.699,-83.47845,-83.42166,35.07382,35.02734,"LITU","Liriodendron tulipifera"
"876",1986,"PB.1",1.095,-83.47845,-83.42166,35.07382,35.02734,"LITU","Liriodendron tulipifera"
"877",1986,"WB.6",0.733,-83.47845,-83.42166,35.07382,35.02734,"LITU","Liriodendron tulipifera"
"878",1986,"WB.4",1.268,-83.47845,-83.42166,35.07382,35.02734,"LITU","Liriodendron tulipifera"
"879",1986,"WB.5",0.85,-83.47845,-83.42166,35.07382,35.02734,"LITU","Liriodendron tulipifera"
"880",1986,"WB.2",1.745,-83.47845,-83.42166,35.07382,35.02734,"LITU","Liriodendron tulipifera"
"881",1986,"WB.3",0.682,-83.47845,-83.42166,35.07382,35.02734,"LITU","Liriodendron tulipifera"
"882",1986,"CB.8",0.529,-83.47845,-83.42166,35.07382,35.02734,"LITU","Liriodendron tulipifera"
"883",1986,"RB.2",1.201,-83.47845,-83.42166,35.07382,35.02734,"LITU","Liriodendron tulipifera"
"884",1986,"RB.5",1.043,-83.47845,-83.42166,35.07382,35.02734,"LITU","Liriodendron tulipifera"
"885",1986,"RB.8",1.631,-83.47845,-83.42166,35.07382,35.02734,"LITU","Liriodendron tulipifera"
"886",1986,"RB.6",0.577,-83.47845,-83.42166,35.07382,35.02734,"LITU","Liriodendron tulipifera"
"887",1986,"RB.9",1.296,-83.47845,-83.42166,35.07382,35.02734,"LITU","Liriodendron tulipifera"
"888",1986,"RB.7",0.654,-83.47845,-83.42166,35.07382,35.02734,"LITU","Liriodendron tulipifera"
"889",1986,"RB.1",0.697,-83.47845,-83.42166,35.07382,35.02734,"LITU","Liriodendron tulipifera"
"890",1986,"HW.20",3.001,-83.47845,-83.42166,35.07382,35.02734,"LITU","Liriodendron tulipifera"
"891",1986,"HW.15",0.808,-83.47845,-83.42166,35.07382,35.02734,"LITU","Liriodendron tulipifera"
"892",1986,"HW.17",0.755,-83.47845,-83.42166,35.07382,35.02734,"LITU","Liriodendron tulipifera"
"893",1986,"HLC.17",0.557,-83.47845,-83.42166,35.07382,35.02734,"LITU","Liriodendron tulipifera"
"894",1986,"HLC.18",0.63,-83.47845,-83.42166,35.07382,35.02734,"LITU","Liriodendron tulipifera"
"895",1986,"HLC.1",0.866,-83.47845,-83.42166,35.07382,35.02734,"LITU","Liriodendron tulipifera"
"896",1986,"USF.24",0.71,-83.47845,-83.42166,35.07382,35.02734,"LITU","Liriodendron tulipifera"
"897",1986,"BC.20",1.787,-83.47845,-83.42166,35.07382,35.02734,"LITU","Liriodendron tulipifera"
"898",1986,"CB.12",0.704,-83.47845,-83.42166,35.07382,35.02734,"LITU","Liriodendron tulipifera"
"899",1986,"HW.14",0.512,-83.47845,-83.42166,35.07382,35.02734,"LITU","Liriodendron tulipifera"
"900",1986,"pm.821",0.419,-83.47845,-83.42166,35.07382,35.02734,"LITU","Liriodendron tulipifera"
"901",1985,"BC1",1.712,-83.47845,-83.42166,35.07382,35.02734,"LITU","Liriodendron tulipifera"
"902",1985,"HC12",3.662,-83.47845,-83.42166,35.07382,35.02734,"LITU","Liriodendron tulipifera"
"903",1985,"HC13",NA,-83.47845,-83.42166,35.07382,35.02734,"LITU","Liriodendron tulipifera"
"904",1985,"HC1",NA,-83.47845,-83.42166,35.07382,35.02734,"LITU","Liriodendron tulipifera"
"905",1985,"BC2",1.474,-83.47845,-83.42166,35.07382,35.02734,"LITU","Liriodendron tulipifera"
"906",1985,"HC2",NA,-83.47845,-83.42166,35.07382,35.02734,"LITU","Liriodendron tulipifera"
"907",1985,"HCU.10",5.284,-83.47845,-83.42166,35.07382,35.02734,"LITU","Liriodendron tulipifera"
"908",1985,"HCU.1",3.306,-83.47845,-83.42166,35.07382,35.02734,"LITU","Liriodendron tulipifera"
"909",1985,"HCU.2",3.252,-83.47845,-83.42166,35.07382,35.02734,"LITU","Liriodendron tulipifera"
"910",1985,"HCU.3",2.856,-83.47845,-83.42166,35.07382,35.02734,"LITU","Liriodendron tulipifera"
"911",1985,"PB.9",2.365,-83.47845,-83.42166,35.07382,35.02734,"LITU","Liriodendron tulipifera"
"912",1985,"PB.1",2.088,-83.47845,-83.42166,35.07382,35.02734,"LITU","Liriodendron tulipifera"
"913",1985,"WB.6",0.771,-83.47845,-83.42166,35.07382,35.02734,"LITU","Liriodendron tulipifera"
"914",1985,"WB.4",2.101,-83.47845,-83.42166,35.07382,35.02734,"LITU","Liriodendron tulipifera"
"915",1985,"WB.5",1.092,-83.47845,-83.42166,35.07382,35.02734,"LITU","Liriodendron tulipifera"
"916",1985,"WB.2",2.211,-83.47845,-83.42166,35.07382,35.02734,"LITU","Liriodendron tulipifera"
"917",1985,"WB.3",1.724,-83.47845,-83.42166,35.07382,35.02734,"LITU","Liriodendron tulipifera"
"918",1985,"CB.8",0.906,-83.47845,-83.42166,35.07382,35.02734,"LITU","Liriodendron tulipifera"
"919",1985,"RB.2",1.065,-83.47845,-83.42166,35.07382,35.02734,"LITU","Liriodendron tulipifera"
"920",1985,"RB.5",1.194,-83.47845,-83.42166,35.07382,35.02734,"LITU","Liriodendron tulipifera"
"921",1985,"RB.8",2.223,-83.47845,-83.42166,35.07382,35.02734,"LITU","Liriodendron tulipifera"
"922",1985,"RB.6",0.591,-83.47845,-83.42166,35.07382,35.02734,"LITU","Liriodendron tulipifera"
"923",1985,"RB.9",1.203,-83.47845,-83.42166,35.07382,35.02734,"LITU","Liriodendron tulipifera"
"924",1985,"RB.7",0.94,-83.47845,-83.42166,35.07382,35.02734,"LITU","Liriodendron tulipifera"
"925",1985,"RB.1",0.496,-83.47845,-83.42166,35.07382,35.02734,"LITU","Liriodendron tulipifera"
"926",1985,"HW.20",1.839,-83.47845,-83.42166,35.07382,35.02734,"LITU","Liriodendron tulipifera"
"927",1985,"HW.15",1.099,-83.47845,-83.42166,35.07382,35.02734,"LITU","Liriodendron tulipifera"
"928",1985,"HW.17",1.139,-83.47845,-83.42166,35.07382,35.02734,"LITU","Liriodendron tulipifera"
"929",1985,"HLC.17",0.764,-83.47845,-83.42166,35.07382,35.02734,"LITU","Liriodendron tulipifera"
"930",1985,"HLC.18",1.235,-83.47845,-83.42166,35.07382,35.02734,"LITU","Liriodendron tulipifera"
"931",1985,"HLC.1",1.761,-83.47845,-83.42166,35.07382,35.02734,"LITU","Liriodendron tulipifera"
"932",1985,"USF.24",0.88,-83.47845,-83.42166,35.07382,35.02734,"LITU","Liriodendron tulipifera"
"933",1985,"BC.20",2.883,-83.47845,-83.42166,35.07382,35.02734,"LITU","Liriodendron tulipifera"
"934",1985,"CB.12",1.043,-83.47845,-83.42166,35.07382,35.02734,"LITU","Liriodendron tulipifera"
"935",1985,"HW.14",0.662,-83.47845,-83.42166,35.07382,35.02734,"LITU","Liriodendron tulipifera"
"936",1985,"pm.821",0.408,-83.47845,-83.42166,35.07382,35.02734,"LITU","Liriodendron tulipifera"
"937",1984,"BC1",1.466,-83.47845,-83.42166,35.07382,35.02734,"LITU","Liriodendron tulipifera"
"938",1984,"HC12",4.592,-83.47845,-83.42166,35.07382,35.02734,"LITU","Liriodendron tulipifera"
"939",1984,"HC13",NA,-83.47845,-83.42166,35.07382,35.02734,"LITU","Liriodendron tulipifera"
"940",1984,"HC1",NA,-83.47845,-83.42166,35.07382,35.02734,"LITU","Liriodendron tulipifera"
"941",1984,"BC2",0.95,-83.47845,-83.42166,35.07382,35.02734,"LITU","Liriodendron tulipifera"
"942",1984,"HC2",NA,-83.47845,-83.42166,35.07382,35.02734,"LITU","Liriodendron tulipifera"
"943",1984,"HCU.10",5.472,-83.47845,-83.42166,35.07382,35.02734,"LITU","Liriodendron tulipifera"
"944",1984,"HCU.1",4.196,-83.47845,-83.42166,35.07382,35.02734,"LITU","Liriodendron tulipifera"
"945",1984,"HCU.2",2.002,-83.47845,-83.42166,35.07382,35.02734,"LITU","Liriodendron tulipifera"
"946",1984,"HCU.3",3.383,-83.47845,-83.42166,35.07382,35.02734,"LITU","Liriodendron tulipifera"
"947",1984,"PB.9",2.075,-83.47845,-83.42166,35.07382,35.02734,"LITU","Liriodendron tulipifera"
"948",1984,"PB.1",1.671,-83.47845,-83.42166,35.07382,35.02734,"LITU","Liriodendron tulipifera"
"949",1984,"WB.6",0.731,-83.47845,-83.42166,35.07382,35.02734,"LITU","Liriodendron tulipifera"
"950",1984,"WB.4",2.137,-83.47845,-83.42166,35.07382,35.02734,"LITU","Liriodendron tulipifera"
"951",1984,"WB.5",1.206,-83.47845,-83.42166,35.07382,35.02734,"LITU","Liriodendron tulipifera"
"952",1984,"WB.2",2.215,-83.47845,-83.42166,35.07382,35.02734,"LITU","Liriodendron tulipifera"
"953",1984,"WB.3",1.606,-83.47845,-83.42166,35.07382,35.02734,"LITU","Liriodendron tulipifera"
"954",1984,"CB.8",0.792,-83.47845,-83.42166,35.07382,35.02734,"LITU","Liriodendron tulipifera"
"955",1984,"RB.2",1.749,-83.47845,-83.42166,35.07382,35.02734,"LITU","Liriodendron tulipifera"
"956",1984,"RB.5",1.701,-83.47845,-83.42166,35.07382,35.02734,"LITU","Liriodendron tulipifera"
"957",1984,"RB.8",2.04,-83.47845,-83.42166,35.07382,35.02734,"LITU","Liriodendron tulipifera"
"958",1984,"RB.6",1.222,-83.47845,-83.42166,35.07382,35.02734,"LITU","Liriodendron tulipifera"
"959",1984,"RB.9",2.031,-83.47845,-83.42166,35.07382,35.02734,"LITU","Liriodendron tulipifera"
"960",1984,"RB.7",0.834,-83.47845,-83.42166,35.07382,35.02734,"LITU","Liriodendron tulipifera"
"961",1984,"RB.1",0.964,-83.47845,-83.42166,35.07382,35.02734,"LITU","Liriodendron tulipifera"
"962",1984,"HW.20",1.477,-83.47845,-83.42166,35.07382,35.02734,"LITU","Liriodendron tulipifera"
"963",1984,"HW.15",0.555,-83.47845,-83.42166,35.07382,35.02734,"LITU","Liriodendron tulipifera"
"964",1984,"HW.17",0.984,-83.47845,-83.42166,35.07382,35.02734,"LITU","Liriodendron tulipifera"
"965",1984,"HLC.17",0.738,-83.47845,-83.42166,35.07382,35.02734,"LITU","Liriodendron tulipifera"
"966",1984,"HLC.18",0.879,-83.47845,-83.42166,35.07382,35.02734,"LITU","Liriodendron tulipifera"
"967",1984,"HLC.1",1.289,-83.47845,-83.42166,35.07382,35.02734,"LITU","Liriodendron tulipifera"
"968",1984,"USF.24",0.505,-83.47845,-83.42166,35.07382,35.02734,"LITU","Liriodendron tulipifera"
"969",1984,"BC.20",1.441,-83.47845,-83.42166,35.07382,35.02734,"LITU","Liriodendron tulipifera"
"970",1984,"CB.12",0.846,-83.47845,-83.42166,35.07382,35.02734,"LITU","Liriodendron tulipifera"
"971",1984,"HW.14",0.656,-83.47845,-83.42166,35.07382,35.02734,"LITU","Liriodendron tulipifera"
"972",1984,"pm.821",0.268,-83.47845,-83.42166,35.07382,35.02734,"LITU","Liriodendron tulipifera"
"973",1983,"BC1",2.604,-83.47845,-83.42166,35.07382,35.02734,"LITU","Liriodendron tulipifera"
"974",1983,"HC12",5.15,-83.47845,-83.42166,35.07382,35.02734,"LITU","Liriodendron tulipifera"
"975",1983,"HC13",NA,-83.47845,-83.42166,35.07382,35.02734,"LITU","Liriodendron tulipifera"
"976",1983,"HC1",NA,-83.47845,-83.42166,35.07382,35.02734,"LITU","Liriodendron tulipifera"
"977",1983,"BC2",2.125,-83.47845,-83.42166,35.07382,35.02734,"LITU","Liriodendron tulipifera"
"978",1983,"HC2",NA,-83.47845,-83.42166,35.07382,35.02734,"LITU","Liriodendron tulipifera"
"979",1983,"HCU.10",7.391,-83.47845,-83.42166,35.07382,35.02734,"LITU","Liriodendron tulipifera"
"980",1983,"HCU.1",6.366,-83.47845,-83.42166,35.07382,35.02734,"LITU","Liriodendron tulipifera"
"981",1983,"HCU.2",3.598,-83.47845,-83.42166,35.07382,35.02734,"LITU","Liriodendron tulipifera"
"982",1983,"HCU.3",5.418,-83.47845,-83.42166,35.07382,35.02734,"LITU","Liriodendron tulipifera"
"983",1983,"PB.9",2.707,-83.47845,-83.42166,35.07382,35.02734,"LITU","Liriodendron tulipifera"
"984",1983,"PB.1",2.023,-83.47845,-83.42166,35.07382,35.02734,"LITU","Liriodendron tulipifera"
"985",1983,"WB.6",0.653,-83.47845,-83.42166,35.07382,35.02734,"LITU","Liriodendron tulipifera"
"986",1983,"WB.4",3.06,-83.47845,-83.42166,35.07382,35.02734,"LITU","Liriodendron tulipifera"
"987",1983,"WB.5",2.04,-83.47845,-83.42166,35.07382,35.02734,"LITU","Liriodendron tulipifera"
"988",1983,"WB.2",3.538,-83.47845,-83.42166,35.07382,35.02734,"LITU","Liriodendron tulipifera"
"989",1983,"WB.3",1.436,-83.47845,-83.42166,35.07382,35.02734,"LITU","Liriodendron tulipifera"
"990",1983,"CB.8",1.023,-83.47845,-83.42166,35.07382,35.02734,"LITU","Liriodendron tulipifera"
"991",1983,"RB.2",2.114,-83.47845,-83.42166,35.07382,35.02734,"LITU","Liriodendron tulipifera"
"992",1983,"RB.5",2.535,-83.47845,-83.42166,35.07382,35.02734,"LITU","Liriodendron tulipifera"
"993",1983,"RB.8",2.4,-83.47845,-83.42166,35.07382,35.02734,"LITU","Liriodendron tulipifera"
"994",1983,"RB.6",1.189,-83.47845,-83.42166,35.07382,35.02734,"LITU","Liriodendron tulipifera"
"995",1983,"RB.9",2.559,-83.47845,-83.42166,35.07382,35.02734,"LITU","Liriodendron tulipifera"
"996",1983,"RB.7",1.664,-83.47845,-83.42166,35.07382,35.02734,"LITU","Liriodendron tulipifera"
"997",1983,"RB.1",1.218,-83.47845,-83.42166,35.07382,35.02734,"LITU","Liriodendron tulipifera"
"998",1983,"HW.20",2.348,-83.47845,-83.42166,35.07382,35.02734,"LITU","Liriodendron tulipifera"
"999",1983,"HW.15",0.877,-83.47845,-83.42166,35.07382,35.02734,"LITU","Liriodendron tulipifera"
"1000",1983,"HW.17",1.233,-83.47845,-83.42166,35.07382,35.02734,"LITU","Liriodendron tulipifera"
"1001",1983,"HLC.17",1.107,-83.47845,-83.42166,35.07382,35.02734,"LITU","Liriodendron tulipifera"
"1002",1983,"HLC.18",1.654,-83.47845,-83.42166,35.07382,35.02734,"LITU","Liriodendron tulipifera"
"1003",1983,"HLC.1",2.155,-83.47845,-83.42166,35.07382,35.02734,"LITU","Liriodendron tulipifera"
"1004",1983,"USF.24",0.569,-83.47845,-83.42166,35.07382,35.02734,"LITU","Liriodendron tulipifera"
"1005",1983,"BC.20",1.497,-83.47845,-83.42166,35.07382,35.02734,"LITU","Liriodendron tulipifera"
"1006",1983,"CB.12",0.817,-83.47845,-83.42166,35.07382,35.02734,"LITU","Liriodendron tulipifera"
"1007",1983,"HW.14",0.771,-83.47845,-83.42166,35.07382,35.02734,"LITU","Liriodendron tulipifera"
"1008",1983,"pm.821",0.396,-83.47845,-83.42166,35.07382,35.02734,"LITU","Liriodendron tulipifera"
"1009",1982,"BC1",2.194,-83.47845,-83.42166,35.07382,35.02734,"LITU","Liriodendron tulipifera"
"1010",1982,"HC12",4.998,-83.47845,-83.42166,35.07382,35.02734,"LITU","Liriodendron tulipifera"
"1011",1982,"HC13",NA,-83.47845,-83.42166,35.07382,35.02734,"LITU","Liriodendron tulipifera"
"1012",1982,"HC1",NA,-83.47845,-83.42166,35.07382,35.02734,"LITU","Liriodendron tulipifera"
"1013",1982,"BC2",1.482,-83.47845,-83.42166,35.07382,35.02734,"LITU","Liriodendron tulipifera"
"1014",1982,"HC2",NA,-83.47845,-83.42166,35.07382,35.02734,"LITU","Liriodendron tulipifera"
"1015",1982,"HCU.10",7.421,-83.47845,-83.42166,35.07382,35.02734,"LITU","Liriodendron tulipifera"
"1016",1982,"HCU.1",5.375,-83.47845,-83.42166,35.07382,35.02734,"LITU","Liriodendron tulipifera"
"1017",1982,"HCU.2",3.444,-83.47845,-83.42166,35.07382,35.02734,"LITU","Liriodendron tulipifera"
"1018",1982,"HCU.3",5.943,-83.47845,-83.42166,35.07382,35.02734,"LITU","Liriodendron tulipifera"
"1019",1982,"PB.9",2.408,-83.47845,-83.42166,35.07382,35.02734,"LITU","Liriodendron tulipifera"
"1020",1982,"PB.1",2.802,-83.47845,-83.42166,35.07382,35.02734,"LITU","Liriodendron tulipifera"
"1021",1982,"WB.6",0.836,-83.47845,-83.42166,35.07382,35.02734,"LITU","Liriodendron tulipifera"
"1022",1982,"WB.4",2.161,-83.47845,-83.42166,35.07382,35.02734,"LITU","Liriodendron tulipifera"
"1023",1982,"WB.5",1.749,-83.47845,-83.42166,35.07382,35.02734,"LITU","Liriodendron tulipifera"
"1024",1982,"WB.2",3.152,-83.47845,-83.42166,35.07382,35.02734,"LITU","Liriodendron tulipifera"
"1025",1982,"WB.3",1.945,-83.47845,-83.42166,35.07382,35.02734,"LITU","Liriodendron tulipifera"
"1026",1982,"CB.8",0.859,-83.47845,-83.42166,35.07382,35.02734,"LITU","Liriodendron tulipifera"
"1027",1982,"RB.2",2.48,-83.47845,-83.42166,35.07382,35.02734,"LITU","Liriodendron tulipifera"
"1028",1982,"RB.5",2.167,-83.47845,-83.42166,35.07382,35.02734,"LITU","Liriodendron tulipifera"
"1029",1982,"RB.8",1.412,-83.47845,-83.42166,35.07382,35.02734,"LITU","Liriodendron tulipifera"
"1030",1982,"RB.6",1.279,-83.47845,-83.42166,35.07382,35.02734,"LITU","Liriodendron tulipifera"
"1031",1982,"RB.9",2.347,-83.47845,-83.42166,35.07382,35.02734,"LITU","Liriodendron tulipifera"
"1032",1982,"RB.7",1.618,-83.47845,-83.42166,35.07382,35.02734,"LITU","Liriodendron tulipifera"
"1033",1982,"RB.1",1.268,-83.47845,-83.42166,35.07382,35.02734,"LITU","Liriodendron tulipifera"
"1034",1982,"HW.20",1.647,-83.47845,-83.42166,35.07382,35.02734,"LITU","Liriodendron tulipifera"
"1035",1982,"HW.15",0.954,-83.47845,-83.42166,35.07382,35.02734,"LITU","Liriodendron tulipifera"
"1036",1982,"HW.17",1.247,-83.47845,-83.42166,35.07382,35.02734,"LITU","Liriodendron tulipifera"
"1037",1982,"HLC.17",1.345,-83.47845,-83.42166,35.07382,35.02734,"LITU","Liriodendron tulipifera"
"1038",1982,"HLC.18",0.852,-83.47845,-83.42166,35.07382,35.02734,"LITU","Liriodendron tulipifera"
"1039",1982,"HLC.1",1.876,-83.47845,-83.42166,35.07382,35.02734,"LITU","Liriodendron tulipifera"
"1040",1982,"USF.24",0.692,-83.47845,-83.42166,35.07382,35.02734,"LITU","Liriodendron tulipifera"
"1041",1982,"BC.20",2.072,-83.47845,-83.42166,35.07382,35.02734,"LITU","Liriodendron tulipifera"
"1042",1982,"CB.12",1.014,-83.47845,-83.42166,35.07382,35.02734,"LITU","Liriodendron tulipifera"
"1043",1982,"HW.14",0.507,-83.47845,-83.42166,35.07382,35.02734,"LITU","Liriodendron tulipifera"
"1044",1982,"pm.821",0.364,-83.47845,-83.42166,35.07382,35.02734,"LITU","Liriodendron tulipifera"
"1045",1981,"BC1",3.209,-83.47845,-83.42166,35.07382,35.02734,"LITU","Liriodendron tulipifera"
"1046",1981,"HC12",4.116,-83.47845,-83.42166,35.07382,35.02734,"LITU","Liriodendron tulipifera"
"1047",1981,"HC13",NA,-83.47845,-83.42166,35.07382,35.02734,"LITU","Liriodendron tulipifera"
"1048",1981,"HC1",NA,-83.47845,-83.42166,35.07382,35.02734,"LITU","Liriodendron tulipifera"
"1049",1981,"BC2",2.029,-83.47845,-83.42166,35.07382,35.02734,"LITU","Liriodendron tulipifera"
"1050",1981,"HC2",NA,-83.47845,-83.42166,35.07382,35.02734,"LITU","Liriodendron tulipifera"
"1051",1981,"HCU.10",7.699,-83.47845,-83.42166,35.07382,35.02734,"LITU","Liriodendron tulipifera"
"1052",1981,"HCU.1",5.607,-83.47845,-83.42166,35.07382,35.02734,"LITU","Liriodendron tulipifera"
"1053",1981,"HCU.2",2.892,-83.47845,-83.42166,35.07382,35.02734,"LITU","Liriodendron tulipifera"
"1054",1981,"HCU.3",6.504,-83.47845,-83.42166,35.07382,35.02734,"LITU","Liriodendron tulipifera"
"1055",1981,"PB.9",1.992,-83.47845,-83.42166,35.07382,35.02734,"LITU","Liriodendron tulipifera"
"1056",1981,"PB.1",1.972,-83.47845,-83.42166,35.07382,35.02734,"LITU","Liriodendron tulipifera"
"1057",1981,"WB.6",1.282,-83.47845,-83.42166,35.07382,35.02734,"LITU","Liriodendron tulipifera"
"1058",1981,"WB.4",2.894,-83.47845,-83.42166,35.07382,35.02734,"LITU","Liriodendron tulipifera"
"1059",1981,"WB.5",1.717,-83.47845,-83.42166,35.07382,35.02734,"LITU","Liriodendron tulipifera"
"1060",1981,"WB.2",3.585,-83.47845,-83.42166,35.07382,35.02734,"LITU","Liriodendron tulipifera"
"1061",1981,"WB.3",1.954,-83.47845,-83.42166,35.07382,35.02734,"LITU","Liriodendron tulipifera"
"1062",1981,"CB.8",1.077,-83.47845,-83.42166,35.07382,35.02734,"LITU","Liriodendron tulipifera"
"1063",1981,"RB.2",1.991,-83.47845,-83.42166,35.07382,35.02734,"LITU","Liriodendron tulipifera"
"1064",1981,"RB.5",2.367,-83.47845,-83.42166,35.07382,35.02734,"LITU","Liriodendron tulipifera"
"1065",1981,"RB.8",0.878,-83.47845,-83.42166,35.07382,35.02734,"LITU","Liriodendron tulipifera"
"1066",1981,"RB.6",1.869,-83.47845,-83.42166,35.07382,35.02734,"LITU","Liriodendron tulipifera"
"1067",1981,"RB.9",2.765,-83.47845,-83.42166,35.07382,35.02734,"LITU","Liriodendron tulipifera"
"1068",1981,"RB.7",1.552,-83.47845,-83.42166,35.07382,35.02734,"LITU","Liriodendron tulipifera"
"1069",1981,"RB.1",1.243,-83.47845,-83.42166,35.07382,35.02734,"LITU","Liriodendron tulipifera"
"1070",1981,"HW.20",1.922,-83.47845,-83.42166,35.07382,35.02734,"LITU","Liriodendron tulipifera"
"1071",1981,"HW.15",1.266,-83.47845,-83.42166,35.07382,35.02734,"LITU","Liriodendron tulipifera"
"1072",1981,"HW.17",1.193,-83.47845,-83.42166,35.07382,35.02734,"LITU","Liriodendron tulipifera"
"1073",1981,"HLC.17",0.837,-83.47845,-83.42166,35.07382,35.02734,"LITU","Liriodendron tulipifera"
"1074",1981,"HLC.18",0.675,-83.47845,-83.42166,35.07382,35.02734,"LITU","Liriodendron tulipifera"
"1075",1981,"HLC.1",1.776,-83.47845,-83.42166,35.07382,35.02734,"LITU","Liriodendron tulipifera"
"1076",1981,"USF.24",1.088,-83.47845,-83.42166,35.07382,35.02734,"LITU","Liriodendron tulipifera"
"1077",1981,"BC.20",2.402,-83.47845,-83.42166,35.07382,35.02734,"LITU","Liriodendron tulipifera"
"1078",1981,"CB.12",1.114,-83.47845,-83.42166,35.07382,35.02734,"LITU","Liriodendron tulipifera"
"1079",1981,"HW.14",0.509,-83.47845,-83.42166,35.07382,35.02734,"LITU","Liriodendron tulipifera"
"1080",1981,"pm.821",0.313,-83.47845,-83.42166,35.07382,35.02734,"LITU","Liriodendron tulipifera"
"1081",1980,"BC1",2.834,-83.47845,-83.42166,35.07382,35.02734,"LITU","Liriodendron tulipifera"
"1082",1980,"HC12",3.788,-83.47845,-83.42166,35.07382,35.02734,"LITU","Liriodendron tulipifera"
"1083",1980,"HC13",NA,-83.47845,-83.42166,35.07382,35.02734,"LITU","Liriodendron tulipifera"
"1084",1980,"HC1",NA,-83.47845,-83.42166,35.07382,35.02734,"LITU","Liriodendron tulipifera"
"1085",1980,"BC2",1.848,-83.47845,-83.42166,35.07382,35.02734,"LITU","Liriodendron tulipifera"
"1086",1980,"HC2",NA,-83.47845,-83.42166,35.07382,35.02734,"LITU","Liriodendron tulipifera"
"1087",1980,"HCU.10",7.514,-83.47845,-83.42166,35.07382,35.02734,"LITU","Liriodendron tulipifera"
"1088",1980,"HCU.1",6.278,-83.47845,-83.42166,35.07382,35.02734,"LITU","Liriodendron tulipifera"
"1089",1980,"HCU.2",2.828,-83.47845,-83.42166,35.07382,35.02734,"LITU","Liriodendron tulipifera"
"1090",1980,"HCU.3",5.724,-83.47845,-83.42166,35.07382,35.02734,"LITU","Liriodendron tulipifera"
"1091",1980,"PB.9",2.776,-83.47845,-83.42166,35.07382,35.02734,"LITU","Liriodendron tulipifera"
"1092",1980,"PB.1",2.422,-83.47845,-83.42166,35.07382,35.02734,"LITU","Liriodendron tulipifera"
"1093",1980,"WB.6",1.04,-83.47845,-83.42166,35.07382,35.02734,"LITU","Liriodendron tulipifera"
"1094",1980,"WB.4",3.451,-83.47845,-83.42166,35.07382,35.02734,"LITU","Liriodendron tulipifera"
"1095",1980,"WB.5",0.93,-83.47845,-83.42166,35.07382,35.02734,"LITU","Liriodendron tulipifera"
"1096",1980,"WB.2",3.948,-83.47845,-83.42166,35.07382,35.02734,"LITU","Liriodendron tulipifera"
"1097",1980,"WB.3",2.105,-83.47845,-83.42166,35.07382,35.02734,"LITU","Liriodendron tulipifera"
"1098",1980,"CB.8",0.97,-83.47845,-83.42166,35.07382,35.02734,"LITU","Liriodendron tulipifera"
"1099",1980,"RB.2",1.53,-83.47845,-83.42166,35.07382,35.02734,"LITU","Liriodendron tulipifera"
"1100",1980,"RB.5",1.76,-83.47845,-83.42166,35.07382,35.02734,"LITU","Liriodendron tulipifera"
"1101",1980,"RB.8",1.005,-83.47845,-83.42166,35.07382,35.02734,"LITU","Liriodendron tulipifera"
"1102",1980,"RB.6",1.15,-83.47845,-83.42166,35.07382,35.02734,"LITU","Liriodendron tulipifera"
"1103",1980,"RB.9",2.879,-83.47845,-83.42166,35.07382,35.02734,"LITU","Liriodendron tulipifera"
"1104",1980,"RB.7",1.535,-83.47845,-83.42166,35.07382,35.02734,"LITU","Liriodendron tulipifera"
"1105",1980,"RB.1",1.171,-83.47845,-83.42166,35.07382,35.02734,"LITU","Liriodendron tulipifera"
"1106",1980,"HW.20",1.534,-83.47845,-83.42166,35.07382,35.02734,"LITU","Liriodendron tulipifera"
"1107",1980,"HW.15",1.29,-83.47845,-83.42166,35.07382,35.02734,"LITU","Liriodendron tulipifera"
"1108",1980,"HW.17",1.134,-83.47845,-83.42166,35.07382,35.02734,"LITU","Liriodendron tulipifera"
"1109",1980,"HLC.17",1.039,-83.47845,-83.42166,35.07382,35.02734,"LITU","Liriodendron tulipifera"
"1110",1980,"HLC.18",1.046,-83.47845,-83.42166,35.07382,35.02734,"LITU","Liriodendron tulipifera"
"1111",1980,"HLC.1",1.962,-83.47845,-83.42166,35.07382,35.02734,"LITU","Liriodendron tulipifera"
"1112",1980,"USF.24",1.447,-83.47845,-83.42166,35.07382,35.02734,"LITU","Liriodendron tulipifera"
"1113",1980,"BC.20",2.453,-83.47845,-83.42166,35.07382,35.02734,"LITU","Liriodendron tulipifera"
"1114",1980,"CB.12",1.366,-83.47845,-83.42166,35.07382,35.02734,"LITU","Liriodendron tulipifera"
"1115",1980,"HW.14",0.388,-83.47845,-83.42166,35.07382,35.02734,"LITU","Liriodendron tulipifera"
"1116",1980,"pm.821",0.316,-83.47845,-83.42166,35.07382,35.02734,"LITU","Liriodendron tulipifera"
"1117",1979,"BC1",2.705,-83.47845,-83.42166,35.07382,35.02734,"LITU","Liriodendron tulipifera"
"1118",1979,"HC12",4.433,-83.47845,-83.42166,35.07382,35.02734,"LITU","Liriodendron tulipifera"
"1119",1979,"HC13",NA,-83.47845,-83.42166,35.07382,35.02734,"LITU","Liriodendron tulipifera"
"1120",1979,"HC1",NA,-83.47845,-83.42166,35.07382,35.02734,"LITU","Liriodendron tulipifera"
"1121",1979,"BC2",1.69,-83.47845,-83.42166,35.07382,35.02734,"LITU","Liriodendron tulipifera"
"1122",1979,"HC2",NA,-83.47845,-83.42166,35.07382,35.02734,"LITU","Liriodendron tulipifera"
"1123",1979,"HCU.10",7.05,-83.47845,-83.42166,35.07382,35.02734,"LITU","Liriodendron tulipifera"
"1124",1979,"HCU.1",5.694,-83.47845,-83.42166,35.07382,35.02734,"LITU","Liriodendron tulipifera"
"1125",1979,"HCU.2",2.311,-83.47845,-83.42166,35.07382,35.02734,"LITU","Liriodendron tulipifera"
"1126",1979,"HCU.3",5.16,-83.47845,-83.42166,35.07382,35.02734,"LITU","Liriodendron tulipifera"
"1127",1979,"PB.9",2.295,-83.47845,-83.42166,35.07382,35.02734,"LITU","Liriodendron tulipifera"
"1128",1979,"PB.1",3.084,-83.47845,-83.42166,35.07382,35.02734,"LITU","Liriodendron tulipifera"
"1129",1979,"WB.6",1.327,-83.47845,-83.42166,35.07382,35.02734,"LITU","Liriodendron tulipifera"
"1130",1979,"WB.4",2.609,-83.47845,-83.42166,35.07382,35.02734,"LITU","Liriodendron tulipifera"
"1131",1979,"WB.5",1.414,-83.47845,-83.42166,35.07382,35.02734,"LITU","Liriodendron tulipifera"
"1132",1979,"WB.2",3.299,-83.47845,-83.42166,35.07382,35.02734,"LITU","Liriodendron tulipifera"
"1133",1979,"WB.3",2.102,-83.47845,-83.42166,35.07382,35.02734,"LITU","Liriodendron tulipifera"
"1134",1979,"CB.8",0.723,-83.47845,-83.42166,35.07382,35.02734,"LITU","Liriodendron tulipifera"
"1135",1979,"RB.2",1.578,-83.47845,-83.42166,35.07382,35.02734,"LITU","Liriodendron tulipifera"
"1136",1979,"RB.5",2.432,-83.47845,-83.42166,35.07382,35.02734,"LITU","Liriodendron tulipifera"
"1137",1979,"RB.8",1.199,-83.47845,-83.42166,35.07382,35.02734,"LITU","Liriodendron tulipifera"
"1138",1979,"RB.6",1.01,-83.47845,-83.42166,35.07382,35.02734,"LITU","Liriodendron tulipifera"
"1139",1979,"RB.9",2.833,-83.47845,-83.42166,35.07382,35.02734,"LITU","Liriodendron tulipifera"
"1140",1979,"RB.7",0.863,-83.47845,-83.42166,35.07382,35.02734,"LITU","Liriodendron tulipifera"
"1141",1979,"RB.1",0.913,-83.47845,-83.42166,35.07382,35.02734,"LITU","Liriodendron tulipifera"
"1142",1979,"HW.20",1.565,-83.47845,-83.42166,35.07382,35.02734,"LITU","Liriodendron tulipifera"
"1143",1979,"HW.15",1.329,-83.47845,-83.42166,35.07382,35.02734,"LITU","Liriodendron tulipifera"
"1144",1979,"HW.17",0.998,-83.47845,-83.42166,35.07382,35.02734,"LITU","Liriodendron tulipifera"
"1145",1979,"HLC.17",1.079,-83.47845,-83.42166,35.07382,35.02734,"LITU","Liriodendron tulipifera"
"1146",1979,"HLC.18",0.623,-83.47845,-83.42166,35.07382,35.02734,"LITU","Liriodendron tulipifera"
"1147",1979,"HLC.1",2.163,-83.47845,-83.42166,35.07382,35.02734,"LITU","Liriodendron tulipifera"
"1148",1979,"USF.24",1.269,-83.47845,-83.42166,35.07382,35.02734,"LITU","Liriodendron tulipifera"
"1149",1979,"BC.20",2.083,-83.47845,-83.42166,35.07382,35.02734,"LITU","Liriodendron tulipifera"
"1150",1979,"CB.12",1.008,-83.47845,-83.42166,35.07382,35.02734,"LITU","Liriodendron tulipifera"
"1151",1979,"HW.14",0.259,-83.47845,-83.42166,35.07382,35.02734,"LITU","Liriodendron tulipifera"
"1152",1979,"pm.821",0.103,-83.47845,-83.42166,35.07382,35.02734,"LITU","Liriodendron tulipifera"
"1153",1978,"BC1",2.652,-83.47845,-83.42166,35.07382,35.02734,"LITU","Liriodendron tulipifera"
"1154",1978,"HC12",1.74,-83.47845,-83.42166,35.07382,35.02734,"LITU","Liriodendron tulipifera"
"1155",1978,"HC13",NA,-83.47845,-83.42166,35.07382,35.02734,"LITU","Liriodendron tulipifera"
"1156",1978,"HC1",NA,-83.47845,-83.42166,35.07382,35.02734,"LITU","Liriodendron tulipifera"
"1157",1978,"BC2",1.463,-83.47845,-83.42166,35.07382,35.02734,"LITU","Liriodendron tulipifera"
"1158",1978,"HC2",NA,-83.47845,-83.42166,35.07382,35.02734,"LITU","Liriodendron tulipifera"
"1159",1978,"HCU.10",8.153,-83.47845,-83.42166,35.07382,35.02734,"LITU","Liriodendron tulipifera"
"1160",1978,"HCU.1",6.194,-83.47845,-83.42166,35.07382,35.02734,"LITU","Liriodendron tulipifera"
"1161",1978,"HCU.2",2.692,-83.47845,-83.42166,35.07382,35.02734,"LITU","Liriodendron tulipifera"
"1162",1978,"HCU.3",6.895,-83.47845,-83.42166,35.07382,35.02734,"LITU","Liriodendron tulipifera"
"1163",1978,"PB.9",2.261,-83.47845,-83.42166,35.07382,35.02734,"LITU","Liriodendron tulipifera"
"1164",1978,"PB.1",2.743,-83.47845,-83.42166,35.07382,35.02734,"LITU","Liriodendron tulipifera"
"1165",1978,"WB.6",1.438,-83.47845,-83.42166,35.07382,35.02734,"LITU","Liriodendron tulipifera"
"1166",1978,"WB.4",2.881,-83.47845,-83.42166,35.07382,35.02734,"LITU","Liriodendron tulipifera"
"1167",1978,"WB.5",0.998,-83.47845,-83.42166,35.07382,35.02734,"LITU","Liriodendron tulipifera"
"1168",1978,"WB.2",3.323,-83.47845,-83.42166,35.07382,35.02734,"LITU","Liriodendron tulipifera"
"1169",1978,"WB.3",1.649,-83.47845,-83.42166,35.07382,35.02734,"LITU","Liriodendron tulipifera"
"1170",1978,"CB.8",0.573,-83.47845,-83.42166,35.07382,35.02734,"LITU","Liriodendron tulipifera"
"1171",1978,"RB.2",1.535,-83.47845,-83.42166,35.07382,35.02734,"LITU","Liriodendron tulipifera"
"1172",1978,"RB.5",1.981,-83.47845,-83.42166,35.07382,35.02734,"LITU","Liriodendron tulipifera"
"1173",1978,"RB.8",1.115,-83.47845,-83.42166,35.07382,35.02734,"LITU","Liriodendron tulipifera"
"1174",1978,"RB.6",1.252,-83.47845,-83.42166,35.07382,35.02734,"LITU","Liriodendron tulipifera"
"1175",1978,"RB.9",2.577,-83.47845,-83.42166,35.07382,35.02734,"LITU","Liriodendron tulipifera"
"1176",1978,"RB.7",1.53,-83.47845,-83.42166,35.07382,35.02734,"LITU","Liriodendron tulipifera"
"1177",1978,"RB.1",1.162,-83.47845,-83.42166,35.07382,35.02734,"LITU","Liriodendron tulipifera"
"1178",1978,"HW.20",1.787,-83.47845,-83.42166,35.07382,35.02734,"LITU","Liriodendron tulipifera"
"1179",1978,"HW.15",1.428,-83.47845,-83.42166,35.07382,35.02734,"LITU","Liriodendron tulipifera"
"1180",1978,"HW.17",1.237,-83.47845,-83.42166,35.07382,35.02734,"LITU","Liriodendron tulipifera"
"1181",1978,"HLC.17",1.042,-83.47845,-83.42166,35.07382,35.02734,"LITU","Liriodendron tulipifera"
"1182",1978,"HLC.18",0.797,-83.47845,-83.42166,35.07382,35.02734,"LITU","Liriodendron tulipifera"
"1183",1978,"HLC.1",1.612,-83.47845,-83.42166,35.07382,35.02734,"LITU","Liriodendron tulipifera"
"1184",1978,"USF.24",0.905,-83.47845,-83.42166,35.07382,35.02734,"LITU","Liriodendron tulipifera"
"1185",1978,"BC.20",2.367,-83.47845,-83.42166,35.07382,35.02734,"LITU","Liriodendron tulipifera"
"1186",1978,"CB.12",1.047,-83.47845,-83.42166,35.07382,35.02734,"LITU","Liriodendron tulipifera"
"1187",1978,"HW.14",0.41,-83.47845,-83.42166,35.07382,35.02734,"LITU","Liriodendron tulipifera"
"1188",1978,"pm.821",0.206,-83.47845,-83.42166,35.07382,35.02734,"LITU","Liriodendron tulipifera"
"1189",1977,"BC1",2.306,-83.47845,-83.42166,35.07382,35.02734,"LITU","Liriodendron tulipifera"
"1190",1977,"HC12",NA,-83.47845,-83.42166,35.07382,35.02734,"LITU","Liriodendron tulipifera"
"1191",1977,"HC13",NA,-83.47845,-83.42166,35.07382,35.02734,"LITU","Liriodendron tulipifera"
"1192",1977,"HC1",NA,-83.47845,-83.42166,35.07382,35.02734,"LITU","Liriodendron tulipifera"
"1193",1977,"BC2",1.965,-83.47845,-83.42166,35.07382,35.02734,"LITU","Liriodendron tulipifera"
"1194",1977,"HC2",NA,-83.47845,-83.42166,35.07382,35.02734,"LITU","Liriodendron tulipifera"
"1195",1977,"HCU.10",8.503,-83.47845,-83.42166,35.07382,35.02734,"LITU","Liriodendron tulipifera"
"1196",1977,"HCU.1",5.217,-83.47845,-83.42166,35.07382,35.02734,"LITU","Liriodendron tulipifera"
"1197",1977,"HCU.2",2.632,-83.47845,-83.42166,35.07382,35.02734,"LITU","Liriodendron tulipifera"
"1198",1977,"HCU.3",6.897,-83.47845,-83.42166,35.07382,35.02734,"LITU","Liriodendron tulipifera"
"1199",1977,"PB.9",2.515,-83.47845,-83.42166,35.07382,35.02734,"LITU","Liriodendron tulipifera"
"1200",1977,"PB.1",2.919,-83.47845,-83.42166,35.07382,35.02734,"LITU","Liriodendron tulipifera"
"1201",1977,"WB.6",1.524,-83.47845,-83.42166,35.07382,35.02734,"LITU","Liriodendron tulipifera"
"1202",1977,"WB.4",2.96,-83.47845,-83.42166,35.07382,35.02734,"LITU","Liriodendron tulipifera"
"1203",1977,"WB.5",1.297,-83.47845,-83.42166,35.07382,35.02734,"LITU","Liriodendron tulipifera"
"1204",1977,"WB.2",2.664,-83.47845,-83.42166,35.07382,35.02734,"LITU","Liriodendron tulipifera"
"1205",1977,"WB.3",1.985,-83.47845,-83.42166,35.07382,35.02734,"LITU","Liriodendron tulipifera"
"1206",1977,"CB.8",0.636,-83.47845,-83.42166,35.07382,35.02734,"LITU","Liriodendron tulipifera"
"1207",1977,"RB.2",2.126,-83.47845,-83.42166,35.07382,35.02734,"LITU","Liriodendron tulipifera"
"1208",1977,"RB.5",2.556,-83.47845,-83.42166,35.07382,35.02734,"LITU","Liriodendron tulipifera"
"1209",1977,"RB.8",2.139,-83.47845,-83.42166,35.07382,35.02734,"LITU","Liriodendron tulipifera"
"1210",1977,"RB.6",1.379,-83.47845,-83.42166,35.07382,35.02734,"LITU","Liriodendron tulipifera"
"1211",1977,"RB.9",3.009,-83.47845,-83.42166,35.07382,35.02734,"LITU","Liriodendron tulipifera"
"1212",1977,"RB.7",1.926,-83.47845,-83.42166,35.07382,35.02734,"LITU","Liriodendron tulipifera"
"1213",1977,"RB.1",1.696,-83.47845,-83.42166,35.07382,35.02734,"LITU","Liriodendron tulipifera"
"1214",1977,"HW.20",1.84,-83.47845,-83.42166,35.07382,35.02734,"LITU","Liriodendron tulipifera"
"1215",1977,"HW.15",1.525,-83.47845,-83.42166,35.07382,35.02734,"LITU","Liriodendron tulipifera"
"1216",1977,"HW.17",2.138,-83.47845,-83.42166,35.07382,35.02734,"LITU","Liriodendron tulipifera"
"1217",1977,"HLC.17",1.179,-83.47845,-83.42166,35.07382,35.02734,"LITU","Liriodendron tulipifera"
"1218",1977,"HLC.18",0.993,-83.47845,-83.42166,35.07382,35.02734,"LITU","Liriodendron tulipifera"
"1219",1977,"HLC.1",1.639,-83.47845,-83.42166,35.07382,35.02734,"LITU","Liriodendron tulipifera"
"1220",1977,"USF.24",1.069,-83.47845,-83.42166,35.07382,35.02734,"LITU","Liriodendron tulipifera"
"1221",1977,"BC.20",2.406,-83.47845,-83.42166,35.07382,35.02734,"LITU","Liriodendron tulipifera"
"1222",1977,"CB.12",1.441,-83.47845,-83.42166,35.07382,35.02734,"LITU","Liriodendron tulipifera"
"1223",1977,"HW.14",0.496,-83.47845,-83.42166,35.07382,35.02734,"LITU","Liriodendron tulipifera"
"1224",1977,"pm.821",0.394,-83.47845,-83.42166,35.07382,35.02734,"LITU","Liriodendron tulipifera"
"1225",1976,"BC1",2.748,-83.47845,-83.42166,35.07382,35.02734,"LITU","Liriodendron tulipifera"
"1226",1976,"HC12",NA,-83.47845,-83.42166,35.07382,35.02734,"LITU","Liriodendron tulipifera"
"1227",1976,"HC13",NA,-83.47845,-83.42166,35.07382,35.02734,"LITU","Liriodendron tulipifera"
"1228",1976,"HC1",NA,-83.47845,-83.42166,35.07382,35.02734,"LITU","Liriodendron tulipifera"
"1229",1976,"BC2",2.521,-83.47845,-83.42166,35.07382,35.02734,"LITU","Liriodendron tulipifera"
"1230",1976,"HC2",NA,-83.47845,-83.42166,35.07382,35.02734,"LITU","Liriodendron tulipifera"
"1231",1976,"HCU.10",9.326,-83.47845,-83.42166,35.07382,35.02734,"LITU","Liriodendron tulipifera"
"1232",1976,"HCU.1",7.259,-83.47845,-83.42166,35.07382,35.02734,"LITU","Liriodendron tulipifera"
"1233",1976,"HCU.2",3.945,-83.47845,-83.42166,35.07382,35.02734,"LITU","Liriodendron tulipifera"
"1234",1976,"HCU.3",6.488,-83.47845,-83.42166,35.07382,35.02734,"LITU","Liriodendron tulipifera"
"1235",1976,"PB.9",3.734,-83.47845,-83.42166,35.07382,35.02734,"LITU","Liriodendron tulipifera"
"1236",1976,"PB.1",3.189,-83.47845,-83.42166,35.07382,35.02734,"LITU","Liriodendron tulipifera"
"1237",1976,"WB.6",2.098,-83.47845,-83.42166,35.07382,35.02734,"LITU","Liriodendron tulipifera"
"1238",1976,"WB.4",3.769,-83.47845,-83.42166,35.07382,35.02734,"LITU","Liriodendron tulipifera"
"1239",1976,"WB.5",2.39,-83.47845,-83.42166,35.07382,35.02734,"LITU","Liriodendron tulipifera"
"1240",1976,"WB.2",3.775,-83.47845,-83.42166,35.07382,35.02734,"LITU","Liriodendron tulipifera"
"1241",1976,"WB.3",2.482,-83.47845,-83.42166,35.07382,35.02734,"LITU","Liriodendron tulipifera"
"1242",1976,"CB.8",0.81,-83.47845,-83.42166,35.07382,35.02734,"LITU","Liriodendron tulipifera"
"1243",1976,"RB.2",2.703,-83.47845,-83.42166,35.07382,35.02734,"LITU","Liriodendron tulipifera"
"1244",1976,"RB.5",3.276,-83.47845,-83.42166,35.07382,35.02734,"LITU","Liriodendron tulipifera"
"1245",1976,"RB.8",3.42,-83.47845,-83.42166,35.07382,35.02734,"LITU","Liriodendron tulipifera"
"1246",1976,"RB.6",1.713,-83.47845,-83.42166,35.07382,35.02734,"LITU","Liriodendron tulipifera"
"1247",1976,"RB.9",3.646,-83.47845,-83.42166,35.07382,35.02734,"LITU","Liriodendron tulipifera"
"1248",1976,"RB.7",1.975,-83.47845,-83.42166,35.07382,35.02734,"LITU","Liriodendron tulipifera"
"1249",1976,"RB.1",1.762,-83.47845,-83.42166,35.07382,35.02734,"LITU","Liriodendron tulipifera"
"1250",1976,"HW.20",2.068,-83.47845,-83.42166,35.07382,35.02734,"LITU","Liriodendron tulipifera"
"1251",1976,"HW.15",2.191,-83.47845,-83.42166,35.07382,35.02734,"LITU","Liriodendron tulipifera"
"1252",1976,"HW.17",3.182,-83.47845,-83.42166,35.07382,35.02734,"LITU","Liriodendron tulipifera"
"1253",1976,"HLC.17",1.618,-83.47845,-83.42166,35.07382,35.02734,"LITU","Liriodendron tulipifera"
"1254",1976,"HLC.18",1.176,-83.47845,-83.42166,35.07382,35.02734,"LITU","Liriodendron tulipifera"
"1255",1976,"HLC.1",2.351,-83.47845,-83.42166,35.07382,35.02734,"LITU","Liriodendron tulipifera"
"1256",1976,"USF.24",1.782,-83.47845,-83.42166,35.07382,35.02734,"LITU","Liriodendron tulipifera"
"1257",1976,"BC.20",3.394,-83.47845,-83.42166,35.07382,35.02734,"LITU","Liriodendron tulipifera"
"1258",1976,"CB.12",1.822,-83.47845,-83.42166,35.07382,35.02734,"LITU","Liriodendron tulipifera"
"1259",1976,"HW.14",0.638,-83.47845,-83.42166,35.07382,35.02734,"LITU","Liriodendron tulipifera"
"1260",1976,"pm.821",0.507,-83.47845,-83.42166,35.07382,35.02734,"LITU","Liriodendron tulipifera"
"1261",1975,"BC1",3.238,-83.47845,-83.42166,35.07382,35.02734,"LITU","Liriodendron tulipifera"
"1262",1975,"HC12",NA,-83.47845,-83.42166,35.07382,35.02734,"LITU","Liriodendron tulipifera"
"1263",1975,"HC13",NA,-83.47845,-83.42166,35.07382,35.02734,"LITU","Liriodendron tulipifera"
"1264",1975,"HC1",NA,-83.47845,-83.42166,35.07382,35.02734,"LITU","Liriodendron tulipifera"
"1265",1975,"BC2",3.069,-83.47845,-83.42166,35.07382,35.02734,"LITU","Liriodendron tulipifera"
"1266",1975,"HC2",NA,-83.47845,-83.42166,35.07382,35.02734,"LITU","Liriodendron tulipifera"
"1267",1975,"HCU.10",9.519,-83.47845,-83.42166,35.07382,35.02734,"LITU","Liriodendron tulipifera"
"1268",1975,"HCU.1",7.621,-83.47845,-83.42166,35.07382,35.02734,"LITU","Liriodendron tulipifera"
"1269",1975,"HCU.2",5.6,-83.47845,-83.42166,35.07382,35.02734,"LITU","Liriodendron tulipifera"
"1270",1975,"HCU.3",5.53,-83.47845,-83.42166,35.07382,35.02734,"LITU","Liriodendron tulipifera"
"1271",1975,"PB.9",4.292,-83.47845,-83.42166,35.07382,35.02734,"LITU","Liriodendron tulipifera"
"1272",1975,"PB.1",3.79,-83.47845,-83.42166,35.07382,35.02734,"LITU","Liriodendron tulipifera"
"1273",1975,"WB.6",1.735,-83.47845,-83.42166,35.07382,35.02734,"LITU","Liriodendron tulipifera"
"1274",1975,"WB.4",3.754,-83.47845,-83.42166,35.07382,35.02734,"LITU","Liriodendron tulipifera"
"1275",1975,"WB.5",1.959,-83.47845,-83.42166,35.07382,35.02734,"LITU","Liriodendron tulipifera"
"1276",1975,"WB.2",4.048,-83.47845,-83.42166,35.07382,35.02734,"LITU","Liriodendron tulipifera"
"1277",1975,"WB.3",2.447,-83.47845,-83.42166,35.07382,35.02734,"LITU","Liriodendron tulipifera"
"1278",1975,"CB.8",0.993,-83.47845,-83.42166,35.07382,35.02734,"LITU","Liriodendron tulipifera"
"1279",1975,"RB.2",2.858,-83.47845,-83.42166,35.07382,35.02734,"LITU","Liriodendron tulipifera"
"1280",1975,"RB.5",3.185,-83.47845,-83.42166,35.07382,35.02734,"LITU","Liriodendron tulipifera"
"1281",1975,"RB.8",3.385,-83.47845,-83.42166,35.07382,35.02734,"LITU","Liriodendron tulipifera"
"1282",1975,"RB.6",1.507,-83.47845,-83.42166,35.07382,35.02734,"LITU","Liriodendron tulipifera"
"1283",1975,"RB.9",3.372,-83.47845,-83.42166,35.07382,35.02734,"LITU","Liriodendron tulipifera"
"1284",1975,"RB.7",2.122,-83.47845,-83.42166,35.07382,35.02734,"LITU","Liriodendron tulipifera"
"1285",1975,"RB.1",1.752,-83.47845,-83.42166,35.07382,35.02734,"LITU","Liriodendron tulipifera"
"1286",1975,"HW.20",2.035,-83.47845,-83.42166,35.07382,35.02734,"LITU","Liriodendron tulipifera"
"1287",1975,"HW.15",1.928,-83.47845,-83.42166,35.07382,35.02734,"LITU","Liriodendron tulipifera"
"1288",1975,"HW.17",2.529,-83.47845,-83.42166,35.07382,35.02734,"LITU","Liriodendron tulipifera"
"1289",1975,"HLC.17",2.244,-83.47845,-83.42166,35.07382,35.02734,"LITU","Liriodendron tulipifera"
"1290",1975,"HLC.18",1.031,-83.47845,-83.42166,35.07382,35.02734,"LITU","Liriodendron tulipifera"
"1291",1975,"HLC.1",2.857,-83.47845,-83.42166,35.07382,35.02734,"LITU","Liriodendron tulipifera"
"1292",1975,"USF.24",1.457,-83.47845,-83.42166,35.07382,35.02734,"LITU","Liriodendron tulipifera"
"1293",1975,"BC.20",3.276,-83.47845,-83.42166,35.07382,35.02734,"LITU","Liriodendron tulipifera"
"1294",1975,"CB.12",1.63,-83.47845,-83.42166,35.07382,35.02734,"LITU","Liriodendron tulipifera"
"1295",1975,"HW.14",0.535,-83.47845,-83.42166,35.07382,35.02734,"LITU","Liriodendron tulipifera"
"1296",1975,"pm.821",0.74,-83.47845,-83.42166,35.07382,35.02734,"LITU","Liriodendron tulipifera"
"1297",1974,"BC1",3.381,-83.47845,-83.42166,35.07382,35.02734,"LITU","Liriodendron tulipifera"
"1298",1974,"HC12",NA,-83.47845,-83.42166,35.07382,35.02734,"LITU","Liriodendron tulipifera"
"1299",1974,"HC13",NA,-83.47845,-83.42166,35.07382,35.02734,"LITU","Liriodendron tulipifera"
"1300",1974,"HC1",NA,-83.47845,-83.42166,35.07382,35.02734,"LITU","Liriodendron tulipifera"
"1301",1974,"BC2",2.624,-83.47845,-83.42166,35.07382,35.02734,"LITU","Liriodendron tulipifera"
"1302",1974,"HC2",NA,-83.47845,-83.42166,35.07382,35.02734,"LITU","Liriodendron tulipifera"
"1303",1974,"HCU.10",10.035,-83.47845,-83.42166,35.07382,35.02734,"LITU","Liriodendron tulipifera"
"1304",1974,"HCU.1",8.902,-83.47845,-83.42166,35.07382,35.02734,"LITU","Liriodendron tulipifera"
"1305",1974,"HCU.2",6.188,-83.47845,-83.42166,35.07382,35.02734,"LITU","Liriodendron tulipifera"
"1306",1974,"HCU.3",4.918,-83.47845,-83.42166,35.07382,35.02734,"LITU","Liriodendron tulipifera"
"1307",1974,"PB.9",4.097,-83.47845,-83.42166,35.07382,35.02734,"LITU","Liriodendron tulipifera"
"1308",1974,"PB.1",3.992,-83.47845,-83.42166,35.07382,35.02734,"LITU","Liriodendron tulipifera"
"1309",1974,"WB.6",2.128,-83.47845,-83.42166,35.07382,35.02734,"LITU","Liriodendron tulipifera"
"1310",1974,"WB.4",4.525,-83.47845,-83.42166,35.07382,35.02734,"LITU","Liriodendron tulipifera"
"1311",1974,"WB.5",2.529,-83.47845,-83.42166,35.07382,35.02734,"LITU","Liriodendron tulipifera"
"1312",1974,"WB.2",4.524,-83.47845,-83.42166,35.07382,35.02734,"LITU","Liriodendron tulipifera"
"1313",1974,"WB.3",3.353,-83.47845,-83.42166,35.07382,35.02734,"LITU","Liriodendron tulipifera"
"1314",1974,"CB.8",1.086,-83.47845,-83.42166,35.07382,35.02734,"LITU","Liriodendron tulipifera"
"1315",1974,"RB.2",2.996,-83.47845,-83.42166,35.07382,35.02734,"LITU","Liriodendron tulipifera"
"1316",1974,"RB.5",3.433,-83.47845,-83.42166,35.07382,35.02734,"LITU","Liriodendron tulipifera"
"1317",1974,"RB.8",4.905,-83.47845,-83.42166,35.07382,35.02734,"LITU","Liriodendron tulipifera"
"1318",1974,"RB.6",1.53,-83.47845,-83.42166,35.07382,35.02734,"LITU","Liriodendron tulipifera"
"1319",1974,"RB.9",3.44,-83.47845,-83.42166,35.07382,35.02734,"LITU","Liriodendron tulipifera"
"1320",1974,"RB.7",2.982,-83.47845,-83.42166,35.07382,35.02734,"LITU","Liriodendron tulipifera"
"1321",1974,"RB.1",2.282,-83.47845,-83.42166,35.07382,35.02734,"LITU","Liriodendron tulipifera"
"1322",1974,"HW.20",2.149,-83.47845,-83.42166,35.07382,35.02734,"LITU","Liriodendron tulipifera"
"1323",1974,"HW.15",2.134,-83.47845,-83.42166,35.07382,35.02734,"LITU","Liriodendron tulipifera"
"1324",1974,"HW.17",2.88,-83.47845,-83.42166,35.07382,35.02734,"LITU","Liriodendron tulipifera"
"1325",1974,"HLC.17",2.141,-83.47845,-83.42166,35.07382,35.02734,"LITU","Liriodendron tulipifera"
"1326",1974,"HLC.18",1.464,-83.47845,-83.42166,35.07382,35.02734,"LITU","Liriodendron tulipifera"
"1327",1974,"HLC.1",3.162,-83.47845,-83.42166,35.07382,35.02734,"LITU","Liriodendron tulipifera"
"1328",1974,"USF.24",1.392,-83.47845,-83.42166,35.07382,35.02734,"LITU","Liriodendron tulipifera"
"1329",1974,"BC.20",3.356,-83.47845,-83.42166,35.07382,35.02734,"LITU","Liriodendron tulipifera"
"1330",1974,"CB.12",2.409,-83.47845,-83.42166,35.07382,35.02734,"LITU","Liriodendron tulipifera"
"1331",1974,"HW.14",0.554,-83.47845,-83.42166,35.07382,35.02734,"LITU","Liriodendron tulipifera"
"1332",1974,"pm.821",0.445,-83.47845,-83.42166,35.07382,35.02734,"LITU","Liriodendron tulipifera"
"1333",1973,"BC1",3.317,-83.47845,-83.42166,35.07382,35.02734,"LITU","Liriodendron tulipifera"
"1334",1973,"HC12",NA,-83.47845,-83.42166,35.07382,35.02734,"LITU","Liriodendron tulipifera"
"1335",1973,"HC13",NA,-83.47845,-83.42166,35.07382,35.02734,"LITU","Liriodendron tulipifera"
"1336",1973,"HC1",NA,-83.47845,-83.42166,35.07382,35.02734,"LITU","Liriodendron tulipifera"
"1337",1973,"BC2",2.652,-83.47845,-83.42166,35.07382,35.02734,"LITU","Liriodendron tulipifera"
"1338",1973,"HC2",NA,-83.47845,-83.42166,35.07382,35.02734,"LITU","Liriodendron tulipifera"
"1339",1973,"HCU.10",9.838,-83.47845,-83.42166,35.07382,35.02734,"LITU","Liriodendron tulipifera"
"1340",1973,"HCU.1",8.916,-83.47845,-83.42166,35.07382,35.02734,"LITU","Liriodendron tulipifera"
"1341",1973,"HCU.2",4.971,-83.47845,-83.42166,35.07382,35.02734,"LITU","Liriodendron tulipifera"
"1342",1973,"HCU.3",3.656,-83.47845,-83.42166,35.07382,35.02734,"LITU","Liriodendron tulipifera"
"1343",1973,"PB.9",3.743,-83.47845,-83.42166,35.07382,35.02734,"LITU","Liriodendron tulipifera"
"1344",1973,"PB.1",3.61,-83.47845,-83.42166,35.07382,35.02734,"LITU","Liriodendron tulipifera"
"1345",1973,"WB.6",2.385,-83.47845,-83.42166,35.07382,35.02734,"LITU","Liriodendron tulipifera"
"1346",1973,"WB.4",3.846,-83.47845,-83.42166,35.07382,35.02734,"LITU","Liriodendron tulipifera"
"1347",1973,"WB.5",2.512,-83.47845,-83.42166,35.07382,35.02734,"LITU","Liriodendron tulipifera"
"1348",1973,"WB.2",4.679,-83.47845,-83.42166,35.07382,35.02734,"LITU","Liriodendron tulipifera"
"1349",1973,"WB.3",3.292,-83.47845,-83.42166,35.07382,35.02734,"LITU","Liriodendron tulipifera"
"1350",1973,"CB.8",1.422,-83.47845,-83.42166,35.07382,35.02734,"LITU","Liriodendron tulipifera"
"1351",1973,"RB.2",3.124,-83.47845,-83.42166,35.07382,35.02734,"LITU","Liriodendron tulipifera"
"1352",1973,"RB.5",3.66,-83.47845,-83.42166,35.07382,35.02734,"LITU","Liriodendron tulipifera"
"1353",1973,"RB.8",4.129,-83.47845,-83.42166,35.07382,35.02734,"LITU","Liriodendron tulipifera"
"1354",1973,"RB.6",1.863,-83.47845,-83.42166,35.07382,35.02734,"LITU","Liriodendron tulipifera"
"1355",1973,"RB.9",2.808,-83.47845,-83.42166,35.07382,35.02734,"LITU","Liriodendron tulipifera"
"1356",1973,"RB.7",2.153,-83.47845,-83.42166,35.07382,35.02734,"LITU","Liriodendron tulipifera"
"1357",1973,"RB.1",2.587,-83.47845,-83.42166,35.07382,35.02734,"LITU","Liriodendron tulipifera"
"1358",1973,"HW.20",2.38,-83.47845,-83.42166,35.07382,35.02734,"LITU","Liriodendron tulipifera"
"1359",1973,"HW.15",2.471,-83.47845,-83.42166,35.07382,35.02734,"LITU","Liriodendron tulipifera"
"1360",1973,"HW.17",3.418,-83.47845,-83.42166,35.07382,35.02734,"LITU","Liriodendron tulipifera"
"1361",1973,"HLC.17",2.943,-83.47845,-83.42166,35.07382,35.02734,"LITU","Liriodendron tulipifera"
"1362",1973,"HLC.18",1.533,-83.47845,-83.42166,35.07382,35.02734,"LITU","Liriodendron tulipifera"
"1363",1973,"HLC.1",3.812,-83.47845,-83.42166,35.07382,35.02734,"LITU","Liriodendron tulipifera"
"1364",1973,"USF.24",1.213,-83.47845,-83.42166,35.07382,35.02734,"LITU","Liriodendron tulipifera"
"1365",1973,"BC.20",2.484,-83.47845,-83.42166,35.07382,35.02734,"LITU","Liriodendron tulipifera"
"1366",1973,"CB.12",2.337,-83.47845,-83.42166,35.07382,35.02734,"LITU","Liriodendron tulipifera"
"1367",1973,"HW.14",0.587,-83.47845,-83.42166,35.07382,35.02734,"LITU","Liriodendron tulipifera"
"1368",1973,"pm.821",0.333,-83.47845,-83.42166,35.07382,35.02734,"LITU","Liriodendron tulipifera"
"1369",1972,"BC1",4.476,-83.47845,-83.42166,35.07382,35.02734,"LITU","Liriodendron tulipifera"
"1370",1972,"HC12",NA,-83.47845,-83.42166,35.07382,35.02734,"LITU","Liriodendron tulipifera"
"1371",1972,"HC13",NA,-83.47845,-83.42166,35.07382,35.02734,"LITU","Liriodendron tulipifera"
"1372",1972,"HC1",NA,-83.47845,-83.42166,35.07382,35.02734,"LITU","Liriodendron tulipifera"
"1373",1972,"BC2",3.585,-83.47845,-83.42166,35.07382,35.02734,"LITU","Liriodendron tulipifera"
"1374",1972,"HC2",NA,-83.47845,-83.42166,35.07382,35.02734,"LITU","Liriodendron tulipifera"
"1375",1972,"HCU.10",11.348,-83.47845,-83.42166,35.07382,35.02734,"LITU","Liriodendron tulipifera"
"1376",1972,"HCU.1",9.537,-83.47845,-83.42166,35.07382,35.02734,"LITU","Liriodendron tulipifera"
"1377",1972,"HCU.2",6.525,-83.47845,-83.42166,35.07382,35.02734,"LITU","Liriodendron tulipifera"
"1378",1972,"HCU.3",5.308,-83.47845,-83.42166,35.07382,35.02734,"LITU","Liriodendron tulipifera"
"1379",1972,"PB.9",3.674,-83.47845,-83.42166,35.07382,35.02734,"LITU","Liriodendron tulipifera"
"1380",1972,"PB.1",4.338,-83.47845,-83.42166,35.07382,35.02734,"LITU","Liriodendron tulipifera"
"1381",1972,"WB.6",2.378,-83.47845,-83.42166,35.07382,35.02734,"LITU","Liriodendron tulipifera"
"1382",1972,"WB.4",4.429,-83.47845,-83.42166,35.07382,35.02734,"LITU","Liriodendron tulipifera"
"1383",1972,"WB.5",1.956,-83.47845,-83.42166,35.07382,35.02734,"LITU","Liriodendron tulipifera"
"1384",1972,"WB.2",4.215,-83.47845,-83.42166,35.07382,35.02734,"LITU","Liriodendron tulipifera"
"1385",1972,"WB.3",3.098,-83.47845,-83.42166,35.07382,35.02734,"LITU","Liriodendron tulipifera"
"1386",1972,"CB.8",1.018,-83.47845,-83.42166,35.07382,35.02734,"LITU","Liriodendron tulipifera"
"1387",1972,"RB.2",2.626,-83.47845,-83.42166,35.07382,35.02734,"LITU","Liriodendron tulipifera"
"1388",1972,"RB.5",3.339,-83.47845,-83.42166,35.07382,35.02734,"LITU","Liriodendron tulipifera"
"1389",1972,"RB.8",4.139,-83.47845,-83.42166,35.07382,35.02734,"LITU","Liriodendron tulipifera"
"1390",1972,"RB.6",2.129,-83.47845,-83.42166,35.07382,35.02734,"LITU","Liriodendron tulipifera"
"1391",1972,"RB.9",3.207,-83.47845,-83.42166,35.07382,35.02734,"LITU","Liriodendron tulipifera"
"1392",1972,"RB.7",1.122,-83.47845,-83.42166,35.07382,35.02734,"LITU","Liriodendron tulipifera"
"1393",1972,"RB.1",2.569,-83.47845,-83.42166,35.07382,35.02734,"LITU","Liriodendron tulipifera"
"1394",1972,"HW.20",1.921,-83.47845,-83.42166,35.07382,35.02734,"LITU","Liriodendron tulipifera"
"1395",1972,"HW.15",2.325,-83.47845,-83.42166,35.07382,35.02734,"LITU","Liriodendron tulipifera"
"1396",1972,"HW.17",3.419,-83.47845,-83.42166,35.07382,35.02734,"LITU","Liriodendron tulipifera"
"1397",1972,"HLC.17",3.249,-83.47845,-83.42166,35.07382,35.02734,"LITU","Liriodendron tulipifera"
"1398",1972,"HLC.18",1.123,-83.47845,-83.42166,35.07382,35.02734,"LITU","Liriodendron tulipifera"
"1399",1972,"HLC.1",3.408,-83.47845,-83.42166,35.07382,35.02734,"LITU","Liriodendron tulipifera"
"1400",1972,"USF.24",1.733,-83.47845,-83.42166,35.07382,35.02734,"LITU","Liriodendron tulipifera"
"1401",1972,"BC.20",3.859,-83.47845,-83.42166,35.07382,35.02734,"LITU","Liriodendron tulipifera"
"1402",1972,"CB.12",1.818,-83.47845,-83.42166,35.07382,35.02734,"LITU","Liriodendron tulipifera"
"1403",1972,"HW.14",0.448,-83.47845,-83.42166,35.07382,35.02734,"LITU","Liriodendron tulipifera"
"1404",1972,"pm.821",0.399,-83.47845,-83.42166,35.07382,35.02734,"LITU","Liriodendron tulipifera"
"1405",1971,"BC1",3.167,-83.47845,-83.42166,35.07382,35.02734,"LITU","Liriodendron tulipifera"
"1406",1971,"HC12",NA,-83.47845,-83.42166,35.07382,35.02734,"LITU","Liriodendron tulipifera"
"1407",1971,"HC13",NA,-83.47845,-83.42166,35.07382,35.02734,"LITU","Liriodendron tulipifera"
"1408",1971,"HC1",NA,-83.47845,-83.42166,35.07382,35.02734,"LITU","Liriodendron tulipifera"
"1409",1971,"BC2",1.435,-83.47845,-83.42166,35.07382,35.02734,"LITU","Liriodendron tulipifera"
"1410",1971,"HC2",NA,-83.47845,-83.42166,35.07382,35.02734,"LITU","Liriodendron tulipifera"
"1411",1971,"HCU.10",10.577,-83.47845,-83.42166,35.07382,35.02734,"LITU","Liriodendron tulipifera"
"1412",1971,"HCU.1",10.352,-83.47845,-83.42166,35.07382,35.02734,"LITU","Liriodendron tulipifera"
"1413",1971,"HCU.2",5.987,-83.47845,-83.42166,35.07382,35.02734,"LITU","Liriodendron tulipifera"
"1414",1971,"HCU.3",NA,-83.47845,-83.42166,35.07382,35.02734,"LITU","Liriodendron tulipifera"
"1415",1971,"PB.9",3.011,-83.47845,-83.42166,35.07382,35.02734,"LITU","Liriodendron tulipifera"
"1416",1971,"PB.1",3.313,-83.47845,-83.42166,35.07382,35.02734,"LITU","Liriodendron tulipifera"
"1417",1971,"WB.6",1.799,-83.47845,-83.42166,35.07382,35.02734,"LITU","Liriodendron tulipifera"
"1418",1971,"WB.4",3.101,-83.47845,-83.42166,35.07382,35.02734,"LITU","Liriodendron tulipifera"
"1419",1971,"WB.5",1.545,-83.47845,-83.42166,35.07382,35.02734,"LITU","Liriodendron tulipifera"
"1420",1971,"WB.2",3.895,-83.47845,-83.42166,35.07382,35.02734,"LITU","Liriodendron tulipifera"
"1421",1971,"WB.3",3.088,-83.47845,-83.42166,35.07382,35.02734,"LITU","Liriodendron tulipifera"
"1422",1971,"CB.8",0.922,-83.47845,-83.42166,35.07382,35.02734,"LITU","Liriodendron tulipifera"
"1423",1971,"RB.2",2.601,-83.47845,-83.42166,35.07382,35.02734,"LITU","Liriodendron tulipifera"
"1424",1971,"RB.5",2.972,-83.47845,-83.42166,35.07382,35.02734,"LITU","Liriodendron tulipifera"
"1425",1971,"RB.8",3.523,-83.47845,-83.42166,35.07382,35.02734,"LITU","Liriodendron tulipifera"
"1426",1971,"RB.6",1.885,-83.47845,-83.42166,35.07382,35.02734,"LITU","Liriodendron tulipifera"
"1427",1971,"RB.9",2.218,-83.47845,-83.42166,35.07382,35.02734,"LITU","Liriodendron tulipifera"
"1428",1971,"RB.7",0.81,-83.47845,-83.42166,35.07382,35.02734,"LITU","Liriodendron tulipifera"
"1429",1971,"RB.1",1.877,-83.47845,-83.42166,35.07382,35.02734,"LITU","Liriodendron tulipifera"
"1430",1971,"HW.20",1.613,-83.47845,-83.42166,35.07382,35.02734,"LITU","Liriodendron tulipifera"
"1431",1971,"HW.15",2.419,-83.47845,-83.42166,35.07382,35.02734,"LITU","Liriodendron tulipifera"
"1432",1971,"HW.17",2.994,-83.47845,-83.42166,35.07382,35.02734,"LITU","Liriodendron tulipifera"
"1433",1971,"HLC.17",2.311,-83.47845,-83.42166,35.07382,35.02734,"LITU","Liriodendron tulipifera"
"1434",1971,"HLC.18",1.019,-83.47845,-83.42166,35.07382,35.02734,"LITU","Liriodendron tulipifera"
"1435",1971,"HLC.1",3.183,-83.47845,-83.42166,35.07382,35.02734,"LITU","Liriodendron tulipifera"
"1436",1971,"USF.24",1.4,-83.47845,-83.42166,35.07382,35.02734,"LITU","Liriodendron tulipifera"
"1437",1971,"BC.20",2.872,-83.47845,-83.42166,35.07382,35.02734,"LITU","Liriodendron tulipifera"
"1438",1971,"CB.12",1.316,-83.47845,-83.42166,35.07382,35.02734,"LITU","Liriodendron tulipifera"
"1439",1971,"HW.14",0.427,-83.47845,-83.42166,35.07382,35.02734,"LITU","Liriodendron tulipifera"
"1440",1971,"pm.821",0.338,-83.47845,-83.42166,35.07382,35.02734,"LITU","Liriodendron tulipifera"
"1441",1970,"BC1",3.103,-83.47845,-83.42166,35.07382,35.02734,"LITU","Liriodendron tulipifera"
"1442",1970,"HC12",NA,-83.47845,-83.42166,35.07382,35.02734,"LITU","Liriodendron tulipifera"
"1443",1970,"HC13",NA,-83.47845,-83.42166,35.07382,35.02734,"LITU","Liriodendron tulipifera"
"1444",1970,"HC1",NA,-83.47845,-83.42166,35.07382,35.02734,"LITU","Liriodendron tulipifera"
"1445",1970,"BC2",1.504,-83.47845,-83.42166,35.07382,35.02734,"LITU","Liriodendron tulipifera"
"1446",1970,"HC2",NA,-83.47845,-83.42166,35.07382,35.02734,"LITU","Liriodendron tulipifera"
"1447",1970,"HCU.10",8.526,-83.47845,-83.42166,35.07382,35.02734,"LITU","Liriodendron tulipifera"
"1448",1970,"HCU.1",10.406,-83.47845,-83.42166,35.07382,35.02734,"LITU","Liriodendron tulipifera"
"1449",1970,"HCU.2",NA,-83.47845,-83.42166,35.07382,35.02734,"LITU","Liriodendron tulipifera"
"1450",1970,"HCU.3",NA,-83.47845,-83.42166,35.07382,35.02734,"LITU","Liriodendron tulipifera"
"1451",1970,"PB.9",3.137,-83.47845,-83.42166,35.07382,35.02734,"LITU","Liriodendron tulipifera"
"1452",1970,"PB.1",3.463,-83.47845,-83.42166,35.07382,35.02734,"LITU","Liriodendron tulipifera"
"1453",1970,"WB.6",1.28,-83.47845,-83.42166,35.07382,35.02734,"LITU","Liriodendron tulipifera"
"1454",1970,"WB.4",2.643,-83.47845,-83.42166,35.07382,35.02734,"LITU","Liriodendron tulipifera"
"1455",1970,"WB.5",1.383,-83.47845,-83.42166,35.07382,35.02734,"LITU","Liriodendron tulipifera"
"1456",1970,"WB.2",3.507,-83.47845,-83.42166,35.07382,35.02734,"LITU","Liriodendron tulipifera"
"1457",1970,"WB.3",2.274,-83.47845,-83.42166,35.07382,35.02734,"LITU","Liriodendron tulipifera"
"1458",1970,"CB.8",0.654,-83.47845,-83.42166,35.07382,35.02734,"LITU","Liriodendron tulipifera"
"1459",1970,"RB.2",2.186,-83.47845,-83.42166,35.07382,35.02734,"LITU","Liriodendron tulipifera"
"1460",1970,"RB.5",2.215,-83.47845,-83.42166,35.07382,35.02734,"LITU","Liriodendron tulipifera"
"1461",1970,"RB.8",2.604,-83.47845,-83.42166,35.07382,35.02734,"LITU","Liriodendron tulipifera"
"1462",1970,"RB.6",1.468,-83.47845,-83.42166,35.07382,35.02734,"LITU","Liriodendron tulipifera"
"1463",1970,"RB.9",2.22,-83.47845,-83.42166,35.07382,35.02734,"LITU","Liriodendron tulipifera"
"1464",1970,"RB.7",0.788,-83.47845,-83.42166,35.07382,35.02734,"LITU","Liriodendron tulipifera"
"1465",1970,"RB.1",2.051,-83.47845,-83.42166,35.07382,35.02734,"LITU","Liriodendron tulipifera"
"1466",1970,"HW.20",2.229,-83.47845,-83.42166,35.07382,35.02734,"LITU","Liriodendron tulipifera"
"1467",1970,"HW.15",1.792,-83.47845,-83.42166,35.07382,35.02734,"LITU","Liriodendron tulipifera"
"1468",1970,"HW.17",3.231,-83.47845,-83.42166,35.07382,35.02734,"LITU","Liriodendron tulipifera"
"1469",1970,"HLC.17",1.154,-83.47845,-83.42166,35.07382,35.02734,"LITU","Liriodendron tulipifera"
"1470",1970,"HLC.18",0.823,-83.47845,-83.42166,35.07382,35.02734,"LITU","Liriodendron tulipifera"
"1471",1970,"HLC.1",2.02,-83.47845,-83.42166,35.07382,35.02734,"LITU","Liriodendron tulipifera"
"1472",1970,"USF.24",1.819,-83.47845,-83.42166,35.07382,35.02734,"LITU","Liriodendron tulipifera"
"1473",1970,"BC.20",3.124,-83.47845,-83.42166,35.07382,35.02734,"LITU","Liriodendron tulipifera"
"1474",1970,"CB.12",1.119,-83.47845,-83.42166,35.07382,35.02734,"LITU","Liriodendron tulipifera"
"1475",1970,"HW.14",0.469,-83.47845,-83.42166,35.07382,35.02734,"LITU","Liriodendron tulipifera"
"1476",1970,"pm.821",0.431,-83.47845,-83.42166,35.07382,35.02734,"LITU","Liriodendron tulipifera"
"1477",1969,"BC1",3.397,-83.47845,-83.42166,35.07382,35.02734,"LITU","Liriodendron tulipifera"
"1478",1969,"HC12",NA,-83.47845,-83.42166,35.07382,35.02734,"LITU","Liriodendron tulipifera"
"1479",1969,"HC13",NA,-83.47845,-83.42166,35.07382,35.02734,"LITU","Liriodendron tulipifera"
"1480",1969,"HC1",NA,-83.47845,-83.42166,35.07382,35.02734,"LITU","Liriodendron tulipifera"
"1481",1969,"BC2",1.466,-83.47845,-83.42166,35.07382,35.02734,"LITU","Liriodendron tulipifera"
"1482",1969,"HC2",NA,-83.47845,-83.42166,35.07382,35.02734,"LITU","Liriodendron tulipifera"
"1483",1969,"HCU.10",6.887,-83.47845,-83.42166,35.07382,35.02734,"LITU","Liriodendron tulipifera"
"1484",1969,"HCU.1",10.353,-83.47845,-83.42166,35.07382,35.02734,"LITU","Liriodendron tulipifera"
"1485",1969,"HCU.2",NA,-83.47845,-83.42166,35.07382,35.02734,"LITU","Liriodendron tulipifera"
"1486",1969,"HCU.3",NA,-83.47845,-83.42166,35.07382,35.02734,"LITU","Liriodendron tulipifera"
"1487",1969,"PB.9",3.525,-83.47845,-83.42166,35.07382,35.02734,"LITU","Liriodendron tulipifera"
"1488",1969,"PB.1",3.216,-83.47845,-83.42166,35.07382,35.02734,"LITU","Liriodendron tulipifera"
"1489",1969,"WB.6",1.308,-83.47845,-83.42166,35.07382,35.02734,"LITU","Liriodendron tulipifera"
"1490",1969,"WB.4",2.461,-83.47845,-83.42166,35.07382,35.02734,"LITU","Liriodendron tulipifera"
"1491",1969,"WB.5",2.076,-83.47845,-83.42166,35.07382,35.02734,"LITU","Liriodendron tulipifera"
"1492",1969,"WB.2",3.151,-83.47845,-83.42166,35.07382,35.02734,"LITU","Liriodendron tulipifera"
"1493",1969,"WB.3",1.511,-83.47845,-83.42166,35.07382,35.02734,"LITU","Liriodendron tulipifera"
"1494",1969,"CB.8",0.753,-83.47845,-83.42166,35.07382,35.02734,"LITU","Liriodendron tulipifera"
"1495",1969,"RB.2",2.98,-83.47845,-83.42166,35.07382,35.02734,"LITU","Liriodendron tulipifera"
"1496",1969,"RB.5",3.29,-83.47845,-83.42166,35.07382,35.02734,"LITU","Liriodendron tulipifera"
"1497",1969,"RB.8",2.955,-83.47845,-83.42166,35.07382,35.02734,"LITU","Liriodendron tulipifera"
"1498",1969,"RB.6",1.779,-83.47845,-83.42166,35.07382,35.02734,"LITU","Liriodendron tulipifera"
"1499",1969,"RB.9",3.026,-83.47845,-83.42166,35.07382,35.02734,"LITU","Liriodendron tulipifera"
"1500",1969,"RB.7",1.158,-83.47845,-83.42166,35.07382,35.02734,"LITU","Liriodendron tulipifera"
"1501",1969,"RB.1",2.407,-83.47845,-83.42166,35.07382,35.02734,"LITU","Liriodendron tulipifera"
"1502",1969,"HW.20",2.536,-83.47845,-83.42166,35.07382,35.02734,"LITU","Liriodendron tulipifera"
"1503",1969,"HW.15",2.364,-83.47845,-83.42166,35.07382,35.02734,"LITU","Liriodendron tulipifera"
"1504",1969,"HW.17",1.319,-83.47845,-83.42166,35.07382,35.02734,"LITU","Liriodendron tulipifera"
"1505",1969,"HLC.17",1.959,-83.47845,-83.42166,35.07382,35.02734,"LITU","Liriodendron tulipifera"
"1506",1969,"HLC.18",1.038,-83.47845,-83.42166,35.07382,35.02734,"LITU","Liriodendron tulipifera"
"1507",1969,"HLC.1",2.277,-83.47845,-83.42166,35.07382,35.02734,"LITU","Liriodendron tulipifera"
"1508",1969,"USF.24",1.843,-83.47845,-83.42166,35.07382,35.02734,"LITU","Liriodendron tulipifera"
"1509",1969,"BC.20",3.259,-83.47845,-83.42166,35.07382,35.02734,"LITU","Liriodendron tulipifera"
"1510",1969,"CB.12",1.801,-83.47845,-83.42166,35.07382,35.02734,"LITU","Liriodendron tulipifera"
"1511",1969,"HW.14",0.58,-83.47845,-83.42166,35.07382,35.02734,"LITU","Liriodendron tulipifera"
"1512",1969,"pm.821",0.535,-83.47845,-83.42166,35.07382,35.02734,"LITU","Liriodendron tulipifera"
"1513",1968,"BC1",2.919,-83.47845,-83.42166,35.07382,35.02734,"LITU","Liriodendron tulipifera"
"1514",1968,"HC12",NA,-83.47845,-83.42166,35.07382,35.02734,"LITU","Liriodendron tulipifera"
"1515",1968,"HC13",NA,-83.47845,-83.42166,35.07382,35.02734,"LITU","Liriodendron tulipifera"
"1516",1968,"HC1",NA,-83.47845,-83.42166,35.07382,35.02734,"LITU","Liriodendron tulipifera"
"1517",1968,"BC2",1.339,-83.47845,-83.42166,35.07382,35.02734,"LITU","Liriodendron tulipifera"
"1518",1968,"HC2",NA,-83.47845,-83.42166,35.07382,35.02734,"LITU","Liriodendron tulipifera"
"1519",1968,"HCU.10",7.031,-83.47845,-83.42166,35.07382,35.02734,"LITU","Liriodendron tulipifera"
"1520",1968,"HCU.1",10.16,-83.47845,-83.42166,35.07382,35.02734,"LITU","Liriodendron tulipifera"
"1521",1968,"HCU.2",NA,-83.47845,-83.42166,35.07382,35.02734,"LITU","Liriodendron tulipifera"
"1522",1968,"HCU.3",NA,-83.47845,-83.42166,35.07382,35.02734,"LITU","Liriodendron tulipifera"
"1523",1968,"PB.9",3.816,-83.47845,-83.42166,35.07382,35.02734,"LITU","Liriodendron tulipifera"
"1524",1968,"PB.1",2.971,-83.47845,-83.42166,35.07382,35.02734,"LITU","Liriodendron tulipifera"
"1525",1968,"WB.6",1.259,-83.47845,-83.42166,35.07382,35.02734,"LITU","Liriodendron tulipifera"
"1526",1968,"WB.4",3.278,-83.47845,-83.42166,35.07382,35.02734,"LITU","Liriodendron tulipifera"
"1527",1968,"WB.5",1.491,-83.47845,-83.42166,35.07382,35.02734,"LITU","Liriodendron tulipifera"
"1528",1968,"WB.2",3.453,-83.47845,-83.42166,35.07382,35.02734,"LITU","Liriodendron tulipifera"
"1529",1968,"WB.3",1.57,-83.47845,-83.42166,35.07382,35.02734,"LITU","Liriodendron tulipifera"
"1530",1968,"CB.8",0.729,-83.47845,-83.42166,35.07382,35.02734,"LITU","Liriodendron tulipifera"
"1531",1968,"RB.2",2.659,-83.47845,-83.42166,35.07382,35.02734,"LITU","Liriodendron tulipifera"
"1532",1968,"RB.5",3.743,-83.47845,-83.42166,35.07382,35.02734,"LITU","Liriodendron tulipifera"
"1533",1968,"RB.8",2.978,-83.47845,-83.42166,35.07382,35.02734,"LITU","Liriodendron tulipifera"
"1534",1968,"RB.6",2.274,-83.47845,-83.42166,35.07382,35.02734,"LITU","Liriodendron tulipifera"
"1535",1968,"RB.9",2.969,-83.47845,-83.42166,35.07382,35.02734,"LITU","Liriodendron tulipifera"
"1536",1968,"RB.7",0.749,-83.47845,-83.42166,35.07382,35.02734,"LITU","Liriodendron tulipifera"
"1537",1968,"RB.1",2.222,-83.47845,-83.42166,35.07382,35.02734,"LITU","Liriodendron tulipifera"
"1538",1968,"HW.20",1.808,-83.47845,-83.42166,35.07382,35.02734,"LITU","Liriodendron tulipifera"
"1539",1968,"HW.15",1.898,-83.47845,-83.42166,35.07382,35.02734,"LITU","Liriodendron tulipifera"
"1540",1968,"HW.17",1.445,-83.47845,-83.42166,35.07382,35.02734,"LITU","Liriodendron tulipifera"
"1541",1968,"HLC.17",1.502,-83.47845,-83.42166,35.07382,35.02734,"LITU","Liriodendron tulipifera"
"1542",1968,"HLC.18",1.011,-83.47845,-83.42166,35.07382,35.02734,"LITU","Liriodendron tulipifera"
"1543",1968,"HLC.1",2.422,-83.47845,-83.42166,35.07382,35.02734,"LITU","Liriodendron tulipifera"
"1544",1968,"USF.24",2.102,-83.47845,-83.42166,35.07382,35.02734,"LITU","Liriodendron tulipifera"
"1545",1968,"BC.20",2.865,-83.47845,-83.42166,35.07382,35.02734,"LITU","Liriodendron tulipifera"
"1546",1968,"CB.12",1.853,-83.47845,-83.42166,35.07382,35.02734,"LITU","Liriodendron tulipifera"
"1547",1968,"HW.14",0.543,-83.47845,-83.42166,35.07382,35.02734,"LITU","Liriodendron tulipifera"
"1548",1968,"pm.821",0.517,-83.47845,-83.42166,35.07382,35.02734,"LITU","Liriodendron tulipifera"
"1549",1967,"BC1",2.188,-83.47845,-83.42166,35.07382,35.02734,"LITU","Liriodendron tulipifera"
"1550",1967,"HC12",NA,-83.47845,-83.42166,35.07382,35.02734,"LITU","Liriodendron tulipifera"
"1551",1967,"HC13",NA,-83.47845,-83.42166,35.07382,35.02734,"LITU","Liriodendron tulipifera"
"1552",1967,"HC1",NA,-83.47845,-83.42166,35.07382,35.02734,"LITU","Liriodendron tulipifera"
"1553",1967,"BC2",1.966,-83.47845,-83.42166,35.07382,35.02734,"LITU","Liriodendron tulipifera"
"1554",1967,"HC2",NA,-83.47845,-83.42166,35.07382,35.02734,"LITU","Liriodendron tulipifera"
"1555",1967,"HCU.10",9.595,-83.47845,-83.42166,35.07382,35.02734,"LITU","Liriodendron tulipifera"
"1556",1967,"HCU.1",NA,-83.47845,-83.42166,35.07382,35.02734,"LITU","Liriodendron tulipifera"
"1557",1967,"HCU.2",NA,-83.47845,-83.42166,35.07382,35.02734,"LITU","Liriodendron tulipifera"
"1558",1967,"HCU.3",NA,-83.47845,-83.42166,35.07382,35.02734,"LITU","Liriodendron tulipifera"
"1559",1967,"PB.9",4.174,-83.47845,-83.42166,35.07382,35.02734,"LITU","Liriodendron tulipifera"
"1560",1967,"PB.1",2.865,-83.47845,-83.42166,35.07382,35.02734,"LITU","Liriodendron tulipifera"
"1561",1967,"WB.6",1.489,-83.47845,-83.42166,35.07382,35.02734,"LITU","Liriodendron tulipifera"
"1562",1967,"WB.4",3.374,-83.47845,-83.42166,35.07382,35.02734,"LITU","Liriodendron tulipifera"
"1563",1967,"WB.5",1.659,-83.47845,-83.42166,35.07382,35.02734,"LITU","Liriodendron tulipifera"
"1564",1967,"WB.2",3.708,-83.47845,-83.42166,35.07382,35.02734,"LITU","Liriodendron tulipifera"
"1565",1967,"WB.3",1.909,-83.47845,-83.42166,35.07382,35.02734,"LITU","Liriodendron tulipifera"
"1566",1967,"CB.8",0.445,-83.47845,-83.42166,35.07382,35.02734,"LITU","Liriodendron tulipifera"
"1567",1967,"RB.2",2.412,-83.47845,-83.42166,35.07382,35.02734,"LITU","Liriodendron tulipifera"
"1568",1967,"RB.5",2.988,-83.47845,-83.42166,35.07382,35.02734,"LITU","Liriodendron tulipifera"
"1569",1967,"RB.8",2.555,-83.47845,-83.42166,35.07382,35.02734,"LITU","Liriodendron tulipifera"
"1570",1967,"RB.6",2.306,-83.47845,-83.42166,35.07382,35.02734,"LITU","Liriodendron tulipifera"
"1571",1967,"RB.9",3.364,-83.47845,-83.42166,35.07382,35.02734,"LITU","Liriodendron tulipifera"
"1572",1967,"RB.7",0.598,-83.47845,-83.42166,35.07382,35.02734,"LITU","Liriodendron tulipifera"
"1573",1967,"RB.1",1.947,-83.47845,-83.42166,35.07382,35.02734,"LITU","Liriodendron tulipifera"
"1574",1967,"HW.20",1.724,-83.47845,-83.42166,35.07382,35.02734,"LITU","Liriodendron tulipifera"
"1575",1967,"HW.15",2.169,-83.47845,-83.42166,35.07382,35.02734,"LITU","Liriodendron tulipifera"
"1576",1967,"HW.17",1.736,-83.47845,-83.42166,35.07382,35.02734,"LITU","Liriodendron tulipifera"
"1577",1967,"HLC.17",1.445,-83.47845,-83.42166,35.07382,35.02734,"LITU","Liriodendron tulipifera"
"1578",1967,"HLC.18",0.719,-83.47845,-83.42166,35.07382,35.02734,"LITU","Liriodendron tulipifera"
"1579",1967,"HLC.1",1.327,-83.47845,-83.42166,35.07382,35.02734,"LITU","Liriodendron tulipifera"
"1580",1967,"USF.24",2.026,-83.47845,-83.42166,35.07382,35.02734,"LITU","Liriodendron tulipifera"
"1581",1967,"BC.20",3.201,-83.47845,-83.42166,35.07382,35.02734,"LITU","Liriodendron tulipifera"
"1582",1967,"CB.12",1.53,-83.47845,-83.42166,35.07382,35.02734,"LITU","Liriodendron tulipifera"
"1583",1967,"HW.14",0.346,-83.47845,-83.42166,35.07382,35.02734,"LITU","Liriodendron tulipifera"
"1584",1967,"pm.821",0.358,-83.47845,-83.42166,35.07382,35.02734,"LITU","Liriodendron tulipifera"
"1585",1966,"BC1",2.987,-83.47845,-83.42166,35.07382,35.02734,"LITU","Liriodendron tulipifera"
"1586",1966,"HC12",NA,-83.47845,-83.42166,35.07382,35.02734,"LITU","Liriodendron tulipifera"
"1587",1966,"HC13",NA,-83.47845,-83.42166,35.07382,35.02734,"LITU","Liriodendron tulipifera"
"1588",1966,"HC1",NA,-83.47845,-83.42166,35.07382,35.02734,"LITU","Liriodendron tulipifera"
"1589",1966,"BC2",1.667,-83.47845,-83.42166,35.07382,35.02734,"LITU","Liriodendron tulipifera"
"1590",1966,"HC2",NA,-83.47845,-83.42166,35.07382,35.02734,"LITU","Liriodendron tulipifera"
"1591",1966,"HCU.10",NA,-83.47845,-83.42166,35.07382,35.02734,"LITU","Liriodendron tulipifera"
"1592",1966,"HCU.1",NA,-83.47845,-83.42166,35.07382,35.02734,"LITU","Liriodendron tulipifera"
"1593",1966,"HCU.2",NA,-83.47845,-83.42166,35.07382,35.02734,"LITU","Liriodendron tulipifera"
"1594",1966,"HCU.3",NA,-83.47845,-83.42166,35.07382,35.02734,"LITU","Liriodendron tulipifera"
"1595",1966,"PB.9",2.951,-83.47845,-83.42166,35.07382,35.02734,"LITU","Liriodendron tulipifera"
"1596",1966,"PB.1",2.56,-83.47845,-83.42166,35.07382,35.02734,"LITU","Liriodendron tulipifera"
"1597",1966,"WB.6",0.926,-83.47845,-83.42166,35.07382,35.02734,"LITU","Liriodendron tulipifera"
"1598",1966,"WB.4",4.203,-83.47845,-83.42166,35.07382,35.02734,"LITU","Liriodendron tulipifera"
"1599",1966,"WB.5",1.886,-83.47845,-83.42166,35.07382,35.02734,"LITU","Liriodendron tulipifera"
"1600",1966,"WB.2",2.661,-83.47845,-83.42166,35.07382,35.02734,"LITU","Liriodendron tulipifera"
"1601",1966,"WB.3",1.357,-83.47845,-83.42166,35.07382,35.02734,"LITU","Liriodendron tulipifera"
"1602",1966,"CB.8",0.345,-83.47845,-83.42166,35.07382,35.02734,"LITU","Liriodendron tulipifera"
"1603",1966,"RB.2",2.14,-83.47845,-83.42166,35.07382,35.02734,"LITU","Liriodendron tulipifera"
"1604",1966,"RB.5",2.64,-83.47845,-83.42166,35.07382,35.02734,"LITU","Liriodendron tulipifera"
"1605",1966,"RB.8",2.476,-83.47845,-83.42166,35.07382,35.02734,"LITU","Liriodendron tulipifera"
"1606",1966,"RB.6",2.319,-83.47845,-83.42166,35.07382,35.02734,"LITU","Liriodendron tulipifera"
"1607",1966,"RB.9",2.937,-83.47845,-83.42166,35.07382,35.02734,"LITU","Liriodendron tulipifera"
"1608",1966,"RB.7",0.346,-83.47845,-83.42166,35.07382,35.02734,"LITU","Liriodendron tulipifera"
"1609",1966,"RB.1",1.465,-83.47845,-83.42166,35.07382,35.02734,"LITU","Liriodendron tulipifera"
"1610",1966,"HW.20",1.648,-83.47845,-83.42166,35.07382,35.02734,"LITU","Liriodendron tulipifera"
"1611",1966,"HW.15",1.985,-83.47845,-83.42166,35.07382,35.02734,"LITU","Liriodendron tulipifera"
"1612",1966,"HW.17",0.765,-83.47845,-83.42166,35.07382,35.02734,"LITU","Liriodendron tulipifera"
"1613",1966,"HLC.17",1.206,-83.47845,-83.42166,35.07382,35.02734,"LITU","Liriodendron tulipifera"
"1614",1966,"HLC.18",0.783,-83.47845,-83.42166,35.07382,35.02734,"LITU","Liriodendron tulipifera"
"1615",1966,"HLC.1",1.187,-83.47845,-83.42166,35.07382,35.02734,"LITU","Liriodendron tulipifera"
"1616",1966,"USF.24",1.765,-83.47845,-83.42166,35.07382,35.02734,"LITU","Liriodendron tulipifera"
"1617",1966,"BC.20",3.54,-83.47845,-83.42166,35.07382,35.02734,"LITU","Liriodendron tulipifera"
"1618",1966,"CB.12",1.229,-83.47845,-83.42166,35.07382,35.02734,"LITU","Liriodendron tulipifera"
"1619",1966,"HW.14",0.318,-83.47845,-83.42166,35.07382,35.02734,"LITU","Liriodendron tulipifera"
"1620",1966,"pm.821",0.39,-83.47845,-83.42166,35.07382,35.02734,"LITU","Liriodendron tulipifera"
"1621",1965,"BC1",1.785,-83.47845,-83.42166,35.07382,35.02734,"LITU","Liriodendron tulipifera"
"1622",1965,"HC12",NA,-83.47845,-83.42166,35.07382,35.02734,"LITU","Liriodendron tulipifera"
"1623",1965,"HC13",NA,-83.47845,-83.42166,35.07382,35.02734,"LITU","Liriodendron tulipifera"
"1624",1965,"HC1",NA,-83.47845,-83.42166,35.07382,35.02734,"LITU","Liriodendron tulipifera"
"1625",1965,"BC2",1.062,-83.47845,-83.42166,35.07382,35.02734,"LITU","Liriodendron tulipifera"
"1626",1965,"HC2",NA,-83.47845,-83.42166,35.07382,35.02734,"LITU","Liriodendron tulipifera"
"1627",1965,"HCU.10",NA,-83.47845,-83.42166,35.07382,35.02734,"LITU","Liriodendron tulipifera"
"1628",1965,"HCU.1",NA,-83.47845,-83.42166,35.07382,35.02734,"LITU","Liriodendron tulipifera"
"1629",1965,"HCU.2",NA,-83.47845,-83.42166,35.07382,35.02734,"LITU","Liriodendron tulipifera"
"1630",1965,"HCU.3",NA,-83.47845,-83.42166,35.07382,35.02734,"LITU","Liriodendron tulipifera"
"1631",1965,"PB.9",2.8,-83.47845,-83.42166,35.07382,35.02734,"LITU","Liriodendron tulipifera"
"1632",1965,"PB.1",2.536,-83.47845,-83.42166,35.07382,35.02734,"LITU","Liriodendron tulipifera"
"1633",1965,"WB.6",0.743,-83.47845,-83.42166,35.07382,35.02734,"LITU","Liriodendron tulipifera"
"1634",1965,"WB.4",4.098,-83.47845,-83.42166,35.07382,35.02734,"LITU","Liriodendron tulipifera"
"1635",1965,"WB.5",1.986,-83.47845,-83.42166,35.07382,35.02734,"LITU","Liriodendron tulipifera"
"1636",1965,"WB.2",2.781,-83.47845,-83.42166,35.07382,35.02734,"LITU","Liriodendron tulipifera"
"1637",1965,"WB.3",1.31,-83.47845,-83.42166,35.07382,35.02734,"LITU","Liriodendron tulipifera"
"1638",1965,"CB.8",0.37,-83.47845,-83.42166,35.07382,35.02734,"LITU","Liriodendron tulipifera"
"1639",1965,"RB.2",2.455,-83.47845,-83.42166,35.07382,35.02734,"LITU","Liriodendron tulipifera"
"1640",1965,"RB.5",3.111,-83.47845,-83.42166,35.07382,35.02734,"LITU","Liriodendron tulipifera"
"1641",1965,"RB.8",2.118,-83.47845,-83.42166,35.07382,35.02734,"LITU","Liriodendron tulipifera"
"1642",1965,"RB.6",2.136,-83.47845,-83.42166,35.07382,35.02734,"LITU","Liriodendron tulipifera"
"1643",1965,"RB.9",2.399,-83.47845,-83.42166,35.07382,35.02734,"LITU","Liriodendron tulipifera"
"1644",1965,"RB.7",0.4,-83.47845,-83.42166,35.07382,35.02734,"LITU","Liriodendron tulipifera"
"1645",1965,"RB.1",1.262,-83.47845,-83.42166,35.07382,35.02734,"LITU","Liriodendron tulipifera"
"1646",1965,"HW.20",1.607,-83.47845,-83.42166,35.07382,35.02734,"LITU","Liriodendron tulipifera"
"1647",1965,"HW.15",1.596,-83.47845,-83.42166,35.07382,35.02734,"LITU","Liriodendron tulipifera"
"1648",1965,"HW.17",0.778,-83.47845,-83.42166,35.07382,35.02734,"LITU","Liriodendron tulipifera"
"1649",1965,"HLC.17",1.399,-83.47845,-83.42166,35.07382,35.02734,"LITU","Liriodendron tulipifera"
"1650",1965,"HLC.18",0.466,-83.47845,-83.42166,35.07382,35.02734,"LITU","Liriodendron tulipifera"
"1651",1965,"HLC.1",1.19,-83.47845,-83.42166,35.07382,35.02734,"LITU","Liriodendron tulipifera"
"1652",1965,"USF.24",1.742,-83.47845,-83.42166,35.07382,35.02734,"LITU","Liriodendron tulipifera"
"1653",1965,"BC.20",2.45,-83.47845,-83.42166,35.07382,35.02734,"LITU","Liriodendron tulipifera"
"1654",1965,"CB.12",0.879,-83.47845,-83.42166,35.07382,35.02734,"LITU","Liriodendron tulipifera"
"1655",1965,"HW.14",0.459,-83.47845,-83.42166,35.07382,35.02734,"LITU","Liriodendron tulipifera"
"1656",1965,"pm.821",0.257,-83.47845,-83.42166,35.07382,35.02734,"LITU","Liriodendron tulipifera"
"1657",1964,"BC1",1.749,-83.47845,-83.42166,35.07382,35.02734,"LITU","Liriodendron tulipifera"
"1658",1964,"HC12",NA,-83.47845,-83.42166,35.07382,35.02734,"LITU","Liriodendron tulipifera"
"1659",1964,"HC13",NA,-83.47845,-83.42166,35.07382,35.02734,"LITU","Liriodendron tulipifera"
"1660",1964,"HC1",NA,-83.47845,-83.42166,35.07382,35.02734,"LITU","Liriodendron tulipifera"
"1661",1964,"BC2",0.811,-83.47845,-83.42166,35.07382,35.02734,"LITU","Liriodendron tulipifera"
"1662",1964,"HC2",NA,-83.47845,-83.42166,35.07382,35.02734,"LITU","Liriodendron tulipifera"
"1663",1964,"HCU.10",NA,-83.47845,-83.42166,35.07382,35.02734,"LITU","Liriodendron tulipifera"
"1664",1964,"HCU.1",NA,-83.47845,-83.42166,35.07382,35.02734,"LITU","Liriodendron tulipifera"
"1665",1964,"HCU.2",NA,-83.47845,-83.42166,35.07382,35.02734,"LITU","Liriodendron tulipifera"
"1666",1964,"HCU.3",NA,-83.47845,-83.42166,35.07382,35.02734,"LITU","Liriodendron tulipifera"
"1667",1964,"PB.9",2.379,-83.47845,-83.42166,35.07382,35.02734,"LITU","Liriodendron tulipifera"
"1668",1964,"PB.1",2.878,-83.47845,-83.42166,35.07382,35.02734,"LITU","Liriodendron tulipifera"
"1669",1964,"WB.6",0.875,-83.47845,-83.42166,35.07382,35.02734,"LITU","Liriodendron tulipifera"
"1670",1964,"WB.4",3.936,-83.47845,-83.42166,35.07382,35.02734,"LITU","Liriodendron tulipifera"
"1671",1964,"WB.5",2.178,-83.47845,-83.42166,35.07382,35.02734,"LITU","Liriodendron tulipifera"
"1672",1964,"WB.2",2.038,-83.47845,-83.42166,35.07382,35.02734,"LITU","Liriodendron tulipifera"
"1673",1964,"WB.3",1.215,-83.47845,-83.42166,35.07382,35.02734,"LITU","Liriodendron tulipifera"
"1674",1964,"CB.8",0.285,-83.47845,-83.42166,35.07382,35.02734,"LITU","Liriodendron tulipifera"
"1675",1964,"RB.2",2.837,-83.47845,-83.42166,35.07382,35.02734,"LITU","Liriodendron tulipifera"
"1676",1964,"RB.5",3.143,-83.47845,-83.42166,35.07382,35.02734,"LITU","Liriodendron tulipifera"
"1677",1964,"RB.8",2.598,-83.47845,-83.42166,35.07382,35.02734,"LITU","Liriodendron tulipifera"
"1678",1964,"RB.6",2.354,-83.47845,-83.42166,35.07382,35.02734,"LITU","Liriodendron tulipifera"
"1679",1964,"RB.9",2.753,-83.47845,-83.42166,35.07382,35.02734,"LITU","Liriodendron tulipifera"
"1680",1964,"RB.7",0.461,-83.47845,-83.42166,35.07382,35.02734,"LITU","Liriodendron tulipifera"
"1681",1964,"RB.1",1.355,-83.47845,-83.42166,35.07382,35.02734,"LITU","Liriodendron tulipifera"
"1682",1964,"HW.20",1.367,-83.47845,-83.42166,35.07382,35.02734,"LITU","Liriodendron tulipifera"
"1683",1964,"HW.15",1.065,-83.47845,-83.42166,35.07382,35.02734,"LITU","Liriodendron tulipifera"
"1684",1964,"HW.17",0.43,-83.47845,-83.42166,35.07382,35.02734,"LITU","Liriodendron tulipifera"
"1685",1964,"HLC.17",1.069,-83.47845,-83.42166,35.07382,35.02734,"LITU","Liriodendron tulipifera"
"1686",1964,"HLC.18",0.403,-83.47845,-83.42166,35.07382,35.02734,"LITU","Liriodendron tulipifera"
"1687",1964,"HLC.1",1.286,-83.47845,-83.42166,35.07382,35.02734,"LITU","Liriodendron tulipifera"
"1688",1964,"USF.24",1.321,-83.47845,-83.42166,35.07382,35.02734,"LITU","Liriodendron tulipifera"
"1689",1964,"BC.20",2.54,-83.47845,-83.42166,35.07382,35.02734,"LITU","Liriodendron tulipifera"
"1690",1964,"CB.12",0.839,-83.47845,-83.42166,35.07382,35.02734,"LITU","Liriodendron tulipifera"
"1691",1964,"HW.14",0.475,-83.47845,-83.42166,35.07382,35.02734,"LITU","Liriodendron tulipifera"
"1692",1964,"pm.821",0.318,-83.47845,-83.42166,35.07382,35.02734,"LITU","Liriodendron tulipifera"
"1693",1963,"BC1",2.096,-83.47845,-83.42166,35.07382,35.02734,"LITU","Liriodendron tulipifera"
"1694",1963,"HC12",NA,-83.47845,-83.42166,35.07382,35.02734,"LITU","Liriodendron tulipifera"
"1695",1963,"HC13",NA,-83.47845,-83.42166,35.07382,35.02734,"LITU","Liriodendron tulipifera"
"1696",1963,"HC1",NA,-83.47845,-83.42166,35.07382,35.02734,"LITU","Liriodendron tulipifera"
"1697",1963,"BC2",0.838,-83.47845,-83.42166,35.07382,35.02734,"LITU","Liriodendron tulipifera"
"1698",1963,"HC2",NA,-83.47845,-83.42166,35.07382,35.02734,"LITU","Liriodendron tulipifera"
"1699",1963,"HCU.10",NA,-83.47845,-83.42166,35.07382,35.02734,"LITU","Liriodendron tulipifera"
"1700",1963,"HCU.1",NA,-83.47845,-83.42166,35.07382,35.02734,"LITU","Liriodendron tulipifera"
"1701",1963,"HCU.2",NA,-83.47845,-83.42166,35.07382,35.02734,"LITU","Liriodendron tulipifera"
"1702",1963,"HCU.3",NA,-83.47845,-83.42166,35.07382,35.02734,"LITU","Liriodendron tulipifera"
"1703",1963,"PB.9",2.513,-83.47845,-83.42166,35.07382,35.02734,"LITU","Liriodendron tulipifera"
"1704",1963,"PB.1",2.894,-83.47845,-83.42166,35.07382,35.02734,"LITU","Liriodendron tulipifera"
"1705",1963,"WB.6",0.484,-83.47845,-83.42166,35.07382,35.02734,"LITU","Liriodendron tulipifera"
"1706",1963,"WB.4",4.613,-83.47845,-83.42166,35.07382,35.02734,"LITU","Liriodendron tulipifera"
"1707",1963,"WB.5",1.806,-83.47845,-83.42166,35.07382,35.02734,"LITU","Liriodendron tulipifera"
"1708",1963,"WB.2",2.413,-83.47845,-83.42166,35.07382,35.02734,"LITU","Liriodendron tulipifera"
"1709",1963,"WB.3",1.759,-83.47845,-83.42166,35.07382,35.02734,"LITU","Liriodendron tulipifera"
"1710",1963,"CB.8",0.292,-83.47845,-83.42166,35.07382,35.02734,"LITU","Liriodendron tulipifera"
"1711",1963,"RB.2",2.386,-83.47845,-83.42166,35.07382,35.02734,"LITU","Liriodendron tulipifera"
"1712",1963,"RB.5",3.624,-83.47845,-83.42166,35.07382,35.02734,"LITU","Liriodendron tulipifera"
"1713",1963,"RB.8",4.418,-83.47845,-83.42166,35.07382,35.02734,"LITU","Liriodendron tulipifera"
"1714",1963,"RB.6",2.891,-83.47845,-83.42166,35.07382,35.02734,"LITU","Liriodendron tulipifera"
"1715",1963,"RB.9",4.247,-83.47845,-83.42166,35.07382,35.02734,"LITU","Liriodendron tulipifera"
"1716",1963,"RB.7",0.637,-83.47845,-83.42166,35.07382,35.02734,"LITU","Liriodendron tulipifera"
"1717",1963,"RB.1",1.257,-83.47845,-83.42166,35.07382,35.02734,"LITU","Liriodendron tulipifera"
"1718",1963,"HW.20",1.099,-83.47845,-83.42166,35.07382,35.02734,"LITU","Liriodendron tulipifera"
"1719",1963,"HW.15",2.244,-83.47845,-83.42166,35.07382,35.02734,"LITU","Liriodendron tulipifera"
"1720",1963,"HW.17",0.652,-83.47845,-83.42166,35.07382,35.02734,"LITU","Liriodendron tulipifera"
"1721",1963,"HLC.17",0.93,-83.47845,-83.42166,35.07382,35.02734,"LITU","Liriodendron tulipifera"
"1722",1963,"HLC.18",0.455,-83.47845,-83.42166,35.07382,35.02734,"LITU","Liriodendron tulipifera"
"1723",1963,"HLC.1",1.074,-83.47845,-83.42166,35.07382,35.02734,"LITU","Liriodendron tulipifera"
"1724",1963,"USF.24",1.406,-83.47845,-83.42166,35.07382,35.02734,"LITU","Liriodendron tulipifera"
"1725",1963,"BC.20",1.785,-83.47845,-83.42166,35.07382,35.02734,"LITU","Liriodendron tulipifera"
"1726",1963,"CB.12",0.845,-83.47845,-83.42166,35.07382,35.02734,"LITU","Liriodendron tulipifera"
"1727",1963,"HW.14",0.557,-83.47845,-83.42166,35.07382,35.02734,"LITU","Liriodendron tulipifera"
"1728",1963,"pm.821",0.295,-83.47845,-83.42166,35.07382,35.02734,"LITU","Liriodendron tulipifera"
"1729",1962,"BC1",2.389,-83.47845,-83.42166,35.07382,35.02734,"LITU","Liriodendron tulipifera"
"1730",1962,"HC12",NA,-83.47845,-83.42166,35.07382,35.02734,"LITU","Liriodendron tulipifera"
"1731",1962,"HC13",NA,-83.47845,-83.42166,35.07382,35.02734,"LITU","Liriodendron tulipifera"
"1732",1962,"HC1",NA,-83.47845,-83.42166,35.07382,35.02734,"LITU","Liriodendron tulipifera"
"1733",1962,"BC2",1.068,-83.47845,-83.42166,35.07382,35.02734,"LITU","Liriodendron tulipifera"
"1734",1962,"HC2",NA,-83.47845,-83.42166,35.07382,35.02734,"LITU","Liriodendron tulipifera"
"1735",1962,"HCU.10",NA,-83.47845,-83.42166,35.07382,35.02734,"LITU","Liriodendron tulipifera"
"1736",1962,"HCU.1",NA,-83.47845,-83.42166,35.07382,35.02734,"LITU","Liriodendron tulipifera"
"1737",1962,"HCU.2",NA,-83.47845,-83.42166,35.07382,35.02734,"LITU","Liriodendron tulipifera"
"1738",1962,"HCU.3",NA,-83.47845,-83.42166,35.07382,35.02734,"LITU","Liriodendron tulipifera"
"1739",1962,"PB.9",2.635,-83.47845,-83.42166,35.07382,35.02734,"LITU","Liriodendron tulipifera"
"1740",1962,"PB.1",3.248,-83.47845,-83.42166,35.07382,35.02734,"LITU","Liriodendron tulipifera"
"1741",1962,"WB.6",0.435,-83.47845,-83.42166,35.07382,35.02734,"LITU","Liriodendron tulipifera"
"1742",1962,"WB.4",4.798,-83.47845,-83.42166,35.07382,35.02734,"LITU","Liriodendron tulipifera"
"1743",1962,"WB.5",1.584,-83.47845,-83.42166,35.07382,35.02734,"LITU","Liriodendron tulipifera"
"1744",1962,"WB.2",2.777,-83.47845,-83.42166,35.07382,35.02734,"LITU","Liriodendron tulipifera"
"1745",1962,"WB.3",1.914,-83.47845,-83.42166,35.07382,35.02734,"LITU","Liriodendron tulipifera"
"1746",1962,"CB.8",0.448,-83.47845,-83.42166,35.07382,35.02734,"LITU","Liriodendron tulipifera"
"1747",1962,"RB.2",1.883,-83.47845,-83.42166,35.07382,35.02734,"LITU","Liriodendron tulipifera"
"1748",1962,"RB.5",2.668,-83.47845,-83.42166,35.07382,35.02734,"LITU","Liriodendron tulipifera"
"1749",1962,"RB.8",3.565,-83.47845,-83.42166,35.07382,35.02734,"LITU","Liriodendron tulipifera"
"1750",1962,"RB.6",1.931,-83.47845,-83.42166,35.07382,35.02734,"LITU","Liriodendron tulipifera"
"1751",1962,"RB.9",3.26,-83.47845,-83.42166,35.07382,35.02734,"LITU","Liriodendron tulipifera"
"1752",1962,"RB.7",0.692,-83.47845,-83.42166,35.07382,35.02734,"LITU","Liriodendron tulipifera"
"1753",1962,"RB.1",1.406,-83.47845,-83.42166,35.07382,35.02734,"LITU","Liriodendron tulipifera"
"1754",1962,"HW.20",1.09,-83.47845,-83.42166,35.07382,35.02734,"LITU","Liriodendron tulipifera"
"1755",1962,"HW.15",1.63,-83.47845,-83.42166,35.07382,35.02734,"LITU","Liriodendron tulipifera"
"1756",1962,"HW.17",1.109,-83.47845,-83.42166,35.07382,35.02734,"LITU","Liriodendron tulipifera"
"1757",1962,"HLC.17",1.323,-83.47845,-83.42166,35.07382,35.02734,"LITU","Liriodendron tulipifera"
"1758",1962,"HLC.18",0.489,-83.47845,-83.42166,35.07382,35.02734,"LITU","Liriodendron tulipifera"
"1759",1962,"HLC.1",1.665,-83.47845,-83.42166,35.07382,35.02734,"LITU","Liriodendron tulipifera"
"1760",1962,"USF.24",1.52,-83.47845,-83.42166,35.07382,35.02734,"LITU","Liriodendron tulipifera"
"1761",1962,"BC.20",1.652,-83.47845,-83.42166,35.07382,35.02734,"LITU","Liriodendron tulipifera"
"1762",1962,"CB.12",0.8,-83.47845,-83.42166,35.07382,35.02734,"LITU","Liriodendron tulipifera"
"1763",1962,"HW.14",0.708,-83.47845,-83.42166,35.07382,35.02734,"LITU","Liriodendron tulipifera"
"1764",1962,"pm.821",0.409,-83.47845,-83.42166,35.07382,35.02734,"LITU","Liriodendron tulipifera"
"1765",1961,"BC1",1.789,-83.47845,-83.42166,35.07382,35.02734,"LITU","Liriodendron tulipifera"
"1766",1961,"HC12",NA,-83.47845,-83.42166,35.07382,35.02734,"LITU","Liriodendron tulipifera"
"1767",1961,"HC13",NA,-83.47845,-83.42166,35.07382,35.02734,"LITU","Liriodendron tulipifera"
"1768",1961,"HC1",NA,-83.47845,-83.42166,35.07382,35.02734,"LITU","Liriodendron tulipifera"
"1769",1961,"BC2",0.992,-83.47845,-83.42166,35.07382,35.02734,"LITU","Liriodendron tulipifera"
"1770",1961,"HC2",NA,-83.47845,-83.42166,35.07382,35.02734,"LITU","Liriodendron tulipifera"
"1771",1961,"HCU.10",NA,-83.47845,-83.42166,35.07382,35.02734,"LITU","Liriodendron tulipifera"
"1772",1961,"HCU.1",NA,-83.47845,-83.42166,35.07382,35.02734,"LITU","Liriodendron tulipifera"
"1773",1961,"HCU.2",NA,-83.47845,-83.42166,35.07382,35.02734,"LITU","Liriodendron tulipifera"
"1774",1961,"HCU.3",NA,-83.47845,-83.42166,35.07382,35.02734,"LITU","Liriodendron tulipifera"
"1775",1961,"PB.9",2.175,-83.47845,-83.42166,35.07382,35.02734,"LITU","Liriodendron tulipifera"
"1776",1961,"PB.1",3.773,-83.47845,-83.42166,35.07382,35.02734,"LITU","Liriodendron tulipifera"
"1777",1961,"WB.6",0.532,-83.47845,-83.42166,35.07382,35.02734,"LITU","Liriodendron tulipifera"
"1778",1961,"WB.4",3.423,-83.47845,-83.42166,35.07382,35.02734,"LITU","Liriodendron tulipifera"
"1779",1961,"WB.5",1.911,-83.47845,-83.42166,35.07382,35.02734,"LITU","Liriodendron tulipifera"
"1780",1961,"WB.2",2.575,-83.47845,-83.42166,35.07382,35.02734,"LITU","Liriodendron tulipifera"
"1781",1961,"WB.3",1.556,-83.47845,-83.42166,35.07382,35.02734,"LITU","Liriodendron tulipifera"
"1782",1961,"CB.8",0.488,-83.47845,-83.42166,35.07382,35.02734,"LITU","Liriodendron tulipifera"
"1783",1961,"RB.2",2.052,-83.47845,-83.42166,35.07382,35.02734,"LITU","Liriodendron tulipifera"
"1784",1961,"RB.5",3.141,-83.47845,-83.42166,35.07382,35.02734,"LITU","Liriodendron tulipifera"
"1785",1961,"RB.8",3.303,-83.47845,-83.42166,35.07382,35.02734,"LITU","Liriodendron tulipifera"
"1786",1961,"RB.6",2.197,-83.47845,-83.42166,35.07382,35.02734,"LITU","Liriodendron tulipifera"
"1787",1961,"RB.9",4.005,-83.47845,-83.42166,35.07382,35.02734,"LITU","Liriodendron tulipifera"
"1788",1961,"RB.7",0.814,-83.47845,-83.42166,35.07382,35.02734,"LITU","Liriodendron tulipifera"
"1789",1961,"RB.1",1.421,-83.47845,-83.42166,35.07382,35.02734,"LITU","Liriodendron tulipifera"
"1790",1961,"HW.20",1.1,-83.47845,-83.42166,35.07382,35.02734,"LITU","Liriodendron tulipifera"
"1791",1961,"HW.15",1.948,-83.47845,-83.42166,35.07382,35.02734,"LITU","Liriodendron tulipifera"
"1792",1961,"HW.17",0.739,-83.47845,-83.42166,35.07382,35.02734,"LITU","Liriodendron tulipifera"
"1793",1961,"HLC.17",1.408,-83.47845,-83.42166,35.07382,35.02734,"LITU","Liriodendron tulipifera"
"1794",1961,"HLC.18",0.462,-83.47845,-83.42166,35.07382,35.02734,"LITU","Liriodendron tulipifera"
"1795",1961,"HLC.1",2.013,-83.47845,-83.42166,35.07382,35.02734,"LITU","Liriodendron tulipifera"
"1796",1961,"USF.24",2.088,-83.47845,-83.42166,35.07382,35.02734,"LITU","Liriodendron tulipifera"
"1797",1961,"BC.20",1.44,-83.47845,-83.42166,35.07382,35.02734,"LITU","Liriodendron tulipifera"
"1798",1961,"CB.12",0.633,-83.47845,-83.42166,35.07382,35.02734,"LITU","Liriodendron tulipifera"
"1799",1961,"HW.14",0.805,-83.47845,-83.42166,35.07382,35.02734,"LITU","Liriodendron tulipifera"
"1800",1961,"pm.821",0.341,-83.47845,-83.42166,35.07382,35.02734,"LITU","Liriodendron tulipifera"
"1801",1960,"BC1",2.301,-83.47845,-83.42166,35.07382,35.02734,"LITU","Liriodendron tulipifera"
"1802",1960,"HC12",NA,-83.47845,-83.42166,35.07382,35.02734,"LITU","Liriodendron tulipifera"
"1803",1960,"HC13",NA,-83.47845,-83.42166,35.07382,35.02734,"LITU","Liriodendron tulipifera"
"1804",1960,"HC1",NA,-83.47845,-83.42166,35.07382,35.02734,"LITU","Liriodendron tulipifera"
"1805",1960,"BC2",1.032,-83.47845,-83.42166,35.07382,35.02734,"LITU","Liriodendron tulipifera"
"1806",1960,"HC2",NA,-83.47845,-83.42166,35.07382,35.02734,"LITU","Liriodendron tulipifera"
"1807",1960,"HCU.10",NA,-83.47845,-83.42166,35.07382,35.02734,"LITU","Liriodendron tulipifera"
"1808",1960,"HCU.1",NA,-83.47845,-83.42166,35.07382,35.02734,"LITU","Liriodendron tulipifera"
"1809",1960,"HCU.2",NA,-83.47845,-83.42166,35.07382,35.02734,"LITU","Liriodendron tulipifera"
"1810",1960,"HCU.3",NA,-83.47845,-83.42166,35.07382,35.02734,"LITU","Liriodendron tulipifera"
"1811",1960,"PB.9",1.773,-83.47845,-83.42166,35.07382,35.02734,"LITU","Liriodendron tulipifera"
"1812",1960,"PB.1",4.248,-83.47845,-83.42166,35.07382,35.02734,"LITU","Liriodendron tulipifera"
"1813",1960,"WB.6",0.688,-83.47845,-83.42166,35.07382,35.02734,"LITU","Liriodendron tulipifera"
"1814",1960,"WB.4",3.867,-83.47845,-83.42166,35.07382,35.02734,"LITU","Liriodendron tulipifera"
"1815",1960,"WB.5",1.752,-83.47845,-83.42166,35.07382,35.02734,"LITU","Liriodendron tulipifera"
"1816",1960,"WB.2",2.652,-83.47845,-83.42166,35.07382,35.02734,"LITU","Liriodendron tulipifera"
"1817",1960,"WB.3",1.582,-83.47845,-83.42166,35.07382,35.02734,"LITU","Liriodendron tulipifera"
"1818",1960,"CB.8",0.974,-83.47845,-83.42166,35.07382,35.02734,"LITU","Liriodendron tulipifera"
"1819",1960,"RB.2",1.791,-83.47845,-83.42166,35.07382,35.02734,"LITU","Liriodendron tulipifera"
"1820",1960,"RB.5",2.571,-83.47845,-83.42166,35.07382,35.02734,"LITU","Liriodendron tulipifera"
"1821",1960,"RB.8",2.562,-83.47845,-83.42166,35.07382,35.02734,"LITU","Liriodendron tulipifera"
"1822",1960,"RB.6",2.053,-83.47845,-83.42166,35.07382,35.02734,"LITU","Liriodendron tulipifera"
"1823",1960,"RB.9",2.952,-83.47845,-83.42166,35.07382,35.02734,"LITU","Liriodendron tulipifera"
"1824",1960,"RB.7",1.138,-83.47845,-83.42166,35.07382,35.02734,"LITU","Liriodendron tulipifera"
"1825",1960,"RB.1",1.364,-83.47845,-83.42166,35.07382,35.02734,"LITU","Liriodendron tulipifera"
"1826",1960,"HW.20",1.206,-83.47845,-83.42166,35.07382,35.02734,"LITU","Liriodendron tulipifera"
"1827",1960,"HW.15",2.016,-83.47845,-83.42166,35.07382,35.02734,"LITU","Liriodendron tulipifera"
"1828",1960,"HW.17",0.936,-83.47845,-83.42166,35.07382,35.02734,"LITU","Liriodendron tulipifera"
"1829",1960,"HLC.17",1.179,-83.47845,-83.42166,35.07382,35.02734,"LITU","Liriodendron tulipifera"
"1830",1960,"HLC.18",0.342,-83.47845,-83.42166,35.07382,35.02734,"LITU","Liriodendron tulipifera"
"1831",1960,"HLC.1",2.056,-83.47845,-83.42166,35.07382,35.02734,"LITU","Liriodendron tulipifera"
"1832",1960,"USF.24",2.017,-83.47845,-83.42166,35.07382,35.02734,"LITU","Liriodendron tulipifera"
"1833",1960,"BC.20",1.609,-83.47845,-83.42166,35.07382,35.02734,"LITU","Liriodendron tulipifera"
"1834",1960,"CB.12",0.73,-83.47845,-83.42166,35.07382,35.02734,"LITU","Liriodendron tulipifera"
"1835",1960,"HW.14",0.474,-83.47845,-83.42166,35.07382,35.02734,"LITU","Liriodendron tulipifera"
"1836",1960,"pm.821",0.207,-83.47845,-83.42166,35.07382,35.02734,"LITU","Liriodendron tulipifera"
"1837",1959,"BC1",2.471,-83.47845,-83.42166,35.07382,35.02734,"LITU","Liriodendron tulipifera"
"1838",1959,"HC12",NA,-83.47845,-83.42166,35.07382,35.02734,"LITU","Liriodendron tulipifera"
"1839",1959,"HC13",NA,-83.47845,-83.42166,35.07382,35.02734,"LITU","Liriodendron tulipifera"
"1840",1959,"HC1",NA,-83.47845,-83.42166,35.07382,35.02734,"LITU","Liriodendron tulipifera"
"1841",1959,"BC2",0.774,-83.47845,-83.42166,35.07382,35.02734,"LITU","Liriodendron tulipifera"
"1842",1959,"HC2",NA,-83.47845,-83.42166,35.07382,35.02734,"LITU","Liriodendron tulipifera"
"1843",1959,"HCU.10",NA,-83.47845,-83.42166,35.07382,35.02734,"LITU","Liriodendron tulipifera"
"1844",1959,"HCU.1",NA,-83.47845,-83.42166,35.07382,35.02734,"LITU","Liriodendron tulipifera"
"1845",1959,"HCU.2",NA,-83.47845,-83.42166,35.07382,35.02734,"LITU","Liriodendron tulipifera"
"1846",1959,"HCU.3",NA,-83.47845,-83.42166,35.07382,35.02734,"LITU","Liriodendron tulipifera"
"1847",1959,"PB.9",1.946,-83.47845,-83.42166,35.07382,35.02734,"LITU","Liriodendron tulipifera"
"1848",1959,"PB.1",4.155,-83.47845,-83.42166,35.07382,35.02734,"LITU","Liriodendron tulipifera"
"1849",1959,"WB.6",0.621,-83.47845,-83.42166,35.07382,35.02734,"LITU","Liriodendron tulipifera"
"1850",1959,"WB.4",3.652,-83.47845,-83.42166,35.07382,35.02734,"LITU","Liriodendron tulipifera"
"1851",1959,"WB.5",2.893,-83.47845,-83.42166,35.07382,35.02734,"LITU","Liriodendron tulipifera"
"1852",1959,"WB.2",3.126,-83.47845,-83.42166,35.07382,35.02734,"LITU","Liriodendron tulipifera"
"1853",1959,"WB.3",1.743,-83.47845,-83.42166,35.07382,35.02734,"LITU","Liriodendron tulipifera"
"1854",1959,"CB.8",0.564,-83.47845,-83.42166,35.07382,35.02734,"LITU","Liriodendron tulipifera"
"1855",1959,"RB.2",2.133,-83.47845,-83.42166,35.07382,35.02734,"LITU","Liriodendron tulipifera"
"1856",1959,"RB.5",2.54,-83.47845,-83.42166,35.07382,35.02734,"LITU","Liriodendron tulipifera"
"1857",1959,"RB.8",2.682,-83.47845,-83.42166,35.07382,35.02734,"LITU","Liriodendron tulipifera"
"1858",1959,"RB.6",1.778,-83.47845,-83.42166,35.07382,35.02734,"LITU","Liriodendron tulipifera"
"1859",1959,"RB.9",3.215,-83.47845,-83.42166,35.07382,35.02734,"LITU","Liriodendron tulipifera"
"1860",1959,"RB.7",0.921,-83.47845,-83.42166,35.07382,35.02734,"LITU","Liriodendron tulipifera"
"1861",1959,"RB.1",1.37,-83.47845,-83.42166,35.07382,35.02734,"LITU","Liriodendron tulipifera"
"1862",1959,"HW.20",1.241,-83.47845,-83.42166,35.07382,35.02734,"LITU","Liriodendron tulipifera"
"1863",1959,"HW.15",1.932,-83.47845,-83.42166,35.07382,35.02734,"LITU","Liriodendron tulipifera"
"1864",1959,"HW.17",0.41,-83.47845,-83.42166,35.07382,35.02734,"LITU","Liriodendron tulipifera"
"1865",1959,"HLC.17",1.254,-83.47845,-83.42166,35.07382,35.02734,"LITU","Liriodendron tulipifera"
"1866",1959,"HLC.18",0.373,-83.47845,-83.42166,35.07382,35.02734,"LITU","Liriodendron tulipifera"
"1867",1959,"HLC.1",1.867,-83.47845,-83.42166,35.07382,35.02734,"LITU","Liriodendron tulipifera"
"1868",1959,"USF.24",2.109,-83.47845,-83.42166,35.07382,35.02734,"LITU","Liriodendron tulipifera"
"1869",1959,"BC.20",1.259,-83.47845,-83.42166,35.07382,35.02734,"LITU","Liriodendron tulipifera"
"1870",1959,"CB.12",0.66,-83.47845,-83.42166,35.07382,35.02734,"LITU","Liriodendron tulipifera"
"1871",1959,"HW.14",0.831,-83.47845,-83.42166,35.07382,35.02734,"LITU","Liriodendron tulipifera"
"1872",1959,"pm.821",0.3,-83.47845,-83.42166,35.07382,35.02734,"LITU","Liriodendron tulipifera"
"1873",1958,"BC1",2.379,-83.47845,-83.42166,35.07382,35.02734,"LITU","Liriodendron tulipifera"
"1874",1958,"HC12",NA,-83.47845,-83.42166,35.07382,35.02734,"LITU","Liriodendron tulipifera"
"1875",1958,"HC13",NA,-83.47845,-83.42166,35.07382,35.02734,"LITU","Liriodendron tulipifera"
"1876",1958,"HC1",NA,-83.47845,-83.42166,35.07382,35.02734,"LITU","Liriodendron tulipifera"
"1877",1958,"BC2",0.653,-83.47845,-83.42166,35.07382,35.02734,"LITU","Liriodendron tulipifera"
"1878",1958,"HC2",NA,-83.47845,-83.42166,35.07382,35.02734,"LITU","Liriodendron tulipifera"
"1879",1958,"HCU.10",NA,-83.47845,-83.42166,35.07382,35.02734,"LITU","Liriodendron tulipifera"
"1880",1958,"HCU.1",NA,-83.47845,-83.42166,35.07382,35.02734,"LITU","Liriodendron tulipifera"
"1881",1958,"HCU.2",NA,-83.47845,-83.42166,35.07382,35.02734,"LITU","Liriodendron tulipifera"
"1882",1958,"HCU.3",NA,-83.47845,-83.42166,35.07382,35.02734,"LITU","Liriodendron tulipifera"
"1883",1958,"PB.9",1.575,-83.47845,-83.42166,35.07382,35.02734,"LITU","Liriodendron tulipifera"
"1884",1958,"PB.1",3.612,-83.47845,-83.42166,35.07382,35.02734,"LITU","Liriodendron tulipifera"
"1885",1958,"WB.6",0.691,-83.47845,-83.42166,35.07382,35.02734,"LITU","Liriodendron tulipifera"
"1886",1958,"WB.4",2.673,-83.47845,-83.42166,35.07382,35.02734,"LITU","Liriodendron tulipifera"
"1887",1958,"WB.5",2.047,-83.47845,-83.42166,35.07382,35.02734,"LITU","Liriodendron tulipifera"
"1888",1958,"WB.2",3.084,-83.47845,-83.42166,35.07382,35.02734,"LITU","Liriodendron tulipifera"
"1889",1958,"WB.3",1.356,-83.47845,-83.42166,35.07382,35.02734,"LITU","Liriodendron tulipifera"
"1890",1958,"CB.8",0.494,-83.47845,-83.42166,35.07382,35.02734,"LITU","Liriodendron tulipifera"
"1891",1958,"RB.2",1.976,-83.47845,-83.42166,35.07382,35.02734,"LITU","Liriodendron tulipifera"
"1892",1958,"RB.5",2.345,-83.47845,-83.42166,35.07382,35.02734,"LITU","Liriodendron tulipifera"
"1893",1958,"RB.8",2.665,-83.47845,-83.42166,35.07382,35.02734,"LITU","Liriodendron tulipifera"
"1894",1958,"RB.6",1.428,-83.47845,-83.42166,35.07382,35.02734,"LITU","Liriodendron tulipifera"
"1895",1958,"RB.9",3.833,-83.47845,-83.42166,35.07382,35.02734,"LITU","Liriodendron tulipifera"
"1896",1958,"RB.7",1.306,-83.47845,-83.42166,35.07382,35.02734,"LITU","Liriodendron tulipifera"
"1897",1958,"RB.1",1.558,-83.47845,-83.42166,35.07382,35.02734,"LITU","Liriodendron tulipifera"
"1898",1958,"HW.20",1.401,-83.47845,-83.42166,35.07382,35.02734,"LITU","Liriodendron tulipifera"
"1899",1958,"HW.15",1.511,-83.47845,-83.42166,35.07382,35.02734,"LITU","Liriodendron tulipifera"
"1900",1958,"HW.17",0.429,-83.47845,-83.42166,35.07382,35.02734,"LITU","Liriodendron tulipifera"
"1901",1958,"HLC.17",0.975,-83.47845,-83.42166,35.07382,35.02734,"LITU","Liriodendron tulipifera"
"1902",1958,"HLC.18",0.441,-83.47845,-83.42166,35.07382,35.02734,"LITU","Liriodendron tulipifera"
"1903",1958,"HLC.1",2.323,-83.47845,-83.42166,35.07382,35.02734,"LITU","Liriodendron tulipifera"
"1904",1958,"USF.24",2.29,-83.47845,-83.42166,35.07382,35.02734,"LITU","Liriodendron tulipifera"
"1905",1958,"BC.20",0.812,-83.47845,-83.42166,35.07382,35.02734,"LITU","Liriodendron tulipifera"
"1906",1958,"CB.12",0.677,-83.47845,-83.42166,35.07382,35.02734,"LITU","Liriodendron tulipifera"
"1907",1958,"HW.14",0.658,-83.47845,-83.42166,35.07382,35.02734,"LITU","Liriodendron tulipifera"
"1908",1958,"pm.821",0.289,-83.47845,-83.42166,35.07382,35.02734,"LITU","Liriodendron tulipifera"
"1909",1957,"BC1",2.893,-83.47845,-83.42166,35.07382,35.02734,"LITU","Liriodendron tulipifera"
"1910",1957,"HC12",NA,-83.47845,-83.42166,35.07382,35.02734,"LITU","Liriodendron tulipifera"
"1911",1957,"HC13",NA,-83.47845,-83.42166,35.07382,35.02734,"LITU","Liriodendron tulipifera"
"1912",1957,"HC1",NA,-83.47845,-83.42166,35.07382,35.02734,"LITU","Liriodendron tulipifera"
"1913",1957,"BC2",1.505,-83.47845,-83.42166,35.07382,35.02734,"LITU","Liriodendron tulipifera"
"1914",1957,"HC2",NA,-83.47845,-83.42166,35.07382,35.02734,"LITU","Liriodendron tulipifera"
"1915",1957,"HCU.10",NA,-83.47845,-83.42166,35.07382,35.02734,"LITU","Liriodendron tulipifera"
"1916",1957,"HCU.1",NA,-83.47845,-83.42166,35.07382,35.02734,"LITU","Liriodendron tulipifera"
"1917",1957,"HCU.2",NA,-83.47845,-83.42166,35.07382,35.02734,"LITU","Liriodendron tulipifera"
"1918",1957,"HCU.3",NA,-83.47845,-83.42166,35.07382,35.02734,"LITU","Liriodendron tulipifera"
"1919",1957,"PB.9",1.741,-83.47845,-83.42166,35.07382,35.02734,"LITU","Liriodendron tulipifera"
"1920",1957,"PB.1",3.133,-83.47845,-83.42166,35.07382,35.02734,"LITU","Liriodendron tulipifera"
"1921",1957,"WB.6",0.97,-83.47845,-83.42166,35.07382,35.02734,"LITU","Liriodendron tulipifera"
"1922",1957,"WB.4",4.192,-83.47845,-83.42166,35.07382,35.02734,"LITU","Liriodendron tulipifera"
"1923",1957,"WB.5",2.544,-83.47845,-83.42166,35.07382,35.02734,"LITU","Liriodendron tulipifera"
"1924",1957,"WB.2",3.263,-83.47845,-83.42166,35.07382,35.02734,"LITU","Liriodendron tulipifera"
"1925",1957,"WB.3",1.679,-83.47845,-83.42166,35.07382,35.02734,"LITU","Liriodendron tulipifera"
"1926",1957,"CB.8",0.778,-83.47845,-83.42166,35.07382,35.02734,"LITU","Liriodendron tulipifera"
"1927",1957,"RB.2",1.682,-83.47845,-83.42166,35.07382,35.02734,"LITU","Liriodendron tulipifera"
"1928",1957,"RB.5",2.828,-83.47845,-83.42166,35.07382,35.02734,"LITU","Liriodendron tulipifera"
"1929",1957,"RB.8",2.934,-83.47845,-83.42166,35.07382,35.02734,"LITU","Liriodendron tulipifera"
"1930",1957,"RB.6",2.233,-83.47845,-83.42166,35.07382,35.02734,"LITU","Liriodendron tulipifera"
"1931",1957,"RB.9",4.404,-83.47845,-83.42166,35.07382,35.02734,"LITU","Liriodendron tulipifera"
"1932",1957,"RB.7",1.708,-83.47845,-83.42166,35.07382,35.02734,"LITU","Liriodendron tulipifera"
"1933",1957,"RB.1",2.285,-83.47845,-83.42166,35.07382,35.02734,"LITU","Liriodendron tulipifera"
"1934",1957,"HW.20",1.569,-83.47845,-83.42166,35.07382,35.02734,"LITU","Liriodendron tulipifera"
"1935",1957,"HW.15",1.811,-83.47845,-83.42166,35.07382,35.02734,"LITU","Liriodendron tulipifera"
"1936",1957,"HW.17",1.184,-83.47845,-83.42166,35.07382,35.02734,"LITU","Liriodendron tulipifera"
"1937",1957,"HLC.17",1.727,-83.47845,-83.42166,35.07382,35.02734,"LITU","Liriodendron tulipifera"
"1938",1957,"HLC.18",0.897,-83.47845,-83.42166,35.07382,35.02734,"LITU","Liriodendron tulipifera"
"1939",1957,"HLC.1",3.083,-83.47845,-83.42166,35.07382,35.02734,"LITU","Liriodendron tulipifera"
"1940",1957,"USF.24",3.354,-83.47845,-83.42166,35.07382,35.02734,"LITU","Liriodendron tulipifera"
"1941",1957,"BC.20",1.276,-83.47845,-83.42166,35.07382,35.02734,"LITU","Liriodendron tulipifera"
"1942",1957,"CB.12",1.563,-83.47845,-83.42166,35.07382,35.02734,"LITU","Liriodendron tulipifera"
"1943",1957,"HW.14",1.042,-83.47845,-83.42166,35.07382,35.02734,"LITU","Liriodendron tulipifera"
"1944",1957,"pm.821",0.34,-83.47845,-83.42166,35.07382,35.02734,"LITU","Liriodendron tulipifera"
"1945",1956,"BC1",2.489,-83.47845,-83.42166,35.07382,35.02734,"LITU","Liriodendron tulipifera"
"1946",1956,"HC12",NA,-83.47845,-83.42166,35.07382,35.02734,"LITU","Liriodendron tulipifera"
"1947",1956,"HC13",NA,-83.47845,-83.42166,35.07382,35.02734,"LITU","Liriodendron tulipifera"
"1948",1956,"HC1",NA,-83.47845,-83.42166,35.07382,35.02734,"LITU","Liriodendron tulipifera"
"1949",1956,"BC2",1.491,-83.47845,-83.42166,35.07382,35.02734,"LITU","Liriodendron tulipifera"
"1950",1956,"HC2",NA,-83.47845,-83.42166,35.07382,35.02734,"LITU","Liriodendron tulipifera"
"1951",1956,"HCU.10",NA,-83.47845,-83.42166,35.07382,35.02734,"LITU","Liriodendron tulipifera"
"1952",1956,"HCU.1",NA,-83.47845,-83.42166,35.07382,35.02734,"LITU","Liriodendron tulipifera"
"1953",1956,"HCU.2",NA,-83.47845,-83.42166,35.07382,35.02734,"LITU","Liriodendron tulipifera"
"1954",1956,"HCU.3",NA,-83.47845,-83.42166,35.07382,35.02734,"LITU","Liriodendron tulipifera"
"1955",1956,"PB.9",1.778,-83.47845,-83.42166,35.07382,35.02734,"LITU","Liriodendron tulipifera"
"1956",1956,"PB.1",3.48,-83.47845,-83.42166,35.07382,35.02734,"LITU","Liriodendron tulipifera"
"1957",1956,"WB.6",1.517,-83.47845,-83.42166,35.07382,35.02734,"LITU","Liriodendron tulipifera"
"1958",1956,"WB.4",4.943,-83.47845,-83.42166,35.07382,35.02734,"LITU","Liriodendron tulipifera"
"1959",1956,"WB.5",2.547,-83.47845,-83.42166,35.07382,35.02734,"LITU","Liriodendron tulipifera"
"1960",1956,"WB.2",3.416,-83.47845,-83.42166,35.07382,35.02734,"LITU","Liriodendron tulipifera"
"1961",1956,"WB.3",1.711,-83.47845,-83.42166,35.07382,35.02734,"LITU","Liriodendron tulipifera"
"1962",1956,"CB.8",0.85,-83.47845,-83.42166,35.07382,35.02734,"LITU","Liriodendron tulipifera"
"1963",1956,"RB.2",1.933,-83.47845,-83.42166,35.07382,35.02734,"LITU","Liriodendron tulipifera"
"1964",1956,"RB.5",3.026,-83.47845,-83.42166,35.07382,35.02734,"LITU","Liriodendron tulipifera"
"1965",1956,"RB.8",3.523,-83.47845,-83.42166,35.07382,35.02734,"LITU","Liriodendron tulipifera"
"1966",1956,"RB.6",2.143,-83.47845,-83.42166,35.07382,35.02734,"LITU","Liriodendron tulipifera"
"1967",1956,"RB.9",4.462,-83.47845,-83.42166,35.07382,35.02734,"LITU","Liriodendron tulipifera"
"1968",1956,"RB.7",1.354,-83.47845,-83.42166,35.07382,35.02734,"LITU","Liriodendron tulipifera"
"1969",1956,"RB.1",2.44,-83.47845,-83.42166,35.07382,35.02734,"LITU","Liriodendron tulipifera"
"1970",1956,"HW.20",1.911,-83.47845,-83.42166,35.07382,35.02734,"LITU","Liriodendron tulipifera"
"1971",1956,"HW.15",2.127,-83.47845,-83.42166,35.07382,35.02734,"LITU","Liriodendron tulipifera"
"1972",1956,"HW.17",1.223,-83.47845,-83.42166,35.07382,35.02734,"LITU","Liriodendron tulipifera"
"1973",1956,"HLC.17",1.665,-83.47845,-83.42166,35.07382,35.02734,"LITU","Liriodendron tulipifera"
"1974",1956,"HLC.18",1.239,-83.47845,-83.42166,35.07382,35.02734,"LITU","Liriodendron tulipifera"
"1975",1956,"HLC.1",3.358,-83.47845,-83.42166,35.07382,35.02734,"LITU","Liriodendron tulipifera"
"1976",1956,"USF.24",3.924,-83.47845,-83.42166,35.07382,35.02734,"LITU","Liriodendron tulipifera"
"1977",1956,"BC.20",1.585,-83.47845,-83.42166,35.07382,35.02734,"LITU","Liriodendron tulipifera"
"1978",1956,"CB.12",1.939,-83.47845,-83.42166,35.07382,35.02734,"LITU","Liriodendron tulipifera"
"1979",1956,"HW.14",0.995,-83.47845,-83.42166,35.07382,35.02734,"LITU","Liriodendron tulipifera"
"1980",1956,"pm.821",0.307,-83.47845,-83.42166,35.07382,35.02734,"LITU","Liriodendron tulipifera"
"1981",1955,"BC1",2.862,-83.47845,-83.42166,35.07382,35.02734,"LITU","Liriodendron tulipifera"
"1982",1955,"HC12",NA,-83.47845,-83.42166,35.07382,35.02734,"LITU","Liriodendron tulipifera"
"1983",1955,"HC13",NA,-83.47845,-83.42166,35.07382,35.02734,"LITU","Liriodendron tulipifera"
"1984",1955,"HC1",NA,-83.47845,-83.42166,35.07382,35.02734,"LITU","Liriodendron tulipifera"
"1985",1955,"BC2",1.232,-83.47845,-83.42166,35.07382,35.02734,"LITU","Liriodendron tulipifera"
"1986",1955,"HC2",NA,-83.47845,-83.42166,35.07382,35.02734,"LITU","Liriodendron tulipifera"
"1987",1955,"HCU.10",NA,-83.47845,-83.42166,35.07382,35.02734,"LITU","Liriodendron tulipifera"
"1988",1955,"HCU.1",NA,-83.47845,-83.42166,35.07382,35.02734,"LITU","Liriodendron tulipifera"
"1989",1955,"HCU.2",NA,-83.47845,-83.42166,35.07382,35.02734,"LITU","Liriodendron tulipifera"
"1990",1955,"HCU.3",NA,-83.47845,-83.42166,35.07382,35.02734,"LITU","Liriodendron tulipifera"
"1991",1955,"PB.9",2.666,-83.47845,-83.42166,35.07382,35.02734,"LITU","Liriodendron tulipifera"
"1992",1955,"PB.1",3.951,-83.47845,-83.42166,35.07382,35.02734,"LITU","Liriodendron tulipifera"
"1993",1955,"WB.6",1.65,-83.47845,-83.42166,35.07382,35.02734,"LITU","Liriodendron tulipifera"
"1994",1955,"WB.4",4.778,-83.47845,-83.42166,35.07382,35.02734,"LITU","Liriodendron tulipifera"
"1995",1955,"WB.5",1.901,-83.47845,-83.42166,35.07382,35.02734,"LITU","Liriodendron tulipifera"
"1996",1955,"WB.2",3.168,-83.47845,-83.42166,35.07382,35.02734,"LITU","Liriodendron tulipifera"
"1997",1955,"WB.3",2.105,-83.47845,-83.42166,35.07382,35.02734,"LITU","Liriodendron tulipifera"
"1998",1955,"CB.8",0.673,-83.47845,-83.42166,35.07382,35.02734,"LITU","Liriodendron tulipifera"
"1999",1955,"RB.2",1.976,-83.47845,-83.42166,35.07382,35.02734,"LITU","Liriodendron tulipifera"
"2000",1955,"RB.5",3.117,-83.47845,-83.42166,35.07382,35.02734,"LITU","Liriodendron tulipifera"
"2001",1955,"RB.8",3.35,-83.47845,-83.42166,35.07382,35.02734,"LITU","Liriodendron tulipifera"
"2002",1955,"RB.6",1.703,-83.47845,-83.42166,35.07382,35.02734,"LITU","Liriodendron tulipifera"
"2003",1955,"RB.9",3.045,-83.47845,-83.42166,35.07382,35.02734,"LITU","Liriodendron tulipifera"
"2004",1955,"RB.7",1.528,-83.47845,-83.42166,35.07382,35.02734,"LITU","Liriodendron tulipifera"
"2005",1955,"RB.1",2.678,-83.47845,-83.42166,35.07382,35.02734,"LITU","Liriodendron tulipifera"
"2006",1955,"HW.20",1.683,-83.47845,-83.42166,35.07382,35.02734,"LITU","Liriodendron tulipifera"
"2007",1955,"HW.15",2.438,-83.47845,-83.42166,35.07382,35.02734,"LITU","Liriodendron tulipifera"
"2008",1955,"HW.17",0.744,-83.47845,-83.42166,35.07382,35.02734,"LITU","Liriodendron tulipifera"
"2009",1955,"HLC.17",1.401,-83.47845,-83.42166,35.07382,35.02734,"LITU","Liriodendron tulipifera"
"2010",1955,"HLC.18",0.836,-83.47845,-83.42166,35.07382,35.02734,"LITU","Liriodendron tulipifera"
"2011",1955,"HLC.1",4.151,-83.47845,-83.42166,35.07382,35.02734,"LITU","Liriodendron tulipifera"
"2012",1955,"USF.24",3.091,-83.47845,-83.42166,35.07382,35.02734,"LITU","Liriodendron tulipifera"
"2013",1955,"BC.20",1.372,-83.47845,-83.42166,35.07382,35.02734,"LITU","Liriodendron tulipifera"
"2014",1955,"CB.12",1.625,-83.47845,-83.42166,35.07382,35.02734,"LITU","Liriodendron tulipifera"
"2015",1955,"HW.14",1.184,-83.47845,-83.42166,35.07382,35.02734,"LITU","Liriodendron tulipifera"
"2016",1955,"pm.821",0.202,-83.47845,-83.42166,35.07382,35.02734,"LITU","Liriodendron tulipifera"
"2017",1954,"BC1",2.971,-83.47845,-83.42166,35.07382,35.02734,"LITU","Liriodendron tulipifera"
"2018",1954,"HC12",NA,-83.47845,-83.42166,35.07382,35.02734,"LITU","Liriodendron tulipifera"
"2019",1954,"HC13",NA,-83.47845,-83.42166,35.07382,35.02734,"LITU","Liriodendron tulipifera"
"2020",1954,"HC1",NA,-83.47845,-83.42166,35.07382,35.02734,"LITU","Liriodendron tulipifera"
"2021",1954,"BC2",1.768,-83.47845,-83.42166,35.07382,35.02734,"LITU","Liriodendron tulipifera"
"2022",1954,"HC2",NA,-83.47845,-83.42166,35.07382,35.02734,"LITU","Liriodendron tulipifera"
"2023",1954,"HCU.10",NA,-83.47845,-83.42166,35.07382,35.02734,"LITU","Liriodendron tulipifera"
"2024",1954,"HCU.1",NA,-83.47845,-83.42166,35.07382,35.02734,"LITU","Liriodendron tulipifera"
"2025",1954,"HCU.2",NA,-83.47845,-83.42166,35.07382,35.02734,"LITU","Liriodendron tulipifera"
"2026",1954,"HCU.3",NA,-83.47845,-83.42166,35.07382,35.02734,"LITU","Liriodendron tulipifera"
"2027",1954,"PB.9",2.947,-83.47845,-83.42166,35.07382,35.02734,"LITU","Liriodendron tulipifera"
"2028",1954,"PB.1",4.139,-83.47845,-83.42166,35.07382,35.02734,"LITU","Liriodendron tulipifera"
"2029",1954,"WB.6",1.645,-83.47845,-83.42166,35.07382,35.02734,"LITU","Liriodendron tulipifera"
"2030",1954,"WB.4",7.233,-83.47845,-83.42166,35.07382,35.02734,"LITU","Liriodendron tulipifera"
"2031",1954,"WB.5",2.794,-83.47845,-83.42166,35.07382,35.02734,"LITU","Liriodendron tulipifera"
"2032",1954,"WB.2",3.706,-83.47845,-83.42166,35.07382,35.02734,"LITU","Liriodendron tulipifera"
"2033",1954,"WB.3",2.309,-83.47845,-83.42166,35.07382,35.02734,"LITU","Liriodendron tulipifera"
"2034",1954,"CB.8",0.836,-83.47845,-83.42166,35.07382,35.02734,"LITU","Liriodendron tulipifera"
"2035",1954,"RB.2",2.348,-83.47845,-83.42166,35.07382,35.02734,"LITU","Liriodendron tulipifera"
"2036",1954,"RB.5",3.782,-83.47845,-83.42166,35.07382,35.02734,"LITU","Liriodendron tulipifera"
"2037",1954,"RB.8",4.248,-83.47845,-83.42166,35.07382,35.02734,"LITU","Liriodendron tulipifera"
"2038",1954,"RB.6",2.56,-83.47845,-83.42166,35.07382,35.02734,"LITU","Liriodendron tulipifera"
"2039",1954,"RB.9",3.795,-83.47845,-83.42166,35.07382,35.02734,"LITU","Liriodendron tulipifera"
"2040",1954,"RB.7",2.502,-83.47845,-83.42166,35.07382,35.02734,"LITU","Liriodendron tulipifera"
"2041",1954,"RB.1",2.816,-83.47845,-83.42166,35.07382,35.02734,"LITU","Liriodendron tulipifera"
"2042",1954,"HW.20",1.924,-83.47845,-83.42166,35.07382,35.02734,"LITU","Liriodendron tulipifera"
"2043",1954,"HW.15",3.184,-83.47845,-83.42166,35.07382,35.02734,"LITU","Liriodendron tulipifera"
"2044",1954,"HW.17",0.998,-83.47845,-83.42166,35.07382,35.02734,"LITU","Liriodendron tulipifera"
"2045",1954,"HLC.17",1.751,-83.47845,-83.42166,35.07382,35.02734,"LITU","Liriodendron tulipifera"
"2046",1954,"HLC.18",0.917,-83.47845,-83.42166,35.07382,35.02734,"LITU","Liriodendron tulipifera"
"2047",1954,"HLC.1",3.548,-83.47845,-83.42166,35.07382,35.02734,"LITU","Liriodendron tulipifera"
"2048",1954,"USF.24",3.193,-83.47845,-83.42166,35.07382,35.02734,"LITU","Liriodendron tulipifera"
"2049",1954,"BC.20",1.905,-83.47845,-83.42166,35.07382,35.02734,"LITU","Liriodendron tulipifera"
"2050",1954,"CB.12",1.799,-83.47845,-83.42166,35.07382,35.02734,"LITU","Liriodendron tulipifera"
"2051",1954,"HW.14",0.859,-83.47845,-83.42166,35.07382,35.02734,"LITU","Liriodendron tulipifera"
"2052",1954,"pm.821",0.237,-83.47845,-83.42166,35.07382,35.02734,"LITU","Liriodendron tulipifera"
"2053",1953,"BC1",3.429,-83.47845,-83.42166,35.07382,35.02734,"LITU","Liriodendron tulipifera"
"2054",1953,"HC12",NA,-83.47845,-83.42166,35.07382,35.02734,"LITU","Liriodendron tulipifera"
"2055",1953,"HC13",NA,-83.47845,-83.42166,35.07382,35.02734,"LITU","Liriodendron tulipifera"
"2056",1953,"HC1",NA,-83.47845,-83.42166,35.07382,35.02734,"LITU","Liriodendron tulipifera"
"2057",1953,"BC2",3.275,-83.47845,-83.42166,35.07382,35.02734,"LITU","Liriodendron tulipifera"
"2058",1953,"HC2",NA,-83.47845,-83.42166,35.07382,35.02734,"LITU","Liriodendron tulipifera"
"2059",1953,"HCU.10",NA,-83.47845,-83.42166,35.07382,35.02734,"LITU","Liriodendron tulipifera"
"2060",1953,"HCU.1",NA,-83.47845,-83.42166,35.07382,35.02734,"LITU","Liriodendron tulipifera"
"2061",1953,"HCU.2",NA,-83.47845,-83.42166,35.07382,35.02734,"LITU","Liriodendron tulipifera"
"2062",1953,"HCU.3",NA,-83.47845,-83.42166,35.07382,35.02734,"LITU","Liriodendron tulipifera"
"2063",1953,"PB.9",3.625,-83.47845,-83.42166,35.07382,35.02734,"LITU","Liriodendron tulipifera"
"2064",1953,"PB.1",4.471,-83.47845,-83.42166,35.07382,35.02734,"LITU","Liriodendron tulipifera"
"2065",1953,"WB.6",2.183,-83.47845,-83.42166,35.07382,35.02734,"LITU","Liriodendron tulipifera"
"2066",1953,"WB.4",4.448,-83.47845,-83.42166,35.07382,35.02734,"LITU","Liriodendron tulipifera"
"2067",1953,"WB.5",2.051,-83.47845,-83.42166,35.07382,35.02734,"LITU","Liriodendron tulipifera"
"2068",1953,"WB.2",4.106,-83.47845,-83.42166,35.07382,35.02734,"LITU","Liriodendron tulipifera"
"2069",1953,"WB.3",1.98,-83.47845,-83.42166,35.07382,35.02734,"LITU","Liriodendron tulipifera"
"2070",1953,"CB.8",0.997,-83.47845,-83.42166,35.07382,35.02734,"LITU","Liriodendron tulipifera"
"2071",1953,"RB.2",2.969,-83.47845,-83.42166,35.07382,35.02734,"LITU","Liriodendron tulipifera"
"2072",1953,"RB.5",4.435,-83.47845,-83.42166,35.07382,35.02734,"LITU","Liriodendron tulipifera"
"2073",1953,"RB.8",4.252,-83.47845,-83.42166,35.07382,35.02734,"LITU","Liriodendron tulipifera"
"2074",1953,"RB.6",3.238,-83.47845,-83.42166,35.07382,35.02734,"LITU","Liriodendron tulipifera"
"2075",1953,"RB.9",4.048,-83.47845,-83.42166,35.07382,35.02734,"LITU","Liriodendron tulipifera"
"2076",1953,"RB.7",3.254,-83.47845,-83.42166,35.07382,35.02734,"LITU","Liriodendron tulipifera"
"2077",1953,"RB.1",1.926,-83.47845,-83.42166,35.07382,35.02734,"LITU","Liriodendron tulipifera"
"2078",1953,"HW.20",1.938,-83.47845,-83.42166,35.07382,35.02734,"LITU","Liriodendron tulipifera"
"2079",1953,"HW.15",3.948,-83.47845,-83.42166,35.07382,35.02734,"LITU","Liriodendron tulipifera"
"2080",1953,"HW.17",1.437,-83.47845,-83.42166,35.07382,35.02734,"LITU","Liriodendron tulipifera"
"2081",1953,"HLC.17",2.121,-83.47845,-83.42166,35.07382,35.02734,"LITU","Liriodendron tulipifera"
"2082",1953,"HLC.18",1.469,-83.47845,-83.42166,35.07382,35.02734,"LITU","Liriodendron tulipifera"
"2083",1953,"HLC.1",3.621,-83.47845,-83.42166,35.07382,35.02734,"LITU","Liriodendron tulipifera"
"2084",1953,"USF.24",2.957,-83.47845,-83.42166,35.07382,35.02734,"LITU","Liriodendron tulipifera"
"2085",1953,"BC.20",1.667,-83.47845,-83.42166,35.07382,35.02734,"LITU","Liriodendron tulipifera"
"2086",1953,"CB.12",1.926,-83.47845,-83.42166,35.07382,35.02734,"LITU","Liriodendron tulipifera"
"2087",1953,"HW.14",0.86,-83.47845,-83.42166,35.07382,35.02734,"LITU","Liriodendron tulipifera"
"2088",1953,"pm.821",0.283,-83.47845,-83.42166,35.07382,35.02734,"LITU","Liriodendron tulipifera"
"2089",1952,"BC1",2.335,-83.47845,-83.42166,35.07382,35.02734,"LITU","Liriodendron tulipifera"
"2090",1952,"HC12",NA,-83.47845,-83.42166,35.07382,35.02734,"LITU","Liriodendron tulipifera"
"2091",1952,"HC13",NA,-83.47845,-83.42166,35.07382,35.02734,"LITU","Liriodendron tulipifera"
"2092",1952,"HC1",NA,-83.47845,-83.42166,35.07382,35.02734,"LITU","Liriodendron tulipifera"
"2093",1952,"BC2",2.22,-83.47845,-83.42166,35.07382,35.02734,"LITU","Liriodendron tulipifera"
"2094",1952,"HC2",NA,-83.47845,-83.42166,35.07382,35.02734,"LITU","Liriodendron tulipifera"
"2095",1952,"HCU.10",NA,-83.47845,-83.42166,35.07382,35.02734,"LITU","Liriodendron tulipifera"
"2096",1952,"HCU.1",NA,-83.47845,-83.42166,35.07382,35.02734,"LITU","Liriodendron tulipifera"
"2097",1952,"HCU.2",NA,-83.47845,-83.42166,35.07382,35.02734,"LITU","Liriodendron tulipifera"
"2098",1952,"HCU.3",NA,-83.47845,-83.42166,35.07382,35.02734,"LITU","Liriodendron tulipifera"
"2099",1952,"PB.9",4.326,-83.47845,-83.42166,35.07382,35.02734,"LITU","Liriodendron tulipifera"
"2100",1952,"PB.1",3.311,-83.47845,-83.42166,35.07382,35.02734,"LITU","Liriodendron tulipifera"
"2101",1952,"WB.6",1.518,-83.47845,-83.42166,35.07382,35.02734,"LITU","Liriodendron tulipifera"
"2102",1952,"WB.4",7.277,-83.47845,-83.42166,35.07382,35.02734,"LITU","Liriodendron tulipifera"
"2103",1952,"WB.5",2.558,-83.47845,-83.42166,35.07382,35.02734,"LITU","Liriodendron tulipifera"
"2104",1952,"WB.2",3.31,-83.47845,-83.42166,35.07382,35.02734,"LITU","Liriodendron tulipifera"
"2105",1952,"WB.3",1.777,-83.47845,-83.42166,35.07382,35.02734,"LITU","Liriodendron tulipifera"
"2106",1952,"CB.8",0.829,-83.47845,-83.42166,35.07382,35.02734,"LITU","Liriodendron tulipifera"
"2107",1952,"RB.2",1.926,-83.47845,-83.42166,35.07382,35.02734,"LITU","Liriodendron tulipifera"
"2108",1952,"RB.5",3.697,-83.47845,-83.42166,35.07382,35.02734,"LITU","Liriodendron tulipifera"
"2109",1952,"RB.8",2.991,-83.47845,-83.42166,35.07382,35.02734,"LITU","Liriodendron tulipifera"
"2110",1952,"RB.6",2.355,-83.47845,-83.42166,35.07382,35.02734,"LITU","Liriodendron tulipifera"
"2111",1952,"RB.9",3.833,-83.47845,-83.42166,35.07382,35.02734,"LITU","Liriodendron tulipifera"
"2112",1952,"RB.7",3.076,-83.47845,-83.42166,35.07382,35.02734,"LITU","Liriodendron tulipifera"
"2113",1952,"RB.1",1.95,-83.47845,-83.42166,35.07382,35.02734,"LITU","Liriodendron tulipifera"
"2114",1952,"HW.20",1.472,-83.47845,-83.42166,35.07382,35.02734,"LITU","Liriodendron tulipifera"
"2115",1952,"HW.15",3.039,-83.47845,-83.42166,35.07382,35.02734,"LITU","Liriodendron tulipifera"
"2116",1952,"HW.17",1.148,-83.47845,-83.42166,35.07382,35.02734,"LITU","Liriodendron tulipifera"
"2117",1952,"HLC.17",2.051,-83.47845,-83.42166,35.07382,35.02734,"LITU","Liriodendron tulipifera"
"2118",1952,"HLC.18",0.993,-83.47845,-83.42166,35.07382,35.02734,"LITU","Liriodendron tulipifera"
"2119",1952,"HLC.1",4.141,-83.47845,-83.42166,35.07382,35.02734,"LITU","Liriodendron tulipifera"
"2120",1952,"USF.24",2.416,-83.47845,-83.42166,35.07382,35.02734,"LITU","Liriodendron tulipifera"
"2121",1952,"BC.20",1.18,-83.47845,-83.42166,35.07382,35.02734,"LITU","Liriodendron tulipifera"
"2122",1952,"CB.12",1.193,-83.47845,-83.42166,35.07382,35.02734,"LITU","Liriodendron tulipifera"
"2123",1952,"HW.14",0.811,-83.47845,-83.42166,35.07382,35.02734,"LITU","Liriodendron tulipifera"
"2124",1952,"pm.821",0.348,-83.47845,-83.42166,35.07382,35.02734,"LITU","Liriodendron tulipifera"
"2125",1951,"BC1",3.191,-83.47845,-83.42166,35.07382,35.02734,"LITU","Liriodendron tulipifera"
"2126",1951,"HC12",NA,-83.47845,-83.42166,35.07382,35.02734,"LITU","Liriodendron tulipifera"
"2127",1951,"HC13",NA,-83.47845,-83.42166,35.07382,35.02734,"LITU","Liriodendron tulipifera"
"2128",1951,"HC1",NA,-83.47845,-83.42166,35.07382,35.02734,"LITU","Liriodendron tulipifera"
"2129",1951,"BC2",3.015,-83.47845,-83.42166,35.07382,35.02734,"LITU","Liriodendron tulipifera"
"2130",1951,"HC2",NA,-83.47845,-83.42166,35.07382,35.02734,"LITU","Liriodendron tulipifera"
"2131",1951,"HCU.10",NA,-83.47845,-83.42166,35.07382,35.02734,"LITU","Liriodendron tulipifera"
"2132",1951,"HCU.1",NA,-83.47845,-83.42166,35.07382,35.02734,"LITU","Liriodendron tulipifera"
"2133",1951,"HCU.2",NA,-83.47845,-83.42166,35.07382,35.02734,"LITU","Liriodendron tulipifera"
"2134",1951,"HCU.3",NA,-83.47845,-83.42166,35.07382,35.02734,"LITU","Liriodendron tulipifera"
"2135",1951,"PB.9",3.392,-83.47845,-83.42166,35.07382,35.02734,"LITU","Liriodendron tulipifera"
"2136",1951,"PB.1",3.746,-83.47845,-83.42166,35.07382,35.02734,"LITU","Liriodendron tulipifera"
"2137",1951,"WB.6",1.627,-83.47845,-83.42166,35.07382,35.02734,"LITU","Liriodendron tulipifera"
"2138",1951,"WB.4",7.558,-83.47845,-83.42166,35.07382,35.02734,"LITU","Liriodendron tulipifera"
"2139",1951,"WB.5",1.938,-83.47845,-83.42166,35.07382,35.02734,"LITU","Liriodendron tulipifera"
"2140",1951,"WB.2",3.51,-83.47845,-83.42166,35.07382,35.02734,"LITU","Liriodendron tulipifera"
"2141",1951,"WB.3",1.999,-83.47845,-83.42166,35.07382,35.02734,"LITU","Liriodendron tulipifera"
"2142",1951,"CB.8",1.311,-83.47845,-83.42166,35.07382,35.02734,"LITU","Liriodendron tulipifera"
"2143",1951,"RB.2",2.738,-83.47845,-83.42166,35.07382,35.02734,"LITU","Liriodendron tulipifera"
"2144",1951,"RB.5",4.446,-83.47845,-83.42166,35.07382,35.02734,"LITU","Liriodendron tulipifera"
"2145",1951,"RB.8",4.551,-83.47845,-83.42166,35.07382,35.02734,"LITU","Liriodendron tulipifera"
"2146",1951,"RB.6",2.848,-83.47845,-83.42166,35.07382,35.02734,"LITU","Liriodendron tulipifera"
"2147",1951,"RB.9",5.136,-83.47845,-83.42166,35.07382,35.02734,"LITU","Liriodendron tulipifera"
"2148",1951,"RB.7",2.398,-83.47845,-83.42166,35.07382,35.02734,"LITU","Liriodendron tulipifera"
"2149",1951,"RB.1",2.999,-83.47845,-83.42166,35.07382,35.02734,"LITU","Liriodendron tulipifera"
"2150",1951,"HW.20",1.774,-83.47845,-83.42166,35.07382,35.02734,"LITU","Liriodendron tulipifera"
"2151",1951,"HW.15",3.691,-83.47845,-83.42166,35.07382,35.02734,"LITU","Liriodendron tulipifera"
"2152",1951,"HW.17",1.601,-83.47845,-83.42166,35.07382,35.02734,"LITU","Liriodendron tulipifera"
"2153",1951,"HLC.17",2.72,-83.47845,-83.42166,35.07382,35.02734,"LITU","Liriodendron tulipifera"
"2154",1951,"HLC.18",1.189,-83.47845,-83.42166,35.07382,35.02734,"LITU","Liriodendron tulipifera"
"2155",1951,"HLC.1",4.467,-83.47845,-83.42166,35.07382,35.02734,"LITU","Liriodendron tulipifera"
"2156",1951,"USF.24",2.791,-83.47845,-83.42166,35.07382,35.02734,"LITU","Liriodendron tulipifera"
"2157",1951,"BC.20",1.341,-83.47845,-83.42166,35.07382,35.02734,"LITU","Liriodendron tulipifera"
"2158",1951,"CB.12",1.855,-83.47845,-83.42166,35.07382,35.02734,"LITU","Liriodendron tulipifera"
"2159",1951,"HW.14",0.879,-83.47845,-83.42166,35.07382,35.02734,"LITU","Liriodendron tulipifera"
"2160",1951,"pm.821",0.509,-83.47845,-83.42166,35.07382,35.02734,"LITU","Liriodendron tulipifera"
"2161",1950,"BC1",3.626,-83.47845,-83.42166,35.07382,35.02734,"LITU","Liriodendron tulipifera"
"2162",1950,"HC12",NA,-83.47845,-83.42166,35.07382,35.02734,"LITU","Liriodendron tulipifera"
"2163",1950,"HC13",NA,-83.47845,-83.42166,35.07382,35.02734,"LITU","Liriodendron tulipifera"
"2164",1950,"HC1",NA,-83.47845,-83.42166,35.07382,35.02734,"LITU","Liriodendron tulipifera"
"2165",1950,"BC2",3.324,-83.47845,-83.42166,35.07382,35.02734,"LITU","Liriodendron tulipifera"
"2166",1950,"HC2",NA,-83.47845,-83.42166,35.07382,35.02734,"LITU","Liriodendron tulipifera"
"2167",1950,"HCU.10",NA,-83.47845,-83.42166,35.07382,35.02734,"LITU","Liriodendron tulipifera"
"2168",1950,"HCU.1",NA,-83.47845,-83.42166,35.07382,35.02734,"LITU","Liriodendron tulipifera"
"2169",1950,"HCU.2",NA,-83.47845,-83.42166,35.07382,35.02734,"LITU","Liriodendron tulipifera"
"2170",1950,"HCU.3",NA,-83.47845,-83.42166,35.07382,35.02734,"LITU","Liriodendron tulipifera"
"2171",1950,"PB.9",3.377,-83.47845,-83.42166,35.07382,35.02734,"LITU","Liriodendron tulipifera"
"2172",1950,"PB.1",3.893,-83.47845,-83.42166,35.07382,35.02734,"LITU","Liriodendron tulipifera"
"2173",1950,"WB.6",2.232,-83.47845,-83.42166,35.07382,35.02734,"LITU","Liriodendron tulipifera"
"2174",1950,"WB.4",7.637,-83.47845,-83.42166,35.07382,35.02734,"LITU","Liriodendron tulipifera"
"2175",1950,"WB.5",3.135,-83.47845,-83.42166,35.07382,35.02734,"LITU","Liriodendron tulipifera"
"2176",1950,"WB.2",3.6,-83.47845,-83.42166,35.07382,35.02734,"LITU","Liriodendron tulipifera"
"2177",1950,"WB.3",2.344,-83.47845,-83.42166,35.07382,35.02734,"LITU","Liriodendron tulipifera"
"2178",1950,"CB.8",1.304,-83.47845,-83.42166,35.07382,35.02734,"LITU","Liriodendron tulipifera"
"2179",1950,"RB.2",2.653,-83.47845,-83.42166,35.07382,35.02734,"LITU","Liriodendron tulipifera"
"2180",1950,"RB.5",4.99,-83.47845,-83.42166,35.07382,35.02734,"LITU","Liriodendron tulipifera"
"2181",1950,"RB.8",4.773,-83.47845,-83.42166,35.07382,35.02734,"LITU","Liriodendron tulipifera"
"2182",1950,"RB.6",3.784,-83.47845,-83.42166,35.07382,35.02734,"LITU","Liriodendron tulipifera"
"2183",1950,"RB.9",4.486,-83.47845,-83.42166,35.07382,35.02734,"LITU","Liriodendron tulipifera"
"2184",1950,"RB.7",3.64,-83.47845,-83.42166,35.07382,35.02734,"LITU","Liriodendron tulipifera"
"2185",1950,"RB.1",2.73,-83.47845,-83.42166,35.07382,35.02734,"LITU","Liriodendron tulipifera"
"2186",1950,"HW.20",2.608,-83.47845,-83.42166,35.07382,35.02734,"LITU","Liriodendron tulipifera"
"2187",1950,"HW.15",3.816,-83.47845,-83.42166,35.07382,35.02734,"LITU","Liriodendron tulipifera"
"2188",1950,"HW.17",1.551,-83.47845,-83.42166,35.07382,35.02734,"LITU","Liriodendron tulipifera"
"2189",1950,"HLC.17",3.636,-83.47845,-83.42166,35.07382,35.02734,"LITU","Liriodendron tulipifera"
"2190",1950,"HLC.18",1.919,-83.47845,-83.42166,35.07382,35.02734,"LITU","Liriodendron tulipifera"
"2191",1950,"HLC.1",6.388,-83.47845,-83.42166,35.07382,35.02734,"LITU","Liriodendron tulipifera"
"2192",1950,"USF.24",3.162,-83.47845,-83.42166,35.07382,35.02734,"LITU","Liriodendron tulipifera"
"2193",1950,"BC.20",1.263,-83.47845,-83.42166,35.07382,35.02734,"LITU","Liriodendron tulipifera"
"2194",1950,"CB.12",1.924,-83.47845,-83.42166,35.07382,35.02734,"LITU","Liriodendron tulipifera"
"2195",1950,"HW.14",0.764,-83.47845,-83.42166,35.07382,35.02734,"LITU","Liriodendron tulipifera"
"2196",1950,"pm.821",0.563,-83.47845,-83.42166,35.07382,35.02734,"LITU","Liriodendron tulipifera"
"2197",1949,"BC1",2.881,-83.47845,-83.42166,35.07382,35.02734,"LITU","Liriodendron tulipifera"
"2198",1949,"HC12",NA,-83.47845,-83.42166,35.07382,35.02734,"LITU","Liriodendron tulipifera"
"2199",1949,"HC13",NA,-83.47845,-83.42166,35.07382,35.02734,"LITU","Liriodendron tulipifera"
"2200",1949,"HC1",NA,-83.47845,-83.42166,35.07382,35.02734,"LITU","Liriodendron tulipifera"
"2201",1949,"BC2",1.848,-83.47845,-83.42166,35.07382,35.02734,"LITU","Liriodendron tulipifera"
"2202",1949,"HC2",NA,-83.47845,-83.42166,35.07382,35.02734,"LITU","Liriodendron tulipifera"
"2203",1949,"HCU.10",NA,-83.47845,-83.42166,35.07382,35.02734,"LITU","Liriodendron tulipifera"
"2204",1949,"HCU.1",NA,-83.47845,-83.42166,35.07382,35.02734,"LITU","Liriodendron tulipifera"
"2205",1949,"HCU.2",NA,-83.47845,-83.42166,35.07382,35.02734,"LITU","Liriodendron tulipifera"
"2206",1949,"HCU.3",NA,-83.47845,-83.42166,35.07382,35.02734,"LITU","Liriodendron tulipifera"
"2207",1949,"PB.9",3.178,-83.47845,-83.42166,35.07382,35.02734,"LITU","Liriodendron tulipifera"
"2208",1949,"PB.1",4.547,-83.47845,-83.42166,35.07382,35.02734,"LITU","Liriodendron tulipifera"
"2209",1949,"WB.6",1.935,-83.47845,-83.42166,35.07382,35.02734,"LITU","Liriodendron tulipifera"
"2210",1949,"WB.4",7.073,-83.47845,-83.42166,35.07382,35.02734,"LITU","Liriodendron tulipifera"
"2211",1949,"WB.5",3.898,-83.47845,-83.42166,35.07382,35.02734,"LITU","Liriodendron tulipifera"
"2212",1949,"WB.2",3.436,-83.47845,-83.42166,35.07382,35.02734,"LITU","Liriodendron tulipifera"
"2213",1949,"WB.3",2.08,-83.47845,-83.42166,35.07382,35.02734,"LITU","Liriodendron tulipifera"
"2214",1949,"CB.8",0.848,-83.47845,-83.42166,35.07382,35.02734,"LITU","Liriodendron tulipifera"
"2215",1949,"RB.2",2.176,-83.47845,-83.42166,35.07382,35.02734,"LITU","Liriodendron tulipifera"
"2216",1949,"RB.5",3.917,-83.47845,-83.42166,35.07382,35.02734,"LITU","Liriodendron tulipifera"
"2217",1949,"RB.8",5.665,-83.47845,-83.42166,35.07382,35.02734,"LITU","Liriodendron tulipifera"
"2218",1949,"RB.6",3.778,-83.47845,-83.42166,35.07382,35.02734,"LITU","Liriodendron tulipifera"
"2219",1949,"RB.9",4.087,-83.47845,-83.42166,35.07382,35.02734,"LITU","Liriodendron tulipifera"
"2220",1949,"RB.7",3.159,-83.47845,-83.42166,35.07382,35.02734,"LITU","Liriodendron tulipifera"
"2221",1949,"RB.1",2.412,-83.47845,-83.42166,35.07382,35.02734,"LITU","Liriodendron tulipifera"
"2222",1949,"HW.20",2.359,-83.47845,-83.42166,35.07382,35.02734,"LITU","Liriodendron tulipifera"
"2223",1949,"HW.15",3.909,-83.47845,-83.42166,35.07382,35.02734,"LITU","Liriodendron tulipifera"
"2224",1949,"HW.17",1.515,-83.47845,-83.42166,35.07382,35.02734,"LITU","Liriodendron tulipifera"
"2225",1949,"HLC.17",3.188,-83.47845,-83.42166,35.07382,35.02734,"LITU","Liriodendron tulipifera"
"2226",1949,"HLC.18",1.51,-83.47845,-83.42166,35.07382,35.02734,"LITU","Liriodendron tulipifera"
"2227",1949,"HLC.1",6.187,-83.47845,-83.42166,35.07382,35.02734,"LITU","Liriodendron tulipifera"
"2228",1949,"USF.24",4.048,-83.47845,-83.42166,35.07382,35.02734,"LITU","Liriodendron tulipifera"
"2229",1949,"BC.20",1.064,-83.47845,-83.42166,35.07382,35.02734,"LITU","Liriodendron tulipifera"
"2230",1949,"CB.12",2.284,-83.47845,-83.42166,35.07382,35.02734,"LITU","Liriodendron tulipifera"
"2231",1949,"HW.14",0.704,-83.47845,-83.42166,35.07382,35.02734,"LITU","Liriodendron tulipifera"
"2232",1949,"pm.821",0.439,-83.47845,-83.42166,35.07382,35.02734,"LITU","Liriodendron tulipifera"
"2233",1948,"BC1",2.39,-83.47845,-83.42166,35.07382,35.02734,"LITU","Liriodendron tulipifera"
"2234",1948,"HC12",NA,-83.47845,-83.42166,35.07382,35.02734,"LITU","Liriodendron tulipifera"
"2235",1948,"HC13",NA,-83.47845,-83.42166,35.07382,35.02734,"LITU","Liriodendron tulipifera"
"2236",1948,"HC1",NA,-83.47845,-83.42166,35.07382,35.02734,"LITU","Liriodendron tulipifera"
"2237",1948,"BC2",1.69,-83.47845,-83.42166,35.07382,35.02734,"LITU","Liriodendron tulipifera"
"2238",1948,"HC2",NA,-83.47845,-83.42166,35.07382,35.02734,"LITU","Liriodendron tulipifera"
"2239",1948,"HCU.10",NA,-83.47845,-83.42166,35.07382,35.02734,"LITU","Liriodendron tulipifera"
"2240",1948,"HCU.1",NA,-83.47845,-83.42166,35.07382,35.02734,"LITU","Liriodendron tulipifera"
"2241",1948,"HCU.2",NA,-83.47845,-83.42166,35.07382,35.02734,"LITU","Liriodendron tulipifera"
"2242",1948,"HCU.3",NA,-83.47845,-83.42166,35.07382,35.02734,"LITU","Liriodendron tulipifera"
"2243",1948,"PB.9",2.687,-83.47845,-83.42166,35.07382,35.02734,"LITU","Liriodendron tulipifera"
"2244",1948,"PB.1",4.4,-83.47845,-83.42166,35.07382,35.02734,"LITU","Liriodendron tulipifera"
"2245",1948,"WB.6",3.099,-83.47845,-83.42166,35.07382,35.02734,"LITU","Liriodendron tulipifera"
"2246",1948,"WB.4",6.261,-83.47845,-83.42166,35.07382,35.02734,"LITU","Liriodendron tulipifera"
"2247",1948,"WB.5",3.907,-83.47845,-83.42166,35.07382,35.02734,"LITU","Liriodendron tulipifera"
"2248",1948,"WB.2",3.377,-83.47845,-83.42166,35.07382,35.02734,"LITU","Liriodendron tulipifera"
"2249",1948,"WB.3",2.352,-83.47845,-83.42166,35.07382,35.02734,"LITU","Liriodendron tulipifera"
"2250",1948,"CB.8",0.562,-83.47845,-83.42166,35.07382,35.02734,"LITU","Liriodendron tulipifera"
"2251",1948,"RB.2",2.074,-83.47845,-83.42166,35.07382,35.02734,"LITU","Liriodendron tulipifera"
"2252",1948,"RB.5",3.428,-83.47845,-83.42166,35.07382,35.02734,"LITU","Liriodendron tulipifera"
"2253",1948,"RB.8",5.078,-83.47845,-83.42166,35.07382,35.02734,"LITU","Liriodendron tulipifera"
"2254",1948,"RB.6",3.933,-83.47845,-83.42166,35.07382,35.02734,"LITU","Liriodendron tulipifera"
"2255",1948,"RB.9",3.975,-83.47845,-83.42166,35.07382,35.02734,"LITU","Liriodendron tulipifera"
"2256",1948,"RB.7",3.05,-83.47845,-83.42166,35.07382,35.02734,"LITU","Liriodendron tulipifera"
"2257",1948,"RB.1",1.903,-83.47845,-83.42166,35.07382,35.02734,"LITU","Liriodendron tulipifera"
"2258",1948,"HW.20",2.097,-83.47845,-83.42166,35.07382,35.02734,"LITU","Liriodendron tulipifera"
"2259",1948,"HW.15",3.949,-83.47845,-83.42166,35.07382,35.02734,"LITU","Liriodendron tulipifera"
"2260",1948,"HW.17",1.201,-83.47845,-83.42166,35.07382,35.02734,"LITU","Liriodendron tulipifera"
"2261",1948,"HLC.17",2.608,-83.47845,-83.42166,35.07382,35.02734,"LITU","Liriodendron tulipifera"
"2262",1948,"HLC.18",1.261,-83.47845,-83.42166,35.07382,35.02734,"LITU","Liriodendron tulipifera"
"2263",1948,"HLC.1",6.228,-83.47845,-83.42166,35.07382,35.02734,"LITU","Liriodendron tulipifera"
"2264",1948,"USF.24",4.434,-83.47845,-83.42166,35.07382,35.02734,"LITU","Liriodendron tulipifera"
"2265",1948,"BC.20",1.594,-83.47845,-83.42166,35.07382,35.02734,"LITU","Liriodendron tulipifera"
"2266",1948,"CB.12",2.532,-83.47845,-83.42166,35.07382,35.02734,"LITU","Liriodendron tulipifera"
"2267",1948,"HW.14",0.865,-83.47845,-83.42166,35.07382,35.02734,"LITU","Liriodendron tulipifera"
"2268",1948,"pm.821",0.412,-83.47845,-83.42166,35.07382,35.02734,"LITU","Liriodendron tulipifera"
"2269",1947,"BC1",3.891,-83.47845,-83.42166,35.07382,35.02734,"LITU","Liriodendron tulipifera"
"2270",1947,"HC12",NA,-83.47845,-83.42166,35.07382,35.02734,"LITU","Liriodendron tulipifera"
"2271",1947,"HC13",NA,-83.47845,-83.42166,35.07382,35.02734,"LITU","Liriodendron tulipifera"
"2272",1947,"HC1",NA,-83.47845,-83.42166,35.07382,35.02734,"LITU","Liriodendron tulipifera"
"2273",1947,"BC2",1.29,-83.47845,-83.42166,35.07382,35.02734,"LITU","Liriodendron tulipifera"
"2274",1947,"HC2",NA,-83.47845,-83.42166,35.07382,35.02734,"LITU","Liriodendron tulipifera"
"2275",1947,"HCU.10",NA,-83.47845,-83.42166,35.07382,35.02734,"LITU","Liriodendron tulipifera"
"2276",1947,"HCU.1",NA,-83.47845,-83.42166,35.07382,35.02734,"LITU","Liriodendron tulipifera"
"2277",1947,"HCU.2",NA,-83.47845,-83.42166,35.07382,35.02734,"LITU","Liriodendron tulipifera"
"2278",1947,"HCU.3",NA,-83.47845,-83.42166,35.07382,35.02734,"LITU","Liriodendron tulipifera"
"2279",1947,"PB.9",2.95,-83.47845,-83.42166,35.07382,35.02734,"LITU","Liriodendron tulipifera"
"2280",1947,"PB.1",4.007,-83.47845,-83.42166,35.07382,35.02734,"LITU","Liriodendron tulipifera"
"2281",1947,"WB.6",2.008,-83.47845,-83.42166,35.07382,35.02734,"LITU","Liriodendron tulipifera"
"2282",1947,"WB.4",6.303,-83.47845,-83.42166,35.07382,35.02734,"LITU","Liriodendron tulipifera"
"2283",1947,"WB.5",1.845,-83.47845,-83.42166,35.07382,35.02734,"LITU","Liriodendron tulipifera"
"2284",1947,"WB.2",2.495,-83.47845,-83.42166,35.07382,35.02734,"LITU","Liriodendron tulipifera"
"2285",1947,"WB.3",2.175,-83.47845,-83.42166,35.07382,35.02734,"LITU","Liriodendron tulipifera"
"2286",1947,"CB.8",0.628,-83.47845,-83.42166,35.07382,35.02734,"LITU","Liriodendron tulipifera"
"2287",1947,"RB.2",1.603,-83.47845,-83.42166,35.07382,35.02734,"LITU","Liriodendron tulipifera"
"2288",1947,"RB.5",2.184,-83.47845,-83.42166,35.07382,35.02734,"LITU","Liriodendron tulipifera"
"2289",1947,"RB.8",3.498,-83.47845,-83.42166,35.07382,35.02734,"LITU","Liriodendron tulipifera"
"2290",1947,"RB.6",1.991,-83.47845,-83.42166,35.07382,35.02734,"LITU","Liriodendron tulipifera"
"2291",1947,"RB.9",2.78,-83.47845,-83.42166,35.07382,35.02734,"LITU","Liriodendron tulipifera"
"2292",1947,"RB.7",2.165,-83.47845,-83.42166,35.07382,35.02734,"LITU","Liriodendron tulipifera"
"2293",1947,"RB.1",0.984,-83.47845,-83.42166,35.07382,35.02734,"LITU","Liriodendron tulipifera"
"2294",1947,"HW.20",1.452,-83.47845,-83.42166,35.07382,35.02734,"LITU","Liriodendron tulipifera"
"2295",1947,"HW.15",3.101,-83.47845,-83.42166,35.07382,35.02734,"LITU","Liriodendron tulipifera"
"2296",1947,"HW.17",0.794,-83.47845,-83.42166,35.07382,35.02734,"LITU","Liriodendron tulipifera"
"2297",1947,"HLC.17",1.934,-83.47845,-83.42166,35.07382,35.02734,"LITU","Liriodendron tulipifera"
"2298",1947,"HLC.18",1.097,-83.47845,-83.42166,35.07382,35.02734,"LITU","Liriodendron tulipifera"
"2299",1947,"HLC.1",5.156,-83.47845,-83.42166,35.07382,35.02734,"LITU","Liriodendron tulipifera"
"2300",1947,"USF.24",5.116,-83.47845,-83.42166,35.07382,35.02734,"LITU","Liriodendron tulipifera"
"2301",1947,"BC.20",1.626,-83.47845,-83.42166,35.07382,35.02734,"LITU","Liriodendron tulipifera"
"2302",1947,"CB.12",1.792,-83.47845,-83.42166,35.07382,35.02734,"LITU","Liriodendron tulipifera"
"2303",1947,"HW.14",0.538,-83.47845,-83.42166,35.07382,35.02734,"LITU","Liriodendron tulipifera"
"2304",1947,"pm.821",0.312,-83.47845,-83.42166,35.07382,35.02734,"LITU","Liriodendron tulipifera"
"2305",1946,"BC1",3.363,-83.47845,-83.42166,35.07382,35.02734,"LITU","Liriodendron tulipifera"
"2306",1946,"HC12",NA,-83.47845,-83.42166,35.07382,35.02734,"LITU","Liriodendron tulipifera"
"2307",1946,"HC13",NA,-83.47845,-83.42166,35.07382,35.02734,"LITU","Liriodendron tulipifera"
"2308",1946,"HC1",NA,-83.47845,-83.42166,35.07382,35.02734,"LITU","Liriodendron tulipifera"
"2309",1946,"BC2",1.711,-83.47845,-83.42166,35.07382,35.02734,"LITU","Liriodendron tulipifera"
"2310",1946,"HC2",NA,-83.47845,-83.42166,35.07382,35.02734,"LITU","Liriodendron tulipifera"
"2311",1946,"HCU.10",NA,-83.47845,-83.42166,35.07382,35.02734,"LITU","Liriodendron tulipifera"
"2312",1946,"HCU.1",NA,-83.47845,-83.42166,35.07382,35.02734,"LITU","Liriodendron tulipifera"
"2313",1946,"HCU.2",NA,-83.47845,-83.42166,35.07382,35.02734,"LITU","Liriodendron tulipifera"
"2314",1946,"HCU.3",NA,-83.47845,-83.42166,35.07382,35.02734,"LITU","Liriodendron tulipifera"
"2315",1946,"PB.9",3.379,-83.47845,-83.42166,35.07382,35.02734,"LITU","Liriodendron tulipifera"
"2316",1946,"PB.1",4.07,-83.47845,-83.42166,35.07382,35.02734,"LITU","Liriodendron tulipifera"
"2317",1946,"WB.6",2.891,-83.47845,-83.42166,35.07382,35.02734,"LITU","Liriodendron tulipifera"
"2318",1946,"WB.4",6.533,-83.47845,-83.42166,35.07382,35.02734,"LITU","Liriodendron tulipifera"
"2319",1946,"WB.5",1.718,-83.47845,-83.42166,35.07382,35.02734,"LITU","Liriodendron tulipifera"
"2320",1946,"WB.2",2.733,-83.47845,-83.42166,35.07382,35.02734,"LITU","Liriodendron tulipifera"
"2321",1946,"WB.3",1.922,-83.47845,-83.42166,35.07382,35.02734,"LITU","Liriodendron tulipifera"
"2322",1946,"CB.8",0.542,-83.47845,-83.42166,35.07382,35.02734,"LITU","Liriodendron tulipifera"
"2323",1946,"RB.2",2.116,-83.47845,-83.42166,35.07382,35.02734,"LITU","Liriodendron tulipifera"
"2324",1946,"RB.5",2.876,-83.47845,-83.42166,35.07382,35.02734,"LITU","Liriodendron tulipifera"
"2325",1946,"RB.8",3.675,-83.47845,-83.42166,35.07382,35.02734,"LITU","Liriodendron tulipifera"
"2326",1946,"RB.6",2.207,-83.47845,-83.42166,35.07382,35.02734,"LITU","Liriodendron tulipifera"
"2327",1946,"RB.9",3.38,-83.47845,-83.42166,35.07382,35.02734,"LITU","Liriodendron tulipifera"
"2328",1946,"RB.7",2.7,-83.47845,-83.42166,35.07382,35.02734,"LITU","Liriodendron tulipifera"
"2329",1946,"RB.1",1.768,-83.47845,-83.42166,35.07382,35.02734,"LITU","Liriodendron tulipifera"
"2330",1946,"HW.20",1.714,-83.47845,-83.42166,35.07382,35.02734,"LITU","Liriodendron tulipifera"
"2331",1946,"HW.15",3.854,-83.47845,-83.42166,35.07382,35.02734,"LITU","Liriodendron tulipifera"
"2332",1946,"HW.17",2.076,-83.47845,-83.42166,35.07382,35.02734,"LITU","Liriodendron tulipifera"
"2333",1946,"HLC.17",2.459,-83.47845,-83.42166,35.07382,35.02734,"LITU","Liriodendron tulipifera"
"2334",1946,"HLC.18",1.148,-83.47845,-83.42166,35.07382,35.02734,"LITU","Liriodendron tulipifera"
"2335",1946,"HLC.1",6.01,-83.47845,-83.42166,35.07382,35.02734,"LITU","Liriodendron tulipifera"
"2336",1946,"USF.24",5.44,-83.47845,-83.42166,35.07382,35.02734,"LITU","Liriodendron tulipifera"
"2337",1946,"BC.20",1.691,-83.47845,-83.42166,35.07382,35.02734,"LITU","Liriodendron tulipifera"
"2338",1946,"CB.12",2.897,-83.47845,-83.42166,35.07382,35.02734,"LITU","Liriodendron tulipifera"
"2339",1946,"HW.14",0.71,-83.47845,-83.42166,35.07382,35.02734,"LITU","Liriodendron tulipifera"
"2340",1946,"pm.821",0.219,-83.47845,-83.42166,35.07382,35.02734,"LITU","Liriodendron tulipifera"
"2341",1945,"BC1",4.073,-83.47845,-83.42166,35.07382,35.02734,"LITU","Liriodendron tulipifera"
"2342",1945,"HC12",NA,-83.47845,-83.42166,35.07382,35.02734,"LITU","Liriodendron tulipifera"
"2343",1945,"HC13",NA,-83.47845,-83.42166,35.07382,35.02734,"LITU","Liriodendron tulipifera"
"2344",1945,"HC1",NA,-83.47845,-83.42166,35.07382,35.02734,"LITU","Liriodendron tulipifera"
"2345",1945,"BC2",1.545,-83.47845,-83.42166,35.07382,35.02734,"LITU","Liriodendron tulipifera"
"2346",1945,"HC2",NA,-83.47845,-83.42166,35.07382,35.02734,"LITU","Liriodendron tulipifera"
"2347",1945,"HCU.10",NA,-83.47845,-83.42166,35.07382,35.02734,"LITU","Liriodendron tulipifera"
"2348",1945,"HCU.1",NA,-83.47845,-83.42166,35.07382,35.02734,"LITU","Liriodendron tulipifera"
"2349",1945,"HCU.2",NA,-83.47845,-83.42166,35.07382,35.02734,"LITU","Liriodendron tulipifera"
"2350",1945,"HCU.3",NA,-83.47845,-83.42166,35.07382,35.02734,"LITU","Liriodendron tulipifera"
"2351",1945,"PB.9",4.075,-83.47845,-83.42166,35.07382,35.02734,"LITU","Liriodendron tulipifera"
"2352",1945,"PB.1",4.672,-83.47845,-83.42166,35.07382,35.02734,"LITU","Liriodendron tulipifera"
"2353",1945,"WB.6",3.337,-83.47845,-83.42166,35.07382,35.02734,"LITU","Liriodendron tulipifera"
"2354",1945,"WB.4",5.868,-83.47845,-83.42166,35.07382,35.02734,"LITU","Liriodendron tulipifera"
"2355",1945,"WB.5",1.855,-83.47845,-83.42166,35.07382,35.02734,"LITU","Liriodendron tulipifera"
"2356",1945,"WB.2",2.913,-83.47845,-83.42166,35.07382,35.02734,"LITU","Liriodendron tulipifera"
"2357",1945,"WB.3",2.22,-83.47845,-83.42166,35.07382,35.02734,"LITU","Liriodendron tulipifera"
"2358",1945,"CB.8",0.526,-83.47845,-83.42166,35.07382,35.02734,"LITU","Liriodendron tulipifera"
"2359",1945,"RB.2",2.368,-83.47845,-83.42166,35.07382,35.02734,"LITU","Liriodendron tulipifera"
"2360",1945,"RB.5",2.888,-83.47845,-83.42166,35.07382,35.02734,"LITU","Liriodendron tulipifera"
"2361",1945,"RB.8",3.375,-83.47845,-83.42166,35.07382,35.02734,"LITU","Liriodendron tulipifera"
"2362",1945,"RB.6",2.349,-83.47845,-83.42166,35.07382,35.02734,"LITU","Liriodendron tulipifera"
"2363",1945,"RB.9",3.648,-83.47845,-83.42166,35.07382,35.02734,"LITU","Liriodendron tulipifera"
"2364",1945,"RB.7",2.783,-83.47845,-83.42166,35.07382,35.02734,"LITU","Liriodendron tulipifera"
"2365",1945,"RB.1",1.811,-83.47845,-83.42166,35.07382,35.02734,"LITU","Liriodendron tulipifera"
"2366",1945,"HW.20",1.799,-83.47845,-83.42166,35.07382,35.02734,"LITU","Liriodendron tulipifera"
"2367",1945,"HW.15",3.681,-83.47845,-83.42166,35.07382,35.02734,"LITU","Liriodendron tulipifera"
"2368",1945,"HW.17",2.281,-83.47845,-83.42166,35.07382,35.02734,"LITU","Liriodendron tulipifera"
"2369",1945,"HLC.17",1.979,-83.47845,-83.42166,35.07382,35.02734,"LITU","Liriodendron tulipifera"
"2370",1945,"HLC.18",1.075,-83.47845,-83.42166,35.07382,35.02734,"LITU","Liriodendron tulipifera"
"2371",1945,"HLC.1",5.828,-83.47845,-83.42166,35.07382,35.02734,"LITU","Liriodendron tulipifera"
"2372",1945,"USF.24",6.194,-83.47845,-83.42166,35.07382,35.02734,"LITU","Liriodendron tulipifera"
"2373",1945,"BC.20",2.493,-83.47845,-83.42166,35.07382,35.02734,"LITU","Liriodendron tulipifera"
"2374",1945,"CB.12",3.358,-83.47845,-83.42166,35.07382,35.02734,"LITU","Liriodendron tulipifera"
"2375",1945,"HW.14",0.671,-83.47845,-83.42166,35.07382,35.02734,"LITU","Liriodendron tulipifera"
"2376",1945,"pm.821",0.191,-83.47845,-83.42166,35.07382,35.02734,"LITU","Liriodendron tulipifera"
"2377",1944,"BC1",3.438,-83.47845,-83.42166,35.07382,35.02734,"LITU","Liriodendron tulipifera"
"2378",1944,"HC12",NA,-83.47845,-83.42166,35.07382,35.02734,"LITU","Liriodendron tulipifera"
"2379",1944,"HC13",NA,-83.47845,-83.42166,35.07382,35.02734,"LITU","Liriodendron tulipifera"
"2380",1944,"HC1",NA,-83.47845,-83.42166,35.07382,35.02734,"LITU","Liriodendron tulipifera"
"2381",1944,"BC2",1.817,-83.47845,-83.42166,35.07382,35.02734,"LITU","Liriodendron tulipifera"
"2382",1944,"HC2",NA,-83.47845,-83.42166,35.07382,35.02734,"LITU","Liriodendron tulipifera"
"2383",1944,"HCU.10",NA,-83.47845,-83.42166,35.07382,35.02734,"LITU","Liriodendron tulipifera"
"2384",1944,"HCU.1",NA,-83.47845,-83.42166,35.07382,35.02734,"LITU","Liriodendron tulipifera"
"2385",1944,"HCU.2",NA,-83.47845,-83.42166,35.07382,35.02734,"LITU","Liriodendron tulipifera"
"2386",1944,"HCU.3",NA,-83.47845,-83.42166,35.07382,35.02734,"LITU","Liriodendron tulipifera"
"2387",1944,"PB.9",3.66,-83.47845,-83.42166,35.07382,35.02734,"LITU","Liriodendron tulipifera"
"2388",1944,"PB.1",4.196,-83.47845,-83.42166,35.07382,35.02734,"LITU","Liriodendron tulipifera"
"2389",1944,"WB.6",2.402,-83.47845,-83.42166,35.07382,35.02734,"LITU","Liriodendron tulipifera"
"2390",1944,"WB.4",5.9,-83.47845,-83.42166,35.07382,35.02734,"LITU","Liriodendron tulipifera"
"2391",1944,"WB.5",1.614,-83.47845,-83.42166,35.07382,35.02734,"LITU","Liriodendron tulipifera"
"2392",1944,"WB.2",2.246,-83.47845,-83.42166,35.07382,35.02734,"LITU","Liriodendron tulipifera"
"2393",1944,"WB.3",1.644,-83.47845,-83.42166,35.07382,35.02734,"LITU","Liriodendron tulipifera"
"2394",1944,"CB.8",0.542,-83.47845,-83.42166,35.07382,35.02734,"LITU","Liriodendron tulipifera"
"2395",1944,"RB.2",1.33,-83.47845,-83.42166,35.07382,35.02734,"LITU","Liriodendron tulipifera"
"2396",1944,"RB.5",1.901,-83.47845,-83.42166,35.07382,35.02734,"LITU","Liriodendron tulipifera"
"2397",1944,"RB.8",2.006,-83.47845,-83.42166,35.07382,35.02734,"LITU","Liriodendron tulipifera"
"2398",1944,"RB.6",1.898,-83.47845,-83.42166,35.07382,35.02734,"LITU","Liriodendron tulipifera"
"2399",1944,"RB.9",2.73,-83.47845,-83.42166,35.07382,35.02734,"LITU","Liriodendron tulipifera"
"2400",1944,"RB.7",2.017,-83.47845,-83.42166,35.07382,35.02734,"LITU","Liriodendron tulipifera"
"2401",1944,"RB.1",1.107,-83.47845,-83.42166,35.07382,35.02734,"LITU","Liriodendron tulipifera"
"2402",1944,"HW.20",1.853,-83.47845,-83.42166,35.07382,35.02734,"LITU","Liriodendron tulipifera"
"2403",1944,"HW.15",3.064,-83.47845,-83.42166,35.07382,35.02734,"LITU","Liriodendron tulipifera"
"2404",1944,"HW.17",2.163,-83.47845,-83.42166,35.07382,35.02734,"LITU","Liriodendron tulipifera"
"2405",1944,"HLC.17",1.624,-83.47845,-83.42166,35.07382,35.02734,"LITU","Liriodendron tulipifera"
"2406",1944,"HLC.18",1.101,-83.47845,-83.42166,35.07382,35.02734,"LITU","Liriodendron tulipifera"
"2407",1944,"HLC.1",6.125,-83.47845,-83.42166,35.07382,35.02734,"LITU","Liriodendron tulipifera"
"2408",1944,"USF.24",5.073,-83.47845,-83.42166,35.07382,35.02734,"LITU","Liriodendron tulipifera"
"2409",1944,"BC.20",2.404,-83.47845,-83.42166,35.07382,35.02734,"LITU","Liriodendron tulipifera"
"2410",1944,"CB.12",3.746,-83.47845,-83.42166,35.07382,35.02734,"LITU","Liriodendron tulipifera"
"2411",1944,"HW.14",0.525,-83.47845,-83.42166,35.07382,35.02734,"LITU","Liriodendron tulipifera"
"2412",1944,"pm.821",0.183,-83.47845,-83.42166,35.07382,35.02734,"LITU","Liriodendron tulipifera"
"2413",1943,"BC1",4.029,-83.47845,-83.42166,35.07382,35.02734,"LITU","Liriodendron tulipifera"
"2414",1943,"HC12",NA,-83.47845,-83.42166,35.07382,35.02734,"LITU","Liriodendron tulipifera"
"2415",1943,"HC13",NA,-83.47845,-83.42166,35.07382,35.02734,"LITU","Liriodendron tulipifera"
"2416",1943,"HC1",NA,-83.47845,-83.42166,35.07382,35.02734,"LITU","Liriodendron tulipifera"
"2417",1943,"BC2",1.428,-83.47845,-83.42166,35.07382,35.02734,"LITU","Liriodendron tulipifera"
"2418",1943,"HC2",NA,-83.47845,-83.42166,35.07382,35.02734,"LITU","Liriodendron tulipifera"
"2419",1943,"HCU.10",NA,-83.47845,-83.42166,35.07382,35.02734,"LITU","Liriodendron tulipifera"
"2420",1943,"HCU.1",NA,-83.47845,-83.42166,35.07382,35.02734,"LITU","Liriodendron tulipifera"
"2421",1943,"HCU.2",NA,-83.47845,-83.42166,35.07382,35.02734,"LITU","Liriodendron tulipifera"
"2422",1943,"HCU.3",NA,-83.47845,-83.42166,35.07382,35.02734,"LITU","Liriodendron tulipifera"
"2423",1943,"PB.9",4.73,-83.47845,-83.42166,35.07382,35.02734,"LITU","Liriodendron tulipifera"
"2424",1943,"PB.1",4.412,-83.47845,-83.42166,35.07382,35.02734,"LITU","Liriodendron tulipifera"
"2425",1943,"WB.6",3.504,-83.47845,-83.42166,35.07382,35.02734,"LITU","Liriodendron tulipifera"
"2426",1943,"WB.4",6.848,-83.47845,-83.42166,35.07382,35.02734,"LITU","Liriodendron tulipifera"
"2427",1943,"WB.5",2.276,-83.47845,-83.42166,35.07382,35.02734,"LITU","Liriodendron tulipifera"
"2428",1943,"WB.2",3.352,-83.47845,-83.42166,35.07382,35.02734,"LITU","Liriodendron tulipifera"
"2429",1943,"WB.3",2.064,-83.47845,-83.42166,35.07382,35.02734,"LITU","Liriodendron tulipifera"
"2430",1943,"CB.8",0.87,-83.47845,-83.42166,35.07382,35.02734,"LITU","Liriodendron tulipifera"
"2431",1943,"RB.2",2.018,-83.47845,-83.42166,35.07382,35.02734,"LITU","Liriodendron tulipifera"
"2432",1943,"RB.5",2.166,-83.47845,-83.42166,35.07382,35.02734,"LITU","Liriodendron tulipifera"
"2433",1943,"RB.8",2.698,-83.47845,-83.42166,35.07382,35.02734,"LITU","Liriodendron tulipifera"
"2434",1943,"RB.6",2.623,-83.47845,-83.42166,35.07382,35.02734,"LITU","Liriodendron tulipifera"
"2435",1943,"RB.9",2.855,-83.47845,-83.42166,35.07382,35.02734,"LITU","Liriodendron tulipifera"
"2436",1943,"RB.7",2.283,-83.47845,-83.42166,35.07382,35.02734,"LITU","Liriodendron tulipifera"
"2437",1943,"RB.1",1.687,-83.47845,-83.42166,35.07382,35.02734,"LITU","Liriodendron tulipifera"
"2438",1943,"HW.20",1.999,-83.47845,-83.42166,35.07382,35.02734,"LITU","Liriodendron tulipifera"
"2439",1943,"HW.15",4.483,-83.47845,-83.42166,35.07382,35.02734,"LITU","Liriodendron tulipifera"
"2440",1943,"HW.17",2.915,-83.47845,-83.42166,35.07382,35.02734,"LITU","Liriodendron tulipifera"
"2441",1943,"HLC.17",2.343,-83.47845,-83.42166,35.07382,35.02734,"LITU","Liriodendron tulipifera"
"2442",1943,"HLC.18",1.369,-83.47845,-83.42166,35.07382,35.02734,"LITU","Liriodendron tulipifera"
"2443",1943,"HLC.1",7.759,-83.47845,-83.42166,35.07382,35.02734,"LITU","Liriodendron tulipifera"
"2444",1943,"USF.24",NA,-83.47845,-83.42166,35.07382,35.02734,"LITU","Liriodendron tulipifera"
"2445",1943,"BC.20",3.239,-83.47845,-83.42166,35.07382,35.02734,"LITU","Liriodendron tulipifera"
"2446",1943,"CB.12",4.847,-83.47845,-83.42166,35.07382,35.02734,"LITU","Liriodendron tulipifera"
"2447",1943,"HW.14",0.832,-83.47845,-83.42166,35.07382,35.02734,"LITU","Liriodendron tulipifera"
"2448",1943,"pm.821",0.294,-83.47845,-83.42166,35.07382,35.02734,"LITU","Liriodendron tulipifera"
"2449",1942,"BC1",4.91,-83.47845,-83.42166,35.07382,35.02734,"LITU","Liriodendron tulipifera"
"2450",1942,"HC12",NA,-83.47845,-83.42166,35.07382,35.02734,"LITU","Liriodendron tulipifera"
"2451",1942,"HC13",NA,-83.47845,-83.42166,35.07382,35.02734,"LITU","Liriodendron tulipifera"
"2452",1942,"HC1",NA,-83.47845,-83.42166,35.07382,35.02734,"LITU","Liriodendron tulipifera"
"2453",1942,"BC2",2.322,-83.47845,-83.42166,35.07382,35.02734,"LITU","Liriodendron tulipifera"
"2454",1942,"HC2",NA,-83.47845,-83.42166,35.07382,35.02734,"LITU","Liriodendron tulipifera"
"2455",1942,"HCU.10",NA,-83.47845,-83.42166,35.07382,35.02734,"LITU","Liriodendron tulipifera"
"2456",1942,"HCU.1",NA,-83.47845,-83.42166,35.07382,35.02734,"LITU","Liriodendron tulipifera"
"2457",1942,"HCU.2",NA,-83.47845,-83.42166,35.07382,35.02734,"LITU","Liriodendron tulipifera"
"2458",1942,"HCU.3",NA,-83.47845,-83.42166,35.07382,35.02734,"LITU","Liriodendron tulipifera"
"2459",1942,"PB.9",5.454,-83.47845,-83.42166,35.07382,35.02734,"LITU","Liriodendron tulipifera"
"2460",1942,"PB.1",5.193,-83.47845,-83.42166,35.07382,35.02734,"LITU","Liriodendron tulipifera"
"2461",1942,"WB.6",4.255,-83.47845,-83.42166,35.07382,35.02734,"LITU","Liriodendron tulipifera"
"2462",1942,"WB.4",NA,-83.47845,-83.42166,35.07382,35.02734,"LITU","Liriodendron tulipifera"
"2463",1942,"WB.5",NA,-83.47845,-83.42166,35.07382,35.02734,"LITU","Liriodendron tulipifera"
"2464",1942,"WB.2",4.387,-83.47845,-83.42166,35.07382,35.02734,"LITU","Liriodendron tulipifera"
"2465",1942,"WB.3",3.341,-83.47845,-83.42166,35.07382,35.02734,"LITU","Liriodendron tulipifera"
"2466",1942,"CB.8",0.626,-83.47845,-83.42166,35.07382,35.02734,"LITU","Liriodendron tulipifera"
"2467",1942,"RB.2",2.679,-83.47845,-83.42166,35.07382,35.02734,"LITU","Liriodendron tulipifera"
"2468",1942,"RB.5",2.475,-83.47845,-83.42166,35.07382,35.02734,"LITU","Liriodendron tulipifera"
"2469",1942,"RB.8",2.599,-83.47845,-83.42166,35.07382,35.02734,"LITU","Liriodendron tulipifera"
"2470",1942,"RB.6",2.191,-83.47845,-83.42166,35.07382,35.02734,"LITU","Liriodendron tulipifera"
"2471",1942,"RB.9",3.975,-83.47845,-83.42166,35.07382,35.02734,"LITU","Liriodendron tulipifera"
"2472",1942,"RB.7",2.521,-83.47845,-83.42166,35.07382,35.02734,"LITU","Liriodendron tulipifera"
"2473",1942,"RB.1",2.639,-83.47845,-83.42166,35.07382,35.02734,"LITU","Liriodendron tulipifera"
"2474",1942,"HW.20",1.68,-83.47845,-83.42166,35.07382,35.02734,"LITU","Liriodendron tulipifera"
"2475",1942,"HW.15",4.595,-83.47845,-83.42166,35.07382,35.02734,"LITU","Liriodendron tulipifera"
"2476",1942,"HW.17",2.495,-83.47845,-83.42166,35.07382,35.02734,"LITU","Liriodendron tulipifera"
"2477",1942,"HLC.17",1.897,-83.47845,-83.42166,35.07382,35.02734,"LITU","Liriodendron tulipifera"
"2478",1942,"HLC.18",1.473,-83.47845,-83.42166,35.07382,35.02734,"LITU","Liriodendron tulipifera"
"2479",1942,"HLC.1",7.716,-83.47845,-83.42166,35.07382,35.02734,"LITU","Liriodendron tulipifera"
"2480",1942,"USF.24",NA,-83.47845,-83.42166,35.07382,35.02734,"LITU","Liriodendron tulipifera"
"2481",1942,"BC.20",2.974,-83.47845,-83.42166,35.07382,35.02734,"LITU","Liriodendron tulipifera"
"2482",1942,"CB.12",NA,-83.47845,-83.42166,35.07382,35.02734,"LITU","Liriodendron tulipifera"
"2483",1942,"HW.14",1.264,-83.47845,-83.42166,35.07382,35.02734,"LITU","Liriodendron tulipifera"
"2484",1942,"pm.821",0.348,-83.47845,-83.42166,35.07382,35.02734,"LITU","Liriodendron tulipifera"
"2485",1941,"BC1",5.304,-83.47845,-83.42166,35.07382,35.02734,"LITU","Liriodendron tulipifera"
"2486",1941,"HC12",NA,-83.47845,-83.42166,35.07382,35.02734,"LITU","Liriodendron tulipifera"
"2487",1941,"HC13",NA,-83.47845,-83.42166,35.07382,35.02734,"LITU","Liriodendron tulipifera"
"2488",1941,"HC1",NA,-83.47845,-83.42166,35.07382,35.02734,"LITU","Liriodendron tulipifera"
"2489",1941,"BC2",1.915,-83.47845,-83.42166,35.07382,35.02734,"LITU","Liriodendron tulipifera"
"2490",1941,"HC2",NA,-83.47845,-83.42166,35.07382,35.02734,"LITU","Liriodendron tulipifera"
"2491",1941,"HCU.10",NA,-83.47845,-83.42166,35.07382,35.02734,"LITU","Liriodendron tulipifera"
"2492",1941,"HCU.1",NA,-83.47845,-83.42166,35.07382,35.02734,"LITU","Liriodendron tulipifera"
"2493",1941,"HCU.2",NA,-83.47845,-83.42166,35.07382,35.02734,"LITU","Liriodendron tulipifera"
"2494",1941,"HCU.3",NA,-83.47845,-83.42166,35.07382,35.02734,"LITU","Liriodendron tulipifera"
"2495",1941,"PB.9",5.271,-83.47845,-83.42166,35.07382,35.02734,"LITU","Liriodendron tulipifera"
"2496",1941,"PB.1",5.341,-83.47845,-83.42166,35.07382,35.02734,"LITU","Liriodendron tulipifera"
"2497",1941,"WB.6",4.443,-83.47845,-83.42166,35.07382,35.02734,"LITU","Liriodendron tulipifera"
"2498",1941,"WB.4",NA,-83.47845,-83.42166,35.07382,35.02734,"LITU","Liriodendron tulipifera"
"2499",1941,"WB.5",NA,-83.47845,-83.42166,35.07382,35.02734,"LITU","Liriodendron tulipifera"
"2500",1941,"WB.2",4.666,-83.47845,-83.42166,35.07382,35.02734,"LITU","Liriodendron tulipifera"
"2501",1941,"WB.3",3.543,-83.47845,-83.42166,35.07382,35.02734,"LITU","Liriodendron tulipifera"
"2502",1941,"CB.8",0.974,-83.47845,-83.42166,35.07382,35.02734,"LITU","Liriodendron tulipifera"
"2503",1941,"RB.2",NA,-83.47845,-83.42166,35.07382,35.02734,"LITU","Liriodendron tulipifera"
"2504",1941,"RB.5",2.586,-83.47845,-83.42166,35.07382,35.02734,"LITU","Liriodendron tulipifera"
"2505",1941,"RB.8",2.434,-83.47845,-83.42166,35.07382,35.02734,"LITU","Liriodendron tulipifera"
"2506",1941,"RB.6",2.246,-83.47845,-83.42166,35.07382,35.02734,"LITU","Liriodendron tulipifera"
"2507",1941,"RB.9",3.226,-83.47845,-83.42166,35.07382,35.02734,"LITU","Liriodendron tulipifera"
"2508",1941,"RB.7",2.448,-83.47845,-83.42166,35.07382,35.02734,"LITU","Liriodendron tulipifera"
"2509",1941,"RB.1",2.85,-83.47845,-83.42166,35.07382,35.02734,"LITU","Liriodendron tulipifera"
"2510",1941,"HW.20",2.092,-83.47845,-83.42166,35.07382,35.02734,"LITU","Liriodendron tulipifera"
"2511",1941,"HW.15",4.282,-83.47845,-83.42166,35.07382,35.02734,"LITU","Liriodendron tulipifera"
"2512",1941,"HW.17",2.828,-83.47845,-83.42166,35.07382,35.02734,"LITU","Liriodendron tulipifera"
"2513",1941,"HLC.17",2.337,-83.47845,-83.42166,35.07382,35.02734,"LITU","Liriodendron tulipifera"
"2514",1941,"HLC.18",1.475,-83.47845,-83.42166,35.07382,35.02734,"LITU","Liriodendron tulipifera"
"2515",1941,"HLC.1",7.217,-83.47845,-83.42166,35.07382,35.02734,"LITU","Liriodendron tulipifera"
"2516",1941,"USF.24",NA,-83.47845,-83.42166,35.07382,35.02734,"LITU","Liriodendron tulipifera"
"2517",1941,"BC.20",2.683,-83.47845,-83.42166,35.07382,35.02734,"LITU","Liriodendron tulipifera"
"2518",1941,"CB.12",NA,-83.47845,-83.42166,35.07382,35.02734,"LITU","Liriodendron tulipifera"
"2519",1941,"HW.14",1.352,-83.47845,-83.42166,35.07382,35.02734,"LITU","Liriodendron tulipifera"
"2520",1941,"pm.821",0.364,-83.47845,-83.42166,35.07382,35.02734,"LITU","Liriodendron tulipifera"
"2521",1940,"BC1",5.125,-83.47845,-83.42166,35.07382,35.02734,"LITU","Liriodendron tulipifera"
"2522",1940,"HC12",NA,-83.47845,-83.42166,35.07382,35.02734,"LITU","Liriodendron tulipifera"
"2523",1940,"HC13",NA,-83.47845,-83.42166,35.07382,35.02734,"LITU","Liriodendron tulipifera"
"2524",1940,"HC1",NA,-83.47845,-83.42166,35.07382,35.02734,"LITU","Liriodendron tulipifera"
"2525",1940,"BC2",1.866,-83.47845,-83.42166,35.07382,35.02734,"LITU","Liriodendron tulipifera"
"2526",1940,"HC2",NA,-83.47845,-83.42166,35.07382,35.02734,"LITU","Liriodendron tulipifera"
"2527",1940,"HCU.10",NA,-83.47845,-83.42166,35.07382,35.02734,"LITU","Liriodendron tulipifera"
"2528",1940,"HCU.1",NA,-83.47845,-83.42166,35.07382,35.02734,"LITU","Liriodendron tulipifera"
"2529",1940,"HCU.2",NA,-83.47845,-83.42166,35.07382,35.02734,"LITU","Liriodendron tulipifera"
"2530",1940,"HCU.3",NA,-83.47845,-83.42166,35.07382,35.02734,"LITU","Liriodendron tulipifera"
"2531",1940,"PB.9",5.052,-83.47845,-83.42166,35.07382,35.02734,"LITU","Liriodendron tulipifera"
"2532",1940,"PB.1",4.478,-83.47845,-83.42166,35.07382,35.02734,"LITU","Liriodendron tulipifera"
"2533",1940,"WB.6",4.418,-83.47845,-83.42166,35.07382,35.02734,"LITU","Liriodendron tulipifera"
"2534",1940,"WB.4",NA,-83.47845,-83.42166,35.07382,35.02734,"LITU","Liriodendron tulipifera"
"2535",1940,"WB.5",NA,-83.47845,-83.42166,35.07382,35.02734,"LITU","Liriodendron tulipifera"
"2536",1940,"WB.2",4.505,-83.47845,-83.42166,35.07382,35.02734,"LITU","Liriodendron tulipifera"
"2537",1940,"WB.3",3.777,-83.47845,-83.42166,35.07382,35.02734,"LITU","Liriodendron tulipifera"
"2538",1940,"CB.8",1.458,-83.47845,-83.42166,35.07382,35.02734,"LITU","Liriodendron tulipifera"
"2539",1940,"RB.2",NA,-83.47845,-83.42166,35.07382,35.02734,"LITU","Liriodendron tulipifera"
"2540",1940,"RB.5",2.594,-83.47845,-83.42166,35.07382,35.02734,"LITU","Liriodendron tulipifera"
"2541",1940,"RB.8",2.986,-83.47845,-83.42166,35.07382,35.02734,"LITU","Liriodendron tulipifera"
"2542",1940,"RB.6",2.101,-83.47845,-83.42166,35.07382,35.02734,"LITU","Liriodendron tulipifera"
"2543",1940,"RB.9",2.871,-83.47845,-83.42166,35.07382,35.02734,"LITU","Liriodendron tulipifera"
"2544",1940,"RB.7",1.898,-83.47845,-83.42166,35.07382,35.02734,"LITU","Liriodendron tulipifera"
"2545",1940,"RB.1",3.029,-83.47845,-83.42166,35.07382,35.02734,"LITU","Liriodendron tulipifera"
"2546",1940,"HW.20",2.227,-83.47845,-83.42166,35.07382,35.02734,"LITU","Liriodendron tulipifera"
"2547",1940,"HW.15",4.537,-83.47845,-83.42166,35.07382,35.02734,"LITU","Liriodendron tulipifera"
"2548",1940,"HW.17",3.402,-83.47845,-83.42166,35.07382,35.02734,"LITU","Liriodendron tulipifera"
"2549",1940,"HLC.17",2.808,-83.47845,-83.42166,35.07382,35.02734,"LITU","Liriodendron tulipifera"
"2550",1940,"HLC.18",1.129,-83.47845,-83.42166,35.07382,35.02734,"LITU","Liriodendron tulipifera"
"2551",1940,"HLC.1",9.51,-83.47845,-83.42166,35.07382,35.02734,"LITU","Liriodendron tulipifera"
"2552",1940,"USF.24",NA,-83.47845,-83.42166,35.07382,35.02734,"LITU","Liriodendron tulipifera"
"2553",1940,"BC.20",3.322,-83.47845,-83.42166,35.07382,35.02734,"LITU","Liriodendron tulipifera"
"2554",1940,"CB.12",NA,-83.47845,-83.42166,35.07382,35.02734,"LITU","Liriodendron tulipifera"
"2555",1940,"HW.14",2.005,-83.47845,-83.42166,35.07382,35.02734,"LITU","Liriodendron tulipifera"
"2556",1940,"pm.821",0.285,-83.47845,-83.42166,35.07382,35.02734,"LITU","Liriodendron tulipifera"
"2557",1939,"BC1",4.593,-83.47845,-83.42166,35.07382,35.02734,"LITU","Liriodendron tulipifera"
"2558",1939,"HC12",NA,-83.47845,-83.42166,35.07382,35.02734,"LITU","Liriodendron tulipifera"
"2559",1939,"HC13",NA,-83.47845,-83.42166,35.07382,35.02734,"LITU","Liriodendron tulipifera"
"2560",1939,"HC1",NA,-83.47845,-83.42166,35.07382,35.02734,"LITU","Liriodendron tulipifera"
"2561",1939,"BC2",1.342,-83.47845,-83.42166,35.07382,35.02734,"LITU","Liriodendron tulipifera"
"2562",1939,"HC2",NA,-83.47845,-83.42166,35.07382,35.02734,"LITU","Liriodendron tulipifera"
"2563",1939,"HCU.10",NA,-83.47845,-83.42166,35.07382,35.02734,"LITU","Liriodendron tulipifera"
"2564",1939,"HCU.1",NA,-83.47845,-83.42166,35.07382,35.02734,"LITU","Liriodendron tulipifera"
"2565",1939,"HCU.2",NA,-83.47845,-83.42166,35.07382,35.02734,"LITU","Liriodendron tulipifera"
"2566",1939,"HCU.3",NA,-83.47845,-83.42166,35.07382,35.02734,"LITU","Liriodendron tulipifera"
"2567",1939,"PB.9",6.401,-83.47845,-83.42166,35.07382,35.02734,"LITU","Liriodendron tulipifera"
"2568",1939,"PB.1",4.934,-83.47845,-83.42166,35.07382,35.02734,"LITU","Liriodendron tulipifera"
"2569",1939,"WB.6",3.581,-83.47845,-83.42166,35.07382,35.02734,"LITU","Liriodendron tulipifera"
"2570",1939,"WB.4",NA,-83.47845,-83.42166,35.07382,35.02734,"LITU","Liriodendron tulipifera"
"2571",1939,"WB.5",NA,-83.47845,-83.42166,35.07382,35.02734,"LITU","Liriodendron tulipifera"
"2572",1939,"WB.2",4.34,-83.47845,-83.42166,35.07382,35.02734,"LITU","Liriodendron tulipifera"
"2573",1939,"WB.3",3.925,-83.47845,-83.42166,35.07382,35.02734,"LITU","Liriodendron tulipifera"
"2574",1939,"CB.8",1.061,-83.47845,-83.42166,35.07382,35.02734,"LITU","Liriodendron tulipifera"
"2575",1939,"RB.2",NA,-83.47845,-83.42166,35.07382,35.02734,"LITU","Liriodendron tulipifera"
"2576",1939,"RB.5",2.665,-83.47845,-83.42166,35.07382,35.02734,"LITU","Liriodendron tulipifera"
"2577",1939,"RB.8",4.099,-83.47845,-83.42166,35.07382,35.02734,"LITU","Liriodendron tulipifera"
"2578",1939,"RB.6",2.346,-83.47845,-83.42166,35.07382,35.02734,"LITU","Liriodendron tulipifera"
"2579",1939,"RB.9",2.99,-83.47845,-83.42166,35.07382,35.02734,"LITU","Liriodendron tulipifera"
"2580",1939,"RB.7",2.834,-83.47845,-83.42166,35.07382,35.02734,"LITU","Liriodendron tulipifera"
"2581",1939,"RB.1",3.699,-83.47845,-83.42166,35.07382,35.02734,"LITU","Liriodendron tulipifera"
"2582",1939,"HW.20",2.121,-83.47845,-83.42166,35.07382,35.02734,"LITU","Liriodendron tulipifera"
"2583",1939,"HW.15",4.738,-83.47845,-83.42166,35.07382,35.02734,"LITU","Liriodendron tulipifera"
"2584",1939,"HW.17",4.544,-83.47845,-83.42166,35.07382,35.02734,"LITU","Liriodendron tulipifera"
"2585",1939,"HLC.17",4.035,-83.47845,-83.42166,35.07382,35.02734,"LITU","Liriodendron tulipifera"
"2586",1939,"HLC.18",1.373,-83.47845,-83.42166,35.07382,35.02734,"LITU","Liriodendron tulipifera"
"2587",1939,"HLC.1",5.887,-83.47845,-83.42166,35.07382,35.02734,"LITU","Liriodendron tulipifera"
"2588",1939,"USF.24",NA,-83.47845,-83.42166,35.07382,35.02734,"LITU","Liriodendron tulipifera"
"2589",1939,"BC.20",3.781,-83.47845,-83.42166,35.07382,35.02734,"LITU","Liriodendron tulipifera"
"2590",1939,"CB.12",NA,-83.47845,-83.42166,35.07382,35.02734,"LITU","Liriodendron tulipifera"
"2591",1939,"HW.14",2.022,-83.47845,-83.42166,35.07382,35.02734,"LITU","Liriodendron tulipifera"
"2592",1939,"pm.821",0.439,-83.47845,-83.42166,35.07382,35.02734,"LITU","Liriodendron tulipifera"
"2593",1938,"BC1",2.431,-83.47845,-83.42166,35.07382,35.02734,"LITU","Liriodendron tulipifera"
"2594",1938,"HC12",NA,-83.47845,-83.42166,35.07382,35.02734,"LITU","Liriodendron tulipifera"
"2595",1938,"HC13",NA,-83.47845,-83.42166,35.07382,35.02734,"LITU","Liriodendron tulipifera"
"2596",1938,"HC1",NA,-83.47845,-83.42166,35.07382,35.02734,"LITU","Liriodendron tulipifera"
"2597",1938,"BC2",1.072,-83.47845,-83.42166,35.07382,35.02734,"LITU","Liriodendron tulipifera"
"2598",1938,"HC2",NA,-83.47845,-83.42166,35.07382,35.02734,"LITU","Liriodendron tulipifera"
"2599",1938,"HCU.10",NA,-83.47845,-83.42166,35.07382,35.02734,"LITU","Liriodendron tulipifera"
"2600",1938,"HCU.1",NA,-83.47845,-83.42166,35.07382,35.02734,"LITU","Liriodendron tulipifera"
"2601",1938,"HCU.2",NA,-83.47845,-83.42166,35.07382,35.02734,"LITU","Liriodendron tulipifera"
"2602",1938,"HCU.3",NA,-83.47845,-83.42166,35.07382,35.02734,"LITU","Liriodendron tulipifera"
"2603",1938,"PB.9",7.689,-83.47845,-83.42166,35.07382,35.02734,"LITU","Liriodendron tulipifera"
"2604",1938,"PB.1",5.196,-83.47845,-83.42166,35.07382,35.02734,"LITU","Liriodendron tulipifera"
"2605",1938,"WB.6",4.582,-83.47845,-83.42166,35.07382,35.02734,"LITU","Liriodendron tulipifera"
"2606",1938,"WB.4",NA,-83.47845,-83.42166,35.07382,35.02734,"LITU","Liriodendron tulipifera"
"2607",1938,"WB.5",NA,-83.47845,-83.42166,35.07382,35.02734,"LITU","Liriodendron tulipifera"
"2608",1938,"WB.2",5.082,-83.47845,-83.42166,35.07382,35.02734,"LITU","Liriodendron tulipifera"
"2609",1938,"WB.3",3.884,-83.47845,-83.42166,35.07382,35.02734,"LITU","Liriodendron tulipifera"
"2610",1938,"CB.8",1.477,-83.47845,-83.42166,35.07382,35.02734,"LITU","Liriodendron tulipifera"
"2611",1938,"RB.2",NA,-83.47845,-83.42166,35.07382,35.02734,"LITU","Liriodendron tulipifera"
"2612",1938,"RB.5",2.893,-83.47845,-83.42166,35.07382,35.02734,"LITU","Liriodendron tulipifera"
"2613",1938,"RB.8",3.079,-83.47845,-83.42166,35.07382,35.02734,"LITU","Liriodendron tulipifera"
"2614",1938,"RB.6",3.491,-83.47845,-83.42166,35.07382,35.02734,"LITU","Liriodendron tulipifera"
"2615",1938,"RB.9",3.097,-83.47845,-83.42166,35.07382,35.02734,"LITU","Liriodendron tulipifera"
"2616",1938,"RB.7",3.514,-83.47845,-83.42166,35.07382,35.02734,"LITU","Liriodendron tulipifera"
"2617",1938,"RB.1",4.395,-83.47845,-83.42166,35.07382,35.02734,"LITU","Liriodendron tulipifera"
"2618",1938,"HW.20",2.355,-83.47845,-83.42166,35.07382,35.02734,"LITU","Liriodendron tulipifera"
"2619",1938,"HW.15",5.01,-83.47845,-83.42166,35.07382,35.02734,"LITU","Liriodendron tulipifera"
"2620",1938,"HW.17",5.25,-83.47845,-83.42166,35.07382,35.02734,"LITU","Liriodendron tulipifera"
"2621",1938,"HLC.17",2.823,-83.47845,-83.42166,35.07382,35.02734,"LITU","Liriodendron tulipifera"
"2622",1938,"HLC.18",1.083,-83.47845,-83.42166,35.07382,35.02734,"LITU","Liriodendron tulipifera"
"2623",1938,"HLC.1",5.674,-83.47845,-83.42166,35.07382,35.02734,"LITU","Liriodendron tulipifera"
"2624",1938,"USF.24",NA,-83.47845,-83.42166,35.07382,35.02734,"LITU","Liriodendron tulipifera"
"2625",1938,"BC.20",4.217,-83.47845,-83.42166,35.07382,35.02734,"LITU","Liriodendron tulipifera"
"2626",1938,"CB.12",NA,-83.47845,-83.42166,35.07382,35.02734,"LITU","Liriodendron tulipifera"
"2627",1938,"HW.14",2.62,-83.47845,-83.42166,35.07382,35.02734,"LITU","Liriodendron tulipifera"
"2628",1938,"pm.821",0.396,-83.47845,-83.42166,35.07382,35.02734,"LITU","Liriodendron tulipifera"
"2629",1937,"BC1",3.632,-83.47845,-83.42166,35.07382,35.02734,"LITU","Liriodendron tulipifera"
"2630",1937,"HC12",NA,-83.47845,-83.42166,35.07382,35.02734,"LITU","Liriodendron tulipifera"
"2631",1937,"HC13",NA,-83.47845,-83.42166,35.07382,35.02734,"LITU","Liriodendron tulipifera"
"2632",1937,"HC1",NA,-83.47845,-83.42166,35.07382,35.02734,"LITU","Liriodendron tulipifera"
"2633",1937,"BC2",1.623,-83.47845,-83.42166,35.07382,35.02734,"LITU","Liriodendron tulipifera"
"2634",1937,"HC2",NA,-83.47845,-83.42166,35.07382,35.02734,"LITU","Liriodendron tulipifera"
"2635",1937,"HCU.10",NA,-83.47845,-83.42166,35.07382,35.02734,"LITU","Liriodendron tulipifera"
"2636",1937,"HCU.1",NA,-83.47845,-83.42166,35.07382,35.02734,"LITU","Liriodendron tulipifera"
"2637",1937,"HCU.2",NA,-83.47845,-83.42166,35.07382,35.02734,"LITU","Liriodendron tulipifera"
"2638",1937,"HCU.3",NA,-83.47845,-83.42166,35.07382,35.02734,"LITU","Liriodendron tulipifera"
"2639",1937,"PB.9",7.285,-83.47845,-83.42166,35.07382,35.02734,"LITU","Liriodendron tulipifera"
"2640",1937,"PB.1",5.481,-83.47845,-83.42166,35.07382,35.02734,"LITU","Liriodendron tulipifera"
"2641",1937,"WB.6",6.021,-83.47845,-83.42166,35.07382,35.02734,"LITU","Liriodendron tulipifera"
"2642",1937,"WB.4",NA,-83.47845,-83.42166,35.07382,35.02734,"LITU","Liriodendron tulipifera"
"2643",1937,"WB.5",NA,-83.47845,-83.42166,35.07382,35.02734,"LITU","Liriodendron tulipifera"
"2644",1937,"WB.2",6.091,-83.47845,-83.42166,35.07382,35.02734,"LITU","Liriodendron tulipifera"
"2645",1937,"WB.3",4.837,-83.47845,-83.42166,35.07382,35.02734,"LITU","Liriodendron tulipifera"
"2646",1937,"CB.8",1.446,-83.47845,-83.42166,35.07382,35.02734,"LITU","Liriodendron tulipifera"
"2647",1937,"RB.2",NA,-83.47845,-83.42166,35.07382,35.02734,"LITU","Liriodendron tulipifera"
"2648",1937,"RB.5",2.885,-83.47845,-83.42166,35.07382,35.02734,"LITU","Liriodendron tulipifera"
"2649",1937,"RB.8",2.925,-83.47845,-83.42166,35.07382,35.02734,"LITU","Liriodendron tulipifera"
"2650",1937,"RB.6",3.182,-83.47845,-83.42166,35.07382,35.02734,"LITU","Liriodendron tulipifera"
"2651",1937,"RB.9",3.193,-83.47845,-83.42166,35.07382,35.02734,"LITU","Liriodendron tulipifera"
"2652",1937,"RB.7",3.384,-83.47845,-83.42166,35.07382,35.02734,"LITU","Liriodendron tulipifera"
"2653",1937,"RB.1",4.401,-83.47845,-83.42166,35.07382,35.02734,"LITU","Liriodendron tulipifera"
"2654",1937,"HW.20",2.825,-83.47845,-83.42166,35.07382,35.02734,"LITU","Liriodendron tulipifera"
"2655",1937,"HW.15",6.348,-83.47845,-83.42166,35.07382,35.02734,"LITU","Liriodendron tulipifera"
"2656",1937,"HW.17",6.202,-83.47845,-83.42166,35.07382,35.02734,"LITU","Liriodendron tulipifera"
"2657",1937,"HLC.17",3.292,-83.47845,-83.42166,35.07382,35.02734,"LITU","Liriodendron tulipifera"
"2658",1937,"HLC.18",1.337,-83.47845,-83.42166,35.07382,35.02734,"LITU","Liriodendron tulipifera"
"2659",1937,"HLC.1",4.479,-83.47845,-83.42166,35.07382,35.02734,"LITU","Liriodendron tulipifera"
"2660",1937,"USF.24",NA,-83.47845,-83.42166,35.07382,35.02734,"LITU","Liriodendron tulipifera"
"2661",1937,"BC.20",4.858,-83.47845,-83.42166,35.07382,35.02734,"LITU","Liriodendron tulipifera"
"2662",1937,"CB.12",NA,-83.47845,-83.42166,35.07382,35.02734,"LITU","Liriodendron tulipifera"
"2663",1937,"HW.14",3.009,-83.47845,-83.42166,35.07382,35.02734,"LITU","Liriodendron tulipifera"
"2664",1937,"pm.821",NA,-83.47845,-83.42166,35.07382,35.02734,"LITU","Liriodendron tulipifera"
"2665",1936,"BC1",3.005,-83.47845,-83.42166,35.07382,35.02734,"LITU","Liriodendron tulipifera"
"2666",1936,"HC12",NA,-83.47845,-83.42166,35.07382,35.02734,"LITU","Liriodendron tulipifera"
"2667",1936,"HC13",NA,-83.47845,-83.42166,35.07382,35.02734,"LITU","Liriodendron tulipifera"
"2668",1936,"HC1",NA,-83.47845,-83.42166,35.07382,35.02734,"LITU","Liriodendron tulipifera"
"2669",1936,"BC2",1.951,-83.47845,-83.42166,35.07382,35.02734,"LITU","Liriodendron tulipifera"
"2670",1936,"HC2",NA,-83.47845,-83.42166,35.07382,35.02734,"LITU","Liriodendron tulipifera"
"2671",1936,"HCU.10",NA,-83.47845,-83.42166,35.07382,35.02734,"LITU","Liriodendron tulipifera"
"2672",1936,"HCU.1",NA,-83.47845,-83.42166,35.07382,35.02734,"LITU","Liriodendron tulipifera"
"2673",1936,"HCU.2",NA,-83.47845,-83.42166,35.07382,35.02734,"LITU","Liriodendron tulipifera"
"2674",1936,"HCU.3",NA,-83.47845,-83.42166,35.07382,35.02734,"LITU","Liriodendron tulipifera"
"2675",1936,"PB.9",5.718,-83.47845,-83.42166,35.07382,35.02734,"LITU","Liriodendron tulipifera"
"2676",1936,"PB.1",5.09,-83.47845,-83.42166,35.07382,35.02734,"LITU","Liriodendron tulipifera"
"2677",1936,"WB.6",6.021,-83.47845,-83.42166,35.07382,35.02734,"LITU","Liriodendron tulipifera"
"2678",1936,"WB.4",NA,-83.47845,-83.42166,35.07382,35.02734,"LITU","Liriodendron tulipifera"
"2679",1936,"WB.5",NA,-83.47845,-83.42166,35.07382,35.02734,"LITU","Liriodendron tulipifera"
"2680",1936,"WB.2",5.312,-83.47845,-83.42166,35.07382,35.02734,"LITU","Liriodendron tulipifera"
"2681",1936,"WB.3",5.019,-83.47845,-83.42166,35.07382,35.02734,"LITU","Liriodendron tulipifera"
"2682",1936,"CB.8",1.001,-83.47845,-83.42166,35.07382,35.02734,"LITU","Liriodendron tulipifera"
"2683",1936,"RB.2",NA,-83.47845,-83.42166,35.07382,35.02734,"LITU","Liriodendron tulipifera"
"2684",1936,"RB.5",2.882,-83.47845,-83.42166,35.07382,35.02734,"LITU","Liriodendron tulipifera"
"2685",1936,"RB.8",2.428,-83.47845,-83.42166,35.07382,35.02734,"LITU","Liriodendron tulipifera"
"2686",1936,"RB.6",2.98,-83.47845,-83.42166,35.07382,35.02734,"LITU","Liriodendron tulipifera"
"2687",1936,"RB.9",2.749,-83.47845,-83.42166,35.07382,35.02734,"LITU","Liriodendron tulipifera"
"2688",1936,"RB.7",2.881,-83.47845,-83.42166,35.07382,35.02734,"LITU","Liriodendron tulipifera"
"2689",1936,"RB.1",3.628,-83.47845,-83.42166,35.07382,35.02734,"LITU","Liriodendron tulipifera"
"2690",1936,"HW.20",2.995,-83.47845,-83.42166,35.07382,35.02734,"LITU","Liriodendron tulipifera"
"2691",1936,"HW.15",6.066,-83.47845,-83.42166,35.07382,35.02734,"LITU","Liriodendron tulipifera"
"2692",1936,"HW.17",6.071,-83.47845,-83.42166,35.07382,35.02734,"LITU","Liriodendron tulipifera"
"2693",1936,"HLC.17",3.392,-83.47845,-83.42166,35.07382,35.02734,"LITU","Liriodendron tulipifera"
"2694",1936,"HLC.18",1.192,-83.47845,-83.42166,35.07382,35.02734,"LITU","Liriodendron tulipifera"
"2695",1936,"HLC.1",4.704,-83.47845,-83.42166,35.07382,35.02734,"LITU","Liriodendron tulipifera"
"2696",1936,"USF.24",NA,-83.47845,-83.42166,35.07382,35.02734,"LITU","Liriodendron tulipifera"
"2697",1936,"BC.20",4.057,-83.47845,-83.42166,35.07382,35.02734,"LITU","Liriodendron tulipifera"
"2698",1936,"CB.12",NA,-83.47845,-83.42166,35.07382,35.02734,"LITU","Liriodendron tulipifera"
"2699",1936,"HW.14",3.536,-83.47845,-83.42166,35.07382,35.02734,"LITU","Liriodendron tulipifera"
"2700",1936,"pm.821",NA,-83.47845,-83.42166,35.07382,35.02734,"LITU","Liriodendron tulipifera"
"2701",1935,"BC1",3.135,-83.47845,-83.42166,35.07382,35.02734,"LITU","Liriodendron tulipifera"
"2702",1935,"HC12",NA,-83.47845,-83.42166,35.07382,35.02734,"LITU","Liriodendron tulipifera"
"2703",1935,"HC13",NA,-83.47845,-83.42166,35.07382,35.02734,"LITU","Liriodendron tulipifera"
"2704",1935,"HC1",NA,-83.47845,-83.42166,35.07382,35.02734,"LITU","Liriodendron tulipifera"
"2705",1935,"BC2",2.85,-83.47845,-83.42166,35.07382,35.02734,"LITU","Liriodendron tulipifera"
"2706",1935,"HC2",NA,-83.47845,-83.42166,35.07382,35.02734,"LITU","Liriodendron tulipifera"
"2707",1935,"HCU.10",NA,-83.47845,-83.42166,35.07382,35.02734,"LITU","Liriodendron tulipifera"
"2708",1935,"HCU.1",NA,-83.47845,-83.42166,35.07382,35.02734,"LITU","Liriodendron tulipifera"
"2709",1935,"HCU.2",NA,-83.47845,-83.42166,35.07382,35.02734,"LITU","Liriodendron tulipifera"
"2710",1935,"HCU.3",NA,-83.47845,-83.42166,35.07382,35.02734,"LITU","Liriodendron tulipifera"
"2711",1935,"PB.9",8.384,-83.47845,-83.42166,35.07382,35.02734,"LITU","Liriodendron tulipifera"
"2712",1935,"PB.1",4.85,-83.47845,-83.42166,35.07382,35.02734,"LITU","Liriodendron tulipifera"
"2713",1935,"WB.6",6.315,-83.47845,-83.42166,35.07382,35.02734,"LITU","Liriodendron tulipifera"
"2714",1935,"WB.4",NA,-83.47845,-83.42166,35.07382,35.02734,"LITU","Liriodendron tulipifera"
"2715",1935,"WB.5",NA,-83.47845,-83.42166,35.07382,35.02734,"LITU","Liriodendron tulipifera"
"2716",1935,"WB.2",5.528,-83.47845,-83.42166,35.07382,35.02734,"LITU","Liriodendron tulipifera"
"2717",1935,"WB.3",5.889,-83.47845,-83.42166,35.07382,35.02734,"LITU","Liriodendron tulipifera"
"2718",1935,"CB.8",1.37,-83.47845,-83.42166,35.07382,35.02734,"LITU","Liriodendron tulipifera"
"2719",1935,"RB.2",NA,-83.47845,-83.42166,35.07382,35.02734,"LITU","Liriodendron tulipifera"
"2720",1935,"RB.5",3.814,-83.47845,-83.42166,35.07382,35.02734,"LITU","Liriodendron tulipifera"
"2721",1935,"RB.8",NA,-83.47845,-83.42166,35.07382,35.02734,"LITU","Liriodendron tulipifera"
"2722",1935,"RB.6",NA,-83.47845,-83.42166,35.07382,35.02734,"LITU","Liriodendron tulipifera"
"2723",1935,"RB.9",3.478,-83.47845,-83.42166,35.07382,35.02734,"LITU","Liriodendron tulipifera"
"2724",1935,"RB.7",3.85,-83.47845,-83.42166,35.07382,35.02734,"LITU","Liriodendron tulipifera"
"2725",1935,"RB.1",4.793,-83.47845,-83.42166,35.07382,35.02734,"LITU","Liriodendron tulipifera"
"2726",1935,"HW.20",3.267,-83.47845,-83.42166,35.07382,35.02734,"LITU","Liriodendron tulipifera"
"2727",1935,"HW.15",7.724,-83.47845,-83.42166,35.07382,35.02734,"LITU","Liriodendron tulipifera"
"2728",1935,"HW.17",7.871,-83.47845,-83.42166,35.07382,35.02734,"LITU","Liriodendron tulipifera"
"2729",1935,"HLC.17",5.832,-83.47845,-83.42166,35.07382,35.02734,"LITU","Liriodendron tulipifera"
"2730",1935,"HLC.18",1.431,-83.47845,-83.42166,35.07382,35.02734,"LITU","Liriodendron tulipifera"
"2731",1935,"HLC.1",NA,-83.47845,-83.42166,35.07382,35.02734,"LITU","Liriodendron tulipifera"
"2732",1935,"USF.24",NA,-83.47845,-83.42166,35.07382,35.02734,"LITU","Liriodendron tulipifera"
"2733",1935,"BC.20",NA,-83.47845,-83.42166,35.07382,35.02734,"LITU","Liriodendron tulipifera"
"2734",1935,"CB.12",NA,-83.47845,-83.42166,35.07382,35.02734,"LITU","Liriodendron tulipifera"
"2735",1935,"HW.14",4.256,-83.47845,-83.42166,35.07382,35.02734,"LITU","Liriodendron tulipifera"
"2736",1935,"pm.821",NA,-83.47845,-83.42166,35.07382,35.02734,"LITU","Liriodendron tulipifera"
"2737",1934,"BC1",NA,-83.47845,-83.42166,35.07382,35.02734,"LITU","Liriodendron tulipifera"
"2738",1934,"HC12",NA,-83.47845,-83.42166,35.07382,35.02734,"LITU","Liriodendron tulipifera"
"2739",1934,"HC13",NA,-83.47845,-83.42166,35.07382,35.02734,"LITU","Liriodendron tulipifera"
"2740",1934,"HC1",NA,-83.47845,-83.42166,35.07382,35.02734,"LITU","Liriodendron tulipifera"
"2741",1934,"BC2",3.125,-83.47845,-83.42166,35.07382,35.02734,"LITU","Liriodendron tulipifera"
"2742",1934,"HC2",NA,-83.47845,-83.42166,35.07382,35.02734,"LITU","Liriodendron tulipifera"
"2743",1934,"HCU.10",NA,-83.47845,-83.42166,35.07382,35.02734,"LITU","Liriodendron tulipifera"
"2744",1934,"HCU.1",NA,-83.47845,-83.42166,35.07382,35.02734,"LITU","Liriodendron tulipifera"
"2745",1934,"HCU.2",NA,-83.47845,-83.42166,35.07382,35.02734,"LITU","Liriodendron tulipifera"
"2746",1934,"HCU.3",NA,-83.47845,-83.42166,35.07382,35.02734,"LITU","Liriodendron tulipifera"
"2747",1934,"PB.9",10.319,-83.47845,-83.42166,35.07382,35.02734,"LITU","Liriodendron tulipifera"
"2748",1934,"PB.1",5.972,-83.47845,-83.42166,35.07382,35.02734,"LITU","Liriodendron tulipifera"
"2749",1934,"WB.6",6.783,-83.47845,-83.42166,35.07382,35.02734,"LITU","Liriodendron tulipifera"
"2750",1934,"WB.4",NA,-83.47845,-83.42166,35.07382,35.02734,"LITU","Liriodendron tulipifera"
"2751",1934,"WB.5",NA,-83.47845,-83.42166,35.07382,35.02734,"LITU","Liriodendron tulipifera"
"2752",1934,"WB.2",6.103,-83.47845,-83.42166,35.07382,35.02734,"LITU","Liriodendron tulipifera"
"2753",1934,"WB.3",6.59,-83.47845,-83.42166,35.07382,35.02734,"LITU","Liriodendron tulipifera"
"2754",1934,"CB.8",1.559,-83.47845,-83.42166,35.07382,35.02734,"LITU","Liriodendron tulipifera"
"2755",1934,"RB.2",NA,-83.47845,-83.42166,35.07382,35.02734,"LITU","Liriodendron tulipifera"
"2756",1934,"RB.5",3.47,-83.47845,-83.42166,35.07382,35.02734,"LITU","Liriodendron tulipifera"
"2757",1934,"RB.8",NA,-83.47845,-83.42166,35.07382,35.02734,"LITU","Liriodendron tulipifera"
"2758",1934,"RB.6",NA,-83.47845,-83.42166,35.07382,35.02734,"LITU","Liriodendron tulipifera"
"2759",1934,"RB.9",4.739,-83.47845,-83.42166,35.07382,35.02734,"LITU","Liriodendron tulipifera"
"2760",1934,"RB.7",4.2,-83.47845,-83.42166,35.07382,35.02734,"LITU","Liriodendron tulipifera"
"2761",1934,"RB.1",5.097,-83.47845,-83.42166,35.07382,35.02734,"LITU","Liriodendron tulipifera"
"2762",1934,"HW.20",2.8,-83.47845,-83.42166,35.07382,35.02734,"LITU","Liriodendron tulipifera"
"2763",1934,"HW.15",6.147,-83.47845,-83.42166,35.07382,35.02734,"LITU","Liriodendron tulipifera"
"2764",1934,"HW.17",3.761,-83.47845,-83.42166,35.07382,35.02734,"LITU","Liriodendron tulipifera"
"2765",1934,"HLC.17",6.854,-83.47845,-83.42166,35.07382,35.02734,"LITU","Liriodendron tulipifera"
"2766",1934,"HLC.18",1.562,-83.47845,-83.42166,35.07382,35.02734,"LITU","Liriodendron tulipifera"
"2767",1934,"HLC.1",NA,-83.47845,-83.42166,35.07382,35.02734,"LITU","Liriodendron tulipifera"
"2768",1934,"USF.24",NA,-83.47845,-83.42166,35.07382,35.02734,"LITU","Liriodendron tulipifera"
"2769",1934,"BC.20",NA,-83.47845,-83.42166,35.07382,35.02734,"LITU","Liriodendron tulipifera"
"2770",1934,"CB.12",NA,-83.47845,-83.42166,35.07382,35.02734,"LITU","Liriodendron tulipifera"
"2771",1934,"HW.14",2.254,-83.47845,-83.42166,35.07382,35.02734,"LITU","Liriodendron tulipifera"
"2772",1934,"pm.821",NA,-83.47845,-83.42166,35.07382,35.02734,"LITU","Liriodendron tulipifera"
"2773",1933,"BC1",NA,-83.47845,-83.42166,35.07382,35.02734,"LITU","Liriodendron tulipifera"
"2774",1933,"HC12",NA,-83.47845,-83.42166,35.07382,35.02734,"LITU","Liriodendron tulipifera"
"2775",1933,"HC13",NA,-83.47845,-83.42166,35.07382,35.02734,"LITU","Liriodendron tulipifera"
"2776",1933,"HC1",NA,-83.47845,-83.42166,35.07382,35.02734,"LITU","Liriodendron tulipifera"
"2777",1933,"BC2",2.488,-83.47845,-83.42166,35.07382,35.02734,"LITU","Liriodendron tulipifera"
"2778",1933,"HC2",NA,-83.47845,-83.42166,35.07382,35.02734,"LITU","Liriodendron tulipifera"
"2779",1933,"HCU.10",NA,-83.47845,-83.42166,35.07382,35.02734,"LITU","Liriodendron tulipifera"
"2780",1933,"HCU.1",NA,-83.47845,-83.42166,35.07382,35.02734,"LITU","Liriodendron tulipifera"
"2781",1933,"HCU.2",NA,-83.47845,-83.42166,35.07382,35.02734,"LITU","Liriodendron tulipifera"
"2782",1933,"HCU.3",NA,-83.47845,-83.42166,35.07382,35.02734,"LITU","Liriodendron tulipifera"
"2783",1933,"PB.9",11.01,-83.47845,-83.42166,35.07382,35.02734,"LITU","Liriodendron tulipifera"
"2784",1933,"PB.1",5.334,-83.47845,-83.42166,35.07382,35.02734,"LITU","Liriodendron tulipifera"
"2785",1933,"WB.6",6.739,-83.47845,-83.42166,35.07382,35.02734,"LITU","Liriodendron tulipifera"
"2786",1933,"WB.4",NA,-83.47845,-83.42166,35.07382,35.02734,"LITU","Liriodendron tulipifera"
"2787",1933,"WB.5",NA,-83.47845,-83.42166,35.07382,35.02734,"LITU","Liriodendron tulipifera"
"2788",1933,"WB.2",6.863,-83.47845,-83.42166,35.07382,35.02734,"LITU","Liriodendron tulipifera"
"2789",1933,"WB.3",5.994,-83.47845,-83.42166,35.07382,35.02734,"LITU","Liriodendron tulipifera"
"2790",1933,"CB.8",1.3,-83.47845,-83.42166,35.07382,35.02734,"LITU","Liriodendron tulipifera"
"2791",1933,"RB.2",NA,-83.47845,-83.42166,35.07382,35.02734,"LITU","Liriodendron tulipifera"
"2792",1933,"RB.5",3.532,-83.47845,-83.42166,35.07382,35.02734,"LITU","Liriodendron tulipifera"
"2793",1933,"RB.8",NA,-83.47845,-83.42166,35.07382,35.02734,"LITU","Liriodendron tulipifera"
"2794",1933,"RB.6",NA,-83.47845,-83.42166,35.07382,35.02734,"LITU","Liriodendron tulipifera"
"2795",1933,"RB.9",4.176,-83.47845,-83.42166,35.07382,35.02734,"LITU","Liriodendron tulipifera"
"2796",1933,"RB.7",3.388,-83.47845,-83.42166,35.07382,35.02734,"LITU","Liriodendron tulipifera"
"2797",1933,"RB.1",4.21,-83.47845,-83.42166,35.07382,35.02734,"LITU","Liriodendron tulipifera"
"2798",1933,"HW.20",2.932,-83.47845,-83.42166,35.07382,35.02734,"LITU","Liriodendron tulipifera"
"2799",1933,"HW.15",4.576,-83.47845,-83.42166,35.07382,35.02734,"LITU","Liriodendron tulipifera"
"2800",1933,"HW.17",2.338,-83.47845,-83.42166,35.07382,35.02734,"LITU","Liriodendron tulipifera"
"2801",1933,"HLC.17",4.538,-83.47845,-83.42166,35.07382,35.02734,"LITU","Liriodendron tulipifera"
"2802",1933,"HLC.18",1.802,-83.47845,-83.42166,35.07382,35.02734,"LITU","Liriodendron tulipifera"
"2803",1933,"HLC.1",NA,-83.47845,-83.42166,35.07382,35.02734,"LITU","Liriodendron tulipifera"
"2804",1933,"USF.24",NA,-83.47845,-83.42166,35.07382,35.02734,"LITU","Liriodendron tulipifera"
"2805",1933,"BC.20",NA,-83.47845,-83.42166,35.07382,35.02734,"LITU","Liriodendron tulipifera"
"2806",1933,"CB.12",NA,-83.47845,-83.42166,35.07382,35.02734,"LITU","Liriodendron tulipifera"
"2807",1933,"HW.14",2.828,-83.47845,-83.42166,35.07382,35.02734,"LITU","Liriodendron tulipifera"
"2808",1933,"pm.821",NA,-83.47845,-83.42166,35.07382,35.02734,"LITU","Liriodendron tulipifera"
"2809",1932,"BC1",NA,-83.47845,-83.42166,35.07382,35.02734,"LITU","Liriodendron tulipifera"
"2810",1932,"HC12",NA,-83.47845,-83.42166,35.07382,35.02734,"LITU","Liriodendron tulipifera"
"2811",1932,"HC13",NA,-83.47845,-83.42166,35.07382,35.02734,"LITU","Liriodendron tulipifera"
"2812",1932,"HC1",NA,-83.47845,-83.42166,35.07382,35.02734,"LITU","Liriodendron tulipifera"
"2813",1932,"BC2",2.563,-83.47845,-83.42166,35.07382,35.02734,"LITU","Liriodendron tulipifera"
"2814",1932,"HC2",NA,-83.47845,-83.42166,35.07382,35.02734,"LITU","Liriodendron tulipifera"
"2815",1932,"HCU.10",NA,-83.47845,-83.42166,35.07382,35.02734,"LITU","Liriodendron tulipifera"
"2816",1932,"HCU.1",NA,-83.47845,-83.42166,35.07382,35.02734,"LITU","Liriodendron tulipifera"
"2817",1932,"HCU.2",NA,-83.47845,-83.42166,35.07382,35.02734,"LITU","Liriodendron tulipifera"
"2818",1932,"HCU.3",NA,-83.47845,-83.42166,35.07382,35.02734,"LITU","Liriodendron tulipifera"
"2819",1932,"PB.9",NA,-83.47845,-83.42166,35.07382,35.02734,"LITU","Liriodendron tulipifera"
"2820",1932,"PB.1",4.315,-83.47845,-83.42166,35.07382,35.02734,"LITU","Liriodendron tulipifera"
"2821",1932,"WB.6",6.223,-83.47845,-83.42166,35.07382,35.02734,"LITU","Liriodendron tulipifera"
"2822",1932,"WB.4",NA,-83.47845,-83.42166,35.07382,35.02734,"LITU","Liriodendron tulipifera"
"2823",1932,"WB.5",NA,-83.47845,-83.42166,35.07382,35.02734,"LITU","Liriodendron tulipifera"
"2824",1932,"WB.2",7.51,-83.47845,-83.42166,35.07382,35.02734,"LITU","Liriodendron tulipifera"
"2825",1932,"WB.3",6.773,-83.47845,-83.42166,35.07382,35.02734,"LITU","Liriodendron tulipifera"
"2826",1932,"CB.8",2.072,-83.47845,-83.42166,35.07382,35.02734,"LITU","Liriodendron tulipifera"
"2827",1932,"RB.2",NA,-83.47845,-83.42166,35.07382,35.02734,"LITU","Liriodendron tulipifera"
"2828",1932,"RB.5",3.987,-83.47845,-83.42166,35.07382,35.02734,"LITU","Liriodendron tulipifera"
"2829",1932,"RB.8",NA,-83.47845,-83.42166,35.07382,35.02734,"LITU","Liriodendron tulipifera"
"2830",1932,"RB.6",NA,-83.47845,-83.42166,35.07382,35.02734,"LITU","Liriodendron tulipifera"
"2831",1932,"RB.9",3.837,-83.47845,-83.42166,35.07382,35.02734,"LITU","Liriodendron tulipifera"
"2832",1932,"RB.7",4.285,-83.47845,-83.42166,35.07382,35.02734,"LITU","Liriodendron tulipifera"
"2833",1932,"RB.1",4.494,-83.47845,-83.42166,35.07382,35.02734,"LITU","Liriodendron tulipifera"
"2834",1932,"HW.20",3.604,-83.47845,-83.42166,35.07382,35.02734,"LITU","Liriodendron tulipifera"
"2835",1932,"HW.15",4.888,-83.47845,-83.42166,35.07382,35.02734,"LITU","Liriodendron tulipifera"
"2836",1932,"HW.17",2.735,-83.47845,-83.42166,35.07382,35.02734,"LITU","Liriodendron tulipifera"
"2837",1932,"HLC.17",4.764,-83.47845,-83.42166,35.07382,35.02734,"LITU","Liriodendron tulipifera"
"2838",1932,"HLC.18",2.694,-83.47845,-83.42166,35.07382,35.02734,"LITU","Liriodendron tulipifera"
"2839",1932,"HLC.1",NA,-83.47845,-83.42166,35.07382,35.02734,"LITU","Liriodendron tulipifera"
"2840",1932,"USF.24",NA,-83.47845,-83.42166,35.07382,35.02734,"LITU","Liriodendron tulipifera"
"2841",1932,"BC.20",NA,-83.47845,-83.42166,35.07382,35.02734,"LITU","Liriodendron tulipifera"
"2842",1932,"CB.12",NA,-83.47845,-83.42166,35.07382,35.02734,"LITU","Liriodendron tulipifera"
"2843",1932,"HW.14",3.864,-83.47845,-83.42166,35.07382,35.02734,"LITU","Liriodendron tulipifera"
"2844",1932,"pm.821",NA,-83.47845,-83.42166,35.07382,35.02734,"LITU","Liriodendron tulipifera"
"2845",1931,"BC1",NA,-83.47845,-83.42166,35.07382,35.02734,"LITU","Liriodendron tulipifera"
"2846",1931,"HC12",NA,-83.47845,-83.42166,35.07382,35.02734,"LITU","Liriodendron tulipifera"
"2847",1931,"HC13",NA,-83.47845,-83.42166,35.07382,35.02734,"LITU","Liriodendron tulipifera"
"2848",1931,"HC1",NA,-83.47845,-83.42166,35.07382,35.02734,"LITU","Liriodendron tulipifera"
"2849",1931,"BC2",2.57,-83.47845,-83.42166,35.07382,35.02734,"LITU","Liriodendron tulipifera"
"2850",1931,"HC2",NA,-83.47845,-83.42166,35.07382,35.02734,"LITU","Liriodendron tulipifera"
"2851",1931,"HCU.10",NA,-83.47845,-83.42166,35.07382,35.02734,"LITU","Liriodendron tulipifera"
"2852",1931,"HCU.1",NA,-83.47845,-83.42166,35.07382,35.02734,"LITU","Liriodendron tulipifera"
"2853",1931,"HCU.2",NA,-83.47845,-83.42166,35.07382,35.02734,"LITU","Liriodendron tulipifera"
"2854",1931,"HCU.3",NA,-83.47845,-83.42166,35.07382,35.02734,"LITU","Liriodendron tulipifera"
"2855",1931,"PB.9",NA,-83.47845,-83.42166,35.07382,35.02734,"LITU","Liriodendron tulipifera"
"2856",1931,"PB.1",3.902,-83.47845,-83.42166,35.07382,35.02734,"LITU","Liriodendron tulipifera"
"2857",1931,"WB.6",NA,-83.47845,-83.42166,35.07382,35.02734,"LITU","Liriodendron tulipifera"
"2858",1931,"WB.4",NA,-83.47845,-83.42166,35.07382,35.02734,"LITU","Liriodendron tulipifera"
"2859",1931,"WB.5",NA,-83.47845,-83.42166,35.07382,35.02734,"LITU","Liriodendron tulipifera"
"2860",1931,"WB.2",NA,-83.47845,-83.42166,35.07382,35.02734,"LITU","Liriodendron tulipifera"
"2861",1931,"WB.3",6.111,-83.47845,-83.42166,35.07382,35.02734,"LITU","Liriodendron tulipifera"
"2862",1931,"CB.8",1.531,-83.47845,-83.42166,35.07382,35.02734,"LITU","Liriodendron tulipifera"
"2863",1931,"RB.2",NA,-83.47845,-83.42166,35.07382,35.02734,"LITU","Liriodendron tulipifera"
"2864",1931,"RB.5",NA,-83.47845,-83.42166,35.07382,35.02734,"LITU","Liriodendron tulipifera"
"2865",1931,"RB.8",NA,-83.47845,-83.42166,35.07382,35.02734,"LITU","Liriodendron tulipifera"
"2866",1931,"RB.6",NA,-83.47845,-83.42166,35.07382,35.02734,"LITU","Liriodendron tulipifera"
"2867",1931,"RB.9",2.694,-83.47845,-83.42166,35.07382,35.02734,"LITU","Liriodendron tulipifera"
"2868",1931,"RB.7",NA,-83.47845,-83.42166,35.07382,35.02734,"LITU","Liriodendron tulipifera"
"2869",1931,"RB.1",4.12,-83.47845,-83.42166,35.07382,35.02734,"LITU","Liriodendron tulipifera"
"2870",1931,"HW.20",3.6,-83.47845,-83.42166,35.07382,35.02734,"LITU","Liriodendron tulipifera"
"2871",1931,"HW.15",5.214,-83.47845,-83.42166,35.07382,35.02734,"LITU","Liriodendron tulipifera"
"2872",1931,"HW.17",2.651,-83.47845,-83.42166,35.07382,35.02734,"LITU","Liriodendron tulipifera"
"2873",1931,"HLC.17",4.44,-83.47845,-83.42166,35.07382,35.02734,"LITU","Liriodendron tulipifera"
"2874",1931,"HLC.18",3.565,-83.47845,-83.42166,35.07382,35.02734,"LITU","Liriodendron tulipifera"
"2875",1931,"HLC.1",NA,-83.47845,-83.42166,35.07382,35.02734,"LITU","Liriodendron tulipifera"
"2876",1931,"USF.24",NA,-83.47845,-83.42166,35.07382,35.02734,"LITU","Liriodendron tulipifera"
"2877",1931,"BC.20",NA,-83.47845,-83.42166,35.07382,35.02734,"LITU","Liriodendron tulipifera"
"2878",1931,"CB.12",NA,-83.47845,-83.42166,35.07382,35.02734,"LITU","Liriodendron tulipifera"
"2879",1931,"HW.14",3.735,-83.47845,-83.42166,35.07382,35.02734,"LITU","Liriodendron tulipifera"
"2880",1931,"pm.821",NA,-83.47845,-83.42166,35.07382,35.02734,"LITU","Liriodendron tulipifera"
"2881",1930,"BC1",NA,-83.47845,-83.42166,35.07382,35.02734,"LITU","Liriodendron tulipifera"
"2882",1930,"HC12",NA,-83.47845,-83.42166,35.07382,35.02734,"LITU","Liriodendron tulipifera"
"2883",1930,"HC13",NA,-83.47845,-83.42166,35.07382,35.02734,"LITU","Liriodendron tulipifera"
"2884",1930,"HC1",NA,-83.47845,-83.42166,35.07382,35.02734,"LITU","Liriodendron tulipifera"
"2885",1930,"BC2",2.488,-83.47845,-83.42166,35.07382,35.02734,"LITU","Liriodendron tulipifera"
"2886",1930,"HC2",NA,-83.47845,-83.42166,35.07382,35.02734,"LITU","Liriodendron tulipifera"
"2887",1930,"HCU.10",NA,-83.47845,-83.42166,35.07382,35.02734,"LITU","Liriodendron tulipifera"
"2888",1930,"HCU.1",NA,-83.47845,-83.42166,35.07382,35.02734,"LITU","Liriodendron tulipifera"
"2889",1930,"HCU.2",NA,-83.47845,-83.42166,35.07382,35.02734,"LITU","Liriodendron tulipifera"
"2890",1930,"HCU.3",NA,-83.47845,-83.42166,35.07382,35.02734,"LITU","Liriodendron tulipifera"
"2891",1930,"PB.9",NA,-83.47845,-83.42166,35.07382,35.02734,"LITU","Liriodendron tulipifera"
"2892",1930,"PB.1",4.027,-83.47845,-83.42166,35.07382,35.02734,"LITU","Liriodendron tulipifera"
"2893",1930,"WB.6",NA,-83.47845,-83.42166,35.07382,35.02734,"LITU","Liriodendron tulipifera"
"2894",1930,"WB.4",NA,-83.47845,-83.42166,35.07382,35.02734,"LITU","Liriodendron tulipifera"
"2895",1930,"WB.5",NA,-83.47845,-83.42166,35.07382,35.02734,"LITU","Liriodendron tulipifera"
"2896",1930,"WB.2",NA,-83.47845,-83.42166,35.07382,35.02734,"LITU","Liriodendron tulipifera"
"2897",1930,"WB.3",6.308,-83.47845,-83.42166,35.07382,35.02734,"LITU","Liriodendron tulipifera"
"2898",1930,"CB.8",2.076,-83.47845,-83.42166,35.07382,35.02734,"LITU","Liriodendron tulipifera"
"2899",1930,"RB.2",NA,-83.47845,-83.42166,35.07382,35.02734,"LITU","Liriodendron tulipifera"
"2900",1930,"RB.5",NA,-83.47845,-83.42166,35.07382,35.02734,"LITU","Liriodendron tulipifera"
"2901",1930,"RB.8",NA,-83.47845,-83.42166,35.07382,35.02734,"LITU","Liriodendron tulipifera"
"2902",1930,"RB.6",NA,-83.47845,-83.42166,35.07382,35.02734,"LITU","Liriodendron tulipifera"
"2903",1930,"RB.9",2.797,-83.47845,-83.42166,35.07382,35.02734,"LITU","Liriodendron tulipifera"
"2904",1930,"RB.7",NA,-83.47845,-83.42166,35.07382,35.02734,"LITU","Liriodendron tulipifera"
"2905",1930,"RB.1",5.221,-83.47845,-83.42166,35.07382,35.02734,"LITU","Liriodendron tulipifera"
"2906",1930,"HW.20",3.722,-83.47845,-83.42166,35.07382,35.02734,"LITU","Liriodendron tulipifera"
"2907",1930,"HW.15",5.193,-83.47845,-83.42166,35.07382,35.02734,"LITU","Liriodendron tulipifera"
"2908",1930,"HW.17",2.812,-83.47845,-83.42166,35.07382,35.02734,"LITU","Liriodendron tulipifera"
"2909",1930,"HLC.17",4.332,-83.47845,-83.42166,35.07382,35.02734,"LITU","Liriodendron tulipifera"
"2910",1930,"HLC.18",1.73,-83.47845,-83.42166,35.07382,35.02734,"LITU","Liriodendron tulipifera"
"2911",1930,"HLC.1",NA,-83.47845,-83.42166,35.07382,35.02734,"LITU","Liriodendron tulipifera"
"2912",1930,"USF.24",NA,-83.47845,-83.42166,35.07382,35.02734,"LITU","Liriodendron tulipifera"
"2913",1930,"BC.20",NA,-83.47845,-83.42166,35.07382,35.02734,"LITU","Liriodendron tulipifera"
"2914",1930,"CB.12",NA,-83.47845,-83.42166,35.07382,35.02734,"LITU","Liriodendron tulipifera"
"2915",1930,"HW.14",4.088,-83.47845,-83.42166,35.07382,35.02734,"LITU","Liriodendron tulipifera"
"2916",1930,"pm.821",NA,-83.47845,-83.42166,35.07382,35.02734,"LITU","Liriodendron tulipifera"
"2917",1929,"BC1",NA,-83.47845,-83.42166,35.07382,35.02734,"LITU","Liriodendron tulipifera"
"2918",1929,"HC12",NA,-83.47845,-83.42166,35.07382,35.02734,"LITU","Liriodendron tulipifera"
"2919",1929,"HC13",NA,-83.47845,-83.42166,35.07382,35.02734,"LITU","Liriodendron tulipifera"
"2920",1929,"HC1",NA,-83.47845,-83.42166,35.07382,35.02734,"LITU","Liriodendron tulipifera"
"2921",1929,"BC2",1.442,-83.47845,-83.42166,35.07382,35.02734,"LITU","Liriodendron tulipifera"
"2922",1929,"HC2",NA,-83.47845,-83.42166,35.07382,35.02734,"LITU","Liriodendron tulipifera"
"2923",1929,"HCU.10",NA,-83.47845,-83.42166,35.07382,35.02734,"LITU","Liriodendron tulipifera"
"2924",1929,"HCU.1",NA,-83.47845,-83.42166,35.07382,35.02734,"LITU","Liriodendron tulipifera"
"2925",1929,"HCU.2",NA,-83.47845,-83.42166,35.07382,35.02734,"LITU","Liriodendron tulipifera"
"2926",1929,"HCU.3",NA,-83.47845,-83.42166,35.07382,35.02734,"LITU","Liriodendron tulipifera"
"2927",1929,"PB.9",NA,-83.47845,-83.42166,35.07382,35.02734,"LITU","Liriodendron tulipifera"
"2928",1929,"PB.1",4.956,-83.47845,-83.42166,35.07382,35.02734,"LITU","Liriodendron tulipifera"
"2929",1929,"WB.6",NA,-83.47845,-83.42166,35.07382,35.02734,"LITU","Liriodendron tulipifera"
"2930",1929,"WB.4",NA,-83.47845,-83.42166,35.07382,35.02734,"LITU","Liriodendron tulipifera"
"2931",1929,"WB.5",NA,-83.47845,-83.42166,35.07382,35.02734,"LITU","Liriodendron tulipifera"
"2932",1929,"WB.2",NA,-83.47845,-83.42166,35.07382,35.02734,"LITU","Liriodendron tulipifera"
"2933",1929,"WB.3",NA,-83.47845,-83.42166,35.07382,35.02734,"LITU","Liriodendron tulipifera"
"2934",1929,"CB.8",1.915,-83.47845,-83.42166,35.07382,35.02734,"LITU","Liriodendron tulipifera"
"2935",1929,"RB.2",NA,-83.47845,-83.42166,35.07382,35.02734,"LITU","Liriodendron tulipifera"
"2936",1929,"RB.5",NA,-83.47845,-83.42166,35.07382,35.02734,"LITU","Liriodendron tulipifera"
"2937",1929,"RB.8",NA,-83.47845,-83.42166,35.07382,35.02734,"LITU","Liriodendron tulipifera"
"2938",1929,"RB.6",NA,-83.47845,-83.42166,35.07382,35.02734,"LITU","Liriodendron tulipifera"
"2939",1929,"RB.9",NA,-83.47845,-83.42166,35.07382,35.02734,"LITU","Liriodendron tulipifera"
"2940",1929,"RB.7",NA,-83.47845,-83.42166,35.07382,35.02734,"LITU","Liriodendron tulipifera"
"2941",1929,"RB.1",5.482,-83.47845,-83.42166,35.07382,35.02734,"LITU","Liriodendron tulipifera"
"2942",1929,"HW.20",NA,-83.47845,-83.42166,35.07382,35.02734,"LITU","Liriodendron tulipifera"
"2943",1929,"HW.15",5.338,-83.47845,-83.42166,35.07382,35.02734,"LITU","Liriodendron tulipifera"
"2944",1929,"HW.17",3.78,-83.47845,-83.42166,35.07382,35.02734,"LITU","Liriodendron tulipifera"
"2945",1929,"HLC.17",6.188,-83.47845,-83.42166,35.07382,35.02734,"LITU","Liriodendron tulipifera"
"2946",1929,"HLC.18",1.509,-83.47845,-83.42166,35.07382,35.02734,"LITU","Liriodendron tulipifera"
"2947",1929,"HLC.1",NA,-83.47845,-83.42166,35.07382,35.02734,"LITU","Liriodendron tulipifera"
"2948",1929,"USF.24",NA,-83.47845,-83.42166,35.07382,35.02734,"LITU","Liriodendron tulipifera"
"2949",1929,"BC.20",NA,-83.47845,-83.42166,35.07382,35.02734,"LITU","Liriodendron tulipifera"
"2950",1929,"CB.12",NA,-83.47845,-83.42166,35.07382,35.02734,"LITU","Liriodendron tulipifera"
"2951",1929,"HW.14",3.924,-83.47845,-83.42166,35.07382,35.02734,"LITU","Liriodendron tulipifera"
"2952",1929,"pm.821",NA,-83.47845,-83.42166,35.07382,35.02734,"LITU","Liriodendron tulipifera"
"2953",1928,"BC1",NA,-83.47845,-83.42166,35.07382,35.02734,"LITU","Liriodendron tulipifera"
"2954",1928,"HC12",NA,-83.47845,-83.42166,35.07382,35.02734,"LITU","Liriodendron tulipifera"
"2955",1928,"HC13",NA,-83.47845,-83.42166,35.07382,35.02734,"LITU","Liriodendron tulipifera"
"2956",1928,"HC1",NA,-83.47845,-83.42166,35.07382,35.02734,"LITU","Liriodendron tulipifera"
"2957",1928,"BC2",0.54,-83.47845,-83.42166,35.07382,35.02734,"LITU","Liriodendron tulipifera"
"2958",1928,"HC2",NA,-83.47845,-83.42166,35.07382,35.02734,"LITU","Liriodendron tulipifera"
"2959",1928,"HCU.10",NA,-83.47845,-83.42166,35.07382,35.02734,"LITU","Liriodendron tulipifera"
"2960",1928,"HCU.1",NA,-83.47845,-83.42166,35.07382,35.02734,"LITU","Liriodendron tulipifera"
"2961",1928,"HCU.2",NA,-83.47845,-83.42166,35.07382,35.02734,"LITU","Liriodendron tulipifera"
"2962",1928,"HCU.3",NA,-83.47845,-83.42166,35.07382,35.02734,"LITU","Liriodendron tulipifera"
"2963",1928,"PB.9",NA,-83.47845,-83.42166,35.07382,35.02734,"LITU","Liriodendron tulipifera"
"2964",1928,"PB.1",4.14,-83.47845,-83.42166,35.07382,35.02734,"LITU","Liriodendron tulipifera"
"2965",1928,"WB.6",NA,-83.47845,-83.42166,35.07382,35.02734,"LITU","Liriodendron tulipifera"
"2966",1928,"WB.4",NA,-83.47845,-83.42166,35.07382,35.02734,"LITU","Liriodendron tulipifera"
"2967",1928,"WB.5",NA,-83.47845,-83.42166,35.07382,35.02734,"LITU","Liriodendron tulipifera"
"2968",1928,"WB.2",NA,-83.47845,-83.42166,35.07382,35.02734,"LITU","Liriodendron tulipifera"
"2969",1928,"WB.3",NA,-83.47845,-83.42166,35.07382,35.02734,"LITU","Liriodendron tulipifera"
"2970",1928,"CB.8",1.632,-83.47845,-83.42166,35.07382,35.02734,"LITU","Liriodendron tulipifera"
"2971",1928,"RB.2",NA,-83.47845,-83.42166,35.07382,35.02734,"LITU","Liriodendron tulipifera"
"2972",1928,"RB.5",NA,-83.47845,-83.42166,35.07382,35.02734,"LITU","Liriodendron tulipifera"
"2973",1928,"RB.8",NA,-83.47845,-83.42166,35.07382,35.02734,"LITU","Liriodendron tulipifera"
"2974",1928,"RB.6",NA,-83.47845,-83.42166,35.07382,35.02734,"LITU","Liriodendron tulipifera"
"2975",1928,"RB.9",NA,-83.47845,-83.42166,35.07382,35.02734,"LITU","Liriodendron tulipifera"
"2976",1928,"RB.7",NA,-83.47845,-83.42166,35.07382,35.02734,"LITU","Liriodendron tulipifera"
"2977",1928,"RB.1",3.728,-83.47845,-83.42166,35.07382,35.02734,"LITU","Liriodendron tulipifera"
"2978",1928,"HW.20",NA,-83.47845,-83.42166,35.07382,35.02734,"LITU","Liriodendron tulipifera"
"2979",1928,"HW.15",5.547,-83.47845,-83.42166,35.07382,35.02734,"LITU","Liriodendron tulipifera"
"2980",1928,"HW.17",3.754,-83.47845,-83.42166,35.07382,35.02734,"LITU","Liriodendron tulipifera"
"2981",1928,"HLC.17",6.013,-83.47845,-83.42166,35.07382,35.02734,"LITU","Liriodendron tulipifera"
"2982",1928,"HLC.18",1.369,-83.47845,-83.42166,35.07382,35.02734,"LITU","Liriodendron tulipifera"
"2983",1928,"HLC.1",NA,-83.47845,-83.42166,35.07382,35.02734,"LITU","Liriodendron tulipifera"
"2984",1928,"USF.24",NA,-83.47845,-83.42166,35.07382,35.02734,"LITU","Liriodendron tulipifera"
"2985",1928,"BC.20",NA,-83.47845,-83.42166,35.07382,35.02734,"LITU","Liriodendron tulipifera"
"2986",1928,"CB.12",NA,-83.47845,-83.42166,35.07382,35.02734,"LITU","Liriodendron tulipifera"
"2987",1928,"HW.14",3.924,-83.47845,-83.42166,35.07382,35.02734,"LITU","Liriodendron tulipifera"
"2988",1928,"pm.821",NA,-83.47845,-83.42166,35.07382,35.02734,"LITU","Liriodendron tulipifera"
"2989",1927,"BC1",NA,-83.47845,-83.42166,35.07382,35.02734,"LITU","Liriodendron tulipifera"
"2990",1927,"HC12",NA,-83.47845,-83.42166,35.07382,35.02734,"LITU","Liriodendron tulipifera"
"2991",1927,"HC13",NA,-83.47845,-83.42166,35.07382,35.02734,"LITU","Liriodendron tulipifera"
"2992",1927,"HC1",NA,-83.47845,-83.42166,35.07382,35.02734,"LITU","Liriodendron tulipifera"
"2993",1927,"BC2",0.408,-83.47845,-83.42166,35.07382,35.02734,"LITU","Liriodendron tulipifera"
"2994",1927,"HC2",NA,-83.47845,-83.42166,35.07382,35.02734,"LITU","Liriodendron tulipifera"
"2995",1927,"HCU.10",NA,-83.47845,-83.42166,35.07382,35.02734,"LITU","Liriodendron tulipifera"
"2996",1927,"HCU.1",NA,-83.47845,-83.42166,35.07382,35.02734,"LITU","Liriodendron tulipifera"
"2997",1927,"HCU.2",NA,-83.47845,-83.42166,35.07382,35.02734,"LITU","Liriodendron tulipifera"
"2998",1927,"HCU.3",NA,-83.47845,-83.42166,35.07382,35.02734,"LITU","Liriodendron tulipifera"
"2999",1927,"PB.9",NA,-83.47845,-83.42166,35.07382,35.02734,"LITU","Liriodendron tulipifera"
"3000",1927,"PB.1",2.83,-83.47845,-83.42166,35.07382,35.02734,"LITU","Liriodendron tulipifera"
"3001",1927,"WB.6",NA,-83.47845,-83.42166,35.07382,35.02734,"LITU","Liriodendron tulipifera"
"3002",1927,"WB.4",NA,-83.47845,-83.42166,35.07382,35.02734,"LITU","Liriodendron tulipifera"
"3003",1927,"WB.5",NA,-83.47845,-83.42166,35.07382,35.02734,"LITU","Liriodendron tulipifera"
"3004",1927,"WB.2",NA,-83.47845,-83.42166,35.07382,35.02734,"LITU","Liriodendron tulipifera"
"3005",1927,"WB.3",NA,-83.47845,-83.42166,35.07382,35.02734,"LITU","Liriodendron tulipifera"
"3006",1927,"CB.8",1.748,-83.47845,-83.42166,35.07382,35.02734,"LITU","Liriodendron tulipifera"
"3007",1927,"RB.2",NA,-83.47845,-83.42166,35.07382,35.02734,"LITU","Liriodendron tulipifera"
"3008",1927,"RB.5",NA,-83.47845,-83.42166,35.07382,35.02734,"LITU","Liriodendron tulipifera"
"3009",1927,"RB.8",NA,-83.47845,-83.42166,35.07382,35.02734,"LITU","Liriodendron tulipifera"
"3010",1927,"RB.6",NA,-83.47845,-83.42166,35.07382,35.02734,"LITU","Liriodendron tulipifera"
"3011",1927,"RB.9",NA,-83.47845,-83.42166,35.07382,35.02734,"LITU","Liriodendron tulipifera"
"3012",1927,"RB.7",NA,-83.47845,-83.42166,35.07382,35.02734,"LITU","Liriodendron tulipifera"
"3013",1927,"RB.1",3.205,-83.47845,-83.42166,35.07382,35.02734,"LITU","Liriodendron tulipifera"
"3014",1927,"HW.20",NA,-83.47845,-83.42166,35.07382,35.02734,"LITU","Liriodendron tulipifera"
"3015",1927,"HW.15",NA,-83.47845,-83.42166,35.07382,35.02734,"LITU","Liriodendron tulipifera"
"3016",1927,"HW.17",3.249,-83.47845,-83.42166,35.07382,35.02734,"LITU","Liriodendron tulipifera"
"3017",1927,"HLC.17",5.023,-83.47845,-83.42166,35.07382,35.02734,"LITU","Liriodendron tulipifera"
"3018",1927,"HLC.18",2.748,-83.47845,-83.42166,35.07382,35.02734,"LITU","Liriodendron tulipifera"
"3019",1927,"HLC.1",NA,-83.47845,-83.42166,35.07382,35.02734,"LITU","Liriodendron tulipifera"
"3020",1927,"USF.24",NA,-83.47845,-83.42166,35.07382,35.02734,"LITU","Liriodendron tulipifera"
"3021",1927,"BC.20",NA,-83.47845,-83.42166,35.07382,35.02734,"LITU","Liriodendron tulipifera"
"3022",1927,"CB.12",NA,-83.47845,-83.42166,35.07382,35.02734,"LITU","Liriodendron tulipifera"
"3023",1927,"HW.14",NA,-83.47845,-83.42166,35.07382,35.02734,"LITU","Liriodendron tulipifera"
"3024",1927,"pm.821",NA,-83.47845,-83.42166,35.07382,35.02734,"LITU","Liriodendron tulipifera"
"3025",1926,"BC1",NA,-83.47845,-83.42166,35.07382,35.02734,"LITU","Liriodendron tulipifera"
"3026",1926,"HC12",NA,-83.47845,-83.42166,35.07382,35.02734,"LITU","Liriodendron tulipifera"
"3027",1926,"HC13",NA,-83.47845,-83.42166,35.07382,35.02734,"LITU","Liriodendron tulipifera"
"3028",1926,"HC1",NA,-83.47845,-83.42166,35.07382,35.02734,"LITU","Liriodendron tulipifera"
"3029",1926,"BC2",0.342,-83.47845,-83.42166,35.07382,35.02734,"LITU","Liriodendron tulipifera"
"3030",1926,"HC2",NA,-83.47845,-83.42166,35.07382,35.02734,"LITU","Liriodendron tulipifera"
"3031",1926,"HCU.10",NA,-83.47845,-83.42166,35.07382,35.02734,"LITU","Liriodendron tulipifera"
"3032",1926,"HCU.1",NA,-83.47845,-83.42166,35.07382,35.02734,"LITU","Liriodendron tulipifera"
"3033",1926,"HCU.2",NA,-83.47845,-83.42166,35.07382,35.02734,"LITU","Liriodendron tulipifera"
"3034",1926,"HCU.3",NA,-83.47845,-83.42166,35.07382,35.02734,"LITU","Liriodendron tulipifera"
"3035",1926,"PB.9",NA,-83.47845,-83.42166,35.07382,35.02734,"LITU","Liriodendron tulipifera"
"3036",1926,"PB.1",2.467,-83.47845,-83.42166,35.07382,35.02734,"LITU","Liriodendron tulipifera"
"3037",1926,"WB.6",NA,-83.47845,-83.42166,35.07382,35.02734,"LITU","Liriodendron tulipifera"
"3038",1926,"WB.4",NA,-83.47845,-83.42166,35.07382,35.02734,"LITU","Liriodendron tulipifera"
"3039",1926,"WB.5",NA,-83.47845,-83.42166,35.07382,35.02734,"LITU","Liriodendron tulipifera"
"3040",1926,"WB.2",NA,-83.47845,-83.42166,35.07382,35.02734,"LITU","Liriodendron tulipifera"
"3041",1926,"WB.3",NA,-83.47845,-83.42166,35.07382,35.02734,"LITU","Liriodendron tulipifera"
"3042",1926,"CB.8",0.927,-83.47845,-83.42166,35.07382,35.02734,"LITU","Liriodendron tulipifera"
"3043",1926,"RB.2",NA,-83.47845,-83.42166,35.07382,35.02734,"LITU","Liriodendron tulipifera"
"3044",1926,"RB.5",NA,-83.47845,-83.42166,35.07382,35.02734,"LITU","Liriodendron tulipifera"
"3045",1926,"RB.8",NA,-83.47845,-83.42166,35.07382,35.02734,"LITU","Liriodendron tulipifera"
"3046",1926,"RB.6",NA,-83.47845,-83.42166,35.07382,35.02734,"LITU","Liriodendron tulipifera"
"3047",1926,"RB.9",NA,-83.47845,-83.42166,35.07382,35.02734,"LITU","Liriodendron tulipifera"
"3048",1926,"RB.7",NA,-83.47845,-83.42166,35.07382,35.02734,"LITU","Liriodendron tulipifera"
"3049",1926,"RB.1",2.883,-83.47845,-83.42166,35.07382,35.02734,"LITU","Liriodendron tulipifera"
"3050",1926,"HW.20",NA,-83.47845,-83.42166,35.07382,35.02734,"LITU","Liriodendron tulipifera"
"3051",1926,"HW.15",NA,-83.47845,-83.42166,35.07382,35.02734,"LITU","Liriodendron tulipifera"
"3052",1926,"HW.17",4.492,-83.47845,-83.42166,35.07382,35.02734,"LITU","Liriodendron tulipifera"
"3053",1926,"HLC.17",3.91,-83.47845,-83.42166,35.07382,35.02734,"LITU","Liriodendron tulipifera"
"3054",1926,"HLC.18",5.334,-83.47845,-83.42166,35.07382,35.02734,"LITU","Liriodendron tulipifera"
"3055",1926,"HLC.1",NA,-83.47845,-83.42166,35.07382,35.02734,"LITU","Liriodendron tulipifera"
"3056",1926,"USF.24",NA,-83.47845,-83.42166,35.07382,35.02734,"LITU","Liriodendron tulipifera"
"3057",1926,"BC.20",NA,-83.47845,-83.42166,35.07382,35.02734,"LITU","Liriodendron tulipifera"
"3058",1926,"CB.12",NA,-83.47845,-83.42166,35.07382,35.02734,"LITU","Liriodendron tulipifera"
"3059",1926,"HW.14",NA,-83.47845,-83.42166,35.07382,35.02734,"LITU","Liriodendron tulipifera"
"3060",1926,"pm.821",NA,-83.47845,-83.42166,35.07382,35.02734,"LITU","Liriodendron tulipifera"
"3061",1925,"BC1",NA,-83.47845,-83.42166,35.07382,35.02734,"LITU","Liriodendron tulipifera"
"3062",1925,"HC12",NA,-83.47845,-83.42166,35.07382,35.02734,"LITU","Liriodendron tulipifera"
"3063",1925,"HC13",NA,-83.47845,-83.42166,35.07382,35.02734,"LITU","Liriodendron tulipifera"
"3064",1925,"HC1",NA,-83.47845,-83.42166,35.07382,35.02734,"LITU","Liriodendron tulipifera"
"3065",1925,"BC2",0.699,-83.47845,-83.42166,35.07382,35.02734,"LITU","Liriodendron tulipifera"
"3066",1925,"HC2",NA,-83.47845,-83.42166,35.07382,35.02734,"LITU","Liriodendron tulipifera"
"3067",1925,"HCU.10",NA,-83.47845,-83.42166,35.07382,35.02734,"LITU","Liriodendron tulipifera"
"3068",1925,"HCU.1",NA,-83.47845,-83.42166,35.07382,35.02734,"LITU","Liriodendron tulipifera"
"3069",1925,"HCU.2",NA,-83.47845,-83.42166,35.07382,35.02734,"LITU","Liriodendron tulipifera"
"3070",1925,"HCU.3",NA,-83.47845,-83.42166,35.07382,35.02734,"LITU","Liriodendron tulipifera"
"3071",1925,"PB.9",NA,-83.47845,-83.42166,35.07382,35.02734,"LITU","Liriodendron tulipifera"
"3072",1925,"PB.1",2.328,-83.47845,-83.42166,35.07382,35.02734,"LITU","Liriodendron tulipifera"
"3073",1925,"WB.6",NA,-83.47845,-83.42166,35.07382,35.02734,"LITU","Liriodendron tulipifera"
"3074",1925,"WB.4",NA,-83.47845,-83.42166,35.07382,35.02734,"LITU","Liriodendron tulipifera"
"3075",1925,"WB.5",NA,-83.47845,-83.42166,35.07382,35.02734,"LITU","Liriodendron tulipifera"
"3076",1925,"WB.2",NA,-83.47845,-83.42166,35.07382,35.02734,"LITU","Liriodendron tulipifera"
"3077",1925,"WB.3",NA,-83.47845,-83.42166,35.07382,35.02734,"LITU","Liriodendron tulipifera"
"3078",1925,"CB.8",1.624,-83.47845,-83.42166,35.07382,35.02734,"LITU","Liriodendron tulipifera"
"3079",1925,"RB.2",NA,-83.47845,-83.42166,35.07382,35.02734,"LITU","Liriodendron tulipifera"
"3080",1925,"RB.5",NA,-83.47845,-83.42166,35.07382,35.02734,"LITU","Liriodendron tulipifera"
"3081",1925,"RB.8",NA,-83.47845,-83.42166,35.07382,35.02734,"LITU","Liriodendron tulipifera"
"3082",1925,"RB.6",NA,-83.47845,-83.42166,35.07382,35.02734,"LITU","Liriodendron tulipifera"
"3083",1925,"RB.9",NA,-83.47845,-83.42166,35.07382,35.02734,"LITU","Liriodendron tulipifera"
"3084",1925,"RB.7",NA,-83.47845,-83.42166,35.07382,35.02734,"LITU","Liriodendron tulipifera"
"3085",1925,"RB.1",3.85,-83.47845,-83.42166,35.07382,35.02734,"LITU","Liriodendron tulipifera"
"3086",1925,"HW.20",NA,-83.47845,-83.42166,35.07382,35.02734,"LITU","Liriodendron tulipifera"
"3087",1925,"HW.15",NA,-83.47845,-83.42166,35.07382,35.02734,"LITU","Liriodendron tulipifera"
"3088",1925,"HW.17",5.189,-83.47845,-83.42166,35.07382,35.02734,"LITU","Liriodendron tulipifera"
"3089",1925,"HLC.17",3.349,-83.47845,-83.42166,35.07382,35.02734,"LITU","Liriodendron tulipifera"
"3090",1925,"HLC.18",4.034,-83.47845,-83.42166,35.07382,35.02734,"LITU","Liriodendron tulipifera"
"3091",1925,"HLC.1",NA,-83.47845,-83.42166,35.07382,35.02734,"LITU","Liriodendron tulipifera"
"3092",1925,"USF.24",NA,-83.47845,-83.42166,35.07382,35.02734,"LITU","Liriodendron tulipifera"
"3093",1925,"BC.20",NA,-83.47845,-83.42166,35.07382,35.02734,"LITU","Liriodendron tulipifera"
"3094",1925,"CB.12",NA,-83.47845,-83.42166,35.07382,35.02734,"LITU","Liriodendron tulipifera"
"3095",1925,"HW.14",NA,-83.47845,-83.42166,35.07382,35.02734,"LITU","Liriodendron tulipifera"
"3096",1925,"pm.821",NA,-83.47845,-83.42166,35.07382,35.02734,"LITU","Liriodendron tulipifera"
"3097",1924,"BC1",NA,-83.47845,-83.42166,35.07382,35.02734,"LITU","Liriodendron tulipifera"
"3098",1924,"HC12",NA,-83.47845,-83.42166,35.07382,35.02734,"LITU","Liriodendron tulipifera"
"3099",1924,"HC13",NA,-83.47845,-83.42166,35.07382,35.02734,"LITU","Liriodendron tulipifera"
"3100",1924,"HC1",NA,-83.47845,-83.42166,35.07382,35.02734,"LITU","Liriodendron tulipifera"
"3101",1924,"BC2",1.819,-83.47845,-83.42166,35.07382,35.02734,"LITU","Liriodendron tulipifera"
"3102",1924,"HC2",NA,-83.47845,-83.42166,35.07382,35.02734,"LITU","Liriodendron tulipifera"
"3103",1924,"HCU.10",NA,-83.47845,-83.42166,35.07382,35.02734,"LITU","Liriodendron tulipifera"
"3104",1924,"HCU.1",NA,-83.47845,-83.42166,35.07382,35.02734,"LITU","Liriodendron tulipifera"
"3105",1924,"HCU.2",NA,-83.47845,-83.42166,35.07382,35.02734,"LITU","Liriodendron tulipifera"
"3106",1924,"HCU.3",NA,-83.47845,-83.42166,35.07382,35.02734,"LITU","Liriodendron tulipifera"
"3107",1924,"PB.9",NA,-83.47845,-83.42166,35.07382,35.02734,"LITU","Liriodendron tulipifera"
"3108",1924,"PB.1",1.556,-83.47845,-83.42166,35.07382,35.02734,"LITU","Liriodendron tulipifera"
"3109",1924,"WB.6",NA,-83.47845,-83.42166,35.07382,35.02734,"LITU","Liriodendron tulipifera"
"3110",1924,"WB.4",NA,-83.47845,-83.42166,35.07382,35.02734,"LITU","Liriodendron tulipifera"
"3111",1924,"WB.5",NA,-83.47845,-83.42166,35.07382,35.02734,"LITU","Liriodendron tulipifera"
"3112",1924,"WB.2",NA,-83.47845,-83.42166,35.07382,35.02734,"LITU","Liriodendron tulipifera"
"3113",1924,"WB.3",NA,-83.47845,-83.42166,35.07382,35.02734,"LITU","Liriodendron tulipifera"
"3114",1924,"CB.8",2.712,-83.47845,-83.42166,35.07382,35.02734,"LITU","Liriodendron tulipifera"
"3115",1924,"RB.2",NA,-83.47845,-83.42166,35.07382,35.02734,"LITU","Liriodendron tulipifera"
"3116",1924,"RB.5",NA,-83.47845,-83.42166,35.07382,35.02734,"LITU","Liriodendron tulipifera"
"3117",1924,"RB.8",NA,-83.47845,-83.42166,35.07382,35.02734,"LITU","Liriodendron tulipifera"
"3118",1924,"RB.6",NA,-83.47845,-83.42166,35.07382,35.02734,"LITU","Liriodendron tulipifera"
"3119",1924,"RB.9",NA,-83.47845,-83.42166,35.07382,35.02734,"LITU","Liriodendron tulipifera"
"3120",1924,"RB.7",NA,-83.47845,-83.42166,35.07382,35.02734,"LITU","Liriodendron tulipifera"
"3121",1924,"RB.1",NA,-83.47845,-83.42166,35.07382,35.02734,"LITU","Liriodendron tulipifera"
"3122",1924,"HW.20",NA,-83.47845,-83.42166,35.07382,35.02734,"LITU","Liriodendron tulipifera"
"3123",1924,"HW.15",NA,-83.47845,-83.42166,35.07382,35.02734,"LITU","Liriodendron tulipifera"
"3124",1924,"HW.17",NA,-83.47845,-83.42166,35.07382,35.02734,"LITU","Liriodendron tulipifera"
"3125",1924,"HLC.17",4.575,-83.47845,-83.42166,35.07382,35.02734,"LITU","Liriodendron tulipifera"
"3126",1924,"HLC.18",4.687,-83.47845,-83.42166,35.07382,35.02734,"LITU","Liriodendron tulipifera"
"3127",1924,"HLC.1",NA,-83.47845,-83.42166,35.07382,35.02734,"LITU","Liriodendron tulipifera"
"3128",1924,"USF.24",NA,-83.47845,-83.42166,35.07382,35.02734,"LITU","Liriodendron tulipifera"
"3129",1924,"BC.20",NA,-83.47845,-83.42166,35.07382,35.02734,"LITU","Liriodendron tulipifera"
"3130",1924,"CB.12",NA,-83.47845,-83.42166,35.07382,35.02734,"LITU","Liriodendron tulipifera"
"3131",1924,"HW.14",NA,-83.47845,-83.42166,35.07382,35.02734,"LITU","Liriodendron tulipifera"
"3132",1924,"pm.821",NA,-83.47845,-83.42166,35.07382,35.02734,"LITU","Liriodendron tulipifera"
"3133",1923,"BC1",NA,-83.47845,-83.42166,35.07382,35.02734,"LITU","Liriodendron tulipifera"
"3134",1923,"HC12",NA,-83.47845,-83.42166,35.07382,35.02734,"LITU","Liriodendron tulipifera"
"3135",1923,"HC13",NA,-83.47845,-83.42166,35.07382,35.02734,"LITU","Liriodendron tulipifera"
"3136",1923,"HC1",NA,-83.47845,-83.42166,35.07382,35.02734,"LITU","Liriodendron tulipifera"
"3137",1923,"BC2",2.642,-83.47845,-83.42166,35.07382,35.02734,"LITU","Liriodendron tulipifera"
"3138",1923,"HC2",NA,-83.47845,-83.42166,35.07382,35.02734,"LITU","Liriodendron tulipifera"
"3139",1923,"HCU.10",NA,-83.47845,-83.42166,35.07382,35.02734,"LITU","Liriodendron tulipifera"
"3140",1923,"HCU.1",NA,-83.47845,-83.42166,35.07382,35.02734,"LITU","Liriodendron tulipifera"
"3141",1923,"HCU.2",NA,-83.47845,-83.42166,35.07382,35.02734,"LITU","Liriodendron tulipifera"
"3142",1923,"HCU.3",NA,-83.47845,-83.42166,35.07382,35.02734,"LITU","Liriodendron tulipifera"
"3143",1923,"PB.9",NA,-83.47845,-83.42166,35.07382,35.02734,"LITU","Liriodendron tulipifera"
"3144",1923,"PB.1",NA,-83.47845,-83.42166,35.07382,35.02734,"LITU","Liriodendron tulipifera"
"3145",1923,"WB.6",NA,-83.47845,-83.42166,35.07382,35.02734,"LITU","Liriodendron tulipifera"
"3146",1923,"WB.4",NA,-83.47845,-83.42166,35.07382,35.02734,"LITU","Liriodendron tulipifera"
"3147",1923,"WB.5",NA,-83.47845,-83.42166,35.07382,35.02734,"LITU","Liriodendron tulipifera"
"3148",1923,"WB.2",NA,-83.47845,-83.42166,35.07382,35.02734,"LITU","Liriodendron tulipifera"
"3149",1923,"WB.3",NA,-83.47845,-83.42166,35.07382,35.02734,"LITU","Liriodendron tulipifera"
"3150",1923,"CB.8",3.124,-83.47845,-83.42166,35.07382,35.02734,"LITU","Liriodendron tulipifera"
"3151",1923,"RB.2",NA,-83.47845,-83.42166,35.07382,35.02734,"LITU","Liriodendron tulipifera"
"3152",1923,"RB.5",NA,-83.47845,-83.42166,35.07382,35.02734,"LITU","Liriodendron tulipifera"
"3153",1923,"RB.8",NA,-83.47845,-83.42166,35.07382,35.02734,"LITU","Liriodendron tulipifera"
"3154",1923,"RB.6",NA,-83.47845,-83.42166,35.07382,35.02734,"LITU","Liriodendron tulipifera"
"3155",1923,"RB.9",NA,-83.47845,-83.42166,35.07382,35.02734,"LITU","Liriodendron tulipifera"
"3156",1923,"RB.7",NA,-83.47845,-83.42166,35.07382,35.02734,"LITU","Liriodendron tulipifera"
"3157",1923,"RB.1",NA,-83.47845,-83.42166,35.07382,35.02734,"LITU","Liriodendron tulipifera"
"3158",1923,"HW.20",NA,-83.47845,-83.42166,35.07382,35.02734,"LITU","Liriodendron tulipifera"
"3159",1923,"HW.15",NA,-83.47845,-83.42166,35.07382,35.02734,"LITU","Liriodendron tulipifera"
"3160",1923,"HW.17",NA,-83.47845,-83.42166,35.07382,35.02734,"LITU","Liriodendron tulipifera"
"3161",1923,"HLC.17",5.719,-83.47845,-83.42166,35.07382,35.02734,"LITU","Liriodendron tulipifera"
"3162",1923,"HLC.18",6.788,-83.47845,-83.42166,35.07382,35.02734,"LITU","Liriodendron tulipifera"
"3163",1923,"HLC.1",NA,-83.47845,-83.42166,35.07382,35.02734,"LITU","Liriodendron tulipifera"
"3164",1923,"USF.24",NA,-83.47845,-83.42166,35.07382,35.02734,"LITU","Liriodendron tulipifera"
"3165",1923,"BC.20",NA,-83.47845,-83.42166,35.07382,35.02734,"LITU","Liriodendron tulipifera"
"3166",1923,"CB.12",NA,-83.47845,-83.42166,35.07382,35.02734,"LITU","Liriodendron tulipifera"
"3167",1923,"HW.14",NA,-83.47845,-83.42166,35.07382,35.02734,"LITU","Liriodendron tulipifera"
"3168",1923,"pm.821",NA,-83.47845,-83.42166,35.07382,35.02734,"LITU","Liriodendron tulipifera"
"3169",1922,"BC1",NA,-83.47845,-83.42166,35.07382,35.02734,"LITU","Liriodendron tulipifera"
"3170",1922,"HC12",NA,-83.47845,-83.42166,35.07382,35.02734,"LITU","Liriodendron tulipifera"
"3171",1922,"HC13",NA,-83.47845,-83.42166,35.07382,35.02734,"LITU","Liriodendron tulipifera"
"3172",1922,"HC1",NA,-83.47845,-83.42166,35.07382,35.02734,"LITU","Liriodendron tulipifera"
"3173",1922,"BC2",3.466,-83.47845,-83.42166,35.07382,35.02734,"LITU","Liriodendron tulipifera"
"3174",1922,"HC2",NA,-83.47845,-83.42166,35.07382,35.02734,"LITU","Liriodendron tulipifera"
"3175",1922,"HCU.10",NA,-83.47845,-83.42166,35.07382,35.02734,"LITU","Liriodendron tulipifera"
"3176",1922,"HCU.1",NA,-83.47845,-83.42166,35.07382,35.02734,"LITU","Liriodendron tulipifera"
"3177",1922,"HCU.2",NA,-83.47845,-83.42166,35.07382,35.02734,"LITU","Liriodendron tulipifera"
"3178",1922,"HCU.3",NA,-83.47845,-83.42166,35.07382,35.02734,"LITU","Liriodendron tulipifera"
"3179",1922,"PB.9",NA,-83.47845,-83.42166,35.07382,35.02734,"LITU","Liriodendron tulipifera"
"3180",1922,"PB.1",NA,-83.47845,-83.42166,35.07382,35.02734,"LITU","Liriodendron tulipifera"
"3181",1922,"WB.6",NA,-83.47845,-83.42166,35.07382,35.02734,"LITU","Liriodendron tulipifera"
"3182",1922,"WB.4",NA,-83.47845,-83.42166,35.07382,35.02734,"LITU","Liriodendron tulipifera"
"3183",1922,"WB.5",NA,-83.47845,-83.42166,35.07382,35.02734,"LITU","Liriodendron tulipifera"
"3184",1922,"WB.2",NA,-83.47845,-83.42166,35.07382,35.02734,"LITU","Liriodendron tulipifera"
"3185",1922,"WB.3",NA,-83.47845,-83.42166,35.07382,35.02734,"LITU","Liriodendron tulipifera"
"3186",1922,"CB.8",2.936,-83.47845,-83.42166,35.07382,35.02734,"LITU","Liriodendron tulipifera"
"3187",1922,"RB.2",NA,-83.47845,-83.42166,35.07382,35.02734,"LITU","Liriodendron tulipifera"
"3188",1922,"RB.5",NA,-83.47845,-83.42166,35.07382,35.02734,"LITU","Liriodendron tulipifera"
"3189",1922,"RB.8",NA,-83.47845,-83.42166,35.07382,35.02734,"LITU","Liriodendron tulipifera"
"3190",1922,"RB.6",NA,-83.47845,-83.42166,35.07382,35.02734,"LITU","Liriodendron tulipifera"
"3191",1922,"RB.9",NA,-83.47845,-83.42166,35.07382,35.02734,"LITU","Liriodendron tulipifera"
"3192",1922,"RB.7",NA,-83.47845,-83.42166,35.07382,35.02734,"LITU","Liriodendron tulipifera"
"3193",1922,"RB.1",NA,-83.47845,-83.42166,35.07382,35.02734,"LITU","Liriodendron tulipifera"
"3194",1922,"HW.20",NA,-83.47845,-83.42166,35.07382,35.02734,"LITU","Liriodendron tulipifera"
"3195",1922,"HW.15",NA,-83.47845,-83.42166,35.07382,35.02734,"LITU","Liriodendron tulipifera"
"3196",1922,"HW.17",NA,-83.47845,-83.42166,35.07382,35.02734,"LITU","Liriodendron tulipifera"
"3197",1922,"HLC.17",5.336,-83.47845,-83.42166,35.07382,35.02734,"LITU","Liriodendron tulipifera"
"3198",1922,"HLC.18",8.263,-83.47845,-83.42166,35.07382,35.02734,"LITU","Liriodendron tulipifera"
"3199",1922,"HLC.1",NA,-83.47845,-83.42166,35.07382,35.02734,"LITU","Liriodendron tulipifera"
"3200",1922,"USF.24",NA,-83.47845,-83.42166,35.07382,35.02734,"LITU","Liriodendron tulipifera"
"3201",1922,"BC.20",NA,-83.47845,-83.42166,35.07382,35.02734,"LITU","Liriodendron tulipifera"
"3202",1922,"CB.12",NA,-83.47845,-83.42166,35.07382,35.02734,"LITU","Liriodendron tulipifera"
"3203",1922,"HW.14",NA,-83.47845,-83.42166,35.07382,35.02734,"LITU","Liriodendron tulipifera"
"3204",1922,"pm.821",NA,-83.47845,-83.42166,35.07382,35.02734,"LITU","Liriodendron tulipifera"
"3205",1921,"BC1",NA,-83.47845,-83.42166,35.07382,35.02734,"LITU","Liriodendron tulipifera"
"3206",1921,"HC12",NA,-83.47845,-83.42166,35.07382,35.02734,"LITU","Liriodendron tulipifera"
"3207",1921,"HC13",NA,-83.47845,-83.42166,35.07382,35.02734,"LITU","Liriodendron tulipifera"
"3208",1921,"HC1",NA,-83.47845,-83.42166,35.07382,35.02734,"LITU","Liriodendron tulipifera"
"3209",1921,"BC2",2.256,-83.47845,-83.42166,35.07382,35.02734,"LITU","Liriodendron tulipifera"
"3210",1921,"HC2",NA,-83.47845,-83.42166,35.07382,35.02734,"LITU","Liriodendron tulipifera"
"3211",1921,"HCU.10",NA,-83.47845,-83.42166,35.07382,35.02734,"LITU","Liriodendron tulipifera"
"3212",1921,"HCU.1",NA,-83.47845,-83.42166,35.07382,35.02734,"LITU","Liriodendron tulipifera"
"3213",1921,"HCU.2",NA,-83.47845,-83.42166,35.07382,35.02734,"LITU","Liriodendron tulipifera"
"3214",1921,"HCU.3",NA,-83.47845,-83.42166,35.07382,35.02734,"LITU","Liriodendron tulipifera"
"3215",1921,"PB.9",NA,-83.47845,-83.42166,35.07382,35.02734,"LITU","Liriodendron tulipifera"
"3216",1921,"PB.1",NA,-83.47845,-83.42166,35.07382,35.02734,"LITU","Liriodendron tulipifera"
"3217",1921,"WB.6",NA,-83.47845,-83.42166,35.07382,35.02734,"LITU","Liriodendron tulipifera"
"3218",1921,"WB.4",NA,-83.47845,-83.42166,35.07382,35.02734,"LITU","Liriodendron tulipifera"
"3219",1921,"WB.5",NA,-83.47845,-83.42166,35.07382,35.02734,"LITU","Liriodendron tulipifera"
"3220",1921,"WB.2",NA,-83.47845,-83.42166,35.07382,35.02734,"LITU","Liriodendron tulipifera"
"3221",1921,"WB.3",NA,-83.47845,-83.42166,35.07382,35.02734,"LITU","Liriodendron tulipifera"
"3222",1921,"CB.8",4.048,-83.47845,-83.42166,35.07382,35.02734,"LITU","Liriodendron tulipifera"
"3223",1921,"RB.2",NA,-83.47845,-83.42166,35.07382,35.02734,"LITU","Liriodendron tulipifera"
"3224",1921,"RB.5",NA,-83.47845,-83.42166,35.07382,35.02734,"LITU","Liriodendron tulipifera"
"3225",1921,"RB.8",NA,-83.47845,-83.42166,35.07382,35.02734,"LITU","Liriodendron tulipifera"
"3226",1921,"RB.6",NA,-83.47845,-83.42166,35.07382,35.02734,"LITU","Liriodendron tulipifera"
"3227",1921,"RB.9",NA,-83.47845,-83.42166,35.07382,35.02734,"LITU","Liriodendron tulipifera"
"3228",1921,"RB.7",NA,-83.47845,-83.42166,35.07382,35.02734,"LITU","Liriodendron tulipifera"
"3229",1921,"RB.1",NA,-83.47845,-83.42166,35.07382,35.02734,"LITU","Liriodendron tulipifera"
"3230",1921,"HW.20",NA,-83.47845,-83.42166,35.07382,35.02734,"LITU","Liriodendron tulipifera"
"3231",1921,"HW.15",NA,-83.47845,-83.42166,35.07382,35.02734,"LITU","Liriodendron tulipifera"
"3232",1921,"HW.17",NA,-83.47845,-83.42166,35.07382,35.02734,"LITU","Liriodendron tulipifera"
"3233",1921,"HLC.17",3.521,-83.47845,-83.42166,35.07382,35.02734,"LITU","Liriodendron tulipifera"
"3234",1921,"HLC.18",8.23,-83.47845,-83.42166,35.07382,35.02734,"LITU","Liriodendron tulipifera"
"3235",1921,"HLC.1",NA,-83.47845,-83.42166,35.07382,35.02734,"LITU","Liriodendron tulipifera"
"3236",1921,"USF.24",NA,-83.47845,-83.42166,35.07382,35.02734,"LITU","Liriodendron tulipifera"
"3237",1921,"BC.20",NA,-83.47845,-83.42166,35.07382,35.02734,"LITU","Liriodendron tulipifera"
"3238",1921,"CB.12",NA,-83.47845,-83.42166,35.07382,35.02734,"LITU","Liriodendron tulipifera"
"3239",1921,"HW.14",NA,-83.47845,-83.42166,35.07382,35.02734,"LITU","Liriodendron tulipifera"
"3240",1921,"pm.821",NA,-83.47845,-83.42166,35.07382,35.02734,"LITU","Liriodendron tulipifera"
"3241",1920,"BC1",NA,-83.47845,-83.42166,35.07382,35.02734,"LITU","Liriodendron tulipifera"
"3242",1920,"HC12",NA,-83.47845,-83.42166,35.07382,35.02734,"LITU","Liriodendron tulipifera"
"3243",1920,"HC13",NA,-83.47845,-83.42166,35.07382,35.02734,"LITU","Liriodendron tulipifera"
"3244",1920,"HC1",NA,-83.47845,-83.42166,35.07382,35.02734,"LITU","Liriodendron tulipifera"
"3245",1920,"BC2",0.881,-83.47845,-83.42166,35.07382,35.02734,"LITU","Liriodendron tulipifera"
"3246",1920,"HC2",NA,-83.47845,-83.42166,35.07382,35.02734,"LITU","Liriodendron tulipifera"
"3247",1920,"HCU.10",NA,-83.47845,-83.42166,35.07382,35.02734,"LITU","Liriodendron tulipifera"
"3248",1920,"HCU.1",NA,-83.47845,-83.42166,35.07382,35.02734,"LITU","Liriodendron tulipifera"
"3249",1920,"HCU.2",NA,-83.47845,-83.42166,35.07382,35.02734,"LITU","Liriodendron tulipifera"
"3250",1920,"HCU.3",NA,-83.47845,-83.42166,35.07382,35.02734,"LITU","Liriodendron tulipifera"
"3251",1920,"PB.9",NA,-83.47845,-83.42166,35.07382,35.02734,"LITU","Liriodendron tulipifera"
"3252",1920,"PB.1",NA,-83.47845,-83.42166,35.07382,35.02734,"LITU","Liriodendron tulipifera"
"3253",1920,"WB.6",NA,-83.47845,-83.42166,35.07382,35.02734,"LITU","Liriodendron tulipifera"
"3254",1920,"WB.4",NA,-83.47845,-83.42166,35.07382,35.02734,"LITU","Liriodendron tulipifera"
"3255",1920,"WB.5",NA,-83.47845,-83.42166,35.07382,35.02734,"LITU","Liriodendron tulipifera"
"3256",1920,"WB.2",NA,-83.47845,-83.42166,35.07382,35.02734,"LITU","Liriodendron tulipifera"
"3257",1920,"WB.3",NA,-83.47845,-83.42166,35.07382,35.02734,"LITU","Liriodendron tulipifera"
"3258",1920,"CB.8",3.454,-83.47845,-83.42166,35.07382,35.02734,"LITU","Liriodendron tulipifera"
"3259",1920,"RB.2",NA,-83.47845,-83.42166,35.07382,35.02734,"LITU","Liriodendron tulipifera"
"3260",1920,"RB.5",NA,-83.47845,-83.42166,35.07382,35.02734,"LITU","Liriodendron tulipifera"
"3261",1920,"RB.8",NA,-83.47845,-83.42166,35.07382,35.02734,"LITU","Liriodendron tulipifera"
"3262",1920,"RB.6",NA,-83.47845,-83.42166,35.07382,35.02734,"LITU","Liriodendron tulipifera"
"3263",1920,"RB.9",NA,-83.47845,-83.42166,35.07382,35.02734,"LITU","Liriodendron tulipifera"
"3264",1920,"RB.7",NA,-83.47845,-83.42166,35.07382,35.02734,"LITU","Liriodendron tulipifera"
"3265",1920,"RB.1",NA,-83.47845,-83.42166,35.07382,35.02734,"LITU","Liriodendron tulipifera"
"3266",1920,"HW.20",NA,-83.47845,-83.42166,35.07382,35.02734,"LITU","Liriodendron tulipifera"
"3267",1920,"HW.15",NA,-83.47845,-83.42166,35.07382,35.02734,"LITU","Liriodendron tulipifera"
"3268",1920,"HW.17",NA,-83.47845,-83.42166,35.07382,35.02734,"LITU","Liriodendron tulipifera"
"3269",1920,"HLC.17",3.713,-83.47845,-83.42166,35.07382,35.02734,"LITU","Liriodendron tulipifera"
"3270",1920,"HLC.18",8.839,-83.47845,-83.42166,35.07382,35.02734,"LITU","Liriodendron tulipifera"
"3271",1920,"HLC.1",NA,-83.47845,-83.42166,35.07382,35.02734,"LITU","Liriodendron tulipifera"
"3272",1920,"USF.24",NA,-83.47845,-83.42166,35.07382,35.02734,"LITU","Liriodendron tulipifera"
"3273",1920,"BC.20",NA,-83.47845,-83.42166,35.07382,35.02734,"LITU","Liriodendron tulipifera"
"3274",1920,"CB.12",NA,-83.47845,-83.42166,35.07382,35.02734,"LITU","Liriodendron tulipifera"
"3275",1920,"HW.14",NA,-83.47845,-83.42166,35.07382,35.02734,"LITU","Liriodendron tulipifera"
"3276",1920,"pm.821",NA,-83.47845,-83.42166,35.07382,35.02734,"LITU","Liriodendron tulipifera"
"3277",1919,"BC1",NA,-83.47845,-83.42166,35.07382,35.02734,"LITU","Liriodendron tulipifera"
"3278",1919,"HC12",NA,-83.47845,-83.42166,35.07382,35.02734,"LITU","Liriodendron tulipifera"
"3279",1919,"HC13",NA,-83.47845,-83.42166,35.07382,35.02734,"LITU","Liriodendron tulipifera"
"3280",1919,"HC1",NA,-83.47845,-83.42166,35.07382,35.02734,"LITU","Liriodendron tulipifera"
"3281",1919,"BC2",0.425,-83.47845,-83.42166,35.07382,35.02734,"LITU","Liriodendron tulipifera"
"3282",1919,"HC2",NA,-83.47845,-83.42166,35.07382,35.02734,"LITU","Liriodendron tulipifera"
"3283",1919,"HCU.10",NA,-83.47845,-83.42166,35.07382,35.02734,"LITU","Liriodendron tulipifera"
"3284",1919,"HCU.1",NA,-83.47845,-83.42166,35.07382,35.02734,"LITU","Liriodendron tulipifera"
"3285",1919,"HCU.2",NA,-83.47845,-83.42166,35.07382,35.02734,"LITU","Liriodendron tulipifera"
"3286",1919,"HCU.3",NA,-83.47845,-83.42166,35.07382,35.02734,"LITU","Liriodendron tulipifera"
"3287",1919,"PB.9",NA,-83.47845,-83.42166,35.07382,35.02734,"LITU","Liriodendron tulipifera"
"3288",1919,"PB.1",NA,-83.47845,-83.42166,35.07382,35.02734,"LITU","Liriodendron tulipifera"
"3289",1919,"WB.6",NA,-83.47845,-83.42166,35.07382,35.02734,"LITU","Liriodendron tulipifera"
"3290",1919,"WB.4",NA,-83.47845,-83.42166,35.07382,35.02734,"LITU","Liriodendron tulipifera"
"3291",1919,"WB.5",NA,-83.47845,-83.42166,35.07382,35.02734,"LITU","Liriodendron tulipifera"
"3292",1919,"WB.2",NA,-83.47845,-83.42166,35.07382,35.02734,"LITU","Liriodendron tulipifera"
"3293",1919,"WB.3",NA,-83.47845,-83.42166,35.07382,35.02734,"LITU","Liriodendron tulipifera"
"3294",1919,"CB.8",3.421,-83.47845,-83.42166,35.07382,35.02734,"LITU","Liriodendron tulipifera"
"3295",1919,"RB.2",NA,-83.47845,-83.42166,35.07382,35.02734,"LITU","Liriodendron tulipifera"
"3296",1919,"RB.5",NA,-83.47845,-83.42166,35.07382,35.02734,"LITU","Liriodendron tulipifera"
"3297",1919,"RB.8",NA,-83.47845,-83.42166,35.07382,35.02734,"LITU","Liriodendron tulipifera"
"3298",1919,"RB.6",NA,-83.47845,-83.42166,35.07382,35.02734,"LITU","Liriodendron tulipifera"
"3299",1919,"RB.9",NA,-83.47845,-83.42166,35.07382,35.02734,"LITU","Liriodendron tulipifera"
"3300",1919,"RB.7",NA,-83.47845,-83.42166,35.07382,35.02734,"LITU","Liriodendron tulipifera"
"3301",1919,"RB.1",NA,-83.47845,-83.42166,35.07382,35.02734,"LITU","Liriodendron tulipifera"
"3302",1919,"HW.20",NA,-83.47845,-83.42166,35.07382,35.02734,"LITU","Liriodendron tulipifera"
"3303",1919,"HW.15",NA,-83.47845,-83.42166,35.07382,35.02734,"LITU","Liriodendron tulipifera"
"3304",1919,"HW.17",NA,-83.47845,-83.42166,35.07382,35.02734,"LITU","Liriodendron tulipifera"
"3305",1919,"HLC.17",4.488,-83.47845,-83.42166,35.07382,35.02734,"LITU","Liriodendron tulipifera"
"3306",1919,"HLC.18",NA,-83.47845,-83.42166,35.07382,35.02734,"LITU","Liriodendron tulipifera"
"3307",1919,"HLC.1",NA,-83.47845,-83.42166,35.07382,35.02734,"LITU","Liriodendron tulipifera"
"3308",1919,"USF.24",NA,-83.47845,-83.42166,35.07382,35.02734,"LITU","Liriodendron tulipifera"
"3309",1919,"BC.20",NA,-83.47845,-83.42166,35.07382,35.02734,"LITU","Liriodendron tulipifera"
"3310",1919,"CB.12",NA,-83.47845,-83.42166,35.07382,35.02734,"LITU","Liriodendron tulipifera"
"3311",1919,"HW.14",NA,-83.47845,-83.42166,35.07382,35.02734,"LITU","Liriodendron tulipifera"
"3312",1919,"pm.821",NA,-83.47845,-83.42166,35.07382,35.02734,"LITU","Liriodendron tulipifera"
"3313",1918,"BC1",NA,-83.47845,-83.42166,35.07382,35.02734,"LITU","Liriodendron tulipifera"
"3314",1918,"HC12",NA,-83.47845,-83.42166,35.07382,35.02734,"LITU","Liriodendron tulipifera"
"3315",1918,"HC13",NA,-83.47845,-83.42166,35.07382,35.02734,"LITU","Liriodendron tulipifera"
"3316",1918,"HC1",NA,-83.47845,-83.42166,35.07382,35.02734,"LITU","Liriodendron tulipifera"
"3317",1918,"BC2",0.298,-83.47845,-83.42166,35.07382,35.02734,"LITU","Liriodendron tulipifera"
"3318",1918,"HC2",NA,-83.47845,-83.42166,35.07382,35.02734,"LITU","Liriodendron tulipifera"
"3319",1918,"HCU.10",NA,-83.47845,-83.42166,35.07382,35.02734,"LITU","Liriodendron tulipifera"
"3320",1918,"HCU.1",NA,-83.47845,-83.42166,35.07382,35.02734,"LITU","Liriodendron tulipifera"
"3321",1918,"HCU.2",NA,-83.47845,-83.42166,35.07382,35.02734,"LITU","Liriodendron tulipifera"
"3322",1918,"HCU.3",NA,-83.47845,-83.42166,35.07382,35.02734,"LITU","Liriodendron tulipifera"
"3323",1918,"PB.9",NA,-83.47845,-83.42166,35.07382,35.02734,"LITU","Liriodendron tulipifera"
"3324",1918,"PB.1",NA,-83.47845,-83.42166,35.07382,35.02734,"LITU","Liriodendron tulipifera"
"3325",1918,"WB.6",NA,-83.47845,-83.42166,35.07382,35.02734,"LITU","Liriodendron tulipifera"
"3326",1918,"WB.4",NA,-83.47845,-83.42166,35.07382,35.02734,"LITU","Liriodendron tulipifera"
"3327",1918,"WB.5",NA,-83.47845,-83.42166,35.07382,35.02734,"LITU","Liriodendron tulipifera"
"3328",1918,"WB.2",NA,-83.47845,-83.42166,35.07382,35.02734,"LITU","Liriodendron tulipifera"
"3329",1918,"WB.3",NA,-83.47845,-83.42166,35.07382,35.02734,"LITU","Liriodendron tulipifera"
"3330",1918,"CB.8",1.432,-83.47845,-83.42166,35.07382,35.02734,"LITU","Liriodendron tulipifera"
"3331",1918,"RB.2",NA,-83.47845,-83.42166,35.07382,35.02734,"LITU","Liriodendron tulipifera"
"3332",1918,"RB.5",NA,-83.47845,-83.42166,35.07382,35.02734,"LITU","Liriodendron tulipifera"
"3333",1918,"RB.8",NA,-83.47845,-83.42166,35.07382,35.02734,"LITU","Liriodendron tulipifera"
"3334",1918,"RB.6",NA,-83.47845,-83.42166,35.07382,35.02734,"LITU","Liriodendron tulipifera"
"3335",1918,"RB.9",NA,-83.47845,-83.42166,35.07382,35.02734,"LITU","Liriodendron tulipifera"
"3336",1918,"RB.7",NA,-83.47845,-83.42166,35.07382,35.02734,"LITU","Liriodendron tulipifera"
"3337",1918,"RB.1",NA,-83.47845,-83.42166,35.07382,35.02734,"LITU","Liriodendron tulipifera"
"3338",1918,"HW.20",NA,-83.47845,-83.42166,35.07382,35.02734,"LITU","Liriodendron tulipifera"
"3339",1918,"HW.15",NA,-83.47845,-83.42166,35.07382,35.02734,"LITU","Liriodendron tulipifera"
"3340",1918,"HW.17",NA,-83.47845,-83.42166,35.07382,35.02734,"LITU","Liriodendron tulipifera"
"3341",1918,"HLC.17",3.09,-83.47845,-83.42166,35.07382,35.02734,"LITU","Liriodendron tulipifera"
"3342",1918,"HLC.18",NA,-83.47845,-83.42166,35.07382,35.02734,"LITU","Liriodendron tulipifera"
"3343",1918,"HLC.1",NA,-83.47845,-83.42166,35.07382,35.02734,"LITU","Liriodendron tulipifera"
"3344",1918,"USF.24",NA,-83.47845,-83.42166,35.07382,35.02734,"LITU","Liriodendron tulipifera"
"3345",1918,"BC.20",NA,-83.47845,-83.42166,35.07382,35.02734,"LITU","Liriodendron tulipifera"
"3346",1918,"CB.12",NA,-83.47845,-83.42166,35.07382,35.02734,"LITU","Liriodendron tulipifera"
"3347",1918,"HW.14",NA,-83.47845,-83.42166,35.07382,35.02734,"LITU","Liriodendron tulipifera"
"3348",1918,"pm.821",NA,-83.47845,-83.42166,35.07382,35.02734,"LITU","Liriodendron tulipifera"
"3349",1917,"BC1",NA,-83.47845,-83.42166,35.07382,35.02734,"LITU","Liriodendron tulipifera"
"3350",1917,"HC12",NA,-83.47845,-83.42166,35.07382,35.02734,"LITU","Liriodendron tulipifera"
"3351",1917,"HC13",NA,-83.47845,-83.42166,35.07382,35.02734,"LITU","Liriodendron tulipifera"
"3352",1917,"HC1",NA,-83.47845,-83.42166,35.07382,35.02734,"LITU","Liriodendron tulipifera"
"3353",1917,"BC2",0.497,-83.47845,-83.42166,35.07382,35.02734,"LITU","Liriodendron tulipifera"
"3354",1917,"HC2",NA,-83.47845,-83.42166,35.07382,35.02734,"LITU","Liriodendron tulipifera"
"3355",1917,"HCU.10",NA,-83.47845,-83.42166,35.07382,35.02734,"LITU","Liriodendron tulipifera"
"3356",1917,"HCU.1",NA,-83.47845,-83.42166,35.07382,35.02734,"LITU","Liriodendron tulipifera"
"3357",1917,"HCU.2",NA,-83.47845,-83.42166,35.07382,35.02734,"LITU","Liriodendron tulipifera"
"3358",1917,"HCU.3",NA,-83.47845,-83.42166,35.07382,35.02734,"LITU","Liriodendron tulipifera"
"3359",1917,"PB.9",NA,-83.47845,-83.42166,35.07382,35.02734,"LITU","Liriodendron tulipifera"
"3360",1917,"PB.1",NA,-83.47845,-83.42166,35.07382,35.02734,"LITU","Liriodendron tulipifera"
"3361",1917,"WB.6",NA,-83.47845,-83.42166,35.07382,35.02734,"LITU","Liriodendron tulipifera"
"3362",1917,"WB.4",NA,-83.47845,-83.42166,35.07382,35.02734,"LITU","Liriodendron tulipifera"
"3363",1917,"WB.5",NA,-83.47845,-83.42166,35.07382,35.02734,"LITU","Liriodendron tulipifera"
"3364",1917,"WB.2",NA,-83.47845,-83.42166,35.07382,35.02734,"LITU","Liriodendron tulipifera"
"3365",1917,"WB.3",NA,-83.47845,-83.42166,35.07382,35.02734,"LITU","Liriodendron tulipifera"
"3366",1917,"CB.8",2.051,-83.47845,-83.42166,35.07382,35.02734,"LITU","Liriodendron tulipifera"
"3367",1917,"RB.2",NA,-83.47845,-83.42166,35.07382,35.02734,"LITU","Liriodendron tulipifera"
"3368",1917,"RB.5",NA,-83.47845,-83.42166,35.07382,35.02734,"LITU","Liriodendron tulipifera"
"3369",1917,"RB.8",NA,-83.47845,-83.42166,35.07382,35.02734,"LITU","Liriodendron tulipifera"
"3370",1917,"RB.6",NA,-83.47845,-83.42166,35.07382,35.02734,"LITU","Liriodendron tulipifera"
"3371",1917,"RB.9",NA,-83.47845,-83.42166,35.07382,35.02734,"LITU","Liriodendron tulipifera"
"3372",1917,"RB.7",NA,-83.47845,-83.42166,35.07382,35.02734,"LITU","Liriodendron tulipifera"
"3373",1917,"RB.1",NA,-83.47845,-83.42166,35.07382,35.02734,"LITU","Liriodendron tulipifera"
"3374",1917,"HW.20",NA,-83.47845,-83.42166,35.07382,35.02734,"LITU","Liriodendron tulipifera"
"3375",1917,"HW.15",NA,-83.47845,-83.42166,35.07382,35.02734,"LITU","Liriodendron tulipifera"
"3376",1917,"HW.17",NA,-83.47845,-83.42166,35.07382,35.02734,"LITU","Liriodendron tulipifera"
"3377",1917,"HLC.17",3.084,-83.47845,-83.42166,35.07382,35.02734,"LITU","Liriodendron tulipifera"
"3378",1917,"HLC.18",NA,-83.47845,-83.42166,35.07382,35.02734,"LITU","Liriodendron tulipifera"
"3379",1917,"HLC.1",NA,-83.47845,-83.42166,35.07382,35.02734,"LITU","Liriodendron tulipifera"
"3380",1917,"USF.24",NA,-83.47845,-83.42166,35.07382,35.02734,"LITU","Liriodendron tulipifera"
"3381",1917,"BC.20",NA,-83.47845,-83.42166,35.07382,35.02734,"LITU","Liriodendron tulipifera"
"3382",1917,"CB.12",NA,-83.47845,-83.42166,35.07382,35.02734,"LITU","Liriodendron tulipifera"
"3383",1917,"HW.14",NA,-83.47845,-83.42166,35.07382,35.02734,"LITU","Liriodendron tulipifera"
"3384",1917,"pm.821",NA,-83.47845,-83.42166,35.07382,35.02734,"LITU","Liriodendron tulipifera"
"3385",1916,"BC1",NA,-83.47845,-83.42166,35.07382,35.02734,"LITU","Liriodendron tulipifera"
"3386",1916,"HC12",NA,-83.47845,-83.42166,35.07382,35.02734,"LITU","Liriodendron tulipifera"
"3387",1916,"HC13",NA,-83.47845,-83.42166,35.07382,35.02734,"LITU","Liriodendron tulipifera"
"3388",1916,"HC1",NA,-83.47845,-83.42166,35.07382,35.02734,"LITU","Liriodendron tulipifera"
"3389",1916,"BC2",0.505,-83.47845,-83.42166,35.07382,35.02734,"LITU","Liriodendron tulipifera"
"3390",1916,"HC2",NA,-83.47845,-83.42166,35.07382,35.02734,"LITU","Liriodendron tulipifera"
"3391",1916,"HCU.10",NA,-83.47845,-83.42166,35.07382,35.02734,"LITU","Liriodendron tulipifera"
"3392",1916,"HCU.1",NA,-83.47845,-83.42166,35.07382,35.02734,"LITU","Liriodendron tulipifera"
"3393",1916,"HCU.2",NA,-83.47845,-83.42166,35.07382,35.02734,"LITU","Liriodendron tulipifera"
"3394",1916,"HCU.3",NA,-83.47845,-83.42166,35.07382,35.02734,"LITU","Liriodendron tulipifera"
"3395",1916,"PB.9",NA,-83.47845,-83.42166,35.07382,35.02734,"LITU","Liriodendron tulipifera"
"3396",1916,"PB.1",NA,-83.47845,-83.42166,35.07382,35.02734,"LITU","Liriodendron tulipifera"
"3397",1916,"WB.6",NA,-83.47845,-83.42166,35.07382,35.02734,"LITU","Liriodendron tulipifera"
"3398",1916,"WB.4",NA,-83.47845,-83.42166,35.07382,35.02734,"LITU","Liriodendron tulipifera"
"3399",1916,"WB.5",NA,-83.47845,-83.42166,35.07382,35.02734,"LITU","Liriodendron tulipifera"
"3400",1916,"WB.2",NA,-83.47845,-83.42166,35.07382,35.02734,"LITU","Liriodendron tulipifera"
"3401",1916,"WB.3",NA,-83.47845,-83.42166,35.07382,35.02734,"LITU","Liriodendron tulipifera"
"3402",1916,"CB.8",2.359,-83.47845,-83.42166,35.07382,35.02734,"LITU","Liriodendron tulipifera"
"3403",1916,"RB.2",NA,-83.47845,-83.42166,35.07382,35.02734,"LITU","Liriodendron tulipifera"
"3404",1916,"RB.5",NA,-83.47845,-83.42166,35.07382,35.02734,"LITU","Liriodendron tulipifera"
"3405",1916,"RB.8",NA,-83.47845,-83.42166,35.07382,35.02734,"LITU","Liriodendron tulipifera"
"3406",1916,"RB.6",NA,-83.47845,-83.42166,35.07382,35.02734,"LITU","Liriodendron tulipifera"
"3407",1916,"RB.9",NA,-83.47845,-83.42166,35.07382,35.02734,"LITU","Liriodendron tulipifera"
"3408",1916,"RB.7",NA,-83.47845,-83.42166,35.07382,35.02734,"LITU","Liriodendron tulipifera"
"3409",1916,"RB.1",NA,-83.47845,-83.42166,35.07382,35.02734,"LITU","Liriodendron tulipifera"
"3410",1916,"HW.20",NA,-83.47845,-83.42166,35.07382,35.02734,"LITU","Liriodendron tulipifera"
"3411",1916,"HW.15",NA,-83.47845,-83.42166,35.07382,35.02734,"LITU","Liriodendron tulipifera"
"3412",1916,"HW.17",NA,-83.47845,-83.42166,35.07382,35.02734,"LITU","Liriodendron tulipifera"
"3413",1916,"HLC.17",3.258,-83.47845,-83.42166,35.07382,35.02734,"LITU","Liriodendron tulipifera"
"3414",1916,"HLC.18",NA,-83.47845,-83.42166,35.07382,35.02734,"LITU","Liriodendron tulipifera"
"3415",1916,"HLC.1",NA,-83.47845,-83.42166,35.07382,35.02734,"LITU","Liriodendron tulipifera"
"3416",1916,"USF.24",NA,-83.47845,-83.42166,35.07382,35.02734,"LITU","Liriodendron tulipifera"
"3417",1916,"BC.20",NA,-83.47845,-83.42166,35.07382,35.02734,"LITU","Liriodendron tulipifera"
"3418",1916,"CB.12",NA,-83.47845,-83.42166,35.07382,35.02734,"LITU","Liriodendron tulipifera"
"3419",1916,"HW.14",NA,-83.47845,-83.42166,35.07382,35.02734,"LITU","Liriodendron tulipifera"
"3420",1916,"pm.821",NA,-83.47845,-83.42166,35.07382,35.02734,"LITU","Liriodendron tulipifera"
"3421",1915,"BC1",NA,-83.47845,-83.42166,35.07382,35.02734,"LITU","Liriodendron tulipifera"
"3422",1915,"HC12",NA,-83.47845,-83.42166,35.07382,35.02734,"LITU","Liriodendron tulipifera"
"3423",1915,"HC13",NA,-83.47845,-83.42166,35.07382,35.02734,"LITU","Liriodendron tulipifera"
"3424",1915,"HC1",NA,-83.47845,-83.42166,35.07382,35.02734,"LITU","Liriodendron tulipifera"
"3425",1915,"BC2",0.267,-83.47845,-83.42166,35.07382,35.02734,"LITU","Liriodendron tulipifera"
"3426",1915,"HC2",NA,-83.47845,-83.42166,35.07382,35.02734,"LITU","Liriodendron tulipifera"
"3427",1915,"HCU.10",NA,-83.47845,-83.42166,35.07382,35.02734,"LITU","Liriodendron tulipifera"
"3428",1915,"HCU.1",NA,-83.47845,-83.42166,35.07382,35.02734,"LITU","Liriodendron tulipifera"
"3429",1915,"HCU.2",NA,-83.47845,-83.42166,35.07382,35.02734,"LITU","Liriodendron tulipifera"
"3430",1915,"HCU.3",NA,-83.47845,-83.42166,35.07382,35.02734,"LITU","Liriodendron tulipifera"
"3431",1915,"PB.9",NA,-83.47845,-83.42166,35.07382,35.02734,"LITU","Liriodendron tulipifera"
"3432",1915,"PB.1",NA,-83.47845,-83.42166,35.07382,35.02734,"LITU","Liriodendron tulipifera"
"3433",1915,"WB.6",NA,-83.47845,-83.42166,35.07382,35.02734,"LITU","Liriodendron tulipifera"
"3434",1915,"WB.4",NA,-83.47845,-83.42166,35.07382,35.02734,"LITU","Liriodendron tulipifera"
"3435",1915,"WB.5",NA,-83.47845,-83.42166,35.07382,35.02734,"LITU","Liriodendron tulipifera"
"3436",1915,"WB.2",NA,-83.47845,-83.42166,35.07382,35.02734,"LITU","Liriodendron tulipifera"
"3437",1915,"WB.3",NA,-83.47845,-83.42166,35.07382,35.02734,"LITU","Liriodendron tulipifera"
"3438",1915,"CB.8",1.576,-83.47845,-83.42166,35.07382,35.02734,"LITU","Liriodendron tulipifera"
"3439",1915,"RB.2",NA,-83.47845,-83.42166,35.07382,35.02734,"LITU","Liriodendron tulipifera"
"3440",1915,"RB.5",NA,-83.47845,-83.42166,35.07382,35.02734,"LITU","Liriodendron tulipifera"
"3441",1915,"RB.8",NA,-83.47845,-83.42166,35.07382,35.02734,"LITU","Liriodendron tulipifera"
"3442",1915,"RB.6",NA,-83.47845,-83.42166,35.07382,35.02734,"LITU","Liriodendron tulipifera"
"3443",1915,"RB.9",NA,-83.47845,-83.42166,35.07382,35.02734,"LITU","Liriodendron tulipifera"
"3444",1915,"RB.7",NA,-83.47845,-83.42166,35.07382,35.02734,"LITU","Liriodendron tulipifera"
"3445",1915,"RB.1",NA,-83.47845,-83.42166,35.07382,35.02734,"LITU","Liriodendron tulipifera"
"3446",1915,"HW.20",NA,-83.47845,-83.42166,35.07382,35.02734,"LITU","Liriodendron tulipifera"
"3447",1915,"HW.15",NA,-83.47845,-83.42166,35.07382,35.02734,"LITU","Liriodendron tulipifera"
"3448",1915,"HW.17",NA,-83.47845,-83.42166,35.07382,35.02734,"LITU","Liriodendron tulipifera"
"3449",1915,"HLC.17",3.642,-83.47845,-83.42166,35.07382,35.02734,"LITU","Liriodendron tulipifera"
"3450",1915,"HLC.18",NA,-83.47845,-83.42166,35.07382,35.02734,"LITU","Liriodendron tulipifera"
"3451",1915,"HLC.1",NA,-83.47845,-83.42166,35.07382,35.02734,"LITU","Liriodendron tulipifera"
"3452",1915,"USF.24",NA,-83.47845,-83.42166,35.07382,35.02734,"LITU","Liriodendron tulipifera"
"3453",1915,"BC.20",NA,-83.47845,-83.42166,35.07382,35.02734,"LITU","Liriodendron tulipifera"
"3454",1915,"CB.12",NA,-83.47845,-83.42166,35.07382,35.02734,"LITU","Liriodendron tulipifera"
"3455",1915,"HW.14",NA,-83.47845,-83.42166,35.07382,35.02734,"LITU","Liriodendron tulipifera"
"3456",1915,"pm.821",NA,-83.47845,-83.42166,35.07382,35.02734,"LITU","Liriodendron tulipifera"
"3457",1914,"BC1",NA,-83.47845,-83.42166,35.07382,35.02734,"LITU","Liriodendron tulipifera"
"3458",1914,"HC12",NA,-83.47845,-83.42166,35.07382,35.02734,"LITU","Liriodendron tulipifera"
"3459",1914,"HC13",NA,-83.47845,-83.42166,35.07382,35.02734,"LITU","Liriodendron tulipifera"
"3460",1914,"HC1",NA,-83.47845,-83.42166,35.07382,35.02734,"LITU","Liriodendron tulipifera"
"3461",1914,"BC2",0.206,-83.47845,-83.42166,35.07382,35.02734,"LITU","Liriodendron tulipifera"
"3462",1914,"HC2",NA,-83.47845,-83.42166,35.07382,35.02734,"LITU","Liriodendron tulipifera"
"3463",1914,"HCU.10",NA,-83.47845,-83.42166,35.07382,35.02734,"LITU","Liriodendron tulipifera"
"3464",1914,"HCU.1",NA,-83.47845,-83.42166,35.07382,35.02734,"LITU","Liriodendron tulipifera"
"3465",1914,"HCU.2",NA,-83.47845,-83.42166,35.07382,35.02734,"LITU","Liriodendron tulipifera"
"3466",1914,"HCU.3",NA,-83.47845,-83.42166,35.07382,35.02734,"LITU","Liriodendron tulipifera"
"3467",1914,"PB.9",NA,-83.47845,-83.42166,35.07382,35.02734,"LITU","Liriodendron tulipifera"
"3468",1914,"PB.1",NA,-83.47845,-83.42166,35.07382,35.02734,"LITU","Liriodendron tulipifera"
"3469",1914,"WB.6",NA,-83.47845,-83.42166,35.07382,35.02734,"LITU","Liriodendron tulipifera"
"3470",1914,"WB.4",NA,-83.47845,-83.42166,35.07382,35.02734,"LITU","Liriodendron tulipifera"
"3471",1914,"WB.5",NA,-83.47845,-83.42166,35.07382,35.02734,"LITU","Liriodendron tulipifera"
"3472",1914,"WB.2",NA,-83.47845,-83.42166,35.07382,35.02734,"LITU","Liriodendron tulipifera"
"3473",1914,"WB.3",NA,-83.47845,-83.42166,35.07382,35.02734,"LITU","Liriodendron tulipifera"
"3474",1914,"CB.8",1.833,-83.47845,-83.42166,35.07382,35.02734,"LITU","Liriodendron tulipifera"
"3475",1914,"RB.2",NA,-83.47845,-83.42166,35.07382,35.02734,"LITU","Liriodendron tulipifera"
"3476",1914,"RB.5",NA,-83.47845,-83.42166,35.07382,35.02734,"LITU","Liriodendron tulipifera"
"3477",1914,"RB.8",NA,-83.47845,-83.42166,35.07382,35.02734,"LITU","Liriodendron tulipifera"
"3478",1914,"RB.6",NA,-83.47845,-83.42166,35.07382,35.02734,"LITU","Liriodendron tulipifera"
"3479",1914,"RB.9",NA,-83.47845,-83.42166,35.07382,35.02734,"LITU","Liriodendron tulipifera"
"3480",1914,"RB.7",NA,-83.47845,-83.42166,35.07382,35.02734,"LITU","Liriodendron tulipifera"
"3481",1914,"RB.1",NA,-83.47845,-83.42166,35.07382,35.02734,"LITU","Liriodendron tulipifera"
"3482",1914,"HW.20",NA,-83.47845,-83.42166,35.07382,35.02734,"LITU","Liriodendron tulipifera"
"3483",1914,"HW.15",NA,-83.47845,-83.42166,35.07382,35.02734,"LITU","Liriodendron tulipifera"
"3484",1914,"HW.17",NA,-83.47845,-83.42166,35.07382,35.02734,"LITU","Liriodendron tulipifera"
"3485",1914,"HLC.17",3.572,-83.47845,-83.42166,35.07382,35.02734,"LITU","Liriodendron tulipifera"
"3486",1914,"HLC.18",NA,-83.47845,-83.42166,35.07382,35.02734,"LITU","Liriodendron tulipifera"
"3487",1914,"HLC.1",NA,-83.47845,-83.42166,35.07382,35.02734,"LITU","Liriodendron tulipifera"
"3488",1914,"USF.24",NA,-83.47845,-83.42166,35.07382,35.02734,"LITU","Liriodendron tulipifera"
"3489",1914,"BC.20",NA,-83.47845,-83.42166,35.07382,35.02734,"LITU","Liriodendron tulipifera"
"3490",1914,"CB.12",NA,-83.47845,-83.42166,35.07382,35.02734,"LITU","Liriodendron tulipifera"
"3491",1914,"HW.14",NA,-83.47845,-83.42166,35.07382,35.02734,"LITU","Liriodendron tulipifera"
"3492",1914,"pm.821",NA,-83.47845,-83.42166,35.07382,35.02734,"LITU","Liriodendron tulipifera"
"3493",1913,"BC1",NA,-83.47845,-83.42166,35.07382,35.02734,"LITU","Liriodendron tulipifera"
"3494",1913,"HC12",NA,-83.47845,-83.42166,35.07382,35.02734,"LITU","Liriodendron tulipifera"
"3495",1913,"HC13",NA,-83.47845,-83.42166,35.07382,35.02734,"LITU","Liriodendron tulipifera"
"3496",1913,"HC1",NA,-83.47845,-83.42166,35.07382,35.02734,"LITU","Liriodendron tulipifera"
"3497",1913,"BC2",0.373,-83.47845,-83.42166,35.07382,35.02734,"LITU","Liriodendron tulipifera"
"3498",1913,"HC2",NA,-83.47845,-83.42166,35.07382,35.02734,"LITU","Liriodendron tulipifera"
"3499",1913,"HCU.10",NA,-83.47845,-83.42166,35.07382,35.02734,"LITU","Liriodendron tulipifera"
"3500",1913,"HCU.1",NA,-83.47845,-83.42166,35.07382,35.02734,"LITU","Liriodendron tulipifera"
"3501",1913,"HCU.2",NA,-83.47845,-83.42166,35.07382,35.02734,"LITU","Liriodendron tulipifera"
"3502",1913,"HCU.3",NA,-83.47845,-83.42166,35.07382,35.02734,"LITU","Liriodendron tulipifera"
"3503",1913,"PB.9",NA,-83.47845,-83.42166,35.07382,35.02734,"LITU","Liriodendron tulipifera"
"3504",1913,"PB.1",NA,-83.47845,-83.42166,35.07382,35.02734,"LITU","Liriodendron tulipifera"
"3505",1913,"WB.6",NA,-83.47845,-83.42166,35.07382,35.02734,"LITU","Liriodendron tulipifera"
"3506",1913,"WB.4",NA,-83.47845,-83.42166,35.07382,35.02734,"LITU","Liriodendron tulipifera"
"3507",1913,"WB.5",NA,-83.47845,-83.42166,35.07382,35.02734,"LITU","Liriodendron tulipifera"
"3508",1913,"WB.2",NA,-83.47845,-83.42166,35.07382,35.02734,"LITU","Liriodendron tulipifera"
"3509",1913,"WB.3",NA,-83.47845,-83.42166,35.07382,35.02734,"LITU","Liriodendron tulipifera"
"3510",1913,"CB.8",2.823,-83.47845,-83.42166,35.07382,35.02734,"LITU","Liriodendron tulipifera"
"3511",1913,"RB.2",NA,-83.47845,-83.42166,35.07382,35.02734,"LITU","Liriodendron tulipifera"
"3512",1913,"RB.5",NA,-83.47845,-83.42166,35.07382,35.02734,"LITU","Liriodendron tulipifera"
"3513",1913,"RB.8",NA,-83.47845,-83.42166,35.07382,35.02734,"LITU","Liriodendron tulipifera"
"3514",1913,"RB.6",NA,-83.47845,-83.42166,35.07382,35.02734,"LITU","Liriodendron tulipifera"
"3515",1913,"RB.9",NA,-83.47845,-83.42166,35.07382,35.02734,"LITU","Liriodendron tulipifera"
"3516",1913,"RB.7",NA,-83.47845,-83.42166,35.07382,35.02734,"LITU","Liriodendron tulipifera"
"3517",1913,"RB.1",NA,-83.47845,-83.42166,35.07382,35.02734,"LITU","Liriodendron tulipifera"
"3518",1913,"HW.20",NA,-83.47845,-83.42166,35.07382,35.02734,"LITU","Liriodendron tulipifera"
"3519",1913,"HW.15",NA,-83.47845,-83.42166,35.07382,35.02734,"LITU","Liriodendron tulipifera"
"3520",1913,"HW.17",NA,-83.47845,-83.42166,35.07382,35.02734,"LITU","Liriodendron tulipifera"
"3521",1913,"HLC.17",5.64,-83.47845,-83.42166,35.07382,35.02734,"LITU","Liriodendron tulipifera"
"3522",1913,"HLC.18",NA,-83.47845,-83.42166,35.07382,35.02734,"LITU","Liriodendron tulipifera"
"3523",1913,"HLC.1",NA,-83.47845,-83.42166,35.07382,35.02734,"LITU","Liriodendron tulipifera"
"3524",1913,"USF.24",NA,-83.47845,-83.42166,35.07382,35.02734,"LITU","Liriodendron tulipifera"
"3525",1913,"BC.20",NA,-83.47845,-83.42166,35.07382,35.02734,"LITU","Liriodendron tulipifera"
"3526",1913,"CB.12",NA,-83.47845,-83.42166,35.07382,35.02734,"LITU","Liriodendron tulipifera"
"3527",1913,"HW.14",NA,-83.47845,-83.42166,35.07382,35.02734,"LITU","Liriodendron tulipifera"
"3528",1913,"pm.821",NA,-83.47845,-83.42166,35.07382,35.02734,"LITU","Liriodendron tulipifera"
"3529",1912,"BC1",NA,-83.47845,-83.42166,35.07382,35.02734,"LITU","Liriodendron tulipifera"
"3530",1912,"HC12",NA,-83.47845,-83.42166,35.07382,35.02734,"LITU","Liriodendron tulipifera"
"3531",1912,"HC13",NA,-83.47845,-83.42166,35.07382,35.02734,"LITU","Liriodendron tulipifera"
"3532",1912,"HC1",NA,-83.47845,-83.42166,35.07382,35.02734,"LITU","Liriodendron tulipifera"
"3533",1912,"BC2",0.429,-83.47845,-83.42166,35.07382,35.02734,"LITU","Liriodendron tulipifera"
"3534",1912,"HC2",NA,-83.47845,-83.42166,35.07382,35.02734,"LITU","Liriodendron tulipifera"
"3535",1912,"HCU.10",NA,-83.47845,-83.42166,35.07382,35.02734,"LITU","Liriodendron tulipifera"
"3536",1912,"HCU.1",NA,-83.47845,-83.42166,35.07382,35.02734,"LITU","Liriodendron tulipifera"
"3537",1912,"HCU.2",NA,-83.47845,-83.42166,35.07382,35.02734,"LITU","Liriodendron tulipifera"
"3538",1912,"HCU.3",NA,-83.47845,-83.42166,35.07382,35.02734,"LITU","Liriodendron tulipifera"
"3539",1912,"PB.9",NA,-83.47845,-83.42166,35.07382,35.02734,"LITU","Liriodendron tulipifera"
"3540",1912,"PB.1",NA,-83.47845,-83.42166,35.07382,35.02734,"LITU","Liriodendron tulipifera"
"3541",1912,"WB.6",NA,-83.47845,-83.42166,35.07382,35.02734,"LITU","Liriodendron tulipifera"
"3542",1912,"WB.4",NA,-83.47845,-83.42166,35.07382,35.02734,"LITU","Liriodendron tulipifera"
"3543",1912,"WB.5",NA,-83.47845,-83.42166,35.07382,35.02734,"LITU","Liriodendron tulipifera"
"3544",1912,"WB.2",NA,-83.47845,-83.42166,35.07382,35.02734,"LITU","Liriodendron tulipifera"
"3545",1912,"WB.3",NA,-83.47845,-83.42166,35.07382,35.02734,"LITU","Liriodendron tulipifera"
"3546",1912,"CB.8",NA,-83.47845,-83.42166,35.07382,35.02734,"LITU","Liriodendron tulipifera"
"3547",1912,"RB.2",NA,-83.47845,-83.42166,35.07382,35.02734,"LITU","Liriodendron tulipifera"
"3548",1912,"RB.5",NA,-83.47845,-83.42166,35.07382,35.02734,"LITU","Liriodendron tulipifera"
"3549",1912,"RB.8",NA,-83.47845,-83.42166,35.07382,35.02734,"LITU","Liriodendron tulipifera"
"3550",1912,"RB.6",NA,-83.47845,-83.42166,35.07382,35.02734,"LITU","Liriodendron tulipifera"
"3551",1912,"RB.9",NA,-83.47845,-83.42166,35.07382,35.02734,"LITU","Liriodendron tulipifera"
"3552",1912,"RB.7",NA,-83.47845,-83.42166,35.07382,35.02734,"LITU","Liriodendron tulipifera"
"3553",1912,"RB.1",NA,-83.47845,-83.42166,35.07382,35.02734,"LITU","Liriodendron tulipifera"
"3554",1912,"HW.20",NA,-83.47845,-83.42166,35.07382,35.02734,"LITU","Liriodendron tulipifera"
"3555",1912,"HW.15",NA,-83.47845,-83.42166,35.07382,35.02734,"LITU","Liriodendron tulipifera"
"3556",1912,"HW.17",NA,-83.47845,-83.42166,35.07382,35.02734,"LITU","Liriodendron tulipifera"
"3557",1912,"HLC.17",NA,-83.47845,-83.42166,35.07382,35.02734,"LITU","Liriodendron tulipifera"
"3558",1912,"HLC.18",NA,-83.47845,-83.42166,35.07382,35.02734,"LITU","Liriodendron tulipifera"
"3559",1912,"HLC.1",NA,-83.47845,-83.42166,35.07382,35.02734,"LITU","Liriodendron tulipifera"
"3560",1912,"USF.24",NA,-83.47845,-83.42166,35.07382,35.02734,"LITU","Liriodendron tulipifera"
"3561",1912,"BC.20",NA,-83.47845,-83.42166,35.07382,35.02734,"LITU","Liriodendron tulipifera"
"3562",1912,"CB.12",NA,-83.47845,-83.42166,35.07382,35.02734,"LITU","Liriodendron tulipifera"
"3563",1912,"HW.14",NA,-83.47845,-83.42166,35.07382,35.02734,"LITU","Liriodendron tulipifera"
"3564",1912,"pm.821",NA,-83.47845,-83.42166,35.07382,35.02734,"LITU","Liriodendron tulipifera"
"3565",1911,"BC1",NA,-83.47845,-83.42166,35.07382,35.02734,"LITU","Liriodendron tulipifera"
"3566",1911,"HC12",NA,-83.47845,-83.42166,35.07382,35.02734,"LITU","Liriodendron tulipifera"
"3567",1911,"HC13",NA,-83.47845,-83.42166,35.07382,35.02734,"LITU","Liriodendron tulipifera"
"3568",1911,"HC1",NA,-83.47845,-83.42166,35.07382,35.02734,"LITU","Liriodendron tulipifera"
"3569",1911,"BC2",0.381,-83.47845,-83.42166,35.07382,35.02734,"LITU","Liriodendron tulipifera"
"3570",1911,"HC2",NA,-83.47845,-83.42166,35.07382,35.02734,"LITU","Liriodendron tulipifera"
"3571",1911,"HCU.10",NA,-83.47845,-83.42166,35.07382,35.02734,"LITU","Liriodendron tulipifera"
"3572",1911,"HCU.1",NA,-83.47845,-83.42166,35.07382,35.02734,"LITU","Liriodendron tulipifera"
"3573",1911,"HCU.2",NA,-83.47845,-83.42166,35.07382,35.02734,"LITU","Liriodendron tulipifera"
"3574",1911,"HCU.3",NA,-83.47845,-83.42166,35.07382,35.02734,"LITU","Liriodendron tulipifera"
"3575",1911,"PB.9",NA,-83.47845,-83.42166,35.07382,35.02734,"LITU","Liriodendron tulipifera"
"3576",1911,"PB.1",NA,-83.47845,-83.42166,35.07382,35.02734,"LITU","Liriodendron tulipifera"
"3577",1911,"WB.6",NA,-83.47845,-83.42166,35.07382,35.02734,"LITU","Liriodendron tulipifera"
"3578",1911,"WB.4",NA,-83.47845,-83.42166,35.07382,35.02734,"LITU","Liriodendron tulipifera"
"3579",1911,"WB.5",NA,-83.47845,-83.42166,35.07382,35.02734,"LITU","Liriodendron tulipifera"
"3580",1911,"WB.2",NA,-83.47845,-83.42166,35.07382,35.02734,"LITU","Liriodendron tulipifera"
"3581",1911,"WB.3",NA,-83.47845,-83.42166,35.07382,35.02734,"LITU","Liriodendron tulipifera"
"3582",1911,"CB.8",NA,-83.47845,-83.42166,35.07382,35.02734,"LITU","Liriodendron tulipifera"
"3583",1911,"RB.2",NA,-83.47845,-83.42166,35.07382,35.02734,"LITU","Liriodendron tulipifera"
"3584",1911,"RB.5",NA,-83.47845,-83.42166,35.07382,35.02734,"LITU","Liriodendron tulipifera"
"3585",1911,"RB.8",NA,-83.47845,-83.42166,35.07382,35.02734,"LITU","Liriodendron tulipifera"
"3586",1911,"RB.6",NA,-83.47845,-83.42166,35.07382,35.02734,"LITU","Liriodendron tulipifera"
"3587",1911,"RB.9",NA,-83.47845,-83.42166,35.07382,35.02734,"LITU","Liriodendron tulipifera"
"3588",1911,"RB.7",NA,-83.47845,-83.42166,35.07382,35.02734,"LITU","Liriodendron tulipifera"
"3589",1911,"RB.1",NA,-83.47845,-83.42166,35.07382,35.02734,"LITU","Liriodendron tulipifera"
"3590",1911,"HW.20",NA,-83.47845,-83.42166,35.07382,35.02734,"LITU","Liriodendron tulipifera"
"3591",1911,"HW.15",NA,-83.47845,-83.42166,35.07382,35.02734,"LITU","Liriodendron tulipifera"
"3592",1911,"HW.17",NA,-83.47845,-83.42166,35.07382,35.02734,"LITU","Liriodendron tulipifera"
"3593",1911,"HLC.17",NA,-83.47845,-83.42166,35.07382,35.02734,"LITU","Liriodendron tulipifera"
"3594",1911,"HLC.18",NA,-83.47845,-83.42166,35.07382,35.02734,"LITU","Liriodendron tulipifera"
"3595",1911,"HLC.1",NA,-83.47845,-83.42166,35.07382,35.02734,"LITU","Liriodendron tulipifera"
"3596",1911,"USF.24",NA,-83.47845,-83.42166,35.07382,35.02734,"LITU","Liriodendron tulipifera"
"3597",1911,"BC.20",NA,-83.47845,-83.42166,35.07382,35.02734,"LITU","Liriodendron tulipifera"
"3598",1911,"CB.12",NA,-83.47845,-83.42166,35.07382,35.02734,"LITU","Liriodendron tulipifera"
"3599",1911,"HW.14",NA,-83.47845,-83.42166,35.07382,35.02734,"LITU","Liriodendron tulipifera"
"3600",1911,"pm.821",NA,-83.47845,-83.42166,35.07382,35.02734,"LITU","Liriodendron tulipifera"
"3601",1910,"BC1",NA,-83.47845,-83.42166,35.07382,35.02734,"LITU","Liriodendron tulipifera"
"3602",1910,"HC12",NA,-83.47845,-83.42166,35.07382,35.02734,"LITU","Liriodendron tulipifera"
"3603",1910,"HC13",NA,-83.47845,-83.42166,35.07382,35.02734,"LITU","Liriodendron tulipifera"
"3604",1910,"HC1",NA,-83.47845,-83.42166,35.07382,35.02734,"LITU","Liriodendron tulipifera"
"3605",1910,"BC2",0.675,-83.47845,-83.42166,35.07382,35.02734,"LITU","Liriodendron tulipifera"
"3606",1910,"HC2",NA,-83.47845,-83.42166,35.07382,35.02734,"LITU","Liriodendron tulipifera"
"3607",1910,"HCU.10",NA,-83.47845,-83.42166,35.07382,35.02734,"LITU","Liriodendron tulipifera"
"3608",1910,"HCU.1",NA,-83.47845,-83.42166,35.07382,35.02734,"LITU","Liriodendron tulipifera"
"3609",1910,"HCU.2",NA,-83.47845,-83.42166,35.07382,35.02734,"LITU","Liriodendron tulipifera"
"3610",1910,"HCU.3",NA,-83.47845,-83.42166,35.07382,35.02734,"LITU","Liriodendron tulipifera"
"3611",1910,"PB.9",NA,-83.47845,-83.42166,35.07382,35.02734,"LITU","Liriodendron tulipifera"
"3612",1910,"PB.1",NA,-83.47845,-83.42166,35.07382,35.02734,"LITU","Liriodendron tulipifera"
"3613",1910,"WB.6",NA,-83.47845,-83.42166,35.07382,35.02734,"LITU","Liriodendron tulipifera"
"3614",1910,"WB.4",NA,-83.47845,-83.42166,35.07382,35.02734,"LITU","Liriodendron tulipifera"
"3615",1910,"WB.5",NA,-83.47845,-83.42166,35.07382,35.02734,"LITU","Liriodendron tulipifera"
"3616",1910,"WB.2",NA,-83.47845,-83.42166,35.07382,35.02734,"LITU","Liriodendron tulipifera"
"3617",1910,"WB.3",NA,-83.47845,-83.42166,35.07382,35.02734,"LITU","Liriodendron tulipifera"
"3618",1910,"CB.8",NA,-83.47845,-83.42166,35.07382,35.02734,"LITU","Liriodendron tulipifera"
"3619",1910,"RB.2",NA,-83.47845,-83.42166,35.07382,35.02734,"LITU","Liriodendron tulipifera"
"3620",1910,"RB.5",NA,-83.47845,-83.42166,35.07382,35.02734,"LITU","Liriodendron tulipifera"
"3621",1910,"RB.8",NA,-83.47845,-83.42166,35.07382,35.02734,"LITU","Liriodendron tulipifera"
"3622",1910,"RB.6",NA,-83.47845,-83.42166,35.07382,35.02734,"LITU","Liriodendron tulipifera"
"3623",1910,"RB.9",NA,-83.47845,-83.42166,35.07382,35.02734,"LITU","Liriodendron tulipifera"
"3624",1910,"RB.7",NA,-83.47845,-83.42166,35.07382,35.02734,"LITU","Liriodendron tulipifera"
"3625",1910,"RB.1",NA,-83.47845,-83.42166,35.07382,35.02734,"LITU","Liriodendron tulipifera"
"3626",1910,"HW.20",NA,-83.47845,-83.42166,35.07382,35.02734,"LITU","Liriodendron tulipifera"
"3627",1910,"HW.15",NA,-83.47845,-83.42166,35.07382,35.02734,"LITU","Liriodendron tulipifera"
"3628",1910,"HW.17",NA,-83.47845,-83.42166,35.07382,35.02734,"LITU","Liriodendron tulipifera"
"3629",1910,"HLC.17",NA,-83.47845,-83.42166,35.07382,35.02734,"LITU","Liriodendron tulipifera"
"3630",1910,"HLC.18",NA,-83.47845,-83.42166,35.07382,35.02734,"LITU","Liriodendron tulipifera"
"3631",1910,"HLC.1",NA,-83.47845,-83.42166,35.07382,35.02734,"LITU","Liriodendron tulipifera"
"3632",1910,"USF.24",NA,-83.47845,-83.42166,35.07382,35.02734,"LITU","Liriodendron tulipifera"
"3633",1910,"BC.20",NA,-83.47845,-83.42166,35.07382,35.02734,"LITU","Liriodendron tulipifera"
"3634",1910,"CB.12",NA,-83.47845,-83.42166,35.07382,35.02734,"LITU","Liriodendron tulipifera"
"3635",1910,"HW.14",NA,-83.47845,-83.42166,35.07382,35.02734,"LITU","Liriodendron tulipifera"
"3636",1910,"pm.821",NA,-83.47845,-83.42166,35.07382,35.02734,"LITU","Liriodendron tulipifera"
"3637",1909,"BC1",NA,-83.47845,-83.42166,35.07382,35.02734,"LITU","Liriodendron tulipifera"
"3638",1909,"HC12",NA,-83.47845,-83.42166,35.07382,35.02734,"LITU","Liriodendron tulipifera"
"3639",1909,"HC13",NA,-83.47845,-83.42166,35.07382,35.02734,"LITU","Liriodendron tulipifera"
"3640",1909,"HC1",NA,-83.47845,-83.42166,35.07382,35.02734,"LITU","Liriodendron tulipifera"
"3641",1909,"BC2",0.541,-83.47845,-83.42166,35.07382,35.02734,"LITU","Liriodendron tulipifera"
"3642",1909,"HC2",NA,-83.47845,-83.42166,35.07382,35.02734,"LITU","Liriodendron tulipifera"
"3643",1909,"HCU.10",NA,-83.47845,-83.42166,35.07382,35.02734,"LITU","Liriodendron tulipifera"
"3644",1909,"HCU.1",NA,-83.47845,-83.42166,35.07382,35.02734,"LITU","Liriodendron tulipifera"
"3645",1909,"HCU.2",NA,-83.47845,-83.42166,35.07382,35.02734,"LITU","Liriodendron tulipifera"
"3646",1909,"HCU.3",NA,-83.47845,-83.42166,35.07382,35.02734,"LITU","Liriodendron tulipifera"
"3647",1909,"PB.9",NA,-83.47845,-83.42166,35.07382,35.02734,"LITU","Liriodendron tulipifera"
"3648",1909,"PB.1",NA,-83.47845,-83.42166,35.07382,35.02734,"LITU","Liriodendron tulipifera"
"3649",1909,"WB.6",NA,-83.47845,-83.42166,35.07382,35.02734,"LITU","Liriodendron tulipifera"
"3650",1909,"WB.4",NA,-83.47845,-83.42166,35.07382,35.02734,"LITU","Liriodendron tulipifera"
"3651",1909,"WB.5",NA,-83.47845,-83.42166,35.07382,35.02734,"LITU","Liriodendron tulipifera"
"3652",1909,"WB.2",NA,-83.47845,-83.42166,35.07382,35.02734,"LITU","Liriodendron tulipifera"
"3653",1909,"WB.3",NA,-83.47845,-83.42166,35.07382,35.02734,"LITU","Liriodendron tulipifera"
"3654",1909,"CB.8",NA,-83.47845,-83.42166,35.07382,35.02734,"LITU","Liriodendron tulipifera"
"3655",1909,"RB.2",NA,-83.47845,-83.42166,35.07382,35.02734,"LITU","Liriodendron tulipifera"
"3656",1909,"RB.5",NA,-83.47845,-83.42166,35.07382,35.02734,"LITU","Liriodendron tulipifera"
"3657",1909,"RB.8",NA,-83.47845,-83.42166,35.07382,35.02734,"LITU","Liriodendron tulipifera"
"3658",1909,"RB.6",NA,-83.47845,-83.42166,35.07382,35.02734,"LITU","Liriodendron tulipifera"
"3659",1909,"RB.9",NA,-83.47845,-83.42166,35.07382,35.02734,"LITU","Liriodendron tulipifera"
"3660",1909,"RB.7",NA,-83.47845,-83.42166,35.07382,35.02734,"LITU","Liriodendron tulipifera"
"3661",1909,"RB.1",NA,-83.47845,-83.42166,35.07382,35.02734,"LITU","Liriodendron tulipifera"
"3662",1909,"HW.20",NA,-83.47845,-83.42166,35.07382,35.02734,"LITU","Liriodendron tulipifera"
"3663",1909,"HW.15",NA,-83.47845,-83.42166,35.07382,35.02734,"LITU","Liriodendron tulipifera"
"3664",1909,"HW.17",NA,-83.47845,-83.42166,35.07382,35.02734,"LITU","Liriodendron tulipifera"
"3665",1909,"HLC.17",NA,-83.47845,-83.42166,35.07382,35.02734,"LITU","Liriodendron tulipifera"
"3666",1909,"HLC.18",NA,-83.47845,-83.42166,35.07382,35.02734,"LITU","Liriodendron tulipifera"
"3667",1909,"HLC.1",NA,-83.47845,-83.42166,35.07382,35.02734,"LITU","Liriodendron tulipifera"
"3668",1909,"USF.24",NA,-83.47845,-83.42166,35.07382,35.02734,"LITU","Liriodendron tulipifera"
"3669",1909,"BC.20",NA,-83.47845,-83.42166,35.07382,35.02734,"LITU","Liriodendron tulipifera"
"3670",1909,"CB.12",NA,-83.47845,-83.42166,35.07382,35.02734,"LITU","Liriodendron tulipifera"
"3671",1909,"HW.14",NA,-83.47845,-83.42166,35.07382,35.02734,"LITU","Liriodendron tulipifera"
"3672",1909,"pm.821",NA,-83.47845,-83.42166,35.07382,35.02734,"LITU","Liriodendron tulipifera"
"3673",1908,"BC1",NA,-83.47845,-83.42166,35.07382,35.02734,"LITU","Liriodendron tulipifera"
"3674",1908,"HC12",NA,-83.47845,-83.42166,35.07382,35.02734,"LITU","Liriodendron tulipifera"
"3675",1908,"HC13",NA,-83.47845,-83.42166,35.07382,35.02734,"LITU","Liriodendron tulipifera"
"3676",1908,"HC1",NA,-83.47845,-83.42166,35.07382,35.02734,"LITU","Liriodendron tulipifera"
"3677",1908,"BC2",1.101,-83.47845,-83.42166,35.07382,35.02734,"LITU","Liriodendron tulipifera"
"3678",1908,"HC2",NA,-83.47845,-83.42166,35.07382,35.02734,"LITU","Liriodendron tulipifera"
"3679",1908,"HCU.10",NA,-83.47845,-83.42166,35.07382,35.02734,"LITU","Liriodendron tulipifera"
"3680",1908,"HCU.1",NA,-83.47845,-83.42166,35.07382,35.02734,"LITU","Liriodendron tulipifera"
"3681",1908,"HCU.2",NA,-83.47845,-83.42166,35.07382,35.02734,"LITU","Liriodendron tulipifera"
"3682",1908,"HCU.3",NA,-83.47845,-83.42166,35.07382,35.02734,"LITU","Liriodendron tulipifera"
"3683",1908,"PB.9",NA,-83.47845,-83.42166,35.07382,35.02734,"LITU","Liriodendron tulipifera"
"3684",1908,"PB.1",NA,-83.47845,-83.42166,35.07382,35.02734,"LITU","Liriodendron tulipifera"
"3685",1908,"WB.6",NA,-83.47845,-83.42166,35.07382,35.02734,"LITU","Liriodendron tulipifera"
"3686",1908,"WB.4",NA,-83.47845,-83.42166,35.07382,35.02734,"LITU","Liriodendron tulipifera"
"3687",1908,"WB.5",NA,-83.47845,-83.42166,35.07382,35.02734,"LITU","Liriodendron tulipifera"
"3688",1908,"WB.2",NA,-83.47845,-83.42166,35.07382,35.02734,"LITU","Liriodendron tulipifera"
"3689",1908,"WB.3",NA,-83.47845,-83.42166,35.07382,35.02734,"LITU","Liriodendron tulipifera"
"3690",1908,"CB.8",NA,-83.47845,-83.42166,35.07382,35.02734,"LITU","Liriodendron tulipifera"
"3691",1908,"RB.2",NA,-83.47845,-83.42166,35.07382,35.02734,"LITU","Liriodendron tulipifera"
"3692",1908,"RB.5",NA,-83.47845,-83.42166,35.07382,35.02734,"LITU","Liriodendron tulipifera"
"3693",1908,"RB.8",NA,-83.47845,-83.42166,35.07382,35.02734,"LITU","Liriodendron tulipifera"
"3694",1908,"RB.6",NA,-83.47845,-83.42166,35.07382,35.02734,"LITU","Liriodendron tulipifera"
"3695",1908,"RB.9",NA,-83.47845,-83.42166,35.07382,35.02734,"LITU","Liriodendron tulipifera"
"3696",1908,"RB.7",NA,-83.47845,-83.42166,35.07382,35.02734,"LITU","Liriodendron tulipifera"
"3697",1908,"RB.1",NA,-83.47845,-83.42166,35.07382,35.02734,"LITU","Liriodendron tulipifera"
"3698",1908,"HW.20",NA,-83.47845,-83.42166,35.07382,35.02734,"LITU","Liriodendron tulipifera"
"3699",1908,"HW.15",NA,-83.47845,-83.42166,35.07382,35.02734,"LITU","Liriodendron tulipifera"
"3700",1908,"HW.17",NA,-83.47845,-83.42166,35.07382,35.02734,"LITU","Liriodendron tulipifera"
"3701",1908,"HLC.17",NA,-83.47845,-83.42166,35.07382,35.02734,"LITU","Liriodendron tulipifera"
"3702",1908,"HLC.18",NA,-83.47845,-83.42166,35.07382,35.02734,"LITU","Liriodendron tulipifera"
"3703",1908,"HLC.1",NA,-83.47845,-83.42166,35.07382,35.02734,"LITU","Liriodendron tulipifera"
"3704",1908,"USF.24",NA,-83.47845,-83.42166,35.07382,35.02734,"LITU","Liriodendron tulipifera"
"3705",1908,"BC.20",NA,-83.47845,-83.42166,35.07382,35.02734,"LITU","Liriodendron tulipifera"
"3706",1908,"CB.12",NA,-83.47845,-83.42166,35.07382,35.02734,"LITU","Liriodendron tulipifera"
"3707",1908,"HW.14",NA,-83.47845,-83.42166,35.07382,35.02734,"LITU","Liriodendron tulipifera"
"3708",1908,"pm.821",NA,-83.47845,-83.42166,35.07382,35.02734,"LITU","Liriodendron tulipifera"
"3709",1907,"BC1",NA,-83.47845,-83.42166,35.07382,35.02734,"LITU","Liriodendron tulipifera"
"3710",1907,"HC12",NA,-83.47845,-83.42166,35.07382,35.02734,"LITU","Liriodendron tulipifera"
"3711",1907,"HC13",NA,-83.47845,-83.42166,35.07382,35.02734,"LITU","Liriodendron tulipifera"
"3712",1907,"HC1",NA,-83.47845,-83.42166,35.07382,35.02734,"LITU","Liriodendron tulipifera"
"3713",1907,"BC2",0.897,-83.47845,-83.42166,35.07382,35.02734,"LITU","Liriodendron tulipifera"
"3714",1907,"HC2",NA,-83.47845,-83.42166,35.07382,35.02734,"LITU","Liriodendron tulipifera"
"3715",1907,"HCU.10",NA,-83.47845,-83.42166,35.07382,35.02734,"LITU","Liriodendron tulipifera"
"3716",1907,"HCU.1",NA,-83.47845,-83.42166,35.07382,35.02734,"LITU","Liriodendron tulipifera"
"3717",1907,"HCU.2",NA,-83.47845,-83.42166,35.07382,35.02734,"LITU","Liriodendron tulipifera"
"3718",1907,"HCU.3",NA,-83.47845,-83.42166,35.07382,35.02734,"LITU","Liriodendron tulipifera"
"3719",1907,"PB.9",NA,-83.47845,-83.42166,35.07382,35.02734,"LITU","Liriodendron tulipifera"
"3720",1907,"PB.1",NA,-83.47845,-83.42166,35.07382,35.02734,"LITU","Liriodendron tulipifera"
"3721",1907,"WB.6",NA,-83.47845,-83.42166,35.07382,35.02734,"LITU","Liriodendron tulipifera"
"3722",1907,"WB.4",NA,-83.47845,-83.42166,35.07382,35.02734,"LITU","Liriodendron tulipifera"
"3723",1907,"WB.5",NA,-83.47845,-83.42166,35.07382,35.02734,"LITU","Liriodendron tulipifera"
"3724",1907,"WB.2",NA,-83.47845,-83.42166,35.07382,35.02734,"LITU","Liriodendron tulipifera"
"3725",1907,"WB.3",NA,-83.47845,-83.42166,35.07382,35.02734,"LITU","Liriodendron tulipifera"
"3726",1907,"CB.8",NA,-83.47845,-83.42166,35.07382,35.02734,"LITU","Liriodendron tulipifera"
"3727",1907,"RB.2",NA,-83.47845,-83.42166,35.07382,35.02734,"LITU","Liriodendron tulipifera"
"3728",1907,"RB.5",NA,-83.47845,-83.42166,35.07382,35.02734,"LITU","Liriodendron tulipifera"
"3729",1907,"RB.8",NA,-83.47845,-83.42166,35.07382,35.02734,"LITU","Liriodendron tulipifera"
"3730",1907,"RB.6",NA,-83.47845,-83.42166,35.07382,35.02734,"LITU","Liriodendron tulipifera"
"3731",1907,"RB.9",NA,-83.47845,-83.42166,35.07382,35.02734,"LITU","Liriodendron tulipifera"
"3732",1907,"RB.7",NA,-83.47845,-83.42166,35.07382,35.02734,"LITU","Liriodendron tulipifera"
"3733",1907,"RB.1",NA,-83.47845,-83.42166,35.07382,35.02734,"LITU","Liriodendron tulipifera"
"3734",1907,"HW.20",NA,-83.47845,-83.42166,35.07382,35.02734,"LITU","Liriodendron tulipifera"
"3735",1907,"HW.15",NA,-83.47845,-83.42166,35.07382,35.02734,"LITU","Liriodendron tulipifera"
"3736",1907,"HW.17",NA,-83.47845,-83.42166,35.07382,35.02734,"LITU","Liriodendron tulipifera"
"3737",1907,"HLC.17",NA,-83.47845,-83.42166,35.07382,35.02734,"LITU","Liriodendron tulipifera"
"3738",1907,"HLC.18",NA,-83.47845,-83.42166,35.07382,35.02734,"LITU","Liriodendron tulipifera"
"3739",1907,"HLC.1",NA,-83.47845,-83.42166,35.07382,35.02734,"LITU","Liriodendron tulipifera"
"3740",1907,"USF.24",NA,-83.47845,-83.42166,35.07382,35.02734,"LITU","Liriodendron tulipifera"
"3741",1907,"BC.20",NA,-83.47845,-83.42166,35.07382,35.02734,"LITU","Liriodendron tulipifera"
"3742",1907,"CB.12",NA,-83.47845,-83.42166,35.07382,35.02734,"LITU","Liriodendron tulipifera"
"3743",1907,"HW.14",NA,-83.47845,-83.42166,35.07382,35.02734,"LITU","Liriodendron tulipifera"
"3744",1907,"pm.821",NA,-83.47845,-83.42166,35.07382,35.02734,"LITU","Liriodendron tulipifera"
"3745",1906,"BC1",NA,-83.47845,-83.42166,35.07382,35.02734,"LITU","Liriodendron tulipifera"
"3746",1906,"HC12",NA,-83.47845,-83.42166,35.07382,35.02734,"LITU","Liriodendron tulipifera"
"3747",1906,"HC13",NA,-83.47845,-83.42166,35.07382,35.02734,"LITU","Liriodendron tulipifera"
"3748",1906,"HC1",NA,-83.47845,-83.42166,35.07382,35.02734,"LITU","Liriodendron tulipifera"
"3749",1906,"BC2",1.216,-83.47845,-83.42166,35.07382,35.02734,"LITU","Liriodendron tulipifera"
"3750",1906,"HC2",NA,-83.47845,-83.42166,35.07382,35.02734,"LITU","Liriodendron tulipifera"
"3751",1906,"HCU.10",NA,-83.47845,-83.42166,35.07382,35.02734,"LITU","Liriodendron tulipifera"
"3752",1906,"HCU.1",NA,-83.47845,-83.42166,35.07382,35.02734,"LITU","Liriodendron tulipifera"
"3753",1906,"HCU.2",NA,-83.47845,-83.42166,35.07382,35.02734,"LITU","Liriodendron tulipifera"
"3754",1906,"HCU.3",NA,-83.47845,-83.42166,35.07382,35.02734,"LITU","Liriodendron tulipifera"
"3755",1906,"PB.9",NA,-83.47845,-83.42166,35.07382,35.02734,"LITU","Liriodendron tulipifera"
"3756",1906,"PB.1",NA,-83.47845,-83.42166,35.07382,35.02734,"LITU","Liriodendron tulipifera"
"3757",1906,"WB.6",NA,-83.47845,-83.42166,35.07382,35.02734,"LITU","Liriodendron tulipifera"
"3758",1906,"WB.4",NA,-83.47845,-83.42166,35.07382,35.02734,"LITU","Liriodendron tulipifera"
"3759",1906,"WB.5",NA,-83.47845,-83.42166,35.07382,35.02734,"LITU","Liriodendron tulipifera"
"3760",1906,"WB.2",NA,-83.47845,-83.42166,35.07382,35.02734,"LITU","Liriodendron tulipifera"
"3761",1906,"WB.3",NA,-83.47845,-83.42166,35.07382,35.02734,"LITU","Liriodendron tulipifera"
"3762",1906,"CB.8",NA,-83.47845,-83.42166,35.07382,35.02734,"LITU","Liriodendron tulipifera"
"3763",1906,"RB.2",NA,-83.47845,-83.42166,35.07382,35.02734,"LITU","Liriodendron tulipifera"
"3764",1906,"RB.5",NA,-83.47845,-83.42166,35.07382,35.02734,"LITU","Liriodendron tulipifera"
"3765",1906,"RB.8",NA,-83.47845,-83.42166,35.07382,35.02734,"LITU","Liriodendron tulipifera"
"3766",1906,"RB.6",NA,-83.47845,-83.42166,35.07382,35.02734,"LITU","Liriodendron tulipifera"
"3767",1906,"RB.9",NA,-83.47845,-83.42166,35.07382,35.02734,"LITU","Liriodendron tulipifera"
"3768",1906,"RB.7",NA,-83.47845,-83.42166,35.07382,35.02734,"LITU","Liriodendron tulipifera"
"3769",1906,"RB.1",NA,-83.47845,-83.42166,35.07382,35.02734,"LITU","Liriodendron tulipifera"
"3770",1906,"HW.20",NA,-83.47845,-83.42166,35.07382,35.02734,"LITU","Liriodendron tulipifera"
"3771",1906,"HW.15",NA,-83.47845,-83.42166,35.07382,35.02734,"LITU","Liriodendron tulipifera"
"3772",1906,"HW.17",NA,-83.47845,-83.42166,35.07382,35.02734,"LITU","Liriodendron tulipifera"
"3773",1906,"HLC.17",NA,-83.47845,-83.42166,35.07382,35.02734,"LITU","Liriodendron tulipifera"
"3774",1906,"HLC.18",NA,-83.47845,-83.42166,35.07382,35.02734,"LITU","Liriodendron tulipifera"
"3775",1906,"HLC.1",NA,-83.47845,-83.42166,35.07382,35.02734,"LITU","Liriodendron tulipifera"
"3776",1906,"USF.24",NA,-83.47845,-83.42166,35.07382,35.02734,"LITU","Liriodendron tulipifera"
"3777",1906,"BC.20",NA,-83.47845,-83.42166,35.07382,35.02734,"LITU","Liriodendron tulipifera"
"3778",1906,"CB.12",NA,-83.47845,-83.42166,35.07382,35.02734,"LITU","Liriodendron tulipifera"
"3779",1906,"HW.14",NA,-83.47845,-83.42166,35.07382,35.02734,"LITU","Liriodendron tulipifera"
"3780",1906,"pm.821",NA,-83.47845,-83.42166,35.07382,35.02734,"LITU","Liriodendron tulipifera"
"3781",1905,"BC1",NA,-83.47845,-83.42166,35.07382,35.02734,"LITU","Liriodendron tulipifera"
"3782",1905,"HC12",NA,-83.47845,-83.42166,35.07382,35.02734,"LITU","Liriodendron tulipifera"
"3783",1905,"HC13",NA,-83.47845,-83.42166,35.07382,35.02734,"LITU","Liriodendron tulipifera"
"3784",1905,"HC1",NA,-83.47845,-83.42166,35.07382,35.02734,"LITU","Liriodendron tulipifera"
"3785",1905,"BC2",0.547,-83.47845,-83.42166,35.07382,35.02734,"LITU","Liriodendron tulipifera"
"3786",1905,"HC2",NA,-83.47845,-83.42166,35.07382,35.02734,"LITU","Liriodendron tulipifera"
"3787",1905,"HCU.10",NA,-83.47845,-83.42166,35.07382,35.02734,"LITU","Liriodendron tulipifera"
"3788",1905,"HCU.1",NA,-83.47845,-83.42166,35.07382,35.02734,"LITU","Liriodendron tulipifera"
"3789",1905,"HCU.2",NA,-83.47845,-83.42166,35.07382,35.02734,"LITU","Liriodendron tulipifera"
"3790",1905,"HCU.3",NA,-83.47845,-83.42166,35.07382,35.02734,"LITU","Liriodendron tulipifera"
"3791",1905,"PB.9",NA,-83.47845,-83.42166,35.07382,35.02734,"LITU","Liriodendron tulipifera"
"3792",1905,"PB.1",NA,-83.47845,-83.42166,35.07382,35.02734,"LITU","Liriodendron tulipifera"
"3793",1905,"WB.6",NA,-83.47845,-83.42166,35.07382,35.02734,"LITU","Liriodendron tulipifera"
"3794",1905,"WB.4",NA,-83.47845,-83.42166,35.07382,35.02734,"LITU","Liriodendron tulipifera"
"3795",1905,"WB.5",NA,-83.47845,-83.42166,35.07382,35.02734,"LITU","Liriodendron tulipifera"
"3796",1905,"WB.2",NA,-83.47845,-83.42166,35.07382,35.02734,"LITU","Liriodendron tulipifera"
"3797",1905,"WB.3",NA,-83.47845,-83.42166,35.07382,35.02734,"LITU","Liriodendron tulipifera"
"3798",1905,"CB.8",NA,-83.47845,-83.42166,35.07382,35.02734,"LITU","Liriodendron tulipifera"
"3799",1905,"RB.2",NA,-83.47845,-83.42166,35.07382,35.02734,"LITU","Liriodendron tulipifera"
"3800",1905,"RB.5",NA,-83.47845,-83.42166,35.07382,35.02734,"LITU","Liriodendron tulipifera"
"3801",1905,"RB.8",NA,-83.47845,-83.42166,35.07382,35.02734,"LITU","Liriodendron tulipifera"
"3802",1905,"RB.6",NA,-83.47845,-83.42166,35.07382,35.02734,"LITU","Liriodendron tulipifera"
"3803",1905,"RB.9",NA,-83.47845,-83.42166,35.07382,35.02734,"LITU","Liriodendron tulipifera"
"3804",1905,"RB.7",NA,-83.47845,-83.42166,35.07382,35.02734,"LITU","Liriodendron tulipifera"
"3805",1905,"RB.1",NA,-83.47845,-83.42166,35.07382,35.02734,"LITU","Liriodendron tulipifera"
"3806",1905,"HW.20",NA,-83.47845,-83.42166,35.07382,35.02734,"LITU","Liriodendron tulipifera"
"3807",1905,"HW.15",NA,-83.47845,-83.42166,35.07382,35.02734,"LITU","Liriodendron tulipifera"
"3808",1905,"HW.17",NA,-83.47845,-83.42166,35.07382,35.02734,"LITU","Liriodendron tulipifera"
"3809",1905,"HLC.17",NA,-83.47845,-83.42166,35.07382,35.02734,"LITU","Liriodendron tulipifera"
"3810",1905,"HLC.18",NA,-83.47845,-83.42166,35.07382,35.02734,"LITU","Liriodendron tulipifera"
"3811",1905,"HLC.1",NA,-83.47845,-83.42166,35.07382,35.02734,"LITU","Liriodendron tulipifera"
"3812",1905,"USF.24",NA,-83.47845,-83.42166,35.07382,35.02734,"LITU","Liriodendron tulipifera"
"3813",1905,"BC.20",NA,-83.47845,-83.42166,35.07382,35.02734,"LITU","Liriodendron tulipifera"
"3814",1905,"CB.12",NA,-83.47845,-83.42166,35.07382,35.02734,"LITU","Liriodendron tulipifera"
"3815",1905,"HW.14",NA,-83.47845,-83.42166,35.07382,35.02734,"LITU","Liriodendron tulipifera"
"3816",1905,"pm.821",NA,-83.47845,-83.42166,35.07382,35.02734,"LITU","Liriodendron tulipifera"
"3817",1904,"BC1",NA,-83.47845,-83.42166,35.07382,35.02734,"LITU","Liriodendron tulipifera"
"3818",1904,"HC12",NA,-83.47845,-83.42166,35.07382,35.02734,"LITU","Liriodendron tulipifera"
"3819",1904,"HC13",NA,-83.47845,-83.42166,35.07382,35.02734,"LITU","Liriodendron tulipifera"
"3820",1904,"HC1",NA,-83.47845,-83.42166,35.07382,35.02734,"LITU","Liriodendron tulipifera"
"3821",1904,"BC2",0.138,-83.47845,-83.42166,35.07382,35.02734,"LITU","Liriodendron tulipifera"
"3822",1904,"HC2",NA,-83.47845,-83.42166,35.07382,35.02734,"LITU","Liriodendron tulipifera"
"3823",1904,"HCU.10",NA,-83.47845,-83.42166,35.07382,35.02734,"LITU","Liriodendron tulipifera"
"3824",1904,"HCU.1",NA,-83.47845,-83.42166,35.07382,35.02734,"LITU","Liriodendron tulipifera"
"3825",1904,"HCU.2",NA,-83.47845,-83.42166,35.07382,35.02734,"LITU","Liriodendron tulipifera"
"3826",1904,"HCU.3",NA,-83.47845,-83.42166,35.07382,35.02734,"LITU","Liriodendron tulipifera"
"3827",1904,"PB.9",NA,-83.47845,-83.42166,35.07382,35.02734,"LITU","Liriodendron tulipifera"
"3828",1904,"PB.1",NA,-83.47845,-83.42166,35.07382,35.02734,"LITU","Liriodendron tulipifera"
"3829",1904,"WB.6",NA,-83.47845,-83.42166,35.07382,35.02734,"LITU","Liriodendron tulipifera"
"3830",1904,"WB.4",NA,-83.47845,-83.42166,35.07382,35.02734,"LITU","Liriodendron tulipifera"
"3831",1904,"WB.5",NA,-83.47845,-83.42166,35.07382,35.02734,"LITU","Liriodendron tulipifera"
"3832",1904,"WB.2",NA,-83.47845,-83.42166,35.07382,35.02734,"LITU","Liriodendron tulipifera"
"3833",1904,"WB.3",NA,-83.47845,-83.42166,35.07382,35.02734,"LITU","Liriodendron tulipifera"
"3834",1904,"CB.8",NA,-83.47845,-83.42166,35.07382,35.02734,"LITU","Liriodendron tulipifera"
"3835",1904,"RB.2",NA,-83.47845,-83.42166,35.07382,35.02734,"LITU","Liriodendron tulipifera"
"3836",1904,"RB.5",NA,-83.47845,-83.42166,35.07382,35.02734,"LITU","Liriodendron tulipifera"
"3837",1904,"RB.8",NA,-83.47845,-83.42166,35.07382,35.02734,"LITU","Liriodendron tulipifera"
"3838",1904,"RB.6",NA,-83.47845,-83.42166,35.07382,35.02734,"LITU","Liriodendron tulipifera"
"3839",1904,"RB.9",NA,-83.47845,-83.42166,35.07382,35.02734,"LITU","Liriodendron tulipifera"
"3840",1904,"RB.7",NA,-83.47845,-83.42166,35.07382,35.02734,"LITU","Liriodendron tulipifera"
"3841",1904,"RB.1",NA,-83.47845,-83.42166,35.07382,35.02734,"LITU","Liriodendron tulipifera"
"3842",1904,"HW.20",NA,-83.47845,-83.42166,35.07382,35.02734,"LITU","Liriodendron tulipifera"
"3843",1904,"HW.15",NA,-83.47845,-83.42166,35.07382,35.02734,"LITU","Liriodendron tulipifera"
"3844",1904,"HW.17",NA,-83.47845,-83.42166,35.07382,35.02734,"LITU","Liriodendron tulipifera"
"3845",1904,"HLC.17",NA,-83.47845,-83.42166,35.07382,35.02734,"LITU","Liriodendron tulipifera"
"3846",1904,"HLC.18",NA,-83.47845,-83.42166,35.07382,35.02734,"LITU","Liriodendron tulipifera"
"3847",1904,"HLC.1",NA,-83.47845,-83.42166,35.07382,35.02734,"LITU","Liriodendron tulipifera"
"3848",1904,"USF.24",NA,-83.47845,-83.42166,35.07382,35.02734,"LITU","Liriodendron tulipifera"
"3849",1904,"BC.20",NA,-83.47845,-83.42166,35.07382,35.02734,"LITU","Liriodendron tulipifera"
"3850",1904,"CB.12",NA,-83.47845,-83.42166,35.07382,35.02734,"LITU","Liriodendron tulipifera"
"3851",1904,"HW.14",NA,-83.47845,-83.42166,35.07382,35.02734,"LITU","Liriodendron tulipifera"
"3852",1904,"pm.821",NA,-83.47845,-83.42166,35.07382,35.02734,"LITU","Liriodendron tulipifera"
"3853",1903,"BC1",NA,-83.47845,-83.42166,35.07382,35.02734,"LITU","Liriodendron tulipifera"
"3854",1903,"HC12",NA,-83.47845,-83.42166,35.07382,35.02734,"LITU","Liriodendron tulipifera"
"3855",1903,"HC13",NA,-83.47845,-83.42166,35.07382,35.02734,"LITU","Liriodendron tulipifera"
"3856",1903,"HC1",NA,-83.47845,-83.42166,35.07382,35.02734,"LITU","Liriodendron tulipifera"
"3857",1903,"BC2",0.319,-83.47845,-83.42166,35.07382,35.02734,"LITU","Liriodendron tulipifera"
"3858",1903,"HC2",NA,-83.47845,-83.42166,35.07382,35.02734,"LITU","Liriodendron tulipifera"
"3859",1903,"HCU.10",NA,-83.47845,-83.42166,35.07382,35.02734,"LITU","Liriodendron tulipifera"
"3860",1903,"HCU.1",NA,-83.47845,-83.42166,35.07382,35.02734,"LITU","Liriodendron tulipifera"
"3861",1903,"HCU.2",NA,-83.47845,-83.42166,35.07382,35.02734,"LITU","Liriodendron tulipifera"
"3862",1903,"HCU.3",NA,-83.47845,-83.42166,35.07382,35.02734,"LITU","Liriodendron tulipifera"
"3863",1903,"PB.9",NA,-83.47845,-83.42166,35.07382,35.02734,"LITU","Liriodendron tulipifera"
"3864",1903,"PB.1",NA,-83.47845,-83.42166,35.07382,35.02734,"LITU","Liriodendron tulipifera"
"3865",1903,"WB.6",NA,-83.47845,-83.42166,35.07382,35.02734,"LITU","Liriodendron tulipifera"
"3866",1903,"WB.4",NA,-83.47845,-83.42166,35.07382,35.02734,"LITU","Liriodendron tulipifera"
"3867",1903,"WB.5",NA,-83.47845,-83.42166,35.07382,35.02734,"LITU","Liriodendron tulipifera"
"3868",1903,"WB.2",NA,-83.47845,-83.42166,35.07382,35.02734,"LITU","Liriodendron tulipifera"
"3869",1903,"WB.3",NA,-83.47845,-83.42166,35.07382,35.02734,"LITU","Liriodendron tulipifera"
"3870",1903,"CB.8",NA,-83.47845,-83.42166,35.07382,35.02734,"LITU","Liriodendron tulipifera"
"3871",1903,"RB.2",NA,-83.47845,-83.42166,35.07382,35.02734,"LITU","Liriodendron tulipifera"
"3872",1903,"RB.5",NA,-83.47845,-83.42166,35.07382,35.02734,"LITU","Liriodendron tulipifera"
"3873",1903,"RB.8",NA,-83.47845,-83.42166,35.07382,35.02734,"LITU","Liriodendron tulipifera"
"3874",1903,"RB.6",NA,-83.47845,-83.42166,35.07382,35.02734,"LITU","Liriodendron tulipifera"
"3875",1903,"RB.9",NA,-83.47845,-83.42166,35.07382,35.02734,"LITU","Liriodendron tulipifera"
"3876",1903,"RB.7",NA,-83.47845,-83.42166,35.07382,35.02734,"LITU","Liriodendron tulipifera"
"3877",1903,"RB.1",NA,-83.47845,-83.42166,35.07382,35.02734,"LITU","Liriodendron tulipifera"
"3878",1903,"HW.20",NA,-83.47845,-83.42166,35.07382,35.02734,"LITU","Liriodendron tulipifera"
"3879",1903,"HW.15",NA,-83.47845,-83.42166,35.07382,35.02734,"LITU","Liriodendron tulipifera"
"3880",1903,"HW.17",NA,-83.47845,-83.42166,35.07382,35.02734,"LITU","Liriodendron tulipifera"
"3881",1903,"HLC.17",NA,-83.47845,-83.42166,35.07382,35.02734,"LITU","Liriodendron tulipifera"
"3882",1903,"HLC.18",NA,-83.47845,-83.42166,35.07382,35.02734,"LITU","Liriodendron tulipifera"
"3883",1903,"HLC.1",NA,-83.47845,-83.42166,35.07382,35.02734,"LITU","Liriodendron tulipifera"
"3884",1903,"USF.24",NA,-83.47845,-83.42166,35.07382,35.02734,"LITU","Liriodendron tulipifera"
"3885",1903,"BC.20",NA,-83.47845,-83.42166,35.07382,35.02734,"LITU","Liriodendron tulipifera"
"3886",1903,"CB.12",NA,-83.47845,-83.42166,35.07382,35.02734,"LITU","Liriodendron tulipifera"
"3887",1903,"HW.14",NA,-83.47845,-83.42166,35.07382,35.02734,"LITU","Liriodendron tulipifera"
"3888",1903,"pm.821",NA,-83.47845,-83.42166,35.07382,35.02734,"LITU","Liriodendron tulipifera"
"3889",1902,"BC1",NA,-83.47845,-83.42166,35.07382,35.02734,"LITU","Liriodendron tulipifera"
"3890",1902,"HC12",NA,-83.47845,-83.42166,35.07382,35.02734,"LITU","Liriodendron tulipifera"
"3891",1902,"HC13",NA,-83.47845,-83.42166,35.07382,35.02734,"LITU","Liriodendron tulipifera"
"3892",1902,"HC1",NA,-83.47845,-83.42166,35.07382,35.02734,"LITU","Liriodendron tulipifera"
"3893",1902,"BC2",0.216,-83.47845,-83.42166,35.07382,35.02734,"LITU","Liriodendron tulipifera"
"3894",1902,"HC2",NA,-83.47845,-83.42166,35.07382,35.02734,"LITU","Liriodendron tulipifera"
"3895",1902,"HCU.10",NA,-83.47845,-83.42166,35.07382,35.02734,"LITU","Liriodendron tulipifera"
"3896",1902,"HCU.1",NA,-83.47845,-83.42166,35.07382,35.02734,"LITU","Liriodendron tulipifera"
"3897",1902,"HCU.2",NA,-83.47845,-83.42166,35.07382,35.02734,"LITU","Liriodendron tulipifera"
"3898",1902,"HCU.3",NA,-83.47845,-83.42166,35.07382,35.02734,"LITU","Liriodendron tulipifera"
"3899",1902,"PB.9",NA,-83.47845,-83.42166,35.07382,35.02734,"LITU","Liriodendron tulipifera"
"3900",1902,"PB.1",NA,-83.47845,-83.42166,35.07382,35.02734,"LITU","Liriodendron tulipifera"
"3901",1902,"WB.6",NA,-83.47845,-83.42166,35.07382,35.02734,"LITU","Liriodendron tulipifera"
"3902",1902,"WB.4",NA,-83.47845,-83.42166,35.07382,35.02734,"LITU","Liriodendron tulipifera"
"3903",1902,"WB.5",NA,-83.47845,-83.42166,35.07382,35.02734,"LITU","Liriodendron tulipifera"
"3904",1902,"WB.2",NA,-83.47845,-83.42166,35.07382,35.02734,"LITU","Liriodendron tulipifera"
"3905",1902,"WB.3",NA,-83.47845,-83.42166,35.07382,35.02734,"LITU","Liriodendron tulipifera"
"3906",1902,"CB.8",NA,-83.47845,-83.42166,35.07382,35.02734,"LITU","Liriodendron tulipifera"
"3907",1902,"RB.2",NA,-83.47845,-83.42166,35.07382,35.02734,"LITU","Liriodendron tulipifera"
"3908",1902,"RB.5",NA,-83.47845,-83.42166,35.07382,35.02734,"LITU","Liriodendron tulipifera"
"3909",1902,"RB.8",NA,-83.47845,-83.42166,35.07382,35.02734,"LITU","Liriodendron tulipifera"
"3910",1902,"RB.6",NA,-83.47845,-83.42166,35.07382,35.02734,"LITU","Liriodendron tulipifera"
"3911",1902,"RB.9",NA,-83.47845,-83.42166,35.07382,35.02734,"LITU","Liriodendron tulipifera"
"3912",1902,"RB.7",NA,-83.47845,-83.42166,35.07382,35.02734,"LITU","Liriodendron tulipifera"
"3913",1902,"RB.1",NA,-83.47845,-83.42166,35.07382,35.02734,"LITU","Liriodendron tulipifera"
"3914",1902,"HW.20",NA,-83.47845,-83.42166,35.07382,35.02734,"LITU","Liriodendron tulipifera"
"3915",1902,"HW.15",NA,-83.47845,-83.42166,35.07382,35.02734,"LITU","Liriodendron tulipifera"
"3916",1902,"HW.17",NA,-83.47845,-83.42166,35.07382,35.02734,"LITU","Liriodendron tulipifera"
"3917",1902,"HLC.17",NA,-83.47845,-83.42166,35.07382,35.02734,"LITU","Liriodendron tulipifera"
"3918",1902,"HLC.18",NA,-83.47845,-83.42166,35.07382,35.02734,"LITU","Liriodendron tulipifera"
"3919",1902,"HLC.1",NA,-83.47845,-83.42166,35.07382,35.02734,"LITU","Liriodendron tulipifera"
"3920",1902,"USF.24",NA,-83.47845,-83.42166,35.07382,35.02734,"LITU","Liriodendron tulipifera"
"3921",1902,"BC.20",NA,-83.47845,-83.42166,35.07382,35.02734,"LITU","Liriodendron tulipifera"
"3922",1902,"CB.12",NA,-83.47845,-83.42166,35.07382,35.02734,"LITU","Liriodendron tulipifera"
"3923",1902,"HW.14",NA,-83.47845,-83.42166,35.07382,35.02734,"LITU","Liriodendron tulipifera"
"3924",1902,"pm.821",NA,-83.47845,-83.42166,35.07382,35.02734,"LITU","Liriodendron tulipifera"
"3925",1901,"BC1",NA,-83.47845,-83.42166,35.07382,35.02734,"LITU","Liriodendron tulipifera"
"3926",1901,"HC12",NA,-83.47845,-83.42166,35.07382,35.02734,"LITU","Liriodendron tulipifera"
"3927",1901,"HC13",NA,-83.47845,-83.42166,35.07382,35.02734,"LITU","Liriodendron tulipifera"
"3928",1901,"HC1",NA,-83.47845,-83.42166,35.07382,35.02734,"LITU","Liriodendron tulipifera"
"3929",1901,"BC2",0.289,-83.47845,-83.42166,35.07382,35.02734,"LITU","Liriodendron tulipifera"
"3930",1901,"HC2",NA,-83.47845,-83.42166,35.07382,35.02734,"LITU","Liriodendron tulipifera"
"3931",1901,"HCU.10",NA,-83.47845,-83.42166,35.07382,35.02734,"LITU","Liriodendron tulipifera"
"3932",1901,"HCU.1",NA,-83.47845,-83.42166,35.07382,35.02734,"LITU","Liriodendron tulipifera"
"3933",1901,"HCU.2",NA,-83.47845,-83.42166,35.07382,35.02734,"LITU","Liriodendron tulipifera"
"3934",1901,"HCU.3",NA,-83.47845,-83.42166,35.07382,35.02734,"LITU","Liriodendron tulipifera"
"3935",1901,"PB.9",NA,-83.47845,-83.42166,35.07382,35.02734,"LITU","Liriodendron tulipifera"
"3936",1901,"PB.1",NA,-83.47845,-83.42166,35.07382,35.02734,"LITU","Liriodendron tulipifera"
"3937",1901,"WB.6",NA,-83.47845,-83.42166,35.07382,35.02734,"LITU","Liriodendron tulipifera"
"3938",1901,"WB.4",NA,-83.47845,-83.42166,35.07382,35.02734,"LITU","Liriodendron tulipifera"
"3939",1901,"WB.5",NA,-83.47845,-83.42166,35.07382,35.02734,"LITU","Liriodendron tulipifera"
"3940",1901,"WB.2",NA,-83.47845,-83.42166,35.07382,35.02734,"LITU","Liriodendron tulipifera"
"3941",1901,"WB.3",NA,-83.47845,-83.42166,35.07382,35.02734,"LITU","Liriodendron tulipifera"
"3942",1901,"CB.8",NA,-83.47845,-83.42166,35.07382,35.02734,"LITU","Liriodendron tulipifera"
"3943",1901,"RB.2",NA,-83.47845,-83.42166,35.07382,35.02734,"LITU","Liriodendron tulipifera"
"3944",1901,"RB.5",NA,-83.47845,-83.42166,35.07382,35.02734,"LITU","Liriodendron tulipifera"
"3945",1901,"RB.8",NA,-83.47845,-83.42166,35.07382,35.02734,"LITU","Liriodendron tulipifera"
"3946",1901,"RB.6",NA,-83.47845,-83.42166,35.07382,35.02734,"LITU","Liriodendron tulipifera"
"3947",1901,"RB.9",NA,-83.47845,-83.42166,35.07382,35.02734,"LITU","Liriodendron tulipifera"
"3948",1901,"RB.7",NA,-83.47845,-83.42166,35.07382,35.02734,"LITU","Liriodendron tulipifera"
"3949",1901,"RB.1",NA,-83.47845,-83.42166,35.07382,35.02734,"LITU","Liriodendron tulipifera"
"3950",1901,"HW.20",NA,-83.47845,-83.42166,35.07382,35.02734,"LITU","Liriodendron tulipifera"
"3951",1901,"HW.15",NA,-83.47845,-83.42166,35.07382,35.02734,"LITU","Liriodendron tulipifera"
"3952",1901,"HW.17",NA,-83.47845,-83.42166,35.07382,35.02734,"LITU","Liriodendron tulipifera"
"3953",1901,"HLC.17",NA,-83.47845,-83.42166,35.07382,35.02734,"LITU","Liriodendron tulipifera"
"3954",1901,"HLC.18",NA,-83.47845,-83.42166,35.07382,35.02734,"LITU","Liriodendron tulipifera"
"3955",1901,"HLC.1",NA,-83.47845,-83.42166,35.07382,35.02734,"LITU","Liriodendron tulipifera"
"3956",1901,"USF.24",NA,-83.47845,-83.42166,35.07382,35.02734,"LITU","Liriodendron tulipifera"
"3957",1901,"BC.20",NA,-83.47845,-83.42166,35.07382,35.02734,"LITU","Liriodendron tulipifera"
"3958",1901,"CB.12",NA,-83.47845,-83.42166,35.07382,35.02734,"LITU","Liriodendron tulipifera"
"3959",1901,"HW.14",NA,-83.47845,-83.42166,35.07382,35.02734,"LITU","Liriodendron tulipifera"
"3960",1901,"pm.821",NA,-83.47845,-83.42166,35.07382,35.02734,"LITU","Liriodendron tulipifera"
"3961",1900,"BC1",NA,-83.47845,-83.42166,35.07382,35.02734,"LITU","Liriodendron tulipifera"
"3962",1900,"HC12",NA,-83.47845,-83.42166,35.07382,35.02734,"LITU","Liriodendron tulipifera"
"3963",1900,"HC13",NA,-83.47845,-83.42166,35.07382,35.02734,"LITU","Liriodendron tulipifera"
"3964",1900,"HC1",NA,-83.47845,-83.42166,35.07382,35.02734,"LITU","Liriodendron tulipifera"
"3965",1900,"BC2",0.17,-83.47845,-83.42166,35.07382,35.02734,"LITU","Liriodendron tulipifera"
"3966",1900,"HC2",NA,-83.47845,-83.42166,35.07382,35.02734,"LITU","Liriodendron tulipifera"
"3967",1900,"HCU.10",NA,-83.47845,-83.42166,35.07382,35.02734,"LITU","Liriodendron tulipifera"
"3968",1900,"HCU.1",NA,-83.47845,-83.42166,35.07382,35.02734,"LITU","Liriodendron tulipifera"
"3969",1900,"HCU.2",NA,-83.47845,-83.42166,35.07382,35.02734,"LITU","Liriodendron tulipifera"
"3970",1900,"HCU.3",NA,-83.47845,-83.42166,35.07382,35.02734,"LITU","Liriodendron tulipifera"
"3971",1900,"PB.9",NA,-83.47845,-83.42166,35.07382,35.02734,"LITU","Liriodendron tulipifera"
"3972",1900,"PB.1",NA,-83.47845,-83.42166,35.07382,35.02734,"LITU","Liriodendron tulipifera"
"3973",1900,"WB.6",NA,-83.47845,-83.42166,35.07382,35.02734,"LITU","Liriodendron tulipifera"
"3974",1900,"WB.4",NA,-83.47845,-83.42166,35.07382,35.02734,"LITU","Liriodendron tulipifera"
"3975",1900,"WB.5",NA,-83.47845,-83.42166,35.07382,35.02734,"LITU","Liriodendron tulipifera"
"3976",1900,"WB.2",NA,-83.47845,-83.42166,35.07382,35.02734,"LITU","Liriodendron tulipifera"
"3977",1900,"WB.3",NA,-83.47845,-83.42166,35.07382,35.02734,"LITU","Liriodendron tulipifera"
"3978",1900,"CB.8",NA,-83.47845,-83.42166,35.07382,35.02734,"LITU","Liriodendron tulipifera"
"3979",1900,"RB.2",NA,-83.47845,-83.42166,35.07382,35.02734,"LITU","Liriodendron tulipifera"
"3980",1900,"RB.5",NA,-83.47845,-83.42166,35.07382,35.02734,"LITU","Liriodendron tulipifera"
"3981",1900,"RB.8",NA,-83.47845,-83.42166,35.07382,35.02734,"LITU","Liriodendron tulipifera"
"3982",1900,"RB.6",NA,-83.47845,-83.42166,35.07382,35.02734,"LITU","Liriodendron tulipifera"
"3983",1900,"RB.9",NA,-83.47845,-83.42166,35.07382,35.02734,"LITU","Liriodendron tulipifera"
"3984",1900,"RB.7",NA,-83.47845,-83.42166,35.07382,35.02734,"LITU","Liriodendron tulipifera"
"3985",1900,"RB.1",NA,-83.47845,-83.42166,35.07382,35.02734,"LITU","Liriodendron tulipifera"
"3986",1900,"HW.20",NA,-83.47845,-83.42166,35.07382,35.02734,"LITU","Liriodendron tulipifera"
"3987",1900,"HW.15",NA,-83.47845,-83.42166,35.07382,35.02734,"LITU","Liriodendron tulipifera"
"3988",1900,"HW.17",NA,-83.47845,-83.42166,35.07382,35.02734,"LITU","Liriodendron tulipifera"
"3989",1900,"HLC.17",NA,-83.47845,-83.42166,35.07382,35.02734,"LITU","Liriodendron tulipifera"
"3990",1900,"HLC.18",NA,-83.47845,-83.42166,35.07382,35.02734,"LITU","Liriodendron tulipifera"
"3991",1900,"HLC.1",NA,-83.47845,-83.42166,35.07382,35.02734,"LITU","Liriodendron tulipifera"
"3992",1900,"USF.24",NA,-83.47845,-83.42166,35.07382,35.02734,"LITU","Liriodendron tulipifera"
"3993",1900,"BC.20",NA,-83.47845,-83.42166,35.07382,35.02734,"LITU","Liriodendron tulipifera"
"3994",1900,"CB.12",NA,-83.47845,-83.42166,35.07382,35.02734,"LITU","Liriodendron tulipifera"
"3995",1900,"HW.14",NA,-83.47845,-83.42166,35.07382,35.02734,"LITU","Liriodendron tulipifera"
"3996",1900,"pm.821",NA,-83.47845,-83.42166,35.07382,35.02734,"LITU","Liriodendron tulipifera"
"3997",1899,"BC1",NA,-83.47845,-83.42166,35.07382,35.02734,"LITU","Liriodendron tulipifera"
"3998",1899,"HC12",NA,-83.47845,-83.42166,35.07382,35.02734,"LITU","Liriodendron tulipifera"
"3999",1899,"HC13",NA,-83.47845,-83.42166,35.07382,35.02734,"LITU","Liriodendron tulipifera"
"4000",1899,"HC1",NA,-83.47845,-83.42166,35.07382,35.02734,"LITU","Liriodendron tulipifera"
"4001",1899,"BC2",0.13,-83.47845,-83.42166,35.07382,35.02734,"LITU","Liriodendron tulipifera"
"4002",1899,"HC2",NA,-83.47845,-83.42166,35.07382,35.02734,"LITU","Liriodendron tulipifera"
"4003",1899,"HCU.10",NA,-83.47845,-83.42166,35.07382,35.02734,"LITU","Liriodendron tulipifera"
"4004",1899,"HCU.1",NA,-83.47845,-83.42166,35.07382,35.02734,"LITU","Liriodendron tulipifera"
"4005",1899,"HCU.2",NA,-83.47845,-83.42166,35.07382,35.02734,"LITU","Liriodendron tulipifera"
"4006",1899,"HCU.3",NA,-83.47845,-83.42166,35.07382,35.02734,"LITU","Liriodendron tulipifera"
"4007",1899,"PB.9",NA,-83.47845,-83.42166,35.07382,35.02734,"LITU","Liriodendron tulipifera"
"4008",1899,"PB.1",NA,-83.47845,-83.42166,35.07382,35.02734,"LITU","Liriodendron tulipifera"
"4009",1899,"WB.6",NA,-83.47845,-83.42166,35.07382,35.02734,"LITU","Liriodendron tulipifera"
"4010",1899,"WB.4",NA,-83.47845,-83.42166,35.07382,35.02734,"LITU","Liriodendron tulipifera"
"4011",1899,"WB.5",NA,-83.47845,-83.42166,35.07382,35.02734,"LITU","Liriodendron tulipifera"
"4012",1899,"WB.2",NA,-83.47845,-83.42166,35.07382,35.02734,"LITU","Liriodendron tulipifera"
"4013",1899,"WB.3",NA,-83.47845,-83.42166,35.07382,35.02734,"LITU","Liriodendron tulipifera"
"4014",1899,"CB.8",NA,-83.47845,-83.42166,35.07382,35.02734,"LITU","Liriodendron tulipifera"
"4015",1899,"RB.2",NA,-83.47845,-83.42166,35.07382,35.02734,"LITU","Liriodendron tulipifera"
"4016",1899,"RB.5",NA,-83.47845,-83.42166,35.07382,35.02734,"LITU","Liriodendron tulipifera"
"4017",1899,"RB.8",NA,-83.47845,-83.42166,35.07382,35.02734,"LITU","Liriodendron tulipifera"
"4018",1899,"RB.6",NA,-83.47845,-83.42166,35.07382,35.02734,"LITU","Liriodendron tulipifera"
"4019",1899,"RB.9",NA,-83.47845,-83.42166,35.07382,35.02734,"LITU","Liriodendron tulipifera"
"4020",1899,"RB.7",NA,-83.47845,-83.42166,35.07382,35.02734,"LITU","Liriodendron tulipifera"
"4021",1899,"RB.1",NA,-83.47845,-83.42166,35.07382,35.02734,"LITU","Liriodendron tulipifera"
"4022",1899,"HW.20",NA,-83.47845,-83.42166,35.07382,35.02734,"LITU","Liriodendron tulipifera"
"4023",1899,"HW.15",NA,-83.47845,-83.42166,35.07382,35.02734,"LITU","Liriodendron tulipifera"
"4024",1899,"HW.17",NA,-83.47845,-83.42166,35.07382,35.02734,"LITU","Liriodendron tulipifera"
"4025",1899,"HLC.17",NA,-83.47845,-83.42166,35.07382,35.02734,"LITU","Liriodendron tulipifera"
"4026",1899,"HLC.18",NA,-83.47845,-83.42166,35.07382,35.02734,"LITU","Liriodendron tulipifera"
"4027",1899,"HLC.1",NA,-83.47845,-83.42166,35.07382,35.02734,"LITU","Liriodendron tulipifera"
"4028",1899,"USF.24",NA,-83.47845,-83.42166,35.07382,35.02734,"LITU","Liriodendron tulipifera"
"4029",1899,"BC.20",NA,-83.47845,-83.42166,35.07382,35.02734,"LITU","Liriodendron tulipifera"
"4030",1899,"CB.12",NA,-83.47845,-83.42166,35.07382,35.02734,"LITU","Liriodendron tulipifera"
"4031",1899,"HW.14",NA,-83.47845,-83.42166,35.07382,35.02734,"LITU","Liriodendron tulipifera"
"4032",1899,"pm.821",NA,-83.47845,-83.42166,35.07382,35.02734,"LITU","Liriodendron tulipifera"
"4033",1898,"BC1",NA,-83.47845,-83.42166,35.07382,35.02734,"LITU","Liriodendron tulipifera"
"4034",1898,"HC12",NA,-83.47845,-83.42166,35.07382,35.02734,"LITU","Liriodendron tulipifera"
"4035",1898,"HC13",NA,-83.47845,-83.42166,35.07382,35.02734,"LITU","Liriodendron tulipifera"
"4036",1898,"HC1",NA,-83.47845,-83.42166,35.07382,35.02734,"LITU","Liriodendron tulipifera"
"4037",1898,"BC2",0.197,-83.47845,-83.42166,35.07382,35.02734,"LITU","Liriodendron tulipifera"
"4038",1898,"HC2",NA,-83.47845,-83.42166,35.07382,35.02734,"LITU","Liriodendron tulipifera"
"4039",1898,"HCU.10",NA,-83.47845,-83.42166,35.07382,35.02734,"LITU","Liriodendron tulipifera"
"4040",1898,"HCU.1",NA,-83.47845,-83.42166,35.07382,35.02734,"LITU","Liriodendron tulipifera"
"4041",1898,"HCU.2",NA,-83.47845,-83.42166,35.07382,35.02734,"LITU","Liriodendron tulipifera"
"4042",1898,"HCU.3",NA,-83.47845,-83.42166,35.07382,35.02734,"LITU","Liriodendron tulipifera"
"4043",1898,"PB.9",NA,-83.47845,-83.42166,35.07382,35.02734,"LITU","Liriodendron tulipifera"
"4044",1898,"PB.1",NA,-83.47845,-83.42166,35.07382,35.02734,"LITU","Liriodendron tulipifera"
"4045",1898,"WB.6",NA,-83.47845,-83.42166,35.07382,35.02734,"LITU","Liriodendron tulipifera"
"4046",1898,"WB.4",NA,-83.47845,-83.42166,35.07382,35.02734,"LITU","Liriodendron tulipifera"
"4047",1898,"WB.5",NA,-83.47845,-83.42166,35.07382,35.02734,"LITU","Liriodendron tulipifera"
"4048",1898,"WB.2",NA,-83.47845,-83.42166,35.07382,35.02734,"LITU","Liriodendron tulipifera"
"4049",1898,"WB.3",NA,-83.47845,-83.42166,35.07382,35.02734,"LITU","Liriodendron tulipifera"
"4050",1898,"CB.8",NA,-83.47845,-83.42166,35.07382,35.02734,"LITU","Liriodendron tulipifera"
"4051",1898,"RB.2",NA,-83.47845,-83.42166,35.07382,35.02734,"LITU","Liriodendron tulipifera"
"4052",1898,"RB.5",NA,-83.47845,-83.42166,35.07382,35.02734,"LITU","Liriodendron tulipifera"
"4053",1898,"RB.8",NA,-83.47845,-83.42166,35.07382,35.02734,"LITU","Liriodendron tulipifera"
"4054",1898,"RB.6",NA,-83.47845,-83.42166,35.07382,35.02734,"LITU","Liriodendron tulipifera"
"4055",1898,"RB.9",NA,-83.47845,-83.42166,35.07382,35.02734,"LITU","Liriodendron tulipifera"
"4056",1898,"RB.7",NA,-83.47845,-83.42166,35.07382,35.02734,"LITU","Liriodendron tulipifera"
"4057",1898,"RB.1",NA,-83.47845,-83.42166,35.07382,35.02734,"LITU","Liriodendron tulipifera"
"4058",1898,"HW.20",NA,-83.47845,-83.42166,35.07382,35.02734,"LITU","Liriodendron tulipifera"
"4059",1898,"HW.15",NA,-83.47845,-83.42166,35.07382,35.02734,"LITU","Liriodendron tulipifera"
"4060",1898,"HW.17",NA,-83.47845,-83.42166,35.07382,35.02734,"LITU","Liriodendron tulipifera"
"4061",1898,"HLC.17",NA,-83.47845,-83.42166,35.07382,35.02734,"LITU","Liriodendron tulipifera"
"4062",1898,"HLC.18",NA,-83.47845,-83.42166,35.07382,35.02734,"LITU","Liriodendron tulipifera"
"4063",1898,"HLC.1",NA,-83.47845,-83.42166,35.07382,35.02734,"LITU","Liriodendron tulipifera"
"4064",1898,"USF.24",NA,-83.47845,-83.42166,35.07382,35.02734,"LITU","Liriodendron tulipifera"
"4065",1898,"BC.20",NA,-83.47845,-83.42166,35.07382,35.02734,"LITU","Liriodendron tulipifera"
"4066",1898,"CB.12",NA,-83.47845,-83.42166,35.07382,35.02734,"LITU","Liriodendron tulipifera"
"4067",1898,"HW.14",NA,-83.47845,-83.42166,35.07382,35.02734,"LITU","Liriodendron tulipifera"
"4068",1898,"pm.821",NA,-83.47845,-83.42166,35.07382,35.02734,"LITU","Liriodendron tulipifera"
"4069",1897,"BC1",NA,-83.47845,-83.42166,35.07382,35.02734,"LITU","Liriodendron tulipifera"
"4070",1897,"HC12",NA,-83.47845,-83.42166,35.07382,35.02734,"LITU","Liriodendron tulipifera"
"4071",1897,"HC13",NA,-83.47845,-83.42166,35.07382,35.02734,"LITU","Liriodendron tulipifera"
"4072",1897,"HC1",NA,-83.47845,-83.42166,35.07382,35.02734,"LITU","Liriodendron tulipifera"
"4073",1897,"BC2",0.328,-83.47845,-83.42166,35.07382,35.02734,"LITU","Liriodendron tulipifera"
"4074",1897,"HC2",NA,-83.47845,-83.42166,35.07382,35.02734,"LITU","Liriodendron tulipifera"
"4075",1897,"HCU.10",NA,-83.47845,-83.42166,35.07382,35.02734,"LITU","Liriodendron tulipifera"
"4076",1897,"HCU.1",NA,-83.47845,-83.42166,35.07382,35.02734,"LITU","Liriodendron tulipifera"
"4077",1897,"HCU.2",NA,-83.47845,-83.42166,35.07382,35.02734,"LITU","Liriodendron tulipifera"
"4078",1897,"HCU.3",NA,-83.47845,-83.42166,35.07382,35.02734,"LITU","Liriodendron tulipifera"
"4079",1897,"PB.9",NA,-83.47845,-83.42166,35.07382,35.02734,"LITU","Liriodendron tulipifera"
"4080",1897,"PB.1",NA,-83.47845,-83.42166,35.07382,35.02734,"LITU","Liriodendron tulipifera"
"4081",1897,"WB.6",NA,-83.47845,-83.42166,35.07382,35.02734,"LITU","Liriodendron tulipifera"
"4082",1897,"WB.4",NA,-83.47845,-83.42166,35.07382,35.02734,"LITU","Liriodendron tulipifera"
"4083",1897,"WB.5",NA,-83.47845,-83.42166,35.07382,35.02734,"LITU","Liriodendron tulipifera"
"4084",1897,"WB.2",NA,-83.47845,-83.42166,35.07382,35.02734,"LITU","Liriodendron tulipifera"
"4085",1897,"WB.3",NA,-83.47845,-83.42166,35.07382,35.02734,"LITU","Liriodendron tulipifera"
"4086",1897,"CB.8",NA,-83.47845,-83.42166,35.07382,35.02734,"LITU","Liriodendron tulipifera"
"4087",1897,"RB.2",NA,-83.47845,-83.42166,35.07382,35.02734,"LITU","Liriodendron tulipifera"
"4088",1897,"RB.5",NA,-83.47845,-83.42166,35.07382,35.02734,"LITU","Liriodendron tulipifera"
"4089",1897,"RB.8",NA,-83.47845,-83.42166,35.07382,35.02734,"LITU","Liriodendron tulipifera"
"4090",1897,"RB.6",NA,-83.47845,-83.42166,35.07382,35.02734,"LITU","Liriodendron tulipifera"
"4091",1897,"RB.9",NA,-83.47845,-83.42166,35.07382,35.02734,"LITU","Liriodendron tulipifera"
"4092",1897,"RB.7",NA,-83.47845,-83.42166,35.07382,35.02734,"LITU","Liriodendron tulipifera"
"4093",1897,"RB.1",NA,-83.47845,-83.42166,35.07382,35.02734,"LITU","Liriodendron tulipifera"
"4094",1897,"HW.20",NA,-83.47845,-83.42166,35.07382,35.02734,"LITU","Liriodendron tulipifera"
"4095",1897,"HW.15",NA,-83.47845,-83.42166,35.07382,35.02734,"LITU","Liriodendron tulipifera"
"4096",1897,"HW.17",NA,-83.47845,-83.42166,35.07382,35.02734,"LITU","Liriodendron tulipifera"
"4097",1897,"HLC.17",NA,-83.47845,-83.42166,35.07382,35.02734,"LITU","Liriodendron tulipifera"
"4098",1897,"HLC.18",NA,-83.47845,-83.42166,35.07382,35.02734,"LITU","Liriodendron tulipifera"
"4099",1897,"HLC.1",NA,-83.47845,-83.42166,35.07382,35.02734,"LITU","Liriodendron tulipifera"
"4100",1897,"USF.24",NA,-83.47845,-83.42166,35.07382,35.02734,"LITU","Liriodendron tulipifera"
"4101",1897,"BC.20",NA,-83.47845,-83.42166,35.07382,35.02734,"LITU","Liriodendron tulipifera"
"4102",1897,"CB.12",NA,-83.47845,-83.42166,35.07382,35.02734,"LITU","Liriodendron tulipifera"
"4103",1897,"HW.14",NA,-83.47845,-83.42166,35.07382,35.02734,"LITU","Liriodendron tulipifera"
"4104",1897,"pm.821",NA,-83.47845,-83.42166,35.07382,35.02734,"LITU","Liriodendron tulipifera"
"4105",1896,"BC1",NA,-83.47845,-83.42166,35.07382,35.02734,"LITU","Liriodendron tulipifera"
"4106",1896,"HC12",NA,-83.47845,-83.42166,35.07382,35.02734,"LITU","Liriodendron tulipifera"
"4107",1896,"HC13",NA,-83.47845,-83.42166,35.07382,35.02734,"LITU","Liriodendron tulipifera"
"4108",1896,"HC1",NA,-83.47845,-83.42166,35.07382,35.02734,"LITU","Liriodendron tulipifera"
"4109",1896,"BC2",0.312,-83.47845,-83.42166,35.07382,35.02734,"LITU","Liriodendron tulipifera"
"4110",1896,"HC2",NA,-83.47845,-83.42166,35.07382,35.02734,"LITU","Liriodendron tulipifera"
"4111",1896,"HCU.10",NA,-83.47845,-83.42166,35.07382,35.02734,"LITU","Liriodendron tulipifera"
"4112",1896,"HCU.1",NA,-83.47845,-83.42166,35.07382,35.02734,"LITU","Liriodendron tulipifera"
"4113",1896,"HCU.2",NA,-83.47845,-83.42166,35.07382,35.02734,"LITU","Liriodendron tulipifera"
"4114",1896,"HCU.3",NA,-83.47845,-83.42166,35.07382,35.02734,"LITU","Liriodendron tulipifera"
"4115",1896,"PB.9",NA,-83.47845,-83.42166,35.07382,35.02734,"LITU","Liriodendron tulipifera"
"4116",1896,"PB.1",NA,-83.47845,-83.42166,35.07382,35.02734,"LITU","Liriodendron tulipifera"
"4117",1896,"WB.6",NA,-83.47845,-83.42166,35.07382,35.02734,"LITU","Liriodendron tulipifera"
"4118",1896,"WB.4",NA,-83.47845,-83.42166,35.07382,35.02734,"LITU","Liriodendron tulipifera"
"4119",1896,"WB.5",NA,-83.47845,-83.42166,35.07382,35.02734,"LITU","Liriodendron tulipifera"
"4120",1896,"WB.2",NA,-83.47845,-83.42166,35.07382,35.02734,"LITU","Liriodendron tulipifera"
"4121",1896,"WB.3",NA,-83.47845,-83.42166,35.07382,35.02734,"LITU","Liriodendron tulipifera"
"4122",1896,"CB.8",NA,-83.47845,-83.42166,35.07382,35.02734,"LITU","Liriodendron tulipifera"
"4123",1896,"RB.2",NA,-83.47845,-83.42166,35.07382,35.02734,"LITU","Liriodendron tulipifera"
"4124",1896,"RB.5",NA,-83.47845,-83.42166,35.07382,35.02734,"LITU","Liriodendron tulipifera"
"4125",1896,"RB.8",NA,-83.47845,-83.42166,35.07382,35.02734,"LITU","Liriodendron tulipifera"
"4126",1896,"RB.6",NA,-83.47845,-83.42166,35.07382,35.02734,"LITU","Liriodendron tulipifera"
"4127",1896,"RB.9",NA,-83.47845,-83.42166,35.07382,35.02734,"LITU","Liriodendron tulipifera"
"4128",1896,"RB.7",NA,-83.47845,-83.42166,35.07382,35.02734,"LITU","Liriodendron tulipifera"
"4129",1896,"RB.1",NA,-83.47845,-83.42166,35.07382,35.02734,"LITU","Liriodendron tulipifera"
"4130",1896,"HW.20",NA,-83.47845,-83.42166,35.07382,35.02734,"LITU","Liriodendron tulipifera"
"4131",1896,"HW.15",NA,-83.47845,-83.42166,35.07382,35.02734,"LITU","Liriodendron tulipifera"
"4132",1896,"HW.17",NA,-83.47845,-83.42166,35.07382,35.02734,"LITU","Liriodendron tulipifera"
"4133",1896,"HLC.17",NA,-83.47845,-83.42166,35.07382,35.02734,"LITU","Liriodendron tulipifera"
"4134",1896,"HLC.18",NA,-83.47845,-83.42166,35.07382,35.02734,"LITU","Liriodendron tulipifera"
"4135",1896,"HLC.1",NA,-83.47845,-83.42166,35.07382,35.02734,"LITU","Liriodendron tulipifera"
"4136",1896,"USF.24",NA,-83.47845,-83.42166,35.07382,35.02734,"LITU","Liriodendron tulipifera"
"4137",1896,"BC.20",NA,-83.47845,-83.42166,35.07382,35.02734,"LITU","Liriodendron tulipifera"
"4138",1896,"CB.12",NA,-83.47845,-83.42166,35.07382,35.02734,"LITU","Liriodendron tulipifera"
"4139",1896,"HW.14",NA,-83.47845,-83.42166,35.07382,35.02734,"LITU","Liriodendron tulipifera"
"4140",1896,"pm.821",NA,-83.47845,-83.42166,35.07382,35.02734,"LITU","Liriodendron tulipifera"
"4141",1895,"BC1",NA,-83.47845,-83.42166,35.07382,35.02734,"LITU","Liriodendron tulipifera"
"4142",1895,"HC12",NA,-83.47845,-83.42166,35.07382,35.02734,"LITU","Liriodendron tulipifera"
"4143",1895,"HC13",NA,-83.47845,-83.42166,35.07382,35.02734,"LITU","Liriodendron tulipifera"
"4144",1895,"HC1",NA,-83.47845,-83.42166,35.07382,35.02734,"LITU","Liriodendron tulipifera"
"4145",1895,"BC2",0.164,-83.47845,-83.42166,35.07382,35.02734,"LITU","Liriodendron tulipifera"
"4146",1895,"HC2",NA,-83.47845,-83.42166,35.07382,35.02734,"LITU","Liriodendron tulipifera"
"4147",1895,"HCU.10",NA,-83.47845,-83.42166,35.07382,35.02734,"LITU","Liriodendron tulipifera"
"4148",1895,"HCU.1",NA,-83.47845,-83.42166,35.07382,35.02734,"LITU","Liriodendron tulipifera"
"4149",1895,"HCU.2",NA,-83.47845,-83.42166,35.07382,35.02734,"LITU","Liriodendron tulipifera"
"4150",1895,"HCU.3",NA,-83.47845,-83.42166,35.07382,35.02734,"LITU","Liriodendron tulipifera"
"4151",1895,"PB.9",NA,-83.47845,-83.42166,35.07382,35.02734,"LITU","Liriodendron tulipifera"
"4152",1895,"PB.1",NA,-83.47845,-83.42166,35.07382,35.02734,"LITU","Liriodendron tulipifera"
"4153",1895,"WB.6",NA,-83.47845,-83.42166,35.07382,35.02734,"LITU","Liriodendron tulipifera"
"4154",1895,"WB.4",NA,-83.47845,-83.42166,35.07382,35.02734,"LITU","Liriodendron tulipifera"
"4155",1895,"WB.5",NA,-83.47845,-83.42166,35.07382,35.02734,"LITU","Liriodendron tulipifera"
"4156",1895,"WB.2",NA,-83.47845,-83.42166,35.07382,35.02734,"LITU","Liriodendron tulipifera"
"4157",1895,"WB.3",NA,-83.47845,-83.42166,35.07382,35.02734,"LITU","Liriodendron tulipifera"
"4158",1895,"CB.8",NA,-83.47845,-83.42166,35.07382,35.02734,"LITU","Liriodendron tulipifera"
"4159",1895,"RB.2",NA,-83.47845,-83.42166,35.07382,35.02734,"LITU","Liriodendron tulipifera"
"4160",1895,"RB.5",NA,-83.47845,-83.42166,35.07382,35.02734,"LITU","Liriodendron tulipifera"
"4161",1895,"RB.8",NA,-83.47845,-83.42166,35.07382,35.02734,"LITU","Liriodendron tulipifera"
"4162",1895,"RB.6",NA,-83.47845,-83.42166,35.07382,35.02734,"LITU","Liriodendron tulipifera"
"4163",1895,"RB.9",NA,-83.47845,-83.42166,35.07382,35.02734,"LITU","Liriodendron tulipifera"
"4164",1895,"RB.7",NA,-83.47845,-83.42166,35.07382,35.02734,"LITU","Liriodendron tulipifera"
"4165",1895,"RB.1",NA,-83.47845,-83.42166,35.07382,35.02734,"LITU","Liriodendron tulipifera"
"4166",1895,"HW.20",NA,-83.47845,-83.42166,35.07382,35.02734,"LITU","Liriodendron tulipifera"
"4167",1895,"HW.15",NA,-83.47845,-83.42166,35.07382,35.02734,"LITU","Liriodendron tulipifera"
"4168",1895,"HW.17",NA,-83.47845,-83.42166,35.07382,35.02734,"LITU","Liriodendron tulipifera"
"4169",1895,"HLC.17",NA,-83.47845,-83.42166,35.07382,35.02734,"LITU","Liriodendron tulipifera"
"4170",1895,"HLC.18",NA,-83.47845,-83.42166,35.07382,35.02734,"LITU","Liriodendron tulipifera"
"4171",1895,"HLC.1",NA,-83.47845,-83.42166,35.07382,35.02734,"LITU","Liriodendron tulipifera"
"4172",1895,"USF.24",NA,-83.47845,-83.42166,35.07382,35.02734,"LITU","Liriodendron tulipifera"
"4173",1895,"BC.20",NA,-83.47845,-83.42166,35.07382,35.02734,"LITU","Liriodendron tulipifera"
"4174",1895,"CB.12",NA,-83.47845,-83.42166,35.07382,35.02734,"LITU","Liriodendron tulipifera"
"4175",1895,"HW.14",NA,-83.47845,-83.42166,35.07382,35.02734,"LITU","Liriodendron tulipifera"
"4176",1895,"pm.821",NA,-83.47845,-83.42166,35.07382,35.02734,"LITU","Liriodendron tulipifera"
"4177",1894,"BC1",NA,-83.47845,-83.42166,35.07382,35.02734,"LITU","Liriodendron tulipifera"
"4178",1894,"HC12",NA,-83.47845,-83.42166,35.07382,35.02734,"LITU","Liriodendron tulipifera"
"4179",1894,"HC13",NA,-83.47845,-83.42166,35.07382,35.02734,"LITU","Liriodendron tulipifera"
"4180",1894,"HC1",NA,-83.47845,-83.42166,35.07382,35.02734,"LITU","Liriodendron tulipifera"
"4181",1894,"BC2",0.207,-83.47845,-83.42166,35.07382,35.02734,"LITU","Liriodendron tulipifera"
"4182",1894,"HC2",NA,-83.47845,-83.42166,35.07382,35.02734,"LITU","Liriodendron tulipifera"
"4183",1894,"HCU.10",NA,-83.47845,-83.42166,35.07382,35.02734,"LITU","Liriodendron tulipifera"
"4184",1894,"HCU.1",NA,-83.47845,-83.42166,35.07382,35.02734,"LITU","Liriodendron tulipifera"
"4185",1894,"HCU.2",NA,-83.47845,-83.42166,35.07382,35.02734,"LITU","Liriodendron tulipifera"
"4186",1894,"HCU.3",NA,-83.47845,-83.42166,35.07382,35.02734,"LITU","Liriodendron tulipifera"
"4187",1894,"PB.9",NA,-83.47845,-83.42166,35.07382,35.02734,"LITU","Liriodendron tulipifera"
"4188",1894,"PB.1",NA,-83.47845,-83.42166,35.07382,35.02734,"LITU","Liriodendron tulipifera"
"4189",1894,"WB.6",NA,-83.47845,-83.42166,35.07382,35.02734,"LITU","Liriodendron tulipifera"
"4190",1894,"WB.4",NA,-83.47845,-83.42166,35.07382,35.02734,"LITU","Liriodendron tulipifera"
"4191",1894,"WB.5",NA,-83.47845,-83.42166,35.07382,35.02734,"LITU","Liriodendron tulipifera"
"4192",1894,"WB.2",NA,-83.47845,-83.42166,35.07382,35.02734,"LITU","Liriodendron tulipifera"
"4193",1894,"WB.3",NA,-83.47845,-83.42166,35.07382,35.02734,"LITU","Liriodendron tulipifera"
"4194",1894,"CB.8",NA,-83.47845,-83.42166,35.07382,35.02734,"LITU","Liriodendron tulipifera"
"4195",1894,"RB.2",NA,-83.47845,-83.42166,35.07382,35.02734,"LITU","Liriodendron tulipifera"
"4196",1894,"RB.5",NA,-83.47845,-83.42166,35.07382,35.02734,"LITU","Liriodendron tulipifera"
"4197",1894,"RB.8",NA,-83.47845,-83.42166,35.07382,35.02734,"LITU","Liriodendron tulipifera"
"4198",1894,"RB.6",NA,-83.47845,-83.42166,35.07382,35.02734,"LITU","Liriodendron tulipifera"
"4199",1894,"RB.9",NA,-83.47845,-83.42166,35.07382,35.02734,"LITU","Liriodendron tulipifera"
"4200",1894,"RB.7",NA,-83.47845,-83.42166,35.07382,35.02734,"LITU","Liriodendron tulipifera"
"4201",1894,"RB.1",NA,-83.47845,-83.42166,35.07382,35.02734,"LITU","Liriodendron tulipifera"
"4202",1894,"HW.20",NA,-83.47845,-83.42166,35.07382,35.02734,"LITU","Liriodendron tulipifera"
"4203",1894,"HW.15",NA,-83.47845,-83.42166,35.07382,35.02734,"LITU","Liriodendron tulipifera"
"4204",1894,"HW.17",NA,-83.47845,-83.42166,35.07382,35.02734,"LITU","Liriodendron tulipifera"
"4205",1894,"HLC.17",NA,-83.47845,-83.42166,35.07382,35.02734,"LITU","Liriodendron tulipifera"
"4206",1894,"HLC.18",NA,-83.47845,-83.42166,35.07382,35.02734,"LITU","Liriodendron tulipifera"
"4207",1894,"HLC.1",NA,-83.47845,-83.42166,35.07382,35.02734,"LITU","Liriodendron tulipifera"
"4208",1894,"USF.24",NA,-83.47845,-83.42166,35.07382,35.02734,"LITU","Liriodendron tulipifera"
"4209",1894,"BC.20",NA,-83.47845,-83.42166,35.07382,35.02734,"LITU","Liriodendron tulipifera"
"4210",1894,"CB.12",NA,-83.47845,-83.42166,35.07382,35.02734,"LITU","Liriodendron tulipifera"
"4211",1894,"HW.14",NA,-83.47845,-83.42166,35.07382,35.02734,"LITU","Liriodendron tulipifera"
"4212",1894,"pm.821",NA,-83.47845,-83.42166,35.07382,35.02734,"LITU","Liriodendron tulipifera"
"4213",1893,"BC1",NA,-83.47845,-83.42166,35.07382,35.02734,"LITU","Liriodendron tulipifera"
"4214",1893,"HC12",NA,-83.47845,-83.42166,35.07382,35.02734,"LITU","Liriodendron tulipifera"
"4215",1893,"HC13",NA,-83.47845,-83.42166,35.07382,35.02734,"LITU","Liriodendron tulipifera"
"4216",1893,"HC1",NA,-83.47845,-83.42166,35.07382,35.02734,"LITU","Liriodendron tulipifera"
"4217",1893,"BC2",0.297,-83.47845,-83.42166,35.07382,35.02734,"LITU","Liriodendron tulipifera"
"4218",1893,"HC2",NA,-83.47845,-83.42166,35.07382,35.02734,"LITU","Liriodendron tulipifera"
"4219",1893,"HCU.10",NA,-83.47845,-83.42166,35.07382,35.02734,"LITU","Liriodendron tulipifera"
"4220",1893,"HCU.1",NA,-83.47845,-83.42166,35.07382,35.02734,"LITU","Liriodendron tulipifera"
"4221",1893,"HCU.2",NA,-83.47845,-83.42166,35.07382,35.02734,"LITU","Liriodendron tulipifera"
"4222",1893,"HCU.3",NA,-83.47845,-83.42166,35.07382,35.02734,"LITU","Liriodendron tulipifera"
"4223",1893,"PB.9",NA,-83.47845,-83.42166,35.07382,35.02734,"LITU","Liriodendron tulipifera"
"4224",1893,"PB.1",NA,-83.47845,-83.42166,35.07382,35.02734,"LITU","Liriodendron tulipifera"
"4225",1893,"WB.6",NA,-83.47845,-83.42166,35.07382,35.02734,"LITU","Liriodendron tulipifera"
"4226",1893,"WB.4",NA,-83.47845,-83.42166,35.07382,35.02734,"LITU","Liriodendron tulipifera"
"4227",1893,"WB.5",NA,-83.47845,-83.42166,35.07382,35.02734,"LITU","Liriodendron tulipifera"
"4228",1893,"WB.2",NA,-83.47845,-83.42166,35.07382,35.02734,"LITU","Liriodendron tulipifera"
"4229",1893,"WB.3",NA,-83.47845,-83.42166,35.07382,35.02734,"LITU","Liriodendron tulipifera"
"4230",1893,"CB.8",NA,-83.47845,-83.42166,35.07382,35.02734,"LITU","Liriodendron tulipifera"
"4231",1893,"RB.2",NA,-83.47845,-83.42166,35.07382,35.02734,"LITU","Liriodendron tulipifera"
"4232",1893,"RB.5",NA,-83.47845,-83.42166,35.07382,35.02734,"LITU","Liriodendron tulipifera"
"4233",1893,"RB.8",NA,-83.47845,-83.42166,35.07382,35.02734,"LITU","Liriodendron tulipifera"
"4234",1893,"RB.6",NA,-83.47845,-83.42166,35.07382,35.02734,"LITU","Liriodendron tulipifera"
"4235",1893,"RB.9",NA,-83.47845,-83.42166,35.07382,35.02734,"LITU","Liriodendron tulipifera"
"4236",1893,"RB.7",NA,-83.47845,-83.42166,35.07382,35.02734,"LITU","Liriodendron tulipifera"
"4237",1893,"RB.1",NA,-83.47845,-83.42166,35.07382,35.02734,"LITU","Liriodendron tulipifera"
"4238",1893,"HW.20",NA,-83.47845,-83.42166,35.07382,35.02734,"LITU","Liriodendron tulipifera"
"4239",1893,"HW.15",NA,-83.47845,-83.42166,35.07382,35.02734,"LITU","Liriodendron tulipifera"
"4240",1893,"HW.17",NA,-83.47845,-83.42166,35.07382,35.02734,"LITU","Liriodendron tulipifera"
"4241",1893,"HLC.17",NA,-83.47845,-83.42166,35.07382,35.02734,"LITU","Liriodendron tulipifera"
"4242",1893,"HLC.18",NA,-83.47845,-83.42166,35.07382,35.02734,"LITU","Liriodendron tulipifera"
"4243",1893,"HLC.1",NA,-83.47845,-83.42166,35.07382,35.02734,"LITU","Liriodendron tulipifera"
"4244",1893,"USF.24",NA,-83.47845,-83.42166,35.07382,35.02734,"LITU","Liriodendron tulipifera"
"4245",1893,"BC.20",NA,-83.47845,-83.42166,35.07382,35.02734,"LITU","Liriodendron tulipifera"
"4246",1893,"CB.12",NA,-83.47845,-83.42166,35.07382,35.02734,"LITU","Liriodendron tulipifera"
"4247",1893,"HW.14",NA,-83.47845,-83.42166,35.07382,35.02734,"LITU","Liriodendron tulipifera"
"4248",1893,"pm.821",NA,-83.47845,-83.42166,35.07382,35.02734,"LITU","Liriodendron tulipifera"
"4249",1892,"BC1",NA,-83.47845,-83.42166,35.07382,35.02734,"LITU","Liriodendron tulipifera"
"4250",1892,"HC12",NA,-83.47845,-83.42166,35.07382,35.02734,"LITU","Liriodendron tulipifera"
"4251",1892,"HC13",NA,-83.47845,-83.42166,35.07382,35.02734,"LITU","Liriodendron tulipifera"
"4252",1892,"HC1",NA,-83.47845,-83.42166,35.07382,35.02734,"LITU","Liriodendron tulipifera"
"4253",1892,"BC2",0.245,-83.47845,-83.42166,35.07382,35.02734,"LITU","Liriodendron tulipifera"
"4254",1892,"HC2",NA,-83.47845,-83.42166,35.07382,35.02734,"LITU","Liriodendron tulipifera"
"4255",1892,"HCU.10",NA,-83.47845,-83.42166,35.07382,35.02734,"LITU","Liriodendron tulipifera"
"4256",1892,"HCU.1",NA,-83.47845,-83.42166,35.07382,35.02734,"LITU","Liriodendron tulipifera"
"4257",1892,"HCU.2",NA,-83.47845,-83.42166,35.07382,35.02734,"LITU","Liriodendron tulipifera"
"4258",1892,"HCU.3",NA,-83.47845,-83.42166,35.07382,35.02734,"LITU","Liriodendron tulipifera"
"4259",1892,"PB.9",NA,-83.47845,-83.42166,35.07382,35.02734,"LITU","Liriodendron tulipifera"
"4260",1892,"PB.1",NA,-83.47845,-83.42166,35.07382,35.02734,"LITU","Liriodendron tulipifera"
"4261",1892,"WB.6",NA,-83.47845,-83.42166,35.07382,35.02734,"LITU","Liriodendron tulipifera"
"4262",1892,"WB.4",NA,-83.47845,-83.42166,35.07382,35.02734,"LITU","Liriodendron tulipifera"
"4263",1892,"WB.5",NA,-83.47845,-83.42166,35.07382,35.02734,"LITU","Liriodendron tulipifera"
"4264",1892,"WB.2",NA,-83.47845,-83.42166,35.07382,35.02734,"LITU","Liriodendron tulipifera"
"4265",1892,"WB.3",NA,-83.47845,-83.42166,35.07382,35.02734,"LITU","Liriodendron tulipifera"
"4266",1892,"CB.8",NA,-83.47845,-83.42166,35.07382,35.02734,"LITU","Liriodendron tulipifera"
"4267",1892,"RB.2",NA,-83.47845,-83.42166,35.07382,35.02734,"LITU","Liriodendron tulipifera"
"4268",1892,"RB.5",NA,-83.47845,-83.42166,35.07382,35.02734,"LITU","Liriodendron tulipifera"
"4269",1892,"RB.8",NA,-83.47845,-83.42166,35.07382,35.02734,"LITU","Liriodendron tulipifera"
"4270",1892,"RB.6",NA,-83.47845,-83.42166,35.07382,35.02734,"LITU","Liriodendron tulipifera"
"4271",1892,"RB.9",NA,-83.47845,-83.42166,35.07382,35.02734,"LITU","Liriodendron tulipifera"
"4272",1892,"RB.7",NA,-83.47845,-83.42166,35.07382,35.02734,"LITU","Liriodendron tulipifera"
"4273",1892,"RB.1",NA,-83.47845,-83.42166,35.07382,35.02734,"LITU","Liriodendron tulipifera"
"4274",1892,"HW.20",NA,-83.47845,-83.42166,35.07382,35.02734,"LITU","Liriodendron tulipifera"
"4275",1892,"HW.15",NA,-83.47845,-83.42166,35.07382,35.02734,"LITU","Liriodendron tulipifera"
"4276",1892,"HW.17",NA,-83.47845,-83.42166,35.07382,35.02734,"LITU","Liriodendron tulipifera"
"4277",1892,"HLC.17",NA,-83.47845,-83.42166,35.07382,35.02734,"LITU","Liriodendron tulipifera"
"4278",1892,"HLC.18",NA,-83.47845,-83.42166,35.07382,35.02734,"LITU","Liriodendron tulipifera"
"4279",1892,"HLC.1",NA,-83.47845,-83.42166,35.07382,35.02734,"LITU","Liriodendron tulipifera"
"4280",1892,"USF.24",NA,-83.47845,-83.42166,35.07382,35.02734,"LITU","Liriodendron tulipifera"
"4281",1892,"BC.20",NA,-83.47845,-83.42166,35.07382,35.02734,"LITU","Liriodendron tulipifera"
"4282",1892,"CB.12",NA,-83.47845,-83.42166,35.07382,35.02734,"LITU","Liriodendron tulipifera"
"4283",1892,"HW.14",NA,-83.47845,-83.42166,35.07382,35.02734,"LITU","Liriodendron tulipifera"
"4284",1892,"pm.821",NA,-83.47845,-83.42166,35.07382,35.02734,"LITU","Liriodendron tulipifera"
"4285",1891,"BC1",NA,-83.47845,-83.42166,35.07382,35.02734,"LITU","Liriodendron tulipifera"
"4286",1891,"HC12",NA,-83.47845,-83.42166,35.07382,35.02734,"LITU","Liriodendron tulipifera"
"4287",1891,"HC13",NA,-83.47845,-83.42166,35.07382,35.02734,"LITU","Liriodendron tulipifera"
"4288",1891,"HC1",NA,-83.47845,-83.42166,35.07382,35.02734,"LITU","Liriodendron tulipifera"
"4289",1891,"BC2",0.112,-83.47845,-83.42166,35.07382,35.02734,"LITU","Liriodendron tulipifera"
"4290",1891,"HC2",NA,-83.47845,-83.42166,35.07382,35.02734,"LITU","Liriodendron tulipifera"
"4291",1891,"HCU.10",NA,-83.47845,-83.42166,35.07382,35.02734,"LITU","Liriodendron tulipifera"
"4292",1891,"HCU.1",NA,-83.47845,-83.42166,35.07382,35.02734,"LITU","Liriodendron tulipifera"
"4293",1891,"HCU.2",NA,-83.47845,-83.42166,35.07382,35.02734,"LITU","Liriodendron tulipifera"
"4294",1891,"HCU.3",NA,-83.47845,-83.42166,35.07382,35.02734,"LITU","Liriodendron tulipifera"
"4295",1891,"PB.9",NA,-83.47845,-83.42166,35.07382,35.02734,"LITU","Liriodendron tulipifera"
"4296",1891,"PB.1",NA,-83.47845,-83.42166,35.07382,35.02734,"LITU","Liriodendron tulipifera"
"4297",1891,"WB.6",NA,-83.47845,-83.42166,35.07382,35.02734,"LITU","Liriodendron tulipifera"
"4298",1891,"WB.4",NA,-83.47845,-83.42166,35.07382,35.02734,"LITU","Liriodendron tulipifera"
"4299",1891,"WB.5",NA,-83.47845,-83.42166,35.07382,35.02734,"LITU","Liriodendron tulipifera"
"4300",1891,"WB.2",NA,-83.47845,-83.42166,35.07382,35.02734,"LITU","Liriodendron tulipifera"
"4301",1891,"WB.3",NA,-83.47845,-83.42166,35.07382,35.02734,"LITU","Liriodendron tulipifera"
"4302",1891,"CB.8",NA,-83.47845,-83.42166,35.07382,35.02734,"LITU","Liriodendron tulipifera"
"4303",1891,"RB.2",NA,-83.47845,-83.42166,35.07382,35.02734,"LITU","Liriodendron tulipifera"
"4304",1891,"RB.5",NA,-83.47845,-83.42166,35.07382,35.02734,"LITU","Liriodendron tulipifera"
"4305",1891,"RB.8",NA,-83.47845,-83.42166,35.07382,35.02734,"LITU","Liriodendron tulipifera"
"4306",1891,"RB.6",NA,-83.47845,-83.42166,35.07382,35.02734,"LITU","Liriodendron tulipifera"
"4307",1891,"RB.9",NA,-83.47845,-83.42166,35.07382,35.02734,"LITU","Liriodendron tulipifera"
"4308",1891,"RB.7",NA,-83.47845,-83.42166,35.07382,35.02734,"LITU","Liriodendron tulipifera"
"4309",1891,"RB.1",NA,-83.47845,-83.42166,35.07382,35.02734,"LITU","Liriodendron tulipifera"
"4310",1891,"HW.20",NA,-83.47845,-83.42166,35.07382,35.02734,"LITU","Liriodendron tulipifera"
"4311",1891,"HW.15",NA,-83.47845,-83.42166,35.07382,35.02734,"LITU","Liriodendron tulipifera"
"4312",1891,"HW.17",NA,-83.47845,-83.42166,35.07382,35.02734,"LITU","Liriodendron tulipifera"
"4313",1891,"HLC.17",NA,-83.47845,-83.42166,35.07382,35.02734,"LITU","Liriodendron tulipifera"
"4314",1891,"HLC.18",NA,-83.47845,-83.42166,35.07382,35.02734,"LITU","Liriodendron tulipifera"
"4315",1891,"HLC.1",NA,-83.47845,-83.42166,35.07382,35.02734,"LITU","Liriodendron tulipifera"
"4316",1891,"USF.24",NA,-83.47845,-83.42166,35.07382,35.02734,"LITU","Liriodendron tulipifera"
"4317",1891,"BC.20",NA,-83.47845,-83.42166,35.07382,35.02734,"LITU","Liriodendron tulipifera"
"4318",1891,"CB.12",NA,-83.47845,-83.42166,35.07382,35.02734,"LITU","Liriodendron tulipifera"
"4319",1891,"HW.14",NA,-83.47845,-83.42166,35.07382,35.02734,"LITU","Liriodendron tulipifera"
"4320",1891,"pm.821",NA,-83.47845,-83.42166,35.07382,35.02734,"LITU","Liriodendron tulipifera"
"4321",1890,"BC1",NA,-83.47845,-83.42166,35.07382,35.02734,"LITU","Liriodendron tulipifera"
"4322",1890,"HC12",NA,-83.47845,-83.42166,35.07382,35.02734,"LITU","Liriodendron tulipifera"
"4323",1890,"HC13",NA,-83.47845,-83.42166,35.07382,35.02734,"LITU","Liriodendron tulipifera"
"4324",1890,"HC1",NA,-83.47845,-83.42166,35.07382,35.02734,"LITU","Liriodendron tulipifera"
"4325",1890,"BC2",0.339,-83.47845,-83.42166,35.07382,35.02734,"LITU","Liriodendron tulipifera"
"4326",1890,"HC2",NA,-83.47845,-83.42166,35.07382,35.02734,"LITU","Liriodendron tulipifera"
"4327",1890,"HCU.10",NA,-83.47845,-83.42166,35.07382,35.02734,"LITU","Liriodendron tulipifera"
"4328",1890,"HCU.1",NA,-83.47845,-83.42166,35.07382,35.02734,"LITU","Liriodendron tulipifera"
"4329",1890,"HCU.2",NA,-83.47845,-83.42166,35.07382,35.02734,"LITU","Liriodendron tulipifera"
"4330",1890,"HCU.3",NA,-83.47845,-83.42166,35.07382,35.02734,"LITU","Liriodendron tulipifera"
"4331",1890,"PB.9",NA,-83.47845,-83.42166,35.07382,35.02734,"LITU","Liriodendron tulipifera"
"4332",1890,"PB.1",NA,-83.47845,-83.42166,35.07382,35.02734,"LITU","Liriodendron tulipifera"
"4333",1890,"WB.6",NA,-83.47845,-83.42166,35.07382,35.02734,"LITU","Liriodendron tulipifera"
"4334",1890,"WB.4",NA,-83.47845,-83.42166,35.07382,35.02734,"LITU","Liriodendron tulipifera"
"4335",1890,"WB.5",NA,-83.47845,-83.42166,35.07382,35.02734,"LITU","Liriodendron tulipifera"
"4336",1890,"WB.2",NA,-83.47845,-83.42166,35.07382,35.02734,"LITU","Liriodendron tulipifera"
"4337",1890,"WB.3",NA,-83.47845,-83.42166,35.07382,35.02734,"LITU","Liriodendron tulipifera"
"4338",1890,"CB.8",NA,-83.47845,-83.42166,35.07382,35.02734,"LITU","Liriodendron tulipifera"
"4339",1890,"RB.2",NA,-83.47845,-83.42166,35.07382,35.02734,"LITU","Liriodendron tulipifera"
"4340",1890,"RB.5",NA,-83.47845,-83.42166,35.07382,35.02734,"LITU","Liriodendron tulipifera"
"4341",1890,"RB.8",NA,-83.47845,-83.42166,35.07382,35.02734,"LITU","Liriodendron tulipifera"
"4342",1890,"RB.6",NA,-83.47845,-83.42166,35.07382,35.02734,"LITU","Liriodendron tulipifera"
"4343",1890,"RB.9",NA,-83.47845,-83.42166,35.07382,35.02734,"LITU","Liriodendron tulipifera"
"4344",1890,"RB.7",NA,-83.47845,-83.42166,35.07382,35.02734,"LITU","Liriodendron tulipifera"
"4345",1890,"RB.1",NA,-83.47845,-83.42166,35.07382,35.02734,"LITU","Liriodendron tulipifera"
"4346",1890,"HW.20",NA,-83.47845,-83.42166,35.07382,35.02734,"LITU","Liriodendron tulipifera"
"4347",1890,"HW.15",NA,-83.47845,-83.42166,35.07382,35.02734,"LITU","Liriodendron tulipifera"
"4348",1890,"HW.17",NA,-83.47845,-83.42166,35.07382,35.02734,"LITU","Liriodendron tulipifera"
"4349",1890,"HLC.17",NA,-83.47845,-83.42166,35.07382,35.02734,"LITU","Liriodendron tulipifera"
"4350",1890,"HLC.18",NA,-83.47845,-83.42166,35.07382,35.02734,"LITU","Liriodendron tulipifera"
"4351",1890,"HLC.1",NA,-83.47845,-83.42166,35.07382,35.02734,"LITU","Liriodendron tulipifera"
"4352",1890,"USF.24",NA,-83.47845,-83.42166,35.07382,35.02734,"LITU","Liriodendron tulipifera"
"4353",1890,"BC.20",NA,-83.47845,-83.42166,35.07382,35.02734,"LITU","Liriodendron tulipifera"
"4354",1890,"CB.12",NA,-83.47845,-83.42166,35.07382,35.02734,"LITU","Liriodendron tulipifera"
"4355",1890,"HW.14",NA,-83.47845,-83.42166,35.07382,35.02734,"LITU","Liriodendron tulipifera"
"4356",1890,"pm.821",NA,-83.47845,-83.42166,35.07382,35.02734,"LITU","Liriodendron tulipifera"
"4357",1889,"BC1",NA,-83.47845,-83.42166,35.07382,35.02734,"LITU","Liriodendron tulipifera"
"4358",1889,"HC12",NA,-83.47845,-83.42166,35.07382,35.02734,"LITU","Liriodendron tulipifera"
"4359",1889,"HC13",NA,-83.47845,-83.42166,35.07382,35.02734,"LITU","Liriodendron tulipifera"
"4360",1889,"HC1",NA,-83.47845,-83.42166,35.07382,35.02734,"LITU","Liriodendron tulipifera"
"4361",1889,"BC2",0.562,-83.47845,-83.42166,35.07382,35.02734,"LITU","Liriodendron tulipifera"
"4362",1889,"HC2",NA,-83.47845,-83.42166,35.07382,35.02734,"LITU","Liriodendron tulipifera"
"4363",1889,"HCU.10",NA,-83.47845,-83.42166,35.07382,35.02734,"LITU","Liriodendron tulipifera"
"4364",1889,"HCU.1",NA,-83.47845,-83.42166,35.07382,35.02734,"LITU","Liriodendron tulipifera"
"4365",1889,"HCU.2",NA,-83.47845,-83.42166,35.07382,35.02734,"LITU","Liriodendron tulipifera"
"4366",1889,"HCU.3",NA,-83.47845,-83.42166,35.07382,35.02734,"LITU","Liriodendron tulipifera"
"4367",1889,"PB.9",NA,-83.47845,-83.42166,35.07382,35.02734,"LITU","Liriodendron tulipifera"
"4368",1889,"PB.1",NA,-83.47845,-83.42166,35.07382,35.02734,"LITU","Liriodendron tulipifera"
"4369",1889,"WB.6",NA,-83.47845,-83.42166,35.07382,35.02734,"LITU","Liriodendron tulipifera"
"4370",1889,"WB.4",NA,-83.47845,-83.42166,35.07382,35.02734,"LITU","Liriodendron tulipifera"
"4371",1889,"WB.5",NA,-83.47845,-83.42166,35.07382,35.02734,"LITU","Liriodendron tulipifera"
"4372",1889,"WB.2",NA,-83.47845,-83.42166,35.07382,35.02734,"LITU","Liriodendron tulipifera"
"4373",1889,"WB.3",NA,-83.47845,-83.42166,35.07382,35.02734,"LITU","Liriodendron tulipifera"
"4374",1889,"CB.8",NA,-83.47845,-83.42166,35.07382,35.02734,"LITU","Liriodendron tulipifera"
"4375",1889,"RB.2",NA,-83.47845,-83.42166,35.07382,35.02734,"LITU","Liriodendron tulipifera"
"4376",1889,"RB.5",NA,-83.47845,-83.42166,35.07382,35.02734,"LITU","Liriodendron tulipifera"
"4377",1889,"RB.8",NA,-83.47845,-83.42166,35.07382,35.02734,"LITU","Liriodendron tulipifera"
"4378",1889,"RB.6",NA,-83.47845,-83.42166,35.07382,35.02734,"LITU","Liriodendron tulipifera"
"4379",1889,"RB.9",NA,-83.47845,-83.42166,35.07382,35.02734,"LITU","Liriodendron tulipifera"
"4380",1889,"RB.7",NA,-83.47845,-83.42166,35.07382,35.02734,"LITU","Liriodendron tulipifera"
"4381",1889,"RB.1",NA,-83.47845,-83.42166,35.07382,35.02734,"LITU","Liriodendron tulipifera"
"4382",1889,"HW.20",NA,-83.47845,-83.42166,35.07382,35.02734,"LITU","Liriodendron tulipifera"
"4383",1889,"HW.15",NA,-83.47845,-83.42166,35.07382,35.02734,"LITU","Liriodendron tulipifera"
"4384",1889,"HW.17",NA,-83.47845,-83.42166,35.07382,35.02734,"LITU","Liriodendron tulipifera"
"4385",1889,"HLC.17",NA,-83.47845,-83.42166,35.07382,35.02734,"LITU","Liriodendron tulipifera"
"4386",1889,"HLC.18",NA,-83.47845,-83.42166,35.07382,35.02734,"LITU","Liriodendron tulipifera"
"4387",1889,"HLC.1",NA,-83.47845,-83.42166,35.07382,35.02734,"LITU","Liriodendron tulipifera"
"4388",1889,"USF.24",NA,-83.47845,-83.42166,35.07382,35.02734,"LITU","Liriodendron tulipifera"
"4389",1889,"BC.20",NA,-83.47845,-83.42166,35.07382,35.02734,"LITU","Liriodendron tulipifera"
"4390",1889,"CB.12",NA,-83.47845,-83.42166,35.07382,35.02734,"LITU","Liriodendron tulipifera"
"4391",1889,"HW.14",NA,-83.47845,-83.42166,35.07382,35.02734,"LITU","Liriodendron tulipifera"
"4392",1889,"pm.821",NA,-83.47845,-83.42166,35.07382,35.02734,"LITU","Liriodendron tulipifera"
"4393",1888,"BC1",NA,-83.47845,-83.42166,35.07382,35.02734,"LITU","Liriodendron tulipifera"
"4394",1888,"HC12",NA,-83.47845,-83.42166,35.07382,35.02734,"LITU","Liriodendron tulipifera"
"4395",1888,"HC13",NA,-83.47845,-83.42166,35.07382,35.02734,"LITU","Liriodendron tulipifera"
"4396",1888,"HC1",NA,-83.47845,-83.42166,35.07382,35.02734,"LITU","Liriodendron tulipifera"
"4397",1888,"BC2",0.3,-83.47845,-83.42166,35.07382,35.02734,"LITU","Liriodendron tulipifera"
"4398",1888,"HC2",NA,-83.47845,-83.42166,35.07382,35.02734,"LITU","Liriodendron tulipifera"
"4399",1888,"HCU.10",NA,-83.47845,-83.42166,35.07382,35.02734,"LITU","Liriodendron tulipifera"
"4400",1888,"HCU.1",NA,-83.47845,-83.42166,35.07382,35.02734,"LITU","Liriodendron tulipifera"
"4401",1888,"HCU.2",NA,-83.47845,-83.42166,35.07382,35.02734,"LITU","Liriodendron tulipifera"
"4402",1888,"HCU.3",NA,-83.47845,-83.42166,35.07382,35.02734,"LITU","Liriodendron tulipifera"
"4403",1888,"PB.9",NA,-83.47845,-83.42166,35.07382,35.02734,"LITU","Liriodendron tulipifera"
"4404",1888,"PB.1",NA,-83.47845,-83.42166,35.07382,35.02734,"LITU","Liriodendron tulipifera"
"4405",1888,"WB.6",NA,-83.47845,-83.42166,35.07382,35.02734,"LITU","Liriodendron tulipifera"
"4406",1888,"WB.4",NA,-83.47845,-83.42166,35.07382,35.02734,"LITU","Liriodendron tulipifera"
"4407",1888,"WB.5",NA,-83.47845,-83.42166,35.07382,35.02734,"LITU","Liriodendron tulipifera"
"4408",1888,"WB.2",NA,-83.47845,-83.42166,35.07382,35.02734,"LITU","Liriodendron tulipifera"
"4409",1888,"WB.3",NA,-83.47845,-83.42166,35.07382,35.02734,"LITU","Liriodendron tulipifera"
"4410",1888,"CB.8",NA,-83.47845,-83.42166,35.07382,35.02734,"LITU","Liriodendron tulipifera"
"4411",1888,"RB.2",NA,-83.47845,-83.42166,35.07382,35.02734,"LITU","Liriodendron tulipifera"
"4412",1888,"RB.5",NA,-83.47845,-83.42166,35.07382,35.02734,"LITU","Liriodendron tulipifera"
"4413",1888,"RB.8",NA,-83.47845,-83.42166,35.07382,35.02734,"LITU","Liriodendron tulipifera"
"4414",1888,"RB.6",NA,-83.47845,-83.42166,35.07382,35.02734,"LITU","Liriodendron tulipifera"
"4415",1888,"RB.9",NA,-83.47845,-83.42166,35.07382,35.02734,"LITU","Liriodendron tulipifera"
"4416",1888,"RB.7",NA,-83.47845,-83.42166,35.07382,35.02734,"LITU","Liriodendron tulipifera"
"4417",1888,"RB.1",NA,-83.47845,-83.42166,35.07382,35.02734,"LITU","Liriodendron tulipifera"
"4418",1888,"HW.20",NA,-83.47845,-83.42166,35.07382,35.02734,"LITU","Liriodendron tulipifera"
"4419",1888,"HW.15",NA,-83.47845,-83.42166,35.07382,35.02734,"LITU","Liriodendron tulipifera"
"4420",1888,"HW.17",NA,-83.47845,-83.42166,35.07382,35.02734,"LITU","Liriodendron tulipifera"
"4421",1888,"HLC.17",NA,-83.47845,-83.42166,35.07382,35.02734,"LITU","Liriodendron tulipifera"
"4422",1888,"HLC.18",NA,-83.47845,-83.42166,35.07382,35.02734,"LITU","Liriodendron tulipifera"
"4423",1888,"HLC.1",NA,-83.47845,-83.42166,35.07382,35.02734,"LITU","Liriodendron tulipifera"
"4424",1888,"USF.24",NA,-83.47845,-83.42166,35.07382,35.02734,"LITU","Liriodendron tulipifera"
"4425",1888,"BC.20",NA,-83.47845,-83.42166,35.07382,35.02734,"LITU","Liriodendron tulipifera"
"4426",1888,"CB.12",NA,-83.47845,-83.42166,35.07382,35.02734,"LITU","Liriodendron tulipifera"
"4427",1888,"HW.14",NA,-83.47845,-83.42166,35.07382,35.02734,"LITU","Liriodendron tulipifera"
"4428",1888,"pm.821",NA,-83.47845,-83.42166,35.07382,35.02734,"LITU","Liriodendron tulipifera"
"4429",1887,"BC1",NA,-83.47845,-83.42166,35.07382,35.02734,"LITU","Liriodendron tulipifera"
"4430",1887,"HC12",NA,-83.47845,-83.42166,35.07382,35.02734,"LITU","Liriodendron tulipifera"
"4431",1887,"HC13",NA,-83.47845,-83.42166,35.07382,35.02734,"LITU","Liriodendron tulipifera"
"4432",1887,"HC1",NA,-83.47845,-83.42166,35.07382,35.02734,"LITU","Liriodendron tulipifera"
"4433",1887,"BC2",0.323,-83.47845,-83.42166,35.07382,35.02734,"LITU","Liriodendron tulipifera"
"4434",1887,"HC2",NA,-83.47845,-83.42166,35.07382,35.02734,"LITU","Liriodendron tulipifera"
"4435",1887,"HCU.10",NA,-83.47845,-83.42166,35.07382,35.02734,"LITU","Liriodendron tulipifera"
"4436",1887,"HCU.1",NA,-83.47845,-83.42166,35.07382,35.02734,"LITU","Liriodendron tulipifera"
"4437",1887,"HCU.2",NA,-83.47845,-83.42166,35.07382,35.02734,"LITU","Liriodendron tulipifera"
"4438",1887,"HCU.3",NA,-83.47845,-83.42166,35.07382,35.02734,"LITU","Liriodendron tulipifera"
"4439",1887,"PB.9",NA,-83.47845,-83.42166,35.07382,35.02734,"LITU","Liriodendron tulipifera"
"4440",1887,"PB.1",NA,-83.47845,-83.42166,35.07382,35.02734,"LITU","Liriodendron tulipifera"
"4441",1887,"WB.6",NA,-83.47845,-83.42166,35.07382,35.02734,"LITU","Liriodendron tulipifera"
"4442",1887,"WB.4",NA,-83.47845,-83.42166,35.07382,35.02734,"LITU","Liriodendron tulipifera"
"4443",1887,"WB.5",NA,-83.47845,-83.42166,35.07382,35.02734,"LITU","Liriodendron tulipifera"
"4444",1887,"WB.2",NA,-83.47845,-83.42166,35.07382,35.02734,"LITU","Liriodendron tulipifera"
"4445",1887,"WB.3",NA,-83.47845,-83.42166,35.07382,35.02734,"LITU","Liriodendron tulipifera"
"4446",1887,"CB.8",NA,-83.47845,-83.42166,35.07382,35.02734,"LITU","Liriodendron tulipifera"
"4447",1887,"RB.2",NA,-83.47845,-83.42166,35.07382,35.02734,"LITU","Liriodendron tulipifera"
"4448",1887,"RB.5",NA,-83.47845,-83.42166,35.07382,35.02734,"LITU","Liriodendron tulipifera"
"4449",1887,"RB.8",NA,-83.47845,-83.42166,35.07382,35.02734,"LITU","Liriodendron tulipifera"
"4450",1887,"RB.6",NA,-83.47845,-83.42166,35.07382,35.02734,"LITU","Liriodendron tulipifera"
"4451",1887,"RB.9",NA,-83.47845,-83.42166,35.07382,35.02734,"LITU","Liriodendron tulipifera"
"4452",1887,"RB.7",NA,-83.47845,-83.42166,35.07382,35.02734,"LITU","Liriodendron tulipifera"
"4453",1887,"RB.1",NA,-83.47845,-83.42166,35.07382,35.02734,"LITU","Liriodendron tulipifera"
"4454",1887,"HW.20",NA,-83.47845,-83.42166,35.07382,35.02734,"LITU","Liriodendron tulipifera"
"4455",1887,"HW.15",NA,-83.47845,-83.42166,35.07382,35.02734,"LITU","Liriodendron tulipifera"
"4456",1887,"HW.17",NA,-83.47845,-83.42166,35.07382,35.02734,"LITU","Liriodendron tulipifera"
"4457",1887,"HLC.17",NA,-83.47845,-83.42166,35.07382,35.02734,"LITU","Liriodendron tulipifera"
"4458",1887,"HLC.18",NA,-83.47845,-83.42166,35.07382,35.02734,"LITU","Liriodendron tulipifera"
"4459",1887,"HLC.1",NA,-83.47845,-83.42166,35.07382,35.02734,"LITU","Liriodendron tulipifera"
"4460",1887,"USF.24",NA,-83.47845,-83.42166,35.07382,35.02734,"LITU","Liriodendron tulipifera"
"4461",1887,"BC.20",NA,-83.47845,-83.42166,35.07382,35.02734,"LITU","Liriodendron tulipifera"
"4462",1887,"CB.12",NA,-83.47845,-83.42166,35.07382,35.02734,"LITU","Liriodendron tulipifera"
"4463",1887,"HW.14",NA,-83.47845,-83.42166,35.07382,35.02734,"LITU","Liriodendron tulipifera"
"4464",1887,"pm.821",NA,-83.47845,-83.42166,35.07382,35.02734,"LITU","Liriodendron tulipifera"
"4465",1886,"BC1",NA,-83.47845,-83.42166,35.07382,35.02734,"LITU","Liriodendron tulipifera"
"4466",1886,"HC12",NA,-83.47845,-83.42166,35.07382,35.02734,"LITU","Liriodendron tulipifera"
"4467",1886,"HC13",NA,-83.47845,-83.42166,35.07382,35.02734,"LITU","Liriodendron tulipifera"
"4468",1886,"HC1",NA,-83.47845,-83.42166,35.07382,35.02734,"LITU","Liriodendron tulipifera"
"4469",1886,"BC2",0.241,-83.47845,-83.42166,35.07382,35.02734,"LITU","Liriodendron tulipifera"
"4470",1886,"HC2",NA,-83.47845,-83.42166,35.07382,35.02734,"LITU","Liriodendron tulipifera"
"4471",1886,"HCU.10",NA,-83.47845,-83.42166,35.07382,35.02734,"LITU","Liriodendron tulipifera"
"4472",1886,"HCU.1",NA,-83.47845,-83.42166,35.07382,35.02734,"LITU","Liriodendron tulipifera"
"4473",1886,"HCU.2",NA,-83.47845,-83.42166,35.07382,35.02734,"LITU","Liriodendron tulipifera"
"4474",1886,"HCU.3",NA,-83.47845,-83.42166,35.07382,35.02734,"LITU","Liriodendron tulipifera"
"4475",1886,"PB.9",NA,-83.47845,-83.42166,35.07382,35.02734,"LITU","Liriodendron tulipifera"
"4476",1886,"PB.1",NA,-83.47845,-83.42166,35.07382,35.02734,"LITU","Liriodendron tulipifera"
"4477",1886,"WB.6",NA,-83.47845,-83.42166,35.07382,35.02734,"LITU","Liriodendron tulipifera"
"4478",1886,"WB.4",NA,-83.47845,-83.42166,35.07382,35.02734,"LITU","Liriodendron tulipifera"
"4479",1886,"WB.5",NA,-83.47845,-83.42166,35.07382,35.02734,"LITU","Liriodendron tulipifera"
"4480",1886,"WB.2",NA,-83.47845,-83.42166,35.07382,35.02734,"LITU","Liriodendron tulipifera"
"4481",1886,"WB.3",NA,-83.47845,-83.42166,35.07382,35.02734,"LITU","Liriodendron tulipifera"
"4482",1886,"CB.8",NA,-83.47845,-83.42166,35.07382,35.02734,"LITU","Liriodendron tulipifera"
"4483",1886,"RB.2",NA,-83.47845,-83.42166,35.07382,35.02734,"LITU","Liriodendron tulipifera"
"4484",1886,"RB.5",NA,-83.47845,-83.42166,35.07382,35.02734,"LITU","Liriodendron tulipifera"
"4485",1886,"RB.8",NA,-83.47845,-83.42166,35.07382,35.02734,"LITU","Liriodendron tulipifera"
"4486",1886,"RB.6",NA,-83.47845,-83.42166,35.07382,35.02734,"LITU","Liriodendron tulipifera"
"4487",1886,"RB.9",NA,-83.47845,-83.42166,35.07382,35.02734,"LITU","Liriodendron tulipifera"
"4488",1886,"RB.7",NA,-83.47845,-83.42166,35.07382,35.02734,"LITU","Liriodendron tulipifera"
"4489",1886,"RB.1",NA,-83.47845,-83.42166,35.07382,35.02734,"LITU","Liriodendron tulipifera"
"4490",1886,"HW.20",NA,-83.47845,-83.42166,35.07382,35.02734,"LITU","Liriodendron tulipifera"
"4491",1886,"HW.15",NA,-83.47845,-83.42166,35.07382,35.02734,"LITU","Liriodendron tulipifera"
"4492",1886,"HW.17",NA,-83.47845,-83.42166,35.07382,35.02734,"LITU","Liriodendron tulipifera"
"4493",1886,"HLC.17",NA,-83.47845,-83.42166,35.07382,35.02734,"LITU","Liriodendron tulipifera"
"4494",1886,"HLC.18",NA,-83.47845,-83.42166,35.07382,35.02734,"LITU","Liriodendron tulipifera"
"4495",1886,"HLC.1",NA,-83.47845,-83.42166,35.07382,35.02734,"LITU","Liriodendron tulipifera"
"4496",1886,"USF.24",NA,-83.47845,-83.42166,35.07382,35.02734,"LITU","Liriodendron tulipifera"
"4497",1886,"BC.20",NA,-83.47845,-83.42166,35.07382,35.02734,"LITU","Liriodendron tulipifera"
"4498",1886,"CB.12",NA,-83.47845,-83.42166,35.07382,35.02734,"LITU","Liriodendron tulipifera"
"4499",1886,"HW.14",NA,-83.47845,-83.42166,35.07382,35.02734,"LITU","Liriodendron tulipifera"
"4500",1886,"pm.821",NA,-83.47845,-83.42166,35.07382,35.02734,"LITU","Liriodendron tulipifera"
"4501",1885,"BC1",NA,-83.47845,-83.42166,35.07382,35.02734,"LITU","Liriodendron tulipifera"
"4502",1885,"HC12",NA,-83.47845,-83.42166,35.07382,35.02734,"LITU","Liriodendron tulipifera"
"4503",1885,"HC13",NA,-83.47845,-83.42166,35.07382,35.02734,"LITU","Liriodendron tulipifera"
"4504",1885,"HC1",NA,-83.47845,-83.42166,35.07382,35.02734,"LITU","Liriodendron tulipifera"
"4505",1885,"BC2",0.355,-83.47845,-83.42166,35.07382,35.02734,"LITU","Liriodendron tulipifera"
"4506",1885,"HC2",NA,-83.47845,-83.42166,35.07382,35.02734,"LITU","Liriodendron tulipifera"
"4507",1885,"HCU.10",NA,-83.47845,-83.42166,35.07382,35.02734,"LITU","Liriodendron tulipifera"
"4508",1885,"HCU.1",NA,-83.47845,-83.42166,35.07382,35.02734,"LITU","Liriodendron tulipifera"
"4509",1885,"HCU.2",NA,-83.47845,-83.42166,35.07382,35.02734,"LITU","Liriodendron tulipifera"
"4510",1885,"HCU.3",NA,-83.47845,-83.42166,35.07382,35.02734,"LITU","Liriodendron tulipifera"
"4511",1885,"PB.9",NA,-83.47845,-83.42166,35.07382,35.02734,"LITU","Liriodendron tulipifera"
"4512",1885,"PB.1",NA,-83.47845,-83.42166,35.07382,35.02734,"LITU","Liriodendron tulipifera"
"4513",1885,"WB.6",NA,-83.47845,-83.42166,35.07382,35.02734,"LITU","Liriodendron tulipifera"
"4514",1885,"WB.4",NA,-83.47845,-83.42166,35.07382,35.02734,"LITU","Liriodendron tulipifera"
"4515",1885,"WB.5",NA,-83.47845,-83.42166,35.07382,35.02734,"LITU","Liriodendron tulipifera"
"4516",1885,"WB.2",NA,-83.47845,-83.42166,35.07382,35.02734,"LITU","Liriodendron tulipifera"
"4517",1885,"WB.3",NA,-83.47845,-83.42166,35.07382,35.02734,"LITU","Liriodendron tulipifera"
"4518",1885,"CB.8",NA,-83.47845,-83.42166,35.07382,35.02734,"LITU","Liriodendron tulipifera"
"4519",1885,"RB.2",NA,-83.47845,-83.42166,35.07382,35.02734,"LITU","Liriodendron tulipifera"
"4520",1885,"RB.5",NA,-83.47845,-83.42166,35.07382,35.02734,"LITU","Liriodendron tulipifera"
"4521",1885,"RB.8",NA,-83.47845,-83.42166,35.07382,35.02734,"LITU","Liriodendron tulipifera"
"4522",1885,"RB.6",NA,-83.47845,-83.42166,35.07382,35.02734,"LITU","Liriodendron tulipifera"
"4523",1885,"RB.9",NA,-83.47845,-83.42166,35.07382,35.02734,"LITU","Liriodendron tulipifera"
"4524",1885,"RB.7",NA,-83.47845,-83.42166,35.07382,35.02734,"LITU","Liriodendron tulipifera"
"4525",1885,"RB.1",NA,-83.47845,-83.42166,35.07382,35.02734,"LITU","Liriodendron tulipifera"
"4526",1885,"HW.20",NA,-83.47845,-83.42166,35.07382,35.02734,"LITU","Liriodendron tulipifera"
"4527",1885,"HW.15",NA,-83.47845,-83.42166,35.07382,35.02734,"LITU","Liriodendron tulipifera"
"4528",1885,"HW.17",NA,-83.47845,-83.42166,35.07382,35.02734,"LITU","Liriodendron tulipifera"
"4529",1885,"HLC.17",NA,-83.47845,-83.42166,35.07382,35.02734,"LITU","Liriodendron tulipifera"
"4530",1885,"HLC.18",NA,-83.47845,-83.42166,35.07382,35.02734,"LITU","Liriodendron tulipifera"
"4531",1885,"HLC.1",NA,-83.47845,-83.42166,35.07382,35.02734,"LITU","Liriodendron tulipifera"
"4532",1885,"USF.24",NA,-83.47845,-83.42166,35.07382,35.02734,"LITU","Liriodendron tulipifera"
"4533",1885,"BC.20",NA,-83.47845,-83.42166,35.07382,35.02734,"LITU","Liriodendron tulipifera"
"4534",1885,"CB.12",NA,-83.47845,-83.42166,35.07382,35.02734,"LITU","Liriodendron tulipifera"
"4535",1885,"HW.14",NA,-83.47845,-83.42166,35.07382,35.02734,"LITU","Liriodendron tulipifera"
"4536",1885,"pm.821",NA,-83.47845,-83.42166,35.07382,35.02734,"LITU","Liriodendron tulipifera"
"4537",1884,"BC1",NA,-83.47845,-83.42166,35.07382,35.02734,"LITU","Liriodendron tulipifera"
"4538",1884,"HC12",NA,-83.47845,-83.42166,35.07382,35.02734,"LITU","Liriodendron tulipifera"
"4539",1884,"HC13",NA,-83.47845,-83.42166,35.07382,35.02734,"LITU","Liriodendron tulipifera"
"4540",1884,"HC1",NA,-83.47845,-83.42166,35.07382,35.02734,"LITU","Liriodendron tulipifera"
"4541",1884,"BC2",0.48,-83.47845,-83.42166,35.07382,35.02734,"LITU","Liriodendron tulipifera"
"4542",1884,"HC2",NA,-83.47845,-83.42166,35.07382,35.02734,"LITU","Liriodendron tulipifera"
"4543",1884,"HCU.10",NA,-83.47845,-83.42166,35.07382,35.02734,"LITU","Liriodendron tulipifera"
"4544",1884,"HCU.1",NA,-83.47845,-83.42166,35.07382,35.02734,"LITU","Liriodendron tulipifera"
"4545",1884,"HCU.2",NA,-83.47845,-83.42166,35.07382,35.02734,"LITU","Liriodendron tulipifera"
"4546",1884,"HCU.3",NA,-83.47845,-83.42166,35.07382,35.02734,"LITU","Liriodendron tulipifera"
"4547",1884,"PB.9",NA,-83.47845,-83.42166,35.07382,35.02734,"LITU","Liriodendron tulipifera"
"4548",1884,"PB.1",NA,-83.47845,-83.42166,35.07382,35.02734,"LITU","Liriodendron tulipifera"
"4549",1884,"WB.6",NA,-83.47845,-83.42166,35.07382,35.02734,"LITU","Liriodendron tulipifera"
"4550",1884,"WB.4",NA,-83.47845,-83.42166,35.07382,35.02734,"LITU","Liriodendron tulipifera"
"4551",1884,"WB.5",NA,-83.47845,-83.42166,35.07382,35.02734,"LITU","Liriodendron tulipifera"
"4552",1884,"WB.2",NA,-83.47845,-83.42166,35.07382,35.02734,"LITU","Liriodendron tulipifera"
"4553",1884,"WB.3",NA,-83.47845,-83.42166,35.07382,35.02734,"LITU","Liriodendron tulipifera"
"4554",1884,"CB.8",NA,-83.47845,-83.42166,35.07382,35.02734,"LITU","Liriodendron tulipifera"
"4555",1884,"RB.2",NA,-83.47845,-83.42166,35.07382,35.02734,"LITU","Liriodendron tulipifera"
"4556",1884,"RB.5",NA,-83.47845,-83.42166,35.07382,35.02734,"LITU","Liriodendron tulipifera"
"4557",1884,"RB.8",NA,-83.47845,-83.42166,35.07382,35.02734,"LITU","Liriodendron tulipifera"
"4558",1884,"RB.6",NA,-83.47845,-83.42166,35.07382,35.02734,"LITU","Liriodendron tulipifera"
"4559",1884,"RB.9",NA,-83.47845,-83.42166,35.07382,35.02734,"LITU","Liriodendron tulipifera"
"4560",1884,"RB.7",NA,-83.47845,-83.42166,35.07382,35.02734,"LITU","Liriodendron tulipifera"
"4561",1884,"RB.1",NA,-83.47845,-83.42166,35.07382,35.02734,"LITU","Liriodendron tulipifera"
"4562",1884,"HW.20",NA,-83.47845,-83.42166,35.07382,35.02734,"LITU","Liriodendron tulipifera"
"4563",1884,"HW.15",NA,-83.47845,-83.42166,35.07382,35.02734,"LITU","Liriodendron tulipifera"
"4564",1884,"HW.17",NA,-83.47845,-83.42166,35.07382,35.02734,"LITU","Liriodendron tulipifera"
"4565",1884,"HLC.17",NA,-83.47845,-83.42166,35.07382,35.02734,"LITU","Liriodendron tulipifera"
"4566",1884,"HLC.18",NA,-83.47845,-83.42166,35.07382,35.02734,"LITU","Liriodendron tulipifera"
"4567",1884,"HLC.1",NA,-83.47845,-83.42166,35.07382,35.02734,"LITU","Liriodendron tulipifera"
"4568",1884,"USF.24",NA,-83.47845,-83.42166,35.07382,35.02734,"LITU","Liriodendron tulipifera"
"4569",1884,"BC.20",NA,-83.47845,-83.42166,35.07382,35.02734,"LITU","Liriodendron tulipifera"
"4570",1884,"CB.12",NA,-83.47845,-83.42166,35.07382,35.02734,"LITU","Liriodendron tulipifera"
"4571",1884,"HW.14",NA,-83.47845,-83.42166,35.07382,35.02734,"LITU","Liriodendron tulipifera"
"4572",1884,"pm.821",NA,-83.47845,-83.42166,35.07382,35.02734,"LITU","Liriodendron tulipifera"
"4573",1883,"BC1",NA,-83.47845,-83.42166,35.07382,35.02734,"LITU","Liriodendron tulipifera"
"4574",1883,"HC12",NA,-83.47845,-83.42166,35.07382,35.02734,"LITU","Liriodendron tulipifera"
"4575",1883,"HC13",NA,-83.47845,-83.42166,35.07382,35.02734,"LITU","Liriodendron tulipifera"
"4576",1883,"HC1",NA,-83.47845,-83.42166,35.07382,35.02734,"LITU","Liriodendron tulipifera"
"4577",1883,"BC2",0.509,-83.47845,-83.42166,35.07382,35.02734,"LITU","Liriodendron tulipifera"
"4578",1883,"HC2",NA,-83.47845,-83.42166,35.07382,35.02734,"LITU","Liriodendron tulipifera"
"4579",1883,"HCU.10",NA,-83.47845,-83.42166,35.07382,35.02734,"LITU","Liriodendron tulipifera"
"4580",1883,"HCU.1",NA,-83.47845,-83.42166,35.07382,35.02734,"LITU","Liriodendron tulipifera"
"4581",1883,"HCU.2",NA,-83.47845,-83.42166,35.07382,35.02734,"LITU","Liriodendron tulipifera"
"4582",1883,"HCU.3",NA,-83.47845,-83.42166,35.07382,35.02734,"LITU","Liriodendron tulipifera"
"4583",1883,"PB.9",NA,-83.47845,-83.42166,35.07382,35.02734,"LITU","Liriodendron tulipifera"
"4584",1883,"PB.1",NA,-83.47845,-83.42166,35.07382,35.02734,"LITU","Liriodendron tulipifera"
"4585",1883,"WB.6",NA,-83.47845,-83.42166,35.07382,35.02734,"LITU","Liriodendron tulipifera"
"4586",1883,"WB.4",NA,-83.47845,-83.42166,35.07382,35.02734,"LITU","Liriodendron tulipifera"
"4587",1883,"WB.5",NA,-83.47845,-83.42166,35.07382,35.02734,"LITU","Liriodendron tulipifera"
"4588",1883,"WB.2",NA,-83.47845,-83.42166,35.07382,35.02734,"LITU","Liriodendron tulipifera"
"4589",1883,"WB.3",NA,-83.47845,-83.42166,35.07382,35.02734,"LITU","Liriodendron tulipifera"
"4590",1883,"CB.8",NA,-83.47845,-83.42166,35.07382,35.02734,"LITU","Liriodendron tulipifera"
"4591",1883,"RB.2",NA,-83.47845,-83.42166,35.07382,35.02734,"LITU","Liriodendron tulipifera"
"4592",1883,"RB.5",NA,-83.47845,-83.42166,35.07382,35.02734,"LITU","Liriodendron tulipifera"
"4593",1883,"RB.8",NA,-83.47845,-83.42166,35.07382,35.02734,"LITU","Liriodendron tulipifera"
"4594",1883,"RB.6",NA,-83.47845,-83.42166,35.07382,35.02734,"LITU","Liriodendron tulipifera"
"4595",1883,"RB.9",NA,-83.47845,-83.42166,35.07382,35.02734,"LITU","Liriodendron tulipifera"
"4596",1883,"RB.7",NA,-83.47845,-83.42166,35.07382,35.02734,"LITU","Liriodendron tulipifera"
"4597",1883,"RB.1",NA,-83.47845,-83.42166,35.07382,35.02734,"LITU","Liriodendron tulipifera"
"4598",1883,"HW.20",NA,-83.47845,-83.42166,35.07382,35.02734,"LITU","Liriodendron tulipifera"
"4599",1883,"HW.15",NA,-83.47845,-83.42166,35.07382,35.02734,"LITU","Liriodendron tulipifera"
"4600",1883,"HW.17",NA,-83.47845,-83.42166,35.07382,35.02734,"LITU","Liriodendron tulipifera"
"4601",1883,"HLC.17",NA,-83.47845,-83.42166,35.07382,35.02734,"LITU","Liriodendron tulipifera"
"4602",1883,"HLC.18",NA,-83.47845,-83.42166,35.07382,35.02734,"LITU","Liriodendron tulipifera"
"4603",1883,"HLC.1",NA,-83.47845,-83.42166,35.07382,35.02734,"LITU","Liriodendron tulipifera"
"4604",1883,"USF.24",NA,-83.47845,-83.42166,35.07382,35.02734,"LITU","Liriodendron tulipifera"
"4605",1883,"BC.20",NA,-83.47845,-83.42166,35.07382,35.02734,"LITU","Liriodendron tulipifera"
"4606",1883,"CB.12",NA,-83.47845,-83.42166,35.07382,35.02734,"LITU","Liriodendron tulipifera"
"4607",1883,"HW.14",NA,-83.47845,-83.42166,35.07382,35.02734,"LITU","Liriodendron tulipifera"
"4608",1883,"pm.821",NA,-83.47845,-83.42166,35.07382,35.02734,"LITU","Liriodendron tulipifera"
"4609",1882,"BC1",NA,-83.47845,-83.42166,35.07382,35.02734,"LITU","Liriodendron tulipifera"
"4610",1882,"HC12",NA,-83.47845,-83.42166,35.07382,35.02734,"LITU","Liriodendron tulipifera"
"4611",1882,"HC13",NA,-83.47845,-83.42166,35.07382,35.02734,"LITU","Liriodendron tulipifera"
"4612",1882,"HC1",NA,-83.47845,-83.42166,35.07382,35.02734,"LITU","Liriodendron tulipifera"
"4613",1882,"BC2",1.059,-83.47845,-83.42166,35.07382,35.02734,"LITU","Liriodendron tulipifera"
"4614",1882,"HC2",NA,-83.47845,-83.42166,35.07382,35.02734,"LITU","Liriodendron tulipifera"
"4615",1882,"HCU.10",NA,-83.47845,-83.42166,35.07382,35.02734,"LITU","Liriodendron tulipifera"
"4616",1882,"HCU.1",NA,-83.47845,-83.42166,35.07382,35.02734,"LITU","Liriodendron tulipifera"
"4617",1882,"HCU.2",NA,-83.47845,-83.42166,35.07382,35.02734,"LITU","Liriodendron tulipifera"
"4618",1882,"HCU.3",NA,-83.47845,-83.42166,35.07382,35.02734,"LITU","Liriodendron tulipifera"
"4619",1882,"PB.9",NA,-83.47845,-83.42166,35.07382,35.02734,"LITU","Liriodendron tulipifera"
"4620",1882,"PB.1",NA,-83.47845,-83.42166,35.07382,35.02734,"LITU","Liriodendron tulipifera"
"4621",1882,"WB.6",NA,-83.47845,-83.42166,35.07382,35.02734,"LITU","Liriodendron tulipifera"
"4622",1882,"WB.4",NA,-83.47845,-83.42166,35.07382,35.02734,"LITU","Liriodendron tulipifera"
"4623",1882,"WB.5",NA,-83.47845,-83.42166,35.07382,35.02734,"LITU","Liriodendron tulipifera"
"4624",1882,"WB.2",NA,-83.47845,-83.42166,35.07382,35.02734,"LITU","Liriodendron tulipifera"
"4625",1882,"WB.3",NA,-83.47845,-83.42166,35.07382,35.02734,"LITU","Liriodendron tulipifera"
"4626",1882,"CB.8",NA,-83.47845,-83.42166,35.07382,35.02734,"LITU","Liriodendron tulipifera"
"4627",1882,"RB.2",NA,-83.47845,-83.42166,35.07382,35.02734,"LITU","Liriodendron tulipifera"
"4628",1882,"RB.5",NA,-83.47845,-83.42166,35.07382,35.02734,"LITU","Liriodendron tulipifera"
"4629",1882,"RB.8",NA,-83.47845,-83.42166,35.07382,35.02734,"LITU","Liriodendron tulipifera"
"4630",1882,"RB.6",NA,-83.47845,-83.42166,35.07382,35.02734,"LITU","Liriodendron tulipifera"
"4631",1882,"RB.9",NA,-83.47845,-83.42166,35.07382,35.02734,"LITU","Liriodendron tulipifera"
"4632",1882,"RB.7",NA,-83.47845,-83.42166,35.07382,35.02734,"LITU","Liriodendron tulipifera"
"4633",1882,"RB.1",NA,-83.47845,-83.42166,35.07382,35.02734,"LITU","Liriodendron tulipifera"
"4634",1882,"HW.20",NA,-83.47845,-83.42166,35.07382,35.02734,"LITU","Liriodendron tulipifera"
"4635",1882,"HW.15",NA,-83.47845,-83.42166,35.07382,35.02734,"LITU","Liriodendron tulipifera"
"4636",1882,"HW.17",NA,-83.47845,-83.42166,35.07382,35.02734,"LITU","Liriodendron tulipifera"
"4637",1882,"HLC.17",NA,-83.47845,-83.42166,35.07382,35.02734,"LITU","Liriodendron tulipifera"
"4638",1882,"HLC.18",NA,-83.47845,-83.42166,35.07382,35.02734,"LITU","Liriodendron tulipifera"
"4639",1882,"HLC.1",NA,-83.47845,-83.42166,35.07382,35.02734,"LITU","Liriodendron tulipifera"
"4640",1882,"USF.24",NA,-83.47845,-83.42166,35.07382,35.02734,"LITU","Liriodendron tulipifera"
"4641",1882,"BC.20",NA,-83.47845,-83.42166,35.07382,35.02734,"LITU","Liriodendron tulipifera"
"4642",1882,"CB.12",NA,-83.47845,-83.42166,35.07382,35.02734,"LITU","Liriodendron tulipifera"
"4643",1882,"HW.14",NA,-83.47845,-83.42166,35.07382,35.02734,"LITU","Liriodendron tulipifera"
"4644",1882,"pm.821",NA,-83.47845,-83.42166,35.07382,35.02734,"LITU","Liriodendron tulipifera"
"4645",1881,"BC1",NA,-83.47845,-83.42166,35.07382,35.02734,"LITU","Liriodendron tulipifera"
"4646",1881,"HC12",NA,-83.47845,-83.42166,35.07382,35.02734,"LITU","Liriodendron tulipifera"
"4647",1881,"HC13",NA,-83.47845,-83.42166,35.07382,35.02734,"LITU","Liriodendron tulipifera"
"4648",1881,"HC1",NA,-83.47845,-83.42166,35.07382,35.02734,"LITU","Liriodendron tulipifera"
"4649",1881,"BC2",0.51,-83.47845,-83.42166,35.07382,35.02734,"LITU","Liriodendron tulipifera"
"4650",1881,"HC2",NA,-83.47845,-83.42166,35.07382,35.02734,"LITU","Liriodendron tulipifera"
"4651",1881,"HCU.10",NA,-83.47845,-83.42166,35.07382,35.02734,"LITU","Liriodendron tulipifera"
"4652",1881,"HCU.1",NA,-83.47845,-83.42166,35.07382,35.02734,"LITU","Liriodendron tulipifera"
"4653",1881,"HCU.2",NA,-83.47845,-83.42166,35.07382,35.02734,"LITU","Liriodendron tulipifera"
"4654",1881,"HCU.3",NA,-83.47845,-83.42166,35.07382,35.02734,"LITU","Liriodendron tulipifera"
"4655",1881,"PB.9",NA,-83.47845,-83.42166,35.07382,35.02734,"LITU","Liriodendron tulipifera"
"4656",1881,"PB.1",NA,-83.47845,-83.42166,35.07382,35.02734,"LITU","Liriodendron tulipifera"
"4657",1881,"WB.6",NA,-83.47845,-83.42166,35.07382,35.02734,"LITU","Liriodendron tulipifera"
"4658",1881,"WB.4",NA,-83.47845,-83.42166,35.07382,35.02734,"LITU","Liriodendron tulipifera"
"4659",1881,"WB.5",NA,-83.47845,-83.42166,35.07382,35.02734,"LITU","Liriodendron tulipifera"
"4660",1881,"WB.2",NA,-83.47845,-83.42166,35.07382,35.02734,"LITU","Liriodendron tulipifera"
"4661",1881,"WB.3",NA,-83.47845,-83.42166,35.07382,35.02734,"LITU","Liriodendron tulipifera"
"4662",1881,"CB.8",NA,-83.47845,-83.42166,35.07382,35.02734,"LITU","Liriodendron tulipifera"
"4663",1881,"RB.2",NA,-83.47845,-83.42166,35.07382,35.02734,"LITU","Liriodendron tulipifera"
"4664",1881,"RB.5",NA,-83.47845,-83.42166,35.07382,35.02734,"LITU","Liriodendron tulipifera"
"4665",1881,"RB.8",NA,-83.47845,-83.42166,35.07382,35.02734,"LITU","Liriodendron tulipifera"
"4666",1881,"RB.6",NA,-83.47845,-83.42166,35.07382,35.02734,"LITU","Liriodendron tulipifera"
"4667",1881,"RB.9",NA,-83.47845,-83.42166,35.07382,35.02734,"LITU","Liriodendron tulipifera"
"4668",1881,"RB.7",NA,-83.47845,-83.42166,35.07382,35.02734,"LITU","Liriodendron tulipifera"
"4669",1881,"RB.1",NA,-83.47845,-83.42166,35.07382,35.02734,"LITU","Liriodendron tulipifera"
"4670",1881,"HW.20",NA,-83.47845,-83.42166,35.07382,35.02734,"LITU","Liriodendron tulipifera"
"4671",1881,"HW.15",NA,-83.47845,-83.42166,35.07382,35.02734,"LITU","Liriodendron tulipifera"
"4672",1881,"HW.17",NA,-83.47845,-83.42166,35.07382,35.02734,"LITU","Liriodendron tulipifera"
"4673",1881,"HLC.17",NA,-83.47845,-83.42166,35.07382,35.02734,"LITU","Liriodendron tulipifera"
"4674",1881,"HLC.18",NA,-83.47845,-83.42166,35.07382,35.02734,"LITU","Liriodendron tulipifera"
"4675",1881,"HLC.1",NA,-83.47845,-83.42166,35.07382,35.02734,"LITU","Liriodendron tulipifera"
"4676",1881,"USF.24",NA,-83.47845,-83.42166,35.07382,35.02734,"LITU","Liriodendron tulipifera"
"4677",1881,"BC.20",NA,-83.47845,-83.42166,35.07382,35.02734,"LITU","Liriodendron tulipifera"
"4678",1881,"CB.12",NA,-83.47845,-83.42166,35.07382,35.02734,"LITU","Liriodendron tulipifera"
"4679",1881,"HW.14",NA,-83.47845,-83.42166,35.07382,35.02734,"LITU","Liriodendron tulipifera"
"4680",1881,"pm.821",NA,-83.47845,-83.42166,35.07382,35.02734,"LITU","Liriodendron tulipifera"
"4681",1880,"BC1",NA,-83.47845,-83.42166,35.07382,35.02734,"LITU","Liriodendron tulipifera"
"4682",1880,"HC12",NA,-83.47845,-83.42166,35.07382,35.02734,"LITU","Liriodendron tulipifera"
"4683",1880,"HC13",NA,-83.47845,-83.42166,35.07382,35.02734,"LITU","Liriodendron tulipifera"
"4684",1880,"HC1",NA,-83.47845,-83.42166,35.07382,35.02734,"LITU","Liriodendron tulipifera"
"4685",1880,"BC2",0.731,-83.47845,-83.42166,35.07382,35.02734,"LITU","Liriodendron tulipifera"
"4686",1880,"HC2",NA,-83.47845,-83.42166,35.07382,35.02734,"LITU","Liriodendron tulipifera"
"4687",1880,"HCU.10",NA,-83.47845,-83.42166,35.07382,35.02734,"LITU","Liriodendron tulipifera"
"4688",1880,"HCU.1",NA,-83.47845,-83.42166,35.07382,35.02734,"LITU","Liriodendron tulipifera"
"4689",1880,"HCU.2",NA,-83.47845,-83.42166,35.07382,35.02734,"LITU","Liriodendron tulipifera"
"4690",1880,"HCU.3",NA,-83.47845,-83.42166,35.07382,35.02734,"LITU","Liriodendron tulipifera"
"4691",1880,"PB.9",NA,-83.47845,-83.42166,35.07382,35.02734,"LITU","Liriodendron tulipifera"
"4692",1880,"PB.1",NA,-83.47845,-83.42166,35.07382,35.02734,"LITU","Liriodendron tulipifera"
"4693",1880,"WB.6",NA,-83.47845,-83.42166,35.07382,35.02734,"LITU","Liriodendron tulipifera"
"4694",1880,"WB.4",NA,-83.47845,-83.42166,35.07382,35.02734,"LITU","Liriodendron tulipifera"
"4695",1880,"WB.5",NA,-83.47845,-83.42166,35.07382,35.02734,"LITU","Liriodendron tulipifera"
"4696",1880,"WB.2",NA,-83.47845,-83.42166,35.07382,35.02734,"LITU","Liriodendron tulipifera"
"4697",1880,"WB.3",NA,-83.47845,-83.42166,35.07382,35.02734,"LITU","Liriodendron tulipifera"
"4698",1880,"CB.8",NA,-83.47845,-83.42166,35.07382,35.02734,"LITU","Liriodendron tulipifera"
"4699",1880,"RB.2",NA,-83.47845,-83.42166,35.07382,35.02734,"LITU","Liriodendron tulipifera"
"4700",1880,"RB.5",NA,-83.47845,-83.42166,35.07382,35.02734,"LITU","Liriodendron tulipifera"
"4701",1880,"RB.8",NA,-83.47845,-83.42166,35.07382,35.02734,"LITU","Liriodendron tulipifera"
"4702",1880,"RB.6",NA,-83.47845,-83.42166,35.07382,35.02734,"LITU","Liriodendron tulipifera"
"4703",1880,"RB.9",NA,-83.47845,-83.42166,35.07382,35.02734,"LITU","Liriodendron tulipifera"
"4704",1880,"RB.7",NA,-83.47845,-83.42166,35.07382,35.02734,"LITU","Liriodendron tulipifera"
"4705",1880,"RB.1",NA,-83.47845,-83.42166,35.07382,35.02734,"LITU","Liriodendron tulipifera"
"4706",1880,"HW.20",NA,-83.47845,-83.42166,35.07382,35.02734,"LITU","Liriodendron tulipifera"
"4707",1880,"HW.15",NA,-83.47845,-83.42166,35.07382,35.02734,"LITU","Liriodendron tulipifera"
"4708",1880,"HW.17",NA,-83.47845,-83.42166,35.07382,35.02734,"LITU","Liriodendron tulipifera"
"4709",1880,"HLC.17",NA,-83.47845,-83.42166,35.07382,35.02734,"LITU","Liriodendron tulipifera"
"4710",1880,"HLC.18",NA,-83.47845,-83.42166,35.07382,35.02734,"LITU","Liriodendron tulipifera"
"4711",1880,"HLC.1",NA,-83.47845,-83.42166,35.07382,35.02734,"LITU","Liriodendron tulipifera"
"4712",1880,"USF.24",NA,-83.47845,-83.42166,35.07382,35.02734,"LITU","Liriodendron tulipifera"
"4713",1880,"BC.20",NA,-83.47845,-83.42166,35.07382,35.02734,"LITU","Liriodendron tulipifera"
"4714",1880,"CB.12",NA,-83.47845,-83.42166,35.07382,35.02734,"LITU","Liriodendron tulipifera"
"4715",1880,"HW.14",NA,-83.47845,-83.42166,35.07382,35.02734,"LITU","Liriodendron tulipifera"
"4716",1880,"pm.821",NA,-83.47845,-83.42166,35.07382,35.02734,"LITU","Liriodendron tulipifera"
"4717",1879,"BC1",NA,-83.47845,-83.42166,35.07382,35.02734,"LITU","Liriodendron tulipifera"
"4718",1879,"HC12",NA,-83.47845,-83.42166,35.07382,35.02734,"LITU","Liriodendron tulipifera"
"4719",1879,"HC13",NA,-83.47845,-83.42166,35.07382,35.02734,"LITU","Liriodendron tulipifera"
"4720",1879,"HC1",NA,-83.47845,-83.42166,35.07382,35.02734,"LITU","Liriodendron tulipifera"
"4721",1879,"BC2",0.555,-83.47845,-83.42166,35.07382,35.02734,"LITU","Liriodendron tulipifera"
"4722",1879,"HC2",NA,-83.47845,-83.42166,35.07382,35.02734,"LITU","Liriodendron tulipifera"
"4723",1879,"HCU.10",NA,-83.47845,-83.42166,35.07382,35.02734,"LITU","Liriodendron tulipifera"
"4724",1879,"HCU.1",NA,-83.47845,-83.42166,35.07382,35.02734,"LITU","Liriodendron tulipifera"
"4725",1879,"HCU.2",NA,-83.47845,-83.42166,35.07382,35.02734,"LITU","Liriodendron tulipifera"
"4726",1879,"HCU.3",NA,-83.47845,-83.42166,35.07382,35.02734,"LITU","Liriodendron tulipifera"
"4727",1879,"PB.9",NA,-83.47845,-83.42166,35.07382,35.02734,"LITU","Liriodendron tulipifera"
"4728",1879,"PB.1",NA,-83.47845,-83.42166,35.07382,35.02734,"LITU","Liriodendron tulipifera"
"4729",1879,"WB.6",NA,-83.47845,-83.42166,35.07382,35.02734,"LITU","Liriodendron tulipifera"
"4730",1879,"WB.4",NA,-83.47845,-83.42166,35.07382,35.02734,"LITU","Liriodendron tulipifera"
"4731",1879,"WB.5",NA,-83.47845,-83.42166,35.07382,35.02734,"LITU","Liriodendron tulipifera"
"4732",1879,"WB.2",NA,-83.47845,-83.42166,35.07382,35.02734,"LITU","Liriodendron tulipifera"
"4733",1879,"WB.3",NA,-83.47845,-83.42166,35.07382,35.02734,"LITU","Liriodendron tulipifera"
"4734",1879,"CB.8",NA,-83.47845,-83.42166,35.07382,35.02734,"LITU","Liriodendron tulipifera"
"4735",1879,"RB.2",NA,-83.47845,-83.42166,35.07382,35.02734,"LITU","Liriodendron tulipifera"
"4736",1879,"RB.5",NA,-83.47845,-83.42166,35.07382,35.02734,"LITU","Liriodendron tulipifera"
"4737",1879,"RB.8",NA,-83.47845,-83.42166,35.07382,35.02734,"LITU","Liriodendron tulipifera"
"4738",1879,"RB.6",NA,-83.47845,-83.42166,35.07382,35.02734,"LITU","Liriodendron tulipifera"
"4739",1879,"RB.9",NA,-83.47845,-83.42166,35.07382,35.02734,"LITU","Liriodendron tulipifera"
"4740",1879,"RB.7",NA,-83.47845,-83.42166,35.07382,35.02734,"LITU","Liriodendron tulipifera"
"4741",1879,"RB.1",NA,-83.47845,-83.42166,35.07382,35.02734,"LITU","Liriodendron tulipifera"
"4742",1879,"HW.20",NA,-83.47845,-83.42166,35.07382,35.02734,"LITU","Liriodendron tulipifera"
"4743",1879,"HW.15",NA,-83.47845,-83.42166,35.07382,35.02734,"LITU","Liriodendron tulipifera"
"4744",1879,"HW.17",NA,-83.47845,-83.42166,35.07382,35.02734,"LITU","Liriodendron tulipifera"
"4745",1879,"HLC.17",NA,-83.47845,-83.42166,35.07382,35.02734,"LITU","Liriodendron tulipifera"
"4746",1879,"HLC.18",NA,-83.47845,-83.42166,35.07382,35.02734,"LITU","Liriodendron tulipifera"
"4747",1879,"HLC.1",NA,-83.47845,-83.42166,35.07382,35.02734,"LITU","Liriodendron tulipifera"
"4748",1879,"USF.24",NA,-83.47845,-83.42166,35.07382,35.02734,"LITU","Liriodendron tulipifera"
"4749",1879,"BC.20",NA,-83.47845,-83.42166,35.07382,35.02734,"LITU","Liriodendron tulipifera"
"4750",1879,"CB.12",NA,-83.47845,-83.42166,35.07382,35.02734,"LITU","Liriodendron tulipifera"
"4751",1879,"HW.14",NA,-83.47845,-83.42166,35.07382,35.02734,"LITU","Liriodendron tulipifera"
"4752",1879,"pm.821",NA,-83.47845,-83.42166,35.07382,35.02734,"LITU","Liriodendron tulipifera"
"4753",1878,"BC1",NA,-83.47845,-83.42166,35.07382,35.02734,"LITU","Liriodendron tulipifera"
"4754",1878,"HC12",NA,-83.47845,-83.42166,35.07382,35.02734,"LITU","Liriodendron tulipifera"
"4755",1878,"HC13",NA,-83.47845,-83.42166,35.07382,35.02734,"LITU","Liriodendron tulipifera"
"4756",1878,"HC1",NA,-83.47845,-83.42166,35.07382,35.02734,"LITU","Liriodendron tulipifera"
"4757",1878,"BC2",0.885,-83.47845,-83.42166,35.07382,35.02734,"LITU","Liriodendron tulipifera"
"4758",1878,"HC2",NA,-83.47845,-83.42166,35.07382,35.02734,"LITU","Liriodendron tulipifera"
"4759",1878,"HCU.10",NA,-83.47845,-83.42166,35.07382,35.02734,"LITU","Liriodendron tulipifera"
"4760",1878,"HCU.1",NA,-83.47845,-83.42166,35.07382,35.02734,"LITU","Liriodendron tulipifera"
"4761",1878,"HCU.2",NA,-83.47845,-83.42166,35.07382,35.02734,"LITU","Liriodendron tulipifera"
"4762",1878,"HCU.3",NA,-83.47845,-83.42166,35.07382,35.02734,"LITU","Liriodendron tulipifera"
"4763",1878,"PB.9",NA,-83.47845,-83.42166,35.07382,35.02734,"LITU","Liriodendron tulipifera"
"4764",1878,"PB.1",NA,-83.47845,-83.42166,35.07382,35.02734,"LITU","Liriodendron tulipifera"
"4765",1878,"WB.6",NA,-83.47845,-83.42166,35.07382,35.02734,"LITU","Liriodendron tulipifera"
"4766",1878,"WB.4",NA,-83.47845,-83.42166,35.07382,35.02734,"LITU","Liriodendron tulipifera"
"4767",1878,"WB.5",NA,-83.47845,-83.42166,35.07382,35.02734,"LITU","Liriodendron tulipifera"
"4768",1878,"WB.2",NA,-83.47845,-83.42166,35.07382,35.02734,"LITU","Liriodendron tulipifera"
"4769",1878,"WB.3",NA,-83.47845,-83.42166,35.07382,35.02734,"LITU","Liriodendron tulipifera"
"4770",1878,"CB.8",NA,-83.47845,-83.42166,35.07382,35.02734,"LITU","Liriodendron tulipifera"
"4771",1878,"RB.2",NA,-83.47845,-83.42166,35.07382,35.02734,"LITU","Liriodendron tulipifera"
"4772",1878,"RB.5",NA,-83.47845,-83.42166,35.07382,35.02734,"LITU","Liriodendron tulipifera"
"4773",1878,"RB.8",NA,-83.47845,-83.42166,35.07382,35.02734,"LITU","Liriodendron tulipifera"
"4774",1878,"RB.6",NA,-83.47845,-83.42166,35.07382,35.02734,"LITU","Liriodendron tulipifera"
"4775",1878,"RB.9",NA,-83.47845,-83.42166,35.07382,35.02734,"LITU","Liriodendron tulipifera"
"4776",1878,"RB.7",NA,-83.47845,-83.42166,35.07382,35.02734,"LITU","Liriodendron tulipifera"
"4777",1878,"RB.1",NA,-83.47845,-83.42166,35.07382,35.02734,"LITU","Liriodendron tulipifera"
"4778",1878,"HW.20",NA,-83.47845,-83.42166,35.07382,35.02734,"LITU","Liriodendron tulipifera"
"4779",1878,"HW.15",NA,-83.47845,-83.42166,35.07382,35.02734,"LITU","Liriodendron tulipifera"
"4780",1878,"HW.17",NA,-83.47845,-83.42166,35.07382,35.02734,"LITU","Liriodendron tulipifera"
"4781",1878,"HLC.17",NA,-83.47845,-83.42166,35.07382,35.02734,"LITU","Liriodendron tulipifera"
"4782",1878,"HLC.18",NA,-83.47845,-83.42166,35.07382,35.02734,"LITU","Liriodendron tulipifera"
"4783",1878,"HLC.1",NA,-83.47845,-83.42166,35.07382,35.02734,"LITU","Liriodendron tulipifera"
"4784",1878,"USF.24",NA,-83.47845,-83.42166,35.07382,35.02734,"LITU","Liriodendron tulipifera"
"4785",1878,"BC.20",NA,-83.47845,-83.42166,35.07382,35.02734,"LITU","Liriodendron tulipifera"
"4786",1878,"CB.12",NA,-83.47845,-83.42166,35.07382,35.02734,"LITU","Liriodendron tulipifera"
"4787",1878,"HW.14",NA,-83.47845,-83.42166,35.07382,35.02734,"LITU","Liriodendron tulipifera"
"4788",1878,"pm.821",NA,-83.47845,-83.42166,35.07382,35.02734,"LITU","Liriodendron tulipifera"
"4789",1877,"BC1",NA,-83.47845,-83.42166,35.07382,35.02734,"LITU","Liriodendron tulipifera"
"4790",1877,"HC12",NA,-83.47845,-83.42166,35.07382,35.02734,"LITU","Liriodendron tulipifera"
"4791",1877,"HC13",NA,-83.47845,-83.42166,35.07382,35.02734,"LITU","Liriodendron tulipifera"
"4792",1877,"HC1",NA,-83.47845,-83.42166,35.07382,35.02734,"LITU","Liriodendron tulipifera"
"4793",1877,"BC2",0.862,-83.47845,-83.42166,35.07382,35.02734,"LITU","Liriodendron tulipifera"
"4794",1877,"HC2",NA,-83.47845,-83.42166,35.07382,35.02734,"LITU","Liriodendron tulipifera"
"4795",1877,"HCU.10",NA,-83.47845,-83.42166,35.07382,35.02734,"LITU","Liriodendron tulipifera"
"4796",1877,"HCU.1",NA,-83.47845,-83.42166,35.07382,35.02734,"LITU","Liriodendron tulipifera"
"4797",1877,"HCU.2",NA,-83.47845,-83.42166,35.07382,35.02734,"LITU","Liriodendron tulipifera"
"4798",1877,"HCU.3",NA,-83.47845,-83.42166,35.07382,35.02734,"LITU","Liriodendron tulipifera"
"4799",1877,"PB.9",NA,-83.47845,-83.42166,35.07382,35.02734,"LITU","Liriodendron tulipifera"
"4800",1877,"PB.1",NA,-83.47845,-83.42166,35.07382,35.02734,"LITU","Liriodendron tulipifera"
"4801",1877,"WB.6",NA,-83.47845,-83.42166,35.07382,35.02734,"LITU","Liriodendron tulipifera"
"4802",1877,"WB.4",NA,-83.47845,-83.42166,35.07382,35.02734,"LITU","Liriodendron tulipifera"
"4803",1877,"WB.5",NA,-83.47845,-83.42166,35.07382,35.02734,"LITU","Liriodendron tulipifera"
"4804",1877,"WB.2",NA,-83.47845,-83.42166,35.07382,35.02734,"LITU","Liriodendron tulipifera"
"4805",1877,"WB.3",NA,-83.47845,-83.42166,35.07382,35.02734,"LITU","Liriodendron tulipifera"
"4806",1877,"CB.8",NA,-83.47845,-83.42166,35.07382,35.02734,"LITU","Liriodendron tulipifera"
"4807",1877,"RB.2",NA,-83.47845,-83.42166,35.07382,35.02734,"LITU","Liriodendron tulipifera"
"4808",1877,"RB.5",NA,-83.47845,-83.42166,35.07382,35.02734,"LITU","Liriodendron tulipifera"
"4809",1877,"RB.8",NA,-83.47845,-83.42166,35.07382,35.02734,"LITU","Liriodendron tulipifera"
"4810",1877,"RB.6",NA,-83.47845,-83.42166,35.07382,35.02734,"LITU","Liriodendron tulipifera"
"4811",1877,"RB.9",NA,-83.47845,-83.42166,35.07382,35.02734,"LITU","Liriodendron tulipifera"
"4812",1877,"RB.7",NA,-83.47845,-83.42166,35.07382,35.02734,"LITU","Liriodendron tulipifera"
"4813",1877,"RB.1",NA,-83.47845,-83.42166,35.07382,35.02734,"LITU","Liriodendron tulipifera"
"4814",1877,"HW.20",NA,-83.47845,-83.42166,35.07382,35.02734,"LITU","Liriodendron tulipifera"
"4815",1877,"HW.15",NA,-83.47845,-83.42166,35.07382,35.02734,"LITU","Liriodendron tulipifera"
"4816",1877,"HW.17",NA,-83.47845,-83.42166,35.07382,35.02734,"LITU","Liriodendron tulipifera"
"4817",1877,"HLC.17",NA,-83.47845,-83.42166,35.07382,35.02734,"LITU","Liriodendron tulipifera"
"4818",1877,"HLC.18",NA,-83.47845,-83.42166,35.07382,35.02734,"LITU","Liriodendron tulipifera"
"4819",1877,"HLC.1",NA,-83.47845,-83.42166,35.07382,35.02734,"LITU","Liriodendron tulipifera"
"4820",1877,"USF.24",NA,-83.47845,-83.42166,35.07382,35.02734,"LITU","Liriodendron tulipifera"
"4821",1877,"BC.20",NA,-83.47845,-83.42166,35.07382,35.02734,"LITU","Liriodendron tulipifera"
"4822",1877,"CB.12",NA,-83.47845,-83.42166,35.07382,35.02734,"LITU","Liriodendron tulipifera"
"4823",1877,"HW.14",NA,-83.47845,-83.42166,35.07382,35.02734,"LITU","Liriodendron tulipifera"
"4824",1877,"pm.821",NA,-83.47845,-83.42166,35.07382,35.02734,"LITU","Liriodendron tulipifera"
"4825",1876,"BC1",NA,-83.47845,-83.42166,35.07382,35.02734,"LITU","Liriodendron tulipifera"
"4826",1876,"HC12",NA,-83.47845,-83.42166,35.07382,35.02734,"LITU","Liriodendron tulipifera"
"4827",1876,"HC13",NA,-83.47845,-83.42166,35.07382,35.02734,"LITU","Liriodendron tulipifera"
"4828",1876,"HC1",NA,-83.47845,-83.42166,35.07382,35.02734,"LITU","Liriodendron tulipifera"
"4829",1876,"BC2",0.811,-83.47845,-83.42166,35.07382,35.02734,"LITU","Liriodendron tulipifera"
"4830",1876,"HC2",NA,-83.47845,-83.42166,35.07382,35.02734,"LITU","Liriodendron tulipifera"
"4831",1876,"HCU.10",NA,-83.47845,-83.42166,35.07382,35.02734,"LITU","Liriodendron tulipifera"
"4832",1876,"HCU.1",NA,-83.47845,-83.42166,35.07382,35.02734,"LITU","Liriodendron tulipifera"
"4833",1876,"HCU.2",NA,-83.47845,-83.42166,35.07382,35.02734,"LITU","Liriodendron tulipifera"
"4834",1876,"HCU.3",NA,-83.47845,-83.42166,35.07382,35.02734,"LITU","Liriodendron tulipifera"
"4835",1876,"PB.9",NA,-83.47845,-83.42166,35.07382,35.02734,"LITU","Liriodendron tulipifera"
"4836",1876,"PB.1",NA,-83.47845,-83.42166,35.07382,35.02734,"LITU","Liriodendron tulipifera"
"4837",1876,"WB.6",NA,-83.47845,-83.42166,35.07382,35.02734,"LITU","Liriodendron tulipifera"
"4838",1876,"WB.4",NA,-83.47845,-83.42166,35.07382,35.02734,"LITU","Liriodendron tulipifera"
"4839",1876,"WB.5",NA,-83.47845,-83.42166,35.07382,35.02734,"LITU","Liriodendron tulipifera"
"4840",1876,"WB.2",NA,-83.47845,-83.42166,35.07382,35.02734,"LITU","Liriodendron tulipifera"
"4841",1876,"WB.3",NA,-83.47845,-83.42166,35.07382,35.02734,"LITU","Liriodendron tulipifera"
"4842",1876,"CB.8",NA,-83.47845,-83.42166,35.07382,35.02734,"LITU","Liriodendron tulipifera"
"4843",1876,"RB.2",NA,-83.47845,-83.42166,35.07382,35.02734,"LITU","Liriodendron tulipifera"
"4844",1876,"RB.5",NA,-83.47845,-83.42166,35.07382,35.02734,"LITU","Liriodendron tulipifera"
"4845",1876,"RB.8",NA,-83.47845,-83.42166,35.07382,35.02734,"LITU","Liriodendron tulipifera"
"4846",1876,"RB.6",NA,-83.47845,-83.42166,35.07382,35.02734,"LITU","Liriodendron tulipifera"
"4847",1876,"RB.9",NA,-83.47845,-83.42166,35.07382,35.02734,"LITU","Liriodendron tulipifera"
"4848",1876,"RB.7",NA,-83.47845,-83.42166,35.07382,35.02734,"LITU","Liriodendron tulipifera"
"4849",1876,"RB.1",NA,-83.47845,-83.42166,35.07382,35.02734,"LITU","Liriodendron tulipifera"
"4850",1876,"HW.20",NA,-83.47845,-83.42166,35.07382,35.02734,"LITU","Liriodendron tulipifera"
"4851",1876,"HW.15",NA,-83.47845,-83.42166,35.07382,35.02734,"LITU","Liriodendron tulipifera"
"4852",1876,"HW.17",NA,-83.47845,-83.42166,35.07382,35.02734,"LITU","Liriodendron tulipifera"
"4853",1876,"HLC.17",NA,-83.47845,-83.42166,35.07382,35.02734,"LITU","Liriodendron tulipifera"
"4854",1876,"HLC.18",NA,-83.47845,-83.42166,35.07382,35.02734,"LITU","Liriodendron tulipifera"
"4855",1876,"HLC.1",NA,-83.47845,-83.42166,35.07382,35.02734,"LITU","Liriodendron tulipifera"
"4856",1876,"USF.24",NA,-83.47845,-83.42166,35.07382,35.02734,"LITU","Liriodendron tulipifera"
"4857",1876,"BC.20",NA,-83.47845,-83.42166,35.07382,35.02734,"LITU","Liriodendron tulipifera"
"4858",1876,"CB.12",NA,-83.47845,-83.42166,35.07382,35.02734,"LITU","Liriodendron tulipifera"
"4859",1876,"HW.14",NA,-83.47845,-83.42166,35.07382,35.02734,"LITU","Liriodendron tulipifera"
"4860",1876,"pm.821",NA,-83.47845,-83.42166,35.07382,35.02734,"LITU","Liriodendron tulipifera"
"4861",1875,"BC1",NA,-83.47845,-83.42166,35.07382,35.02734,"LITU","Liriodendron tulipifera"
"4862",1875,"HC12",NA,-83.47845,-83.42166,35.07382,35.02734,"LITU","Liriodendron tulipifera"
"4863",1875,"HC13",NA,-83.47845,-83.42166,35.07382,35.02734,"LITU","Liriodendron tulipifera"
"4864",1875,"HC1",NA,-83.47845,-83.42166,35.07382,35.02734,"LITU","Liriodendron tulipifera"
"4865",1875,"BC2",1.135,-83.47845,-83.42166,35.07382,35.02734,"LITU","Liriodendron tulipifera"
"4866",1875,"HC2",NA,-83.47845,-83.42166,35.07382,35.02734,"LITU","Liriodendron tulipifera"
"4867",1875,"HCU.10",NA,-83.47845,-83.42166,35.07382,35.02734,"LITU","Liriodendron tulipifera"
"4868",1875,"HCU.1",NA,-83.47845,-83.42166,35.07382,35.02734,"LITU","Liriodendron tulipifera"
"4869",1875,"HCU.2",NA,-83.47845,-83.42166,35.07382,35.02734,"LITU","Liriodendron tulipifera"
"4870",1875,"HCU.3",NA,-83.47845,-83.42166,35.07382,35.02734,"LITU","Liriodendron tulipifera"
"4871",1875,"PB.9",NA,-83.47845,-83.42166,35.07382,35.02734,"LITU","Liriodendron tulipifera"
"4872",1875,"PB.1",NA,-83.47845,-83.42166,35.07382,35.02734,"LITU","Liriodendron tulipifera"
"4873",1875,"WB.6",NA,-83.47845,-83.42166,35.07382,35.02734,"LITU","Liriodendron tulipifera"
"4874",1875,"WB.4",NA,-83.47845,-83.42166,35.07382,35.02734,"LITU","Liriodendron tulipifera"
"4875",1875,"WB.5",NA,-83.47845,-83.42166,35.07382,35.02734,"LITU","Liriodendron tulipifera"
"4876",1875,"WB.2",NA,-83.47845,-83.42166,35.07382,35.02734,"LITU","Liriodendron tulipifera"
"4877",1875,"WB.3",NA,-83.47845,-83.42166,35.07382,35.02734,"LITU","Liriodendron tulipifera"
"4878",1875,"CB.8",NA,-83.47845,-83.42166,35.07382,35.02734,"LITU","Liriodendron tulipifera"
"4879",1875,"RB.2",NA,-83.47845,-83.42166,35.07382,35.02734,"LITU","Liriodendron tulipifera"
"4880",1875,"RB.5",NA,-83.47845,-83.42166,35.07382,35.02734,"LITU","Liriodendron tulipifera"
"4881",1875,"RB.8",NA,-83.47845,-83.42166,35.07382,35.02734,"LITU","Liriodendron tulipifera"
"4882",1875,"RB.6",NA,-83.47845,-83.42166,35.07382,35.02734,"LITU","Liriodendron tulipifera"
"4883",1875,"RB.9",NA,-83.47845,-83.42166,35.07382,35.02734,"LITU","Liriodendron tulipifera"
"4884",1875,"RB.7",NA,-83.47845,-83.42166,35.07382,35.02734,"LITU","Liriodendron tulipifera"
"4885",1875,"RB.1",NA,-83.47845,-83.42166,35.07382,35.02734,"LITU","Liriodendron tulipifera"
"4886",1875,"HW.20",NA,-83.47845,-83.42166,35.07382,35.02734,"LITU","Liriodendron tulipifera"
"4887",1875,"HW.15",NA,-83.47845,-83.42166,35.07382,35.02734,"LITU","Liriodendron tulipifera"
"4888",1875,"HW.17",NA,-83.47845,-83.42166,35.07382,35.02734,"LITU","Liriodendron tulipifera"
"4889",1875,"HLC.17",NA,-83.47845,-83.42166,35.07382,35.02734,"LITU","Liriodendron tulipifera"
"4890",1875,"HLC.18",NA,-83.47845,-83.42166,35.07382,35.02734,"LITU","Liriodendron tulipifera"
"4891",1875,"HLC.1",NA,-83.47845,-83.42166,35.07382,35.02734,"LITU","Liriodendron tulipifera"
"4892",1875,"USF.24",NA,-83.47845,-83.42166,35.07382,35.02734,"LITU","Liriodendron tulipifera"
"4893",1875,"BC.20",NA,-83.47845,-83.42166,35.07382,35.02734,"LITU","Liriodendron tulipifera"
"4894",1875,"CB.12",NA,-83.47845,-83.42166,35.07382,35.02734,"LITU","Liriodendron tulipifera"
"4895",1875,"HW.14",NA,-83.47845,-83.42166,35.07382,35.02734,"LITU","Liriodendron tulipifera"
"4896",1875,"pm.821",NA,-83.47845,-83.42166,35.07382,35.02734,"LITU","Liriodendron tulipifera"
"4897",1874,"BC1",NA,-83.47845,-83.42166,35.07382,35.02734,"LITU","Liriodendron tulipifera"
"4898",1874,"HC12",NA,-83.47845,-83.42166,35.07382,35.02734,"LITU","Liriodendron tulipifera"
"4899",1874,"HC13",NA,-83.47845,-83.42166,35.07382,35.02734,"LITU","Liriodendron tulipifera"
"4900",1874,"HC1",NA,-83.47845,-83.42166,35.07382,35.02734,"LITU","Liriodendron tulipifera"
"4901",1874,"BC2",0.901,-83.47845,-83.42166,35.07382,35.02734,"LITU","Liriodendron tulipifera"
"4902",1874,"HC2",NA,-83.47845,-83.42166,35.07382,35.02734,"LITU","Liriodendron tulipifera"
"4903",1874,"HCU.10",NA,-83.47845,-83.42166,35.07382,35.02734,"LITU","Liriodendron tulipifera"
"4904",1874,"HCU.1",NA,-83.47845,-83.42166,35.07382,35.02734,"LITU","Liriodendron tulipifera"
"4905",1874,"HCU.2",NA,-83.47845,-83.42166,35.07382,35.02734,"LITU","Liriodendron tulipifera"
"4906",1874,"HCU.3",NA,-83.47845,-83.42166,35.07382,35.02734,"LITU","Liriodendron tulipifera"
"4907",1874,"PB.9",NA,-83.47845,-83.42166,35.07382,35.02734,"LITU","Liriodendron tulipifera"
"4908",1874,"PB.1",NA,-83.47845,-83.42166,35.07382,35.02734,"LITU","Liriodendron tulipifera"
"4909",1874,"WB.6",NA,-83.47845,-83.42166,35.07382,35.02734,"LITU","Liriodendron tulipifera"
"4910",1874,"WB.4",NA,-83.47845,-83.42166,35.07382,35.02734,"LITU","Liriodendron tulipifera"
"4911",1874,"WB.5",NA,-83.47845,-83.42166,35.07382,35.02734,"LITU","Liriodendron tulipifera"
"4912",1874,"WB.2",NA,-83.47845,-83.42166,35.07382,35.02734,"LITU","Liriodendron tulipifera"
"4913",1874,"WB.3",NA,-83.47845,-83.42166,35.07382,35.02734,"LITU","Liriodendron tulipifera"
"4914",1874,"CB.8",NA,-83.47845,-83.42166,35.07382,35.02734,"LITU","Liriodendron tulipifera"
"4915",1874,"RB.2",NA,-83.47845,-83.42166,35.07382,35.02734,"LITU","Liriodendron tulipifera"
"4916",1874,"RB.5",NA,-83.47845,-83.42166,35.07382,35.02734,"LITU","Liriodendron tulipifera"
"4917",1874,"RB.8",NA,-83.47845,-83.42166,35.07382,35.02734,"LITU","Liriodendron tulipifera"
"4918",1874,"RB.6",NA,-83.47845,-83.42166,35.07382,35.02734,"LITU","Liriodendron tulipifera"
"4919",1874,"RB.9",NA,-83.47845,-83.42166,35.07382,35.02734,"LITU","Liriodendron tulipifera"
"4920",1874,"RB.7",NA,-83.47845,-83.42166,35.07382,35.02734,"LITU","Liriodendron tulipifera"
"4921",1874,"RB.1",NA,-83.47845,-83.42166,35.07382,35.02734,"LITU","Liriodendron tulipifera"
"4922",1874,"HW.20",NA,-83.47845,-83.42166,35.07382,35.02734,"LITU","Liriodendron tulipifera"
"4923",1874,"HW.15",NA,-83.47845,-83.42166,35.07382,35.02734,"LITU","Liriodendron tulipifera"
"4924",1874,"HW.17",NA,-83.47845,-83.42166,35.07382,35.02734,"LITU","Liriodendron tulipifera"
"4925",1874,"HLC.17",NA,-83.47845,-83.42166,35.07382,35.02734,"LITU","Liriodendron tulipifera"
"4926",1874,"HLC.18",NA,-83.47845,-83.42166,35.07382,35.02734,"LITU","Liriodendron tulipifera"
"4927",1874,"HLC.1",NA,-83.47845,-83.42166,35.07382,35.02734,"LITU","Liriodendron tulipifera"
"4928",1874,"USF.24",NA,-83.47845,-83.42166,35.07382,35.02734,"LITU","Liriodendron tulipifera"
"4929",1874,"BC.20",NA,-83.47845,-83.42166,35.07382,35.02734,"LITU","Liriodendron tulipifera"
"4930",1874,"CB.12",NA,-83.47845,-83.42166,35.07382,35.02734,"LITU","Liriodendron tulipifera"
"4931",1874,"HW.14",NA,-83.47845,-83.42166,35.07382,35.02734,"LITU","Liriodendron tulipifera"
"4932",1874,"pm.821",NA,-83.47845,-83.42166,35.07382,35.02734,"LITU","Liriodendron tulipifera"
"4933",1873,"BC1",NA,-83.47845,-83.42166,35.07382,35.02734,"LITU","Liriodendron tulipifera"
"4934",1873,"HC12",NA,-83.47845,-83.42166,35.07382,35.02734,"LITU","Liriodendron tulipifera"
"4935",1873,"HC13",NA,-83.47845,-83.42166,35.07382,35.02734,"LITU","Liriodendron tulipifera"
"4936",1873,"HC1",NA,-83.47845,-83.42166,35.07382,35.02734,"LITU","Liriodendron tulipifera"
"4937",1873,"BC2",0.767,-83.47845,-83.42166,35.07382,35.02734,"LITU","Liriodendron tulipifera"
"4938",1873,"HC2",NA,-83.47845,-83.42166,35.07382,35.02734,"LITU","Liriodendron tulipifera"
"4939",1873,"HCU.10",NA,-83.47845,-83.42166,35.07382,35.02734,"LITU","Liriodendron tulipifera"
"4940",1873,"HCU.1",NA,-83.47845,-83.42166,35.07382,35.02734,"LITU","Liriodendron tulipifera"
"4941",1873,"HCU.2",NA,-83.47845,-83.42166,35.07382,35.02734,"LITU","Liriodendron tulipifera"
"4942",1873,"HCU.3",NA,-83.47845,-83.42166,35.07382,35.02734,"LITU","Liriodendron tulipifera"
"4943",1873,"PB.9",NA,-83.47845,-83.42166,35.07382,35.02734,"LITU","Liriodendron tulipifera"
"4944",1873,"PB.1",NA,-83.47845,-83.42166,35.07382,35.02734,"LITU","Liriodendron tulipifera"
"4945",1873,"WB.6",NA,-83.47845,-83.42166,35.07382,35.02734,"LITU","Liriodendron tulipifera"
"4946",1873,"WB.4",NA,-83.47845,-83.42166,35.07382,35.02734,"LITU","Liriodendron tulipifera"
"4947",1873,"WB.5",NA,-83.47845,-83.42166,35.07382,35.02734,"LITU","Liriodendron tulipifera"
"4948",1873,"WB.2",NA,-83.47845,-83.42166,35.07382,35.02734,"LITU","Liriodendron tulipifera"
"4949",1873,"WB.3",NA,-83.47845,-83.42166,35.07382,35.02734,"LITU","Liriodendron tulipifera"
"4950",1873,"CB.8",NA,-83.47845,-83.42166,35.07382,35.02734,"LITU","Liriodendron tulipifera"
"4951",1873,"RB.2",NA,-83.47845,-83.42166,35.07382,35.02734,"LITU","Liriodendron tulipifera"
"4952",1873,"RB.5",NA,-83.47845,-83.42166,35.07382,35.02734,"LITU","Liriodendron tulipifera"
"4953",1873,"RB.8",NA,-83.47845,-83.42166,35.07382,35.02734,"LITU","Liriodendron tulipifera"
"4954",1873,"RB.6",NA,-83.47845,-83.42166,35.07382,35.02734,"LITU","Liriodendron tulipifera"
"4955",1873,"RB.9",NA,-83.47845,-83.42166,35.07382,35.02734,"LITU","Liriodendron tulipifera"
"4956",1873,"RB.7",NA,-83.47845,-83.42166,35.07382,35.02734,"LITU","Liriodendron tulipifera"
"4957",1873,"RB.1",NA,-83.47845,-83.42166,35.07382,35.02734,"LITU","Liriodendron tulipifera"
"4958",1873,"HW.20",NA,-83.47845,-83.42166,35.07382,35.02734,"LITU","Liriodendron tulipifera"
"4959",1873,"HW.15",NA,-83.47845,-83.42166,35.07382,35.02734,"LITU","Liriodendron tulipifera"
"4960",1873,"HW.17",NA,-83.47845,-83.42166,35.07382,35.02734,"LITU","Liriodendron tulipifera"
"4961",1873,"HLC.17",NA,-83.47845,-83.42166,35.07382,35.02734,"LITU","Liriodendron tulipifera"
"4962",1873,"HLC.18",NA,-83.47845,-83.42166,35.07382,35.02734,"LITU","Liriodendron tulipifera"
"4963",1873,"HLC.1",NA,-83.47845,-83.42166,35.07382,35.02734,"LITU","Liriodendron tulipifera"
"4964",1873,"USF.24",NA,-83.47845,-83.42166,35.07382,35.02734,"LITU","Liriodendron tulipifera"
"4965",1873,"BC.20",NA,-83.47845,-83.42166,35.07382,35.02734,"LITU","Liriodendron tulipifera"
"4966",1873,"CB.12",NA,-83.47845,-83.42166,35.07382,35.02734,"LITU","Liriodendron tulipifera"
"4967",1873,"HW.14",NA,-83.47845,-83.42166,35.07382,35.02734,"LITU","Liriodendron tulipifera"
"4968",1873,"pm.821",NA,-83.47845,-83.42166,35.07382,35.02734,"LITU","Liriodendron tulipifera"
"4969",1872,"BC1",NA,-83.47845,-83.42166,35.07382,35.02734,"LITU","Liriodendron tulipifera"
"4970",1872,"HC12",NA,-83.47845,-83.42166,35.07382,35.02734,"LITU","Liriodendron tulipifera"
"4971",1872,"HC13",NA,-83.47845,-83.42166,35.07382,35.02734,"LITU","Liriodendron tulipifera"
"4972",1872,"HC1",NA,-83.47845,-83.42166,35.07382,35.02734,"LITU","Liriodendron tulipifera"
"4973",1872,"BC2",0.83,-83.47845,-83.42166,35.07382,35.02734,"LITU","Liriodendron tulipifera"
"4974",1872,"HC2",NA,-83.47845,-83.42166,35.07382,35.02734,"LITU","Liriodendron tulipifera"
"4975",1872,"HCU.10",NA,-83.47845,-83.42166,35.07382,35.02734,"LITU","Liriodendron tulipifera"
"4976",1872,"HCU.1",NA,-83.47845,-83.42166,35.07382,35.02734,"LITU","Liriodendron tulipifera"
"4977",1872,"HCU.2",NA,-83.47845,-83.42166,35.07382,35.02734,"LITU","Liriodendron tulipifera"
"4978",1872,"HCU.3",NA,-83.47845,-83.42166,35.07382,35.02734,"LITU","Liriodendron tulipifera"
"4979",1872,"PB.9",NA,-83.47845,-83.42166,35.07382,35.02734,"LITU","Liriodendron tulipifera"
"4980",1872,"PB.1",NA,-83.47845,-83.42166,35.07382,35.02734,"LITU","Liriodendron tulipifera"
"4981",1872,"WB.6",NA,-83.47845,-83.42166,35.07382,35.02734,"LITU","Liriodendron tulipifera"
"4982",1872,"WB.4",NA,-83.47845,-83.42166,35.07382,35.02734,"LITU","Liriodendron tulipifera"
"4983",1872,"WB.5",NA,-83.47845,-83.42166,35.07382,35.02734,"LITU","Liriodendron tulipifera"
"4984",1872,"WB.2",NA,-83.47845,-83.42166,35.07382,35.02734,"LITU","Liriodendron tulipifera"
"4985",1872,"WB.3",NA,-83.47845,-83.42166,35.07382,35.02734,"LITU","Liriodendron tulipifera"
"4986",1872,"CB.8",NA,-83.47845,-83.42166,35.07382,35.02734,"LITU","Liriodendron tulipifera"
"4987",1872,"RB.2",NA,-83.47845,-83.42166,35.07382,35.02734,"LITU","Liriodendron tulipifera"
"4988",1872,"RB.5",NA,-83.47845,-83.42166,35.07382,35.02734,"LITU","Liriodendron tulipifera"
"4989",1872,"RB.8",NA,-83.47845,-83.42166,35.07382,35.02734,"LITU","Liriodendron tulipifera"
"4990",1872,"RB.6",NA,-83.47845,-83.42166,35.07382,35.02734,"LITU","Liriodendron tulipifera"
"4991",1872,"RB.9",NA,-83.47845,-83.42166,35.07382,35.02734,"LITU","Liriodendron tulipifera"
"4992",1872,"RB.7",NA,-83.47845,-83.42166,35.07382,35.02734,"LITU","Liriodendron tulipifera"
"4993",1872,"RB.1",NA,-83.47845,-83.42166,35.07382,35.02734,"LITU","Liriodendron tulipifera"
"4994",1872,"HW.20",NA,-83.47845,-83.42166,35.07382,35.02734,"LITU","Liriodendron tulipifera"
"4995",1872,"HW.15",NA,-83.47845,-83.42166,35.07382,35.02734,"LITU","Liriodendron tulipifera"
"4996",1872,"HW.17",NA,-83.47845,-83.42166,35.07382,35.02734,"LITU","Liriodendron tulipifera"
"4997",1872,"HLC.17",NA,-83.47845,-83.42166,35.07382,35.02734,"LITU","Liriodendron tulipifera"
"4998",1872,"HLC.18",NA,-83.47845,-83.42166,35.07382,35.02734,"LITU","Liriodendron tulipifera"
"4999",1872,"HLC.1",NA,-83.47845,-83.42166,35.07382,35.02734,"LITU","Liriodendron tulipifera"
"5000",1872,"USF.24",NA,-83.47845,-83.42166,35.07382,35.02734,"LITU","Liriodendron tulipifera"
"5001",1872,"BC.20",NA,-83.47845,-83.42166,35.07382,35.02734,"LITU","Liriodendron tulipifera"
"5002",1872,"CB.12",NA,-83.47845,-83.42166,35.07382,35.02734,"LITU","Liriodendron tulipifera"
"5003",1872,"HW.14",NA,-83.47845,-83.42166,35.07382,35.02734,"LITU","Liriodendron tulipifera"
"5004",1872,"pm.821",NA,-83.47845,-83.42166,35.07382,35.02734,"LITU","Liriodendron tulipifera"
"5005",1871,"BC1",NA,-83.47845,-83.42166,35.07382,35.02734,"LITU","Liriodendron tulipifera"
"5006",1871,"HC12",NA,-83.47845,-83.42166,35.07382,35.02734,"LITU","Liriodendron tulipifera"
"5007",1871,"HC13",NA,-83.47845,-83.42166,35.07382,35.02734,"LITU","Liriodendron tulipifera"
"5008",1871,"HC1",NA,-83.47845,-83.42166,35.07382,35.02734,"LITU","Liriodendron tulipifera"
"5009",1871,"BC2",0.906,-83.47845,-83.42166,35.07382,35.02734,"LITU","Liriodendron tulipifera"
"5010",1871,"HC2",NA,-83.47845,-83.42166,35.07382,35.02734,"LITU","Liriodendron tulipifera"
"5011",1871,"HCU.10",NA,-83.47845,-83.42166,35.07382,35.02734,"LITU","Liriodendron tulipifera"
"5012",1871,"HCU.1",NA,-83.47845,-83.42166,35.07382,35.02734,"LITU","Liriodendron tulipifera"
"5013",1871,"HCU.2",NA,-83.47845,-83.42166,35.07382,35.02734,"LITU","Liriodendron tulipifera"
"5014",1871,"HCU.3",NA,-83.47845,-83.42166,35.07382,35.02734,"LITU","Liriodendron tulipifera"
"5015",1871,"PB.9",NA,-83.47845,-83.42166,35.07382,35.02734,"LITU","Liriodendron tulipifera"
"5016",1871,"PB.1",NA,-83.47845,-83.42166,35.07382,35.02734,"LITU","Liriodendron tulipifera"
"5017",1871,"WB.6",NA,-83.47845,-83.42166,35.07382,35.02734,"LITU","Liriodendron tulipifera"
"5018",1871,"WB.4",NA,-83.47845,-83.42166,35.07382,35.02734,"LITU","Liriodendron tulipifera"
"5019",1871,"WB.5",NA,-83.47845,-83.42166,35.07382,35.02734,"LITU","Liriodendron tulipifera"
"5020",1871,"WB.2",NA,-83.47845,-83.42166,35.07382,35.02734,"LITU","Liriodendron tulipifera"
"5021",1871,"WB.3",NA,-83.47845,-83.42166,35.07382,35.02734,"LITU","Liriodendron tulipifera"
"5022",1871,"CB.8",NA,-83.47845,-83.42166,35.07382,35.02734,"LITU","Liriodendron tulipifera"
"5023",1871,"RB.2",NA,-83.47845,-83.42166,35.07382,35.02734,"LITU","Liriodendron tulipifera"
"5024",1871,"RB.5",NA,-83.47845,-83.42166,35.07382,35.02734,"LITU","Liriodendron tulipifera"
"5025",1871,"RB.8",NA,-83.47845,-83.42166,35.07382,35.02734,"LITU","Liriodendron tulipifera"
"5026",1871,"RB.6",NA,-83.47845,-83.42166,35.07382,35.02734,"LITU","Liriodendron tulipifera"
"5027",1871,"RB.9",NA,-83.47845,-83.42166,35.07382,35.02734,"LITU","Liriodendron tulipifera"
"5028",1871,"RB.7",NA,-83.47845,-83.42166,35.07382,35.02734,"LITU","Liriodendron tulipifera"
"5029",1871,"RB.1",NA,-83.47845,-83.42166,35.07382,35.02734,"LITU","Liriodendron tulipifera"
"5030",1871,"HW.20",NA,-83.47845,-83.42166,35.07382,35.02734,"LITU","Liriodendron tulipifera"
"5031",1871,"HW.15",NA,-83.47845,-83.42166,35.07382,35.02734,"LITU","Liriodendron tulipifera"
"5032",1871,"HW.17",NA,-83.47845,-83.42166,35.07382,35.02734,"LITU","Liriodendron tulipifera"
"5033",1871,"HLC.17",NA,-83.47845,-83.42166,35.07382,35.02734,"LITU","Liriodendron tulipifera"
"5034",1871,"HLC.18",NA,-83.47845,-83.42166,35.07382,35.02734,"LITU","Liriodendron tulipifera"
"5035",1871,"HLC.1",NA,-83.47845,-83.42166,35.07382,35.02734,"LITU","Liriodendron tulipifera"
"5036",1871,"USF.24",NA,-83.47845,-83.42166,35.07382,35.02734,"LITU","Liriodendron tulipifera"
"5037",1871,"BC.20",NA,-83.47845,-83.42166,35.07382,35.02734,"LITU","Liriodendron tulipifera"
"5038",1871,"CB.12",NA,-83.47845,-83.42166,35.07382,35.02734,"LITU","Liriodendron tulipifera"
"5039",1871,"HW.14",NA,-83.47845,-83.42166,35.07382,35.02734,"LITU","Liriodendron tulipifera"
"5040",1871,"pm.821",NA,-83.47845,-83.42166,35.07382,35.02734,"LITU","Liriodendron tulipifera"
"5041",1870,"BC1",NA,-83.47845,-83.42166,35.07382,35.02734,"LITU","Liriodendron tulipifera"
"5042",1870,"HC12",NA,-83.47845,-83.42166,35.07382,35.02734,"LITU","Liriodendron tulipifera"
"5043",1870,"HC13",NA,-83.47845,-83.42166,35.07382,35.02734,"LITU","Liriodendron tulipifera"
"5044",1870,"HC1",NA,-83.47845,-83.42166,35.07382,35.02734,"LITU","Liriodendron tulipifera"
"5045",1870,"BC2",0.585,-83.47845,-83.42166,35.07382,35.02734,"LITU","Liriodendron tulipifera"
"5046",1870,"HC2",NA,-83.47845,-83.42166,35.07382,35.02734,"LITU","Liriodendron tulipifera"
"5047",1870,"HCU.10",NA,-83.47845,-83.42166,35.07382,35.02734,"LITU","Liriodendron tulipifera"
"5048",1870,"HCU.1",NA,-83.47845,-83.42166,35.07382,35.02734,"LITU","Liriodendron tulipifera"
"5049",1870,"HCU.2",NA,-83.47845,-83.42166,35.07382,35.02734,"LITU","Liriodendron tulipifera"
"5050",1870,"HCU.3",NA,-83.47845,-83.42166,35.07382,35.02734,"LITU","Liriodendron tulipifera"
"5051",1870,"PB.9",NA,-83.47845,-83.42166,35.07382,35.02734,"LITU","Liriodendron tulipifera"
"5052",1870,"PB.1",NA,-83.47845,-83.42166,35.07382,35.02734,"LITU","Liriodendron tulipifera"
"5053",1870,"WB.6",NA,-83.47845,-83.42166,35.07382,35.02734,"LITU","Liriodendron tulipifera"
"5054",1870,"WB.4",NA,-83.47845,-83.42166,35.07382,35.02734,"LITU","Liriodendron tulipifera"
"5055",1870,"WB.5",NA,-83.47845,-83.42166,35.07382,35.02734,"LITU","Liriodendron tulipifera"
"5056",1870,"WB.2",NA,-83.47845,-83.42166,35.07382,35.02734,"LITU","Liriodendron tulipifera"
"5057",1870,"WB.3",NA,-83.47845,-83.42166,35.07382,35.02734,"LITU","Liriodendron tulipifera"
"5058",1870,"CB.8",NA,-83.47845,-83.42166,35.07382,35.02734,"LITU","Liriodendron tulipifera"
"5059",1870,"RB.2",NA,-83.47845,-83.42166,35.07382,35.02734,"LITU","Liriodendron tulipifera"
"5060",1870,"RB.5",NA,-83.47845,-83.42166,35.07382,35.02734,"LITU","Liriodendron tulipifera"
"5061",1870,"RB.8",NA,-83.47845,-83.42166,35.07382,35.02734,"LITU","Liriodendron tulipifera"
"5062",1870,"RB.6",NA,-83.47845,-83.42166,35.07382,35.02734,"LITU","Liriodendron tulipifera"
"5063",1870,"RB.9",NA,-83.47845,-83.42166,35.07382,35.02734,"LITU","Liriodendron tulipifera"
"5064",1870,"RB.7",NA,-83.47845,-83.42166,35.07382,35.02734,"LITU","Liriodendron tulipifera"
"5065",1870,"RB.1",NA,-83.47845,-83.42166,35.07382,35.02734,"LITU","Liriodendron tulipifera"
"5066",1870,"HW.20",NA,-83.47845,-83.42166,35.07382,35.02734,"LITU","Liriodendron tulipifera"
"5067",1870,"HW.15",NA,-83.47845,-83.42166,35.07382,35.02734,"LITU","Liriodendron tulipifera"
"5068",1870,"HW.17",NA,-83.47845,-83.42166,35.07382,35.02734,"LITU","Liriodendron tulipifera"
"5069",1870,"HLC.17",NA,-83.47845,-83.42166,35.07382,35.02734,"LITU","Liriodendron tulipifera"
"5070",1870,"HLC.18",NA,-83.47845,-83.42166,35.07382,35.02734,"LITU","Liriodendron tulipifera"
"5071",1870,"HLC.1",NA,-83.47845,-83.42166,35.07382,35.02734,"LITU","Liriodendron tulipifera"
"5072",1870,"USF.24",NA,-83.47845,-83.42166,35.07382,35.02734,"LITU","Liriodendron tulipifera"
"5073",1870,"BC.20",NA,-83.47845,-83.42166,35.07382,35.02734,"LITU","Liriodendron tulipifera"
"5074",1870,"CB.12",NA,-83.47845,-83.42166,35.07382,35.02734,"LITU","Liriodendron tulipifera"
"5075",1870,"HW.14",NA,-83.47845,-83.42166,35.07382,35.02734,"LITU","Liriodendron tulipifera"
"5076",1870,"pm.821",NA,-83.47845,-83.42166,35.07382,35.02734,"LITU","Liriodendron tulipifera"
"5077",1869,"BC1",NA,-83.47845,-83.42166,35.07382,35.02734,"LITU","Liriodendron tulipifera"
"5078",1869,"HC12",NA,-83.47845,-83.42166,35.07382,35.02734,"LITU","Liriodendron tulipifera"
"5079",1869,"HC13",NA,-83.47845,-83.42166,35.07382,35.02734,"LITU","Liriodendron tulipifera"
"5080",1869,"HC1",NA,-83.47845,-83.42166,35.07382,35.02734,"LITU","Liriodendron tulipifera"
"5081",1869,"BC2",0.654,-83.47845,-83.42166,35.07382,35.02734,"LITU","Liriodendron tulipifera"
"5082",1869,"HC2",NA,-83.47845,-83.42166,35.07382,35.02734,"LITU","Liriodendron tulipifera"
"5083",1869,"HCU.10",NA,-83.47845,-83.42166,35.07382,35.02734,"LITU","Liriodendron tulipifera"
"5084",1869,"HCU.1",NA,-83.47845,-83.42166,35.07382,35.02734,"LITU","Liriodendron tulipifera"
"5085",1869,"HCU.2",NA,-83.47845,-83.42166,35.07382,35.02734,"LITU","Liriodendron tulipifera"
"5086",1869,"HCU.3",NA,-83.47845,-83.42166,35.07382,35.02734,"LITU","Liriodendron tulipifera"
"5087",1869,"PB.9",NA,-83.47845,-83.42166,35.07382,35.02734,"LITU","Liriodendron tulipifera"
"5088",1869,"PB.1",NA,-83.47845,-83.42166,35.07382,35.02734,"LITU","Liriodendron tulipifera"
"5089",1869,"WB.6",NA,-83.47845,-83.42166,35.07382,35.02734,"LITU","Liriodendron tulipifera"
"5090",1869,"WB.4",NA,-83.47845,-83.42166,35.07382,35.02734,"LITU","Liriodendron tulipifera"
"5091",1869,"WB.5",NA,-83.47845,-83.42166,35.07382,35.02734,"LITU","Liriodendron tulipifera"
"5092",1869,"WB.2",NA,-83.47845,-83.42166,35.07382,35.02734,"LITU","Liriodendron tulipifera"
"5093",1869,"WB.3",NA,-83.47845,-83.42166,35.07382,35.02734,"LITU","Liriodendron tulipifera"
"5094",1869,"CB.8",NA,-83.47845,-83.42166,35.07382,35.02734,"LITU","Liriodendron tulipifera"
"5095",1869,"RB.2",NA,-83.47845,-83.42166,35.07382,35.02734,"LITU","Liriodendron tulipifera"
"5096",1869,"RB.5",NA,-83.47845,-83.42166,35.07382,35.02734,"LITU","Liriodendron tulipifera"
"5097",1869,"RB.8",NA,-83.47845,-83.42166,35.07382,35.02734,"LITU","Liriodendron tulipifera"
"5098",1869,"RB.6",NA,-83.47845,-83.42166,35.07382,35.02734,"LITU","Liriodendron tulipifera"
"5099",1869,"RB.9",NA,-83.47845,-83.42166,35.07382,35.02734,"LITU","Liriodendron tulipifera"
"5100",1869,"RB.7",NA,-83.47845,-83.42166,35.07382,35.02734,"LITU","Liriodendron tulipifera"
"5101",1869,"RB.1",NA,-83.47845,-83.42166,35.07382,35.02734,"LITU","Liriodendron tulipifera"
"5102",1869,"HW.20",NA,-83.47845,-83.42166,35.07382,35.02734,"LITU","Liriodendron tulipifera"
"5103",1869,"HW.15",NA,-83.47845,-83.42166,35.07382,35.02734,"LITU","Liriodendron tulipifera"
"5104",1869,"HW.17",NA,-83.47845,-83.42166,35.07382,35.02734,"LITU","Liriodendron tulipifera"
"5105",1869,"HLC.17",NA,-83.47845,-83.42166,35.07382,35.02734,"LITU","Liriodendron tulipifera"
"5106",1869,"HLC.18",NA,-83.47845,-83.42166,35.07382,35.02734,"LITU","Liriodendron tulipifera"
"5107",1869,"HLC.1",NA,-83.47845,-83.42166,35.07382,35.02734,"LITU","Liriodendron tulipifera"
"5108",1869,"USF.24",NA,-83.47845,-83.42166,35.07382,35.02734,"LITU","Liriodendron tulipifera"
"5109",1869,"BC.20",NA,-83.47845,-83.42166,35.07382,35.02734,"LITU","Liriodendron tulipifera"
"5110",1869,"CB.12",NA,-83.47845,-83.42166,35.07382,35.02734,"LITU","Liriodendron tulipifera"
"5111",1869,"HW.14",NA,-83.47845,-83.42166,35.07382,35.02734,"LITU","Liriodendron tulipifera"
"5112",1869,"pm.821",NA,-83.47845,-83.42166,35.07382,35.02734,"LITU","Liriodendron tulipifera"
"5113",1868,"BC1",NA,-83.47845,-83.42166,35.07382,35.02734,"LITU","Liriodendron tulipifera"
"5114",1868,"HC12",NA,-83.47845,-83.42166,35.07382,35.02734,"LITU","Liriodendron tulipifera"
"5115",1868,"HC13",NA,-83.47845,-83.42166,35.07382,35.02734,"LITU","Liriodendron tulipifera"
"5116",1868,"HC1",NA,-83.47845,-83.42166,35.07382,35.02734,"LITU","Liriodendron tulipifera"
"5117",1868,"BC2",0.651,-83.47845,-83.42166,35.07382,35.02734,"LITU","Liriodendron tulipifera"
"5118",1868,"HC2",NA,-83.47845,-83.42166,35.07382,35.02734,"LITU","Liriodendron tulipifera"
"5119",1868,"HCU.10",NA,-83.47845,-83.42166,35.07382,35.02734,"LITU","Liriodendron tulipifera"
"5120",1868,"HCU.1",NA,-83.47845,-83.42166,35.07382,35.02734,"LITU","Liriodendron tulipifera"
"5121",1868,"HCU.2",NA,-83.47845,-83.42166,35.07382,35.02734,"LITU","Liriodendron tulipifera"
"5122",1868,"HCU.3",NA,-83.47845,-83.42166,35.07382,35.02734,"LITU","Liriodendron tulipifera"
"5123",1868,"PB.9",NA,-83.47845,-83.42166,35.07382,35.02734,"LITU","Liriodendron tulipifera"
"5124",1868,"PB.1",NA,-83.47845,-83.42166,35.07382,35.02734,"LITU","Liriodendron tulipifera"
"5125",1868,"WB.6",NA,-83.47845,-83.42166,35.07382,35.02734,"LITU","Liriodendron tulipifera"
"5126",1868,"WB.4",NA,-83.47845,-83.42166,35.07382,35.02734,"LITU","Liriodendron tulipifera"
"5127",1868,"WB.5",NA,-83.47845,-83.42166,35.07382,35.02734,"LITU","Liriodendron tulipifera"
"5128",1868,"WB.2",NA,-83.47845,-83.42166,35.07382,35.02734,"LITU","Liriodendron tulipifera"
"5129",1868,"WB.3",NA,-83.47845,-83.42166,35.07382,35.02734,"LITU","Liriodendron tulipifera"
"5130",1868,"CB.8",NA,-83.47845,-83.42166,35.07382,35.02734,"LITU","Liriodendron tulipifera"
"5131",1868,"RB.2",NA,-83.47845,-83.42166,35.07382,35.02734,"LITU","Liriodendron tulipifera"
"5132",1868,"RB.5",NA,-83.47845,-83.42166,35.07382,35.02734,"LITU","Liriodendron tulipifera"
"5133",1868,"RB.8",NA,-83.47845,-83.42166,35.07382,35.02734,"LITU","Liriodendron tulipifera"
"5134",1868,"RB.6",NA,-83.47845,-83.42166,35.07382,35.02734,"LITU","Liriodendron tulipifera"
"5135",1868,"RB.9",NA,-83.47845,-83.42166,35.07382,35.02734,"LITU","Liriodendron tulipifera"
"5136",1868,"RB.7",NA,-83.47845,-83.42166,35.07382,35.02734,"LITU","Liriodendron tulipifera"
"5137",1868,"RB.1",NA,-83.47845,-83.42166,35.07382,35.02734,"LITU","Liriodendron tulipifera"
"5138",1868,"HW.20",NA,-83.47845,-83.42166,35.07382,35.02734,"LITU","Liriodendron tulipifera"
"5139",1868,"HW.15",NA,-83.47845,-83.42166,35.07382,35.02734,"LITU","Liriodendron tulipifera"
"5140",1868,"HW.17",NA,-83.47845,-83.42166,35.07382,35.02734,"LITU","Liriodendron tulipifera"
"5141",1868,"HLC.17",NA,-83.47845,-83.42166,35.07382,35.02734,"LITU","Liriodendron tulipifera"
"5142",1868,"HLC.18",NA,-83.47845,-83.42166,35.07382,35.02734,"LITU","Liriodendron tulipifera"
"5143",1868,"HLC.1",NA,-83.47845,-83.42166,35.07382,35.02734,"LITU","Liriodendron tulipifera"
"5144",1868,"USF.24",NA,-83.47845,-83.42166,35.07382,35.02734,"LITU","Liriodendron tulipifera"
"5145",1868,"BC.20",NA,-83.47845,-83.42166,35.07382,35.02734,"LITU","Liriodendron tulipifera"
"5146",1868,"CB.12",NA,-83.47845,-83.42166,35.07382,35.02734,"LITU","Liriodendron tulipifera"
"5147",1868,"HW.14",NA,-83.47845,-83.42166,35.07382,35.02734,"LITU","Liriodendron tulipifera"
"5148",1868,"pm.821",NA,-83.47845,-83.42166,35.07382,35.02734,"LITU","Liriodendron tulipifera"
"5149",1867,"BC1",NA,-83.47845,-83.42166,35.07382,35.02734,"LITU","Liriodendron tulipifera"
"5150",1867,"HC12",NA,-83.47845,-83.42166,35.07382,35.02734,"LITU","Liriodendron tulipifera"
"5151",1867,"HC13",NA,-83.47845,-83.42166,35.07382,35.02734,"LITU","Liriodendron tulipifera"
"5152",1867,"HC1",NA,-83.47845,-83.42166,35.07382,35.02734,"LITU","Liriodendron tulipifera"
"5153",1867,"BC2",1.007,-83.47845,-83.42166,35.07382,35.02734,"LITU","Liriodendron tulipifera"
"5154",1867,"HC2",NA,-83.47845,-83.42166,35.07382,35.02734,"LITU","Liriodendron tulipifera"
"5155",1867,"HCU.10",NA,-83.47845,-83.42166,35.07382,35.02734,"LITU","Liriodendron tulipifera"
"5156",1867,"HCU.1",NA,-83.47845,-83.42166,35.07382,35.02734,"LITU","Liriodendron tulipifera"
"5157",1867,"HCU.2",NA,-83.47845,-83.42166,35.07382,35.02734,"LITU","Liriodendron tulipifera"
"5158",1867,"HCU.3",NA,-83.47845,-83.42166,35.07382,35.02734,"LITU","Liriodendron tulipifera"
"5159",1867,"PB.9",NA,-83.47845,-83.42166,35.07382,35.02734,"LITU","Liriodendron tulipifera"
"5160",1867,"PB.1",NA,-83.47845,-83.42166,35.07382,35.02734,"LITU","Liriodendron tulipifera"
"5161",1867,"WB.6",NA,-83.47845,-83.42166,35.07382,35.02734,"LITU","Liriodendron tulipifera"
"5162",1867,"WB.4",NA,-83.47845,-83.42166,35.07382,35.02734,"LITU","Liriodendron tulipifera"
"5163",1867,"WB.5",NA,-83.47845,-83.42166,35.07382,35.02734,"LITU","Liriodendron tulipifera"
"5164",1867,"WB.2",NA,-83.47845,-83.42166,35.07382,35.02734,"LITU","Liriodendron tulipifera"
"5165",1867,"WB.3",NA,-83.47845,-83.42166,35.07382,35.02734,"LITU","Liriodendron tulipifera"
"5166",1867,"CB.8",NA,-83.47845,-83.42166,35.07382,35.02734,"LITU","Liriodendron tulipifera"
"5167",1867,"RB.2",NA,-83.47845,-83.42166,35.07382,35.02734,"LITU","Liriodendron tulipifera"
"5168",1867,"RB.5",NA,-83.47845,-83.42166,35.07382,35.02734,"LITU","Liriodendron tulipifera"
"5169",1867,"RB.8",NA,-83.47845,-83.42166,35.07382,35.02734,"LITU","Liriodendron tulipifera"
"5170",1867,"RB.6",NA,-83.47845,-83.42166,35.07382,35.02734,"LITU","Liriodendron tulipifera"
"5171",1867,"RB.9",NA,-83.47845,-83.42166,35.07382,35.02734,"LITU","Liriodendron tulipifera"
"5172",1867,"RB.7",NA,-83.47845,-83.42166,35.07382,35.02734,"LITU","Liriodendron tulipifera"
"5173",1867,"RB.1",NA,-83.47845,-83.42166,35.07382,35.02734,"LITU","Liriodendron tulipifera"
"5174",1867,"HW.20",NA,-83.47845,-83.42166,35.07382,35.02734,"LITU","Liriodendron tulipifera"
"5175",1867,"HW.15",NA,-83.47845,-83.42166,35.07382,35.02734,"LITU","Liriodendron tulipifera"
"5176",1867,"HW.17",NA,-83.47845,-83.42166,35.07382,35.02734,"LITU","Liriodendron tulipifera"
"5177",1867,"HLC.17",NA,-83.47845,-83.42166,35.07382,35.02734,"LITU","Liriodendron tulipifera"
"5178",1867,"HLC.18",NA,-83.47845,-83.42166,35.07382,35.02734,"LITU","Liriodendron tulipifera"
"5179",1867,"HLC.1",NA,-83.47845,-83.42166,35.07382,35.02734,"LITU","Liriodendron tulipifera"
"5180",1867,"USF.24",NA,-83.47845,-83.42166,35.07382,35.02734,"LITU","Liriodendron tulipifera"
"5181",1867,"BC.20",NA,-83.47845,-83.42166,35.07382,35.02734,"LITU","Liriodendron tulipifera"
"5182",1867,"CB.12",NA,-83.47845,-83.42166,35.07382,35.02734,"LITU","Liriodendron tulipifera"
"5183",1867,"HW.14",NA,-83.47845,-83.42166,35.07382,35.02734,"LITU","Liriodendron tulipifera"
"5184",1867,"pm.821",NA,-83.47845,-83.42166,35.07382,35.02734,"LITU","Liriodendron tulipifera"
"5185",1866,"BC1",NA,-83.47845,-83.42166,35.07382,35.02734,"LITU","Liriodendron tulipifera"
"5186",1866,"HC12",NA,-83.47845,-83.42166,35.07382,35.02734,"LITU","Liriodendron tulipifera"
"5187",1866,"HC13",NA,-83.47845,-83.42166,35.07382,35.02734,"LITU","Liriodendron tulipifera"
"5188",1866,"HC1",NA,-83.47845,-83.42166,35.07382,35.02734,"LITU","Liriodendron tulipifera"
"5189",1866,"BC2",1.039,-83.47845,-83.42166,35.07382,35.02734,"LITU","Liriodendron tulipifera"
"5190",1866,"HC2",NA,-83.47845,-83.42166,35.07382,35.02734,"LITU","Liriodendron tulipifera"
"5191",1866,"HCU.10",NA,-83.47845,-83.42166,35.07382,35.02734,"LITU","Liriodendron tulipifera"
"5192",1866,"HCU.1",NA,-83.47845,-83.42166,35.07382,35.02734,"LITU","Liriodendron tulipifera"
"5193",1866,"HCU.2",NA,-83.47845,-83.42166,35.07382,35.02734,"LITU","Liriodendron tulipifera"
"5194",1866,"HCU.3",NA,-83.47845,-83.42166,35.07382,35.02734,"LITU","Liriodendron tulipifera"
"5195",1866,"PB.9",NA,-83.47845,-83.42166,35.07382,35.02734,"LITU","Liriodendron tulipifera"
"5196",1866,"PB.1",NA,-83.47845,-83.42166,35.07382,35.02734,"LITU","Liriodendron tulipifera"
"5197",1866,"WB.6",NA,-83.47845,-83.42166,35.07382,35.02734,"LITU","Liriodendron tulipifera"
"5198",1866,"WB.4",NA,-83.47845,-83.42166,35.07382,35.02734,"LITU","Liriodendron tulipifera"
"5199",1866,"WB.5",NA,-83.47845,-83.42166,35.07382,35.02734,"LITU","Liriodendron tulipifera"
"5200",1866,"WB.2",NA,-83.47845,-83.42166,35.07382,35.02734,"LITU","Liriodendron tulipifera"
"5201",1866,"WB.3",NA,-83.47845,-83.42166,35.07382,35.02734,"LITU","Liriodendron tulipifera"
"5202",1866,"CB.8",NA,-83.47845,-83.42166,35.07382,35.02734,"LITU","Liriodendron tulipifera"
"5203",1866,"RB.2",NA,-83.47845,-83.42166,35.07382,35.02734,"LITU","Liriodendron tulipifera"
"5204",1866,"RB.5",NA,-83.47845,-83.42166,35.07382,35.02734,"LITU","Liriodendron tulipifera"
"5205",1866,"RB.8",NA,-83.47845,-83.42166,35.07382,35.02734,"LITU","Liriodendron tulipifera"
"5206",1866,"RB.6",NA,-83.47845,-83.42166,35.07382,35.02734,"LITU","Liriodendron tulipifera"
"5207",1866,"RB.9",NA,-83.47845,-83.42166,35.07382,35.02734,"LITU","Liriodendron tulipifera"
"5208",1866,"RB.7",NA,-83.47845,-83.42166,35.07382,35.02734,"LITU","Liriodendron tulipifera"
"5209",1866,"RB.1",NA,-83.47845,-83.42166,35.07382,35.02734,"LITU","Liriodendron tulipifera"
"5210",1866,"HW.20",NA,-83.47845,-83.42166,35.07382,35.02734,"LITU","Liriodendron tulipifera"
"5211",1866,"HW.15",NA,-83.47845,-83.42166,35.07382,35.02734,"LITU","Liriodendron tulipifera"
"5212",1866,"HW.17",NA,-83.47845,-83.42166,35.07382,35.02734,"LITU","Liriodendron tulipifera"
"5213",1866,"HLC.17",NA,-83.47845,-83.42166,35.07382,35.02734,"LITU","Liriodendron tulipifera"
"5214",1866,"HLC.18",NA,-83.47845,-83.42166,35.07382,35.02734,"LITU","Liriodendron tulipifera"
"5215",1866,"HLC.1",NA,-83.47845,-83.42166,35.07382,35.02734,"LITU","Liriodendron tulipifera"
"5216",1866,"USF.24",NA,-83.47845,-83.42166,35.07382,35.02734,"LITU","Liriodendron tulipifera"
"5217",1866,"BC.20",NA,-83.47845,-83.42166,35.07382,35.02734,"LITU","Liriodendron tulipifera"
"5218",1866,"CB.12",NA,-83.47845,-83.42166,35.07382,35.02734,"LITU","Liriodendron tulipifera"
"5219",1866,"HW.14",NA,-83.47845,-83.42166,35.07382,35.02734,"LITU","Liriodendron tulipifera"
"5220",1866,"pm.821",NA,-83.47845,-83.42166,35.07382,35.02734,"LITU","Liriodendron tulipifera"
"5221",1865,"BC1",NA,-83.47845,-83.42166,35.07382,35.02734,"LITU","Liriodendron tulipifera"
"5222",1865,"HC12",NA,-83.47845,-83.42166,35.07382,35.02734,"LITU","Liriodendron tulipifera"
"5223",1865,"HC13",NA,-83.47845,-83.42166,35.07382,35.02734,"LITU","Liriodendron tulipifera"
"5224",1865,"HC1",NA,-83.47845,-83.42166,35.07382,35.02734,"LITU","Liriodendron tulipifera"
"5225",1865,"BC2",0.786,-83.47845,-83.42166,35.07382,35.02734,"LITU","Liriodendron tulipifera"
"5226",1865,"HC2",NA,-83.47845,-83.42166,35.07382,35.02734,"LITU","Liriodendron tulipifera"
"5227",1865,"HCU.10",NA,-83.47845,-83.42166,35.07382,35.02734,"LITU","Liriodendron tulipifera"
"5228",1865,"HCU.1",NA,-83.47845,-83.42166,35.07382,35.02734,"LITU","Liriodendron tulipifera"
"5229",1865,"HCU.2",NA,-83.47845,-83.42166,35.07382,35.02734,"LITU","Liriodendron tulipifera"
"5230",1865,"HCU.3",NA,-83.47845,-83.42166,35.07382,35.02734,"LITU","Liriodendron tulipifera"
"5231",1865,"PB.9",NA,-83.47845,-83.42166,35.07382,35.02734,"LITU","Liriodendron tulipifera"
"5232",1865,"PB.1",NA,-83.47845,-83.42166,35.07382,35.02734,"LITU","Liriodendron tulipifera"
"5233",1865,"WB.6",NA,-83.47845,-83.42166,35.07382,35.02734,"LITU","Liriodendron tulipifera"
"5234",1865,"WB.4",NA,-83.47845,-83.42166,35.07382,35.02734,"LITU","Liriodendron tulipifera"
"5235",1865,"WB.5",NA,-83.47845,-83.42166,35.07382,35.02734,"LITU","Liriodendron tulipifera"
"5236",1865,"WB.2",NA,-83.47845,-83.42166,35.07382,35.02734,"LITU","Liriodendron tulipifera"
"5237",1865,"WB.3",NA,-83.47845,-83.42166,35.07382,35.02734,"LITU","Liriodendron tulipifera"
"5238",1865,"CB.8",NA,-83.47845,-83.42166,35.07382,35.02734,"LITU","Liriodendron tulipifera"
"5239",1865,"RB.2",NA,-83.47845,-83.42166,35.07382,35.02734,"LITU","Liriodendron tulipifera"
"5240",1865,"RB.5",NA,-83.47845,-83.42166,35.07382,35.02734,"LITU","Liriodendron tulipifera"
"5241",1865,"RB.8",NA,-83.47845,-83.42166,35.07382,35.02734,"LITU","Liriodendron tulipifera"
"5242",1865,"RB.6",NA,-83.47845,-83.42166,35.07382,35.02734,"LITU","Liriodendron tulipifera"
"5243",1865,"RB.9",NA,-83.47845,-83.42166,35.07382,35.02734,"LITU","Liriodendron tulipifera"
"5244",1865,"RB.7",NA,-83.47845,-83.42166,35.07382,35.02734,"LITU","Liriodendron tulipifera"
"5245",1865,"RB.1",NA,-83.47845,-83.42166,35.07382,35.02734,"LITU","Liriodendron tulipifera"
"5246",1865,"HW.20",NA,-83.47845,-83.42166,35.07382,35.02734,"LITU","Liriodendron tulipifera"
"5247",1865,"HW.15",NA,-83.47845,-83.42166,35.07382,35.02734,"LITU","Liriodendron tulipifera"
"5248",1865,"HW.17",NA,-83.47845,-83.42166,35.07382,35.02734,"LITU","Liriodendron tulipifera"
"5249",1865,"HLC.17",NA,-83.47845,-83.42166,35.07382,35.02734,"LITU","Liriodendron tulipifera"
"5250",1865,"HLC.18",NA,-83.47845,-83.42166,35.07382,35.02734,"LITU","Liriodendron tulipifera"
"5251",1865,"HLC.1",NA,-83.47845,-83.42166,35.07382,35.02734,"LITU","Liriodendron tulipifera"
"5252",1865,"USF.24",NA,-83.47845,-83.42166,35.07382,35.02734,"LITU","Liriodendron tulipifera"
"5253",1865,"BC.20",NA,-83.47845,-83.42166,35.07382,35.02734,"LITU","Liriodendron tulipifera"
"5254",1865,"CB.12",NA,-83.47845,-83.42166,35.07382,35.02734,"LITU","Liriodendron tulipifera"
"5255",1865,"HW.14",NA,-83.47845,-83.42166,35.07382,35.02734,"LITU","Liriodendron tulipifera"
"5256",1865,"pm.821",NA,-83.47845,-83.42166,35.07382,35.02734,"LITU","Liriodendron tulipifera"
"5257",1864,"BC1",NA,-83.47845,-83.42166,35.07382,35.02734,"LITU","Liriodendron tulipifera"
"5258",1864,"HC12",NA,-83.47845,-83.42166,35.07382,35.02734,"LITU","Liriodendron tulipifera"
"5259",1864,"HC13",NA,-83.47845,-83.42166,35.07382,35.02734,"LITU","Liriodendron tulipifera"
"5260",1864,"HC1",NA,-83.47845,-83.42166,35.07382,35.02734,"LITU","Liriodendron tulipifera"
"5261",1864,"BC2",0.427,-83.47845,-83.42166,35.07382,35.02734,"LITU","Liriodendron tulipifera"
"5262",1864,"HC2",NA,-83.47845,-83.42166,35.07382,35.02734,"LITU","Liriodendron tulipifera"
"5263",1864,"HCU.10",NA,-83.47845,-83.42166,35.07382,35.02734,"LITU","Liriodendron tulipifera"
"5264",1864,"HCU.1",NA,-83.47845,-83.42166,35.07382,35.02734,"LITU","Liriodendron tulipifera"
"5265",1864,"HCU.2",NA,-83.47845,-83.42166,35.07382,35.02734,"LITU","Liriodendron tulipifera"
"5266",1864,"HCU.3",NA,-83.47845,-83.42166,35.07382,35.02734,"LITU","Liriodendron tulipifera"
"5267",1864,"PB.9",NA,-83.47845,-83.42166,35.07382,35.02734,"LITU","Liriodendron tulipifera"
"5268",1864,"PB.1",NA,-83.47845,-83.42166,35.07382,35.02734,"LITU","Liriodendron tulipifera"
"5269",1864,"WB.6",NA,-83.47845,-83.42166,35.07382,35.02734,"LITU","Liriodendron tulipifera"
"5270",1864,"WB.4",NA,-83.47845,-83.42166,35.07382,35.02734,"LITU","Liriodendron tulipifera"
"5271",1864,"WB.5",NA,-83.47845,-83.42166,35.07382,35.02734,"LITU","Liriodendron tulipifera"
"5272",1864,"WB.2",NA,-83.47845,-83.42166,35.07382,35.02734,"LITU","Liriodendron tulipifera"
"5273",1864,"WB.3",NA,-83.47845,-83.42166,35.07382,35.02734,"LITU","Liriodendron tulipifera"
"5274",1864,"CB.8",NA,-83.47845,-83.42166,35.07382,35.02734,"LITU","Liriodendron tulipifera"
"5275",1864,"RB.2",NA,-83.47845,-83.42166,35.07382,35.02734,"LITU","Liriodendron tulipifera"
"5276",1864,"RB.5",NA,-83.47845,-83.42166,35.07382,35.02734,"LITU","Liriodendron tulipifera"
"5277",1864,"RB.8",NA,-83.47845,-83.42166,35.07382,35.02734,"LITU","Liriodendron tulipifera"
"5278",1864,"RB.6",NA,-83.47845,-83.42166,35.07382,35.02734,"LITU","Liriodendron tulipifera"
"5279",1864,"RB.9",NA,-83.47845,-83.42166,35.07382,35.02734,"LITU","Liriodendron tulipifera"
"5280",1864,"RB.7",NA,-83.47845,-83.42166,35.07382,35.02734,"LITU","Liriodendron tulipifera"
"5281",1864,"RB.1",NA,-83.47845,-83.42166,35.07382,35.02734,"LITU","Liriodendron tulipifera"
"5282",1864,"HW.20",NA,-83.47845,-83.42166,35.07382,35.02734,"LITU","Liriodendron tulipifera"
"5283",1864,"HW.15",NA,-83.47845,-83.42166,35.07382,35.02734,"LITU","Liriodendron tulipifera"
"5284",1864,"HW.17",NA,-83.47845,-83.42166,35.07382,35.02734,"LITU","Liriodendron tulipifera"
"5285",1864,"HLC.17",NA,-83.47845,-83.42166,35.07382,35.02734,"LITU","Liriodendron tulipifera"
"5286",1864,"HLC.18",NA,-83.47845,-83.42166,35.07382,35.02734,"LITU","Liriodendron tulipifera"
"5287",1864,"HLC.1",NA,-83.47845,-83.42166,35.07382,35.02734,"LITU","Liriodendron tulipifera"
"5288",1864,"USF.24",NA,-83.47845,-83.42166,35.07382,35.02734,"LITU","Liriodendron tulipifera"
"5289",1864,"BC.20",NA,-83.47845,-83.42166,35.07382,35.02734,"LITU","Liriodendron tulipifera"
"5290",1864,"CB.12",NA,-83.47845,-83.42166,35.07382,35.02734,"LITU","Liriodendron tulipifera"
"5291",1864,"HW.14",NA,-83.47845,-83.42166,35.07382,35.02734,"LITU","Liriodendron tulipifera"
"5292",1864,"pm.821",NA,-83.47845,-83.42166,35.07382,35.02734,"LITU","Liriodendron tulipifera"
"5293",1863,"BC1",NA,-83.47845,-83.42166,35.07382,35.02734,"LITU","Liriodendron tulipifera"
"5294",1863,"HC12",NA,-83.47845,-83.42166,35.07382,35.02734,"LITU","Liriodendron tulipifera"
"5295",1863,"HC13",NA,-83.47845,-83.42166,35.07382,35.02734,"LITU","Liriodendron tulipifera"
"5296",1863,"HC1",NA,-83.47845,-83.42166,35.07382,35.02734,"LITU","Liriodendron tulipifera"
"5297",1863,"BC2",0.705,-83.47845,-83.42166,35.07382,35.02734,"LITU","Liriodendron tulipifera"
"5298",1863,"HC2",NA,-83.47845,-83.42166,35.07382,35.02734,"LITU","Liriodendron tulipifera"
"5299",1863,"HCU.10",NA,-83.47845,-83.42166,35.07382,35.02734,"LITU","Liriodendron tulipifera"
"5300",1863,"HCU.1",NA,-83.47845,-83.42166,35.07382,35.02734,"LITU","Liriodendron tulipifera"
"5301",1863,"HCU.2",NA,-83.47845,-83.42166,35.07382,35.02734,"LITU","Liriodendron tulipifera"
"5302",1863,"HCU.3",NA,-83.47845,-83.42166,35.07382,35.02734,"LITU","Liriodendron tulipifera"
"5303",1863,"PB.9",NA,-83.47845,-83.42166,35.07382,35.02734,"LITU","Liriodendron tulipifera"
"5304",1863,"PB.1",NA,-83.47845,-83.42166,35.07382,35.02734,"LITU","Liriodendron tulipifera"
"5305",1863,"WB.6",NA,-83.47845,-83.42166,35.07382,35.02734,"LITU","Liriodendron tulipifera"
"5306",1863,"WB.4",NA,-83.47845,-83.42166,35.07382,35.02734,"LITU","Liriodendron tulipifera"
"5307",1863,"WB.5",NA,-83.47845,-83.42166,35.07382,35.02734,"LITU","Liriodendron tulipifera"
"5308",1863,"WB.2",NA,-83.47845,-83.42166,35.07382,35.02734,"LITU","Liriodendron tulipifera"
"5309",1863,"WB.3",NA,-83.47845,-83.42166,35.07382,35.02734,"LITU","Liriodendron tulipifera"
"5310",1863,"CB.8",NA,-83.47845,-83.42166,35.07382,35.02734,"LITU","Liriodendron tulipifera"
"5311",1863,"RB.2",NA,-83.47845,-83.42166,35.07382,35.02734,"LITU","Liriodendron tulipifera"
"5312",1863,"RB.5",NA,-83.47845,-83.42166,35.07382,35.02734,"LITU","Liriodendron tulipifera"
"5313",1863,"RB.8",NA,-83.47845,-83.42166,35.07382,35.02734,"LITU","Liriodendron tulipifera"
"5314",1863,"RB.6",NA,-83.47845,-83.42166,35.07382,35.02734,"LITU","Liriodendron tulipifera"
"5315",1863,"RB.9",NA,-83.47845,-83.42166,35.07382,35.02734,"LITU","Liriodendron tulipifera"
"5316",1863,"RB.7",NA,-83.47845,-83.42166,35.07382,35.02734,"LITU","Liriodendron tulipifera"
"5317",1863,"RB.1",NA,-83.47845,-83.42166,35.07382,35.02734,"LITU","Liriodendron tulipifera"
"5318",1863,"HW.20",NA,-83.47845,-83.42166,35.07382,35.02734,"LITU","Liriodendron tulipifera"
"5319",1863,"HW.15",NA,-83.47845,-83.42166,35.07382,35.02734,"LITU","Liriodendron tulipifera"
"5320",1863,"HW.17",NA,-83.47845,-83.42166,35.07382,35.02734,"LITU","Liriodendron tulipifera"
"5321",1863,"HLC.17",NA,-83.47845,-83.42166,35.07382,35.02734,"LITU","Liriodendron tulipifera"
"5322",1863,"HLC.18",NA,-83.47845,-83.42166,35.07382,35.02734,"LITU","Liriodendron tulipifera"
"5323",1863,"HLC.1",NA,-83.47845,-83.42166,35.07382,35.02734,"LITU","Liriodendron tulipifera"
"5324",1863,"USF.24",NA,-83.47845,-83.42166,35.07382,35.02734,"LITU","Liriodendron tulipifera"
"5325",1863,"BC.20",NA,-83.47845,-83.42166,35.07382,35.02734,"LITU","Liriodendron tulipifera"
"5326",1863,"CB.12",NA,-83.47845,-83.42166,35.07382,35.02734,"LITU","Liriodendron tulipifera"
"5327",1863,"HW.14",NA,-83.47845,-83.42166,35.07382,35.02734,"LITU","Liriodendron tulipifera"
"5328",1863,"pm.821",NA,-83.47845,-83.42166,35.07382,35.02734,"LITU","Liriodendron tulipifera"
"5329",1862,"BC1",NA,-83.47845,-83.42166,35.07382,35.02734,"LITU","Liriodendron tulipifera"
"5330",1862,"HC12",NA,-83.47845,-83.42166,35.07382,35.02734,"LITU","Liriodendron tulipifera"
"5331",1862,"HC13",NA,-83.47845,-83.42166,35.07382,35.02734,"LITU","Liriodendron tulipifera"
"5332",1862,"HC1",NA,-83.47845,-83.42166,35.07382,35.02734,"LITU","Liriodendron tulipifera"
"5333",1862,"BC2",0.778,-83.47845,-83.42166,35.07382,35.02734,"LITU","Liriodendron tulipifera"
"5334",1862,"HC2",NA,-83.47845,-83.42166,35.07382,35.02734,"LITU","Liriodendron tulipifera"
"5335",1862,"HCU.10",NA,-83.47845,-83.42166,35.07382,35.02734,"LITU","Liriodendron tulipifera"
"5336",1862,"HCU.1",NA,-83.47845,-83.42166,35.07382,35.02734,"LITU","Liriodendron tulipifera"
"5337",1862,"HCU.2",NA,-83.47845,-83.42166,35.07382,35.02734,"LITU","Liriodendron tulipifera"
"5338",1862,"HCU.3",NA,-83.47845,-83.42166,35.07382,35.02734,"LITU","Liriodendron tulipifera"
"5339",1862,"PB.9",NA,-83.47845,-83.42166,35.07382,35.02734,"LITU","Liriodendron tulipifera"
"5340",1862,"PB.1",NA,-83.47845,-83.42166,35.07382,35.02734,"LITU","Liriodendron tulipifera"
"5341",1862,"WB.6",NA,-83.47845,-83.42166,35.07382,35.02734,"LITU","Liriodendron tulipifera"
"5342",1862,"WB.4",NA,-83.47845,-83.42166,35.07382,35.02734,"LITU","Liriodendron tulipifera"
"5343",1862,"WB.5",NA,-83.47845,-83.42166,35.07382,35.02734,"LITU","Liriodendron tulipifera"
"5344",1862,"WB.2",NA,-83.47845,-83.42166,35.07382,35.02734,"LITU","Liriodendron tulipifera"
"5345",1862,"WB.3",NA,-83.47845,-83.42166,35.07382,35.02734,"LITU","Liriodendron tulipifera"
"5346",1862,"CB.8",NA,-83.47845,-83.42166,35.07382,35.02734,"LITU","Liriodendron tulipifera"
"5347",1862,"RB.2",NA,-83.47845,-83.42166,35.07382,35.02734,"LITU","Liriodendron tulipifera"
"5348",1862,"RB.5",NA,-83.47845,-83.42166,35.07382,35.02734,"LITU","Liriodendron tulipifera"
"5349",1862,"RB.8",NA,-83.47845,-83.42166,35.07382,35.02734,"LITU","Liriodendron tulipifera"
"5350",1862,"RB.6",NA,-83.47845,-83.42166,35.07382,35.02734,"LITU","Liriodendron tulipifera"
"5351",1862,"RB.9",NA,-83.47845,-83.42166,35.07382,35.02734,"LITU","Liriodendron tulipifera"
"5352",1862,"RB.7",NA,-83.47845,-83.42166,35.07382,35.02734,"LITU","Liriodendron tulipifera"
"5353",1862,"RB.1",NA,-83.47845,-83.42166,35.07382,35.02734,"LITU","Liriodendron tulipifera"
"5354",1862,"HW.20",NA,-83.47845,-83.42166,35.07382,35.02734,"LITU","Liriodendron tulipifera"
"5355",1862,"HW.15",NA,-83.47845,-83.42166,35.07382,35.02734,"LITU","Liriodendron tulipifera"
"5356",1862,"HW.17",NA,-83.47845,-83.42166,35.07382,35.02734,"LITU","Liriodendron tulipifera"
"5357",1862,"HLC.17",NA,-83.47845,-83.42166,35.07382,35.02734,"LITU","Liriodendron tulipifera"
"5358",1862,"HLC.18",NA,-83.47845,-83.42166,35.07382,35.02734,"LITU","Liriodendron tulipifera"
"5359",1862,"HLC.1",NA,-83.47845,-83.42166,35.07382,35.02734,"LITU","Liriodendron tulipifera"
"5360",1862,"USF.24",NA,-83.47845,-83.42166,35.07382,35.02734,"LITU","Liriodendron tulipifera"
"5361",1862,"BC.20",NA,-83.47845,-83.42166,35.07382,35.02734,"LITU","Liriodendron tulipifera"
"5362",1862,"CB.12",NA,-83.47845,-83.42166,35.07382,35.02734,"LITU","Liriodendron tulipifera"
"5363",1862,"HW.14",NA,-83.47845,-83.42166,35.07382,35.02734,"LITU","Liriodendron tulipifera"
"5364",1862,"pm.821",NA,-83.47845,-83.42166,35.07382,35.02734,"LITU","Liriodendron tulipifera"
"5365",1861,"BC1",NA,-83.47845,-83.42166,35.07382,35.02734,"LITU","Liriodendron tulipifera"
"5366",1861,"HC12",NA,-83.47845,-83.42166,35.07382,35.02734,"LITU","Liriodendron tulipifera"
"5367",1861,"HC13",NA,-83.47845,-83.42166,35.07382,35.02734,"LITU","Liriodendron tulipifera"
"5368",1861,"HC1",NA,-83.47845,-83.42166,35.07382,35.02734,"LITU","Liriodendron tulipifera"
"5369",1861,"BC2",0.575,-83.47845,-83.42166,35.07382,35.02734,"LITU","Liriodendron tulipifera"
"5370",1861,"HC2",NA,-83.47845,-83.42166,35.07382,35.02734,"LITU","Liriodendron tulipifera"
"5371",1861,"HCU.10",NA,-83.47845,-83.42166,35.07382,35.02734,"LITU","Liriodendron tulipifera"
"5372",1861,"HCU.1",NA,-83.47845,-83.42166,35.07382,35.02734,"LITU","Liriodendron tulipifera"
"5373",1861,"HCU.2",NA,-83.47845,-83.42166,35.07382,35.02734,"LITU","Liriodendron tulipifera"
"5374",1861,"HCU.3",NA,-83.47845,-83.42166,35.07382,35.02734,"LITU","Liriodendron tulipifera"
"5375",1861,"PB.9",NA,-83.47845,-83.42166,35.07382,35.02734,"LITU","Liriodendron tulipifera"
"5376",1861,"PB.1",NA,-83.47845,-83.42166,35.07382,35.02734,"LITU","Liriodendron tulipifera"
"5377",1861,"WB.6",NA,-83.47845,-83.42166,35.07382,35.02734,"LITU","Liriodendron tulipifera"
"5378",1861,"WB.4",NA,-83.47845,-83.42166,35.07382,35.02734,"LITU","Liriodendron tulipifera"
"5379",1861,"WB.5",NA,-83.47845,-83.42166,35.07382,35.02734,"LITU","Liriodendron tulipifera"
"5380",1861,"WB.2",NA,-83.47845,-83.42166,35.07382,35.02734,"LITU","Liriodendron tulipifera"
"5381",1861,"WB.3",NA,-83.47845,-83.42166,35.07382,35.02734,"LITU","Liriodendron tulipifera"
"5382",1861,"CB.8",NA,-83.47845,-83.42166,35.07382,35.02734,"LITU","Liriodendron tulipifera"
"5383",1861,"RB.2",NA,-83.47845,-83.42166,35.07382,35.02734,"LITU","Liriodendron tulipifera"
"5384",1861,"RB.5",NA,-83.47845,-83.42166,35.07382,35.02734,"LITU","Liriodendron tulipifera"
"5385",1861,"RB.8",NA,-83.47845,-83.42166,35.07382,35.02734,"LITU","Liriodendron tulipifera"
"5386",1861,"RB.6",NA,-83.47845,-83.42166,35.07382,35.02734,"LITU","Liriodendron tulipifera"
"5387",1861,"RB.9",NA,-83.47845,-83.42166,35.07382,35.02734,"LITU","Liriodendron tulipifera"
"5388",1861,"RB.7",NA,-83.47845,-83.42166,35.07382,35.02734,"LITU","Liriodendron tulipifera"
"5389",1861,"RB.1",NA,-83.47845,-83.42166,35.07382,35.02734,"LITU","Liriodendron tulipifera"
"5390",1861,"HW.20",NA,-83.47845,-83.42166,35.07382,35.02734,"LITU","Liriodendron tulipifera"
"5391",1861,"HW.15",NA,-83.47845,-83.42166,35.07382,35.02734,"LITU","Liriodendron tulipifera"
"5392",1861,"HW.17",NA,-83.47845,-83.42166,35.07382,35.02734,"LITU","Liriodendron tulipifera"
"5393",1861,"HLC.17",NA,-83.47845,-83.42166,35.07382,35.02734,"LITU","Liriodendron tulipifera"
"5394",1861,"HLC.18",NA,-83.47845,-83.42166,35.07382,35.02734,"LITU","Liriodendron tulipifera"
"5395",1861,"HLC.1",NA,-83.47845,-83.42166,35.07382,35.02734,"LITU","Liriodendron tulipifera"
"5396",1861,"USF.24",NA,-83.47845,-83.42166,35.07382,35.02734,"LITU","Liriodendron tulipifera"
"5397",1861,"BC.20",NA,-83.47845,-83.42166,35.07382,35.02734,"LITU","Liriodendron tulipifera"
"5398",1861,"CB.12",NA,-83.47845,-83.42166,35.07382,35.02734,"LITU","Liriodendron tulipifera"
"5399",1861,"HW.14",NA,-83.47845,-83.42166,35.07382,35.02734,"LITU","Liriodendron tulipifera"
"5400",1861,"pm.821",NA,-83.47845,-83.42166,35.07382,35.02734,"LITU","Liriodendron tulipifera"
"5401",1860,"BC1",NA,-83.47845,-83.42166,35.07382,35.02734,"LITU","Liriodendron tulipifera"
"5402",1860,"HC12",NA,-83.47845,-83.42166,35.07382,35.02734,"LITU","Liriodendron tulipifera"
"5403",1860,"HC13",NA,-83.47845,-83.42166,35.07382,35.02734,"LITU","Liriodendron tulipifera"
"5404",1860,"HC1",NA,-83.47845,-83.42166,35.07382,35.02734,"LITU","Liriodendron tulipifera"
"5405",1860,"BC2",0.661,-83.47845,-83.42166,35.07382,35.02734,"LITU","Liriodendron tulipifera"
"5406",1860,"HC2",NA,-83.47845,-83.42166,35.07382,35.02734,"LITU","Liriodendron tulipifera"
"5407",1860,"HCU.10",NA,-83.47845,-83.42166,35.07382,35.02734,"LITU","Liriodendron tulipifera"
"5408",1860,"HCU.1",NA,-83.47845,-83.42166,35.07382,35.02734,"LITU","Liriodendron tulipifera"
"5409",1860,"HCU.2",NA,-83.47845,-83.42166,35.07382,35.02734,"LITU","Liriodendron tulipifera"
"5410",1860,"HCU.3",NA,-83.47845,-83.42166,35.07382,35.02734,"LITU","Liriodendron tulipifera"
"5411",1860,"PB.9",NA,-83.47845,-83.42166,35.07382,35.02734,"LITU","Liriodendron tulipifera"
"5412",1860,"PB.1",NA,-83.47845,-83.42166,35.07382,35.02734,"LITU","Liriodendron tulipifera"
"5413",1860,"WB.6",NA,-83.47845,-83.42166,35.07382,35.02734,"LITU","Liriodendron tulipifera"
"5414",1860,"WB.4",NA,-83.47845,-83.42166,35.07382,35.02734,"LITU","Liriodendron tulipifera"
"5415",1860,"WB.5",NA,-83.47845,-83.42166,35.07382,35.02734,"LITU","Liriodendron tulipifera"
"5416",1860,"WB.2",NA,-83.47845,-83.42166,35.07382,35.02734,"LITU","Liriodendron tulipifera"
"5417",1860,"WB.3",NA,-83.47845,-83.42166,35.07382,35.02734,"LITU","Liriodendron tulipifera"
"5418",1860,"CB.8",NA,-83.47845,-83.42166,35.07382,35.02734,"LITU","Liriodendron tulipifera"
"5419",1860,"RB.2",NA,-83.47845,-83.42166,35.07382,35.02734,"LITU","Liriodendron tulipifera"
"5420",1860,"RB.5",NA,-83.47845,-83.42166,35.07382,35.02734,"LITU","Liriodendron tulipifera"
"5421",1860,"RB.8",NA,-83.47845,-83.42166,35.07382,35.02734,"LITU","Liriodendron tulipifera"
"5422",1860,"RB.6",NA,-83.47845,-83.42166,35.07382,35.02734,"LITU","Liriodendron tulipifera"
"5423",1860,"RB.9",NA,-83.47845,-83.42166,35.07382,35.02734,"LITU","Liriodendron tulipifera"
"5424",1860,"RB.7",NA,-83.47845,-83.42166,35.07382,35.02734,"LITU","Liriodendron tulipifera"
"5425",1860,"RB.1",NA,-83.47845,-83.42166,35.07382,35.02734,"LITU","Liriodendron tulipifera"
"5426",1860,"HW.20",NA,-83.47845,-83.42166,35.07382,35.02734,"LITU","Liriodendron tulipifera"
"5427",1860,"HW.15",NA,-83.47845,-83.42166,35.07382,35.02734,"LITU","Liriodendron tulipifera"
"5428",1860,"HW.17",NA,-83.47845,-83.42166,35.07382,35.02734,"LITU","Liriodendron tulipifera"
"5429",1860,"HLC.17",NA,-83.47845,-83.42166,35.07382,35.02734,"LITU","Liriodendron tulipifera"
"5430",1860,"HLC.18",NA,-83.47845,-83.42166,35.07382,35.02734,"LITU","Liriodendron tulipifera"
"5431",1860,"HLC.1",NA,-83.47845,-83.42166,35.07382,35.02734,"LITU","Liriodendron tulipifera"
"5432",1860,"USF.24",NA,-83.47845,-83.42166,35.07382,35.02734,"LITU","Liriodendron tulipifera"
"5433",1860,"BC.20",NA,-83.47845,-83.42166,35.07382,35.02734,"LITU","Liriodendron tulipifera"
"5434",1860,"CB.12",NA,-83.47845,-83.42166,35.07382,35.02734,"LITU","Liriodendron tulipifera"
"5435",1860,"HW.14",NA,-83.47845,-83.42166,35.07382,35.02734,"LITU","Liriodendron tulipifera"
"5436",1860,"pm.821",NA,-83.47845,-83.42166,35.07382,35.02734,"LITU","Liriodendron tulipifera"
"5437",1859,"BC1",NA,-83.47845,-83.42166,35.07382,35.02734,"LITU","Liriodendron tulipifera"
"5438",1859,"HC12",NA,-83.47845,-83.42166,35.07382,35.02734,"LITU","Liriodendron tulipifera"
"5439",1859,"HC13",NA,-83.47845,-83.42166,35.07382,35.02734,"LITU","Liriodendron tulipifera"
"5440",1859,"HC1",NA,-83.47845,-83.42166,35.07382,35.02734,"LITU","Liriodendron tulipifera"
"5441",1859,"BC2",0.672,-83.47845,-83.42166,35.07382,35.02734,"LITU","Liriodendron tulipifera"
"5442",1859,"HC2",NA,-83.47845,-83.42166,35.07382,35.02734,"LITU","Liriodendron tulipifera"
"5443",1859,"HCU.10",NA,-83.47845,-83.42166,35.07382,35.02734,"LITU","Liriodendron tulipifera"
"5444",1859,"HCU.1",NA,-83.47845,-83.42166,35.07382,35.02734,"LITU","Liriodendron tulipifera"
"5445",1859,"HCU.2",NA,-83.47845,-83.42166,35.07382,35.02734,"LITU","Liriodendron tulipifera"
"5446",1859,"HCU.3",NA,-83.47845,-83.42166,35.07382,35.02734,"LITU","Liriodendron tulipifera"
"5447",1859,"PB.9",NA,-83.47845,-83.42166,35.07382,35.02734,"LITU","Liriodendron tulipifera"
"5448",1859,"PB.1",NA,-83.47845,-83.42166,35.07382,35.02734,"LITU","Liriodendron tulipifera"
"5449",1859,"WB.6",NA,-83.47845,-83.42166,35.07382,35.02734,"LITU","Liriodendron tulipifera"
"5450",1859,"WB.4",NA,-83.47845,-83.42166,35.07382,35.02734,"LITU","Liriodendron tulipifera"
"5451",1859,"WB.5",NA,-83.47845,-83.42166,35.07382,35.02734,"LITU","Liriodendron tulipifera"
"5452",1859,"WB.2",NA,-83.47845,-83.42166,35.07382,35.02734,"LITU","Liriodendron tulipifera"
"5453",1859,"WB.3",NA,-83.47845,-83.42166,35.07382,35.02734,"LITU","Liriodendron tulipifera"
"5454",1859,"CB.8",NA,-83.47845,-83.42166,35.07382,35.02734,"LITU","Liriodendron tulipifera"
"5455",1859,"RB.2",NA,-83.47845,-83.42166,35.07382,35.02734,"LITU","Liriodendron tulipifera"
"5456",1859,"RB.5",NA,-83.47845,-83.42166,35.07382,35.02734,"LITU","Liriodendron tulipifera"
"5457",1859,"RB.8",NA,-83.47845,-83.42166,35.07382,35.02734,"LITU","Liriodendron tulipifera"
"5458",1859,"RB.6",NA,-83.47845,-83.42166,35.07382,35.02734,"LITU","Liriodendron tulipifera"
"5459",1859,"RB.9",NA,-83.47845,-83.42166,35.07382,35.02734,"LITU","Liriodendron tulipifera"
"5460",1859,"RB.7",NA,-83.47845,-83.42166,35.07382,35.02734,"LITU","Liriodendron tulipifera"
"5461",1859,"RB.1",NA,-83.47845,-83.42166,35.07382,35.02734,"LITU","Liriodendron tulipifera"
"5462",1859,"HW.20",NA,-83.47845,-83.42166,35.07382,35.02734,"LITU","Liriodendron tulipifera"
"5463",1859,"HW.15",NA,-83.47845,-83.42166,35.07382,35.02734,"LITU","Liriodendron tulipifera"
"5464",1859,"HW.17",NA,-83.47845,-83.42166,35.07382,35.02734,"LITU","Liriodendron tulipifera"
"5465",1859,"HLC.17",NA,-83.47845,-83.42166,35.07382,35.02734,"LITU","Liriodendron tulipifera"
"5466",1859,"HLC.18",NA,-83.47845,-83.42166,35.07382,35.02734,"LITU","Liriodendron tulipifera"
"5467",1859,"HLC.1",NA,-83.47845,-83.42166,35.07382,35.02734,"LITU","Liriodendron tulipifera"
"5468",1859,"USF.24",NA,-83.47845,-83.42166,35.07382,35.02734,"LITU","Liriodendron tulipifera"
"5469",1859,"BC.20",NA,-83.47845,-83.42166,35.07382,35.02734,"LITU","Liriodendron tulipifera"
"5470",1859,"CB.12",NA,-83.47845,-83.42166,35.07382,35.02734,"LITU","Liriodendron tulipifera"
"5471",1859,"HW.14",NA,-83.47845,-83.42166,35.07382,35.02734,"LITU","Liriodendron tulipifera"
"5472",1859,"pm.821",NA,-83.47845,-83.42166,35.07382,35.02734,"LITU","Liriodendron tulipifera"
"5473",1858,"BC1",NA,-83.47845,-83.42166,35.07382,35.02734,"LITU","Liriodendron tulipifera"
"5474",1858,"HC12",NA,-83.47845,-83.42166,35.07382,35.02734,"LITU","Liriodendron tulipifera"
"5475",1858,"HC13",NA,-83.47845,-83.42166,35.07382,35.02734,"LITU","Liriodendron tulipifera"
"5476",1858,"HC1",NA,-83.47845,-83.42166,35.07382,35.02734,"LITU","Liriodendron tulipifera"
"5477",1858,"BC2",0.273,-83.47845,-83.42166,35.07382,35.02734,"LITU","Liriodendron tulipifera"
"5478",1858,"HC2",NA,-83.47845,-83.42166,35.07382,35.02734,"LITU","Liriodendron tulipifera"
"5479",1858,"HCU.10",NA,-83.47845,-83.42166,35.07382,35.02734,"LITU","Liriodendron tulipifera"
"5480",1858,"HCU.1",NA,-83.47845,-83.42166,35.07382,35.02734,"LITU","Liriodendron tulipifera"
"5481",1858,"HCU.2",NA,-83.47845,-83.42166,35.07382,35.02734,"LITU","Liriodendron tulipifera"
"5482",1858,"HCU.3",NA,-83.47845,-83.42166,35.07382,35.02734,"LITU","Liriodendron tulipifera"
"5483",1858,"PB.9",NA,-83.47845,-83.42166,35.07382,35.02734,"LITU","Liriodendron tulipifera"
"5484",1858,"PB.1",NA,-83.47845,-83.42166,35.07382,35.02734,"LITU","Liriodendron tulipifera"
"5485",1858,"WB.6",NA,-83.47845,-83.42166,35.07382,35.02734,"LITU","Liriodendron tulipifera"
"5486",1858,"WB.4",NA,-83.47845,-83.42166,35.07382,35.02734,"LITU","Liriodendron tulipifera"
"5487",1858,"WB.5",NA,-83.47845,-83.42166,35.07382,35.02734,"LITU","Liriodendron tulipifera"
"5488",1858,"WB.2",NA,-83.47845,-83.42166,35.07382,35.02734,"LITU","Liriodendron tulipifera"
"5489",1858,"WB.3",NA,-83.47845,-83.42166,35.07382,35.02734,"LITU","Liriodendron tulipifera"
"5490",1858,"CB.8",NA,-83.47845,-83.42166,35.07382,35.02734,"LITU","Liriodendron tulipifera"
"5491",1858,"RB.2",NA,-83.47845,-83.42166,35.07382,35.02734,"LITU","Liriodendron tulipifera"
"5492",1858,"RB.5",NA,-83.47845,-83.42166,35.07382,35.02734,"LITU","Liriodendron tulipifera"
"5493",1858,"RB.8",NA,-83.47845,-83.42166,35.07382,35.02734,"LITU","Liriodendron tulipifera"
"5494",1858,"RB.6",NA,-83.47845,-83.42166,35.07382,35.02734,"LITU","Liriodendron tulipifera"
"5495",1858,"RB.9",NA,-83.47845,-83.42166,35.07382,35.02734,"LITU","Liriodendron tulipifera"
"5496",1858,"RB.7",NA,-83.47845,-83.42166,35.07382,35.02734,"LITU","Liriodendron tulipifera"
"5497",1858,"RB.1",NA,-83.47845,-83.42166,35.07382,35.02734,"LITU","Liriodendron tulipifera"
"5498",1858,"HW.20",NA,-83.47845,-83.42166,35.07382,35.02734,"LITU","Liriodendron tulipifera"
"5499",1858,"HW.15",NA,-83.47845,-83.42166,35.07382,35.02734,"LITU","Liriodendron tulipifera"
"5500",1858,"HW.17",NA,-83.47845,-83.42166,35.07382,35.02734,"LITU","Liriodendron tulipifera"
"5501",1858,"HLC.17",NA,-83.47845,-83.42166,35.07382,35.02734,"LITU","Liriodendron tulipifera"
"5502",1858,"HLC.18",NA,-83.47845,-83.42166,35.07382,35.02734,"LITU","Liriodendron tulipifera"
"5503",1858,"HLC.1",NA,-83.47845,-83.42166,35.07382,35.02734,"LITU","Liriodendron tulipifera"
"5504",1858,"USF.24",NA,-83.47845,-83.42166,35.07382,35.02734,"LITU","Liriodendron tulipifera"
"5505",1858,"BC.20",NA,-83.47845,-83.42166,35.07382,35.02734,"LITU","Liriodendron tulipifera"
"5506",1858,"CB.12",NA,-83.47845,-83.42166,35.07382,35.02734,"LITU","Liriodendron tulipifera"
"5507",1858,"HW.14",NA,-83.47845,-83.42166,35.07382,35.02734,"LITU","Liriodendron tulipifera"
"5508",1858,"pm.821",NA,-83.47845,-83.42166,35.07382,35.02734,"LITU","Liriodendron tulipifera"
"5509",1857,"BC1",NA,-83.47845,-83.42166,35.07382,35.02734,"LITU","Liriodendron tulipifera"
"5510",1857,"HC12",NA,-83.47845,-83.42166,35.07382,35.02734,"LITU","Liriodendron tulipifera"
"5511",1857,"HC13",NA,-83.47845,-83.42166,35.07382,35.02734,"LITU","Liriodendron tulipifera"
"5512",1857,"HC1",NA,-83.47845,-83.42166,35.07382,35.02734,"LITU","Liriodendron tulipifera"
"5513",1857,"BC2",0.426,-83.47845,-83.42166,35.07382,35.02734,"LITU","Liriodendron tulipifera"
"5514",1857,"HC2",NA,-83.47845,-83.42166,35.07382,35.02734,"LITU","Liriodendron tulipifera"
"5515",1857,"HCU.10",NA,-83.47845,-83.42166,35.07382,35.02734,"LITU","Liriodendron tulipifera"
"5516",1857,"HCU.1",NA,-83.47845,-83.42166,35.07382,35.02734,"LITU","Liriodendron tulipifera"
"5517",1857,"HCU.2",NA,-83.47845,-83.42166,35.07382,35.02734,"LITU","Liriodendron tulipifera"
"5518",1857,"HCU.3",NA,-83.47845,-83.42166,35.07382,35.02734,"LITU","Liriodendron tulipifera"
"5519",1857,"PB.9",NA,-83.47845,-83.42166,35.07382,35.02734,"LITU","Liriodendron tulipifera"
"5520",1857,"PB.1",NA,-83.47845,-83.42166,35.07382,35.02734,"LITU","Liriodendron tulipifera"
"5521",1857,"WB.6",NA,-83.47845,-83.42166,35.07382,35.02734,"LITU","Liriodendron tulipifera"
"5522",1857,"WB.4",NA,-83.47845,-83.42166,35.07382,35.02734,"LITU","Liriodendron tulipifera"
"5523",1857,"WB.5",NA,-83.47845,-83.42166,35.07382,35.02734,"LITU","Liriodendron tulipifera"
"5524",1857,"WB.2",NA,-83.47845,-83.42166,35.07382,35.02734,"LITU","Liriodendron tulipifera"
"5525",1857,"WB.3",NA,-83.47845,-83.42166,35.07382,35.02734,"LITU","Liriodendron tulipifera"
"5526",1857,"CB.8",NA,-83.47845,-83.42166,35.07382,35.02734,"LITU","Liriodendron tulipifera"
"5527",1857,"RB.2",NA,-83.47845,-83.42166,35.07382,35.02734,"LITU","Liriodendron tulipifera"
"5528",1857,"RB.5",NA,-83.47845,-83.42166,35.07382,35.02734,"LITU","Liriodendron tulipifera"
"5529",1857,"RB.8",NA,-83.47845,-83.42166,35.07382,35.02734,"LITU","Liriodendron tulipifera"
"5530",1857,"RB.6",NA,-83.47845,-83.42166,35.07382,35.02734,"LITU","Liriodendron tulipifera"
"5531",1857,"RB.9",NA,-83.47845,-83.42166,35.07382,35.02734,"LITU","Liriodendron tulipifera"
"5532",1857,"RB.7",NA,-83.47845,-83.42166,35.07382,35.02734,"LITU","Liriodendron tulipifera"
"5533",1857,"RB.1",NA,-83.47845,-83.42166,35.07382,35.02734,"LITU","Liriodendron tulipifera"
"5534",1857,"HW.20",NA,-83.47845,-83.42166,35.07382,35.02734,"LITU","Liriodendron tulipifera"
"5535",1857,"HW.15",NA,-83.47845,-83.42166,35.07382,35.02734,"LITU","Liriodendron tulipifera"
"5536",1857,"HW.17",NA,-83.47845,-83.42166,35.07382,35.02734,"LITU","Liriodendron tulipifera"
"5537",1857,"HLC.17",NA,-83.47845,-83.42166,35.07382,35.02734,"LITU","Liriodendron tulipifera"
"5538",1857,"HLC.18",NA,-83.47845,-83.42166,35.07382,35.02734,"LITU","Liriodendron tulipifera"
"5539",1857,"HLC.1",NA,-83.47845,-83.42166,35.07382,35.02734,"LITU","Liriodendron tulipifera"
"5540",1857,"USF.24",NA,-83.47845,-83.42166,35.07382,35.02734,"LITU","Liriodendron tulipifera"
"5541",1857,"BC.20",NA,-83.47845,-83.42166,35.07382,35.02734,"LITU","Liriodendron tulipifera"
"5542",1857,"CB.12",NA,-83.47845,-83.42166,35.07382,35.02734,"LITU","Liriodendron tulipifera"
"5543",1857,"HW.14",NA,-83.47845,-83.42166,35.07382,35.02734,"LITU","Liriodendron tulipifera"
"5544",1857,"pm.821",NA,-83.47845,-83.42166,35.07382,35.02734,"LITU","Liriodendron tulipifera"
"5545",1856,"BC1",NA,-83.47845,-83.42166,35.07382,35.02734,"LITU","Liriodendron tulipifera"
"5546",1856,"HC12",NA,-83.47845,-83.42166,35.07382,35.02734,"LITU","Liriodendron tulipifera"
"5547",1856,"HC13",NA,-83.47845,-83.42166,35.07382,35.02734,"LITU","Liriodendron tulipifera"
"5548",1856,"HC1",NA,-83.47845,-83.42166,35.07382,35.02734,"LITU","Liriodendron tulipifera"
"5549",1856,"BC2",0.378,-83.47845,-83.42166,35.07382,35.02734,"LITU","Liriodendron tulipifera"
"5550",1856,"HC2",NA,-83.47845,-83.42166,35.07382,35.02734,"LITU","Liriodendron tulipifera"
"5551",1856,"HCU.10",NA,-83.47845,-83.42166,35.07382,35.02734,"LITU","Liriodendron tulipifera"
"5552",1856,"HCU.1",NA,-83.47845,-83.42166,35.07382,35.02734,"LITU","Liriodendron tulipifera"
"5553",1856,"HCU.2",NA,-83.47845,-83.42166,35.07382,35.02734,"LITU","Liriodendron tulipifera"
"5554",1856,"HCU.3",NA,-83.47845,-83.42166,35.07382,35.02734,"LITU","Liriodendron tulipifera"
"5555",1856,"PB.9",NA,-83.47845,-83.42166,35.07382,35.02734,"LITU","Liriodendron tulipifera"
"5556",1856,"PB.1",NA,-83.47845,-83.42166,35.07382,35.02734,"LITU","Liriodendron tulipifera"
"5557",1856,"WB.6",NA,-83.47845,-83.42166,35.07382,35.02734,"LITU","Liriodendron tulipifera"
"5558",1856,"WB.4",NA,-83.47845,-83.42166,35.07382,35.02734,"LITU","Liriodendron tulipifera"
"5559",1856,"WB.5",NA,-83.47845,-83.42166,35.07382,35.02734,"LITU","Liriodendron tulipifera"
"5560",1856,"WB.2",NA,-83.47845,-83.42166,35.07382,35.02734,"LITU","Liriodendron tulipifera"
"5561",1856,"WB.3",NA,-83.47845,-83.42166,35.07382,35.02734,"LITU","Liriodendron tulipifera"
"5562",1856,"CB.8",NA,-83.47845,-83.42166,35.07382,35.02734,"LITU","Liriodendron tulipifera"
"5563",1856,"RB.2",NA,-83.47845,-83.42166,35.07382,35.02734,"LITU","Liriodendron tulipifera"
"5564",1856,"RB.5",NA,-83.47845,-83.42166,35.07382,35.02734,"LITU","Liriodendron tulipifera"
"5565",1856,"RB.8",NA,-83.47845,-83.42166,35.07382,35.02734,"LITU","Liriodendron tulipifera"
"5566",1856,"RB.6",NA,-83.47845,-83.42166,35.07382,35.02734,"LITU","Liriodendron tulipifera"
"5567",1856,"RB.9",NA,-83.47845,-83.42166,35.07382,35.02734,"LITU","Liriodendron tulipifera"
"5568",1856,"RB.7",NA,-83.47845,-83.42166,35.07382,35.02734,"LITU","Liriodendron tulipifera"
"5569",1856,"RB.1",NA,-83.47845,-83.42166,35.07382,35.02734,"LITU","Liriodendron tulipifera"
"5570",1856,"HW.20",NA,-83.47845,-83.42166,35.07382,35.02734,"LITU","Liriodendron tulipifera"
"5571",1856,"HW.15",NA,-83.47845,-83.42166,35.07382,35.02734,"LITU","Liriodendron tulipifera"
"5572",1856,"HW.17",NA,-83.47845,-83.42166,35.07382,35.02734,"LITU","Liriodendron tulipifera"
"5573",1856,"HLC.17",NA,-83.47845,-83.42166,35.07382,35.02734,"LITU","Liriodendron tulipifera"
"5574",1856,"HLC.18",NA,-83.47845,-83.42166,35.07382,35.02734,"LITU","Liriodendron tulipifera"
"5575",1856,"HLC.1",NA,-83.47845,-83.42166,35.07382,35.02734,"LITU","Liriodendron tulipifera"
"5576",1856,"USF.24",NA,-83.47845,-83.42166,35.07382,35.02734,"LITU","Liriodendron tulipifera"
"5577",1856,"BC.20",NA,-83.47845,-83.42166,35.07382,35.02734,"LITU","Liriodendron tulipifera"
"5578",1856,"CB.12",NA,-83.47845,-83.42166,35.07382,35.02734,"LITU","Liriodendron tulipifera"
"5579",1856,"HW.14",NA,-83.47845,-83.42166,35.07382,35.02734,"LITU","Liriodendron tulipifera"
"5580",1856,"pm.821",NA,-83.47845,-83.42166,35.07382,35.02734,"LITU","Liriodendron tulipifera"
"5581",1855,"BC1",NA,-83.47845,-83.42166,35.07382,35.02734,"LITU","Liriodendron tulipifera"
"5582",1855,"HC12",NA,-83.47845,-83.42166,35.07382,35.02734,"LITU","Liriodendron tulipifera"
"5583",1855,"HC13",NA,-83.47845,-83.42166,35.07382,35.02734,"LITU","Liriodendron tulipifera"
"5584",1855,"HC1",NA,-83.47845,-83.42166,35.07382,35.02734,"LITU","Liriodendron tulipifera"
"5585",1855,"BC2",1.056,-83.47845,-83.42166,35.07382,35.02734,"LITU","Liriodendron tulipifera"
"5586",1855,"HC2",NA,-83.47845,-83.42166,35.07382,35.02734,"LITU","Liriodendron tulipifera"
"5587",1855,"HCU.10",NA,-83.47845,-83.42166,35.07382,35.02734,"LITU","Liriodendron tulipifera"
"5588",1855,"HCU.1",NA,-83.47845,-83.42166,35.07382,35.02734,"LITU","Liriodendron tulipifera"
"5589",1855,"HCU.2",NA,-83.47845,-83.42166,35.07382,35.02734,"LITU","Liriodendron tulipifera"
"5590",1855,"HCU.3",NA,-83.47845,-83.42166,35.07382,35.02734,"LITU","Liriodendron tulipifera"
"5591",1855,"PB.9",NA,-83.47845,-83.42166,35.07382,35.02734,"LITU","Liriodendron tulipifera"
"5592",1855,"PB.1",NA,-83.47845,-83.42166,35.07382,35.02734,"LITU","Liriodendron tulipifera"
"5593",1855,"WB.6",NA,-83.47845,-83.42166,35.07382,35.02734,"LITU","Liriodendron tulipifera"
"5594",1855,"WB.4",NA,-83.47845,-83.42166,35.07382,35.02734,"LITU","Liriodendron tulipifera"
"5595",1855,"WB.5",NA,-83.47845,-83.42166,35.07382,35.02734,"LITU","Liriodendron tulipifera"
"5596",1855,"WB.2",NA,-83.47845,-83.42166,35.07382,35.02734,"LITU","Liriodendron tulipifera"
"5597",1855,"WB.3",NA,-83.47845,-83.42166,35.07382,35.02734,"LITU","Liriodendron tulipifera"
"5598",1855,"CB.8",NA,-83.47845,-83.42166,35.07382,35.02734,"LITU","Liriodendron tulipifera"
"5599",1855,"RB.2",NA,-83.47845,-83.42166,35.07382,35.02734,"LITU","Liriodendron tulipifera"
"5600",1855,"RB.5",NA,-83.47845,-83.42166,35.07382,35.02734,"LITU","Liriodendron tulipifera"
"5601",1855,"RB.8",NA,-83.47845,-83.42166,35.07382,35.02734,"LITU","Liriodendron tulipifera"
"5602",1855,"RB.6",NA,-83.47845,-83.42166,35.07382,35.02734,"LITU","Liriodendron tulipifera"
"5603",1855,"RB.9",NA,-83.47845,-83.42166,35.07382,35.02734,"LITU","Liriodendron tulipifera"
"5604",1855,"RB.7",NA,-83.47845,-83.42166,35.07382,35.02734,"LITU","Liriodendron tulipifera"
"5605",1855,"RB.1",NA,-83.47845,-83.42166,35.07382,35.02734,"LITU","Liriodendron tulipifera"
"5606",1855,"HW.20",NA,-83.47845,-83.42166,35.07382,35.02734,"LITU","Liriodendron tulipifera"
"5607",1855,"HW.15",NA,-83.47845,-83.42166,35.07382,35.02734,"LITU","Liriodendron tulipifera"
"5608",1855,"HW.17",NA,-83.47845,-83.42166,35.07382,35.02734,"LITU","Liriodendron tulipifera"
"5609",1855,"HLC.17",NA,-83.47845,-83.42166,35.07382,35.02734,"LITU","Liriodendron tulipifera"
"5610",1855,"HLC.18",NA,-83.47845,-83.42166,35.07382,35.02734,"LITU","Liriodendron tulipifera"
"5611",1855,"HLC.1",NA,-83.47845,-83.42166,35.07382,35.02734,"LITU","Liriodendron tulipifera"
"5612",1855,"USF.24",NA,-83.47845,-83.42166,35.07382,35.02734,"LITU","Liriodendron tulipifera"
"5613",1855,"BC.20",NA,-83.47845,-83.42166,35.07382,35.02734,"LITU","Liriodendron tulipifera"
"5614",1855,"CB.12",NA,-83.47845,-83.42166,35.07382,35.02734,"LITU","Liriodendron tulipifera"
"5615",1855,"HW.14",NA,-83.47845,-83.42166,35.07382,35.02734,"LITU","Liriodendron tulipifera"
"5616",1855,"pm.821",NA,-83.47845,-83.42166,35.07382,35.02734,"LITU","Liriodendron tulipifera"
"5617",1854,"BC1",NA,-83.47845,-83.42166,35.07382,35.02734,"LITU","Liriodendron tulipifera"
"5618",1854,"HC12",NA,-83.47845,-83.42166,35.07382,35.02734,"LITU","Liriodendron tulipifera"
"5619",1854,"HC13",NA,-83.47845,-83.42166,35.07382,35.02734,"LITU","Liriodendron tulipifera"
"5620",1854,"HC1",NA,-83.47845,-83.42166,35.07382,35.02734,"LITU","Liriodendron tulipifera"
"5621",1854,"BC2",0.841,-83.47845,-83.42166,35.07382,35.02734,"LITU","Liriodendron tulipifera"
"5622",1854,"HC2",NA,-83.47845,-83.42166,35.07382,35.02734,"LITU","Liriodendron tulipifera"
"5623",1854,"HCU.10",NA,-83.47845,-83.42166,35.07382,35.02734,"LITU","Liriodendron tulipifera"
"5624",1854,"HCU.1",NA,-83.47845,-83.42166,35.07382,35.02734,"LITU","Liriodendron tulipifera"
"5625",1854,"HCU.2",NA,-83.47845,-83.42166,35.07382,35.02734,"LITU","Liriodendron tulipifera"
"5626",1854,"HCU.3",NA,-83.47845,-83.42166,35.07382,35.02734,"LITU","Liriodendron tulipifera"
"5627",1854,"PB.9",NA,-83.47845,-83.42166,35.07382,35.02734,"LITU","Liriodendron tulipifera"
"5628",1854,"PB.1",NA,-83.47845,-83.42166,35.07382,35.02734,"LITU","Liriodendron tulipifera"
"5629",1854,"WB.6",NA,-83.47845,-83.42166,35.07382,35.02734,"LITU","Liriodendron tulipifera"
"5630",1854,"WB.4",NA,-83.47845,-83.42166,35.07382,35.02734,"LITU","Liriodendron tulipifera"
"5631",1854,"WB.5",NA,-83.47845,-83.42166,35.07382,35.02734,"LITU","Liriodendron tulipifera"
"5632",1854,"WB.2",NA,-83.47845,-83.42166,35.07382,35.02734,"LITU","Liriodendron tulipifera"
"5633",1854,"WB.3",NA,-83.47845,-83.42166,35.07382,35.02734,"LITU","Liriodendron tulipifera"
"5634",1854,"CB.8",NA,-83.47845,-83.42166,35.07382,35.02734,"LITU","Liriodendron tulipifera"
"5635",1854,"RB.2",NA,-83.47845,-83.42166,35.07382,35.02734,"LITU","Liriodendron tulipifera"
"5636",1854,"RB.5",NA,-83.47845,-83.42166,35.07382,35.02734,"LITU","Liriodendron tulipifera"
"5637",1854,"RB.8",NA,-83.47845,-83.42166,35.07382,35.02734,"LITU","Liriodendron tulipifera"
"5638",1854,"RB.6",NA,-83.47845,-83.42166,35.07382,35.02734,"LITU","Liriodendron tulipifera"
"5639",1854,"RB.9",NA,-83.47845,-83.42166,35.07382,35.02734,"LITU","Liriodendron tulipifera"
"5640",1854,"RB.7",NA,-83.47845,-83.42166,35.07382,35.02734,"LITU","Liriodendron tulipifera"
"5641",1854,"RB.1",NA,-83.47845,-83.42166,35.07382,35.02734,"LITU","Liriodendron tulipifera"
"5642",1854,"HW.20",NA,-83.47845,-83.42166,35.07382,35.02734,"LITU","Liriodendron tulipifera"
"5643",1854,"HW.15",NA,-83.47845,-83.42166,35.07382,35.02734,"LITU","Liriodendron tulipifera"
"5644",1854,"HW.17",NA,-83.47845,-83.42166,35.07382,35.02734,"LITU","Liriodendron tulipifera"
"5645",1854,"HLC.17",NA,-83.47845,-83.42166,35.07382,35.02734,"LITU","Liriodendron tulipifera"
"5646",1854,"HLC.18",NA,-83.47845,-83.42166,35.07382,35.02734,"LITU","Liriodendron tulipifera"
"5647",1854,"HLC.1",NA,-83.47845,-83.42166,35.07382,35.02734,"LITU","Liriodendron tulipifera"
"5648",1854,"USF.24",NA,-83.47845,-83.42166,35.07382,35.02734,"LITU","Liriodendron tulipifera"
"5649",1854,"BC.20",NA,-83.47845,-83.42166,35.07382,35.02734,"LITU","Liriodendron tulipifera"
"5650",1854,"CB.12",NA,-83.47845,-83.42166,35.07382,35.02734,"LITU","Liriodendron tulipifera"
"5651",1854,"HW.14",NA,-83.47845,-83.42166,35.07382,35.02734,"LITU","Liriodendron tulipifera"
"5652",1854,"pm.821",NA,-83.47845,-83.42166,35.07382,35.02734,"LITU","Liriodendron tulipifera"
"5653",1853,"BC1",NA,-83.47845,-83.42166,35.07382,35.02734,"LITU","Liriodendron tulipifera"
"5654",1853,"HC12",NA,-83.47845,-83.42166,35.07382,35.02734,"LITU","Liriodendron tulipifera"
"5655",1853,"HC13",NA,-83.47845,-83.42166,35.07382,35.02734,"LITU","Liriodendron tulipifera"
"5656",1853,"HC1",NA,-83.47845,-83.42166,35.07382,35.02734,"LITU","Liriodendron tulipifera"
"5657",1853,"BC2",0.575,-83.47845,-83.42166,35.07382,35.02734,"LITU","Liriodendron tulipifera"
"5658",1853,"HC2",NA,-83.47845,-83.42166,35.07382,35.02734,"LITU","Liriodendron tulipifera"
"5659",1853,"HCU.10",NA,-83.47845,-83.42166,35.07382,35.02734,"LITU","Liriodendron tulipifera"
"5660",1853,"HCU.1",NA,-83.47845,-83.42166,35.07382,35.02734,"LITU","Liriodendron tulipifera"
"5661",1853,"HCU.2",NA,-83.47845,-83.42166,35.07382,35.02734,"LITU","Liriodendron tulipifera"
"5662",1853,"HCU.3",NA,-83.47845,-83.42166,35.07382,35.02734,"LITU","Liriodendron tulipifera"
"5663",1853,"PB.9",NA,-83.47845,-83.42166,35.07382,35.02734,"LITU","Liriodendron tulipifera"
"5664",1853,"PB.1",NA,-83.47845,-83.42166,35.07382,35.02734,"LITU","Liriodendron tulipifera"
"5665",1853,"WB.6",NA,-83.47845,-83.42166,35.07382,35.02734,"LITU","Liriodendron tulipifera"
"5666",1853,"WB.4",NA,-83.47845,-83.42166,35.07382,35.02734,"LITU","Liriodendron tulipifera"
"5667",1853,"WB.5",NA,-83.47845,-83.42166,35.07382,35.02734,"LITU","Liriodendron tulipifera"
"5668",1853,"WB.2",NA,-83.47845,-83.42166,35.07382,35.02734,"LITU","Liriodendron tulipifera"
"5669",1853,"WB.3",NA,-83.47845,-83.42166,35.07382,35.02734,"LITU","Liriodendron tulipifera"
"5670",1853,"CB.8",NA,-83.47845,-83.42166,35.07382,35.02734,"LITU","Liriodendron tulipifera"
"5671",1853,"RB.2",NA,-83.47845,-83.42166,35.07382,35.02734,"LITU","Liriodendron tulipifera"
"5672",1853,"RB.5",NA,-83.47845,-83.42166,35.07382,35.02734,"LITU","Liriodendron tulipifera"
"5673",1853,"RB.8",NA,-83.47845,-83.42166,35.07382,35.02734,"LITU","Liriodendron tulipifera"
"5674",1853,"RB.6",NA,-83.47845,-83.42166,35.07382,35.02734,"LITU","Liriodendron tulipifera"
"5675",1853,"RB.9",NA,-83.47845,-83.42166,35.07382,35.02734,"LITU","Liriodendron tulipifera"
"5676",1853,"RB.7",NA,-83.47845,-83.42166,35.07382,35.02734,"LITU","Liriodendron tulipifera"
"5677",1853,"RB.1",NA,-83.47845,-83.42166,35.07382,35.02734,"LITU","Liriodendron tulipifera"
"5678",1853,"HW.20",NA,-83.47845,-83.42166,35.07382,35.02734,"LITU","Liriodendron tulipifera"
"5679",1853,"HW.15",NA,-83.47845,-83.42166,35.07382,35.02734,"LITU","Liriodendron tulipifera"
"5680",1853,"HW.17",NA,-83.47845,-83.42166,35.07382,35.02734,"LITU","Liriodendron tulipifera"
"5681",1853,"HLC.17",NA,-83.47845,-83.42166,35.07382,35.02734,"LITU","Liriodendron tulipifera"
"5682",1853,"HLC.18",NA,-83.47845,-83.42166,35.07382,35.02734,"LITU","Liriodendron tulipifera"
"5683",1853,"HLC.1",NA,-83.47845,-83.42166,35.07382,35.02734,"LITU","Liriodendron tulipifera"
"5684",1853,"USF.24",NA,-83.47845,-83.42166,35.07382,35.02734,"LITU","Liriodendron tulipifera"
"5685",1853,"BC.20",NA,-83.47845,-83.42166,35.07382,35.02734,"LITU","Liriodendron tulipifera"
"5686",1853,"CB.12",NA,-83.47845,-83.42166,35.07382,35.02734,"LITU","Liriodendron tulipifera"
"5687",1853,"HW.14",NA,-83.47845,-83.42166,35.07382,35.02734,"LITU","Liriodendron tulipifera"
"5688",1853,"pm.821",NA,-83.47845,-83.42166,35.07382,35.02734,"LITU","Liriodendron tulipifera"
"5689",1852,"BC1",NA,-83.47845,-83.42166,35.07382,35.02734,"LITU","Liriodendron tulipifera"
"5690",1852,"HC12",NA,-83.47845,-83.42166,35.07382,35.02734,"LITU","Liriodendron tulipifera"
"5691",1852,"HC13",NA,-83.47845,-83.42166,35.07382,35.02734,"LITU","Liriodendron tulipifera"
"5692",1852,"HC1",NA,-83.47845,-83.42166,35.07382,35.02734,"LITU","Liriodendron tulipifera"
"5693",1852,"BC2",0.616,-83.47845,-83.42166,35.07382,35.02734,"LITU","Liriodendron tulipifera"
"5694",1852,"HC2",NA,-83.47845,-83.42166,35.07382,35.02734,"LITU","Liriodendron tulipifera"
"5695",1852,"HCU.10",NA,-83.47845,-83.42166,35.07382,35.02734,"LITU","Liriodendron tulipifera"
"5696",1852,"HCU.1",NA,-83.47845,-83.42166,35.07382,35.02734,"LITU","Liriodendron tulipifera"
"5697",1852,"HCU.2",NA,-83.47845,-83.42166,35.07382,35.02734,"LITU","Liriodendron tulipifera"
"5698",1852,"HCU.3",NA,-83.47845,-83.42166,35.07382,35.02734,"LITU","Liriodendron tulipifera"
"5699",1852,"PB.9",NA,-83.47845,-83.42166,35.07382,35.02734,"LITU","Liriodendron tulipifera"
"5700",1852,"PB.1",NA,-83.47845,-83.42166,35.07382,35.02734,"LITU","Liriodendron tulipifera"
"5701",1852,"WB.6",NA,-83.47845,-83.42166,35.07382,35.02734,"LITU","Liriodendron tulipifera"
"5702",1852,"WB.4",NA,-83.47845,-83.42166,35.07382,35.02734,"LITU","Liriodendron tulipifera"
"5703",1852,"WB.5",NA,-83.47845,-83.42166,35.07382,35.02734,"LITU","Liriodendron tulipifera"
"5704",1852,"WB.2",NA,-83.47845,-83.42166,35.07382,35.02734,"LITU","Liriodendron tulipifera"
"5705",1852,"WB.3",NA,-83.47845,-83.42166,35.07382,35.02734,"LITU","Liriodendron tulipifera"
"5706",1852,"CB.8",NA,-83.47845,-83.42166,35.07382,35.02734,"LITU","Liriodendron tulipifera"
"5707",1852,"RB.2",NA,-83.47845,-83.42166,35.07382,35.02734,"LITU","Liriodendron tulipifera"
"5708",1852,"RB.5",NA,-83.47845,-83.42166,35.07382,35.02734,"LITU","Liriodendron tulipifera"
"5709",1852,"RB.8",NA,-83.47845,-83.42166,35.07382,35.02734,"LITU","Liriodendron tulipifera"
"5710",1852,"RB.6",NA,-83.47845,-83.42166,35.07382,35.02734,"LITU","Liriodendron tulipifera"
"5711",1852,"RB.9",NA,-83.47845,-83.42166,35.07382,35.02734,"LITU","Liriodendron tulipifera"
"5712",1852,"RB.7",NA,-83.47845,-83.42166,35.07382,35.02734,"LITU","Liriodendron tulipifera"
"5713",1852,"RB.1",NA,-83.47845,-83.42166,35.07382,35.02734,"LITU","Liriodendron tulipifera"
"5714",1852,"HW.20",NA,-83.47845,-83.42166,35.07382,35.02734,"LITU","Liriodendron tulipifera"
"5715",1852,"HW.15",NA,-83.47845,-83.42166,35.07382,35.02734,"LITU","Liriodendron tulipifera"
"5716",1852,"HW.17",NA,-83.47845,-83.42166,35.07382,35.02734,"LITU","Liriodendron tulipifera"
"5717",1852,"HLC.17",NA,-83.47845,-83.42166,35.07382,35.02734,"LITU","Liriodendron tulipifera"
"5718",1852,"HLC.18",NA,-83.47845,-83.42166,35.07382,35.02734,"LITU","Liriodendron tulipifera"
"5719",1852,"HLC.1",NA,-83.47845,-83.42166,35.07382,35.02734,"LITU","Liriodendron tulipifera"
"5720",1852,"USF.24",NA,-83.47845,-83.42166,35.07382,35.02734,"LITU","Liriodendron tulipifera"
"5721",1852,"BC.20",NA,-83.47845,-83.42166,35.07382,35.02734,"LITU","Liriodendron tulipifera"
"5722",1852,"CB.12",NA,-83.47845,-83.42166,35.07382,35.02734,"LITU","Liriodendron tulipifera"
"5723",1852,"HW.14",NA,-83.47845,-83.42166,35.07382,35.02734,"LITU","Liriodendron tulipifera"
"5724",1852,"pm.821",NA,-83.47845,-83.42166,35.07382,35.02734,"LITU","Liriodendron tulipifera"
"5725",1851,"BC1",NA,-83.47845,-83.42166,35.07382,35.02734,"LITU","Liriodendron tulipifera"
"5726",1851,"HC12",NA,-83.47845,-83.42166,35.07382,35.02734,"LITU","Liriodendron tulipifera"
"5727",1851,"HC13",NA,-83.47845,-83.42166,35.07382,35.02734,"LITU","Liriodendron tulipifera"
"5728",1851,"HC1",NA,-83.47845,-83.42166,35.07382,35.02734,"LITU","Liriodendron tulipifera"
"5729",1851,"BC2",0.751,-83.47845,-83.42166,35.07382,35.02734,"LITU","Liriodendron tulipifera"
"5730",1851,"HC2",NA,-83.47845,-83.42166,35.07382,35.02734,"LITU","Liriodendron tulipifera"
"5731",1851,"HCU.10",NA,-83.47845,-83.42166,35.07382,35.02734,"LITU","Liriodendron tulipifera"
"5732",1851,"HCU.1",NA,-83.47845,-83.42166,35.07382,35.02734,"LITU","Liriodendron tulipifera"
"5733",1851,"HCU.2",NA,-83.47845,-83.42166,35.07382,35.02734,"LITU","Liriodendron tulipifera"
"5734",1851,"HCU.3",NA,-83.47845,-83.42166,35.07382,35.02734,"LITU","Liriodendron tulipifera"
"5735",1851,"PB.9",NA,-83.47845,-83.42166,35.07382,35.02734,"LITU","Liriodendron tulipifera"
"5736",1851,"PB.1",NA,-83.47845,-83.42166,35.07382,35.02734,"LITU","Liriodendron tulipifera"
"5737",1851,"WB.6",NA,-83.47845,-83.42166,35.07382,35.02734,"LITU","Liriodendron tulipifera"
"5738",1851,"WB.4",NA,-83.47845,-83.42166,35.07382,35.02734,"LITU","Liriodendron tulipifera"
"5739",1851,"WB.5",NA,-83.47845,-83.42166,35.07382,35.02734,"LITU","Liriodendron tulipifera"
"5740",1851,"WB.2",NA,-83.47845,-83.42166,35.07382,35.02734,"LITU","Liriodendron tulipifera"
"5741",1851,"WB.3",NA,-83.47845,-83.42166,35.07382,35.02734,"LITU","Liriodendron tulipifera"
"5742",1851,"CB.8",NA,-83.47845,-83.42166,35.07382,35.02734,"LITU","Liriodendron tulipifera"
"5743",1851,"RB.2",NA,-83.47845,-83.42166,35.07382,35.02734,"LITU","Liriodendron tulipifera"
"5744",1851,"RB.5",NA,-83.47845,-83.42166,35.07382,35.02734,"LITU","Liriodendron tulipifera"
"5745",1851,"RB.8",NA,-83.47845,-83.42166,35.07382,35.02734,"LITU","Liriodendron tulipifera"
"5746",1851,"RB.6",NA,-83.47845,-83.42166,35.07382,35.02734,"LITU","Liriodendron tulipifera"
"5747",1851,"RB.9",NA,-83.47845,-83.42166,35.07382,35.02734,"LITU","Liriodendron tulipifera"
"5748",1851,"RB.7",NA,-83.47845,-83.42166,35.07382,35.02734,"LITU","Liriodendron tulipifera"
"5749",1851,"RB.1",NA,-83.47845,-83.42166,35.07382,35.02734,"LITU","Liriodendron tulipifera"
"5750",1851,"HW.20",NA,-83.47845,-83.42166,35.07382,35.02734,"LITU","Liriodendron tulipifera"
"5751",1851,"HW.15",NA,-83.47845,-83.42166,35.07382,35.02734,"LITU","Liriodendron tulipifera"
"5752",1851,"HW.17",NA,-83.47845,-83.42166,35.07382,35.02734,"LITU","Liriodendron tulipifera"
"5753",1851,"HLC.17",NA,-83.47845,-83.42166,35.07382,35.02734,"LITU","Liriodendron tulipifera"
"5754",1851,"HLC.18",NA,-83.47845,-83.42166,35.07382,35.02734,"LITU","Liriodendron tulipifera"
"5755",1851,"HLC.1",NA,-83.47845,-83.42166,35.07382,35.02734,"LITU","Liriodendron tulipifera"
"5756",1851,"USF.24",NA,-83.47845,-83.42166,35.07382,35.02734,"LITU","Liriodendron tulipifera"
"5757",1851,"BC.20",NA,-83.47845,-83.42166,35.07382,35.02734,"LITU","Liriodendron tulipifera"
"5758",1851,"CB.12",NA,-83.47845,-83.42166,35.07382,35.02734,"LITU","Liriodendron tulipifera"
"5759",1851,"HW.14",NA,-83.47845,-83.42166,35.07382,35.02734,"LITU","Liriodendron tulipifera"
"5760",1851,"pm.821",NA,-83.47845,-83.42166,35.07382,35.02734,"LITU","Liriodendron tulipifera"
"5761",1850,"BC1",NA,-83.47845,-83.42166,35.07382,35.02734,"LITU","Liriodendron tulipifera"
"5762",1850,"HC12",NA,-83.47845,-83.42166,35.07382,35.02734,"LITU","Liriodendron tulipifera"
"5763",1850,"HC13",NA,-83.47845,-83.42166,35.07382,35.02734,"LITU","Liriodendron tulipifera"
"5764",1850,"HC1",NA,-83.47845,-83.42166,35.07382,35.02734,"LITU","Liriodendron tulipifera"
"5765",1850,"BC2",0.824,-83.47845,-83.42166,35.07382,35.02734,"LITU","Liriodendron tulipifera"
"5766",1850,"HC2",NA,-83.47845,-83.42166,35.07382,35.02734,"LITU","Liriodendron tulipifera"
"5767",1850,"HCU.10",NA,-83.47845,-83.42166,35.07382,35.02734,"LITU","Liriodendron tulipifera"
"5768",1850,"HCU.1",NA,-83.47845,-83.42166,35.07382,35.02734,"LITU","Liriodendron tulipifera"
"5769",1850,"HCU.2",NA,-83.47845,-83.42166,35.07382,35.02734,"LITU","Liriodendron tulipifera"
"5770",1850,"HCU.3",NA,-83.47845,-83.42166,35.07382,35.02734,"LITU","Liriodendron tulipifera"
"5771",1850,"PB.9",NA,-83.47845,-83.42166,35.07382,35.02734,"LITU","Liriodendron tulipifera"
"5772",1850,"PB.1",NA,-83.47845,-83.42166,35.07382,35.02734,"LITU","Liriodendron tulipifera"
"5773",1850,"WB.6",NA,-83.47845,-83.42166,35.07382,35.02734,"LITU","Liriodendron tulipifera"
"5774",1850,"WB.4",NA,-83.47845,-83.42166,35.07382,35.02734,"LITU","Liriodendron tulipifera"
"5775",1850,"WB.5",NA,-83.47845,-83.42166,35.07382,35.02734,"LITU","Liriodendron tulipifera"
"5776",1850,"WB.2",NA,-83.47845,-83.42166,35.07382,35.02734,"LITU","Liriodendron tulipifera"
"5777",1850,"WB.3",NA,-83.47845,-83.42166,35.07382,35.02734,"LITU","Liriodendron tulipifera"
"5778",1850,"CB.8",NA,-83.47845,-83.42166,35.07382,35.02734,"LITU","Liriodendron tulipifera"
"5779",1850,"RB.2",NA,-83.47845,-83.42166,35.07382,35.02734,"LITU","Liriodendron tulipifera"
"5780",1850,"RB.5",NA,-83.47845,-83.42166,35.07382,35.02734,"LITU","Liriodendron tulipifera"
"5781",1850,"RB.8",NA,-83.47845,-83.42166,35.07382,35.02734,"LITU","Liriodendron tulipifera"
"5782",1850,"RB.6",NA,-83.47845,-83.42166,35.07382,35.02734,"LITU","Liriodendron tulipifera"
"5783",1850,"RB.9",NA,-83.47845,-83.42166,35.07382,35.02734,"LITU","Liriodendron tulipifera"
"5784",1850,"RB.7",NA,-83.47845,-83.42166,35.07382,35.02734,"LITU","Liriodendron tulipifera"
"5785",1850,"RB.1",NA,-83.47845,-83.42166,35.07382,35.02734,"LITU","Liriodendron tulipifera"
"5786",1850,"HW.20",NA,-83.47845,-83.42166,35.07382,35.02734,"LITU","Liriodendron tulipifera"
"5787",1850,"HW.15",NA,-83.47845,-83.42166,35.07382,35.02734,"LITU","Liriodendron tulipifera"
"5788",1850,"HW.17",NA,-83.47845,-83.42166,35.07382,35.02734,"LITU","Liriodendron tulipifera"
"5789",1850,"HLC.17",NA,-83.47845,-83.42166,35.07382,35.02734,"LITU","Liriodendron tulipifera"
"5790",1850,"HLC.18",NA,-83.47845,-83.42166,35.07382,35.02734,"LITU","Liriodendron tulipifera"
"5791",1850,"HLC.1",NA,-83.47845,-83.42166,35.07382,35.02734,"LITU","Liriodendron tulipifera"
"5792",1850,"USF.24",NA,-83.47845,-83.42166,35.07382,35.02734,"LITU","Liriodendron tulipifera"
"5793",1850,"BC.20",NA,-83.47845,-83.42166,35.07382,35.02734,"LITU","Liriodendron tulipifera"
"5794",1850,"CB.12",NA,-83.47845,-83.42166,35.07382,35.02734,"LITU","Liriodendron tulipifera"
"5795",1850,"HW.14",NA,-83.47845,-83.42166,35.07382,35.02734,"LITU","Liriodendron tulipifera"
"5796",1850,"pm.821",NA,-83.47845,-83.42166,35.07382,35.02734,"LITU","Liriodendron tulipifera"
"5797",1849,"BC1",NA,-83.47845,-83.42166,35.07382,35.02734,"LITU","Liriodendron tulipifera"
"5798",1849,"HC12",NA,-83.47845,-83.42166,35.07382,35.02734,"LITU","Liriodendron tulipifera"
"5799",1849,"HC13",NA,-83.47845,-83.42166,35.07382,35.02734,"LITU","Liriodendron tulipifera"
"5800",1849,"HC1",NA,-83.47845,-83.42166,35.07382,35.02734,"LITU","Liriodendron tulipifera"
"5801",1849,"BC2",0.975,-83.47845,-83.42166,35.07382,35.02734,"LITU","Liriodendron tulipifera"
"5802",1849,"HC2",NA,-83.47845,-83.42166,35.07382,35.02734,"LITU","Liriodendron tulipifera"
"5803",1849,"HCU.10",NA,-83.47845,-83.42166,35.07382,35.02734,"LITU","Liriodendron tulipifera"
"5804",1849,"HCU.1",NA,-83.47845,-83.42166,35.07382,35.02734,"LITU","Liriodendron tulipifera"
"5805",1849,"HCU.2",NA,-83.47845,-83.42166,35.07382,35.02734,"LITU","Liriodendron tulipifera"
"5806",1849,"HCU.3",NA,-83.47845,-83.42166,35.07382,35.02734,"LITU","Liriodendron tulipifera"
"5807",1849,"PB.9",NA,-83.47845,-83.42166,35.07382,35.02734,"LITU","Liriodendron tulipifera"
"5808",1849,"PB.1",NA,-83.47845,-83.42166,35.07382,35.02734,"LITU","Liriodendron tulipifera"
"5809",1849,"WB.6",NA,-83.47845,-83.42166,35.07382,35.02734,"LITU","Liriodendron tulipifera"
"5810",1849,"WB.4",NA,-83.47845,-83.42166,35.07382,35.02734,"LITU","Liriodendron tulipifera"
"5811",1849,"WB.5",NA,-83.47845,-83.42166,35.07382,35.02734,"LITU","Liriodendron tulipifera"
"5812",1849,"WB.2",NA,-83.47845,-83.42166,35.07382,35.02734,"LITU","Liriodendron tulipifera"
"5813",1849,"WB.3",NA,-83.47845,-83.42166,35.07382,35.02734,"LITU","Liriodendron tulipifera"
"5814",1849,"CB.8",NA,-83.47845,-83.42166,35.07382,35.02734,"LITU","Liriodendron tulipifera"
"5815",1849,"RB.2",NA,-83.47845,-83.42166,35.07382,35.02734,"LITU","Liriodendron tulipifera"
"5816",1849,"RB.5",NA,-83.47845,-83.42166,35.07382,35.02734,"LITU","Liriodendron tulipifera"
"5817",1849,"RB.8",NA,-83.47845,-83.42166,35.07382,35.02734,"LITU","Liriodendron tulipifera"
"5818",1849,"RB.6",NA,-83.47845,-83.42166,35.07382,35.02734,"LITU","Liriodendron tulipifera"
"5819",1849,"RB.9",NA,-83.47845,-83.42166,35.07382,35.02734,"LITU","Liriodendron tulipifera"
"5820",1849,"RB.7",NA,-83.47845,-83.42166,35.07382,35.02734,"LITU","Liriodendron tulipifera"
"5821",1849,"RB.1",NA,-83.47845,-83.42166,35.07382,35.02734,"LITU","Liriodendron tulipifera"
"5822",1849,"HW.20",NA,-83.47845,-83.42166,35.07382,35.02734,"LITU","Liriodendron tulipifera"
"5823",1849,"HW.15",NA,-83.47845,-83.42166,35.07382,35.02734,"LITU","Liriodendron tulipifera"
"5824",1849,"HW.17",NA,-83.47845,-83.42166,35.07382,35.02734,"LITU","Liriodendron tulipifera"
"5825",1849,"HLC.17",NA,-83.47845,-83.42166,35.07382,35.02734,"LITU","Liriodendron tulipifera"
"5826",1849,"HLC.18",NA,-83.47845,-83.42166,35.07382,35.02734,"LITU","Liriodendron tulipifera"
"5827",1849,"HLC.1",NA,-83.47845,-83.42166,35.07382,35.02734,"LITU","Liriodendron tulipifera"
"5828",1849,"USF.24",NA,-83.47845,-83.42166,35.07382,35.02734,"LITU","Liriodendron tulipifera"
"5829",1849,"BC.20",NA,-83.47845,-83.42166,35.07382,35.02734,"LITU","Liriodendron tulipifera"
"5830",1849,"CB.12",NA,-83.47845,-83.42166,35.07382,35.02734,"LITU","Liriodendron tulipifera"
"5831",1849,"HW.14",NA,-83.47845,-83.42166,35.07382,35.02734,"LITU","Liriodendron tulipifera"
"5832",1849,"pm.821",NA,-83.47845,-83.42166,35.07382,35.02734,"LITU","Liriodendron tulipifera"
"5833",1848,"BC1",NA,-83.47845,-83.42166,35.07382,35.02734,"LITU","Liriodendron tulipifera"
"5834",1848,"HC12",NA,-83.47845,-83.42166,35.07382,35.02734,"LITU","Liriodendron tulipifera"
"5835",1848,"HC13",NA,-83.47845,-83.42166,35.07382,35.02734,"LITU","Liriodendron tulipifera"
"5836",1848,"HC1",NA,-83.47845,-83.42166,35.07382,35.02734,"LITU","Liriodendron tulipifera"
"5837",1848,"BC2",0.568,-83.47845,-83.42166,35.07382,35.02734,"LITU","Liriodendron tulipifera"
"5838",1848,"HC2",NA,-83.47845,-83.42166,35.07382,35.02734,"LITU","Liriodendron tulipifera"
"5839",1848,"HCU.10",NA,-83.47845,-83.42166,35.07382,35.02734,"LITU","Liriodendron tulipifera"
"5840",1848,"HCU.1",NA,-83.47845,-83.42166,35.07382,35.02734,"LITU","Liriodendron tulipifera"
"5841",1848,"HCU.2",NA,-83.47845,-83.42166,35.07382,35.02734,"LITU","Liriodendron tulipifera"
"5842",1848,"HCU.3",NA,-83.47845,-83.42166,35.07382,35.02734,"LITU","Liriodendron tulipifera"
"5843",1848,"PB.9",NA,-83.47845,-83.42166,35.07382,35.02734,"LITU","Liriodendron tulipifera"
"5844",1848,"PB.1",NA,-83.47845,-83.42166,35.07382,35.02734,"LITU","Liriodendron tulipifera"
"5845",1848,"WB.6",NA,-83.47845,-83.42166,35.07382,35.02734,"LITU","Liriodendron tulipifera"
"5846",1848,"WB.4",NA,-83.47845,-83.42166,35.07382,35.02734,"LITU","Liriodendron tulipifera"
"5847",1848,"WB.5",NA,-83.47845,-83.42166,35.07382,35.02734,"LITU","Liriodendron tulipifera"
"5848",1848,"WB.2",NA,-83.47845,-83.42166,35.07382,35.02734,"LITU","Liriodendron tulipifera"
"5849",1848,"WB.3",NA,-83.47845,-83.42166,35.07382,35.02734,"LITU","Liriodendron tulipifera"
"5850",1848,"CB.8",NA,-83.47845,-83.42166,35.07382,35.02734,"LITU","Liriodendron tulipifera"
"5851",1848,"RB.2",NA,-83.47845,-83.42166,35.07382,35.02734,"LITU","Liriodendron tulipifera"
"5852",1848,"RB.5",NA,-83.47845,-83.42166,35.07382,35.02734,"LITU","Liriodendron tulipifera"
"5853",1848,"RB.8",NA,-83.47845,-83.42166,35.07382,35.02734,"LITU","Liriodendron tulipifera"
"5854",1848,"RB.6",NA,-83.47845,-83.42166,35.07382,35.02734,"LITU","Liriodendron tulipifera"
"5855",1848,"RB.9",NA,-83.47845,-83.42166,35.07382,35.02734,"LITU","Liriodendron tulipifera"
"5856",1848,"RB.7",NA,-83.47845,-83.42166,35.07382,35.02734,"LITU","Liriodendron tulipifera"
"5857",1848,"RB.1",NA,-83.47845,-83.42166,35.07382,35.02734,"LITU","Liriodendron tulipifera"
"5858",1848,"HW.20",NA,-83.47845,-83.42166,35.07382,35.02734,"LITU","Liriodendron tulipifera"
"5859",1848,"HW.15",NA,-83.47845,-83.42166,35.07382,35.02734,"LITU","Liriodendron tulipifera"
"5860",1848,"HW.17",NA,-83.47845,-83.42166,35.07382,35.02734,"LITU","Liriodendron tulipifera"
"5861",1848,"HLC.17",NA,-83.47845,-83.42166,35.07382,35.02734,"LITU","Liriodendron tulipifera"
"5862",1848,"HLC.18",NA,-83.47845,-83.42166,35.07382,35.02734,"LITU","Liriodendron tulipifera"
"5863",1848,"HLC.1",NA,-83.47845,-83.42166,35.07382,35.02734,"LITU","Liriodendron tulipifera"
"5864",1848,"USF.24",NA,-83.47845,-83.42166,35.07382,35.02734,"LITU","Liriodendron tulipifera"
"5865",1848,"BC.20",NA,-83.47845,-83.42166,35.07382,35.02734,"LITU","Liriodendron tulipifera"
"5866",1848,"CB.12",NA,-83.47845,-83.42166,35.07382,35.02734,"LITU","Liriodendron tulipifera"
"5867",1848,"HW.14",NA,-83.47845,-83.42166,35.07382,35.02734,"LITU","Liriodendron tulipifera"
"5868",1848,"pm.821",NA,-83.47845,-83.42166,35.07382,35.02734,"LITU","Liriodendron tulipifera"
"5869",1847,"BC1",NA,-83.47845,-83.42166,35.07382,35.02734,"LITU","Liriodendron tulipifera"
"5870",1847,"HC12",NA,-83.47845,-83.42166,35.07382,35.02734,"LITU","Liriodendron tulipifera"
"5871",1847,"HC13",NA,-83.47845,-83.42166,35.07382,35.02734,"LITU","Liriodendron tulipifera"
"5872",1847,"HC1",NA,-83.47845,-83.42166,35.07382,35.02734,"LITU","Liriodendron tulipifera"
"5873",1847,"BC2",0.793,-83.47845,-83.42166,35.07382,35.02734,"LITU","Liriodendron tulipifera"
"5874",1847,"HC2",NA,-83.47845,-83.42166,35.07382,35.02734,"LITU","Liriodendron tulipifera"
"5875",1847,"HCU.10",NA,-83.47845,-83.42166,35.07382,35.02734,"LITU","Liriodendron tulipifera"
"5876",1847,"HCU.1",NA,-83.47845,-83.42166,35.07382,35.02734,"LITU","Liriodendron tulipifera"
"5877",1847,"HCU.2",NA,-83.47845,-83.42166,35.07382,35.02734,"LITU","Liriodendron tulipifera"
"5878",1847,"HCU.3",NA,-83.47845,-83.42166,35.07382,35.02734,"LITU","Liriodendron tulipifera"
"5879",1847,"PB.9",NA,-83.47845,-83.42166,35.07382,35.02734,"LITU","Liriodendron tulipifera"
"5880",1847,"PB.1",NA,-83.47845,-83.42166,35.07382,35.02734,"LITU","Liriodendron tulipifera"
"5881",1847,"WB.6",NA,-83.47845,-83.42166,35.07382,35.02734,"LITU","Liriodendron tulipifera"
"5882",1847,"WB.4",NA,-83.47845,-83.42166,35.07382,35.02734,"LITU","Liriodendron tulipifera"
"5883",1847,"WB.5",NA,-83.47845,-83.42166,35.07382,35.02734,"LITU","Liriodendron tulipifera"
"5884",1847,"WB.2",NA,-83.47845,-83.42166,35.07382,35.02734,"LITU","Liriodendron tulipifera"
"5885",1847,"WB.3",NA,-83.47845,-83.42166,35.07382,35.02734,"LITU","Liriodendron tulipifera"
"5886",1847,"CB.8",NA,-83.47845,-83.42166,35.07382,35.02734,"LITU","Liriodendron tulipifera"
"5887",1847,"RB.2",NA,-83.47845,-83.42166,35.07382,35.02734,"LITU","Liriodendron tulipifera"
"5888",1847,"RB.5",NA,-83.47845,-83.42166,35.07382,35.02734,"LITU","Liriodendron tulipifera"
"5889",1847,"RB.8",NA,-83.47845,-83.42166,35.07382,35.02734,"LITU","Liriodendron tulipifera"
"5890",1847,"RB.6",NA,-83.47845,-83.42166,35.07382,35.02734,"LITU","Liriodendron tulipifera"
"5891",1847,"RB.9",NA,-83.47845,-83.42166,35.07382,35.02734,"LITU","Liriodendron tulipifera"
"5892",1847,"RB.7",NA,-83.47845,-83.42166,35.07382,35.02734,"LITU","Liriodendron tulipifera"
"5893",1847,"RB.1",NA,-83.47845,-83.42166,35.07382,35.02734,"LITU","Liriodendron tulipifera"
"5894",1847,"HW.20",NA,-83.47845,-83.42166,35.07382,35.02734,"LITU","Liriodendron tulipifera"
"5895",1847,"HW.15",NA,-83.47845,-83.42166,35.07382,35.02734,"LITU","Liriodendron tulipifera"
"5896",1847,"HW.17",NA,-83.47845,-83.42166,35.07382,35.02734,"LITU","Liriodendron tulipifera"
"5897",1847,"HLC.17",NA,-83.47845,-83.42166,35.07382,35.02734,"LITU","Liriodendron tulipifera"
"5898",1847,"HLC.18",NA,-83.47845,-83.42166,35.07382,35.02734,"LITU","Liriodendron tulipifera"
"5899",1847,"HLC.1",NA,-83.47845,-83.42166,35.07382,35.02734,"LITU","Liriodendron tulipifera"
"5900",1847,"USF.24",NA,-83.47845,-83.42166,35.07382,35.02734,"LITU","Liriodendron tulipifera"
"5901",1847,"BC.20",NA,-83.47845,-83.42166,35.07382,35.02734,"LITU","Liriodendron tulipifera"
"5902",1847,"CB.12",NA,-83.47845,-83.42166,35.07382,35.02734,"LITU","Liriodendron tulipifera"
"5903",1847,"HW.14",NA,-83.47845,-83.42166,35.07382,35.02734,"LITU","Liriodendron tulipifera"
"5904",1847,"pm.821",NA,-83.47845,-83.42166,35.07382,35.02734,"LITU","Liriodendron tulipifera"
"5905",1846,"BC1",NA,-83.47845,-83.42166,35.07382,35.02734,"LITU","Liriodendron tulipifera"
"5906",1846,"HC12",NA,-83.47845,-83.42166,35.07382,35.02734,"LITU","Liriodendron tulipifera"
"5907",1846,"HC13",NA,-83.47845,-83.42166,35.07382,35.02734,"LITU","Liriodendron tulipifera"
"5908",1846,"HC1",NA,-83.47845,-83.42166,35.07382,35.02734,"LITU","Liriodendron tulipifera"
"5909",1846,"BC2",0.874,-83.47845,-83.42166,35.07382,35.02734,"LITU","Liriodendron tulipifera"
"5910",1846,"HC2",NA,-83.47845,-83.42166,35.07382,35.02734,"LITU","Liriodendron tulipifera"
"5911",1846,"HCU.10",NA,-83.47845,-83.42166,35.07382,35.02734,"LITU","Liriodendron tulipifera"
"5912",1846,"HCU.1",NA,-83.47845,-83.42166,35.07382,35.02734,"LITU","Liriodendron tulipifera"
"5913",1846,"HCU.2",NA,-83.47845,-83.42166,35.07382,35.02734,"LITU","Liriodendron tulipifera"
"5914",1846,"HCU.3",NA,-83.47845,-83.42166,35.07382,35.02734,"LITU","Liriodendron tulipifera"
"5915",1846,"PB.9",NA,-83.47845,-83.42166,35.07382,35.02734,"LITU","Liriodendron tulipifera"
"5916",1846,"PB.1",NA,-83.47845,-83.42166,35.07382,35.02734,"LITU","Liriodendron tulipifera"
"5917",1846,"WB.6",NA,-83.47845,-83.42166,35.07382,35.02734,"LITU","Liriodendron tulipifera"
"5918",1846,"WB.4",NA,-83.47845,-83.42166,35.07382,35.02734,"LITU","Liriodendron tulipifera"
"5919",1846,"WB.5",NA,-83.47845,-83.42166,35.07382,35.02734,"LITU","Liriodendron tulipifera"
"5920",1846,"WB.2",NA,-83.47845,-83.42166,35.07382,35.02734,"LITU","Liriodendron tulipifera"
"5921",1846,"WB.3",NA,-83.47845,-83.42166,35.07382,35.02734,"LITU","Liriodendron tulipifera"
"5922",1846,"CB.8",NA,-83.47845,-83.42166,35.07382,35.02734,"LITU","Liriodendron tulipifera"
"5923",1846,"RB.2",NA,-83.47845,-83.42166,35.07382,35.02734,"LITU","Liriodendron tulipifera"
"5924",1846,"RB.5",NA,-83.47845,-83.42166,35.07382,35.02734,"LITU","Liriodendron tulipifera"
"5925",1846,"RB.8",NA,-83.47845,-83.42166,35.07382,35.02734,"LITU","Liriodendron tulipifera"
"5926",1846,"RB.6",NA,-83.47845,-83.42166,35.07382,35.02734,"LITU","Liriodendron tulipifera"
"5927",1846,"RB.9",NA,-83.47845,-83.42166,35.07382,35.02734,"LITU","Liriodendron tulipifera"
"5928",1846,"RB.7",NA,-83.47845,-83.42166,35.07382,35.02734,"LITU","Liriodendron tulipifera"
"5929",1846,"RB.1",NA,-83.47845,-83.42166,35.07382,35.02734,"LITU","Liriodendron tulipifera"
"5930",1846,"HW.20",NA,-83.47845,-83.42166,35.07382,35.02734,"LITU","Liriodendron tulipifera"
"5931",1846,"HW.15",NA,-83.47845,-83.42166,35.07382,35.02734,"LITU","Liriodendron tulipifera"
"5932",1846,"HW.17",NA,-83.47845,-83.42166,35.07382,35.02734,"LITU","Liriodendron tulipifera"
"5933",1846,"HLC.17",NA,-83.47845,-83.42166,35.07382,35.02734,"LITU","Liriodendron tulipifera"
"5934",1846,"HLC.18",NA,-83.47845,-83.42166,35.07382,35.02734,"LITU","Liriodendron tulipifera"
"5935",1846,"HLC.1",NA,-83.47845,-83.42166,35.07382,35.02734,"LITU","Liriodendron tulipifera"
"5936",1846,"USF.24",NA,-83.47845,-83.42166,35.07382,35.02734,"LITU","Liriodendron tulipifera"
"5937",1846,"BC.20",NA,-83.47845,-83.42166,35.07382,35.02734,"LITU","Liriodendron tulipifera"
"5938",1846,"CB.12",NA,-83.47845,-83.42166,35.07382,35.02734,"LITU","Liriodendron tulipifera"
"5939",1846,"HW.14",NA,-83.47845,-83.42166,35.07382,35.02734,"LITU","Liriodendron tulipifera"
"5940",1846,"pm.821",NA,-83.47845,-83.42166,35.07382,35.02734,"LITU","Liriodendron tulipifera"
"5941",1845,"BC1",NA,-83.47845,-83.42166,35.07382,35.02734,"LITU","Liriodendron tulipifera"
"5942",1845,"HC12",NA,-83.47845,-83.42166,35.07382,35.02734,"LITU","Liriodendron tulipifera"
"5943",1845,"HC13",NA,-83.47845,-83.42166,35.07382,35.02734,"LITU","Liriodendron tulipifera"
"5944",1845,"HC1",NA,-83.47845,-83.42166,35.07382,35.02734,"LITU","Liriodendron tulipifera"
"5945",1845,"BC2",0.869,-83.47845,-83.42166,35.07382,35.02734,"LITU","Liriodendron tulipifera"
"5946",1845,"HC2",NA,-83.47845,-83.42166,35.07382,35.02734,"LITU","Liriodendron tulipifera"
"5947",1845,"HCU.10",NA,-83.47845,-83.42166,35.07382,35.02734,"LITU","Liriodendron tulipifera"
"5948",1845,"HCU.1",NA,-83.47845,-83.42166,35.07382,35.02734,"LITU","Liriodendron tulipifera"
"5949",1845,"HCU.2",NA,-83.47845,-83.42166,35.07382,35.02734,"LITU","Liriodendron tulipifera"
"5950",1845,"HCU.3",NA,-83.47845,-83.42166,35.07382,35.02734,"LITU","Liriodendron tulipifera"
"5951",1845,"PB.9",NA,-83.47845,-83.42166,35.07382,35.02734,"LITU","Liriodendron tulipifera"
"5952",1845,"PB.1",NA,-83.47845,-83.42166,35.07382,35.02734,"LITU","Liriodendron tulipifera"
"5953",1845,"WB.6",NA,-83.47845,-83.42166,35.07382,35.02734,"LITU","Liriodendron tulipifera"
"5954",1845,"WB.4",NA,-83.47845,-83.42166,35.07382,35.02734,"LITU","Liriodendron tulipifera"
"5955",1845,"WB.5",NA,-83.47845,-83.42166,35.07382,35.02734,"LITU","Liriodendron tulipifera"
"5956",1845,"WB.2",NA,-83.47845,-83.42166,35.07382,35.02734,"LITU","Liriodendron tulipifera"
"5957",1845,"WB.3",NA,-83.47845,-83.42166,35.07382,35.02734,"LITU","Liriodendron tulipifera"
"5958",1845,"CB.8",NA,-83.47845,-83.42166,35.07382,35.02734,"LITU","Liriodendron tulipifera"
"5959",1845,"RB.2",NA,-83.47845,-83.42166,35.07382,35.02734,"LITU","Liriodendron tulipifera"
"5960",1845,"RB.5",NA,-83.47845,-83.42166,35.07382,35.02734,"LITU","Liriodendron tulipifera"
"5961",1845,"RB.8",NA,-83.47845,-83.42166,35.07382,35.02734,"LITU","Liriodendron tulipifera"
"5962",1845,"RB.6",NA,-83.47845,-83.42166,35.07382,35.02734,"LITU","Liriodendron tulipifera"
"5963",1845,"RB.9",NA,-83.47845,-83.42166,35.07382,35.02734,"LITU","Liriodendron tulipifera"
"5964",1845,"RB.7",NA,-83.47845,-83.42166,35.07382,35.02734,"LITU","Liriodendron tulipifera"
"5965",1845,"RB.1",NA,-83.47845,-83.42166,35.07382,35.02734,"LITU","Liriodendron tulipifera"
"5966",1845,"HW.20",NA,-83.47845,-83.42166,35.07382,35.02734,"LITU","Liriodendron tulipifera"
"5967",1845,"HW.15",NA,-83.47845,-83.42166,35.07382,35.02734,"LITU","Liriodendron tulipifera"
"5968",1845,"HW.17",NA,-83.47845,-83.42166,35.07382,35.02734,"LITU","Liriodendron tulipifera"
"5969",1845,"HLC.17",NA,-83.47845,-83.42166,35.07382,35.02734,"LITU","Liriodendron tulipifera"
"5970",1845,"HLC.18",NA,-83.47845,-83.42166,35.07382,35.02734,"LITU","Liriodendron tulipifera"
"5971",1845,"HLC.1",NA,-83.47845,-83.42166,35.07382,35.02734,"LITU","Liriodendron tulipifera"
"5972",1845,"USF.24",NA,-83.47845,-83.42166,35.07382,35.02734,"LITU","Liriodendron tulipifera"
"5973",1845,"BC.20",NA,-83.47845,-83.42166,35.07382,35.02734,"LITU","Liriodendron tulipifera"
"5974",1845,"CB.12",NA,-83.47845,-83.42166,35.07382,35.02734,"LITU","Liriodendron tulipifera"
"5975",1845,"HW.14",NA,-83.47845,-83.42166,35.07382,35.02734,"LITU","Liriodendron tulipifera"
"5976",1845,"pm.821",NA,-83.47845,-83.42166,35.07382,35.02734,"LITU","Liriodendron tulipifera"
"5977",1844,"BC1",NA,-83.47845,-83.42166,35.07382,35.02734,"LITU","Liriodendron tulipifera"
"5978",1844,"HC12",NA,-83.47845,-83.42166,35.07382,35.02734,"LITU","Liriodendron tulipifera"
"5979",1844,"HC13",NA,-83.47845,-83.42166,35.07382,35.02734,"LITU","Liriodendron tulipifera"
"5980",1844,"HC1",NA,-83.47845,-83.42166,35.07382,35.02734,"LITU","Liriodendron tulipifera"
"5981",1844,"BC2",0.612,-83.47845,-83.42166,35.07382,35.02734,"LITU","Liriodendron tulipifera"
"5982",1844,"HC2",NA,-83.47845,-83.42166,35.07382,35.02734,"LITU","Liriodendron tulipifera"
"5983",1844,"HCU.10",NA,-83.47845,-83.42166,35.07382,35.02734,"LITU","Liriodendron tulipifera"
"5984",1844,"HCU.1",NA,-83.47845,-83.42166,35.07382,35.02734,"LITU","Liriodendron tulipifera"
"5985",1844,"HCU.2",NA,-83.47845,-83.42166,35.07382,35.02734,"LITU","Liriodendron tulipifera"
"5986",1844,"HCU.3",NA,-83.47845,-83.42166,35.07382,35.02734,"LITU","Liriodendron tulipifera"
"5987",1844,"PB.9",NA,-83.47845,-83.42166,35.07382,35.02734,"LITU","Liriodendron tulipifera"
"5988",1844,"PB.1",NA,-83.47845,-83.42166,35.07382,35.02734,"LITU","Liriodendron tulipifera"
"5989",1844,"WB.6",NA,-83.47845,-83.42166,35.07382,35.02734,"LITU","Liriodendron tulipifera"
"5990",1844,"WB.4",NA,-83.47845,-83.42166,35.07382,35.02734,"LITU","Liriodendron tulipifera"
"5991",1844,"WB.5",NA,-83.47845,-83.42166,35.07382,35.02734,"LITU","Liriodendron tulipifera"
"5992",1844,"WB.2",NA,-83.47845,-83.42166,35.07382,35.02734,"LITU","Liriodendron tulipifera"
"5993",1844,"WB.3",NA,-83.47845,-83.42166,35.07382,35.02734,"LITU","Liriodendron tulipifera"
"5994",1844,"CB.8",NA,-83.47845,-83.42166,35.07382,35.02734,"LITU","Liriodendron tulipifera"
"5995",1844,"RB.2",NA,-83.47845,-83.42166,35.07382,35.02734,"LITU","Liriodendron tulipifera"
"5996",1844,"RB.5",NA,-83.47845,-83.42166,35.07382,35.02734,"LITU","Liriodendron tulipifera"
"5997",1844,"RB.8",NA,-83.47845,-83.42166,35.07382,35.02734,"LITU","Liriodendron tulipifera"
"5998",1844,"RB.6",NA,-83.47845,-83.42166,35.07382,35.02734,"LITU","Liriodendron tulipifera"
"5999",1844,"RB.9",NA,-83.47845,-83.42166,35.07382,35.02734,"LITU","Liriodendron tulipifera"
"6000",1844,"RB.7",NA,-83.47845,-83.42166,35.07382,35.02734,"LITU","Liriodendron tulipifera"
"6001",1844,"RB.1",NA,-83.47845,-83.42166,35.07382,35.02734,"LITU","Liriodendron tulipifera"
"6002",1844,"HW.20",NA,-83.47845,-83.42166,35.07382,35.02734,"LITU","Liriodendron tulipifera"
"6003",1844,"HW.15",NA,-83.47845,-83.42166,35.07382,35.02734,"LITU","Liriodendron tulipifera"
"6004",1844,"HW.17",NA,-83.47845,-83.42166,35.07382,35.02734,"LITU","Liriodendron tulipifera"
"6005",1844,"HLC.17",NA,-83.47845,-83.42166,35.07382,35.02734,"LITU","Liriodendron tulipifera"
"6006",1844,"HLC.18",NA,-83.47845,-83.42166,35.07382,35.02734,"LITU","Liriodendron tulipifera"
"6007",1844,"HLC.1",NA,-83.47845,-83.42166,35.07382,35.02734,"LITU","Liriodendron tulipifera"
"6008",1844,"USF.24",NA,-83.47845,-83.42166,35.07382,35.02734,"LITU","Liriodendron tulipifera"
"6009",1844,"BC.20",NA,-83.47845,-83.42166,35.07382,35.02734,"LITU","Liriodendron tulipifera"
"6010",1844,"CB.12",NA,-83.47845,-83.42166,35.07382,35.02734,"LITU","Liriodendron tulipifera"
"6011",1844,"HW.14",NA,-83.47845,-83.42166,35.07382,35.02734,"LITU","Liriodendron tulipifera"
"6012",1844,"pm.821",NA,-83.47845,-83.42166,35.07382,35.02734,"LITU","Liriodendron tulipifera"
"6013",1843,"BC1",NA,-83.47845,-83.42166,35.07382,35.02734,"LITU","Liriodendron tulipifera"
"6014",1843,"HC12",NA,-83.47845,-83.42166,35.07382,35.02734,"LITU","Liriodendron tulipifera"
"6015",1843,"HC13",NA,-83.47845,-83.42166,35.07382,35.02734,"LITU","Liriodendron tulipifera"
"6016",1843,"HC1",NA,-83.47845,-83.42166,35.07382,35.02734,"LITU","Liriodendron tulipifera"
"6017",1843,"BC2",0.644,-83.47845,-83.42166,35.07382,35.02734,"LITU","Liriodendron tulipifera"
"6018",1843,"HC2",NA,-83.47845,-83.42166,35.07382,35.02734,"LITU","Liriodendron tulipifera"
"6019",1843,"HCU.10",NA,-83.47845,-83.42166,35.07382,35.02734,"LITU","Liriodendron tulipifera"
"6020",1843,"HCU.1",NA,-83.47845,-83.42166,35.07382,35.02734,"LITU","Liriodendron tulipifera"
"6021",1843,"HCU.2",NA,-83.47845,-83.42166,35.07382,35.02734,"LITU","Liriodendron tulipifera"
"6022",1843,"HCU.3",NA,-83.47845,-83.42166,35.07382,35.02734,"LITU","Liriodendron tulipifera"
"6023",1843,"PB.9",NA,-83.47845,-83.42166,35.07382,35.02734,"LITU","Liriodendron tulipifera"
"6024",1843,"PB.1",NA,-83.47845,-83.42166,35.07382,35.02734,"LITU","Liriodendron tulipifera"
"6025",1843,"WB.6",NA,-83.47845,-83.42166,35.07382,35.02734,"LITU","Liriodendron tulipifera"
"6026",1843,"WB.4",NA,-83.47845,-83.42166,35.07382,35.02734,"LITU","Liriodendron tulipifera"
"6027",1843,"WB.5",NA,-83.47845,-83.42166,35.07382,35.02734,"LITU","Liriodendron tulipifera"
"6028",1843,"WB.2",NA,-83.47845,-83.42166,35.07382,35.02734,"LITU","Liriodendron tulipifera"
"6029",1843,"WB.3",NA,-83.47845,-83.42166,35.07382,35.02734,"LITU","Liriodendron tulipifera"
"6030",1843,"CB.8",NA,-83.47845,-83.42166,35.07382,35.02734,"LITU","Liriodendron tulipifera"
"6031",1843,"RB.2",NA,-83.47845,-83.42166,35.07382,35.02734,"LITU","Liriodendron tulipifera"
"6032",1843,"RB.5",NA,-83.47845,-83.42166,35.07382,35.02734,"LITU","Liriodendron tulipifera"
"6033",1843,"RB.8",NA,-83.47845,-83.42166,35.07382,35.02734,"LITU","Liriodendron tulipifera"
"6034",1843,"RB.6",NA,-83.47845,-83.42166,35.07382,35.02734,"LITU","Liriodendron tulipifera"
"6035",1843,"RB.9",NA,-83.47845,-83.42166,35.07382,35.02734,"LITU","Liriodendron tulipifera"
"6036",1843,"RB.7",NA,-83.47845,-83.42166,35.07382,35.02734,"LITU","Liriodendron tulipifera"
"6037",1843,"RB.1",NA,-83.47845,-83.42166,35.07382,35.02734,"LITU","Liriodendron tulipifera"
"6038",1843,"HW.20",NA,-83.47845,-83.42166,35.07382,35.02734,"LITU","Liriodendron tulipifera"
"6039",1843,"HW.15",NA,-83.47845,-83.42166,35.07382,35.02734,"LITU","Liriodendron tulipifera"
"6040",1843,"HW.17",NA,-83.47845,-83.42166,35.07382,35.02734,"LITU","Liriodendron tulipifera"
"6041",1843,"HLC.17",NA,-83.47845,-83.42166,35.07382,35.02734,"LITU","Liriodendron tulipifera"
"6042",1843,"HLC.18",NA,-83.47845,-83.42166,35.07382,35.02734,"LITU","Liriodendron tulipifera"
"6043",1843,"HLC.1",NA,-83.47845,-83.42166,35.07382,35.02734,"LITU","Liriodendron tulipifera"
"6044",1843,"USF.24",NA,-83.47845,-83.42166,35.07382,35.02734,"LITU","Liriodendron tulipifera"
"6045",1843,"BC.20",NA,-83.47845,-83.42166,35.07382,35.02734,"LITU","Liriodendron tulipifera"
"6046",1843,"CB.12",NA,-83.47845,-83.42166,35.07382,35.02734,"LITU","Liriodendron tulipifera"
"6047",1843,"HW.14",NA,-83.47845,-83.42166,35.07382,35.02734,"LITU","Liriodendron tulipifera"
"6048",1843,"pm.821",NA,-83.47845,-83.42166,35.07382,35.02734,"LITU","Liriodendron tulipifera"
"6049",1842,"BC1",NA,-83.47845,-83.42166,35.07382,35.02734,"LITU","Liriodendron tulipifera"
"6050",1842,"HC12",NA,-83.47845,-83.42166,35.07382,35.02734,"LITU","Liriodendron tulipifera"
"6051",1842,"HC13",NA,-83.47845,-83.42166,35.07382,35.02734,"LITU","Liriodendron tulipifera"
"6052",1842,"HC1",NA,-83.47845,-83.42166,35.07382,35.02734,"LITU","Liriodendron tulipifera"
"6053",1842,"BC2",1.217,-83.47845,-83.42166,35.07382,35.02734,"LITU","Liriodendron tulipifera"
"6054",1842,"HC2",NA,-83.47845,-83.42166,35.07382,35.02734,"LITU","Liriodendron tulipifera"
"6055",1842,"HCU.10",NA,-83.47845,-83.42166,35.07382,35.02734,"LITU","Liriodendron tulipifera"
"6056",1842,"HCU.1",NA,-83.47845,-83.42166,35.07382,35.02734,"LITU","Liriodendron tulipifera"
"6057",1842,"HCU.2",NA,-83.47845,-83.42166,35.07382,35.02734,"LITU","Liriodendron tulipifera"
"6058",1842,"HCU.3",NA,-83.47845,-83.42166,35.07382,35.02734,"LITU","Liriodendron tulipifera"
"6059",1842,"PB.9",NA,-83.47845,-83.42166,35.07382,35.02734,"LITU","Liriodendron tulipifera"
"6060",1842,"PB.1",NA,-83.47845,-83.42166,35.07382,35.02734,"LITU","Liriodendron tulipifera"
"6061",1842,"WB.6",NA,-83.47845,-83.42166,35.07382,35.02734,"LITU","Liriodendron tulipifera"
"6062",1842,"WB.4",NA,-83.47845,-83.42166,35.07382,35.02734,"LITU","Liriodendron tulipifera"
"6063",1842,"WB.5",NA,-83.47845,-83.42166,35.07382,35.02734,"LITU","Liriodendron tulipifera"
"6064",1842,"WB.2",NA,-83.47845,-83.42166,35.07382,35.02734,"LITU","Liriodendron tulipifera"
"6065",1842,"WB.3",NA,-83.47845,-83.42166,35.07382,35.02734,"LITU","Liriodendron tulipifera"
"6066",1842,"CB.8",NA,-83.47845,-83.42166,35.07382,35.02734,"LITU","Liriodendron tulipifera"
"6067",1842,"RB.2",NA,-83.47845,-83.42166,35.07382,35.02734,"LITU","Liriodendron tulipifera"
"6068",1842,"RB.5",NA,-83.47845,-83.42166,35.07382,35.02734,"LITU","Liriodendron tulipifera"
"6069",1842,"RB.8",NA,-83.47845,-83.42166,35.07382,35.02734,"LITU","Liriodendron tulipifera"
"6070",1842,"RB.6",NA,-83.47845,-83.42166,35.07382,35.02734,"LITU","Liriodendron tulipifera"
"6071",1842,"RB.9",NA,-83.47845,-83.42166,35.07382,35.02734,"LITU","Liriodendron tulipifera"
"6072",1842,"RB.7",NA,-83.47845,-83.42166,35.07382,35.02734,"LITU","Liriodendron tulipifera"
"6073",1842,"RB.1",NA,-83.47845,-83.42166,35.07382,35.02734,"LITU","Liriodendron tulipifera"
"6074",1842,"HW.20",NA,-83.47845,-83.42166,35.07382,35.02734,"LITU","Liriodendron tulipifera"
"6075",1842,"HW.15",NA,-83.47845,-83.42166,35.07382,35.02734,"LITU","Liriodendron tulipifera"
"6076",1842,"HW.17",NA,-83.47845,-83.42166,35.07382,35.02734,"LITU","Liriodendron tulipifera"
"6077",1842,"HLC.17",NA,-83.47845,-83.42166,35.07382,35.02734,"LITU","Liriodendron tulipifera"
"6078",1842,"HLC.18",NA,-83.47845,-83.42166,35.07382,35.02734,"LITU","Liriodendron tulipifera"
"6079",1842,"HLC.1",NA,-83.47845,-83.42166,35.07382,35.02734,"LITU","Liriodendron tulipifera"
"6080",1842,"USF.24",NA,-83.47845,-83.42166,35.07382,35.02734,"LITU","Liriodendron tulipifera"
"6081",1842,"BC.20",NA,-83.47845,-83.42166,35.07382,35.02734,"LITU","Liriodendron tulipifera"
"6082",1842,"CB.12",NA,-83.47845,-83.42166,35.07382,35.02734,"LITU","Liriodendron tulipifera"
"6083",1842,"HW.14",NA,-83.47845,-83.42166,35.07382,35.02734,"LITU","Liriodendron tulipifera"
"6084",1842,"pm.821",NA,-83.47845,-83.42166,35.07382,35.02734,"LITU","Liriodendron tulipifera"
"6085",1841,"BC1",NA,-83.47845,-83.42166,35.07382,35.02734,"LITU","Liriodendron tulipifera"
"6086",1841,"HC12",NA,-83.47845,-83.42166,35.07382,35.02734,"LITU","Liriodendron tulipifera"
"6087",1841,"HC13",NA,-83.47845,-83.42166,35.07382,35.02734,"LITU","Liriodendron tulipifera"
"6088",1841,"HC1",NA,-83.47845,-83.42166,35.07382,35.02734,"LITU","Liriodendron tulipifera"
"6089",1841,"BC2",0.795,-83.47845,-83.42166,35.07382,35.02734,"LITU","Liriodendron tulipifera"
"6090",1841,"HC2",NA,-83.47845,-83.42166,35.07382,35.02734,"LITU","Liriodendron tulipifera"
"6091",1841,"HCU.10",NA,-83.47845,-83.42166,35.07382,35.02734,"LITU","Liriodendron tulipifera"
"6092",1841,"HCU.1",NA,-83.47845,-83.42166,35.07382,35.02734,"LITU","Liriodendron tulipifera"
"6093",1841,"HCU.2",NA,-83.47845,-83.42166,35.07382,35.02734,"LITU","Liriodendron tulipifera"
"6094",1841,"HCU.3",NA,-83.47845,-83.42166,35.07382,35.02734,"LITU","Liriodendron tulipifera"
"6095",1841,"PB.9",NA,-83.47845,-83.42166,35.07382,35.02734,"LITU","Liriodendron tulipifera"
"6096",1841,"PB.1",NA,-83.47845,-83.42166,35.07382,35.02734,"LITU","Liriodendron tulipifera"
"6097",1841,"WB.6",NA,-83.47845,-83.42166,35.07382,35.02734,"LITU","Liriodendron tulipifera"
"6098",1841,"WB.4",NA,-83.47845,-83.42166,35.07382,35.02734,"LITU","Liriodendron tulipifera"
"6099",1841,"WB.5",NA,-83.47845,-83.42166,35.07382,35.02734,"LITU","Liriodendron tulipifera"
"6100",1841,"WB.2",NA,-83.47845,-83.42166,35.07382,35.02734,"LITU","Liriodendron tulipifera"
"6101",1841,"WB.3",NA,-83.47845,-83.42166,35.07382,35.02734,"LITU","Liriodendron tulipifera"
"6102",1841,"CB.8",NA,-83.47845,-83.42166,35.07382,35.02734,"LITU","Liriodendron tulipifera"
"6103",1841,"RB.2",NA,-83.47845,-83.42166,35.07382,35.02734,"LITU","Liriodendron tulipifera"
"6104",1841,"RB.5",NA,-83.47845,-83.42166,35.07382,35.02734,"LITU","Liriodendron tulipifera"
"6105",1841,"RB.8",NA,-83.47845,-83.42166,35.07382,35.02734,"LITU","Liriodendron tulipifera"
"6106",1841,"RB.6",NA,-83.47845,-83.42166,35.07382,35.02734,"LITU","Liriodendron tulipifera"
"6107",1841,"RB.9",NA,-83.47845,-83.42166,35.07382,35.02734,"LITU","Liriodendron tulipifera"
"6108",1841,"RB.7",NA,-83.47845,-83.42166,35.07382,35.02734,"LITU","Liriodendron tulipifera"
"6109",1841,"RB.1",NA,-83.47845,-83.42166,35.07382,35.02734,"LITU","Liriodendron tulipifera"
"6110",1841,"HW.20",NA,-83.47845,-83.42166,35.07382,35.02734,"LITU","Liriodendron tulipifera"
"6111",1841,"HW.15",NA,-83.47845,-83.42166,35.07382,35.02734,"LITU","Liriodendron tulipifera"
"6112",1841,"HW.17",NA,-83.47845,-83.42166,35.07382,35.02734,"LITU","Liriodendron tulipifera"
"6113",1841,"HLC.17",NA,-83.47845,-83.42166,35.07382,35.02734,"LITU","Liriodendron tulipifera"
"6114",1841,"HLC.18",NA,-83.47845,-83.42166,35.07382,35.02734,"LITU","Liriodendron tulipifera"
"6115",1841,"HLC.1",NA,-83.47845,-83.42166,35.07382,35.02734,"LITU","Liriodendron tulipifera"
"6116",1841,"USF.24",NA,-83.47845,-83.42166,35.07382,35.02734,"LITU","Liriodendron tulipifera"
"6117",1841,"BC.20",NA,-83.47845,-83.42166,35.07382,35.02734,"LITU","Liriodendron tulipifera"
"6118",1841,"CB.12",NA,-83.47845,-83.42166,35.07382,35.02734,"LITU","Liriodendron tulipifera"
"6119",1841,"HW.14",NA,-83.47845,-83.42166,35.07382,35.02734,"LITU","Liriodendron tulipifera"
"6120",1841,"pm.821",NA,-83.47845,-83.42166,35.07382,35.02734,"LITU","Liriodendron tulipifera"
"6121",1840,"BC1",NA,-83.47845,-83.42166,35.07382,35.02734,"LITU","Liriodendron tulipifera"
"6122",1840,"HC12",NA,-83.47845,-83.42166,35.07382,35.02734,"LITU","Liriodendron tulipifera"
"6123",1840,"HC13",NA,-83.47845,-83.42166,35.07382,35.02734,"LITU","Liriodendron tulipifera"
"6124",1840,"HC1",NA,-83.47845,-83.42166,35.07382,35.02734,"LITU","Liriodendron tulipifera"
"6125",1840,"BC2",1.135,-83.47845,-83.42166,35.07382,35.02734,"LITU","Liriodendron tulipifera"
"6126",1840,"HC2",NA,-83.47845,-83.42166,35.07382,35.02734,"LITU","Liriodendron tulipifera"
"6127",1840,"HCU.10",NA,-83.47845,-83.42166,35.07382,35.02734,"LITU","Liriodendron tulipifera"
"6128",1840,"HCU.1",NA,-83.47845,-83.42166,35.07382,35.02734,"LITU","Liriodendron tulipifera"
"6129",1840,"HCU.2",NA,-83.47845,-83.42166,35.07382,35.02734,"LITU","Liriodendron tulipifera"
"6130",1840,"HCU.3",NA,-83.47845,-83.42166,35.07382,35.02734,"LITU","Liriodendron tulipifera"
"6131",1840,"PB.9",NA,-83.47845,-83.42166,35.07382,35.02734,"LITU","Liriodendron tulipifera"
"6132",1840,"PB.1",NA,-83.47845,-83.42166,35.07382,35.02734,"LITU","Liriodendron tulipifera"
"6133",1840,"WB.6",NA,-83.47845,-83.42166,35.07382,35.02734,"LITU","Liriodendron tulipifera"
"6134",1840,"WB.4",NA,-83.47845,-83.42166,35.07382,35.02734,"LITU","Liriodendron tulipifera"
"6135",1840,"WB.5",NA,-83.47845,-83.42166,35.07382,35.02734,"LITU","Liriodendron tulipifera"
"6136",1840,"WB.2",NA,-83.47845,-83.42166,35.07382,35.02734,"LITU","Liriodendron tulipifera"
"6137",1840,"WB.3",NA,-83.47845,-83.42166,35.07382,35.02734,"LITU","Liriodendron tulipifera"
"6138",1840,"CB.8",NA,-83.47845,-83.42166,35.07382,35.02734,"LITU","Liriodendron tulipifera"
"6139",1840,"RB.2",NA,-83.47845,-83.42166,35.07382,35.02734,"LITU","Liriodendron tulipifera"
"6140",1840,"RB.5",NA,-83.47845,-83.42166,35.07382,35.02734,"LITU","Liriodendron tulipifera"
"6141",1840,"RB.8",NA,-83.47845,-83.42166,35.07382,35.02734,"LITU","Liriodendron tulipifera"
"6142",1840,"RB.6",NA,-83.47845,-83.42166,35.07382,35.02734,"LITU","Liriodendron tulipifera"
"6143",1840,"RB.9",NA,-83.47845,-83.42166,35.07382,35.02734,"LITU","Liriodendron tulipifera"
"6144",1840,"RB.7",NA,-83.47845,-83.42166,35.07382,35.02734,"LITU","Liriodendron tulipifera"
"6145",1840,"RB.1",NA,-83.47845,-83.42166,35.07382,35.02734,"LITU","Liriodendron tulipifera"
"6146",1840,"HW.20",NA,-83.47845,-83.42166,35.07382,35.02734,"LITU","Liriodendron tulipifera"
"6147",1840,"HW.15",NA,-83.47845,-83.42166,35.07382,35.02734,"LITU","Liriodendron tulipifera"
"6148",1840,"HW.17",NA,-83.47845,-83.42166,35.07382,35.02734,"LITU","Liriodendron tulipifera"
"6149",1840,"HLC.17",NA,-83.47845,-83.42166,35.07382,35.02734,"LITU","Liriodendron tulipifera"
"6150",1840,"HLC.18",NA,-83.47845,-83.42166,35.07382,35.02734,"LITU","Liriodendron tulipifera"
"6151",1840,"HLC.1",NA,-83.47845,-83.42166,35.07382,35.02734,"LITU","Liriodendron tulipifera"
"6152",1840,"USF.24",NA,-83.47845,-83.42166,35.07382,35.02734,"LITU","Liriodendron tulipifera"
"6153",1840,"BC.20",NA,-83.47845,-83.42166,35.07382,35.02734,"LITU","Liriodendron tulipifera"
"6154",1840,"CB.12",NA,-83.47845,-83.42166,35.07382,35.02734,"LITU","Liriodendron tulipifera"
"6155",1840,"HW.14",NA,-83.47845,-83.42166,35.07382,35.02734,"LITU","Liriodendron tulipifera"
"6156",1840,"pm.821",NA,-83.47845,-83.42166,35.07382,35.02734,"LITU","Liriodendron tulipifera"
"6157",1839,"BC1",NA,-83.47845,-83.42166,35.07382,35.02734,"LITU","Liriodendron tulipifera"
"6158",1839,"HC12",NA,-83.47845,-83.42166,35.07382,35.02734,"LITU","Liriodendron tulipifera"
"6159",1839,"HC13",NA,-83.47845,-83.42166,35.07382,35.02734,"LITU","Liriodendron tulipifera"
"6160",1839,"HC1",NA,-83.47845,-83.42166,35.07382,35.02734,"LITU","Liriodendron tulipifera"
"6161",1839,"BC2",0.925,-83.47845,-83.42166,35.07382,35.02734,"LITU","Liriodendron tulipifera"
"6162",1839,"HC2",NA,-83.47845,-83.42166,35.07382,35.02734,"LITU","Liriodendron tulipifera"
"6163",1839,"HCU.10",NA,-83.47845,-83.42166,35.07382,35.02734,"LITU","Liriodendron tulipifera"
"6164",1839,"HCU.1",NA,-83.47845,-83.42166,35.07382,35.02734,"LITU","Liriodendron tulipifera"
"6165",1839,"HCU.2",NA,-83.47845,-83.42166,35.07382,35.02734,"LITU","Liriodendron tulipifera"
"6166",1839,"HCU.3",NA,-83.47845,-83.42166,35.07382,35.02734,"LITU","Liriodendron tulipifera"
"6167",1839,"PB.9",NA,-83.47845,-83.42166,35.07382,35.02734,"LITU","Liriodendron tulipifera"
"6168",1839,"PB.1",NA,-83.47845,-83.42166,35.07382,35.02734,"LITU","Liriodendron tulipifera"
"6169",1839,"WB.6",NA,-83.47845,-83.42166,35.07382,35.02734,"LITU","Liriodendron tulipifera"
"6170",1839,"WB.4",NA,-83.47845,-83.42166,35.07382,35.02734,"LITU","Liriodendron tulipifera"
"6171",1839,"WB.5",NA,-83.47845,-83.42166,35.07382,35.02734,"LITU","Liriodendron tulipifera"
"6172",1839,"WB.2",NA,-83.47845,-83.42166,35.07382,35.02734,"LITU","Liriodendron tulipifera"
"6173",1839,"WB.3",NA,-83.47845,-83.42166,35.07382,35.02734,"LITU","Liriodendron tulipifera"
"6174",1839,"CB.8",NA,-83.47845,-83.42166,35.07382,35.02734,"LITU","Liriodendron tulipifera"
"6175",1839,"RB.2",NA,-83.47845,-83.42166,35.07382,35.02734,"LITU","Liriodendron tulipifera"
"6176",1839,"RB.5",NA,-83.47845,-83.42166,35.07382,35.02734,"LITU","Liriodendron tulipifera"
"6177",1839,"RB.8",NA,-83.47845,-83.42166,35.07382,35.02734,"LITU","Liriodendron tulipifera"
"6178",1839,"RB.6",NA,-83.47845,-83.42166,35.07382,35.02734,"LITU","Liriodendron tulipifera"
"6179",1839,"RB.9",NA,-83.47845,-83.42166,35.07382,35.02734,"LITU","Liriodendron tulipifera"
"6180",1839,"RB.7",NA,-83.47845,-83.42166,35.07382,35.02734,"LITU","Liriodendron tulipifera"
"6181",1839,"RB.1",NA,-83.47845,-83.42166,35.07382,35.02734,"LITU","Liriodendron tulipifera"
"6182",1839,"HW.20",NA,-83.47845,-83.42166,35.07382,35.02734,"LITU","Liriodendron tulipifera"
"6183",1839,"HW.15",NA,-83.47845,-83.42166,35.07382,35.02734,"LITU","Liriodendron tulipifera"
"6184",1839,"HW.17",NA,-83.47845,-83.42166,35.07382,35.02734,"LITU","Liriodendron tulipifera"
"6185",1839,"HLC.17",NA,-83.47845,-83.42166,35.07382,35.02734,"LITU","Liriodendron tulipifera"
"6186",1839,"HLC.18",NA,-83.47845,-83.42166,35.07382,35.02734,"LITU","Liriodendron tulipifera"
"6187",1839,"HLC.1",NA,-83.47845,-83.42166,35.07382,35.02734,"LITU","Liriodendron tulipifera"
"6188",1839,"USF.24",NA,-83.47845,-83.42166,35.07382,35.02734,"LITU","Liriodendron tulipifera"
"6189",1839,"BC.20",NA,-83.47845,-83.42166,35.07382,35.02734,"LITU","Liriodendron tulipifera"
"6190",1839,"CB.12",NA,-83.47845,-83.42166,35.07382,35.02734,"LITU","Liriodendron tulipifera"
"6191",1839,"HW.14",NA,-83.47845,-83.42166,35.07382,35.02734,"LITU","Liriodendron tulipifera"
"6192",1839,"pm.821",NA,-83.47845,-83.42166,35.07382,35.02734,"LITU","Liriodendron tulipifera"
"6193",1838,"BC1",NA,-83.47845,-83.42166,35.07382,35.02734,"LITU","Liriodendron tulipifera"
"6194",1838,"HC12",NA,-83.47845,-83.42166,35.07382,35.02734,"LITU","Liriodendron tulipifera"
"6195",1838,"HC13",NA,-83.47845,-83.42166,35.07382,35.02734,"LITU","Liriodendron tulipifera"
"6196",1838,"HC1",NA,-83.47845,-83.42166,35.07382,35.02734,"LITU","Liriodendron tulipifera"
"6197",1838,"BC2",0.751,-83.47845,-83.42166,35.07382,35.02734,"LITU","Liriodendron tulipifera"
"6198",1838,"HC2",NA,-83.47845,-83.42166,35.07382,35.02734,"LITU","Liriodendron tulipifera"
"6199",1838,"HCU.10",NA,-83.47845,-83.42166,35.07382,35.02734,"LITU","Liriodendron tulipifera"
"6200",1838,"HCU.1",NA,-83.47845,-83.42166,35.07382,35.02734,"LITU","Liriodendron tulipifera"
"6201",1838,"HCU.2",NA,-83.47845,-83.42166,35.07382,35.02734,"LITU","Liriodendron tulipifera"
"6202",1838,"HCU.3",NA,-83.47845,-83.42166,35.07382,35.02734,"LITU","Liriodendron tulipifera"
"6203",1838,"PB.9",NA,-83.47845,-83.42166,35.07382,35.02734,"LITU","Liriodendron tulipifera"
"6204",1838,"PB.1",NA,-83.47845,-83.42166,35.07382,35.02734,"LITU","Liriodendron tulipifera"
"6205",1838,"WB.6",NA,-83.47845,-83.42166,35.07382,35.02734,"LITU","Liriodendron tulipifera"
"6206",1838,"WB.4",NA,-83.47845,-83.42166,35.07382,35.02734,"LITU","Liriodendron tulipifera"
"6207",1838,"WB.5",NA,-83.47845,-83.42166,35.07382,35.02734,"LITU","Liriodendron tulipifera"
"6208",1838,"WB.2",NA,-83.47845,-83.42166,35.07382,35.02734,"LITU","Liriodendron tulipifera"
"6209",1838,"WB.3",NA,-83.47845,-83.42166,35.07382,35.02734,"LITU","Liriodendron tulipifera"
"6210",1838,"CB.8",NA,-83.47845,-83.42166,35.07382,35.02734,"LITU","Liriodendron tulipifera"
"6211",1838,"RB.2",NA,-83.47845,-83.42166,35.07382,35.02734,"LITU","Liriodendron tulipifera"
"6212",1838,"RB.5",NA,-83.47845,-83.42166,35.07382,35.02734,"LITU","Liriodendron tulipifera"
"6213",1838,"RB.8",NA,-83.47845,-83.42166,35.07382,35.02734,"LITU","Liriodendron tulipifera"
"6214",1838,"RB.6",NA,-83.47845,-83.42166,35.07382,35.02734,"LITU","Liriodendron tulipifera"
"6215",1838,"RB.9",NA,-83.47845,-83.42166,35.07382,35.02734,"LITU","Liriodendron tulipifera"
"6216",1838,"RB.7",NA,-83.47845,-83.42166,35.07382,35.02734,"LITU","Liriodendron tulipifera"
"6217",1838,"RB.1",NA,-83.47845,-83.42166,35.07382,35.02734,"LITU","Liriodendron tulipifera"
"6218",1838,"HW.20",NA,-83.47845,-83.42166,35.07382,35.02734,"LITU","Liriodendron tulipifera"
"6219",1838,"HW.15",NA,-83.47845,-83.42166,35.07382,35.02734,"LITU","Liriodendron tulipifera"
"6220",1838,"HW.17",NA,-83.47845,-83.42166,35.07382,35.02734,"LITU","Liriodendron tulipifera"
"6221",1838,"HLC.17",NA,-83.47845,-83.42166,35.07382,35.02734,"LITU","Liriodendron tulipifera"
"6222",1838,"HLC.18",NA,-83.47845,-83.42166,35.07382,35.02734,"LITU","Liriodendron tulipifera"
"6223",1838,"HLC.1",NA,-83.47845,-83.42166,35.07382,35.02734,"LITU","Liriodendron tulipifera"
"6224",1838,"USF.24",NA,-83.47845,-83.42166,35.07382,35.02734,"LITU","Liriodendron tulipifera"
"6225",1838,"BC.20",NA,-83.47845,-83.42166,35.07382,35.02734,"LITU","Liriodendron tulipifera"
"6226",1838,"CB.12",NA,-83.47845,-83.42166,35.07382,35.02734,"LITU","Liriodendron tulipifera"
"6227",1838,"HW.14",NA,-83.47845,-83.42166,35.07382,35.02734,"LITU","Liriodendron tulipifera"
"6228",1838,"pm.821",NA,-83.47845,-83.42166,35.07382,35.02734,"LITU","Liriodendron tulipifera"
"6229",1837,"BC1",NA,-83.47845,-83.42166,35.07382,35.02734,"LITU","Liriodendron tulipifera"
"6230",1837,"HC12",NA,-83.47845,-83.42166,35.07382,35.02734,"LITU","Liriodendron tulipifera"
"6231",1837,"HC13",NA,-83.47845,-83.42166,35.07382,35.02734,"LITU","Liriodendron tulipifera"
"6232",1837,"HC1",NA,-83.47845,-83.42166,35.07382,35.02734,"LITU","Liriodendron tulipifera"
"6233",1837,"BC2",0.914,-83.47845,-83.42166,35.07382,35.02734,"LITU","Liriodendron tulipifera"
"6234",1837,"HC2",NA,-83.47845,-83.42166,35.07382,35.02734,"LITU","Liriodendron tulipifera"
"6235",1837,"HCU.10",NA,-83.47845,-83.42166,35.07382,35.02734,"LITU","Liriodendron tulipifera"
"6236",1837,"HCU.1",NA,-83.47845,-83.42166,35.07382,35.02734,"LITU","Liriodendron tulipifera"
"6237",1837,"HCU.2",NA,-83.47845,-83.42166,35.07382,35.02734,"LITU","Liriodendron tulipifera"
"6238",1837,"HCU.3",NA,-83.47845,-83.42166,35.07382,35.02734,"LITU","Liriodendron tulipifera"
"6239",1837,"PB.9",NA,-83.47845,-83.42166,35.07382,35.02734,"LITU","Liriodendron tulipifera"
"6240",1837,"PB.1",NA,-83.47845,-83.42166,35.07382,35.02734,"LITU","Liriodendron tulipifera"
"6241",1837,"WB.6",NA,-83.47845,-83.42166,35.07382,35.02734,"LITU","Liriodendron tulipifera"
"6242",1837,"WB.4",NA,-83.47845,-83.42166,35.07382,35.02734,"LITU","Liriodendron tulipifera"
"6243",1837,"WB.5",NA,-83.47845,-83.42166,35.07382,35.02734,"LITU","Liriodendron tulipifera"
"6244",1837,"WB.2",NA,-83.47845,-83.42166,35.07382,35.02734,"LITU","Liriodendron tulipifera"
"6245",1837,"WB.3",NA,-83.47845,-83.42166,35.07382,35.02734,"LITU","Liriodendron tulipifera"
"6246",1837,"CB.8",NA,-83.47845,-83.42166,35.07382,35.02734,"LITU","Liriodendron tulipifera"
"6247",1837,"RB.2",NA,-83.47845,-83.42166,35.07382,35.02734,"LITU","Liriodendron tulipifera"
"6248",1837,"RB.5",NA,-83.47845,-83.42166,35.07382,35.02734,"LITU","Liriodendron tulipifera"
"6249",1837,"RB.8",NA,-83.47845,-83.42166,35.07382,35.02734,"LITU","Liriodendron tulipifera"
"6250",1837,"RB.6",NA,-83.47845,-83.42166,35.07382,35.02734,"LITU","Liriodendron tulipifera"
"6251",1837,"RB.9",NA,-83.47845,-83.42166,35.07382,35.02734,"LITU","Liriodendron tulipifera"
"6252",1837,"RB.7",NA,-83.47845,-83.42166,35.07382,35.02734,"LITU","Liriodendron tulipifera"
"6253",1837,"RB.1",NA,-83.47845,-83.42166,35.07382,35.02734,"LITU","Liriodendron tulipifera"
"6254",1837,"HW.20",NA,-83.47845,-83.42166,35.07382,35.02734,"LITU","Liriodendron tulipifera"
"6255",1837,"HW.15",NA,-83.47845,-83.42166,35.07382,35.02734,"LITU","Liriodendron tulipifera"
"6256",1837,"HW.17",NA,-83.47845,-83.42166,35.07382,35.02734,"LITU","Liriodendron tulipifera"
"6257",1837,"HLC.17",NA,-83.47845,-83.42166,35.07382,35.02734,"LITU","Liriodendron tulipifera"
"6258",1837,"HLC.18",NA,-83.47845,-83.42166,35.07382,35.02734,"LITU","Liriodendron tulipifera"
"6259",1837,"HLC.1",NA,-83.47845,-83.42166,35.07382,35.02734,"LITU","Liriodendron tulipifera"
"6260",1837,"USF.24",NA,-83.47845,-83.42166,35.07382,35.02734,"LITU","Liriodendron tulipifera"
"6261",1837,"BC.20",NA,-83.47845,-83.42166,35.07382,35.02734,"LITU","Liriodendron tulipifera"
"6262",1837,"CB.12",NA,-83.47845,-83.42166,35.07382,35.02734,"LITU","Liriodendron tulipifera"
"6263",1837,"HW.14",NA,-83.47845,-83.42166,35.07382,35.02734,"LITU","Liriodendron tulipifera"
"6264",1837,"pm.821",NA,-83.47845,-83.42166,35.07382,35.02734,"LITU","Liriodendron tulipifera"
"6265",1836,"BC1",NA,-83.47845,-83.42166,35.07382,35.02734,"LITU","Liriodendron tulipifera"
"6266",1836,"HC12",NA,-83.47845,-83.42166,35.07382,35.02734,"LITU","Liriodendron tulipifera"
"6267",1836,"HC13",NA,-83.47845,-83.42166,35.07382,35.02734,"LITU","Liriodendron tulipifera"
"6268",1836,"HC1",NA,-83.47845,-83.42166,35.07382,35.02734,"LITU","Liriodendron tulipifera"
"6269",1836,"BC2",1.173,-83.47845,-83.42166,35.07382,35.02734,"LITU","Liriodendron tulipifera"
"6270",1836,"HC2",NA,-83.47845,-83.42166,35.07382,35.02734,"LITU","Liriodendron tulipifera"
"6271",1836,"HCU.10",NA,-83.47845,-83.42166,35.07382,35.02734,"LITU","Liriodendron tulipifera"
"6272",1836,"HCU.1",NA,-83.47845,-83.42166,35.07382,35.02734,"LITU","Liriodendron tulipifera"
"6273",1836,"HCU.2",NA,-83.47845,-83.42166,35.07382,35.02734,"LITU","Liriodendron tulipifera"
"6274",1836,"HCU.3",NA,-83.47845,-83.42166,35.07382,35.02734,"LITU","Liriodendron tulipifera"
"6275",1836,"PB.9",NA,-83.47845,-83.42166,35.07382,35.02734,"LITU","Liriodendron tulipifera"
"6276",1836,"PB.1",NA,-83.47845,-83.42166,35.07382,35.02734,"LITU","Liriodendron tulipifera"
"6277",1836,"WB.6",NA,-83.47845,-83.42166,35.07382,35.02734,"LITU","Liriodendron tulipifera"
"6278",1836,"WB.4",NA,-83.47845,-83.42166,35.07382,35.02734,"LITU","Liriodendron tulipifera"
"6279",1836,"WB.5",NA,-83.47845,-83.42166,35.07382,35.02734,"LITU","Liriodendron tulipifera"
"6280",1836,"WB.2",NA,-83.47845,-83.42166,35.07382,35.02734,"LITU","Liriodendron tulipifera"
"6281",1836,"WB.3",NA,-83.47845,-83.42166,35.07382,35.02734,"LITU","Liriodendron tulipifera"
"6282",1836,"CB.8",NA,-83.47845,-83.42166,35.07382,35.02734,"LITU","Liriodendron tulipifera"
"6283",1836,"RB.2",NA,-83.47845,-83.42166,35.07382,35.02734,"LITU","Liriodendron tulipifera"
"6284",1836,"RB.5",NA,-83.47845,-83.42166,35.07382,35.02734,"LITU","Liriodendron tulipifera"
"6285",1836,"RB.8",NA,-83.47845,-83.42166,35.07382,35.02734,"LITU","Liriodendron tulipifera"
"6286",1836,"RB.6",NA,-83.47845,-83.42166,35.07382,35.02734,"LITU","Liriodendron tulipifera"
"6287",1836,"RB.9",NA,-83.47845,-83.42166,35.07382,35.02734,"LITU","Liriodendron tulipifera"
"6288",1836,"RB.7",NA,-83.47845,-83.42166,35.07382,35.02734,"LITU","Liriodendron tulipifera"
"6289",1836,"RB.1",NA,-83.47845,-83.42166,35.07382,35.02734,"LITU","Liriodendron tulipifera"
"6290",1836,"HW.20",NA,-83.47845,-83.42166,35.07382,35.02734,"LITU","Liriodendron tulipifera"
"6291",1836,"HW.15",NA,-83.47845,-83.42166,35.07382,35.02734,"LITU","Liriodendron tulipifera"
"6292",1836,"HW.17",NA,-83.47845,-83.42166,35.07382,35.02734,"LITU","Liriodendron tulipifera"
"6293",1836,"HLC.17",NA,-83.47845,-83.42166,35.07382,35.02734,"LITU","Liriodendron tulipifera"
"6294",1836,"HLC.18",NA,-83.47845,-83.42166,35.07382,35.02734,"LITU","Liriodendron tulipifera"
"6295",1836,"HLC.1",NA,-83.47845,-83.42166,35.07382,35.02734,"LITU","Liriodendron tulipifera"
"6296",1836,"USF.24",NA,-83.47845,-83.42166,35.07382,35.02734,"LITU","Liriodendron tulipifera"
"6297",1836,"BC.20",NA,-83.47845,-83.42166,35.07382,35.02734,"LITU","Liriodendron tulipifera"
"6298",1836,"CB.12",NA,-83.47845,-83.42166,35.07382,35.02734,"LITU","Liriodendron tulipifera"
"6299",1836,"HW.14",NA,-83.47845,-83.42166,35.07382,35.02734,"LITU","Liriodendron tulipifera"
"6300",1836,"pm.821",NA,-83.47845,-83.42166,35.07382,35.02734,"LITU","Liriodendron tulipifera"
"6301",1835,"BC1",NA,-83.47845,-83.42166,35.07382,35.02734,"LITU","Liriodendron tulipifera"
"6302",1835,"HC12",NA,-83.47845,-83.42166,35.07382,35.02734,"LITU","Liriodendron tulipifera"
"6303",1835,"HC13",NA,-83.47845,-83.42166,35.07382,35.02734,"LITU","Liriodendron tulipifera"
"6304",1835,"HC1",NA,-83.47845,-83.42166,35.07382,35.02734,"LITU","Liriodendron tulipifera"
"6305",1835,"BC2",1.1,-83.47845,-83.42166,35.07382,35.02734,"LITU","Liriodendron tulipifera"
"6306",1835,"HC2",NA,-83.47845,-83.42166,35.07382,35.02734,"LITU","Liriodendron tulipifera"
"6307",1835,"HCU.10",NA,-83.47845,-83.42166,35.07382,35.02734,"LITU","Liriodendron tulipifera"
"6308",1835,"HCU.1",NA,-83.47845,-83.42166,35.07382,35.02734,"LITU","Liriodendron tulipifera"
"6309",1835,"HCU.2",NA,-83.47845,-83.42166,35.07382,35.02734,"LITU","Liriodendron tulipifera"
"6310",1835,"HCU.3",NA,-83.47845,-83.42166,35.07382,35.02734,"LITU","Liriodendron tulipifera"
"6311",1835,"PB.9",NA,-83.47845,-83.42166,35.07382,35.02734,"LITU","Liriodendron tulipifera"
"6312",1835,"PB.1",NA,-83.47845,-83.42166,35.07382,35.02734,"LITU","Liriodendron tulipifera"
"6313",1835,"WB.6",NA,-83.47845,-83.42166,35.07382,35.02734,"LITU","Liriodendron tulipifera"
"6314",1835,"WB.4",NA,-83.47845,-83.42166,35.07382,35.02734,"LITU","Liriodendron tulipifera"
"6315",1835,"WB.5",NA,-83.47845,-83.42166,35.07382,35.02734,"LITU","Liriodendron tulipifera"
"6316",1835,"WB.2",NA,-83.47845,-83.42166,35.07382,35.02734,"LITU","Liriodendron tulipifera"
"6317",1835,"WB.3",NA,-83.47845,-83.42166,35.07382,35.02734,"LITU","Liriodendron tulipifera"
"6318",1835,"CB.8",NA,-83.47845,-83.42166,35.07382,35.02734,"LITU","Liriodendron tulipifera"
"6319",1835,"RB.2",NA,-83.47845,-83.42166,35.07382,35.02734,"LITU","Liriodendron tulipifera"
"6320",1835,"RB.5",NA,-83.47845,-83.42166,35.07382,35.02734,"LITU","Liriodendron tulipifera"
"6321",1835,"RB.8",NA,-83.47845,-83.42166,35.07382,35.02734,"LITU","Liriodendron tulipifera"
"6322",1835,"RB.6",NA,-83.47845,-83.42166,35.07382,35.02734,"LITU","Liriodendron tulipifera"
"6323",1835,"RB.9",NA,-83.47845,-83.42166,35.07382,35.02734,"LITU","Liriodendron tulipifera"
"6324",1835,"RB.7",NA,-83.47845,-83.42166,35.07382,35.02734,"LITU","Liriodendron tulipifera"
"6325",1835,"RB.1",NA,-83.47845,-83.42166,35.07382,35.02734,"LITU","Liriodendron tulipifera"
"6326",1835,"HW.20",NA,-83.47845,-83.42166,35.07382,35.02734,"LITU","Liriodendron tulipifera"
"6327",1835,"HW.15",NA,-83.47845,-83.42166,35.07382,35.02734,"LITU","Liriodendron tulipifera"
"6328",1835,"HW.17",NA,-83.47845,-83.42166,35.07382,35.02734,"LITU","Liriodendron tulipifera"
"6329",1835,"HLC.17",NA,-83.47845,-83.42166,35.07382,35.02734,"LITU","Liriodendron tulipifera"
"6330",1835,"HLC.18",NA,-83.47845,-83.42166,35.07382,35.02734,"LITU","Liriodendron tulipifera"
"6331",1835,"HLC.1",NA,-83.47845,-83.42166,35.07382,35.02734,"LITU","Liriodendron tulipifera"
"6332",1835,"USF.24",NA,-83.47845,-83.42166,35.07382,35.02734,"LITU","Liriodendron tulipifera"
"6333",1835,"BC.20",NA,-83.47845,-83.42166,35.07382,35.02734,"LITU","Liriodendron tulipifera"
"6334",1835,"CB.12",NA,-83.47845,-83.42166,35.07382,35.02734,"LITU","Liriodendron tulipifera"
"6335",1835,"HW.14",NA,-83.47845,-83.42166,35.07382,35.02734,"LITU","Liriodendron tulipifera"
"6336",1835,"pm.821",NA,-83.47845,-83.42166,35.07382,35.02734,"LITU","Liriodendron tulipifera"
"6337",1834,"BC1",NA,-83.47845,-83.42166,35.07382,35.02734,"LITU","Liriodendron tulipifera"
"6338",1834,"HC12",NA,-83.47845,-83.42166,35.07382,35.02734,"LITU","Liriodendron tulipifera"
"6339",1834,"HC13",NA,-83.47845,-83.42166,35.07382,35.02734,"LITU","Liriodendron tulipifera"
"6340",1834,"HC1",NA,-83.47845,-83.42166,35.07382,35.02734,"LITU","Liriodendron tulipifera"
"6341",1834,"BC2",1.175,-83.47845,-83.42166,35.07382,35.02734,"LITU","Liriodendron tulipifera"
"6342",1834,"HC2",NA,-83.47845,-83.42166,35.07382,35.02734,"LITU","Liriodendron tulipifera"
"6343",1834,"HCU.10",NA,-83.47845,-83.42166,35.07382,35.02734,"LITU","Liriodendron tulipifera"
"6344",1834,"HCU.1",NA,-83.47845,-83.42166,35.07382,35.02734,"LITU","Liriodendron tulipifera"
"6345",1834,"HCU.2",NA,-83.47845,-83.42166,35.07382,35.02734,"LITU","Liriodendron tulipifera"
"6346",1834,"HCU.3",NA,-83.47845,-83.42166,35.07382,35.02734,"LITU","Liriodendron tulipifera"
"6347",1834,"PB.9",NA,-83.47845,-83.42166,35.07382,35.02734,"LITU","Liriodendron tulipifera"
"6348",1834,"PB.1",NA,-83.47845,-83.42166,35.07382,35.02734,"LITU","Liriodendron tulipifera"
"6349",1834,"WB.6",NA,-83.47845,-83.42166,35.07382,35.02734,"LITU","Liriodendron tulipifera"
"6350",1834,"WB.4",NA,-83.47845,-83.42166,35.07382,35.02734,"LITU","Liriodendron tulipifera"
"6351",1834,"WB.5",NA,-83.47845,-83.42166,35.07382,35.02734,"LITU","Liriodendron tulipifera"
"6352",1834,"WB.2",NA,-83.47845,-83.42166,35.07382,35.02734,"LITU","Liriodendron tulipifera"
"6353",1834,"WB.3",NA,-83.47845,-83.42166,35.07382,35.02734,"LITU","Liriodendron tulipifera"
"6354",1834,"CB.8",NA,-83.47845,-83.42166,35.07382,35.02734,"LITU","Liriodendron tulipifera"
"6355",1834,"RB.2",NA,-83.47845,-83.42166,35.07382,35.02734,"LITU","Liriodendron tulipifera"
"6356",1834,"RB.5",NA,-83.47845,-83.42166,35.07382,35.02734,"LITU","Liriodendron tulipifera"
"6357",1834,"RB.8",NA,-83.47845,-83.42166,35.07382,35.02734,"LITU","Liriodendron tulipifera"
"6358",1834,"RB.6",NA,-83.47845,-83.42166,35.07382,35.02734,"LITU","Liriodendron tulipifera"
"6359",1834,"RB.9",NA,-83.47845,-83.42166,35.07382,35.02734,"LITU","Liriodendron tulipifera"
"6360",1834,"RB.7",NA,-83.47845,-83.42166,35.07382,35.02734,"LITU","Liriodendron tulipifera"
"6361",1834,"RB.1",NA,-83.47845,-83.42166,35.07382,35.02734,"LITU","Liriodendron tulipifera"
"6362",1834,"HW.20",NA,-83.47845,-83.42166,35.07382,35.02734,"LITU","Liriodendron tulipifera"
"6363",1834,"HW.15",NA,-83.47845,-83.42166,35.07382,35.02734,"LITU","Liriodendron tulipifera"
"6364",1834,"HW.17",NA,-83.47845,-83.42166,35.07382,35.02734,"LITU","Liriodendron tulipifera"
"6365",1834,"HLC.17",NA,-83.47845,-83.42166,35.07382,35.02734,"LITU","Liriodendron tulipifera"
"6366",1834,"HLC.18",NA,-83.47845,-83.42166,35.07382,35.02734,"LITU","Liriodendron tulipifera"
"6367",1834,"HLC.1",NA,-83.47845,-83.42166,35.07382,35.02734,"LITU","Liriodendron tulipifera"
"6368",1834,"USF.24",NA,-83.47845,-83.42166,35.07382,35.02734,"LITU","Liriodendron tulipifera"
"6369",1834,"BC.20",NA,-83.47845,-83.42166,35.07382,35.02734,"LITU","Liriodendron tulipifera"
"6370",1834,"CB.12",NA,-83.47845,-83.42166,35.07382,35.02734,"LITU","Liriodendron tulipifera"
"6371",1834,"HW.14",NA,-83.47845,-83.42166,35.07382,35.02734,"LITU","Liriodendron tulipifera"
"6372",1834,"pm.821",NA,-83.47845,-83.42166,35.07382,35.02734,"LITU","Liriodendron tulipifera"
"6373",1833,"BC1",NA,-83.47845,-83.42166,35.07382,35.02734,"LITU","Liriodendron tulipifera"
"6374",1833,"HC12",NA,-83.47845,-83.42166,35.07382,35.02734,"LITU","Liriodendron tulipifera"
"6375",1833,"HC13",NA,-83.47845,-83.42166,35.07382,35.02734,"LITU","Liriodendron tulipifera"
"6376",1833,"HC1",NA,-83.47845,-83.42166,35.07382,35.02734,"LITU","Liriodendron tulipifera"
"6377",1833,"BC2",0.405,-83.47845,-83.42166,35.07382,35.02734,"LITU","Liriodendron tulipifera"
"6378",1833,"HC2",NA,-83.47845,-83.42166,35.07382,35.02734,"LITU","Liriodendron tulipifera"
"6379",1833,"HCU.10",NA,-83.47845,-83.42166,35.07382,35.02734,"LITU","Liriodendron tulipifera"
"6380",1833,"HCU.1",NA,-83.47845,-83.42166,35.07382,35.02734,"LITU","Liriodendron tulipifera"
"6381",1833,"HCU.2",NA,-83.47845,-83.42166,35.07382,35.02734,"LITU","Liriodendron tulipifera"
"6382",1833,"HCU.3",NA,-83.47845,-83.42166,35.07382,35.02734,"LITU","Liriodendron tulipifera"
"6383",1833,"PB.9",NA,-83.47845,-83.42166,35.07382,35.02734,"LITU","Liriodendron tulipifera"
"6384",1833,"PB.1",NA,-83.47845,-83.42166,35.07382,35.02734,"LITU","Liriodendron tulipifera"
"6385",1833,"WB.6",NA,-83.47845,-83.42166,35.07382,35.02734,"LITU","Liriodendron tulipifera"
"6386",1833,"WB.4",NA,-83.47845,-83.42166,35.07382,35.02734,"LITU","Liriodendron tulipifera"
"6387",1833,"WB.5",NA,-83.47845,-83.42166,35.07382,35.02734,"LITU","Liriodendron tulipifera"
"6388",1833,"WB.2",NA,-83.47845,-83.42166,35.07382,35.02734,"LITU","Liriodendron tulipifera"
"6389",1833,"WB.3",NA,-83.47845,-83.42166,35.07382,35.02734,"LITU","Liriodendron tulipifera"
"6390",1833,"CB.8",NA,-83.47845,-83.42166,35.07382,35.02734,"LITU","Liriodendron tulipifera"
"6391",1833,"RB.2",NA,-83.47845,-83.42166,35.07382,35.02734,"LITU","Liriodendron tulipifera"
"6392",1833,"RB.5",NA,-83.47845,-83.42166,35.07382,35.02734,"LITU","Liriodendron tulipifera"
"6393",1833,"RB.8",NA,-83.47845,-83.42166,35.07382,35.02734,"LITU","Liriodendron tulipifera"
"6394",1833,"RB.6",NA,-83.47845,-83.42166,35.07382,35.02734,"LITU","Liriodendron tulipifera"
"6395",1833,"RB.9",NA,-83.47845,-83.42166,35.07382,35.02734,"LITU","Liriodendron tulipifera"
"6396",1833,"RB.7",NA,-83.47845,-83.42166,35.07382,35.02734,"LITU","Liriodendron tulipifera"
"6397",1833,"RB.1",NA,-83.47845,-83.42166,35.07382,35.02734,"LITU","Liriodendron tulipifera"
"6398",1833,"HW.20",NA,-83.47845,-83.42166,35.07382,35.02734,"LITU","Liriodendron tulipifera"
"6399",1833,"HW.15",NA,-83.47845,-83.42166,35.07382,35.02734,"LITU","Liriodendron tulipifera"
"6400",1833,"HW.17",NA,-83.47845,-83.42166,35.07382,35.02734,"LITU","Liriodendron tulipifera"
"6401",1833,"HLC.17",NA,-83.47845,-83.42166,35.07382,35.02734,"LITU","Liriodendron tulipifera"
"6402",1833,"HLC.18",NA,-83.47845,-83.42166,35.07382,35.02734,"LITU","Liriodendron tulipifera"
"6403",1833,"HLC.1",NA,-83.47845,-83.42166,35.07382,35.02734,"LITU","Liriodendron tulipifera"
"6404",1833,"USF.24",NA,-83.47845,-83.42166,35.07382,35.02734,"LITU","Liriodendron tulipifera"
"6405",1833,"BC.20",NA,-83.47845,-83.42166,35.07382,35.02734,"LITU","Liriodendron tulipifera"
"6406",1833,"CB.12",NA,-83.47845,-83.42166,35.07382,35.02734,"LITU","Liriodendron tulipifera"
"6407",1833,"HW.14",NA,-83.47845,-83.42166,35.07382,35.02734,"LITU","Liriodendron tulipifera"
"6408",1833,"pm.821",NA,-83.47845,-83.42166,35.07382,35.02734,"LITU","Liriodendron tulipifera"
"6409",1832,"BC1",NA,-83.47845,-83.42166,35.07382,35.02734,"LITU","Liriodendron tulipifera"
"6410",1832,"HC12",NA,-83.47845,-83.42166,35.07382,35.02734,"LITU","Liriodendron tulipifera"
"6411",1832,"HC13",NA,-83.47845,-83.42166,35.07382,35.02734,"LITU","Liriodendron tulipifera"
"6412",1832,"HC1",NA,-83.47845,-83.42166,35.07382,35.02734,"LITU","Liriodendron tulipifera"
"6413",1832,"BC2",0.524,-83.47845,-83.42166,35.07382,35.02734,"LITU","Liriodendron tulipifera"
"6414",1832,"HC2",NA,-83.47845,-83.42166,35.07382,35.02734,"LITU","Liriodendron tulipifera"
"6415",1832,"HCU.10",NA,-83.47845,-83.42166,35.07382,35.02734,"LITU","Liriodendron tulipifera"
"6416",1832,"HCU.1",NA,-83.47845,-83.42166,35.07382,35.02734,"LITU","Liriodendron tulipifera"
"6417",1832,"HCU.2",NA,-83.47845,-83.42166,35.07382,35.02734,"LITU","Liriodendron tulipifera"
"6418",1832,"HCU.3",NA,-83.47845,-83.42166,35.07382,35.02734,"LITU","Liriodendron tulipifera"
"6419",1832,"PB.9",NA,-83.47845,-83.42166,35.07382,35.02734,"LITU","Liriodendron tulipifera"
"6420",1832,"PB.1",NA,-83.47845,-83.42166,35.07382,35.02734,"LITU","Liriodendron tulipifera"
"6421",1832,"WB.6",NA,-83.47845,-83.42166,35.07382,35.02734,"LITU","Liriodendron tulipifera"
"6422",1832,"WB.4",NA,-83.47845,-83.42166,35.07382,35.02734,"LITU","Liriodendron tulipifera"
"6423",1832,"WB.5",NA,-83.47845,-83.42166,35.07382,35.02734,"LITU","Liriodendron tulipifera"
"6424",1832,"WB.2",NA,-83.47845,-83.42166,35.07382,35.02734,"LITU","Liriodendron tulipifera"
"6425",1832,"WB.3",NA,-83.47845,-83.42166,35.07382,35.02734,"LITU","Liriodendron tulipifera"
"6426",1832,"CB.8",NA,-83.47845,-83.42166,35.07382,35.02734,"LITU","Liriodendron tulipifera"
"6427",1832,"RB.2",NA,-83.47845,-83.42166,35.07382,35.02734,"LITU","Liriodendron tulipifera"
"6428",1832,"RB.5",NA,-83.47845,-83.42166,35.07382,35.02734,"LITU","Liriodendron tulipifera"
"6429",1832,"RB.8",NA,-83.47845,-83.42166,35.07382,35.02734,"LITU","Liriodendron tulipifera"
"6430",1832,"RB.6",NA,-83.47845,-83.42166,35.07382,35.02734,"LITU","Liriodendron tulipifera"
"6431",1832,"RB.9",NA,-83.47845,-83.42166,35.07382,35.02734,"LITU","Liriodendron tulipifera"
"6432",1832,"RB.7",NA,-83.47845,-83.42166,35.07382,35.02734,"LITU","Liriodendron tulipifera"
"6433",1832,"RB.1",NA,-83.47845,-83.42166,35.07382,35.02734,"LITU","Liriodendron tulipifera"
"6434",1832,"HW.20",NA,-83.47845,-83.42166,35.07382,35.02734,"LITU","Liriodendron tulipifera"
"6435",1832,"HW.15",NA,-83.47845,-83.42166,35.07382,35.02734,"LITU","Liriodendron tulipifera"
"6436",1832,"HW.17",NA,-83.47845,-83.42166,35.07382,35.02734,"LITU","Liriodendron tulipifera"
"6437",1832,"HLC.17",NA,-83.47845,-83.42166,35.07382,35.02734,"LITU","Liriodendron tulipifera"
"6438",1832,"HLC.18",NA,-83.47845,-83.42166,35.07382,35.02734,"LITU","Liriodendron tulipifera"
"6439",1832,"HLC.1",NA,-83.47845,-83.42166,35.07382,35.02734,"LITU","Liriodendron tulipifera"
"6440",1832,"USF.24",NA,-83.47845,-83.42166,35.07382,35.02734,"LITU","Liriodendron tulipifera"
"6441",1832,"BC.20",NA,-83.47845,-83.42166,35.07382,35.02734,"LITU","Liriodendron tulipifera"
"6442",1832,"CB.12",NA,-83.47845,-83.42166,35.07382,35.02734,"LITU","Liriodendron tulipifera"
"6443",1832,"HW.14",NA,-83.47845,-83.42166,35.07382,35.02734,"LITU","Liriodendron tulipifera"
"6444",1832,"pm.821",NA,-83.47845,-83.42166,35.07382,35.02734,"LITU","Liriodendron tulipifera"
"6445",1831,"BC1",NA,-83.47845,-83.42166,35.07382,35.02734,"LITU","Liriodendron tulipifera"
"6446",1831,"HC12",NA,-83.47845,-83.42166,35.07382,35.02734,"LITU","Liriodendron tulipifera"
"6447",1831,"HC13",NA,-83.47845,-83.42166,35.07382,35.02734,"LITU","Liriodendron tulipifera"
"6448",1831,"HC1",NA,-83.47845,-83.42166,35.07382,35.02734,"LITU","Liriodendron tulipifera"
"6449",1831,"BC2",1.012,-83.47845,-83.42166,35.07382,35.02734,"LITU","Liriodendron tulipifera"
"6450",1831,"HC2",NA,-83.47845,-83.42166,35.07382,35.02734,"LITU","Liriodendron tulipifera"
"6451",1831,"HCU.10",NA,-83.47845,-83.42166,35.07382,35.02734,"LITU","Liriodendron tulipifera"
"6452",1831,"HCU.1",NA,-83.47845,-83.42166,35.07382,35.02734,"LITU","Liriodendron tulipifera"
"6453",1831,"HCU.2",NA,-83.47845,-83.42166,35.07382,35.02734,"LITU","Liriodendron tulipifera"
"6454",1831,"HCU.3",NA,-83.47845,-83.42166,35.07382,35.02734,"LITU","Liriodendron tulipifera"
"6455",1831,"PB.9",NA,-83.47845,-83.42166,35.07382,35.02734,"LITU","Liriodendron tulipifera"
"6456",1831,"PB.1",NA,-83.47845,-83.42166,35.07382,35.02734,"LITU","Liriodendron tulipifera"
"6457",1831,"WB.6",NA,-83.47845,-83.42166,35.07382,35.02734,"LITU","Liriodendron tulipifera"
"6458",1831,"WB.4",NA,-83.47845,-83.42166,35.07382,35.02734,"LITU","Liriodendron tulipifera"
"6459",1831,"WB.5",NA,-83.47845,-83.42166,35.07382,35.02734,"LITU","Liriodendron tulipifera"
"6460",1831,"WB.2",NA,-83.47845,-83.42166,35.07382,35.02734,"LITU","Liriodendron tulipifera"
"6461",1831,"WB.3",NA,-83.47845,-83.42166,35.07382,35.02734,"LITU","Liriodendron tulipifera"
"6462",1831,"CB.8",NA,-83.47845,-83.42166,35.07382,35.02734,"LITU","Liriodendron tulipifera"
"6463",1831,"RB.2",NA,-83.47845,-83.42166,35.07382,35.02734,"LITU","Liriodendron tulipifera"
"6464",1831,"RB.5",NA,-83.47845,-83.42166,35.07382,35.02734,"LITU","Liriodendron tulipifera"
"6465",1831,"RB.8",NA,-83.47845,-83.42166,35.07382,35.02734,"LITU","Liriodendron tulipifera"
"6466",1831,"RB.6",NA,-83.47845,-83.42166,35.07382,35.02734,"LITU","Liriodendron tulipifera"
"6467",1831,"RB.9",NA,-83.47845,-83.42166,35.07382,35.02734,"LITU","Liriodendron tulipifera"
"6468",1831,"RB.7",NA,-83.47845,-83.42166,35.07382,35.02734,"LITU","Liriodendron tulipifera"
"6469",1831,"RB.1",NA,-83.47845,-83.42166,35.07382,35.02734,"LITU","Liriodendron tulipifera"
"6470",1831,"HW.20",NA,-83.47845,-83.42166,35.07382,35.02734,"LITU","Liriodendron tulipifera"
"6471",1831,"HW.15",NA,-83.47845,-83.42166,35.07382,35.02734,"LITU","Liriodendron tulipifera"
"6472",1831,"HW.17",NA,-83.47845,-83.42166,35.07382,35.02734,"LITU","Liriodendron tulipifera"
"6473",1831,"HLC.17",NA,-83.47845,-83.42166,35.07382,35.02734,"LITU","Liriodendron tulipifera"
"6474",1831,"HLC.18",NA,-83.47845,-83.42166,35.07382,35.02734,"LITU","Liriodendron tulipifera"
"6475",1831,"HLC.1",NA,-83.47845,-83.42166,35.07382,35.02734,"LITU","Liriodendron tulipifera"
"6476",1831,"USF.24",NA,-83.47845,-83.42166,35.07382,35.02734,"LITU","Liriodendron tulipifera"
"6477",1831,"BC.20",NA,-83.47845,-83.42166,35.07382,35.02734,"LITU","Liriodendron tulipifera"
"6478",1831,"CB.12",NA,-83.47845,-83.42166,35.07382,35.02734,"LITU","Liriodendron tulipifera"
"6479",1831,"HW.14",NA,-83.47845,-83.42166,35.07382,35.02734,"LITU","Liriodendron tulipifera"
"6480",1831,"pm.821",NA,-83.47845,-83.42166,35.07382,35.02734,"LITU","Liriodendron tulipifera"
"6481",1830,"BC1",NA,-83.47845,-83.42166,35.07382,35.02734,"LITU","Liriodendron tulipifera"
"6482",1830,"HC12",NA,-83.47845,-83.42166,35.07382,35.02734,"LITU","Liriodendron tulipifera"
"6483",1830,"HC13",NA,-83.47845,-83.42166,35.07382,35.02734,"LITU","Liriodendron tulipifera"
"6484",1830,"HC1",NA,-83.47845,-83.42166,35.07382,35.02734,"LITU","Liriodendron tulipifera"
"6485",1830,"BC2",1.195,-83.47845,-83.42166,35.07382,35.02734,"LITU","Liriodendron tulipifera"
"6486",1830,"HC2",NA,-83.47845,-83.42166,35.07382,35.02734,"LITU","Liriodendron tulipifera"
"6487",1830,"HCU.10",NA,-83.47845,-83.42166,35.07382,35.02734,"LITU","Liriodendron tulipifera"
"6488",1830,"HCU.1",NA,-83.47845,-83.42166,35.07382,35.02734,"LITU","Liriodendron tulipifera"
"6489",1830,"HCU.2",NA,-83.47845,-83.42166,35.07382,35.02734,"LITU","Liriodendron tulipifera"
"6490",1830,"HCU.3",NA,-83.47845,-83.42166,35.07382,35.02734,"LITU","Liriodendron tulipifera"
"6491",1830,"PB.9",NA,-83.47845,-83.42166,35.07382,35.02734,"LITU","Liriodendron tulipifera"
"6492",1830,"PB.1",NA,-83.47845,-83.42166,35.07382,35.02734,"LITU","Liriodendron tulipifera"
"6493",1830,"WB.6",NA,-83.47845,-83.42166,35.07382,35.02734,"LITU","Liriodendron tulipifera"
"6494",1830,"WB.4",NA,-83.47845,-83.42166,35.07382,35.02734,"LITU","Liriodendron tulipifera"
"6495",1830,"WB.5",NA,-83.47845,-83.42166,35.07382,35.02734,"LITU","Liriodendron tulipifera"
"6496",1830,"WB.2",NA,-83.47845,-83.42166,35.07382,35.02734,"LITU","Liriodendron tulipifera"
"6497",1830,"WB.3",NA,-83.47845,-83.42166,35.07382,35.02734,"LITU","Liriodendron tulipifera"
"6498",1830,"CB.8",NA,-83.47845,-83.42166,35.07382,35.02734,"LITU","Liriodendron tulipifera"
"6499",1830,"RB.2",NA,-83.47845,-83.42166,35.07382,35.02734,"LITU","Liriodendron tulipifera"
"6500",1830,"RB.5",NA,-83.47845,-83.42166,35.07382,35.02734,"LITU","Liriodendron tulipifera"
"6501",1830,"RB.8",NA,-83.47845,-83.42166,35.07382,35.02734,"LITU","Liriodendron tulipifera"
"6502",1830,"RB.6",NA,-83.47845,-83.42166,35.07382,35.02734,"LITU","Liriodendron tulipifera"
"6503",1830,"RB.9",NA,-83.47845,-83.42166,35.07382,35.02734,"LITU","Liriodendron tulipifera"
"6504",1830,"RB.7",NA,-83.47845,-83.42166,35.07382,35.02734,"LITU","Liriodendron tulipifera"
"6505",1830,"RB.1",NA,-83.47845,-83.42166,35.07382,35.02734,"LITU","Liriodendron tulipifera"
"6506",1830,"HW.20",NA,-83.47845,-83.42166,35.07382,35.02734,"LITU","Liriodendron tulipifera"
"6507",1830,"HW.15",NA,-83.47845,-83.42166,35.07382,35.02734,"LITU","Liriodendron tulipifera"
"6508",1830,"HW.17",NA,-83.47845,-83.42166,35.07382,35.02734,"LITU","Liriodendron tulipifera"
"6509",1830,"HLC.17",NA,-83.47845,-83.42166,35.07382,35.02734,"LITU","Liriodendron tulipifera"
"6510",1830,"HLC.18",NA,-83.47845,-83.42166,35.07382,35.02734,"LITU","Liriodendron tulipifera"
"6511",1830,"HLC.1",NA,-83.47845,-83.42166,35.07382,35.02734,"LITU","Liriodendron tulipifera"
"6512",1830,"USF.24",NA,-83.47845,-83.42166,35.07382,35.02734,"LITU","Liriodendron tulipifera"
"6513",1830,"BC.20",NA,-83.47845,-83.42166,35.07382,35.02734,"LITU","Liriodendron tulipifera"
"6514",1830,"CB.12",NA,-83.47845,-83.42166,35.07382,35.02734,"LITU","Liriodendron tulipifera"
"6515",1830,"HW.14",NA,-83.47845,-83.42166,35.07382,35.02734,"LITU","Liriodendron tulipifera"
"6516",1830,"pm.821",NA,-83.47845,-83.42166,35.07382,35.02734,"LITU","Liriodendron tulipifera"
"6517",1829,"BC1",NA,-83.47845,-83.42166,35.07382,35.02734,"LITU","Liriodendron tulipifera"
"6518",1829,"HC12",NA,-83.47845,-83.42166,35.07382,35.02734,"LITU","Liriodendron tulipifera"
"6519",1829,"HC13",NA,-83.47845,-83.42166,35.07382,35.02734,"LITU","Liriodendron tulipifera"
"6520",1829,"HC1",NA,-83.47845,-83.42166,35.07382,35.02734,"LITU","Liriodendron tulipifera"
"6521",1829,"BC2",1.099,-83.47845,-83.42166,35.07382,35.02734,"LITU","Liriodendron tulipifera"
"6522",1829,"HC2",NA,-83.47845,-83.42166,35.07382,35.02734,"LITU","Liriodendron tulipifera"
"6523",1829,"HCU.10",NA,-83.47845,-83.42166,35.07382,35.02734,"LITU","Liriodendron tulipifera"
"6524",1829,"HCU.1",NA,-83.47845,-83.42166,35.07382,35.02734,"LITU","Liriodendron tulipifera"
"6525",1829,"HCU.2",NA,-83.47845,-83.42166,35.07382,35.02734,"LITU","Liriodendron tulipifera"
"6526",1829,"HCU.3",NA,-83.47845,-83.42166,35.07382,35.02734,"LITU","Liriodendron tulipifera"
"6527",1829,"PB.9",NA,-83.47845,-83.42166,35.07382,35.02734,"LITU","Liriodendron tulipifera"
"6528",1829,"PB.1",NA,-83.47845,-83.42166,35.07382,35.02734,"LITU","Liriodendron tulipifera"
"6529",1829,"WB.6",NA,-83.47845,-83.42166,35.07382,35.02734,"LITU","Liriodendron tulipifera"
"6530",1829,"WB.4",NA,-83.47845,-83.42166,35.07382,35.02734,"LITU","Liriodendron tulipifera"
"6531",1829,"WB.5",NA,-83.47845,-83.42166,35.07382,35.02734,"LITU","Liriodendron tulipifera"
"6532",1829,"WB.2",NA,-83.47845,-83.42166,35.07382,35.02734,"LITU","Liriodendron tulipifera"
"6533",1829,"WB.3",NA,-83.47845,-83.42166,35.07382,35.02734,"LITU","Liriodendron tulipifera"
"6534",1829,"CB.8",NA,-83.47845,-83.42166,35.07382,35.02734,"LITU","Liriodendron tulipifera"
"6535",1829,"RB.2",NA,-83.47845,-83.42166,35.07382,35.02734,"LITU","Liriodendron tulipifera"
"6536",1829,"RB.5",NA,-83.47845,-83.42166,35.07382,35.02734,"LITU","Liriodendron tulipifera"
"6537",1829,"RB.8",NA,-83.47845,-83.42166,35.07382,35.02734,"LITU","Liriodendron tulipifera"
"6538",1829,"RB.6",NA,-83.47845,-83.42166,35.07382,35.02734,"LITU","Liriodendron tulipifera"
"6539",1829,"RB.9",NA,-83.47845,-83.42166,35.07382,35.02734,"LITU","Liriodendron tulipifera"
"6540",1829,"RB.7",NA,-83.47845,-83.42166,35.07382,35.02734,"LITU","Liriodendron tulipifera"
"6541",1829,"RB.1",NA,-83.47845,-83.42166,35.07382,35.02734,"LITU","Liriodendron tulipifera"
"6542",1829,"HW.20",NA,-83.47845,-83.42166,35.07382,35.02734,"LITU","Liriodendron tulipifera"
"6543",1829,"HW.15",NA,-83.47845,-83.42166,35.07382,35.02734,"LITU","Liriodendron tulipifera"
"6544",1829,"HW.17",NA,-83.47845,-83.42166,35.07382,35.02734,"LITU","Liriodendron tulipifera"
"6545",1829,"HLC.17",NA,-83.47845,-83.42166,35.07382,35.02734,"LITU","Liriodendron tulipifera"
"6546",1829,"HLC.18",NA,-83.47845,-83.42166,35.07382,35.02734,"LITU","Liriodendron tulipifera"
"6547",1829,"HLC.1",NA,-83.47845,-83.42166,35.07382,35.02734,"LITU","Liriodendron tulipifera"
"6548",1829,"USF.24",NA,-83.47845,-83.42166,35.07382,35.02734,"LITU","Liriodendron tulipifera"
"6549",1829,"BC.20",NA,-83.47845,-83.42166,35.07382,35.02734,"LITU","Liriodendron tulipifera"
"6550",1829,"CB.12",NA,-83.47845,-83.42166,35.07382,35.02734,"LITU","Liriodendron tulipifera"
"6551",1829,"HW.14",NA,-83.47845,-83.42166,35.07382,35.02734,"LITU","Liriodendron tulipifera"
"6552",1829,"pm.821",NA,-83.47845,-83.42166,35.07382,35.02734,"LITU","Liriodendron tulipifera"
"6553",1828,"BC1",NA,-83.47845,-83.42166,35.07382,35.02734,"LITU","Liriodendron tulipifera"
"6554",1828,"HC12",NA,-83.47845,-83.42166,35.07382,35.02734,"LITU","Liriodendron tulipifera"
"6555",1828,"HC13",NA,-83.47845,-83.42166,35.07382,35.02734,"LITU","Liriodendron tulipifera"
"6556",1828,"HC1",NA,-83.47845,-83.42166,35.07382,35.02734,"LITU","Liriodendron tulipifera"
"6557",1828,"BC2",1.116,-83.47845,-83.42166,35.07382,35.02734,"LITU","Liriodendron tulipifera"
"6558",1828,"HC2",NA,-83.47845,-83.42166,35.07382,35.02734,"LITU","Liriodendron tulipifera"
"6559",1828,"HCU.10",NA,-83.47845,-83.42166,35.07382,35.02734,"LITU","Liriodendron tulipifera"
"6560",1828,"HCU.1",NA,-83.47845,-83.42166,35.07382,35.02734,"LITU","Liriodendron tulipifera"
"6561",1828,"HCU.2",NA,-83.47845,-83.42166,35.07382,35.02734,"LITU","Liriodendron tulipifera"
"6562",1828,"HCU.3",NA,-83.47845,-83.42166,35.07382,35.02734,"LITU","Liriodendron tulipifera"
"6563",1828,"PB.9",NA,-83.47845,-83.42166,35.07382,35.02734,"LITU","Liriodendron tulipifera"
"6564",1828,"PB.1",NA,-83.47845,-83.42166,35.07382,35.02734,"LITU","Liriodendron tulipifera"
"6565",1828,"WB.6",NA,-83.47845,-83.42166,35.07382,35.02734,"LITU","Liriodendron tulipifera"
"6566",1828,"WB.4",NA,-83.47845,-83.42166,35.07382,35.02734,"LITU","Liriodendron tulipifera"
"6567",1828,"WB.5",NA,-83.47845,-83.42166,35.07382,35.02734,"LITU","Liriodendron tulipifera"
"6568",1828,"WB.2",NA,-83.47845,-83.42166,35.07382,35.02734,"LITU","Liriodendron tulipifera"
"6569",1828,"WB.3",NA,-83.47845,-83.42166,35.07382,35.02734,"LITU","Liriodendron tulipifera"
"6570",1828,"CB.8",NA,-83.47845,-83.42166,35.07382,35.02734,"LITU","Liriodendron tulipifera"
"6571",1828,"RB.2",NA,-83.47845,-83.42166,35.07382,35.02734,"LITU","Liriodendron tulipifera"
"6572",1828,"RB.5",NA,-83.47845,-83.42166,35.07382,35.02734,"LITU","Liriodendron tulipifera"
"6573",1828,"RB.8",NA,-83.47845,-83.42166,35.07382,35.02734,"LITU","Liriodendron tulipifera"
"6574",1828,"RB.6",NA,-83.47845,-83.42166,35.07382,35.02734,"LITU","Liriodendron tulipifera"
"6575",1828,"RB.9",NA,-83.47845,-83.42166,35.07382,35.02734,"LITU","Liriodendron tulipifera"
"6576",1828,"RB.7",NA,-83.47845,-83.42166,35.07382,35.02734,"LITU","Liriodendron tulipifera"
"6577",1828,"RB.1",NA,-83.47845,-83.42166,35.07382,35.02734,"LITU","Liriodendron tulipifera"
"6578",1828,"HW.20",NA,-83.47845,-83.42166,35.07382,35.02734,"LITU","Liriodendron tulipifera"
"6579",1828,"HW.15",NA,-83.47845,-83.42166,35.07382,35.02734,"LITU","Liriodendron tulipifera"
"6580",1828,"HW.17",NA,-83.47845,-83.42166,35.07382,35.02734,"LITU","Liriodendron tulipifera"
"6581",1828,"HLC.17",NA,-83.47845,-83.42166,35.07382,35.02734,"LITU","Liriodendron tulipifera"
"6582",1828,"HLC.18",NA,-83.47845,-83.42166,35.07382,35.02734,"LITU","Liriodendron tulipifera"
"6583",1828,"HLC.1",NA,-83.47845,-83.42166,35.07382,35.02734,"LITU","Liriodendron tulipifera"
"6584",1828,"USF.24",NA,-83.47845,-83.42166,35.07382,35.02734,"LITU","Liriodendron tulipifera"
"6585",1828,"BC.20",NA,-83.47845,-83.42166,35.07382,35.02734,"LITU","Liriodendron tulipifera"
"6586",1828,"CB.12",NA,-83.47845,-83.42166,35.07382,35.02734,"LITU","Liriodendron tulipifera"
"6587",1828,"HW.14",NA,-83.47845,-83.42166,35.07382,35.02734,"LITU","Liriodendron tulipifera"
"6588",1828,"pm.821",NA,-83.47845,-83.42166,35.07382,35.02734,"LITU","Liriodendron tulipifera"
"6589",1827,"BC1",NA,-83.47845,-83.42166,35.07382,35.02734,"LITU","Liriodendron tulipifera"
"6590",1827,"HC12",NA,-83.47845,-83.42166,35.07382,35.02734,"LITU","Liriodendron tulipifera"
"6591",1827,"HC13",NA,-83.47845,-83.42166,35.07382,35.02734,"LITU","Liriodendron tulipifera"
"6592",1827,"HC1",NA,-83.47845,-83.42166,35.07382,35.02734,"LITU","Liriodendron tulipifera"
"6593",1827,"BC2",1.305,-83.47845,-83.42166,35.07382,35.02734,"LITU","Liriodendron tulipifera"
"6594",1827,"HC2",NA,-83.47845,-83.42166,35.07382,35.02734,"LITU","Liriodendron tulipifera"
"6595",1827,"HCU.10",NA,-83.47845,-83.42166,35.07382,35.02734,"LITU","Liriodendron tulipifera"
"6596",1827,"HCU.1",NA,-83.47845,-83.42166,35.07382,35.02734,"LITU","Liriodendron tulipifera"
"6597",1827,"HCU.2",NA,-83.47845,-83.42166,35.07382,35.02734,"LITU","Liriodendron tulipifera"
"6598",1827,"HCU.3",NA,-83.47845,-83.42166,35.07382,35.02734,"LITU","Liriodendron tulipifera"
"6599",1827,"PB.9",NA,-83.47845,-83.42166,35.07382,35.02734,"LITU","Liriodendron tulipifera"
"6600",1827,"PB.1",NA,-83.47845,-83.42166,35.07382,35.02734,"LITU","Liriodendron tulipifera"
"6601",1827,"WB.6",NA,-83.47845,-83.42166,35.07382,35.02734,"LITU","Liriodendron tulipifera"
"6602",1827,"WB.4",NA,-83.47845,-83.42166,35.07382,35.02734,"LITU","Liriodendron tulipifera"
"6603",1827,"WB.5",NA,-83.47845,-83.42166,35.07382,35.02734,"LITU","Liriodendron tulipifera"
"6604",1827,"WB.2",NA,-83.47845,-83.42166,35.07382,35.02734,"LITU","Liriodendron tulipifera"
"6605",1827,"WB.3",NA,-83.47845,-83.42166,35.07382,35.02734,"LITU","Liriodendron tulipifera"
"6606",1827,"CB.8",NA,-83.47845,-83.42166,35.07382,35.02734,"LITU","Liriodendron tulipifera"
"6607",1827,"RB.2",NA,-83.47845,-83.42166,35.07382,35.02734,"LITU","Liriodendron tulipifera"
"6608",1827,"RB.5",NA,-83.47845,-83.42166,35.07382,35.02734,"LITU","Liriodendron tulipifera"
"6609",1827,"RB.8",NA,-83.47845,-83.42166,35.07382,35.02734,"LITU","Liriodendron tulipifera"
"6610",1827,"RB.6",NA,-83.47845,-83.42166,35.07382,35.02734,"LITU","Liriodendron tulipifera"
"6611",1827,"RB.9",NA,-83.47845,-83.42166,35.07382,35.02734,"LITU","Liriodendron tulipifera"
"6612",1827,"RB.7",NA,-83.47845,-83.42166,35.07382,35.02734,"LITU","Liriodendron tulipifera"
"6613",1827,"RB.1",NA,-83.47845,-83.42166,35.07382,35.02734,"LITU","Liriodendron tulipifera"
"6614",1827,"HW.20",NA,-83.47845,-83.42166,35.07382,35.02734,"LITU","Liriodendron tulipifera"
"6615",1827,"HW.15",NA,-83.47845,-83.42166,35.07382,35.02734,"LITU","Liriodendron tulipifera"
"6616",1827,"HW.17",NA,-83.47845,-83.42166,35.07382,35.02734,"LITU","Liriodendron tulipifera"
"6617",1827,"HLC.17",NA,-83.47845,-83.42166,35.07382,35.02734,"LITU","Liriodendron tulipifera"
"6618",1827,"HLC.18",NA,-83.47845,-83.42166,35.07382,35.02734,"LITU","Liriodendron tulipifera"
"6619",1827,"HLC.1",NA,-83.47845,-83.42166,35.07382,35.02734,"LITU","Liriodendron tulipifera"
"6620",1827,"USF.24",NA,-83.47845,-83.42166,35.07382,35.02734,"LITU","Liriodendron tulipifera"
"6621",1827,"BC.20",NA,-83.47845,-83.42166,35.07382,35.02734,"LITU","Liriodendron tulipifera"
"6622",1827,"CB.12",NA,-83.47845,-83.42166,35.07382,35.02734,"LITU","Liriodendron tulipifera"
"6623",1827,"HW.14",NA,-83.47845,-83.42166,35.07382,35.02734,"LITU","Liriodendron tulipifera"
"6624",1827,"pm.821",NA,-83.47845,-83.42166,35.07382,35.02734,"LITU","Liriodendron tulipifera"
"6625",1826,"BC1",NA,-83.47845,-83.42166,35.07382,35.02734,"LITU","Liriodendron tulipifera"
"6626",1826,"HC12",NA,-83.47845,-83.42166,35.07382,35.02734,"LITU","Liriodendron tulipifera"
"6627",1826,"HC13",NA,-83.47845,-83.42166,35.07382,35.02734,"LITU","Liriodendron tulipifera"
"6628",1826,"HC1",NA,-83.47845,-83.42166,35.07382,35.02734,"LITU","Liriodendron tulipifera"
"6629",1826,"BC2",1.609,-83.47845,-83.42166,35.07382,35.02734,"LITU","Liriodendron tulipifera"
"6630",1826,"HC2",NA,-83.47845,-83.42166,35.07382,35.02734,"LITU","Liriodendron tulipifera"
"6631",1826,"HCU.10",NA,-83.47845,-83.42166,35.07382,35.02734,"LITU","Liriodendron tulipifera"
"6632",1826,"HCU.1",NA,-83.47845,-83.42166,35.07382,35.02734,"LITU","Liriodendron tulipifera"
"6633",1826,"HCU.2",NA,-83.47845,-83.42166,35.07382,35.02734,"LITU","Liriodendron tulipifera"
"6634",1826,"HCU.3",NA,-83.47845,-83.42166,35.07382,35.02734,"LITU","Liriodendron tulipifera"
"6635",1826,"PB.9",NA,-83.47845,-83.42166,35.07382,35.02734,"LITU","Liriodendron tulipifera"
"6636",1826,"PB.1",NA,-83.47845,-83.42166,35.07382,35.02734,"LITU","Liriodendron tulipifera"
"6637",1826,"WB.6",NA,-83.47845,-83.42166,35.07382,35.02734,"LITU","Liriodendron tulipifera"
"6638",1826,"WB.4",NA,-83.47845,-83.42166,35.07382,35.02734,"LITU","Liriodendron tulipifera"
"6639",1826,"WB.5",NA,-83.47845,-83.42166,35.07382,35.02734,"LITU","Liriodendron tulipifera"
"6640",1826,"WB.2",NA,-83.47845,-83.42166,35.07382,35.02734,"LITU","Liriodendron tulipifera"
"6641",1826,"WB.3",NA,-83.47845,-83.42166,35.07382,35.02734,"LITU","Liriodendron tulipifera"
"6642",1826,"CB.8",NA,-83.47845,-83.42166,35.07382,35.02734,"LITU","Liriodendron tulipifera"
"6643",1826,"RB.2",NA,-83.47845,-83.42166,35.07382,35.02734,"LITU","Liriodendron tulipifera"
"6644",1826,"RB.5",NA,-83.47845,-83.42166,35.07382,35.02734,"LITU","Liriodendron tulipifera"
"6645",1826,"RB.8",NA,-83.47845,-83.42166,35.07382,35.02734,"LITU","Liriodendron tulipifera"
"6646",1826,"RB.6",NA,-83.47845,-83.42166,35.07382,35.02734,"LITU","Liriodendron tulipifera"
"6647",1826,"RB.9",NA,-83.47845,-83.42166,35.07382,35.02734,"LITU","Liriodendron tulipifera"
"6648",1826,"RB.7",NA,-83.47845,-83.42166,35.07382,35.02734,"LITU","Liriodendron tulipifera"
"6649",1826,"RB.1",NA,-83.47845,-83.42166,35.07382,35.02734,"LITU","Liriodendron tulipifera"
"6650",1826,"HW.20",NA,-83.47845,-83.42166,35.07382,35.02734,"LITU","Liriodendron tulipifera"
"6651",1826,"HW.15",NA,-83.47845,-83.42166,35.07382,35.02734,"LITU","Liriodendron tulipifera"
"6652",1826,"HW.17",NA,-83.47845,-83.42166,35.07382,35.02734,"LITU","Liriodendron tulipifera"
"6653",1826,"HLC.17",NA,-83.47845,-83.42166,35.07382,35.02734,"LITU","Liriodendron tulipifera"
"6654",1826,"HLC.18",NA,-83.47845,-83.42166,35.07382,35.02734,"LITU","Liriodendron tulipifera"
"6655",1826,"HLC.1",NA,-83.47845,-83.42166,35.07382,35.02734,"LITU","Liriodendron tulipifera"
"6656",1826,"USF.24",NA,-83.47845,-83.42166,35.07382,35.02734,"LITU","Liriodendron tulipifera"
"6657",1826,"BC.20",NA,-83.47845,-83.42166,35.07382,35.02734,"LITU","Liriodendron tulipifera"
"6658",1826,"CB.12",NA,-83.47845,-83.42166,35.07382,35.02734,"LITU","Liriodendron tulipifera"
"6659",1826,"HW.14",NA,-83.47845,-83.42166,35.07382,35.02734,"LITU","Liriodendron tulipifera"
"6660",1826,"pm.821",NA,-83.47845,-83.42166,35.07382,35.02734,"LITU","Liriodendron tulipifera"
"6661",1825,"BC1",NA,-83.47845,-83.42166,35.07382,35.02734,"LITU","Liriodendron tulipifera"
"6662",1825,"HC12",NA,-83.47845,-83.42166,35.07382,35.02734,"LITU","Liriodendron tulipifera"
"6663",1825,"HC13",NA,-83.47845,-83.42166,35.07382,35.02734,"LITU","Liriodendron tulipifera"
"6664",1825,"HC1",NA,-83.47845,-83.42166,35.07382,35.02734,"LITU","Liriodendron tulipifera"
"6665",1825,"BC2",1.431,-83.47845,-83.42166,35.07382,35.02734,"LITU","Liriodendron tulipifera"
"6666",1825,"HC2",NA,-83.47845,-83.42166,35.07382,35.02734,"LITU","Liriodendron tulipifera"
"6667",1825,"HCU.10",NA,-83.47845,-83.42166,35.07382,35.02734,"LITU","Liriodendron tulipifera"
"6668",1825,"HCU.1",NA,-83.47845,-83.42166,35.07382,35.02734,"LITU","Liriodendron tulipifera"
"6669",1825,"HCU.2",NA,-83.47845,-83.42166,35.07382,35.02734,"LITU","Liriodendron tulipifera"
"6670",1825,"HCU.3",NA,-83.47845,-83.42166,35.07382,35.02734,"LITU","Liriodendron tulipifera"
"6671",1825,"PB.9",NA,-83.47845,-83.42166,35.07382,35.02734,"LITU","Liriodendron tulipifera"
"6672",1825,"PB.1",NA,-83.47845,-83.42166,35.07382,35.02734,"LITU","Liriodendron tulipifera"
"6673",1825,"WB.6",NA,-83.47845,-83.42166,35.07382,35.02734,"LITU","Liriodendron tulipifera"
"6674",1825,"WB.4",NA,-83.47845,-83.42166,35.07382,35.02734,"LITU","Liriodendron tulipifera"
"6675",1825,"WB.5",NA,-83.47845,-83.42166,35.07382,35.02734,"LITU","Liriodendron tulipifera"
"6676",1825,"WB.2",NA,-83.47845,-83.42166,35.07382,35.02734,"LITU","Liriodendron tulipifera"
"6677",1825,"WB.3",NA,-83.47845,-83.42166,35.07382,35.02734,"LITU","Liriodendron tulipifera"
"6678",1825,"CB.8",NA,-83.47845,-83.42166,35.07382,35.02734,"LITU","Liriodendron tulipifera"
"6679",1825,"RB.2",NA,-83.47845,-83.42166,35.07382,35.02734,"LITU","Liriodendron tulipifera"
"6680",1825,"RB.5",NA,-83.47845,-83.42166,35.07382,35.02734,"LITU","Liriodendron tulipifera"
"6681",1825,"RB.8",NA,-83.47845,-83.42166,35.07382,35.02734,"LITU","Liriodendron tulipifera"
"6682",1825,"RB.6",NA,-83.47845,-83.42166,35.07382,35.02734,"LITU","Liriodendron tulipifera"
"6683",1825,"RB.9",NA,-83.47845,-83.42166,35.07382,35.02734,"LITU","Liriodendron tulipifera"
"6684",1825,"RB.7",NA,-83.47845,-83.42166,35.07382,35.02734,"LITU","Liriodendron tulipifera"
"6685",1825,"RB.1",NA,-83.47845,-83.42166,35.07382,35.02734,"LITU","Liriodendron tulipifera"
"6686",1825,"HW.20",NA,-83.47845,-83.42166,35.07382,35.02734,"LITU","Liriodendron tulipifera"
"6687",1825,"HW.15",NA,-83.47845,-83.42166,35.07382,35.02734,"LITU","Liriodendron tulipifera"
"6688",1825,"HW.17",NA,-83.47845,-83.42166,35.07382,35.02734,"LITU","Liriodendron tulipifera"
"6689",1825,"HLC.17",NA,-83.47845,-83.42166,35.07382,35.02734,"LITU","Liriodendron tulipifera"
"6690",1825,"HLC.18",NA,-83.47845,-83.42166,35.07382,35.02734,"LITU","Liriodendron tulipifera"
"6691",1825,"HLC.1",NA,-83.47845,-83.42166,35.07382,35.02734,"LITU","Liriodendron tulipifera"
"6692",1825,"USF.24",NA,-83.47845,-83.42166,35.07382,35.02734,"LITU","Liriodendron tulipifera"
"6693",1825,"BC.20",NA,-83.47845,-83.42166,35.07382,35.02734,"LITU","Liriodendron tulipifera"
"6694",1825,"CB.12",NA,-83.47845,-83.42166,35.07382,35.02734,"LITU","Liriodendron tulipifera"
"6695",1825,"HW.14",NA,-83.47845,-83.42166,35.07382,35.02734,"LITU","Liriodendron tulipifera"
"6696",1825,"pm.821",NA,-83.47845,-83.42166,35.07382,35.02734,"LITU","Liriodendron tulipifera"
"6697",1824,"BC1",NA,-83.47845,-83.42166,35.07382,35.02734,"LITU","Liriodendron tulipifera"
"6698",1824,"HC12",NA,-83.47845,-83.42166,35.07382,35.02734,"LITU","Liriodendron tulipifera"
"6699",1824,"HC13",NA,-83.47845,-83.42166,35.07382,35.02734,"LITU","Liriodendron tulipifera"
"6700",1824,"HC1",NA,-83.47845,-83.42166,35.07382,35.02734,"LITU","Liriodendron tulipifera"
"6701",1824,"BC2",1.357,-83.47845,-83.42166,35.07382,35.02734,"LITU","Liriodendron tulipifera"
"6702",1824,"HC2",NA,-83.47845,-83.42166,35.07382,35.02734,"LITU","Liriodendron tulipifera"
"6703",1824,"HCU.10",NA,-83.47845,-83.42166,35.07382,35.02734,"LITU","Liriodendron tulipifera"
"6704",1824,"HCU.1",NA,-83.47845,-83.42166,35.07382,35.02734,"LITU","Liriodendron tulipifera"
"6705",1824,"HCU.2",NA,-83.47845,-83.42166,35.07382,35.02734,"LITU","Liriodendron tulipifera"
"6706",1824,"HCU.3",NA,-83.47845,-83.42166,35.07382,35.02734,"LITU","Liriodendron tulipifera"
"6707",1824,"PB.9",NA,-83.47845,-83.42166,35.07382,35.02734,"LITU","Liriodendron tulipifera"
"6708",1824,"PB.1",NA,-83.47845,-83.42166,35.07382,35.02734,"LITU","Liriodendron tulipifera"
"6709",1824,"WB.6",NA,-83.47845,-83.42166,35.07382,35.02734,"LITU","Liriodendron tulipifera"
"6710",1824,"WB.4",NA,-83.47845,-83.42166,35.07382,35.02734,"LITU","Liriodendron tulipifera"
"6711",1824,"WB.5",NA,-83.47845,-83.42166,35.07382,35.02734,"LITU","Liriodendron tulipifera"
"6712",1824,"WB.2",NA,-83.47845,-83.42166,35.07382,35.02734,"LITU","Liriodendron tulipifera"
"6713",1824,"WB.3",NA,-83.47845,-83.42166,35.07382,35.02734,"LITU","Liriodendron tulipifera"
"6714",1824,"CB.8",NA,-83.47845,-83.42166,35.07382,35.02734,"LITU","Liriodendron tulipifera"
"6715",1824,"RB.2",NA,-83.47845,-83.42166,35.07382,35.02734,"LITU","Liriodendron tulipifera"
"6716",1824,"RB.5",NA,-83.47845,-83.42166,35.07382,35.02734,"LITU","Liriodendron tulipifera"
"6717",1824,"RB.8",NA,-83.47845,-83.42166,35.07382,35.02734,"LITU","Liriodendron tulipifera"
"6718",1824,"RB.6",NA,-83.47845,-83.42166,35.07382,35.02734,"LITU","Liriodendron tulipifera"
"6719",1824,"RB.9",NA,-83.47845,-83.42166,35.07382,35.02734,"LITU","Liriodendron tulipifera"
"6720",1824,"RB.7",NA,-83.47845,-83.42166,35.07382,35.02734,"LITU","Liriodendron tulipifera"
"6721",1824,"RB.1",NA,-83.47845,-83.42166,35.07382,35.02734,"LITU","Liriodendron tulipifera"
"6722",1824,"HW.20",NA,-83.47845,-83.42166,35.07382,35.02734,"LITU","Liriodendron tulipifera"
"6723",1824,"HW.15",NA,-83.47845,-83.42166,35.07382,35.02734,"LITU","Liriodendron tulipifera"
"6724",1824,"HW.17",NA,-83.47845,-83.42166,35.07382,35.02734,"LITU","Liriodendron tulipifera"
"6725",1824,"HLC.17",NA,-83.47845,-83.42166,35.07382,35.02734,"LITU","Liriodendron tulipifera"
"6726",1824,"HLC.18",NA,-83.47845,-83.42166,35.07382,35.02734,"LITU","Liriodendron tulipifera"
"6727",1824,"HLC.1",NA,-83.47845,-83.42166,35.07382,35.02734,"LITU","Liriodendron tulipifera"
"6728",1824,"USF.24",NA,-83.47845,-83.42166,35.07382,35.02734,"LITU","Liriodendron tulipifera"
"6729",1824,"BC.20",NA,-83.47845,-83.42166,35.07382,35.02734,"LITU","Liriodendron tulipifera"
"6730",1824,"CB.12",NA,-83.47845,-83.42166,35.07382,35.02734,"LITU","Liriodendron tulipifera"
"6731",1824,"HW.14",NA,-83.47845,-83.42166,35.07382,35.02734,"LITU","Liriodendron tulipifera"
"6732",1824,"pm.821",NA,-83.47845,-83.42166,35.07382,35.02734,"LITU","Liriodendron tulipifera"
"6733",1823,"BC1",NA,-83.47845,-83.42166,35.07382,35.02734,"LITU","Liriodendron tulipifera"
"6734",1823,"HC12",NA,-83.47845,-83.42166,35.07382,35.02734,"LITU","Liriodendron tulipifera"
"6735",1823,"HC13",NA,-83.47845,-83.42166,35.07382,35.02734,"LITU","Liriodendron tulipifera"
"6736",1823,"HC1",NA,-83.47845,-83.42166,35.07382,35.02734,"LITU","Liriodendron tulipifera"
"6737",1823,"BC2",1.2,-83.47845,-83.42166,35.07382,35.02734,"LITU","Liriodendron tulipifera"
"6738",1823,"HC2",NA,-83.47845,-83.42166,35.07382,35.02734,"LITU","Liriodendron tulipifera"
"6739",1823,"HCU.10",NA,-83.47845,-83.42166,35.07382,35.02734,"LITU","Liriodendron tulipifera"
"6740",1823,"HCU.1",NA,-83.47845,-83.42166,35.07382,35.02734,"LITU","Liriodendron tulipifera"
"6741",1823,"HCU.2",NA,-83.47845,-83.42166,35.07382,35.02734,"LITU","Liriodendron tulipifera"
"6742",1823,"HCU.3",NA,-83.47845,-83.42166,35.07382,35.02734,"LITU","Liriodendron tulipifera"
"6743",1823,"PB.9",NA,-83.47845,-83.42166,35.07382,35.02734,"LITU","Liriodendron tulipifera"
"6744",1823,"PB.1",NA,-83.47845,-83.42166,35.07382,35.02734,"LITU","Liriodendron tulipifera"
"6745",1823,"WB.6",NA,-83.47845,-83.42166,35.07382,35.02734,"LITU","Liriodendron tulipifera"
"6746",1823,"WB.4",NA,-83.47845,-83.42166,35.07382,35.02734,"LITU","Liriodendron tulipifera"
"6747",1823,"WB.5",NA,-83.47845,-83.42166,35.07382,35.02734,"LITU","Liriodendron tulipifera"
"6748",1823,"WB.2",NA,-83.47845,-83.42166,35.07382,35.02734,"LITU","Liriodendron tulipifera"
"6749",1823,"WB.3",NA,-83.47845,-83.42166,35.07382,35.02734,"LITU","Liriodendron tulipifera"
"6750",1823,"CB.8",NA,-83.47845,-83.42166,35.07382,35.02734,"LITU","Liriodendron tulipifera"
"6751",1823,"RB.2",NA,-83.47845,-83.42166,35.07382,35.02734,"LITU","Liriodendron tulipifera"
"6752",1823,"RB.5",NA,-83.47845,-83.42166,35.07382,35.02734,"LITU","Liriodendron tulipifera"
"6753",1823,"RB.8",NA,-83.47845,-83.42166,35.07382,35.02734,"LITU","Liriodendron tulipifera"
"6754",1823,"RB.6",NA,-83.47845,-83.42166,35.07382,35.02734,"LITU","Liriodendron tulipifera"
"6755",1823,"RB.9",NA,-83.47845,-83.42166,35.07382,35.02734,"LITU","Liriodendron tulipifera"
"6756",1823,"RB.7",NA,-83.47845,-83.42166,35.07382,35.02734,"LITU","Liriodendron tulipifera"
"6757",1823,"RB.1",NA,-83.47845,-83.42166,35.07382,35.02734,"LITU","Liriodendron tulipifera"
"6758",1823,"HW.20",NA,-83.47845,-83.42166,35.07382,35.02734,"LITU","Liriodendron tulipifera"
"6759",1823,"HW.15",NA,-83.47845,-83.42166,35.07382,35.02734,"LITU","Liriodendron tulipifera"
"6760",1823,"HW.17",NA,-83.47845,-83.42166,35.07382,35.02734,"LITU","Liriodendron tulipifera"
"6761",1823,"HLC.17",NA,-83.47845,-83.42166,35.07382,35.02734,"LITU","Liriodendron tulipifera"
"6762",1823,"HLC.18",NA,-83.47845,-83.42166,35.07382,35.02734,"LITU","Liriodendron tulipifera"
"6763",1823,"HLC.1",NA,-83.47845,-83.42166,35.07382,35.02734,"LITU","Liriodendron tulipifera"
"6764",1823,"USF.24",NA,-83.47845,-83.42166,35.07382,35.02734,"LITU","Liriodendron tulipifera"
"6765",1823,"BC.20",NA,-83.47845,-83.42166,35.07382,35.02734,"LITU","Liriodendron tulipifera"
"6766",1823,"CB.12",NA,-83.47845,-83.42166,35.07382,35.02734,"LITU","Liriodendron tulipifera"
"6767",1823,"HW.14",NA,-83.47845,-83.42166,35.07382,35.02734,"LITU","Liriodendron tulipifera"
"6768",1823,"pm.821",NA,-83.47845,-83.42166,35.07382,35.02734,"LITU","Liriodendron tulipifera"
"6769",1822,"BC1",NA,-83.47845,-83.42166,35.07382,35.02734,"LITU","Liriodendron tulipifera"
"6770",1822,"HC12",NA,-83.47845,-83.42166,35.07382,35.02734,"LITU","Liriodendron tulipifera"
"6771",1822,"HC13",NA,-83.47845,-83.42166,35.07382,35.02734,"LITU","Liriodendron tulipifera"
"6772",1822,"HC1",NA,-83.47845,-83.42166,35.07382,35.02734,"LITU","Liriodendron tulipifera"
"6773",1822,"BC2",1.2,-83.47845,-83.42166,35.07382,35.02734,"LITU","Liriodendron tulipifera"
"6774",1822,"HC2",NA,-83.47845,-83.42166,35.07382,35.02734,"LITU","Liriodendron tulipifera"
"6775",1822,"HCU.10",NA,-83.47845,-83.42166,35.07382,35.02734,"LITU","Liriodendron tulipifera"
"6776",1822,"HCU.1",NA,-83.47845,-83.42166,35.07382,35.02734,"LITU","Liriodendron tulipifera"
"6777",1822,"HCU.2",NA,-83.47845,-83.42166,35.07382,35.02734,"LITU","Liriodendron tulipifera"
"6778",1822,"HCU.3",NA,-83.47845,-83.42166,35.07382,35.02734,"LITU","Liriodendron tulipifera"
"6779",1822,"PB.9",NA,-83.47845,-83.42166,35.07382,35.02734,"LITU","Liriodendron tulipifera"
"6780",1822,"PB.1",NA,-83.47845,-83.42166,35.07382,35.02734,"LITU","Liriodendron tulipifera"
"6781",1822,"WB.6",NA,-83.47845,-83.42166,35.07382,35.02734,"LITU","Liriodendron tulipifera"
"6782",1822,"WB.4",NA,-83.47845,-83.42166,35.07382,35.02734,"LITU","Liriodendron tulipifera"
"6783",1822,"WB.5",NA,-83.47845,-83.42166,35.07382,35.02734,"LITU","Liriodendron tulipifera"
"6784",1822,"WB.2",NA,-83.47845,-83.42166,35.07382,35.02734,"LITU","Liriodendron tulipifera"
"6785",1822,"WB.3",NA,-83.47845,-83.42166,35.07382,35.02734,"LITU","Liriodendron tulipifera"
"6786",1822,"CB.8",NA,-83.47845,-83.42166,35.07382,35.02734,"LITU","Liriodendron tulipifera"
"6787",1822,"RB.2",NA,-83.47845,-83.42166,35.07382,35.02734,"LITU","Liriodendron tulipifera"
"6788",1822,"RB.5",NA,-83.47845,-83.42166,35.07382,35.02734,"LITU","Liriodendron tulipifera"
"6789",1822,"RB.8",NA,-83.47845,-83.42166,35.07382,35.02734,"LITU","Liriodendron tulipifera"
"6790",1822,"RB.6",NA,-83.47845,-83.42166,35.07382,35.02734,"LITU","Liriodendron tulipifera"
"6791",1822,"RB.9",NA,-83.47845,-83.42166,35.07382,35.02734,"LITU","Liriodendron tulipifera"
"6792",1822,"RB.7",NA,-83.47845,-83.42166,35.07382,35.02734,"LITU","Liriodendron tulipifera"
"6793",1822,"RB.1",NA,-83.47845,-83.42166,35.07382,35.02734,"LITU","Liriodendron tulipifera"
"6794",1822,"HW.20",NA,-83.47845,-83.42166,35.07382,35.02734,"LITU","Liriodendron tulipifera"
"6795",1822,"HW.15",NA,-83.47845,-83.42166,35.07382,35.02734,"LITU","Liriodendron tulipifera"
"6796",1822,"HW.17",NA,-83.47845,-83.42166,35.07382,35.02734,"LITU","Liriodendron tulipifera"
"6797",1822,"HLC.17",NA,-83.47845,-83.42166,35.07382,35.02734,"LITU","Liriodendron tulipifera"
"6798",1822,"HLC.18",NA,-83.47845,-83.42166,35.07382,35.02734,"LITU","Liriodendron tulipifera"
"6799",1822,"HLC.1",NA,-83.47845,-83.42166,35.07382,35.02734,"LITU","Liriodendron tulipifera"
"6800",1822,"USF.24",NA,-83.47845,-83.42166,35.07382,35.02734,"LITU","Liriodendron tulipifera"
"6801",1822,"BC.20",NA,-83.47845,-83.42166,35.07382,35.02734,"LITU","Liriodendron tulipifera"
"6802",1822,"CB.12",NA,-83.47845,-83.42166,35.07382,35.02734,"LITU","Liriodendron tulipifera"
"6803",1822,"HW.14",NA,-83.47845,-83.42166,35.07382,35.02734,"LITU","Liriodendron tulipifera"
"6804",1822,"pm.821",NA,-83.47845,-83.42166,35.07382,35.02734,"LITU","Liriodendron tulipifera"
"6805",1821,"BC1",NA,-83.47845,-83.42166,35.07382,35.02734,"LITU","Liriodendron tulipifera"
"6806",1821,"HC12",NA,-83.47845,-83.42166,35.07382,35.02734,"LITU","Liriodendron tulipifera"
"6807",1821,"HC13",NA,-83.47845,-83.42166,35.07382,35.02734,"LITU","Liriodendron tulipifera"
"6808",1821,"HC1",NA,-83.47845,-83.42166,35.07382,35.02734,"LITU","Liriodendron tulipifera"
"6809",1821,"BC2",1.2,-83.47845,-83.42166,35.07382,35.02734,"LITU","Liriodendron tulipifera"
"6810",1821,"HC2",NA,-83.47845,-83.42166,35.07382,35.02734,"LITU","Liriodendron tulipifera"
"6811",1821,"HCU.10",NA,-83.47845,-83.42166,35.07382,35.02734,"LITU","Liriodendron tulipifera"
"6812",1821,"HCU.1",NA,-83.47845,-83.42166,35.07382,35.02734,"LITU","Liriodendron tulipifera"
"6813",1821,"HCU.2",NA,-83.47845,-83.42166,35.07382,35.02734,"LITU","Liriodendron tulipifera"
"6814",1821,"HCU.3",NA,-83.47845,-83.42166,35.07382,35.02734,"LITU","Liriodendron tulipifera"
"6815",1821,"PB.9",NA,-83.47845,-83.42166,35.07382,35.02734,"LITU","Liriodendron tulipifera"
"6816",1821,"PB.1",NA,-83.47845,-83.42166,35.07382,35.02734,"LITU","Liriodendron tulipifera"
"6817",1821,"WB.6",NA,-83.47845,-83.42166,35.07382,35.02734,"LITU","Liriodendron tulipifera"
"6818",1821,"WB.4",NA,-83.47845,-83.42166,35.07382,35.02734,"LITU","Liriodendron tulipifera"
"6819",1821,"WB.5",NA,-83.47845,-83.42166,35.07382,35.02734,"LITU","Liriodendron tulipifera"
"6820",1821,"WB.2",NA,-83.47845,-83.42166,35.07382,35.02734,"LITU","Liriodendron tulipifera"
"6821",1821,"WB.3",NA,-83.47845,-83.42166,35.07382,35.02734,"LITU","Liriodendron tulipifera"
"6822",1821,"CB.8",NA,-83.47845,-83.42166,35.07382,35.02734,"LITU","Liriodendron tulipifera"
"6823",1821,"RB.2",NA,-83.47845,-83.42166,35.07382,35.02734,"LITU","Liriodendron tulipifera"
"6824",1821,"RB.5",NA,-83.47845,-83.42166,35.07382,35.02734,"LITU","Liriodendron tulipifera"
"6825",1821,"RB.8",NA,-83.47845,-83.42166,35.07382,35.02734,"LITU","Liriodendron tulipifera"
"6826",1821,"RB.6",NA,-83.47845,-83.42166,35.07382,35.02734,"LITU","Liriodendron tulipifera"
"6827",1821,"RB.9",NA,-83.47845,-83.42166,35.07382,35.02734,"LITU","Liriodendron tulipifera"
"6828",1821,"RB.7",NA,-83.47845,-83.42166,35.07382,35.02734,"LITU","Liriodendron tulipifera"
"6829",1821,"RB.1",NA,-83.47845,-83.42166,35.07382,35.02734,"LITU","Liriodendron tulipifera"
"6830",1821,"HW.20",NA,-83.47845,-83.42166,35.07382,35.02734,"LITU","Liriodendron tulipifera"
"6831",1821,"HW.15",NA,-83.47845,-83.42166,35.07382,35.02734,"LITU","Liriodendron tulipifera"
"6832",1821,"HW.17",NA,-83.47845,-83.42166,35.07382,35.02734,"LITU","Liriodendron tulipifera"
"6833",1821,"HLC.17",NA,-83.47845,-83.42166,35.07382,35.02734,"LITU","Liriodendron tulipifera"
"6834",1821,"HLC.18",NA,-83.47845,-83.42166,35.07382,35.02734,"LITU","Liriodendron tulipifera"
"6835",1821,"HLC.1",NA,-83.47845,-83.42166,35.07382,35.02734,"LITU","Liriodendron tulipifera"
"6836",1821,"USF.24",NA,-83.47845,-83.42166,35.07382,35.02734,"LITU","Liriodendron tulipifera"
"6837",1821,"BC.20",NA,-83.47845,-83.42166,35.07382,35.02734,"LITU","Liriodendron tulipifera"
"6838",1821,"CB.12",NA,-83.47845,-83.42166,35.07382,35.02734,"LITU","Liriodendron tulipifera"
"6839",1821,"HW.14",NA,-83.47845,-83.42166,35.07382,35.02734,"LITU","Liriodendron tulipifera"
"6840",1821,"pm.821",NA,-83.47845,-83.42166,35.07382,35.02734,"LITU","Liriodendron tulipifera"
