[]  Dendrochronology Program Library                                        Run PONDO  Program COF  21:15  Fri 25 Jan 2019  Page   1
[]
[]  P R O G R A M      C O F E C H A                                                                          Version 6.06P    30707
------------------------------------------------------------------------------------------------------------------------------------

 QUALITY CONTROL AND DATING CHECK OF TREE-RING MEASUREMENTS

 File of DATED series:   ponderosamaster.rwl

 CONTENTS:

    Part 1:  Title page, options selected, summary, absent rings by series
    Part 2:  Histogram of time spans
    Part 3:  Master series with sample depth and absent rings by year
    Part 4:  Bar plot of Master Dating Series
    Part 5:  Correlation by segment of each series with Master
    Part 6:  Potential problems: low correlation, divergent year-to-year changes, absent rings, outliers
    Part 7:  Descriptive statistics

 RUN CONTROL OPTIONS SELECTED                             VALUE

         1  Cubic smoothing spline 50% wavelength cutoff for filtering
                                                            32 years
         2  Segments examined are                           40 years lagged successively by  20 years
         3  Autoregressive model applied                     A  Residuals are used in master dating series and testing
         4  Series transformed to logarithms                 Y  Each series log-transformed for master dating series and testing
         5  CORRELATION is Pearson (parametric, quantitative)
            Critical correlation, 99% confidence level   .3665
         6  Master dating series saved                       N
         7  Ring measurements listed                         N
         8  Parts printed                              1234567 
         9  Absent rings are omitted from master series and segment correlations  (Y)

 Time span of Master dating series is  1769 to  2016   248 years
 Continuous time span is               1769 to  2016   248 years
 Portion with two or more series is    1784 to  2016   233 years

 >> SS13-1a     1945 absent in   3 of  120 series, but is not usually narrow: master index is   .097
 >> SS13-1b     1945 absent in   3 of  120 series, but is not usually narrow: master index is   .097
 >> SS13-1c     1945 absent in   3 of  120 series, but is not usually narrow: master index is   .097
 >> SRA56b      2011 absent in   1 of  119 series, but is not usually narrow: master index is  1.414

                                        ****************************************
                                        *C* Number of dated series       128 *C*
                                        *O* Master series 1769 2016  248 yrs *O*
                                        *F* Total rings in all series  16445 *F*
                                        *E* Total dated rings checked  16430 *E*
                                        *C* Series intercorrelation     .504 *C*
                                        *H* Average mean sensitivity    .278 *H*
                                        *A* Segments, possible problems  152 *A*
                                        *** Mean length of series      128.5 ***
                                        ****************************************

 ABSENT RINGS listed by SERIES:            (See Master Dating Series for absent rings listed by year)

 SS06-1a     1 absent rings:   1841
 SS06-1c     1 absent rings:   1841
 SS06-1d     1 absent rings:   1841
 SS12-1e     1 absent rings:   1903
 SS13-1a     1 absent rings:   1945
 SS13-1b     2 absent rings:   1945  1979
 SS13-1c     2 absent rings:   1944  1945
 SS01-8      1 absent rings:   1929
 SS02-5      1 absent rings:   1977
 SS03-6      1 absent rings:   1962
 SS03-7      2 absent rings:   1961  1962
 SS04-16     2 absent rings:   1977  1991
 SS08-10     1 absent rings:   1962
 SS09-3      1 absent rings:   1962
 SS13-12a    1 absent rings:   1929
 SRA16a      1 absent rings:   1844
 SRA56a      3 absent rings:   1929  1932  1991
 SRA56b      4 absent rings:   1929  1931  1932  2011
 SRA10a      2 absent rings:   2001  2002
 SRA10b      2 absent rings:   2001  2002
 SRA41       1 absent rings:   1929
 SRA13       4 absent rings:   1864  1865  1977  1991
 SRA08       3 absent rings:   1962  1990  1991
 SRA65       2 absent rings:   1968  1991

            41 absent rings    .249%
PART 2:  TIME PLOT OF TREE-RING SERIES:                                                            21:15  Fri 25 Jan 2019  Page   2
------------------------------------------------------------------------------------------------------------------------------------
 1050 1100 1150 1200 1250 1300 1350 1400 1450 1500 1550 1600 1650 1700 1750 1800 1850 1900 1950 2000 2050 Ident   Seq Time-span  Yrs
   :    :    :    :    :    :    :    :    :    :    :    :    :    :    :    :    :    :    :    :    : -------- --- ---- ---- ----
   .    .    .    .    .    .    .    .    .    .    .    .    .    .    .    .   <================>   . SS02-1a    1 1846 2016  171
   .    .    .    .    .    .    .    .    .    .    .    .    .    .    .    .  <=================>   . SS02-1a    2 1837 2016  180
   .    .    .    .    .    .    .    .    .    .    .    .    .    .    .    . <==================>   . SS02-1c    3 1829 2016  188
   .    .    .    .    .    .    .    .    .    .    .    .    .    .    .    .    .   <===========>   . SS05-1b    4 1897 2016  120
   .    .    .    .    .    .    .    .    .    .    .    .    .    .    .    .    .   <===========>   . SS05-1a    5 1897 2013  117
   .    .    .    .    .    .    .    .    .    .    .    .    .    .    .    .    .    . <========>   . SS05-1d    6 1923 2016   94
   .    .    .    .    .    .    .    .    .    .    .    .    .    .    .    .    .    . <========>   . SS05-1c    7 1926 2016   91
   .    .    .    .    .    .    .    .    .    .    .    .    .    .    .<========================>   . SS06-1a    8 1769 2016  248
   .    .    .    .    .    .    .    .    .    .    .    .    .    .    .    .<===================>   . SS06-1b    9 1815 2016  202
   .    .    .    .    .    .    .    .    .    .    .    .    .    .    .   <=====================>   . SS06-1c   10 1796 2016  221
   .    .    .    .    .    .    .    .    .    .    .    .    .    .    .    <====================>   . SS06-1d   11 1804 2016  213
   .    .    .    .    .    .    .    .    .    .    .    .    .    .    .    <====================>   . SS06-1e   12 1808 2016  209
   .    .    .    .    .    .    .    .    .    .    .    .    .    .    .    .  <=================>   . SS08-1a   13 1838 2016  179
   .    .    .    .    .    .    .    .    .    .    .    .    .    .    .    .    <===============>   . SS08-1b   14 1850 2016  167
   .    .    .    .    .    .    .    .    .    .    .    .    .    .    .    .   <================>   . SS08-1c   15 1842 2016  175
   .    .    .    .    .    .    .    .    .    .    .    .    .    .    .    .    .   <===========>   . SS09-1a   16 1899 2016  118
   .    .    .    .    .    .    .    .    .    .    .    .    .    .    .    .    .   <===========>   . SS09-1b   17 1895 2016  122
   .    .    .    .    .    .    .    .    .    .    .    .    .    .    .    .    .   <===========>   . SS09-1c   18 1894 2016  123
   .    .    .    .    .    .    .    .    .    .    .    .    .    .    .    .    .  <============>   . SS09-1d   19 1883 2016  134
   .    .    .    .    .    .    .    .    .    .    .    .    .    .    .    .   <================>   . SS12-1a   20 1849 2016  168
   .    .    .    .    .    .    .    .    .    .    .    .    .    .    .    .    <===============>   . SS12-1b   21 1855 2016  162
   .    .    .    .    .    .    .    .    .    .    .    .    .    .    .    .    <===============>   . SS12-1c   22 1850 2016  167
   .    .    .    .    .    .    .    .    .    .    .    .    .    .    .    .   <================>   . SS12-1d   23 1847 2016  170
   .    .    .    .    .    .    .    .    .    .    .    .    .    .    .    .   <================>   . SS12-1e   24 1848 2016  169
   .    .    .    .    .    .    .    .    .    .    .    .    .    .    .    .    .<==============>   . SS01-1a   25 1868 2015  148
   .    .    .    .    .    .    .    .    .    .    .    .    .    .    .    .    . <=============>   . SS01-1b   26 1879 2015  137
   .    .    .    .    .    .    .    .    .    .    .    .    .    .    .    .    .<==============>   . SS01-1c   27 1865 2015  151
   .    .    .    .    .    .    .    .    .    .    .    .    .    .    .    .    .    .<=========>   . SS10-1a   28 1918 2015   98
   .    .    .    .    .    .    .    .    .    .    .    .    .    .    .    .    .    . <========>   . SS10-1b   29 1928 2015   88
   .    .    .    .    .    .    .    .    .    .    .    .    .    .    .    .    .    .<=========>   . SS10-1c   30 1914 2015  102
   .    .    .    .    .    .    .    .    .    .    .    .    .    .    .    .    .    <==========>   . SS04-1a   31 1903 2012  110
   .    .    .    .    .    .    .    .    .    .    .    .    .    .    .    .    .    .<=========>   . SS04-1b   32 1913 2015  103
   .    .    .    .    .    .    .    .    .    .    .    .    .    .    .    .    .    <==========>   . SS04-1c   33 1903 2015  113
   .    .    .    .    .    .    .    .    .    .    .    .    .    .    .    .    .   <========> .    . SS04-1d   34 1896 1982   87
   .    .    .    .    .    .    .    .    .    .    .    .    .    .    .    .<===================>   . SS11-1a   35 1813 2014  202
   .    .    .    .    .    .    .    .    .    .    .    .    .    .    .    .<===================>   . SS11-1b   36 1815 2014  200
   .    .    .    .    .    .    .    .    .    .    .    .    .    .    .    .<===================>   . SS11-1c   37 1816 2014  199
   .    .    .    .    .    .    .    .    .    .    .    .    .    .    .    .<===================>   . SS11-1d   38 1818 2013  196
   .    .    .    .    .    .    .    .    .    .    .    .    .    .    .    . <==================>   . SS11-1e   39 1825 2014  190
   .    .    .    .    .    .    .    .    .    .    .    .    .    .    .    .    <===============>   . SS07-1a   40 1857 2014  158
   .    .    .    .    .    .    .    .    .    .    .    .    .    .    .    .    <===============>   . SS07-1b   41 1850 2014  165
   .    .    .    .    .    .    .    .    .    .    .    .    .    .    .    .    <===============>   . SS07-1c   42 1855 2014  160
   .    .    .    .    .    .    .    .    .    .    .    .    .    .    .    .   <================>   . SS07-1d   43 1847 2014  168
   .    .    .    .    .    .    .    .    .    .    .    .    .    .    .    .   <================>   . SS13-1a   44 1840 2014  175
   .    .    .    .    .    .    .    .    .    .    .    .    .    .    .    .   <================>   . SS13-1b   45 1840 2014  175
   .    .    .    .    .    .    .    .    .    .    .    .    .    .    .    .   <================>   . SS13-1c   46 1841 2014  174
   .    .    .    .    .    .    .    .    .    .    .    .    .    .    .    .    . <=============>   . SS01-2    47 1873 2014  142
   .    .    .    .    .    .    .    .    .    .    .    .    .    .    .    .    . <==========> .    . SS01-6    48 1879 1989  111
   .    .    .    .    .    .    .    .    .    .    .    .    .    .    .    .    .  <============>   . SS01-8    49 1883 2014  132
   .    .    .    .    .    .    .    .    .    .    .    .    .    .    .    .    .   <===========>   . SS02-4    50 1899 2012  114
   :    :    :    :    :    :    :    :    :    :    :    :    :    :    :    :    :    :    :    :    :
 1050 1100 1150 1200 1250 1300 1350 1400 1450 1500 1550 1600 1650 1700 1750 1800 1850 1900 1950 2000 2050
PART 2:  TIME PLOT OF TREE-RING SERIES:                                                            21:15  Fri 25 Jan 2019  Page   3
------------------------------------------------------------------------------------------------------------------------------------
 1050 1100 1150 1200 1250 1300 1350 1400 1450 1500 1550 1600 1650 1700 1750 1800 1850 1900 1950 2000 2050 Ident   Seq Time-span  Yrs
   :    :    :    :    :    :    :    :    :    :    :    :    :    :    :    :    :    :    :    :    : -------- --- ---- ---- ----
   .    .    .    .    .    .    .    .    .    .    .    .    .    .    .    .   <================>   . SS02-5    51 1842 2013  172
   .    .    .    .    .    .    .    .    .    .    .    .    .    .    .    .    .   <===========>   . SS03-6    52 1893 2012  120
   .    .    .    .    .    .    .    .    .    .    .    .    .    .    .    .    .    .<=========>   . SS03-7    53 1914 2016  103
   .    .    .    .    .    .    .    .    .    .    .    .    .    .    .    .    .    .<=========>   . SS03-8    54 1916 2015  100
   .    .    .    .    .    .    .    .    .    .    .    .    .    .    .    .    .    <==========>   . SS04-16   55 1906 2011  106
   .    .    .    .    .    .    .    .    .    .    .    .    .    .    .    .    .    .  <=======>   . SS04-17   56 1939 2014   76
   .    .    .    .    .    .    .    .    .    .    .    .    .    .    .    .    .   <===========>   . SS05-8    57 1893 2013  121
   .    .    .    .    .    .    .    .    .    .    .    .    .    .    .    .    <===============>   . SS07-23   58 1853 2014  162
   .    .    .    .    .    .    .    .    .    .    .    .    .    .    .    .    . <===========>.    . SS08-7    59 1879 1992  114
   .    .    .    .    .    .    .    .    .    .    .    .    .    .    .    .    .<==============>   . SS08-10   60 1860 2016  157
   .    .    .    .    .    .    .    .    .    .    .    .    .    .    .    .   <================>   . SS08-11   61 1843 2014  172
   .    .    .    .    .    .    .    .    .    .    .    .    .    .    .    .    .<==============>   . SS08-13   62 1863 2016  154
   .    .    .    .    .    .    .    .    .    .    .    .    .    .    .    .    . <===========>.    . SS09-3    63 1877 1997  121
   .    .    .    .    .    .    .    .    .    .    .    .    .    .    .    .    .   <===========>   . SS09-10   64 1899 2011  113
   .    .    .    .    .    .    .    .    .    .    .    .    .    .    .    .    .   <===========>   . SS09-13   65 1895 2016  122
   .    .    .    .    .    .    .    .    .    .    .    .    .    .    .    .    .    .<=========>   . SS09-14   66 1916 2016  101
   .    .    .    .    .    .    .    .    .    .    .    .    .    .    .    .    .    .<=========>   . SS09-20   67 1914 2016  103
   .    .    .    .    .    .    .    .    .    .    .    .    .    .    .    .    .    .<======> .    . SS10-3    68 1913 1985   73
   .    .    .    .    .    .    .    .    .    .    .    .    .    .    .    .    .    .    .<====>   . SS10-6    69 1962 2014   53
   .    .    .    .    .    .    .    .    .    .    .    .    .    .    .    .    .    .   <======>   . SS10-10   70 1943 2015   73
   .    .    .    .    .    .    .    .    .    .    .    .    .    .    .    .    .    .<=========>   . SS10-13   71 1916 2015  100
   .    .    .    .    .    .    .    .    .    .    .    .    .    .    .    .    .    .   <======>   . SS11-6    72 1949 2016   68
   .    .    .    .    .    .    .    .    .    .    .    .    .    .    .    .    .    .  <=======>   . SS11-7    73 1930 2014   85
   .    .    .    .    .    .    .    .    .    .    .    .    .    .    .    .    .  <============>   . SS13-2    74 1881 2016  136
   .    .    .    .    .    .    .    .    .    .    .    .    .    .    .    .    .   <===========>   . SS13-3a   75 1890 2013  124
   .    .    .    .    .    .    .    .    .    .    .    .    .    .    .    .    . <=========>  .    . SS13-3b   76 1875 1976  102
   .    .    .    .    .    .    .    .    .    .    .    .    .    .    .    .    .  <==========>.    . SS13-12a  77 1882 1999  118
   .    .    .    .    .    .    .    .    .    .    .    .    .    .    .    .   <=====>    .    .    . SS13-12b  78 1845 1902   58
   .    .    .    .    .    .    .    .    .    .    .    .    .    .    .    .    . <=============>   . SRA60     79 1870 2014  145
   .    .    .    .    .    .    .    .    .    .    .    .    .    .    .    .    .    .<=========>   . SRA20     80 1913 2014  102
   .    .    .    .    .    .    .    .    .    .    .    .    .    .    .    .    .  <============>   . SRA55     81 1882 2014  133
   .    .    .    .    .    .    .    .    .    .    .    .    .    .    .    .    .    .<=========>   . SRA10     82 1917 2014   98
   .    .    .    .    .    .    .    .    .    .    .    .    .    .    .    .    .    .<=========>   . SRA21     83 1913 2014  102
   .    .    .    .    .    .    .    .    .    .    .    .    .    .    .    .    . <=============>   . SRA50     84 1878 2014  137
   .    .    .    .    .    .    .    .    .    .    .    .    .    .    .    .    .    .<=========>   . SRA28     85 1917 2014   98
   .    .    .    .    .    .    .    .    .    .    .    .    .    .    .    .    .    .<=========>   . SRA29     86 1917 2014   98
   .    .    .    .    .    .    .    .    .    .    .    .    .    .    .    .    .    .<=========>   . SRA07     87 1910 2014  105
   .    .    .    .    .    .    .    .    .    .    .    .    .    .    .    .    .    <==========>   . SRA46A    88 1900 2014  115
   .    .    .    .    .    .    .    .    .    .    .    .    .    .    .    .    .    <==========>   . SRA46B    89 1900 2013  114
   .    .    .    .    .    .    .    .    .    .    .    .    .    .    .    .    .    .<=========>   . SRA18     90 1915 2014  100
   .    .    .    .    .    .    .    .    .    .    .    .    .    .    .    .    .    .<=========>   . SRA26A    91 1915 2014  100
   .    .    .    .    .    .    .    .    .    .    .    .    .    .    .    .    .    .<=========>   . SRA26B    92 1914 2014  101
   .    .    .    .    .    .    .    .    .    .    .    .    .    .    .    .    .    .<=========>   . SRA45     93 1910 2014  105
   .    .    .    .    .    .    .    .    .    .    .    .    .    .    .    .    .   <===========>   . SRA23     94 1896 2014  119
   .    .    .    .    .    .    .    .    .    .    .    .    .    .    .    .    .    .<=========>   . SRA37     95 1919 2015   97
   .    .    .    .    .    .    .    .    .    .    .    .    .    .    .    . <==================>   . SRA16a    96 1828 2015  188
   .    .    .    .    .    .    .    .    .    .    .    .    .    .    .    <======>  .    .    .    . SRA22w    97 1808 1871   64
   .    .    .    .    .    .    .    .    .    .    .    .    .    .    .    .    .    .<=========>   . SRA03     98 1913 2015  103
   .    .    .    .    .    .    .    .    .    .    .    .    .    .    .    .    .   <===========>   . SRA47     99 1895 2015  121
   .    .    .    .    .    .    .    .    .    .    .    .    .    .    .    .    .   <===========>   . SRA54    100 1896 2015  120
   :    :    :    :    :    :    :    :    :    :    :    :    :    :    :    :    :    :    :    :    :
 1050 1100 1150 1200 1250 1300 1350 1400 1450 1500 1550 1600 1650 1700 1750 1800 1850 1900 1950 2000 2050
PART 2:  TIME PLOT OF TREE-RING SERIES:                                                            21:15  Fri 25 Jan 2019  Page   4
------------------------------------------------------------------------------------------------------------------------------------
 1050 1100 1150 1200 1250 1300 1350 1400 1450 1500 1550 1600 1650 1700 1750 1800 1850 1900 1950 2000 2050 Ident   Seq Time-span  Yrs
   :    :    :    :    :    :    :    :    :    :    :    :    :    :    :    :    :    :    :    :    : -------- --- ---- ---- ----
   .    .    .    .    .    .    .    .    .    .    .    .    .    .    .  <======================>   . SRA06    101 1784 2015  232
   .    .    .    .    .    .    .    .    .    .    .    .    .    .    .    .    .    .<=========>   . SRA05    102 1912 2015  104
   .    .    .    .    .    .    .    .    .    .    .    .    .    .    .    .    .   <===========>   . SRA35    103 1892 2014  123
   .    .    .    .    .    .    .    .    .    .    .    .    .    .    .    .    .    .<=========>   . SRA33    104 1917 2015   99
   .    .    .    .    .    .    .    .    .    .    .    .    .    .    .    .  <=================>   . SRA56a   105 1836 2015  180
   .    .    .    .    .    .    .    .    .    .    .    .    .    .    .    .  <=================>   . SRA56b   106 1836 2015  180
   .    .    .    .    .    .    .    .    .    .    .    .    .    .    .    .    .   <===========>   . SRA36a   107 1896 2015  120
   .    .    .    .    .    .    .    .    .    .    .    .    .    .    .    .    .    .   <======>   . SRA27a   108 1949 2015   67
   .    .    .    .    .    .    .    .    .    .    .    .    .    .    .    .    .    .   <======>   . SRA27b   109 1949 2015   67
   .    .    .    .    .    .    .    .    .    .    .    .    .    .    .    .    .    .    . <===>   . SRA44a   110 1976 2015   40
   .    .    .    .    .    .    .    .    .    .    .    .    .    .    .    .    .    .    . <===>   . SRA44b   111 1976 2015   40
   .    .    .    .    .    .    .    .    .    .    .    .    .    .    .    .    .    .  <=======>   . SRA10a   112 1930 2015   86
   .    .    .    .    .    .    .    .    .    .    .    .    .    .    .    .    .    .  <=======>   . SRA10b   113 1930 2015   86
   .    .    .    .    .    .    .    .    .    .    .    .    .    .    .    .    .    .  <=======>   . SRA11    114 1935 2014   80
   .    .    .    .    .    .    .    .    .    .    .    .    .    .    .    .    .    .<=========>   . SRA41    115 1919 2014   96
   .    .    .    .    .    .    .    .    .    .    .    .    .    .    .    .    .    .  <=======>   . SRA65    116 1930 2013   84
   .    .    .    .    .    .    .    .    .    .    .    .    .    .    .    . <==================>   . SRA13    117 1828 2015  188
   .    .    .    .    .    .    .    .    .    .    .    .    .    .    .    .  <=================>   . SRA08    118 1831 2014  184
   .    .    .    .    .    .    .    .    .    .    .    .    .    .    .    .    .    .<=========>   . SRA39a   119 1912 2014  103
   .    .    .    .    .    .    .    .    .    .    .    .    .    .    .    .    .    .<=========>   . SRA39b   120 1913 2014  102
   .    .    .    .    .    .    .    .    .    .    .    .    .    .    .    .    .    .<=========>   . SRA65    121 1911 2015  105
   .    .    .    .    .    .    .    .    .    .    .    .    .    .    .    .    .    <==========>   . SRA61    122 1909 2015  107
   .    .    .    .    .    .    .    .    .    .    .    .    .    .    .    .   <================>   . SRA08    123 1846 2012  167
   .    .    .    .    .    .    .    .    .    .    .    .    .    .    .    .    .    .<=========>   . SRA49b   124 1914 2015  102
   .    .    .    .    .    .    .    .    .    .    .    .    .    .    .    .    .    .<=========>   . SRA49a   125 1914 2015  102
   .    .    .    .    .    .    .    .    .    .    .    .    .    .    .    .    .    .<=========>   . SRA41    126 1915 2013   99
   .    .    .    .    .    .    .    .    .    .    .    .    .    .    .    .    .    <==========>   . SRA59b   127 1904 2015  112
   .    .    .    .    .    .    .    .    .    .    .    .    .    .    .    .    .    <==========>   . SRA59a   128 1904 2015  112
   :    :    :    :    :    :    :    :    :    :    :    :    :    :    :    :    :    :    :    :    :
 1050 1100 1150 1200 1250 1300 1350 1400 1450 1500 1550 1600 1650 1700 1750 1800 1850 1900 1950 2000 2050
PART 3:  Master Dating Series:                                                                     21:15  Fri 25 Jan 2019  Page   5
------------------------------------------------------------------------------------------------------------------------------------
  Year  Value  No Ab    Year  Value  No Ab    Year  Value  No Ab    Year  Value  No Ab    Year  Value  No Ab    Year  Value  No Ab
  ------------------    ------------------    ------------------    ------------------    ------------------    ------------------
                        1800   .742   3       1850   .372  36       1900  1.319  75       1950  -.474 123       2000   .811 119
                        1801  -.696   3       1851   .418  36       1901  1.129  75       1951   .122 123       2001  -.882 119  2
                        1802 -1.472   3       1852   .782  36       1902   .621  75       1952  -.961 123       2002  -.577 119  2
                        1803 -1.622   3       1853  1.447  37       1903  -.552  76  1    1953   .479 123       2003   .594 119
                        1804  1.078   4       1854   .847  37       1904  -.944  78       1954   .407 123       2004  -.847 119
                        1805  -.750   4       1855   .754  39       1905   .430  78       1955   .034 123       2005   .308 119
                        1806  -.395   4       1856  -.393  39       1906  -.197  79       1956   .975 123       2006   .470 119
                        1807 -1.434   4       1857  -.230  40       1907  -.026  79       1957  1.314 123       2007  -.784 119
                        1808  -.895   6       1858  -.490  40       1908  -.367  79       1958  2.169 123       2008  -.558 119
                        1809   .160   6       1859  -.048  40       1909   .379  80       1959  -.175 123       2009  -.464 119

                        1810   .387   6       1860   .938  41       1910  -.549  82       1960  -.283 123       2010  1.019 119
                        1811  1.169   6       1861   .840  41       1911  -.575  83       1961  -.848 123  1    2011  1.414 119  1<<
                        1812 -1.769   6       1862   .324  41       1912  -.227  85       1962 -1.969 124  5    2012  1.596 117
                        1813   .947   7       1863  -.031  42       1913   .381  91       1963  -.340 124       2013   .137 113
                        1814  1.213   7       1864 -2.904  42  1    1914  1.533  97       1964  -.276 124       2014 -1.186 105
                        1815  1.291   9       1865 -2.650  43  1    1915   .935 100       1965  1.012 124       2015 -1.621  66
                        1816  1.642  10       1866   .050  43       1916  -.081 103       1966  -.411 124       2016  -.803  31
                        1817  -.187  10       1867  -.374  43       1917  -.406 107       1967  -.599 124
                        1818   .692  11       1868  1.951  44       1918  -.777 108       1968  -.672 124  1
  1769   .223   1       1819   .103  11       1869   .984  44       1919  -.206 110       1969   .634 124

  1770  2.534   1       1820 -1.029  11       1870   .066  45       1920   .167 110       1970   .272 124
  1771  1.700   1       1821 -2.173  11       1871   .074  45       1921  1.053 110       1971  -.177 124
  1772 -1.475   1       1822 -1.988  11       1872   .285  44       1922   .084 110       1972  -.185 124
  1773 -1.564   1       1823  -.889  11       1873  -.377  45       1923  1.796 111       1973   .059 124
  1774  -.193   1       1824 -1.582  11       1874  -.819  45       1924  -.456 111       1974  1.035 124
  1775   .464   1       1825  1.346  12       1875   .594  46       1925   .455 111       1975   .315 124
  1776   .737   1       1826  1.237  12       1876  -.711  46       1926   .679 112       1976   .214 126
  1777 -1.218   1       1827   .309  12       1877  -.046  47       1927  -.050 112       1977 -1.585 125  3
  1778  -.221   1       1828   .234  14       1878   .767  48       1928  -.434 113       1978   .240 125
  1779  1.812   1       1829   .255  15       1879   .440  51       1929 -1.436 113  5    1979  -.506 125  1

  1780   .895   1       1830   .387  15       1880  -.155  51       1930  -.868 117       1980  -.219 125
  1781 -2.140   1       1831   .161  16       1881   .450  52       1931  -.788 117  1    1981   .049 125
  1782 -1.184   1       1832  1.021  16       1882  -.713  54       1932 -1.567 117  2    1982   .783 125
  1783 -2.893   1       1833   .398  16       1883   .343  56       1933  -.921 117       1983  2.059 124
  1784  -.927   2       1834  -.664  16       1884  1.986  56       1934 -1.141 117       1984  1.084 124
  1785   .184   2       1835   .010  16       1885  1.503  56       1935   .120 118       1985  -.151 124
  1786  -.812   2       1836   .137  18       1886  -.603  56       1936   .863 118       1986   .862 123
  1787   .190   2       1837   .672  19       1887  -.348  56       1937   .471 118       1987  -.986 123
  1788  -.506   2       1838   .884  20       1888  -.891  56       1938  1.362 118       1988  -.475 123
  1789  -.374   2       1839  1.735  20       1889  -.708  56       1939   .361 119       1989 -1.174 123

  1790  -.533   2       1840  1.628  22       1890  -.634  57       1940   .283 119       1990 -1.005 122  1
  1791   .920   2       1841 -1.810  23  3    1891  -.484  57       1941  1.054 119       1991 -1.551 122  5
  1792  2.108   2       1842 -1.289  25       1892 -1.103  58       1942   .488 119       1992   .237 122
  1793   .997   2       1843 -2.325  26       1893  -.033  60       1943   .259 120       1993  -.272 121
  1794  1.102   2       1844 -1.628  26  1    1894   .679  61       1944  -.818 120  1    1994  -.766 121
  1795 -2.780   2       1845 -1.278  27       1895   .704  64       1945   .097 120  3<<  1995  1.745 121
  1796   .476   3       1846  -.330  29       1896  -.135  68       1946   .735 120       1996   .499 121
  1797  1.368   3       1847   .574  31       1897 -1.012  70       1947   .282 120       1997   .431 121
  1798   .615   3       1848   .311  32       1898  -.635  70       1948  -.953 120       1998  -.049 120
  1799  1.797   3       1849   .498  33       1899   .209  73       1949 -1.115 123       1999   .964 120
------------------------------------------------------------------------------------------------------------------------------------
PART 4:  Master Bar Plot:                                                                          21:15  Fri 25 Jan 2019  Page   6
------------------------------------------------------------------------------------------------------------------------------------
   Year Rel value  Year Rel value  Year Rel value  Year Rel value  Year Rel value  Year Rel value  Year Rel value  Year Rel value
                   1800--------C   1850------A     1900---------E  1950---b        2000--------C
                   1801--c         1851-------B    1901---------E  1951-----@      2001-d
                   1802f           1852--------C   1902--------B   1952-d          2002---b
                   1803f           1853----------F 1903---b        1953-------B    2003-------B
                   1804---------D  1854--------C   1904-d          1954-------B    2004--c
                   1805--c         1855--------C   1905-------B    1955-----@      2005------A
                   1806---b        1856---b        1906----a       1956---------D  2006-------B
                   1807f           1857----a       1907-----@      1957---------E  2007--c
                   1808-d          1858---b        1908---a        1958----------I 2008---b
                   1809-----A      1859-----@      1909-------B    1959----a       2009---b
                   1810-------B    1860---------D  1910---b        1960----a       2010---------D
                   1811---------E  1861--------C   1911---b        1961--c         2011----------F
                   1812g           1862------A     1912----a       1962h           2012----------F
                   1813---------D  1863-----@      1913-------B    1963---a        2013-----A
                   1814---------E  1864l           1914----------F 1964----a       2014-e
                   1815---------E  1865k           1915---------D  1965---------D  2015f
                   1816----------G 1866-----@      1916----@       1966---b        2016--c
                   1817----a       1867---a        1917---b        1967---b
                   1818--------C   1868----------H 1918--c         1968--c
   1769------A     1819-----@      1869---------D  1919----a       1969--------C
   1770----------J 1820-d          1870-----@      1920-----A      1970------A
   1771----------G 1821i           1871-----@      1921---------D  1971----a
   1772f           1822h           1872------A     1922-----@      1972----a
   1773f           1823-d          1873---b        1923----------G 1973-----@
   1774----a       1824f           1874--c         1924---b        1974---------D
   1775-------B    1825---------E  1875-------B    1925-------B    1975------A
   1776--------C   1826---------E  1876--c         1926--------C   1976------A
   1777-e          1827------A     1877-----@      1927-----@      1977f
   1778----a       1828------A     1878--------C   1928---b        1978------A
   1779----------G 1829------A     1879-------B    1929f           1979---b
   1780--------D   1830-------B    1880----a       1930--c         1980----a
   1781i           1831-----A      1881-------B    1931--c         1981-----@
   1782-e          1832---------D  1882--c         1932f           1982--------C
   1783l           1833-------B    1883------A     1933-d          1983----------H
   1784-d          1834--c         1884----------H 1934-e          1984---------D
   1785------A     1835-----@      1885----------F 1935-----@      1985----a
   1786--c         1836-----A      1886---b        1936--------C   1986--------C
   1787------A     1837--------C   1887---a        1937-------B    1987-d
   1788---b        1838--------D   1888-d          1938---------E  1988---b
   1789---a        1839----------G 1889--c         1939------A     1989-e
   1790---b        1840----------G 1890--c         1940------A     1990-d
   1791---------D  1841g           1891---b        1941---------D  1991f
   1792----------H 1842-e          1892-d          1942-------B    1992------A
   1793---------D  1843i           1893-----@      1943------A     1993----a
   1794---------D  1844g           1894--------C   1944--c         1994--c
   1795k           1845-e          1895--------C   1945-----@      1995----------G
   1796-------B    1846----a       1896----a       1946--------C   1996-------B
   1797---------E  1847-------B    1897-d          1947------A     1997-------B
   1798-------B    1848------A     1898--c         1948-d          1998-----@
   1799----------G 1849-------B    1899------A     1949-d          1999---------D
PART 5:  CORRELATION OF SERIES BY SEGMENTS:                                                        21:15  Fri 25 Jan 2019  Page   5
------------------------------------------------------------------------------------------------------------------------------------
 Correlations of  40-year dated segments, lagged  20 years
 Flags:  A = correlation under   .3665 but highest as dated;  B = correlation higher at other than dated position

 Seq Series  Time_span   1780 1800 1820 1840 1860 1880 1900 1920 1940 1960 1980
                         1819 1839 1859 1879 1899 1919 1939 1959 1979 1999 2019
 --- -------- ---------  ---- ---- ---- ---- ---- ---- ---- ---- ---- ---- ---- ---- ---- ---- ---- ---- ---- ---- ---- ----
   1 SS02-1a  1846 2016                  .68  .60  .41B .65  .65  .60  .78  .86
   2 SS02-1a  1837 2016             .70  .56  .53  .64  .68  .66  .57  .69  .78
   3 SS02-1c  1829 2016             .71  .75  .68  .56  .61  .64  .57  .67  .74
   4 SS05-1b  1897 2016                            .66  .67  .76  .52  .53  .57
   5 SS05-1a  1897 2013                            .37  .40  .68  .50  .42  .52
   6 SS05-1d  1923 2016                                      .73  .50  .42  .52
   7 SS05-1c  1926 2016                                      .52  .49  .52  .58
   8 SS06-1a  1769 2016   .47  .50  .50B .55  .55  .33B .31A .62  .48  .44  .64
   9 SS06-1b  1815 2016        .80  .83  .75  .56  .43  .33A .44  .35A .48  .68
  10 SS06-1c  1796 2016   .66  .67  .82  .78  .64  .29A .38  .62  .60  .60  .57
  11 SS06-1d  1804 2016        .75  .81  .46  .38B .39  .47  .69  .54  .53  .73
  12 SS06-1e  1808 2016        .77  .77  .79  .61  .32A .36B .55  .55  .57  .63
  13 SS08-1a  1838 2016             .46  .53  .57  .41  .39  .49  .54  .48  .39
  14 SS08-1b  1850 2016                  .54  .64  .60  .36A .33A .35A .34A .49
  15 SS08-1c  1842 2016                  .46  .54  .28A .24A .50  .47  .29A .34A
  16 SS09-1a  1899 2016                            .51  .50  .60  .59  .55  .63
  17 SS09-1b  1895 2016                            .53  .55  .64  .68  .61  .63
  18 SS09-1c  1894 2016                            .54  .54  .65  .59  .60  .60
  19 SS09-1d  1883 2016                            .12B .29A .46  .62  .61  .30A
  20 SS12-1a  1849 2016                  .50  .52  .40  .49  .56  .49  .32B .38
  21 SS12-1b  1855 2016                  .50  .53  .44  .59  .79  .66  .52  .49
  22 SS12-1c  1850 2016                  .44  .42  .45  .57  .68  .54  .49  .45
  23 SS12-1d  1847 2016                  .57  .43  .40  .54  .69  .63  .49  .54
  24 SS12-1e  1848 2016                  .41  .52  .51  .57  .71  .53  .51  .56
  25 SS01-1a  1868 2015                       .45  .59  .63  .64  .73  .82  .83
  26 SS01-1b  1879 2015                       .60  .59  .72  .66  .62  .76  .61
  27 SS01-1c  1865 2015                       .59  .52  .57  .69  .68  .74  .66
  28 SS10-1a  1918 2015                                 .44  .49  .34A .48  .58
  29 SS10-1b  1928 2015                                      .41  .41  .50  .44
  30 SS10-1c  1914 2015                                 .29B .44B .35B .51  .64
  31 SS04-1a  1903 2012                                 .44  .46  .36A .52  .69
  32 SS04-1b  1913 2015                                 .20B .50  .45  .51  .77
  33 SS04-1c  1903 2015                                 .48  .61  .53  .62  .76
  34 SS04-1d  1896 1982                            .33A .40  .27B .43  .39
  35 SS11-1a  1813 2014        .68  .76  .76  .70  .31A .24B .50  .46  .42  .51
  36 SS11-1b  1815 2014        .77  .75  .73  .71  .51  .56  .73  .40  .44  .70
  37 SS11-1c  1816 2014        .65  .64  .72  .71  .57  .64  .62  .47  .41  .55
  38 SS11-1d  1818 2013        .75  .76  .76  .62  .46  .50  .58  .46  .33A .25A
  39 SS11-1e  1825 2014             .80  .81  .75  .44  .44  .55  .43  .47  .57
  40 SS07-1a  1857 2014                  .54  .55  .66  .42  .43  .51  .67  .77
  41 SS07-1b  1850 2014                  .43B .53  .53  .46  .48  .51  .72  .79
  42 SS07-1c  1855 2014                  .45B .49B .57  .69  .66  .62  .75  .83
  43 SS07-1d  1847 2014                  .48  .60  .54  .58  .72  .41  .47  .72
  44 SS13-1a  1840 2014                  .72  .66  .60  .66  .55  .46  .62  .80
  45 SS13-1b  1840 2014                  .73  .66  .37  .53  .59  .49  .67  .75
  46 SS13-1c  1841 2014                  .64  .51  .40  .48  .48  .45  .61  .66
  47 SS01-2   1873 2014                       .46  .31B .41B .41  .49  .78  .66
  48 SS01-6   1879 1989                       .37  .37  .71  .68  .52  .51
  49 SS01-8   1883 2014                            .27B .52  .59  .49  .58  .52
  50 SS02-4   1899 2012                            .39  .38  .70  .75  .64  .29A
  51 SS02-5   1842 2013                  .47  .61  .45  .51  .59  .42  .43  .41
  52 SS03-6   1893 2012                            .44  .47  .64  .37  .49  .80
  53 SS03-7   1914 2016                                 .38B .58  .60  .61  .67
  54 SS03-8   1916 2015                                 .53  .58  .54  .20B .32A
  55 SS04-16  1906 2011                                 .46  .62  .55  .59  .49
  56 SS04-17  1939 2014                                      .26A .27A .48  .63
  57 SS05-8   1893 2013                            .54  .54  .66  .62  .56  .64
  58 SS07-23  1853 2014                  .81  .81  .56  .53  .65  .42  .40  .45
  59 SS08-7   1879 1992                       .03B .02B .25B .33B .19B .11B
  60 SS08-10  1860 2016                       .39  .48  .36A .48  .44  .30B .44
  61 SS08-11  1843 2014                  .38  .45  .32A .41  .48  .47  .45  .47
  62 SS08-13  1863 2016                       .48  .44  .37B .47  .63  .47  .54
  63 SS09-3   1877 1997                       .27A .31A .39  .57  .51  .29B
  64 SS09-10  1899 2011                            .31B .34A .47  .41  .19B-.01B
  65 SS09-13  1895 2016                            .55  .43  .31B .39  .47  .36A
  66 SS09-14  1916 2016                                 .23A .15B .31A .36A .49
  67 SS09-20  1914 2016                                 .42  .54  .45  .05B .20B
  68 SS10-3   1913 1985                                 .32A .43  .40  .26B
  69 SS10-6   1962 2014                                                .32A .17B
  70 SS10-10  1943 2015                                           .20B .50  .17B
  71 SS10-13  1916 2015                                 .48  .43  .31A .37  .46
  72 SS11-6   1949 2016                                           .64  .61  .64
  73 SS11-7   1930 2014                                      .16B .56  .66  .73
  74 SS13-2   1881 2016                            .20B .00B .07B .34A .40  .47
  75 SS13-3a  1890 2013                            .42  .50  .59  .67  .74  .76
  76 SS13-3b  1875 1976                       .30B .27B .38  .50  .54
  77 SS13-12a 1882 1999                            .13B .61  .69  .57  .64
  78 SS13-12b 1845 1902                  .56  .52  .52
  79 SRA60    1870 2014                       .36A .43  .40  .36A .41  .64  .70
  80 SRA20    1913 2014                                 .19B .41  .76  .69  .62
  81 SRA55    1882 2014                            .30B .49  .64  .64  .68  .72
  82 SRA10    1917 2014                                 .46  .54  .54  .37B .35A
  83 SRA21    1913 2014                                 .45  .49  .64  .68  .74
  84 SRA50    1878 2014                       .53  .55  .72  .68  .38  .35A .36A
  85 SRA28    1917 2014                                 .65  .64  .57  .70  .81
  86 SRA29    1917 2014                                 .36A .41  .16B .39  .56
  87 SRA07    1910 2014                                 .54  .56  .55  .73  .87
  88 SRA46A   1900 2014                                 .39  .64  .64  .72  .73
  89 SRA46B   1900 2013                                 .65  .73  .74  .74  .74
  90 SRA18    1915 2014                                 .54  .51  .53  .65  .76
  91 SRA26A   1915 2014                                 .36A .44  .46  .47  .68
  92 SRA26B   1914 2014                                 .36A .41  .64  .64  .72
  93 SRA45    1910 2014                                 .65  .61  .58  .66  .61
  94 SRA23    1896 2014                            .45  .49  .59  .65  .73  .76
  95 SRA37    1919 2015                                 .17B .23A .36A .30A .32A
  96 SRA16a   1828 2015             .42B .35A .34B .52  .64  .62  .35A .50  .76
  97 SRA22w   1808 1871        .47  .41  .44
  98 SRA03    1913 2015                                 .25B .35A .57  .35B .44
  99 SRA47    1895 2015                            .52  .60  .61  .59  .73  .73
 100 SRA54    1896 2015                            .35A .40  .65  .57  .67  .76
 101 SRA06    1784 2015   .44  .47  .65  .57  .47  .44  .56  .71  .61  .66  .70
 102 SRA05    1912 2015                                 .31B .17B .18B .44  .48
 103 SRA35    1892 2014                            .40  .60  .77  .64  .44  .56
 104 SRA33    1917 2015                                 .37  .43  .52  .71  .79
 105 SRA56a   1836 2015             .54  .52  .45  .66  .58  .46  .57  .67  .75
 106 SRA56b   1836 2015             .69  .66  .54  .47  .45  .48  .66  .62  .30B
 107 SRA36a   1896 2015                            .39  .35A .25B .31A .32A .20A
 108 SRA27a   1949 2015                                           .50  .48  .57
 109 SRA27b   1949 2015                                           .40  .54  .72
 110 SRA44a   1976 2015                                                .47
 111 SRA44b   1976 2015                                                .37A
 112 SRA10a   1930 2015                                      .16B .54  .38  .42
 113 SRA10b   1930 2015                                      .32B .36B .39  .53
 114 SRA11    1935 2014                                      .31A .30A .65  .69
 115 SRA41    1919 2014                                 .46  .46  .48  .33A .46
 116 SRA65    1930 2013                                      .21B .27A .67  .79
 117 SRA13    1828 2015             .40  .40  .44  .57  .74  .77  .61  .60  .64
 118 SRA08    1831 2014             .56  .58  .49  .41  .57  .79  .61  .40B .58
 119 SRA39a   1912 2014                                 .58  .71  .68  .73  .80
 120 SRA39b   1913 2014                                 .42  .64  .69  .80  .68
 121 SRA65    1911 2015                                 .00B .09B .46  .52  .52
 122 SRA61    1909 2015                                 .44  .47  .51  .36A .38
 123 SRA08    1846 2012                  .48  .50  .42  .37A .33B .34A .38  .32A
 124 SRA49b   1914 2015                                 .28B .24B .35A .40  .48
 125 SRA49a   1914 2015                                 .29B .44  .47  .46  .56
 126 SRA41    1915 2013                                 .42  .49  .44  .36A .31A
 127 SRA59b   1904 2015                                 .35A .28A .19B .35B .49
 128 SRA59a   1904 2015                                 .28B .15B .05B .20A .35A
 Av segment correlation   .52  .66  .65  .58  .52  .43  .45  .52  .49  .52  .57
PART 6:  POTENTIAL PROBLEMS:                                                                       21:15  Fri 25 Jan 2019  Page   7
------------------------------------------------------------------------------------------------------------------------------------

 For each series with potential problems the following diagnostics may appear:

 [A] Correlations with master dating series of flagged  40-year segments of series filtered with  32-year spline,
     at every point from ten years earlier (-10) to ten years later (+10) than dated

 [B] Effect of those data values which most lower or raise correlation with master series
     Symbol following year indicates value in series is greater (>) or lesser (<) than master series value

 [C] Year-to-year changes very different from the mean change in other series

 [D] Absent rings (zero values)

 [E] Values which are statistical outliers from mean for the year
====================================================================================================================================

 SS02-1a   1846 to  2016     171 years                                                                                    Series   1

 [A] Segment   High   -10   -9   -8   -7   -6   -5   -4   -3   -2   -1   +0   +1   +2   +3   +4   +5   +6   +7   +8   +9  +10
    ---------  ----   ---  ---  ---  ---  ---  ---  ---  ---  ---  ---  ---  ---  ---  ---  ---  ---  ---  ---  ---  ---  ---
    1880 1919   -1   -.02  .03 -.29 -.01  .07  .11 -.21 -.15  .06  .45* .41| .06 -.38 -.20 -.05  .20  .03 -.13 -.16  .17 -.02

 [B] Entire series, effect on correlation (  .640) is:
       Lower   1898< -.013   1929> -.009   1903> -.009   1915< -.006   1896> -.006   1952> -.006  Higher   1962  .011   1977  .010
     1880 to 1919 segment:
       Lower   1898< -.051   1903> -.039   1915< -.031   1896> -.022   1916> -.019   1886> -.016  Higher   1914  .073   1900  .029

====================================================================================================================================

 SS02-1a   1837 to  2016     180 years                                                                                    Series   2

 [B] Entire series, effect on correlation (  .632) is:
       Lower   1879< -.028   1845> -.010   1924< -.009   1951< -.009   1966> -.008   1952> -.008  Higher   1841  .011   1977  .010

====================================================================================================================================

 SS02-1c   1829 to  2016     188 years                                                                                    Series   3

 [B] Entire series, effect on correlation (  .636) is:
       Lower   1833< -.010   1930< -.009   1969< -.009   1913< -.008   1845> -.008   1889> -.008  Higher   1841  .009   1868  .008

====================================================================================================================================

 SS05-1b   1897 to  2016     120 years                                                                                    Series   4

 [B] Entire series, effect on correlation (  .597) is:
       Lower   1965< -.023   1977> -.018   1926< -.012   2007> -.009   1961> -.008   1966> -.007  Higher   1962  .013   1923  .011

====================================================================================================================================

 SS05-1a   1897 to  2013     117 years                                                                                    Series   5

 [B] Entire series, effect on correlation (  .481) is:
       Lower   1908< -.028   1914< -.020   1977> -.017   1986< -.013   1907> -.011   1902< -.010  Higher   1995  .011   1959  .011

 [E] Outliers     1   3.0 SD above or -4.5 SD below mean for year
       1907 +3.2 SD
====================================================================================================================================

 SS05-1d   1923 to  2016      94 years                                                                                    Series   6

 [B] Entire series, effect on correlation (  .552) is:
       Lower   1972< -.047   1977> -.033   1991> -.013   2001> -.013   2015> -.012   1986< -.009  Higher   1923  .018   1962  .018

====================================================================================================================================

 SS05-1c   1926 to  2016      91 years                                                                                    Series   7

 [B] Entire series, effect on correlation (  .519) is:
       Lower   1952> -.019   1995< -.018   2001> -.017   1949> -.012   1968> -.009   1997< -.007  Higher   1983  .025   1959  .017

 [E] Outliers     1   3.0 SD above or -4.5 SD below mean for year
       2001 +3.0 SD
====================================================================================================================================

 SS06-1a   1769 to  2016     248 years                                                                                    Series   8

 [*] Early part of series cannot be checked from 1769 to 1783 -- not matched by another series

 [A] Segment   High   -10   -9   -8   -7   -6   -5   -4   -3   -2   -1   +0   +1   +2   +3   +4   +5   +6   +7   +8   +9  +10
    ---------  ----   ---  ---  ---  ---  ---  ---  ---  ---  ---  ---  ---  ---  ---  ---  ---  ---  ---  ---  ---  ---  ---
    1820 1859   -1   -.20 -.10 -.21 -.20 -.33 -.34 -.30 -.02  .11  .51* .50| .35  .08 -.12 -.27 -.11  .03  .38  .35 -.11  .02
    - - - - - - - - - - - - - - - - - - - - - - - - - - - - - - - - - - - - - - - - - - - - - - - - - - - - - - - - - - - - -
    1880 1919    1    .00  .03 -.26  .13 -.09  .02  .13 -.12 -.51 -.07  .33| .34* .13 -.07 -.21 -.01  .08  .02 -.18  .15 -.09
    1900 1939    0   -.31  .00 -.10  .22 -.09  .20 -.08  .01 -.13  .03  .31* .18  .06 -.04 -.24 -.04 -.27 -.04 -.13  .09 -.15

 [B] Entire series, effect on correlation (  .493) is:
       Lower   1915< -.019   1790> -.015   1857< -.013   1785< -.012   1971< -.011   1801> -.010  Higher   1841  .024   1795  .010
     1820 to 1859 segment:
       Lower   1857< -.081   1822> -.017   1824> -.016   1837< -.013   1845> -.011   1820> -.011  Higher   1841  .116   1821  .028
     1880 to 1919 segment:
       Lower   1915< -.106   1902< -.049   1888> -.032   1892> -.026   1903> -.022   1882> -.019  Higher   1886  .080   1884  .072
     1900 to 1939 segment:
       Lower   1915< -.129   1902< -.059   1936< -.024   1925< -.023   1932> -.017   1903> -.017  Higher   1923  .068   1900  .058

 [C] Year-to-year changes diverging by over 4.0 std deviations:
       1790 1791  -4.2 SD

 [D]    1 Absent rings:  Year   Master  N series Absent
                         1841   -1.810      23       3

 [E] Outliers     1   3.0 SD above or -4.5 SD below mean for year
       1790 +4.3 SD
====================================================================================================================================

 SS06-1b   1815 to  2016     202 years                                                                                    Series   9

 [A] Segment   High   -10   -9   -8   -7   -6   -5   -4   -3   -2   -1   +0   +1   +2   +3   +4   +5   +6   +7   +8   +9  +10
    ---------  ----   ---  ---  ---  ---  ---  ---  ---  ---  ---  ---  ---  ---  ---  ---  ---  ---  ---  ---  ---  ---  ---
    1900 1939    0   -.17 -.13 -.21  .18 -.06  .10 -.05  .07  .07  .12  .33*-.06  .16 -.09 -.20  .07 -.38  .09  .08 -.01 -.24
    - - - - - - - - - - - - - - - - - - - - - - - - - - - - - - - - - - - - - - - - - - - - - - - - - - - - - - - - - - - - -
    1940 1979    0    .06 -.11 -.01 -.03 -.15 -.08  .03  .03 -.13  .13  .35* .08  .08 -.18  .13 -.01 -.07  .29 -.05 -.02 -.08

 [B] Entire series, effect on correlation (  .563) is:
       Lower   1886< -.015   1969< -.015   1977> -.011   1935< -.010   1924> -.009   1904> -.008  Higher   1864  .022   1841  .011
     1900 to 1939 segment:
       Lower   1935< -.047   1924> -.043   1904> -.037   1903> -.036   1918> -.035   1934> -.025  Higher   1929  .060   1938  .059
     1940 to 1979 segment:
       Lower   1969< -.094   1977> -.054   1979> -.026   1963< -.016   1945< -.014   1944> -.013  Higher   1957  .043   1974  .039

 [E] Outliers     1   3.0 SD above or -4.5 SD below mean for year
       1886 -5.5 SD
====================================================================================================================================

 SS06-1c   1796 to  2016     221 years                                                                                    Series  10

 [A] Segment   High   -10   -9   -8   -7   -6   -5   -4   -3   -2   -1   +0   +1   +2   +3   +4   +5   +6   +7   +8   +9  +10
    ---------  ----   ---  ---  ---  ---  ---  ---  ---  ---  ---  ---  ---  ---  ---  ---  ---  ---  ---  ---  ---  ---  ---
    1880 1919    0   -.04  .14 -.10  .04  .01 -.11 -.02  .08 -.16  .04  .29* .19  .00 -.03 -.28 -.07  .09  .28  .09  .05 -.27

 [B] Entire series, effect on correlation (  .612) is:
       Lower   1812> -.011   1909< -.008   1977> -.008   1908> -.007   1878< -.007   1925< -.007  Higher   1864  .026   1841  .017
     1880 to 1919 segment:
       Lower   1909< -.045   1908> -.037   1892> -.037   1904> -.034   1895< -.033   1918> -.033  Higher   1884  .073   1914  .062

 [D]    1 Absent rings:  Year   Master  N series Absent
                         1841   -1.810      23       3

 [E] Outliers     1   3.0 SD above or -4.5 SD below mean for year
       1978 +3.5 SD
====================================================================================================================================

 SS06-1d   1804 to  2016     213 years                                                                                    Series  11

 [A] Segment   High   -10   -9   -8   -7   -6   -5   -4   -3   -2   -1   +0   +1   +2   +3   +4   +5   +6   +7   +8   +9  +10
    ---------  ----   ---  ---  ---  ---  ---  ---  ---  ---  ---  ---  ---  ---  ---  ---  ---  ---  ---  ---  ---  ---  ---
    1860 1899   -3    .09  .24 -.20 -.20 -.17 -.11  .09  .42* .05  .06  .38|-.25  .09 -.08 -.23 -.10  .29  .13  .01  .04 -.23

 [B] Entire series, effect on correlation (  .576) is:
       Lower   1867< -.020   1864> -.017   1980< -.008   1807> -.006   1971< -.005   1909< -.005  Higher   1841  .018   1865  .011
     1860 to 1899 segment:
       Lower   1864> -.077   1867< -.052   1892> -.020   1873> -.016   1898> -.011   1862< -.011  Higher   1865  .067   1884  .047

 [D]    1 Absent rings:  Year   Master  N series Absent
                         1841   -1.810      23       3

====================================================================================================================================

 SS06-1e   1808 to  2016     209 years                                                                                    Series  12

 [A] Segment   High   -10   -9   -8   -7   -6   -5   -4   -3   -2   -1   +0   +1   +2   +3   +4   +5   +6   +7   +8   +9  +10
    ---------  ----   ---  ---  ---  ---  ---  ---  ---  ---  ---  ---  ---  ---  ---  ---  ---  ---  ---  ---  ---  ---  ---
    1880 1919    0   -.05  .04 -.08 -.09 -.11 -.01  .19 -.15 -.26 -.05  .32* .30  .27 -.14 -.28 -.25  .26  .26 -.04  .00 -.25
    1900 1939   -5   -.17 -.23  .07 -.02 -.15  .37*-.19 -.05 -.06  .01  .36| .08  .25  .02 -.21  .07 -.28  .15 -.04 -.14 -.09

 [B] Entire series, effect on correlation (  .600) is:
       Lower   1890< -.010   1905< -.010   1892> -.007   1979> -.006   1931> -.006   1909< -.005  Higher   1864  .025   1841  .016
     1880 to 1919 segment:
       Lower   1905< -.046   1892> -.036   1903> -.028   1904> -.027   1909< -.025   1915< -.023  Higher   1886  .069   1914  .063
     1900 to 1939 segment:
       Lower   1905< -.048   1909< -.026   1931> -.026   1903> -.026   1904> -.025   1915< -.025  Higher   1929  .084   1932  .075

 [E] Outliers     1   3.0 SD above or -4.5 SD below mean for year
       1978 +3.2 SD
====================================================================================================================================

 SS08-1a   1838 to  2016     179 years                                                                                    Series  13

 [B] Entire series, effect on correlation (  .450) is:
       Lower   2014> -.019   1932> -.019   1987> -.011   1838< -.011   2004> -.009   1845> -.009  Higher   1843  .020   1923  .013

 [E] Outliers     3   3.0 SD above or -4.5 SD below mean for year
       1932 +3.4 SD;    1951 +3.0 SD;    2014 +3.2 SD
====================================================================================================================================

 SS08-1b   1850 to  2016     167 years                                                                                    Series  14

 [A] Segment   High   -10   -9   -8   -7   -6   -5   -4   -3   -2   -1   +0   +1   +2   +3   +4   +5   +6   +7   +8   +9  +10
    ---------  ----   ---  ---  ---  ---  ---  ---  ---  ---  ---  ---  ---  ---  ---  ---  ---  ---  ---  ---  ---  ---  ---
    1900 1939    0   -.25  .02  .05  .16  .11  .03  .00 -.24  .09  .32  .36*-.10 -.17 -.03 -.21 -.06 -.19  .15 -.04 -.13 -.19
    1920 1959    0   -.03 -.16  .05  .00  .03  .17  .11 -.06  .05  .19  .33*-.21 -.13  .00 -.05  .00 -.02  .11 -.22 -.30 -.16
    1940 1979    0   -.04  .01 -.05 -.03 -.03  .24  .16 -.16 -.11  .01  .35*-.11 -.18 -.34  .00  .14  .35  .06 -.10 -.11 -.03
    1960 1999    0   -.11  .18 -.16 -.09 -.06  .17  .12  .16  .02 -.14  .34*-.17 -.28 -.32 -.12  .02  .20  .04  .10  .13  .03

 [B] Entire series, effect on correlation (  .447) is:
       Lower   1937< -.020   1962> -.017   1850< -.015   1977> -.013   1982< -.013   1971< -.013  Higher   1995  .010   1868  .010
     1900 to 1939 segment:
       Lower   1937< -.079   1932> -.046   1927> -.039   1925< -.021   1906> -.017   1922> -.016  Higher   1923  .053   1900  .046
     1920 to 1959 segment:
       Lower   1937< -.076   1932> -.040   1927> -.040   1959> -.029   1956< -.027   1925< -.020  Higher   1923  .051   1944  .030
     1940 to 1979 segment:
       Lower   1962> -.074   1977> -.054   1971< -.047   1959> -.032   1956< -.030   1973< -.011  Higher   1957  .032   1969  .027
     1960 to 1999 segment:
       Lower   1962> -.068   1982< -.054   1971< -.049   1977> -.049   1989> -.032   1973< -.011  Higher   1995  .057   1986  .033

 [E] Outliers     2   3.0 SD above or -4.5 SD below mean for year
       1927 +3.2 SD;    1951 +3.5 SD
====================================================================================================================================

 SS08-1c   1842 to  2016     175 years                                                                                    Series  15

 [A] Segment   High   -10   -9   -8   -7   -6   -5   -4   -3   -2   -1   +0   +1   +2   +3   +4   +5   +6   +7   +8   +9  +10
    ---------  ----   ---  ---  ---  ---  ---  ---  ---  ---  ---  ---  ---  ---  ---  ---  ---  ---  ---  ---  ---  ---  ---
    1880 1919    0    .16  .14  .02 -.30  .07 -.10  .06 -.10 -.20  .15  .28* .22 -.32 -.07 -.10  .11  .00 -.13 -.05  .02  .23
    1900 1939    0    .04  .07 -.04 -.06 -.09 -.07  .22 -.08 -.10  .18  .24* .14 -.18  .14 -.09  .07 -.22 -.28 -.09  .06 -.03
    - - - - - - - - - - - - - - - - - - - - - - - - - - - - - - - - - - - - - - - - - - - - - - - - - - - - - - - - - - - - -
    1960 1999    0   -.21  .20  .09  .06 -.04  .15  .17  .07  .24 -.39  .29*-.13 -.16 -.38 -.17  .09  .05 -.07  .01  .16  .01
    1977 2016    0   -.20  .07  .22  .11 -.02 -.04  .05  .13  .25 -.17  .34*   -    -    -    -    -    -    -    -    -    -

 [B] Entire series, effect on correlation (  .382) is:
       Lower   1907< -.039   1996< -.022   2014> -.011   1995< -.010   1868< -.010   1927> -.010  Higher   1865  .016   1884  .011
     1880 to 1919 segment:
       Lower   1907< -.151   1886> -.034   1910> -.024   1885< -.022   1901< -.021   1918> -.021  Higher   1884  .065   1900  .046
     1900 to 1939 segment:
       Lower   1907< -.154   1927> -.037   1910> -.024   1918> -.020   1901< -.019   1925< -.017  Higher   1900  .047   1914  .035
     1960 to 1999 segment:
       Lower   1996< -.109   1962> -.042   1995< -.040   1977> -.037   1990> -.013   1991> -.013  Higher   1983  .059   1986  .041
     1977 to 2016 segment:
       Lower   1996< -.117   2014> -.044   1995< -.040   1977> -.030   2010< -.020   1990> -.011  Higher   1983  .045   1986  .032

 [C] Year-to-year changes diverging by over 4.0 std deviations:
       1906 1907  -4.0 SD    1907 1908   4.1 SD

 [E] Outliers     4   3.0 SD above or -4.5 SD below mean for year
       1845 -5.5 SD;    1907 -6.8 SD;    1927 +3.1 SD;    1996 -6.3 SD
====================================================================================================================================

 SS09-1a   1899 to  2016     118 years                                                                                    Series  16

 [B] Entire series, effect on correlation (  .550) is:
       Lower   1932< -.017   1973< -.012   2000< -.012   1944> -.010   1965< -.010   1994> -.008  Higher   1977  .014   1983  .014

 [E] Outliers     1   3.0 SD above or -4.5 SD below mean for year
       1932 -6.1 SD
====================================================================================================================================

 SS09-1b   1895 to  2016     122 years                                                                                    Series  17

 [B] Entire series, effect on correlation (  .617) is:
       Lower   1995< -.018   1924> -.015   2007> -.014   1901< -.009   1979> -.008   1898> -.008  Higher   1977  .012   1962  .012

====================================================================================================================================

 SS09-1c   1894 to  2016     123 years                                                                                    Series  18

 [B] Entire series, effect on correlation (  .587) is:
       Lower   1978< -.021   1932< -.015   1944> -.008   2000< -.008   1910> -.008   1902< -.008  Higher   1983  .018   1923  .010

 [E] Outliers     1   3.0 SD above or -4.5 SD below mean for year
       1932 -4.7 SD
====================================================================================================================================

 SS09-1d   1883 to  2016     134 years                                                                                    Series  19

 [A] Segment   High   -10   -9   -8   -7   -6   -5   -4   -3   -2   -1   +0   +1   +2   +3   +4   +5   +6   +7   +8   +9  +10
    ---------  ----   ---  ---  ---  ---  ---  ---  ---  ---  ---  ---  ---  ---  ---  ---  ---  ---  ---  ---  ---  ---  ---
    1883 1922   10   -.10  .10 -.07  .16  .00 -.03  .00  .17 -.03  .06  .12|-.16  .01  .01  .05 -.32 -.04 -.06  .06  .20  .23*
    1900 1939    0   -.07 -.12  .09 -.16 -.23  .09  .01  .22  .15  .17  .29*-.19  .08 -.21 -.06 -.30 -.25 -.03 -.06 -.02  .23
    - - - - - - - - - - - - - - - - - - - - - - - - - - - - - - - - - - - - - - - - - - - - - - - - - - - - - - - - - - - - -
    1977 2016    0    .07 -.07 -.14  .12  .14 -.44  .15  .03  .04  .15  .30*   -    -    -    -    -    -    -    -    -    -

 [B] Entire series, effect on correlation (  .347) is:
       Lower   1895< -.030   2008< -.023   2000< -.023   1900< -.019   2014> -.012   1903> -.012  Higher   1962  .030   1884  .021
     1883 to 1922 segment:
       Lower   1895< -.093   1900< -.060   1903> -.046   1888> -.026   1910> -.024   1921< -.021  Higher   1884  .133   1904  .051
     1900 to 1939 segment:
       Lower   1900< -.075   1903> -.046   1924> -.033   1921< -.030   1934> -.027   1901< -.025  Higher   1932  .074   1904  .040
     1977 to 2016 segment:
       Lower   2008< -.067   2000< -.060   2014> -.032   1978< -.013   1994> -.013   2015> -.012  Higher   1983  .062   2012  .036

====================================================================================================================================

 SS12-1a   1849 to  2016     168 years                                                                                    Series  20

 [A] Segment   High   -10   -9   -8   -7   -6   -5   -4   -3   -2   -1   +0   +1   +2   +3   +4   +5   +6   +7   +8   +9  +10
    ---------  ----   ---  ---  ---  ---  ---  ---  ---  ---  ---  ---  ---  ---  ---  ---  ---  ---  ---  ---  ---  ---  ---
    1960 1999    4   -.02 -.03  .22 -.02  .01 -.16  .08 -.41 -.13 -.14  .32|-.10 -.09  .05  .37*-.06  .10 -.01  .07 -.02  .24

 [B] Entire series, effect on correlation (  .460) is:
       Lower   1983< -.026   1957< -.016   1886> -.011   1870< -.010   2011< -.008   2004> -.008  Higher   1864  .013   1868  .010
     1960 to 1999 segment:
       Lower   1983< -.118   1963< -.027   1981< -.018   1999< -.017   1998< -.016   1972> -.014  Higher   1995  .043   1987  .037

 [E] Outliers     1   3.0 SD above or -4.5 SD below mean for year
       1903 -4.9 SD
====================================================================================================================================

 SS12-1b   1855 to  2016     162 years                                                                                    Series  21

 [B] Entire series, effect on correlation (  .545) is:
       Lower   1858> -.015   1916< -.013   1886> -.013   1999< -.012   2004> -.012   1865> -.009  Higher   1864  .034   1868  .010

 [E] Outliers     1   3.0 SD above or -4.5 SD below mean for year
       1858 +3.4 SD
====================================================================================================================================

 SS12-1c   1850 to  2016     167 years                                                                                    Series  22

 [B] Entire series, effect on correlation (  .464) is:
       Lower   1999< -.020   2012< -.015   1865> -.015   1860< -.012   2004> -.009   1870< -.008  Higher   1983  .015   1884  .014

====================================================================================================================================

 SS12-1d   1847 to  2016     170 years                                                                                    Series  23

 [B] Entire series, effect on correlation (  .514) is:
       Lower   1890< -.021   1865> -.010   1974< -.008   1989> -.007   2007> -.007   1910> -.007  Higher   1864  .014   1868  .012

====================================================================================================================================

 SS12-1e   1848 to  2016     169 years                                                                                    Series  24

 [B] Entire series, effect on correlation (  .505) is:
       Lower   1904> -.014   1850< -.014   1858> -.014   1865> -.012   2011< -.012   1903< -.010  Higher   1868  .010   1923  .010

 [C] Year-to-year changes diverging by over 4.0 std deviations:
       1903 1904   4.8 SD

 [D]    1 Absent rings:  Year   Master  N series Absent
                         1903    -.552      76       1

 [E] Outliers     1   3.0 SD above or -4.5 SD below mean for year
       1903 -5.9 SD
====================================================================================================================================

 SS01-1a   1868 to  2015     148 years                                                                                    Series  25

 [B] Entire series, effect on correlation (  .637) is:
       Lower   1885< -.025   1868< -.016   1903> -.013   1875< -.012   1952> -.011   1897< -.010  Higher   1884  .016   1962  .014

====================================================================================================================================

 SS01-1b   1879 to  2015     137 years                                                                                    Series  26

 [B] Entire series, effect on correlation (  .609) is:
       Lower   2012< -.031   1897< -.028   1959> -.014   2013> -.013   1890> -.011   2000< -.009  Higher   1962  .014   1995  .010

 [E] Outliers     1   3.0 SD above or -4.5 SD below mean for year
       1897 -5.3 SD
====================================================================================================================================

 SS01-1c   1865 to  2015     151 years                                                                                    Series  27

 [B] Entire series, effect on correlation (  .626) is:
       Lower   1897< -.023   2012< -.018   1952> -.013   1890> -.009   1900< -.008   1951< -.008  Higher   1958  .014   1962  .013

 [E] Outliers     1   3.0 SD above or -4.5 SD below mean for year
       1897 -5.8 SD
====================================================================================================================================

 SS10-1a   1918 to  2015      98 years                                                                                    Series  28

 [A] Segment   High   -10   -9   -8   -7   -6   -5   -4   -3   -2   -1   +0   +1   +2   +3   +4   +5   +6   +7   +8   +9  +10
    ---------  ----   ---  ---  ---  ---  ---  ---  ---  ---  ---  ---  ---  ---  ---  ---  ---  ---  ---  ---  ---  ---  ---
    1940 1979    0    .11 -.04 -.16 -.04 -.11 -.01 -.07 -.42 -.22  .13  .34* .03 -.13 -.13  .18  .12  .04  .05  .16 -.17 -.10

 [B] Entire series, effect on correlation (  .452) is:
       Lower   2004> -.019   1932> -.019   1962> -.017   1918> -.012   1960< -.011   2012< -.010  Higher   1929  .018   1924  .018
     1940 to 1979 segment:
       Lower   1962> -.044   1948> -.022   1959> -.020   1964> -.016   1960< -.014   1943< -.012  Higher   1958  .059   1944  .051

====================================================================================================================================

 SS10-1b   1928 to  2015      88 years                                                                                    Series  29

 [B] Entire series, effect on correlation (  .395) is:
       Lower   2010< -.023   2014> -.016   2007> -.014   1940< -.013   1962> -.013   2001> -.011  Higher   1965  .017   1983  .016

 [E] Outliers     1   3.0 SD above or -4.5 SD below mean for year
       1944 -4.8 SD
====================================================================================================================================

 SS10-1c   1914 to  2015     102 years                                                                                    Series  30

 [A] Segment   High   -10   -9   -8   -7   -6   -5   -4   -3   -2   -1   +0   +1   +2   +3   +4   +5   +6   +7   +8   +9  +10
    ---------  ----   ---  ---  ---  ---  ---  ---  ---  ---  ---  ---  ---  ---  ---  ---  ---  ---  ---  ---  ---  ---  ---
    1914 1953    5    .24 -.03  .00 -.08 -.23 -.05 -.17 -.20 -.22 -.11  .29|-.06  .02  .03  .34  .46* .03 -.10  .08 -.26  .10
    1920 1959    5    .18  .01 -.07 -.04 -.30  .07 -.26 -.29 -.17 -.11  .44|-.04  .06 -.04  .19  .50*-.05  .06 -.02 -.14 -.02
    1940 1979    5    .28  .08 -.21  .04 -.11  .02 -.20 -.43  .07 -.20  .35|-.09 -.05 -.10  .06  .42*-.06  .15  .00 -.14 -.11

 [B] Entire series, effect on correlation (  .409) is:
       Lower   1914< -.049   2007> -.019   1932> -.016   1948> -.014   1957< -.013   1934> -.013  Higher   1983  .018   1987  .017
     1914 to 1953 segment:
       Lower   1914< -.122   1932> -.040   1948> -.035   1934> -.032   1918> -.017   1931> -.014  Higher   1944  .077   1929  .049
     1920 to 1959 segment:
       Lower   1932> -.043   1948> -.038   1934> -.035   1957< -.033   1931> -.016   1949> -.013  Higher   1929  .040   1958  .034
     1940 to 1979 segment:
       Lower   1948> -.037   1962> -.035   1967> -.031   1957< -.029   1974< -.019   1973< -.015  Higher   1944  .049   1958  .045

====================================================================================================================================

 SS04-1a   1903 to  2012     110 years                                                                                    Series  31

 [A] Segment   High   -10   -9   -8   -7   -6   -5   -4   -3   -2   -1   +0   +1   +2   +3   +4   +5   +6   +7   +8   +9  +10
    ---------  ----   ---  ---  ---  ---  ---  ---  ---  ---  ---  ---  ---  ---  ---  ---  ---  ---  ---  ---  ---  ---  ---
    1940 1979    0   -.24  .14 -.33  .00 -.10  .08  .10 -.17  .09 -.10  .36* .26  .13 -.02  .08 -.12 -.39 -.25  .14 -.01 -.16

 [B] Entire series, effect on correlation (  .480) is:
       Lower   1903> -.025   1951< -.022   1962> -.021   1920< -.017   1910> -.013   1946< -.013  Higher   1995  .022   1983  .018
     1940 to 1979 segment:
       Lower   1951< -.060   1962> -.057   1946< -.035   1979> -.019   1952> -.017   1969< -.017  Higher   1977  .056   1956  .044

====================================================================================================================================

 SS04-1b   1913 to  2015     103 years                                                                                    Series  32

 [A] Segment   High   -10   -9   -8   -7   -6   -5   -4   -3   -2   -1   +0   +1   +2   +3   +4   +5   +6   +7   +8   +9  +10
    ---------  ----   ---  ---  ---  ---  ---  ---  ---  ---  ---  ---  ---  ---  ---  ---  ---  ---  ---  ---  ---  ---  ---
    1913 1952    2   -.20 -.16 -.09 -.14 -.21 -.06  .04 -.11 -.03 -.01  .20| .28  .30* .12  .17 -.16 -.05  .04 -.43  .22 -.14

 [B] Entire series, effect on correlation (  .442) is:
       Lower   1915< -.075   1962> -.033   1923< -.018   1924> -.017   1968< -.013   1917> -.013  Higher   1995  .020   1983  .020
     1913 to 1952 segment:
       Lower   1915< -.183   1923< -.039   1924> -.038   1917> -.028   1944> -.023   1941< -.021  Higher   1914  .050   1921  .036

====================================================================================================================================

 SS04-1c   1903 to  2015     113 years                                                                                    Series  33

 [B] Entire series, effect on correlation (  .562) is:
       Lower   1904< -.039   1903> -.022   1952> -.013   1962> -.011   1946< -.011   1917> -.010  Higher   1995  .016   1924  .016

====================================================================================================================================

 SS04-1d   1896 to  1982      87 years                                                                                    Series  34

 [A] Segment   High   -10   -9   -8   -7   -6   -5   -4   -3   -2   -1   +0   +1   +2   +3   +4   +5   +6   +7   +8   +9  +10
    ---------  ----   ---  ---  ---  ---  ---  ---  ---  ---  ---  ---  ---  ---  ---  ---  ---  ---  ---  ---  ---  ---  ---
    1896 1935    0   -.18 -.05  .09  .06 -.08 -.24 -.26 -.21  .03  .13  .33*-.14  .12  .15  .31 -.02  .13  .08 -.09 -.04 -.36
    - - - - - - - - - - - - - - - - - - - - - - - - - - - - - - - - - - - - - - - - - - - - - - - - - - - - - - - - - - - - -
    1920 1959    5    .16 -.11 -.26 -.28  .08 -.18 -.12 -.22  .10 -.05  .27| .19  .14 -.02 -.14  .31* .01  .09  .08 -.05 -.23

 [B] Entire series, effect on correlation (  .368) is:
       Lower   1954< -.064   1897> -.021   1952> -.017   1946< -.014   1982< -.014   1949> -.010  Higher   1977  .040   1914  .022
     1896 to 1935 segment:
       Lower   1897> -.042   1921< -.022   1925< -.021   1915< -.017   1917> -.015   1932> -.013  Higher   1914  .053   1923  .039
     1920 to 1959 segment:
       Lower   1954< -.156   1952> -.037   1946< -.027   1949> -.022   1925< -.017   1921< -.016  Higher   1958  .055   1923  .046

 [E] Outliers     2   3.0 SD above or -4.5 SD below mean for year
       1904 -4.8 SD;    1954 -4.7 SD
====================================================================================================================================

 SS11-1a   1813 to  2014     202 years                                                                                    Series  35

 [A] Segment   High   -10   -9   -8   -7   -6   -5   -4   -3   -2   -1   +0   +1   +2   +3   +4   +5   +6   +7   +8   +9  +10
    ---------  ----   ---  ---  ---  ---  ---  ---  ---  ---  ---  ---  ---  ---  ---  ---  ---  ---  ---  ---  ---  ---  ---
    1880 1919    0    .02  .16 -.01  .03  .02 -.48 -.35  .00  .27  .26  .31* .08 -.07 -.09 -.05  .06  .16 -.06 -.21 -.14 -.08
    1900 1939   -9   -.09  .29* .04 -.12 -.23 -.29 -.24 -.05  .28  .26  .24| .05  .04 -.05 -.01  .11  .15 -.01 -.33 -.29 -.07

 [B] Entire series, effect on correlation (  .520) is:
       Lower   1905< -.051   1813< -.015   1980< -.012   1973< -.010   1956< -.007   2002> -.007  Higher   1864  .025   1923  .009
     1880 to 1919 segment:
       Lower   1905< -.232   1903> -.030   1897> -.023   1908> -.020   1904> -.015   1891> -.013  Higher   1884  .065   1914  .043
     1900 to 1939 segment:
       Lower   1905< -.209   1903> -.026   1932> -.022   1908> -.019   1931> -.014   1904> -.012  Higher   1923  .079   1914  .045

 [C] Year-to-year changes diverging by over 4.0 std deviations:
       1904 1905  -4.4 SD

 [E] Outliers     1   3.0 SD above or -4.5 SD below mean for year
       1905 -4.8 SD
====================================================================================================================================

 SS11-1b   1815 to  2014     200 years                                                                                    Series  36

 [B] Entire series, effect on correlation (  .618) is:
       Lower   1970< -.035   1998< -.014   1904> -.010   1961> -.009   1969< -.008   1841> -.006  Higher   1864  .021   1865  .010

 [E] Outliers     1   3.0 SD above or -4.5 SD below mean for year
       1970 -4.9 SD
====================================================================================================================================

 SS11-1c   1816 to  2014     199 years                                                                                    Series  37

 [B] Entire series, effect on correlation (  .583) is:
       Lower   1948< -.012   1821> -.012   1885< -.010   1903> -.008   1962> -.007   1966> -.007  Higher   1864  .024   1958  .009

====================================================================================================================================

 SS11-1d   1818 to  2013     196 years                                                                                    Series  38

 [A] Segment   High   -10   -9   -8   -7   -6   -5   -4   -3   -2   -1   +0   +1   +2   +3   +4   +5   +6   +7   +8   +9  +10
    ---------  ----   ---  ---  ---  ---  ---  ---  ---  ---  ---  ---  ---  ---  ---  ---  ---  ---  ---  ---  ---  ---  ---
    1960 1999    0    .00  .18  .15  .08  .08 -.07  .14  .07 -.17 -.14  .33*-.21 -.01 -.09 -.04 -.06 -.26  .20 -.08  .10  .25
    1974 2013    0    .17  .05  .15 -.05 -.02  .00  .00  .11 -.36 -.14  .25*-.12  .12  .08    -    -    -    -    -    -    -

 [B] Entire series, effect on correlation (  .486) is:
       Lower   2012< -.056   1970< -.024   1889< -.011   1962> -.010   1903> -.009   1924> -.007  Higher   1864  .039   1977  .016
     1960 to 1999 segment:
       Lower   1970< -.087   1962> -.048   1989> -.028   1979> -.020   1990> -.016   1961> -.015  Higher   1977  .117   1986  .028
     1974 to 2013 segment:
       Lower   2012< -.218   1989> -.025   1979> -.018   2007> -.018   1990> -.015   1987> -.009  Higher   1977  .132   1995  .028

 [E] Outliers     2   3.0 SD above or -4.5 SD below mean for year
       1970 -4.6 SD;    2012 -5.2 SD
====================================================================================================================================

 SS11-1e   1825 to  2014     190 years                                                                                    Series  39

 [B] Entire series, effect on correlation (  .582) is:
       Lower   1933< -.022   1904> -.010   1959> -.008   1973< -.008   1910> -.007   1932> -.007  Higher   1864  .032   1843  .009

====================================================================================================================================

 SS07-1a   1857 to  2014     158 years                                                                                    Series  40

 [B] Entire series, effect on correlation (  .551) is:
       Lower   1927< -.038   1864> -.034   1956< -.017   1903> -.008   1932> -.008   1866< -.008  Higher   1865  .014   1884  .012

 [E] Outliers     1   3.0 SD above or -4.5 SD below mean for year
       1927 -4.7 SD
====================================================================================================================================

 SS07-1b   1850 to  2014     165 years                                                                                    Series  41

 [A] Segment   High   -10   -9   -8   -7   -6   -5   -4   -3   -2   -1   +0   +1   +2   +3   +4   +5   +6   +7   +8   +9  +10
    ---------  ----   ---  ---  ---  ---  ---  ---  ---  ---  ---  ---  ---  ---  ---  ---  ---  ---  ---  ---  ---  ---  ---
    1850 1889   -1    .21  .19  .09  .08 -.24 -.32 -.15  .06  .15  .46* .43|-.10 -.06 -.31 -.06  .23  .20 -.01 -.01 -.28 -.20

 [B] Entire series, effect on correlation (  .532) is:
       Lower   1910< -.033   1864> -.024   1927< -.016   1949> -.012   1957< -.012   1859< -.010  Higher   1865  .017   1983  .012
     1850 to 1889 segment:
       Lower   1864> -.082   1859< -.038   1860< -.031   1866< -.029   1876> -.016   1882> -.014  Higher   1865  .097   1886  .043

 [E] Outliers     1   3.0 SD above or -4.5 SD below mean for year
       1910 -6.1 SD
====================================================================================================================================

 SS07-1c   1855 to  2014     160 years                                                                                    Series  42

 [A] Segment   High   -10   -9   -8   -7   -6   -5   -4   -3   -2   -1   +0   +1   +2   +3   +4   +5   +6   +7   +8   +9  +10
    ---------  ----   ---  ---  ---  ---  ---  ---  ---  ---  ---  ---  ---  ---  ---  ---  ---  ---  ---  ---  ---  ---  ---
    1855 1894   -1    .19  .21 -.01  .14 -.14 -.29 -.20 -.13  .09  .57* .45| .03 -.18 -.42 -.21  .15  .32  .20 -.05 -.04 -.29
    1860 1899   -1    .20  .23 -.02  .15 -.10 -.17 -.19 -.17 -.01  .57* .49| .09 -.10 -.42 -.23  .09  .18  .16 -.04  .01 -.15

 [B] Entire series, effect on correlation (  .624) is:
       Lower   1864> -.043   1881< -.014   1866< -.013   1956< -.009   1876> -.009   1882> -.007  Higher   1865  .016   1977  .013
     1855 to 1894 segment:
       Lower   1864> -.140   1881< -.041   1866< -.037   1876> -.026   1882> -.022   1888> -.010  Higher   1865  .113   1868  .042
     1860 to 1899 segment:
       Lower   1864> -.137   1881< -.046   1866< -.042   1876> -.025   1882> -.020   1888> -.009  Higher   1865  .100   1868  .038

 [E] Outliers     1   3.0 SD above or -4.5 SD below mean for year
       1864 +3.3 SD
====================================================================================================================================

 SS07-1d   1847 to  2014     168 years                                                                                    Series  43

 [B] Entire series, effect on correlation (  .544) is:
       Lower   1864> -.040   1967< -.035   1848< -.014   1972> -.009   1901< -.008   1989> -.008  Higher   1865  .021   1983  .013

 [E] Outliers     1   3.0 SD above or -4.5 SD below mean for year
       1864 +3.5 SD
====================================================================================================================================

 SS13-1a   1840 to  2014     175 years                                                                                    Series  44

 [B] Entire series, effect on correlation (  .635) is:
       Lower   1953< -.011   1881< -.011   1962> -.010   1974< -.010   1961> -.010   1862< -.009  Higher   1864  .032   1843  .008

 [D]    1 Absent rings:  Year   Master  N series Absent
                         1945     .097     120       3  >> WARNING:  Ring is not usually narrow

====================================================================================================================================

 SS13-1b   1840 to  2014     175 years                                                                                    Series  45

 [B] Entire series, effect on correlation (  .582) is:
       Lower   1979< -.019   1948> -.013   1886> -.012   1842> -.012   1904> -.011   1945< -.008  Higher   1864  .034   1958  .009

 [D]    2 Absent rings:  Year   Master  N series Absent
                         1945     .097     120       3  >> WARNING:  Ring is not usually narrow
                         1979    -.506     125       1

 [E] Outliers     1   3.0 SD above or -4.5 SD below mean for year
       1979 -5.9 SD
====================================================================================================================================

 SS13-1c   1841 to  2014     174 years                                                                                    Series  46

 [B] Entire series, effect on correlation (  .536) is:
       Lower   1979< -.030   1962> -.016   1953< -.016   1842> -.012   1886> -.009   1899< -.009  Higher   1983  .011   1995  .010

 [D]    2 Absent rings:  Year   Master  N series Absent
                         1944    -.818     120       1
                         1945     .097     120       3  >> WARNING:  Ring is not usually narrow

 [E] Outliers     1   3.0 SD above or -4.5 SD below mean for year
       1979 -6.2 SD
====================================================================================================================================

 SS01-2    1873 to  2014     142 years                                                                                    Series  47

 [A] Segment   High   -10   -9   -8   -7   -6   -5   -4   -3   -2   -1   +0   +1   +2   +3   +4   +5   +6   +7   +8   +9  +10
    ---------  ----   ---  ---  ---  ---  ---  ---  ---  ---  ---  ---  ---  ---  ---  ---  ---  ---  ---  ---  ---  ---  ---
    1880 1919   -6    .18  .07  .00  .16  .34* .27 -.26 -.20 -.01  .10  .31|-.10 -.24 -.47  .06 -.07  .27  .02 -.13  .08 -.05
    1900 1939    2    .14 -.28 -.03  .01  .05  .03 -.04 -.15  .16  .05  .41|-.17  .43*-.11  .13 -.15 -.04 -.12 -.11 -.11 -.13

 [B] Entire series, effect on correlation (  .522) is:
       Lower   1956< -.024   1890> -.014   1903> -.013   1952> -.012   1914< -.012   1944> -.010  Higher   1962  .015   1932  .012
     1880 to 1919 segment:
       Lower   1890> -.042   1914< -.041   1903> -.040   1913< -.028   1884< -.020   1886> -.016  Higher   1897  .068   1892  .022
     1900 to 1939 segment:
       Lower   1903> -.052   1914< -.051   1926< -.044   1913< -.041   1938< -.030   1906> -.018  Higher   1932  .075   1923  .059

====================================================================================================================================

 SS01-6    1879 to  1989     111 years                                                                                    Series  48

 [B] Entire series, effect on correlation (  .511) is:
       Lower   1885< -.089   1975< -.028   1959> -.015   1903> -.011   1917> -.010   1944> -.007  Higher   1923  .019   1962  .018

====================================================================================================================================

 SS01-8    1883 to  2014     132 years                                                                                    Series  49

 [A] Segment   High   -10   -9   -8   -7   -6   -5   -4   -3   -2   -1   +0   +1   +2   +3   +4   +5   +6   +7   +8   +9  +10
    ---------  ----   ---  ---  ---  ---  ---  ---  ---  ---  ---  ---  ---  ---  ---  ---  ---  ---  ---  ---  ---  ---  ---
    1883 1922   -7   -.07  .28  .20  .39* .00 -.09 -.28 -.08 -.22  .22  .27|-.12 -.24 -.24 -.18  .15  .20  .13  .12  .10 -.16

 [B] Entire series, effect on correlation (  .495) is:
       Lower   1900< -.022   1883< -.018   1892> -.014   1890> -.012   1944> -.011   1983< -.011  Higher   1924  .018   1923  .017
     1883 to 1922 segment:
       Lower   1900< -.071   1883< -.053   1892> -.044   1890> -.036   1918> -.033   1903> -.020  Higher   1897  .072   1914  .053

 [D]    1 Absent rings:  Year   Master  N series Absent
                         1929   -1.436     113       5

====================================================================================================================================

 SS02-4    1899 to  2012     114 years                                                                                    Series  50

 [A] Segment   High   -10   -9   -8   -7   -6   -5   -4   -3   -2   -1   +0   +1   +2   +3   +4   +5   +6   +7   +8   +9  +10
    ---------  ----   ---  ---  ---  ---  ---  ---  ---  ---  ---  ---  ---  ---  ---  ---  ---  ---  ---  ---  ---  ---  ---
    1973 2012    0    .07  .28 -.18 -.20  .00 -.28  .01 -.05 -.17 -.24  .29* .13  .29 -.04  .20    -    -    -    -    -    -

 [B] Entire series, effect on correlation (  .440) is:
       Lower   1902< -.065   2012< -.033   2000< -.023   2001> -.015   1903> -.015   2011< -.011  Higher   1958  .024   1995  .018
     1973 to 2012 segment:
       Lower   2012< -.097   2000< -.069   2001> -.039   1986< -.031   2011< -.030   2009> -.022  Higher   1995  .075   1977  .062

 [C] Year-to-year changes diverging by over 4.0 std deviations:
       1902 1903   4.6 SD

 [E] Outliers     1   3.0 SD above or -4.5 SD below mean for year
       1902 -5.4 SD
====================================================================================================================================

 SS02-5    1842 to  2013     172 years                                                                                    Series  51

 [B] Entire series, effect on correlation (  .485) is:
       Lower   1855< -.014   1959> -.011   1984< -.009   1907< -.009   1844> -.008   1903> -.008  Higher   1977  .021   1843  .021

 [D]    1 Absent rings:  Year   Master  N series Absent
                         1977   -1.585     125       3

====================================================================================================================================

 SS03-6    1893 to  2012     120 years                                                                                    Series  52

 [B] Entire series, effect on correlation (  .548) is:
       Lower   1969< -.046   1902< -.018   1982< -.009   1898> -.008   1916> -.008   1965< -.007  Higher   1923  .012   1995  .010

 [D]    1 Absent rings:  Year   Master  N series Absent
                         1962   -1.969     124       5

 [E] Outliers     2   3.0 SD above or -4.5 SD below mean for year
       1962 -6.2 SD;    1969 -4.8 SD
====================================================================================================================================

 SS03-7    1914 to  2016     103 years                                                                                    Series  53

 [A] Segment   High   -10   -9   -8   -7   -6   -5   -4   -3   -2   -1   +0   +1   +2   +3   +4   +5   +6   +7   +8   +9  +10
    ---------  ----   ---  ---  ---  ---  ---  ---  ---  ---  ---  ---  ---  ---  ---  ---  ---  ---  ---  ---  ---  ---  ---
    1914 1953   -2   -.07 -.25  .00 -.07 -.06  .00  .02 -.23  .41*-.34  .38| .06  .05  .28  .04  .17  .19 -.21  .05 -.17 -.03

 [B] Entire series, effect on correlation (  .558) is:
       Lower   1926< -.039   1917> -.019   2014> -.013   1915< -.012   1979> -.011   1948> -.009  Higher   1977  .019   1924  .016
     1914 to 1953 segment:
       Lower   1926< -.092   1917> -.043   1915< -.027   1948> -.024   1952> -.022   1936< -.018  Higher   1924  .110   1923  .049

 [D]    2 Absent rings:  Year   Master  N series Absent
                         1961    -.848     123       1
                         1962   -1.969     124       5

====================================================================================================================================

 SS03-8    1916 to  2015     100 years                                                                                    Series  54

 [A] Segment   High   -10   -9   -8   -7   -6   -5   -4   -3   -2   -1   +0   +1   +2   +3   +4   +5   +6   +7   +8   +9  +10
    ---------  ----   ---  ---  ---  ---  ---  ---  ---  ---  ---  ---  ---  ---  ---  ---  ---  ---  ---  ---  ---  ---  ---
    1960 1999   -2   -.17  .04  .08  .00  .15 -.08  .04 -.30  .43*-.01  .20| .10  .02 -.05 -.24 -.03 -.13 -.13 -.05  .23 -.11
    1976 2015    0   -.04 -.15  .06 -.04  .14 -.13  .05 -.12  .23 -.05  .32* .14    -    -    -    -    -    -    -    -    -

 [B] Entire series, effect on correlation (  .413) is:
       Lower   1995< -.173   1994> -.012   1949> -.010   1937< -.009   1968< -.008   1952> -.007  Higher   1977  .017   1932  .015
     1960 to 1999 segment:
       Lower   1995< -.353   1994> -.024   1969< -.010   1971> -.008   1998> -.008   1991> -.004  Higher   1983  .055   1977  .051
     1976 to 2015 segment:
       Lower   1995< -.366   1994> -.024   2005< -.010   1998> -.010   2002> -.009   2014> -.008  Higher   1983  .041   1977  .039

 [C] Year-to-year changes diverging by over 4.0 std deviations:
       1994 1995  -5.5 SD

 [E] Outliers     1   3.0 SD above or -4.5 SD below mean for year
       1995 -4.8 SD
====================================================================================================================================

 SS04-16   1906 to  2011     106 years                                                                                    Series  55

 [B] Entire series, effect on correlation (  .537) is:
       Lower   1908< -.053   2007> -.019   1944> -.010   1948> -.010   2008> -.009   1971> -.008  Higher   1962  .028   1923  .024

 [D]    2 Absent rings:  Year   Master  N series Absent
                         1977   -1.585     125       3
                         1991   -1.551     122       5

 [E] Outliers     1   3.0 SD above or -4.5 SD below mean for year
       1962 -5.8 SD
====================================================================================================================================

 SS04-17   1939 to  2014      76 years                                                                                    Series  56

 [A] Segment   High   -10   -9   -8   -7   -6   -5   -4   -3   -2   -1   +0   +1   +2   +3   +4   +5   +6   +7   +8   +9  +10
    ---------  ----   ---  ---  ---  ---  ---  ---  ---  ---  ---  ---  ---  ---  ---  ---  ---  ---  ---  ---  ---  ---  ---
    1939 1978    0   -.01 -.03 -.13  .25  .20 -.02  .10 -.12  .10 -.09  .26*-.06 -.04 -.05 -.15  .02 -.05 -.08  .23  .08 -.01
    1940 1979    0   -.07 -.04 -.14  .22  .18 -.08  .11 -.09  .15 -.07  .27*-.05 -.01 -.06 -.18 -.02 -.02 -.08  .26  .05 -.01

 [B] Entire series, effect on correlation (  .454) is:
       Lower   1952> -.033   1965< -.030   1946< -.029   1969< -.018   2012< -.014   2013> -.012  Higher   2014  .029   1987  .026
     1939 to 1978 segment:
       Lower   1952> -.062   1965< -.062   1946< -.060   1969< -.039   1954< -.018   1940< -.012  Higher   1959  .071   1958  .066
     1940 to 1979 segment:
       Lower   1965< -.063   1946< -.062   1952> -.062   1969< -.040   1954< -.019   1940< -.013  Higher   1959  .069   1958  .065

 [E] Outliers     1   3.0 SD above or -4.5 SD below mean for year
       1945 +3.4 SD
====================================================================================================================================

 SS05-8    1893 to  2013     121 years                                                                                    Series  57

 [B] Entire series, effect on correlation (  .613) is:
       Lower   1979< -.018   1924> -.017   1987> -.010   1967> -.009   1961< -.008   1966> -.007  Higher   1962  .017   1995  .016

 [E] Outliers     1   3.0 SD above or -4.5 SD below mean for year
       1979 -5.1 SD
====================================================================================================================================

 SS07-23   1853 to  2014     162 years                                                                                    Series  58

 [B] Entire series, effect on correlation (  .570) is:
       Lower   1962> -.016   2005< -.011   1964< -.011   2007> -.011   1915< -.011   1974< -.008  Higher   1864  .036   1983  .013

 [E] Outliers     1   3.0 SD above or -4.5 SD below mean for year
       1932 -4.6 SD
====================================================================================================================================

 SS08-7    1879 to  1992     114 years                                                                                    Series  59

 [A] Segment   High   -10   -9   -8   -7   -6   -5   -4   -3   -2   -1   +0   +1   +2   +3   +4   +5   +6   +7   +8   +9  +10
    ---------  ----   ---  ---  ---  ---  ---  ---  ---  ---  ---  ---  ---  ---  ---  ---  ---  ---  ---  ---  ---  ---  ---
    1879 1918   -4    .18 -.13 -.07 -.03  .08  .16  .19*-.06 -.26 -.09  .03| .01  .05 -.11  .09  .03  .15 -.22  .12  .13  .07
    1880 1919   -4    .16 -.12 -.07 -.03  .08  .15  .17*-.04 -.25 -.09  .02| .01  .03 -.09  .05  .02  .12 -.22  .12  .15  .09
    1900 1939    2    .05 -.02 -.09 -.14 -.04 -.22  .07 -.22 -.25 -.34  .25| .10  .38* .03  .21  .24  .31 -.03  .20  .00 -.08
    1920 1959    5   -.10 -.12 -.18 -.11  .01 -.32  .03 -.29  .00 -.14  .33| .00  .17 -.02  .11  .46* .17  .10 -.19 -.04 -.12
    1940 1979  -10    .26*-.02 -.24  .10 -.21 -.08 -.18  .09  .17  .02  .19|-.18  .04 -.18  .09  .16 -.06 -.09 -.03 -.08  .02
    1953 1992   -7    .18  .10 -.17  .33*-.21 -.07 -.13  .14  .07 -.05  .11|-.33  .02 -.07 -.07  .25 -.22  .17  .17 -.18  .18

 [B] Entire series, effect on correlation (  .151) is:
       Lower   1969< -.036   1902< -.027   1986< -.016   1987> -.015   1943< -.014   1990> -.012  Higher   1924  .037   1977  .028
     1879 to 1918 segment:
       Lower   1902< -.087   1883< -.030   1886> -.027   1894< -.026   1888> -.020   1908> -.019  Higher   1885  .044   1914  .037
     1880 to 1919 segment:
       Lower   1902< -.085   1883< -.030   1886> -.028   1894< -.026   1888> -.020   1908> -.019  Higher   1885  .045   1914  .039
     1900 to 1939 segment:
       Lower   1902< -.103   1908> -.023   1926< -.023   1918> -.021   1903> -.018   1934> -.017  Higher   1924  .103   1921  .039
     1920 to 1959 segment:
       Lower   1943< -.056   1957< -.021   1934> -.021   1932> -.020   1926< -.019   1929> -.018  Higher   1924  .087   1921  .033
     1940 to 1979 segment:
       Lower   1969< -.116   1943< -.048   1967> -.028   1968> -.028   1957< -.022   1966> -.019  Higher   1977  .079   1962  .071
     1953 to 1992 segment:
       Lower   1969< -.093   1987> -.041   1986< -.039   1990> -.033   1967> -.025   1968> -.024  Higher   1977  .081   1962  .073

 [C] Year-to-year changes diverging by over 4.0 std deviations:
       1902 1903   4.1 SD

 [E] Outliers     2   3.0 SD above or -4.5 SD below mean for year
       1902 -5.3 SD;    1990 +3.1 SD
====================================================================================================================================

 SS08-10   1860 to  2016     157 years                                                                                    Series  60

 [A] Segment   High   -10   -9   -8   -7   -6   -5   -4   -3   -2   -1   +0   +1   +2   +3   +4   +5   +6   +7   +8   +9  +10
    ---------  ----   ---  ---  ---  ---  ---  ---  ---  ---  ---  ---  ---  ---  ---  ---  ---  ---  ---  ---  ---  ---  ---
    1900 1939    0   -.14 -.03 -.04 -.32  .12 -.11  .11  .09 -.03  .29  .36* .25  .14 -.14 -.29  .08 -.19 -.17 -.22 -.25  .05
    - - - - - - - - - - - - - - - - - - - - - - - - - - - - - - - - - - - - - - - - - - - - - - - - - - - - - - - - - - - - -
    1960 1999   -8    .03  .04  .34* .02  .04 -.05  .08 -.17  .16 -.16  .30| .00 -.34  .00  .05 -.07 -.34 -.03 -.04  .21 -.11

 [B] Entire series, effect on correlation (  .426) is:
       Lower   1864> -.033   1938< -.021   2006< -.009   1991> -.008   1995< -.007   1924> -.007  Higher   1865  .017   1962  .016
     1900 to 1939 segment:
       Lower   1938< -.114   1924> -.033   1918> -.029   1901< -.027   1904> -.025   1939> -.017  Higher   1932  .048   1900  .044
     1960 to 1999 segment:
       Lower   1991> -.031   1995< -.030   1966> -.023   1977> -.020   1971> -.016   1990> -.015  Higher   1962  .124   1983  .036

 [C] Year-to-year changes diverging by over 4.0 std deviations:
       1961 1962  -4.4 SD

 [D]    1 Absent rings:  Year   Master  N series Absent
                         1962   -1.969     124       5

 [E] Outliers     2   3.0 SD above or -4.5 SD below mean for year
       1864 +3.5 SD;    1962 -6.1 SD
====================================================================================================================================

 SS08-11   1843 to  2014     172 years                                                                                    Series  61

 [A] Segment   High   -10   -9   -8   -7   -6   -5   -4   -3   -2   -1   +0   +1   +2   +3   +4   +5   +6   +7   +8   +9  +10
    ---------  ----   ---  ---  ---  ---  ---  ---  ---  ---  ---  ---  ---  ---  ---  ---  ---  ---  ---  ---  ---  ---  ---
    1880 1919    0   -.18 -.13  .13 -.09  .26  .13 -.05 -.08  .04  .19  .32*-.08 -.26 -.26  .08 -.12 -.02 -.22  .15  .20  .23

 [B] Entire series, effect on correlation (  .424) is:
       Lower   1843> -.025   1869< -.019   1924> -.016   1894< -.013   1886> -.011   1977> -.010  Higher   1864  .030   1995  .014
     1880 to 1919 segment:
       Lower   1894< -.065   1886> -.054   1903> -.047   1918> -.021   1891> -.017   1892> -.015  Higher   1914  .046   1884  .043

 [E] Outliers     1   3.0 SD above or -4.5 SD below mean for year
       1843 +3.4 SD
====================================================================================================================================

 SS08-13   1863 to  2016     154 years                                                                                    Series  62

 [A] Segment   High   -10   -9   -8   -7   -6   -5   -4   -3   -2   -1   +0   +1   +2   +3   +4   +5   +6   +7   +8   +9  +10
    ---------  ----   ---  ---  ---  ---  ---  ---  ---  ---  ---  ---  ---  ---  ---  ---  ---  ---  ---  ---  ---  ---  ---
    1900 1939  -10    .40*-.08 -.10 -.14 -.06  .06 -.06 -.01  .10  .06  .37| .17  .19 -.11  .02  .02  .06 -.40 -.20 -.11  .03

 [B] Entire series, effect on correlation (  .475) is:
       Lower   1924> -.020   1938< -.013   1987> -.012   1990> -.010   1878< -.009   1933> -.008  Higher   1864  .024   1977  .013
     1900 to 1939 segment:
       Lower   1924> -.083   1938< -.051   1933> -.030   1903> -.015   1923< -.012   1904> -.010  Higher   1914  .040   1900  .039

====================================================================================================================================

 SS09-3    1877 to  1997     121 years                                                                                    Series  63

 [A] Segment   High   -10   -9   -8   -7   -6   -5   -4   -3   -2   -1   +0   +1   +2   +3   +4   +5   +6   +7   +8   +9  +10
    ---------  ----   ---  ---  ---  ---  ---  ---  ---  ---  ---  ---  ---  ---  ---  ---  ---  ---  ---  ---  ---  ---  ---
    1877 1916    0    .01 -.08 -.20  .06 -.11  .01  .00  .00  .03  .24  .27*-.06  .19  .06 -.02 -.15 -.08 -.04 -.03 -.08 -.12
    1880 1919    0   -.02  .01 -.16  .06 -.10  .01 -.09 -.03  .06  .22  .31*-.01  .15  .05 -.06 -.26 -.10  .07  .00 -.11 -.08
    - - - - - - - - - - - - - - - - - - - - - - - - - - - - - - - - - - - - - - - - - - - - - - - - - - - - - - - - - - - - -
    1958 1997   -8   -.31 -.03  .32* .04 -.05 -.02 -.04 -.17 -.14 -.31  .29| .13  .00  .22 -.14  .25 -.19  .03 -.12  .24 -.28

 [B] Entire series, effect on correlation (  .352) is:
       Lower   1991> -.023   1903> -.023   1984< -.016   1994> -.014   1882> -.012   1937< -.011  Higher   1959  .023   1958  .021
     1877 to 1916 segment:
       Lower   1903> -.070   1882> -.035   1885< -.031   1910> -.027   1900< -.015   1877< -.013  Higher   1904  .064   1914  .048
     1880 to 1919 segment:
       Lower   1903> -.071   1882> -.036   1885< -.034   1910> -.027   1900< -.016   1893< -.014  Higher   1904  .052   1914  .050
     1958 to 1997 segment:
       Lower   1991> -.061   1984< -.043   1994> -.037   1990> -.020   1977> -.019   1993< -.016  Higher   1958  .065   1959  .061

 [D]    1 Absent rings:  Year   Master  N series Absent
                         1962   -1.969     124       5

 [E] Outliers     2   3.0 SD above or -4.5 SD below mean for year
       1903 +3.1 SD;    1991 +3.4 SD
====================================================================================================================================

 SS09-10   1899 to  2011     113 years                                                                                    Series  64

 [A] Segment   High   -10   -9   -8   -7   -6   -5   -4   -3   -2   -1   +0   +1   +2   +3   +4   +5   +6   +7   +8   +9  +10
    ---------  ----   ---  ---  ---  ---  ---  ---  ---  ---  ---  ---  ---  ---  ---  ---  ---  ---  ---  ---  ---  ---  ---
    1899 1938   -1    .06 -.21 -.21  .02 -.02  .17 -.06 -.04  .23  .33* .31| .02  .01 -.28  .13 -.28 -.13 -.17 -.06 -.05  .14
    1900 1939    0    .03 -.25 -.24 -.04 -.01  .21 -.03 -.04  .19  .32  .34* .09  .06 -.27  .08 -.33 -.10 -.19 -.06 -.09  .17
    - - - - - - - - - - - - - - - - - - - - - - - - - - - - - - - - - - - - - - - - - - - - - - - - - - - - - - - - - - - - -
    1960 1999    6    .22  .13  .29  .19 -.04 -.07 -.18 -.16 -.18 -.15  .19| .00 -.01  .02  .29 -.08  .33*-.11 -.09  .13 -.09
    1972 2011   -9    .20  .27* .16  .05  .04  .06 -.21 -.42 -.15 -.18 -.01| .14  .15  .24  .19 -.37    -    -    -    -    -

 [B] Entire series, effect on correlation (  .283) is:
       Lower   1977> -.030   1991> -.026   1903> -.018   1909< -.016   1924> -.015   2004> -.011  Higher   1962  .040   1952  .024
     1899 to 1938 segment:
       Lower   1903> -.060   1909< -.058   1924> -.048   1899< -.030   1936< -.024   1916> -.015  Higher   1929  .051   1934  .041
     1900 to 1939 segment:
       Lower   1909< -.065   1903> -.060   1924> -.048   1936< -.027   1920< -.015   1938< -.014  Higher   1929  .051   1934  .039
     1960 to 1999 segment:
       Lower   1977> -.080   1991> -.068   1970< -.026   1986< -.024   1978< -.018   1989> -.017  Higher   1962  .130   1965  .035
     1972 to 2011 segment:
       Lower   1977> -.070   1991> -.066   1986< -.025   2004> -.024   1978< -.019   1999< -.018  Higher   2010  .065   2007  .052

 [E] Outliers     1   3.0 SD above or -4.5 SD below mean for year
       1991 +3.3 SD
====================================================================================================================================

 SS09-13   1895 to  2016     122 years                                                                                    Series  65

 [A] Segment   High   -10   -9   -8   -7   -6   -5   -4   -3   -2   -1   +0   +1   +2   +3   +4   +5   +6   +7   +8   +9  +10
    ---------  ----   ---  ---  ---  ---  ---  ---  ---  ---  ---  ---  ---  ---  ---  ---  ---  ---  ---  ---  ---  ---  ---
    1920 1959   10    .05  .18  .30 -.03 -.13  .22  .22  .11 -.19 -.24  .31|-.23  .11 -.20 -.04  .01 -.38  .08 -.19  .01  .32*
    - - - - - - - - - - - - - - - - - - - - - - - - - - - - - - - - - - - - - - - - - - - - - - - - - - - - - - - - - - - - -
    1977 2016    0   -.11  .07  .06  .15 -.18 -.05 -.04 -.27  .17  .12  .36*   -    -    -    -    -    -    -    -    -    -

 [B] Entire series, effect on correlation (  .411) is:
       Lower   1998< -.042   1938< -.023   1978< -.021   1957< -.020   2001> -.014   1934> -.011  Higher   1962  .029   1983  .022
     1920 to 1959 segment:
       Lower   1938< -.076   1957< -.065   1934> -.036   1958< -.027   1944> -.024   1959> -.020  Higher   1952  .061   1923  .050
     1977 to 2016 segment:
       Lower   1998< -.096   1978< -.044   2001> -.035   1977> -.028   2004> -.023   2011< -.022  Higher   1983  .062   1995  .048

====================================================================================================================================

 SS09-14   1916 to  2016     101 years                                                                                    Series  66

 [A] Segment   High   -10   -9   -8   -7   -6   -5   -4   -3   -2   -1   +0   +1   +2   +3   +4   +5   +6   +7   +8   +9  +10
    ---------  ----   ---  ---  ---  ---  ---  ---  ---  ---  ---  ---  ---  ---  ---  ---  ---  ---  ---  ---  ---  ---  ---
    1916 1955    0    .20 -.03  .02  .10 -.06 -.09 -.08  .05 -.03 -.05  .23*-.05 -.10 -.19  .16  .10 -.02  .06 -.12  .08  .02
    1920 1959  -10    .22* .03 -.02  .01 -.02 -.09 -.01  .13 -.13 -.11  .15| .03 -.03 -.13  .19  .17 -.12 -.01  .00  .10 -.01
    1940 1979    0    .26 -.08 -.12 -.07 -.23 -.21 -.18  .11 -.08 -.04  .31*-.11 -.04 -.26  .30  .07 -.04 -.01  .13  .06  .00
    1960 1999    0    .12 -.02  .13 -.08 -.11 -.13 -.26 -.12 -.02 -.25  .36*-.24  .09  .02  .32  .09  .13 -.21  .13  .00 -.13

 [B] Entire series, effect on correlation (  .319) is:
       Lower   1958< -.036   1999< -.026   1938< -.024   1949> -.019   1948> -.018   1935< -.014  Higher   1962  .041   1995  .025
     1916 to 1955 segment:
       Lower   1938< -.062   1949> -.045   1948> -.045   1936< -.035   1935< -.033   1932> -.027  Higher   1944  .066   1952  .049
     1920 to 1959 segment:
       Lower   1958< -.074   1938< -.049   1949> -.043   1948> -.040   1936< -.027   1935< -.024  Higher   1944  .079   1952  .057
     1940 to 1979 segment:
       Lower   1958< -.097   1949> -.047   1948> -.045   1968> -.026   1966> -.021   1943< -.018  Higher   1962  .119   1944  .057
     1960 to 1999 segment:
       Lower   1999< -.072   1991> -.030   1968> -.028   1990> -.025   1966> -.022   1994> -.019  Higher   1962  .107   1995  .063

 [E] Outliers     1   3.0 SD above or -4.5 SD below mean for year
       1949 +3.5 SD
====================================================================================================================================

 SS09-20   1914 to  2016     103 years                                                                                    Series  67

 [A] Segment   High   -10   -9   -8   -7   -6   -5   -4   -3   -2   -1   +0   +1   +2   +3   +4   +5   +6   +7   +8   +9  +10
    ---------  ----   ---  ---  ---  ---  ---  ---  ---  ---  ---  ---  ---  ---  ---  ---  ---  ---  ---  ---  ---  ---  ---
    1960 1999  -10    .32* .19 -.08  .12  .05  .07 -.42 -.13 -.18 -.05  .05|-.02  .02  .19  .27  .07 -.06  .01 -.12 -.10 -.37
    1977 2016  -10    .30* .07  .06  .00  .02  .08 -.46 -.13 -.06  .02  .20|   -    -    -    -    -    -    -    -    -    -

 [B] Entire series, effect on correlation (  .334) is:
       Lower   1982< -.025   1986< -.015   1973< -.015   1994> -.014   1914< -.014   1991> -.013  Higher   1948  .021   1924  .019
     1960 to 1999 segment:
       Lower   1982< -.065   1986< -.041   1994> -.030   1999< -.027   1991> -.026   1973< -.024  Higher   1962  .078   1983  .062
     1977 to 2016 segment:
       Lower   1982< -.080   1986< -.047   1994> -.033   1999< -.032   1991> -.028   1997< -.025  Higher   1983  .048   2010  .037

 [E] Outliers     1   3.0 SD above or -4.5 SD below mean for year
       1952 -5.4 SD
====================================================================================================================================

 SS10-3    1913 to  1985      73 years                                                                                    Series  68

 [A] Segment   High   -10   -9   -8   -7   -6   -5   -4   -3   -2   -1   +0   +1   +2   +3   +4   +5   +6   +7   +8   +9  +10
    ---------  ----   ---  ---  ---  ---  ---  ---  ---  ---  ---  ---  ---  ---  ---  ---  ---  ---  ---  ---  ---  ---  ---
    1913 1952    0    .08  .05 -.20 -.26 -.38  .07 -.17 -.13 -.13 -.01  .32* .25  .17  .19 -.02  .07  .04 -.11 -.18 -.31 -.10
    - - - - - - - - - - - - - - - - - - - - - - - - - - - - - - - - - - - - - - - - - - - - - - - - - - - - - - - - - - - - -
    1946 1985   -1    .08 -.08 -.22 -.12 -.16  .01 -.23  .09 -.09  .30* .26|-.06  .08 -.13 -.10  .17 -.17  .22 -.21 -.36 -.10

 [B] Entire series, effect on correlation (  .290) is:
       Lower   1924> -.047   1974< -.034   1915< -.029   1952> -.024   1979> -.022   1980< -.021  Higher   1958  .046   1977  .039
     1913 to 1952 segment:
       Lower   1924> -.099   1915< -.065   1952> -.049   1921< -.022   1934> -.014   1942< -.008  Higher   1944  .064   1949  .034
     1946 to 1985 segment:
       Lower   1974< -.059   1952> -.043   1979> -.039   1980< -.037   1983< -.029   1966> -.024  Higher   1958  .090   1977  .074

====================================================================================================================================

 SS10-6    1962 to  2014      53 years                                                                                    Series  69

 [A] Segment   High   -10   -9   -8   -7   -6   -5   -4   -3   -2   -1   +0   +1   +2   +3   +4   +5   +6   +7   +8   +9  +10
    ---------  ----   ---  ---  ---  ---  ---  ---  ---  ---  ---  ---  ---  ---  ---  ---  ---  ---  ---  ---  ---  ---  ---
    1962 2001    0   -.18  .04  .08 -.08  .13 -.14  .06  .03  .10 -.23  .32*-.06 -.07  .12  .10 -.03 -.18 -.12 -.07 -.18  .10
    1975 2014   -9   -.24  .18* .10  .04  .17  .03  .10  .03  .15 -.28  .17|-.15 -.05    -    -    -    -    -    -    -    -

 [B] Entire series, effect on correlation (  .175) is:
       Lower   2014> -.039   2004> -.032   2001> -.027   1974< -.025   1991> -.020   2007> -.020  Higher   1987  .051   1977  .043
     1962 to 2001 segment:
       Lower   2001> -.040   1993< -.034   1974< -.034   1991> -.031   1989> -.018   1980> -.016  Higher   1987  .050   1977  .038
     1975 to 2014 segment:
       Lower   2014> -.050   2004> -.040   2001> -.034   1991> -.026   2007> -.026   2012< -.020  Higher   1987  .061   1977  .050

 [E] Outliers     1   3.0 SD above or -4.5 SD below mean for year
       1994 -6.2 SD
====================================================================================================================================

 SS10-10   1943 to  2015      73 years                                                                                    Series  70

 [A] Segment   High   -10   -9   -8   -7   -6   -5   -4   -3   -2   -1   +0   +1   +2   +3   +4   +5   +6   +7   +8   +9  +10
    ---------  ----   ---  ---  ---  ---  ---  ---  ---  ---  ---  ---  ---  ---  ---  ---  ---  ---  ---  ---  ---  ---  ---
    1943 1982   -9   -.07  .40*-.04  .37  .15  .16  .14 -.16  .10 -.26  .20|-.07  .04 -.32 -.28 -.04  .01  .02  .07  .20  .01
    - - - - - - - - - - - - - - - - - - - - - - - - - - - - - - - - - - - - - - - - - - - - - - - - - - - - - - - - - - - - -
    1976 2015   -9    .06  .24*-.16  .03 -.14 -.08  .02  .13  .03 -.20  .17|-.27    -    -    -    -    -    -    -    -    -

 [B] Entire series, effect on correlation (  .170) is:
       Lower   2010< -.137   2011< -.038   1962> -.022   1953< -.021   1982< -.017   1984< -.016  Higher   1983  .048   1995  .040
     1943 to 1982 segment:
       Lower   1953< -.069   1962> -.057   1982< -.055   1969< -.031   1959> -.027   1944> -.018  Higher   1965  .064   1977  .051
     1976 to 2015 segment:
       Lower   2010< -.209   2011< -.055   1982< -.024   1984< -.023   2014> -.016   2012< -.014  Higher   1983  .074   1995  .062

 [C] Year-to-year changes diverging by over 4.0 std deviations:
       2009 2010  -4.5 SD

 [E] Outliers     1   3.0 SD above or -4.5 SD below mean for year
       2011 -4.6 SD
====================================================================================================================================

 SS10-13   1916 to  2015     100 years                                                                                    Series  71

 [A] Segment   High   -10   -9   -8   -7   -6   -5   -4   -3   -2   -1   +0   +1   +2   +3   +4   +5   +6   +7   +8   +9  +10
    ---------  ----   ---  ---  ---  ---  ---  ---  ---  ---  ---  ---  ---  ---  ---  ---  ---  ---  ---  ---  ---  ---  ---
    1940 1979    0    .09  .01 -.12  .09 -.24 -.01  .17 -.14 -.12 -.08  .31*-.08  .09 -.02  .14 -.06 -.19  .08 -.14 -.03  .12

 [B] Entire series, effect on correlation (  .411) is:
       Lower   1997< -.034   2006< -.020   1958< -.018   1946< -.017   1991> -.012   1968> -.010  Higher   1983  .017   1995  .017
     1940 to 1979 segment:
       Lower   1958< -.040   1946< -.038   1968> -.024   1941< -.019   1979> -.017   1957< -.015  Higher   1952  .065   1944  .038

====================================================================================================================================

 SS11-6    1949 to  2016      68 years                                                                                    Series  72

 [B] Entire series, effect on correlation (  .605) is:
       Lower   1994> -.031   1952> -.023   1984< -.017   1951< -.015   1949> -.012   2014> -.011  Higher   1983  .024   1987  .019

====================================================================================================================================

 SS11-7    1930 to  2014      85 years                                                                                    Series  73

 [A] Segment   High   -10   -9   -8   -7   -6   -5   -4   -3   -2   -1   +0   +1   +2   +3   +4   +5   +6   +7   +8   +9  +10
    ---------  ----   ---  ---  ---  ---  ---  ---  ---  ---  ---  ---  ---  ---  ---  ---  ---  ---  ---  ---  ---  ---  ---
    1930 1969    7    .07  .13  .05  .14 -.01  .16 -.01 -.17  .06 -.04  .16|-.09  .01  .00 -.27 -.15 -.06  .20* .02  .00 -.14

 [B] Entire series, effect on correlation (  .454) is:
       Lower   1937< -.072   1932> -.030   1936< -.026   1982< -.017   1966> -.016   2001> -.010  Higher   1977  .046   1987  .028
     1930 to 1969 segment:
       Lower   1937< -.099   1932> -.049   1936< -.049   1966> -.027   1933> -.011   1938< -.011  Higher   1965  .048   1957  .039

 [E] Outliers     1   3.0 SD above or -4.5 SD below mean for year
       1937 -4.6 SD
====================================================================================================================================

 SS13-2    1881 to  2016     136 years                                                                                    Series  74

 [A] Segment   High   -10   -9   -8   -7   -6   -5   -4   -3   -2   -1   +0   +1   +2   +3   +4   +5   +6   +7   +8   +9  +10
    ---------  ----   ---  ---  ---  ---  ---  ---  ---  ---  ---  ---  ---  ---  ---  ---  ---  ---  ---  ---  ---  ---  ---
    1881 1920    5    .08  .16 -.09 -.13  .06 -.22  .15 -.09 -.32 -.13  .20| .07 -.10  .20 -.13  .23* .09  .00  .03  .01  .18
    1900 1939   -6   -.13  .00  .04 -.37  .32*-.14 -.09  .04 -.06  .17  .00| .03  .06  .05 -.01  .21 -.13  .03 -.13  .13  .15
    1920 1959   -1   -.08 -.14  .00 -.36  .27 -.20 -.20  .04 -.09  .28* .07| .02  .18  .05  .18  .02 -.17  .06 -.23  .04 -.03
    1940 1979    0    .05 -.22 -.11  .03 -.05 -.13 -.33 -.05 -.11  .21  .34* .04 -.08 -.04  .13 -.05 -.17 -.16 -.05  .02  .03

 [B] Entire series, effect on correlation (  .229) is:
       Lower   1932> -.022   1930< -.016   1919< -.013   1935< -.012   2007> -.010   1904> -.010  Higher   1886  .025   1962  .023
     1881 to 1920 segment:
       Lower   1919< -.039   1904> -.032   1901< -.032   1884< -.028   1900< -.024   1888> -.018  Higher   1886  .113   1903  .055
     1900 to 1939 segment:
       Lower   1932> -.056   1904> -.025   1935< -.021   1901< -.018   1934> -.016   1918> -.015  Higher   1930  .059   1903  .054
     1920 to 1959 segment:
       Lower   1932> -.061   1935< -.023   1934> -.017   1938< -.017   1948> -.014   1959> -.014  Higher   1958  .046   1930  .042
     1940 to 1979 segment:
       Lower   1978< -.049   1943< -.049   1959> -.031   1948> -.029   1941< -.025   1945< -.025  Higher   1962  .099   1958  .055

 [C] Year-to-year changes diverging by over 4.0 std deviations:
       1929 1930  -4.7 SD

 [E] Outliers     2   3.0 SD above or -4.5 SD below mean for year
       1930 -5.7 SD;    1932 +3.5 SD
====================================================================================================================================

 SS13-3a   1890 to  2013     124 years                                                                                    Series  75

 [B] Entire series, effect on correlation (  .574) is:
       Lower   1896< -.050   1932> -.015   1938< -.012   1948> -.012   2006< -.011   1897> -.010  Higher   1962  .018   1995  .015

 [E] Outliers     1   3.0 SD above or -4.5 SD below mean for year
       1896 -5.1 SD
====================================================================================================================================

 SS13-3b   1875 to  1976     102 years                                                                                    Series  76

 [A] Segment   High   -10   -9   -8   -7   -6   -5   -4   -3   -2   -1   +0   +1   +2   +3   +4   +5   +6   +7   +8   +9  +10
    ---------  ----   ---  ---  ---  ---  ---  ---  ---  ---  ---  ---  ---  ---  ---  ---  ---  ---  ---  ---  ---  ---  ---
    1875 1914    1   -.10  .20  .03 -.04  .18  .14 -.02  .09  .07 -.34  .30| .31*-.11 -.34 -.14 -.28  .14  .26 -.01 -.22  .00
    1880 1919    8    .01  .05  .26 -.09  .21  .15  .04  .00 -.09 -.21  .27| .31  .02 -.39 -.13 -.28  .13  .03  .32*-.26 -.15

 [B] Entire series, effect on correlation (  .419) is:
       Lower   1885< -.032   1932> -.023   1900< -.017   1886> -.016   1948> -.012   1924> -.011  Higher   1958  .022   1923  .018
     1875 to 1914 segment:
       Lower   1885< -.076   1886> -.041   1900< -.038   1904> -.027   1889> -.024   1895< -.023  Higher   1876  .046   1901  .030
     1880 to 1919 segment:
       Lower   1885< -.079   1900< -.039   1886> -.038   1904> -.025   1895< -.025   1889> -.021  Higher   1901  .035   1884  .032

====================================================================================================================================

 SS13-12a  1882 to  1999     118 years                                                                                    Series  77

 [A] Segment   High   -10   -9   -8   -7   -6   -5   -4   -3   -2   -1   +0   +1   +2   +3   +4   +5   +6   +7   +8   +9  +10
    ---------  ----   ---  ---  ---  ---  ---  ---  ---  ---  ---  ---  ---  ---  ---  ---  ---  ---  ---  ---  ---  ---  ---
    1882 1921   -1   -.08  .04 -.15  .23  .01 -.08 -.34 -.10  .26  .50* .13|-.25 -.09  .03  .14  .04 -.08 -.05  .01  .17 -.30

 [B] Entire series, effect on correlation (  .524) is:
       Lower   1896> -.018   1882> -.018   1910> -.016   1884< -.015   1886> -.013   1963< -.013  Higher   1924  .018   1958  .016
     1882 to 1921 segment:
       Lower   1882> -.046   1896> -.039   1910> -.039   1883< -.029   1899< -.028   1884< -.027  Higher   1914  .087   1900  .040

 [D]    1 Absent rings:  Year   Master  N series Absent
                         1929   -1.436     113       5

====================================================================================================================================

 SS13-12b  1845 to  1902      58 years                                                                                    Series  78

 [B] Entire series, effect on correlation (  .550) is:
       Lower   1876> -.033   1894< -.024   1897> -.022   1846< -.020   1883< -.016   1867> -.013  Higher   1864  .060   1884  .025

====================================================================================================================================

 SRA60     1870 to  2014     145 years                                                                                    Series  79

 [A] Segment   High   -10   -9   -8   -7   -6   -5   -4   -3   -2   -1   +0   +1   +2   +3   +4   +5   +6   +7   +8   +9  +10
    ---------  ----   ---  ---  ---  ---  ---  ---  ---  ---  ---  ---  ---  ---  ---  ---  ---  ---  ---  ---  ---  ---  ---
    1870 1909    0    .15  .06  .12 -.15 -.38 -.37 -.15 -.02  .36  .22  .36* .07  .14 -.25  .10  .10  .03 -.11 -.25 -.20 -.19
    - - - - - - - - - - - - - - - - - - - - - - - - - - - - - - - - - - - - - - - - - - - - - - - - - - - - - - - - - - - - -
    1920 1959    0    .27  .06 -.04  .00 -.18 -.14 -.03 -.10 -.13 -.33  .36* .06  .08  .09 -.17  .02 -.12  .09  .20  .05  .00

 [B] Entire series, effect on correlation (  .485) is:
       Lower   1948> -.013   1943< -.011   1875< -.011   1910> -.011   1993> -.009   1942< -.008  Higher   1959  .014   2014  .013
     1870 to 1909 segment:
       Lower   1875< -.044   1870> -.026   1896> -.024   1898> -.023   1900< -.022   1908> -.014  Higher   1888  .036   1885  .031
     1920 to 1959 segment:
       Lower   1948> -.044   1943< -.031   1950> -.024   1942< -.022   1934> -.018   1952> -.014  Higher   1959  .087   1938  .024

 [E] Outliers     1   3.0 SD above or -4.5 SD below mean for year
       1950 +3.3 SD
====================================================================================================================================

 SRA20     1913 to  2014     102 years                                                                                    Series  80

 [A] Segment   High   -10   -9   -8   -7   -6   -5   -4   -3   -2   -1   +0   +1   +2   +3   +4   +5   +6   +7   +8   +9  +10
    ---------  ----   ---  ---  ---  ---  ---  ---  ---  ---  ---  ---  ---  ---  ---  ---  ---  ---  ---  ---  ---  ---  ---
    1913 1952   -1   -.19 -.06 -.29 -.09  .05  .07  .01 -.05  .05  .39* .19| .28 -.05  .26  .21 -.03 -.07 -.25 -.23 -.15 -.57

 [B] Entire series, effect on correlation (  .513) is:
       Lower   1936< -.027   2010< -.024   1913< -.024   1924> -.021   1932> -.016   1980< -.011  Higher   1977  .024   2014  .020
     1913 to 1952 segment:
       Lower   1936< -.080   1913< -.066   1924> -.050   1932> -.035   1925< -.023   1922> -.020  Higher   1914  .066   1941  .048

====================================================================================================================================

 SRA55     1882 to  2014     133 years                                                                                    Series  81

 [A] Segment   High   -10   -9   -8   -7   -6   -5   -4   -3   -2   -1   +0   +1   +2   +3   +4   +5   +6   +7   +8   +9  +10
    ---------  ----   ---  ---  ---  ---  ---  ---  ---  ---  ---  ---  ---  ---  ---  ---  ---  ---  ---  ---  ---  ---  ---
    1882 1921    6    .07  .21  .08  .00 -.07 -.13 -.16 -.01 -.15  .20  .30|-.03 -.21 -.11 -.11  .14  .35*-.01  .07  .11 -.06

 [B] Entire series, effect on correlation (  .576) is:
       Lower   1892> -.018   1883< -.017   2012< -.011   1917> -.010   1897> -.009   1975< -.009  Higher   1987  .012   1914  .011
     1882 to 1921 segment:
       Lower   1883< -.061   1892> -.057   1917> -.030   1901< -.029   1900< -.027   1897> -.026  Higher   1914  .075   1884  .071

 [E] Outliers     1   3.0 SD above or -4.5 SD below mean for year
       1962 -4.7 SD
====================================================================================================================================

 SRA10     1917 to  2014      98 years                                                                                    Series  82

 [A] Segment   High   -10   -9   -8   -7   -6   -5   -4   -3   -2   -1   +0   +1   +2   +3   +4   +5   +6   +7   +8   +9  +10
    ---------  ----   ---  ---  ---  ---  ---  ---  ---  ---  ---  ---  ---  ---  ---  ---  ---  ---  ---  ---  ---  ---  ---
    1960 1999    4   -.01  .14 -.02  .11 -.20 -.19 -.20 -.11 -.08  .11  .37| .11  .23 -.06  .46* .02 -.30 -.15 -.22 -.13  .16
    1975 2014    0    .01  .15 -.32  .09 -.04 -.33 -.28 -.06 -.06 -.01  .35* .25  .29    -    -    -    -    -    -    -    -

 [B] Entire series, effect on correlation (  .463) is:
       Lower   1934< -.030   2003< -.020   1986< -.016   2001> -.013   1983< -.013   1948> -.012  Higher   1958  .022   1995  .021
     1960 to 1999 segment:
       Lower   1986< -.052   1975< -.046   1983< -.033   1963< -.025   1969< -.022   1979> -.022  Higher   1995  .085   1987  .052
     1975 to 2014 segment:
       Lower   2003< -.056   1986< -.044   1975< -.036   2005< -.032   2001> -.029   1983< -.025  Higher   1995  .077   1987  .048

 [E] Outliers     1   3.0 SD above or -4.5 SD below mean for year
       1934 -6.2 SD
====================================================================================================================================

 SRA21     1913 to  2014     102 years                                                                                    Series  83

 [B] Entire series, effect on correlation (  .619) is:
       Lower   1932> -.018   1931< -.018   1992< -.015   1938< -.010   1967> -.010   1959> -.010  Higher   1977  .015   2014  .014

====================================================================================================================================

 SRA50     1878 to  2014     137 years                                                                                    Series  84

 [A] Segment   High   -10   -9   -8   -7   -6   -5   -4   -3   -2   -1   +0   +1   +2   +3   +4   +5   +6   +7   +8   +9  +10
    ---------  ----   ---  ---  ---  ---  ---  ---  ---  ---  ---  ---  ---  ---  ---  ---  ---  ---  ---  ---  ---  ---  ---
    1960 1999    0   -.34  .06 -.07 -.06 -.18 -.24  .18  .03  .29 -.17  .35*-.01 -.04 -.24 -.10  .04 -.05 -.29  .21  .04  .12
    1975 2014    0   -.19 -.11  .09  .01 -.07 -.25  .04  .08  .27 -.19  .36* .02  .00    -    -    -    -    -    -    -    -

 [B] Entire series, effect on correlation (  .477) is:
       Lower   1979< -.045   1983< -.025   1987> -.017   1963< -.016   1901< -.014   2006< -.011  Higher   1914  .017   1995  .014
     1960 to 1999 segment:
       Lower   1983< -.067   1979< -.063   1987> -.044   1963< -.034   1977> -.027   1962> -.016  Higher   1995  .050   1974  .033
     1975 to 2014 segment:
       Lower   1979< -.073   1983< -.059   1987> -.044   1977> -.026   2006< -.022   2001> -.022  Higher   1995  .047   2003  .023

 [C] Year-to-year changes diverging by over 4.0 std deviations:
       1978 1979  -4.0 SD

 [E] Outliers     1   3.0 SD above or -4.5 SD below mean for year
       1979 -5.9 SD
====================================================================================================================================

 SRA28     1917 to  2014      98 years                                                                                    Series  85

 [B] Entire series, effect on correlation (  .684) is:
       Lower   1948> -.021   1965< -.012   1994> -.011   1959> -.010   1949< -.008   1968> -.008  Higher   1977  .014   1924  .012

====================================================================================================================================

 SRA29     1917 to  2014      98 years                                                                                    Series  86

 [A] Segment   High   -10   -9   -8   -7   -6   -5   -4   -3   -2   -1   +0   +1   +2   +3   +4   +5   +6   +7   +8   +9  +10
    ---------  ----   ---  ---  ---  ---  ---  ---  ---  ---  ---  ---  ---  ---  ---  ---  ---  ---  ---  ---  ---  ---  ---
    1917 1956    0   -.30 -.11  .13  .06  .06  .04 -.24  .06  .02 -.20  .36*-.17  .02 -.10 -.02  .12 -.13  .16  .11 -.05 -.06
    - - - - - - - - - - - - - - - - - - - - - - - - - - - - - - - - - - - - - - - - - - - - - - - - - - - - - - - - - - - - -
    1940 1979    7    .00  .09  .08  .15  .01  .21  .15 -.08 -.19 -.22  .16| .05  .13 -.22 -.17  .10 -.11  .25*-.05 -.04 -.20

 [B] Entire series, effect on correlation (  .432) is:
       Lower   1962> -.036   1977> -.028   1941< -.021   1944> -.018   2005< -.018   1954< -.012  Higher   1983  .030   1924  .029
     1917 to 1956 segment:
       Lower   1941< -.050   1944> -.049   1932> -.031   1934> -.029   1954< -.025   1928> -.024  Higher   1924  .127   1938  .052
     1940 to 1979 segment:
       Lower   1962> -.094   1977> -.068   1941< -.057   1944> -.048   1954< -.030   1961> -.026  Higher   1958  .106   1948  .037

 [E] Outliers     1   3.0 SD above or -4.5 SD below mean for year
       1962 +3.3 SD
====================================================================================================================================

 SRA07     1910 to  2014     105 years                                                                                    Series  87

 [B] Entire series, effect on correlation (  .671) is:
       Lower   1962> -.017   1948> -.016   1955< -.016   1944> -.015   1952> -.011   1939< -.008  Higher   1977  .018   1995  .014

====================================================================================================================================

 SRA46A    1900 to  2014     115 years                                                                                    Series  88

 [B] Entire series, effect on correlation (  .558) is:
       Lower   1909< -.054   2000< -.021   1901< -.018   2004> -.013   1967> -.011   1910> -.010  Higher   1977  .018   1983  .011

====================================================================================================================================

 SRA46B    1900 to  2013     114 years                                                                                    Series  89

 [B] Entire series, effect on correlation (  .695) is:
       Lower   1924> -.024   2008< -.013   1984< -.011   1909< -.009   2007> -.007   2009> -.006  Higher   1977  .014   1995  .013

====================================================================================================================================

 SRA18     1915 to  2014     100 years                                                                                    Series  90

 [B] Entire series, effect on correlation (  .593) is:
       Lower   1955< -.029   1962> -.026   1959> -.021   1918< -.018   1924> -.014   1923< -.012  Higher   1977  .026   1932  .016

====================================================================================================================================

 SRA26A    1915 to  2014     100 years                                                                                    Series  91

 [A] Segment   High   -10   -9   -8   -7   -6   -5   -4   -3   -2   -1   +0   +1   +2   +3   +4   +5   +6   +7   +8   +9  +10
    ---------  ----   ---  ---  ---  ---  ---  ---  ---  ---  ---  ---  ---  ---  ---  ---  ---  ---  ---  ---  ---  ---  ---
    1915 1954    0    .08 -.06 -.02  .00 -.33  .26  .06  .04 -.01 -.03  .36* .01 -.22 -.15 -.16 -.05 -.31 -.09  .07 -.24  .03

 [B] Entire series, effect on correlation (  .530) is:
       Lower   1947< -.031   1962> -.025   1976< -.018   1924> -.018   1932> -.013   1928> -.012  Higher   1983  .020   1958  .020
     1915 to 1954 segment:
       Lower   1947< -.077   1924> -.048   1932> -.035   1928> -.029   1936< -.020   1921< -.020  Higher   1948  .041   1952  .033

====================================================================================================================================

 SRA26B    1914 to  2014     101 years                                                                                    Series  92

 [A] Segment   High   -10   -9   -8   -7   -6   -5   -4   -3   -2   -1   +0   +1   +2   +3   +4   +5   +6   +7   +8   +9  +10
    ---------  ----   ---  ---  ---  ---  ---  ---  ---  ---  ---  ---  ---  ---  ---  ---  ---  ---  ---  ---  ---  ---  ---
    1914 1953    0   -.02  .33  .02  .09 -.25  .25  .01 -.07 -.19  .10  .36* .07  .07 -.17 -.23 -.11 -.21  .24 -.24 -.24 -.10

 [B] Entire series, effect on correlation (  .572) is:
       Lower   1924> -.035   1938< -.023   1941< -.017   1995< -.017   1930> -.016   1967> -.012  Higher   1977  .028   1983  .017
     1914 to 1953 segment:
       Lower   1924> -.093   1938< -.059   1941< -.042   1930> -.039   1953< -.019   1934> -.019  Higher   1923  .056   1944  .033

 [E] Outliers     1   3.0 SD above or -4.5 SD below mean for year
       1930 +3.2 SD
====================================================================================================================================

 SRA45     1910 to  2014     105 years                                                                                    Series  93

 [B] Entire series, effect on correlation (  .620) is:
       Lower   1981< -.032   1959< -.020   1949> -.018   1982< -.011   1957< -.009   2003< -.009  Higher   1995  .021   1962  .018

 [E] Outliers     1   3.0 SD above or -4.5 SD below mean for year
       1959 -5.5 SD
====================================================================================================================================

 SRA23     1896 to  2014     119 years                                                                                    Series  94

 [B] Entire series, effect on correlation (  .638) is:
       Lower   1958< -.024   1905< -.012   1908> -.011   1918> -.010   1996< -.009   1911> -.009  Higher   1983  .012   2014  .010

====================================================================================================================================

 SRA37     1919 to  2015      97 years                                                                                    Series  95

 [A] Segment   High   -10   -9   -8   -7   -6   -5   -4   -3   -2   -1   +0   +1   +2   +3   +4   +5   +6   +7   +8   +9  +10
    ---------  ----   ---  ---  ---  ---  ---  ---  ---  ---  ---  ---  ---  ---  ---  ---  ---  ---  ---  ---  ---  ---  ---
    1919 1958   -2    .17  .01  .12 -.05 -.38 -.23  .09 -.07  .27*-.06  .17|-.03 -.01 -.12  .16 -.05 -.17  .00  .04  .12 -.19
    1920 1959    0    .21  .01  .10  .01 -.40 -.25  .09 -.12  .19 -.15  .23*-.01  .03 -.02  .15 -.05 -.22  .04  .06  .13 -.24
    1940 1979    0    .14  .16  .01 -.08 -.10 -.16 -.17 -.42 -.21 -.04  .36* .08  .12  .02  .01  .16 -.20  .17  .00  .21 -.20
    1960 1999    0    .12  .27 -.04 -.19 -.22  .05 -.21 -.20 -.17  .11  .30* .11 -.07 -.19  .05  .13 -.24  .12 -.07  .21  .07
    1976 2015    0    .06  .05 -.03 -.04 -.42 -.02 -.25  .00 -.06  .17  .32* .07    -    -    -    -    -    -    -    -    -

 [B] Entire series, effect on correlation (  .299) is:
       Lower   1920< -.044   1949> -.023   2014> -.021   2003< -.018   1991> -.016   1924> -.015  Higher   1995  .027   1983  .026
     1919 to 1958 segment:
       Lower   1920< -.085   1949> -.056   1924> -.033   1948> -.018   1927> -.015   1926< -.014  Higher   1938  .067   1958  .052
     1920 to 1959 segment:
       Lower   1920< -.093   1949> -.054   1924> -.035   1948> -.020   1927> -.015   1926< -.014  Higher   1938  .060   1959  .059
     1940 to 1979 segment:
       Lower   1949> -.075   1948> -.026   1946< -.022   1966> -.021   1967> -.020   1979> -.019  Higher   1959  .060   1958  .053
     1960 to 1999 segment:
       Lower   1991> -.039   1999< -.030   1987> -.025   1984< -.024   1980< -.024   1981< -.019  Higher   1995  .073   1983  .070
     1976 to 2015 segment:
       Lower   2014> -.054   2003< -.046   1991> -.041   1987> -.027   1980< -.027   1999< -.025  Higher   1995  .071   1983  .069

 [E] Outliers     1   3.0 SD above or -4.5 SD below mean for year
       1920 -5.1 SD
====================================================================================================================================

 SRA16a    1828 to  2015     188 years                                                                                    Series  96

 [A] Segment   High   -10   -9   -8   -7   -6   -5   -4   -3   -2   -1   +0   +1   +2   +3   +4   +5   +6   +7   +8   +9  +10
    ---------  ----   ---  ---  ---  ---  ---  ---  ---  ---  ---  ---  ---  ---  ---  ---  ---  ---  ---  ---  ---  ---  ---
    1828 1867   -1   -.20  .05  .07  .16 -.01 -.28 -.06 -.22  .12  .49* .42| .41  .07 -.02 -.17 -.04 -.14 -.05 -.12 -.47 -.20
    1840 1879    0    .05  .35  .19 -.06 -.18 -.43 -.22 -.05  .02  .34  .35* .27  .05  .07 -.19 -.11  .02  .07 -.08 -.04 -.27
    1860 1899   -9    .28  .60* .24 -.03  .08 -.37 -.28 -.09 -.02  .19  .34| .11 -.20 -.13 -.21 -.14  .04  .08 -.14  .20 -.16
    - - - - - - - - - - - - - - - - - - - - - - - - - - - - - - - - - - - - - - - - - - - - - - - - - - - - - - - - - - - - -
    1940 1979    0   -.10 -.05 -.15 -.37 -.18  .18 -.12  .01  .14  .20  .35*-.15  .18 -.11  .09 -.20 -.10  .02 -.17  .05 -.11

 [B] Entire series, effect on correlation (  .507) is:
       Lower   1873< -.021   1864> -.018   1964< -.017   1830< -.012   1908< -.011   1886> -.009  Higher   1923  .010   1995  .010
     1828 to 1867 segment:
       Lower   1830< -.092   1864> -.048   1856> -.022   1867> -.021   1828< -.012   1834> -.010  Higher   1843  .048   1844  .030
     1840 to 1879 segment:
       Lower   1873< -.122   1864> -.051   1856> -.017   1867> -.016   1879< -.009   1870> -.007  Higher   1843  .029   1844  .026
     1860 to 1899 segment:
       Lower   1873< -.095   1864> -.061   1886> -.036   1899< -.023   1867> -.017   1879< -.008  Higher   1884  .057   1897  .030
     1940 to 1979 segment:
       Lower   1964< -.094   1952> -.031   1959> -.027   1965< -.024   1978< -.023   1966> -.016  Higher   1958  .050   1941  .042

 [D]    1 Absent rings:  Year   Master  N series Absent
                         1844   -1.628      26       1

 [E] Outliers     2   3.0 SD above or -4.5 SD below mean for year
       1873 -4.7 SD;    1964 -4.8 SD
====================================================================================================================================

 SRA22w    1808 to  1871      64 years                                                                                    Series  97

 [B] Entire series, effect on correlation (  .447) is:
       Lower   1843> -.031   1846< -.020   1808> -.017   1852< -.015   1830< -.014   1821> -.013  Higher   1841  .083   1812  .030

====================================================================================================================================

 SRA03     1913 to  2015     103 years                                                                                    Series  98

 [A] Segment   High   -10   -9   -8   -7   -6   -5   -4   -3   -2   -1   +0   +1   +2   +3   +4   +5   +6   +7   +8   +9  +10
    ---------  ----   ---  ---  ---  ---  ---  ---  ---  ---  ---  ---  ---  ---  ---  ---  ---  ---  ---  ---  ---  ---  ---
    1913 1952    4   -.01 -.07  .04 -.07 -.12 -.06 -.25 -.06 -.30  .25  .25|-.13  .20  .19  .26*-.04  .13 -.06  .08 -.24 -.04
    1920 1959    0   -.14  .01 -.11 -.05 -.29 -.03 -.25 -.07 -.24  .33  .35*-.08  .24  .21  .14  .01 -.10  .18 -.11 -.11 -.12
    - - - - - - - - - - - - - - - - - - - - - - - - - - - - - - - - - - - - - - - - - - - - - - - - - - - - - - - - - - - - -
    1960 1999   -5   -.10  .20  .14 -.07  .08  .37* .01 -.24 -.25 -.36  .35|-.20  .10  .00  .01  .12 -.03 -.01  .18  .08  .04

 [B] Entire series, effect on correlation (  .372) is:
       Lower   1925< -.082   1914< -.025   1962> -.022   1991> -.020   1999< -.020   2007> -.013  Higher   2014  .029   1977  .028
     1913 to 1952 segment:
       Lower   1925< -.222   1914< -.062   1932> -.027   1917> -.021   1930> -.012   1945< -.011  Higher   1923  .077   1929  .038
     1920 to 1959 segment:
       Lower   1925< -.322   1932> -.023   1945< -.013   1930> -.012   1953< -.012   1939> -.007  Higher   1923  .057   1929  .040
     1960 to 1999 segment:
       Lower   1962> -.065   1991> -.057   1999< -.056   1990> -.020   1965< -.019   1984< -.017  Higher   1977  .085   1983  .040

 [E] Outliers     1   3.0 SD above or -4.5 SD below mean for year
       1991 +3.2 SD
====================================================================================================================================

 SRA47     1895 to  2015     121 years                                                                                    Series  99

 [B] Entire series, effect on correlation (  .604) is:
       Lower   1903< -.027   1952> -.016   2004> -.016   1932> -.012   1917> -.012   1958< -.010  Higher   1977  .018   1987  .012

====================================================================================================================================

 SRA54     1896 to  2015     120 years                                                                                    Series 100

 [A] Segment   High   -10   -9   -8   -7   -6   -5   -4   -3   -2   -1   +0   +1   +2   +3   +4   +5   +6   +7   +8   +9  +10
    ---------  ----   ---  ---  ---  ---  ---  ---  ---  ---  ---  ---  ---  ---  ---  ---  ---  ---  ---  ---  ---  ---  ---
    1896 1935    0    .11  .27  .04  .05 -.26 -.14 -.10  .21  .24  .01  .35* .05  .03 -.12 -.05  .10 -.06 -.10 -.29 -.21 -.07

 [B] Entire series, effect on correlation (  .557) is:
       Lower   1906< -.055   1913< -.018   1967> -.011   1903> -.008   1946< -.008   1994> -.008  Higher   1995  .015   1959  .013
     1896 to 1935 segment:
       Lower   1906< -.095   1913< -.043   1903> -.020   1904> -.019   1916> -.015   1924> -.015  Higher   1923  .050   1901  .026

====================================================================================================================================

 SRA06     1784 to  2015     232 years                                                                                    Series 101

 [B] Entire series, effect on correlation (  .536) is:
       Lower   1802> -.020   1790< -.016   1903< -.014   1878< -.012   1785> -.011   1814< -.007  Higher   1795  .021   1841  .012

 [E] Outliers     2   3.0 SD above or -4.5 SD below mean for year
       1785 +3.2 SD;    1802 +3.3 SD
====================================================================================================================================

 SRA05     1912 to  2015     104 years                                                                                    Series 102

 [A] Segment   High   -10   -9   -8   -7   -6   -5   -4   -3   -2   -1   +0   +1   +2   +3   +4   +5   +6   +7   +8   +9  +10
    ---------  ----   ---  ---  ---  ---  ---  ---  ---  ---  ---  ---  ---  ---  ---  ---  ---  ---  ---  ---  ---  ---  ---
    1912 1951  -10    .36*-.17 -.09 -.09  .00  .17 -.07 -.19  .17 -.20  .31|-.28  .07  .03 -.06  .18  .16 -.03  .18  .05  .26
    1920 1959  -10    .40*-.24 -.17  .05  .13  .18  .01 -.15  .18 -.25  .17|-.27 -.13 -.02 -.16  .31  .12  .12  .25 -.07  .25
    1940 1979    8    .20 -.01 -.08  .02  .16 -.04  .13 -.18  .19 -.18  .18|-.28 -.40 -.08 -.13  .24 -.13  .10  .38*-.04  .08

 [B] Entire series, effect on correlation (  .326) is:
       Lower   1954< -.024   1956< -.021   1948> -.020   1991> -.017   1932> -.012   2010< -.011  Higher   1977  .041   1987  .024
     1912 to 1951 segment:
       Lower   1948> -.059   1932> -.035   1949> -.029   1922< -.020   1923< -.019   1933> -.018  Higher   1934  .048   1914  .038
     1920 to 1959 segment:
       Lower   1948> -.051   1956< -.041   1954< -.039   1932> -.031   1949> -.027   1933> -.017  Higher   1934  .065   1938  .033
     1940 to 1979 segment:
       Lower   1954< -.057   1956< -.054   1948> -.052   1949> -.026   1958< -.018   1966> -.017  Higher   1977  .157   1965  .032

====================================================================================================================================

 SRA35     1892 to  2014     123 years                                                                                    Series 103

 [B] Entire series, effect on correlation (  .534) is:
       Lower   1903< -.035   1987> -.021   1892> -.013   1897> -.012   1893< -.012   1986< -.010  Higher   1914  .015   1932  .014

 [E] Outliers     1   3.0 SD above or -4.5 SD below mean for year
       1903 -6.3 SD
====================================================================================================================================

 SRA33     1917 to  2015      99 years                                                                                    Series 104

 [B] Entire series, effect on correlation (  .565) is:
       Lower   1931< -.022   1932> -.021   1933< -.018   1949> -.016   1952> -.014   1944> -.010  Higher   1995  .019   1924  .018

====================================================================================================================================

 SRA56a    1836 to  2015     180 years                                                                                    Series 105

 [B] Entire series, effect on correlation (  .611) is:
       Lower   1860< -.046   1952> -.015   1936< -.008   1842> -.008   1949> -.008   1865> -.007  Higher   1864  .020   1843  .015

 [C] Year-to-year changes diverging by over 4.0 std deviations:
       1859 1860  -4.1 SD

 [D]    3 Absent rings:  Year   Master  N series Absent
                         1929   -1.436     113       5
                         1932   -1.567     117       2
                         1991   -1.551     122       5

====================================================================================================================================

 SRA56b    1836 to  2015     180 years                                                                                    Series 106

 [A] Segment   High   -10   -9   -8   -7   -6   -5   -4   -3   -2   -1   +0   +1   +2   +3   +4   +5   +6   +7   +8   +9  +10
    ---------  ----   ---  ---  ---  ---  ---  ---  ---  ---  ---  ---  ---  ---  ---  ---  ---  ---  ---  ---  ---  ---  ---
    1976 2015   -2    .25 -.13 -.19 -.24 -.14 -.20 -.08  .23  .36* .00  .30| .27    -    -    -    -    -    -    -    -    -

 [B] Entire series, effect on correlation (  .465) is:
       Lower   2011< -.080   2014> -.011   1865> -.011   1885< -.010   1842> -.009   1897> -.008  Higher   1864  .046   1841  .028
     1976 to 2015 segment:
       Lower   2011< -.250   2014> -.031   1994> -.017   2010< -.016   1985> -.015   2006< -.013  Higher   1983  .066   1987  .049

 [C] Year-to-year changes diverging by over 4.0 std deviations:
       2011 2012   4.1 SD

 [D]    4 Absent rings:  Year   Master  N series Absent
                         1929   -1.436     113       5
                         1931    -.788     117       1
                         1932   -1.567     117       2
                         2011    1.414     119       1  >> WARNING:  Ring is not usually narrow

 [E] Outliers     1   3.0 SD above or -4.5 SD below mean for year
       2011 -7.9 SD
====================================================================================================================================

 SRA36a    1896 to  2015     120 years                                                                                    Series 107

 [A] Segment   High   -10   -9   -8   -7   -6   -5   -4   -3   -2   -1   +0   +1   +2   +3   +4   +5   +6   +7   +8   +9  +10
    ---------  ----   ---  ---  ---  ---  ---  ---  ---  ---  ---  ---  ---  ---  ---  ---  ---  ---  ---  ---  ---  ---  ---
    1900 1939    0    .19 -.09  .01  .01 -.11 -.08 -.17 -.27  .23 -.15  .35* .06  .12  .06  .14 -.21  .23 -.26 -.03 -.25  .05
    1920 1959    3    .10 -.04  .03 -.14 -.16 -.03 -.22 -.35  .10 -.10  .25|-.07  .15  .43*-.01  .14 -.10  .16 -.10 -.27  .09
    1940 1979    0    .07 -.16 -.02  .04 -.10 -.12 -.26  .02  .10 -.02  .31*-.17  .02 -.05  .05  .22  .04  .06 -.08  .06  .07
    1960 1999    0    .09  .01 -.02  .17 -.11 -.23 -.22  .03  .05 -.24  .32*-.04  .08 -.18  .12  .31  .19 -.15  .04  .05 -.03
    1976 2015    0   -.01  .11  .04  .00 -.09 -.01 -.15 -.13 -.01 -.39  .20* .14    -    -    -    -    -    -    -    -    -

 [B] Entire series, effect on correlation (  .297) is:
       Lower   1945< -.038   1977> -.036   1983< -.021   2015> -.018   1938< -.017   1897> -.012  Higher   1962  .048   1995  .016
     1900 to 1939 segment:
       Lower   1938< -.058   1914< -.026   1926< -.022   1911> -.016   1934> -.015   1921< -.014  Higher   1924  .042   1923  .037
     1920 to 1959 segment:
       Lower   1945< -.138   1938< -.049   1948> -.035   1941< -.033   1926< -.018   1934> -.014  Higher   1924  .049   1923  .044
     1940 to 1979 segment:
       Lower   1977> -.105   1945< -.100   1948> -.031   1941< -.031   1961> -.012   1957< -.012  Higher   1962  .152   1966  .025
     1960 to 1999 segment:
       Lower   1977> -.119   1983< -.067   1991> -.025   1999< -.022   1994> -.015   1961> -.014  Higher   1962  .165   1995  .051
     1976 to 2015 segment:
       Lower   1977> -.110   1983< -.069   2015> -.050   1999< -.026   2006< -.023   2014> -.020  Higher   1995  .066   2007  .047

 [C] Year-to-year changes diverging by over 4.0 std deviations:
       1944 1945  -4.2 SD

 [E] Outliers     2   3.0 SD above or -4.5 SD below mean for year
       1945 -5.5 SD;    1977 +3.5 SD
====================================================================================================================================

 SRA27a    1949 to  2015      67 years                                                                                    Series 108

 [B] Entire series, effect on correlation (  .493) is:
       Lower   1958< -.054   1990< -.036   1992< -.021   1991> -.017   1993> -.013   1955> -.013  Higher   1977  .035   1983  .029

 [C] Year-to-year changes diverging by over 4.0 std deviations:
       1990 1991   4.1 SD

 [E] Outliers     1   3.0 SD above or -4.5 SD below mean for year
       1990 -5.4 SD
====================================================================================================================================

 SRA27b    1949 to  2015      67 years                                                                                    Series 109

 [B] Entire series, effect on correlation (  .513) is:
       Lower   1958< -.119   1965< -.019   1971> -.014   1981< -.013   1991> -.012   1959> -.010  Higher   1977  .043   1995  .030

====================================================================================================================================

 SRA44a    1976 to  2015      40 years                                                                                    Series 110

 [B] Entire series, effect on correlation (  .466) is:
       Lower   1992< -.046   1976< -.040   1977> -.034   2001> -.025   1991> -.022   1979> -.019  Higher   1995  .036   2007  .023

====================================================================================================================================

 SRA44b    1976 to  2015      40 years                                                                                    Series 111

 [A] Segment   High   -10   -9   -8   -7   -6   -5   -4   -3   -2   -1   +0   +1   +2   +3   +4   +5   +6   +7   +8   +9  +10
    ---------  ----   ---  ---  ---  ---  ---  ---  ---  ---  ---  ---  ---  ---  ---  ---  ---  ---  ---  ---  ---  ---  ---
    1976 2015    0    .05 -.03 -.15  .14 -.14  .00 -.23 -.17  .02 -.08  .37* .26    -    -    -    -    -    -    -    -    -

 [B] Entire series, effect on correlation (  .365) is:
       Lower   1976< -.070   1992< -.049   1977> -.039   2003< -.025   1979> -.024   1986< -.020  Higher   1995  .082   2012  .033
     1976 to 2015 segment:
       Lower   1976< -.070   1992< -.049   1977> -.039   2003< -.025   1979> -.024   1986< -.020  Higher   1995  .082   2012  .033

====================================================================================================================================

 SRA10a    1930 to  2015      86 years                                                                                    Series 112

 [A] Segment   High   -10   -9   -8   -7   -6   -5   -4   -3   -2   -1   +0   +1   +2   +3   +4   +5   +6   +7   +8   +9  +10
    ---------  ----   ---  ---  ---  ---  ---  ---  ---  ---  ---  ---  ---  ---  ---  ---  ---  ---  ---  ---  ---  ---  ---
    1930 1969    9    .08  .17 -.13  .09 -.01  .09  .15 -.20  .04 -.15  .16|-.01 -.06 -.23 -.12  .00 -.05  .01  .05  .24* .17

 [B] Entire series, effect on correlation (  .326) is:
       Lower   1932> -.053   1991> -.032   1936< -.021   1938< -.019   1983< -.017   1987> -.016  Higher   1977  .048   2001  .037
     1930 to 1969 segment:
       Lower   1932> -.129   1936< -.050   1938< -.044   1948> -.034   1935< -.023   1958< -.022  Higher   1965  .059   1952  .050

 [D]    2 Absent rings:  Year   Master  N series Absent
                         2001    -.882     119       2
                         2002    -.577     119       2

 [E] Outliers     4   3.0 SD above or -4.5 SD below mean for year
       1932 +3.8 SD;    1991 +3.2 SD;    2001 -5.0 SD;    2002 -4.9 SD
====================================================================================================================================

 SRA10b    1930 to  2015      86 years                                                                                    Series 113

 [A] Segment   High   -10   -9   -8   -7   -6   -5   -4   -3   -2   -1   +0   +1   +2   +3   +4   +5   +6   +7   +8   +9  +10
    ---------  ----   ---  ---  ---  ---  ---  ---  ---  ---  ---  ---  ---  ---  ---  ---  ---  ---  ---  ---  ---  ---  ---
    1930 1969   10    .01 -.15  .07 -.07 -.16  .26  .29 -.03  .10 -.01  .32|-.05 -.16 -.10 -.38 -.04 -.25  .20  .02 -.06  .38*
    1940 1979   10    .07 -.11  .02 -.07 -.07  .18  .29 -.23  .12 -.06  .36| .01 -.16 -.05 -.34 -.02 -.39  .09  .03  .02  .43*

 [B] Entire series, effect on correlation (  .425) is:
       Lower   1962> -.040   1991> -.019   1948> -.017   1958< -.017   1959> -.016   1954< -.014  Higher   1977  .031   2001  .026
     1930 to 1969 segment:
       Lower   1962> -.081   1958< -.037   1948> -.034   1959> -.030   1954< -.027   1953< -.013  Higher   1952  .054   1965  .045
     1940 to 1979 segment:
       Lower   1962> -.091   1948> -.040   1959> -.037   1958< -.032   1954< -.024   1978< -.013  Higher   1977  .070   1952  .046

 [D]    2 Absent rings:  Year   Master  N series Absent
                         2001    -.882     119       2
                         2002    -.577     119       2

====================================================================================================================================

 SRA11     1935 to  2014      80 years                                                                                    Series 114

 [A] Segment   High   -10   -9   -8   -7   -6   -5   -4   -3   -2   -1   +0   +1   +2   +3   +4   +5   +6   +7   +8   +9  +10
    ---------  ----   ---  ---  ---  ---  ---  ---  ---  ---  ---  ---  ---  ---  ---  ---  ---  ---  ---  ---  ---  ---  ---
    1935 1974    0    .02 -.10 -.08 -.09 -.01 -.02 -.22 -.20  .17  .14  .31*-.05  .04 -.16 -.07  .18 -.14 -.07 -.08  .27 -.01
    1940 1979    0   -.03 -.05 -.15 -.14  .09 -.07 -.13 -.23  .18  .22  .30*-.02  .04 -.23 -.02  .11 -.18 -.15 -.04  .25  .01

 [B] Entire series, effect on correlation (  .509) is:
       Lower   1952> -.041   1950< -.028   1941< -.021   1984< -.020   2001> -.020   1954< -.018  Higher   1995  .024   1962  .021
     1935 to 1974 segment:
       Lower   1952> -.081   1941< -.039   1950< -.028   1954< -.027   1949> -.027   1972> -.020  Higher   1962  .073   1938  .041
     1940 to 1979 segment:
       Lower   1952> -.078   1950< -.047   1941< -.043   1954< -.036   1949> -.025   1963< -.024  Higher   1962  .071   1977  .042

 [E] Outliers     1   3.0 SD above or -4.5 SD below mean for year
       1952 +3.5 SD
====================================================================================================================================

 SRA41     1919 to  2014      96 years                                                                                    Series 115

 [A] Segment   High   -10   -9   -8   -7   -6   -5   -4   -3   -2   -1   +0   +1   +2   +3   +4   +5   +6   +7   +8   +9  +10
    ---------  ----   ---  ---  ---  ---  ---  ---  ---  ---  ---  ---  ---  ---  ---  ---  ---  ---  ---  ---  ---  ---  ---
    1960 1999    0   -.20  .08 -.19 -.05 -.14 -.02  .03 -.25  .13 -.22  .33* .07  .24  .04 -.15  .00 -.12 -.19 -.15  .11 -.21

 [B] Entire series, effect on correlation (  .449) is:
       Lower   1987> -.013   1962> -.013   1978< -.012   1984< -.012   1967> -.011   1948> -.011  Higher   1958  .026   2014  .016
     1960 to 1999 segment:
       Lower   1984< -.042   1978< -.041   1967> -.030   1987> -.029   1962> -.023   1991> -.019  Higher   1977  .061   1983  .032

 [D]    1 Absent rings:  Year   Master  N series Absent
                         1929   -1.436     113       5

 [E] Outliers     1   3.0 SD above or -4.5 SD below mean for year
       1929 -6.3 SD
====================================================================================================================================

 SRA65     1930 to  2013      84 years                                                                                    Series 116

 [A] Segment   High   -10   -9   -8   -7   -6   -5   -4   -3   -2   -1   +0   +1   +2   +3   +4   +5   +6   +7   +8   +9  +10
    ---------  ----   ---  ---  ---  ---  ---  ---  ---  ---  ---  ---  ---  ---  ---  ---  ---  ---  ---  ---  ---  ---  ---
    1930 1969    8   -.04 -.02 -.05  .09 -.10 -.22 -.10 -.07 -.02 -.11  .21| .03  .03  .02  .21 -.09 -.08  .01  .24*-.01 -.19
    1940 1979    0    .01  .03 -.02  .10  .02 -.15 -.12 -.09 -.10 -.14  .27* .03  .06 -.05  .19 -.08 -.19 -.10  .18  .11 -.03

 [B] Entire series, effect on correlation (  .451) is:
       Lower   1940< -.109   1946< -.024   1936< -.020   1949> -.018   1958< -.016   1939> -.014  Higher   1987  .023   1983  .018
     1930 to 1969 segment:
       Lower   1940< -.130   1946< -.037   1936< -.031   1949> -.029   1930> -.018   1958< -.015  Higher   1957  .040   1944  .034
     1940 to 1979 segment:
       Lower   1940< -.172   1946< -.040   1949> -.035   1958< -.017   1952> -.010   1972> -.009  Higher   1957  .041   1944  .032

====================================================================================================================================

 SRA13     1828 to  2015     188 years                                                                                    Series 117

 [B] Entire series, effect on correlation (  .621) is:
       Lower   1841> -.023   1832< -.012   1890> -.011   1877< -.011   1944> -.008   2012< -.007  Higher   1864  .026   1865  .010

 [D]    4 Absent rings:  Year   Master  N series Absent
                         1864   -2.904      42       1
                         1865   -2.650      43       1
                         1977   -1.585     125       3
                         1991   -1.551     122       5

 [E] Outliers     2   3.0 SD above or -4.5 SD below mean for year
       1903 -4.6 SD;    1977 -4.9 SD
====================================================================================================================================

 SRA08     1831 to  2014     184 years                                                                                    Series 118

 [A] Segment   High   -10   -9   -8   -7   -6   -5   -4   -3   -2   -1   +0   +1   +2   +3   +4   +5   +6   +7   +8   +9  +10
    ---------  ----   ---  ---  ---  ---  ---  ---  ---  ---  ---  ---  ---  ---  ---  ---  ---  ---  ---  ---  ---  ---  ---
    1960 1999   -2   -.30 -.12 -.19 -.10 -.09  .02  .01  .22  .42*-.08  .40|-.02 -.10 -.29 -.15 -.07 -.08 -.05  .27 -.08  .17

 [B] Entire series, effect on correlation (  .546) is:
       Lower   1903< -.026   1831< -.011   1889> -.009   1890> -.009   1851< -.008   1853< -.007  Higher   1841  .017   1962  .013
     1960 to 1999 segment:
       Lower   1965< -.032   1996< -.025   1992< -.021   1969< -.020   1971> -.017   1989> -.016  Higher   1962  .078   1991  .023

 [D]    3 Absent rings:  Year   Master  N series Absent
                         1962   -1.969     124       5
                         1990   -1.005     122       1
                         1991   -1.551     122       5

 [E] Outliers     1   3.0 SD above or -4.5 SD below mean for year
       1903 -6.1 SD
====================================================================================================================================

 SRA39a    1912 to  2014     103 years                                                                                    Series 119

 [B] Entire series, effect on correlation (  .692) is:
       Lower   1913< -.037   1926< -.016   1961> -.013   1944> -.011   1957< -.011   2002> -.010  Higher   1983  .015   1962  .014

====================================================================================================================================

 SRA39b    1913 to  2014     102 years                                                                                    Series 120

 [B] Entire series, effect on correlation (  .608) is:
       Lower   1914< -.031   2001> -.024   1950< -.022   2002> -.009   1936< -.007   1913< -.007  Higher   1983  .018   1962  .016

====================================================================================================================================

 SRA65     1911 to  2015     105 years                                                                                    Series 121

 [A] Segment   High   -10   -9   -8   -7   -6   -5   -4   -3   -2   -1   +0   +1   +2   +3   +4   +5   +6   +7   +8   +9  +10
    ---------  ----   ---  ---  ---  ---  ---  ---  ---  ---  ---  ---  ---  ---  ---  ---  ---  ---  ---  ---  ---  ---  ---
    1911 1950    7    .08  .02  .13 -.05 -.05  .07 -.07  .07 -.50 -.08  .00|-.08  .30 -.30 -.11  .05  .17  .33*-.08 -.06  .07
    1920 1959    2    .13  .06  .06 -.13 -.11  .03  .00  .11 -.38 -.15  .09|-.06  .32*-.14 -.09  .10 -.07  .32 -.14 -.09  .10

 [B] Entire series, effect on correlation (  .358) is:
       Lower   1944> -.025   1924> -.023   1931> -.023   1938< -.019   1961> -.015   2007> -.012  Higher   1962  .032   1991  .018
     1911 to 1950 segment:
       Lower   1944> -.068   1924> -.058   1938< -.049   1931> -.047   1925< -.026   1936< -.020  Higher   1921  .050   1948  .050
     1920 to 1959 segment:
       Lower   1944> -.067   1931> -.056   1924> -.055   1938< -.049   1925< -.025   1936< -.021  Higher   1948  .047   1956  .039

 [D]    2 Absent rings:  Year   Master  N series Absent
                         1968    -.672     124       1
                         1991   -1.551     122       5

 [E] Outliers     2   3.0 SD above or -4.5 SD below mean for year
       1931 +3.8 SD;    1991 -6.4 SD
====================================================================================================================================

 SRA61     1909 to  2015     107 years                                                                                    Series 122

 [A] Segment   High   -10   -9   -8   -7   -6   -5   -4   -3   -2   -1   +0   +1   +2   +3   +4   +5   +6   +7   +8   +9  +10
    ---------  ----   ---  ---  ---  ---  ---  ---  ---  ---  ---  ---  ---  ---  ---  ---  ---  ---  ---  ---  ---  ---  ---
    1960 1999    0    .00 -.04 -.13  .03  .05 -.08  .12 -.14 -.09  .18  .36*-.08  .21  .05 -.15 -.07 -.10 -.02 -.29 -.01  .23

 [B] Entire series, effect on correlation (  .416) is:
       Lower   1995< -.034   1932> -.019   1987> -.019   2000< -.016   1933> -.013   1911> -.013  Higher   1924  .029   1977  .023
     1960 to 1999 segment:
       Lower   1995< -.093   1987> -.050   1997< -.027   1992< -.023   1979> -.020   1996> -.017  Higher   1977  .070   1991  .063

 [E] Outliers     1   3.0 SD above or -4.5 SD below mean for year
       1933 +3.0 SD
====================================================================================================================================

 SRA08     1846 to  2012     167 years                                                                                    Series 123

 [A] Segment   High   -10   -9   -8   -7   -6   -5   -4   -3   -2   -1   +0   +1   +2   +3   +4   +5   +6   +7   +8   +9  +10
    ---------  ----   ---  ---  ---  ---  ---  ---  ---  ---  ---  ---  ---  ---  ---  ---  ---  ---  ---  ---  ---  ---  ---
    1900 1939    0   -.16 -.30  .31  .15  .30  .15 -.22  .01 -.15 -.01  .37*-.24  .03 -.10 -.14  .07 -.15  .30  .01 -.11 -.06
    1920 1959   -3   -.04 -.38  .28  .05  .22  .23  .00  .33*-.03  .01  .33|-.33 -.05 -.12 -.12  .06 -.38  .17  .06 -.15  .16
    1940 1979    0    .01 -.40 -.15  .13  .08 -.11 -.15  .15 -.02  .15  .34* .00 -.07 -.25  .03 -.13 -.16 -.19  .16 -.06  .24
    - - - - - - - - - - - - - - - - - - - - - - - - - - - - - - - - - - - - - - - - - - - - - - - - - - - - - - - - - - - - -
    1973 2012    0   -.08  .00 -.06 -.17  .04  .04  .12 -.14  .29  .00  .32* .19 -.20  .00 -.27    -    -    -    -    -    -

 [B] Entire series, effect on correlation (  .368) is:
       Lower   1937< -.023   2004> -.014   1993< -.012   1965< -.011   1948> -.011   1978< -.010  Higher   1865  .038   1962  .020
     1900 to 1939 segment:
       Lower   1937< -.089   1908> -.034   1935< -.024   1925< -.017   1929> -.016   1900< -.015  Higher   1932  .051   1903  .048
     1920 to 1959 segment:
       Lower   1937< -.105   1948> -.046   1959> -.031   1935< -.025   1958< -.020   1925< -.018  Higher   1932  .061   1924  .047
     1940 to 1979 segment:
       Lower   1965< -.057   1978< -.055   1948> -.050   1959> -.033   1958< -.028   1961> -.025  Higher   1962  .111   1977  .048
     1973 to 2012 segment:
       Lower   2004> -.060   1993< -.049   1978< -.036   2012< -.029   2011< -.026   1994> -.022  Higher   1983  .058   1977  .037

 [E] Outliers     1   3.0 SD above or -4.5 SD below mean for year
       1993 -4.8 SD
====================================================================================================================================

 SRA49b    1914 to  2015     102 years                                                                                    Series 124

 [A] Segment   High   -10   -9   -8   -7   -6   -5   -4   -3   -2   -1   +0   +1   +2   +3   +4   +5   +6   +7   +8   +9  +10
    ---------  ----   ---  ---  ---  ---  ---  ---  ---  ---  ---  ---  ---  ---  ---  ---  ---  ---  ---  ---  ---  ---  ---
    1914 1953   -3    .00  .01  .11  .16 -.06  .24 -.27  .36* .02  .02  .28|-.11  .04 -.14  .00  .06 -.31 -.05  .02 -.17  .17
    1920 1959   -3   -.10 -.02  .10  .14 -.10  .26 -.26  .50* .09  .07  .24|-.17  .01 -.19  .02  .10 -.32 -.01 -.10 -.12  .16
    1940 1979    0   -.12 -.07 -.19  .18 -.11  .28 -.28  .16  .09  .29  .35*-.27 -.13 -.23  .28 -.20 -.21 -.25  .02 -.12  .21

 [B] Entire series, effect on correlation (  .352) is:
       Lower   1927< -.043   1959> -.027   1935< -.024   2007> -.018   1948> -.015   1951< -.011  Higher   1977  .024   2001  .023
     1914 to 1953 segment:
       Lower   1927< -.075   1935< -.051   1948> -.039   1951< -.022   1930> -.010   1928> -.007  Higher   1923  .026   1921  .024
     1920 to 1959 segment:
       Lower   1959> -.059   1927< -.049   1935< -.042   1948> -.033   1951< -.018   1957< -.012  Higher   1958  .035   1952  .025
     1940 to 1979 segment:
       Lower   1959> -.083   1948> -.046   1951< -.037   1973< -.036   1966> -.026   1957< -.020  Higher   1977  .080   1962  .066

====================================================================================================================================

 SRA49a    1914 to  2015     102 years                                                                                    Series 125

 [A] Segment   High   -10   -9   -8   -7   -6   -5   -4   -3   -2   -1   +0   +1   +2   +3   +4   +5   +6   +7   +8   +9  +10
    ---------  ----   ---  ---  ---  ---  ---  ---  ---  ---  ---  ---  ---  ---  ---  ---  ---  ---  ---  ---  ---  ---  ---
    1914 1953   -8    .21 -.30  .47*-.07  .18  .22  .00  .22 -.09 -.09  .29|-.15  .03 -.23 -.06  .06 -.22 -.21  .15 -.40  .14

 [B] Entire series, effect on correlation (  .447) is:
       Lower   1914< -.043   1931> -.020   1986< -.015   1929> -.013   1935< -.010   1979> -.010  Higher   1932  .024   1983  .021
     1914 to 1953 segment:
       Lower   1914< -.117   1931> -.048   1929> -.031   1935< -.025   1936< -.023   1952> -.015  Higher   1932  .111   1924  .029

 [E] Outliers     1   3.0 SD above or -4.5 SD below mean for year
       1931 +3.6 SD
====================================================================================================================================

 SRA41     1915 to  2013      99 years                                                                                    Series 126

 [A] Segment   High   -10   -9   -8   -7   -6   -5   -4   -3   -2   -1   +0   +1   +2   +3   +4   +5   +6   +7   +8   +9  +10
    ---------  ----   ---  ---  ---  ---  ---  ---  ---  ---  ---  ---  ---  ---  ---  ---  ---  ---  ---  ---  ---  ---  ---
    1960 1999    0    .23 -.17 -.26 -.03 -.10 -.08 -.23  .06  .16  .20  .36*-.02  .08 -.21 -.02 -.11  .05 -.12 -.21  .06 -.02
    1974 2013    0   -.01 -.04 -.19 -.17  .10  .05  .10 -.21  .10  .06  .31* .06  .15  .03    -    -    -    -    -    -    -

 [B] Entire series, effect on correlation (  .400) is:
       Lower   1995< -.040   1978< -.022   1921< -.016   1923< -.015   1944> -.014   2007> -.010  Higher   1962  .045   1983  .025
     1960 to 1999 segment:
       Lower   1995< -.089   1978< -.045   1965< -.021   1979> -.019   1967> -.017   1968> -.013  Higher   1962  .153   1983  .061
     1974 to 2013 segment:
       Lower   1995< -.094   1978< -.052   2007> -.027   1979> -.025   2008> -.016   1992< -.013  Higher   1983  .079   1991  .041

 [E] Outliers     1   3.0 SD above or -4.5 SD below mean for year
       1962 -5.1 SD
====================================================================================================================================

 SRA59b    1904 to  2015     112 years                                                                                    Series 127

 [A] Segment   High   -10   -9   -8   -7   -6   -5   -4   -3   -2   -1   +0   +1   +2   +3   +4   +5   +6   +7   +8   +9  +10
    ---------  ----   ---  ---  ---  ---  ---  ---  ---  ---  ---  ---  ---  ---  ---  ---  ---  ---  ---  ---  ---  ---  ---
    1904 1943    0   -.13 -.41  .28 -.04  .06  .01  .05  .17  .08  .06  .35*-.24  .13 -.25  .02 -.02 -.18  .11  .04 -.04 -.01
    1920 1959    0   -.16 -.43  .27 -.16  .04  .03  .06  .27  .03  .11  .28*-.04  .23 -.21 -.05 -.03 -.31 -.04 -.09 -.18  .01
    1940 1979   -1   -.01 -.16  .06  .13  .07  .03 -.45  .22  .03  .47* .19|-.11  .08 -.13  .15 -.30 -.25 -.21  .01  .03  .08
    1960 1999   -1    .07 -.15 -.12  .02  .02 -.28 -.19  .05  .00  .41* .35|-.06  .16  .04  .01 -.28 -.09 -.16 -.02  .04  .09

 [B] Entire series, effect on correlation (  .355) is:
       Lower   1959> -.021   1969< -.019   1978< -.018   1934> -.017   1916> -.012   1944> -.012  Higher   1962  .025   1932  .022
     1904 to 1943 segment:
       Lower   1934> -.044   1916> -.031   1938< -.028   1929> -.025   1935< -.025   1917> -.018  Higher   1932  .142   1924  .034
     1920 to 1959 segment:
       Lower   1959> -.052   1934> -.040   1944> -.030   1938< -.021   1952> -.021   1935< -.020  Higher   1932  .159   1924  .038
     1940 to 1979 segment:
       Lower   1959> -.069   1969< -.067   1978< -.061   1944> -.038   1966> -.038   1940< -.026  Higher   1962  .127   1958  .054
     1960 to 1999 segment:
       Lower   1969< -.066   1978< -.062   1966> -.038   1986< -.022   1961> -.018   1979> -.014  Higher   1962  .087   1991  .066

 [E] Outliers     1   3.0 SD above or -4.5 SD below mean for year
       1932 -4.9 SD
====================================================================================================================================

 SRA59a    1904 to  2015     112 years                                                                                    Series 128

 [A] Segment   High   -10   -9   -8   -7   -6   -5   -4   -3   -2   -1   +0   +1   +2   +3   +4   +5   +6   +7   +8   +9  +10
    ---------  ----   ---  ---  ---  ---  ---  ---  ---  ---  ---  ---  ---  ---  ---  ---  ---  ---  ---  ---  ---  ---  ---
    1904 1943    7   -.11 -.33  .22 -.02  .08  .04 -.14  .04 -.16  .18  .28|-.07  .27 -.20 -.08 -.10 -.27  .33*-.02  .02 -.04
    1920 1959   -8   -.09 -.23  .31*-.21 -.02  .06  .03  .19 -.05  .23  .15|-.06  .27 -.13 -.07 -.06 -.21 -.13 -.22 -.22  .14
    1940 1979   -1    .00 -.15 -.13  .13  .04  .06 -.36  .04 -.01  .38* .05|-.10  .10 -.08  .16 -.32 -.03 -.23 -.21 -.11  .01
    1960 1999    0    .04 -.14 -.14  .11  .06 -.14 -.15 -.17 -.06  .18  .20*-.17  .06  .14  .13 -.27  .09 -.12 -.12  .00 -.10
    1976 2015    0    .01 -.16  .01  .06  .12 -.30 -.05 -.29 -.07  .20  .35*-.01    -    -    -    -    -    -    -    -    -

 [B] Entire series, effect on correlation (  .253) is:
       Lower   1978< -.042   1959> -.029   1938< -.022   1973< -.022   1944> -.015   1934> -.013  Higher   1932  .043   1991  .024
     1904 to 1943 segment:
       Lower   1938< -.072   1934> -.046   1909< -.025   1925< -.022   1916> -.021   1933> -.020  Higher   1932  .168   1914  .053
     1920 to 1959 segment:
       Lower   1959> -.083   1938< -.052   1944> -.043   1934> -.037   1933> -.017   1931> -.017  Higher   1932  .195   1949  .044
     1940 to 1979 segment:
       Lower   1978< -.092   1959> -.073   1944> -.038   1973< -.030   1966> -.015   1968> -.015  Higher   1962  .075   1977  .068
     1960 to 1999 segment:
       Lower   1978< -.104   1973< -.049   1994> -.032   1987> -.025   1989> -.022   1966> -.015  Higher   1991  .068   1962  .056
     1976 to 2015 segment:
       Lower   1978< -.141   1994> -.036   1987> -.028   1989> -.024   2007> -.016   1990> -.010  Higher   1991  .049   2015  .046

 [E] Outliers     2   3.0 SD above or -4.5 SD below mean for year
       1934 +3.2 SD;    1978 -4.8 SD
====================================================================================================================================
PART 7:  DESCRIPTIVE STATISTICS:                                                                   21:15  Fri 25 Jan 2019  Page   8
------------------------------------------------------------------------------------------------------------------------------------

                                                Corr   //-------- Unfiltered --------\\  //---- Filtered -----\\
                           No.    No.    No.    with   Mean   Max     Std   Auto   Mean   Max     Std   Auto  AR
 Seq Series   Interval   Years  Segmt  Flags   Master  msmt   msmt    dev   corr   sens  value    dev   corr  ()
 --- -------- ---------  -----  -----  -----   ------ -----  -----  -----  -----  -----  -----  -----  -----  --
   1 SS02-1a  1846 2016    171      8      1    .640   2.25   4.25   .815   .645   .247   2.65   .372  -.044   1
   2 SS02-1a  1837 2016    180      9      0    .632   2.15   4.48   .758   .685   .230   2.61   .357  -.015   1
   3 SS02-1c  1829 2016    188      9      0    .636   2.17   4.05   .749   .571   .248   2.66   .411  -.023   1
   4 SS05-1b  1897 2016    120      6      0    .597   2.13   4.60   .854   .684   .244   2.59   .403  -.051   1
   5 SS05-1a  1897 2013    117      6      0    .481   2.66   7.37  1.078   .507   .241   2.80   .389  -.071   1
   6 SS05-1d  1923 2016     94      4      0    .552   2.71   4.52   .903   .694   .213   2.68   .474  -.054   4
   7 SS05-1c  1926 2016     91      4      0    .519   3.47   7.85  1.447   .647   .244   2.67   .414  -.097   2
   8 SS06-1a  1769 2016    248     11      3    .493   1.71   4.54   .901   .836   .246   2.57   .379  -.003   1
   9 SS06-1b  1815 2016    202     10      2    .563   2.12   6.98  1.089   .723   .258   2.69   .342  -.017   1
  10 SS06-1c  1796 2016    221     11      1    .612   2.06   5.78  1.011   .844   .226   2.79   .386   .003   1
  11 SS06-1d  1804 2016    213     10      1    .576   1.77   5.38   .968   .855   .238   2.91   .423  -.010   2
  12 SS06-1e  1808 2016    209     10      2    .600   1.99   5.22   .987   .794   .231   2.81   .482  -.037   1
  13 SS08-1a  1838 2016    179      9      0    .450   1.55   4.88   .852   .744   .331   2.94   .545  -.003   1
  14 SS08-1b  1850 2016    167      8      4    .447   1.63   4.56   .882   .726   .316   2.99   .503   .019   1
  15 SS08-1c  1842 2016    175      8      4    .382   1.89   4.80  1.088   .828   .302   2.72   .376   .015   1
  16 SS09-1a  1899 2016    118      6      0    .550   3.08   5.05   .905   .612   .204   2.58   .320   .007   1
  17 SS09-1b  1895 2016    122      6      0    .617   2.26   3.94   .658   .567   .207   2.53   .417   .000   1
  18 SS09-1c  1894 2016    123      6      0    .587   3.03   5.49   .959   .627   .222   2.63   .335   .002   1
  19 SS09-1d  1883 2016    134      6      3    .347   2.08   6.10   .637   .407   .218   2.60   .406  -.021   1
  20 SS12-1a  1849 2016    168      8      1    .460   2.12   4.81   .855   .735   .242   2.71   .369   .024   2
  21 SS12-1b  1855 2016    162      8      0    .545   2.43   5.69  1.082   .717   .257   2.68   .432  -.027   1
  22 SS12-1c  1850 2016    167      8      0    .464   2.29   5.40   .990   .751   .258   2.71   .417  -.031   3
  23 SS12-1d  1847 2016    170      8      0    .514   2.31   5.69   .968   .742   .224   2.70   .402   .010   4
  24 SS12-1e  1848 2016    169      8      0    .505   2.32   6.76  1.031   .649   .257   2.59   .354  -.022   2
  25 SS01-1a  1868 2015    148      7      0    .637   1.73   6.72   .754   .461   .281   3.10   .435   .023   1
  26 SS01-1b  1879 2015    137      7      0    .609   1.92   5.35   .890   .672   .278   2.57   .356   .029   1
  27 SS01-1c  1865 2015    151      7      0    .626   1.66   3.85   .715   .569   .296   2.79   .366   .000   1
  28 SS10-1a  1918 2015     98      5      1    .452   2.80   5.42  1.029   .802   .196   2.55   .421   .085   1
  29 SS10-1b  1928 2015     88      4      0    .395   2.82   5.06   .999   .817   .173   2.57   .401  -.033   1
  30 SS10-1c  1914 2015    102      5      3    .409   2.21   3.94   .678   .537   .260   2.58   .412   .024   1
  31 SS04-1a  1903 2012    110      5      1    .480   2.11   5.24  1.051   .693   .295   2.86   .492  -.067   3
  32 SS04-1b  1913 2015    103      5      1    .442   2.10   6.55  1.198   .755   .265   2.59   .445  -.097   1
  33 SS04-1c  1903 2015    113      5      0    .562   2.22   4.58   .981   .630   .287   2.53   .353  -.121   1
  34 SS04-1d  1896 1982     87      5      2    .368   2.28   5.08   .958   .648   .288   2.47   .363  -.034   1
  35 SS11-1a  1813 2014    202     10      2    .520   2.42   6.73  1.105   .774   .232   2.67   .411   .042   2
  36 SS11-1b  1815 2014    200     10      0    .618   2.13   5.02   .970   .809   .244   2.65   .433   .045   2
  37 SS11-1c  1816 2014    199     10      0    .583   2.38   5.56  1.149   .830   .235   2.64   .370  -.016   1
  38 SS11-1d  1818 2013    196     10      2    .486   2.43   5.17   .996   .696   .262   2.68   .451  -.027   1
  39 SS11-1e  1825 2014    190      9      0    .582   2.19   5.47   .932   .760   .244   2.58   .419   .013   2
  40 SS07-1a  1857 2014    158      8      0    .551   2.19   5.05   .868   .746   .264   2.60   .397  -.043   1
  41 SS07-1b  1850 2014    165      8      1    .532   2.30   4.93   .906   .749   .252   2.51   .337   .011   1
  42 SS07-1c  1855 2014    160      8      2    .624   2.40   5.46   .864   .602   .276   2.71   .436  -.001   1
  43 SS07-1d  1847 2014    168      8      0    .544   2.37   5.07   .773   .641   .227   2.65   .355  -.028   2
  44 SS13-1a  1840 2014    175      8      0    .635   1.46   5.84  1.175   .874   .376   2.68   .425   .035   1
  45 SS13-1b  1840 2014    175      8      0    .582   1.45   5.30  1.083   .862   .361   2.60   .418   .021   1
  46 SS13-1c  1841 2014    174      8      0    .536   1.44   5.51  1.071   .863   .339   2.70   .360   .017   1
  47 SS01-2   1873 2014    142      7      2    .522   1.94   4.87   .893   .798   .242   2.58   .391   .080   1
  48 SS01-6   1879 1989    111      6      0    .511   1.40   3.76   .650   .756   .251   2.78   .503  -.008   1
PART 7:  DESCRIPTIVE STATISTICS:                                                                   21:15  Fri 25 Jan 2019  Page   9
------------------------------------------------------------------------------------------------------------------------------------

                                                Corr   //-------- Unfiltered --------\\  //---- Filtered -----\\
                           No.    No.    No.    with   Mean   Max     Std   Auto   Mean   Max     Std   Auto  AR
 Seq Series   Interval   Years  Segmt  Flags   Master  msmt   msmt    dev   corr   sens  value    dev   corr  ()
 --- -------- ---------  -----  -----  -----   ------ -----  -----  -----  -----  -----  -----  -----  -----  --
  49 SS01-8   1883 2014    132      6      1    .495   1.08   3.56   .821   .756   .426   2.91   .549  -.047   1
  50 SS02-4   1899 2012    114      6      1    .440   1.77   5.87   .854   .572   .327   2.78   .424  -.018   2
  51 SS02-5   1842 2013    172      8      0    .485   1.00   3.76   .793   .879   .347   2.72   .454  -.017   1
  52 SS03-6   1893 2012    120      6      0    .548   2.35   4.92  1.003   .611   .321   2.44   .312   .000   1
  53 SS03-7   1914 2016    103      5      1    .558   1.41   3.59   .811   .712   .340   2.73   .487  -.094   1
  54 SS03-8   1916 2015    100      5      2    .413   1.46   3.26   .669   .747   .290   2.57   .434  -.013   1
  55 SS04-16  1906 2011    106      5      0    .537   1.25   5.68   .954   .807   .432   2.75   .361  -.047   1
  56 SS04-17  1939 2014     76      4      2    .454   1.51   4.55  1.132   .814   .325   3.10   .602  -.054   1
  57 SS05-8   1893 2013    121      6      0    .613   1.02   3.59   .625   .764   .291   2.86   .482   .053   1
  58 SS07-23  1853 2014    162      8      0    .570   2.09   5.71  1.185   .779   .334   2.64   .367   .026   2
  59 SS08-7   1879 1992    114      6      6    .151    .56   2.04   .380   .756   .410   2.71   .519  -.083   1
  60 SS08-10  1860 2016    157      7      2    .426    .76   2.99   .623   .890   .347   2.43   .290  -.055   1
  61 SS08-11  1843 2014    172      8      1    .424   1.23   2.40   .420   .649   .220   2.71   .442  -.049   1
  62 SS08-13  1863 2016    154      7      1    .475    .62   2.10   .427   .674   .376   2.78   .514  -.050   1
  63 SS09-3   1877 1997    121      6      3    .352   1.40   6.41  1.260   .886   .369   2.72   .511  -.053   1
  64 SS09-10  1899 2011    113      6      4    .283    .68   2.00   .405   .859   .274   2.63   .446   .011   1
  65 SS09-13  1895 2016    122      6      2    .411   1.96   3.54   .626   .698   .200   2.63   .387  -.017   1
  66 SS09-14  1916 2016    101      5      4    .319   1.32   2.88   .535   .692   .275   2.76   .602   .043   2
  67 SS09-20  1914 2016    103      5      2    .334   1.46   3.17   .706   .673   .319   2.77   .419  -.045   1
  68 SS10-3   1913 1985     73      4      2    .290   1.46   4.72   .812   .637   .339   2.89   .520  -.095   1
  69 SS10-6   1962 2014     53      2      2    .175   1.47   2.69   .642   .784   .253   2.62   .482   .143   2
  70 SS10-10  1943 2015     73      3      2    .170   1.80   3.33   .651   .635   .229   2.63   .425  -.032   1
  71 SS10-13  1916 2015    100      5      1    .411   1.73   6.21  1.238   .912   .255   2.59   .456  -.051   1
  72 SS11-6   1949 2016     68      3      0    .605   1.08   2.06   .381   .630   .248   2.72   .489  -.057   1
  73 SS11-7   1930 2014     85      4      1    .454   1.67   4.89   .766   .596   .286   2.57   .451   .014   1
  74 SS13-2   1881 2016    136      6      4    .229   1.74   4.31  1.048   .932   .199   2.36   .336  -.040   2
  75 SS13-3a  1890 2013    124      6      0    .574   1.49   3.53   .631   .715   .245   2.62   .395  -.055   2
  76 SS13-3b  1875 1976    102      5      2    .419   1.25   2.59   .463   .682   .257   2.71   .459   .038   2
  77 SS13-12a 1882 1999    118      5      1    .524   1.49   3.41   .751   .681   .350   2.79   .475   .016   1
  78 SS13-12b 1845 1902     58      3      0    .550   3.27   6.89  1.842   .880   .259   2.74   .614   .136   1
  79 SRA60    1870 2014    145      7      2    .485   2.05   3.77   .668   .546   .247   2.76   .531  -.001   1
  80 SRA20    1913 2014    102      5      1    .513   2.58   5.44  1.030   .613   .271   2.74   .579  -.046   2
  81 SRA55    1882 2014    133      6      1    .576   2.67   5.18   .952   .686   .224   2.56   .361   .024   1
  82 SRA10    1917 2014     98      5      2    .463   1.91   3.31   .565   .548   .214   2.53   .357  -.005   3
  83 SRA21    1913 2014    102      5      0    .619   1.70   4.02   .639   .467   .322   2.65   .573   .039   1
  84 SRA50    1878 2014    137      7      2    .477   1.65   4.43   .883   .837   .243   2.80   .321  -.002   1
  85 SRA28    1917 2014     98      5      0    .684   1.65   6.70  1.323   .919   .212   2.69   .579  -.029   1
  86 SRA29    1917 2014     98      5      2    .432   2.66   6.96  1.603   .825   .310   2.80   .427   .032   1
  87 SRA07    1910 2014    105      5      0    .671   2.36   5.43   .792   .441   .265   2.91   .573  -.007   1
  88 SRA46A   1900 2014    115      5      0    .558   1.56   3.45   .577   .742   .225   2.59   .546   .009   1
  89 SRA46B   1900 2013    114      5      0    .695   1.44   3.58   .666   .769   .261   2.88   .496  -.023   1
  90 SRA18    1915 2014    100      5      0    .593   2.58   4.24   .664   .484   .215   2.67   .478  -.002   4
  91 SRA26A   1915 2014    100      5      1    .530   1.63   4.22   .770   .665   .282   2.87   .576   .009   1
  92 SRA26B   1914 2014    101      5      1    .572   1.53   3.39   .621   .610   .289   2.77   .525  -.002   1
  93 SRA45    1910 2014    105      5      0    .620   2.26   6.42   .907   .586   .255   2.79   .364  -.007   1
  94 SRA23    1896 2014    119      6      0    .638   1.50   3.68   .565   .557   .288   2.86   .625  -.075   1
  95 SRA37    1919 2015     97      5      5    .299   2.09   5.02   .957   .575   .271   2.99   .482   .021   1
  96 SRA16a   1828 2015    188      9      4    .507   2.11   6.01  1.318   .837   .304   2.67   .422  -.018   1
PART 7:  DESCRIPTIVE STATISTICS:                                                                   21:15  Fri 25 Jan 2019  Page  10
------------------------------------------------------------------------------------------------------------------------------------

                                                Corr   //-------- Unfiltered --------\\  //---- Filtered -----\\
                           No.    No.    No.    with   Mean   Max     Std   Auto   Mean   Max     Std   Auto  AR
 Seq Series   Interval   Years  Segmt  Flags   Master  msmt   msmt    dev   corr   sens  value    dev   corr  ()
 --- -------- ---------  -----  -----  -----   ------ -----  -----  -----  -----  -----  -----  -----  -----  --
  97 SRA22w   1808 1871     64      3      0    .447    .90   1.92   .314   .573   .259   2.73   .418  -.024   1
  98 SRA03    1913 2015    103      5      3    .372   2.52   5.07   .930   .733   .217   2.55   .417   .009   4
  99 SRA47    1895 2015    121      6      0    .604   1.79   4.23   .682   .662   .254   2.50   .377  -.016   1
 100 SRA54    1896 2015    120      6      1    .557   2.34   5.57  1.079   .713   .253   2.56   .381  -.057   1
 101 SRA06    1784 2015    232     11      0    .536   1.70   4.99   .917   .749   .283   2.57   .355  -.016   1
 102 SRA05    1912 2015    104      5      3    .326   1.39   3.77   .558   .686   .257   2.70   .552  -.044   1
 103 SRA35    1892 2014    123      6      0    .534   1.19   2.96   .697   .787   .349   2.63   .328   .055   1
 104 SRA33    1917 2015     99      5      0    .565   1.99   5.04  1.105   .781   .331   2.82   .536   .024   1
 105 SRA56a   1836 2015    180      9      0    .611   1.24   4.07   .857   .659   .465   2.85   .457  -.003   1
 106 SRA56b   1836 2015    180      9      1    .465    .98   3.56   .675   .743   .378   2.71   .378  -.007   1
 107 SRA36a   1896 2015    120      6      5    .297   1.13   4.30   .831   .916   .248   2.71   .426  -.078   1
 108 SRA27a   1949 2015     67      3      0    .493   2.57   7.06  1.589   .815   .284   2.64   .459  -.090   1
 109 SRA27b   1949 2015     67      3      0    .513   2.32   8.38  1.576   .746   .318   2.93   .631  -.092   1
 110 SRA44a   1976 2015     40      1      0    .466   3.67   5.81  1.014   .687   .179   2.54   .553  -.121   1
 111 SRA44b   1976 2015     40      1      1    .365   3.73   5.97   .987   .469   .204   3.09   .598  -.053   1
 112 SRA10a   1930 2015     86      4      1    .326   1.06   3.36   .615   .667   .359   2.61   .378   .080   1
 113 SRA10b   1930 2015     86      4      2    .425   1.51   4.10   .811   .499   .405   2.66   .419  -.023   2
 114 SRA11    1935 2014     80      4      2    .509   3.16   9.28  1.761   .794   .279   2.84   .593   .009   2
 115 SRA41    1919 2014     96      5      1    .449   1.42   4.32  1.050   .893   .329   2.57   .331  -.039   1
 116 SRA65    1930 2013     84      4      2    .451   2.64   7.28  1.809   .877   .240   2.58   .381  -.148   1
 117 SRA13    1828 2015    188      9      0    .621   1.54   5.08   .998   .726   .370   2.61   .358  -.006   1
 118 SRA08    1831 2014    184      9      1    .546   1.55   5.72   .903   .652   .392   2.57   .324  -.045   1
 119 SRA39a   1912 2014    103      5      0    .692   1.65   5.69   .788   .541   .335   2.90   .513  -.064   1
 120 SRA39b   1913 2014    102      5      0    .608   1.75   5.10   .747   .649   .256   2.75   .451  -.117   1
 121 SRA65    1911 2015    105      5      2    .358   1.03   2.46   .381   .507   .329   2.69   .341  -.026   1
 122 SRA61    1909 2015    107      5      1    .416   1.92   3.74   .857   .782   .264   2.66   .455  -.030   1
 123 SRA08    1846 2012    167      8      4    .368   1.21   2.85   .637   .810   .317   2.48   .415  -.026   1
 124 SRA49b   1914 2015    102      5      3    .352   1.30   2.40   .356   .475   .211   2.56   .377  -.070   1
 125 SRA49a   1914 2015    102      5      1    .447   1.21   2.84   .475   .677   .246   2.67   .411   .020   1
 126 SRA41    1915 2013     99      5      2    .400   1.58   2.81   .404   .673   .161   2.49   .340  -.007   2
 127 SRA59b   1904 2015    112      5      4    .355   1.33   2.51   .403   .644   .211   2.38   .308  -.044   1
 128 SRA59a   1904 2015    112      5      5    .253   1.37   2.23   .348   .588   .196   2.55   .430  -.046   2
 --- -------- ---------  -----  -----  -----   ------ -----  -----  -----  -----  -----  -----  -----  -----  --
 Total or mean:          16445    792    152    .504   1.86   9.28   .871   .713   .278   3.10   .425  -.014

                                              - = [  COFECHA PONDOCOF  ] = -
