age_CE,ID143a_L_raw,ID143b_L_raw,ID147a_L_raw,ID147b_L_raw,ID183b_L_raw,ID193b_L_raw,ID201b_D_raw,ID207a_L_raw,ID209a_L_raw,ID283a_L_raw,ID283b_L_raw,ID301a_U_raw,ID301b_U_raw,ID377a_L_raw,ID505a_L_raw,ID505b_L_raw,ID541a_D_raw,ID541b_D_raw,ID543a_L_raw,ID551a_L_raw,ID551b_L_raw,ID553a_U_raw,ID607a_L_raw,ID607b_L_raw,ID611a_D_raw,ID611b_D_raw,ID617a_L_raw,ID617b_L_raw,ID625a_D_raw,ID641a_L_raw,ID683a_L_raw,ID695a_L_raw,ID695b_L_raw,ID709a_D_raw,ID709b_D_raw,ID713a_D_raw,ID715a_D_raw,ID721a_L_raw,ID721b_L_raw,ID725a_L_raw,ID725b_L_raw,ID727a_L_raw,ID733a_D_raw,ID733b_D_raw,ID737b_L_raw,ID741a_D_raw,ID743a_D_raw,ID743b_D_raw,ID751b_D_raw,ID755a_D_raw,ID755b_D_raw,ID761a_D_raw,ID769a_L_raw,ID769b_L_raw,ID775a_L_raw,ID775b_L_raw,ID777a_L_raw,ID779a_D_raw,ID779b_D_raw,ID783a_L_raw,ID785a_D_raw,ID785b_D_raw,ID787a_L_raw,ID787b_L_raw,ID791b_D_raw,ID793a_D_raw,ID793b_D_raw,ID803a_D_raw,ID803b_D_raw,ID807a_D_raw,ID811a_L_raw,ID811b_L_raw,ID819b_L_raw,ID821a_D_raw,ID93a_U_raw,ID143a_L_raw_outlier_flag,ID143b_L_raw_outlier_flag,ID147a_L_raw_outlier_flag,ID147b_L_raw_outlier_flag,ID183b_L_raw_outlier_flag,ID193b_L_raw_outlier_flag,ID201b_D_raw_outlier_flag,ID207a_L_raw_outlier_flag,ID209a_L_raw_outlier_flag,ID283a_L_raw_outlier_flag,ID283b_L_raw_outlier_flag,ID301a_U_raw_outlier_flag,ID301b_U_raw_outlier_flag,ID377a_L_raw_outlier_flag,ID505a_L_raw_outlier_flag,ID505b_L_raw_outlier_flag,ID541a_D_raw_outlier_flag,ID541b_D_raw_outlier_flag,ID543a_L_raw_outlier_flag,ID551a_L_raw_outlier_flag,ID551b_L_raw_outlier_flag,ID553a_U_raw_outlier_flag,ID607a_L_raw_outlier_flag,ID607b_L_raw_outlier_flag,ID611a_D_raw_outlier_flag,ID611b_D_raw_outlier_flag,ID617a_L_raw_outlier_flag,ID617b_L_raw_outlier_flag,ID625a_D_raw_outlier_flag,ID641a_L_raw_outlier_flag,ID683a_L_raw_outlier_flag,ID695a_L_raw_outlier_flag,ID695b_L_raw_outlier_flag,ID709a_D_raw_outlier_flag,ID709b_D_raw_outlier_flag,ID713a_D_raw_outlier_flag,ID715a_D_raw_outlier_flag,ID721a_L_raw_outlier_flag,ID721b_L_raw_outlier_flag,ID725a_L_raw_outlier_flag,ID725b_L_raw_outlier_flag,ID727a_L_raw_outlier_flag,ID733a_D_raw_outlier_flag,ID733b_D_raw_outlier_flag,ID737b_L_raw_outlier_flag,ID741a_D_raw_outlier_flag,ID743a_D_raw_outlier_flag,ID743b_D_raw_outlier_flag,ID751b_D_raw_outlier_flag,ID755a_D_raw_outlier_flag,ID755b_D_raw_outlier_flag,ID761a_D_raw_outlier_flag,ID769a_L_raw_outlier_flag,ID769b_L_raw_outlier_flag,ID775a_L_raw_outlier_flag,ID775b_L_raw_outlier_flag,ID777a_L_raw_outlier_flag,ID779a_D_raw_outlier_flag,ID779b_D_raw_outlier_flag,ID783a_L_raw_outlier_flag,ID785a_D_raw_outlier_flag,ID785b_D_raw_outlier_flag,ID787a_L_raw_outlier_flag,ID787b_L_raw_outlier_flag,ID791b_D_raw_outlier_flag,ID793a_D_raw_outlier_flag,ID793b_D_raw_outlier_flag,ID803a_D_raw_outlier_flag,ID803b_D_raw_outlier_flag,ID807a_D_raw_outlier_flag,ID811a_L_raw_outlier_flag,ID811b_L_raw_outlier_flag,ID819b_L_raw_outlier_flag,ID821a_D_raw_outlier_flag,ID93a_U_raw_outlier_flag
1811,NA,NA,NA,NA,NA,NA,NA,NA,NA,NA,NA,NA,NA,NA,NA,NA,NA,NA,NA,NA,NA,NA,NA,NA,NA,NA,NA,NA,NA,NA,NA,NA,NA,NA,3.17,NA,NA,NA,NA,NA,NA,NA,NA,NA,NA,NA,NA,NA,NA,NA,NA,NA,NA,NA,NA,NA,NA,NA,NA,NA,NA,NA,NA,NA,NA,NA,NA,NA,NA,NA,NA,NA,NA,NA,NA,NA,NA,NA,NA,NA,NA,NA,NA,NA,NA,NA,NA,NA,NA,NA,NA,NA,NA,NA,NA,NA,NA,NA,NA,NA,NA,NA,NA,NA,NA,NA,NA,NA,NA,FALSE,NA,NA,NA,NA,NA,NA,NA,NA,NA,NA,NA,NA,NA,NA,NA,NA,NA,NA,NA,NA,NA,NA,NA,NA,NA,NA,NA,NA,NA,NA,NA,NA,NA,NA,NA,NA,NA,NA,NA,NA
1812,NA,NA,NA,NA,NA,NA,NA,NA,NA,NA,NA,NA,NA,NA,NA,NA,NA,NA,NA,NA,NA,NA,NA,NA,NA,NA,NA,NA,NA,NA,NA,NA,NA,NA,3.12,NA,NA,NA,NA,NA,NA,NA,NA,NA,NA,NA,NA,NA,NA,NA,NA,NA,NA,NA,NA,NA,NA,NA,NA,NA,NA,NA,NA,NA,NA,NA,NA,NA,NA,NA,NA,NA,NA,NA,NA,NA,NA,NA,NA,NA,NA,NA,NA,NA,NA,NA,NA,NA,NA,NA,NA,NA,NA,NA,NA,NA,NA,NA,NA,NA,NA,NA,NA,NA,NA,NA,NA,NA,NA,FALSE,NA,NA,NA,NA,NA,NA,NA,NA,NA,NA,NA,NA,NA,NA,NA,NA,NA,NA,NA,NA,NA,NA,NA,NA,NA,NA,NA,NA,NA,NA,NA,NA,NA,NA,NA,NA,NA,NA,NA,NA
1813,NA,NA,NA,NA,NA,NA,NA,NA,NA,NA,NA,NA,NA,NA,NA,NA,NA,NA,NA,NA,NA,NA,NA,NA,NA,NA,NA,NA,NA,NA,NA,NA,NA,NA,2.26,NA,NA,NA,NA,NA,NA,NA,NA,NA,NA,NA,NA,NA,NA,NA,NA,NA,NA,NA,NA,NA,NA,NA,NA,NA,NA,NA,NA,NA,NA,NA,NA,NA,NA,NA,NA,NA,NA,NA,NA,NA,NA,NA,NA,NA,NA,NA,NA,NA,NA,NA,NA,NA,NA,NA,NA,NA,NA,NA,NA,NA,NA,NA,NA,NA,NA,NA,NA,NA,NA,NA,NA,NA,NA,FALSE,NA,NA,NA,NA,NA,NA,NA,NA,NA,NA,NA,NA,NA,NA,NA,NA,NA,NA,NA,NA,NA,NA,NA,NA,NA,NA,NA,NA,NA,NA,NA,NA,NA,NA,NA,NA,NA,NA,NA,NA
1814,NA,NA,NA,NA,NA,NA,NA,NA,NA,NA,NA,NA,NA,NA,NA,NA,NA,NA,NA,NA,NA,NA,NA,NA,NA,NA,NA,NA,NA,NA,NA,NA,NA,NA,2.21,NA,NA,NA,NA,NA,NA,NA,NA,NA,NA,NA,NA,NA,NA,NA,NA,NA,NA,NA,NA,NA,NA,NA,NA,NA,NA,NA,NA,NA,NA,NA,NA,NA,NA,NA,NA,NA,NA,NA,NA,NA,NA,NA,NA,NA,NA,NA,NA,NA,NA,NA,NA,NA,NA,NA,NA,NA,NA,NA,NA,NA,NA,NA,NA,NA,NA,NA,NA,NA,NA,NA,NA,NA,NA,FALSE,NA,NA,NA,NA,NA,NA,NA,NA,NA,NA,NA,NA,NA,NA,NA,NA,NA,NA,NA,NA,NA,NA,NA,NA,NA,NA,NA,NA,NA,NA,NA,NA,NA,NA,NA,NA,NA,NA,NA,NA
1815,NA,NA,NA,NA,NA,NA,NA,NA,NA,NA,NA,NA,NA,NA,NA,NA,NA,NA,NA,NA,NA,NA,NA,NA,NA,NA,NA,NA,NA,NA,NA,NA,NA,NA,2.83,NA,NA,NA,NA,NA,NA,NA,NA,NA,NA,NA,NA,NA,NA,NA,NA,NA,NA,NA,NA,NA,NA,NA,NA,NA,NA,NA,NA,NA,NA,NA,NA,NA,NA,NA,NA,NA,NA,NA,NA,NA,NA,NA,NA,NA,NA,NA,NA,NA,NA,NA,NA,NA,NA,NA,NA,NA,NA,NA,NA,NA,NA,NA,NA,NA,NA,NA,NA,NA,NA,NA,NA,NA,NA,FALSE,NA,NA,NA,NA,NA,NA,NA,NA,NA,NA,NA,NA,NA,NA,NA,NA,NA,NA,NA,NA,NA,NA,NA,NA,NA,NA,NA,NA,NA,NA,NA,NA,NA,NA,NA,NA,NA,NA,NA,NA
1816,NA,NA,NA,NA,NA,NA,NA,NA,NA,NA,NA,NA,NA,NA,NA,NA,NA,NA,NA,NA,NA,NA,NA,NA,NA,NA,NA,NA,NA,NA,NA,NA,NA,NA,2.67,NA,NA,NA,NA,NA,NA,NA,NA,NA,NA,NA,NA,NA,NA,NA,NA,NA,NA,NA,NA,NA,NA,NA,NA,NA,NA,NA,NA,NA,NA,NA,NA,NA,NA,NA,NA,NA,NA,NA,NA,NA,NA,NA,NA,NA,NA,NA,NA,NA,NA,NA,NA,NA,NA,NA,NA,NA,NA,NA,NA,NA,NA,NA,NA,NA,NA,NA,NA,NA,NA,NA,NA,NA,NA,FALSE,NA,NA,NA,NA,NA,NA,NA,NA,NA,NA,NA,NA,NA,NA,NA,NA,NA,NA,NA,NA,NA,NA,NA,NA,NA,NA,NA,NA,NA,NA,NA,NA,NA,NA,NA,NA,NA,NA,NA,NA
1817,NA,NA,NA,NA,NA,NA,NA,NA,NA,NA,NA,NA,NA,NA,NA,NA,NA,NA,NA,NA,NA,NA,NA,NA,NA,NA,NA,NA,NA,NA,NA,NA,NA,NA,3.42,NA,NA,NA,NA,NA,NA,NA,NA,NA,NA,NA,NA,NA,NA,NA,NA,NA,NA,NA,NA,NA,NA,NA,NA,NA,NA,NA,NA,NA,NA,NA,NA,NA,NA,NA,NA,NA,NA,NA,NA,NA,NA,NA,NA,NA,NA,NA,NA,NA,NA,NA,NA,NA,NA,NA,NA,NA,NA,NA,NA,NA,NA,NA,NA,NA,NA,NA,NA,NA,NA,NA,NA,NA,NA,FALSE,NA,NA,NA,NA,NA,NA,NA,NA,NA,NA,NA,NA,NA,NA,NA,NA,NA,NA,NA,NA,NA,NA,NA,NA,NA,NA,NA,NA,NA,NA,NA,NA,NA,NA,NA,NA,NA,NA,NA,NA
1818,NA,NA,NA,NA,NA,NA,NA,NA,NA,NA,NA,NA,NA,NA,NA,NA,NA,NA,NA,NA,NA,NA,NA,NA,NA,NA,NA,NA,NA,NA,NA,NA,NA,NA,3.05,NA,NA,NA,NA,NA,NA,NA,NA,NA,NA,NA,NA,NA,NA,NA,NA,NA,NA,NA,NA,NA,NA,NA,NA,NA,NA,NA,NA,NA,NA,NA,NA,NA,NA,NA,NA,NA,NA,NA,NA,NA,NA,NA,NA,NA,NA,NA,NA,NA,NA,NA,NA,NA,NA,NA,NA,NA,NA,NA,NA,NA,NA,NA,NA,NA,NA,NA,NA,NA,NA,NA,NA,NA,NA,FALSE,NA,NA,NA,NA,NA,NA,NA,NA,NA,NA,NA,NA,NA,NA,NA,NA,NA,NA,NA,NA,NA,NA,NA,NA,NA,NA,NA,NA,NA,NA,NA,NA,NA,NA,NA,NA,NA,NA,NA,NA
1819,NA,NA,NA,NA,NA,NA,NA,NA,NA,NA,NA,NA,NA,NA,NA,NA,NA,NA,NA,NA,NA,NA,NA,NA,NA,NA,NA,NA,NA,NA,NA,NA,NA,2.86,3.74,NA,NA,NA,NA,NA,NA,NA,NA,NA,NA,NA,NA,NA,NA,NA,NA,NA,NA,NA,NA,NA,NA,NA,NA,NA,NA,NA,NA,NA,NA,NA,NA,NA,NA,NA,NA,NA,NA,NA,NA,NA,NA,NA,NA,NA,NA,NA,NA,NA,NA,NA,NA,NA,NA,NA,NA,NA,NA,NA,NA,NA,NA,NA,NA,NA,NA,NA,NA,NA,NA,NA,NA,NA,TRUE,FALSE,NA,NA,NA,NA,NA,NA,NA,NA,NA,NA,NA,NA,NA,NA,NA,NA,NA,NA,NA,NA,NA,NA,NA,NA,NA,NA,NA,NA,NA,NA,NA,NA,NA,NA,NA,NA,NA,NA,NA,NA
1820,NA,NA,NA,NA,NA,NA,NA,NA,NA,NA,NA,NA,NA,NA,NA,NA,NA,NA,NA,NA,NA,NA,NA,NA,NA,NA,NA,NA,NA,NA,NA,NA,NA,2.02,2.76,NA,NA,NA,NA,NA,NA,NA,NA,NA,NA,NA,NA,NA,NA,NA,NA,NA,NA,NA,NA,NA,NA,NA,NA,NA,NA,NA,NA,NA,NA,NA,NA,NA,NA,NA,NA,NA,NA,NA,NA,NA,NA,NA,NA,NA,NA,NA,NA,NA,NA,NA,NA,NA,NA,NA,NA,NA,NA,NA,NA,NA,NA,NA,NA,NA,NA,NA,NA,NA,NA,NA,NA,NA,FALSE,FALSE,NA,NA,NA,NA,NA,NA,NA,NA,NA,NA,NA,NA,NA,NA,NA,NA,NA,NA,NA,NA,NA,NA,NA,NA,NA,NA,NA,NA,NA,NA,NA,NA,NA,NA,NA,NA,NA,NA,NA,NA
1821,NA,NA,NA,NA,NA,NA,NA,NA,NA,NA,NA,NA,NA,NA,NA,NA,NA,NA,NA,NA,NA,NA,NA,NA,NA,NA,NA,NA,NA,NA,NA,NA,NA,2.58,4.06,NA,NA,NA,NA,NA,NA,NA,NA,NA,NA,NA,NA,NA,NA,NA,NA,NA,NA,NA,NA,NA,NA,NA,NA,NA,NA,NA,NA,NA,NA,NA,NA,NA,NA,NA,NA,NA,NA,NA,NA,NA,NA,NA,NA,NA,NA,NA,NA,NA,NA,NA,NA,NA,NA,NA,NA,NA,NA,NA,NA,NA,NA,NA,NA,NA,NA,NA,NA,NA,NA,NA,NA,NA,FALSE,TRUE,NA,NA,NA,NA,NA,NA,NA,NA,NA,NA,NA,NA,NA,NA,NA,NA,NA,NA,NA,NA,NA,NA,NA,NA,NA,NA,NA,NA,NA,NA,NA,NA,NA,NA,NA,NA,NA,NA,NA,NA
1822,NA,NA,NA,NA,NA,NA,NA,NA,NA,NA,NA,NA,NA,NA,NA,NA,NA,NA,NA,NA,NA,NA,NA,NA,NA,NA,NA,NA,NA,NA,NA,NA,NA,2.19,2.9,NA,NA,NA,NA,NA,NA,NA,NA,NA,NA,NA,NA,NA,NA,NA,NA,NA,NA,NA,NA,NA,NA,NA,NA,NA,NA,NA,NA,NA,NA,NA,NA,NA,NA,NA,NA,NA,NA,NA,NA,NA,NA,NA,NA,NA,NA,NA,NA,NA,NA,NA,NA,NA,NA,NA,NA,NA,NA,NA,NA,NA,NA,NA,NA,NA,NA,NA,NA,NA,NA,NA,NA,NA,FALSE,FALSE,NA,NA,NA,NA,NA,NA,NA,NA,NA,NA,NA,NA,NA,NA,NA,NA,NA,NA,NA,NA,NA,NA,NA,NA,NA,NA,NA,NA,NA,NA,NA,NA,NA,NA,NA,NA,NA,NA,NA,NA
1823,NA,NA,NA,NA,NA,NA,NA,NA,NA,NA,NA,NA,NA,NA,NA,NA,NA,NA,NA,NA,NA,NA,NA,NA,NA,NA,NA,NA,NA,NA,NA,NA,NA,0.61,0.73,NA,NA,NA,NA,NA,NA,NA,NA,NA,NA,NA,NA,NA,NA,NA,NA,NA,NA,NA,NA,NA,NA,NA,NA,NA,NA,NA,NA,NA,NA,NA,NA,NA,NA,NA,NA,NA,NA,NA,NA,NA,NA,NA,NA,NA,NA,NA,NA,NA,NA,NA,NA,NA,NA,NA,NA,NA,NA,NA,NA,NA,NA,NA,NA,NA,NA,NA,NA,NA,NA,NA,NA,NA,FALSE,FALSE,NA,NA,NA,NA,NA,NA,NA,NA,NA,NA,NA,NA,NA,NA,NA,NA,NA,NA,NA,NA,NA,NA,NA,NA,NA,NA,NA,NA,NA,NA,NA,NA,NA,NA,NA,NA,NA,NA,NA,NA
1824,NA,NA,NA,NA,NA,NA,NA,NA,NA,NA,NA,NA,NA,NA,NA,NA,NA,NA,NA,NA,NA,NA,NA,NA,NA,NA,NA,NA,NA,NA,NA,NA,NA,1.33,1.64,NA,NA,NA,NA,NA,NA,NA,NA,NA,NA,NA,NA,NA,NA,NA,NA,NA,NA,NA,NA,NA,NA,NA,NA,NA,NA,NA,NA,NA,NA,NA,NA,NA,NA,NA,NA,NA,NA,NA,NA,NA,NA,NA,NA,NA,NA,NA,NA,NA,NA,NA,NA,NA,NA,NA,NA,NA,NA,NA,NA,NA,NA,NA,NA,NA,NA,NA,NA,NA,NA,NA,NA,NA,FALSE,FALSE,NA,NA,NA,NA,NA,NA,NA,NA,NA,NA,NA,NA,NA,NA,NA,NA,NA,NA,NA,NA,NA,NA,NA,NA,NA,NA,NA,NA,NA,NA,NA,NA,NA,NA,NA,NA,NA,NA,NA,NA
1825,NA,NA,NA,NA,NA,NA,NA,NA,NA,NA,NA,NA,NA,NA,NA,NA,NA,NA,NA,NA,NA,NA,NA,NA,NA,NA,NA,NA,NA,NA,NA,NA,NA,1.5,2.04,NA,NA,NA,NA,NA,NA,NA,NA,NA,NA,NA,NA,NA,NA,NA,NA,NA,NA,NA,NA,NA,NA,NA,NA,NA,NA,NA,NA,NA,NA,NA,NA,NA,NA,NA,NA,NA,NA,NA,NA,NA,NA,NA,NA,NA,NA,NA,NA,NA,NA,NA,NA,NA,NA,NA,NA,NA,NA,NA,NA,NA,NA,NA,NA,NA,NA,NA,NA,NA,NA,NA,NA,NA,FALSE,FALSE,NA,NA,NA,NA,NA,NA,NA,NA,NA,NA,NA,NA,NA,NA,NA,NA,NA,NA,NA,NA,NA,NA,NA,NA,NA,NA,NA,NA,NA,NA,NA,NA,NA,NA,NA,NA,NA,NA,NA,NA
1826,NA,NA,NA,NA,NA,NA,NA,NA,NA,NA,NA,NA,NA,NA,NA,NA,NA,NA,NA,NA,NA,NA,NA,NA,NA,NA,NA,NA,NA,NA,NA,NA,NA,1.74,1.56,NA,NA,NA,NA,NA,NA,NA,NA,NA,NA,NA,NA,NA,NA,NA,NA,NA,NA,NA,NA,NA,NA,NA,NA,NA,NA,NA,NA,NA,NA,NA,NA,NA,NA,NA,NA,NA,NA,NA,NA,NA,NA,NA,NA,NA,NA,NA,NA,NA,NA,NA,NA,NA,NA,NA,NA,NA,NA,NA,NA,NA,NA,NA,NA,NA,NA,NA,NA,NA,NA,NA,NA,NA,FALSE,FALSE,NA,NA,NA,NA,NA,NA,NA,NA,NA,NA,NA,NA,NA,NA,NA,NA,NA,NA,NA,NA,NA,NA,NA,NA,NA,NA,NA,NA,NA,NA,NA,NA,NA,NA,NA,NA,NA,NA,NA,NA
1827,NA,NA,NA,NA,NA,NA,NA,NA,NA,NA,NA,NA,NA,NA,NA,NA,NA,NA,NA,NA,NA,NA,NA,NA,NA,NA,NA,NA,NA,NA,NA,NA,NA,1.45,1.15,NA,NA,NA,NA,NA,NA,NA,NA,NA,NA,NA,NA,NA,NA,NA,NA,NA,NA,NA,NA,NA,NA,NA,NA,NA,NA,NA,NA,NA,NA,NA,NA,NA,NA,NA,NA,NA,NA,NA,NA,NA,NA,NA,NA,NA,NA,NA,NA,NA,NA,NA,NA,NA,NA,NA,NA,NA,NA,NA,NA,NA,NA,NA,NA,NA,NA,NA,NA,NA,NA,NA,NA,NA,FALSE,FALSE,NA,NA,NA,NA,NA,NA,NA,NA,NA,NA,NA,NA,NA,NA,NA,NA,NA,NA,NA,NA,NA,NA,NA,NA,NA,NA,NA,NA,NA,NA,NA,NA,NA,NA,NA,NA,NA,NA,NA,NA
1828,NA,NA,NA,NA,NA,NA,NA,NA,NA,NA,NA,NA,NA,NA,NA,NA,NA,NA,NA,NA,NA,NA,NA,NA,NA,NA,NA,NA,NA,NA,NA,NA,NA,2.06,1.92,NA,NA,NA,NA,NA,NA,NA,NA,NA,NA,NA,NA,NA,NA,NA,NA,NA,NA,NA,NA,NA,NA,NA,NA,NA,NA,NA,NA,NA,NA,NA,NA,NA,NA,NA,NA,NA,NA,NA,NA,NA,NA,NA,NA,NA,NA,NA,NA,NA,NA,NA,NA,NA,NA,NA,NA,NA,NA,NA,NA,NA,NA,NA,NA,NA,NA,NA,NA,NA,NA,NA,NA,NA,FALSE,FALSE,NA,NA,NA,NA,NA,NA,NA,NA,NA,NA,NA,NA,NA,NA,NA,NA,NA,NA,NA,NA,NA,NA,NA,NA,NA,NA,NA,NA,NA,NA,NA,NA,NA,NA,NA,NA,NA,NA,NA,NA
1829,NA,NA,NA,NA,NA,NA,NA,NA,NA,NA,NA,NA,NA,NA,NA,NA,NA,NA,NA,NA,NA,NA,NA,NA,NA,NA,NA,NA,NA,NA,NA,NA,NA,1.81,2.24,NA,NA,NA,NA,NA,NA,NA,NA,NA,NA,NA,NA,NA,NA,NA,NA,NA,NA,NA,NA,NA,NA,NA,NA,NA,NA,NA,NA,NA,NA,NA,NA,NA,NA,NA,NA,NA,NA,NA,NA,NA,NA,NA,NA,NA,NA,NA,NA,NA,NA,NA,NA,NA,NA,NA,NA,NA,NA,NA,NA,NA,NA,NA,NA,NA,NA,NA,NA,NA,NA,NA,NA,NA,FALSE,FALSE,NA,NA,NA,NA,NA,NA,NA,NA,NA,NA,NA,NA,NA,NA,NA,NA,NA,NA,NA,NA,NA,NA,NA,NA,NA,NA,NA,NA,NA,NA,NA,NA,NA,NA,NA,NA,NA,NA,NA,NA
1830,NA,NA,NA,NA,NA,NA,NA,NA,NA,NA,NA,NA,NA,NA,NA,NA,NA,NA,NA,NA,NA,NA,NA,NA,NA,NA,NA,NA,NA,NA,NA,NA,NA,1.59,1.35,NA,NA,NA,NA,NA,NA,NA,NA,NA,NA,NA,NA,NA,NA,NA,NA,NA,NA,NA,NA,NA,NA,NA,NA,NA,NA,NA,NA,NA,NA,NA,NA,NA,NA,NA,NA,NA,NA,NA,NA,NA,NA,NA,NA,NA,NA,NA,NA,NA,NA,NA,NA,NA,NA,NA,NA,NA,NA,NA,NA,NA,NA,NA,NA,NA,NA,NA,NA,NA,NA,NA,NA,NA,FALSE,FALSE,NA,NA,NA,NA,NA,NA,NA,NA,NA,NA,NA,NA,NA,NA,NA,NA,NA,NA,NA,NA,NA,NA,NA,NA,NA,NA,NA,NA,NA,NA,NA,NA,NA,NA,NA,NA,NA,NA,NA,NA
1831,NA,NA,NA,NA,NA,NA,NA,NA,NA,NA,NA,NA,NA,NA,NA,NA,NA,NA,NA,NA,NA,NA,NA,NA,NA,NA,NA,NA,NA,NA,NA,NA,NA,1.84,2.55,NA,NA,NA,NA,NA,NA,NA,NA,NA,NA,NA,NA,NA,NA,NA,NA,NA,NA,NA,NA,NA,NA,NA,NA,NA,NA,NA,NA,NA,NA,NA,NA,NA,NA,NA,NA,NA,NA,NA,NA,NA,NA,NA,NA,NA,NA,NA,NA,NA,NA,NA,NA,NA,NA,NA,NA,NA,NA,NA,NA,NA,NA,NA,NA,NA,NA,NA,NA,NA,NA,NA,NA,NA,FALSE,FALSE,NA,NA,NA,NA,NA,NA,NA,NA,NA,NA,NA,NA,NA,NA,NA,NA,NA,NA,NA,NA,NA,NA,NA,NA,NA,NA,NA,NA,NA,NA,NA,NA,NA,NA,NA,NA,NA,NA,NA,NA
1832,NA,NA,NA,NA,NA,NA,NA,NA,NA,NA,NA,NA,NA,NA,NA,NA,NA,NA,NA,NA,NA,NA,NA,NA,NA,NA,NA,NA,NA,NA,NA,NA,NA,2.26,2.91,NA,NA,NA,NA,NA,NA,NA,NA,NA,NA,NA,NA,NA,NA,NA,NA,NA,NA,NA,NA,NA,NA,NA,NA,NA,NA,NA,NA,NA,NA,NA,NA,NA,NA,NA,NA,NA,NA,NA,NA,NA,NA,NA,NA,NA,NA,NA,NA,NA,NA,NA,NA,NA,NA,NA,NA,NA,NA,NA,NA,NA,NA,NA,NA,NA,NA,NA,NA,NA,NA,NA,NA,NA,FALSE,FALSE,NA,NA,NA,NA,NA,NA,NA,NA,NA,NA,NA,NA,NA,NA,NA,NA,NA,NA,NA,NA,NA,NA,NA,NA,NA,NA,NA,NA,NA,NA,NA,NA,NA,NA,NA,NA,NA,NA,NA,NA
1833,NA,NA,NA,NA,NA,NA,NA,NA,NA,NA,NA,NA,NA,NA,NA,NA,NA,NA,NA,NA,NA,NA,NA,NA,NA,NA,NA,NA,NA,NA,NA,NA,NA,1.84,1.7,NA,NA,NA,NA,NA,NA,NA,NA,NA,NA,NA,NA,NA,NA,NA,NA,NA,NA,NA,NA,NA,NA,NA,NA,NA,NA,NA,NA,NA,NA,NA,NA,NA,NA,NA,NA,NA,NA,NA,NA,NA,NA,NA,NA,NA,NA,NA,NA,NA,NA,NA,NA,NA,NA,NA,NA,NA,NA,NA,NA,NA,NA,NA,NA,NA,NA,NA,NA,NA,NA,NA,NA,NA,FALSE,FALSE,NA,NA,NA,NA,NA,NA,NA,NA,NA,NA,NA,NA,NA,NA,NA,NA,NA,NA,NA,NA,NA,NA,NA,NA,NA,NA,NA,NA,NA,NA,NA,NA,NA,NA,NA,NA,NA,NA,NA,NA
1834,NA,NA,NA,NA,NA,NA,NA,NA,NA,NA,NA,NA,NA,NA,NA,NA,NA,NA,NA,NA,NA,NA,NA,NA,NA,NA,NA,NA,NA,NA,NA,NA,NA,1.5,1.44,NA,NA,NA,NA,NA,NA,NA,NA,NA,NA,NA,NA,NA,NA,NA,NA,NA,NA,NA,NA,NA,NA,NA,NA,NA,NA,NA,NA,NA,NA,NA,NA,NA,NA,NA,NA,NA,NA,NA,NA,NA,NA,NA,NA,NA,NA,NA,NA,NA,NA,NA,NA,NA,NA,NA,NA,NA,NA,NA,NA,NA,NA,NA,NA,NA,NA,NA,NA,NA,NA,NA,NA,NA,FALSE,FALSE,NA,NA,NA,NA,NA,NA,NA,NA,NA,NA,NA,NA,NA,NA,NA,NA,NA,NA,NA,NA,NA,NA,NA,NA,NA,NA,NA,NA,NA,NA,NA,NA,NA,NA,NA,NA,NA,NA,NA,NA
1835,NA,NA,NA,NA,NA,NA,NA,NA,NA,NA,NA,NA,NA,NA,NA,NA,NA,NA,NA,NA,NA,NA,NA,NA,NA,NA,NA,NA,NA,NA,NA,NA,NA,1.58,1.49,NA,NA,NA,NA,NA,NA,NA,NA,NA,NA,NA,NA,NA,NA,NA,NA,NA,NA,NA,NA,NA,NA,NA,NA,NA,NA,NA,NA,NA,NA,NA,NA,NA,NA,NA,NA,NA,NA,NA,NA,NA,NA,NA,NA,NA,NA,NA,NA,NA,NA,NA,NA,NA,NA,NA,NA,NA,NA,NA,NA,NA,NA,NA,NA,NA,NA,NA,NA,NA,NA,NA,NA,NA,FALSE,FALSE,NA,NA,NA,NA,NA,NA,NA,NA,NA,NA,NA,NA,NA,NA,NA,NA,NA,NA,NA,NA,NA,NA,NA,NA,NA,NA,NA,NA,NA,NA,NA,NA,NA,NA,NA,NA,NA,NA,NA,NA
1836,NA,NA,NA,NA,NA,NA,NA,NA,NA,NA,NA,NA,NA,NA,NA,NA,NA,NA,NA,NA,NA,NA,NA,NA,NA,NA,NA,NA,NA,NA,NA,NA,NA,1.17,1.74,NA,NA,NA,NA,NA,NA,NA,NA,NA,NA,NA,NA,NA,NA,NA,NA,NA,NA,NA,NA,NA,NA,NA,NA,NA,NA,NA,NA,NA,NA,NA,NA,NA,NA,NA,NA,NA,NA,NA,NA,NA,NA,NA,NA,NA,NA,NA,NA,NA,NA,NA,NA,NA,NA,NA,NA,NA,NA,NA,NA,NA,NA,NA,NA,NA,NA,NA,NA,NA,NA,NA,NA,NA,FALSE,FALSE,NA,NA,NA,NA,NA,NA,NA,NA,NA,NA,NA,NA,NA,NA,NA,NA,NA,NA,NA,NA,NA,NA,NA,NA,NA,NA,NA,NA,NA,NA,NA,NA,NA,NA,NA,NA,NA,NA,NA,NA
1837,NA,NA,NA,NA,NA,NA,NA,NA,NA,NA,NA,NA,NA,NA,NA,NA,NA,NA,NA,NA,NA,NA,NA,NA,NA,NA,NA,NA,NA,NA,NA,NA,NA,1.27,1.73,NA,NA,NA,NA,NA,NA,NA,NA,NA,NA,NA,NA,NA,NA,NA,NA,NA,NA,NA,NA,NA,NA,NA,NA,NA,NA,NA,NA,NA,NA,NA,NA,NA,NA,NA,NA,NA,NA,NA,NA,NA,NA,NA,NA,NA,NA,NA,NA,NA,NA,NA,NA,NA,NA,NA,NA,NA,NA,NA,NA,NA,NA,NA,NA,NA,NA,NA,NA,NA,NA,NA,NA,NA,FALSE,FALSE,NA,NA,NA,NA,NA,NA,NA,NA,NA,NA,NA,NA,NA,NA,NA,NA,NA,NA,NA,NA,NA,NA,NA,NA,NA,NA,NA,NA,NA,NA,NA,NA,NA,NA,NA,NA,NA,NA,NA,NA
1838,NA,NA,NA,NA,NA,NA,NA,NA,NA,NA,NA,NA,NA,NA,NA,NA,NA,NA,NA,NA,NA,NA,NA,NA,NA,NA,NA,NA,NA,NA,NA,NA,NA,1.45,2.32,NA,NA,NA,NA,NA,NA,NA,NA,NA,NA,NA,NA,NA,NA,NA,NA,NA,NA,NA,NA,NA,NA,NA,NA,NA,NA,NA,NA,NA,NA,NA,NA,NA,NA,NA,NA,NA,NA,NA,NA,NA,NA,NA,NA,NA,NA,NA,NA,NA,NA,NA,NA,NA,NA,NA,NA,NA,NA,NA,NA,NA,NA,NA,NA,NA,NA,NA,NA,NA,NA,NA,NA,NA,FALSE,FALSE,NA,NA,NA,NA,NA,NA,NA,NA,NA,NA,NA,NA,NA,NA,NA,NA,NA,NA,NA,NA,NA,NA,NA,NA,NA,NA,NA,NA,NA,NA,NA,NA,NA,NA,NA,NA,NA,NA,NA,NA
1839,NA,NA,NA,NA,NA,NA,NA,NA,NA,NA,NA,NA,NA,NA,NA,NA,NA,NA,NA,NA,NA,NA,NA,NA,NA,NA,NA,NA,NA,NA,NA,NA,NA,2,2.2,NA,NA,NA,NA,NA,NA,NA,NA,NA,NA,NA,NA,NA,NA,NA,NA,NA,NA,NA,NA,NA,NA,NA,NA,NA,NA,NA,NA,NA,NA,NA,NA,NA,NA,NA,NA,NA,NA,NA,NA,NA,NA,NA,NA,NA,NA,NA,NA,NA,NA,NA,NA,NA,NA,NA,NA,NA,NA,NA,NA,NA,NA,NA,NA,NA,NA,NA,NA,NA,NA,NA,NA,NA,FALSE,FALSE,NA,NA,NA,NA,NA,NA,NA,NA,NA,NA,NA,NA,NA,NA,NA,NA,NA,NA,NA,NA,NA,NA,NA,NA,NA,NA,NA,NA,NA,NA,NA,NA,NA,NA,NA,NA,NA,NA,NA,NA
1840,NA,NA,NA,NA,NA,NA,NA,NA,NA,NA,NA,NA,NA,NA,NA,NA,NA,NA,NA,NA,NA,NA,NA,NA,NA,NA,NA,NA,NA,NA,NA,NA,NA,1.57,2.36,NA,NA,NA,NA,NA,NA,NA,NA,NA,NA,NA,NA,NA,NA,NA,NA,NA,NA,NA,NA,NA,NA,NA,NA,NA,NA,NA,NA,NA,NA,NA,NA,NA,NA,NA,NA,NA,NA,NA,NA,NA,NA,NA,NA,NA,NA,NA,NA,NA,NA,NA,NA,NA,NA,NA,NA,NA,NA,NA,NA,NA,NA,NA,NA,NA,NA,NA,NA,NA,NA,NA,NA,NA,FALSE,FALSE,NA,NA,NA,NA,NA,NA,NA,NA,NA,NA,NA,NA,NA,NA,NA,NA,NA,NA,NA,NA,NA,NA,NA,NA,NA,NA,NA,NA,NA,NA,NA,NA,NA,NA,NA,NA,NA,NA,NA,NA
1841,NA,NA,NA,NA,NA,NA,NA,NA,NA,NA,NA,NA,NA,NA,NA,NA,NA,NA,NA,NA,NA,NA,NA,NA,NA,NA,NA,NA,NA,NA,NA,NA,NA,1.32,1.57,NA,NA,NA,NA,NA,NA,NA,NA,NA,NA,NA,NA,NA,NA,NA,NA,NA,NA,NA,NA,NA,NA,NA,NA,NA,NA,NA,NA,NA,NA,NA,NA,NA,NA,NA,NA,NA,NA,NA,NA,NA,NA,NA,NA,NA,NA,NA,NA,NA,NA,NA,NA,NA,NA,NA,NA,NA,NA,NA,NA,NA,NA,NA,NA,NA,NA,NA,NA,NA,NA,NA,NA,NA,FALSE,FALSE,NA,NA,NA,NA,NA,NA,NA,NA,NA,NA,NA,NA,NA,NA,NA,NA,NA,NA,NA,NA,NA,NA,NA,NA,NA,NA,NA,NA,NA,NA,NA,NA,NA,NA,NA,NA,NA,NA,NA,NA
1842,NA,NA,NA,NA,NA,NA,NA,NA,NA,NA,NA,NA,NA,NA,NA,NA,NA,NA,NA,NA,NA,NA,NA,NA,NA,NA,NA,NA,NA,NA,NA,NA,NA,1.12,1.53,NA,NA,NA,NA,NA,NA,NA,NA,NA,NA,NA,NA,NA,NA,NA,NA,NA,NA,NA,NA,NA,NA,NA,NA,NA,NA,NA,NA,NA,NA,NA,NA,NA,NA,NA,NA,NA,NA,NA,NA,NA,NA,NA,NA,NA,NA,NA,NA,NA,NA,NA,NA,NA,NA,NA,NA,NA,NA,NA,NA,NA,NA,NA,NA,NA,NA,NA,NA,NA,NA,NA,NA,NA,FALSE,FALSE,NA,NA,NA,NA,NA,NA,NA,NA,NA,NA,NA,NA,NA,NA,NA,NA,NA,NA,NA,NA,NA,NA,NA,NA,NA,NA,NA,NA,NA,NA,NA,NA,NA,NA,NA,NA,NA,NA,NA,NA
1843,NA,NA,NA,NA,NA,NA,NA,NA,NA,NA,NA,NA,NA,NA,NA,NA,NA,NA,NA,NA,NA,NA,NA,NA,NA,NA,NA,NA,NA,NA,NA,NA,NA,1.12,1.57,NA,NA,NA,NA,NA,NA,NA,NA,NA,NA,NA,NA,NA,NA,NA,NA,NA,NA,NA,NA,NA,NA,NA,NA,NA,NA,NA,NA,NA,NA,NA,NA,NA,NA,NA,NA,NA,NA,NA,NA,NA,NA,NA,NA,NA,NA,NA,NA,NA,NA,NA,NA,NA,NA,NA,NA,NA,NA,NA,NA,NA,NA,NA,NA,NA,NA,NA,NA,NA,NA,NA,NA,NA,FALSE,FALSE,NA,NA,NA,NA,NA,NA,NA,NA,NA,NA,NA,NA,NA,NA,NA,NA,NA,NA,NA,NA,NA,NA,NA,NA,NA,NA,NA,NA,NA,NA,NA,NA,NA,NA,NA,NA,NA,NA,NA,NA
1844,NA,NA,NA,NA,NA,NA,NA,NA,NA,NA,NA,NA,NA,NA,NA,NA,NA,NA,NA,NA,NA,NA,NA,NA,NA,NA,NA,NA,NA,NA,NA,NA,NA,0.96,1.29,NA,NA,NA,NA,NA,NA,NA,NA,NA,NA,NA,NA,NA,NA,NA,NA,NA,NA,NA,NA,NA,NA,NA,NA,NA,NA,NA,NA,NA,NA,NA,NA,NA,NA,NA,NA,NA,NA,NA,NA,NA,NA,NA,NA,NA,NA,NA,NA,NA,NA,NA,NA,NA,NA,NA,NA,NA,NA,NA,NA,NA,NA,NA,NA,NA,NA,NA,NA,NA,NA,NA,NA,NA,FALSE,FALSE,NA,NA,NA,NA,NA,NA,NA,NA,NA,NA,NA,NA,NA,NA,NA,NA,NA,NA,NA,NA,NA,NA,NA,NA,NA,NA,NA,NA,NA,NA,NA,NA,NA,NA,NA,NA,NA,NA,NA,NA
1845,NA,NA,NA,NA,NA,NA,NA,NA,NA,NA,NA,NA,NA,NA,NA,NA,NA,NA,NA,NA,NA,NA,NA,NA,NA,NA,NA,NA,NA,NA,NA,NA,NA,2.14,2.18,NA,NA,NA,NA,NA,NA,NA,NA,NA,NA,NA,NA,NA,NA,NA,NA,NA,NA,NA,NA,NA,NA,NA,NA,NA,NA,NA,NA,NA,NA,NA,NA,NA,NA,NA,NA,NA,NA,NA,NA,NA,NA,NA,NA,NA,NA,NA,NA,NA,NA,NA,NA,NA,NA,NA,NA,NA,NA,NA,NA,NA,NA,NA,NA,NA,NA,NA,NA,NA,NA,NA,NA,NA,FALSE,FALSE,NA,NA,NA,NA,NA,NA,NA,NA,NA,NA,NA,NA,NA,NA,NA,NA,NA,NA,NA,NA,NA,NA,NA,NA,NA,NA,NA,NA,NA,NA,NA,NA,NA,NA,NA,NA,NA,NA,NA,NA
1846,NA,NA,NA,NA,NA,NA,NA,NA,NA,NA,NA,NA,NA,NA,NA,NA,NA,NA,NA,NA,NA,NA,NA,NA,NA,NA,NA,NA,NA,NA,NA,NA,NA,2.09,1.93,NA,NA,NA,NA,NA,NA,NA,NA,NA,NA,NA,NA,NA,NA,NA,NA,NA,NA,NA,NA,NA,NA,NA,NA,NA,NA,NA,NA,NA,NA,NA,NA,NA,NA,NA,NA,NA,NA,NA,NA,NA,NA,NA,NA,NA,NA,NA,NA,NA,NA,NA,NA,NA,NA,NA,NA,NA,NA,NA,NA,NA,NA,NA,NA,NA,NA,NA,NA,NA,NA,NA,NA,NA,FALSE,FALSE,NA,NA,NA,NA,NA,NA,NA,NA,NA,NA,NA,NA,NA,NA,NA,NA,NA,NA,NA,NA,NA,NA,NA,NA,NA,NA,NA,NA,NA,NA,NA,NA,NA,NA,NA,NA,NA,NA,NA,NA
1847,NA,NA,NA,NA,NA,NA,NA,NA,NA,NA,NA,NA,NA,NA,NA,NA,NA,NA,NA,NA,NA,NA,NA,NA,NA,NA,NA,NA,NA,NA,NA,NA,NA,1.87,1.97,NA,NA,NA,NA,NA,NA,NA,NA,NA,NA,NA,NA,NA,NA,NA,NA,NA,NA,NA,NA,NA,NA,NA,NA,NA,NA,NA,NA,NA,3.7,NA,NA,NA,NA,NA,NA,NA,NA,NA,NA,NA,NA,NA,NA,NA,NA,NA,NA,NA,NA,NA,NA,NA,NA,NA,NA,NA,NA,NA,NA,NA,NA,NA,NA,NA,NA,NA,NA,NA,NA,NA,NA,NA,FALSE,FALSE,NA,NA,NA,NA,NA,NA,NA,NA,NA,NA,NA,NA,NA,NA,NA,NA,NA,NA,NA,NA,NA,NA,NA,NA,NA,NA,NA,NA,NA,TRUE,NA,NA,NA,NA,NA,NA,NA,NA,NA,NA
1848,NA,NA,NA,NA,NA,NA,NA,NA,NA,NA,NA,NA,NA,NA,NA,NA,NA,NA,NA,NA,NA,NA,NA,NA,NA,NA,NA,NA,NA,NA,NA,NA,NA,1.65,1.84,NA,NA,NA,NA,NA,NA,NA,NA,NA,NA,NA,NA,NA,NA,NA,NA,NA,NA,NA,NA,NA,NA,NA,NA,NA,NA,NA,NA,NA,2.55,NA,NA,NA,NA,NA,NA,NA,NA,NA,NA,NA,NA,NA,NA,NA,NA,NA,NA,NA,NA,NA,NA,NA,NA,NA,NA,NA,NA,NA,NA,NA,NA,NA,NA,NA,NA,NA,NA,NA,NA,NA,NA,NA,FALSE,FALSE,NA,NA,NA,NA,NA,NA,NA,NA,NA,NA,NA,NA,NA,NA,NA,NA,NA,NA,NA,NA,NA,NA,NA,NA,NA,NA,NA,NA,NA,FALSE,NA,NA,NA,NA,NA,NA,NA,NA,NA,NA
1849,NA,NA,NA,NA,NA,NA,NA,NA,NA,NA,NA,NA,NA,NA,NA,NA,NA,NA,NA,NA,NA,NA,NA,NA,NA,NA,NA,NA,NA,NA,NA,NA,NA,1.57,1.6,NA,NA,NA,NA,NA,NA,NA,NA,NA,NA,NA,NA,NA,NA,NA,NA,NA,NA,NA,NA,NA,NA,NA,NA,NA,NA,NA,NA,NA,2.13,NA,NA,NA,NA,NA,NA,NA,NA,NA,NA,NA,NA,NA,NA,NA,NA,NA,NA,NA,NA,NA,NA,NA,NA,NA,NA,NA,NA,NA,NA,NA,NA,NA,NA,NA,NA,NA,NA,NA,NA,NA,NA,NA,FALSE,FALSE,NA,NA,NA,NA,NA,NA,NA,NA,NA,NA,NA,NA,NA,NA,NA,NA,NA,NA,NA,NA,NA,NA,NA,NA,NA,NA,NA,NA,NA,FALSE,NA,NA,NA,NA,NA,NA,NA,NA,NA,NA
1850,NA,NA,NA,NA,NA,NA,NA,NA,NA,NA,NA,NA,NA,NA,NA,NA,NA,NA,NA,NA,NA,NA,NA,NA,NA,NA,NA,NA,NA,NA,NA,NA,NA,1.65,1.6,NA,NA,NA,NA,NA,NA,NA,NA,NA,NA,NA,NA,NA,NA,NA,NA,NA,NA,NA,NA,NA,NA,NA,NA,NA,NA,NA,NA,NA,2.23,NA,NA,NA,NA,NA,NA,NA,NA,NA,NA,NA,NA,NA,NA,NA,NA,NA,NA,NA,NA,NA,NA,NA,NA,NA,NA,NA,NA,NA,NA,NA,NA,NA,NA,NA,NA,NA,NA,NA,NA,NA,NA,NA,FALSE,FALSE,NA,NA,NA,NA,NA,NA,NA,NA,NA,NA,NA,NA,NA,NA,NA,NA,NA,NA,NA,NA,NA,NA,NA,NA,NA,NA,NA,NA,NA,FALSE,NA,NA,NA,NA,NA,NA,NA,NA,NA,NA
1851,NA,NA,NA,NA,NA,NA,NA,NA,NA,NA,NA,NA,NA,NA,NA,NA,NA,NA,NA,NA,NA,NA,NA,NA,NA,NA,NA,NA,NA,NA,NA,NA,NA,1.59,1.89,NA,NA,NA,NA,NA,NA,NA,NA,NA,NA,NA,NA,NA,NA,NA,NA,NA,NA,NA,NA,NA,NA,NA,NA,NA,NA,NA,NA,NA,1.27,NA,NA,NA,NA,NA,NA,NA,NA,NA,NA,NA,NA,NA,NA,NA,NA,NA,NA,NA,NA,NA,NA,NA,NA,NA,NA,NA,NA,NA,NA,NA,NA,NA,NA,NA,NA,NA,NA,NA,NA,NA,NA,NA,FALSE,FALSE,NA,NA,NA,NA,NA,NA,NA,NA,NA,NA,NA,NA,NA,NA,NA,NA,NA,NA,NA,NA,NA,NA,NA,NA,NA,NA,NA,NA,NA,FALSE,NA,NA,NA,NA,NA,NA,NA,NA,NA,NA
1852,NA,NA,NA,NA,NA,NA,NA,NA,NA,NA,NA,NA,NA,NA,NA,NA,NA,NA,NA,NA,NA,NA,NA,NA,NA,NA,NA,NA,NA,NA,NA,NA,NA,1.77,2.11,NA,NA,NA,NA,NA,NA,NA,NA,NA,NA,NA,NA,NA,NA,NA,NA,NA,NA,NA,NA,NA,NA,NA,NA,NA,NA,NA,NA,NA,2.57,NA,NA,NA,NA,NA,NA,NA,NA,NA,NA,NA,NA,NA,NA,NA,NA,NA,NA,NA,NA,NA,NA,NA,NA,NA,NA,NA,NA,NA,NA,NA,NA,NA,NA,NA,NA,NA,NA,NA,NA,NA,NA,NA,FALSE,FALSE,NA,NA,NA,NA,NA,NA,NA,NA,NA,NA,NA,NA,NA,NA,NA,NA,NA,NA,NA,NA,NA,NA,NA,NA,NA,NA,NA,NA,NA,FALSE,NA,NA,NA,NA,NA,NA,NA,NA,NA,NA
1853,NA,NA,NA,NA,NA,NA,NA,NA,NA,NA,NA,NA,NA,NA,NA,NA,NA,NA,NA,NA,NA,NA,NA,NA,NA,NA,NA,NA,NA,NA,NA,NA,NA,2.05,2.02,NA,NA,NA,NA,NA,NA,NA,NA,NA,NA,NA,NA,NA,NA,NA,NA,NA,NA,NA,NA,NA,NA,NA,NA,NA,NA,NA,NA,NA,1.93,NA,NA,NA,NA,NA,NA,NA,NA,NA,NA,NA,NA,NA,NA,NA,NA,NA,NA,NA,NA,NA,NA,NA,NA,NA,NA,NA,NA,NA,NA,NA,NA,NA,NA,NA,NA,NA,NA,NA,NA,NA,NA,NA,FALSE,FALSE,NA,NA,NA,NA,NA,NA,NA,NA,NA,NA,NA,NA,NA,NA,NA,NA,NA,NA,NA,NA,NA,NA,NA,NA,NA,NA,NA,NA,NA,FALSE,NA,NA,NA,NA,NA,NA,NA,NA,NA,NA
1854,NA,NA,NA,NA,NA,NA,NA,NA,NA,NA,NA,NA,NA,NA,NA,NA,NA,NA,NA,NA,NA,NA,NA,NA,NA,NA,NA,NA,NA,NA,NA,NA,NA,1.73,1.93,NA,NA,NA,NA,NA,NA,NA,NA,NA,NA,NA,NA,NA,NA,NA,NA,NA,NA,NA,NA,NA,NA,NA,NA,NA,NA,NA,NA,NA,1.45,NA,NA,NA,NA,NA,NA,NA,NA,NA,NA,NA,NA,NA,NA,NA,NA,NA,NA,NA,NA,NA,NA,NA,NA,NA,NA,NA,NA,NA,NA,NA,NA,NA,NA,NA,NA,NA,NA,NA,NA,NA,NA,NA,FALSE,FALSE,NA,NA,NA,NA,NA,NA,NA,NA,NA,NA,NA,NA,NA,NA,NA,NA,NA,NA,NA,NA,NA,NA,NA,NA,NA,NA,NA,NA,NA,FALSE,NA,NA,NA,NA,NA,NA,NA,NA,NA,NA
1855,NA,NA,NA,NA,NA,NA,NA,NA,NA,NA,NA,NA,NA,NA,NA,NA,NA,NA,NA,NA,NA,NA,NA,NA,NA,NA,NA,NA,NA,NA,NA,NA,NA,1.78,1.89,NA,NA,NA,NA,NA,NA,NA,NA,NA,NA,NA,NA,NA,NA,NA,NA,NA,NA,NA,NA,NA,NA,NA,NA,NA,NA,NA,NA,NA,1.54,NA,NA,NA,NA,NA,NA,NA,NA,NA,NA,NA,NA,NA,NA,NA,NA,NA,NA,NA,NA,NA,NA,NA,NA,NA,NA,NA,NA,NA,NA,NA,NA,NA,NA,NA,NA,NA,NA,NA,NA,NA,NA,NA,FALSE,FALSE,NA,NA,NA,NA,NA,NA,NA,NA,NA,NA,NA,NA,NA,NA,NA,NA,NA,NA,NA,NA,NA,NA,NA,NA,NA,NA,NA,NA,NA,FALSE,NA,NA,NA,NA,NA,NA,NA,NA,NA,NA
1856,NA,NA,NA,NA,NA,NA,NA,NA,NA,NA,NA,NA,NA,NA,NA,NA,NA,NA,NA,NA,NA,NA,NA,NA,NA,NA,NA,NA,NA,NA,NA,NA,NA,1.47,1.7,NA,NA,NA,NA,NA,NA,NA,NA,NA,NA,NA,NA,NA,NA,NA,NA,NA,NA,NA,NA,NA,NA,NA,NA,NA,NA,NA,NA,NA,1.24,NA,NA,NA,NA,NA,NA,NA,NA,NA,NA,NA,NA,NA,NA,NA,NA,NA,NA,NA,NA,NA,NA,NA,NA,NA,NA,NA,NA,NA,NA,NA,NA,NA,NA,NA,NA,NA,NA,NA,NA,NA,NA,NA,FALSE,FALSE,NA,NA,NA,NA,NA,NA,NA,NA,NA,NA,NA,NA,NA,NA,NA,NA,NA,NA,NA,NA,NA,NA,NA,NA,NA,NA,NA,NA,NA,FALSE,NA,NA,NA,NA,NA,NA,NA,NA,NA,NA
1857,NA,NA,NA,NA,NA,NA,NA,NA,NA,NA,NA,NA,NA,NA,NA,NA,NA,NA,NA,NA,NA,NA,NA,NA,NA,NA,NA,NA,NA,NA,NA,NA,NA,1.66,2.07,NA,NA,NA,NA,NA,NA,NA,NA,NA,NA,NA,NA,NA,NA,NA,NA,NA,NA,NA,NA,NA,NA,NA,NA,NA,NA,NA,NA,NA,1.22,NA,NA,NA,NA,NA,NA,NA,NA,NA,NA,NA,NA,NA,NA,NA,NA,NA,NA,NA,NA,NA,NA,NA,NA,NA,NA,NA,NA,NA,NA,NA,NA,NA,NA,NA,NA,NA,NA,NA,NA,NA,NA,NA,FALSE,FALSE,NA,NA,NA,NA,NA,NA,NA,NA,NA,NA,NA,NA,NA,NA,NA,NA,NA,NA,NA,NA,NA,NA,NA,NA,NA,NA,NA,NA,NA,FALSE,NA,NA,NA,NA,NA,NA,NA,NA,NA,NA
1858,NA,NA,NA,NA,NA,NA,NA,NA,NA,NA,NA,NA,NA,NA,NA,NA,NA,NA,NA,NA,NA,NA,NA,NA,NA,NA,NA,NA,NA,NA,NA,NA,NA,1.24,1.62,NA,NA,NA,NA,NA,NA,NA,NA,NA,NA,NA,NA,NA,NA,NA,NA,NA,NA,NA,NA,NA,NA,NA,NA,NA,NA,NA,NA,NA,1.95,NA,NA,NA,NA,NA,NA,NA,NA,NA,NA,NA,NA,NA,NA,NA,NA,NA,NA,NA,NA,NA,NA,NA,NA,NA,NA,NA,NA,NA,NA,NA,NA,NA,NA,NA,NA,NA,NA,NA,NA,NA,NA,NA,FALSE,FALSE,NA,NA,NA,NA,NA,NA,NA,NA,NA,NA,NA,NA,NA,NA,NA,NA,NA,NA,NA,NA,NA,NA,NA,NA,NA,NA,NA,NA,NA,FALSE,NA,NA,NA,NA,NA,NA,NA,NA,NA,NA
1859,NA,NA,NA,NA,NA,NA,NA,NA,NA,NA,NA,NA,NA,NA,NA,NA,NA,NA,NA,NA,NA,NA,NA,NA,NA,NA,NA,NA,NA,NA,NA,NA,NA,1.25,1.83,NA,NA,NA,NA,NA,NA,NA,NA,NA,NA,NA,NA,NA,NA,NA,NA,NA,NA,NA,NA,NA,NA,NA,NA,NA,NA,NA,NA,NA,2.73,NA,NA,NA,NA,NA,NA,NA,NA,NA,NA,NA,NA,NA,NA,NA,NA,NA,NA,NA,NA,NA,NA,NA,NA,NA,NA,NA,NA,NA,NA,NA,NA,NA,NA,NA,NA,NA,NA,NA,NA,NA,NA,NA,FALSE,FALSE,NA,NA,NA,NA,NA,NA,NA,NA,NA,NA,NA,NA,NA,NA,NA,NA,NA,NA,NA,NA,NA,NA,NA,NA,NA,NA,NA,NA,NA,FALSE,NA,NA,NA,NA,NA,NA,NA,NA,NA,NA
1860,NA,NA,NA,NA,NA,NA,NA,NA,NA,NA,NA,NA,NA,NA,NA,NA,NA,NA,NA,NA,NA,NA,NA,NA,NA,NA,NA,NA,NA,NA,NA,NA,NA,1.51,2.19,NA,NA,NA,NA,NA,NA,NA,NA,NA,NA,NA,NA,NA,NA,NA,NA,NA,NA,NA,NA,NA,NA,NA,NA,NA,NA,NA,NA,NA,2.18,NA,NA,NA,NA,NA,NA,NA,NA,NA,NA,NA,NA,NA,NA,NA,NA,NA,NA,NA,NA,NA,NA,NA,NA,NA,NA,NA,NA,NA,NA,NA,NA,NA,NA,NA,NA,NA,NA,NA,NA,NA,NA,NA,FALSE,FALSE,NA,NA,NA,NA,NA,NA,NA,NA,NA,NA,NA,NA,NA,NA,NA,NA,NA,NA,NA,NA,NA,NA,NA,NA,NA,NA,NA,NA,NA,FALSE,NA,NA,NA,NA,NA,NA,NA,NA,NA,NA
1861,NA,NA,NA,NA,NA,NA,NA,NA,NA,NA,NA,NA,NA,NA,NA,NA,NA,NA,NA,NA,NA,NA,NA,NA,NA,NA,NA,NA,NA,NA,NA,NA,NA,1.65,1.99,NA,NA,NA,NA,NA,NA,NA,NA,NA,NA,NA,NA,NA,NA,NA,NA,NA,NA,NA,NA,NA,NA,NA,NA,NA,NA,NA,NA,NA,1.88,NA,NA,NA,NA,NA,NA,NA,NA,NA,NA,NA,NA,NA,NA,NA,NA,NA,NA,NA,NA,NA,NA,NA,NA,NA,NA,NA,NA,NA,NA,NA,NA,NA,NA,NA,NA,NA,NA,NA,NA,NA,NA,NA,FALSE,FALSE,NA,NA,NA,NA,NA,NA,NA,NA,NA,NA,NA,NA,NA,NA,NA,NA,NA,NA,NA,NA,NA,NA,NA,NA,NA,NA,NA,NA,NA,FALSE,NA,NA,NA,NA,NA,NA,NA,NA,NA,NA
1862,NA,NA,NA,NA,NA,NA,NA,NA,NA,NA,NA,NA,NA,NA,NA,NA,NA,NA,NA,NA,NA,NA,NA,NA,NA,NA,NA,NA,NA,NA,NA,NA,NA,1.25,1.44,NA,NA,NA,NA,NA,NA,NA,NA,NA,NA,NA,NA,NA,NA,NA,NA,NA,NA,NA,NA,NA,NA,NA,NA,NA,NA,NA,NA,NA,1.81,NA,NA,NA,NA,NA,NA,NA,NA,NA,NA,NA,NA,NA,NA,NA,NA,NA,NA,NA,NA,NA,NA,NA,NA,NA,NA,NA,NA,NA,NA,NA,NA,NA,NA,NA,NA,NA,NA,NA,NA,NA,NA,NA,FALSE,FALSE,NA,NA,NA,NA,NA,NA,NA,NA,NA,NA,NA,NA,NA,NA,NA,NA,NA,NA,NA,NA,NA,NA,NA,NA,NA,NA,NA,NA,NA,FALSE,NA,NA,NA,NA,NA,NA,NA,NA,NA,NA
1863,NA,NA,NA,NA,NA,NA,NA,NA,NA,NA,NA,NA,NA,NA,NA,NA,NA,NA,NA,NA,NA,NA,NA,NA,NA,NA,NA,NA,NA,NA,NA,NA,NA,1.39,1.82,NA,NA,NA,NA,NA,NA,NA,NA,NA,NA,NA,NA,NA,NA,NA,NA,NA,NA,NA,NA,NA,NA,NA,NA,NA,NA,NA,NA,NA,1.85,NA,NA,NA,NA,NA,NA,NA,NA,NA,NA,NA,NA,NA,NA,NA,NA,NA,NA,NA,NA,NA,NA,NA,NA,NA,NA,NA,NA,NA,NA,NA,NA,NA,NA,NA,NA,NA,NA,NA,NA,NA,NA,NA,FALSE,FALSE,NA,NA,NA,NA,NA,NA,NA,NA,NA,NA,NA,NA,NA,NA,NA,NA,NA,NA,NA,NA,NA,NA,NA,NA,NA,NA,NA,NA,NA,FALSE,NA,NA,NA,NA,NA,NA,NA,NA,NA,NA
1864,NA,NA,NA,NA,NA,NA,NA,NA,NA,NA,NA,NA,NA,NA,NA,NA,NA,NA,NA,NA,NA,NA,NA,NA,NA,NA,NA,NA,NA,NA,NA,NA,NA,1.29,1.63,NA,NA,NA,NA,NA,NA,NA,NA,NA,NA,NA,NA,NA,NA,NA,NA,NA,NA,NA,NA,NA,NA,NA,NA,NA,NA,NA,NA,NA,1.58,NA,NA,NA,NA,NA,NA,NA,NA,NA,NA,NA,NA,NA,NA,NA,NA,NA,NA,NA,NA,NA,NA,NA,NA,NA,NA,NA,NA,NA,NA,NA,NA,NA,NA,NA,NA,NA,NA,NA,NA,NA,NA,NA,FALSE,FALSE,NA,NA,NA,NA,NA,NA,NA,NA,NA,NA,NA,NA,NA,NA,NA,NA,NA,NA,NA,NA,NA,NA,NA,NA,NA,NA,NA,NA,NA,FALSE,NA,NA,NA,NA,NA,NA,NA,NA,NA,NA
1865,NA,NA,NA,NA,NA,NA,NA,NA,NA,NA,NA,NA,NA,NA,NA,NA,NA,NA,NA,NA,NA,NA,NA,NA,NA,NA,NA,NA,NA,NA,NA,NA,NA,0.74,1.14,NA,NA,NA,NA,NA,NA,NA,NA,NA,NA,NA,NA,NA,NA,NA,NA,NA,NA,NA,NA,NA,NA,NA,NA,NA,NA,NA,NA,NA,1.5,NA,NA,NA,NA,NA,NA,NA,NA,NA,NA,NA,NA,NA,NA,NA,NA,NA,NA,NA,NA,NA,NA,NA,NA,NA,NA,NA,NA,NA,NA,NA,NA,NA,NA,NA,NA,NA,NA,NA,NA,NA,NA,NA,FALSE,FALSE,NA,NA,NA,NA,NA,NA,NA,NA,NA,NA,NA,NA,NA,NA,NA,NA,NA,NA,NA,NA,NA,NA,NA,NA,NA,NA,NA,NA,NA,FALSE,NA,NA,NA,NA,NA,NA,NA,NA,NA,NA
1866,NA,NA,NA,NA,NA,NA,NA,NA,NA,NA,NA,NA,NA,NA,NA,NA,NA,NA,NA,NA,NA,NA,NA,NA,NA,NA,NA,NA,NA,NA,NA,NA,NA,1.5,2.56,NA,NA,NA,NA,NA,NA,NA,NA,NA,NA,NA,NA,NA,NA,NA,NA,NA,NA,NA,NA,NA,NA,NA,NA,NA,NA,NA,NA,NA,1.84,NA,NA,NA,NA,NA,NA,NA,NA,NA,NA,NA,NA,NA,NA,NA,NA,NA,NA,NA,NA,NA,NA,NA,NA,NA,NA,NA,NA,NA,NA,NA,NA,NA,NA,NA,NA,NA,NA,NA,NA,NA,NA,NA,FALSE,FALSE,NA,NA,NA,NA,NA,NA,NA,NA,NA,NA,NA,NA,NA,NA,NA,NA,NA,NA,NA,NA,NA,NA,NA,NA,NA,NA,NA,NA,NA,FALSE,NA,NA,NA,NA,NA,NA,NA,NA,NA,NA
1867,NA,NA,NA,NA,NA,NA,NA,NA,NA,NA,NA,NA,NA,NA,NA,NA,NA,NA,NA,NA,NA,NA,NA,NA,NA,NA,NA,NA,NA,NA,NA,NA,NA,1.97,2.73,NA,NA,NA,NA,NA,NA,NA,NA,NA,NA,NA,NA,NA,NA,NA,NA,NA,NA,NA,NA,NA,NA,NA,NA,NA,NA,NA,NA,NA,1.22,NA,NA,NA,NA,NA,NA,NA,NA,NA,NA,NA,NA,NA,NA,NA,NA,NA,NA,NA,NA,NA,NA,NA,NA,NA,NA,NA,NA,NA,NA,NA,NA,NA,NA,NA,NA,NA,NA,NA,NA,NA,NA,NA,FALSE,FALSE,NA,NA,NA,NA,NA,NA,NA,NA,NA,NA,NA,NA,NA,NA,NA,NA,NA,NA,NA,NA,NA,NA,NA,NA,NA,NA,NA,NA,NA,FALSE,NA,NA,NA,NA,NA,NA,NA,NA,NA,NA
1868,NA,NA,NA,NA,NA,NA,NA,NA,NA,NA,NA,NA,NA,NA,NA,NA,NA,NA,NA,NA,NA,NA,NA,NA,NA,NA,NA,NA,NA,NA,NA,NA,NA,2.23,3.58,NA,NA,NA,NA,NA,NA,NA,NA,NA,NA,NA,NA,NA,NA,NA,NA,NA,NA,NA,NA,NA,NA,NA,NA,NA,NA,NA,NA,NA,1.37,NA,NA,NA,NA,NA,NA,NA,NA,NA,NA,NA,NA,NA,NA,NA,NA,NA,NA,NA,NA,NA,NA,NA,NA,NA,NA,NA,NA,NA,NA,NA,NA,NA,NA,NA,NA,NA,NA,NA,NA,NA,NA,NA,FALSE,FALSE,NA,NA,NA,NA,NA,NA,NA,NA,NA,NA,NA,NA,NA,NA,NA,NA,NA,NA,NA,NA,NA,NA,NA,NA,NA,NA,NA,NA,NA,FALSE,NA,NA,NA,NA,NA,NA,NA,NA,NA,NA
1869,NA,NA,NA,NA,NA,NA,NA,NA,NA,NA,NA,NA,NA,NA,NA,NA,NA,NA,NA,NA,NA,NA,NA,NA,NA,NA,NA,NA,NA,NA,NA,NA,NA,1.83,3.13,NA,NA,NA,NA,NA,NA,NA,NA,NA,NA,NA,NA,NA,NA,NA,NA,NA,NA,NA,NA,NA,NA,NA,NA,NA,NA,NA,NA,NA,2.04,NA,NA,NA,NA,NA,NA,NA,NA,NA,NA,NA,NA,NA,NA,NA,NA,NA,NA,NA,NA,NA,NA,NA,NA,NA,NA,NA,NA,NA,NA,NA,NA,NA,NA,NA,NA,NA,NA,NA,NA,NA,NA,NA,FALSE,FALSE,NA,NA,NA,NA,NA,NA,NA,NA,NA,NA,NA,NA,NA,NA,NA,NA,NA,NA,NA,NA,NA,NA,NA,NA,NA,NA,NA,NA,NA,FALSE,NA,NA,NA,NA,NA,NA,NA,NA,NA,NA
1870,NA,NA,NA,NA,NA,NA,NA,NA,NA,NA,NA,NA,NA,NA,NA,NA,NA,NA,NA,NA,NA,NA,NA,NA,NA,NA,NA,NA,NA,NA,NA,NA,NA,1.99,2.54,NA,NA,NA,NA,NA,NA,NA,NA,NA,NA,NA,NA,NA,NA,NA,NA,NA,NA,NA,NA,NA,NA,NA,NA,NA,NA,NA,NA,NA,3.34,NA,NA,NA,NA,NA,NA,NA,NA,NA,NA,NA,NA,NA,NA,NA,NA,NA,NA,NA,NA,NA,NA,NA,NA,NA,NA,NA,NA,NA,NA,NA,NA,NA,NA,NA,NA,NA,NA,NA,NA,NA,NA,NA,FALSE,FALSE,NA,NA,NA,NA,NA,NA,NA,NA,NA,NA,NA,NA,NA,NA,NA,NA,NA,NA,NA,NA,NA,NA,NA,NA,NA,NA,NA,NA,NA,FALSE,NA,NA,NA,NA,NA,NA,NA,NA,NA,NA
1871,NA,NA,NA,NA,NA,NA,NA,NA,NA,NA,NA,NA,NA,NA,NA,NA,NA,NA,NA,NA,NA,NA,NA,NA,NA,NA,NA,NA,NA,NA,NA,NA,NA,1.89,2.73,NA,NA,NA,NA,NA,NA,NA,NA,NA,NA,NA,NA,NA,NA,NA,NA,NA,NA,NA,NA,NA,NA,NA,NA,NA,NA,NA,NA,NA,2.64,NA,NA,NA,NA,NA,NA,NA,NA,NA,NA,NA,NA,NA,NA,NA,NA,NA,NA,NA,NA,NA,NA,NA,NA,NA,NA,NA,NA,NA,NA,NA,NA,NA,NA,NA,NA,NA,NA,NA,NA,NA,NA,NA,FALSE,FALSE,NA,NA,NA,NA,NA,NA,NA,NA,NA,NA,NA,NA,NA,NA,NA,NA,NA,NA,NA,NA,NA,NA,NA,NA,NA,NA,NA,NA,NA,FALSE,NA,NA,NA,NA,NA,NA,NA,NA,NA,NA
1872,NA,NA,NA,NA,NA,NA,NA,NA,NA,NA,NA,NA,NA,NA,NA,NA,NA,NA,NA,NA,NA,NA,NA,NA,NA,NA,NA,NA,NA,NA,NA,NA,NA,2.43,2.54,NA,NA,NA,NA,NA,NA,NA,NA,NA,NA,NA,NA,NA,NA,NA,NA,NA,NA,NA,NA,NA,NA,NA,NA,NA,NA,NA,NA,NA,2.5,NA,NA,NA,NA,NA,NA,NA,NA,NA,NA,NA,NA,NA,NA,NA,NA,NA,NA,NA,NA,NA,NA,NA,NA,NA,NA,NA,NA,NA,NA,NA,NA,NA,NA,NA,NA,NA,NA,NA,NA,NA,NA,NA,FALSE,FALSE,NA,NA,NA,NA,NA,NA,NA,NA,NA,NA,NA,NA,NA,NA,NA,NA,NA,NA,NA,NA,NA,NA,NA,NA,NA,NA,NA,NA,NA,FALSE,NA,NA,NA,NA,NA,NA,NA,NA,NA,NA
1873,NA,NA,NA,NA,NA,NA,NA,NA,NA,NA,NA,NA,NA,NA,NA,NA,NA,NA,NA,NA,NA,NA,NA,NA,NA,NA,NA,NA,NA,NA,NA,NA,NA,2.02,2.12,NA,NA,NA,NA,NA,NA,NA,NA,NA,NA,NA,NA,NA,NA,NA,NA,NA,NA,NA,NA,NA,NA,NA,NA,NA,NA,NA,NA,NA,1.75,NA,NA,NA,NA,NA,NA,NA,NA,NA,NA,NA,NA,NA,NA,NA,NA,NA,NA,NA,NA,NA,NA,NA,NA,NA,NA,NA,NA,NA,NA,NA,NA,NA,NA,NA,NA,NA,NA,NA,NA,NA,NA,NA,FALSE,FALSE,NA,NA,NA,NA,NA,NA,NA,NA,NA,NA,NA,NA,NA,NA,NA,NA,NA,NA,NA,NA,NA,NA,NA,NA,NA,NA,NA,NA,NA,FALSE,NA,NA,NA,NA,NA,NA,NA,NA,NA,NA
1874,NA,NA,NA,NA,NA,NA,NA,NA,NA,NA,NA,NA,NA,NA,NA,NA,NA,NA,NA,NA,NA,NA,NA,NA,NA,NA,NA,NA,NA,NA,NA,NA,NA,1.71,1.61,NA,NA,NA,NA,NA,NA,NA,NA,NA,NA,NA,NA,NA,NA,NA,NA,NA,NA,NA,NA,NA,NA,NA,NA,NA,NA,NA,NA,NA,0.09,NA,NA,NA,NA,NA,NA,NA,NA,NA,NA,NA,NA,NA,NA,NA,NA,NA,NA,NA,NA,NA,NA,NA,NA,NA,NA,NA,NA,NA,NA,NA,NA,NA,NA,NA,NA,NA,NA,NA,NA,NA,NA,NA,FALSE,FALSE,NA,NA,NA,NA,NA,NA,NA,NA,NA,NA,NA,NA,NA,NA,NA,NA,NA,NA,NA,NA,NA,NA,NA,NA,NA,NA,NA,NA,NA,FALSE,NA,NA,NA,NA,NA,NA,NA,NA,NA,NA
1875,NA,NA,NA,NA,NA,NA,NA,NA,NA,NA,NA,NA,NA,NA,NA,NA,NA,NA,NA,NA,NA,NA,NA,NA,NA,NA,NA,NA,NA,NA,NA,NA,NA,1.88,2.24,NA,NA,NA,NA,NA,NA,NA,NA,NA,NA,NA,NA,NA,NA,NA,NA,NA,NA,NA,NA,NA,NA,NA,NA,NA,NA,NA,NA,NA,0.43,NA,NA,NA,NA,NA,NA,NA,NA,NA,NA,NA,NA,NA,NA,NA,NA,NA,NA,NA,NA,NA,NA,NA,NA,NA,NA,NA,NA,NA,NA,NA,NA,NA,NA,NA,NA,NA,NA,NA,NA,NA,NA,NA,FALSE,FALSE,NA,NA,NA,NA,NA,NA,NA,NA,NA,NA,NA,NA,NA,NA,NA,NA,NA,NA,NA,NA,NA,NA,NA,NA,NA,NA,NA,NA,NA,FALSE,NA,NA,NA,NA,NA,NA,NA,NA,NA,NA
1876,NA,NA,NA,NA,NA,NA,NA,NA,NA,NA,NA,NA,NA,NA,NA,NA,NA,NA,NA,NA,NA,NA,NA,NA,NA,NA,NA,NA,NA,NA,NA,NA,NA,1.88,2.65,NA,NA,NA,NA,NA,NA,NA,NA,NA,NA,NA,NA,NA,NA,NA,NA,NA,NA,NA,NA,NA,NA,NA,NA,NA,NA,NA,NA,NA,0.63,NA,NA,NA,NA,NA,NA,NA,NA,NA,NA,NA,NA,NA,NA,NA,NA,NA,NA,NA,NA,NA,NA,NA,NA,NA,NA,NA,NA,NA,NA,NA,NA,NA,NA,NA,NA,NA,NA,NA,NA,NA,NA,NA,FALSE,FALSE,NA,NA,NA,NA,NA,NA,NA,NA,NA,NA,NA,NA,NA,NA,NA,NA,NA,NA,NA,NA,NA,NA,NA,NA,NA,NA,NA,NA,NA,FALSE,NA,NA,NA,NA,NA,NA,NA,NA,NA,NA
1877,NA,NA,NA,NA,NA,NA,NA,NA,NA,NA,NA,NA,NA,NA,NA,NA,NA,NA,NA,NA,NA,NA,NA,NA,NA,NA,NA,NA,NA,NA,NA,NA,NA,0,0,NA,NA,NA,NA,NA,NA,NA,NA,NA,NA,NA,NA,NA,NA,NA,NA,NA,NA,NA,NA,NA,NA,NA,NA,NA,NA,NA,NA,NA,0,NA,NA,NA,NA,NA,NA,NA,NA,NA,NA,NA,NA,NA,NA,NA,NA,NA,NA,NA,NA,NA,NA,NA,NA,NA,NA,NA,NA,NA,NA,NA,NA,NA,NA,NA,NA,NA,NA,NA,NA,NA,NA,NA,FALSE,FALSE,NA,NA,NA,NA,NA,NA,NA,NA,NA,NA,NA,NA,NA,NA,NA,NA,NA,NA,NA,NA,NA,NA,NA,NA,NA,NA,NA,NA,NA,FALSE,NA,NA,NA,NA,NA,NA,NA,NA,NA,NA
1878,NA,NA,NA,NA,NA,NA,NA,NA,NA,NA,NA,NA,NA,NA,NA,NA,NA,NA,NA,NA,NA,NA,NA,NA,NA,NA,NA,NA,NA,NA,NA,NA,NA,1.82,2.73,NA,NA,NA,NA,NA,NA,NA,NA,NA,NA,NA,NA,NA,NA,NA,NA,NA,NA,NA,NA,NA,NA,NA,NA,NA,NA,NA,NA,NA,0.82,NA,NA,NA,NA,NA,NA,NA,NA,NA,NA,NA,NA,NA,NA,NA,NA,NA,NA,NA,NA,NA,NA,NA,NA,NA,NA,NA,NA,NA,NA,NA,NA,NA,NA,NA,NA,NA,NA,NA,NA,NA,NA,NA,FALSE,FALSE,NA,NA,NA,NA,NA,NA,NA,NA,NA,NA,NA,NA,NA,NA,NA,NA,NA,NA,NA,NA,NA,NA,NA,NA,NA,NA,NA,NA,NA,FALSE,NA,NA,NA,NA,NA,NA,NA,NA,NA,NA
1879,NA,NA,NA,NA,NA,NA,NA,NA,NA,NA,NA,NA,NA,NA,NA,NA,NA,NA,NA,NA,NA,NA,NA,NA,NA,NA,NA,NA,NA,NA,NA,NA,NA,0.38,0.25,NA,NA,NA,NA,NA,NA,NA,NA,NA,NA,NA,NA,NA,NA,NA,NA,NA,NA,NA,NA,NA,NA,NA,NA,NA,NA,NA,NA,NA,0.61,NA,NA,NA,NA,NA,NA,NA,NA,NA,NA,NA,NA,NA,NA,NA,NA,NA,NA,NA,NA,NA,NA,NA,NA,NA,NA,NA,NA,NA,NA,NA,NA,NA,NA,NA,NA,NA,NA,NA,NA,NA,NA,NA,FALSE,FALSE,NA,NA,NA,NA,NA,NA,NA,NA,NA,NA,NA,NA,NA,NA,NA,NA,NA,NA,NA,NA,NA,NA,NA,NA,NA,NA,NA,NA,NA,FALSE,NA,NA,NA,NA,NA,NA,NA,NA,NA,NA
1880,NA,NA,NA,NA,NA,NA,NA,NA,NA,NA,NA,NA,NA,NA,NA,NA,NA,NA,NA,NA,NA,NA,NA,NA,NA,NA,NA,NA,NA,NA,NA,NA,NA,0.26,0.61,NA,NA,NA,NA,NA,NA,NA,NA,NA,NA,NA,NA,NA,NA,NA,NA,NA,NA,NA,NA,NA,NA,NA,NA,NA,NA,NA,NA,NA,0.73,NA,NA,NA,NA,NA,NA,NA,NA,NA,NA,NA,NA,NA,NA,NA,NA,NA,NA,NA,NA,NA,NA,NA,NA,NA,NA,NA,NA,NA,NA,NA,NA,NA,NA,NA,NA,NA,NA,NA,NA,NA,NA,NA,FALSE,FALSE,NA,NA,NA,NA,NA,NA,NA,NA,NA,NA,NA,NA,NA,NA,NA,NA,NA,NA,NA,NA,NA,NA,NA,NA,NA,NA,NA,NA,NA,FALSE,NA,NA,NA,NA,NA,NA,NA,NA,NA,NA
1881,NA,NA,NA,NA,NA,NA,NA,NA,NA,NA,NA,NA,NA,NA,NA,NA,NA,NA,NA,NA,NA,NA,NA,NA,NA,NA,NA,NA,NA,NA,NA,NA,NA,0.32,0.74,NA,NA,NA,NA,NA,NA,NA,NA,NA,NA,NA,NA,NA,NA,NA,NA,NA,NA,NA,NA,NA,NA,NA,NA,NA,NA,NA,NA,NA,0.73,NA,NA,NA,NA,NA,NA,NA,NA,NA,NA,NA,NA,NA,NA,NA,NA,NA,NA,NA,NA,NA,NA,NA,NA,NA,NA,NA,NA,NA,NA,NA,NA,NA,NA,NA,NA,NA,NA,NA,NA,NA,NA,NA,FALSE,FALSE,NA,NA,NA,NA,NA,NA,NA,NA,NA,NA,NA,NA,NA,NA,NA,NA,NA,NA,NA,NA,NA,NA,NA,NA,NA,NA,NA,NA,NA,FALSE,NA,NA,NA,NA,NA,NA,NA,NA,NA,NA
1882,NA,NA,NA,NA,NA,NA,NA,NA,NA,NA,NA,NA,NA,NA,NA,NA,NA,NA,NA,NA,NA,NA,NA,NA,NA,NA,NA,NA,NA,NA,NA,NA,NA,0,0.64,NA,NA,NA,NA,NA,NA,NA,NA,NA,NA,NA,NA,NA,NA,NA,NA,NA,NA,NA,NA,NA,NA,NA,NA,NA,NA,NA,NA,NA,0.17,NA,NA,NA,NA,NA,NA,NA,NA,NA,NA,NA,NA,NA,NA,NA,NA,NA,NA,NA,NA,NA,NA,NA,NA,NA,NA,NA,NA,NA,NA,NA,NA,NA,NA,NA,NA,NA,NA,NA,NA,NA,NA,NA,FALSE,FALSE,NA,NA,NA,NA,NA,NA,NA,NA,NA,NA,NA,NA,NA,NA,NA,NA,NA,NA,NA,NA,NA,NA,NA,NA,NA,NA,NA,NA,NA,FALSE,NA,NA,NA,NA,NA,NA,NA,NA,NA,NA
1883,NA,NA,NA,NA,NA,NA,NA,NA,NA,NA,NA,NA,NA,NA,NA,NA,NA,NA,NA,NA,NA,NA,NA,NA,NA,NA,NA,NA,NA,NA,NA,NA,NA,0.35,0.66,NA,NA,NA,NA,NA,NA,NA,NA,NA,NA,NA,NA,NA,NA,NA,NA,NA,NA,NA,NA,NA,NA,NA,NA,NA,NA,NA,NA,NA,0.22,NA,NA,NA,NA,NA,NA,NA,NA,NA,NA,NA,NA,NA,NA,NA,NA,NA,NA,NA,NA,NA,NA,NA,NA,NA,NA,NA,NA,NA,NA,NA,NA,NA,NA,NA,NA,NA,NA,NA,NA,NA,NA,NA,FALSE,FALSE,NA,NA,NA,NA,NA,NA,NA,NA,NA,NA,NA,NA,NA,NA,NA,NA,NA,NA,NA,NA,NA,NA,NA,NA,NA,NA,NA,NA,NA,FALSE,NA,NA,NA,NA,NA,NA,NA,NA,NA,NA
1884,NA,NA,NA,NA,NA,NA,NA,NA,NA,NA,NA,NA,NA,NA,NA,NA,NA,NA,NA,NA,NA,NA,NA,NA,NA,NA,NA,NA,NA,NA,NA,NA,NA,0.65,1.04,NA,NA,NA,NA,NA,NA,NA,NA,NA,NA,NA,NA,NA,NA,NA,NA,NA,NA,NA,NA,NA,NA,NA,NA,NA,NA,NA,NA,NA,0.15,NA,NA,NA,NA,NA,NA,NA,NA,NA,NA,NA,NA,NA,NA,NA,NA,NA,NA,NA,NA,NA,NA,NA,NA,NA,NA,NA,NA,NA,NA,NA,NA,NA,NA,NA,NA,NA,NA,NA,NA,NA,NA,NA,FALSE,FALSE,NA,NA,NA,NA,NA,NA,NA,NA,NA,NA,NA,NA,NA,NA,NA,NA,NA,NA,NA,NA,NA,NA,NA,NA,NA,NA,NA,NA,NA,FALSE,NA,NA,NA,NA,NA,NA,NA,NA,NA,NA
1885,NA,NA,NA,NA,NA,NA,NA,NA,NA,NA,NA,NA,NA,NA,NA,NA,NA,NA,NA,NA,NA,NA,NA,NA,NA,NA,NA,NA,NA,NA,NA,NA,NA,0.54,1.04,NA,NA,NA,NA,NA,NA,NA,NA,NA,NA,NA,NA,NA,NA,NA,NA,NA,NA,NA,NA,NA,NA,NA,NA,NA,NA,NA,NA,NA,0.34,NA,NA,NA,NA,NA,NA,NA,NA,NA,NA,NA,NA,NA,NA,NA,NA,NA,NA,NA,NA,NA,NA,NA,NA,NA,NA,NA,NA,NA,NA,NA,NA,NA,NA,NA,NA,NA,NA,NA,NA,NA,NA,NA,FALSE,FALSE,NA,NA,NA,NA,NA,NA,NA,NA,NA,NA,NA,NA,NA,NA,NA,NA,NA,NA,NA,NA,NA,NA,NA,NA,NA,NA,NA,NA,NA,FALSE,NA,NA,NA,NA,NA,NA,NA,NA,NA,NA
1886,NA,NA,NA,NA,NA,NA,NA,NA,NA,NA,NA,NA,NA,NA,NA,NA,NA,NA,NA,NA,NA,NA,NA,NA,NA,NA,NA,NA,NA,NA,NA,NA,NA,0.67,0.97,NA,NA,NA,NA,NA,NA,NA,NA,NA,NA,NA,NA,NA,NA,NA,NA,NA,NA,NA,NA,NA,NA,NA,NA,NA,NA,NA,NA,NA,0.45,NA,NA,NA,NA,NA,NA,NA,NA,NA,NA,NA,NA,NA,NA,NA,NA,NA,NA,NA,NA,NA,NA,NA,NA,NA,NA,NA,NA,NA,NA,NA,NA,NA,NA,NA,NA,NA,NA,NA,NA,NA,NA,NA,FALSE,FALSE,NA,NA,NA,NA,NA,NA,NA,NA,NA,NA,NA,NA,NA,NA,NA,NA,NA,NA,NA,NA,NA,NA,NA,NA,NA,NA,NA,NA,NA,FALSE,NA,NA,NA,NA,NA,NA,NA,NA,NA,NA
1887,NA,NA,NA,NA,NA,NA,NA,NA,NA,NA,NA,NA,NA,NA,NA,NA,NA,NA,NA,NA,NA,NA,NA,NA,NA,NA,NA,NA,NA,NA,NA,NA,NA,0.76,1.59,NA,NA,NA,NA,NA,NA,NA,NA,NA,NA,NA,NA,NA,NA,NA,NA,NA,NA,NA,NA,NA,NA,NA,NA,NA,NA,NA,1.21,NA,0.54,NA,NA,NA,NA,NA,NA,NA,NA,NA,NA,NA,NA,NA,NA,NA,NA,NA,NA,NA,NA,NA,NA,NA,NA,NA,NA,NA,NA,NA,NA,NA,NA,NA,NA,NA,NA,NA,NA,NA,NA,NA,NA,NA,FALSE,FALSE,NA,NA,NA,NA,NA,NA,NA,NA,NA,NA,NA,NA,NA,NA,NA,NA,NA,NA,NA,NA,NA,NA,NA,NA,NA,NA,NA,FALSE,NA,FALSE,NA,NA,NA,NA,NA,NA,NA,NA,NA,NA
1888,NA,NA,NA,NA,NA,NA,NA,NA,NA,NA,NA,NA,NA,NA,NA,NA,NA,NA,NA,NA,NA,NA,NA,NA,NA,NA,NA,NA,NA,NA,NA,NA,NA,0.87,1.31,NA,NA,NA,NA,NA,NA,NA,NA,NA,NA,NA,NA,NA,NA,NA,NA,NA,NA,NA,NA,NA,NA,NA,NA,NA,NA,NA,1.84,NA,0.33,NA,NA,NA,NA,NA,NA,NA,NA,2.89,NA,NA,NA,NA,NA,NA,NA,NA,NA,NA,NA,NA,NA,NA,NA,NA,NA,NA,NA,NA,NA,NA,NA,NA,NA,NA,NA,NA,NA,NA,NA,NA,NA,NA,FALSE,FALSE,NA,NA,NA,NA,NA,NA,NA,NA,NA,NA,NA,NA,NA,NA,NA,NA,NA,NA,NA,NA,NA,NA,NA,NA,NA,NA,NA,FALSE,NA,FALSE,NA,NA,NA,NA,NA,NA,NA,NA,FALSE,NA
1889,NA,NA,NA,NA,NA,NA,NA,NA,NA,NA,NA,NA,NA,NA,NA,NA,NA,NA,NA,NA,NA,NA,NA,NA,NA,NA,NA,NA,NA,NA,NA,NA,NA,0.91,1.61,NA,NA,NA,NA,NA,NA,NA,NA,NA,NA,NA,NA,NA,NA,NA,NA,NA,NA,NA,NA,0.74,NA,NA,NA,NA,NA,NA,1.5,1.22,0.6,NA,NA,NA,NA,NA,NA,NA,NA,3.38,NA,NA,NA,NA,NA,NA,NA,NA,NA,NA,NA,NA,NA,NA,NA,NA,NA,NA,NA,NA,NA,NA,NA,NA,NA,NA,NA,NA,NA,NA,NA,NA,NA,NA,FALSE,FALSE,NA,NA,NA,NA,NA,NA,NA,NA,NA,NA,NA,NA,NA,NA,NA,NA,NA,NA,NA,NA,FALSE,NA,NA,NA,NA,NA,NA,FALSE,FALSE,FALSE,NA,NA,NA,NA,NA,NA,NA,NA,TRUE,NA
1890,NA,NA,NA,NA,NA,NA,4.13,NA,NA,NA,NA,NA,NA,NA,NA,NA,NA,NA,NA,NA,NA,NA,NA,NA,NA,NA,NA,NA,NA,NA,NA,NA,NA,1.23,2.03,NA,NA,NA,NA,NA,NA,NA,NA,NA,NA,NA,NA,NA,NA,NA,NA,NA,NA,NA,NA,0.93,NA,NA,NA,NA,NA,NA,1.69,2.59,0.67,NA,NA,NA,NA,NA,NA,NA,NA,2.62,NA,NA,NA,NA,NA,NA,NA,TRUE,NA,NA,NA,NA,NA,NA,NA,NA,NA,NA,NA,NA,NA,NA,NA,NA,NA,NA,NA,NA,NA,NA,NA,NA,NA,NA,FALSE,FALSE,NA,NA,NA,NA,NA,NA,NA,NA,NA,NA,NA,NA,NA,NA,NA,NA,NA,NA,NA,NA,FALSE,NA,NA,NA,NA,NA,NA,FALSE,FALSE,FALSE,NA,NA,NA,NA,NA,NA,NA,NA,FALSE,NA
1891,NA,NA,NA,NA,NA,NA,4.11,NA,NA,NA,NA,NA,NA,NA,NA,NA,NA,NA,NA,NA,NA,NA,NA,NA,NA,NA,NA,NA,NA,NA,NA,NA,NA,1.26,1.76,NA,NA,NA,NA,NA,NA,NA,NA,NA,NA,NA,NA,NA,NA,NA,NA,NA,NA,NA,NA,1.28,NA,NA,NA,NA,NA,NA,1.82,1.56,0.78,NA,NA,NA,NA,NA,NA,NA,NA,1.61,NA,NA,NA,NA,NA,NA,NA,TRUE,NA,NA,NA,NA,NA,NA,NA,NA,NA,NA,NA,NA,NA,NA,NA,NA,NA,NA,NA,NA,NA,NA,NA,NA,NA,NA,FALSE,FALSE,NA,NA,NA,NA,NA,NA,NA,NA,NA,NA,NA,NA,NA,NA,NA,NA,NA,NA,NA,NA,FALSE,NA,NA,NA,NA,NA,NA,FALSE,FALSE,FALSE,NA,NA,NA,NA,NA,NA,NA,NA,FALSE,NA
1892,NA,NA,NA,NA,NA,NA,3.31,NA,NA,NA,NA,NA,NA,NA,NA,NA,NA,NA,NA,NA,NA,NA,NA,NA,NA,NA,NA,NA,NA,NA,NA,NA,NA,0.99,1.55,NA,NA,NA,NA,NA,NA,NA,NA,NA,NA,NA,NA,NA,NA,NA,NA,NA,NA,NA,NA,0.97,NA,NA,NA,NA,NA,3.34,1.3,1.37,0.84,NA,NA,NA,NA,NA,NA,NA,NA,2.89,NA,NA,NA,NA,NA,NA,NA,FALSE,NA,NA,NA,NA,NA,NA,NA,NA,NA,NA,NA,NA,NA,NA,NA,NA,NA,NA,NA,NA,NA,NA,NA,NA,NA,NA,FALSE,FALSE,NA,NA,NA,NA,NA,NA,NA,NA,NA,NA,NA,NA,NA,NA,NA,NA,NA,NA,NA,NA,FALSE,NA,NA,NA,NA,NA,FALSE,FALSE,FALSE,FALSE,NA,NA,NA,NA,NA,NA,NA,NA,FALSE,NA
1893,NA,NA,NA,NA,NA,NA,3.42,NA,NA,NA,NA,NA,NA,NA,NA,NA,NA,NA,NA,NA,NA,NA,NA,NA,NA,NA,NA,NA,NA,NA,NA,NA,NA,1.1,1.55,NA,NA,NA,NA,NA,NA,NA,NA,NA,NA,NA,NA,NA,NA,NA,NA,NA,NA,NA,NA,1.19,NA,NA,NA,NA,3.97,2.35,1.96,1.71,1.16,NA,NA,NA,NA,NA,NA,NA,NA,2.43,NA,NA,NA,NA,NA,NA,NA,FALSE,NA,NA,NA,NA,NA,NA,NA,NA,NA,NA,NA,NA,NA,NA,NA,NA,NA,NA,NA,NA,NA,NA,NA,NA,NA,NA,FALSE,FALSE,NA,NA,NA,NA,NA,NA,NA,NA,NA,NA,NA,NA,NA,NA,NA,NA,NA,NA,NA,NA,FALSE,NA,NA,NA,NA,TRUE,FALSE,FALSE,FALSE,FALSE,NA,NA,NA,NA,NA,NA,NA,NA,FALSE,NA
1894,NA,NA,NA,NA,NA,NA,3.45,NA,NA,NA,NA,NA,NA,NA,NA,NA,NA,NA,NA,NA,NA,NA,NA,NA,NA,NA,NA,NA,NA,NA,NA,NA,NA,1.1,1.72,NA,NA,NA,NA,NA,NA,NA,2.46,NA,NA,NA,NA,NA,NA,NA,NA,NA,NA,NA,NA,0.89,NA,NA,NA,NA,2.28,3.15,1.27,1.06,1.2,NA,NA,NA,NA,NA,NA,NA,NA,2.64,NA,NA,NA,NA,NA,NA,NA,FALSE,NA,NA,NA,NA,NA,NA,NA,NA,NA,NA,NA,NA,NA,NA,NA,NA,NA,NA,NA,NA,NA,NA,NA,NA,NA,NA,FALSE,FALSE,NA,NA,NA,NA,NA,NA,NA,FALSE,NA,NA,NA,NA,NA,NA,NA,NA,NA,NA,NA,NA,FALSE,NA,NA,NA,NA,FALSE,FALSE,FALSE,FALSE,FALSE,NA,NA,NA,NA,NA,NA,NA,NA,FALSE,NA
1895,NA,NA,NA,NA,NA,NA,3.01,NA,NA,NA,NA,NA,NA,NA,NA,NA,NA,NA,NA,NA,NA,NA,NA,NA,NA,NA,NA,NA,NA,5.9,NA,NA,NA,0.99,1.61,NA,NA,NA,NA,NA,NA,NA,3.08,NA,NA,NA,NA,NA,NA,NA,NA,NA,NA,NA,NA,1.12,NA,NA,NA,NA,2.85,2.46,1.46,1.33,1.38,NA,NA,NA,NA,NA,NA,NA,NA,2.44,NA,NA,NA,NA,NA,NA,NA,FALSE,NA,NA,NA,NA,NA,NA,NA,NA,NA,NA,NA,NA,NA,NA,NA,NA,NA,NA,NA,NA,NA,NA,TRUE,NA,NA,NA,FALSE,FALSE,NA,NA,NA,NA,NA,NA,NA,TRUE,NA,NA,NA,NA,NA,NA,NA,NA,NA,NA,NA,NA,FALSE,NA,NA,NA,NA,FALSE,FALSE,FALSE,FALSE,FALSE,NA,NA,NA,NA,NA,NA,NA,NA,FALSE,NA
1896,NA,NA,NA,NA,NA,NA,3.1,NA,NA,NA,NA,NA,NA,NA,NA,NA,NA,NA,NA,NA,NA,NA,NA,NA,NA,NA,NA,NA,NA,4.67,NA,NA,NA,1.22,1.7,NA,NA,NA,NA,NA,NA,NA,2.31,2.17,NA,NA,NA,NA,NA,NA,NA,NA,NA,NA,NA,0.95,NA,NA,NA,NA,2.52,2.08,1.4,1.06,1.32,NA,NA,NA,NA,NA,NA,NA,NA,2.38,NA,NA,NA,NA,NA,NA,NA,FALSE,NA,NA,NA,NA,NA,NA,NA,NA,NA,NA,NA,NA,NA,NA,NA,NA,NA,NA,NA,NA,NA,NA,FALSE,NA,NA,NA,FALSE,FALSE,NA,NA,NA,NA,NA,NA,NA,FALSE,FALSE,NA,NA,NA,NA,NA,NA,NA,NA,NA,NA,NA,FALSE,NA,NA,NA,NA,FALSE,FALSE,FALSE,FALSE,FALSE,NA,NA,NA,NA,NA,NA,NA,NA,FALSE,NA
1897,NA,NA,NA,NA,NA,NA,2.96,NA,3.28,NA,NA,NA,NA,NA,NA,NA,NA,NA,NA,NA,NA,NA,NA,NA,NA,NA,NA,NA,NA,5.37,NA,NA,NA,1.12,1.36,NA,NA,NA,NA,NA,NA,NA,1.92,2.05,NA,NA,NA,NA,NA,NA,NA,NA,NA,NA,1.23,0.93,NA,2.93,NA,NA,2.45,1.9,1.21,1.31,1.26,NA,NA,NA,NA,NA,NA,NA,NA,2.18,NA,NA,NA,NA,NA,NA,NA,FALSE,NA,FALSE,NA,NA,NA,NA,NA,NA,NA,NA,NA,NA,NA,NA,NA,NA,NA,NA,NA,NA,NA,NA,FALSE,NA,NA,NA,FALSE,FALSE,NA,NA,NA,NA,NA,NA,NA,FALSE,FALSE,NA,NA,NA,NA,NA,NA,NA,NA,NA,NA,FALSE,FALSE,NA,FALSE,NA,NA,FALSE,FALSE,FALSE,FALSE,FALSE,NA,NA,NA,NA,NA,NA,NA,NA,FALSE,NA
1898,NA,NA,NA,NA,NA,NA,2.69,NA,3.72,NA,NA,NA,NA,NA,NA,NA,NA,NA,NA,NA,NA,NA,NA,NA,NA,NA,NA,NA,NA,4.59,NA,NA,NA,1.01,1.27,NA,NA,NA,NA,NA,NA,NA,1.91,2.67,NA,NA,NA,2.09,NA,NA,NA,NA,NA,NA,1.51,1.14,NA,2.88,NA,NA,2.35,1.75,1.14,1.02,1.47,NA,NA,NA,NA,NA,NA,NA,NA,1.99,NA,NA,NA,NA,NA,NA,NA,FALSE,NA,FALSE,NA,NA,NA,NA,NA,NA,NA,NA,NA,NA,NA,NA,NA,NA,NA,NA,NA,NA,NA,NA,FALSE,NA,NA,NA,FALSE,FALSE,NA,NA,NA,NA,NA,NA,NA,FALSE,FALSE,NA,NA,NA,FALSE,NA,NA,NA,NA,NA,NA,TRUE,FALSE,NA,FALSE,NA,NA,FALSE,FALSE,FALSE,FALSE,FALSE,NA,NA,NA,NA,NA,NA,NA,NA,FALSE,NA
1899,NA,NA,NA,NA,NA,NA,1.29,NA,2.89,NA,NA,NA,NA,NA,NA,NA,NA,NA,NA,NA,NA,NA,NA,NA,NA,NA,NA,NA,NA,4.19,NA,NA,NA,0.92,1.17,NA,NA,NA,NA,NA,NA,NA,1.96,2.22,NA,NA,2.33,1.54,NA,NA,NA,NA,NA,NA,1.26,1.4,NA,1.76,NA,NA,2.12,1.71,0.17,0.3,1.24,NA,NA,NA,NA,NA,NA,NA,NA,1.79,NA,NA,NA,NA,NA,NA,NA,FALSE,NA,FALSE,NA,NA,NA,NA,NA,NA,NA,NA,NA,NA,NA,NA,NA,NA,NA,NA,NA,NA,NA,NA,FALSE,NA,NA,NA,FALSE,FALSE,NA,NA,NA,NA,NA,NA,NA,FALSE,FALSE,NA,NA,FALSE,FALSE,NA,NA,NA,NA,NA,NA,FALSE,FALSE,NA,FALSE,NA,NA,FALSE,FALSE,FALSE,FALSE,FALSE,NA,NA,NA,NA,NA,NA,NA,NA,FALSE,NA
1900,NA,2.44,NA,NA,NA,NA,1.58,NA,3.01,NA,NA,NA,NA,NA,NA,NA,NA,NA,NA,NA,NA,NA,NA,NA,NA,NA,NA,NA,NA,4.68,NA,NA,NA,1.12,1.38,NA,NA,NA,NA,NA,NA,NA,2.55,2.58,NA,NA,2.34,2.62,NA,NA,NA,NA,NA,NA,1.32,1.72,NA,2.71,NA,NA,2.29,2.13,1.25,0.79,1.15,NA,NA,NA,NA,NA,NA,NA,NA,2.9,NA,NA,FALSE,NA,NA,NA,NA,FALSE,NA,FALSE,NA,NA,NA,NA,NA,NA,NA,NA,NA,NA,NA,NA,NA,NA,NA,NA,NA,NA,NA,NA,FALSE,NA,NA,NA,FALSE,FALSE,NA,NA,NA,NA,NA,NA,NA,TRUE,FALSE,NA,NA,FALSE,FALSE,NA,NA,NA,NA,NA,NA,FALSE,TRUE,NA,FALSE,NA,NA,FALSE,FALSE,FALSE,FALSE,FALSE,NA,NA,NA,NA,NA,NA,NA,NA,FALSE,NA
1901,NA,1.83,NA,NA,NA,NA,2.22,NA,3.26,NA,NA,NA,NA,NA,NA,NA,NA,NA,NA,NA,NA,NA,NA,NA,NA,NA,NA,NA,NA,5.47,NA,NA,NA,1.29,1.68,NA,NA,NA,NA,NA,NA,NA,2.73,2.79,NA,NA,2.75,3.03,NA,NA,NA,NA,NA,NA,1.43,1.89,NA,3.05,NA,NA,2.13,2.43,4.94,2.68,1.21,NA,NA,NA,NA,NA,NA,NA,NA,2.59,NA,NA,FALSE,NA,NA,NA,NA,FALSE,NA,FALSE,NA,NA,NA,NA,NA,NA,NA,NA,NA,NA,NA,NA,NA,NA,NA,NA,NA,NA,NA,NA,FALSE,NA,NA,NA,FALSE,FALSE,NA,NA,NA,NA,NA,NA,NA,TRUE,FALSE,NA,NA,FALSE,FALSE,NA,NA,NA,NA,NA,NA,FALSE,TRUE,NA,FALSE,NA,NA,FALSE,FALSE,TRUE,FALSE,FALSE,NA,NA,NA,NA,NA,NA,NA,NA,FALSE,NA
1902,NA,2.54,NA,NA,NA,NA,2.32,NA,3.4,NA,NA,NA,NA,NA,NA,NA,NA,NA,NA,NA,NA,NA,NA,NA,NA,NA,NA,NA,NA,4.7,NA,NA,NA,1.16,1.77,NA,NA,NA,NA,NA,NA,NA,2.25,2.82,0.78,NA,2.37,2.42,NA,NA,NA,NA,NA,NA,1.44,1.42,NA,2.81,NA,NA,2.71,3.73,2.76,1.7,1.28,NA,NA,NA,NA,NA,NA,NA,NA,2.45,NA,NA,FALSE,NA,NA,NA,NA,FALSE,NA,FALSE,NA,NA,NA,NA,NA,NA,NA,NA,NA,NA,NA,NA,NA,NA,NA,NA,NA,NA,NA,NA,FALSE,NA,NA,NA,FALSE,FALSE,NA,NA,NA,NA,NA,NA,NA,FALSE,FALSE,FALSE,NA,FALSE,FALSE,NA,NA,NA,NA,NA,NA,FALSE,FALSE,NA,FALSE,NA,NA,FALSE,FALSE,FALSE,FALSE,FALSE,NA,NA,NA,NA,NA,NA,NA,NA,FALSE,NA
1903,NA,2.52,NA,2.67,NA,5.01,2.3,NA,3.6,NA,NA,NA,NA,NA,NA,NA,NA,NA,NA,NA,NA,NA,NA,NA,NA,NA,NA,NA,NA,4.12,NA,NA,NA,1.29,1.76,NA,NA,NA,NA,NA,NA,NA,1.78,3.39,0.93,NA,2.43,2.78,NA,NA,NA,NA,NA,NA,1.47,1.55,NA,2.72,NA,NA,3.62,2.51,1.77,1.21,0.96,NA,NA,2.52,NA,NA,NA,NA,NA,2.29,NA,NA,FALSE,NA,FALSE,NA,TRUE,FALSE,NA,FALSE,NA,NA,NA,NA,NA,NA,NA,NA,NA,NA,NA,NA,NA,NA,NA,NA,NA,NA,NA,NA,FALSE,NA,NA,NA,FALSE,FALSE,NA,NA,NA,NA,NA,NA,NA,FALSE,TRUE,FALSE,NA,FALSE,FALSE,NA,NA,NA,NA,NA,NA,FALSE,FALSE,NA,FALSE,NA,NA,TRUE,FALSE,FALSE,FALSE,FALSE,NA,NA,FALSE,NA,NA,NA,NA,NA,FALSE,NA
1904,NA,0.57,NA,2.69,NA,3.64,2.06,NA,3.99,NA,NA,NA,NA,NA,NA,NA,NA,NA,NA,NA,NA,NA,NA,NA,NA,NA,NA,NA,NA,3.43,NA,NA,NA,1.16,1.74,NA,NA,NA,NA,NA,NA,NA,1.64,2.82,0.68,NA,1.67,1.23,1.75,NA,NA,NA,NA,NA,0.9,0.8,NA,1.99,NA,NA,1.88,2.76,1.3,1.23,0.98,NA,NA,1.89,NA,NA,NA,NA,NA,1.61,NA,NA,FALSE,NA,FALSE,NA,FALSE,FALSE,NA,FALSE,NA,NA,NA,NA,NA,NA,NA,NA,NA,NA,NA,NA,NA,NA,NA,NA,NA,NA,NA,NA,FALSE,NA,NA,NA,FALSE,FALSE,NA,NA,NA,NA,NA,NA,NA,FALSE,FALSE,FALSE,NA,FALSE,FALSE,FALSE,NA,NA,NA,NA,NA,FALSE,FALSE,NA,FALSE,NA,NA,FALSE,FALSE,FALSE,FALSE,FALSE,NA,NA,FALSE,NA,NA,NA,NA,NA,FALSE,NA
1905,NA,1.31,NA,0.57,NA,3.32,2.5,3.53,3.28,NA,NA,NA,NA,NA,NA,NA,NA,NA,NA,NA,NA,NA,NA,NA,NA,NA,NA,NA,NA,3.58,NA,NA,NA,1.29,2.17,NA,NA,NA,NA,NA,NA,NA,1.82,1.9,0.68,NA,2.4,2.12,2.45,NA,NA,NA,NA,NA,1.4,1.17,NA,1.85,NA,NA,2.37,2.47,1.66,1.3,1.11,NA,NA,2.33,NA,NA,NA,NA,NA,2,NA,NA,FALSE,NA,FALSE,NA,FALSE,FALSE,FALSE,FALSE,NA,NA,NA,NA,NA,NA,NA,NA,NA,NA,NA,NA,NA,NA,NA,NA,NA,NA,NA,NA,FALSE,NA,NA,NA,FALSE,FALSE,NA,NA,NA,NA,NA,NA,NA,FALSE,FALSE,FALSE,NA,FALSE,FALSE,TRUE,NA,NA,NA,NA,NA,FALSE,FALSE,NA,FALSE,NA,NA,FALSE,FALSE,FALSE,FALSE,FALSE,NA,NA,FALSE,NA,NA,NA,NA,NA,FALSE,NA
1906,NA,1.26,NA,1.69,NA,4.36,2.47,5.23,2.36,NA,NA,NA,NA,NA,NA,NA,NA,NA,NA,NA,NA,NA,NA,NA,NA,NA,NA,NA,NA,4.79,NA,NA,NA,1.36,2.01,NA,NA,NA,NA,NA,NA,NA,1.57,2.1,0.74,NA,2.55,2.58,2.41,NA,NA,NA,NA,NA,1.04,0.93,NA,1.86,NA,NA,2.78,4.09,1.61,2.3,1.17,NA,NA,2.5,NA,NA,NA,NA,NA,1.99,NA,NA,FALSE,NA,FALSE,NA,FALSE,FALSE,TRUE,FALSE,NA,NA,NA,NA,NA,NA,NA,NA,NA,NA,NA,NA,NA,NA,NA,NA,NA,NA,NA,NA,FALSE,NA,NA,NA,FALSE,FALSE,NA,NA,NA,NA,NA,NA,NA,FALSE,FALSE,FALSE,NA,FALSE,FALSE,TRUE,NA,NA,NA,NA,NA,FALSE,FALSE,NA,FALSE,NA,NA,FALSE,TRUE,FALSE,FALSE,FALSE,NA,NA,FALSE,NA,NA,NA,NA,NA,FALSE,NA
1907,NA,3.52,1.85,1.56,NA,4.17,2.79,3.82,2.71,0.9,2.78,NA,NA,NA,NA,NA,NA,NA,NA,NA,NA,NA,NA,NA,NA,NA,NA,NA,NA,4.6,NA,NA,NA,1.4,1.78,NA,NA,NA,NA,NA,NA,NA,1.64,2.16,0.74,NA,2.36,3.62,1.71,NA,NA,NA,NA,NA,1.14,1.14,NA,2.11,NA,NA,2.93,3.19,1.89,2.57,1.53,NA,NA,3.1,NA,NA,NA,NA,NA,1.91,NA,NA,FALSE,FALSE,FALSE,NA,FALSE,FALSE,TRUE,FALSE,FALSE,TRUE,NA,NA,NA,NA,NA,NA,NA,NA,NA,NA,NA,NA,NA,NA,NA,NA,NA,NA,FALSE,NA,NA,NA,FALSE,FALSE,NA,NA,NA,NA,NA,NA,NA,FALSE,FALSE,FALSE,NA,FALSE,TRUE,FALSE,NA,NA,NA,NA,NA,FALSE,FALSE,NA,FALSE,NA,NA,FALSE,FALSE,FALSE,FALSE,FALSE,NA,NA,FALSE,NA,NA,NA,NA,NA,FALSE,NA
1908,NA,1.36,1.69,1.51,NA,3.35,2.26,2.27,2.42,0.84,1.8,NA,NA,NA,NA,NA,NA,NA,NA,NA,NA,NA,NA,NA,NA,NA,NA,NA,NA,3.91,NA,NA,NA,1.29,1.51,NA,NA,NA,NA,NA,NA,NA,1.51,2.01,0.63,NA,2.23,3.07,1.48,NA,NA,NA,NA,NA,1.21,1.27,NA,2.17,NA,NA,2.9,2.73,2.18,2.37,1.47,NA,1.93,2.28,NA,NA,NA,NA,NA,1.55,NA,NA,FALSE,FALSE,FALSE,NA,FALSE,FALSE,FALSE,FALSE,FALSE,FALSE,NA,NA,NA,NA,NA,NA,NA,NA,NA,NA,NA,NA,NA,NA,NA,NA,NA,NA,FALSE,NA,NA,NA,FALSE,FALSE,NA,NA,NA,NA,NA,NA,NA,FALSE,FALSE,FALSE,NA,FALSE,FALSE,FALSE,NA,NA,NA,NA,NA,FALSE,FALSE,NA,FALSE,NA,NA,FALSE,FALSE,FALSE,FALSE,FALSE,NA,FALSE,FALSE,NA,NA,NA,NA,NA,FALSE,NA
1909,NA,0,2.21,1.69,NA,2.88,2.11,1.96,2.84,0.64,1.38,NA,NA,NA,NA,NA,NA,NA,NA,NA,NA,NA,NA,NA,NA,NA,NA,NA,NA,4.39,NA,NA,NA,1.16,1.53,NA,NA,NA,NA,NA,NA,NA,1.33,1.84,0.59,NA,1.68,2.51,1.66,NA,NA,NA,NA,NA,1.07,1.06,NA,1.95,NA,NA,2.33,2.34,1.86,2.09,1.3,NA,2.49,1.81,0.74,NA,NA,NA,NA,1.36,NA,NA,FALSE,FALSE,FALSE,NA,FALSE,FALSE,FALSE,FALSE,FALSE,FALSE,NA,NA,NA,NA,NA,NA,NA,NA,NA,NA,NA,NA,NA,NA,NA,NA,NA,NA,FALSE,NA,NA,NA,FALSE,FALSE,NA,NA,NA,NA,NA,NA,NA,FALSE,FALSE,FALSE,NA,FALSE,FALSE,FALSE,NA,NA,NA,NA,NA,FALSE,FALSE,NA,FALSE,NA,NA,FALSE,FALSE,FALSE,FALSE,FALSE,NA,FALSE,FALSE,FALSE,NA,NA,NA,NA,FALSE,NA
1910,NA,1.49,2.53,2.19,NA,2.67,1.89,1.76,0,1.09,0.93,NA,NA,NA,NA,NA,NA,NA,NA,NA,NA,NA,NA,NA,NA,NA,NA,NA,NA,3.29,NA,NA,NA,1.1,1.34,NA,NA,NA,NA,NA,NA,NA,1.09,1.78,0.49,NA,1.65,1.7,1.9,NA,NA,NA,NA,NA,0.73,0.95,NA,1.82,2.22,NA,1.93,2.13,1.53,1.78,1.17,4.11,3.09,1.48,0.99,NA,NA,NA,NA,1.27,NA,NA,FALSE,FALSE,FALSE,NA,FALSE,FALSE,FALSE,TRUE,FALSE,FALSE,NA,NA,NA,NA,NA,NA,NA,NA,NA,NA,NA,NA,NA,NA,NA,NA,NA,NA,FALSE,NA,NA,NA,FALSE,FALSE,NA,NA,NA,NA,NA,NA,NA,FALSE,FALSE,FALSE,NA,FALSE,FALSE,FALSE,NA,NA,NA,NA,NA,FALSE,FALSE,NA,FALSE,FALSE,NA,FALSE,FALSE,FALSE,FALSE,FALSE,TRUE,TRUE,FALSE,FALSE,NA,NA,NA,NA,FALSE,NA
1911,NA,2.33,2.95,1.74,NA,2.76,2.17,1.71,2.76,1.8,1.35,NA,NA,NA,NA,NA,NA,NA,NA,NA,NA,NA,NA,NA,NA,NA,NA,NA,NA,3.91,NA,NA,NA,1.14,1.31,NA,NA,NA,NA,NA,NA,NA,1.07,1.95,0.43,NA,1.7,2.31,1.8,NA,NA,NA,NA,NA,1.01,1.06,NA,1.75,2.08,NA,2.05,2.53,1.65,2.52,1.26,4.21,2.48,1.84,1.73,NA,NA,NA,NA,1.51,NA,NA,FALSE,FALSE,FALSE,NA,FALSE,FALSE,FALSE,FALSE,FALSE,FALSE,NA,NA,NA,NA,NA,NA,NA,NA,NA,NA,NA,NA,NA,NA,NA,NA,NA,NA,FALSE,NA,NA,NA,FALSE,FALSE,NA,NA,NA,NA,NA,NA,NA,FALSE,FALSE,FALSE,NA,FALSE,FALSE,FALSE,NA,NA,NA,NA,NA,FALSE,FALSE,NA,FALSE,FALSE,NA,FALSE,FALSE,FALSE,FALSE,FALSE,TRUE,FALSE,FALSE,FALSE,NA,NA,NA,NA,FALSE,NA
1912,2.16,2.42,2.55,2.81,NA,3.09,2.28,2.56,2.4,1.34,1.26,NA,NA,NA,NA,NA,NA,1.19,NA,NA,NA,NA,NA,NA,NA,NA,NA,NA,NA,3.62,NA,NA,NA,0.97,1.42,NA,NA,NA,NA,NA,NA,NA,1.06,1.55,0.65,NA,1.76,2.42,1.93,NA,NA,NA,NA,NA,1.14,1.12,NA,2.2,2.65,NA,2.8,2.73,1.76,2.14,1.47,3.94,2.95,1.93,2.08,NA,NA,NA,NA,1.21,NA,FALSE,FALSE,FALSE,FALSE,NA,FALSE,FALSE,FALSE,FALSE,FALSE,FALSE,NA,NA,NA,NA,NA,NA,FALSE,NA,NA,NA,NA,NA,NA,NA,NA,NA,NA,NA,FALSE,NA,NA,NA,FALSE,FALSE,NA,NA,NA,NA,NA,NA,NA,FALSE,FALSE,FALSE,NA,FALSE,FALSE,FALSE,NA,NA,NA,NA,NA,FALSE,FALSE,NA,FALSE,FALSE,NA,FALSE,FALSE,FALSE,FALSE,FALSE,FALSE,FALSE,FALSE,FALSE,NA,NA,NA,NA,FALSE,NA
1913,2.51,2.54,3.34,3.08,NA,3.69,2.74,3.07,2.26,1.21,1.56,NA,NA,NA,NA,NA,NA,1.48,NA,NA,NA,NA,NA,NA,NA,NA,NA,NA,NA,3.84,NA,NA,NA,1.01,1.34,NA,NA,NA,NA,NA,NA,NA,1.16,1.53,0.93,NA,2.16,3.02,1.77,NA,NA,NA,NA,NA,1.23,1.31,NA,2.33,2.83,NA,3.31,2.78,1.68,1.78,1.84,4.57,2.92,2.17,3.88,NA,NA,NA,NA,1.17,NA,FALSE,FALSE,FALSE,FALSE,NA,FALSE,FALSE,FALSE,FALSE,FALSE,FALSE,NA,NA,NA,NA,NA,NA,FALSE,NA,NA,NA,NA,NA,NA,NA,NA,NA,NA,NA,FALSE,NA,NA,NA,FALSE,FALSE,NA,NA,NA,NA,NA,NA,NA,FALSE,FALSE,FALSE,NA,FALSE,FALSE,FALSE,NA,NA,NA,NA,NA,FALSE,FALSE,NA,FALSE,FALSE,NA,FALSE,FALSE,FALSE,FALSE,FALSE,TRUE,FALSE,FALSE,TRUE,NA,NA,NA,NA,FALSE,NA
1914,2.58,0,2.04,2.33,NA,2.78,2.15,2.18,2.32,1.41,1.44,NA,NA,NA,NA,NA,NA,1.75,NA,NA,NA,NA,NA,NA,NA,NA,NA,NA,NA,3.15,NA,NA,NA,0.82,1.25,NA,NA,NA,NA,NA,NA,NA,1.32,1.38,0.66,NA,2.21,2.86,1.5,NA,NA,NA,NA,NA,0.99,0.91,NA,2.41,2.52,NA,2.15,2.34,1.42,2.2,1.58,4.38,2.79,2.12,2.33,2.2,NA,NA,NA,1.38,NA,FALSE,FALSE,FALSE,FALSE,NA,FALSE,FALSE,FALSE,FALSE,FALSE,FALSE,NA,NA,NA,NA,NA,NA,FALSE,NA,NA,NA,NA,NA,NA,NA,NA,NA,NA,NA,FALSE,NA,NA,NA,FALSE,FALSE,NA,NA,NA,NA,NA,NA,NA,FALSE,FALSE,FALSE,NA,FALSE,FALSE,FALSE,NA,NA,NA,NA,NA,FALSE,FALSE,NA,FALSE,FALSE,NA,FALSE,FALSE,FALSE,FALSE,FALSE,TRUE,FALSE,FALSE,FALSE,FALSE,NA,NA,NA,FALSE,NA
1915,3.58,3.45,1.68,1.91,NA,2.72,1.97,1.86,2.61,1.08,1.28,NA,NA,NA,0.87,NA,NA,1.44,NA,NA,NA,NA,NA,NA,NA,NA,NA,NA,NA,3.3,NA,NA,NA,0.89,1.08,NA,NA,NA,NA,NA,NA,NA,0.98,1.21,0.53,NA,1.83,2.01,1.32,NA,NA,NA,NA,NA,0.9,0.7,NA,2.09,2.24,2.86,1.74,2.15,1.46,1.95,1.26,4.03,2.33,2.06,1.9,1.8,NA,NA,NA,1.21,NA,FALSE,FALSE,FALSE,FALSE,NA,FALSE,FALSE,FALSE,FALSE,FALSE,FALSE,NA,NA,NA,FALSE,NA,NA,FALSE,NA,NA,NA,NA,NA,NA,NA,NA,NA,NA,NA,FALSE,NA,NA,NA,FALSE,FALSE,NA,NA,NA,NA,NA,NA,NA,FALSE,FALSE,FALSE,NA,FALSE,FALSE,FALSE,NA,NA,NA,NA,NA,FALSE,FALSE,NA,FALSE,FALSE,FALSE,FALSE,FALSE,FALSE,FALSE,FALSE,FALSE,FALSE,FALSE,FALSE,FALSE,NA,NA,NA,FALSE,NA
1916,2.25,2.99,1.58,2.18,NA,3.39,1.69,1.86,2.02,0.88,1.18,NA,NA,NA,1.27,NA,NA,1.28,NA,NA,NA,NA,NA,NA,NA,NA,NA,1.04,NA,2.85,NA,NA,NA,0.82,1.19,NA,NA,NA,3.93,NA,NA,NA,0.77,1.29,0.58,NA,1.55,1.66,1.58,NA,NA,NA,NA,NA,0.96,0.7,NA,2.17,2.4,3.28,2.03,2.32,1.78,2.12,1.39,3.66,2.8,1.87,1.49,1.78,NA,NA,NA,1.08,NA,FALSE,FALSE,FALSE,FALSE,NA,FALSE,FALSE,FALSE,FALSE,FALSE,FALSE,NA,NA,NA,FALSE,NA,NA,FALSE,NA,NA,NA,NA,NA,NA,NA,NA,NA,FALSE,NA,FALSE,NA,NA,NA,FALSE,FALSE,NA,NA,NA,FALSE,NA,NA,NA,FALSE,FALSE,FALSE,NA,FALSE,FALSE,FALSE,NA,NA,NA,NA,NA,FALSE,FALSE,NA,FALSE,FALSE,TRUE,FALSE,FALSE,FALSE,FALSE,FALSE,FALSE,FALSE,FALSE,FALSE,FALSE,NA,NA,NA,FALSE,NA
1917,1.74,3.14,0.72,1.07,NA,2.9,1.47,1.88,2.07,1.53,1,NA,NA,NA,2.5,NA,NA,0.94,NA,NA,NA,NA,NA,NA,NA,NA,NA,1.13,NA,3,NA,NA,NA,0.88,1.17,NA,NA,NA,3.5,NA,NA,NA,0.73,1.34,0.68,NA,1.62,1.72,1.52,NA,NA,NA,NA,NA,0.86,0.87,NA,2.03,2.22,3.17,1.73,2.69,1.84,2.65,1.28,3.19,2.3,1.55,1.44,1.87,NA,NA,NA,0,NA,FALSE,FALSE,FALSE,FALSE,NA,FALSE,FALSE,FALSE,FALSE,FALSE,FALSE,NA,NA,NA,FALSE,NA,NA,FALSE,NA,NA,NA,NA,NA,NA,NA,NA,NA,FALSE,NA,FALSE,NA,NA,NA,FALSE,FALSE,NA,NA,NA,FALSE,NA,NA,NA,FALSE,FALSE,FALSE,NA,FALSE,FALSE,FALSE,NA,NA,NA,NA,NA,FALSE,FALSE,NA,FALSE,FALSE,FALSE,FALSE,FALSE,FALSE,FALSE,FALSE,FALSE,FALSE,FALSE,FALSE,FALSE,NA,NA,NA,FALSE,NA
1918,1.86,1.82,1.99,1.84,NA,2.09,1.32,1.39,2.15,1.48,1.21,NA,NA,NA,3.36,NA,NA,0.92,NA,NA,NA,NA,NA,NA,NA,NA,NA,1.76,NA,2.57,NA,NA,NA,0.77,1.02,NA,NA,NA,2.48,NA,NA,NA,0.64,1.12,0.82,NA,1.26,1.47,1.43,NA,NA,NA,NA,NA,0.6,0.91,NA,1.75,2.19,2.98,1.09,1.98,1.21,2.39,1.04,2.46,2.06,1.5,1.19,1.12,NA,NA,NA,0.87,1.36,FALSE,FALSE,FALSE,FALSE,NA,FALSE,FALSE,FALSE,FALSE,FALSE,FALSE,NA,NA,NA,FALSE,NA,NA,FALSE,NA,NA,NA,NA,NA,NA,NA,NA,NA,FALSE,NA,FALSE,NA,NA,NA,FALSE,FALSE,NA,NA,NA,FALSE,NA,NA,NA,FALSE,FALSE,FALSE,NA,FALSE,FALSE,FALSE,NA,NA,NA,NA,NA,FALSE,FALSE,NA,FALSE,FALSE,FALSE,FALSE,FALSE,FALSE,FALSE,FALSE,FALSE,FALSE,FALSE,FALSE,FALSE,NA,NA,NA,FALSE,FALSE
1919,1.65,1.55,2.24,2.44,NA,2.65,1.17,1.12,2.05,1.46,1.37,NA,NA,NA,2.87,NA,NA,1,NA,NA,NA,NA,NA,NA,NA,NA,NA,1.57,NA,2.85,NA,NA,NA,0.69,1.12,NA,NA,NA,2.48,NA,NA,NA,0.67,1.46,0.96,NA,1.41,1.53,1.46,NA,NA,NA,NA,NA,0.64,0.85,NA,1.81,2.26,3.15,1.13,2.15,1.06,2.1,1.31,2.38,1.65,1.45,1.17,1.09,NA,NA,NA,0.83,1.59,FALSE,FALSE,FALSE,FALSE,NA,FALSE,FALSE,FALSE,FALSE,FALSE,FALSE,NA,NA,NA,FALSE,NA,NA,FALSE,NA,NA,NA,NA,NA,NA,NA,NA,NA,FALSE,NA,FALSE,NA,NA,NA,FALSE,FALSE,NA,NA,NA,FALSE,NA,NA,NA,FALSE,FALSE,FALSE,NA,FALSE,FALSE,FALSE,NA,NA,NA,NA,NA,FALSE,FALSE,NA,FALSE,FALSE,FALSE,FALSE,FALSE,FALSE,FALSE,FALSE,FALSE,FALSE,FALSE,FALSE,FALSE,NA,NA,NA,FALSE,FALSE
1920,1.58,1.54,1.74,2.5,NA,2.63,1.41,0.74,2.05,1.42,1.35,NA,NA,NA,2.79,NA,NA,1.15,NA,NA,NA,NA,NA,NA,NA,NA,NA,2.02,NA,3.29,NA,2.8,NA,0.73,1.1,NA,NA,2.91,1.9,NA,NA,NA,0.84,1.91,0.81,NA,1.41,1.38,1.25,NA,NA,NA,NA,NA,0.73,0.76,NA,1.96,2.32,2.63,0.95,2.36,1.21,1.91,1.32,2.54,2.17,1.62,1.46,0.78,NA,NA,NA,0.72,2.24,FALSE,FALSE,FALSE,FALSE,NA,FALSE,FALSE,FALSE,FALSE,FALSE,FALSE,NA,NA,NA,FALSE,NA,NA,FALSE,NA,NA,NA,NA,NA,NA,NA,NA,NA,FALSE,NA,FALSE,NA,FALSE,NA,FALSE,FALSE,NA,NA,FALSE,FALSE,NA,NA,NA,FALSE,FALSE,FALSE,NA,FALSE,FALSE,FALSE,NA,NA,NA,NA,NA,FALSE,FALSE,NA,FALSE,FALSE,FALSE,FALSE,FALSE,FALSE,FALSE,FALSE,FALSE,FALSE,FALSE,FALSE,FALSE,NA,NA,NA,FALSE,FALSE
1921,1.48,1.77,1.72,1.65,NA,2.83,1.81,1.07,1.9,1.29,1.35,NA,2.55,NA,2.67,NA,NA,1.43,NA,NA,NA,NA,NA,NA,NA,NA,1.61,1.51,NA,3.36,NA,3.55,NA,0.84,1.29,NA,NA,2.18,1.63,NA,NA,NA,0.77,1.48,0.64,NA,1.72,1.33,1.19,NA,NA,NA,NA,NA,0.83,0.87,NA,2.28,2.73,2.95,1.25,2.3,1.29,3.11,1.71,2.44,1.9,1.61,1.51,1.17,NA,NA,NA,1.1,2.37,FALSE,FALSE,FALSE,FALSE,NA,FALSE,FALSE,FALSE,FALSE,FALSE,FALSE,NA,FALSE,NA,FALSE,NA,NA,FALSE,NA,NA,NA,NA,NA,NA,NA,NA,FALSE,FALSE,NA,FALSE,NA,FALSE,NA,FALSE,FALSE,NA,NA,FALSE,FALSE,NA,NA,NA,FALSE,FALSE,FALSE,NA,FALSE,FALSE,FALSE,NA,NA,NA,NA,NA,FALSE,FALSE,NA,FALSE,FALSE,FALSE,FALSE,FALSE,FALSE,FALSE,FALSE,FALSE,FALSE,FALSE,FALSE,FALSE,NA,NA,NA,FALSE,FALSE
1922,1.82,1.5,1.57,1.53,NA,2.41,1.67,0.76,1.91,1.17,0.96,NA,2.62,NA,3.01,NA,NA,1.37,NA,NA,NA,NA,NA,1.22,NA,NA,1.36,1.19,NA,3.1,NA,3.23,NA,0.82,1.42,NA,NA,1.64,1.73,NA,NA,NA,0.77,1.16,0.5,NA,1.41,1.36,1.31,NA,NA,NA,NA,NA,0.6,0.72,NA,2.06,2.33,2.49,1.48,1.83,1.16,1.88,1.3,2.01,1.37,1.55,1.46,0.91,NA,NA,NA,0.97,2.43,FALSE,FALSE,FALSE,FALSE,NA,FALSE,FALSE,FALSE,FALSE,FALSE,FALSE,NA,FALSE,NA,FALSE,NA,NA,FALSE,NA,NA,NA,NA,NA,FALSE,NA,NA,FALSE,FALSE,NA,FALSE,NA,FALSE,NA,FALSE,FALSE,NA,NA,FALSE,FALSE,NA,NA,NA,FALSE,FALSE,FALSE,NA,FALSE,FALSE,FALSE,NA,NA,NA,NA,NA,FALSE,FALSE,NA,FALSE,FALSE,FALSE,FALSE,FALSE,FALSE,FALSE,FALSE,FALSE,FALSE,FALSE,FALSE,FALSE,NA,NA,NA,FALSE,FALSE
1923,3.31,2.16,2.69,3.15,NA,2.42,2.76,0.78,2.05,1.35,1.56,NA,3.01,NA,3.18,NA,NA,1.69,NA,NA,NA,NA,NA,1.47,NA,NA,1.67,1.95,NA,3.05,NA,3.93,NA,1.34,1.59,NA,NA,1.95,2.04,NA,NA,NA,0.79,1.1,0.63,NA,1.43,1.27,1.14,NA,NA,NA,NA,NA,0.77,0.83,NA,2.23,2.4,2.13,1.57,1.83,1.12,1.31,1.73,2.42,1.8,1.83,1.49,0.78,NA,NA,NA,0.95,3.28,FALSE,FALSE,FALSE,FALSE,NA,FALSE,FALSE,FALSE,FALSE,FALSE,FALSE,NA,FALSE,NA,FALSE,NA,NA,FALSE,NA,NA,NA,NA,NA,FALSE,NA,NA,FALSE,FALSE,NA,FALSE,NA,FALSE,NA,FALSE,FALSE,NA,NA,FALSE,FALSE,NA,NA,NA,FALSE,FALSE,FALSE,NA,FALSE,FALSE,FALSE,NA,NA,NA,NA,NA,FALSE,FALSE,NA,FALSE,FALSE,FALSE,FALSE,FALSE,FALSE,FALSE,FALSE,FALSE,FALSE,FALSE,FALSE,FALSE,NA,NA,NA,FALSE,TRUE
1924,1.87,1.75,2.34,1.95,NA,1.79,1.48,0.63,1.68,1.53,1.44,NA,2.09,NA,1.98,NA,0.76,0.99,NA,NA,NA,NA,NA,1.33,1.42,NA,1.26,1.12,NA,1.98,NA,3.32,NA,0.88,0.7,NA,NA,1.04,0.91,NA,NA,NA,0.67,0.89,0.47,NA,1.22,1.33,0.87,NA,NA,NA,NA,NA,0.51,0.66,NA,1.71,1.99,1.39,1.25,1.23,0.64,0.89,1.27,1.7,1.52,1.67,1.42,0.54,NA,NA,NA,0.44,1.93,FALSE,FALSE,FALSE,FALSE,NA,FALSE,FALSE,FALSE,FALSE,FALSE,FALSE,NA,FALSE,NA,FALSE,NA,FALSE,FALSE,NA,NA,NA,NA,NA,FALSE,FALSE,NA,FALSE,FALSE,NA,FALSE,NA,FALSE,NA,FALSE,FALSE,NA,NA,FALSE,FALSE,NA,NA,NA,FALSE,FALSE,FALSE,NA,FALSE,FALSE,FALSE,NA,NA,NA,NA,NA,FALSE,FALSE,NA,FALSE,FALSE,FALSE,FALSE,FALSE,FALSE,FALSE,FALSE,FALSE,FALSE,FALSE,FALSE,FALSE,NA,NA,NA,FALSE,FALSE
1925,1.96,2.03,2.07,1.5,NA,1.77,1.33,0.48,1.65,1.5,1.61,NA,3.06,NA,2.18,NA,0.96,1.28,NA,NA,NA,NA,NA,1.49,2.37,NA,1.79,1.72,NA,2.2,NA,4.97,NA,1.41,0.74,NA,NA,1.54,1.61,NA,NA,NA,0.86,0.97,0.47,NA,1.17,1.08,0.96,NA,NA,NA,NA,NA,0.56,0.72,NA,1.88,2.33,1.16,1.27,1.28,0.81,1.12,1.57,1.85,2,1.78,1.56,0.5,NA,NA,NA,0.72,3,FALSE,FALSE,FALSE,FALSE,NA,FALSE,FALSE,FALSE,FALSE,FALSE,FALSE,NA,FALSE,NA,FALSE,NA,FALSE,FALSE,NA,NA,NA,NA,NA,FALSE,TRUE,NA,FALSE,FALSE,NA,FALSE,NA,FALSE,NA,FALSE,FALSE,NA,NA,FALSE,FALSE,NA,NA,NA,FALSE,FALSE,FALSE,NA,FALSE,FALSE,FALSE,NA,NA,NA,NA,NA,FALSE,FALSE,NA,FALSE,FALSE,FALSE,FALSE,FALSE,FALSE,FALSE,FALSE,FALSE,FALSE,FALSE,FALSE,FALSE,NA,NA,NA,FALSE,FALSE
1926,3.28,3.19,2.16,2.49,NA,1.92,1.55,0.69,1.36,1.42,1.3,3.03,3.83,NA,2.86,NA,1.35,1.11,NA,NA,NA,NA,NA,1.67,2.3,NA,1.59,1.59,NA,2.09,NA,4.91,NA,1.47,1.23,NA,NA,1.71,1.81,NA,NA,NA,0.92,0.8,0.64,NA,1.43,1.59,1.68,NA,NA,NA,NA,NA,0.49,0.74,NA,1.94,2.38,2.03,1.34,1.47,0.89,1.48,1.79,2.47,2.16,2.7,2.26,0.81,NA,NA,NA,1,3.33,FALSE,FALSE,FALSE,FALSE,NA,FALSE,FALSE,FALSE,FALSE,FALSE,FALSE,FALSE,FALSE,NA,FALSE,NA,FALSE,FALSE,NA,NA,NA,NA,NA,FALSE,TRUE,NA,FALSE,FALSE,NA,FALSE,NA,FALSE,NA,FALSE,FALSE,NA,NA,FALSE,FALSE,NA,NA,NA,FALSE,FALSE,FALSE,NA,FALSE,FALSE,FALSE,NA,NA,NA,NA,NA,FALSE,FALSE,NA,FALSE,FALSE,FALSE,FALSE,FALSE,FALSE,FALSE,FALSE,FALSE,FALSE,FALSE,FALSE,FALSE,NA,NA,NA,FALSE,TRUE
1927,2.24,2.33,1.88,2.43,NA,1.2,0.6,0.39,1.66,1.8,0.96,2.42,2.41,NA,2.68,NA,0.97,0.87,NA,NA,NA,NA,NA,1.32,1.53,NA,0.85,0.76,NA,1.3,NA,4.24,3.75,1.19,0.91,1.11,NA,1.64,1.66,NA,NA,NA,0.73,0.83,0.52,NA,1.28,1.35,1.04,NA,NA,NA,NA,NA,0.43,0.59,NA,1.68,1.77,1.42,0.59,0.84,0.38,0.85,1.6,1.78,1.72,2.32,2.21,0.47,NA,NA,NA,0.66,2.54,FALSE,FALSE,FALSE,FALSE,NA,FALSE,FALSE,FALSE,FALSE,FALSE,FALSE,FALSE,FALSE,NA,FALSE,NA,FALSE,FALSE,NA,NA,NA,NA,NA,FALSE,FALSE,NA,FALSE,FALSE,NA,FALSE,NA,FALSE,FALSE,FALSE,FALSE,FALSE,NA,FALSE,FALSE,NA,NA,NA,FALSE,FALSE,FALSE,NA,FALSE,FALSE,FALSE,NA,NA,NA,NA,NA,FALSE,FALSE,NA,FALSE,FALSE,FALSE,FALSE,FALSE,FALSE,FALSE,FALSE,FALSE,FALSE,FALSE,FALSE,FALSE,NA,NA,NA,FALSE,FALSE
1928,2.24,2.18,2.47,2.56,NA,1.4,1.37,0.62,1.58,1.55,1.35,2.69,1.8,NA,2.72,3.28,1.16,1.4,NA,NA,NA,NA,NA,1.6,1.91,NA,1.05,1.14,2.12,1.75,NA,3.95,3.96,1.12,0.82,1.81,NA,1.97,1.54,NA,NA,NA,0.97,0.83,0.63,NA,1.48,1.29,1.25,NA,NA,NA,NA,NA,0.47,0.57,NA,2.03,1.74,2.09,0.7,0.98,0.7,1.11,1.7,1.79,1.7,2.18,2.04,0.79,NA,NA,NA,0.83,2.22,FALSE,FALSE,FALSE,FALSE,NA,FALSE,FALSE,FALSE,FALSE,FALSE,FALSE,FALSE,FALSE,NA,FALSE,FALSE,FALSE,FALSE,NA,NA,NA,NA,NA,FALSE,FALSE,NA,FALSE,FALSE,FALSE,FALSE,NA,FALSE,FALSE,FALSE,FALSE,FALSE,NA,FALSE,FALSE,NA,NA,NA,FALSE,FALSE,FALSE,NA,FALSE,FALSE,FALSE,NA,NA,NA,NA,NA,FALSE,FALSE,NA,FALSE,FALSE,FALSE,FALSE,FALSE,FALSE,FALSE,FALSE,FALSE,FALSE,FALSE,FALSE,FALSE,NA,NA,NA,FALSE,FALSE
1929,2.21,2.68,1.82,2.02,NA,1.16,1.2,0.78,1.36,1.4,1.08,3.36,2.5,NA,2.45,3.29,0.83,1.13,NA,NA,NA,NA,NA,1.1,1.37,NA,1.29,1.44,1.17,1.94,NA,4.42,4.69,0.96,0.97,1.56,NA,2.06,1.43,NA,NA,NA,0.67,0.87,0.62,NA,1.19,0.93,0,NA,NA,NA,NA,NA,0.45,0.44,NA,2.07,1.85,1.38,0.87,0.85,0.42,0.7,1.66,1.57,1.67,1.57,1.81,0.69,NA,NA,NA,0.66,1.99,FALSE,FALSE,FALSE,FALSE,NA,FALSE,FALSE,FALSE,FALSE,FALSE,FALSE,FALSE,FALSE,NA,FALSE,FALSE,FALSE,FALSE,NA,NA,NA,NA,NA,FALSE,FALSE,NA,FALSE,FALSE,FALSE,FALSE,NA,FALSE,FALSE,FALSE,FALSE,FALSE,NA,FALSE,FALSE,NA,NA,NA,FALSE,FALSE,FALSE,NA,FALSE,FALSE,FALSE,NA,NA,NA,NA,NA,FALSE,FALSE,NA,FALSE,FALSE,FALSE,FALSE,FALSE,FALSE,FALSE,FALSE,FALSE,FALSE,FALSE,FALSE,FALSE,NA,NA,NA,FALSE,FALSE
1930,2.41,2.46,1.89,2.16,NA,1.13,0.82,0.85,2,1.47,1.05,2.58,2.79,NA,2.38,2.73,1.23,1.21,0.34,NA,NA,NA,NA,1.15,1.39,NA,1.18,1.63,1.37,2.16,NA,4.64,4.69,0.82,0.8,1.24,NA,1.9,1.36,NA,NA,NA,0.6,0.76,0.64,NA,1.25,1.16,1.53,1.29,NA,NA,NA,NA,0.51,0.53,NA,2.03,1.76,1.06,0.72,0.58,0.72,0.47,1.47,1.64,1.62,1.82,1.94,0.75,NA,NA,NA,0.57,1.92,FALSE,FALSE,FALSE,FALSE,NA,FALSE,FALSE,FALSE,FALSE,FALSE,FALSE,FALSE,FALSE,NA,FALSE,FALSE,FALSE,FALSE,FALSE,NA,NA,NA,NA,FALSE,FALSE,NA,FALSE,FALSE,FALSE,FALSE,NA,FALSE,FALSE,FALSE,FALSE,FALSE,NA,FALSE,FALSE,NA,NA,NA,FALSE,FALSE,FALSE,NA,FALSE,FALSE,FALSE,FALSE,NA,NA,NA,NA,FALSE,FALSE,NA,FALSE,FALSE,FALSE,FALSE,FALSE,FALSE,FALSE,FALSE,FALSE,FALSE,FALSE,FALSE,FALSE,NA,NA,NA,FALSE,FALSE
1931,2.97,2.62,3.13,3.18,NA,1.11,0.94,0.91,2.15,1.19,1.35,2.26,2.96,NA,2.48,3.19,1.4,1.97,0.45,NA,NA,NA,NA,1.26,1.63,2.27,1.21,1.72,1.3,2.2,NA,4.43,4.06,1.01,1.1,1.56,NA,2.06,1.47,NA,NA,NA,0.67,0.89,0.75,NA,1.46,1.27,0.78,1.25,NA,NA,NA,NA,0.73,0.45,NA,2.1,1.53,1.31,0.42,0.51,0.36,0.34,2.2,1.91,1.73,1.85,1.98,0.72,NA,NA,NA,0.38,2.17,FALSE,FALSE,FALSE,FALSE,NA,FALSE,FALSE,FALSE,FALSE,FALSE,FALSE,FALSE,FALSE,NA,FALSE,FALSE,FALSE,TRUE,FALSE,NA,NA,NA,NA,FALSE,FALSE,FALSE,FALSE,FALSE,FALSE,FALSE,NA,FALSE,FALSE,FALSE,FALSE,FALSE,NA,FALSE,FALSE,NA,NA,NA,FALSE,FALSE,FALSE,NA,FALSE,FALSE,FALSE,FALSE,NA,NA,NA,NA,FALSE,FALSE,NA,FALSE,FALSE,FALSE,FALSE,FALSE,FALSE,FALSE,FALSE,FALSE,FALSE,FALSE,FALSE,FALSE,NA,NA,NA,FALSE,FALSE
1932,2.16,2.25,2.14,2.44,NA,0.87,0.47,0.77,2.55,1.57,0.89,2.55,2.82,NA,1.99,2.92,1.5,1.25,0.26,NA,NA,NA,NA,0.79,1.33,1.65,1.92,1.91,1.15,1.71,NA,4.18,3.81,0.57,0.49,1.31,NA,1.86,1.61,NA,NA,NA,0.45,1.02,0.86,NA,0.7,0.85,0.49,0.5,NA,NA,NA,NA,0.47,0.42,NA,1.56,1.79,1.41,0.32,0.43,0.04,0.11,1.57,1.7,1.22,1.58,1.39,1.8,NA,NA,NA,0.43,2.33,FALSE,FALSE,FALSE,FALSE,NA,FALSE,FALSE,FALSE,FALSE,FALSE,FALSE,FALSE,FALSE,NA,FALSE,FALSE,FALSE,FALSE,FALSE,NA,NA,NA,NA,FALSE,FALSE,FALSE,FALSE,FALSE,FALSE,FALSE,NA,FALSE,FALSE,FALSE,FALSE,FALSE,NA,FALSE,FALSE,NA,NA,NA,FALSE,FALSE,FALSE,NA,FALSE,FALSE,FALSE,FALSE,NA,NA,NA,NA,FALSE,FALSE,NA,FALSE,FALSE,FALSE,FALSE,FALSE,FALSE,FALSE,FALSE,FALSE,FALSE,FALSE,FALSE,FALSE,NA,NA,NA,FALSE,FALSE
1933,1.93,2.02,2.14,2.48,NA,1.58,1.25,1.1,1.93,1.24,0.93,2.74,3.46,NA,1.91,2.53,0.85,1,0.37,NA,NA,NA,NA,0.72,0.98,0.88,1.72,1.68,1.27,2.98,NA,3.73,3.77,0.75,0.66,1.1,1.31,1.85,1.69,NA,NA,NA,0.49,0.76,1.49,NA,0.89,0.89,1,1.07,NA,NA,NA,NA,0.66,0.34,NA,2.07,2.37,2.34,0.72,0.74,0.76,0.37,1.66,1.61,1.27,2.08,1.67,3.22,NA,NA,NA,0.64,1.88,FALSE,FALSE,FALSE,FALSE,NA,FALSE,FALSE,FALSE,FALSE,FALSE,FALSE,FALSE,FALSE,NA,FALSE,FALSE,FALSE,FALSE,FALSE,NA,NA,NA,NA,FALSE,FALSE,FALSE,FALSE,FALSE,FALSE,FALSE,NA,FALSE,FALSE,FALSE,FALSE,FALSE,FALSE,FALSE,FALSE,NA,NA,NA,FALSE,FALSE,TRUE,NA,FALSE,FALSE,FALSE,FALSE,NA,NA,NA,NA,FALSE,FALSE,NA,FALSE,FALSE,FALSE,FALSE,FALSE,FALSE,FALSE,FALSE,FALSE,FALSE,FALSE,FALSE,FALSE,NA,NA,NA,FALSE,FALSE
1934,3.92,2.6,2.95,3.29,NA,1.16,0.88,0.91,1.89,1.4,0.65,3.13,2.52,NA,2.05,2.73,1.56,1,0.33,NA,NA,NA,NA,1.13,1.65,2.09,1.34,1.68,1.47,2.71,NA,3.5,3,0.87,0.76,1.34,1.44,1.55,1.95,NA,NA,0.53,0.56,0.81,1.12,NA,1.1,0.97,0.59,1.26,1.39,NA,NA,NA,0.55,0.47,NA,1.67,1.88,1.71,0.66,0.51,0.47,0.15,1.72,1.33,1.19,1.6,1.76,2.14,NA,NA,NA,0.53,1.68,FALSE,FALSE,FALSE,FALSE,NA,FALSE,FALSE,FALSE,FALSE,FALSE,FALSE,FALSE,FALSE,NA,FALSE,FALSE,FALSE,FALSE,FALSE,NA,NA,NA,NA,FALSE,FALSE,FALSE,FALSE,FALSE,FALSE,FALSE,NA,FALSE,FALSE,FALSE,FALSE,FALSE,FALSE,FALSE,FALSE,NA,NA,FALSE,FALSE,FALSE,FALSE,NA,FALSE,FALSE,FALSE,FALSE,FALSE,NA,NA,NA,FALSE,FALSE,NA,FALSE,FALSE,FALSE,FALSE,FALSE,FALSE,FALSE,FALSE,FALSE,FALSE,FALSE,FALSE,FALSE,NA,NA,NA,FALSE,FALSE
1935,2.81,2.58,2.44,2.72,NA,0.96,0.22,0.83,2.18,1.83,0.78,2.74,2.33,NA,2.18,2.33,2.22,0.51,0.38,NA,NA,NA,NA,1,1.15,1.69,1.22,1.46,0.64,2.48,NA,3.05,2.95,0.64,0.57,1.44,0.71,1.38,2.21,NA,NA,0.72,0.37,0.68,0.68,NA,1.04,0.72,0.49,1.16,1.51,NA,NA,NA,0.4,0.53,NA,1.22,1.72,0.78,0.38,0.4,0.28,0.9,1.49,1.03,1.15,1.41,1.67,0.78,NA,NA,NA,0.43,1.97,FALSE,FALSE,FALSE,FALSE,NA,FALSE,FALSE,FALSE,FALSE,FALSE,FALSE,FALSE,FALSE,NA,FALSE,FALSE,FALSE,FALSE,FALSE,NA,NA,NA,NA,FALSE,FALSE,FALSE,FALSE,FALSE,FALSE,FALSE,NA,FALSE,FALSE,FALSE,FALSE,FALSE,FALSE,FALSE,FALSE,NA,NA,FALSE,FALSE,FALSE,FALSE,NA,FALSE,FALSE,FALSE,FALSE,FALSE,NA,NA,NA,FALSE,FALSE,NA,FALSE,FALSE,FALSE,FALSE,FALSE,FALSE,FALSE,FALSE,FALSE,FALSE,FALSE,FALSE,FALSE,NA,NA,NA,FALSE,FALSE
1936,3.05,3.36,3.27,3.42,NA,1.63,0.71,1.65,1.44,1.94,1.05,2.86,2.82,NA,2.77,2.73,1.97,0.49,0.63,NA,NA,NA,NA,1.53,1.53,3.09,1.5,1.88,1.29,3.32,NA,3.78,3.24,0.93,0.85,1.71,1.35,1.7,2.15,NA,NA,0.87,0.38,0.89,0.66,NA,1.38,1.14,0.81,1.31,1.42,NA,NA,NA,0.47,0.61,NA,1.79,2.44,1.46,0.78,0.85,0.87,1.56,1.98,1.28,1.47,1.52,1.76,1.83,NA,NA,NA,0.96,2.08,FALSE,FALSE,FALSE,FALSE,NA,FALSE,FALSE,FALSE,FALSE,FALSE,FALSE,FALSE,FALSE,NA,FALSE,FALSE,FALSE,FALSE,FALSE,NA,NA,NA,NA,FALSE,FALSE,TRUE,FALSE,FALSE,FALSE,FALSE,NA,FALSE,FALSE,FALSE,FALSE,FALSE,FALSE,FALSE,FALSE,NA,NA,FALSE,FALSE,FALSE,FALSE,NA,FALSE,FALSE,FALSE,FALSE,FALSE,NA,NA,NA,FALSE,FALSE,NA,FALSE,FALSE,FALSE,FALSE,FALSE,FALSE,FALSE,FALSE,FALSE,FALSE,FALSE,FALSE,FALSE,NA,NA,NA,FALSE,FALSE
1937,2.96,2.28,2.12,1.7,NA,1.54,0.86,1.63,1.29,1.58,1.03,2.9,2.24,NA,1.97,2.5,1.86,0.45,0.47,NA,NA,NA,NA,1.04,0.72,2.02,1.41,1.43,2.06,3.32,NA,3.46,2.65,0.67,0.61,1.51,1.46,1.41,1.48,0.13,NA,1.17,0.47,0.97,0.46,NA,0.78,0.51,0.62,1.16,1.56,1.95,NA,NA,0.36,0.49,NA,1.75,3.09,1.05,1.06,1.24,0.95,1.28,1.03,0.9,1.09,1.32,1.61,1.95,NA,NA,NA,0.91,1.65,FALSE,FALSE,FALSE,FALSE,NA,FALSE,FALSE,FALSE,FALSE,FALSE,FALSE,FALSE,FALSE,NA,FALSE,FALSE,FALSE,FALSE,FALSE,NA,NA,NA,NA,FALSE,FALSE,FALSE,FALSE,FALSE,FALSE,FALSE,NA,FALSE,FALSE,FALSE,FALSE,FALSE,FALSE,FALSE,FALSE,FALSE,NA,FALSE,FALSE,FALSE,FALSE,NA,FALSE,FALSE,FALSE,FALSE,FALSE,TRUE,NA,NA,FALSE,FALSE,NA,FALSE,FALSE,FALSE,FALSE,FALSE,FALSE,FALSE,FALSE,FALSE,FALSE,FALSE,FALSE,FALSE,NA,NA,NA,FALSE,FALSE
1938,3.59,2.47,2.31,1.95,NA,1.54,0.84,1.44,2.14,1.27,1.04,2.26,2.18,NA,1.88,2.07,1.59,0.57,0.66,NA,NA,NA,2.32,0.91,1.17,1.22,1.82,1.53,2.06,3.67,NA,3.46,2.67,0.55,0.47,1.23,1.13,1.69,1.35,0.32,NA,1.45,0,0.05,0.35,NA,0.57,0.49,0.64,1.41,1.83,1.32,NA,NA,0.32,0.34,NA,1.75,2.81,0.85,0.74,1.66,0.55,1.31,1.44,1.12,1.05,1.06,1.37,2.38,NA,NA,NA,0.87,2.22,FALSE,FALSE,FALSE,FALSE,NA,FALSE,FALSE,FALSE,FALSE,FALSE,FALSE,FALSE,FALSE,NA,FALSE,FALSE,FALSE,FALSE,FALSE,NA,NA,NA,FALSE,FALSE,FALSE,FALSE,FALSE,FALSE,FALSE,FALSE,NA,FALSE,FALSE,FALSE,FALSE,FALSE,FALSE,FALSE,FALSE,FALSE,NA,FALSE,FALSE,FALSE,FALSE,NA,FALSE,FALSE,FALSE,FALSE,FALSE,FALSE,NA,NA,FALSE,FALSE,NA,FALSE,FALSE,FALSE,FALSE,FALSE,FALSE,FALSE,FALSE,FALSE,FALSE,FALSE,FALSE,FALSE,NA,NA,NA,FALSE,FALSE
1939,3.28,3.42,2.54,2.63,NA,1.42,0.73,1.42,2.18,0.83,0.84,2.18,2.5,NA,1.86,1.92,1.72,0.72,0.85,NA,NA,NA,2.48,1.3,1.25,1.59,1.22,1.32,1.31,2.69,NA,3.42,2.79,0.54,0.55,1.43,1.15,1.52,1.23,0.36,NA,1.59,0.07,0.66,0.29,NA,0.4,0.44,0.51,2.65,1.58,1.08,NA,NA,0.32,0.38,NA,1.62,2.08,1.51,0.78,1.4,0.72,1.58,1.49,1.04,0.79,0.81,0.9,2.08,NA,NA,NA,0.96,2,FALSE,FALSE,FALSE,FALSE,NA,FALSE,FALSE,FALSE,FALSE,FALSE,FALSE,FALSE,FALSE,NA,FALSE,FALSE,FALSE,FALSE,FALSE,NA,NA,NA,FALSE,FALSE,FALSE,FALSE,FALSE,FALSE,FALSE,FALSE,NA,FALSE,FALSE,FALSE,FALSE,FALSE,FALSE,FALSE,FALSE,FALSE,NA,FALSE,FALSE,FALSE,FALSE,NA,FALSE,FALSE,FALSE,TRUE,FALSE,FALSE,NA,NA,FALSE,FALSE,NA,FALSE,FALSE,FALSE,FALSE,FALSE,FALSE,FALSE,FALSE,FALSE,FALSE,FALSE,FALSE,FALSE,NA,NA,NA,FALSE,FALSE
1940,3.67,3.14,2.77,3.2,NA,1.26,0.41,1.29,2.27,1.21,0.76,1.79,2.31,NA,1.72,1.98,2.2,0.68,0.88,NA,NA,NA,2.13,1.17,1.56,1.78,1.45,0.89,1.05,2.84,NA,2.72,2.58,0.49,0.47,1.53,1.05,1.64,1.42,0.57,NA,1.74,0.17,0.95,0.28,NA,0.34,0.23,0.47,1.51,1.2,0.66,NA,NA,0.3,0.21,NA,1.15,1.45,1.69,0.58,1.23,0.64,0.66,1.57,0.73,0.61,0.72,1.16,1.17,NA,NA,NA,1,1.63,FALSE,FALSE,FALSE,FALSE,NA,FALSE,FALSE,FALSE,FALSE,FALSE,FALSE,FALSE,FALSE,NA,FALSE,FALSE,FALSE,FALSE,FALSE,NA,NA,NA,FALSE,FALSE,FALSE,FALSE,FALSE,FALSE,FALSE,FALSE,NA,FALSE,FALSE,FALSE,FALSE,FALSE,FALSE,FALSE,FALSE,FALSE,NA,FALSE,FALSE,FALSE,FALSE,NA,FALSE,FALSE,FALSE,FALSE,FALSE,FALSE,NA,NA,FALSE,FALSE,NA,FALSE,FALSE,FALSE,FALSE,FALSE,FALSE,FALSE,FALSE,FALSE,FALSE,FALSE,FALSE,FALSE,NA,NA,NA,FALSE,FALSE
1941,4.67,2.51,2.41,4.02,2.17,1.86,0.6,1.84,2.12,0.97,0.96,1.86,2.2,NA,1.8,1.99,1.39,0.72,0.85,NA,NA,NA,2.32,1.32,1.62,1.79,2,1.4,1.06,3.17,NA,2.59,2.79,0.62,0.72,1.15,1.16,1.82,1.47,0.57,NA,2.1,0.26,0.8,0.4,NA,0.42,0.4,0.64,1.15,1.19,0.86,NA,NA,0.3,0.28,NA,1.48,1.84,1.63,0.74,1.42,0.8,0.9,2.04,0.86,0.64,1.1,1.29,1.6,NA,NA,NA,1.43,1.74,FALSE,FALSE,FALSE,FALSE,FALSE,FALSE,FALSE,FALSE,FALSE,FALSE,FALSE,FALSE,FALSE,NA,FALSE,FALSE,FALSE,FALSE,FALSE,NA,NA,NA,FALSE,FALSE,FALSE,FALSE,FALSE,FALSE,FALSE,FALSE,NA,FALSE,FALSE,FALSE,FALSE,FALSE,FALSE,FALSE,FALSE,FALSE,NA,FALSE,FALSE,FALSE,FALSE,NA,FALSE,FALSE,FALSE,FALSE,FALSE,FALSE,NA,NA,FALSE,FALSE,NA,FALSE,FALSE,FALSE,FALSE,FALSE,FALSE,FALSE,FALSE,FALSE,FALSE,FALSE,FALSE,FALSE,NA,NA,NA,FALSE,FALSE
1942,4.28,2.83,2.93,4.1,2.04,2.23,0.95,1.84,1.97,0.59,1.07,1.91,2.31,NA,1.48,2.09,1.34,0.57,0.87,NA,NA,NA,2.34,1.58,1.31,1.78,1.53,1.34,0.96,3.15,NA,2.76,2.52,0.77,0.8,0.99,1.18,1.57,1.31,0.97,NA,1.99,0.32,0.74,0.57,NA,0.25,0.4,0.76,1.14,1.47,0.85,NA,NA,0.32,0.23,NA,1.9,1.95,2.16,0.98,1.62,0.91,1.48,1.99,0.81,0.64,1.19,1.23,1.91,NA,NA,NA,0.47,1.55,FALSE,FALSE,FALSE,FALSE,FALSE,FALSE,FALSE,FALSE,FALSE,FALSE,FALSE,FALSE,FALSE,NA,FALSE,FALSE,FALSE,FALSE,FALSE,NA,NA,NA,FALSE,FALSE,FALSE,FALSE,FALSE,FALSE,FALSE,FALSE,NA,FALSE,FALSE,FALSE,FALSE,FALSE,FALSE,FALSE,FALSE,FALSE,NA,FALSE,FALSE,FALSE,FALSE,NA,FALSE,FALSE,FALSE,FALSE,FALSE,FALSE,NA,NA,FALSE,FALSE,NA,FALSE,FALSE,FALSE,FALSE,FALSE,FALSE,FALSE,FALSE,FALSE,FALSE,FALSE,FALSE,FALSE,NA,NA,NA,FALSE,FALSE
1943,4.93,2.69,2.96,4.35,2.35,2.37,0.9,1.82,2.69,0.57,0.73,1.86,1.74,NA,1.21,1.82,1.3,0.51,0.86,NA,NA,NA,2.19,1.7,1.33,1.58,1.5,1.3,1.12,3,NA,2.65,2.22,0.62,0.74,1.13,0.96,1.18,0.93,1.16,1.14,1.25,0.32,0.74,0.36,NA,0,0.53,0.97,1.01,1.2,0.64,NA,NA,0.28,0.23,NA,1.84,2.01,1.59,0.3,2.02,0.83,3.39,1.81,0.83,0.53,1.26,1.46,3.66,NA,NA,NA,0.38,1.63,FALSE,FALSE,FALSE,FALSE,FALSE,FALSE,FALSE,FALSE,FALSE,FALSE,FALSE,FALSE,FALSE,NA,FALSE,FALSE,FALSE,FALSE,FALSE,NA,NA,NA,FALSE,FALSE,FALSE,FALSE,FALSE,FALSE,FALSE,FALSE,NA,FALSE,FALSE,FALSE,FALSE,FALSE,FALSE,FALSE,FALSE,FALSE,FALSE,FALSE,FALSE,FALSE,FALSE,NA,FALSE,FALSE,FALSE,FALSE,FALSE,FALSE,NA,NA,FALSE,FALSE,NA,FALSE,FALSE,FALSE,FALSE,FALSE,FALSE,TRUE,FALSE,FALSE,FALSE,FALSE,FALSE,FALSE,NA,NA,NA,FALSE,FALSE
1944,3.5,2.33,2.58,3.71,1.52,2.2,0.97,1.59,3.11,0.51,0.61,1.4,1.19,NA,1.27,1.75,1.3,0.8,0.83,NA,NA,NA,2.32,1.53,1.13,1.18,1.24,1.06,1.03,2.59,NA,2.19,2.35,0.47,0.66,1.04,0.41,1,0.86,0.81,1.04,1.44,0.32,0.59,0.29,NA,0.72,0.53,0.72,0.97,1.07,0.44,NA,NA,0.24,0.23,NA,1.69,2.08,1.58,0.34,1.68,1.02,1.57,1.67,0.88,0.55,1.44,1.55,3.25,NA,NA,NA,0.19,1.3,FALSE,FALSE,FALSE,FALSE,FALSE,FALSE,FALSE,FALSE,FALSE,FALSE,FALSE,FALSE,FALSE,NA,FALSE,FALSE,FALSE,FALSE,FALSE,NA,NA,NA,FALSE,FALSE,FALSE,FALSE,FALSE,FALSE,FALSE,FALSE,NA,FALSE,FALSE,FALSE,FALSE,FALSE,FALSE,FALSE,FALSE,FALSE,FALSE,FALSE,FALSE,FALSE,FALSE,NA,FALSE,FALSE,FALSE,FALSE,FALSE,FALSE,NA,NA,FALSE,FALSE,NA,FALSE,FALSE,FALSE,FALSE,FALSE,FALSE,FALSE,FALSE,FALSE,FALSE,FALSE,FALSE,FALSE,NA,NA,NA,FALSE,FALSE
1945,3.94,2.57,2.27,3.06,1.61,2.15,0.86,1.38,3.73,0.68,0.53,1.81,1.76,NA,1.25,1.64,1.89,0.89,0.85,NA,NA,NA,2.19,1.72,1.21,1.41,1.24,1.13,0.81,2.22,NA,2.19,2.42,0.52,0.68,0.73,1.01,1.27,0.8,1.47,0.93,1.74,0.25,0.42,0.29,NA,1.14,0.36,0.66,0.84,1.26,0.72,NA,NA,0.23,0.25,NA,1.71,2.36,1.6,0.26,2.06,0.74,0.93,1.83,0.86,0.51,1.4,1.53,2.53,NA,NA,NA,0.45,1.17,FALSE,FALSE,FALSE,FALSE,FALSE,FALSE,FALSE,FALSE,FALSE,FALSE,FALSE,FALSE,FALSE,NA,FALSE,FALSE,FALSE,FALSE,FALSE,NA,NA,NA,FALSE,FALSE,FALSE,FALSE,FALSE,FALSE,FALSE,FALSE,NA,FALSE,FALSE,FALSE,FALSE,FALSE,FALSE,FALSE,FALSE,FALSE,FALSE,FALSE,FALSE,FALSE,FALSE,NA,FALSE,FALSE,FALSE,FALSE,FALSE,FALSE,NA,NA,FALSE,FALSE,NA,FALSE,FALSE,FALSE,FALSE,FALSE,FALSE,FALSE,FALSE,FALSE,FALSE,FALSE,FALSE,FALSE,NA,NA,NA,FALSE,FALSE
1946,3.68,3.15,2.27,2.76,2.21,1.85,1.12,1.48,3.59,0.76,0.69,1.87,1.97,NA,1.14,1.42,1.42,0.72,0.69,NA,NA,NA,2.09,1.64,1.45,1.29,1,0.93,0.68,2.23,NA,2.31,2.37,0.6,0.83,0.85,0.93,1.1,0.84,1.39,0.88,1.67,0.24,0.32,0.29,0.74,1.14,0.38,0.76,0.84,1.04,0.95,NA,NA,0.19,0.25,NA,1.83,2.57,1.44,0.47,1.89,0.85,1.04,1.74,1,0.44,1.44,1.42,2.01,NA,NA,NA,0.4,1.3,FALSE,FALSE,FALSE,FALSE,FALSE,FALSE,FALSE,FALSE,FALSE,FALSE,FALSE,FALSE,FALSE,NA,FALSE,FALSE,FALSE,FALSE,FALSE,NA,NA,NA,FALSE,FALSE,FALSE,FALSE,FALSE,FALSE,FALSE,FALSE,NA,FALSE,FALSE,FALSE,FALSE,FALSE,FALSE,FALSE,FALSE,FALSE,FALSE,FALSE,FALSE,FALSE,FALSE,FALSE,FALSE,FALSE,FALSE,FALSE,FALSE,FALSE,NA,NA,FALSE,FALSE,NA,FALSE,FALSE,FALSE,FALSE,FALSE,FALSE,FALSE,FALSE,FALSE,FALSE,FALSE,FALSE,FALSE,NA,NA,NA,FALSE,FALSE
1947,3.27,3.61,2.74,2.89,2.1,1.96,0.88,1.59,3.31,0.57,0.78,1.87,1.9,1.55,1.31,1.45,1.31,0.64,0.81,NA,NA,NA,2.13,1.72,1.36,2.13,1.11,0.79,0.74,2.61,NA,2.29,2.42,0.58,0.66,1.03,1.04,1.33,1.15,0.94,1.12,1.5,0.3,0.45,0.31,0.94,0.85,0.59,0.74,0.86,1.17,0.84,NA,NA,0.25,0.34,NA,1.67,1.88,1.19,0.84,1.44,0.68,0.69,1.76,1.05,0.4,1.4,1.45,2.77,NA,NA,NA,0.43,1.88,FALSE,FALSE,FALSE,FALSE,FALSE,FALSE,FALSE,FALSE,FALSE,FALSE,FALSE,FALSE,FALSE,FALSE,FALSE,FALSE,FALSE,FALSE,FALSE,NA,NA,NA,FALSE,FALSE,FALSE,FALSE,FALSE,FALSE,FALSE,FALSE,NA,FALSE,FALSE,FALSE,FALSE,FALSE,FALSE,FALSE,FALSE,FALSE,FALSE,FALSE,FALSE,FALSE,FALSE,FALSE,FALSE,FALSE,FALSE,FALSE,FALSE,FALSE,NA,NA,FALSE,FALSE,NA,FALSE,FALSE,FALSE,FALSE,FALSE,FALSE,FALSE,FALSE,FALSE,FALSE,FALSE,FALSE,FALSE,NA,NA,NA,FALSE,FALSE
1948,3.3,3.36,2.91,3.06,0.75,1.83,0.75,1.61,3.13,0.68,0.96,2.69,1.76,1.86,1.33,1.43,1.05,0.72,0.83,NA,NA,NA,2.14,1.68,0.98,2.06,1.05,0.91,0.93,2.72,NA,2.06,2.46,0.49,0.66,1.04,0.98,1.36,1.4,0.93,0.96,1.33,0.32,0.53,0.4,0.8,0.89,0.55,0.66,0.76,1.04,0.65,NA,NA,0.3,0.42,NA,1.86,1.92,0.85,0.49,1.31,0.59,0.68,2.08,1,0.58,1.38,1.33,2.78,NA,NA,NA,0.62,2.04,FALSE,FALSE,FALSE,FALSE,FALSE,FALSE,FALSE,FALSE,FALSE,FALSE,FALSE,FALSE,FALSE,FALSE,FALSE,FALSE,FALSE,FALSE,FALSE,NA,NA,NA,FALSE,FALSE,FALSE,FALSE,FALSE,FALSE,FALSE,FALSE,NA,FALSE,FALSE,FALSE,FALSE,FALSE,FALSE,FALSE,FALSE,FALSE,FALSE,FALSE,FALSE,FALSE,FALSE,FALSE,FALSE,FALSE,FALSE,FALSE,FALSE,FALSE,NA,NA,FALSE,FALSE,NA,FALSE,FALSE,FALSE,FALSE,FALSE,FALSE,FALSE,FALSE,FALSE,FALSE,FALSE,FALSE,FALSE,NA,NA,NA,FALSE,FALSE
1949,3.22,3.93,3.23,1.94,0.08,0.99,0.93,1.78,2.53,0.68,1.01,2.43,2.6,1.76,1.67,1.38,0.61,0.85,0.64,NA,NA,NA,1.96,1.34,1.02,1.95,0.89,0.66,1.2,2.72,NA,2.16,2.55,0.45,0.7,1.14,0.91,1.27,1.38,0.93,0.57,1.27,0.22,0.46,0.46,0.93,0.53,0.51,0.72,0.74,1.19,0.53,NA,NA,0.3,0.32,NA,1.97,1.52,0.85,0.84,1.29,0.61,0.81,1.91,1.15,0.83,1.19,1.37,2.89,NA,NA,NA,0.79,1.71,FALSE,FALSE,FALSE,FALSE,FALSE,FALSE,FALSE,FALSE,FALSE,FALSE,FALSE,FALSE,FALSE,FALSE,FALSE,FALSE,FALSE,FALSE,FALSE,NA,NA,NA,FALSE,FALSE,FALSE,FALSE,FALSE,FALSE,FALSE,FALSE,NA,FALSE,FALSE,FALSE,FALSE,FALSE,FALSE,FALSE,FALSE,FALSE,FALSE,FALSE,FALSE,FALSE,FALSE,FALSE,FALSE,FALSE,FALSE,FALSE,FALSE,FALSE,NA,NA,FALSE,FALSE,NA,FALSE,FALSE,FALSE,FALSE,FALSE,FALSE,FALSE,FALSE,FALSE,FALSE,FALSE,FALSE,FALSE,NA,NA,NA,FALSE,FALSE
1950,3.67,3.75,3.86,3.22,0.83,1.84,0.84,1.8,2.18,0.89,0.92,2.13,1.86,1.48,1.93,1.82,0.57,0.72,0.51,NA,NA,NA,2.05,1.45,1.08,1.93,0.94,0.68,1.36,3.28,NA,2.02,2.43,0.54,0.7,1.01,0.79,1.29,1.34,0.66,0.46,1.44,0.34,0.44,0.44,1.09,0.51,0.63,0.72,0.9,1.4,0.75,NA,NA,0.28,0.25,NA,1.97,1.64,0.83,0.92,1.35,0.74,1.09,2.14,1.18,0.78,1.31,1.69,2.74,NA,NA,NA,0.67,1.42,FALSE,FALSE,FALSE,FALSE,FALSE,FALSE,FALSE,FALSE,FALSE,FALSE,FALSE,FALSE,FALSE,FALSE,FALSE,FALSE,FALSE,FALSE,FALSE,NA,NA,NA,FALSE,FALSE,FALSE,FALSE,FALSE,FALSE,FALSE,FALSE,NA,FALSE,FALSE,FALSE,FALSE,FALSE,FALSE,FALSE,FALSE,FALSE,FALSE,FALSE,FALSE,FALSE,FALSE,FALSE,FALSE,FALSE,FALSE,FALSE,FALSE,FALSE,NA,NA,FALSE,FALSE,NA,FALSE,FALSE,FALSE,FALSE,FALSE,FALSE,FALSE,FALSE,FALSE,FALSE,FALSE,FALSE,FALSE,NA,NA,NA,FALSE,FALSE
1951,3.73,3.55,3.14,2.7,1.22,2.14,0.75,1.82,1.99,0.99,1.09,1.84,2.24,1.67,1.65,1.6,0.58,0.51,0.49,NA,NA,NA,1.81,1.1,1.23,2.08,0.93,0.91,1.47,2.5,1.45,2.12,2.39,0.48,0.7,1.06,0.91,1.04,1.35,0.95,0.65,1.37,0.39,0.42,0.53,0.74,0.47,0.51,0.72,1.05,1.31,0.79,NA,NA,0.43,0.55,NA,2.13,1.72,0.93,1.18,1,0.66,1.2,1.76,0.99,0.82,1.29,1.58,2.25,NA,NA,NA,0.66,1.41,FALSE,FALSE,FALSE,FALSE,FALSE,FALSE,FALSE,FALSE,FALSE,FALSE,FALSE,FALSE,FALSE,FALSE,FALSE,FALSE,FALSE,FALSE,FALSE,NA,NA,NA,FALSE,FALSE,FALSE,FALSE,FALSE,FALSE,FALSE,FALSE,FALSE,FALSE,FALSE,FALSE,FALSE,FALSE,FALSE,FALSE,FALSE,FALSE,FALSE,FALSE,FALSE,FALSE,FALSE,FALSE,FALSE,FALSE,FALSE,FALSE,FALSE,FALSE,NA,NA,FALSE,FALSE,NA,FALSE,FALSE,FALSE,FALSE,FALSE,FALSE,FALSE,FALSE,FALSE,FALSE,FALSE,FALSE,FALSE,NA,NA,NA,FALSE,FALSE
1952,3.29,3.69,3.1,3.74,0.15,2.17,1.07,1.8,1.88,0.95,0.99,1.47,1.59,1.63,1.36,1.6,0.34,0.3,0.4,NA,NA,NA,1.61,1.21,1.02,1.78,0.82,0.74,1.57,2.51,1.77,2.18,2.19,0.56,0.91,0.86,0.87,1,1.27,0.85,0.86,1.39,0.39,0.32,0.33,0.85,0.61,0.49,0.42,1.14,1.27,0.62,NA,NA,0.28,0.34,NA,2.08,1.42,1.25,1.48,0.8,0.3,1.02,1.74,0.95,0.67,0.97,1.43,2.38,NA,NA,NA,0.71,1.58,FALSE,FALSE,FALSE,FALSE,FALSE,FALSE,FALSE,FALSE,FALSE,FALSE,FALSE,FALSE,FALSE,FALSE,FALSE,FALSE,FALSE,FALSE,FALSE,NA,NA,NA,FALSE,FALSE,FALSE,FALSE,FALSE,FALSE,FALSE,FALSE,FALSE,FALSE,FALSE,FALSE,FALSE,FALSE,FALSE,FALSE,FALSE,FALSE,FALSE,FALSE,FALSE,FALSE,FALSE,FALSE,FALSE,FALSE,FALSE,FALSE,FALSE,FALSE,NA,NA,FALSE,FALSE,NA,FALSE,FALSE,FALSE,FALSE,FALSE,FALSE,FALSE,FALSE,FALSE,FALSE,FALSE,FALSE,FALSE,NA,NA,NA,FALSE,FALSE
1953,3.04,4.33,3.1,4.3,0.77,2.29,1.18,1.93,1.84,0.93,0.92,1.23,1.52,2.28,1.34,1.67,0.28,0.28,0.47,NA,NA,NA,1.53,1.36,1.27,1.74,0.91,0.85,1.5,2.98,2.03,1.95,2.23,0.52,0.78,0.74,0.83,1.17,1.36,0.98,0.66,1.45,0.54,0.43,0.46,0.61,0.91,0.64,0.57,1.15,1.27,0.53,NA,NA,0.38,0.53,NA,1.86,1.57,1.42,1.4,0.87,0.53,0.75,1.78,0.89,0.68,1.12,1.3,1.98,NA,NA,NA,0.94,1.94,FALSE,FALSE,FALSE,FALSE,FALSE,FALSE,FALSE,FALSE,FALSE,FALSE,FALSE,FALSE,FALSE,FALSE,FALSE,FALSE,FALSE,FALSE,FALSE,NA,NA,NA,FALSE,FALSE,FALSE,FALSE,FALSE,FALSE,FALSE,FALSE,FALSE,FALSE,FALSE,FALSE,FALSE,FALSE,FALSE,FALSE,FALSE,FALSE,FALSE,FALSE,FALSE,FALSE,FALSE,FALSE,FALSE,FALSE,FALSE,FALSE,FALSE,FALSE,NA,NA,FALSE,FALSE,NA,FALSE,FALSE,FALSE,FALSE,FALSE,FALSE,FALSE,FALSE,FALSE,FALSE,FALSE,FALSE,FALSE,NA,NA,NA,FALSE,FALSE
1954,3.31,3.52,3.28,3.9,0.66,2.1,1.24,1.97,2.29,0.78,0.81,1.49,2.18,1.65,1.78,1.3,0.25,0.19,0.38,NA,NA,NA,1.49,1.19,1.29,1.62,0.89,0.83,1.48,2.46,1.34,2.07,2.24,0.49,0.83,0.91,0.72,1.15,1.34,1.06,0.59,1.45,0.41,0.42,0.42,0.68,0.83,0.64,0.59,1.15,1.38,0.47,NA,NA,0.49,0.49,NA,1.76,1.63,1.37,0.99,0.93,0.53,0.69,2.1,0.69,0.52,1.14,1.49,2.07,NA,NA,NA,1.15,2.07,FALSE,FALSE,FALSE,FALSE,FALSE,FALSE,FALSE,FALSE,FALSE,FALSE,FALSE,FALSE,FALSE,FALSE,FALSE,FALSE,FALSE,FALSE,FALSE,NA,NA,NA,FALSE,FALSE,FALSE,FALSE,FALSE,FALSE,FALSE,FALSE,FALSE,FALSE,FALSE,FALSE,FALSE,FALSE,FALSE,FALSE,FALSE,FALSE,FALSE,FALSE,FALSE,FALSE,FALSE,FALSE,FALSE,FALSE,FALSE,FALSE,FALSE,FALSE,NA,NA,FALSE,FALSE,NA,FALSE,FALSE,FALSE,FALSE,FALSE,FALSE,FALSE,FALSE,FALSE,FALSE,FALSE,FALSE,FALSE,NA,NA,NA,FALSE,FALSE
1955,3.02,3.5,3.8,3.83,1,2,1.1,2.2,2.65,0.72,0.75,1.18,1.82,1.71,1.8,1.36,0.13,0.19,0.38,NA,NA,NA,1.39,1.12,1.08,1.9,0.86,0.79,1.37,2.76,1.51,2.18,1.91,0.58,0.81,0.84,0.7,1.3,1.36,0.76,0.36,1.56,0.38,0.32,0.51,0.59,1.06,0.66,0.47,0.84,0.97,0.36,NA,NA,0.43,0.4,NA,1.57,1.34,1.37,1.27,0.47,1.27,0.94,1.72,0.73,0.64,1.69,1.65,2.18,NA,NA,NA,1.34,1.68,FALSE,FALSE,FALSE,FALSE,FALSE,FALSE,FALSE,FALSE,FALSE,FALSE,FALSE,FALSE,FALSE,FALSE,FALSE,FALSE,FALSE,FALSE,FALSE,NA,NA,NA,FALSE,FALSE,FALSE,FALSE,FALSE,FALSE,FALSE,FALSE,FALSE,FALSE,FALSE,FALSE,FALSE,FALSE,FALSE,FALSE,FALSE,FALSE,FALSE,FALSE,FALSE,FALSE,FALSE,FALSE,FALSE,FALSE,FALSE,FALSE,FALSE,FALSE,NA,NA,FALSE,FALSE,NA,FALSE,FALSE,FALSE,FALSE,FALSE,FALSE,FALSE,FALSE,FALSE,FALSE,FALSE,FALSE,FALSE,NA,NA,NA,FALSE,FALSE
1956,3.1,4,3.77,3.97,1.26,1.66,1.14,1.93,2.41,0.63,0.7,1.52,1.36,1.47,1.59,1.17,0.23,0.08,0.47,NA,NA,NA,1.33,1.31,1.21,1.68,0.95,0.81,1.49,3.21,1.02,2.01,1.72,0.56,0.72,0.78,0.68,1.63,1.29,0.85,0.4,1.45,0.34,0.4,0.4,0.53,0.95,0.61,0.59,0.64,0.8,0.38,NA,NA,0.51,0.51,NA,1.65,1.45,1.46,0.99,0.55,1.08,0.79,1.91,0.78,0.66,1.55,1.64,1.95,NA,NA,NA,1.46,1.6,FALSE,FALSE,FALSE,FALSE,FALSE,FALSE,FALSE,FALSE,FALSE,FALSE,FALSE,FALSE,FALSE,FALSE,FALSE,FALSE,FALSE,FALSE,FALSE,NA,NA,NA,FALSE,FALSE,FALSE,FALSE,FALSE,FALSE,FALSE,FALSE,FALSE,FALSE,FALSE,FALSE,FALSE,FALSE,FALSE,FALSE,FALSE,FALSE,FALSE,FALSE,FALSE,FALSE,FALSE,FALSE,FALSE,FALSE,FALSE,FALSE,FALSE,FALSE,NA,NA,FALSE,FALSE,NA,FALSE,FALSE,FALSE,FALSE,FALSE,FALSE,FALSE,FALSE,FALSE,FALSE,FALSE,FALSE,FALSE,NA,NA,NA,FALSE,FALSE
1957,3.31,3.62,3.23,3.77,1.66,1.7,1.08,1.91,2.1,0.68,0.76,1.62,1.76,1.85,1.34,1.36,0.54,0.08,0.49,NA,NA,NA,1.31,1.17,1.29,1.53,1.13,1.27,1.37,3.44,0.85,2.05,1.79,0.61,0.7,0.85,0.68,1.71,1.31,0.95,0.55,1.39,0.32,0.47,0.4,0.7,0.95,0.59,0.64,0.96,1.31,0.55,NA,NA,0.43,0.36,NA,1.52,1.16,1.8,0.99,1.02,0.89,0.9,1.96,0.93,0.83,1.76,1.81,2.06,NA,NA,NA,1.53,1.61,FALSE,FALSE,FALSE,FALSE,FALSE,FALSE,FALSE,FALSE,FALSE,FALSE,FALSE,FALSE,FALSE,FALSE,FALSE,FALSE,FALSE,FALSE,FALSE,NA,NA,NA,FALSE,FALSE,FALSE,FALSE,FALSE,FALSE,FALSE,FALSE,FALSE,FALSE,FALSE,FALSE,FALSE,FALSE,FALSE,FALSE,FALSE,FALSE,FALSE,FALSE,FALSE,FALSE,FALSE,FALSE,FALSE,FALSE,FALSE,FALSE,FALSE,FALSE,NA,NA,FALSE,FALSE,NA,FALSE,FALSE,FALSE,FALSE,FALSE,FALSE,FALSE,FALSE,FALSE,FALSE,FALSE,FALSE,FALSE,NA,NA,NA,FALSE,FALSE
1958,3.33,3.73,2.91,4.42,1.06,1.82,0.93,2.12,2.25,0.7,0.87,1.47,1.97,1.52,1.04,1.47,0.6,0.17,0.55,NA,NA,NA,1.37,1.4,1.06,1.55,1.23,1.15,1.43,3.72,0.85,2.27,2.02,0.61,0.85,0.85,1.02,1.72,1.57,0.7,0.76,1.65,0.28,0.45,0.42,0.64,0.83,0.83,0.68,0.91,1.16,0.57,NA,NA,0.45,0.32,NA,1.79,1.3,2,1.25,1.12,0.36,1.18,2.33,0.9,0.98,1.84,1.74,2.46,NA,NA,NA,1.82,1.86,FALSE,FALSE,FALSE,FALSE,FALSE,FALSE,FALSE,FALSE,FALSE,FALSE,FALSE,FALSE,FALSE,FALSE,FALSE,FALSE,FALSE,FALSE,FALSE,NA,NA,NA,FALSE,FALSE,FALSE,FALSE,FALSE,FALSE,FALSE,FALSE,FALSE,FALSE,FALSE,FALSE,FALSE,FALSE,FALSE,FALSE,FALSE,FALSE,FALSE,FALSE,FALSE,FALSE,FALSE,FALSE,FALSE,FALSE,FALSE,FALSE,FALSE,FALSE,NA,NA,FALSE,FALSE,NA,FALSE,FALSE,FALSE,FALSE,FALSE,FALSE,FALSE,FALSE,FALSE,FALSE,FALSE,FALSE,FALSE,NA,NA,NA,FALSE,FALSE
1959,3.74,4.05,3.78,4.32,1.32,1.4,0.96,1.83,2.32,0.74,0.84,1.21,1.19,1.16,0.85,0.86,0.73,0.32,0.36,NA,NA,NA,2.01,2.27,1.04,1.5,0.88,0.81,1.35,3.07,1.61,1.97,1.65,0.52,0.68,0.91,1.12,1.17,1.06,0.66,0.74,1.75,0.43,0.49,0.55,0.74,0.97,1.1,0.7,0.83,0.89,0.68,NA,NA,0.38,0.44,NA,1.28,1.01,1.64,1.1,1.23,0.72,1.05,1.92,0.67,0.81,1.69,1.7,2.22,NA,NA,NA,1.26,1.48,FALSE,FALSE,FALSE,FALSE,FALSE,FALSE,FALSE,FALSE,FALSE,FALSE,FALSE,FALSE,FALSE,FALSE,FALSE,FALSE,FALSE,FALSE,FALSE,NA,NA,NA,FALSE,FALSE,FALSE,FALSE,FALSE,FALSE,FALSE,FALSE,FALSE,FALSE,FALSE,FALSE,FALSE,FALSE,FALSE,FALSE,FALSE,FALSE,FALSE,FALSE,FALSE,FALSE,FALSE,FALSE,FALSE,FALSE,FALSE,FALSE,FALSE,FALSE,NA,NA,FALSE,FALSE,NA,FALSE,FALSE,FALSE,FALSE,FALSE,FALSE,FALSE,FALSE,FALSE,FALSE,FALSE,FALSE,FALSE,NA,NA,NA,FALSE,FALSE
1960,2.95,2.54,2.67,2.92,1.38,1.08,0.55,1.46,2.68,0.64,0.75,1.11,0.83,1.22,0.87,0.99,0.52,0.38,0.36,NA,NA,NA,1.72,2.08,0.74,1.61,0.92,0.66,1.23,2.64,0.94,1.74,1.66,0.41,0.49,0.78,0.94,1.47,1.25,0.59,0.55,1.22,0.32,0.45,0.46,0.55,0.89,0.85,0.57,1.02,1.02,0.68,NA,NA,0.24,0.3,NA,1.09,0.97,1.06,0.88,1.1,0.55,0.78,1.83,0.69,0.71,1.38,1.43,1.67,NA,NA,NA,0.96,1.27,FALSE,FALSE,FALSE,FALSE,FALSE,FALSE,FALSE,FALSE,FALSE,FALSE,FALSE,FALSE,FALSE,FALSE,FALSE,FALSE,FALSE,FALSE,FALSE,NA,NA,NA,FALSE,FALSE,FALSE,FALSE,FALSE,FALSE,FALSE,FALSE,FALSE,FALSE,FALSE,FALSE,FALSE,FALSE,FALSE,FALSE,FALSE,FALSE,FALSE,FALSE,FALSE,FALSE,FALSE,FALSE,FALSE,FALSE,FALSE,FALSE,FALSE,FALSE,NA,NA,FALSE,FALSE,NA,FALSE,FALSE,FALSE,FALSE,FALSE,FALSE,FALSE,FALSE,FALSE,FALSE,FALSE,FALSE,FALSE,NA,NA,NA,FALSE,FALSE
1961,3.12,2.88,2.42,2.92,1.4,1.04,0.25,1.15,2.37,0.76,0.61,0.99,0.97,1.47,0.51,0.54,0.4,0.28,0.32,NA,NA,NA,1.36,1.34,0.59,1.17,0.69,0.49,1.25,2.33,0.83,1.76,1.76,0.43,0.51,0.58,0.79,1.22,0.89,0.55,0.55,1.03,0.21,0.45,0.5,0.55,0.74,0.7,0.47,1,1.06,0.72,NA,NA,0.23,0.32,NA,0.89,0.76,0.58,0.46,0.66,0.28,0.6,1.33,0.52,0.5,1.14,1.09,1.98,NA,NA,NA,0.79,1.03,FALSE,FALSE,FALSE,FALSE,FALSE,FALSE,FALSE,FALSE,FALSE,FALSE,FALSE,FALSE,FALSE,FALSE,FALSE,FALSE,FALSE,FALSE,FALSE,NA,NA,NA,FALSE,FALSE,FALSE,FALSE,FALSE,FALSE,FALSE,FALSE,FALSE,FALSE,FALSE,FALSE,FALSE,FALSE,FALSE,FALSE,FALSE,FALSE,FALSE,FALSE,FALSE,FALSE,FALSE,FALSE,FALSE,FALSE,FALSE,FALSE,FALSE,FALSE,NA,NA,FALSE,FALSE,NA,FALSE,FALSE,FALSE,FALSE,FALSE,FALSE,FALSE,FALSE,FALSE,FALSE,FALSE,FALSE,FALSE,NA,NA,NA,FALSE,FALSE
1962,3.01,2.52,2.34,2.45,1.57,1.12,0.36,1.19,1.9,0.8,0.59,1,1.04,1.76,0.87,1.03,0.42,0.3,0.44,NA,NA,NA,1.22,1.23,0.74,0.97,0.56,0.58,1.05,2.25,0.56,1.74,1.65,0.37,0.47,0.54,0.66,1.62,1.1,0.44,0.4,1.26,0.23,0.38,0.51,0.47,0.68,0.49,0.42,0.85,1.11,0.72,NA,NA,0.3,0.15,NA,1.32,1.14,0.4,0.32,1.02,0.07,0.3,1.03,0.76,0.63,1.06,1,1.57,NA,NA,NA,0.73,1.22,FALSE,FALSE,FALSE,FALSE,FALSE,FALSE,FALSE,FALSE,FALSE,FALSE,FALSE,FALSE,FALSE,FALSE,FALSE,FALSE,FALSE,FALSE,FALSE,NA,NA,NA,FALSE,FALSE,FALSE,FALSE,FALSE,FALSE,FALSE,FALSE,FALSE,FALSE,FALSE,FALSE,FALSE,FALSE,FALSE,FALSE,FALSE,FALSE,FALSE,FALSE,FALSE,FALSE,FALSE,FALSE,FALSE,FALSE,FALSE,FALSE,FALSE,FALSE,NA,NA,FALSE,FALSE,NA,FALSE,FALSE,FALSE,FALSE,FALSE,FALSE,FALSE,FALSE,FALSE,FALSE,FALSE,FALSE,FALSE,NA,NA,NA,FALSE,FALSE
1963,3.41,4.04,2.69,3.5,1.78,2.07,0.64,1.84,2.47,0.68,0.6,1.32,1.59,2.3,1.02,1.3,0.51,0.36,0.68,NA,NA,NA,1.95,1.55,1.23,1.65,1.19,0.93,1.2,2.97,0.7,1.78,1.81,0.61,0.78,0.91,0.79,2.76,1.91,0.83,0.61,1.47,0.36,0.53,0.57,0.59,1.04,0.72,0.72,0.95,1.23,0.87,NA,NA,0.38,0.38,NA,1.55,1.32,1.19,0.48,1.36,0.4,0.96,1.55,1.15,0.76,1.52,1.37,2.21,NA,NA,NA,1.44,1.75,FALSE,FALSE,FALSE,FALSE,FALSE,FALSE,FALSE,FALSE,FALSE,FALSE,FALSE,FALSE,FALSE,FALSE,FALSE,FALSE,FALSE,FALSE,FALSE,NA,NA,NA,FALSE,FALSE,FALSE,FALSE,FALSE,FALSE,FALSE,FALSE,FALSE,FALSE,FALSE,FALSE,FALSE,FALSE,FALSE,FALSE,FALSE,FALSE,FALSE,FALSE,FALSE,FALSE,FALSE,FALSE,FALSE,FALSE,FALSE,FALSE,FALSE,FALSE,NA,NA,FALSE,FALSE,NA,FALSE,FALSE,FALSE,FALSE,FALSE,FALSE,FALSE,FALSE,FALSE,FALSE,FALSE,FALSE,FALSE,NA,NA,NA,FALSE,FALSE
1964,3.66,4.38,3.39,3.13,1.65,1.97,0.9,1.84,1.77,0.59,0.88,1.49,1.82,2.38,1.08,1.39,0.66,0.38,0.59,NA,NA,NA,1.88,1.59,1.14,1.65,1.02,0.93,0.79,2.76,0.73,2.07,2.18,0.76,0.95,1.14,0.81,2.46,1.95,0.91,0.61,1.2,0.47,0.59,0.92,0.57,1.5,1,0.87,0.81,1.06,0.74,0.57,NA,0.58,0.57,NA,1.39,1.29,1.57,0.74,1.53,0.68,0.98,1.97,1.24,0.94,1.57,1.69,3.48,NA,NA,NA,1.72,1.66,FALSE,FALSE,FALSE,FALSE,FALSE,FALSE,FALSE,FALSE,FALSE,FALSE,FALSE,FALSE,FALSE,FALSE,FALSE,FALSE,FALSE,FALSE,FALSE,NA,NA,NA,FALSE,FALSE,FALSE,FALSE,FALSE,FALSE,FALSE,FALSE,FALSE,FALSE,FALSE,FALSE,FALSE,FALSE,FALSE,FALSE,FALSE,FALSE,FALSE,FALSE,FALSE,FALSE,FALSE,FALSE,FALSE,FALSE,FALSE,FALSE,FALSE,FALSE,FALSE,NA,FALSE,FALSE,NA,FALSE,FALSE,FALSE,FALSE,FALSE,FALSE,FALSE,FALSE,FALSE,FALSE,FALSE,FALSE,FALSE,NA,NA,NA,FALSE,FALSE
1965,3.47,4.11,3.1,3.38,1.1,1.8,0.68,1.95,2.98,0.66,0.73,1.12,1.86,2.23,0.89,0.99,0.4,0.3,0.47,NA,NA,NA,1.55,1.13,1,1.57,1.17,0.91,1.07,2.25,1.05,2.08,2.06,0.56,0.66,1.01,0.83,2.34,1.99,0.68,0.59,1.23,0.36,0.57,0.64,0.7,1.29,0.89,0.72,0.7,0.91,0.81,1,NA,0.53,0.49,0.58,1.46,1.25,1.5,0.58,0.98,0.51,0.85,1.78,1.19,0.86,1.33,1.48,2.74,NA,NA,NA,1.99,1.53,FALSE,FALSE,FALSE,FALSE,FALSE,FALSE,FALSE,FALSE,FALSE,FALSE,FALSE,FALSE,FALSE,FALSE,FALSE,FALSE,FALSE,FALSE,FALSE,NA,NA,NA,FALSE,FALSE,FALSE,FALSE,FALSE,FALSE,FALSE,FALSE,FALSE,FALSE,FALSE,FALSE,FALSE,FALSE,FALSE,FALSE,FALSE,FALSE,FALSE,FALSE,FALSE,FALSE,FALSE,FALSE,FALSE,FALSE,FALSE,FALSE,FALSE,FALSE,FALSE,NA,FALSE,FALSE,FALSE,FALSE,FALSE,FALSE,FALSE,FALSE,FALSE,FALSE,FALSE,FALSE,FALSE,FALSE,FALSE,FALSE,NA,NA,NA,FALSE,FALSE
1966,3.48,3.96,3.51,3.16,1.27,1.82,0.75,1.76,3.31,0.72,0.59,1.18,1.97,1.98,0.81,0.95,0.4,0.23,0.57,NA,NA,NA,1.31,1.23,0.91,1.27,0.9,0.53,0.99,2.31,1.41,1.82,1.7,0.49,0.66,1.05,0.87,2.04,1.48,0.57,0.61,1.43,0.23,0.42,0.7,0.72,1.16,0.76,0.68,0.64,0.89,0.57,1.19,NA,0.47,0.59,0.38,1.08,1.17,1.21,0.58,0.7,0.4,0.72,1.56,0.91,0.69,1.38,1.24,2.55,NA,NA,NA,1.72,1.25,FALSE,FALSE,FALSE,FALSE,FALSE,FALSE,FALSE,FALSE,FALSE,FALSE,FALSE,FALSE,FALSE,FALSE,FALSE,FALSE,FALSE,FALSE,FALSE,NA,NA,NA,FALSE,FALSE,FALSE,FALSE,FALSE,FALSE,FALSE,FALSE,FALSE,FALSE,FALSE,FALSE,FALSE,FALSE,FALSE,FALSE,FALSE,FALSE,FALSE,FALSE,FALSE,FALSE,FALSE,FALSE,FALSE,FALSE,FALSE,FALSE,FALSE,FALSE,FALSE,NA,FALSE,FALSE,FALSE,FALSE,FALSE,FALSE,FALSE,FALSE,FALSE,FALSE,FALSE,FALSE,FALSE,FALSE,FALSE,FALSE,NA,NA,NA,FALSE,FALSE
1967,2.72,3.54,1.96,2.27,1.06,1.61,0.62,1.84,2.9,0.93,0.71,1.21,1.67,2.31,1.04,1.07,0.51,0.34,0.51,NA,NA,NA,1.08,1.1,0.76,0.81,0.94,0.72,0.84,2.18,1.12,1.69,1.78,0.57,0.79,0.9,0.7,1.94,1.61,0.55,0.66,1.08,0.3,0.34,0.59,0.7,0.91,0.66,0.59,0.47,0.74,0.47,0.87,NA,0.24,0.53,0.33,1.46,1.52,1.04,0.65,0.87,0.38,0.7,1.89,0.97,0.72,1.17,1.09,1.98,NA,NA,NA,1.4,1.23,FALSE,FALSE,FALSE,FALSE,FALSE,FALSE,FALSE,FALSE,FALSE,FALSE,FALSE,FALSE,FALSE,FALSE,FALSE,FALSE,FALSE,FALSE,FALSE,NA,NA,NA,FALSE,FALSE,FALSE,FALSE,FALSE,FALSE,FALSE,FALSE,FALSE,FALSE,FALSE,FALSE,FALSE,FALSE,FALSE,FALSE,FALSE,FALSE,FALSE,FALSE,FALSE,FALSE,FALSE,FALSE,FALSE,FALSE,FALSE,FALSE,FALSE,FALSE,FALSE,NA,FALSE,FALSE,FALSE,FALSE,FALSE,FALSE,FALSE,FALSE,FALSE,FALSE,FALSE,FALSE,FALSE,FALSE,FALSE,FALSE,NA,NA,NA,FALSE,FALSE
1968,3.39,3.15,3.61,2.81,2.29,1.88,0.68,1.74,2.82,1.23,0.82,1.04,1.35,2.74,0.76,0.62,0.38,0.25,0.34,NA,NA,NA,1.22,1.21,0.87,1.1,0.87,0.59,0.54,1.97,2.26,1.57,1.57,0.3,0.53,0.8,0.93,1.55,1.12,0.42,0.59,1.08,0.44,0.45,0.52,0.61,0.83,0.6,0.61,0.55,0.79,0.57,2.1,NA,0.3,0.61,0.25,0.99,1.19,0.84,0.69,0.85,0.59,0.69,1.46,0.83,0.52,1,1.01,1.87,NA,NA,NA,1.27,1.01,FALSE,FALSE,FALSE,FALSE,FALSE,FALSE,FALSE,FALSE,FALSE,FALSE,FALSE,FALSE,FALSE,FALSE,FALSE,FALSE,FALSE,FALSE,FALSE,NA,NA,NA,FALSE,FALSE,FALSE,FALSE,FALSE,FALSE,FALSE,FALSE,FALSE,FALSE,FALSE,FALSE,FALSE,FALSE,FALSE,FALSE,FALSE,FALSE,FALSE,FALSE,FALSE,FALSE,FALSE,FALSE,FALSE,FALSE,FALSE,FALSE,FALSE,FALSE,FALSE,NA,FALSE,FALSE,FALSE,FALSE,FALSE,FALSE,FALSE,FALSE,FALSE,FALSE,FALSE,FALSE,FALSE,FALSE,FALSE,FALSE,NA,NA,NA,FALSE,FALSE
1969,3.94,3.62,4.59,2.86,2.14,1.65,0.72,1.86,2.38,1.1,1.21,1.39,1.78,2.14,1.65,1.55,0.22,0.38,0.87,NA,NA,NA,1.06,1.34,0.85,1.1,0.77,0.55,0.72,2.38,1.02,1.93,1.92,0.4,0.85,0.86,1.04,1.72,1.33,0.42,0.57,1.12,0.36,0.53,0.58,0.66,0.95,0.59,0.44,0.83,0.93,0.91,0.93,NA,0.43,0.42,0.22,1.42,1.41,1.29,0.77,0.83,0.93,0.79,2.42,0.97,0.53,1.25,1.24,1.91,NA,NA,NA,1.23,1.16,FALSE,FALSE,FALSE,FALSE,FALSE,FALSE,FALSE,FALSE,FALSE,FALSE,FALSE,FALSE,FALSE,FALSE,FALSE,FALSE,FALSE,FALSE,FALSE,NA,NA,NA,FALSE,FALSE,FALSE,FALSE,FALSE,FALSE,FALSE,FALSE,FALSE,FALSE,FALSE,FALSE,FALSE,FALSE,FALSE,FALSE,FALSE,FALSE,FALSE,FALSE,FALSE,FALSE,FALSE,FALSE,FALSE,FALSE,FALSE,FALSE,FALSE,FALSE,FALSE,NA,FALSE,FALSE,FALSE,FALSE,FALSE,FALSE,FALSE,FALSE,FALSE,FALSE,FALSE,FALSE,FALSE,FALSE,FALSE,FALSE,NA,NA,NA,FALSE,FALSE
1970,4.07,3.54,3.91,2.69,2.27,2.18,0.96,1.92,2.55,0.99,2.16,1.58,1.69,2.42,0.89,0.84,0.13,0.36,0.53,NA,NA,NA,1,1.38,0.78,1.06,0.94,0.57,0,2.16,0.81,1.67,1.61,0.4,0.93,1.13,0.74,2.3,1.54,0.7,0.49,1.23,0.4,0.68,0.78,0.74,0.09,0.13,0.51,1.02,1,0.81,0.91,NA,0.51,0.38,0.21,1.38,1.64,1.65,1.01,1.13,0.89,0.91,2.3,0.95,0.65,1.47,1.24,1.8,NA,NA,NA,1.25,0.99,FALSE,FALSE,FALSE,FALSE,FALSE,FALSE,FALSE,FALSE,FALSE,FALSE,FALSE,FALSE,FALSE,FALSE,FALSE,FALSE,FALSE,FALSE,FALSE,NA,NA,NA,FALSE,FALSE,FALSE,FALSE,FALSE,FALSE,FALSE,FALSE,FALSE,FALSE,FALSE,FALSE,FALSE,FALSE,FALSE,FALSE,FALSE,FALSE,FALSE,FALSE,FALSE,FALSE,FALSE,FALSE,FALSE,FALSE,FALSE,FALSE,FALSE,FALSE,FALSE,NA,FALSE,FALSE,FALSE,FALSE,FALSE,FALSE,FALSE,FALSE,FALSE,FALSE,FALSE,FALSE,FALSE,FALSE,FALSE,FALSE,NA,NA,NA,FALSE,FALSE
1971,4.76,3.75,3.82,2.33,1.95,1.8,0.4,1.92,3.63,1.17,2.41,1.53,1.61,2.43,0.74,0.79,0.29,0.3,0.45,NA,NA,NA,0.83,1.19,0.72,1.23,0.66,0.61,0.64,1.53,1.97,1.63,1.56,0.48,0.87,0.97,0.7,2.38,1.63,0.87,0.55,1.15,0.42,0.57,0.68,0.55,0.07,0.06,0.51,0.76,0.87,0.89,0.97,NA,0.45,0.38,0.48,1.27,1.49,1.59,0.88,1.01,0.99,0.98,2.36,0.89,0.83,1.06,1.04,1.61,NA,NA,3.48,1.09,0.99,FALSE,FALSE,FALSE,FALSE,FALSE,FALSE,FALSE,FALSE,FALSE,FALSE,FALSE,FALSE,FALSE,FALSE,FALSE,FALSE,FALSE,FALSE,FALSE,NA,NA,NA,FALSE,FALSE,FALSE,FALSE,FALSE,FALSE,FALSE,FALSE,FALSE,FALSE,FALSE,FALSE,FALSE,FALSE,FALSE,FALSE,FALSE,FALSE,FALSE,FALSE,FALSE,FALSE,FALSE,FALSE,FALSE,FALSE,FALSE,FALSE,FALSE,FALSE,FALSE,NA,FALSE,FALSE,FALSE,FALSE,FALSE,FALSE,FALSE,FALSE,FALSE,FALSE,FALSE,FALSE,FALSE,FALSE,FALSE,FALSE,NA,NA,FALSE,FALSE,FALSE
1972,4.55,4.34,4.07,1.98,1.23,1.67,0.55,1.98,3.34,1.5,2.49,1.5,1.65,2.65,0.42,0.55,0.17,0.19,0.57,NA,NA,NA,0.75,1.02,0.87,1.34,0.55,0.53,0.69,1.63,1.25,1.5,1.63,0.48,1,1.15,0.47,2.24,1.89,0.83,0.53,1.08,0.42,0.49,0.77,0.61,0,0.26,0.47,0.21,0.45,0.74,0.87,NA,0.36,0.43,1.08,0.97,1.02,1.36,0.93,1.05,0.76,1.04,2.05,0.84,0.96,0.93,0.96,1.78,NA,NA,3.75,0.87,0.66,FALSE,FALSE,FALSE,FALSE,FALSE,FALSE,FALSE,FALSE,FALSE,FALSE,FALSE,FALSE,FALSE,FALSE,FALSE,FALSE,FALSE,FALSE,FALSE,NA,NA,NA,FALSE,FALSE,FALSE,FALSE,FALSE,FALSE,FALSE,FALSE,FALSE,FALSE,FALSE,FALSE,FALSE,FALSE,FALSE,FALSE,FALSE,FALSE,FALSE,FALSE,FALSE,FALSE,FALSE,FALSE,FALSE,FALSE,FALSE,FALSE,FALSE,FALSE,FALSE,NA,FALSE,FALSE,FALSE,FALSE,FALSE,FALSE,FALSE,FALSE,FALSE,FALSE,FALSE,FALSE,FALSE,FALSE,FALSE,FALSE,NA,NA,FALSE,FALSE,FALSE
1973,4,4.24,2.77,1.88,1.46,1.25,0.53,1.66,2.84,1.65,2.09,1.45,1.82,2.45,0.8,0.91,0.27,0.43,0.72,NA,NA,2.01,0.97,0.93,0.55,1.12,0.53,0.45,0.47,2.04,1.29,1.5,1.7,0.46,0.81,0.91,0.49,2.47,2.2,0.59,0.4,0.93,0.28,0.49,0.54,0.66,0,0.21,0.34,0.3,0.43,0.7,0.93,NA,0.34,0.44,0.99,0.96,0.98,0.92,0.69,0.72,0.55,0.79,1.87,0.82,0.87,1.21,1.15,1.55,NA,NA,3.31,0.77,0.7,FALSE,FALSE,FALSE,FALSE,FALSE,FALSE,FALSE,FALSE,FALSE,FALSE,FALSE,FALSE,FALSE,FALSE,FALSE,FALSE,FALSE,FALSE,FALSE,NA,NA,FALSE,FALSE,FALSE,FALSE,FALSE,FALSE,FALSE,FALSE,FALSE,FALSE,FALSE,FALSE,FALSE,FALSE,FALSE,FALSE,FALSE,FALSE,FALSE,FALSE,FALSE,FALSE,FALSE,FALSE,FALSE,FALSE,FALSE,FALSE,FALSE,FALSE,FALSE,FALSE,NA,FALSE,FALSE,FALSE,FALSE,FALSE,FALSE,FALSE,FALSE,FALSE,FALSE,FALSE,FALSE,FALSE,FALSE,FALSE,FALSE,NA,NA,FALSE,FALSE,FALSE
1974,4.65,3.95,3.41,2.86,1.71,2.14,1.02,1.95,2.61,1.74,2.16,1.42,1.64,1.91,0.51,0.57,0.36,0.32,0.68,NA,NA,2.35,1.16,1.08,0.7,1.38,0.68,0.47,0.49,2.25,1.19,1.46,1.68,0.62,1.04,0.91,0.7,2.65,2.22,0.7,0.55,0.68,0.45,0.59,0.47,0.7,0.34,0.42,0.51,0.23,0.4,0.78,0.83,NA,0.25,0.47,1.06,1.3,1.23,1.1,1.01,1.14,0.97,0.55,2.43,1.04,0.92,1.44,1.21,1.78,3.94,5.24,2.64,1.02,0.79,FALSE,FALSE,FALSE,FALSE,FALSE,FALSE,FALSE,FALSE,FALSE,FALSE,FALSE,FALSE,FALSE,FALSE,FALSE,FALSE,FALSE,FALSE,FALSE,NA,NA,FALSE,FALSE,FALSE,FALSE,FALSE,FALSE,FALSE,FALSE,FALSE,FALSE,FALSE,FALSE,FALSE,FALSE,FALSE,FALSE,FALSE,FALSE,FALSE,FALSE,FALSE,FALSE,FALSE,FALSE,FALSE,FALSE,FALSE,FALSE,FALSE,FALSE,FALSE,FALSE,NA,FALSE,FALSE,FALSE,FALSE,FALSE,FALSE,FALSE,FALSE,FALSE,FALSE,FALSE,FALSE,FALSE,FALSE,FALSE,FALSE,FALSE,FALSE,FALSE,FALSE,FALSE
1975,3.36,2.8,2.4,2.08,0,1.65,0.87,2.11,1.97,1.76,1.75,1.11,1.32,1.74,0.64,0.74,0.33,0.28,0.57,NA,NA,1.9,1.08,0.8,0.78,1.15,0.66,0.42,0.43,2.06,1.5,1.5,1.68,0.5,0.7,0.78,0.83,2.26,2.16,0.32,0.36,0.61,0.34,0.49,0.32,0.64,0.42,0.36,0.42,0.21,0.4,0.7,0.91,0.85,0.3,0.38,0.76,1.09,1.02,1,0.93,1.07,0.11,0.83,2.05,0.85,0.77,1.29,1.02,2.16,3.69,5.07,2.54,0.87,0.66,FALSE,FALSE,FALSE,FALSE,FALSE,FALSE,FALSE,FALSE,FALSE,FALSE,FALSE,FALSE,FALSE,FALSE,FALSE,FALSE,FALSE,FALSE,FALSE,NA,NA,FALSE,FALSE,FALSE,FALSE,FALSE,FALSE,FALSE,FALSE,FALSE,FALSE,FALSE,FALSE,FALSE,FALSE,FALSE,FALSE,FALSE,FALSE,FALSE,FALSE,FALSE,FALSE,FALSE,FALSE,FALSE,FALSE,FALSE,FALSE,FALSE,FALSE,FALSE,FALSE,FALSE,FALSE,FALSE,FALSE,FALSE,FALSE,FALSE,FALSE,FALSE,FALSE,FALSE,FALSE,FALSE,FALSE,FALSE,FALSE,FALSE,FALSE,FALSE,FALSE,FALSE,FALSE
1976,3.95,3.8,3.05,2.59,1.61,1.48,0.66,1.74,3.27,2.21,2.24,1.17,1.29,2.47,0.59,0.77,0.4,0.23,0.47,NA,NA,1.69,0.99,1.02,0.66,0.9,0.57,0.36,0.43,2.29,1.58,1.55,1.73,0.54,0.71,0.85,0.76,1.93,1.67,0.4,0.38,0.74,0.42,0.51,0.32,0.63,0.55,0.38,0.64,0.25,0.51,0.83,1.02,0.84,0.3,0.43,0.96,0.85,0.64,1.09,0.95,1.14,0.3,0.72,1.93,0.77,0.52,1.46,1.23,2.31,4.76,4.43,2.02,0.72,0.49,FALSE,FALSE,FALSE,FALSE,FALSE,FALSE,FALSE,FALSE,FALSE,FALSE,FALSE,FALSE,FALSE,FALSE,FALSE,FALSE,FALSE,FALSE,FALSE,NA,NA,FALSE,FALSE,FALSE,FALSE,FALSE,FALSE,FALSE,FALSE,FALSE,FALSE,FALSE,FALSE,FALSE,FALSE,FALSE,FALSE,FALSE,FALSE,FALSE,FALSE,FALSE,FALSE,FALSE,FALSE,FALSE,FALSE,FALSE,FALSE,FALSE,FALSE,FALSE,FALSE,FALSE,FALSE,FALSE,FALSE,FALSE,FALSE,FALSE,FALSE,FALSE,FALSE,FALSE,FALSE,FALSE,FALSE,FALSE,FALSE,FALSE,FALSE,FALSE,FALSE,FALSE,FALSE
1977,3.01,2.69,2.63,2.06,1.08,0.53,0.34,0.88,3.31,2.49,2.18,1.17,1.13,1.83,0.38,0.28,0.2,0.15,0.36,NA,NA,1.33,0.73,0.68,0.55,0.69,0.11,0.06,0,0.85,1.19,1.46,1.68,0.48,0.49,0.6,0.72,1.35,1.5,0.47,0.57,0.45,0.49,0.47,0.34,0.49,0.53,0.45,0.53,0.15,0.36,0,0,0.84,0.36,0.53,0.85,0.06,0,0.38,0.26,0.51,0.06,0.3,1.25,0.73,0.52,1.52,1.31,1.27,4.47,0,1.33,0.36,0.39,FALSE,FALSE,FALSE,FALSE,FALSE,FALSE,FALSE,FALSE,FALSE,FALSE,FALSE,FALSE,FALSE,FALSE,FALSE,FALSE,FALSE,FALSE,FALSE,NA,NA,FALSE,FALSE,FALSE,FALSE,FALSE,FALSE,FALSE,FALSE,FALSE,FALSE,FALSE,FALSE,FALSE,FALSE,FALSE,FALSE,FALSE,FALSE,FALSE,FALSE,FALSE,FALSE,FALSE,FALSE,FALSE,FALSE,FALSE,FALSE,FALSE,FALSE,FALSE,FALSE,FALSE,FALSE,FALSE,FALSE,FALSE,FALSE,FALSE,FALSE,FALSE,FALSE,FALSE,FALSE,FALSE,FALSE,FALSE,FALSE,FALSE,FALSE,TRUE,FALSE,FALSE,FALSE
1978,2.88,3.3,2.64,2.25,1.59,0.59,0.38,1.01,2.8,3.17,1.55,0.83,0.85,2.35,0.76,1.23,0.35,0.19,0.49,1.93,NA,1.47,0.78,0.76,0.61,0.75,0.34,0.3,0.3,1.04,1.66,1.21,1.36,0.56,0.47,0.78,0.7,1.75,1.93,0.44,0.47,0.64,0.36,0.44,0.25,0.49,0.23,0.25,0.4,0.15,0.38,0.76,0.81,0.88,0.3,0.38,0.91,0.87,0.46,0.53,0.52,1.28,0.21,0.51,1.57,0.58,0.37,1.16,0.93,1.44,4.1,0.52,2,0.55,0.92,FALSE,FALSE,FALSE,FALSE,FALSE,FALSE,FALSE,FALSE,FALSE,TRUE,FALSE,FALSE,FALSE,FALSE,FALSE,FALSE,FALSE,FALSE,FALSE,FALSE,NA,FALSE,FALSE,FALSE,FALSE,FALSE,FALSE,FALSE,FALSE,FALSE,FALSE,FALSE,FALSE,FALSE,FALSE,FALSE,FALSE,FALSE,FALSE,FALSE,FALSE,FALSE,FALSE,FALSE,FALSE,FALSE,FALSE,FALSE,FALSE,FALSE,FALSE,FALSE,FALSE,FALSE,FALSE,FALSE,FALSE,FALSE,FALSE,FALSE,FALSE,FALSE,FALSE,FALSE,FALSE,FALSE,FALSE,FALSE,FALSE,FALSE,FALSE,TRUE,FALSE,FALSE,FALSE
1979,2.47,2.71,2.42,2.18,2.46,1.25,0.53,1.78,0.91,2.38,1.99,1.83,1.8,2.61,0.76,1,0.22,0.23,0.89,3.28,NA,1.97,0.87,1.12,0.85,1,0.32,0.42,0.32,2.52,1.3,2.29,2.24,0.7,0.55,0.8,0.68,2.4,1.69,0.64,0.7,0.76,0.34,0.34,0.28,0.83,0.42,0.3,0.34,0.11,0.32,0.55,1.36,1.91,0.34,0.47,0.6,1.15,0.69,0.7,0.73,1.42,0.21,0.34,1.92,0.86,0.57,1.38,1.02,1.82,5.63,5.95,3.41,0.74,0.6,FALSE,FALSE,FALSE,FALSE,FALSE,FALSE,FALSE,FALSE,FALSE,FALSE,FALSE,FALSE,FALSE,FALSE,FALSE,FALSE,FALSE,FALSE,FALSE,FALSE,NA,FALSE,FALSE,FALSE,FALSE,FALSE,FALSE,FALSE,FALSE,FALSE,FALSE,FALSE,FALSE,FALSE,FALSE,FALSE,FALSE,FALSE,FALSE,FALSE,FALSE,FALSE,FALSE,FALSE,FALSE,FALSE,FALSE,FALSE,FALSE,FALSE,FALSE,FALSE,FALSE,FALSE,FALSE,FALSE,FALSE,FALSE,FALSE,FALSE,FALSE,FALSE,FALSE,FALSE,FALSE,FALSE,FALSE,FALSE,FALSE,FALSE,FALSE,FALSE,FALSE,FALSE,FALSE
1980,3.36,3.22,2.57,2.31,3.09,1.57,0.19,2.03,1.08,2.6,2.03,2.59,2.59,2.38,1.27,1.89,0.22,0.28,1.32,2.13,NA,2.36,1.16,0.99,1.08,1.2,0.4,0.59,0.32,2.64,1.92,2.95,2.69,0.92,0.86,0.82,0.68,2.48,1.82,0.85,0.91,0.59,0.47,0.61,0.34,0.97,0.68,0.42,0.53,0.08,0.36,0.72,2.2,1.61,0.39,0.66,1.12,1.31,0.68,1.12,0.9,1.56,0.25,0.3,2.89,1.17,0.68,1.69,1.27,2.16,5.03,4.96,2.92,1.09,1.18,FALSE,FALSE,FALSE,FALSE,FALSE,FALSE,FALSE,FALSE,FALSE,FALSE,FALSE,FALSE,FALSE,FALSE,FALSE,FALSE,FALSE,FALSE,FALSE,FALSE,NA,FALSE,FALSE,FALSE,FALSE,FALSE,FALSE,FALSE,FALSE,FALSE,FALSE,FALSE,FALSE,FALSE,FALSE,FALSE,FALSE,FALSE,FALSE,FALSE,FALSE,FALSE,FALSE,FALSE,FALSE,FALSE,FALSE,FALSE,FALSE,FALSE,FALSE,FALSE,FALSE,FALSE,FALSE,FALSE,FALSE,FALSE,FALSE,FALSE,FALSE,FALSE,FALSE,FALSE,FALSE,FALSE,FALSE,FALSE,FALSE,FALSE,FALSE,FALSE,FALSE,FALSE,FALSE
1981,3.63,4.01,2.18,1.74,2.9,1.38,0.21,1.37,2.1,2.26,1.71,2.63,2.48,2.78,1.21,1.65,0.2,0.21,0.91,2.24,3.36,2.41,0.92,0.72,0.66,1.03,0.26,0.34,0.3,1.83,2.06,2.93,2.85,1.01,0.85,0.88,0.45,2.1,1.76,0.87,0.78,0.51,0.45,0.55,0.32,0.78,0.81,0.57,0.55,0.04,0.34,0.49,1.89,1.17,0.34,0.53,1.28,0.41,0.31,1.14,0.88,1.51,0.19,0.13,2.93,1.11,0.54,1.44,1.19,1.8,5.1,4.98,3.36,0.79,1.19,FALSE,FALSE,FALSE,FALSE,FALSE,FALSE,FALSE,FALSE,FALSE,FALSE,FALSE,FALSE,FALSE,FALSE,FALSE,FALSE,FALSE,FALSE,FALSE,FALSE,FALSE,FALSE,FALSE,FALSE,FALSE,FALSE,FALSE,FALSE,FALSE,FALSE,FALSE,FALSE,FALSE,FALSE,FALSE,FALSE,FALSE,FALSE,FALSE,FALSE,FALSE,FALSE,FALSE,FALSE,FALSE,FALSE,FALSE,FALSE,FALSE,FALSE,FALSE,FALSE,FALSE,FALSE,FALSE,FALSE,FALSE,FALSE,FALSE,FALSE,FALSE,FALSE,FALSE,FALSE,FALSE,FALSE,FALSE,FALSE,FALSE,FALSE,FALSE,FALSE,FALSE,FALSE,FALSE
1982,5.14,5.41,2.27,1.82,2.86,1.06,0.44,1.41,2.33,2.07,1.43,3.02,2.97,2.58,2.39,2.95,0.32,0.26,1.06,2.83,4.94,2.47,0.83,0.93,0.87,1.07,0.17,0.3,0.47,1.45,1.91,3.04,3.7,1.15,1.09,1.3,0.44,3.42,4.76,0.85,0.85,0.4,0.38,0.76,0.24,0.78,0.83,0.61,0.49,0.19,0.43,0.66,2.27,1.81,0.32,0.64,1.47,0.36,0.28,1.4,0.84,1.41,0.19,0.23,2.98,1.08,0.57,1.72,1.72,1.78,5.93,6.01,2.8,1.06,1.31,FALSE,FALSE,FALSE,FALSE,FALSE,FALSE,FALSE,FALSE,FALSE,FALSE,FALSE,FALSE,FALSE,FALSE,FALSE,FALSE,FALSE,FALSE,FALSE,FALSE,TRUE,FALSE,FALSE,FALSE,FALSE,FALSE,FALSE,FALSE,FALSE,FALSE,FALSE,FALSE,FALSE,FALSE,FALSE,FALSE,FALSE,FALSE,FALSE,FALSE,FALSE,FALSE,FALSE,FALSE,FALSE,FALSE,FALSE,FALSE,FALSE,FALSE,FALSE,FALSE,FALSE,FALSE,FALSE,FALSE,FALSE,FALSE,FALSE,FALSE,FALSE,FALSE,FALSE,FALSE,FALSE,FALSE,FALSE,FALSE,FALSE,FALSE,FALSE,FALSE,FALSE,FALSE,FALSE
1983,5.02,4.41,2.24,1.78,2.9,1.95,0.42,1.58,1.68,2.15,1.73,2.97,3.12,2.56,2.14,2.44,0.2,0.22,1.02,2.75,4.14,2.55,0.83,0.93,1.02,1.34,0.81,0.7,0.32,1.9,1.57,2.95,4.97,1.54,1.77,1.41,0.44,4.39,6.03,0.87,0.89,0.59,0.34,0.74,0.17,0.76,0.64,0.42,0.43,0.28,0.43,0.49,2.26,1.71,0.32,0.57,1.49,0.88,0.69,1.62,0.93,1.44,0.19,0.38,3.41,1.21,0.46,1.61,1.42,2.44,5.25,4.64,2.83,0.98,1.35,FALSE,FALSE,FALSE,FALSE,FALSE,FALSE,FALSE,FALSE,FALSE,FALSE,FALSE,FALSE,FALSE,FALSE,FALSE,FALSE,FALSE,FALSE,FALSE,FALSE,FALSE,FALSE,FALSE,FALSE,FALSE,FALSE,FALSE,FALSE,FALSE,FALSE,FALSE,FALSE,FALSE,FALSE,FALSE,FALSE,FALSE,FALSE,TRUE,FALSE,FALSE,FALSE,FALSE,FALSE,FALSE,FALSE,FALSE,FALSE,FALSE,FALSE,FALSE,FALSE,FALSE,FALSE,FALSE,FALSE,FALSE,FALSE,FALSE,FALSE,FALSE,FALSE,FALSE,FALSE,FALSE,FALSE,FALSE,FALSE,FALSE,FALSE,FALSE,FALSE,FALSE,FALSE,FALSE
1984,4.51,3.74,2.09,1.72,2.24,1.63,0.25,1.72,2.25,2,1.71,2.53,2.82,1.72,2.44,2.8,0.11,0.25,0.76,2.13,3.44,2.1,0.99,0.89,1.04,1.55,0.76,0.42,0.25,1.77,1.99,2.59,4.87,1.39,1.49,1.52,0.41,3.77,4.74,0.79,0.57,0.47,0.3,0.61,0.22,0.72,0.7,0.53,0.66,0.13,0.23,0.32,1.91,1.64,0.38,0.66,0.92,0.88,0.78,1.71,0.9,1.28,0.15,0.28,2.75,1.26,0.54,1.42,1.21,2.39,5.1,4.91,3.01,0.94,1.51,FALSE,FALSE,FALSE,FALSE,FALSE,FALSE,FALSE,FALSE,FALSE,FALSE,FALSE,FALSE,FALSE,FALSE,FALSE,FALSE,FALSE,FALSE,FALSE,FALSE,FALSE,FALSE,FALSE,FALSE,FALSE,FALSE,FALSE,FALSE,FALSE,FALSE,FALSE,FALSE,FALSE,FALSE,FALSE,FALSE,FALSE,FALSE,FALSE,FALSE,FALSE,FALSE,FALSE,FALSE,FALSE,FALSE,FALSE,FALSE,FALSE,FALSE,FALSE,FALSE,FALSE,FALSE,FALSE,FALSE,FALSE,FALSE,FALSE,FALSE,FALSE,FALSE,FALSE,FALSE,FALSE,FALSE,FALSE,FALSE,FALSE,FALSE,FALSE,FALSE,FALSE,FALSE,FALSE
1985,3.66,3.92,1.84,1.55,1.57,1.74,0.32,1.23,3.27,2.11,1.28,2.32,2.31,1.92,1.78,2.73,0.17,0.17,0.47,1.69,2.59,1.7,0.89,0.83,1.02,1.4,0.75,0.25,0.17,1.22,1.82,2.44,3.64,0.96,0.85,1.34,0.61,3.36,3.32,0.89,0.53,0.55,0.3,0.55,0.17,0.53,0.85,0.61,0.68,0.15,0.32,0.44,1.65,1.45,0.37,0.62,0.85,0.97,0.65,1.36,0.84,1.06,0.15,0.11,2,0.85,0.5,1.14,0.95,2.01,4.41,4.1,2.79,1.07,1.19,FALSE,FALSE,FALSE,FALSE,FALSE,FALSE,FALSE,FALSE,FALSE,FALSE,FALSE,FALSE,FALSE,FALSE,FALSE,FALSE,FALSE,FALSE,FALSE,FALSE,FALSE,FALSE,FALSE,FALSE,FALSE,FALSE,FALSE,FALSE,FALSE,FALSE,FALSE,FALSE,FALSE,FALSE,FALSE,FALSE,FALSE,FALSE,FALSE,FALSE,FALSE,FALSE,FALSE,FALSE,FALSE,FALSE,FALSE,FALSE,FALSE,FALSE,FALSE,FALSE,FALSE,FALSE,FALSE,FALSE,FALSE,FALSE,FALSE,FALSE,FALSE,FALSE,FALSE,FALSE,FALSE,FALSE,FALSE,FALSE,FALSE,FALSE,FALSE,FALSE,FALSE,FALSE,FALSE
1986,3.98,3.69,2.25,2.08,1.72,2.29,0.44,1.47,2.79,2.26,1.32,2.61,2.67,1.97,2.37,3.12,0.07,0.17,0.51,1.7,2.96,1.91,1.06,0.91,1.12,1.4,0.55,0.23,0.21,1.7,1.27,2.74,4.22,1.1,0.74,1.65,0.45,4.31,3.72,0.93,0.72,0.49,0.38,0.78,0.17,0.61,1,0.64,0.68,0.24,0.45,0.64,1.82,1.6,0.58,0.72,1.19,0.81,0.36,1.23,0.99,1.13,0.15,0.11,2.36,0.7,0.54,1.06,1.02,1.74,5.03,4.62,2.11,1.09,1.32,FALSE,FALSE,FALSE,FALSE,FALSE,FALSE,FALSE,FALSE,FALSE,FALSE,FALSE,FALSE,FALSE,FALSE,FALSE,FALSE,FALSE,FALSE,FALSE,FALSE,FALSE,FALSE,FALSE,FALSE,FALSE,FALSE,FALSE,FALSE,FALSE,FALSE,FALSE,FALSE,FALSE,FALSE,FALSE,FALSE,FALSE,FALSE,FALSE,FALSE,FALSE,FALSE,FALSE,FALSE,FALSE,FALSE,FALSE,FALSE,FALSE,FALSE,FALSE,FALSE,FALSE,FALSE,FALSE,FALSE,FALSE,FALSE,FALSE,FALSE,FALSE,FALSE,FALSE,FALSE,FALSE,FALSE,FALSE,FALSE,FALSE,FALSE,FALSE,FALSE,FALSE,FALSE,FALSE
1987,3.96,3.77,1.91,1.76,1.72,1.88,0.3,1.51,2.6,2.52,1.36,2.81,2.95,2.39,3.11,3.65,0.13,0.21,0.49,1.63,2.1,1.81,0.84,0.78,1.31,1.4,0.94,0.28,0.21,2.16,0.83,2.19,3.87,0.92,0.68,1.34,0.34,3.27,3.15,0.83,0.79,0.49,0.32,0.64,0.21,0.45,0.91,0.57,0.57,0.19,0.45,0.49,1.67,1.62,0.6,0.6,0.94,0.62,0.43,1.16,0.95,0.98,0.15,0.19,1.66,0.68,0.63,0.89,0.68,1.16,5.2,4.95,2.99,1.19,1.21,FALSE,FALSE,FALSE,FALSE,FALSE,FALSE,FALSE,FALSE,FALSE,FALSE,FALSE,FALSE,FALSE,FALSE,FALSE,FALSE,FALSE,FALSE,FALSE,FALSE,FALSE,FALSE,FALSE,FALSE,FALSE,FALSE,FALSE,FALSE,FALSE,FALSE,FALSE,FALSE,FALSE,FALSE,FALSE,FALSE,FALSE,FALSE,FALSE,FALSE,FALSE,FALSE,FALSE,FALSE,FALSE,FALSE,FALSE,FALSE,FALSE,FALSE,FALSE,FALSE,FALSE,FALSE,FALSE,FALSE,FALSE,FALSE,FALSE,FALSE,FALSE,FALSE,FALSE,FALSE,FALSE,FALSE,FALSE,FALSE,FALSE,FALSE,FALSE,FALSE,FALSE,FALSE,FALSE
1988,3.09,3.55,1.59,1.57,1.53,1.31,0.28,1.06,3.11,2.26,1.05,2.83,2.86,2.18,3.92,3.89,0.24,0.24,0.53,1.45,1.84,1.72,0.68,0.76,1.23,1.15,0.68,0.34,0.25,1.98,1.19,2.64,3.47,0.86,0.51,1.15,0.43,2.97,3.13,0.91,0.61,0.19,0.47,0.57,0.17,0.53,0.72,0.47,0.66,0.28,0.53,0.53,1.84,1.76,0.6,0.62,0.62,0.55,0.7,1.02,0.6,0.77,0.21,0.21,1.82,0.66,0.58,0.74,0.7,1.36,4.9,5.39,2.51,1.11,0.96,FALSE,FALSE,FALSE,FALSE,FALSE,FALSE,FALSE,FALSE,FALSE,FALSE,FALSE,FALSE,FALSE,FALSE,FALSE,FALSE,FALSE,FALSE,FALSE,FALSE,FALSE,FALSE,FALSE,FALSE,FALSE,FALSE,FALSE,FALSE,FALSE,FALSE,FALSE,FALSE,FALSE,FALSE,FALSE,FALSE,FALSE,FALSE,FALSE,FALSE,FALSE,FALSE,FALSE,FALSE,FALSE,FALSE,FALSE,FALSE,FALSE,FALSE,FALSE,FALSE,FALSE,FALSE,FALSE,FALSE,FALSE,FALSE,FALSE,FALSE,FALSE,FALSE,FALSE,FALSE,FALSE,FALSE,FALSE,FALSE,FALSE,FALSE,FALSE,FALSE,FALSE,FALSE,FALSE
1989,3.2,2.43,1.42,1.23,1.2,1.17,0.17,0.98,2.24,1.34,0.97,1.84,1.82,2.23,3.3,2.98,0.34,0.13,0.36,1.48,2.18,1.4,0.6,0.64,1.02,0.95,0.24,0.23,0.19,1.45,0.89,1.95,2.63,0.62,0.32,0.92,0.19,3.03,3.09,0.53,0.45,0.13,0.28,0.42,0.11,0.36,0.43,0.3,0.38,0.11,0.3,0.28,1.8,1.63,0.38,0.38,0.64,0,0,0.52,0.35,0.36,0.07,0.15,1.13,0.45,0.52,0.57,0.59,0.85,4.33,4.96,2.7,0.9,0.66,FALSE,FALSE,FALSE,FALSE,FALSE,FALSE,FALSE,FALSE,FALSE,FALSE,FALSE,FALSE,FALSE,FALSE,FALSE,FALSE,FALSE,FALSE,FALSE,FALSE,FALSE,FALSE,FALSE,FALSE,FALSE,FALSE,FALSE,FALSE,FALSE,FALSE,FALSE,FALSE,FALSE,FALSE,FALSE,FALSE,FALSE,FALSE,FALSE,FALSE,FALSE,FALSE,FALSE,FALSE,FALSE,FALSE,FALSE,FALSE,FALSE,FALSE,FALSE,FALSE,FALSE,FALSE,FALSE,FALSE,FALSE,FALSE,FALSE,FALSE,FALSE,FALSE,FALSE,FALSE,FALSE,FALSE,FALSE,FALSE,FALSE,FALSE,FALSE,FALSE,FALSE,FALSE,FALSE
1990,3.8,4.96,1.7,1.78,1.85,1.44,0.15,0.98,2.64,1.8,1.19,2.25,2.25,2.34,4.3,4.03,0.38,0.28,0.66,1.72,2.18,1.38,0.51,0.66,1.19,1.02,0.17,0.17,0.25,1.47,0.57,2.42,3.37,0.59,0.38,0.93,0.53,3.2,2.79,0.6,0.72,0.21,0.44,0.47,0.19,0.42,0.68,0.53,0.76,0.25,0.38,0.51,2.2,2.13,0.47,0.57,0.85,0.41,0.7,0.59,0.26,0.24,0.21,0.17,1.51,0.62,0.74,0.66,0.47,0.87,4.7,5.93,2.92,1.02,1.23,FALSE,FALSE,FALSE,FALSE,FALSE,FALSE,FALSE,FALSE,FALSE,FALSE,FALSE,FALSE,FALSE,FALSE,FALSE,FALSE,FALSE,FALSE,FALSE,FALSE,FALSE,FALSE,FALSE,FALSE,FALSE,FALSE,FALSE,FALSE,FALSE,FALSE,FALSE,FALSE,FALSE,FALSE,FALSE,FALSE,FALSE,FALSE,FALSE,FALSE,FALSE,FALSE,FALSE,FALSE,FALSE,FALSE,FALSE,FALSE,FALSE,FALSE,FALSE,FALSE,FALSE,FALSE,FALSE,FALSE,FALSE,FALSE,FALSE,FALSE,FALSE,FALSE,FALSE,FALSE,FALSE,FALSE,FALSE,FALSE,FALSE,FALSE,FALSE,FALSE,FALSE,FALSE,FALSE
1991,3.7,4.02,1.45,1.46,1.13,0,0,0.7,1.59,1.89,0.92,1.66,1.53,2.07,4.32,3.29,0.46,0.32,0.87,1.77,2.11,1.61,0.44,0.49,0.68,0.57,0.21,0.19,0.25,1.2,0.51,1.66,2.45,0.5,0.19,1.05,0.23,3.56,3.43,0.38,0.55,0.13,0.3,0.41,0.13,0.38,0.4,0.3,0.57,0.23,0.39,0.28,2.35,2.35,0.45,0.51,0.65,0.09,0.22,0.69,0.13,0.11,0,0,1.64,0.42,0.45,0.36,0.45,0.85,4.15,5.63,2.54,0.96,1.27,FALSE,FALSE,FALSE,FALSE,FALSE,FALSE,FALSE,FALSE,FALSE,FALSE,FALSE,FALSE,FALSE,FALSE,FALSE,FALSE,FALSE,FALSE,FALSE,FALSE,FALSE,FALSE,FALSE,FALSE,FALSE,FALSE,FALSE,FALSE,FALSE,FALSE,FALSE,FALSE,FALSE,FALSE,FALSE,FALSE,FALSE,FALSE,FALSE,FALSE,FALSE,FALSE,FALSE,FALSE,FALSE,FALSE,FALSE,FALSE,FALSE,FALSE,FALSE,FALSE,FALSE,FALSE,FALSE,FALSE,FALSE,FALSE,FALSE,FALSE,FALSE,FALSE,FALSE,FALSE,FALSE,FALSE,FALSE,FALSE,FALSE,FALSE,FALSE,FALSE,FALSE,FALSE,FALSE
1992,4.45,4.94,1.77,1.93,1.43,0,0.25,0.99,1.27,1.59,1.2,2.32,2.31,1.96,5.55,4.9,0.47,0.4,0.83,1.52,1.83,1.95,0.62,0.68,1.29,0.87,0.58,0.61,0.3,1.83,0.72,2,2.81,1.37,0.51,1.16,0.23,3.76,4.36,0.41,0.55,0.13,0.38,0.49,0.07,0.57,0.59,0.49,0.64,0.2,0.32,0.38,2.5,2.39,0.54,0.36,0.97,0.15,0.41,0.78,0.35,0.13,0.21,0.04,2.21,0.7,0.76,0.7,0.57,1.14,4.8,6.66,2.43,1.2,1.53,FALSE,FALSE,FALSE,FALSE,FALSE,FALSE,FALSE,FALSE,FALSE,FALSE,FALSE,FALSE,FALSE,FALSE,TRUE,FALSE,FALSE,FALSE,FALSE,FALSE,FALSE,FALSE,FALSE,FALSE,FALSE,FALSE,FALSE,FALSE,FALSE,FALSE,FALSE,FALSE,FALSE,FALSE,FALSE,FALSE,FALSE,FALSE,FALSE,FALSE,FALSE,FALSE,FALSE,FALSE,FALSE,FALSE,FALSE,FALSE,FALSE,FALSE,FALSE,FALSE,FALSE,FALSE,FALSE,FALSE,FALSE,FALSE,FALSE,FALSE,FALSE,FALSE,FALSE,FALSE,FALSE,FALSE,FALSE,FALSE,FALSE,FALSE,FALSE,FALSE,FALSE,FALSE,FALSE
1993,2.31,2.84,1.21,1.46,1.15,0,0.23,0.95,0.95,1.37,0.92,2.07,2.46,1.53,3.83,3.56,0.24,0.32,0.95,1.26,1.89,1.76,0.46,0.61,1.25,0.87,0.54,0.28,0,1.28,0.66,1.94,2.65,0.54,0.19,0.96,0.11,2.81,4.04,0.32,0.53,0.13,0.61,0.4,0.11,0,0.47,0.51,0.42,0.11,0.3,0.34,2.98,2.19,0.47,0.47,1.02,0,0.5,0.71,0.37,0.28,0.04,0,1.51,0.51,0.58,0.36,0.34,1,3.88,5.38,2.47,1.26,1.44,FALSE,FALSE,FALSE,FALSE,FALSE,FALSE,FALSE,FALSE,FALSE,FALSE,FALSE,FALSE,FALSE,FALSE,FALSE,FALSE,FALSE,FALSE,FALSE,FALSE,FALSE,FALSE,FALSE,FALSE,FALSE,FALSE,FALSE,FALSE,FALSE,FALSE,FALSE,FALSE,FALSE,FALSE,FALSE,FALSE,FALSE,FALSE,FALSE,FALSE,FALSE,FALSE,FALSE,FALSE,FALSE,FALSE,FALSE,FALSE,FALSE,FALSE,FALSE,FALSE,FALSE,FALSE,FALSE,FALSE,FALSE,FALSE,FALSE,FALSE,FALSE,FALSE,FALSE,FALSE,FALSE,FALSE,FALSE,FALSE,FALSE,FALSE,FALSE,FALSE,FALSE,FALSE,FALSE
1994,3.28,3.2,0.93,1.31,1.45,0,0.21,1.01,1.77,1.63,1.05,2.09,2.59,1.65,3.09,3.09,0.18,0.28,0.95,1.07,1.48,1.13,0.44,0.81,1.12,0.83,0.61,0.36,0.25,1.79,1.14,1.85,2.41,0.47,0.21,0.85,0.34,2.47,3.09,0.57,0.57,0.15,0.51,0.57,0.09,0.53,0.36,0.3,0.44,0.1,0.28,0.25,2.22,1.81,0.39,0.36,0.76,0.39,0.16,1.02,0.37,0.36,0.15,0.3,1.82,0.64,0.61,0.25,0.25,0.97,3.97,5.03,2.3,1.11,1.35,FALSE,FALSE,FALSE,FALSE,FALSE,FALSE,FALSE,FALSE,FALSE,FALSE,FALSE,FALSE,FALSE,FALSE,FALSE,FALSE,FALSE,FALSE,FALSE,FALSE,FALSE,FALSE,FALSE,FALSE,FALSE,FALSE,FALSE,FALSE,FALSE,FALSE,FALSE,FALSE,FALSE,FALSE,FALSE,FALSE,FALSE,FALSE,FALSE,FALSE,FALSE,FALSE,FALSE,FALSE,FALSE,FALSE,FALSE,FALSE,FALSE,FALSE,FALSE,FALSE,FALSE,FALSE,FALSE,FALSE,FALSE,FALSE,FALSE,FALSE,FALSE,FALSE,FALSE,FALSE,FALSE,FALSE,FALSE,FALSE,FALSE,FALSE,FALSE,FALSE,FALSE,FALSE,FALSE
1995,3.09,2.78,0.99,1.4,1.02,0.02,0.09,0.83,1.79,1.28,0.91,1.78,1.74,0,2.9,3.25,0.11,0.22,1.44,0.95,1.8,1.21,0.46,0.78,1.12,1.55,0.54,0.28,0.11,1.41,1.12,1.56,2.02,0.2,0.19,1.02,0.43,2.93,3.86,0.32,0.25,0,0.51,0.42,0.08,0.3,0,0.19,0.34,0.04,0.15,0.06,2.58,2.15,0.32,0.36,0.81,0.06,0.07,0.99,0.28,0.11,0.04,0,1.62,0.62,0.56,0.11,0.02,0.44,3.87,5.4,1.83,0.81,1.86,FALSE,FALSE,FALSE,FALSE,FALSE,FALSE,FALSE,FALSE,FALSE,FALSE,FALSE,FALSE,FALSE,FALSE,FALSE,FALSE,FALSE,FALSE,FALSE,FALSE,FALSE,FALSE,FALSE,FALSE,FALSE,FALSE,FALSE,FALSE,FALSE,FALSE,FALSE,FALSE,FALSE,FALSE,FALSE,FALSE,FALSE,FALSE,FALSE,FALSE,FALSE,FALSE,FALSE,FALSE,FALSE,FALSE,FALSE,FALSE,FALSE,FALSE,FALSE,FALSE,FALSE,FALSE,FALSE,FALSE,FALSE,FALSE,FALSE,FALSE,FALSE,FALSE,FALSE,FALSE,FALSE,FALSE,FALSE,FALSE,FALSE,FALSE,FALSE,FALSE,FALSE,FALSE,FALSE
1996,3.95,3.49,1.1,1.42,1.56,0.11,0.19,0.68,2.11,1.44,1.13,1.89,1.95,1.2,3.2,3.32,0.11,0.24,0.8,0.84,1.7,1.36,0.49,0.59,1.08,1.3,0.67,0.38,0.17,1.56,1.14,1.7,2.3,0.65,0.3,0.88,0.65,2.87,3.98,0.76,0.44,0.11,0.72,0.51,0.19,0.4,0.34,0.21,0.34,0.15,0.19,0.17,2.29,1.93,0.53,0.56,0.85,0.09,0.09,0.75,0.34,0.36,0.13,0.38,1.94,0.79,0.78,0.25,0.23,0.57,4.48,5.89,2.11,0.32,1.36,FALSE,FALSE,FALSE,FALSE,FALSE,FALSE,FALSE,FALSE,FALSE,FALSE,FALSE,FALSE,FALSE,FALSE,FALSE,FALSE,FALSE,FALSE,FALSE,FALSE,FALSE,FALSE,FALSE,FALSE,FALSE,FALSE,FALSE,FALSE,FALSE,FALSE,FALSE,FALSE,FALSE,FALSE,FALSE,FALSE,FALSE,FALSE,FALSE,FALSE,FALSE,FALSE,FALSE,FALSE,FALSE,FALSE,FALSE,FALSE,FALSE,FALSE,FALSE,FALSE,FALSE,FALSE,FALSE,FALSE,FALSE,FALSE,FALSE,FALSE,FALSE,FALSE,FALSE,FALSE,FALSE,FALSE,FALSE,FALSE,FALSE,FALSE,FALSE,FALSE,FALSE,FALSE,FALSE
1997,4.07,3.26,1.25,1.74,1.47,0.19,0.27,1.79,1.62,1.53,0.99,2.25,2.16,0.69,4.28,3.51,0.09,0.15,0.66,1.19,1.09,1.25,0.72,0.98,1.31,1.71,1.29,1.55,0.25,3.27,0.97,1.36,2.32,0.56,0.32,0.92,0.48,2.91,2.82,0.57,0.32,0.19,0.57,0.51,0.11,0.51,0.46,0.32,0.36,0.13,0.19,0.25,2.44,2.28,0.32,0.34,0.66,0.17,0.2,1.18,0.49,0.43,0.17,0.34,2.05,0.72,0.69,0.13,0.08,1.31,3.75,5.02,2.3,0.9,1,FALSE,FALSE,FALSE,FALSE,FALSE,FALSE,FALSE,FALSE,FALSE,FALSE,FALSE,FALSE,FALSE,FALSE,FALSE,FALSE,FALSE,FALSE,FALSE,FALSE,FALSE,FALSE,FALSE,FALSE,FALSE,FALSE,FALSE,FALSE,FALSE,FALSE,FALSE,FALSE,FALSE,FALSE,FALSE,FALSE,FALSE,FALSE,FALSE,FALSE,FALSE,FALSE,FALSE,FALSE,FALSE,FALSE,FALSE,FALSE,FALSE,FALSE,FALSE,FALSE,FALSE,FALSE,FALSE,FALSE,FALSE,FALSE,FALSE,FALSE,FALSE,FALSE,FALSE,FALSE,FALSE,FALSE,FALSE,FALSE,FALSE,FALSE,FALSE,FALSE,FALSE,FALSE,FALSE
1998,1.92,2.45,1.01,1.54,2.26,0.17,0,1.45,1.74,1.79,0.94,1.67,1.82,1.05,2.97,2.5,0.04,0.23,0.55,1.02,0.91,0.42,0.6,0.74,1.12,1.43,1.42,1.69,0.11,2.25,0.81,1.47,2.25,0.4,0.23,0.79,0.36,2.7,2.33,0.36,0.25,0,0.55,0.51,0.15,0.32,0.4,0,0,0.05,0.07,0.19,2.18,2.13,0.41,0.38,0.57,0,0.11,1.11,0.71,0.83,0,0.21,2.09,1.06,0.85,0.15,0.02,1.23,2.84,5.06,1.98,1,1.26,FALSE,FALSE,FALSE,FALSE,FALSE,FALSE,FALSE,FALSE,FALSE,FALSE,FALSE,FALSE,FALSE,FALSE,FALSE,FALSE,FALSE,FALSE,FALSE,FALSE,FALSE,FALSE,FALSE,FALSE,FALSE,FALSE,FALSE,FALSE,FALSE,FALSE,FALSE,FALSE,FALSE,FALSE,FALSE,FALSE,FALSE,FALSE,FALSE,FALSE,FALSE,FALSE,FALSE,FALSE,FALSE,FALSE,FALSE,FALSE,FALSE,FALSE,FALSE,FALSE,FALSE,FALSE,FALSE,FALSE,FALSE,FALSE,FALSE,FALSE,FALSE,FALSE,FALSE,FALSE,FALSE,FALSE,FALSE,FALSE,FALSE,FALSE,FALSE,FALSE,FALSE,FALSE,FALSE
1999,2.81,4.06,0.91,2.14,2.17,0.32,0.28,1.61,3.32,1.6,1.27,1.67,1.76,1.4,4.35,3.11,0.27,0.23,0.61,1.3,1.37,0.79,0.8,1,1.44,1.57,2.18,2.24,0.13,1.76,0.66,1.71,2.21,0.4,0.34,0.72,0.26,2.92,2.9,1.06,0.61,0.32,0.68,0.66,0.21,0.23,0.42,0.21,0.42,0.04,0.11,0.15,2.41,2.73,0.47,0.51,0.79,0.19,0.23,1.12,0.9,1.58,0.19,0.32,2.34,1.04,0.82,0.28,0.23,0.91,4.3,6.07,2.02,1.2,1.3,FALSE,FALSE,FALSE,FALSE,FALSE,FALSE,FALSE,FALSE,FALSE,FALSE,FALSE,FALSE,FALSE,FALSE,FALSE,FALSE,FALSE,FALSE,FALSE,FALSE,FALSE,FALSE,FALSE,FALSE,FALSE,FALSE,FALSE,FALSE,FALSE,FALSE,FALSE,FALSE,FALSE,FALSE,FALSE,FALSE,FALSE,FALSE,FALSE,FALSE,FALSE,FALSE,FALSE,FALSE,FALSE,FALSE,FALSE,FALSE,FALSE,FALSE,FALSE,FALSE,FALSE,FALSE,FALSE,FALSE,FALSE,FALSE,FALSE,FALSE,FALSE,FALSE,FALSE,FALSE,FALSE,FALSE,FALSE,FALSE,FALSE,FALSE,FALSE,FALSE,FALSE,FALSE,FALSE
2000,2.35,3.98,0.84,2.54,1.81,0.34,0.53,1.41,1.91,2.01,1.15,1.87,2.18,1.31,3.67,3.56,0.38,0.21,0.74,1.15,1.38,0.85,0.6,0.68,1.71,1.34,2.16,1.52,0.23,2.23,0.59,1.98,2.43,0.56,0.34,0.75,0.43,2.94,2.88,1.19,0.74,0.4,0.91,0.62,0.21,0.19,0.55,0.36,0.53,0.17,0.32,0.21,2.68,2.66,0.49,0.66,0.89,0.09,0.07,0.66,1.09,1.51,0.15,0.42,2.38,0.98,0.76,0.28,0.19,0.89,4.32,6.11,2.13,0.87,1.21,FALSE,FALSE,FALSE,FALSE,FALSE,FALSE,FALSE,FALSE,FALSE,FALSE,FALSE,FALSE,FALSE,FALSE,FALSE,FALSE,FALSE,FALSE,FALSE,FALSE,FALSE,FALSE,FALSE,FALSE,FALSE,FALSE,FALSE,FALSE,FALSE,FALSE,FALSE,FALSE,FALSE,FALSE,FALSE,FALSE,FALSE,FALSE,FALSE,FALSE,FALSE,FALSE,FALSE,FALSE,FALSE,FALSE,FALSE,FALSE,FALSE,FALSE,FALSE,FALSE,FALSE,FALSE,FALSE,FALSE,FALSE,FALSE,FALSE,FALSE,FALSE,FALSE,FALSE,FALSE,FALSE,FALSE,FALSE,FALSE,FALSE,FALSE,FALSE,FALSE,FALSE,FALSE,FALSE
2001,1.94,3.34,0.72,1.86,1.4,0.44,0.36,1.55,1.42,1.49,1.06,1.65,2.08,0.95,2.8,2.83,0.29,0.26,0.53,1.06,1,0.55,1,0.66,1.33,1.35,2.07,1.02,0.28,2.34,0.66,1.64,1.79,0.42,0.49,0.64,0.46,2.12,2.39,0.79,0.64,0.51,0.55,0.74,0.19,0.23,0.76,0.42,0.59,0.11,0.17,0.25,2.38,2.42,0.4,0.47,0.72,0.22,0.29,0.94,1.28,1.33,0.42,0.61,1.83,0.96,0.69,0.28,0.19,0.93,3.78,4.88,2.53,0.9,1,FALSE,FALSE,FALSE,FALSE,FALSE,FALSE,FALSE,FALSE,FALSE,FALSE,FALSE,FALSE,FALSE,FALSE,FALSE,FALSE,FALSE,FALSE,FALSE,FALSE,FALSE,FALSE,FALSE,FALSE,FALSE,FALSE,FALSE,FALSE,FALSE,FALSE,FALSE,FALSE,FALSE,FALSE,FALSE,FALSE,FALSE,FALSE,FALSE,FALSE,FALSE,FALSE,FALSE,FALSE,FALSE,FALSE,FALSE,FALSE,FALSE,FALSE,FALSE,FALSE,FALSE,FALSE,FALSE,FALSE,FALSE,FALSE,FALSE,FALSE,FALSE,FALSE,FALSE,FALSE,FALSE,FALSE,FALSE,FALSE,FALSE,FALSE,FALSE,FALSE,FALSE,FALSE,FALSE
2002,2.74,3.45,0.79,1.63,1.19,0.47,0.45,1.35,1.78,1.51,0.77,1.33,1.71,1.14,2.23,2.51,0.22,0.3,0.34,1.21,0.89,0.72,0.56,1.1,1.29,1.29,1.76,0.61,0.49,2.36,0.42,1.43,1.68,0.29,0.47,0.62,0.47,2,1.95,0.74,0.66,0.49,0.49,0.76,0.36,0.34,0.72,0.42,0.7,0.2,0.3,0.21,2.02,1.97,0.49,0.62,0.64,0.15,0.11,1.16,1.07,0.96,0.51,0.72,1.7,0.83,0.76,0.21,0.09,1.02,4.12,4.71,3.96,0.83,0.93,FALSE,FALSE,FALSE,FALSE,FALSE,FALSE,FALSE,FALSE,FALSE,FALSE,FALSE,FALSE,FALSE,FALSE,FALSE,FALSE,FALSE,FALSE,FALSE,FALSE,FALSE,FALSE,FALSE,FALSE,FALSE,FALSE,FALSE,FALSE,FALSE,FALSE,FALSE,FALSE,FALSE,FALSE,FALSE,FALSE,FALSE,FALSE,FALSE,FALSE,FALSE,FALSE,FALSE,FALSE,FALSE,FALSE,FALSE,FALSE,FALSE,FALSE,FALSE,FALSE,FALSE,FALSE,FALSE,FALSE,FALSE,FALSE,FALSE,FALSE,FALSE,FALSE,FALSE,FALSE,FALSE,FALSE,FALSE,FALSE,FALSE,FALSE,FALSE,FALSE,FALSE,FALSE,FALSE
2003,2.46,2.96,1.02,1.4,1.09,0.53,0.21,1.69,1.8,1.71,0.7,1.35,1.53,0.86,2.74,3.04,0.52,0.21,0.32,0.93,0.7,0.53,0.74,1.04,1.54,1.53,2.38,1.02,0.3,2.98,0.46,1.49,1.59,0.15,0.32,0.5,0.41,2.04,2.5,0.64,0.51,0.55,0.66,0.51,0.36,0.38,0.51,0.3,0.62,0.17,0.21,0.17,2.63,2.37,0.45,0.49,0.59,0.22,0.13,1.08,1.23,1.36,0.49,0.64,1.82,0.8,0.76,0.19,0.04,0.91,3.61,5.05,4.15,1.11,1.06,FALSE,FALSE,FALSE,FALSE,FALSE,FALSE,FALSE,FALSE,FALSE,FALSE,FALSE,FALSE,FALSE,FALSE,FALSE,FALSE,FALSE,FALSE,FALSE,FALSE,FALSE,FALSE,FALSE,FALSE,FALSE,FALSE,FALSE,FALSE,FALSE,FALSE,FALSE,FALSE,FALSE,FALSE,FALSE,FALSE,FALSE,FALSE,FALSE,FALSE,FALSE,FALSE,FALSE,FALSE,FALSE,FALSE,FALSE,FALSE,FALSE,FALSE,FALSE,FALSE,FALSE,FALSE,FALSE,FALSE,FALSE,FALSE,FALSE,FALSE,FALSE,FALSE,FALSE,FALSE,FALSE,FALSE,FALSE,FALSE,FALSE,FALSE,FALSE,FALSE,FALSE,FALSE,FALSE
2004,2.82,4.48,0.98,1.25,0.68,0.57,0.15,1.47,1.48,1.43,0.63,1.31,1.46,1.03,3.26,3.31,1.18,0.13,0.32,0.69,0.8,0.47,0.58,0.64,1.14,1.44,2.04,1.1,0.32,2.17,0.36,1.34,1.31,0.07,0.13,0.36,0.37,1.43,1.8,0.6,0.36,0.32,0.49,0.49,0.32,0.42,0.46,0.25,0.57,0.17,0.3,0.13,2.38,1.72,0.34,0.51,0.59,0.11,0,0.86,0.97,1.4,0.42,0.49,1.35,0.54,0.48,0.15,0.04,0.51,3.41,4.02,0,1.13,0.7,FALSE,FALSE,FALSE,FALSE,FALSE,FALSE,FALSE,FALSE,FALSE,FALSE,FALSE,FALSE,FALSE,FALSE,FALSE,FALSE,FALSE,FALSE,FALSE,FALSE,FALSE,FALSE,FALSE,FALSE,FALSE,FALSE,FALSE,FALSE,FALSE,FALSE,FALSE,FALSE,FALSE,FALSE,FALSE,FALSE,FALSE,FALSE,FALSE,FALSE,FALSE,FALSE,FALSE,FALSE,FALSE,FALSE,FALSE,FALSE,FALSE,FALSE,FALSE,FALSE,FALSE,FALSE,FALSE,FALSE,FALSE,FALSE,FALSE,FALSE,FALSE,FALSE,FALSE,FALSE,FALSE,FALSE,FALSE,FALSE,FALSE,FALSE,FALSE,FALSE,FALSE,FALSE,FALSE
2005,2.4,4.05,1.3,1.27,1.24,0.76,0.17,1.65,2.18,1.33,0.51,2.1,2.27,1.31,3.29,3.63,1.48,0.38,0.51,0.97,1.36,0.87,0.58,0.76,1.44,1.44,2.27,1.51,0.57,3.51,0.36,1.74,1.85,0.45,0.13,0.52,0.41,2.42,2.75,0.59,0.59,0.44,0.66,0.92,0.53,0.3,0.61,0.28,0.87,0.28,0.39,0.11,3.22,2.38,0.54,0.75,0.62,0.11,0.23,1.05,0.96,1.49,0.51,0.49,1.91,0.89,0.77,0.26,0.13,1.23,4.15,5.98,3.47,1.11,1.52,FALSE,FALSE,FALSE,FALSE,FALSE,FALSE,FALSE,FALSE,FALSE,FALSE,FALSE,FALSE,FALSE,FALSE,FALSE,FALSE,FALSE,FALSE,FALSE,FALSE,FALSE,FALSE,FALSE,FALSE,FALSE,FALSE,FALSE,FALSE,FALSE,FALSE,FALSE,FALSE,FALSE,FALSE,FALSE,FALSE,FALSE,FALSE,FALSE,FALSE,FALSE,FALSE,FALSE,FALSE,FALSE,FALSE,FALSE,FALSE,FALSE,FALSE,FALSE,FALSE,FALSE,FALSE,FALSE,FALSE,FALSE,FALSE,FALSE,FALSE,FALSE,FALSE,FALSE,FALSE,FALSE,FALSE,FALSE,FALSE,FALSE,FALSE,FALSE,FALSE,FALSE,FALSE,FALSE
2006,2.72,3.35,1.1,0.93,1.71,0.93,0.15,1.51,1.42,0.82,0.57,1.25,1.97,1.49,2.84,3.85,1.17,0.3,0.44,0.6,0.89,0.59,0.46,0.59,1.42,1.44,2.37,1.83,0.4,3.09,0.19,1.53,1.59,0.3,0.47,0.52,0.36,2.67,2.97,0.55,0.49,0.74,0.83,0.89,0.32,0.19,0.57,0.3,0.85,0.24,0.39,0.13,3.13,2.29,0.47,0.6,0.55,NA,0.11,0.94,1.05,1.5,0.49,0.51,1.97,0.86,0.56,0.41,0.13,1.12,4.17,6.06,3.41,1.62,1.29,FALSE,FALSE,FALSE,FALSE,FALSE,FALSE,FALSE,FALSE,FALSE,FALSE,FALSE,FALSE,FALSE,FALSE,FALSE,FALSE,FALSE,FALSE,FALSE,FALSE,FALSE,FALSE,FALSE,FALSE,FALSE,FALSE,FALSE,FALSE,FALSE,FALSE,FALSE,FALSE,FALSE,FALSE,FALSE,FALSE,FALSE,FALSE,FALSE,FALSE,FALSE,FALSE,FALSE,FALSE,FALSE,FALSE,FALSE,FALSE,FALSE,FALSE,FALSE,FALSE,FALSE,FALSE,FALSE,FALSE,FALSE,NA,FALSE,FALSE,FALSE,FALSE,FALSE,FALSE,FALSE,FALSE,FALSE,FALSE,FALSE,FALSE,FALSE,FALSE,FALSE,FALSE,FALSE
2007,2.24,3.79,0.95,0.91,1.43,0.76,0.21,1.16,2.9,0.93,0.52,1.19,1.93,1.19,2.81,3.53,1.38,0.06,0.28,0.67,1,0.66,0.24,0.44,1.31,1.29,1.59,1.3,0.49,2.58,0.38,1.72,1.79,NA,0.3,0.31,0.32,1.76,1.8,0.74,0.47,0.74,0.7,NA,0.34,0.21,0.38,0.38,0.85,0.2,0.28,0.04,1.97,1.4,0.37,0.62,0.47,NA,0.16,1.04,0.93,1.63,0.57,0.55,1.75,0.48,0.32,0.28,0.04,0.93,4.01,5.39,2.4,1.62,0.81,FALSE,FALSE,FALSE,FALSE,FALSE,FALSE,FALSE,FALSE,FALSE,FALSE,FALSE,FALSE,FALSE,FALSE,FALSE,FALSE,FALSE,FALSE,FALSE,FALSE,FALSE,FALSE,FALSE,FALSE,FALSE,FALSE,FALSE,FALSE,FALSE,FALSE,FALSE,FALSE,FALSE,NA,FALSE,FALSE,FALSE,FALSE,FALSE,FALSE,FALSE,FALSE,FALSE,NA,FALSE,FALSE,FALSE,FALSE,FALSE,FALSE,FALSE,FALSE,FALSE,FALSE,FALSE,FALSE,FALSE,NA,FALSE,FALSE,FALSE,FALSE,FALSE,FALSE,FALSE,FALSE,FALSE,FALSE,FALSE,FALSE,FALSE,FALSE,FALSE,FALSE,FALSE
2008,2.64,4.2,1.21,1.06,0.98,0.74,0.11,1.2,2.02,0.79,0.42,1.07,NA,1.13,2.87,3.04,1,0.08,0.38,0.88,0.99,0.87,0.16,0.38,0.85,1.14,0.8,1.04,0.62,1.9,0.42,1.7,1.91,NA,0.04,0.2,0.2,1.82,1.95,0.74,0.57,0.85,0.66,NA,0.4,0.17,0.44,0.43,0.59,0.13,0.22,0.04,2.39,1.57,0.32,0.49,0.55,NA,NA,0.71,0.7,1.42,0.45,0.32,1.41,0.47,0.3,0.21,0.11,0.74,3.52,5.24,2.4,1.6,0.87,FALSE,FALSE,FALSE,FALSE,FALSE,FALSE,FALSE,FALSE,FALSE,FALSE,FALSE,FALSE,NA,FALSE,FALSE,FALSE,FALSE,FALSE,FALSE,FALSE,FALSE,FALSE,FALSE,FALSE,FALSE,FALSE,FALSE,FALSE,FALSE,FALSE,FALSE,FALSE,FALSE,NA,FALSE,FALSE,FALSE,FALSE,FALSE,FALSE,FALSE,FALSE,FALSE,NA,FALSE,FALSE,FALSE,FALSE,FALSE,FALSE,FALSE,FALSE,FALSE,FALSE,FALSE,FALSE,FALSE,NA,NA,FALSE,FALSE,FALSE,FALSE,FALSE,FALSE,FALSE,FALSE,FALSE,FALSE,FALSE,FALSE,FALSE,FALSE,FALSE,FALSE
2009,2.45,3.79,0.99,1.04,0.87,0.49,0.04,0.8,1.57,0.68,0.43,0.77,NA,0.91,2.46,2.19,0.68,0.08,0.32,0.67,0.64,0.78,0.09,0.23,0.46,0.66,0.68,0.55,0.7,1.56,0.15,1.7,1.61,NA,0.04,0.09,0.18,1.53,1.57,1.55,0.25,0.81,0.53,NA,0.25,0.06,0.36,0.34,0.49,0.09,0.32,0.04,1.88,1.74,0.32,0.41,0.28,NA,NA,0.6,0.46,1.23,0,0,1.41,0.25,0.2,0.15,0.04,0.61,3.45,5.11,2,1.34,1.02,FALSE,FALSE,FALSE,FALSE,FALSE,FALSE,FALSE,FALSE,FALSE,FALSE,FALSE,FALSE,NA,FALSE,FALSE,FALSE,FALSE,FALSE,FALSE,FALSE,FALSE,FALSE,FALSE,FALSE,FALSE,FALSE,FALSE,FALSE,FALSE,FALSE,FALSE,FALSE,FALSE,NA,FALSE,FALSE,FALSE,FALSE,FALSE,TRUE,FALSE,FALSE,FALSE,NA,FALSE,FALSE,FALSE,FALSE,FALSE,FALSE,FALSE,FALSE,FALSE,FALSE,FALSE,FALSE,FALSE,NA,NA,FALSE,FALSE,FALSE,FALSE,FALSE,FALSE,FALSE,FALSE,FALSE,FALSE,FALSE,FALSE,FALSE,FALSE,FALSE,FALSE
2010,1.99,3.25,0.72,1.36,1.21,0.64,0.06,0.84,1.32,0.94,0.54,1.1,NA,0.93,2.72,2.68,0.44,0.11,0.45,0.46,0.53,1.08,0.36,0.42,NA,NA,1.25,1.04,0.76,1.88,0.32,1.79,1.82,NA,0.17,0.15,0.25,2.21,2.57,1.04,0.3,0.95,0.6,NA,0.32,0.11,0.34,0.27,0.49,0.28,0.37,0.08,2.39,1.93,0.41,0.52,0.34,NA,NA,0.65,0.57,1.56,0.55,0.4,1.55,0.33,0.34,0.19,0.13,0.38,3.17,5.1,1.78,3.83,1.38,FALSE,FALSE,FALSE,FALSE,FALSE,FALSE,FALSE,FALSE,FALSE,FALSE,FALSE,FALSE,NA,FALSE,FALSE,FALSE,FALSE,FALSE,FALSE,FALSE,FALSE,FALSE,FALSE,FALSE,NA,NA,FALSE,FALSE,FALSE,FALSE,FALSE,FALSE,FALSE,NA,FALSE,FALSE,FALSE,FALSE,FALSE,FALSE,FALSE,FALSE,FALSE,NA,FALSE,FALSE,FALSE,FALSE,FALSE,FALSE,FALSE,FALSE,FALSE,FALSE,FALSE,FALSE,FALSE,NA,NA,FALSE,FALSE,FALSE,FALSE,FALSE,FALSE,FALSE,FALSE,FALSE,FALSE,FALSE,FALSE,FALSE,FALSE,TRUE,FALSE
2011,3.31,5.07,0.75,1.5,1.55,0.89,NA,0.74,0.93,0.74,0.8,1.74,NA,1.38,4.12,2.9,0.25,0.11,0.74,0.61,0.7,0.87,0.52,0.51,NA,NA,1.51,1.64,0.87,2.05,0.11,2.25,2.04,NA,NA,0.26,0.23,2.51,3.83,0.8,0.49,0.74,0.64,NA,0.4,0.08,NA,NA,NA,0.43,0.58,0.17,3.11,2.39,0.58,0.49,0.49,NA,NA,1.08,0.57,2.11,0.49,0.49,1.8,0.66,0.65,0.32,0.08,0.55,3.8,6.3,1.99,2.79,1.7,FALSE,FALSE,FALSE,FALSE,FALSE,FALSE,NA,FALSE,FALSE,FALSE,FALSE,FALSE,NA,FALSE,FALSE,FALSE,FALSE,FALSE,FALSE,FALSE,FALSE,FALSE,FALSE,FALSE,NA,NA,FALSE,FALSE,FALSE,FALSE,FALSE,FALSE,FALSE,NA,NA,FALSE,FALSE,FALSE,FALSE,FALSE,FALSE,FALSE,FALSE,NA,FALSE,FALSE,NA,NA,NA,FALSE,FALSE,FALSE,FALSE,FALSE,FALSE,FALSE,FALSE,NA,NA,FALSE,FALSE,FALSE,FALSE,FALSE,FALSE,FALSE,FALSE,FALSE,FALSE,FALSE,FALSE,FALSE,FALSE,FALSE,FALSE
2012,2.37,4.4,0.37,1.1,1.5,0.61,NA,0.88,1.38,0.62,0.87,1.93,NA,1.27,3.72,2.33,0.13,NA,0.98,0.65,0.8,0.59,0.83,0.64,NA,NA,1.8,1.55,0.5,2.52,0.19,2.03,2.08,NA,NA,0.2,0.17,2.51,2.92,0.55,0.49,0.64,0.64,NA,0.32,0.04,NA,NA,NA,0.47,0.44,0.19,2.8,2.58,0.52,0.47,0.34,NA,NA,1.11,0.65,1.72,0.7,0.32,2.39,0.62,0.48,0.24,NA,0.85,3.75,5.15,1.73,2.18,1.14,FALSE,FALSE,FALSE,FALSE,FALSE,FALSE,NA,FALSE,FALSE,FALSE,FALSE,FALSE,NA,FALSE,FALSE,FALSE,FALSE,NA,FALSE,FALSE,FALSE,FALSE,FALSE,FALSE,NA,NA,FALSE,FALSE,FALSE,FALSE,FALSE,FALSE,FALSE,NA,NA,FALSE,FALSE,FALSE,FALSE,FALSE,FALSE,FALSE,FALSE,NA,FALSE,FALSE,NA,NA,NA,FALSE,FALSE,FALSE,FALSE,FALSE,FALSE,FALSE,FALSE,NA,NA,FALSE,FALSE,FALSE,FALSE,FALSE,FALSE,FALSE,FALSE,FALSE,NA,FALSE,FALSE,FALSE,FALSE,FALSE,FALSE
2013,1.63,2.7,0.17,0.68,0.59,0.4,NA,0.64,1.7,0.49,0.27,0.81,NA,0.67,2.11,1.81,0.06,NA,0.53,0.41,0.47,0.28,0.58,0.46,NA,NA,0.42,0.4,NA,1.28,0.36,1.38,1.34,NA,NA,NA,0.05,1.19,1.29,0.23,0.32,0.49,0.4,NA,0.32,NA,NA,NA,NA,0.28,0.17,0.32,1.67,1.44,0.45,0.39,0.17,NA,NA,0.63,0.48,0.99,0.44,0.06,0.93,0.2,0.13,0.04,NA,0.78,2.49,3.63,1.04,1.44,0.3,FALSE,FALSE,FALSE,FALSE,FALSE,FALSE,NA,FALSE,FALSE,FALSE,FALSE,FALSE,NA,FALSE,FALSE,FALSE,FALSE,NA,FALSE,FALSE,FALSE,FALSE,FALSE,FALSE,NA,NA,FALSE,FALSE,NA,FALSE,FALSE,FALSE,FALSE,NA,NA,NA,FALSE,FALSE,FALSE,FALSE,FALSE,FALSE,FALSE,NA,FALSE,NA,NA,NA,NA,FALSE,FALSE,FALSE,FALSE,FALSE,FALSE,FALSE,FALSE,NA,NA,FALSE,FALSE,FALSE,FALSE,FALSE,FALSE,FALSE,FALSE,FALSE,NA,FALSE,FALSE,FALSE,FALSE,FALSE,FALSE
2014,1.09,2.07,0.22,0.61,0.38,0.25,NA,0.27,2.34,0.59,0.15,0.47,NA,1.15,1.75,1.7,0.25,NA,0.74,0.24,0.4,0.23,0.37,0.36,NA,NA,0.3,0.43,NA,0.71,0.3,0.79,1.03,NA,NA,NA,0.13,0.8,0.74,0.32,0.32,0.51,0.4,NA,0.3,NA,NA,NA,NA,NA,0.07,0.25,1.44,1.06,0.32,0.32,0.11,NA,NA,0.18,NA,0.23,0,0.08,0.42,0.11,NA,NA,NA,0.11,2.73,3.83,0.3,0.42,NA,FALSE,FALSE,FALSE,FALSE,FALSE,FALSE,NA,FALSE,FALSE,FALSE,FALSE,FALSE,NA,FALSE,FALSE,FALSE,FALSE,NA,FALSE,FALSE,FALSE,FALSE,FALSE,FALSE,NA,NA,FALSE,FALSE,NA,FALSE,FALSE,FALSE,FALSE,NA,NA,NA,FALSE,FALSE,FALSE,FALSE,FALSE,FALSE,FALSE,NA,FALSE,NA,NA,NA,NA,NA,FALSE,FALSE,FALSE,FALSE,FALSE,FALSE,FALSE,NA,NA,FALSE,NA,FALSE,FALSE,FALSE,FALSE,FALSE,NA,NA,NA,FALSE,FALSE,FALSE,FALSE,FALSE,NA
2015,0.44,1.02,0,0.19,0.42,0.06,NA,NA,1.2,0.88,NA,NA,NA,0.13,0.51,0.38,0.21,NA,0.53,0.06,0.15,0,0.07,0.13,NA,NA,0.17,0.36,NA,0.24,0.06,0.36,0.69,NA,NA,NA,0.07,0.11,0.06,0.4,0.17,0.3,NA,NA,0.19,NA,NA,NA,NA,NA,NA,NA,0.83,0.55,0.32,0.3,0.09,NA,NA,0,NA,NA,0,0,NA,NA,NA,NA,NA,NA,2.5,3.18,0,0.34,NA,FALSE,FALSE,FALSE,FALSE,FALSE,FALSE,NA,NA,FALSE,FALSE,NA,NA,NA,FALSE,FALSE,FALSE,FALSE,NA,FALSE,FALSE,FALSE,FALSE,FALSE,FALSE,NA,NA,FALSE,FALSE,NA,FALSE,FALSE,FALSE,FALSE,NA,NA,NA,FALSE,FALSE,FALSE,FALSE,FALSE,FALSE,NA,NA,FALSE,NA,NA,NA,NA,NA,NA,NA,FALSE,FALSE,FALSE,FALSE,FALSE,NA,NA,FALSE,NA,NA,FALSE,FALSE,NA,NA,NA,NA,NA,NA,FALSE,FALSE,FALSE,FALSE,NA
2016,0.57,1.23,0.26,0.27,1.19,0.23,NA,NA,0.53,0.9,NA,NA,NA,0.62,0.28,0.31,NA,NA,1.13,0.2,0.47,0.15,0.23,0.21,NA,NA,0.34,0.53,NA,0,0.04,0.19,0.2,NA,NA,NA,NA,0.09,0.21,0.55,0.17,0.66,NA,NA,0.15,NA,NA,NA,NA,NA,NA,NA,2.29,1.61,0.34,0.15,0.19,NA,NA,0,NA,NA,0.08,0.15,NA,NA,NA,NA,NA,NA,1.68,3.18,1.53,0.25,NA,FALSE,FALSE,FALSE,FALSE,FALSE,FALSE,NA,NA,FALSE,FALSE,NA,NA,NA,FALSE,FALSE,FALSE,NA,NA,FALSE,FALSE,FALSE,FALSE,FALSE,FALSE,NA,NA,FALSE,FALSE,NA,FALSE,FALSE,FALSE,FALSE,NA,NA,NA,NA,FALSE,FALSE,FALSE,FALSE,FALSE,NA,NA,FALSE,NA,NA,NA,NA,NA,NA,NA,FALSE,FALSE,FALSE,FALSE,FALSE,NA,NA,FALSE,NA,NA,FALSE,FALSE,NA,NA,NA,NA,NA,NA,FALSE,FALSE,FALSE,FALSE,NA
2017,NA,NA,NA,NA,NA,NA,NA,NA,NA,0.24,NA,NA,NA,NA,0.75,0.72,NA,NA,1.91,0.15,0.49,NA,0.44,0.47,NA,NA,NA,NA,NA,0.28,0.11,0.62,0.89,NA,NA,NA,NA,0.45,1.1,0.66,0.36,1.52,NA,NA,0.23,NA,NA,NA,NA,NA,NA,NA,2.98,1.78,0.3,0.15,NA,NA,NA,0.24,NA,NA,0.23,0.13,NA,NA,NA,NA,NA,NA,2.74,5.38,1.49,NA,NA,NA,NA,NA,NA,NA,NA,NA,NA,NA,FALSE,NA,NA,NA,NA,FALSE,FALSE,NA,NA,TRUE,FALSE,FALSE,NA,FALSE,FALSE,NA,NA,NA,NA,NA,FALSE,FALSE,FALSE,FALSE,NA,NA,NA,NA,FALSE,FALSE,FALSE,FALSE,FALSE,NA,NA,FALSE,NA,NA,NA,NA,NA,NA,NA,FALSE,FALSE,FALSE,FALSE,NA,NA,NA,FALSE,NA,NA,FALSE,FALSE,NA,NA,NA,NA,NA,NA,FALSE,FALSE,FALSE,NA,NA
2018,NA,NA,NA,NA,NA,NA,NA,NA,NA,0.18,NA,NA,NA,NA,NA,NA,NA,NA,NA,NA,NA,NA,NA,NA,NA,NA,NA,NA,NA,NA,NA,NA,NA,NA,NA,NA,NA,NA,NA,NA,NA,NA,NA,NA,NA,NA,NA,NA,NA,NA,NA,NA,NA,NA,NA,NA,NA,NA,NA,NA,NA,NA,0.3,0.17,NA,NA,NA,NA,NA,NA,1.28,3.37,NA,NA,NA,NA,NA,NA,NA,NA,NA,NA,NA,NA,FALSE,NA,NA,NA,NA,NA,NA,NA,NA,NA,NA,NA,NA,NA,NA,NA,NA,NA,NA,NA,NA,NA,NA,NA,NA,NA,NA,NA,NA,NA,NA,NA,NA,NA,NA,NA,NA,NA,NA,NA,NA,NA,NA,NA,NA,NA,NA,NA,NA,NA,NA,NA,NA,FALSE,FALSE,NA,NA,NA,NA,NA,NA,FALSE,FALSE,NA,NA,NA
