Year,HSUs,HSUr,HSUsamp,LCUs,LCUr,LCUsamp,MLUs,MLUr,MLUsamp,VMUs,VMUr,VMUsamp,CO635s,CO635r,CO634s,CO634r,CO633s,CO633r,CO622s,CO622r,CO586s,CO586r,CO581s,CO581r,CO613s,CO613r,CO598s,CO598r,CO563s,CO563r,CO549s,CO549r,CO547s,CO547r,CO546s,CO546r
1070,NA,NA,NA,NA,NA,NA,NA,NA,NA,NA,NA,NA,NA,NA,NA,NA,NA,NA,NA,NA,NA,NA,NA,NA,NA,NA,NA,NA,NA,NA,NA,NA,1241,1.102904272,NA,NA
1071,NA,NA,NA,NA,NA,NA,NA,NA,NA,NA,NA,NA,NA,NA,NA,NA,NA,NA,NA,NA,NA,NA,NA,NA,NA,NA,NA,NA,NA,NA,NA,NA,1006,0.756307135,NA,NA
1072,NA,NA,NA,NA,NA,NA,NA,NA,NA,NA,NA,NA,NA,NA,NA,NA,NA,NA,NA,NA,NA,NA,NA,NA,NA,NA,NA,NA,NA,NA,NA,NA,1327,1.385671425,NA,NA
1073,NA,NA,NA,NA,NA,NA,NA,NA,NA,NA,NA,NA,NA,NA,NA,NA,NA,NA,NA,NA,NA,NA,NA,NA,NA,NA,NA,NA,NA,NA,NA,NA,891,0.589225588,NA,NA
1074,NA,NA,NA,NA,NA,NA,NA,NA,NA,NA,NA,NA,NA,NA,NA,NA,NA,NA,NA,NA,NA,NA,NA,NA,NA,NA,NA,NA,NA,NA,NA,NA,862,0.953215688,NA,NA
1075,NA,NA,NA,NA,NA,NA,NA,NA,NA,NA,NA,NA,NA,NA,NA,NA,NA,NA,NA,NA,NA,NA,NA,NA,NA,NA,NA,NA,NA,NA,NA,NA,868,0.949874361,NA,NA
1076,NA,NA,NA,NA,NA,NA,NA,NA,NA,NA,NA,NA,NA,NA,NA,NA,NA,NA,NA,NA,NA,NA,NA,NA,NA,NA,NA,NA,NA,NA,NA,NA,946,1.11721739,NA,NA
1077,NA,NA,NA,NA,NA,NA,NA,NA,NA,NA,NA,NA,NA,NA,NA,NA,NA,NA,NA,NA,NA,NA,NA,NA,NA,NA,NA,NA,NA,NA,NA,NA,892,0.930186408,NA,NA
1078,NA,NA,NA,NA,NA,NA,NA,NA,NA,NA,NA,NA,NA,NA,NA,NA,NA,NA,NA,NA,NA,NA,NA,NA,NA,NA,NA,NA,NA,NA,NA,NA,765,0.841329315,NA,NA
1079,NA,NA,NA,NA,NA,NA,NA,NA,NA,NA,NA,NA,NA,NA,NA,NA,NA,NA,NA,NA,NA,NA,NA,NA,NA,NA,NA,NA,NA,NA,NA,NA,844,1.121957313,NA,NA
1080,NA,NA,NA,NA,NA,NA,NA,NA,NA,NA,NA,NA,NA,NA,NA,NA,NA,NA,NA,NA,NA,NA,NA,NA,NA,NA,NA,NA,NA,NA,NA,NA,715,0.872890812,NA,NA
1081,NA,NA,NA,NA,NA,NA,NA,NA,NA,NA,NA,NA,NA,NA,NA,NA,NA,NA,NA,NA,NA,NA,NA,NA,NA,NA,NA,NA,NA,NA,NA,NA,1266,1.558175458,NA,NA
1082,NA,NA,NA,NA,NA,NA,NA,NA,NA,NA,NA,NA,NA,NA,NA,NA,NA,NA,NA,NA,NA,NA,NA,NA,NA,NA,NA,NA,NA,NA,NA,NA,1426,1.167389189,NA,NA
1083,NA,NA,NA,NA,NA,NA,NA,NA,NA,NA,NA,NA,NA,NA,NA,NA,NA,NA,NA,NA,NA,NA,NA,NA,NA,NA,NA,NA,NA,NA,NA,NA,1121,0.766526788,NA,NA
1084,NA,NA,NA,NA,NA,NA,NA,NA,NA,NA,NA,NA,NA,NA,NA,NA,NA,NA,NA,NA,NA,NA,NA,NA,NA,NA,NA,NA,NA,NA,NA,NA,940,0.796045815,NA,NA
1085,NA,NA,NA,NA,NA,NA,NA,NA,NA,NA,NA,NA,NA,NA,NA,NA,NA,NA,NA,NA,NA,NA,NA,NA,NA,NA,NA,NA,NA,NA,NA,NA,1407,1.528157159,NA,NA
1086,NA,NA,NA,NA,NA,NA,NA,NA,NA,NA,NA,NA,NA,NA,NA,NA,NA,NA,NA,NA,NA,NA,NA,NA,NA,NA,NA,NA,NA,NA,NA,NA,1199,0.84745158,NA,NA
1087,NA,NA,NA,NA,NA,NA,NA,NA,NA,NA,NA,NA,NA,NA,NA,NA,NA,NA,NA,NA,NA,NA,NA,NA,NA,NA,NA,NA,NA,NA,NA,NA,1313,1.058440585,NA,NA
1088,NA,NA,NA,NA,NA,NA,NA,NA,NA,NA,NA,NA,NA,NA,NA,NA,NA,NA,NA,NA,NA,NA,NA,NA,NA,NA,NA,NA,NA,NA,NA,NA,1703,1.38958913,NA,NA
1089,NA,NA,NA,NA,NA,NA,NA,NA,NA,NA,NA,NA,NA,NA,NA,NA,NA,NA,NA,NA,NA,NA,NA,NA,NA,NA,NA,NA,NA,NA,NA,NA,1518,0.980468605,NA,NA
1090,NA,NA,NA,NA,NA,NA,NA,NA,NA,NA,NA,NA,NA,NA,NA,NA,NA,NA,NA,NA,NA,NA,NA,NA,NA,NA,NA,NA,NA,NA,NA,NA,759,0.213251695,NA,NA
1091,NA,NA,NA,NA,NA,NA,NA,NA,NA,NA,NA,NA,NA,NA,NA,NA,NA,NA,NA,NA,NA,NA,NA,NA,NA,NA,NA,NA,NA,NA,NA,NA,926,1.090514775,NA,NA
1092,NA,NA,NA,NA,NA,NA,NA,NA,NA,NA,NA,NA,NA,NA,NA,NA,NA,NA,NA,NA,NA,NA,NA,NA,NA,NA,NA,NA,NA,NA,NA,NA,988,1.126536523,NA,NA
1093,NA,NA,NA,NA,NA,NA,NA,NA,NA,NA,NA,NA,NA,NA,NA,NA,NA,NA,NA,NA,NA,NA,NA,NA,NA,NA,NA,NA,NA,NA,NA,NA,1078,1.114938682,NA,NA
1094,NA,NA,NA,NA,NA,NA,NA,NA,NA,NA,NA,NA,NA,NA,NA,NA,NA,NA,NA,NA,NA,NA,NA,NA,NA,NA,NA,NA,NA,NA,NA,NA,1225,1.041761165,NA,NA
1095,NA,NA,NA,NA,NA,NA,NA,NA,NA,NA,NA,NA,NA,NA,NA,NA,NA,NA,NA,NA,NA,NA,NA,NA,NA,NA,NA,NA,NA,NA,NA,NA,944,0.788895523,NA,NA
1096,NA,NA,NA,NA,NA,NA,NA,NA,NA,NA,NA,NA,NA,NA,NA,NA,NA,NA,NA,NA,NA,NA,NA,NA,NA,NA,NA,NA,NA,NA,NA,NA,882,1.046594668,NA,NA
1097,NA,NA,NA,NA,NA,NA,NA,NA,NA,NA,NA,NA,NA,NA,NA,NA,NA,NA,NA,NA,NA,NA,NA,NA,NA,NA,NA,NA,NA,NA,NA,NA,776,0.845031238,NA,NA
1098,NA,NA,NA,NA,NA,NA,NA,NA,NA,NA,NA,NA,NA,NA,NA,NA,NA,NA,NA,NA,NA,NA,NA,NA,NA,NA,NA,NA,NA,NA,NA,NA,555,0.763612392,NA,NA
1099,NA,NA,NA,NA,NA,NA,NA,NA,NA,NA,NA,NA,NA,NA,NA,NA,NA,NA,NA,NA,NA,NA,NA,NA,NA,NA,NA,NA,NA,NA,NA,NA,761,1.157261939,NA,NA
1100,NA,NA,NA,NA,NA,NA,NA,NA,NA,NA,NA,NA,NA,NA,NA,NA,NA,NA,NA,NA,NA,NA,NA,NA,NA,NA,NA,NA,NA,NA,NA,NA,797,1.014579691,NA,NA
1101,NA,NA,NA,NA,NA,NA,NA,NA,NA,NA,NA,NA,NA,NA,NA,NA,NA,NA,NA,NA,NA,NA,NA,NA,NA,NA,NA,NA,NA,NA,NA,NA,936,1.206157075,NA,NA
1102,NA,NA,NA,NA,NA,NA,NA,NA,NA,NA,NA,NA,NA,NA,NA,NA,NA,NA,NA,NA,NA,NA,NA,NA,NA,NA,NA,NA,NA,NA,NA,NA,944,0.991414051,NA,NA
1103,NA,NA,NA,NA,NA,NA,NA,NA,NA,NA,NA,NA,NA,NA,NA,NA,NA,NA,NA,NA,NA,NA,NA,NA,NA,NA,NA,NA,NA,NA,NA,NA,938,1.046119535,NA,NA
1104,NA,NA,NA,NA,NA,NA,NA,NA,NA,NA,NA,NA,NA,NA,NA,NA,NA,NA,NA,NA,NA,NA,NA,NA,NA,NA,NA,NA,NA,NA,NA,NA,1036,1.13525075,NA,NA
1105,NA,NA,NA,NA,NA,NA,NA,NA,NA,NA,NA,NA,NA,NA,NA,NA,NA,NA,NA,NA,NA,NA,NA,NA,NA,NA,NA,NA,NA,NA,NA,NA,1015,0.968979536,NA,NA
1106,NA,NA,NA,NA,NA,NA,NA,NA,NA,NA,NA,NA,NA,NA,NA,NA,NA,NA,NA,NA,NA,NA,NA,NA,NA,NA,NA,NA,NA,NA,NA,NA,1147,1.152276343,NA,NA
1107,NA,NA,NA,NA,NA,NA,NA,NA,NA,NA,NA,NA,NA,NA,NA,NA,NA,NA,NA,NA,NA,NA,NA,NA,NA,NA,NA,NA,NA,NA,NA,NA,988,0.809947736,NA,NA
1108,NA,NA,NA,NA,NA,NA,NA,NA,NA,NA,NA,NA,NA,NA,NA,NA,NA,NA,NA,NA,NA,NA,NA,NA,NA,NA,NA,NA,NA,NA,NA,NA,857,0.873418197,NA,NA
1109,NA,NA,NA,NA,NA,NA,NA,NA,NA,NA,NA,NA,NA,NA,NA,NA,NA,NA,NA,NA,NA,NA,NA,NA,NA,NA,NA,NA,NA,NA,NA,NA,739,0.843315408,NA,NA
1110,NA,NA,NA,NA,NA,NA,NA,NA,NA,NA,NA,NA,NA,NA,NA,NA,NA,NA,NA,NA,NA,NA,NA,NA,NA,NA,NA,NA,NA,NA,NA,NA,825,1.091691017,NA,NA
1111,NA,NA,NA,NA,NA,NA,NA,NA,NA,NA,NA,NA,NA,NA,NA,NA,NA,NA,NA,NA,NA,NA,NA,NA,NA,NA,NA,NA,NA,NA,NA,NA,865,1.026129564,NA,NA
1112,NA,NA,NA,NA,NA,NA,NA,NA,NA,NA,NA,NA,NA,NA,NA,NA,NA,NA,NA,NA,NA,NA,NA,NA,NA,NA,NA,NA,NA,NA,NA,NA,1100,1.246165445,NA,NA
1113,NA,NA,NA,NA,NA,NA,NA,NA,NA,NA,NA,NA,NA,NA,NA,NA,NA,NA,NA,NA,NA,NA,NA,NA,NA,NA,NA,NA,NA,NA,NA,NA,1061,0.984969971,NA,NA
1114,NA,NA,NA,NA,NA,NA,NA,NA,NA,NA,NA,NA,NA,NA,NA,NA,NA,NA,NA,NA,NA,NA,NA,NA,NA,NA,NA,NA,NA,NA,NA,NA,1038,1.024643491,NA,NA
1115,NA,NA,NA,NA,NA,NA,NA,NA,NA,NA,NA,NA,NA,NA,NA,NA,NA,NA,NA,NA,NA,NA,NA,NA,NA,NA,NA,NA,NA,NA,NA,NA,666,0.590077565,NA,NA
1116,NA,NA,NA,NA,NA,NA,NA,NA,NA,NA,NA,NA,NA,NA,NA,NA,NA,NA,NA,NA,NA,NA,NA,NA,NA,NA,NA,NA,NA,NA,NA,NA,918,1.263242676,NA,NA
1117,NA,NA,NA,NA,NA,NA,NA,NA,NA,NA,NA,NA,NA,NA,NA,NA,NA,NA,NA,NA,NA,NA,NA,NA,NA,NA,NA,NA,NA,NA,NA,NA,954,0.979317081,NA,NA
1118,NA,NA,NA,NA,NA,NA,NA,NA,NA,NA,NA,NA,NA,NA,NA,NA,NA,NA,NA,NA,NA,NA,NA,NA,NA,NA,NA,NA,NA,NA,NA,NA,926,0.910237351,NA,NA
1119,NA,NA,NA,NA,NA,NA,NA,NA,NA,NA,NA,NA,NA,NA,NA,NA,NA,NA,NA,NA,NA,NA,NA,NA,NA,NA,NA,NA,NA,NA,NA,NA,866,0.953228381,NA,NA
1120,NA,NA,NA,NA,NA,NA,NA,NA,NA,NA,NA,NA,NA,NA,NA,NA,NA,NA,NA,NA,NA,NA,NA,NA,NA,NA,NA,NA,NA,NA,NA,NA,808,0.943793214,NA,NA
1121,NA,NA,NA,NA,NA,NA,NA,NA,NA,NA,NA,NA,NA,NA,NA,NA,NA,NA,NA,NA,NA,NA,NA,NA,NA,NA,NA,NA,NA,NA,NA,NA,586,0.728550542,NA,NA
1122,NA,NA,NA,NA,NA,NA,NA,NA,NA,NA,NA,NA,NA,NA,NA,NA,NA,NA,NA,NA,NA,NA,NA,NA,NA,NA,NA,NA,NA,NA,NA,NA,1097,1.427648095,NA,NA
1123,NA,NA,NA,NA,NA,NA,NA,NA,NA,NA,NA,NA,NA,NA,NA,NA,NA,NA,NA,NA,NA,NA,NA,NA,NA,NA,NA,NA,NA,NA,NA,NA,1142,1.097306314,NA,NA
1124,NA,NA,NA,NA,NA,NA,NA,NA,NA,NA,NA,NA,NA,NA,NA,NA,NA,NA,NA,NA,NA,NA,NA,NA,NA,NA,NA,NA,NA,NA,NA,NA,922,0.903594835,NA,NA
1125,NA,NA,NA,NA,NA,NA,NA,NA,NA,NA,NA,NA,NA,NA,NA,NA,NA,NA,NA,NA,NA,NA,NA,NA,NA,NA,NA,NA,NA,NA,NA,NA,1031,1.104175525,NA,NA
1126,NA,NA,NA,NA,NA,NA,NA,NA,NA,NA,NA,NA,NA,NA,NA,NA,NA,NA,NA,NA,NA,NA,NA,NA,NA,NA,NA,NA,NA,NA,NA,NA,1119,1.131779072,NA,NA
1127,NA,NA,NA,NA,NA,NA,NA,NA,NA,NA,NA,NA,NA,NA,NA,NA,NA,NA,NA,NA,NA,NA,NA,NA,NA,NA,NA,NA,NA,NA,NA,NA,1246,1.218631447,NA,NA
1128,NA,NA,NA,NA,NA,NA,NA,NA,NA,NA,NA,NA,NA,NA,NA,NA,NA,NA,NA,NA,NA,NA,NA,NA,NA,NA,NA,NA,NA,NA,NA,NA,1439,1.231555797,NA,NA
1129,NA,NA,NA,NA,NA,NA,NA,NA,NA,NA,NA,NA,NA,NA,NA,NA,NA,NA,NA,NA,NA,NA,NA,NA,NA,NA,NA,NA,NA,NA,NA,NA,1699,1.400961935,NA,NA
1130,NA,NA,NA,NA,NA,NA,NA,NA,NA,NA,NA,NA,NA,NA,NA,NA,NA,NA,NA,NA,NA,NA,NA,NA,NA,NA,NA,NA,NA,NA,NA,NA,1061,0.578160418,NA,NA
1131,NA,NA,NA,NA,NA,NA,NA,NA,NA,NA,NA,NA,NA,NA,NA,NA,NA,NA,NA,NA,NA,NA,NA,NA,NA,NA,NA,NA,NA,NA,NA,NA,781,0.704747386,NA,NA
1132,NA,NA,NA,NA,NA,NA,NA,NA,NA,NA,NA,NA,NA,NA,NA,NA,NA,NA,NA,NA,NA,NA,NA,NA,NA,NA,NA,NA,NA,NA,NA,NA,792,0.83659247,NA,NA
1133,NA,NA,NA,NA,NA,NA,NA,NA,NA,NA,NA,NA,NA,NA,NA,NA,NA,NA,NA,NA,NA,NA,NA,NA,NA,NA,NA,NA,NA,NA,NA,NA,892,0.908310813,NA,NA
1134,NA,NA,NA,NA,NA,NA,NA,NA,NA,NA,NA,NA,NA,NA,NA,NA,NA,NA,NA,NA,NA,NA,NA,NA,NA,NA,NA,NA,NA,NA,NA,NA,937,1.00372367,NA,NA
1135,NA,NA,NA,NA,NA,NA,NA,NA,NA,NA,NA,NA,NA,NA,NA,NA,NA,NA,NA,NA,NA,NA,NA,NA,NA,NA,NA,NA,NA,NA,NA,NA,1073,1.118544768,NA,NA
1136,NA,NA,NA,NA,NA,NA,NA,NA,NA,NA,NA,NA,NA,NA,NA,NA,NA,NA,NA,NA,NA,NA,NA,NA,NA,NA,NA,NA,NA,NA,NA,NA,1043,1.006821279,NA,NA
1137,NA,NA,NA,NA,NA,NA,NA,NA,NA,NA,NA,NA,NA,NA,NA,NA,NA,NA,NA,NA,NA,NA,NA,NA,NA,NA,NA,NA,NA,NA,NA,NA,1414,1.356225977,NA,NA
1138,NA,NA,NA,NA,NA,NA,NA,NA,NA,NA,NA,NA,NA,NA,NA,NA,NA,NA,NA,NA,NA,NA,NA,NA,NA,NA,NA,NA,NA,NA,NA,NA,1087,0.803916349,NA,NA
1139,NA,NA,NA,NA,NA,NA,NA,NA,NA,NA,NA,NA,NA,NA,NA,NA,NA,NA,NA,NA,NA,NA,NA,NA,NA,NA,NA,NA,NA,NA,NA,NA,806,0.749923644,NA,NA
1140,NA,NA,NA,NA,NA,NA,NA,NA,NA,NA,NA,NA,NA,NA,NA,NA,NA,NA,NA,NA,NA,NA,NA,NA,NA,NA,NA,NA,NA,NA,NA,NA,1030,1.07209817,NA,NA
1141,NA,NA,NA,NA,NA,NA,NA,NA,NA,NA,NA,NA,NA,NA,NA,NA,NA,NA,NA,NA,NA,NA,NA,NA,NA,NA,NA,NA,NA,NA,NA,NA,1180,1.107526755,NA,NA
1142,NA,NA,NA,NA,NA,NA,NA,NA,NA,NA,NA,NA,NA,NA,NA,NA,NA,NA,NA,NA,NA,NA,NA,NA,NA,NA,NA,NA,NA,NA,NA,NA,813,0.685978477,NA,NA
1143,NA,NA,NA,NA,NA,NA,NA,NA,NA,NA,NA,NA,NA,NA,NA,NA,NA,NA,NA,NA,NA,NA,NA,NA,NA,NA,NA,NA,NA,NA,NA,NA,763,0.894745115,NA,NA
1144,NA,NA,NA,NA,NA,NA,NA,NA,NA,NA,NA,NA,NA,NA,NA,NA,NA,NA,NA,NA,NA,NA,NA,NA,NA,NA,NA,NA,NA,NA,NA,NA,822,0.962708553,NA,NA
1145,NA,NA,NA,NA,NA,NA,NA,NA,NA,NA,NA,NA,NA,NA,NA,NA,NA,NA,NA,NA,NA,NA,NA,NA,NA,NA,NA,NA,NA,NA,NA,NA,1006,1.102305107,NA,NA
1146,NA,NA,NA,NA,NA,NA,NA,NA,NA,NA,NA,NA,NA,NA,NA,NA,NA,NA,NA,NA,NA,NA,NA,NA,NA,NA,NA,NA,NA,NA,NA,NA,1093,1.07865121,NA,NA
1147,NA,NA,NA,NA,NA,NA,NA,NA,NA,NA,NA,NA,NA,NA,NA,NA,NA,NA,NA,NA,NA,NA,NA,NA,NA,NA,NA,NA,NA,NA,NA,NA,899,0.82755583,NA,NA
1148,NA,NA,NA,NA,NA,NA,NA,NA,NA,NA,NA,NA,NA,NA,NA,NA,NA,NA,NA,NA,NA,NA,NA,NA,NA,NA,NA,NA,NA,NA,NA,NA,740,0.830991787,NA,NA
1149,NA,NA,NA,NA,NA,NA,NA,NA,NA,NA,NA,NA,NA,NA,NA,NA,NA,NA,NA,NA,NA,NA,NA,NA,NA,NA,NA,NA,NA,NA,NA,NA,843,1.026026284,NA,NA
1150,NA,NA,NA,NA,NA,NA,NA,NA,NA,NA,NA,NA,NA,NA,NA,NA,NA,NA,NA,NA,NA,NA,NA,NA,NA,NA,NA,NA,NA,NA,NA,NA,873,0.964195742,NA,NA
1151,NA,NA,NA,NA,NA,NA,NA,NA,NA,NA,NA,NA,NA,NA,NA,NA,NA,NA,NA,NA,NA,NA,NA,NA,NA,NA,NA,NA,NA,NA,NA,NA,1006,1.054851888,NA,NA
1152,NA,NA,NA,NA,NA,NA,NA,NA,NA,NA,NA,NA,NA,NA,NA,NA,NA,NA,NA,NA,NA,NA,NA,NA,NA,NA,NA,NA,NA,NA,NA,NA,1150,1.111834827,NA,NA
1153,NA,NA,NA,NA,NA,NA,NA,NA,NA,NA,NA,NA,NA,NA,NA,NA,NA,NA,NA,NA,NA,NA,NA,NA,NA,NA,NA,NA,NA,NA,NA,NA,1021,0.940493907,NA,NA
1154,NA,NA,NA,NA,NA,NA,NA,NA,NA,NA,NA,NA,NA,NA,NA,NA,NA,NA,NA,NA,NA,NA,NA,NA,NA,NA,NA,NA,NA,NA,NA,NA,862,0.845930456,NA,NA
1155,NA,NA,NA,NA,NA,NA,NA,NA,NA,NA,NA,NA,NA,NA,NA,NA,NA,NA,NA,NA,NA,NA,NA,NA,NA,NA,NA,NA,NA,NA,NA,NA,981,1.040895179,NA,NA
1156,NA,NA,NA,NA,NA,NA,NA,NA,NA,NA,NA,NA,NA,NA,NA,NA,NA,NA,NA,NA,NA,NA,NA,NA,NA,NA,NA,NA,NA,NA,NA,NA,1558,1.446138793,NA,NA
1157,NA,NA,NA,NA,NA,NA,NA,NA,NA,NA,NA,NA,NA,NA,NA,NA,NA,NA,NA,NA,NA,NA,NA,NA,NA,NA,NA,NA,NA,NA,NA,NA,2347,1.714067317,NA,NA
1158,NA,NA,NA,NA,NA,NA,NA,NA,NA,NA,NA,NA,NA,NA,NA,NA,NA,NA,NA,NA,NA,NA,NA,NA,NA,NA,NA,NA,NA,NA,NA,NA,2329,1.107476353,NA,NA
1159,NA,NA,NA,NA,NA,NA,NA,NA,NA,NA,NA,NA,NA,NA,NA,NA,NA,NA,NA,NA,NA,NA,NA,NA,NA,NA,NA,NA,NA,NA,NA,NA,1360,0.307332469,NA,NA
1160,NA,NA,NA,NA,NA,NA,NA,NA,NA,NA,NA,NA,NA,NA,NA,NA,NA,NA,NA,NA,NA,NA,NA,NA,NA,NA,NA,NA,NA,NA,NA,NA,1440,1.071104887,NA,NA
1161,NA,NA,NA,NA,NA,NA,NA,NA,NA,NA,NA,NA,NA,NA,NA,NA,NA,NA,NA,NA,NA,NA,NA,NA,NA,NA,NA,NA,NA,NA,NA,NA,1452,1.022796683,NA,NA
1162,NA,NA,NA,NA,NA,NA,NA,NA,NA,NA,NA,NA,NA,NA,NA,NA,NA,NA,NA,NA,NA,NA,NA,NA,NA,NA,NA,NA,NA,NA,NA,NA,958,0.667462451,NA,NA
1163,NA,NA,NA,NA,NA,NA,NA,NA,NA,NA,NA,NA,NA,NA,NA,NA,NA,NA,NA,NA,NA,NA,NA,NA,NA,NA,NA,NA,NA,NA,NA,NA,1283,1.117914845,NA,NA
1164,NA,NA,NA,NA,NA,NA,NA,NA,NA,NA,NA,NA,NA,NA,NA,NA,NA,NA,NA,NA,NA,NA,NA,NA,NA,NA,NA,NA,NA,NA,NA,NA,1246,0.964804329,NA,NA
1165,NA,NA,NA,NA,NA,NA,NA,NA,NA,NA,NA,NA,NA,NA,NA,NA,NA,NA,NA,NA,NA,NA,NA,NA,NA,NA,NA,NA,NA,NA,NA,NA,874,0.725881391,NA,NA
1166,NA,NA,NA,NA,NA,NA,NA,NA,NA,NA,NA,NA,NA,NA,NA,NA,NA,NA,NA,NA,NA,NA,NA,NA,NA,NA,NA,NA,NA,NA,NA,NA,927,0.972450691,NA,NA
1167,NA,NA,NA,NA,NA,NA,NA,NA,NA,NA,NA,NA,NA,NA,NA,NA,NA,NA,NA,NA,NA,NA,NA,NA,NA,NA,NA,NA,NA,NA,NA,NA,904,1.0541032,NA,NA
1168,NA,NA,NA,NA,NA,NA,NA,NA,NA,NA,NA,NA,NA,NA,NA,NA,NA,NA,NA,NA,NA,NA,NA,NA,NA,NA,NA,NA,NA,NA,NA,NA,916,1.028724351,NA,NA
1169,NA,NA,NA,NA,NA,NA,NA,NA,NA,NA,NA,NA,NA,NA,NA,NA,NA,NA,NA,NA,NA,NA,NA,NA,NA,NA,NA,NA,NA,NA,NA,NA,854,0.867632501,NA,NA
1170,NA,NA,NA,NA,NA,NA,NA,NA,NA,NA,NA,NA,NA,NA,NA,NA,NA,NA,NA,NA,NA,NA,NA,NA,NA,NA,NA,NA,NA,NA,NA,NA,1045,1.056523023,NA,NA
1171,NA,NA,NA,NA,NA,NA,NA,NA,NA,NA,NA,NA,NA,NA,NA,NA,NA,NA,NA,NA,NA,NA,NA,NA,NA,NA,NA,NA,NA,NA,NA,NA,1009,1.010963927,NA,NA
1172,NA,NA,NA,NA,NA,NA,NA,NA,NA,NA,NA,NA,NA,NA,NA,NA,NA,NA,NA,NA,NA,NA,NA,NA,NA,NA,NA,NA,NA,NA,NA,NA,1139,1.170789559,NA,NA
1173,NA,NA,NA,NA,NA,NA,NA,NA,NA,NA,NA,NA,NA,NA,NA,NA,NA,NA,NA,NA,NA,NA,NA,NA,NA,NA,NA,NA,NA,NA,NA,NA,1233,1.141848974,NA,NA
1174,NA,NA,NA,NA,NA,NA,NA,NA,NA,NA,NA,NA,NA,NA,NA,NA,NA,NA,NA,NA,NA,NA,NA,NA,NA,NA,NA,NA,NA,NA,NA,NA,1082,0.973172793,NA,NA
1175,NA,NA,NA,NA,NA,NA,NA,NA,NA,NA,NA,NA,NA,NA,NA,NA,NA,NA,NA,NA,NA,NA,NA,NA,NA,NA,NA,NA,NA,NA,NA,NA,940,0.974464908,NA,NA
1176,NA,NA,NA,NA,NA,NA,NA,NA,NA,NA,NA,NA,NA,NA,NA,NA,NA,NA,NA,NA,NA,NA,NA,NA,NA,NA,NA,NA,NA,NA,NA,NA,822,0.899755488,NA,NA
1177,NA,NA,NA,NA,NA,NA,NA,NA,NA,NA,NA,NA,NA,NA,NA,NA,NA,NA,NA,NA,NA,NA,NA,NA,NA,NA,NA,NA,NA,NA,NA,NA,962,1.104086116,NA,NA
1178,NA,NA,NA,NA,NA,NA,NA,NA,NA,NA,NA,NA,NA,NA,NA,NA,NA,NA,NA,NA,NA,NA,NA,NA,NA,NA,NA,NA,NA,NA,NA,NA,898,1.106141873,NA,NA
1179,NA,NA,NA,NA,NA,NA,NA,NA,NA,NA,NA,NA,NA,NA,NA,NA,NA,NA,NA,NA,NA,NA,NA,NA,NA,NA,NA,NA,NA,NA,NA,NA,870,0.959238538,NA,NA
1180,NA,NA,NA,NA,NA,NA,NA,NA,NA,NA,NA,NA,NA,NA,NA,NA,NA,NA,NA,NA,NA,NA,NA,NA,NA,NA,NA,NA,NA,NA,NA,NA,772,0.84786311,NA,NA
1181,NA,NA,NA,NA,NA,NA,NA,NA,NA,NA,NA,NA,NA,NA,NA,NA,NA,NA,NA,NA,NA,NA,NA,NA,NA,NA,NA,NA,NA,NA,NA,NA,741,0.896294927,NA,NA
1182,NA,NA,NA,NA,NA,NA,NA,NA,NA,NA,NA,NA,NA,NA,NA,NA,NA,NA,NA,NA,NA,NA,NA,NA,NA,NA,NA,NA,NA,NA,NA,NA,550,0.758764715,NA,NA
1183,NA,NA,NA,NA,NA,NA,NA,NA,NA,NA,NA,NA,NA,NA,NA,NA,NA,NA,NA,NA,NA,NA,NA,NA,NA,NA,NA,NA,NA,NA,NA,NA,579,0.883848119,NA,NA
1184,NA,NA,NA,NA,NA,NA,NA,NA,NA,NA,NA,NA,NA,NA,NA,NA,NA,NA,NA,NA,NA,NA,NA,NA,NA,NA,NA,NA,NA,NA,NA,NA,712,1.016679634,NA,NA
1185,NA,NA,NA,NA,NA,NA,NA,NA,NA,NA,NA,NA,NA,NA,NA,NA,NA,NA,NA,NA,NA,NA,NA,NA,NA,NA,NA,NA,NA,NA,NA,NA,644,0.832184521,NA,NA
1186,NA,NA,NA,NA,NA,NA,NA,NA,NA,NA,NA,NA,NA,NA,NA,NA,NA,NA,NA,NA,NA,NA,NA,NA,NA,NA,NA,NA,NA,NA,NA,NA,654,0.954891392,NA,NA
1187,NA,NA,NA,NA,NA,NA,NA,NA,NA,NA,NA,NA,NA,NA,NA,NA,NA,NA,NA,NA,NA,NA,NA,NA,NA,NA,NA,NA,NA,NA,NA,NA,652,0.938386712,NA,NA
1188,NA,NA,NA,NA,NA,NA,NA,NA,NA,NA,NA,NA,NA,NA,NA,NA,NA,NA,NA,NA,NA,NA,NA,NA,NA,NA,NA,NA,NA,NA,NA,NA,721,1.079683439,NA,NA
1189,NA,NA,NA,NA,NA,NA,NA,NA,NA,NA,NA,NA,NA,NA,NA,NA,NA,NA,NA,NA,NA,NA,NA,NA,NA,NA,NA,NA,NA,NA,NA,NA,755,0.962490669,NA,NA
1190,NA,NA,NA,NA,NA,NA,NA,NA,NA,NA,NA,NA,NA,NA,NA,NA,NA,NA,NA,NA,NA,NA,NA,NA,NA,NA,NA,NA,NA,NA,NA,NA,918,1.12007556,NA,NA
1191,NA,NA,NA,NA,NA,NA,NA,NA,NA,NA,NA,NA,NA,NA,NA,NA,NA,NA,NA,NA,NA,NA,NA,NA,NA,NA,NA,NA,NA,NA,NA,NA,959,1.007631144,NA,NA
1192,NA,NA,NA,NA,NA,NA,NA,NA,NA,NA,NA,NA,NA,NA,NA,NA,NA,NA,NA,NA,NA,NA,NA,NA,NA,NA,NA,NA,NA,NA,NA,NA,964,1.047750075,NA,NA
1193,NA,NA,NA,NA,NA,NA,NA,NA,NA,NA,NA,NA,NA,NA,NA,NA,NA,NA,NA,NA,NA,NA,NA,NA,NA,NA,NA,NA,NA,NA,NA,NA,1100,1.211463968,NA,NA
1194,NA,NA,NA,NA,NA,NA,NA,NA,NA,NA,NA,NA,NA,NA,NA,NA,NA,NA,NA,NA,NA,NA,NA,NA,NA,NA,NA,NA,NA,NA,NA,NA,755,0.782184443,NA,NA
1195,NA,NA,NA,NA,NA,NA,NA,NA,NA,NA,NA,NA,NA,NA,NA,NA,NA,NA,NA,NA,NA,NA,NA,NA,NA,NA,NA,NA,NA,NA,NA,NA,659,0.840636672,NA,NA
1196,NA,NA,NA,NA,NA,NA,NA,NA,NA,NA,NA,NA,NA,NA,NA,NA,NA,NA,NA,NA,NA,NA,NA,NA,NA,NA,NA,NA,NA,NA,NA,NA,855,1.061068637,NA,NA
1197,NA,NA,NA,NA,NA,NA,NA,NA,NA,NA,NA,NA,NA,NA,NA,NA,NA,NA,NA,NA,NA,NA,NA,NA,NA,NA,NA,NA,NA,NA,NA,NA,890,0.942849527,NA,NA
1198,NA,NA,NA,NA,NA,NA,NA,NA,NA,NA,NA,NA,NA,NA,NA,NA,NA,NA,NA,NA,NA,NA,NA,NA,NA,NA,NA,NA,NA,NA,NA,NA,947,1.134518479,NA,NA
1199,NA,NA,NA,NA,NA,NA,NA,NA,NA,NA,NA,NA,NA,NA,NA,NA,NA,NA,NA,NA,NA,NA,NA,NA,NA,NA,NA,NA,NA,NA,NA,NA,975,1.085990701,NA,NA
1200,NA,NA,NA,NA,NA,NA,NA,NA,NA,NA,NA,NA,NA,NA,NA,NA,NA,NA,NA,NA,NA,NA,NA,NA,NA,NA,NA,NA,NA,NA,NA,NA,866,0.952283348,NA,NA
1201,NA,NA,NA,NA,NA,NA,NA,NA,NA,NA,NA,NA,NA,NA,NA,NA,NA,NA,NA,NA,NA,NA,NA,NA,NA,NA,NA,NA,NA,NA,NA,NA,997,1.19840448,NA,NA
1202,NA,NA,NA,NA,NA,NA,NA,NA,NA,NA,NA,NA,NA,NA,NA,NA,NA,NA,NA,NA,NA,NA,NA,NA,NA,NA,NA,NA,NA,NA,NA,NA,798,0.830026818,NA,NA
1203,NA,NA,NA,NA,NA,NA,NA,NA,NA,NA,NA,NA,NA,NA,NA,NA,NA,NA,NA,NA,NA,NA,NA,NA,NA,NA,NA,NA,NA,NA,NA,NA,837,0.991413204,NA,NA
1204,NA,NA,NA,NA,NA,NA,NA,NA,NA,NA,NA,NA,NA,NA,NA,NA,NA,NA,NA,NA,NA,NA,NA,NA,NA,NA,NA,NA,NA,NA,NA,NA,888,0.98301794,NA,NA
1205,NA,NA,NA,NA,NA,NA,NA,NA,NA,NA,NA,NA,NA,NA,NA,NA,NA,NA,NA,NA,NA,NA,NA,NA,NA,NA,NA,NA,NA,NA,NA,NA,851,0.91664021,NA,NA
1206,NA,NA,NA,NA,NA,NA,NA,NA,NA,NA,NA,NA,NA,NA,NA,NA,NA,NA,NA,NA,NA,NA,NA,NA,NA,NA,NA,NA,NA,NA,NA,NA,880,0.905725942,NA,NA
1207,NA,NA,NA,NA,NA,NA,NA,NA,NA,NA,NA,NA,NA,NA,NA,NA,NA,NA,NA,NA,NA,NA,NA,NA,NA,NA,NA,NA,NA,NA,NA,NA,1054,1.029741343,NA,NA
1208,NA,NA,NA,NA,NA,NA,NA,NA,NA,NA,NA,NA,NA,NA,NA,NA,NA,NA,NA,NA,NA,NA,NA,NA,NA,NA,NA,NA,NA,NA,NA,NA,926,0.89748304,NA,NA
1209,NA,NA,NA,NA,NA,NA,NA,NA,NA,NA,NA,NA,NA,NA,NA,NA,NA,NA,NA,NA,NA,NA,NA,NA,NA,NA,NA,NA,NA,NA,NA,NA,821,0.833152176,NA,NA
1210,NA,NA,NA,NA,NA,NA,NA,NA,NA,NA,NA,NA,NA,NA,NA,NA,NA,NA,NA,NA,NA,NA,NA,NA,NA,NA,NA,NA,NA,NA,NA,NA,999,1.126119395,NA,NA
1211,NA,NA,NA,NA,NA,NA,NA,NA,NA,NA,NA,NA,NA,NA,NA,NA,NA,NA,NA,NA,NA,NA,NA,NA,NA,NA,NA,NA,NA,NA,NA,NA,1007,1.027402878,NA,NA
1212,NA,NA,NA,NA,NA,NA,NA,NA,NA,NA,NA,NA,NA,NA,NA,NA,NA,NA,NA,NA,NA,NA,NA,NA,NA,NA,NA,NA,NA,NA,NA,NA,835,0.829495399,NA,NA
1213,NA,NA,NA,NA,NA,NA,NA,NA,NA,NA,NA,NA,NA,NA,NA,NA,NA,NA,NA,NA,NA,NA,NA,NA,NA,NA,NA,NA,NA,NA,NA,NA,803,0.96323146,NA,NA
1214,NA,NA,NA,NA,NA,NA,NA,NA,NA,NA,NA,NA,NA,NA,NA,NA,NA,NA,NA,NA,NA,NA,NA,NA,NA,NA,NA,NA,NA,NA,NA,NA,857,1.002035487,NA,NA
1215,NA,NA,NA,NA,NA,NA,NA,NA,NA,NA,NA,NA,NA,NA,NA,NA,NA,NA,NA,NA,NA,NA,NA,NA,NA,NA,NA,NA,NA,NA,NA,NA,976,1.048088769,NA,NA
1216,NA,NA,NA,NA,NA,NA,NA,NA,NA,NA,NA,NA,NA,NA,NA,NA,NA,NA,NA,NA,NA,NA,NA,NA,NA,NA,NA,NA,NA,NA,NA,NA,874,0.92832929,NA,NA
1217,NA,NA,NA,NA,NA,NA,NA,NA,NA,NA,NA,NA,NA,NA,NA,NA,NA,NA,NA,NA,NA,NA,NA,NA,NA,NA,NA,NA,NA,NA,NA,NA,657,0.835470508,NA,NA
1218,NA,NA,NA,NA,NA,NA,NA,NA,NA,NA,NA,NA,NA,NA,NA,NA,NA,NA,NA,NA,NA,NA,NA,NA,NA,NA,NA,NA,NA,NA,NA,NA,728,0.945297696,NA,NA
1219,NA,NA,NA,NA,NA,NA,NA,NA,NA,NA,NA,NA,NA,NA,NA,NA,NA,NA,NA,NA,NA,NA,NA,NA,NA,NA,NA,NA,NA,NA,NA,NA,778,1.005447999,NA,NA
1220,NA,NA,NA,NA,NA,NA,NA,NA,NA,NA,NA,NA,NA,NA,NA,NA,NA,NA,NA,NA,NA,NA,NA,NA,NA,NA,NA,NA,NA,NA,NA,NA,821,1.021940457,NA,NA
1221,NA,NA,NA,NA,NA,NA,NA,NA,NA,NA,NA,NA,NA,NA,NA,NA,NA,NA,NA,NA,NA,NA,NA,NA,NA,NA,NA,NA,NA,NA,NA,NA,933,0.897405715,NA,NA
1222,NA,NA,NA,NA,NA,NA,NA,NA,NA,NA,NA,NA,NA,NA,NA,NA,NA,NA,NA,NA,NA,NA,NA,NA,NA,NA,NA,NA,NA,NA,NA,NA,1126,1.051489027,NA,NA
1223,NA,NA,NA,NA,NA,NA,NA,NA,NA,NA,NA,NA,NA,NA,NA,NA,NA,NA,NA,NA,NA,NA,NA,NA,NA,NA,NA,NA,NA,NA,NA,NA,1104,1.058151969,NA,NA
1224,NA,NA,NA,NA,NA,NA,NA,NA,NA,NA,NA,NA,NA,NA,NA,NA,NA,NA,NA,NA,578,NA,NA,NA,NA,NA,NA,NA,NA,NA,NA,NA,1022,0.962645314,NA,NA
1225,NA,NA,NA,NA,NA,NA,NA,NA,NA,NA,NA,NA,NA,NA,NA,NA,NA,NA,NA,NA,482,NA,NA,NA,NA,NA,NA,NA,NA,NA,NA,NA,944,0.861489925,NA,NA
1226,NA,NA,NA,NA,NA,NA,NA,NA,NA,NA,NA,NA,NA,NA,NA,NA,NA,NA,NA,NA,391,NA,NA,NA,NA,NA,NA,NA,NA,NA,NA,NA,897,1.000457854,NA,NA
1227,NA,NA,NA,NA,NA,NA,NA,NA,NA,NA,NA,NA,NA,NA,NA,NA,NA,NA,NA,NA,453,NA,NA,NA,NA,NA,NA,NA,NA,NA,NA,NA,1109,1.181407743,NA,NA
1228,NA,NA,NA,NA,NA,NA,NA,NA,NA,NA,NA,NA,NA,NA,NA,NA,NA,NA,NA,NA,471,NA,NA,NA,NA,NA,NA,NA,NA,NA,NA,NA,837,0.833554718,NA,NA
1229,NA,NA,NA,NA,NA,NA,NA,NA,NA,NA,NA,NA,NA,NA,NA,NA,NA,NA,NA,NA,489,NA,NA,NA,NA,NA,NA,NA,NA,NA,NA,NA,782,0.899332422,NA,NA
1230,NA,NA,NA,NA,NA,NA,NA,NA,NA,NA,NA,NA,NA,NA,NA,NA,NA,NA,NA,NA,540,NA,NA,NA,NA,NA,NA,NA,NA,NA,NA,NA,861,1.021023795,NA,NA
1231,NA,NA,NA,NA,NA,NA,NA,NA,NA,NA,NA,NA,NA,NA,NA,NA,NA,NA,NA,NA,681,NA,NA,NA,NA,NA,NA,NA,NA,NA,NA,NA,970,1.081340919,NA,NA
1232,NA,NA,NA,NA,NA,NA,NA,NA,NA,NA,NA,NA,NA,NA,NA,NA,NA,NA,NA,NA,524,NA,NA,NA,NA,NA,NA,NA,NA,NA,NA,NA,843,0.840258612,NA,NA
1233,NA,NA,NA,NA,NA,NA,NA,NA,NA,NA,NA,NA,NA,NA,NA,NA,NA,NA,NA,NA,515,NA,NA,NA,NA,NA,NA,NA,NA,NA,NA,NA,563,0.858739842,NA,NA
1234,NA,NA,NA,NA,NA,NA,NA,NA,NA,NA,NA,NA,NA,NA,NA,NA,NA,NA,NA,NA,616,NA,NA,NA,NA,NA,NA,NA,NA,NA,NA,NA,698,0.906460483,NA,NA
1235,NA,NA,NA,NA,NA,NA,NA,NA,NA,NA,NA,NA,NA,NA,NA,NA,NA,NA,NA,NA,528,NA,NA,NA,NA,NA,NA,NA,NA,NA,NA,NA,737,0.995461797,NA,NA
1236,NA,NA,NA,NA,NA,NA,NA,NA,NA,NA,NA,NA,NA,NA,NA,NA,NA,NA,NA,NA,404,NA,NA,NA,NA,NA,NA,NA,NA,NA,NA,NA,782,1.031086463,NA,NA
1237,NA,NA,NA,NA,NA,NA,NA,NA,NA,NA,NA,NA,NA,NA,NA,NA,NA,NA,NA,NA,405,NA,NA,NA,NA,NA,NA,NA,NA,NA,NA,NA,744,0.922012996,NA,NA
1238,NA,NA,NA,NA,NA,NA,NA,NA,NA,NA,NA,NA,NA,NA,NA,NA,NA,NA,NA,NA,419,NA,NA,NA,NA,NA,NA,NA,NA,NA,NA,NA,767,0.986089044,NA,NA
1239,NA,NA,NA,NA,NA,NA,NA,NA,NA,NA,NA,NA,NA,NA,NA,NA,NA,NA,NA,NA,527,1.129343657,NA,NA,NA,NA,NA,NA,NA,NA,NA,NA,835,1.027415506,NA,NA
1240,NA,NA,NA,NA,NA,NA,NA,NA,NA,NA,NA,NA,NA,NA,NA,NA,NA,NA,NA,NA,473,0.981839964,NA,NA,NA,NA,NA,NA,NA,NA,NA,NA,753,0.919671232,NA,NA
1241,NA,NA,NA,NA,NA,NA,NA,NA,NA,NA,NA,NA,NA,NA,NA,NA,NA,NA,NA,NA,526,1.061295597,NA,NA,NA,NA,NA,NA,NA,NA,NA,NA,730,0.943565429,NA,NA
1242,NA,NA,NA,NA,NA,NA,NA,NA,NA,NA,NA,NA,NA,NA,NA,NA,NA,NA,NA,NA,620,1.103809462,NA,NA,NA,NA,NA,NA,NA,NA,NA,NA,756,0.970089416,NA,NA
1243,NA,NA,NA,NA,NA,NA,NA,NA,NA,NA,NA,NA,NA,NA,NA,NA,NA,NA,NA,NA,833,1.241431554,NA,NA,NA,NA,NA,NA,NA,NA,NA,NA,840,1.011592527,NA,NA
1244,NA,NA,NA,NA,NA,NA,NA,NA,NA,NA,NA,NA,NA,NA,NA,NA,NA,NA,NA,NA,871,1.192858387,NA,NA,NA,NA,NA,NA,NA,NA,NA,NA,785,0.962848523,NA,NA
1245,NA,NA,NA,NA,NA,NA,NA,NA,NA,NA,NA,NA,NA,NA,NA,NA,NA,NA,NA,NA,986,1.21823204,NA,NA,NA,NA,NA,NA,NA,NA,NA,NA,897,1.03311075,NA,NA
1246,NA,NA,NA,NA,NA,NA,NA,NA,NA,NA,NA,NA,NA,NA,NA,NA,NA,NA,NA,NA,936,1.057423905,NA,NA,NA,NA,NA,NA,NA,NA,NA,NA,1044,1.133516578,NA,NA
1247,NA,NA,NA,NA,NA,NA,NA,NA,NA,NA,NA,NA,NA,NA,NA,NA,NA,NA,NA,NA,941,1.064945573,NA,NA,NA,NA,NA,NA,NA,NA,NA,NA,909,0.92206843,NA,NA
1248,NA,NA,NA,NA,NA,NA,NA,NA,NA,NA,NA,NA,NA,NA,NA,NA,NA,NA,NA,NA,1126,1.254874668,NA,NA,NA,NA,NA,NA,NA,NA,NA,NA,852,0.916386921,NA,NA
1249,NA,NA,NA,NA,NA,NA,NA,NA,NA,NA,NA,NA,NA,NA,NA,NA,NA,NA,NA,NA,1202,1.242699132,NA,NA,NA,NA,NA,NA,NA,NA,NA,NA,768,0.867564663,NA,NA
1250,NA,NA,NA,NA,NA,NA,NA,NA,NA,NA,NA,NA,NA,NA,NA,NA,NA,NA,NA,NA,1366,1.351441197,NA,NA,NA,NA,NA,NA,NA,NA,NA,NA,757,0.937741897,NA,NA
1251,NA,NA,NA,NA,NA,NA,NA,NA,NA,NA,NA,NA,NA,NA,NA,NA,NA,NA,NA,NA,1251,0.988189616,NA,NA,NA,NA,NA,NA,NA,NA,NA,NA,821,0.981092278,NA,NA
1252,NA,NA,NA,NA,NA,NA,NA,NA,NA,NA,NA,NA,NA,NA,NA,NA,NA,NA,NA,NA,1118,0.911637464,NA,NA,NA,NA,NA,NA,NA,NA,NA,NA,941,1.086667166,NA,NA
1253,NA,NA,NA,NA,NA,NA,NA,NA,NA,NA,NA,NA,NA,NA,NA,NA,NA,NA,NA,NA,1078,1.052251414,NA,NA,NA,NA,NA,NA,NA,NA,NA,NA,1062,1.13189752,NA,NA
1254,NA,NA,NA,NA,NA,NA,NA,NA,NA,NA,NA,NA,NA,NA,NA,NA,NA,NA,NA,NA,960,0.886813392,NA,NA,NA,NA,NA,NA,NA,NA,NA,NA,1032,0.920269945,NA,NA
1255,NA,NA,NA,NA,NA,NA,NA,NA,NA,NA,NA,NA,NA,NA,NA,NA,NA,NA,NA,NA,1119,1.190136389,NA,NA,NA,NA,NA,NA,NA,NA,NA,NA,1088,1.011982205,NA,NA
1256,NA,NA,NA,NA,NA,NA,NA,NA,NA,NA,NA,NA,NA,NA,NA,NA,NA,NA,NA,NA,1429,1.430915339,NA,NA,NA,NA,NA,NA,NA,NA,NA,NA,1092,0.990693178,NA,NA
1257,NA,NA,NA,NA,NA,NA,NA,NA,NA,NA,NA,NA,NA,NA,NA,NA,NA,NA,NA,NA,1691,1.362858647,NA,NA,NA,NA,NA,NA,NA,NA,NA,NA,1136,1.043677248,NA,NA
1258,NA,NA,NA,NA,NA,NA,NA,NA,NA,NA,NA,NA,NA,NA,NA,NA,NA,NA,NA,NA,1311,1.02582035,NA,NA,NA,NA,NA,NA,NA,NA,NA,NA,557,0.459927575,NA,NA
1259,NA,NA,NA,NA,NA,NA,NA,NA,NA,NA,NA,NA,NA,NA,NA,NA,NA,NA,NA,NA,1310,1.106369038,NA,NA,NA,NA,NA,NA,NA,NA,NA,NA,997,1.257688495,NA,NA
1260,NA,NA,NA,NA,NA,NA,NA,NA,NA,NA,NA,NA,NA,NA,NA,NA,NA,NA,NA,NA,1290,0.961596932,NA,NA,NA,NA,NA,NA,NA,NA,NA,NA,1131,1.140165522,NA,NA
1261,NA,NA,NA,NA,NA,NA,NA,NA,NA,NA,NA,NA,NA,NA,NA,NA,NA,NA,NA,NA,1614,1.454359924,NA,NA,NA,NA,NA,NA,NA,NA,NA,NA,1086,1.033542192,NA,NA
1262,NA,NA,NA,NA,NA,NA,NA,NA,NA,NA,NA,NA,NA,NA,NA,NA,NA,NA,NA,NA,1340,0.925378038,NA,NA,NA,NA,NA,NA,NA,NA,NA,NA,863,0.791494093,NA,NA
1263,NA,NA,NA,NA,NA,NA,NA,NA,NA,NA,NA,NA,NA,NA,NA,NA,NA,NA,NA,NA,1412,1.130356398,NA,NA,NA,NA,NA,NA,NA,NA,NA,NA,987,1.009093043,NA,NA
1264,NA,NA,NA,NA,NA,NA,NA,NA,NA,NA,NA,NA,NA,NA,NA,NA,NA,NA,NA,NA,1186,0.819634198,NA,NA,NA,NA,NA,NA,NA,NA,NA,NA,1013,1.065643774,NA,NA
1265,NA,NA,NA,NA,NA,NA,NA,NA,NA,NA,NA,NA,NA,NA,NA,NA,NA,NA,NA,NA,1339,1.010195297,NA,NA,NA,NA,NA,NA,NA,NA,NA,NA,1068,1.074925705,NA,NA
1266,NA,NA,NA,NA,NA,NA,NA,NA,NA,NA,NA,NA,NA,NA,NA,NA,NA,NA,NA,NA,1286,1.005753776,NA,NA,NA,NA,NA,NA,NA,NA,NA,NA,981,0.942669824,NA,NA
1267,NA,NA,NA,NA,NA,NA,NA,NA,NA,NA,NA,NA,NA,NA,NA,NA,NA,NA,NA,NA,1289,1.119278666,NA,NA,NA,NA,NA,NA,NA,NA,NA,NA,1112,1.10542221,NA,NA
1268,NA,NA,NA,NA,NA,NA,NA,NA,NA,NA,NA,NA,NA,NA,NA,NA,NA,NA,NA,NA,1133,0.887134227,NA,NA,NA,NA,NA,NA,NA,NA,NA,NA,945,0.877399576,NA,NA
1269,NA,NA,NA,NA,NA,NA,NA,NA,NA,NA,NA,NA,NA,NA,NA,NA,NA,NA,NA,NA,1174,1.030040893,NA,NA,NA,NA,NA,NA,NA,NA,NA,NA,1121,1.110562389,NA,NA
1270,NA,NA,NA,NA,NA,NA,NA,NA,NA,NA,NA,NA,NA,NA,NA,NA,NA,NA,NA,NA,1336,1.156235883,NA,NA,NA,NA,NA,NA,NA,NA,NA,NA,1466,1.396682287,NA,NA
1271,NA,NA,NA,NA,NA,NA,NA,NA,NA,NA,NA,NA,NA,NA,NA,NA,NA,NA,NA,NA,1196,0.980599162,NA,NA,NA,NA,NA,NA,NA,NA,NA,NA,1439,1.048520116,NA,NA
1272,NA,NA,NA,NA,NA,NA,NA,NA,NA,NA,NA,NA,NA,NA,NA,NA,NA,NA,NA,NA,1216,1.138680875,NA,NA,NA,NA,NA,NA,NA,NA,NA,NA,1445,1.079402518,NA,NA
1273,NA,NA,NA,NA,NA,NA,NA,NA,NA,NA,NA,NA,NA,NA,NA,NA,NA,NA,NA,NA,1159,1.024700446,NA,NA,NA,NA,NA,NA,NA,NA,NA,NA,1454,1.111223478,NA,NA
1274,NA,NA,NA,NA,NA,NA,NA,NA,NA,NA,NA,NA,NA,NA,NA,NA,NA,NA,NA,NA,1246,1.078849766,NA,NA,NA,NA,NA,NA,NA,NA,NA,NA,1378,1.033315776,NA,NA
1275,NA,NA,NA,NA,NA,NA,NA,NA,NA,NA,NA,NA,NA,NA,NA,NA,NA,NA,NA,NA,1148,0.902853373,NA,NA,NA,NA,NA,NA,NA,NA,NA,NA,1378,1.067206056,NA,NA
1276,NA,NA,NA,NA,NA,NA,NA,NA,NA,NA,NA,NA,NA,NA,NA,NA,NA,NA,NA,NA,1201,1.056232206,NA,NA,NA,NA,NA,NA,NA,NA,NA,NA,1351,0.983713128,NA,NA
1277,NA,NA,NA,NA,NA,NA,NA,NA,NA,NA,NA,NA,NA,NA,NA,NA,NA,NA,NA,NA,1064,0.854220714,NA,NA,NA,NA,NA,NA,NA,NA,NA,NA,1383,1.058233859,NA,NA
1278,NA,NA,NA,NA,NA,NA,NA,NA,NA,NA,NA,NA,NA,NA,NA,NA,NA,NA,NA,NA,1231,1.107158989,NA,NA,NA,NA,NA,NA,NA,NA,NA,NA,1211,0.914270418,NA,NA
1279,NA,NA,NA,NA,NA,NA,NA,NA,NA,NA,NA,NA,NA,NA,NA,NA,NA,NA,NA,NA,1253,1.096989903,NA,NA,NA,NA,NA,NA,NA,NA,NA,NA,1367,1.137159346,NA,NA
1280,NA,NA,NA,NA,NA,NA,NA,NA,NA,NA,NA,NA,NA,NA,NA,NA,NA,NA,NA,NA,1095,1.013227299,NA,NA,NA,NA,NA,NA,NA,NA,NA,NA,1035,0.740956969,NA,NA
1281,NA,NA,NA,NA,NA,NA,NA,NA,NA,NA,NA,NA,NA,NA,NA,NA,NA,NA,NA,NA,1123,1.151064075,NA,NA,NA,NA,NA,NA,NA,NA,NA,NA,1030,0.956583843,NA,NA
1282,NA,NA,NA,NA,NA,NA,NA,NA,NA,NA,NA,NA,NA,NA,NA,NA,NA,NA,NA,NA,1248,1.180331301,NA,NA,NA,NA,NA,NA,NA,NA,NA,NA,1194,1.138018833,NA,NA
1283,NA,NA,NA,NA,NA,NA,NA,NA,NA,NA,NA,NA,NA,NA,NA,NA,NA,NA,NA,NA,1128,0.999375664,NA,NA,NA,NA,NA,NA,NA,NA,NA,NA,1113,0.964446607,NA,NA
1284,NA,NA,NA,NA,NA,NA,NA,NA,NA,NA,NA,NA,NA,NA,NA,NA,NA,NA,NA,NA,1002,0.891310929,NA,NA,NA,NA,NA,NA,NA,NA,NA,NA,1102,0.998761915,NA,NA
1285,NA,NA,NA,NA,NA,NA,NA,NA,NA,NA,NA,NA,NA,NA,NA,NA,NA,NA,NA,NA,1377,1.331077249,NA,NA,NA,NA,NA,NA,NA,NA,NA,NA,1020,0.900003798,NA,NA
1286,NA,NA,NA,NA,NA,NA,NA,NA,NA,NA,NA,NA,NA,NA,NA,NA,NA,NA,NA,NA,1143,0.96703203,NA,NA,NA,NA,NA,NA,NA,NA,NA,NA,1276,1.265063906,NA,NA
1287,NA,NA,NA,NA,NA,NA,NA,NA,NA,NA,NA,NA,NA,NA,NA,NA,NA,NA,NA,NA,1245,1.113930365,NA,NA,NA,NA,NA,NA,NA,NA,NA,NA,915,0.690380077,NA,NA
1288,NA,NA,NA,NA,NA,NA,NA,NA,NA,NA,NA,NA,NA,NA,NA,NA,NA,NA,NA,NA,1117,1.07306016,NA,NA,NA,NA,NA,NA,NA,NA,NA,NA,975,1.036761059,NA,NA
1289,NA,NA,NA,NA,NA,NA,NA,NA,NA,NA,NA,NA,NA,NA,NA,NA,NA,NA,NA,NA,924,0.746575201,NA,NA,NA,NA,NA,NA,NA,NA,NA,NA,1122,1.107284365,NA,NA
1290,NA,NA,NA,NA,NA,NA,NA,NA,NA,NA,NA,NA,NA,NA,NA,NA,NA,NA,NA,NA,1067,1.067907141,NA,NA,NA,NA,NA,NA,NA,NA,NA,NA,1194,1.089962892,NA,NA
1291,NA,NA,NA,NA,NA,NA,NA,NA,NA,NA,NA,NA,NA,NA,NA,NA,NA,NA,NA,NA,869,0.880157341,NA,NA,NA,NA,NA,NA,NA,NA,NA,NA,1068,0.912062028,NA,NA
1292,NA,NA,NA,NA,NA,NA,NA,NA,NA,NA,NA,NA,NA,NA,NA,NA,NA,NA,NA,NA,959,1.004871486,NA,NA,NA,NA,NA,NA,NA,NA,NA,NA,1070,0.973848681,NA,NA
1293,NA,NA,NA,NA,NA,NA,NA,NA,NA,NA,NA,NA,NA,NA,NA,NA,NA,NA,NA,NA,905,0.99035145,NA,NA,NA,NA,NA,NA,NA,NA,NA,NA,898,0.841712956,NA,NA
1294,NA,NA,NA,NA,NA,NA,NA,NA,NA,NA,NA,NA,NA,NA,NA,NA,NA,NA,NA,NA,878,0.976388776,NA,NA,NA,NA,NA,NA,NA,NA,NA,NA,689,0.75912433,NA,NA
1295,NA,NA,NA,NA,NA,NA,NA,NA,NA,NA,NA,NA,NA,NA,NA,NA,NA,NA,NA,NA,1254,1.231244715,NA,NA,NA,NA,NA,NA,NA,NA,NA,NA,889,1.139346871,NA,NA
1296,NA,NA,NA,NA,NA,NA,NA,NA,NA,NA,NA,NA,NA,NA,NA,NA,NA,NA,NA,NA,1461,1.322735585,NA,NA,NA,NA,NA,NA,NA,NA,NA,NA,799,0.9430946,NA,NA
1297,NA,NA,NA,NA,NA,NA,NA,NA,NA,NA,NA,NA,NA,NA,NA,NA,NA,NA,NA,NA,1205,0.889226744,NA,NA,NA,NA,NA,NA,NA,NA,NA,NA,739,0.913155925,NA,NA
1298,NA,NA,NA,NA,NA,NA,NA,NA,NA,NA,NA,NA,NA,NA,NA,NA,NA,NA,NA,NA,835,0.821115894,NA,NA,NA,NA,NA,NA,NA,NA,NA,NA,802,1.001145817,NA,NA
1299,NA,NA,NA,NA,NA,NA,NA,NA,NA,NA,NA,NA,NA,NA,NA,NA,NA,NA,NA,NA,1150,1.140045773,NA,NA,NA,NA,NA,NA,NA,NA,NA,NA,686,0.824336364,NA,NA
1300,NA,NA,NA,NA,NA,NA,NA,NA,NA,NA,NA,NA,NA,NA,NA,NA,NA,NA,NA,NA,957,0.925579092,NA,NA,NA,NA,NA,NA,NA,NA,NA,NA,833,1.133577019,NA,NA
1301,NA,NA,NA,NA,NA,NA,NA,NA,NA,NA,NA,NA,NA,NA,NA,NA,NA,NA,NA,NA,1092,1.021995639,NA,NA,NA,NA,NA,NA,NA,NA,NA,NA,811,0.926523118,NA,NA
1302,NA,NA,NA,NA,NA,NA,NA,NA,NA,NA,NA,NA,NA,NA,NA,NA,NA,NA,NA,NA,1021,1.005203306,NA,NA,NA,NA,NA,NA,NA,NA,NA,NA,746,0.884492479,NA,NA
1303,NA,NA,NA,NA,NA,NA,NA,NA,NA,NA,NA,NA,NA,NA,NA,NA,NA,NA,NA,NA,1204,1.149879227,NA,NA,NA,NA,NA,NA,NA,NA,NA,NA,787,0.98653402,NA,NA
1304,NA,NA,NA,NA,NA,NA,NA,NA,NA,NA,NA,NA,NA,NA,NA,NA,NA,NA,NA,NA,1321,1.311415133,NA,NA,NA,NA,NA,NA,NA,NA,NA,NA,627,0.784970469,NA,NA
1305,NA,NA,NA,NA,NA,NA,NA,NA,NA,NA,NA,NA,NA,NA,NA,NA,NA,NA,NA,NA,1280,1.114064236,NA,NA,NA,NA,NA,NA,NA,NA,NA,NA,775,1.082802081,NA,NA
1306,NA,NA,NA,NA,NA,NA,NA,NA,NA,NA,NA,NA,NA,NA,NA,NA,NA,NA,NA,NA,1223,1.07774628,NA,NA,NA,NA,NA,NA,NA,NA,NA,NA,659,0.86233083,NA,NA
1307,NA,NA,NA,NA,NA,NA,NA,NA,NA,NA,NA,NA,NA,NA,NA,NA,NA,NA,NA,NA,1093,1.052757893,NA,NA,NA,NA,NA,NA,NA,NA,NA,NA,790,1.076682839,NA,NA
1308,NA,NA,NA,NA,NA,NA,NA,NA,NA,NA,NA,NA,NA,NA,NA,NA,NA,NA,NA,NA,975,0.851996025,NA,NA,NA,NA,NA,NA,NA,NA,NA,NA,940,1.210847338,NA,NA
1309,NA,NA,NA,NA,NA,NA,NA,NA,NA,NA,NA,NA,NA,NA,NA,NA,NA,NA,NA,NA,952,1.00682304,NA,NA,NA,NA,NA,NA,NA,NA,NA,NA,862,0.968275345,NA,NA
1310,NA,NA,NA,NA,NA,NA,NA,NA,NA,NA,NA,NA,NA,NA,NA,NA,NA,NA,NA,NA,1134,1.082205878,NA,NA,NA,NA,NA,NA,NA,NA,NA,NA,979,1.13232508,NA,NA
1311,NA,NA,NA,NA,NA,NA,NA,NA,NA,NA,NA,NA,NA,NA,NA,NA,NA,NA,NA,NA,1193,1.144886727,NA,NA,NA,NA,NA,NA,NA,NA,NA,NA,1026,1.029700717,NA,NA
1312,NA,NA,NA,NA,NA,NA,NA,NA,NA,NA,NA,NA,NA,NA,NA,NA,NA,NA,NA,NA,1110,1.026152594,NA,NA,NA,NA,NA,NA,NA,NA,NA,NA,844,0.832557319,NA,NA
1313,NA,NA,NA,NA,NA,NA,NA,NA,NA,NA,NA,NA,NA,NA,NA,NA,NA,NA,NA,NA,1073,0.997910917,NA,NA,NA,NA,NA,NA,NA,NA,NA,NA,1008,1.127468423,NA,NA
1314,NA,NA,NA,NA,NA,NA,NA,NA,NA,NA,NA,NA,NA,NA,NA,NA,NA,NA,NA,NA,1319,1.200868045,NA,NA,NA,NA,NA,NA,NA,NA,NA,NA,1121,1.141204768,NA,NA
1315,NA,NA,NA,NA,NA,NA,NA,NA,NA,NA,NA,NA,NA,NA,NA,NA,NA,NA,NA,NA,1225,1.0060233,NA,NA,NA,NA,NA,NA,NA,NA,NA,NA,987,0.914755354,NA,NA
1316,NA,NA,NA,NA,NA,NA,NA,NA,NA,NA,NA,NA,NA,NA,NA,NA,NA,NA,NA,NA,1339,1.161433397,NA,NA,NA,NA,NA,NA,NA,NA,NA,NA,983,0.93393556,NA,NA
1317,NA,NA,NA,NA,NA,NA,NA,NA,NA,NA,NA,NA,NA,NA,NA,NA,NA,NA,NA,NA,1398,1.271293553,NA,NA,NA,NA,NA,NA,NA,NA,NA,NA,1084,1.119680315,NA,NA
1318,NA,NA,NA,NA,NA,NA,NA,NA,NA,NA,NA,NA,NA,NA,NA,NA,NA,NA,NA,NA,1269,1.007179385,NA,NA,NA,NA,NA,NA,NA,NA,NA,NA,919,0.887338804,NA,NA
1319,NA,NA,NA,NA,NA,NA,NA,NA,NA,NA,NA,NA,NA,NA,NA,NA,NA,NA,NA,NA,1332,1.060147541,NA,NA,NA,NA,NA,NA,NA,NA,NA,NA,1056,1.095835314,NA,NA
1320,NA,NA,NA,NA,NA,NA,NA,NA,NA,NA,NA,NA,NA,NA,NA,NA,NA,NA,NA,NA,1124,0.855542146,NA,NA,NA,NA,NA,NA,NA,NA,NA,NA,1050,1.037322311,NA,NA
1321,NA,NA,NA,NA,NA,NA,NA,NA,NA,NA,NA,NA,NA,NA,NA,NA,NA,NA,NA,NA,1105,0.852457133,NA,NA,NA,NA,NA,NA,NA,NA,NA,NA,1091,1.075580279,NA,NA
1322,NA,NA,NA,NA,NA,NA,NA,NA,NA,NA,NA,NA,NA,NA,NA,NA,NA,NA,NA,NA,1163,1.133299186,NA,NA,NA,NA,NA,NA,NA,NA,NA,NA,1187,1.177873175,NA,NA
1323,NA,NA,NA,NA,NA,NA,NA,NA,NA,NA,NA,NA,NA,NA,NA,NA,NA,NA,NA,NA,1016,0.819773759,NA,NA,NA,NA,NA,NA,NA,NA,NA,NA,1129,0.978138285,NA,NA
1324,NA,NA,NA,NA,NA,NA,NA,NA,NA,NA,NA,NA,NA,NA,NA,NA,NA,NA,NA,NA,992,0.903476778,NA,NA,NA,NA,NA,NA,NA,NA,NA,NA,1088,0.960541537,NA,NA
1325,NA,NA,NA,NA,NA,NA,NA,NA,NA,NA,NA,NA,NA,NA,NA,NA,NA,NA,NA,NA,1098,1.066474446,NA,NA,NA,NA,NA,NA,NA,NA,NA,NA,1171,1.083944672,NA,NA
1326,NA,NA,NA,NA,NA,NA,NA,NA,NA,NA,NA,NA,NA,NA,NA,NA,NA,NA,NA,NA,1252,1.177103757,NA,NA,NA,NA,NA,NA,NA,NA,NA,NA,1079,0.885298884,NA,NA
1327,NA,NA,NA,NA,NA,NA,NA,NA,NA,NA,NA,NA,NA,NA,NA,NA,NA,NA,NA,NA,1310,1.206026404,NA,NA,NA,NA,NA,NA,NA,NA,NA,NA,1127,1.009070648,NA,NA
1328,NA,NA,NA,NA,NA,NA,NA,NA,NA,NA,NA,NA,NA,NA,NA,NA,NA,NA,NA,NA,1264,1.076262548,NA,NA,NA,NA,NA,NA,NA,NA,NA,NA,1202,1.109688692,NA,NA
1329,NA,NA,NA,NA,NA,NA,NA,NA,NA,NA,NA,NA,NA,NA,NA,NA,NA,NA,NA,NA,1025,0.803417438,NA,NA,NA,NA,NA,NA,NA,NA,NA,NA,1069,0.912022182,NA,NA
1330,NA,NA,NA,NA,NA,NA,NA,NA,NA,NA,NA,NA,NA,NA,NA,NA,NA,NA,NA,NA,888,0.811414471,NA,NA,NA,NA,NA,NA,NA,NA,NA,NA,712,0.655228577,NA,NA
1331,NA,NA,NA,NA,NA,NA,NA,NA,NA,NA,NA,NA,NA,NA,NA,NA,NA,NA,NA,NA,1188,1.195960443,NA,NA,NA,NA,NA,NA,NA,NA,NA,NA,1096,1.249568964,NA,NA
1332,NA,NA,NA,NA,NA,NA,NA,NA,NA,NA,NA,NA,NA,NA,NA,NA,NA,NA,NA,NA,1266,1.170459274,NA,NA,NA,NA,NA,NA,NA,NA,NA,NA,1278,1.215126687,NA,NA
1333,NA,NA,NA,NA,NA,NA,NA,NA,NA,NA,NA,NA,NA,NA,NA,NA,NA,NA,NA,NA,872,0.718891761,NA,NA,NA,NA,NA,NA,NA,NA,NA,NA,898,0.61545656,NA,NA
1334,NA,NA,NA,NA,NA,NA,NA,NA,NA,NA,NA,NA,NA,NA,NA,NA,NA,NA,NA,NA,1078,1.042591024,NA,NA,NA,NA,NA,NA,NA,NA,NA,NA,745,0.732057876,NA,NA
1335,NA,NA,NA,NA,NA,NA,NA,NA,NA,NA,NA,NA,NA,NA,NA,NA,NA,NA,NA,NA,978,0.918994104,NA,NA,NA,NA,NA,NA,NA,NA,NA,NA,559,0.668076953,NA,NA
1336,NA,NA,NA,NA,NA,NA,NA,NA,NA,NA,NA,NA,NA,NA,NA,NA,NA,NA,NA,NA,1024,0.972459004,NA,NA,NA,NA,NA,NA,NA,NA,NA,NA,509,0.839734829,NA,NA
1337,NA,NA,NA,NA,NA,NA,NA,NA,NA,NA,NA,NA,NA,NA,NA,NA,NA,NA,NA,NA,943,0.933970619,NA,NA,NA,NA,NA,NA,NA,NA,NA,NA,593,0.984933784,NA,NA
1338,NA,NA,NA,NA,NA,NA,NA,NA,NA,NA,NA,NA,NA,NA,NA,NA,NA,NA,NA,NA,1068,1.086167019,NA,NA,NA,NA,NA,NA,NA,NA,NA,NA,574,0.915714071,NA,NA
1339,NA,NA,NA,NA,NA,NA,NA,NA,NA,NA,NA,NA,NA,NA,NA,NA,NA,NA,NA,NA,1072,1.049566493,NA,NA,NA,NA,NA,NA,NA,NA,NA,NA,712,1.082464016,NA,NA
1340,NA,NA,NA,NA,NA,NA,NA,NA,NA,NA,NA,NA,NA,NA,NA,NA,NA,NA,NA,NA,958,0.924619113,NA,NA,NA,NA,NA,NA,NA,NA,NA,NA,640,0.908760893,NA,NA
1341,NA,NA,NA,NA,NA,NA,NA,NA,NA,NA,NA,NA,NA,NA,NA,NA,NA,NA,NA,NA,938,0.965017369,NA,NA,NA,NA,NA,NA,NA,NA,NA,NA,535,0.846814036,NA,NA
1342,NA,NA,NA,NA,NA,NA,NA,NA,NA,NA,NA,NA,NA,NA,NA,NA,NA,NA,NA,NA,987,1.106982276,NA,NA,NA,NA,NA,NA,NA,NA,NA,NA,569,0.944915156,NA,NA
1343,NA,NA,NA,NA,NA,NA,NA,NA,NA,NA,NA,NA,NA,NA,NA,NA,NA,NA,NA,NA,971,0.926031013,NA,NA,NA,NA,NA,NA,NA,NA,NA,NA,539,0.912442573,NA,NA
1344,NA,NA,NA,NA,NA,NA,NA,NA,NA,NA,NA,NA,NA,NA,NA,NA,NA,NA,NA,NA,958,1.022050526,NA,NA,NA,NA,NA,NA,NA,NA,NA,NA,481,0.880456782,NA,NA
1345,NA,NA,NA,NA,NA,NA,NA,NA,NA,NA,NA,NA,NA,NA,NA,NA,NA,NA,NA,NA,973,0.987841004,NA,NA,NA,NA,NA,NA,NA,NA,NA,NA,577,0.987524885,NA,NA
1346,NA,NA,NA,NA,NA,NA,NA,NA,NA,NA,NA,NA,NA,NA,NA,NA,NA,NA,NA,NA,893,0.861786464,NA,NA,NA,NA,NA,NA,NA,NA,NA,NA,527,0.876657827,NA,NA
1347,NA,NA,NA,NA,NA,NA,NA,NA,NA,NA,NA,NA,NA,NA,NA,NA,NA,NA,NA,NA,823,0.915458936,NA,NA,NA,NA,NA,NA,NA,NA,NA,NA,608,1.010582797,NA,NA
1348,NA,NA,NA,NA,NA,NA,NA,NA,NA,NA,NA,NA,NA,NA,NA,NA,NA,NA,NA,NA,863,1.003022263,NA,NA,NA,NA,NA,NA,NA,NA,NA,NA,630,0.986913332,NA,NA
1349,NA,NA,NA,NA,NA,NA,NA,NA,NA,NA,NA,NA,NA,NA,NA,NA,NA,NA,NA,NA,743,0.834313778,NA,NA,NA,NA,NA,NA,NA,NA,NA,NA,637,1.009120683,NA,NA
1350,NA,NA,NA,NA,NA,NA,NA,NA,NA,NA,NA,NA,NA,NA,NA,NA,NA,NA,NA,NA,704,0.869702332,NA,NA,NA,NA,NA,NA,NA,NA,NA,NA,635,0.963817653,NA,NA
1351,NA,NA,NA,NA,NA,NA,NA,NA,NA,NA,NA,NA,NA,NA,NA,NA,NA,NA,NA,NA,879,1.098217589,NA,NA,NA,NA,NA,NA,NA,NA,NA,NA,675,0.967390744,NA,NA
1352,NA,NA,NA,NA,NA,NA,NA,NA,NA,NA,NA,NA,NA,NA,NA,NA,NA,NA,NA,NA,815,0.96652599,NA,NA,NA,NA,NA,NA,NA,NA,NA,NA,661,0.932886663,NA,NA
1353,NA,NA,NA,NA,NA,NA,NA,NA,NA,NA,NA,NA,NA,NA,NA,NA,NA,NA,NA,NA,1072,1.215216204,NA,NA,NA,NA,NA,NA,NA,NA,NA,NA,819,1.087139104,NA,NA
1354,NA,NA,NA,NA,NA,NA,NA,NA,NA,NA,NA,NA,NA,NA,NA,NA,NA,NA,NA,NA,794,0.869286945,NA,NA,NA,NA,NA,NA,NA,NA,NA,NA,672,0.862558718,NA,NA
1355,NA,NA,NA,NA,NA,NA,NA,NA,NA,NA,NA,NA,NA,NA,NA,NA,NA,NA,NA,NA,829,0.972550313,NA,NA,NA,NA,NA,NA,NA,NA,NA,NA,764,1.039387044,NA,NA
1356,NA,NA,NA,NA,NA,NA,NA,NA,NA,NA,NA,NA,NA,NA,NA,NA,NA,NA,NA,NA,731,0.871901603,NA,NA,NA,NA,NA,NA,NA,NA,NA,NA,836,1.034148744,NA,NA
1357,NA,NA,NA,NA,NA,NA,NA,NA,NA,NA,NA,NA,NA,NA,NA,NA,NA,NA,NA,NA,722,0.937230503,NA,NA,NA,NA,NA,NA,NA,NA,NA,NA,758,0.906194123,NA,NA
1358,NA,NA,NA,NA,NA,NA,NA,NA,NA,NA,NA,NA,NA,NA,NA,NA,NA,NA,NA,NA,796,1.002611066,NA,NA,NA,NA,NA,NA,NA,NA,NA,NA,911,1.103796137,NA,NA
1359,NA,NA,NA,NA,NA,NA,NA,NA,NA,NA,NA,NA,NA,NA,NA,NA,NA,NA,NA,NA,723,0.943325258,NA,NA,NA,NA,NA,NA,NA,NA,NA,NA,932,1.058468152,NA,NA
1360,NA,NA,NA,NA,NA,NA,NA,NA,NA,NA,NA,NA,NA,NA,NA,NA,NA,NA,NA,NA,750,0.987416692,NA,NA,NA,NA,NA,NA,NA,NA,NA,NA,655,0.777551034,NA,NA
1361,NA,NA,NA,NA,NA,NA,NA,NA,NA,NA,NA,NA,NA,NA,NA,NA,NA,NA,NA,NA,776,0.992688527,NA,NA,NA,NA,NA,NA,NA,NA,NA,NA,845,1.046604655,NA,NA
1362,NA,NA,NA,NA,NA,NA,NA,NA,NA,NA,NA,NA,NA,NA,NA,NA,NA,NA,NA,NA,827,1.00102164,NA,NA,NA,NA,NA,NA,NA,NA,NA,NA,905,1.027877967,NA,NA
1363,NA,NA,NA,NA,NA,NA,NA,NA,NA,NA,NA,NA,NA,NA,NA,NA,NA,NA,NA,NA,870,1.05851106,NA,NA,NA,NA,NA,NA,NA,NA,NA,NA,912,1.038026764,NA,NA
1364,NA,NA,NA,NA,NA,NA,NA,NA,NA,NA,NA,NA,NA,NA,NA,NA,NA,NA,NA,NA,771,0.913401497,NA,NA,NA,NA,NA,NA,NA,NA,NA,NA,915,1.015579443,NA,NA
1365,NA,NA,NA,NA,NA,NA,NA,NA,NA,NA,NA,NA,NA,NA,NA,NA,NA,NA,NA,NA,782,0.942893209,NA,NA,NA,NA,NA,NA,NA,NA,NA,NA,1116,1.221008015,NA,NA
1366,NA,NA,NA,NA,NA,NA,NA,NA,NA,NA,NA,NA,NA,NA,NA,NA,NA,NA,NA,NA,705,0.92064219,NA,NA,NA,NA,NA,NA,NA,NA,NA,NA,1203,1.147886132,NA,NA
1367,NA,NA,NA,NA,NA,NA,NA,NA,NA,NA,NA,NA,NA,NA,NA,NA,NA,NA,NA,NA,798,1.050283394,NA,NA,NA,NA,NA,NA,NA,NA,NA,NA,1051,0.896362965,NA,NA
1368,NA,NA,NA,NA,NA,NA,NA,NA,NA,NA,NA,NA,NA,NA,NA,NA,NA,NA,NA,NA,870,1.076558702,NA,NA,NA,NA,NA,NA,NA,NA,NA,NA,1424,1.357072692,NA,NA
1369,NA,NA,NA,NA,NA,NA,NA,NA,NA,NA,NA,NA,NA,NA,NA,NA,NA,NA,NA,NA,762,0.924476513,NA,NA,NA,NA,NA,NA,NA,NA,NA,NA,1256,0.964433391,NA,NA
1370,NA,NA,NA,NA,NA,NA,NA,NA,NA,NA,NA,NA,NA,NA,NA,NA,NA,NA,NA,NA,763,0.957181967,NA,NA,NA,NA,NA,NA,NA,NA,NA,NA,1245,1.016881203,NA,NA
1371,NA,NA,NA,NA,NA,NA,NA,NA,NA,NA,NA,NA,NA,NA,NA,NA,NA,NA,NA,NA,771,0.983914858,NA,NA,NA,NA,NA,NA,NA,NA,NA,NA,1362,1.083486174,NA,NA
1372,NA,NA,NA,NA,NA,NA,NA,NA,NA,NA,NA,NA,NA,NA,NA,NA,NA,NA,NA,NA,771,0.985197748,NA,NA,NA,NA,NA,NA,NA,NA,NA,NA,1379,1.032673805,NA,NA
1373,NA,NA,NA,NA,NA,NA,NA,NA,NA,NA,NA,NA,NA,NA,NA,NA,NA,NA,NA,NA,694,0.867461326,NA,NA,NA,NA,NA,NA,NA,NA,NA,NA,1353,1.036564023,NA,NA
1374,NA,NA,NA,NA,NA,NA,NA,NA,NA,NA,NA,NA,NA,NA,NA,NA,NA,NA,NA,NA,856,1.099231087,NA,NA,NA,NA,NA,NA,NA,NA,NA,NA,1524,1.188913869,NA,NA
1375,NA,NA,NA,NA,NA,NA,NA,NA,NA,NA,NA,NA,NA,NA,NA,NA,NA,NA,NA,NA,682,0.849185017,NA,NA,NA,NA,NA,NA,NA,NA,NA,NA,1172,0.793144349,NA,NA
1376,NA,NA,NA,NA,NA,NA,NA,NA,NA,NA,NA,NA,NA,NA,NA,NA,NA,NA,NA,NA,762,0.981842238,NA,NA,NA,NA,NA,NA,NA,NA,NA,NA,1261,1.041597819,NA,NA
1377,NA,NA,NA,NA,NA,NA,NA,NA,NA,NA,NA,NA,NA,NA,NA,NA,NA,NA,NA,NA,937,1.147399157,NA,NA,NA,NA,NA,NA,NA,NA,NA,NA,1368,1.061076128,NA,NA
1378,NA,NA,NA,NA,NA,NA,NA,NA,NA,NA,NA,NA,NA,NA,NA,NA,NA,NA,NA,NA,861,1.023094124,NA,NA,NA,NA,NA,NA,NA,NA,NA,NA,1102,0.833098514,NA,NA
1379,NA,NA,NA,NA,NA,NA,NA,NA,NA,NA,NA,NA,NA,NA,NA,NA,NA,NA,NA,NA,815,0.923401797,NA,NA,NA,NA,NA,NA,NA,NA,NA,NA,994,0.892192674,NA,NA
1380,NA,NA,NA,NA,NA,NA,NA,NA,NA,NA,NA,NA,NA,NA,NA,NA,NA,NA,NA,NA,800,0.990633683,NA,NA,NA,NA,NA,NA,NA,NA,NA,NA,911,0.847948059,NA,NA
1381,NA,NA,NA,NA,NA,NA,NA,NA,NA,NA,NA,NA,NA,NA,NA,NA,NA,NA,NA,NA,912,1.04251704,NA,NA,NA,NA,NA,NA,NA,NA,NA,NA,974,1.015775777,NA,NA
1382,NA,NA,NA,NA,NA,NA,NA,NA,NA,NA,NA,NA,NA,NA,NA,NA,NA,NA,NA,NA,1160,1.262053443,NA,NA,NA,NA,NA,NA,NA,NA,NA,NA,815,0.831012212,NA,NA
1383,NA,NA,NA,NA,NA,NA,NA,NA,NA,NA,NA,NA,NA,NA,NA,NA,NA,NA,NA,NA,1002,0.982273868,NA,NA,NA,NA,NA,NA,NA,NA,NA,NA,1083,1.197940724,NA,NA
1384,NA,NA,NA,NA,NA,NA,NA,NA,NA,NA,NA,NA,NA,NA,NA,NA,NA,NA,NA,NA,987,0.996602534,NA,NA,NA,NA,NA,NA,NA,NA,NA,NA,999,0.990375623,NA,NA
1385,NA,NA,NA,NA,NA,NA,NA,NA,NA,NA,NA,NA,NA,NA,NA,NA,NA,NA,NA,NA,1019,1.041263968,NA,NA,NA,NA,NA,NA,NA,NA,NA,NA,1068,1.069170214,NA,NA
1386,NA,NA,NA,NA,NA,NA,NA,NA,NA,NA,NA,NA,NA,NA,NA,NA,NA,NA,NA,NA,844,0.896181985,NA,NA,NA,NA,NA,NA,NA,NA,NA,NA,1090,1.011433258,NA,NA
1387,NA,NA,NA,NA,NA,NA,NA,NA,NA,NA,NA,NA,NA,NA,NA,NA,NA,NA,NA,NA,829,0.930117446,NA,NA,NA,NA,NA,NA,NA,NA,NA,NA,1129,0.998167249,NA,NA
1388,NA,NA,NA,NA,NA,NA,NA,NA,NA,NA,NA,NA,NA,NA,NA,NA,NA,NA,NA,NA,942,1.063975578,NA,NA,NA,NA,NA,NA,NA,NA,NA,NA,1102,0.988053897,NA,NA
1389,NA,NA,NA,NA,NA,NA,NA,NA,NA,NA,NA,NA,NA,NA,NA,NA,NA,NA,NA,NA,893,0.94284907,NA,NA,NA,NA,NA,NA,NA,NA,NA,NA,1184,1.099510039,NA,NA
1390,NA,NA,NA,NA,NA,NA,NA,NA,NA,NA,NA,NA,NA,NA,NA,NA,NA,NA,NA,NA,983,1.03809213,NA,NA,NA,NA,NA,NA,NA,NA,NA,NA,1042,0.895088174,NA,NA
1391,NA,NA,NA,NA,NA,NA,NA,NA,NA,NA,NA,NA,NA,NA,NA,NA,NA,NA,NA,NA,1029,1.054753322,NA,NA,NA,NA,NA,NA,NA,NA,NA,NA,1176,1.099950942,NA,NA
1392,NA,NA,NA,NA,NA,NA,NA,NA,NA,NA,NA,NA,NA,NA,NA,NA,NA,NA,NA,NA,1039,1.028664189,NA,NA,NA,NA,NA,NA,NA,NA,NA,NA,1181,1.049552285,NA,NA
1393,NA,NA,NA,NA,NA,NA,NA,NA,NA,NA,NA,NA,NA,NA,NA,NA,NA,NA,NA,NA,715,0.753552155,NA,NA,NA,NA,NA,NA,NA,NA,NA,NA,959,0.826006724,NA,NA
1394,NA,NA,NA,NA,NA,NA,NA,NA,NA,NA,NA,NA,NA,NA,NA,NA,NA,NA,NA,NA,818,0.964334654,NA,NA,NA,NA,NA,NA,NA,NA,NA,NA,1082,1.07891177,NA,NA
1395,NA,NA,NA,1.767529024,NA,2,NA,NA,NA,NA,NA,NA,NA,NA,NA,NA,NA,NA,NA,NA,862,1.018885988,NA,NA,NA,NA,NA,NA,NA,NA,NA,NA,1165,1.092207942,NA,NA
1396,NA,NA,NA,1.7478744,NA,2,NA,NA,NA,NA,NA,NA,NA,NA,NA,NA,NA,NA,NA,NA,831,0.947643417,NA,NA,NA,NA,NA,NA,NA,NA,NA,NA,1136,1.020939532,NA,NA
1397,NA,NA,NA,1.358271068,NA,2,NA,NA,NA,NA,NA,NA,NA,NA,NA,NA,NA,NA,NA,NA,886,1.009750703,NA,NA,NA,NA,NA,NA,NA,NA,NA,NA,963,0.853252878,NA,NA
1398,NA,NA,NA,1.666357004,1.098439059,2,NA,NA,NA,NA,NA,NA,NA,NA,NA,NA,NA,NA,NA,NA,748,0.903746602,NA,NA,NA,NA,NA,NA,NA,NA,NA,NA,912,0.900642173,NA,NA
1399,NA,NA,NA,1.479122275,1.087695942,2,NA,NA,NA,NA,NA,NA,NA,NA,NA,NA,NA,NA,NA,NA,757,0.952066018,NA,NA,NA,NA,NA,NA,NA,NA,NA,NA,543,0.589405405,NA,NA
1400,NA,NA,NA,1.645265259,1.222896296,2,NA,NA,NA,NA,NA,NA,NA,NA,NA,NA,NA,NA,NA,NA,840,1.009934935,NA,NA,NA,NA,NA,NA,NA,NA,NA,NA,883,1.162018654,NA,NA
1401,NA,NA,NA,1.476714907,0.900876593,2,NA,NA,NA,NA,NA,NA,NA,NA,NA,NA,NA,NA,NA,NA,937,1.089489332,NA,NA,NA,NA,NA,NA,NA,NA,NA,NA,1105,1.129019145,NA,NA
1402,NA,NA,NA,1.38404618,0.97686902,2,NA,NA,NA,NA,NA,NA,NA,NA,NA,NA,NA,NA,NA,NA,954,1.075538585,NA,NA,NA,NA,NA,NA,NA,NA,NA,NA,1077,1.06417701,NA,NA
1403,NA,NA,NA,1.372339388,0.968987965,2,NA,NA,NA,NA,NA,NA,NA,NA,NA,NA,NA,NA,NA,NA,1011,1.076820602,NA,NA,NA,NA,NA,NA,NA,NA,NA,NA,1246,1.16524253,NA,NA
1404,NA,NA,NA,1.300989127,0.972441224,2,NA,NA,NA,NA,NA,NA,NA,NA,NA,NA,NA,NA,NA,NA,1017,1.037469687,NA,NA,NA,NA,NA,NA,NA,NA,NA,NA,1401,1.207533187,NA,NA
1405,NA,NA,NA,1.49782632,1.193189145,2,NA,NA,NA,NA,NA,NA,NA,NA,NA,NA,NA,NA,NA,NA,799,0.828764433,NA,NA,NA,NA,NA,NA,NA,NA,NA,NA,1129,0.869703805,NA,NA
1406,NA,NA,NA,1.564043608,1.179560203,2,NA,NA,NA,NA,NA,NA,NA,NA,NA,NA,NA,NA,NA,NA,784,0.902819967,NA,NA,NA,NA,NA,NA,NA,NA,NA,NA,1240,1.057429117,NA,NA
1407,NA,NA,NA,1.294753653,0.838223938,2,NA,NA,NA,NA,NA,NA,NA,NA,NA,NA,NA,NA,NA,NA,940,1.084703827,NA,NA,NA,NA,NA,NA,NA,NA,NA,NA,1051,0.860900294,NA,NA
1408,NA,NA,NA,1.373557146,1.015717884,2,NA,NA,NA,NA,NA,NA,NA,NA,NA,NA,NA,NA,NA,NA,770,0.854540682,NA,NA,NA,NA,NA,NA,NA,NA,NA,NA,829,0.789936658,NA,NA
1409,NA,NA,NA,1.175701885,0.832911746,2,NA,NA,NA,NA,NA,NA,NA,NA,NA,NA,NA,NA,NA,NA,1115,1.26298164,NA,NA,NA,NA,NA,NA,NA,NA,NA,NA,1247,1.196717293,NA,NA
1410,NA,NA,NA,1.109400043,0.91187319,2,NA,NA,NA,NA,NA,NA,NA,NA,NA,NA,NA,NA,NA,NA,913,0.913343305,NA,NA,NA,NA,NA,NA,NA,NA,NA,NA,941,0.823324053,NA,NA
1411,NA,NA,NA,0.880865305,0.705812287,2,NA,NA,NA,NA,NA,NA,NA,NA,NA,NA,NA,NA,NA,NA,943,0.975201283,NA,NA,NA,NA,NA,NA,NA,NA,NA,NA,857,0.94249401,NA,NA
1412,NA,NA,NA,0.83130331,0.872582932,2,NA,NA,NA,NA,NA,NA,NA,NA,NA,NA,NA,NA,NA,NA,1204,1.254333676,NA,NA,NA,NA,NA,NA,NA,NA,NA,NA,1024,1.1302531,NA,NA
1413,NA,NA,NA,0.838032176,0.903448147,2,NA,NA,NA,NA,NA,NA,NA,NA,NA,NA,NA,NA,NA,NA,814,0.76681829,NA,NA,NA,NA,NA,NA,NA,NA,NA,NA,781,0.810592147,NA,NA
1414,NA,NA,NA,0.861255123,0.984306455,2,NA,NA,NA,NA,NA,NA,NA,NA,NA,NA,NA,NA,NA,NA,962,1.036149889,NA,NA,NA,NA,NA,NA,NA,NA,NA,NA,865,1.011119424,NA,NA
1415,NA,NA,NA,1.012106533,1.108566435,2,NA,NA,NA,NA,NA,NA,NA,NA,NA,NA,NA,NA,NA,NA,1071,1.135293272,NA,NA,NA,NA,NA,NA,NA,NA,NA,NA,932,1.022786199,NA,NA
1416,NA,NA,NA,1.544735713,1.548054798,2,NA,NA,NA,NA,NA,NA,NA,NA,NA,NA,NA,NA,NA,NA,1302,1.301746273,NA,NA,NA,NA,NA,NA,NA,NA,NA,NA,882,0.947907528,NA,NA
1417,NA,NA,NA,1.171155974,0.718795633,3,NA,NA,NA,NA,NA,NA,NA,NA,NA,NA,NA,NA,NA,NA,1072,0.93395949,NA,NA,NA,NA,NA,NA,NA,NA,NA,NA,832,0.957159296,NA,NA
1418,NA,NA,NA,1.195802314,0.944744583,3,NA,NA,NA,NA,NA,NA,NA,NA,NA,NA,NA,NA,NA,NA,880,0.79232606,NA,NA,NA,NA,NA,NA,NA,NA,NA,NA,859,0.975918818,NA,NA
1419,NA,NA,NA,1.259814784,0.878137098,3,NA,NA,NA,NA,NA,NA,NA,NA,NA,NA,NA,NA,NA,NA,1160,1.137899204,NA,NA,NA,NA,NA,NA,NA,NA,NA,NA,973,1.102208737,NA,NA
1420,NA,NA,NA,1.298196854,1.4621422,4,NA,NA,NA,NA,NA,NA,NA,NA,NA,NA,NA,NA,NA,NA,867,0.828333881,NA,NA,NA,NA,NA,NA,NA,NA,NA,NA,1055,1.067299645,NA,NA
1421,NA,NA,NA,1.070605925,0.727220775,4,NA,NA,NA,NA,NA,NA,NA,NA,NA,NA,NA,NA,NA,NA,1063,1.102912177,NA,NA,NA,NA,NA,NA,NA,NA,NA,NA,761,0.765136202,NA,NA
1422,NA,NA,NA,0.984531641,0.704491676,4,NA,NA,NA,NA,NA,NA,NA,NA,NA,NA,NA,NA,NA,NA,1046,1.066121168,NA,NA,NA,NA,NA,NA,NA,NA,NA,NA,972,1.119810551,NA,NA
1423,NA,NA,NA,0.802415902,0.674044097,4,NA,NA,NA,NA,NA,NA,NA,NA,NA,NA,NA,NA,NA,NA,983,0.928497265,NA,NA,NA,NA,NA,NA,NA,NA,NA,NA,934,0.974672111,NA,NA
1424,NA,NA,NA,0.986444457,1.064242462,4,NA,NA,NA,NA,NA,NA,NA,NA,NA,NA,NA,NA,NA,NA,854,0.852662083,NA,NA,NA,NA,NA,NA,NA,NA,NA,NA,1022,1.072962584,NA,NA
1425,NA,NA,NA,0.934666121,0.920209773,4,NA,NA,NA,NA,NA,NA,NA,NA,NA,NA,NA,NA,NA,NA,899,0.963737808,NA,NA,NA,NA,NA,NA,NA,NA,NA,NA,1188,1.168790562,NA,NA
1426,NA,NA,NA,1.022536565,0.986811868,4,NA,NA,NA,NA,NA,NA,NA,NA,NA,NA,NA,NA,NA,NA,940,0.981711319,NA,NA,NA,NA,NA,NA,NA,NA,NA,NA,1378,1.211220763,NA,NA
1427,NA,NA,NA,0.866078054,0.871493822,4,NA,NA,NA,NA,NA,NA,NA,NA,NA,NA,NA,NA,NA,NA,917,0.956464417,NA,NA,NA,NA,NA,NA,NA,NA,NA,NA,1237,0.968692147,NA,NA
1428,NA,NA,NA,0.841856893,0.887760683,4,NA,NA,NA,NA,NA,NA,NA,NA,NA,NA,NA,NA,NA,NA,1115,1.178728061,NA,NA,NA,NA,NA,NA,NA,NA,NA,NA,1350,1.118473494,NA,NA
1429,NA,NA,NA,0.709598883,0.832355889,4,1.439663452,NA,1,NA,NA,NA,NA,NA,NA,NA,NA,NA,NA,NA,897,0.873448102,NA,NA,NA,NA,NA,NA,NA,NA,NA,NA,1197,0.91442536,NA,NA
1430,NA,NA,NA,0.752539192,0.964463234,4,1.546876854,NA,1,NA,NA,NA,NA,NA,NA,NA,NA,NA,NA,NA,980,1.039401301,NA,NA,NA,NA,NA,NA,NA,NA,NA,NA,1290,1.066390628,NA,NA
1431,NA,NA,NA,0.633162488,0.754059166,4,1.73908942,NA,1,NA,NA,NA,NA,NA,NA,NA,NA,NA,NA,NA,966,0.992087424,NA,NA,NA,NA,NA,NA,NA,NA,NA,NA,1520,1.235070214,NA,NA
1432,NA,NA,NA,0.712124326,1.021945901,4,1.48569685,NA,1,NA,NA,NA,NA,NA,NA,NA,NA,NA,NA,NA,983,0.996613006,NA,NA,NA,NA,NA,NA,NA,NA,NA,NA,1550,1.138888701,NA,NA
1433,NA,NA,NA,0.69034959,0.92895742,4,0.229005373,NA,1,NA,NA,NA,NA,NA,NA,NA,NA,NA,NA,NA,881,0.922868369,NA,NA,NA,NA,NA,NA,NA,NA,NA,NA,1534,1.086809162,NA,NA
1434,NA,NA,NA,0.888821706,1.07322334,4,0.204529484,0.312851831,1,NA,NA,NA,NA,NA,NA,NA,NA,NA,NA,NA,908,0.992153383,NA,NA,NA,NA,NA,NA,NA,NA,NA,NA,1426,0.929580458,NA,NA
1435,NA,NA,NA,1.042661744,1.194411459,4,1.036075054,1.363813905,1,NA,NA,NA,NA,NA,NA,NA,NA,NA,NA,NA,872,0.937213168,NA,NA,NA,NA,NA,NA,NA,NA,NA,NA,1479,1.075163553,NA,NA
1436,NA,NA,NA,1.144798219,1.05502064,5,0.972173645,1.072010309,1,NA,NA,NA,NA,NA,NA,NA,NA,NA,1501,1357,1139,1.238385566,NA,NA,NA,NA,NA,NA,NA,NA,NA,NA,1404,0.966884322,NA,NA
1437,NA,NA,NA,0.949036677,0.84427507,5,0.942214604,1.032622308,1,NA,NA,NA,NA,NA,NA,NA,NA,NA,1321,1082,905,0.876257169,NA,NA,NA,NA,NA,NA,NA,NA,NA,NA,1037,0.713469304,NA,NA
1438,NA,NA,NA,0.993472751,1.007378837,5,0.686130511,0.81994208,1,NA,NA,NA,NA,NA,NA,NA,NA,NA,839,577,844,0.900201817,NA,NA,NA,NA,NA,NA,NA,NA,NA,NA,1009,0.907235411,NA,NA
1439,NA,NA,NA,1.016474672,1.025259829,5,1.151882678,1.349253747,1,NA,NA,NA,NA,NA,NA,NA,NA,NA,1053,1000,822,0.95074098,NA,NA,NA,NA,NA,NA,NA,NA,NA,NA,1029,0.966682252,NA,NA
1440,NA,NA,NA,1.096610507,1.108237496,5,1.49928247,1.494529552,1,NA,NA,NA,NA,NA,NA,NA,NA,NA,1005,1020,973,1.090973512,NA,NA,NA,NA,NA,NA,NA,NA,NA,NA,1311,1.238274493,NA,NA
1441,NA,NA,NA,1.192667523,1.167769356,5,1.550427318,1.354151458,1,NA,NA,NA,NA,NA,NA,NA,NA,NA,942,924,936,0.992260432,NA,NA,NA,NA,NA,NA,NA,NA,NA,NA,1140,0.945970046,NA,NA
1442,NA,NA,NA,0.791789533,0.831069332,5,0.947048589,0.651213672,1,NA,NA,NA,NA,NA,NA,NA,NA,NA,757,769,918,0.955755611,NA,NA,NA,NA,NA,NA,NA,NA,NA,NA,1171,1.012780934,NA,NA
1443,NA,NA,NA,1.315522245,1.266636961,5,1.760766454,1.663112342,1,NA,NA,NA,NA,NA,NA,NA,NA,NA,1267,1368,980,1.012764818,NA,NA,NA,NA,NA,NA,NA,NA,NA,NA,1280,1.126028796,NA,NA
1444,NA,NA,NA,1.539078949,1.382113178,5,1.62612666,1.233211348,1,NA,NA,NA,NA,NA,NA,NA,NA,NA,1000,982,1000,1.029392604,NA,NA,NA,NA,NA,NA,NA,NA,NA,NA,1074,0.88222091,NA,NA
1445,NA,NA,NA,1.109977621,0.766579653,6,0.502707952,0.054001366,1,NA,NA,NA,NA,NA,NA,NA,NA,NA,815,746,1034,1.010405032,NA,NA,NA,NA,NA,NA,NA,NA,NA,NA,973,0.878119484,NA,NA
1446,NA,NA,NA,1.417121337,1.038425983,6,0.865848739,0.867484599,1,NA,NA,NA,NA,NA,NA,NA,NA,NA,1447,1510,951,0.910416672,NA,NA,NA,NA,NA,NA,NA,NA,NA,NA,1028,1.008246949,NA,NA
1447,NA,NA,NA,1.306748399,1.049988415,6,0.915236967,0.955204691,1,NA,NA,NA,NA,NA,NA,NA,NA,NA,1123,1029,1090,1.094958258,NA,NA,NA,NA,NA,NA,NA,NA,NA,NA,1057,0.985859059,NA,NA
1448,NA,NA,NA,0.947654694,0.710389173,6,0.883127903,0.889233892,1,NA,NA,NA,NA,NA,NA,NA,NA,NA,1495,1340,1031,0.990065846,NA,NA,NA,NA,NA,NA,NA,NA,NA,NA,1026,0.969092379,NA,NA
1449,NA,NA,NA,1.056436169,0.988217103,6,1.234876816,1.297522747,1,NA,NA,NA,NA,NA,NA,NA,NA,NA,1249,1043,955,0.891614524,NA,NA,NA,NA,NA,NA,NA,NA,NA,NA,997,0.978691728,NA,NA
1450,NA,NA,NA,0.879506839,0.82553114,6,0.863881183,0.83982548,1,NA,NA,NA,NA,NA,NA,NA,NA,NA,1487,1267,762,0.81130236,NA,NA,NA,NA,NA,NA,NA,NA,NA,NA,1047,1.03864943,NA,NA
1451,NA,NA,NA,1.080728262,1.090405503,6,0.554002842,0.597924417,1,NA,NA,NA,NA,NA,NA,NA,NA,NA,1517,1276,974,1.123925481,NA,NA,NA,NA,NA,NA,NA,NA,NA,NA,1319,1.283042404,NA,NA
1452,NA,NA,NA,0.966430767,0.908508394,6,0.482388505,0.683612632,1,NA,NA,NA,NA,NA,NA,NA,NA,NA,1449,1136,885,0.926744568,NA,NA,NA,NA,NA,NA,NA,NA,NA,NA,1082,0.874499938,NA,NA
1453,NA,NA,NA,0.916881707,0.914013952,6,0.49397005,0.787103891,1,NA,NA,NA,NA,NA,NA,NA,NA,NA,1356,1049,899,0.967836255,NA,NA,NA,NA,NA,NA,NA,NA,NA,NA,853,0.78570145,NA,NA
1454,NA,NA,NA,1.009688177,1.017324441,6,0.533739094,0.859328355,1,0.659969776,NA,1,NA,NA,NA,NA,NA,NA,1192,931,918,0.987982253,NA,NA,NA,NA,NA,NA,NA,NA,NA,NA,1018,1.084014232,NA,NA
1455,NA,NA,NA,1.070668384,1.090625953,6,0.357491261,0.717619036,1,0.752892447,NA,1,NA,NA,NA,NA,NA,NA,1113,932,837,0.939859452,NA,NA,NA,NA,NA,NA,NA,NA,NA,NA,998,1.001587727,NA,NA
1456,NA,NA,NA,1.266267821,1.235972524,6,0.49148595,0.943402704,1,0.803255352,NA,1,NA,NA,NA,NA,NA,NA,1144,1038,839,0.981205552,NA,NA,NA,NA,NA,NA,NA,NA,NA,NA,963,0.97739627,NA,NA
1457,NA,NA,NA,1.124415845,0.958736168,6,0.59823593,1.025153962,1,0.516642167,NA,1,NA,NA,NA,NA,NA,NA,1380,1294,758,0.856164894,NA,NA,NA,NA,NA,NA,NA,NA,NA,NA,839,0.863766013,NA,NA
1458,NA,NA,NA,0.876093674,0.814200858,6,0.763210532,1.135713723,1,0.627544128,NA,1,NA,NA,NA,NA,NA,NA,907,733,686,0.859575581,NA,NA,NA,NA,NA,NA,NA,NA,NA,NA,689,0.809513886,NA,NA
1459,NA,NA,NA,0.960510568,0.961321533,6,0.584661994,0.868770614,1,0.49295685,NA,1,NA,NA,NA,NA,NA,NA,753,668,871,1.072139026,NA,NA,NA,NA,NA,NA,NA,NA,NA,NA,728,0.928601314,NA,NA
1460,NA,NA,NA,1.086295997,1.110073754,6,0.558498373,0.883579639,1,0.341636587,NA,1,NA,NA,NA,NA,NA,NA,349,437,975,1.09784639,NA,NA,NA,NA,NA,NA,NA,NA,NA,NA,813,1.023780515,NA,NA
1461,NA,NA,NA,1.29453825,1.212375601,6,0.754580599,1.089317669,1,0.767917797,NA,1,NA,NA,NA,NA,NA,NA,283,559,943,1.00243237,NA,NA,NA,NA,NA,NA,NA,NA,NA,NA,890,1.056086559,NA,NA
1462,NA,NA,NA,1.23504787,1.054599828,6,1.263483907,1.518795177,1,0.634580604,NA,1,NA,NA,NA,NA,NA,NA,505,924,933,0.991908138,NA,NA,NA,NA,NA,NA,NA,NA,NA,NA,922,1.054670712,NA,NA
1463,NA,NA,NA,1.120468202,0.918528528,6,1.17171273,1.187240184,1,0.812125077,NA,1,NA,NA,NA,NA,NA,NA,849,1233,1016,1.080578785,NA,NA,NA,NA,NA,NA,NA,NA,NA,NA,973,1.017081901,NA,NA
1464,NA,NA,NA,1.043370342,0.914761663,6,0.961341567,0.928181702,1,0.542084344,NA,1,NA,NA,NA,NA,NA,NA,669,881,934,0.987391505,NA,NA,NA,NA,NA,NA,NA,NA,NA,NA,797,0.845679765,NA,NA
1465,NA,NA,NA,0.978484282,0.970577593,6,0.729278323,0.743469799,1,0.883408915,NA,1,NA,NA,NA,NA,NA,NA,811,985,1060,1.053813645,NA,NA,NA,NA,NA,NA,NA,NA,NA,NA,878,1.022354969,NA,NA
1466,NA,NA,NA,0.92056397,0.81281077,6,1.019781053,1.125007034,1,0.75174555,NA,1,NA,NA,NA,NA,NA,NA,835,1003,912,0.891760191,NA,NA,NA,NA,NA,NA,NA,NA,NA,NA,736,0.820321952,NA,NA
1467,NA,NA,NA,1.088828184,1.119883086,6,0.915090093,0.926669435,1,0.835110381,NA,1,NA,NA,NA,NA,NA,NA,926,1049,1237,1.180290064,NA,NA,NA,NA,NA,NA,NA,NA,NA,NA,833,1.006907485,NA,NA
1468,NA,NA,NA,1.098049014,1.05645487,6,0.869360226,0.91603882,1,0.936205213,NA,1,NA,NA,NA,NA,NA,NA,855,934,1032,0.928454563,NA,NA,NA,NA,NA,NA,NA,NA,NA,NA,771,0.926009929,NA,NA
1469,NA,NA,NA,1.053509838,1.007652976,6,0.813145365,0.901239818,1,0.858028021,NA,1,NA,NA,NA,NA,NA,NA,695,770,1266,1.223697821,NA,NA,NA,NA,NA,NA,NA,NA,NA,NA,749,0.940118186,NA,NA
1470,NA,NA,NA,0.949519496,0.806141947,6,1.089200288,1.214710339,1,0.60970284,NA,1,NA,NA,NA,NA,NA,NA,683,827,1160,0.99292614,NA,NA,NA,NA,NA,NA,NA,NA,NA,NA,804,0.994716199,NA,NA
1471,NA,NA,NA,0.966895016,0.988284185,6,1.033434937,1.044565904,1,0.879295128,NA,1,NA,NA,NA,NA,NA,NA,489,680,974,0.891323203,NA,NA,NA,NA,NA,NA,NA,NA,NA,NA,680,0.856370024,NA,NA
1472,NA,NA,NA,0.899821692,0.917658735,6,1.078911837,1.082606013,1,1.200578996,NA,1,NA,NA,NA,NA,NA,NA,927,1196,898,0.889770705,NA,NA,NA,NA,NA,NA,NA,NA,NA,NA,869,1.105280597,NA,NA
1473,NA,NA,NA,0.951111695,1.007447154,6,1.175907608,1.153431855,1,0.641953619,NA,1,NA,NA,NA,NA,NA,NA,1149,1332,873,0.909830582,NA,NA,NA,NA,NA,NA,NA,NA,NA,NA,828,0.972517878,NA,NA
1474,NA,NA,NA,0.953602583,0.991019056,6,1.294312983,1.215293643,1,0.826546921,NA,1,NA,NA,NA,NA,NA,NA,701,688,1067,1.126284238,NA,NA,NA,NA,NA,NA,NA,NA,NA,NA,1016,1.129096938,NA,NA
1475,NA,NA,NA,1.005961532,0.943825818,6,0.908119426,0.744299342,1,0.638854347,NA,1,NA,NA,NA,NA,NA,NA,1030,1097,996,0.953098641,NA,NA,NA,NA,NA,NA,NA,NA,NA,NA,727,0.781435027,NA,NA
1476,NA,NA,NA,1.063941317,1.079337508,6,1.202563272,1.17078873,1,0.558424034,NA,1,NA,NA,NA,NA,NA,NA,1452,1534,1111,1.070669787,NA,NA,NA,NA,NA,NA,NA,NA,NA,NA,795,0.974385017,NA,NA
1477,NA,NA,NA,1.268144432,1.178113521,7,1.020619332,0.911901826,1,1.204063585,NA,1,NA,NA,NA,NA,NA,NA,1806,1667,1312,1.252646747,NA,NA,NA,NA,NA,NA,NA,NA,NA,NA,773,0.927975666,NA,NA
1478,NA,NA,NA,1.03937521,0.886141712,7,1.07760802,1.01343959,1,1.220407909,NA,1,NA,NA,NA,NA,NA,NA,1863,1481,1192,1.053085723,NA,NA,NA,NA,NA,NA,NA,NA,NA,NA,847,1.032548654,NA,NA
1479,NA,NA,NA,1.048481457,0.963760655,7,0.987951036,0.921827192,1,1.349429965,NA,1,NA,NA,NA,NA,NA,NA,1292,774,1149,0.931259634,NA,NA,NA,NA,NA,NA,NA,NA,NA,NA,881,1.025303818,NA,NA
1480,NA,NA,NA,0.828002953,0.830157684,7,1.319774253,1.305229737,1,1.613220795,1.506699188,1,NA,NA,NA,NA,NA,NA,1652,1297,932,0.883922168,NA,NA,NA,NA,NA,NA,NA,NA,NA,NA,666,0.785852797,NA,NA
1481,NA,NA,NA,1.00614459,1.066533393,7,1.421263476,1.2708745,1,1.421520769,0.965696587,1,NA,NA,NA,NA,NA,NA,1076,748,1007,1.076091528,NA,NA,NA,NA,NA,NA,NA,NA,NA,NA,876,1.089529471,NA,NA
1482,NA,NA,NA,0.869209484,0.921291947,7,1.374477855,1.144463625,1,1.861460274,1.600602103,1,NA,NA,NA,NA,NA,NA,1727,1509,1060,0.996654301,NA,NA,NA,NA,NA,NA,NA,NA,NA,NA,772,0.895127608,NA,NA
1483,NA,NA,NA,0.864722039,0.954267338,7,1.016829073,0.762636293,1,1.536048883,0.919506423,1,NA,NA,NA,NA,NA,NA,623,329,1071,0.993813818,NA,NA,NA,NA,NA,NA,NA,NA,NA,NA,836,1.009445335,NA,NA
1484,NA,NA,NA,0.900808059,0.956377708,7,1.516065072,1.39295467,1,2.695774253,2.15699799,1,NA,NA,NA,NA,NA,NA,1748,1668,830,0.783801113,NA,NA,NA,NA,NA,NA,NA,NA,NA,NA,922,0.997532303,NA,NA
1485,NA,NA,NA,1.029782253,1.108562972,7,1.490562722,1.194858033,1,1.944168584,0.91814091,1,NA,NA,NA,NA,NA,NA,1038,872,1073,1.13174175,NA,NA,NA,NA,NA,NA,NA,NA,NA,NA,932,1.020460133,NA,NA
1486,NA,NA,NA,1.059831993,1.0941397,7,1.377987833,1.036561515,1,2.841535385,2.085967977,1,NA,NA,NA,NA,NA,NA,1166,949,1033,1.012282721,NA,NA,886,917,NA,NA,NA,NA,NA,NA,1092,1.034857021,NA,NA
1487,NA,NA,NA,0.886124852,1.018087594,7,1.111758279,0.804730849,1,2.089107683,0.767531116,1,NA,NA,NA,NA,NA,NA,868,779,1072,1.018018071,NA,NA,950,1004,NA,NA,NA,NA,NA,NA,841,0.797866268,NA,NA
1488,NA,NA,NA,0.85909523,0.849370181,7,0.941619036,0.758140409,1,1.676961106,0.790594721,1,NA,NA,NA,NA,NA,NA,774,764,967,0.93881768,NA,NA,993,1017,NA,NA,NA,NA,NA,NA,642,0.771156134,NA,NA
1489,NA,NA,NA,1.005145777,1.102942092,7,1.253851893,1.15991192,1,1.532724145,0.838935386,1,NA,NA,NA,NA,NA,NA,805,906,1074,1.105666866,NA,NA,794,821,NA,NA,NA,NA,NA,NA,655,0.906781002,NA,NA
1490,NA,NA,NA,1.046501931,1.049165798,7,1.557841024,1.395488091,1,1.465280521,0.753326417,1,NA,NA,NA,NA,NA,NA,896,1025,1022,0.969841726,NA,NA,888,992,NA,NA,NA,NA,NA,NA,749,1.016771213,NA,NA
1491,NA,NA,NA,0.965014242,0.92001878,10,1.520495869,1.221338871,1,2.435211384,1.946473394,1,NA,NA,NA,NA,NA,NA,1157,1255,982,0.951619061,NA,NA,1071,1114,NA,NA,NA,NA,NA,NA,654,0.898053493,NA,NA
1492,NA,NA,NA,0.965160508,0.930191273,12,1.371287299,1.040633718,1,2.216515942,1.237137095,1,NA,NA,NA,NA,NA,NA,1234,1222,983,1.02139812,NA,NA,1151,1150,NA,NA,NA,NA,NA,NA,700,0.957915948,NA,NA
1493,NA,NA,NA,0.974267561,0.990447501,12,0.839926483,0.542762388,1,1.305135623,0.462588,1,NA,NA,NA,NA,NA,NA,942,827,888,0.946263795,NA,NA,906,875,NA,NA,NA,NA,NA,NA,720,0.980858407,NA,NA
1494,NA,NA,NA,1.177292953,1.174675832,12,1.192451004,1.099658638,1,1.537852206,1.214915047,1,NA,NA,NA,NA,NA,NA,1033,986,955,0.989809808,NA,NA,1119,1178,NA,NA,NA,NA,NA,NA,598,0.81774075,NA,NA
1495,NA,NA,NA,1.109416248,0.962561779,12,0.983120129,0.826582017,1,0.987835232,0.313939673,1,NA,NA,NA,NA,NA,NA,993,993,1208,1.266462161,NA,NA,635,546,NA,NA,NA,NA,NA,NA,565,0.864222292,NA,NA
1496,NA,NA,NA,0.884727435,0.80710599,12,0.726470444,0.655549818,1,0.983593584,0.626198409,1,NA,NA,NA,NA,NA,NA,645,634,889,0.833207324,NA,NA,826,1022,NA,NA,NA,NA,NA,NA,385,0.744392896,NA,NA
1497,NA,NA,NA,0.943186573,1.021809538,12,0.855160941,0.939470995,1,1.32655743,1.07121081,1,NA,NA,NA,NA,NA,NA,1148,1268,1165,1.132703927,NA,NA,479,484,NA,NA,NA,NA,NA,NA,662,1.090333672,NA,NA
1498,NA,NA,NA,0.766063368,0.822250529,12,1.007896303,1.114801412,1,2.081990649,1.414499552,1,NA,NA,NA,NA,NA,NA,950,1001,955,0.839191573,NA,NA,1351,1630,NA,NA,NA,NA,NA,NA,628,0.968514812,NA,NA
1499,NA,NA,NA,0.851449063,0.975931289,12,0.333638167,0.366702617,1,1.16637018,0.73725822,1,NA,NA,NA,NA,NA,NA,1303,1293,1063,1.027558166,NA,NA,2097,1945,NA,NA,NA,NA,NA,NA,682,1.050433788,NA,NA
1500,NA,NA,NA,0.799245742,0.918915792,13,0.242683097,0.54852328,1,0.881967357,0.433263527,1,NA,NA,NA,NA,NA,NA,801,712,993,1.016571184,NA,NA,672,319,NA,NA,NA,NA,NA,NA,624,0.942475744,NA,NA
1501,NA,NA,NA,0.950823445,1.074794703,13,1.102768348,1.554510603,1,0.927216421,0.701054551,1,NA,NA,NA,NA,NA,NA,823,805,1031,1.034981917,NA,NA,711,931,NA,NA,NA,NA,NA,NA,570,0.902909542,NA,NA
1502,NA,NA,NA,1.059546114,1.118378036,13,0.862841056,1.014319425,1,1.703950403,1.625436934,1,NA,NA,NA,NA,NA,NA,655,758,1235,1.247654013,NA,NA,700,632,NA,NA,NA,NA,NA,NA,791,1.143458173,NA,NA
1503,NA,NA,NA,0.95000619,0.905813674,13,0.667590683,0.816126185,1,1.17862668,0.47145613,1,NA,NA,NA,NA,NA,NA,612,775,1290,1.182984398,NA,NA,681,819,NA,NA,NA,NA,NA,NA,881,1.101399129,NA,NA
1504,NA,NA,NA,0.885358722,0.910254915,13,1.17643969,1.425636008,1,1.155027774,0.938129337,1,NA,NA,NA,NA,NA,NA,752,980,1173,0.987442481,NA,NA,958,1087,NA,NA,NA,NA,NA,NA,889,1.049185426,NA,NA
1505,NA,NA,NA,0.667429469,0.763957778,13,0.732644906,0.776010438,1,0.98953335,1.011504441,2,NA,NA,NA,NA,NA,NA,978,1181,991,0.868595778,NA,NA,1129,1166,NA,NA,NA,NA,NA,NA,658,0.791094565,NA,NA
1506,NA,NA,NA,0.667911823,0.862183706,13,0.498518439,0.610953393,1,0.471937604,0.512881908,2,NA,NA,NA,NA,NA,NA,635,723,905,0.867761079,NA,NA,708,708,NA,NA,NA,NA,NA,NA,833,1.08732456,NA,NA
1507,NA,NA,NA,0.777616624,1.034373339,13,1.180307394,1.448800857,1,0.915162849,1.223744304,2,NA,NA,NA,NA,NA,NA,1034,1175,1014,1.026635396,NA,NA,780,952,NA,NA,NA,NA,NA,NA,991,1.182953885,NA,NA
1508,NA,NA,NA,0.864133436,1.052637565,13,0.934072169,0.979718615,1,0.882307843,0.918072941,2,NA,NA,NA,NA,NA,NA,513,605,1043,1.035843481,NA,NA,940,1005,NA,NA,NA,NA,NA,NA,893,0.958767985,NA,NA
1509,NA,NA,NA,0.860032209,1.017833734,13,0.841991405,0.888550486,1,0.914053004,1.063465297,2,NA,NA,NA,NA,NA,NA,304,460,1142,1.085148806,NA,NA,923,977,NA,NA,NA,NA,NA,NA,1312,1.386848864,NA,NA
1510,NA,NA,NA,0.797044578,0.901019616,13,0.89405248,1.007899766,1,0.856106574,0.843581524,2,NA,NA,NA,NA,NA,NA,579,945,1045,0.986374691,NA,NA,649,712,NA,NA,NA,NA,1094,0.966723064,1265,1.111256103,NA,NA
1511,NA,NA,NA,1.00975227,1.154486108,13,1.080042516,1.181285544,1,0.924740901,1.055163522,2,NA,NA,NA,NA,NA,NA,680,1028,1253,1.213285547,NA,NA,643,809,NA,NA,NA,NA,993,1.09053689,1300,1.116426177,NA,NA
1512,NA,NA,NA,0.961672688,1.024248492,13,1.170144517,1.161270259,1,1.118770262,1.165375163,2,NA,NA,NA,NA,NA,NA,919,1166,1145,0.960360282,NA,NA,841,975,NA,NA,NA,NA,1024,1.016736568,965,0.765713841,NA,NA
1513,NA,NA,NA,1.073707469,1.118498417,13,0.905973046,0.848437047,1,1.152615421,1.151107973,2,NA,NA,NA,NA,NA,NA,456,587,1170,1.04056032,NA,NA,501,583,NA,NA,NA,NA,990,0.984548865,1134,1.067911299,NA,NA
1514,NA,NA,NA,1.155488967,1.140156089,13,1.254286864,1.27784162,1,1.349834313,1.197513452,2,NA,NA,NA,NA,NA,NA,821,1040,1137,1.025963125,NA,NA,618,875,NA,NA,NA,NA,913,0.836708282,1175,1.056506077,NA,NA
1515,NA,NA,NA,1.112822967,0.999124014,13,0.642260246,0.542703227,1,0.903545226,0.703471283,2,NA,NA,NA,NA,NA,NA,544,760,1325,1.203177495,NA,NA,491,630,NA,NA,NA,NA,914,1.020234815,1149,1.010752063,NA,NA
1516,NA,NA,NA,0.997514088,0.893305837,13,0.967634042,1.065677078,1,0.960085598,0.986535453,2,NA,NA,NA,NA,NA,NA,477,691,1054,0.848718253,NA,NA,869,968,NA,NA,NA,NA,1166,0.951146203,1119,1.005074054,NA,NA
1517,NA,NA,NA,1.025574106,0.99600225,13,1.034192306,1.080496674,1,0.769642279,0.611367265,3,NA,NA,NA,NA,NA,NA,688,861,1247,1.125464549,NA,NA,470,552,NA,NA,NA,NA,925,1.200048297,1022,0.9245071,NA,NA
1518,NA,NA,NA,0.955642181,0.944309907,13,1.226461132,1.240234665,1,0.978402752,1.062294155,3,NA,NA,NA,NA,NA,NA,853,1045,1001,0.837320811,NA,NA,826,1116,NA,NA,NA,NA,1046,0.873619511,1124,1.107626149,NA,NA
1519,NA,NA,NA,1.024850128,0.962626686,13,1.206705444,1.117311561,1,0.976687447,1.009130711,5,NA,NA,NA,NA,NA,NA,779,920,1113,1.011495977,NA,NA,877,862,NA,NA,NA,NA,836,1.066312086,1195,1.089897479,NA,NA
1520,NA,NA,NA,0.998639359,0.967766416,13,1.11099691,1.014973258,1,0.856030319,0.955328617,5,NA,NA,NA,NA,NA,NA,1302,1437,1268,1.157391088,NA,NA,634,784,NA,NA,NA,NA,1034,0.817626475,1207,1.066507146,NA,NA
1521,NA,NA,NA,0.838139882,0.845210361,13,1.534311349,1.436855587,1,1.302548084,1.520004025,5,NA,NA,NA,NA,NA,NA,1388,1355,894,0.734655037,NA,NA,1178,1391,NA,NA,NA,NA,834,1.121837074,1222,1.056560603,NA,NA
1522,NA,NA,NA,1.005995665,1.077059041,13,0.662258009,0.390923744,1,0.796770296,0.662553815,5,NA,NA,NA,NA,NA,NA,429,290,1060,1.030139425,NA,NA,466,382,NA,NA,NA,NA,709,0.827141266,949,0.768093314,NA,NA
1523,NA,NA,NA,0.882971064,0.907899722,13,1.483800139,1.49690917,1,0.858998391,1.013261919,5,NA,NA,NA,NA,NA,NA,1187,1284,898,0.865087913,NA,NA,1004,1314,NA,NA,NA,NA,855,0.777492148,1024,0.987667666,NA,NA
1524,NA,NA,NA,0.84129259,0.919450927,13,1.181943113,0.972718999,1,1.209594827,1.298035244,5,NA,NA,NA,NA,NA,NA,760,787,978,0.975578226,NA,NA,1282,1271,NA,NA,NA,NA,705,1.002316642,1094,1.049322712,NA,NA
1525,NA,NA,NA,0.969356266,1.072654505,13,1.187095567,1.02014889,1,1.255059922,1.219168436,5,NA,NA,NA,NA,NA,NA,1030,1080,1013,0.999720295,NA,NA,1503,1489,NA,NA,NA,NA,980,0.836986878,1183,1.100983732,NA,NA
1526,NA,NA,NA,0.966880821,1.029443848,13,1.373695901,1.210559574,1,1.040856917,1.026458363,5,NA,NA,NA,NA,NA,NA,929,944,1084,1.060707716,NA,NA,1120,845,NA,NA,NA,NA,904,1.168690897,1194,1.090362086,NA,NA
1527,NA,NA,NA,0.963659482,1.005482313,13,0.715866555,0.510087641,1,1.085187367,1.008690164,5,NA,NA,NA,NA,NA,NA,854,856,1042,0.997944883,NA,NA,763,703,NA,NA,NA,NA,1213,0.984399599,1069,0.925939488,NA,NA
1528,NA,NA,NA,0.905416826,0.916934585,13,0.588253206,0.582532768,1,0.896580194,0.864315964,5,NA,NA,NA,NA,NA,NA,556,632,1003,0.988877646,NA,NA,350,411,NA,NA,NA,NA,1104,1.304501287,796,0.753114678,NA,NA
1529,NA,NA,NA,1.025312939,1.073078032,13,0.682708466,0.843614295,1,0.954189049,1.000627196,5,NA,NA,NA,NA,NA,NA,1325,1499,1208,1.164249867,NA,NA,1042,1250,NA,NA,NA,NA,1350,1.047828603,1082,1.185459056,NA,NA
1530,NA,NA,NA,0.983699584,0.984905,14,0.83071183,1.017641763,1,0.782198057,0.76841057,5,NA,NA,NA,NA,NA,NA,821,809,1245,1.126404981,NA,NA,1053,1104,NA,NA,NA,NA,910,1.302137653,960,0.937381699,NA,NA
1531,NA,NA,NA,0.762088478,0.78528931,14,0.68863458,0.839291562,1,0.57098309,0.719964235,5,NA,NA,NA,NA,NA,NA,810,820,986,0.828026771,NA,NA,394,483,NA,NA,NA,NA,1174,0.732212027,913,0.954934417,NA,NA
1532,NA,NA,NA,0.890208948,1.003328628,14,0.465507729,0.697471938,1,0.381320316,0.641363107,5,NA,NA,NA,NA,NA,NA,825,905,1041,0.997487822,NA,NA,356,645,NA,NA,NA,NA,1087,1.16150307,990,1.052577596,NA,NA
1533,NA,NA,NA,0.939283617,1.045757323,14,0.681239967,1.018850359,1,0.575425402,0.981850773,5,NA,NA,NA,NA,NA,NA,673,760,1122,1.047517408,NA,NA,633,756,NA,NA,NA,NA,1075,0.981964609,1013,1.082622669,NA,NA
1534,NA,NA,NA,1.079373877,1.108922566,14,0.576855724,0.858393592,1,0.80292784,1.14759689,5,NA,NA,NA,NA,NA,NA,623,760,1198,1.067108711,NA,NA,796,899,NA,NA,NA,NA,1290,1.004954003,1087,1.098941369,NA,NA
1535,NA,NA,NA,1.166395738,1.131192422,14,0.91616602,1.222667629,1,1.233800544,1.414849141,5,NA,NA,NA,NA,NA,NA,1064,1241,1383,1.236251004,NA,NA,1492,1641,NA,NA,NA,NA,1516,1.209837927,1227,1.187810333,NA,NA
1536,NA,NA,NA,1.117497048,1.014097253,14,0.64948739,0.839871506,1,1.285269531,1.206945331,5,NA,NA,NA,NA,NA,NA,916,978,1173,0.936406167,NA,NA,1607,1550,NA,NA,NA,NA,1430,1.352927681,1170,1.032861341,NA,NA
1537,NA,NA,NA,1.227953001,1.152391533,14,0.828936446,1.083827841,1,1.547387023,1.256915307,5,NA,NA,NA,NA,NA,NA,1030,1074,1174,0.997091317,NA,NA,1806,1653,NA,NA,NA,NA,1439,1.14297346,1037,0.901520204,NA,NA
1538,NA,NA,NA,1.026068985,0.885875896,14,0.764256302,0.951727328,1,0.910394013,0.645019453,5,NA,NA,NA,NA,NA,NA,539,527,1039,0.882310958,NA,NA,893,538,NA,NA,NA,NA,1196,1.134757568,752,0.662558854,NA,NA
1539,NA,NA,NA,1.210114808,1.120262581,14,1.206121213,1.398788126,1,0.894067734,0.861673995,5,NA,NA,NA,NA,NA,NA,1621,1765,1070,0.970637047,632,814,1669,1717,NA,NA,NA,NA,1168,0.880433955,1056,1.232375328,NA,NA
1540,NA,NA,NA,1.033542112,0.867911333,14,0.867169091,0.866402072,1,1.02469878,1.07572855,5,NA,NA,NA,NA,NA,NA,1395,1298,986,0.909991849,705,954,1543,1351,NA,NA,NA,NA,818,0.960652555,987,0.949670491,NA,NA
1541,NA,NA,NA,1.095588211,1.03212242,14,0.580584121,0.659176348,1,0.973932192,1.020144684,5,NA,NA,NA,NA,NA,NA,1209,964,1021,0.995180763,973,1202,971,858,NA,NA,NA,NA,1205,0.635092369,1032,1.023793515,NA,NA
1542,NA,NA,NA,0.817207646,0.745866213,14,0.236001666,0.44210324,1,0.60462025,0.634931721,5,NA,NA,NA,NA,NA,NA,938,809,776,0.76904905,906,1019,299,246,NA,NA,NA,NA,861,1.191171245,1034,0.972537229,NA,NA
1543,NA,NA,NA,0.699307952,0.752537861,14,0.446132704,0.846334651,1,0.609019043,0.859648936,6,NA,NA,NA,NA,NA,NA,666,631,681,0.72618608,716,804,272,472,NA,NA,NA,NA,883,0.738839949,907,0.879604353,NA,NA
1544,NA,NA,NA,0.789187061,0.968835328,14,0.910066276,1.295656924,1,0.735959984,0.986761852,6,NA,NA,NA,NA,NA,NA,416,510,807,0.979050779,834,982,995,1019,NA,NA,NA,NA,1015,0.89232042,1029,1.069859693,NA,NA
1545,NA,NA,NA,0.58448859,0.780312292,14,0.534301609,0.766631319,1,0.938328497,1.132509691,6,NA,NA,NA,NA,NA,NA,993,1234,816,0.939039729,876,1015,1130,1070,NA,NA,NA,NA,1134,1.049314849,1092,1.08118214,NA,NA
1546,NA,NA,NA,0.671343384,0.950728836,14,1.044901752,1.38001864,1,1.244693461,1.295617811,6,NA,NA,NA,NA,NA,NA,1198,1278,830,0.954836001,1020,1156,1185,1227,NA,NA,NA,NA,1010,1.163857199,1013,0.948612551,NA,NA
1547,NA,NA,NA,0.684935731,0.971958877,14,0.9217127,1.080290207,1,1.018684407,0.988606698,6,NA,NA,NA,NA,NA,NA,1147,1162,837,0.966700554,619,631,568,468,845,911,NA,NA,955,0.956645055,870,0.840013227,NA,NA
1548,NA,NA,NA,0.709736404,0.966373744,14,1.124981554,1.23676701,1,1.225898215,1.278652159,6,NA,NA,NA,NA,NA,NA,1597,1508,896,1.043713561,927,1139,501,753,840,921,NA,NA,1548,0.926060907,985,1.03884382,NA,NA
1549,NA,NA,NA,0.649225511,0.877662824,14,1.215544722,1.211561149,1,2.350662215,2.214736907,6,NA,NA,NA,NA,NA,NA,1709,1675,816,0.907870147,836,899,1233,1258,1308,1283,NA,NA,1047,1.565222185,954,0.964374056,NA,NA
1550,NA,NA,NA,0.91151799,1.170069787,14,1.019627816,0.949089808,1,1.653677133,0.831916376,6,NA,NA,NA,NA,NA,NA,1235,748,1061,1.22853669,771,943,1198,1139,1014,897,NA,NA,1363,0.809290919,895,0.927221663,NA,NA
1551,NA,NA,NA,0.70196111,0.843671198,14,0.822028904,0.771142498,1,1.270198527,0.809924253,6,NA,NA,NA,NA,NA,NA,742,575,909,0.941510631,771,884,922,1003,680,570,NA,NA,1001,1.246939354,971,1.034700489,NA,NA
1552,NA,NA,NA,0.727376959,0.933222926,14,1.013763777,1.06445899,1,1.423030102,1.155999976,6,NA,NA,NA,NA,696,,711,688,863,0.940788894,540,711,1210,1196,614,657,NA,NA,971,0.78381028,820,0.841433083,NA,NA
1553,NA,NA,NA,0.838721256,1.069751772,14,1.076203819,1.077013244,1,1.664377632,1.381328691,6,NA,NA,NA,NA,1269,1389,1093,1184,967,1.072942163,653,939,1484,1319,993,1184,NA,NA,1316,0.914812708,865,1.033240149,NA,NA
1554,NA,NA,NA,0.829427705,0.97613566,14,0.598781428,0.565318657,1,1.412010649,0.96153794,6,NA,NA,NA,NA,1431,1325,950,953,1040,1.094373282,804,1060,1368,1197,910,1039,NA,NA,1241,1.266040883,937,1.09755556,NA,NA
1555,NA,NA,NA,0.874211579,1.005723363,14,1.09992976,1.263013553,1,1.661359948,1.41956647,6,NA,NA,NA,NA,1118,947,1412,1436,956,0.964806411,725,939,1490,1297,1101,1189,NA,NA,1202,1.072215248,907,0.98720867,NA,NA
1556,NA,NA,NA,0.783625607,0.911582392,14,0.721633284,0.753877007,1,1.46022748,0.977449451,6,NA,NA,NA,NA,797,911,1187,1030,964,0.979782188,761,962,1552,1452,858,860,NA,NA,1013,1.025743005,863,0.963470835,NA,NA
1557,NA,NA,NA,0.955608832,1.069794963,14,0.414088195,0.542120991,1,1.430550879,1.130165332,6,NA,NA,NA,NA,728,910,1326,1223,933,0.974474678,874,1053,1534,1319,956,982,NA,NA,1394,0.843665407,876,0.969138587,NA,NA
1558,NA,NA,NA,0.903034697,0.974546084,14,0.4009687,0.701739876,1,1.02481901,0.623899523,6,NA,NA,NA,NA,802,906,907,828,1108,1.167129198,756,895,1009,684,714,741,NA,NA,1380,1.338445529,962,1.07678963,NA,NA
1559,NA,NA,NA,0.728957809,0.833374347,14,0.551769721,0.942833184,1,1.115437921,1.046719832,7,NA,NA,NA,NA,864,950,1595,1570,807,0.789475689,775,947,966,942,1108,1227,NA,NA,830,1.164177447,800,0.874828588,NA,NA
1560,NA,NA,NA,0.889891046,1.04668535,14,0.67386922,1.020010395,1,1.212177385,1.159396976,7,NA,NA,NA,NA,1178,1239,1369,1148,918,1.011766919,989,1146,1519,1552,1068,1126,NA,NA,837,0.562761769,951,1.075543245,NA,NA
1561,NA,NA,NA,0.778918733,0.880471316,14,0.796972744,1.11612697,1,0.927848316,0.712045454,7,NA,NA,NA,NA,1131,1086,1089,944,910,0.97039662,1027,1106,1919,1639,1245,1244,NA,NA,957,0.799106581,737,0.80700498,NA,NA
1562,NA,NA,NA,0.760702045,0.923173894,14,1.117381132,1.375687153,1,0.751120234,0.791578777,7,NA,NA,NA,NA,1096,1041,1485,1340,860,0.906996664,775,793,844,443,1216,1144,NA,NA,986,1.015560403,984,1.138381776,NA,NA
1563,NA,NA,NA,0.809176541,0.974578966,14,0.864259173,0.951102856,1,0.687569609,0.697657405,7,NA,NA,NA,NA,1147,1103,1142,879,825,0.921026405,1048,1156,663,703,974,836,NA,NA,835,1.02461059,948,1.006517109,NA,NA
1564,NA,NA,NA,0.821238741,0.992334287,14,0.746040247,0.854772128,1,0.810223017,0.970678933,7,NA,NA,NA,NA,915,863,1564,1436,815,0.950525233,975,974,1593,1633,1222,1167,NA,NA,1112,0.823965293,1127,1.215422754,NA,NA
1565,NA,NA,NA,0.69074098,0.843012366,14,0.917301201,1.072391481,1,0.805846972,0.882196412,7,NA,NA,NA,NA,1363,1371,1617,1458,927,1.045453884,1020,1079,1567,1211,1306,1235,NA,NA,1061,1.1797754,1113,1.061442199,NA,NA
1566,NA,NA,NA,0.677291576,0.910567386,14,0.951797215,1.048015743,1,0.866896865,1.015326417,7,NA,NA,NA,NA,877,775,1486,1304,893,0.986402151,1149,1118,622,500,648,468,NA,NA,871,1.048429833,1161,1.073738288,NA,NA
1567,NA,NA,NA,0.636261294,0.873456494,14,1.418175838,1.475461022,1,0.937435615,0.978041512,7,NA,NA,NA,NA,988,1003,683,391,836,0.915418375,1206,1148,809,824,565,589,NA,NA,744,0.850100658,945,0.874145224,NA,NA
1568,NA,NA,NA,0.7487161,1.030121146,14,1.176367021,1.047241745,1,1.094966173,1.089786221,7,NA,NA,NA,NA,1066,1072,908,893,1086,1.199231577,987,858,627,624,778,965,NA,NA,838,0.780918504,1130,1.121286781,NA,NA
1569,NA,NA,NA,0.59154955,0.837848855,14,1.83398476,1.721613823,1,1.420192099,1.239657759,7,NA,NA,NA,NA,867,841,1053,1070,917,0.912485385,1311,1276,585,698,890,1084,NA,NA,735,0.98502201,1028,0.971426772,NA,NA
1570,NA,NA,NA,0.822665343,1.106980839,14,2.340921804,1.943607042,1,1.388145061,1.214089439,7,NA,NA,NA,NA,1009,974,849,945,1121,1.175488317,1296,1111,1133,1133,1183,1140,NA,NA,1031,0.858797696,952,0.921292998,NA,NA
1571,0.98525259,NA,1,0.731186272,0.925678907,14,1.551351586,0.824668227,1,1.857066458,1.603716985,7,NA,NA,NA,NA,994,972,972,1118,862,0.855940176,1447,1287,811,932,1251,1278,NA,NA,546,1.170331621,752,0.776500779,NA,NA
1572,0.959756098,NA,1,0.870521067,1.106796927,15,2.297231375,1.737576991,1,1.820450633,1.132571383,7,NA,NA,NA,NA,1110,1136,1476,1542,1126,1.195403067,1525,1205,572,690,1360,1145,NA,NA,777,0.594303961,959,1.113682076,NA,NA
1573,0.957844771,NA,1,1.065781705,1.160799445,15,1.658881913,0.854248783,1,1.392598368,1.001871535,7,NA,NA,NA,NA,893,871,940,866,1149,1.112842782,1386,1043,864,1016,1067,927,NA,NA,662,1.008805299,977,1.036121184,NA,NA
1574,0.645008863,NA,1,0.980885204,0.986793977,15,1.80843437,1.130570849,1,1.194292377,0.881478713,7,NA,NA,NA,NA,916,939,1438,1381,1048,0.970759788,1601,1281,796,936,1261,1231,NA,NA,777,0.848721737,1162,1.192911713,NA,NA
1575,0.668075022,NA,1,0.974246275,0.979419096,15,1.831744523,1.149061634,1,1.303769385,1.104216357,7,NA,NA,NA,NA,967,957,1153,1072,949,0.885620522,1435,1011,769,903,977,908,NA,NA,716,1.023246422,1012,0.945019224,NA,NA
1576,0.41492595,0.548518175,1,1.049718984,1.110318499,15,1.039553879,0.385301725,1,0.578760146,0.425201834,7,NA,NA,NA,NA,1131,1099,604,482,943,0.926029161,1318,982,742,843,468,305,NA,NA,879,0.893334683,1039,0.999127483,NA,NA
1577,0.566964542,0.794557303,1,0.968333595,0.950609876,15,1.413124165,1.0561208,1,0.627315654,0.897333579,7,NA,NA,NA,NA,1026,985,770,821,870,0.899214992,1604,1291,935,1134,635,915,NA,NA,791,1.095641424,957,0.94207216,NA,NA
1578,0.432320111,0.649673251,1,0.874345641,0.871565938,15,1.660719524,1.315079231,1,0.663842872,0.843923652,7,NA,NA,NA,NA,1081,1072,1112,1217,949,1.016692684,1209,808,1193,1186,1139,1343,NA,NA,986,0.944091044,955,0.961660251,NA,NA
1579,0.333951769,0.634645089,1,0.777890632,0.854565586,15,0.938957384,0.485195866,1,0.622740387,0.879265361,7,NA,NA,NA,NA,1174,1123,410,435,1075,1.132680773,1122,897,499,549,913,876,NA,NA,854,1.149669207,822,0.862419893,NA,NA
1580,0.354170206,0.691864582,1,0.559871214,0.687492227,15,0.715198811,0.535214044,1,0.522084602,0.786811608,7,NA,NA,NA,NA,939,871,1079,1211,814,0.799582863,1332,1131,596,633,1166,1289,NA,NA,642,0.927276946,996,1.105150618,NA,NA
1581,0.406327915,0.786721437,1,0.374627983,0.642080165,15,0.65281137,0.69558396,1,0.358138779,0.680641536,7,NA,NA,NA,NA,848,863,927,997,536,0.632185164,1107,910,971,993,1187,1112,NA,NA,482,0.751419626,771,0.818687866,NA,NA
1582,0.636278034,0.906414688,2,0.742380751,1.17595874,15,0.78653844,0.910874049,1,0.588257097,1.047700793,7,NA,NA,NA,NA,913,958,1293,1345,701,0.93723411,1441,1325,1410,1426,1162,1140,NA,NA,673,0.678197682,963,1.051989532,NA,NA
1583,0.476582937,0.808937391,2,0.80438521,1.104652484,15,0.954234432,1.082110472,1,0.614712129,0.937236988,7,NA,NA,NA,NA,1042,1101,1046,1003,972,1.200325064,1293,991,1542,1379,1353,1264,NA,NA,832,0.991380042,1221,1.278913325,NA,NA
1584,0.230790244,0.535777674,2,0.533153044,0.735526882,15,0.743336315,0.851674168,1,0.166147858,0.463805017,7,NA,NA,NA,NA,809,793,347,328,756,0.830642429,882,679,640,483,605,409,NA,NA,564,1.086845275,749,0.673816437,NA,NA
1585,0.420355539,0.766256249,2,0.612759468,0.894638966,15,0.829250903,1.005261454,1,0.333561853,0.908375386,7,NA,NA,NA,NA,857,907,1158,1215,663,0.833808884,773,699,1335,1443,829,971,NA,NA,489,0.738221836,848,1.018786384,NA,NA
1586,0.28629503,0.677381915,2,0.857113771,1.127547871,15,0.915838948,1.072833008,1,0.441478981,1.004223372,8,NA,NA,NA,NA,1016,1067,940,1034,869,1.115490815,1011,1101,1383,1317,1167,1214,NA,NA,833,0.767094906,866,0.990503444,NA,NA
1587,0.281040734,0.666100522,2,0.701330911,0.916409546,15,1.287315408,1.392050693,1,0.391586158,0.848479468,8,NA,NA,NA,NA,916,843,571,620,845,1.001223928,979,1020,516,368,902,861,NA,NA,791,1.184804706,1012,1.078421764,NA,NA
1588,0.41241512,0.83163938,2,0.865893302,1.078834513,15,1.443536806,1.375453035,1,0.615943936,1.113168406,8,NA,NA,NA,NA,971,1010,1110,1266,829,0.977613114,982,1015,576,755,968,1156,NA,NA,717,1.022753394,1234,1.107204273,NA,NA
1589,0.438261055,0.858801837,2,0.890972649,1.045849804,15,1.516716555,1.325057906,1,0.754667848,1.110207663,8,NA,NA,NA,NA,959,970,1260,1292,791,0.946820184,919,980,1064,1161,1073,1153,NA,NA,764,0.901009862,1040,0.955791292,NA,NA
1590,0.403399407,0.786093267,2,0.921066884,1.005115136,15,1.099778218,0.808634635,1,0.650573561,0.885501912,8,NA,NA,NA,NA,906,968,852,782,875,1.037124803,918,992,629,612,673,784,NA,NA,746,0.964944766,1004,0.95017906,NA,NA
1591,0.492927421,0.805344417,3,0.931849265,1.03223003,15,1.358966997,1.183576229,1,0.602671657,0.868671068,8,NA,NA,NA,NA,1018,1034,557,565,855,0.991876325,1158,1229,524,668,702,815,NA,NA,858,0.961090116,969,0.900031967,NA,NA
1592,0.328064245,0.725277088,3,1.049223835,1.065706329,15,1.569029956,1.312952513,1,0.52679233,0.904433462,8,NA,NA,NA,NA,1112,1123,949,1015,848,0.980088299,930,880,393,559,1054,1211,NA,NA,1105,1.067165568,899,0.938243386,NA,NA
1593,0.757416999,1.062319868,3,0.958086798,0.960295028,15,1.164324721,0.798677812,1,0.593630592,0.964870217,8,NA,NA,NA,NA,903,867,907,979,830,0.984947225,938,972,709,931,1163,1213,NA,NA,755,1.244011787,1095,1.124693122,NA,NA
1594,0.829323584,1.264003277,3,1.09647211,1.116620926,15,1.065800696,0.831557488,1,0.947987379,1.307968205,8,NA,NA,NA,NA,1028,1063,1262,1295,989,1.119364925,920,922,1212,1278,1355,1324,NA,NA,1124,0.720443344,1257,1.282243204,NA,NA
1595,0.682304994,0.879029513,3,1.030734224,0.99627555,15,0.862920366,0.731226336,1,0.753393479,0.879350843,8,NA,NA,NA,NA,1056,1067,1063,1016,937,1.021073465,482,551,808,843,1354,1249,NA,NA,1051,1.266209268,1288,1.158002938,NA,NA
1596,0.686021569,0.823748196,3,1.170079435,1.124105711,15,1.247518254,1.217990284,1,0.856736333,1.062792071,8,NA,NA,NA,NA,992,950,1480,1384,863,0.920873741,899,1155,1104,1224,1328,1127,NA,NA,894,1.007533838,1176,0.968338642,NA,NA
1597,0.425436674,0.678466361,3,1.287432956,1.190379705,17,1.02630728,0.891750008,1,0.702541316,0.87116198,8,NA,NA,NA,NA,1172,1169,585,441,1317,1.41716674,1080,1196,937,1066,817,594,NA,NA,1198,0.989223004,1589,1.290627234,NA,NA
1598,0.465906718,0.740587879,3,0.86876543,0.590385323,17,0.541371461,0.486953531,1,0.57744033,0.843045389,8,NA,NA,NA,NA,911,846,973,988,855,0.730591061,1072,1149,1005,975,720,642,NA,NA,866,1.381933576,1244,0.831988921,NA,NA
1599,1.017429114,1.132639224,3,0.931669767,0.943701863,17,1.297391129,1.466392828,1,0.811893168,1.125981667,8,NA,NA,NA,NA,951,985,736,803,815,0.862611934,1211,1170,1089,1099,1175,1245,NA,NA,1011,0.759779756,1167,0.887268808,NA,NA
1600,0.398573233,0.514599213,3,1.036549574,1.046893131,17,0.704047571,0.650718219,1,0.408067356,0.639328078,8,NA,NA,NA,NA,884,910,877,1009,799,0.932089283,1119,1015,560,393,1106,1153,NA,NA,1027,0.746840876,1196,1.073365526,NA,NA
1601,0.575305644,0.899355093,3,1.067261122,1.061168606,17,1.431288238,1.525299939,1,0.619592438,1.016498961,9,NA,NA,NA,NA,906,943,315,446,809,0.92856076,912,827,1365,1625,446,396,NA,NA,1142,1.008025859,1172,0.995078978,NA,NA
1602,0.830262154,1.110220304,3,1.285048572,1.203540563,17,0.940189245,0.815810386,1,0.761946944,1.102042037,9,NA,NA,NA,NA,1117,1135,773,996,1085,1.208355397,924,911,1235,1056,788,907,NA,NA,1301,0.90623315,1416,1.270068617,NA,NA
1603,1.290191544,1.574522611,3,1.129008774,0.990960196,17,0.890438621,0.884245517,1,0.702078477,0.960924524,9,NA,NA,NA,NA,1135,1098,1110,1312,1021,1.003373492,916,939,1343,1192,1249,1408,NA,NA,1184,1.479962604,1305,1.007144655,NA,NA
1604,1.905586409,1.925696924,3,1.118161964,1.039561934,17,1.340871208,1.358512707,1,1.041169227,1.257557024,9,NA,NA,NA,NA,935,877,935,975,966,0.96407426,865,925,1924,1759,851,819,NA,NA,993,1.132664673,1193,0.974309402,NA,NA
1605,1.470384653,1.277302015,3,1.42009243,1.299742561,17,1.148668814,1.026543724,1,0.907069941,0.962419882,9,NA,NA,NA,NA,1055,1062,859,880,1088,1.112651887,988,1068,2322,1765,1053,1078,NA,NA,1170,0.841109611,1240,1.052075506,NA,NA
1606,1.589617675,1.262028634,3,1.251351483,1.022680082,17,1.405386392,1.271862644,1,0.954977824,1.060114973,9,NA,NA,NA,NA,937,923,620,701,934,0.902873931,877,911,1452,821,1027,929,NA,NA,1235,1.048646971,1165,0.929938133,NA,NA
1607,0.854572619,0.6806329,3,1.326780571,1.103476222,17,1.248055048,1.040598053,1,0.773716968,0.859024993,9,NA,NA,NA,NA,987,1000,788,931,951,0.991146753,590,675,242,128,936,911,NA,NA,1189,1.021277083,1186,1.006553751,NA,NA
1608,1.420537506,1.318480237,3,1.43048935,1.12930839,17,1.488946969,1.294528527,1,0.850068796,1.007956333,9,NA,NA,NA,NA,1140,1140,722,833,992,1.039690694,1079,1287,564,764,727,765,NA,NA,1329,0.995550411,1255,1.089507589,NA,NA
1609,1.120614909,0.852119433,3,1.058181901,0.772565122,18,0.838496295,0.52924359,1,0.584826714,0.710771808,10,NA,NA,NA,NA,1084,1045,735,814,888,0.884561037,950,984,731,780,967,1051,NA,NA,1198,1.071908274,1110,0.863637769,NA,NA
1610,1.92147851,1.763773354,3,1.118225733,0.982219004,18,1.079618885,1.008684905,1,0.833986901,1.177652475,10,NA,NA,NA,NA,978,950,756,952,862,0.939834138,1273,1373,743,816,1172,1259,NA,NA,1453,0.945958349,1006,0.898485432,NA,NA
1611,1.975341094,1.57615073,3,1.166574289,1.093147009,18,1.230737995,1.139396376,1,0.958486609,1.131221075,10,NA,NA,NA,NA,1005,1002,326,419,982,1.052555779,1218,1062,1038,1064,566,571,NA,NA,1345,1.19459879,1245,1.186361392,NA,NA
1612,1.89425351,1.4227394,3,0.9548351,0.835545726,18,1.051078612,0.908954597,1,0.748243261,0.868640292,10,NA,NA,NA,NA,905,912,436,638,852,0.884955419,1347,1246,563,562,682,715,NA,NA,960,1.163025622,936,0.799417994,NA,NA
1613,1.349874706,0.802772433,3,1.099845851,1.067232417,18,0.962565767,0.873694388,1,0.73185006,0.906174269,10,NA,NA,NA,NA,962,995,868,1155,990,1.074310504,1011,757,799,1025,861,1115,NA,NA,961,0.695329156,1035,1.001700915,NA,NA
1614,1.401298563,1.13355183,3,1.208567379,1.173329846,18,1.449391058,1.444675215,1,0.894933182,1.059183886,11,NA,NA,NA,NA,1022,1034,719,822,1075,1.117257659,880,807,1087,1201,918,991,NA,NA,1125,0.846817008,1140,1.09140746,NA,NA
1615,2.122168121,1.828496614,3,0.966015672,0.842488397,18,1.212454399,1.010380625,1,1.017531226,1.143078272,11,NA,NA,NA,NA,855,854,1268,1404,998,0.979413606,1256,1242,1278,1280,1232,1336,NA,NA,993,0.935120013,1133,1.020224664,NA,NA
1616,1.651405345,1.037298091,3,0.989911628,0.950770507,18,1.273266231,1.096557858,1,1.087051596,1.146989579,11,NA,NA,NA,NA,861,900,910,912,851,0.858665989,1401,1301,861,790,623,679,NA,NA,1150,0.701240942,1046,0.8844621,NA,NA
1617,1.554840989,1.1123666,3,1.154549843,1.137212869,18,1.142976862,1.562470926,2,0.971788678,0.972892289,11,NA,NA,NA,NA,1078,1117,1132,1131,1087,1.151756987,1014,807,1492,1541,1369,1475,NA,NA,1273,0.839181903,1314,1.249293589,NA,NA
1618,1.84543761,1.499796542,3,0.921270615,0.821160738,18,0.906387893,0.830477739,2,0.913698159,0.889513594,11,NA,NA,NA,NA,950,918,1190,1168,831,0.825478225,1297,1186,1120,1071,1497,1476,NA,NA,955,1.280906937,1085,0.854977949,NA,NA
1619,1.35213717,0.745927369,3,1.121900783,1.136915977,18,0.860646483,1.003341438,2,0.901095952,0.956829994,11,NA,NA,NA,NA,1077,1092,1349,1269,1004,1.09143422,1820,1613,1405,1313,1564,1480,NA,NA,1131,0.96278911,1454,1.375694558,NA,NA
1620,0.883401676,0.594800998,3,1.221910664,1.141880327,18,0.954880476,1.022623086,2,0.788941178,0.78730463,11,NA,NA,NA,NA,1215,1205,183,14,1073,1.098679952,1438,1027,1105,942,318,113,NA,NA,1130,1.228692511,1187,0.913265161,NA,NA
1621,2.139120575,1.908078291,3,1.021952061,0.888024397,18,0.943935851,0.956200944,2,1.330222982,1.451702139,11,NA,NA,NA,NA,1037,965,1479,1565,943,0.918752096,1701,1335,1170,919,1586,1570,NA,NA,1039,1.072830539,1164,0.967894862,NA,NA
1622,0.800172213,0.409974983,3,1.152365519,1.104224887,18,0.818039897,0.795526157,2,0.772986292,0.680211414,11,NA,NA,NA,NA,1063,1037,474,454,1021,1.063097746,1208,667,337,329,653,533,NA,NA,1847,0.936023616,948,0.782000301,NA,NA
1623,1.116160188,0.955268679,3,1.160221197,1.036270594,18,0.934773955,1.095764909,3,0.600443309,0.752472014,11,NA,NA,NA,NA,1052,1032,666,739,1247,1.252156548,1278,1034,1128,1296,1030,1027,NA,NA,1603,1.035650933,1037,1.034479668,NA,NA
1624,1.409502629,1.292553175,3,0.98897194,0.874320367,18,0.849348773,0.945239253,3,0.780246652,1.004258351,11,NA,NA,NA,NA,1047,1033,947,1134,964,0.845612549,1102,783,1368,1213,1162,1172,NA,NA,1219,1.075740879,859,0.845909615,NA,NA
1625,0.746859158,0.584043973,3,0.784714095,0.769534979,18,0.869300601,0.83250376,5,0.577931845,0.776147558,11,NA,NA,NA,NA,937,926,1259,1364,788,0.773919381,1222,1104,1184,1070,881,847,NA,NA,1043,0.734926468,849,0.927210298,NA,NA
1626,1.616142577,1.468433937,3,0.927176719,1.007231483,18,1.017651554,1.054749662,5,1.061239362,1.320304432,11,NA,NA,NA,NA,828,858,896,880,714,0.818380618,1084,879,1213,1149,838,861,NA,NA,918,0.833142485,1035,1.127879465,NA,NA
1627,0.969256809,0.723424556,3,0.883862895,0.966651936,18,1.113360672,1.174354667,5,0.698713003,0.767757338,11,NA,NA,NA,NA,881,947,345,321,735,0.900660606,1147,1051,773,661,425,459,NA,NA,933,0.795088525,779,0.800181502,NA,NA
1628,1.608061049,1.520595106,3,0.954222044,1.032458836,18,1.129449942,1.042030208,5,0.931946749,1.184423111,11,NA,NA,NA,NA,1046,1094,981,1161,837,1.043870347,961,815,710,709,820,1054,NA,NA,1001,0.923902742,1039,1.112090903,NA,NA
1629,1.104836181,1.02108668,4,1.026808924,1.076912803,18,1.047973722,1.098056662,5,0.949170748,1.021887695,11,NA,NA,NA,NA,1101,1111,731,837,959,1.093374722,741,724,1135,1211,826,1062,NA,NA,846,1.032081354,1084,1.074502398,NA,NA
1630,1.234684722,1.055090193,4,0.990872298,0.988162599,18,0.970315824,1.044340449,6,1.130561998,1.054065995,11,NA,NA,NA,NA,1009,961,549,668,945,1.025472124,1027,1114,594,500,729,866,NA,NA,848,1.034680562,1092,1.024703792,NA,NA
1631,0.823868419,0.708700627,5,1.048922936,1.058199295,18,0.753410621,0.8152432,6,0.689055625,0.650594504,11,NA,NA,NA,NA,1040,1032,717,907,954,1.033898052,867,889,711,948,916,1064,NA,NA,1108,0.994590701,878,0.867286517,NA,NA
1632,1.052457449,1.032701858,5,1.167643064,1.141133908,18,1.12814733,1.180403956,6,0.948186799,1.07795514,11,NA,NA,NA,NA,1135,1109,919,1083,1069,1.088035833,1025,1120,968,1024,904,994,NA,NA,1023,1.029813563,983,1.010110377,NA,NA
1633,1.727427451,1.601093639,5,0.858241166,0.746211175,18,0.912862733,0.975755151,6,1.220156038,1.288826388,11,NA,NA,NA,NA,975,931,878,998,863,0.854421101,1562,1546,1473,1524,1301,1352,NA,NA,838,0.88448897,921,0.927108637,NA,NA
1634,0.607549339,0.193203062,5,0.8497952,0.89707582,18,0.813728098,0.884176693,6,0.829947975,0.740496245,11,NA,NA,NA,NA,1008,1000,938,1037,1035,1.116576194,1358,1123,1687,1508,1208,1184,NA,NA,1113,0.910442678,1132,1.184757588,NA,NA
1635,0.945885265,0.979104671,6,0.666741184,0.757402445,18,0.871330777,0.941970832,6,1.007577802,1.097345214,11,NA,NA,NA,NA,757,760,979,1064,786,0.814339572,812,566,1739,1426,1200,942,NA,NA,967,1.067714765,1009,0.909961083,NA,NA
1636,0.739824542,0.721644069,6,0.865550638,1.103304874,18,0.967094786,1.019972866,6,0.660226094,0.69794423,11,NA,NA,NA,NA,906,982,1027,1161,939,1.055830769,1092,1028,971,770,1293,1149,NA,NA,976,0.848504245,1179,1.160487467,NA,NA
1637,0.713935697,0.75033919,6,0.863191607,0.990197076,18,0.865334689,0.975940662,6,0.712585703,0.927693293,11,NA,NA,NA,NA,865,907,703,628,1049,1.126222558,1151,1077,916,1072,1272,1096,NA,NA,865,0.929675259,1361,1.261445074,NA,NA
1638,0.964605061,0.942752534,6,0.861304822,0.970991492,18,0.767367283,0.851369708,6,0.789046653,0.975604328,11,NA,NA,NA,NA,1076,1119,894,952,1051,1.039567814,675,625,1119,950,1149,1029,NA,NA,924,0.883055781,1400,1.10251721,NA,NA
1639,1.043283156,1.261554922,6,0.754759387,0.873767843,18,0.693024466,0.887233336,6,0.923518036,1.076133521,11,NA,NA,NA,NA,1050,1033,1231,1310,1008,0.986799922,738,824,1481,1366,1286,1192,NA,NA,741,0.958475872,1352,0.992579519,NA,NA
1640,1.309924424,1.302650311,6,0.77219881,0.983640149,18,0.780428875,0.992959666,6,1.012099136,1.105351823,11,NA,NA,NA,NA,1054,1043,1517,1498,1092,1.071973169,877,1001,777,468,1448,1286,NA,NA,861,0.967197353,1399,1.066087134,NA,NA
1641,0.639387087,0.577750885,6,0.742493066,0.880328514,18,0.713449168,0.903587155,6,0.640449032,0.693516845,11,NA,NA,NA,NA,871,849,1320,1204,997,0.938586078,1085,1239,577,723,1214,1003,NA,NA,598,1.026201807,1217,0.916014567,NA,NA
1642,0.971605117,1.109549321,6,0.859395928,1.038945059,18,0.844983195,1.033438329,6,1.038498944,1.218679047,11,NA,NA,NA,NA,938,968,1713,1517,1001,0.996165064,1487,1497,1054,1111,1593,1416,NA,NA,962,1.002656362,1080,0.864389195,NA,NA
1643,0.98454205,1.016930833,6,0.95231287,1.100003812,18,0.74942959,0.951543452,6,0.931424607,0.940050483,11,NA,NA,NA,NA,1068,1114,1181,871,1110,1.098533854,1174,960,292,243,1186,916,NA,NA,1023,1.015491698,1149,1.044880662,NA,NA
1644,0.957212209,0.978350563,6,0.937978751,1.01787799,18,0.817188046,0.979336456,6,0.649285145,0.707178441,11,NA,NA,NA,NA,1030,988,2111,1843,963,0.890401304,1026,875,844,1168,1530,1330,NA,NA,757,1.395041353,1050,0.915344677,NA,NA
1645,0.63611518,0.61709218,6,0.819506139,0.874476538,18,0.538322242,0.824254021,7,0.515759205,0.731103692,11,NA,NA,NA,NA,920,897,1304,962,853,0.872892331,797,672,910,874,879,628,NA,NA,647,0.983425723,910,0.79729651,NA,NA
1646,0.525996365,0.678996171,6,0.792672425,0.904162269,18,0.498501191,0.722078528,7,0.547212399,0.87426542,11,NA,NA,NA,NA,778,801,1136,791,858,0.932434552,828,898,1130,1266,1071,950,NA,NA,779,0.937206459,941,0.938333673,NA,NA
1647,0.816622062,1.009372346,6,1.011033162,1.168091993,18,0.809454437,1.089240277,7,0.805308046,1.120683969,11,NA,NA,NA,NA,982,1052,1008,878,1080,1.164959105,714,794,990,955,1049,1004,NA,NA,865,0.935573911,1110,1.087303108,NA,NA
1648,0.693002605,0.884646514,6,1.15626698,1.202006548,18,0.784167468,1.005203201,7,0.676540559,0.895162442,11,NA,NA,NA,NA,1062,1077,413,366,1190,1.173062113,616,793,765,916,710,655,NA,NA,919,0.99509063,1158,1.104215929,NA,NA
1649,0.988232689,1.129571603,6,1.142110657,1.070930727,18,0.77453577,0.976766138,7,0.910569991,1.136100384,11,NA,NA,NA,NA,1093,1067,579,706,1193,1.098452654,680,936,1066,1118,611,660,NA,NA,1079,1.011079935,1072,0.955599782,NA,NA
1650,1.494997226,1.602333676,6,1.003362896,0.88415344,18,0.828740342,1.024567541,8,1.023360923,1.162399348,11,NA,NA,NA,NA,1029,1002,776,976,1079,0.956629246,616,907,987,960,685,900,NA,NA,794,1.077110052,832,0.770172443,NA,NA
1651,1.687879601,1.58655121,6,1.013596665,0.972294873,18,0.950073532,1.081468272,8,1.362545162,1.351505691,12,NA,NA,NA,NA,999,986,1263,1422,1087,1.009422121,787,994,1090,1124,1057,1304,NA,NA,929,0.68272177,969,1.025034834,NA,NA
1652,1.085849837,0.806684155,6,0.967350229,0.952338657,18,0.987329337,1.039871235,8,0.857811201,0.664534931,12,NA,NA,NA,NA,1020,1022,942,950,919,0.835957827,616,740,653,565,1222,1324,NA,NA,949,1.248080411,1063,1.054441572,NA,NA
1653,0.49240299,0.364093096,7,0.786497737,0.779657657,18,0.622609412,0.700075103,8,0.39603507,0.480892125,12,NA,NA,NA,NA,1010,1010,286,315,978,0.982896814,699,1031,335,501,657,578,NA,NA,862,1.026410488,1135,1.094622623,NA,NA
1654,0.270913741,0.342006513,7,0.821080497,0.929869238,18,0.322113672,0.494947784,8,0.238868905,0.569774655,12,NA,NA,NA,NA,1078,1066,98,348,917,0.925389954,752,894,190,493,39,154,NA,NA,879,0.772276343,664,0.572142158,NA,NA
1655,0.806829176,1.132290557,7,0.911005639,1.016726568,18,0.813678217,1.194464284,8,0.60322991,1.110077338,12,NA,NA,NA,NA,1037,1021,994,1321,1053,1.087634753,1264,1438,1295,1566,902,1221,NA,NA,991,0.953358345,1125,1.273683386,NA,NA
1656,1.015363648,1.137278541,8,0.789060029,0.88563101,18,0.788111433,0.982889763,8,0.66028469,1.137703754,13,NA,NA,NA,NA,919,904,840,1037,932,0.918304788,1318,1326,1111,984,1233,1424,NA,NA,863,1.127623869,1083,1.035864095,NA,NA
1657,1.093243472,1.222579342,8,0.875393794,1.022685087,18,0.772405979,0.939517589,8,0.863764891,1.150380293,13,NA,NA,NA,NA,928,962,1048,1114,1018,1.028355543,1183,1025,784,869,1171,1208,NA,NA,820,0.860568579,1214,1.170914421,NA,NA
1658,0.70103772,0.750326756,8,0.949613238,1.048403373,18,0.915397854,1.151606872,8,0.686324431,0.781289805,14,NA,NA,NA,NA,840,873,1268,1349,1021,1.009641859,811,684,593,674,1365,1290,NA,NA,844,0.851098601,1174,1.017360261,NA,NA
1659,1.060712078,1.31985989,9,1.025278583,1.076006005,18,1.018928452,1.044230828,8,1.035366621,1.255558256,14,NA,NA,NA,NA,1136,1174,1176,1144,1073,1.066753628,1177,1204,1056,1221,1344,1183,NA,NA,807,0.890646267,1139,1.003008062,NA,NA
1660,1.564203772,1.616467264,9,0.925529053,0.944334825,18,1.071321519,1.089407658,8,1.171318019,1.179384113,14,NA,NA,NA,NA,1062,1046,1170,1062,1020,0.983334899,1279,1246,838,837,1417,1178,NA,NA,897,0.93406024,1175,1.050016304,NA,NA
1661,1.656306183,1.481732313,9,1.14850435,1.205490184,18,1.250639475,1.215162564,8,1.151222933,1.10079449,14,NA,NA,NA,NA,1173,1170,1194,1199,1158,1.138450817,1339,1258,1174,1291,1520,1216,NA,NA,1026,0.950952341,1215,1.049485196,NA,NA
1662,1.128168118,0.725198692,9,0.995102667,0.948859475,18,1.099529707,1.078543924,8,0.907399529,0.806623354,14,NA,NA,NA,NA,1036,968,1193,1067,980,0.873866935,886,625,1188,1124,1029,774,NA,NA,979,1.147861038,1207,1.025385785,NA,NA
1663,1.418633857,1.329545794,9,0.986850104,0.965082358,18,1.163350613,1.028020911,8,0.959854073,1.005814961,14,NA,NA,NA,NA,1104,1085,1214,1093,974,0.953843956,1410,1282,1670,1560,1005,771,NA,NA,827,0.928082395,1114,0.955349939,NA,NA
1664,1.141222147,0.936757776,9,0.882306035,0.87951295,18,1.407721719,1.333112173,9,0.637339293,0.684530682,14,NA,NA,NA,NA,836,807,820,712,781,0.791216756,1274,1118,1683,1474,762,696,NA,NA,698,0.873913012,843,0.723978105,NA,NA
1665,0.635865121,0.712492301,9,0.868667332,0.924982296,18,1.021904424,0.859609167,9,0.494615088,0.691150204,14,NA,NA,NA,NA,899,945,658,688,945,1.054870539,916,696,676,443,747,812,NA,NA,692,0.794296214,862,0.91439977,NA,NA
1666,0.984370504,0.988381546,10,0.903790509,0.994976757,18,1.142294403,1.061447101,9,0.629581986,0.903763328,14,NA,NA,NA,NA,970,1009,359,616,911,0.967683352,1110,1083,700,735,469,602,NA,NA,887,0.88203053,770,0.872703807,NA,NA
1667,0.467979009,0.546565993,11,1.049409913,1.11332574,18,1.032665318,0.906229898,9,0.414040047,0.696723238,14,NA,NA,NA,NA,1059,1072,447,692,887,0.939747367,1146,1058,842,937,508,730,NA,NA,854,1.015035404,852,0.999106503,NA,NA
1668,0.504461476,0.7034495,11,0.982761673,0.959329957,18,1.061832285,0.986160318,9,0.35140932,0.74377931,14,NA,NA,NA,NA,1069,1051,325,623,917,0.995401657,595,539,253,320,494,778,NA,NA,736,0.941799645,801,0.921948233,NA,NA
1669,0.810810236,1.073953845,11,0.97900743,0.978027667,18,1.151746995,1.12664712,10,0.751787367,1.148403637,14,NA,NA,NA,NA,991,971,724,1090,830,0.905802618,1137,1219,763,1055,642,944,NA,NA,760,0.845365453,801,0.923251487,NA,NA
1670,0.909431705,0.978894375,11,1.044056285,1.061257882,18,1.155423565,1.107623709,10,0.724803123,0.986372743,15,NA,NA,NA,NA,1112,1110,631,928,915,1.029176881,919,993,533,617,1000,1280,NA,NA,795,1.007369105,812,0.970135585,NA,NA
1671,0.718386674,0.860977608,11,0.997041478,0.97445461,18,0.961102025,0.990945523,10,0.633216938,0.86681431,15,NA,NA,NA,NA,1006,974,975,1201,964,1.056491762,908,990,725,972,768,904,NA,NA,739,0.911910246,971,1.067201341,NA,NA
1672,0.905025717,1.100556974,11,1.056144798,1.024515427,18,1.180294486,1.083434543,10,0.826769214,1.077079981,15,NA,NA,NA,NA,995,986,823,916,969,1.01902498,987,975,951,1069,890,1025,NA,NA,785,0.908081249,744,0.816833757,NA,NA
1673,1.480901344,1.476222961,11,0.996465899,0.963754207,18,1.312522792,1.215479813,10,1.120858859,1.2886086,15,NA,NA,NA,NA,783,788,1265,1331,920,0.962873975,1089,1130,1311,1398,1256,1340,NA,NA,736,0.993288994,943,1.092946109,NA,NA
1674,1.385931488,1.23393091,11,1.083959239,1.068224014,18,1.252357715,0.957903063,10,0.742031804,0.767576029,15,NA,NA,NA,NA,882,951,1183,1172,955,1.019349541,1186,1212,1237,1112,1252,1217,NA,NA,953,0.93435831,851,0.922825712,NA,NA
1675,0.731187795,0.531424669,11,0.995356484,0.954437716,18,1.177415204,0.988110796,10,0.50394641,0.701217824,15,NA,NA,NA,NA,1042,1095,1315,1125,968,1.001482569,1161,1114,994,944,1049,929,NA,NA,1059,1.110863383,792,0.900502893,NA,NA
1676,1.362895741,1.394320412,11,1.074031996,1.050853512,18,1.417382413,1.230710605,11,1.409205328,1.676087227,15,NA,NA,NA,NA,1043,1030,1829,1645,984,1.020855459,1720,1612,1591,1593,1214,1124,NA,NA,1017,1.137074091,1033,1.153151859,NA,NA
1677,1.278875849,1.089571599,11,0.846294183,0.820171396,18,1.26635798,1.052377576,11,1.265007185,1.134297417,15,NA,NA,NA,NA,842,824,1661,1309,741,0.763022883,971,636,1149,972,1384,1285,NA,NA,807,1.018665976,911,0.909108098,NA,NA
1678,1.784547251,1.63074298,11,1.054033948,1.119341054,18,1.264338658,1.04532974,11,1.546937969,1.442996971,15,NA,NA,NA,NA,995,1036,1830,1444,930,1.086265467,1407,1348,1667,1637,1554,1390,NA,NA,700,0.812323481,941,1.036001976,NA,NA
1679,1.08688167,0.662273456,11,1.172403117,1.126516889,18,1.248089423,1.038387233,11,1.056929249,0.734704998,15,NA,NA,NA,NA,1030,1043,1161,946,1082,1.155768431,1098,840,1401,1120,915,662,NA,NA,930,0.836676305,1057,1.130756929,NA,NA
1680,1.361921011,1.221264416,11,1.126217531,1.042777741,18,1.430390756,1.259373791,11,1.412758506,1.325129461,15,NA,NA,NA,NA,1003,984,1571,1247,1032,1.002370026,944,914,1550,1440,1518,1412,NA,NA,1016,1.122849724,854,0.83873,NA,NA
1681,1.18350763,0.969210694,11,1.144703908,1.021296932,18,1.333859082,1.098901815,11,1.254743326,1.019286886,15,NA,NA,NA,NA,964,967,1303,903,1043,1.037170706,832,739,854,562,1260,1072,NA,NA,1286,1.014133336,880,0.991216492,NA,NA
1682,0.824228431,0.697938694,11,1.15448952,1.016278497,18,1.287457252,1.010151036,11,0.753786695,0.557182875,15,NA,NA,NA,NA,910,916,675,375,1065,1.041661284,759,770,598,627,749,543,NA,NA,1307,1.222578177,1041,1.11940082,NA,NA
1683,1.009163252,0.920245234,11,1.281912674,1.179762235,18,1.230350732,1.013552085,11,1.102571198,1.169261355,16,NA,NA,NA,NA,1066,1095,1303,1301,1189,1.15035059,1018,1071,1341,1391,1393,1370,NA,NA,1215,1.169955039,876,0.925442991,NA,NA
1684,0.65044572,0.69133048,11,1.354668123,1.140459832,18,1.111804229,0.867630312,11,0.858209914,0.812774429,16,NA,NA,NA,NA,1087,1072,1066,972,1171,1.057495165,942,954,948,812,830,741,NA,NA,1190,1.081161462,740,0.851265785,NA,NA
1685,0.270248176,0.362690608,11,0.955484753,0.701892521,18,0.582501296,0.451694638,11,0.460706754,0.518846572,18,NA,NA,NA,NA,955,911,331,261,950,0.823213721,405,450,287,333,559,502,NA,NA,1103,1.032338471,679,0.816195755,NA,NA
1686,0.319850405,0.654727699,11,1.092211269,1.022509773,18,0.839698418,0.912960502,11,0.558651154,0.843890866,18,NA,NA,NA,NA,968,972,393,564,1037,1.022850921,637,859,486,718,560,677,NA,NA,1110,1.068368384,720,0.955757965,NA,NA
1687,0.572159874,0.87050812,11,1.06751929,0.997170991,18,0.939510521,1.015158836,11,0.741740475,1.021685121,18,NA,NA,NA,NA,956,975,677,975,971,0.937607164,819,1053,929,1065,909,1088,NA,NA,1037,0.98519004,620,0.82967068,NA,NA
1688,0.782325765,1.096512798,11,1.135898663,1.048510865,18,1.017222889,1.036539065,11,0.982761441,1.176256003,18,NA,NA,NA,NA,1103,1124,877,1169,1017,1.011836209,889,1107,952,1029,860,1046,NA,NA,1094,0.857461089,754,1.024268955,NA,NA
1689,0.932172252,1.142049165,11,1.395042103,1.28510456,18,1.102441464,1.074993245,11,1.191017449,1.218320378,18,NA,NA,NA,NA,1280,1243,859,982,1380,1.348318711,810,989,856,931,1086,1212,NA,NA,1230,1.030943349,968,1.173427411,NA,NA
1690,1.276939708,1.374375271,11,1.227179523,0.970991956,18,1.308224181,1.258019981,11,1.375693447,1.27347953,18,NA,NA,NA,NA,997,893,768,871,1274,1.02996989,676,834,675,758,829,846,NA,NA,1185,1.157743064,1036,1.128820747,NA,NA
1691,1.417383311,1.361923699,11,1.223781601,1.02855382,18,1.337625946,1.244193243,11,1.344502387,1.145379669,18,NA,NA,NA,NA,1129,1120,886,962,1276,1.058586513,832,1059,889,1016,600,588,NA,NA,898,1.041015717,871,0.912518044,NA,NA
1692,0.967111101,0.791068503,11,1.094954896,0.90351997,18,1.147373505,1.11645659,11,1.41535535,1.203824917,18,NA,NA,NA,NA,930,901,1294,1368,1135,0.937406537,780,987,1439,1508,1234,1353,NA,NA,1107,0.747646339,989,1.022539739,NA,NA
1693,0.618435643,0.578124407,11,1.066710945,0.965033754,19,1.058157835,0.98167726,12,0.840554941,0.588214815,18,NA,NA,NA,NA,1049,1067,1220,1184,1083,0.937074081,884,1109,572,462,1281,1311,NA,NA,1036,1.117572658,943,0.983649257,NA,NA
1694,1.246191222,1.353960816,11,0.954851851,0.843917919,19,1.117556198,1.041763829,12,1.23246014,1.234899677,18,NA,NA,NA,NA,983,971,1866,1727,1004,0.93576988,1042,1173,1194,1301,1544,1480,NA,NA,1026,1.016517215,856,0.884307546,NA,NA
1695,0.917538056,0.851955572,11,0.91367356,0.911757015,19,1.011164898,0.916115545,12,0.980370346,0.884208597,18,NA,NA,NA,NA,882,887,1577,1243,921,0.871651628,817,828,796,714,1338,1115,NA,NA,1072,0.989637651,1029,1.078720898,NA,NA
1696,1.055325968,1.107217798,12,1.062245356,1.090219579,19,0.770295326,0.737033534,12,1.036654519,1.027089351,18,NA,NA,NA,NA,984,1019,919,569,1115,1.116840983,1029,959,726,874,1212,977,NA,NA,988,0.997265392,862,0.889101536,NA,NA
1697,1.190510189,1.186149114,12,1.120313168,1.101797663,19,1.130938676,1.166403443,12,1.081215944,1.047059346,18,NA,NA,NA,NA,1051,1059,1450,1325,1122,1.055234797,1097,1041,990,989,1657,1517,NA,NA,1001,1.018321348,904,0.971421955,NA,NA
1698,0.89979891,0.852620231,12,1.249502845,1.193564304,20,1.094679562,1.025766794,12,0.93598098,0.890718471,18,NA,NA,NA,NA,1180,1170,808,552,1500,1.351571899,1089,1047,866,891,971,662,568,NA,1057,0.98078979,878,0.947703243,NA,NA
1699,0.692921356,0.714475104,12,1.093901087,0.863025302,20,1.176779802,1.110939415,12,0.897851995,0.943113575,18,NA,NA,NA,NA,1000,931,978,1010,1284,0.956898643,1396,1347,1175,1244,1165,970,629,NA,1019,1.080415738,766,0.884428343,NA,NA
1700,0.93653144,1.035853802,12,0.938862697,0.8225569,21,1.011459478,0.952221248,12,0.828161953,0.864416681,18,NA,NA,NA,NA,949,948,730,682,1035,0.833374638,1233,1038,908,830,1087,979,833,NA,1033,0.981557939,798,0.958779361,NA,NA
1701,1.503019515,1.489022321,12,1.157415107,1.148607905,21,1.106599054,1.035864583,12,1.274819086,1.377947645,18,NA,NA,NA,NA,1136,1150,1190,1193,1265,1.167245717,1324,1121,1687,1734,1478,1402,786,930,1199,0.970576854,940,1.096963361,NA,NA
1702,1.350737943,1.175053233,12,1.072634303,1.038180562,21,1.195055933,1.044645323,12,1.109641322,1.038193238,18,NA,NA,NA,NA,1087,1028,1614,1582,1169,0.992325702,1280,1010,1409,1253,1673,1501,832,1240,1057,1.205261673,808,0.912658042,NA,NA
1703,0.840645107,0.664803784,12,1.071788865,1.002025803,21,0.806398042,0.714226734,12,0.65620582,0.587117571,18,NA,NA,NA,NA,999,963,1112,915,1197,1.043750219,1120,864,1346,1289,918,614,881,979,1135,1.008374642,634,0.748399008,NA,NA
1704,0.499481799,0.524643497,12,0.930024576,0.869470772,21,0.755943267,0.747818029,12,0.593926975,0.720482617,19,NA,NA,NA,NA,886,887,926,709,1155,1.001468413,647,587,747,501,980,803,780,910,923,1.129072631,568,0.815481472,NA,NA
1705,0.77344358,1.008682942,12,0.971168698,0.981115116,21,0.912990137,1.012460925,12,0.791991028,1.037906814,19,NA,NA,NA,NA,774,815,1357,1362,924,0.817276827,843,1048,869,912,910,874,874,936,959,0.832199014,645,0.952070748,NA,NA
1706,0.472421884,0.615162568,12,0.90929275,0.917890809,21,0.677056019,0.801149689,12,0.5861714,0.73400967,19,NA,NA,NA,NA,675,744,917,805,850,0.819685947,911,1048,389,407,1176,1176,890,1046,1007,0.927025012,556,0.852294024,NA,NA
1707,0.845533738,1.070681682,12,0.848965804,0.907765263,21,0.918462478,1.067779767,12,0.872906752,1.129542287,19,NA,NA,NA,NA,734,839,967,945,927,0.968099614,1105,1257,1016,1231,913,918,1266,1354,927,0.958592277,590,0.905018285,NA,NA
1708,0.730949877,0.853870528,12,0.990397818,1.074728466,21,0.735167282,0.804462542,12,0.654035199,0.784820789,20,NA,NA,NA,NA,798,907,312,309,1188,1.187044481,1002,990,672,669,882,885,1113,989,963,0.864961388,554,0.879995909,NA,NA
1709,0.552553962,0.797473452,12,1.104608126,1.12047575,21,0.807969615,0.990320283,14,0.529219326,0.766167977,20,962,NA,NA,NA,868,947,310,538,1308,1.19711543,822,897,584,781,130,161,945,882,978,0.989673937,535,0.877118577,NA,NA
1710,0.818826384,1.032193928,12,1.056845761,1.047297992,21,1.05095645,1.224976592,14,0.675785956,0.961484852,21,973,986,NA,NA,942,999,713,1067,1276,1.068408499,981,1030,683,812,864,1105,1081,1084,1253,0.953418326,822,1.185429652,NA,NA
1711,0.702136374,0.864702252,12,0.998271798,0.947892333,21,0.981705621,1.01460626,14,0.633757982,0.897087202,21,1018,1027,NA,NA,941,957,780,1066,1150,0.95922694,955,963,273,424,261,524,1073,1013,1134,1.225416945,698,0.942222879,NA,NA
1712,1.084347268,1.265309391,12,1.060811408,1.023043892,22,0.850309724,0.925162758,14,1.097555051,1.356685121,21,1187,1181,NA,NA,1050,1065,795,964,1307,1.147064777,1101,1147,912,1228,2,304,1211,1172,1108,0.998047202,924,1.190214717,NA,NA
1713,0.882844439,0.910588465,12,0.898093665,0.887489919,23,0.806775688,0.852678634,14,0.870590298,0.933987819,22,894,831,NA,NA,1119,1097,1133,1263,1169,0.931701682,923,892,754,771,2,521,938,824,1001,0.94439327,697,0.85978598,NA,NA
1714,0.47578681,0.567015604,12,0.83707238,0.868742335,23,0.94725289,1.051599057,14,0.621482979,0.704766551,22,1135,1171,NA,NA,1040,1007,1290,1319,1048,0.882861646,696,683,416,588,261,815,1000,1003,993,0.918501886,726,0.921832293,NA,NA
1715,0.615037945,0.91257211,12,0.927633094,0.994274659,23,1.088290724,1.109700945,14,0.710380365,0.920358178,22,811,765,NA,NA,1140,1116,1152,1072,1059,0.988533301,933,1084,404,608,430,966,1181,1171,1150,0.969934833,813,1.034867649,NA,NA
1716,0.789174819,1.049928583,12,0.886448737,0.968167415,24,1.085703384,1.081910342,14,0.804442741,1.011524362,22,939,1002,NA,NA,1134,1082,1314,1201,1033,0.932322645,958,1106,651,903,286,813,1157,1034,925,1.14109672,772,0.947438478,NA,NA
1717,0.71831405,0.88290992,12,1.05368586,1.129832378,24,0.9295238,0.874145513,14,0.772750014,0.977625253,22,1034,1054,NA,NA,1247,1200,916,760,1386,1.280332486,825,886,693,868,236,658,1012,910,1056,0.863883369,765,0.947626668,NA,NA
1718,1.161507508,1.22395171,12,1.045995948,1.03347942,24,1.156641808,1.161625725,14,0.976803545,1.145166794,22,840,829,NA,NA,1053,966,1300,1229,1398,1.144316239,1001,998,815,1003,576,957,1198,1144,1032,1.070132442,864,1.054209732,NA,NA
1719,1.396755647,1.340878757,12,0.914367894,0.913225442,24,1.059001322,1.003309853,14,1.196274502,1.305758302,22,1145,1198,NA,NA,1016,982,1568,1458,1198,0.917146716,1172,1234,1156,1294,727,1072,1157,1047,1040,1.005898357,839,0.960748273,NA,NA
1720,1.711695341,1.494025162,12,1.085179197,1.088972014,25,1.096048418,1.092660973,14,1.53313789,1.508215544,23,1073,1024,NA,NA,1039,1022,1727,1523,1128,0.914268063,1286,1290,1330,1394,1131,1352,1333,1203,1096,0.998482741,985,1.14311344,NA,NA
1721,0.967666099,0.706011461,12,1.0196162,1.014462385,25,0.877332124,0.834136956,14,1.21563107,0.917713487,23,912,887,NA,NA,993,969,1339,979,1152,0.986291321,978,859,1239,1126,892,962,1153,931,1075,1.05404066,912,0.968387321,NA,NA
1722,0.742317309,0.799144054,12,0.941247202,0.897185216,25,0.907003244,0.90122058,14,1.007368476,0.841878763,23,1066,1095,NA,NA,992,991,1372,1089,1089,0.929447071,762,633,661,587,900,879,1133,985,1064,1.005466427,934,0.992143451,NA,NA
1723,1.035127397,1.025623447,12,0.839560873,0.85850588,25,0.946234252,0.985658794,14,1.028136108,0.995307935,23,797,775,NA,NA,881,900,1427,1185,1212,1.093584225,935,1008,890,944,1065,1102,1007,906,955,0.981316847,783,0.84888916,NA,NA
1724,0.937049178,0.91718595,12,0.912318613,1.040450336,25,0.905377653,0.945924228,15,0.897435861,0.884963893,23,706,774,NA,NA,1052,1084,1018,801,1314,1.130772233,1031,1003,974,985,820,861,1090,1034,1102,0.921792126,831,0.923833619,NA,NA
1725,1.139218272,1.141497935,12,0.820112566,0.889585814,26,1.008151688,1.079189091,15,1.111609212,1.135828243,23,1271,1370,NA,NA,859,852,1117,1014,1333,1.092476337,991,1004,1012,1048,1011,1055,1220,1164,986,1.125253735,903,1.032742022,NA,NA
1726,1.538162027,1.351171759,12,0.996433533,1.118783912,26,1.13701461,1.19318751,15,1.003572021,0.962408813,23,1505,1414,NA,NA,947,994,1776,1661,1349,1.109341122,1379,1383,1788,1785,1406,1449,1239,1103,1127,0.938555681,1094,1.177967223,NA,NA
1727,0.970185971,0.853252359,12,1.036536626,1.083591606,26,0.979175555,0.985807295,15,1.07950778,1.071264874,23,1168,1049,NA,NA,958,992,1014,772,1413,1.130845972,1278,1077,916,683,973,852,1161,1016,1057,1.124769598,837,0.81957811,NA,NA
1728,1.13333698,1.110651368,12,1.072481092,1.059691938,26,0.869529964,0.879218237,15,0.936877405,0.866505316,23,1025,1009,NA,NA,1093,1106,1080,893,1371,1.008303187,977,820,945,995,980,896,1208,1066,1000,1.029870081,602,0.703922654,NA,NA
1729,0.917934395,0.813469505,12,0.920566318,0.87258563,26,0.876370006,0.948525769,15,0.803128894,0.821831535,23,884,871,NA,NA,942,919,878,786,1045,0.738106757,1195,1082,1299,1252,388,374,922,793,893,0.937742036,701,0.923337835,NA,NA
1730,0.802774094,0.766382187,12,0.955283328,0.983817288,26,0.874656014,0.918161186,17,0.683680839,0.791465272,23,1042,1110,NA,NA,1047,1064,529,569,1078,0.927237188,1023,905,800,739,546,709,962,931,988,0.828435305,890,1.071724312,NA,NA
1731,1.100991599,1.144743305,12,1.067872439,1.118148194,27,1.101070614,1.215359946,17,1.039107903,1.214371054,23,1111,1097,NA,NA,1026,1016,439,575,1264,1.127114856,1164,1122,1140,1172,287,571,727,740,1075,1.006316062,878,1.01423082,NA,NA
1732,0.937041854,0.923678071,12,1.029768838,0.986939691,27,0.994556209,1.009162005,17,0.758146534,0.797935451,23,803,766,NA,NA,991,973,685,937,1226,0.994526127,783,662,815,704,646,955,1029,1163,1051,1.075932722,913,1.03705116,NA,NA
1733,0.923822992,0.968151242,12,1.094622597,1.061113205,27,1.08917271,1.065647655,17,0.92071006,1.070045415,23,1231,1297,NA,NA,1082,1088,576,821,1265,1.039353561,1329,1329,1030,1119,249,587,1032,1073,1159,1.021242727,991,1.09120233,NA,NA
1734,1.251546562,1.328996166,12,0.89079345,0.839764757,27,1.179877946,1.108684875,17,1.191236197,1.247614656,23,1038,1058,NA,NA,962,932,1129,1362,1000,0.778000014,1584,1480,1280,1211,625,982,1060,1050,1125,1.14598953,1067,1.116857852,NA,NA
1735,1.06245131,1.030622071,12,1.048746804,1.1115841,27,0.89227181,0.882964971,18,0.93752142,0.885334706,23,1018,1060,NA,NA,1032,1044,281,392,1321,1.187519387,982,695,767,708,432,762,801,786,924,1.016855599,825,0.759202854,NA,NA
1736,0.498008202,0.613637662,12,0.78779419,0.798227838,27,0.767895516,0.801759222,18,0.592000523,0.608633963,23,840,883,NA,NA,817,809,449,672,1086,0.85733617,740,613,425,500,571,855,828,931,778,0.840618975,942,1.01215165,NA,NA
1737,0.861744462,0.914528189,12,0.952023682,1.047477077,29,1.085630314,1.191387006,18,0.84063107,1.026234848,23,889,904,NA,NA,885,937,642,928,1281,1.126354566,1122,1141,977,1150,667,921,964,1090,996,0.762906739,1013,1.077002921,NA,NA
1738,1.160677793,1.24231175,12,1.029979457,1.085453095,29,1.325899086,1.318936876,18,1.258653154,1.357813352,23,1006,1022,NA,NA,1061,1099,701,982,1183,0.981188464,852,864,824,876,731,958,1051,1080,1033,1.092544478,1158,1.148395197,NA,NA
1739,1.21733434,1.216409094,12,1.144366977,1.140082542,29,1.191325924,1.097345588,19,1.253326579,1.188167542,23,1100,1105,NA,NA,1182,1160,916,1160,1318,1.149712863,883,997,1163,1273,780,990,1035,1018,1114,1.055093146,1091,1.055507983,NA,NA
1740,0.827791734,0.741646375,12,0.874131577,0.80075664,29,1.098469371,0.966390368,19,1.091114813,0.944307896,23,909,884,NA,NA,1015,950,575,690,1115,0.829064001,1021,951,1289,1223,686,882,740,725,828,1.114000596,997,0.961418148,NA,NA
1741,1.000428817,1.082670855,13,0.877888388,0.916477863,29,1.143238478,1.005682805,19,1.331462696,1.23046687,23,871,870,NA,NA,941,928,518,706,1160,1.025037667,1116,1196,1145,1112,685,870,853,1006,856,0.770587114,1041,0.991237871,NA,NA
1742,0.66281836,0.726059024,13,0.972527327,1.048431931,29,0.924520169,0.820651626,19,1.004023634,0.846173157,23,872,882,NA,NA,1112,1133,382,625,1359,1.206968349,701,623,668,598,601,790,719,839,858,0.899522765,737,0.679618541,NA,NA
1743,0.786693332,0.904737056,13,1.027052063,1.061345745,29,0.990168767,0.981608119,19,1.374697082,1.311708368,23,898,913,NA,NA,1088,1042,1105,1388,1286,1.038682225,664,806,698,803,1116,1322,847,1029,937,0.944798109,1031,1.16471523,NA,NA
1744,0.909666744,1.011762814,13,1.107972167,1.091818998,29,1.035942677,1.014357967,19,0.980520184,0.772638676,24,1034,1069,NA,NA,1000,956,814,969,1441,1.174416433,730,896,693,785,800,884,769,893,984,1.040564033,920,0.987140043,NA,NA
1745,0.930000888,1.007168993,13,1.023484699,0.966144767,29,1.135680154,1.097961689,19,0.957105343,0.926273703,24,1242,1212,NA,NA,844,838,479,610,1372,1.036148412,904,1109,956,1041,587,710,755,907,894,1.058188569,917,0.940947857,NA,NA
1746,1.55214078,1.566256947,13,0.960755997,0.921608083,29,1.181818635,1.085533291,19,1.458397615,1.438733619,24,1291,1278,NA,NA,852,901,1052,1244,1202,0.931983003,1451,1539,1317,1368,940,1107,817,984,959,0.920650942,1154,1.255332709,NA,NA
1747,1.593900084,1.389657899,13,0.946826753,0.960507123,29,1.133667444,1.02163419,19,1.375017433,1.153415467,24,1346,1235,745,NA,975,1032,1114,1215,1352,1.103519469,1410,1238,1460,1376,1217,1360,839,990,1129,1.018366001,1219,1.152409188,NA,NA
1748,1.125507742,0.868280613,13,0.770005535,0.809168609,30,0.841422168,0.751206054,19,1.016382283,0.777628912,24,1026,890,773,856,839,850,315,364,1092,0.822365506,1109,923,1393,1242,578,573,657,791,861,1.176695906,957,0.827848927,NA,NA
1749,1.140688613,1.005036613,13,0.930377269,1.068452103,30,1.15698551,1.169136772,19,1.224933899,1.118296301,24,1039,1030,1098,1173,997,1053,823,1008,1218,1.012952438,1302,1172,1044,901,1080,1167,517,745,1004,0.824085487,1056,1.011711875,NA,NA
1750,0.712834761,0.589601126,13,1.155345715,1.217409192,30,0.916303918,0.888592052,20,0.921899266,0.75204768,24,1063,950,1139,1106,1231,1246,350,565,1343,1.148209648,1302,1105,1171,1116,557,602,856,1178,1083,1.089729542,1073,1.054887463,NA,NA
1751,0.977893651,0.987279578,13,1.026185657,0.958266288,30,1.076128429,1.105924409,20,1.241532094,1.274456696,24,964,940,1138,1093,1177,1095,1147,1408,1231,0.938199971,1265,1068,864,781,972,1114,900,1046,960,1.09249711,1018,0.961643078,NA,NA
1752,0.928162713,0.925264203,13,0.967620214,0.93997485,30,0.848400395,0.78538528,20,1.226535806,1.055512402,25,1044,1039,971,926,914,852,889,1034,1206,0.969839325,991,761,1370,1431,667,758,971,1068,940,0.91056851,991,0.943029743,NA,NA
1753,1.259790167,1.271532497,13,1.122864262,1.119855483,30,1.063062304,1.110518799,20,1.168005257,0.999458043,25,809,769,1059,1069,1037,1036,1415,1481,1297,1.113127195,1170,1099,1595,1419,944,1022,893,934,1103,0.951137813,1038,1.012126579,NA,NA
1754,0.977445959,0.858123647,13,0.90951702,0.830349881,30,1.057640706,1.076160446,22,0.975839693,0.84805656,25,863,918,1015,996,897,904,1320,1250,1158,0.879710208,1222,1099,1183,1018,1087,1161,855,939,1026,1.113629012,969,0.96325774,NA,NA
1755,0.983082862,0.989697041,13,0.921659875,0.968117891,30,1.08504449,1.059736678,22,1.048543937,1.013526102,25,986,1024,1217,1212,926,962,1039,882,1468,1.233278939,905,796,1020,887,1064,1075,981,1082,879,0.985732542,1029,1.019457369,NA,NA
1756,0.268040763,0.281624859,13,0.876758091,0.93001945,30,0.734219052,0.686859606,22,0.464044558,0.412393955,25,952,957,1092,1021,1096,1121,992,932,1264,0.919646482,489,437,744,701,878,857,707,752,888,0.849870896,1091,1.075684559,NA,NA
1757,0.466750665,0.732183255,13,0.927889833,1.007426755,30,0.895345607,1.017141442,22,0.696825418,0.956078666,25,1143,1131,1230,1199,1158,1125,807,781,1358,1.085672925,832,990,754,788,594,552,678,861,952,0.93816256,992,0.92429888,NA,NA
1758,0.659114499,0.893099783,13,0.743254642,0.810131591,30,0.875851104,0.965577233,22,0.690191165,0.863968665,25,844,811,847,772,962,907,921,962,1088,0.806622294,698,875,864,911,835,963,701,919,807,1.042164541,1034,0.972874937,NA,NA
1759,0.591525376,0.84834517,13,0.921263546,1.073183032,30,0.776300798,0.858184283,22,0.865442023,1.08910608,25,1053,1090,1047,1097,1044,1044,776,867,1257,1.072509968,1241,1432,577,632,691,850,685,903,847,0.885610487,1325,1.254700362,NA,NA
1760,0.625610318,0.878861202,13,0.809657788,0.9092865,30,0.732916693,0.849643221,22,0.731651059,0.859725539,25,961,931,960,868,896,887,1083,1192,1065,0.859592386,697,682,839,1003,890,1052,708,939,786,0.942333886,1147,0.951558806,NA,NA
1761,0.81719657,1.074186952,13,0.742981771,0.880994403,30,1.047818138,1.19672599,22,1.176023178,1.321409479,25,977,982,883,734,751,784,1954,1977,849,0.73199204,1063,1206,1025,1064,1494,1629,834,1053,698,0.917937161,1121,0.960405335,NA,NA
1762,0.962371412,1.13914433,13,1.052868574,1.225189551,30,0.933528008,1.028908666,23,1.080182045,1.046977505,25,1202,1210,1049,1058,1120,1205,1430,1150,1226,1.21492388,936,929,1158,1197,1132,1122,714,871,1114,0.839541074,1317,1.260165539,NA,NA
1763,0.716140337,0.778853161,13,0.841153777,0.879147093,30,0.912888358,0.94761421,24,0.853984727,0.808141682,25,998,945,1116,1025,926,878,927,658,1029,0.884803438,688,755,769,747,1232,1097,655,853,741,1.322488154,1162,0.93189763,NA,NA
1764,1.135169961,1.244003617,13,0.919818036,1.01101054,30,1.063539833,1.103809288,24,1.128740887,1.156359481,25,832,832,962,895,921,934,1304,1135,1019,0.915744648,755,894,1299,1369,1641,1489,832,1076,758,0.764169789,848,0.666862218,NA,NA
1765,0.915076279,0.929217363,13,1.203270941,1.270645515,30,0.92152675,0.964242864,24,1.001493478,0.950517926,25,916,969,904,892,1088,1121,1102,963,1205,1.137596737,835,1010,1078,977,1198,1016,723,879,984,0.910061708,1100,1.078070363,NA,NA
1766,1.063055813,1.074856259,13,0.865037657,0.795838666,30,1.126332833,1.211989298,25,1.006762453,1.039303395,25,928,960,1089,1161,824,800,1405,1309,980,0.84592433,918,1068,1050,1079,1557,1274,887,1078,851,1.177981098,1045,0.947531102,NA,NA
1767,0.672329046,0.677457647,13,1.116595721,1.159715858,30,1.196347259,1.114474103,25,1.117206275,1.07145294,25,1037,1071,1034,1005,950,1009,1314,1153,1249,1.171632058,983,1074,954,878,1407,1123,798,919,1014,0.92507482,1016,0.993388805,NA,NA
1768,1.040790953,1.221707284,13,1.057377793,1.035405613,30,1.008037525,0.902352456,25,1.062230737,1.004773463,25,1007,976,987,991,1026,1050,1263,1106,1181,1.041567031,1247,1289,1697,1710,1364,1128,835,967,852,1.119325556,854,0.825908439,NA,NA
1769,1.200525736,1.239283244,13,1.075316251,1.06106807,30,1.009503539,0.997843728,25,1.1749438,1.126533515,26,949,973,914,916,1056,1045,1044,903,1356,1.148369727,1140,1034,1431,1172,1173,944,766,899,695,0.874151069,833,0.868094025,NA,NA
1770,0.785003727,0.748356001,13,0.910020046,0.855049065,31,0.87671384,0.856756828,25,0.910551621,0.810826376,26,902,912,883,911,915,893,707,592,1083,0.842645648,1063,984,994,867,1270,1101,881,1038,701,0.815936829,716,0.834813394,975,1.117091636
1771,0.904737714,0.976013653,13,1.170733823,1.192015891,31,0.847762379,0.894261553,25,1.269660186,1.291934138,26,1039,1057,1054,1079,1086,1108,955,1011,1409,1.266346092,962,892,1298,1230,1306,1158,872,981,981,0.902256454,1187,1.344109446,1002,1.092321032
1772,0.692837087,0.775071914,13,1.160931956,1.082541103,31,0.817436774,0.9342866,25,0.923232805,0.779134415,26,1023,1004,1012,1035,1162,1130,1091,1198,1332,1.041531464,564,577,1135,994,978,754,734,841,987,1.20375707,1047,1.041273587,931,0.960416395
1773,0.746338766,0.90396527,13,1.172484412,1.072093169,31,1.129054613,1.201762031,25,1.019627701,1.010888241,26,1024,1035,1035,1039,1134,1077,987,964,1235,0.973432141,715,905,864,819,1152,1102,831,997,1031,1.085584493,1071,1.01613254,1060,1.121165357
1774,0.775864007,0.961595342,13,1.095377323,0.957815658,31,0.908377182,0.930478841,25,0.994527414,0.986040879,27,1095,1096,1107,1099,1096,1027,1143,1110,1126,0.877654502,568,770,735,752,1056,1015,776,920,982,1.067693149,1206,1.153935041,1033,1.000566903
1775,0.808260842,0.95867282,13,1.012593922,0.935759978,31,0.781789321,0.845526441,26,0.890831924,0.887333336,29,1038,1032,971,934,1118,1073,524,511,1189,1.023577206,523,835,959,1016,1054,991,787,944,1036,1.00066662,1033,0.860921937,908,0.903437422
1776,0.608509785,0.765795367,13,0.862121965,0.825559217,31,0.76190532,0.855421955,26,0.878322336,0.901253574,29,978,945,931,939,896,842,841,961,1010,0.833361058,565,887,722,748,962,963,855,1000,793,1.063470089,1155,1.13148229,848,0.909957413
1777,0.32430053,0.566448237,13,0.923360233,0.954459466,31,0.824437747,0.957789957,26,0.675370733,0.726894278,29,1025,1022,938,961,908,928,964,1100,1021,0.917315638,790,1099,569,696,944,910,889,1005,809,0.789072491,1291,1.161424845,1150,1.260785812
1778,0.718421238,1.062763131,13,0.890188292,0.955288668,31,0.801538326,0.96025838,26,0.784812623,0.976036298,30,1135,1117,1079,1091,961,989,989,1074,951,0.892323299,778,988,890,1041,874,816,1037,1125,767,0.924554834,1205,1.034702468,1057,0.97889753
1779,0.693631659,0.930830126,13,0.806902429,0.874805296,31,0.759923359,0.874397348,26,0.648445963,0.794268598,30,939,907,1032,966,880,896,1091,1117,879,0.86218988,709,846,535,614,1044,1086,886,890,661,0.905766565,1100,0.890202471,969,0.95838834
1780,0.682967899,0.907437598,13,0.9588749,1.074572891,31,0.817322556,0.980375662,26,0.847414509,1.055632122,31,1113,1127,1002,995,1114,1163,889,867,1190,1.206163924,1128,1350,671,862,707,757,745,831,911,0.820915671,1423,1.299505679,898,0.902495493
1781,0.835697161,1.082226691,13,0.777586372,0.831834892,31,0.945119227,1.085883189,26,0.9141422,1.054428206,31,876,845,1029,1083,898,869,254,275,957,0.834066858,1010,996,1020,1142,626,742,877,1014,770,1.137841248,1444,1.139926886,892,0.964141179
1782,0.710451039,0.892260423,13,0.733927578,0.876117977,31,0.895563662,1.001125239,26,0.830334411,0.910622571,32,816,856,898,884,946,972,771,984,862,0.835044552,636,699,702,769,811,905,864,974,720,0.905173211,1201,0.808819892,696,0.790182505
1783,0.854281903,1.041711823,13,0.862819531,1.035128244,31,0.876252464,0.974134492,26,1.018383485,1.12455088,33,1096,1133,965,1013,997,1026,770,992,929,0.979249039,1010,1163,958,1091,1104,1211,872,973,835,0.901244921,1277,1.011322057,1112,1.349463021
1784,0.783284807,0.937844228,13,0.939576226,1.062990013,31,0.8949937,0.967036712,26,0.846856182,0.890942742,33,1097,1062,1152,1136,981,986,886,1054,870,0.914065882,646,710,910,946,1258,1289,948,1055,846,1.025180351,1321,1.115224266,1321,1.272909884
1785,1.045332745,1.142042846,13,1.005158478,1.092644689,31,0.787579788,0.851364817,26,0.984352874,1.077645273,33,916,884,1006,968,1185,1177,1070,1167,1090,1.163689839,680,890,993,1079,1364,1301,1008,1057,913,1.007989832,1324,0.996203671,1323,1.149722714
1786,0.827911155,0.911298698,14,0.796898725,0.813730063,31,0.930926575,1.067107395,26,1.023939717,1.04482093,33,806,838,870,878,980,904,864,920,909,0.88793281,571,803,764,755,1062,887,828,862,711,1.061610628,1237,0.857038092,1329,1.080783092
1787,1.113772962,1.235429094,14,0.858781219,0.97449247,31,0.896141984,0.988024836,26,1.012645704,1.030546931,33,1013,1079,1028,1059,993,1002,1004,1039,908,0.939780194,1057,1333,1229,1369,1235,1218,1014,1083,878,0.813102656,1247,0.964166191,1181,1.058838454
1788,0.826184247,0.816585937,14,0.874995698,0.993617002,31,0.903720078,0.986407053,26,0.872418063,0.880084604,34,1020,1010,1013,966,1014,1011,724,760,968,1.048994433,871,878,905,787,1269,1097,907,916,857,1.065063944,1339,1.175100895,1041,0.857691339
1789,0.422805968,0.534374635,14,0.713394471,0.809862244,31,0.910033139,0.979427971,26,0.647627085,0.697624024,34,967,957,1052,1058,870,886,378,485,869,0.854710498,1044,1121,304,365,791,557,839,889,696,1.010058258,1342,1.057039167,1113,1.050418795
1790,1.262871651,1.527822207,14,0.715267202,0.897178487,31,1.26400392,1.317810158,26,1.153113841,1.338165326,34,1061,1085,1038,1026,884,916,1104,1312,709,0.778318496,1209,1220,1568,1728,1348,1407,968,1066,686,0.860694488,1140,0.889807673,980,0.879511068
1791,0.876299732,0.896669294,14,0.749380148,0.960181746,31,1.097314585,1.04709352,26,1.107344827,1.078401667,35,934,924,886,872,794,834,872,996,747,0.914098996,1070,1059,1110,945,1503,1357,973,1010,664,0.917462988,858,0.721419031,852,0.883073063
1792,1.28985667,1.299061003,14,1.112566235,1.317031971,31,1.25683774,1.2002051,26,1.726138134,1.690724717,35,1106,1133,1152,1186,1031,1104,1211,1276,1151,1.30198183,1710,1550,1567,1618,1583,1394,1235,1246,1013,0.898429015,1077,1.059409175,1081,1.204482345
1793,0.827667987,0.77003916,14,1.041811533,1.063000149,32,0.934755999,0.793983443,26,1.143609714,0.771964779,35,950,903,912,846,983,986,1470,1437,1114,1.082866059,861,489,1016,742,857,629,941,834,816,1.267354064,942,0.891593718,945,0.934786892
1794,1.06285193,1.145512477,14,0.937304383,0.914254464,32,1.065367374,1.057629594,26,1.397881265,1.28253024,35,1014,1027,1093,1130,894,888,1436,1223,978,0.91186994,1077,984,1545,1556,1240,1062,1052,1072,785,0.900660768,1028,1.015529915,1133,1.198509391
1795,0.899315376,0.864177693,14,1.115174098,1.140937152,33,1.050430079,0.986096778,26,1.059816566,0.803526401,35,1144,1141,1066,1014,1125,1153,1474,1238,1109,1.107070257,964,839,1002,743,1158,1049,1061,1027,993,0.939332985,1246,1.189728947,1158,1.057182932
1796,1.005650962,1.077009736,14,1.169508579,1.135721354,33,1.080619532,1.058606297,27,0.915543023,0.848882696,35,1065,1020,860,913,1083,1055,1443,1161,1080,1.024673025,785,843,1423,1419,1176,1074,1068,1018,1037,1.130722648,1118,0.901495423,1144,1.012000909
1797,1.285488633,1.325733539,14,1.251891151,1.156027855,33,0.873255654,0.814841462,27,0.998689685,0.978760329,35,988,971,1019,1061,1114,1067,950,694,1221,1.146723608,873,963,1438,1237,1273,1126,1046,991,1051,1.130555433,1124,1.083748664,914,0.928472283
1798,0.301700517,0.21487833,14,1.35303007,1.154304887,33,0.847836831,0.894623458,27,0.704871886,0.703731869,35,1038,1041,992,977,1104,1061,419,261,1178,1.056868366,538,669,764,677,900,748,1142,1096,1073,1.082223036,1364,1.216881837,986,1.122350068
1799,1.031548798,1.273528212,14,1.173227079,0.928735177,34,0.943245989,0.991649628,26,0.876491603,1.028143102,35,1016,1007,1024,1020,1089,1052,1502,1633,1062,0.915860862,700,937,1418,1415,1316,1230,1048,959,1149,1.07211423,1196,0.961609724,979,0.995651857
1800,0.737261409,0.860365433,14,1.031103438,0.868732725,34,1.062341763,1.122649842,28,0.920445117,0.998054774,35,973,965,957,950,979,953,1351,1304,932,0.861179048,468,666,975,788,1493,1393,1146,1079,1081,1.117089528,996,0.827762766,1060,1.112890621
1801,0.581052462,0.740260515,14,1.251985052,1.166813544,35,0.78896171,0.789270412,28,0.953634636,0.9931689,35,976,981,1118,1134,1025,1027,733,598,1060,1.057654755,701,1045,844,869,955,800,1108,1002,1118,1.028445017,1250,1.1652874,933,0.918667818
1802,0.797065254,1.003062148,14,1.327821227,1.191654918,35,0.910971241,0.994494094,28,1.435415923,1.459690472,35,1066,1072,1093,1054,1148,1136,1305,1284,1185,1.137947743,722,942,1153,1123,1282,1151,1246,1170,1080,1.070296282,1368,1.222289267,1067,1.0978401
1803,0.943748862,1.126674173,14,0.994889284,0.777878842,35,0.967223978,1.025271184,28,1.379611859,1.171949989,35,997,990,1031,1011,907,856,1584,1496,946,0.828900278,869,1091,1060,1016,1323,1261,1200,1056,1010,1.020693676,984,0.72560408,1115,1.077014422
1804,0.713646549,0.8152522,15,1.058225554,0.978248067,35,0.765712749,0.812848651,28,0.905694011,0.684946571,35,904,921,869,844,1049,1073,660,490,1063,1.035021236,654,777,884,895,882,674,1068,924,1120,0.971999693,1054,0.91168661,1061,0.984187675
1805,0.794651768,0.981556169,15,0.968135056,0.897456211,35,0.934485442,1.065953929,28,1.053612625,1.011250773,35,888,908,964,1011,960,952,673,617,1001,0.976023269,880,1090,655,668,381,266,771,714,927,1.098506449,940,0.824993254,1081,0.994309027
1806,0.86153369,0.992294864,15,1.123491998,1.10939785,35,1.036168946,1.081382846,28,1.152940737,1.092977579,35,1014,1047,887,883,964,971,605,710,1052,1.031677031,748,886,963,1077,1048,1207,1153,1252,997,0.872650939,970,0.934359195,965,0.891339968
1807,0.376172448,0.560894474,15,1.134275791,1.047865659,35,0.874381961,0.910827792,28,0.647948345,0.627733933,35,1020,1029,1036,1080,1000,1020,666,849,1067,0.995552261,730,907,500,539,427,549,1129,1070,1001,1.024948347,1067,1.029386535,903,0.930723742
1808,0.788596564,1.057210263,15,1.037926386,0.956617745,35,1.045234075,1.096541823,28,1.069522144,1.192562665,35,907,892,915,885,949,949,1052,1253,981,0.938862998,1030,1177,790,973,925,1135,1213,1124,896,1.004754,1082,1.013665357,965,1.010392339
1809,0.555239573,0.724526572,15,0.906367172,0.882305026,35,0.960326117,0.952757039,28,0.64870918,0.61859526,35,1052,1084,1012,1030,871,894,371,448,740,0.752537389,844,880,326,388,358,501,1233,1097,784,0.921135674,993,0.964045484,956,1.003370439
1810,0.589653878,0.839880565,15,0.832263863,0.851520618,35,0.888185058,0.920180553,28,0.755200979,0.973579932,35,993,979,982,980,856,896,731,900,704,0.832129671,867,960,680,957,804,997,1218,1035,836,0.854173348,1095,1.096946786,954,0.983411127
1811,0.990565061,1.262727343,15,0.986214337,1.072457409,35,0.894816986,0.972419825,28,1.068120579,1.190282118,35,921,916,904,914,1002,1051,839,1028,847,1.037954768,1102,1227,1179,1295,806,1026,1124,977,991,0.968778153,1136,1.091030133,946,0.994042945
1812,1.09248206,1.2079808,15,1.181000643,1.205736434,35,0.86570202,0.924926211,28,1.146633245,1.136478536,35,1027,1031,1008,1038,1216,1226,796,967,1109,1.206461463,1181,1163,1275,1304,892,1004,1122,999,1103,1.132233251,1208,1.111379072,943,0.981071553
1813,0.918103716,0.965006695,16,1.002501649,0.907873972,35,0.934451203,1.032044374,28,0.956735936,0.924737141,35,960,952,977,981,1019,942,865,1001,958,0.953171136,987,919,1206,1137,948,1042,1024,947,951,1.143663214,1166,0.962269396,962,1.014679211
1814,0.87594797,0.976056967,16,0.954632782,0.929103648,35,0.908491494,0.969360237,28,0.902350896,0.918520931,35,1007,1011,934,942,1043,1026,966,1051,886,0.935569092,1090,1078,1039,974,1081,1166,981,921,1015,0.936344154,1125,0.993295006,979,1.037515833
1815,0.778145451,0.848495974,16,0.901458835,0.928898138,35,0.842732797,0.914830327,28,0.891396522,0.93085234,35,994,964,965,978,961,952,1059,1107,883,0.957732628,1030,957,973,971,1045,1026,944,934,1077,1.05193945,1108,0.949374073,1009,1.04178484
1816,0.831625606,0.958359597,16,1.003260343,1.044282927,35,0.924574416,1.00534997,28,1.290583481,1.364161142,35,1089,1085,1034,1041,915,934,1077,1100,943,1.005757638,1241,1219,863,833,1141,1044,965,979,1030,1.095323204,1021,0.94425954,1096,1.094187847
1817,0.915137709,0.990269704,16,1.008206917,1.018339304,35,0.825425549,0.939378851,28,1.145537473,1.016748827,35,1142,1129,1079,1063,908,941,839,817,970,1.012345067,1107,958,803,851,912,859,961,972,1047,0.991765292,1211,1.131243639,1055,0.976156754
1818,1.134501144,1.243081682,16,0.997804618,0.996590737,35,0.85425065,0.966431771,28,1.038946052,0.964219058,35,1130,1101,980,954,1029,1071,460,489,911,0.962929272,1172,1094,966,998,436,410,823,837,1100,1.044178409,1014,0.8755863,1013,0.961328663
1819,0.821705105,0.817020727,16,1.190764911,1.190044577,35,0.872113126,0.985835876,28,0.938802318,0.90153135,35,943,919,1004,1025,1041,1036,787,949,1060,1.098533802,1614,1503,863,879,978,1142,866,964,1164,1.066803181,1118,1.031469051,978,0.939838652
1820,0.717759627,0.7996564,16,1.103276719,1.009958784,35,0.802655288,0.909579716,28,0.857426394,0.875168558,36,914,933,960,961,989,983,291,469,944,0.918407127,1103,789,638,724,272,350,657,755,829,1.123730339,883,0.827114444,969,0.984838079
1821,1.13877708,1.295735588,17,1.118022127,1.013653184,35,0.874553593,0.984145078,28,1.032400374,1.110867612,36,897,890,874,885,1067,1065,929,1218,944,0.959870863,811,753,1237,1365,1002,1245,850,1050,928,0.759782955,927,0.963245755,1030,1.031064041
1822,0.963778855,0.995432837,17,1.195657806,1.095587447,35,1.020475017,1.10899917,28,1.09294608,1.065959539,36,895,925,993,1008,992,961,1010,1206,957,0.974641539,1116,1140,1129,1067,1154,1274,1023,1164,859,0.995093553,972,1.022943712,1152,1.133821515
1823,1.083592144,1.154426103,17,1.002818731,0.862551467,35,0.823729926,0.865174976,28,1.219192894,1.189286659,36,973,1003,956,936,856,841,937,1006,939,0.979205416,712,725,905,930,1195,1192,945,967,860,0.919940495,1121,1.1220309,1038,0.927678144
1824,0.672275977,0.704492084,17,0.945130702,0.905551637,35,0.819607878,0.930172707,28,0.817768023,0.716396514,36,1023,1029,976,990,1030,1075,419,448,972,1.02379045,750,869,603,611,658,571,853,892,711,0.96564154,801,0.688603383,850,0.810782151
1825,0.588890355,0.733164868,17,0.930003614,0.934813147,35,0.991077273,1.056090285,31,0.860755701,0.920924372,36,1026,1037,1067,1073,879,876,1315,1498,915,0.924041516,682,805,1005,1137,1330,1354,1080,1170,982,0.838289639,1222,1.273066741,1034,1.114841567
1826,0.874471787,1.113808377,17,0.930269505,0.961355957,35,0.819359732,0.876245576,31,0.941700443,0.991906784,36,928,900,1104,1078,960,1002,787,808,1070,1.109972517,799,1028,1025,1035,1219,1196,1193,1168,938,1.156253788,1094,1.057338741,1068,1.054894943
1827,0.799602251,0.940922376,17,0.995325177,1.039671488,35,0.803774971,0.91688616,31,0.956045556,0.992446997,36,924,932,1229,1184,973,992,996,1031,1103,1.062905382,970,1078,651,697,1670,1472,1310,1173,1041,1.000947441,1285,1.177042475,1084,1.024112043
1828,0.897243963,1.053984912,17,1.027244064,1.057400847,35,0.987908443,1.090428685,31,1.139366625,1.168700303,36,1039,1061,1162,1078,1045,1057,1348,1359,1035,0.985788933,1124,1190,1251,1364,1700,1446,1277,1075,1124,1.108094209,1333,1.152943007,1100,1.036135982
1829,0.743809797,0.859318795,17,1.065862199,1.050617974,35,0.920834026,0.977809995,31,0.977148528,0.930411076,36,1026,1012,1065,1026,1144,1128,1258,1177,1039,0.99222574,834,785,784,718,1594,1230,1224,1024,1211,1.147127107,1137,0.878975048,938,0.847307298
1830,0.483553403,0.618808921,17,0.905937758,0.845473969,35,0.983126582,1.035866285,31,0.847014035,0.865662979,36,931,926,1107,1106,969,906,1288,1138,907,0.868837007,942,1008,698,827,1318,1003,1059,890,956,1.138648809,1207,1.078640152,1032,1.063032734
1831,1.224097266,1.460011356,17,1.109973743,1.120660856,35,0.812161903,0.844095827,31,1.310363704,1.385399781,36,1014,1038,967,934,1123,1119,1176,1026,1061,1.085084387,884,924,1313,1378,1100,773,1024,960,1020,0.855155715,1408,1.247758396,1060,1.046343298
1832,1.122117141,1.152624772,18,0.854234467,0.790621993,35,0.951929288,1.056788924,31,1.363181072,1.212575851,36,999,1000,813,844,923,885,1172,1039,815,0.797461211,927,1031,1419,1349,602,437,1128,1090,1056,1.010993585,1062,0.857616232,1020,0.973317694
1833,0.99736513,0.974674396,19,1.129749421,1.204365107,35,1.13061739,1.1750125,31,1.066113796,0.881162703,36,1211,1202,960,1021,1206,1211,1521,1403,1128,1.215665453,1211,1245,815,709,1141,1110,1188,1094,1304,1.049249058,1182,1.000885999,988,0.963262355
1834,0.711481811,0.721944009,19,0.973998202,0.918607418,35,0.885864484,0.886899911,31,0.965926333,0.884978169,36,962,913,1030,1028,1016,953,957,765,938,0.905546839,978,915,578,617,863,874,1122,999,1072,1.266090527,987,0.784319796,874,0.891322939
1835,1.064032856,1.166860417,20,0.853393524,0.850765345,35,0.94075832,0.976208067,31,1.165300953,1.124773572,36,1074,1082,997,987,913,931,1574,1444,813,0.834284578,1406,1396,726,864,1084,1136,1272,1165,866,0.927907448,1262,1.263873176,982,1.068346315
1836,1.073384806,1.087277452,20,0.729238435,0.839179835,35,0.74283782,0.800706721,31,1.093207292,1.008529681,36,875,859,902,904,676,728,1707,1481,621,0.733192444,1153,959,1164,1253,1447,1473,1145,971,799,0.785937086,840,0.764127708,982,1.009386113
1837,1.293062429,1.310199556,20,1.08397989,1.24681454,35,1.088886371,1.235506963,31,1.376264768,1.298452679,36,1250,1278,1005,1031,1144,1247,1800,1464,935,1.150562999,1340,1259,1629,1592,1435,1341,1217,1103,1132,0.834172522,1012,1.037498724,994,1.00374637
1838,1.140690921,0.995287387,20,0.985419075,0.980986695,35,0.950546312,0.950390374,31,1.094144764,0.886171879,36,1022,945,945,934,1094,1062,1725,1283,784,0.86016909,1277,1053,1786,1581,1775,1562,1223,1089,1025,1.239055501,672,0.659140259,928,0.937323728
1839,1.219502031,1.162279117,21,0.978750554,0.982617084,35,0.819135541,0.895467147,31,0.805652432,0.745315341,36,969,963,924,942,998,960,1907,1474,815,0.955304437,1182,1028,1943,1676,1660,1454,1098,935,860,0.981112167,593,0.77015078,902,0.96145632
1840,1.307413912,1.207412848,21,1.024411491,1.026324262,35,0.775532723,0.84388366,31,1.126279928,1.137843282,38,914,918,1036,1049,1034,1030,1395,917,891,1.019687993,1086,912,1621,1259,1484,1069,995,911,891,0.868207521,663,0.934852471,958,1.031542361
1841,1.128761892,0.937852378,21,1.190363295,1.184009172,35,0.946136385,1.083451498,31,1.236088635,1.128788566,38,1027,1047,1084,1061,1170,1147,1351,982,1010,1.088040337,1266,1173,1434,1188,1720,1369,1038,1024,1077,0.96262102,776,1.007379946,986,1.009473156
1842,0.667487874,0.615141787,21,1.027708198,0.94582387,35,0.689813941,0.785986441,31,0.761953453,0.663733585,38,972,957,1044,1024,1122,1057,549,301,920,0.956272507,957,800,642,418,407,157,517,490,946,1.148621863,727,0.926623665,1014,1.029591571
1843,1.710825403,1.82076146,21,1.129011739,1.072495949,35,0.924975785,1.106267739,31,1.534649844,1.616800136,38,1147,1153,1093,1082,1170,1128,1314,1303,1010,1.057235549,1520,1493,2184,2238,1624,1549,1156,1396,1207,0.935238259,994,1.27882473,1075,1.074254128
1844,1.030861658,0.804521562,22,1.079816495,1.008393612,35,0.899418027,0.991252128,31,1.092667836,0.857415366,38,1095,1060,1002,973,1182,1121,1132,1111,908,0.957542259,1024,783,1369,910,1225,1143,1133,1101,1007,1.237563311,728,0.837559036,951,0.914821961
1845,0.56994166,0.489082553,22,0.706564347,0.652547749,35,0.570861868,0.678333932,31,0.6114977,0.556301367,38,769,760,910,919,749,694,546,460,669,0.711317011,468,448,92,49,805,694,954,868,698,0.934000084,602,0.788028242,852,0.875828139
1846,0.757232673,0.856184423,23,0.819509659,0.955327872,35,0.731105044,0.940268824,31,0.803964266,0.913070339,38,926,989,921,974,855,925,635,704,683,0.90677947,645,828,769,906,904,844,953,970,756,0.693423812,690,0.935718954,930,1.034470927
1847,0.413553315,0.53710659,23,0.740927976,0.870493426,35,0.661263796,0.856819777,31,0.363031181,0.459621248,38,985,1005,1010,1027,814,885,726,903,604,0.839512228,606,860,452,553,650,674,874,908,524,0.905790748,598,0.838978915,985,1.046606364
1848,0.807116005,1.095200243,23,0.778052148,0.951273885,35,0.689021959,0.950895607,31,0.792788303,1.20344655,38,999,999,980,963,783,848,581,784,693,0.956991761,811,1065,329,605,509,625,919,996,616,0.698173974,593,0.908678437,951,0.962599812
1849,1.174554348,1.323732421,23,0.835278085,0.999119126,35,0.91494505,1.134230075,31,0.987192095,1.125552863,38,1075,1073,986,992,817,905,781,969,723,0.996391286,1172,1293,1194,1357,1055,1252,1214,1241,835,0.927208007,739,1.090589938,1069,1.095968459
1850,1.01110012,1.023467085,23,0.896253773,1.019272509,35,0.790180508,0.972533664,36,0.930680953,0.980552271,38,1004,968,971,975,970,1040,1088,1247,860,1.089525352,973,943,1041,1048,1088,1216,1053,960,891,1.126602886,854,1.108868481,1019,0.984228677
1851,0.168872824,0.189358443,23,0.73294159,0.83314998,35,0.518957554,0.710705123,36,0.242011781,0.345908225,38,919,915,894,912,887,899,163,216,755,0.916019333,756,757,468,559,391,411,787,738,698,1.078896187,676,0.820979581,824,0.795720627
1852,0.995030033,1.322336951,23,0.739372787,0.915860731,35,0.67215481,0.942871783,36,0.865932879,1.206254492,38,912,931,930,965,868,904,754,992,709,0.914764877,1043,1125,930,1076,907,1032,979,1079,737,0.842975709,922,1.116386968,1038,1.131164791
1853,1.315847425,1.412959042,23,0.88339154,1.057404975,35,0.870475193,1.109734225,36,1.393480108,1.500722999,38,1015,1039,917,924,991,1040,787,1028,786,1.007286928,1118,1147,1161,1233,1021,1154,1140,1166,840,0.922648179,824,0.96685167,993,0.970160848
1854,1.073538142,1.005920189,23,0.864836444,1.000562574,35,0.92855049,1.094096547,36,0.932385032,0.830579928,38,1054,1047,920,931,1039,1056,727,910,848,1.042737116,1232,1192,848,843,940,1011,1079,1015,789,1.058380937,843,0.990636098,984,0.977553719
1855,0.568968526,0.540861894,23,0.925108048,1.050763317,35,0.90297638,0.991021932,36,0.625603329,0.647261642,38,1086,1075,989,1013,1102,1099,438,598,894,1.0470769,1035,890,242,281,568,627,926,876,897,0.943413862,930,1.086455198,985,0.996059561
1856,1.004152173,1.161410331,24,0.928482451,0.985066808,35,0.902690799,0.960367648,36,0.845861365,1.03507207,38,1083,1075,1069,1060,1341,1275,419,658,1011,1.102402261,1042,1017,846,1083,927,1050,893,932,910,1.077340856,889,0.898539722,982,0.966164459
1857,0.884449677,0.931451724,24,0.768235789,0.821583615,35,1.02473247,1.075046894,36,0.827296298,0.956116798,38,947,936,1032,1013,960,874,531,842,829,0.8636205,1047,1014,840,929,967,1069,1082,1133,804,1.037248367,866,0.930117117,1064,1.083736319
1858,1.073280383,1.121347857,24,0.834233136,0.962412863,35,1.137122285,1.135013494,36,0.983613566,1.095442322,38,923,943,986,969,1005,996,959,1273,880,0.989584685,1123,1117,1026,1183,1348,1405,1108,1082,1001,0.871354717,940,1.070175352,1095,1.058247646
1859,0.925176765,0.945132481,26,0.936626618,1.0686076,35,1.047139992,1.018164811,36,0.91355605,0.930923958,38,932,934,966,973,1154,1147,794,961,1062,1.168217292,967,900,943,935,1067,1045,910,860,1220,1.132385212,1125,1.132255447,1047,0.963124422
1860,1.161224179,1.194222795,26,0.952509257,1.031249652,35,1.217890543,1.166862905,36,1.146351062,1.264678868,38,976,989,1057,1070,966,916,661,794,1042,1.026195631,1460,1396,1143,1227,947,918,1010,1053,1181,1.271854845,1112,1.134983884,1105,1.063256446
1861,0.866214554,0.868678627,27,1.137314927,1.174589715,35,1.086767867,0.973399354,36,1.005409506,0.968297657,38,1012,1028,1142,1130,1105,1117,246,431,1200,1.18289229,1159,884,972,945,42,123,623,618,1065,1.095629778,1201,1.083703662,1039,0.972111194
1862,1.048503142,1.047595139,27,1.066797058,0.999507611,35,1.161536842,1.065179625,36,1.306570402,1.25274054,39,977,977,1089,1051,914,884,581,871,1029,0.913674128,1041,1003,1233,1308,550,735,935,1141,970,0.940084777,1177,1.074934157,1096,1.059597043
1863,0.777700981,0.804155552,27,1.177924924,1.098127188,35,1.057201762,0.950649429,36,1.17706578,0.97134339,39,1086,1069,1221,1197,1011,1030,264,590,1006,0.997212512,940,866,747,669,144,517,662,752,1040,0.911878362,1026,0.874800904,1004,0.945137291
1864,1.215019669,1.25981342,27,1.160916374,1.052145685,35,1.128687247,1.025968792,36,1.159253743,1.042174783,40,1136,1117,998,941,917,922,496,858,982,0.971765808,607,704,1142,1225,587,925,806,1003,989,1.037827777,1000,0.986554944,879,0.855421958
1865,0.867479762,0.848787343,28,1.061872644,0.945554006,35,0.948711318,0.857611497,36,0.82447513,0.690315966,40,881,850,816,850,966,990,533,869,923,0.898351447,532,730,992,869,504,810,693,869,936,0.951749687,671,0.621960246,711,0.81221977
1866,1.419871836,1.440502856,29,1.101112757,1.015779723,35,1.316093727,1.277054599,36,1.438326656,1.469898135,40,1120,1152,1071,1121,1154,1162,962,1250,1019,1.085105562,985,1216,1470,1486,783,1050,1029,1220,1186,0.931451807,1163,1.326255102,946,1.154804486
1867,1.359762991,1.201204428,30,1.260574792,1.173448739,35,1.230086543,1.087527865,36,1.305074759,1.101941713,40,959,923,990,945,1076,1026,874,1067,1194,1.201716425,915,996,1739,1523,811,1015,1040,1082,1488,1.211821335,909,0.805369114,884,0.95283456
1868,1.189124419,1.031665461,30,1.052218491,0.898543943,35,1.217501122,1.043555669,36,0.880056109,0.726276915,40,913,919,1035,1041,1016,992,988,1075,1023,0.911530618,511,618,886,690,1070,1201,953,961,1082,1.341223721,932,0.951623239,853,0.939042443
1869,1.38863506,1.248364468,30,1.234835566,1.151766364,35,1.583475639,1.3809102,36,1.313726677,1.301338566,40,1008,1020,1042,1017,966,949,1060,1100,1014,0.96449951,789,1000,1354,1450,1376,1379,1084,1153,1058,0.810437972,924,1.062535742,859,0.98759136
1870,1.22504948,1.033460895,30,1.281370659,1.09701337,35,1.388499488,1.069025956,36,1.155491189,1.019774645,40,1023,1022,1050,1039,953,969,1026,1061,837,0.83520022,852,1018,952,757,1246,1128,1060,1005,1097,0.921948256,922,0.98952371,864,0.981331968
1871,0.484232868,0.345496624,30,1.311794719,1.092047925,36,0.936638757,0.672624586,36,0.608724694,0.527202638,40,1014,1013,1013,992,1065,1077,609,603,865,0.940413661,549,732,207,257,805,695,856,824,1110,0.981148833,892,0.970941274,701,0.826192321
1872,1.043681459,1.221230525,30,0.862013946,0.635652872,37,1.109442031,0.995593636,36,0.580102018,0.709000148,40,709,705,896,906,615,608,940,1057,696,0.811388935,495,776,843,1050,1265,1202,907,987,910,1.020916868,873,0.955081194,716,0.938874333
1873,1.041840864,1.086211586,30,1.292958973,1.284778945,37,1.122339172,1.008523135,36,0.696256763,0.920266959,40,1190,1265,832,862,1076,1198,730,827,1000,1.173344742,602,921,934,963,812,763,955,1007,1267,0.814507179,937,1.041480377,691,0.923355932
1874,0.640819931,0.659882527,30,1.162256034,1.013979954,37,1.25517669,1.118728199,36,0.426806289,0.696373615,40,1045,991,908,957,1036,1037,328,467,932,0.992735637,476,771,255,374,610,615,984,1029,1279,1.249675856,997,1.089782141,812,1.054571206
1875,0.949997169,1.101016463,30,1.103473341,0.959399566,37,1.453987377,1.26235796,37,0.581321241,0.900099996,40,1001,993,939,974,916,897,993,1245,788,0.845636918,821,1116,1090,1327,386,521,1035,1051,1131,1.145091752,903,0.918048888,976,1.140138347
1876,1.10068131,1.135107631,30,1.350755821,1.209435476,37,1.332984184,1.022385155,37,0.801635099,1.07252122,40,1143,1169,1055,1048,1149,1174,1252,1374,1053,1.152560549,967,1138,1392,1345,1289,1514,1199,1189,1530,0.945265926,1052,1.157904354,973,1.002448749
1877,0.885071423,0.847967706,30,1.206156595,0.986916298,38,1.001449607,0.785942709,37,0.704248296,0.908627219,40,999,963,1140,1116,1020,978,929,925,962,0.983334988,761,856,740,734,777,883,1012,900,1154,1.371688328,1022,1.027643163,922,0.964097228
1878,0.97229159,1.009145462,30,1.067444871,0.913206301,38,1.133812406,0.982021379,37,0.758654216,0.971404469,40,1062,1067,916,892,1065,1047,1321,1292,783,0.843335811,885,1015,1133,1175,1114,1171,940,921,995,0.839278956,961,1.02358829,876,0.935212321
1879,0.622325979,0.645055172,31,1.007217493,0.916178852,38,0.99448083,0.874739424,37,0.797362763,0.937680933,41,1011,1002,1008,1045,979,960,1015,946,808,0.94167835,842,941,969,888,396,440,1019,1058,968,0.813442471,854,0.911103745,928,1.023435749
1880,0.830514047,0.950905248,31,0.785540156,0.747110383,38,0.680440947,0.691177986,37,0.603482225,0.768619158,41,922,920,897,880,870,879,475,437,773,0.902817466,388,602,1092,1151,399,547,716,716,813,0.903130688,776,0.899990144,835,0.90340992
1881,0.812235527,0.935833566,31,1.092068948,1.175182495,38,1.048033131,1.141053686,37,0.624525594,0.861970202,41,1044,1068,979,1018,1056,1071,557,676,859,1.027209269,600,943,1061,970,497,786,860,1019,1193,0.789955965,923,1.031981758,842,0.952532128
1882,0.973873379,1.078967576,31,0.816005013,0.792375633,38,1.009900792,0.985463477,37,0.812654215,1.037208582,41,847,832,1015,1022,839,826,1029,1268,645,0.790920488,596,868,714,695,631,939,991,1100,740,1.253341392,896,0.905747491,889,1.026332085
1883,1.116515605,1.176376339,32,0.891192448,0.976546566,38,1.117104397,1.146642866,37,0.952789101,1.123317405,42,899,932,857,860,872,930,1080,1203,744,0.957235909,563,901,818,912,870,1145,982,1016,830,0.66676639,725,0.823768081,829,0.925961374
1884,1.307689075,1.285488714,32,0.920654053,0.999535816,38,1.117913262,1.05626565,37,1.023378532,1.118316474,43,1048,1065,881,940,958,1004,1142,1130,839,1.050819573,647,928,939,993,952,1124,971,996,867,0.93734523,816,1.012943544,937,1.06466198
1885,1.26658653,1.13246066,32,1.008689053,1.056844593,38,1.272065026,1.195618677,37,1.28856592,1.308358591,43,1084,1065,1088,1120,1015,1027,1182,1129,871,1.019215818,646,892,817,885,985,1071,924,956,1096,0.952546207,993,1.135939553,1020,1.08326787
1886,0.944788381,0.823320727,32,1.147807794,1.14704266,38,1.093798233,0.954825705,37,0.992888505,0.899963275,43,1065,1045,1167,1116,1245,1245,699,649,1061,1.175675644,487,751,702,777,602,656,748,799,1086,1.177509697,869,1.02589792,1006,0.997868441
1887,0.717118334,0.694807896,32,0.908223061,0.825228755,38,0.917462545,0.801381698,37,0.607983572,0.580622957,44,913,906,1119,1075,1183,1102,859,882,827,0.856617969,383,722,547,654,645,751,577,728,917,1.079050746,716,0.842119806,894,0.921496135
1888,0.585796941,0.728479362,32,1.012105147,1.028837671,38,1.046961283,1.060815625,37,0.770907045,0.948822176,44,981,1013,1061,1037,1103,1031,736,825,785,0.907500551,573,972,426,614,421,608,580,855,1095,0.865988991,1064,1.281385268,908,0.960686238
1889,0.645071207,0.851499708,33,0.980710413,0.94988426,38,1.09919195,1.046145422,37,0.781177762,0.927572523,44,1048,1046,958,958,1009,969,1501,1629,727,0.894456456,468,852,498,711,1264,1513,828,1115,1030,1.118537957,1178,1.256110994,878,0.962726229
1890,0.685203075,0.878814473,33,0.862357956,0.857118706,38,0.831751304,0.837692791,37,0.621937062,0.772213666,45,1051,1028,968,982,883,875,1073,1034,769,0.961022136,378,770,487,708,870,1020,850,1003,821,0.975776703,989,0.826267927,772,0.869198214
1891,0.731431554,0.937149192,33,0.870791642,0.920071976,38,0.987609044,1.039476726,37,0.705770868,0.932069729,45,949,937,996,1016,798,834,1527,1420,758,0.947892562,574,951,1000,1224,987,1049,1034,1153,831,0.784051395,976,0.958852747,912,1.06506123
1892,0.947215103,1.116493126,34,0.969946999,1.054970758,38,1.040379463,1.042666932,37,0.97110209,1.166165373,45,1142,1163,1034,1044,976,1044,1139,965,951,1.152483468,663,975,942,998,793,842,996,1018,1174,0.904289458,1159,1.191041975,944,1.025334184
1893,0.792378934,0.876665898,34,0.812588452,0.849042173,38,0.983107956,0.954322149,37,0.743472156,0.831933622,45,861,824,941,926,935,946,479,347,874,0.95471651,338,628,444,536,353,368,843,861,821,1.235454387,927,0.797717488,860,0.892733543
1894,1.10491244,1.196614025,34,0.927914171,1.032215513,38,1.534100224,1.491071998,37,1.078780673,1.211305003,45,937,975,1058,1069,1022,1037,1203,1274,923,1.014383539,619,1016,787,939,1182,1400,1114,1210,1037,0.783260842,1203,1.235302819,1019,1.122408623
1895,1.35275692,1.352797545,34,0.849570244,0.905500108,38,1.364889892,1.103263535,37,1.297229613,1.275953752,45,941,954,983,956,830,834,1480,1491,773,0.866121275,918,1179,1184,1273,745,874,1139,1093,921,1.101414084,1197,1.111943148,1077,1.064325459
1896,0.592141366,0.464674871,35,1.071754374,1.15718737,38,0.940327037,0.73698749,37,0.763803813,0.6639946,45,926,937,979,990,962,1026,1249,1160,996,1.14062229,863,1022,650,665,763,840,1154,1064,1127,0.923537126,1050,1.023625726,916,0.873486274
1897,1.257221009,1.388825552,35,1.116884123,1.096639526,38,1.281122426,1.169933706,37,1.339468271,1.416875189,45,1004,1020,959,972,989,999,1470,1286,1027,1.077987081,1187,1273,1019,1130,807,931,1127,1018,1105,1.153682486,1318,1.244710645,1026,1.083737055
1898,0.697055928,0.647520811,35,1.232412425,1.156907282,38,1.052895298,0.907536405,37,0.959764741,0.793016581,45,1143,1124,1023,1045,1076,1084,1296,1062,1134,1.133547133,1035,930,778,771,1189,1295,1118,1031,1290,1.059938285,1307,1.10405092,945,0.936082635
1899,1.036382375,1.123542587,35,0.948984364,0.812739479,38,0.97321753,0.924366936,37,0.75981678,0.780422713,45,937,914,1002,969,1083,1054,623,423,870,0.810466149,760,778,566,707,517,560,1059,971,1055,1.180226496,1066,0.789030828,949,0.976951685
1900,1.175470595,1.190047174,36,1.269426606,1.248991253,38,1.051904495,1.062713481,38,0.942722794,1.055541687,46,1093,1108,1067,1086,1413,1385,1142,1118,1241,1.292397789,797,899,1070,1188,1046,1156,1036,985,1273,0.879709595,1058,0.942290615,1024,1.060480534
1901,0.975171873,0.897321528,37,1.116660416,0.967876236,38,1.192544771,1.141327585,38,0.90067882,0.935793792,47,1005,982,1229,1196,1285,1144,1096,1089,1035,0.950583763,753,914,732,726,951,1015,1168,1135,1113,1.179807743,1164,1.048250389,1094,1.08873601
1902,0.63708953,0.622423444,37,0.834959998,0.721451406,38,0.816737316,0.742850496,38,0.547912928,0.636980749,47,825,830,907,865,922,811,401,365,822,0.782086994,757,940,532,665,460,487,977,882,818,0.961712324,1216,1.048181342,1004,0.935483774
1903,0.775488406,0.925107597,37,0.89328024,0.935154231,38,1.04405037,1.06481851,38,0.783609596,1.007101548,47,982,1023,965,1014,904,923,1607,1722,932,0.997844897,684,864,731,877,1557,1713,1084,1061,1026,0.698417139,1221,1.166713077,1048,1.036478525
1904,0.833614104,0.98517638,37,0.800117961,0.84818325,38,1.073874237,1.076766043,38,0.956839682,1.097422367,47,1116,1104,912,926,700,752,1463,1406,717,0.785565646,814,1090,844,977,1522,1508,1120,1072,820,1.068136164,1100,0.948800197,1043,1.010763037
1905,0.935661928,1.041635913,37,0.856643318,0.971020228,38,1.00136737,0.959276569,38,0.985752752,1.08719757,47,1048,1020,988,1018,821,929,1251,1063,823,0.977556724,869,1047,820,933,1127,918,1132,1065,1075,0.826709854,1304,1.183593328,1097,1.067050596
1906,1.131711269,1.155420801,37,0.596544841,0.70682823,38,1.016006519,0.963777448,38,1.122427778,1.180783698,47,746,743,871,864,670,750,1607,1390,562,0.718114264,858,993,805,900,1337,1138,972,872,768,1.148061352,1197,0.97055404,972,0.891225577
1907,1.583529859,1.534229945,37,0.911419731,1.142541557,38,1.267491687,1.222941299,38,1.685051681,1.577180062,47,1003,1068,1030,1068,991,1103,1722,1493,875,1.126573635,1416,1448,1174,1261,1754,1557,1315,1281,1142,0.77502774,1371,1.259966227,1051,1.060252528
1908,1.085017228,0.866254123,37,0.939566865,1.037072891,38,0.969007154,0.860499821,38,1.324269979,0.984276417,47,1024,1009,1036,994,954,974,1472,1097,787,0.945792715,1345,1226,558,539,1167,904,933,768,1036,1.224388374,1166,0.991809185,1038,1.024286199
1909,1.12451366,0.947424681,37,1.117960015,1.168532636,38,1.055781451,1.005435882,38,1.042238541,0.7997592,47,1033,1024,1014,1005,1054,1061,1555,1215,1042,1.20326954,1391,1164,1194,1360,979,777,1085,1076,1210,0.993833128,1152,0.93727902,998,0.97084571
1910,0.906218815,0.816260258,37,1.08714661,1.026325694,38,1.067289494,1.006405241,38,0.910016325,0.812729146,49,954,943,997,996,1052,1023,862,537,952,0.986912758,1358,1087,953,879,688,593,970,921,1057,1.171838585,1011,0.800762082,1017,1.013719719
1911,1.007708759,1.024776025,37,1.031033276,0.95932346,38,1.104289261,1.07315222,38,1.048587025,1.078626507,49,948,963,1031,1045,1024,1008,797,670,910,0.968386124,1562,1323,1306,1393,354,379,962,961,958,0.946668152,1405,1.195685758,1178,1.168769289
1912,1.468075568,1.448629941,37,1.136201991,1.093045551,38,1.168912391,1.073596949,38,1.556523738,1.543714955,49,1041,1054,1024,1015,1105,1099,1291,1289,1003,1.072374654,1452,1093,973,853,1007,1218,1104,1130,1176,0.90478169,1479,1.279865772,1233,1.098011442
1913,0.91181763,0.721104993,37,1.093673387,1.010966594,38,1.095631512,0.992241303,38,1.161988322,0.891755705,49,1170,1155,918,924,1146,1109,1277,1246,1003,1.032315758,1346,999,1026,1056,1030,1184,1021,971,1208,1.160631643,1127,0.870940262,1112,0.961625384
1914,1.12059654,1.084871566,37,1.038916308,0.945529847,38,1.154814146,1.120396158,38,1.046318471,0.942997545,49,1099,1063,1001,1020,997,955,1381,1251,1146,1.141874388,1263,1030,1050,996,1225,1285,1238,1188,1339,1.105678685,1197,1.151034121,1177,1.0817445
1915,0.960853551,0.912322009,38,1.039357075,0.994169266,38,1.056487377,0.929664117,38,0.996411013,0.919355284,49,978,951,1005,995,1008,1011,1738,1559,1044,0.996710873,1210,1019,925,936,1501,1471,1203,1049,1130,1.160918735,1033,0.832759629,1127,0.998767772
1916,1.026508162,1.019860159,38,1.079206913,1.075647412,38,1.205480263,1.121871089,38,1.01187252,0.95999473,49,1042,1050,1080,1076,1076,1084,1355,1070,1072,1.027000498,1106,968,1073,1097,1479,1307,1467,1313,1340,0.922393887,997,0.939537558,1178,1.078443087
1917,1.234895886,1.202197079,38,1.16493314,1.081898293,38,1.059357521,0.898963907,38,1.246729107,1.168109051,49,1051,1045,1094,1076,1173,1140,1245,940,1135,1.101386941,1254,1137,1502,1472,1174,980,1364,1053,1395,1.154436624,1043,0.980994732,1179,1.03326071
1918,1.125655274,1.045643499,39,1.108611663,0.991733668,38,1.103138621,1.028654647,38,1.285641427,1.108452602,49,1002,992,955,904,1134,1065,1059,863,1145,1.078785117,1179,1025,1125,981,1202,1050,1296,1039,1230,1.164814425,967,0.837536725,1115,0.95812425
1919,0.764700746,0.712988762,39,1.183534868,1.07199089,38,1.007546894,0.9178158,38,0.943970289,0.784775165,49,984,990,877,901,1156,1113,207,130,1174,1.036857026,1080,971,824,795,431,299,910,706,1279,0.935648201,989,0.985052703,994,0.909021168
1920,0.588415659,0.640121286,39,0.944398083,0.806121133,38,0.829609412,0.786719081,38,0.664057274,0.63127588,49,869,887,1010,1049,819,771,1225,1358,876,0.738138556,882,829,853,849,1103,1153,1065,1070,1020,1.066941362,1136,1.146011243,969,0.942747158
1921,1.033998885,1.229429625,39,1.128339393,1.091056042,38,1.168262669,1.210236077,38,1.095837454,1.206139525,49,1012,1049,928,948,923,970,1535,1638,1120,1.081983344,1301,1335,1373,1421,1315,1412,1225,1153,1070,0.798619057,1192,1.104385311,1095,1.089696258
1922,0.795869557,0.892150337,39,1.180974833,1.086021128,38,0.746718171,0.683382555,38,0.897770459,0.860537547,49,950,946,963,986,1018,1055,683,599,1232,1.152595514,1399,1239,868,746,690,576,1432,1276,968,0.985657318,1304,1.180540523,1054,1.011168696
1923,0.919996337,0.958057615,39,0.985281939,0.873621503,38,0.887132162,0.959028723,38,0.796294263,0.843417121,49,929,946,938,944,838,835,1354,1297,1107,0.944547756,1186,955,1036,1096,1519,1506,1244,982,986,0.912312532,1196,1.020821763,1138,1.086284002
1924,1.054537735,1.111472015,39,1.018145247,0.988225517,38,1.12728698,1.168017065,38,0.924416469,1.023460683,49,1018,1030,952,952,925,971,1016,914,964,0.861263406,989,819,1093,1021,1351,1300,1274,1092,1070,0.923793869,1084,0.818392319,1153,1.055618136
1925,0.988214288,0.955071901,39,0.908143148,0.880310814,38,1.165829442,1.129390919,38,1.062194884,1.119911489,49,1008,1006,944,940,870,901,430,405,908,0.939090169,1301,1247,1299,1288,377,134,746,556,902,1.074587402,948,0.822372789,1147,1.028091909
1926,1.322859442,1.300967371,39,0.936772791,0.973992778,38,1.102816971,1.014356284,37,1.26243597,1.237879689,49,967,953,966,981,811,847,1247,1317,892,0.927109736,1341,1228,1895,1791,1224,1246,1149,1237,1013,0.850683071,1118,1.041445621,1099,0.991487289
1927,1.237812685,1.111565179,39,1.023574631,1.05315533,38,1.093995391,1.010200524,37,1.151372583,1.013475936,49,1014,1025,1134,1142,1032,1107,773,812,1040,1.101757368,1478,1231,1205,915,814,829,1109,1030,1108,1.042878196,1281,1.236220514,1096,1.012965234
1928,1.410429241,1.23019071,39,1.103967309,1.070874101,38,1.301917269,1.199053183,37,1.297960282,1.194836262,49,1204,1187,1106,1058,1051,1049,1197,1258,1199,1.208430926,1428,1046,2056,1915,1352,1367,1146,1058,1206,1.100230018,1206,1.181997861,1169,1.087025818
1929,1.138157451,0.880059458,39,1.184847465,1.119071697,38,1.038054996,0.876231711,37,1.007349639,0.854064799,49,1093,1052,1232,1199,1193,1168,1064,1023,1244,1.138780057,996,701,1029,614,808,724,1069,978,1399,1.118356615,1368,1.137734462,1080,0.952647512
1930,1.032022579,0.881891837,39,1.153695212,1.041370614,38,1.004762138,0.96810998,37,1.055995961,0.99987178,49,917,893,972,914,1070,1006,896,860,1211,1.034093697,1506,1362,813,804,612,587,1188,1114,1200,1.267887283,1026,0.787548761,1017,0.950176709
1931,0.941646061,0.875726317,39,0.982396956,0.86934484,38,0.939008007,0.880278776,37,1.13153452,1.068704265,49,1074,1096,1069,1098,1092,1057,1113,1118,996,0.900405262,1285,999,1402,1310,1103,1227,1249,1108,1160,0.989709481,1257,1.021663869,1031,1.021087781
1932,0.892931847,0.903675593,39,0.924898871,0.903827956,38,1.022926231,1.047973012,37,0.98624536,0.910892401,49,1057,1031,1124,1106,1023,985,845,835,1139,1.02665984,927,788,1065,952,647,707,1085,927,1052,0.964792108,1280,1.065269371,1045,1.003911729
1933,0.8374164,0.865429038,39,0.956662137,1.000387329,38,0.870339213,0.831375409,37,0.977893104,0.955644227,49,1121,1098,1018,971,1180,1164,1050,1073,1169,1.035331025,749,697,887,872,775,885,860,794,1126,0.881889922,1187,0.923902975,941,0.896091468
1934,0.631580268,0.717873603,39,0.731696281,0.758009268,38,0.907391901,0.994645991,37,0.738424051,0.747585443,49,883,849,1050,1051,926,870,780,794,887,0.824590761,636,752,631,615,794,935,883,937,879,1.035012135,1246,0.920055862,873,0.895739307
1935,0.755860785,0.962115992,39,0.698535677,0.83625326,39,0.819149406,0.855316809,37,0.762733882,0.881547455,49,947,977,967,966,881,898,948,1038,842,0.849815986,824,1029,479,612,996,1119,835,902,893,0.775971838,1221,1.011066569,894,0.990648664
1936,0.679623615,0.845795273,39,0.734392782,0.943001728,39,0.874189014,0.971118493,37,0.726927602,0.853093756,49,947,948,817,846,1025,1069,703,752,962,0.994461128,717,839,548,723,837,904,948,1048,1049,0.917518508,999,0.861399348,836,0.92339384
1937,0.767805223,0.917071311,39,0.784679531,0.984561709,39,0.892424454,0.968029111,37,0.96019083,1.097398465,49,852,866,890,937,872,869,1181,1290,906,0.955971381,1218,1365,1227,1374,1075,1148,1055,1104,963,1.016203798,1167,1.098561603,973,1.090821554
1938,1.066292481,1.209837478,39,0.694530448,0.869112288,39,0.88543198,0.955796567,37,1.008101769,1.062789564,49,943,990,941,959,930,959,1179,1203,998,1.025776155,1069,982,912,882,1357,1379,905,891,835,0.913125559,1056,0.933721186,890,0.947198912
1939,0.897255224,0.874885053,39,0.897553482,1.09100992,39,0.795464424,0.891774289,37,0.915989294,0.909822423,49,1036,1058,1054,1057,1093,1127,570,513,1124,1.147395844,886,868,654,746,1040,933,893,926,891,0.838880933,1025,0.975158336,955,1.046568688
1940,1.026002556,0.998231542,39,0.791798013,0.916664011,39,1.033277637,1.120909524,37,1.011117212,1.03153199,49,1032,1012,1050,1026,1047,1023,567,641,969,0.899909796,1062,1063,605,724,714,641,826,895,984,0.958327151,1197,1.100427539,1008,1.05752596
1941,1.006652358,0.982043551,39,0.72203158,0.860939344,39,0.76548086,0.7892336,37,1.057739394,1.048743137,49,917,924,1061,1027,882,865,1188,1372,919,0.883638094,1019,1025,770,943,1621,1658,769,870,802,1.042175776,1032,0.846335389,1071,1.074431899
1942,0.990675234,0.964426339,39,0.799385109,1.001839596,39,0.84290054,0.960245474,37,1.220664774,1.181015925,49,1070,1086,972,937,963,1004,1144,1200,985,0.981880385,1041,1072,974,1072,1494,1397,836,990,1022,0.829934232,1042,0.992200514,970,0.913290148
1943,1.228521319,1.236958174,39,0.734018462,0.901665999,39,1.0347183,1.139354285,37,1.361469801,1.224536425,49,1017,1019,963,978,895,946,1069,1046,980,1.00543369,1338,1260,560,633,1521,1258,1114,1223,1003,1.106226527,1052,1.04388359,1114,1.118301298
1944,0.935981776,0.814672914,39,0.845438424,1.04839924,39,0.833039294,0.872211737,37,1.051779119,0.848639026,49,898,896,886,909,983,1008,1138,1066,978,0.981273854,1130,953,829,1004,1291,1042,1158,1112,818,1.025341258,938,0.843634772,1060,0.982817613
1945,1.026291274,0.994141518,39,0.762356611,0.897418249,39,1.045900151,1.134074062,37,1.142368756,1.031247582,49,798,829,901,916,879,886,1452,1374,875,0.895232222,1427,1285,1042,1117,1765,1514,1284,1188,933,0.844088257,1075,0.96776863,1195,1.119717085
1946,1.150298554,1.116834916,39,0.873136749,1.048418693,39,1.026764123,0.996257066,37,1.203681564,1.116728195,49,991,1047,1058,1079,1004,1047,860,731,933,1.008277807,1459,1080,645,690,556,322,1124,961,982,1.02853731,1026,1.001410399,1106,0.982284007
1947,1.002951009,0.908675069,39,0.844300565,0.966065163,39,1.095264067,1.103894949,37,1.386515236,1.258164561,49,928,917,954,923,938,940,1563,1481,962,1.015701667,1534,1227,1208,1343,1392,1329,1241,1123,1021,1.030192203,1214,1.163372082,1211,1.092045649
1948,0.862672581,0.832339112,39,0.894611265,1.002368628,39,0.687814115,0.66295456,37,1.100152062,0.894017026,49,876,891,920,933,931,957,755,620,998,1.030500733,1067,731,998,946,743,679,1060,904,899,1.039779365,1076,0.93424479,975,0.826012822
1949,1.24237104,1.302081488,39,0.876190051,0.967120314,39,1.159622432,1.270862881,37,1.229517965,1.131689534,49,884,920,1048,1071,915,933,1467,1428,994,1.002672729,1054,910,856,939,1262,1235,1064,990,1002,0.900419144,1086,0.927537491,1150,1.094881195
1950,0.887861034,0.792657606,39,1.005815488,1.12723801,39,0.904558786,0.891677413,37,0.903447571,0.76800965,49,1073,1099,1056,1034,1164,1202,782,671,1014,1.030985893,836,821,1150,1194,774,782,936,878,928,1.055995969,880,0.808052745,988,0.890638724
1951,1.255778851,1.256586434,39,1.2473151,1.264594393,39,0.933288365,0.962980538,36,1.278948654,1.284551429,49,1192,1162,1127,1101,1211,1159,897,898,1250,1.239020077,1199,1246,1173,1128,1082,1070,1041,1023,1358,0.932426781,1088,1.131417303,1137,1.123968473
1952,1.12140665,1.021981348,39,1.170897722,1.02587381,39,0.870215337,0.905639076,36,1.150982842,0.992244022,48,1043,990,1024,988,1152,1062,870,917,1103,0.978897183,1025,903,910,904,1047,1038,1150,1121,1082,1.38034909,939,0.88750852,1159,1.068634362
1953,1.169047244,1.099175219,39,1.290406507,1.132142977,39,0.852846699,0.930577614,36,1.265229012,1.166404988,48,1064,1061,989,1037,1116,1056,924,995,1216,1.105528921,1090,1040,614,639,893,851,1259,1153,917,0.919032571,1030,1.045805686,1205,1.055369224
1954,0.479865329,0.376257983,39,1.113638754,0.906314779,39,0.927164996,1.018213965,36,0.705482434,0.501909097,48,944,928,981,957,1025,991,282,343,973,0.843151649,1018,917,398,554,198,244,786,632,792,0.816191515,883,0.874800711,1129,0.980214221
1955,0.968498862,1.103118827,39,1.078538655,0.957811778,39,0.946917412,1.00270908,36,0.833817746,0.92358671,48,1076,1089,922,924,982,978,647,835,1095,1.063747596,1128,1104,218,435,845,1029,931,1039,864,0.804139011,1030,1.054268215,1141,1.005598785
1956,1.042338043,1.119785323,39,1.09066649,1.036238336,39,0.727581046,0.817229657,36,0.848175954,0.9280829,48,1033,1008,967,1003,997,1006,697,937,1143,1.07894202,951,874,917,1206,320,546,947,957,892,0.942218165,919,0.932297284,1081,0.944279695
1957,1.294913986,1.333276987,39,0.88475858,0.80014633,39,1.071694776,1.211890894,36,1.338307761,1.424203666,48,1008,1004,1028,1033,873,871,1026,1261,1073,0.970929716,1094,1100,1279,1355,986,1234,995,1014,991,0.980010518,1217,1.196655607,1119,1.041550322
1958,1.109665097,0.996854655,39,1.043941622,1.089004928,39,0.837500861,0.849146032,36,1.111562906,0.96450568,48,1018,1018,925,912,953,988,951,1058,1111,1.014202103,843,793,1063,1040,921,1109,901,909,984,1.037972769,1061,0.982983536,964,0.870140954
1959,0.873732435,0.765729454,39,0.919378091,0.897058712,39,0.877291663,0.983793525,36,0.831169342,0.764747106,48,847,849,849,882,865,890,845,895,1063,0.967795015,914,1008,763,722,865,917,970,1002,831,1.015801768,1067,1.070616119,876,0.889352204
1960,1.054601681,1.104901214,39,1.004622003,1.032613306,39,0.779275989,0.889430584,37,0.980434064,1.032103802,48,982,1026,940,986,966,1011,909,969,1078,0.997592594,884,914,724,835,949,1002,734,746,993,0.864003189,968,0.85143518,868,0.932083527
1961,0.510998585,0.472570265,39,1.052355249,1.047315157,39,0.749903493,0.874690245,37,0.719447621,0.725567168,48,997,992,1012,1019,967,977,1326,1390,1048,0.980024081,662,794,924,1004,1163,1217,988,1140,1025,1.055471434,1075,1.098031231,892,0.987672964
1962,1.139992393,1.316876063,39,1.095354558,1.052402389,39,0.941800498,1.087311439,37,0.994055529,1.124623519,48,1030,1031,1023,1022,949,968,1033,1016,1085,1.030773148,793,977,1475,1527,995,964,974,999,1118,1.056767848,874,0.838026092,897,0.966897012
1963,1.146675579,1.152957459,39,1.313513127,1.251546776,39,0.939529555,1.035746807,37,0.91332871,0.937032812,48,1049,1042,1170,1164,1063,1069,365,314,1282,1.173391077,843,965,740,633,330,333,1024,1022,1184,1.100594835,1041,1.139350525,1009,1.067870709
1964,0.782753252,0.709789682,39,1.397956489,1.227351317,39,0.89968185,1.013764961,37,0.605835503,0.691281294,48,1067,1059,1127,1084,1250,1230,402,521,1315,1.159754959,1081,1222,540,620,454,597,885,886,1229,1.096816779,995,0.963072552,961,0.937004413
1965,1.157475062,1.211198905,39,1.310161515,1.042970886,39,1.13601844,1.19254271,37,0.961682878,1.182727523,48,1076,1062,1036,1015,1196,1118,1125,1369,1185,0.955567916,1077,1037,978,1031,1303,1526,909,967,1274,1.101638159,987,0.966962111,969,0.994340625
1966,0.742267507,0.708181727,39,1.231633297,0.982639539,39,1.010252368,0.966047227,37,0.802281859,0.823374745,48,1198,1180,1048,1062,1105,1026,442,604,1253,1.087476669,1178,1143,902,933,439,508,884,936,1415,1.101719453,1006,1.038045948,973,1.02525847
1967,1.023058299,1.106549727,39,0.84085816,0.673750903,39,1.070884972,1.045934248,37,0.97953797,1.080575934,48,963,917,1018,1003,887,854,1035,1209,977,0.788530652,1182,1128,1164,1229,922,1025,1017,1063,986,1.179839332,981,0.949235924,1039,1.024523511
1968,0.819862222,0.849141257,39,0.923347851,0.9527265,39,0.941089193,0.920448034,37,1.009726331,1.029495428,48,968,980,1031,1029,954,1006,802,890,935,0.90663188,1174,1038,949,881,324,478,1059,1062,1053,0.688320262,791,0.841532117,904,0.903887122
1969,1.101872447,1.152437104,39,0.964767506,1.011736672,39,1.153564032,1.167365199,37,1.375167688,1.358338406,48,901,909,922,917,819,827,1301,1383,894,0.872406332,1394,1243,1117,1153,1175,1358,1067,1030,1146,0.975735049,887,0.938328042,812,0.87586504
1970,1.078852189,1.101772805,39,0.935450012,0.953351183,39,0.827485919,0.803361511,37,1.150880521,0.979821507,48,915,945,869,899,912,965,1032,1005,957,0.992288298,1154,943,1020,957,910,991,1131,1082,991,1.043528976,606,0.700370688,906,1.026349274
1971,1.115990623,1.068136624,39,0.859057886,0.897116137,39,0.799642427,0.855526991,37,1.098701115,0.977351706,48,924,941,816,855,931,972,1168,1106,1069,1.053032861,1062,925,1110,1138,966,1018,1002,913,1043,0.883079126,485,0.701669569,880,0.93838032
1972,1.066127296,0.987319494,39,0.95145373,1.007383316,39,0.902319283,0.987301874,37,1.10363714,1.006224557,48,999,1023,801,850,935,958,998,925,952,0.925699739,832,754,1563,1504,884,907,1038,1012,1022,0.979839861,591,0.873726726,915,0.994881001
1973,1.19026084,1.150812033,39,1.007790288,1.061145109,39,0.963231188,1.033172954,37,1.089339304,1.016376816,48,1048,1048,931,973,1035,1058,1069,1034,1000,1.003253597,1059,1181,1350,1170,1134,1198,1104,1069,1214,0.964229712,548,0.96321115,980,1.053785148
1974,1.390992559,1.32061053,39,1.212493873,1.183001472,39,1.095979353,1.167815224,37,1.129558377,1.073814423,48,1072,1059,1143,1145,1089,1078,1050,1013,1085,1.080633647,1408,1327,1669,1533,658,628,1005,940,1317,1.176433462,636,1.049262936,1095,1.073247005
1975,1.097103142,0.895649925,39,1.209575191,1.074877237,39,1.11746787,1.089267488,37,1.016363907,0.920733102,48,1021,997,1078,1022,1058,1028,1501,1486,1015,0.988492769,1109,891,1118,850,1437,1446,1150,1119,1335,1.13579086,652,0.953114357,1167,1.061772803
1976,0.795966639,0.612892065,39,1.137162889,0.994921419,39,1.058065289,1.033725408,37,0.820091076,0.791338695,48,970,963,1024,1012,946,919,769,641,915,0.894011776,1091,952,954,924,755,716,986,902,1056,1.094854041,640,0.983923855,969,0.861512375
1977,0.812274109,0.845235527,39,1.115503613,1.005270431,39,0.874516317,0.852374954,37,0.610692479,0.682816581,48,958,967,969,971,974,1004,925,877,1017,1.050496432,979,862,1187,1107,617,590,815,787,1140,0.826005321,748,1.018135231,951,0.924976814
1978,1.065144609,1.102649142,39,1.051644237,0.955939466,39,0.745510739,0.829909556,37,0.91598578,1.119543674,48,1032,1036,1078,1089,852,864,823,856,1009,0.993226615,864,874,978,912,1103,1217,878,940,1014,1.006026892,847,1.053865777,1127,1.143072639
1979,1.119389437,1.059413331,39,1.048109584,0.99017375,39,0.676715046,0.802396734,37,1.045005396,1.123551164,48,988,975,1100,1073,964,1026,660,739,955,0.941956392,820,915,834,843,1184,1219,1022,1109,1229,0.897637386,746,0.906469485,1001,0.92205505
1980,0.921324797,0.874182013,39,0.994509607,0.959332056,39,0.741830327,0.935408813,38,0.835536777,0.830474447,48,945,961,1033,1004,1042,1037,476,617,986,1.021531598,689,753,927,940,695,685,944,958,1133,1.119279388,910,1.082096321,945,0.925072305
1981,0.923947371,0.928928593,39,0.818929123,0.818027512,39,0.942130736,1.101919158,38,1.093579653,1.156805588,48,858,873,982,981,893,868,1048,1252,777,0.787482783,1240,1421,646,682,669,705,1110,1129,1049,0.976763696,1223,1.436756487,1104,1.121527949
1982,1.08056946,1.080292133,39,0.829188376,0.930633652,39,0.955881087,1.055544236,38,0.98983881,0.951893985,48,1015,1055,1198,1201,932,968,919,1036,773,0.897176901,1390,1199,947,1105,980,1152,1156,1059,941,0.900310112,1122,1.027354485,1074,1.014693892
1983,1.236540329,1.157477286,39,0.92161199,1.043886197,39,1.032849245,1.087094982,38,1.363534326,1.371945343,48,1031,1018,1061,994,1055,1078,1142,1205,889,1.019827326,1245,1063,1503,1536,1407,1468,1024,906,1159,0.842460705,1307,1.194056342,1060,0.985886137
1984,1.507221986,1.365717388,39,1.084128383,1.13097024,39,0.947860999,0.986560197,38,1.547812169,1.359880367,48,1020,1008,1039,1028,1065,1042,1130,1119,1062,1.147216658,1332,1065,1498,1385,1216,1121,1082,1044,1115,1.13207523,1390,1.161320324,1262,1.211027916
1985,1.27076542,0.999695836,39,1.043192816,0.99702437,39,0.887207279,0.945162531,38,1.400155948,1.084705162,48,965,966,1029,1026,947,927,661,607,909,0.897827216,1173,922,1228,1078,1077,940,1032,971,1118,0.994407815,1322,1.100271323,1238,1.068492682
1986,1.46864015,1.254459822,39,0.991076084,0.975308235,39,0.935723616,0.967867168,38,1.354366443,1.113368411,48,1054,1066,1011,1004,1058,1067,1363,1413,905,0.970672901,1287,1097,1874,1721,1574,1408,1232,1182,1184,0.986404538,1172,0.845288882,1485,1.278396284
1987,1.163236993,0.896725185,39,0.969624703,0.959087478,39,0.832189046,0.920189214,38,1.062581746,0.831633128,48,1055,1039,914,910,1053,1038,825,782,1009,1.09422677,1086,896,904,610,1356,1137,1309,1142,1497,1.075682441,1273,1.092195211,1295,0.888835694
1988,1.131072599,0.943378702,39,1.071656473,1.093903256,39,0.842538603,1.016532523,19,0.99746915,0.899192783,48,1074,1056,1035,1072,1128,1101,787,797,1129,1.153786388,901,814,1068,1091,1024,767,1159,938,NA,NA,NA,NA,NA,NA
1989,0.937789709,0.851943269,39,0.971715297,0.944430191,39,0.870710449,0.985884957,19,0.717474379,0.699259027,48,966,955,958,951,1034,985,717,784,1015,0.949505411,822,829,603,452,617,466,945,800,NA,NA,NA,NA,NA,NA
1990,1.01854713,0.997904709,39,1.077564303,1.081498142,39,0.90086642,1.046810756,19,0.811949338,0.905269982,48,1117,1138,1001,1050,1222,1210,1117,1255,974,0.932423111,1167,1238,927,1081,1258,1282,1066,1057,NA,NA,NA,NA,NA,NA
1991,0.943493249,0.910640977,39,1.091392805,1.049857113,37,1.042637759,1.098698354,19,0.747267786,0.853866526,48,1080,1051,1002,982,1106,1033,926,939,984,1.006614356,885,872,1162,1132,926,923,1143,1088,NA,NA,NA,NA,NA,NA
1992,0.965488643,0.954800466,39,0.849169189,0.815279894,27,0.812141832,0.881125306,19,0.897417143,1.03507502,48,935,907,832,845,809,774,1220,1222,878,0.834467966,946,1001,963,943,955,910,1185,1063,NA,NA,NA,NA,NA,NA
1993,1.160528046,1.186965229,39,0.894452251,0.970015122,20,0.977373119,1.066885295,19,1.014665231,1.060761559,48,1088,1103,1005,1051,921,982,798,740,NA,NA,984,1017,1151,1159,787,826,1289,1157,NA,NA,NA,NA,NA,NA
1994,0.750431596,0.695513382,39,1.011695863,1.122518913,20,0.956784807,0.961474749,19,0.717704901,0.702571691,48,1008,987,952,951,1054,1082,651,661,NA,NA,662,689,704,641,1096,1124,1138,935,NA,NA,NA,NA,NA,NA
1995,1.221347316,1.257016886,39,0.643037096,0.629866633,20,0.958284825,1.031279523,19,1.109751934,1.220848654,48,881,881,976,989,876,861,1359,1459,NA,NA,857,1013,1082,1199,1796,1785,1232,1093,NA,NA,NA,NA,NA,NA
1996,1.214180746,1.125893341,39,0.85742531,1.042584177,20,0.993899415,1.037740608,19,1.133015504,1.077590448,48,939,971,873,879,1029,1067,1174,1170,NA,NA,967,1098,1215,1127,1457,1243,1210,1043,NA,NA,NA,NA,NA,NA
1997,1.234897632,1.083497717,39,0.705497901,0.853490444,20,0.998372401,0.959501958,19,0.985244402,0.919373886,48,906,921,961,993,915,915,1357,1268,NA,NA,849,957,889,869,1086,766,1192,996,NA,NA,NA,NA,NA,NA
1998,0.844777957,0.689221306,39,0.934978072,1.145435562,20,1.120245017,1.075149524,19,0.998122544,0.994036911,48,1081,1112,996,988,987,1017,1419,1255,NA,NA,1144,1215,1065,1081,1472,1620,1446,1273,NA,NA,NA,NA,NA,NA
1999,1.007742317,1.007731765,38,0.813015829,0.899030949,20,0.983166452,0.952343057,19,0.965074136,0.94582068,48,995,968,949,949,965,971,1315,1070,NA,NA,897,856,1406,1368,1413,1400,1449,1120,NA,NA,NA,NA,NA,NA
2000,1.140817028,1.134598887,15,0.950901697,1.05349719,20,1.096334117,1.019647734,19,1.356473591,1.345552879,19,963,957,892,886,1077,1090,631,435,NA,NA,NA,NA,904,784,1248,1037,1411,1062,NA,NA,NA,NA,NA,NA
2001,0.754868538,0.686910729,15,0.863528104,0.94351657,20,0.927976335,0.937890414,19,0.853266042,0.71115929,19,1029,1038,1025,1052,1001,977,1703,1667,NA,NA,NA,NA,845,834,NA,NA,1321,914,NA,NA,NA,NA,NA,NA
2002,0.536665276,0.635608764,15,0.897466684,0.975417934,20,0.580668443,0.647887605,19,0.584110936,0.614537442,19,1044,1037,1128,1107,1033,1018,722,596,NA,NA,NA,NA,NA,NA,NA,NA,NA,NA,NA,NA,NA,NA,NA,NA
2003,0.845488846,1.120464056,15,0.625187933,0.712123128,20,1.106699029,1.168954388,19,0.934662327,1.118008265,19,951,945,1133,1115,980,972,NA,NA,NA,NA,NA,NA,NA,NA,NA,NA,NA,NA,NA,NA,NA,NA,NA,NA
2004,0.705809417,0.882808682,15,0.646861421,0.879018808,20,0.899585939,0.951818536,19,0.588023471,0.666576155,19,NA,NA,NA,NA,NA,NA,NA,NA,NA,NA,NA,NA,NA,NA,NA,NA,NA,NA,NA,NA,NA,NA,NA,NA
2005,1.107334409,1.234711967,15,0.887528941,1.139347538,20,1.248171016,1.289444317,19,1.052704426,1.287876464,19,NA,NA,NA,NA,NA,NA,NA,NA,NA,NA,NA,NA,NA,NA,NA,NA,NA,NA,NA,NA,NA,NA,NA,NA
2006,0.945597336,0.914791601,15,0.902057434,1.03361765,20,1.073919951,1.012447256,19,0.855010535,0.868571752,19,NA,NA,NA,NA,NA,NA,NA,NA,NA,NA,NA,NA,NA,NA,NA,NA,NA,NA,NA,NA,NA,NA,NA,NA
2007,1.307841442,1.286859658,15,0.968582228,1.044916809,20,1.151849203,1.120940509,19,0.806928975,0.86735654,19,NA,NA,NA,NA,NA,NA,NA,NA,NA,NA,NA,NA,NA,NA,NA,NA,NA,NA,NA,NA,NA,NA,NA,NA
2008,1.350021109,1.148270843,15,1.140782746,1.202610458,20,0.790048357,0.731380195,19,0.767721797,0.891374894,19,NA,NA,NA,NA,NA,NA,NA,NA,NA,NA,NA,NA,NA,NA,NA,NA,NA,NA,NA,NA,NA,NA,NA,NA
2009,1.560294716,1.314524191,15,1.105977229,1.114485726,20,1.121522318,1.128511236,19,0.978542052,1.067753053,19,NA,NA,NA,NA,NA,NA,NA,NA,NA,NA,NA,NA,NA,NA,NA,NA,NA,NA,NA,NA,NA,NA,NA,NA
2010,1.250491049,0.902702761,15,0.912283334,0.828488227,20,1.074060616,1.031539281,19,0.847742611,0.891109757,19,NA,NA,NA,NA,NA,NA,NA,NA,NA,NA,NA,NA,NA,NA,NA,NA,NA,NA,NA,NA,NA,NA,NA,NA
2011,1.861404633,1.56009635,15,0.92797298,0.936816723,20,1.229692183,1.216134892,19,1.236643685,1.294952467,19,NA,NA,NA,NA,NA,NA,NA,NA,NA,NA,NA,NA,NA,NA,NA,NA,NA,NA,NA,NA,NA,NA,NA,NA
2012,1.126634185,0.649643594,15,0.986069493,1.035368143,20,0.647976529,0.590002363,19,0.670947772,0.613353905,19,NA,NA,NA,NA,NA,NA,NA,NA,NA,NA,NA,NA,NA,NA,NA,NA,NA,NA,NA,NA,NA,NA,NA,NA
2013,1.076367807,0.884244192,15,0.999983548,1.054083809,20,0.875356652,0.942911733,19,0.994767858,1.105545447,19,NA,NA,NA,NA,NA,NA,NA,NA,NA,NA,NA,NA,NA,NA,NA,NA,NA,NA,NA,NA,NA,NA,NA,NA
2014,1.005601626,0.992847826,15,0.897952604,0.938390172,20,1.089106691,1.119443446,19,1.144385514,1.174203231,19,NA,NA,NA,NA,NA,NA,NA,NA,NA,NA,NA,NA,NA,NA,NA,NA,NA,NA,NA,NA,NA,NA,NA,NA
2015,1.004880118,1.037730531,15,1.061803622,1.028054008,20,1.254050808,1.216605476,19,1.46793362,1.368288267,19,NA,NA,NA,NA,NA,NA,NA,NA,NA,NA,NA,NA,NA,NA,NA,NA,NA,NA,NA,NA,NA,NA,NA,NA
2016,0.964513963,0.904953248,15,1.138076793,1.153322297,20,0.89471542,0.843090437,19,1.233335968,0.992284934,19,NA,NA,NA,NA,NA,NA,NA,NA,NA,NA,NA,NA,NA,NA,NA,NA,NA,NA,NA,NA,NA,NA,NA,NA
2017,0.948910774,0.979001414,15,1.203053272,1.115351925,20,1.387675493,1.331758081,19,1.211145485,1.073100096,19,NA,NA,NA,NA,NA,NA,NA,NA,NA,NA,NA,NA,NA,NA,NA,NA,NA,NA,NA,NA,NA,NA,NA,NA
2018,0.690335422,0.666789035,15,1.127828248,0.948323277,20,0.947889544,0.839571376,19,0.892466157,0.782232623,19,NA,NA,NA,NA,NA,NA,NA,NA,NA,NA,NA,NA,NA,NA,NA,NA,NA,NA,NA,NA,NA,NA,NA,NA
2019,0.711695025,0.859279914,15,0.918971216,0.782296672,20,1.156721817,1.090827459,19,0.815949519,0.873811204,19,NA,NA,NA,NA,NA,NA,NA,NA,NA,NA,NA,NA,NA,NA,NA,NA,NA,NA,NA,NA,NA,NA,NA,NA
2020,0.667840684,0.889698173,15,1.182779683,1.176077424,20,1.125859275,1.055193954,19,0.905186991,1.015989074,19,NA,NA,NA,NA,NA,NA,NA,NA,NA,NA,NA,NA,NA,NA,NA,NA,NA,NA,NA,NA,NA,NA,NA,NA
2021,NA,NA,NA,NA,NA,NA,0.877259324,0.817358495,19,0.676638182,0.777553258,19,NA,NA,NA,NA,NA,NA,NA,NA,NA,NA,NA,NA,NA,NA,NA,NA,NA,NA,NA,NA,NA,NA,NA,NA
