age_CE,LWA01A_raw,LWA01B_raw,LWA02A_raw,LWA02B_raw,LWA02C_raw,LWA03A_raw,LWA03B_raw,LWA04A_raw,LWA04B_raw,LWA04C_raw,LWA05A_raw,LWA05B_raw,LWA06A_raw,LWA06B_raw,LWA06C_raw,LWA07A_raw,LWA07B_raw,LWA08A_raw,LWA08B_raw,LWA08C_raw,LWA09A_raw,LWA09B_raw,LWA10A_raw,LWA10B_raw,LWA10C_raw,LWA10D_raw,LWA10E_raw,LWA11A_raw,LWA11B_raw,LWA11C_raw,LWA12A_raw,LWA12B_raw,LWA12C_raw,LWA12D_raw,LWA12E_raw,LWA13A_raw,LWA13B_raw,LWA13C_raw,LWA14A_raw,LWA14B_raw,LWA14C_raw,LWA14D_raw,LWA14E_raw,LWA14F_raw,LWA15A_raw,LWA15B_raw,LWA15C_raw,LWA16A_raw,LWA16B_raw,LWA01A_raw_outlier_flag,LWA01B_raw_outlier_flag,LWA02A_raw_outlier_flag,LWA02B_raw_outlier_flag,LWA02C_raw_outlier_flag,LWA03A_raw_outlier_flag,LWA03B_raw_outlier_flag,LWA04A_raw_outlier_flag,LWA04B_raw_outlier_flag,LWA04C_raw_outlier_flag,LWA05A_raw_outlier_flag,LWA05B_raw_outlier_flag,LWA06A_raw_outlier_flag,LWA06B_raw_outlier_flag,LWA06C_raw_outlier_flag,LWA07A_raw_outlier_flag,LWA07B_raw_outlier_flag,LWA08A_raw_outlier_flag,LWA08B_raw_outlier_flag,LWA08C_raw_outlier_flag,LWA09A_raw_outlier_flag,LWA09B_raw_outlier_flag,LWA10A_raw_outlier_flag,LWA10B_raw_outlier_flag,LWA10C_raw_outlier_flag,LWA10D_raw_outlier_flag,LWA10E_raw_outlier_flag,LWA11A_raw_outlier_flag,LWA11B_raw_outlier_flag,LWA11C_raw_outlier_flag,LWA12A_raw_outlier_flag,LWA12B_raw_outlier_flag,LWA12C_raw_outlier_flag,LWA12D_raw_outlier_flag,LWA12E_raw_outlier_flag,LWA13A_raw_outlier_flag,LWA13B_raw_outlier_flag,LWA13C_raw_outlier_flag,LWA14A_raw_outlier_flag,LWA14B_raw_outlier_flag,LWA14C_raw_outlier_flag,LWA14D_raw_outlier_flag,LWA14E_raw_outlier_flag,LWA14F_raw_outlier_flag,LWA15A_raw_outlier_flag,LWA15B_raw_outlier_flag,LWA15C_raw_outlier_flag,LWA16A_raw_outlier_flag,LWA16B_raw_outlier_flag
575,NA,NA,NA,NA,NA,NA,NA,NA,NA,NA,NA,NA,NA,NA,NA,NA,NA,NA,4.71,4.76,NA,NA,NA,NA,NA,NA,NA,NA,NA,NA,NA,NA,NA,NA,NA,NA,NA,NA,NA,NA,NA,NA,NA,NA,NA,NA,NA,NA,NA,NA,NA,NA,NA,NA,NA,NA,NA,NA,NA,NA,NA,NA,NA,NA,NA,NA,NA,FALSE,FALSE,NA,NA,NA,NA,NA,NA,NA,NA,NA,NA,NA,NA,NA,NA,NA,NA,NA,NA,NA,NA,NA,NA,NA,NA,NA,NA,NA,NA,NA
576,NA,NA,NA,NA,NA,NA,NA,NA,NA,NA,NA,NA,NA,NA,NA,NA,NA,NA,4.96,4.99,NA,NA,NA,NA,NA,NA,NA,NA,NA,NA,NA,NA,NA,NA,NA,NA,NA,NA,NA,NA,NA,NA,NA,NA,NA,NA,NA,NA,NA,NA,NA,NA,NA,NA,NA,NA,NA,NA,NA,NA,NA,NA,NA,NA,NA,NA,NA,FALSE,FALSE,NA,NA,NA,NA,NA,NA,NA,NA,NA,NA,NA,NA,NA,NA,NA,NA,NA,NA,NA,NA,NA,NA,NA,NA,NA,NA,NA,NA,NA
577,NA,NA,NA,NA,NA,NA,NA,NA,NA,NA,NA,NA,NA,NA,NA,NA,NA,NA,5.14,4.94,NA,NA,NA,NA,NA,NA,NA,NA,NA,NA,NA,NA,NA,NA,NA,NA,NA,NA,NA,NA,NA,NA,NA,NA,NA,NA,NA,NA,NA,NA,NA,NA,NA,NA,NA,NA,NA,NA,NA,NA,NA,NA,NA,NA,NA,NA,NA,FALSE,FALSE,NA,NA,NA,NA,NA,NA,NA,NA,NA,NA,NA,NA,NA,NA,NA,NA,NA,NA,NA,NA,NA,NA,NA,NA,NA,NA,NA,NA,NA
578,NA,NA,NA,NA,NA,NA,NA,NA,NA,NA,NA,NA,NA,NA,NA,NA,NA,NA,4.71,4.82,NA,NA,NA,NA,NA,NA,NA,NA,NA,NA,NA,NA,NA,NA,NA,NA,NA,NA,NA,NA,NA,NA,NA,NA,NA,NA,NA,NA,NA,NA,NA,NA,NA,NA,NA,NA,NA,NA,NA,NA,NA,NA,NA,NA,NA,NA,NA,FALSE,FALSE,NA,NA,NA,NA,NA,NA,NA,NA,NA,NA,NA,NA,NA,NA,NA,NA,NA,NA,NA,NA,NA,NA,NA,NA,NA,NA,NA,NA,NA
579,NA,NA,NA,NA,NA,NA,NA,NA,NA,NA,NA,NA,NA,NA,NA,NA,NA,NA,4.63,4.86,NA,NA,NA,NA,NA,NA,NA,NA,NA,NA,NA,NA,NA,NA,NA,NA,NA,NA,NA,NA,NA,NA,NA,NA,NA,NA,NA,NA,NA,NA,NA,NA,NA,NA,NA,NA,NA,NA,NA,NA,NA,NA,NA,NA,NA,NA,NA,FALSE,FALSE,NA,NA,NA,NA,NA,NA,NA,NA,NA,NA,NA,NA,NA,NA,NA,NA,NA,NA,NA,NA,NA,NA,NA,NA,NA,NA,NA,NA,NA
580,NA,NA,NA,NA,NA,NA,NA,NA,NA,NA,NA,NA,NA,NA,NA,NA,NA,NA,3.92,3.87,NA,NA,NA,NA,NA,NA,NA,NA,NA,NA,NA,NA,NA,NA,NA,NA,NA,NA,NA,NA,NA,NA,NA,NA,NA,NA,NA,NA,NA,NA,NA,NA,NA,NA,NA,NA,NA,NA,NA,NA,NA,NA,NA,NA,NA,NA,NA,FALSE,FALSE,NA,NA,NA,NA,NA,NA,NA,NA,NA,NA,NA,NA,NA,NA,NA,NA,NA,NA,NA,NA,NA,NA,NA,NA,NA,NA,NA,NA,NA
581,NA,NA,NA,NA,NA,NA,NA,NA,NA,NA,NA,NA,NA,NA,NA,NA,NA,NA,3.57,3.64,NA,NA,NA,NA,NA,NA,NA,NA,NA,NA,NA,NA,NA,NA,NA,NA,NA,NA,NA,NA,NA,NA,NA,NA,NA,NA,NA,NA,NA,NA,NA,NA,NA,NA,NA,NA,NA,NA,NA,NA,NA,NA,NA,NA,NA,NA,NA,FALSE,FALSE,NA,NA,NA,NA,NA,NA,NA,NA,NA,NA,NA,NA,NA,NA,NA,NA,NA,NA,NA,NA,NA,NA,NA,NA,NA,NA,NA,NA,NA
582,NA,NA,NA,NA,NA,NA,NA,NA,NA,NA,NA,NA,NA,NA,NA,NA,NA,NA,2.8,2.91,NA,NA,NA,NA,NA,NA,NA,NA,NA,NA,NA,NA,NA,NA,NA,NA,NA,NA,NA,NA,NA,NA,NA,NA,NA,NA,NA,NA,NA,NA,NA,NA,NA,NA,NA,NA,NA,NA,NA,NA,NA,NA,NA,NA,NA,NA,NA,FALSE,FALSE,NA,NA,NA,NA,NA,NA,NA,NA,NA,NA,NA,NA,NA,NA,NA,NA,NA,NA,NA,NA,NA,NA,NA,NA,NA,NA,NA,NA,NA
583,NA,NA,NA,NA,NA,NA,NA,NA,NA,NA,NA,NA,NA,NA,NA,NA,NA,NA,2.58,2.54,NA,NA,NA,NA,NA,NA,NA,NA,NA,NA,NA,NA,NA,NA,NA,NA,NA,NA,NA,NA,NA,NA,NA,NA,NA,NA,NA,NA,NA,NA,NA,NA,NA,NA,NA,NA,NA,NA,NA,NA,NA,NA,NA,NA,NA,NA,NA,FALSE,FALSE,NA,NA,NA,NA,NA,NA,NA,NA,NA,NA,NA,NA,NA,NA,NA,NA,NA,NA,NA,NA,NA,NA,NA,NA,NA,NA,NA,NA,NA
584,NA,NA,NA,NA,NA,NA,NA,NA,NA,NA,NA,NA,NA,NA,NA,NA,NA,NA,2.61,2.58,NA,NA,NA,NA,NA,NA,NA,NA,NA,NA,NA,NA,NA,NA,NA,NA,NA,NA,NA,NA,NA,NA,NA,NA,NA,NA,NA,NA,NA,NA,NA,NA,NA,NA,NA,NA,NA,NA,NA,NA,NA,NA,NA,NA,NA,NA,NA,FALSE,FALSE,NA,NA,NA,NA,NA,NA,NA,NA,NA,NA,NA,NA,NA,NA,NA,NA,NA,NA,NA,NA,NA,NA,NA,NA,NA,NA,NA,NA,NA
585,NA,NA,NA,NA,NA,NA,NA,NA,NA,NA,NA,NA,NA,NA,NA,NA,NA,NA,2.28,2.25,NA,NA,NA,NA,NA,NA,NA,NA,NA,NA,NA,NA,NA,NA,NA,NA,NA,NA,NA,NA,NA,NA,NA,NA,NA,NA,NA,NA,NA,NA,NA,NA,NA,NA,NA,NA,NA,NA,NA,NA,NA,NA,NA,NA,NA,NA,NA,FALSE,FALSE,NA,NA,NA,NA,NA,NA,NA,NA,NA,NA,NA,NA,NA,NA,NA,NA,NA,NA,NA,NA,NA,NA,NA,NA,NA,NA,NA,NA,NA
586,NA,NA,NA,NA,NA,NA,NA,NA,NA,NA,NA,NA,NA,NA,NA,NA,NA,NA,2.86,2.81,NA,NA,NA,NA,NA,NA,NA,NA,NA,NA,NA,NA,NA,NA,NA,NA,NA,NA,NA,NA,NA,NA,NA,NA,NA,NA,NA,NA,NA,NA,NA,NA,NA,NA,NA,NA,NA,NA,NA,NA,NA,NA,NA,NA,NA,NA,NA,FALSE,FALSE,NA,NA,NA,NA,NA,NA,NA,NA,NA,NA,NA,NA,NA,NA,NA,NA,NA,NA,NA,NA,NA,NA,NA,NA,NA,NA,NA,NA,NA
587,NA,NA,NA,NA,NA,NA,NA,NA,NA,NA,NA,NA,NA,NA,NA,NA,NA,NA,4.65,4.56,NA,NA,NA,NA,NA,NA,NA,NA,NA,NA,NA,NA,NA,NA,NA,NA,NA,NA,NA,NA,NA,NA,NA,NA,NA,NA,NA,NA,NA,NA,NA,NA,NA,NA,NA,NA,NA,NA,NA,NA,NA,NA,NA,NA,NA,NA,NA,FALSE,FALSE,NA,NA,NA,NA,NA,NA,NA,NA,NA,NA,NA,NA,NA,NA,NA,NA,NA,NA,NA,NA,NA,NA,NA,NA,NA,NA,NA,NA,NA
588,NA,NA,NA,NA,NA,NA,NA,NA,NA,NA,NA,NA,NA,NA,NA,NA,NA,NA,6.11,6.12,NA,NA,NA,NA,NA,NA,NA,NA,NA,NA,NA,NA,NA,NA,NA,NA,NA,NA,NA,NA,NA,NA,NA,NA,NA,NA,NA,NA,NA,NA,NA,NA,NA,NA,NA,NA,NA,NA,NA,NA,NA,NA,NA,NA,NA,NA,NA,FALSE,FALSE,NA,NA,NA,NA,NA,NA,NA,NA,NA,NA,NA,NA,NA,NA,NA,NA,NA,NA,NA,NA,NA,NA,NA,NA,NA,NA,NA,NA,NA
589,NA,NA,NA,NA,NA,NA,NA,NA,NA,NA,NA,NA,NA,NA,NA,NA,NA,NA,5.27,5.33,NA,NA,NA,NA,NA,NA,NA,NA,NA,NA,NA,NA,NA,NA,NA,NA,NA,NA,NA,NA,NA,NA,NA,NA,NA,NA,NA,NA,NA,NA,NA,NA,NA,NA,NA,NA,NA,NA,NA,NA,NA,NA,NA,NA,NA,NA,NA,FALSE,FALSE,NA,NA,NA,NA,NA,NA,NA,NA,NA,NA,NA,NA,NA,NA,NA,NA,NA,NA,NA,NA,NA,NA,NA,NA,NA,NA,NA,NA,NA
590,NA,NA,NA,NA,NA,NA,NA,NA,NA,NA,NA,NA,NA,NA,NA,NA,NA,NA,4.32,4.28,NA,NA,NA,NA,NA,NA,NA,NA,NA,NA,NA,NA,NA,NA,NA,NA,NA,NA,NA,NA,NA,NA,NA,NA,NA,NA,NA,NA,NA,NA,NA,NA,NA,NA,NA,NA,NA,NA,NA,NA,NA,NA,NA,NA,NA,NA,NA,FALSE,FALSE,NA,NA,NA,NA,NA,NA,NA,NA,NA,NA,NA,NA,NA,NA,NA,NA,NA,NA,NA,NA,NA,NA,NA,NA,NA,NA,NA,NA,NA
591,NA,NA,NA,NA,NA,NA,NA,NA,NA,NA,NA,NA,NA,NA,NA,NA,NA,NA,4.87,4.82,NA,NA,NA,NA,NA,NA,NA,NA,NA,NA,NA,NA,NA,NA,NA,NA,NA,NA,NA,NA,NA,NA,NA,NA,NA,NA,NA,NA,NA,NA,NA,NA,NA,NA,NA,NA,NA,NA,NA,NA,NA,NA,NA,NA,NA,NA,NA,FALSE,FALSE,NA,NA,NA,NA,NA,NA,NA,NA,NA,NA,NA,NA,NA,NA,NA,NA,NA,NA,NA,NA,NA,NA,NA,NA,NA,NA,NA,NA,NA
592,NA,NA,NA,NA,NA,NA,NA,NA,NA,NA,NA,NA,NA,NA,NA,NA,NA,NA,3.55,3.52,NA,NA,NA,NA,NA,NA,NA,NA,NA,NA,NA,NA,NA,NA,NA,NA,NA,NA,NA,NA,NA,NA,NA,NA,NA,NA,NA,NA,NA,NA,NA,NA,NA,NA,NA,NA,NA,NA,NA,NA,NA,NA,NA,NA,NA,NA,NA,FALSE,FALSE,NA,NA,NA,NA,NA,NA,NA,NA,NA,NA,NA,NA,NA,NA,NA,NA,NA,NA,NA,NA,NA,NA,NA,NA,NA,NA,NA,NA,NA
593,NA,NA,NA,NA,NA,NA,NA,NA,NA,NA,NA,NA,NA,NA,NA,NA,NA,NA,3.29,3.29,NA,NA,NA,NA,NA,NA,NA,NA,NA,NA,NA,NA,NA,NA,NA,NA,NA,NA,NA,NA,NA,NA,NA,NA,NA,NA,NA,NA,NA,NA,NA,NA,NA,NA,NA,NA,NA,NA,NA,NA,NA,NA,NA,NA,NA,NA,NA,FALSE,FALSE,NA,NA,NA,NA,NA,NA,NA,NA,NA,NA,NA,NA,NA,NA,NA,NA,NA,NA,NA,NA,NA,NA,NA,NA,NA,NA,NA,NA,NA
594,NA,NA,NA,NA,NA,NA,NA,NA,NA,NA,NA,NA,NA,NA,NA,NA,NA,NA,3.3,3.22,NA,NA,NA,NA,NA,NA,NA,NA,NA,NA,NA,NA,NA,NA,NA,NA,NA,NA,NA,NA,NA,NA,NA,NA,NA,NA,NA,NA,NA,NA,NA,NA,NA,NA,NA,NA,NA,NA,NA,NA,NA,NA,NA,NA,NA,NA,NA,FALSE,FALSE,NA,NA,NA,NA,NA,NA,NA,NA,NA,NA,NA,NA,NA,NA,NA,NA,NA,NA,NA,NA,NA,NA,NA,NA,NA,NA,NA,NA,NA
595,NA,NA,NA,NA,NA,NA,NA,NA,NA,NA,NA,NA,NA,NA,NA,NA,NA,NA,2.7,2.72,NA,NA,NA,NA,NA,NA,NA,NA,NA,NA,NA,NA,NA,NA,NA,NA,NA,NA,NA,NA,NA,NA,NA,NA,NA,NA,NA,NA,NA,NA,NA,NA,NA,NA,NA,NA,NA,NA,NA,NA,NA,NA,NA,NA,NA,NA,NA,FALSE,FALSE,NA,NA,NA,NA,NA,NA,NA,NA,NA,NA,NA,NA,NA,NA,NA,NA,NA,NA,NA,NA,NA,NA,NA,NA,NA,NA,NA,NA,NA
596,NA,NA,NA,NA,NA,NA,NA,NA,NA,NA,NA,NA,NA,NA,NA,NA,NA,NA,2.71,2.68,NA,NA,NA,NA,NA,NA,NA,NA,NA,NA,NA,NA,NA,NA,NA,NA,NA,NA,NA,NA,NA,NA,NA,NA,NA,NA,NA,NA,NA,NA,NA,NA,NA,NA,NA,NA,NA,NA,NA,NA,NA,NA,NA,NA,NA,NA,NA,FALSE,FALSE,NA,NA,NA,NA,NA,NA,NA,NA,NA,NA,NA,NA,NA,NA,NA,NA,NA,NA,NA,NA,NA,NA,NA,NA,NA,NA,NA,NA,NA
597,NA,NA,NA,NA,NA,NA,NA,NA,NA,NA,NA,NA,NA,NA,NA,NA,NA,NA,3.45,3.45,NA,NA,NA,NA,NA,NA,NA,NA,NA,NA,NA,NA,NA,NA,NA,NA,NA,NA,NA,NA,NA,NA,NA,NA,NA,NA,NA,NA,NA,NA,NA,NA,NA,NA,NA,NA,NA,NA,NA,NA,NA,NA,NA,NA,NA,NA,NA,FALSE,FALSE,NA,NA,NA,NA,NA,NA,NA,NA,NA,NA,NA,NA,NA,NA,NA,NA,NA,NA,NA,NA,NA,NA,NA,NA,NA,NA,NA,NA,NA
598,NA,NA,NA,NA,NA,NA,NA,NA,NA,NA,NA,NA,NA,NA,NA,NA,NA,NA,3.2,3.17,NA,NA,NA,NA,NA,NA,NA,NA,NA,NA,NA,NA,NA,NA,NA,NA,NA,NA,NA,NA,NA,NA,NA,NA,NA,NA,NA,NA,NA,NA,NA,NA,NA,NA,NA,NA,NA,NA,NA,NA,NA,NA,NA,NA,NA,NA,NA,FALSE,FALSE,NA,NA,NA,NA,NA,NA,NA,NA,NA,NA,NA,NA,NA,NA,NA,NA,NA,NA,NA,NA,NA,NA,NA,NA,NA,NA,NA,NA,NA
599,NA,NA,NA,NA,NA,NA,NA,NA,NA,NA,NA,NA,NA,NA,NA,NA,NA,NA,2.19,2.19,NA,NA,NA,NA,NA,NA,NA,NA,NA,NA,NA,NA,NA,NA,NA,NA,NA,NA,NA,NA,NA,NA,NA,NA,NA,NA,NA,NA,NA,NA,NA,NA,NA,NA,NA,NA,NA,NA,NA,NA,NA,NA,NA,NA,NA,NA,NA,FALSE,FALSE,NA,NA,NA,NA,NA,NA,NA,NA,NA,NA,NA,NA,NA,NA,NA,NA,NA,NA,NA,NA,NA,NA,NA,NA,NA,NA,NA,NA,NA
600,NA,NA,NA,NA,NA,NA,NA,NA,NA,NA,NA,NA,NA,NA,NA,NA,NA,NA,2.34,2.31,NA,NA,NA,NA,NA,NA,NA,NA,NA,NA,NA,NA,NA,NA,NA,NA,NA,NA,NA,NA,NA,NA,NA,NA,NA,NA,NA,NA,NA,NA,NA,NA,NA,NA,NA,NA,NA,NA,NA,NA,NA,NA,NA,NA,NA,NA,NA,FALSE,FALSE,NA,NA,NA,NA,NA,NA,NA,NA,NA,NA,NA,NA,NA,NA,NA,NA,NA,NA,NA,NA,NA,NA,NA,NA,NA,NA,NA,NA,NA
601,NA,NA,NA,NA,NA,NA,NA,NA,NA,NA,NA,NA,NA,NA,NA,NA,NA,NA,3.13,3.16,NA,NA,NA,NA,NA,NA,NA,NA,NA,NA,NA,NA,NA,NA,NA,NA,NA,NA,NA,NA,NA,NA,NA,NA,NA,NA,NA,NA,NA,NA,NA,NA,NA,NA,NA,NA,NA,NA,NA,NA,NA,NA,NA,NA,NA,NA,NA,FALSE,FALSE,NA,NA,NA,NA,NA,NA,NA,NA,NA,NA,NA,NA,NA,NA,NA,NA,NA,NA,NA,NA,NA,NA,NA,NA,NA,NA,NA,NA,NA
602,NA,NA,NA,NA,NA,NA,NA,NA,NA,NA,NA,NA,NA,NA,NA,NA,NA,NA,4.22,4.22,NA,NA,NA,NA,NA,NA,NA,NA,NA,NA,NA,NA,NA,NA,NA,NA,NA,NA,NA,NA,NA,NA,NA,NA,NA,NA,NA,NA,NA,NA,NA,NA,NA,NA,NA,NA,NA,NA,NA,NA,NA,NA,NA,NA,NA,NA,NA,FALSE,FALSE,NA,NA,NA,NA,NA,NA,NA,NA,NA,NA,NA,NA,NA,NA,NA,NA,NA,NA,NA,NA,NA,NA,NA,NA,NA,NA,NA,NA,NA
603,NA,NA,NA,NA,NA,NA,NA,NA,NA,NA,NA,NA,NA,NA,NA,NA,NA,NA,4.71,4.71,NA,NA,NA,NA,NA,NA,NA,NA,NA,NA,NA,NA,NA,NA,NA,NA,NA,NA,NA,NA,NA,NA,NA,NA,NA,NA,NA,NA,NA,NA,NA,NA,NA,NA,NA,NA,NA,NA,NA,NA,NA,NA,NA,NA,NA,NA,NA,FALSE,FALSE,NA,NA,NA,NA,NA,NA,NA,NA,NA,NA,NA,NA,NA,NA,NA,NA,NA,NA,NA,NA,NA,NA,NA,NA,NA,NA,NA,NA,NA
604,NA,NA,NA,NA,NA,NA,NA,NA,NA,NA,NA,NA,NA,NA,NA,NA,NA,NA,3.86,3.87,NA,NA,NA,NA,NA,NA,NA,NA,NA,NA,NA,NA,NA,NA,NA,NA,NA,NA,NA,NA,NA,NA,NA,NA,NA,NA,NA,NA,NA,NA,NA,NA,NA,NA,NA,NA,NA,NA,NA,NA,NA,NA,NA,NA,NA,NA,NA,FALSE,FALSE,NA,NA,NA,NA,NA,NA,NA,NA,NA,NA,NA,NA,NA,NA,NA,NA,NA,NA,NA,NA,NA,NA,NA,NA,NA,NA,NA,NA,NA
605,NA,NA,NA,NA,NA,NA,NA,NA,NA,NA,NA,NA,NA,NA,NA,NA,NA,NA,4.46,4.37,NA,NA,NA,NA,NA,NA,NA,NA,NA,NA,NA,NA,NA,NA,NA,NA,NA,NA,NA,NA,NA,NA,NA,NA,NA,NA,NA,NA,NA,NA,NA,NA,NA,NA,NA,NA,NA,NA,NA,NA,NA,NA,NA,NA,NA,NA,NA,FALSE,FALSE,NA,NA,NA,NA,NA,NA,NA,NA,NA,NA,NA,NA,NA,NA,NA,NA,NA,NA,NA,NA,NA,NA,NA,NA,NA,NA,NA,NA,NA
606,NA,NA,NA,NA,NA,NA,NA,NA,NA,NA,NA,NA,NA,NA,NA,NA,NA,NA,4.74,4.78,NA,NA,NA,NA,NA,NA,NA,NA,NA,NA,NA,NA,NA,NA,NA,NA,NA,NA,NA,NA,NA,NA,NA,NA,NA,NA,NA,NA,NA,NA,NA,NA,NA,NA,NA,NA,NA,NA,NA,NA,NA,NA,NA,NA,NA,NA,NA,FALSE,FALSE,NA,NA,NA,NA,NA,NA,NA,NA,NA,NA,NA,NA,NA,NA,NA,NA,NA,NA,NA,NA,NA,NA,NA,NA,NA,NA,NA,NA,NA
607,NA,NA,NA,NA,NA,NA,NA,NA,NA,NA,NA,NA,NA,NA,NA,NA,NA,NA,4.91,4.91,NA,NA,NA,NA,NA,NA,NA,NA,NA,NA,NA,NA,NA,NA,NA,NA,NA,NA,NA,NA,NA,NA,NA,NA,NA,NA,NA,NA,NA,NA,NA,NA,NA,NA,NA,NA,NA,NA,NA,NA,NA,NA,NA,NA,NA,NA,NA,FALSE,FALSE,NA,NA,NA,NA,NA,NA,NA,NA,NA,NA,NA,NA,NA,NA,NA,NA,NA,NA,NA,NA,NA,NA,NA,NA,NA,NA,NA,NA,NA
608,NA,NA,NA,NA,NA,NA,NA,NA,NA,NA,NA,NA,NA,NA,NA,NA,NA,NA,7.28,7.36,NA,NA,NA,NA,NA,NA,NA,NA,NA,NA,NA,NA,NA,NA,NA,NA,NA,NA,NA,NA,NA,NA,NA,NA,NA,NA,NA,NA,NA,NA,NA,NA,NA,NA,NA,NA,NA,NA,NA,NA,NA,NA,NA,NA,NA,NA,NA,FALSE,FALSE,NA,NA,NA,NA,NA,NA,NA,NA,NA,NA,NA,NA,NA,NA,NA,NA,NA,NA,NA,NA,NA,NA,NA,NA,NA,NA,NA,NA,NA
609,NA,NA,NA,NA,NA,NA,NA,NA,NA,NA,NA,NA,NA,NA,NA,NA,NA,NA,6.52,6.46,NA,NA,NA,NA,NA,NA,NA,NA,NA,NA,NA,NA,NA,NA,NA,NA,NA,NA,NA,NA,NA,NA,NA,NA,NA,NA,NA,NA,NA,NA,NA,NA,NA,NA,NA,NA,NA,NA,NA,NA,NA,NA,NA,NA,NA,NA,NA,FALSE,FALSE,NA,NA,NA,NA,NA,NA,NA,NA,NA,NA,NA,NA,NA,NA,NA,NA,NA,NA,NA,NA,NA,NA,NA,NA,NA,NA,NA,NA,NA
610,NA,NA,NA,NA,NA,NA,NA,NA,NA,NA,NA,NA,NA,NA,NA,NA,NA,NA,5.13,5.18,NA,NA,NA,NA,NA,NA,NA,NA,NA,NA,NA,NA,NA,NA,NA,NA,NA,NA,NA,NA,NA,NA,NA,NA,NA,NA,NA,NA,NA,NA,NA,NA,NA,NA,NA,NA,NA,NA,NA,NA,NA,NA,NA,NA,NA,NA,NA,FALSE,FALSE,NA,NA,NA,NA,NA,NA,NA,NA,NA,NA,NA,NA,NA,NA,NA,NA,NA,NA,NA,NA,NA,NA,NA,NA,NA,NA,NA,NA,NA
611,NA,NA,NA,NA,NA,NA,NA,NA,NA,NA,NA,NA,NA,NA,NA,NA,NA,NA,6.26,6.37,NA,NA,NA,NA,NA,NA,NA,NA,NA,NA,NA,NA,NA,NA,NA,NA,NA,NA,NA,NA,NA,NA,NA,NA,NA,NA,NA,NA,NA,NA,NA,NA,NA,NA,NA,NA,NA,NA,NA,NA,NA,NA,NA,NA,NA,NA,NA,FALSE,FALSE,NA,NA,NA,NA,NA,NA,NA,NA,NA,NA,NA,NA,NA,NA,NA,NA,NA,NA,NA,NA,NA,NA,NA,NA,NA,NA,NA,NA,NA
612,NA,NA,NA,NA,NA,NA,NA,NA,NA,NA,NA,NA,NA,NA,NA,NA,NA,NA,6.81,6.88,NA,NA,NA,NA,NA,NA,NA,NA,NA,NA,NA,NA,NA,NA,NA,NA,NA,NA,NA,NA,NA,NA,NA,NA,NA,NA,NA,NA,NA,NA,NA,NA,NA,NA,NA,NA,NA,NA,NA,NA,NA,NA,NA,NA,NA,NA,NA,FALSE,FALSE,NA,NA,NA,NA,NA,NA,NA,NA,NA,NA,NA,NA,NA,NA,NA,NA,NA,NA,NA,NA,NA,NA,NA,NA,NA,NA,NA,NA,NA
613,NA,NA,NA,NA,NA,NA,NA,NA,NA,NA,NA,NA,NA,NA,NA,NA,NA,NA,5.36,5.3,NA,NA,NA,NA,NA,NA,NA,NA,NA,NA,NA,NA,NA,NA,NA,NA,NA,NA,NA,NA,NA,NA,NA,NA,NA,NA,NA,NA,NA,NA,NA,NA,NA,NA,NA,NA,NA,NA,NA,NA,NA,NA,NA,NA,NA,NA,NA,FALSE,FALSE,NA,NA,NA,NA,NA,NA,NA,NA,NA,NA,NA,NA,NA,NA,NA,NA,NA,NA,NA,NA,NA,NA,NA,NA,NA,NA,NA,NA,NA
614,NA,NA,NA,NA,NA,NA,NA,NA,NA,NA,NA,NA,NA,NA,NA,NA,NA,NA,5.63,5.55,NA,NA,NA,NA,NA,NA,NA,NA,NA,NA,NA,NA,NA,NA,NA,NA,NA,NA,NA,NA,NA,NA,NA,NA,NA,NA,NA,NA,NA,NA,NA,NA,NA,NA,NA,NA,NA,NA,NA,NA,NA,NA,NA,NA,NA,NA,NA,FALSE,FALSE,NA,NA,NA,NA,NA,NA,NA,NA,NA,NA,NA,NA,NA,NA,NA,NA,NA,NA,NA,NA,NA,NA,NA,NA,NA,NA,NA,NA,NA
615,NA,NA,NA,NA,NA,NA,NA,NA,NA,NA,NA,NA,NA,NA,NA,NA,NA,NA,5.24,5.27,NA,NA,NA,NA,NA,NA,NA,NA,NA,NA,NA,NA,NA,NA,NA,NA,NA,NA,NA,NA,NA,NA,NA,NA,NA,NA,NA,NA,NA,NA,NA,NA,NA,NA,NA,NA,NA,NA,NA,NA,NA,NA,NA,NA,NA,NA,NA,FALSE,FALSE,NA,NA,NA,NA,NA,NA,NA,NA,NA,NA,NA,NA,NA,NA,NA,NA,NA,NA,NA,NA,NA,NA,NA,NA,NA,NA,NA,NA,NA
616,NA,NA,NA,NA,NA,NA,NA,NA,NA,NA,NA,NA,NA,NA,NA,NA,NA,NA,5.52,5.46,NA,NA,NA,NA,NA,NA,NA,NA,NA,NA,NA,NA,NA,NA,NA,NA,NA,NA,NA,NA,NA,NA,NA,NA,NA,NA,NA,NA,NA,NA,NA,NA,NA,NA,NA,NA,NA,NA,NA,NA,NA,NA,NA,NA,NA,NA,NA,FALSE,FALSE,NA,NA,NA,NA,NA,NA,NA,NA,NA,NA,NA,NA,NA,NA,NA,NA,NA,NA,NA,NA,NA,NA,NA,NA,NA,NA,NA,NA,NA
617,NA,NA,NA,NA,NA,NA,NA,NA,NA,NA,NA,NA,NA,NA,NA,NA,NA,NA,6.41,6.38,NA,NA,NA,NA,NA,NA,NA,NA,NA,NA,NA,NA,NA,NA,NA,NA,NA,NA,NA,NA,NA,NA,NA,NA,NA,NA,NA,NA,NA,NA,NA,NA,NA,NA,NA,NA,NA,NA,NA,NA,NA,NA,NA,NA,NA,NA,NA,FALSE,FALSE,NA,NA,NA,NA,NA,NA,NA,NA,NA,NA,NA,NA,NA,NA,NA,NA,NA,NA,NA,NA,NA,NA,NA,NA,NA,NA,NA,NA,NA
618,NA,NA,NA,NA,NA,NA,NA,NA,NA,NA,NA,NA,NA,NA,NA,NA,NA,NA,7.04,7.05,NA,NA,NA,NA,NA,NA,NA,NA,NA,NA,NA,NA,NA,NA,NA,NA,NA,NA,NA,NA,NA,NA,NA,NA,NA,NA,NA,NA,NA,NA,NA,NA,NA,NA,NA,NA,NA,NA,NA,NA,NA,NA,NA,NA,NA,NA,NA,FALSE,FALSE,NA,NA,NA,NA,NA,NA,NA,NA,NA,NA,NA,NA,NA,NA,NA,NA,NA,NA,NA,NA,NA,NA,NA,NA,NA,NA,NA,NA,NA
619,NA,NA,NA,NA,NA,NA,NA,NA,NA,NA,NA,NA,NA,NA,NA,NA,NA,NA,6.65,6.64,NA,NA,NA,NA,NA,NA,NA,NA,NA,NA,NA,NA,NA,NA,NA,NA,NA,NA,NA,NA,NA,NA,NA,NA,NA,NA,NA,NA,NA,NA,NA,NA,NA,NA,NA,NA,NA,NA,NA,NA,NA,NA,NA,NA,NA,NA,NA,FALSE,FALSE,NA,NA,NA,NA,NA,NA,NA,NA,NA,NA,NA,NA,NA,NA,NA,NA,NA,NA,NA,NA,NA,NA,NA,NA,NA,NA,NA,NA,NA
620,NA,NA,NA,NA,NA,NA,NA,NA,NA,NA,NA,NA,NA,NA,NA,NA,NA,NA,5.1,5.1,NA,NA,NA,NA,NA,NA,NA,NA,NA,NA,NA,NA,NA,NA,NA,NA,NA,NA,NA,NA,NA,NA,NA,NA,NA,NA,NA,NA,NA,NA,NA,NA,NA,NA,NA,NA,NA,NA,NA,NA,NA,NA,NA,NA,NA,NA,NA,FALSE,FALSE,NA,NA,NA,NA,NA,NA,NA,NA,NA,NA,NA,NA,NA,NA,NA,NA,NA,NA,NA,NA,NA,NA,NA,NA,NA,NA,NA,NA,NA
621,NA,NA,NA,NA,NA,NA,NA,NA,NA,NA,NA,NA,NA,NA,NA,NA,NA,NA,5.02,4.97,NA,NA,NA,NA,NA,NA,NA,NA,NA,NA,NA,NA,NA,NA,NA,NA,NA,NA,NA,NA,NA,NA,NA,NA,NA,NA,NA,NA,NA,NA,NA,NA,NA,NA,NA,NA,NA,NA,NA,NA,NA,NA,NA,NA,NA,NA,NA,FALSE,FALSE,NA,NA,NA,NA,NA,NA,NA,NA,NA,NA,NA,NA,NA,NA,NA,NA,NA,NA,NA,NA,NA,NA,NA,NA,NA,NA,NA,NA,NA
622,NA,NA,NA,NA,NA,NA,NA,NA,NA,NA,NA,NA,NA,NA,NA,NA,NA,NA,4.12,4.14,NA,NA,NA,NA,NA,NA,NA,NA,NA,NA,NA,NA,NA,NA,NA,NA,NA,NA,NA,NA,NA,NA,NA,NA,NA,NA,NA,NA,NA,NA,NA,NA,NA,NA,NA,NA,NA,NA,NA,NA,NA,NA,NA,NA,NA,NA,NA,FALSE,FALSE,NA,NA,NA,NA,NA,NA,NA,NA,NA,NA,NA,NA,NA,NA,NA,NA,NA,NA,NA,NA,NA,NA,NA,NA,NA,NA,NA,NA,NA
623,NA,NA,NA,NA,NA,NA,NA,NA,NA,NA,NA,NA,NA,NA,NA,NA,NA,NA,2.59,2.61,NA,NA,NA,NA,NA,NA,NA,NA,NA,NA,NA,NA,NA,NA,NA,NA,NA,NA,NA,NA,NA,NA,NA,NA,NA,NA,NA,NA,NA,NA,NA,NA,NA,NA,NA,NA,NA,NA,NA,NA,NA,NA,NA,NA,NA,NA,NA,FALSE,FALSE,NA,NA,NA,NA,NA,NA,NA,NA,NA,NA,NA,NA,NA,NA,NA,NA,NA,NA,NA,NA,NA,NA,NA,NA,NA,NA,NA,NA,NA
624,NA,NA,NA,NA,NA,NA,NA,NA,NA,NA,NA,NA,NA,NA,NA,NA,NA,NA,4.26,4.16,NA,NA,NA,NA,NA,NA,NA,NA,NA,NA,NA,NA,NA,NA,NA,NA,NA,NA,NA,NA,NA,NA,NA,NA,NA,NA,NA,NA,NA,NA,NA,NA,NA,NA,NA,NA,NA,NA,NA,NA,NA,NA,NA,NA,NA,NA,NA,FALSE,FALSE,NA,NA,NA,NA,NA,NA,NA,NA,NA,NA,NA,NA,NA,NA,NA,NA,NA,NA,NA,NA,NA,NA,NA,NA,NA,NA,NA,NA,NA
625,NA,NA,NA,NA,NA,NA,NA,NA,NA,NA,NA,NA,NA,NA,NA,NA,NA,NA,5.14,5.16,NA,NA,NA,NA,NA,NA,NA,NA,NA,NA,NA,NA,NA,NA,NA,NA,NA,NA,NA,NA,NA,NA,NA,NA,NA,NA,NA,NA,NA,NA,NA,NA,NA,NA,NA,NA,NA,NA,NA,NA,NA,NA,NA,NA,NA,NA,NA,FALSE,FALSE,NA,NA,NA,NA,NA,NA,NA,NA,NA,NA,NA,NA,NA,NA,NA,NA,NA,NA,NA,NA,NA,NA,NA,NA,NA,NA,NA,NA,NA
626,NA,NA,NA,NA,NA,NA,NA,NA,NA,NA,NA,NA,NA,NA,NA,NA,NA,NA,6.72,6.6,NA,NA,NA,NA,NA,NA,NA,NA,NA,NA,NA,NA,NA,NA,NA,NA,NA,NA,NA,NA,NA,NA,NA,NA,NA,NA,NA,NA,NA,NA,NA,NA,NA,NA,NA,NA,NA,NA,NA,NA,NA,NA,NA,NA,NA,NA,NA,FALSE,FALSE,NA,NA,NA,NA,NA,NA,NA,NA,NA,NA,NA,NA,NA,NA,NA,NA,NA,NA,NA,NA,NA,NA,NA,NA,NA,NA,NA,NA,NA
627,NA,NA,NA,NA,NA,NA,NA,NA,NA,NA,NA,NA,NA,NA,NA,NA,NA,NA,6,5.89,NA,NA,NA,NA,NA,NA,NA,NA,NA,NA,NA,NA,NA,NA,NA,NA,NA,NA,NA,NA,NA,NA,NA,NA,NA,NA,NA,NA,NA,NA,NA,NA,NA,NA,NA,NA,NA,NA,NA,NA,NA,NA,NA,NA,NA,NA,NA,FALSE,FALSE,NA,NA,NA,NA,NA,NA,NA,NA,NA,NA,NA,NA,NA,NA,NA,NA,NA,NA,NA,NA,NA,NA,NA,NA,NA,NA,NA,NA,NA
628,NA,NA,NA,NA,NA,NA,NA,NA,NA,NA,NA,NA,NA,NA,NA,NA,NA,NA,5.56,5.59,NA,NA,NA,NA,NA,NA,NA,NA,NA,NA,NA,NA,NA,NA,NA,NA,NA,NA,NA,NA,NA,NA,NA,NA,NA,NA,NA,NA,NA,NA,NA,NA,NA,NA,NA,NA,NA,NA,NA,NA,NA,NA,NA,NA,NA,NA,NA,FALSE,FALSE,NA,NA,NA,NA,NA,NA,NA,NA,NA,NA,NA,NA,NA,NA,NA,NA,NA,NA,NA,NA,NA,NA,NA,NA,NA,NA,NA,NA,NA
629,NA,NA,NA,NA,NA,NA,NA,NA,NA,NA,NA,NA,NA,NA,NA,NA,NA,NA,4.34,4.41,NA,NA,NA,NA,NA,NA,NA,NA,NA,NA,NA,NA,NA,NA,NA,NA,NA,NA,NA,NA,NA,NA,NA,NA,NA,NA,NA,NA,NA,NA,NA,NA,NA,NA,NA,NA,NA,NA,NA,NA,NA,NA,NA,NA,NA,NA,NA,FALSE,FALSE,NA,NA,NA,NA,NA,NA,NA,NA,NA,NA,NA,NA,NA,NA,NA,NA,NA,NA,NA,NA,NA,NA,NA,NA,NA,NA,NA,NA,NA
630,NA,NA,NA,NA,NA,NA,NA,NA,NA,NA,NA,NA,NA,NA,NA,NA,NA,NA,3.42,3.41,NA,NA,NA,NA,NA,NA,NA,NA,NA,NA,NA,NA,NA,NA,NA,NA,NA,NA,NA,NA,NA,NA,NA,NA,NA,NA,NA,NA,NA,NA,NA,NA,NA,NA,NA,NA,NA,NA,NA,NA,NA,NA,NA,NA,NA,NA,NA,FALSE,FALSE,NA,NA,NA,NA,NA,NA,NA,NA,NA,NA,NA,NA,NA,NA,NA,NA,NA,NA,NA,NA,NA,NA,NA,NA,NA,NA,NA,NA,NA
631,NA,NA,NA,NA,NA,NA,NA,NA,NA,NA,NA,NA,NA,NA,NA,NA,NA,NA,5.52,5.56,NA,NA,NA,NA,NA,NA,NA,NA,NA,NA,NA,NA,NA,NA,NA,NA,NA,NA,NA,NA,NA,NA,NA,NA,NA,NA,NA,NA,NA,NA,NA,NA,NA,NA,NA,NA,NA,NA,NA,NA,NA,NA,NA,NA,NA,NA,NA,FALSE,FALSE,NA,NA,NA,NA,NA,NA,NA,NA,NA,NA,NA,NA,NA,NA,NA,NA,NA,NA,NA,NA,NA,NA,NA,NA,NA,NA,NA,NA,NA
632,NA,NA,NA,NA,NA,NA,NA,NA,NA,NA,NA,NA,NA,NA,NA,NA,NA,NA,5.39,5.33,NA,NA,NA,NA,NA,NA,NA,NA,NA,NA,NA,NA,NA,NA,NA,NA,NA,NA,NA,NA,NA,NA,NA,NA,NA,NA,NA,NA,NA,NA,NA,NA,NA,NA,NA,NA,NA,NA,NA,NA,NA,NA,NA,NA,NA,NA,NA,FALSE,FALSE,NA,NA,NA,NA,NA,NA,NA,NA,NA,NA,NA,NA,NA,NA,NA,NA,NA,NA,NA,NA,NA,NA,NA,NA,NA,NA,NA,NA,NA
633,NA,NA,NA,NA,NA,NA,NA,NA,NA,NA,NA,NA,NA,NA,NA,NA,NA,NA,5.57,5.59,NA,NA,NA,NA,NA,NA,NA,NA,NA,NA,NA,NA,NA,NA,NA,NA,NA,NA,NA,NA,NA,NA,NA,NA,NA,NA,NA,NA,NA,NA,NA,NA,NA,NA,NA,NA,NA,NA,NA,NA,NA,NA,NA,NA,NA,NA,NA,FALSE,FALSE,NA,NA,NA,NA,NA,NA,NA,NA,NA,NA,NA,NA,NA,NA,NA,NA,NA,NA,NA,NA,NA,NA,NA,NA,NA,NA,NA,NA,NA
634,NA,NA,NA,NA,NA,NA,NA,NA,NA,NA,NA,NA,NA,NA,NA,NA,NA,NA,7.24,7.28,NA,NA,NA,NA,NA,NA,NA,NA,NA,NA,NA,NA,NA,NA,NA,NA,NA,NA,NA,NA,NA,NA,NA,NA,NA,NA,NA,NA,NA,NA,NA,NA,NA,NA,NA,NA,NA,NA,NA,NA,NA,NA,NA,NA,NA,NA,NA,FALSE,FALSE,NA,NA,NA,NA,NA,NA,NA,NA,NA,NA,NA,NA,NA,NA,NA,NA,NA,NA,NA,NA,NA,NA,NA,NA,NA,NA,NA,NA,NA
635,NA,NA,NA,NA,NA,NA,NA,NA,NA,NA,NA,NA,NA,NA,NA,NA,NA,NA,7.02,6.99,NA,NA,NA,NA,NA,NA,NA,NA,NA,NA,NA,NA,NA,NA,NA,NA,NA,NA,NA,NA,NA,NA,NA,NA,NA,NA,NA,NA,NA,NA,NA,NA,NA,NA,NA,NA,NA,NA,NA,NA,NA,NA,NA,NA,NA,NA,NA,FALSE,FALSE,NA,NA,NA,NA,NA,NA,NA,NA,NA,NA,NA,NA,NA,NA,NA,NA,NA,NA,NA,NA,NA,NA,NA,NA,NA,NA,NA,NA,NA
636,NA,NA,NA,NA,NA,NA,NA,NA,NA,NA,NA,NA,NA,NA,NA,NA,NA,NA,6.1,6.06,NA,NA,NA,NA,NA,NA,NA,NA,NA,NA,NA,NA,NA,NA,NA,NA,NA,NA,NA,NA,NA,NA,NA,NA,NA,NA,NA,NA,NA,NA,NA,NA,NA,NA,NA,NA,NA,NA,NA,NA,NA,NA,NA,NA,NA,NA,NA,FALSE,FALSE,NA,NA,NA,NA,NA,NA,NA,NA,NA,NA,NA,NA,NA,NA,NA,NA,NA,NA,NA,NA,NA,NA,NA,NA,NA,NA,NA,NA,NA
637,NA,NA,NA,NA,NA,NA,NA,NA,NA,NA,NA,NA,NA,NA,NA,NA,NA,NA,4.29,4.28,NA,NA,NA,NA,NA,NA,NA,NA,NA,NA,NA,NA,NA,NA,NA,NA,NA,NA,NA,NA,NA,NA,NA,NA,NA,NA,NA,NA,NA,NA,NA,NA,NA,NA,NA,NA,NA,NA,NA,NA,NA,NA,NA,NA,NA,NA,NA,FALSE,FALSE,NA,NA,NA,NA,NA,NA,NA,NA,NA,NA,NA,NA,NA,NA,NA,NA,NA,NA,NA,NA,NA,NA,NA,NA,NA,NA,NA,NA,NA
638,NA,NA,NA,NA,NA,NA,NA,NA,NA,NA,NA,NA,NA,NA,NA,NA,NA,NA,4.44,4.4,NA,NA,NA,NA,NA,NA,NA,NA,NA,NA,NA,NA,NA,NA,NA,NA,NA,NA,NA,NA,NA,NA,NA,NA,NA,NA,NA,NA,NA,NA,NA,NA,NA,NA,NA,NA,NA,NA,NA,NA,NA,NA,NA,NA,NA,NA,NA,FALSE,FALSE,NA,NA,NA,NA,NA,NA,NA,NA,NA,NA,NA,NA,NA,NA,NA,NA,NA,NA,NA,NA,NA,NA,NA,NA,NA,NA,NA,NA,NA
639,NA,NA,NA,NA,NA,NA,NA,NA,NA,NA,NA,NA,NA,NA,NA,NA,NA,NA,3.65,3.68,NA,NA,NA,NA,NA,NA,NA,NA,NA,NA,NA,NA,NA,NA,NA,NA,NA,NA,NA,NA,NA,NA,NA,NA,NA,NA,NA,NA,NA,NA,NA,NA,NA,NA,NA,NA,NA,NA,NA,NA,NA,NA,NA,NA,NA,NA,NA,FALSE,FALSE,NA,NA,NA,NA,NA,NA,NA,NA,NA,NA,NA,NA,NA,NA,NA,NA,NA,NA,NA,NA,NA,NA,NA,NA,NA,NA,NA,NA,NA
640,NA,NA,NA,NA,NA,NA,NA,NA,NA,NA,NA,NA,NA,NA,NA,NA,NA,NA,5.67,5.65,NA,NA,NA,NA,NA,NA,NA,NA,NA,NA,NA,NA,NA,NA,NA,NA,NA,NA,NA,NA,NA,NA,NA,NA,NA,NA,NA,NA,NA,NA,NA,NA,NA,NA,NA,NA,NA,NA,NA,NA,NA,NA,NA,NA,NA,NA,NA,FALSE,FALSE,NA,NA,NA,NA,NA,NA,NA,NA,NA,NA,NA,NA,NA,NA,NA,NA,NA,NA,NA,NA,NA,NA,NA,NA,NA,NA,NA,NA,NA
641,NA,NA,NA,NA,NA,NA,NA,NA,NA,NA,NA,NA,NA,NA,NA,NA,NA,NA,5.66,5.56,NA,NA,NA,NA,NA,NA,NA,NA,NA,NA,NA,NA,NA,NA,NA,NA,NA,NA,NA,NA,NA,NA,NA,NA,NA,NA,NA,NA,NA,NA,NA,NA,NA,NA,NA,NA,NA,NA,NA,NA,NA,NA,NA,NA,NA,NA,NA,FALSE,FALSE,NA,NA,NA,NA,NA,NA,NA,NA,NA,NA,NA,NA,NA,NA,NA,NA,NA,NA,NA,NA,NA,NA,NA,NA,NA,NA,NA,NA,NA
642,NA,NA,NA,NA,NA,NA,NA,NA,NA,NA,2.21,2.22,NA,NA,NA,NA,NA,NA,4.62,4.58,NA,NA,NA,NA,NA,NA,NA,NA,NA,NA,NA,NA,NA,NA,NA,NA,NA,NA,NA,NA,NA,NA,NA,NA,NA,NA,NA,NA,NA,NA,NA,NA,NA,NA,NA,NA,NA,NA,NA,FALSE,FALSE,NA,NA,NA,NA,NA,NA,FALSE,FALSE,NA,NA,NA,NA,NA,NA,NA,NA,NA,NA,NA,NA,NA,NA,NA,NA,NA,NA,NA,NA,NA,NA,NA,NA,NA,NA,NA,NA,NA
643,NA,NA,NA,NA,NA,NA,NA,NA,NA,NA,2.64,2.58,NA,NA,NA,NA,NA,NA,5.25,5.23,NA,NA,NA,NA,NA,NA,NA,NA,NA,NA,NA,NA,NA,NA,NA,NA,NA,NA,NA,NA,NA,NA,NA,NA,NA,NA,NA,NA,NA,NA,NA,NA,NA,NA,NA,NA,NA,NA,NA,FALSE,FALSE,NA,NA,NA,NA,NA,NA,FALSE,FALSE,NA,NA,NA,NA,NA,NA,NA,NA,NA,NA,NA,NA,NA,NA,NA,NA,NA,NA,NA,NA,NA,NA,NA,NA,NA,NA,NA,NA,NA
644,NA,NA,NA,NA,NA,NA,NA,NA,NA,NA,2.48,2.5,NA,NA,NA,NA,NA,NA,6.32,6.33,NA,NA,NA,NA,NA,NA,NA,NA,NA,NA,NA,NA,NA,NA,NA,NA,NA,NA,NA,NA,NA,NA,NA,NA,NA,NA,NA,NA,NA,NA,NA,NA,NA,NA,NA,NA,NA,NA,NA,FALSE,FALSE,NA,NA,NA,NA,NA,NA,FALSE,FALSE,NA,NA,NA,NA,NA,NA,NA,NA,NA,NA,NA,NA,NA,NA,NA,NA,NA,NA,NA,NA,NA,NA,NA,NA,NA,NA,NA,NA,NA
645,NA,NA,NA,NA,NA,NA,NA,NA,NA,NA,2.47,2.49,NA,NA,NA,NA,NA,NA,5.79,5.85,NA,NA,NA,NA,NA,NA,NA,NA,NA,NA,NA,NA,NA,NA,NA,NA,NA,NA,NA,NA,NA,NA,NA,NA,NA,NA,NA,NA,NA,NA,NA,NA,NA,NA,NA,NA,NA,NA,NA,FALSE,FALSE,NA,NA,NA,NA,NA,NA,FALSE,FALSE,NA,NA,NA,NA,NA,NA,NA,NA,NA,NA,NA,NA,NA,NA,NA,NA,NA,NA,NA,NA,NA,NA,NA,NA,NA,NA,NA,NA,NA
646,NA,NA,NA,NA,NA,NA,NA,NA,NA,NA,2.78,2.63,NA,NA,NA,NA,NA,NA,7.07,6.99,NA,NA,NA,NA,NA,NA,NA,NA,NA,NA,NA,NA,NA,NA,NA,NA,NA,NA,NA,NA,NA,NA,NA,NA,NA,NA,NA,NA,NA,NA,NA,NA,NA,NA,NA,NA,NA,NA,NA,FALSE,FALSE,NA,NA,NA,NA,NA,NA,FALSE,FALSE,NA,NA,NA,NA,NA,NA,NA,NA,NA,NA,NA,NA,NA,NA,NA,NA,NA,NA,NA,NA,NA,NA,NA,NA,NA,NA,NA,NA,NA
647,NA,NA,NA,NA,NA,NA,NA,NA,NA,NA,2.41,2.33,NA,NA,NA,NA,NA,NA,6.08,6.08,NA,NA,NA,NA,NA,NA,NA,NA,NA,NA,NA,NA,NA,NA,NA,NA,NA,NA,NA,NA,NA,NA,NA,NA,NA,NA,NA,NA,NA,NA,NA,NA,NA,NA,NA,NA,NA,NA,NA,FALSE,FALSE,NA,NA,NA,NA,NA,NA,FALSE,FALSE,NA,NA,NA,NA,NA,NA,NA,NA,NA,NA,NA,NA,NA,NA,NA,NA,NA,NA,NA,NA,NA,NA,NA,NA,NA,NA,NA,NA,NA
648,NA,NA,NA,NA,NA,NA,NA,NA,NA,NA,1.91,1.88,NA,NA,NA,NA,NA,NA,4.11,4.12,NA,NA,NA,NA,NA,NA,NA,NA,NA,NA,NA,NA,NA,NA,NA,NA,NA,NA,NA,NA,NA,NA,NA,NA,NA,NA,NA,NA,NA,NA,NA,NA,NA,NA,NA,NA,NA,NA,NA,FALSE,FALSE,NA,NA,NA,NA,NA,NA,FALSE,FALSE,NA,NA,NA,NA,NA,NA,NA,NA,NA,NA,NA,NA,NA,NA,NA,NA,NA,NA,NA,NA,NA,NA,NA,NA,NA,NA,NA,NA,NA
649,NA,NA,NA,NA,NA,NA,NA,NA,NA,NA,2.87,2.89,NA,NA,NA,NA,NA,NA,5.19,5.18,NA,NA,NA,NA,NA,NA,NA,NA,NA,NA,NA,NA,NA,NA,NA,NA,NA,NA,NA,NA,NA,NA,NA,NA,NA,NA,NA,NA,NA,NA,NA,NA,NA,NA,NA,NA,NA,NA,NA,FALSE,FALSE,NA,NA,NA,NA,NA,NA,FALSE,FALSE,NA,NA,NA,NA,NA,NA,NA,NA,NA,NA,NA,NA,NA,NA,NA,NA,NA,NA,NA,NA,NA,NA,NA,NA,NA,NA,NA,NA,NA
650,NA,NA,NA,NA,NA,NA,NA,NA,NA,NA,2.86,2.78,NA,NA,NA,NA,NA,NA,4.96,4.96,NA,NA,NA,NA,NA,NA,NA,NA,NA,NA,NA,NA,NA,NA,NA,NA,NA,NA,NA,NA,NA,NA,NA,NA,NA,NA,NA,NA,NA,NA,NA,NA,NA,NA,NA,NA,NA,NA,NA,FALSE,FALSE,NA,NA,NA,NA,NA,NA,FALSE,FALSE,NA,NA,NA,NA,NA,NA,NA,NA,NA,NA,NA,NA,NA,NA,NA,NA,NA,NA,NA,NA,NA,NA,NA,NA,NA,NA,NA,NA,NA
651,NA,NA,NA,NA,NA,NA,NA,NA,NA,NA,2.77,2.58,NA,NA,NA,NA,NA,NA,5.48,5.39,NA,NA,NA,NA,NA,NA,NA,NA,NA,NA,NA,NA,NA,NA,NA,NA,NA,NA,NA,NA,NA,NA,NA,NA,NA,NA,NA,NA,NA,NA,NA,NA,NA,NA,NA,NA,NA,NA,NA,FALSE,FALSE,NA,NA,NA,NA,NA,NA,FALSE,FALSE,NA,NA,NA,NA,NA,NA,NA,NA,NA,NA,NA,NA,NA,NA,NA,NA,NA,NA,NA,NA,NA,NA,NA,NA,NA,NA,NA,NA,NA
652,NA,NA,NA,NA,NA,NA,NA,NA,NA,NA,3.56,3.52,NA,NA,NA,NA,NA,NA,6.69,6.64,NA,NA,NA,NA,NA,NA,NA,NA,NA,NA,NA,NA,NA,NA,NA,NA,NA,NA,NA,NA,NA,NA,NA,NA,NA,NA,NA,NA,NA,NA,NA,NA,NA,NA,NA,NA,NA,NA,NA,FALSE,FALSE,NA,NA,NA,NA,NA,NA,FALSE,FALSE,NA,NA,NA,NA,NA,NA,NA,NA,NA,NA,NA,NA,NA,NA,NA,NA,NA,NA,NA,NA,NA,NA,NA,NA,NA,NA,NA,NA,NA
653,NA,NA,NA,NA,NA,NA,NA,NA,NA,NA,2.47,2.58,NA,NA,NA,NA,NA,NA,4.19,4.18,NA,NA,NA,NA,NA,NA,NA,NA,NA,NA,NA,NA,NA,NA,NA,NA,NA,NA,NA,NA,NA,NA,NA,NA,NA,NA,NA,NA,NA,NA,NA,NA,NA,NA,NA,NA,NA,NA,NA,FALSE,FALSE,NA,NA,NA,NA,NA,NA,FALSE,FALSE,NA,NA,NA,NA,NA,NA,NA,NA,NA,NA,NA,NA,NA,NA,NA,NA,NA,NA,NA,NA,NA,NA,NA,NA,NA,NA,NA,NA,NA
654,NA,NA,NA,NA,NA,NA,NA,NA,NA,NA,1.2,1.15,NA,NA,NA,NA,NA,NA,1.36,1.34,NA,NA,NA,NA,NA,NA,NA,NA,NA,NA,NA,NA,NA,NA,NA,NA,NA,NA,NA,NA,NA,NA,NA,NA,NA,NA,NA,NA,NA,NA,NA,NA,NA,NA,NA,NA,NA,NA,NA,FALSE,FALSE,NA,NA,NA,NA,NA,NA,FALSE,FALSE,NA,NA,NA,NA,NA,NA,NA,NA,NA,NA,NA,NA,NA,NA,NA,NA,NA,NA,NA,NA,NA,NA,NA,NA,NA,NA,NA,NA,NA
655,NA,NA,NA,NA,NA,NA,NA,NA,NA,NA,2.16,2.08,NA,NA,NA,NA,NA,NA,2.96,2.96,NA,NA,NA,NA,NA,NA,NA,NA,NA,NA,NA,NA,NA,NA,NA,NA,NA,NA,NA,NA,NA,NA,NA,NA,NA,NA,NA,NA,NA,NA,NA,NA,NA,NA,NA,NA,NA,NA,NA,FALSE,FALSE,NA,NA,NA,NA,NA,NA,FALSE,FALSE,NA,NA,NA,NA,NA,NA,NA,NA,NA,NA,NA,NA,NA,NA,NA,NA,NA,NA,NA,NA,NA,NA,NA,NA,NA,NA,NA,NA,NA
656,NA,NA,NA,NA,NA,NA,NA,NA,NA,NA,2.33,2.33,NA,NA,NA,NA,NA,NA,2.94,2.95,NA,NA,NA,NA,NA,NA,NA,NA,NA,NA,NA,NA,NA,NA,NA,NA,NA,NA,NA,NA,NA,NA,NA,NA,NA,NA,NA,NA,NA,NA,NA,NA,NA,NA,NA,NA,NA,NA,NA,FALSE,FALSE,NA,NA,NA,NA,NA,NA,FALSE,FALSE,NA,NA,NA,NA,NA,NA,NA,NA,NA,NA,NA,NA,NA,NA,NA,NA,NA,NA,NA,NA,NA,NA,NA,NA,NA,NA,NA,NA,NA
657,NA,NA,NA,NA,NA,NA,NA,NA,NA,NA,1.6,1.66,NA,NA,NA,NA,NA,NA,2.2,2.21,NA,NA,NA,NA,NA,NA,NA,NA,NA,NA,NA,NA,NA,NA,NA,NA,NA,NA,NA,NA,NA,NA,NA,NA,NA,NA,NA,NA,NA,NA,NA,NA,NA,NA,NA,NA,NA,NA,NA,FALSE,FALSE,NA,NA,NA,NA,NA,NA,FALSE,FALSE,NA,NA,NA,NA,NA,NA,NA,NA,NA,NA,NA,NA,NA,NA,NA,NA,NA,NA,NA,NA,NA,NA,NA,NA,NA,NA,NA,NA,NA
658,NA,NA,NA,NA,NA,NA,NA,NA,NA,NA,2.14,2.12,NA,NA,NA,NA,NA,NA,3.3,3.31,NA,NA,NA,NA,NA,NA,NA,NA,NA,NA,NA,NA,NA,NA,NA,NA,NA,NA,NA,NA,NA,NA,NA,NA,NA,NA,NA,NA,NA,NA,NA,NA,NA,NA,NA,NA,NA,NA,NA,FALSE,FALSE,NA,NA,NA,NA,NA,NA,FALSE,FALSE,NA,NA,NA,NA,NA,NA,NA,NA,NA,NA,NA,NA,NA,NA,NA,NA,NA,NA,NA,NA,NA,NA,NA,NA,NA,NA,NA,NA,NA
659,NA,NA,NA,NA,NA,NA,NA,NA,NA,NA,2.93,2.97,NA,NA,NA,NA,NA,NA,3.66,3.7,NA,NA,NA,NA,NA,NA,NA,NA,NA,NA,NA,NA,NA,NA,NA,NA,NA,NA,NA,NA,NA,NA,NA,NA,NA,NA,NA,NA,NA,NA,NA,NA,NA,NA,NA,NA,NA,NA,NA,FALSE,FALSE,NA,NA,NA,NA,NA,NA,FALSE,FALSE,NA,NA,NA,NA,NA,NA,NA,NA,NA,NA,NA,NA,NA,NA,NA,NA,NA,NA,NA,NA,NA,NA,NA,NA,NA,NA,NA,NA,NA
660,NA,NA,NA,NA,NA,NA,NA,NA,NA,NA,3.22,3.08,NA,NA,NA,NA,NA,NA,3.13,3.14,NA,NA,NA,NA,NA,NA,NA,NA,NA,NA,NA,NA,NA,NA,NA,NA,NA,NA,NA,NA,NA,NA,NA,NA,NA,NA,NA,NA,NA,NA,NA,NA,NA,NA,NA,NA,NA,NA,NA,FALSE,FALSE,NA,NA,NA,NA,NA,NA,FALSE,FALSE,NA,NA,NA,NA,NA,NA,NA,NA,NA,NA,NA,NA,NA,NA,NA,NA,NA,NA,NA,NA,NA,NA,NA,NA,NA,NA,NA,NA,NA
661,NA,NA,NA,NA,NA,NA,NA,NA,NA,NA,3.54,3.55,NA,NA,NA,NA,NA,NA,4.23,4.27,NA,NA,NA,NA,NA,NA,NA,NA,NA,NA,NA,NA,NA,NA,NA,NA,NA,NA,NA,NA,NA,NA,NA,NA,NA,NA,NA,NA,NA,NA,NA,NA,NA,NA,NA,NA,NA,NA,NA,FALSE,FALSE,NA,NA,NA,NA,NA,NA,FALSE,FALSE,NA,NA,NA,NA,NA,NA,NA,NA,NA,NA,NA,NA,NA,NA,NA,NA,NA,NA,NA,NA,NA,NA,NA,NA,NA,NA,NA,NA,NA
662,NA,NA,NA,NA,NA,NA,NA,NA,NA,NA,3.7,3.73,NA,NA,NA,NA,NA,NA,3.47,3.48,NA,NA,NA,NA,NA,NA,NA,NA,NA,NA,NA,NA,NA,NA,NA,NA,NA,NA,NA,NA,NA,NA,NA,NA,NA,NA,NA,NA,NA,NA,NA,NA,NA,NA,NA,NA,NA,NA,NA,FALSE,FALSE,NA,NA,NA,NA,NA,NA,FALSE,FALSE,NA,NA,NA,NA,NA,NA,NA,NA,NA,NA,NA,NA,NA,NA,NA,NA,NA,NA,NA,NA,NA,NA,NA,NA,NA,NA,NA,NA,NA
663,NA,NA,NA,NA,NA,NA,NA,NA,NA,NA,2.73,2.72,NA,NA,NA,NA,NA,NA,3.05,3.04,NA,NA,NA,NA,NA,NA,NA,NA,NA,NA,NA,NA,NA,NA,NA,NA,NA,NA,NA,NA,NA,NA,NA,NA,NA,NA,NA,NA,NA,NA,NA,NA,NA,NA,NA,NA,NA,NA,NA,FALSE,FALSE,NA,NA,NA,NA,NA,NA,FALSE,FALSE,NA,NA,NA,NA,NA,NA,NA,NA,NA,NA,NA,NA,NA,NA,NA,NA,NA,NA,NA,NA,NA,NA,NA,NA,NA,NA,NA,NA,NA
664,NA,NA,NA,NA,NA,NA,NA,NA,NA,NA,2.51,2.45,NA,NA,NA,NA,NA,NA,2.85,2.83,NA,NA,NA,NA,NA,NA,NA,NA,NA,NA,NA,NA,NA,NA,NA,NA,NA,NA,NA,NA,NA,NA,NA,NA,NA,NA,NA,NA,NA,NA,NA,NA,NA,NA,NA,NA,NA,NA,NA,FALSE,FALSE,NA,NA,NA,NA,NA,NA,FALSE,FALSE,NA,NA,NA,NA,NA,NA,NA,NA,NA,NA,NA,NA,NA,NA,NA,NA,NA,NA,NA,NA,NA,NA,NA,NA,NA,NA,NA,NA,NA
665,NA,NA,NA,NA,NA,NA,NA,NA,NA,NA,2.63,2.66,NA,NA,NA,NA,NA,NA,2.23,2.23,NA,NA,NA,NA,NA,NA,NA,NA,NA,NA,NA,NA,NA,NA,NA,NA,NA,NA,NA,NA,NA,NA,NA,NA,NA,NA,NA,NA,NA,NA,NA,NA,NA,NA,NA,NA,NA,NA,NA,FALSE,FALSE,NA,NA,NA,NA,NA,NA,FALSE,FALSE,NA,NA,NA,NA,NA,NA,NA,NA,NA,NA,NA,NA,NA,NA,NA,NA,NA,NA,NA,NA,NA,NA,NA,NA,NA,NA,NA,NA,NA
666,NA,NA,NA,NA,NA,NA,NA,NA,NA,NA,2.51,2.49,NA,NA,NA,NA,NA,NA,2.22,2.22,NA,NA,NA,NA,NA,NA,NA,NA,NA,NA,NA,NA,NA,NA,NA,NA,NA,NA,NA,NA,NA,NA,NA,NA,NA,NA,NA,NA,NA,NA,NA,NA,NA,NA,NA,NA,NA,NA,NA,FALSE,FALSE,NA,NA,NA,NA,NA,NA,FALSE,FALSE,NA,NA,NA,NA,NA,NA,NA,NA,NA,NA,NA,NA,NA,NA,NA,NA,NA,NA,NA,NA,NA,NA,NA,NA,NA,NA,NA,NA,NA
667,NA,NA,NA,NA,NA,NA,NA,NA,NA,NA,2.59,2.58,NA,NA,NA,NA,NA,NA,2.52,2.52,NA,NA,NA,NA,NA,NA,NA,NA,NA,NA,NA,NA,NA,NA,NA,NA,NA,NA,NA,NA,NA,NA,NA,NA,NA,NA,NA,NA,NA,NA,NA,NA,NA,NA,NA,NA,NA,NA,NA,FALSE,FALSE,NA,NA,NA,NA,NA,NA,FALSE,FALSE,NA,NA,NA,NA,NA,NA,NA,NA,NA,NA,NA,NA,NA,NA,NA,NA,NA,NA,NA,NA,NA,NA,NA,NA,NA,NA,NA,NA,NA
668,NA,NA,NA,NA,NA,NA,NA,NA,NA,NA,3.23,3.06,NA,NA,NA,NA,NA,NA,3.3,3.31,NA,NA,NA,NA,NA,NA,NA,NA,NA,NA,NA,NA,NA,NA,NA,NA,NA,NA,NA,NA,NA,NA,NA,NA,NA,NA,NA,NA,NA,NA,NA,NA,NA,NA,NA,NA,NA,NA,NA,FALSE,FALSE,NA,NA,NA,NA,NA,NA,FALSE,FALSE,NA,NA,NA,NA,NA,NA,NA,NA,NA,NA,NA,NA,NA,NA,NA,NA,NA,NA,NA,NA,NA,NA,NA,NA,NA,NA,NA,NA,NA
669,NA,NA,NA,NA,NA,NA,NA,NA,NA,NA,1.89,1.88,NA,NA,NA,NA,NA,NA,1.84,1.69,NA,NA,NA,NA,NA,NA,NA,NA,NA,NA,NA,NA,NA,NA,NA,NA,NA,NA,NA,NA,NA,NA,NA,NA,NA,NA,NA,NA,NA,NA,NA,NA,NA,NA,NA,NA,NA,NA,NA,FALSE,FALSE,NA,NA,NA,NA,NA,NA,FALSE,FALSE,NA,NA,NA,NA,NA,NA,NA,NA,NA,NA,NA,NA,NA,NA,NA,NA,NA,NA,NA,NA,NA,NA,NA,NA,NA,NA,NA,NA,NA
670,NA,NA,NA,NA,NA,NA,NA,NA,NA,NA,2.09,2.08,NA,NA,NA,NA,NA,NA,2.66,2.71,NA,NA,NA,NA,NA,NA,NA,NA,NA,NA,NA,NA,NA,NA,NA,NA,NA,NA,NA,NA,NA,NA,NA,NA,NA,NA,NA,NA,NA,NA,NA,NA,NA,NA,NA,NA,NA,NA,NA,FALSE,FALSE,NA,NA,NA,NA,NA,NA,FALSE,FALSE,NA,NA,NA,NA,NA,NA,NA,NA,NA,NA,NA,NA,NA,NA,NA,NA,NA,NA,NA,NA,NA,NA,NA,NA,NA,NA,NA,NA,NA
671,NA,NA,NA,NA,NA,NA,NA,NA,NA,NA,1.89,1.86,NA,NA,NA,NA,NA,NA,1.45,1.44,NA,NA,NA,NA,NA,NA,NA,NA,NA,NA,NA,NA,NA,NA,NA,NA,NA,NA,NA,NA,NA,NA,NA,NA,NA,NA,NA,NA,NA,NA,NA,NA,NA,NA,NA,NA,NA,NA,NA,FALSE,FALSE,NA,NA,NA,NA,NA,NA,FALSE,FALSE,NA,NA,NA,NA,NA,NA,NA,NA,NA,NA,NA,NA,NA,NA,NA,NA,NA,NA,NA,NA,NA,NA,NA,NA,NA,NA,NA,NA,NA
672,NA,NA,NA,NA,NA,NA,NA,NA,NA,NA,2.8,2.83,NA,NA,NA,NA,NA,NA,3.04,3.01,NA,NA,NA,NA,NA,NA,NA,NA,NA,NA,NA,NA,NA,NA,NA,NA,NA,NA,NA,NA,NA,NA,NA,NA,NA,NA,NA,NA,NA,NA,NA,NA,NA,NA,NA,NA,NA,NA,NA,FALSE,FALSE,NA,NA,NA,NA,NA,NA,FALSE,FALSE,NA,NA,NA,NA,NA,NA,NA,NA,NA,NA,NA,NA,NA,NA,NA,NA,NA,NA,NA,NA,NA,NA,NA,NA,NA,NA,NA,NA,NA
673,NA,NA,NA,NA,NA,NA,NA,NA,NA,NA,2.71,2.65,NA,NA,NA,NA,NA,NA,2.65,2.63,NA,NA,NA,NA,NA,NA,NA,NA,NA,NA,NA,NA,NA,NA,NA,NA,NA,NA,NA,NA,NA,NA,NA,NA,NA,NA,NA,NA,NA,NA,NA,NA,NA,NA,NA,NA,NA,NA,NA,FALSE,FALSE,NA,NA,NA,NA,NA,NA,FALSE,FALSE,NA,NA,NA,NA,NA,NA,NA,NA,NA,NA,NA,NA,NA,NA,NA,NA,NA,NA,NA,NA,NA,NA,NA,NA,NA,NA,NA,NA,NA
674,NA,NA,NA,NA,NA,NA,NA,NA,NA,NA,2.5,2.5,NA,NA,NA,NA,NA,NA,2.05,2.03,NA,NA,NA,NA,NA,NA,NA,NA,NA,NA,NA,NA,NA,NA,NA,NA,NA,NA,NA,NA,NA,NA,NA,NA,NA,NA,NA,NA,NA,NA,NA,NA,NA,NA,NA,NA,NA,NA,NA,FALSE,FALSE,NA,NA,NA,NA,NA,NA,FALSE,FALSE,NA,NA,NA,NA,NA,NA,NA,NA,NA,NA,NA,NA,NA,NA,NA,NA,NA,NA,NA,NA,NA,NA,NA,NA,NA,NA,NA,NA,NA
675,NA,NA,NA,NA,NA,NA,NA,NA,NA,NA,2.87,2.96,NA,NA,NA,NA,NA,NA,1.96,1.95,NA,NA,NA,NA,NA,NA,NA,NA,NA,NA,NA,NA,NA,NA,NA,NA,NA,NA,NA,NA,NA,NA,NA,NA,NA,NA,NA,NA,NA,NA,NA,NA,NA,NA,NA,NA,NA,NA,NA,FALSE,FALSE,NA,NA,NA,NA,NA,NA,FALSE,FALSE,NA,NA,NA,NA,NA,NA,NA,NA,NA,NA,NA,NA,NA,NA,NA,NA,NA,NA,NA,NA,NA,NA,NA,NA,NA,NA,NA,NA,NA
676,NA,NA,NA,NA,NA,NA,NA,NA,NA,NA,2.16,2.09,NA,NA,NA,NA,NA,NA,1.79,1.78,NA,NA,NA,NA,NA,NA,NA,NA,NA,NA,NA,NA,NA,NA,NA,NA,NA,NA,NA,NA,NA,NA,NA,NA,NA,NA,NA,NA,NA,NA,NA,NA,NA,NA,NA,NA,NA,NA,NA,FALSE,FALSE,NA,NA,NA,NA,NA,NA,FALSE,FALSE,NA,NA,NA,NA,NA,NA,NA,NA,NA,NA,NA,NA,NA,NA,NA,NA,NA,NA,NA,NA,NA,NA,NA,NA,NA,NA,NA,NA,NA
677,NA,NA,NA,NA,NA,NA,NA,NA,NA,NA,2.29,2.27,NA,NA,NA,NA,NA,NA,2.17,2.13,NA,NA,NA,NA,NA,NA,NA,NA,NA,NA,NA,NA,NA,NA,NA,NA,NA,NA,NA,NA,NA,NA,NA,NA,NA,NA,NA,NA,NA,NA,NA,NA,NA,NA,NA,NA,NA,NA,NA,FALSE,FALSE,NA,NA,NA,NA,NA,NA,FALSE,FALSE,NA,NA,NA,NA,NA,NA,NA,NA,NA,NA,NA,NA,NA,NA,NA,NA,NA,NA,NA,NA,NA,NA,NA,NA,NA,NA,NA,NA,NA
678,NA,NA,NA,NA,NA,NA,NA,NA,NA,NA,2.79,2.79,NA,NA,NA,NA,NA,NA,2,1.98,NA,NA,NA,NA,NA,NA,NA,NA,NA,NA,NA,NA,NA,NA,NA,NA,NA,NA,NA,NA,NA,NA,NA,NA,NA,NA,NA,NA,NA,NA,NA,NA,NA,NA,NA,NA,NA,NA,NA,FALSE,FALSE,NA,NA,NA,NA,NA,NA,FALSE,FALSE,NA,NA,NA,NA,NA,NA,NA,NA,NA,NA,NA,NA,NA,NA,NA,NA,NA,NA,NA,NA,NA,NA,NA,NA,NA,NA,NA,NA,NA
679,NA,NA,NA,NA,NA,NA,NA,NA,NA,NA,2.94,3.03,NA,NA,NA,NA,NA,NA,1.2,1.18,NA,NA,NA,NA,NA,NA,NA,NA,NA,NA,NA,NA,NA,NA,NA,NA,NA,NA,NA,NA,NA,NA,NA,NA,NA,NA,NA,NA,NA,NA,NA,NA,NA,NA,NA,NA,NA,NA,NA,FALSE,FALSE,NA,NA,NA,NA,NA,NA,FALSE,FALSE,NA,NA,NA,NA,NA,NA,NA,NA,NA,NA,NA,NA,NA,NA,NA,NA,NA,NA,NA,NA,NA,NA,NA,NA,NA,NA,NA,NA,NA
680,NA,NA,NA,NA,NA,NA,NA,NA,NA,NA,2.84,2.85,NA,NA,NA,NA,NA,NA,1.24,1.22,NA,NA,NA,NA,NA,NA,NA,NA,NA,NA,NA,NA,NA,NA,NA,NA,NA,NA,NA,NA,NA,NA,NA,NA,NA,NA,NA,NA,NA,NA,NA,NA,NA,NA,NA,NA,NA,NA,NA,FALSE,FALSE,NA,NA,NA,NA,NA,NA,FALSE,FALSE,NA,NA,NA,NA,NA,NA,NA,NA,NA,NA,NA,NA,NA,NA,NA,NA,NA,NA,NA,NA,NA,NA,NA,NA,NA,NA,NA,NA,NA
681,NA,NA,NA,NA,NA,NA,NA,NA,NA,NA,2.76,2.75,NA,NA,NA,NA,NA,NA,1.47,1.45,NA,NA,NA,NA,NA,NA,NA,NA,NA,NA,NA,NA,NA,NA,NA,NA,NA,NA,NA,NA,NA,NA,NA,NA,NA,NA,NA,NA,NA,NA,NA,NA,NA,NA,NA,NA,NA,NA,NA,FALSE,FALSE,NA,NA,NA,NA,NA,NA,FALSE,FALSE,NA,NA,NA,NA,NA,NA,NA,NA,NA,NA,NA,NA,NA,NA,NA,NA,NA,NA,NA,NA,NA,NA,NA,NA,NA,NA,NA,NA,NA
682,NA,NA,NA,NA,NA,NA,NA,NA,NA,NA,2.85,2.91,NA,NA,NA,NA,NA,NA,2.22,2.19,NA,NA,NA,NA,NA,NA,NA,NA,NA,NA,NA,NA,NA,NA,NA,NA,NA,NA,NA,NA,NA,NA,NA,NA,NA,NA,NA,NA,NA,NA,NA,NA,NA,NA,NA,NA,NA,NA,NA,FALSE,FALSE,NA,NA,NA,NA,NA,NA,FALSE,FALSE,NA,NA,NA,NA,NA,NA,NA,NA,NA,NA,NA,NA,NA,NA,NA,NA,NA,NA,NA,NA,NA,NA,NA,NA,NA,NA,NA,NA,NA
683,NA,NA,NA,NA,NA,NA,NA,NA,NA,NA,2.86,2.8,NA,NA,NA,NA,NA,NA,1.75,1.73,NA,NA,NA,NA,NA,NA,NA,NA,NA,NA,NA,NA,NA,NA,NA,NA,NA,NA,NA,NA,NA,NA,NA,NA,2.88,NA,1.9,NA,NA,NA,NA,NA,NA,NA,NA,NA,NA,NA,NA,FALSE,FALSE,NA,NA,NA,NA,NA,NA,FALSE,FALSE,NA,NA,NA,NA,NA,NA,NA,NA,NA,NA,NA,NA,NA,NA,NA,NA,NA,NA,NA,NA,NA,NA,NA,NA,FALSE,NA,FALSE,NA,NA
684,NA,NA,NA,NA,NA,NA,NA,NA,NA,NA,1.98,1.88,NA,NA,NA,NA,NA,NA,1.63,1.62,NA,NA,NA,NA,NA,NA,NA,NA,NA,NA,NA,NA,NA,NA,NA,NA,NA,NA,NA,NA,NA,NA,NA,NA,1.95,NA,2.71,NA,NA,NA,NA,NA,NA,NA,NA,NA,NA,NA,NA,FALSE,FALSE,NA,NA,NA,NA,NA,NA,FALSE,FALSE,NA,NA,NA,NA,NA,NA,NA,NA,NA,NA,NA,NA,NA,NA,NA,NA,NA,NA,NA,NA,NA,NA,NA,NA,FALSE,NA,FALSE,NA,NA
685,NA,NA,NA,NA,NA,NA,NA,NA,NA,NA,2.55,2.57,NA,NA,NA,NA,NA,NA,3.06,3.03,NA,NA,NA,NA,NA,NA,NA,NA,NA,NA,NA,NA,NA,NA,NA,NA,NA,NA,NA,NA,NA,NA,NA,NA,2.79,NA,1.9,NA,NA,NA,NA,NA,NA,NA,NA,NA,NA,NA,NA,FALSE,FALSE,NA,NA,NA,NA,NA,NA,FALSE,FALSE,NA,NA,NA,NA,NA,NA,NA,NA,NA,NA,NA,NA,NA,NA,NA,NA,NA,NA,NA,NA,NA,NA,NA,NA,FALSE,NA,FALSE,NA,NA
686,NA,NA,NA,NA,NA,NA,NA,NA,NA,NA,2.44,2.34,NA,NA,NA,NA,NA,NA,2.89,2.87,NA,NA,NA,NA,NA,NA,NA,NA,NA,NA,NA,NA,NA,NA,NA,NA,NA,NA,NA,NA,NA,NA,NA,NA,3.5,NA,1.59,NA,NA,NA,NA,NA,NA,NA,NA,NA,NA,NA,NA,FALSE,FALSE,NA,NA,NA,NA,NA,NA,FALSE,FALSE,NA,NA,NA,NA,NA,NA,NA,NA,NA,NA,NA,NA,NA,NA,NA,NA,NA,NA,NA,NA,NA,NA,NA,NA,FALSE,NA,FALSE,NA,NA
687,NA,NA,NA,NA,NA,NA,NA,NA,NA,NA,2.02,1.96,NA,NA,NA,NA,NA,NA,1.12,1.11,NA,NA,NA,NA,NA,NA,NA,NA,NA,NA,NA,NA,NA,NA,NA,NA,NA,NA,NA,NA,NA,NA,NA,NA,3.49,NA,3.63,NA,NA,NA,NA,NA,NA,NA,NA,NA,NA,NA,NA,FALSE,FALSE,NA,NA,NA,NA,NA,NA,FALSE,FALSE,NA,NA,NA,NA,NA,NA,NA,NA,NA,NA,NA,NA,NA,NA,NA,NA,NA,NA,NA,NA,NA,NA,NA,NA,FALSE,NA,FALSE,NA,NA
688,NA,NA,NA,NA,NA,NA,NA,NA,NA,NA,2.16,2.16,NA,NA,NA,NA,NA,NA,2.37,2.39,NA,NA,NA,NA,NA,NA,NA,NA,NA,NA,NA,NA,NA,NA,NA,NA,NA,NA,NA,NA,NA,NA,NA,NA,4.26,NA,4.19,NA,NA,NA,NA,NA,NA,NA,NA,NA,NA,NA,NA,FALSE,FALSE,NA,NA,NA,NA,NA,NA,FALSE,FALSE,NA,NA,NA,NA,NA,NA,NA,NA,NA,NA,NA,NA,NA,NA,NA,NA,NA,NA,NA,NA,NA,NA,NA,NA,FALSE,NA,FALSE,NA,NA
689,NA,NA,NA,NA,NA,NA,NA,NA,NA,NA,1.86,1.95,NA,NA,NA,NA,NA,NA,0.76,0.73,NA,NA,NA,NA,NA,NA,NA,NA,NA,NA,NA,NA,NA,NA,NA,NA,NA,NA,NA,NA,NA,1.25,1.23,1.27,3.22,2.99,3.33,NA,NA,NA,NA,NA,NA,NA,NA,NA,NA,NA,NA,FALSE,FALSE,NA,NA,NA,NA,NA,NA,FALSE,FALSE,NA,NA,NA,NA,NA,NA,NA,NA,NA,NA,NA,NA,NA,NA,NA,NA,NA,NA,NA,NA,NA,FALSE,FALSE,FALSE,FALSE,FALSE,FALSE,NA,NA
690,NA,NA,NA,NA,NA,NA,NA,NA,NA,NA,1.74,1.71,NA,NA,NA,NA,NA,NA,1.12,1.13,NA,NA,NA,NA,NA,NA,NA,NA,NA,NA,NA,NA,NA,NA,NA,NA,NA,NA,NA,NA,NA,1.06,1.2,1.1,2.34,2.23,2.33,NA,NA,NA,NA,NA,NA,NA,NA,NA,NA,NA,NA,FALSE,FALSE,NA,NA,NA,NA,NA,NA,FALSE,FALSE,NA,NA,NA,NA,NA,NA,NA,NA,NA,NA,NA,NA,NA,NA,NA,NA,NA,NA,NA,NA,NA,FALSE,FALSE,FALSE,FALSE,FALSE,FALSE,NA,NA
691,NA,NA,NA,NA,NA,NA,NA,NA,NA,NA,1.39,1.43,NA,NA,NA,NA,NA,NA,0.96,1.01,NA,NA,NA,NA,NA,NA,NA,NA,NA,NA,NA,NA,NA,NA,NA,NA,NA,NA,NA,NA,NA,1.65,1.54,1.63,3.55,3.45,3.5,5.16,5.31,NA,NA,NA,NA,NA,NA,NA,NA,NA,NA,FALSE,FALSE,NA,NA,NA,NA,NA,NA,FALSE,FALSE,NA,NA,NA,NA,NA,NA,NA,NA,NA,NA,NA,NA,NA,NA,NA,NA,NA,NA,NA,NA,NA,FALSE,FALSE,FALSE,FALSE,FALSE,FALSE,TRUE,TRUE
692,NA,NA,NA,NA,NA,NA,NA,NA,NA,NA,1.18,1.14,NA,NA,NA,NA,NA,NA,1.09,1.06,NA,NA,NA,NA,NA,NA,NA,NA,NA,NA,NA,NA,NA,NA,NA,NA,NA,NA,NA,NA,NA,2.17,1.97,1.9,1.9,1.94,1.99,4.36,4.49,NA,NA,NA,NA,NA,NA,NA,NA,NA,NA,FALSE,FALSE,NA,NA,NA,NA,NA,NA,FALSE,FALSE,NA,NA,NA,NA,NA,NA,NA,NA,NA,NA,NA,NA,NA,NA,NA,NA,NA,NA,NA,NA,NA,FALSE,FALSE,FALSE,FALSE,FALSE,FALSE,TRUE,TRUE
693,NA,NA,NA,NA,NA,NA,NA,NA,NA,NA,1.15,1.18,NA,NA,NA,NA,NA,NA,1.03,1.03,NA,NA,NA,NA,NA,NA,NA,NA,NA,NA,NA,NA,NA,NA,NA,NA,NA,NA,NA,NA,NA,1.98,2.07,1.56,3.33,3.44,3.25,5.18,4.93,NA,NA,NA,NA,NA,NA,NA,NA,NA,NA,FALSE,FALSE,NA,NA,NA,NA,NA,NA,FALSE,FALSE,NA,NA,NA,NA,NA,NA,NA,NA,NA,NA,NA,NA,NA,NA,NA,NA,NA,NA,NA,NA,NA,FALSE,FALSE,FALSE,FALSE,FALSE,FALSE,TRUE,TRUE
694,NA,NA,NA,NA,NA,NA,NA,NA,NA,NA,1.36,1.33,NA,NA,NA,NA,NA,NA,1.4,1.36,NA,NA,NA,NA,NA,NA,NA,NA,NA,NA,NA,NA,NA,NA,NA,NA,NA,NA,NA,NA,NA,2.04,2.21,1.98,3.11,2.82,3.12,3.74,3.95,NA,NA,NA,NA,NA,NA,NA,NA,NA,NA,FALSE,FALSE,NA,NA,NA,NA,NA,NA,FALSE,FALSE,NA,NA,NA,NA,NA,NA,NA,NA,NA,NA,NA,NA,NA,NA,NA,NA,NA,NA,NA,NA,NA,FALSE,FALSE,FALSE,FALSE,FALSE,FALSE,FALSE,FALSE
695,NA,NA,NA,NA,NA,NA,NA,NA,NA,NA,1.55,1.5,NA,NA,NA,NA,NA,NA,1.44,1.42,NA,NA,NA,NA,NA,NA,NA,NA,NA,NA,NA,NA,NA,NA,NA,NA,NA,NA,NA,NA,NA,2.33,2.24,2.34,4.3,4.39,4.13,4.58,4.53,NA,NA,NA,NA,NA,NA,NA,NA,NA,NA,FALSE,FALSE,NA,NA,NA,NA,NA,NA,FALSE,FALSE,NA,NA,NA,NA,NA,NA,NA,NA,NA,NA,NA,NA,NA,NA,NA,NA,NA,NA,NA,NA,NA,FALSE,FALSE,FALSE,FALSE,FALSE,FALSE,TRUE,TRUE
696,NA,NA,NA,NA,NA,NA,NA,NA,NA,NA,2.16,2.1,NA,NA,NA,NA,NA,NA,1.67,1.67,NA,NA,NA,NA,NA,NA,NA,NA,NA,NA,NA,NA,NA,NA,NA,NA,NA,NA,NA,NA,NA,2.21,2.17,2.35,3.12,3.17,3.14,3.99,4.13,NA,NA,NA,NA,NA,NA,NA,NA,NA,NA,FALSE,FALSE,NA,NA,NA,NA,NA,NA,FALSE,FALSE,NA,NA,NA,NA,NA,NA,NA,NA,NA,NA,NA,NA,NA,NA,NA,NA,NA,NA,NA,NA,NA,FALSE,FALSE,FALSE,FALSE,FALSE,FALSE,FALSE,TRUE
697,NA,NA,NA,NA,NA,NA,NA,NA,NA,NA,1.91,1.82,NA,NA,NA,NA,NA,NA,1.23,1.23,NA,NA,NA,NA,NA,NA,NA,NA,NA,NA,NA,NA,NA,NA,NA,NA,NA,NA,NA,NA,NA,2.47,2.38,2.34,3.67,3.66,3.65,3.76,3.6,NA,NA,NA,NA,NA,NA,NA,NA,NA,NA,FALSE,FALSE,NA,NA,NA,NA,NA,NA,FALSE,FALSE,NA,NA,NA,NA,NA,NA,NA,NA,NA,NA,NA,NA,NA,NA,NA,NA,NA,NA,NA,NA,NA,FALSE,FALSE,FALSE,FALSE,FALSE,FALSE,FALSE,FALSE
698,NA,NA,NA,NA,NA,NA,NA,NA,NA,NA,1.62,1.65,NA,NA,NA,NA,NA,NA,1,0.98,NA,NA,NA,NA,NA,NA,NA,NA,NA,NA,NA,NA,NA,NA,NA,NA,NA,NA,NA,NA,NA,2.39,2.46,2.07,2.7,2.71,2.71,3.59,3.53,NA,NA,NA,NA,NA,NA,NA,NA,NA,NA,FALSE,FALSE,NA,NA,NA,NA,NA,NA,FALSE,FALSE,NA,NA,NA,NA,NA,NA,NA,NA,NA,NA,NA,NA,NA,NA,NA,NA,NA,NA,NA,NA,NA,FALSE,FALSE,FALSE,FALSE,FALSE,FALSE,FALSE,FALSE
699,NA,NA,NA,NA,NA,NA,NA,NA,NA,NA,1.94,1.94,NA,NA,NA,NA,NA,NA,0.91,0.95,NA,NA,NA,NA,NA,NA,NA,NA,NA,NA,NA,NA,NA,NA,NA,NA,NA,NA,NA,NA,NA,2.74,2.52,2.5,3.54,3.36,3.53,4.05,3.93,NA,NA,NA,NA,NA,NA,NA,NA,NA,NA,FALSE,FALSE,NA,NA,NA,NA,NA,NA,FALSE,FALSE,NA,NA,NA,NA,NA,NA,NA,NA,NA,NA,NA,NA,NA,NA,NA,NA,NA,NA,NA,NA,NA,FALSE,FALSE,FALSE,FALSE,FALSE,FALSE,FALSE,FALSE
700,NA,NA,NA,NA,NA,NA,NA,NA,NA,NA,1.98,1.97,NA,NA,NA,NA,NA,NA,1.43,1.4,NA,NA,NA,NA,NA,NA,NA,NA,NA,NA,NA,NA,NA,NA,NA,NA,NA,NA,NA,NA,NA,2.59,2.6,2.45,2.87,2.73,3.03,4.23,4.28,NA,NA,NA,NA,NA,NA,NA,NA,NA,NA,FALSE,FALSE,NA,NA,NA,NA,NA,NA,FALSE,FALSE,NA,NA,NA,NA,NA,NA,NA,NA,NA,NA,NA,NA,NA,NA,NA,NA,NA,NA,NA,NA,NA,FALSE,FALSE,FALSE,FALSE,FALSE,FALSE,TRUE,TRUE
701,NA,NA,NA,NA,NA,NA,NA,NA,NA,NA,1.57,1.54,NA,NA,NA,NA,NA,NA,1.04,1.02,NA,NA,NA,NA,NA,NA,NA,NA,NA,NA,NA,NA,NA,NA,NA,NA,NA,NA,NA,NA,NA,1.93,2.05,2.17,2.09,2.15,2.13,3.65,3.61,NA,NA,NA,NA,NA,NA,NA,NA,NA,NA,FALSE,FALSE,NA,NA,NA,NA,NA,NA,FALSE,FALSE,NA,NA,NA,NA,NA,NA,NA,NA,NA,NA,NA,NA,NA,NA,NA,NA,NA,NA,NA,NA,NA,FALSE,FALSE,FALSE,FALSE,FALSE,FALSE,FALSE,FALSE
702,NA,NA,NA,NA,NA,NA,NA,NA,NA,NA,2.3,2.31,NA,NA,NA,NA,NA,NA,1.66,1.64,NA,NA,NA,NA,NA,NA,NA,NA,NA,NA,NA,NA,NA,NA,NA,NA,NA,NA,NA,NA,NA,2.1,2.27,2.2,3.45,3.5,3.33,3.62,3.65,NA,NA,NA,NA,NA,NA,NA,NA,NA,NA,FALSE,FALSE,NA,NA,NA,NA,NA,NA,FALSE,FALSE,NA,NA,NA,NA,NA,NA,NA,NA,NA,NA,NA,NA,NA,NA,NA,NA,NA,NA,NA,NA,NA,FALSE,FALSE,FALSE,FALSE,FALSE,FALSE,FALSE,FALSE
703,NA,NA,NA,NA,NA,NA,NA,NA,NA,NA,2.23,2.23,NA,NA,NA,NA,NA,NA,1.77,1.72,NA,NA,NA,NA,NA,NA,NA,NA,NA,NA,NA,NA,NA,NA,NA,NA,NA,NA,NA,NA,NA,2.82,2.58,2.53,3.97,3.67,4.02,3.8,3.78,NA,NA,NA,NA,NA,NA,NA,NA,NA,NA,FALSE,FALSE,NA,NA,NA,NA,NA,NA,FALSE,FALSE,NA,NA,NA,NA,NA,NA,NA,NA,NA,NA,NA,NA,NA,NA,NA,NA,NA,NA,NA,NA,NA,FALSE,FALSE,FALSE,FALSE,FALSE,FALSE,FALSE,FALSE
704,NA,NA,NA,NA,NA,NA,NA,NA,NA,NA,2.13,2.08,NA,NA,NA,NA,NA,NA,2.31,2.31,NA,NA,NA,NA,NA,NA,NA,NA,NA,NA,NA,NA,NA,NA,NA,NA,NA,NA,NA,NA,NA,2.23,2.44,2.2,3.56,3.56,3.38,3.24,3.21,NA,NA,NA,NA,NA,NA,NA,NA,NA,NA,FALSE,FALSE,NA,NA,NA,NA,NA,NA,FALSE,FALSE,NA,NA,NA,NA,NA,NA,NA,NA,NA,NA,NA,NA,NA,NA,NA,NA,NA,NA,NA,NA,NA,FALSE,FALSE,FALSE,FALSE,FALSE,FALSE,FALSE,FALSE
705,NA,NA,NA,NA,NA,NA,NA,NA,NA,NA,2.09,2.08,NA,NA,NA,NA,NA,2.19,1.85,1.83,NA,NA,NA,NA,NA,NA,NA,NA,NA,NA,NA,NA,NA,NA,NA,NA,NA,NA,NA,NA,NA,2.63,2.68,2.57,2.47,2.35,2.48,3.16,3.12,NA,NA,NA,NA,NA,NA,NA,NA,NA,NA,FALSE,FALSE,NA,NA,NA,NA,NA,TRUE,FALSE,FALSE,NA,NA,NA,NA,NA,NA,NA,NA,NA,NA,NA,NA,NA,NA,NA,NA,NA,NA,NA,NA,NA,FALSE,FALSE,FALSE,FALSE,FALSE,FALSE,FALSE,FALSE
706,NA,NA,NA,NA,NA,NA,NA,NA,NA,NA,2.04,2.03,NA,NA,NA,NA,NA,2.45,2.29,2.25,NA,NA,NA,NA,NA,NA,NA,NA,NA,NA,NA,NA,NA,NA,NA,NA,NA,NA,NA,NA,NA,1.73,1.94,1.74,2.21,1.95,2.09,3.02,3.01,NA,NA,NA,NA,NA,NA,NA,NA,NA,NA,FALSE,FALSE,NA,NA,NA,NA,NA,TRUE,FALSE,FALSE,NA,NA,NA,NA,NA,NA,NA,NA,NA,NA,NA,NA,NA,NA,NA,NA,NA,NA,NA,NA,NA,FALSE,FALSE,FALSE,FALSE,FALSE,FALSE,FALSE,FALSE
707,NA,NA,NA,NA,NA,NA,NA,NA,NA,NA,2.02,2.02,NA,NA,NA,NA,NA,2.6,2.26,2.22,NA,NA,NA,NA,NA,NA,NA,NA,NA,NA,NA,NA,NA,NA,NA,NA,NA,NA,NA,NA,NA,1.28,1.31,1.38,3.08,3,3.21,2.37,2.37,NA,NA,NA,NA,NA,NA,NA,NA,NA,NA,FALSE,FALSE,NA,NA,NA,NA,NA,TRUE,FALSE,FALSE,NA,NA,NA,NA,NA,NA,NA,NA,NA,NA,NA,NA,NA,NA,NA,NA,NA,NA,NA,NA,NA,FALSE,FALSE,FALSE,FALSE,FALSE,FALSE,FALSE,FALSE
708,NA,NA,NA,NA,NA,NA,NA,NA,NA,NA,1.67,1.67,NA,NA,NA,NA,NA,2.02,2.03,2.01,NA,NA,NA,NA,NA,NA,NA,NA,NA,NA,NA,NA,NA,NA,NA,NA,NA,NA,NA,NA,NA,1.42,1.6,1.74,2.08,2.17,2.19,2.47,2.47,NA,NA,NA,NA,NA,NA,NA,NA,NA,NA,FALSE,FALSE,NA,NA,NA,NA,NA,FALSE,FALSE,FALSE,NA,NA,NA,NA,NA,NA,NA,NA,NA,NA,NA,NA,NA,NA,NA,NA,NA,NA,NA,NA,NA,FALSE,FALSE,FALSE,FALSE,FALSE,FALSE,FALSE,FALSE
709,NA,NA,NA,NA,NA,NA,NA,NA,NA,NA,1.52,1.53,NA,NA,NA,NA,NA,2.01,2.27,2.23,NA,NA,NA,NA,NA,NA,NA,NA,NA,NA,NA,NA,NA,NA,NA,NA,NA,NA,NA,NA,NA,1.4,1.58,1.45,1.87,2.03,1.93,2.78,2.78,NA,NA,NA,NA,NA,NA,NA,NA,NA,NA,FALSE,FALSE,NA,NA,NA,NA,NA,FALSE,FALSE,FALSE,NA,NA,NA,NA,NA,NA,NA,NA,NA,NA,NA,NA,NA,NA,NA,NA,NA,NA,NA,NA,NA,FALSE,FALSE,FALSE,FALSE,FALSE,FALSE,FALSE,FALSE
710,NA,NA,NA,NA,NA,NA,NA,NA,NA,NA,1.74,1.73,NA,NA,NA,NA,NA,1.82,1.74,1.71,NA,NA,NA,NA,NA,NA,NA,NA,NA,NA,NA,NA,NA,NA,NA,NA,NA,NA,NA,NA,NA,1.68,1.63,1.67,1.82,2.03,1.8,2.7,2.71,NA,NA,NA,NA,NA,NA,NA,NA,NA,NA,FALSE,FALSE,NA,NA,NA,NA,NA,FALSE,FALSE,FALSE,NA,NA,NA,NA,NA,NA,NA,NA,NA,NA,NA,NA,NA,NA,NA,NA,NA,NA,NA,NA,NA,FALSE,FALSE,FALSE,FALSE,FALSE,FALSE,FALSE,FALSE
711,NA,NA,NA,NA,NA,NA,NA,NA,NA,NA,1.53,1.57,NA,NA,NA,NA,NA,1.9,1.93,1.9,NA,NA,NA,NA,NA,NA,NA,NA,NA,NA,NA,NA,NA,NA,NA,NA,NA,NA,NA,NA,NA,1.63,1.71,1.56,2.31,2.62,2.14,2.87,2.86,NA,NA,NA,NA,NA,NA,NA,NA,NA,NA,FALSE,FALSE,NA,NA,NA,NA,NA,FALSE,FALSE,FALSE,NA,NA,NA,NA,NA,NA,NA,NA,NA,NA,NA,NA,NA,NA,NA,NA,NA,NA,NA,NA,NA,FALSE,FALSE,FALSE,FALSE,FALSE,FALSE,FALSE,FALSE
712,NA,NA,NA,NA,NA,NA,NA,NA,NA,NA,1.57,1.67,NA,NA,NA,NA,NA,1.7,1.77,1.75,NA,NA,NA,NA,NA,NA,NA,NA,NA,NA,NA,NA,NA,NA,NA,NA,NA,NA,NA,NA,NA,1.74,1.58,1.63,2.88,3.27,2.7,2.87,2.86,NA,NA,NA,NA,NA,NA,NA,NA,NA,NA,FALSE,FALSE,NA,NA,NA,NA,NA,FALSE,FALSE,FALSE,NA,NA,NA,NA,NA,NA,NA,NA,NA,NA,NA,NA,NA,NA,NA,NA,NA,NA,NA,NA,NA,FALSE,FALSE,FALSE,FALSE,FALSE,FALSE,FALSE,FALSE
713,NA,NA,NA,NA,NA,NA,NA,NA,NA,NA,1.73,1.79,NA,NA,NA,NA,NA,1.2,1.26,1.24,NA,NA,NA,NA,NA,NA,NA,NA,NA,NA,NA,NA,NA,NA,NA,NA,NA,NA,NA,NA,NA,1.72,0.96,1.19,1.46,1.62,1.55,1.2,1.19,NA,NA,NA,NA,NA,NA,NA,NA,NA,NA,FALSE,FALSE,NA,NA,NA,NA,NA,FALSE,FALSE,FALSE,NA,NA,NA,NA,NA,NA,NA,NA,NA,NA,NA,NA,NA,NA,NA,NA,NA,NA,NA,NA,NA,FALSE,FALSE,FALSE,FALSE,FALSE,FALSE,FALSE,FALSE
714,NA,NA,NA,NA,NA,NA,NA,NA,NA,NA,1.76,1.77,NA,NA,NA,NA,NA,1.37,1.54,1.5,NA,NA,NA,NA,NA,NA,NA,NA,NA,NA,NA,NA,NA,NA,NA,NA,NA,NA,NA,NA,NA,3.27,1.73,2.62,3.05,3.56,2.92,0.84,0.83,NA,NA,NA,NA,NA,NA,NA,NA,NA,NA,FALSE,FALSE,NA,NA,NA,NA,NA,FALSE,FALSE,FALSE,NA,NA,NA,NA,NA,NA,NA,NA,NA,NA,NA,NA,NA,NA,NA,NA,NA,NA,NA,NA,NA,FALSE,FALSE,FALSE,FALSE,FALSE,FALSE,FALSE,FALSE
715,NA,NA,NA,NA,NA,NA,NA,NA,NA,NA,1.4,1.41,NA,NA,NA,NA,NA,0.95,1.09,1.08,NA,NA,NA,NA,NA,NA,NA,NA,NA,NA,NA,NA,NA,NA,NA,NA,NA,NA,NA,NA,NA,2.15,2.02,2.28,3.56,3.58,3.39,0.84,0.81,NA,NA,NA,NA,NA,NA,NA,NA,NA,NA,FALSE,FALSE,NA,NA,NA,NA,NA,FALSE,FALSE,FALSE,NA,NA,NA,NA,NA,NA,NA,NA,NA,NA,NA,NA,NA,NA,NA,NA,NA,NA,NA,NA,NA,FALSE,FALSE,FALSE,FALSE,FALSE,FALSE,FALSE,FALSE
716,NA,NA,NA,NA,NA,NA,NA,NA,NA,NA,1.76,1.75,NA,NA,NA,NA,NA,1.36,1.75,1.72,NA,NA,NA,NA,NA,NA,NA,NA,NA,NA,NA,NA,NA,NA,NA,NA,NA,NA,NA,NA,NA,2.59,2.45,2.77,4.05,4.56,4.16,1.33,1.33,NA,NA,NA,NA,NA,NA,NA,NA,NA,NA,FALSE,FALSE,NA,NA,NA,NA,NA,FALSE,FALSE,FALSE,NA,NA,NA,NA,NA,NA,NA,NA,NA,NA,NA,NA,NA,NA,NA,NA,NA,NA,NA,NA,NA,FALSE,FALSE,FALSE,FALSE,FALSE,FALSE,FALSE,FALSE
717,NA,NA,NA,NA,NA,NA,NA,NA,NA,NA,1.75,1.76,NA,NA,NA,NA,NA,1.41,1.61,1.59,NA,NA,NA,NA,NA,NA,NA,NA,NA,NA,0.63,NA,NA,NA,NA,NA,NA,NA,NA,NA,NA,3.34,3.67,3.23,3.91,3.74,3.49,1.37,1.41,NA,NA,NA,NA,NA,NA,NA,NA,NA,NA,FALSE,FALSE,NA,NA,NA,NA,NA,FALSE,FALSE,FALSE,NA,NA,NA,NA,NA,NA,NA,NA,NA,NA,FALSE,NA,NA,NA,NA,NA,NA,NA,NA,NA,NA,FALSE,FALSE,FALSE,FALSE,FALSE,FALSE,FALSE,FALSE
718,NA,NA,NA,NA,NA,NA,NA,NA,NA,NA,1.31,1.32,NA,NA,NA,NA,NA,0.79,0.74,0.73,NA,NA,NA,NA,NA,NA,NA,NA,NA,NA,0.81,0.94,0.79,NA,NA,NA,NA,NA,NA,NA,NA,3.46,3.93,3.24,4.02,4.62,4.05,1.57,1.56,NA,NA,NA,NA,NA,NA,NA,NA,NA,NA,FALSE,FALSE,NA,NA,NA,NA,NA,FALSE,FALSE,FALSE,NA,NA,NA,NA,NA,NA,NA,NA,NA,NA,FALSE,FALSE,FALSE,NA,NA,NA,NA,NA,NA,NA,NA,FALSE,FALSE,FALSE,FALSE,FALSE,FALSE,FALSE,FALSE
719,NA,NA,NA,NA,NA,NA,NA,NA,NA,NA,1.68,1.66,NA,NA,NA,NA,NA,1.88,1.59,1.57,NA,NA,NA,NA,NA,NA,NA,NA,NA,NA,0.74,0.83,0.74,NA,NA,NA,NA,NA,NA,NA,NA,3.33,3.24,3.11,3.75,4.6,3.91,1.53,1.52,NA,NA,NA,NA,NA,NA,NA,NA,NA,NA,FALSE,FALSE,NA,NA,NA,NA,NA,FALSE,FALSE,FALSE,NA,NA,NA,NA,NA,NA,NA,NA,NA,NA,FALSE,FALSE,FALSE,NA,NA,NA,NA,NA,NA,NA,NA,FALSE,FALSE,FALSE,FALSE,FALSE,FALSE,FALSE,FALSE
720,NA,NA,NA,NA,NA,NA,NA,NA,NA,NA,1.66,1.67,NA,NA,NA,NA,NA,1.21,0.96,0.95,NA,NA,NA,NA,NA,NA,NA,NA,NA,NA,1.62,1.89,1.63,NA,NA,NA,NA,NA,NA,NA,NA,3.03,3.04,3.05,3.71,4.46,3.9,1.53,1.52,NA,NA,NA,NA,NA,NA,NA,NA,NA,NA,FALSE,FALSE,NA,NA,NA,NA,NA,FALSE,FALSE,FALSE,NA,NA,NA,NA,NA,NA,NA,NA,NA,NA,FALSE,FALSE,FALSE,NA,NA,NA,NA,NA,NA,NA,NA,FALSE,FALSE,FALSE,FALSE,FALSE,FALSE,FALSE,FALSE
721,NA,NA,NA,NA,NA,NA,NA,NA,NA,NA,1.99,2.06,NA,NA,NA,NA,NA,1.45,1.07,1.07,NA,NA,NA,NA,NA,NA,NA,NA,NA,NA,1.75,2.09,1.74,NA,NA,NA,NA,NA,NA,NA,NA,2.46,2.62,2.34,3.62,4.35,4.28,1.69,1.69,NA,NA,NA,NA,NA,NA,NA,NA,NA,NA,FALSE,FALSE,NA,NA,NA,NA,NA,FALSE,FALSE,FALSE,NA,NA,NA,NA,NA,NA,NA,NA,NA,NA,FALSE,FALSE,FALSE,NA,NA,NA,NA,NA,NA,NA,NA,FALSE,FALSE,FALSE,FALSE,FALSE,FALSE,FALSE,FALSE
722,NA,NA,NA,NA,NA,NA,NA,NA,NA,NA,2.15,2.12,NA,NA,NA,NA,NA,1.24,0.91,0.9,NA,NA,NA,NA,NA,NA,NA,NA,NA,NA,1.55,1.74,1.56,NA,NA,NA,NA,NA,NA,NA,NA,1.97,2.05,1.92,3.32,3.89,3.93,1.79,1.8,NA,NA,NA,NA,NA,NA,NA,NA,NA,NA,FALSE,FALSE,NA,NA,NA,NA,NA,FALSE,FALSE,FALSE,NA,NA,NA,NA,NA,NA,NA,NA,NA,NA,FALSE,FALSE,FALSE,NA,NA,NA,NA,NA,NA,NA,NA,FALSE,FALSE,FALSE,FALSE,FALSE,FALSE,FALSE,FALSE
723,NA,NA,NA,NA,NA,NA,NA,NA,NA,NA,2.17,2.18,NA,NA,NA,NA,4.09,1.22,0.95,0.93,NA,NA,NA,NA,NA,NA,NA,NA,NA,NA,1.39,1.64,1.39,NA,NA,NA,NA,NA,NA,NA,NA,2.09,2.08,1.83,4.58,4.77,4.77,1.5,1.51,NA,NA,NA,NA,NA,NA,NA,NA,NA,NA,FALSE,FALSE,NA,NA,NA,NA,TRUE,FALSE,FALSE,FALSE,NA,NA,NA,NA,NA,NA,NA,NA,NA,NA,FALSE,FALSE,FALSE,NA,NA,NA,NA,NA,NA,NA,NA,FALSE,FALSE,FALSE,FALSE,FALSE,FALSE,FALSE,FALSE
724,NA,NA,NA,NA,NA,NA,NA,NA,NA,NA,1.5,1.52,NA,NA,NA,NA,3.49,0.86,0.72,0.71,NA,NA,NA,NA,NA,NA,NA,NA,NA,NA,0.97,1.02,0.98,NA,NA,NA,NA,NA,NA,NA,NA,1.49,1.36,1.33,3.92,3.83,3.87,1.14,1.13,NA,NA,NA,NA,NA,NA,NA,NA,NA,NA,FALSE,FALSE,NA,NA,NA,NA,FALSE,FALSE,FALSE,FALSE,NA,NA,NA,NA,NA,NA,NA,NA,NA,NA,FALSE,FALSE,FALSE,NA,NA,NA,NA,NA,NA,NA,NA,FALSE,FALSE,FALSE,FALSE,FALSE,FALSE,FALSE,FALSE
725,NA,NA,NA,NA,NA,NA,NA,NA,NA,NA,1.75,1.77,NA,NA,NA,3.32,3.29,1.03,0.8,0.79,NA,NA,NA,NA,NA,NA,NA,NA,NA,NA,1.07,1.16,1.07,NA,NA,NA,NA,NA,NA,NA,NA,2.01,1.79,2.17,3.98,3.8,3.78,1.47,1.46,NA,NA,NA,NA,NA,NA,NA,NA,NA,NA,FALSE,FALSE,NA,NA,NA,FALSE,FALSE,FALSE,FALSE,FALSE,NA,NA,NA,NA,NA,NA,NA,NA,NA,NA,FALSE,FALSE,FALSE,NA,NA,NA,NA,NA,NA,NA,NA,FALSE,FALSE,FALSE,FALSE,FALSE,FALSE,FALSE,FALSE
726,NA,NA,NA,NA,NA,NA,NA,NA,NA,NA,1.38,1.36,NA,NA,NA,3.2,3.19,0.84,0.69,0.68,NA,NA,NA,NA,NA,NA,NA,NA,NA,NA,1.12,1.32,1.12,NA,NA,NA,NA,NA,NA,NA,NA,2.37,2.15,2.49,3.52,3.18,3.17,0.92,0.92,NA,NA,NA,NA,NA,NA,NA,NA,NA,NA,FALSE,FALSE,NA,NA,NA,FALSE,FALSE,FALSE,FALSE,FALSE,NA,NA,NA,NA,NA,NA,NA,NA,NA,NA,FALSE,FALSE,FALSE,NA,NA,NA,NA,NA,NA,NA,NA,FALSE,FALSE,FALSE,FALSE,FALSE,FALSE,FALSE,FALSE
727,NA,NA,NA,NA,NA,NA,NA,NA,NA,NA,1.63,1.61,NA,NA,NA,2.89,2.88,1.32,1.21,1.2,NA,NA,NA,NA,NA,NA,NA,NA,NA,NA,1.07,1.41,1.07,NA,NA,NA,NA,NA,NA,NA,NA,3.04,3.1,3.13,5.09,5.24,5.2,1.06,1.06,NA,NA,NA,NA,NA,NA,NA,NA,NA,NA,FALSE,FALSE,NA,NA,NA,FALSE,FALSE,FALSE,FALSE,FALSE,NA,NA,NA,NA,NA,NA,NA,NA,NA,NA,FALSE,FALSE,FALSE,NA,NA,NA,NA,NA,NA,NA,NA,FALSE,FALSE,FALSE,FALSE,FALSE,FALSE,FALSE,FALSE
728,NA,NA,NA,NA,NA,NA,NA,NA,NA,NA,1.1,1.12,NA,NA,NA,2.67,2.61,0.82,0.71,0.69,NA,NA,NA,NA,NA,NA,NA,NA,NA,NA,0.81,0.87,0.81,NA,NA,NA,NA,NA,NA,NA,NA,1.52,1.32,1.55,2.46,2.44,2.45,0.83,0.82,NA,NA,NA,NA,NA,NA,NA,NA,NA,NA,FALSE,FALSE,NA,NA,NA,FALSE,FALSE,FALSE,FALSE,FALSE,NA,NA,NA,NA,NA,NA,NA,NA,NA,NA,FALSE,FALSE,FALSE,NA,NA,NA,NA,NA,NA,NA,NA,FALSE,FALSE,FALSE,FALSE,FALSE,FALSE,FALSE,FALSE
729,NA,NA,NA,NA,NA,NA,NA,NA,NA,NA,1.31,1.3,NA,NA,NA,2.85,2.85,0.83,0.78,0.78,NA,NA,NA,NA,NA,NA,NA,NA,NA,NA,0.8,0.85,0.81,NA,NA,NA,NA,NA,NA,NA,NA,1.93,1.99,1.73,3.69,3.61,3.65,0.86,0.87,NA,NA,NA,NA,NA,NA,NA,NA,NA,NA,FALSE,FALSE,NA,NA,NA,FALSE,FALSE,FALSE,FALSE,FALSE,NA,NA,NA,NA,NA,NA,NA,NA,NA,NA,FALSE,FALSE,FALSE,NA,NA,NA,NA,NA,NA,NA,NA,FALSE,FALSE,FALSE,FALSE,FALSE,FALSE,FALSE,FALSE
730,NA,NA,NA,NA,NA,NA,NA,NA,NA,NA,1.56,1.56,NA,NA,NA,2.95,2.95,0.79,0.8,0.79,NA,NA,NA,NA,NA,NA,NA,NA,NA,NA,1.03,1.07,1.03,NA,NA,NA,NA,NA,NA,NA,NA,2.01,2.01,2.07,4.41,5.12,5.16,0.93,0.91,NA,NA,NA,NA,NA,NA,NA,NA,NA,NA,FALSE,FALSE,NA,NA,NA,FALSE,FALSE,FALSE,FALSE,FALSE,NA,NA,NA,NA,NA,NA,NA,NA,NA,NA,FALSE,FALSE,FALSE,NA,NA,NA,NA,NA,NA,NA,NA,FALSE,FALSE,FALSE,FALSE,FALSE,FALSE,FALSE,FALSE
731,NA,NA,NA,NA,NA,NA,NA,NA,NA,NA,1.36,1.35,NA,NA,NA,2.68,2.64,0.52,0.57,0.59,NA,NA,NA,NA,NA,NA,NA,NA,NA,NA,1,0.97,1.04,NA,NA,NA,NA,NA,NA,NA,NA,2.25,2.3,2.27,5.59,5.58,5.62,1.21,1.22,NA,NA,NA,NA,NA,NA,NA,NA,NA,NA,FALSE,FALSE,NA,NA,NA,FALSE,FALSE,FALSE,FALSE,FALSE,NA,NA,NA,NA,NA,NA,NA,NA,NA,NA,FALSE,FALSE,FALSE,NA,NA,NA,NA,NA,NA,NA,NA,FALSE,FALSE,FALSE,FALSE,FALSE,FALSE,FALSE,FALSE
732,NA,NA,NA,NA,NA,NA,NA,1.68,NA,NA,1.2,1.18,NA,NA,NA,2.99,3,0.71,0.78,0.75,NA,NA,NA,NA,NA,NA,NA,NA,NA,NA,0.96,0.9,0.95,NA,NA,NA,NA,NA,NA,NA,NA,1.51,1.58,1.48,5.52,5.74,5.71,1.48,1.49,NA,NA,NA,NA,NA,NA,NA,FALSE,NA,NA,FALSE,FALSE,NA,NA,NA,FALSE,FALSE,FALSE,FALSE,FALSE,NA,NA,NA,NA,NA,NA,NA,NA,NA,NA,FALSE,FALSE,FALSE,NA,NA,NA,NA,NA,NA,NA,NA,FALSE,FALSE,FALSE,FALSE,FALSE,FALSE,FALSE,FALSE
733,NA,NA,NA,NA,NA,NA,NA,2.13,2.12,2.02,0.85,0.85,NA,NA,NA,2.64,2.62,0.67,0.62,0.62,NA,NA,NA,NA,NA,NA,NA,NA,NA,NA,0.84,0.83,0.86,NA,NA,NA,NA,NA,NA,NA,NA,1.25,1.32,1.2,4.37,4.51,4.52,1.73,1.71,NA,NA,NA,NA,NA,NA,NA,FALSE,FALSE,FALSE,FALSE,FALSE,NA,NA,NA,FALSE,FALSE,FALSE,FALSE,FALSE,NA,NA,NA,NA,NA,NA,NA,NA,NA,NA,FALSE,FALSE,FALSE,NA,NA,NA,NA,NA,NA,NA,NA,FALSE,FALSE,FALSE,FALSE,FALSE,FALSE,FALSE,FALSE
734,NA,NA,NA,NA,NA,NA,NA,1.73,1.7,1.75,1.02,1.15,NA,NA,NA,1.63,1.62,0.94,0.72,0.71,1.79,NA,NA,NA,NA,NA,NA,NA,NA,NA,0.7,0.76,0.69,NA,NA,NA,NA,NA,NA,NA,NA,1.23,1.12,1.32,5.31,5.16,5.12,1.24,1.51,NA,NA,NA,NA,NA,NA,NA,FALSE,FALSE,FALSE,FALSE,FALSE,NA,NA,NA,FALSE,FALSE,FALSE,FALSE,FALSE,FALSE,NA,NA,NA,NA,NA,NA,NA,NA,NA,FALSE,FALSE,FALSE,NA,NA,NA,NA,NA,NA,NA,NA,FALSE,FALSE,FALSE,FALSE,FALSE,FALSE,FALSE,FALSE
735,NA,NA,NA,NA,NA,NA,NA,1.77,1.94,1.8,1.41,1.33,NA,NA,NA,1.43,1.44,0.93,0.79,0.78,2.3,2.23,NA,NA,NA,NA,NA,NA,NA,NA,0.73,0.82,0.72,NA,NA,NA,NA,NA,NA,NA,NA,1.28,1.18,1.49,5.77,5.72,5.65,1.51,1.57,NA,NA,NA,NA,NA,NA,NA,FALSE,FALSE,FALSE,FALSE,FALSE,NA,NA,NA,FALSE,FALSE,FALSE,FALSE,FALSE,FALSE,FALSE,NA,NA,NA,NA,NA,NA,NA,NA,FALSE,FALSE,FALSE,NA,NA,NA,NA,NA,NA,NA,NA,FALSE,FALSE,FALSE,FALSE,FALSE,FALSE,FALSE,FALSE
736,NA,NA,NA,NA,NA,NA,NA,1.61,1.68,1.57,1.28,1.25,NA,NA,NA,1.5,1.48,0.97,0.85,0.84,2.01,1.92,NA,NA,NA,NA,NA,NA,NA,NA,0.72,0.89,0.74,NA,NA,NA,NA,NA,NA,NA,NA,1.66,1.64,1.84,4.71,4.77,4.8,1.33,1.33,NA,NA,NA,NA,NA,NA,NA,FALSE,FALSE,FALSE,FALSE,FALSE,NA,NA,NA,FALSE,FALSE,FALSE,FALSE,FALSE,FALSE,FALSE,NA,NA,NA,NA,NA,NA,NA,NA,FALSE,FALSE,FALSE,NA,NA,NA,NA,NA,NA,NA,NA,FALSE,FALSE,FALSE,FALSE,FALSE,FALSE,FALSE,FALSE
737,NA,NA,NA,NA,NA,NA,NA,2.02,1.98,1.86,1.11,1.09,NA,NA,NA,2.22,2.28,1.16,1.07,1.05,2.52,2.52,NA,NA,NA,NA,NA,NA,NA,NA,0.77,0.89,0.78,NA,NA,NA,NA,NA,NA,NA,NA,1.85,1.85,1.9,4.07,4.03,4.08,0.98,0.96,NA,NA,NA,NA,NA,NA,NA,FALSE,FALSE,FALSE,FALSE,FALSE,NA,NA,NA,FALSE,FALSE,FALSE,FALSE,FALSE,TRUE,FALSE,NA,NA,NA,NA,NA,NA,NA,NA,FALSE,FALSE,FALSE,NA,NA,NA,NA,NA,NA,NA,NA,FALSE,FALSE,FALSE,FALSE,FALSE,FALSE,FALSE,FALSE
738,NA,NA,NA,NA,NA,NA,NA,2.2,1.97,1.93,1.24,1.15,NA,NA,NA,2.04,2.08,1.45,1.32,1.3,2.62,2.52,NA,NA,NA,NA,NA,NA,NA,NA,0.83,0.95,0.84,NA,NA,NA,NA,NA,NA,NA,NA,2.16,2.19,2.21,4.29,3.98,3.95,1.05,1.05,NA,NA,NA,NA,NA,NA,NA,TRUE,FALSE,FALSE,FALSE,FALSE,NA,NA,NA,FALSE,FALSE,FALSE,FALSE,FALSE,TRUE,FALSE,NA,NA,NA,NA,NA,NA,NA,NA,FALSE,FALSE,FALSE,NA,NA,NA,NA,NA,NA,NA,NA,FALSE,FALSE,FALSE,FALSE,FALSE,FALSE,FALSE,FALSE
739,NA,NA,NA,NA,NA,NA,NA,1.79,1.7,1.64,1.39,1.36,NA,NA,NA,2.17,2.11,1.32,1.36,1.33,2.36,2.83,NA,NA,NA,NA,NA,NA,NA,NA,0.82,0.93,0.82,NA,NA,NA,NA,NA,NA,NA,NA,1.64,1.73,1.53,3.27,3.52,3.52,1.15,1.11,NA,NA,NA,NA,NA,NA,NA,FALSE,FALSE,FALSE,FALSE,FALSE,NA,NA,NA,FALSE,FALSE,FALSE,FALSE,FALSE,FALSE,TRUE,NA,NA,NA,NA,NA,NA,NA,NA,FALSE,FALSE,FALSE,NA,NA,NA,NA,NA,NA,NA,NA,FALSE,FALSE,FALSE,FALSE,FALSE,FALSE,FALSE,FALSE
740,NA,NA,NA,NA,NA,NA,NA,1.97,1.87,1.86,0.88,0.87,NA,NA,NA,2.26,2.01,0.73,0.76,0.76,2.27,2.33,NA,NA,NA,NA,NA,NA,NA,NA,0.6,0.65,0.58,NA,NA,NA,NA,NA,NA,NA,NA,1.04,1.04,1.05,2.47,2.36,2.39,1.45,1.46,NA,NA,NA,NA,NA,NA,NA,FALSE,FALSE,FALSE,FALSE,FALSE,NA,NA,NA,FALSE,FALSE,FALSE,FALSE,FALSE,FALSE,FALSE,NA,NA,NA,NA,NA,NA,NA,NA,FALSE,FALSE,FALSE,NA,NA,NA,NA,NA,NA,NA,NA,FALSE,FALSE,FALSE,FALSE,FALSE,FALSE,FALSE,FALSE
741,NA,NA,NA,NA,NA,NA,NA,2.1,1.77,1.88,1.16,1.1,NA,NA,NA,2.27,2.09,1.23,1.41,1.4,2.09,2.18,NA,NA,NA,NA,NA,NA,NA,NA,0.5,0.53,0.52,NA,NA,NA,NA,NA,NA,NA,NA,1.04,1.11,1.03,3.37,3.18,3.16,1.57,1.59,NA,NA,NA,NA,NA,NA,NA,FALSE,FALSE,FALSE,FALSE,FALSE,NA,NA,NA,FALSE,FALSE,FALSE,FALSE,FALSE,FALSE,FALSE,NA,NA,NA,NA,NA,NA,NA,NA,FALSE,FALSE,FALSE,NA,NA,NA,NA,NA,NA,NA,NA,FALSE,FALSE,FALSE,FALSE,FALSE,FALSE,FALSE,FALSE
742,NA,NA,NA,NA,NA,NA,NA,1.7,1.63,1.68,0.77,0.71,NA,NA,NA,2.43,2.51,0.7,0.81,0.8,1.67,1.8,NA,NA,NA,NA,NA,NA,NA,NA,0.42,0.51,0.43,NA,NA,NA,NA,NA,NA,NA,NA,1.3,1.45,1.26,2.6,2.65,2.61,1.53,1.51,NA,NA,NA,NA,NA,NA,NA,FALSE,FALSE,FALSE,FALSE,FALSE,NA,NA,NA,FALSE,FALSE,FALSE,FALSE,FALSE,FALSE,FALSE,NA,NA,NA,NA,NA,NA,NA,NA,FALSE,FALSE,FALSE,NA,NA,NA,NA,NA,NA,NA,NA,FALSE,FALSE,FALSE,FALSE,FALSE,FALSE,FALSE,FALSE
743,NA,NA,NA,NA,NA,NA,NA,1.69,1.64,1.58,0.73,0.7,NA,NA,NA,2.28,2.28,0.8,0.93,0.92,1.55,1.65,NA,NA,NA,NA,NA,NA,NA,NA,0.44,0.57,0.41,NA,NA,NA,NA,NA,NA,NA,NA,1.38,1.45,1.31,3.53,3.6,3.67,1.24,1.2,NA,NA,NA,NA,NA,NA,NA,FALSE,FALSE,FALSE,FALSE,FALSE,NA,NA,NA,FALSE,FALSE,FALSE,FALSE,FALSE,FALSE,FALSE,NA,NA,NA,NA,NA,NA,NA,NA,FALSE,FALSE,FALSE,NA,NA,NA,NA,NA,NA,NA,NA,FALSE,FALSE,FALSE,FALSE,FALSE,FALSE,FALSE,FALSE
744,NA,NA,NA,NA,NA,NA,NA,1.5,1.49,1.41,0.85,0.74,NA,NA,NA,1.98,1.96,0.48,0.49,0.49,1.33,1.37,NA,NA,NA,NA,NA,NA,NA,NA,0.34,0.54,0.35,NA,NA,NA,NA,NA,NA,NA,NA,1.15,1.18,1.08,2.56,2.51,2.48,1.25,1.21,NA,NA,NA,NA,NA,NA,NA,FALSE,FALSE,FALSE,FALSE,FALSE,NA,NA,NA,FALSE,FALSE,FALSE,FALSE,FALSE,FALSE,FALSE,NA,NA,NA,NA,NA,NA,NA,NA,FALSE,FALSE,FALSE,NA,NA,NA,NA,NA,NA,NA,NA,FALSE,FALSE,FALSE,FALSE,FALSE,FALSE,FALSE,FALSE
745,NA,NA,NA,NA,NA,NA,NA,1.51,1.5,1.36,1.07,1.01,NA,NA,NA,1.4,1.46,0.61,0.56,0.55,1.61,1.69,NA,NA,NA,NA,NA,NA,NA,NA,0.43,0.54,0.44,NA,NA,NA,NA,NA,NA,NA,NA,0.94,1.03,0.96,2.6,2.54,2.56,1.59,1.53,NA,NA,NA,NA,NA,NA,NA,FALSE,FALSE,FALSE,FALSE,FALSE,NA,NA,NA,FALSE,FALSE,FALSE,FALSE,FALSE,FALSE,FALSE,NA,NA,NA,NA,NA,NA,NA,NA,FALSE,FALSE,FALSE,NA,NA,NA,NA,NA,NA,NA,NA,FALSE,FALSE,FALSE,FALSE,FALSE,FALSE,FALSE,FALSE
746,NA,NA,NA,NA,NA,NA,NA,1.21,1.08,1.21,0.93,0.92,NA,NA,NA,1.82,1.72,0.69,0.61,0.6,1.51,1.65,NA,NA,NA,NA,NA,NA,NA,NA,0.43,0.58,0.44,NA,NA,NA,NA,NA,NA,NA,NA,0.89,0.94,0.95,2.73,2.8,2.9,1.41,1.43,NA,NA,NA,NA,NA,NA,NA,FALSE,FALSE,FALSE,FALSE,FALSE,NA,NA,NA,FALSE,FALSE,FALSE,FALSE,FALSE,FALSE,FALSE,NA,NA,NA,NA,NA,NA,NA,NA,FALSE,FALSE,FALSE,NA,NA,NA,NA,NA,NA,NA,NA,FALSE,FALSE,FALSE,FALSE,FALSE,FALSE,FALSE,FALSE
747,NA,NA,NA,NA,NA,NA,NA,1.01,1,0.97,1.16,1.12,NA,NA,NA,0.9,0.9,0.92,0.85,0.84,1.58,1.51,NA,NA,NA,NA,NA,NA,NA,NA,0.3,0.38,0.32,NA,NA,NA,NA,NA,NA,NA,NA,0.7,0.64,0.65,3.41,3.47,3.5,1.18,1.22,NA,NA,NA,NA,NA,NA,NA,FALSE,FALSE,FALSE,FALSE,FALSE,NA,NA,NA,FALSE,FALSE,FALSE,FALSE,FALSE,FALSE,FALSE,NA,NA,NA,NA,NA,NA,NA,NA,FALSE,FALSE,FALSE,NA,NA,NA,NA,NA,NA,NA,NA,FALSE,FALSE,FALSE,FALSE,FALSE,FALSE,FALSE,FALSE
748,NA,NA,NA,NA,NA,NA,NA,1.31,1.27,1.3,1.31,1.31,NA,NA,NA,1.25,1.34,0.88,0.87,0.86,2.39,2.09,NA,NA,NA,NA,NA,NA,NA,NA,0.53,0.55,0.54,NA,NA,NA,NA,NA,NA,NA,NA,1.09,0.98,1.01,3.79,3.61,3.74,1.53,1.67,NA,NA,NA,NA,NA,NA,NA,FALSE,FALSE,FALSE,FALSE,FALSE,NA,NA,NA,FALSE,FALSE,FALSE,FALSE,FALSE,FALSE,FALSE,NA,NA,NA,NA,NA,NA,NA,NA,FALSE,FALSE,FALSE,NA,NA,NA,NA,NA,NA,NA,NA,FALSE,FALSE,FALSE,FALSE,FALSE,FALSE,FALSE,FALSE
749,NA,NA,NA,NA,NA,NA,NA,1.06,1.07,1.05,1.39,1.41,NA,NA,NA,1.6,1.72,1.26,1.19,1.17,1.41,1.41,NA,NA,NA,NA,NA,NA,NA,NA,0.59,0.51,0.6,NA,NA,NA,NA,NA,NA,NA,NA,1.04,0.99,1.02,4.13,4.1,4.09,1.71,1.59,NA,NA,NA,NA,NA,NA,NA,FALSE,FALSE,FALSE,FALSE,FALSE,NA,NA,NA,FALSE,FALSE,FALSE,FALSE,FALSE,FALSE,FALSE,NA,NA,NA,NA,NA,NA,NA,NA,FALSE,FALSE,FALSE,NA,NA,NA,NA,NA,NA,NA,NA,FALSE,FALSE,FALSE,FALSE,FALSE,FALSE,FALSE,FALSE
750,NA,NA,NA,NA,NA,NA,NA,1.13,0.91,1,1.27,1.23,NA,NA,NA,1.45,1.5,1.04,1.04,1.04,1.03,1.05,NA,NA,NA,NA,NA,NA,NA,NA,0.6,0.61,0.61,NA,NA,NA,NA,NA,NA,NA,NA,1.36,1.28,1.5,3.59,3.58,3.58,1.34,1.36,NA,NA,NA,NA,NA,NA,NA,FALSE,FALSE,FALSE,FALSE,FALSE,NA,NA,NA,FALSE,FALSE,FALSE,FALSE,FALSE,FALSE,FALSE,NA,NA,NA,NA,NA,NA,NA,NA,FALSE,FALSE,FALSE,NA,NA,NA,NA,NA,NA,NA,NA,FALSE,FALSE,FALSE,FALSE,FALSE,FALSE,FALSE,FALSE
751,NA,NA,NA,NA,NA,NA,NA,1.03,0.69,0.84,1.1,1.08,NA,NA,NA,1.35,1.33,0.9,0.98,1,1.54,1.52,NA,NA,NA,NA,NA,NA,NA,NA,0.54,0.55,0.53,NA,NA,NA,NA,NA,NA,NA,NA,0.96,0.95,0.99,3.04,3.03,3.06,1.58,1.55,NA,NA,NA,NA,NA,NA,NA,FALSE,FALSE,FALSE,FALSE,FALSE,NA,NA,NA,FALSE,FALSE,FALSE,FALSE,FALSE,FALSE,FALSE,NA,NA,NA,NA,NA,NA,NA,NA,FALSE,FALSE,FALSE,NA,NA,NA,NA,NA,NA,NA,NA,FALSE,FALSE,FALSE,FALSE,FALSE,FALSE,FALSE,FALSE
752,NA,NA,NA,NA,NA,NA,NA,0.68,0.66,0.63,1,0.9,NA,NA,NA,1.32,1.33,0.6,0.74,0.74,1.42,1.43,NA,NA,NA,NA,NA,NA,NA,NA,0.36,0.41,0.38,NA,NA,NA,NA,NA,NA,NA,NA,0.75,0.72,0.68,3.04,3.09,2.98,1.29,1.25,NA,NA,NA,NA,NA,NA,NA,FALSE,FALSE,FALSE,FALSE,FALSE,NA,NA,NA,FALSE,FALSE,FALSE,FALSE,FALSE,FALSE,FALSE,NA,NA,NA,NA,NA,NA,NA,NA,FALSE,FALSE,FALSE,NA,NA,NA,NA,NA,NA,NA,NA,FALSE,FALSE,FALSE,FALSE,FALSE,FALSE,FALSE,FALSE
753,NA,NA,NA,NA,NA,NA,NA,0.51,0.59,0.45,0.92,0.87,NA,NA,NA,1.36,1.34,0.77,0.92,0.89,1.18,1.19,NA,NA,NA,NA,NA,NA,NA,NA,0.21,0.23,0.21,NA,NA,NA,NA,NA,NA,NA,NA,0.6,0.5,0.57,1.97,1.99,2,0.92,0.95,NA,NA,NA,NA,NA,NA,NA,FALSE,FALSE,FALSE,FALSE,FALSE,NA,NA,NA,FALSE,FALSE,FALSE,FALSE,FALSE,FALSE,FALSE,NA,NA,NA,NA,NA,NA,NA,NA,FALSE,FALSE,FALSE,NA,NA,NA,NA,NA,NA,NA,NA,FALSE,FALSE,FALSE,FALSE,FALSE,FALSE,FALSE,FALSE
754,NA,NA,NA,NA,NA,NA,NA,0.63,0.74,0.55,1.1,1,NA,NA,NA,1.66,1.71,0.72,0.79,0.78,1.42,1.4,NA,NA,NA,NA,NA,NA,NA,NA,0.25,0.21,0.23,NA,NA,NA,NA,NA,NA,NA,NA,0.73,0.86,0.66,1.8,1.77,1.79,1.31,1.3,NA,NA,NA,NA,NA,NA,NA,FALSE,FALSE,FALSE,FALSE,FALSE,NA,NA,NA,FALSE,FALSE,FALSE,FALSE,FALSE,FALSE,FALSE,NA,NA,NA,NA,NA,NA,NA,NA,FALSE,FALSE,FALSE,NA,NA,NA,NA,NA,NA,NA,NA,FALSE,FALSE,FALSE,FALSE,FALSE,FALSE,FALSE,FALSE
755,NA,NA,NA,NA,NA,NA,NA,0.62,0.6,0.67,0.72,0.69,NA,NA,NA,1.4,1.44,0.31,0.38,0.37,0.83,0.83,NA,NA,NA,NA,NA,NA,NA,NA,0.08,0.12,0.11,NA,NA,NA,NA,NA,NA,NA,NA,2.24,2.34,2.1,2.01,2.14,2.3,1.1,1.1,NA,NA,NA,NA,NA,NA,NA,FALSE,FALSE,FALSE,FALSE,FALSE,NA,NA,NA,FALSE,FALSE,FALSE,FALSE,FALSE,FALSE,FALSE,NA,NA,NA,NA,NA,NA,NA,NA,FALSE,FALSE,FALSE,NA,NA,NA,NA,NA,NA,NA,NA,FALSE,FALSE,FALSE,FALSE,FALSE,FALSE,FALSE,FALSE
756,NA,NA,NA,NA,NA,NA,NA,0.83,0.75,0.87,1.23,1.22,NA,NA,NA,1.4,1.48,0.37,0.41,0.39,1.07,1.07,0.77,0.95,0.93,0.84,NA,NA,NA,NA,0.22,0.25,0.2,NA,NA,NA,NA,NA,NA,NA,NA,2.36,2.32,2.17,3,2.91,2.89,1.13,1.14,NA,NA,NA,NA,NA,NA,NA,FALSE,FALSE,FALSE,FALSE,FALSE,NA,NA,NA,FALSE,FALSE,FALSE,FALSE,FALSE,FALSE,FALSE,FALSE,FALSE,FALSE,FALSE,NA,NA,NA,NA,FALSE,FALSE,FALSE,NA,NA,NA,NA,NA,NA,NA,NA,FALSE,FALSE,FALSE,FALSE,FALSE,FALSE,FALSE,FALSE
757,NA,NA,NA,NA,NA,1.59,NA,0.93,0.85,1,1.22,1.21,NA,NA,NA,1.12,1.11,0.48,0.57,0.56,0.91,0.92,1.25,1.17,1.31,1.33,NA,NA,NA,NA,0.31,0.61,0.32,NA,NA,NA,NA,NA,NA,NA,NA,1.95,1.96,1.88,2.87,2.85,2.85,1.11,1.12,NA,NA,NA,NA,NA,FALSE,NA,FALSE,FALSE,FALSE,FALSE,FALSE,NA,NA,NA,FALSE,FALSE,FALSE,FALSE,FALSE,FALSE,FALSE,FALSE,FALSE,FALSE,FALSE,NA,NA,NA,NA,FALSE,FALSE,FALSE,NA,NA,NA,NA,NA,NA,NA,NA,FALSE,FALSE,FALSE,FALSE,FALSE,FALSE,FALSE,FALSE
758,0.57,0.57,NA,NA,NA,1.25,NA,0.75,0.8,0.9,0.82,0.84,NA,NA,NA,1.21,1.25,0.44,0.53,0.58,0.79,0.8,1.51,1.77,1.76,1.69,NA,NA,NA,NA,0.53,0.7,0.52,NA,NA,NA,NA,NA,NA,NA,NA,2.33,2.37,2.17,1.8,1.8,1.83,1.02,1.02,FALSE,FALSE,NA,NA,NA,FALSE,NA,FALSE,FALSE,FALSE,FALSE,FALSE,NA,NA,NA,FALSE,FALSE,FALSE,FALSE,FALSE,FALSE,FALSE,FALSE,FALSE,FALSE,FALSE,NA,NA,NA,NA,FALSE,FALSE,FALSE,NA,NA,NA,NA,NA,NA,NA,NA,FALSE,FALSE,FALSE,FALSE,FALSE,FALSE,FALSE,FALSE
759,0.99,0.97,NA,NA,NA,1.58,1.62,0.83,0.95,1,1.03,1.02,NA,NA,NA,1.35,1.32,0.67,0.81,0.77,0.96,0.92,2.43,2.45,2.83,2.82,NA,NA,NA,NA,0.59,0.83,0.63,NA,NA,NA,NA,NA,NA,NA,NA,1.87,1.96,1.82,1.5,1.48,1.45,1.69,1.68,FALSE,FALSE,NA,NA,NA,FALSE,FALSE,FALSE,FALSE,FALSE,FALSE,FALSE,NA,NA,NA,FALSE,FALSE,FALSE,FALSE,FALSE,FALSE,FALSE,FALSE,FALSE,FALSE,FALSE,NA,NA,NA,NA,FALSE,FALSE,FALSE,NA,NA,NA,NA,NA,NA,NA,NA,FALSE,FALSE,FALSE,FALSE,FALSE,FALSE,FALSE,FALSE
760,1.24,1.23,NA,NA,NA,1.77,1.74,0.83,1.04,1,1.09,1.08,NA,NA,NA,1.51,1.48,0.89,0.75,0.7,0.81,0.8,3.05,2.99,3.2,3.19,NA,NA,NA,NA,0.55,0.76,0.54,0.57,0.56,NA,NA,NA,NA,NA,NA,1.57,1.57,1.6,1.98,1.97,1.91,1.8,1.8,FALSE,FALSE,NA,NA,NA,FALSE,FALSE,FALSE,FALSE,FALSE,FALSE,FALSE,NA,NA,NA,FALSE,FALSE,FALSE,FALSE,FALSE,FALSE,FALSE,FALSE,FALSE,FALSE,FALSE,NA,NA,NA,NA,FALSE,FALSE,FALSE,FALSE,FALSE,NA,NA,NA,NA,NA,NA,FALSE,FALSE,FALSE,FALSE,FALSE,FALSE,FALSE,FALSE
761,1.36,1.39,NA,NA,NA,1.85,1.77,0.79,0.83,0.91,1.29,1.28,NA,NA,NA,1.59,1.58,0.74,0.87,0.86,0.88,0.8,3.38,3.27,3.35,3.29,NA,NA,NA,NA,0.74,0.98,0.74,0.83,0.79,NA,NA,NA,NA,NA,NA,1.72,1.79,1.74,3.29,3.27,3.3,1.77,1.77,FALSE,FALSE,NA,NA,NA,FALSE,FALSE,FALSE,FALSE,FALSE,FALSE,FALSE,NA,NA,NA,FALSE,FALSE,FALSE,FALSE,FALSE,FALSE,FALSE,FALSE,FALSE,FALSE,FALSE,NA,NA,NA,NA,FALSE,FALSE,FALSE,FALSE,FALSE,NA,NA,NA,NA,NA,NA,FALSE,FALSE,FALSE,FALSE,FALSE,FALSE,FALSE,FALSE
762,1.88,1.87,NA,NA,NA,1.62,1.43,0.93,0.87,0.89,1.12,1.11,NA,NA,NA,1.74,1.71,0.46,0.62,0.58,0.61,0.69,3.05,2.87,3.27,3.23,NA,NA,NA,NA,0.75,0.97,0.75,0.86,0.82,NA,NA,NA,NA,NA,NA,1.36,1.45,1.41,2.92,2.97,3.01,1.52,1.54,FALSE,FALSE,NA,NA,NA,FALSE,FALSE,FALSE,FALSE,FALSE,FALSE,FALSE,NA,NA,NA,FALSE,FALSE,FALSE,FALSE,FALSE,FALSE,FALSE,FALSE,FALSE,FALSE,FALSE,NA,NA,NA,NA,FALSE,FALSE,FALSE,FALSE,FALSE,NA,NA,NA,NA,NA,NA,FALSE,FALSE,FALSE,FALSE,FALSE,FALSE,FALSE,FALSE
763,1.88,1.89,NA,NA,NA,1.57,1.51,0.93,0.8,0.8,1.1,1.09,NA,NA,NA,2.08,2.05,0.76,0.83,0.85,0.7,0.75,3.84,3.81,3.44,3.4,NA,NA,NA,NA,0.97,0.91,0.96,1.03,1.05,NA,NA,NA,NA,NA,NA,1.1,1.44,1.19,2.01,2.02,2.03,1.62,1.6,FALSE,FALSE,NA,NA,NA,FALSE,FALSE,FALSE,FALSE,FALSE,FALSE,FALSE,NA,NA,NA,FALSE,FALSE,FALSE,FALSE,FALSE,FALSE,FALSE,FALSE,FALSE,FALSE,FALSE,NA,NA,NA,NA,FALSE,FALSE,FALSE,FALSE,FALSE,NA,NA,NA,NA,NA,NA,FALSE,FALSE,FALSE,FALSE,FALSE,FALSE,FALSE,FALSE
764,1.68,1.73,NA,NA,NA,1.9,1.89,0.91,0.71,0.74,1.06,1.06,NA,NA,NA,2.39,2.37,0.6,0.59,0.59,0.81,0.77,3.83,3.82,4.97,4.9,NA,3.75,3.97,3.63,0.81,0.8,0.83,1.26,1.29,NA,NA,NA,NA,NA,NA,1.15,1.23,1.14,1.75,1.8,1.78,1.71,1.74,FALSE,FALSE,NA,NA,NA,FALSE,FALSE,FALSE,FALSE,FALSE,FALSE,FALSE,NA,NA,NA,FALSE,FALSE,FALSE,FALSE,FALSE,FALSE,FALSE,FALSE,FALSE,FALSE,FALSE,NA,FALSE,FALSE,FALSE,FALSE,FALSE,FALSE,FALSE,FALSE,NA,NA,NA,NA,NA,NA,FALSE,FALSE,FALSE,FALSE,FALSE,FALSE,FALSE,FALSE
765,2.32,2.18,NA,NA,NA,2.38,2.39,0.8,0.7,0.59,1.28,1.27,NA,NA,NA,2.42,2.41,0.81,0.92,0.92,0.89,0.87,4.96,4.75,4.5,4.48,NA,4.13,3.93,4.26,0.81,0.98,0.81,1.4,1.31,NA,NA,NA,NA,NA,NA,1.58,1.59,1.63,3.46,3.51,3.43,1.85,1.85,FALSE,FALSE,NA,NA,NA,FALSE,FALSE,FALSE,FALSE,FALSE,FALSE,FALSE,NA,NA,NA,FALSE,FALSE,FALSE,FALSE,FALSE,FALSE,FALSE,FALSE,FALSE,FALSE,FALSE,NA,FALSE,FALSE,FALSE,FALSE,FALSE,FALSE,FALSE,FALSE,NA,NA,NA,NA,NA,NA,FALSE,FALSE,FALSE,FALSE,FALSE,FALSE,FALSE,FALSE
766,3.08,2.86,NA,NA,NA,3.04,3.02,0.89,0.84,0.67,1.13,1.15,NA,NA,NA,2.32,2.32,0.82,1.11,1.11,0.95,1.04,6.02,5.7,4.69,4.63,NA,3.96,3.9,3.96,0.97,1.3,0.96,1.59,1.6,NA,NA,NA,NA,NA,NA,2.03,2.06,2.07,2.59,2.5,2.5,2.13,2.13,FALSE,FALSE,NA,NA,NA,FALSE,FALSE,FALSE,FALSE,FALSE,FALSE,FALSE,NA,NA,NA,FALSE,FALSE,FALSE,FALSE,FALSE,FALSE,FALSE,FALSE,FALSE,FALSE,FALSE,NA,FALSE,FALSE,FALSE,FALSE,FALSE,FALSE,FALSE,FALSE,NA,NA,NA,NA,NA,NA,FALSE,FALSE,FALSE,FALSE,FALSE,FALSE,FALSE,FALSE
767,2.37,2.15,NA,NA,NA,2.72,2.71,0.62,0.67,0.47,0.92,0.88,NA,NA,NA,2.16,2.11,1.01,0.99,0.98,0.89,0.93,3.53,3.35,3.17,3.27,NA,2.28,2.36,2.28,0.87,0.97,0.88,1.2,1.23,NA,NA,NA,NA,NA,NA,1.64,1.61,1.57,3.53,3.6,3.56,1.42,1.39,FALSE,FALSE,NA,NA,NA,FALSE,FALSE,FALSE,FALSE,FALSE,FALSE,FALSE,NA,NA,NA,FALSE,FALSE,FALSE,FALSE,FALSE,FALSE,FALSE,FALSE,FALSE,FALSE,FALSE,NA,FALSE,FALSE,FALSE,FALSE,FALSE,FALSE,FALSE,FALSE,NA,NA,NA,NA,NA,NA,FALSE,FALSE,FALSE,FALSE,FALSE,FALSE,FALSE,FALSE
768,2.92,2.75,NA,NA,NA,2.39,2.42,0.65,0.6,0.48,0.9,0.89,NA,NA,NA,1.98,1.98,0.59,0.58,0.6,0.9,0.88,3.97,3.77,4.41,4.29,NA,3.12,3.15,3.07,0.87,0.96,0.89,1.15,1.12,NA,NA,NA,NA,NA,NA,1.69,1.73,1.6,3.49,3.43,3.48,1.08,1.1,FALSE,FALSE,NA,NA,NA,FALSE,FALSE,FALSE,FALSE,FALSE,FALSE,FALSE,NA,NA,NA,FALSE,FALSE,FALSE,FALSE,FALSE,FALSE,FALSE,FALSE,FALSE,FALSE,FALSE,NA,FALSE,FALSE,FALSE,FALSE,FALSE,FALSE,FALSE,FALSE,NA,NA,NA,NA,NA,NA,FALSE,FALSE,FALSE,FALSE,FALSE,FALSE,FALSE,FALSE
769,3.46,3.24,NA,NA,NA,2.75,2.69,0.58,0.58,0.48,1.04,1.04,NA,NA,NA,2.05,2.03,0.84,0.73,0.76,0.83,0.73,4.03,3.75,5.53,5.43,NA,4,4.05,4.29,1.31,1,1.3,1.39,1.44,NA,NA,NA,NA,NA,NA,1.28,1.25,1.31,4.6,4.54,4.53,1.33,1.33,FALSE,FALSE,NA,NA,NA,FALSE,FALSE,FALSE,FALSE,FALSE,FALSE,FALSE,NA,NA,NA,FALSE,FALSE,FALSE,FALSE,FALSE,FALSE,FALSE,FALSE,FALSE,FALSE,FALSE,NA,FALSE,FALSE,FALSE,FALSE,FALSE,FALSE,FALSE,FALSE,NA,NA,NA,NA,NA,NA,FALSE,FALSE,FALSE,FALSE,FALSE,FALSE,FALSE,FALSE
770,3.97,3.93,NA,NA,NA,2.69,2.83,0.48,0.63,0.54,0.76,0.81,NA,NA,NA,2.02,1.99,0.59,0.55,0.57,0.84,0.89,4.99,4.77,5.33,5.15,NA,4.31,4.37,4.29,1.31,1.3,1.3,1.84,1.86,NA,NA,NA,NA,NA,NA,1.74,1.73,1.61,3.24,3.22,3.22,1.33,1.32,FALSE,FALSE,NA,NA,NA,FALSE,FALSE,FALSE,FALSE,FALSE,FALSE,FALSE,NA,NA,NA,FALSE,FALSE,FALSE,FALSE,FALSE,FALSE,FALSE,FALSE,FALSE,FALSE,FALSE,NA,FALSE,FALSE,FALSE,FALSE,FALSE,FALSE,FALSE,FALSE,NA,NA,NA,NA,NA,NA,FALSE,FALSE,FALSE,FALSE,FALSE,FALSE,FALSE,FALSE
771,4.11,3.85,NA,NA,NA,2.96,2.91,0.46,0.72,0.54,2.03,2.06,NA,NA,NA,1.2,1.16,0.7,0.83,0.78,0.87,0.87,4.22,3.9,4.4,4.54,NA,4.45,4.52,4.41,1.1,0.94,1.08,1.75,1.71,NA,NA,NA,NA,NA,NA,1.2,1.16,1.22,2.08,2.14,2.35,1.61,1.58,FALSE,FALSE,NA,NA,NA,FALSE,FALSE,FALSE,FALSE,FALSE,FALSE,FALSE,NA,NA,NA,FALSE,FALSE,FALSE,FALSE,FALSE,FALSE,FALSE,FALSE,FALSE,FALSE,FALSE,NA,FALSE,FALSE,FALSE,FALSE,FALSE,FALSE,FALSE,FALSE,NA,NA,NA,NA,NA,NA,FALSE,FALSE,FALSE,FALSE,FALSE,FALSE,FALSE,FALSE
772,4.63,4.56,NA,NA,NA,3.24,3.24,0.63,0.83,0.61,1.53,1.52,NA,NA,NA,1.38,1.4,0.74,0.76,0.75,0.98,1.06,4.14,4.01,3.98,3.84,NA,5.3,5.18,5.17,1.2,1.07,1.22,1.84,1.81,NA,NA,NA,NA,NA,NA,1,1.01,1,2.85,2.87,2.63,1.62,1.61,FALSE,FALSE,NA,NA,NA,FALSE,FALSE,FALSE,FALSE,FALSE,FALSE,FALSE,NA,NA,NA,FALSE,FALSE,FALSE,FALSE,FALSE,FALSE,FALSE,FALSE,FALSE,FALSE,FALSE,NA,FALSE,FALSE,FALSE,FALSE,FALSE,FALSE,FALSE,FALSE,NA,NA,NA,NA,NA,NA,FALSE,FALSE,FALSE,FALSE,FALSE,FALSE,FALSE,FALSE
773,4.87,4.94,NA,NA,NA,2.58,2.65,0.56,0.57,0.5,0.9,0.89,NA,NA,NA,1.37,1.29,0.51,0.53,0.51,0.84,0.87,4.35,4.22,3.97,3.95,NA,5.16,5.3,5.28,1.2,1.15,1.18,0.96,1.04,NA,NA,NA,NA,NA,NA,1.1,1.12,1.05,1.66,1.69,1.65,1.23,1.23,FALSE,FALSE,NA,NA,NA,FALSE,FALSE,FALSE,FALSE,FALSE,FALSE,FALSE,NA,NA,NA,FALSE,FALSE,FALSE,FALSE,FALSE,FALSE,FALSE,FALSE,FALSE,FALSE,FALSE,NA,FALSE,FALSE,FALSE,FALSE,FALSE,FALSE,FALSE,FALSE,NA,NA,NA,NA,NA,NA,FALSE,FALSE,FALSE,FALSE,FALSE,FALSE,FALSE,FALSE
774,4.83,5.02,NA,NA,NA,3.79,3.5,0.58,0.54,0.51,1.49,1.45,NA,0.74,NA,1.89,1.79,0.93,1.1,1.08,0.99,0.99,4.12,3.96,4.15,4.29,NA,5.57,5.73,5.55,1.85,1.47,1.87,1.33,1.3,NA,NA,NA,NA,NA,NA,1.18,1.13,1.17,1.83,1.81,1.82,1.67,1.66,FALSE,FALSE,NA,NA,NA,FALSE,FALSE,FALSE,FALSE,FALSE,FALSE,FALSE,NA,FALSE,NA,FALSE,FALSE,FALSE,FALSE,FALSE,FALSE,FALSE,FALSE,FALSE,FALSE,FALSE,NA,FALSE,FALSE,FALSE,FALSE,FALSE,FALSE,FALSE,FALSE,NA,NA,NA,NA,NA,NA,FALSE,FALSE,FALSE,FALSE,FALSE,FALSE,FALSE,FALSE
775,4.99,5.04,NA,NA,NA,4.69,4.76,0.43,0.56,0.43,1.01,0.99,NA,1.04,NA,2.22,2.16,0.96,1.03,1.02,1.09,1.11,2.98,2.85,3.68,3.89,NA,5.65,5.44,5.56,1.28,1.21,1.3,1.28,1.28,NA,NA,NA,NA,NA,NA,1.18,1.19,1.24,2.55,2.57,2.54,2.06,2.09,FALSE,FALSE,NA,NA,NA,TRUE,TRUE,FALSE,FALSE,FALSE,FALSE,FALSE,NA,FALSE,NA,FALSE,FALSE,FALSE,FALSE,FALSE,FALSE,FALSE,FALSE,FALSE,FALSE,FALSE,NA,FALSE,FALSE,FALSE,FALSE,FALSE,FALSE,FALSE,FALSE,NA,NA,NA,NA,NA,NA,FALSE,FALSE,FALSE,FALSE,FALSE,FALSE,FALSE,FALSE
776,5.08,5.05,NA,NA,NA,4.06,4.08,0.44,0.58,0.5,0.84,0.81,NA,1.09,NA,2.17,2.13,0.78,1.03,1.02,1.12,1.09,3.19,3.11,4.17,4.18,NA,5.47,6.04,5.67,1.05,1.3,1.04,1.43,1.44,NA,NA,NA,NA,NA,NA,1.88,1.89,1.91,3.61,3.64,3.6,1.96,1.97,FALSE,FALSE,NA,NA,NA,FALSE,FALSE,FALSE,FALSE,FALSE,FALSE,FALSE,NA,FALSE,NA,FALSE,FALSE,FALSE,FALSE,FALSE,FALSE,FALSE,FALSE,FALSE,FALSE,FALSE,NA,FALSE,FALSE,FALSE,FALSE,FALSE,FALSE,FALSE,FALSE,NA,NA,NA,NA,NA,NA,FALSE,FALSE,FALSE,FALSE,FALSE,FALSE,FALSE,FALSE
777,4.54,4.47,NA,NA,NA,3.45,3.43,0.46,0.58,0.48,0.71,0.74,NA,1.36,NA,1.73,1.8,0.9,0.93,0.86,0.92,0.9,4.21,4.85,4.05,4,NA,5.67,5.29,5.42,1.14,1.14,1.13,1.57,1.67,NA,NA,NA,NA,NA,NA,1.6,1.61,1.57,3.73,3.67,3.73,1.81,1.81,FALSE,FALSE,NA,NA,NA,FALSE,FALSE,FALSE,FALSE,FALSE,FALSE,FALSE,NA,FALSE,NA,FALSE,FALSE,FALSE,FALSE,FALSE,FALSE,FALSE,FALSE,FALSE,FALSE,FALSE,NA,FALSE,FALSE,FALSE,FALSE,FALSE,FALSE,FALSE,FALSE,NA,NA,NA,NA,NA,NA,FALSE,FALSE,FALSE,FALSE,FALSE,FALSE,FALSE,FALSE
778,6.12,6.07,NA,NA,NA,3.69,3.89,0.97,0.81,1.02,0.52,0.48,NA,1.39,NA,1.8,1.76,0.78,0.76,0.72,1.11,1.1,4.07,4.19,5.78,5.72,NA,6.68,6.51,6.58,1.37,1.55,1.4,2.12,2.09,NA,NA,NA,NA,NA,NA,3.49,3.5,3.23,4.66,4.63,4.66,1.99,2,FALSE,FALSE,NA,NA,NA,FALSE,FALSE,FALSE,FALSE,FALSE,FALSE,FALSE,NA,FALSE,NA,FALSE,FALSE,FALSE,FALSE,FALSE,FALSE,FALSE,FALSE,FALSE,FALSE,FALSE,NA,FALSE,FALSE,FALSE,FALSE,FALSE,FALSE,FALSE,FALSE,NA,NA,NA,NA,NA,NA,FALSE,FALSE,FALSE,FALSE,FALSE,FALSE,FALSE,FALSE
779,4.46,4.54,NA,NA,NA,3.91,3.9,0.96,0.73,1.05,0.34,0.39,NA,0.79,NA,1.29,1.27,1.2,1.21,1.15,0.76,0.82,3.06,2.75,5.2,5.2,NA,4.87,4.71,4.9,1.05,1.1,1.01,1.56,1.62,NA,NA,NA,NA,NA,NA,2.93,2.96,2.73,3.26,3.23,3.26,1.48,1.5,FALSE,FALSE,NA,NA,NA,FALSE,FALSE,FALSE,FALSE,FALSE,FALSE,FALSE,NA,FALSE,NA,FALSE,FALSE,FALSE,FALSE,FALSE,FALSE,FALSE,FALSE,FALSE,FALSE,FALSE,NA,FALSE,FALSE,FALSE,FALSE,FALSE,FALSE,FALSE,FALSE,NA,NA,NA,NA,NA,NA,FALSE,FALSE,FALSE,FALSE,FALSE,FALSE,FALSE,FALSE
780,4.42,4.49,NA,NA,NA,2.96,2.94,0.53,0.55,0.57,0.4,0.39,NA,1,NA,1.39,1.38,0.48,0.4,0.39,0.75,0.68,2.3,2.22,4.66,4.7,NA,4.72,4.91,4.77,1.52,1.37,1.5,1.69,1.72,NA,NA,NA,NA,NA,NA,1.26,1.32,1.23,2.12,2.12,2.12,1.25,1.25,FALSE,FALSE,NA,NA,NA,FALSE,FALSE,FALSE,FALSE,FALSE,FALSE,FALSE,NA,FALSE,NA,FALSE,FALSE,FALSE,FALSE,FALSE,FALSE,FALSE,FALSE,FALSE,FALSE,FALSE,NA,FALSE,FALSE,FALSE,FALSE,FALSE,FALSE,FALSE,FALSE,NA,NA,NA,NA,NA,NA,FALSE,FALSE,FALSE,FALSE,FALSE,FALSE,FALSE,FALSE
781,3.63,3.63,NA,NA,NA,2.69,2.69,0.81,0.43,0.36,0.56,0.55,NA,0.95,NA,1.38,1.34,0.55,0.44,0.46,0.64,0.69,2.2,2.14,4,4.08,NA,4.72,4.57,4.65,1.38,1.14,1.38,1.48,1.45,NA,NA,NA,NA,NA,NA,0.9,0.88,0.88,1.61,1.59,1.61,1.45,1.3,FALSE,FALSE,NA,NA,NA,FALSE,FALSE,FALSE,FALSE,FALSE,FALSE,FALSE,NA,FALSE,NA,FALSE,FALSE,FALSE,FALSE,FALSE,FALSE,FALSE,FALSE,FALSE,FALSE,FALSE,NA,FALSE,FALSE,FALSE,FALSE,FALSE,FALSE,FALSE,FALSE,NA,NA,NA,NA,NA,NA,FALSE,FALSE,FALSE,FALSE,FALSE,FALSE,FALSE,FALSE
782,4.16,3.92,NA,NA,NA,3.68,3.61,0.59,0.45,0.5,0.83,0.78,NA,0.99,NA,1.44,1.41,0.68,0.51,0.5,0.8,0.8,2.4,2.33,4.72,4.85,NA,4.69,5.01,4.65,1.24,1.13,1.22,1.53,1.56,NA,NA,NA,NA,NA,NA,0.75,0.73,0.66,2.41,2.47,2.45,1.41,1.34,FALSE,FALSE,NA,NA,NA,FALSE,FALSE,FALSE,FALSE,FALSE,FALSE,FALSE,NA,FALSE,NA,FALSE,FALSE,FALSE,FALSE,FALSE,FALSE,FALSE,FALSE,FALSE,FALSE,FALSE,NA,FALSE,FALSE,FALSE,FALSE,FALSE,FALSE,FALSE,FALSE,NA,NA,NA,NA,NA,NA,FALSE,FALSE,FALSE,FALSE,FALSE,FALSE,FALSE,FALSE
783,4.49,4.37,NA,NA,NA,4.22,4.19,0.64,0.68,0.54,0.69,0.64,NA,1.17,NA,1.88,1.87,0.57,0.41,0.36,0.74,0.76,2.89,2.85,5.12,5.17,NA,4.74,4.75,4.77,1.41,1.36,1.43,1.92,1.88,NA,NA,NA,NA,NA,NA,0.75,0.78,0.67,2.08,2.08,2.08,1.42,1.42,FALSE,FALSE,NA,NA,NA,FALSE,FALSE,FALSE,FALSE,FALSE,FALSE,FALSE,NA,FALSE,NA,FALSE,FALSE,FALSE,FALSE,FALSE,FALSE,FALSE,FALSE,FALSE,FALSE,FALSE,NA,FALSE,FALSE,FALSE,FALSE,FALSE,FALSE,FALSE,FALSE,NA,NA,NA,NA,NA,NA,FALSE,FALSE,FALSE,FALSE,FALSE,FALSE,FALSE,FALSE
784,3.56,3.41,NA,NA,NA,3.76,3.77,0.77,0.59,0.47,0.96,0.89,NA,0.97,NA,1.72,1.69,0.57,0.47,0.41,0.65,0.67,3.03,3.11,4.64,4.65,NA,4.53,4.39,4.52,1.6,1.5,1.61,1.72,1.79,NA,NA,NA,NA,NA,NA,0.5,0.54,0.53,1.27,1.26,1.27,1.18,1.15,FALSE,FALSE,NA,NA,NA,FALSE,FALSE,FALSE,FALSE,FALSE,FALSE,FALSE,NA,FALSE,NA,FALSE,FALSE,FALSE,FALSE,FALSE,FALSE,FALSE,FALSE,FALSE,FALSE,FALSE,NA,FALSE,FALSE,FALSE,FALSE,FALSE,FALSE,FALSE,FALSE,NA,NA,NA,NA,NA,NA,FALSE,FALSE,FALSE,FALSE,FALSE,FALSE,FALSE,FALSE
785,3.71,3.56,NA,NA,NA,3.28,3.24,0.71,0.58,0.58,0.94,0.86,NA,1.1,NA,1.96,1.9,0.51,0.51,0.5,0.93,0.89,4.81,4.8,6.31,6.1,NA,5.33,5.34,5.42,1.98,1.53,1.99,1.88,1.85,NA,NA,NA,NA,NA,NA,0.97,1.01,0.99,1.74,1.75,1.78,1.48,1.44,FALSE,FALSE,NA,NA,NA,FALSE,FALSE,FALSE,FALSE,FALSE,FALSE,FALSE,NA,FALSE,NA,FALSE,FALSE,FALSE,FALSE,FALSE,FALSE,FALSE,FALSE,FALSE,FALSE,FALSE,NA,FALSE,FALSE,FALSE,FALSE,FALSE,FALSE,FALSE,FALSE,NA,NA,NA,NA,NA,NA,FALSE,FALSE,FALSE,FALSE,FALSE,FALSE,FALSE,FALSE
786,3.85,3.89,NA,NA,NA,3.22,3.1,0.96,0.69,0.76,0.76,0.7,NA,1.64,1.8,2.49,2.44,0.65,0.69,0.71,0.93,0.92,5.24,5.28,8.1,8.17,NA,5.41,5.58,5.55,2.96,2.34,2.95,2.09,2.06,NA,NA,NA,NA,NA,NA,1.9,1.96,1.84,1.78,1.74,1.74,2.04,1.83,FALSE,FALSE,NA,NA,NA,FALSE,FALSE,FALSE,FALSE,FALSE,FALSE,FALSE,NA,FALSE,FALSE,FALSE,FALSE,FALSE,FALSE,FALSE,FALSE,FALSE,FALSE,FALSE,FALSE,FALSE,NA,FALSE,FALSE,FALSE,FALSE,FALSE,FALSE,FALSE,FALSE,NA,NA,NA,NA,NA,NA,FALSE,FALSE,FALSE,FALSE,FALSE,FALSE,FALSE,FALSE
787,4.13,4.44,NA,NA,NA,3.04,3,1.28,0.85,1.07,0.99,0.86,NA,2,1.86,2.25,2.06,0.76,1.03,1.06,0.8,0.78,5.2,5.16,8.74,8.71,NA,5.41,5.35,5.28,1.94,2.01,1.95,1.74,1.76,NA,NA,NA,NA,NA,NA,2.35,2.36,2.35,2.46,2.49,2.46,1.43,1.73,FALSE,FALSE,NA,NA,NA,FALSE,FALSE,FALSE,FALSE,FALSE,FALSE,FALSE,NA,FALSE,FALSE,FALSE,FALSE,FALSE,FALSE,FALSE,FALSE,FALSE,FALSE,FALSE,FALSE,FALSE,NA,FALSE,FALSE,FALSE,FALSE,FALSE,FALSE,FALSE,FALSE,NA,NA,NA,NA,NA,NA,FALSE,FALSE,FALSE,FALSE,FALSE,FALSE,FALSE,FALSE
788,4.71,4.94,NA,NA,NA,2.81,2.79,1.25,0.89,1.13,0.81,0.66,NA,2.15,2.05,2.37,2.27,0.6,0.66,0.69,0.79,0.83,4.96,4.54,8.65,8.63,NA,5.23,5.19,5.42,2.01,2.17,1.97,1.66,1.57,NA,NA,NA,NA,NA,NA,1.85,2,1.74,3.47,3.53,3.47,1.8,1.87,FALSE,FALSE,NA,NA,NA,FALSE,FALSE,FALSE,FALSE,FALSE,FALSE,FALSE,NA,FALSE,FALSE,FALSE,FALSE,FALSE,FALSE,FALSE,FALSE,FALSE,FALSE,FALSE,FALSE,FALSE,NA,FALSE,FALSE,FALSE,FALSE,FALSE,FALSE,FALSE,FALSE,NA,NA,NA,NA,NA,NA,FALSE,FALSE,FALSE,FALSE,FALSE,FALSE,FALSE,FALSE
789,5.51,5.64,NA,NA,NA,2.27,2.29,1.03,0.94,0.85,0.7,0.66,2.04,2.17,2.1,1.86,1.8,0.82,1.04,0.96,1.2,1.19,5.27,5.71,9.82,9.85,NA,5.41,5.54,5.29,1.92,1.83,1.94,1.55,1.5,NA,NA,NA,NA,NA,NA,1.65,1.7,1.66,2.96,3.04,3.01,1.6,1.62,FALSE,FALSE,NA,NA,NA,FALSE,FALSE,FALSE,FALSE,FALSE,FALSE,FALSE,FALSE,FALSE,FALSE,FALSE,FALSE,FALSE,FALSE,FALSE,FALSE,FALSE,FALSE,FALSE,TRUE,TRUE,NA,FALSE,FALSE,FALSE,FALSE,FALSE,FALSE,FALSE,FALSE,NA,NA,NA,NA,NA,NA,FALSE,FALSE,FALSE,FALSE,FALSE,FALSE,FALSE,FALSE
790,4.93,4.87,NA,NA,NA,2.28,2.26,0.92,0.87,0.79,0.83,0.77,1.9,1.8,2.05,1.98,1.91,0.89,0.97,0.94,1.44,1.46,6.18,6.18,8.19,8.23,NA,4.77,4.8,4.92,1.88,1.76,1.89,1.7,1.59,NA,NA,NA,NA,NA,NA,1.88,1.92,1.91,3.26,3.3,3.22,1.29,1.28,FALSE,FALSE,NA,NA,NA,FALSE,FALSE,FALSE,FALSE,FALSE,FALSE,FALSE,FALSE,FALSE,FALSE,FALSE,FALSE,FALSE,FALSE,FALSE,FALSE,FALSE,FALSE,FALSE,FALSE,FALSE,NA,FALSE,FALSE,FALSE,FALSE,FALSE,FALSE,FALSE,FALSE,NA,NA,NA,NA,NA,NA,FALSE,FALSE,FALSE,FALSE,FALSE,FALSE,FALSE,FALSE
791,4.99,5.01,NA,NA,NA,2,1.98,0.77,0.87,0.77,0.43,0.41,1.62,1.62,1.86,1.51,1.41,0.59,0.47,0.57,1.82,1.85,5.84,5.88,6.73,6.73,NA,5.45,5.36,5.32,1.2,1.12,1.21,1.43,1.42,NA,NA,NA,2.36,NA,2.38,1.1,1.1,1.15,1.35,1.38,1.36,1.33,1.36,FALSE,FALSE,NA,NA,NA,FALSE,FALSE,FALSE,FALSE,FALSE,FALSE,FALSE,FALSE,FALSE,FALSE,FALSE,FALSE,FALSE,FALSE,FALSE,FALSE,FALSE,FALSE,FALSE,FALSE,FALSE,NA,FALSE,FALSE,FALSE,FALSE,FALSE,FALSE,FALSE,FALSE,NA,NA,NA,FALSE,NA,FALSE,FALSE,FALSE,FALSE,FALSE,FALSE,FALSE,FALSE,FALSE
792,3.92,3.66,NA,NA,NA,2.33,2.34,0.68,0.98,0.86,0.44,0.42,1.83,1.63,1.63,1.62,1.59,0.73,0.93,0.91,2.48,2.5,8.32,8.4,7.62,7.55,NA,5.63,5.56,5.55,1.1,1.17,1.1,1.13,1.17,NA,NA,NA,2.72,NA,2.68,0.96,0.96,0.99,1.65,1.63,1.61,1.4,1.39,FALSE,FALSE,NA,NA,NA,FALSE,FALSE,FALSE,FALSE,FALSE,FALSE,FALSE,FALSE,FALSE,FALSE,FALSE,FALSE,FALSE,FALSE,FALSE,FALSE,FALSE,TRUE,TRUE,FALSE,FALSE,NA,FALSE,FALSE,FALSE,FALSE,FALSE,FALSE,FALSE,FALSE,NA,NA,NA,FALSE,NA,FALSE,FALSE,FALSE,FALSE,FALSE,FALSE,FALSE,FALSE,FALSE
793,4.27,4.24,NA,NA,NA,2.53,2.54,0.82,0.89,0.94,0.34,0.36,1.93,1.94,1.93,1.93,1.9,0.55,0.59,0.66,2.48,2.67,5.85,5.93,7.37,7.35,NA,5.31,5.28,5.3,1.01,1.17,1,0.8,0.84,NA,NA,NA,2.91,NA,2.77,0.99,1,1.04,1.95,1.97,1.95,1.23,0.89,FALSE,FALSE,NA,NA,NA,FALSE,FALSE,FALSE,FALSE,FALSE,FALSE,FALSE,FALSE,FALSE,FALSE,FALSE,FALSE,FALSE,FALSE,FALSE,FALSE,TRUE,FALSE,FALSE,FALSE,FALSE,NA,FALSE,FALSE,FALSE,FALSE,FALSE,FALSE,FALSE,FALSE,NA,NA,NA,FALSE,NA,FALSE,FALSE,FALSE,FALSE,FALSE,FALSE,FALSE,FALSE,FALSE
794,4.1,4.12,1.44,1.38,NA,3.15,3.17,0.98,0.91,1.03,0.35,0.36,1.86,1.77,1.72,2.49,2.42,0.76,0.75,0.77,1.93,1.88,5.77,5.74,7.43,7.64,6.04,4.94,5.05,5.02,1.2,1.06,1.21,0.72,0.78,NA,NA,NA,4.37,NA,4.39,0.71,0.7,0.82,2.33,2.45,2.34,1.56,1.76,FALSE,FALSE,FALSE,FALSE,NA,FALSE,FALSE,FALSE,FALSE,FALSE,FALSE,FALSE,FALSE,FALSE,FALSE,FALSE,FALSE,FALSE,FALSE,FALSE,FALSE,FALSE,FALSE,FALSE,FALSE,FALSE,FALSE,FALSE,FALSE,FALSE,FALSE,FALSE,FALSE,FALSE,FALSE,NA,NA,NA,FALSE,NA,FALSE,FALSE,FALSE,FALSE,FALSE,FALSE,FALSE,FALSE,FALSE
795,3.5,3.46,2.07,1.85,2.08,3.11,3.07,0.86,0.85,0.79,NA,NA,1.8,1.66,1.56,3.13,2.99,0.71,0.73,0.75,1.77,1.76,4.81,4.37,6.4,6.53,4.63,5.1,5.11,5.1,1.38,1,1.36,0.92,0.93,NA,NA,NA,3.68,NA,3.44,0.91,0.92,0.81,2.63,2.74,2.61,1.64,1.66,FALSE,FALSE,FALSE,FALSE,FALSE,FALSE,FALSE,FALSE,FALSE,FALSE,NA,NA,FALSE,FALSE,FALSE,FALSE,FALSE,FALSE,FALSE,FALSE,FALSE,FALSE,FALSE,FALSE,FALSE,FALSE,FALSE,FALSE,FALSE,FALSE,FALSE,FALSE,FALSE,FALSE,FALSE,NA,NA,NA,FALSE,NA,FALSE,FALSE,FALSE,FALSE,FALSE,FALSE,FALSE,FALSE,FALSE
796,3.36,3.3,1.59,1.46,1.56,2.5,2.47,0.86,0.79,0.7,NA,NA,1.79,1.39,1.31,2.66,2.66,0.66,0.59,0.62,1.33,1.36,6.2,6.57,6.73,6.73,6.19,5.47,5.35,5.38,1.16,0.77,1.19,0.7,0.79,NA,NA,NA,3.88,NA,4.19,0.65,0.68,0.59,2.54,2.51,2.5,1.33,1.33,FALSE,FALSE,FALSE,FALSE,FALSE,FALSE,FALSE,FALSE,FALSE,FALSE,NA,NA,FALSE,FALSE,FALSE,FALSE,FALSE,FALSE,FALSE,FALSE,FALSE,FALSE,FALSE,FALSE,FALSE,FALSE,FALSE,FALSE,FALSE,FALSE,FALSE,FALSE,FALSE,FALSE,FALSE,NA,NA,NA,FALSE,NA,FALSE,FALSE,FALSE,FALSE,FALSE,FALSE,FALSE,FALSE,FALSE
797,3.1,3.06,1.83,1.87,1.81,2.6,2.59,0.75,0.77,0.69,NA,NA,1.47,1.49,1.38,2.62,2.62,0.52,0.49,0.51,1.01,1.02,5.56,5.27,5.36,5.39,5.52,3.68,3.67,3.67,0.91,0.63,0.91,0.48,0.51,NA,NA,NA,1.89,NA,1.73,0.65,0.71,0.64,2.59,2.55,2.59,1.46,1.47,FALSE,FALSE,FALSE,FALSE,FALSE,FALSE,FALSE,FALSE,FALSE,FALSE,NA,NA,FALSE,FALSE,FALSE,FALSE,FALSE,FALSE,FALSE,FALSE,FALSE,FALSE,FALSE,FALSE,FALSE,FALSE,FALSE,FALSE,FALSE,FALSE,FALSE,FALSE,FALSE,FALSE,FALSE,NA,NA,NA,FALSE,NA,FALSE,FALSE,FALSE,FALSE,FALSE,FALSE,FALSE,FALSE,FALSE
798,2.74,2.67,1.24,0.99,1.28,2.42,2.44,0.57,0.65,0.62,NA,NA,1.16,1.13,1.08,2.63,2.62,0.64,0.56,0.53,0.87,0.86,5.66,5.71,4.72,4.68,5.53,5.06,5.07,5.06,0.75,0.52,0.76,0.51,0.49,NA,NA,NA,0.8,NA,0.85,0.81,0.84,0.71,2.59,2.46,2.59,1.4,1.41,FALSE,FALSE,FALSE,FALSE,FALSE,FALSE,FALSE,FALSE,FALSE,FALSE,NA,NA,FALSE,FALSE,FALSE,FALSE,FALSE,FALSE,FALSE,FALSE,FALSE,FALSE,FALSE,FALSE,FALSE,FALSE,FALSE,FALSE,FALSE,FALSE,FALSE,FALSE,FALSE,FALSE,FALSE,NA,NA,NA,FALSE,NA,FALSE,FALSE,FALSE,FALSE,FALSE,FALSE,FALSE,FALSE,FALSE
799,3.69,3.72,2.11,2.24,2.13,2.52,2.5,0.61,0.62,0.68,NA,NA,1.28,1.01,1,2.42,2.54,0.46,0.46,0.42,0.89,0.92,5.18,4.86,5.68,5.81,5.23,6.75,6.75,6.76,0.52,0.55,0.52,0.42,0.42,NA,NA,NA,3.88,NA,3.9,1.23,1.34,0.99,4.11,4.01,4.12,1.71,1.72,FALSE,FALSE,FALSE,FALSE,FALSE,FALSE,FALSE,FALSE,FALSE,FALSE,NA,NA,FALSE,FALSE,FALSE,FALSE,FALSE,FALSE,FALSE,FALSE,FALSE,FALSE,FALSE,FALSE,FALSE,FALSE,FALSE,FALSE,FALSE,FALSE,FALSE,FALSE,FALSE,FALSE,FALSE,NA,NA,NA,FALSE,NA,FALSE,FALSE,FALSE,FALSE,FALSE,FALSE,FALSE,FALSE,FALSE
800,5.17,5.31,2.38,2.73,2.45,2.99,3.05,0.63,0.72,0.54,NA,NA,1.79,1.63,1.77,2.37,2.43,0.91,0.75,0.73,0.82,0.83,8.17,7.69,7.49,7.28,8.21,6.73,6.72,6.68,3.03,2.9,3.05,1.77,1.65,NA,NA,NA,2.94,NA,2.95,1,1.12,0.72,4.96,4.91,4.97,1.38,1.4,FALSE,FALSE,FALSE,FALSE,FALSE,FALSE,FALSE,FALSE,FALSE,FALSE,NA,NA,FALSE,FALSE,FALSE,FALSE,FALSE,FALSE,FALSE,FALSE,FALSE,FALSE,TRUE,TRUE,FALSE,FALSE,TRUE,FALSE,FALSE,FALSE,FALSE,FALSE,FALSE,FALSE,FALSE,NA,NA,NA,FALSE,NA,FALSE,FALSE,FALSE,FALSE,FALSE,FALSE,FALSE,FALSE,FALSE
801,2.47,2.32,1.72,2.27,1.78,2.1,2.19,0.53,0.75,0.4,NA,NA,1.75,1.63,1.75,2.34,2.38,0.38,0.33,0.36,0.95,0.95,3.38,3.18,3.91,4.07,3.35,4.9,4.86,4.65,2.88,2.97,2.7,0.66,0.66,NA,NA,NA,1.93,NA,2.06,0.54,0.56,0.5,1.87,1.83,1.87,1.19,1.19,FALSE,FALSE,FALSE,FALSE,FALSE,FALSE,FALSE,FALSE,FALSE,FALSE,NA,NA,FALSE,FALSE,FALSE,FALSE,FALSE,FALSE,FALSE,FALSE,FALSE,FALSE,FALSE,FALSE,FALSE,FALSE,FALSE,FALSE,FALSE,FALSE,FALSE,FALSE,FALSE,FALSE,FALSE,NA,NA,NA,FALSE,NA,FALSE,FALSE,FALSE,FALSE,FALSE,FALSE,FALSE,FALSE,FALSE
802,3.08,3.09,0.81,1.28,0.76,2.75,2.67,0.64,0.82,0.44,NA,NA,1.71,1.51,1.71,2.38,2.27,0.5,0.48,0.46,1,1.02,4.01,4.13,4.3,4.53,4,4.05,4.19,4.19,2.51,2.58,2.66,0.91,0.89,NA,NA,NA,2.9,NA,2.83,0.33,0.38,0.37,2.92,2.95,2.97,1.41,1.42,FALSE,FALSE,FALSE,FALSE,FALSE,FALSE,FALSE,FALSE,FALSE,FALSE,NA,NA,FALSE,FALSE,FALSE,FALSE,FALSE,FALSE,FALSE,FALSE,FALSE,FALSE,FALSE,FALSE,FALSE,FALSE,FALSE,FALSE,FALSE,FALSE,FALSE,FALSE,FALSE,FALSE,FALSE,NA,NA,NA,FALSE,NA,FALSE,FALSE,FALSE,FALSE,FALSE,FALSE,FALSE,FALSE,FALSE
803,2.42,2.42,0.75,0.85,0.73,2.29,2.27,0.51,0.82,0.43,NA,NA,1.96,1.82,1.95,2.09,2.06,0.35,0.37,0.48,0.98,0.98,2.28,2.25,2.27,2.32,2.41,3.46,3.33,3.31,2.37,2.31,2.31,0.78,0.79,NA,NA,NA,2.13,NA,2.18,0.32,0.31,0.3,1.36,1.45,1.36,1.26,1.27,FALSE,FALSE,FALSE,FALSE,FALSE,FALSE,FALSE,FALSE,FALSE,FALSE,NA,NA,FALSE,FALSE,FALSE,FALSE,FALSE,FALSE,FALSE,FALSE,FALSE,FALSE,FALSE,FALSE,FALSE,FALSE,FALSE,FALSE,FALSE,FALSE,FALSE,FALSE,FALSE,FALSE,FALSE,NA,NA,NA,FALSE,NA,FALSE,FALSE,FALSE,FALSE,FALSE,FALSE,FALSE,FALSE,FALSE
804,3.22,3.22,0.84,1.64,0.77,2.19,2.16,0.55,0.74,0.4,NA,NA,1.93,1.94,2,2.03,2.02,0.3,0.27,0.31,1.25,1.24,3.41,3.42,3.05,3.04,3.58,5.02,4.73,4.72,3.23,2.74,3.25,1.53,1.51,NA,NA,NA,1.83,1.8,1.96,0.4,0.41,0.38,1.78,1.89,1.78,1.24,1.26,FALSE,FALSE,FALSE,FALSE,FALSE,FALSE,FALSE,FALSE,FALSE,FALSE,NA,NA,FALSE,FALSE,FALSE,FALSE,FALSE,FALSE,FALSE,FALSE,FALSE,FALSE,FALSE,FALSE,FALSE,FALSE,FALSE,FALSE,FALSE,FALSE,FALSE,FALSE,FALSE,FALSE,FALSE,NA,NA,NA,FALSE,FALSE,FALSE,FALSE,FALSE,FALSE,FALSE,FALSE,FALSE,FALSE,FALSE
805,3.94,3.95,0.18,0.55,0.19,2.83,2.67,0.44,0.64,0.36,NA,NA,2.34,2.2,2.25,1.69,1.63,0.39,0.46,0.55,1.02,1.02,3.52,3.4,3.86,3.96,3.73,4.18,4.1,4.11,4.02,3.82,3.9,2.26,2.24,NA,NA,NA,1.47,1.42,1.55,0.46,0.43,0.44,2.29,2.28,2.25,1.2,1.2,FALSE,FALSE,FALSE,FALSE,FALSE,FALSE,FALSE,FALSE,FALSE,FALSE,NA,NA,FALSE,FALSE,FALSE,FALSE,FALSE,FALSE,FALSE,FALSE,FALSE,FALSE,FALSE,FALSE,FALSE,FALSE,FALSE,FALSE,FALSE,FALSE,FALSE,FALSE,FALSE,FALSE,FALSE,NA,NA,NA,FALSE,FALSE,FALSE,FALSE,FALSE,FALSE,FALSE,FALSE,FALSE,FALSE,FALSE
806,1.83,1.84,0.4,0.58,0.44,2.18,2.1,0.51,0.73,0.44,NA,NA,2.17,2,2.12,1.95,1.88,0.33,0.34,0.36,1,1,3.34,3.12,4.23,4.31,3.21,2.38,2.53,2.53,3.64,3.77,3.6,2.23,2.22,NA,NA,NA,1.55,1.57,1.58,0.54,0.53,0.41,2.84,3.03,2.84,1.25,1.22,FALSE,FALSE,FALSE,FALSE,FALSE,FALSE,FALSE,FALSE,FALSE,FALSE,NA,NA,FALSE,FALSE,FALSE,FALSE,FALSE,FALSE,FALSE,FALSE,FALSE,FALSE,FALSE,FALSE,FALSE,FALSE,FALSE,FALSE,FALSE,FALSE,FALSE,FALSE,FALSE,FALSE,FALSE,NA,NA,NA,FALSE,FALSE,FALSE,FALSE,FALSE,FALSE,FALSE,FALSE,FALSE,FALSE,FALSE
807,3.17,3.25,0.89,0.68,0.86,2.38,2.59,0.64,0.79,0.53,NA,NA,1.83,1.66,1.76,2.44,2.42,0.5,0.45,0.55,0.89,0.91,4.04,4.26,5.75,5.62,4.25,3.72,4.01,4.02,3.37,3.16,3.46,2.54,2.58,NA,NA,NA,2.18,2.1,2.24,0.49,0.49,0.47,3.26,3.47,3.31,1.39,1.4,FALSE,FALSE,FALSE,FALSE,FALSE,FALSE,FALSE,FALSE,FALSE,FALSE,NA,NA,FALSE,FALSE,FALSE,FALSE,FALSE,FALSE,FALSE,FALSE,FALSE,FALSE,FALSE,FALSE,FALSE,FALSE,FALSE,FALSE,FALSE,FALSE,FALSE,FALSE,FALSE,FALSE,FALSE,NA,NA,NA,FALSE,FALSE,FALSE,FALSE,FALSE,FALSE,FALSE,FALSE,FALSE,FALSE,FALSE
808,3.22,3.06,1,0.53,1.07,1.86,1.78,0.52,0.96,0.56,NA,NA,2.87,2.45,3,2.47,2.29,0.36,0.28,0.3,0.91,0.94,3.19,3.16,3.8,3.7,3.26,2.86,2.93,2.78,3.67,3.35,3.7,2.48,2.5,NA,NA,NA,2.5,2.44,2.57,0.59,0.6,0.56,2.37,2.51,2.57,1.52,1.53,FALSE,FALSE,FALSE,FALSE,FALSE,FALSE,FALSE,FALSE,FALSE,FALSE,NA,NA,FALSE,FALSE,FALSE,FALSE,FALSE,FALSE,FALSE,FALSE,FALSE,FALSE,FALSE,FALSE,FALSE,FALSE,FALSE,FALSE,FALSE,FALSE,FALSE,FALSE,FALSE,FALSE,FALSE,NA,NA,NA,FALSE,FALSE,FALSE,FALSE,FALSE,FALSE,FALSE,FALSE,FALSE,FALSE,FALSE
809,4.86,4.87,1.43,1.09,1.55,1.55,1.48,0.6,1.12,0.81,NA,NA,3.47,3.67,3.49,1.46,1.56,0.51,0.39,0.4,0.87,0.88,4.84,4.73,7.22,7.27,5.25,3.96,4.1,4.28,4.76,4.93,4.56,4.37,4.4,NA,NA,NA,3.01,2.78,3.26,0.35,0.39,0.42,5.42,5.38,5.46,1.15,1.14,FALSE,FALSE,FALSE,FALSE,FALSE,FALSE,FALSE,FALSE,FALSE,FALSE,NA,NA,FALSE,FALSE,FALSE,FALSE,FALSE,FALSE,FALSE,FALSE,FALSE,FALSE,FALSE,FALSE,FALSE,FALSE,FALSE,FALSE,FALSE,FALSE,FALSE,TRUE,FALSE,TRUE,TRUE,NA,NA,NA,FALSE,FALSE,FALSE,FALSE,FALSE,FALSE,FALSE,FALSE,FALSE,FALSE,FALSE
810,2.17,2.18,1.21,1.49,1.19,0.86,0.73,0.58,0.97,0.58,NA,NA,2.93,3.37,2.89,1.99,1.96,0.34,0.3,0.29,0.74,0.74,2.96,4.2,3.86,3.69,2.97,2.39,2.43,2.31,2.36,2.47,2.34,2.67,2.66,NA,NA,NA,1.34,1.35,1.49,0.38,0.37,0.33,3.39,3.32,3.34,0.92,0.95,FALSE,FALSE,FALSE,FALSE,FALSE,FALSE,FALSE,FALSE,FALSE,FALSE,NA,NA,FALSE,FALSE,FALSE,FALSE,FALSE,FALSE,FALSE,FALSE,FALSE,FALSE,FALSE,FALSE,FALSE,FALSE,FALSE,FALSE,FALSE,FALSE,FALSE,FALSE,FALSE,FALSE,FALSE,NA,NA,NA,FALSE,FALSE,FALSE,FALSE,FALSE,FALSE,FALSE,FALSE,FALSE,FALSE,FALSE
811,1.93,1.87,0.66,0.63,0.87,0.55,0.65,0.58,0.89,0.77,NA,NA,2.1,2.48,2.07,1.2,1.21,0.34,0.24,0.24,0.53,0.58,3.65,2.26,3.68,3.52,3.58,2.56,2.79,2.81,1.96,2.15,1.93,2.66,2.68,NA,NA,NA,1.78,1.5,1.9,0.46,0.44,0.4,3.05,3.06,3.05,0.88,0.87,FALSE,FALSE,FALSE,FALSE,FALSE,FALSE,FALSE,FALSE,FALSE,FALSE,NA,NA,FALSE,FALSE,FALSE,FALSE,FALSE,FALSE,FALSE,FALSE,FALSE,FALSE,FALSE,FALSE,FALSE,FALSE,FALSE,FALSE,FALSE,FALSE,FALSE,FALSE,FALSE,FALSE,FALSE,NA,NA,NA,FALSE,FALSE,FALSE,FALSE,FALSE,FALSE,FALSE,FALSE,FALSE,FALSE,FALSE
812,1.7,1.65,0.35,0.47,0.34,1.08,1.12,0.62,0.68,0.68,NA,NA,2.51,2.64,2.47,1.44,1.54,0.35,0.39,0.43,0.54,0.49,3.31,2.78,3.05,3.02,2.89,2.31,2.23,2.23,1.85,2.02,1.85,2.42,2.43,NA,NA,NA,1.83,1.73,1.83,0.3,0.39,0.43,1.95,1.99,1.9,1.28,1.26,FALSE,FALSE,FALSE,FALSE,FALSE,FALSE,FALSE,FALSE,FALSE,FALSE,NA,NA,FALSE,FALSE,FALSE,FALSE,FALSE,FALSE,FALSE,FALSE,FALSE,FALSE,FALSE,FALSE,FALSE,FALSE,FALSE,FALSE,FALSE,FALSE,FALSE,FALSE,FALSE,FALSE,FALSE,NA,NA,NA,FALSE,FALSE,FALSE,FALSE,FALSE,FALSE,FALSE,FALSE,FALSE,FALSE,FALSE
813,2.11,2.12,0.67,0.61,0.61,1,0.98,0.68,0.73,0.7,NA,NA,2.79,2.45,2.84,1.7,1.8,0.34,0.34,0.35,0.63,0.63,3.34,3.79,3.59,3.53,3.68,2.74,3.06,2.93,1.7,1.84,1.79,1.99,1.99,NA,NA,NA,1.54,1.53,1.38,0.46,0.4,0.51,2.71,2.69,2.71,1.16,1.15,FALSE,FALSE,FALSE,FALSE,FALSE,FALSE,FALSE,FALSE,FALSE,FALSE,NA,NA,FALSE,FALSE,FALSE,FALSE,FALSE,FALSE,FALSE,FALSE,FALSE,FALSE,FALSE,FALSE,FALSE,FALSE,FALSE,FALSE,FALSE,FALSE,FALSE,FALSE,FALSE,FALSE,FALSE,NA,NA,NA,FALSE,FALSE,FALSE,FALSE,FALSE,FALSE,FALSE,FALSE,FALSE,FALSE,FALSE
814,2.7,2.66,0.84,0.54,0.92,1.24,0.94,0.68,0.75,0.64,NA,NA,3.16,2.96,3.24,1.64,1.75,0.56,0.39,0.43,0.63,0.63,3.89,3.71,3.34,3.24,3.85,3.57,3.53,3.49,2.47,2.29,2.49,2.5,2.65,NA,NA,NA,1.29,1.33,1.31,0.51,0.46,0.49,2.97,2.84,3.01,1.18,1.19,FALSE,FALSE,FALSE,FALSE,FALSE,FALSE,FALSE,FALSE,FALSE,FALSE,NA,NA,FALSE,FALSE,FALSE,FALSE,FALSE,FALSE,FALSE,FALSE,FALSE,FALSE,FALSE,FALSE,FALSE,FALSE,FALSE,FALSE,FALSE,FALSE,FALSE,FALSE,FALSE,FALSE,FALSE,NA,NA,NA,FALSE,FALSE,FALSE,FALSE,FALSE,FALSE,FALSE,FALSE,FALSE,FALSE,FALSE
815,3.31,3.21,1.48,1.59,1.48,1.82,1.95,0.97,1.01,0.72,NA,NA,3.78,3.74,3.87,2.42,2.4,0.92,0.6,0.67,0.89,0.87,5.44,5.1,4.94,4.93,5.61,5.14,5.1,5.28,3.09,3.32,3.23,2.68,2.68,NA,NA,NA,2.03,2.21,1.92,0.68,0.64,0.64,5.53,5.39,6.08,1.51,1.5,FALSE,FALSE,FALSE,FALSE,FALSE,FALSE,FALSE,FALSE,FALSE,FALSE,NA,NA,FALSE,FALSE,FALSE,FALSE,FALSE,FALSE,FALSE,FALSE,FALSE,FALSE,FALSE,FALSE,FALSE,FALSE,FALSE,FALSE,FALSE,FALSE,FALSE,FALSE,FALSE,FALSE,FALSE,NA,NA,NA,FALSE,FALSE,FALSE,FALSE,FALSE,FALSE,FALSE,FALSE,FALSE,FALSE,FALSE
816,2.99,2.96,2.02,2.05,2,2.2,1.84,0.93,1.1,0.75,NA,NA,2.92,2.58,2.8,2.76,2.79,0.76,0.61,0.59,0.95,0.9,3.55,3.45,4.37,4.22,3.47,4.59,4.5,4.58,4.21,3.56,4.44,2.28,2.07,NA,NA,NA,1.93,2.05,1.82,0.81,0.75,0.76,3.91,3.95,4,1.78,1.79,FALSE,FALSE,FALSE,FALSE,FALSE,FALSE,FALSE,FALSE,FALSE,FALSE,NA,NA,FALSE,FALSE,FALSE,FALSE,FALSE,FALSE,FALSE,FALSE,FALSE,FALSE,FALSE,FALSE,FALSE,FALSE,FALSE,FALSE,FALSE,FALSE,FALSE,FALSE,FALSE,FALSE,FALSE,NA,NA,NA,FALSE,FALSE,FALSE,FALSE,FALSE,FALSE,FALSE,FALSE,FALSE,FALSE,FALSE
817,3.61,3.59,1.41,1.35,1.39,2.24,2.23,0.78,1.03,0.9,NA,NA,2.53,2.67,2.5,2.27,2.28,1.08,0.86,0.83,1.12,1.12,3.07,3.05,1.97,2.09,3.18,4.13,4.03,4.05,3.8,3.05,3.82,1.97,1.93,NA,NA,NA,2.03,2.01,1.99,0.68,0.69,0.66,3.23,3.17,3.4,1.65,1.65,FALSE,FALSE,FALSE,FALSE,FALSE,FALSE,FALSE,FALSE,FALSE,FALSE,NA,NA,FALSE,FALSE,FALSE,FALSE,FALSE,FALSE,FALSE,FALSE,FALSE,FALSE,FALSE,FALSE,FALSE,FALSE,FALSE,FALSE,FALSE,FALSE,FALSE,FALSE,FALSE,FALSE,FALSE,NA,NA,NA,FALSE,FALSE,FALSE,FALSE,FALSE,FALSE,FALSE,FALSE,FALSE,FALSE,FALSE
818,3.94,3.92,1.43,1.42,1.43,2.38,2.43,0.78,0.95,1.03,NA,NA,2.16,2.11,2.24,2.03,2.05,0.82,0.83,0.74,1.1,1.07,3.82,3.75,2.31,2.28,3.75,3.57,3.65,3.59,4.8,4.21,5.27,2.31,2.21,NA,NA,NA,2.53,2.48,2.59,1.5,1.53,1.59,3.32,3.39,3.4,1.78,1.79,FALSE,FALSE,FALSE,FALSE,FALSE,FALSE,FALSE,FALSE,FALSE,FALSE,NA,NA,FALSE,FALSE,FALSE,FALSE,FALSE,FALSE,FALSE,FALSE,FALSE,FALSE,FALSE,FALSE,FALSE,FALSE,FALSE,FALSE,FALSE,FALSE,FALSE,FALSE,FALSE,FALSE,FALSE,NA,NA,NA,FALSE,FALSE,FALSE,FALSE,FALSE,FALSE,FALSE,FALSE,FALSE,FALSE,FALSE
819,4.05,4.04,1.87,1.87,1.89,2.27,2.19,0.78,1.23,1.15,NA,NA,2.76,2.72,2.76,1.27,1.28,0.95,0.87,0.82,1.22,1.22,3.68,3.76,1.89,1.8,3.57,3.23,3.31,3.31,5.68,5.25,5.85,2.33,2.29,NA,NA,NA,2.03,2.06,1.99,1.23,1.18,1.2,2.21,2.19,2.17,1.44,1.44,FALSE,FALSE,FALSE,FALSE,FALSE,FALSE,FALSE,FALSE,FALSE,FALSE,NA,NA,FALSE,FALSE,FALSE,FALSE,FALSE,FALSE,FALSE,FALSE,FALSE,FALSE,FALSE,FALSE,FALSE,FALSE,FALSE,FALSE,FALSE,FALSE,TRUE,TRUE,TRUE,FALSE,FALSE,NA,NA,NA,FALSE,FALSE,FALSE,FALSE,FALSE,FALSE,FALSE,FALSE,FALSE,FALSE,FALSE
820,3.56,3.62,1.41,1.39,1.4,2.23,2.16,0.69,1.15,1.16,NA,NA,1.57,1.6,1.47,1.27,1.38,1.17,0.98,0.98,1.11,1.07,3.02,2.93,1.72,1.75,3,4.59,4.66,4.65,4.78,4.04,5.02,1.65,1.72,NA,NA,NA,1.83,1.79,1.87,0.86,0.87,0.88,2.19,2.24,2.13,1.32,1.37,FALSE,FALSE,FALSE,FALSE,FALSE,FALSE,FALSE,FALSE,FALSE,FALSE,NA,NA,FALSE,FALSE,FALSE,FALSE,FALSE,FALSE,FALSE,FALSE,FALSE,FALSE,FALSE,FALSE,FALSE,FALSE,FALSE,FALSE,FALSE,FALSE,FALSE,FALSE,FALSE,FALSE,FALSE,NA,NA,NA,FALSE,FALSE,FALSE,FALSE,FALSE,FALSE,FALSE,FALSE,FALSE,FALSE,FALSE
821,2.95,2.94,1.22,1.35,1.36,1.7,1.71,0.69,0.96,1.06,NA,NA,1.33,1.21,1.3,0.98,1.12,0.97,0.93,0.86,0.84,0.85,2.51,2.46,1.3,1.36,2.46,4.61,4.71,4.66,3.89,3.96,3.59,1,1.17,NA,NA,NA,1.98,1.91,2.17,0.78,0.81,0.8,1.85,1.85,1.74,1.22,1.19,FALSE,FALSE,FALSE,FALSE,FALSE,FALSE,FALSE,FALSE,FALSE,FALSE,NA,NA,FALSE,FALSE,FALSE,FALSE,FALSE,FALSE,FALSE,FALSE,FALSE,FALSE,FALSE,FALSE,FALSE,FALSE,FALSE,FALSE,FALSE,FALSE,FALSE,FALSE,FALSE,FALSE,FALSE,NA,NA,NA,FALSE,FALSE,FALSE,FALSE,FALSE,FALSE,FALSE,FALSE,FALSE,FALSE,FALSE
822,2.5,2.51,1.48,1.61,1.62,1.83,1.79,0.77,0.87,1.06,NA,NA,1.63,1.51,1.65,0.84,0.85,0.67,0.64,0.6,0.99,0.99,3.04,3.25,1.37,1.44,2.95,3.78,3.7,3.7,2.81,3.43,2.69,1.39,1.54,NA,NA,NA,1.73,1.94,1.64,0.72,0.74,0.79,1.25,1.3,1.23,1.41,1.41,FALSE,FALSE,FALSE,FALSE,FALSE,FALSE,FALSE,FALSE,FALSE,FALSE,NA,NA,FALSE,FALSE,FALSE,FALSE,FALSE,FALSE,FALSE,FALSE,FALSE,FALSE,FALSE,FALSE,FALSE,FALSE,FALSE,FALSE,FALSE,FALSE,FALSE,FALSE,FALSE,FALSE,FALSE,NA,NA,NA,FALSE,FALSE,FALSE,FALSE,FALSE,FALSE,FALSE,FALSE,FALSE,FALSE,FALSE
823,3.21,3.23,1.47,1.58,1.65,1.95,1.87,0.73,0.8,0.85,NA,NA,1.28,1.21,1.31,0.87,0.88,0.96,0.93,0.97,0.78,0.76,3.02,3.09,1.65,1.7,2.85,4.11,4.11,4.05,2.25,2.62,2.2,1.43,1.55,NA,NA,NA,1.37,1.48,1.25,0.65,0.57,0.71,1.46,1.54,1.48,1.55,1.56,FALSE,FALSE,FALSE,FALSE,FALSE,FALSE,FALSE,FALSE,FALSE,FALSE,NA,NA,FALSE,FALSE,FALSE,FALSE,FALSE,FALSE,FALSE,FALSE,FALSE,FALSE,FALSE,FALSE,FALSE,FALSE,FALSE,FALSE,FALSE,FALSE,FALSE,FALSE,FALSE,FALSE,FALSE,NA,NA,NA,FALSE,FALSE,FALSE,FALSE,FALSE,FALSE,FALSE,FALSE,FALSE,FALSE,FALSE
824,3.64,3.73,2.62,2.49,2.45,2.11,2.03,0.99,1.27,1.52,NA,NA,1.51,1.5,1.41,1.65,1.67,1.06,1.36,1.38,1.04,1.03,5.73,5.77,2.08,2.19,5.58,5.39,5.38,5.3,4.44,4.59,4.21,1.95,1.89,NA,NA,NA,2.46,2.47,2.53,1.11,0.94,0.92,3.27,3.23,3.24,1.6,1.58,FALSE,FALSE,FALSE,FALSE,FALSE,FALSE,FALSE,FALSE,FALSE,FALSE,NA,NA,FALSE,FALSE,FALSE,FALSE,FALSE,FALSE,FALSE,FALSE,FALSE,FALSE,FALSE,FALSE,FALSE,FALSE,FALSE,FALSE,FALSE,FALSE,FALSE,FALSE,FALSE,FALSE,FALSE,NA,NA,NA,FALSE,FALSE,FALSE,FALSE,FALSE,FALSE,FALSE,FALSE,FALSE,FALSE,FALSE
825,2.89,2.82,2.06,2.21,2.24,1.29,1.24,0.83,1.23,1.37,NA,NA,1.36,1.35,1.37,1.49,1.47,0.7,0.68,0.67,1.11,1.1,2.98,3.07,1.23,1.31,2.93,4.17,4.18,3.98,3.35,3.47,3.28,1.71,1.71,NA,NA,NA,2.23,2.19,2.28,0.99,0.96,0.95,2.37,2.44,2.35,1.7,1.67,FALSE,FALSE,FALSE,FALSE,FALSE,FALSE,FALSE,FALSE,FALSE,FALSE,NA,NA,FALSE,FALSE,FALSE,FALSE,FALSE,FALSE,FALSE,FALSE,FALSE,FALSE,FALSE,FALSE,FALSE,FALSE,FALSE,FALSE,FALSE,FALSE,FALSE,FALSE,FALSE,FALSE,FALSE,NA,NA,NA,FALSE,FALSE,FALSE,FALSE,FALSE,FALSE,FALSE,FALSE,FALSE,FALSE,FALSE
826,2.38,2.39,1.99,2.13,2.05,1.78,1.75,0.81,1.15,1.27,NA,NA,1.16,1.25,1.07,2.03,2.05,1.03,1.07,1.1,1,0.96,4.36,4.51,1.59,1.68,4.01,3.14,3.13,3.11,3.57,3.38,3.62,2,2.01,NA,NA,NA,1.94,2.19,2.11,1.15,0.99,1.02,2.19,2.19,2.13,1.67,1.65,FALSE,FALSE,FALSE,FALSE,FALSE,FALSE,FALSE,FALSE,FALSE,FALSE,NA,NA,FALSE,FALSE,FALSE,FALSE,FALSE,FALSE,FALSE,FALSE,FALSE,FALSE,FALSE,FALSE,FALSE,FALSE,FALSE,FALSE,FALSE,FALSE,FALSE,FALSE,FALSE,FALSE,FALSE,NA,NA,NA,FALSE,FALSE,FALSE,FALSE,FALSE,FALSE,FALSE,FALSE,FALSE,FALSE,FALSE
827,2.24,2.3,1.88,1.63,1.63,1.73,1.73,0.73,1.06,1.13,NA,NA,0.97,1.05,1.02,2.13,2.19,0.81,0.91,0.88,0.78,0.83,3.07,3.22,1.69,1.72,2.81,4.31,4.31,4.08,3.19,3.67,2.96,1.44,1.46,NA,NA,NA,1.3,1.41,1.37,0.87,0.75,0.76,2.76,2.77,2.77,1.7,1.71,FALSE,FALSE,FALSE,FALSE,FALSE,FALSE,FALSE,FALSE,FALSE,FALSE,NA,NA,FALSE,FALSE,FALSE,FALSE,FALSE,FALSE,FALSE,FALSE,FALSE,FALSE,FALSE,FALSE,FALSE,FALSE,FALSE,FALSE,FALSE,FALSE,FALSE,FALSE,FALSE,FALSE,FALSE,NA,NA,NA,FALSE,FALSE,FALSE,FALSE,FALSE,FALSE,FALSE,FALSE,FALSE,FALSE,FALSE
828,2.26,2.34,1.56,1.09,1.09,1.68,1.68,0.85,1.02,1.08,NA,NA,1.25,1.12,1.22,2.16,2.22,0.79,0.84,0.82,0.78,0.77,4.25,4.28,2.07,2.17,4.1,3.25,3.25,3.15,3.12,3.01,3.02,1.5,1.61,NA,NA,NA,1.89,2.11,1.97,0.7,0.64,0.65,2.23,2.25,2.22,1.75,1.76,FALSE,FALSE,FALSE,FALSE,FALSE,FALSE,FALSE,FALSE,FALSE,FALSE,NA,NA,FALSE,FALSE,FALSE,FALSE,FALSE,FALSE,FALSE,FALSE,FALSE,FALSE,FALSE,FALSE,FALSE,FALSE,FALSE,FALSE,FALSE,FALSE,FALSE,FALSE,FALSE,FALSE,FALSE,NA,NA,NA,FALSE,FALSE,FALSE,FALSE,FALSE,FALSE,FALSE,FALSE,FALSE,FALSE,FALSE
829,3.09,3.11,1.77,1.53,1.46,2,2.03,0.88,0.98,1.05,NA,NA,1.16,1.15,1.31,2.75,2.71,1.29,1.28,1.23,0.82,0.83,4.77,4.92,2.5,2.56,5,3.47,3.48,3.51,3.7,3.45,3.9,2.04,2.06,NA,NA,NA,2.21,2.55,2.28,0.76,0.76,0.77,4.5,4.49,4.31,2.17,2.17,FALSE,FALSE,FALSE,FALSE,FALSE,FALSE,FALSE,FALSE,FALSE,FALSE,NA,NA,FALSE,FALSE,FALSE,FALSE,FALSE,FALSE,FALSE,FALSE,FALSE,FALSE,FALSE,FALSE,FALSE,FALSE,FALSE,FALSE,FALSE,FALSE,FALSE,FALSE,FALSE,FALSE,FALSE,NA,NA,NA,FALSE,FALSE,FALSE,FALSE,FALSE,FALSE,FALSE,FALSE,FALSE,FALSE,FALSE
830,1.55,1.54,1.97,1.55,1.58,1.36,1.28,0.91,1.21,1.21,NA,NA,1.98,1.64,2.06,2.31,2.31,0.78,0.74,0.76,0.71,0.67,3.71,3.35,2.01,2.02,3.5,1.94,1.94,1.93,3.24,2.8,3.26,1.93,1.95,NA,NA,NA,1.64,1.81,1.68,0.68,0.69,0.7,2.69,2.91,2.69,2.01,2.01,FALSE,FALSE,FALSE,FALSE,FALSE,FALSE,FALSE,FALSE,FALSE,FALSE,NA,NA,FALSE,FALSE,FALSE,FALSE,FALSE,FALSE,FALSE,FALSE,FALSE,FALSE,FALSE,FALSE,FALSE,FALSE,FALSE,FALSE,FALSE,FALSE,FALSE,FALSE,FALSE,FALSE,FALSE,NA,NA,NA,FALSE,FALSE,FALSE,FALSE,FALSE,FALSE,FALSE,FALSE,FALSE,FALSE,FALSE
831,1.99,2.02,1.57,1.43,1.45,2.44,2.28,0.86,1.3,1.12,NA,NA,2.68,2.48,2.95,2.02,2.03,1.2,0.89,0.93,0.56,0.56,0.66,0.5,1.65,1.67,0.59,2.09,2.09,2.25,3.45,3,3.53,1.99,1.99,NA,NA,NA,1.87,2.06,1.95,0.56,0.54,0.55,3.26,2.9,2.73,1.86,1.86,FALSE,FALSE,FALSE,FALSE,FALSE,FALSE,FALSE,FALSE,FALSE,FALSE,NA,NA,FALSE,FALSE,FALSE,FALSE,FALSE,FALSE,FALSE,FALSE,FALSE,FALSE,FALSE,FALSE,FALSE,FALSE,FALSE,FALSE,FALSE,FALSE,FALSE,FALSE,FALSE,FALSE,FALSE,NA,NA,NA,FALSE,FALSE,FALSE,FALSE,FALSE,FALSE,FALSE,FALSE,FALSE,FALSE,FALSE
832,2.02,1.99,1.51,1.16,1.47,1.68,1.76,0.86,1.19,1.21,NA,NA,2.23,2.21,2.35,1.84,1.84,0.88,0.72,0.67,0.54,0.57,0.69,0.86,1.72,1.65,0.75,2.15,2.14,2.19,2.12,2.2,2.21,1.32,1.3,NA,NA,NA,1.12,1.33,1.24,0.65,0.63,0.63,3.26,3.35,3.53,1.73,1.72,FALSE,FALSE,FALSE,FALSE,FALSE,FALSE,FALSE,FALSE,FALSE,FALSE,NA,NA,FALSE,FALSE,FALSE,FALSE,FALSE,FALSE,FALSE,FALSE,FALSE,FALSE,FALSE,FALSE,FALSE,FALSE,FALSE,FALSE,FALSE,FALSE,FALSE,FALSE,FALSE,FALSE,FALSE,NA,NA,NA,FALSE,FALSE,FALSE,FALSE,FALSE,FALSE,FALSE,FALSE,FALSE,FALSE,FALSE
833,1.76,1.76,1.39,1.13,0.94,1.63,1.7,0.61,0.91,0.86,NA,NA,1.78,1.78,1.9,1.25,1.26,1.11,0.88,0.81,0.44,0.43,0.74,0.8,1.63,1.6,0.82,1.68,1.69,1.76,2.49,2.67,2.41,1.78,1.81,NA,NA,NA,1.17,1.36,1.25,0.44,0.47,0.49,1.91,2.04,2.25,1.1,1.1,FALSE,FALSE,FALSE,FALSE,FALSE,FALSE,FALSE,FALSE,FALSE,FALSE,NA,NA,FALSE,FALSE,FALSE,FALSE,FALSE,FALSE,FALSE,FALSE,FALSE,FALSE,FALSE,FALSE,FALSE,FALSE,FALSE,FALSE,FALSE,FALSE,FALSE,FALSE,FALSE,FALSE,FALSE,NA,NA,NA,FALSE,FALSE,FALSE,FALSE,FALSE,FALSE,FALSE,FALSE,FALSE,FALSE,FALSE
834,1.98,1.97,1.16,1.03,1.04,1.83,1.95,0.81,0.87,0.81,NA,NA,2.06,2.11,2.08,1.55,1.59,1.01,0.76,0.78,0.59,0.59,0.8,0.86,1.79,1.79,0.9,1.67,1.67,1.63,2.94,2.69,2.99,2.13,2.09,NA,NA,NA,0.86,0.99,0.88,0.57,0.54,0.54,1.61,1.82,1.86,1.34,1.34,FALSE,FALSE,FALSE,FALSE,FALSE,FALSE,FALSE,FALSE,FALSE,FALSE,NA,NA,FALSE,FALSE,FALSE,FALSE,FALSE,FALSE,FALSE,FALSE,FALSE,FALSE,FALSE,FALSE,FALSE,FALSE,FALSE,FALSE,FALSE,FALSE,FALSE,FALSE,FALSE,FALSE,FALSE,NA,NA,NA,FALSE,FALSE,FALSE,FALSE,FALSE,FALSE,FALSE,FALSE,FALSE,FALSE,FALSE
835,1.69,1.72,1.43,1.26,1.21,1.86,1.75,0.76,0.91,0.77,NA,NA,2.35,2.47,2.45,1.75,1.75,1.09,1.05,1.02,0.59,0.56,0.92,0.95,2.4,2.39,0.96,1.66,1.66,1.95,3.63,3.32,3.57,1.95,1.96,NA,NA,NA,1.26,1.35,1.25,0.58,0.58,0.59,1.88,2.05,2.38,1.59,1.58,FALSE,FALSE,FALSE,FALSE,FALSE,FALSE,FALSE,FALSE,FALSE,FALSE,NA,NA,FALSE,FALSE,FALSE,FALSE,FALSE,FALSE,FALSE,FALSE,FALSE,FALSE,FALSE,FALSE,FALSE,FALSE,FALSE,FALSE,FALSE,FALSE,FALSE,FALSE,FALSE,FALSE,FALSE,NA,NA,NA,FALSE,FALSE,FALSE,FALSE,FALSE,FALSE,FALSE,FALSE,FALSE,FALSE,FALSE
836,2.18,2.16,2.1,1.86,1.81,1.97,2.09,0.84,1.03,0.99,NA,NA,2.15,2.21,1.97,1.8,1.8,1.9,1.59,1.63,0.84,0.8,1.26,1.23,2.33,2.37,1.33,2.24,2.23,2.42,4.07,3.42,3.97,2.11,2.13,NA,NA,NA,1.71,1.78,1.69,0.67,0.65,0.68,2.33,2.64,3.03,1.87,1.86,FALSE,FALSE,FALSE,FALSE,FALSE,FALSE,FALSE,FALSE,FALSE,FALSE,NA,NA,FALSE,FALSE,FALSE,FALSE,FALSE,FALSE,FALSE,FALSE,FALSE,FALSE,FALSE,FALSE,FALSE,FALSE,FALSE,FALSE,FALSE,FALSE,FALSE,FALSE,FALSE,FALSE,FALSE,NA,NA,NA,FALSE,FALSE,FALSE,FALSE,FALSE,FALSE,FALSE,FALSE,FALSE,FALSE,FALSE
837,2.33,2.31,1.88,1.76,1.76,1.75,1.72,0.79,1.05,0.84,NA,NA,1.7,1.72,1.56,2.33,2.33,1.26,1.24,1.22,0.73,0.8,1,0.94,2.38,2.41,1.08,2.09,2.1,2.16,4.38,3.37,4.16,2.18,2.2,NA,NA,NA,1.89,1.89,1.88,0.61,0.76,0.71,1.81,2.34,2.64,1.86,1.85,FALSE,FALSE,FALSE,FALSE,FALSE,FALSE,FALSE,FALSE,FALSE,FALSE,NA,NA,FALSE,FALSE,FALSE,FALSE,FALSE,FALSE,FALSE,FALSE,FALSE,FALSE,FALSE,FALSE,FALSE,FALSE,FALSE,FALSE,FALSE,FALSE,FALSE,FALSE,FALSE,FALSE,FALSE,NA,NA,NA,FALSE,FALSE,FALSE,FALSE,FALSE,FALSE,FALSE,FALSE,FALSE,FALSE,FALSE
838,2.51,2.56,1.95,1.98,1.95,1.48,1.46,0.85,0.96,0.88,NA,NA,1.5,1.76,1.58,2.2,2.21,1.22,1.1,1.18,0.68,0.69,1.47,1.47,2.23,2.25,1.66,2.07,2.08,2.19,4.56,3.81,4.68,2.06,2.04,NA,NA,NA,1.8,1.83,1.91,0.65,0.61,0.65,2.59,3.51,3.79,1.85,1.84,FALSE,FALSE,FALSE,FALSE,FALSE,FALSE,FALSE,FALSE,FALSE,FALSE,NA,NA,FALSE,FALSE,FALSE,FALSE,FALSE,FALSE,FALSE,FALSE,FALSE,FALSE,FALSE,FALSE,FALSE,FALSE,FALSE,FALSE,FALSE,FALSE,FALSE,FALSE,FALSE,FALSE,FALSE,NA,NA,NA,FALSE,FALSE,FALSE,FALSE,FALSE,FALSE,FALSE,FALSE,FALSE,FALSE,FALSE
839,2.22,2.23,1.47,1.51,1.57,1.58,1.58,0.83,0.89,0.88,NA,NA,1.61,1.6,1.56,2.01,1.98,0.91,0.73,0.69,0.59,0.56,1.21,1.22,1.58,1.6,1.33,2.32,2.31,2.51,3.16,2.92,2.97,1.45,1.43,NA,NA,NA,1.33,1.33,1.29,0.52,0.61,0.63,2.68,4.21,4.06,1.74,1.73,FALSE,FALSE,FALSE,FALSE,FALSE,FALSE,FALSE,FALSE,FALSE,FALSE,NA,NA,FALSE,FALSE,FALSE,FALSE,FALSE,FALSE,FALSE,FALSE,FALSE,FALSE,FALSE,FALSE,FALSE,FALSE,FALSE,FALSE,FALSE,FALSE,FALSE,FALSE,FALSE,FALSE,FALSE,NA,NA,NA,FALSE,FALSE,FALSE,FALSE,FALSE,FALSE,FALSE,FALSE,FALSE,FALSE,FALSE
840,3.87,3.87,1.9,1.92,1.77,1.98,1.95,0.97,1.06,0.96,NA,NA,2.05,2.15,2.26,1.91,1.85,1.4,1.14,1.09,0.68,0.7,2.57,2.65,2.37,2.41,2.69,3.17,3.17,3.34,3.52,3.71,3.41,2.37,2.35,NA,NA,NA,2.47,2.46,2.17,0.67,0.68,0.75,3.65,5.49,5.47,1.86,1.85,FALSE,FALSE,FALSE,FALSE,FALSE,FALSE,FALSE,FALSE,FALSE,FALSE,NA,NA,FALSE,FALSE,FALSE,FALSE,FALSE,FALSE,FALSE,FALSE,FALSE,FALSE,FALSE,FALSE,FALSE,FALSE,FALSE,FALSE,FALSE,FALSE,FALSE,FALSE,FALSE,FALSE,FALSE,NA,NA,NA,FALSE,FALSE,FALSE,FALSE,FALSE,FALSE,FALSE,FALSE,FALSE,FALSE,FALSE
841,3.71,3.86,1.73,1.74,1.74,2.09,1.99,1.12,1.33,1.23,NA,NA,2.13,2.46,2.07,2.31,2.5,1.4,1.48,1.41,0.99,0.99,2.95,3.03,3.05,3.08,2.95,3.33,3.33,3.35,3.4,3.23,3.32,2.23,2.24,NA,NA,NA,2.18,2.2,2.14,0.94,1.07,1.14,4.09,5.48,5.46,1.9,1.92,FALSE,FALSE,FALSE,FALSE,FALSE,FALSE,FALSE,FALSE,FALSE,FALSE,NA,NA,FALSE,FALSE,FALSE,FALSE,FALSE,FALSE,FALSE,FALSE,FALSE,FALSE,FALSE,FALSE,FALSE,FALSE,FALSE,FALSE,FALSE,FALSE,FALSE,FALSE,FALSE,FALSE,FALSE,NA,NA,NA,FALSE,FALSE,FALSE,FALSE,FALSE,FALSE,FALSE,FALSE,FALSE,FALSE,FALSE
842,3.07,3.15,1.72,1.6,1.69,1.57,1.54,1.01,1.11,1,NA,NA,1.77,1.58,1.94,2.27,2.27,0.91,0.97,0.95,0.98,0.97,2.56,2.52,1.79,1.79,2.69,2.48,2.38,2.41,2.12,1.9,2.37,1.78,1.8,NA,NA,NA,1.75,1.8,1.62,1.32,1.32,1.33,3.23,4.32,4.24,1.55,1.55,FALSE,FALSE,FALSE,FALSE,FALSE,FALSE,FALSE,FALSE,FALSE,FALSE,NA,NA,FALSE,FALSE,FALSE,FALSE,FALSE,FALSE,FALSE,FALSE,FALSE,FALSE,FALSE,FALSE,FALSE,FALSE,FALSE,FALSE,FALSE,FALSE,FALSE,FALSE,FALSE,FALSE,FALSE,NA,NA,NA,FALSE,FALSE,FALSE,FALSE,FALSE,FALSE,FALSE,FALSE,FALSE,FALSE,FALSE
843,2.47,2.62,0.97,0.85,0.88,1.41,1.36,0.6,0.71,0.72,NA,NA,1.49,1.26,1.65,1.44,1.42,0.77,0.87,0.88,0.75,0.75,2.33,2.22,2.04,2.05,2.29,1.42,1.54,1.78,1.72,1.6,2.31,1.27,1.23,NA,NA,NA,0.91,0.88,0.88,0.6,0.56,0.59,2.37,2.94,2.9,1.16,1.14,FALSE,FALSE,FALSE,FALSE,FALSE,FALSE,FALSE,FALSE,FALSE,FALSE,NA,NA,FALSE,FALSE,FALSE,FALSE,FALSE,FALSE,FALSE,FALSE,FALSE,FALSE,FALSE,FALSE,FALSE,FALSE,FALSE,FALSE,FALSE,FALSE,FALSE,FALSE,FALSE,FALSE,FALSE,NA,NA,NA,FALSE,FALSE,FALSE,FALSE,FALSE,FALSE,FALSE,FALSE,FALSE,FALSE,FALSE
844,2.3,2.54,2.06,2.33,2.26,1.69,1.63,0.68,0.77,0.92,NA,NA,2.47,2.57,2.72,2.1,2.1,0.85,0.85,0.82,0.94,0.94,2.78,2.9,2.22,2.2,2.69,2.38,2.37,2.53,3.61,2.91,4.72,2.08,2.19,NA,NA,NA,1.3,1.27,1.19,0.66,0.66,0.66,2.55,3.2,3.01,1.51,1.53,FALSE,FALSE,FALSE,FALSE,FALSE,FALSE,FALSE,FALSE,FALSE,FALSE,NA,NA,FALSE,FALSE,FALSE,FALSE,FALSE,FALSE,FALSE,FALSE,FALSE,FALSE,FALSE,FALSE,FALSE,FALSE,FALSE,FALSE,FALSE,FALSE,FALSE,FALSE,FALSE,FALSE,FALSE,NA,NA,NA,FALSE,FALSE,FALSE,FALSE,FALSE,FALSE,FALSE,FALSE,FALSE,FALSE,FALSE
845,2.7,2.77,1.98,1.93,1.88,1.75,1.76,0.79,0.77,0.73,NA,NA,2.48,2.5,2.58,2.31,2.23,1.24,1.33,1.25,0.94,0.93,2.75,2.76,2.51,2.51,2.64,2.4,2.39,2.27,3.28,3,4,1.79,1.9,NA,NA,NA,2.11,2.15,2.02,0.73,0.7,0.71,2.22,2.67,2.61,1.56,1.56,FALSE,FALSE,FALSE,FALSE,FALSE,FALSE,FALSE,FALSE,FALSE,FALSE,NA,NA,FALSE,FALSE,FALSE,FALSE,FALSE,FALSE,FALSE,FALSE,FALSE,FALSE,FALSE,FALSE,FALSE,FALSE,FALSE,FALSE,FALSE,FALSE,FALSE,FALSE,FALSE,FALSE,FALSE,NA,NA,NA,FALSE,FALSE,FALSE,FALSE,FALSE,FALSE,FALSE,FALSE,FALSE,FALSE,FALSE
846,2.84,2.77,2.15,2.12,2.11,2.02,1.92,1.03,0.96,0.91,NA,NA,3.59,3.26,3.6,2.65,2.73,1.82,1.73,1.77,0.99,0.96,2.49,2.5,2.2,2.22,2.53,3,2.99,3.06,3.92,4.23,4.03,1.94,2.04,NA,NA,NA,1.73,1.75,1.62,0.88,0.81,0.9,4.05,3.68,3.45,1.7,1.74,FALSE,FALSE,FALSE,FALSE,FALSE,FALSE,FALSE,FALSE,FALSE,FALSE,NA,NA,FALSE,FALSE,FALSE,FALSE,FALSE,FALSE,FALSE,FALSE,FALSE,FALSE,FALSE,FALSE,FALSE,FALSE,FALSE,FALSE,FALSE,FALSE,FALSE,FALSE,FALSE,FALSE,FALSE,NA,NA,NA,FALSE,FALSE,FALSE,FALSE,FALSE,FALSE,FALSE,FALSE,FALSE,FALSE,FALSE
847,2.11,2.02,2.05,1.95,1.94,2.08,2.05,1.09,0.96,1.05,NA,NA,3.54,3.12,3.51,2.2,2.1,1.19,1.2,1.29,0.83,0.86,2.12,2.17,2.01,2.01,2.14,1.93,1.93,1.94,2.42,2.32,2.68,1.45,1.53,NA,NA,NA,1.26,1.3,1.26,0.84,0.78,0.89,2.95,3,2.95,1.61,1.57,FALSE,FALSE,FALSE,FALSE,FALSE,FALSE,FALSE,FALSE,FALSE,FALSE,NA,NA,FALSE,FALSE,FALSE,FALSE,FALSE,FALSE,FALSE,FALSE,FALSE,FALSE,FALSE,FALSE,FALSE,FALSE,FALSE,FALSE,FALSE,FALSE,FALSE,FALSE,FALSE,FALSE,FALSE,NA,NA,NA,FALSE,FALSE,FALSE,FALSE,FALSE,FALSE,FALSE,FALSE,FALSE,FALSE,FALSE
848,1.99,1.93,2.1,2.64,2.64,2,2.02,1.05,0.92,1.01,NA,NA,2.86,2.88,2.85,1.02,1.06,1.04,1.15,1.17,1.16,1.1,1.52,1.46,2.06,2.06,1.67,1.91,1.89,1.85,1.58,1.6,1.8,1.16,1.25,NA,NA,NA,1.24,1.21,1.17,0.71,0.74,0.74,2.33,2.35,2.35,1.24,1.25,FALSE,FALSE,FALSE,FALSE,FALSE,FALSE,FALSE,FALSE,FALSE,FALSE,NA,NA,FALSE,FALSE,FALSE,FALSE,FALSE,FALSE,FALSE,FALSE,FALSE,FALSE,FALSE,FALSE,FALSE,FALSE,FALSE,FALSE,FALSE,FALSE,FALSE,FALSE,FALSE,FALSE,FALSE,NA,NA,NA,FALSE,FALSE,FALSE,FALSE,FALSE,FALSE,FALSE,FALSE,FALSE,FALSE,FALSE
849,1.99,1.96,2.29,2.62,2.68,1.72,1.73,1.11,1.05,1.12,NA,NA,2.92,2.88,3.03,0.88,0.87,0.78,1.03,1.05,1.03,1.04,1.91,2,1.97,1.95,2.02,2.1,2.11,2.01,1.79,1.87,1.56,1.45,1.38,NA,NA,NA,1.18,1.21,1.2,0.79,0.82,0.74,2.68,2.95,2.88,1.15,1.15,FALSE,FALSE,FALSE,FALSE,FALSE,FALSE,FALSE,FALSE,FALSE,FALSE,NA,NA,FALSE,FALSE,FALSE,FALSE,FALSE,FALSE,FALSE,FALSE,FALSE,FALSE,FALSE,FALSE,FALSE,FALSE,FALSE,FALSE,FALSE,FALSE,FALSE,FALSE,FALSE,FALSE,FALSE,NA,NA,NA,FALSE,FALSE,FALSE,FALSE,FALSE,FALSE,FALSE,FALSE,FALSE,FALSE,FALSE
850,2.26,2.4,1.76,1.67,1.67,1.59,1.59,0.8,0.99,0.89,NA,NA,2.53,2.25,2.6,1.04,1.03,0.9,1.15,1.11,1.01,1.03,2.08,2.09,2.22,2.13,2.12,2.01,2.01,2.06,1.88,2.09,2.03,1.88,1.83,NA,NA,NA,1.2,1.23,1.2,0.72,0.73,0.78,3.62,3.6,3.63,0.97,0.98,FALSE,FALSE,FALSE,FALSE,FALSE,FALSE,FALSE,FALSE,FALSE,FALSE,NA,NA,FALSE,FALSE,FALSE,FALSE,FALSE,FALSE,FALSE,FALSE,FALSE,FALSE,FALSE,FALSE,FALSE,FALSE,FALSE,FALSE,FALSE,FALSE,FALSE,FALSE,FALSE,FALSE,FALSE,NA,NA,NA,FALSE,FALSE,FALSE,FALSE,FALSE,FALSE,FALSE,FALSE,FALSE,FALSE,FALSE
851,2.12,2.16,2.13,1.99,1.98,1.5,1.54,0.84,1.06,0.99,NA,NA,3,2.55,2.86,1.28,1.29,0.75,0.96,1.02,1.1,1.11,3.07,3.27,2.38,2.4,2.97,2.42,2.43,2.41,3.12,3.14,3.41,2.61,2.52,6.07,6.15,6.11,1.86,1.89,1.88,1.29,1.32,1.27,5.11,4.87,5.19,0.82,0.83,FALSE,FALSE,FALSE,FALSE,FALSE,FALSE,FALSE,FALSE,FALSE,FALSE,NA,NA,FALSE,FALSE,FALSE,FALSE,FALSE,FALSE,FALSE,FALSE,FALSE,FALSE,FALSE,FALSE,FALSE,FALSE,FALSE,FALSE,FALSE,FALSE,FALSE,FALSE,FALSE,FALSE,FALSE,TRUE,TRUE,TRUE,FALSE,FALSE,FALSE,FALSE,FALSE,FALSE,FALSE,FALSE,FALSE,FALSE,FALSE
852,2.04,1.87,2,1.87,1.9,1.6,1.61,0.93,0.96,0.91,NA,NA,2.78,2.6,2.66,1.47,1.46,0.82,0.85,0.89,1.08,1.09,3.07,3.2,1.94,1.94,2.9,2.33,2.34,2.38,3.52,3.37,4.3,2.66,2.55,5.23,5.45,5.29,2.07,2.03,2.01,0.93,0.91,0.92,4.62,4.67,4.71,0.88,0.89,FALSE,FALSE,FALSE,FALSE,FALSE,FALSE,FALSE,FALSE,FALSE,FALSE,NA,NA,FALSE,FALSE,FALSE,FALSE,FALSE,FALSE,FALSE,FALSE,FALSE,FALSE,FALSE,FALSE,FALSE,FALSE,FALSE,FALSE,FALSE,FALSE,FALSE,FALSE,FALSE,FALSE,FALSE,FALSE,FALSE,FALSE,FALSE,FALSE,FALSE,FALSE,FALSE,FALSE,FALSE,FALSE,FALSE,FALSE,FALSE
853,1.38,1.43,1.54,1.31,1.4,0.93,0.86,0.72,0.75,0.76,NA,NA,2.23,2.03,2.25,1.32,1.32,0.83,0.72,0.69,0.91,0.89,2.45,2.4,1.55,1.54,2.37,1.58,1.58,1.59,2.12,1.65,1.91,1.82,1.77,3.43,3.56,3.43,1.17,1.15,1.17,0.58,0.65,0.57,2,2.14,2.06,0.86,0.87,FALSE,FALSE,FALSE,FALSE,FALSE,FALSE,FALSE,FALSE,FALSE,FALSE,NA,NA,FALSE,FALSE,FALSE,FALSE,FALSE,FALSE,FALSE,FALSE,FALSE,FALSE,FALSE,FALSE,FALSE,FALSE,FALSE,FALSE,FALSE,FALSE,FALSE,FALSE,FALSE,FALSE,FALSE,FALSE,FALSE,FALSE,FALSE,FALSE,FALSE,FALSE,FALSE,FALSE,FALSE,FALSE,FALSE,FALSE,FALSE
854,1.84,1.81,2.31,3.05,3.08,1.73,1.54,0.83,0.9,0.8,NA,NA,2.81,2.48,2.9,1.62,1.62,0.73,0.79,0.81,1.23,1.23,1.87,1.88,1.22,1.23,1.76,1.9,1.89,1.9,2.38,2.16,2.74,1.71,1.68,4.44,4.41,4.47,1.4,1.51,1.42,0.63,0.65,0.67,2.07,2,2.24,0.88,0.89,FALSE,FALSE,FALSE,FALSE,FALSE,FALSE,FALSE,FALSE,FALSE,FALSE,NA,NA,FALSE,FALSE,FALSE,FALSE,FALSE,FALSE,FALSE,FALSE,FALSE,FALSE,FALSE,FALSE,FALSE,FALSE,FALSE,FALSE,FALSE,FALSE,FALSE,FALSE,FALSE,FALSE,FALSE,FALSE,FALSE,FALSE,FALSE,FALSE,FALSE,FALSE,FALSE,FALSE,FALSE,FALSE,FALSE,FALSE,FALSE
855,1.73,1.76,2.26,3.05,3.07,1.87,1.9,0.69,0.72,0.62,NA,NA,2.36,1.98,2.36,1.6,1.6,1.02,0.98,0.99,1.01,1.03,2.12,2.1,1.37,1.39,2.23,1.97,1.97,2,2.56,2.6,3.67,1.92,1.93,3.74,3.78,3.73,1.37,1.38,1.34,0.63,0.64,0.6,1.8,1.81,1.84,0.81,0.79,FALSE,FALSE,FALSE,FALSE,FALSE,FALSE,FALSE,FALSE,FALSE,FALSE,NA,NA,FALSE,FALSE,FALSE,FALSE,FALSE,FALSE,FALSE,FALSE,FALSE,FALSE,FALSE,FALSE,FALSE,FALSE,FALSE,FALSE,FALSE,FALSE,FALSE,FALSE,FALSE,FALSE,FALSE,FALSE,FALSE,FALSE,FALSE,FALSE,FALSE,FALSE,FALSE,FALSE,FALSE,FALSE,FALSE,FALSE,FALSE
856,1.11,1.12,1.26,2.43,2.46,0.9,0.9,0.6,0.71,0.66,NA,NA,2.04,1.8,2.06,1.18,1.14,0.6,0.61,0.57,0.91,0.91,1.59,1.5,1.13,1.14,1.6,1.02,1.01,1.02,1.87,1.91,2.83,1.63,1.71,2.97,3.1,3,1.68,1.64,1.61,0.68,0.62,0.67,0.92,0.89,0.9,0.66,0.67,FALSE,FALSE,FALSE,FALSE,FALSE,FALSE,FALSE,FALSE,FALSE,FALSE,NA,NA,FALSE,FALSE,FALSE,FALSE,FALSE,FALSE,FALSE,FALSE,FALSE,FALSE,FALSE,FALSE,FALSE,FALSE,FALSE,FALSE,FALSE,FALSE,FALSE,FALSE,FALSE,FALSE,FALSE,FALSE,FALSE,FALSE,FALSE,FALSE,FALSE,FALSE,FALSE,FALSE,FALSE,FALSE,FALSE,FALSE,FALSE
857,1.22,1.22,1.34,2.64,2.69,1.18,1.19,0.46,0.61,0.56,NA,NA,2.21,1.9,2.2,1.06,1.07,0.68,0.77,0.81,NA,NA,1.83,1.95,1.47,1.46,1.85,1,1.02,1,1.94,1.75,2.66,1.58,1.66,3.59,3.66,3.59,1.64,1.67,1.6,0.6,0.59,0.58,0.94,0.82,0.83,0.53,0.53,FALSE,FALSE,FALSE,FALSE,FALSE,FALSE,FALSE,FALSE,FALSE,FALSE,NA,NA,FALSE,FALSE,FALSE,FALSE,FALSE,FALSE,FALSE,FALSE,NA,NA,FALSE,FALSE,FALSE,FALSE,FALSE,FALSE,FALSE,FALSE,FALSE,FALSE,FALSE,FALSE,FALSE,FALSE,FALSE,FALSE,FALSE,FALSE,FALSE,FALSE,FALSE,FALSE,FALSE,FALSE,FALSE,FALSE,FALSE
858,1.42,1.51,2.22,3.23,3.22,1.2,1.21,0.52,0.61,0.61,NA,NA,2.33,2.23,2.33,1.27,1.27,0.65,0.74,0.75,NA,NA,1.64,1.52,1.28,1.31,1.75,1.46,1.34,1.26,2.08,1.61,2.13,1.4,1.39,3.49,3.48,3.48,1.17,1.17,1.19,0.58,0.62,0.62,0.92,0.9,0.91,0.67,0.67,FALSE,FALSE,FALSE,FALSE,FALSE,FALSE,FALSE,FALSE,FALSE,FALSE,NA,NA,FALSE,FALSE,FALSE,FALSE,FALSE,FALSE,FALSE,FALSE,NA,NA,FALSE,FALSE,FALSE,FALSE,FALSE,FALSE,FALSE,FALSE,FALSE,FALSE,FALSE,FALSE,FALSE,FALSE,FALSE,FALSE,FALSE,FALSE,FALSE,FALSE,FALSE,FALSE,FALSE,FALSE,FALSE,FALSE,FALSE
859,1.6,1.58,2.65,3.42,3.45,1.49,1.5,0.55,0.46,0.58,NA,NA,2.9,2.74,2.9,1.2,1.17,0.94,0.79,0.81,NA,NA,2.18,2.19,1.28,1.27,2.26,1.47,1.58,1.55,2.12,1.66,2.35,1.41,1.41,3.37,3.31,3.38,1.53,1.46,1.45,0.85,0.8,0.8,1.15,1.27,1.14,0.7,0.7,FALSE,FALSE,FALSE,FALSE,FALSE,FALSE,FALSE,FALSE,FALSE,FALSE,NA,NA,FALSE,FALSE,FALSE,FALSE,FALSE,FALSE,FALSE,FALSE,NA,NA,FALSE,FALSE,FALSE,FALSE,FALSE,FALSE,FALSE,FALSE,FALSE,FALSE,FALSE,FALSE,FALSE,FALSE,FALSE,FALSE,FALSE,FALSE,FALSE,FALSE,FALSE,FALSE,FALSE,FALSE,FALSE,FALSE,FALSE
860,1.51,1.57,2.45,2.77,2.75,1.24,1.25,0.62,0.53,0.6,NA,NA,3.44,2.86,3.46,1.11,1.13,0.65,0.56,0.53,NA,NA,1.38,1.14,1.09,1.09,1.28,1.6,1.56,1.58,1.78,2.3,1.93,1.18,1.17,2.82,2.73,2.81,0.78,0.88,0.84,1.25,1.24,1.28,1.01,1.06,1.04,0.57,0.57,FALSE,FALSE,FALSE,FALSE,FALSE,FALSE,FALSE,FALSE,FALSE,FALSE,NA,NA,FALSE,FALSE,FALSE,FALSE,FALSE,FALSE,FALSE,FALSE,NA,NA,FALSE,FALSE,FALSE,FALSE,FALSE,FALSE,FALSE,FALSE,FALSE,FALSE,FALSE,FALSE,FALSE,FALSE,FALSE,FALSE,FALSE,FALSE,FALSE,FALSE,FALSE,FALSE,FALSE,FALSE,FALSE,FALSE,FALSE
861,1.63,1.69,3.37,3.37,3.34,1.57,1.58,0.72,0.59,0.61,NA,NA,3.65,3.7,3.74,1.22,1.22,0.96,0.69,0.66,NA,NA,1.92,1.79,1.74,1.76,1.82,1.58,1.53,1.44,3.26,3.3,3.35,1.95,1.99,3.41,3.29,3.41,1.76,1.87,1.77,1.03,0.98,1.04,0.94,0.92,0.87,0.77,0.91,FALSE,FALSE,FALSE,FALSE,FALSE,FALSE,FALSE,FALSE,FALSE,FALSE,NA,NA,FALSE,FALSE,FALSE,FALSE,FALSE,FALSE,FALSE,FALSE,NA,NA,FALSE,FALSE,FALSE,FALSE,FALSE,FALSE,FALSE,FALSE,FALSE,FALSE,FALSE,FALSE,FALSE,FALSE,FALSE,FALSE,FALSE,FALSE,FALSE,FALSE,FALSE,FALSE,FALSE,FALSE,FALSE,FALSE,FALSE
862,1.32,1.34,3.66,3.72,4.35,1.99,1.99,0.69,0.73,0.78,NA,NA,3.81,3.74,3.79,1.8,1.8,0.7,0.66,0.64,NA,NA,1.29,1.23,1.4,1.38,1.36,1.15,1.14,1.04,3.31,2.87,3.4,1.62,1.65,3.26,3.13,3.26,1.28,1.44,1.42,1.03,1.04,1.05,1.16,1.18,1.12,0.94,0.92,FALSE,FALSE,FALSE,FALSE,TRUE,FALSE,FALSE,FALSE,FALSE,FALSE,NA,NA,FALSE,FALSE,FALSE,FALSE,FALSE,FALSE,FALSE,FALSE,NA,NA,FALSE,FALSE,FALSE,FALSE,FALSE,FALSE,FALSE,FALSE,FALSE,FALSE,FALSE,FALSE,FALSE,FALSE,FALSE,FALSE,FALSE,FALSE,FALSE,FALSE,FALSE,FALSE,FALSE,FALSE,FALSE,FALSE,FALSE
863,1.54,1.56,2.53,2.97,2.29,2.29,2.3,0.6,0.75,0.7,NA,NA,2.7,2.7,2.65,1.62,1.65,1.23,0.95,1.05,NA,NA,1.54,1.52,1.62,1.63,1.48,1.35,1.27,1.2,3.06,2.81,3.05,1.81,1.78,3.91,3.77,3.92,1.48,1.45,1.45,1.46,1.43,1.5,1.14,1.19,1.1,1.08,1.05,FALSE,FALSE,FALSE,FALSE,FALSE,FALSE,FALSE,FALSE,FALSE,FALSE,NA,NA,FALSE,FALSE,FALSE,FALSE,FALSE,FALSE,FALSE,FALSE,NA,NA,FALSE,FALSE,FALSE,FALSE,FALSE,FALSE,FALSE,FALSE,FALSE,FALSE,FALSE,FALSE,FALSE,FALSE,FALSE,FALSE,FALSE,FALSE,FALSE,FALSE,FALSE,FALSE,FALSE,FALSE,FALSE,FALSE,FALSE
864,1.29,1.22,2.22,2.62,1.57,1.54,1.52,0.65,0.65,0.73,NA,NA,2.09,2.13,2.13,1.2,1.06,0.64,0.64,0.63,NA,NA,1.07,0.95,1.04,1.03,1.08,1.25,1.26,1.14,2.3,2.19,2.41,1.27,1.27,3.33,3.32,3.35,1.48,1.61,1.48,1.65,1.63,1.6,0.76,0.79,0.83,0.54,0.57,FALSE,FALSE,FALSE,FALSE,FALSE,FALSE,FALSE,FALSE,FALSE,FALSE,NA,NA,FALSE,FALSE,FALSE,FALSE,FALSE,FALSE,FALSE,FALSE,NA,NA,FALSE,FALSE,FALSE,FALSE,FALSE,FALSE,FALSE,FALSE,FALSE,FALSE,FALSE,FALSE,FALSE,FALSE,FALSE,FALSE,FALSE,FALSE,FALSE,FALSE,FALSE,FALSE,FALSE,FALSE,FALSE,FALSE,FALSE
865,1.41,1.4,2.52,4.11,1.91,2.66,2.68,0.7,0.69,0.8,NA,NA,2.86,2.83,2.81,1.49,1.49,0.85,0.88,0.87,NA,NA,1.02,0.95,1.17,1.16,1.11,1.44,1.35,1.15,3.01,2.4,3.37,1.35,1.32,3.68,3.83,3.69,1.82,1.86,1.82,1.15,1.27,1.17,0.61,0.7,0.61,0.61,0.69,FALSE,FALSE,FALSE,FALSE,FALSE,FALSE,FALSE,FALSE,FALSE,FALSE,NA,NA,FALSE,FALSE,FALSE,FALSE,FALSE,FALSE,FALSE,FALSE,NA,NA,FALSE,FALSE,FALSE,FALSE,FALSE,FALSE,FALSE,FALSE,FALSE,FALSE,FALSE,FALSE,FALSE,FALSE,FALSE,FALSE,FALSE,FALSE,FALSE,FALSE,FALSE,FALSE,FALSE,FALSE,FALSE,FALSE,FALSE
866,1.28,1.18,2.55,4.08,1.47,2,1.97,0.78,0.72,0.79,NA,NA,3.07,3.1,3.06,1.76,1.79,0.97,0.85,0.83,NA,NA,1.16,0.94,1.21,1.16,1.28,1.38,1.37,1.3,1.91,1.55,2.02,1.02,1.06,2.96,3.05,2.96,0.78,0.77,0.8,0.76,0.76,0.77,0.58,0.74,0.65,1.01,1.04,FALSE,FALSE,FALSE,FALSE,FALSE,FALSE,FALSE,FALSE,FALSE,FALSE,NA,NA,FALSE,FALSE,FALSE,FALSE,FALSE,FALSE,FALSE,FALSE,NA,NA,FALSE,FALSE,FALSE,FALSE,FALSE,FALSE,FALSE,FALSE,FALSE,FALSE,FALSE,FALSE,FALSE,FALSE,FALSE,FALSE,FALSE,FALSE,FALSE,FALSE,FALSE,FALSE,FALSE,FALSE,FALSE,FALSE,FALSE
867,1.55,1.55,3.31,4.54,2.27,2.11,2.11,1.02,0.83,0.94,NA,NA,4.01,4.03,3.92,2,2.01,0.83,0.77,0.81,NA,NA,1.64,1.61,1.48,1.41,1.55,1.37,1.38,1.29,2.53,2.31,2.81,1.57,1.63,3.58,3.63,3.58,0.7,0.7,0.7,0.56,0.52,0.56,0.73,0.8,0.7,1.01,1.14,FALSE,FALSE,FALSE,FALSE,FALSE,FALSE,FALSE,FALSE,FALSE,FALSE,NA,NA,FALSE,FALSE,FALSE,FALSE,FALSE,FALSE,FALSE,FALSE,NA,NA,FALSE,FALSE,FALSE,FALSE,FALSE,FALSE,FALSE,FALSE,FALSE,FALSE,FALSE,FALSE,FALSE,FALSE,FALSE,FALSE,FALSE,FALSE,FALSE,FALSE,FALSE,FALSE,FALSE,FALSE,FALSE,FALSE,FALSE
868,1.68,1.7,3.73,4.48,2.86,2.49,2.55,1.17,1.04,0.88,NA,NA,4.4,4.41,4.38,1.96,1.94,1.09,1.03,1.01,NA,NA,1.82,1.78,1.43,1.38,1.85,1.82,1.82,1.69,2.31,2.35,2.71,1.32,1.36,3.52,3.51,3.49,0.63,0.56,0.57,0.48,0.46,0.46,1.13,1.23,1.08,1.02,1.09,FALSE,FALSE,FALSE,FALSE,FALSE,FALSE,FALSE,FALSE,FALSE,FALSE,NA,NA,FALSE,FALSE,FALSE,FALSE,FALSE,FALSE,FALSE,FALSE,NA,NA,FALSE,FALSE,FALSE,FALSE,FALSE,FALSE,FALSE,FALSE,FALSE,FALSE,FALSE,FALSE,FALSE,FALSE,FALSE,FALSE,FALSE,FALSE,FALSE,FALSE,FALSE,FALSE,FALSE,FALSE,FALSE,FALSE,FALSE
869,1.28,1.28,2.78,3.34,2.17,1.74,1.73,1.18,1.19,0.95,NA,NA,3.31,3.3,3.32,1.22,1.18,0.72,0.73,0.66,NA,NA,1.24,1.18,0.88,0.89,1.19,1.42,1.42,1.34,1.64,1.6,1.78,0.92,0.9,2.32,2.33,2.3,0.49,0.5,0.5,0.48,0.44,0.49,0.63,0.63,0.61,1.22,1.18,FALSE,FALSE,FALSE,FALSE,FALSE,FALSE,FALSE,FALSE,FALSE,FALSE,NA,NA,FALSE,FALSE,FALSE,FALSE,FALSE,FALSE,FALSE,FALSE,NA,NA,FALSE,FALSE,FALSE,FALSE,FALSE,FALSE,FALSE,FALSE,FALSE,FALSE,FALSE,FALSE,FALSE,FALSE,FALSE,FALSE,FALSE,FALSE,FALSE,FALSE,FALSE,FALSE,FALSE,FALSE,FALSE,FALSE,FALSE
870,1.36,1.26,2.51,3.06,1.41,1.97,1.93,1.11,1.23,1.11,NA,NA,3.12,3.15,3.11,1.29,NA,0.8,0.85,0.88,NA,NA,1.4,1.41,0.86,0.89,1.37,1.24,1.24,1.23,1.5,1.31,1.61,0.81,0.89,2.17,2.22,2.27,0.72,0.64,0.79,0.67,0.62,0.65,0.76,0.75,0.7,1.18,1.18,FALSE,FALSE,FALSE,FALSE,FALSE,FALSE,FALSE,FALSE,FALSE,FALSE,NA,NA,FALSE,FALSE,FALSE,FALSE,NA,FALSE,FALSE,FALSE,NA,NA,FALSE,FALSE,FALSE,FALSE,FALSE,FALSE,FALSE,FALSE,FALSE,FALSE,FALSE,FALSE,FALSE,FALSE,FALSE,FALSE,FALSE,FALSE,FALSE,FALSE,FALSE,FALSE,FALSE,FALSE,FALSE,FALSE,FALSE
871,0.94,0.87,2.7,3.08,1.83,1.94,1.98,1.15,1.43,1.36,NA,NA,2.9,2.92,2.92,NA,NA,0.82,0.96,0.92,NA,NA,1.24,1.28,0.9,0.88,1.24,1.17,1.18,1,1.79,1.83,1.93,0.9,0.95,2.41,2.39,2.37,1.76,1.55,1.51,0.98,0.9,0.96,1.09,1.14,1.06,1.2,1.27,FALSE,FALSE,FALSE,FALSE,FALSE,FALSE,FALSE,FALSE,FALSE,FALSE,NA,NA,FALSE,FALSE,FALSE,NA,NA,FALSE,FALSE,FALSE,NA,NA,FALSE,FALSE,FALSE,FALSE,FALSE,FALSE,FALSE,FALSE,FALSE,FALSE,FALSE,FALSE,FALSE,FALSE,FALSE,FALSE,FALSE,FALSE,FALSE,FALSE,FALSE,FALSE,FALSE,FALSE,FALSE,FALSE,FALSE
872,1.24,1.16,1.97,2.21,1.79,1.54,1.57,1.36,1.62,1.4,NA,NA,2.68,2.74,2.75,NA,NA,0.76,0.9,0.82,NA,NA,1.39,1.29,1.18,1.16,1.39,1.55,1.54,1.4,1.46,1.71,1.47,0.77,0.88,2.86,2.78,2.87,1.4,1.25,1.18,0.78,0.83,0.81,0.52,0.48,0.53,1.14,1.16,FALSE,FALSE,FALSE,FALSE,FALSE,FALSE,FALSE,FALSE,FALSE,FALSE,NA,NA,FALSE,FALSE,FALSE,NA,NA,FALSE,FALSE,FALSE,NA,NA,FALSE,FALSE,FALSE,FALSE,FALSE,FALSE,FALSE,FALSE,FALSE,FALSE,FALSE,FALSE,FALSE,FALSE,FALSE,FALSE,FALSE,FALSE,FALSE,FALSE,FALSE,FALSE,FALSE,FALSE,FALSE,FALSE,FALSE
873,1.36,1.32,1.54,1.68,1.73,1.5,1.51,1.35,1.59,1.58,NA,NA,2.35,2.42,2.38,NA,NA,1.13,1.06,1,NA,NA,1.42,1.41,1.74,1.69,1.49,1.61,1.59,1.57,2.21,1.9,2.4,1.01,0.94,3.39,3.36,3.45,2.74,2.69,2.55,1.12,1.12,1.1,0.75,0.59,0.72,1.22,1.26,FALSE,FALSE,FALSE,FALSE,FALSE,FALSE,FALSE,FALSE,FALSE,FALSE,NA,NA,FALSE,FALSE,FALSE,NA,NA,FALSE,FALSE,FALSE,NA,NA,FALSE,FALSE,FALSE,FALSE,FALSE,FALSE,FALSE,FALSE,FALSE,FALSE,FALSE,FALSE,FALSE,FALSE,FALSE,FALSE,FALSE,FALSE,FALSE,FALSE,FALSE,FALSE,FALSE,FALSE,FALSE,FALSE,FALSE
874,1.41,1.38,1.74,1.71,1.95,1.43,1.45,1.41,1.6,1.49,NA,NA,2.73,2.73,2.77,NA,NA,0.77,0.76,0.73,NA,NA,1.34,1.33,1.33,1.37,1.36,1.83,1.84,1.72,1.83,1.74,2.12,1.01,1.02,3.59,3.65,3.68,2.79,2.82,2.63,1.2,1.23,1.2,0.73,0.65,0.72,1.21,1.19,FALSE,FALSE,FALSE,FALSE,FALSE,FALSE,FALSE,FALSE,FALSE,FALSE,NA,NA,FALSE,FALSE,FALSE,NA,NA,FALSE,FALSE,FALSE,NA,NA,FALSE,FALSE,FALSE,FALSE,FALSE,FALSE,FALSE,FALSE,FALSE,FALSE,FALSE,FALSE,FALSE,FALSE,FALSE,FALSE,FALSE,FALSE,FALSE,FALSE,FALSE,FALSE,FALSE,FALSE,FALSE,FALSE,FALSE
875,1.07,1.06,2.01,2.05,1.81,1.54,1.59,1.78,1.74,1.51,NA,NA,2.76,2.69,2.73,NA,NA,NA,1.17,1.15,NA,NA,1.41,1.37,1.36,1.37,1.42,1.53,1.53,1.58,1.41,1.7,1.6,0.76,0.74,4.9,4.94,4.87,2.8,2.74,2.63,1.85,1.87,1.85,0.7,0.58,0.76,0.95,0.9,FALSE,FALSE,FALSE,FALSE,FALSE,FALSE,FALSE,FALSE,FALSE,FALSE,NA,NA,FALSE,FALSE,FALSE,NA,NA,NA,FALSE,FALSE,NA,NA,FALSE,FALSE,FALSE,FALSE,FALSE,FALSE,FALSE,FALSE,FALSE,FALSE,FALSE,FALSE,FALSE,FALSE,FALSE,FALSE,FALSE,FALSE,FALSE,FALSE,FALSE,FALSE,FALSE,FALSE,FALSE,FALSE,FALSE
876,1.49,1.51,2.59,2.71,1.91,1.65,1.61,1.66,1.96,1.53,NA,NA,2.57,2.49,2.57,NA,NA,NA,NA,1.01,NA,NA,1.55,1.5,1.68,1.65,1.52,2.05,2.05,1.89,2.09,1.57,2.17,1.1,1.13,4.84,4.83,4.75,3.91,3.83,3.91,2.13,2.11,2.14,1.25,0.93,1.25,1.11,1.11,FALSE,FALSE,FALSE,FALSE,FALSE,FALSE,FALSE,FALSE,FALSE,FALSE,NA,NA,FALSE,FALSE,FALSE,NA,NA,NA,NA,FALSE,NA,NA,FALSE,FALSE,FALSE,FALSE,FALSE,FALSE,FALSE,FALSE,FALSE,FALSE,FALSE,FALSE,FALSE,FALSE,FALSE,FALSE,FALSE,FALSE,FALSE,FALSE,FALSE,FALSE,FALSE,FALSE,FALSE,FALSE,FALSE
877,NA,NA,2.11,1.62,1.79,2.99,2.57,2,2.26,1.66,NA,NA,3.48,3.39,3.47,NA,NA,NA,NA,0.78,NA,NA,2.15,2.18,1.86,1.86,2.12,1.74,1.74,1.59,2.62,2.2,2.63,1.54,1.56,5.3,5.47,5.18,2.04,1.98,1.96,1.1,1.08,1.13,1.27,1.13,1.23,1.29,1.3,NA,NA,FALSE,FALSE,FALSE,FALSE,FALSE,FALSE,TRUE,FALSE,NA,NA,FALSE,FALSE,FALSE,NA,NA,NA,NA,FALSE,NA,NA,FALSE,FALSE,FALSE,FALSE,FALSE,FALSE,FALSE,FALSE,FALSE,FALSE,FALSE,FALSE,FALSE,FALSE,FALSE,FALSE,FALSE,FALSE,FALSE,FALSE,FALSE,FALSE,FALSE,FALSE,FALSE,FALSE,FALSE
878,NA,NA,1.97,1.6,1.95,3.24,2.91,1.81,1.82,1.66,NA,NA,3.65,3.59,3.63,NA,NA,NA,NA,NA,NA,NA,1.79,1.75,1.95,1.99,1.86,2.18,2.18,1.86,3.28,2.12,3.1,1.82,1.82,4.81,4.95,4.74,1.59,1.53,1.59,2.01,1.98,2.04,2.47,2.47,2.5,1.47,1.52,NA,NA,FALSE,FALSE,FALSE,FALSE,FALSE,FALSE,FALSE,FALSE,NA,NA,FALSE,FALSE,FALSE,NA,NA,NA,NA,NA,NA,NA,FALSE,FALSE,FALSE,FALSE,FALSE,FALSE,FALSE,FALSE,FALSE,FALSE,FALSE,FALSE,FALSE,FALSE,FALSE,FALSE,FALSE,FALSE,FALSE,FALSE,FALSE,FALSE,FALSE,FALSE,FALSE,FALSE,FALSE
879,NA,NA,1.08,0.79,1.14,1.82,1.79,1.79,1.66,1.68,NA,NA,3.14,3.07,3.11,NA,NA,NA,NA,NA,NA,NA,0.94,0.89,1.18,1.19,0.98,1.52,1.53,1.36,2.27,1.35,2.14,1.14,1.14,3.67,3.27,3.06,0.96,0.9,1,2.08,1.84,2.13,0.97,1.01,1.04,0.97,0.97,NA,NA,FALSE,FALSE,FALSE,FALSE,FALSE,FALSE,FALSE,FALSE,NA,NA,FALSE,FALSE,FALSE,NA,NA,NA,NA,NA,NA,NA,FALSE,FALSE,FALSE,FALSE,FALSE,FALSE,FALSE,FALSE,FALSE,FALSE,FALSE,FALSE,FALSE,FALSE,FALSE,FALSE,FALSE,FALSE,FALSE,FALSE,FALSE,FALSE,FALSE,FALSE,FALSE,FALSE,FALSE
880,NA,NA,0.97,0.75,1.33,NA,NA,1.7,1.6,NA,NA,NA,2.81,2.82,2.81,NA,NA,NA,NA,NA,NA,NA,1.12,1.03,1.27,1.29,1.24,1.9,1.9,1.66,1.84,1.48,1.79,0.94,0.98,3.68,3.56,3.53,0.88,0.93,0.93,2.16,2.21,2.24,0.92,0.95,0.95,1.11,1.18,NA,NA,FALSE,FALSE,FALSE,NA,NA,FALSE,FALSE,NA,NA,NA,FALSE,FALSE,FALSE,NA,NA,NA,NA,NA,NA,NA,FALSE,FALSE,FALSE,FALSE,FALSE,FALSE,FALSE,FALSE,FALSE,FALSE,FALSE,FALSE,FALSE,FALSE,FALSE,FALSE,FALSE,FALSE,FALSE,FALSE,FALSE,FALSE,FALSE,FALSE,FALSE,FALSE,FALSE
881,NA,NA,1.7,1.12,2.37,NA,NA,1.55,1.49,NA,NA,NA,3.72,3.66,3.73,NA,NA,NA,NA,NA,NA,NA,1.09,1.05,1.43,1.4,0.93,1.66,1.66,1.6,1.27,1.31,1.21,0.69,0.73,3.34,3.3,3.35,1.73,1.74,1.66,1.56,1.5,1.58,1.33,1.47,1.47,1.5,1.44,NA,NA,FALSE,FALSE,FALSE,NA,NA,FALSE,FALSE,NA,NA,NA,FALSE,FALSE,FALSE,NA,NA,NA,NA,NA,NA,NA,FALSE,FALSE,FALSE,FALSE,FALSE,FALSE,FALSE,FALSE,FALSE,FALSE,FALSE,FALSE,FALSE,FALSE,FALSE,FALSE,FALSE,FALSE,FALSE,FALSE,FALSE,FALSE,FALSE,FALSE,FALSE,FALSE,FALSE
882,NA,NA,1.21,0.98,1.6,NA,NA,1.36,NA,NA,NA,NA,3.11,3.12,3.08,NA,NA,NA,NA,NA,NA,NA,1.16,1.23,1.24,1.29,1.28,1.43,1.44,1.35,1.05,1.21,1.06,0.75,0.72,2.52,2.63,2.45,1.41,1.43,1.41,0.97,1.06,1.01,0.95,1.12,1.01,NA,1.21,NA,NA,FALSE,FALSE,FALSE,NA,NA,FALSE,NA,NA,NA,NA,FALSE,FALSE,FALSE,NA,NA,NA,NA,NA,NA,NA,FALSE,FALSE,FALSE,FALSE,FALSE,FALSE,FALSE,FALSE,FALSE,FALSE,FALSE,FALSE,FALSE,FALSE,FALSE,FALSE,FALSE,FALSE,FALSE,FALSE,FALSE,FALSE,FALSE,FALSE,FALSE,NA,FALSE
883,NA,NA,1.32,1.14,1.57,NA,NA,1.67,NA,NA,NA,NA,2.76,2.82,2.79,NA,NA,NA,NA,NA,NA,NA,1.07,1.07,1.05,1.02,1.11,1.24,1.23,1.06,0.86,1.12,0.87,0.55,0.56,2.68,2.82,2.72,2.07,2.03,2.04,1.12,1.18,1.1,0.85,0.95,0.87,NA,NA,NA,NA,FALSE,FALSE,FALSE,NA,NA,FALSE,NA,NA,NA,NA,FALSE,FALSE,FALSE,NA,NA,NA,NA,NA,NA,NA,FALSE,FALSE,FALSE,FALSE,FALSE,FALSE,FALSE,FALSE,FALSE,FALSE,FALSE,FALSE,FALSE,FALSE,FALSE,FALSE,FALSE,FALSE,FALSE,FALSE,FALSE,FALSE,FALSE,FALSE,FALSE,NA,NA
884,NA,NA,2.72,2.38,3.54,NA,NA,1.66,NA,NA,NA,NA,2.94,2.89,2.94,NA,NA,NA,NA,NA,NA,NA,1.57,1.48,1.38,1.48,1.56,1.52,1.53,1.32,1.07,1.16,1.09,0.77,0.76,4.02,4.26,4.05,3.13,3.01,3.11,1.56,1.52,1.54,1.36,1.43,1.37,NA,NA,NA,NA,FALSE,FALSE,FALSE,NA,NA,FALSE,NA,NA,NA,NA,FALSE,FALSE,FALSE,NA,NA,NA,NA,NA,NA,NA,FALSE,FALSE,FALSE,FALSE,FALSE,FALSE,FALSE,FALSE,FALSE,FALSE,FALSE,FALSE,FALSE,FALSE,FALSE,FALSE,FALSE,FALSE,FALSE,FALSE,FALSE,FALSE,FALSE,FALSE,FALSE,NA,NA
885,NA,NA,1.59,1.52,2.03,NA,NA,NA,NA,NA,NA,NA,3.16,3.1,3.12,NA,NA,NA,NA,NA,NA,NA,1.49,1.15,0.99,1.05,1.36,0.87,0.87,0.91,0.07,0.03,0.06,0.05,0.06,4.07,4,4.09,2.76,2.77,2.72,1.69,1.62,1.69,1.38,1.42,1.41,NA,NA,NA,NA,FALSE,FALSE,FALSE,NA,NA,NA,NA,NA,NA,NA,FALSE,FALSE,FALSE,NA,NA,NA,NA,NA,NA,NA,FALSE,FALSE,FALSE,FALSE,FALSE,FALSE,FALSE,FALSE,FALSE,FALSE,FALSE,FALSE,FALSE,FALSE,FALSE,FALSE,FALSE,FALSE,FALSE,FALSE,FALSE,FALSE,FALSE,FALSE,FALSE,NA,NA
886,NA,NA,1.42,1.41,1.67,NA,NA,NA,NA,NA,NA,NA,4.33,4.14,4.29,NA,NA,NA,NA,NA,NA,NA,1.56,1.66,1.55,1.63,1.56,1,1,1.03,0.22,0.16,0.23,0.1,0.09,3.66,3.72,3.67,3.37,3.46,3.37,2.58,2.58,2.6,1.65,1.62,1.58,NA,NA,NA,NA,FALSE,FALSE,FALSE,NA,NA,NA,NA,NA,NA,NA,FALSE,FALSE,FALSE,NA,NA,NA,NA,NA,NA,NA,FALSE,FALSE,FALSE,FALSE,FALSE,FALSE,FALSE,FALSE,FALSE,FALSE,FALSE,FALSE,FALSE,FALSE,FALSE,FALSE,FALSE,FALSE,FALSE,FALSE,FALSE,FALSE,FALSE,FALSE,FALSE,NA,NA
887,NA,NA,1.97,1.98,2.2,NA,NA,NA,NA,NA,NA,NA,3.3,3.3,3.31,NA,NA,NA,NA,NA,NA,NA,1.17,1.21,1.1,1.15,1.18,0.74,0.75,0.74,0.25,0.27,0.25,0.06,0.07,2.8,2.79,2.83,2.84,2.97,2.84,1.95,1.95,2.01,1,1.13,1.02,NA,NA,NA,NA,FALSE,FALSE,FALSE,NA,NA,NA,NA,NA,NA,NA,FALSE,FALSE,FALSE,NA,NA,NA,NA,NA,NA,NA,FALSE,FALSE,FALSE,FALSE,FALSE,FALSE,FALSE,FALSE,FALSE,FALSE,FALSE,FALSE,FALSE,FALSE,FALSE,FALSE,FALSE,FALSE,FALSE,FALSE,FALSE,FALSE,FALSE,FALSE,FALSE,NA,NA
888,NA,NA,2.96,3.02,3.14,NA,NA,NA,NA,NA,NA,NA,2.77,2.57,2.62,NA,NA,NA,NA,NA,NA,NA,1.36,1.32,1.04,1.07,1.35,0.95,0.93,0.99,0.3,0.22,0.26,0.11,0.12,2.84,2.83,2.83,2.16,2.17,2.16,1.61,1.44,1.62,0.81,0.77,0.72,NA,NA,NA,NA,FALSE,FALSE,FALSE,NA,NA,NA,NA,NA,NA,NA,FALSE,FALSE,FALSE,NA,NA,NA,NA,NA,NA,NA,FALSE,FALSE,FALSE,FALSE,FALSE,FALSE,FALSE,FALSE,FALSE,FALSE,FALSE,FALSE,FALSE,FALSE,FALSE,FALSE,FALSE,FALSE,FALSE,FALSE,FALSE,FALSE,FALSE,FALSE,FALSE,NA,NA
889,NA,NA,3.46,3.48,3.11,NA,NA,NA,NA,NA,NA,NA,2.75,2.71,2.74,NA,NA,NA,NA,NA,NA,NA,1.77,1.74,1.28,1.31,1.8,0.88,0.92,0.99,0.3,0.16,0.27,0.12,0.11,2.58,2.46,2.51,2.39,2.4,2.37,2.03,2.07,2.06,1.04,1.07,1,NA,NA,NA,NA,FALSE,FALSE,FALSE,NA,NA,NA,NA,NA,NA,NA,FALSE,FALSE,FALSE,NA,NA,NA,NA,NA,NA,NA,FALSE,FALSE,FALSE,FALSE,FALSE,FALSE,FALSE,FALSE,FALSE,FALSE,FALSE,FALSE,FALSE,FALSE,FALSE,FALSE,FALSE,FALSE,FALSE,FALSE,FALSE,FALSE,FALSE,FALSE,FALSE,NA,NA
890,NA,NA,3.16,2.95,3.18,NA,NA,NA,NA,NA,NA,NA,2.31,2.25,2.3,NA,NA,NA,NA,NA,NA,NA,1.39,1.37,1.15,1.19,1.39,0.92,0.89,0.92,0.18,0.16,0.16,0.13,0.13,1.39,1.41,1.73,1.66,1.7,1.69,1.89,1.86,1.9,0.66,0.71,0.62,NA,NA,NA,NA,FALSE,FALSE,FALSE,NA,NA,NA,NA,NA,NA,NA,FALSE,FALSE,FALSE,NA,NA,NA,NA,NA,NA,NA,FALSE,FALSE,FALSE,FALSE,FALSE,FALSE,FALSE,FALSE,FALSE,FALSE,FALSE,FALSE,FALSE,FALSE,FALSE,FALSE,FALSE,FALSE,FALSE,FALSE,FALSE,FALSE,FALSE,FALSE,FALSE,NA,NA
891,NA,NA,1.78,1.91,1.76,NA,NA,NA,NA,NA,NA,NA,2.11,2.03,2.1,NA,NA,NA,NA,NA,NA,NA,1.51,1.42,1.13,1.17,1.55,0.71,0.77,0.71,0.22,0.24,0.19,0.15,0.14,1.96,1.94,2.04,2.21,2.27,2.22,1.84,1.76,1.91,0.72,0.79,0.68,NA,NA,NA,NA,FALSE,FALSE,FALSE,NA,NA,NA,NA,NA,NA,NA,FALSE,FALSE,FALSE,NA,NA,NA,NA,NA,NA,NA,FALSE,FALSE,FALSE,FALSE,FALSE,FALSE,FALSE,FALSE,FALSE,FALSE,FALSE,FALSE,FALSE,FALSE,FALSE,FALSE,FALSE,FALSE,FALSE,FALSE,FALSE,FALSE,FALSE,FALSE,FALSE,NA,NA
892,NA,NA,2.45,2.14,2.26,NA,NA,NA,NA,NA,NA,NA,3.07,3.05,3.1,NA,NA,NA,NA,NA,NA,NA,1.54,1.4,0.87,0.91,1.55,0.85,0.87,0.86,0.24,0.27,0.21,0.19,0.25,2.28,2.2,2.47,2.11,2.18,2.11,2.47,2.49,2.68,1.1,1.15,1.1,NA,NA,NA,NA,FALSE,FALSE,FALSE,NA,NA,NA,NA,NA,NA,NA,FALSE,FALSE,FALSE,NA,NA,NA,NA,NA,NA,NA,FALSE,FALSE,FALSE,FALSE,FALSE,FALSE,FALSE,FALSE,FALSE,FALSE,FALSE,FALSE,FALSE,FALSE,FALSE,FALSE,FALSE,FALSE,FALSE,FALSE,FALSE,FALSE,FALSE,FALSE,FALSE,NA,NA
893,NA,NA,2.38,2.1,2.37,NA,NA,NA,NA,NA,NA,NA,2.7,2.71,2.64,NA,NA,NA,NA,NA,NA,NA,1.88,1.84,1.28,1.31,1.86,0.88,0.88,0.85,0.42,0.45,0.46,0.23,0.22,2.86,2.87,2.8,2.91,2.95,2.87,3.45,3.31,3.53,1.67,1.76,1.69,NA,NA,NA,NA,FALSE,FALSE,FALSE,NA,NA,NA,NA,NA,NA,NA,FALSE,FALSE,FALSE,NA,NA,NA,NA,NA,NA,NA,FALSE,FALSE,FALSE,FALSE,FALSE,FALSE,FALSE,FALSE,FALSE,FALSE,FALSE,FALSE,FALSE,FALSE,FALSE,FALSE,FALSE,FALSE,FALSE,FALSE,FALSE,FALSE,FALSE,FALSE,FALSE,NA,NA
894,NA,NA,1.6,1.2,1.81,NA,NA,NA,NA,NA,NA,NA,2.69,2.75,2.7,NA,NA,NA,NA,NA,NA,NA,1.68,1.53,0.97,1.03,1.65,1.18,1.15,1.16,0.42,0.42,0.45,0.21,0.23,2.76,2.75,2.81,2.11,2.18,2.08,3.78,3.73,3.66,1.34,1.38,1.35,NA,NA,NA,NA,FALSE,FALSE,FALSE,NA,NA,NA,NA,NA,NA,NA,FALSE,FALSE,FALSE,NA,NA,NA,NA,NA,NA,NA,FALSE,FALSE,FALSE,FALSE,FALSE,FALSE,FALSE,FALSE,FALSE,FALSE,FALSE,FALSE,FALSE,FALSE,FALSE,FALSE,FALSE,FALSE,FALSE,FALSE,FALSE,FALSE,FALSE,FALSE,FALSE,NA,NA
895,NA,NA,2.35,2.25,2.4,NA,NA,NA,NA,NA,NA,NA,2.55,2.66,2.58,NA,NA,NA,NA,NA,NA,NA,1.71,1.71,0.96,0.99,1.71,1.03,1.09,1.08,0.52,0.48,0.52,0.33,0.35,2.96,2.93,2.89,3.98,4.06,3.96,3.1,3.24,3.18,1.33,1.5,1.37,NA,NA,NA,NA,FALSE,FALSE,FALSE,NA,NA,NA,NA,NA,NA,NA,FALSE,FALSE,FALSE,NA,NA,NA,NA,NA,NA,NA,FALSE,FALSE,FALSE,FALSE,FALSE,FALSE,FALSE,FALSE,FALSE,FALSE,FALSE,FALSE,FALSE,FALSE,FALSE,FALSE,FALSE,FALSE,FALSE,FALSE,FALSE,FALSE,FALSE,FALSE,FALSE,NA,NA
896,NA,NA,1.27,1.26,1.35,NA,NA,NA,NA,NA,NA,NA,3.08,3.14,3.13,NA,NA,NA,NA,NA,NA,NA,1.09,1.07,0.66,0.66,1.1,1.08,1.11,1.15,0.49,0.52,0.53,0.3,0.32,2.13,2.12,2.1,2.4,2.47,2.38,1.98,2,1.92,0.68,0.7,0.68,NA,NA,NA,NA,FALSE,FALSE,FALSE,NA,NA,NA,NA,NA,NA,NA,FALSE,FALSE,FALSE,NA,NA,NA,NA,NA,NA,NA,FALSE,FALSE,FALSE,FALSE,FALSE,FALSE,FALSE,FALSE,FALSE,FALSE,FALSE,FALSE,FALSE,FALSE,FALSE,FALSE,FALSE,FALSE,FALSE,FALSE,FALSE,FALSE,FALSE,FALSE,FALSE,NA,NA
897,NA,NA,0.97,0.86,1.02,NA,NA,NA,NA,NA,NA,NA,3,3.13,3.15,NA,NA,NA,NA,NA,NA,NA,1.53,1.51,0.77,0.75,1.55,0.96,0.99,0.98,0.68,0.47,0.73,0.32,0.33,2,2.03,1.94,3.62,3.66,3.61,2.61,2.38,2.33,1.04,1.29,1.06,NA,NA,NA,NA,FALSE,FALSE,FALSE,NA,NA,NA,NA,NA,NA,NA,FALSE,FALSE,FALSE,NA,NA,NA,NA,NA,NA,NA,FALSE,FALSE,FALSE,FALSE,FALSE,FALSE,FALSE,FALSE,FALSE,FALSE,FALSE,FALSE,FALSE,FALSE,FALSE,FALSE,FALSE,FALSE,FALSE,FALSE,FALSE,FALSE,FALSE,FALSE,FALSE,NA,NA
898,NA,NA,0.89,0.77,0.79,NA,NA,NA,NA,NA,NA,NA,3.32,3.35,3.44,NA,NA,NA,NA,NA,NA,NA,1.56,1.58,0.82,0.89,1.56,0.9,0.9,0.93,0.61,0.46,0.6,0.46,0.47,2.31,2.25,2.15,4.57,4.52,4.56,4.02,3.78,3.72,1.06,1.36,1.1,NA,NA,NA,NA,FALSE,FALSE,FALSE,NA,NA,NA,NA,NA,NA,NA,FALSE,FALSE,FALSE,NA,NA,NA,NA,NA,NA,NA,FALSE,FALSE,FALSE,FALSE,FALSE,FALSE,FALSE,FALSE,FALSE,FALSE,FALSE,FALSE,FALSE,FALSE,FALSE,FALSE,TRUE,TRUE,TRUE,TRUE,FALSE,FALSE,FALSE,FALSE,FALSE,NA,NA
899,NA,NA,1.02,0.76,0.89,NA,NA,NA,NA,NA,NA,NA,3.18,3.19,3.24,NA,NA,NA,NA,NA,NA,NA,1.52,1.5,0.84,0.85,1.51,0.65,0.61,0.61,0.53,0.51,0.52,0.52,0.55,2.3,2.31,2.12,3.1,3.11,3.12,3.67,3.98,4.04,1.14,1.27,1.1,NA,NA,NA,NA,FALSE,FALSE,FALSE,NA,NA,NA,NA,NA,NA,NA,FALSE,FALSE,FALSE,NA,NA,NA,NA,NA,NA,NA,FALSE,FALSE,FALSE,FALSE,FALSE,FALSE,FALSE,FALSE,FALSE,FALSE,FALSE,FALSE,FALSE,FALSE,FALSE,FALSE,FALSE,FALSE,FALSE,FALSE,TRUE,TRUE,FALSE,FALSE,FALSE,NA,NA
900,NA,NA,1.11,1.03,1.14,NA,NA,NA,NA,NA,NA,NA,2.17,2.19,2.19,NA,NA,NA,NA,NA,NA,NA,1.61,1.53,0.82,0.82,1.6,0.81,0.75,0.71,0.52,0.54,0.59,0.53,0.51,1.96,1.91,1.88,2.13,2.09,2.1,3.1,2.82,2.95,0.81,1.04,0.85,NA,NA,NA,NA,FALSE,FALSE,FALSE,NA,NA,NA,NA,NA,NA,NA,FALSE,FALSE,FALSE,NA,NA,NA,NA,NA,NA,NA,FALSE,FALSE,FALSE,FALSE,FALSE,FALSE,FALSE,FALSE,FALSE,FALSE,FALSE,FALSE,FALSE,FALSE,FALSE,FALSE,FALSE,FALSE,FALSE,FALSE,FALSE,FALSE,FALSE,FALSE,FALSE,NA,NA
901,NA,NA,0.56,0.49,0.6,NA,NA,NA,NA,NA,NA,NA,1.65,1.66,1.59,NA,NA,NA,NA,NA,NA,NA,1.23,1.24,0.84,0.81,1.22,0.68,0.66,0.7,0.38,0.38,0.43,0.43,0.39,1.54,1.49,1.44,1.64,1.62,1.61,2.27,2.27,2.33,0.73,0.73,0.68,NA,NA,NA,NA,FALSE,FALSE,FALSE,NA,NA,NA,NA,NA,NA,NA,FALSE,FALSE,FALSE,NA,NA,NA,NA,NA,NA,NA,FALSE,FALSE,FALSE,FALSE,FALSE,FALSE,FALSE,FALSE,FALSE,FALSE,FALSE,FALSE,FALSE,FALSE,FALSE,FALSE,FALSE,FALSE,FALSE,FALSE,FALSE,FALSE,FALSE,FALSE,FALSE,NA,NA
902,NA,NA,0.57,0.51,0.68,NA,NA,NA,NA,NA,NA,NA,2.19,2.23,2.18,NA,NA,NA,NA,NA,NA,NA,1.22,1.2,0.89,0.93,1.19,0.54,0.54,0.52,0.43,0.45,0.45,0.43,0.45,1.44,1.41,1.29,2.21,2.31,2.2,1.65,1.53,1.57,0.88,NA,0.94,NA,NA,NA,NA,FALSE,FALSE,FALSE,NA,NA,NA,NA,NA,NA,NA,FALSE,FALSE,FALSE,NA,NA,NA,NA,NA,NA,NA,FALSE,FALSE,FALSE,FALSE,FALSE,FALSE,FALSE,FALSE,FALSE,FALSE,FALSE,FALSE,FALSE,FALSE,FALSE,FALSE,FALSE,FALSE,FALSE,FALSE,FALSE,FALSE,FALSE,NA,FALSE,NA,NA
903,NA,NA,0.57,0.56,0.6,NA,NA,NA,NA,NA,NA,NA,2.81,2.85,2.78,NA,NA,NA,NA,NA,NA,NA,1.46,1.59,0.84,0.85,1.45,0.85,0.83,0.82,0.53,0.45,0.53,0.53,0.51,1.88,1.9,1.75,2.49,NA,2.31,1.93,1.84,1.89,1.36,NA,0.99,NA,NA,NA,NA,FALSE,FALSE,FALSE,NA,NA,NA,NA,NA,NA,NA,FALSE,FALSE,FALSE,NA,NA,NA,NA,NA,NA,NA,FALSE,FALSE,FALSE,FALSE,FALSE,FALSE,FALSE,FALSE,FALSE,FALSE,FALSE,FALSE,FALSE,FALSE,FALSE,FALSE,FALSE,NA,FALSE,FALSE,FALSE,FALSE,FALSE,NA,FALSE,NA,NA
904,NA,NA,0.57,0.59,0.64,NA,NA,NA,NA,NA,NA,NA,3.01,2.98,3.08,NA,NA,NA,NA,NA,NA,NA,1.28,1.22,0.79,0.76,1.15,1.06,1.11,1.1,0.57,0.62,0.62,0.59,0.6,2.69,2.63,2.6,NA,NA,NA,3.81,3.82,3.87,1.98,NA,1.95,NA,NA,NA,NA,FALSE,FALSE,FALSE,NA,NA,NA,NA,NA,NA,NA,FALSE,FALSE,FALSE,NA,NA,NA,NA,NA,NA,NA,FALSE,FALSE,FALSE,FALSE,FALSE,FALSE,FALSE,FALSE,FALSE,FALSE,FALSE,FALSE,FALSE,FALSE,FALSE,FALSE,NA,NA,NA,FALSE,FALSE,FALSE,FALSE,NA,FALSE,NA,NA
905,NA,NA,0.49,0.4,0.49,NA,NA,NA,NA,NA,NA,NA,1.91,1.95,1.88,NA,NA,NA,NA,NA,NA,NA,NA,1.34,0.57,0.65,1.23,1.06,1.03,1.03,0.96,0.62,0.82,0.81,0.75,2.16,2.1,2.14,NA,NA,NA,2.1,1.86,1.87,1.11,NA,1.12,NA,NA,NA,NA,FALSE,FALSE,FALSE,NA,NA,NA,NA,NA,NA,NA,FALSE,FALSE,FALSE,NA,NA,NA,NA,NA,NA,NA,NA,FALSE,FALSE,FALSE,FALSE,FALSE,FALSE,FALSE,FALSE,FALSE,FALSE,FALSE,FALSE,FALSE,FALSE,FALSE,NA,NA,NA,FALSE,FALSE,FALSE,FALSE,NA,FALSE,NA,NA
906,NA,NA,0.41,0.29,0.38,NA,NA,NA,NA,NA,NA,NA,2.11,2.17,2.12,NA,NA,NA,NA,NA,NA,NA,NA,NA,0.73,0.68,NA,0.64,0.67,0.67,1.18,0.73,1.14,0.92,0.87,2.08,2.08,2.08,NA,NA,NA,1.64,1.56,1.57,NA,NA,NA,NA,NA,NA,NA,FALSE,FALSE,FALSE,NA,NA,NA,NA,NA,NA,NA,FALSE,FALSE,FALSE,NA,NA,NA,NA,NA,NA,NA,NA,NA,FALSE,FALSE,NA,FALSE,FALSE,FALSE,FALSE,FALSE,FALSE,FALSE,FALSE,FALSE,FALSE,FALSE,NA,NA,NA,FALSE,FALSE,FALSE,NA,NA,NA,NA,NA
907,NA,NA,0.51,0.48,0.59,NA,NA,NA,NA,NA,NA,NA,2.73,2.9,2.86,NA,NA,NA,NA,NA,NA,NA,NA,NA,0.78,0.81,NA,1.23,1.22,1.19,1.04,1.03,1.21,0.94,0.87,2.64,2.56,2.6,NA,NA,NA,4.31,4.21,4.14,NA,NA,NA,NA,NA,NA,NA,FALSE,FALSE,FALSE,NA,NA,NA,NA,NA,NA,NA,FALSE,FALSE,FALSE,NA,NA,NA,NA,NA,NA,NA,NA,NA,FALSE,FALSE,NA,FALSE,FALSE,FALSE,FALSE,FALSE,FALSE,FALSE,FALSE,FALSE,FALSE,FALSE,NA,NA,NA,TRUE,TRUE,TRUE,NA,NA,NA,NA,NA
908,NA,NA,0.76,0.73,0.79,NA,NA,NA,NA,NA,NA,NA,2.42,2.25,2.23,NA,NA,NA,NA,NA,NA,NA,NA,NA,0.77,0.79,NA,1.19,1.15,1.13,1.41,1.39,1.14,0.81,0.83,2.5,2.47,2.5,NA,NA,NA,3.22,3.55,3.41,NA,NA,NA,NA,NA,NA,NA,FALSE,FALSE,FALSE,NA,NA,NA,NA,NA,NA,NA,FALSE,FALSE,FALSE,NA,NA,NA,NA,NA,NA,NA,NA,NA,FALSE,FALSE,NA,FALSE,FALSE,FALSE,FALSE,FALSE,FALSE,FALSE,FALSE,FALSE,FALSE,FALSE,NA,NA,NA,FALSE,FALSE,FALSE,NA,NA,NA,NA,NA
909,NA,NA,0.48,0.45,0.37,NA,NA,NA,NA,NA,NA,NA,1.87,1.9,1.86,NA,NA,NA,NA,NA,NA,NA,NA,NA,0.63,0.65,NA,1.04,1.05,1.01,1.31,1.31,1,0.75,0.72,2.19,2.09,2.18,NA,NA,NA,NA,NA,NA,NA,NA,NA,NA,NA,NA,NA,FALSE,FALSE,FALSE,NA,NA,NA,NA,NA,NA,NA,FALSE,FALSE,FALSE,NA,NA,NA,NA,NA,NA,NA,NA,NA,FALSE,FALSE,NA,FALSE,FALSE,FALSE,FALSE,FALSE,FALSE,FALSE,FALSE,FALSE,FALSE,FALSE,NA,NA,NA,NA,NA,NA,NA,NA,NA,NA,NA
910,NA,NA,0.54,0.63,0.54,NA,NA,NA,NA,NA,NA,NA,1.27,1.3,1.33,NA,NA,NA,NA,NA,NA,NA,NA,NA,0.64,0.63,NA,0.71,0.69,0.65,0.94,0.95,1.09,0.82,0.76,2.05,1.95,2.06,NA,NA,NA,NA,NA,NA,NA,NA,NA,NA,NA,NA,NA,FALSE,FALSE,FALSE,NA,NA,NA,NA,NA,NA,NA,FALSE,FALSE,FALSE,NA,NA,NA,NA,NA,NA,NA,NA,NA,FALSE,FALSE,NA,FALSE,FALSE,FALSE,FALSE,FALSE,FALSE,FALSE,FALSE,FALSE,FALSE,FALSE,NA,NA,NA,NA,NA,NA,NA,NA,NA,NA,NA
911,NA,NA,0.49,0.55,0.59,NA,NA,NA,NA,NA,NA,NA,NA,NA,NA,NA,NA,NA,NA,NA,NA,NA,NA,NA,0.62,0.61,NA,0.78,0.76,0.7,0.67,0.64,1.02,0.85,0.65,2.49,2.42,2.48,NA,NA,NA,NA,NA,NA,NA,NA,NA,NA,NA,NA,NA,FALSE,FALSE,FALSE,NA,NA,NA,NA,NA,NA,NA,NA,NA,NA,NA,NA,NA,NA,NA,NA,NA,NA,NA,FALSE,FALSE,NA,FALSE,FALSE,FALSE,FALSE,FALSE,FALSE,FALSE,FALSE,FALSE,FALSE,FALSE,NA,NA,NA,NA,NA,NA,NA,NA,NA,NA,NA
912,NA,NA,0.27,0.26,0.35,NA,NA,NA,NA,NA,NA,NA,NA,NA,NA,NA,NA,NA,NA,NA,NA,NA,NA,NA,0.58,0.6,NA,0.69,0.69,0.62,0.47,0.45,0.85,0.57,0.6,2.18,2.14,2.15,NA,NA,NA,NA,NA,NA,NA,NA,NA,NA,NA,NA,NA,FALSE,FALSE,FALSE,NA,NA,NA,NA,NA,NA,NA,NA,NA,NA,NA,NA,NA,NA,NA,NA,NA,NA,NA,FALSE,FALSE,NA,FALSE,FALSE,FALSE,FALSE,FALSE,FALSE,FALSE,FALSE,FALSE,FALSE,FALSE,NA,NA,NA,NA,NA,NA,NA,NA,NA,NA,NA
913,NA,NA,0.36,0.35,0.41,NA,NA,NA,NA,NA,NA,NA,NA,NA,NA,NA,NA,NA,NA,NA,NA,NA,NA,NA,0.6,0.62,NA,0.85,0.78,0.77,0.52,0.53,0.66,0.46,0.53,2.35,2.21,2.34,NA,NA,NA,NA,NA,NA,NA,NA,NA,NA,NA,NA,NA,FALSE,FALSE,FALSE,NA,NA,NA,NA,NA,NA,NA,NA,NA,NA,NA,NA,NA,NA,NA,NA,NA,NA,NA,FALSE,FALSE,NA,FALSE,FALSE,FALSE,FALSE,FALSE,FALSE,FALSE,FALSE,FALSE,FALSE,FALSE,NA,NA,NA,NA,NA,NA,NA,NA,NA,NA,NA
914,NA,NA,0.32,0.32,0.35,NA,NA,NA,NA,NA,NA,NA,NA,NA,NA,NA,NA,NA,NA,NA,NA,NA,NA,NA,0.51,0.53,NA,0.43,0.48,0.44,0.56,0.57,0.68,0.57,0.59,2.34,2.44,2.28,NA,NA,NA,NA,NA,NA,NA,NA,NA,NA,NA,NA,NA,FALSE,FALSE,FALSE,NA,NA,NA,NA,NA,NA,NA,NA,NA,NA,NA,NA,NA,NA,NA,NA,NA,NA,NA,FALSE,FALSE,NA,FALSE,FALSE,FALSE,FALSE,FALSE,FALSE,FALSE,FALSE,FALSE,FALSE,FALSE,NA,NA,NA,NA,NA,NA,NA,NA,NA,NA,NA
915,NA,NA,0.4,0.43,0.37,NA,NA,NA,NA,NA,NA,NA,NA,NA,NA,NA,NA,NA,NA,NA,NA,NA,NA,NA,0.89,0.89,NA,0.95,0.93,0.85,1.34,1.27,1.6,0.96,1.03,3.33,3.26,3.27,NA,NA,NA,NA,NA,NA,NA,NA,NA,NA,NA,NA,NA,FALSE,FALSE,FALSE,NA,NA,NA,NA,NA,NA,NA,NA,NA,NA,NA,NA,NA,NA,NA,NA,NA,NA,NA,FALSE,FALSE,NA,FALSE,FALSE,FALSE,FALSE,FALSE,FALSE,FALSE,FALSE,FALSE,FALSE,FALSE,NA,NA,NA,NA,NA,NA,NA,NA,NA,NA,NA
916,NA,NA,0.41,0.52,0.32,NA,NA,NA,NA,NA,NA,NA,NA,NA,NA,NA,NA,NA,NA,NA,NA,NA,NA,NA,0.49,0.48,NA,0.57,0.55,0.56,0.76,0.8,0.96,0.49,0.51,1.88,1.93,1.77,NA,NA,NA,NA,NA,NA,NA,NA,NA,NA,NA,NA,NA,FALSE,FALSE,FALSE,NA,NA,NA,NA,NA,NA,NA,NA,NA,NA,NA,NA,NA,NA,NA,NA,NA,NA,NA,FALSE,FALSE,NA,FALSE,FALSE,FALSE,FALSE,FALSE,FALSE,FALSE,FALSE,FALSE,FALSE,FALSE,NA,NA,NA,NA,NA,NA,NA,NA,NA,NA,NA
917,NA,NA,0.4,0.61,0.41,NA,NA,NA,NA,NA,NA,NA,NA,NA,NA,NA,NA,NA,NA,NA,NA,NA,NA,NA,0.48,0.49,NA,0.69,0.71,0.63,0.69,0.68,0.8,0.52,0.52,2.04,2.03,1.99,NA,NA,NA,NA,NA,NA,NA,NA,NA,NA,NA,NA,NA,FALSE,FALSE,FALSE,NA,NA,NA,NA,NA,NA,NA,NA,NA,NA,NA,NA,NA,NA,NA,NA,NA,NA,NA,FALSE,FALSE,NA,FALSE,FALSE,FALSE,FALSE,FALSE,FALSE,FALSE,FALSE,FALSE,FALSE,FALSE,NA,NA,NA,NA,NA,NA,NA,NA,NA,NA,NA
918,NA,NA,0.6,0.69,0.48,NA,NA,NA,NA,NA,NA,NA,NA,NA,NA,NA,NA,NA,NA,NA,NA,NA,NA,NA,0.53,0.53,NA,0.6,0.58,0.58,0.92,0.92,0.88,0.63,0.64,1.98,2.34,1.85,NA,NA,NA,NA,NA,NA,NA,NA,NA,NA,NA,NA,NA,FALSE,FALSE,FALSE,NA,NA,NA,NA,NA,NA,NA,NA,NA,NA,NA,NA,NA,NA,NA,NA,NA,NA,NA,FALSE,FALSE,NA,FALSE,FALSE,FALSE,FALSE,FALSE,FALSE,FALSE,FALSE,FALSE,FALSE,FALSE,NA,NA,NA,NA,NA,NA,NA,NA,NA,NA,NA
919,NA,NA,0.52,0.63,0.46,NA,NA,NA,NA,NA,NA,NA,NA,NA,NA,NA,NA,NA,NA,NA,NA,NA,NA,NA,0.41,0.42,NA,0.56,0.58,0.55,0.68,0.64,0.52,0.5,0.51,1.98,2.13,2.22,NA,NA,NA,NA,NA,NA,NA,NA,NA,NA,NA,NA,NA,FALSE,FALSE,FALSE,NA,NA,NA,NA,NA,NA,NA,NA,NA,NA,NA,NA,NA,NA,NA,NA,NA,NA,NA,FALSE,FALSE,NA,FALSE,FALSE,FALSE,FALSE,FALSE,FALSE,FALSE,FALSE,FALSE,FALSE,FALSE,NA,NA,NA,NA,NA,NA,NA,NA,NA,NA,NA
920,NA,NA,0.67,0.79,0.57,NA,NA,NA,NA,NA,NA,NA,NA,NA,NA,NA,NA,NA,NA,NA,NA,NA,NA,NA,0.45,0.44,NA,0.52,0.52,0.47,0.64,0.69,0.71,0.51,0.52,1.69,1.5,1.61,NA,NA,NA,NA,NA,NA,NA,NA,NA,NA,NA,NA,NA,FALSE,FALSE,FALSE,NA,NA,NA,NA,NA,NA,NA,NA,NA,NA,NA,NA,NA,NA,NA,NA,NA,NA,NA,FALSE,FALSE,NA,FALSE,FALSE,FALSE,FALSE,FALSE,FALSE,FALSE,FALSE,FALSE,FALSE,FALSE,NA,NA,NA,NA,NA,NA,NA,NA,NA,NA,NA
921,NA,NA,0.67,0.77,0.67,NA,NA,NA,NA,NA,NA,NA,NA,NA,NA,NA,NA,NA,NA,NA,NA,NA,NA,NA,0.53,0.51,NA,0.46,0.46,0.41,0.61,0.62,0.96,0.72,0.78,1.31,1.31,1.29,NA,NA,NA,NA,NA,NA,NA,NA,NA,NA,NA,NA,NA,FALSE,FALSE,FALSE,NA,NA,NA,NA,NA,NA,NA,NA,NA,NA,NA,NA,NA,NA,NA,NA,NA,NA,NA,FALSE,FALSE,NA,FALSE,FALSE,FALSE,FALSE,FALSE,FALSE,FALSE,FALSE,FALSE,FALSE,FALSE,NA,NA,NA,NA,NA,NA,NA,NA,NA,NA,NA
922,NA,NA,1.24,1.3,NA,NA,NA,NA,NA,NA,NA,NA,NA,NA,NA,NA,NA,NA,NA,NA,NA,NA,NA,NA,0.58,0.6,NA,0.53,0.55,0.55,0.64,0.66,0.63,0.69,0.79,1.76,1.83,1.57,NA,NA,NA,NA,NA,NA,NA,NA,NA,NA,NA,NA,NA,FALSE,FALSE,NA,NA,NA,NA,NA,NA,NA,NA,NA,NA,NA,NA,NA,NA,NA,NA,NA,NA,NA,NA,FALSE,FALSE,NA,FALSE,FALSE,FALSE,FALSE,FALSE,FALSE,FALSE,FALSE,FALSE,FALSE,FALSE,NA,NA,NA,NA,NA,NA,NA,NA,NA,NA,NA
923,NA,NA,1.26,1.2,NA,NA,NA,NA,NA,NA,NA,NA,NA,NA,NA,NA,NA,NA,NA,NA,NA,NA,NA,NA,0.44,0.44,NA,0.65,0.58,0.55,0.58,0.61,0.63,0.66,0.66,1.16,1.16,1.07,NA,NA,NA,NA,NA,NA,NA,NA,NA,NA,NA,NA,NA,FALSE,FALSE,NA,NA,NA,NA,NA,NA,NA,NA,NA,NA,NA,NA,NA,NA,NA,NA,NA,NA,NA,NA,FALSE,FALSE,NA,FALSE,FALSE,FALSE,FALSE,FALSE,FALSE,FALSE,FALSE,FALSE,FALSE,FALSE,NA,NA,NA,NA,NA,NA,NA,NA,NA,NA,NA
NA,NA,NA,NA,NA,NA,NA,NA,NA,NA,NA,NA,NA,NA,NA,NA,NA,NA,NA,NA,NA,NA,NA,NA,NA,NA,NA,NA,NA,NA,NA,NA,NA,NA,NA,NA,NA,NA,NA,NA,NA,NA,NA,NA,NA,NA,NA,NA,NA,NA,NA,NA,NA,NA,NA,NA,NA,NA,NA,NA,NA,NA,NA,NA,NA,NA,NA,NA,NA,NA,NA,NA,NA,NA,NA,NA,NA,NA,NA,NA,NA,NA,NA,NA,NA,NA,NA,NA,NA,NA,NA,NA,NA,NA,NA,NA,NA,NA,NA
575,NA,NA,NA,NA,NA,NA,NA,NA,NA,NA,NA,NA,NA,NA,NA,NA,NA,NA,4.71,4.76,NA,NA,NA,NA,NA,NA,NA,NA,NA,NA,NA,NA,NA,NA,NA,NA,NA,NA,NA,NA,NA,NA,NA,NA,NA,NA,NA,NA,NA,NA,NA,NA,NA,NA,NA,NA,NA,NA,NA,NA,NA,NA,NA,NA,NA,NA,NA,FALSE,FALSE,NA,NA,NA,NA,NA,NA,NA,NA,NA,NA,NA,NA,NA,NA,NA,NA,NA,NA,NA,NA,NA,NA,NA,NA,NA,NA,NA,NA,NA
576,NA,NA,NA,NA,NA,NA,NA,NA,NA,NA,NA,NA,NA,NA,NA,NA,NA,NA,4.96,4.99,NA,NA,NA,NA,NA,NA,NA,NA,NA,NA,NA,NA,NA,NA,NA,NA,NA,NA,NA,NA,NA,NA,NA,NA,NA,NA,NA,NA,NA,NA,NA,NA,NA,NA,NA,NA,NA,NA,NA,NA,NA,NA,NA,NA,NA,NA,NA,FALSE,FALSE,NA,NA,NA,NA,NA,NA,NA,NA,NA,NA,NA,NA,NA,NA,NA,NA,NA,NA,NA,NA,NA,NA,NA,NA,NA,NA,NA,NA,NA
577,NA,NA,NA,NA,NA,NA,NA,NA,NA,NA,NA,NA,NA,NA,NA,NA,NA,NA,5.14,4.94,NA,NA,NA,NA,NA,NA,NA,NA,NA,NA,NA,NA,NA,NA,NA,NA,NA,NA,NA,NA,NA,NA,NA,NA,NA,NA,NA,NA,NA,NA,NA,NA,NA,NA,NA,NA,NA,NA,NA,NA,NA,NA,NA,NA,NA,NA,NA,FALSE,FALSE,NA,NA,NA,NA,NA,NA,NA,NA,NA,NA,NA,NA,NA,NA,NA,NA,NA,NA,NA,NA,NA,NA,NA,NA,NA,NA,NA,NA,NA
578,NA,NA,NA,NA,NA,NA,NA,NA,NA,NA,NA,NA,NA,NA,NA,NA,NA,NA,4.71,4.82,NA,NA,NA,NA,NA,NA,NA,NA,NA,NA,NA,NA,NA,NA,NA,NA,NA,NA,NA,NA,NA,NA,NA,NA,NA,NA,NA,NA,NA,NA,NA,NA,NA,NA,NA,NA,NA,NA,NA,NA,NA,NA,NA,NA,NA,NA,NA,FALSE,FALSE,NA,NA,NA,NA,NA,NA,NA,NA,NA,NA,NA,NA,NA,NA,NA,NA,NA,NA,NA,NA,NA,NA,NA,NA,NA,NA,NA,NA,NA
579,NA,NA,NA,NA,NA,NA,NA,NA,NA,NA,NA,NA,NA,NA,NA,NA,NA,NA,4.63,4.86,NA,NA,NA,NA,NA,NA,NA,NA,NA,NA,NA,NA,NA,NA,NA,NA,NA,NA,NA,NA,NA,NA,NA,NA,NA,NA,NA,NA,NA,NA,NA,NA,NA,NA,NA,NA,NA,NA,NA,NA,NA,NA,NA,NA,NA,NA,NA,FALSE,FALSE,NA,NA,NA,NA,NA,NA,NA,NA,NA,NA,NA,NA,NA,NA,NA,NA,NA,NA,NA,NA,NA,NA,NA,NA,NA,NA,NA,NA,NA
580,NA,NA,NA,NA,NA,NA,NA,NA,NA,NA,NA,NA,NA,NA,NA,NA,NA,NA,3.92,3.87,NA,NA,NA,NA,NA,NA,NA,NA,NA,NA,NA,NA,NA,NA,NA,NA,NA,NA,NA,NA,NA,NA,NA,NA,NA,NA,NA,NA,NA,NA,NA,NA,NA,NA,NA,NA,NA,NA,NA,NA,NA,NA,NA,NA,NA,NA,NA,FALSE,FALSE,NA,NA,NA,NA,NA,NA,NA,NA,NA,NA,NA,NA,NA,NA,NA,NA,NA,NA,NA,NA,NA,NA,NA,NA,NA,NA,NA,NA,NA
581,NA,NA,NA,NA,NA,NA,NA,NA,NA,NA,NA,NA,NA,NA,NA,NA,NA,NA,3.57,3.64,NA,NA,NA,NA,NA,NA,NA,NA,NA,NA,NA,NA,NA,NA,NA,NA,NA,NA,NA,NA,NA,NA,NA,NA,NA,NA,NA,NA,NA,NA,NA,NA,NA,NA,NA,NA,NA,NA,NA,NA,NA,NA,NA,NA,NA,NA,NA,FALSE,FALSE,NA,NA,NA,NA,NA,NA,NA,NA,NA,NA,NA,NA,NA,NA,NA,NA,NA,NA,NA,NA,NA,NA,NA,NA,NA,NA,NA,NA,NA
582,NA,NA,NA,NA,NA,NA,NA,NA,NA,NA,NA,NA,NA,NA,NA,NA,NA,NA,2.8,2.91,NA,NA,NA,NA,NA,NA,NA,NA,NA,NA,NA,NA,NA,NA,NA,NA,NA,NA,NA,NA,NA,NA,NA,NA,NA,NA,NA,NA,NA,NA,NA,NA,NA,NA,NA,NA,NA,NA,NA,NA,NA,NA,NA,NA,NA,NA,NA,FALSE,FALSE,NA,NA,NA,NA,NA,NA,NA,NA,NA,NA,NA,NA,NA,NA,NA,NA,NA,NA,NA,NA,NA,NA,NA,NA,NA,NA,NA,NA,NA
583,NA,NA,NA,NA,NA,NA,NA,NA,NA,NA,NA,NA,NA,NA,NA,NA,NA,NA,2.58,2.54,NA,NA,NA,NA,NA,NA,NA,NA,NA,NA,NA,NA,NA,NA,NA,NA,NA,NA,NA,NA,NA,NA,NA,NA,NA,NA,NA,NA,NA,NA,NA,NA,NA,NA,NA,NA,NA,NA,NA,NA,NA,NA,NA,NA,NA,NA,NA,FALSE,FALSE,NA,NA,NA,NA,NA,NA,NA,NA,NA,NA,NA,NA,NA,NA,NA,NA,NA,NA,NA,NA,NA,NA,NA,NA,NA,NA,NA,NA,NA
584,NA,NA,NA,NA,NA,NA,NA,NA,NA,NA,NA,NA,NA,NA,NA,NA,NA,NA,2.61,2.58,NA,NA,NA,NA,NA,NA,NA,NA,NA,NA,NA,NA,NA,NA,NA,NA,NA,NA,NA,NA,NA,NA,NA,NA,NA,NA,NA,NA,NA,NA,NA,NA,NA,NA,NA,NA,NA,NA,NA,NA,NA,NA,NA,NA,NA,NA,NA,FALSE,FALSE,NA,NA,NA,NA,NA,NA,NA,NA,NA,NA,NA,NA,NA,NA,NA,NA,NA,NA,NA,NA,NA,NA,NA,NA,NA,NA,NA,NA,NA
585,NA,NA,NA,NA,NA,NA,NA,NA,NA,NA,NA,NA,NA,NA,NA,NA,NA,NA,2.28,2.25,NA,NA,NA,NA,NA,NA,NA,NA,NA,NA,NA,NA,NA,NA,NA,NA,NA,NA,NA,NA,NA,NA,NA,NA,NA,NA,NA,NA,NA,NA,NA,NA,NA,NA,NA,NA,NA,NA,NA,NA,NA,NA,NA,NA,NA,NA,NA,FALSE,FALSE,NA,NA,NA,NA,NA,NA,NA,NA,NA,NA,NA,NA,NA,NA,NA,NA,NA,NA,NA,NA,NA,NA,NA,NA,NA,NA,NA,NA,NA
586,NA,NA,NA,NA,NA,NA,NA,NA,NA,NA,NA,NA,NA,NA,NA,NA,NA,NA,2.86,2.81,NA,NA,NA,NA,NA,NA,NA,NA,NA,NA,NA,NA,NA,NA,NA,NA,NA,NA,NA,NA,NA,NA,NA,NA,NA,NA,NA,NA,NA,NA,NA,NA,NA,NA,NA,NA,NA,NA,NA,NA,NA,NA,NA,NA,NA,NA,NA,FALSE,FALSE,NA,NA,NA,NA,NA,NA,NA,NA,NA,NA,NA,NA,NA,NA,NA,NA,NA,NA,NA,NA,NA,NA,NA,NA,NA,NA,NA,NA,NA
587,NA,NA,NA,NA,NA,NA,NA,NA,NA,NA,NA,NA,NA,NA,NA,NA,NA,NA,4.65,4.56,NA,NA,NA,NA,NA,NA,NA,NA,NA,NA,NA,NA,NA,NA,NA,NA,NA,NA,NA,NA,NA,NA,NA,NA,NA,NA,NA,NA,NA,NA,NA,NA,NA,NA,NA,NA,NA,NA,NA,NA,NA,NA,NA,NA,NA,NA,NA,FALSE,FALSE,NA,NA,NA,NA,NA,NA,NA,NA,NA,NA,NA,NA,NA,NA,NA,NA,NA,NA,NA,NA,NA,NA,NA,NA,NA,NA,NA,NA,NA
588,NA,NA,NA,NA,NA,NA,NA,NA,NA,NA,NA,NA,NA,NA,NA,NA,NA,NA,6.11,6.12,NA,NA,NA,NA,NA,NA,NA,NA,NA,NA,NA,NA,NA,NA,NA,NA,NA,NA,NA,NA,NA,NA,NA,NA,NA,NA,NA,NA,NA,NA,NA,NA,NA,NA,NA,NA,NA,NA,NA,NA,NA,NA,NA,NA,NA,NA,NA,FALSE,FALSE,NA,NA,NA,NA,NA,NA,NA,NA,NA,NA,NA,NA,NA,NA,NA,NA,NA,NA,NA,NA,NA,NA,NA,NA,NA,NA,NA,NA,NA
589,NA,NA,NA,NA,NA,NA,NA,NA,NA,NA,NA,NA,NA,NA,NA,NA,NA,NA,5.27,5.33,NA,NA,NA,NA,NA,NA,NA,NA,NA,NA,NA,NA,NA,NA,NA,NA,NA,NA,NA,NA,NA,NA,NA,NA,NA,NA,NA,NA,NA,NA,NA,NA,NA,NA,NA,NA,NA,NA,NA,NA,NA,NA,NA,NA,NA,NA,NA,FALSE,FALSE,NA,NA,NA,NA,NA,NA,NA,NA,NA,NA,NA,NA,NA,NA,NA,NA,NA,NA,NA,NA,NA,NA,NA,NA,NA,NA,NA,NA,NA
590,NA,NA,NA,NA,NA,NA,NA,NA,NA,NA,NA,NA,NA,NA,NA,NA,NA,NA,4.32,4.28,NA,NA,NA,NA,NA,NA,NA,NA,NA,NA,NA,NA,NA,NA,NA,NA,NA,NA,NA,NA,NA,NA,NA,NA,NA,NA,NA,NA,NA,NA,NA,NA,NA,NA,NA,NA,NA,NA,NA,NA,NA,NA,NA,NA,NA,NA,NA,FALSE,FALSE,NA,NA,NA,NA,NA,NA,NA,NA,NA,NA,NA,NA,NA,NA,NA,NA,NA,NA,NA,NA,NA,NA,NA,NA,NA,NA,NA,NA,NA
591,NA,NA,NA,NA,NA,NA,NA,NA,NA,NA,NA,NA,NA,NA,NA,NA,NA,NA,4.87,4.82,NA,NA,NA,NA,NA,NA,NA,NA,NA,NA,NA,NA,NA,NA,NA,NA,NA,NA,NA,NA,NA,NA,NA,NA,NA,NA,NA,NA,NA,NA,NA,NA,NA,NA,NA,NA,NA,NA,NA,NA,NA,NA,NA,NA,NA,NA,NA,FALSE,FALSE,NA,NA,NA,NA,NA,NA,NA,NA,NA,NA,NA,NA,NA,NA,NA,NA,NA,NA,NA,NA,NA,NA,NA,NA,NA,NA,NA,NA,NA
592,NA,NA,NA,NA,NA,NA,NA,NA,NA,NA,NA,NA,NA,NA,NA,NA,NA,NA,3.55,3.52,NA,NA,NA,NA,NA,NA,NA,NA,NA,NA,NA,NA,NA,NA,NA,NA,NA,NA,NA,NA,NA,NA,NA,NA,NA,NA,NA,NA,NA,NA,NA,NA,NA,NA,NA,NA,NA,NA,NA,NA,NA,NA,NA,NA,NA,NA,NA,FALSE,FALSE,NA,NA,NA,NA,NA,NA,NA,NA,NA,NA,NA,NA,NA,NA,NA,NA,NA,NA,NA,NA,NA,NA,NA,NA,NA,NA,NA,NA,NA
593,NA,NA,NA,NA,NA,NA,NA,NA,NA,NA,NA,NA,NA,NA,NA,NA,NA,NA,3.29,3.29,NA,NA,NA,NA,NA,NA,NA,NA,NA,NA,NA,NA,NA,NA,NA,NA,NA,NA,NA,NA,NA,NA,NA,NA,NA,NA,NA,NA,NA,NA,NA,NA,NA,NA,NA,NA,NA,NA,NA,NA,NA,NA,NA,NA,NA,NA,NA,FALSE,FALSE,NA,NA,NA,NA,NA,NA,NA,NA,NA,NA,NA,NA,NA,NA,NA,NA,NA,NA,NA,NA,NA,NA,NA,NA,NA,NA,NA,NA,NA
594,NA,NA,NA,NA,NA,NA,NA,NA,NA,NA,NA,NA,NA,NA,NA,NA,NA,NA,3.3,3.22,NA,NA,NA,NA,NA,NA,NA,NA,NA,NA,NA,NA,NA,NA,NA,NA,NA,NA,NA,NA,NA,NA,NA,NA,NA,NA,NA,NA,NA,NA,NA,NA,NA,NA,NA,NA,NA,NA,NA,NA,NA,NA,NA,NA,NA,NA,NA,FALSE,FALSE,NA,NA,NA,NA,NA,NA,NA,NA,NA,NA,NA,NA,NA,NA,NA,NA,NA,NA,NA,NA,NA,NA,NA,NA,NA,NA,NA,NA,NA
595,NA,NA,NA,NA,NA,NA,NA,NA,NA,NA,NA,NA,NA,NA,NA,NA,NA,NA,2.7,2.72,NA,NA,NA,NA,NA,NA,NA,NA,NA,NA,NA,NA,NA,NA,NA,NA,NA,NA,NA,NA,NA,NA,NA,NA,NA,NA,NA,NA,NA,NA,NA,NA,NA,NA,NA,NA,NA,NA,NA,NA,NA,NA,NA,NA,NA,NA,NA,FALSE,FALSE,NA,NA,NA,NA,NA,NA,NA,NA,NA,NA,NA,NA,NA,NA,NA,NA,NA,NA,NA,NA,NA,NA,NA,NA,NA,NA,NA,NA,NA
596,NA,NA,NA,NA,NA,NA,NA,NA,NA,NA,NA,NA,NA,NA,NA,NA,NA,NA,2.71,2.68,NA,NA,NA,NA,NA,NA,NA,NA,NA,NA,NA,NA,NA,NA,NA,NA,NA,NA,NA,NA,NA,NA,NA,NA,NA,NA,NA,NA,NA,NA,NA,NA,NA,NA,NA,NA,NA,NA,NA,NA,NA,NA,NA,NA,NA,NA,NA,FALSE,FALSE,NA,NA,NA,NA,NA,NA,NA,NA,NA,NA,NA,NA,NA,NA,NA,NA,NA,NA,NA,NA,NA,NA,NA,NA,NA,NA,NA,NA,NA
597,NA,NA,NA,NA,NA,NA,NA,NA,NA,NA,NA,NA,NA,NA,NA,NA,NA,NA,3.45,3.45,NA,NA,NA,NA,NA,NA,NA,NA,NA,NA,NA,NA,NA,NA,NA,NA,NA,NA,NA,NA,NA,NA,NA,NA,NA,NA,NA,NA,NA,NA,NA,NA,NA,NA,NA,NA,NA,NA,NA,NA,NA,NA,NA,NA,NA,NA,NA,FALSE,FALSE,NA,NA,NA,NA,NA,NA,NA,NA,NA,NA,NA,NA,NA,NA,NA,NA,NA,NA,NA,NA,NA,NA,NA,NA,NA,NA,NA,NA,NA
598,NA,NA,NA,NA,NA,NA,NA,NA,NA,NA,NA,NA,NA,NA,NA,NA,NA,NA,3.2,3.17,NA,NA,NA,NA,NA,NA,NA,NA,NA,NA,NA,NA,NA,NA,NA,NA,NA,NA,NA,NA,NA,NA,NA,NA,NA,NA,NA,NA,NA,NA,NA,NA,NA,NA,NA,NA,NA,NA,NA,NA,NA,NA,NA,NA,NA,NA,NA,FALSE,FALSE,NA,NA,NA,NA,NA,NA,NA,NA,NA,NA,NA,NA,NA,NA,NA,NA,NA,NA,NA,NA,NA,NA,NA,NA,NA,NA,NA,NA,NA
599,NA,NA,NA,NA,NA,NA,NA,NA,NA,NA,NA,NA,NA,NA,NA,NA,NA,NA,2.19,2.19,NA,NA,NA,NA,NA,NA,NA,NA,NA,NA,NA,NA,NA,NA,NA,NA,NA,NA,NA,NA,NA,NA,NA,NA,NA,NA,NA,NA,NA,NA,NA,NA,NA,NA,NA,NA,NA,NA,NA,NA,NA,NA,NA,NA,NA,NA,NA,FALSE,FALSE,NA,NA,NA,NA,NA,NA,NA,NA,NA,NA,NA,NA,NA,NA,NA,NA,NA,NA,NA,NA,NA,NA,NA,NA,NA,NA,NA,NA,NA
600,NA,NA,NA,NA,NA,NA,NA,NA,NA,NA,NA,NA,NA,NA,NA,NA,NA,NA,2.34,2.31,NA,NA,NA,NA,NA,NA,NA,NA,NA,NA,NA,NA,NA,NA,NA,NA,NA,NA,NA,NA,NA,NA,NA,NA,NA,NA,NA,NA,NA,NA,NA,NA,NA,NA,NA,NA,NA,NA,NA,NA,NA,NA,NA,NA,NA,NA,NA,FALSE,FALSE,NA,NA,NA,NA,NA,NA,NA,NA,NA,NA,NA,NA,NA,NA,NA,NA,NA,NA,NA,NA,NA,NA,NA,NA,NA,NA,NA,NA,NA
601,NA,NA,NA,NA,NA,NA,NA,NA,NA,NA,NA,NA,NA,NA,NA,NA,NA,NA,3.13,3.16,NA,NA,NA,NA,NA,NA,NA,NA,NA,NA,NA,NA,NA,NA,NA,NA,NA,NA,NA,NA,NA,NA,NA,NA,NA,NA,NA,NA,NA,NA,NA,NA,NA,NA,NA,NA,NA,NA,NA,NA,NA,NA,NA,NA,NA,NA,NA,FALSE,FALSE,NA,NA,NA,NA,NA,NA,NA,NA,NA,NA,NA,NA,NA,NA,NA,NA,NA,NA,NA,NA,NA,NA,NA,NA,NA,NA,NA,NA,NA
602,NA,NA,NA,NA,NA,NA,NA,NA,NA,NA,NA,NA,NA,NA,NA,NA,NA,NA,4.22,4.22,NA,NA,NA,NA,NA,NA,NA,NA,NA,NA,NA,NA,NA,NA,NA,NA,NA,NA,NA,NA,NA,NA,NA,NA,NA,NA,NA,NA,NA,NA,NA,NA,NA,NA,NA,NA,NA,NA,NA,NA,NA,NA,NA,NA,NA,NA,NA,FALSE,FALSE,NA,NA,NA,NA,NA,NA,NA,NA,NA,NA,NA,NA,NA,NA,NA,NA,NA,NA,NA,NA,NA,NA,NA,NA,NA,NA,NA,NA,NA
603,NA,NA,NA,NA,NA,NA,NA,NA,NA,NA,NA,NA,NA,NA,NA,NA,NA,NA,4.71,4.71,NA,NA,NA,NA,NA,NA,NA,NA,NA,NA,NA,NA,NA,NA,NA,NA,NA,NA,NA,NA,NA,NA,NA,NA,NA,NA,NA,NA,NA,NA,NA,NA,NA,NA,NA,NA,NA,NA,NA,NA,NA,NA,NA,NA,NA,NA,NA,FALSE,FALSE,NA,NA,NA,NA,NA,NA,NA,NA,NA,NA,NA,NA,NA,NA,NA,NA,NA,NA,NA,NA,NA,NA,NA,NA,NA,NA,NA,NA,NA
604,NA,NA,NA,NA,NA,NA,NA,NA,NA,NA,NA,NA,NA,NA,NA,NA,NA,NA,3.86,3.87,NA,NA,NA,NA,NA,NA,NA,NA,NA,NA,NA,NA,NA,NA,NA,NA,NA,NA,NA,NA,NA,NA,NA,NA,NA,NA,NA,NA,NA,NA,NA,NA,NA,NA,NA,NA,NA,NA,NA,NA,NA,NA,NA,NA,NA,NA,NA,FALSE,FALSE,NA,NA,NA,NA,NA,NA,NA,NA,NA,NA,NA,NA,NA,NA,NA,NA,NA,NA,NA,NA,NA,NA,NA,NA,NA,NA,NA,NA,NA
605,NA,NA,NA,NA,NA,NA,NA,NA,NA,NA,NA,NA,NA,NA,NA,NA,NA,NA,4.46,4.37,NA,NA,NA,NA,NA,NA,NA,NA,NA,NA,NA,NA,NA,NA,NA,NA,NA,NA,NA,NA,NA,NA,NA,NA,NA,NA,NA,NA,NA,NA,NA,NA,NA,NA,NA,NA,NA,NA,NA,NA,NA,NA,NA,NA,NA,NA,NA,FALSE,FALSE,NA,NA,NA,NA,NA,NA,NA,NA,NA,NA,NA,NA,NA,NA,NA,NA,NA,NA,NA,NA,NA,NA,NA,NA,NA,NA,NA,NA,NA
606,NA,NA,NA,NA,NA,NA,NA,NA,NA,NA,NA,NA,NA,NA,NA,NA,NA,NA,4.74,4.78,NA,NA,NA,NA,NA,NA,NA,NA,NA,NA,NA,NA,NA,NA,NA,NA,NA,NA,NA,NA,NA,NA,NA,NA,NA,NA,NA,NA,NA,NA,NA,NA,NA,NA,NA,NA,NA,NA,NA,NA,NA,NA,NA,NA,NA,NA,NA,FALSE,FALSE,NA,NA,NA,NA,NA,NA,NA,NA,NA,NA,NA,NA,NA,NA,NA,NA,NA,NA,NA,NA,NA,NA,NA,NA,NA,NA,NA,NA,NA
607,NA,NA,NA,NA,NA,NA,NA,NA,NA,NA,NA,NA,NA,NA,NA,NA,NA,NA,4.91,4.91,NA,NA,NA,NA,NA,NA,NA,NA,NA,NA,NA,NA,NA,NA,NA,NA,NA,NA,NA,NA,NA,NA,NA,NA,NA,NA,NA,NA,NA,NA,NA,NA,NA,NA,NA,NA,NA,NA,NA,NA,NA,NA,NA,NA,NA,NA,NA,FALSE,FALSE,NA,NA,NA,NA,NA,NA,NA,NA,NA,NA,NA,NA,NA,NA,NA,NA,NA,NA,NA,NA,NA,NA,NA,NA,NA,NA,NA,NA,NA
608,NA,NA,NA,NA,NA,NA,NA,NA,NA,NA,NA,NA,NA,NA,NA,NA,NA,NA,7.28,7.36,NA,NA,NA,NA,NA,NA,NA,NA,NA,NA,NA,NA,NA,NA,NA,NA,NA,NA,NA,NA,NA,NA,NA,NA,NA,NA,NA,NA,NA,NA,NA,NA,NA,NA,NA,NA,NA,NA,NA,NA,NA,NA,NA,NA,NA,NA,NA,FALSE,FALSE,NA,NA,NA,NA,NA,NA,NA,NA,NA,NA,NA,NA,NA,NA,NA,NA,NA,NA,NA,NA,NA,NA,NA,NA,NA,NA,NA,NA,NA
609,NA,NA,NA,NA,NA,NA,NA,NA,NA,NA,NA,NA,NA,NA,NA,NA,NA,NA,6.52,6.46,NA,NA,NA,NA,NA,NA,NA,NA,NA,NA,NA,NA,NA,NA,NA,NA,NA,NA,NA,NA,NA,NA,NA,NA,NA,NA,NA,NA,NA,NA,NA,NA,NA,NA,NA,NA,NA,NA,NA,NA,NA,NA,NA,NA,NA,NA,NA,FALSE,FALSE,NA,NA,NA,NA,NA,NA,NA,NA,NA,NA,NA,NA,NA,NA,NA,NA,NA,NA,NA,NA,NA,NA,NA,NA,NA,NA,NA,NA,NA
610,NA,NA,NA,NA,NA,NA,NA,NA,NA,NA,NA,NA,NA,NA,NA,NA,NA,NA,5.13,5.18,NA,NA,NA,NA,NA,NA,NA,NA,NA,NA,NA,NA,NA,NA,NA,NA,NA,NA,NA,NA,NA,NA,NA,NA,NA,NA,NA,NA,NA,NA,NA,NA,NA,NA,NA,NA,NA,NA,NA,NA,NA,NA,NA,NA,NA,NA,NA,FALSE,FALSE,NA,NA,NA,NA,NA,NA,NA,NA,NA,NA,NA,NA,NA,NA,NA,NA,NA,NA,NA,NA,NA,NA,NA,NA,NA,NA,NA,NA,NA
611,NA,NA,NA,NA,NA,NA,NA,NA,NA,NA,NA,NA,NA,NA,NA,NA,NA,NA,6.26,6.37,NA,NA,NA,NA,NA,NA,NA,NA,NA,NA,NA,NA,NA,NA,NA,NA,NA,NA,NA,NA,NA,NA,NA,NA,NA,NA,NA,NA,NA,NA,NA,NA,NA,NA,NA,NA,NA,NA,NA,NA,NA,NA,NA,NA,NA,NA,NA,FALSE,FALSE,NA,NA,NA,NA,NA,NA,NA,NA,NA,NA,NA,NA,NA,NA,NA,NA,NA,NA,NA,NA,NA,NA,NA,NA,NA,NA,NA,NA,NA
612,NA,NA,NA,NA,NA,NA,NA,NA,NA,NA,NA,NA,NA,NA,NA,NA,NA,NA,6.81,6.88,NA,NA,NA,NA,NA,NA,NA,NA,NA,NA,NA,NA,NA,NA,NA,NA,NA,NA,NA,NA,NA,NA,NA,NA,NA,NA,NA,NA,NA,NA,NA,NA,NA,NA,NA,NA,NA,NA,NA,NA,NA,NA,NA,NA,NA,NA,NA,FALSE,FALSE,NA,NA,NA,NA,NA,NA,NA,NA,NA,NA,NA,NA,NA,NA,NA,NA,NA,NA,NA,NA,NA,NA,NA,NA,NA,NA,NA,NA,NA
613,NA,NA,NA,NA,NA,NA,NA,NA,NA,NA,NA,NA,NA,NA,NA,NA,NA,NA,5.36,5.3,NA,NA,NA,NA,NA,NA,NA,NA,NA,NA,NA,NA,NA,NA,NA,NA,NA,NA,NA,NA,NA,NA,NA,NA,NA,NA,NA,NA,NA,NA,NA,NA,NA,NA,NA,NA,NA,NA,NA,NA,NA,NA,NA,NA,NA,NA,NA,FALSE,FALSE,NA,NA,NA,NA,NA,NA,NA,NA,NA,NA,NA,NA,NA,NA,NA,NA,NA,NA,NA,NA,NA,NA,NA,NA,NA,NA,NA,NA,NA
614,NA,NA,NA,NA,NA,NA,NA,NA,NA,NA,NA,NA,NA,NA,NA,NA,NA,NA,5.63,5.55,NA,NA,NA,NA,NA,NA,NA,NA,NA,NA,NA,NA,NA,NA,NA,NA,NA,NA,NA,NA,NA,NA,NA,NA,NA,NA,NA,NA,NA,NA,NA,NA,NA,NA,NA,NA,NA,NA,NA,NA,NA,NA,NA,NA,NA,NA,NA,FALSE,FALSE,NA,NA,NA,NA,NA,NA,NA,NA,NA,NA,NA,NA,NA,NA,NA,NA,NA,NA,NA,NA,NA,NA,NA,NA,NA,NA,NA,NA,NA
615,NA,NA,NA,NA,NA,NA,NA,NA,NA,NA,NA,NA,NA,NA,NA,NA,NA,NA,5.24,5.27,NA,NA,NA,NA,NA,NA,NA,NA,NA,NA,NA,NA,NA,NA,NA,NA,NA,NA,NA,NA,NA,NA,NA,NA,NA,NA,NA,NA,NA,NA,NA,NA,NA,NA,NA,NA,NA,NA,NA,NA,NA,NA,NA,NA,NA,NA,NA,FALSE,FALSE,NA,NA,NA,NA,NA,NA,NA,NA,NA,NA,NA,NA,NA,NA,NA,NA,NA,NA,NA,NA,NA,NA,NA,NA,NA,NA,NA,NA,NA
616,NA,NA,NA,NA,NA,NA,NA,NA,NA,NA,NA,NA,NA,NA,NA,NA,NA,NA,5.52,5.46,NA,NA,NA,NA,NA,NA,NA,NA,NA,NA,NA,NA,NA,NA,NA,NA,NA,NA,NA,NA,NA,NA,NA,NA,NA,NA,NA,NA,NA,NA,NA,NA,NA,NA,NA,NA,NA,NA,NA,NA,NA,NA,NA,NA,NA,NA,NA,FALSE,FALSE,NA,NA,NA,NA,NA,NA,NA,NA,NA,NA,NA,NA,NA,NA,NA,NA,NA,NA,NA,NA,NA,NA,NA,NA,NA,NA,NA,NA,NA
617,NA,NA,NA,NA,NA,NA,NA,NA,NA,NA,NA,NA,NA,NA,NA,NA,NA,NA,6.41,6.38,NA,NA,NA,NA,NA,NA,NA,NA,NA,NA,NA,NA,NA,NA,NA,NA,NA,NA,NA,NA,NA,NA,NA,NA,NA,NA,NA,NA,NA,NA,NA,NA,NA,NA,NA,NA,NA,NA,NA,NA,NA,NA,NA,NA,NA,NA,NA,FALSE,FALSE,NA,NA,NA,NA,NA,NA,NA,NA,NA,NA,NA,NA,NA,NA,NA,NA,NA,NA,NA,NA,NA,NA,NA,NA,NA,NA,NA,NA,NA
618,NA,NA,NA,NA,NA,NA,NA,NA,NA,NA,NA,NA,NA,NA,NA,NA,NA,NA,7.04,7.05,NA,NA,NA,NA,NA,NA,NA,NA,NA,NA,NA,NA,NA,NA,NA,NA,NA,NA,NA,NA,NA,NA,NA,NA,NA,NA,NA,NA,NA,NA,NA,NA,NA,NA,NA,NA,NA,NA,NA,NA,NA,NA,NA,NA,NA,NA,NA,FALSE,FALSE,NA,NA,NA,NA,NA,NA,NA,NA,NA,NA,NA,NA,NA,NA,NA,NA,NA,NA,NA,NA,NA,NA,NA,NA,NA,NA,NA,NA,NA
619,NA,NA,NA,NA,NA,NA,NA,NA,NA,NA,NA,NA,NA,NA,NA,NA,NA,NA,6.65,6.64,NA,NA,NA,NA,NA,NA,NA,NA,NA,NA,NA,NA,NA,NA,NA,NA,NA,NA,NA,NA,NA,NA,NA,NA,NA,NA,NA,NA,NA,NA,NA,NA,NA,NA,NA,NA,NA,NA,NA,NA,NA,NA,NA,NA,NA,NA,NA,FALSE,FALSE,NA,NA,NA,NA,NA,NA,NA,NA,NA,NA,NA,NA,NA,NA,NA,NA,NA,NA,NA,NA,NA,NA,NA,NA,NA,NA,NA,NA,NA
620,NA,NA,NA,NA,NA,NA,NA,NA,NA,NA,NA,NA,NA,NA,NA,NA,NA,NA,5.1,5.1,NA,NA,NA,NA,NA,NA,NA,NA,NA,NA,NA,NA,NA,NA,NA,NA,NA,NA,NA,NA,NA,NA,NA,NA,NA,NA,NA,NA,NA,NA,NA,NA,NA,NA,NA,NA,NA,NA,NA,NA,NA,NA,NA,NA,NA,NA,NA,FALSE,FALSE,NA,NA,NA,NA,NA,NA,NA,NA,NA,NA,NA,NA,NA,NA,NA,NA,NA,NA,NA,NA,NA,NA,NA,NA,NA,NA,NA,NA,NA
621,NA,NA,NA,NA,NA,NA,NA,NA,NA,NA,NA,NA,NA,NA,NA,NA,NA,NA,5.02,4.97,NA,NA,NA,NA,NA,NA,NA,NA,NA,NA,NA,NA,NA,NA,NA,NA,NA,NA,NA,NA,NA,NA,NA,NA,NA,NA,NA,NA,NA,NA,NA,NA,NA,NA,NA,NA,NA,NA,NA,NA,NA,NA,NA,NA,NA,NA,NA,FALSE,FALSE,NA,NA,NA,NA,NA,NA,NA,NA,NA,NA,NA,NA,NA,NA,NA,NA,NA,NA,NA,NA,NA,NA,NA,NA,NA,NA,NA,NA,NA
622,NA,NA,NA,NA,NA,NA,NA,NA,NA,NA,NA,NA,NA,NA,NA,NA,NA,NA,4.12,4.14,NA,NA,NA,NA,NA,NA,NA,NA,NA,NA,NA,NA,NA,NA,NA,NA,NA,NA,NA,NA,NA,NA,NA,NA,NA,NA,NA,NA,NA,NA,NA,NA,NA,NA,NA,NA,NA,NA,NA,NA,NA,NA,NA,NA,NA,NA,NA,FALSE,FALSE,NA,NA,NA,NA,NA,NA,NA,NA,NA,NA,NA,NA,NA,NA,NA,NA,NA,NA,NA,NA,NA,NA,NA,NA,NA,NA,NA,NA,NA
623,NA,NA,NA,NA,NA,NA,NA,NA,NA,NA,NA,NA,NA,NA,NA,NA,NA,NA,2.59,2.61,NA,NA,NA,NA,NA,NA,NA,NA,NA,NA,NA,NA,NA,NA,NA,NA,NA,NA,NA,NA,NA,NA,NA,NA,NA,NA,NA,NA,NA,NA,NA,NA,NA,NA,NA,NA,NA,NA,NA,NA,NA,NA,NA,NA,NA,NA,NA,FALSE,FALSE,NA,NA,NA,NA,NA,NA,NA,NA,NA,NA,NA,NA,NA,NA,NA,NA,NA,NA,NA,NA,NA,NA,NA,NA,NA,NA,NA,NA,NA
624,NA,NA,NA,NA,NA,NA,NA,NA,NA,NA,NA,NA,NA,NA,NA,NA,NA,NA,4.26,4.16,NA,NA,NA,NA,NA,NA,NA,NA,NA,NA,NA,NA,NA,NA,NA,NA,NA,NA,NA,NA,NA,NA,NA,NA,NA,NA,NA,NA,NA,NA,NA,NA,NA,NA,NA,NA,NA,NA,NA,NA,NA,NA,NA,NA,NA,NA,NA,FALSE,FALSE,NA,NA,NA,NA,NA,NA,NA,NA,NA,NA,NA,NA,NA,NA,NA,NA,NA,NA,NA,NA,NA,NA,NA,NA,NA,NA,NA,NA,NA
625,NA,NA,NA,NA,NA,NA,NA,NA,NA,NA,NA,NA,NA,NA,NA,NA,NA,NA,5.14,5.16,NA,NA,NA,NA,NA,NA,NA,NA,NA,NA,NA,NA,NA,NA,NA,NA,NA,NA,NA,NA,NA,NA,NA,NA,NA,NA,NA,NA,NA,NA,NA,NA,NA,NA,NA,NA,NA,NA,NA,NA,NA,NA,NA,NA,NA,NA,NA,FALSE,FALSE,NA,NA,NA,NA,NA,NA,NA,NA,NA,NA,NA,NA,NA,NA,NA,NA,NA,NA,NA,NA,NA,NA,NA,NA,NA,NA,NA,NA,NA
626,NA,NA,NA,NA,NA,NA,NA,NA,NA,NA,NA,NA,NA,NA,NA,NA,NA,NA,6.72,6.6,NA,NA,NA,NA,NA,NA,NA,NA,NA,NA,NA,NA,NA,NA,NA,NA,NA,NA,NA,NA,NA,NA,NA,NA,NA,NA,NA,NA,NA,NA,NA,NA,NA,NA,NA,NA,NA,NA,NA,NA,NA,NA,NA,NA,NA,NA,NA,FALSE,FALSE,NA,NA,NA,NA,NA,NA,NA,NA,NA,NA,NA,NA,NA,NA,NA,NA,NA,NA,NA,NA,NA,NA,NA,NA,NA,NA,NA,NA,NA
627,NA,NA,NA,NA,NA,NA,NA,NA,NA,NA,NA,NA,NA,NA,NA,NA,NA,NA,6,5.89,NA,NA,NA,NA,NA,NA,NA,NA,NA,NA,NA,NA,NA,NA,NA,NA,NA,NA,NA,NA,NA,NA,NA,NA,NA,NA,NA,NA,NA,NA,NA,NA,NA,NA,NA,NA,NA,NA,NA,NA,NA,NA,NA,NA,NA,NA,NA,FALSE,FALSE,NA,NA,NA,NA,NA,NA,NA,NA,NA,NA,NA,NA,NA,NA,NA,NA,NA,NA,NA,NA,NA,NA,NA,NA,NA,NA,NA,NA,NA
628,NA,NA,NA,NA,NA,NA,NA,NA,NA,NA,NA,NA,NA,NA,NA,NA,NA,NA,5.56,5.59,NA,NA,NA,NA,NA,NA,NA,NA,NA,NA,NA,NA,NA,NA,NA,NA,NA,NA,NA,NA,NA,NA,NA,NA,NA,NA,NA,NA,NA,NA,NA,NA,NA,NA,NA,NA,NA,NA,NA,NA,NA,NA,NA,NA,NA,NA,NA,FALSE,FALSE,NA,NA,NA,NA,NA,NA,NA,NA,NA,NA,NA,NA,NA,NA,NA,NA,NA,NA,NA,NA,NA,NA,NA,NA,NA,NA,NA,NA,NA
629,NA,NA,NA,NA,NA,NA,NA,NA,NA,NA,NA,NA,NA,NA,NA,NA,NA,NA,4.34,4.41,NA,NA,NA,NA,NA,NA,NA,NA,NA,NA,NA,NA,NA,NA,NA,NA,NA,NA,NA,NA,NA,NA,NA,NA,NA,NA,NA,NA,NA,NA,NA,NA,NA,NA,NA,NA,NA,NA,NA,NA,NA,NA,NA,NA,NA,NA,NA,FALSE,FALSE,NA,NA,NA,NA,NA,NA,NA,NA,NA,NA,NA,NA,NA,NA,NA,NA,NA,NA,NA,NA,NA,NA,NA,NA,NA,NA,NA,NA,NA
630,NA,NA,NA,NA,NA,NA,NA,NA,NA,NA,NA,NA,NA,NA,NA,NA,NA,NA,3.42,3.41,NA,NA,NA,NA,NA,NA,NA,NA,NA,NA,NA,NA,NA,NA,NA,NA,NA,NA,NA,NA,NA,NA,NA,NA,NA,NA,NA,NA,NA,NA,NA,NA,NA,NA,NA,NA,NA,NA,NA,NA,NA,NA,NA,NA,NA,NA,NA,FALSE,FALSE,NA,NA,NA,NA,NA,NA,NA,NA,NA,NA,NA,NA,NA,NA,NA,NA,NA,NA,NA,NA,NA,NA,NA,NA,NA,NA,NA,NA,NA
631,NA,NA,NA,NA,NA,NA,NA,NA,NA,NA,NA,NA,NA,NA,NA,NA,NA,NA,5.52,5.56,NA,NA,NA,NA,NA,NA,NA,NA,NA,NA,NA,NA,NA,NA,NA,NA,NA,NA,NA,NA,NA,NA,NA,NA,NA,NA,NA,NA,NA,NA,NA,NA,NA,NA,NA,NA,NA,NA,NA,NA,NA,NA,NA,NA,NA,NA,NA,FALSE,FALSE,NA,NA,NA,NA,NA,NA,NA,NA,NA,NA,NA,NA,NA,NA,NA,NA,NA,NA,NA,NA,NA,NA,NA,NA,NA,NA,NA,NA,NA
632,NA,NA,NA,NA,NA,NA,NA,NA,NA,NA,NA,NA,NA,NA,NA,NA,NA,NA,5.39,5.33,NA,NA,NA,NA,NA,NA,NA,NA,NA,NA,NA,NA,NA,NA,NA,NA,NA,NA,NA,NA,NA,NA,NA,NA,NA,NA,NA,NA,NA,NA,NA,NA,NA,NA,NA,NA,NA,NA,NA,NA,NA,NA,NA,NA,NA,NA,NA,FALSE,FALSE,NA,NA,NA,NA,NA,NA,NA,NA,NA,NA,NA,NA,NA,NA,NA,NA,NA,NA,NA,NA,NA,NA,NA,NA,NA,NA,NA,NA,NA
633,NA,NA,NA,NA,NA,NA,NA,NA,NA,NA,NA,NA,NA,NA,NA,NA,NA,NA,5.57,5.59,NA,NA,NA,NA,NA,NA,NA,NA,NA,NA,NA,NA,NA,NA,NA,NA,NA,NA,NA,NA,NA,NA,NA,NA,NA,NA,NA,NA,NA,NA,NA,NA,NA,NA,NA,NA,NA,NA,NA,NA,NA,NA,NA,NA,NA,NA,NA,FALSE,FALSE,NA,NA,NA,NA,NA,NA,NA,NA,NA,NA,NA,NA,NA,NA,NA,NA,NA,NA,NA,NA,NA,NA,NA,NA,NA,NA,NA,NA,NA
634,NA,NA,NA,NA,NA,NA,NA,NA,NA,NA,NA,NA,NA,NA,NA,NA,NA,NA,7.24,7.28,NA,NA,NA,NA,NA,NA,NA,NA,NA,NA,NA,NA,NA,NA,NA,NA,NA,NA,NA,NA,NA,NA,NA,NA,NA,NA,NA,NA,NA,NA,NA,NA,NA,NA,NA,NA,NA,NA,NA,NA,NA,NA,NA,NA,NA,NA,NA,FALSE,FALSE,NA,NA,NA,NA,NA,NA,NA,NA,NA,NA,NA,NA,NA,NA,NA,NA,NA,NA,NA,NA,NA,NA,NA,NA,NA,NA,NA,NA,NA
635,NA,NA,NA,NA,NA,NA,NA,NA,NA,NA,NA,NA,NA,NA,NA,NA,NA,NA,7.02,6.99,NA,NA,NA,NA,NA,NA,NA,NA,NA,NA,NA,NA,NA,NA,NA,NA,NA,NA,NA,NA,NA,NA,NA,NA,NA,NA,NA,NA,NA,NA,NA,NA,NA,NA,NA,NA,NA,NA,NA,NA,NA,NA,NA,NA,NA,NA,NA,FALSE,FALSE,NA,NA,NA,NA,NA,NA,NA,NA,NA,NA,NA,NA,NA,NA,NA,NA,NA,NA,NA,NA,NA,NA,NA,NA,NA,NA,NA,NA,NA
636,NA,NA,NA,NA,NA,NA,NA,NA,NA,NA,NA,NA,NA,NA,NA,NA,NA,NA,6.1,6.06,NA,NA,NA,NA,NA,NA,NA,NA,NA,NA,NA,NA,NA,NA,NA,NA,NA,NA,NA,NA,NA,NA,NA,NA,NA,NA,NA,NA,NA,NA,NA,NA,NA,NA,NA,NA,NA,NA,NA,NA,NA,NA,NA,NA,NA,NA,NA,FALSE,FALSE,NA,NA,NA,NA,NA,NA,NA,NA,NA,NA,NA,NA,NA,NA,NA,NA,NA,NA,NA,NA,NA,NA,NA,NA,NA,NA,NA,NA,NA
637,NA,NA,NA,NA,NA,NA,NA,NA,NA,NA,NA,NA,NA,NA,NA,NA,NA,NA,4.29,4.28,NA,NA,NA,NA,NA,NA,NA,NA,NA,NA,NA,NA,NA,NA,NA,NA,NA,NA,NA,NA,NA,NA,NA,NA,NA,NA,NA,NA,NA,NA,NA,NA,NA,NA,NA,NA,NA,NA,NA,NA,NA,NA,NA,NA,NA,NA,NA,FALSE,FALSE,NA,NA,NA,NA,NA,NA,NA,NA,NA,NA,NA,NA,NA,NA,NA,NA,NA,NA,NA,NA,NA,NA,NA,NA,NA,NA,NA,NA,NA
638,NA,NA,NA,NA,NA,NA,NA,NA,NA,NA,NA,NA,NA,NA,NA,NA,NA,NA,4.44,4.4,NA,NA,NA,NA,NA,NA,NA,NA,NA,NA,NA,NA,NA,NA,NA,NA,NA,NA,NA,NA,NA,NA,NA,NA,NA,NA,NA,NA,NA,NA,NA,NA,NA,NA,NA,NA,NA,NA,NA,NA,NA,NA,NA,NA,NA,NA,NA,FALSE,FALSE,NA,NA,NA,NA,NA,NA,NA,NA,NA,NA,NA,NA,NA,NA,NA,NA,NA,NA,NA,NA,NA,NA,NA,NA,NA,NA,NA,NA,NA
639,NA,NA,NA,NA,NA,NA,NA,NA,NA,NA,NA,NA,NA,NA,NA,NA,NA,NA,3.65,3.68,NA,NA,NA,NA,NA,NA,NA,NA,NA,NA,NA,NA,NA,NA,NA,NA,NA,NA,NA,NA,NA,NA,NA,NA,NA,NA,NA,NA,NA,NA,NA,NA,NA,NA,NA,NA,NA,NA,NA,NA,NA,NA,NA,NA,NA,NA,NA,FALSE,FALSE,NA,NA,NA,NA,NA,NA,NA,NA,NA,NA,NA,NA,NA,NA,NA,NA,NA,NA,NA,NA,NA,NA,NA,NA,NA,NA,NA,NA,NA
640,NA,NA,NA,NA,NA,NA,NA,NA,NA,NA,NA,NA,NA,NA,NA,NA,NA,NA,5.67,5.65,NA,NA,NA,NA,NA,NA,NA,NA,NA,NA,NA,NA,NA,NA,NA,NA,NA,NA,NA,NA,NA,NA,NA,NA,NA,NA,NA,NA,NA,NA,NA,NA,NA,NA,NA,NA,NA,NA,NA,NA,NA,NA,NA,NA,NA,NA,NA,FALSE,FALSE,NA,NA,NA,NA,NA,NA,NA,NA,NA,NA,NA,NA,NA,NA,NA,NA,NA,NA,NA,NA,NA,NA,NA,NA,NA,NA,NA,NA,NA
641,NA,NA,NA,NA,NA,NA,NA,NA,NA,NA,NA,NA,NA,NA,NA,NA,NA,NA,5.66,5.56,NA,NA,NA,NA,NA,NA,NA,NA,NA,NA,NA,NA,NA,NA,NA,NA,NA,NA,NA,NA,NA,NA,NA,NA,NA,NA,NA,NA,NA,NA,NA,NA,NA,NA,NA,NA,NA,NA,NA,NA,NA,NA,NA,NA,NA,NA,NA,FALSE,FALSE,NA,NA,NA,NA,NA,NA,NA,NA,NA,NA,NA,NA,NA,NA,NA,NA,NA,NA,NA,NA,NA,NA,NA,NA,NA,NA,NA,NA,NA
642,NA,NA,NA,NA,NA,NA,NA,NA,NA,NA,2.21,2.22,NA,NA,NA,NA,NA,NA,4.62,4.58,NA,NA,NA,NA,NA,NA,NA,NA,NA,NA,NA,NA,NA,NA,NA,NA,NA,NA,NA,NA,NA,NA,NA,NA,NA,NA,NA,NA,NA,NA,NA,NA,NA,NA,NA,NA,NA,NA,NA,FALSE,FALSE,NA,NA,NA,NA,NA,NA,FALSE,FALSE,NA,NA,NA,NA,NA,NA,NA,NA,NA,NA,NA,NA,NA,NA,NA,NA,NA,NA,NA,NA,NA,NA,NA,NA,NA,NA,NA,NA,NA
643,NA,NA,NA,NA,NA,NA,NA,NA,NA,NA,2.64,2.58,NA,NA,NA,NA,NA,NA,5.25,5.23,NA,NA,NA,NA,NA,NA,NA,NA,NA,NA,NA,NA,NA,NA,NA,NA,NA,NA,NA,NA,NA,NA,NA,NA,NA,NA,NA,NA,NA,NA,NA,NA,NA,NA,NA,NA,NA,NA,NA,FALSE,FALSE,NA,NA,NA,NA,NA,NA,FALSE,FALSE,NA,NA,NA,NA,NA,NA,NA,NA,NA,NA,NA,NA,NA,NA,NA,NA,NA,NA,NA,NA,NA,NA,NA,NA,NA,NA,NA,NA,NA
644,NA,NA,NA,NA,NA,NA,NA,NA,NA,NA,2.48,2.5,NA,NA,NA,NA,NA,NA,6.32,6.33,NA,NA,NA,NA,NA,NA,NA,NA,NA,NA,NA,NA,NA,NA,NA,NA,NA,NA,NA,NA,NA,NA,NA,NA,NA,NA,NA,NA,NA,NA,NA,NA,NA,NA,NA,NA,NA,NA,NA,FALSE,FALSE,NA,NA,NA,NA,NA,NA,FALSE,FALSE,NA,NA,NA,NA,NA,NA,NA,NA,NA,NA,NA,NA,NA,NA,NA,NA,NA,NA,NA,NA,NA,NA,NA,NA,NA,NA,NA,NA,NA
645,NA,NA,NA,NA,NA,NA,NA,NA,NA,NA,2.47,2.49,NA,NA,NA,NA,NA,NA,5.79,5.85,NA,NA,NA,NA,NA,NA,NA,NA,NA,NA,NA,NA,NA,NA,NA,NA,NA,NA,NA,NA,NA,NA,NA,NA,NA,NA,NA,NA,NA,NA,NA,NA,NA,NA,NA,NA,NA,NA,NA,FALSE,FALSE,NA,NA,NA,NA,NA,NA,FALSE,FALSE,NA,NA,NA,NA,NA,NA,NA,NA,NA,NA,NA,NA,NA,NA,NA,NA,NA,NA,NA,NA,NA,NA,NA,NA,NA,NA,NA,NA,NA
646,NA,NA,NA,NA,NA,NA,NA,NA,NA,NA,2.78,2.63,NA,NA,NA,NA,NA,NA,7.07,6.99,NA,NA,NA,NA,NA,NA,NA,NA,NA,NA,NA,NA,NA,NA,NA,NA,NA,NA,NA,NA,NA,NA,NA,NA,NA,NA,NA,NA,NA,NA,NA,NA,NA,NA,NA,NA,NA,NA,NA,FALSE,FALSE,NA,NA,NA,NA,NA,NA,FALSE,FALSE,NA,NA,NA,NA,NA,NA,NA,NA,NA,NA,NA,NA,NA,NA,NA,NA,NA,NA,NA,NA,NA,NA,NA,NA,NA,NA,NA,NA,NA
647,NA,NA,NA,NA,NA,NA,NA,NA,NA,NA,2.41,2.33,NA,NA,NA,NA,NA,NA,6.08,6.08,NA,NA,NA,NA,NA,NA,NA,NA,NA,NA,NA,NA,NA,NA,NA,NA,NA,NA,NA,NA,NA,NA,NA,NA,NA,NA,NA,NA,NA,NA,NA,NA,NA,NA,NA,NA,NA,NA,NA,FALSE,FALSE,NA,NA,NA,NA,NA,NA,FALSE,FALSE,NA,NA,NA,NA,NA,NA,NA,NA,NA,NA,NA,NA,NA,NA,NA,NA,NA,NA,NA,NA,NA,NA,NA,NA,NA,NA,NA,NA,NA
648,NA,NA,NA,NA,NA,NA,NA,NA,NA,NA,1.91,1.88,NA,NA,NA,NA,NA,NA,4.11,4.12,NA,NA,NA,NA,NA,NA,NA,NA,NA,NA,NA,NA,NA,NA,NA,NA,NA,NA,NA,NA,NA,NA,NA,NA,NA,NA,NA,NA,NA,NA,NA,NA,NA,NA,NA,NA,NA,NA,NA,FALSE,FALSE,NA,NA,NA,NA,NA,NA,FALSE,FALSE,NA,NA,NA,NA,NA,NA,NA,NA,NA,NA,NA,NA,NA,NA,NA,NA,NA,NA,NA,NA,NA,NA,NA,NA,NA,NA,NA,NA,NA
649,NA,NA,NA,NA,NA,NA,NA,NA,NA,NA,2.87,2.89,NA,NA,NA,NA,NA,NA,5.19,5.18,NA,NA,NA,NA,NA,NA,NA,NA,NA,NA,NA,NA,NA,NA,NA,NA,NA,NA,NA,NA,NA,NA,NA,NA,NA,NA,NA,NA,NA,NA,NA,NA,NA,NA,NA,NA,NA,NA,NA,FALSE,FALSE,NA,NA,NA,NA,NA,NA,FALSE,FALSE,NA,NA,NA,NA,NA,NA,NA,NA,NA,NA,NA,NA,NA,NA,NA,NA,NA,NA,NA,NA,NA,NA,NA,NA,NA,NA,NA,NA,NA
650,NA,NA,NA,NA,NA,NA,NA,NA,NA,NA,2.86,2.78,NA,NA,NA,NA,NA,NA,4.96,4.96,NA,NA,NA,NA,NA,NA,NA,NA,NA,NA,NA,NA,NA,NA,NA,NA,NA,NA,NA,NA,NA,NA,NA,NA,NA,NA,NA,NA,NA,NA,NA,NA,NA,NA,NA,NA,NA,NA,NA,FALSE,FALSE,NA,NA,NA,NA,NA,NA,FALSE,FALSE,NA,NA,NA,NA,NA,NA,NA,NA,NA,NA,NA,NA,NA,NA,NA,NA,NA,NA,NA,NA,NA,NA,NA,NA,NA,NA,NA,NA,NA
651,NA,NA,NA,NA,NA,NA,NA,NA,NA,NA,2.77,2.58,NA,NA,NA,NA,NA,NA,5.48,5.39,NA,NA,NA,NA,NA,NA,NA,NA,NA,NA,NA,NA,NA,NA,NA,NA,NA,NA,NA,NA,NA,NA,NA,NA,NA,NA,NA,NA,NA,NA,NA,NA,NA,NA,NA,NA,NA,NA,NA,FALSE,FALSE,NA,NA,NA,NA,NA,NA,FALSE,FALSE,NA,NA,NA,NA,NA,NA,NA,NA,NA,NA,NA,NA,NA,NA,NA,NA,NA,NA,NA,NA,NA,NA,NA,NA,NA,NA,NA,NA,NA
652,NA,NA,NA,NA,NA,NA,NA,NA,NA,NA,3.56,3.52,NA,NA,NA,NA,NA,NA,6.69,6.64,NA,NA,NA,NA,NA,NA,NA,NA,NA,NA,NA,NA,NA,NA,NA,NA,NA,NA,NA,NA,NA,NA,NA,NA,NA,NA,NA,NA,NA,NA,NA,NA,NA,NA,NA,NA,NA,NA,NA,FALSE,FALSE,NA,NA,NA,NA,NA,NA,FALSE,FALSE,NA,NA,NA,NA,NA,NA,NA,NA,NA,NA,NA,NA,NA,NA,NA,NA,NA,NA,NA,NA,NA,NA,NA,NA,NA,NA,NA,NA,NA
653,NA,NA,NA,NA,NA,NA,NA,NA,NA,NA,2.47,2.58,NA,NA,NA,NA,NA,NA,4.19,4.18,NA,NA,NA,NA,NA,NA,NA,NA,NA,NA,NA,NA,NA,NA,NA,NA,NA,NA,NA,NA,NA,NA,NA,NA,NA,NA,NA,NA,NA,NA,NA,NA,NA,NA,NA,NA,NA,NA,NA,FALSE,FALSE,NA,NA,NA,NA,NA,NA,FALSE,FALSE,NA,NA,NA,NA,NA,NA,NA,NA,NA,NA,NA,NA,NA,NA,NA,NA,NA,NA,NA,NA,NA,NA,NA,NA,NA,NA,NA,NA,NA
654,NA,NA,NA,NA,NA,NA,NA,NA,NA,NA,1.2,1.15,NA,NA,NA,NA,NA,NA,1.36,1.34,NA,NA,NA,NA,NA,NA,NA,NA,NA,NA,NA,NA,NA,NA,NA,NA,NA,NA,NA,NA,NA,NA,NA,NA,NA,NA,NA,NA,NA,NA,NA,NA,NA,NA,NA,NA,NA,NA,NA,FALSE,FALSE,NA,NA,NA,NA,NA,NA,FALSE,FALSE,NA,NA,NA,NA,NA,NA,NA,NA,NA,NA,NA,NA,NA,NA,NA,NA,NA,NA,NA,NA,NA,NA,NA,NA,NA,NA,NA,NA,NA
655,NA,NA,NA,NA,NA,NA,NA,NA,NA,NA,2.16,2.08,NA,NA,NA,NA,NA,NA,2.96,2.96,NA,NA,NA,NA,NA,NA,NA,NA,NA,NA,NA,NA,NA,NA,NA,NA,NA,NA,NA,NA,NA,NA,NA,NA,NA,NA,NA,NA,NA,NA,NA,NA,NA,NA,NA,NA,NA,NA,NA,FALSE,FALSE,NA,NA,NA,NA,NA,NA,FALSE,FALSE,NA,NA,NA,NA,NA,NA,NA,NA,NA,NA,NA,NA,NA,NA,NA,NA,NA,NA,NA,NA,NA,NA,NA,NA,NA,NA,NA,NA,NA
656,NA,NA,NA,NA,NA,NA,NA,NA,NA,NA,2.33,2.33,NA,NA,NA,NA,NA,NA,2.94,2.95,NA,NA,NA,NA,NA,NA,NA,NA,NA,NA,NA,NA,NA,NA,NA,NA,NA,NA,NA,NA,NA,NA,NA,NA,NA,NA,NA,NA,NA,NA,NA,NA,NA,NA,NA,NA,NA,NA,NA,FALSE,FALSE,NA,NA,NA,NA,NA,NA,FALSE,FALSE,NA,NA,NA,NA,NA,NA,NA,NA,NA,NA,NA,NA,NA,NA,NA,NA,NA,NA,NA,NA,NA,NA,NA,NA,NA,NA,NA,NA,NA
657,NA,NA,NA,NA,NA,NA,NA,NA,NA,NA,1.6,1.66,NA,NA,NA,NA,NA,NA,2.2,2.21,NA,NA,NA,NA,NA,NA,NA,NA,NA,NA,NA,NA,NA,NA,NA,NA,NA,NA,NA,NA,NA,NA,NA,NA,NA,NA,NA,NA,NA,NA,NA,NA,NA,NA,NA,NA,NA,NA,NA,FALSE,FALSE,NA,NA,NA,NA,NA,NA,FALSE,FALSE,NA,NA,NA,NA,NA,NA,NA,NA,NA,NA,NA,NA,NA,NA,NA,NA,NA,NA,NA,NA,NA,NA,NA,NA,NA,NA,NA,NA,NA
658,NA,NA,NA,NA,NA,NA,NA,NA,NA,NA,2.14,2.12,NA,NA,NA,NA,NA,NA,3.3,3.31,NA,NA,NA,NA,NA,NA,NA,NA,NA,NA,NA,NA,NA,NA,NA,NA,NA,NA,NA,NA,NA,NA,NA,NA,NA,NA,NA,NA,NA,NA,NA,NA,NA,NA,NA,NA,NA,NA,NA,FALSE,FALSE,NA,NA,NA,NA,NA,NA,FALSE,FALSE,NA,NA,NA,NA,NA,NA,NA,NA,NA,NA,NA,NA,NA,NA,NA,NA,NA,NA,NA,NA,NA,NA,NA,NA,NA,NA,NA,NA,NA
659,NA,NA,NA,NA,NA,NA,NA,NA,NA,NA,2.93,2.97,NA,NA,NA,NA,NA,NA,3.66,3.7,NA,NA,NA,NA,NA,NA,NA,NA,NA,NA,NA,NA,NA,NA,NA,NA,NA,NA,NA,NA,NA,NA,NA,NA,NA,NA,NA,NA,NA,NA,NA,NA,NA,NA,NA,NA,NA,NA,NA,FALSE,FALSE,NA,NA,NA,NA,NA,NA,FALSE,FALSE,NA,NA,NA,NA,NA,NA,NA,NA,NA,NA,NA,NA,NA,NA,NA,NA,NA,NA,NA,NA,NA,NA,NA,NA,NA,NA,NA,NA,NA
660,NA,NA,NA,NA,NA,NA,NA,NA,NA,NA,3.22,3.08,NA,NA,NA,NA,NA,NA,3.13,3.14,NA,NA,NA,NA,NA,NA,NA,NA,NA,NA,NA,NA,NA,NA,NA,NA,NA,NA,NA,NA,NA,NA,NA,NA,NA,NA,NA,NA,NA,NA,NA,NA,NA,NA,NA,NA,NA,NA,NA,FALSE,FALSE,NA,NA,NA,NA,NA,NA,FALSE,FALSE,NA,NA,NA,NA,NA,NA,NA,NA,NA,NA,NA,NA,NA,NA,NA,NA,NA,NA,NA,NA,NA,NA,NA,NA,NA,NA,NA,NA,NA
661,NA,NA,NA,NA,NA,NA,NA,NA,NA,NA,3.54,3.55,NA,NA,NA,NA,NA,NA,4.23,4.27,NA,NA,NA,NA,NA,NA,NA,NA,NA,NA,NA,NA,NA,NA,NA,NA,NA,NA,NA,NA,NA,NA,NA,NA,NA,NA,NA,NA,NA,NA,NA,NA,NA,NA,NA,NA,NA,NA,NA,FALSE,FALSE,NA,NA,NA,NA,NA,NA,FALSE,FALSE,NA,NA,NA,NA,NA,NA,NA,NA,NA,NA,NA,NA,NA,NA,NA,NA,NA,NA,NA,NA,NA,NA,NA,NA,NA,NA,NA,NA,NA
662,NA,NA,NA,NA,NA,NA,NA,NA,NA,NA,3.7,3.73,NA,NA,NA,NA,NA,NA,3.47,3.48,NA,NA,NA,NA,NA,NA,NA,NA,NA,NA,NA,NA,NA,NA,NA,NA,NA,NA,NA,NA,NA,NA,NA,NA,NA,NA,NA,NA,NA,NA,NA,NA,NA,NA,NA,NA,NA,NA,NA,FALSE,FALSE,NA,NA,NA,NA,NA,NA,FALSE,FALSE,NA,NA,NA,NA,NA,NA,NA,NA,NA,NA,NA,NA,NA,NA,NA,NA,NA,NA,NA,NA,NA,NA,NA,NA,NA,NA,NA,NA,NA
663,NA,NA,NA,NA,NA,NA,NA,NA,NA,NA,2.73,2.72,NA,NA,NA,NA,NA,NA,3.05,3.04,NA,NA,NA,NA,NA,NA,NA,NA,NA,NA,NA,NA,NA,NA,NA,NA,NA,NA,NA,NA,NA,NA,NA,NA,NA,NA,NA,NA,NA,NA,NA,NA,NA,NA,NA,NA,NA,NA,NA,FALSE,FALSE,NA,NA,NA,NA,NA,NA,FALSE,FALSE,NA,NA,NA,NA,NA,NA,NA,NA,NA,NA,NA,NA,NA,NA,NA,NA,NA,NA,NA,NA,NA,NA,NA,NA,NA,NA,NA,NA,NA
664,NA,NA,NA,NA,NA,NA,NA,NA,NA,NA,2.51,2.45,NA,NA,NA,NA,NA,NA,2.85,2.83,NA,NA,NA,NA,NA,NA,NA,NA,NA,NA,NA,NA,NA,NA,NA,NA,NA,NA,NA,NA,NA,NA,NA,NA,NA,NA,NA,NA,NA,NA,NA,NA,NA,NA,NA,NA,NA,NA,NA,FALSE,FALSE,NA,NA,NA,NA,NA,NA,FALSE,FALSE,NA,NA,NA,NA,NA,NA,NA,NA,NA,NA,NA,NA,NA,NA,NA,NA,NA,NA,NA,NA,NA,NA,NA,NA,NA,NA,NA,NA,NA
665,NA,NA,NA,NA,NA,NA,NA,NA,NA,NA,2.63,2.66,NA,NA,NA,NA,NA,NA,2.23,2.23,NA,NA,NA,NA,NA,NA,NA,NA,NA,NA,NA,NA,NA,NA,NA,NA,NA,NA,NA,NA,NA,NA,NA,NA,NA,NA,NA,NA,NA,NA,NA,NA,NA,NA,NA,NA,NA,NA,NA,FALSE,FALSE,NA,NA,NA,NA,NA,NA,FALSE,FALSE,NA,NA,NA,NA,NA,NA,NA,NA,NA,NA,NA,NA,NA,NA,NA,NA,NA,NA,NA,NA,NA,NA,NA,NA,NA,NA,NA,NA,NA
666,NA,NA,NA,NA,NA,NA,NA,NA,NA,NA,2.51,2.49,NA,NA,NA,NA,NA,NA,2.22,2.22,NA,NA,NA,NA,NA,NA,NA,NA,NA,NA,NA,NA,NA,NA,NA,NA,NA,NA,NA,NA,NA,NA,NA,NA,NA,NA,NA,NA,NA,NA,NA,NA,NA,NA,NA,NA,NA,NA,NA,FALSE,FALSE,NA,NA,NA,NA,NA,NA,FALSE,FALSE,NA,NA,NA,NA,NA,NA,NA,NA,NA,NA,NA,NA,NA,NA,NA,NA,NA,NA,NA,NA,NA,NA,NA,NA,NA,NA,NA,NA,NA
667,NA,NA,NA,NA,NA,NA,NA,NA,NA,NA,2.59,2.58,NA,NA,NA,NA,NA,NA,2.52,2.52,NA,NA,NA,NA,NA,NA,NA,NA,NA,NA,NA,NA,NA,NA,NA,NA,NA,NA,NA,NA,NA,NA,NA,NA,NA,NA,NA,NA,NA,NA,NA,NA,NA,NA,NA,NA,NA,NA,NA,FALSE,FALSE,NA,NA,NA,NA,NA,NA,FALSE,FALSE,NA,NA,NA,NA,NA,NA,NA,NA,NA,NA,NA,NA,NA,NA,NA,NA,NA,NA,NA,NA,NA,NA,NA,NA,NA,NA,NA,NA,NA
668,NA,NA,NA,NA,NA,NA,NA,NA,NA,NA,3.23,3.06,NA,NA,NA,NA,NA,NA,3.3,3.31,NA,NA,NA,NA,NA,NA,NA,NA,NA,NA,NA,NA,NA,NA,NA,NA,NA,NA,NA,NA,NA,NA,NA,NA,NA,NA,NA,NA,NA,NA,NA,NA,NA,NA,NA,NA,NA,NA,NA,FALSE,FALSE,NA,NA,NA,NA,NA,NA,FALSE,FALSE,NA,NA,NA,NA,NA,NA,NA,NA,NA,NA,NA,NA,NA,NA,NA,NA,NA,NA,NA,NA,NA,NA,NA,NA,NA,NA,NA,NA,NA
669,NA,NA,NA,NA,NA,NA,NA,NA,NA,NA,1.89,1.88,NA,NA,NA,NA,NA,NA,1.84,1.69,NA,NA,NA,NA,NA,NA,NA,NA,NA,NA,NA,NA,NA,NA,NA,NA,NA,NA,NA,NA,NA,NA,NA,NA,NA,NA,NA,NA,NA,NA,NA,NA,NA,NA,NA,NA,NA,NA,NA,FALSE,FALSE,NA,NA,NA,NA,NA,NA,FALSE,FALSE,NA,NA,NA,NA,NA,NA,NA,NA,NA,NA,NA,NA,NA,NA,NA,NA,NA,NA,NA,NA,NA,NA,NA,NA,NA,NA,NA,NA,NA
670,NA,NA,NA,NA,NA,NA,NA,NA,NA,NA,2.09,2.08,NA,NA,NA,NA,NA,NA,2.66,2.71,NA,NA,NA,NA,NA,NA,NA,NA,NA,NA,NA,NA,NA,NA,NA,NA,NA,NA,NA,NA,NA,NA,NA,NA,NA,NA,NA,NA,NA,NA,NA,NA,NA,NA,NA,NA,NA,NA,NA,FALSE,FALSE,NA,NA,NA,NA,NA,NA,FALSE,FALSE,NA,NA,NA,NA,NA,NA,NA,NA,NA,NA,NA,NA,NA,NA,NA,NA,NA,NA,NA,NA,NA,NA,NA,NA,NA,NA,NA,NA,NA
671,NA,NA,NA,NA,NA,NA,NA,NA,NA,NA,1.89,1.86,NA,NA,NA,NA,NA,NA,1.45,1.44,NA,NA,NA,NA,NA,NA,NA,NA,NA,NA,NA,NA,NA,NA,NA,NA,NA,NA,NA,NA,NA,NA,NA,NA,NA,NA,NA,NA,NA,NA,NA,NA,NA,NA,NA,NA,NA,NA,NA,FALSE,FALSE,NA,NA,NA,NA,NA,NA,FALSE,FALSE,NA,NA,NA,NA,NA,NA,NA,NA,NA,NA,NA,NA,NA,NA,NA,NA,NA,NA,NA,NA,NA,NA,NA,NA,NA,NA,NA,NA,NA
672,NA,NA,NA,NA,NA,NA,NA,NA,NA,NA,2.8,2.83,NA,NA,NA,NA,NA,NA,3.04,3.01,NA,NA,NA,NA,NA,NA,NA,NA,NA,NA,NA,NA,NA,NA,NA,NA,NA,NA,NA,NA,NA,NA,NA,NA,NA,NA,NA,NA,NA,NA,NA,NA,NA,NA,NA,NA,NA,NA,NA,FALSE,FALSE,NA,NA,NA,NA,NA,NA,FALSE,FALSE,NA,NA,NA,NA,NA,NA,NA,NA,NA,NA,NA,NA,NA,NA,NA,NA,NA,NA,NA,NA,NA,NA,NA,NA,NA,NA,NA,NA,NA
673,NA,NA,NA,NA,NA,NA,NA,NA,NA,NA,2.71,2.65,NA,NA,NA,NA,NA,NA,2.65,2.63,NA,NA,NA,NA,NA,NA,NA,NA,NA,NA,NA,NA,NA,NA,NA,NA,NA,NA,NA,NA,NA,NA,NA,NA,NA,NA,NA,NA,NA,NA,NA,NA,NA,NA,NA,NA,NA,NA,NA,FALSE,FALSE,NA,NA,NA,NA,NA,NA,FALSE,FALSE,NA,NA,NA,NA,NA,NA,NA,NA,NA,NA,NA,NA,NA,NA,NA,NA,NA,NA,NA,NA,NA,NA,NA,NA,NA,NA,NA,NA,NA
674,NA,NA,NA,NA,NA,NA,NA,NA,NA,NA,2.5,2.5,NA,NA,NA,NA,NA,NA,2.05,2.03,NA,NA,NA,NA,NA,NA,NA,NA,NA,NA,NA,NA,NA,NA,NA,NA,NA,NA,NA,NA,NA,NA,NA,NA,NA,NA,NA,NA,NA,NA,NA,NA,NA,NA,NA,NA,NA,NA,NA,FALSE,FALSE,NA,NA,NA,NA,NA,NA,FALSE,FALSE,NA,NA,NA,NA,NA,NA,NA,NA,NA,NA,NA,NA,NA,NA,NA,NA,NA,NA,NA,NA,NA,NA,NA,NA,NA,NA,NA,NA,NA
675,NA,NA,NA,NA,NA,NA,NA,NA,NA,NA,2.87,2.96,NA,NA,NA,NA,NA,NA,1.96,1.95,NA,NA,NA,NA,NA,NA,NA,NA,NA,NA,NA,NA,NA,NA,NA,NA,NA,NA,NA,NA,NA,NA,NA,NA,NA,NA,NA,NA,NA,NA,NA,NA,NA,NA,NA,NA,NA,NA,NA,FALSE,FALSE,NA,NA,NA,NA,NA,NA,FALSE,FALSE,NA,NA,NA,NA,NA,NA,NA,NA,NA,NA,NA,NA,NA,NA,NA,NA,NA,NA,NA,NA,NA,NA,NA,NA,NA,NA,NA,NA,NA
676,NA,NA,NA,NA,NA,NA,NA,NA,NA,NA,2.16,2.09,NA,NA,NA,NA,NA,NA,1.79,1.78,NA,NA,NA,NA,NA,NA,NA,NA,NA,NA,NA,NA,NA,NA,NA,NA,NA,NA,NA,NA,NA,NA,NA,NA,NA,NA,NA,NA,NA,NA,NA,NA,NA,NA,NA,NA,NA,NA,NA,FALSE,FALSE,NA,NA,NA,NA,NA,NA,FALSE,FALSE,NA,NA,NA,NA,NA,NA,NA,NA,NA,NA,NA,NA,NA,NA,NA,NA,NA,NA,NA,NA,NA,NA,NA,NA,NA,NA,NA,NA,NA
677,NA,NA,NA,NA,NA,NA,NA,NA,NA,NA,2.29,2.27,NA,NA,NA,NA,NA,NA,2.17,2.13,NA,NA,NA,NA,NA,NA,NA,NA,NA,NA,NA,NA,NA,NA,NA,NA,NA,NA,NA,NA,NA,NA,NA,NA,NA,NA,NA,NA,NA,NA,NA,NA,NA,NA,NA,NA,NA,NA,NA,FALSE,FALSE,NA,NA,NA,NA,NA,NA,FALSE,FALSE,NA,NA,NA,NA,NA,NA,NA,NA,NA,NA,NA,NA,NA,NA,NA,NA,NA,NA,NA,NA,NA,NA,NA,NA,NA,NA,NA,NA,NA
678,NA,NA,NA,NA,NA,NA,NA,NA,NA,NA,2.79,2.79,NA,NA,NA,NA,NA,NA,2,1.98,NA,NA,NA,NA,NA,NA,NA,NA,NA,NA,NA,NA,NA,NA,NA,NA,NA,NA,NA,NA,NA,NA,NA,NA,NA,NA,NA,NA,NA,NA,NA,NA,NA,NA,NA,NA,NA,NA,NA,FALSE,FALSE,NA,NA,NA,NA,NA,NA,FALSE,FALSE,NA,NA,NA,NA,NA,NA,NA,NA,NA,NA,NA,NA,NA,NA,NA,NA,NA,NA,NA,NA,NA,NA,NA,NA,NA,NA,NA,NA,NA
679,NA,NA,NA,NA,NA,NA,NA,NA,NA,NA,2.94,3.03,NA,NA,NA,NA,NA,NA,1.2,1.18,NA,NA,NA,NA,NA,NA,NA,NA,NA,NA,NA,NA,NA,NA,NA,NA,NA,NA,NA,NA,NA,NA,NA,NA,NA,NA,NA,NA,NA,NA,NA,NA,NA,NA,NA,NA,NA,NA,NA,FALSE,FALSE,NA,NA,NA,NA,NA,NA,FALSE,FALSE,NA,NA,NA,NA,NA,NA,NA,NA,NA,NA,NA,NA,NA,NA,NA,NA,NA,NA,NA,NA,NA,NA,NA,NA,NA,NA,NA,NA,NA
680,NA,NA,NA,NA,NA,NA,NA,NA,NA,NA,2.84,2.85,NA,NA,NA,NA,NA,NA,1.24,1.22,NA,NA,NA,NA,NA,NA,NA,NA,NA,NA,NA,NA,NA,NA,NA,NA,NA,NA,NA,NA,NA,NA,NA,NA,NA,NA,NA,NA,NA,NA,NA,NA,NA,NA,NA,NA,NA,NA,NA,FALSE,FALSE,NA,NA,NA,NA,NA,NA,FALSE,FALSE,NA,NA,NA,NA,NA,NA,NA,NA,NA,NA,NA,NA,NA,NA,NA,NA,NA,NA,NA,NA,NA,NA,NA,NA,NA,NA,NA,NA,NA
681,NA,NA,NA,NA,NA,NA,NA,NA,NA,NA,2.76,2.75,NA,NA,NA,NA,NA,NA,1.47,1.45,NA,NA,NA,NA,NA,NA,NA,NA,NA,NA,NA,NA,NA,NA,NA,NA,NA,NA,NA,NA,NA,NA,NA,NA,NA,NA,NA,NA,NA,NA,NA,NA,NA,NA,NA,NA,NA,NA,NA,FALSE,FALSE,NA,NA,NA,NA,NA,NA,FALSE,FALSE,NA,NA,NA,NA,NA,NA,NA,NA,NA,NA,NA,NA,NA,NA,NA,NA,NA,NA,NA,NA,NA,NA,NA,NA,NA,NA,NA,NA,NA
682,NA,NA,NA,NA,NA,NA,NA,NA,NA,NA,2.85,2.91,NA,NA,NA,NA,NA,NA,2.22,2.19,NA,NA,NA,NA,NA,NA,NA,NA,NA,NA,NA,NA,NA,NA,NA,NA,NA,NA,NA,NA,NA,NA,NA,NA,NA,NA,NA,NA,NA,NA,NA,NA,NA,NA,NA,NA,NA,NA,NA,FALSE,FALSE,NA,NA,NA,NA,NA,NA,FALSE,FALSE,NA,NA,NA,NA,NA,NA,NA,NA,NA,NA,NA,NA,NA,NA,NA,NA,NA,NA,NA,NA,NA,NA,NA,NA,NA,NA,NA,NA,NA
683,NA,NA,NA,NA,NA,NA,NA,NA,NA,NA,2.86,2.8,NA,NA,NA,NA,NA,NA,1.75,1.73,NA,NA,NA,NA,NA,NA,NA,NA,NA,NA,NA,NA,NA,NA,NA,NA,NA,NA,NA,NA,NA,NA,NA,NA,2.88,NA,1.9,NA,NA,NA,NA,NA,NA,NA,NA,NA,NA,NA,NA,FALSE,FALSE,NA,NA,NA,NA,NA,NA,FALSE,FALSE,NA,NA,NA,NA,NA,NA,NA,NA,NA,NA,NA,NA,NA,NA,NA,NA,NA,NA,NA,NA,NA,NA,NA,NA,FALSE,NA,FALSE,NA,NA
684,NA,NA,NA,NA,NA,NA,NA,NA,NA,NA,1.98,1.88,NA,NA,NA,NA,NA,NA,1.63,1.62,NA,NA,NA,NA,NA,NA,NA,NA,NA,NA,NA,NA,NA,NA,NA,NA,NA,NA,NA,NA,NA,NA,NA,NA,1.95,NA,2.71,NA,NA,NA,NA,NA,NA,NA,NA,NA,NA,NA,NA,FALSE,FALSE,NA,NA,NA,NA,NA,NA,FALSE,FALSE,NA,NA,NA,NA,NA,NA,NA,NA,NA,NA,NA,NA,NA,NA,NA,NA,NA,NA,NA,NA,NA,NA,NA,NA,FALSE,NA,FALSE,NA,NA
685,NA,NA,NA,NA,NA,NA,NA,NA,NA,NA,2.55,2.57,NA,NA,NA,NA,NA,NA,3.06,3.03,NA,NA,NA,NA,NA,NA,NA,NA,NA,NA,NA,NA,NA,NA,NA,NA,NA,NA,NA,NA,NA,NA,NA,NA,2.79,NA,1.9,NA,NA,NA,NA,NA,NA,NA,NA,NA,NA,NA,NA,FALSE,FALSE,NA,NA,NA,NA,NA,NA,FALSE,FALSE,NA,NA,NA,NA,NA,NA,NA,NA,NA,NA,NA,NA,NA,NA,NA,NA,NA,NA,NA,NA,NA,NA,NA,NA,FALSE,NA,FALSE,NA,NA
686,NA,NA,NA,NA,NA,NA,NA,NA,NA,NA,2.44,2.34,NA,NA,NA,NA,NA,NA,2.89,2.87,NA,NA,NA,NA,NA,NA,NA,NA,NA,NA,NA,NA,NA,NA,NA,NA,NA,NA,NA,NA,NA,NA,NA,NA,3.5,NA,1.59,NA,NA,NA,NA,NA,NA,NA,NA,NA,NA,NA,NA,FALSE,FALSE,NA,NA,NA,NA,NA,NA,FALSE,FALSE,NA,NA,NA,NA,NA,NA,NA,NA,NA,NA,NA,NA,NA,NA,NA,NA,NA,NA,NA,NA,NA,NA,NA,NA,FALSE,NA,FALSE,NA,NA
687,NA,NA,NA,NA,NA,NA,NA,NA,NA,NA,2.02,1.96,NA,NA,NA,NA,NA,NA,1.12,1.11,NA,NA,NA,NA,NA,NA,NA,NA,NA,NA,NA,NA,NA,NA,NA,NA,NA,NA,NA,NA,NA,NA,NA,NA,3.49,NA,3.63,NA,NA,NA,NA,NA,NA,NA,NA,NA,NA,NA,NA,FALSE,FALSE,NA,NA,NA,NA,NA,NA,FALSE,FALSE,NA,NA,NA,NA,NA,NA,NA,NA,NA,NA,NA,NA,NA,NA,NA,NA,NA,NA,NA,NA,NA,NA,NA,NA,FALSE,NA,FALSE,NA,NA
688,NA,NA,NA,NA,NA,NA,NA,NA,NA,NA,2.16,2.16,NA,NA,NA,NA,NA,NA,2.37,2.39,NA,NA,NA,NA,NA,NA,NA,NA,NA,NA,NA,NA,NA,NA,NA,NA,NA,NA,NA,NA,NA,NA,NA,NA,4.26,NA,4.19,NA,NA,NA,NA,NA,NA,NA,NA,NA,NA,NA,NA,FALSE,FALSE,NA,NA,NA,NA,NA,NA,FALSE,FALSE,NA,NA,NA,NA,NA,NA,NA,NA,NA,NA,NA,NA,NA,NA,NA,NA,NA,NA,NA,NA,NA,NA,NA,NA,FALSE,NA,FALSE,NA,NA
689,NA,NA,NA,NA,NA,NA,NA,NA,NA,NA,1.86,1.95,NA,NA,NA,NA,NA,NA,0.76,0.73,NA,NA,NA,NA,NA,NA,NA,NA,NA,NA,NA,NA,NA,NA,NA,NA,NA,NA,NA,NA,NA,1.25,1.23,1.27,3.22,2.99,3.33,NA,NA,NA,NA,NA,NA,NA,NA,NA,NA,NA,NA,FALSE,FALSE,NA,NA,NA,NA,NA,NA,FALSE,FALSE,NA,NA,NA,NA,NA,NA,NA,NA,NA,NA,NA,NA,NA,NA,NA,NA,NA,NA,NA,NA,NA,FALSE,FALSE,FALSE,FALSE,FALSE,FALSE,NA,NA
690,NA,NA,NA,NA,NA,NA,NA,NA,NA,NA,1.74,1.71,NA,NA,NA,NA,NA,NA,1.12,1.13,NA,NA,NA,NA,NA,NA,NA,NA,NA,NA,NA,NA,NA,NA,NA,NA,NA,NA,NA,NA,NA,1.06,1.2,1.1,2.34,2.23,2.33,NA,NA,NA,NA,NA,NA,NA,NA,NA,NA,NA,NA,FALSE,FALSE,NA,NA,NA,NA,NA,NA,FALSE,FALSE,NA,NA,NA,NA,NA,NA,NA,NA,NA,NA,NA,NA,NA,NA,NA,NA,NA,NA,NA,NA,NA,FALSE,FALSE,FALSE,FALSE,FALSE,FALSE,NA,NA
691,NA,NA,NA,NA,NA,NA,NA,NA,NA,NA,1.39,1.43,NA,NA,NA,NA,NA,NA,0.96,1.01,NA,NA,NA,NA,NA,NA,NA,NA,NA,NA,NA,NA,NA,NA,NA,NA,NA,NA,NA,NA,NA,1.65,1.54,1.63,3.55,3.45,3.5,5.16,5.31,NA,NA,NA,NA,NA,NA,NA,NA,NA,NA,FALSE,FALSE,NA,NA,NA,NA,NA,NA,FALSE,FALSE,NA,NA,NA,NA,NA,NA,NA,NA,NA,NA,NA,NA,NA,NA,NA,NA,NA,NA,NA,NA,NA,FALSE,FALSE,FALSE,FALSE,FALSE,FALSE,TRUE,TRUE
692,NA,NA,NA,NA,NA,NA,NA,NA,NA,NA,1.18,1.14,NA,NA,NA,NA,NA,NA,1.09,1.06,NA,NA,NA,NA,NA,NA,NA,NA,NA,NA,NA,NA,NA,NA,NA,NA,NA,NA,NA,NA,NA,2.17,1.97,1.9,1.9,1.94,1.99,4.36,4.49,NA,NA,NA,NA,NA,NA,NA,NA,NA,NA,FALSE,FALSE,NA,NA,NA,NA,NA,NA,FALSE,FALSE,NA,NA,NA,NA,NA,NA,NA,NA,NA,NA,NA,NA,NA,NA,NA,NA,NA,NA,NA,NA,NA,FALSE,FALSE,FALSE,FALSE,FALSE,FALSE,TRUE,TRUE
693,NA,NA,NA,NA,NA,NA,NA,NA,NA,NA,1.15,1.18,NA,NA,NA,NA,NA,NA,1.03,1.03,NA,NA,NA,NA,NA,NA,NA,NA,NA,NA,NA,NA,NA,NA,NA,NA,NA,NA,NA,NA,NA,1.98,2.07,1.56,3.33,3.44,3.25,5.18,4.93,NA,NA,NA,NA,NA,NA,NA,NA,NA,NA,FALSE,FALSE,NA,NA,NA,NA,NA,NA,FALSE,FALSE,NA,NA,NA,NA,NA,NA,NA,NA,NA,NA,NA,NA,NA,NA,NA,NA,NA,NA,NA,NA,NA,FALSE,FALSE,FALSE,FALSE,FALSE,FALSE,TRUE,TRUE
694,NA,NA,NA,NA,NA,NA,NA,NA,NA,NA,1.36,1.33,NA,NA,NA,NA,NA,NA,1.4,1.36,NA,NA,NA,NA,NA,NA,NA,NA,NA,NA,NA,NA,NA,NA,NA,NA,NA,NA,NA,NA,NA,2.04,2.21,1.98,3.11,2.82,3.12,3.74,3.95,NA,NA,NA,NA,NA,NA,NA,NA,NA,NA,FALSE,FALSE,NA,NA,NA,NA,NA,NA,FALSE,FALSE,NA,NA,NA,NA,NA,NA,NA,NA,NA,NA,NA,NA,NA,NA,NA,NA,NA,NA,NA,NA,NA,FALSE,FALSE,FALSE,FALSE,FALSE,FALSE,FALSE,FALSE
695,NA,NA,NA,NA,NA,NA,NA,NA,NA,NA,1.55,1.5,NA,NA,NA,NA,NA,NA,1.44,1.42,NA,NA,NA,NA,NA,NA,NA,NA,NA,NA,NA,NA,NA,NA,NA,NA,NA,NA,NA,NA,NA,2.33,2.24,2.34,4.3,4.39,4.13,4.58,4.53,NA,NA,NA,NA,NA,NA,NA,NA,NA,NA,FALSE,FALSE,NA,NA,NA,NA,NA,NA,FALSE,FALSE,NA,NA,NA,NA,NA,NA,NA,NA,NA,NA,NA,NA,NA,NA,NA,NA,NA,NA,NA,NA,NA,FALSE,FALSE,FALSE,FALSE,FALSE,FALSE,TRUE,TRUE
696,NA,NA,NA,NA,NA,NA,NA,NA,NA,NA,2.16,2.1,NA,NA,NA,NA,NA,NA,1.67,1.67,NA,NA,NA,NA,NA,NA,NA,NA,NA,NA,NA,NA,NA,NA,NA,NA,NA,NA,NA,NA,NA,2.21,2.17,2.35,3.12,3.17,3.14,3.99,4.13,NA,NA,NA,NA,NA,NA,NA,NA,NA,NA,FALSE,FALSE,NA,NA,NA,NA,NA,NA,FALSE,FALSE,NA,NA,NA,NA,NA,NA,NA,NA,NA,NA,NA,NA,NA,NA,NA,NA,NA,NA,NA,NA,NA,FALSE,FALSE,FALSE,FALSE,FALSE,FALSE,FALSE,TRUE
697,NA,NA,NA,NA,NA,NA,NA,NA,NA,NA,1.91,1.82,NA,NA,NA,NA,NA,NA,1.23,1.23,NA,NA,NA,NA,NA,NA,NA,NA,NA,NA,NA,NA,NA,NA,NA,NA,NA,NA,NA,NA,NA,2.47,2.38,2.34,3.67,3.66,3.65,3.76,3.6,NA,NA,NA,NA,NA,NA,NA,NA,NA,NA,FALSE,FALSE,NA,NA,NA,NA,NA,NA,FALSE,FALSE,NA,NA,NA,NA,NA,NA,NA,NA,NA,NA,NA,NA,NA,NA,NA,NA,NA,NA,NA,NA,NA,FALSE,FALSE,FALSE,FALSE,FALSE,FALSE,FALSE,FALSE
698,NA,NA,NA,NA,NA,NA,NA,NA,NA,NA,1.62,1.65,NA,NA,NA,NA,NA,NA,1,0.98,NA,NA,NA,NA,NA,NA,NA,NA,NA,NA,NA,NA,NA,NA,NA,NA,NA,NA,NA,NA,NA,2.39,2.46,2.07,2.7,2.71,2.71,3.59,3.53,NA,NA,NA,NA,NA,NA,NA,NA,NA,NA,FALSE,FALSE,NA,NA,NA,NA,NA,NA,FALSE,FALSE,NA,NA,NA,NA,NA,NA,NA,NA,NA,NA,NA,NA,NA,NA,NA,NA,NA,NA,NA,NA,NA,FALSE,FALSE,FALSE,FALSE,FALSE,FALSE,FALSE,FALSE
699,NA,NA,NA,NA,NA,NA,NA,NA,NA,NA,1.94,1.94,NA,NA,NA,NA,NA,NA,0.91,0.95,NA,NA,NA,NA,NA,NA,NA,NA,NA,NA,NA,NA,NA,NA,NA,NA,NA,NA,NA,NA,NA,2.74,2.52,2.5,3.54,3.36,3.53,4.05,3.93,NA,NA,NA,NA,NA,NA,NA,NA,NA,NA,FALSE,FALSE,NA,NA,NA,NA,NA,NA,FALSE,FALSE,NA,NA,NA,NA,NA,NA,NA,NA,NA,NA,NA,NA,NA,NA,NA,NA,NA,NA,NA,NA,NA,FALSE,FALSE,FALSE,FALSE,FALSE,FALSE,FALSE,FALSE
700,NA,NA,NA,NA,NA,NA,NA,NA,NA,NA,1.98,1.97,NA,NA,NA,NA,NA,NA,1.43,1.4,NA,NA,NA,NA,NA,NA,NA,NA,NA,NA,NA,NA,NA,NA,NA,NA,NA,NA,NA,NA,NA,2.59,2.6,2.45,2.87,2.73,3.03,4.23,4.28,NA,NA,NA,NA,NA,NA,NA,NA,NA,NA,FALSE,FALSE,NA,NA,NA,NA,NA,NA,FALSE,FALSE,NA,NA,NA,NA,NA,NA,NA,NA,NA,NA,NA,NA,NA,NA,NA,NA,NA,NA,NA,NA,NA,FALSE,FALSE,FALSE,FALSE,FALSE,FALSE,TRUE,TRUE
701,NA,NA,NA,NA,NA,NA,NA,NA,NA,NA,1.57,1.54,NA,NA,NA,NA,NA,NA,1.04,1.02,NA,NA,NA,NA,NA,NA,NA,NA,NA,NA,NA,NA,NA,NA,NA,NA,NA,NA,NA,NA,NA,1.93,2.05,2.17,2.09,2.15,2.13,3.65,3.61,NA,NA,NA,NA,NA,NA,NA,NA,NA,NA,FALSE,FALSE,NA,NA,NA,NA,NA,NA,FALSE,FALSE,NA,NA,NA,NA,NA,NA,NA,NA,NA,NA,NA,NA,NA,NA,NA,NA,NA,NA,NA,NA,NA,FALSE,FALSE,FALSE,FALSE,FALSE,FALSE,FALSE,FALSE
702,NA,NA,NA,NA,NA,NA,NA,NA,NA,NA,2.3,2.31,NA,NA,NA,NA,NA,NA,1.66,1.64,NA,NA,NA,NA,NA,NA,NA,NA,NA,NA,NA,NA,NA,NA,NA,NA,NA,NA,NA,NA,NA,2.1,2.27,2.2,3.45,3.5,3.33,3.62,3.65,NA,NA,NA,NA,NA,NA,NA,NA,NA,NA,FALSE,FALSE,NA,NA,NA,NA,NA,NA,FALSE,FALSE,NA,NA,NA,NA,NA,NA,NA,NA,NA,NA,NA,NA,NA,NA,NA,NA,NA,NA,NA,NA,NA,FALSE,FALSE,FALSE,FALSE,FALSE,FALSE,FALSE,FALSE
703,NA,NA,NA,NA,NA,NA,NA,NA,NA,NA,2.23,2.23,NA,NA,NA,NA,NA,NA,1.77,1.72,NA,NA,NA,NA,NA,NA,NA,NA,NA,NA,NA,NA,NA,NA,NA,NA,NA,NA,NA,NA,NA,2.82,2.58,2.53,3.97,3.67,4.02,3.8,3.78,NA,NA,NA,NA,NA,NA,NA,NA,NA,NA,FALSE,FALSE,NA,NA,NA,NA,NA,NA,FALSE,FALSE,NA,NA,NA,NA,NA,NA,NA,NA,NA,NA,NA,NA,NA,NA,NA,NA,NA,NA,NA,NA,NA,FALSE,FALSE,FALSE,FALSE,FALSE,FALSE,FALSE,FALSE
704,NA,NA,NA,NA,NA,NA,NA,NA,NA,NA,2.13,2.08,NA,NA,NA,NA,NA,NA,2.31,2.31,NA,NA,NA,NA,NA,NA,NA,NA,NA,NA,NA,NA,NA,NA,NA,NA,NA,NA,NA,NA,NA,2.23,2.44,2.2,3.56,3.56,3.38,3.24,3.21,NA,NA,NA,NA,NA,NA,NA,NA,NA,NA,FALSE,FALSE,NA,NA,NA,NA,NA,NA,FALSE,FALSE,NA,NA,NA,NA,NA,NA,NA,NA,NA,NA,NA,NA,NA,NA,NA,NA,NA,NA,NA,NA,NA,FALSE,FALSE,FALSE,FALSE,FALSE,FALSE,FALSE,FALSE
705,NA,NA,NA,NA,NA,NA,NA,NA,NA,NA,2.09,2.08,NA,NA,NA,NA,NA,2.19,1.85,1.83,NA,NA,NA,NA,NA,NA,NA,NA,NA,NA,NA,NA,NA,NA,NA,NA,NA,NA,NA,NA,NA,2.63,2.68,2.57,2.47,2.35,2.48,3.16,3.12,NA,NA,NA,NA,NA,NA,NA,NA,NA,NA,FALSE,FALSE,NA,NA,NA,NA,NA,TRUE,FALSE,FALSE,NA,NA,NA,NA,NA,NA,NA,NA,NA,NA,NA,NA,NA,NA,NA,NA,NA,NA,NA,NA,NA,FALSE,FALSE,FALSE,FALSE,FALSE,FALSE,FALSE,FALSE
706,NA,NA,NA,NA,NA,NA,NA,NA,NA,NA,2.04,2.03,NA,NA,NA,NA,NA,2.45,2.29,2.25,NA,NA,NA,NA,NA,NA,NA,NA,NA,NA,NA,NA,NA,NA,NA,NA,NA,NA,NA,NA,NA,1.73,1.94,1.74,2.21,1.95,2.09,3.02,3.01,NA,NA,NA,NA,NA,NA,NA,NA,NA,NA,FALSE,FALSE,NA,NA,NA,NA,NA,TRUE,FALSE,FALSE,NA,NA,NA,NA,NA,NA,NA,NA,NA,NA,NA,NA,NA,NA,NA,NA,NA,NA,NA,NA,NA,FALSE,FALSE,FALSE,FALSE,FALSE,FALSE,FALSE,FALSE
707,NA,NA,NA,NA,NA,NA,NA,NA,NA,NA,2.02,2.02,NA,NA,NA,NA,NA,2.6,2.26,2.22,NA,NA,NA,NA,NA,NA,NA,NA,NA,NA,NA,NA,NA,NA,NA,NA,NA,NA,NA,NA,NA,1.28,1.31,1.38,3.08,3,3.21,2.37,2.37,NA,NA,NA,NA,NA,NA,NA,NA,NA,NA,FALSE,FALSE,NA,NA,NA,NA,NA,TRUE,FALSE,FALSE,NA,NA,NA,NA,NA,NA,NA,NA,NA,NA,NA,NA,NA,NA,NA,NA,NA,NA,NA,NA,NA,FALSE,FALSE,FALSE,FALSE,FALSE,FALSE,FALSE,FALSE
708,NA,NA,NA,NA,NA,NA,NA,NA,NA,NA,1.67,1.67,NA,NA,NA,NA,NA,2.02,2.03,2.01,NA,NA,NA,NA,NA,NA,NA,NA,NA,NA,NA,NA,NA,NA,NA,NA,NA,NA,NA,NA,NA,1.42,1.6,1.74,2.08,2.17,2.19,2.47,2.47,NA,NA,NA,NA,NA,NA,NA,NA,NA,NA,FALSE,FALSE,NA,NA,NA,NA,NA,FALSE,FALSE,FALSE,NA,NA,NA,NA,NA,NA,NA,NA,NA,NA,NA,NA,NA,NA,NA,NA,NA,NA,NA,NA,NA,FALSE,FALSE,FALSE,FALSE,FALSE,FALSE,FALSE,FALSE
709,NA,NA,NA,NA,NA,NA,NA,NA,NA,NA,1.52,1.53,NA,NA,NA,NA,NA,2.01,2.27,2.23,NA,NA,NA,NA,NA,NA,NA,NA,NA,NA,NA,NA,NA,NA,NA,NA,NA,NA,NA,NA,NA,1.4,1.58,1.45,1.87,2.03,1.93,2.78,2.78,NA,NA,NA,NA,NA,NA,NA,NA,NA,NA,FALSE,FALSE,NA,NA,NA,NA,NA,FALSE,FALSE,FALSE,NA,NA,NA,NA,NA,NA,NA,NA,NA,NA,NA,NA,NA,NA,NA,NA,NA,NA,NA,NA,NA,FALSE,FALSE,FALSE,FALSE,FALSE,FALSE,FALSE,FALSE
710,NA,NA,NA,NA,NA,NA,NA,NA,NA,NA,1.74,1.73,NA,NA,NA,NA,NA,1.82,1.74,1.71,NA,NA,NA,NA,NA,NA,NA,NA,NA,NA,NA,NA,NA,NA,NA,NA,NA,NA,NA,NA,NA,1.68,1.63,1.67,1.82,2.03,1.8,2.7,2.71,NA,NA,NA,NA,NA,NA,NA,NA,NA,NA,FALSE,FALSE,NA,NA,NA,NA,NA,FALSE,FALSE,FALSE,NA,NA,NA,NA,NA,NA,NA,NA,NA,NA,NA,NA,NA,NA,NA,NA,NA,NA,NA,NA,NA,FALSE,FALSE,FALSE,FALSE,FALSE,FALSE,FALSE,FALSE
711,NA,NA,NA,NA,NA,NA,NA,NA,NA,NA,1.53,1.57,NA,NA,NA,NA,NA,1.9,1.93,1.9,NA,NA,NA,NA,NA,NA,NA,NA,NA,NA,NA,NA,NA,NA,NA,NA,NA,NA,NA,NA,NA,1.63,1.71,1.56,2.31,2.62,2.14,2.87,2.86,NA,NA,NA,NA,NA,NA,NA,NA,NA,NA,FALSE,FALSE,NA,NA,NA,NA,NA,FALSE,FALSE,FALSE,NA,NA,NA,NA,NA,NA,NA,NA,NA,NA,NA,NA,NA,NA,NA,NA,NA,NA,NA,NA,NA,FALSE,FALSE,FALSE,FALSE,FALSE,FALSE,FALSE,FALSE
712,NA,NA,NA,NA,NA,NA,NA,NA,NA,NA,1.57,1.67,NA,NA,NA,NA,NA,1.7,1.77,1.75,NA,NA,NA,NA,NA,NA,NA,NA,NA,NA,NA,NA,NA,NA,NA,NA,NA,NA,NA,NA,NA,1.74,1.58,1.63,2.88,3.27,2.7,2.87,2.86,NA,NA,NA,NA,NA,NA,NA,NA,NA,NA,FALSE,FALSE,NA,NA,NA,NA,NA,FALSE,FALSE,FALSE,NA,NA,NA,NA,NA,NA,NA,NA,NA,NA,NA,NA,NA,NA,NA,NA,NA,NA,NA,NA,NA,FALSE,FALSE,FALSE,FALSE,FALSE,FALSE,FALSE,FALSE
713,NA,NA,NA,NA,NA,NA,NA,NA,NA,NA,1.73,1.79,NA,NA,NA,NA,NA,1.2,1.26,1.24,NA,NA,NA,NA,NA,NA,NA,NA,NA,NA,NA,NA,NA,NA,NA,NA,NA,NA,NA,NA,NA,1.72,0.96,1.19,1.46,1.62,1.55,1.2,1.19,NA,NA,NA,NA,NA,NA,NA,NA,NA,NA,FALSE,FALSE,NA,NA,NA,NA,NA,FALSE,FALSE,FALSE,NA,NA,NA,NA,NA,NA,NA,NA,NA,NA,NA,NA,NA,NA,NA,NA,NA,NA,NA,NA,NA,FALSE,FALSE,FALSE,FALSE,FALSE,FALSE,FALSE,FALSE
714,NA,NA,NA,NA,NA,NA,NA,NA,NA,NA,1.76,1.77,NA,NA,NA,NA,NA,1.37,1.54,1.5,NA,NA,NA,NA,NA,NA,NA,NA,NA,NA,NA,NA,NA,NA,NA,NA,NA,NA,NA,NA,NA,3.27,1.73,2.62,3.05,3.56,2.92,0.84,0.83,NA,NA,NA,NA,NA,NA,NA,NA,NA,NA,FALSE,FALSE,NA,NA,NA,NA,NA,FALSE,FALSE,FALSE,NA,NA,NA,NA,NA,NA,NA,NA,NA,NA,NA,NA,NA,NA,NA,NA,NA,NA,NA,NA,NA,FALSE,FALSE,FALSE,FALSE,FALSE,FALSE,FALSE,FALSE
715,NA,NA,NA,NA,NA,NA,NA,NA,NA,NA,1.4,1.41,NA,NA,NA,NA,NA,0.95,1.09,1.08,NA,NA,NA,NA,NA,NA,NA,NA,NA,NA,NA,NA,NA,NA,NA,NA,NA,NA,NA,NA,NA,2.15,2.02,2.28,3.56,3.58,3.39,0.84,0.81,NA,NA,NA,NA,NA,NA,NA,NA,NA,NA,FALSE,FALSE,NA,NA,NA,NA,NA,FALSE,FALSE,FALSE,NA,NA,NA,NA,NA,NA,NA,NA,NA,NA,NA,NA,NA,NA,NA,NA,NA,NA,NA,NA,NA,FALSE,FALSE,FALSE,FALSE,FALSE,FALSE,FALSE,FALSE
716,NA,NA,NA,NA,NA,NA,NA,NA,NA,NA,1.76,1.75,NA,NA,NA,NA,NA,1.36,1.75,1.72,NA,NA,NA,NA,NA,NA,NA,NA,NA,NA,NA,NA,NA,NA,NA,NA,NA,NA,NA,NA,NA,2.59,2.45,2.77,4.05,4.56,4.16,1.33,1.33,NA,NA,NA,NA,NA,NA,NA,NA,NA,NA,FALSE,FALSE,NA,NA,NA,NA,NA,FALSE,FALSE,FALSE,NA,NA,NA,NA,NA,NA,NA,NA,NA,NA,NA,NA,NA,NA,NA,NA,NA,NA,NA,NA,NA,FALSE,FALSE,FALSE,FALSE,FALSE,FALSE,FALSE,FALSE
717,NA,NA,NA,NA,NA,NA,NA,NA,NA,NA,1.75,1.76,NA,NA,NA,NA,NA,1.41,1.61,1.59,NA,NA,NA,NA,NA,NA,NA,NA,NA,NA,0.63,NA,NA,NA,NA,NA,NA,NA,NA,NA,NA,3.34,3.67,3.23,3.91,3.74,3.49,1.37,1.41,NA,NA,NA,NA,NA,NA,NA,NA,NA,NA,FALSE,FALSE,NA,NA,NA,NA,NA,FALSE,FALSE,FALSE,NA,NA,NA,NA,NA,NA,NA,NA,NA,NA,FALSE,NA,NA,NA,NA,NA,NA,NA,NA,NA,NA,FALSE,FALSE,FALSE,FALSE,FALSE,FALSE,FALSE,FALSE
718,NA,NA,NA,NA,NA,NA,NA,NA,NA,NA,1.31,1.32,NA,NA,NA,NA,NA,0.79,0.74,0.73,NA,NA,NA,NA,NA,NA,NA,NA,NA,NA,0.81,0.94,0.79,NA,NA,NA,NA,NA,NA,NA,NA,3.46,3.93,3.24,4.02,4.62,4.05,1.57,1.56,NA,NA,NA,NA,NA,NA,NA,NA,NA,NA,FALSE,FALSE,NA,NA,NA,NA,NA,FALSE,FALSE,FALSE,NA,NA,NA,NA,NA,NA,NA,NA,NA,NA,FALSE,FALSE,FALSE,NA,NA,NA,NA,NA,NA,NA,NA,FALSE,FALSE,FALSE,FALSE,FALSE,FALSE,FALSE,FALSE
719,NA,NA,NA,NA,NA,NA,NA,NA,NA,NA,1.68,1.66,NA,NA,NA,NA,NA,1.88,1.59,1.57,NA,NA,NA,NA,NA,NA,NA,NA,NA,NA,0.74,0.83,0.74,NA,NA,NA,NA,NA,NA,NA,NA,3.33,3.24,3.11,3.75,4.6,3.91,1.53,1.52,NA,NA,NA,NA,NA,NA,NA,NA,NA,NA,FALSE,FALSE,NA,NA,NA,NA,NA,FALSE,FALSE,FALSE,NA,NA,NA,NA,NA,NA,NA,NA,NA,NA,FALSE,FALSE,FALSE,NA,NA,NA,NA,NA,NA,NA,NA,FALSE,FALSE,FALSE,FALSE,FALSE,FALSE,FALSE,FALSE
720,NA,NA,NA,NA,NA,NA,NA,NA,NA,NA,1.66,1.67,NA,NA,NA,NA,NA,1.21,0.96,0.95,NA,NA,NA,NA,NA,NA,NA,NA,NA,NA,1.62,1.89,1.63,NA,NA,NA,NA,NA,NA,NA,NA,3.03,3.04,3.05,3.71,4.46,3.9,1.53,1.52,NA,NA,NA,NA,NA,NA,NA,NA,NA,NA,FALSE,FALSE,NA,NA,NA,NA,NA,FALSE,FALSE,FALSE,NA,NA,NA,NA,NA,NA,NA,NA,NA,NA,FALSE,FALSE,FALSE,NA,NA,NA,NA,NA,NA,NA,NA,FALSE,FALSE,FALSE,FALSE,FALSE,FALSE,FALSE,FALSE
721,NA,NA,NA,NA,NA,NA,NA,NA,NA,NA,1.99,2.06,NA,NA,NA,NA,NA,1.45,1.07,1.07,NA,NA,NA,NA,NA,NA,NA,NA,NA,NA,1.75,2.09,1.74,NA,NA,NA,NA,NA,NA,NA,NA,2.46,2.62,2.34,3.62,4.35,4.28,1.69,1.69,NA,NA,NA,NA,NA,NA,NA,NA,NA,NA,FALSE,FALSE,NA,NA,NA,NA,NA,FALSE,FALSE,FALSE,NA,NA,NA,NA,NA,NA,NA,NA,NA,NA,FALSE,FALSE,FALSE,NA,NA,NA,NA,NA,NA,NA,NA,FALSE,FALSE,FALSE,FALSE,FALSE,FALSE,FALSE,FALSE
722,NA,NA,NA,NA,NA,NA,NA,NA,NA,NA,2.15,2.12,NA,NA,NA,NA,NA,1.24,0.91,0.9,NA,NA,NA,NA,NA,NA,NA,NA,NA,NA,1.55,1.74,1.56,NA,NA,NA,NA,NA,NA,NA,NA,1.97,2.05,1.92,3.32,3.89,3.93,1.79,1.8,NA,NA,NA,NA,NA,NA,NA,NA,NA,NA,FALSE,FALSE,NA,NA,NA,NA,NA,FALSE,FALSE,FALSE,NA,NA,NA,NA,NA,NA,NA,NA,NA,NA,FALSE,FALSE,FALSE,NA,NA,NA,NA,NA,NA,NA,NA,FALSE,FALSE,FALSE,FALSE,FALSE,FALSE,FALSE,FALSE
723,NA,NA,NA,NA,NA,NA,NA,NA,NA,NA,2.17,2.18,NA,NA,NA,NA,4.09,1.22,0.95,0.93,NA,NA,NA,NA,NA,NA,NA,NA,NA,NA,1.39,1.64,1.39,NA,NA,NA,NA,NA,NA,NA,NA,2.09,2.08,1.83,4.58,4.77,4.77,1.5,1.51,NA,NA,NA,NA,NA,NA,NA,NA,NA,NA,FALSE,FALSE,NA,NA,NA,NA,TRUE,FALSE,FALSE,FALSE,NA,NA,NA,NA,NA,NA,NA,NA,NA,NA,FALSE,FALSE,FALSE,NA,NA,NA,NA,NA,NA,NA,NA,FALSE,FALSE,FALSE,FALSE,FALSE,FALSE,FALSE,FALSE
724,NA,NA,NA,NA,NA,NA,NA,NA,NA,NA,1.5,1.52,NA,NA,NA,NA,3.49,0.86,0.72,0.71,NA,NA,NA,NA,NA,NA,NA,NA,NA,NA,0.97,1.02,0.98,NA,NA,NA,NA,NA,NA,NA,NA,1.49,1.36,1.33,3.92,3.83,3.87,1.14,1.13,NA,NA,NA,NA,NA,NA,NA,NA,NA,NA,FALSE,FALSE,NA,NA,NA,NA,FALSE,FALSE,FALSE,FALSE,NA,NA,NA,NA,NA,NA,NA,NA,NA,NA,FALSE,FALSE,FALSE,NA,NA,NA,NA,NA,NA,NA,NA,FALSE,FALSE,FALSE,FALSE,FALSE,FALSE,FALSE,FALSE
725,NA,NA,NA,NA,NA,NA,NA,NA,NA,NA,1.75,1.77,NA,NA,NA,3.32,3.29,1.03,0.8,0.79,NA,NA,NA,NA,NA,NA,NA,NA,NA,NA,1.07,1.16,1.07,NA,NA,NA,NA,NA,NA,NA,NA,2.01,1.79,2.17,3.98,3.8,3.78,1.47,1.46,NA,NA,NA,NA,NA,NA,NA,NA,NA,NA,FALSE,FALSE,NA,NA,NA,FALSE,FALSE,FALSE,FALSE,FALSE,NA,NA,NA,NA,NA,NA,NA,NA,NA,NA,FALSE,FALSE,FALSE,NA,NA,NA,NA,NA,NA,NA,NA,FALSE,FALSE,FALSE,FALSE,FALSE,FALSE,FALSE,FALSE
726,NA,NA,NA,NA,NA,NA,NA,NA,NA,NA,1.38,1.36,NA,NA,NA,3.2,3.19,0.84,0.69,0.68,NA,NA,NA,NA,NA,NA,NA,NA,NA,NA,1.12,1.32,1.12,NA,NA,NA,NA,NA,NA,NA,NA,2.37,2.15,2.49,3.52,3.18,3.17,0.92,0.92,NA,NA,NA,NA,NA,NA,NA,NA,NA,NA,FALSE,FALSE,NA,NA,NA,FALSE,FALSE,FALSE,FALSE,FALSE,NA,NA,NA,NA,NA,NA,NA,NA,NA,NA,FALSE,FALSE,FALSE,NA,NA,NA,NA,NA,NA,NA,NA,FALSE,FALSE,FALSE,FALSE,FALSE,FALSE,FALSE,FALSE
727,NA,NA,NA,NA,NA,NA,NA,NA,NA,NA,1.63,1.61,NA,NA,NA,2.89,2.88,1.32,1.21,1.2,NA,NA,NA,NA,NA,NA,NA,NA,NA,NA,1.07,1.41,1.07,NA,NA,NA,NA,NA,NA,NA,NA,3.04,3.1,3.13,5.09,5.24,5.2,1.06,1.06,NA,NA,NA,NA,NA,NA,NA,NA,NA,NA,FALSE,FALSE,NA,NA,NA,FALSE,FALSE,FALSE,FALSE,FALSE,NA,NA,NA,NA,NA,NA,NA,NA,NA,NA,FALSE,FALSE,FALSE,NA,NA,NA,NA,NA,NA,NA,NA,FALSE,FALSE,FALSE,FALSE,FALSE,FALSE,FALSE,FALSE
728,NA,NA,NA,NA,NA,NA,NA,NA,NA,NA,1.1,1.12,NA,NA,NA,2.67,2.61,0.82,0.71,0.69,NA,NA,NA,NA,NA,NA,NA,NA,NA,NA,0.81,0.87,0.81,NA,NA,NA,NA,NA,NA,NA,NA,1.52,1.32,1.55,2.46,2.44,2.45,0.83,0.82,NA,NA,NA,NA,NA,NA,NA,NA,NA,NA,FALSE,FALSE,NA,NA,NA,FALSE,FALSE,FALSE,FALSE,FALSE,NA,NA,NA,NA,NA,NA,NA,NA,NA,NA,FALSE,FALSE,FALSE,NA,NA,NA,NA,NA,NA,NA,NA,FALSE,FALSE,FALSE,FALSE,FALSE,FALSE,FALSE,FALSE
729,NA,NA,NA,NA,NA,NA,NA,NA,NA,NA,1.31,1.3,NA,NA,NA,2.85,2.85,0.83,0.78,0.78,NA,NA,NA,NA,NA,NA,NA,NA,NA,NA,0.8,0.85,0.81,NA,NA,NA,NA,NA,NA,NA,NA,1.93,1.99,1.73,3.69,3.61,3.65,0.86,0.87,NA,NA,NA,NA,NA,NA,NA,NA,NA,NA,FALSE,FALSE,NA,NA,NA,FALSE,FALSE,FALSE,FALSE,FALSE,NA,NA,NA,NA,NA,NA,NA,NA,NA,NA,FALSE,FALSE,FALSE,NA,NA,NA,NA,NA,NA,NA,NA,FALSE,FALSE,FALSE,FALSE,FALSE,FALSE,FALSE,FALSE
730,NA,NA,NA,NA,NA,NA,NA,NA,NA,NA,1.56,1.56,NA,NA,NA,2.95,2.95,0.79,0.8,0.79,NA,NA,NA,NA,NA,NA,NA,NA,NA,NA,1.03,1.07,1.03,NA,NA,NA,NA,NA,NA,NA,NA,2.01,2.01,2.07,4.41,5.12,5.16,0.93,0.91,NA,NA,NA,NA,NA,NA,NA,NA,NA,NA,FALSE,FALSE,NA,NA,NA,FALSE,FALSE,FALSE,FALSE,FALSE,NA,NA,NA,NA,NA,NA,NA,NA,NA,NA,FALSE,FALSE,FALSE,NA,NA,NA,NA,NA,NA,NA,NA,FALSE,FALSE,FALSE,FALSE,FALSE,FALSE,FALSE,FALSE
731,NA,NA,NA,NA,NA,NA,NA,NA,NA,NA,1.36,1.35,NA,NA,NA,2.68,2.64,0.52,0.57,0.59,NA,NA,NA,NA,NA,NA,NA,NA,NA,NA,1,0.97,1.04,NA,NA,NA,NA,NA,NA,NA,NA,2.25,2.3,2.27,5.59,5.58,5.62,1.21,1.22,NA,NA,NA,NA,NA,NA,NA,NA,NA,NA,FALSE,FALSE,NA,NA,NA,FALSE,FALSE,FALSE,FALSE,FALSE,NA,NA,NA,NA,NA,NA,NA,NA,NA,NA,FALSE,FALSE,FALSE,NA,NA,NA,NA,NA,NA,NA,NA,FALSE,FALSE,FALSE,FALSE,FALSE,FALSE,FALSE,FALSE
732,NA,NA,NA,NA,NA,NA,NA,1.68,NA,NA,1.2,1.18,NA,NA,NA,2.99,3,0.71,0.78,0.75,NA,NA,NA,NA,NA,NA,NA,NA,NA,NA,0.96,0.9,0.95,NA,NA,NA,NA,NA,NA,NA,NA,1.51,1.58,1.48,5.52,5.74,5.71,1.48,1.49,NA,NA,NA,NA,NA,NA,NA,FALSE,NA,NA,FALSE,FALSE,NA,NA,NA,FALSE,FALSE,FALSE,FALSE,FALSE,NA,NA,NA,NA,NA,NA,NA,NA,NA,NA,FALSE,FALSE,FALSE,NA,NA,NA,NA,NA,NA,NA,NA,FALSE,FALSE,FALSE,FALSE,FALSE,FALSE,FALSE,FALSE
733,NA,NA,NA,NA,NA,NA,NA,2.13,2.12,2.02,0.85,0.85,NA,NA,NA,2.64,2.62,0.67,0.62,0.62,NA,NA,NA,NA,NA,NA,NA,NA,NA,NA,0.84,0.83,0.86,NA,NA,NA,NA,NA,NA,NA,NA,1.25,1.32,1.2,4.37,4.51,4.52,1.73,1.71,NA,NA,NA,NA,NA,NA,NA,FALSE,FALSE,FALSE,FALSE,FALSE,NA,NA,NA,FALSE,FALSE,FALSE,FALSE,FALSE,NA,NA,NA,NA,NA,NA,NA,NA,NA,NA,FALSE,FALSE,FALSE,NA,NA,NA,NA,NA,NA,NA,NA,FALSE,FALSE,FALSE,FALSE,FALSE,FALSE,FALSE,FALSE
734,NA,NA,NA,NA,NA,NA,NA,1.73,1.7,1.75,1.02,1.15,NA,NA,NA,1.63,1.62,0.94,0.72,0.71,1.79,NA,NA,NA,NA,NA,NA,NA,NA,NA,0.7,0.76,0.69,NA,NA,NA,NA,NA,NA,NA,NA,1.23,1.12,1.32,5.31,5.16,5.12,1.24,1.51,NA,NA,NA,NA,NA,NA,NA,FALSE,FALSE,FALSE,FALSE,FALSE,NA,NA,NA,FALSE,FALSE,FALSE,FALSE,FALSE,FALSE,NA,NA,NA,NA,NA,NA,NA,NA,NA,FALSE,FALSE,FALSE,NA,NA,NA,NA,NA,NA,NA,NA,FALSE,FALSE,FALSE,FALSE,FALSE,FALSE,FALSE,FALSE
735,NA,NA,NA,NA,NA,NA,NA,1.77,1.94,1.8,1.41,1.33,NA,NA,NA,1.43,1.44,0.93,0.79,0.78,2.3,2.23,NA,NA,NA,NA,NA,NA,NA,NA,0.73,0.82,0.72,NA,NA,NA,NA,NA,NA,NA,NA,1.28,1.18,1.49,5.77,5.72,5.65,1.51,1.57,NA,NA,NA,NA,NA,NA,NA,FALSE,FALSE,FALSE,FALSE,FALSE,NA,NA,NA,FALSE,FALSE,FALSE,FALSE,FALSE,FALSE,FALSE,NA,NA,NA,NA,NA,NA,NA,NA,FALSE,FALSE,FALSE,NA,NA,NA,NA,NA,NA,NA,NA,FALSE,FALSE,FALSE,FALSE,FALSE,FALSE,FALSE,FALSE
736,NA,NA,NA,NA,NA,NA,NA,1.61,1.68,1.57,1.28,1.25,NA,NA,NA,1.5,1.48,0.97,0.85,0.84,2.01,1.92,NA,NA,NA,NA,NA,NA,NA,NA,0.72,0.89,0.74,NA,NA,NA,NA,NA,NA,NA,NA,1.66,1.64,1.84,4.71,4.77,4.8,1.33,1.33,NA,NA,NA,NA,NA,NA,NA,FALSE,FALSE,FALSE,FALSE,FALSE,NA,NA,NA,FALSE,FALSE,FALSE,FALSE,FALSE,FALSE,FALSE,NA,NA,NA,NA,NA,NA,NA,NA,FALSE,FALSE,FALSE,NA,NA,NA,NA,NA,NA,NA,NA,FALSE,FALSE,FALSE,FALSE,FALSE,FALSE,FALSE,FALSE
737,NA,NA,NA,NA,NA,NA,NA,2.02,1.98,1.86,1.11,1.09,NA,NA,NA,2.22,2.28,1.16,1.07,1.05,2.52,2.52,NA,NA,NA,NA,NA,NA,NA,NA,0.77,0.89,0.78,NA,NA,NA,NA,NA,NA,NA,NA,1.85,1.85,1.9,4.07,4.03,4.08,0.98,0.96,NA,NA,NA,NA,NA,NA,NA,FALSE,FALSE,FALSE,FALSE,FALSE,NA,NA,NA,FALSE,FALSE,FALSE,FALSE,FALSE,TRUE,FALSE,NA,NA,NA,NA,NA,NA,NA,NA,FALSE,FALSE,FALSE,NA,NA,NA,NA,NA,NA,NA,NA,FALSE,FALSE,FALSE,FALSE,FALSE,FALSE,FALSE,FALSE
738,NA,NA,NA,NA,NA,NA,NA,2.2,1.97,1.93,1.24,1.15,NA,NA,NA,2.04,2.08,1.45,1.32,1.3,2.62,2.52,NA,NA,NA,NA,NA,NA,NA,NA,0.83,0.95,0.84,NA,NA,NA,NA,NA,NA,NA,NA,2.16,2.19,2.21,4.29,3.98,3.95,1.05,1.05,NA,NA,NA,NA,NA,NA,NA,TRUE,FALSE,FALSE,FALSE,FALSE,NA,NA,NA,FALSE,FALSE,FALSE,FALSE,FALSE,TRUE,FALSE,NA,NA,NA,NA,NA,NA,NA,NA,FALSE,FALSE,FALSE,NA,NA,NA,NA,NA,NA,NA,NA,FALSE,FALSE,FALSE,FALSE,FALSE,FALSE,FALSE,FALSE
739,NA,NA,NA,NA,NA,NA,NA,1.79,1.7,1.64,1.39,1.36,NA,NA,NA,2.17,2.11,1.32,1.36,1.33,2.36,2.83,NA,NA,NA,NA,NA,NA,NA,NA,0.82,0.93,0.82,NA,NA,NA,NA,NA,NA,NA,NA,1.64,1.73,1.53,3.27,3.52,3.52,1.15,1.11,NA,NA,NA,NA,NA,NA,NA,FALSE,FALSE,FALSE,FALSE,FALSE,NA,NA,NA,FALSE,FALSE,FALSE,FALSE,FALSE,FALSE,TRUE,NA,NA,NA,NA,NA,NA,NA,NA,FALSE,FALSE,FALSE,NA,NA,NA,NA,NA,NA,NA,NA,FALSE,FALSE,FALSE,FALSE,FALSE,FALSE,FALSE,FALSE
740,NA,NA,NA,NA,NA,NA,NA,1.97,1.87,1.86,0.88,0.87,NA,NA,NA,2.26,2.01,0.73,0.76,0.76,2.27,2.33,NA,NA,NA,NA,NA,NA,NA,NA,0.6,0.65,0.58,NA,NA,NA,NA,NA,NA,NA,NA,1.04,1.04,1.05,2.47,2.36,2.39,1.45,1.46,NA,NA,NA,NA,NA,NA,NA,FALSE,FALSE,FALSE,FALSE,FALSE,NA,NA,NA,FALSE,FALSE,FALSE,FALSE,FALSE,FALSE,FALSE,NA,NA,NA,NA,NA,NA,NA,NA,FALSE,FALSE,FALSE,NA,NA,NA,NA,NA,NA,NA,NA,FALSE,FALSE,FALSE,FALSE,FALSE,FALSE,FALSE,FALSE
741,NA,NA,NA,NA,NA,NA,NA,2.1,1.77,1.88,1.16,1.1,NA,NA,NA,2.27,2.09,1.23,1.41,1.4,2.09,2.18,NA,NA,NA,NA,NA,NA,NA,NA,0.5,0.53,0.52,NA,NA,NA,NA,NA,NA,NA,NA,1.04,1.11,1.03,3.37,3.18,3.16,1.57,1.59,NA,NA,NA,NA,NA,NA,NA,FALSE,FALSE,FALSE,FALSE,FALSE,NA,NA,NA,FALSE,FALSE,FALSE,FALSE,FALSE,FALSE,FALSE,NA,NA,NA,NA,NA,NA,NA,NA,FALSE,FALSE,FALSE,NA,NA,NA,NA,NA,NA,NA,NA,FALSE,FALSE,FALSE,FALSE,FALSE,FALSE,FALSE,FALSE
742,NA,NA,NA,NA,NA,NA,NA,1.7,1.63,1.68,0.77,0.71,NA,NA,NA,2.43,2.51,0.7,0.81,0.8,1.67,1.8,NA,NA,NA,NA,NA,NA,NA,NA,0.42,0.51,0.43,NA,NA,NA,NA,NA,NA,NA,NA,1.3,1.45,1.26,2.6,2.65,2.61,1.53,1.51,NA,NA,NA,NA,NA,NA,NA,FALSE,FALSE,FALSE,FALSE,FALSE,NA,NA,NA,FALSE,FALSE,FALSE,FALSE,FALSE,FALSE,FALSE,NA,NA,NA,NA,NA,NA,NA,NA,FALSE,FALSE,FALSE,NA,NA,NA,NA,NA,NA,NA,NA,FALSE,FALSE,FALSE,FALSE,FALSE,FALSE,FALSE,FALSE
743,NA,NA,NA,NA,NA,NA,NA,1.69,1.64,1.58,0.73,0.7,NA,NA,NA,2.28,2.28,0.8,0.93,0.92,1.55,1.65,NA,NA,NA,NA,NA,NA,NA,NA,0.44,0.57,0.41,NA,NA,NA,NA,NA,NA,NA,NA,1.38,1.45,1.31,3.53,3.6,3.67,1.24,1.2,NA,NA,NA,NA,NA,NA,NA,FALSE,FALSE,FALSE,FALSE,FALSE,NA,NA,NA,FALSE,FALSE,FALSE,FALSE,FALSE,FALSE,FALSE,NA,NA,NA,NA,NA,NA,NA,NA,FALSE,FALSE,FALSE,NA,NA,NA,NA,NA,NA,NA,NA,FALSE,FALSE,FALSE,FALSE,FALSE,FALSE,FALSE,FALSE
744,NA,NA,NA,NA,NA,NA,NA,1.5,1.49,1.41,0.85,0.74,NA,NA,NA,1.98,1.96,0.48,0.49,0.49,1.33,1.37,NA,NA,NA,NA,NA,NA,NA,NA,0.34,0.54,0.35,NA,NA,NA,NA,NA,NA,NA,NA,1.15,1.18,1.08,2.56,2.51,2.48,1.25,1.21,NA,NA,NA,NA,NA,NA,NA,FALSE,FALSE,FALSE,FALSE,FALSE,NA,NA,NA,FALSE,FALSE,FALSE,FALSE,FALSE,FALSE,FALSE,NA,NA,NA,NA,NA,NA,NA,NA,FALSE,FALSE,FALSE,NA,NA,NA,NA,NA,NA,NA,NA,FALSE,FALSE,FALSE,FALSE,FALSE,FALSE,FALSE,FALSE
745,NA,NA,NA,NA,NA,NA,NA,1.51,1.5,1.36,1.07,1.01,NA,NA,NA,1.4,1.46,0.61,0.56,0.55,1.61,1.69,NA,NA,NA,NA,NA,NA,NA,NA,0.43,0.54,0.44,NA,NA,NA,NA,NA,NA,NA,NA,0.94,1.03,0.96,2.6,2.54,2.56,1.59,1.53,NA,NA,NA,NA,NA,NA,NA,FALSE,FALSE,FALSE,FALSE,FALSE,NA,NA,NA,FALSE,FALSE,FALSE,FALSE,FALSE,FALSE,FALSE,NA,NA,NA,NA,NA,NA,NA,NA,FALSE,FALSE,FALSE,NA,NA,NA,NA,NA,NA,NA,NA,FALSE,FALSE,FALSE,FALSE,FALSE,FALSE,FALSE,FALSE
746,NA,NA,NA,NA,NA,NA,NA,1.21,1.08,1.21,0.93,0.92,NA,NA,NA,1.82,1.72,0.69,0.61,0.6,1.51,1.65,NA,NA,NA,NA,NA,NA,NA,NA,0.43,0.58,0.44,NA,NA,NA,NA,NA,NA,NA,NA,0.89,0.94,0.95,2.73,2.8,2.9,1.41,1.43,NA,NA,NA,NA,NA,NA,NA,FALSE,FALSE,FALSE,FALSE,FALSE,NA,NA,NA,FALSE,FALSE,FALSE,FALSE,FALSE,FALSE,FALSE,NA,NA,NA,NA,NA,NA,NA,NA,FALSE,FALSE,FALSE,NA,NA,NA,NA,NA,NA,NA,NA,FALSE,FALSE,FALSE,FALSE,FALSE,FALSE,FALSE,FALSE
747,NA,NA,NA,NA,NA,NA,NA,1.01,1,0.97,1.16,1.12,NA,NA,NA,0.9,0.9,0.92,0.85,0.84,1.58,1.51,NA,NA,NA,NA,NA,NA,NA,NA,0.3,0.38,0.32,NA,NA,NA,NA,NA,NA,NA,NA,0.7,0.64,0.65,3.41,3.47,3.5,1.18,1.22,NA,NA,NA,NA,NA,NA,NA,FALSE,FALSE,FALSE,FALSE,FALSE,NA,NA,NA,FALSE,FALSE,FALSE,FALSE,FALSE,FALSE,FALSE,NA,NA,NA,NA,NA,NA,NA,NA,FALSE,FALSE,FALSE,NA,NA,NA,NA,NA,NA,NA,NA,FALSE,FALSE,FALSE,FALSE,FALSE,FALSE,FALSE,FALSE
748,NA,NA,NA,NA,NA,NA,NA,1.31,1.27,1.3,1.31,1.31,NA,NA,NA,1.25,1.34,0.88,0.87,0.86,2.39,2.09,NA,NA,NA,NA,NA,NA,NA,NA,0.53,0.55,0.54,NA,NA,NA,NA,NA,NA,NA,NA,1.09,0.98,1.01,3.79,3.61,3.74,1.53,1.67,NA,NA,NA,NA,NA,NA,NA,FALSE,FALSE,FALSE,FALSE,FALSE,NA,NA,NA,FALSE,FALSE,FALSE,FALSE,FALSE,FALSE,FALSE,NA,NA,NA,NA,NA,NA,NA,NA,FALSE,FALSE,FALSE,NA,NA,NA,NA,NA,NA,NA,NA,FALSE,FALSE,FALSE,FALSE,FALSE,FALSE,FALSE,FALSE
749,NA,NA,NA,NA,NA,NA,NA,1.06,1.07,1.05,1.39,1.41,NA,NA,NA,1.6,1.72,1.26,1.19,1.17,1.41,1.41,NA,NA,NA,NA,NA,NA,NA,NA,0.59,0.51,0.6,NA,NA,NA,NA,NA,NA,NA,NA,1.04,0.99,1.02,4.13,4.1,4.09,1.71,1.59,NA,NA,NA,NA,NA,NA,NA,FALSE,FALSE,FALSE,FALSE,FALSE,NA,NA,NA,FALSE,FALSE,FALSE,FALSE,FALSE,FALSE,FALSE,NA,NA,NA,NA,NA,NA,NA,NA,FALSE,FALSE,FALSE,NA,NA,NA,NA,NA,NA,NA,NA,FALSE,FALSE,FALSE,FALSE,FALSE,FALSE,FALSE,FALSE
750,NA,NA,NA,NA,NA,NA,NA,1.13,0.91,1,1.27,1.23,NA,NA,NA,1.45,1.5,1.04,1.04,1.04,1.03,1.05,NA,NA,NA,NA,NA,NA,NA,NA,0.6,0.61,0.61,NA,NA,NA,NA,NA,NA,NA,NA,1.36,1.28,1.5,3.59,3.58,3.58,1.34,1.36,NA,NA,NA,NA,NA,NA,NA,FALSE,FALSE,FALSE,FALSE,FALSE,NA,NA,NA,FALSE,FALSE,FALSE,FALSE,FALSE,FALSE,FALSE,NA,NA,NA,NA,NA,NA,NA,NA,FALSE,FALSE,FALSE,NA,NA,NA,NA,NA,NA,NA,NA,FALSE,FALSE,FALSE,FALSE,FALSE,FALSE,FALSE,FALSE
751,NA,NA,NA,NA,NA,NA,NA,1.03,0.69,0.84,1.1,1.08,NA,NA,NA,1.35,1.33,0.9,0.98,1,1.54,1.52,NA,NA,NA,NA,NA,NA,NA,NA,0.54,0.55,0.53,NA,NA,NA,NA,NA,NA,NA,NA,0.96,0.95,0.99,3.04,3.03,3.06,1.58,1.55,NA,NA,NA,NA,NA,NA,NA,FALSE,FALSE,FALSE,FALSE,FALSE,NA,NA,NA,FALSE,FALSE,FALSE,FALSE,FALSE,FALSE,FALSE,NA,NA,NA,NA,NA,NA,NA,NA,FALSE,FALSE,FALSE,NA,NA,NA,NA,NA,NA,NA,NA,FALSE,FALSE,FALSE,FALSE,FALSE,FALSE,FALSE,FALSE
752,NA,NA,NA,NA,NA,NA,NA,0.68,0.66,0.63,1,0.9,NA,NA,NA,1.32,1.33,0.6,0.74,0.74,1.42,1.43,NA,NA,NA,NA,NA,NA,NA,NA,0.36,0.41,0.38,NA,NA,NA,NA,NA,NA,NA,NA,0.75,0.72,0.68,3.04,3.09,2.98,1.29,1.25,NA,NA,NA,NA,NA,NA,NA,FALSE,FALSE,FALSE,FALSE,FALSE,NA,NA,NA,FALSE,FALSE,FALSE,FALSE,FALSE,FALSE,FALSE,NA,NA,NA,NA,NA,NA,NA,NA,FALSE,FALSE,FALSE,NA,NA,NA,NA,NA,NA,NA,NA,FALSE,FALSE,FALSE,FALSE,FALSE,FALSE,FALSE,FALSE
753,NA,NA,NA,NA,NA,NA,NA,0.51,0.59,0.45,0.92,0.87,NA,NA,NA,1.36,1.34,0.77,0.92,0.89,1.18,1.19,NA,NA,NA,NA,NA,NA,NA,NA,0.21,0.23,0.21,NA,NA,NA,NA,NA,NA,NA,NA,0.6,0.5,0.57,1.97,1.99,2,0.92,0.95,NA,NA,NA,NA,NA,NA,NA,FALSE,FALSE,FALSE,FALSE,FALSE,NA,NA,NA,FALSE,FALSE,FALSE,FALSE,FALSE,FALSE,FALSE,NA,NA,NA,NA,NA,NA,NA,NA,FALSE,FALSE,FALSE,NA,NA,NA,NA,NA,NA,NA,NA,FALSE,FALSE,FALSE,FALSE,FALSE,FALSE,FALSE,FALSE
754,NA,NA,NA,NA,NA,NA,NA,0.63,0.74,0.55,1.1,1,NA,NA,NA,1.66,1.71,0.72,0.79,0.78,1.42,1.4,NA,NA,NA,NA,NA,NA,NA,NA,0.25,0.21,0.23,NA,NA,NA,NA,NA,NA,NA,NA,0.73,0.86,0.66,1.8,1.77,1.79,1.31,1.3,NA,NA,NA,NA,NA,NA,NA,FALSE,FALSE,FALSE,FALSE,FALSE,NA,NA,NA,FALSE,FALSE,FALSE,FALSE,FALSE,FALSE,FALSE,NA,NA,NA,NA,NA,NA,NA,NA,FALSE,FALSE,FALSE,NA,NA,NA,NA,NA,NA,NA,NA,FALSE,FALSE,FALSE,FALSE,FALSE,FALSE,FALSE,FALSE
755,NA,NA,NA,NA,NA,NA,NA,0.62,0.6,0.67,0.72,0.69,NA,NA,NA,1.4,1.44,0.31,0.38,0.37,0.83,0.83,NA,NA,NA,NA,NA,NA,NA,NA,0.08,0.12,0.11,NA,NA,NA,NA,NA,NA,NA,NA,2.24,2.34,2.1,2.01,2.14,2.3,1.1,1.1,NA,NA,NA,NA,NA,NA,NA,FALSE,FALSE,FALSE,FALSE,FALSE,NA,NA,NA,FALSE,FALSE,FALSE,FALSE,FALSE,FALSE,FALSE,NA,NA,NA,NA,NA,NA,NA,NA,FALSE,FALSE,FALSE,NA,NA,NA,NA,NA,NA,NA,NA,FALSE,FALSE,FALSE,FALSE,FALSE,FALSE,FALSE,FALSE
756,NA,NA,NA,NA,NA,NA,NA,0.83,0.75,0.87,1.23,1.22,NA,NA,NA,1.4,1.48,0.37,0.41,0.39,1.07,1.07,0.77,0.95,0.93,0.84,NA,NA,NA,NA,0.22,0.25,0.2,NA,NA,NA,NA,NA,NA,NA,NA,2.36,2.32,2.17,3,2.91,2.89,1.13,1.14,NA,NA,NA,NA,NA,NA,NA,FALSE,FALSE,FALSE,FALSE,FALSE,NA,NA,NA,FALSE,FALSE,FALSE,FALSE,FALSE,FALSE,FALSE,FALSE,FALSE,FALSE,FALSE,NA,NA,NA,NA,FALSE,FALSE,FALSE,NA,NA,NA,NA,NA,NA,NA,NA,FALSE,FALSE,FALSE,FALSE,FALSE,FALSE,FALSE,FALSE
757,NA,NA,NA,NA,NA,1.59,NA,0.93,0.85,1,1.22,1.21,NA,NA,NA,1.12,1.11,0.48,0.57,0.56,0.91,0.92,1.25,1.17,1.31,1.33,NA,NA,NA,NA,0.31,0.61,0.32,NA,NA,NA,NA,NA,NA,NA,NA,1.95,1.96,1.88,2.87,2.85,2.85,1.11,1.12,NA,NA,NA,NA,NA,FALSE,NA,FALSE,FALSE,FALSE,FALSE,FALSE,NA,NA,NA,FALSE,FALSE,FALSE,FALSE,FALSE,FALSE,FALSE,FALSE,FALSE,FALSE,FALSE,NA,NA,NA,NA,FALSE,FALSE,FALSE,NA,NA,NA,NA,NA,NA,NA,NA,FALSE,FALSE,FALSE,FALSE,FALSE,FALSE,FALSE,FALSE
758,0.57,0.57,NA,NA,NA,1.25,NA,0.75,0.8,0.9,0.82,0.84,NA,NA,NA,1.21,1.25,0.44,0.53,0.58,0.79,0.8,1.51,1.77,1.76,1.69,NA,NA,NA,NA,0.53,0.7,0.52,NA,NA,NA,NA,NA,NA,NA,NA,2.33,2.37,2.17,1.8,1.8,1.83,1.02,1.02,FALSE,FALSE,NA,NA,NA,FALSE,NA,FALSE,FALSE,FALSE,FALSE,FALSE,NA,NA,NA,FALSE,FALSE,FALSE,FALSE,FALSE,FALSE,FALSE,FALSE,FALSE,FALSE,FALSE,NA,NA,NA,NA,FALSE,FALSE,FALSE,NA,NA,NA,NA,NA,NA,NA,NA,FALSE,FALSE,FALSE,FALSE,FALSE,FALSE,FALSE,FALSE
759,0.99,0.97,NA,NA,NA,1.58,1.62,0.83,0.95,1,1.03,1.02,NA,NA,NA,1.35,1.32,0.67,0.81,0.77,0.96,0.92,2.43,2.45,2.83,2.82,NA,NA,NA,NA,0.59,0.83,0.63,NA,NA,NA,NA,NA,NA,NA,NA,1.87,1.96,1.82,1.5,1.48,1.45,1.69,1.68,FALSE,FALSE,NA,NA,NA,FALSE,FALSE,FALSE,FALSE,FALSE,FALSE,FALSE,NA,NA,NA,FALSE,FALSE,FALSE,FALSE,FALSE,FALSE,FALSE,FALSE,FALSE,FALSE,FALSE,NA,NA,NA,NA,FALSE,FALSE,FALSE,NA,NA,NA,NA,NA,NA,NA,NA,FALSE,FALSE,FALSE,FALSE,FALSE,FALSE,FALSE,FALSE
760,1.24,1.23,NA,NA,NA,1.77,1.74,0.83,1.04,1,1.09,1.08,NA,NA,NA,1.51,1.48,0.89,0.75,0.7,0.81,0.8,3.05,2.99,3.2,3.19,NA,NA,NA,NA,0.55,0.76,0.54,0.57,0.56,NA,NA,NA,NA,NA,NA,1.57,1.57,1.6,1.98,1.97,1.91,1.8,1.8,FALSE,FALSE,NA,NA,NA,FALSE,FALSE,FALSE,FALSE,FALSE,FALSE,FALSE,NA,NA,NA,FALSE,FALSE,FALSE,FALSE,FALSE,FALSE,FALSE,FALSE,FALSE,FALSE,FALSE,NA,NA,NA,NA,FALSE,FALSE,FALSE,FALSE,FALSE,NA,NA,NA,NA,NA,NA,FALSE,FALSE,FALSE,FALSE,FALSE,FALSE,FALSE,FALSE
761,1.36,1.39,NA,NA,NA,1.85,1.77,0.79,0.83,0.91,1.29,1.28,NA,NA,NA,1.59,1.58,0.74,0.87,0.86,0.88,0.8,3.38,3.27,3.35,3.29,NA,NA,NA,NA,0.74,0.98,0.74,0.83,0.79,NA,NA,NA,NA,NA,NA,1.72,1.79,1.74,3.29,3.27,3.3,1.77,1.77,FALSE,FALSE,NA,NA,NA,FALSE,FALSE,FALSE,FALSE,FALSE,FALSE,FALSE,NA,NA,NA,FALSE,FALSE,FALSE,FALSE,FALSE,FALSE,FALSE,FALSE,FALSE,FALSE,FALSE,NA,NA,NA,NA,FALSE,FALSE,FALSE,FALSE,FALSE,NA,NA,NA,NA,NA,NA,FALSE,FALSE,FALSE,FALSE,FALSE,FALSE,FALSE,FALSE
762,1.88,1.87,NA,NA,NA,1.62,1.43,0.93,0.87,0.89,1.12,1.11,NA,NA,NA,1.74,1.71,0.46,0.62,0.58,0.61,0.69,3.05,2.87,3.27,3.23,NA,NA,NA,NA,0.75,0.97,0.75,0.86,0.82,NA,NA,NA,NA,NA,NA,1.36,1.45,1.41,2.92,2.97,3.01,1.52,1.54,FALSE,FALSE,NA,NA,NA,FALSE,FALSE,FALSE,FALSE,FALSE,FALSE,FALSE,NA,NA,NA,FALSE,FALSE,FALSE,FALSE,FALSE,FALSE,FALSE,FALSE,FALSE,FALSE,FALSE,NA,NA,NA,NA,FALSE,FALSE,FALSE,FALSE,FALSE,NA,NA,NA,NA,NA,NA,FALSE,FALSE,FALSE,FALSE,FALSE,FALSE,FALSE,FALSE
763,1.88,1.89,NA,NA,NA,1.57,1.51,0.93,0.8,0.8,1.1,1.09,NA,NA,NA,2.08,2.05,0.76,0.83,0.85,0.7,0.75,3.84,3.81,3.44,3.4,NA,NA,NA,NA,0.97,0.91,0.96,1.03,1.05,NA,NA,NA,NA,NA,NA,1.1,1.44,1.19,2.01,2.02,2.03,1.62,1.6,FALSE,FALSE,NA,NA,NA,FALSE,FALSE,FALSE,FALSE,FALSE,FALSE,FALSE,NA,NA,NA,FALSE,FALSE,FALSE,FALSE,FALSE,FALSE,FALSE,FALSE,FALSE,FALSE,FALSE,NA,NA,NA,NA,FALSE,FALSE,FALSE,FALSE,FALSE,NA,NA,NA,NA,NA,NA,FALSE,FALSE,FALSE,FALSE,FALSE,FALSE,FALSE,FALSE
764,1.68,1.73,NA,NA,NA,1.9,1.89,0.91,0.71,0.74,1.06,1.06,NA,NA,NA,2.39,2.37,0.6,0.59,0.59,0.81,0.77,3.83,3.82,4.97,4.9,NA,3.75,3.97,3.63,0.81,0.8,0.83,1.26,1.29,NA,NA,NA,NA,NA,NA,1.15,1.23,1.14,1.75,1.8,1.78,1.71,1.74,FALSE,FALSE,NA,NA,NA,FALSE,FALSE,FALSE,FALSE,FALSE,FALSE,FALSE,NA,NA,NA,FALSE,FALSE,FALSE,FALSE,FALSE,FALSE,FALSE,FALSE,FALSE,FALSE,FALSE,NA,FALSE,FALSE,FALSE,FALSE,FALSE,FALSE,FALSE,FALSE,NA,NA,NA,NA,NA,NA,FALSE,FALSE,FALSE,FALSE,FALSE,FALSE,FALSE,FALSE
765,2.32,2.18,NA,NA,NA,2.38,2.39,0.8,0.7,0.59,1.28,1.27,NA,NA,NA,2.42,2.41,0.81,0.92,0.92,0.89,0.87,4.96,4.75,4.5,4.48,NA,4.13,3.93,4.26,0.81,0.98,0.81,1.4,1.31,NA,NA,NA,NA,NA,NA,1.58,1.59,1.63,3.46,3.51,3.43,1.85,1.85,FALSE,FALSE,NA,NA,NA,FALSE,FALSE,FALSE,FALSE,FALSE,FALSE,FALSE,NA,NA,NA,FALSE,FALSE,FALSE,FALSE,FALSE,FALSE,FALSE,FALSE,FALSE,FALSE,FALSE,NA,FALSE,FALSE,FALSE,FALSE,FALSE,FALSE,FALSE,FALSE,NA,NA,NA,NA,NA,NA,FALSE,FALSE,FALSE,FALSE,FALSE,FALSE,FALSE,FALSE
766,3.08,2.86,NA,NA,NA,3.04,3.02,0.89,0.84,0.67,1.13,1.15,NA,NA,NA,2.32,2.32,0.82,1.11,1.11,0.95,1.04,6.02,5.7,4.69,4.63,NA,3.96,3.9,3.96,0.97,1.3,0.96,1.59,1.6,NA,NA,NA,NA,NA,NA,2.03,2.06,2.07,2.59,2.5,2.5,2.13,2.13,FALSE,FALSE,NA,NA,NA,FALSE,FALSE,FALSE,FALSE,FALSE,FALSE,FALSE,NA,NA,NA,FALSE,FALSE,FALSE,FALSE,FALSE,FALSE,FALSE,FALSE,FALSE,FALSE,FALSE,NA,FALSE,FALSE,FALSE,FALSE,FALSE,FALSE,FALSE,FALSE,NA,NA,NA,NA,NA,NA,FALSE,FALSE,FALSE,FALSE,FALSE,FALSE,FALSE,FALSE
767,2.37,2.15,NA,NA,NA,2.72,2.71,0.62,0.67,0.47,0.92,0.88,NA,NA,NA,2.16,2.11,1.01,0.99,0.98,0.89,0.93,3.53,3.35,3.17,3.27,NA,2.28,2.36,2.28,0.87,0.97,0.88,1.2,1.23,NA,NA,NA,NA,NA,NA,1.64,1.61,1.57,3.53,3.6,3.56,1.42,1.39,FALSE,FALSE,NA,NA,NA,FALSE,FALSE,FALSE,FALSE,FALSE,FALSE,FALSE,NA,NA,NA,FALSE,FALSE,FALSE,FALSE,FALSE,FALSE,FALSE,FALSE,FALSE,FALSE,FALSE,NA,FALSE,FALSE,FALSE,FALSE,FALSE,FALSE,FALSE,FALSE,NA,NA,NA,NA,NA,NA,FALSE,FALSE,FALSE,FALSE,FALSE,FALSE,FALSE,FALSE
768,2.92,2.75,NA,NA,NA,2.39,2.42,0.65,0.6,0.48,0.9,0.89,NA,NA,NA,1.98,1.98,0.59,0.58,0.6,0.9,0.88,3.97,3.77,4.41,4.29,NA,3.12,3.15,3.07,0.87,0.96,0.89,1.15,1.12,NA,NA,NA,NA,NA,NA,1.69,1.73,1.6,3.49,3.43,3.48,1.08,1.1,FALSE,FALSE,NA,NA,NA,FALSE,FALSE,FALSE,FALSE,FALSE,FALSE,FALSE,NA,NA,NA,FALSE,FALSE,FALSE,FALSE,FALSE,FALSE,FALSE,FALSE,FALSE,FALSE,FALSE,NA,FALSE,FALSE,FALSE,FALSE,FALSE,FALSE,FALSE,FALSE,NA,NA,NA,NA,NA,NA,FALSE,FALSE,FALSE,FALSE,FALSE,FALSE,FALSE,FALSE
769,3.46,3.24,NA,NA,NA,2.75,2.69,0.58,0.58,0.48,1.04,1.04,NA,NA,NA,2.05,2.03,0.84,0.73,0.76,0.83,0.73,4.03,3.75,5.53,5.43,NA,4,4.05,4.29,1.31,1,1.3,1.39,1.44,NA,NA,NA,NA,NA,NA,1.28,1.25,1.31,4.6,4.54,4.53,1.33,1.33,FALSE,FALSE,NA,NA,NA,FALSE,FALSE,FALSE,FALSE,FALSE,FALSE,FALSE,NA,NA,NA,FALSE,FALSE,FALSE,FALSE,FALSE,FALSE,FALSE,FALSE,FALSE,FALSE,FALSE,NA,FALSE,FALSE,FALSE,FALSE,FALSE,FALSE,FALSE,FALSE,NA,NA,NA,NA,NA,NA,FALSE,FALSE,FALSE,FALSE,FALSE,FALSE,FALSE,FALSE
770,3.97,3.93,NA,NA,NA,2.69,2.83,0.48,0.63,0.54,0.76,0.81,NA,NA,NA,2.02,1.99,0.59,0.55,0.57,0.84,0.89,4.99,4.77,5.33,5.15,NA,4.31,4.37,4.29,1.31,1.3,1.3,1.84,1.86,NA,NA,NA,NA,NA,NA,1.74,1.73,1.61,3.24,3.22,3.22,1.33,1.32,FALSE,FALSE,NA,NA,NA,FALSE,FALSE,FALSE,FALSE,FALSE,FALSE,FALSE,NA,NA,NA,FALSE,FALSE,FALSE,FALSE,FALSE,FALSE,FALSE,FALSE,FALSE,FALSE,FALSE,NA,FALSE,FALSE,FALSE,FALSE,FALSE,FALSE,FALSE,FALSE,NA,NA,NA,NA,NA,NA,FALSE,FALSE,FALSE,FALSE,FALSE,FALSE,FALSE,FALSE
771,4.11,3.85,NA,NA,NA,2.96,2.91,0.46,0.72,0.54,2.03,2.06,NA,NA,NA,1.2,1.16,0.7,0.83,0.78,0.87,0.87,4.22,3.9,4.4,4.54,NA,4.45,4.52,4.41,1.1,0.94,1.08,1.75,1.71,NA,NA,NA,NA,NA,NA,1.2,1.16,1.22,2.08,2.14,2.35,1.61,1.58,FALSE,FALSE,NA,NA,NA,FALSE,FALSE,FALSE,FALSE,FALSE,FALSE,FALSE,NA,NA,NA,FALSE,FALSE,FALSE,FALSE,FALSE,FALSE,FALSE,FALSE,FALSE,FALSE,FALSE,NA,FALSE,FALSE,FALSE,FALSE,FALSE,FALSE,FALSE,FALSE,NA,NA,NA,NA,NA,NA,FALSE,FALSE,FALSE,FALSE,FALSE,FALSE,FALSE,FALSE
772,4.63,4.56,NA,NA,NA,3.24,3.24,0.63,0.83,0.61,1.53,1.52,NA,NA,NA,1.38,1.4,0.74,0.76,0.75,0.98,1.06,4.14,4.01,3.98,3.84,NA,5.3,5.18,5.17,1.2,1.07,1.22,1.84,1.81,NA,NA,NA,NA,NA,NA,1,1.01,1,2.85,2.87,2.63,1.62,1.61,FALSE,FALSE,NA,NA,NA,FALSE,FALSE,FALSE,FALSE,FALSE,FALSE,FALSE,NA,NA,NA,FALSE,FALSE,FALSE,FALSE,FALSE,FALSE,FALSE,FALSE,FALSE,FALSE,FALSE,NA,FALSE,FALSE,FALSE,FALSE,FALSE,FALSE,FALSE,FALSE,NA,NA,NA,NA,NA,NA,FALSE,FALSE,FALSE,FALSE,FALSE,FALSE,FALSE,FALSE
773,4.87,4.94,NA,NA,NA,2.58,2.65,0.56,0.57,0.5,0.9,0.89,NA,NA,NA,1.37,1.29,0.51,0.53,0.51,0.84,0.87,4.35,4.22,3.97,3.95,NA,5.16,5.3,5.28,1.2,1.15,1.18,0.96,1.04,NA,NA,NA,NA,NA,NA,1.1,1.12,1.05,1.66,1.69,1.65,1.23,1.23,FALSE,FALSE,NA,NA,NA,FALSE,FALSE,FALSE,FALSE,FALSE,FALSE,FALSE,NA,NA,NA,FALSE,FALSE,FALSE,FALSE,FALSE,FALSE,FALSE,FALSE,FALSE,FALSE,FALSE,NA,FALSE,FALSE,FALSE,FALSE,FALSE,FALSE,FALSE,FALSE,NA,NA,NA,NA,NA,NA,FALSE,FALSE,FALSE,FALSE,FALSE,FALSE,FALSE,FALSE
774,4.83,5.02,NA,NA,NA,3.79,3.5,0.58,0.54,0.51,1.49,1.45,NA,0.74,NA,1.89,1.79,0.93,1.1,1.08,0.99,0.99,4.12,3.96,4.15,4.29,NA,5.57,5.73,5.55,1.85,1.47,1.87,1.33,1.3,NA,NA,NA,NA,NA,NA,1.18,1.13,1.17,1.83,1.81,1.82,1.67,1.66,FALSE,FALSE,NA,NA,NA,FALSE,FALSE,FALSE,FALSE,FALSE,FALSE,FALSE,NA,FALSE,NA,FALSE,FALSE,FALSE,FALSE,FALSE,FALSE,FALSE,FALSE,FALSE,FALSE,FALSE,NA,FALSE,FALSE,FALSE,FALSE,FALSE,FALSE,FALSE,FALSE,NA,NA,NA,NA,NA,NA,FALSE,FALSE,FALSE,FALSE,FALSE,FALSE,FALSE,FALSE
775,4.99,5.04,NA,NA,NA,4.69,4.76,0.43,0.56,0.43,1.01,0.99,NA,1.04,NA,2.22,2.16,0.96,1.03,1.02,1.09,1.11,2.98,2.85,3.68,3.89,NA,5.65,5.44,5.56,1.28,1.21,1.3,1.28,1.28,NA,NA,NA,NA,NA,NA,1.18,1.19,1.24,2.55,2.57,2.54,2.06,2.09,FALSE,FALSE,NA,NA,NA,TRUE,TRUE,FALSE,FALSE,FALSE,FALSE,FALSE,NA,FALSE,NA,FALSE,FALSE,FALSE,FALSE,FALSE,FALSE,FALSE,FALSE,FALSE,FALSE,FALSE,NA,FALSE,FALSE,FALSE,FALSE,FALSE,FALSE,FALSE,FALSE,NA,NA,NA,NA,NA,NA,FALSE,FALSE,FALSE,FALSE,FALSE,FALSE,FALSE,FALSE
776,5.08,5.05,NA,NA,NA,4.06,4.08,0.44,0.58,0.5,0.84,0.81,NA,1.09,NA,2.17,2.13,0.78,1.03,1.02,1.12,1.09,3.19,3.11,4.17,4.18,NA,5.47,6.04,5.67,1.05,1.3,1.04,1.43,1.44,NA,NA,NA,NA,NA,NA,1.88,1.89,1.91,3.61,3.64,3.6,1.96,1.97,FALSE,FALSE,NA,NA,NA,FALSE,FALSE,FALSE,FALSE,FALSE,FALSE,FALSE,NA,FALSE,NA,FALSE,FALSE,FALSE,FALSE,FALSE,FALSE,FALSE,FALSE,FALSE,FALSE,FALSE,NA,FALSE,FALSE,FALSE,FALSE,FALSE,FALSE,FALSE,FALSE,NA,NA,NA,NA,NA,NA,FALSE,FALSE,FALSE,FALSE,FALSE,FALSE,FALSE,FALSE
777,4.54,4.47,NA,NA,NA,3.45,3.43,0.46,0.58,0.48,0.71,0.74,NA,1.36,NA,1.73,1.8,0.9,0.93,0.86,0.92,0.9,4.21,4.85,4.05,4,NA,5.67,5.29,5.42,1.14,1.14,1.13,1.57,1.67,NA,NA,NA,NA,NA,NA,1.6,1.61,1.57,3.73,3.67,3.73,1.81,1.81,FALSE,FALSE,NA,NA,NA,FALSE,FALSE,FALSE,FALSE,FALSE,FALSE,FALSE,NA,FALSE,NA,FALSE,FALSE,FALSE,FALSE,FALSE,FALSE,FALSE,FALSE,FALSE,FALSE,FALSE,NA,FALSE,FALSE,FALSE,FALSE,FALSE,FALSE,FALSE,FALSE,NA,NA,NA,NA,NA,NA,FALSE,FALSE,FALSE,FALSE,FALSE,FALSE,FALSE,FALSE
778,6.12,6.07,NA,NA,NA,3.69,3.89,0.97,0.81,1.02,0.52,0.48,NA,1.39,NA,1.8,1.76,0.78,0.76,0.72,1.11,1.1,4.07,4.19,5.78,5.72,NA,6.68,6.51,6.58,1.37,1.55,1.4,2.12,2.09,NA,NA,NA,NA,NA,NA,3.49,3.5,3.23,4.66,4.63,4.66,1.99,2,FALSE,FALSE,NA,NA,NA,FALSE,FALSE,FALSE,FALSE,FALSE,FALSE,FALSE,NA,FALSE,NA,FALSE,FALSE,FALSE,FALSE,FALSE,FALSE,FALSE,FALSE,FALSE,FALSE,FALSE,NA,FALSE,FALSE,FALSE,FALSE,FALSE,FALSE,FALSE,FALSE,NA,NA,NA,NA,NA,NA,FALSE,FALSE,FALSE,FALSE,FALSE,FALSE,FALSE,FALSE
779,4.46,4.54,NA,NA,NA,3.91,3.9,0.96,0.73,1.05,0.34,0.39,NA,0.79,NA,1.29,1.27,1.2,1.21,1.15,0.76,0.82,3.06,2.75,5.2,5.2,NA,4.87,4.71,4.9,1.05,1.1,1.01,1.56,1.62,NA,NA,NA,NA,NA,NA,2.93,2.96,2.73,3.26,3.23,3.26,1.48,1.5,FALSE,FALSE,NA,NA,NA,FALSE,FALSE,FALSE,FALSE,FALSE,FALSE,FALSE,NA,FALSE,NA,FALSE,FALSE,FALSE,FALSE,FALSE,FALSE,FALSE,FALSE,FALSE,FALSE,FALSE,NA,FALSE,FALSE,FALSE,FALSE,FALSE,FALSE,FALSE,FALSE,NA,NA,NA,NA,NA,NA,FALSE,FALSE,FALSE,FALSE,FALSE,FALSE,FALSE,FALSE
780,4.42,4.49,NA,NA,NA,2.96,2.94,0.53,0.55,0.57,0.4,0.39,NA,1,NA,1.39,1.38,0.48,0.4,0.39,0.75,0.68,2.3,2.22,4.66,4.7,NA,4.72,4.91,4.77,1.52,1.37,1.5,1.69,1.72,NA,NA,NA,NA,NA,NA,1.26,1.32,1.23,2.12,2.12,2.12,1.25,1.25,FALSE,FALSE,NA,NA,NA,FALSE,FALSE,FALSE,FALSE,FALSE,FALSE,FALSE,NA,FALSE,NA,FALSE,FALSE,FALSE,FALSE,FALSE,FALSE,FALSE,FALSE,FALSE,FALSE,FALSE,NA,FALSE,FALSE,FALSE,FALSE,FALSE,FALSE,FALSE,FALSE,NA,NA,NA,NA,NA,NA,FALSE,FALSE,FALSE,FALSE,FALSE,FALSE,FALSE,FALSE
781,3.63,3.63,NA,NA,NA,2.69,2.69,0.81,0.43,0.36,0.56,0.55,NA,0.95,NA,1.38,1.34,0.55,0.44,0.46,0.64,0.69,2.2,2.14,4,4.08,NA,4.72,4.57,4.65,1.38,1.14,1.38,1.48,1.45,NA,NA,NA,NA,NA,NA,0.9,0.88,0.88,1.61,1.59,1.61,1.45,1.3,FALSE,FALSE,NA,NA,NA,FALSE,FALSE,FALSE,FALSE,FALSE,FALSE,FALSE,NA,FALSE,NA,FALSE,FALSE,FALSE,FALSE,FALSE,FALSE,FALSE,FALSE,FALSE,FALSE,FALSE,NA,FALSE,FALSE,FALSE,FALSE,FALSE,FALSE,FALSE,FALSE,NA,NA,NA,NA,NA,NA,FALSE,FALSE,FALSE,FALSE,FALSE,FALSE,FALSE,FALSE
782,4.16,3.92,NA,NA,NA,3.68,3.61,0.59,0.45,0.5,0.83,0.78,NA,0.99,NA,1.44,1.41,0.68,0.51,0.5,0.8,0.8,2.4,2.33,4.72,4.85,NA,4.69,5.01,4.65,1.24,1.13,1.22,1.53,1.56,NA,NA,NA,NA,NA,NA,0.75,0.73,0.66,2.41,2.47,2.45,1.41,1.34,FALSE,FALSE,NA,NA,NA,FALSE,FALSE,FALSE,FALSE,FALSE,FALSE,FALSE,NA,FALSE,NA,FALSE,FALSE,FALSE,FALSE,FALSE,FALSE,FALSE,FALSE,FALSE,FALSE,FALSE,NA,FALSE,FALSE,FALSE,FALSE,FALSE,FALSE,FALSE,FALSE,NA,NA,NA,NA,NA,NA,FALSE,FALSE,FALSE,FALSE,FALSE,FALSE,FALSE,FALSE
783,4.49,4.37,NA,NA,NA,4.22,4.19,0.64,0.68,0.54,0.69,0.64,NA,1.17,NA,1.88,1.87,0.57,0.41,0.36,0.74,0.76,2.89,2.85,5.12,5.17,NA,4.74,4.75,4.77,1.41,1.36,1.43,1.92,1.88,NA,NA,NA,NA,NA,NA,0.75,0.78,0.67,2.08,2.08,2.08,1.42,1.42,FALSE,FALSE,NA,NA,NA,FALSE,FALSE,FALSE,FALSE,FALSE,FALSE,FALSE,NA,FALSE,NA,FALSE,FALSE,FALSE,FALSE,FALSE,FALSE,FALSE,FALSE,FALSE,FALSE,FALSE,NA,FALSE,FALSE,FALSE,FALSE,FALSE,FALSE,FALSE,FALSE,NA,NA,NA,NA,NA,NA,FALSE,FALSE,FALSE,FALSE,FALSE,FALSE,FALSE,FALSE
784,3.56,3.41,NA,NA,NA,3.76,3.77,0.77,0.59,0.47,0.96,0.89,NA,0.97,NA,1.72,1.69,0.57,0.47,0.41,0.65,0.67,3.03,3.11,4.64,4.65,NA,4.53,4.39,4.52,1.6,1.5,1.61,1.72,1.79,NA,NA,NA,NA,NA,NA,0.5,0.54,0.53,1.27,1.26,1.27,1.18,1.15,FALSE,FALSE,NA,NA,NA,FALSE,FALSE,FALSE,FALSE,FALSE,FALSE,FALSE,NA,FALSE,NA,FALSE,FALSE,FALSE,FALSE,FALSE,FALSE,FALSE,FALSE,FALSE,FALSE,FALSE,NA,FALSE,FALSE,FALSE,FALSE,FALSE,FALSE,FALSE,FALSE,NA,NA,NA,NA,NA,NA,FALSE,FALSE,FALSE,FALSE,FALSE,FALSE,FALSE,FALSE
785,3.71,3.56,NA,NA,NA,3.28,3.24,0.71,0.58,0.58,0.94,0.86,NA,1.1,NA,1.96,1.9,0.51,0.51,0.5,0.93,0.89,4.81,4.8,6.31,6.1,NA,5.33,5.34,5.42,1.98,1.53,1.99,1.88,1.85,NA,NA,NA,NA,NA,NA,0.97,1.01,0.99,1.74,1.75,1.78,1.48,1.44,FALSE,FALSE,NA,NA,NA,FALSE,FALSE,FALSE,FALSE,FALSE,FALSE,FALSE,NA,FALSE,NA,FALSE,FALSE,FALSE,FALSE,FALSE,FALSE,FALSE,FALSE,FALSE,FALSE,FALSE,NA,FALSE,FALSE,FALSE,FALSE,FALSE,FALSE,FALSE,FALSE,NA,NA,NA,NA,NA,NA,FALSE,FALSE,FALSE,FALSE,FALSE,FALSE,FALSE,FALSE
786,3.85,3.89,NA,NA,NA,3.22,3.1,0.96,0.69,0.76,0.76,0.7,NA,1.64,1.8,2.49,2.44,0.65,0.69,0.71,0.93,0.92,5.24,5.28,8.1,8.17,NA,5.41,5.58,5.55,2.96,2.34,2.95,2.09,2.06,NA,NA,NA,NA,NA,NA,1.9,1.96,1.84,1.78,1.74,1.74,2.04,1.83,FALSE,FALSE,NA,NA,NA,FALSE,FALSE,FALSE,FALSE,FALSE,FALSE,FALSE,NA,FALSE,FALSE,FALSE,FALSE,FALSE,FALSE,FALSE,FALSE,FALSE,FALSE,FALSE,FALSE,FALSE,NA,FALSE,FALSE,FALSE,FALSE,FALSE,FALSE,FALSE,FALSE,NA,NA,NA,NA,NA,NA,FALSE,FALSE,FALSE,FALSE,FALSE,FALSE,FALSE,FALSE
787,4.13,4.44,NA,NA,NA,3.04,3,1.28,0.85,1.07,0.99,0.86,NA,2,1.86,2.25,2.06,0.76,1.03,1.06,0.8,0.78,5.2,5.16,8.74,8.71,NA,5.41,5.35,5.28,1.94,2.01,1.95,1.74,1.76,NA,NA,NA,NA,NA,NA,2.35,2.36,2.35,2.46,2.49,2.46,1.43,1.73,FALSE,FALSE,NA,NA,NA,FALSE,FALSE,FALSE,FALSE,FALSE,FALSE,FALSE,NA,FALSE,FALSE,FALSE,FALSE,FALSE,FALSE,FALSE,FALSE,FALSE,FALSE,FALSE,FALSE,FALSE,NA,FALSE,FALSE,FALSE,FALSE,FALSE,FALSE,FALSE,FALSE,NA,NA,NA,NA,NA,NA,FALSE,FALSE,FALSE,FALSE,FALSE,FALSE,FALSE,FALSE
788,4.71,4.94,NA,NA,NA,2.81,2.79,1.25,0.89,1.13,0.81,0.66,NA,2.15,2.05,2.37,2.27,0.6,0.66,0.69,0.79,0.83,4.96,4.54,8.65,8.63,NA,5.23,5.19,5.42,2.01,2.17,1.97,1.66,1.57,NA,NA,NA,NA,NA,NA,1.85,2,1.74,3.47,3.53,3.47,1.8,1.87,FALSE,FALSE,NA,NA,NA,FALSE,FALSE,FALSE,FALSE,FALSE,FALSE,FALSE,NA,FALSE,FALSE,FALSE,FALSE,FALSE,FALSE,FALSE,FALSE,FALSE,FALSE,FALSE,FALSE,FALSE,NA,FALSE,FALSE,FALSE,FALSE,FALSE,FALSE,FALSE,FALSE,NA,NA,NA,NA,NA,NA,FALSE,FALSE,FALSE,FALSE,FALSE,FALSE,FALSE,FALSE
789,5.51,5.64,NA,NA,NA,2.27,2.29,1.03,0.94,0.85,0.7,0.66,2.04,2.17,2.1,1.86,1.8,0.82,1.04,0.96,1.2,1.19,5.27,5.71,9.82,9.85,NA,5.41,5.54,5.29,1.92,1.83,1.94,1.55,1.5,NA,NA,NA,NA,NA,NA,1.65,1.7,1.66,2.96,3.04,3.01,1.6,1.62,FALSE,FALSE,NA,NA,NA,FALSE,FALSE,FALSE,FALSE,FALSE,FALSE,FALSE,FALSE,FALSE,FALSE,FALSE,FALSE,FALSE,FALSE,FALSE,FALSE,FALSE,FALSE,FALSE,TRUE,TRUE,NA,FALSE,FALSE,FALSE,FALSE,FALSE,FALSE,FALSE,FALSE,NA,NA,NA,NA,NA,NA,FALSE,FALSE,FALSE,FALSE,FALSE,FALSE,FALSE,FALSE
790,4.93,4.87,NA,NA,NA,2.28,2.26,0.92,0.87,0.79,0.83,0.77,1.9,1.8,2.05,1.98,1.91,0.89,0.97,0.94,1.44,1.46,6.18,6.18,8.19,8.23,NA,4.77,4.8,4.92,1.88,1.76,1.89,1.7,1.59,NA,NA,NA,NA,NA,NA,1.88,1.92,1.91,3.26,3.3,3.22,1.29,1.28,FALSE,FALSE,NA,NA,NA,FALSE,FALSE,FALSE,FALSE,FALSE,FALSE,FALSE,FALSE,FALSE,FALSE,FALSE,FALSE,FALSE,FALSE,FALSE,FALSE,FALSE,FALSE,FALSE,FALSE,FALSE,NA,FALSE,FALSE,FALSE,FALSE,FALSE,FALSE,FALSE,FALSE,NA,NA,NA,NA,NA,NA,FALSE,FALSE,FALSE,FALSE,FALSE,FALSE,FALSE,FALSE
791,4.99,5.01,NA,NA,NA,2,1.98,0.77,0.87,0.77,0.43,0.41,1.62,1.62,1.86,1.51,1.41,0.59,0.47,0.57,1.82,1.85,5.84,5.88,6.73,6.73,NA,5.45,5.36,5.32,1.2,1.12,1.21,1.43,1.42,NA,NA,NA,2.36,NA,2.38,1.1,1.1,1.15,1.35,1.38,1.36,1.33,1.36,FALSE,FALSE,NA,NA,NA,FALSE,FALSE,FALSE,FALSE,FALSE,FALSE,FALSE,FALSE,FALSE,FALSE,FALSE,FALSE,FALSE,FALSE,FALSE,FALSE,FALSE,FALSE,FALSE,FALSE,FALSE,NA,FALSE,FALSE,FALSE,FALSE,FALSE,FALSE,FALSE,FALSE,NA,NA,NA,FALSE,NA,FALSE,FALSE,FALSE,FALSE,FALSE,FALSE,FALSE,FALSE,FALSE
792,3.92,3.66,NA,NA,NA,2.33,2.34,0.68,0.98,0.86,0.44,0.42,1.83,1.63,1.63,1.62,1.59,0.73,0.93,0.91,2.48,2.5,8.32,8.4,7.62,7.55,NA,5.63,5.56,5.55,1.1,1.17,1.1,1.13,1.17,NA,NA,NA,2.72,NA,2.68,0.96,0.96,0.99,1.65,1.63,1.61,1.4,1.39,FALSE,FALSE,NA,NA,NA,FALSE,FALSE,FALSE,FALSE,FALSE,FALSE,FALSE,FALSE,FALSE,FALSE,FALSE,FALSE,FALSE,FALSE,FALSE,FALSE,FALSE,TRUE,TRUE,FALSE,FALSE,NA,FALSE,FALSE,FALSE,FALSE,FALSE,FALSE,FALSE,FALSE,NA,NA,NA,FALSE,NA,FALSE,FALSE,FALSE,FALSE,FALSE,FALSE,FALSE,FALSE,FALSE
793,4.27,4.24,NA,NA,NA,2.53,2.54,0.82,0.89,0.94,0.34,0.36,1.93,1.94,1.93,1.93,1.9,0.55,0.59,0.66,2.48,2.67,5.85,5.93,7.37,7.35,NA,5.31,5.28,5.3,1.01,1.17,1,0.8,0.84,NA,NA,NA,2.91,NA,2.77,0.99,1,1.04,1.95,1.97,1.95,1.23,0.89,FALSE,FALSE,NA,NA,NA,FALSE,FALSE,FALSE,FALSE,FALSE,FALSE,FALSE,FALSE,FALSE,FALSE,FALSE,FALSE,FALSE,FALSE,FALSE,FALSE,TRUE,FALSE,FALSE,FALSE,FALSE,NA,FALSE,FALSE,FALSE,FALSE,FALSE,FALSE,FALSE,FALSE,NA,NA,NA,FALSE,NA,FALSE,FALSE,FALSE,FALSE,FALSE,FALSE,FALSE,FALSE,FALSE
794,4.1,4.12,1.44,1.38,NA,3.15,3.17,0.98,0.91,1.03,0.35,0.36,1.86,1.77,1.72,2.49,2.42,0.76,0.75,0.77,1.93,1.88,5.77,5.74,7.43,7.64,6.04,4.94,5.05,5.02,1.2,1.06,1.21,0.72,0.78,NA,NA,NA,4.37,NA,4.39,0.71,0.7,0.82,2.33,2.45,2.34,1.56,1.76,FALSE,FALSE,FALSE,FALSE,NA,FALSE,FALSE,FALSE,FALSE,FALSE,FALSE,FALSE,FALSE,FALSE,FALSE,FALSE,FALSE,FALSE,FALSE,FALSE,FALSE,FALSE,FALSE,FALSE,FALSE,FALSE,FALSE,FALSE,FALSE,FALSE,FALSE,FALSE,FALSE,FALSE,FALSE,NA,NA,NA,FALSE,NA,FALSE,FALSE,FALSE,FALSE,FALSE,FALSE,FALSE,FALSE,FALSE
795,3.5,3.46,2.07,1.85,2.08,3.11,3.07,0.86,0.85,0.79,NA,NA,1.8,1.66,1.56,3.13,2.99,0.71,0.73,0.75,1.77,1.76,4.81,4.37,6.4,6.53,4.63,5.1,5.11,5.1,1.38,1,1.36,0.92,0.93,NA,NA,NA,3.68,NA,3.44,0.91,0.92,0.81,2.63,2.74,2.61,1.64,1.66,FALSE,FALSE,FALSE,FALSE,FALSE,FALSE,FALSE,FALSE,FALSE,FALSE,NA,NA,FALSE,FALSE,FALSE,FALSE,FALSE,FALSE,FALSE,FALSE,FALSE,FALSE,FALSE,FALSE,FALSE,FALSE,FALSE,FALSE,FALSE,FALSE,FALSE,FALSE,FALSE,FALSE,FALSE,NA,NA,NA,FALSE,NA,FALSE,FALSE,FALSE,FALSE,FALSE,FALSE,FALSE,FALSE,FALSE
796,3.36,3.3,1.59,1.46,1.56,2.5,2.47,0.86,0.79,0.7,NA,NA,1.79,1.39,1.31,2.66,2.66,0.66,0.59,0.62,1.33,1.36,6.2,6.57,6.73,6.73,6.19,5.47,5.35,5.38,1.16,0.77,1.19,0.7,0.79,NA,NA,NA,3.88,NA,4.19,0.65,0.68,0.59,2.54,2.51,2.5,1.33,1.33,FALSE,FALSE,FALSE,FALSE,FALSE,FALSE,FALSE,FALSE,FALSE,FALSE,NA,NA,FALSE,FALSE,FALSE,FALSE,FALSE,FALSE,FALSE,FALSE,FALSE,FALSE,FALSE,FALSE,FALSE,FALSE,FALSE,FALSE,FALSE,FALSE,FALSE,FALSE,FALSE,FALSE,FALSE,NA,NA,NA,FALSE,NA,FALSE,FALSE,FALSE,FALSE,FALSE,FALSE,FALSE,FALSE,FALSE
797,3.1,3.06,1.83,1.87,1.81,2.6,2.59,0.75,0.77,0.69,NA,NA,1.47,1.49,1.38,2.62,2.62,0.52,0.49,0.51,1.01,1.02,5.56,5.27,5.36,5.39,5.52,3.68,3.67,3.67,0.91,0.63,0.91,0.48,0.51,NA,NA,NA,1.89,NA,1.73,0.65,0.71,0.64,2.59,2.55,2.59,1.46,1.47,FALSE,FALSE,FALSE,FALSE,FALSE,FALSE,FALSE,FALSE,FALSE,FALSE,NA,NA,FALSE,FALSE,FALSE,FALSE,FALSE,FALSE,FALSE,FALSE,FALSE,FALSE,FALSE,FALSE,FALSE,FALSE,FALSE,FALSE,FALSE,FALSE,FALSE,FALSE,FALSE,FALSE,FALSE,NA,NA,NA,FALSE,NA,FALSE,FALSE,FALSE,FALSE,FALSE,FALSE,FALSE,FALSE,FALSE
798,2.74,2.67,1.24,0.99,1.28,2.42,2.44,0.57,0.65,0.62,NA,NA,1.16,1.13,1.08,2.63,2.62,0.64,0.56,0.53,0.87,0.86,5.66,5.71,4.72,4.68,5.53,5.06,5.07,5.06,0.75,0.52,0.76,0.51,0.49,NA,NA,NA,0.8,NA,0.85,0.81,0.84,0.71,2.59,2.46,2.59,1.4,1.41,FALSE,FALSE,FALSE,FALSE,FALSE,FALSE,FALSE,FALSE,FALSE,FALSE,NA,NA,FALSE,FALSE,FALSE,FALSE,FALSE,FALSE,FALSE,FALSE,FALSE,FALSE,FALSE,FALSE,FALSE,FALSE,FALSE,FALSE,FALSE,FALSE,FALSE,FALSE,FALSE,FALSE,FALSE,NA,NA,NA,FALSE,NA,FALSE,FALSE,FALSE,FALSE,FALSE,FALSE,FALSE,FALSE,FALSE
799,3.69,3.72,2.11,2.24,2.13,2.52,2.5,0.61,0.62,0.68,NA,NA,1.28,1.01,1,2.42,2.54,0.46,0.46,0.42,0.89,0.92,5.18,4.86,5.68,5.81,5.23,6.75,6.75,6.76,0.52,0.55,0.52,0.42,0.42,NA,NA,NA,3.88,NA,3.9,1.23,1.34,0.99,4.11,4.01,4.12,1.71,1.72,FALSE,FALSE,FALSE,FALSE,FALSE,FALSE,FALSE,FALSE,FALSE,FALSE,NA,NA,FALSE,FALSE,FALSE,FALSE,FALSE,FALSE,FALSE,FALSE,FALSE,FALSE,FALSE,FALSE,FALSE,FALSE,FALSE,FALSE,FALSE,FALSE,FALSE,FALSE,FALSE,FALSE,FALSE,NA,NA,NA,FALSE,NA,FALSE,FALSE,FALSE,FALSE,FALSE,FALSE,FALSE,FALSE,FALSE
800,5.17,5.31,2.38,2.73,2.45,2.99,3.05,0.63,0.72,0.54,NA,NA,1.79,1.63,1.77,2.37,2.43,0.91,0.75,0.73,0.82,0.83,8.17,7.69,7.49,7.28,8.21,6.73,6.72,6.68,3.03,2.9,3.05,1.77,1.65,NA,NA,NA,2.94,NA,2.95,1,1.12,0.72,4.96,4.91,4.97,1.38,1.4,FALSE,FALSE,FALSE,FALSE,FALSE,FALSE,FALSE,FALSE,FALSE,FALSE,NA,NA,FALSE,FALSE,FALSE,FALSE,FALSE,FALSE,FALSE,FALSE,FALSE,FALSE,TRUE,TRUE,FALSE,FALSE,TRUE,FALSE,FALSE,FALSE,FALSE,FALSE,FALSE,FALSE,FALSE,NA,NA,NA,FALSE,NA,FALSE,FALSE,FALSE,FALSE,FALSE,FALSE,FALSE,FALSE,FALSE
801,2.47,2.32,1.72,2.27,1.78,2.1,2.19,0.53,0.75,0.4,NA,NA,1.75,1.63,1.75,2.34,2.38,0.38,0.33,0.36,0.95,0.95,3.38,3.18,3.91,4.07,3.35,4.9,4.86,4.65,2.88,2.97,2.7,0.66,0.66,NA,NA,NA,1.93,NA,2.06,0.54,0.56,0.5,1.87,1.83,1.87,1.19,1.19,FALSE,FALSE,FALSE,FALSE,FALSE,FALSE,FALSE,FALSE,FALSE,FALSE,NA,NA,FALSE,FALSE,FALSE,FALSE,FALSE,FALSE,FALSE,FALSE,FALSE,FALSE,FALSE,FALSE,FALSE,FALSE,FALSE,FALSE,FALSE,FALSE,FALSE,FALSE,FALSE,FALSE,FALSE,NA,NA,NA,FALSE,NA,FALSE,FALSE,FALSE,FALSE,FALSE,FALSE,FALSE,FALSE,FALSE
802,3.08,3.09,0.81,1.28,0.76,2.75,2.67,0.64,0.82,0.44,NA,NA,1.71,1.51,1.71,2.38,2.27,0.5,0.48,0.46,1,1.02,4.01,4.13,4.3,4.53,4,4.05,4.19,4.19,2.51,2.58,2.66,0.91,0.89,NA,NA,NA,2.9,NA,2.83,0.33,0.38,0.37,2.92,2.95,2.97,1.41,1.42,FALSE,FALSE,FALSE,FALSE,FALSE,FALSE,FALSE,FALSE,FALSE,FALSE,NA,NA,FALSE,FALSE,FALSE,FALSE,FALSE,FALSE,FALSE,FALSE,FALSE,FALSE,FALSE,FALSE,FALSE,FALSE,FALSE,FALSE,FALSE,FALSE,FALSE,FALSE,FALSE,FALSE,FALSE,NA,NA,NA,FALSE,NA,FALSE,FALSE,FALSE,FALSE,FALSE,FALSE,FALSE,FALSE,FALSE
803,2.42,2.42,0.75,0.85,0.73,2.29,2.27,0.51,0.82,0.43,NA,NA,1.96,1.82,1.95,2.09,2.06,0.35,0.37,0.48,0.98,0.98,2.28,2.25,2.27,2.32,2.41,3.46,3.33,3.31,2.37,2.31,2.31,0.78,0.79,NA,NA,NA,2.13,NA,2.18,0.32,0.31,0.3,1.36,1.45,1.36,1.26,1.27,FALSE,FALSE,FALSE,FALSE,FALSE,FALSE,FALSE,FALSE,FALSE,FALSE,NA,NA,FALSE,FALSE,FALSE,FALSE,FALSE,FALSE,FALSE,FALSE,FALSE,FALSE,FALSE,FALSE,FALSE,FALSE,FALSE,FALSE,FALSE,FALSE,FALSE,FALSE,FALSE,FALSE,FALSE,NA,NA,NA,FALSE,NA,FALSE,FALSE,FALSE,FALSE,FALSE,FALSE,FALSE,FALSE,FALSE
804,3.22,3.22,0.84,1.64,0.77,2.19,2.16,0.55,0.74,0.4,NA,NA,1.93,1.94,2,2.03,2.02,0.3,0.27,0.31,1.25,1.24,3.41,3.42,3.05,3.04,3.58,5.02,4.73,4.72,3.23,2.74,3.25,1.53,1.51,NA,NA,NA,1.83,1.8,1.96,0.4,0.41,0.38,1.78,1.89,1.78,1.24,1.26,FALSE,FALSE,FALSE,FALSE,FALSE,FALSE,FALSE,FALSE,FALSE,FALSE,NA,NA,FALSE,FALSE,FALSE,FALSE,FALSE,FALSE,FALSE,FALSE,FALSE,FALSE,FALSE,FALSE,FALSE,FALSE,FALSE,FALSE,FALSE,FALSE,FALSE,FALSE,FALSE,FALSE,FALSE,NA,NA,NA,FALSE,FALSE,FALSE,FALSE,FALSE,FALSE,FALSE,FALSE,FALSE,FALSE,FALSE
805,3.94,3.95,0.18,0.55,0.19,2.83,2.67,0.44,0.64,0.36,NA,NA,2.34,2.2,2.25,1.69,1.63,0.39,0.46,0.55,1.02,1.02,3.52,3.4,3.86,3.96,3.73,4.18,4.1,4.11,4.02,3.82,3.9,2.26,2.24,NA,NA,NA,1.47,1.42,1.55,0.46,0.43,0.44,2.29,2.28,2.25,1.2,1.2,FALSE,FALSE,FALSE,FALSE,FALSE,FALSE,FALSE,FALSE,FALSE,FALSE,NA,NA,FALSE,FALSE,FALSE,FALSE,FALSE,FALSE,FALSE,FALSE,FALSE,FALSE,FALSE,FALSE,FALSE,FALSE,FALSE,FALSE,FALSE,FALSE,FALSE,FALSE,FALSE,FALSE,FALSE,NA,NA,NA,FALSE,FALSE,FALSE,FALSE,FALSE,FALSE,FALSE,FALSE,FALSE,FALSE,FALSE
806,1.83,1.84,0.4,0.58,0.44,2.18,2.1,0.51,0.73,0.44,NA,NA,2.17,2,2.12,1.95,1.88,0.33,0.34,0.36,1,1,3.34,3.12,4.23,4.31,3.21,2.38,2.53,2.53,3.64,3.77,3.6,2.23,2.22,NA,NA,NA,1.55,1.57,1.58,0.54,0.53,0.41,2.84,3.03,2.84,1.25,1.22,FALSE,FALSE,FALSE,FALSE,FALSE,FALSE,FALSE,FALSE,FALSE,FALSE,NA,NA,FALSE,FALSE,FALSE,FALSE,FALSE,FALSE,FALSE,FALSE,FALSE,FALSE,FALSE,FALSE,FALSE,FALSE,FALSE,FALSE,FALSE,FALSE,FALSE,FALSE,FALSE,FALSE,FALSE,NA,NA,NA,FALSE,FALSE,FALSE,FALSE,FALSE,FALSE,FALSE,FALSE,FALSE,FALSE,FALSE
807,3.17,3.25,0.89,0.68,0.86,2.38,2.59,0.64,0.79,0.53,NA,NA,1.83,1.66,1.76,2.44,2.42,0.5,0.45,0.55,0.89,0.91,4.04,4.26,5.75,5.62,4.25,3.72,4.01,4.02,3.37,3.16,3.46,2.54,2.58,NA,NA,NA,2.18,2.1,2.24,0.49,0.49,0.47,3.26,3.47,3.31,1.39,1.4,FALSE,FALSE,FALSE,FALSE,FALSE,FALSE,FALSE,FALSE,FALSE,FALSE,NA,NA,FALSE,FALSE,FALSE,FALSE,FALSE,FALSE,FALSE,FALSE,FALSE,FALSE,FALSE,FALSE,FALSE,FALSE,FALSE,FALSE,FALSE,FALSE,FALSE,FALSE,FALSE,FALSE,FALSE,NA,NA,NA,FALSE,FALSE,FALSE,FALSE,FALSE,FALSE,FALSE,FALSE,FALSE,FALSE,FALSE
808,3.22,3.06,1,0.53,1.07,1.86,1.78,0.52,0.96,0.56,NA,NA,2.87,2.45,3,2.47,2.29,0.36,0.28,0.3,0.91,0.94,3.19,3.16,3.8,3.7,3.26,2.86,2.93,2.78,3.67,3.35,3.7,2.48,2.5,NA,NA,NA,2.5,2.44,2.57,0.59,0.6,0.56,2.37,2.51,2.57,1.52,1.53,FALSE,FALSE,FALSE,FALSE,FALSE,FALSE,FALSE,FALSE,FALSE,FALSE,NA,NA,FALSE,FALSE,FALSE,FALSE,FALSE,FALSE,FALSE,FALSE,FALSE,FALSE,FALSE,FALSE,FALSE,FALSE,FALSE,FALSE,FALSE,FALSE,FALSE,FALSE,FALSE,FALSE,FALSE,NA,NA,NA,FALSE,FALSE,FALSE,FALSE,FALSE,FALSE,FALSE,FALSE,FALSE,FALSE,FALSE
809,4.86,4.87,1.43,1.09,1.55,1.55,1.48,0.6,1.12,0.81,NA,NA,3.47,3.67,3.49,1.46,1.56,0.51,0.39,0.4,0.87,0.88,4.84,4.73,7.22,7.27,5.25,3.96,4.1,4.28,4.76,4.93,4.56,4.37,4.4,NA,NA,NA,3.01,2.78,3.26,0.35,0.39,0.42,5.42,5.38,5.46,1.15,1.14,FALSE,FALSE,FALSE,FALSE,FALSE,FALSE,FALSE,FALSE,FALSE,FALSE,NA,NA,FALSE,FALSE,FALSE,FALSE,FALSE,FALSE,FALSE,FALSE,FALSE,FALSE,FALSE,FALSE,FALSE,FALSE,FALSE,FALSE,FALSE,FALSE,FALSE,TRUE,FALSE,TRUE,TRUE,NA,NA,NA,FALSE,FALSE,FALSE,FALSE,FALSE,FALSE,FALSE,FALSE,FALSE,FALSE,FALSE
810,2.17,2.18,1.21,1.49,1.19,0.86,0.73,0.58,0.97,0.58,NA,NA,2.93,3.37,2.89,1.99,1.96,0.34,0.3,0.29,0.74,0.74,2.96,4.2,3.86,3.69,2.97,2.39,2.43,2.31,2.36,2.47,2.34,2.67,2.66,NA,NA,NA,1.34,1.35,1.49,0.38,0.37,0.33,3.39,3.32,3.34,0.92,0.95,FALSE,FALSE,FALSE,FALSE,FALSE,FALSE,FALSE,FALSE,FALSE,FALSE,NA,NA,FALSE,FALSE,FALSE,FALSE,FALSE,FALSE,FALSE,FALSE,FALSE,FALSE,FALSE,FALSE,FALSE,FALSE,FALSE,FALSE,FALSE,FALSE,FALSE,FALSE,FALSE,FALSE,FALSE,NA,NA,NA,FALSE,FALSE,FALSE,FALSE,FALSE,FALSE,FALSE,FALSE,FALSE,FALSE,FALSE
811,1.93,1.87,0.66,0.63,0.87,0.55,0.65,0.58,0.89,0.77,NA,NA,2.1,2.48,2.07,1.2,1.21,0.34,0.24,0.24,0.53,0.58,3.65,2.26,3.68,3.52,3.58,2.56,2.79,2.81,1.96,2.15,1.93,2.66,2.68,NA,NA,NA,1.78,1.5,1.9,0.46,0.44,0.4,3.05,3.06,3.05,0.88,0.87,FALSE,FALSE,FALSE,FALSE,FALSE,FALSE,FALSE,FALSE,FALSE,FALSE,NA,NA,FALSE,FALSE,FALSE,FALSE,FALSE,FALSE,FALSE,FALSE,FALSE,FALSE,FALSE,FALSE,FALSE,FALSE,FALSE,FALSE,FALSE,FALSE,FALSE,FALSE,FALSE,FALSE,FALSE,NA,NA,NA,FALSE,FALSE,FALSE,FALSE,FALSE,FALSE,FALSE,FALSE,FALSE,FALSE,FALSE
812,1.7,1.65,0.35,0.47,0.34,1.08,1.12,0.62,0.68,0.68,NA,NA,2.51,2.64,2.47,1.44,1.54,0.35,0.39,0.43,0.54,0.49,3.31,2.78,3.05,3.02,2.89,2.31,2.23,2.23,1.85,2.02,1.85,2.42,2.43,NA,NA,NA,1.83,1.73,1.83,0.3,0.39,0.43,1.95,1.99,1.9,1.28,1.26,FALSE,FALSE,FALSE,FALSE,FALSE,FALSE,FALSE,FALSE,FALSE,FALSE,NA,NA,FALSE,FALSE,FALSE,FALSE,FALSE,FALSE,FALSE,FALSE,FALSE,FALSE,FALSE,FALSE,FALSE,FALSE,FALSE,FALSE,FALSE,FALSE,FALSE,FALSE,FALSE,FALSE,FALSE,NA,NA,NA,FALSE,FALSE,FALSE,FALSE,FALSE,FALSE,FALSE,FALSE,FALSE,FALSE,FALSE
813,2.11,2.12,0.67,0.61,0.61,1,0.98,0.68,0.73,0.7,NA,NA,2.79,2.45,2.84,1.7,1.8,0.34,0.34,0.35,0.63,0.63,3.34,3.79,3.59,3.53,3.68,2.74,3.06,2.93,1.7,1.84,1.79,1.99,1.99,NA,NA,NA,1.54,1.53,1.38,0.46,0.4,0.51,2.71,2.69,2.71,1.16,1.15,FALSE,FALSE,FALSE,FALSE,FALSE,FALSE,FALSE,FALSE,FALSE,FALSE,NA,NA,FALSE,FALSE,FALSE,FALSE,FALSE,FALSE,FALSE,FALSE,FALSE,FALSE,FALSE,FALSE,FALSE,FALSE,FALSE,FALSE,FALSE,FALSE,FALSE,FALSE,FALSE,FALSE,FALSE,NA,NA,NA,FALSE,FALSE,FALSE,FALSE,FALSE,FALSE,FALSE,FALSE,FALSE,FALSE,FALSE
814,2.7,2.66,0.84,0.54,0.92,1.24,0.94,0.68,0.75,0.64,NA,NA,3.16,2.96,3.24,1.64,1.75,0.56,0.39,0.43,0.63,0.63,3.89,3.71,3.34,3.24,3.85,3.57,3.53,3.49,2.47,2.29,2.49,2.5,2.65,NA,NA,NA,1.29,1.33,1.31,0.51,0.46,0.49,2.97,2.84,3.01,1.18,1.19,FALSE,FALSE,FALSE,FALSE,FALSE,FALSE,FALSE,FALSE,FALSE,FALSE,NA,NA,FALSE,FALSE,FALSE,FALSE,FALSE,FALSE,FALSE,FALSE,FALSE,FALSE,FALSE,FALSE,FALSE,FALSE,FALSE,FALSE,FALSE,FALSE,FALSE,FALSE,FALSE,FALSE,FALSE,NA,NA,NA,FALSE,FALSE,FALSE,FALSE,FALSE,FALSE,FALSE,FALSE,FALSE,FALSE,FALSE
815,3.31,3.21,1.48,1.59,1.48,1.82,1.95,0.97,1.01,0.72,NA,NA,3.78,3.74,3.87,2.42,2.4,0.92,0.6,0.67,0.89,0.87,5.44,5.1,4.94,4.93,5.61,5.14,5.1,5.28,3.09,3.32,3.23,2.68,2.68,NA,NA,NA,2.03,2.21,1.92,0.68,0.64,0.64,5.53,5.39,6.08,1.51,1.5,FALSE,FALSE,FALSE,FALSE,FALSE,FALSE,FALSE,FALSE,FALSE,FALSE,NA,NA,FALSE,FALSE,FALSE,FALSE,FALSE,FALSE,FALSE,FALSE,FALSE,FALSE,FALSE,FALSE,FALSE,FALSE,FALSE,FALSE,FALSE,FALSE,FALSE,FALSE,FALSE,FALSE,FALSE,NA,NA,NA,FALSE,FALSE,FALSE,FALSE,FALSE,FALSE,FALSE,FALSE,FALSE,FALSE,FALSE
816,2.99,2.96,2.02,2.05,2,2.2,1.84,0.93,1.1,0.75,NA,NA,2.92,2.58,2.8,2.76,2.79,0.76,0.61,0.59,0.95,0.9,3.55,3.45,4.37,4.22,3.47,4.59,4.5,4.58,4.21,3.56,4.44,2.28,2.07,NA,NA,NA,1.93,2.05,1.82,0.81,0.75,0.76,3.91,3.95,4,1.78,1.79,FALSE,FALSE,FALSE,FALSE,FALSE,FALSE,FALSE,FALSE,FALSE,FALSE,NA,NA,FALSE,FALSE,FALSE,FALSE,FALSE,FALSE,FALSE,FALSE,FALSE,FALSE,FALSE,FALSE,FALSE,FALSE,FALSE,FALSE,FALSE,FALSE,FALSE,FALSE,FALSE,FALSE,FALSE,NA,NA,NA,FALSE,FALSE,FALSE,FALSE,FALSE,FALSE,FALSE,FALSE,FALSE,FALSE,FALSE
817,3.61,3.59,1.41,1.35,1.39,2.24,2.23,0.78,1.03,0.9,NA,NA,2.53,2.67,2.5,2.27,2.28,1.08,0.86,0.83,1.12,1.12,3.07,3.05,1.97,2.09,3.18,4.13,4.03,4.05,3.8,3.05,3.82,1.97,1.93,NA,NA,NA,2.03,2.01,1.99,0.68,0.69,0.66,3.23,3.17,3.4,1.65,1.65,FALSE,FALSE,FALSE,FALSE,FALSE,FALSE,FALSE,FALSE,FALSE,FALSE,NA,NA,FALSE,FALSE,FALSE,FALSE,FALSE,FALSE,FALSE,FALSE,FALSE,FALSE,FALSE,FALSE,FALSE,FALSE,FALSE,FALSE,FALSE,FALSE,FALSE,FALSE,FALSE,FALSE,FALSE,NA,NA,NA,FALSE,FALSE,FALSE,FALSE,FALSE,FALSE,FALSE,FALSE,FALSE,FALSE,FALSE
818,3.94,3.92,1.43,1.42,1.43,2.38,2.43,0.78,0.95,1.03,NA,NA,2.16,2.11,2.24,2.03,2.05,0.82,0.83,0.74,1.1,1.07,3.82,3.75,2.31,2.28,3.75,3.57,3.65,3.59,4.8,4.21,5.27,2.31,2.21,NA,NA,NA,2.53,2.48,2.59,1.5,1.53,1.59,3.32,3.39,3.4,1.78,1.79,FALSE,FALSE,FALSE,FALSE,FALSE,FALSE,FALSE,FALSE,FALSE,FALSE,NA,NA,FALSE,FALSE,FALSE,FALSE,FALSE,FALSE,FALSE,FALSE,FALSE,FALSE,FALSE,FALSE,FALSE,FALSE,FALSE,FALSE,FALSE,FALSE,FALSE,FALSE,FALSE,FALSE,FALSE,NA,NA,NA,FALSE,FALSE,FALSE,FALSE,FALSE,FALSE,FALSE,FALSE,FALSE,FALSE,FALSE
819,4.05,4.04,1.87,1.87,1.89,2.27,2.19,0.78,1.23,1.15,NA,NA,2.76,2.72,2.76,1.27,1.28,0.95,0.87,0.82,1.22,1.22,3.68,3.76,1.89,1.8,3.57,3.23,3.31,3.31,5.68,5.25,5.85,2.33,2.29,NA,NA,NA,2.03,2.06,1.99,1.23,1.18,1.2,2.21,2.19,2.17,1.44,1.44,FALSE,FALSE,FALSE,FALSE,FALSE,FALSE,FALSE,FALSE,FALSE,FALSE,NA,NA,FALSE,FALSE,FALSE,FALSE,FALSE,FALSE,FALSE,FALSE,FALSE,FALSE,FALSE,FALSE,FALSE,FALSE,FALSE,FALSE,FALSE,FALSE,TRUE,TRUE,TRUE,FALSE,FALSE,NA,NA,NA,FALSE,FALSE,FALSE,FALSE,FALSE,FALSE,FALSE,FALSE,FALSE,FALSE,FALSE
820,3.56,3.62,1.41,1.39,1.4,2.23,2.16,0.69,1.15,1.16,NA,NA,1.57,1.6,1.47,1.27,1.38,1.17,0.98,0.98,1.11,1.07,3.02,2.93,1.72,1.75,3,4.59,4.66,4.65,4.78,4.04,5.02,1.65,1.72,NA,NA,NA,1.83,1.79,1.87,0.86,0.87,0.88,2.19,2.24,2.13,1.32,1.37,FALSE,FALSE,FALSE,FALSE,FALSE,FALSE,FALSE,FALSE,FALSE,FALSE,NA,NA,FALSE,FALSE,FALSE,FALSE,FALSE,FALSE,FALSE,FALSE,FALSE,FALSE,FALSE,FALSE,FALSE,FALSE,FALSE,FALSE,FALSE,FALSE,FALSE,FALSE,FALSE,FALSE,FALSE,NA,NA,NA,FALSE,FALSE,FALSE,FALSE,FALSE,FALSE,FALSE,FALSE,FALSE,FALSE,FALSE
821,2.95,2.94,1.22,1.35,1.36,1.7,1.71,0.69,0.96,1.06,NA,NA,1.33,1.21,1.3,0.98,1.12,0.97,0.93,0.86,0.84,0.85,2.51,2.46,1.3,1.36,2.46,4.61,4.71,4.66,3.89,3.96,3.59,1,1.17,NA,NA,NA,1.98,1.91,2.17,0.78,0.81,0.8,1.85,1.85,1.74,1.22,1.19,FALSE,FALSE,FALSE,FALSE,FALSE,FALSE,FALSE,FALSE,FALSE,FALSE,NA,NA,FALSE,FALSE,FALSE,FALSE,FALSE,FALSE,FALSE,FALSE,FALSE,FALSE,FALSE,FALSE,FALSE,FALSE,FALSE,FALSE,FALSE,FALSE,FALSE,FALSE,FALSE,FALSE,FALSE,NA,NA,NA,FALSE,FALSE,FALSE,FALSE,FALSE,FALSE,FALSE,FALSE,FALSE,FALSE,FALSE
822,2.5,2.51,1.48,1.61,1.62,1.83,1.79,0.77,0.87,1.06,NA,NA,1.63,1.51,1.65,0.84,0.85,0.67,0.64,0.6,0.99,0.99,3.04,3.25,1.37,1.44,2.95,3.78,3.7,3.7,2.81,3.43,2.69,1.39,1.54,NA,NA,NA,1.73,1.94,1.64,0.72,0.74,0.79,1.25,1.3,1.23,1.41,1.41,FALSE,FALSE,FALSE,FALSE,FALSE,FALSE,FALSE,FALSE,FALSE,FALSE,NA,NA,FALSE,FALSE,FALSE,FALSE,FALSE,FALSE,FALSE,FALSE,FALSE,FALSE,FALSE,FALSE,FALSE,FALSE,FALSE,FALSE,FALSE,FALSE,FALSE,FALSE,FALSE,FALSE,FALSE,NA,NA,NA,FALSE,FALSE,FALSE,FALSE,FALSE,FALSE,FALSE,FALSE,FALSE,FALSE,FALSE
823,3.21,3.23,1.47,1.58,1.65,1.95,1.87,0.73,0.8,0.85,NA,NA,1.28,1.21,1.31,0.87,0.88,0.96,0.93,0.97,0.78,0.76,3.02,3.09,1.65,1.7,2.85,4.11,4.11,4.05,2.25,2.62,2.2,1.43,1.55,NA,NA,NA,1.37,1.48,1.25,0.65,0.57,0.71,1.46,1.54,1.48,1.55,1.56,FALSE,FALSE,FALSE,FALSE,FALSE,FALSE,FALSE,FALSE,FALSE,FALSE,NA,NA,FALSE,FALSE,FALSE,FALSE,FALSE,FALSE,FALSE,FALSE,FALSE,FALSE,FALSE,FALSE,FALSE,FALSE,FALSE,FALSE,FALSE,FALSE,FALSE,FALSE,FALSE,FALSE,FALSE,NA,NA,NA,FALSE,FALSE,FALSE,FALSE,FALSE,FALSE,FALSE,FALSE,FALSE,FALSE,FALSE
824,3.64,3.73,2.62,2.49,2.45,2.11,2.03,0.99,1.27,1.52,NA,NA,1.51,1.5,1.41,1.65,1.67,1.06,1.36,1.38,1.04,1.03,5.73,5.77,2.08,2.19,5.58,5.39,5.38,5.3,4.44,4.59,4.21,1.95,1.89,NA,NA,NA,2.46,2.47,2.53,1.11,0.94,0.92,3.27,3.23,3.24,1.6,1.58,FALSE,FALSE,FALSE,FALSE,FALSE,FALSE,FALSE,FALSE,FALSE,FALSE,NA,NA,FALSE,FALSE,FALSE,FALSE,FALSE,FALSE,FALSE,FALSE,FALSE,FALSE,FALSE,FALSE,FALSE,FALSE,FALSE,FALSE,FALSE,FALSE,FALSE,FALSE,FALSE,FALSE,FALSE,NA,NA,NA,FALSE,FALSE,FALSE,FALSE,FALSE,FALSE,FALSE,FALSE,FALSE,FALSE,FALSE
825,2.89,2.82,2.06,2.21,2.24,1.29,1.24,0.83,1.23,1.37,NA,NA,1.36,1.35,1.37,1.49,1.47,0.7,0.68,0.67,1.11,1.1,2.98,3.07,1.23,1.31,2.93,4.17,4.18,3.98,3.35,3.47,3.28,1.71,1.71,NA,NA,NA,2.23,2.19,2.28,0.99,0.96,0.95,2.37,2.44,2.35,1.7,1.67,FALSE,FALSE,FALSE,FALSE,FALSE,FALSE,FALSE,FALSE,FALSE,FALSE,NA,NA,FALSE,FALSE,FALSE,FALSE,FALSE,FALSE,FALSE,FALSE,FALSE,FALSE,FALSE,FALSE,FALSE,FALSE,FALSE,FALSE,FALSE,FALSE,FALSE,FALSE,FALSE,FALSE,FALSE,NA,NA,NA,FALSE,FALSE,FALSE,FALSE,FALSE,FALSE,FALSE,FALSE,FALSE,FALSE,FALSE
826,2.38,2.39,1.99,2.13,2.05,1.78,1.75,0.81,1.15,1.27,NA,NA,1.16,1.25,1.07,2.03,2.05,1.03,1.07,1.1,1,0.96,4.36,4.51,1.59,1.68,4.01,3.14,3.13,3.11,3.57,3.38,3.62,2,2.01,NA,NA,NA,1.94,2.19,2.11,1.15,0.99,1.02,2.19,2.19,2.13,1.67,1.65,FALSE,FALSE,FALSE,FALSE,FALSE,FALSE,FALSE,FALSE,FALSE,FALSE,NA,NA,FALSE,FALSE,FALSE,FALSE,FALSE,FALSE,FALSE,FALSE,FALSE,FALSE,FALSE,FALSE,FALSE,FALSE,FALSE,FALSE,FALSE,FALSE,FALSE,FALSE,FALSE,FALSE,FALSE,NA,NA,NA,FALSE,FALSE,FALSE,FALSE,FALSE,FALSE,FALSE,FALSE,FALSE,FALSE,FALSE
827,2.24,2.3,1.88,1.63,1.63,1.73,1.73,0.73,1.06,1.13,NA,NA,0.97,1.05,1.02,2.13,2.19,0.81,0.91,0.88,0.78,0.83,3.07,3.22,1.69,1.72,2.81,4.31,4.31,4.08,3.19,3.67,2.96,1.44,1.46,NA,NA,NA,1.3,1.41,1.37,0.87,0.75,0.76,2.76,2.77,2.77,1.7,1.71,FALSE,FALSE,FALSE,FALSE,FALSE,FALSE,FALSE,FALSE,FALSE,FALSE,NA,NA,FALSE,FALSE,FALSE,FALSE,FALSE,FALSE,FALSE,FALSE,FALSE,FALSE,FALSE,FALSE,FALSE,FALSE,FALSE,FALSE,FALSE,FALSE,FALSE,FALSE,FALSE,FALSE,FALSE,NA,NA,NA,FALSE,FALSE,FALSE,FALSE,FALSE,FALSE,FALSE,FALSE,FALSE,FALSE,FALSE
828,2.26,2.34,1.56,1.09,1.09,1.68,1.68,0.85,1.02,1.08,NA,NA,1.25,1.12,1.22,2.16,2.22,0.79,0.84,0.82,0.78,0.77,4.25,4.28,2.07,2.17,4.1,3.25,3.25,3.15,3.12,3.01,3.02,1.5,1.61,NA,NA,NA,1.89,2.11,1.97,0.7,0.64,0.65,2.23,2.25,2.22,1.75,1.76,FALSE,FALSE,FALSE,FALSE,FALSE,FALSE,FALSE,FALSE,FALSE,FALSE,NA,NA,FALSE,FALSE,FALSE,FALSE,FALSE,FALSE,FALSE,FALSE,FALSE,FALSE,FALSE,FALSE,FALSE,FALSE,FALSE,FALSE,FALSE,FALSE,FALSE,FALSE,FALSE,FALSE,FALSE,NA,NA,NA,FALSE,FALSE,FALSE,FALSE,FALSE,FALSE,FALSE,FALSE,FALSE,FALSE,FALSE
829,3.09,3.11,1.77,1.53,1.46,2,2.03,0.88,0.98,1.05,NA,NA,1.16,1.15,1.31,2.75,2.71,1.29,1.28,1.23,0.82,0.83,4.77,4.92,2.5,2.56,5,3.47,3.48,3.51,3.7,3.45,3.9,2.04,2.06,NA,NA,NA,2.21,2.55,2.28,0.76,0.76,0.77,4.5,4.49,4.31,2.17,2.17,FALSE,FALSE,FALSE,FALSE,FALSE,FALSE,FALSE,FALSE,FALSE,FALSE,NA,NA,FALSE,FALSE,FALSE,FALSE,FALSE,FALSE,FALSE,FALSE,FALSE,FALSE,FALSE,FALSE,FALSE,FALSE,FALSE,FALSE,FALSE,FALSE,FALSE,FALSE,FALSE,FALSE,FALSE,NA,NA,NA,FALSE,FALSE,FALSE,FALSE,FALSE,FALSE,FALSE,FALSE,FALSE,FALSE,FALSE
830,1.55,1.54,1.97,1.55,1.58,1.36,1.28,0.91,1.21,1.21,NA,NA,1.98,1.64,2.06,2.31,2.31,0.78,0.74,0.76,0.71,0.67,3.71,3.35,2.01,2.02,3.5,1.94,1.94,1.93,3.24,2.8,3.26,1.93,1.95,NA,NA,NA,1.64,1.81,1.68,0.68,0.69,0.7,2.69,2.91,2.69,2.01,2.01,FALSE,FALSE,FALSE,FALSE,FALSE,FALSE,FALSE,FALSE,FALSE,FALSE,NA,NA,FALSE,FALSE,FALSE,FALSE,FALSE,FALSE,FALSE,FALSE,FALSE,FALSE,FALSE,FALSE,FALSE,FALSE,FALSE,FALSE,FALSE,FALSE,FALSE,FALSE,FALSE,FALSE,FALSE,NA,NA,NA,FALSE,FALSE,FALSE,FALSE,FALSE,FALSE,FALSE,FALSE,FALSE,FALSE,FALSE
831,1.99,2.02,1.57,1.43,1.45,2.44,2.28,0.86,1.3,1.12,NA,NA,2.68,2.48,2.95,2.02,2.03,1.2,0.89,0.93,0.56,0.56,0.66,0.5,1.65,1.67,0.59,2.09,2.09,2.25,3.45,3,3.53,1.99,1.99,NA,NA,NA,1.87,2.06,1.95,0.56,0.54,0.55,3.26,2.9,2.73,1.86,1.86,FALSE,FALSE,FALSE,FALSE,FALSE,FALSE,FALSE,FALSE,FALSE,FALSE,NA,NA,FALSE,FALSE,FALSE,FALSE,FALSE,FALSE,FALSE,FALSE,FALSE,FALSE,FALSE,FALSE,FALSE,FALSE,FALSE,FALSE,FALSE,FALSE,FALSE,FALSE,FALSE,FALSE,FALSE,NA,NA,NA,FALSE,FALSE,FALSE,FALSE,FALSE,FALSE,FALSE,FALSE,FALSE,FALSE,FALSE
832,2.02,1.99,1.51,1.16,1.47,1.68,1.76,0.86,1.19,1.21,NA,NA,2.23,2.21,2.35,1.84,1.84,0.88,0.72,0.67,0.54,0.57,0.69,0.86,1.72,1.65,0.75,2.15,2.14,2.19,2.12,2.2,2.21,1.32,1.3,NA,NA,NA,1.12,1.33,1.24,0.65,0.63,0.63,3.26,3.35,3.53,1.73,1.72,FALSE,FALSE,FALSE,FALSE,FALSE,FALSE,FALSE,FALSE,FALSE,FALSE,NA,NA,FALSE,FALSE,FALSE,FALSE,FALSE,FALSE,FALSE,FALSE,FALSE,FALSE,FALSE,FALSE,FALSE,FALSE,FALSE,FALSE,FALSE,FALSE,FALSE,FALSE,FALSE,FALSE,FALSE,NA,NA,NA,FALSE,FALSE,FALSE,FALSE,FALSE,FALSE,FALSE,FALSE,FALSE,FALSE,FALSE
833,1.76,1.76,1.39,1.13,0.94,1.63,1.7,0.61,0.91,0.86,NA,NA,1.78,1.78,1.9,1.25,1.26,1.11,0.88,0.81,0.44,0.43,0.74,0.8,1.63,1.6,0.82,1.68,1.69,1.76,2.49,2.67,2.41,1.78,1.81,NA,NA,NA,1.17,1.36,1.25,0.44,0.47,0.49,1.91,2.04,2.25,1.1,1.1,FALSE,FALSE,FALSE,FALSE,FALSE,FALSE,FALSE,FALSE,FALSE,FALSE,NA,NA,FALSE,FALSE,FALSE,FALSE,FALSE,FALSE,FALSE,FALSE,FALSE,FALSE,FALSE,FALSE,FALSE,FALSE,FALSE,FALSE,FALSE,FALSE,FALSE,FALSE,FALSE,FALSE,FALSE,NA,NA,NA,FALSE,FALSE,FALSE,FALSE,FALSE,FALSE,FALSE,FALSE,FALSE,FALSE,FALSE
834,1.98,1.97,1.16,1.03,1.04,1.83,1.95,0.81,0.87,0.81,NA,NA,2.06,2.11,2.08,1.55,1.59,1.01,0.76,0.78,0.59,0.59,0.8,0.86,1.79,1.79,0.9,1.67,1.67,1.63,2.94,2.69,2.99,2.13,2.09,NA,NA,NA,0.86,0.99,0.88,0.57,0.54,0.54,1.61,1.82,1.86,1.34,1.34,FALSE,FALSE,FALSE,FALSE,FALSE,FALSE,FALSE,FALSE,FALSE,FALSE,NA,NA,FALSE,FALSE,FALSE,FALSE,FALSE,FALSE,FALSE,FALSE,FALSE,FALSE,FALSE,FALSE,FALSE,FALSE,FALSE,FALSE,FALSE,FALSE,FALSE,FALSE,FALSE,FALSE,FALSE,NA,NA,NA,FALSE,FALSE,FALSE,FALSE,FALSE,FALSE,FALSE,FALSE,FALSE,FALSE,FALSE
835,1.69,1.72,1.43,1.26,1.21,1.86,1.75,0.76,0.91,0.77,NA,NA,2.35,2.47,2.45,1.75,1.75,1.09,1.05,1.02,0.59,0.56,0.92,0.95,2.4,2.39,0.96,1.66,1.66,1.95,3.63,3.32,3.57,1.95,1.96,NA,NA,NA,1.26,1.35,1.25,0.58,0.58,0.59,1.88,2.05,2.38,1.59,1.58,FALSE,FALSE,FALSE,FALSE,FALSE,FALSE,FALSE,FALSE,FALSE,FALSE,NA,NA,FALSE,FALSE,FALSE,FALSE,FALSE,FALSE,FALSE,FALSE,FALSE,FALSE,FALSE,FALSE,FALSE,FALSE,FALSE,FALSE,FALSE,FALSE,FALSE,FALSE,FALSE,FALSE,FALSE,NA,NA,NA,FALSE,FALSE,FALSE,FALSE,FALSE,FALSE,FALSE,FALSE,FALSE,FALSE,FALSE
836,2.18,2.16,2.1,1.86,1.81,1.97,2.09,0.84,1.03,0.99,NA,NA,2.15,2.21,1.97,1.8,1.8,1.9,1.59,1.63,0.84,0.8,1.26,1.23,2.33,2.37,1.33,2.24,2.23,2.42,4.07,3.42,3.97,2.11,2.13,NA,NA,NA,1.71,1.78,1.69,0.67,0.65,0.68,2.33,2.64,3.03,1.87,1.86,FALSE,FALSE,FALSE,FALSE,FALSE,FALSE,FALSE,FALSE,FALSE,FALSE,NA,NA,FALSE,FALSE,FALSE,FALSE,FALSE,FALSE,FALSE,FALSE,FALSE,FALSE,FALSE,FALSE,FALSE,FALSE,FALSE,FALSE,FALSE,FALSE,FALSE,FALSE,FALSE,FALSE,FALSE,NA,NA,NA,FALSE,FALSE,FALSE,FALSE,FALSE,FALSE,FALSE,FALSE,FALSE,FALSE,FALSE
837,2.33,2.31,1.88,1.76,1.76,1.75,1.72,0.79,1.05,0.84,NA,NA,1.7,1.72,1.56,2.33,2.33,1.26,1.24,1.22,0.73,0.8,1,0.94,2.38,2.41,1.08,2.09,2.1,2.16,4.38,3.37,4.16,2.18,2.2,NA,NA,NA,1.89,1.89,1.88,0.61,0.76,0.71,1.81,2.34,2.64,1.86,1.85,FALSE,FALSE,FALSE,FALSE,FALSE,FALSE,FALSE,FALSE,FALSE,FALSE,NA,NA,FALSE,FALSE,FALSE,FALSE,FALSE,FALSE,FALSE,FALSE,FALSE,FALSE,FALSE,FALSE,FALSE,FALSE,FALSE,FALSE,FALSE,FALSE,FALSE,FALSE,FALSE,FALSE,FALSE,NA,NA,NA,FALSE,FALSE,FALSE,FALSE,FALSE,FALSE,FALSE,FALSE,FALSE,FALSE,FALSE
838,2.51,2.56,1.95,1.98,1.95,1.48,1.46,0.85,0.96,0.88,NA,NA,1.5,1.76,1.58,2.2,2.21,1.22,1.1,1.18,0.68,0.69,1.47,1.47,2.23,2.25,1.66,2.07,2.08,2.19,4.56,3.81,4.68,2.06,2.04,NA,NA,NA,1.8,1.83,1.91,0.65,0.61,0.65,2.59,3.51,3.79,1.85,1.84,FALSE,FALSE,FALSE,FALSE,FALSE,FALSE,FALSE,FALSE,FALSE,FALSE,NA,NA,FALSE,FALSE,FALSE,FALSE,FALSE,FALSE,FALSE,FALSE,FALSE,FALSE,FALSE,FALSE,FALSE,FALSE,FALSE,FALSE,FALSE,FALSE,FALSE,FALSE,FALSE,FALSE,FALSE,NA,NA,NA,FALSE,FALSE,FALSE,FALSE,FALSE,FALSE,FALSE,FALSE,FALSE,FALSE,FALSE
839,2.22,2.23,1.47,1.51,1.57,1.58,1.58,0.83,0.89,0.88,NA,NA,1.61,1.6,1.56,2.01,1.98,0.91,0.73,0.69,0.59,0.56,1.21,1.22,1.58,1.6,1.33,2.32,2.31,2.51,3.16,2.92,2.97,1.45,1.43,NA,NA,NA,1.33,1.33,1.29,0.52,0.61,0.63,2.68,4.21,4.06,1.74,1.73,FALSE,FALSE,FALSE,FALSE,FALSE,FALSE,FALSE,FALSE,FALSE,FALSE,NA,NA,FALSE,FALSE,FALSE,FALSE,FALSE,FALSE,FALSE,FALSE,FALSE,FALSE,FALSE,FALSE,FALSE,FALSE,FALSE,FALSE,FALSE,FALSE,FALSE,FALSE,FALSE,FALSE,FALSE,NA,NA,NA,FALSE,FALSE,FALSE,FALSE,FALSE,FALSE,FALSE,FALSE,FALSE,FALSE,FALSE
840,3.87,3.87,1.9,1.92,1.77,1.98,1.95,0.97,1.06,0.96,NA,NA,2.05,2.15,2.26,1.91,1.85,1.4,1.14,1.09,0.68,0.7,2.57,2.65,2.37,2.41,2.69,3.17,3.17,3.34,3.52,3.71,3.41,2.37,2.35,NA,NA,NA,2.47,2.46,2.17,0.67,0.68,0.75,3.65,5.49,5.47,1.86,1.85,FALSE,FALSE,FALSE,FALSE,FALSE,FALSE,FALSE,FALSE,FALSE,FALSE,NA,NA,FALSE,FALSE,FALSE,FALSE,FALSE,FALSE,FALSE,FALSE,FALSE,FALSE,FALSE,FALSE,FALSE,FALSE,FALSE,FALSE,FALSE,FALSE,FALSE,FALSE,FALSE,FALSE,FALSE,NA,NA,NA,FALSE,FALSE,FALSE,FALSE,FALSE,FALSE,FALSE,FALSE,FALSE,FALSE,FALSE
841,3.71,3.86,1.73,1.74,1.74,2.09,1.99,1.12,1.33,1.23,NA,NA,2.13,2.46,2.07,2.31,2.5,1.4,1.48,1.41,0.99,0.99,2.95,3.03,3.05,3.08,2.95,3.33,3.33,3.35,3.4,3.23,3.32,2.23,2.24,NA,NA,NA,2.18,2.2,2.14,0.94,1.07,1.14,4.09,5.48,5.46,1.9,1.92,FALSE,FALSE,FALSE,FALSE,FALSE,FALSE,FALSE,FALSE,FALSE,FALSE,NA,NA,FALSE,FALSE,FALSE,FALSE,FALSE,FALSE,FALSE,FALSE,FALSE,FALSE,FALSE,FALSE,FALSE,FALSE,FALSE,FALSE,FALSE,FALSE,FALSE,FALSE,FALSE,FALSE,FALSE,NA,NA,NA,FALSE,FALSE,FALSE,FALSE,FALSE,FALSE,FALSE,FALSE,FALSE,FALSE,FALSE
842,3.07,3.15,1.72,1.6,1.69,1.57,1.54,1.01,1.11,1,NA,NA,1.77,1.58,1.94,2.27,2.27,0.91,0.97,0.95,0.98,0.97,2.56,2.52,1.79,1.79,2.69,2.48,2.38,2.41,2.12,1.9,2.37,1.78,1.8,NA,NA,NA,1.75,1.8,1.62,1.32,1.32,1.33,3.23,4.32,4.24,1.55,1.55,FALSE,FALSE,FALSE,FALSE,FALSE,FALSE,FALSE,FALSE,FALSE,FALSE,NA,NA,FALSE,FALSE,FALSE,FALSE,FALSE,FALSE,FALSE,FALSE,FALSE,FALSE,FALSE,FALSE,FALSE,FALSE,FALSE,FALSE,FALSE,FALSE,FALSE,FALSE,FALSE,FALSE,FALSE,NA,NA,NA,FALSE,FALSE,FALSE,FALSE,FALSE,FALSE,FALSE,FALSE,FALSE,FALSE,FALSE
843,2.47,2.62,0.97,0.85,0.88,1.41,1.36,0.6,0.71,0.72,NA,NA,1.49,1.26,1.65,1.44,1.42,0.77,0.87,0.88,0.75,0.75,2.33,2.22,2.04,2.05,2.29,1.42,1.54,1.78,1.72,1.6,2.31,1.27,1.23,NA,NA,NA,0.91,0.88,0.88,0.6,0.56,0.59,2.37,2.94,2.9,1.16,1.14,FALSE,FALSE,FALSE,FALSE,FALSE,FALSE,FALSE,FALSE,FALSE,FALSE,NA,NA,FALSE,FALSE,FALSE,FALSE,FALSE,FALSE,FALSE,FALSE,FALSE,FALSE,FALSE,FALSE,FALSE,FALSE,FALSE,FALSE,FALSE,FALSE,FALSE,FALSE,FALSE,FALSE,FALSE,NA,NA,NA,FALSE,FALSE,FALSE,FALSE,FALSE,FALSE,FALSE,FALSE,FALSE,FALSE,FALSE
844,2.3,2.54,2.06,2.33,2.26,1.69,1.63,0.68,0.77,0.92,NA,NA,2.47,2.57,2.72,2.1,2.1,0.85,0.85,0.82,0.94,0.94,2.78,2.9,2.22,2.2,2.69,2.38,2.37,2.53,3.61,2.91,4.72,2.08,2.19,NA,NA,NA,1.3,1.27,1.19,0.66,0.66,0.66,2.55,3.2,3.01,1.51,1.53,FALSE,FALSE,FALSE,FALSE,FALSE,FALSE,FALSE,FALSE,FALSE,FALSE,NA,NA,FALSE,FALSE,FALSE,FALSE,FALSE,FALSE,FALSE,FALSE,FALSE,FALSE,FALSE,FALSE,FALSE,FALSE,FALSE,FALSE,FALSE,FALSE,FALSE,FALSE,FALSE,FALSE,FALSE,NA,NA,NA,FALSE,FALSE,FALSE,FALSE,FALSE,FALSE,FALSE,FALSE,FALSE,FALSE,FALSE
845,2.7,2.77,1.98,1.93,1.88,1.75,1.76,0.79,0.77,0.73,NA,NA,2.48,2.5,2.58,2.31,2.23,1.24,1.33,1.25,0.94,0.93,2.75,2.76,2.51,2.51,2.64,2.4,2.39,2.27,3.28,3,4,1.79,1.9,NA,NA,NA,2.11,2.15,2.02,0.73,0.7,0.71,2.22,2.67,2.61,1.56,1.56,FALSE,FALSE,FALSE,FALSE,FALSE,FALSE,FALSE,FALSE,FALSE,FALSE,NA,NA,FALSE,FALSE,FALSE,FALSE,FALSE,FALSE,FALSE,FALSE,FALSE,FALSE,FALSE,FALSE,FALSE,FALSE,FALSE,FALSE,FALSE,FALSE,FALSE,FALSE,FALSE,FALSE,FALSE,NA,NA,NA,FALSE,FALSE,FALSE,FALSE,FALSE,FALSE,FALSE,FALSE,FALSE,FALSE,FALSE
846,2.84,2.77,2.15,2.12,2.11,2.02,1.92,1.03,0.96,0.91,NA,NA,3.59,3.26,3.6,2.65,2.73,1.82,1.73,1.77,0.99,0.96,2.49,2.5,2.2,2.22,2.53,3,2.99,3.06,3.92,4.23,4.03,1.94,2.04,NA,NA,NA,1.73,1.75,1.62,0.88,0.81,0.9,4.05,3.68,3.45,1.7,1.74,FALSE,FALSE,FALSE,FALSE,FALSE,FALSE,FALSE,FALSE,FALSE,FALSE,NA,NA,FALSE,FALSE,FALSE,FALSE,FALSE,FALSE,FALSE,FALSE,FALSE,FALSE,FALSE,FALSE,FALSE,FALSE,FALSE,FALSE,FALSE,FALSE,FALSE,FALSE,FALSE,FALSE,FALSE,NA,NA,NA,FALSE,FALSE,FALSE,FALSE,FALSE,FALSE,FALSE,FALSE,FALSE,FALSE,FALSE
847,2.11,2.02,2.05,1.95,1.94,2.08,2.05,1.09,0.96,1.05,NA,NA,3.54,3.12,3.51,2.2,2.1,1.19,1.2,1.29,0.83,0.86,2.12,2.17,2.01,2.01,2.14,1.93,1.93,1.94,2.42,2.32,2.68,1.45,1.53,NA,NA,NA,1.26,1.3,1.26,0.84,0.78,0.89,2.95,3,2.95,1.61,1.57,FALSE,FALSE,FALSE,FALSE,FALSE,FALSE,FALSE,FALSE,FALSE,FALSE,NA,NA,FALSE,FALSE,FALSE,FALSE,FALSE,FALSE,FALSE,FALSE,FALSE,FALSE,FALSE,FALSE,FALSE,FALSE,FALSE,FALSE,FALSE,FALSE,FALSE,FALSE,FALSE,FALSE,FALSE,NA,NA,NA,FALSE,FALSE,FALSE,FALSE,FALSE,FALSE,FALSE,FALSE,FALSE,FALSE,FALSE
848,1.99,1.93,2.1,2.64,2.64,2,2.02,1.05,0.92,1.01,NA,NA,2.86,2.88,2.85,1.02,1.06,1.04,1.15,1.17,1.16,1.1,1.52,1.46,2.06,2.06,1.67,1.91,1.89,1.85,1.58,1.6,1.8,1.16,1.25,NA,NA,NA,1.24,1.21,1.17,0.71,0.74,0.74,2.33,2.35,2.35,1.24,1.25,FALSE,FALSE,FALSE,FALSE,FALSE,FALSE,FALSE,FALSE,FALSE,FALSE,NA,NA,FALSE,FALSE,FALSE,FALSE,FALSE,FALSE,FALSE,FALSE,FALSE,FALSE,FALSE,FALSE,FALSE,FALSE,FALSE,FALSE,FALSE,FALSE,FALSE,FALSE,FALSE,FALSE,FALSE,NA,NA,NA,FALSE,FALSE,FALSE,FALSE,FALSE,FALSE,FALSE,FALSE,FALSE,FALSE,FALSE
849,1.99,1.96,2.29,2.62,2.68,1.72,1.73,1.11,1.05,1.12,NA,NA,2.92,2.88,3.03,0.88,0.87,0.78,1.03,1.05,1.03,1.04,1.91,2,1.97,1.95,2.02,2.1,2.11,2.01,1.79,1.87,1.56,1.45,1.38,NA,NA,NA,1.18,1.21,1.2,0.79,0.82,0.74,2.68,2.95,2.88,1.15,1.15,FALSE,FALSE,FALSE,FALSE,FALSE,FALSE,FALSE,FALSE,FALSE,FALSE,NA,NA,FALSE,FALSE,FALSE,FALSE,FALSE,FALSE,FALSE,FALSE,FALSE,FALSE,FALSE,FALSE,FALSE,FALSE,FALSE,FALSE,FALSE,FALSE,FALSE,FALSE,FALSE,FALSE,FALSE,NA,NA,NA,FALSE,FALSE,FALSE,FALSE,FALSE,FALSE,FALSE,FALSE,FALSE,FALSE,FALSE
850,2.26,2.4,1.76,1.67,1.67,1.59,1.59,0.8,0.99,0.89,NA,NA,2.53,2.25,2.6,1.04,1.03,0.9,1.15,1.11,1.01,1.03,2.08,2.09,2.22,2.13,2.12,2.01,2.01,2.06,1.88,2.09,2.03,1.88,1.83,NA,NA,NA,1.2,1.23,1.2,0.72,0.73,0.78,3.62,3.6,3.63,0.97,0.98,FALSE,FALSE,FALSE,FALSE,FALSE,FALSE,FALSE,FALSE,FALSE,FALSE,NA,NA,FALSE,FALSE,FALSE,FALSE,FALSE,FALSE,FALSE,FALSE,FALSE,FALSE,FALSE,FALSE,FALSE,FALSE,FALSE,FALSE,FALSE,FALSE,FALSE,FALSE,FALSE,FALSE,FALSE,NA,NA,NA,FALSE,FALSE,FALSE,FALSE,FALSE,FALSE,FALSE,FALSE,FALSE,FALSE,FALSE
851,2.12,2.16,2.13,1.99,1.98,1.5,1.54,0.84,1.06,0.99,NA,NA,3,2.55,2.86,1.28,1.29,0.75,0.96,1.02,1.1,1.11,3.07,3.27,2.38,2.4,2.97,2.42,2.43,2.41,3.12,3.14,3.41,2.61,2.52,6.07,6.15,6.11,1.86,1.89,1.88,1.29,1.32,1.27,5.11,4.87,5.19,0.82,0.83,FALSE,FALSE,FALSE,FALSE,FALSE,FALSE,FALSE,FALSE,FALSE,FALSE,NA,NA,FALSE,FALSE,FALSE,FALSE,FALSE,FALSE,FALSE,FALSE,FALSE,FALSE,FALSE,FALSE,FALSE,FALSE,FALSE,FALSE,FALSE,FALSE,FALSE,FALSE,FALSE,FALSE,FALSE,TRUE,TRUE,TRUE,FALSE,FALSE,FALSE,FALSE,FALSE,FALSE,FALSE,FALSE,FALSE,FALSE,FALSE
852,2.04,1.87,2,1.87,1.9,1.6,1.61,0.93,0.96,0.91,NA,NA,2.78,2.6,2.66,1.47,1.46,0.82,0.85,0.89,1.08,1.09,3.07,3.2,1.94,1.94,2.9,2.33,2.34,2.38,3.52,3.37,4.3,2.66,2.55,5.23,5.45,5.29,2.07,2.03,2.01,0.93,0.91,0.92,4.62,4.67,4.71,0.88,0.89,FALSE,FALSE,FALSE,FALSE,FALSE,FALSE,FALSE,FALSE,FALSE,FALSE,NA,NA,FALSE,FALSE,FALSE,FALSE,FALSE,FALSE,FALSE,FALSE,FALSE,FALSE,FALSE,FALSE,FALSE,FALSE,FALSE,FALSE,FALSE,FALSE,FALSE,FALSE,FALSE,FALSE,FALSE,FALSE,FALSE,FALSE,FALSE,FALSE,FALSE,FALSE,FALSE,FALSE,FALSE,FALSE,FALSE,FALSE,FALSE
853,1.38,1.43,1.54,1.31,1.4,0.93,0.86,0.72,0.75,0.76,NA,NA,2.23,2.03,2.25,1.32,1.32,0.83,0.72,0.69,0.91,0.89,2.45,2.4,1.55,1.54,2.37,1.58,1.58,1.59,2.12,1.65,1.91,1.82,1.77,3.43,3.56,3.43,1.17,1.15,1.17,0.58,0.65,0.57,2,2.14,2.06,0.86,0.87,FALSE,FALSE,FALSE,FALSE,FALSE,FALSE,FALSE,FALSE,FALSE,FALSE,NA,NA,FALSE,FALSE,FALSE,FALSE,FALSE,FALSE,FALSE,FALSE,FALSE,FALSE,FALSE,FALSE,FALSE,FALSE,FALSE,FALSE,FALSE,FALSE,FALSE,FALSE,FALSE,FALSE,FALSE,FALSE,FALSE,FALSE,FALSE,FALSE,FALSE,FALSE,FALSE,FALSE,FALSE,FALSE,FALSE,FALSE,FALSE
854,1.84,1.81,2.31,3.05,3.08,1.73,1.54,0.83,0.9,0.8,NA,NA,2.81,2.48,2.9,1.62,1.62,0.73,0.79,0.81,1.23,1.23,1.87,1.88,1.22,1.23,1.76,1.9,1.89,1.9,2.38,2.16,2.74,1.71,1.68,4.44,4.41,4.47,1.4,1.51,1.42,0.63,0.65,0.67,2.07,2,2.24,0.88,0.89,FALSE,FALSE,FALSE,FALSE,FALSE,FALSE,FALSE,FALSE,FALSE,FALSE,NA,NA,FALSE,FALSE,FALSE,FALSE,FALSE,FALSE,FALSE,FALSE,FALSE,FALSE,FALSE,FALSE,FALSE,FALSE,FALSE,FALSE,FALSE,FALSE,FALSE,FALSE,FALSE,FALSE,FALSE,FALSE,FALSE,FALSE,FALSE,FALSE,FALSE,FALSE,FALSE,FALSE,FALSE,FALSE,FALSE,FALSE,FALSE
855,1.73,1.76,2.26,3.05,3.07,1.87,1.9,0.69,0.72,0.62,NA,NA,2.36,1.98,2.36,1.6,1.6,1.02,0.98,0.99,1.01,1.03,2.12,2.1,1.37,1.39,2.23,1.97,1.97,2,2.56,2.6,3.67,1.92,1.93,3.74,3.78,3.73,1.37,1.38,1.34,0.63,0.64,0.6,1.8,1.81,1.84,0.81,0.79,FALSE,FALSE,FALSE,FALSE,FALSE,FALSE,FALSE,FALSE,FALSE,FALSE,NA,NA,FALSE,FALSE,FALSE,FALSE,FALSE,FALSE,FALSE,FALSE,FALSE,FALSE,FALSE,FALSE,FALSE,FALSE,FALSE,FALSE,FALSE,FALSE,FALSE,FALSE,FALSE,FALSE,FALSE,FALSE,FALSE,FALSE,FALSE,FALSE,FALSE,FALSE,FALSE,FALSE,FALSE,FALSE,FALSE,FALSE,FALSE
856,1.11,1.12,1.26,2.43,2.46,0.9,0.9,0.6,0.71,0.66,NA,NA,2.04,1.8,2.06,1.18,1.14,0.6,0.61,0.57,0.91,0.91,1.59,1.5,1.13,1.14,1.6,1.02,1.01,1.02,1.87,1.91,2.83,1.63,1.71,2.97,3.1,3,1.68,1.64,1.61,0.68,0.62,0.67,0.92,0.89,0.9,0.66,0.67,FALSE,FALSE,FALSE,FALSE,FALSE,FALSE,FALSE,FALSE,FALSE,FALSE,NA,NA,FALSE,FALSE,FALSE,FALSE,FALSE,FALSE,FALSE,FALSE,FALSE,FALSE,FALSE,FALSE,FALSE,FALSE,FALSE,FALSE,FALSE,FALSE,FALSE,FALSE,FALSE,FALSE,FALSE,FALSE,FALSE,FALSE,FALSE,FALSE,FALSE,FALSE,FALSE,FALSE,FALSE,FALSE,FALSE,FALSE,FALSE
857,1.22,1.22,1.34,2.64,2.69,1.18,1.19,0.46,0.61,0.56,NA,NA,2.21,1.9,2.2,1.06,1.07,0.68,0.77,0.81,NA,NA,1.83,1.95,1.47,1.46,1.85,1,1.02,1,1.94,1.75,2.66,1.58,1.66,3.59,3.66,3.59,1.64,1.67,1.6,0.6,0.59,0.58,0.94,0.82,0.83,0.53,0.53,FALSE,FALSE,FALSE,FALSE,FALSE,FALSE,FALSE,FALSE,FALSE,FALSE,NA,NA,FALSE,FALSE,FALSE,FALSE,FALSE,FALSE,FALSE,FALSE,NA,NA,FALSE,FALSE,FALSE,FALSE,FALSE,FALSE,FALSE,FALSE,FALSE,FALSE,FALSE,FALSE,FALSE,FALSE,FALSE,FALSE,FALSE,FALSE,FALSE,FALSE,FALSE,FALSE,FALSE,FALSE,FALSE,FALSE,FALSE
858,1.42,1.51,2.22,3.23,3.22,1.2,1.21,0.52,0.61,0.61,NA,NA,2.33,2.23,2.33,1.27,1.27,0.65,0.74,0.75,NA,NA,1.64,1.52,1.28,1.31,1.75,1.46,1.34,1.26,2.08,1.61,2.13,1.4,1.39,3.49,3.48,3.48,1.17,1.17,1.19,0.58,0.62,0.62,0.92,0.9,0.91,0.67,0.67,FALSE,FALSE,FALSE,FALSE,FALSE,FALSE,FALSE,FALSE,FALSE,FALSE,NA,NA,FALSE,FALSE,FALSE,FALSE,FALSE,FALSE,FALSE,FALSE,NA,NA,FALSE,FALSE,FALSE,FALSE,FALSE,FALSE,FALSE,FALSE,FALSE,FALSE,FALSE,FALSE,FALSE,FALSE,FALSE,FALSE,FALSE,FALSE,FALSE,FALSE,FALSE,FALSE,FALSE,FALSE,FALSE,FALSE,FALSE
859,1.6,1.58,2.65,3.42,3.45,1.49,1.5,0.55,0.46,0.58,NA,NA,2.9,2.74,2.9,1.2,1.17,0.94,0.79,0.81,NA,NA,2.18,2.19,1.28,1.27,2.26,1.47,1.58,1.55,2.12,1.66,2.35,1.41,1.41,3.37,3.31,3.38,1.53,1.46,1.45,0.85,0.8,0.8,1.15,1.27,1.14,0.7,0.7,FALSE,FALSE,FALSE,FALSE,FALSE,FALSE,FALSE,FALSE,FALSE,FALSE,NA,NA,FALSE,FALSE,FALSE,FALSE,FALSE,FALSE,FALSE,FALSE,NA,NA,FALSE,FALSE,FALSE,FALSE,FALSE,FALSE,FALSE,FALSE,FALSE,FALSE,FALSE,FALSE,FALSE,FALSE,FALSE,FALSE,FALSE,FALSE,FALSE,FALSE,FALSE,FALSE,FALSE,FALSE,FALSE,FALSE,FALSE
860,1.51,1.57,2.45,2.77,2.75,1.24,1.25,0.62,0.53,0.6,NA,NA,3.44,2.86,3.46,1.11,1.13,0.65,0.56,0.53,NA,NA,1.38,1.14,1.09,1.09,1.28,1.6,1.56,1.58,1.78,2.3,1.93,1.18,1.17,2.82,2.73,2.81,0.78,0.88,0.84,1.25,1.24,1.28,1.01,1.06,1.04,0.57,0.57,FALSE,FALSE,FALSE,FALSE,FALSE,FALSE,FALSE,FALSE,FALSE,FALSE,NA,NA,FALSE,FALSE,FALSE,FALSE,FALSE,FALSE,FALSE,FALSE,NA,NA,FALSE,FALSE,FALSE,FALSE,FALSE,FALSE,FALSE,FALSE,FALSE,FALSE,FALSE,FALSE,FALSE,FALSE,FALSE,FALSE,FALSE,FALSE,FALSE,FALSE,FALSE,FALSE,FALSE,FALSE,FALSE,FALSE,FALSE
861,1.63,1.69,3.37,3.37,3.34,1.57,1.58,0.72,0.59,0.61,NA,NA,3.65,3.7,3.74,1.22,1.22,0.96,0.69,0.66,NA,NA,1.92,1.79,1.74,1.76,1.82,1.58,1.53,1.44,3.26,3.3,3.35,1.95,1.99,3.41,3.29,3.41,1.76,1.87,1.77,1.03,0.98,1.04,0.94,0.92,0.87,0.77,0.91,FALSE,FALSE,FALSE,FALSE,FALSE,FALSE,FALSE,FALSE,FALSE,FALSE,NA,NA,FALSE,FALSE,FALSE,FALSE,FALSE,FALSE,FALSE,FALSE,NA,NA,FALSE,FALSE,FALSE,FALSE,FALSE,FALSE,FALSE,FALSE,FALSE,FALSE,FALSE,FALSE,FALSE,FALSE,FALSE,FALSE,FALSE,FALSE,FALSE,FALSE,FALSE,FALSE,FALSE,FALSE,FALSE,FALSE,FALSE
862,1.32,1.34,3.66,3.72,4.35,1.99,1.99,0.69,0.73,0.78,NA,NA,3.81,3.74,3.79,1.8,1.8,0.7,0.66,0.64,NA,NA,1.29,1.23,1.4,1.38,1.36,1.15,1.14,1.04,3.31,2.87,3.4,1.62,1.65,3.26,3.13,3.26,1.28,1.44,1.42,1.03,1.04,1.05,1.16,1.18,1.12,0.94,0.92,FALSE,FALSE,FALSE,FALSE,TRUE,FALSE,FALSE,FALSE,FALSE,FALSE,NA,NA,FALSE,FALSE,FALSE,FALSE,FALSE,FALSE,FALSE,FALSE,NA,NA,FALSE,FALSE,FALSE,FALSE,FALSE,FALSE,FALSE,FALSE,FALSE,FALSE,FALSE,FALSE,FALSE,FALSE,FALSE,FALSE,FALSE,FALSE,FALSE,FALSE,FALSE,FALSE,FALSE,FALSE,FALSE,FALSE,FALSE
863,1.54,1.56,2.53,2.97,2.29,2.29,2.3,0.6,0.75,0.7,NA,NA,2.7,2.7,2.65,1.62,1.65,1.23,0.95,1.05,NA,NA,1.54,1.52,1.62,1.63,1.48,1.35,1.27,1.2,3.06,2.81,3.05,1.81,1.78,3.91,3.77,3.92,1.48,1.45,1.45,1.46,1.43,1.5,1.14,1.19,1.1,1.08,1.05,FALSE,FALSE,FALSE,FALSE,FALSE,FALSE,FALSE,FALSE,FALSE,FALSE,NA,NA,FALSE,FALSE,FALSE,FALSE,FALSE,FALSE,FALSE,FALSE,NA,NA,FALSE,FALSE,FALSE,FALSE,FALSE,FALSE,FALSE,FALSE,FALSE,FALSE,FALSE,FALSE,FALSE,FALSE,FALSE,FALSE,FALSE,FALSE,FALSE,FALSE,FALSE,FALSE,FALSE,FALSE,FALSE,FALSE,FALSE
864,1.29,1.22,2.22,2.62,1.57,1.54,1.52,0.65,0.65,0.73,NA,NA,2.09,2.13,2.13,1.2,1.06,0.64,0.64,0.63,NA,NA,1.07,0.95,1.04,1.03,1.08,1.25,1.26,1.14,2.3,2.19,2.41,1.27,1.27,3.33,3.32,3.35,1.48,1.61,1.48,1.65,1.63,1.6,0.76,0.79,0.83,0.54,0.57,FALSE,FALSE,FALSE,FALSE,FALSE,FALSE,FALSE,FALSE,FALSE,FALSE,NA,NA,FALSE,FALSE,FALSE,FALSE,FALSE,FALSE,FALSE,FALSE,NA,NA,FALSE,FALSE,FALSE,FALSE,FALSE,FALSE,FALSE,FALSE,FALSE,FALSE,FALSE,FALSE,FALSE,FALSE,FALSE,FALSE,FALSE,FALSE,FALSE,FALSE,FALSE,FALSE,FALSE,FALSE,FALSE,FALSE,FALSE
865,1.41,1.4,2.52,4.11,1.91,2.66,2.68,0.7,0.69,0.8,NA,NA,2.86,2.83,2.81,1.49,1.49,0.85,0.88,0.87,NA,NA,1.02,0.95,1.17,1.16,1.11,1.44,1.35,1.15,3.01,2.4,3.37,1.35,1.32,3.68,3.83,3.69,1.82,1.86,1.82,1.15,1.27,1.17,0.61,0.7,0.61,0.61,0.69,FALSE,FALSE,FALSE,FALSE,FALSE,FALSE,FALSE,FALSE,FALSE,FALSE,NA,NA,FALSE,FALSE,FALSE,FALSE,FALSE,FALSE,FALSE,FALSE,NA,NA,FALSE,FALSE,FALSE,FALSE,FALSE,FALSE,FALSE,FALSE,FALSE,FALSE,FALSE,FALSE,FALSE,FALSE,FALSE,FALSE,FALSE,FALSE,FALSE,FALSE,FALSE,FALSE,FALSE,FALSE,FALSE,FALSE,FALSE
866,1.28,1.18,2.55,4.08,1.47,2,1.97,0.78,0.72,0.79,NA,NA,3.07,3.1,3.06,1.76,1.79,0.97,0.85,0.83,NA,NA,1.16,0.94,1.21,1.16,1.28,1.38,1.37,1.3,1.91,1.55,2.02,1.02,1.06,2.96,3.05,2.96,0.78,0.77,0.8,0.76,0.76,0.77,0.58,0.74,0.65,1.01,1.04,FALSE,FALSE,FALSE,FALSE,FALSE,FALSE,FALSE,FALSE,FALSE,FALSE,NA,NA,FALSE,FALSE,FALSE,FALSE,FALSE,FALSE,FALSE,FALSE,NA,NA,FALSE,FALSE,FALSE,FALSE,FALSE,FALSE,FALSE,FALSE,FALSE,FALSE,FALSE,FALSE,FALSE,FALSE,FALSE,FALSE,FALSE,FALSE,FALSE,FALSE,FALSE,FALSE,FALSE,FALSE,FALSE,FALSE,FALSE
867,1.55,1.55,3.31,4.54,2.27,2.11,2.11,1.02,0.83,0.94,NA,NA,4.01,4.03,3.92,2,2.01,0.83,0.77,0.81,NA,NA,1.64,1.61,1.48,1.41,1.55,1.37,1.38,1.29,2.53,2.31,2.81,1.57,1.63,3.58,3.63,3.58,0.7,0.7,0.7,0.56,0.52,0.56,0.73,0.8,0.7,1.01,1.14,FALSE,FALSE,FALSE,FALSE,FALSE,FALSE,FALSE,FALSE,FALSE,FALSE,NA,NA,FALSE,FALSE,FALSE,FALSE,FALSE,FALSE,FALSE,FALSE,NA,NA,FALSE,FALSE,FALSE,FALSE,FALSE,FALSE,FALSE,FALSE,FALSE,FALSE,FALSE,FALSE,FALSE,FALSE,FALSE,FALSE,FALSE,FALSE,FALSE,FALSE,FALSE,FALSE,FALSE,FALSE,FALSE,FALSE,FALSE
868,1.68,1.7,3.73,4.48,2.86,2.49,2.55,1.17,1.04,0.88,NA,NA,4.4,4.41,4.38,1.96,1.94,1.09,1.03,1.01,NA,NA,1.82,1.78,1.43,1.38,1.85,1.82,1.82,1.69,2.31,2.35,2.71,1.32,1.36,3.52,3.51,3.49,0.63,0.56,0.57,0.48,0.46,0.46,1.13,1.23,1.08,1.02,1.09,FALSE,FALSE,FALSE,FALSE,FALSE,FALSE,FALSE,FALSE,FALSE,FALSE,NA,NA,FALSE,FALSE,FALSE,FALSE,FALSE,FALSE,FALSE,FALSE,NA,NA,FALSE,FALSE,FALSE,FALSE,FALSE,FALSE,FALSE,FALSE,FALSE,FALSE,FALSE,FALSE,FALSE,FALSE,FALSE,FALSE,FALSE,FALSE,FALSE,FALSE,FALSE,FALSE,FALSE,FALSE,FALSE,FALSE,FALSE
869,1.28,1.28,2.78,3.34,2.17,1.74,1.73,1.18,1.19,0.95,NA,NA,3.31,3.3,3.32,1.22,1.18,0.72,0.73,0.66,NA,NA,1.24,1.18,0.88,0.89,1.19,1.42,1.42,1.34,1.64,1.6,1.78,0.92,0.9,2.32,2.33,2.3,0.49,0.5,0.5,0.48,0.44,0.49,0.63,0.63,0.61,1.22,1.18,FALSE,FALSE,FALSE,FALSE,FALSE,FALSE,FALSE,FALSE,FALSE,FALSE,NA,NA,FALSE,FALSE,FALSE,FALSE,FALSE,FALSE,FALSE,FALSE,NA,NA,FALSE,FALSE,FALSE,FALSE,FALSE,FALSE,FALSE,FALSE,FALSE,FALSE,FALSE,FALSE,FALSE,FALSE,FALSE,FALSE,FALSE,FALSE,FALSE,FALSE,FALSE,FALSE,FALSE,FALSE,FALSE,FALSE,FALSE
870,1.36,1.26,2.51,3.06,1.41,1.97,1.93,1.11,1.23,1.11,NA,NA,3.12,3.15,3.11,1.29,NA,0.8,0.85,0.88,NA,NA,1.4,1.41,0.86,0.89,1.37,1.24,1.24,1.23,1.5,1.31,1.61,0.81,0.89,2.17,2.22,2.27,0.72,0.64,0.79,0.67,0.62,0.65,0.76,0.75,0.7,1.18,1.18,FALSE,FALSE,FALSE,FALSE,FALSE,FALSE,FALSE,FALSE,FALSE,FALSE,NA,NA,FALSE,FALSE,FALSE,FALSE,NA,FALSE,FALSE,FALSE,NA,NA,FALSE,FALSE,FALSE,FALSE,FALSE,FALSE,FALSE,FALSE,FALSE,FALSE,FALSE,FALSE,FALSE,FALSE,FALSE,FALSE,FALSE,FALSE,FALSE,FALSE,FALSE,FALSE,FALSE,FALSE,FALSE,FALSE,FALSE
871,0.94,0.87,2.7,3.08,1.83,1.94,1.98,1.15,1.43,1.36,NA,NA,2.9,2.92,2.92,NA,NA,0.82,0.96,0.92,NA,NA,1.24,1.28,0.9,0.88,1.24,1.17,1.18,1,1.79,1.83,1.93,0.9,0.95,2.41,2.39,2.37,1.76,1.55,1.51,0.98,0.9,0.96,1.09,1.14,1.06,1.2,1.27,FALSE,FALSE,FALSE,FALSE,FALSE,FALSE,FALSE,FALSE,FALSE,FALSE,NA,NA,FALSE,FALSE,FALSE,NA,NA,FALSE,FALSE,FALSE,NA,NA,FALSE,FALSE,FALSE,FALSE,FALSE,FALSE,FALSE,FALSE,FALSE,FALSE,FALSE,FALSE,FALSE,FALSE,FALSE,FALSE,FALSE,FALSE,FALSE,FALSE,FALSE,FALSE,FALSE,FALSE,FALSE,FALSE,FALSE
872,1.24,1.16,1.97,2.21,1.79,1.54,1.57,1.36,1.62,1.4,NA,NA,2.68,2.74,2.75,NA,NA,0.76,0.9,0.82,NA,NA,1.39,1.29,1.18,1.16,1.39,1.55,1.54,1.4,1.46,1.71,1.47,0.77,0.88,2.86,2.78,2.87,1.4,1.25,1.18,0.78,0.83,0.81,0.52,0.48,0.53,1.14,1.16,FALSE,FALSE,FALSE,FALSE,FALSE,FALSE,FALSE,FALSE,FALSE,FALSE,NA,NA,FALSE,FALSE,FALSE,NA,NA,FALSE,FALSE,FALSE,NA,NA,FALSE,FALSE,FALSE,FALSE,FALSE,FALSE,FALSE,FALSE,FALSE,FALSE,FALSE,FALSE,FALSE,FALSE,FALSE,FALSE,FALSE,FALSE,FALSE,FALSE,FALSE,FALSE,FALSE,FALSE,FALSE,FALSE,FALSE
873,1.36,1.32,1.54,1.68,1.73,1.5,1.51,1.35,1.59,1.58,NA,NA,2.35,2.42,2.38,NA,NA,1.13,1.06,1,NA,NA,1.42,1.41,1.74,1.69,1.49,1.61,1.59,1.57,2.21,1.9,2.4,1.01,0.94,3.39,3.36,3.45,2.74,2.69,2.55,1.12,1.12,1.1,0.75,0.59,0.72,1.22,1.26,FALSE,FALSE,FALSE,FALSE,FALSE,FALSE,FALSE,FALSE,FALSE,FALSE,NA,NA,FALSE,FALSE,FALSE,NA,NA,FALSE,FALSE,FALSE,NA,NA,FALSE,FALSE,FALSE,FALSE,FALSE,FALSE,FALSE,FALSE,FALSE,FALSE,FALSE,FALSE,FALSE,FALSE,FALSE,FALSE,FALSE,FALSE,FALSE,FALSE,FALSE,FALSE,FALSE,FALSE,FALSE,FALSE,FALSE
874,1.41,1.38,1.74,1.71,1.95,1.43,1.45,1.41,1.6,1.49,NA,NA,2.73,2.73,2.77,NA,NA,0.77,0.76,0.73,NA,NA,1.34,1.33,1.33,1.37,1.36,1.83,1.84,1.72,1.83,1.74,2.12,1.01,1.02,3.59,3.65,3.68,2.79,2.82,2.63,1.2,1.23,1.2,0.73,0.65,0.72,1.21,1.19,FALSE,FALSE,FALSE,FALSE,FALSE,FALSE,FALSE,FALSE,FALSE,FALSE,NA,NA,FALSE,FALSE,FALSE,NA,NA,FALSE,FALSE,FALSE,NA,NA,FALSE,FALSE,FALSE,FALSE,FALSE,FALSE,FALSE,FALSE,FALSE,FALSE,FALSE,FALSE,FALSE,FALSE,FALSE,FALSE,FALSE,FALSE,FALSE,FALSE,FALSE,FALSE,FALSE,FALSE,FALSE,FALSE,FALSE
875,1.07,1.06,2.01,2.05,1.81,1.54,1.59,1.78,1.74,1.51,NA,NA,2.76,2.69,2.73,NA,NA,NA,1.17,1.15,NA,NA,1.41,1.37,1.36,1.37,1.42,1.53,1.53,1.58,1.41,1.7,1.6,0.76,0.74,4.9,4.94,4.87,2.8,2.74,2.63,1.85,1.87,1.85,0.7,0.58,0.76,0.95,0.9,FALSE,FALSE,FALSE,FALSE,FALSE,FALSE,FALSE,FALSE,FALSE,FALSE,NA,NA,FALSE,FALSE,FALSE,NA,NA,NA,FALSE,FALSE,NA,NA,FALSE,FALSE,FALSE,FALSE,FALSE,FALSE,FALSE,FALSE,FALSE,FALSE,FALSE,FALSE,FALSE,FALSE,FALSE,FALSE,FALSE,FALSE,FALSE,FALSE,FALSE,FALSE,FALSE,FALSE,FALSE,FALSE,FALSE
876,1.49,1.51,2.59,2.71,1.91,1.65,1.61,1.66,1.96,1.53,NA,NA,2.57,2.49,2.57,NA,NA,NA,NA,1.01,NA,NA,1.55,1.5,1.68,1.65,1.52,2.05,2.05,1.89,2.09,1.57,2.17,1.1,1.13,4.84,4.83,4.75,3.91,3.83,3.91,2.13,2.11,2.14,1.25,0.93,1.25,1.11,1.11,FALSE,FALSE,FALSE,FALSE,FALSE,FALSE,FALSE,FALSE,FALSE,FALSE,NA,NA,FALSE,FALSE,FALSE,NA,NA,NA,NA,FALSE,NA,NA,FALSE,FALSE,FALSE,FALSE,FALSE,FALSE,FALSE,FALSE,FALSE,FALSE,FALSE,FALSE,FALSE,FALSE,FALSE,FALSE,FALSE,FALSE,FALSE,FALSE,FALSE,FALSE,FALSE,FALSE,FALSE,FALSE,FALSE
877,NA,NA,2.11,1.62,1.79,2.99,2.57,2,2.26,1.66,NA,NA,3.48,3.39,3.47,NA,NA,NA,NA,0.78,NA,NA,2.15,2.18,1.86,1.86,2.12,1.74,1.74,1.59,2.62,2.2,2.63,1.54,1.56,5.3,5.47,5.18,2.04,1.98,1.96,1.1,1.08,1.13,1.27,1.13,1.23,1.29,1.3,NA,NA,FALSE,FALSE,FALSE,FALSE,FALSE,FALSE,TRUE,FALSE,NA,NA,FALSE,FALSE,FALSE,NA,NA,NA,NA,FALSE,NA,NA,FALSE,FALSE,FALSE,FALSE,FALSE,FALSE,FALSE,FALSE,FALSE,FALSE,FALSE,FALSE,FALSE,FALSE,FALSE,FALSE,FALSE,FALSE,FALSE,FALSE,FALSE,FALSE,FALSE,FALSE,FALSE,FALSE,FALSE
878,NA,NA,1.97,1.6,1.95,3.24,2.91,1.81,1.82,1.66,NA,NA,3.65,3.59,3.63,NA,NA,NA,NA,NA,NA,NA,1.79,1.75,1.95,1.99,1.86,2.18,2.18,1.86,3.28,2.12,3.1,1.82,1.82,4.81,4.95,4.74,1.59,1.53,1.59,2.01,1.98,2.04,2.47,2.47,2.5,1.47,1.52,NA,NA,FALSE,FALSE,FALSE,FALSE,FALSE,FALSE,FALSE,FALSE,NA,NA,FALSE,FALSE,FALSE,NA,NA,NA,NA,NA,NA,NA,FALSE,FALSE,FALSE,FALSE,FALSE,FALSE,FALSE,FALSE,FALSE,FALSE,FALSE,FALSE,FALSE,FALSE,FALSE,FALSE,FALSE,FALSE,FALSE,FALSE,FALSE,FALSE,FALSE,FALSE,FALSE,FALSE,FALSE
879,NA,NA,1.08,0.79,1.14,1.82,1.79,1.79,1.66,1.68,NA,NA,3.14,3.07,3.11,NA,NA,NA,NA,NA,NA,NA,0.94,0.89,1.18,1.19,0.98,1.52,1.53,1.36,2.27,1.35,2.14,1.14,1.14,3.67,3.27,3.06,0.96,0.9,1,2.08,1.84,2.13,0.97,1.01,1.04,0.97,0.97,NA,NA,FALSE,FALSE,FALSE,FALSE,FALSE,FALSE,FALSE,FALSE,NA,NA,FALSE,FALSE,FALSE,NA,NA,NA,NA,NA,NA,NA,FALSE,FALSE,FALSE,FALSE,FALSE,FALSE,FALSE,FALSE,FALSE,FALSE,FALSE,FALSE,FALSE,FALSE,FALSE,FALSE,FALSE,FALSE,FALSE,FALSE,FALSE,FALSE,FALSE,FALSE,FALSE,FALSE,FALSE
880,NA,NA,0.97,0.75,1.33,NA,NA,1.7,1.6,NA,NA,NA,2.81,2.82,2.81,NA,NA,NA,NA,NA,NA,NA,1.12,1.03,1.27,1.29,1.24,1.9,1.9,1.66,1.84,1.48,1.79,0.94,0.98,3.68,3.56,3.53,0.88,0.93,0.93,2.16,2.21,2.24,0.92,0.95,0.95,1.11,1.18,NA,NA,FALSE,FALSE,FALSE,NA,NA,FALSE,FALSE,NA,NA,NA,FALSE,FALSE,FALSE,NA,NA,NA,NA,NA,NA,NA,FALSE,FALSE,FALSE,FALSE,FALSE,FALSE,FALSE,FALSE,FALSE,FALSE,FALSE,FALSE,FALSE,FALSE,FALSE,FALSE,FALSE,FALSE,FALSE,FALSE,FALSE,FALSE,FALSE,FALSE,FALSE,FALSE,FALSE
881,NA,NA,1.7,1.12,2.37,NA,NA,1.55,1.49,NA,NA,NA,3.72,3.66,3.73,NA,NA,NA,NA,NA,NA,NA,1.09,1.05,1.43,1.4,0.93,1.66,1.66,1.6,1.27,1.31,1.21,0.69,0.73,3.34,3.3,3.35,1.73,1.74,1.66,1.56,1.5,1.58,1.33,1.47,1.47,1.5,1.44,NA,NA,FALSE,FALSE,FALSE,NA,NA,FALSE,FALSE,NA,NA,NA,FALSE,FALSE,FALSE,NA,NA,NA,NA,NA,NA,NA,FALSE,FALSE,FALSE,FALSE,FALSE,FALSE,FALSE,FALSE,FALSE,FALSE,FALSE,FALSE,FALSE,FALSE,FALSE,FALSE,FALSE,FALSE,FALSE,FALSE,FALSE,FALSE,FALSE,FALSE,FALSE,FALSE,FALSE
882,NA,NA,1.21,0.98,1.6,NA,NA,1.36,NA,NA,NA,NA,3.11,3.12,3.08,NA,NA,NA,NA,NA,NA,NA,1.16,1.23,1.24,1.29,1.28,1.43,1.44,1.35,1.05,1.21,1.06,0.75,0.72,2.52,2.63,2.45,1.41,1.43,1.41,0.97,1.06,1.01,0.95,1.12,1.01,NA,1.21,NA,NA,FALSE,FALSE,FALSE,NA,NA,FALSE,NA,NA,NA,NA,FALSE,FALSE,FALSE,NA,NA,NA,NA,NA,NA,NA,FALSE,FALSE,FALSE,FALSE,FALSE,FALSE,FALSE,FALSE,FALSE,FALSE,FALSE,FALSE,FALSE,FALSE,FALSE,FALSE,FALSE,FALSE,FALSE,FALSE,FALSE,FALSE,FALSE,FALSE,FALSE,NA,FALSE
883,NA,NA,1.32,1.14,1.57,NA,NA,1.67,NA,NA,NA,NA,2.76,2.82,2.79,NA,NA,NA,NA,NA,NA,NA,1.07,1.07,1.05,1.02,1.11,1.24,1.23,1.06,0.86,1.12,0.87,0.55,0.56,2.68,2.82,2.72,2.07,2.03,2.04,1.12,1.18,1.1,0.85,0.95,0.87,NA,NA,NA,NA,FALSE,FALSE,FALSE,NA,NA,FALSE,NA,NA,NA,NA,FALSE,FALSE,FALSE,NA,NA,NA,NA,NA,NA,NA,FALSE,FALSE,FALSE,FALSE,FALSE,FALSE,FALSE,FALSE,FALSE,FALSE,FALSE,FALSE,FALSE,FALSE,FALSE,FALSE,FALSE,FALSE,FALSE,FALSE,FALSE,FALSE,FALSE,FALSE,FALSE,NA,NA
884,NA,NA,2.72,2.38,3.54,NA,NA,1.66,NA,NA,NA,NA,2.94,2.89,2.94,NA,NA,NA,NA,NA,NA,NA,1.57,1.48,1.38,1.48,1.56,1.52,1.53,1.32,1.07,1.16,1.09,0.77,0.76,4.02,4.26,4.05,3.13,3.01,3.11,1.56,1.52,1.54,1.36,1.43,1.37,NA,NA,NA,NA,FALSE,FALSE,FALSE,NA,NA,FALSE,NA,NA,NA,NA,FALSE,FALSE,FALSE,NA,NA,NA,NA,NA,NA,NA,FALSE,FALSE,FALSE,FALSE,FALSE,FALSE,FALSE,FALSE,FALSE,FALSE,FALSE,FALSE,FALSE,FALSE,FALSE,FALSE,FALSE,FALSE,FALSE,FALSE,FALSE,FALSE,FALSE,FALSE,FALSE,NA,NA
885,NA,NA,1.59,1.52,2.03,NA,NA,NA,NA,NA,NA,NA,3.16,3.1,3.12,NA,NA,NA,NA,NA,NA,NA,1.49,1.15,0.99,1.05,1.36,0.87,0.87,0.91,0.07,0.03,0.06,0.05,0.06,4.07,4,4.09,2.76,2.77,2.72,1.69,1.62,1.69,1.38,1.42,1.41,NA,NA,NA,NA,FALSE,FALSE,FALSE,NA,NA,NA,NA,NA,NA,NA,FALSE,FALSE,FALSE,NA,NA,NA,NA,NA,NA,NA,FALSE,FALSE,FALSE,FALSE,FALSE,FALSE,FALSE,FALSE,FALSE,FALSE,FALSE,FALSE,FALSE,FALSE,FALSE,FALSE,FALSE,FALSE,FALSE,FALSE,FALSE,FALSE,FALSE,FALSE,FALSE,NA,NA
886,NA,NA,1.42,1.41,1.67,NA,NA,NA,NA,NA,NA,NA,4.33,4.14,4.29,NA,NA,NA,NA,NA,NA,NA,1.56,1.66,1.55,1.63,1.56,1,1,1.03,0.22,0.16,0.23,0.1,0.09,3.66,3.72,3.67,3.37,3.46,3.37,2.58,2.58,2.6,1.65,1.62,1.58,NA,NA,NA,NA,FALSE,FALSE,FALSE,NA,NA,NA,NA,NA,NA,NA,FALSE,FALSE,FALSE,NA,NA,NA,NA,NA,NA,NA,FALSE,FALSE,FALSE,FALSE,FALSE,FALSE,FALSE,FALSE,FALSE,FALSE,FALSE,FALSE,FALSE,FALSE,FALSE,FALSE,FALSE,FALSE,FALSE,FALSE,FALSE,FALSE,FALSE,FALSE,FALSE,NA,NA
887,NA,NA,1.97,1.98,2.2,NA,NA,NA,NA,NA,NA,NA,3.3,3.3,3.31,NA,NA,NA,NA,NA,NA,NA,1.17,1.21,1.1,1.15,1.18,0.74,0.75,0.74,0.25,0.27,0.25,0.06,0.07,2.8,2.79,2.83,2.84,2.97,2.84,1.95,1.95,2.01,1,1.13,1.02,NA,NA,NA,NA,FALSE,FALSE,FALSE,NA,NA,NA,NA,NA,NA,NA,FALSE,FALSE,FALSE,NA,NA,NA,NA,NA,NA,NA,FALSE,FALSE,FALSE,FALSE,FALSE,FALSE,FALSE,FALSE,FALSE,FALSE,FALSE,FALSE,FALSE,FALSE,FALSE,FALSE,FALSE,FALSE,FALSE,FALSE,FALSE,FALSE,FALSE,FALSE,FALSE,NA,NA
888,NA,NA,2.96,3.02,3.14,NA,NA,NA,NA,NA,NA,NA,2.77,2.57,2.62,NA,NA,NA,NA,NA,NA,NA,1.36,1.32,1.04,1.07,1.35,0.95,0.93,0.99,0.3,0.22,0.26,0.11,0.12,2.84,2.83,2.83,2.16,2.17,2.16,1.61,1.44,1.62,0.81,0.77,0.72,NA,NA,NA,NA,FALSE,FALSE,FALSE,NA,NA,NA,NA,NA,NA,NA,FALSE,FALSE,FALSE,NA,NA,NA,NA,NA,NA,NA,FALSE,FALSE,FALSE,FALSE,FALSE,FALSE,FALSE,FALSE,FALSE,FALSE,FALSE,FALSE,FALSE,FALSE,FALSE,FALSE,FALSE,FALSE,FALSE,FALSE,FALSE,FALSE,FALSE,FALSE,FALSE,NA,NA
889,NA,NA,3.46,3.48,3.11,NA,NA,NA,NA,NA,NA,NA,2.75,2.71,2.74,NA,NA,NA,NA,NA,NA,NA,1.77,1.74,1.28,1.31,1.8,0.88,0.92,0.99,0.3,0.16,0.27,0.12,0.11,2.58,2.46,2.51,2.39,2.4,2.37,2.03,2.07,2.06,1.04,1.07,1,NA,NA,NA,NA,FALSE,FALSE,FALSE,NA,NA,NA,NA,NA,NA,NA,FALSE,FALSE,FALSE,NA,NA,NA,NA,NA,NA,NA,FALSE,FALSE,FALSE,FALSE,FALSE,FALSE,FALSE,FALSE,FALSE,FALSE,FALSE,FALSE,FALSE,FALSE,FALSE,FALSE,FALSE,FALSE,FALSE,FALSE,FALSE,FALSE,FALSE,FALSE,FALSE,NA,NA
890,NA,NA,3.16,2.95,3.18,NA,NA,NA,NA,NA,NA,NA,2.31,2.25,2.3,NA,NA,NA,NA,NA,NA,NA,1.39,1.37,1.15,1.19,1.39,0.92,0.89,0.92,0.18,0.16,0.16,0.13,0.13,1.39,1.41,1.73,1.66,1.7,1.69,1.89,1.86,1.9,0.66,0.71,0.62,NA,NA,NA,NA,FALSE,FALSE,FALSE,NA,NA,NA,NA,NA,NA,NA,FALSE,FALSE,FALSE,NA,NA,NA,NA,NA,NA,NA,FALSE,FALSE,FALSE,FALSE,FALSE,FALSE,FALSE,FALSE,FALSE,FALSE,FALSE,FALSE,FALSE,FALSE,FALSE,FALSE,FALSE,FALSE,FALSE,FALSE,FALSE,FALSE,FALSE,FALSE,FALSE,NA,NA
891,NA,NA,1.78,1.91,1.76,NA,NA,NA,NA,NA,NA,NA,2.11,2.03,2.1,NA,NA,NA,NA,NA,NA,NA,1.51,1.42,1.13,1.17,1.55,0.71,0.77,0.71,0.22,0.24,0.19,0.15,0.14,1.96,1.94,2.04,2.21,2.27,2.22,1.84,1.76,1.91,0.72,0.79,0.68,NA,NA,NA,NA,FALSE,FALSE,FALSE,NA,NA,NA,NA,NA,NA,NA,FALSE,FALSE,FALSE,NA,NA,NA,NA,NA,NA,NA,FALSE,FALSE,FALSE,FALSE,FALSE,FALSE,FALSE,FALSE,FALSE,FALSE,FALSE,FALSE,FALSE,FALSE,FALSE,FALSE,FALSE,FALSE,FALSE,FALSE,FALSE,FALSE,FALSE,FALSE,FALSE,NA,NA
892,NA,NA,2.45,2.14,2.26,NA,NA,NA,NA,NA,NA,NA,3.07,3.05,3.1,NA,NA,NA,NA,NA,NA,NA,1.54,1.4,0.87,0.91,1.55,0.85,0.87,0.86,0.24,0.27,0.21,0.19,0.25,2.28,2.2,2.47,2.11,2.18,2.11,2.47,2.49,2.68,1.1,1.15,1.1,NA,NA,NA,NA,FALSE,FALSE,FALSE,NA,NA,NA,NA,NA,NA,NA,FALSE,FALSE,FALSE,NA,NA,NA,NA,NA,NA,NA,FALSE,FALSE,FALSE,FALSE,FALSE,FALSE,FALSE,FALSE,FALSE,FALSE,FALSE,FALSE,FALSE,FALSE,FALSE,FALSE,FALSE,FALSE,FALSE,FALSE,FALSE,FALSE,FALSE,FALSE,FALSE,NA,NA
893,NA,NA,2.38,2.1,2.37,NA,NA,NA,NA,NA,NA,NA,2.7,2.71,2.64,NA,NA,NA,NA,NA,NA,NA,1.88,1.84,1.28,1.31,1.86,0.88,0.88,0.85,0.42,0.45,0.46,0.23,0.22,2.86,2.87,2.8,2.91,2.95,2.87,3.45,3.31,3.53,1.67,1.76,1.69,NA,NA,NA,NA,FALSE,FALSE,FALSE,NA,NA,NA,NA,NA,NA,NA,FALSE,FALSE,FALSE,NA,NA,NA,NA,NA,NA,NA,FALSE,FALSE,FALSE,FALSE,FALSE,FALSE,FALSE,FALSE,FALSE,FALSE,FALSE,FALSE,FALSE,FALSE,FALSE,FALSE,FALSE,FALSE,FALSE,FALSE,FALSE,FALSE,FALSE,FALSE,FALSE,NA,NA
894,NA,NA,1.6,1.2,1.81,NA,NA,NA,NA,NA,NA,NA,2.69,2.75,2.7,NA,NA,NA,NA,NA,NA,NA,1.68,1.53,0.97,1.03,1.65,1.18,1.15,1.16,0.42,0.42,0.45,0.21,0.23,2.76,2.75,2.81,2.11,2.18,2.08,3.78,3.73,3.66,1.34,1.38,1.35,NA,NA,NA,NA,FALSE,FALSE,FALSE,NA,NA,NA,NA,NA,NA,NA,FALSE,FALSE,FALSE,NA,NA,NA,NA,NA,NA,NA,FALSE,FALSE,FALSE,FALSE,FALSE,FALSE,FALSE,FALSE,FALSE,FALSE,FALSE,FALSE,FALSE,FALSE,FALSE,FALSE,FALSE,FALSE,FALSE,FALSE,FALSE,FALSE,FALSE,FALSE,FALSE,NA,NA
895,NA,NA,2.35,2.25,2.4,NA,NA,NA,NA,NA,NA,NA,2.55,2.66,2.58,NA,NA,NA,NA,NA,NA,NA,1.71,1.71,0.96,0.99,1.71,1.03,1.09,1.08,0.52,0.48,0.52,0.33,0.35,2.96,2.93,2.89,3.98,4.06,3.96,3.1,3.24,3.18,1.33,1.5,1.37,NA,NA,NA,NA,FALSE,FALSE,FALSE,NA,NA,NA,NA,NA,NA,NA,FALSE,FALSE,FALSE,NA,NA,NA,NA,NA,NA,NA,FALSE,FALSE,FALSE,FALSE,FALSE,FALSE,FALSE,FALSE,FALSE,FALSE,FALSE,FALSE,FALSE,FALSE,FALSE,FALSE,FALSE,FALSE,FALSE,FALSE,FALSE,FALSE,FALSE,FALSE,FALSE,NA,NA
896,NA,NA,1.27,1.26,1.35,NA,NA,NA,NA,NA,NA,NA,3.08,3.14,3.13,NA,NA,NA,NA,NA,NA,NA,1.09,1.07,0.66,0.66,1.1,1.08,1.11,1.15,0.49,0.52,0.53,0.3,0.32,2.13,2.12,2.1,2.4,2.47,2.38,1.98,2,1.92,0.68,0.7,0.68,NA,NA,NA,NA,FALSE,FALSE,FALSE,NA,NA,NA,NA,NA,NA,NA,FALSE,FALSE,FALSE,NA,NA,NA,NA,NA,NA,NA,FALSE,FALSE,FALSE,FALSE,FALSE,FALSE,FALSE,FALSE,FALSE,FALSE,FALSE,FALSE,FALSE,FALSE,FALSE,FALSE,FALSE,FALSE,FALSE,FALSE,FALSE,FALSE,FALSE,FALSE,FALSE,NA,NA
897,NA,NA,0.97,0.86,1.02,NA,NA,NA,NA,NA,NA,NA,3,3.13,3.15,NA,NA,NA,NA,NA,NA,NA,1.53,1.51,0.77,0.75,1.55,0.96,0.99,0.98,0.68,0.47,0.73,0.32,0.33,2,2.03,1.94,3.62,3.66,3.61,2.61,2.38,2.33,1.04,1.29,1.06,NA,NA,NA,NA,FALSE,FALSE,FALSE,NA,NA,NA,NA,NA,NA,NA,FALSE,FALSE,FALSE,NA,NA,NA,NA,NA,NA,NA,FALSE,FALSE,FALSE,FALSE,FALSE,FALSE,FALSE,FALSE,FALSE,FALSE,FALSE,FALSE,FALSE,FALSE,FALSE,FALSE,FALSE,FALSE,FALSE,FALSE,FALSE,FALSE,FALSE,FALSE,FALSE,NA,NA
898,NA,NA,0.89,0.77,0.79,NA,NA,NA,NA,NA,NA,NA,3.32,3.35,3.44,NA,NA,NA,NA,NA,NA,NA,1.56,1.58,0.82,0.89,1.56,0.9,0.9,0.93,0.61,0.46,0.6,0.46,0.47,2.31,2.25,2.15,4.57,4.52,4.56,4.02,3.78,3.72,1.06,1.36,1.1,NA,NA,NA,NA,FALSE,FALSE,FALSE,NA,NA,NA,NA,NA,NA,NA,FALSE,FALSE,FALSE,NA,NA,NA,NA,NA,NA,NA,FALSE,FALSE,FALSE,FALSE,FALSE,FALSE,FALSE,FALSE,FALSE,FALSE,FALSE,FALSE,FALSE,FALSE,FALSE,FALSE,TRUE,TRUE,TRUE,TRUE,FALSE,FALSE,FALSE,FALSE,FALSE,NA,NA
899,NA,NA,1.02,0.76,0.89,NA,NA,NA,NA,NA,NA,NA,3.18,3.19,3.24,NA,NA,NA,NA,NA,NA,NA,1.52,1.5,0.84,0.85,1.51,0.65,0.61,0.61,0.53,0.51,0.52,0.52,0.55,2.3,2.31,2.12,3.1,3.11,3.12,3.67,3.98,4.04,1.14,1.27,1.1,NA,NA,NA,NA,FALSE,FALSE,FALSE,NA,NA,NA,NA,NA,NA,NA,FALSE,FALSE,FALSE,NA,NA,NA,NA,NA,NA,NA,FALSE,FALSE,FALSE,FALSE,FALSE,FALSE,FALSE,FALSE,FALSE,FALSE,FALSE,FALSE,FALSE,FALSE,FALSE,FALSE,FALSE,FALSE,FALSE,FALSE,TRUE,TRUE,FALSE,FALSE,FALSE,NA,NA
900,NA,NA,1.11,1.03,1.14,NA,NA,NA,NA,NA,NA,NA,2.17,2.19,2.19,NA,NA,NA,NA,NA,NA,NA,1.61,1.53,0.82,0.82,1.6,0.81,0.75,0.71,0.52,0.54,0.59,0.53,0.51,1.96,1.91,1.88,2.13,2.09,2.1,3.1,2.82,2.95,0.81,1.04,0.85,NA,NA,NA,NA,FALSE,FALSE,FALSE,NA,NA,NA,NA,NA,NA,NA,FALSE,FALSE,FALSE,NA,NA,NA,NA,NA,NA,NA,FALSE,FALSE,FALSE,FALSE,FALSE,FALSE,FALSE,FALSE,FALSE,FALSE,FALSE,FALSE,FALSE,FALSE,FALSE,FALSE,FALSE,FALSE,FALSE,FALSE,FALSE,FALSE,FALSE,FALSE,FALSE,NA,NA
901,NA,NA,0.56,0.49,0.6,NA,NA,NA,NA,NA,NA,NA,1.65,1.66,1.59,NA,NA,NA,NA,NA,NA,NA,1.23,1.24,0.84,0.81,1.22,0.68,0.66,0.7,0.38,0.38,0.43,0.43,0.39,1.54,1.49,1.44,1.64,1.62,1.61,2.27,2.27,2.33,0.73,0.73,0.68,NA,NA,NA,NA,FALSE,FALSE,FALSE,NA,NA,NA,NA,NA,NA,NA,FALSE,FALSE,FALSE,NA,NA,NA,NA,NA,NA,NA,FALSE,FALSE,FALSE,FALSE,FALSE,FALSE,FALSE,FALSE,FALSE,FALSE,FALSE,FALSE,FALSE,FALSE,FALSE,FALSE,FALSE,FALSE,FALSE,FALSE,FALSE,FALSE,FALSE,FALSE,FALSE,NA,NA
902,NA,NA,0.57,0.51,0.68,NA,NA,NA,NA,NA,NA,NA,2.19,2.23,2.18,NA,NA,NA,NA,NA,NA,NA,1.22,1.2,0.89,0.93,1.19,0.54,0.54,0.52,0.43,0.45,0.45,0.43,0.45,1.44,1.41,1.29,2.21,2.31,2.2,1.65,1.53,1.57,0.88,NA,0.94,NA,NA,NA,NA,FALSE,FALSE,FALSE,NA,NA,NA,NA,NA,NA,NA,FALSE,FALSE,FALSE,NA,NA,NA,NA,NA,NA,NA,FALSE,FALSE,FALSE,FALSE,FALSE,FALSE,FALSE,FALSE,FALSE,FALSE,FALSE,FALSE,FALSE,FALSE,FALSE,FALSE,FALSE,FALSE,FALSE,FALSE,FALSE,FALSE,FALSE,NA,FALSE,NA,NA
903,NA,NA,0.57,0.56,0.6,NA,NA,NA,NA,NA,NA,NA,2.81,2.85,2.78,NA,NA,NA,NA,NA,NA,NA,1.46,1.59,0.84,0.85,1.45,0.85,0.83,0.82,0.53,0.45,0.53,0.53,0.51,1.88,1.9,1.75,2.49,NA,2.31,1.93,1.84,1.89,1.36,NA,0.99,NA,NA,NA,NA,FALSE,FALSE,FALSE,NA,NA,NA,NA,NA,NA,NA,FALSE,FALSE,FALSE,NA,NA,NA,NA,NA,NA,NA,FALSE,FALSE,FALSE,FALSE,FALSE,FALSE,FALSE,FALSE,FALSE,FALSE,FALSE,FALSE,FALSE,FALSE,FALSE,FALSE,FALSE,NA,FALSE,FALSE,FALSE,FALSE,FALSE,NA,FALSE,NA,NA
904,NA,NA,0.57,0.59,0.64,NA,NA,NA,NA,NA,NA,NA,3.01,2.98,3.08,NA,NA,NA,NA,NA,NA,NA,1.28,1.22,0.79,0.76,1.15,1.06,1.11,1.1,0.57,0.62,0.62,0.59,0.6,2.69,2.63,2.6,NA,NA,NA,3.81,3.82,3.87,1.98,NA,1.95,NA,NA,NA,NA,FALSE,FALSE,FALSE,NA,NA,NA,NA,NA,NA,NA,FALSE,FALSE,FALSE,NA,NA,NA,NA,NA,NA,NA,FALSE,FALSE,FALSE,FALSE,FALSE,FALSE,FALSE,FALSE,FALSE,FALSE,FALSE,FALSE,FALSE,FALSE,FALSE,FALSE,NA,NA,NA,FALSE,FALSE,FALSE,FALSE,NA,FALSE,NA,NA
905,NA,NA,0.49,0.4,0.49,NA,NA,NA,NA,NA,NA,NA,1.91,1.95,1.88,NA,NA,NA,NA,NA,NA,NA,NA,1.34,0.57,0.65,1.23,1.06,1.03,1.03,0.96,0.62,0.82,0.81,0.75,2.16,2.1,2.14,NA,NA,NA,2.1,1.86,1.87,1.11,NA,1.12,NA,NA,NA,NA,FALSE,FALSE,FALSE,NA,NA,NA,NA,NA,NA,NA,FALSE,FALSE,FALSE,NA,NA,NA,NA,NA,NA,NA,NA,FALSE,FALSE,FALSE,FALSE,FALSE,FALSE,FALSE,FALSE,FALSE,FALSE,FALSE,FALSE,FALSE,FALSE,FALSE,NA,NA,NA,FALSE,FALSE,FALSE,FALSE,NA,FALSE,NA,NA
906,NA,NA,0.41,0.29,0.38,NA,NA,NA,NA,NA,NA,NA,2.11,2.17,2.12,NA,NA,NA,NA,NA,NA,NA,NA,NA,0.73,0.68,NA,0.64,0.67,0.67,1.18,0.73,1.14,0.92,0.87,2.08,2.08,2.08,NA,NA,NA,1.64,1.56,1.57,NA,NA,NA,NA,NA,NA,NA,FALSE,FALSE,FALSE,NA,NA,NA,NA,NA,NA,NA,FALSE,FALSE,FALSE,NA,NA,NA,NA,NA,NA,NA,NA,NA,FALSE,FALSE,NA,FALSE,FALSE,FALSE,FALSE,FALSE,FALSE,FALSE,FALSE,FALSE,FALSE,FALSE,NA,NA,NA,FALSE,FALSE,FALSE,NA,NA,NA,NA,NA
907,NA,NA,0.51,0.48,0.59,NA,NA,NA,NA,NA,NA,NA,2.73,2.9,2.86,NA,NA,NA,NA,NA,NA,NA,NA,NA,0.78,0.81,NA,1.23,1.22,1.19,1.04,1.03,1.21,0.94,0.87,2.64,2.56,2.6,NA,NA,NA,4.31,4.21,4.14,NA,NA,NA,NA,NA,NA,NA,FALSE,FALSE,FALSE,NA,NA,NA,NA,NA,NA,NA,FALSE,FALSE,FALSE,NA,NA,NA,NA,NA,NA,NA,NA,NA,FALSE,FALSE,NA,FALSE,FALSE,FALSE,FALSE,FALSE,FALSE,FALSE,FALSE,FALSE,FALSE,FALSE,NA,NA,NA,TRUE,TRUE,TRUE,NA,NA,NA,NA,NA
908,NA,NA,0.76,0.73,0.79,NA,NA,NA,NA,NA,NA,NA,2.42,2.25,2.23,NA,NA,NA,NA,NA,NA,NA,NA,NA,0.77,0.79,NA,1.19,1.15,1.13,1.41,1.39,1.14,0.81,0.83,2.5,2.47,2.5,NA,NA,NA,3.22,3.55,3.41,NA,NA,NA,NA,NA,NA,NA,FALSE,FALSE,FALSE,NA,NA,NA,NA,NA,NA,NA,FALSE,FALSE,FALSE,NA,NA,NA,NA,NA,NA,NA,NA,NA,FALSE,FALSE,NA,FALSE,FALSE,FALSE,FALSE,FALSE,FALSE,FALSE,FALSE,FALSE,FALSE,FALSE,NA,NA,NA,FALSE,FALSE,FALSE,NA,NA,NA,NA,NA
909,NA,NA,0.48,0.45,0.37,NA,NA,NA,NA,NA,NA,NA,1.87,1.9,1.86,NA,NA,NA,NA,NA,NA,NA,NA,NA,0.63,0.65,NA,1.04,1.05,1.01,1.31,1.31,1,0.75,0.72,2.19,2.09,2.18,NA,NA,NA,NA,NA,NA,NA,NA,NA,NA,NA,NA,NA,FALSE,FALSE,FALSE,NA,NA,NA,NA,NA,NA,NA,FALSE,FALSE,FALSE,NA,NA,NA,NA,NA,NA,NA,NA,NA,FALSE,FALSE,NA,FALSE,FALSE,FALSE,FALSE,FALSE,FALSE,FALSE,FALSE,FALSE,FALSE,FALSE,NA,NA,NA,NA,NA,NA,NA,NA,NA,NA,NA
910,NA,NA,0.54,0.63,0.54,NA,NA,NA,NA,NA,NA,NA,1.27,1.3,1.33,NA,NA,NA,NA,NA,NA,NA,NA,NA,0.64,0.63,NA,0.71,0.69,0.65,0.94,0.95,1.09,0.82,0.76,2.05,1.95,2.06,NA,NA,NA,NA,NA,NA,NA,NA,NA,NA,NA,NA,NA,FALSE,FALSE,FALSE,NA,NA,NA,NA,NA,NA,NA,FALSE,FALSE,FALSE,NA,NA,NA,NA,NA,NA,NA,NA,NA,FALSE,FALSE,NA,FALSE,FALSE,FALSE,FALSE,FALSE,FALSE,FALSE,FALSE,FALSE,FALSE,FALSE,NA,NA,NA,NA,NA,NA,NA,NA,NA,NA,NA
911,NA,NA,0.49,0.55,0.59,NA,NA,NA,NA,NA,NA,NA,NA,NA,NA,NA,NA,NA,NA,NA,NA,NA,NA,NA,0.62,0.61,NA,0.78,0.76,0.7,0.67,0.64,1.02,0.85,0.65,2.49,2.42,2.48,NA,NA,NA,NA,NA,NA,NA,NA,NA,NA,NA,NA,NA,FALSE,FALSE,FALSE,NA,NA,NA,NA,NA,NA,NA,NA,NA,NA,NA,NA,NA,NA,NA,NA,NA,NA,NA,FALSE,FALSE,NA,FALSE,FALSE,FALSE,FALSE,FALSE,FALSE,FALSE,FALSE,FALSE,FALSE,FALSE,NA,NA,NA,NA,NA,NA,NA,NA,NA,NA,NA
912,NA,NA,0.27,0.26,0.35,NA,NA,NA,NA,NA,NA,NA,NA,NA,NA,NA,NA,NA,NA,NA,NA,NA,NA,NA,0.58,0.6,NA,0.69,0.69,0.62,0.47,0.45,0.85,0.57,0.6,2.18,2.14,2.15,NA,NA,NA,NA,NA,NA,NA,NA,NA,NA,NA,NA,NA,FALSE,FALSE,FALSE,NA,NA,NA,NA,NA,NA,NA,NA,NA,NA,NA,NA,NA,NA,NA,NA,NA,NA,NA,FALSE,FALSE,NA,FALSE,FALSE,FALSE,FALSE,FALSE,FALSE,FALSE,FALSE,FALSE,FALSE,FALSE,NA,NA,NA,NA,NA,NA,NA,NA,NA,NA,NA
913,NA,NA,0.36,0.35,0.41,NA,NA,NA,NA,NA,NA,NA,NA,NA,NA,NA,NA,NA,NA,NA,NA,NA,NA,NA,0.6,0.62,NA,0.85,0.78,0.77,0.52,0.53,0.66,0.46,0.53,2.35,2.21,2.34,NA,NA,NA,NA,NA,NA,NA,NA,NA,NA,NA,NA,NA,FALSE,FALSE,FALSE,NA,NA,NA,NA,NA,NA,NA,NA,NA,NA,NA,NA,NA,NA,NA,NA,NA,NA,NA,FALSE,FALSE,NA,FALSE,FALSE,FALSE,FALSE,FALSE,FALSE,FALSE,FALSE,FALSE,FALSE,FALSE,NA,NA,NA,NA,NA,NA,NA,NA,NA,NA,NA
914,NA,NA,0.32,0.32,0.35,NA,NA,NA,NA,NA,NA,NA,NA,NA,NA,NA,NA,NA,NA,NA,NA,NA,NA,NA,0.51,0.53,NA,0.43,0.48,0.44,0.56,0.57,0.68,0.57,0.59,2.34,2.44,2.28,NA,NA,NA,NA,NA,NA,NA,NA,NA,NA,NA,NA,NA,FALSE,FALSE,FALSE,NA,NA,NA,NA,NA,NA,NA,NA,NA,NA,NA,NA,NA,NA,NA,NA,NA,NA,NA,FALSE,FALSE,NA,FALSE,FALSE,FALSE,FALSE,FALSE,FALSE,FALSE,FALSE,FALSE,FALSE,FALSE,NA,NA,NA,NA,NA,NA,NA,NA,NA,NA,NA
915,NA,NA,0.4,0.43,0.37,NA,NA,NA,NA,NA,NA,NA,NA,NA,NA,NA,NA,NA,NA,NA,NA,NA,NA,NA,0.89,0.89,NA,0.95,0.93,0.85,1.34,1.27,1.6,0.96,1.03,3.33,3.26,3.27,NA,NA,NA,NA,NA,NA,NA,NA,NA,NA,NA,NA,NA,FALSE,FALSE,FALSE,NA,NA,NA,NA,NA,NA,NA,NA,NA,NA,NA,NA,NA,NA,NA,NA,NA,NA,NA,FALSE,FALSE,NA,FALSE,FALSE,FALSE,FALSE,FALSE,FALSE,FALSE,FALSE,FALSE,FALSE,FALSE,NA,NA,NA,NA,NA,NA,NA,NA,NA,NA,NA
916,NA,NA,0.41,0.52,0.32,NA,NA,NA,NA,NA,NA,NA,NA,NA,NA,NA,NA,NA,NA,NA,NA,NA,NA,NA,0.49,0.48,NA,0.57,0.55,0.56,0.76,0.8,0.96,0.49,0.51,1.88,1.93,1.77,NA,NA,NA,NA,NA,NA,NA,NA,NA,NA,NA,NA,NA,FALSE,FALSE,FALSE,NA,NA,NA,NA,NA,NA,NA,NA,NA,NA,NA,NA,NA,NA,NA,NA,NA,NA,NA,FALSE,FALSE,NA,FALSE,FALSE,FALSE,FALSE,FALSE,FALSE,FALSE,FALSE,FALSE,FALSE,FALSE,NA,NA,NA,NA,NA,NA,NA,NA,NA,NA,NA
917,NA,NA,0.4,0.61,0.41,NA,NA,NA,NA,NA,NA,NA,NA,NA,NA,NA,NA,NA,NA,NA,NA,NA,NA,NA,0.48,0.49,NA,0.69,0.71,0.63,0.69,0.68,0.8,0.52,0.52,2.04,2.03,1.99,NA,NA,NA,NA,NA,NA,NA,NA,NA,NA,NA,NA,NA,FALSE,FALSE,FALSE,NA,NA,NA,NA,NA,NA,NA,NA,NA,NA,NA,NA,NA,NA,NA,NA,NA,NA,NA,FALSE,FALSE,NA,FALSE,FALSE,FALSE,FALSE,FALSE,FALSE,FALSE,FALSE,FALSE,FALSE,FALSE,NA,NA,NA,NA,NA,NA,NA,NA,NA,NA,NA
918,NA,NA,0.6,0.69,0.48,NA,NA,NA,NA,NA,NA,NA,NA,NA,NA,NA,NA,NA,NA,NA,NA,NA,NA,NA,0.53,0.53,NA,0.6,0.58,0.58,0.92,0.92,0.88,0.63,0.64,1.98,2.34,1.85,NA,NA,NA,NA,NA,NA,NA,NA,NA,NA,NA,NA,NA,FALSE,FALSE,FALSE,NA,NA,NA,NA,NA,NA,NA,NA,NA,NA,NA,NA,NA,NA,NA,NA,NA,NA,NA,FALSE,FALSE,NA,FALSE,FALSE,FALSE,FALSE,FALSE,FALSE,FALSE,FALSE,FALSE,FALSE,FALSE,NA,NA,NA,NA,NA,NA,NA,NA,NA,NA,NA
919,NA,NA,0.52,0.63,0.46,NA,NA,NA,NA,NA,NA,NA,NA,NA,NA,NA,NA,NA,NA,NA,NA,NA,NA,NA,0.41,0.42,NA,0.56,0.58,0.55,0.68,0.64,0.52,0.5,0.51,1.98,2.13,2.22,NA,NA,NA,NA,NA,NA,NA,NA,NA,NA,NA,NA,NA,FALSE,FALSE,FALSE,NA,NA,NA,NA,NA,NA,NA,NA,NA,NA,NA,NA,NA,NA,NA,NA,NA,NA,NA,FALSE,FALSE,NA,FALSE,FALSE,FALSE,FALSE,FALSE,FALSE,FALSE,FALSE,FALSE,FALSE,FALSE,NA,NA,NA,NA,NA,NA,NA,NA,NA,NA,NA
920,NA,NA,0.67,0.79,0.57,NA,NA,NA,NA,NA,NA,NA,NA,NA,NA,NA,NA,NA,NA,NA,NA,NA,NA,NA,0.45,0.44,NA,0.52,0.52,0.47,0.64,0.69,0.71,0.51,0.52,1.69,1.5,1.61,NA,NA,NA,NA,NA,NA,NA,NA,NA,NA,NA,NA,NA,FALSE,FALSE,FALSE,NA,NA,NA,NA,NA,NA,NA,NA,NA,NA,NA,NA,NA,NA,NA,NA,NA,NA,NA,FALSE,FALSE,NA,FALSE,FALSE,FALSE,FALSE,FALSE,FALSE,FALSE,FALSE,FALSE,FALSE,FALSE,NA,NA,NA,NA,NA,NA,NA,NA,NA,NA,NA
921,NA,NA,0.67,0.77,0.67,NA,NA,NA,NA,NA,NA,NA,NA,NA,NA,NA,NA,NA,NA,NA,NA,NA,NA,NA,0.53,0.51,NA,0.46,0.46,0.41,0.61,0.62,0.96,0.72,0.78,1.31,1.31,1.29,NA,NA,NA,NA,NA,NA,NA,NA,NA,NA,NA,NA,NA,FALSE,FALSE,FALSE,NA,NA,NA,NA,NA,NA,NA,NA,NA,NA,NA,NA,NA,NA,NA,NA,NA,NA,NA,FALSE,FALSE,NA,FALSE,FALSE,FALSE,FALSE,FALSE,FALSE,FALSE,FALSE,FALSE,FALSE,FALSE,NA,NA,NA,NA,NA,NA,NA,NA,NA,NA,NA
922,NA,NA,1.24,1.3,NA,NA,NA,NA,NA,NA,NA,NA,NA,NA,NA,NA,NA,NA,NA,NA,NA,NA,NA,NA,0.58,0.6,NA,0.53,0.55,0.55,0.64,0.66,0.63,0.69,0.79,1.76,1.83,1.57,NA,NA,NA,NA,NA,NA,NA,NA,NA,NA,NA,NA,NA,FALSE,FALSE,NA,NA,NA,NA,NA,NA,NA,NA,NA,NA,NA,NA,NA,NA,NA,NA,NA,NA,NA,NA,FALSE,FALSE,NA,FALSE,FALSE,FALSE,FALSE,FALSE,FALSE,FALSE,FALSE,FALSE,FALSE,FALSE,NA,NA,NA,NA,NA,NA,NA,NA,NA,NA,NA
923,NA,NA,1.26,1.2,NA,NA,NA,NA,NA,NA,NA,NA,NA,NA,NA,NA,NA,NA,NA,NA,NA,NA,NA,NA,0.44,0.44,NA,0.65,0.58,0.55,0.58,0.61,0.63,0.66,0.66,1.16,1.16,1.07,NA,NA,NA,NA,NA,NA,NA,NA,NA,NA,NA,NA,NA,FALSE,FALSE,NA,NA,NA,NA,NA,NA,NA,NA,NA,NA,NA,NA,NA,NA,NA,NA,NA,NA,NA,NA,FALSE,FALSE,NA,FALSE,FALSE,FALSE,FALSE,FALSE,FALSE,FALSE,FALSE,FALSE,FALSE,FALSE,NA,NA,NA,NA,NA,NA,NA,NA,NA,NA,NA
