# Hughes and Graumlich 1996 Multi-Millennial Nevada Precipitation Reconstruction
#----------------------------------------------------------------------- 
#               World Data Service for Paleoclimatology, Boulder 
#                                  and 
#                     NOAA Paleoclimatology Program 
#----------------------------------------------------------------------- 
# Template Version 4.0
# Encoding: UTF-8
# NOTE: Please cite original publication, NOAA Landing Page URL, dataset and publication DOIs (where available),
# and date accessed when using these downloaded data. If there is no publication information, please cite investigator, study title, NOAA Landing Page URL, and date accessed.
#
# NOAA_Landing_Page: https://www.ncei.noaa.gov/access/paleo-search/study/6384
#   Landing_Page_Description: NOAA Landing Page of this file's parent study, which includes all study metadata.
#
# Study_Level_JSON_Metadata: https://www.ncei.noaa.gov/pub/data/metadata/published/paleo/json/noaa-recon-6384.json
#   Study_Level_JSON_Description: JSON metadata of this file's parent study, which includes all study metadata.
#
# Data_Type: Climate Reconstructions
#
# Dataset_DOI: 10.25921/zkr6-p676
#
# Science_Keywords: Precipitation Reconstruction
#-------------------
# Resource_Links
#
# Data_Download_Resource: https://www.ncei.noaa.gov/pub/data/paleo/treering/reconstructions/nevada/mwkreconraw-noaa.txt
#   Data_Download_Description: NOAA Template File; Raw Precipitation Reconstruction Data
#
#-------------------
# Contribution_Date
#   Date: 2000-07-25
#-------------------
# File_Last_Modified_Date
#   Date: 2025-06-12
#-------------------
# Title
#   Study_Name: Hughes and Graumlich 1996 Multi-Millennial Nevada Precipitation Reconstruction
#-------------------
# Investigators
#   Investigators: Hughes, M.K.; Graumlich, L.J.
#-------------------
# Description_Notes_and_Keywords
#   Description: Reconstructed precipitation for Nevada Climate Division 3, annual July through June. Trees used for the reconstruction are bristlecone pine from Methuselah Walk, White Mountains, California. These data are archived with the ITRDB, filenames CA535.crn (standardized chronology) and CA535.rwl (ringwidth measurements).
#-------------------
# Publication
#   Authors: Hughes, M. K. and L. J. Graumlich
#   Journal_Name: NATO ASI Series: Climatic Variations and Forcing Mechanisms of the Last 2000 Years Edited by P.D. Jones, R.S. Bradley, and J. Jouzel
#   Published_Title: Multi-millennial dendroclimatic studies from the western United States
#   Published_Date_or_Year: 1996-01-01
#   Volume: 141
#   Pages: 109-24
#   Report_Number: 
#   DOI: 10.1007/978-3-642-61113-1_6
#   Full_Citation: 
#   Abstract: Multimillennial tree-ring chronologies from the mountains of the western United States provide an excellent opportunity to study decade to century scale variability in pre-instrumental times. This results from the lack of ecological interaction between the widely-spaced, climate-sensitive, long-lived trees characteristic of the higher elevations of this region. The availability of climate-sensitive > 1000 year tree-ring records in the western conterminous United States is unique. For example, 80 tree-ring chronologies of at least 1000 years length and 23 of at least 2000 years length, have been developed at our Laboratory for this region. A number of climate reconstructions of high quality have already been published using subsets of these data. The great potential of this resource will be demonstrated by reference to these reconstructions. In particular, we introduce a preliminary reconstruction of precipitation in the Great Basin covering the period 6000 B.C. to A.D. 1979. We will use this to place in context a striking pattern of two multidecade droughts each terminated by intense wet periods in the period between A.D. 900 and 1400.
#-------------------
# Funding_Agency
#   Funding_Agency_Name: 
#   Grant_Number: 
#-------------------
# Site_Information
#   Site_Name: Nevada Climate Division 3
#   Location: Nevada
#   Northernmost_Latitude: 39
#   Southernmost_Latitude: 37
#   Easternmost_Longitude: -114
#   Westernmost_Longitude: -120
#   Elevation_m: 
#-------------------
# Data_Collection
#   Collection_Name: Hughes1996 NV3 Raw Precip
#   First_Year: -6000
#   Last_Year: 1996
#   Time_Unit: CE
#   Core_Length_m: 
#   Parameter_Keywords: precipitation
#   Notes: annual July-June values
#-------------------
# Chronology_Information
#   Chronology:
#-------------------
# Variables 
#
# PaST_Thesaurus_Download_Resource: https://www.ncei.noaa.gov/access/paleo-search/skos/past-thesaurus.rdf
#   PaST_Thesaurus_Download_Description: Paleoenvironmental Standard Terms (PaST) Thesaurus terms, definitions, and relationships in SKOS format.
#
# Variables format: shortname <tab> what,material,error,units,seasonality,data_type,detail,method, C(har) or N(umeric) data,additional information
## age	age,,,year Common Era,,climate reconstructions;tree ring,,,N,
## precip	precipitation,ring width,,centimeter,Jul-Jun,climate reconstructions;tree ring,,,N,
#-------------------------------
# Data: 
# Missing_Values: NA
age	precip
-6000	19.751
-5999	27.149
-5998	22.633
-5997	24.207
-5996	18.904
-5995	11.194
-5994	23.36
-5993	17.998
-5992	12.501
-5991	11.595
-5990	19.958
-5989	18.77
-5988	7.108
-5987	20.27
-5986	20.27
-5985	17.344
-5984	7.108
-5983	20.939
-5982	10.243
-5981	23.88
-5980	15.532
-5979	19.572
-5978	16.571
-5977	16.423
-5976	16.423
-5975	14.922
-5974	19.037
-5973	18.517
-5972	14.744
-5971	15.487
-5970	17.076
-5969	14.105
-5968	14.7
-5967	23.197
-5966	18.116
-5965	8.282
-5964	19.736
-5963	12.887
-5962	19.751
-5961	21.399
-5960	17.433
-5959	15.635
-5958	13.229
-5957	19.112
-5956	13.214
-5955	21.934
-5954	24.95
-5953	17.968
-5952	11.699
-5951	19.32
-5950	22.558
-5949	24.267
-5948	19.141
-5947	14.536
-5946	17.775
-5945	26.005
-5944	15.442
-5943	17.032
-5942	20.731
-5941	19.394
-5940	19.453
-5939	25.203
-5938	18.28
-5937	16.051
-5936	13.764
-5935	31.798
-5934	25.916
-5933	12.872
-5932	14.076
-5931	24.816
-5930	9.664
-5929	20.285
-5928	25.826
-5927	15.947
-5926	13.526
-5925	27.758
-5924	26.703
-5923	22.855
-5922	19.127
-5921	20.419
-5920	22.217
-5919	26.153
-5918	19.528
-5917	22.959
-5916	21.503
-5915	27.386
-5914	12.605
-5913	21.919
-5912	20.464
-5911	14.313
-5910	17.908
-5909	21.771
-5908	22.068
-5907	17.314
-5906	18.324
-5905	22.751
-5904	18.473
-5903	19.884
-5902	22.41
-5901	22.633
-5900	22.558
-5899	25.128
-5898	9.411
-5897	14.64
-5896	15.012
-5895	21.607
-5894	7.673
-5893	27.802
-5892	18.562
-5891	14.625
-5890	23.42
-5889	17.359
-5888	18.399
-5887	18.681
-5886	18.607
-5885	12.56
-5884	9.114
-5883	25.009
-5882	19.141
-5881	15.012
-5880	16.809
-5879	7.792
-5878	18.176
-5877	10.807
-5876	22.172
-5875	17.923
-5874	22.677
-5873	25.232
-5872	19.439
-5871	20.419
-5870	7.985
-5869	16.111
-5868	13.779
-5867	18.22
-5866	13.229
-5865	24.46
-5864	22.098
-5863	20.107
-5862	9.574
-5861	26.807
-5860	21.697
-5859	19.171
-5858	20.3
-5857	23.702
-5856	22.469
-5855	24.534
-5854	21.474
-5853	12.412
-5852	25.217
-5851	15.22
-5850	28.129
-5849	25.529
-5848	22.439
-5847	17.626
-5846	18.012
-5845	22.974
-5844	24.103
-5843	13.615
-5842	23.078
-5841	19.335
-5840	24.029
-5839	23.524
-5838	30.12
-5837	12.664
-5836	22.365
-5835	21.192
-5834	19.587
-5833	23.583
-5832	19.795
-5831	20.27
-5830	15.68
-5829	10.555
-5828	19.231
-5827	19.929
-5826	22.098
-5825	24.103
-5824	23.643
-5823	19.379
-5822	10.406
-5821	24.177
-5820	8
-5819	26.673
-5818	22.499
-5817	19.127
-5816	18.25
-5815	15.858
-5814	21.593
-5813	18.339
-5812	18.324
-5811	12.546
-5810	13.838
-5809	23.286
-5808	25.96
-5807	16.393
-5806	21.37
-5805	17.656
-5804	19.884
-5803	20.062
-5802	17.864
-5801	21.073
-5800	14.061
-5799	21.414
-5798	21.652
-5797	21.251
-5796	20.553
-5795	17.121
-5794	21.266
-5793	25.396
-5792	24.593
-5791	20.508
-5790	24.356
-5789	23.464
-5788	10.094
-5787	13.883
-5786	25.5
-5785	21.206
-5784	19.32
-5783	20.865
-5782	25.247
-5781	19.602
-5780	17.73
-5779	24.133
-5778	22.707
-5777	23.39
-5776	20.181
-5775	26.124
-5774	22.38
-5773	19.825
-5772	23.316
-5771	20.449
-5770	21.518
-5769	23.078
-5768	22.662
-5767	19.944
-5766	17.166
-5765	19.751
-5764	22.321
-5763	21.177
-5762	20.404
-5761	19.245
-5760	23.034
-5759	20.746
-5758	19.825
-5757	20.657
-5756	22.781
-5755	23.42
-5754	22.677
-5753	21.533
-5752	16.75
-5751	19.082
-5750	25.336
-5749	22.023
-5748	20.404
-5747	20.761
-5746	26.213
-5745	28.114
-5744	21.563
-5743	17.775
-5742	23.524
-5741	18.948
-5740	16.557
-5739	26.317
-5738	19.245
-5737	11.194
-5736	22.989
-5735	18.547
-5734	25.544
-5733	18.532
-5732	20.597
-5731	25.604
-5730	22.633
-5729	27
-5728	15.65
-5727	9.678
-5726	11.238
-5725	20.478
-5724	23.301
-5723	17.017
-5722	19.825
-5721	18.488
-5720	11.892
-5719	20.746
-5718	20.805
-5717	18.517
-5716	22.425
-5715	21.622
-5714	13.689
-5713	10.57
-5712	26.852
-5711	20.419
-5710	18.28
-5709	25.515
-5708	18.369
-5707	20.88
-5706	13.853
-5705	19.647
-5704	22.885
-5703	16.631
-5702	18.012
-5701	26.376
-5700	20.672
-5699	21.192
-5698	15.843
-5697	17.611
-5696	21.845
-5695	16.141
-5694	19.023
-5693	22.484
-5692	17.522
-5691	16.839
-5690	24.192
-5689	14.061
-5688	19.647
-5687	19.141
-5686	17.076
-5685	23.658
-5684	19.245
-5683	10.867
-5682	22.321
-5681	14.789
-5680	21.073
-5679	23.346
-5678	24.014
-5677	18.072
-5676	11.55
-5675	21.281
-5674	16.245
-5673	23.88
-5672	17.314
-5671	21.771
-5670	19.78
-5669	18.933
-5668	10.614
-5667	24.192
-5666	23.687
-5665	21.979
-5664	20.449
-5663	22.944
-5662	16.304
-5661	21.83
-5660	17.656
-5659	12.471
-5658	7.643
-5657	27.223
-5656	12.65
-5655	21.949
-5654	20.092
-5653	21.088
-5652	10.436
-5651	21.489
-5650	18.621
-5649	22.395
-5648	16.378
-5647	19.067
-5646	17.255
-5645	18.503
-5644	16.378
-5643	24.712
-5642	22.425
-5641	24.995
-5640	23.45
-5639	21.637
-5638	19.453
-5637	24.296
-5636	26.228
-5635	22.811
-5634	14.804
-5633	27.03
-5632	14.566
-5631	18.948
-5630	21.756
-5629	22.231
-5628	20.062
-5627	21.726
-5626	26.049
-5625	15.413
-5624	7.509
-5623	28.456
-5622	27.654
-5621	20.998
-5620	23.167
-5619	17.641
-5618	19.364
-5617	18.072
-5616	17.284
-5615	12.59
-5614	17.76
-5613	9.01
-5612	21.711
-5611	21.964
-5610	21.221
-5609	18.696
-5608	18.458
-5607	9.812
-5606	18.681
-5605	15.041
-5604	18.711
-5603	20.538
-5602	21.652
-5601	13.496
-5600	20.79
-5599	18.755
-5598	17.255
-5597	17.106
-5596	19.498
-5595	17.388
-5594	15.487
-5593	11.075
-5592	17.715
-5591	20.538
-5590	15.888
-5589	12.144
-5588	23.613
-5587	9.545
-5586	17.136
-5585	21.028
-5584	9.04
-5583	22.707
-5582	21.949
-5581	13.838
-5580	20.88
-5579	18.191
-5578	14.224
-5577	20.018
-5576	22.127
-5575	15.19
-5574	18.874
-5573	14.358
-5572	16.141
-5571	22.41
-5570	22.321
-5569	18.963
-5568	16.69
-5567	21.236
-5566	18.993
-5565	15.532
-5564	16.854
-5563	21.786
-5562	22.707
-5561	21.34
-5560	22.573
-5559	13.689
-5558	18.77
-5557	15.784
-5556	12.887
-5555	21.147
-5554	23.167
-5553	18.295
-5552	24.296
-5551	20.285
-5550	16.987
-5549	22.098
-5548	13.125
-5547	19.32
-5546	20.092
-5545	22.93
-5544	11.624
-5543	8.505
-5542	29.466
-5541	23.078
-5540	17.983
-5539	21.593
-5538	23.836
-5537	24.534
-5536	20.092
-5535	15.784
-5534	29.095
-5533	24.311
-5532	26.837
-5531	23.093
-5530	21.905
-5529	24.801
-5528	27.743
-5527	20.79
-5526	19.899
-5525	21.429
-5524	21.206
-5523	19.81
-5522	23.524
-5521	12.367
-5520	28.025
-5519	22.157
-5518	18.488
-5517	18.176
-5516	19.587
-5515	22.321
-5514	21.236
-5513	25.277
-5512	19.364
-5511	23.004
-5510	15.517
-5509	21.117
-5508	22.231
-5507	20.776
-5506	27.921
-5505	18.607
-5504	20.642
-5503	22.662
-5502	24.103
-5501	16.215
-5500	6.871
-5499	25.856
-5498	25.173
-5497	17.448
-5496	26.525
-5495	19.349
-5494	16.423
-5493	16.497
-5492	18.621
-5491	15.457
-5490	20.939
-5489	23.97
-5488	25.737
-5487	21.325
-5486	15.532
-5485	15.739
-5484	18.592
-5483	25.396
-5482	23.613
-5481	19.453
-5480	25.648
-5479	21.771
-5478	27.505
-5477	23.435
-5476	14.001
-5475	6.663
-5474	23.301
-5473	18.146
-5472	16.824
-5471	27.386
-5470	19.008
-5469	19.854
-5468	19.721
-5467	10.614
-5466	22.915
-5465	14.848
-5464	25.99
-5463	21.399
-5462	18.265
-5461	16.007
-5460	26.436
-5459	16.765
-5458	18.146
-5457	20.211
-5456	17.611
-5455	11.951
-5454	15.175
-5453	9.649
-5452	22.633
-5451	19.141
-5450	23.732
-5449	14.878
-5448	14.655
-5447	21.711
-5446	22.009
-5445	21.637
-5444	18.31
-5443	8.861
-5442	22.603
-5441	19.468
-5440	15.442
-5439	19.498
-5438	17.76
-5437	22.113
-5436	20.107
-5435	24.905
-5434	15.665
-5433	21.711
-5432	26.465
-5431	23.346
-5430	24.163
-5429	17.611
-5428	13.303
-5427	21.726
-5426	20.152
-5425	24.341
-5424	22.989
-5423	13.348
-5422	23.138
-5421	15.843
-5420	21.325
-5419	15.532
-5418	17.641
-5417	25.47
-5416	27.342
-5415	15.814
-5414	10.585
-5413	19.097
-5412	20.909
-5411	19.483
-5410	14.269
-5409	21.399
-5408	14.492
-5407	21.355
-5406	23.984
-5405	19.498
-5404	20.389
-5403	13.957
-5402	17.522
-5401	23.019
-5400	24.683
-5399	21.815
-5398	18.072
-5397	19.349
-5396	14.893
-5395	21.251
-5394	23.316
-5393	30.506
-5392	17.596
-5391	14.016
-5390	6.811
-5389	23.702
-5388	18.978
-5387	21.607
-5386	22.826
-5385	18.087
-5384	18.621
-5383	24.697
-5382	24.95
-5381	18.428
-5380	16.289
-5379	22.276
-5378	24.623
-5377	18.785
-5376	7.093
-5375	12.412
-5374	23.316
-5373	24.816
-5372	4.479
-5371	21.503
-5370	21.132
-5369	17.7
-5368	24.876
-5367	20.003
-5366	14.744
-5365	17.626
-5364	8.95
-5363	9.797
-5362	17.076
-5361	18.577
-5360	23.123
-5359	21.563
-5358	14.061
-5357	19.379
-5356	16.958
-5355	23.331
-5354	17.923
-5353	14.046
-5352	19.958
-5351	22.662
-5350	20.36
-5349	22.306
-5348	23.702
-5347	18.191
-5346	17.983
-5345	24.742
-5344	13.244
-5343	30.253
-5342	17.641
-5341	25.084
-5340	22.662
-5339	27.074
-5338	25.173
-5337	21.117
-5336	19.186
-5335	21.013
-5334	22.425
-5333	28.337
-5332	27.238
-5331	29.481
-5330	20.464
-5329	15.621
-5328	19.973
-5327	22.766
-5326	19.676
-5325	29.139
-5324	7.197
-5323	24.95
-5322	23.539
-5321	25.618
-5320	20.107
-5319	12.902
-5318	6.9
-5317	19.691
-5316	10.332
-5315	20.761
-5314	19.379
-5313	19.349
-5312	11.045
-5311	28.233
-5310	27
-5309	19.854
-5308	23.42
-5307	22.35
-5306	21.221
-5305	22.023
-5304	19.617
-5303	16.037
-5302	22.276
-5301	15.903
-5300	24.222
-5299	14.462
-5298	21.964
-5297	9.901
-5296	20.597
-5295	23.405
-5294	27.624
-5293	24.029
-5292	24.326
-5291	11.431
-5290	29.941
-5289	21.637
-5288	23.375
-5287	24.638
-5286	25.054
-5285	12.427
-5284	22.618
-5283	25.44
-5282	23.776
-5281	17.522
-5280	20.166
-5279	20.033
-5278	25.321
-5277	6.811
-5276	27.178
-5275	18.488
-5274	26.777
-5273	20.389
-5272	20.79
-5271	23.999
-5270	27.862
-5269	15.22
-5268	29.377
-5267	20.107
-5266	29.214
-5265	29.704
-5264	24.46
-5263	22.989
-5262	15.725
-5261	12.798
-5260	21.875
-5259	15.992
-5258	23.152
-5257	23.227
-5256	8.638
-5255	25.5
-5254	15.933
-5253	21.459
-5252	14.328
-5251	16.393
-5250	28.53
-5249	14.774
-5248	18.919
-5247	11.372
-5246	12.278
-5245	16.363
-5244	24.252
-5243	13.793
-5242	25.945
-5241	8.475
-5240	22.276
-5239	17.492
-5238	18.889
-5237	13.14
-5236	17.299
-5235	21.875
-5234	21.994
-5233	18.963
-5232	19.884
-5231	17.195
-5230	19.78
-5229	25.366
-5228	19.528
-5227	21.89
-5226	12.204
-5225	24.163
-5224	14.001
-5223	11.194
-5222	18.844
-5221	21.994
-5220	15.145
-5219	23.583
-5218	27.297
-5217	22.722
-5216	24.252
-5215	22.276
-5214	16.913
-5213	19.661
-5212	18.28
-5211	5.43
-5210	18.874
-5209	19.186
-5208	11.402
-5207	16.007
-5206	15.249
-5205	15.338
-5204	18.755
-5203	16.601
-5202	15.041
-5201	17.671
-5200	20.716
-5199	19.023
-5198	18.28
-5197	22.736
-5196	13.021
-5195	21.578
-5194	15.487
-5193	20.122
-5192	22.009
-5191	23.613
-5190	13.541
-5189	22.217
-5188	16.854
-5187	24.296
-5186	4.419
-5185	19.409
-5184	23.583
-5183	11.387
-5182	27.431
-5181	18.607
-5180	18.28
-5179	25.173
-5178	23.91
-5177	10.897
-5176	14.922
-5175	13.229
-5174	19.751
-5173	24.92
-5172	19.825
-5171	18.859
-5170	16.943
-5169	20.419
-5168	20.969
-5167	25.93
-5166	9.218
-5165	15.977
-5164	19.676
-5163	26.183
-5162	22.068
-5161	24.608
-5160	25.901
-5159	13.496
-5158	22.425
-5157	15.13
-5156	22.944
-5155	20.969
-5154	22.083
-5153	26.421
-5152	13.377
-5151	25.544
-5150	25.247
-5149	26.45
-5148	20.776
-5147	12.471
-5146	29.808
-5145	27.565
-5144	14.982
-5143	17.225
-5142	19.929
-5141	16.349
-5140	15.22
-5139	20.449
-5138	11.936
-5137	23.539
-5136	26.465
-5135	14.239
-5134	19.632
-5133	24.846
-5132	19.082
-5131	15.71
-5130	17.195
-5129	14.016
-5128	21.741
-5127	11.684
-5126	28.114
-5125	15.22
-5124	19.78
-5123	24.267
-5122	19.854
-5121	18.458
-5120	11.209
-5119	8.921
-5118	20.419
-5117	23.821
-5116	18.592
-5115	27.178
-5114	22.84
-5113	23.509
-5112	23.464
-5111	11.357
-5110	26.495
-5109	10.659
-5108	23.286
-5107	27.579
-5106	27.535
-5105	20.612
-5104	16.066
-5103	19.884
-5102	13.377
-5101	7.985
-5100	20.211
-5099	23.048
-5098	23.242
-5097	24.712
-5096	27.193
-5095	19.825
-5094	11.327
-5093	16.289
-5092	21.518
-5091	21.31
-5090	29.674
-5089	21.266
-5088	20.122
-5087	8.802
-5086	25.975
-5085	21.177
-5084	18.235
-5083	20.909
-5082	19.572
-5081	23.554
-5080	15.264
-5079	23.554
-5078	11.669
-5077	23.063
-5076	26.034
-5075	25.589
-5074	20.226
-5073	19.736
-5072	28.218
-5071	17.73
-5070	20.033
-5069	10.629
-5068	19.884
-5067	21.162
-5066	23.539
-5065	24.415
-5064	14.566
-5063	18.889
-5062	17.864
-5061	24.653
-5060	23.672
-5059	21.533
-5058	16.438
-5057	15.799
-5056	11.595
-5055	22.335
-5054	19.617
-5053	23.702
-5052	23.672
-5051	20.553
-5050	12.026
-5049	26.614
-5048	23.806
-5047	18.621
-5046	28.753
-5045	18.324
-5044	19.453
-5043	18.785
-5042	22.87
-5041	20.404
-5040	11.506
-5039	19.929
-5038	22.009
-5037	22.603
-5036	25.782
-5035	24.801
-5034	22.321
-5033	15.145
-5032	7.866
-5031	26.748
-5030	23.182
-5029	18.844
-5028	12.382
-5027	23.643
-5026	7.732
-5025	20.523
-5024	16.007
-5023	19.409
-5022	21.013
-5021	28.842
-5020	14.655
-5019	17.567
-5018	16.958
-5017	18.592
-5016	14.581
-5015	23.524
-5014	19.037
-5013	14.402
-5012	19.349
-5011	21.489
-5010	20.538
-5009	25.113
-5008	27.906
-5007	28.189
-5006	17.195
-5005	17.151
-5004	19.082
-5003	28.916
-5002	26.228
-5001	25.559
-5000	10.585
-4999	15.532
-4998	12.248
-4997	15.888
-4996	26.658
-4995	22.751
-4994	21.459
-4993	19.587
-4992	19.751
-4991	22.588
-4990	13.883
-4989	21.34
-4988	9.233
-4987	20.716
-4986	22.053
-4985	15.19
-4984	9.827
-4983	17.671
-4982	20.048
-4981	25.826
-4980	22.113
-4979	18.027
-4978	8.208
-4977	20.464
-4976	26.02
-4975	9.871
-4974	31.308
-4973	28.471
-4972	14.239
-4971	19.409
-4970	18.621
-4969	6.9
-4968	21.37
-4967	18.517
-4966	18.948
-4965	21.979
-4964	11.134
-4963	19.453
-4962	15.873
-4961	23.197
-4960	24.148
-4959	13.764
-4958	7.316
-4957	22.41
-4956	17.225
-4955	24.905
-4954	23.331
-4953	20.701
-4952	20.612
-4951	26.792
-4950	21.652
-4949	20.478
-4948	16.542
-4947	25.425
-4946	21.578
-4945	21.236
-4944	7.227
-4943	10.139
-4942	31.397
-4941	18.176
-4940	19.379
-4939	17.002
-4938	16.482
-4937	18.146
-4936	25.797
-4935	29.318
-4934	23.42
-4933	14.076
-4932	16.646
-4931	25.633
-4930	18.369
-4929	8.237
-4928	23.212
-4927	18.027
-4926	23.42
-4925	20.746
-4924	22.811
-4923	21.474
-4922	20.612
-4921	21.875
-4920	17.195
-4919	16.453
-4918	17.166
-4917	24.564
-4916	22.662
-4915	14.12
-4914	22.365
-4913	18.384
-4912	30.179
-4911	19.647
-4910	25.396
-4909	21.281
-4908	20.152
-4907	12.382
-4906	19.245
-4905	19.543
-4904	19.29
-4903	27.624
-4902	25.633
-4901	16.987
-4900	12.902
-4899	21.801
-4898	19.439
-4897	15.026
-4896	18.012
-4895	19.602
-4894	17.552
-4893	19.691
-4892	11.877
-4891	19.988
-4890	27.208
-4889	22.038
-4888	26.495
-4887	18.874
-4886	13.987
-4885	25.084
-4884	15.962
-4883	21.89
-4882	20.345
-4881	18.488
-4880	23.123
-4879	19.706
-4878	18.755
-4877	10.154
-4876	15.071
-4875	22.558
-4874	16.022
-4873	18.607
-4872	18.755
-4871	24.088
-4870	14.744
-4869	21.385
-4868	20.226
-4867	18.636
-4866	10.941
-4865	21.726
-4864	12.308
-4863	25.485
-4862	18.636
-4861	27.847
-4860	17.582
-4859	11.209
-4858	23.895
-4857	32.467
-4856	23.762
-4855	26.198
-4854	16.601
-4853	19.914
-4852	22.41
-4851	18.696
-4850	24.46
-4849	29.095
-4848	20.85
-4847	21.786
-4846	12.605
-4845	25.975
-4844	19.617
-4843	19.141
-4842	13.957
-4841	22.098
-4840	16.482
-4839	18.28
-4838	17.284
-4837	7.42
-4836	13.273
-4835	19.543
-4834	26.762
-4833	19.171
-4832	15.517
-4831	20.493
-4830	24.014
-4829	22.142
-4828	27.386
-4827	16.527
-4826	15.368
-4825	15.056
-4824	21.043
-4823	25.321
-4822	25.411
-4821	15.324
-4820	15.502
-4819	16.393
-4818	22.633
-4817	20.256
-4816	13.734
-4815	26.911
-4814	12.516
-4813	16.423
-4812	21.251
-4811	23.39
-4810	26.688
-4809	11.268
-4808	17.968
-4807	18.904
-4806	19.216
-4805	16.467
-4804	20.062
-4803	22.647
-4802	25.589
-4801	19.349
-4800	11.327
-4799	16.794
-4798	23.405
-4797	15.071
-4796	15.517
-4795	28.486
-4794	20.582
-4793	17.998
-4792	14.729
-4791	25.618
-4790	15.799
-4789	18.607
-4788	19.78
-4787	25.559
-4786	18.057
-4785	18.428
-4784	16.23
-4783	17.745
-4782	23.048
-4781	19.736
-4780	7.257
-4779	13.214
-4778	9.678
-4777	24.014
-4776	19.201
-4775	17.374
-4774	19.409
-4773	20.345
-4772	8.282
-4771	18.22
-4770	26.51
-4769	19.349
-4768	23.791
-4767	27.431
-4766	16.051
-4765	24.059
-4764	22.306
-4763	11.03
-4762	19.899
-4761	14.536
-4760	19.424
-4759	14.893
-4758	20.196
-4757	19.26
-4756	17.879
-4755	20.835
-4754	19.929
-4753	24.118
-4752	15.026
-4751	14.492
-4750	21.845
-4749	22.023
-4748	26.777
-4747	21.83
-4746	15.249
-4745	13.125
-4744	16.75
-4743	12.471
-4742	28.426
-4741	24.772
-4740	15.918
-4739	23.316
-4738	27.579
-4737	19.008
-4736	13.764
-4735	14.402
-4734	27.817
-4733	13.808
-4732	16.586
-4731	16.111
-4730	18.131
-4729	17.7
-4728	23.034
-4727	21.845
-4726	20.909
-4725	21.979
-4724	19.335
-4723	27.847
-4722	27.089
-4721	24.148
-4720	18.31
-4719	12.65
-4718	21.563
-4717	29.08
-4716	25.351
-4715	27
-4714	29.228
-4713	19.572
-4712	7.257
-4711	26.748
-4710	14.506
-4709	24.296
-4708	22.231
-4707	22.588
-4706	16.17
-4705	11.936
-4704	30.417
-4703	8
-4702	17.998
-4701	22.172
-4700	15.517
-4699	20.256
-4698	13.719
-4697	18.116
-4696	23.984
-4695	13.467
-4694	25.812
-4693	23.702
-4692	20.3
-4691	17.775
-4690	17.849
-4689	19.973
-4688	18.547
-4687	22.469
-4686	21.563
-4685	17.894
-4684	16.393
-4683	17.18
-4682	12.724
-4681	23.346
-4680	21.919
-4679	23.019
-4678	19.231
-4677	17.522
-4676	19.78
-4675	17.017
-4674	8.757
-4673	27.773
-4672	25.678
-4671	22.157
-4670	19.914
-4669	12.575
-4668	17.344
-4667	26.495
-4666	23.613
-4665	29.124
-4664	24.044
-4663	20.642
-4662	17.017
-4661	16.765
-4660	27.03
-4659	16.111
-4658	22.959
-4657	22.647
-4656	29.927
-4655	19.037
-4654	16.453
-4653	18.993
-4652	19.245
-4651	20.865
-4650	22.098
-4649	21.147
-4648	21.058
-4647	19.29
-4646	14.7
-4645	21.994
-4644	18.963
-4643	26.287
-4642	18.666
-4641	16.839
-4640	12.709
-4639	17.492
-4638	24.504
-4637	26.569
-4636	23.093
-4635	19.557
-4634	22.172
-4633	8.757
-4632	21.919
-4631	20.27
-4630	5.266
-4629	13.14
-4628	9.248
-4627	31.962
-4626	22.187
-4625	24.638
-4624	17.27
-4623	18.206
-4622	19.944
-4621	25.188
-4620	6.321
-4619	19.825
-4618	24.92
-4617	20.3
-4616	14.893
-4615	11.565
-4614	28.694
-4613	17.329
-4612	17.686
-4611	17.804
-4610	22.038
-4609	13.214
-4608	23.242
-4607	4.939
-4606	26.376
-4605	20.374
-4604	12.575
-4603	18.74
-4602	22.603
-4601	19.691
-4600	22.87
-4599	26.866
-4598	18.413
-4597	8.772
-4596	13.318
-4595	20.508
-4594	23.093
-4593	22.395
-4592	21.206
-4591	26.97
-4590	28.144
-4589	17.24
-4588	21.429
-4587	17.299
-4586	19.944
-4585	28.055
-4584	20.582
-4583	21.741
-4582	22.722
-4581	19.097
-4580	21.251
-4579	24.504
-4578	16.423
-4577	21.385
-4576	13.66
-4575	24.697
-4574	27.49
-4573	21.89
-4572	18.012
-4571	22.588
-4570	4.806
-4569	29.273
-4568	27.877
-4567	18.473
-4566	18.473
-4565	13.571
-4564	17.834
-4563	23.702
-4562	24.608
-4561	19.112
-4560	13.793
-4559	18.235
-4558	23.182
-4557	25.901
-4556	17.745
-4555	17.879
-4554	18.012
-4553	23.108
-4552	22.796
-4551	25.084
-4550	21.102
-4549	15.561
-4548	15.517
-4547	22.231
-4546	20.835
-4545	21.385
-4544	21.236
-4543	14.625
-4542	17.908
-4541	24.326
-4540	19.067
-4539	23.048
-4538	24.697
-4537	17.002
-4536	26.569
-4535	26.569
-4534	27.877
-4533	17.834
-4532	25.737
-4531	30.892
-4530	15.546
-4529	18.28
-4528	27.773
-4527	19.78
-4526	26.317
-4525	22.662
-4524	16.155
-4523	24.965
-4522	19.112
-4521	21.994
-4520	15.546
-4519	9.857
-4518	19.245
-4517	20.805
-4516	13.927
-4515	14.759
-4514	21.741
-4513	20.82
-4512	18.488
-4511	23.984
-4510	20.508
-4509	19.632
-4508	19.765
-4507	21.414
-4506	16.586
-4505	21.682
-4504	20.716
-4503	25.203
-4502	18.889
-4501	20.672
-4500	17.983
-4499	14.269
-4498	21.325
-4497	20.553
-4496	20.538
-4495	20.523
-4494	18.428
-4493	20.478
-4492	15.858
-4491	12.575
-4490	23.138
-4489	19.795
-4488	8.401
-4487	18.889
-4486	20.077
-4485	19.335
-4484	19.528
-4483	14.625
-4482	22.781
-4481	20.241
-4480	17.552
-4479	22.93
-4478	13.006
-4477	17.819
-4476	27.906
-4475	16.883
-4474	10.703
-4473	27.357
-4472	14.937
-4471	27.461
-4470	27.357
-4469	18.012
-4468	12.397
-4467	23.42
-4466	14.581
-4465	25.633
-4464	18.978
-4463	26.911
-4462	18.517
-4461	22.751
-4460	21.102
-4459	18.295
-4458	22.395
-4457	22.291
-4456	17.121
-4455	23.613
-4454	28.976
-4453	18.621
-4452	21.979
-4451	19.171
-4450	19.602
-4449	27.015
-4448	25.47
-4447	19.706
-4446	13.6
-4445	22.796
-4444	16.289
-4443	26.495
-4442	23.672
-4441	15.68
-4440	18.131
-4439	19.186
-4438	20.27
-4437	22.41
-4436	24.148
-4435	20.894
-4434	18.265
-4433	22.558
-4432	9.886
-4431	11.491
-4430	20.701
-4429	13.392
-4428	20.122
-4427	23.821
-4426	24.653
-4425	16.482
-4424	17.21
-4423	26.97
-4422	22.736
-4421	14.7
-4420	25.96
-4419	15.517
-4418	14.908
-4417	17.403
-4416	19.81
-4415	18.933
-4414	19.023
-4413	20.761
-4412	24.088
-4411	16.958
-4410	5.697
-4409	15.145
-4408	23.851
-4407	23.643
-4406	20.969
-4405	25.411
-4404	26.896
-4403	28.382
-4402	20.493
-4401	29.377
-4400	24.519
-4399	25.975
-4398	23.078
-4397	22.291
-4396	24.564
-4395	20.642
-4394	23.197
-4393	21.622
-4392	21.206
-4391	23.554
-4390	24.222
-4389	18.815
-4388	23.286
-4387	9.693
-4386	23.702
-4385	24.341
-4384	16.126
-4383	22.9
-4382	10.689
-4381	20.374
-4380	17.478
-4379	20.478
-4378	20.077
-4377	9.545
-4376	19.914
-4375	15.175
-4374	25.336
-4373	20.478
-4372	21.89
-4371	19.216
-4370	19.394
-4369	25.693
-4368	7.688
-4367	16.126
-4366	18.77
-4365	15.739
-4364	21.994
-4363	19.825
-4362	25.99
-4361	14.105
-4360	20.211
-4359	20.657
-4358	25.188
-4357	17.671
-4356	7.688
-4355	13.169
-4354	22.588
-4353	24.742
-4352	19.082
-4351	24.192
-4350	18.027
-4349	17.151
-4348	23.331
-4347	21.667
-4346	13.972
-4345	21.786
-4344	13.363
-4343	22.9
-4342	26.421
-4341	21.132
-4340	22.142
-4339	23.732
-4338	19.81
-4337	19.929
-4336	7.554
-4335	20.538
-4334	20.077
-4333	23.152
-4332	21.31
-4331	24.014
-4330	24.816
-4329	24.103
-4328	9.426
-4327	24.385
-4326	15.665
-4325	25.396
-4324	18.146
-4323	18.636
-4322	21.266
-4321	17.804
-4320	21.073
-4319	18.28
-4318	19.528
-4317	23.197
-4316	16.274
-4315	20.686
-4314	21.37
-4313	17.656
-4312	15.234
-4311	19.424
-4310	15.576
-4309	16.75
-4308	26.955
-4307	14.506
-4306	16.987
-4305	21.34
-4304	17.775
-4303	21.37
-4302	15.65
-4301	15.264
-4300	18.443
-4299	23.197
-4298	17.374
-4297	22.127
-4296	20.746
-4295	29.08
-4294	24.341
-4293	20.27
-4292	18.027
-4291	16.958
-4290	8.95
-4289	19.008
-4288	23.658
-4287	22.217
-4286	21.459
-4285	20.79
-4284	21.192
-4283	15.843
-4282	14.165
-4281	21.459
-4280	21.37
-4279	22.811
-4278	21.058
-4277	21.429
-4276	20.776
-4275	22.662
-4274	15.621
-4273	19.647
-4272	18.295
-4271	22.023
-4270	20.612
-4269	17.626
-4268	20.597
-4267	19.988
-4266	18.146
-4265	9.738
-4264	23.063
-4263	26.079
-4262	25.024
-4261	22.87
-4260	21.162
-4259	5.86
-4258	21.533
-4257	14.833
-4256	19.067
-4255	21.667
-4254	18.25
-4253	20.85
-4252	21.028
-4251	17.611
-4250	16.557
-4249	22.425
-4248	14.863
-4247	16.824
-4246	13.615
-4245	18.532
-4244	19.929
-4243	20.909
-4242	25.648
-4241	19.929
-4240	19.632
-4239	26.124
-4238	17.834
-4237	15.635
-4236	21.444
-4235	15.858
-4234	14.076
-4233	21.875
-4232	21.622
-4231	25.336
-4230	23.435
-4229	15.546
-4228	19.899
-4227	17.522
-4226	14.12
-4225	21.281
-4224	18.592
-4223	17.388
-4222	16.319
-4221	22.618
-4220	19.543
-4219	24.014
-4218	21.518
-4217	16.438
-4216	20.389
-4215	22.098
-4214	18.488
-4213	20.122
-4212	24.341
-4211	22.469
-4210	18.399
-4209	25.277
-4208	15.086
-4207	15.175
-4206	17.983
-4205	18.012
-4204	15.502
-4203	18.919
-4202	9.678
-4201	9.381
-4200	21.355
-4199	15.68
-4198	16.334
-4197	21.162
-4196	18.933
-4195	14.105
-4194	13.407
-4193	17.27
-4192	22.573
-4191	19.171
-4190	21.949
-4189	21.741
-4188	16.363
-4187	23.687
-4186	18.859
-4185	19.647
-4184	23.479
-4183	25.96
-4182	23.197
-4181	21.132
-4180	25.93
-4179	12.352
-4178	18.206
-4177	17.21
-4176	19.944
-4175	21.845
-4174	24.683
-4173	19.453
-4172	18.978
-4171	9.738
-4170	22.098
-4169	10.644
-4168	14.863
-4167	24.876
-4166	24.861
-4165	26.406
-4164	19.988
-4163	20.805
-4162	22.707
-4161	10.02
-4160	21.221
-4159	22.261
-4158	22.113
-4157	15.041
-4156	19.958
-4155	15.13
-4154	15.101
-4153	18.176
-4152	22.796
-4151	20.27
-4150	19.869
-4149	21.489
-4148	18.265
-4147	20.062
-4146	19.231
-4145	18.517
-4144	23.019
-4143	24.549
-4142	21.444
-4141	20.939
-4140	21.399
-4139	19.973
-4138	10.867
-4137	17.76
-4136	23.405
-4135	22.083
-4134	24.281
-4133	26.168
-4132	16.066
-4131	17.047
-4130	11.758
-4129	19.379
-4128	20.345
-4127	18.919
-4126	21.266
-4125	23.301
-4124	18.087
-4123	12.947
-4122	23.108
-4121	22.454
-4120	17.864
-4119	21.058
-4118	19.29
-4117	20.805
-4116	18.28
-4115	16.661
-4114	18.517
-4113	25.633
-4112	20.003
-4111	17.284
-4110	18.354
-4109	21.043
-4108	19.186
-4107	22.633
-4106	19.26
-4105	19.706
-4104	6.529
-4103	25.217
-4102	21.949
-4101	15.457
-4100	18.087
-4099	23.628
-4098	14.789
-4097	16.467
-4096	20.716
-4095	23.806
-4094	24.638
-4093	15.754
-4092	17.21
-4091	17.908
-4090	18.384
-4089	15.338
-4088	16.779
-4087	12.189
-4086	23.672
-4085	14.269
-4084	15.665
-4083	17.002
-4082	19.498
-4081	17.166
-4080	18.22
-4079	17.166
-4078	17.656
-4077	21.578
-4076	17.894
-4075	21.399
-4074	9.322
-4073	19.349
-4072	21.786
-4071	24.252
-4070	25.366
-4069	25.901
-4068	17.596
-4067	17.062
-4066	18.042
-4065	20.805
-4064	7.866
-4063	24.074
-4062	15.873
-4061	16.126
-4060	17.656
-4059	8.282
-4058	21.444
-4057	13.259
-4056	21.593
-4055	18.399
-4054	13.6
-4053	16.883
-4052	19.082
-4051	15.561
-4050	14.373
-4049	19.691
-4048	23.91
-4047	24.965
-4046	21.548
-4045	19.988
-4044	11.58
-4043	19.81
-4042	19.765
-4041	18.607
-4040	15.472
-4039	22.083
-4038	23.598
-4037	21.117
-4036	23.658
-4035	17.388
-4034	19.29
-4033	18.25
-4032	20.048
-4031	12.872
-4030	19.112
-4029	19.854
-4028	20.523
-4027	16.631
-4026	15.145
-4025	19.572
-4024	22.692
-4023	18.577
-4022	15.532
-4021	21.919
-4020	21.741
-4019	18.517
-4018	20.3
-4017	18.725
-4016	21.726
-4015	23.479
-4014	27.758
-4013	23.494
-4012	16.066
-4011	16.423
-4010	24.385
-4009	18.042
-4008	16.393
-4007	17.864
-4006	27.059
-4005	24.296
-4004	19.602
-4003	16.453
-4002	29.407
-4001	24.029
-4000	17.76
-3999	19.587
-3998	25.099
-3997	27.163
-3996	20.894
-3995	17.686
-3994	17.626
-3993	6.395
-3992	24.801
-3991	17.879
-3990	10.555
-3989	20.092
-3988	18.577
-3987	13.749
-3986	18.057
-3985	22.276
-3984	23.093
-3983	21.281
-3982	10.317
-3981	21.013
-3980	22.083
-3979	22.023
-3978	22.618
-3977	26.406
-3976	18.978
-3975	23.152
-3974	23.36
-3973	13.689
-3972	20.404
-3971	25.841
-3970	12.56
-3969	21.281
-3968	22.484
-3967	27.059
-3966	21.102
-3965	19.557
-3964	19.632
-3963	18.206
-3962	14.863
-3961	17.374
-3960	18.131
-3959	20.642
-3958	18.384
-3957	22.84
-3956	16.824
-3955	13.169
-3954	15.205
-3953	21.83
-3952	13.957
-3951	7.079
-3950	18.74
-3949	20.434
-3948	19.156
-3947	16.661
-3946	16.542
-3945	17.775
-3944	22.038
-3943	19.884
-3942	16.616
-3941	18.22
-3940	20.672
-3939	19.112
-3938	18.948
-3937	17.849
-3936	13.883
-3935	23.524
-3934	17.507
-3933	23.955
-3932	17.894
-3931	14.596
-3930	16.675
-3929	16.215
-3928	24.029
-3927	12.085
-3926	15.457
-3925	20.894
-3924	24.787
-3923	23.583
-3922	21.043
-3921	18.369
-3920	23.019
-3919	4.553
-3918	25.782
-3917	20.315
-3916	20.003
-3915	18.963
-3914	12.739
-3913	18.829
-3912	15.784
-3911	20.003
-3910	15.056
-3909	23.509
-3908	18.859
-3907	23.316
-3906	22.87
-3905	20.226
-3904	17.329
-3903	21.058
-3902	12.085
-3901	19.349
-3900	18.399
-3899	23.554
-3898	22.053
-3897	22.484
-3896	15.413
-3895	20.374
-3894	12.605
-3893	22.751
-3892	16.245
-3891	19.661
-3890	15.873
-3889	22.989
-3888	22.944
-3887	22.038
-3886	17.284
-3885	19.944
-3884	23.078
-3883	17.136
-3882	20.374
-3881	25.767
-3880	25.069
-3879	4.226
-3878	17.522
-3877	22.529
-3876	15.68
-3875	25.381
-3874	22.35
-3873	22.172
-3872	13.333
-3871	24.549
-3870	20.865
-3869	19.661
-3868	21.667
-3867	14.7
-3866	19.468
-3865	23.138
-3864	22.068
-3863	21.533
-3862	21.637
-3861	17.522
-3860	13.095
-3859	15.353
-3858	22.231
-3857	22.291
-3856	20.181
-3855	25.381
-3854	24.059
-3853	19.973
-3852	14.833
-3851	21.162
-3850	19.617
-3849	22.662
-3848	22.647
-3847	24.519
-3846	12.219
-3845	20.181
-3844	16.69
-3843	21.682
-3842	26.525
-3841	19.394
-3840	14.878
-3839	20.672
-3838	14.833
-3837	21.726
-3836	8
-3835	21.31
-3834	22.321
-3833	20.924
-3832	21.607
-3831	26.138
-3830	8.163
-3829	17.151
-3828	19.201
-3827	20.315
-3826	13.541
-3825	18.458
-3824	19.958
-3823	25.381
-3822	11.565
-3821	29.228
-3820	21.622
-3819	25.084
-3818	25.633
-3817	31.085
-3816	7.391
-3815	23.568
-3814	19.661
-3813	20.998
-3812	7.168
-3811	26.51
-3810	25.648
-3809	22.93
-3808	20.33
-3807	22.187
-3806	20.27
-3805	7.272
-3804	19.498
-3803	12.56
-3802	17.448
-3801	23.643
-3800	12.011
-3799	24.415
-3798	22.276
-3797	13.883
-3796	24.371
-3795	20.672
-3794	24.222
-3793	20.523
-3792	22.202
-3791	23.42
-3790	19.052
-3789	17.76
-3788	18.815
-3787	17.775
-3786	17.656
-3785	20.582
-3784	18.978
-3783	21.147
-3782	18.443
-3781	8.356
-3780	19.379
-3779	15.903
-3778	15.338
-3777	18.146
-3776	16.363
-3775	18.443
-3774	7.732
-3773	22.9
-3772	21.845
-3771	16.215
-3770	20.88
-3769	22.558
-3768	15.992
-3767	12.248
-3766	19.498
-3765	22.647
-3764	22.558
-3763	19.944
-3762	23.034
-3761	24.103
-3760	21.043
-3759	21.711
-3758	16.185
-3757	17.552
-3756	19.988
-3755	12.011
-3754	23.212
-3753	21.578
-3752	22.038
-3751	17.908
-3750	9.946
-3749	24.697
-3748	22.202
-3747	17.047
-3746	19.84
-3745	17.522
-3744	21.489
-3743	22.425
-3742	11.714
-3741	19.929
-3740	21.533
-3739	20.226
-3738	19.439
-3737	21.786
-3736	14.328
-3735	21.637
-3734	22.38
-3733	22.023
-3732	24.385
-3731	19.141
-3730	18.577
-3729	17.894
-3728	18.503
-3727	22.469
-3726	17.076
-3725	14.625
-3724	19.32
-3723	13.957
-3722	7.227
-3721	24.46
-3720	23.152
-3719	22.395
-3718	20.642
-3717	22.41
-3716	25.559
-3715	26.658
-3714	19.023
-3713	21.162
-3712	19.617
-3711	15.16
-3710	23.464
-3709	24.623
-3708	18.933
-3707	18.324
-3706	22.291
-3705	18.191
-3704	23.984
-3703	22.499
-3702	25.99
-3701	23.45
-3700	12.62
-3699	9.693
-3698	21.251
-3697	14.833
-3696	22.796
-3695	24.801
-3694	21.281
-3693	15.784
-3692	17.314
-3691	13.511
-3690	28.59
-3689	24.593
-3688	17.923
-3687	21.697
-3686	19.513
-3685	21.726
-3684	23.658
-3683	22.633
-3682	17.686
-3681	21.429
-3680	5.712
-3679	25.529
-3678	24.014
-3677	21.801
-3676	20.493
-3675	28.842
-3674	21.34
-3673	18.919
-3672	22.276
-3671	19.127
-3670	16.378
-3669	9.664
-3668	20.969
-3667	20.746
-3666	20.642
-3665	18.235
-3664	24.133
-3663	25.485
-3662	17.225
-3661	7.197
-3660	25.039
-3659	23.836
-3658	23.613
-3657	19.691
-3656	26.45
-3655	20.686
-3654	19.216
-3653	19.112
-3652	16.096
-3651	23.658
-3650	13.897
-3649	26.421
-3648	22.84
-3647	16.958
-3646	19.854
-3645	23.999
-3644	26.45
-3643	21.385
-3642	19.201
-3641	23.167
-3640	22.306
-3639	22.335
-3638	12.62
-3637	18.191
-3636	22.751
-3635	24.816
-3634	11.981
-3633	21.221
-3632	16.304
-3631	15.398
-3630	20.315
-3629	23.227
-3628	21.652
-3627	23.182
-3626	19.632
-3625	15.843
-3624	9.485
-3623	16.987
-3622	21.667
-3621	6.172
-3620	24.995
-3619	25.529
-3618	22.395
-3617	19.112
-3616	25.277
-3615	19.676
-3614	22.276
-3613	9.619
-3612	21.117
-3611	21.964
-3610	21.073
-3609	16.987
-3608	20.954
-3607	7.049
-3606	26.941
-3605	21.741
-3604	17.804
-3603	18.755
-3602	20.716
-3601	15.205
-3600	14.982
-3599	18.102
-3598	17.849
-3597	23.048
-3596	23.123
-3595	20.315
-3594	20.746
-3593	24.549
-3592	21.147
-3591	24.564
-3590	17.804
-3589	17.403
-3588	12.07
-3587	19.468
-3586	15.769
-3585	13.407
-3584	18.74
-3583	23.672
-3582	9.292
-3581	16.111
-3580	19.097
-3579	14.818
-3578	9.129
-3577	23.702
-3576	25.277
-3575	22.811
-3574	18.369
-3573	24.638
-3572	19.424
-3571	24.638
-3570	13.437
-3569	15.324
-3568	19.127
-3567	22.974
-3566	16.141
-3565	15.947
-3564	21.355
-3563	14.67
-3562	12.204
-3561	24.371
-3560	11.105
-3559	24.177
-3558	25.589
-3557	24.772
-3556	22.231
-3555	21.236
-3554	20.389
-3553	20.746
-3552	12.991
-3551	18.74
-3550	19.572
-3549	23.093
-3548	21.162
-3547	17.492
-3546	24.177
-3545	20.285
-3544	11.253
-3543	11.119
-3542	14.091
-3541	21.533
-3540	21.815
-3539	23.776
-3538	21.459
-3537	22.172
-3536	24.341
-3535	22.41
-3534	11.61
-3533	23.019
-3532	25.262
-3531	20.716
-3530	17.611
-3529	23.242
-3528	20.612
-3527	24.103
-3526	19.082
-3525	20.701
-3524	24.593
-3523	24.118
-3522	15.026
-3521	21.34
-3520	16.512
-3519	17.611
-3518	14.417
-3517	22.558
-3516	22.321
-3515	25.99
-3514	17.047
-3513	20.82
-3512	19.572
-3511	14.581
-3510	19.156
-3509	6.737
-3508	27.832
-3507	23.39
-3506	20.493
-3505	15.754
-3504	19.661
-3503	26.658
-3502	21.726
-3501	24.816
-3500	26.658
-3499	9.946
-3498	18.458
-3497	21.192
-3496	21.058
-3495	23.316
-3494	25.262
-3493	16.259
-3492	11.892
-3491	23.271
-3490	17.968
-3489	19.275
-3488	20.33
-3487	13.214
-3486	17.596
-3485	23.212
-3484	21.905
-3483	18.28
-3482	21.281
-3481	19.647
-3480	23.435
-3479	24.683
-3478	11.951
-3477	22.633
-3476	23.048
-3475	11.253
-3474	16.735
-3473	24.103
-3472	26.094
-3471	23.078
-3470	23.42
-3469	26.644
-3468	19.973
-3467	20.449
-3466	21.637
-3465	23.494
-3464	26.822
-3463	19.721
-3462	7.361
-3461	19.78
-3460	27.223
-3459	24.98
-3458	14.536
-3457	20.88
-3456	20.374
-3455	24.668
-3454	19.676
-3453	19.483
-3452	5.979
-3451	27.594
-3450	26.094
-3449	13.288
-3448	23.152
-3447	21.295
-3446	18.31
-3445	25.693
-3444	21.459
-3443	19.052
-3442	21.518
-3441	14.833
-3440	13.719
-3439	14.729
-3438	21.385
-3437	24.371
-3436	19.78
-3435	18.963
-3434	19.29
-3433	19.513
-3432	12.857
-3431	19.379
-3430	21.236
-3429	23.123
-3428	12.471
-3427	19.231
-3426	23.791
-3425	21.147
-3424	21.058
-3423	22.633
-3422	20.196
-3421	22.127
-3420	23.078
-3419	20.909
-3418	17.002
-3417	14.477
-3416	24.757
-3415	20.508
-3414	14.759
-3413	15.071
-3412	20.672
-3411	23.42
-3410	21.979
-3409	20.464
-3408	19.023
-3407	16.274
-3406	18.919
-3405	14.967
-3404	22.87
-3403	23.435
-3402	16.72
-3401	19.305
-3400	18.31
-3399	19.483
-3398	16.75
-3397	19.023
-3396	20.404
-3395	21.786
-3394	15.71
-3393	23.88
-3392	21.37
-3391	8.193
-3390	18.725
-3389	13.838
-3388	22.231
-3387	23.955
-3386	15.116
-3385	18.295
-3384	20.003
-3383	25.455
-3382	25.024
-3381	18.547
-3380	22.142
-3379	14.655
-3378	21.994
-3377	18.339
-3376	20.939
-3375	22.038
-3374	16.705
-3373	22.187
-3372	18.8
-3371	13.823
-3370	18.978
-3369	17.507
-3368	17.062
-3367	19.468
-3366	20.954
-3365	21.726
-3364	27.565
-3363	13.377
-3362	18.428
-3361	18.725
-3360	22.618
-3359	25.559
-3358	17.329
-3357	7.242
-3356	28.991
-3355	19.513
-3354	21.771
-3353	17.047
-3352	20.538
-3351	21.028
-3350	16.779
-3349	18.681
-3348	18.072
-3347	18.399
-3346	12.13
-3345	13.585
-3344	24.177
-3343	22.915
-3342	16.334
-3341	16.081
-3340	18.191
-3339	14.358
-3338	18.354
-3337	22.885
-3336	14.417
-3335	16.393
-3334	13.897
-3333	18.577
-3332	18.562
-3331	19.008
-3330	22.751
-3329	20.746
-3328	11.728
-3327	15.012
-3326	23.509
-3325	22.023
-3324	21.83
-3323	19.141
-3322	17.998
-3321	23.866
-3320	25.217
-3319	21.162
-3318	24.593
-3317	16.423
-3316	18.815
-3315	10.495
-3314	17.879
-3313	24.579
-3312	22.944
-3311	19.141
-3310	19.706
-3309	16.958
-3308	15.279
-3307	20.85
-3306	23.999
-3305	21.979
-3304	21.399
-3303	26.287
-3302	21.503
-3301	23.138
-3300	18.978
-3299	14.893
-3298	20.419
-3297	20.79
-3296	24.207
-3295	16.467
-3294	20.478
-3293	20.79
-3292	18.057
-3291	16.824
-3290	18.206
-3289	16.958
-3288	11.936
-3287	14.477
-3286	20.998
-3285	20.419
-3284	22.781
-3283	17.24
-3282	12.055
-3281	19.231
-3280	14.625
-3279	22.989
-3278	18.28
-3277	20.568
-3276	23.762
-3275	19.632
-3274	23.42
-3273	24.371
-3272	10.867
-3271	25.113
-3270	20.909
-3269	24.579
-3268	21.964
-3267	16.571
-3266	26.317
-3265	25.5
-3264	20.835
-3263	18.324
-3262	23.94
-3261	21.667
-3260	18.161
-3259	22.365
-3258	20.419
-3257	13.244
-3256	18.562
-3255	21.192
-3254	21.34
-3253	8.312
-3252	11.431
-3251	21.697
-3250	23.836
-3249	15.947
-3248	20.523
-3247	21.622
-3246	10.332
-3245	20.924
-3244	23.286
-3243	18.725
-3242	21.385
-3241	18.829
-3240	20.776
-3239	15.086
-3238	20.538
-3237	21.399
-3236	27.639
-3235	19.453
-3234	24.504
-3233	18.488
-3232	19.825
-3231	23.093
-3230	22.41
-3229	21.89
-3228	21.385
-3227	9.099
-3226	20.998
-3225	18.621
-3224	6.38
-3223	27.371
-3222	18.592
-3221	21.652
-3220	21.815
-3219	18.948
-3218	21.578
-3217	16.007
-3216	21.177
-3215	16.438
-3214	21.399
-3213	19.335
-3212	19.379
-3211	23.004
-3210	19.825
-3209	20.701
-3208	19.052
-3207	21.474
-3206	10.941
-3205	25.217
-3204	22.885
-3203	22.425
-3202	25.009
-3201	21.236
-3200	22.053
-3199	24.356
-3198	14.046
-3197	11.253
-3196	16.779
-3195	13.407
-3194	20.36
-3193	19.543
-3192	19.899
-3191	21.845
-3190	16.571
-3189	13.897
-3188	14.209
-3187	14.922
-3186	14.952
-3185	13.972
-3184	17.834
-3183	23.42
-3182	21.503
-3181	20.746
-3180	20.998
-3179	22.647
-3178	24.014
-3177	18.874
-3176	19.141
-3175	22.855
-3174	18.072
-3173	20.597
-3172	22.618
-3171	19.052
-3170	17.834
-3169	21.281
-3168	22.588
-3167	19.944
-3166	22.781
-3165	21.622
-3164	21.622
-3163	23.821
-3162	20.493
-3161	17.017
-3160	14.967
-3159	17.136
-3158	19.676
-3157	22.127
-3156	23.034
-3155	23.88
-3154	14.388
-3153	23.108
-3152	19.141
-3151	19.186
-3150	23.063
-3149	13.363
-3148	24.816
-3147	21.622
-3146	26.02
-3145	21.652
-3144	18.844
-3143	21.028
-3142	18.725
-3141	21.028
-3140	20.434
-3139	23.658
-3138	26.198
-3137	21.875
-3136	25.722
-3135	23.004
-3134	25.203
-3133	21.147
-3132	11.907
-3131	23.271
-3130	17.314
-3129	17.537
-3128	19.78
-3127	23.138
-3126	22.113
-3125	21.102
-3124	23.256
-3123	23.42
-3122	17.76
-3121	20.285
-3120	18.235
-3119	17.463
-3118	20.85
-3117	21.414
-3116	17.76
-3115	14.774
-3114	23.464
-3113	21.355
-3112	18.77
-3111	16.185
-3110	13.333
-3109	23.063
-3108	20.36
-3107	23.435
-3106	18.711
-3105	21.652
-3104	23.256
-3103	22.647
-3102	21.934
-3101	20.211
-3100	11.892
-3099	21.459
-3098	18.443
-3097	19.008
-3096	15.829
-3095	21.444
-3094	19.736
-3093	19.765
-3092	21.994
-3091	22.365
-3090	27.163
-3089	23.821
-3088	21.964
-3087	20.731
-3086	6.306
-3085	21.83
-3084	20.211
-3083	20.018
-3082	24.653
-3081	21.355
-3080	12.263
-3079	14.447
-3078	22.736
-3077	22.439
-3076	20.805
-3075	17.879
-3074	19.795
-3073	23.88
-3072	23.91
-3071	25.084
-3070	13.437
-3069	21.518
-3068	19.676
-3067	20.033
-3066	24.281
-3065	19.409
-3064	21.221
-3063	25.826
-3062	24.579
-3061	17.076
-3060	11.446
-3059	23.152
-3058	17.998
-3057	20.805
-3056	20.196
-3055	21.518
-3054	20.374
-3053	19.008
-3052	9.738
-3051	12.843
-3050	21.028
-3049	21.088
-3048	20.048
-3047	16.75
-3046	23.97
-3045	20.3
-3044	22.811
-3043	22.217
-3042	23.672
-3041	21.875
-3040	22.127
-3039	26.049
-3038	17.151
-3037	23.643
-3036	19.587
-3035	16.022
-3034	20.493
-3033	19.736
-3032	17.998
-3031	19.409
-3030	20.969
-3029	24.281
-3028	14.016
-3027	25.663
-3026	18.577
-3025	19.349
-3024	20.152
-3023	21.102
-3022	15.19
-3021	20.746
-3020	19.602
-3019	16.259
-3018	18.815
-3017	22.306
-3016	21.979
-3015	19.349
-3014	19.706
-3013	20.092
-3012	16.69
-3011	10.941
-3010	20.553
-3009	22.41
-3008	24.549
-3007	24.415
-3006	22.87
-3005	23.866
-3004	19.26
-3003	19.335
-3002	22.113
-3001	25.455
-3000	24.891
-2999	21.949
-2998	20.998
-2997	19.81
-2996	25.44
-2995	23.97
-2994	21.83
-2993	12.144
-2992	26.807
-2991	23.821
-2990	19.468
-2989	20.686
-2988	25.321
-2987	17.032
-2986	19.513
-2985	12.605
-2984	19.305
-2983	15.517
-2982	21.667
-2981	17.745
-2980	22.989
-2979	23.821
-2978	23.598
-2977	22.172
-2976	6.811
-2975	24.534
-2974	10.911
-2973	25.871
-2972	28.114
-2971	22.662
-2970	11.624
-2969	23.598
-2968	26.361
-2967	23.851
-2966	20.553
-2965	23.672
-2964	24.727
-2963	26.005
-2962	18.057
-2961	25.188
-2960	18.666
-2959	22.499
-2958	12.055
-2957	23.271
-2956	16.274
-2955	21.162
-2954	24.326
-2953	17.938
-2952	22.365
-2951	22.395
-2950	24.519
-2949	17.79
-2948	22.113
-2947	25.277
-2946	23.242
-2945	23.554
-2944	24.252
-2943	24.519
-2942	23.88
-2941	19.231
-2940	22.291
-2939	15.056
-2938	19.394
-2937	25.425
-2936	24.861
-2935	23.717
-2934	12.308
-2933	7.747
-2932	24.579
-2931	20.315
-2930	18.77
-2929	24.415
-2928	22.543
-2927	20.166
-2926	19.944
-2925	23.36
-2924	19.736
-2923	19.067
-2922	13.437
-2921	20.493
-2920	19.958
-2919	19.691
-2918	18.206
-2917	15.933
-2916	20.493
-2915	15.799
-2914	19.691
-2913	12.976
-2912	19.275
-2911	20.597
-2910	20.285
-2909	20.137
-2908	19.305
-2907	20.166
-2906	21.905
-2905	21.399
-2904	18.339
-2903	21.474
-2902	19.721
-2901	21.949
-2900	16.482
-2899	24.772
-2898	20.048
-2897	19.231
-2896	21.919
-2895	20.374
-2894	17.834
-2893	13.169
-2892	21.206
-2891	25.633
-2890	14.596
-2889	20.285
-2888	15.888
-2887	12.382
-2886	21.058
-2885	24.341
-2884	15.799
-2883	14.967
-2882	24.861
-2881	19.141
-2880	22.647
-2879	23.123
-2878	24.757
-2877	24.816
-2876	23.806
-2875	22.172
-2874	16.883
-2873	21.132
-2872	21.786
-2871	24.222
-2870	20.984
-2869	19.245
-2868	19.067
-2867	20.181
-2866	15.026
-2865	21.459
-2864	8.089
-2863	23.598
-2862	24.831
-2861	24.074
-2860	9.233
-2859	19.439
-2858	19.765
-2857	20.582
-2856	16.378
-2855	11.105
-2854	20.048
-2853	22.573
-2852	18.295
-2851	10.198
-2850	21.474
-2849	22.231
-2848	24.549
-2847	20.924
-2846	18.696
-2845	22.38
-2844	19.245
-2843	8.579
-2842	17.314
-2841	20.568
-2840	23.88
-2839	17.596
-2838	12.65
-2837	22.915
-2836	22.098
-2835	17.344
-2834	24.727
-2833	21.489
-2832	14.239
-2831	22.588
-2830	22.023
-2829	24.623
-2828	24.891
-2827	8.252
-2826	22.098
-2825	13.838
-2824	22.142
-2823	11.387
-2822	23.643
-2821	20.062
-2820	24.846
-2819	21.622
-2818	22.217
-2817	22.009
-2816	19.141
-2815	22.023
-2814	24.801
-2813	18.354
-2812	13.6
-2811	23.88
-2810	25.321
-2809	14.997
-2808	28.664
-2807	23.895
-2806	9.827
-2805	17.492
-2804	14.165
-2803	15.457
-2802	14.863
-2801	20.092
-2800	22.514
-2799	21.593
-2798	23.108
-2797	21.34
-2796	15.294
-2795	25.039
-2794	23.524
-2793	12.605
-2792	24.296
-2791	23.256
-2790	23.821
-2789	18.369
-2788	14.343
-2787	16.17
-2786	18.28
-2785	23.36
-2784	20.924
-2783	22.306
-2782	24.133
-2781	17.403
-2780	21.607
-2779	17.641
-2778	24.92
-2777	24.415
-2776	16.557
-2775	16.779
-2774	23.227
-2773	29.08
-2772	20.493
-2771	20.597
-2770	25.069
-2769	25.693
-2768	22.365
-2767	15.576
-2766	25.099
-2765	23.554
-2764	29.526
-2763	22.35
-2762	24.029
-2761	23.271
-2760	26.673
-2759	4.108
-2758	33.537
-2757	25.277
-2756	15.145
-2755	22.722
-2754	18.562
-2753	20.315
-2752	22.603
-2751	22.826
-2750	7.851
-2749	15.873
-2748	13.63
-2747	17.775
-2746	18.057
-2745	19.409
-2744	19.364
-2743	20.894
-2742	20.36
-2741	21.86
-2740	20.478
-2739	13.808
-2738	18.948
-2737	20.196
-2736	25.277
-2735	17.819
-2734	5.816
-2733	22.217
-2732	17.21
-2731	21.905
-2730	22.751
-2729	23.167
-2728	6.93
-2727	20.048
-2726	17.344
-2725	15.16
-2724	23.271
-2723	25.247
-2722	27
-2721	25.143
-2720	21.117
-2719	21.236
-2718	22.454
-2717	23.762
-2716	24.653
-2715	20.538
-2714	27.282
-2713	22.009
-2712	16.363
-2711	15.977
-2710	19.661
-2709	22.543
-2708	23.331
-2707	22.662
-2706	28.322
-2705	19.78
-2704	18.354
-2703	21.949
-2702	24.237
-2701	15.041
-2700	28.293
-2699	21.518
-2698	28.189
-2697	18.443
-2696	8.059
-2695	17.894
-2694	20.969
-2693	23.138
-2692	20.924
-2691	19.78
-2690	23.717
-2689	24.549
-2688	23.271
-2687	18.963
-2686	19.082
-2685	26.361
-2684	19.513
-2683	13.541
-2682	13.6
-2681	6.692
-2680	24.697
-2679	26.138
-2678	20.285
-2677	27.698
-2676	26.436
-2675	24.846
-2674	21.711
-2673	23.375
-2672	14.358
-2671	17.359
-2670	23.925
-2669	24.742
-2668	25.708
-2667	21.578
-2666	28.634
-2665	19.81
-2664	30.06
-2663	20.582
-2662	14.937
-2661	26.837
-2660	23.063
-2659	22.038
-2658	22.127
-2657	20.82
-2656	20.241
-2655	23.806
-2654	18.428
-2653	19.379
-2652	20.79
-2651	21.919
-2650	21.399
-2649	17.091
-2648	22.974
-2647	22.217
-2646	24.385
-2645	19.751
-2644	7.584
-2643	20.345
-2642	25.5
-2641	9.56
-2640	15.502
-2639	21.563
-2638	22.335
-2637	21.875
-2636	16.467
-2635	15.19
-2634	19.141
-2633	17.864
-2632	19.81
-2631	21.132
-2630	11.788
-2629	16.141
-2628	19.468
-2627	19.929
-2626	20.672
-2625	20.894
-2624	20.464
-2623	16.631
-2622	18.131
-2621	18.948
-2620	13.452
-2619	18.948
-2618	16.051
-2617	15.739
-2616	14.551
-2615	24.475
-2614	20.077
-2613	11.372
-2612	21.503
-2611	15.472
-2610	19.453
-2609	22.306
-2608	17.864
-2607	24.564
-2606	21.548
-2605	27.817
-2604	18.874
-2603	23.301
-2602	25.708
-2601	23.925
-2600	24.653
-2599	16.408
-2598	20.077
-2597	18.443
-2596	20.449
-2595	19.008
-2594	21.31
-2593	24.044
-2592	17.344
-2591	7.866
-2590	26.406
-2589	20.523
-2588	12.159
-2587	20.761
-2586	23.687
-2585	15.472
-2584	23.464
-2583	20.092
-2582	17.686
-2581	18.607
-2580	10.332
-2579	17.953
-2578	17.136
-2577	17.002
-2576	19.795
-2575	23.034
-2574	16.571
-2573	17.908
-2572	13.214
-2571	18.815
-2570	21.593
-2569	18.042
-2568	20.256
-2567	10.094
-2566	21.593
-2565	20.062
-2564	9.946
-2563	24.371
-2562	24.415
-2561	15.517
-2560	22.38
-2559	16.973
-2558	21.385
-2557	21.875
-2556	20.865
-2555	19.765
-2554	19.26
-2553	14.655
-2552	19.082
-2551	13.318
-2550	20.3
-2549	24.757
-2548	22.053
-2547	18.31
-2546	16.423
-2545	15.324
-2544	15.903
-2543	14.417
-2542	29.006
-2541	22.766
-2540	12.902
-2539	18.844
-2538	22.529
-2537	23.554
-2536	17.983
-2535	23.063
-2534	21.786
-2533	12.144
-2532	15.561
-2531	19.854
-2530	15.992
-2529	20.196
-2528	12.144
-2527	19.349
-2526	18.711
-2525	19.156
-2524	12.1
-2523	21.281
-2522	22.083
-2521	23.91
-2520	25.856
-2519	15.13
-2518	16.007
-2517	8.713
-2516	25.381
-2515	24.861
-2514	15.101
-2513	21.949
-2512	19.914
-2511	16.304
-2510	20.493
-2509	18.859
-2508	23.331
-2507	21.578
-2506	16.051
-2505	19.825
-2504	13.125
-2503	17.255
-2502	18.904
-2501	23.539
-2500	19.349
-2499	21.162
-2498	21.726
-2497	19.201
-2496	20.998
-2495	16.512
-2494	8.119
-2493	24.445
-2492	21.073
-2491	26.465
-2490	21.132
-2489	11.164
-2488	20.761
-2487	18.963
-2486	20.048
-2485	22.87
-2484	19.275
-2483	19.572
-2482	17.403
-2481	10.674
-2480	19.572
-2479	21.295
-2478	19.216
-2477	20.092
-2476	25.381
-2475	19.513
-2474	16.928
-2473	17.745
-2472	19.929
-2471	24.148
-2470	16.69
-2469	22.84
-2468	15.903
-2467	26.049
-2466	25.678
-2465	19.32
-2464	23.806
-2463	25.292
-2462	21.37
-2461	13.719
-2460	25.128
-2459	17.091
-2458	7.985
-2457	24.237
-2456	24.965
-2455	22.722
-2454	17.27
-2453	19.305
-2452	20.107
-2451	18.384
-2450	19.795
-2449	17.106
-2448	9.188
-2447	23.524
-2446	21.964
-2445	20.077
-2444	15.487
-2443	19.023
-2442	16.557
-2441	15.903
-2440	19.483
-2439	19.944
-2438	20.939
-2437	15.16
-2436	13.422
-2435	20.27
-2434	16.973
-2433	19.647
-2432	18.517
-2431	21.295
-2430	23.271
-2429	21.593
-2428	18.993
-2427	22.172
-2426	12.456
-2425	21.563
-2424	20.672
-2423	21.741
-2422	11.357
-2421	15.175
-2420	14.566
-2419	14.596
-2418	19.602
-2417	13.897
-2416	19.721
-2415	16.854
-2414	14.937
-2413	16.631
-2412	17.284
-2411	20.612
-2410	22.068
-2409	20.627
-2408	24.341
-2407	20.523
-2406	21.875
-2405	20.434
-2404	23.539
-2403	19.572
-2402	18.31
-2401	22.662
-2400	21.845
-2399	9.961
-2398	23.494
-2397	22.751
-2396	19.453
-2395	22.053
-2394	17.047
-2393	8.297
-2392	18.785
-2391	20.776
-2390	19.379
-2389	21.86
-2388	20.984
-2387	18.829
-2386	23.806
-2385	25.039
-2384	20.226
-2383	8.356
-2382	26.213
-2381	21.949
-2380	17.73
-2379	21.548
-2378	25.069
-2377	13.615
-2376	15.517
-2375	20.211
-2374	20.092
-2373	26.183
-2372	17.923
-2371	9.545
-2370	9.411
-2369	26.54
-2368	17.656
-2367	21.088
-2366	19.676
-2365	14.402
-2364	18.948
-2363	22.276
-2362	18.22
-2361	22.484
-2360	24.727
-2359	23.167
-2358	22.618
-2357	18.829
-2356	24.846
-2355	22.588
-2354	21.964
-2353	20.493
-2352	16.631
-2351	10.065
-2350	25.752
-2349	21.518
-2348	21.682
-2347	18.948
-2346	22.915
-2345	18.696
-2344	22.098
-2343	21.37
-2342	25.886
-2341	12.62
-2340	21.682
-2339	25.128
-2338	15.383
-2337	28.723
-2336	19.513
-2335	23.271
-2334	23.138
-2333	23.539
-2332	15.814
-2331	17.686
-2330	27.877
-2329	21.875
-2328	22.692
-2327	25.366
-2326	15.041
-2325	14.937
-2324	21.355
-2323	23.554
-2322	14.254
-2321	13.481
-2320	20.686
-2319	20.597
-2318	19.483
-2317	24.118
-2316	20.88
-2315	15.086
-2314	11.06
-2313	23.197
-2312	17.18
-2311	22.425
-2310	25.158
-2309	24.4
-2308	21.295
-2307	19.751
-2306	24.593
-2305	22.974
-2304	17.255
-2303	12.768
-2302	21.711
-2301	22.529
-2300	23.212
-2299	22.781
-2298	16.482
-2297	22.187
-2296	18.577
-2295	7.272
-2294	25.366
-2293	18.829
-2292	24.029
-2291	20.107
-2290	15.799
-2289	19.765
-2288	8.757
-2287	15.19
-2286	17.433
-2285	20.642
-2284	21.073
-2283	21.34
-2282	17.388
-2281	16.928
-2280	16.423
-2279	20.107
-2278	22.885
-2277	20.285
-2276	18.904
-2275	16.438
-2274	14.194
-2273	12.813
-2272	10.525
-2271	20.85
-2270	15.145
-2269	20.627
-2268	19.409
-2267	17.611
-2266	21.815
-2265	26.748
-2264	20.033
-2263	11.758
-2262	22.231
-2261	16.765
-2260	16.631
-2259	21.088
-2258	19.409
-2257	12.427
-2256	19.424
-2255	20.657
-2254	14.655
-2253	23.583
-2252	21.295
-2251	24.296
-2250	21.088
-2249	11.357
-2248	23.242
-2247	27.713
-2246	25.158
-2245	18.399
-2244	24.252
-2243	23.658
-2242	8.995
-2241	27.163
-2240	8.371
-2239	20.226
-2238	21.919
-2237	8.401
-2236	10.689
-2235	28.07
-2234	28.293
-2233	22.558
-2232	13.66
-2231	12.085
-2230	21.652
-2229	17.522
-2228	21.459
-2227	21.711
-2226	16.096
-2225	21.325
-2224	25.321
-2223	18.458
-2222	24.341
-2221	26.049
-2220	17.552
-2219	17.968
-2218	15.635
-2217	27.773
-2216	21.177
-2215	16.051
-2214	25.381
-2213	27.386
-2212	24.742
-2211	23.717
-2210	14.091
-2209	20.805
-2208	20.122
-2207	22.662
-2206	25.856
-2205	23.494
-2204	18.413
-2203	21.414
-2202	25.069
-2201	11.268
-2200	22.009
-2199	21.325
-2198	21.563
-2197	14.076
-2196	23.152
-2195	20.419
-2194	23.762
-2193	17.537
-2192	24.831
-2191	24.861
-2190	13.14
-2189	20.478
-2188	25.604
-2187	20.984
-2186	24.519
-2185	21.548
-2184	19.706
-2183	20.538
-2182	23.063
-2181	27.698
-2180	12.932
-2179	9.738
-2178	19.736
-2177	18.012
-2176	7.584
-2175	25.173
-2174	18.948
-2173	16.631
-2172	24.133
-2171	17.686
-2170	20.478
-2169	19.037
-2168	20.553
-2167	20.478
-2166	21.637
-2165	28.426
-2164	20.137
-2163	24.177
-2162	12.605
-2161	12.486
-2160	18.31
-2159	20.36
-2158	15.428
-2157	18.547
-2156	12.605
-2155	10.57
-2154	19.453
-2153	20.389
-2152	21.593
-2151	20.137
-2150	24.163
-2149	10.525
-2148	26.109
-2147	23.628
-2146	16.987
-2145	21.474
-2144	22.84
-2143	15.502
-2142	5.385
-2141	22.766
-2140	25.663
-2139	23.821
-2138	23.866
-2137	25.826
-2136	25.099
-2135	20.315
-2134	21.132
-2133	19.988
-2132	24.98
-2131	12.323
-2130	23.851
-2129	14.744
-2128	18.206
-2127	12.07
-2126	21.964
-2125	16.586
-2124	19.751
-2123	20.582
-2122	22.543
-2121	18.77
-2120	16.705
-2119	22.826
-2118	20.642
-2117	15.012
-2116	12.263
-2115	24.445
-2114	23.197
-2113	16.824
-2112	17.136
-2111	12.412
-2110	22.083
-2109	19.409
-2108	16.467
-2107	24.489
-2106	19.186
-2105	22.84
-2104	24.059
-2103	20.776
-2102	15.606
-2101	24.133
-2100	20.033
-2099	9.649
-2098	17.596
-2097	15.22
-2096	18.948
-2095	18.666
-2094	6.113
-2093	25.47
-2092	21.578
-2091	24.579
-2090	13.511
-2089	20.612
-2088	25.515
-2087	21.31
-2086	15.962
-2085	24.638
-2084	20.508
-2083	22.915
-2082	11.179
-2081	24.787
-2080	21.236
-2079	19.335
-2078	22.127
-2077	9.456
-2076	23.019
-2075	23.034
-2074	10.169
-2073	21.281
-2072	20.79
-2071	23.791
-2070	20.672
-2069	12.843
-2068	18.116
-2067	15.977
-2066	19.082
-2065	21.013
-2064	18.904
-2063	20.003
-2062	20.82
-2061	22.083
-2060	21.192
-2059	17.998
-2058	16.943
-2057	16.007
-2056	21.697
-2055	19.483
-2054	25.722
-2053	22.35
-2052	21.013
-2051	27.624
-2050	23.762
-2049	20.79
-2048	18.473
-2047	21.771
-2046	21.697
-2045	22.425
-2044	11.119
-2043	12.932
-2042	25.113
-2041	11.253
-2040	21.652
-2039	25.47
-2038	21.414
-2037	24.905
-2036	22.231
-2035	21.132
-2034	17.151
-2033	23.91
-2032	19.275
-2031	13.645
-2030	20.85
-2029	26.941
-2028	21.117
-2027	17.923
-2026	9.871
-2025	24.98
-2024	23.658
-2023	15.145
-2022	15.398
-2021	21.295
-2020	24.504
-2019	20.85
-2018	20.969
-2017	22.454
-2016	17.21
-2015	21.325
-2014	19.32
-2013	21.31
-2012	20.909
-2011	27.669
-2010	14.031
-2009	16.007
-2008	22.454
-2007	23.212
-2006	17.775
-2005	23.539
-2004	12.219
-2003	20.612
-2002	20.478
-2001	21.697
-2000	18.384
-1999	9.47
-1998	17.879
-1997	10.971
-1996	22.93
-1995	25.455
-1994	21.088
-1993	23.895
-1992	21.786
-1991	17.79
-1990	23.554
-1989	24.519
-1988	16.23
-1987	13.615
-1986	23.063
-1985	25.812
-1984	21.86
-1983	19.305
-1982	18.577
-1981	9.53
-1980	10.629
-1979	23.346
-1978	23.821
-1977	21.206
-1976	19.453
-1975	22.068
-1974	22.722
-1973	20.107
-1972	27.505
-1971	26.109
-1970	18.859
-1969	15.739
-1968	26.733
-1967	25.975
-1966	23.509
-1965	28.411
-1964	11.818
-1963	17.463
-1962	21.399
-1961	24.207
-1960	19.632
-1959	8.237
-1958	20.166
-1957	23.509
-1956	23.821
-1955	17.775
-1954	16.408
-1953	23.464
-1952	17.908
-1951	21.518
-1950	21.251
-1949	17.73
-1948	23.435
-1947	20.122
-1946	10.629
-1945	16.571
-1944	17.374
-1943	17.968
-1942	20.969
-1941	21.295
-1940	22.202
-1939	20.553
-1938	21.949
-1937	11.446
-1936	23.152
-1935	21.385
-1934	20.686
-1933	21.934
-1932	23.984
-1931	24.683
-1930	9.901
-1929	19.231
-1928	10.763
-1927	23.762
-1926	18.428
-1925	18.815
-1924	21.979
-1923	22.291
-1922	18.889
-1921	24.237
-1920	18.978
-1919	23.048
-1918	18.577
-1917	21.013
-1916	21.949
-1915	20.805
-1914	20.181
-1913	17.151
-1912	17.359
-1911	11.877
-1910	23.554
-1909	25.024
-1908	13.897
-1907	20.196
-1906	21.593
-1905	21.563
-1904	24.876
-1903	26.599
-1902	22.38
-1901	20.909
-1900	25.054
-1899	19.364
-1898	10.362
-1897	21.548
-1896	17.478
-1895	20.122
-1894	21.325
-1893	23.524
-1892	16.958
-1891	24.341
-1890	23.346
-1889	20.36
-1888	21.073
-1887	9.604
-1886	22.677
-1885	25.826
-1884	23.197
-1883	20.731
-1882	21.281
-1881	12.961
-1880	18.889
-1879	18.25
-1878	22.514
-1877	19.186
-1876	16.616
-1875	19.825
-1874	17.388
-1873	19.528
-1872	14.551
-1871	13.422
-1870	25.574
-1869	16.304
-1868	7.658
-1867	20.657
-1866	17.002
-1865	18.725
-1864	19.32
-1863	23.286
-1862	19.572
-1861	19.186
-1860	21.088
-1859	18.042
-1858	20.642
-1857	16.854
-1856	12.085
-1855	20.85
-1854	14.536
-1853	23.88
-1852	20.612
-1851	20.553
-1850	20.181
-1849	26.406
-1848	24.638
-1847	15.279
-1846	9.262
-1845	21.726
-1844	20.865
-1843	24.608
-1842	22.915
-1841	24.296
-1840	22.142
-1839	15.175
-1838	20.776
-1837	27.386
-1836	20.018
-1835	19.498
-1834	21.593
-1833	16.958
-1832	19.721
-1831	14.551
-1830	25.782
-1829	21.37
-1828	17.166
-1827	20.018
-1826	17.492
-1825	21.385
-1824	19.988
-1823	18.651
-1822	14.789
-1821	12.709
-1820	22.38
-1819	23.197
-1818	15.873
-1817	18.399
-1816	15.22
-1815	15.635
-1814	19.023
-1813	18.948
-1812	23.316
-1811	18.206
-1810	24.965
-1809	24.905
-1808	20.181
-1807	21.459
-1806	18.206
-1805	20.092
-1804	24.46
-1803	19.127
-1802	14.893
-1801	21.414
-1800	22.796
-1799	22.588
-1798	23.628
-1797	19.335
-1796	20.285
-1795	10.391
-1794	15.962
-1793	26.703
-1792	23.048
-1791	9.961
-1790	22.529
-1789	24.43
-1788	10.154
-1787	19.453
-1786	14.417
-1785	24.92
-1784	24.742
-1783	23.747
-1782	25.559
-1781	19.453
-1780	17.73
-1779	20.568
-1778	14.818
-1777	8.104
-1776	26.406
-1775	23.301
-1774	24.683
-1773	17.478
-1772	23.806
-1771	17.299
-1770	11.134
-1769	10.689
-1768	21.593
-1767	25.158
-1766	22.217
-1765	18.161
-1764	18.488
-1763	22.647
-1762	19.379
-1761	18.725
-1760	7.777
-1759	22.038
-1758	18.636
-1757	19.661
-1756	25.351
-1755	23.256
-1754	16.007
-1753	22.989
-1752	21.667
-1751	22.677
-1750	22.677
-1749	22.707
-1748	21.652
-1747	25.841
-1746	20.404
-1745	18.562
-1744	20.538
-1743	22.529
-1742	19.037
-1741	17.582
-1740	23.39
-1739	7.851
-1738	22.529
-1737	21.399
-1736	21.444
-1735	25.232
-1734	21.919
-1733	20.672
-1732	21.711
-1731	15.279
-1730	8.074
-1729	21.147
-1728	18.072
-1727	26.079
-1726	19.765
-1725	11.996
-1724	20.612
-1723	23.494
-1722	22.915
-1721	22.335
-1720	15.324
-1719	24.088
-1718	20.493
-1717	19.245
-1716	21.801
-1715	19.067
-1714	18.295
-1713	20.909
-1712	22.335
-1711	20.998
-1710	7.673
-1709	23.866
-1708	10.807
-1707	19.958
-1706	21.711
-1705	8.653
-1704	23.375
-1703	21.295
-1702	16.973
-1701	26.213
-1700	19.008
-1699	9.158
-1698	22.291
-1697	21.192
-1696	17.537
-1695	18.443
-1694	21.013
-1693	20.3
-1692	9.931
-1691	20.478
-1690	21.043
-1689	23.509
-1688	22.618
-1687	22.781
-1686	11.907
-1685	23.955
-1684	22.514
-1683	25.529
-1682	20.909
-1681	23.227
-1680	22.529
-1679	7.272
-1678	29.124
-1677	24.237
-1676	21.756
-1675	13.452
-1674	10.718
-1673	22.291
-1672	21.088
-1671	24.846
-1670	21.919
-1669	14.967
-1668	20.077
-1667	17.849
-1666	10.287
-1665	21.073
-1664	22.573
-1663	17.79
-1662	13.244
-1661	21.325
-1660	20.211
-1659	16.259
-1658	22.677
-1657	23.464
-1656	20.107
-1655	23.88
-1654	23.494
-1653	12.293
-1652	22.098
-1651	22.93
-1650	17.032
-1649	17.686
-1648	23.94
-1647	9.797
-1646	19.929
-1645	21.459
-1644	20.048
-1643	13.244
-1642	20.761
-1641	11.669
-1640	18.948
-1639	20.404
-1638	19.929
-1637	14.18
-1636	12.976
-1635	23.019
-1634	22.722
-1633	17.567
-1632	22.009
-1631	22.707
-1630	22.41
-1629	19.914
-1628	18.384
-1627	23.702
-1626	21.89
-1625	17.314
-1624	23.984
-1623	21.102
-1622	13.66
-1621	18.384
-1620	15.858
-1619	18.057
-1618	9.441
-1617	22.098
-1616	22.989
-1615	21.845
-1614	21.251
-1613	22.692
-1612	17.478
-1611	19.973
-1610	24.118
-1609	15.843
-1608	27.802
-1607	22.811
-1606	20.137
-1605	25.44
-1604	22.246
-1603	21.726
-1602	16.631
-1601	23.776
-1600	17.21
-1599	19.305
-1598	22.127
-1597	14.878
-1596	19.795
-1595	17.076
-1594	20.582
-1593	20.449
-1592	19.364
-1591	18.607
-1590	20.345
-1589	23.836
-1588	22.93
-1587	16.037
-1586	18.458
-1585	20.166
-1584	17.522
-1583	20.256
-1582	18.295
-1581	22.365
-1580	19.156
-1579	21.013
-1578	20.954
-1577	17.76
-1576	24.296
-1575	21.741
-1574	21.622
-1573	18.696
-1572	20.954
-1571	6.083
-1570	26.866
-1569	25.47
-1568	19.557
-1567	16.245
-1566	15.502
-1565	21.83
-1564	20.865
-1563	13.808
-1562	20.716
-1561	19.736
-1560	21.905
-1559	22.321
-1558	10.094
-1557	25.336
-1556	17.374
-1555	22.484
-1554	19.097
-1553	20.018
-1552	19.736
-1551	19.453
-1550	11.565
-1549	20.508
-1548	18.532
-1547	21.652
-1546	18.503
-1545	20.642
-1544	14.655
-1543	18.621
-1542	17.626
-1541	21.028
-1540	20.256
-1539	20.894
-1538	15.398
-1537	22.781
-1536	17.582
-1535	18.369
-1534	24.579
-1533	23.063
-1532	16.973
-1531	26.51
-1530	19.765
-1529	20.761
-1528	14.061
-1527	22.633
-1526	13.496
-1525	24.356
-1524	18.339
-1523	22.944
-1522	23.747
-1521	23.093
-1520	10.718
-1519	21.013
-1518	20.79
-1517	13.927
-1516	9.961
-1515	26.554
-1514	24.341
-1513	20.033
-1512	18.889
-1511	22.499
-1510	24.415
-1509	17.388
-1508	19.008
-1507	23.004
-1506	21.474
-1505	22.633
-1504	12.456
-1503	18.161
-1502	23.925
-1501	16.765
-1500	17.745
-1499	5.534
-1498	24.727
-1497	25.203
-1496	19.543
-1495	22.454
-1494	18.413
-1493	20.404
-1492	19.141
-1491	19.617
-1490	20.419
-1489	16.037
-1488	16.69
-1487	17.938
-1486	14.714
-1485	19.765
-1484	23.108
-1483	15.858
-1482	21.221
-1481	23.45
-1480	20.939
-1479	22.662
-1478	21.518
-1477	24.177
-1476	18.25
-1475	21.414
-1474	21.429
-1473	23.331
-1472	19.231
-1471	21.682
-1470	15.502
-1469	15.591
-1468	17.255
-1467	21.726
-1466	18.517
-1465	22.84
-1464	19.854
-1463	16.765
-1462	13.526
-1461	10.822
-1460	12.367
-1459	19.335
-1458	15.695
-1457	18.057
-1456	21.043
-1455	19.26
-1454	22.038
-1453	21.073
-1452	13.318
-1451	17.908
-1450	18.012
-1449	14.997
-1448	20.048
-1447	19.647
-1446	19.899
-1445	16.155
-1444	20.731
-1443	22.276
-1442	21.013
-1441	19.156
-1440	22.35
-1439	21.459
-1438	19.528
-1437	20.33
-1436	14.239
-1435	16.482
-1434	13.303
-1433	20.731
-1432	20.33
-1431	21.088
-1430	20.523
-1429	16.482
-1428	6.395
-1427	22.009
-1426	22.855
-1425	12.456
-1424	17.582
-1423	16.066
-1422	20.196
-1421	19.884
-1420	13.541
-1419	21.102
-1418	17.388
-1417	24.846
-1416	23.732
-1415	22.202
-1414	17.938
-1413	18.592
-1412	17.225
-1411	18.027
-1410	20.939
-1409	23.494
-1408	19.231
-1407	24.014
-1406	22.989
-1405	25.604
-1404	8.193
-1403	22.662
-1402	25.024
-1401	18.666
-1400	19.201
-1399	16.334
-1398	20.998
-1397	21.34
-1396	19.201
-1395	22.543
-1394	11.105
-1393	24.088
-1392	20.419
-1391	23.94
-1390	23.316
-1389	26.762
-1388	22.217
-1387	24.95
-1386	14.506
-1385	16.467
-1384	24.103
-1383	23.108
-1382	16.512
-1381	26.436
-1380	14.596
-1379	26.436
-1378	20.672
-1377	24.341
-1376	26.748
-1375	26.777
-1374	22.217
-1373	16.066
-1372	23.167
-1371	22.974
-1370	19.216
-1369	18.517
-1368	23.866
-1367	23.702
-1366	23.88
-1365	24.029
-1364	19.216
-1363	20.924
-1362	20.731
-1361	21.37
-1360	20.315
-1359	21.236
-1358	24.088
-1357	19.706
-1356	21.385
-1355	23.212
-1354	22.35
-1353	23.866
-1352	9.144
-1351	21.934
-1350	19.245
-1349	21.637
-1348	6.782
-1347	22.038
-1346	18.458
-1345	22.321
-1344	19.097
-1343	15.576
-1342	14.982
-1341	17.522
-1340	19.825
-1339	10.748
-1338	18.161
-1337	18.948
-1336	19.988
-1335	16.126
-1334	17.388
-1333	17.314
-1332	16.155
-1331	20.166
-1330	25.173
-1329	13.957
-1328	21.117
-1327	21.251
-1326	22.217
-1325	19.171
-1324	21.206
-1323	22.736
-1322	17.834
-1321	26.138
-1320	20.657
-1319	24.787
-1318	21.786
-1317	21.815
-1316	8.742
-1315	29.065
-1314	20.107
-1313	26.391
-1312	21.607
-1311	23.093
-1310	23.984
-1309	16.705
-1308	11.298
-1307	23.658
-1306	23.375
-1305	26.228
-1304	23.762
-1303	20.657
-1302	21.459
-1301	19.379
-1300	23.925
-1299	27.475
-1298	21.474
-1297	17.79
-1296	22.885
-1295	18.532
-1294	16.631
-1293	9.322
-1292	21.058
-1291	24.074
-1290	21.875
-1289	22.9
-1288	22.543
-1287	19.127
-1286	21.013
-1285	24.801
-1284	22.692
-1283	27.253
-1282	13.496
-1281	19.231
-1280	14.105
-1279	24.207
-1278	15.368
-1277	22.529
-1276	24.059
-1275	20.404
-1274	13.645
-1273	22.083
-1272	18.904
-1271	16.037
-1270	9.871
-1269	20.018
-1268	15.65
-1267	17.091
-1266	17.284
-1265	20.018
-1264	18.963
-1263	15.903
-1262	24.133
-1261	19.171
-1260	13.318
-1259	9.931
-1258	18.815
-1257	18.859
-1256	24.311
-1255	7.331
-1254	25.173
-1253	16.869
-1252	16.185
-1251	9.248
-1250	21.83
-1249	16.779
-1248	20.092
-1247	17.492
-1246	16.794
-1245	20.731
-1244	17.314
-1243	21.399
-1242	14.848
-1241	20.939
-1240	13.214
-1239	22.529
-1238	17.374
-1237	15.992
-1236	22.796
-1235	23.702
-1234	22.38
-1233	20.122
-1232	14.492
-1231	24.623
-1230	18.191
-1229	22.514
-1228	20.152
-1227	15.918
-1226	17.775
-1225	19.097
-1224	17.463
-1223	15.621
-1222	17.507
-1221	21.043
-1220	13.214
-1219	18.295
-1218	20.048
-1217	18.963
-1216	19.082
-1215	13.704
-1214	18.963
-1213	19.127
-1212	14.759
-1211	24.653
-1210	23.687
-1209	19.958
-1208	16.75
-1207	21.919
-1206	17.24
-1205	21.637
-1204	18.102
-1203	11.075
-1202	16.096
-1201	23.331
-1200	11.55
-1199	21.088
-1198	23.048
-1197	20.79
-1196	20.82
-1195	16.423
-1194	16.943
-1193	22.543
-1192	21.86
-1191	23.093
-1190	14.105
-1189	16.2
-1188	22.573
-1187	22.677
-1186	18.844
-1185	22.885
-1184	29.897
-1183	26.599
-1182	26.109
-1181	20.805
-1180	17.894
-1179	18.027
-1178	22.306
-1177	23.613
-1176	16.512
-1175	18.74
-1174	23.182
-1173	22.885
-1172	6.811
-1171	26.153
-1170	18.8
-1169	18.651
-1168	17.359
-1167	19.572
-1166	17.686
-1165	24.593
-1164	20.761
-1163	11.283
-1162	16.482
-1161	18.354
-1160	15.264
-1159	23.197
-1158	18.592
-1157	21.295
-1156	25.381
-1155	17.938
-1154	11.03
-1153	22.499
-1152	16.022
-1151	20.389
-1150	18.176
-1149	17.819
-1148	23.108
-1147	17.299
-1146	10.703
-1145	22.469
-1144	8.965
-1143	19.973
-1142	19.097
-1141	14.477
-1140	17.819
-1139	17.047
-1138	20.181
-1137	20.077
-1136	20.984
-1135	17.448
-1134	17.804
-1133	22.469
-1132	21.607
-1131	21.533
-1130	24.311
-1129	20.582
-1128	19.037
-1127	18.829
-1126	22.677
-1125	15.234
-1124	16.646
-1123	23.984
-1122	13.363
-1121	26.005
-1120	8.044
-1119	25.411
-1118	23.108
-1117	18.904
-1116	19.973
-1115	19.587
-1114	20.048
-1113	20.805
-1112	13.571
-1111	21.518
-1110	18.933
-1109	21.355
-1108	21.147
-1107	18.087
-1106	17.344
-1105	8.861
-1104	23.88
-1103	17.507
-1102	22.009
-1101	22.529
-1100	20.404
-1099	21.756
-1098	22.454
-1097	10.837
-1096	20.954
-1095	21.711
-1094	17.091
-1093	25.455
-1092	21.875
-1091	7.064
-1090	15.621
-1089	22.41
-1088	21.177
-1087	20.196
-1086	20.003
-1085	13.348
-1084	18.933
-1083	16.869
-1082	21.028
-1081	18.8
-1080	18.413
-1079	6.96
-1078	23.643
-1077	18.31
-1076	23.702
-1075	16.646
-1074	23.643
-1073	22.365
-1072	17.686
-1071	9.054
-1070	26.168
-1069	22.826
-1068	22.647
-1067	11.892
-1066	22.87
-1065	24.861
-1064	21.102
-1063	19.795
-1062	20.701
-1061	7.925
-1060	26.837
-1059	26.242
-1058	21.845
-1057	23.271
-1056	19.186
-1055	9.827
-1054	11.387
-1053	8.891
-1052	22.484
-1051	19.023
-1050	24.475
-1049	22.885
-1048	21.385
-1047	23.955
-1046	17.418
-1045	21.355
-1044	17.834
-1043	20.612
-1042	19.231
-1041	14.313
-1040	21.875
-1039	22.395
-1038	17.299
-1037	23.078
-1036	19.557
-1035	14.833
-1034	22.454
-1033	19.231
-1032	24.163
-1031	23.464
-1030	13.392
-1029	19.661
-1028	9.886
-1027	20.805
-1026	20.152
-1025	21.979
-1024	20.464
-1023	19.32
-1022	18.993
-1021	28.293
-1020	21.117
-1019	24.593
-1018	14.298
-1017	22.633
-1016	21.964
-1015	16.839
-1014	18.562
-1013	23.702
-1012	23.702
-1011	23.197
-1010	20.345
-1009	14.878
-1008	13.868
-1007	18.413
-1006	16.155
-1005	22.083
-1004	20.761
-1003	20.865
-1002	20.553
-1001	23.791
-1000	16.72
-999	18.31
-998	23.227
-997	18.146
-996	23.984
-995	22.113
-994	17.374
-993	7.48
-992	20.389
-991	21.682
-990	20.88
-989	23.806
-988	21.607
-987	22.35
-986	20.166
-985	20.27
-984	27.253
-983	22.9
-982	21.266
-981	18.473
-980	15.442
-979	19.201
-978	21.206
-977	25.039
-976	19.394
-975	20.88
-974	20.865
-973	23.123
-972	24.118
-971	26.421
-970	20.627
-969	21.593
-968	18.012
-967	19.632
-966	21.682
-965	17.834
-964	23.301
-963	18.829
-962	19.305
-961	21.399
-960	22.009
-959	14.774
-958	26.51
-957	4.33
-956	15.309
-955	23.97
-954	13.704
-953	21.088
-952	22.335
-951	26.109
-950	19.691
-949	21.221
-948	19.32
-947	20.939
-946	18.621
-945	16.438
-944	18.354
-943	20.969
-942	19.468
-941	20.805
-940	21.073
-939	19.245
-938	25.396
-937	19.691
-936	18.77
-935	16.363
-934	24.088
-933	21.31
-932	20.508
-931	16.081
-930	19.81
-929	15.591
-928	13.6
-927	22.217
-926	19.29
-925	19.988
-924	21.726
-923	12.828
-922	24.787
-921	18.859
-920	17.715
-919	19.082
-918	20.434
-917	15.472
-916	7.628
-915	24.222
-914	19.141
-913	20.27
-912	19.32
-911	15.487
-910	22.558
-909	18.206
-908	18.636
-907	18.651
-906	20.464
-905	23.331
-904	16.69
-903	22.573
-902	20.776
-901	21.192
-900	22.543
-899	26.673
-898	18.265
-897	19.335
-896	19.765
-895	11.075
-894	23.152
-893	21.266
-892	21.385
-891	18.785
-890	7.703
-889	16.512
-888	26.064
-887	19.364
-886	20.018
-885	25.47
-884	16.913
-883	16.928
-882	18.785
-881	20.36
-880	24.267
-879	13.333
-878	24.326
-877	16.126
-876	7.405
-875	20.939
-874	13.853
-873	23.836
-872	16.022
-871	19.275
-870	18.339
-869	17.225
-868	20.984
-867	16.111
-866	22.618
-865	21.949
-864	16.304
-863	19.023
-862	16.349
-861	13.823
-860	20.88
-859	24.92
-858	17.403
-857	23.242
-856	22.41
-855	7.405
-854	22.291
-853	22.365
-852	5.118
-851	23.717
-850	23.836
-849	27.253
-848	28.367
-847	16.2
-846	20.181
-845	25.292
-844	24.861
-843	24.4
-842	25.425
-841	17.923
-840	21.444
-839	18.22
-838	26.183
-837	21.934
-836	24.059
-835	25.366
-834	24.163
-833	24.103
-832	26.718
-831	25.024
-830	25.113
-829	26.644
-828	9.916
-827	25.321
-826	26.881
-825	22.588
-824	17.908
-823	26.54
-822	21.682
-821	24.118
-820	19.468
-819	14.64
-818	7.391
-817	16.794
-816	24.311
-815	9.678
-814	24.638
-813	24.311
-812	16.23
-811	20.018
-810	20.553
-809	9.857
-808	10.911
-807	25.708
-806	24.074
-805	22.41
-804	18.116
-803	19.023
-802	21.474
-801	22.395
-800	18.012
-799	20.196
-798	22.707
-797	19.201
-796	20.374
-795	8.579
-794	13.14
-793	21.83
-792	22.855
-791	19.364
-790	21.147
-789	19.929
-788	21.593
-787	19.691
-786	23.019
-785	22.127
-784	19.097
-783	19.587
-782	18.681
-781	20.776
-780	22.335
-779	20.924
-778	13.987
-777	7.242
-776	22.573
-775	24.044
-774	16.319
-773	13.808
-772	18.74
-771	20.612
-770	18.22
-769	14.12
-768	18.532
-767	18.012
-766	18.443
-765	19.453
-764	17.403
-763	18.844
-762	21.771
-761	19.691
-760	22.499
-759	17.329
-758	12.011
-757	25.247
-756	15.517
-755	14.417
-754	19.439
-753	21.801
-752	19.29
-751	19.587
-750	15.873
-749	10.213
-748	22.469
-747	20.642
-746	20.241
-745	16.081
-744	16.393
-743	20.374
-742	18.651
-741	19.676
-740	16.482
-739	7.272
-738	21.147
-737	23.479
-736	21.162
-735	19.899
-734	19.617
-733	18.815
-732	17.998
-731	19.379
-730	17.374
-729	23.048
-728	21.073
-727	11.55
-726	7.019
-725	21.905
-724	19.008
-723	16.245
-722	16.453
-721	16.943
-720	21.533
-719	16.037
-718	11.09
-717	21.994
-716	16.705
-715	21.414
-714	21.117
-713	10.599
-712	21.117
-711	21.385
-710	20.523
-709	19.275
-708	21.548
-707	25.826
-706	18.324
-705	22.558
-704	17.968
-703	23.479
-702	23.375
-701	23.658
-700	11.758
-699	9.307
-698	20.226
-697	29.704
-696	22.796
-695	22.321
-694	18.577
-693	18.339
-692	22.469
-691	23.256
-690	12.13
-689	19.602
-688	17.953
-687	23.197
-686	23.316
-685	21.474
-684	19.557
-683	13.407
-682	18.755
-681	23.524
-680	22.009
-679	18.859
-678	19.84
-677	12.872
-676	19.899
-675	15.249
-674	12.947
-673	21.295
-672	22.84
-671	15.665
-670	16.646
-669	22.217
-668	9.456
-667	19.127
-666	21.845
-665	20.3
-664	21.964
-663	20.731
-662	19.112
-661	20.909
-660	11.312
-659	20.85
-658	16.824
-657	19.216
-656	22.93
-655	21.088
-654	16.72
-653	21.637
-652	13.556
-651	19.78
-650	24.014
-649	23.316
-648	21.964
-647	22.083
-646	20.285
-645	22.989
-644	22.38
-643	18.681
-642	21.266
-641	19.825
-640	20.657
-639	13.912
-638	12.887
-637	11.52
-636	19.721
-635	16.096
-634	11.09
-633	16.438
-632	20.805
-631	19.453
-630	18.354
-629	18.785
-628	19.81
-627	24.965
-626	22.766
-625	8.921
-624	17.27
-623	18.161
-622	20.835
-621	20.374
-620	16.17
-619	19.052
-618	12.768
-617	23.316
-616	22.944
-615	19.944
-614	20.939
-613	15.026
-612	22.514
-611	13.036
-610	16.022
-609	19.275
-608	19.706
-607	17.79
-606	21.206
-605	20.597
-604	19.706
-603	12.07
-602	21.295
-601	19.409
-600	18.607
-599	23.034
-598	16.646
-597	21.919
-596	23.019
-595	16.869
-594	20.761
-593	22.425
-592	19.335
-591	18.265
-590	19.201
-589	16.661
-588	23.479
-587	23.821
-586	17.819
-585	21.444
-584	12.947
-583	21.444
-582	25.916
-581	21.206
-580	21.429
-579	23.568
-578	19.335
-577	19.736
-576	15.695
-575	19.364
-574	16.646
-573	22.633
-572	23.167
-571	17.953
-570	19.141
-569	23.301
-568	17.923
-567	14.091
-566	22.514
-565	19.409
-564	20.657
-563	8.104
-562	18.919
-561	10.421
-560	23.45
-559	10.332
-558	20.434
-557	20.137
-556	20.166
-555	21.845
-554	20.256
-553	20.82
-552	13.868
-551	21.979
-550	21.177
-549	24.905
-548	23.078
-547	19.127
-546	24.43
-545	20.464
-544	17.567
-543	21.043
-542	20.984
-541	20.88
-540	21.578
-539	17.656
-538	14.224
-537	11.936
-536	20.627
-535	11.134
-534	26.005
-533	18.532
-532	18.116
-531	18.295
-530	20.493
-529	17.79
-528	16.943
-527	20.196
-526	20.672
-525	21.058
-524	18.993
-523	20.865
-522	15.576
-521	18.131
-520	11.461
-519	22.514
-518	22.083
-517	21.355
-516	20.79
-515	17.671
-514	12.308
-513	17.448
-512	17.983
-511	17.27
-510	21.028
-509	12.234
-508	20.092
-507	17.819
-506	14.729
-505	12.798
-504	20.835
-503	20.152
-502	21.786
-501	24.668
-500	17.492
-499	20.092
-498	20.434
-497	19.008
-496	17.448
-495	20.984
-494	16.854
-493	14.655
-492	13.689
-491	17.968
-490	23.91
-489	24.356
-488	22.633
-487	12.144
-486	18.859
-485	22.127
-484	12.471
-483	8.208
-482	24.118
-481	26.257
-480	21.429
-479	19.973
-478	23.093
-477	22.885
-476	11.491
-475	24.668
-474	21.013
-473	18.473
-472	19.676
-471	15.279
-470	21.236
-469	19.528
-468	21.741
-467	16.854
-466	18.963
-465	20.954
-464	16.2
-463	16.497
-462	19.171
-461	21.474
-460	23.42
-459	21.192
-458	16.111
-457	15.086
-456	9.634
-455	17.745
-454	23.405
-453	24.296
-452	20.478
-451	27.817
-450	21.147
-449	19.721
-448	24.935
-447	24.385
-446	18.844
-445	20.122
-444	16.245
-443	21.028
-442	13.259
-441	20.597
-440	22.885
-439	23.019
-438	21.563
-437	21.667
-436	7.613
-435	20.3
-434	22.499
-433	22.009
-432	21.444
-431	21.726
-430	20.122
-429	22.231
-428	23.405
-427	17.24
-426	20.434
-425	19.929
-424	19.275
-423	13.348
-422	22.633
-421	26.02
-420	19.899
-419	20.345
-418	21.088
-417	22.781
-416	19.409
-415	20.582
-414	18.22
-413	16.854
-412	16.334
-411	11.268
-410	24.296
-409	19.765
-408	23.167
-407	22.187
-406	15.591
-405	16.675
-404	24.252
-403	21.786
-402	19.498
-401	19.884
-400	20.493
-399	15.903
-398	14.7
-397	20.776
-396	15.71
-395	17.403
-394	17.18
-393	10.481
-392	22.781
-391	20.389
-390	20.449
-389	19.023
-388	19.498
-387	20.746
-386	14.908
-385	16.75
-384	20.018
-383	19.439
-382	19.364
-381	23.806
-380	18.443
-379	11.966
-378	17.047
-377	21.073
-376	22.558
-375	20.805
-374	22.87
-373	19.29
-372	21.295
-371	24.074
-370	21.355
-369	11.832
-368	21.429
-367	18.295
-366	21.058
-365	12.204
-364	17.047
-363	20.835
-362	19.379
-361	21.548
-360	13.169
-359	17.983
-358	19.156
-357	19.513
-356	16.765
-355	21.474
-354	19.899
-353	19.067
-352	19.335
-351	20.048
-350	20.449
-349	20.092
-348	16.363
-347	12.679
-346	9.233
-345	22.618
-344	18.102
-343	14.863
-342	20.731
-341	23.375
-340	22.677
-339	24.118
-338	19.929
-337	9.53
-336	21.355
-335	21.399
-334	21.489
-333	21.132
-332	20.315
-331	22.618
-330	21.474
-329	19.037
-328	10.703
-327	18.919
-326	20.33
-325	12.412
-324	13.407
-323	21.459
-322	23.093
-321	23.464
-320	23.346
-319	20.211
-318	18.77
-317	10.629
-316	22.098
-315	20.553
-314	12.338
-313	23.227
-312	24.163
-311	19.825
-310	19.78
-309	18.621
-308	15.294
-307	11.045
-306	24.296
-305	19.929
-304	18.859
-303	16.898
-302	14.046
-301	20.642
-300	12.62
-299	22.87
-298	19.335
-297	16.958
-296	18.919
-295	21.295
-294	19.008
-293	21.414
-292	17.091
-291	20.092
-290	19.082
-289	16.75
-288	21.088
-287	25.618
-286	23.88
-285	18.607
-284	17.582
-283	18.74
-282	15.294
-281	20.226
-280	18.532
-279	12.664
-278	21.414
-277	21.771
-276	19.112
-275	22.439
-274	19.498
-273	20.493
-272	15.68
-271	16.037
-270	20.984
-269	21.414
-268	19.854
-267	7.257
-266	26.302
-265	21.949
-264	19.483
-263	21.31
-262	21.444
-261	24.088
-260	17.047
-259	20.315
-258	22.677
-257	22.944
-256	19.721
-255	17.923
-254	24.861
-253	23.45
-252	21.444
-251	21.875
-250	15.22
-249	21.845
-248	20.092
-247	22.84
-246	25.455
-245	15.992
-244	22.633
-243	21.251
-242	27.505
-241	21.474
-240	24.281
-239	10.956
-238	20.062
-237	20.003
-236	20.909
-235	21.845
-234	23.613
-233	21.37
-232	20.553
-231	20.761
-230	17.388
-229	19.854
-228	18.844
-227	22.127
-226	22.484
-225	20.627
-224	14.64
-223	20.389
-222	20.657
-221	18.8
-220	12.516
-219	22.217
-218	19.721
-217	14.967
-216	22.187
-215	21.89
-214	17.27
-213	21.682
-212	21.236
-211	19.557
-210	14.566
-209	21.162
-208	25.708
-207	20.449
-206	21.162
-205	18.042
-204	22.722
-203	12.486
-202	11.342
-201	23.048
-200	21.162
-199	21.236
-198	19.676
-197	16.319
-196	10.971
-195	19.409
-194	20.196
-193	17.106
-192	23.583
-191	21.845
-190	21.652
-189	22.499
-188	21.459
-187	21.518
-186	17.002
-185	23.048
-184	21.815
-183	17.76
-182	19.186
-181	16.973
-180	22.023
-179	24.534
-178	21.89
-177	20.954
-176	22.41
-175	20.449
-174	21.83
-173	22.736
-172	19.171
-171	19.602
-170	18.116
-169	23.658
-168	22.202
-167	25.336
-166	22.439
-165	24.638
-164	15.442
-163	23.851
-162	29.481
-161	22.633
-160	8.089
-159	16.675
-158	25.693
-157	23.984
-156	27.431
-155	25.069
-154	19.245
-153	26.658
-152	24.371
-151	21.013
-150	12.115
-149	20.226
-148	26.911
-147	22.87
-146	21.31
-145	16.304
-144	24.549
-143	18.785
-142	20.493
-141	16.75
-140	19.335
-139	21.236
-138	18.681
-137	12.872
-136	21.459
-135	19.602
-134	21.429
-133	13.6
-132	16.913
-131	14.967
-130	19.765
-129	23.36
-128	23.316
-127	22.113
-126	18.933
-125	20.686
-124	25.366
-123	22.766
-122	24.638
-121	22.603
-120	23.182
-119	24.385
-118	23.762
-117	23.464
-116	21.132
-115	21.83
-114	15.858
-113	17.478
-112	21.622
-111	24.742
-110	24.475
-109	18.22
-108	19.483
-107	22.098
-106	13.437
-105	21.266
-104	21.593
-103	18.859
-102	20.27
-101	23.866
-100	22.989
-99	23.242
-98	19.899
-97	20.464
-96	21.058
-95	22.796
-94	21.043
-93	23.955
-92	14.566
-91	22.677
-90	17.923
-89	23.45
-88	24.177
-87	23.346
-86	14.194
-85	21.815
-84	16.943
-83	16.75
-82	18.785
-81	6.603
-80	24.029
-79	22.157
-78	20.939
-77	20.865
-76	21.177
-75	21.607
-74	19.26
-73	19.676
-72	21.489
-71	14.313
-70	18.28
-69	21.429
-68	22.395
-67	23.806
-66	20.285
-65	22.826
-64	24.148
-63	9.144
-62	22.84
-61	20.553
-60	23.034
-59	22.573
-58	23.97
-57	24.623
-56	20.449
-55	20.27
-54	21.548
-53	22.558
-52	17.849
-51	21.86
-50	8.356
-49	24.742
-48	18.696
-47	16.051
-46	21.132
-45	21.607
-44	20.508
-43	20.969
-42	18.131
-41	21.147
-40	21.756
-39	18.012
-38	20.345
-37	22.395
-36	12.917
-35	9.307
-34	14.358
-33	25.678
-32	21.815
-31	22.425
-30	22.187
-29	19.067
-28	15.442
-27	19.186
-26	20.627
-25	10.807
-24	21.919
-23	26.228
-22	21.206
-21	19.394
-20	17.596
-19	22.172
-18	20.954
-17	16.215
-16	21.697
-15	23.955
-14	25.99
-13	22.395
-12	17.968
-11	22.202
-10	9.961
-9	20.776
-8	19.899
-7	15.16
-6	14.551
-5	21.444
-4	21.385
-3	22.41
-2	24.252
-1	22.514
1	20.449
2	21.845
3	25.633
4	24.697
5	19.543
6	22.395
7	11.684
8	21.607
9	22.9
10	21.905
11	21.756
12	20.716
13	21.37
14	11.238
15	7.673
16	12.263
17	18.636
18	24.088
19	21.058
20	12.026
21	20.909
22	20.374
23	18.503
24	23.108
25	23.004
26	25.47
27	25.886
28	21.548
29	12.575
30	25.336
31	9.827
32	24.267
33	24.059
34	24.192
35	26.525
36	27.624
37	6.737
38	26.569
39	25.752
40	22.514
41	24.846
42	12.07
43	23.524
44	16.259
45	21.399
46	16.869
47	22.38
48	20.939
49	23.019
50	23.286
51	24.044
52	21.697
53	13.125
54	22.231
55	20.835
56	12.486
57	22.514
58	21.934
59	19.81
60	20.924
61	21.726
62	19.409
63	15.739
64	18.636
65	13.63
66	23.019
67	11.565
68	23.702
69	16.155
70	20.211
71	11.803
72	24.059
73	19.231
74	22.514
75	16.438
76	22.944
77	22.469
78	22.157
79	22.306
80	22.766
81	24.4
82	18.191
83	11.847
84	20.152
85	16.765
86	17.18
87	12.427
88	24.593
89	26.421
90	23.39
91	22.499
92	23.316
93	19.736
94	19.023
95	18.488
96	25.856
97	21.295
98	18.116
99	20.181
100	10.183
101	17.656
102	24.801
103	21.459
104	21.578
105	22.454
106	19.171
107	19.572
108	20.092
109	6.128
110	27.505
111	24.46
112	18.978
113	22.573
114	21.979
115	21.533
116	21.667
117	19.498
118	14.239
119	21.905
120	22.736
121	23.539
122	19.884
123	15.22
124	25.856
125	22.736
126	21.726
127	20.88
128	23.984
129	22.781
130	22.276
131	16.037
132	24.564
133	19.884
134	23.078
135	21.994
136	21.028
137	19.513
138	24.772
139	20.642
140	21.697
141	23.776
142	21.637
143	15.175
144	21.177
145	14.7
146	20.805
147	12.546
148	27.758
149	25.425
150	12.709
151	11.669
152	17.448
153	21.548
154	23.687
155	20.686
156	26.658
157	26.822
158	20.508
159	22.231
160	20.092
161	21.771
162	16.007
163	25.351
164	18.28
165	18.384
166	22.157
167	21.533
168	14.937
169	18.8
170	20.419
171	20.731
172	14.462
173	21.414
174	15.309
175	20.33
176	15.621
177	22.439
178	14.091
179	20.077
180	24.727
181	20.88
182	26.242
183	22.217
184	23.717
185	24.519
186	24.98
187	26.153
188	20.686
189	18.428
190	19.052
191	27.461
192	23.123
193	27.847
194	21.697
195	20.152
196	18.859
197	12.442
198	23.019
199	26.629
200	19.112
201	20.033
202	19.201
203	24.296
204	26.287
205	21.86
206	26.168
207	16.096
208	15.502
209	20.701
210	19.141
211	19.78
212	24.177
213	21.385
214	15.502
215	18.042
216	25.203
217	22.113
218	22.142
219	19.483
220	19.661
221	20.612
222	21.221
223	17.344
224	21.771
225	19.364
226	16.051
227	22.633
228	24.192
229	21.043
230	18.904
231	19.409
232	24.697
233	16.453
234	18.384
235	10.911
236	7.896
237	27.787
238	20.969
239	19.141
240	24.534
241	22.246
242	17.552
243	18.443
244	17.611
245	19.721
246	19.335
247	22.306
248	18.25
249	21.711
250	19.572
251	17.24
252	21.622
253	22.989
254	22.231
255	9.04
256	23.346
257	19.78
258	18.978
259	20.939
260	24.92
261	14.625
262	17.062
263	21.429
264	22.38
265	21.013
266	23.895
267	23.643
268	23.494
269	21.429
270	14.759
271	22.217
272	22.633
273	24.074
274	12.501
275	23.464
276	26.198
277	21.771
278	15.829
279	16.794
280	25.396
281	27.802
282	21.503
283	23.479
284	21.786
285	20.345
286	26.287
287	21.682
288	27.134
289	21.548
290	22.826
291	18.696
292	16.824
293	18.176
294	5.92
295	28.694
296	23.583
297	22.722
298	22.068
299	26.228
300	23.672
301	22.023
302	21.503
303	21.919
304	23.123
305	5.905
306	14.967
307	18.369
308	14.744
309	20.805
310	23.063
311	23.375
312	17.359
313	20.3
314	21.994
315	20.419
316	19.691
317	22.127
318	21.86
319	20.582
320	16.943
321	9.426
322	25.752
323	13.199
324	18.176
325	20.538
326	20.374
327	22.499
328	23.331
329	23.123
330	26.762
331	22.826
332	20.716
333	13.704
334	17.582
335	24.683
336	18.77
337	20.82
338	25.663
339	19.424
340	19.468
341	19.899
342	22.113
343	26.168
344	13.719
345	25.321
346	22.826
347	20.805
348	19.973
349	22.662
350	24.43
351	23.004
352	20.701
353	17.448
354	22.662
355	23.108
356	18.384
357	22.009
358	22.335
359	19.914
360	22.989
361	5.786
362	22.469
363	18.859
364	20.805
365	23.004
366	21.934
367	21.399
368	23.821
369	5.4
370	15.829
371	18.681
372	22.291
373	20.568
374	20.88
375	21.964
376	12.753
377	15.561
378	17.492
379	22.618
380	20.553
381	23.078
382	18.681
383	20.389
384	20.434
385	15.725
386	9.188
387	21.83
388	20.285
389	19.097
390	19.231
391	19.141
392	18.77
393	24.905
394	20.018
395	22.855
396	21.756
397	19.825
398	23.078
399	19.587
400	17.492
401	19.439
402	16.527
403	18.161
404	17.329
405	24.668
406	17.686
407	20.969
408	23.643
409	18.503
410	21.043
411	19.439
412	21.206
413	18.978
414	18.265
415	22.751
416	12.575
417	23.91
418	19.335
419	16.973
420	18.517
421	18.948
422	22.246
423	21.786
424	20.924
425	19.216
426	18.859
427	21.34
428	23.167
429	19.483
430	24.059
431	14.833
432	24.504
433	24.4
434	20.122
435	23.999
436	19.691
437	12.828
438	21.563
439	18.711
440	20.657
441	17.002
442	5.935
443	20.998
444	23.494
445	24.103
446	11.951
447	18.012
448	22.068
449	7.925
450	25.604
451	13.764
452	23.94
453	24.95
454	24.727
455	15.056
456	22.113
457	24.801
458	22.009
459	20.865
460	20.3
461	17.582
462	17.983
463	14.506
464	17.7
465	20.003
466	20.553
467	17.834
468	20.092
469	19.171
470	19.008
471	15.947
472	14.952
473	18.012
474	14.031
475	23.108
476	20.256
477	18.755
478	17.492
479	20.419
480	24.177
481	19.543
482	19.156
483	22.142
484	20.211
485	19.884
486	14.804
487	23.138
488	17.195
489	20.211
490	16.349
491	17.433
492	21.771
493	21.058
494	20.939
495	26.213
496	24.816
497	18.74
498	23.613
499	21.682
500	18.933
501	14.952
502	23.39
503	21.949
504	23.197
505	20.701
506	19.32
507	16.75
508	22.618
509	21.756
510	24.668
511	19.364
512	18.042
513	14.298
514	17.611
515	17.671
516	19.676
517	15.487
518	13.853
519	18.681
520	17.7
521	22.959
522	22.647
523	20.82
524	19.854
525	14.536
526	17.448
527	19.156
528	15.695
529	19.973
530	20.315
531	14.358
532	22.558
533	22.499
534	20.404
535	16.854
536	11.832
537	22.558
538	22.335
539	17.804
540	23.271
541	18.042
542	14.343
543	17.923
544	16.467
545	16.453
546	19.676
547	18.443
548	24.296
549	20.568
550	24.712
551	20.85
552	24.742
553	20.36
554	5.831
555	25.871
556	23.405
557	22.84
558	19.483
559	20.493
560	24.088
561	19.988
562	8.594
563	9.144
564	23.554
565	15.754
566	13.808
567	20.761
568	20.107
569	9.842
570	13.14
571	19.171
572	16.973
573	18.146
574	19.988
575	21.578
576	20.998
577	20.27
578	20.88
579	18.22
580	14.477
581	21.058
582	20.686
583	23.405
584	16.854
585	21.192
586	18.607
587	21.281
588	13.615
589	20.523
590	16.527
591	10.941
592	23.509
593	24.371
594	12.872
595	20.716
596	13.184
597	24.623
598	21.266
599	18.666
600	22.751
601	20.716
602	15.234
603	15.769
604	20.85
605	20.122
606	16.913
607	19.572
608	20.969
609	19.795
610	12.843
611	14.7
612	16.735
613	20.508
614	18.265
615	13.6
616	20.627
617	21.801
618	21.563
619	19.884
620	16.066
621	21.726
622	20.256
623	20.389
624	18.696
625	19.795
626	16.661
627	10.481
628	27.832
629	17.998
630	16.839
631	21.83
632	21.028
633	20.954
634	20.88
635	21.607
636	20.998
637	21.325
638	20.642
639	12.278
640	17.463
641	24.133
642	20.627
643	20.033
644	10.495
645	8.906
646	24.371
647	22.395
648	18.844
649	20.612
650	22.885
651	10.585
652	24.995
653	18.532
654	21.132
655	23.732
656	20.508
657	20.33
658	22.736
659	19.498
660	16.839
661	17.611
662	21.607
663	24.222
664	15.977
665	20.493
666	23.019
667	18.978
668	23.227
669	17.968
670	20.419
671	24.088
672	25.5
673	16.111
674	27.446
675	24.445
676	13.749
677	8.846
678	21.206
679	23.791
680	21.964
681	9.857
682	29.511
683	22.603
684	16.557
685	18.948
686	22.915
687	23.048
688	21.028
689	21.503
690	24.207
691	25.856
692	20.404
693	22.781
694	23.36
695	21.192
696	20.389
697	23.123
698	16.497
699	5.697
700	28.827
701	24.504
702	19.439
703	19.854
704	27.208
705	22.529
706	21.043
707	12.65
708	21.89
709	20.568
710	22.974
711	19.661
712	18.651
713	18.725
714	12.947
715	21.801
716	21.786
717	17.492
718	19.528
719	16.081
720	13.526
721	21.994
722	22.246
723	21.132
724	15.012
725	22.811
726	21.741
727	21.281
728	24.831
729	15.532
730	24.504
731	20.166
732	20.478
733	18.473
734	17.864
735	25.812
736	19.632
737	17.819
738	18.057
739	14.937
740	10.109
741	17.002
742	24.118
743	16.155
744	18.22
745	18.354
746	21.548
747	20.538
748	18.577
749	19.112
750	17.374
751	19.067
752	18.532
753	19.201
754	23.687
755	20.686
756	21.949
757	19.973
758	20.924
759	22.93
760	16.096
761	16.735
762	7.599
763	21.013
764	20.894
765	21.875
766	14.967
767	17.626
768	18.651
769	19.349
770	19.736
771	20.419
772	21.281
773	17.374
774	18.948
775	20.894
776	17.166
777	17.18
778	16.438
779	22.751
780	20.419
781	15.205
782	18.859
783	18.413
784	25.069
785	23.167
786	19.037
787	18.829
788	15.576
789	16.601
790	21.177
791	22.618
792	21.117
793	16.467
794	12.13
795	20.464
796	22.083
797	18.28
798	20.835
799	11.476
800	23.984
801	18.666
802	21.652
803	25.782
804	13.675
805	21.37
806	21.697
807	19.453
808	19.335
809	5.207
810	16.274
811	23.509
812	16.215
813	20.88
814	14.581
815	24.46
816	22.618
817	11.075
818	14.566
819	18.547
820	23.286
821	24.668
822	25.782
823	10.837
824	23.346
825	8.49
826	24.088
827	19.973
828	25.604
829	19.424
830	17.968
831	22.276
832	22.335
833	24.088
834	20.998
835	22.38
836	19.186
837	18.027
838	21.192
839	20.716
840	17.775
841	14.135
842	26.748
843	27.743
844	19.439
845	16.661
846	23.331
847	11.09
848	20.82
849	25.351
850	15.13
851	21.83
852	24.014
853	22.261
854	21.043
855	20.062
856	20.464
857	24.133
858	26.376
859	22.811
860	19.201
861	20.181
862	21.726
863	24.267
864	22.84
865	10.807
866	19.884
867	6.856
868	17.388
869	20.627
870	23.984
871	20.865
872	19.676
873	20.048
874	22.009
875	22.231
876	23.747
877	18.74
878	13.719
879	21.31
880	20.969
881	21.934
882	23.94
883	16.141
884	12.486
885	24.653
886	15.933
887	17.953
888	20.404
889	17.953
890	25.99
891	22.083
892	23.375
893	19.929
894	21.459
895	18.874
896	24.727
897	25.173
898	21.013
899	18.562
900	16.2
901	21.31
902	18.265
903	16.022
904	14.165
905	23.628
906	17.849
907	16.2
908	19.141
909	18.696
910	18.963
911	19.409
912	19.023
913	13.63
914	21.414
915	21.013
916	17.478
917	24.846
918	20.389
919	13.259
920	11.416
921	23.197
922	17.463
923	12.248
924	9.188
925	21.117
926	20.077
927	19.32
928	19.736
929	17.418
930	14.581
931	18.74
932	13.407
933	20.686
934	20.404
935	18.235
936	21.013
937	23.568
938	13.526
939	19.141
940	21.325
941	24.712
942	18.532
943	18.874
944	14.447
945	20.419
946	20.538
947	21.667
948	19.884
949	20.508
950	22.231
951	22.246
952	18.31
953	19.424
954	19.439
955	14.789
956	20.716
957	6.039
958	23.999
959	21.905
960	21.652
961	7.554
962	26.822
963	22.261
964	22.009
965	22.113
966	24.044
967	10.629
968	21.489
969	13.318
970	25.916
971	17.21
972	16.245
973	22.439
974	22.84
975	18.161
976	19.409
977	23.776
978	19.275
979	6.113
980	15.799
981	10.986
982	24.697
983	15.992
984	14.997
985	18.681
986	14.417
987	23.524
988	21.31
989	21.622
990	21.503
991	21.429
992	22.811
993	25.039
994	18.458
995	5.415
996	23.375
997	21.711
998	20.062
999	22.083
1000	23.45
1001	16.661
1002	21.667
1003	22.425
1004	21.919
1005	11.268
1006	19.661
1007	26.703
1008	18.948
1009	21.518
1010	18.369
1011	21.652
1012	17.7
1013	17.21
1014	14.209
1015	21.266
1016	24.356
1017	20.686
1018	21.459
1019	18.042
1020	24.638
1021	18.681
1022	16.75
1023	23.984
1024	21.325
1025	16.408
1026	18.354
1027	19.988
1028	20.478
1029	19.914
1030	23.108
1031	21.726
1032	20.865
1033	16.794
1034	22.736
1035	17.641
1036	20.3
1037	20.657
1038	20.746
1039	18.176
1040	21.964
1041	23.42
1042	23.464
1043	13.615
1044	18.919
1045	21.533
1046	20.954
1047	22.722
1048	9.931
1049	16.438
1050	25.812
1051	21.637
1052	24.133
1053	13.66
1054	20.746
1055	14.432
1056	19.082
1057	20.998
1058	17.894
1059	11.09
1060	20.33
1061	24.534
1062	15.324
1063	17.106
1064	21.177
1065	21.697
1066	17.908
1067	14.447
1068	18.77
1069	18.711
1070	13.912
1071	17.79
1072	16.542
1073	15.873
1074	14.878
1075	20.003
1076	18.547
1077	19.647
1078	13.883
1079	22.291
1080	21.013
1081	20.211
1082	22.915
1083	16.779
1084	22.722
1085	21.503
1086	22.915
1087	22.722
1088	20.211
1089	18.651
1090	21.682
1091	20.597
1092	22.098
1093	7.316
1094	23.925
1095	20.404
1096	19.988
1097	21.251
1098	8.653
1099	25.113
1100	23.375
1101	18.324
1102	18.399
1103	7.94
1104	25.381
1105	23.866
1106	20.939
1107	21.652
1108	21.385
1109	23.672
1110	22.395
1111	19.736
1112	23.554
1113	18.577
1114	15.621
1115	25.158
1116	21.489
1117	20.924
1118	18.517
1119	21.147
1120	22.172
1121	19.468
1122	23.45
1123	20.969
1124	20.969
1125	27.223
1126	13.541
1127	12.724
1128	23.658
1129	19.691
1130	20.048
1131	20.627
1132	16.2
1133	5.786
1134	17.656
1135	17.73
1136	19.171
1137	21.355
1138	20.256
1139	17.998
1140	18.874
1141	21.192
1142	16.646
1143	22.618
1144	21.518
1145	18.517
1146	16.289
1147	15.591
1148	15.799
1149	19.632
1150	16.512
1151	9.426
1152	23.791
1153	19.78
1154	19.647
1155	21.682
1156	22.722
1157	16.735
1158	20.627
1159	21.177
1160	18.785
1161	19.617
1162	12.635
1163	22.603
1164	18.324
1165	23.836
1166	20.969
1167	20.137
1168	12.902
1169	25.856
1170	17.938
1171	18.25
1172	14.194
1173	21.593
1174	20.092
1175	11.773
1176	20.716
1177	17.968
1178	22.335
1179	20.835
1180	17.166
1181	21.667
1182	19.706
1183	21.711
1184	18.785
1185	18.607
1186	14.714
1187	19.216
1188	18.458
1189	19.008
1190	22.142
1191	19.854
1192	21.503
1193	21.251
1194	15.71
1195	24.489
1196	10.079
1197	17.641
1198	18.919
1199	15.858
1200	20.196
1201	20.716
1202	19.765
1203	20.776
1204	22.781
1205	18.963
1206	13.006
1207	20.88
1208	16.17
1209	20.048
1210	24.014
1211	23.479
1212	20.865
1213	20.597
1214	21.221
1215	13.496
1216	23.539
1217	10.154
1218	9.025
1219	26.272
1220	25.217
1221	17.73
1222	23.539
1223	21.875
1224	17.908
1225	16.497
1226	22.425
1227	6.559
1228	24.504
1229	25.173
1230	20.79
1231	20.152
1232	23.94
1233	18.577
1234	19.171
1235	20.3
1236	11.684
1237	21.177
1238	23.063
1239	17.626
1240	21.607
1241	23.078
1242	21.028
1243	18.636
1244	17.938
1245	21.815
1246	17.195
1247	20.36
1248	22.261
1249	25.054
1250	20.701
1251	19.691
1252	19.201
1253	19.483
1254	6.811
1255	19.944
1256	17.448
1257	22.098
1258	11.06
1259	23.494
1260	23.331
1261	21.637
1262	22.395
1263	18.607
1264	7.524
1265	22.618
1266	23.658
1267	24.445
1268	21.801
1269	12.59
1270	21.726
1271	21.474
1272	22.127
1273	5.266
1274	24.4
1275	24.044
1276	15.68
1277	15.769
1278	22.454
1279	23.138
1280	24.296
1281	18.933
1282	18.77
1283	21.741
1284	18.725
1285	7.034
1286	22.647
1287	23.791
1288	12.65
1289	18.191
1290	20.3
1291	20.776
1292	13.942
1293	17.923
1294	19.884
1295	15.784
1296	14.685
1297	19.973
1298	16.616
1299	16.69
1300	19.617
1301	20.404
1302	20.538
1303	19.275
1304	20.003
1305	17.804
1306	19.988
1307	12.59
1308	18.191
1309	14.135
1310	20.137
1311	19.439
1312	16.378
1313	23.672
1314	23.316
1315	16.794
1316	17.329
1317	19.29
1318	19.379
1319	16.334
1320	20.582
1321	20.3
1322	18.636
1323	15.546
1324	18.072
1325	19.439
1326	20.523
1327	21.682
1328	16.72
1329	14.417
1330	28.367
1331	22.202
1332	17.804
1333	20.894
1334	19.141
1335	17.522
1336	15.472
1337	24.653
1338	10.718
1339	19.617
1340	19.736
1341	23.94
1342	21.37
1343	21.637
1344	21.489
1345	23.717
1346	23.687
1347	22.989
1348	21.682
1349	19.097
1350	22.796
1351	11.06
1352	28.159
1353	24.415
1354	15.472
1355	21.236
1356	25.678
1357	23.88
1358	16.631
1359	22.217
1360	21.028
1361	13.927
1362	13.169
1363	19.275
1364	17.79
1365	11.283
1366	20.033
1367	19.052
1368	20.478
1369	16.274
1370	21.429
1371	16.17
1372	21.132
1373	19.795
1374	22.736
1375	16.72
1376	19.914
1377	9.233
1378	22.781
1379	9.99
1380	23.717
1381	20.122
1382	19.127
1383	22.202
1384	20.85
1385	22.023
1386	21.934
1387	16.141
1388	21.266
1389	21.429
1390	10.02
1391	20.122
1392	21.162
1393	23.167
1394	20.865
1395	20.538
1396	17.864
1397	18.815
1398	20.181
1399	20.27
1400	21.206
1401	20.464
1402	24.059
1403	22.529
1404	21.385
1405	21.726
1406	25.084
1407	16.141
1408	20.939
1409	22.306
1410	18.206
1411	22.202
1412	18.666
1413	18.206
1414	19.216
1415	21.192
1416	19.513
1417	23.613
1418	24.029
1419	19.097
1420	26.287
1421	19.869
1422	23.256
1423	22.484
1424	24.891
1425	19.736
1426	16.824
1427	21.711
1428	26.138
1429	20.835
1430	24.608
1431	18.77
1432	20.018
1433	20.776
1434	17.21
1435	23.271
1436	23.791
1437	18.428
1438	16.616
1439	23.034
1440	23.851
1441	21.221
1442	12.679
1443	23.494
1444	22.425
1445	20.82
1446	17.27
1447	23.242
1448	15.086
1449	21.34
1450	13.437
1451	23.583
1452	18.161
1453	21.399
1454	21.251
1455	20.508
1456	13.08
1457	12.917
1458	21.86
1459	21.266
1460	21.786
1461	17.79
1462	19.29
1463	25.262
1464	23.078
1465	18.265
1466	20.672
1467	24.281
1468	14.937
1469	22.633
1470	24.177
1471	20.582
1472	21.563
1473	17.582
1474	17.834
1475	16.274
1476	16.467
1477	23.702
1478	22.009
1479	13.14
1480	20.419
1481	23.791
1482	18.904
1483	21.385
1484	28.218
1485	21.192
1486	24.623
1487	28.649
1488	18.77
1489	24.445
1490	25.648
1491	21.251
1492	10.347
1493	22.529
1494	26.45
1495	19.988
1496	16.735
1497	6.083
1498	21.607
1499	20.523
1500	8.653
1501	24.163
1502	25.782
1503	19.914
1504	17.418
1505	16.393
1506	18.042
1507	20.79
1508	18.131
1509	20.85
1510	24.504
1511	20.107
1512	17.032
1513	16.913
1514	22.826
1515	13.065
1516	23.331
1517	23.078
1518	18.815
1519	18.012
1520	23.182
1521	13.051
1522	17.314
1523	12.635
1524	22.959
1525	20.196
1526	21.355
1527	20.107
1528	15.13
1529	16.215
1530	19.973
1531	18.844
1532	18.369
1533	15.561
1534	21.533
1535	21.607
1536	20.582
1537	20.805
1538	18.963
1539	24.029
1540	21.964
1541	11.684
1542	12.367
1543	20.27
1544	14.804
1545	16.037
1546	19.676
1547	17.567
1548	15.621
1549	20.196
1550	21.934
1551	21.399
1552	21.503
1553	24.772
1554	19.944
1555	20.493
1556	23.747
1557	20.969
1558	18.176
1559	20.508
1560	23.004
1561	24.727
1562	22.142
1563	23.331
1564	23.702
1565	23.138
1566	17.329
1567	23.97
1568	23.464
1569	19.379
1570	23.346
1571	7.168
1572	24.103
1573	20.805
1574	20.805
1575	18.339
1576	13.006
1577	21.028
1578	16.423
1579	11.312
1580	8.638
1581	26.079
1582	22.499
1583	22.751
1584	21.815
1585	13.021
1586	21.444
1587	22.142
1588	19.409
1589	24.237
1590	9.069
1591	23.435
1592	12.753
1593	21.058
1594	25.009
1595	19.424
1596	20.969
1597	19.156
1598	21.89
1599	21.949
1600	9.456
1601	22.306
1602	20.211
1603	20.582
1604	24.074
1605	23.227
1606	20.835
1607	18.948
1608	22.484
1609	23.42
1610	22.603
1611	21.221
1612	15.19
1613	15.071
1614	21.251
1615	25.589
1616	25.366
1617	26.941
1618	22.321
1619	19.409
1620	22.915
1621	20.256
1622	19.958
1623	23.554
1624	16.423
1625	26.213
1626	13.244
1627	22.395
1628	24.118
1629	18.636
1630	21.236
1631	16.23
1632	15.442
1633	22.677
1634	24.014
1635	22.038
1636	22.469
1637	19.528
1638	17.745
1639	24.4
1640	22.989
1641	18.027
1642	15.353
1643	24.995
1644	20.538
1645	21.726
1646	20.077
1647	15.977
1648	23.806
1649	26.124
1650	18.904
1651	24.088
1652	13.511
1653	18.458
1654	15.041
1655	11.639
1656	18.621
1657	21.162
1658	17.626
1659	19.602
1660	19.171
1661	21.934
1662	20.003
1663	18.31
1664	19.944
1665	15.294
1666	21.073
1667	20.969
1668	9.248
1669	17.745
1670	10.273
1671	22.692
1672	19.156
1673	18.577
1674	19.721
1675	15.517
1676	17.507
1677	18.829
1678	20.345
1679	20.924
1680	22.425
1681	15.353
1682	23.851
1683	21.905
1684	10.778
1685	19.082
1686	11.61
1687	20.508
1688	21.028
1689	18.087
1690	15.026
1691	20.508
1692	19.424
1693	20.597
1694	20.731
1695	21.815
1696	20.062
1697	21.028
1698	19.364
1699	14.284
1700	25.425
1701	17.329
1702	21.355
1703	14.596
1704	19.513
1705	22.098
1706	22.751
1707	12.65
1708	16.245
1709	21.563
1710	23.286
1711	19.617
1712	22.38
1713	18.562
1714	20.686
1715	20.523
1716	20.152
1717	22.692
1718	24.103
1719	23.925
1720	25.693
1721	25.574
1722	17.938
1723	19.795
1724	21.741
1725	25.44
1726	27.297
1727	27
1728	25.366
1729	15.442
1730	24.816
1731	18.458
1732	23.301
1733	15.532
1734	23.019
1735	9.827
1736	23.331
1737	14.581
1738	17.73
1739	16.913
1740	20.969
1741	26.703
1742	21.028
1743	25.396
1744	24.207
1745	19.335
1746	25.396
1747	25.678
1748	17.047
1749	20.553
1750	23.42
1751	23.776
1752	16.824
1753	12.115
1754	20.018
1755	19.78
1756	17.968
1757	16.809
1758	22.618
1759	13.11
1760	25.871
1761	16.809
1762	24.995
1763	13.571
1764	20.345
1765	18.146
1766	19.483
1767	21.607
1768	21.845
1769	24.059
1770	23.999
1771	24.148
1772	20.137
1773	24.385
1774	21.132
1775	19.023
1776	20.241
1777	8.891
1778	22.068
1779	21.325
1780	20.285
1781	18.012
1782	7.777
1783	16.779
1784	22.068
1785	22.529
1786	19.186
1787	20.137
1788	22.573
1789	17.284
1790	21.726
1791	22.796
1792	22.202
1793	18.532
1794	19.349
1795	8.668
1796	24.044
1797	25.321
1798	21.652
1799	23.925
1800	22.113
1801	22.276
1802	24.995
1803	22.439
1804	24.653
1805	18.755
1806	18.785
1807	20.553
1808	21.533
1809	21.83
1810	21.518
1811	23.108
1812	13.481
1813	11.001
1814	23.494
1815	20.181
1816	19.409
1817	25.321
1818	24.787
1819	20.077
1820	17.73
1821	24.608
1822	16.646
1823	15.561
1824	14.804
1825	23.88
1826	21.711
1827	23.598
1828	24.237
1829	9.441
1830	23.658
1831	23.42
1832	19.112
1833	24.742
1834	16.467
1835	17.032
1836	12.293
1837	18.503
1838	24.326
1839	23.271
1840	24.905
1841	19.275
1842	16.779
1843	18.993
1844	14.447
1845	13.481
1846	23.762
1847	18.206
1848	21.518
1849	21.845
1850	21.83
1851	18.012
1852	24.326
1853	24.029
1854	24.029
1855	24.177
1856	7.821
1857	13.169
1858	18.057
1859	17.686
1860	21.86
1861	19.171
1862	24.237
1863	15.68
1864	21.236
1865	16.735
1866	20.568
1867	22.662
1868	22.796
1869	22.751
1870	21.132
1871	22.93
1872	24.133
1873	16.512
1874	21.325
1875	19.112
1876	18.933
1877	16.408
1878	20.553
1879	15.635
1880	19.349
1881	18.31
1882	20.449
1883	18.681
1884	17.002
1885	21.845
1886	21.429
1887	21.905
1888	22.217
1889	19.587
1890	20.746
1891	22.781
1892	21.355
1893	19.394
1894	17.344
1895	22.321
1896	13.556
1897	21.31
1898	21.563
1899	8.104
1900	22.023
1901	24.876
1902	19.78
1903	20.657
1904	17.73
1905	26.228
1906	20.137
1907	22.855
1908	24.014
1909	25.158
1910	17.864
1911	23.435
1912	19.884
1913	23.212
1914	24.103
1915	22.499
1916	19.602
1917	21.919
1918	20.181
1919	23.034
1920	20.36
1921	26.45
1922	24.385
1923	10.287
1924	19.825
1925	16.794
1926	23.048
1927	17.894
1928	17.998
1929	8.95
1930	23.346
1931	19.632
1932	20.493
1933	16.557
1934	10.421
1935	21.875
1936	17.418
1937	22.633
1938	20.657
1939	19.171
1940	21.102
1941	17.255
1942	19.453
1943	16.051
1944	18.785
1945	18.919
1946	22.098
1947	19.424
1948	14.313
1949	17.552
1950	11.446
1951	24.207
1952	19.572
1953	19.572
1954	16.958
1955	16.081
1956	18.503
1957	20.077
1958	20.85
1959	20.478
1960	8.416
1961	19.676
1962	20.152
1963	23.123
1964	15.947
1965	19.498
1966	17.478
1967	20.657
1968	18.339
1969	23.539
1970	10.659
1971	20.478
1972	13.942
1973	24.237
1974	20.003
1975	19.572
1976	22.187
1977	26.153
1978	24.935
1979	20.27
1980	20.33
1981	20.88
1982	17.983
1983	25.901
1984	20.137
1985	21.31
1986	22.677
1987	22.974
1988	23.138
1989	14.15
1990	16.408
1991	17.507
1992	16.735
1993	20.166
1994	19.112
1995	19.988
1996	20.241