"","years","Tag","Ring_width(mm)"
"1",1867,"JB118309",NA
"2",1867,"JB118312",NA
"3",1867,"JB118313",NA
"4",1867,"JB118316",NA
"5",1867,"JB118317",NA
"6",1867,"JB118318",NA
"7",1867,"JB118320",NA
"8",1867,"JB118322",NA
"9",1867,"JB118323",NA
"10",1867,"JB118324",NA
"11",1867,"JB118326",NA
"12",1867,"JB118327",NA
"13",1867,"JB118332",NA
"14",1867,"JB118336",NA
"15",1867,"JB130804",NA
"16",1867,"JB130807",NA
"17",1867,"JB130808",NA
"18",1867,"JB130810",NA
"19",1867,"JB130813",NA
"20",1867,"JB130814",NA
"21",1867,"JB130815",NA
"22",1867,"JB130816",NA
"23",1867,"JB130817",NA
"24",1867,"JB130819",NA
"25",1867,"JB130821",NA
"26",1867,"JB130827",NA
"27",1867,"MC195302",NA
"28",1867,"MC195303",NA
"29",1867,"MC195304",NA
"30",1867,"MC195306",NA
"31",1867,"MC195307",NA
"32",1867,"MC195313",NA
"33",1867,"MC195314",NA
"34",1867,"MC195318",NA
"35",1867,"MC195319",NA
"36",1867,"MC195325",NA
"37",1867,"MC195329",NA
"38",1867,"MC216001",NA
"39",1867,"MC216002",NA
"40",1867,"MC216003",NA
"41",1867,"MC216004",NA
"42",1867,"MC216005",NA
"43",1867,"MC216010",NA
"44",1867,"MC216012",NA
"45",1867,"MC216014",NA
"46",1867,"MC216018",NA
"47",1867,"MC216020",NA
"48",1867,"MC216022",NA
"49",1867,"MC216026",NA
"50",1867,"MC216027",NA
"51",1867,"MC216029",NA
"52",1867,"MC216030",NA
"53",1867,"MC216039",NA
"54",1867,"MC231201",NA
"55",1867,"MC231203",NA
"56",1867,"MC231204",NA
"57",1867,"MC231205",NA
"58",1867,"MC231206",NA
"59",1867,"MC231207",NA
"60",1867,"MC231209",NA
"61",1867,"MC231211",NA
"62",1867,"MC231212",NA
"63",1867,"MC231213",NA
"64",1867,"MC231216",NA
"65",1867,"MC231217",NA
"66",1867,"MC231219",NA
"67",1867,"MC231221",NA
"68",1867,"MC231225",NA
"69",1867,"MC231226",NA
"70",1867,"MC231227",NA
"71",1867,"MC231232",NA
"72",1867,"MC231234",NA
"73",1867,"MC255807",NA
"74",1867,"MC255808",NA
"75",1867,"MC255809",NA
"76",1867,"MC255811",NA
"77",1867,"MC255814",NA
"78",1867,"MC255815",NA
"79",1867,"MC255817",NA
"80",1867,"MC255824",NA
"81",1867,"MC255825",NA
"82",1867,"MC255826",NA
"83",1867,"MC255827",NA
"84",1867,"MC255828",NA
"85",1867,"MC255830",NA
"86",1867,"MC255831",0.74
"87",1867,"MC255833",NA
"88",1867,"MC300001",NA
"89",1867,"MC300017",NA
"90",1867,"MC300018",NA
"91",1867,"MC300022",NA
"92",1867,"MC300023",NA
"93",1867,"MC300024",NA
"94",1867,"MC300026",NA
"95",1867,"MC300027",NA
"96",1867,"MC300028",NA
"97",1867,"MC300032",NA
"98",1867,"MC300033",NA
"99",1867,"MC302801",NA
"100",1867,"MC302803",NA
"101",1867,"MC302807",NA
"102",1867,"MC302810",NA
"103",1867,"MC302813",NA
"104",1867,"MC302819",NA
"105",1867,"MC302820",NA
"106",1867,"MC302825",NA
"107",1867,"MC302827",NA
"108",1867,"MC302829",NA
"109",1867,"MC302831",NA
"110",1867,"MC302833",NA
"111",1867,"MC302834",NA
"112",1867,"MC302835",NA
"113",1868,"JB118309",NA
"114",1868,"JB118312",NA
"115",1868,"JB118313",NA
"116",1868,"JB118316",NA
"117",1868,"JB118317",NA
"118",1868,"JB118318",NA
"119",1868,"JB118320",NA
"120",1868,"JB118322",NA
"121",1868,"JB118323",NA
"122",1868,"JB118324",NA
"123",1868,"JB118326",NA
"124",1868,"JB118327",NA
"125",1868,"JB118332",NA
"126",1868,"JB118336",NA
"127",1868,"JB130804",NA
"128",1868,"JB130807",NA
"129",1868,"JB130808",NA
"130",1868,"JB130810",NA
"131",1868,"JB130813",NA
"132",1868,"JB130814",NA
"133",1868,"JB130815",NA
"134",1868,"JB130816",NA
"135",1868,"JB130817",NA
"136",1868,"JB130819",NA
"137",1868,"JB130821",NA
"138",1868,"JB130827",NA
"139",1868,"MC195302",NA
"140",1868,"MC195303",NA
"141",1868,"MC195304",NA
"142",1868,"MC195306",NA
"143",1868,"MC195307",NA
"144",1868,"MC195313",NA
"145",1868,"MC195314",NA
"146",1868,"MC195318",NA
"147",1868,"MC195319",NA
"148",1868,"MC195325",NA
"149",1868,"MC195329",NA
"150",1868,"MC216001",NA
"151",1868,"MC216002",NA
"152",1868,"MC216003",NA
"153",1868,"MC216004",NA
"154",1868,"MC216005",NA
"155",1868,"MC216010",NA
"156",1868,"MC216012",NA
"157",1868,"MC216014",NA
"158",1868,"MC216018",NA
"159",1868,"MC216020",NA
"160",1868,"MC216022",NA
"161",1868,"MC216026",NA
"162",1868,"MC216027",NA
"163",1868,"MC216029",NA
"164",1868,"MC216030",NA
"165",1868,"MC216039",NA
"166",1868,"MC231201",NA
"167",1868,"MC231203",NA
"168",1868,"MC231204",NA
"169",1868,"MC231205",NA
"170",1868,"MC231206",NA
"171",1868,"MC231207",NA
"172",1868,"MC231209",NA
"173",1868,"MC231211",NA
"174",1868,"MC231212",NA
"175",1868,"MC231213",NA
"176",1868,"MC231216",NA
"177",1868,"MC231217",NA
"178",1868,"MC231219",NA
"179",1868,"MC231221",NA
"180",1868,"MC231225",NA
"181",1868,"MC231226",NA
"182",1868,"MC231227",NA
"183",1868,"MC231232",NA
"184",1868,"MC231234",NA
"185",1868,"MC255807",NA
"186",1868,"MC255808",NA
"187",1868,"MC255809",NA
"188",1868,"MC255811",NA
"189",1868,"MC255814",NA
"190",1868,"MC255815",NA
"191",1868,"MC255817",NA
"192",1868,"MC255824",NA
"193",1868,"MC255825",NA
"194",1868,"MC255826",NA
"195",1868,"MC255827",NA
"196",1868,"MC255828",NA
"197",1868,"MC255830",NA
"198",1868,"MC255831",0.73
"199",1868,"MC255833",NA
"200",1868,"MC300001",NA
"201",1868,"MC300017",NA
"202",1868,"MC300018",NA
"203",1868,"MC300022",NA
"204",1868,"MC300023",NA
"205",1868,"MC300024",NA
"206",1868,"MC300026",NA
"207",1868,"MC300027",NA
"208",1868,"MC300028",NA
"209",1868,"MC300032",NA
"210",1868,"MC300033",NA
"211",1868,"MC302801",NA
"212",1868,"MC302803",NA
"213",1868,"MC302807",NA
"214",1868,"MC302810",NA
"215",1868,"MC302813",NA
"216",1868,"MC302819",NA
"217",1868,"MC302820",NA
"218",1868,"MC302825",NA
"219",1868,"MC302827",NA
"220",1868,"MC302829",NA
"221",1868,"MC302831",NA
"222",1868,"MC302833",NA
"223",1868,"MC302834",NA
"224",1868,"MC302835",NA
"225",1869,"JB118309",NA
"226",1869,"JB118312",NA
"227",1869,"JB118313",NA
"228",1869,"JB118316",NA
"229",1869,"JB118317",NA
"230",1869,"JB118318",NA
"231",1869,"JB118320",NA
"232",1869,"JB118322",NA
"233",1869,"JB118323",0.751
"234",1869,"JB118324",NA
"235",1869,"JB118326",NA
"236",1869,"JB118327",NA
"237",1869,"JB118332",NA
"238",1869,"JB118336",NA
"239",1869,"JB130804",NA
"240",1869,"JB130807",NA
"241",1869,"JB130808",NA
"242",1869,"JB130810",NA
"243",1869,"JB130813",NA
"244",1869,"JB130814",NA
"245",1869,"JB130815",NA
"246",1869,"JB130816",NA
"247",1869,"JB130817",NA
"248",1869,"JB130819",NA
"249",1869,"JB130821",NA
"250",1869,"JB130827",NA
"251",1869,"MC195302",NA
"252",1869,"MC195303",NA
"253",1869,"MC195304",NA
"254",1869,"MC195306",NA
"255",1869,"MC195307",NA
"256",1869,"MC195313",NA
"257",1869,"MC195314",NA
"258",1869,"MC195318",NA
"259",1869,"MC195319",NA
"260",1869,"MC195325",NA
"261",1869,"MC195329",NA
"262",1869,"MC216001",NA
"263",1869,"MC216002",NA
"264",1869,"MC216003",NA
"265",1869,"MC216004",NA
"266",1869,"MC216005",NA
"267",1869,"MC216010",NA
"268",1869,"MC216012",NA
"269",1869,"MC216014",NA
"270",1869,"MC216018",NA
"271",1869,"MC216020",NA
"272",1869,"MC216022",NA
"273",1869,"MC216026",NA
"274",1869,"MC216027",NA
"275",1869,"MC216029",NA
"276",1869,"MC216030",NA
"277",1869,"MC216039",NA
"278",1869,"MC231201",NA
"279",1869,"MC231203",NA
"280",1869,"MC231204",NA
"281",1869,"MC231205",NA
"282",1869,"MC231206",NA
"283",1869,"MC231207",NA
"284",1869,"MC231209",NA
"285",1869,"MC231211",NA
"286",1869,"MC231212",NA
"287",1869,"MC231213",NA
"288",1869,"MC231216",NA
"289",1869,"MC231217",NA
"290",1869,"MC231219",NA
"291",1869,"MC231221",NA
"292",1869,"MC231225",NA
"293",1869,"MC231226",NA
"294",1869,"MC231227",NA
"295",1869,"MC231232",NA
"296",1869,"MC231234",NA
"297",1869,"MC255807",NA
"298",1869,"MC255808",NA
"299",1869,"MC255809",NA
"300",1869,"MC255811",NA
"301",1869,"MC255814",NA
"302",1869,"MC255815",NA
"303",1869,"MC255817",NA
"304",1869,"MC255824",NA
"305",1869,"MC255825",NA
"306",1869,"MC255826",NA
"307",1869,"MC255827",NA
"308",1869,"MC255828",NA
"309",1869,"MC255830",NA
"310",1869,"MC255831",0.679
"311",1869,"MC255833",NA
"312",1869,"MC300001",NA
"313",1869,"MC300017",NA
"314",1869,"MC300018",NA
"315",1869,"MC300022",NA
"316",1869,"MC300023",NA
"317",1869,"MC300024",NA
"318",1869,"MC300026",NA
"319",1869,"MC300027",NA
"320",1869,"MC300028",NA
"321",1869,"MC300032",NA
"322",1869,"MC300033",NA
"323",1869,"MC302801",NA
"324",1869,"MC302803",NA
"325",1869,"MC302807",NA
"326",1869,"MC302810",NA
"327",1869,"MC302813",NA
"328",1869,"MC302819",NA
"329",1869,"MC302820",NA
"330",1869,"MC302825",NA
"331",1869,"MC302827",NA
"332",1869,"MC302829",NA
"333",1869,"MC302831",NA
"334",1869,"MC302833",NA
"335",1869,"MC302834",NA
"336",1869,"MC302835",NA
"337",1870,"JB118309",NA
"338",1870,"JB118312",NA
"339",1870,"JB118313",NA
"340",1870,"JB118316",NA
"341",1870,"JB118317",NA
"342",1870,"JB118318",NA
"343",1870,"JB118320",NA
"344",1870,"JB118322",NA
"345",1870,"JB118323",0.414
"346",1870,"JB118324",NA
"347",1870,"JB118326",NA
"348",1870,"JB118327",NA
"349",1870,"JB118332",NA
"350",1870,"JB118336",NA
"351",1870,"JB130804",NA
"352",1870,"JB130807",NA
"353",1870,"JB130808",NA
"354",1870,"JB130810",NA
"355",1870,"JB130813",NA
"356",1870,"JB130814",NA
"357",1870,"JB130815",NA
"358",1870,"JB130816",NA
"359",1870,"JB130817",NA
"360",1870,"JB130819",NA
"361",1870,"JB130821",NA
"362",1870,"JB130827",NA
"363",1870,"MC195302",NA
"364",1870,"MC195303",NA
"365",1870,"MC195304",NA
"366",1870,"MC195306",NA
"367",1870,"MC195307",NA
"368",1870,"MC195313",NA
"369",1870,"MC195314",NA
"370",1870,"MC195318",NA
"371",1870,"MC195319",NA
"372",1870,"MC195325",NA
"373",1870,"MC195329",NA
"374",1870,"MC216001",NA
"375",1870,"MC216002",NA
"376",1870,"MC216003",NA
"377",1870,"MC216004",NA
"378",1870,"MC216005",NA
"379",1870,"MC216010",NA
"380",1870,"MC216012",NA
"381",1870,"MC216014",NA
"382",1870,"MC216018",NA
"383",1870,"MC216020",NA
"384",1870,"MC216022",NA
"385",1870,"MC216026",NA
"386",1870,"MC216027",NA
"387",1870,"MC216029",NA
"388",1870,"MC216030",NA
"389",1870,"MC216039",NA
"390",1870,"MC231201",NA
"391",1870,"MC231203",NA
"392",1870,"MC231204",NA
"393",1870,"MC231205",NA
"394",1870,"MC231206",NA
"395",1870,"MC231207",NA
"396",1870,"MC231209",NA
"397",1870,"MC231211",NA
"398",1870,"MC231212",NA
"399",1870,"MC231213",NA
"400",1870,"MC231216",NA
"401",1870,"MC231217",NA
"402",1870,"MC231219",NA
"403",1870,"MC231221",NA
"404",1870,"MC231225",NA
"405",1870,"MC231226",NA
"406",1870,"MC231227",NA
"407",1870,"MC231232",NA
"408",1870,"MC231234",NA
"409",1870,"MC255807",NA
"410",1870,"MC255808",NA
"411",1870,"MC255809",NA
"412",1870,"MC255811",NA
"413",1870,"MC255814",NA
"414",1870,"MC255815",NA
"415",1870,"MC255817",NA
"416",1870,"MC255824",NA
"417",1870,"MC255825",NA
"418",1870,"MC255826",NA
"419",1870,"MC255827",NA
"420",1870,"MC255828",NA
"421",1870,"MC255830",NA
"422",1870,"MC255831",0.103
"423",1870,"MC255833",NA
"424",1870,"MC300001",NA
"425",1870,"MC300017",NA
"426",1870,"MC300018",NA
"427",1870,"MC300022",NA
"428",1870,"MC300023",NA
"429",1870,"MC300024",NA
"430",1870,"MC300026",NA
"431",1870,"MC300027",NA
"432",1870,"MC300028",NA
"433",1870,"MC300032",NA
"434",1870,"MC300033",NA
"435",1870,"MC302801",NA
"436",1870,"MC302803",NA
"437",1870,"MC302807",NA
"438",1870,"MC302810",NA
"439",1870,"MC302813",NA
"440",1870,"MC302819",NA
"441",1870,"MC302820",NA
"442",1870,"MC302825",NA
"443",1870,"MC302827",NA
"444",1870,"MC302829",NA
"445",1870,"MC302831",NA
"446",1870,"MC302833",NA
"447",1870,"MC302834",NA
"448",1870,"MC302835",NA
"449",1871,"JB118309",NA
"450",1871,"JB118312",NA
"451",1871,"JB118313",NA
"452",1871,"JB118316",NA
"453",1871,"JB118317",NA
"454",1871,"JB118318",NA
"455",1871,"JB118320",NA
"456",1871,"JB118322",NA
"457",1871,"JB118323",0.218
"458",1871,"JB118324",NA
"459",1871,"JB118326",NA
"460",1871,"JB118327",NA
"461",1871,"JB118332",NA
"462",1871,"JB118336",NA
"463",1871,"JB130804",NA
"464",1871,"JB130807",NA
"465",1871,"JB130808",NA
"466",1871,"JB130810",NA
"467",1871,"JB130813",NA
"468",1871,"JB130814",NA
"469",1871,"JB130815",NA
"470",1871,"JB130816",NA
"471",1871,"JB130817",NA
"472",1871,"JB130819",NA
"473",1871,"JB130821",NA
"474",1871,"JB130827",NA
"475",1871,"MC195302",NA
"476",1871,"MC195303",NA
"477",1871,"MC195304",NA
"478",1871,"MC195306",NA
"479",1871,"MC195307",NA
"480",1871,"MC195313",NA
"481",1871,"MC195314",NA
"482",1871,"MC195318",NA
"483",1871,"MC195319",NA
"484",1871,"MC195325",NA
"485",1871,"MC195329",NA
"486",1871,"MC216001",NA
"487",1871,"MC216002",NA
"488",1871,"MC216003",NA
"489",1871,"MC216004",NA
"490",1871,"MC216005",NA
"491",1871,"MC216010",NA
"492",1871,"MC216012",NA
"493",1871,"MC216014",NA
"494",1871,"MC216018",NA
"495",1871,"MC216020",NA
"496",1871,"MC216022",NA
"497",1871,"MC216026",NA
"498",1871,"MC216027",NA
"499",1871,"MC216029",NA
"500",1871,"MC216030",NA
"501",1871,"MC216039",NA
"502",1871,"MC231201",NA
"503",1871,"MC231203",NA
"504",1871,"MC231204",NA
"505",1871,"MC231205",NA
"506",1871,"MC231206",NA
"507",1871,"MC231207",NA
"508",1871,"MC231209",NA
"509",1871,"MC231211",NA
"510",1871,"MC231212",NA
"511",1871,"MC231213",NA
"512",1871,"MC231216",NA
"513",1871,"MC231217",NA
"514",1871,"MC231219",NA
"515",1871,"MC231221",NA
"516",1871,"MC231225",NA
"517",1871,"MC231226",NA
"518",1871,"MC231227",NA
"519",1871,"MC231232",NA
"520",1871,"MC231234",NA
"521",1871,"MC255807",NA
"522",1871,"MC255808",NA
"523",1871,"MC255809",NA
"524",1871,"MC255811",NA
"525",1871,"MC255814",NA
"526",1871,"MC255815",NA
"527",1871,"MC255817",NA
"528",1871,"MC255824",NA
"529",1871,"MC255825",NA
"530",1871,"MC255826",NA
"531",1871,"MC255827",NA
"532",1871,"MC255828",NA
"533",1871,"MC255830",NA
"534",1871,"MC255831",0.742
"535",1871,"MC255833",NA
"536",1871,"MC300001",NA
"537",1871,"MC300017",NA
"538",1871,"MC300018",NA
"539",1871,"MC300022",NA
"540",1871,"MC300023",NA
"541",1871,"MC300024",NA
"542",1871,"MC300026",NA
"543",1871,"MC300027",NA
"544",1871,"MC300028",NA
"545",1871,"MC300032",NA
"546",1871,"MC300033",NA
"547",1871,"MC302801",NA
"548",1871,"MC302803",NA
"549",1871,"MC302807",NA
"550",1871,"MC302810",NA
"551",1871,"MC302813",NA
"552",1871,"MC302819",NA
"553",1871,"MC302820",NA
"554",1871,"MC302825",NA
"555",1871,"MC302827",NA
"556",1871,"MC302829",NA
"557",1871,"MC302831",NA
"558",1871,"MC302833",NA
"559",1871,"MC302834",NA
"560",1871,"MC302835",NA
"561",1872,"JB118309",NA
"562",1872,"JB118312",NA
"563",1872,"JB118313",NA
"564",1872,"JB118316",NA
"565",1872,"JB118317",NA
"566",1872,"JB118318",NA
"567",1872,"JB118320",NA
"568",1872,"JB118322",NA
"569",1872,"JB118323",0.155
"570",1872,"JB118324",NA
"571",1872,"JB118326",NA
"572",1872,"JB118327",NA
"573",1872,"JB118332",NA
"574",1872,"JB118336",NA
"575",1872,"JB130804",NA
"576",1872,"JB130807",NA
"577",1872,"JB130808",NA
"578",1872,"JB130810",NA
"579",1872,"JB130813",NA
"580",1872,"JB130814",NA
"581",1872,"JB130815",NA
"582",1872,"JB130816",NA
"583",1872,"JB130817",NA
"584",1872,"JB130819",NA
"585",1872,"JB130821",NA
"586",1872,"JB130827",NA
"587",1872,"MC195302",NA
"588",1872,"MC195303",NA
"589",1872,"MC195304",NA
"590",1872,"MC195306",NA
"591",1872,"MC195307",NA
"592",1872,"MC195313",NA
"593",1872,"MC195314",NA
"594",1872,"MC195318",NA
"595",1872,"MC195319",NA
"596",1872,"MC195325",NA
"597",1872,"MC195329",NA
"598",1872,"MC216001",NA
"599",1872,"MC216002",NA
"600",1872,"MC216003",NA
"601",1872,"MC216004",NA
"602",1872,"MC216005",NA
"603",1872,"MC216010",NA
"604",1872,"MC216012",NA
"605",1872,"MC216014",NA
"606",1872,"MC216018",NA
"607",1872,"MC216020",NA
"608",1872,"MC216022",NA
"609",1872,"MC216026",NA
"610",1872,"MC216027",NA
"611",1872,"MC216029",NA
"612",1872,"MC216030",NA
"613",1872,"MC216039",NA
"614",1872,"MC231201",NA
"615",1872,"MC231203",NA
"616",1872,"MC231204",NA
"617",1872,"MC231205",NA
"618",1872,"MC231206",NA
"619",1872,"MC231207",NA
"620",1872,"MC231209",NA
"621",1872,"MC231211",NA
"622",1872,"MC231212",NA
"623",1872,"MC231213",NA
"624",1872,"MC231216",NA
"625",1872,"MC231217",NA
"626",1872,"MC231219",NA
"627",1872,"MC231221",NA
"628",1872,"MC231225",NA
"629",1872,"MC231226",NA
"630",1872,"MC231227",NA
"631",1872,"MC231232",NA
"632",1872,"MC231234",NA
"633",1872,"MC255807",NA
"634",1872,"MC255808",NA
"635",1872,"MC255809",NA
"636",1872,"MC255811",NA
"637",1872,"MC255814",NA
"638",1872,"MC255815",NA
"639",1872,"MC255817",NA
"640",1872,"MC255824",NA
"641",1872,"MC255825",NA
"642",1872,"MC255826",NA
"643",1872,"MC255827",NA
"644",1872,"MC255828",NA
"645",1872,"MC255830",NA
"646",1872,"MC255831",1.005
"647",1872,"MC255833",NA
"648",1872,"MC300001",NA
"649",1872,"MC300017",NA
"650",1872,"MC300018",NA
"651",1872,"MC300022",NA
"652",1872,"MC300023",NA
"653",1872,"MC300024",NA
"654",1872,"MC300026",NA
"655",1872,"MC300027",NA
"656",1872,"MC300028",NA
"657",1872,"MC300032",NA
"658",1872,"MC300033",NA
"659",1872,"MC302801",NA
"660",1872,"MC302803",NA
"661",1872,"MC302807",NA
"662",1872,"MC302810",NA
"663",1872,"MC302813",NA
"664",1872,"MC302819",NA
"665",1872,"MC302820",NA
"666",1872,"MC302825",NA
"667",1872,"MC302827",NA
"668",1872,"MC302829",NA
"669",1872,"MC302831",NA
"670",1872,"MC302833",NA
"671",1872,"MC302834",NA
"672",1872,"MC302835",NA
"673",1873,"JB118309",NA
"674",1873,"JB118312",NA
"675",1873,"JB118313",NA
"676",1873,"JB118316",NA
"677",1873,"JB118317",NA
"678",1873,"JB118318",NA
"679",1873,"JB118320",NA
"680",1873,"JB118322",NA
"681",1873,"JB118323",0.475
"682",1873,"JB118324",NA
"683",1873,"JB118326",NA
"684",1873,"JB118327",NA
"685",1873,"JB118332",NA
"686",1873,"JB118336",NA
"687",1873,"JB130804",NA
"688",1873,"JB130807",NA
"689",1873,"JB130808",NA
"690",1873,"JB130810",NA
"691",1873,"JB130813",NA
"692",1873,"JB130814",NA
"693",1873,"JB130815",NA
"694",1873,"JB130816",NA
"695",1873,"JB130817",NA
"696",1873,"JB130819",NA
"697",1873,"JB130821",NA
"698",1873,"JB130827",NA
"699",1873,"MC195302",NA
"700",1873,"MC195303",NA
"701",1873,"MC195304",NA
"702",1873,"MC195306",NA
"703",1873,"MC195307",NA
"704",1873,"MC195313",NA
"705",1873,"MC195314",NA
"706",1873,"MC195318",NA
"707",1873,"MC195319",NA
"708",1873,"MC195325",NA
"709",1873,"MC195329",NA
"710",1873,"MC216001",NA
"711",1873,"MC216002",NA
"712",1873,"MC216003",NA
"713",1873,"MC216004",NA
"714",1873,"MC216005",NA
"715",1873,"MC216010",NA
"716",1873,"MC216012",NA
"717",1873,"MC216014",NA
"718",1873,"MC216018",NA
"719",1873,"MC216020",NA
"720",1873,"MC216022",NA
"721",1873,"MC216026",NA
"722",1873,"MC216027",NA
"723",1873,"MC216029",NA
"724",1873,"MC216030",NA
"725",1873,"MC216039",NA
"726",1873,"MC231201",NA
"727",1873,"MC231203",NA
"728",1873,"MC231204",NA
"729",1873,"MC231205",NA
"730",1873,"MC231206",NA
"731",1873,"MC231207",NA
"732",1873,"MC231209",NA
"733",1873,"MC231211",NA
"734",1873,"MC231212",NA
"735",1873,"MC231213",NA
"736",1873,"MC231216",NA
"737",1873,"MC231217",NA
"738",1873,"MC231219",NA
"739",1873,"MC231221",NA
"740",1873,"MC231225",NA
"741",1873,"MC231226",NA
"742",1873,"MC231227",NA
"743",1873,"MC231232",NA
"744",1873,"MC231234",NA
"745",1873,"MC255807",NA
"746",1873,"MC255808",NA
"747",1873,"MC255809",NA
"748",1873,"MC255811",NA
"749",1873,"MC255814",NA
"750",1873,"MC255815",NA
"751",1873,"MC255817",NA
"752",1873,"MC255824",NA
"753",1873,"MC255825",NA
"754",1873,"MC255826",NA
"755",1873,"MC255827",NA
"756",1873,"MC255828",NA
"757",1873,"MC255830",NA
"758",1873,"MC255831",1.189
"759",1873,"MC255833",NA
"760",1873,"MC300001",NA
"761",1873,"MC300017",NA
"762",1873,"MC300018",NA
"763",1873,"MC300022",NA
"764",1873,"MC300023",NA
"765",1873,"MC300024",NA
"766",1873,"MC300026",NA
"767",1873,"MC300027",NA
"768",1873,"MC300028",NA
"769",1873,"MC300032",NA
"770",1873,"MC300033",NA
"771",1873,"MC302801",NA
"772",1873,"MC302803",NA
"773",1873,"MC302807",NA
"774",1873,"MC302810",NA
"775",1873,"MC302813",NA
"776",1873,"MC302819",NA
"777",1873,"MC302820",NA
"778",1873,"MC302825",NA
"779",1873,"MC302827",NA
"780",1873,"MC302829",NA
"781",1873,"MC302831",NA
"782",1873,"MC302833",NA
"783",1873,"MC302834",NA
"784",1873,"MC302835",NA
"785",1874,"JB118309",NA
"786",1874,"JB118312",NA
"787",1874,"JB118313",NA
"788",1874,"JB118316",NA
"789",1874,"JB118317",NA
"790",1874,"JB118318",NA
"791",1874,"JB118320",NA
"792",1874,"JB118322",NA
"793",1874,"JB118323",0.42
"794",1874,"JB118324",NA
"795",1874,"JB118326",NA
"796",1874,"JB118327",NA
"797",1874,"JB118332",NA
"798",1874,"JB118336",NA
"799",1874,"JB130804",NA
"800",1874,"JB130807",NA
"801",1874,"JB130808",NA
"802",1874,"JB130810",NA
"803",1874,"JB130813",NA
"804",1874,"JB130814",NA
"805",1874,"JB130815",NA
"806",1874,"JB130816",NA
"807",1874,"JB130817",NA
"808",1874,"JB130819",NA
"809",1874,"JB130821",NA
"810",1874,"JB130827",NA
"811",1874,"MC195302",NA
"812",1874,"MC195303",NA
"813",1874,"MC195304",NA
"814",1874,"MC195306",NA
"815",1874,"MC195307",NA
"816",1874,"MC195313",NA
"817",1874,"MC195314",NA
"818",1874,"MC195318",NA
"819",1874,"MC195319",NA
"820",1874,"MC195325",NA
"821",1874,"MC195329",NA
"822",1874,"MC216001",NA
"823",1874,"MC216002",NA
"824",1874,"MC216003",NA
"825",1874,"MC216004",NA
"826",1874,"MC216005",NA
"827",1874,"MC216010",NA
"828",1874,"MC216012",NA
"829",1874,"MC216014",NA
"830",1874,"MC216018",NA
"831",1874,"MC216020",NA
"832",1874,"MC216022",NA
"833",1874,"MC216026",NA
"834",1874,"MC216027",NA
"835",1874,"MC216029",NA
"836",1874,"MC216030",NA
"837",1874,"MC216039",NA
"838",1874,"MC231201",NA
"839",1874,"MC231203",NA
"840",1874,"MC231204",NA
"841",1874,"MC231205",NA
"842",1874,"MC231206",NA
"843",1874,"MC231207",NA
"844",1874,"MC231209",NA
"845",1874,"MC231211",NA
"846",1874,"MC231212",NA
"847",1874,"MC231213",NA
"848",1874,"MC231216",NA
"849",1874,"MC231217",NA
"850",1874,"MC231219",NA
"851",1874,"MC231221",NA
"852",1874,"MC231225",NA
"853",1874,"MC231226",NA
"854",1874,"MC231227",NA
"855",1874,"MC231232",NA
"856",1874,"MC231234",NA
"857",1874,"MC255807",NA
"858",1874,"MC255808",NA
"859",1874,"MC255809",NA
"860",1874,"MC255811",NA
"861",1874,"MC255814",NA
"862",1874,"MC255815",NA
"863",1874,"MC255817",NA
"864",1874,"MC255824",NA
"865",1874,"MC255825",NA
"866",1874,"MC255826",NA
"867",1874,"MC255827",NA
"868",1874,"MC255828",NA
"869",1874,"MC255830",NA
"870",1874,"MC255831",1.112
"871",1874,"MC255833",NA
"872",1874,"MC300001",NA
"873",1874,"MC300017",NA
"874",1874,"MC300018",NA
"875",1874,"MC300022",NA
"876",1874,"MC300023",NA
"877",1874,"MC300024",NA
"878",1874,"MC300026",NA
"879",1874,"MC300027",NA
"880",1874,"MC300028",NA
"881",1874,"MC300032",NA
"882",1874,"MC300033",NA
"883",1874,"MC302801",NA
"884",1874,"MC302803",NA
"885",1874,"MC302807",NA
"886",1874,"MC302810",NA
"887",1874,"MC302813",NA
"888",1874,"MC302819",NA
"889",1874,"MC302820",NA
"890",1874,"MC302825",NA
"891",1874,"MC302827",NA
"892",1874,"MC302829",NA
"893",1874,"MC302831",NA
"894",1874,"MC302833",NA
"895",1874,"MC302834",NA
"896",1874,"MC302835",NA
"897",1875,"JB118309",NA
"898",1875,"JB118312",NA
"899",1875,"JB118313",NA
"900",1875,"JB118316",NA
"901",1875,"JB118317",NA
"902",1875,"JB118318",NA
"903",1875,"JB118320",NA
"904",1875,"JB118322",NA
"905",1875,"JB118323",0.454
"906",1875,"JB118324",NA
"907",1875,"JB118326",NA
"908",1875,"JB118327",NA
"909",1875,"JB118332",NA
"910",1875,"JB118336",NA
"911",1875,"JB130804",NA
"912",1875,"JB130807",NA
"913",1875,"JB130808",NA
"914",1875,"JB130810",NA
"915",1875,"JB130813",NA
"916",1875,"JB130814",NA
"917",1875,"JB130815",NA
"918",1875,"JB130816",NA
"919",1875,"JB130817",NA
"920",1875,"JB130819",NA
"921",1875,"JB130821",NA
"922",1875,"JB130827",NA
"923",1875,"MC195302",NA
"924",1875,"MC195303",NA
"925",1875,"MC195304",NA
"926",1875,"MC195306",NA
"927",1875,"MC195307",NA
"928",1875,"MC195313",NA
"929",1875,"MC195314",NA
"930",1875,"MC195318",NA
"931",1875,"MC195319",NA
"932",1875,"MC195325",NA
"933",1875,"MC195329",NA
"934",1875,"MC216001",NA
"935",1875,"MC216002",NA
"936",1875,"MC216003",NA
"937",1875,"MC216004",NA
"938",1875,"MC216005",NA
"939",1875,"MC216010",NA
"940",1875,"MC216012",NA
"941",1875,"MC216014",NA
"942",1875,"MC216018",NA
"943",1875,"MC216020",NA
"944",1875,"MC216022",NA
"945",1875,"MC216026",NA
"946",1875,"MC216027",NA
"947",1875,"MC216029",NA
"948",1875,"MC216030",NA
"949",1875,"MC216039",NA
"950",1875,"MC231201",NA
"951",1875,"MC231203",NA
"952",1875,"MC231204",NA
"953",1875,"MC231205",NA
"954",1875,"MC231206",NA
"955",1875,"MC231207",NA
"956",1875,"MC231209",NA
"957",1875,"MC231211",NA
"958",1875,"MC231212",NA
"959",1875,"MC231213",NA
"960",1875,"MC231216",NA
"961",1875,"MC231217",NA
"962",1875,"MC231219",NA
"963",1875,"MC231221",NA
"964",1875,"MC231225",NA
"965",1875,"MC231226",NA
"966",1875,"MC231227",NA
"967",1875,"MC231232",NA
"968",1875,"MC231234",NA
"969",1875,"MC255807",NA
"970",1875,"MC255808",NA
"971",1875,"MC255809",NA
"972",1875,"MC255811",NA
"973",1875,"MC255814",NA
"974",1875,"MC255815",NA
"975",1875,"MC255817",NA
"976",1875,"MC255824",NA
"977",1875,"MC255825",NA
"978",1875,"MC255826",NA
"979",1875,"MC255827",NA
"980",1875,"MC255828",NA
"981",1875,"MC255830",NA
"982",1875,"MC255831",1.437
"983",1875,"MC255833",NA
"984",1875,"MC300001",NA
"985",1875,"MC300017",NA
"986",1875,"MC300018",NA
"987",1875,"MC300022",NA
"988",1875,"MC300023",NA
"989",1875,"MC300024",NA
"990",1875,"MC300026",NA
"991",1875,"MC300027",NA
"992",1875,"MC300028",NA
"993",1875,"MC300032",NA
"994",1875,"MC300033",NA
"995",1875,"MC302801",NA
"996",1875,"MC302803",NA
"997",1875,"MC302807",NA
"998",1875,"MC302810",NA
"999",1875,"MC302813",NA
"1000",1875,"MC302819",NA
"1001",1875,"MC302820",NA
"1002",1875,"MC302825",NA
"1003",1875,"MC302827",NA
"1004",1875,"MC302829",NA
"1005",1875,"MC302831",NA
"1006",1875,"MC302833",NA
"1007",1875,"MC302834",NA
"1008",1875,"MC302835",NA
"1009",1876,"JB118309",NA
"1010",1876,"JB118312",NA
"1011",1876,"JB118313",NA
"1012",1876,"JB118316",NA
"1013",1876,"JB118317",NA
"1014",1876,"JB118318",NA
"1015",1876,"JB118320",NA
"1016",1876,"JB118322",NA
"1017",1876,"JB118323",0.224
"1018",1876,"JB118324",NA
"1019",1876,"JB118326",NA
"1020",1876,"JB118327",NA
"1021",1876,"JB118332",NA
"1022",1876,"JB118336",NA
"1023",1876,"JB130804",NA
"1024",1876,"JB130807",NA
"1025",1876,"JB130808",NA
"1026",1876,"JB130810",NA
"1027",1876,"JB130813",NA
"1028",1876,"JB130814",NA
"1029",1876,"JB130815",NA
"1030",1876,"JB130816",NA
"1031",1876,"JB130817",NA
"1032",1876,"JB130819",NA
"1033",1876,"JB130821",NA
"1034",1876,"JB130827",NA
"1035",1876,"MC195302",NA
"1036",1876,"MC195303",NA
"1037",1876,"MC195304",NA
"1038",1876,"MC195306",NA
"1039",1876,"MC195307",NA
"1040",1876,"MC195313",NA
"1041",1876,"MC195314",NA
"1042",1876,"MC195318",NA
"1043",1876,"MC195319",NA
"1044",1876,"MC195325",NA
"1045",1876,"MC195329",NA
"1046",1876,"MC216001",NA
"1047",1876,"MC216002",NA
"1048",1876,"MC216003",NA
"1049",1876,"MC216004",NA
"1050",1876,"MC216005",NA
"1051",1876,"MC216010",NA
"1052",1876,"MC216012",NA
"1053",1876,"MC216014",NA
"1054",1876,"MC216018",NA
"1055",1876,"MC216020",NA
"1056",1876,"MC216022",NA
"1057",1876,"MC216026",NA
"1058",1876,"MC216027",NA
"1059",1876,"MC216029",NA
"1060",1876,"MC216030",NA
"1061",1876,"MC216039",NA
"1062",1876,"MC231201",NA
"1063",1876,"MC231203",NA
"1064",1876,"MC231204",NA
"1065",1876,"MC231205",NA
"1066",1876,"MC231206",NA
"1067",1876,"MC231207",NA
"1068",1876,"MC231209",NA
"1069",1876,"MC231211",NA
"1070",1876,"MC231212",NA
"1071",1876,"MC231213",NA
"1072",1876,"MC231216",NA
"1073",1876,"MC231217",NA
"1074",1876,"MC231219",NA
"1075",1876,"MC231221",NA
"1076",1876,"MC231225",NA
"1077",1876,"MC231226",NA
"1078",1876,"MC231227",NA
"1079",1876,"MC231232",NA
"1080",1876,"MC231234",NA
"1081",1876,"MC255807",NA
"1082",1876,"MC255808",NA
"1083",1876,"MC255809",NA
"1084",1876,"MC255811",NA
"1085",1876,"MC255814",NA
"1086",1876,"MC255815",NA
"1087",1876,"MC255817",NA
"1088",1876,"MC255824",NA
"1089",1876,"MC255825",NA
"1090",1876,"MC255826",NA
"1091",1876,"MC255827",NA
"1092",1876,"MC255828",NA
"1093",1876,"MC255830",NA
"1094",1876,"MC255831",1.028
"1095",1876,"MC255833",NA
"1096",1876,"MC300001",NA
"1097",1876,"MC300017",NA
"1098",1876,"MC300018",NA
"1099",1876,"MC300022",NA
"1100",1876,"MC300023",NA
"1101",1876,"MC300024",NA
"1102",1876,"MC300026",NA
"1103",1876,"MC300027",NA
"1104",1876,"MC300028",NA
"1105",1876,"MC300032",NA
"1106",1876,"MC300033",NA
"1107",1876,"MC302801",NA
"1108",1876,"MC302803",NA
"1109",1876,"MC302807",NA
"1110",1876,"MC302810",NA
"1111",1876,"MC302813",NA
"1112",1876,"MC302819",NA
"1113",1876,"MC302820",NA
"1114",1876,"MC302825",NA
"1115",1876,"MC302827",NA
"1116",1876,"MC302829",NA
"1117",1876,"MC302831",NA
"1118",1876,"MC302833",NA
"1119",1876,"MC302834",NA
"1120",1876,"MC302835",NA
"1121",1877,"JB118309",NA
"1122",1877,"JB118312",NA
"1123",1877,"JB118313",NA
"1124",1877,"JB118316",NA
"1125",1877,"JB118317",NA
"1126",1877,"JB118318",NA
"1127",1877,"JB118320",NA
"1128",1877,"JB118322",NA
"1129",1877,"JB118323",0.625
"1130",1877,"JB118324",NA
"1131",1877,"JB118326",NA
"1132",1877,"JB118327",NA
"1133",1877,"JB118332",NA
"1134",1877,"JB118336",NA
"1135",1877,"JB130804",NA
"1136",1877,"JB130807",NA
"1137",1877,"JB130808",NA
"1138",1877,"JB130810",NA
"1139",1877,"JB130813",NA
"1140",1877,"JB130814",NA
"1141",1877,"JB130815",NA
"1142",1877,"JB130816",NA
"1143",1877,"JB130817",NA
"1144",1877,"JB130819",NA
"1145",1877,"JB130821",NA
"1146",1877,"JB130827",NA
"1147",1877,"MC195302",NA
"1148",1877,"MC195303",NA
"1149",1877,"MC195304",NA
"1150",1877,"MC195306",NA
"1151",1877,"MC195307",NA
"1152",1877,"MC195313",NA
"1153",1877,"MC195314",NA
"1154",1877,"MC195318",NA
"1155",1877,"MC195319",NA
"1156",1877,"MC195325",NA
"1157",1877,"MC195329",NA
"1158",1877,"MC216001",NA
"1159",1877,"MC216002",NA
"1160",1877,"MC216003",NA
"1161",1877,"MC216004",NA
"1162",1877,"MC216005",NA
"1163",1877,"MC216010",NA
"1164",1877,"MC216012",NA
"1165",1877,"MC216014",NA
"1166",1877,"MC216018",NA
"1167",1877,"MC216020",NA
"1168",1877,"MC216022",NA
"1169",1877,"MC216026",NA
"1170",1877,"MC216027",NA
"1171",1877,"MC216029",NA
"1172",1877,"MC216030",NA
"1173",1877,"MC216039",NA
"1174",1877,"MC231201",NA
"1175",1877,"MC231203",NA
"1176",1877,"MC231204",NA
"1177",1877,"MC231205",NA
"1178",1877,"MC231206",NA
"1179",1877,"MC231207",NA
"1180",1877,"MC231209",NA
"1181",1877,"MC231211",NA
"1182",1877,"MC231212",NA
"1183",1877,"MC231213",NA
"1184",1877,"MC231216",NA
"1185",1877,"MC231217",NA
"1186",1877,"MC231219",NA
"1187",1877,"MC231221",NA
"1188",1877,"MC231225",NA
"1189",1877,"MC231226",NA
"1190",1877,"MC231227",NA
"1191",1877,"MC231232",NA
"1192",1877,"MC231234",NA
"1193",1877,"MC255807",NA
"1194",1877,"MC255808",NA
"1195",1877,"MC255809",NA
"1196",1877,"MC255811",NA
"1197",1877,"MC255814",NA
"1198",1877,"MC255815",NA
"1199",1877,"MC255817",NA
"1200",1877,"MC255824",NA
"1201",1877,"MC255825",NA
"1202",1877,"MC255826",NA
"1203",1877,"MC255827",NA
"1204",1877,"MC255828",NA
"1205",1877,"MC255830",NA
"1206",1877,"MC255831",1.097
"1207",1877,"MC255833",NA
"1208",1877,"MC300001",NA
"1209",1877,"MC300017",NA
"1210",1877,"MC300018",NA
"1211",1877,"MC300022",NA
"1212",1877,"MC300023",NA
"1213",1877,"MC300024",NA
"1214",1877,"MC300026",NA
"1215",1877,"MC300027",NA
"1216",1877,"MC300028",NA
"1217",1877,"MC300032",NA
"1218",1877,"MC300033",NA
"1219",1877,"MC302801",NA
"1220",1877,"MC302803",NA
"1221",1877,"MC302807",NA
"1222",1877,"MC302810",NA
"1223",1877,"MC302813",NA
"1224",1877,"MC302819",NA
"1225",1877,"MC302820",NA
"1226",1877,"MC302825",NA
"1227",1877,"MC302827",NA
"1228",1877,"MC302829",NA
"1229",1877,"MC302831",NA
"1230",1877,"MC302833",NA
"1231",1877,"MC302834",NA
"1232",1877,"MC302835",NA
"1233",1878,"JB118309",NA
"1234",1878,"JB118312",NA
"1235",1878,"JB118313",NA
"1236",1878,"JB118316",NA
"1237",1878,"JB118317",NA
"1238",1878,"JB118318",NA
"1239",1878,"JB118320",0.915
"1240",1878,"JB118322",NA
"1241",1878,"JB118323",0.615
"1242",1878,"JB118324",NA
"1243",1878,"JB118326",NA
"1244",1878,"JB118327",NA
"1245",1878,"JB118332",NA
"1246",1878,"JB118336",NA
"1247",1878,"JB130804",NA
"1248",1878,"JB130807",NA
"1249",1878,"JB130808",NA
"1250",1878,"JB130810",NA
"1251",1878,"JB130813",NA
"1252",1878,"JB130814",NA
"1253",1878,"JB130815",NA
"1254",1878,"JB130816",NA
"1255",1878,"JB130817",NA
"1256",1878,"JB130819",NA
"1257",1878,"JB130821",NA
"1258",1878,"JB130827",NA
"1259",1878,"MC195302",NA
"1260",1878,"MC195303",NA
"1261",1878,"MC195304",NA
"1262",1878,"MC195306",NA
"1263",1878,"MC195307",NA
"1264",1878,"MC195313",NA
"1265",1878,"MC195314",NA
"1266",1878,"MC195318",NA
"1267",1878,"MC195319",NA
"1268",1878,"MC195325",NA
"1269",1878,"MC195329",NA
"1270",1878,"MC216001",NA
"1271",1878,"MC216002",NA
"1272",1878,"MC216003",NA
"1273",1878,"MC216004",NA
"1274",1878,"MC216005",NA
"1275",1878,"MC216010",NA
"1276",1878,"MC216012",NA
"1277",1878,"MC216014",NA
"1278",1878,"MC216018",NA
"1279",1878,"MC216020",NA
"1280",1878,"MC216022",NA
"1281",1878,"MC216026",NA
"1282",1878,"MC216027",NA
"1283",1878,"MC216029",NA
"1284",1878,"MC216030",NA
"1285",1878,"MC216039",NA
"1286",1878,"MC231201",NA
"1287",1878,"MC231203",NA
"1288",1878,"MC231204",NA
"1289",1878,"MC231205",NA
"1290",1878,"MC231206",NA
"1291",1878,"MC231207",NA
"1292",1878,"MC231209",NA
"1293",1878,"MC231211",NA
"1294",1878,"MC231212",NA
"1295",1878,"MC231213",NA
"1296",1878,"MC231216",NA
"1297",1878,"MC231217",NA
"1298",1878,"MC231219",NA
"1299",1878,"MC231221",NA
"1300",1878,"MC231225",NA
"1301",1878,"MC231226",NA
"1302",1878,"MC231227",NA
"1303",1878,"MC231232",NA
"1304",1878,"MC231234",NA
"1305",1878,"MC255807",NA
"1306",1878,"MC255808",NA
"1307",1878,"MC255809",NA
"1308",1878,"MC255811",NA
"1309",1878,"MC255814",NA
"1310",1878,"MC255815",NA
"1311",1878,"MC255817",NA
"1312",1878,"MC255824",NA
"1313",1878,"MC255825",NA
"1314",1878,"MC255826",NA
"1315",1878,"MC255827",NA
"1316",1878,"MC255828",NA
"1317",1878,"MC255830",NA
"1318",1878,"MC255831",1.192
"1319",1878,"MC255833",NA
"1320",1878,"MC300001",NA
"1321",1878,"MC300017",NA
"1322",1878,"MC300018",NA
"1323",1878,"MC300022",NA
"1324",1878,"MC300023",NA
"1325",1878,"MC300024",NA
"1326",1878,"MC300026",NA
"1327",1878,"MC300027",NA
"1328",1878,"MC300028",NA
"1329",1878,"MC300032",NA
"1330",1878,"MC300033",NA
"1331",1878,"MC302801",NA
"1332",1878,"MC302803",NA
"1333",1878,"MC302807",NA
"1334",1878,"MC302810",NA
"1335",1878,"MC302813",NA
"1336",1878,"MC302819",NA
"1337",1878,"MC302820",NA
"1338",1878,"MC302825",NA
"1339",1878,"MC302827",NA
"1340",1878,"MC302829",NA
"1341",1878,"MC302831",NA
"1342",1878,"MC302833",NA
"1343",1878,"MC302834",NA
"1344",1878,"MC302835",NA
"1345",1879,"JB118309",NA
"1346",1879,"JB118312",NA
"1347",1879,"JB118313",NA
"1348",1879,"JB118316",NA
"1349",1879,"JB118317",NA
"1350",1879,"JB118318",NA
"1351",1879,"JB118320",0.683
"1352",1879,"JB118322",NA
"1353",1879,"JB118323",0.526
"1354",1879,"JB118324",0.586
"1355",1879,"JB118326",NA
"1356",1879,"JB118327",NA
"1357",1879,"JB118332",NA
"1358",1879,"JB118336",NA
"1359",1879,"JB130804",NA
"1360",1879,"JB130807",NA
"1361",1879,"JB130808",NA
"1362",1879,"JB130810",NA
"1363",1879,"JB130813",NA
"1364",1879,"JB130814",NA
"1365",1879,"JB130815",NA
"1366",1879,"JB130816",NA
"1367",1879,"JB130817",NA
"1368",1879,"JB130819",NA
"1369",1879,"JB130821",NA
"1370",1879,"JB130827",NA
"1371",1879,"MC195302",NA
"1372",1879,"MC195303",NA
"1373",1879,"MC195304",NA
"1374",1879,"MC195306",NA
"1375",1879,"MC195307",NA
"1376",1879,"MC195313",NA
"1377",1879,"MC195314",NA
"1378",1879,"MC195318",NA
"1379",1879,"MC195319",NA
"1380",1879,"MC195325",NA
"1381",1879,"MC195329",NA
"1382",1879,"MC216001",NA
"1383",1879,"MC216002",NA
"1384",1879,"MC216003",NA
"1385",1879,"MC216004",NA
"1386",1879,"MC216005",NA
"1387",1879,"MC216010",NA
"1388",1879,"MC216012",NA
"1389",1879,"MC216014",NA
"1390",1879,"MC216018",NA
"1391",1879,"MC216020",NA
"1392",1879,"MC216022",NA
"1393",1879,"MC216026",NA
"1394",1879,"MC216027",NA
"1395",1879,"MC216029",NA
"1396",1879,"MC216030",NA
"1397",1879,"MC216039",NA
"1398",1879,"MC231201",NA
"1399",1879,"MC231203",NA
"1400",1879,"MC231204",NA
"1401",1879,"MC231205",NA
"1402",1879,"MC231206",NA
"1403",1879,"MC231207",NA
"1404",1879,"MC231209",NA
"1405",1879,"MC231211",NA
"1406",1879,"MC231212",NA
"1407",1879,"MC231213",NA
"1408",1879,"MC231216",NA
"1409",1879,"MC231217",NA
"1410",1879,"MC231219",NA
"1411",1879,"MC231221",NA
"1412",1879,"MC231225",NA
"1413",1879,"MC231226",NA
"1414",1879,"MC231227",NA
"1415",1879,"MC231232",NA
"1416",1879,"MC231234",NA
"1417",1879,"MC255807",NA
"1418",1879,"MC255808",NA
"1419",1879,"MC255809",NA
"1420",1879,"MC255811",NA
"1421",1879,"MC255814",NA
"1422",1879,"MC255815",NA
"1423",1879,"MC255817",NA
"1424",1879,"MC255824",NA
"1425",1879,"MC255825",NA
"1426",1879,"MC255826",NA
"1427",1879,"MC255827",NA
"1428",1879,"MC255828",NA
"1429",1879,"MC255830",NA
"1430",1879,"MC255831",1.003
"1431",1879,"MC255833",NA
"1432",1879,"MC300001",NA
"1433",1879,"MC300017",NA
"1434",1879,"MC300018",NA
"1435",1879,"MC300022",NA
"1436",1879,"MC300023",NA
"1437",1879,"MC300024",NA
"1438",1879,"MC300026",NA
"1439",1879,"MC300027",NA
"1440",1879,"MC300028",NA
"1441",1879,"MC300032",NA
"1442",1879,"MC300033",NA
"1443",1879,"MC302801",NA
"1444",1879,"MC302803",NA
"1445",1879,"MC302807",NA
"1446",1879,"MC302810",NA
"1447",1879,"MC302813",NA
"1448",1879,"MC302819",NA
"1449",1879,"MC302820",NA
"1450",1879,"MC302825",NA
"1451",1879,"MC302827",NA
"1452",1879,"MC302829",NA
"1453",1879,"MC302831",NA
"1454",1879,"MC302833",NA
"1455",1879,"MC302834",NA
"1456",1879,"MC302835",NA
"1457",1880,"JB118309",NA
"1458",1880,"JB118312",NA
"1459",1880,"JB118313",NA
"1460",1880,"JB118316",NA
"1461",1880,"JB118317",NA
"1462",1880,"JB118318",NA
"1463",1880,"JB118320",0.829
"1464",1880,"JB118322",NA
"1465",1880,"JB118323",0.346
"1466",1880,"JB118324",0.474
"1467",1880,"JB118326",NA
"1468",1880,"JB118327",NA
"1469",1880,"JB118332",NA
"1470",1880,"JB118336",NA
"1471",1880,"JB130804",NA
"1472",1880,"JB130807",NA
"1473",1880,"JB130808",NA
"1474",1880,"JB130810",NA
"1475",1880,"JB130813",NA
"1476",1880,"JB130814",NA
"1477",1880,"JB130815",NA
"1478",1880,"JB130816",NA
"1479",1880,"JB130817",NA
"1480",1880,"JB130819",NA
"1481",1880,"JB130821",NA
"1482",1880,"JB130827",NA
"1483",1880,"MC195302",NA
"1484",1880,"MC195303",NA
"1485",1880,"MC195304",NA
"1486",1880,"MC195306",NA
"1487",1880,"MC195307",NA
"1488",1880,"MC195313",NA
"1489",1880,"MC195314",NA
"1490",1880,"MC195318",NA
"1491",1880,"MC195319",NA
"1492",1880,"MC195325",NA
"1493",1880,"MC195329",NA
"1494",1880,"MC216001",NA
"1495",1880,"MC216002",NA
"1496",1880,"MC216003",NA
"1497",1880,"MC216004",NA
"1498",1880,"MC216005",NA
"1499",1880,"MC216010",NA
"1500",1880,"MC216012",NA
"1501",1880,"MC216014",NA
"1502",1880,"MC216018",NA
"1503",1880,"MC216020",NA
"1504",1880,"MC216022",NA
"1505",1880,"MC216026",NA
"1506",1880,"MC216027",NA
"1507",1880,"MC216029",NA
"1508",1880,"MC216030",NA
"1509",1880,"MC216039",NA
"1510",1880,"MC231201",NA
"1511",1880,"MC231203",NA
"1512",1880,"MC231204",NA
"1513",1880,"MC231205",NA
"1514",1880,"MC231206",NA
"1515",1880,"MC231207",NA
"1516",1880,"MC231209",NA
"1517",1880,"MC231211",NA
"1518",1880,"MC231212",NA
"1519",1880,"MC231213",NA
"1520",1880,"MC231216",NA
"1521",1880,"MC231217",NA
"1522",1880,"MC231219",NA
"1523",1880,"MC231221",NA
"1524",1880,"MC231225",NA
"1525",1880,"MC231226",NA
"1526",1880,"MC231227",NA
"1527",1880,"MC231232",NA
"1528",1880,"MC231234",NA
"1529",1880,"MC255807",NA
"1530",1880,"MC255808",NA
"1531",1880,"MC255809",NA
"1532",1880,"MC255811",NA
"1533",1880,"MC255814",NA
"1534",1880,"MC255815",NA
"1535",1880,"MC255817",NA
"1536",1880,"MC255824",NA
"1537",1880,"MC255825",NA
"1538",1880,"MC255826",NA
"1539",1880,"MC255827",NA
"1540",1880,"MC255828",NA
"1541",1880,"MC255830",NA
"1542",1880,"MC255831",0.613
"1543",1880,"MC255833",NA
"1544",1880,"MC300001",NA
"1545",1880,"MC300017",NA
"1546",1880,"MC300018",NA
"1547",1880,"MC300022",NA
"1548",1880,"MC300023",NA
"1549",1880,"MC300024",NA
"1550",1880,"MC300026",NA
"1551",1880,"MC300027",NA
"1552",1880,"MC300028",NA
"1553",1880,"MC300032",NA
"1554",1880,"MC300033",NA
"1555",1880,"MC302801",NA
"1556",1880,"MC302803",NA
"1557",1880,"MC302807",NA
"1558",1880,"MC302810",NA
"1559",1880,"MC302813",NA
"1560",1880,"MC302819",NA
"1561",1880,"MC302820",NA
"1562",1880,"MC302825",NA
"1563",1880,"MC302827",NA
"1564",1880,"MC302829",NA
"1565",1880,"MC302831",NA
"1566",1880,"MC302833",NA
"1567",1880,"MC302834",NA
"1568",1880,"MC302835",NA
"1569",1881,"JB118309",NA
"1570",1881,"JB118312",NA
"1571",1881,"JB118313",NA
"1572",1881,"JB118316",NA
"1573",1881,"JB118317",NA
"1574",1881,"JB118318",NA
"1575",1881,"JB118320",1.102
"1576",1881,"JB118322",NA
"1577",1881,"JB118323",0.305
"1578",1881,"JB118324",0.282
"1579",1881,"JB118326",NA
"1580",1881,"JB118327",NA
"1581",1881,"JB118332",NA
"1582",1881,"JB118336",NA
"1583",1881,"JB130804",NA
"1584",1881,"JB130807",NA
"1585",1881,"JB130808",NA
"1586",1881,"JB130810",NA
"1587",1881,"JB130813",NA
"1588",1881,"JB130814",NA
"1589",1881,"JB130815",NA
"1590",1881,"JB130816",NA
"1591",1881,"JB130817",NA
"1592",1881,"JB130819",NA
"1593",1881,"JB130821",NA
"1594",1881,"JB130827",NA
"1595",1881,"MC195302",NA
"1596",1881,"MC195303",NA
"1597",1881,"MC195304",NA
"1598",1881,"MC195306",NA
"1599",1881,"MC195307",NA
"1600",1881,"MC195313",NA
"1601",1881,"MC195314",NA
"1602",1881,"MC195318",NA
"1603",1881,"MC195319",NA
"1604",1881,"MC195325",NA
"1605",1881,"MC195329",NA
"1606",1881,"MC216001",NA
"1607",1881,"MC216002",NA
"1608",1881,"MC216003",NA
"1609",1881,"MC216004",NA
"1610",1881,"MC216005",NA
"1611",1881,"MC216010",NA
"1612",1881,"MC216012",NA
"1613",1881,"MC216014",NA
"1614",1881,"MC216018",NA
"1615",1881,"MC216020",NA
"1616",1881,"MC216022",NA
"1617",1881,"MC216026",NA
"1618",1881,"MC216027",NA
"1619",1881,"MC216029",NA
"1620",1881,"MC216030",NA
"1621",1881,"MC216039",NA
"1622",1881,"MC231201",NA
"1623",1881,"MC231203",NA
"1624",1881,"MC231204",NA
"1625",1881,"MC231205",NA
"1626",1881,"MC231206",NA
"1627",1881,"MC231207",NA
"1628",1881,"MC231209",NA
"1629",1881,"MC231211",NA
"1630",1881,"MC231212",NA
"1631",1881,"MC231213",NA
"1632",1881,"MC231216",NA
"1633",1881,"MC231217",NA
"1634",1881,"MC231219",NA
"1635",1881,"MC231221",NA
"1636",1881,"MC231225",NA
"1637",1881,"MC231226",NA
"1638",1881,"MC231227",NA
"1639",1881,"MC231232",NA
"1640",1881,"MC231234",NA
"1641",1881,"MC255807",NA
"1642",1881,"MC255808",NA
"1643",1881,"MC255809",NA
"1644",1881,"MC255811",NA
"1645",1881,"MC255814",NA
"1646",1881,"MC255815",NA
"1647",1881,"MC255817",NA
"1648",1881,"MC255824",NA
"1649",1881,"MC255825",NA
"1650",1881,"MC255826",NA
"1651",1881,"MC255827",NA
"1652",1881,"MC255828",NA
"1653",1881,"MC255830",NA
"1654",1881,"MC255831",1.127
"1655",1881,"MC255833",NA
"1656",1881,"MC300001",NA
"1657",1881,"MC300017",NA
"1658",1881,"MC300018",NA
"1659",1881,"MC300022",NA
"1660",1881,"MC300023",NA
"1661",1881,"MC300024",NA
"1662",1881,"MC300026",NA
"1663",1881,"MC300027",NA
"1664",1881,"MC300028",NA
"1665",1881,"MC300032",NA
"1666",1881,"MC300033",NA
"1667",1881,"MC302801",NA
"1668",1881,"MC302803",NA
"1669",1881,"MC302807",NA
"1670",1881,"MC302810",NA
"1671",1881,"MC302813",NA
"1672",1881,"MC302819",NA
"1673",1881,"MC302820",NA
"1674",1881,"MC302825",NA
"1675",1881,"MC302827",NA
"1676",1881,"MC302829",NA
"1677",1881,"MC302831",NA
"1678",1881,"MC302833",NA
"1679",1881,"MC302834",NA
"1680",1881,"MC302835",NA
"1681",1882,"JB118309",NA
"1682",1882,"JB118312",NA
"1683",1882,"JB118313",NA
"1684",1882,"JB118316",NA
"1685",1882,"JB118317",NA
"1686",1882,"JB118318",NA
"1687",1882,"JB118320",0.791
"1688",1882,"JB118322",NA
"1689",1882,"JB118323",0.514
"1690",1882,"JB118324",0.449
"1691",1882,"JB118326",NA
"1692",1882,"JB118327",NA
"1693",1882,"JB118332",NA
"1694",1882,"JB118336",NA
"1695",1882,"JB130804",NA
"1696",1882,"JB130807",NA
"1697",1882,"JB130808",NA
"1698",1882,"JB130810",NA
"1699",1882,"JB130813",NA
"1700",1882,"JB130814",NA
"1701",1882,"JB130815",NA
"1702",1882,"JB130816",NA
"1703",1882,"JB130817",NA
"1704",1882,"JB130819",NA
"1705",1882,"JB130821",NA
"1706",1882,"JB130827",NA
"1707",1882,"MC195302",NA
"1708",1882,"MC195303",NA
"1709",1882,"MC195304",NA
"1710",1882,"MC195306",NA
"1711",1882,"MC195307",NA
"1712",1882,"MC195313",NA
"1713",1882,"MC195314",NA
"1714",1882,"MC195318",NA
"1715",1882,"MC195319",NA
"1716",1882,"MC195325",NA
"1717",1882,"MC195329",NA
"1718",1882,"MC216001",NA
"1719",1882,"MC216002",NA
"1720",1882,"MC216003",NA
"1721",1882,"MC216004",NA
"1722",1882,"MC216005",NA
"1723",1882,"MC216010",NA
"1724",1882,"MC216012",NA
"1725",1882,"MC216014",NA
"1726",1882,"MC216018",NA
"1727",1882,"MC216020",NA
"1728",1882,"MC216022",NA
"1729",1882,"MC216026",NA
"1730",1882,"MC216027",NA
"1731",1882,"MC216029",NA
"1732",1882,"MC216030",NA
"1733",1882,"MC216039",NA
"1734",1882,"MC231201",NA
"1735",1882,"MC231203",NA
"1736",1882,"MC231204",NA
"1737",1882,"MC231205",NA
"1738",1882,"MC231206",NA
"1739",1882,"MC231207",NA
"1740",1882,"MC231209",NA
"1741",1882,"MC231211",NA
"1742",1882,"MC231212",NA
"1743",1882,"MC231213",NA
"1744",1882,"MC231216",NA
"1745",1882,"MC231217",NA
"1746",1882,"MC231219",NA
"1747",1882,"MC231221",NA
"1748",1882,"MC231225",NA
"1749",1882,"MC231226",NA
"1750",1882,"MC231227",NA
"1751",1882,"MC231232",NA
"1752",1882,"MC231234",NA
"1753",1882,"MC255807",NA
"1754",1882,"MC255808",NA
"1755",1882,"MC255809",NA
"1756",1882,"MC255811",NA
"1757",1882,"MC255814",NA
"1758",1882,"MC255815",NA
"1759",1882,"MC255817",NA
"1760",1882,"MC255824",NA
"1761",1882,"MC255825",NA
"1762",1882,"MC255826",NA
"1763",1882,"MC255827",NA
"1764",1882,"MC255828",NA
"1765",1882,"MC255830",NA
"1766",1882,"MC255831",1.459
"1767",1882,"MC255833",NA
"1768",1882,"MC300001",NA
"1769",1882,"MC300017",NA
"1770",1882,"MC300018",NA
"1771",1882,"MC300022",NA
"1772",1882,"MC300023",NA
"1773",1882,"MC300024",NA
"1774",1882,"MC300026",NA
"1775",1882,"MC300027",NA
"1776",1882,"MC300028",NA
"1777",1882,"MC300032",NA
"1778",1882,"MC300033",NA
"1779",1882,"MC302801",NA
"1780",1882,"MC302803",NA
"1781",1882,"MC302807",NA
"1782",1882,"MC302810",NA
"1783",1882,"MC302813",NA
"1784",1882,"MC302819",NA
"1785",1882,"MC302820",NA
"1786",1882,"MC302825",NA
"1787",1882,"MC302827",NA
"1788",1882,"MC302829",NA
"1789",1882,"MC302831",NA
"1790",1882,"MC302833",NA
"1791",1882,"MC302834",NA
"1792",1882,"MC302835",NA
"1793",1883,"JB118309",NA
"1794",1883,"JB118312",NA
"1795",1883,"JB118313",NA
"1796",1883,"JB118316",NA
"1797",1883,"JB118317",NA
"1798",1883,"JB118318",NA
"1799",1883,"JB118320",0.74
"1800",1883,"JB118322",NA
"1801",1883,"JB118323",0.496
"1802",1883,"JB118324",0.35
"1803",1883,"JB118326",NA
"1804",1883,"JB118327",NA
"1805",1883,"JB118332",NA
"1806",1883,"JB118336",NA
"1807",1883,"JB130804",NA
"1808",1883,"JB130807",NA
"1809",1883,"JB130808",NA
"1810",1883,"JB130810",NA
"1811",1883,"JB130813",NA
"1812",1883,"JB130814",NA
"1813",1883,"JB130815",NA
"1814",1883,"JB130816",NA
"1815",1883,"JB130817",NA
"1816",1883,"JB130819",NA
"1817",1883,"JB130821",NA
"1818",1883,"JB130827",NA
"1819",1883,"MC195302",NA
"1820",1883,"MC195303",NA
"1821",1883,"MC195304",NA
"1822",1883,"MC195306",NA
"1823",1883,"MC195307",NA
"1824",1883,"MC195313",NA
"1825",1883,"MC195314",NA
"1826",1883,"MC195318",NA
"1827",1883,"MC195319",NA
"1828",1883,"MC195325",NA
"1829",1883,"MC195329",NA
"1830",1883,"MC216001",NA
"1831",1883,"MC216002",NA
"1832",1883,"MC216003",NA
"1833",1883,"MC216004",NA
"1834",1883,"MC216005",NA
"1835",1883,"MC216010",NA
"1836",1883,"MC216012",NA
"1837",1883,"MC216014",NA
"1838",1883,"MC216018",NA
"1839",1883,"MC216020",NA
"1840",1883,"MC216022",NA
"1841",1883,"MC216026",NA
"1842",1883,"MC216027",NA
"1843",1883,"MC216029",NA
"1844",1883,"MC216030",NA
"1845",1883,"MC216039",NA
"1846",1883,"MC231201",NA
"1847",1883,"MC231203",NA
"1848",1883,"MC231204",NA
"1849",1883,"MC231205",NA
"1850",1883,"MC231206",NA
"1851",1883,"MC231207",NA
"1852",1883,"MC231209",NA
"1853",1883,"MC231211",NA
"1854",1883,"MC231212",NA
"1855",1883,"MC231213",NA
"1856",1883,"MC231216",NA
"1857",1883,"MC231217",NA
"1858",1883,"MC231219",NA
"1859",1883,"MC231221",NA
"1860",1883,"MC231225",NA
"1861",1883,"MC231226",NA
"1862",1883,"MC231227",NA
"1863",1883,"MC231232",NA
"1864",1883,"MC231234",NA
"1865",1883,"MC255807",NA
"1866",1883,"MC255808",NA
"1867",1883,"MC255809",NA
"1868",1883,"MC255811",NA
"1869",1883,"MC255814",NA
"1870",1883,"MC255815",NA
"1871",1883,"MC255817",NA
"1872",1883,"MC255824",NA
"1873",1883,"MC255825",NA
"1874",1883,"MC255826",NA
"1875",1883,"MC255827",NA
"1876",1883,"MC255828",NA
"1877",1883,"MC255830",NA
"1878",1883,"MC255831",0.827
"1879",1883,"MC255833",NA
"1880",1883,"MC300001",NA
"1881",1883,"MC300017",NA
"1882",1883,"MC300018",NA
"1883",1883,"MC300022",NA
"1884",1883,"MC300023",NA
"1885",1883,"MC300024",NA
"1886",1883,"MC300026",NA
"1887",1883,"MC300027",NA
"1888",1883,"MC300028",NA
"1889",1883,"MC300032",NA
"1890",1883,"MC300033",NA
"1891",1883,"MC302801",NA
"1892",1883,"MC302803",NA
"1893",1883,"MC302807",NA
"1894",1883,"MC302810",NA
"1895",1883,"MC302813",NA
"1896",1883,"MC302819",NA
"1897",1883,"MC302820",NA
"1898",1883,"MC302825",NA
"1899",1883,"MC302827",NA
"1900",1883,"MC302829",NA
"1901",1883,"MC302831",NA
"1902",1883,"MC302833",NA
"1903",1883,"MC302834",NA
"1904",1883,"MC302835",NA
"1905",1884,"JB118309",NA
"1906",1884,"JB118312",NA
"1907",1884,"JB118313",NA
"1908",1884,"JB118316",NA
"1909",1884,"JB118317",NA
"1910",1884,"JB118318",NA
"1911",1884,"JB118320",0.991
"1912",1884,"JB118322",NA
"1913",1884,"JB118323",0.449
"1914",1884,"JB118324",0.329
"1915",1884,"JB118326",NA
"1916",1884,"JB118327",NA
"1917",1884,"JB118332",NA
"1918",1884,"JB118336",NA
"1919",1884,"JB130804",NA
"1920",1884,"JB130807",NA
"1921",1884,"JB130808",NA
"1922",1884,"JB130810",NA
"1923",1884,"JB130813",NA
"1924",1884,"JB130814",NA
"1925",1884,"JB130815",NA
"1926",1884,"JB130816",NA
"1927",1884,"JB130817",NA
"1928",1884,"JB130819",NA
"1929",1884,"JB130821",NA
"1930",1884,"JB130827",NA
"1931",1884,"MC195302",NA
"1932",1884,"MC195303",NA
"1933",1884,"MC195304",NA
"1934",1884,"MC195306",NA
"1935",1884,"MC195307",NA
"1936",1884,"MC195313",NA
"1937",1884,"MC195314",NA
"1938",1884,"MC195318",NA
"1939",1884,"MC195319",NA
"1940",1884,"MC195325",NA
"1941",1884,"MC195329",NA
"1942",1884,"MC216001",NA
"1943",1884,"MC216002",NA
"1944",1884,"MC216003",NA
"1945",1884,"MC216004",NA
"1946",1884,"MC216005",NA
"1947",1884,"MC216010",NA
"1948",1884,"MC216012",NA
"1949",1884,"MC216014",NA
"1950",1884,"MC216018",NA
"1951",1884,"MC216020",NA
"1952",1884,"MC216022",NA
"1953",1884,"MC216026",NA
"1954",1884,"MC216027",NA
"1955",1884,"MC216029",NA
"1956",1884,"MC216030",NA
"1957",1884,"MC216039",NA
"1958",1884,"MC231201",NA
"1959",1884,"MC231203",NA
"1960",1884,"MC231204",NA
"1961",1884,"MC231205",NA
"1962",1884,"MC231206",NA
"1963",1884,"MC231207",NA
"1964",1884,"MC231209",NA
"1965",1884,"MC231211",NA
"1966",1884,"MC231212",NA
"1967",1884,"MC231213",NA
"1968",1884,"MC231216",NA
"1969",1884,"MC231217",NA
"1970",1884,"MC231219",NA
"1971",1884,"MC231221",NA
"1972",1884,"MC231225",NA
"1973",1884,"MC231226",NA
"1974",1884,"MC231227",NA
"1975",1884,"MC231232",NA
"1976",1884,"MC231234",NA
"1977",1884,"MC255807",NA
"1978",1884,"MC255808",NA
"1979",1884,"MC255809",NA
"1980",1884,"MC255811",NA
"1981",1884,"MC255814",NA
"1982",1884,"MC255815",NA
"1983",1884,"MC255817",NA
"1984",1884,"MC255824",NA
"1985",1884,"MC255825",NA
"1986",1884,"MC255826",NA
"1987",1884,"MC255827",NA
"1988",1884,"MC255828",NA
"1989",1884,"MC255830",NA
"1990",1884,"MC255831",0.757
"1991",1884,"MC255833",NA
"1992",1884,"MC300001",NA
"1993",1884,"MC300017",NA
"1994",1884,"MC300018",NA
"1995",1884,"MC300022",NA
"1996",1884,"MC300023",NA
"1997",1884,"MC300024",NA
"1998",1884,"MC300026",NA
"1999",1884,"MC300027",NA
"2000",1884,"MC300028",NA
"2001",1884,"MC300032",NA
"2002",1884,"MC300033",NA
"2003",1884,"MC302801",NA
"2004",1884,"MC302803",NA
"2005",1884,"MC302807",NA
"2006",1884,"MC302810",NA
"2007",1884,"MC302813",NA
"2008",1884,"MC302819",NA
"2009",1884,"MC302820",NA
"2010",1884,"MC302825",NA
"2011",1884,"MC302827",NA
"2012",1884,"MC302829",NA
"2013",1884,"MC302831",NA
"2014",1884,"MC302833",NA
"2015",1884,"MC302834",NA
"2016",1884,"MC302835",NA
"2017",1885,"JB118309",NA
"2018",1885,"JB118312",NA
"2019",1885,"JB118313",NA
"2020",1885,"JB118316",NA
"2021",1885,"JB118317",NA
"2022",1885,"JB118318",NA
"2023",1885,"JB118320",0.46
"2024",1885,"JB118322",NA
"2025",1885,"JB118323",0.336
"2026",1885,"JB118324",0.262
"2027",1885,"JB118326",NA
"2028",1885,"JB118327",NA
"2029",1885,"JB118332",NA
"2030",1885,"JB118336",NA
"2031",1885,"JB130804",NA
"2032",1885,"JB130807",NA
"2033",1885,"JB130808",NA
"2034",1885,"JB130810",NA
"2035",1885,"JB130813",NA
"2036",1885,"JB130814",NA
"2037",1885,"JB130815",NA
"2038",1885,"JB130816",NA
"2039",1885,"JB130817",NA
"2040",1885,"JB130819",NA
"2041",1885,"JB130821",NA
"2042",1885,"JB130827",NA
"2043",1885,"MC195302",NA
"2044",1885,"MC195303",NA
"2045",1885,"MC195304",NA
"2046",1885,"MC195306",NA
"2047",1885,"MC195307",NA
"2048",1885,"MC195313",NA
"2049",1885,"MC195314",NA
"2050",1885,"MC195318",NA
"2051",1885,"MC195319",NA
"2052",1885,"MC195325",NA
"2053",1885,"MC195329",NA
"2054",1885,"MC216001",NA
"2055",1885,"MC216002",NA
"2056",1885,"MC216003",NA
"2057",1885,"MC216004",NA
"2058",1885,"MC216005",NA
"2059",1885,"MC216010",NA
"2060",1885,"MC216012",NA
"2061",1885,"MC216014",NA
"2062",1885,"MC216018",NA
"2063",1885,"MC216020",NA
"2064",1885,"MC216022",NA
"2065",1885,"MC216026",NA
"2066",1885,"MC216027",NA
"2067",1885,"MC216029",NA
"2068",1885,"MC216030",NA
"2069",1885,"MC216039",NA
"2070",1885,"MC231201",NA
"2071",1885,"MC231203",NA
"2072",1885,"MC231204",NA
"2073",1885,"MC231205",NA
"2074",1885,"MC231206",NA
"2075",1885,"MC231207",NA
"2076",1885,"MC231209",NA
"2077",1885,"MC231211",NA
"2078",1885,"MC231212",NA
"2079",1885,"MC231213",NA
"2080",1885,"MC231216",NA
"2081",1885,"MC231217",NA
"2082",1885,"MC231219",NA
"2083",1885,"MC231221",NA
"2084",1885,"MC231225",NA
"2085",1885,"MC231226",NA
"2086",1885,"MC231227",NA
"2087",1885,"MC231232",NA
"2088",1885,"MC231234",NA
"2089",1885,"MC255807",NA
"2090",1885,"MC255808",NA
"2091",1885,"MC255809",NA
"2092",1885,"MC255811",NA
"2093",1885,"MC255814",NA
"2094",1885,"MC255815",NA
"2095",1885,"MC255817",NA
"2096",1885,"MC255824",NA
"2097",1885,"MC255825",NA
"2098",1885,"MC255826",NA
"2099",1885,"MC255827",NA
"2100",1885,"MC255828",NA
"2101",1885,"MC255830",NA
"2102",1885,"MC255831",0.486
"2103",1885,"MC255833",NA
"2104",1885,"MC300001",NA
"2105",1885,"MC300017",NA
"2106",1885,"MC300018",NA
"2107",1885,"MC300022",NA
"2108",1885,"MC300023",NA
"2109",1885,"MC300024",NA
"2110",1885,"MC300026",NA
"2111",1885,"MC300027",NA
"2112",1885,"MC300028",NA
"2113",1885,"MC300032",NA
"2114",1885,"MC300033",NA
"2115",1885,"MC302801",NA
"2116",1885,"MC302803",NA
"2117",1885,"MC302807",NA
"2118",1885,"MC302810",NA
"2119",1885,"MC302813",NA
"2120",1885,"MC302819",NA
"2121",1885,"MC302820",NA
"2122",1885,"MC302825",NA
"2123",1885,"MC302827",NA
"2124",1885,"MC302829",NA
"2125",1885,"MC302831",NA
"2126",1885,"MC302833",NA
"2127",1885,"MC302834",NA
"2128",1885,"MC302835",NA
"2129",1886,"JB118309",NA
"2130",1886,"JB118312",NA
"2131",1886,"JB118313",NA
"2132",1886,"JB118316",NA
"2133",1886,"JB118317",NA
"2134",1886,"JB118318",NA
"2135",1886,"JB118320",0.445
"2136",1886,"JB118322",NA
"2137",1886,"JB118323",0.318
"2138",1886,"JB118324",0.233
"2139",1886,"JB118326",NA
"2140",1886,"JB118327",NA
"2141",1886,"JB118332",NA
"2142",1886,"JB118336",NA
"2143",1886,"JB130804",NA
"2144",1886,"JB130807",NA
"2145",1886,"JB130808",NA
"2146",1886,"JB130810",NA
"2147",1886,"JB130813",NA
"2148",1886,"JB130814",NA
"2149",1886,"JB130815",NA
"2150",1886,"JB130816",NA
"2151",1886,"JB130817",NA
"2152",1886,"JB130819",NA
"2153",1886,"JB130821",NA
"2154",1886,"JB130827",NA
"2155",1886,"MC195302",NA
"2156",1886,"MC195303",NA
"2157",1886,"MC195304",NA
"2158",1886,"MC195306",NA
"2159",1886,"MC195307",NA
"2160",1886,"MC195313",NA
"2161",1886,"MC195314",NA
"2162",1886,"MC195318",NA
"2163",1886,"MC195319",NA
"2164",1886,"MC195325",NA
"2165",1886,"MC195329",NA
"2166",1886,"MC216001",NA
"2167",1886,"MC216002",NA
"2168",1886,"MC216003",NA
"2169",1886,"MC216004",NA
"2170",1886,"MC216005",NA
"2171",1886,"MC216010",NA
"2172",1886,"MC216012",NA
"2173",1886,"MC216014",NA
"2174",1886,"MC216018",NA
"2175",1886,"MC216020",NA
"2176",1886,"MC216022",NA
"2177",1886,"MC216026",NA
"2178",1886,"MC216027",NA
"2179",1886,"MC216029",NA
"2180",1886,"MC216030",NA
"2181",1886,"MC216039",NA
"2182",1886,"MC231201",NA
"2183",1886,"MC231203",NA
"2184",1886,"MC231204",NA
"2185",1886,"MC231205",NA
"2186",1886,"MC231206",NA
"2187",1886,"MC231207",NA
"2188",1886,"MC231209",NA
"2189",1886,"MC231211",NA
"2190",1886,"MC231212",NA
"2191",1886,"MC231213",NA
"2192",1886,"MC231216",NA
"2193",1886,"MC231217",NA
"2194",1886,"MC231219",NA
"2195",1886,"MC231221",NA
"2196",1886,"MC231225",NA
"2197",1886,"MC231226",NA
"2198",1886,"MC231227",NA
"2199",1886,"MC231232",NA
"2200",1886,"MC231234",NA
"2201",1886,"MC255807",NA
"2202",1886,"MC255808",NA
"2203",1886,"MC255809",NA
"2204",1886,"MC255811",NA
"2205",1886,"MC255814",NA
"2206",1886,"MC255815",NA
"2207",1886,"MC255817",NA
"2208",1886,"MC255824",NA
"2209",1886,"MC255825",NA
"2210",1886,"MC255826",NA
"2211",1886,"MC255827",NA
"2212",1886,"MC255828",NA
"2213",1886,"MC255830",NA
"2214",1886,"MC255831",0.526
"2215",1886,"MC255833",NA
"2216",1886,"MC300001",NA
"2217",1886,"MC300017",NA
"2218",1886,"MC300018",NA
"2219",1886,"MC300022",NA
"2220",1886,"MC300023",NA
"2221",1886,"MC300024",NA
"2222",1886,"MC300026",NA
"2223",1886,"MC300027",NA
"2224",1886,"MC300028",NA
"2225",1886,"MC300032",NA
"2226",1886,"MC300033",NA
"2227",1886,"MC302801",NA
"2228",1886,"MC302803",NA
"2229",1886,"MC302807",NA
"2230",1886,"MC302810",NA
"2231",1886,"MC302813",NA
"2232",1886,"MC302819",NA
"2233",1886,"MC302820",NA
"2234",1886,"MC302825",NA
"2235",1886,"MC302827",NA
"2236",1886,"MC302829",NA
"2237",1886,"MC302831",NA
"2238",1886,"MC302833",NA
"2239",1886,"MC302834",NA
"2240",1886,"MC302835",NA
"2241",1887,"JB118309",NA
"2242",1887,"JB118312",NA
"2243",1887,"JB118313",NA
"2244",1887,"JB118316",NA
"2245",1887,"JB118317",NA
"2246",1887,"JB118318",NA
"2247",1887,"JB118320",0.719
"2248",1887,"JB118322",NA
"2249",1887,"JB118323",0.198
"2250",1887,"JB118324",0.335
"2251",1887,"JB118326",NA
"2252",1887,"JB118327",NA
"2253",1887,"JB118332",NA
"2254",1887,"JB118336",NA
"2255",1887,"JB130804",NA
"2256",1887,"JB130807",NA
"2257",1887,"JB130808",NA
"2258",1887,"JB130810",NA
"2259",1887,"JB130813",NA
"2260",1887,"JB130814",NA
"2261",1887,"JB130815",NA
"2262",1887,"JB130816",NA
"2263",1887,"JB130817",NA
"2264",1887,"JB130819",NA
"2265",1887,"JB130821",NA
"2266",1887,"JB130827",NA
"2267",1887,"MC195302",NA
"2268",1887,"MC195303",NA
"2269",1887,"MC195304",NA
"2270",1887,"MC195306",NA
"2271",1887,"MC195307",NA
"2272",1887,"MC195313",NA
"2273",1887,"MC195314",NA
"2274",1887,"MC195318",NA
"2275",1887,"MC195319",NA
"2276",1887,"MC195325",NA
"2277",1887,"MC195329",NA
"2278",1887,"MC216001",NA
"2279",1887,"MC216002",NA
"2280",1887,"MC216003",NA
"2281",1887,"MC216004",NA
"2282",1887,"MC216005",NA
"2283",1887,"MC216010",NA
"2284",1887,"MC216012",NA
"2285",1887,"MC216014",NA
"2286",1887,"MC216018",NA
"2287",1887,"MC216020",NA
"2288",1887,"MC216022",NA
"2289",1887,"MC216026",NA
"2290",1887,"MC216027",NA
"2291",1887,"MC216029",NA
"2292",1887,"MC216030",NA
"2293",1887,"MC216039",NA
"2294",1887,"MC231201",NA
"2295",1887,"MC231203",NA
"2296",1887,"MC231204",NA
"2297",1887,"MC231205",NA
"2298",1887,"MC231206",NA
"2299",1887,"MC231207",NA
"2300",1887,"MC231209",NA
"2301",1887,"MC231211",NA
"2302",1887,"MC231212",NA
"2303",1887,"MC231213",NA
"2304",1887,"MC231216",NA
"2305",1887,"MC231217",NA
"2306",1887,"MC231219",NA
"2307",1887,"MC231221",NA
"2308",1887,"MC231225",NA
"2309",1887,"MC231226",NA
"2310",1887,"MC231227",NA
"2311",1887,"MC231232",NA
"2312",1887,"MC231234",NA
"2313",1887,"MC255807",NA
"2314",1887,"MC255808",NA
"2315",1887,"MC255809",NA
"2316",1887,"MC255811",NA
"2317",1887,"MC255814",NA
"2318",1887,"MC255815",NA
"2319",1887,"MC255817",NA
"2320",1887,"MC255824",NA
"2321",1887,"MC255825",NA
"2322",1887,"MC255826",NA
"2323",1887,"MC255827",NA
"2324",1887,"MC255828",NA
"2325",1887,"MC255830",NA
"2326",1887,"MC255831",1.03
"2327",1887,"MC255833",NA
"2328",1887,"MC300001",NA
"2329",1887,"MC300017",NA
"2330",1887,"MC300018",NA
"2331",1887,"MC300022",NA
"2332",1887,"MC300023",NA
"2333",1887,"MC300024",NA
"2334",1887,"MC300026",NA
"2335",1887,"MC300027",NA
"2336",1887,"MC300028",NA
"2337",1887,"MC300032",NA
"2338",1887,"MC300033",NA
"2339",1887,"MC302801",NA
"2340",1887,"MC302803",NA
"2341",1887,"MC302807",NA
"2342",1887,"MC302810",NA
"2343",1887,"MC302813",NA
"2344",1887,"MC302819",NA
"2345",1887,"MC302820",NA
"2346",1887,"MC302825",NA
"2347",1887,"MC302827",NA
"2348",1887,"MC302829",NA
"2349",1887,"MC302831",NA
"2350",1887,"MC302833",NA
"2351",1887,"MC302834",NA
"2352",1887,"MC302835",NA
"2353",1888,"JB118309",NA
"2354",1888,"JB118312",NA
"2355",1888,"JB118313",NA
"2356",1888,"JB118316",NA
"2357",1888,"JB118317",NA
"2358",1888,"JB118318",NA
"2359",1888,"JB118320",0.531
"2360",1888,"JB118322",NA
"2361",1888,"JB118323",0.327
"2362",1888,"JB118324",0.389
"2363",1888,"JB118326",NA
"2364",1888,"JB118327",NA
"2365",1888,"JB118332",NA
"2366",1888,"JB118336",NA
"2367",1888,"JB130804",NA
"2368",1888,"JB130807",NA
"2369",1888,"JB130808",NA
"2370",1888,"JB130810",NA
"2371",1888,"JB130813",NA
"2372",1888,"JB130814",NA
"2373",1888,"JB130815",NA
"2374",1888,"JB130816",NA
"2375",1888,"JB130817",NA
"2376",1888,"JB130819",NA
"2377",1888,"JB130821",NA
"2378",1888,"JB130827",NA
"2379",1888,"MC195302",NA
"2380",1888,"MC195303",NA
"2381",1888,"MC195304",NA
"2382",1888,"MC195306",NA
"2383",1888,"MC195307",NA
"2384",1888,"MC195313",NA
"2385",1888,"MC195314",NA
"2386",1888,"MC195318",NA
"2387",1888,"MC195319",NA
"2388",1888,"MC195325",NA
"2389",1888,"MC195329",NA
"2390",1888,"MC216001",NA
"2391",1888,"MC216002",NA
"2392",1888,"MC216003",NA
"2393",1888,"MC216004",NA
"2394",1888,"MC216005",NA
"2395",1888,"MC216010",NA
"2396",1888,"MC216012",NA
"2397",1888,"MC216014",NA
"2398",1888,"MC216018",NA
"2399",1888,"MC216020",NA
"2400",1888,"MC216022",NA
"2401",1888,"MC216026",NA
"2402",1888,"MC216027",NA
"2403",1888,"MC216029",NA
"2404",1888,"MC216030",NA
"2405",1888,"MC216039",NA
"2406",1888,"MC231201",NA
"2407",1888,"MC231203",NA
"2408",1888,"MC231204",NA
"2409",1888,"MC231205",NA
"2410",1888,"MC231206",NA
"2411",1888,"MC231207",NA
"2412",1888,"MC231209",NA
"2413",1888,"MC231211",NA
"2414",1888,"MC231212",NA
"2415",1888,"MC231213",NA
"2416",1888,"MC231216",NA
"2417",1888,"MC231217",NA
"2418",1888,"MC231219",NA
"2419",1888,"MC231221",NA
"2420",1888,"MC231225",NA
"2421",1888,"MC231226",NA
"2422",1888,"MC231227",NA
"2423",1888,"MC231232",NA
"2424",1888,"MC231234",NA
"2425",1888,"MC255807",NA
"2426",1888,"MC255808",NA
"2427",1888,"MC255809",NA
"2428",1888,"MC255811",NA
"2429",1888,"MC255814",NA
"2430",1888,"MC255815",NA
"2431",1888,"MC255817",NA
"2432",1888,"MC255824",NA
"2433",1888,"MC255825",NA
"2434",1888,"MC255826",NA
"2435",1888,"MC255827",NA
"2436",1888,"MC255828",NA
"2437",1888,"MC255830",NA
"2438",1888,"MC255831",1.101
"2439",1888,"MC255833",NA
"2440",1888,"MC300001",NA
"2441",1888,"MC300017",NA
"2442",1888,"MC300018",NA
"2443",1888,"MC300022",NA
"2444",1888,"MC300023",NA
"2445",1888,"MC300024",NA
"2446",1888,"MC300026",NA
"2447",1888,"MC300027",NA
"2448",1888,"MC300028",NA
"2449",1888,"MC300032",NA
"2450",1888,"MC300033",NA
"2451",1888,"MC302801",NA
"2452",1888,"MC302803",NA
"2453",1888,"MC302807",NA
"2454",1888,"MC302810",NA
"2455",1888,"MC302813",NA
"2456",1888,"MC302819",NA
"2457",1888,"MC302820",NA
"2458",1888,"MC302825",NA
"2459",1888,"MC302827",NA
"2460",1888,"MC302829",NA
"2461",1888,"MC302831",NA
"2462",1888,"MC302833",NA
"2463",1888,"MC302834",NA
"2464",1888,"MC302835",NA
"2465",1889,"JB118309",NA
"2466",1889,"JB118312",NA
"2467",1889,"JB118313",NA
"2468",1889,"JB118316",NA
"2469",1889,"JB118317",NA
"2470",1889,"JB118318",NA
"2471",1889,"JB118320",0.779
"2472",1889,"JB118322",NA
"2473",1889,"JB118323",0.391
"2474",1889,"JB118324",0.509
"2475",1889,"JB118326",NA
"2476",1889,"JB118327",NA
"2477",1889,"JB118332",NA
"2478",1889,"JB118336",NA
"2479",1889,"JB130804",NA
"2480",1889,"JB130807",NA
"2481",1889,"JB130808",NA
"2482",1889,"JB130810",NA
"2483",1889,"JB130813",NA
"2484",1889,"JB130814",NA
"2485",1889,"JB130815",NA
"2486",1889,"JB130816",NA
"2487",1889,"JB130817",NA
"2488",1889,"JB130819",NA
"2489",1889,"JB130821",NA
"2490",1889,"JB130827",NA
"2491",1889,"MC195302",NA
"2492",1889,"MC195303",NA
"2493",1889,"MC195304",NA
"2494",1889,"MC195306",NA
"2495",1889,"MC195307",NA
"2496",1889,"MC195313",NA
"2497",1889,"MC195314",NA
"2498",1889,"MC195318",NA
"2499",1889,"MC195319",NA
"2500",1889,"MC195325",NA
"2501",1889,"MC195329",NA
"2502",1889,"MC216001",NA
"2503",1889,"MC216002",NA
"2504",1889,"MC216003",NA
"2505",1889,"MC216004",NA
"2506",1889,"MC216005",NA
"2507",1889,"MC216010",NA
"2508",1889,"MC216012",NA
"2509",1889,"MC216014",NA
"2510",1889,"MC216018",NA
"2511",1889,"MC216020",NA
"2512",1889,"MC216022",NA
"2513",1889,"MC216026",NA
"2514",1889,"MC216027",NA
"2515",1889,"MC216029",NA
"2516",1889,"MC216030",NA
"2517",1889,"MC216039",NA
"2518",1889,"MC231201",NA
"2519",1889,"MC231203",NA
"2520",1889,"MC231204",NA
"2521",1889,"MC231205",NA
"2522",1889,"MC231206",NA
"2523",1889,"MC231207",NA
"2524",1889,"MC231209",NA
"2525",1889,"MC231211",NA
"2526",1889,"MC231212",NA
"2527",1889,"MC231213",NA
"2528",1889,"MC231216",NA
"2529",1889,"MC231217",NA
"2530",1889,"MC231219",NA
"2531",1889,"MC231221",NA
"2532",1889,"MC231225",NA
"2533",1889,"MC231226",NA
"2534",1889,"MC231227",NA
"2535",1889,"MC231232",NA
"2536",1889,"MC231234",NA
"2537",1889,"MC255807",NA
"2538",1889,"MC255808",NA
"2539",1889,"MC255809",NA
"2540",1889,"MC255811",NA
"2541",1889,"MC255814",NA
"2542",1889,"MC255815",NA
"2543",1889,"MC255817",NA
"2544",1889,"MC255824",NA
"2545",1889,"MC255825",NA
"2546",1889,"MC255826",NA
"2547",1889,"MC255827",NA
"2548",1889,"MC255828",NA
"2549",1889,"MC255830",NA
"2550",1889,"MC255831",0.482
"2551",1889,"MC255833",NA
"2552",1889,"MC300001",NA
"2553",1889,"MC300017",NA
"2554",1889,"MC300018",NA
"2555",1889,"MC300022",NA
"2556",1889,"MC300023",NA
"2557",1889,"MC300024",NA
"2558",1889,"MC300026",NA
"2559",1889,"MC300027",NA
"2560",1889,"MC300028",NA
"2561",1889,"MC300032",NA
"2562",1889,"MC300033",NA
"2563",1889,"MC302801",NA
"2564",1889,"MC302803",NA
"2565",1889,"MC302807",NA
"2566",1889,"MC302810",NA
"2567",1889,"MC302813",NA
"2568",1889,"MC302819",NA
"2569",1889,"MC302820",NA
"2570",1889,"MC302825",NA
"2571",1889,"MC302827",NA
"2572",1889,"MC302829",NA
"2573",1889,"MC302831",NA
"2574",1889,"MC302833",NA
"2575",1889,"MC302834",NA
"2576",1889,"MC302835",NA
"2577",1890,"JB118309",NA
"2578",1890,"JB118312",NA
"2579",1890,"JB118313",NA
"2580",1890,"JB118316",NA
"2581",1890,"JB118317",NA
"2582",1890,"JB118318",NA
"2583",1890,"JB118320",0.503
"2584",1890,"JB118322",NA
"2585",1890,"JB118323",0.459
"2586",1890,"JB118324",0.422
"2587",1890,"JB118326",NA
"2588",1890,"JB118327",NA
"2589",1890,"JB118332",NA
"2590",1890,"JB118336",NA
"2591",1890,"JB130804",NA
"2592",1890,"JB130807",NA
"2593",1890,"JB130808",NA
"2594",1890,"JB130810",NA
"2595",1890,"JB130813",NA
"2596",1890,"JB130814",NA
"2597",1890,"JB130815",NA
"2598",1890,"JB130816",NA
"2599",1890,"JB130817",NA
"2600",1890,"JB130819",NA
"2601",1890,"JB130821",NA
"2602",1890,"JB130827",NA
"2603",1890,"MC195302",NA
"2604",1890,"MC195303",NA
"2605",1890,"MC195304",NA
"2606",1890,"MC195306",NA
"2607",1890,"MC195307",NA
"2608",1890,"MC195313",NA
"2609",1890,"MC195314",NA
"2610",1890,"MC195318",NA
"2611",1890,"MC195319",NA
"2612",1890,"MC195325",NA
"2613",1890,"MC195329",NA
"2614",1890,"MC216001",NA
"2615",1890,"MC216002",NA
"2616",1890,"MC216003",NA
"2617",1890,"MC216004",NA
"2618",1890,"MC216005",NA
"2619",1890,"MC216010",NA
"2620",1890,"MC216012",NA
"2621",1890,"MC216014",NA
"2622",1890,"MC216018",NA
"2623",1890,"MC216020",NA
"2624",1890,"MC216022",NA
"2625",1890,"MC216026",NA
"2626",1890,"MC216027",NA
"2627",1890,"MC216029",NA
"2628",1890,"MC216030",NA
"2629",1890,"MC216039",NA
"2630",1890,"MC231201",NA
"2631",1890,"MC231203",NA
"2632",1890,"MC231204",NA
"2633",1890,"MC231205",NA
"2634",1890,"MC231206",NA
"2635",1890,"MC231207",NA
"2636",1890,"MC231209",NA
"2637",1890,"MC231211",NA
"2638",1890,"MC231212",NA
"2639",1890,"MC231213",NA
"2640",1890,"MC231216",NA
"2641",1890,"MC231217",NA
"2642",1890,"MC231219",NA
"2643",1890,"MC231221",NA
"2644",1890,"MC231225",NA
"2645",1890,"MC231226",NA
"2646",1890,"MC231227",NA
"2647",1890,"MC231232",NA
"2648",1890,"MC231234",NA
"2649",1890,"MC255807",NA
"2650",1890,"MC255808",NA
"2651",1890,"MC255809",NA
"2652",1890,"MC255811",NA
"2653",1890,"MC255814",NA
"2654",1890,"MC255815",NA
"2655",1890,"MC255817",NA
"2656",1890,"MC255824",NA
"2657",1890,"MC255825",NA
"2658",1890,"MC255826",NA
"2659",1890,"MC255827",NA
"2660",1890,"MC255828",NA
"2661",1890,"MC255830",NA
"2662",1890,"MC255831",0.359
"2663",1890,"MC255833",NA
"2664",1890,"MC300001",NA
"2665",1890,"MC300017",NA
"2666",1890,"MC300018",NA
"2667",1890,"MC300022",NA
"2668",1890,"MC300023",NA
"2669",1890,"MC300024",NA
"2670",1890,"MC300026",NA
"2671",1890,"MC300027",NA
"2672",1890,"MC300028",NA
"2673",1890,"MC300032",NA
"2674",1890,"MC300033",NA
"2675",1890,"MC302801",NA
"2676",1890,"MC302803",NA
"2677",1890,"MC302807",NA
"2678",1890,"MC302810",NA
"2679",1890,"MC302813",NA
"2680",1890,"MC302819",NA
"2681",1890,"MC302820",NA
"2682",1890,"MC302825",NA
"2683",1890,"MC302827",NA
"2684",1890,"MC302829",NA
"2685",1890,"MC302831",NA
"2686",1890,"MC302833",NA
"2687",1890,"MC302834",NA
"2688",1890,"MC302835",NA
"2689",1891,"JB118309",NA
"2690",1891,"JB118312",NA
"2691",1891,"JB118313",NA
"2692",1891,"JB118316",NA
"2693",1891,"JB118317",NA
"2694",1891,"JB118318",NA
"2695",1891,"JB118320",0.653
"2696",1891,"JB118322",NA
"2697",1891,"JB118323",0.285
"2698",1891,"JB118324",0.339
"2699",1891,"JB118326",NA
"2700",1891,"JB118327",NA
"2701",1891,"JB118332",NA
"2702",1891,"JB118336",NA
"2703",1891,"JB130804",NA
"2704",1891,"JB130807",NA
"2705",1891,"JB130808",NA
"2706",1891,"JB130810",NA
"2707",1891,"JB130813",NA
"2708",1891,"JB130814",NA
"2709",1891,"JB130815",NA
"2710",1891,"JB130816",NA
"2711",1891,"JB130817",NA
"2712",1891,"JB130819",NA
"2713",1891,"JB130821",NA
"2714",1891,"JB130827",NA
"2715",1891,"MC195302",NA
"2716",1891,"MC195303",NA
"2717",1891,"MC195304",NA
"2718",1891,"MC195306",NA
"2719",1891,"MC195307",NA
"2720",1891,"MC195313",NA
"2721",1891,"MC195314",NA
"2722",1891,"MC195318",NA
"2723",1891,"MC195319",NA
"2724",1891,"MC195325",NA
"2725",1891,"MC195329",NA
"2726",1891,"MC216001",NA
"2727",1891,"MC216002",NA
"2728",1891,"MC216003",NA
"2729",1891,"MC216004",NA
"2730",1891,"MC216005",NA
"2731",1891,"MC216010",NA
"2732",1891,"MC216012",NA
"2733",1891,"MC216014",NA
"2734",1891,"MC216018",NA
"2735",1891,"MC216020",NA
"2736",1891,"MC216022",NA
"2737",1891,"MC216026",NA
"2738",1891,"MC216027",NA
"2739",1891,"MC216029",NA
"2740",1891,"MC216030",NA
"2741",1891,"MC216039",NA
"2742",1891,"MC231201",NA
"2743",1891,"MC231203",NA
"2744",1891,"MC231204",NA
"2745",1891,"MC231205",NA
"2746",1891,"MC231206",NA
"2747",1891,"MC231207",NA
"2748",1891,"MC231209",NA
"2749",1891,"MC231211",NA
"2750",1891,"MC231212",NA
"2751",1891,"MC231213",NA
"2752",1891,"MC231216",NA
"2753",1891,"MC231217",NA
"2754",1891,"MC231219",NA
"2755",1891,"MC231221",NA
"2756",1891,"MC231225",NA
"2757",1891,"MC231226",NA
"2758",1891,"MC231227",NA
"2759",1891,"MC231232",NA
"2760",1891,"MC231234",NA
"2761",1891,"MC255807",NA
"2762",1891,"MC255808",NA
"2763",1891,"MC255809",NA
"2764",1891,"MC255811",NA
"2765",1891,"MC255814",NA
"2766",1891,"MC255815",NA
"2767",1891,"MC255817",NA
"2768",1891,"MC255824",NA
"2769",1891,"MC255825",NA
"2770",1891,"MC255826",NA
"2771",1891,"MC255827",NA
"2772",1891,"MC255828",NA
"2773",1891,"MC255830",NA
"2774",1891,"MC255831",0.513
"2775",1891,"MC255833",NA
"2776",1891,"MC300001",NA
"2777",1891,"MC300017",NA
"2778",1891,"MC300018",NA
"2779",1891,"MC300022",NA
"2780",1891,"MC300023",NA
"2781",1891,"MC300024",NA
"2782",1891,"MC300026",NA
"2783",1891,"MC300027",NA
"2784",1891,"MC300028",NA
"2785",1891,"MC300032",NA
"2786",1891,"MC300033",NA
"2787",1891,"MC302801",NA
"2788",1891,"MC302803",NA
"2789",1891,"MC302807",NA
"2790",1891,"MC302810",NA
"2791",1891,"MC302813",NA
"2792",1891,"MC302819",NA
"2793",1891,"MC302820",NA
"2794",1891,"MC302825",NA
"2795",1891,"MC302827",NA
"2796",1891,"MC302829",NA
"2797",1891,"MC302831",NA
"2798",1891,"MC302833",NA
"2799",1891,"MC302834",NA
"2800",1891,"MC302835",NA
"2801",1892,"JB118309",NA
"2802",1892,"JB118312",NA
"2803",1892,"JB118313",NA
"2804",1892,"JB118316",NA
"2805",1892,"JB118317",NA
"2806",1892,"JB118318",NA
"2807",1892,"JB118320",0.747
"2808",1892,"JB118322",NA
"2809",1892,"JB118323",0.314
"2810",1892,"JB118324",0.283
"2811",1892,"JB118326",NA
"2812",1892,"JB118327",NA
"2813",1892,"JB118332",NA
"2814",1892,"JB118336",NA
"2815",1892,"JB130804",NA
"2816",1892,"JB130807",NA
"2817",1892,"JB130808",NA
"2818",1892,"JB130810",NA
"2819",1892,"JB130813",NA
"2820",1892,"JB130814",NA
"2821",1892,"JB130815",NA
"2822",1892,"JB130816",NA
"2823",1892,"JB130817",NA
"2824",1892,"JB130819",NA
"2825",1892,"JB130821",NA
"2826",1892,"JB130827",NA
"2827",1892,"MC195302",NA
"2828",1892,"MC195303",NA
"2829",1892,"MC195304",NA
"2830",1892,"MC195306",NA
"2831",1892,"MC195307",NA
"2832",1892,"MC195313",NA
"2833",1892,"MC195314",NA
"2834",1892,"MC195318",NA
"2835",1892,"MC195319",NA
"2836",1892,"MC195325",NA
"2837",1892,"MC195329",NA
"2838",1892,"MC216001",NA
"2839",1892,"MC216002",NA
"2840",1892,"MC216003",NA
"2841",1892,"MC216004",NA
"2842",1892,"MC216005",NA
"2843",1892,"MC216010",NA
"2844",1892,"MC216012",NA
"2845",1892,"MC216014",NA
"2846",1892,"MC216018",NA
"2847",1892,"MC216020",NA
"2848",1892,"MC216022",NA
"2849",1892,"MC216026",NA
"2850",1892,"MC216027",NA
"2851",1892,"MC216029",NA
"2852",1892,"MC216030",NA
"2853",1892,"MC216039",NA
"2854",1892,"MC231201",NA
"2855",1892,"MC231203",NA
"2856",1892,"MC231204",NA
"2857",1892,"MC231205",NA
"2858",1892,"MC231206",NA
"2859",1892,"MC231207",NA
"2860",1892,"MC231209",NA
"2861",1892,"MC231211",NA
"2862",1892,"MC231212",NA
"2863",1892,"MC231213",NA
"2864",1892,"MC231216",NA
"2865",1892,"MC231217",NA
"2866",1892,"MC231219",NA
"2867",1892,"MC231221",NA
"2868",1892,"MC231225",NA
"2869",1892,"MC231226",NA
"2870",1892,"MC231227",NA
"2871",1892,"MC231232",NA
"2872",1892,"MC231234",NA
"2873",1892,"MC255807",NA
"2874",1892,"MC255808",NA
"2875",1892,"MC255809",NA
"2876",1892,"MC255811",NA
"2877",1892,"MC255814",NA
"2878",1892,"MC255815",NA
"2879",1892,"MC255817",NA
"2880",1892,"MC255824",NA
"2881",1892,"MC255825",NA
"2882",1892,"MC255826",NA
"2883",1892,"MC255827",NA
"2884",1892,"MC255828",NA
"2885",1892,"MC255830",NA
"2886",1892,"MC255831",0.539
"2887",1892,"MC255833",NA
"2888",1892,"MC300001",NA
"2889",1892,"MC300017",NA
"2890",1892,"MC300018",NA
"2891",1892,"MC300022",NA
"2892",1892,"MC300023",NA
"2893",1892,"MC300024",NA
"2894",1892,"MC300026",NA
"2895",1892,"MC300027",NA
"2896",1892,"MC300028",NA
"2897",1892,"MC300032",NA
"2898",1892,"MC300033",NA
"2899",1892,"MC302801",NA
"2900",1892,"MC302803",NA
"2901",1892,"MC302807",NA
"2902",1892,"MC302810",NA
"2903",1892,"MC302813",NA
"2904",1892,"MC302819",NA
"2905",1892,"MC302820",NA
"2906",1892,"MC302825",NA
"2907",1892,"MC302827",NA
"2908",1892,"MC302829",NA
"2909",1892,"MC302831",NA
"2910",1892,"MC302833",NA
"2911",1892,"MC302834",NA
"2912",1892,"MC302835",NA
"2913",1893,"JB118309",NA
"2914",1893,"JB118312",NA
"2915",1893,"JB118313",NA
"2916",1893,"JB118316",NA
"2917",1893,"JB118317",NA
"2918",1893,"JB118318",NA
"2919",1893,"JB118320",0.495
"2920",1893,"JB118322",NA
"2921",1893,"JB118323",0.33
"2922",1893,"JB118324",0.305
"2923",1893,"JB118326",NA
"2924",1893,"JB118327",NA
"2925",1893,"JB118332",NA
"2926",1893,"JB118336",NA
"2927",1893,"JB130804",NA
"2928",1893,"JB130807",NA
"2929",1893,"JB130808",NA
"2930",1893,"JB130810",NA
"2931",1893,"JB130813",NA
"2932",1893,"JB130814",NA
"2933",1893,"JB130815",NA
"2934",1893,"JB130816",NA
"2935",1893,"JB130817",NA
"2936",1893,"JB130819",NA
"2937",1893,"JB130821",NA
"2938",1893,"JB130827",NA
"2939",1893,"MC195302",NA
"2940",1893,"MC195303",NA
"2941",1893,"MC195304",NA
"2942",1893,"MC195306",NA
"2943",1893,"MC195307",NA
"2944",1893,"MC195313",NA
"2945",1893,"MC195314",NA
"2946",1893,"MC195318",NA
"2947",1893,"MC195319",NA
"2948",1893,"MC195325",NA
"2949",1893,"MC195329",NA
"2950",1893,"MC216001",NA
"2951",1893,"MC216002",NA
"2952",1893,"MC216003",NA
"2953",1893,"MC216004",NA
"2954",1893,"MC216005",NA
"2955",1893,"MC216010",NA
"2956",1893,"MC216012",NA
"2957",1893,"MC216014",NA
"2958",1893,"MC216018",NA
"2959",1893,"MC216020",NA
"2960",1893,"MC216022",NA
"2961",1893,"MC216026",NA
"2962",1893,"MC216027",NA
"2963",1893,"MC216029",NA
"2964",1893,"MC216030",NA
"2965",1893,"MC216039",NA
"2966",1893,"MC231201",NA
"2967",1893,"MC231203",NA
"2968",1893,"MC231204",NA
"2969",1893,"MC231205",NA
"2970",1893,"MC231206",NA
"2971",1893,"MC231207",NA
"2972",1893,"MC231209",NA
"2973",1893,"MC231211",NA
"2974",1893,"MC231212",NA
"2975",1893,"MC231213",NA
"2976",1893,"MC231216",NA
"2977",1893,"MC231217",NA
"2978",1893,"MC231219",NA
"2979",1893,"MC231221",NA
"2980",1893,"MC231225",NA
"2981",1893,"MC231226",NA
"2982",1893,"MC231227",NA
"2983",1893,"MC231232",NA
"2984",1893,"MC231234",NA
"2985",1893,"MC255807",NA
"2986",1893,"MC255808",NA
"2987",1893,"MC255809",NA
"2988",1893,"MC255811",NA
"2989",1893,"MC255814",NA
"2990",1893,"MC255815",NA
"2991",1893,"MC255817",2.188
"2992",1893,"MC255824",NA
"2993",1893,"MC255825",NA
"2994",1893,"MC255826",NA
"2995",1893,"MC255827",NA
"2996",1893,"MC255828",NA
"2997",1893,"MC255830",NA
"2998",1893,"MC255831",0.549
"2999",1893,"MC255833",NA
"3000",1893,"MC300001",NA
"3001",1893,"MC300017",NA
"3002",1893,"MC300018",NA
"3003",1893,"MC300022",NA
"3004",1893,"MC300023",NA
"3005",1893,"MC300024",NA
"3006",1893,"MC300026",NA
"3007",1893,"MC300027",NA
"3008",1893,"MC300028",NA
"3009",1893,"MC300032",NA
"3010",1893,"MC300033",NA
"3011",1893,"MC302801",NA
"3012",1893,"MC302803",NA
"3013",1893,"MC302807",NA
"3014",1893,"MC302810",NA
"3015",1893,"MC302813",NA
"3016",1893,"MC302819",NA
"3017",1893,"MC302820",NA
"3018",1893,"MC302825",NA
"3019",1893,"MC302827",NA
"3020",1893,"MC302829",NA
"3021",1893,"MC302831",NA
"3022",1893,"MC302833",NA
"3023",1893,"MC302834",NA
"3024",1893,"MC302835",NA
"3025",1894,"JB118309",NA
"3026",1894,"JB118312",NA
"3027",1894,"JB118313",NA
"3028",1894,"JB118316",NA
"3029",1894,"JB118317",NA
"3030",1894,"JB118318",NA
"3031",1894,"JB118320",0.22
"3032",1894,"JB118322",NA
"3033",1894,"JB118323",0.17
"3034",1894,"JB118324",0.161
"3035",1894,"JB118326",NA
"3036",1894,"JB118327",NA
"3037",1894,"JB118332",NA
"3038",1894,"JB118336",NA
"3039",1894,"JB130804",NA
"3040",1894,"JB130807",NA
"3041",1894,"JB130808",NA
"3042",1894,"JB130810",NA
"3043",1894,"JB130813",NA
"3044",1894,"JB130814",NA
"3045",1894,"JB130815",NA
"3046",1894,"JB130816",NA
"3047",1894,"JB130817",NA
"3048",1894,"JB130819",NA
"3049",1894,"JB130821",NA
"3050",1894,"JB130827",NA
"3051",1894,"MC195302",NA
"3052",1894,"MC195303",NA
"3053",1894,"MC195304",NA
"3054",1894,"MC195306",NA
"3055",1894,"MC195307",NA
"3056",1894,"MC195313",NA
"3057",1894,"MC195314",NA
"3058",1894,"MC195318",NA
"3059",1894,"MC195319",NA
"3060",1894,"MC195325",NA
"3061",1894,"MC195329",NA
"3062",1894,"MC216001",NA
"3063",1894,"MC216002",NA
"3064",1894,"MC216003",NA
"3065",1894,"MC216004",NA
"3066",1894,"MC216005",NA
"3067",1894,"MC216010",NA
"3068",1894,"MC216012",NA
"3069",1894,"MC216014",NA
"3070",1894,"MC216018",NA
"3071",1894,"MC216020",NA
"3072",1894,"MC216022",NA
"3073",1894,"MC216026",NA
"3074",1894,"MC216027",NA
"3075",1894,"MC216029",NA
"3076",1894,"MC216030",NA
"3077",1894,"MC216039",NA
"3078",1894,"MC231201",NA
"3079",1894,"MC231203",NA
"3080",1894,"MC231204",NA
"3081",1894,"MC231205",NA
"3082",1894,"MC231206",NA
"3083",1894,"MC231207",NA
"3084",1894,"MC231209",NA
"3085",1894,"MC231211",NA
"3086",1894,"MC231212",NA
"3087",1894,"MC231213",NA
"3088",1894,"MC231216",NA
"3089",1894,"MC231217",NA
"3090",1894,"MC231219",NA
"3091",1894,"MC231221",NA
"3092",1894,"MC231225",NA
"3093",1894,"MC231226",NA
"3094",1894,"MC231227",NA
"3095",1894,"MC231232",NA
"3096",1894,"MC231234",NA
"3097",1894,"MC255807",NA
"3098",1894,"MC255808",NA
"3099",1894,"MC255809",NA
"3100",1894,"MC255811",NA
"3101",1894,"MC255814",NA
"3102",1894,"MC255815",NA
"3103",1894,"MC255817",2.394
"3104",1894,"MC255824",NA
"3105",1894,"MC255825",NA
"3106",1894,"MC255826",NA
"3107",1894,"MC255827",NA
"3108",1894,"MC255828",NA
"3109",1894,"MC255830",NA
"3110",1894,"MC255831",0.561
"3111",1894,"MC255833",NA
"3112",1894,"MC300001",NA
"3113",1894,"MC300017",NA
"3114",1894,"MC300018",NA
"3115",1894,"MC300022",NA
"3116",1894,"MC300023",NA
"3117",1894,"MC300024",NA
"3118",1894,"MC300026",NA
"3119",1894,"MC300027",NA
"3120",1894,"MC300028",NA
"3121",1894,"MC300032",NA
"3122",1894,"MC300033",NA
"3123",1894,"MC302801",NA
"3124",1894,"MC302803",NA
"3125",1894,"MC302807",NA
"3126",1894,"MC302810",NA
"3127",1894,"MC302813",NA
"3128",1894,"MC302819",NA
"3129",1894,"MC302820",NA
"3130",1894,"MC302825",NA
"3131",1894,"MC302827",NA
"3132",1894,"MC302829",NA
"3133",1894,"MC302831",NA
"3134",1894,"MC302833",NA
"3135",1894,"MC302834",NA
"3136",1894,"MC302835",NA
"3137",1895,"JB118309",NA
"3138",1895,"JB118312",NA
"3139",1895,"JB118313",NA
"3140",1895,"JB118316",NA
"3141",1895,"JB118317",NA
"3142",1895,"JB118318",NA
"3143",1895,"JB118320",0.349
"3144",1895,"JB118322",NA
"3145",1895,"JB118323",0.308
"3146",1895,"JB118324",0.229
"3147",1895,"JB118326",NA
"3148",1895,"JB118327",NA
"3149",1895,"JB118332",NA
"3150",1895,"JB118336",NA
"3151",1895,"JB130804",NA
"3152",1895,"JB130807",NA
"3153",1895,"JB130808",NA
"3154",1895,"JB130810",NA
"3155",1895,"JB130813",NA
"3156",1895,"JB130814",NA
"3157",1895,"JB130815",NA
"3158",1895,"JB130816",NA
"3159",1895,"JB130817",NA
"3160",1895,"JB130819",NA
"3161",1895,"JB130821",NA
"3162",1895,"JB130827",NA
"3163",1895,"MC195302",NA
"3164",1895,"MC195303",NA
"3165",1895,"MC195304",NA
"3166",1895,"MC195306",NA
"3167",1895,"MC195307",NA
"3168",1895,"MC195313",NA
"3169",1895,"MC195314",NA
"3170",1895,"MC195318",NA
"3171",1895,"MC195319",NA
"3172",1895,"MC195325",NA
"3173",1895,"MC195329",NA
"3174",1895,"MC216001",NA
"3175",1895,"MC216002",NA
"3176",1895,"MC216003",NA
"3177",1895,"MC216004",NA
"3178",1895,"MC216005",NA
"3179",1895,"MC216010",NA
"3180",1895,"MC216012",NA
"3181",1895,"MC216014",NA
"3182",1895,"MC216018",NA
"3183",1895,"MC216020",NA
"3184",1895,"MC216022",NA
"3185",1895,"MC216026",NA
"3186",1895,"MC216027",NA
"3187",1895,"MC216029",NA
"3188",1895,"MC216030",NA
"3189",1895,"MC216039",NA
"3190",1895,"MC231201",NA
"3191",1895,"MC231203",NA
"3192",1895,"MC231204",NA
"3193",1895,"MC231205",NA
"3194",1895,"MC231206",NA
"3195",1895,"MC231207",NA
"3196",1895,"MC231209",NA
"3197",1895,"MC231211",NA
"3198",1895,"MC231212",NA
"3199",1895,"MC231213",NA
"3200",1895,"MC231216",NA
"3201",1895,"MC231217",NA
"3202",1895,"MC231219",NA
"3203",1895,"MC231221",NA
"3204",1895,"MC231225",NA
"3205",1895,"MC231226",NA
"3206",1895,"MC231227",NA
"3207",1895,"MC231232",NA
"3208",1895,"MC231234",NA
"3209",1895,"MC255807",NA
"3210",1895,"MC255808",NA
"3211",1895,"MC255809",NA
"3212",1895,"MC255811",NA
"3213",1895,"MC255814",NA
"3214",1895,"MC255815",NA
"3215",1895,"MC255817",0.828
"3216",1895,"MC255824",NA
"3217",1895,"MC255825",NA
"3218",1895,"MC255826",NA
"3219",1895,"MC255827",NA
"3220",1895,"MC255828",NA
"3221",1895,"MC255830",NA
"3222",1895,"MC255831",0.109
"3223",1895,"MC255833",NA
"3224",1895,"MC300001",NA
"3225",1895,"MC300017",NA
"3226",1895,"MC300018",NA
"3227",1895,"MC300022",NA
"3228",1895,"MC300023",NA
"3229",1895,"MC300024",NA
"3230",1895,"MC300026",NA
"3231",1895,"MC300027",NA
"3232",1895,"MC300028",NA
"3233",1895,"MC300032",NA
"3234",1895,"MC300033",NA
"3235",1895,"MC302801",NA
"3236",1895,"MC302803",NA
"3237",1895,"MC302807",NA
"3238",1895,"MC302810",NA
"3239",1895,"MC302813",NA
"3240",1895,"MC302819",NA
"3241",1895,"MC302820",NA
"3242",1895,"MC302825",NA
"3243",1895,"MC302827",NA
"3244",1895,"MC302829",NA
"3245",1895,"MC302831",NA
"3246",1895,"MC302833",NA
"3247",1895,"MC302834",NA
"3248",1895,"MC302835",NA
"3249",1896,"JB118309",NA
"3250",1896,"JB118312",NA
"3251",1896,"JB118313",NA
"3252",1896,"JB118316",NA
"3253",1896,"JB118317",NA
"3254",1896,"JB118318",NA
"3255",1896,"JB118320",0.473
"3256",1896,"JB118322",NA
"3257",1896,"JB118323",0.45
"3258",1896,"JB118324",0.406
"3259",1896,"JB118326",1.058
"3260",1896,"JB118327",NA
"3261",1896,"JB118332",NA
"3262",1896,"JB118336",NA
"3263",1896,"JB130804",NA
"3264",1896,"JB130807",NA
"3265",1896,"JB130808",NA
"3266",1896,"JB130810",NA
"3267",1896,"JB130813",NA
"3268",1896,"JB130814",NA
"3269",1896,"JB130815",NA
"3270",1896,"JB130816",NA
"3271",1896,"JB130817",NA
"3272",1896,"JB130819",NA
"3273",1896,"JB130821",NA
"3274",1896,"JB130827",NA
"3275",1896,"MC195302",NA
"3276",1896,"MC195303",NA
"3277",1896,"MC195304",NA
"3278",1896,"MC195306",NA
"3279",1896,"MC195307",NA
"3280",1896,"MC195313",NA
"3281",1896,"MC195314",NA
"3282",1896,"MC195318",NA
"3283",1896,"MC195319",NA
"3284",1896,"MC195325",NA
"3285",1896,"MC195329",NA
"3286",1896,"MC216001",NA
"3287",1896,"MC216002",NA
"3288",1896,"MC216003",NA
"3289",1896,"MC216004",NA
"3290",1896,"MC216005",NA
"3291",1896,"MC216010",NA
"3292",1896,"MC216012",NA
"3293",1896,"MC216014",NA
"3294",1896,"MC216018",NA
"3295",1896,"MC216020",NA
"3296",1896,"MC216022",NA
"3297",1896,"MC216026",NA
"3298",1896,"MC216027",NA
"3299",1896,"MC216029",NA
"3300",1896,"MC216030",NA
"3301",1896,"MC216039",NA
"3302",1896,"MC231201",NA
"3303",1896,"MC231203",NA
"3304",1896,"MC231204",NA
"3305",1896,"MC231205",NA
"3306",1896,"MC231206",NA
"3307",1896,"MC231207",NA
"3308",1896,"MC231209",NA
"3309",1896,"MC231211",NA
"3310",1896,"MC231212",NA
"3311",1896,"MC231213",NA
"3312",1896,"MC231216",NA
"3313",1896,"MC231217",NA
"3314",1896,"MC231219",NA
"3315",1896,"MC231221",NA
"3316",1896,"MC231225",NA
"3317",1896,"MC231226",NA
"3318",1896,"MC231227",NA
"3319",1896,"MC231232",NA
"3320",1896,"MC231234",NA
"3321",1896,"MC255807",NA
"3322",1896,"MC255808",NA
"3323",1896,"MC255809",NA
"3324",1896,"MC255811",NA
"3325",1896,"MC255814",NA
"3326",1896,"MC255815",NA
"3327",1896,"MC255817",1.469
"3328",1896,"MC255824",NA
"3329",1896,"MC255825",NA
"3330",1896,"MC255826",NA
"3331",1896,"MC255827",NA
"3332",1896,"MC255828",NA
"3333",1896,"MC255830",NA
"3334",1896,"MC255831",0.349
"3335",1896,"MC255833",NA
"3336",1896,"MC300001",NA
"3337",1896,"MC300017",NA
"3338",1896,"MC300018",NA
"3339",1896,"MC300022",NA
"3340",1896,"MC300023",NA
"3341",1896,"MC300024",NA
"3342",1896,"MC300026",NA
"3343",1896,"MC300027",NA
"3344",1896,"MC300028",NA
"3345",1896,"MC300032",NA
"3346",1896,"MC300033",NA
"3347",1896,"MC302801",NA
"3348",1896,"MC302803",NA
"3349",1896,"MC302807",NA
"3350",1896,"MC302810",NA
"3351",1896,"MC302813",NA
"3352",1896,"MC302819",NA
"3353",1896,"MC302820",NA
"3354",1896,"MC302825",NA
"3355",1896,"MC302827",NA
"3356",1896,"MC302829",NA
"3357",1896,"MC302831",NA
"3358",1896,"MC302833",NA
"3359",1896,"MC302834",NA
"3360",1896,"MC302835",NA
"3361",1897,"JB118309",NA
"3362",1897,"JB118312",NA
"3363",1897,"JB118313",NA
"3364",1897,"JB118316",NA
"3365",1897,"JB118317",NA
"3366",1897,"JB118318",NA
"3367",1897,"JB118320",0.21
"3368",1897,"JB118322",NA
"3369",1897,"JB118323",0.353
"3370",1897,"JB118324",0.301
"3371",1897,"JB118326",0.665
"3372",1897,"JB118327",NA
"3373",1897,"JB118332",NA
"3374",1897,"JB118336",NA
"3375",1897,"JB130804",NA
"3376",1897,"JB130807",NA
"3377",1897,"JB130808",NA
"3378",1897,"JB130810",NA
"3379",1897,"JB130813",NA
"3380",1897,"JB130814",NA
"3381",1897,"JB130815",NA
"3382",1897,"JB130816",NA
"3383",1897,"JB130817",NA
"3384",1897,"JB130819",NA
"3385",1897,"JB130821",NA
"3386",1897,"JB130827",NA
"3387",1897,"MC195302",NA
"3388",1897,"MC195303",NA
"3389",1897,"MC195304",NA
"3390",1897,"MC195306",NA
"3391",1897,"MC195307",NA
"3392",1897,"MC195313",NA
"3393",1897,"MC195314",NA
"3394",1897,"MC195318",NA
"3395",1897,"MC195319",NA
"3396",1897,"MC195325",NA
"3397",1897,"MC195329",NA
"3398",1897,"MC216001",NA
"3399",1897,"MC216002",NA
"3400",1897,"MC216003",NA
"3401",1897,"MC216004",NA
"3402",1897,"MC216005",NA
"3403",1897,"MC216010",NA
"3404",1897,"MC216012",NA
"3405",1897,"MC216014",NA
"3406",1897,"MC216018",NA
"3407",1897,"MC216020",NA
"3408",1897,"MC216022",NA
"3409",1897,"MC216026",NA
"3410",1897,"MC216027",NA
"3411",1897,"MC216029",NA
"3412",1897,"MC216030",NA
"3413",1897,"MC216039",NA
"3414",1897,"MC231201",NA
"3415",1897,"MC231203",NA
"3416",1897,"MC231204",NA
"3417",1897,"MC231205",NA
"3418",1897,"MC231206",NA
"3419",1897,"MC231207",NA
"3420",1897,"MC231209",NA
"3421",1897,"MC231211",NA
"3422",1897,"MC231212",NA
"3423",1897,"MC231213",NA
"3424",1897,"MC231216",NA
"3425",1897,"MC231217",NA
"3426",1897,"MC231219",NA
"3427",1897,"MC231221",NA
"3428",1897,"MC231225",NA
"3429",1897,"MC231226",NA
"3430",1897,"MC231227",NA
"3431",1897,"MC231232",NA
"3432",1897,"MC231234",NA
"3433",1897,"MC255807",NA
"3434",1897,"MC255808",NA
"3435",1897,"MC255809",NA
"3436",1897,"MC255811",NA
"3437",1897,"MC255814",NA
"3438",1897,"MC255815",NA
"3439",1897,"MC255817",1.266
"3440",1897,"MC255824",NA
"3441",1897,"MC255825",NA
"3442",1897,"MC255826",NA
"3443",1897,"MC255827",NA
"3444",1897,"MC255828",NA
"3445",1897,"MC255830",NA
"3446",1897,"MC255831",0.641
"3447",1897,"MC255833",NA
"3448",1897,"MC300001",NA
"3449",1897,"MC300017",NA
"3450",1897,"MC300018",NA
"3451",1897,"MC300022",NA
"3452",1897,"MC300023",NA
"3453",1897,"MC300024",NA
"3454",1897,"MC300026",NA
"3455",1897,"MC300027",NA
"3456",1897,"MC300028",NA
"3457",1897,"MC300032",NA
"3458",1897,"MC300033",NA
"3459",1897,"MC302801",NA
"3460",1897,"MC302803",NA
"3461",1897,"MC302807",NA
"3462",1897,"MC302810",NA
"3463",1897,"MC302813",NA
"3464",1897,"MC302819",NA
"3465",1897,"MC302820",NA
"3466",1897,"MC302825",NA
"3467",1897,"MC302827",NA
"3468",1897,"MC302829",NA
"3469",1897,"MC302831",NA
"3470",1897,"MC302833",NA
"3471",1897,"MC302834",NA
"3472",1897,"MC302835",NA
"3473",1898,"JB118309",NA
"3474",1898,"JB118312",NA
"3475",1898,"JB118313",NA
"3476",1898,"JB118316",NA
"3477",1898,"JB118317",NA
"3478",1898,"JB118318",NA
"3479",1898,"JB118320",0.584
"3480",1898,"JB118322",NA
"3481",1898,"JB118323",0.403
"3482",1898,"JB118324",0.694
"3483",1898,"JB118326",0.958
"3484",1898,"JB118327",NA
"3485",1898,"JB118332",NA
"3486",1898,"JB118336",NA
"3487",1898,"JB130804",NA
"3488",1898,"JB130807",NA
"3489",1898,"JB130808",NA
"3490",1898,"JB130810",NA
"3491",1898,"JB130813",NA
"3492",1898,"JB130814",NA
"3493",1898,"JB130815",NA
"3494",1898,"JB130816",NA
"3495",1898,"JB130817",NA
"3496",1898,"JB130819",NA
"3497",1898,"JB130821",NA
"3498",1898,"JB130827",NA
"3499",1898,"MC195302",NA
"3500",1898,"MC195303",NA
"3501",1898,"MC195304",NA
"3502",1898,"MC195306",NA
"3503",1898,"MC195307",NA
"3504",1898,"MC195313",NA
"3505",1898,"MC195314",NA
"3506",1898,"MC195318",NA
"3507",1898,"MC195319",NA
"3508",1898,"MC195325",NA
"3509",1898,"MC195329",NA
"3510",1898,"MC216001",NA
"3511",1898,"MC216002",NA
"3512",1898,"MC216003",NA
"3513",1898,"MC216004",NA
"3514",1898,"MC216005",NA
"3515",1898,"MC216010",NA
"3516",1898,"MC216012",NA
"3517",1898,"MC216014",NA
"3518",1898,"MC216018",NA
"3519",1898,"MC216020",NA
"3520",1898,"MC216022",NA
"3521",1898,"MC216026",NA
"3522",1898,"MC216027",NA
"3523",1898,"MC216029",NA
"3524",1898,"MC216030",NA
"3525",1898,"MC216039",NA
"3526",1898,"MC231201",NA
"3527",1898,"MC231203",NA
"3528",1898,"MC231204",NA
"3529",1898,"MC231205",NA
"3530",1898,"MC231206",NA
"3531",1898,"MC231207",NA
"3532",1898,"MC231209",NA
"3533",1898,"MC231211",NA
"3534",1898,"MC231212",NA
"3535",1898,"MC231213",NA
"3536",1898,"MC231216",NA
"3537",1898,"MC231217",NA
"3538",1898,"MC231219",NA
"3539",1898,"MC231221",NA
"3540",1898,"MC231225",NA
"3541",1898,"MC231226",NA
"3542",1898,"MC231227",NA
"3543",1898,"MC231232",NA
"3544",1898,"MC231234",NA
"3545",1898,"MC255807",NA
"3546",1898,"MC255808",NA
"3547",1898,"MC255809",NA
"3548",1898,"MC255811",NA
"3549",1898,"MC255814",NA
"3550",1898,"MC255815",NA
"3551",1898,"MC255817",1.61
"3552",1898,"MC255824",NA
"3553",1898,"MC255825",NA
"3554",1898,"MC255826",NA
"3555",1898,"MC255827",NA
"3556",1898,"MC255828",NA
"3557",1898,"MC255830",NA
"3558",1898,"MC255831",0.557
"3559",1898,"MC255833",NA
"3560",1898,"MC300001",NA
"3561",1898,"MC300017",NA
"3562",1898,"MC300018",NA
"3563",1898,"MC300022",NA
"3564",1898,"MC300023",NA
"3565",1898,"MC300024",NA
"3566",1898,"MC300026",NA
"3567",1898,"MC300027",NA
"3568",1898,"MC300028",NA
"3569",1898,"MC300032",NA
"3570",1898,"MC300033",NA
"3571",1898,"MC302801",NA
"3572",1898,"MC302803",NA
"3573",1898,"MC302807",NA
"3574",1898,"MC302810",NA
"3575",1898,"MC302813",NA
"3576",1898,"MC302819",NA
"3577",1898,"MC302820",NA
"3578",1898,"MC302825",NA
"3579",1898,"MC302827",NA
"3580",1898,"MC302829",NA
"3581",1898,"MC302831",NA
"3582",1898,"MC302833",NA
"3583",1898,"MC302834",NA
"3584",1898,"MC302835",NA
"3585",1899,"JB118309",NA
"3586",1899,"JB118312",NA
"3587",1899,"JB118313",NA
"3588",1899,"JB118316",NA
"3589",1899,"JB118317",NA
"3590",1899,"JB118318",NA
"3591",1899,"JB118320",0.787
"3592",1899,"JB118322",NA
"3593",1899,"JB118323",0.453
"3594",1899,"JB118324",0.736
"3595",1899,"JB118326",0.496
"3596",1899,"JB118327",NA
"3597",1899,"JB118332",NA
"3598",1899,"JB118336",NA
"3599",1899,"JB130804",NA
"3600",1899,"JB130807",NA
"3601",1899,"JB130808",NA
"3602",1899,"JB130810",NA
"3603",1899,"JB130813",NA
"3604",1899,"JB130814",NA
"3605",1899,"JB130815",NA
"3606",1899,"JB130816",NA
"3607",1899,"JB130817",NA
"3608",1899,"JB130819",NA
"3609",1899,"JB130821",NA
"3610",1899,"JB130827",NA
"3611",1899,"MC195302",NA
"3612",1899,"MC195303",NA
"3613",1899,"MC195304",NA
"3614",1899,"MC195306",NA
"3615",1899,"MC195307",NA
"3616",1899,"MC195313",NA
"3617",1899,"MC195314",NA
"3618",1899,"MC195318",NA
"3619",1899,"MC195319",NA
"3620",1899,"MC195325",NA
"3621",1899,"MC195329",NA
"3622",1899,"MC216001",NA
"3623",1899,"MC216002",NA
"3624",1899,"MC216003",NA
"3625",1899,"MC216004",NA
"3626",1899,"MC216005",NA
"3627",1899,"MC216010",NA
"3628",1899,"MC216012",NA
"3629",1899,"MC216014",NA
"3630",1899,"MC216018",NA
"3631",1899,"MC216020",NA
"3632",1899,"MC216022",NA
"3633",1899,"MC216026",NA
"3634",1899,"MC216027",NA
"3635",1899,"MC216029",NA
"3636",1899,"MC216030",NA
"3637",1899,"MC216039",NA
"3638",1899,"MC231201",NA
"3639",1899,"MC231203",NA
"3640",1899,"MC231204",NA
"3641",1899,"MC231205",NA
"3642",1899,"MC231206",NA
"3643",1899,"MC231207",NA
"3644",1899,"MC231209",NA
"3645",1899,"MC231211",NA
"3646",1899,"MC231212",NA
"3647",1899,"MC231213",NA
"3648",1899,"MC231216",NA
"3649",1899,"MC231217",NA
"3650",1899,"MC231219",NA
"3651",1899,"MC231221",NA
"3652",1899,"MC231225",NA
"3653",1899,"MC231226",NA
"3654",1899,"MC231227",NA
"3655",1899,"MC231232",NA
"3656",1899,"MC231234",NA
"3657",1899,"MC255807",NA
"3658",1899,"MC255808",NA
"3659",1899,"MC255809",NA
"3660",1899,"MC255811",NA
"3661",1899,"MC255814",NA
"3662",1899,"MC255815",NA
"3663",1899,"MC255817",1.459
"3664",1899,"MC255824",1.625
"3665",1899,"MC255825",NA
"3666",1899,"MC255826",NA
"3667",1899,"MC255827",1.072
"3668",1899,"MC255828",NA
"3669",1899,"MC255830",NA
"3670",1899,"MC255831",0.559
"3671",1899,"MC255833",NA
"3672",1899,"MC300001",NA
"3673",1899,"MC300017",NA
"3674",1899,"MC300018",NA
"3675",1899,"MC300022",NA
"3676",1899,"MC300023",NA
"3677",1899,"MC300024",NA
"3678",1899,"MC300026",NA
"3679",1899,"MC300027",NA
"3680",1899,"MC300028",NA
"3681",1899,"MC300032",NA
"3682",1899,"MC300033",NA
"3683",1899,"MC302801",NA
"3684",1899,"MC302803",NA
"3685",1899,"MC302807",NA
"3686",1899,"MC302810",NA
"3687",1899,"MC302813",NA
"3688",1899,"MC302819",NA
"3689",1899,"MC302820",NA
"3690",1899,"MC302825",NA
"3691",1899,"MC302827",NA
"3692",1899,"MC302829",NA
"3693",1899,"MC302831",NA
"3694",1899,"MC302833",NA
"3695",1899,"MC302834",NA
"3696",1899,"MC302835",NA
"3697",1900,"JB118309",NA
"3698",1900,"JB118312",NA
"3699",1900,"JB118313",NA
"3700",1900,"JB118316",NA
"3701",1900,"JB118317",NA
"3702",1900,"JB118318",NA
"3703",1900,"JB118320",0.356
"3704",1900,"JB118322",NA
"3705",1900,"JB118323",0.416
"3706",1900,"JB118324",0.699
"3707",1900,"JB118326",0.396
"3708",1900,"JB118327",NA
"3709",1900,"JB118332",NA
"3710",1900,"JB118336",NA
"3711",1900,"JB130804",NA
"3712",1900,"JB130807",NA
"3713",1900,"JB130808",NA
"3714",1900,"JB130810",NA
"3715",1900,"JB130813",NA
"3716",1900,"JB130814",NA
"3717",1900,"JB130815",NA
"3718",1900,"JB130816",NA
"3719",1900,"JB130817",NA
"3720",1900,"JB130819",NA
"3721",1900,"JB130821",NA
"3722",1900,"JB130827",NA
"3723",1900,"MC195302",NA
"3724",1900,"MC195303",NA
"3725",1900,"MC195304",NA
"3726",1900,"MC195306",NA
"3727",1900,"MC195307",NA
"3728",1900,"MC195313",NA
"3729",1900,"MC195314",NA
"3730",1900,"MC195318",NA
"3731",1900,"MC195319",NA
"3732",1900,"MC195325",NA
"3733",1900,"MC195329",NA
"3734",1900,"MC216001",NA
"3735",1900,"MC216002",NA
"3736",1900,"MC216003",NA
"3737",1900,"MC216004",NA
"3738",1900,"MC216005",NA
"3739",1900,"MC216010",NA
"3740",1900,"MC216012",NA
"3741",1900,"MC216014",NA
"3742",1900,"MC216018",NA
"3743",1900,"MC216020",NA
"3744",1900,"MC216022",NA
"3745",1900,"MC216026",NA
"3746",1900,"MC216027",NA
"3747",1900,"MC216029",NA
"3748",1900,"MC216030",NA
"3749",1900,"MC216039",NA
"3750",1900,"MC231201",NA
"3751",1900,"MC231203",NA
"3752",1900,"MC231204",NA
"3753",1900,"MC231205",NA
"3754",1900,"MC231206",NA
"3755",1900,"MC231207",NA
"3756",1900,"MC231209",NA
"3757",1900,"MC231211",NA
"3758",1900,"MC231212",NA
"3759",1900,"MC231213",NA
"3760",1900,"MC231216",NA
"3761",1900,"MC231217",NA
"3762",1900,"MC231219",NA
"3763",1900,"MC231221",NA
"3764",1900,"MC231225",NA
"3765",1900,"MC231226",NA
"3766",1900,"MC231227",NA
"3767",1900,"MC231232",NA
"3768",1900,"MC231234",NA
"3769",1900,"MC255807",NA
"3770",1900,"MC255808",NA
"3771",1900,"MC255809",NA
"3772",1900,"MC255811",NA
"3773",1900,"MC255814",NA
"3774",1900,"MC255815",NA
"3775",1900,"MC255817",1.439
"3776",1900,"MC255824",1.303
"3777",1900,"MC255825",NA
"3778",1900,"MC255826",NA
"3779",1900,"MC255827",1.158
"3780",1900,"MC255828",NA
"3781",1900,"MC255830",NA
"3782",1900,"MC255831",0.663
"3783",1900,"MC255833",NA
"3784",1900,"MC300001",NA
"3785",1900,"MC300017",NA
"3786",1900,"MC300018",NA
"3787",1900,"MC300022",NA
"3788",1900,"MC300023",NA
"3789",1900,"MC300024",NA
"3790",1900,"MC300026",NA
"3791",1900,"MC300027",NA
"3792",1900,"MC300028",NA
"3793",1900,"MC300032",NA
"3794",1900,"MC300033",NA
"3795",1900,"MC302801",NA
"3796",1900,"MC302803",NA
"3797",1900,"MC302807",NA
"3798",1900,"MC302810",NA
"3799",1900,"MC302813",NA
"3800",1900,"MC302819",NA
"3801",1900,"MC302820",NA
"3802",1900,"MC302825",NA
"3803",1900,"MC302827",NA
"3804",1900,"MC302829",NA
"3805",1900,"MC302831",NA
"3806",1900,"MC302833",NA
"3807",1900,"MC302834",NA
"3808",1900,"MC302835",NA
"3809",1901,"JB118309",NA
"3810",1901,"JB118312",NA
"3811",1901,"JB118313",NA
"3812",1901,"JB118316",NA
"3813",1901,"JB118317",NA
"3814",1901,"JB118318",NA
"3815",1901,"JB118320",0.398
"3816",1901,"JB118322",NA
"3817",1901,"JB118323",0.307
"3818",1901,"JB118324",0.639
"3819",1901,"JB118326",0.719
"3820",1901,"JB118327",NA
"3821",1901,"JB118332",NA
"3822",1901,"JB118336",NA
"3823",1901,"JB130804",NA
"3824",1901,"JB130807",NA
"3825",1901,"JB130808",NA
"3826",1901,"JB130810",NA
"3827",1901,"JB130813",NA
"3828",1901,"JB130814",NA
"3829",1901,"JB130815",NA
"3830",1901,"JB130816",NA
"3831",1901,"JB130817",NA
"3832",1901,"JB130819",NA
"3833",1901,"JB130821",NA
"3834",1901,"JB130827",NA
"3835",1901,"MC195302",NA
"3836",1901,"MC195303",NA
"3837",1901,"MC195304",NA
"3838",1901,"MC195306",NA
"3839",1901,"MC195307",NA
"3840",1901,"MC195313",NA
"3841",1901,"MC195314",NA
"3842",1901,"MC195318",NA
"3843",1901,"MC195319",NA
"3844",1901,"MC195325",NA
"3845",1901,"MC195329",NA
"3846",1901,"MC216001",NA
"3847",1901,"MC216002",NA
"3848",1901,"MC216003",NA
"3849",1901,"MC216004",NA
"3850",1901,"MC216005",NA
"3851",1901,"MC216010",NA
"3852",1901,"MC216012",NA
"3853",1901,"MC216014",NA
"3854",1901,"MC216018",NA
"3855",1901,"MC216020",NA
"3856",1901,"MC216022",NA
"3857",1901,"MC216026",NA
"3858",1901,"MC216027",NA
"3859",1901,"MC216029",NA
"3860",1901,"MC216030",NA
"3861",1901,"MC216039",NA
"3862",1901,"MC231201",NA
"3863",1901,"MC231203",NA
"3864",1901,"MC231204",NA
"3865",1901,"MC231205",NA
"3866",1901,"MC231206",NA
"3867",1901,"MC231207",NA
"3868",1901,"MC231209",NA
"3869",1901,"MC231211",NA
"3870",1901,"MC231212",NA
"3871",1901,"MC231213",NA
"3872",1901,"MC231216",NA
"3873",1901,"MC231217",NA
"3874",1901,"MC231219",NA
"3875",1901,"MC231221",NA
"3876",1901,"MC231225",NA
"3877",1901,"MC231226",NA
"3878",1901,"MC231227",NA
"3879",1901,"MC231232",NA
"3880",1901,"MC231234",NA
"3881",1901,"MC255807",NA
"3882",1901,"MC255808",NA
"3883",1901,"MC255809",NA
"3884",1901,"MC255811",NA
"3885",1901,"MC255814",NA
"3886",1901,"MC255815",NA
"3887",1901,"MC255817",1.216
"3888",1901,"MC255824",1.505
"3889",1901,"MC255825",NA
"3890",1901,"MC255826",NA
"3891",1901,"MC255827",0.994
"3892",1901,"MC255828",NA
"3893",1901,"MC255830",NA
"3894",1901,"MC255831",0.5
"3895",1901,"MC255833",NA
"3896",1901,"MC300001",NA
"3897",1901,"MC300017",NA
"3898",1901,"MC300018",NA
"3899",1901,"MC300022",NA
"3900",1901,"MC300023",NA
"3901",1901,"MC300024",NA
"3902",1901,"MC300026",NA
"3903",1901,"MC300027",NA
"3904",1901,"MC300028",NA
"3905",1901,"MC300032",NA
"3906",1901,"MC300033",NA
"3907",1901,"MC302801",NA
"3908",1901,"MC302803",NA
"3909",1901,"MC302807",NA
"3910",1901,"MC302810",NA
"3911",1901,"MC302813",NA
"3912",1901,"MC302819",NA
"3913",1901,"MC302820",NA
"3914",1901,"MC302825",NA
"3915",1901,"MC302827",NA
"3916",1901,"MC302829",NA
"3917",1901,"MC302831",NA
"3918",1901,"MC302833",NA
"3919",1901,"MC302834",NA
"3920",1901,"MC302835",NA
"3921",1902,"JB118309",NA
"3922",1902,"JB118312",NA
"3923",1902,"JB118313",NA
"3924",1902,"JB118316",NA
"3925",1902,"JB118317",NA
"3926",1902,"JB118318",NA
"3927",1902,"JB118320",0.42
"3928",1902,"JB118322",NA
"3929",1902,"JB118323",0.39
"3930",1902,"JB118324",0.588
"3931",1902,"JB118326",0.866
"3932",1902,"JB118327",NA
"3933",1902,"JB118332",NA
"3934",1902,"JB118336",NA
"3935",1902,"JB130804",NA
"3936",1902,"JB130807",NA
"3937",1902,"JB130808",NA
"3938",1902,"JB130810",NA
"3939",1902,"JB130813",NA
"3940",1902,"JB130814",NA
"3941",1902,"JB130815",NA
"3942",1902,"JB130816",NA
"3943",1902,"JB130817",NA
"3944",1902,"JB130819",NA
"3945",1902,"JB130821",NA
"3946",1902,"JB130827",NA
"3947",1902,"MC195302",NA
"3948",1902,"MC195303",NA
"3949",1902,"MC195304",NA
"3950",1902,"MC195306",NA
"3951",1902,"MC195307",NA
"3952",1902,"MC195313",NA
"3953",1902,"MC195314",NA
"3954",1902,"MC195318",NA
"3955",1902,"MC195319",NA
"3956",1902,"MC195325",NA
"3957",1902,"MC195329",NA
"3958",1902,"MC216001",NA
"3959",1902,"MC216002",NA
"3960",1902,"MC216003",NA
"3961",1902,"MC216004",NA
"3962",1902,"MC216005",NA
"3963",1902,"MC216010",NA
"3964",1902,"MC216012",NA
"3965",1902,"MC216014",NA
"3966",1902,"MC216018",NA
"3967",1902,"MC216020",NA
"3968",1902,"MC216022",NA
"3969",1902,"MC216026",NA
"3970",1902,"MC216027",NA
"3971",1902,"MC216029",NA
"3972",1902,"MC216030",NA
"3973",1902,"MC216039",NA
"3974",1902,"MC231201",NA
"3975",1902,"MC231203",NA
"3976",1902,"MC231204",NA
"3977",1902,"MC231205",NA
"3978",1902,"MC231206",NA
"3979",1902,"MC231207",NA
"3980",1902,"MC231209",NA
"3981",1902,"MC231211",NA
"3982",1902,"MC231212",NA
"3983",1902,"MC231213",NA
"3984",1902,"MC231216",NA
"3985",1902,"MC231217",NA
"3986",1902,"MC231219",NA
"3987",1902,"MC231221",NA
"3988",1902,"MC231225",NA
"3989",1902,"MC231226",NA
"3990",1902,"MC231227",NA
"3991",1902,"MC231232",NA
"3992",1902,"MC231234",NA
"3993",1902,"MC255807",NA
"3994",1902,"MC255808",NA
"3995",1902,"MC255809",NA
"3996",1902,"MC255811",NA
"3997",1902,"MC255814",NA
"3998",1902,"MC255815",NA
"3999",1902,"MC255817",2.313
"4000",1902,"MC255824",1.131
"4001",1902,"MC255825",NA
"4002",1902,"MC255826",NA
"4003",1902,"MC255827",1.475
"4004",1902,"MC255828",NA
"4005",1902,"MC255830",NA
"4006",1902,"MC255831",0.625
"4007",1902,"MC255833",NA
"4008",1902,"MC300001",NA
"4009",1902,"MC300017",NA
"4010",1902,"MC300018",NA
"4011",1902,"MC300022",NA
"4012",1902,"MC300023",NA
"4013",1902,"MC300024",NA
"4014",1902,"MC300026",NA
"4015",1902,"MC300027",NA
"4016",1902,"MC300028",NA
"4017",1902,"MC300032",NA
"4018",1902,"MC300033",NA
"4019",1902,"MC302801",NA
"4020",1902,"MC302803",NA
"4021",1902,"MC302807",NA
"4022",1902,"MC302810",NA
"4023",1902,"MC302813",NA
"4024",1902,"MC302819",NA
"4025",1902,"MC302820",NA
"4026",1902,"MC302825",NA
"4027",1902,"MC302827",NA
"4028",1902,"MC302829",NA
"4029",1902,"MC302831",NA
"4030",1902,"MC302833",NA
"4031",1902,"MC302834",NA
"4032",1902,"MC302835",NA
"4033",1903,"JB118309",NA
"4034",1903,"JB118312",NA
"4035",1903,"JB118313",NA
"4036",1903,"JB118316",NA
"4037",1903,"JB118317",NA
"4038",1903,"JB118318",NA
"4039",1903,"JB118320",0.374
"4040",1903,"JB118322",NA
"4041",1903,"JB118323",0.409
"4042",1903,"JB118324",0.618
"4043",1903,"JB118326",0.747
"4044",1903,"JB118327",NA
"4045",1903,"JB118332",NA
"4046",1903,"JB118336",NA
"4047",1903,"JB130804",NA
"4048",1903,"JB130807",NA
"4049",1903,"JB130808",NA
"4050",1903,"JB130810",NA
"4051",1903,"JB130813",NA
"4052",1903,"JB130814",NA
"4053",1903,"JB130815",NA
"4054",1903,"JB130816",NA
"4055",1903,"JB130817",NA
"4056",1903,"JB130819",NA
"4057",1903,"JB130821",NA
"4058",1903,"JB130827",NA
"4059",1903,"MC195302",NA
"4060",1903,"MC195303",NA
"4061",1903,"MC195304",NA
"4062",1903,"MC195306",NA
"4063",1903,"MC195307",NA
"4064",1903,"MC195313",NA
"4065",1903,"MC195314",NA
"4066",1903,"MC195318",NA
"4067",1903,"MC195319",NA
"4068",1903,"MC195325",NA
"4069",1903,"MC195329",NA
"4070",1903,"MC216001",NA
"4071",1903,"MC216002",NA
"4072",1903,"MC216003",NA
"4073",1903,"MC216004",NA
"4074",1903,"MC216005",NA
"4075",1903,"MC216010",NA
"4076",1903,"MC216012",NA
"4077",1903,"MC216014",NA
"4078",1903,"MC216018",NA
"4079",1903,"MC216020",NA
"4080",1903,"MC216022",NA
"4081",1903,"MC216026",NA
"4082",1903,"MC216027",NA
"4083",1903,"MC216029",NA
"4084",1903,"MC216030",NA
"4085",1903,"MC216039",NA
"4086",1903,"MC231201",NA
"4087",1903,"MC231203",NA
"4088",1903,"MC231204",NA
"4089",1903,"MC231205",NA
"4090",1903,"MC231206",NA
"4091",1903,"MC231207",NA
"4092",1903,"MC231209",NA
"4093",1903,"MC231211",NA
"4094",1903,"MC231212",NA
"4095",1903,"MC231213",NA
"4096",1903,"MC231216",NA
"4097",1903,"MC231217",NA
"4098",1903,"MC231219",NA
"4099",1903,"MC231221",NA
"4100",1903,"MC231225",NA
"4101",1903,"MC231226",NA
"4102",1903,"MC231227",NA
"4103",1903,"MC231232",NA
"4104",1903,"MC231234",NA
"4105",1903,"MC255807",NA
"4106",1903,"MC255808",NA
"4107",1903,"MC255809",NA
"4108",1903,"MC255811",NA
"4109",1903,"MC255814",NA
"4110",1903,"MC255815",NA
"4111",1903,"MC255817",2.114
"4112",1903,"MC255824",1.103
"4113",1903,"MC255825",NA
"4114",1903,"MC255826",NA
"4115",1903,"MC255827",1.579
"4116",1903,"MC255828",NA
"4117",1903,"MC255830",NA
"4118",1903,"MC255831",0.76
"4119",1903,"MC255833",NA
"4120",1903,"MC300001",NA
"4121",1903,"MC300017",NA
"4122",1903,"MC300018",NA
"4123",1903,"MC300022",NA
"4124",1903,"MC300023",NA
"4125",1903,"MC300024",NA
"4126",1903,"MC300026",NA
"4127",1903,"MC300027",NA
"4128",1903,"MC300028",NA
"4129",1903,"MC300032",NA
"4130",1903,"MC300033",NA
"4131",1903,"MC302801",NA
"4132",1903,"MC302803",NA
"4133",1903,"MC302807",NA
"4134",1903,"MC302810",NA
"4135",1903,"MC302813",NA
"4136",1903,"MC302819",NA
"4137",1903,"MC302820",NA
"4138",1903,"MC302825",NA
"4139",1903,"MC302827",NA
"4140",1903,"MC302829",NA
"4141",1903,"MC302831",NA
"4142",1903,"MC302833",NA
"4143",1903,"MC302834",NA
"4144",1903,"MC302835",NA
"4145",1904,"JB118309",NA
"4146",1904,"JB118312",NA
"4147",1904,"JB118313",NA
"4148",1904,"JB118316",NA
"4149",1904,"JB118317",NA
"4150",1904,"JB118318",NA
"4151",1904,"JB118320",0.36
"4152",1904,"JB118322",NA
"4153",1904,"JB118323",0.384
"4154",1904,"JB118324",0.617
"4155",1904,"JB118326",0.58
"4156",1904,"JB118327",NA
"4157",1904,"JB118332",NA
"4158",1904,"JB118336",NA
"4159",1904,"JB130804",NA
"4160",1904,"JB130807",NA
"4161",1904,"JB130808",NA
"4162",1904,"JB130810",NA
"4163",1904,"JB130813",NA
"4164",1904,"JB130814",NA
"4165",1904,"JB130815",NA
"4166",1904,"JB130816",NA
"4167",1904,"JB130817",NA
"4168",1904,"JB130819",NA
"4169",1904,"JB130821",NA
"4170",1904,"JB130827",NA
"4171",1904,"MC195302",NA
"4172",1904,"MC195303",NA
"4173",1904,"MC195304",NA
"4174",1904,"MC195306",NA
"4175",1904,"MC195307",NA
"4176",1904,"MC195313",NA
"4177",1904,"MC195314",NA
"4178",1904,"MC195318",NA
"4179",1904,"MC195319",NA
"4180",1904,"MC195325",NA
"4181",1904,"MC195329",NA
"4182",1904,"MC216001",NA
"4183",1904,"MC216002",NA
"4184",1904,"MC216003",NA
"4185",1904,"MC216004",NA
"4186",1904,"MC216005",NA
"4187",1904,"MC216010",NA
"4188",1904,"MC216012",NA
"4189",1904,"MC216014",NA
"4190",1904,"MC216018",NA
"4191",1904,"MC216020",NA
"4192",1904,"MC216022",NA
"4193",1904,"MC216026",NA
"4194",1904,"MC216027",NA
"4195",1904,"MC216029",NA
"4196",1904,"MC216030",NA
"4197",1904,"MC216039",NA
"4198",1904,"MC231201",NA
"4199",1904,"MC231203",NA
"4200",1904,"MC231204",NA
"4201",1904,"MC231205",NA
"4202",1904,"MC231206",NA
"4203",1904,"MC231207",NA
"4204",1904,"MC231209",NA
"4205",1904,"MC231211",NA
"4206",1904,"MC231212",NA
"4207",1904,"MC231213",NA
"4208",1904,"MC231216",NA
"4209",1904,"MC231217",NA
"4210",1904,"MC231219",NA
"4211",1904,"MC231221",NA
"4212",1904,"MC231225",NA
"4213",1904,"MC231226",NA
"4214",1904,"MC231227",NA
"4215",1904,"MC231232",NA
"4216",1904,"MC231234",NA
"4217",1904,"MC255807",NA
"4218",1904,"MC255808",NA
"4219",1904,"MC255809",NA
"4220",1904,"MC255811",NA
"4221",1904,"MC255814",NA
"4222",1904,"MC255815",NA
"4223",1904,"MC255817",1.388
"4224",1904,"MC255824",0.773
"4225",1904,"MC255825",NA
"4226",1904,"MC255826",NA
"4227",1904,"MC255827",1.438
"4228",1904,"MC255828",NA
"4229",1904,"MC255830",NA
"4230",1904,"MC255831",0.494
"4231",1904,"MC255833",NA
"4232",1904,"MC300001",NA
"4233",1904,"MC300017",NA
"4234",1904,"MC300018",NA
"4235",1904,"MC300022",NA
"4236",1904,"MC300023",NA
"4237",1904,"MC300024",NA
"4238",1904,"MC300026",NA
"4239",1904,"MC300027",NA
"4240",1904,"MC300028",NA
"4241",1904,"MC300032",NA
"4242",1904,"MC300033",NA
"4243",1904,"MC302801",NA
"4244",1904,"MC302803",NA
"4245",1904,"MC302807",NA
"4246",1904,"MC302810",NA
"4247",1904,"MC302813",NA
"4248",1904,"MC302819",NA
"4249",1904,"MC302820",NA
"4250",1904,"MC302825",NA
"4251",1904,"MC302827",NA
"4252",1904,"MC302829",NA
"4253",1904,"MC302831",NA
"4254",1904,"MC302833",NA
"4255",1904,"MC302834",NA
"4256",1904,"MC302835",NA
"4257",1905,"JB118309",NA
"4258",1905,"JB118312",NA
"4259",1905,"JB118313",NA
"4260",1905,"JB118316",NA
"4261",1905,"JB118317",NA
"4262",1905,"JB118318",NA
"4263",1905,"JB118320",0.498
"4264",1905,"JB118322",NA
"4265",1905,"JB118323",0.44
"4266",1905,"JB118324",0.905
"4267",1905,"JB118326",0.909
"4268",1905,"JB118327",NA
"4269",1905,"JB118332",NA
"4270",1905,"JB118336",NA
"4271",1905,"JB130804",NA
"4272",1905,"JB130807",NA
"4273",1905,"JB130808",NA
"4274",1905,"JB130810",NA
"4275",1905,"JB130813",NA
"4276",1905,"JB130814",NA
"4277",1905,"JB130815",NA
"4278",1905,"JB130816",NA
"4279",1905,"JB130817",NA
"4280",1905,"JB130819",NA
"4281",1905,"JB130821",NA
"4282",1905,"JB130827",NA
"4283",1905,"MC195302",NA
"4284",1905,"MC195303",NA
"4285",1905,"MC195304",NA
"4286",1905,"MC195306",NA
"4287",1905,"MC195307",NA
"4288",1905,"MC195313",NA
"4289",1905,"MC195314",NA
"4290",1905,"MC195318",NA
"4291",1905,"MC195319",NA
"4292",1905,"MC195325",NA
"4293",1905,"MC195329",NA
"4294",1905,"MC216001",NA
"4295",1905,"MC216002",NA
"4296",1905,"MC216003",NA
"4297",1905,"MC216004",NA
"4298",1905,"MC216005",NA
"4299",1905,"MC216010",NA
"4300",1905,"MC216012",NA
"4301",1905,"MC216014",NA
"4302",1905,"MC216018",NA
"4303",1905,"MC216020",NA
"4304",1905,"MC216022",NA
"4305",1905,"MC216026",NA
"4306",1905,"MC216027",NA
"4307",1905,"MC216029",NA
"4308",1905,"MC216030",NA
"4309",1905,"MC216039",NA
"4310",1905,"MC231201",NA
"4311",1905,"MC231203",NA
"4312",1905,"MC231204",NA
"4313",1905,"MC231205",NA
"4314",1905,"MC231206",NA
"4315",1905,"MC231207",NA
"4316",1905,"MC231209",NA
"4317",1905,"MC231211",NA
"4318",1905,"MC231212",NA
"4319",1905,"MC231213",NA
"4320",1905,"MC231216",NA
"4321",1905,"MC231217",NA
"4322",1905,"MC231219",NA
"4323",1905,"MC231221",NA
"4324",1905,"MC231225",NA
"4325",1905,"MC231226",NA
"4326",1905,"MC231227",NA
"4327",1905,"MC231232",NA
"4328",1905,"MC231234",NA
"4329",1905,"MC255807",NA
"4330",1905,"MC255808",NA
"4331",1905,"MC255809",NA
"4332",1905,"MC255811",NA
"4333",1905,"MC255814",NA
"4334",1905,"MC255815",NA
"4335",1905,"MC255817",1.611
"4336",1905,"MC255824",1.119
"4337",1905,"MC255825",NA
"4338",1905,"MC255826",NA
"4339",1905,"MC255827",1.425
"4340",1905,"MC255828",NA
"4341",1905,"MC255830",NA
"4342",1905,"MC255831",0.915
"4343",1905,"MC255833",NA
"4344",1905,"MC300001",NA
"4345",1905,"MC300017",NA
"4346",1905,"MC300018",NA
"4347",1905,"MC300022",NA
"4348",1905,"MC300023",NA
"4349",1905,"MC300024",NA
"4350",1905,"MC300026",NA
"4351",1905,"MC300027",NA
"4352",1905,"MC300028",NA
"4353",1905,"MC300032",NA
"4354",1905,"MC300033",NA
"4355",1905,"MC302801",NA
"4356",1905,"MC302803",NA
"4357",1905,"MC302807",NA
"4358",1905,"MC302810",NA
"4359",1905,"MC302813",NA
"4360",1905,"MC302819",NA
"4361",1905,"MC302820",NA
"4362",1905,"MC302825",NA
"4363",1905,"MC302827",NA
"4364",1905,"MC302829",NA
"4365",1905,"MC302831",NA
"4366",1905,"MC302833",NA
"4367",1905,"MC302834",NA
"4368",1905,"MC302835",NA
"4369",1906,"JB118309",NA
"4370",1906,"JB118312",NA
"4371",1906,"JB118313",NA
"4372",1906,"JB118316",NA
"4373",1906,"JB118317",NA
"4374",1906,"JB118318",NA
"4375",1906,"JB118320",0.39
"4376",1906,"JB118322",NA
"4377",1906,"JB118323",0.446
"4378",1906,"JB118324",0.733
"4379",1906,"JB118326",1.062
"4380",1906,"JB118327",NA
"4381",1906,"JB118332",NA
"4382",1906,"JB118336",NA
"4383",1906,"JB130804",NA
"4384",1906,"JB130807",NA
"4385",1906,"JB130808",NA
"4386",1906,"JB130810",NA
"4387",1906,"JB130813",NA
"4388",1906,"JB130814",NA
"4389",1906,"JB130815",NA
"4390",1906,"JB130816",NA
"4391",1906,"JB130817",NA
"4392",1906,"JB130819",NA
"4393",1906,"JB130821",NA
"4394",1906,"JB130827",NA
"4395",1906,"MC195302",NA
"4396",1906,"MC195303",NA
"4397",1906,"MC195304",NA
"4398",1906,"MC195306",NA
"4399",1906,"MC195307",NA
"4400",1906,"MC195313",NA
"4401",1906,"MC195314",NA
"4402",1906,"MC195318",NA
"4403",1906,"MC195319",NA
"4404",1906,"MC195325",NA
"4405",1906,"MC195329",NA
"4406",1906,"MC216001",NA
"4407",1906,"MC216002",NA
"4408",1906,"MC216003",NA
"4409",1906,"MC216004",NA
"4410",1906,"MC216005",NA
"4411",1906,"MC216010",NA
"4412",1906,"MC216012",NA
"4413",1906,"MC216014",NA
"4414",1906,"MC216018",NA
"4415",1906,"MC216020",NA
"4416",1906,"MC216022",NA
"4417",1906,"MC216026",NA
"4418",1906,"MC216027",NA
"4419",1906,"MC216029",NA
"4420",1906,"MC216030",NA
"4421",1906,"MC216039",NA
"4422",1906,"MC231201",NA
"4423",1906,"MC231203",NA
"4424",1906,"MC231204",NA
"4425",1906,"MC231205",NA
"4426",1906,"MC231206",NA
"4427",1906,"MC231207",NA
"4428",1906,"MC231209",NA
"4429",1906,"MC231211",NA
"4430",1906,"MC231212",NA
"4431",1906,"MC231213",2.29
"4432",1906,"MC231216",NA
"4433",1906,"MC231217",NA
"4434",1906,"MC231219",NA
"4435",1906,"MC231221",NA
"4436",1906,"MC231225",NA
"4437",1906,"MC231226",NA
"4438",1906,"MC231227",NA
"4439",1906,"MC231232",NA
"4440",1906,"MC231234",NA
"4441",1906,"MC255807",NA
"4442",1906,"MC255808",NA
"4443",1906,"MC255809",NA
"4444",1906,"MC255811",NA
"4445",1906,"MC255814",NA
"4446",1906,"MC255815",NA
"4447",1906,"MC255817",1.973
"4448",1906,"MC255824",1.137
"4449",1906,"MC255825",NA
"4450",1906,"MC255826",NA
"4451",1906,"MC255827",1.443
"4452",1906,"MC255828",NA
"4453",1906,"MC255830",NA
"4454",1906,"MC255831",0.613
"4455",1906,"MC255833",NA
"4456",1906,"MC300001",NA
"4457",1906,"MC300017",NA
"4458",1906,"MC300018",NA
"4459",1906,"MC300022",NA
"4460",1906,"MC300023",NA
"4461",1906,"MC300024",NA
"4462",1906,"MC300026",NA
"4463",1906,"MC300027",NA
"4464",1906,"MC300028",NA
"4465",1906,"MC300032",NA
"4466",1906,"MC300033",NA
"4467",1906,"MC302801",NA
"4468",1906,"MC302803",NA
"4469",1906,"MC302807",NA
"4470",1906,"MC302810",NA
"4471",1906,"MC302813",NA
"4472",1906,"MC302819",NA
"4473",1906,"MC302820",NA
"4474",1906,"MC302825",NA
"4475",1906,"MC302827",NA
"4476",1906,"MC302829",NA
"4477",1906,"MC302831",NA
"4478",1906,"MC302833",NA
"4479",1906,"MC302834",NA
"4480",1906,"MC302835",NA
"4481",1907,"JB118309",NA
"4482",1907,"JB118312",NA
"4483",1907,"JB118313",NA
"4484",1907,"JB118316",NA
"4485",1907,"JB118317",NA
"4486",1907,"JB118318",NA
"4487",1907,"JB118320",0.672
"4488",1907,"JB118322",NA
"4489",1907,"JB118323",0.42
"4490",1907,"JB118324",0.73
"4491",1907,"JB118326",1.371
"4492",1907,"JB118327",NA
"4493",1907,"JB118332",1.13
"4494",1907,"JB118336",NA
"4495",1907,"JB130804",NA
"4496",1907,"JB130807",NA
"4497",1907,"JB130808",NA
"4498",1907,"JB130810",NA
"4499",1907,"JB130813",NA
"4500",1907,"JB130814",NA
"4501",1907,"JB130815",NA
"4502",1907,"JB130816",NA
"4503",1907,"JB130817",NA
"4504",1907,"JB130819",NA
"4505",1907,"JB130821",NA
"4506",1907,"JB130827",0.653
"4507",1907,"MC195302",NA
"4508",1907,"MC195303",NA
"4509",1907,"MC195304",NA
"4510",1907,"MC195306",NA
"4511",1907,"MC195307",NA
"4512",1907,"MC195313",NA
"4513",1907,"MC195314",NA
"4514",1907,"MC195318",NA
"4515",1907,"MC195319",NA
"4516",1907,"MC195325",NA
"4517",1907,"MC195329",NA
"4518",1907,"MC216001",NA
"4519",1907,"MC216002",NA
"4520",1907,"MC216003",NA
"4521",1907,"MC216004",NA
"4522",1907,"MC216005",NA
"4523",1907,"MC216010",NA
"4524",1907,"MC216012",NA
"4525",1907,"MC216014",NA
"4526",1907,"MC216018",NA
"4527",1907,"MC216020",NA
"4528",1907,"MC216022",NA
"4529",1907,"MC216026",NA
"4530",1907,"MC216027",NA
"4531",1907,"MC216029",NA
"4532",1907,"MC216030",NA
"4533",1907,"MC216039",NA
"4534",1907,"MC231201",NA
"4535",1907,"MC231203",NA
"4536",1907,"MC231204",NA
"4537",1907,"MC231205",NA
"4538",1907,"MC231206",NA
"4539",1907,"MC231207",NA
"4540",1907,"MC231209",NA
"4541",1907,"MC231211",NA
"4542",1907,"MC231212",NA
"4543",1907,"MC231213",1.688
"4544",1907,"MC231216",NA
"4545",1907,"MC231217",NA
"4546",1907,"MC231219",NA
"4547",1907,"MC231221",NA
"4548",1907,"MC231225",NA
"4549",1907,"MC231226",NA
"4550",1907,"MC231227",NA
"4551",1907,"MC231232",NA
"4552",1907,"MC231234",NA
"4553",1907,"MC255807",NA
"4554",1907,"MC255808",NA
"4555",1907,"MC255809",NA
"4556",1907,"MC255811",NA
"4557",1907,"MC255814",NA
"4558",1907,"MC255815",NA
"4559",1907,"MC255817",1.717
"4560",1907,"MC255824",1.437
"4561",1907,"MC255825",NA
"4562",1907,"MC255826",NA
"4563",1907,"MC255827",1.31
"4564",1907,"MC255828",NA
"4565",1907,"MC255830",NA
"4566",1907,"MC255831",0.932
"4567",1907,"MC255833",NA
"4568",1907,"MC300001",NA
"4569",1907,"MC300017",NA
"4570",1907,"MC300018",NA
"4571",1907,"MC300022",NA
"4572",1907,"MC300023",NA
"4573",1907,"MC300024",NA
"4574",1907,"MC300026",NA
"4575",1907,"MC300027",NA
"4576",1907,"MC300028",NA
"4577",1907,"MC300032",NA
"4578",1907,"MC300033",NA
"4579",1907,"MC302801",NA
"4580",1907,"MC302803",NA
"4581",1907,"MC302807",NA
"4582",1907,"MC302810",NA
"4583",1907,"MC302813",NA
"4584",1907,"MC302819",NA
"4585",1907,"MC302820",NA
"4586",1907,"MC302825",NA
"4587",1907,"MC302827",NA
"4588",1907,"MC302829",NA
"4589",1907,"MC302831",NA
"4590",1907,"MC302833",NA
"4591",1907,"MC302834",NA
"4592",1907,"MC302835",NA
"4593",1908,"JB118309",NA
"4594",1908,"JB118312",NA
"4595",1908,"JB118313",NA
"4596",1908,"JB118316",NA
"4597",1908,"JB118317",NA
"4598",1908,"JB118318",NA
"4599",1908,"JB118320",0.538
"4600",1908,"JB118322",NA
"4601",1908,"JB118323",0.563
"4602",1908,"JB118324",1.137
"4603",1908,"JB118326",0.92
"4604",1908,"JB118327",NA
"4605",1908,"JB118332",1.187
"4606",1908,"JB118336",NA
"4607",1908,"JB130804",NA
"4608",1908,"JB130807",NA
"4609",1908,"JB130808",NA
"4610",1908,"JB130810",NA
"4611",1908,"JB130813",NA
"4612",1908,"JB130814",NA
"4613",1908,"JB130815",NA
"4614",1908,"JB130816",NA
"4615",1908,"JB130817",NA
"4616",1908,"JB130819",NA
"4617",1908,"JB130821",NA
"4618",1908,"JB130827",1.182
"4619",1908,"MC195302",NA
"4620",1908,"MC195303",NA
"4621",1908,"MC195304",NA
"4622",1908,"MC195306",NA
"4623",1908,"MC195307",NA
"4624",1908,"MC195313",NA
"4625",1908,"MC195314",NA
"4626",1908,"MC195318",NA
"4627",1908,"MC195319",NA
"4628",1908,"MC195325",NA
"4629",1908,"MC195329",NA
"4630",1908,"MC216001",NA
"4631",1908,"MC216002",NA
"4632",1908,"MC216003",NA
"4633",1908,"MC216004",NA
"4634",1908,"MC216005",NA
"4635",1908,"MC216010",NA
"4636",1908,"MC216012",NA
"4637",1908,"MC216014",NA
"4638",1908,"MC216018",NA
"4639",1908,"MC216020",NA
"4640",1908,"MC216022",NA
"4641",1908,"MC216026",NA
"4642",1908,"MC216027",NA
"4643",1908,"MC216029",NA
"4644",1908,"MC216030",NA
"4645",1908,"MC216039",NA
"4646",1908,"MC231201",NA
"4647",1908,"MC231203",NA
"4648",1908,"MC231204",NA
"4649",1908,"MC231205",NA
"4650",1908,"MC231206",NA
"4651",1908,"MC231207",NA
"4652",1908,"MC231209",NA
"4653",1908,"MC231211",NA
"4654",1908,"MC231212",NA
"4655",1908,"MC231213",0.95
"4656",1908,"MC231216",NA
"4657",1908,"MC231217",NA
"4658",1908,"MC231219",NA
"4659",1908,"MC231221",NA
"4660",1908,"MC231225",NA
"4661",1908,"MC231226",NA
"4662",1908,"MC231227",NA
"4663",1908,"MC231232",NA
"4664",1908,"MC231234",NA
"4665",1908,"MC255807",NA
"4666",1908,"MC255808",NA
"4667",1908,"MC255809",NA
"4668",1908,"MC255811",NA
"4669",1908,"MC255814",NA
"4670",1908,"MC255815",NA
"4671",1908,"MC255817",2.148
"4672",1908,"MC255824",1.703
"4673",1908,"MC255825",NA
"4674",1908,"MC255826",NA
"4675",1908,"MC255827",1.838
"4676",1908,"MC255828",NA
"4677",1908,"MC255830",NA
"4678",1908,"MC255831",1.107
"4679",1908,"MC255833",NA
"4680",1908,"MC300001",NA
"4681",1908,"MC300017",NA
"4682",1908,"MC300018",NA
"4683",1908,"MC300022",NA
"4684",1908,"MC300023",NA
"4685",1908,"MC300024",NA
"4686",1908,"MC300026",NA
"4687",1908,"MC300027",NA
"4688",1908,"MC300028",NA
"4689",1908,"MC300032",NA
"4690",1908,"MC300033",NA
"4691",1908,"MC302801",NA
"4692",1908,"MC302803",NA
"4693",1908,"MC302807",NA
"4694",1908,"MC302810",NA
"4695",1908,"MC302813",NA
"4696",1908,"MC302819",NA
"4697",1908,"MC302820",NA
"4698",1908,"MC302825",NA
"4699",1908,"MC302827",NA
"4700",1908,"MC302829",NA
"4701",1908,"MC302831",NA
"4702",1908,"MC302833",NA
"4703",1908,"MC302834",NA
"4704",1908,"MC302835",NA
"4705",1909,"JB118309",NA
"4706",1909,"JB118312",NA
"4707",1909,"JB118313",NA
"4708",1909,"JB118316",NA
"4709",1909,"JB118317",NA
"4710",1909,"JB118318",NA
"4711",1909,"JB118320",0.676
"4712",1909,"JB118322",NA
"4713",1909,"JB118323",0.638
"4714",1909,"JB118324",1.153
"4715",1909,"JB118326",1.436
"4716",1909,"JB118327",NA
"4717",1909,"JB118332",1.021
"4718",1909,"JB118336",NA
"4719",1909,"JB130804",NA
"4720",1909,"JB130807",NA
"4721",1909,"JB130808",NA
"4722",1909,"JB130810",NA
"4723",1909,"JB130813",NA
"4724",1909,"JB130814",NA
"4725",1909,"JB130815",NA
"4726",1909,"JB130816",NA
"4727",1909,"JB130817",NA
"4728",1909,"JB130819",NA
"4729",1909,"JB130821",NA
"4730",1909,"JB130827",1.429
"4731",1909,"MC195302",NA
"4732",1909,"MC195303",NA
"4733",1909,"MC195304",NA
"4734",1909,"MC195306",NA
"4735",1909,"MC195307",NA
"4736",1909,"MC195313",NA
"4737",1909,"MC195314",NA
"4738",1909,"MC195318",NA
"4739",1909,"MC195319",NA
"4740",1909,"MC195325",NA
"4741",1909,"MC195329",NA
"4742",1909,"MC216001",NA
"4743",1909,"MC216002",NA
"4744",1909,"MC216003",NA
"4745",1909,"MC216004",NA
"4746",1909,"MC216005",NA
"4747",1909,"MC216010",NA
"4748",1909,"MC216012",NA
"4749",1909,"MC216014",NA
"4750",1909,"MC216018",NA
"4751",1909,"MC216020",NA
"4752",1909,"MC216022",NA
"4753",1909,"MC216026",NA
"4754",1909,"MC216027",NA
"4755",1909,"MC216029",NA
"4756",1909,"MC216030",NA
"4757",1909,"MC216039",NA
"4758",1909,"MC231201",NA
"4759",1909,"MC231203",NA
"4760",1909,"MC231204",NA
"4761",1909,"MC231205",NA
"4762",1909,"MC231206",NA
"4763",1909,"MC231207",NA
"4764",1909,"MC231209",NA
"4765",1909,"MC231211",NA
"4766",1909,"MC231212",NA
"4767",1909,"MC231213",1.682
"4768",1909,"MC231216",NA
"4769",1909,"MC231217",NA
"4770",1909,"MC231219",NA
"4771",1909,"MC231221",NA
"4772",1909,"MC231225",NA
"4773",1909,"MC231226",NA
"4774",1909,"MC231227",NA
"4775",1909,"MC231232",NA
"4776",1909,"MC231234",NA
"4777",1909,"MC255807",NA
"4778",1909,"MC255808",NA
"4779",1909,"MC255809",NA
"4780",1909,"MC255811",NA
"4781",1909,"MC255814",NA
"4782",1909,"MC255815",NA
"4783",1909,"MC255817",1.682
"4784",1909,"MC255824",1.52
"4785",1909,"MC255825",NA
"4786",1909,"MC255826",NA
"4787",1909,"MC255827",2.038
"4788",1909,"MC255828",NA
"4789",1909,"MC255830",NA
"4790",1909,"MC255831",1.117
"4791",1909,"MC255833",NA
"4792",1909,"MC300001",NA
"4793",1909,"MC300017",NA
"4794",1909,"MC300018",NA
"4795",1909,"MC300022",NA
"4796",1909,"MC300023",NA
"4797",1909,"MC300024",NA
"4798",1909,"MC300026",NA
"4799",1909,"MC300027",NA
"4800",1909,"MC300028",NA
"4801",1909,"MC300032",NA
"4802",1909,"MC300033",NA
"4803",1909,"MC302801",NA
"4804",1909,"MC302803",NA
"4805",1909,"MC302807",NA
"4806",1909,"MC302810",NA
"4807",1909,"MC302813",NA
"4808",1909,"MC302819",NA
"4809",1909,"MC302820",NA
"4810",1909,"MC302825",NA
"4811",1909,"MC302827",NA
"4812",1909,"MC302829",NA
"4813",1909,"MC302831",NA
"4814",1909,"MC302833",NA
"4815",1909,"MC302834",NA
"4816",1909,"MC302835",NA
"4817",1910,"JB118309",NA
"4818",1910,"JB118312",NA
"4819",1910,"JB118313",NA
"4820",1910,"JB118316",NA
"4821",1910,"JB118317",NA
"4822",1910,"JB118318",NA
"4823",1910,"JB118320",0.548
"4824",1910,"JB118322",NA
"4825",1910,"JB118323",0.478
"4826",1910,"JB118324",1.637
"4827",1910,"JB118326",1.623
"4828",1910,"JB118327",NA
"4829",1910,"JB118332",2.049
"4830",1910,"JB118336",2.432
"4831",1910,"JB130804",NA
"4832",1910,"JB130807",NA
"4833",1910,"JB130808",NA
"4834",1910,"JB130810",NA
"4835",1910,"JB130813",NA
"4836",1910,"JB130814",NA
"4837",1910,"JB130815",NA
"4838",1910,"JB130816",NA
"4839",1910,"JB130817",NA
"4840",1910,"JB130819",NA
"4841",1910,"JB130821",NA
"4842",1910,"JB130827",1.275
"4843",1910,"MC195302",NA
"4844",1910,"MC195303",NA
"4845",1910,"MC195304",NA
"4846",1910,"MC195306",NA
"4847",1910,"MC195307",NA
"4848",1910,"MC195313",NA
"4849",1910,"MC195314",NA
"4850",1910,"MC195318",NA
"4851",1910,"MC195319",NA
"4852",1910,"MC195325",NA
"4853",1910,"MC195329",NA
"4854",1910,"MC216001",NA
"4855",1910,"MC216002",NA
"4856",1910,"MC216003",NA
"4857",1910,"MC216004",NA
"4858",1910,"MC216005",NA
"4859",1910,"MC216010",NA
"4860",1910,"MC216012",NA
"4861",1910,"MC216014",NA
"4862",1910,"MC216018",NA
"4863",1910,"MC216020",NA
"4864",1910,"MC216022",NA
"4865",1910,"MC216026",NA
"4866",1910,"MC216027",NA
"4867",1910,"MC216029",NA
"4868",1910,"MC216030",NA
"4869",1910,"MC216039",NA
"4870",1910,"MC231201",NA
"4871",1910,"MC231203",NA
"4872",1910,"MC231204",NA
"4873",1910,"MC231205",NA
"4874",1910,"MC231206",NA
"4875",1910,"MC231207",NA
"4876",1910,"MC231209",NA
"4877",1910,"MC231211",NA
"4878",1910,"MC231212",NA
"4879",1910,"MC231213",1.154
"4880",1910,"MC231216",NA
"4881",1910,"MC231217",NA
"4882",1910,"MC231219",NA
"4883",1910,"MC231221",NA
"4884",1910,"MC231225",NA
"4885",1910,"MC231226",NA
"4886",1910,"MC231227",NA
"4887",1910,"MC231232",NA
"4888",1910,"MC231234",NA
"4889",1910,"MC255807",NA
"4890",1910,"MC255808",NA
"4891",1910,"MC255809",NA
"4892",1910,"MC255811",NA
"4893",1910,"MC255814",NA
"4894",1910,"MC255815",NA
"4895",1910,"MC255817",1.022
"4896",1910,"MC255824",1.241
"4897",1910,"MC255825",NA
"4898",1910,"MC255826",NA
"4899",1910,"MC255827",1.375
"4900",1910,"MC255828",NA
"4901",1910,"MC255830",NA
"4902",1910,"MC255831",0.669
"4903",1910,"MC255833",NA
"4904",1910,"MC300001",NA
"4905",1910,"MC300017",NA
"4906",1910,"MC300018",NA
"4907",1910,"MC300022",NA
"4908",1910,"MC300023",NA
"4909",1910,"MC300024",NA
"4910",1910,"MC300026",NA
"4911",1910,"MC300027",NA
"4912",1910,"MC300028",NA
"4913",1910,"MC300032",NA
"4914",1910,"MC300033",NA
"4915",1910,"MC302801",NA
"4916",1910,"MC302803",NA
"4917",1910,"MC302807",NA
"4918",1910,"MC302810",NA
"4919",1910,"MC302813",NA
"4920",1910,"MC302819",NA
"4921",1910,"MC302820",NA
"4922",1910,"MC302825",NA
"4923",1910,"MC302827",NA
"4924",1910,"MC302829",NA
"4925",1910,"MC302831",NA
"4926",1910,"MC302833",NA
"4927",1910,"MC302834",NA
"4928",1910,"MC302835",NA
"4929",1911,"JB118309",NA
"4930",1911,"JB118312",NA
"4931",1911,"JB118313",NA
"4932",1911,"JB118316",NA
"4933",1911,"JB118317",NA
"4934",1911,"JB118318",NA
"4935",1911,"JB118320",0.859
"4936",1911,"JB118322",NA
"4937",1911,"JB118323",0.743
"4938",1911,"JB118324",1.84
"4939",1911,"JB118326",2.336
"4940",1911,"JB118327",NA
"4941",1911,"JB118332",1.484
"4942",1911,"JB118336",2.747
"4943",1911,"JB130804",NA
"4944",1911,"JB130807",NA
"4945",1911,"JB130808",NA
"4946",1911,"JB130810",NA
"4947",1911,"JB130813",NA
"4948",1911,"JB130814",NA
"4949",1911,"JB130815",NA
"4950",1911,"JB130816",NA
"4951",1911,"JB130817",NA
"4952",1911,"JB130819",NA
"4953",1911,"JB130821",NA
"4954",1911,"JB130827",1.29
"4955",1911,"MC195302",NA
"4956",1911,"MC195303",NA
"4957",1911,"MC195304",NA
"4958",1911,"MC195306",NA
"4959",1911,"MC195307",NA
"4960",1911,"MC195313",NA
"4961",1911,"MC195314",NA
"4962",1911,"MC195318",NA
"4963",1911,"MC195319",NA
"4964",1911,"MC195325",NA
"4965",1911,"MC195329",NA
"4966",1911,"MC216001",NA
"4967",1911,"MC216002",NA
"4968",1911,"MC216003",NA
"4969",1911,"MC216004",NA
"4970",1911,"MC216005",NA
"4971",1911,"MC216010",NA
"4972",1911,"MC216012",NA
"4973",1911,"MC216014",NA
"4974",1911,"MC216018",NA
"4975",1911,"MC216020",NA
"4976",1911,"MC216022",NA
"4977",1911,"MC216026",NA
"4978",1911,"MC216027",NA
"4979",1911,"MC216029",NA
"4980",1911,"MC216030",NA
"4981",1911,"MC216039",NA
"4982",1911,"MC231201",NA
"4983",1911,"MC231203",NA
"4984",1911,"MC231204",NA
"4985",1911,"MC231205",NA
"4986",1911,"MC231206",NA
"4987",1911,"MC231207",NA
"4988",1911,"MC231209",NA
"4989",1911,"MC231211",NA
"4990",1911,"MC231212",NA
"4991",1911,"MC231213",0.755
"4992",1911,"MC231216",NA
"4993",1911,"MC231217",NA
"4994",1911,"MC231219",NA
"4995",1911,"MC231221",NA
"4996",1911,"MC231225",NA
"4997",1911,"MC231226",NA
"4998",1911,"MC231227",NA
"4999",1911,"MC231232",NA
"5000",1911,"MC231234",NA
"5001",1911,"MC255807",NA
"5002",1911,"MC255808",NA
"5003",1911,"MC255809",NA
"5004",1911,"MC255811",NA
"5005",1911,"MC255814",NA
"5006",1911,"MC255815",NA
"5007",1911,"MC255817",1.549
"5008",1911,"MC255824",1.621
"5009",1911,"MC255825",NA
"5010",1911,"MC255826",NA
"5011",1911,"MC255827",1.539
"5012",1911,"MC255828",NA
"5013",1911,"MC255830",NA
"5014",1911,"MC255831",0.953
"5015",1911,"MC255833",NA
"5016",1911,"MC300001",NA
"5017",1911,"MC300017",NA
"5018",1911,"MC300018",NA
"5019",1911,"MC300022",NA
"5020",1911,"MC300023",NA
"5021",1911,"MC300024",NA
"5022",1911,"MC300026",NA
"5023",1911,"MC300027",NA
"5024",1911,"MC300028",NA
"5025",1911,"MC300032",NA
"5026",1911,"MC300033",NA
"5027",1911,"MC302801",NA
"5028",1911,"MC302803",NA
"5029",1911,"MC302807",NA
"5030",1911,"MC302810",NA
"5031",1911,"MC302813",NA
"5032",1911,"MC302819",NA
"5033",1911,"MC302820",NA
"5034",1911,"MC302825",NA
"5035",1911,"MC302827",NA
"5036",1911,"MC302829",NA
"5037",1911,"MC302831",NA
"5038",1911,"MC302833",NA
"5039",1911,"MC302834",NA
"5040",1911,"MC302835",NA
"5041",1912,"JB118309",NA
"5042",1912,"JB118312",NA
"5043",1912,"JB118313",NA
"5044",1912,"JB118316",NA
"5045",1912,"JB118317",NA
"5046",1912,"JB118318",NA
"5047",1912,"JB118320",1.225
"5048",1912,"JB118322",NA
"5049",1912,"JB118323",0.195
"5050",1912,"JB118324",0.727
"5051",1912,"JB118326",2.487
"5052",1912,"JB118327",NA
"5053",1912,"JB118332",1.061
"5054",1912,"JB118336",2.882
"5055",1912,"JB130804",NA
"5056",1912,"JB130807",NA
"5057",1912,"JB130808",NA
"5058",1912,"JB130810",NA
"5059",1912,"JB130813",NA
"5060",1912,"JB130814",NA
"5061",1912,"JB130815",NA
"5062",1912,"JB130816",NA
"5063",1912,"JB130817",NA
"5064",1912,"JB130819",NA
"5065",1912,"JB130821",NA
"5066",1912,"JB130827",1.503
"5067",1912,"MC195302",NA
"5068",1912,"MC195303",NA
"5069",1912,"MC195304",NA
"5070",1912,"MC195306",NA
"5071",1912,"MC195307",NA
"5072",1912,"MC195313",NA
"5073",1912,"MC195314",NA
"5074",1912,"MC195318",NA
"5075",1912,"MC195319",NA
"5076",1912,"MC195325",NA
"5077",1912,"MC195329",NA
"5078",1912,"MC216001",NA
"5079",1912,"MC216002",NA
"5080",1912,"MC216003",NA
"5081",1912,"MC216004",NA
"5082",1912,"MC216005",NA
"5083",1912,"MC216010",NA
"5084",1912,"MC216012",NA
"5085",1912,"MC216014",NA
"5086",1912,"MC216018",NA
"5087",1912,"MC216020",NA
"5088",1912,"MC216022",NA
"5089",1912,"MC216026",NA
"5090",1912,"MC216027",NA
"5091",1912,"MC216029",NA
"5092",1912,"MC216030",NA
"5093",1912,"MC216039",NA
"5094",1912,"MC231201",NA
"5095",1912,"MC231203",NA
"5096",1912,"MC231204",NA
"5097",1912,"MC231205",NA
"5098",1912,"MC231206",NA
"5099",1912,"MC231207",NA
"5100",1912,"MC231209",NA
"5101",1912,"MC231211",NA
"5102",1912,"MC231212",NA
"5103",1912,"MC231213",1.25
"5104",1912,"MC231216",NA
"5105",1912,"MC231217",NA
"5106",1912,"MC231219",NA
"5107",1912,"MC231221",NA
"5108",1912,"MC231225",NA
"5109",1912,"MC231226",NA
"5110",1912,"MC231227",NA
"5111",1912,"MC231232",NA
"5112",1912,"MC231234",NA
"5113",1912,"MC255807",NA
"5114",1912,"MC255808",NA
"5115",1912,"MC255809",NA
"5116",1912,"MC255811",NA
"5117",1912,"MC255814",NA
"5118",1912,"MC255815",2.016
"5119",1912,"MC255817",2.105
"5120",1912,"MC255824",1.621
"5121",1912,"MC255825",1.594
"5122",1912,"MC255826",NA
"5123",1912,"MC255827",1.867
"5124",1912,"MC255828",NA
"5125",1912,"MC255830",NA
"5126",1912,"MC255831",1.025
"5127",1912,"MC255833",NA
"5128",1912,"MC300001",NA
"5129",1912,"MC300017",NA
"5130",1912,"MC300018",NA
"5131",1912,"MC300022",NA
"5132",1912,"MC300023",NA
"5133",1912,"MC300024",NA
"5134",1912,"MC300026",NA
"5135",1912,"MC300027",NA
"5136",1912,"MC300028",NA
"5137",1912,"MC300032",NA
"5138",1912,"MC300033",NA
"5139",1912,"MC302801",NA
"5140",1912,"MC302803",NA
"5141",1912,"MC302807",NA
"5142",1912,"MC302810",NA
"5143",1912,"MC302813",NA
"5144",1912,"MC302819",NA
"5145",1912,"MC302820",NA
"5146",1912,"MC302825",NA
"5147",1912,"MC302827",NA
"5148",1912,"MC302829",NA
"5149",1912,"MC302831",NA
"5150",1912,"MC302833",NA
"5151",1912,"MC302834",NA
"5152",1912,"MC302835",NA
"5153",1913,"JB118309",NA
"5154",1913,"JB118312",NA
"5155",1913,"JB118313",NA
"5156",1913,"JB118316",NA
"5157",1913,"JB118317",NA
"5158",1913,"JB118318",NA
"5159",1913,"JB118320",1.097
"5160",1913,"JB118322",NA
"5161",1913,"JB118323",0.472
"5162",1913,"JB118324",1.022
"5163",1913,"JB118326",1.033
"5164",1913,"JB118327",1.776
"5165",1913,"JB118332",1.119
"5166",1913,"JB118336",2.276
"5167",1913,"JB130804",NA
"5168",1913,"JB130807",NA
"5169",1913,"JB130808",NA
"5170",1913,"JB130810",NA
"5171",1913,"JB130813",NA
"5172",1913,"JB130814",NA
"5173",1913,"JB130815",NA
"5174",1913,"JB130816",NA
"5175",1913,"JB130817",NA
"5176",1913,"JB130819",NA
"5177",1913,"JB130821",NA
"5178",1913,"JB130827",1.915
"5179",1913,"MC195302",NA
"5180",1913,"MC195303",NA
"5181",1913,"MC195304",NA
"5182",1913,"MC195306",NA
"5183",1913,"MC195307",NA
"5184",1913,"MC195313",NA
"5185",1913,"MC195314",NA
"5186",1913,"MC195318",NA
"5187",1913,"MC195319",NA
"5188",1913,"MC195325",NA
"5189",1913,"MC195329",NA
"5190",1913,"MC216001",NA
"5191",1913,"MC216002",NA
"5192",1913,"MC216003",NA
"5193",1913,"MC216004",NA
"5194",1913,"MC216005",NA
"5195",1913,"MC216010",NA
"5196",1913,"MC216012",NA
"5197",1913,"MC216014",NA
"5198",1913,"MC216018",NA
"5199",1913,"MC216020",NA
"5200",1913,"MC216022",NA
"5201",1913,"MC216026",NA
"5202",1913,"MC216027",NA
"5203",1913,"MC216029",NA
"5204",1913,"MC216030",NA
"5205",1913,"MC216039",NA
"5206",1913,"MC231201",NA
"5207",1913,"MC231203",NA
"5208",1913,"MC231204",NA
"5209",1913,"MC231205",NA
"5210",1913,"MC231206",NA
"5211",1913,"MC231207",NA
"5212",1913,"MC231209",NA
"5213",1913,"MC231211",NA
"5214",1913,"MC231212",NA
"5215",1913,"MC231213",1.255
"5216",1913,"MC231216",NA
"5217",1913,"MC231217",NA
"5218",1913,"MC231219",NA
"5219",1913,"MC231221",NA
"5220",1913,"MC231225",NA
"5221",1913,"MC231226",NA
"5222",1913,"MC231227",NA
"5223",1913,"MC231232",NA
"5224",1913,"MC231234",NA
"5225",1913,"MC255807",NA
"5226",1913,"MC255808",NA
"5227",1913,"MC255809",NA
"5228",1913,"MC255811",NA
"5229",1913,"MC255814",NA
"5230",1913,"MC255815",2.248
"5231",1913,"MC255817",2.894
"5232",1913,"MC255824",2.341
"5233",1913,"MC255825",1.596
"5234",1913,"MC255826",NA
"5235",1913,"MC255827",2.68
"5236",1913,"MC255828",NA
"5237",1913,"MC255830",NA
"5238",1913,"MC255831",1.432
"5239",1913,"MC255833",NA
"5240",1913,"MC300001",NA
"5241",1913,"MC300017",NA
"5242",1913,"MC300018",NA
"5243",1913,"MC300022",NA
"5244",1913,"MC300023",NA
"5245",1913,"MC300024",NA
"5246",1913,"MC300026",NA
"5247",1913,"MC300027",NA
"5248",1913,"MC300028",NA
"5249",1913,"MC300032",NA
"5250",1913,"MC300033",NA
"5251",1913,"MC302801",NA
"5252",1913,"MC302803",NA
"5253",1913,"MC302807",NA
"5254",1913,"MC302810",NA
"5255",1913,"MC302813",NA
"5256",1913,"MC302819",NA
"5257",1913,"MC302820",NA
"5258",1913,"MC302825",NA
"5259",1913,"MC302827",NA
"5260",1913,"MC302829",NA
"5261",1913,"MC302831",NA
"5262",1913,"MC302833",NA
"5263",1913,"MC302834",NA
"5264",1913,"MC302835",NA
"5265",1914,"JB118309",NA
"5266",1914,"JB118312",NA
"5267",1914,"JB118313",NA
"5268",1914,"JB118316",NA
"5269",1914,"JB118317",NA
"5270",1914,"JB118318",0.925
"5271",1914,"JB118320",0.433
"5272",1914,"JB118322",NA
"5273",1914,"JB118323",0.213
"5274",1914,"JB118324",0.49
"5275",1914,"JB118326",0.608
"5276",1914,"JB118327",0.951
"5277",1914,"JB118332",0.628
"5278",1914,"JB118336",0.789
"5279",1914,"JB130804",NA
"5280",1914,"JB130807",NA
"5281",1914,"JB130808",NA
"5282",1914,"JB130810",NA
"5283",1914,"JB130813",NA
"5284",1914,"JB130814",NA
"5285",1914,"JB130815",NA
"5286",1914,"JB130816",NA
"5287",1914,"JB130817",NA
"5288",1914,"JB130819",NA
"5289",1914,"JB130821",NA
"5290",1914,"JB130827",0.661
"5291",1914,"MC195302",NA
"5292",1914,"MC195303",NA
"5293",1914,"MC195304",NA
"5294",1914,"MC195306",NA
"5295",1914,"MC195307",NA
"5296",1914,"MC195313",NA
"5297",1914,"MC195314",NA
"5298",1914,"MC195318",NA
"5299",1914,"MC195319",NA
"5300",1914,"MC195325",NA
"5301",1914,"MC195329",NA
"5302",1914,"MC216001",NA
"5303",1914,"MC216002",NA
"5304",1914,"MC216003",NA
"5305",1914,"MC216004",NA
"5306",1914,"MC216005",NA
"5307",1914,"MC216010",NA
"5308",1914,"MC216012",NA
"5309",1914,"MC216014",NA
"5310",1914,"MC216018",NA
"5311",1914,"MC216020",NA
"5312",1914,"MC216022",NA
"5313",1914,"MC216026",NA
"5314",1914,"MC216027",NA
"5315",1914,"MC216029",NA
"5316",1914,"MC216030",NA
"5317",1914,"MC216039",NA
"5318",1914,"MC231201",NA
"5319",1914,"MC231203",NA
"5320",1914,"MC231204",NA
"5321",1914,"MC231205",NA
"5322",1914,"MC231206",NA
"5323",1914,"MC231207",NA
"5324",1914,"MC231209",NA
"5325",1914,"MC231211",NA
"5326",1914,"MC231212",NA
"5327",1914,"MC231213",0.956
"5328",1914,"MC231216",NA
"5329",1914,"MC231217",NA
"5330",1914,"MC231219",NA
"5331",1914,"MC231221",NA
"5332",1914,"MC231225",NA
"5333",1914,"MC231226",NA
"5334",1914,"MC231227",NA
"5335",1914,"MC231232",NA
"5336",1914,"MC231234",NA
"5337",1914,"MC255807",NA
"5338",1914,"MC255808",NA
"5339",1914,"MC255809",NA
"5340",1914,"MC255811",NA
"5341",1914,"MC255814",1.41
"5342",1914,"MC255815",0.502
"5343",1914,"MC255817",1.264
"5344",1914,"MC255824",1.293
"5345",1914,"MC255825",0.578
"5346",1914,"MC255826",NA
"5347",1914,"MC255827",1.629
"5348",1914,"MC255828",NA
"5349",1914,"MC255830",NA
"5350",1914,"MC255831",0.755
"5351",1914,"MC255833",NA
"5352",1914,"MC300001",NA
"5353",1914,"MC300017",NA
"5354",1914,"MC300018",NA
"5355",1914,"MC300022",NA
"5356",1914,"MC300023",NA
"5357",1914,"MC300024",NA
"5358",1914,"MC300026",NA
"5359",1914,"MC300027",NA
"5360",1914,"MC300028",NA
"5361",1914,"MC300032",NA
"5362",1914,"MC300033",NA
"5363",1914,"MC302801",NA
"5364",1914,"MC302803",NA
"5365",1914,"MC302807",NA
"5366",1914,"MC302810",NA
"5367",1914,"MC302813",NA
"5368",1914,"MC302819",NA
"5369",1914,"MC302820",NA
"5370",1914,"MC302825",NA
"5371",1914,"MC302827",NA
"5372",1914,"MC302829",NA
"5373",1914,"MC302831",NA
"5374",1914,"MC302833",NA
"5375",1914,"MC302834",NA
"5376",1914,"MC302835",NA
"5377",1915,"JB118309",NA
"5378",1915,"JB118312",NA
"5379",1915,"JB118313",NA
"5380",1915,"JB118316",NA
"5381",1915,"JB118317",NA
"5382",1915,"JB118318",1.34
"5383",1915,"JB118320",0.638
"5384",1915,"JB118322",NA
"5385",1915,"JB118323",0.47
"5386",1915,"JB118324",0.869
"5387",1915,"JB118326",0.765
"5388",1915,"JB118327",1.09
"5389",1915,"JB118332",1.068
"5390",1915,"JB118336",0.906
"5391",1915,"JB130804",NA
"5392",1915,"JB130807",NA
"5393",1915,"JB130808",NA
"5394",1915,"JB130810",NA
"5395",1915,"JB130813",NA
"5396",1915,"JB130814",NA
"5397",1915,"JB130815",NA
"5398",1915,"JB130816",NA
"5399",1915,"JB130817",NA
"5400",1915,"JB130819",NA
"5401",1915,"JB130821",NA
"5402",1915,"JB130827",1.163
"5403",1915,"MC195302",NA
"5404",1915,"MC195303",NA
"5405",1915,"MC195304",NA
"5406",1915,"MC195306",NA
"5407",1915,"MC195307",NA
"5408",1915,"MC195313",NA
"5409",1915,"MC195314",NA
"5410",1915,"MC195318",NA
"5411",1915,"MC195319",NA
"5412",1915,"MC195325",NA
"5413",1915,"MC195329",NA
"5414",1915,"MC216001",NA
"5415",1915,"MC216002",NA
"5416",1915,"MC216003",NA
"5417",1915,"MC216004",NA
"5418",1915,"MC216005",NA
"5419",1915,"MC216010",NA
"5420",1915,"MC216012",NA
"5421",1915,"MC216014",NA
"5422",1915,"MC216018",NA
"5423",1915,"MC216020",NA
"5424",1915,"MC216022",NA
"5425",1915,"MC216026",NA
"5426",1915,"MC216027",NA
"5427",1915,"MC216029",NA
"5428",1915,"MC216030",NA
"5429",1915,"MC216039",NA
"5430",1915,"MC231201",NA
"5431",1915,"MC231203",NA
"5432",1915,"MC231204",NA
"5433",1915,"MC231205",NA
"5434",1915,"MC231206",NA
"5435",1915,"MC231207",NA
"5436",1915,"MC231209",NA
"5437",1915,"MC231211",NA
"5438",1915,"MC231212",NA
"5439",1915,"MC231213",0.262
"5440",1915,"MC231216",NA
"5441",1915,"MC231217",NA
"5442",1915,"MC231219",NA
"5443",1915,"MC231221",NA
"5444",1915,"MC231225",NA
"5445",1915,"MC231226",NA
"5446",1915,"MC231227",NA
"5447",1915,"MC231232",NA
"5448",1915,"MC231234",NA
"5449",1915,"MC255807",NA
"5450",1915,"MC255808",NA
"5451",1915,"MC255809",NA
"5452",1915,"MC255811",NA
"5453",1915,"MC255814",0.649
"5454",1915,"MC255815",0.416
"5455",1915,"MC255817",0.83
"5456",1915,"MC255824",1.474
"5457",1915,"MC255825",0.228
"5458",1915,"MC255826",NA
"5459",1915,"MC255827",1.243
"5460",1915,"MC255828",NA
"5461",1915,"MC255830",NA
"5462",1915,"MC255831",0.405
"5463",1915,"MC255833",NA
"5464",1915,"MC300001",NA
"5465",1915,"MC300017",NA
"5466",1915,"MC300018",NA
"5467",1915,"MC300022",NA
"5468",1915,"MC300023",NA
"5469",1915,"MC300024",NA
"5470",1915,"MC300026",NA
"5471",1915,"MC300027",NA
"5472",1915,"MC300028",NA
"5473",1915,"MC300032",NA
"5474",1915,"MC300033",NA
"5475",1915,"MC302801",NA
"5476",1915,"MC302803",NA
"5477",1915,"MC302807",NA
"5478",1915,"MC302810",NA
"5479",1915,"MC302813",NA
"5480",1915,"MC302819",NA
"5481",1915,"MC302820",NA
"5482",1915,"MC302825",NA
"5483",1915,"MC302827",NA
"5484",1915,"MC302829",NA
"5485",1915,"MC302831",NA
"5486",1915,"MC302833",NA
"5487",1915,"MC302834",NA
"5488",1915,"MC302835",NA
"5489",1916,"JB118309",NA
"5490",1916,"JB118312",NA
"5491",1916,"JB118313",NA
"5492",1916,"JB118316",NA
"5493",1916,"JB118317",NA
"5494",1916,"JB118318",1.694
"5495",1916,"JB118320",0.795
"5496",1916,"JB118322",NA
"5497",1916,"JB118323",0.528
"5498",1916,"JB118324",1.172
"5499",1916,"JB118326",0.885
"5500",1916,"JB118327",1.584
"5501",1916,"JB118332",0.889
"5502",1916,"JB118336",0.872
"5503",1916,"JB130804",NA
"5504",1916,"JB130807",NA
"5505",1916,"JB130808",NA
"5506",1916,"JB130810",NA
"5507",1916,"JB130813",NA
"5508",1916,"JB130814",NA
"5509",1916,"JB130815",NA
"5510",1916,"JB130816",NA
"5511",1916,"JB130817",NA
"5512",1916,"JB130819",NA
"5513",1916,"JB130821",NA
"5514",1916,"JB130827",1.668
"5515",1916,"MC195302",NA
"5516",1916,"MC195303",NA
"5517",1916,"MC195304",NA
"5518",1916,"MC195306",0.244
"5519",1916,"MC195307",NA
"5520",1916,"MC195313",NA
"5521",1916,"MC195314",NA
"5522",1916,"MC195318",NA
"5523",1916,"MC195319",NA
"5524",1916,"MC195325",NA
"5525",1916,"MC195329",NA
"5526",1916,"MC216001",NA
"5527",1916,"MC216002",NA
"5528",1916,"MC216003",NA
"5529",1916,"MC216004",NA
"5530",1916,"MC216005",NA
"5531",1916,"MC216010",NA
"5532",1916,"MC216012",NA
"5533",1916,"MC216014",NA
"5534",1916,"MC216018",NA
"5535",1916,"MC216020",NA
"5536",1916,"MC216022",NA
"5537",1916,"MC216026",NA
"5538",1916,"MC216027",NA
"5539",1916,"MC216029",NA
"5540",1916,"MC216030",NA
"5541",1916,"MC216039",NA
"5542",1916,"MC231201",NA
"5543",1916,"MC231203",NA
"5544",1916,"MC231204",0.919
"5545",1916,"MC231205",NA
"5546",1916,"MC231206",NA
"5547",1916,"MC231207",NA
"5548",1916,"MC231209",NA
"5549",1916,"MC231211",NA
"5550",1916,"MC231212",NA
"5551",1916,"MC231213",0.71
"5552",1916,"MC231216",NA
"5553",1916,"MC231217",NA
"5554",1916,"MC231219",NA
"5555",1916,"MC231221",NA
"5556",1916,"MC231225",NA
"5557",1916,"MC231226",NA
"5558",1916,"MC231227",NA
"5559",1916,"MC231232",NA
"5560",1916,"MC231234",NA
"5561",1916,"MC255807",NA
"5562",1916,"MC255808",NA
"5563",1916,"MC255809",NA
"5564",1916,"MC255811",NA
"5565",1916,"MC255814",0.422
"5566",1916,"MC255815",0.583
"5567",1916,"MC255817",0.892
"5568",1916,"MC255824",1.411
"5569",1916,"MC255825",0.93
"5570",1916,"MC255826",NA
"5571",1916,"MC255827",1.148
"5572",1916,"MC255828",NA
"5573",1916,"MC255830",NA
"5574",1916,"MC255831",0.328
"5575",1916,"MC255833",NA
"5576",1916,"MC300001",NA
"5577",1916,"MC300017",NA
"5578",1916,"MC300018",NA
"5579",1916,"MC300022",NA
"5580",1916,"MC300023",NA
"5581",1916,"MC300024",NA
"5582",1916,"MC300026",NA
"5583",1916,"MC300027",NA
"5584",1916,"MC300028",NA
"5585",1916,"MC300032",NA
"5586",1916,"MC300033",NA
"5587",1916,"MC302801",NA
"5588",1916,"MC302803",NA
"5589",1916,"MC302807",NA
"5590",1916,"MC302810",NA
"5591",1916,"MC302813",NA
"5592",1916,"MC302819",NA
"5593",1916,"MC302820",NA
"5594",1916,"MC302825",NA
"5595",1916,"MC302827",NA
"5596",1916,"MC302829",NA
"5597",1916,"MC302831",NA
"5598",1916,"MC302833",NA
"5599",1916,"MC302834",NA
"5600",1916,"MC302835",NA
"5601",1917,"JB118309",NA
"5602",1917,"JB118312",NA
"5603",1917,"JB118313",NA
"5604",1917,"JB118316",NA
"5605",1917,"JB118317",NA
"5606",1917,"JB118318",1.403
"5607",1917,"JB118320",1.226
"5608",1917,"JB118322",1.333
"5609",1917,"JB118323",0.502
"5610",1917,"JB118324",1.223
"5611",1917,"JB118326",1.166
"5612",1917,"JB118327",1.672
"5613",1917,"JB118332",1.069
"5614",1917,"JB118336",1.031
"5615",1917,"JB130804",NA
"5616",1917,"JB130807",NA
"5617",1917,"JB130808",NA
"5618",1917,"JB130810",NA
"5619",1917,"JB130813",NA
"5620",1917,"JB130814",NA
"5621",1917,"JB130815",NA
"5622",1917,"JB130816",NA
"5623",1917,"JB130817",NA
"5624",1917,"JB130819",NA
"5625",1917,"JB130821",NA
"5626",1917,"JB130827",1.992
"5627",1917,"MC195302",NA
"5628",1917,"MC195303",NA
"5629",1917,"MC195304",NA
"5630",1917,"MC195306",0.295
"5631",1917,"MC195307",NA
"5632",1917,"MC195313",NA
"5633",1917,"MC195314",NA
"5634",1917,"MC195318",NA
"5635",1917,"MC195319",NA
"5636",1917,"MC195325",NA
"5637",1917,"MC195329",NA
"5638",1917,"MC216001",NA
"5639",1917,"MC216002",NA
"5640",1917,"MC216003",NA
"5641",1917,"MC216004",NA
"5642",1917,"MC216005",NA
"5643",1917,"MC216010",NA
"5644",1917,"MC216012",NA
"5645",1917,"MC216014",NA
"5646",1917,"MC216018",NA
"5647",1917,"MC216020",NA
"5648",1917,"MC216022",NA
"5649",1917,"MC216026",NA
"5650",1917,"MC216027",NA
"5651",1917,"MC216029",NA
"5652",1917,"MC216030",NA
"5653",1917,"MC216039",NA
"5654",1917,"MC231201",NA
"5655",1917,"MC231203",NA
"5656",1917,"MC231204",1.64
"5657",1917,"MC231205",NA
"5658",1917,"MC231206",NA
"5659",1917,"MC231207",NA
"5660",1917,"MC231209",NA
"5661",1917,"MC231211",NA
"5662",1917,"MC231212",NA
"5663",1917,"MC231213",0.976
"5664",1917,"MC231216",NA
"5665",1917,"MC231217",NA
"5666",1917,"MC231219",NA
"5667",1917,"MC231221",NA
"5668",1917,"MC231225",NA
"5669",1917,"MC231226",NA
"5670",1917,"MC231227",NA
"5671",1917,"MC231232",NA
"5672",1917,"MC231234",NA
"5673",1917,"MC255807",NA
"5674",1917,"MC255808",NA
"5675",1917,"MC255809",NA
"5676",1917,"MC255811",NA
"5677",1917,"MC255814",0.978
"5678",1917,"MC255815",0.732
"5679",1917,"MC255817",0.723
"5680",1917,"MC255824",1.402
"5681",1917,"MC255825",1.342
"5682",1917,"MC255826",NA
"5683",1917,"MC255827",1.514
"5684",1917,"MC255828",NA
"5685",1917,"MC255830",NA
"5686",1917,"MC255831",0.386
"5687",1917,"MC255833",NA
"5688",1917,"MC300001",NA
"5689",1917,"MC300017",NA
"5690",1917,"MC300018",NA
"5691",1917,"MC300022",NA
"5692",1917,"MC300023",NA
"5693",1917,"MC300024",NA
"5694",1917,"MC300026",NA
"5695",1917,"MC300027",NA
"5696",1917,"MC300028",NA
"5697",1917,"MC300032",NA
"5698",1917,"MC300033",NA
"5699",1917,"MC302801",NA
"5700",1917,"MC302803",NA
"5701",1917,"MC302807",NA
"5702",1917,"MC302810",NA
"5703",1917,"MC302813",NA
"5704",1917,"MC302819",NA
"5705",1917,"MC302820",NA
"5706",1917,"MC302825",NA
"5707",1917,"MC302827",NA
"5708",1917,"MC302829",NA
"5709",1917,"MC302831",NA
"5710",1917,"MC302833",NA
"5711",1917,"MC302834",NA
"5712",1917,"MC302835",NA
"5713",1918,"JB118309",NA
"5714",1918,"JB118312",NA
"5715",1918,"JB118313",NA
"5716",1918,"JB118316",NA
"5717",1918,"JB118317",NA
"5718",1918,"JB118318",1.458
"5719",1918,"JB118320",0.869
"5720",1918,"JB118322",1.333
"5721",1918,"JB118323",0.673
"5722",1918,"JB118324",1.247
"5723",1918,"JB118326",0.859
"5724",1918,"JB118327",1.304
"5725",1918,"JB118332",0.774
"5726",1918,"JB118336",1.311
"5727",1918,"JB130804",NA
"5728",1918,"JB130807",NA
"5729",1918,"JB130808",NA
"5730",1918,"JB130810",NA
"5731",1918,"JB130813",NA
"5732",1918,"JB130814",NA
"5733",1918,"JB130815",NA
"5734",1918,"JB130816",NA
"5735",1918,"JB130817",NA
"5736",1918,"JB130819",NA
"5737",1918,"JB130821",NA
"5738",1918,"JB130827",1.494
"5739",1918,"MC195302",NA
"5740",1918,"MC195303",NA
"5741",1918,"MC195304",NA
"5742",1918,"MC195306",0.251
"5743",1918,"MC195307",NA
"5744",1918,"MC195313",NA
"5745",1918,"MC195314",NA
"5746",1918,"MC195318",NA
"5747",1918,"MC195319",NA
"5748",1918,"MC195325",NA
"5749",1918,"MC195329",NA
"5750",1918,"MC216001",NA
"5751",1918,"MC216002",NA
"5752",1918,"MC216003",NA
"5753",1918,"MC216004",NA
"5754",1918,"MC216005",NA
"5755",1918,"MC216010",NA
"5756",1918,"MC216012",NA
"5757",1918,"MC216014",NA
"5758",1918,"MC216018",NA
"5759",1918,"MC216020",NA
"5760",1918,"MC216022",NA
"5761",1918,"MC216026",NA
"5762",1918,"MC216027",NA
"5763",1918,"MC216029",NA
"5764",1918,"MC216030",NA
"5765",1918,"MC216039",NA
"5766",1918,"MC231201",NA
"5767",1918,"MC231203",NA
"5768",1918,"MC231204",1.183
"5769",1918,"MC231205",NA
"5770",1918,"MC231206",NA
"5771",1918,"MC231207",NA
"5772",1918,"MC231209",NA
"5773",1918,"MC231211",NA
"5774",1918,"MC231212",NA
"5775",1918,"MC231213",1.566
"5776",1918,"MC231216",NA
"5777",1918,"MC231217",NA
"5778",1918,"MC231219",NA
"5779",1918,"MC231221",NA
"5780",1918,"MC231225",NA
"5781",1918,"MC231226",NA
"5782",1918,"MC231227",NA
"5783",1918,"MC231232",NA
"5784",1918,"MC231234",NA
"5785",1918,"MC255807",NA
"5786",1918,"MC255808",NA
"5787",1918,"MC255809",NA
"5788",1918,"MC255811",NA
"5789",1918,"MC255814",1.316
"5790",1918,"MC255815",1.378
"5791",1918,"MC255817",0.977
"5792",1918,"MC255824",1.157
"5793",1918,"MC255825",1.029
"5794",1918,"MC255826",NA
"5795",1918,"MC255827",1.288
"5796",1918,"MC255828",NA
"5797",1918,"MC255830",NA
"5798",1918,"MC255831",0.86
"5799",1918,"MC255833",NA
"5800",1918,"MC300001",NA
"5801",1918,"MC300017",NA
"5802",1918,"MC300018",NA
"5803",1918,"MC300022",NA
"5804",1918,"MC300023",NA
"5805",1918,"MC300024",NA
"5806",1918,"MC300026",NA
"5807",1918,"MC300027",NA
"5808",1918,"MC300028",NA
"5809",1918,"MC300032",NA
"5810",1918,"MC300033",NA
"5811",1918,"MC302801",NA
"5812",1918,"MC302803",NA
"5813",1918,"MC302807",NA
"5814",1918,"MC302810",NA
"5815",1918,"MC302813",NA
"5816",1918,"MC302819",NA
"5817",1918,"MC302820",NA
"5818",1918,"MC302825",NA
"5819",1918,"MC302827",NA
"5820",1918,"MC302829",NA
"5821",1918,"MC302831",NA
"5822",1918,"MC302833",NA
"5823",1918,"MC302834",NA
"5824",1918,"MC302835",NA
"5825",1919,"JB118309",NA
"5826",1919,"JB118312",NA
"5827",1919,"JB118313",NA
"5828",1919,"JB118316",NA
"5829",1919,"JB118317",NA
"5830",1919,"JB118318",0.607
"5831",1919,"JB118320",0.072
"5832",1919,"JB118322",0.722
"5833",1919,"JB118323",0.136
"5834",1919,"JB118324",0.193
"5835",1919,"JB118326",0.09
"5836",1919,"JB118327",0.187
"5837",1919,"JB118332",0.158
"5838",1919,"JB118336",0.117
"5839",1919,"JB130804",NA
"5840",1919,"JB130807",NA
"5841",1919,"JB130808",NA
"5842",1919,"JB130810",NA
"5843",1919,"JB130813",NA
"5844",1919,"JB130814",NA
"5845",1919,"JB130815",NA
"5846",1919,"JB130816",NA
"5847",1919,"JB130817",NA
"5848",1919,"JB130819",NA
"5849",1919,"JB130821",NA
"5850",1919,"JB130827",0.43
"5851",1919,"MC195302",NA
"5852",1919,"MC195303",NA
"5853",1919,"MC195304",NA
"5854",1919,"MC195306",0.129
"5855",1919,"MC195307",NA
"5856",1919,"MC195313",NA
"5857",1919,"MC195314",NA
"5858",1919,"MC195318",NA
"5859",1919,"MC195319",NA
"5860",1919,"MC195325",NA
"5861",1919,"MC195329",NA
"5862",1919,"MC216001",NA
"5863",1919,"MC216002",NA
"5864",1919,"MC216003",NA
"5865",1919,"MC216004",NA
"5866",1919,"MC216005",NA
"5867",1919,"MC216010",NA
"5868",1919,"MC216012",NA
"5869",1919,"MC216014",NA
"5870",1919,"MC216018",NA
"5871",1919,"MC216020",NA
"5872",1919,"MC216022",NA
"5873",1919,"MC216026",NA
"5874",1919,"MC216027",NA
"5875",1919,"MC216029",NA
"5876",1919,"MC216030",NA
"5877",1919,"MC216039",NA
"5878",1919,"MC231201",NA
"5879",1919,"MC231203",NA
"5880",1919,"MC231204",1.762
"5881",1919,"MC231205",NA
"5882",1919,"MC231206",NA
"5883",1919,"MC231207",NA
"5884",1919,"MC231209",NA
"5885",1919,"MC231211",NA
"5886",1919,"MC231212",NA
"5887",1919,"MC231213",2.058
"5888",1919,"MC231216",NA
"5889",1919,"MC231217",NA
"5890",1919,"MC231219",NA
"5891",1919,"MC231221",NA
"5892",1919,"MC231225",NA
"5893",1919,"MC231226",NA
"5894",1919,"MC231227",NA
"5895",1919,"MC231232",NA
"5896",1919,"MC231234",NA
"5897",1919,"MC255807",NA
"5898",1919,"MC255808",NA
"5899",1919,"MC255809",NA
"5900",1919,"MC255811",NA
"5901",1919,"MC255814",0.62
"5902",1919,"MC255815",1.034
"5903",1919,"MC255817",1.043
"5904",1919,"MC255824",0.783
"5905",1919,"MC255825",0.536
"5906",1919,"MC255826",NA
"5907",1919,"MC255827",1.054
"5908",1919,"MC255828",NA
"5909",1919,"MC255830",NA
"5910",1919,"MC255831",0.482
"5911",1919,"MC255833",NA
"5912",1919,"MC300001",NA
"5913",1919,"MC300017",NA
"5914",1919,"MC300018",NA
"5915",1919,"MC300022",NA
"5916",1919,"MC300023",NA
"5917",1919,"MC300024",NA
"5918",1919,"MC300026",NA
"5919",1919,"MC300027",NA
"5920",1919,"MC300028",NA
"5921",1919,"MC300032",NA
"5922",1919,"MC300033",NA
"5923",1919,"MC302801",NA
"5924",1919,"MC302803",NA
"5925",1919,"MC302807",NA
"5926",1919,"MC302810",NA
"5927",1919,"MC302813",NA
"5928",1919,"MC302819",NA
"5929",1919,"MC302820",NA
"5930",1919,"MC302825",NA
"5931",1919,"MC302827",NA
"5932",1919,"MC302829",NA
"5933",1919,"MC302831",NA
"5934",1919,"MC302833",NA
"5935",1919,"MC302834",NA
"5936",1919,"MC302835",NA
"5937",1920,"JB118309",NA
"5938",1920,"JB118312",NA
"5939",1920,"JB118313",NA
"5940",1920,"JB118316",NA
"5941",1920,"JB118317",NA
"5942",1920,"JB118318",1.151
"5943",1920,"JB118320",0.854
"5944",1920,"JB118322",1.496
"5945",1920,"JB118323",0.296
"5946",1920,"JB118324",1
"5947",1920,"JB118326",0.823
"5948",1920,"JB118327",0.957
"5949",1920,"JB118332",0.698
"5950",1920,"JB118336",0.662
"5951",1920,"JB130804",NA
"5952",1920,"JB130807",NA
"5953",1920,"JB130808",NA
"5954",1920,"JB130810",NA
"5955",1920,"JB130813",NA
"5956",1920,"JB130814",NA
"5957",1920,"JB130815",NA
"5958",1920,"JB130816",NA
"5959",1920,"JB130817",NA
"5960",1920,"JB130819",NA
"5961",1920,"JB130821",NA
"5962",1920,"JB130827",2.545
"5963",1920,"MC195302",NA
"5964",1920,"MC195303",NA
"5965",1920,"MC195304",NA
"5966",1920,"MC195306",0.053
"5967",1920,"MC195307",NA
"5968",1920,"MC195313",NA
"5969",1920,"MC195314",NA
"5970",1920,"MC195318",NA
"5971",1920,"MC195319",NA
"5972",1920,"MC195325",NA
"5973",1920,"MC195329",NA
"5974",1920,"MC216001",NA
"5975",1920,"MC216002",NA
"5976",1920,"MC216003",NA
"5977",1920,"MC216004",NA
"5978",1920,"MC216005",NA
"5979",1920,"MC216010",NA
"5980",1920,"MC216012",NA
"5981",1920,"MC216014",NA
"5982",1920,"MC216018",NA
"5983",1920,"MC216020",NA
"5984",1920,"MC216022",NA
"5985",1920,"MC216026",NA
"5986",1920,"MC216027",NA
"5987",1920,"MC216029",NA
"5988",1920,"MC216030",NA
"5989",1920,"MC216039",NA
"5990",1920,"MC231201",NA
"5991",1920,"MC231203",NA
"5992",1920,"MC231204",0.743
"5993",1920,"MC231205",NA
"5994",1920,"MC231206",NA
"5995",1920,"MC231207",NA
"5996",1920,"MC231209",NA
"5997",1920,"MC231211",NA
"5998",1920,"MC231212",NA
"5999",1920,"MC231213",0.671
"6000",1920,"MC231216",NA
"6001",1920,"MC231217",NA
"6002",1920,"MC231219",NA
"6003",1920,"MC231221",NA
"6004",1920,"MC231225",NA
"6005",1920,"MC231226",NA
"6006",1920,"MC231227",NA
"6007",1920,"MC231232",NA
"6008",1920,"MC231234",NA
"6009",1920,"MC255807",NA
"6010",1920,"MC255808",NA
"6011",1920,"MC255809",NA
"6012",1920,"MC255811",NA
"6013",1920,"MC255814",0.934
"6014",1920,"MC255815",1.129
"6015",1920,"MC255817",0.966
"6016",1920,"MC255824",1.465
"6017",1920,"MC255825",0.939
"6018",1920,"MC255826",NA
"6019",1920,"MC255827",1.331
"6020",1920,"MC255828",NA
"6021",1920,"MC255830",NA
"6022",1920,"MC255831",0.602
"6023",1920,"MC255833",NA
"6024",1920,"MC300001",NA
"6025",1920,"MC300017",NA
"6026",1920,"MC300018",NA
"6027",1920,"MC300022",NA
"6028",1920,"MC300023",NA
"6029",1920,"MC300024",NA
"6030",1920,"MC300026",NA
"6031",1920,"MC300027",NA
"6032",1920,"MC300028",NA
"6033",1920,"MC300032",NA
"6034",1920,"MC300033",NA
"6035",1920,"MC302801",NA
"6036",1920,"MC302803",NA
"6037",1920,"MC302807",NA
"6038",1920,"MC302810",NA
"6039",1920,"MC302813",NA
"6040",1920,"MC302819",NA
"6041",1920,"MC302820",NA
"6042",1920,"MC302825",NA
"6043",1920,"MC302827",NA
"6044",1920,"MC302829",NA
"6045",1920,"MC302831",NA
"6046",1920,"MC302833",NA
"6047",1920,"MC302834",NA
"6048",1920,"MC302835",NA
"6049",1921,"JB118309",NA
"6050",1921,"JB118312",NA
"6051",1921,"JB118313",NA
"6052",1921,"JB118316",NA
"6053",1921,"JB118317",NA
"6054",1921,"JB118318",0.908
"6055",1921,"JB118320",0.804
"6056",1921,"JB118322",0.43
"6057",1921,"JB118323",0.195
"6058",1921,"JB118324",1.199
"6059",1921,"JB118326",0.548
"6060",1921,"JB118327",0.875
"6061",1921,"JB118332",0.484
"6062",1921,"JB118336",0.686
"6063",1921,"JB130804",NA
"6064",1921,"JB130807",NA
"6065",1921,"JB130808",NA
"6066",1921,"JB130810",NA
"6067",1921,"JB130813",NA
"6068",1921,"JB130814",NA
"6069",1921,"JB130815",NA
"6070",1921,"JB130816",NA
"6071",1921,"JB130817",NA
"6072",1921,"JB130819",NA
"6073",1921,"JB130821",NA
"6074",1921,"JB130827",1.233
"6075",1921,"MC195302",NA
"6076",1921,"MC195303",NA
"6077",1921,"MC195304",NA
"6078",1921,"MC195306",0.083
"6079",1921,"MC195307",NA
"6080",1921,"MC195313",NA
"6081",1921,"MC195314",NA
"6082",1921,"MC195318",NA
"6083",1921,"MC195319",NA
"6084",1921,"MC195325",NA
"6085",1921,"MC195329",NA
"6086",1921,"MC216001",NA
"6087",1921,"MC216002",NA
"6088",1921,"MC216003",NA
"6089",1921,"MC216004",NA
"6090",1921,"MC216005",NA
"6091",1921,"MC216010",NA
"6092",1921,"MC216012",NA
"6093",1921,"MC216014",NA
"6094",1921,"MC216018",NA
"6095",1921,"MC216020",NA
"6096",1921,"MC216022",NA
"6097",1921,"MC216026",NA
"6098",1921,"MC216027",NA
"6099",1921,"MC216029",NA
"6100",1921,"MC216030",NA
"6101",1921,"MC216039",NA
"6102",1921,"MC231201",NA
"6103",1921,"MC231203",NA
"6104",1921,"MC231204",0.653
"6105",1921,"MC231205",NA
"6106",1921,"MC231206",NA
"6107",1921,"MC231207",NA
"6108",1921,"MC231209",NA
"6109",1921,"MC231211",NA
"6110",1921,"MC231212",NA
"6111",1921,"MC231213",0.76
"6112",1921,"MC231216",NA
"6113",1921,"MC231217",NA
"6114",1921,"MC231219",NA
"6115",1921,"MC231221",NA
"6116",1921,"MC231225",NA
"6117",1921,"MC231226",NA
"6118",1921,"MC231227",NA
"6119",1921,"MC231232",NA
"6120",1921,"MC231234",NA
"6121",1921,"MC255807",0.877
"6122",1921,"MC255808",NA
"6123",1921,"MC255809",NA
"6124",1921,"MC255811",NA
"6125",1921,"MC255814",0.945
"6126",1921,"MC255815",1.042
"6127",1921,"MC255817",1.09
"6128",1921,"MC255824",1.716
"6129",1921,"MC255825",1.508
"6130",1921,"MC255826",NA
"6131",1921,"MC255827",1.572
"6132",1921,"MC255828",NA
"6133",1921,"MC255830",NA
"6134",1921,"MC255831",0.532
"6135",1921,"MC255833",NA
"6136",1921,"MC300001",NA
"6137",1921,"MC300017",NA
"6138",1921,"MC300018",NA
"6139",1921,"MC300022",NA
"6140",1921,"MC300023",NA
"6141",1921,"MC300024",NA
"6142",1921,"MC300026",NA
"6143",1921,"MC300027",NA
"6144",1921,"MC300028",NA
"6145",1921,"MC300032",NA
"6146",1921,"MC300033",NA
"6147",1921,"MC302801",NA
"6148",1921,"MC302803",NA
"6149",1921,"MC302807",NA
"6150",1921,"MC302810",NA
"6151",1921,"MC302813",NA
"6152",1921,"MC302819",NA
"6153",1921,"MC302820",NA
"6154",1921,"MC302825",NA
"6155",1921,"MC302827",NA
"6156",1921,"MC302829",NA
"6157",1921,"MC302831",NA
"6158",1921,"MC302833",NA
"6159",1921,"MC302834",NA
"6160",1921,"MC302835",NA
"6161",1922,"JB118309",NA
"6162",1922,"JB118312",NA
"6163",1922,"JB118313",NA
"6164",1922,"JB118316",NA
"6165",1922,"JB118317",NA
"6166",1922,"JB118318",0.894
"6167",1922,"JB118320",0.407
"6168",1922,"JB118322",0.779
"6169",1922,"JB118323",0.204
"6170",1922,"JB118324",0.729
"6171",1922,"JB118326",0.443
"6172",1922,"JB118327",0.448
"6173",1922,"JB118332",0.396
"6174",1922,"JB118336",0.505
"6175",1922,"JB130804",NA
"6176",1922,"JB130807",NA
"6177",1922,"JB130808",NA
"6178",1922,"JB130810",NA
"6179",1922,"JB130813",NA
"6180",1922,"JB130814",NA
"6181",1922,"JB130815",NA
"6182",1922,"JB130816",NA
"6183",1922,"JB130817",NA
"6184",1922,"JB130819",NA
"6185",1922,"JB130821",NA
"6186",1922,"JB130827",0.928
"6187",1922,"MC195302",NA
"6188",1922,"MC195303",NA
"6189",1922,"MC195304",NA
"6190",1922,"MC195306",0.175
"6191",1922,"MC195307",NA
"6192",1922,"MC195313",NA
"6193",1922,"MC195314",NA
"6194",1922,"MC195318",NA
"6195",1922,"MC195319",NA
"6196",1922,"MC195325",NA
"6197",1922,"MC195329",NA
"6198",1922,"MC216001",NA
"6199",1922,"MC216002",NA
"6200",1922,"MC216003",NA
"6201",1922,"MC216004",NA
"6202",1922,"MC216005",NA
"6203",1922,"MC216010",NA
"6204",1922,"MC216012",NA
"6205",1922,"MC216014",NA
"6206",1922,"MC216018",NA
"6207",1922,"MC216020",NA
"6208",1922,"MC216022",NA
"6209",1922,"MC216026",NA
"6210",1922,"MC216027",NA
"6211",1922,"MC216029",NA
"6212",1922,"MC216030",NA
"6213",1922,"MC216039",NA
"6214",1922,"MC231201",1.794
"6215",1922,"MC231203",NA
"6216",1922,"MC231204",1.499
"6217",1922,"MC231205",NA
"6218",1922,"MC231206",NA
"6219",1922,"MC231207",NA
"6220",1922,"MC231209",NA
"6221",1922,"MC231211",NA
"6222",1922,"MC231212",NA
"6223",1922,"MC231213",2.235
"6224",1922,"MC231216",NA
"6225",1922,"MC231217",NA
"6226",1922,"MC231219",NA
"6227",1922,"MC231221",NA
"6228",1922,"MC231225",NA
"6229",1922,"MC231226",NA
"6230",1922,"MC231227",NA
"6231",1922,"MC231232",NA
"6232",1922,"MC231234",NA
"6233",1922,"MC255807",0.939
"6234",1922,"MC255808",NA
"6235",1922,"MC255809",NA
"6236",1922,"MC255811",NA
"6237",1922,"MC255814",0.714
"6238",1922,"MC255815",0.576
"6239",1922,"MC255817",0.767
"6240",1922,"MC255824",1.361
"6241",1922,"MC255825",1.314
"6242",1922,"MC255826",NA
"6243",1922,"MC255827",1.041
"6244",1922,"MC255828",NA
"6245",1922,"MC255830",NA
"6246",1922,"MC255831",0.997
"6247",1922,"MC255833",NA
"6248",1922,"MC300001",NA
"6249",1922,"MC300017",NA
"6250",1922,"MC300018",NA
"6251",1922,"MC300022",NA
"6252",1922,"MC300023",NA
"6253",1922,"MC300024",NA
"6254",1922,"MC300026",NA
"6255",1922,"MC300027",NA
"6256",1922,"MC300028",NA
"6257",1922,"MC300032",NA
"6258",1922,"MC300033",NA
"6259",1922,"MC302801",NA
"6260",1922,"MC302803",NA
"6261",1922,"MC302807",NA
"6262",1922,"MC302810",NA
"6263",1922,"MC302813",NA
"6264",1922,"MC302819",NA
"6265",1922,"MC302820",NA
"6266",1922,"MC302825",NA
"6267",1922,"MC302827",NA
"6268",1922,"MC302829",NA
"6269",1922,"MC302831",NA
"6270",1922,"MC302833",NA
"6271",1922,"MC302834",NA
"6272",1922,"MC302835",NA
"6273",1923,"JB118309",NA
"6274",1923,"JB118312",NA
"6275",1923,"JB118313",NA
"6276",1923,"JB118316",NA
"6277",1923,"JB118317",NA
"6278",1923,"JB118318",0.783
"6279",1923,"JB118320",0.774
"6280",1923,"JB118322",0.73
"6281",1923,"JB118323",0.31
"6282",1923,"JB118324",0.864
"6283",1923,"JB118326",0.571
"6284",1923,"JB118327",0.6
"6285",1923,"JB118332",0.496
"6286",1923,"JB118336",0.618
"6287",1923,"JB130804",NA
"6288",1923,"JB130807",NA
"6289",1923,"JB130808",NA
"6290",1923,"JB130810",NA
"6291",1923,"JB130813",NA
"6292",1923,"JB130814",NA
"6293",1923,"JB130815",NA
"6294",1923,"JB130816",NA
"6295",1923,"JB130817",NA
"6296",1923,"JB130819",NA
"6297",1923,"JB130821",NA
"6298",1923,"JB130827",0.537
"6299",1923,"MC195302",NA
"6300",1923,"MC195303",NA
"6301",1923,"MC195304",NA
"6302",1923,"MC195306",0.132
"6303",1923,"MC195307",NA
"6304",1923,"MC195313",NA
"6305",1923,"MC195314",NA
"6306",1923,"MC195318",NA
"6307",1923,"MC195319",NA
"6308",1923,"MC195325",NA
"6309",1923,"MC195329",NA
"6310",1923,"MC216001",NA
"6311",1923,"MC216002",NA
"6312",1923,"MC216003",NA
"6313",1923,"MC216004",NA
"6314",1923,"MC216005",NA
"6315",1923,"MC216010",NA
"6316",1923,"MC216012",NA
"6317",1923,"MC216014",NA
"6318",1923,"MC216018",NA
"6319",1923,"MC216020",NA
"6320",1923,"MC216022",NA
"6321",1923,"MC216026",NA
"6322",1923,"MC216027",NA
"6323",1923,"MC216029",NA
"6324",1923,"MC216030",NA
"6325",1923,"MC216039",NA
"6326",1923,"MC231201",1.215
"6327",1923,"MC231203",NA
"6328",1923,"MC231204",0.878
"6329",1923,"MC231205",NA
"6330",1923,"MC231206",1.04
"6331",1923,"MC231207",NA
"6332",1923,"MC231209",NA
"6333",1923,"MC231211",NA
"6334",1923,"MC231212",NA
"6335",1923,"MC231213",1.387
"6336",1923,"MC231216",NA
"6337",1923,"MC231217",NA
"6338",1923,"MC231219",NA
"6339",1923,"MC231221",NA
"6340",1923,"MC231225",NA
"6341",1923,"MC231226",NA
"6342",1923,"MC231227",NA
"6343",1923,"MC231232",NA
"6344",1923,"MC231234",NA
"6345",1923,"MC255807",0.426
"6346",1923,"MC255808",NA
"6347",1923,"MC255809",NA
"6348",1923,"MC255811",NA
"6349",1923,"MC255814",0.607
"6350",1923,"MC255815",0.954
"6351",1923,"MC255817",0.892
"6352",1923,"MC255824",1.469
"6353",1923,"MC255825",0.558
"6354",1923,"MC255826",NA
"6355",1923,"MC255827",0.907
"6356",1923,"MC255828",NA
"6357",1923,"MC255830",NA
"6358",1923,"MC255831",0.397
"6359",1923,"MC255833",0.767
"6360",1923,"MC300001",NA
"6361",1923,"MC300017",NA
"6362",1923,"MC300018",NA
"6363",1923,"MC300022",NA
"6364",1923,"MC300023",NA
"6365",1923,"MC300024",NA
"6366",1923,"MC300026",NA
"6367",1923,"MC300027",NA
"6368",1923,"MC300028",NA
"6369",1923,"MC300032",NA
"6370",1923,"MC300033",NA
"6371",1923,"MC302801",NA
"6372",1923,"MC302803",NA
"6373",1923,"MC302807",NA
"6374",1923,"MC302810",NA
"6375",1923,"MC302813",NA
"6376",1923,"MC302819",NA
"6377",1923,"MC302820",NA
"6378",1923,"MC302825",NA
"6379",1923,"MC302827",NA
"6380",1923,"MC302829",NA
"6381",1923,"MC302831",NA
"6382",1923,"MC302833",NA
"6383",1923,"MC302834",NA
"6384",1923,"MC302835",NA
"6385",1924,"JB118309",NA
"6386",1924,"JB118312",NA
"6387",1924,"JB118313",NA
"6388",1924,"JB118316",NA
"6389",1924,"JB118317",NA
"6390",1924,"JB118318",0.088
"6391",1924,"JB118320",0.092
"6392",1924,"JB118322",0.272
"6393",1924,"JB118323",0.092
"6394",1924,"JB118324",0.146
"6395",1924,"JB118326",0.145
"6396",1924,"JB118327",0.317
"6397",1924,"JB118332",0.138
"6398",1924,"JB118336",0.11
"6399",1924,"JB130804",NA
"6400",1924,"JB130807",NA
"6401",1924,"JB130808",NA
"6402",1924,"JB130810",NA
"6403",1924,"JB130813",NA
"6404",1924,"JB130814",NA
"6405",1924,"JB130815",NA
"6406",1924,"JB130816",NA
"6407",1924,"JB130817",NA
"6408",1924,"JB130819",NA
"6409",1924,"JB130821",NA
"6410",1924,"JB130827",0.177
"6411",1924,"MC195302",NA
"6412",1924,"MC195303",NA
"6413",1924,"MC195304",NA
"6414",1924,"MC195306",0.052
"6415",1924,"MC195307",NA
"6416",1924,"MC195313",NA
"6417",1924,"MC195314",NA
"6418",1924,"MC195318",NA
"6419",1924,"MC195319",1.152
"6420",1924,"MC195325",NA
"6421",1924,"MC195329",NA
"6422",1924,"MC216001",NA
"6423",1924,"MC216002",NA
"6424",1924,"MC216003",NA
"6425",1924,"MC216004",NA
"6426",1924,"MC216005",NA
"6427",1924,"MC216010",NA
"6428",1924,"MC216012",NA
"6429",1924,"MC216014",NA
"6430",1924,"MC216018",NA
"6431",1924,"MC216020",NA
"6432",1924,"MC216022",NA
"6433",1924,"MC216026",NA
"6434",1924,"MC216027",NA
"6435",1924,"MC216029",NA
"6436",1924,"MC216030",NA
"6437",1924,"MC216039",NA
"6438",1924,"MC231201",0.861
"6439",1924,"MC231203",2.138
"6440",1924,"MC231204",0.411
"6441",1924,"MC231205",NA
"6442",1924,"MC231206",0.758
"6443",1924,"MC231207",NA
"6444",1924,"MC231209",NA
"6445",1924,"MC231211",NA
"6446",1924,"MC231212",NA
"6447",1924,"MC231213",1.984
"6448",1924,"MC231216",NA
"6449",1924,"MC231217",NA
"6450",1924,"MC231219",NA
"6451",1924,"MC231221",NA
"6452",1924,"MC231225",NA
"6453",1924,"MC231226",NA
"6454",1924,"MC231227",NA
"6455",1924,"MC231232",NA
"6456",1924,"MC231234",NA
"6457",1924,"MC255807",0.248
"6458",1924,"MC255808",NA
"6459",1924,"MC255809",NA
"6460",1924,"MC255811",NA
"6461",1924,"MC255814",0.931
"6462",1924,"MC255815",0.77
"6463",1924,"MC255817",0.604
"6464",1924,"MC255824",1.477
"6465",1924,"MC255825",1.201
"6466",1924,"MC255826",0.738
"6467",1924,"MC255827",1.444
"6468",1924,"MC255828",NA
"6469",1924,"MC255830",NA
"6470",1924,"MC255831",0.446
"6471",1924,"MC255833",1.558
"6472",1924,"MC300001",NA
"6473",1924,"MC300017",NA
"6474",1924,"MC300018",NA
"6475",1924,"MC300022",NA
"6476",1924,"MC300023",NA
"6477",1924,"MC300024",NA
"6478",1924,"MC300026",NA
"6479",1924,"MC300027",NA
"6480",1924,"MC300028",NA
"6481",1924,"MC300032",NA
"6482",1924,"MC300033",NA
"6483",1924,"MC302801",NA
"6484",1924,"MC302803",NA
"6485",1924,"MC302807",NA
"6486",1924,"MC302810",NA
"6487",1924,"MC302813",NA
"6488",1924,"MC302819",NA
"6489",1924,"MC302820",NA
"6490",1924,"MC302825",NA
"6491",1924,"MC302827",NA
"6492",1924,"MC302829",NA
"6493",1924,"MC302831",NA
"6494",1924,"MC302833",NA
"6495",1924,"MC302834",NA
"6496",1924,"MC302835",NA
"6497",1925,"JB118309",NA
"6498",1925,"JB118312",NA
"6499",1925,"JB118313",NA
"6500",1925,"JB118316",NA
"6501",1925,"JB118317",NA
"6502",1925,"JB118318",0.698
"6503",1925,"JB118320",0.423
"6504",1925,"JB118322",0.699
"6505",1925,"JB118323",0.135
"6506",1925,"JB118324",1.429
"6507",1925,"JB118326",0.552
"6508",1925,"JB118327",1.336
"6509",1925,"JB118332",0.56
"6510",1925,"JB118336",0.548
"6511",1925,"JB130804",NA
"6512",1925,"JB130807",NA
"6513",1925,"JB130808",NA
"6514",1925,"JB130810",NA
"6515",1925,"JB130813",NA
"6516",1925,"JB130814",NA
"6517",1925,"JB130815",NA
"6518",1925,"JB130816",NA
"6519",1925,"JB130817",NA
"6520",1925,"JB130819",NA
"6521",1925,"JB130821",NA
"6522",1925,"JB130827",0.721
"6523",1925,"MC195302",NA
"6524",1925,"MC195303",NA
"6525",1925,"MC195304",NA
"6526",1925,"MC195306",0.103
"6527",1925,"MC195307",NA
"6528",1925,"MC195313",NA
"6529",1925,"MC195314",NA
"6530",1925,"MC195318",NA
"6531",1925,"MC195319",0.986
"6532",1925,"MC195325",NA
"6533",1925,"MC195329",NA
"6534",1925,"MC216001",NA
"6535",1925,"MC216002",NA
"6536",1925,"MC216003",NA
"6537",1925,"MC216004",NA
"6538",1925,"MC216005",NA
"6539",1925,"MC216010",NA
"6540",1925,"MC216012",NA
"6541",1925,"MC216014",NA
"6542",1925,"MC216018",NA
"6543",1925,"MC216020",NA
"6544",1925,"MC216022",NA
"6545",1925,"MC216026",NA
"6546",1925,"MC216027",NA
"6547",1925,"MC216029",NA
"6548",1925,"MC216030",NA
"6549",1925,"MC216039",NA
"6550",1925,"MC231201",2.079
"6551",1925,"MC231203",1.439
"6552",1925,"MC231204",0.342
"6553",1925,"MC231205",NA
"6554",1925,"MC231206",0.796
"6555",1925,"MC231207",NA
"6556",1925,"MC231209",NA
"6557",1925,"MC231211",NA
"6558",1925,"MC231212",NA
"6559",1925,"MC231213",1.568
"6560",1925,"MC231216",NA
"6561",1925,"MC231217",NA
"6562",1925,"MC231219",NA
"6563",1925,"MC231221",NA
"6564",1925,"MC231225",NA
"6565",1925,"MC231226",NA
"6566",1925,"MC231227",NA
"6567",1925,"MC231232",NA
"6568",1925,"MC231234",NA
"6569",1925,"MC255807",0.564
"6570",1925,"MC255808",NA
"6571",1925,"MC255809",NA
"6572",1925,"MC255811",NA
"6573",1925,"MC255814",1.013
"6574",1925,"MC255815",0.768
"6575",1925,"MC255817",1.078
"6576",1925,"MC255824",1.691
"6577",1925,"MC255825",1.187
"6578",1925,"MC255826",0.872
"6579",1925,"MC255827",1.791
"6580",1925,"MC255828",NA
"6581",1925,"MC255830",NA
"6582",1925,"MC255831",0.926
"6583",1925,"MC255833",1.989
"6584",1925,"MC300001",NA
"6585",1925,"MC300017",NA
"6586",1925,"MC300018",NA
"6587",1925,"MC300022",NA
"6588",1925,"MC300023",NA
"6589",1925,"MC300024",NA
"6590",1925,"MC300026",NA
"6591",1925,"MC300027",NA
"6592",1925,"MC300028",NA
"6593",1925,"MC300032",NA
"6594",1925,"MC300033",NA
"6595",1925,"MC302801",NA
"6596",1925,"MC302803",NA
"6597",1925,"MC302807",NA
"6598",1925,"MC302810",NA
"6599",1925,"MC302813",NA
"6600",1925,"MC302819",NA
"6601",1925,"MC302820",NA
"6602",1925,"MC302825",NA
"6603",1925,"MC302827",NA
"6604",1925,"MC302829",NA
"6605",1925,"MC302831",NA
"6606",1925,"MC302833",NA
"6607",1925,"MC302834",NA
"6608",1925,"MC302835",NA
"6609",1926,"JB118309",NA
"6610",1926,"JB118312",NA
"6611",1926,"JB118313",NA
"6612",1926,"JB118316",NA
"6613",1926,"JB118317",NA
"6614",1926,"JB118318",1.319
"6615",1926,"JB118320",0.609
"6616",1926,"JB118322",0.505
"6617",1926,"JB118323",0.396
"6618",1926,"JB118324",0.934
"6619",1926,"JB118326",0.689
"6620",1926,"JB118327",1.281
"6621",1926,"JB118332",0.85
"6622",1926,"JB118336",0.748
"6623",1926,"JB130804",NA
"6624",1926,"JB130807",NA
"6625",1926,"JB130808",NA
"6626",1926,"JB130810",NA
"6627",1926,"JB130813",NA
"6628",1926,"JB130814",NA
"6629",1926,"JB130815",NA
"6630",1926,"JB130816",NA
"6631",1926,"JB130817",NA
"6632",1926,"JB130819",NA
"6633",1926,"JB130821",NA
"6634",1926,"JB130827",1.109
"6635",1926,"MC195302",NA
"6636",1926,"MC195303",NA
"6637",1926,"MC195304",NA
"6638",1926,"MC195306",0.228
"6639",1926,"MC195307",NA
"6640",1926,"MC195313",NA
"6641",1926,"MC195314",NA
"6642",1926,"MC195318",NA
"6643",1926,"MC195319",0.952
"6644",1926,"MC195325",NA
"6645",1926,"MC195329",NA
"6646",1926,"MC216001",NA
"6647",1926,"MC216002",NA
"6648",1926,"MC216003",NA
"6649",1926,"MC216004",NA
"6650",1926,"MC216005",NA
"6651",1926,"MC216010",NA
"6652",1926,"MC216012",NA
"6653",1926,"MC216014",NA
"6654",1926,"MC216018",NA
"6655",1926,"MC216020",NA
"6656",1926,"MC216022",NA
"6657",1926,"MC216026",NA
"6658",1926,"MC216027",NA
"6659",1926,"MC216029",NA
"6660",1926,"MC216030",NA
"6661",1926,"MC216039",NA
"6662",1926,"MC231201",3.011
"6663",1926,"MC231203",1.299
"6664",1926,"MC231204",1.16
"6665",1926,"MC231205",NA
"6666",1926,"MC231206",1.383
"6667",1926,"MC231207",NA
"6668",1926,"MC231209",NA
"6669",1926,"MC231211",NA
"6670",1926,"MC231212",NA
"6671",1926,"MC231213",1.594
"6672",1926,"MC231216",NA
"6673",1926,"MC231217",3.853
"6674",1926,"MC231219",NA
"6675",1926,"MC231221",NA
"6676",1926,"MC231225",NA
"6677",1926,"MC231226",NA
"6678",1926,"MC231227",NA
"6679",1926,"MC231232",NA
"6680",1926,"MC231234",NA
"6681",1926,"MC255807",0.71
"6682",1926,"MC255808",NA
"6683",1926,"MC255809",1.816
"6684",1926,"MC255811",NA
"6685",1926,"MC255814",1.105
"6686",1926,"MC255815",0.406
"6687",1926,"MC255817",0.73
"6688",1926,"MC255824",1.173
"6689",1926,"MC255825",1.496
"6690",1926,"MC255826",0.932
"6691",1926,"MC255827",1.384
"6692",1926,"MC255828",NA
"6693",1926,"MC255830",NA
"6694",1926,"MC255831",0.848
"6695",1926,"MC255833",1.885
"6696",1926,"MC300001",NA
"6697",1926,"MC300017",NA
"6698",1926,"MC300018",NA
"6699",1926,"MC300022",NA
"6700",1926,"MC300023",NA
"6701",1926,"MC300024",NA
"6702",1926,"MC300026",NA
"6703",1926,"MC300027",NA
"6704",1926,"MC300028",NA
"6705",1926,"MC300032",NA
"6706",1926,"MC300033",NA
"6707",1926,"MC302801",NA
"6708",1926,"MC302803",NA
"6709",1926,"MC302807",NA
"6710",1926,"MC302810",NA
"6711",1926,"MC302813",NA
"6712",1926,"MC302819",NA
"6713",1926,"MC302820",NA
"6714",1926,"MC302825",NA
"6715",1926,"MC302827",NA
"6716",1926,"MC302829",NA
"6717",1926,"MC302831",NA
"6718",1926,"MC302833",NA
"6719",1926,"MC302834",NA
"6720",1926,"MC302835",NA
"6721",1927,"JB118309",NA
"6722",1927,"JB118312",NA
"6723",1927,"JB118313",NA
"6724",1927,"JB118316",NA
"6725",1927,"JB118317",NA
"6726",1927,"JB118318",0.825
"6727",1927,"JB118320",0.495
"6728",1927,"JB118322",0.462
"6729",1927,"JB118323",0.359
"6730",1927,"JB118324",1.045
"6731",1927,"JB118326",0.872
"6732",1927,"JB118327",1.187
"6733",1927,"JB118332",0.603
"6734",1927,"JB118336",0.563
"6735",1927,"JB130804",NA
"6736",1927,"JB130807",NA
"6737",1927,"JB130808",NA
"6738",1927,"JB130810",NA
"6739",1927,"JB130813",NA
"6740",1927,"JB130814",NA
"6741",1927,"JB130815",NA
"6742",1927,"JB130816",NA
"6743",1927,"JB130817",NA
"6744",1927,"JB130819",NA
"6745",1927,"JB130821",NA
"6746",1927,"JB130827",1.74
"6747",1927,"MC195302",NA
"6748",1927,"MC195303",NA
"6749",1927,"MC195304",NA
"6750",1927,"MC195306",0.256
"6751",1927,"MC195307",NA
"6752",1927,"MC195313",NA
"6753",1927,"MC195314",NA
"6754",1927,"MC195318",NA
"6755",1927,"MC195319",0.847
"6756",1927,"MC195325",NA
"6757",1927,"MC195329",NA
"6758",1927,"MC216001",NA
"6759",1927,"MC216002",NA
"6760",1927,"MC216003",NA
"6761",1927,"MC216004",NA
"6762",1927,"MC216005",NA
"6763",1927,"MC216010",NA
"6764",1927,"MC216012",NA
"6765",1927,"MC216014",NA
"6766",1927,"MC216018",NA
"6767",1927,"MC216020",NA
"6768",1927,"MC216022",NA
"6769",1927,"MC216026",NA
"6770",1927,"MC216027",NA
"6771",1927,"MC216029",NA
"6772",1927,"MC216030",NA
"6773",1927,"MC216039",NA
"6774",1927,"MC231201",2.701
"6775",1927,"MC231203",1.289
"6776",1927,"MC231204",1.177
"6777",1927,"MC231205",NA
"6778",1927,"MC231206",1.108
"6779",1927,"MC231207",NA
"6780",1927,"MC231209",1.964
"6781",1927,"MC231211",NA
"6782",1927,"MC231212",NA
"6783",1927,"MC231213",1.506
"6784",1927,"MC231216",NA
"6785",1927,"MC231217",3.224
"6786",1927,"MC231219",NA
"6787",1927,"MC231221",NA
"6788",1927,"MC231225",NA
"6789",1927,"MC231226",NA
"6790",1927,"MC231227",NA
"6791",1927,"MC231232",NA
"6792",1927,"MC231234",NA
"6793",1927,"MC255807",0.189
"6794",1927,"MC255808",NA
"6795",1927,"MC255809",1.46
"6796",1927,"MC255811",NA
"6797",1927,"MC255814",1.158
"6798",1927,"MC255815",0.572
"6799",1927,"MC255817",0.839
"6800",1927,"MC255824",1.281
"6801",1927,"MC255825",1.449
"6802",1927,"MC255826",0.967
"6803",1927,"MC255827",1.192
"6804",1927,"MC255828",NA
"6805",1927,"MC255830",NA
"6806",1927,"MC255831",0.686
"6807",1927,"MC255833",1.406
"6808",1927,"MC300001",NA
"6809",1927,"MC300017",NA
"6810",1927,"MC300018",NA
"6811",1927,"MC300022",NA
"6812",1927,"MC300023",NA
"6813",1927,"MC300024",NA
"6814",1927,"MC300026",NA
"6815",1927,"MC300027",NA
"6816",1927,"MC300028",NA
"6817",1927,"MC300032",NA
"6818",1927,"MC300033",NA
"6819",1927,"MC302801",NA
"6820",1927,"MC302803",NA
"6821",1927,"MC302807",NA
"6822",1927,"MC302810",NA
"6823",1927,"MC302813",NA
"6824",1927,"MC302819",NA
"6825",1927,"MC302820",NA
"6826",1927,"MC302825",NA
"6827",1927,"MC302827",NA
"6828",1927,"MC302829",NA
"6829",1927,"MC302831",NA
"6830",1927,"MC302833",NA
"6831",1927,"MC302834",NA
"6832",1927,"MC302835",NA
"6833",1928,"JB118309",NA
"6834",1928,"JB118312",NA
"6835",1928,"JB118313",NA
"6836",1928,"JB118316",NA
"6837",1928,"JB118317",NA
"6838",1928,"JB118318",0.812
"6839",1928,"JB118320",0.522
"6840",1928,"JB118322",0.56
"6841",1928,"JB118323",0.189
"6842",1928,"JB118324",0.875
"6843",1928,"JB118326",0.834
"6844",1928,"JB118327",1.125
"6845",1928,"JB118332",0.509
"6846",1928,"JB118336",0.5
"6847",1928,"JB130804",NA
"6848",1928,"JB130807",NA
"6849",1928,"JB130808",NA
"6850",1928,"JB130810",NA
"6851",1928,"JB130813",NA
"6852",1928,"JB130814",NA
"6853",1928,"JB130815",NA
"6854",1928,"JB130816",NA
"6855",1928,"JB130817",NA
"6856",1928,"JB130819",NA
"6857",1928,"JB130821",NA
"6858",1928,"JB130827",1.433
"6859",1928,"MC195302",NA
"6860",1928,"MC195303",NA
"6861",1928,"MC195304",NA
"6862",1928,"MC195306",0.482
"6863",1928,"MC195307",NA
"6864",1928,"MC195313",NA
"6865",1928,"MC195314",NA
"6866",1928,"MC195318",NA
"6867",1928,"MC195319",1.229
"6868",1928,"MC195325",NA
"6869",1928,"MC195329",NA
"6870",1928,"MC216001",NA
"6871",1928,"MC216002",NA
"6872",1928,"MC216003",NA
"6873",1928,"MC216004",NA
"6874",1928,"MC216005",NA
"6875",1928,"MC216010",NA
"6876",1928,"MC216012",NA
"6877",1928,"MC216014",NA
"6878",1928,"MC216018",NA
"6879",1928,"MC216020",NA
"6880",1928,"MC216022",NA
"6881",1928,"MC216026",NA
"6882",1928,"MC216027",NA
"6883",1928,"MC216029",NA
"6884",1928,"MC216030",NA
"6885",1928,"MC216039",NA
"6886",1928,"MC231201",3.112
"6887",1928,"MC231203",1.294
"6888",1928,"MC231204",1.069
"6889",1928,"MC231205",NA
"6890",1928,"MC231206",1.09
"6891",1928,"MC231207",NA
"6892",1928,"MC231209",2.36
"6893",1928,"MC231211",NA
"6894",1928,"MC231212",NA
"6895",1928,"MC231213",1.674
"6896",1928,"MC231216",NA
"6897",1928,"MC231217",2.683
"6898",1928,"MC231219",NA
"6899",1928,"MC231221",NA
"6900",1928,"MC231225",NA
"6901",1928,"MC231226",1.811
"6902",1928,"MC231227",NA
"6903",1928,"MC231232",NA
"6904",1928,"MC231234",NA
"6905",1928,"MC255807",0.42
"6906",1928,"MC255808",2.964
"6907",1928,"MC255809",1.48
"6908",1928,"MC255811",NA
"6909",1928,"MC255814",1.11
"6910",1928,"MC255815",0.78
"6911",1928,"MC255817",0.841
"6912",1928,"MC255824",1.287
"6913",1928,"MC255825",1.202
"6914",1928,"MC255826",0.449
"6915",1928,"MC255827",1.251
"6916",1928,"MC255828",NA
"6917",1928,"MC255830",NA
"6918",1928,"MC255831",0.834
"6919",1928,"MC255833",1.474
"6920",1928,"MC300001",NA
"6921",1928,"MC300017",NA
"6922",1928,"MC300018",NA
"6923",1928,"MC300022",NA
"6924",1928,"MC300023",NA
"6925",1928,"MC300024",NA
"6926",1928,"MC300026",NA
"6927",1928,"MC300027",NA
"6928",1928,"MC300028",NA
"6929",1928,"MC300032",NA
"6930",1928,"MC300033",NA
"6931",1928,"MC302801",NA
"6932",1928,"MC302803",NA
"6933",1928,"MC302807",NA
"6934",1928,"MC302810",NA
"6935",1928,"MC302813",NA
"6936",1928,"MC302819",NA
"6937",1928,"MC302820",NA
"6938",1928,"MC302825",NA
"6939",1928,"MC302827",NA
"6940",1928,"MC302829",NA
"6941",1928,"MC302831",NA
"6942",1928,"MC302833",NA
"6943",1928,"MC302834",NA
"6944",1928,"MC302835",NA
"6945",1929,"JB118309",NA
"6946",1929,"JB118312",NA
"6947",1929,"JB118313",0.609
"6948",1929,"JB118316",NA
"6949",1929,"JB118317",NA
"6950",1929,"JB118318",1.077
"6951",1929,"JB118320",0.818
"6952",1929,"JB118322",0.317
"6953",1929,"JB118323",0.126
"6954",1929,"JB118324",0.774
"6955",1929,"JB118326",0.64
"6956",1929,"JB118327",1.654
"6957",1929,"JB118332",0.771
"6958",1929,"JB118336",0.725
"6959",1929,"JB130804",NA
"6960",1929,"JB130807",NA
"6961",1929,"JB130808",NA
"6962",1929,"JB130810",NA
"6963",1929,"JB130813",NA
"6964",1929,"JB130814",NA
"6965",1929,"JB130815",NA
"6966",1929,"JB130816",NA
"6967",1929,"JB130817",NA
"6968",1929,"JB130819",NA
"6969",1929,"JB130821",NA
"6970",1929,"JB130827",1.43
"6971",1929,"MC195302",NA
"6972",1929,"MC195303",NA
"6973",1929,"MC195304",NA
"6974",1929,"MC195306",0.52
"6975",1929,"MC195307",NA
"6976",1929,"MC195313",NA
"6977",1929,"MC195314",NA
"6978",1929,"MC195318",NA
"6979",1929,"MC195319",0.571
"6980",1929,"MC195325",NA
"6981",1929,"MC195329",NA
"6982",1929,"MC216001",NA
"6983",1929,"MC216002",NA
"6984",1929,"MC216003",NA
"6985",1929,"MC216004",NA
"6986",1929,"MC216005",NA
"6987",1929,"MC216010",NA
"6988",1929,"MC216012",NA
"6989",1929,"MC216014",NA
"6990",1929,"MC216018",NA
"6991",1929,"MC216020",NA
"6992",1929,"MC216022",NA
"6993",1929,"MC216026",NA
"6994",1929,"MC216027",NA
"6995",1929,"MC216029",NA
"6996",1929,"MC216030",NA
"6997",1929,"MC216039",NA
"6998",1929,"MC231201",1.873
"6999",1929,"MC231203",0.355
"7000",1929,"MC231204",1.473
"7001",1929,"MC231205",NA
"7002",1929,"MC231206",1.057
"7003",1929,"MC231207",NA
"7004",1929,"MC231209",1.937
"7005",1929,"MC231211",NA
"7006",1929,"MC231212",NA
"7007",1929,"MC231213",1.456
"7008",1929,"MC231216",NA
"7009",1929,"MC231217",1.656
"7010",1929,"MC231219",NA
"7011",1929,"MC231221",NA
"7012",1929,"MC231225",NA
"7013",1929,"MC231226",1.469
"7014",1929,"MC231227",NA
"7015",1929,"MC231232",NA
"7016",1929,"MC231234",NA
"7017",1929,"MC255807",0.524
"7018",1929,"MC255808",1.485
"7019",1929,"MC255809",0.994
"7020",1929,"MC255811",NA
"7021",1929,"MC255814",0.895
"7022",1929,"MC255815",0.587
"7023",1929,"MC255817",0.629
"7024",1929,"MC255824",0.539
"7025",1929,"MC255825",0.77
"7026",1929,"MC255826",0.524
"7027",1929,"MC255827",0.823
"7028",1929,"MC255828",NA
"7029",1929,"MC255830",NA
"7030",1929,"MC255831",0.496
"7031",1929,"MC255833",1.476
"7032",1929,"MC300001",NA
"7033",1929,"MC300017",NA
"7034",1929,"MC300018",NA
"7035",1929,"MC300022",NA
"7036",1929,"MC300023",NA
"7037",1929,"MC300024",NA
"7038",1929,"MC300026",NA
"7039",1929,"MC300027",NA
"7040",1929,"MC300028",NA
"7041",1929,"MC300032",NA
"7042",1929,"MC300033",NA
"7043",1929,"MC302801",NA
"7044",1929,"MC302803",NA
"7045",1929,"MC302807",NA
"7046",1929,"MC302810",NA
"7047",1929,"MC302813",NA
"7048",1929,"MC302819",NA
"7049",1929,"MC302820",NA
"7050",1929,"MC302825",NA
"7051",1929,"MC302827",NA
"7052",1929,"MC302829",NA
"7053",1929,"MC302831",NA
"7054",1929,"MC302833",NA
"7055",1929,"MC302834",NA
"7056",1929,"MC302835",NA
"7057",1930,"JB118309",NA
"7058",1930,"JB118312",NA
"7059",1930,"JB118313",0.597
"7060",1930,"JB118316",NA
"7061",1930,"JB118317",NA
"7062",1930,"JB118318",0.965
"7063",1930,"JB118320",0.806
"7064",1930,"JB118322",0.274
"7065",1930,"JB118323",0.47
"7066",1930,"JB118324",0.902
"7067",1930,"JB118326",0.686
"7068",1930,"JB118327",1.05
"7069",1930,"JB118332",0.881
"7070",1930,"JB118336",0.739
"7071",1930,"JB130804",NA
"7072",1930,"JB130807",NA
"7073",1930,"JB130808",NA
"7074",1930,"JB130810",NA
"7075",1930,"JB130813",NA
"7076",1930,"JB130814",NA
"7077",1930,"JB130815",NA
"7078",1930,"JB130816",NA
"7079",1930,"JB130817",NA
"7080",1930,"JB130819",NA
"7081",1930,"JB130821",NA
"7082",1930,"JB130827",0.63
"7083",1930,"MC195302",NA
"7084",1930,"MC195303",NA
"7085",1930,"MC195304",NA
"7086",1930,"MC195306",0.295
"7087",1930,"MC195307",NA
"7088",1930,"MC195313",NA
"7089",1930,"MC195314",NA
"7090",1930,"MC195318",NA
"7091",1930,"MC195319",0.723
"7092",1930,"MC195325",NA
"7093",1930,"MC195329",NA
"7094",1930,"MC216001",NA
"7095",1930,"MC216002",NA
"7096",1930,"MC216003",NA
"7097",1930,"MC216004",NA
"7098",1930,"MC216005",NA
"7099",1930,"MC216010",NA
"7100",1930,"MC216012",NA
"7101",1930,"MC216014",NA
"7102",1930,"MC216018",NA
"7103",1930,"MC216020",NA
"7104",1930,"MC216022",NA
"7105",1930,"MC216026",NA
"7106",1930,"MC216027",NA
"7107",1930,"MC216029",NA
"7108",1930,"MC216030",NA
"7109",1930,"MC216039",NA
"7110",1930,"MC231201",2.298
"7111",1930,"MC231203",0.259
"7112",1930,"MC231204",1.145
"7113",1930,"MC231205",NA
"7114",1930,"MC231206",1.386
"7115",1930,"MC231207",NA
"7116",1930,"MC231209",1.572
"7117",1930,"MC231211",2.144
"7118",1930,"MC231212",NA
"7119",1930,"MC231213",0.98
"7120",1930,"MC231216",NA
"7121",1930,"MC231217",1.698
"7122",1930,"MC231219",NA
"7123",1930,"MC231221",NA
"7124",1930,"MC231225",NA
"7125",1930,"MC231226",1.945
"7126",1930,"MC231227",NA
"7127",1930,"MC231232",NA
"7128",1930,"MC231234",2.403
"7129",1930,"MC255807",0.28
"7130",1930,"MC255808",0.702
"7131",1930,"MC255809",1.423
"7132",1930,"MC255811",NA
"7133",1930,"MC255814",0.653
"7134",1930,"MC255815",0.367
"7135",1930,"MC255817",0.372
"7136",1930,"MC255824",0.365
"7137",1930,"MC255825",0.64
"7138",1930,"MC255826",0.439
"7139",1930,"MC255827",0.617
"7140",1930,"MC255828",NA
"7141",1930,"MC255830",NA
"7142",1930,"MC255831",0.33
"7143",1930,"MC255833",0.715
"7144",1930,"MC300001",NA
"7145",1930,"MC300017",NA
"7146",1930,"MC300018",NA
"7147",1930,"MC300022",NA
"7148",1930,"MC300023",NA
"7149",1930,"MC300024",NA
"7150",1930,"MC300026",3.406
"7151",1930,"MC300027",NA
"7152",1930,"MC300028",NA
"7153",1930,"MC300032",NA
"7154",1930,"MC300033",NA
"7155",1930,"MC302801",NA
"7156",1930,"MC302803",NA
"7157",1930,"MC302807",NA
"7158",1930,"MC302810",NA
"7159",1930,"MC302813",NA
"7160",1930,"MC302819",NA
"7161",1930,"MC302820",NA
"7162",1930,"MC302825",NA
"7163",1930,"MC302827",NA
"7164",1930,"MC302829",NA
"7165",1930,"MC302831",NA
"7166",1930,"MC302833",NA
"7167",1930,"MC302834",NA
"7168",1930,"MC302835",NA
"7169",1931,"JB118309",NA
"7170",1931,"JB118312",NA
"7171",1931,"JB118313",1.07
"7172",1931,"JB118316",NA
"7173",1931,"JB118317",NA
"7174",1931,"JB118318",1.364
"7175",1931,"JB118320",1
"7176",1931,"JB118322",0.296
"7177",1931,"JB118323",0.278
"7178",1931,"JB118324",0.828
"7179",1931,"JB118326",0.773
"7180",1931,"JB118327",0.838
"7181",1931,"JB118332",0.942
"7182",1931,"JB118336",0.573
"7183",1931,"JB130804",NA
"7184",1931,"JB130807",NA
"7185",1931,"JB130808",NA
"7186",1931,"JB130810",3.15
"7187",1931,"JB130813",NA
"7188",1931,"JB130814",NA
"7189",1931,"JB130815",NA
"7190",1931,"JB130816",NA
"7191",1931,"JB130817",NA
"7192",1931,"JB130819",NA
"7193",1931,"JB130821",NA
"7194",1931,"JB130827",0.484
"7195",1931,"MC195302",NA
"7196",1931,"MC195303",NA
"7197",1931,"MC195304",NA
"7198",1931,"MC195306",0.131
"7199",1931,"MC195307",NA
"7200",1931,"MC195313",NA
"7201",1931,"MC195314",NA
"7202",1931,"MC195318",NA
"7203",1931,"MC195319",0.681
"7204",1931,"MC195325",NA
"7205",1931,"MC195329",NA
"7206",1931,"MC216001",NA
"7207",1931,"MC216002",NA
"7208",1931,"MC216003",NA
"7209",1931,"MC216004",NA
"7210",1931,"MC216005",NA
"7211",1931,"MC216010",NA
"7212",1931,"MC216012",NA
"7213",1931,"MC216014",NA
"7214",1931,"MC216018",NA
"7215",1931,"MC216020",NA
"7216",1931,"MC216022",NA
"7217",1931,"MC216026",NA
"7218",1931,"MC216027",NA
"7219",1931,"MC216029",NA
"7220",1931,"MC216030",NA
"7221",1931,"MC216039",NA
"7222",1931,"MC231201",2.328
"7223",1931,"MC231203",0.447
"7224",1931,"MC231204",1.005
"7225",1931,"MC231205",1.309
"7226",1931,"MC231206",0.869
"7227",1931,"MC231207",NA
"7228",1931,"MC231209",1.42
"7229",1931,"MC231211",1.754
"7230",1931,"MC231212",1.493
"7231",1931,"MC231213",0.842
"7232",1931,"MC231216",NA
"7233",1931,"MC231217",2.064
"7234",1931,"MC231219",NA
"7235",1931,"MC231221",NA
"7236",1931,"MC231225",NA
"7237",1931,"MC231226",2.17
"7238",1931,"MC231227",NA
"7239",1931,"MC231232",NA
"7240",1931,"MC231234",3.354
"7241",1931,"MC255807",0.199
"7242",1931,"MC255808",1.498
"7243",1931,"MC255809",1.38
"7244",1931,"MC255811",NA
"7245",1931,"MC255814",1.523
"7246",1931,"MC255815",0.879
"7247",1931,"MC255817",0.44
"7248",1931,"MC255824",0.723
"7249",1931,"MC255825",1.288
"7250",1931,"MC255826",1.02
"7251",1931,"MC255827",1.216
"7252",1931,"MC255828",NA
"7253",1931,"MC255830",NA
"7254",1931,"MC255831",0.534
"7255",1931,"MC255833",1.786
"7256",1931,"MC300001",NA
"7257",1931,"MC300017",NA
"7258",1931,"MC300018",NA
"7259",1931,"MC300022",NA
"7260",1931,"MC300023",NA
"7261",1931,"MC300024",NA
"7262",1931,"MC300026",2.554
"7263",1931,"MC300027",NA
"7264",1931,"MC300028",NA
"7265",1931,"MC300032",NA
"7266",1931,"MC300033",NA
"7267",1931,"MC302801",NA
"7268",1931,"MC302803",NA
"7269",1931,"MC302807",NA
"7270",1931,"MC302810",NA
"7271",1931,"MC302813",NA
"7272",1931,"MC302819",NA
"7273",1931,"MC302820",NA
"7274",1931,"MC302825",NA
"7275",1931,"MC302827",NA
"7276",1931,"MC302829",NA
"7277",1931,"MC302831",NA
"7278",1931,"MC302833",NA
"7279",1931,"MC302834",NA
"7280",1931,"MC302835",NA
"7281",1932,"JB118309",NA
"7282",1932,"JB118312",NA
"7283",1932,"JB118313",1.295
"7284",1932,"JB118316",NA
"7285",1932,"JB118317",NA
"7286",1932,"JB118318",0.962
"7287",1932,"JB118320",1.52
"7288",1932,"JB118322",0.374
"7289",1932,"JB118323",0.199
"7290",1932,"JB118324",0.88
"7291",1932,"JB118326",0.549
"7292",1932,"JB118327",1.001
"7293",1932,"JB118332",0.877
"7294",1932,"JB118336",1.131
"7295",1932,"JB130804",NA
"7296",1932,"JB130807",NA
"7297",1932,"JB130808",NA
"7298",1932,"JB130810",3.345
"7299",1932,"JB130813",NA
"7300",1932,"JB130814",NA
"7301",1932,"JB130815",NA
"7302",1932,"JB130816",NA
"7303",1932,"JB130817",NA
"7304",1932,"JB130819",NA
"7305",1932,"JB130821",NA
"7306",1932,"JB130827",0.709
"7307",1932,"MC195302",NA
"7308",1932,"MC195303",NA
"7309",1932,"MC195304",NA
"7310",1932,"MC195306",0.382
"7311",1932,"MC195307",NA
"7312",1932,"MC195313",NA
"7313",1932,"MC195314",NA
"7314",1932,"MC195318",NA
"7315",1932,"MC195319",0.123
"7316",1932,"MC195325",NA
"7317",1932,"MC195329",NA
"7318",1932,"MC216001",NA
"7319",1932,"MC216002",NA
"7320",1932,"MC216003",NA
"7321",1932,"MC216004",NA
"7322",1932,"MC216005",NA
"7323",1932,"MC216010",NA
"7324",1932,"MC216012",NA
"7325",1932,"MC216014",NA
"7326",1932,"MC216018",NA
"7327",1932,"MC216020",NA
"7328",1932,"MC216022",NA
"7329",1932,"MC216026",NA
"7330",1932,"MC216027",NA
"7331",1932,"MC216029",NA
"7332",1932,"MC216030",NA
"7333",1932,"MC216039",NA
"7334",1932,"MC231201",1.489
"7335",1932,"MC231203",0.578
"7336",1932,"MC231204",0.565
"7337",1932,"MC231205",1.329
"7338",1932,"MC231206",0.889
"7339",1932,"MC231207",NA
"7340",1932,"MC231209",0.88
"7341",1932,"MC231211",1.527
"7342",1932,"MC231212",2.019
"7343",1932,"MC231213",1.009
"7344",1932,"MC231216",NA
"7345",1932,"MC231217",1.175
"7346",1932,"MC231219",NA
"7347",1932,"MC231221",NA
"7348",1932,"MC231225",NA
"7349",1932,"MC231226",1.975
"7350",1932,"MC231227",NA
"7351",1932,"MC231232",NA
"7352",1932,"MC231234",2.833
"7353",1932,"MC255807",0.568
"7354",1932,"MC255808",1.079
"7355",1932,"MC255809",0.325
"7356",1932,"MC255811",NA
"7357",1932,"MC255814",1.142
"7358",1932,"MC255815",0.605
"7359",1932,"MC255817",0.547
"7360",1932,"MC255824",1.026
"7361",1932,"MC255825",1.092
"7362",1932,"MC255826",0.341
"7363",1932,"MC255827",1.006
"7364",1932,"MC255828",NA
"7365",1932,"MC255830",NA
"7366",1932,"MC255831",0.358
"7367",1932,"MC255833",1.471
"7368",1932,"MC300001",NA
"7369",1932,"MC300017",NA
"7370",1932,"MC300018",NA
"7371",1932,"MC300022",NA
"7372",1932,"MC300023",NA
"7373",1932,"MC300024",NA
"7374",1932,"MC300026",3.539
"7375",1932,"MC300027",NA
"7376",1932,"MC300028",NA
"7377",1932,"MC300032",NA
"7378",1932,"MC300033",NA
"7379",1932,"MC302801",NA
"7380",1932,"MC302803",NA
"7381",1932,"MC302807",NA
"7382",1932,"MC302810",NA
"7383",1932,"MC302813",NA
"7384",1932,"MC302819",NA
"7385",1932,"MC302820",NA
"7386",1932,"MC302825",NA
"7387",1932,"MC302827",NA
"7388",1932,"MC302829",NA
"7389",1932,"MC302831",NA
"7390",1932,"MC302833",NA
"7391",1932,"MC302834",NA
"7392",1932,"MC302835",NA
"7393",1933,"JB118309",NA
"7394",1933,"JB118312",0.888
"7395",1933,"JB118313",1.13
"7396",1933,"JB118316",NA
"7397",1933,"JB118317",NA
"7398",1933,"JB118318",0.903
"7399",1933,"JB118320",1.634
"7400",1933,"JB118322",0.179
"7401",1933,"JB118323",0.271
"7402",1933,"JB118324",0.729
"7403",1933,"JB118326",0.431
"7404",1933,"JB118327",1.06
"7405",1933,"JB118332",0.841
"7406",1933,"JB118336",0.859
"7407",1933,"JB130804",NA
"7408",1933,"JB130807",NA
"7409",1933,"JB130808",NA
"7410",1933,"JB130810",3.078
"7411",1933,"JB130813",NA
"7412",1933,"JB130814",NA
"7413",1933,"JB130815",NA
"7414",1933,"JB130816",NA
"7415",1933,"JB130817",NA
"7416",1933,"JB130819",NA
"7417",1933,"JB130821",NA
"7418",1933,"JB130827",1.114
"7419",1933,"MC195302",NA
"7420",1933,"MC195303",NA
"7421",1933,"MC195304",NA
"7422",1933,"MC195306",0.772
"7423",1933,"MC195307",NA
"7424",1933,"MC195313",NA
"7425",1933,"MC195314",NA
"7426",1933,"MC195318",NA
"7427",1933,"MC195319",0.774
"7428",1933,"MC195325",NA
"7429",1933,"MC195329",NA
"7430",1933,"MC216001",NA
"7431",1933,"MC216002",NA
"7432",1933,"MC216003",NA
"7433",1933,"MC216004",NA
"7434",1933,"MC216005",NA
"7435",1933,"MC216010",NA
"7436",1933,"MC216012",NA
"7437",1933,"MC216014",NA
"7438",1933,"MC216018",NA
"7439",1933,"MC216020",NA
"7440",1933,"MC216022",NA
"7441",1933,"MC216026",NA
"7442",1933,"MC216027",NA
"7443",1933,"MC216029",NA
"7444",1933,"MC216030",NA
"7445",1933,"MC216039",NA
"7446",1933,"MC231201",1.431
"7447",1933,"MC231203",0.695
"7448",1933,"MC231204",2.732
"7449",1933,"MC231205",0.836
"7450",1933,"MC231206",0.851
"7451",1933,"MC231207",NA
"7452",1933,"MC231209",1.38
"7453",1933,"MC231211",1.899
"7454",1933,"MC231212",1.895
"7455",1933,"MC231213",1.399
"7456",1933,"MC231216",NA
"7457",1933,"MC231217",1.649
"7458",1933,"MC231219",NA
"7459",1933,"MC231221",NA
"7460",1933,"MC231225",NA
"7461",1933,"MC231226",1.616
"7462",1933,"MC231227",NA
"7463",1933,"MC231232",NA
"7464",1933,"MC231234",2.403
"7465",1933,"MC255807",0.606
"7466",1933,"MC255808",0.819
"7467",1933,"MC255809",0.632
"7468",1933,"MC255811",NA
"7469",1933,"MC255814",0.687
"7470",1933,"MC255815",0.219
"7471",1933,"MC255817",0.457
"7472",1933,"MC255824",0.554
"7473",1933,"MC255825",0.505
"7474",1933,"MC255826",0.306
"7475",1933,"MC255827",0.755
"7476",1933,"MC255828",NA
"7477",1933,"MC255830",NA
"7478",1933,"MC255831",0.528
"7479",1933,"MC255833",1.085
"7480",1933,"MC300001",NA
"7481",1933,"MC300017",NA
"7482",1933,"MC300018",NA
"7483",1933,"MC300022",NA
"7484",1933,"MC300023",NA
"7485",1933,"MC300024",NA
"7486",1933,"MC300026",4.725
"7487",1933,"MC300027",NA
"7488",1933,"MC300028",NA
"7489",1933,"MC300032",NA
"7490",1933,"MC300033",NA
"7491",1933,"MC302801",NA
"7492",1933,"MC302803",NA
"7493",1933,"MC302807",NA
"7494",1933,"MC302810",NA
"7495",1933,"MC302813",NA
"7496",1933,"MC302819",NA
"7497",1933,"MC302820",NA
"7498",1933,"MC302825",NA
"7499",1933,"MC302827",NA
"7500",1933,"MC302829",NA
"7501",1933,"MC302831",NA
"7502",1933,"MC302833",NA
"7503",1933,"MC302834",NA
"7504",1933,"MC302835",NA
"7505",1934,"JB118309",NA
"7506",1934,"JB118312",1.384
"7507",1934,"JB118313",1.51
"7508",1934,"JB118316",NA
"7509",1934,"JB118317",NA
"7510",1934,"JB118318",1.001
"7511",1934,"JB118320",1.422
"7512",1934,"JB118322",0.322
"7513",1934,"JB118323",0.207
"7514",1934,"JB118324",0.678
"7515",1934,"JB118326",0.394
"7516",1934,"JB118327",0.902
"7517",1934,"JB118332",1.148
"7518",1934,"JB118336",0.736
"7519",1934,"JB130804",NA
"7520",1934,"JB130807",NA
"7521",1934,"JB130808",NA
"7522",1934,"JB130810",2.132
"7523",1934,"JB130813",NA
"7524",1934,"JB130814",NA
"7525",1934,"JB130815",NA
"7526",1934,"JB130816",NA
"7527",1934,"JB130817",NA
"7528",1934,"JB130819",NA
"7529",1934,"JB130821",NA
"7530",1934,"JB130827",1.167
"7531",1934,"MC195302",NA
"7532",1934,"MC195303",NA
"7533",1934,"MC195304",NA
"7534",1934,"MC195306",0.39
"7535",1934,"MC195307",NA
"7536",1934,"MC195313",NA
"7537",1934,"MC195314",NA
"7538",1934,"MC195318",NA
"7539",1934,"MC195319",0.978
"7540",1934,"MC195325",NA
"7541",1934,"MC195329",NA
"7542",1934,"MC216001",NA
"7543",1934,"MC216002",NA
"7544",1934,"MC216003",NA
"7545",1934,"MC216004",NA
"7546",1934,"MC216005",NA
"7547",1934,"MC216010",NA
"7548",1934,"MC216012",NA
"7549",1934,"MC216014",NA
"7550",1934,"MC216018",NA
"7551",1934,"MC216020",NA
"7552",1934,"MC216022",NA
"7553",1934,"MC216026",NA
"7554",1934,"MC216027",NA
"7555",1934,"MC216029",NA
"7556",1934,"MC216030",NA
"7557",1934,"MC216039",NA
"7558",1934,"MC231201",1.608
"7559",1934,"MC231203",0.724
"7560",1934,"MC231204",1.6
"7561",1934,"MC231205",1.3
"7562",1934,"MC231206",0.931
"7563",1934,"MC231207",NA
"7564",1934,"MC231209",1.255
"7565",1934,"MC231211",2.627
"7566",1934,"MC231212",1.858
"7567",1934,"MC231213",1.353
"7568",1934,"MC231216",NA
"7569",1934,"MC231217",1.617
"7570",1934,"MC231219",NA
"7571",1934,"MC231221",NA
"7572",1934,"MC231225",NA
"7573",1934,"MC231226",2.292
"7574",1934,"MC231227",NA
"7575",1934,"MC231232",NA
"7576",1934,"MC231234",3.007
"7577",1934,"MC255807",0.395
"7578",1934,"MC255808",0.793
"7579",1934,"MC255809",1.16
"7580",1934,"MC255811",NA
"7581",1934,"MC255814",0.965
"7582",1934,"MC255815",0.738
"7583",1934,"MC255817",0.436
"7584",1934,"MC255824",1.169
"7585",1934,"MC255825",0.462
"7586",1934,"MC255826",0.876
"7587",1934,"MC255827",0.918
"7588",1934,"MC255828",NA
"7589",1934,"MC255830",NA
"7590",1934,"MC255831",0.557
"7591",1934,"MC255833",1.273
"7592",1934,"MC300001",NA
"7593",1934,"MC300017",NA
"7594",1934,"MC300018",NA
"7595",1934,"MC300022",NA
"7596",1934,"MC300023",NA
"7597",1934,"MC300024",NA
"7598",1934,"MC300026",4.011
"7599",1934,"MC300027",NA
"7600",1934,"MC300028",NA
"7601",1934,"MC300032",NA
"7602",1934,"MC300033",NA
"7603",1934,"MC302801",NA
"7604",1934,"MC302803",NA
"7605",1934,"MC302807",NA
"7606",1934,"MC302810",NA
"7607",1934,"MC302813",NA
"7608",1934,"MC302819",NA
"7609",1934,"MC302820",NA
"7610",1934,"MC302825",NA
"7611",1934,"MC302827",NA
"7612",1934,"MC302829",NA
"7613",1934,"MC302831",NA
"7614",1934,"MC302833",NA
"7615",1934,"MC302834",NA
"7616",1934,"MC302835",NA
"7617",1935,"JB118309",NA
"7618",1935,"JB118312",1.01
"7619",1935,"JB118313",0.957
"7620",1935,"JB118316",NA
"7621",1935,"JB118317",NA
"7622",1935,"JB118318",1.159
"7623",1935,"JB118320",1.091
"7624",1935,"JB118322",0.373
"7625",1935,"JB118323",0.366
"7626",1935,"JB118324",0.991
"7627",1935,"JB118326",0.7
"7628",1935,"JB118327",0.969
"7629",1935,"JB118332",0.841
"7630",1935,"JB118336",0.979
"7631",1935,"JB130804",NA
"7632",1935,"JB130807",NA
"7633",1935,"JB130808",NA
"7634",1935,"JB130810",2.247
"7635",1935,"JB130813",NA
"7636",1935,"JB130814",NA
"7637",1935,"JB130815",NA
"7638",1935,"JB130816",NA
"7639",1935,"JB130817",NA
"7640",1935,"JB130819",NA
"7641",1935,"JB130821",NA
"7642",1935,"JB130827",1.32
"7643",1935,"MC195302",NA
"7644",1935,"MC195303",NA
"7645",1935,"MC195304",NA
"7646",1935,"MC195306",0.278
"7647",1935,"MC195307",NA
"7648",1935,"MC195313",NA
"7649",1935,"MC195314",NA
"7650",1935,"MC195318",NA
"7651",1935,"MC195319",0.77
"7652",1935,"MC195325",NA
"7653",1935,"MC195329",NA
"7654",1935,"MC216001",NA
"7655",1935,"MC216002",NA
"7656",1935,"MC216003",NA
"7657",1935,"MC216004",NA
"7658",1935,"MC216005",NA
"7659",1935,"MC216010",NA
"7660",1935,"MC216012",NA
"7661",1935,"MC216014",NA
"7662",1935,"MC216018",NA
"7663",1935,"MC216020",NA
"7664",1935,"MC216022",NA
"7665",1935,"MC216026",NA
"7666",1935,"MC216027",NA
"7667",1935,"MC216029",NA
"7668",1935,"MC216030",NA
"7669",1935,"MC216039",NA
"7670",1935,"MC231201",1.596
"7671",1935,"MC231203",0.799
"7672",1935,"MC231204",1.759
"7673",1935,"MC231205",1.35
"7674",1935,"MC231206",1.304
"7675",1935,"MC231207",0.725
"7676",1935,"MC231209",1.496
"7677",1935,"MC231211",1.558
"7678",1935,"MC231212",1.498
"7679",1935,"MC231213",0.824
"7680",1935,"MC231216",NA
"7681",1935,"MC231217",1.823
"7682",1935,"MC231219",NA
"7683",1935,"MC231221",NA
"7684",1935,"MC231225",NA
"7685",1935,"MC231226",2.734
"7686",1935,"MC231227",NA
"7687",1935,"MC231232",NA
"7688",1935,"MC231234",2.285
"7689",1935,"MC255807",0.359
"7690",1935,"MC255808",0.689
"7691",1935,"MC255809",0.512
"7692",1935,"MC255811",NA
"7693",1935,"MC255814",0.657
"7694",1935,"MC255815",0.461
"7695",1935,"MC255817",0.466
"7696",1935,"MC255824",0.886
"7697",1935,"MC255825",0.444
"7698",1935,"MC255826",0.992
"7699",1935,"MC255827",1.013
"7700",1935,"MC255828",NA
"7701",1935,"MC255830",NA
"7702",1935,"MC255831",0.524
"7703",1935,"MC255833",1.092
"7704",1935,"MC300001",NA
"7705",1935,"MC300017",NA
"7706",1935,"MC300018",NA
"7707",1935,"MC300022",NA
"7708",1935,"MC300023",NA
"7709",1935,"MC300024",NA
"7710",1935,"MC300026",4.545
"7711",1935,"MC300027",NA
"7712",1935,"MC300028",NA
"7713",1935,"MC300032",NA
"7714",1935,"MC300033",NA
"7715",1935,"MC302801",NA
"7716",1935,"MC302803",NA
"7717",1935,"MC302807",NA
"7718",1935,"MC302810",NA
"7719",1935,"MC302813",NA
"7720",1935,"MC302819",NA
"7721",1935,"MC302820",NA
"7722",1935,"MC302825",NA
"7723",1935,"MC302827",NA
"7724",1935,"MC302829",NA
"7725",1935,"MC302831",NA
"7726",1935,"MC302833",NA
"7727",1935,"MC302834",NA
"7728",1935,"MC302835",NA
"7729",1936,"JB118309",NA
"7730",1936,"JB118312",1.076
"7731",1936,"JB118313",1.145
"7732",1936,"JB118316",NA
"7733",1936,"JB118317",NA
"7734",1936,"JB118318",0.817
"7735",1936,"JB118320",0.603
"7736",1936,"JB118322",0.716
"7737",1936,"JB118323",0.15
"7738",1936,"JB118324",0.45
"7739",1936,"JB118326",0.095
"7740",1936,"JB118327",0.264
"7741",1936,"JB118332",0.492
"7742",1936,"JB118336",0.582
"7743",1936,"JB130804",NA
"7744",1936,"JB130807",NA
"7745",1936,"JB130808",NA
"7746",1936,"JB130810",1.255
"7747",1936,"JB130813",NA
"7748",1936,"JB130814",NA
"7749",1936,"JB130815",NA
"7750",1936,"JB130816",NA
"7751",1936,"JB130817",NA
"7752",1936,"JB130819",NA
"7753",1936,"JB130821",NA
"7754",1936,"JB130827",1.144
"7755",1936,"MC195302",NA
"7756",1936,"MC195303",NA
"7757",1936,"MC195304",NA
"7758",1936,"MC195306",0.158
"7759",1936,"MC195307",NA
"7760",1936,"MC195313",NA
"7761",1936,"MC195314",NA
"7762",1936,"MC195318",NA
"7763",1936,"MC195319",0.141
"7764",1936,"MC195325",NA
"7765",1936,"MC195329",NA
"7766",1936,"MC216001",NA
"7767",1936,"MC216002",NA
"7768",1936,"MC216003",NA
"7769",1936,"MC216004",NA
"7770",1936,"MC216005",NA
"7771",1936,"MC216010",NA
"7772",1936,"MC216012",NA
"7773",1936,"MC216014",NA
"7774",1936,"MC216018",NA
"7775",1936,"MC216020",NA
"7776",1936,"MC216022",NA
"7777",1936,"MC216026",NA
"7778",1936,"MC216027",NA
"7779",1936,"MC216029",NA
"7780",1936,"MC216030",NA
"7781",1936,"MC216039",NA
"7782",1936,"MC231201",1.789
"7783",1936,"MC231203",1.335
"7784",1936,"MC231204",2.711
"7785",1936,"MC231205",1.738
"7786",1936,"MC231206",1.123
"7787",1936,"MC231207",0.705
"7788",1936,"MC231209",1.131
"7789",1936,"MC231211",1.811
"7790",1936,"MC231212",1.096
"7791",1936,"MC231213",1.391
"7792",1936,"MC231216",NA
"7793",1936,"MC231217",1.473
"7794",1936,"MC231219",NA
"7795",1936,"MC231221",NA
"7796",1936,"MC231225",NA
"7797",1936,"MC231226",2.797
"7798",1936,"MC231227",NA
"7799",1936,"MC231232",NA
"7800",1936,"MC231234",1.76
"7801",1936,"MC255807",0.252
"7802",1936,"MC255808",0.867
"7803",1936,"MC255809",0.317
"7804",1936,"MC255811",NA
"7805",1936,"MC255814",0.902
"7806",1936,"MC255815",0.568
"7807",1936,"MC255817",0.649
"7808",1936,"MC255824",0.989
"7809",1936,"MC255825",0.474
"7810",1936,"MC255826",1.262
"7811",1936,"MC255827",0.847
"7812",1936,"MC255828",NA
"7813",1936,"MC255830",NA
"7814",1936,"MC255831",0.593
"7815",1936,"MC255833",1.041
"7816",1936,"MC300001",NA
"7817",1936,"MC300017",NA
"7818",1936,"MC300018",NA
"7819",1936,"MC300022",NA
"7820",1936,"MC300023",NA
"7821",1936,"MC300024",NA
"7822",1936,"MC300026",4.237
"7823",1936,"MC300027",NA
"7824",1936,"MC300028",NA
"7825",1936,"MC300032",NA
"7826",1936,"MC300033",NA
"7827",1936,"MC302801",NA
"7828",1936,"MC302803",NA
"7829",1936,"MC302807",NA
"7830",1936,"MC302810",1.575
"7831",1936,"MC302813",NA
"7832",1936,"MC302819",NA
"7833",1936,"MC302820",NA
"7834",1936,"MC302825",NA
"7835",1936,"MC302827",NA
"7836",1936,"MC302829",NA
"7837",1936,"MC302831",NA
"7838",1936,"MC302833",NA
"7839",1936,"MC302834",NA
"7840",1936,"MC302835",NA
"7841",1937,"JB118309",NA
"7842",1937,"JB118312",1.372
"7843",1937,"JB118313",1.187
"7844",1937,"JB118316",NA
"7845",1937,"JB118317",NA
"7846",1937,"JB118318",1.681
"7847",1937,"JB118320",1.441
"7848",1937,"JB118322",0.87
"7849",1937,"JB118323",0.509
"7850",1937,"JB118324",1.386
"7851",1937,"JB118326",0.863
"7852",1937,"JB118327",1.648
"7853",1937,"JB118332",1.17
"7854",1937,"JB118336",1.035
"7855",1937,"JB130804",NA
"7856",1937,"JB130807",NA
"7857",1937,"JB130808",NA
"7858",1937,"JB130810",1.692
"7859",1937,"JB130813",NA
"7860",1937,"JB130814",NA
"7861",1937,"JB130815",NA
"7862",1937,"JB130816",NA
"7863",1937,"JB130817",NA
"7864",1937,"JB130819",NA
"7865",1937,"JB130821",NA
"7866",1937,"JB130827",0.535
"7867",1937,"MC195302",NA
"7868",1937,"MC195303",NA
"7869",1937,"MC195304",NA
"7870",1937,"MC195306",0.581
"7871",1937,"MC195307",NA
"7872",1937,"MC195313",NA
"7873",1937,"MC195314",NA
"7874",1937,"MC195318",NA
"7875",1937,"MC195319",0.274
"7876",1937,"MC195325",NA
"7877",1937,"MC195329",NA
"7878",1937,"MC216001",NA
"7879",1937,"MC216002",NA
"7880",1937,"MC216003",NA
"7881",1937,"MC216004",NA
"7882",1937,"MC216005",NA
"7883",1937,"MC216010",NA
"7884",1937,"MC216012",NA
"7885",1937,"MC216014",NA
"7886",1937,"MC216018",NA
"7887",1937,"MC216020",NA
"7888",1937,"MC216022",NA
"7889",1937,"MC216026",NA
"7890",1937,"MC216027",NA
"7891",1937,"MC216029",NA
"7892",1937,"MC216030",NA
"7893",1937,"MC216039",NA
"7894",1937,"MC231201",0.701
"7895",1937,"MC231203",0.653
"7896",1937,"MC231204",0.883
"7897",1937,"MC231205",0.853
"7898",1937,"MC231206",0.926
"7899",1937,"MC231207",0.788
"7900",1937,"MC231209",0.438
"7901",1937,"MC231211",0.799
"7902",1937,"MC231212",0.389
"7903",1937,"MC231213",0.732
"7904",1937,"MC231216",NA
"7905",1937,"MC231217",0.927
"7906",1937,"MC231219",NA
"7907",1937,"MC231221",NA
"7908",1937,"MC231225",NA
"7909",1937,"MC231226",1.884
"7910",1937,"MC231227",NA
"7911",1937,"MC231232",NA
"7912",1937,"MC231234",1.041
"7913",1937,"MC255807",0.251
"7914",1937,"MC255808",0.061
"7915",1937,"MC255809",0.228
"7916",1937,"MC255811",NA
"7917",1937,"MC255814",0.446
"7918",1937,"MC255815",0.089
"7919",1937,"MC255817",0.186
"7920",1937,"MC255824",0.394
"7921",1937,"MC255825",0.429
"7922",1937,"MC255826",0.375
"7923",1937,"MC255827",0.361
"7924",1937,"MC255828",NA
"7925",1937,"MC255830",NA
"7926",1937,"MC255831",0.463
"7927",1937,"MC255833",0.773
"7928",1937,"MC300001",NA
"7929",1937,"MC300017",NA
"7930",1937,"MC300018",NA
"7931",1937,"MC300022",NA
"7932",1937,"MC300023",NA
"7933",1937,"MC300024",NA
"7934",1937,"MC300026",6.823
"7935",1937,"MC300027",NA
"7936",1937,"MC300028",NA
"7937",1937,"MC300032",NA
"7938",1937,"MC300033",NA
"7939",1937,"MC302801",NA
"7940",1937,"MC302803",NA
"7941",1937,"MC302807",NA
"7942",1937,"MC302810",1.294
"7943",1937,"MC302813",NA
"7944",1937,"MC302819",NA
"7945",1937,"MC302820",NA
"7946",1937,"MC302825",NA
"7947",1937,"MC302827",NA
"7948",1937,"MC302829",NA
"7949",1937,"MC302831",NA
"7950",1937,"MC302833",NA
"7951",1937,"MC302834",NA
"7952",1937,"MC302835",NA
"7953",1938,"JB118309",NA
"7954",1938,"JB118312",1.76
"7955",1938,"JB118313",1.81
"7956",1938,"JB118316",NA
"7957",1938,"JB118317",NA
"7958",1938,"JB118318",1.465
"7959",1938,"JB118320",3.167
"7960",1938,"JB118322",1.353
"7961",1938,"JB118323",0.484
"7962",1938,"JB118324",1.28
"7963",1938,"JB118326",0.722
"7964",1938,"JB118327",1.28
"7965",1938,"JB118332",1.602
"7966",1938,"JB118336",1.056
"7967",1938,"JB130804",NA
"7968",1938,"JB130807",NA
"7969",1938,"JB130808",NA
"7970",1938,"JB130810",1.933
"7971",1938,"JB130813",NA
"7972",1938,"JB130814",NA
"7973",1938,"JB130815",NA
"7974",1938,"JB130816",NA
"7975",1938,"JB130817",NA
"7976",1938,"JB130819",NA
"7977",1938,"JB130821",NA
"7978",1938,"JB130827",1.011
"7979",1938,"MC195302",NA
"7980",1938,"MC195303",0.856
"7981",1938,"MC195304",NA
"7982",1938,"MC195306",0.437
"7983",1938,"MC195307",NA
"7984",1938,"MC195313",NA
"7985",1938,"MC195314",NA
"7986",1938,"MC195318",NA
"7987",1938,"MC195319",0.546
"7988",1938,"MC195325",NA
"7989",1938,"MC195329",NA
"7990",1938,"MC216001",NA
"7991",1938,"MC216002",NA
"7992",1938,"MC216003",NA
"7993",1938,"MC216004",NA
"7994",1938,"MC216005",NA
"7995",1938,"MC216010",NA
"7996",1938,"MC216012",NA
"7997",1938,"MC216014",NA
"7998",1938,"MC216018",NA
"7999",1938,"MC216020",NA
"8000",1938,"MC216022",NA
"8001",1938,"MC216026",NA
"8002",1938,"MC216027",NA
"8003",1938,"MC216029",NA
"8004",1938,"MC216030",NA
"8005",1938,"MC216039",NA
"8006",1938,"MC231201",2.014
"8007",1938,"MC231203",1.007
"8008",1938,"MC231204",1.535
"8009",1938,"MC231205",1.41
"8010",1938,"MC231206",1.294
"8011",1938,"MC231207",0.907
"8012",1938,"MC231209",1.492
"8013",1938,"MC231211",1.836
"8014",1938,"MC231212",1.326
"8015",1938,"MC231213",1.037
"8016",1938,"MC231216",NA
"8017",1938,"MC231217",2.118
"8018",1938,"MC231219",NA
"8019",1938,"MC231221",NA
"8020",1938,"MC231225",NA
"8021",1938,"MC231226",2.105
"8022",1938,"MC231227",NA
"8023",1938,"MC231232",NA
"8024",1938,"MC231234",2.676
"8025",1938,"MC255807",0.64
"8026",1938,"MC255808",1.344
"8027",1938,"MC255809",0.471
"8028",1938,"MC255811",NA
"8029",1938,"MC255814",1.029
"8030",1938,"MC255815",0.344
"8031",1938,"MC255817",0.476
"8032",1938,"MC255824",0.841
"8033",1938,"MC255825",0.646
"8034",1938,"MC255826",1.123
"8035",1938,"MC255827",0.758
"8036",1938,"MC255828",NA
"8037",1938,"MC255830",NA
"8038",1938,"MC255831",0.707
"8039",1938,"MC255833",1.807
"8040",1938,"MC300001",NA
"8041",1938,"MC300017",NA
"8042",1938,"MC300018",NA
"8043",1938,"MC300022",NA
"8044",1938,"MC300023",NA
"8045",1938,"MC300024",NA
"8046",1938,"MC300026",5.513
"8047",1938,"MC300027",NA
"8048",1938,"MC300028",NA
"8049",1938,"MC300032",NA
"8050",1938,"MC300033",NA
"8051",1938,"MC302801",NA
"8052",1938,"MC302803",NA
"8053",1938,"MC302807",NA
"8054",1938,"MC302810",2.521
"8055",1938,"MC302813",NA
"8056",1938,"MC302819",NA
"8057",1938,"MC302820",NA
"8058",1938,"MC302825",NA
"8059",1938,"MC302827",NA
"8060",1938,"MC302829",NA
"8061",1938,"MC302831",NA
"8062",1938,"MC302833",NA
"8063",1938,"MC302834",NA
"8064",1938,"MC302835",NA
"8065",1939,"JB118309",NA
"8066",1939,"JB118312",2.216
"8067",1939,"JB118313",1.258
"8068",1939,"JB118316",0.565
"8069",1939,"JB118317",NA
"8070",1939,"JB118318",1.349
"8071",1939,"JB118320",2.157
"8072",1939,"JB118322",0.852
"8073",1939,"JB118323",0.271
"8074",1939,"JB118324",0.428
"8075",1939,"JB118326",0.279
"8076",1939,"JB118327",0.826
"8077",1939,"JB118332",1.026
"8078",1939,"JB118336",0.429
"8079",1939,"JB130804",NA
"8080",1939,"JB130807",NA
"8081",1939,"JB130808",NA
"8082",1939,"JB130810",1.065
"8083",1939,"JB130813",NA
"8084",1939,"JB130814",NA
"8085",1939,"JB130815",NA
"8086",1939,"JB130816",NA
"8087",1939,"JB130817",NA
"8088",1939,"JB130819",NA
"8089",1939,"JB130821",NA
"8090",1939,"JB130827",0.335
"8091",1939,"MC195302",NA
"8092",1939,"MC195303",0.649
"8093",1939,"MC195304",NA
"8094",1939,"MC195306",0.611
"8095",1939,"MC195307",NA
"8096",1939,"MC195313",NA
"8097",1939,"MC195314",NA
"8098",1939,"MC195318",NA
"8099",1939,"MC195319",0.748
"8100",1939,"MC195325",NA
"8101",1939,"MC195329",NA
"8102",1939,"MC216001",NA
"8103",1939,"MC216002",NA
"8104",1939,"MC216003",NA
"8105",1939,"MC216004",NA
"8106",1939,"MC216005",NA
"8107",1939,"MC216010",NA
"8108",1939,"MC216012",NA
"8109",1939,"MC216014",NA
"8110",1939,"MC216018",NA
"8111",1939,"MC216020",NA
"8112",1939,"MC216022",NA
"8113",1939,"MC216026",NA
"8114",1939,"MC216027",NA
"8115",1939,"MC216029",NA
"8116",1939,"MC216030",NA
"8117",1939,"MC216039",NA
"8118",1939,"MC231201",1.431
"8119",1939,"MC231203",1.043
"8120",1939,"MC231204",1.947
"8121",1939,"MC231205",1.523
"8122",1939,"MC231206",0.984
"8123",1939,"MC231207",1.048
"8124",1939,"MC231209",0.947
"8125",1939,"MC231211",2.079
"8126",1939,"MC231212",1.109
"8127",1939,"MC231213",1.217
"8128",1939,"MC231216",NA
"8129",1939,"MC231217",2.085
"8130",1939,"MC231219",NA
"8131",1939,"MC231221",NA
"8132",1939,"MC231225",NA
"8133",1939,"MC231226",2.148
"8134",1939,"MC231227",NA
"8135",1939,"MC231232",NA
"8136",1939,"MC231234",2.457
"8137",1939,"MC255807",0.443
"8138",1939,"MC255808",1.71
"8139",1939,"MC255809",0.498
"8140",1939,"MC255811",NA
"8141",1939,"MC255814",0.886
"8142",1939,"MC255815",0.39
"8143",1939,"MC255817",0.398
"8144",1939,"MC255824",0.623
"8145",1939,"MC255825",1.086
"8146",1939,"MC255826",0.874
"8147",1939,"MC255827",1.022
"8148",1939,"MC255828",NA
"8149",1939,"MC255830",NA
"8150",1939,"MC255831",0.597
"8151",1939,"MC255833",1.854
"8152",1939,"MC300001",NA
"8153",1939,"MC300017",NA
"8154",1939,"MC300018",NA
"8155",1939,"MC300022",NA
"8156",1939,"MC300023",NA
"8157",1939,"MC300024",NA
"8158",1939,"MC300026",5.406
"8159",1939,"MC300027",NA
"8160",1939,"MC300028",NA
"8161",1939,"MC300032",NA
"8162",1939,"MC300033",NA
"8163",1939,"MC302801",NA
"8164",1939,"MC302803",NA
"8165",1939,"MC302807",NA
"8166",1939,"MC302810",2.208
"8167",1939,"MC302813",NA
"8168",1939,"MC302819",NA
"8169",1939,"MC302820",NA
"8170",1939,"MC302825",NA
"8171",1939,"MC302827",NA
"8172",1939,"MC302829",NA
"8173",1939,"MC302831",NA
"8174",1939,"MC302833",NA
"8175",1939,"MC302834",NA
"8176",1939,"MC302835",NA
"8177",1940,"JB118309",NA
"8178",1940,"JB118312",1.633
"8179",1940,"JB118313",1.555
"8180",1940,"JB118316",0.63
"8181",1940,"JB118317",1.316
"8182",1940,"JB118318",1.635
"8183",1940,"JB118320",1.851
"8184",1940,"JB118322",0.609
"8185",1940,"JB118323",0.696
"8186",1940,"JB118324",0.985
"8187",1940,"JB118326",0.642
"8188",1940,"JB118327",1.155
"8189",1940,"JB118332",1.34
"8190",1940,"JB118336",0.771
"8191",1940,"JB130804",NA
"8192",1940,"JB130807",NA
"8193",1940,"JB130808",NA
"8194",1940,"JB130810",1.944
"8195",1940,"JB130813",NA
"8196",1940,"JB130814",NA
"8197",1940,"JB130815",NA
"8198",1940,"JB130816",NA
"8199",1940,"JB130817",NA
"8200",1940,"JB130819",NA
"8201",1940,"JB130821",NA
"8202",1940,"JB130827",0.758
"8203",1940,"MC195302",NA
"8204",1940,"MC195303",0.185
"8205",1940,"MC195304",NA
"8206",1940,"MC195306",0.607
"8207",1940,"MC195307",NA
"8208",1940,"MC195313",NA
"8209",1940,"MC195314",NA
"8210",1940,"MC195318",NA
"8211",1940,"MC195319",1.436
"8212",1940,"MC195325",NA
"8213",1940,"MC195329",NA
"8214",1940,"MC216001",NA
"8215",1940,"MC216002",NA
"8216",1940,"MC216003",NA
"8217",1940,"MC216004",NA
"8218",1940,"MC216005",NA
"8219",1940,"MC216010",NA
"8220",1940,"MC216012",NA
"8221",1940,"MC216014",NA
"8222",1940,"MC216018",NA
"8223",1940,"MC216020",NA
"8224",1940,"MC216022",NA
"8225",1940,"MC216026",NA
"8226",1940,"MC216027",NA
"8227",1940,"MC216029",NA
"8228",1940,"MC216030",NA
"8229",1940,"MC216039",NA
"8230",1940,"MC231201",1.276
"8231",1940,"MC231203",0.668
"8232",1940,"MC231204",1.694
"8233",1940,"MC231205",1.01
"8234",1940,"MC231206",1.377
"8235",1940,"MC231207",0.54
"8236",1940,"MC231209",0.743
"8237",1940,"MC231211",1.147
"8238",1940,"MC231212",0.938
"8239",1940,"MC231213",1.681
"8240",1940,"MC231216",NA
"8241",1940,"MC231217",1.016
"8242",1940,"MC231219",NA
"8243",1940,"MC231221",NA
"8244",1940,"MC231225",NA
"8245",1940,"MC231226",1.469
"8246",1940,"MC231227",NA
"8247",1940,"MC231232",NA
"8248",1940,"MC231234",1.493
"8249",1940,"MC255807",0.852
"8250",1940,"MC255808",1.321
"8251",1940,"MC255809",0.821
"8252",1940,"MC255811",NA
"8253",1940,"MC255814",1.163
"8254",1940,"MC255815",0.968
"8255",1940,"MC255817",0.641
"8256",1940,"MC255824",0.868
"8257",1940,"MC255825",1.073
"8258",1940,"MC255826",1.132
"8259",1940,"MC255827",1.194
"8260",1940,"MC255828",NA
"8261",1940,"MC255830",NA
"8262",1940,"MC255831",0.611
"8263",1940,"MC255833",1.687
"8264",1940,"MC300001",NA
"8265",1940,"MC300017",NA
"8266",1940,"MC300018",NA
"8267",1940,"MC300022",NA
"8268",1940,"MC300023",NA
"8269",1940,"MC300024",NA
"8270",1940,"MC300026",4.149
"8271",1940,"MC300027",NA
"8272",1940,"MC300028",NA
"8273",1940,"MC300032",NA
"8274",1940,"MC300033",NA
"8275",1940,"MC302801",NA
"8276",1940,"MC302803",NA
"8277",1940,"MC302807",NA
"8278",1940,"MC302810",2.519
"8279",1940,"MC302813",NA
"8280",1940,"MC302819",NA
"8281",1940,"MC302820",NA
"8282",1940,"MC302825",NA
"8283",1940,"MC302827",NA
"8284",1940,"MC302829",NA
"8285",1940,"MC302831",NA
"8286",1940,"MC302833",NA
"8287",1940,"MC302834",NA
"8288",1940,"MC302835",NA
"8289",1941,"JB118309",NA
"8290",1941,"JB118312",2.163
"8291",1941,"JB118313",1.678
"8292",1941,"JB118316",1.114
"8293",1941,"JB118317",1.612
"8294",1941,"JB118318",1.158
"8295",1941,"JB118320",1.692
"8296",1941,"JB118322",0.775
"8297",1941,"JB118323",0.521
"8298",1941,"JB118324",0.661
"8299",1941,"JB118326",0.404
"8300",1941,"JB118327",1.164
"8301",1941,"JB118332",1.574
"8302",1941,"JB118336",0.827
"8303",1941,"JB130804",NA
"8304",1941,"JB130807",NA
"8305",1941,"JB130808",NA
"8306",1941,"JB130810",2.269
"8307",1941,"JB130813",NA
"8308",1941,"JB130814",NA
"8309",1941,"JB130815",NA
"8310",1941,"JB130816",NA
"8311",1941,"JB130817",NA
"8312",1941,"JB130819",NA
"8313",1941,"JB130821",NA
"8314",1941,"JB130827",0.873
"8315",1941,"MC195302",NA
"8316",1941,"MC195303",0.267
"8317",1941,"MC195304",NA
"8318",1941,"MC195306",0.395
"8319",1941,"MC195307",NA
"8320",1941,"MC195313",NA
"8321",1941,"MC195314",NA
"8322",1941,"MC195318",NA
"8323",1941,"MC195319",0.882
"8324",1941,"MC195325",NA
"8325",1941,"MC195329",NA
"8326",1941,"MC216001",NA
"8327",1941,"MC216002",NA
"8328",1941,"MC216003",NA
"8329",1941,"MC216004",NA
"8330",1941,"MC216005",NA
"8331",1941,"MC216010",NA
"8332",1941,"MC216012",NA
"8333",1941,"MC216014",NA
"8334",1941,"MC216018",NA
"8335",1941,"MC216020",NA
"8336",1941,"MC216022",NA
"8337",1941,"MC216026",NA
"8338",1941,"MC216027",NA
"8339",1941,"MC216029",NA
"8340",1941,"MC216030",NA
"8341",1941,"MC216039",NA
"8342",1941,"MC231201",0.595
"8343",1941,"MC231203",0.484
"8344",1941,"MC231204",1.651
"8345",1941,"MC231205",0.498
"8346",1941,"MC231206",0.885
"8347",1941,"MC231207",0.648
"8348",1941,"MC231209",0.666
"8349",1941,"MC231211",0.684
"8350",1941,"MC231212",0.696
"8351",1941,"MC231213",0.803
"8352",1941,"MC231216",NA
"8353",1941,"MC231217",1.16
"8354",1941,"MC231219",NA
"8355",1941,"MC231221",NA
"8356",1941,"MC231225",NA
"8357",1941,"MC231226",1.335
"8358",1941,"MC231227",NA
"8359",1941,"MC231232",NA
"8360",1941,"MC231234",0.992
"8361",1941,"MC255807",0.809
"8362",1941,"MC255808",1.384
"8363",1941,"MC255809",0.733
"8364",1941,"MC255811",NA
"8365",1941,"MC255814",0.947
"8366",1941,"MC255815",0.282
"8367",1941,"MC255817",0.571
"8368",1941,"MC255824",0.729
"8369",1941,"MC255825",0.743
"8370",1941,"MC255826",1.005
"8371",1941,"MC255827",0.786
"8372",1941,"MC255828",NA
"8373",1941,"MC255830",NA
"8374",1941,"MC255831",0.356
"8375",1941,"MC255833",1.938
"8376",1941,"MC300001",NA
"8377",1941,"MC300017",NA
"8378",1941,"MC300018",NA
"8379",1941,"MC300022",NA
"8380",1941,"MC300023",NA
"8381",1941,"MC300024",NA
"8382",1941,"MC300026",2.375
"8383",1941,"MC300027",NA
"8384",1941,"MC300028",NA
"8385",1941,"MC300032",NA
"8386",1941,"MC300033",NA
"8387",1941,"MC302801",NA
"8388",1941,"MC302803",NA
"8389",1941,"MC302807",NA
"8390",1941,"MC302810",1.391
"8391",1941,"MC302813",NA
"8392",1941,"MC302819",NA
"8393",1941,"MC302820",NA
"8394",1941,"MC302825",NA
"8395",1941,"MC302827",NA
"8396",1941,"MC302829",NA
"8397",1941,"MC302831",NA
"8398",1941,"MC302833",NA
"8399",1941,"MC302834",NA
"8400",1941,"MC302835",NA
"8401",1942,"JB118309",NA
"8402",1942,"JB118312",1.929
"8403",1942,"JB118313",1.497
"8404",1942,"JB118316",1.675
"8405",1942,"JB118317",2.581
"8406",1942,"JB118318",1.348
"8407",1942,"JB118320",0.785
"8408",1942,"JB118322",0.831
"8409",1942,"JB118323",0.65
"8410",1942,"JB118324",0.626
"8411",1942,"JB118326",0.433
"8412",1942,"JB118327",1.287
"8413",1942,"JB118332",1.053
"8414",1942,"JB118336",1.158
"8415",1942,"JB130804",NA
"8416",1942,"JB130807",NA
"8417",1942,"JB130808",NA
"8418",1942,"JB130810",2.14
"8419",1942,"JB130813",NA
"8420",1942,"JB130814",NA
"8421",1942,"JB130815",NA
"8422",1942,"JB130816",NA
"8423",1942,"JB130817",NA
"8424",1942,"JB130819",NA
"8425",1942,"JB130821",NA
"8426",1942,"JB130827",0.969
"8427",1942,"MC195302",NA
"8428",1942,"MC195303",0.685
"8429",1942,"MC195304",NA
"8430",1942,"MC195306",0.531
"8431",1942,"MC195307",NA
"8432",1942,"MC195313",NA
"8433",1942,"MC195314",NA
"8434",1942,"MC195318",NA
"8435",1942,"MC195319",2.842
"8436",1942,"MC195325",NA
"8437",1942,"MC195329",NA
"8438",1942,"MC216001",NA
"8439",1942,"MC216002",NA
"8440",1942,"MC216003",NA
"8441",1942,"MC216004",NA
"8442",1942,"MC216005",NA
"8443",1942,"MC216010",NA
"8444",1942,"MC216012",NA
"8445",1942,"MC216014",NA
"8446",1942,"MC216018",NA
"8447",1942,"MC216020",NA
"8448",1942,"MC216022",NA
"8449",1942,"MC216026",NA
"8450",1942,"MC216027",NA
"8451",1942,"MC216029",NA
"8452",1942,"MC216030",NA
"8453",1942,"MC216039",NA
"8454",1942,"MC231201",0.641
"8455",1942,"MC231203",0.502
"8456",1942,"MC231204",1.054
"8457",1942,"MC231205",0.599
"8458",1942,"MC231206",0.85
"8459",1942,"MC231207",0.208
"8460",1942,"MC231209",0.453
"8461",1942,"MC231211",0.564
"8462",1942,"MC231212",0.683
"8463",1942,"MC231213",0.774
"8464",1942,"MC231216",NA
"8465",1942,"MC231217",1.631
"8466",1942,"MC231219",NA
"8467",1942,"MC231221",NA
"8468",1942,"MC231225",NA
"8469",1942,"MC231226",1.037
"8470",1942,"MC231227",NA
"8471",1942,"MC231232",NA
"8472",1942,"MC231234",1.611
"8473",1942,"MC255807",0.353
"8474",1942,"MC255808",1.071
"8475",1942,"MC255809",0.382
"8476",1942,"MC255811",NA
"8477",1942,"MC255814",0.701
"8478",1942,"MC255815",0.39
"8479",1942,"MC255817",0.365
"8480",1942,"MC255824",0.423
"8481",1942,"MC255825",0.535
"8482",1942,"MC255826",0.492
"8483",1942,"MC255827",0.614
"8484",1942,"MC255828",NA
"8485",1942,"MC255830",NA
"8486",1942,"MC255831",0.303
"8487",1942,"MC255833",1.054
"8488",1942,"MC300001",NA
"8489",1942,"MC300017",NA
"8490",1942,"MC300018",NA
"8491",1942,"MC300022",NA
"8492",1942,"MC300023",NA
"8493",1942,"MC300024",NA
"8494",1942,"MC300026",2.911
"8495",1942,"MC300027",NA
"8496",1942,"MC300028",NA
"8497",1942,"MC300032",NA
"8498",1942,"MC300033",NA
"8499",1942,"MC302801",NA
"8500",1942,"MC302803",NA
"8501",1942,"MC302807",NA
"8502",1942,"MC302810",1.257
"8503",1942,"MC302813",NA
"8504",1942,"MC302819",NA
"8505",1942,"MC302820",NA
"8506",1942,"MC302825",NA
"8507",1942,"MC302827",NA
"8508",1942,"MC302829",NA
"8509",1942,"MC302831",NA
"8510",1942,"MC302833",NA
"8511",1942,"MC302834",NA
"8512",1942,"MC302835",NA
"8513",1943,"JB118309",NA
"8514",1943,"JB118312",1.876
"8515",1943,"JB118313",1.359
"8516",1943,"JB118316",2.364
"8517",1943,"JB118317",3.256
"8518",1943,"JB118318",1.399
"8519",1943,"JB118320",0.853
"8520",1943,"JB118322",1.012
"8521",1943,"JB118323",0.818
"8522",1943,"JB118324",0.556
"8523",1943,"JB118326",0.623
"8524",1943,"JB118327",0.984
"8525",1943,"JB118332",1.219
"8526",1943,"JB118336",1.28
"8527",1943,"JB130804",NA
"8528",1943,"JB130807",NA
"8529",1943,"JB130808",NA
"8530",1943,"JB130810",0.802
"8531",1943,"JB130813",NA
"8532",1943,"JB130814",NA
"8533",1943,"JB130815",NA
"8534",1943,"JB130816",NA
"8535",1943,"JB130817",NA
"8536",1943,"JB130819",NA
"8537",1943,"JB130821",NA
"8538",1943,"JB130827",0.434
"8539",1943,"MC195302",NA
"8540",1943,"MC195303",0.72
"8541",1943,"MC195304",0.753
"8542",1943,"MC195306",0.627
"8543",1943,"MC195307",NA
"8544",1943,"MC195313",NA
"8545",1943,"MC195314",NA
"8546",1943,"MC195318",NA
"8547",1943,"MC195319",3.374
"8548",1943,"MC195325",NA
"8549",1943,"MC195329",NA
"8550",1943,"MC216001",NA
"8551",1943,"MC216002",NA
"8552",1943,"MC216003",NA
"8553",1943,"MC216004",NA
"8554",1943,"MC216005",NA
"8555",1943,"MC216010",NA
"8556",1943,"MC216012",NA
"8557",1943,"MC216014",NA
"8558",1943,"MC216018",NA
"8559",1943,"MC216020",NA
"8560",1943,"MC216022",NA
"8561",1943,"MC216026",NA
"8562",1943,"MC216027",NA
"8563",1943,"MC216029",NA
"8564",1943,"MC216030",NA
"8565",1943,"MC216039",NA
"8566",1943,"MC231201",0.316
"8567",1943,"MC231203",0.346
"8568",1943,"MC231204",0.618
"8569",1943,"MC231205",0.375
"8570",1943,"MC231206",0.674
"8571",1943,"MC231207",0.465
"8572",1943,"MC231209",0.387
"8573",1943,"MC231211",0.199
"8574",1943,"MC231212",0.38
"8575",1943,"MC231213",0.492
"8576",1943,"MC231216",NA
"8577",1943,"MC231217",1.019
"8578",1943,"MC231219",NA
"8579",1943,"MC231221",NA
"8580",1943,"MC231225",NA
"8581",1943,"MC231226",1.402
"8582",1943,"MC231227",NA
"8583",1943,"MC231232",NA
"8584",1943,"MC231234",0.803
"8585",1943,"MC255807",0.376
"8586",1943,"MC255808",0.751
"8587",1943,"MC255809",0.245
"8588",1943,"MC255811",NA
"8589",1943,"MC255814",0.382
"8590",1943,"MC255815",0.243
"8591",1943,"MC255817",0.367
"8592",1943,"MC255824",0.562
"8593",1943,"MC255825",0.493
"8594",1943,"MC255826",0.303
"8595",1943,"MC255827",0.492
"8596",1943,"MC255828",NA
"8597",1943,"MC255830",NA
"8598",1943,"MC255831",0.225
"8599",1943,"MC255833",1.747
"8600",1943,"MC300001",NA
"8601",1943,"MC300017",NA
"8602",1943,"MC300018",NA
"8603",1943,"MC300022",NA
"8604",1943,"MC300023",NA
"8605",1943,"MC300024",NA
"8606",1943,"MC300026",0.987
"8607",1943,"MC300027",NA
"8608",1943,"MC300028",NA
"8609",1943,"MC300032",NA
"8610",1943,"MC300033",NA
"8611",1943,"MC302801",NA
"8612",1943,"MC302803",NA
"8613",1943,"MC302807",NA
"8614",1943,"MC302810",2.29
"8615",1943,"MC302813",NA
"8616",1943,"MC302819",NA
"8617",1943,"MC302820",NA
"8618",1943,"MC302825",NA
"8619",1943,"MC302827",NA
"8620",1943,"MC302829",NA
"8621",1943,"MC302831",NA
"8622",1943,"MC302833",NA
"8623",1943,"MC302834",NA
"8624",1943,"MC302835",NA
"8625",1944,"JB118309",NA
"8626",1944,"JB118312",1.425
"8627",1944,"JB118313",1.233
"8628",1944,"JB118316",1.679
"8629",1944,"JB118317",1.924
"8630",1944,"JB118318",1.272
"8631",1944,"JB118320",0.744
"8632",1944,"JB118322",0.801
"8633",1944,"JB118323",0.39
"8634",1944,"JB118324",0.392
"8635",1944,"JB118326",0.352
"8636",1944,"JB118327",0.556
"8637",1944,"JB118332",0.566
"8638",1944,"JB118336",0.436
"8639",1944,"JB130804",NA
"8640",1944,"JB130807",NA
"8641",1944,"JB130808",NA
"8642",1944,"JB130810",0.656
"8643",1944,"JB130813",NA
"8644",1944,"JB130814",NA
"8645",1944,"JB130815",NA
"8646",1944,"JB130816",NA
"8647",1944,"JB130817",NA
"8648",1944,"JB130819",NA
"8649",1944,"JB130821",NA
"8650",1944,"JB130827",0.339
"8651",1944,"MC195302",NA
"8652",1944,"MC195303",0.555
"8653",1944,"MC195304",0.563
"8654",1944,"MC195306",0.163
"8655",1944,"MC195307",NA
"8656",1944,"MC195313",NA
"8657",1944,"MC195314",NA
"8658",1944,"MC195318",NA
"8659",1944,"MC195319",0.956
"8660",1944,"MC195325",NA
"8661",1944,"MC195329",NA
"8662",1944,"MC216001",NA
"8663",1944,"MC216002",NA
"8664",1944,"MC216003",NA
"8665",1944,"MC216004",NA
"8666",1944,"MC216005",NA
"8667",1944,"MC216010",NA
"8668",1944,"MC216012",NA
"8669",1944,"MC216014",NA
"8670",1944,"MC216018",NA
"8671",1944,"MC216020",NA
"8672",1944,"MC216022",NA
"8673",1944,"MC216026",NA
"8674",1944,"MC216027",NA
"8675",1944,"MC216029",NA
"8676",1944,"MC216030",NA
"8677",1944,"MC216039",NA
"8678",1944,"MC231201",0.514
"8679",1944,"MC231203",0.478
"8680",1944,"MC231204",1.073
"8681",1944,"MC231205",0.537
"8682",1944,"MC231206",0.809
"8683",1944,"MC231207",0.383
"8684",1944,"MC231209",0.485
"8685",1944,"MC231211",0.379
"8686",1944,"MC231212",0.88
"8687",1944,"MC231213",0.859
"8688",1944,"MC231216",NA
"8689",1944,"MC231217",0.75
"8690",1944,"MC231219",NA
"8691",1944,"MC231221",NA
"8692",1944,"MC231225",NA
"8693",1944,"MC231226",1.025
"8694",1944,"MC231227",NA
"8695",1944,"MC231232",NA
"8696",1944,"MC231234",0.953
"8697",1944,"MC255807",0.107
"8698",1944,"MC255808",0.07
"8699",1944,"MC255809",0.252
"8700",1944,"MC255811",NA
"8701",1944,"MC255814",0.136
"8702",1944,"MC255815",0.075
"8703",1944,"MC255817",0.079
"8704",1944,"MC255824",0.138
"8705",1944,"MC255825",0.151
"8706",1944,"MC255826",0.391
"8707",1944,"MC255827",0.373
"8708",1944,"MC255828",NA
"8709",1944,"MC255830",NA
"8710",1944,"MC255831",0.285
"8711",1944,"MC255833",0.303
"8712",1944,"MC300001",NA
"8713",1944,"MC300017",NA
"8714",1944,"MC300018",NA
"8715",1944,"MC300022",NA
"8716",1944,"MC300023",NA
"8717",1944,"MC300024",NA
"8718",1944,"MC300026",0.754
"8719",1944,"MC300027",NA
"8720",1944,"MC300028",NA
"8721",1944,"MC300032",NA
"8722",1944,"MC300033",NA
"8723",1944,"MC302801",NA
"8724",1944,"MC302803",NA
"8725",1944,"MC302807",NA
"8726",1944,"MC302810",3.802
"8727",1944,"MC302813",NA
"8728",1944,"MC302819",NA
"8729",1944,"MC302820",NA
"8730",1944,"MC302825",NA
"8731",1944,"MC302827",NA
"8732",1944,"MC302829",NA
"8733",1944,"MC302831",NA
"8734",1944,"MC302833",NA
"8735",1944,"MC302834",NA
"8736",1944,"MC302835",NA
"8737",1945,"JB118309",NA
"8738",1945,"JB118312",1.573
"8739",1945,"JB118313",1.396
"8740",1945,"JB118316",1.17
"8741",1945,"JB118317",1.708
"8742",1945,"JB118318",1.193
"8743",1945,"JB118320",0.75
"8744",1945,"JB118322",0.676
"8745",1945,"JB118323",0.611
"8746",1945,"JB118324",0.587
"8747",1945,"JB118326",0.379
"8748",1945,"JB118327",1.146
"8749",1945,"JB118332",0.316
"8750",1945,"JB118336",0.687
"8751",1945,"JB130804",NA
"8752",1945,"JB130807",NA
"8753",1945,"JB130808",NA
"8754",1945,"JB130810",1.575
"8755",1945,"JB130813",NA
"8756",1945,"JB130814",NA
"8757",1945,"JB130815",NA
"8758",1945,"JB130816",NA
"8759",1945,"JB130817",NA
"8760",1945,"JB130819",NA
"8761",1945,"JB130821",NA
"8762",1945,"JB130827",0.806
"8763",1945,"MC195302",NA
"8764",1945,"MC195303",1.598
"8765",1945,"MC195304",0.967
"8766",1945,"MC195306",0.562
"8767",1945,"MC195307",NA
"8768",1945,"MC195313",NA
"8769",1945,"MC195314",NA
"8770",1945,"MC195318",NA
"8771",1945,"MC195319",0.844
"8772",1945,"MC195325",NA
"8773",1945,"MC195329",NA
"8774",1945,"MC216001",NA
"8775",1945,"MC216002",NA
"8776",1945,"MC216003",NA
"8777",1945,"MC216004",NA
"8778",1945,"MC216005",NA
"8779",1945,"MC216010",NA
"8780",1945,"MC216012",NA
"8781",1945,"MC216014",NA
"8782",1945,"MC216018",NA
"8783",1945,"MC216020",NA
"8784",1945,"MC216022",NA
"8785",1945,"MC216026",NA
"8786",1945,"MC216027",NA
"8787",1945,"MC216029",NA
"8788",1945,"MC216030",NA
"8789",1945,"MC216039",NA
"8790",1945,"MC231201",1.133
"8791",1945,"MC231203",0.656
"8792",1945,"MC231204",1.79
"8793",1945,"MC231205",0.741
"8794",1945,"MC231206",1.041
"8795",1945,"MC231207",0.682
"8796",1945,"MC231209",0.826
"8797",1945,"MC231211",0.937
"8798",1945,"MC231212",1.042
"8799",1945,"MC231213",1.263
"8800",1945,"MC231216",NA
"8801",1945,"MC231217",1.954
"8802",1945,"MC231219",NA
"8803",1945,"MC231221",NA
"8804",1945,"MC231225",NA
"8805",1945,"MC231226",0.975
"8806",1945,"MC231227",NA
"8807",1945,"MC231232",NA
"8808",1945,"MC231234",1.271
"8809",1945,"MC255807",0.133
"8810",1945,"MC255808",0.204
"8811",1945,"MC255809",0.406
"8812",1945,"MC255811",NA
"8813",1945,"MC255814",0.331
"8814",1945,"MC255815",0.248
"8815",1945,"MC255817",0.207
"8816",1945,"MC255824",0.263
"8817",1945,"MC255825",0.262
"8818",1945,"MC255826",0.36
"8819",1945,"MC255827",0.34
"8820",1945,"MC255828",NA
"8821",1945,"MC255830",NA
"8822",1945,"MC255831",0.341
"8823",1945,"MC255833",0.453
"8824",1945,"MC300001",NA
"8825",1945,"MC300017",NA
"8826",1945,"MC300018",NA
"8827",1945,"MC300022",NA
"8828",1945,"MC300023",NA
"8829",1945,"MC300024",NA
"8830",1945,"MC300026",0.207
"8831",1945,"MC300027",NA
"8832",1945,"MC300028",NA
"8833",1945,"MC300032",NA
"8834",1945,"MC300033",NA
"8835",1945,"MC302801",NA
"8836",1945,"MC302803",NA
"8837",1945,"MC302807",NA
"8838",1945,"MC302810",1.503
"8839",1945,"MC302813",NA
"8840",1945,"MC302819",NA
"8841",1945,"MC302820",NA
"8842",1945,"MC302825",NA
"8843",1945,"MC302827",NA
"8844",1945,"MC302829",NA
"8845",1945,"MC302831",NA
"8846",1945,"MC302833",NA
"8847",1945,"MC302834",NA
"8848",1945,"MC302835",NA
"8849",1946,"JB118309",NA
"8850",1946,"JB118312",2.03
"8851",1946,"JB118313",1.494
"8852",1946,"JB118316",1.684
"8853",1946,"JB118317",2.408
"8854",1946,"JB118318",1.099
"8855",1946,"JB118320",0.949
"8856",1946,"JB118322",1.092
"8857",1946,"JB118323",0.559
"8858",1946,"JB118324",0.573
"8859",1946,"JB118326",0.728
"8860",1946,"JB118327",1.151
"8861",1946,"JB118332",0.518
"8862",1946,"JB118336",0.667
"8863",1946,"JB130804",NA
"8864",1946,"JB130807",NA
"8865",1946,"JB130808",NA
"8866",1946,"JB130810",1.838
"8867",1946,"JB130813",NA
"8868",1946,"JB130814",NA
"8869",1946,"JB130815",NA
"8870",1946,"JB130816",NA
"8871",1946,"JB130817",NA
"8872",1946,"JB130819",NA
"8873",1946,"JB130821",NA
"8874",1946,"JB130827",0.835
"8875",1946,"MC195302",NA
"8876",1946,"MC195303",1.354
"8877",1946,"MC195304",1.042
"8878",1946,"MC195306",0.496
"8879",1946,"MC195307",NA
"8880",1946,"MC195313",NA
"8881",1946,"MC195314",NA
"8882",1946,"MC195318",NA
"8883",1946,"MC195319",0.878
"8884",1946,"MC195325",NA
"8885",1946,"MC195329",NA
"8886",1946,"MC216001",NA
"8887",1946,"MC216002",NA
"8888",1946,"MC216003",NA
"8889",1946,"MC216004",NA
"8890",1946,"MC216005",NA
"8891",1946,"MC216010",NA
"8892",1946,"MC216012",NA
"8893",1946,"MC216014",NA
"8894",1946,"MC216018",NA
"8895",1946,"MC216020",NA
"8896",1946,"MC216022",NA
"8897",1946,"MC216026",NA
"8898",1946,"MC216027",NA
"8899",1946,"MC216029",NA
"8900",1946,"MC216030",NA
"8901",1946,"MC216039",NA
"8902",1946,"MC231201",1.181
"8903",1946,"MC231203",0.653
"8904",1946,"MC231204",1.891
"8905",1946,"MC231205",1.177
"8906",1946,"MC231206",0.938
"8907",1946,"MC231207",0.73
"8908",1946,"MC231209",1.151
"8909",1946,"MC231211",1.534
"8910",1946,"MC231212",1.227
"8911",1946,"MC231213",1.554
"8912",1946,"MC231216",NA
"8913",1946,"MC231217",2.097
"8914",1946,"MC231219",NA
"8915",1946,"MC231221",NA
"8916",1946,"MC231225",NA
"8917",1946,"MC231226",1.873
"8918",1946,"MC231227",NA
"8919",1946,"MC231232",NA
"8920",1946,"MC231234",1.114
"8921",1946,"MC255807",0.129
"8922",1946,"MC255808",1.046
"8923",1946,"MC255809",0.396
"8924",1946,"MC255811",NA
"8925",1946,"MC255814",0.199
"8926",1946,"MC255815",0.207
"8927",1946,"MC255817",0.239
"8928",1946,"MC255824",0.278
"8929",1946,"MC255825",0.203
"8930",1946,"MC255826",0.213
"8931",1946,"MC255827",0.408
"8932",1946,"MC255828",NA
"8933",1946,"MC255830",NA
"8934",1946,"MC255831",0.208
"8935",1946,"MC255833",0.403
"8936",1946,"MC300001",NA
"8937",1946,"MC300017",NA
"8938",1946,"MC300018",NA
"8939",1946,"MC300022",NA
"8940",1946,"MC300023",NA
"8941",1946,"MC300024",NA
"8942",1946,"MC300026",0.074
"8943",1946,"MC300027",NA
"8944",1946,"MC300028",NA
"8945",1946,"MC300032",NA
"8946",1946,"MC300033",NA
"8947",1946,"MC302801",NA
"8948",1946,"MC302803",NA
"8949",1946,"MC302807",NA
"8950",1946,"MC302810",0.982
"8951",1946,"MC302813",NA
"8952",1946,"MC302819",NA
"8953",1946,"MC302820",NA
"8954",1946,"MC302825",NA
"8955",1946,"MC302827",NA
"8956",1946,"MC302829",NA
"8957",1946,"MC302831",NA
"8958",1946,"MC302833",NA
"8959",1946,"MC302834",NA
"8960",1946,"MC302835",NA
"8961",1947,"JB118309",NA
"8962",1947,"JB118312",1.864
"8963",1947,"JB118313",1.819
"8964",1947,"JB118316",1.688
"8965",1947,"JB118317",2.363
"8966",1947,"JB118318",1.25
"8967",1947,"JB118320",0.917
"8968",1947,"JB118322",0.997
"8969",1947,"JB118323",0.831
"8970",1947,"JB118324",0.618
"8971",1947,"JB118326",0.683
"8972",1947,"JB118327",1.01
"8973",1947,"JB118332",0.673
"8974",1947,"JB118336",0.675
"8975",1947,"JB130804",NA
"8976",1947,"JB130807",NA
"8977",1947,"JB130808",NA
"8978",1947,"JB130810",0.871
"8979",1947,"JB130813",NA
"8980",1947,"JB130814",NA
"8981",1947,"JB130815",NA
"8982",1947,"JB130816",NA
"8983",1947,"JB130817",NA
"8984",1947,"JB130819",NA
"8985",1947,"JB130821",NA
"8986",1947,"JB130827",0.575
"8987",1947,"MC195302",NA
"8988",1947,"MC195303",0.268
"8989",1947,"MC195304",0.137
"8990",1947,"MC195306",0.17
"8991",1947,"MC195307",NA
"8992",1947,"MC195313",0.187
"8993",1947,"MC195314",1.41
"8994",1947,"MC195318",NA
"8995",1947,"MC195319",0.361
"8996",1947,"MC195325",NA
"8997",1947,"MC195329",NA
"8998",1947,"MC216001",NA
"8999",1947,"MC216002",NA
"9000",1947,"MC216003",NA
"9001",1947,"MC216004",NA
"9002",1947,"MC216005",NA
"9003",1947,"MC216010",NA
"9004",1947,"MC216012",NA
"9005",1947,"MC216014",NA
"9006",1947,"MC216018",NA
"9007",1947,"MC216020",NA
"9008",1947,"MC216022",NA
"9009",1947,"MC216026",NA
"9010",1947,"MC216027",NA
"9011",1947,"MC216029",NA
"9012",1947,"MC216030",NA
"9013",1947,"MC216039",NA
"9014",1947,"MC231201",0.722
"9015",1947,"MC231203",0.474
"9016",1947,"MC231204",1.503
"9017",1947,"MC231205",0.344
"9018",1947,"MC231206",0.28
"9019",1947,"MC231207",0.601
"9020",1947,"MC231209",0.321
"9021",1947,"MC231211",1.194
"9022",1947,"MC231212",0.626
"9023",1947,"MC231213",0.808
"9024",1947,"MC231216",NA
"9025",1947,"MC231217",1.401
"9026",1947,"MC231219",NA
"9027",1947,"MC231221",NA
"9028",1947,"MC231225",NA
"9029",1947,"MC231226",1.305
"9030",1947,"MC231227",NA
"9031",1947,"MC231232",NA
"9032",1947,"MC231234",1.127
"9033",1947,"MC255807",0.102
"9034",1947,"MC255808",0.831
"9035",1947,"MC255809",0.411
"9036",1947,"MC255811",NA
"9037",1947,"MC255814",0.168
"9038",1947,"MC255815",0.172
"9039",1947,"MC255817",0.094
"9040",1947,"MC255824",0.204
"9041",1947,"MC255825",0.192
"9042",1947,"MC255826",0.055
"9043",1947,"MC255827",0.342
"9044",1947,"MC255828",NA
"9045",1947,"MC255830",NA
"9046",1947,"MC255831",0.253
"9047",1947,"MC255833",0.268
"9048",1947,"MC300001",NA
"9049",1947,"MC300017",NA
"9050",1947,"MC300018",NA
"9051",1947,"MC300022",NA
"9052",1947,"MC300023",NA
"9053",1947,"MC300024",NA
"9054",1947,"MC300026",1.571
"9055",1947,"MC300027",NA
"9056",1947,"MC300028",NA
"9057",1947,"MC300032",NA
"9058",1947,"MC300033",NA
"9059",1947,"MC302801",NA
"9060",1947,"MC302803",NA
"9061",1947,"MC302807",NA
"9062",1947,"MC302810",2.347
"9063",1947,"MC302813",NA
"9064",1947,"MC302819",NA
"9065",1947,"MC302820",NA
"9066",1947,"MC302825",NA
"9067",1947,"MC302827",NA
"9068",1947,"MC302829",NA
"9069",1947,"MC302831",NA
"9070",1947,"MC302833",NA
"9071",1947,"MC302834",NA
"9072",1947,"MC302835",NA
"9073",1948,"JB118309",NA
"9074",1948,"JB118312",1.486
"9075",1948,"JB118313",1.59
"9076",1948,"JB118316",1.286
"9077",1948,"JB118317",2.045
"9078",1948,"JB118318",1.29
"9079",1948,"JB118320",1.393
"9080",1948,"JB118322",0.781
"9081",1948,"JB118323",1.094
"9082",1948,"JB118324",0.788
"9083",1948,"JB118326",1.043
"9084",1948,"JB118327",1.19
"9085",1948,"JB118332",1.101
"9086",1948,"JB118336",1.1
"9087",1948,"JB130804",NA
"9088",1948,"JB130807",NA
"9089",1948,"JB130808",NA
"9090",1948,"JB130810",1.739
"9091",1948,"JB130813",NA
"9092",1948,"JB130814",NA
"9093",1948,"JB130815",NA
"9094",1948,"JB130816",NA
"9095",1948,"JB130817",NA
"9096",1948,"JB130819",NA
"9097",1948,"JB130821",NA
"9098",1948,"JB130827",1.094
"9099",1948,"MC195302",NA
"9100",1948,"MC195303",0.747
"9101",1948,"MC195304",0.404
"9102",1948,"MC195306",0.16
"9103",1948,"MC195307",NA
"9104",1948,"MC195313",0.052
"9105",1948,"MC195314",0.425
"9106",1948,"MC195318",NA
"9107",1948,"MC195319",0.12
"9108",1948,"MC195325",NA
"9109",1948,"MC195329",NA
"9110",1948,"MC216001",NA
"9111",1948,"MC216002",NA
"9112",1948,"MC216003",NA
"9113",1948,"MC216004",NA
"9114",1948,"MC216005",NA
"9115",1948,"MC216010",NA
"9116",1948,"MC216012",NA
"9117",1948,"MC216014",NA
"9118",1948,"MC216018",NA
"9119",1948,"MC216020",NA
"9120",1948,"MC216022",NA
"9121",1948,"MC216026",NA
"9122",1948,"MC216027",NA
"9123",1948,"MC216029",NA
"9124",1948,"MC216030",NA
"9125",1948,"MC216039",NA
"9126",1948,"MC231201",0.66
"9127",1948,"MC231203",0.376
"9128",1948,"MC231204",0.964
"9129",1948,"MC231205",0.597
"9130",1948,"MC231206",0.472
"9131",1948,"MC231207",0.667
"9132",1948,"MC231209",0.405
"9133",1948,"MC231211",1.28
"9134",1948,"MC231212",0.591
"9135",1948,"MC231213",0.764
"9136",1948,"MC231216",1.058
"9137",1948,"MC231217",1.222
"9138",1948,"MC231219",NA
"9139",1948,"MC231221",NA
"9140",1948,"MC231225",NA
"9141",1948,"MC231226",1.309
"9142",1948,"MC231227",NA
"9143",1948,"MC231232",NA
"9144",1948,"MC231234",1.754
"9145",1948,"MC255807",0.133
"9146",1948,"MC255808",1.016
"9147",1948,"MC255809",0.974
"9148",1948,"MC255811",NA
"9149",1948,"MC255814",0.135
"9150",1948,"MC255815",0.06
"9151",1948,"MC255817",0.12
"9152",1948,"MC255824",0.282
"9153",1948,"MC255825",0.213
"9154",1948,"MC255826",0.08
"9155",1948,"MC255827",0.518
"9156",1948,"MC255828",NA
"9157",1948,"MC255830",NA
"9158",1948,"MC255831",0.199
"9159",1948,"MC255833",0.426
"9160",1948,"MC300001",NA
"9161",1948,"MC300017",NA
"9162",1948,"MC300018",NA
"9163",1948,"MC300022",NA
"9164",1948,"MC300023",NA
"9165",1948,"MC300024",NA
"9166",1948,"MC300026",1.544
"9167",1948,"MC300027",NA
"9168",1948,"MC300028",NA
"9169",1948,"MC300032",NA
"9170",1948,"MC300033",NA
"9171",1948,"MC302801",NA
"9172",1948,"MC302803",NA
"9173",1948,"MC302807",NA
"9174",1948,"MC302810",1.482
"9175",1948,"MC302813",NA
"9176",1948,"MC302819",NA
"9177",1948,"MC302820",NA
"9178",1948,"MC302825",NA
"9179",1948,"MC302827",NA
"9180",1948,"MC302829",NA
"9181",1948,"MC302831",NA
"9182",1948,"MC302833",NA
"9183",1948,"MC302834",NA
"9184",1948,"MC302835",NA
"9185",1949,"JB118309",NA
"9186",1949,"JB118312",0.973
"9187",1949,"JB118313",0.601
"9188",1949,"JB118316",1.047
"9189",1949,"JB118317",1.421
"9190",1949,"JB118318",0.622
"9191",1949,"JB118320",0.569
"9192",1949,"JB118322",0.414
"9193",1949,"JB118323",0.462
"9194",1949,"JB118324",0.214
"9195",1949,"JB118326",0.174
"9196",1949,"JB118327",0.455
"9197",1949,"JB118332",0.287
"9198",1949,"JB118336",0.392
"9199",1949,"JB130804",NA
"9200",1949,"JB130807",NA
"9201",1949,"JB130808",NA
"9202",1949,"JB130810",1.4
"9203",1949,"JB130813",NA
"9204",1949,"JB130814",NA
"9205",1949,"JB130815",NA
"9206",1949,"JB130816",NA
"9207",1949,"JB130817",NA
"9208",1949,"JB130819",NA
"9209",1949,"JB130821",NA
"9210",1949,"JB130827",1.305
"9211",1949,"MC195302",NA
"9212",1949,"MC195303",0.674
"9213",1949,"MC195304",0.632
"9214",1949,"MC195306",0.073
"9215",1949,"MC195307",NA
"9216",1949,"MC195313",0.211
"9217",1949,"MC195314",0.321
"9218",1949,"MC195318",NA
"9219",1949,"MC195319",0.129
"9220",1949,"MC195325",NA
"9221",1949,"MC195329",NA
"9222",1949,"MC216001",NA
"9223",1949,"MC216002",NA
"9224",1949,"MC216003",NA
"9225",1949,"MC216004",NA
"9226",1949,"MC216005",NA
"9227",1949,"MC216010",NA
"9228",1949,"MC216012",NA
"9229",1949,"MC216014",NA
"9230",1949,"MC216018",NA
"9231",1949,"MC216020",NA
"9232",1949,"MC216022",NA
"9233",1949,"MC216026",NA
"9234",1949,"MC216027",NA
"9235",1949,"MC216029",NA
"9236",1949,"MC216030",NA
"9237",1949,"MC216039",NA
"9238",1949,"MC231201",0.544
"9239",1949,"MC231203",0.418
"9240",1949,"MC231204",1.248
"9241",1949,"MC231205",0.294
"9242",1949,"MC231206",0.29
"9243",1949,"MC231207",0.321
"9244",1949,"MC231209",0.345
"9245",1949,"MC231211",1.152
"9246",1949,"MC231212",0.783
"9247",1949,"MC231213",0.783
"9248",1949,"MC231216",1.35
"9249",1949,"MC231217",0.891
"9250",1949,"MC231219",NA
"9251",1949,"MC231221",NA
"9252",1949,"MC231225",NA
"9253",1949,"MC231226",1.116
"9254",1949,"MC231227",NA
"9255",1949,"MC231232",NA
"9256",1949,"MC231234",0.734
"9257",1949,"MC255807",0.058
"9258",1949,"MC255808",0.771
"9259",1949,"MC255809",0.369
"9260",1949,"MC255811",NA
"9261",1949,"MC255814",0.105
"9262",1949,"MC255815",0.064
"9263",1949,"MC255817",0.045
"9264",1949,"MC255824",0.27
"9265",1949,"MC255825",0.276
"9266",1949,"MC255826",0.055
"9267",1949,"MC255827",0.264
"9268",1949,"MC255828",NA
"9269",1949,"MC255830",NA
"9270",1949,"MC255831",0.152
"9271",1949,"MC255833",0.115
"9272",1949,"MC300001",NA
"9273",1949,"MC300017",NA
"9274",1949,"MC300018",NA
"9275",1949,"MC300022",NA
"9276",1949,"MC300023",NA
"9277",1949,"MC300024",NA
"9278",1949,"MC300026",0.765
"9279",1949,"MC300027",NA
"9280",1949,"MC300028",NA
"9281",1949,"MC300032",NA
"9282",1949,"MC300033",NA
"9283",1949,"MC302801",NA
"9284",1949,"MC302803",NA
"9285",1949,"MC302807",NA
"9286",1949,"MC302810",1.507
"9287",1949,"MC302813",NA
"9288",1949,"MC302819",NA
"9289",1949,"MC302820",NA
"9290",1949,"MC302825",NA
"9291",1949,"MC302827",NA
"9292",1949,"MC302829",NA
"9293",1949,"MC302831",NA
"9294",1949,"MC302833",NA
"9295",1949,"MC302834",NA
"9296",1949,"MC302835",NA
"9297",1950,"JB118309",NA
"9298",1950,"JB118312",0.648
"9299",1950,"JB118313",0.736
"9300",1950,"JB118316",1.514
"9301",1950,"JB118317",1.489
"9302",1950,"JB118318",0.44
"9303",1950,"JB118320",0.93
"9304",1950,"JB118322",0.502
"9305",1950,"JB118323",0.62
"9306",1950,"JB118324",0.44
"9307",1950,"JB118326",0.455
"9308",1950,"JB118327",0.646
"9309",1950,"JB118332",0.302
"9310",1950,"JB118336",0.619
"9311",1950,"JB130804",NA
"9312",1950,"JB130807",NA
"9313",1950,"JB130808",NA
"9314",1950,"JB130810",1.304
"9315",1950,"JB130813",NA
"9316",1950,"JB130814",NA
"9317",1950,"JB130815",NA
"9318",1950,"JB130816",NA
"9319",1950,"JB130817",NA
"9320",1950,"JB130819",NA
"9321",1950,"JB130821",NA
"9322",1950,"JB130827",1.262
"9323",1950,"MC195302",NA
"9324",1950,"MC195303",1.301
"9325",1950,"MC195304",0.412
"9326",1950,"MC195306",0.329
"9327",1950,"MC195307",NA
"9328",1950,"MC195313",0.682
"9329",1950,"MC195314",0.525
"9330",1950,"MC195318",NA
"9331",1950,"MC195319",0.674
"9332",1950,"MC195325",NA
"9333",1950,"MC195329",NA
"9334",1950,"MC216001",NA
"9335",1950,"MC216002",NA
"9336",1950,"MC216003",NA
"9337",1950,"MC216004",NA
"9338",1950,"MC216005",NA
"9339",1950,"MC216010",NA
"9340",1950,"MC216012",NA
"9341",1950,"MC216014",NA
"9342",1950,"MC216018",NA
"9343",1950,"MC216020",NA
"9344",1950,"MC216022",NA
"9345",1950,"MC216026",NA
"9346",1950,"MC216027",NA
"9347",1950,"MC216029",NA
"9348",1950,"MC216030",NA
"9349",1950,"MC216039",NA
"9350",1950,"MC231201",0.463
"9351",1950,"MC231203",0.493
"9352",1950,"MC231204",1.482
"9353",1950,"MC231205",0.573
"9354",1950,"MC231206",0.518
"9355",1950,"MC231207",0.511
"9356",1950,"MC231209",0.361
"9357",1950,"MC231211",0.581
"9358",1950,"MC231212",0.626
"9359",1950,"MC231213",1.012
"9360",1950,"MC231216",1.442
"9361",1950,"MC231217",0.866
"9362",1950,"MC231219",NA
"9363",1950,"MC231221",NA
"9364",1950,"MC231225",NA
"9365",1950,"MC231226",1.644
"9366",1950,"MC231227",NA
"9367",1950,"MC231232",NA
"9368",1950,"MC231234",0.68
"9369",1950,"MC255807",0.15
"9370",1950,"MC255808",0.802
"9371",1950,"MC255809",0.711
"9372",1950,"MC255811",NA
"9373",1950,"MC255814",0.156
"9374",1950,"MC255815",0.068
"9375",1950,"MC255817",0.088
"9376",1950,"MC255824",0.355
"9377",1950,"MC255825",0.269
"9378",1950,"MC255826",0.053
"9379",1950,"MC255827",0.677
"9380",1950,"MC255828",NA
"9381",1950,"MC255830",NA
"9382",1950,"MC255831",0.179
"9383",1950,"MC255833",0.622
"9384",1950,"MC300001",NA
"9385",1950,"MC300017",NA
"9386",1950,"MC300018",NA
"9387",1950,"MC300022",NA
"9388",1950,"MC300023",NA
"9389",1950,"MC300024",NA
"9390",1950,"MC300026",1.026
"9391",1950,"MC300027",NA
"9392",1950,"MC300028",NA
"9393",1950,"MC300032",NA
"9394",1950,"MC300033",NA
"9395",1950,"MC302801",NA
"9396",1950,"MC302803",NA
"9397",1950,"MC302807",NA
"9398",1950,"MC302810",1.53
"9399",1950,"MC302813",NA
"9400",1950,"MC302819",NA
"9401",1950,"MC302820",NA
"9402",1950,"MC302825",NA
"9403",1950,"MC302827",NA
"9404",1950,"MC302829",NA
"9405",1950,"MC302831",NA
"9406",1950,"MC302833",NA
"9407",1950,"MC302834",NA
"9408",1950,"MC302835",NA
"9409",1951,"JB118309",NA
"9410",1951,"JB118312",0.749
"9411",1951,"JB118313",0.822
"9412",1951,"JB118316",1.033
"9413",1951,"JB118317",1.445
"9414",1951,"JB118318",0.79
"9415",1951,"JB118320",0.685
"9416",1951,"JB118322",0.453
"9417",1951,"JB118323",0.418
"9418",1951,"JB118324",0.454
"9419",1951,"JB118326",0.358
"9420",1951,"JB118327",0.38
"9421",1951,"JB118332",0.357
"9422",1951,"JB118336",0.489
"9423",1951,"JB130804",NA
"9424",1951,"JB130807",NA
"9425",1951,"JB130808",NA
"9426",1951,"JB130810",0.932
"9427",1951,"JB130813",NA
"9428",1951,"JB130814",NA
"9429",1951,"JB130815",NA
"9430",1951,"JB130816",NA
"9431",1951,"JB130817",NA
"9432",1951,"JB130819",NA
"9433",1951,"JB130821",NA
"9434",1951,"JB130827",0.687
"9435",1951,"MC195302",1.37
"9436",1951,"MC195303",2.187
"9437",1951,"MC195304",0.726
"9438",1951,"MC195306",0.44
"9439",1951,"MC195307",NA
"9440",1951,"MC195313",1.475
"9441",1951,"MC195314",1.298
"9442",1951,"MC195318",NA
"9443",1951,"MC195319",0.604
"9444",1951,"MC195325",NA
"9445",1951,"MC195329",NA
"9446",1951,"MC216001",NA
"9447",1951,"MC216002",NA
"9448",1951,"MC216003",NA
"9449",1951,"MC216004",NA
"9450",1951,"MC216005",NA
"9451",1951,"MC216010",NA
"9452",1951,"MC216012",NA
"9453",1951,"MC216014",NA
"9454",1951,"MC216018",NA
"9455",1951,"MC216020",NA
"9456",1951,"MC216022",NA
"9457",1951,"MC216026",NA
"9458",1951,"MC216027",NA
"9459",1951,"MC216029",NA
"9460",1951,"MC216030",NA
"9461",1951,"MC216039",NA
"9462",1951,"MC231201",0.804
"9463",1951,"MC231203",1.165
"9464",1951,"MC231204",1.715
"9465",1951,"MC231205",0.644
"9466",1951,"MC231206",0.653
"9467",1951,"MC231207",0.652
"9468",1951,"MC231209",0.895
"9469",1951,"MC231211",0.784
"9470",1951,"MC231212",1.028
"9471",1951,"MC231213",1.185
"9472",1951,"MC231216",1.823
"9473",1951,"MC231217",1.271
"9474",1951,"MC231219",NA
"9475",1951,"MC231221",NA
"9476",1951,"MC231225",NA
"9477",1951,"MC231226",1.717
"9478",1951,"MC231227",NA
"9479",1951,"MC231232",NA
"9480",1951,"MC231234",0.844
"9481",1951,"MC255807",0.059
"9482",1951,"MC255808",0.129
"9483",1951,"MC255809",0.123
"9484",1951,"MC255811",NA
"9485",1951,"MC255814",0.121
"9486",1951,"MC255815",0.02
"9487",1951,"MC255817",0.045
"9488",1951,"MC255824",0.081
"9489",1951,"MC255825",0.16
"9490",1951,"MC255826",0.056
"9491",1951,"MC255827",0.153
"9492",1951,"MC255828",NA
"9493",1951,"MC255830",NA
"9494",1951,"MC255831",0.101
"9495",1951,"MC255833",0.243
"9496",1951,"MC300001",NA
"9497",1951,"MC300017",NA
"9498",1951,"MC300018",NA
"9499",1951,"MC300022",NA
"9500",1951,"MC300023",NA
"9501",1951,"MC300024",NA
"9502",1951,"MC300026",1.845
"9503",1951,"MC300027",NA
"9504",1951,"MC300028",NA
"9505",1951,"MC300032",NA
"9506",1951,"MC300033",NA
"9507",1951,"MC302801",NA
"9508",1951,"MC302803",NA
"9509",1951,"MC302807",NA
"9510",1951,"MC302810",1.999
"9511",1951,"MC302813",NA
"9512",1951,"MC302819",NA
"9513",1951,"MC302820",NA
"9514",1951,"MC302825",NA
"9515",1951,"MC302827",NA
"9516",1951,"MC302829",NA
"9517",1951,"MC302831",NA
"9518",1951,"MC302833",NA
"9519",1951,"MC302834",NA
"9520",1951,"MC302835",NA
"9521",1952,"JB118309",NA
"9522",1952,"JB118312",0.998
"9523",1952,"JB118313",1.034
"9524",1952,"JB118316",1.514
"9525",1952,"JB118317",1.599
"9526",1952,"JB118318",0.909
"9527",1952,"JB118320",0.835
"9528",1952,"JB118322",0.859
"9529",1952,"JB118323",0.509
"9530",1952,"JB118324",0.519
"9531",1952,"JB118326",0.436
"9532",1952,"JB118327",0.528
"9533",1952,"JB118332",0.322
"9534",1952,"JB118336",0.508
"9535",1952,"JB130804",NA
"9536",1952,"JB130807",NA
"9537",1952,"JB130808",NA
"9538",1952,"JB130810",0.624
"9539",1952,"JB130813",NA
"9540",1952,"JB130814",NA
"9541",1952,"JB130815",NA
"9542",1952,"JB130816",NA
"9543",1952,"JB130817",NA
"9544",1952,"JB130819",NA
"9545",1952,"JB130821",NA
"9546",1952,"JB130827",0.188
"9547",1952,"MC195302",2.776
"9548",1952,"MC195303",2.653
"9549",1952,"MC195304",0.484
"9550",1952,"MC195306",0.651
"9551",1952,"MC195307",0.924
"9552",1952,"MC195313",1.842
"9553",1952,"MC195314",1.365
"9554",1952,"MC195318",NA
"9555",1952,"MC195319",1.157
"9556",1952,"MC195325",NA
"9557",1952,"MC195329",NA
"9558",1952,"MC216001",NA
"9559",1952,"MC216002",NA
"9560",1952,"MC216003",NA
"9561",1952,"MC216004",NA
"9562",1952,"MC216005",NA
"9563",1952,"MC216010",NA
"9564",1952,"MC216012",NA
"9565",1952,"MC216014",NA
"9566",1952,"MC216018",NA
"9567",1952,"MC216020",NA
"9568",1952,"MC216022",NA
"9569",1952,"MC216026",NA
"9570",1952,"MC216027",NA
"9571",1952,"MC216029",NA
"9572",1952,"MC216030",NA
"9573",1952,"MC216039",NA
"9574",1952,"MC231201",1.023
"9575",1952,"MC231203",1.452
"9576",1952,"MC231204",2.077
"9577",1952,"MC231205",0.905
"9578",1952,"MC231206",0.998
"9579",1952,"MC231207",0.97
"9580",1952,"MC231209",0.927
"9581",1952,"MC231211",0.889
"9582",1952,"MC231212",1.099
"9583",1952,"MC231213",1.467
"9584",1952,"MC231216",1.918
"9585",1952,"MC231217",1.345
"9586",1952,"MC231219",NA
"9587",1952,"MC231221",NA
"9588",1952,"MC231225",NA
"9589",1952,"MC231226",1.304
"9590",1952,"MC231227",NA
"9591",1952,"MC231232",NA
"9592",1952,"MC231234",1.565
"9593",1952,"MC255807",0.223
"9594",1952,"MC255808",1.155
"9595",1952,"MC255809",1.264
"9596",1952,"MC255811",NA
"9597",1952,"MC255814",1.089
"9598",1952,"MC255815",0.392
"9599",1952,"MC255817",0.236
"9600",1952,"MC255824",0.644
"9601",1952,"MC255825",0.371
"9602",1952,"MC255826",0.696
"9603",1952,"MC255827",0.709
"9604",1952,"MC255828",NA
"9605",1952,"MC255830",NA
"9606",1952,"MC255831",0.462
"9607",1952,"MC255833",2.082
"9608",1952,"MC300001",NA
"9609",1952,"MC300017",NA
"9610",1952,"MC300018",NA
"9611",1952,"MC300022",NA
"9612",1952,"MC300023",NA
"9613",1952,"MC300024",NA
"9614",1952,"MC300026",3.623
"9615",1952,"MC300027",NA
"9616",1952,"MC300028",NA
"9617",1952,"MC300032",NA
"9618",1952,"MC300033",NA
"9619",1952,"MC302801",NA
"9620",1952,"MC302803",NA
"9621",1952,"MC302807",NA
"9622",1952,"MC302810",2.02
"9623",1952,"MC302813",NA
"9624",1952,"MC302819",NA
"9625",1952,"MC302820",NA
"9626",1952,"MC302825",NA
"9627",1952,"MC302827",NA
"9628",1952,"MC302829",NA
"9629",1952,"MC302831",NA
"9630",1952,"MC302833",NA
"9631",1952,"MC302834",NA
"9632",1952,"MC302835",NA
"9633",1953,"JB118309",NA
"9634",1953,"JB118312",0.426
"9635",1953,"JB118313",0.447
"9636",1953,"JB118316",0.929
"9637",1953,"JB118317",0.736
"9638",1953,"JB118318",0.428
"9639",1953,"JB118320",0.252
"9640",1953,"JB118322",0.348
"9641",1953,"JB118323",0.227
"9642",1953,"JB118324",0.227
"9643",1953,"JB118326",0.281
"9644",1953,"JB118327",0.171
"9645",1953,"JB118332",0.346
"9646",1953,"JB118336",0.199
"9647",1953,"JB130804",NA
"9648",1953,"JB130807",NA
"9649",1953,"JB130808",NA
"9650",1953,"JB130810",1.595
"9651",1953,"JB130813",NA
"9652",1953,"JB130814",NA
"9653",1953,"JB130815",NA
"9654",1953,"JB130816",NA
"9655",1953,"JB130817",NA
"9656",1953,"JB130819",NA
"9657",1953,"JB130821",NA
"9658",1953,"JB130827",0.278
"9659",1953,"MC195302",1.012
"9660",1953,"MC195303",1.963
"9661",1953,"MC195304",0.635
"9662",1953,"MC195306",0.41
"9663",1953,"MC195307",1.125
"9664",1953,"MC195313",1.928
"9665",1953,"MC195314",1.145
"9666",1953,"MC195318",NA
"9667",1953,"MC195319",1.123
"9668",1953,"MC195325",NA
"9669",1953,"MC195329",NA
"9670",1953,"MC216001",NA
"9671",1953,"MC216002",NA
"9672",1953,"MC216003",NA
"9673",1953,"MC216004",NA
"9674",1953,"MC216005",NA
"9675",1953,"MC216010",NA
"9676",1953,"MC216012",NA
"9677",1953,"MC216014",NA
"9678",1953,"MC216018",NA
"9679",1953,"MC216020",NA
"9680",1953,"MC216022",NA
"9681",1953,"MC216026",NA
"9682",1953,"MC216027",NA
"9683",1953,"MC216029",NA
"9684",1953,"MC216030",NA
"9685",1953,"MC216039",NA
"9686",1953,"MC231201",0.463
"9687",1953,"MC231203",0.409
"9688",1953,"MC231204",0.686
"9689",1953,"MC231205",0.455
"9690",1953,"MC231206",0.592
"9691",1953,"MC231207",0.774
"9692",1953,"MC231209",0.747
"9693",1953,"MC231211",0.545
"9694",1953,"MC231212",0.615
"9695",1953,"MC231213",1.079
"9696",1953,"MC231216",0.901
"9697",1953,"MC231217",0.803
"9698",1953,"MC231219",NA
"9699",1953,"MC231221",NA
"9700",1953,"MC231225",NA
"9701",1953,"MC231226",1.005
"9702",1953,"MC231227",NA
"9703",1953,"MC231232",NA
"9704",1953,"MC231234",1.049
"9705",1953,"MC255807",0.483
"9706",1953,"MC255808",0.569
"9707",1953,"MC255809",0.749
"9708",1953,"MC255811",NA
"9709",1953,"MC255814",1.298
"9710",1953,"MC255815",0.572
"9711",1953,"MC255817",0.396
"9712",1953,"MC255824",0.735
"9713",1953,"MC255825",0.501
"9714",1953,"MC255826",0.269
"9715",1953,"MC255827",0.835
"9716",1953,"MC255828",NA
"9717",1953,"MC255830",NA
"9718",1953,"MC255831",0.508
"9719",1953,"MC255833",1.017
"9720",1953,"MC300001",NA
"9721",1953,"MC300017",NA
"9722",1953,"MC300018",NA
"9723",1953,"MC300022",NA
"9724",1953,"MC300023",NA
"9725",1953,"MC300024",NA
"9726",1953,"MC300026",4.12
"9727",1953,"MC300027",NA
"9728",1953,"MC300028",NA
"9729",1953,"MC300032",NA
"9730",1953,"MC300033",NA
"9731",1953,"MC302801",NA
"9732",1953,"MC302803",NA
"9733",1953,"MC302807",NA
"9734",1953,"MC302810",2.83
"9735",1953,"MC302813",NA
"9736",1953,"MC302819",NA
"9737",1953,"MC302820",NA
"9738",1953,"MC302825",NA
"9739",1953,"MC302827",NA
"9740",1953,"MC302829",NA
"9741",1953,"MC302831",NA
"9742",1953,"MC302833",NA
"9743",1953,"MC302834",NA
"9744",1953,"MC302835",NA
"9745",1954,"JB118309",NA
"9746",1954,"JB118312",0.095
"9747",1954,"JB118313",0.373
"9748",1954,"JB118316",0.92
"9749",1954,"JB118317",0.662
"9750",1954,"JB118318",0.504
"9751",1954,"JB118320",0.463
"9752",1954,"JB118322",0.442
"9753",1954,"JB118323",0.371
"9754",1954,"JB118324",0.091
"9755",1954,"JB118326",0.194
"9756",1954,"JB118327",0.205
"9757",1954,"JB118332",0.154
"9758",1954,"JB118336",0.475
"9759",1954,"JB130804",NA
"9760",1954,"JB130807",NA
"9761",1954,"JB130808",NA
"9762",1954,"JB130810",1.517
"9763",1954,"JB130813",NA
"9764",1954,"JB130814",NA
"9765",1954,"JB130815",NA
"9766",1954,"JB130816",NA
"9767",1954,"JB130817",NA
"9768",1954,"JB130819",NA
"9769",1954,"JB130821",NA
"9770",1954,"JB130827",0.353
"9771",1954,"MC195302",1.083
"9772",1954,"MC195303",1.462
"9773",1954,"MC195304",0.899
"9774",1954,"MC195306",0.237
"9775",1954,"MC195307",1.374
"9776",1954,"MC195313",2.224
"9777",1954,"MC195314",1.613
"9778",1954,"MC195318",NA
"9779",1954,"MC195319",0.963
"9780",1954,"MC195325",NA
"9781",1954,"MC195329",NA
"9782",1954,"MC216001",NA
"9783",1954,"MC216002",NA
"9784",1954,"MC216003",NA
"9785",1954,"MC216004",NA
"9786",1954,"MC216005",NA
"9787",1954,"MC216010",NA
"9788",1954,"MC216012",NA
"9789",1954,"MC216014",NA
"9790",1954,"MC216018",NA
"9791",1954,"MC216020",NA
"9792",1954,"MC216022",NA
"9793",1954,"MC216026",NA
"9794",1954,"MC216027",NA
"9795",1954,"MC216029",NA
"9796",1954,"MC216030",NA
"9797",1954,"MC216039",NA
"9798",1954,"MC231201",0.364
"9799",1954,"MC231203",0.304
"9800",1954,"MC231204",0.718
"9801",1954,"MC231205",0.437
"9802",1954,"MC231206",0.381
"9803",1954,"MC231207",0.263
"9804",1954,"MC231209",0.526
"9805",1954,"MC231211",0.556
"9806",1954,"MC231212",0.597
"9807",1954,"MC231213",0.551
"9808",1954,"MC231216",0.848
"9809",1954,"MC231217",0.901
"9810",1954,"MC231219",NA
"9811",1954,"MC231221",NA
"9812",1954,"MC231225",NA
"9813",1954,"MC231226",0.684
"9814",1954,"MC231227",NA
"9815",1954,"MC231232",NA
"9816",1954,"MC231234",1.017
"9817",1954,"MC255807",0.227
"9818",1954,"MC255808",0.653
"9819",1954,"MC255809",0.753
"9820",1954,"MC255811",NA
"9821",1954,"MC255814",0.467
"9822",1954,"MC255815",0.492
"9823",1954,"MC255817",0.297
"9824",1954,"MC255824",0.235
"9825",1954,"MC255825",0.622
"9826",1954,"MC255826",0.497
"9827",1954,"MC255827",0.448
"9828",1954,"MC255828",NA
"9829",1954,"MC255830",NA
"9830",1954,"MC255831",0.267
"9831",1954,"MC255833",0.843
"9832",1954,"MC300001",NA
"9833",1954,"MC300017",NA
"9834",1954,"MC300018",NA
"9835",1954,"MC300022",NA
"9836",1954,"MC300023",NA
"9837",1954,"MC300024",NA
"9838",1954,"MC300026",3.332
"9839",1954,"MC300027",NA
"9840",1954,"MC300028",NA
"9841",1954,"MC300032",NA
"9842",1954,"MC300033",NA
"9843",1954,"MC302801",NA
"9844",1954,"MC302803",NA
"9845",1954,"MC302807",NA
"9846",1954,"MC302810",1.247
"9847",1954,"MC302813",NA
"9848",1954,"MC302819",NA
"9849",1954,"MC302820",NA
"9850",1954,"MC302825",NA
"9851",1954,"MC302827",NA
"9852",1954,"MC302829",NA
"9853",1954,"MC302831",NA
"9854",1954,"MC302833",NA
"9855",1954,"MC302834",NA
"9856",1954,"MC302835",NA
"9857",1955,"JB118309",NA
"9858",1955,"JB118312",0.643
"9859",1955,"JB118313",1.253
"9860",1955,"JB118316",1.095
"9861",1955,"JB118317",1.326
"9862",1955,"JB118318",1.019
"9863",1955,"JB118320",0.784
"9864",1955,"JB118322",0.662
"9865",1955,"JB118323",0.9
"9866",1955,"JB118324",0.618
"9867",1955,"JB118326",0.61
"9868",1955,"JB118327",0.758
"9869",1955,"JB118332",0.441
"9870",1955,"JB118336",0.809
"9871",1955,"JB130804",NA
"9872",1955,"JB130807",NA
"9873",1955,"JB130808",NA
"9874",1955,"JB130810",1.417
"9875",1955,"JB130813",NA
"9876",1955,"JB130814",NA
"9877",1955,"JB130815",NA
"9878",1955,"JB130816",NA
"9879",1955,"JB130817",NA
"9880",1955,"JB130819",NA
"9881",1955,"JB130821",NA
"9882",1955,"JB130827",0.491
"9883",1955,"MC195302",1.273
"9884",1955,"MC195303",1.778
"9885",1955,"MC195304",0.813
"9886",1955,"MC195306",0.897
"9887",1955,"MC195307",1.064
"9888",1955,"MC195313",3.63
"9889",1955,"MC195314",0.99
"9890",1955,"MC195318",NA
"9891",1955,"MC195319",1.804
"9892",1955,"MC195325",NA
"9893",1955,"MC195329",NA
"9894",1955,"MC216001",NA
"9895",1955,"MC216002",NA
"9896",1955,"MC216003",NA
"9897",1955,"MC216004",NA
"9898",1955,"MC216005",NA
"9899",1955,"MC216010",NA
"9900",1955,"MC216012",NA
"9901",1955,"MC216014",NA
"9902",1955,"MC216018",NA
"9903",1955,"MC216020",NA
"9904",1955,"MC216022",NA
"9905",1955,"MC216026",NA
"9906",1955,"MC216027",NA
"9907",1955,"MC216029",NA
"9908",1955,"MC216030",NA
"9909",1955,"MC216039",NA
"9910",1955,"MC231201",0.684
"9911",1955,"MC231203",0.56
"9912",1955,"MC231204",1.44
"9913",1955,"MC231205",0.69
"9914",1955,"MC231206",0.389
"9915",1955,"MC231207",0.655
"9916",1955,"MC231209",1.23
"9917",1955,"MC231211",1.083
"9918",1955,"MC231212",1.032
"9919",1955,"MC231213",1.342
"9920",1955,"MC231216",1.611
"9921",1955,"MC231217",1.048
"9922",1955,"MC231219",NA
"9923",1955,"MC231221",NA
"9924",1955,"MC231225",NA
"9925",1955,"MC231226",1.558
"9926",1955,"MC231227",NA
"9927",1955,"MC231232",NA
"9928",1955,"MC231234",1.676
"9929",1955,"MC255807",0.759
"9930",1955,"MC255808",0.912
"9931",1955,"MC255809",1.417
"9932",1955,"MC255811",NA
"9933",1955,"MC255814",1.017
"9934",1955,"MC255815",0.776
"9935",1955,"MC255817",0.456
"9936",1955,"MC255824",0.417
"9937",1955,"MC255825",1.047
"9938",1955,"MC255826",0.792
"9939",1955,"MC255827",1.348
"9940",1955,"MC255828",NA
"9941",1955,"MC255830",NA
"9942",1955,"MC255831",0.313
"9943",1955,"MC255833",2.171
"9944",1955,"MC300001",NA
"9945",1955,"MC300017",NA
"9946",1955,"MC300018",NA
"9947",1955,"MC300022",NA
"9948",1955,"MC300023",NA
"9949",1955,"MC300024",NA
"9950",1955,"MC300026",4.115
"9951",1955,"MC300027",NA
"9952",1955,"MC300028",NA
"9953",1955,"MC300032",NA
"9954",1955,"MC300033",NA
"9955",1955,"MC302801",NA
"9956",1955,"MC302803",NA
"9957",1955,"MC302807",NA
"9958",1955,"MC302810",1.45
"9959",1955,"MC302813",NA
"9960",1955,"MC302819",NA
"9961",1955,"MC302820",NA
"9962",1955,"MC302825",NA
"9963",1955,"MC302827",NA
"9964",1955,"MC302829",NA
"9965",1955,"MC302831",NA
"9966",1955,"MC302833",NA
"9967",1955,"MC302834",NA
"9968",1955,"MC302835",NA
"9969",1956,"JB118309",0.568
"9970",1956,"JB118312",0.67
"9971",1956,"JB118313",1.626
"9972",1956,"JB118316",0.864
"9973",1956,"JB118317",0.803
"9974",1956,"JB118318",1.204
"9975",1956,"JB118320",0.8
"9976",1956,"JB118322",0.892
"9977",1956,"JB118323",0.738
"9978",1956,"JB118324",0.48
"9979",1956,"JB118326",0.377
"9980",1956,"JB118327",0.351
"9981",1956,"JB118332",0.358
"9982",1956,"JB118336",0.677
"9983",1956,"JB130804",NA
"9984",1956,"JB130807",NA
"9985",1956,"JB130808",NA
"9986",1956,"JB130810",1.941
"9987",1956,"JB130813",NA
"9988",1956,"JB130814",NA
"9989",1956,"JB130815",NA
"9990",1956,"JB130816",NA
"9991",1956,"JB130817",NA
"9992",1956,"JB130819",NA
"9993",1956,"JB130821",NA
"9994",1956,"JB130827",0.594
"9995",1956,"MC195302",1.095
"9996",1956,"MC195303",1.503
"9997",1956,"MC195304",0.845
"9998",1956,"MC195306",0.551
"9999",1956,"MC195307",0.839
"10000",1956,"MC195313",2.763
"10001",1956,"MC195314",1.052
"10002",1956,"MC195318",0.873
"10003",1956,"MC195319",1.385
"10004",1956,"MC195325",NA
"10005",1956,"MC195329",NA
"10006",1956,"MC216001",0.503
"10007",1956,"MC216002",NA
"10008",1956,"MC216003",NA
"10009",1956,"MC216004",NA
"10010",1956,"MC216005",NA
"10011",1956,"MC216010",NA
"10012",1956,"MC216012",NA
"10013",1956,"MC216014",NA
"10014",1956,"MC216018",NA
"10015",1956,"MC216020",NA
"10016",1956,"MC216022",NA
"10017",1956,"MC216026",NA
"10018",1956,"MC216027",NA
"10019",1956,"MC216029",NA
"10020",1956,"MC216030",NA
"10021",1956,"MC216039",NA
"10022",1956,"MC231201",0.853
"10023",1956,"MC231203",0.573
"10024",1956,"MC231204",1.727
"10025",1956,"MC231205",1.087
"10026",1956,"MC231206",0.394
"10027",1956,"MC231207",0.541
"10028",1956,"MC231209",0.465
"10029",1956,"MC231211",1.155
"10030",1956,"MC231212",0.78
"10031",1956,"MC231213",1.49
"10032",1956,"MC231216",0.945
"10033",1956,"MC231217",0.744
"10034",1956,"MC231219",NA
"10035",1956,"MC231221",2.84
"10036",1956,"MC231225",NA
"10037",1956,"MC231226",1.101
"10038",1956,"MC231227",NA
"10039",1956,"MC231232",NA
"10040",1956,"MC231234",1.291
"10041",1956,"MC255807",0.47
"10042",1956,"MC255808",1.118
"10043",1956,"MC255809",0.787
"10044",1956,"MC255811",NA
"10045",1956,"MC255814",1.045
"10046",1956,"MC255815",0.661
"10047",1956,"MC255817",0.696
"10048",1956,"MC255824",0.625
"10049",1956,"MC255825",1.216
"10050",1956,"MC255826",0.297
"10051",1956,"MC255827",0.882
"10052",1956,"MC255828",NA
"10053",1956,"MC255830",NA
"10054",1956,"MC255831",0.376
"10055",1956,"MC255833",1.582
"10056",1956,"MC300001",NA
"10057",1956,"MC300017",NA
"10058",1956,"MC300018",NA
"10059",1956,"MC300022",NA
"10060",1956,"MC300023",NA
"10061",1956,"MC300024",NA
"10062",1956,"MC300026",2.335
"10063",1956,"MC300027",NA
"10064",1956,"MC300028",NA
"10065",1956,"MC300032",NA
"10066",1956,"MC300033",NA
"10067",1956,"MC302801",NA
"10068",1956,"MC302803",NA
"10069",1956,"MC302807",NA
"10070",1956,"MC302810",1.048
"10071",1956,"MC302813",NA
"10072",1956,"MC302819",NA
"10073",1956,"MC302820",NA
"10074",1956,"MC302825",NA
"10075",1956,"MC302827",NA
"10076",1956,"MC302829",NA
"10077",1956,"MC302831",NA
"10078",1956,"MC302833",NA
"10079",1956,"MC302834",NA
"10080",1956,"MC302835",NA
"10081",1957,"JB118309",0.365
"10082",1957,"JB118312",0.285
"10083",1957,"JB118313",0.62
"10084",1957,"JB118316",0.325
"10085",1957,"JB118317",0.844
"10086",1957,"JB118318",0.699
"10087",1957,"JB118320",0.555
"10088",1957,"JB118322",0.634
"10089",1957,"JB118323",0.54
"10090",1957,"JB118324",0.296
"10091",1957,"JB118326",0.371
"10092",1957,"JB118327",0.304
"10093",1957,"JB118332",0.24
"10094",1957,"JB118336",0.565
"10095",1957,"JB130804",NA
"10096",1957,"JB130807",NA
"10097",1957,"JB130808",NA
"10098",1957,"JB130810",0.941
"10099",1957,"JB130813",NA
"10100",1957,"JB130814",NA
"10101",1957,"JB130815",NA
"10102",1957,"JB130816",NA
"10103",1957,"JB130817",NA
"10104",1957,"JB130819",NA
"10105",1957,"JB130821",NA
"10106",1957,"JB130827",0.738
"10107",1957,"MC195302",1.28
"10108",1957,"MC195303",1.228
"10109",1957,"MC195304",0.892
"10110",1957,"MC195306",0.51
"10111",1957,"MC195307",1.002
"10112",1957,"MC195313",1.503
"10113",1957,"MC195314",1.311
"10114",1957,"MC195318",0.949
"10115",1957,"MC195319",1.206
"10116",1957,"MC195325",2.186
"10117",1957,"MC195329",NA
"10118",1957,"MC216001",1.282
"10119",1957,"MC216002",NA
"10120",1957,"MC216003",NA
"10121",1957,"MC216004",NA
"10122",1957,"MC216005",NA
"10123",1957,"MC216010",NA
"10124",1957,"MC216012",NA
"10125",1957,"MC216014",NA
"10126",1957,"MC216018",NA
"10127",1957,"MC216020",NA
"10128",1957,"MC216022",NA
"10129",1957,"MC216026",NA
"10130",1957,"MC216027",NA
"10131",1957,"MC216029",NA
"10132",1957,"MC216030",NA
"10133",1957,"MC216039",NA
"10134",1957,"MC231201",0.688
"10135",1957,"MC231203",0.681
"10136",1957,"MC231204",1.702
"10137",1957,"MC231205",0.447
"10138",1957,"MC231206",0.849
"10139",1957,"MC231207",0.342
"10140",1957,"MC231209",0.788
"10141",1957,"MC231211",0.826
"10142",1957,"MC231212",0.719
"10143",1957,"MC231213",1.306
"10144",1957,"MC231216",1.275
"10145",1957,"MC231217",0.637
"10146",1957,"MC231219",NA
"10147",1957,"MC231221",1.533
"10148",1957,"MC231225",NA
"10149",1957,"MC231226",1.317
"10150",1957,"MC231227",NA
"10151",1957,"MC231232",NA
"10152",1957,"MC231234",0.956
"10153",1957,"MC255807",0.416
"10154",1957,"MC255808",1.042
"10155",1957,"MC255809",1.227
"10156",1957,"MC255811",NA
"10157",1957,"MC255814",1.312
"10158",1957,"MC255815",1.321
"10159",1957,"MC255817",1.066
"10160",1957,"MC255824",1.228
"10161",1957,"MC255825",1.071
"10162",1957,"MC255826",0.448
"10163",1957,"MC255827",1.208
"10164",1957,"MC255828",2.572
"10165",1957,"MC255830",1.285
"10166",1957,"MC255831",0.943
"10167",1957,"MC255833",1.696
"10168",1957,"MC300001",NA
"10169",1957,"MC300017",NA
"10170",1957,"MC300018",NA
"10171",1957,"MC300022",NA
"10172",1957,"MC300023",NA
"10173",1957,"MC300024",NA
"10174",1957,"MC300026",3.41
"10175",1957,"MC300027",NA
"10176",1957,"MC300028",NA
"10177",1957,"MC300032",NA
"10178",1957,"MC300033",NA
"10179",1957,"MC302801",NA
"10180",1957,"MC302803",NA
"10181",1957,"MC302807",NA
"10182",1957,"MC302810",1.221
"10183",1957,"MC302813",NA
"10184",1957,"MC302819",NA
"10185",1957,"MC302820",NA
"10186",1957,"MC302825",NA
"10187",1957,"MC302827",NA
"10188",1957,"MC302829",NA
"10189",1957,"MC302831",NA
"10190",1957,"MC302833",NA
"10191",1957,"MC302834",NA
"10192",1957,"MC302835",NA
"10193",1958,"JB118309",0.445
"10194",1958,"JB118312",0.732
"10195",1958,"JB118313",0.934
"10196",1958,"JB118316",0.755
"10197",1958,"JB118317",1.076
"10198",1958,"JB118318",0.898
"10199",1958,"JB118320",0.747
"10200",1958,"JB118322",0.693
"10201",1958,"JB118323",0.884
"10202",1958,"JB118324",0.466
"10203",1958,"JB118326",1.001
"10204",1958,"JB118327",0.646
"10205",1958,"JB118332",0.277
"10206",1958,"JB118336",0.77
"10207",1958,"JB130804",NA
"10208",1958,"JB130807",NA
"10209",1958,"JB130808",NA
"10210",1958,"JB130810",1.527
"10211",1958,"JB130813",NA
"10212",1958,"JB130814",NA
"10213",1958,"JB130815",NA
"10214",1958,"JB130816",NA
"10215",1958,"JB130817",NA
"10216",1958,"JB130819",NA
"10217",1958,"JB130821",NA
"10218",1958,"JB130827",0.765
"10219",1958,"MC195302",1.708
"10220",1958,"MC195303",1.554
"10221",1958,"MC195304",1.459
"10222",1958,"MC195306",0.777
"10223",1958,"MC195307",1.257
"10224",1958,"MC195313",2.116
"10225",1958,"MC195314",1.171
"10226",1958,"MC195318",1.326
"10227",1958,"MC195319",1.889
"10228",1958,"MC195325",2.203
"10229",1958,"MC195329",NA
"10230",1958,"MC216001",0.527
"10231",1958,"MC216002",NA
"10232",1958,"MC216003",NA
"10233",1958,"MC216004",NA
"10234",1958,"MC216005",NA
"10235",1958,"MC216010",NA
"10236",1958,"MC216012",NA
"10237",1958,"MC216014",NA
"10238",1958,"MC216018",NA
"10239",1958,"MC216020",0.373
"10240",1958,"MC216022",NA
"10241",1958,"MC216026",NA
"10242",1958,"MC216027",NA
"10243",1958,"MC216029",NA
"10244",1958,"MC216030",NA
"10245",1958,"MC216039",NA
"10246",1958,"MC231201",0.966
"10247",1958,"MC231203",0.941
"10248",1958,"MC231204",1.94
"10249",1958,"MC231205",1.235
"10250",1958,"MC231206",0.548
"10251",1958,"MC231207",0.414
"10252",1958,"MC231209",0.961
"10253",1958,"MC231211",1.131
"10254",1958,"MC231212",0.773
"10255",1958,"MC231213",1.935
"10256",1958,"MC231216",1.787
"10257",1958,"MC231217",0.969
"10258",1958,"MC231219",NA
"10259",1958,"MC231221",0.685
"10260",1958,"MC231225",NA
"10261",1958,"MC231226",1.671
"10262",1958,"MC231227",NA
"10263",1958,"MC231232",NA
"10264",1958,"MC231234",1.731
"10265",1958,"MC255807",0.69
"10266",1958,"MC255808",1.185
"10267",1958,"MC255809",1.25
"10268",1958,"MC255811",NA
"10269",1958,"MC255814",1.47
"10270",1958,"MC255815",1.128
"10271",1958,"MC255817",1.048
"10272",1958,"MC255824",1.315
"10273",1958,"MC255825",2.258
"10274",1958,"MC255826",0.514
"10275",1958,"MC255827",1.67
"10276",1958,"MC255828",3.661
"10277",1958,"MC255830",1.352
"10278",1958,"MC255831",1.337
"10279",1958,"MC255833",2.131
"10280",1958,"MC300001",NA
"10281",1958,"MC300017",NA
"10282",1958,"MC300018",NA
"10283",1958,"MC300022",NA
"10284",1958,"MC300023",NA
"10285",1958,"MC300024",NA
"10286",1958,"MC300026",4.563
"10287",1958,"MC300027",NA
"10288",1958,"MC300028",NA
"10289",1958,"MC300032",NA
"10290",1958,"MC300033",NA
"10291",1958,"MC302801",NA
"10292",1958,"MC302803",NA
"10293",1958,"MC302807",NA
"10294",1958,"MC302810",1.127
"10295",1958,"MC302813",NA
"10296",1958,"MC302819",NA
"10297",1958,"MC302820",NA
"10298",1958,"MC302825",NA
"10299",1958,"MC302827",NA
"10300",1958,"MC302829",NA
"10301",1958,"MC302831",NA
"10302",1958,"MC302833",NA
"10303",1958,"MC302834",NA
"10304",1958,"MC302835",NA
"10305",1959,"JB118309",0.895
"10306",1959,"JB118312",0.634
"10307",1959,"JB118313",0.807
"10308",1959,"JB118316",0.763
"10309",1959,"JB118317",1.575
"10310",1959,"JB118318",0.772
"10311",1959,"JB118320",0.795
"10312",1959,"JB118322",0.939
"10313",1959,"JB118323",1.12
"10314",1959,"JB118324",0.523
"10315",1959,"JB118326",1.063
"10316",1959,"JB118327",0.61
"10317",1959,"JB118332",0.422
"10318",1959,"JB118336",0.914
"10319",1959,"JB130804",NA
"10320",1959,"JB130807",NA
"10321",1959,"JB130808",NA
"10322",1959,"JB130810",2.26
"10323",1959,"JB130813",NA
"10324",1959,"JB130814",NA
"10325",1959,"JB130815",NA
"10326",1959,"JB130816",NA
"10327",1959,"JB130817",NA
"10328",1959,"JB130819",NA
"10329",1959,"JB130821",NA
"10330",1959,"JB130827",1.122
"10331",1959,"MC195302",1.276
"10332",1959,"MC195303",1.516
"10333",1959,"MC195304",1.253
"10334",1959,"MC195306",0.481
"10335",1959,"MC195307",1.311
"10336",1959,"MC195313",1.358
"10337",1959,"MC195314",1.485
"10338",1959,"MC195318",1.547
"10339",1959,"MC195319",1.358
"10340",1959,"MC195325",2.282
"10341",1959,"MC195329",NA
"10342",1959,"MC216001",0.97
"10343",1959,"MC216002",NA
"10344",1959,"MC216003",NA
"10345",1959,"MC216004",NA
"10346",1959,"MC216005",NA
"10347",1959,"MC216010",NA
"10348",1959,"MC216012",NA
"10349",1959,"MC216014",NA
"10350",1959,"MC216018",NA
"10351",1959,"MC216020",0.856
"10352",1959,"MC216022",NA
"10353",1959,"MC216026",NA
"10354",1959,"MC216027",NA
"10355",1959,"MC216029",NA
"10356",1959,"MC216030",NA
"10357",1959,"MC216039",1.912
"10358",1959,"MC231201",0.852
"10359",1959,"MC231203",0.78
"10360",1959,"MC231204",1.634
"10361",1959,"MC231205",0.936
"10362",1959,"MC231206",0.953
"10363",1959,"MC231207",0.89
"10364",1959,"MC231209",0.713
"10365",1959,"MC231211",1.398
"10366",1959,"MC231212",0.801
"10367",1959,"MC231213",1.828
"10368",1959,"MC231216",1.422
"10369",1959,"MC231217",0.888
"10370",1959,"MC231219",2.391
"10371",1959,"MC231221",1.568
"10372",1959,"MC231225",NA
"10373",1959,"MC231226",1.564
"10374",1959,"MC231227",NA
"10375",1959,"MC231232",NA
"10376",1959,"MC231234",1.253
"10377",1959,"MC255807",0.327
"10378",1959,"MC255808",0.978
"10379",1959,"MC255809",1.124
"10380",1959,"MC255811",NA
"10381",1959,"MC255814",0.83
"10382",1959,"MC255815",0.737
"10383",1959,"MC255817",0.759
"10384",1959,"MC255824",0.686
"10385",1959,"MC255825",2.303
"10386",1959,"MC255826",0.54
"10387",1959,"MC255827",1.343
"10388",1959,"MC255828",1.714
"10389",1959,"MC255830",1.65
"10390",1959,"MC255831",1.478
"10391",1959,"MC255833",1.736
"10392",1959,"MC300001",NA
"10393",1959,"MC300017",NA
"10394",1959,"MC300018",NA
"10395",1959,"MC300022",NA
"10396",1959,"MC300023",NA
"10397",1959,"MC300024",NA
"10398",1959,"MC300026",3.047
"10399",1959,"MC300027",NA
"10400",1959,"MC300028",NA
"10401",1959,"MC300032",NA
"10402",1959,"MC300033",NA
"10403",1959,"MC302801",NA
"10404",1959,"MC302803",NA
"10405",1959,"MC302807",NA
"10406",1959,"MC302810",0.841
"10407",1959,"MC302813",NA
"10408",1959,"MC302819",NA
"10409",1959,"MC302820",NA
"10410",1959,"MC302825",NA
"10411",1959,"MC302827",NA
"10412",1959,"MC302829",NA
"10413",1959,"MC302831",NA
"10414",1959,"MC302833",NA
"10415",1959,"MC302834",NA
"10416",1959,"MC302835",NA
"10417",1960,"JB118309",0.911
"10418",1960,"JB118312",0.472
"10419",1960,"JB118313",0.706
"10420",1960,"JB118316",0.721
"10421",1960,"JB118317",1.22
"10422",1960,"JB118318",0.765
"10423",1960,"JB118320",0.935
"10424",1960,"JB118322",0.737
"10425",1960,"JB118323",0.9
"10426",1960,"JB118324",0.477
"10427",1960,"JB118326",0.353
"10428",1960,"JB118327",0.358
"10429",1960,"JB118332",0.613
"10430",1960,"JB118336",0.564
"10431",1960,"JB130804",NA
"10432",1960,"JB130807",NA
"10433",1960,"JB130808",NA
"10434",1960,"JB130810",1.687
"10435",1960,"JB130813",NA
"10436",1960,"JB130814",NA
"10437",1960,"JB130815",NA
"10438",1960,"JB130816",NA
"10439",1960,"JB130817",NA
"10440",1960,"JB130819",NA
"10441",1960,"JB130821",NA
"10442",1960,"JB130827",0.955
"10443",1960,"MC195302",2.347
"10444",1960,"MC195303",2.396
"10445",1960,"MC195304",1.399
"10446",1960,"MC195306",0.643
"10447",1960,"MC195307",1.214
"10448",1960,"MC195313",1.897
"10449",1960,"MC195314",1.298
"10450",1960,"MC195318",1.792
"10451",1960,"MC195319",1.528
"10452",1960,"MC195325",2.09
"10453",1960,"MC195329",NA
"10454",1960,"MC216001",1.858
"10455",1960,"MC216002",NA
"10456",1960,"MC216003",NA
"10457",1960,"MC216004",NA
"10458",1960,"MC216005",NA
"10459",1960,"MC216010",NA
"10460",1960,"MC216012",NA
"10461",1960,"MC216014",NA
"10462",1960,"MC216018",NA
"10463",1960,"MC216020",1.018
"10464",1960,"MC216022",NA
"10465",1960,"MC216026",NA
"10466",1960,"MC216027",NA
"10467",1960,"MC216029",NA
"10468",1960,"MC216030",NA
"10469",1960,"MC216039",1.47
"10470",1960,"MC231201",0.753
"10471",1960,"MC231203",0.762
"10472",1960,"MC231204",1.511
"10473",1960,"MC231205",1.589
"10474",1960,"MC231206",0.883
"10475",1960,"MC231207",1.243
"10476",1960,"MC231209",0.755
"10477",1960,"MC231211",1.701
"10478",1960,"MC231212",1.22
"10479",1960,"MC231213",2.102
"10480",1960,"MC231216",1.466
"10481",1960,"MC231217",0.844
"10482",1960,"MC231219",3.151
"10483",1960,"MC231221",2.717
"10484",1960,"MC231225",NA
"10485",1960,"MC231226",1.586
"10486",1960,"MC231227",2.239
"10487",1960,"MC231232",NA
"10488",1960,"MC231234",1.288
"10489",1960,"MC255807",0.513
"10490",1960,"MC255808",1.051
"10491",1960,"MC255809",1.005
"10492",1960,"MC255811",NA
"10493",1960,"MC255814",1.274
"10494",1960,"MC255815",0.779
"10495",1960,"MC255817",0.675
"10496",1960,"MC255824",1.057
"10497",1960,"MC255825",1.779
"10498",1960,"MC255826",0.628
"10499",1960,"MC255827",0.858
"10500",1960,"MC255828",1.65
"10501",1960,"MC255830",1.572
"10502",1960,"MC255831",0.859
"10503",1960,"MC255833",2.287
"10504",1960,"MC300001",NA
"10505",1960,"MC300017",NA
"10506",1960,"MC300018",NA
"10507",1960,"MC300022",NA
"10508",1960,"MC300023",NA
"10509",1960,"MC300024",NA
"10510",1960,"MC300026",2.145
"10511",1960,"MC300027",NA
"10512",1960,"MC300028",NA
"10513",1960,"MC300032",NA
"10514",1960,"MC300033",NA
"10515",1960,"MC302801",NA
"10516",1960,"MC302803",NA
"10517",1960,"MC302807",NA
"10518",1960,"MC302810",0.776
"10519",1960,"MC302813",NA
"10520",1960,"MC302819",NA
"10521",1960,"MC302820",NA
"10522",1960,"MC302825",NA
"10523",1960,"MC302827",NA
"10524",1960,"MC302829",NA
"10525",1960,"MC302831",NA
"10526",1960,"MC302833",NA
"10527",1960,"MC302834",NA
"10528",1960,"MC302835",NA
"10529",1961,"JB118309",1.227
"10530",1961,"JB118312",0.534
"10531",1961,"JB118313",0.651
"10532",1961,"JB118316",1.101
"10533",1961,"JB118317",1.147
"10534",1961,"JB118318",0.753
"10535",1961,"JB118320",0.657
"10536",1961,"JB118322",0.989
"10537",1961,"JB118323",1.024
"10538",1961,"JB118324",0.557
"10539",1961,"JB118326",0.82
"10540",1961,"JB118327",0.734
"10541",1961,"JB118332",0.657
"10542",1961,"JB118336",0.896
"10543",1961,"JB130804",NA
"10544",1961,"JB130807",NA
"10545",1961,"JB130808",NA
"10546",1961,"JB130810",1.711
"10547",1961,"JB130813",NA
"10548",1961,"JB130814",NA
"10549",1961,"JB130815",NA
"10550",1961,"JB130816",NA
"10551",1961,"JB130817",NA
"10552",1961,"JB130819",NA
"10553",1961,"JB130821",NA
"10554",1961,"JB130827",0.978
"10555",1961,"MC195302",2.335
"10556",1961,"MC195303",2.296
"10557",1961,"MC195304",1.905
"10558",1961,"MC195306",0.94
"10559",1961,"MC195307",1.081
"10560",1961,"MC195313",1.846
"10561",1961,"MC195314",1.36
"10562",1961,"MC195318",1.678
"10563",1961,"MC195319",1.417
"10564",1961,"MC195325",1.906
"10565",1961,"MC195329",1.538
"10566",1961,"MC216001",1.905
"10567",1961,"MC216002",NA
"10568",1961,"MC216003",NA
"10569",1961,"MC216004",NA
"10570",1961,"MC216005",NA
"10571",1961,"MC216010",NA
"10572",1961,"MC216012",NA
"10573",1961,"MC216014",NA
"10574",1961,"MC216018",NA
"10575",1961,"MC216020",2.175
"10576",1961,"MC216022",NA
"10577",1961,"MC216026",NA
"10578",1961,"MC216027",NA
"10579",1961,"MC216029",NA
"10580",1961,"MC216030",NA
"10581",1961,"MC216039",2.147
"10582",1961,"MC231201",0.98
"10583",1961,"MC231203",0.555
"10584",1961,"MC231204",1.852
"10585",1961,"MC231205",1.105
"10586",1961,"MC231206",0.781
"10587",1961,"MC231207",0.998
"10588",1961,"MC231209",0.84
"10589",1961,"MC231211",1.449
"10590",1961,"MC231212",0.921
"10591",1961,"MC231213",1.618
"10592",1961,"MC231216",1.32
"10593",1961,"MC231217",0.773
"10594",1961,"MC231219",3.065
"10595",1961,"MC231221",3.232
"10596",1961,"MC231225",NA
"10597",1961,"MC231226",1.566
"10598",1961,"MC231227",1.534
"10599",1961,"MC231232",NA
"10600",1961,"MC231234",1.208
"10601",1961,"MC255807",0.74
"10602",1961,"MC255808",0.837
"10603",1961,"MC255809",0.932
"10604",1961,"MC255811",NA
"10605",1961,"MC255814",1.673
"10606",1961,"MC255815",0.776
"10607",1961,"MC255817",0.799
"10608",1961,"MC255824",1.616
"10609",1961,"MC255825",1.802
"10610",1961,"MC255826",1.164
"10611",1961,"MC255827",0.905
"10612",1961,"MC255828",1.8
"10613",1961,"MC255830",1.539
"10614",1961,"MC255831",1.775
"10615",1961,"MC255833",2.653
"10616",1961,"MC300001",NA
"10617",1961,"MC300017",NA
"10618",1961,"MC300018",NA
"10619",1961,"MC300022",NA
"10620",1961,"MC300023",NA
"10621",1961,"MC300024",NA
"10622",1961,"MC300026",3.87
"10623",1961,"MC300027",NA
"10624",1961,"MC300028",NA
"10625",1961,"MC300032",4.158
"10626",1961,"MC300033",NA
"10627",1961,"MC302801",NA
"10628",1961,"MC302803",NA
"10629",1961,"MC302807",NA
"10630",1961,"MC302810",0.257
"10631",1961,"MC302813",NA
"10632",1961,"MC302819",NA
"10633",1961,"MC302820",NA
"10634",1961,"MC302825",NA
"10635",1961,"MC302827",NA
"10636",1961,"MC302829",NA
"10637",1961,"MC302831",NA
"10638",1961,"MC302833",NA
"10639",1961,"MC302834",NA
"10640",1961,"MC302835",NA
"10641",1962,"JB118309",1.419
"10642",1962,"JB118312",0.764
"10643",1962,"JB118313",1.136
"10644",1962,"JB118316",1.082
"10645",1962,"JB118317",1.269
"10646",1962,"JB118318",1.067
"10647",1962,"JB118320",0.956
"10648",1962,"JB118322",0.986
"10649",1962,"JB118323",0.921
"10650",1962,"JB118324",0.636
"10651",1962,"JB118326",0.632
"10652",1962,"JB118327",0.699
"10653",1962,"JB118332",0.752
"10654",1962,"JB118336",0.636
"10655",1962,"JB130804",NA
"10656",1962,"JB130807",NA
"10657",1962,"JB130808",NA
"10658",1962,"JB130810",2.077
"10659",1962,"JB130813",NA
"10660",1962,"JB130814",NA
"10661",1962,"JB130815",3.623
"10662",1962,"JB130816",NA
"10663",1962,"JB130817",NA
"10664",1962,"JB130819",NA
"10665",1962,"JB130821",NA
"10666",1962,"JB130827",0.842
"10667",1962,"MC195302",1.33
"10668",1962,"MC195303",1.174
"10669",1962,"MC195304",1.01
"10670",1962,"MC195306",0.647
"10671",1962,"MC195307",1.536
"10672",1962,"MC195313",1.681
"10673",1962,"MC195314",1.142
"10674",1962,"MC195318",1.921
"10675",1962,"MC195319",1.523
"10676",1962,"MC195325",1.869
"10677",1962,"MC195329",1.798
"10678",1962,"MC216001",1.051
"10679",1962,"MC216002",NA
"10680",1962,"MC216003",NA
"10681",1962,"MC216004",NA
"10682",1962,"MC216005",NA
"10683",1962,"MC216010",NA
"10684",1962,"MC216012",NA
"10685",1962,"MC216014",NA
"10686",1962,"MC216018",1.362
"10687",1962,"MC216020",1.725
"10688",1962,"MC216022",NA
"10689",1962,"MC216026",NA
"10690",1962,"MC216027",NA
"10691",1962,"MC216029",NA
"10692",1962,"MC216030",NA
"10693",1962,"MC216039",1.433
"10694",1962,"MC231201",0.741
"10695",1962,"MC231203",0.359
"10696",1962,"MC231204",1.237
"10697",1962,"MC231205",0.974
"10698",1962,"MC231206",0.61
"10699",1962,"MC231207",1.156
"10700",1962,"MC231209",0.676
"10701",1962,"MC231211",1.103
"10702",1962,"MC231212",1.079
"10703",1962,"MC231213",2.091
"10704",1962,"MC231216",1.425
"10705",1962,"MC231217",0.551
"10706",1962,"MC231219",3.177
"10707",1962,"MC231221",2.486
"10708",1962,"MC231225",NA
"10709",1962,"MC231226",1.734
"10710",1962,"MC231227",1.546
"10711",1962,"MC231232",NA
"10712",1962,"MC231234",1.113
"10713",1962,"MC255807",0.738
"10714",1962,"MC255808",1.082
"10715",1962,"MC255809",1.36
"10716",1962,"MC255811",3.346
"10717",1962,"MC255814",1.707
"10718",1962,"MC255815",1.351
"10719",1962,"MC255817",0.498
"10720",1962,"MC255824",1.184
"10721",1962,"MC255825",2.772
"10722",1962,"MC255826",0.912
"10723",1962,"MC255827",0.571
"10724",1962,"MC255828",1.698
"10725",1962,"MC255830",1.853
"10726",1962,"MC255831",1.201
"10727",1962,"MC255833",3.435
"10728",1962,"MC300001",NA
"10729",1962,"MC300017",NA
"10730",1962,"MC300018",NA
"10731",1962,"MC300022",NA
"10732",1962,"MC300023",NA
"10733",1962,"MC300024",NA
"10734",1962,"MC300026",1.357
"10735",1962,"MC300027",NA
"10736",1962,"MC300028",NA
"10737",1962,"MC300032",1.698
"10738",1962,"MC300033",NA
"10739",1962,"MC302801",NA
"10740",1962,"MC302803",NA
"10741",1962,"MC302807",NA
"10742",1962,"MC302810",0.521
"10743",1962,"MC302813",NA
"10744",1962,"MC302819",NA
"10745",1962,"MC302820",NA
"10746",1962,"MC302825",NA
"10747",1962,"MC302827",NA
"10748",1962,"MC302829",NA
"10749",1962,"MC302831",NA
"10750",1962,"MC302833",NA
"10751",1962,"MC302834",NA
"10752",1962,"MC302835",NA
"10753",1963,"JB118309",1.416
"10754",1963,"JB118312",0.561
"10755",1963,"JB118313",0.697
"10756",1963,"JB118316",0.889
"10757",1963,"JB118317",0.765
"10758",1963,"JB118318",0.669
"10759",1963,"JB118320",0.527
"10760",1963,"JB118322",0.686
"10761",1963,"JB118323",0.598
"10762",1963,"JB118324",0.431
"10763",1963,"JB118326",0.524
"10764",1963,"JB118327",0.301
"10765",1963,"JB118332",0.514
"10766",1963,"JB118336",0.593
"10767",1963,"JB130804",NA
"10768",1963,"JB130807",NA
"10769",1963,"JB130808",NA
"10770",1963,"JB130810",2.442
"10771",1963,"JB130813",NA
"10772",1963,"JB130814",NA
"10773",1963,"JB130815",3.444
"10774",1963,"JB130816",NA
"10775",1963,"JB130817",NA
"10776",1963,"JB130819",NA
"10777",1963,"JB130821",NA
"10778",1963,"JB130827",0.936
"10779",1963,"MC195302",0.588
"10780",1963,"MC195303",0.371
"10781",1963,"MC195304",0.536
"10782",1963,"MC195306",0.348
"10783",1963,"MC195307",0.124
"10784",1963,"MC195313",0.95
"10785",1963,"MC195314",1.086
"10786",1963,"MC195318",0.986
"10787",1963,"MC195319",0.989
"10788",1963,"MC195325",0.783
"10789",1963,"MC195329",0.73
"10790",1963,"MC216001",0.852
"10791",1963,"MC216002",NA
"10792",1963,"MC216003",NA
"10793",1963,"MC216004",NA
"10794",1963,"MC216005",NA
"10795",1963,"MC216010",NA
"10796",1963,"MC216012",NA
"10797",1963,"MC216014",NA
"10798",1963,"MC216018",0.597
"10799",1963,"MC216020",1.754
"10800",1963,"MC216022",NA
"10801",1963,"MC216026",NA
"10802",1963,"MC216027",1.328
"10803",1963,"MC216029",NA
"10804",1963,"MC216030",NA
"10805",1963,"MC216039",0.66
"10806",1963,"MC231201",0.484
"10807",1963,"MC231203",0.221
"10808",1963,"MC231204",0.548
"10809",1963,"MC231205",0.245
"10810",1963,"MC231206",0.285
"10811",1963,"MC231207",0.739
"10812",1963,"MC231209",0.331
"10813",1963,"MC231211",0.43
"10814",1963,"MC231212",0.484
"10815",1963,"MC231213",1.065
"10816",1963,"MC231216",0.445
"10817",1963,"MC231217",0.191
"10818",1963,"MC231219",0.724
"10819",1963,"MC231221",0.839
"10820",1963,"MC231225",NA
"10821",1963,"MC231226",0.909
"10822",1963,"MC231227",0.362
"10823",1963,"MC231232",NA
"10824",1963,"MC231234",0.478
"10825",1963,"MC255807",0.58
"10826",1963,"MC255808",0.876
"10827",1963,"MC255809",0.712
"10828",1963,"MC255811",1.684
"10829",1963,"MC255814",1.526
"10830",1963,"MC255815",0.865
"10831",1963,"MC255817",0.481
"10832",1963,"MC255824",0.812
"10833",1963,"MC255825",1.122
"10834",1963,"MC255826",0.591
"10835",1963,"MC255827",0.737
"10836",1963,"MC255828",1.147
"10837",1963,"MC255830",1.234
"10838",1963,"MC255831",1.079
"10839",1963,"MC255833",2.388
"10840",1963,"MC300001",NA
"10841",1963,"MC300017",NA
"10842",1963,"MC300018",NA
"10843",1963,"MC300022",NA
"10844",1963,"MC300023",NA
"10845",1963,"MC300024",NA
"10846",1963,"MC300026",2.08
"10847",1963,"MC300027",NA
"10848",1963,"MC300028",NA
"10849",1963,"MC300032",0.342
"10850",1963,"MC300033",NA
"10851",1963,"MC302801",NA
"10852",1963,"MC302803",NA
"10853",1963,"MC302807",NA
"10854",1963,"MC302810",0.536
"10855",1963,"MC302813",NA
"10856",1963,"MC302819",NA
"10857",1963,"MC302820",NA
"10858",1963,"MC302825",NA
"10859",1963,"MC302827",NA
"10860",1963,"MC302829",NA
"10861",1963,"MC302831",NA
"10862",1963,"MC302833",NA
"10863",1963,"MC302834",NA
"10864",1963,"MC302835",NA
"10865",1964,"JB118309",1.555
"10866",1964,"JB118312",0.65
"10867",1964,"JB118313",0.614
"10868",1964,"JB118316",0.998
"10869",1964,"JB118317",1.253
"10870",1964,"JB118318",0.714
"10871",1964,"JB118320",0.753
"10872",1964,"JB118322",0.886
"10873",1964,"JB118323",0.895
"10874",1964,"JB118324",0.542
"10875",1964,"JB118326",0.658
"10876",1964,"JB118327",0.641
"10877",1964,"JB118332",0.73
"10878",1964,"JB118336",0.748
"10879",1964,"JB130804",NA
"10880",1964,"JB130807",NA
"10881",1964,"JB130808",NA
"10882",1964,"JB130810",1.645
"10883",1964,"JB130813",NA
"10884",1964,"JB130814",NA
"10885",1964,"JB130815",3.265
"10886",1964,"JB130816",NA
"10887",1964,"JB130817",NA
"10888",1964,"JB130819",NA
"10889",1964,"JB130821",NA
"10890",1964,"JB130827",1.059
"10891",1964,"MC195302",1.121
"10892",1964,"MC195303",0.663
"10893",1964,"MC195304",0.923
"10894",1964,"MC195306",0.707
"10895",1964,"MC195307",0.402
"10896",1964,"MC195313",0.645
"10897",1964,"MC195314",0.971
"10898",1964,"MC195318",1.186
"10899",1964,"MC195319",0.964
"10900",1964,"MC195325",0.636
"10901",1964,"MC195329",1.054
"10902",1964,"MC216001",0.609
"10903",1964,"MC216002",NA
"10904",1964,"MC216003",NA
"10905",1964,"MC216004",NA
"10906",1964,"MC216005",NA
"10907",1964,"MC216010",NA
"10908",1964,"MC216012",NA
"10909",1964,"MC216014",NA
"10910",1964,"MC216018",0.72
"10911",1964,"MC216020",1.185
"10912",1964,"MC216022",NA
"10913",1964,"MC216026",NA
"10914",1964,"MC216027",1.505
"10915",1964,"MC216029",NA
"10916",1964,"MC216030",NA
"10917",1964,"MC216039",0.826
"10918",1964,"MC231201",0.171
"10919",1964,"MC231203",0.108
"10920",1964,"MC231204",0.123
"10921",1964,"MC231205",0.273
"10922",1964,"MC231206",0.182
"10923",1964,"MC231207",0.614
"10924",1964,"MC231209",0.366
"10925",1964,"MC231211",0.304
"10926",1964,"MC231212",0.175
"10927",1964,"MC231213",0.616
"10928",1964,"MC231216",0.304
"10929",1964,"MC231217",0.058
"10930",1964,"MC231219",0.293
"10931",1964,"MC231221",0.56
"10932",1964,"MC231225",NA
"10933",1964,"MC231226",0.312
"10934",1964,"MC231227",0.383
"10935",1964,"MC231232",NA
"10936",1964,"MC231234",0.216
"10937",1964,"MC255807",0.358
"10938",1964,"MC255808",0.585
"10939",1964,"MC255809",0.456
"10940",1964,"MC255811",2.004
"10941",1964,"MC255814",0.961
"10942",1964,"MC255815",0.557
"10943",1964,"MC255817",0.243
"10944",1964,"MC255824",0.354
"10945",1964,"MC255825",0.876
"10946",1964,"MC255826",0.576
"10947",1964,"MC255827",0.524
"10948",1964,"MC255828",0.72
"10949",1964,"MC255830",1.318
"10950",1964,"MC255831",0.588
"10951",1964,"MC255833",0.949
"10952",1964,"MC300001",NA
"10953",1964,"MC300017",NA
"10954",1964,"MC300018",NA
"10955",1964,"MC300022",NA
"10956",1964,"MC300023",NA
"10957",1964,"MC300024",NA
"10958",1964,"MC300026",0.496
"10959",1964,"MC300027",NA
"10960",1964,"MC300028",NA
"10961",1964,"MC300032",1.093
"10962",1964,"MC300033",NA
"10963",1964,"MC302801",NA
"10964",1964,"MC302803",NA
"10965",1964,"MC302807",NA
"10966",1964,"MC302810",0.568
"10967",1964,"MC302813",0.595
"10968",1964,"MC302819",NA
"10969",1964,"MC302820",NA
"10970",1964,"MC302825",NA
"10971",1964,"MC302827",NA
"10972",1964,"MC302829",NA
"10973",1964,"MC302831",NA
"10974",1964,"MC302833",NA
"10975",1964,"MC302834",NA
"10976",1964,"MC302835",NA
"10977",1965,"JB118309",1.501
"10978",1965,"JB118312",0.674
"10979",1965,"JB118313",0.827
"10980",1965,"JB118316",1.049
"10981",1965,"JB118317",1.152
"10982",1965,"JB118318",0.874
"10983",1965,"JB118320",0.885
"10984",1965,"JB118322",0.546
"10985",1965,"JB118323",0.278
"10986",1965,"JB118324",0.354
"10987",1965,"JB118326",0.372
"10988",1965,"JB118327",0.242
"10989",1965,"JB118332",0.506
"10990",1965,"JB118336",0.524
"10991",1965,"JB130804",NA
"10992",1965,"JB130807",NA
"10993",1965,"JB130808",NA
"10994",1965,"JB130810",1.028
"10995",1965,"JB130813",NA
"10996",1965,"JB130814",NA
"10997",1965,"JB130815",2.648
"10998",1965,"JB130816",NA
"10999",1965,"JB130817",NA
"11000",1965,"JB130819",NA
"11001",1965,"JB130821",NA
"11002",1965,"JB130827",0.93
"11003",1965,"MC195302",2.062
"11004",1965,"MC195303",2.842
"11005",1965,"MC195304",1.683
"11006",1965,"MC195306",1.566
"11007",1965,"MC195307",1.11
"11008",1965,"MC195313",1.55
"11009",1965,"MC195314",0.801
"11010",1965,"MC195318",2.906
"11011",1965,"MC195319",2.201
"11012",1965,"MC195325",1.969
"11013",1965,"MC195329",2.081
"11014",1965,"MC216001",0.641
"11015",1965,"MC216002",0.306
"11016",1965,"MC216003",NA
"11017",1965,"MC216004",NA
"11018",1965,"MC216005",NA
"11019",1965,"MC216010",NA
"11020",1965,"MC216012",NA
"11021",1965,"MC216014",0.902
"11022",1965,"MC216018",0.667
"11023",1965,"MC216020",1.158
"11024",1965,"MC216022",NA
"11025",1965,"MC216026",NA
"11026",1965,"MC216027",1.362
"11027",1965,"MC216029",NA
"11028",1965,"MC216030",NA
"11029",1965,"MC216039",1.115
"11030",1965,"MC231201",0.419
"11031",1965,"MC231203",0.13
"11032",1965,"MC231204",0.417
"11033",1965,"MC231205",0.512
"11034",1965,"MC231206",0.356
"11035",1965,"MC231207",0.762
"11036",1965,"MC231209",0.656
"11037",1965,"MC231211",0.805
"11038",1965,"MC231212",0.558
"11039",1965,"MC231213",0.952
"11040",1965,"MC231216",0.879
"11041",1965,"MC231217",0.132
"11042",1965,"MC231219",0.732
"11043",1965,"MC231221",1.339
"11044",1965,"MC231225",NA
"11045",1965,"MC231226",0.695
"11046",1965,"MC231227",0.293
"11047",1965,"MC231232",NA
"11048",1965,"MC231234",0.503
"11049",1965,"MC255807",0.555
"11050",1965,"MC255808",1.637
"11051",1965,"MC255809",1.19
"11052",1965,"MC255811",2.673
"11053",1965,"MC255814",1.745
"11054",1965,"MC255815",0.844
"11055",1965,"MC255817",0.506
"11056",1965,"MC255824",0.51
"11057",1965,"MC255825",1.191
"11058",1965,"MC255826",1.187
"11059",1965,"MC255827",0.397
"11060",1965,"MC255828",2.059
"11061",1965,"MC255830",3.047
"11062",1965,"MC255831",0.406
"11063",1965,"MC255833",1.872
"11064",1965,"MC300001",NA
"11065",1965,"MC300017",NA
"11066",1965,"MC300018",NA
"11067",1965,"MC300022",NA
"11068",1965,"MC300023",NA
"11069",1965,"MC300024",NA
"11070",1965,"MC300026",0.334
"11071",1965,"MC300027",NA
"11072",1965,"MC300028",NA
"11073",1965,"MC300032",0.289
"11074",1965,"MC300033",NA
"11075",1965,"MC302801",NA
"11076",1965,"MC302803",NA
"11077",1965,"MC302807",NA
"11078",1965,"MC302810",0.166
"11079",1965,"MC302813",0.172
"11080",1965,"MC302819",NA
"11081",1965,"MC302820",NA
"11082",1965,"MC302825",NA
"11083",1965,"MC302827",NA
"11084",1965,"MC302829",NA
"11085",1965,"MC302831",NA
"11086",1965,"MC302833",NA
"11087",1965,"MC302834",NA
"11088",1965,"MC302835",NA
"11089",1966,"JB118309",0.792
"11090",1966,"JB118312",0.48
"11091",1966,"JB118313",0.402
"11092",1966,"JB118316",1.305
"11093",1966,"JB118317",0.259
"11094",1966,"JB118318",0.56
"11095",1966,"JB118320",0.545
"11096",1966,"JB118322",0.449
"11097",1966,"JB118323",0.19
"11098",1966,"JB118324",0.094
"11099",1966,"JB118326",0.226
"11100",1966,"JB118327",0.07
"11101",1966,"JB118332",0.477
"11102",1966,"JB118336",0.313
"11103",1966,"JB130804",NA
"11104",1966,"JB130807",NA
"11105",1966,"JB130808",NA
"11106",1966,"JB130810",0.482
"11107",1966,"JB130813",NA
"11108",1966,"JB130814",NA
"11109",1966,"JB130815",1.562
"11110",1966,"JB130816",NA
"11111",1966,"JB130817",NA
"11112",1966,"JB130819",NA
"11113",1966,"JB130821",NA
"11114",1966,"JB130827",0.519
"11115",1966,"MC195302",1.696
"11116",1966,"MC195303",2.538
"11117",1966,"MC195304",2.016
"11118",1966,"MC195306",1.066
"11119",1966,"MC195307",1.082
"11120",1966,"MC195313",0.851
"11121",1966,"MC195314",0.431
"11122",1966,"MC195318",2.359
"11123",1966,"MC195319",1.507
"11124",1966,"MC195325",1.166
"11125",1966,"MC195329",1.499
"11126",1966,"MC216001",0.297
"11127",1966,"MC216002",0.242
"11128",1966,"MC216003",NA
"11129",1966,"MC216004",NA
"11130",1966,"MC216005",NA
"11131",1966,"MC216010",NA
"11132",1966,"MC216012",NA
"11133",1966,"MC216014",0.752
"11134",1966,"MC216018",0.175
"11135",1966,"MC216020",0.64
"11136",1966,"MC216022",NA
"11137",1966,"MC216026",NA
"11138",1966,"MC216027",0.709
"11139",1966,"MC216029",NA
"11140",1966,"MC216030",NA
"11141",1966,"MC216039",0.748
"11142",1966,"MC231201",0.321
"11143",1966,"MC231203",0.133
"11144",1966,"MC231204",0.218
"11145",1966,"MC231205",0.186
"11146",1966,"MC231206",0.285
"11147",1966,"MC231207",0.974
"11148",1966,"MC231209",0.565
"11149",1966,"MC231211",0.572
"11150",1966,"MC231212",0.471
"11151",1966,"MC231213",0.674
"11152",1966,"MC231216",0.542
"11153",1966,"MC231217",0.203
"11154",1966,"MC231219",1.32
"11155",1966,"MC231221",1.087
"11156",1966,"MC231225",NA
"11157",1966,"MC231226",0.428
"11158",1966,"MC231227",0.546
"11159",1966,"MC231232",NA
"11160",1966,"MC231234",0.514
"11161",1966,"MC255807",0.492
"11162",1966,"MC255808",1.2
"11163",1966,"MC255809",0.799
"11164",1966,"MC255811",2.702
"11165",1966,"MC255814",1.456
"11166",1966,"MC255815",0.736
"11167",1966,"MC255817",0.313
"11168",1966,"MC255824",0.416
"11169",1966,"MC255825",0.868
"11170",1966,"MC255826",1.024
"11171",1966,"MC255827",0.529
"11172",1966,"MC255828",1.674
"11173",1966,"MC255830",1.393
"11174",1966,"MC255831",0.548
"11175",1966,"MC255833",1.292
"11176",1966,"MC300001",NA
"11177",1966,"MC300017",NA
"11178",1966,"MC300018",NA
"11179",1966,"MC300022",NA
"11180",1966,"MC300023",NA
"11181",1966,"MC300024",NA
"11182",1966,"MC300026",0.094
"11183",1966,"MC300027",NA
"11184",1966,"MC300028",NA
"11185",1966,"MC300032",0.368
"11186",1966,"MC300033",NA
"11187",1966,"MC302801",NA
"11188",1966,"MC302803",NA
"11189",1966,"MC302807",NA
"11190",1966,"MC302810",0.297
"11191",1966,"MC302813",0.161
"11192",1966,"MC302819",NA
"11193",1966,"MC302820",NA
"11194",1966,"MC302825",NA
"11195",1966,"MC302827",NA
"11196",1966,"MC302829",NA
"11197",1966,"MC302831",NA
"11198",1966,"MC302833",NA
"11199",1966,"MC302834",NA
"11200",1966,"MC302835",NA
"11201",1967,"JB118309",1.16
"11202",1967,"JB118312",0.611
"11203",1967,"JB118313",0.644
"11204",1967,"JB118316",0.692
"11205",1967,"JB118317",1.397
"11206",1967,"JB118318",0.872
"11207",1967,"JB118320",0.862
"11208",1967,"JB118322",0.677
"11209",1967,"JB118323",0.736
"11210",1967,"JB118324",0.7
"11211",1967,"JB118326",0.678
"11212",1967,"JB118327",0.609
"11213",1967,"JB118332",0.958
"11214",1967,"JB118336",0.664
"11215",1967,"JB130804",NA
"11216",1967,"JB130807",NA
"11217",1967,"JB130808",NA
"11218",1967,"JB130810",1.478
"11219",1967,"JB130813",NA
"11220",1967,"JB130814",NA
"11221",1967,"JB130815",2.312
"11222",1967,"JB130816",NA
"11223",1967,"JB130817",NA
"11224",1967,"JB130819",NA
"11225",1967,"JB130821",NA
"11226",1967,"JB130827",1.201
"11227",1967,"MC195302",1.931
"11228",1967,"MC195303",2.92
"11229",1967,"MC195304",1.477
"11230",1967,"MC195306",1.022
"11231",1967,"MC195307",0.936
"11232",1967,"MC195313",1.021
"11233",1967,"MC195314",0.339
"11234",1967,"MC195318",3.088
"11235",1967,"MC195319",2.245
"11236",1967,"MC195325",3.004
"11237",1967,"MC195329",2.081
"11238",1967,"MC216001",0.645
"11239",1967,"MC216002",0.777
"11240",1967,"MC216003",NA
"11241",1967,"MC216004",NA
"11242",1967,"MC216005",NA
"11243",1967,"MC216010",NA
"11244",1967,"MC216012",NA
"11245",1967,"MC216014",1.983
"11246",1967,"MC216018",0.743
"11247",1967,"MC216020",1.081
"11248",1967,"MC216022",NA
"11249",1967,"MC216026",NA
"11250",1967,"MC216027",1.109
"11251",1967,"MC216029",NA
"11252",1967,"MC216030",NA
"11253",1967,"MC216039",0.949
"11254",1967,"MC231201",0.376
"11255",1967,"MC231203",0.261
"11256",1967,"MC231204",0.706
"11257",1967,"MC231205",0.746
"11258",1967,"MC231206",0.778
"11259",1967,"MC231207",1.125
"11260",1967,"MC231209",0.797
"11261",1967,"MC231211",0.516
"11262",1967,"MC231212",0.571
"11263",1967,"MC231213",0.755
"11264",1967,"MC231216",0.801
"11265",1967,"MC231217",0.113
"11266",1967,"MC231219",2.262
"11267",1967,"MC231221",1.257
"11268",1967,"MC231225",NA
"11269",1967,"MC231226",0.539
"11270",1967,"MC231227",1.478
"11271",1967,"MC231232",NA
"11272",1967,"MC231234",0.532
"11273",1967,"MC255807",1.144
"11274",1967,"MC255808",1.937
"11275",1967,"MC255809",1.648
"11276",1967,"MC255811",3.201
"11277",1967,"MC255814",2.576
"11278",1967,"MC255815",1.349
"11279",1967,"MC255817",0.742
"11280",1967,"MC255824",1.064
"11281",1967,"MC255825",1.399
"11282",1967,"MC255826",1.602
"11283",1967,"MC255827",1.06
"11284",1967,"MC255828",2.159
"11285",1967,"MC255830",2.643
"11286",1967,"MC255831",0.686
"11287",1967,"MC255833",2.059
"11288",1967,"MC300001",NA
"11289",1967,"MC300017",NA
"11290",1967,"MC300018",NA
"11291",1967,"MC300022",NA
"11292",1967,"MC300023",NA
"11293",1967,"MC300024",NA
"11294",1967,"MC300026",0.823
"11295",1967,"MC300027",NA
"11296",1967,"MC300028",NA
"11297",1967,"MC300032",2.359
"11298",1967,"MC300033",NA
"11299",1967,"MC302801",NA
"11300",1967,"MC302803",NA
"11301",1967,"MC302807",NA
"11302",1967,"MC302810",0.556
"11303",1967,"MC302813",0.502
"11304",1967,"MC302819",NA
"11305",1967,"MC302820",NA
"11306",1967,"MC302825",NA
"11307",1967,"MC302827",NA
"11308",1967,"MC302829",NA
"11309",1967,"MC302831",NA
"11310",1967,"MC302833",NA
"11311",1967,"MC302834",NA
"11312",1967,"MC302835",NA
"11313",1968,"JB118309",0.861
"11314",1968,"JB118312",0.261
"11315",1968,"JB118313",0.529
"11316",1968,"JB118316",1.055
"11317",1968,"JB118317",1.229
"11318",1968,"JB118318",0.531
"11319",1968,"JB118320",0.726
"11320",1968,"JB118322",0.563
"11321",1968,"JB118323",0.392
"11322",1968,"JB118324",0.236
"11323",1968,"JB118326",0.371
"11324",1968,"JB118327",0.343
"11325",1968,"JB118332",0.984
"11326",1968,"JB118336",0.573
"11327",1968,"JB130804",NA
"11328",1968,"JB130807",NA
"11329",1968,"JB130808",NA
"11330",1968,"JB130810",1.712
"11331",1968,"JB130813",NA
"11332",1968,"JB130814",NA
"11333",1968,"JB130815",2.313
"11334",1968,"JB130816",NA
"11335",1968,"JB130817",NA
"11336",1968,"JB130819",NA
"11337",1968,"JB130821",NA
"11338",1968,"JB130827",1.048
"11339",1968,"MC195302",1.797
"11340",1968,"MC195303",2.48
"11341",1968,"MC195304",1.062
"11342",1968,"MC195306",0.888
"11343",1968,"MC195307",0.476
"11344",1968,"MC195313",0.939
"11345",1968,"MC195314",0.339
"11346",1968,"MC195318",1.985
"11347",1968,"MC195319",1.367
"11348",1968,"MC195325",1.453
"11349",1968,"MC195329",1.291
"11350",1968,"MC216001",0.662
"11351",1968,"MC216002",0.461
"11352",1968,"MC216003",NA
"11353",1968,"MC216004",NA
"11354",1968,"MC216005",0.792
"11355",1968,"MC216010",NA
"11356",1968,"MC216012",1.714
"11357",1968,"MC216014",0.869
"11358",1968,"MC216018",0.502
"11359",1968,"MC216020",0.702
"11360",1968,"MC216022",NA
"11361",1968,"MC216026",NA
"11362",1968,"MC216027",1.103
"11363",1968,"MC216029",NA
"11364",1968,"MC216030",NA
"11365",1968,"MC216039",0.423
"11366",1968,"MC231201",0.536
"11367",1968,"MC231203",0.323
"11368",1968,"MC231204",1.608
"11369",1968,"MC231205",0.831
"11370",1968,"MC231206",0.66
"11371",1968,"MC231207",1.36
"11372",1968,"MC231209",0.694
"11373",1968,"MC231211",1.001
"11374",1968,"MC231212",0.895
"11375",1968,"MC231213",0.884
"11376",1968,"MC231216",1.427
"11377",1968,"MC231217",0.3
"11378",1968,"MC231219",2.903
"11379",1968,"MC231221",1.091
"11380",1968,"MC231225",NA
"11381",1968,"MC231226",0.97
"11382",1968,"MC231227",1.834
"11383",1968,"MC231232",NA
"11384",1968,"MC231234",0.829
"11385",1968,"MC255807",0.826
"11386",1968,"MC255808",1.283
"11387",1968,"MC255809",1.041
"11388",1968,"MC255811",1.395
"11389",1968,"MC255814",1.439
"11390",1968,"MC255815",0.419
"11391",1968,"MC255817",0.39
"11392",1968,"MC255824",0.932
"11393",1968,"MC255825",1.501
"11394",1968,"MC255826",0.894
"11395",1968,"MC255827",1.15
"11396",1968,"MC255828",1.69
"11397",1968,"MC255830",1.834
"11398",1968,"MC255831",0.828
"11399",1968,"MC255833",2.578
"11400",1968,"MC300001",NA
"11401",1968,"MC300017",NA
"11402",1968,"MC300018",NA
"11403",1968,"MC300022",NA
"11404",1968,"MC300023",NA
"11405",1968,"MC300024",NA
"11406",1968,"MC300026",0.913
"11407",1968,"MC300027",NA
"11408",1968,"MC300028",NA
"11409",1968,"MC300032",2.169
"11410",1968,"MC300033",NA
"11411",1968,"MC302801",NA
"11412",1968,"MC302803",NA
"11413",1968,"MC302807",NA
"11414",1968,"MC302810",1.294
"11415",1968,"MC302813",1.151
"11416",1968,"MC302819",NA
"11417",1968,"MC302820",NA
"11418",1968,"MC302825",NA
"11419",1968,"MC302827",NA
"11420",1968,"MC302829",NA
"11421",1968,"MC302831",NA
"11422",1968,"MC302833",NA
"11423",1968,"MC302834",NA
"11424",1968,"MC302835",NA
"11425",1969,"JB118309",1.595
"11426",1969,"JB118312",0.557
"11427",1969,"JB118313",0.848
"11428",1969,"JB118316",1.111
"11429",1969,"JB118317",1.302
"11430",1969,"JB118318",0.861
"11431",1969,"JB118320",0.871
"11432",1969,"JB118322",0.704
"11433",1969,"JB118323",0.288
"11434",1969,"JB118324",0.448
"11435",1969,"JB118326",0.681
"11436",1969,"JB118327",0.658
"11437",1969,"JB118332",1.122
"11438",1969,"JB118336",0.736
"11439",1969,"JB130804",NA
"11440",1969,"JB130807",NA
"11441",1969,"JB130808",NA
"11442",1969,"JB130810",1.739
"11443",1969,"JB130813",NA
"11444",1969,"JB130814",NA
"11445",1969,"JB130815",2.791
"11446",1969,"JB130816",NA
"11447",1969,"JB130817",NA
"11448",1969,"JB130819",NA
"11449",1969,"JB130821",NA
"11450",1969,"JB130827",0.886
"11451",1969,"MC195302",2.588
"11452",1969,"MC195303",2.742
"11453",1969,"MC195304",1.438
"11454",1969,"MC195306",1.213
"11455",1969,"MC195307",1.039
"11456",1969,"MC195313",1.53
"11457",1969,"MC195314",0.673
"11458",1969,"MC195318",2.446
"11459",1969,"MC195319",2.161
"11460",1969,"MC195325",1.904
"11461",1969,"MC195329",1.698
"11462",1969,"MC216001",1.717
"11463",1969,"MC216002",1.08
"11464",1969,"MC216003",NA
"11465",1969,"MC216004",NA
"11466",1969,"MC216005",1.083
"11467",1969,"MC216010",NA
"11468",1969,"MC216012",1.99
"11469",1969,"MC216014",1.897
"11470",1969,"MC216018",0.952
"11471",1969,"MC216020",1.291
"11472",1969,"MC216022",NA
"11473",1969,"MC216026",NA
"11474",1969,"MC216027",2.142
"11475",1969,"MC216029",NA
"11476",1969,"MC216030",NA
"11477",1969,"MC216039",0.643
"11478",1969,"MC231201",0.903
"11479",1969,"MC231203",0.332
"11480",1969,"MC231204",1.283
"11481",1969,"MC231205",1.337
"11482",1969,"MC231206",0.994
"11483",1969,"MC231207",1.673
"11484",1969,"MC231209",1.518
"11485",1969,"MC231211",0.903
"11486",1969,"MC231212",1.207
"11487",1969,"MC231213",0.79
"11488",1969,"MC231216",2.01
"11489",1969,"MC231217",0.522
"11490",1969,"MC231219",2.634
"11491",1969,"MC231221",1.909
"11492",1969,"MC231225",NA
"11493",1969,"MC231226",1.482
"11494",1969,"MC231227",1.34
"11495",1969,"MC231232",NA
"11496",1969,"MC231234",1.529
"11497",1969,"MC255807",1.762
"11498",1969,"MC255808",1.944
"11499",1969,"MC255809",2.334
"11500",1969,"MC255811",2.772
"11501",1969,"MC255814",2.813
"11502",1969,"MC255815",0.969
"11503",1969,"MC255817",0.55
"11504",1969,"MC255824",1.675
"11505",1969,"MC255825",4.974
"11506",1969,"MC255826",2.263
"11507",1969,"MC255827",1.873
"11508",1969,"MC255828",3.621
"11509",1969,"MC255830",3.387
"11510",1969,"MC255831",1.97
"11511",1969,"MC255833",5.219
"11512",1969,"MC300001",NA
"11513",1969,"MC300017",NA
"11514",1969,"MC300018",NA
"11515",1969,"MC300022",NA
"11516",1969,"MC300023",NA
"11517",1969,"MC300024",NA
"11518",1969,"MC300026",1.28
"11519",1969,"MC300027",NA
"11520",1969,"MC300028",NA
"11521",1969,"MC300032",4.003
"11522",1969,"MC300033",NA
"11523",1969,"MC302801",NA
"11524",1969,"MC302803",NA
"11525",1969,"MC302807",NA
"11526",1969,"MC302810",0.733
"11527",1969,"MC302813",0.73
"11528",1969,"MC302819",NA
"11529",1969,"MC302820",NA
"11530",1969,"MC302825",NA
"11531",1969,"MC302827",NA
"11532",1969,"MC302829",NA
"11533",1969,"MC302831",NA
"11534",1969,"MC302833",NA
"11535",1969,"MC302834",NA
"11536",1969,"MC302835",NA
"11537",1970,"JB118309",0.818
"11538",1970,"JB118312",0.586
"11539",1970,"JB118313",0.466
"11540",1970,"JB118316",0.688
"11541",1970,"JB118317",0.411
"11542",1970,"JB118318",0.683
"11543",1970,"JB118320",1.05
"11544",1970,"JB118322",0.454
"11545",1970,"JB118323",0.495
"11546",1970,"JB118324",0.439
"11547",1970,"JB118326",0.308
"11548",1970,"JB118327",0.395
"11549",1970,"JB118332",0.823
"11550",1970,"JB118336",0.55
"11551",1970,"JB130804",NA
"11552",1970,"JB130807",NA
"11553",1970,"JB130808",NA
"11554",1970,"JB130810",2.321
"11555",1970,"JB130813",NA
"11556",1970,"JB130814",NA
"11557",1970,"JB130815",3.401
"11558",1970,"JB130816",NA
"11559",1970,"JB130817",NA
"11560",1970,"JB130819",NA
"11561",1970,"JB130821",NA
"11562",1970,"JB130827",1.621
"11563",1970,"MC195302",2.368
"11564",1970,"MC195303",2.35
"11565",1970,"MC195304",1.382
"11566",1970,"MC195306",0.935
"11567",1970,"MC195307",1.005
"11568",1970,"MC195313",1.271
"11569",1970,"MC195314",0.809
"11570",1970,"MC195318",2.371
"11571",1970,"MC195319",2.379
"11572",1970,"MC195325",1.44
"11573",1970,"MC195329",1.652
"11574",1970,"MC216001",0.821
"11575",1970,"MC216002",0.72
"11576",1970,"MC216003",NA
"11577",1970,"MC216004",NA
"11578",1970,"MC216005",0.79
"11579",1970,"MC216010",NA
"11580",1970,"MC216012",0.527
"11581",1970,"MC216014",0.869
"11582",1970,"MC216018",0.421
"11583",1970,"MC216020",0.613
"11584",1970,"MC216022",NA
"11585",1970,"MC216026",NA
"11586",1970,"MC216027",0.95
"11587",1970,"MC216029",NA
"11588",1970,"MC216030",NA
"11589",1970,"MC216039",0.171
"11590",1970,"MC231201",0.37
"11591",1970,"MC231203",0.141
"11592",1970,"MC231204",0.811
"11593",1970,"MC231205",0.636
"11594",1970,"MC231206",0.372
"11595",1970,"MC231207",0.408
"11596",1970,"MC231209",0.546
"11597",1970,"MC231211",0.19
"11598",1970,"MC231212",0.412
"11599",1970,"MC231213",0.367
"11600",1970,"MC231216",0.47
"11601",1970,"MC231217",0.247
"11602",1970,"MC231219",0.604
"11603",1970,"MC231221",0.394
"11604",1970,"MC231225",NA
"11605",1970,"MC231226",0.43
"11606",1970,"MC231227",0.344
"11607",1970,"MC231232",NA
"11608",1970,"MC231234",0.79
"11609",1970,"MC255807",2.121
"11610",1970,"MC255808",1.383
"11611",1970,"MC255809",2.309
"11612",1970,"MC255811",3.138
"11613",1970,"MC255814",2.676
"11614",1970,"MC255815",1.05
"11615",1970,"MC255817",1.436
"11616",1970,"MC255824",1.601
"11617",1970,"MC255825",5.409
"11618",1970,"MC255826",1.63
"11619",1970,"MC255827",2.28
"11620",1970,"MC255828",2.837
"11621",1970,"MC255830",2.201
"11622",1970,"MC255831",2.928
"11623",1970,"MC255833",3.71
"11624",1970,"MC300001",NA
"11625",1970,"MC300017",NA
"11626",1970,"MC300018",NA
"11627",1970,"MC300022",NA
"11628",1970,"MC300023",NA
"11629",1970,"MC300024",NA
"11630",1970,"MC300026",2.102
"11631",1970,"MC300027",NA
"11632",1970,"MC300028",NA
"11633",1970,"MC300032",2.768
"11634",1970,"MC300033",NA
"11635",1970,"MC302801",NA
"11636",1970,"MC302803",NA
"11637",1970,"MC302807",NA
"11638",1970,"MC302810",0.962
"11639",1970,"MC302813",0.936
"11640",1970,"MC302819",NA
"11641",1970,"MC302820",NA
"11642",1970,"MC302825",NA
"11643",1970,"MC302827",NA
"11644",1970,"MC302829",NA
"11645",1970,"MC302831",NA
"11646",1970,"MC302833",NA
"11647",1970,"MC302834",NA
"11648",1970,"MC302835",NA
"11649",1971,"JB118309",1.778
"11650",1971,"JB118312",0.519
"11651",1971,"JB118313",0.377
"11652",1971,"JB118316",0.757
"11653",1971,"JB118317",0.222
"11654",1971,"JB118318",0.771
"11655",1971,"JB118320",0.886
"11656",1971,"JB118322",0.581
"11657",1971,"JB118323",0.436
"11658",1971,"JB118324",0.429
"11659",1971,"JB118326",0.598
"11660",1971,"JB118327",0.578
"11661",1971,"JB118332",0.834
"11662",1971,"JB118336",0.565
"11663",1971,"JB130804",NA
"11664",1971,"JB130807",NA
"11665",1971,"JB130808",NA
"11666",1971,"JB130810",2.063
"11667",1971,"JB130813",NA
"11668",1971,"JB130814",NA
"11669",1971,"JB130815",3.132
"11670",1971,"JB130816",NA
"11671",1971,"JB130817",NA
"11672",1971,"JB130819",NA
"11673",1971,"JB130821",NA
"11674",1971,"JB130827",0.943
"11675",1971,"MC195302",2.127
"11676",1971,"MC195303",2.309
"11677",1971,"MC195304",1.105
"11678",1971,"MC195306",1.254
"11679",1971,"MC195307",0.658
"11680",1971,"MC195313",1.177
"11681",1971,"MC195314",0.832
"11682",1971,"MC195318",2.236
"11683",1971,"MC195319",2.077
"11684",1971,"MC195325",1.13
"11685",1971,"MC195329",1.537
"11686",1971,"MC216001",0.486
"11687",1971,"MC216002",0.664
"11688",1971,"MC216003",NA
"11689",1971,"MC216004",NA
"11690",1971,"MC216005",1.536
"11691",1971,"MC216010",NA
"11692",1971,"MC216012",1.051
"11693",1971,"MC216014",0.771
"11694",1971,"MC216018",0.498
"11695",1971,"MC216020",0.477
"11696",1971,"MC216022",NA
"11697",1971,"MC216026",NA
"11698",1971,"MC216027",0.568
"11699",1971,"MC216029",NA
"11700",1971,"MC216030",NA
"11701",1971,"MC216039",0.24
"11702",1971,"MC231201",0.442
"11703",1971,"MC231203",0.254
"11704",1971,"MC231204",0.933
"11705",1971,"MC231205",1.288
"11706",1971,"MC231206",0.592
"11707",1971,"MC231207",1.038
"11708",1971,"MC231209",0.87
"11709",1971,"MC231211",0.667
"11710",1971,"MC231212",0.819
"11711",1971,"MC231213",0.492
"11712",1971,"MC231216",1.571
"11713",1971,"MC231217",0.378
"11714",1971,"MC231219",2.254
"11715",1971,"MC231221",1.566
"11716",1971,"MC231225",NA
"11717",1971,"MC231226",0.193
"11718",1971,"MC231227",0.998
"11719",1971,"MC231232",NA
"11720",1971,"MC231234",0.396
"11721",1971,"MC255807",0.738
"11722",1971,"MC255808",0.897
"11723",1971,"MC255809",1.462
"11724",1971,"MC255811",3.1
"11725",1971,"MC255814",2.355
"11726",1971,"MC255815",1.137
"11727",1971,"MC255817",0.953
"11728",1971,"MC255824",1.073
"11729",1971,"MC255825",3.247
"11730",1971,"MC255826",1.479
"11731",1971,"MC255827",1.424
"11732",1971,"MC255828",2.179
"11733",1971,"MC255830",2.574
"11734",1971,"MC255831",1.841
"11735",1971,"MC255833",2.623
"11736",1971,"MC300001",NA
"11737",1971,"MC300017",NA
"11738",1971,"MC300018",NA
"11739",1971,"MC300022",NA
"11740",1971,"MC300023",NA
"11741",1971,"MC300024",NA
"11742",1971,"MC300026",0.646
"11743",1971,"MC300027",NA
"11744",1971,"MC300028",NA
"11745",1971,"MC300032",2.124
"11746",1971,"MC300033",NA
"11747",1971,"MC302801",NA
"11748",1971,"MC302803",NA
"11749",1971,"MC302807",NA
"11750",1971,"MC302810",1.024
"11751",1971,"MC302813",1.946
"11752",1971,"MC302819",NA
"11753",1971,"MC302820",NA
"11754",1971,"MC302825",NA
"11755",1971,"MC302827",NA
"11756",1971,"MC302829",NA
"11757",1971,"MC302831",NA
"11758",1971,"MC302833",NA
"11759",1971,"MC302834",NA
"11760",1971,"MC302835",NA
"11761",1972,"JB118309",0.977
"11762",1972,"JB118312",0.564
"11763",1972,"JB118313",0.354
"11764",1972,"JB118316",0.475
"11765",1972,"JB118317",0.369
"11766",1972,"JB118318",0.634
"11767",1972,"JB118320",0.795
"11768",1972,"JB118322",0.58
"11769",1972,"JB118323",0.365
"11770",1972,"JB118324",0.393
"11771",1972,"JB118326",0.423
"11772",1972,"JB118327",0.686
"11773",1972,"JB118332",0.525
"11774",1972,"JB118336",0.678
"11775",1972,"JB130804",NA
"11776",1972,"JB130807",NA
"11777",1972,"JB130808",NA
"11778",1972,"JB130810",2.646
"11779",1972,"JB130813",NA
"11780",1972,"JB130814",NA
"11781",1972,"JB130815",2.729
"11782",1972,"JB130816",NA
"11783",1972,"JB130817",NA
"11784",1972,"JB130819",NA
"11785",1972,"JB130821",NA
"11786",1972,"JB130827",0.771
"11787",1972,"MC195302",1.921
"11788",1972,"MC195303",2.154
"11789",1972,"MC195304",1.151
"11790",1972,"MC195306",1.613
"11791",1972,"MC195307",1.052
"11792",1972,"MC195313",1.265
"11793",1972,"MC195314",1.058
"11794",1972,"MC195318",2.863
"11795",1972,"MC195319",2.281
"11796",1972,"MC195325",1.224
"11797",1972,"MC195329",1.598
"11798",1972,"MC216001",1.759
"11799",1972,"MC216002",0.82
"11800",1972,"MC216003",NA
"11801",1972,"MC216004",NA
"11802",1972,"MC216005",1.459
"11803",1972,"MC216010",NA
"11804",1972,"MC216012",1.74
"11805",1972,"MC216014",0.734
"11806",1972,"MC216018",0.513
"11807",1972,"MC216020",0.835
"11808",1972,"MC216022",0.216
"11809",1972,"MC216026",NA
"11810",1972,"MC216027",1.666
"11811",1972,"MC216029",NA
"11812",1972,"MC216030",NA
"11813",1972,"MC216039",0.598
"11814",1972,"MC231201",0.29
"11815",1972,"MC231203",0.21
"11816",1972,"MC231204",1.069
"11817",1972,"MC231205",1.686
"11818",1972,"MC231206",0.552
"11819",1972,"MC231207",0.707
"11820",1972,"MC231209",0.863
"11821",1972,"MC231211",0.553
"11822",1972,"MC231212",1.2
"11823",1972,"MC231213",0.437
"11824",1972,"MC231216",1.101
"11825",1972,"MC231217",0.424
"11826",1972,"MC231219",2.06
"11827",1972,"MC231221",1.812
"11828",1972,"MC231225",NA
"11829",1972,"MC231226",0.235
"11830",1972,"MC231227",1.132
"11831",1972,"MC231232",NA
"11832",1972,"MC231234",0.869
"11833",1972,"MC255807",1.08
"11834",1972,"MC255808",1.031
"11835",1972,"MC255809",1.166
"11836",1972,"MC255811",2.751
"11837",1972,"MC255814",1.734
"11838",1972,"MC255815",0.921
"11839",1972,"MC255817",0.651
"11840",1972,"MC255824",0.699
"11841",1972,"MC255825",2.57
"11842",1972,"MC255826",1.567
"11843",1972,"MC255827",0.94
"11844",1972,"MC255828",2.292
"11845",1972,"MC255830",3.212
"11846",1972,"MC255831",1.823
"11847",1972,"MC255833",1.832
"11848",1972,"MC300001",NA
"11849",1972,"MC300017",NA
"11850",1972,"MC300018",NA
"11851",1972,"MC300022",NA
"11852",1972,"MC300023",NA
"11853",1972,"MC300024",NA
"11854",1972,"MC300026",0.884
"11855",1972,"MC300027",NA
"11856",1972,"MC300028",NA
"11857",1972,"MC300032",1.537
"11858",1972,"MC300033",NA
"11859",1972,"MC302801",NA
"11860",1972,"MC302803",NA
"11861",1972,"MC302807",NA
"11862",1972,"MC302810",0.777
"11863",1972,"MC302813",1.751
"11864",1972,"MC302819",NA
"11865",1972,"MC302820",NA
"11866",1972,"MC302825",NA
"11867",1972,"MC302827",NA
"11868",1972,"MC302829",NA
"11869",1972,"MC302831",NA
"11870",1972,"MC302833",NA
"11871",1972,"MC302834",NA
"11872",1972,"MC302835",NA
"11873",1973,"JB118309",1.898
"11874",1973,"JB118312",0.389
"11875",1973,"JB118313",0.28
"11876",1973,"JB118316",0.05
"11877",1973,"JB118317",0.443
"11878",1973,"JB118318",0.425
"11879",1973,"JB118320",0.48
"11880",1973,"JB118322",0.503
"11881",1973,"JB118323",0.241
"11882",1973,"JB118324",0.326
"11883",1973,"JB118326",0.152
"11884",1973,"JB118327",0.396
"11885",1973,"JB118332",0.59
"11886",1973,"JB118336",0.672
"11887",1973,"JB130804",NA
"11888",1973,"JB130807",NA
"11889",1973,"JB130808",NA
"11890",1973,"JB130810",2.181
"11891",1973,"JB130813",NA
"11892",1973,"JB130814",NA
"11893",1973,"JB130815",1.579
"11894",1973,"JB130816",NA
"11895",1973,"JB130817",NA
"11896",1973,"JB130819",NA
"11897",1973,"JB130821",NA
"11898",1973,"JB130827",0.924
"11899",1973,"MC195302",1.922
"11900",1973,"MC195303",2.504
"11901",1973,"MC195304",1.457
"11902",1973,"MC195306",1.433
"11903",1973,"MC195307",1.469
"11904",1973,"MC195313",1.612
"11905",1973,"MC195314",1.113
"11906",1973,"MC195318",2.68
"11907",1973,"MC195319",3.027
"11908",1973,"MC195325",1.665
"11909",1973,"MC195329",2.083
"11910",1973,"MC216001",1.119
"11911",1973,"MC216002",0.558
"11912",1973,"MC216003",NA
"11913",1973,"MC216004",NA
"11914",1973,"MC216005",0.884
"11915",1973,"MC216010",NA
"11916",1973,"MC216012",2.305
"11917",1973,"MC216014",1.111
"11918",1973,"MC216018",0.574
"11919",1973,"MC216020",0.468
"11920",1973,"MC216022",0.376
"11921",1973,"MC216026",NA
"11922",1973,"MC216027",0.87
"11923",1973,"MC216029",NA
"11924",1973,"MC216030",NA
"11925",1973,"MC216039",0.371
"11926",1973,"MC231201",0.471
"11927",1973,"MC231203",0.352
"11928",1973,"MC231204",1.496
"11929",1973,"MC231205",1.883
"11930",1973,"MC231206",0.736
"11931",1973,"MC231207",1.513
"11932",1973,"MC231209",1.062
"11933",1973,"MC231211",0.761
"11934",1973,"MC231212",1.645
"11935",1973,"MC231213",0.588
"11936",1973,"MC231216",1.723
"11937",1973,"MC231217",0.659
"11938",1973,"MC231219",2.507
"11939",1973,"MC231221",1.723
"11940",1973,"MC231225",NA
"11941",1973,"MC231226",0.259
"11942",1973,"MC231227",1.541
"11943",1973,"MC231232",NA
"11944",1973,"MC231234",0.832
"11945",1973,"MC255807",1.397
"11946",1973,"MC255808",1.475
"11947",1973,"MC255809",1.691
"11948",1973,"MC255811",3.091
"11949",1973,"MC255814",3.191
"11950",1973,"MC255815",0.801
"11951",1973,"MC255817",0.887
"11952",1973,"MC255824",1.115
"11953",1973,"MC255825",3.096
"11954",1973,"MC255826",1.288
"11955",1973,"MC255827",1.469
"11956",1973,"MC255828",1.769
"11957",1973,"MC255830",2.789
"11958",1973,"MC255831",2.311
"11959",1973,"MC255833",2.45
"11960",1973,"MC300001",NA
"11961",1973,"MC300017",NA
"11962",1973,"MC300018",NA
"11963",1973,"MC300022",NA
"11964",1973,"MC300023",NA
"11965",1973,"MC300024",NA
"11966",1973,"MC300026",1.801
"11967",1973,"MC300027",NA
"11968",1973,"MC300028",NA
"11969",1973,"MC300032",1.843
"11970",1973,"MC300033",NA
"11971",1973,"MC302801",NA
"11972",1973,"MC302803",NA
"11973",1973,"MC302807",NA
"11974",1973,"MC302810",0.714
"11975",1973,"MC302813",2.004
"11976",1973,"MC302819",NA
"11977",1973,"MC302820",NA
"11978",1973,"MC302825",NA
"11979",1973,"MC302827",NA
"11980",1973,"MC302829",NA
"11981",1973,"MC302831",NA
"11982",1973,"MC302833",NA
"11983",1973,"MC302834",NA
"11984",1973,"MC302835",NA
"11985",1974,"JB118309",1.056
"11986",1974,"JB118312",0.673
"11987",1974,"JB118313",0.732
"11988",1974,"JB118316",0.629
"11989",1974,"JB118317",0.644
"11990",1974,"JB118318",0.713
"11991",1974,"JB118320",0.723
"11992",1974,"JB118322",0.887
"11993",1974,"JB118323",0.565
"11994",1974,"JB118324",0.64
"11995",1974,"JB118326",0.998
"11996",1974,"JB118327",0.948
"11997",1974,"JB118332",1.039
"11998",1974,"JB118336",0.836
"11999",1974,"JB130804",NA
"12000",1974,"JB130807",NA
"12001",1974,"JB130808",NA
"12002",1974,"JB130810",2.803
"12003",1974,"JB130813",NA
"12004",1974,"JB130814",NA
"12005",1974,"JB130815",1.938
"12006",1974,"JB130816",NA
"12007",1974,"JB130817",NA
"12008",1974,"JB130819",NA
"12009",1974,"JB130821",NA
"12010",1974,"JB130827",0.859
"12011",1974,"MC195302",2.061
"12012",1974,"MC195303",2.267
"12013",1974,"MC195304",1.089
"12014",1974,"MC195306",1.027
"12015",1974,"MC195307",1.348
"12016",1974,"MC195313",1.337
"12017",1974,"MC195314",0.957
"12018",1974,"MC195318",2.228
"12019",1974,"MC195319",2.54
"12020",1974,"MC195325",1.165
"12021",1974,"MC195329",2.207
"12022",1974,"MC216001",1.54
"12023",1974,"MC216002",0.714
"12024",1974,"MC216003",NA
"12025",1974,"MC216004",NA
"12026",1974,"MC216005",0.989
"12027",1974,"MC216010",NA
"12028",1974,"MC216012",2.091
"12029",1974,"MC216014",0.685
"12030",1974,"MC216018",0.583
"12031",1974,"MC216020",0.598
"12032",1974,"MC216022",0.401
"12033",1974,"MC216026",NA
"12034",1974,"MC216027",1.164
"12035",1974,"MC216029",NA
"12036",1974,"MC216030",0.856
"12037",1974,"MC216039",1.149
"12038",1974,"MC231201",0.811
"12039",1974,"MC231203",0.535
"12040",1974,"MC231204",1.479
"12041",1974,"MC231205",1.343
"12042",1974,"MC231206",1.076
"12043",1974,"MC231207",1.663
"12044",1974,"MC231209",1.136
"12045",1974,"MC231211",0.719
"12046",1974,"MC231212",1.096
"12047",1974,"MC231213",0.502
"12048",1974,"MC231216",1.514
"12049",1974,"MC231217",0.823
"12050",1974,"MC231219",1.765
"12051",1974,"MC231221",1.029
"12052",1974,"MC231225",NA
"12053",1974,"MC231226",0.34
"12054",1974,"MC231227",1.352
"12055",1974,"MC231232",NA
"12056",1974,"MC231234",1.107
"12057",1974,"MC255807",1.506
"12058",1974,"MC255808",1.257
"12059",1974,"MC255809",1.39
"12060",1974,"MC255811",2.572
"12061",1974,"MC255814",3.078
"12062",1974,"MC255815",1.212
"12063",1974,"MC255817",1.04
"12064",1974,"MC255824",1.504
"12065",1974,"MC255825",2.649
"12066",1974,"MC255826",1.317
"12067",1974,"MC255827",1.588
"12068",1974,"MC255828",2.251
"12069",1974,"MC255830",2.933
"12070",1974,"MC255831",2.693
"12071",1974,"MC255833",1.954
"12072",1974,"MC300001",NA
"12073",1974,"MC300017",NA
"12074",1974,"MC300018",NA
"12075",1974,"MC300022",NA
"12076",1974,"MC300023",NA
"12077",1974,"MC300024",NA
"12078",1974,"MC300026",3.213
"12079",1974,"MC300027",NA
"12080",1974,"MC300028",NA
"12081",1974,"MC300032",1.563
"12082",1974,"MC300033",NA
"12083",1974,"MC302801",NA
"12084",1974,"MC302803",NA
"12085",1974,"MC302807",NA
"12086",1974,"MC302810",1.833
"12087",1974,"MC302813",1.855
"12088",1974,"MC302819",NA
"12089",1974,"MC302820",NA
"12090",1974,"MC302825",NA
"12091",1974,"MC302827",NA
"12092",1974,"MC302829",NA
"12093",1974,"MC302831",NA
"12094",1974,"MC302833",NA
"12095",1974,"MC302834",NA
"12096",1974,"MC302835",NA
"12097",1975,"JB118309",1.147
"12098",1975,"JB118312",0.688
"12099",1975,"JB118313",0.583
"12100",1975,"JB118316",0.535
"12101",1975,"JB118317",0.672
"12102",1975,"JB118318",0.691
"12103",1975,"JB118320",0.711
"12104",1975,"JB118322",0.535
"12105",1975,"JB118323",0.57
"12106",1975,"JB118324",0.308
"12107",1975,"JB118326",0.901
"12108",1975,"JB118327",0.77
"12109",1975,"JB118332",1.029
"12110",1975,"JB118336",0.767
"12111",1975,"JB130804",NA
"12112",1975,"JB130807",NA
"12113",1975,"JB130808",NA
"12114",1975,"JB130810",2.978
"12115",1975,"JB130813",NA
"12116",1975,"JB130814",NA
"12117",1975,"JB130815",1.408
"12118",1975,"JB130816",NA
"12119",1975,"JB130817",NA
"12120",1975,"JB130819",0.755
"12121",1975,"JB130821",NA
"12122",1975,"JB130827",1.164
"12123",1975,"MC195302",1.616
"12124",1975,"MC195303",1.811
"12125",1975,"MC195304",0.867
"12126",1975,"MC195306",1.274
"12127",1975,"MC195307",1.01
"12128",1975,"MC195313",1.425
"12129",1975,"MC195314",0.833
"12130",1975,"MC195318",1.925
"12131",1975,"MC195319",2.891
"12132",1975,"MC195325",1.253
"12133",1975,"MC195329",1.807
"12134",1975,"MC216001",1.493
"12135",1975,"MC216002",0.62
"12136",1975,"MC216003",NA
"12137",1975,"MC216004",NA
"12138",1975,"MC216005",1.342
"12139",1975,"MC216010",1.092
"12140",1975,"MC216012",2.185
"12141",1975,"MC216014",0.829
"12142",1975,"MC216018",0.495
"12143",1975,"MC216020",0.959
"12144",1975,"MC216022",0.426
"12145",1975,"MC216026",NA
"12146",1975,"MC216027",0.933
"12147",1975,"MC216029",NA
"12148",1975,"MC216030",1.486
"12149",1975,"MC216039",1.442
"12150",1975,"MC231201",0.896
"12151",1975,"MC231203",0.476
"12152",1975,"MC231204",1.701
"12153",1975,"MC231205",0.469
"12154",1975,"MC231206",1.169
"12155",1975,"MC231207",1.01
"12156",1975,"MC231209",0.911
"12157",1975,"MC231211",0.795
"12158",1975,"MC231212",1.006
"12159",1975,"MC231213",0.627
"12160",1975,"MC231216",1.329
"12161",1975,"MC231217",0.833
"12162",1975,"MC231219",1.931
"12163",1975,"MC231221",1.12
"12164",1975,"MC231225",NA
"12165",1975,"MC231226",0.63
"12166",1975,"MC231227",1.131
"12167",1975,"MC231232",NA
"12168",1975,"MC231234",1.891
"12169",1975,"MC255807",1.456
"12170",1975,"MC255808",1.675
"12171",1975,"MC255809",1.39
"12172",1975,"MC255811",2.359
"12173",1975,"MC255814",3.712
"12174",1975,"MC255815",1.687
"12175",1975,"MC255817",1.322
"12176",1975,"MC255824",1.449
"12177",1975,"MC255825",2.382
"12178",1975,"MC255826",2.349
"12179",1975,"MC255827",1.578
"12180",1975,"MC255828",3.93
"12181",1975,"MC255830",3.563
"12182",1975,"MC255831",1.851
"12183",1975,"MC255833",2.645
"12184",1975,"MC300001",NA
"12185",1975,"MC300017",NA
"12186",1975,"MC300018",NA
"12187",1975,"MC300022",NA
"12188",1975,"MC300023",1.859
"12189",1975,"MC300024",NA
"12190",1975,"MC300026",2.759
"12191",1975,"MC300027",NA
"12192",1975,"MC300028",1.546
"12193",1975,"MC300032",3.041
"12194",1975,"MC300033",NA
"12195",1975,"MC302801",NA
"12196",1975,"MC302803",NA
"12197",1975,"MC302807",NA
"12198",1975,"MC302810",1.749
"12199",1975,"MC302813",1.546
"12200",1975,"MC302819",NA
"12201",1975,"MC302820",NA
"12202",1975,"MC302825",NA
"12203",1975,"MC302827",NA
"12204",1975,"MC302829",NA
"12205",1975,"MC302831",1.133
"12206",1975,"MC302833",0.752
"12207",1975,"MC302834",NA
"12208",1975,"MC302835",NA
"12209",1976,"JB118309",0.698
"12210",1976,"JB118312",0.555
"12211",1976,"JB118313",0.341
"12212",1976,"JB118316",0.234
"12213",1976,"JB118317",0.559
"12214",1976,"JB118318",0.463
"12215",1976,"JB118320",0.371
"12216",1976,"JB118322",0.392
"12217",1976,"JB118323",0.31
"12218",1976,"JB118324",0.324
"12219",1976,"JB118326",0.358
"12220",1976,"JB118327",0.388
"12221",1976,"JB118332",0.492
"12222",1976,"JB118336",0.278
"12223",1976,"JB130804",NA
"12224",1976,"JB130807",NA
"12225",1976,"JB130808",NA
"12226",1976,"JB130810",1.999
"12227",1976,"JB130813",NA
"12228",1976,"JB130814",1.3
"12229",1976,"JB130815",0.771
"12230",1976,"JB130816",1.298
"12231",1976,"JB130817",NA
"12232",1976,"JB130819",0.805
"12233",1976,"JB130821",NA
"12234",1976,"JB130827",0.802
"12235",1976,"MC195302",1.301
"12236",1976,"MC195303",1.554
"12237",1976,"MC195304",0.805
"12238",1976,"MC195306",1.116
"12239",1976,"MC195307",0.907
"12240",1976,"MC195313",1.524
"12241",1976,"MC195314",0.601
"12242",1976,"MC195318",2.604
"12243",1976,"MC195319",3.104
"12244",1976,"MC195325",1.52
"12245",1976,"MC195329",1.953
"12246",1976,"MC216001",1.375
"12247",1976,"MC216002",0.731
"12248",1976,"MC216003",NA
"12249",1976,"MC216004",NA
"12250",1976,"MC216005",1.269
"12251",1976,"MC216010",0.951
"12252",1976,"MC216012",1.729
"12253",1976,"MC216014",0.978
"12254",1976,"MC216018",0.578
"12255",1976,"MC216020",0.702
"12256",1976,"MC216022",0.515
"12257",1976,"MC216026",NA
"12258",1976,"MC216027",1.33
"12259",1976,"MC216029",NA
"12260",1976,"MC216030",1.564
"12261",1976,"MC216039",1.279
"12262",1976,"MC231201",0.899
"12263",1976,"MC231203",0.524
"12264",1976,"MC231204",0.997
"12265",1976,"MC231205",0.989
"12266",1976,"MC231206",0.974
"12267",1976,"MC231207",1.495
"12268",1976,"MC231209",0.862
"12269",1976,"MC231211",0.564
"12270",1976,"MC231212",1.604
"12271",1976,"MC231213",0.326
"12272",1976,"MC231216",1.125
"12273",1976,"MC231217",1.252
"12274",1976,"MC231219",1.899
"12275",1976,"MC231221",1.073
"12276",1976,"MC231225",NA
"12277",1976,"MC231226",0.64
"12278",1976,"MC231227",1.105
"12279",1976,"MC231232",NA
"12280",1976,"MC231234",1.847
"12281",1976,"MC255807",1.47
"12282",1976,"MC255808",1.031
"12283",1976,"MC255809",1.037
"12284",1976,"MC255811",1.577
"12285",1976,"MC255814",2.621
"12286",1976,"MC255815",1.393
"12287",1976,"MC255817",1.046
"12288",1976,"MC255824",1.32
"12289",1976,"MC255825",2.406
"12290",1976,"MC255826",1.934
"12291",1976,"MC255827",1.383
"12292",1976,"MC255828",2.726
"12293",1976,"MC255830",2.735
"12294",1976,"MC255831",1.676
"12295",1976,"MC255833",2.544
"12296",1976,"MC300001",NA
"12297",1976,"MC300017",NA
"12298",1976,"MC300018",NA
"12299",1976,"MC300022",2.599
"12300",1976,"MC300023",1.913
"12301",1976,"MC300024",NA
"12302",1976,"MC300026",2.885
"12303",1976,"MC300027",NA
"12304",1976,"MC300028",2.371
"12305",1976,"MC300032",2.238
"12306",1976,"MC300033",NA
"12307",1976,"MC302801",NA
"12308",1976,"MC302803",NA
"12309",1976,"MC302807",NA
"12310",1976,"MC302810",0.915
"12311",1976,"MC302813",1.764
"12312",1976,"MC302819",NA
"12313",1976,"MC302820",NA
"12314",1976,"MC302825",NA
"12315",1976,"MC302827",NA
"12316",1976,"MC302829",NA
"12317",1976,"MC302831",1.143
"12318",1976,"MC302833",0.867
"12319",1976,"MC302834",NA
"12320",1976,"MC302835",NA
"12321",1977,"JB118309",0.926
"12322",1977,"JB118312",0.435
"12323",1977,"JB118313",0.202
"12324",1977,"JB118316",0.34
"12325",1977,"JB118317",0.388
"12326",1977,"JB118318",0.452
"12327",1977,"JB118320",0.275
"12328",1977,"JB118322",0.299
"12329",1977,"JB118323",0.275
"12330",1977,"JB118324",0.26
"12331",1977,"JB118326",0.35
"12332",1977,"JB118327",0.231
"12333",1977,"JB118332",0.382
"12334",1977,"JB118336",0.34
"12335",1977,"JB130804",NA
"12336",1977,"JB130807",NA
"12337",1977,"JB130808",0.676
"12338",1977,"JB130810",2.568
"12339",1977,"JB130813",NA
"12340",1977,"JB130814",0.958
"12341",1977,"JB130815",1.347
"12342",1977,"JB130816",1.199
"12343",1977,"JB130817",NA
"12344",1977,"JB130819",0.854
"12345",1977,"JB130821",NA
"12346",1977,"JB130827",0.817
"12347",1977,"MC195302",1.209
"12348",1977,"MC195303",1.496
"12349",1977,"MC195304",0.788
"12350",1977,"MC195306",1.126
"12351",1977,"MC195307",0.66
"12352",1977,"MC195313",1.525
"12353",1977,"MC195314",0.673
"12354",1977,"MC195318",1.98
"12355",1977,"MC195319",3.156
"12356",1977,"MC195325",1.531
"12357",1977,"MC195329",2.037
"12358",1977,"MC216001",1.244
"12359",1977,"MC216002",1.427
"12360",1977,"MC216003",NA
"12361",1977,"MC216004",NA
"12362",1977,"MC216005",0.984
"12363",1977,"MC216010",0.923
"12364",1977,"MC216012",1.386
"12365",1977,"MC216014",0.908
"12366",1977,"MC216018",0.455
"12367",1977,"MC216020",0.516
"12368",1977,"MC216022",1.044
"12369",1977,"MC216026",2.694
"12370",1977,"MC216027",1.276
"12371",1977,"MC216029",NA
"12372",1977,"MC216030",1.474
"12373",1977,"MC216039",1.043
"12374",1977,"MC231201",1.076
"12375",1977,"MC231203",0.49
"12376",1977,"MC231204",1.076
"12377",1977,"MC231205",1.163
"12378",1977,"MC231206",1.046
"12379",1977,"MC231207",1.116
"12380",1977,"MC231209",0.905
"12381",1977,"MC231211",0.687
"12382",1977,"MC231212",1.341
"12383",1977,"MC231213",0.441
"12384",1977,"MC231216",1.225
"12385",1977,"MC231217",0.965
"12386",1977,"MC231219",1.785
"12387",1977,"MC231221",1.441
"12388",1977,"MC231225",NA
"12389",1977,"MC231226",1.017
"12390",1977,"MC231227",1.313
"12391",1977,"MC231232",NA
"12392",1977,"MC231234",2.092
"12393",1977,"MC255807",1.332
"12394",1977,"MC255808",1.074
"12395",1977,"MC255809",1.039
"12396",1977,"MC255811",2.696
"12397",1977,"MC255814",1.894
"12398",1977,"MC255815",1.142
"12399",1977,"MC255817",1.368
"12400",1977,"MC255824",1.243
"12401",1977,"MC255825",3.303
"12402",1977,"MC255826",1.413
"12403",1977,"MC255827",1.326
"12404",1977,"MC255828",2.307
"12405",1977,"MC255830",2.114
"12406",1977,"MC255831",1.52
"12407",1977,"MC255833",2.125
"12408",1977,"MC300001",0.905
"12409",1977,"MC300017",NA
"12410",1977,"MC300018",NA
"12411",1977,"MC300022",1.854
"12412",1977,"MC300023",1.992
"12413",1977,"MC300024",1.415
"12414",1977,"MC300026",2.312
"12415",1977,"MC300027",NA
"12416",1977,"MC300028",1.369
"12417",1977,"MC300032",1.457
"12418",1977,"MC300033",NA
"12419",1977,"MC302801",NA
"12420",1977,"MC302803",NA
"12421",1977,"MC302807",NA
"12422",1977,"MC302810",3.976
"12423",1977,"MC302813",1.416
"12424",1977,"MC302819",NA
"12425",1977,"MC302820",NA
"12426",1977,"MC302825",NA
"12427",1977,"MC302827",NA
"12428",1977,"MC302829",NA
"12429",1977,"MC302831",1.277
"12430",1977,"MC302833",0.847
"12431",1977,"MC302834",NA
"12432",1977,"MC302835",NA
"12433",1978,"JB118309",0.689
"12434",1978,"JB118312",0.37
"12435",1978,"JB118313",0.568
"12436",1978,"JB118316",0.986
"12437",1978,"JB118317",0.537
"12438",1978,"JB118318",0.478
"12439",1978,"JB118320",0.707
"12440",1978,"JB118322",0.208
"12441",1978,"JB118323",0.3
"12442",1978,"JB118324",0.287
"12443",1978,"JB118326",0.46
"12444",1978,"JB118327",0.463
"12445",1978,"JB118332",0.393
"12446",1978,"JB118336",0.622
"12447",1978,"JB130804",2.572
"12448",1978,"JB130807",NA
"12449",1978,"JB130808",0.861
"12450",1978,"JB130810",2.642
"12451",1978,"JB130813",NA
"12452",1978,"JB130814",0.993
"12453",1978,"JB130815",1.832
"12454",1978,"JB130816",0.865
"12455",1978,"JB130817",NA
"12456",1978,"JB130819",0.959
"12457",1978,"JB130821",NA
"12458",1978,"JB130827",1.14
"12459",1978,"MC195302",0.841
"12460",1978,"MC195303",1.204
"12461",1978,"MC195304",0.741
"12462",1978,"MC195306",0.71
"12463",1978,"MC195307",0.531
"12464",1978,"MC195313",1.133
"12465",1978,"MC195314",0.686
"12466",1978,"MC195318",1.732
"12467",1978,"MC195319",2.623
"12468",1978,"MC195325",1.416
"12469",1978,"MC195329",1.815
"12470",1978,"MC216001",0.558
"12471",1978,"MC216002",0.675
"12472",1978,"MC216003",NA
"12473",1978,"MC216004",NA
"12474",1978,"MC216005",0.612
"12475",1978,"MC216010",0.839
"12476",1978,"MC216012",1.117
"12477",1978,"MC216014",0.405
"12478",1978,"MC216018",0.336
"12479",1978,"MC216020",0.455
"12480",1978,"MC216022",0.477
"12481",1978,"MC216026",1.469
"12482",1978,"MC216027",1.013
"12483",1978,"MC216029",NA
"12484",1978,"MC216030",2.074
"12485",1978,"MC216039",1.021
"12486",1978,"MC231201",0.775
"12487",1978,"MC231203",0.54
"12488",1978,"MC231204",1.078
"12489",1978,"MC231205",0.963
"12490",1978,"MC231206",0.519
"12491",1978,"MC231207",1.083
"12492",1978,"MC231209",0.648
"12493",1978,"MC231211",0.634
"12494",1978,"MC231212",1.357
"12495",1978,"MC231213",0.24
"12496",1978,"MC231216",1.128
"12497",1978,"MC231217",0.788
"12498",1978,"MC231219",1.431
"12499",1978,"MC231221",0.788
"12500",1978,"MC231225",NA
"12501",1978,"MC231226",1.024
"12502",1978,"MC231227",0.956
"12503",1978,"MC231232",NA
"12504",1978,"MC231234",1.997
"12505",1978,"MC255807",1.123
"12506",1978,"MC255808",0.701
"12507",1978,"MC255809",0.507
"12508",1978,"MC255811",2.137
"12509",1978,"MC255814",1.335
"12510",1978,"MC255815",0.695
"12511",1978,"MC255817",0.494
"12512",1978,"MC255824",0.456
"12513",1978,"MC255825",1.991
"12514",1978,"MC255826",0.979
"12515",1978,"MC255827",0.85
"12516",1978,"MC255828",0.916
"12517",1978,"MC255830",2.263
"12518",1978,"MC255831",0.763
"12519",1978,"MC255833",1.406
"12520",1978,"MC300001",1.898
"12521",1978,"MC300017",NA
"12522",1978,"MC300018",3.093
"12523",1978,"MC300022",1.446
"12524",1978,"MC300023",1.625
"12525",1978,"MC300024",0.857
"12526",1978,"MC300026",3.079
"12527",1978,"MC300027",1.051
"12528",1978,"MC300028",3.314
"12529",1978,"MC300032",1.998
"12530",1978,"MC300033",NA
"12531",1978,"MC302801",NA
"12532",1978,"MC302803",NA
"12533",1978,"MC302807",NA
"12534",1978,"MC302810",1.845
"12535",1978,"MC302813",1.328
"12536",1978,"MC302819",NA
"12537",1978,"MC302820",NA
"12538",1978,"MC302825",NA
"12539",1978,"MC302827",NA
"12540",1978,"MC302829",NA
"12541",1978,"MC302831",1.966
"12542",1978,"MC302833",1.992
"12543",1978,"MC302834",NA
"12544",1978,"MC302835",NA
"12545",1979,"JB118309",1.06
"12546",1979,"JB118312",0.42
"12547",1979,"JB118313",0.793
"12548",1979,"JB118316",1.023
"12549",1979,"JB118317",0.449
"12550",1979,"JB118318",0.667
"12551",1979,"JB118320",1.395
"12552",1979,"JB118322",0.451
"12553",1979,"JB118323",0.567
"12554",1979,"JB118324",0.519
"12555",1979,"JB118326",0.597
"12556",1979,"JB118327",0.72
"12557",1979,"JB118332",0.792
"12558",1979,"JB118336",0.731
"12559",1979,"JB130804",2.17
"12560",1979,"JB130807",NA
"12561",1979,"JB130808",1.069
"12562",1979,"JB130810",2.671
"12563",1979,"JB130813",1.523
"12564",1979,"JB130814",1.301
"12565",1979,"JB130815",1.526
"12566",1979,"JB130816",0.961
"12567",1979,"JB130817",NA
"12568",1979,"JB130819",0.925
"12569",1979,"JB130821",NA
"12570",1979,"JB130827",1.038
"12571",1979,"MC195302",1.719
"12572",1979,"MC195303",2.009
"12573",1979,"MC195304",1.39
"12574",1979,"MC195306",1.13
"12575",1979,"MC195307",0.939
"12576",1979,"MC195313",1.274
"12577",1979,"MC195314",1.123
"12578",1979,"MC195318",2.157
"12579",1979,"MC195319",3.137
"12580",1979,"MC195325",2.179
"12581",1979,"MC195329",2.595
"12582",1979,"MC216001",1.444
"12583",1979,"MC216002",1.031
"12584",1979,"MC216003",NA
"12585",1979,"MC216004",0.921
"12586",1979,"MC216005",1.305
"12587",1979,"MC216010",1.166
"12588",1979,"MC216012",1.203
"12589",1979,"MC216014",0.758
"12590",1979,"MC216018",0.724
"12591",1979,"MC216020",0.681
"12592",1979,"MC216022",0.435
"12593",1979,"MC216026",1.275
"12594",1979,"MC216027",1.121
"12595",1979,"MC216029",NA
"12596",1979,"MC216030",1.23
"12597",1979,"MC216039",1.251
"12598",1979,"MC231201",0.904
"12599",1979,"MC231203",0.48
"12600",1979,"MC231204",1.335
"12601",1979,"MC231205",1.449
"12602",1979,"MC231206",0.702
"12603",1979,"MC231207",2.006
"12604",1979,"MC231209",0.844
"12605",1979,"MC231211",1.21
"12606",1979,"MC231212",0.945
"12607",1979,"MC231213",0.361
"12608",1979,"MC231216",1.416
"12609",1979,"MC231217",0.733
"12610",1979,"MC231219",1.528
"12611",1979,"MC231221",1.6
"12612",1979,"MC231225",NA
"12613",1979,"MC231226",0.946
"12614",1979,"MC231227",1.1
"12615",1979,"MC231232",NA
"12616",1979,"MC231234",2.306
"12617",1979,"MC255807",1.321
"12618",1979,"MC255808",1.152
"12619",1979,"MC255809",0.99
"12620",1979,"MC255811",2.521
"12621",1979,"MC255814",1.989
"12622",1979,"MC255815",1.015
"12623",1979,"MC255817",1.054
"12624",1979,"MC255824",1.109
"12625",1979,"MC255825",2.917
"12626",1979,"MC255826",1.988
"12627",1979,"MC255827",1.306
"12628",1979,"MC255828",1.894
"12629",1979,"MC255830",2.65
"12630",1979,"MC255831",0.718
"12631",1979,"MC255833",1.839
"12632",1979,"MC300001",1.295
"12633",1979,"MC300017",NA
"12634",1979,"MC300018",0.742
"12635",1979,"MC300022",1.481
"12636",1979,"MC300023",1.906
"12637",1979,"MC300024",1.604
"12638",1979,"MC300026",3.287
"12639",1979,"MC300027",1.112
"12640",1979,"MC300028",2.764
"12641",1979,"MC300032",2.049
"12642",1979,"MC300033",NA
"12643",1979,"MC302801",NA
"12644",1979,"MC302803",NA
"12645",1979,"MC302807",NA
"12646",1979,"MC302810",1.218
"12647",1979,"MC302813",1.142
"12648",1979,"MC302819",NA
"12649",1979,"MC302820",NA
"12650",1979,"MC302825",NA
"12651",1979,"MC302827",2.233
"12652",1979,"MC302829",NA
"12653",1979,"MC302831",1.428
"12654",1979,"MC302833",2.763
"12655",1979,"MC302834",NA
"12656",1979,"MC302835",NA
"12657",1980,"JB118309",0.954
"12658",1980,"JB118312",0.722
"12659",1980,"JB118313",0.988
"12660",1980,"JB118316",1.575
"12661",1980,"JB118317",0.801
"12662",1980,"JB118318",0.841
"12663",1980,"JB118320",1.142
"12664",1980,"JB118322",0.517
"12665",1980,"JB118323",0.575
"12666",1980,"JB118324",0.613
"12667",1980,"JB118326",0.779
"12668",1980,"JB118327",0.979
"12669",1980,"JB118332",0.831
"12670",1980,"JB118336",0.828
"12671",1980,"JB130804",2.234
"12672",1980,"JB130807",NA
"12673",1980,"JB130808",0.878
"12674",1980,"JB130810",2.477
"12675",1980,"JB130813",1.93
"12676",1980,"JB130814",1.414
"12677",1980,"JB130815",1.552
"12678",1980,"JB130816",1.134
"12679",1980,"JB130817",2.389
"12680",1980,"JB130819",1.321
"12681",1980,"JB130821",NA
"12682",1980,"JB130827",1.087
"12683",1980,"MC195302",1.374
"12684",1980,"MC195303",1.794
"12685",1980,"MC195304",1.073
"12686",1980,"MC195306",1.252
"12687",1980,"MC195307",0.982
"12688",1980,"MC195313",1.34
"12689",1980,"MC195314",0.614
"12690",1980,"MC195318",2.225
"12691",1980,"MC195319",2.882
"12692",1980,"MC195325",1.237
"12693",1980,"MC195329",2.072
"12694",1980,"MC216001",1.191
"12695",1980,"MC216002",1.048
"12696",1980,"MC216003",NA
"12697",1980,"MC216004",0.582
"12698",1980,"MC216005",1.071
"12699",1980,"MC216010",1.472
"12700",1980,"MC216012",1.266
"12701",1980,"MC216014",0.945
"12702",1980,"MC216018",0.885
"12703",1980,"MC216020",0.714
"12704",1980,"MC216022",0.6
"12705",1980,"MC216026",0.832
"12706",1980,"MC216027",1.367
"12707",1980,"MC216029",NA
"12708",1980,"MC216030",0.872
"12709",1980,"MC216039",1.285
"12710",1980,"MC231201",0.998
"12711",1980,"MC231203",0.501
"12712",1980,"MC231204",1.261
"12713",1980,"MC231205",1.686
"12714",1980,"MC231206",0.839
"12715",1980,"MC231207",1.446
"12716",1980,"MC231209",0.947
"12717",1980,"MC231211",1.082
"12718",1980,"MC231212",1.464
"12719",1980,"MC231213",0.352
"12720",1980,"MC231216",1.055
"12721",1980,"MC231217",0.547
"12722",1980,"MC231219",1.488
"12723",1980,"MC231221",0.845
"12724",1980,"MC231225",1.579
"12725",1980,"MC231226",1.129
"12726",1980,"MC231227",1.252
"12727",1980,"MC231232",NA
"12728",1980,"MC231234",1.989
"12729",1980,"MC255807",1.218
"12730",1980,"MC255808",0.656
"12731",1980,"MC255809",0.77
"12732",1980,"MC255811",1.939
"12733",1980,"MC255814",1.753
"12734",1980,"MC255815",1.059
"12735",1980,"MC255817",0.747
"12736",1980,"MC255824",0.908
"12737",1980,"MC255825",2.472
"12738",1980,"MC255826",1.674
"12739",1980,"MC255827",1.35
"12740",1980,"MC255828",1.623
"12741",1980,"MC255830",2.036
"12742",1980,"MC255831",1.04
"12743",1980,"MC255833",1.547
"12744",1980,"MC300001",0.988
"12745",1980,"MC300017",NA
"12746",1980,"MC300018",0.737
"12747",1980,"MC300022",0.567
"12748",1980,"MC300023",0.972
"12749",1980,"MC300024",1.8
"12750",1980,"MC300026",2.298
"12751",1980,"MC300027",2.155
"12752",1980,"MC300028",1.611
"12753",1980,"MC300032",0.665
"12754",1980,"MC300033",NA
"12755",1980,"MC302801",NA
"12756",1980,"MC302803",1.048
"12757",1980,"MC302807",NA
"12758",1980,"MC302810",1.323
"12759",1980,"MC302813",1.441
"12760",1980,"MC302819",NA
"12761",1980,"MC302820",NA
"12762",1980,"MC302825",1.342
"12763",1980,"MC302827",2.048
"12764",1980,"MC302829",NA
"12765",1980,"MC302831",2.22
"12766",1980,"MC302833",1.977
"12767",1980,"MC302834",NA
"12768",1980,"MC302835",NA
"12769",1981,"JB118309",0.596
"12770",1981,"JB118312",0.376
"12771",1981,"JB118313",0.472
"12772",1981,"JB118316",0.613
"12773",1981,"JB118317",0.442
"12774",1981,"JB118318",0.532
"12775",1981,"JB118320",0.73
"12776",1981,"JB118322",0.495
"12777",1981,"JB118323",0.25
"12778",1981,"JB118324",0.275
"12779",1981,"JB118326",0.385
"12780",1981,"JB118327",0.267
"12781",1981,"JB118332",0.466
"12782",1981,"JB118336",0.254
"12783",1981,"JB130804",1.272
"12784",1981,"JB130807",NA
"12785",1981,"JB130808",1.147
"12786",1981,"JB130810",2.049
"12787",1981,"JB130813",1.27
"12788",1981,"JB130814",0.862
"12789",1981,"JB130815",1.55
"12790",1981,"JB130816",0.966
"12791",1981,"JB130817",0.89
"12792",1981,"JB130819",0.924
"12793",1981,"JB130821",1.685
"12794",1981,"JB130827",1.11
"12795",1981,"MC195302",0.846
"12796",1981,"MC195303",1.451
"12797",1981,"MC195304",0.843
"12798",1981,"MC195306",1.006
"12799",1981,"MC195307",1.029
"12800",1981,"MC195313",1.272
"12801",1981,"MC195314",0.558
"12802",1981,"MC195318",2.35
"12803",1981,"MC195319",3.023
"12804",1981,"MC195325",1.532
"12805",1981,"MC195329",2.318
"12806",1981,"MC216001",0.557
"12807",1981,"MC216002",1.126
"12808",1981,"MC216003",NA
"12809",1981,"MC216004",0.337
"12810",1981,"MC216005",0.923
"12811",1981,"MC216010",1.056
"12812",1981,"MC216012",0.735
"12813",1981,"MC216014",0.474
"12814",1981,"MC216018",0.87
"12815",1981,"MC216020",0.423
"12816",1981,"MC216022",0.298
"12817",1981,"MC216026",0.871
"12818",1981,"MC216027",0.727
"12819",1981,"MC216029",NA
"12820",1981,"MC216030",0.597
"12821",1981,"MC216039",1.382
"12822",1981,"MC231201",1.02
"12823",1981,"MC231203",0.678
"12824",1981,"MC231204",1.384
"12825",1981,"MC231205",1.246
"12826",1981,"MC231206",0.438
"12827",1981,"MC231207",1.281
"12828",1981,"MC231209",0.849
"12829",1981,"MC231211",0.74
"12830",1981,"MC231212",1
"12831",1981,"MC231213",0.52
"12832",1981,"MC231216",1.013
"12833",1981,"MC231217",0.737
"12834",1981,"MC231219",1.384
"12835",1981,"MC231221",0.864
"12836",1981,"MC231225",1.686
"12837",1981,"MC231226",1.273
"12838",1981,"MC231227",1.114
"12839",1981,"MC231232",NA
"12840",1981,"MC231234",1.519
"12841",1981,"MC255807",0.927
"12842",1981,"MC255808",0.584
"12843",1981,"MC255809",0.579
"12844",1981,"MC255811",1.17
"12845",1981,"MC255814",1.694
"12846",1981,"MC255815",1.268
"12847",1981,"MC255817",0.391
"12848",1981,"MC255824",0.468
"12849",1981,"MC255825",2.323
"12850",1981,"MC255826",1.338
"12851",1981,"MC255827",0.872
"12852",1981,"MC255828",1.112
"12853",1981,"MC255830",2.429
"12854",1981,"MC255831",0.614
"12855",1981,"MC255833",1.174
"12856",1981,"MC300001",1.455
"12857",1981,"MC300017",NA
"12858",1981,"MC300018",0.822
"12859",1981,"MC300022",0.533
"12860",1981,"MC300023",0.873
"12861",1981,"MC300024",0.889
"12862",1981,"MC300026",0.859
"12863",1981,"MC300027",0.869
"12864",1981,"MC300028",0.447
"12865",1981,"MC300032",0.813
"12866",1981,"MC300033",NA
"12867",1981,"MC302801",2.356
"12868",1981,"MC302803",1.14
"12869",1981,"MC302807",NA
"12870",1981,"MC302810",1.172
"12871",1981,"MC302813",0.864
"12872",1981,"MC302819",NA
"12873",1981,"MC302820",NA
"12874",1981,"MC302825",1.816
"12875",1981,"MC302827",2.706
"12876",1981,"MC302829",NA
"12877",1981,"MC302831",1.568
"12878",1981,"MC302833",1.785
"12879",1981,"MC302834",NA
"12880",1981,"MC302835",NA
"12881",1982,"JB118309",0.811
"12882",1982,"JB118312",0.469
"12883",1982,"JB118313",0.975
"12884",1982,"JB118316",0.861
"12885",1982,"JB118317",0.667
"12886",1982,"JB118318",0.581
"12887",1982,"JB118320",0.939
"12888",1982,"JB118322",0.641
"12889",1982,"JB118323",0.457
"12890",1982,"JB118324",0.662
"12891",1982,"JB118326",0.731
"12892",1982,"JB118327",0.841
"12893",1982,"JB118332",0.614
"12894",1982,"JB118336",0.772
"12895",1982,"JB130804",2.501
"12896",1982,"JB130807",1.396
"12897",1982,"JB130808",1.375
"12898",1982,"JB130810",2.487
"12899",1982,"JB130813",1.266
"12900",1982,"JB130814",1.47
"12901",1982,"JB130815",1.071
"12902",1982,"JB130816",1.529
"12903",1982,"JB130817",1.293
"12904",1982,"JB130819",1.409
"12905",1982,"JB130821",1.647
"12906",1982,"JB130827",1.09
"12907",1982,"MC195302",0.886
"12908",1982,"MC195303",1.14
"12909",1982,"MC195304",0.676
"12910",1982,"MC195306",0.703
"12911",1982,"MC195307",0.831
"12912",1982,"MC195313",1.106
"12913",1982,"MC195314",0.365
"12914",1982,"MC195318",2.225
"12915",1982,"MC195319",3.025
"12916",1982,"MC195325",2.54
"12917",1982,"MC195329",2.268
"12918",1982,"MC216001",1.464
"12919",1982,"MC216002",0.94
"12920",1982,"MC216003",NA
"12921",1982,"MC216004",0.861
"12922",1982,"MC216005",1.239
"12923",1982,"MC216010",1.331
"12924",1982,"MC216012",0.771
"12925",1982,"MC216014",0.716
"12926",1982,"MC216018",0.679
"12927",1982,"MC216020",0.561
"12928",1982,"MC216022",1.022
"12929",1982,"MC216026",0.583
"12930",1982,"MC216027",1.445
"12931",1982,"MC216029",NA
"12932",1982,"MC216030",1.117
"12933",1982,"MC216039",1.437
"12934",1982,"MC231201",1.096
"12935",1982,"MC231203",0.721
"12936",1982,"MC231204",1.355
"12937",1982,"MC231205",0.852
"12938",1982,"MC231206",0.445
"12939",1982,"MC231207",1.178
"12940",1982,"MC231209",0.734
"12941",1982,"MC231211",0.725
"12942",1982,"MC231212",1.024
"12943",1982,"MC231213",0.474
"12944",1982,"MC231216",1.11
"12945",1982,"MC231217",0.519
"12946",1982,"MC231219",1.54
"12947",1982,"MC231221",0.845
"12948",1982,"MC231225",0.817
"12949",1982,"MC231226",1.226
"12950",1982,"MC231227",1.302
"12951",1982,"MC231232",NA
"12952",1982,"MC231234",2.444
"12953",1982,"MC255807",0.979
"12954",1982,"MC255808",0.529
"12955",1982,"MC255809",0.412
"12956",1982,"MC255811",1.396
"12957",1982,"MC255814",2.217
"12958",1982,"MC255815",1.263
"12959",1982,"MC255817",0.407
"12960",1982,"MC255824",0.653
"12961",1982,"MC255825",2.691
"12962",1982,"MC255826",1.207
"12963",1982,"MC255827",0.694
"12964",1982,"MC255828",0.638
"12965",1982,"MC255830",2.51
"12966",1982,"MC255831",0.6
"12967",1982,"MC255833",0.706
"12968",1982,"MC300001",0.572
"12969",1982,"MC300017",NA
"12970",1982,"MC300018",0.641
"12971",1982,"MC300022",0.372
"12972",1982,"MC300023",0.814
"12973",1982,"MC300024",0.557
"12974",1982,"MC300026",0.995
"12975",1982,"MC300027",0.412
"12976",1982,"MC300028",1.635
"12977",1982,"MC300032",1.108
"12978",1982,"MC300033",NA
"12979",1982,"MC302801",1.318
"12980",1982,"MC302803",0.38
"12981",1982,"MC302807",NA
"12982",1982,"MC302810",0.775
"12983",1982,"MC302813",0.399
"12984",1982,"MC302819",NA
"12985",1982,"MC302820",NA
"12986",1982,"MC302825",1.151
"12987",1982,"MC302827",2.076
"12988",1982,"MC302829",1.006
"12989",1982,"MC302831",2.081
"12990",1982,"MC302833",1.82
"12991",1982,"MC302834",NA
"12992",1982,"MC302835",NA
"12993",1983,"JB118309",1.178
"12994",1983,"JB118312",0.564
"12995",1983,"JB118313",1.038
"12996",1983,"JB118316",1.011
"12997",1983,"JB118317",0.593
"12998",1983,"JB118318",0.554
"12999",1983,"JB118320",1.125
"13000",1983,"JB118322",0.289
"13001",1983,"JB118323",0.443
"13002",1983,"JB118324",0.514
"13003",1983,"JB118326",0.762
"13004",1983,"JB118327",1.124
"13005",1983,"JB118332",0.457
"13006",1983,"JB118336",0.811
"13007",1983,"JB130804",2.492
"13008",1983,"JB130807",1.882
"13009",1983,"JB130808",1.624
"13010",1983,"JB130810",1.905
"13011",1983,"JB130813",1.069
"13012",1983,"JB130814",2.026
"13013",1983,"JB130815",1.103
"13014",1983,"JB130816",1.527
"13015",1983,"JB130817",2.549
"13016",1983,"JB130819",0.981
"13017",1983,"JB130821",2.095
"13018",1983,"JB130827",0.924
"13019",1983,"MC195302",1.497
"13020",1983,"MC195303",1.88
"13021",1983,"MC195304",0.867
"13022",1983,"MC195306",1.088
"13023",1983,"MC195307",1.549
"13024",1983,"MC195313",1.276
"13025",1983,"MC195314",0.808
"13026",1983,"MC195318",2.943
"13027",1983,"MC195319",3.063
"13028",1983,"MC195325",2.433
"13029",1983,"MC195329",3.057
"13030",1983,"MC216001",2.494
"13031",1983,"MC216002",0.532
"13032",1983,"MC216003",NA
"13033",1983,"MC216004",1.322
"13034",1983,"MC216005",1.402
"13035",1983,"MC216010",1.359
"13036",1983,"MC216012",0.6
"13037",1983,"MC216014",0.493
"13038",1983,"MC216018",0.46
"13039",1983,"MC216020",0.555
"13040",1983,"MC216022",0.509
"13041",1983,"MC216026",0.594
"13042",1983,"MC216027",1.728
"13043",1983,"MC216029",NA
"13044",1983,"MC216030",0.962
"13045",1983,"MC216039",1.876
"13046",1983,"MC231201",1.208
"13047",1983,"MC231203",1.056
"13048",1983,"MC231204",1.515
"13049",1983,"MC231205",1.307
"13050",1983,"MC231206",1.083
"13051",1983,"MC231207",1.778
"13052",1983,"MC231209",0.597
"13053",1983,"MC231211",0.868
"13054",1983,"MC231212",1.354
"13055",1983,"MC231213",0.647
"13056",1983,"MC231216",1.466
"13057",1983,"MC231217",0.892
"13058",1983,"MC231219",1.738
"13059",1983,"MC231221",1.318
"13060",1983,"MC231225",0.674
"13061",1983,"MC231226",1.689
"13062",1983,"MC231227",1.119
"13063",1983,"MC231232",NA
"13064",1983,"MC231234",2.794
"13065",1983,"MC255807",1.091
"13066",1983,"MC255808",0.962
"13067",1983,"MC255809",0.527
"13068",1983,"MC255811",2.197
"13069",1983,"MC255814",2.883
"13070",1983,"MC255815",1.701
"13071",1983,"MC255817",1.071
"13072",1983,"MC255824",1.231
"13073",1983,"MC255825",3.707
"13074",1983,"MC255826",1.766
"13075",1983,"MC255827",1.025
"13076",1983,"MC255828",1.601
"13077",1983,"MC255830",4.1
"13078",1983,"MC255831",1.243
"13079",1983,"MC255833",1.284
"13080",1983,"MC300001",0.759
"13081",1983,"MC300017",1.672
"13082",1983,"MC300018",1.299
"13083",1983,"MC300022",1.079
"13084",1983,"MC300023",1.288
"13085",1983,"MC300024",0.66
"13086",1983,"MC300026",2.305
"13087",1983,"MC300027",1.467
"13088",1983,"MC300028",2.464
"13089",1983,"MC300032",1.363
"13090",1983,"MC300033",NA
"13091",1983,"MC302801",1.29
"13092",1983,"MC302803",1.218
"13093",1983,"MC302807",NA
"13094",1983,"MC302810",0.595
"13095",1983,"MC302813",0.681
"13096",1983,"MC302819",NA
"13097",1983,"MC302820",NA
"13098",1983,"MC302825",1.968
"13099",1983,"MC302827",2.677
"13100",1983,"MC302829",1.123
"13101",1983,"MC302831",1.422
"13102",1983,"MC302833",3.791
"13103",1983,"MC302834",NA
"13104",1983,"MC302835",NA
"13105",1984,"JB118309",2.586
"13106",1984,"JB118312",0.867
"13107",1984,"JB118313",1.149
"13108",1984,"JB118316",1.356
"13109",1984,"JB118317",0.88
"13110",1984,"JB118318",1.125
"13111",1984,"JB118320",1.31
"13112",1984,"JB118322",0.758
"13113",1984,"JB118323",0.736
"13114",1984,"JB118324",0.803
"13115",1984,"JB118326",1.349
"13116",1984,"JB118327",0.932
"13117",1984,"JB118332",0.998
"13118",1984,"JB118336",1.298
"13119",1984,"JB130804",2.248
"13120",1984,"JB130807",1.974
"13121",1984,"JB130808",1.614
"13122",1984,"JB130810",1.826
"13123",1984,"JB130813",0.301
"13124",1984,"JB130814",2.036
"13125",1984,"JB130815",1.034
"13126",1984,"JB130816",2.721
"13127",1984,"JB130817",2.157
"13128",1984,"JB130819",0.858
"13129",1984,"JB130821",1.849
"13130",1984,"JB130827",0.914
"13131",1984,"MC195302",1.083
"13132",1984,"MC195303",1.607
"13133",1984,"MC195304",0.715
"13134",1984,"MC195306",1.111
"13135",1984,"MC195307",0.909
"13136",1984,"MC195313",0.991
"13137",1984,"MC195314",0.544
"13138",1984,"MC195318",1.484
"13139",1984,"MC195319",2.539
"13140",1984,"MC195325",3.006
"13141",1984,"MC195329",1.927
"13142",1984,"MC216001",2.774
"13143",1984,"MC216002",0.775
"13144",1984,"MC216003",NA
"13145",1984,"MC216004",2.742
"13146",1984,"MC216005",2.653
"13147",1984,"MC216010",1.816
"13148",1984,"MC216012",0.856
"13149",1984,"MC216014",0.721
"13150",1984,"MC216018",0.554
"13151",1984,"MC216020",1.861
"13152",1984,"MC216022",0.617
"13153",1984,"MC216026",0.318
"13154",1984,"MC216027",3.731
"13155",1984,"MC216029",NA
"13156",1984,"MC216030",1.693
"13157",1984,"MC216039",1.487
"13158",1984,"MC231201",0.937
"13159",1984,"MC231203",0.797
"13160",1984,"MC231204",1.66
"13161",1984,"MC231205",0.87
"13162",1984,"MC231206",0.559
"13163",1984,"MC231207",1.58
"13164",1984,"MC231209",0.656
"13165",1984,"MC231211",0.585
"13166",1984,"MC231212",1.103
"13167",1984,"MC231213",0.465
"13168",1984,"MC231216",1.356
"13169",1984,"MC231217",0.924
"13170",1984,"MC231219",1.679
"13171",1984,"MC231221",1.082
"13172",1984,"MC231225",0.737
"13173",1984,"MC231226",1.616
"13174",1984,"MC231227",1.622
"13175",1984,"MC231232",NA
"13176",1984,"MC231234",3.394
"13177",1984,"MC255807",1.09
"13178",1984,"MC255808",1.152
"13179",1984,"MC255809",0.714
"13180",1984,"MC255811",2.334
"13181",1984,"MC255814",3.29
"13182",1984,"MC255815",1.774
"13183",1984,"MC255817",1.098
"13184",1984,"MC255824",1.155
"13185",1984,"MC255825",3.682
"13186",1984,"MC255826",1.968
"13187",1984,"MC255827",1.426
"13188",1984,"MC255828",2.966
"13189",1984,"MC255830",3.178
"13190",1984,"MC255831",2.007
"13191",1984,"MC255833",1.815
"13192",1984,"MC300001",0.509
"13193",1984,"MC300017",0.246
"13194",1984,"MC300018",1.028
"13195",1984,"MC300022",0.511
"13196",1984,"MC300023",0.563
"13197",1984,"MC300024",0.302
"13198",1984,"MC300026",2.45
"13199",1984,"MC300027",0.312
"13200",1984,"MC300028",0.621
"13201",1984,"MC300032",1.589
"13202",1984,"MC300033",NA
"13203",1984,"MC302801",1.589
"13204",1984,"MC302803",1.858
"13205",1984,"MC302807",NA
"13206",1984,"MC302810",0.661
"13207",1984,"MC302813",1.504
"13208",1984,"MC302819",NA
"13209",1984,"MC302820",NA
"13210",1984,"MC302825",1.988
"13211",1984,"MC302827",2.492
"13212",1984,"MC302829",1.042
"13213",1984,"MC302831",1.884
"13214",1984,"MC302833",1.898
"13215",1984,"MC302834",NA
"13216",1984,"MC302835",NA
"13217",1985,"JB118309",0.725
"13218",1985,"JB118312",0.436
"13219",1985,"JB118313",0.615
"13220",1985,"JB118316",1.292
"13221",1985,"JB118317",0.345
"13222",1985,"JB118318",0.779
"13223",1985,"JB118320",0.916
"13224",1985,"JB118322",0.505
"13225",1985,"JB118323",0.335
"13226",1985,"JB118324",0.426
"13227",1985,"JB118326",0.355
"13228",1985,"JB118327",0.286
"13229",1985,"JB118332",0.413
"13230",1985,"JB118336",0.464
"13231",1985,"JB130804",1.35
"13232",1985,"JB130807",0.847
"13233",1985,"JB130808",1.302
"13234",1985,"JB130810",1.312
"13235",1985,"JB130813",0.375
"13236",1985,"JB130814",1.742
"13237",1985,"JB130815",0.786
"13238",1985,"JB130816",1.344
"13239",1985,"JB130817",1.715
"13240",1985,"JB130819",0.27
"13241",1985,"JB130821",1.242
"13242",1985,"JB130827",0.592
"13243",1985,"MC195302",0.84
"13244",1985,"MC195303",1.299
"13245",1985,"MC195304",0.816
"13246",1985,"MC195306",0.66
"13247",1985,"MC195307",0.616
"13248",1985,"MC195313",0.628
"13249",1985,"MC195314",0.278
"13250",1985,"MC195318",1.606
"13251",1985,"MC195319",2.432
"13252",1985,"MC195325",1.32
"13253",1985,"MC195329",1.515
"13254",1985,"MC216001",2.143
"13255",1985,"MC216002",0.334
"13256",1985,"MC216003",NA
"13257",1985,"MC216004",2.615
"13258",1985,"MC216005",0.495
"13259",1985,"MC216010",0.805
"13260",1985,"MC216012",0.904
"13261",1985,"MC216014",0.337
"13262",1985,"MC216018",0.721
"13263",1985,"MC216020",0.705
"13264",1985,"MC216022",0.645
"13265",1985,"MC216026",0.287
"13266",1985,"MC216027",1.791
"13267",1985,"MC216029",NA
"13268",1985,"MC216030",1.185
"13269",1985,"MC216039",0.697
"13270",1985,"MC231201",0.67
"13271",1985,"MC231203",0.301
"13272",1985,"MC231204",1.437
"13273",1985,"MC231205",1.332
"13274",1985,"MC231206",0.296
"13275",1985,"MC231207",0.918
"13276",1985,"MC231209",0.485
"13277",1985,"MC231211",0.573
"13278",1985,"MC231212",0.931
"13279",1985,"MC231213",0.197
"13280",1985,"MC231216",0.798
"13281",1985,"MC231217",0.51
"13282",1985,"MC231219",0.764
"13283",1985,"MC231221",0.541
"13284",1985,"MC231225",1.301
"13285",1985,"MC231226",0.885
"13286",1985,"MC231227",1.102
"13287",1985,"MC231232",NA
"13288",1985,"MC231234",2.757
"13289",1985,"MC255807",0.888
"13290",1985,"MC255808",0.823
"13291",1985,"MC255809",0.913
"13292",1985,"MC255811",1.686
"13293",1985,"MC255814",2.104
"13294",1985,"MC255815",1.43
"13295",1985,"MC255817",0.555
"13296",1985,"MC255824",0.964
"13297",1985,"MC255825",3.064
"13298",1985,"MC255826",1.444
"13299",1985,"MC255827",1.309
"13300",1985,"MC255828",1.869
"13301",1985,"MC255830",2.016
"13302",1985,"MC255831",1.239
"13303",1985,"MC255833",1.531
"13304",1985,"MC300001",1.052
"13305",1985,"MC300017",0.24
"13306",1985,"MC300018",1.858
"13307",1985,"MC300022",0.645
"13308",1985,"MC300023",1.709
"13309",1985,"MC300024",0.917
"13310",1985,"MC300026",1.344
"13311",1985,"MC300027",0.495
"13312",1985,"MC300028",1.551
"13313",1985,"MC300032",2.019
"13314",1985,"MC300033",NA
"13315",1985,"MC302801",2.219
"13316",1985,"MC302803",1.798
"13317",1985,"MC302807",0.82
"13318",1985,"MC302810",1.252
"13319",1985,"MC302813",3.197
"13320",1985,"MC302819",NA
"13321",1985,"MC302820",NA
"13322",1985,"MC302825",2.801
"13323",1985,"MC302827",2.121
"13324",1985,"MC302829",1.135
"13325",1985,"MC302831",3.949
"13326",1985,"MC302833",2.709
"13327",1985,"MC302834",NA
"13328",1985,"MC302835",NA
"13329",1986,"JB118309",0.98
"13330",1986,"JB118312",0.685
"13331",1986,"JB118313",0.983
"13332",1986,"JB118316",1.467
"13333",1986,"JB118317",0.627
"13334",1986,"JB118318",0.778
"13335",1986,"JB118320",0.962
"13336",1986,"JB118322",0.541
"13337",1986,"JB118323",0.444
"13338",1986,"JB118324",0.439
"13339",1986,"JB118326",0.607
"13340",1986,"JB118327",0.304
"13341",1986,"JB118332",0.72
"13342",1986,"JB118336",0.762
"13343",1986,"JB130804",1.282
"13344",1986,"JB130807",1.469
"13345",1986,"JB130808",1.111
"13346",1986,"JB130810",1.55
"13347",1986,"JB130813",0.673
"13348",1986,"JB130814",1.79
"13349",1986,"JB130815",1.183
"13350",1986,"JB130816",1.532
"13351",1986,"JB130817",1.739
"13352",1986,"JB130819",0.69
"13353",1986,"JB130821",1.361
"13354",1986,"JB130827",0.629
"13355",1986,"MC195302",1.717
"13356",1986,"MC195303",1.829
"13357",1986,"MC195304",0.902
"13358",1986,"MC195306",0.941
"13359",1986,"MC195307",0.913
"13360",1986,"MC195313",1.219
"13361",1986,"MC195314",0.348
"13362",1986,"MC195318",1.949
"13363",1986,"MC195319",3.71
"13364",1986,"MC195325",2.326
"13365",1986,"MC195329",2.353
"13366",1986,"MC216001",1.53
"13367",1986,"MC216002",0.529
"13368",1986,"MC216003",2.39
"13369",1986,"MC216004",3.059
"13370",1986,"MC216005",0.695
"13371",1986,"MC216010",1.304
"13372",1986,"MC216012",0.982
"13373",1986,"MC216014",0.739
"13374",1986,"MC216018",0.709
"13375",1986,"MC216020",0.633
"13376",1986,"MC216022",0.345
"13377",1986,"MC216026",0.206
"13378",1986,"MC216027",2.081
"13379",1986,"MC216029",NA
"13380",1986,"MC216030",0.969
"13381",1986,"MC216039",1.358
"13382",1986,"MC231201",0.755
"13383",1986,"MC231203",0.777
"13384",1986,"MC231204",1.585
"13385",1986,"MC231205",1.911
"13386",1986,"MC231206",0.83
"13387",1986,"MC231207",1.072
"13388",1986,"MC231209",0.421
"13389",1986,"MC231211",1.175
"13390",1986,"MC231212",1.386
"13391",1986,"MC231213",0.521
"13392",1986,"MC231216",1.298
"13393",1986,"MC231217",0.817
"13394",1986,"MC231219",1.146
"13395",1986,"MC231221",1.27
"13396",1986,"MC231225",1.347
"13397",1986,"MC231226",2.029
"13398",1986,"MC231227",1.696
"13399",1986,"MC231232",NA
"13400",1986,"MC231234",2.495
"13401",1986,"MC255807",0.988
"13402",1986,"MC255808",0.864
"13403",1986,"MC255809",0.413
"13404",1986,"MC255811",1.402
"13405",1986,"MC255814",1.921
"13406",1986,"MC255815",1.141
"13407",1986,"MC255817",0.75
"13408",1986,"MC255824",0.697
"13409",1986,"MC255825",3.411
"13410",1986,"MC255826",1.022
"13411",1986,"MC255827",0.851
"13412",1986,"MC255828",1.736
"13413",1986,"MC255830",2.27
"13414",1986,"MC255831",0.825
"13415",1986,"MC255833",1.285
"13416",1986,"MC300001",1.453
"13417",1986,"MC300017",0.669
"13418",1986,"MC300018",1.582
"13419",1986,"MC300022",0.861
"13420",1986,"MC300023",1.212
"13421",1986,"MC300024",0.901
"13422",1986,"MC300026",1.214
"13423",1986,"MC300027",1.078
"13424",1986,"MC300028",1.049
"13425",1986,"MC300032",1.148
"13426",1986,"MC300033",NA
"13427",1986,"MC302801",2.013
"13428",1986,"MC302803",2.057
"13429",1986,"MC302807",0.423
"13430",1986,"MC302810",1.115
"13431",1986,"MC302813",3.299
"13432",1986,"MC302819",NA
"13433",1986,"MC302820",0.514
"13434",1986,"MC302825",1.512
"13435",1986,"MC302827",1.877
"13436",1986,"MC302829",2.344
"13437",1986,"MC302831",3.875
"13438",1986,"MC302833",2.883
"13439",1986,"MC302834",1.311
"13440",1986,"MC302835",NA
"13441",1987,"JB118309",0.56
"13442",1987,"JB118312",0.365
"13443",1987,"JB118313",0.464
"13444",1987,"JB118316",0.596
"13445",1987,"JB118317",0.365
"13446",1987,"JB118318",0.389
"13447",1987,"JB118320",0.549
"13448",1987,"JB118322",0.32
"13449",1987,"JB118323",0.199
"13450",1987,"JB118324",0.109
"13451",1987,"JB118326",0.298
"13452",1987,"JB118327",0.146
"13453",1987,"JB118332",0.457
"13454",1987,"JB118336",0.27
"13455",1987,"JB130804",0.614
"13456",1987,"JB130807",0.842
"13457",1987,"JB130808",0.594
"13458",1987,"JB130810",1.194
"13459",1987,"JB130813",0.344
"13460",1987,"JB130814",0.515
"13461",1987,"JB130815",1.178
"13462",1987,"JB130816",0.73
"13463",1987,"JB130817",0.77
"13464",1987,"JB130819",0.279
"13465",1987,"JB130821",0.743
"13466",1987,"JB130827",0.934
"13467",1987,"MC195302",1.78
"13468",1987,"MC195303",1.644
"13469",1987,"MC195304",1.158
"13470",1987,"MC195306",1.059
"13471",1987,"MC195307",0.836
"13472",1987,"MC195313",1.467
"13473",1987,"MC195314",0.49
"13474",1987,"MC195318",2.227
"13475",1987,"MC195319",3.268
"13476",1987,"MC195325",1.676
"13477",1987,"MC195329",2.459
"13478",1987,"MC216001",2.06
"13479",1987,"MC216002",0.683
"13480",1987,"MC216003",1.619
"13481",1987,"MC216004",2.105
"13482",1987,"MC216005",0.672
"13483",1987,"MC216010",1.188
"13484",1987,"MC216012",0.789
"13485",1987,"MC216014",0.692
"13486",1987,"MC216018",0.764
"13487",1987,"MC216020",0.445
"13488",1987,"MC216022",0.489
"13489",1987,"MC216026",0.467
"13490",1987,"MC216027",1.551
"13491",1987,"MC216029",NA
"13492",1987,"MC216030",0.791
"13493",1987,"MC216039",1.99
"13494",1987,"MC231201",0.888
"13495",1987,"MC231203",0.689
"13496",1987,"MC231204",1.277
"13497",1987,"MC231205",1.444
"13498",1987,"MC231206",0.34
"13499",1987,"MC231207",1.225
"13500",1987,"MC231209",0.22
"13501",1987,"MC231211",1.056
"13502",1987,"MC231212",1.297
"13503",1987,"MC231213",0.388
"13504",1987,"MC231216",0.942
"13505",1987,"MC231217",0.679
"13506",1987,"MC231219",1.382
"13507",1987,"MC231221",1.128
"13508",1987,"MC231225",1.018
"13509",1987,"MC231226",1.732
"13510",1987,"MC231227",1.417
"13511",1987,"MC231232",0.775
"13512",1987,"MC231234",2.313
"13513",1987,"MC255807",1.319
"13514",1987,"MC255808",1.122
"13515",1987,"MC255809",0.63
"13516",1987,"MC255811",1.684
"13517",1987,"MC255814",2.015
"13518",1987,"MC255815",1.358
"13519",1987,"MC255817",1.164
"13520",1987,"MC255824",1.128
"13521",1987,"MC255825",2.715
"13522",1987,"MC255826",1.442
"13523",1987,"MC255827",1.118
"13524",1987,"MC255828",2.442
"13525",1987,"MC255830",1.809
"13526",1987,"MC255831",1.133
"13527",1987,"MC255833",1.843
"13528",1987,"MC300001",1.598
"13529",1987,"MC300017",0.661
"13530",1987,"MC300018",3.067
"13531",1987,"MC300022",0.729
"13532",1987,"MC300023",1.083
"13533",1987,"MC300024",0.849
"13534",1987,"MC300026",1.886
"13535",1987,"MC300027",0.084
"13536",1987,"MC300028",0.589
"13537",1987,"MC300032",1.45
"13538",1987,"MC300033",NA
"13539",1987,"MC302801",1.625
"13540",1987,"MC302803",1.298
"13541",1987,"MC302807",1.25
"13542",1987,"MC302810",0.775
"13543",1987,"MC302813",2.083
"13544",1987,"MC302819",NA
"13545",1987,"MC302820",0.94
"13546",1987,"MC302825",1.788
"13547",1987,"MC302827",1.232
"13548",1987,"MC302829",1.358
"13549",1987,"MC302831",1.976
"13550",1987,"MC302833",1.902
"13551",1987,"MC302834",1.16
"13552",1987,"MC302835",NA
"13553",1988,"JB118309",0.723
"13554",1988,"JB118312",0.42
"13555",1988,"JB118313",0.994
"13556",1988,"JB118316",1.168
"13557",1988,"JB118317",0.528
"13558",1988,"JB118318",0.467
"13559",1988,"JB118320",0.682
"13560",1988,"JB118322",0.421
"13561",1988,"JB118323",0.213
"13562",1988,"JB118324",0.131
"13563",1988,"JB118326",0.277
"13564",1988,"JB118327",0.171
"13565",1988,"JB118332",0.348
"13566",1988,"JB118336",0.405
"13567",1988,"JB130804",1.776
"13568",1988,"JB130807",1.888
"13569",1988,"JB130808",1.209
"13570",1988,"JB130810",0.871
"13571",1988,"JB130813",1.13
"13572",1988,"JB130814",1.478
"13573",1988,"JB130815",0.781
"13574",1988,"JB130816",1.399
"13575",1988,"JB130817",2.268
"13576",1988,"JB130819",1.032
"13577",1988,"JB130821",1.595
"13578",1988,"JB130827",0.835
"13579",1988,"MC195302",1.271
"13580",1988,"MC195303",1.215
"13581",1988,"MC195304",0.837
"13582",1988,"MC195306",0.554
"13583",1988,"MC195307",0.452
"13584",1988,"MC195313",0.46
"13585",1988,"MC195314",0.301
"13586",1988,"MC195318",0.729
"13587",1988,"MC195319",1.548
"13588",1988,"MC195325",0.728
"13589",1988,"MC195329",0.786
"13590",1988,"MC216001",0.938
"13591",1988,"MC216002",0.646
"13592",1988,"MC216003",1.209
"13593",1988,"MC216004",1.365
"13594",1988,"MC216005",0.271
"13595",1988,"MC216010",0.788
"13596",1988,"MC216012",0.818
"13597",1988,"MC216014",0.459
"13598",1988,"MC216018",0.644
"13599",1988,"MC216020",0.548
"13600",1988,"MC216022",0.77
"13601",1988,"MC216026",0.975
"13602",1988,"MC216027",0.966
"13603",1988,"MC216029",NA
"13604",1988,"MC216030",0.81
"13605",1988,"MC216039",1.376
"13606",1988,"MC231201",0.732
"13607",1988,"MC231203",0.832
"13608",1988,"MC231204",1.474
"13609",1988,"MC231205",1.34
"13610",1988,"MC231206",0.413
"13611",1988,"MC231207",1.079
"13612",1988,"MC231209",0.457
"13613",1988,"MC231211",1.096
"13614",1988,"MC231212",1.053
"13615",1988,"MC231213",0.479
"13616",1988,"MC231216",0.838
"13617",1988,"MC231217",0.756
"13618",1988,"MC231219",1.281
"13619",1988,"MC231221",1.106
"13620",1988,"MC231225",1.615
"13621",1988,"MC231226",1.093
"13622",1988,"MC231227",1.53
"13623",1988,"MC231232",1.699
"13624",1988,"MC231234",2.1
"13625",1988,"MC255807",0.581
"13626",1988,"MC255808",0.335
"13627",1988,"MC255809",0.266
"13628",1988,"MC255811",0.572
"13629",1988,"MC255814",0.883
"13630",1988,"MC255815",0.258
"13631",1988,"MC255817",0.33
"13632",1988,"MC255824",0.523
"13633",1988,"MC255825",1.471
"13634",1988,"MC255826",1.201
"13635",1988,"MC255827",0.6
"13636",1988,"MC255828",0.753
"13637",1988,"MC255830",0.471
"13638",1988,"MC255831",0.463
"13639",1988,"MC255833",0.425
"13640",1988,"MC300001",2.561
"13641",1988,"MC300017",0.832
"13642",1988,"MC300018",1.206
"13643",1988,"MC300022",0.549
"13644",1988,"MC300023",1.131
"13645",1988,"MC300024",0.713
"13646",1988,"MC300026",1.305
"13647",1988,"MC300027",0.921
"13648",1988,"MC300028",0.629
"13649",1988,"MC300032",0.922
"13650",1988,"MC300033",NA
"13651",1988,"MC302801",2.222
"13652",1988,"MC302803",1.135
"13653",1988,"MC302807",0.794
"13654",1988,"MC302810",0.918
"13655",1988,"MC302813",2.378
"13656",1988,"MC302819",NA
"13657",1988,"MC302820",1.135
"13658",1988,"MC302825",0.911
"13659",1988,"MC302827",2.151
"13660",1988,"MC302829",1.99
"13661",1988,"MC302831",1.088
"13662",1988,"MC302833",2.684
"13663",1988,"MC302834",1.285
"13664",1988,"MC302835",NA
"13665",1989,"JB118309",0.622
"13666",1989,"JB118312",0.438
"13667",1989,"JB118313",1.007
"13668",1989,"JB118316",1.263
"13669",1989,"JB118317",0.625
"13670",1989,"JB118318",0.442
"13671",1989,"JB118320",0.679
"13672",1989,"JB118322",0.717
"13673",1989,"JB118323",0.476
"13674",1989,"JB118324",0.255
"13675",1989,"JB118326",0.563
"13676",1989,"JB118327",0.403
"13677",1989,"JB118332",0.58
"13678",1989,"JB118336",0.589
"13679",1989,"JB130804",1.911
"13680",1989,"JB130807",1.461
"13681",1989,"JB130808",0.978
"13682",1989,"JB130810",0.968
"13683",1989,"JB130813",1.153
"13684",1989,"JB130814",1.533
"13685",1989,"JB130815",0.814
"13686",1989,"JB130816",1.741
"13687",1989,"JB130817",2.357
"13688",1989,"JB130819",0.885
"13689",1989,"JB130821",1.352
"13690",1989,"JB130827",0.635
"13691",1989,"MC195302",0.344
"13692",1989,"MC195303",0.325
"13693",1989,"MC195304",0.258
"13694",1989,"MC195306",0.302
"13695",1989,"MC195307",0.135
"13696",1989,"MC195313",0.213
"13697",1989,"MC195314",0.059
"13698",1989,"MC195318",0.288
"13699",1989,"MC195319",1.004
"13700",1989,"MC195325",0.481
"13701",1989,"MC195329",0.306
"13702",1989,"MC216001",0.866
"13703",1989,"MC216002",0.382
"13704",1989,"MC216003",0.798
"13705",1989,"MC216004",1.315
"13706",1989,"MC216005",0.611
"13707",1989,"MC216010",0.843
"13708",1989,"MC216012",0.825
"13709",1989,"MC216014",0.423
"13710",1989,"MC216018",0.747
"13711",1989,"MC216020",0.41
"13712",1989,"MC216022",0.312
"13713",1989,"MC216026",0.709
"13714",1989,"MC216027",0.902
"13715",1989,"MC216029",NA
"13716",1989,"MC216030",0.859
"13717",1989,"MC216039",1.09
"13718",1989,"MC231201",0.425
"13719",1989,"MC231203",0.383
"13720",1989,"MC231204",0.977
"13721",1989,"MC231205",0.812
"13722",1989,"MC231206",0.322
"13723",1989,"MC231207",0.749
"13724",1989,"MC231209",0.203
"13725",1989,"MC231211",1.116
"13726",1989,"MC231212",0.515
"13727",1989,"MC231213",0.254
"13728",1989,"MC231216",0.459
"13729",1989,"MC231217",0.254
"13730",1989,"MC231219",0.469
"13731",1989,"MC231221",0.428
"13732",1989,"MC231225",0.978
"13733",1989,"MC231226",0.867
"13734",1989,"MC231227",0.869
"13735",1989,"MC231232",1.17
"13736",1989,"MC231234",1.929
"13737",1989,"MC255807",0.95
"13738",1989,"MC255808",0.549
"13739",1989,"MC255809",0.292
"13740",1989,"MC255811",1.34
"13741",1989,"MC255814",1.106
"13742",1989,"MC255815",0.493
"13743",1989,"MC255817",0.276
"13744",1989,"MC255824",0.843
"13745",1989,"MC255825",1.438
"13746",1989,"MC255826",1.413
"13747",1989,"MC255827",1.031
"13748",1989,"MC255828",1.008
"13749",1989,"MC255830",0.97
"13750",1989,"MC255831",0.337
"13751",1989,"MC255833",0.677
"13752",1989,"MC300001",0.618
"13753",1989,"MC300017",0.937
"13754",1989,"MC300018",1.217
"13755",1989,"MC300022",0.737
"13756",1989,"MC300023",0.832
"13757",1989,"MC300024",1.266
"13758",1989,"MC300026",0.518
"13759",1989,"MC300027",1.707
"13760",1989,"MC300028",1.027
"13761",1989,"MC300032",1.265
"13762",1989,"MC300033",NA
"13763",1989,"MC302801",1.27
"13764",1989,"MC302803",1.345
"13765",1989,"MC302807",0.442
"13766",1989,"MC302810",0.661
"13767",1989,"MC302813",1.836
"13768",1989,"MC302819",0.517
"13769",1989,"MC302820",1.31
"13770",1989,"MC302825",0.819
"13771",1989,"MC302827",1.378
"13772",1989,"MC302829",1.25
"13773",1989,"MC302831",1.251
"13774",1989,"MC302833",2.069
"13775",1989,"MC302834",0.882
"13776",1989,"MC302835",NA
"13777",1990,"JB118309",0.408
"13778",1990,"JB118312",0.394
"13779",1990,"JB118313",0.95
"13780",1990,"JB118316",1.118
"13781",1990,"JB118317",0.503
"13782",1990,"JB118318",0.547
"13783",1990,"JB118320",0.671
"13784",1990,"JB118322",0.737
"13785",1990,"JB118323",0.473
"13786",1990,"JB118324",0.721
"13787",1990,"JB118326",0.504
"13788",1990,"JB118327",0.332
"13789",1990,"JB118332",0.51
"13790",1990,"JB118336",0.662
"13791",1990,"JB130804",1.48
"13792",1990,"JB130807",0.565
"13793",1990,"JB130808",0.671
"13794",1990,"JB130810",0.818
"13795",1990,"JB130813",0.811
"13796",1990,"JB130814",0.953
"13797",1990,"JB130815",0.741
"13798",1990,"JB130816",1.388
"13799",1990,"JB130817",1.138
"13800",1990,"JB130819",0.77
"13801",1990,"JB130821",0.76
"13802",1990,"JB130827",0.662
"13803",1990,"MC195302",1.095
"13804",1990,"MC195303",0.759
"13805",1990,"MC195304",0.764
"13806",1990,"MC195306",0.424
"13807",1990,"MC195307",0.567
"13808",1990,"MC195313",0.297
"13809",1990,"MC195314",0.138
"13810",1990,"MC195318",0.705
"13811",1990,"MC195319",1.165
"13812",1990,"MC195325",0.891
"13813",1990,"MC195329",1.077
"13814",1990,"MC216001",0.913
"13815",1990,"MC216002",0.652
"13816",1990,"MC216003",1.358
"13817",1990,"MC216004",1.344
"13818",1990,"MC216005",0.634
"13819",1990,"MC216010",1.062
"13820",1990,"MC216012",0.945
"13821",1990,"MC216014",0.516
"13822",1990,"MC216018",0.586
"13823",1990,"MC216020",0.461
"13824",1990,"MC216022",0.322
"13825",1990,"MC216026",0.765
"13826",1990,"MC216027",0.811
"13827",1990,"MC216029",NA
"13828",1990,"MC216030",0.669
"13829",1990,"MC216039",1.796
"13830",1990,"MC231201",0.471
"13831",1990,"MC231203",0.437
"13832",1990,"MC231204",1.007
"13833",1990,"MC231205",1.511
"13834",1990,"MC231206",0.285
"13835",1990,"MC231207",0.904
"13836",1990,"MC231209",0.501
"13837",1990,"MC231211",1.215
"13838",1990,"MC231212",0.764
"13839",1990,"MC231213",0.556
"13840",1990,"MC231216",0.684
"13841",1990,"MC231217",0.395
"13842",1990,"MC231219",0.565
"13843",1990,"MC231221",0.689
"13844",1990,"MC231225",1.403
"13845",1990,"MC231226",1.065
"13846",1990,"MC231227",1.291
"13847",1990,"MC231232",2.109
"13848",1990,"MC231234",2.428
"13849",1990,"MC255807",0.97
"13850",1990,"MC255808",0.796
"13851",1990,"MC255809",0.535
"13852",1990,"MC255811",0.961
"13853",1990,"MC255814",1.099
"13854",1990,"MC255815",0.5
"13855",1990,"MC255817",0.37
"13856",1990,"MC255824",0.83
"13857",1990,"MC255825",1.501
"13858",1990,"MC255826",1.123
"13859",1990,"MC255827",0.819
"13860",1990,"MC255828",0.941
"13861",1990,"MC255830",0.885
"13862",1990,"MC255831",0.394
"13863",1990,"MC255833",0.993
"13864",1990,"MC300001",1.422
"13865",1990,"MC300017",1.249
"13866",1990,"MC300018",2.079
"13867",1990,"MC300022",0.559
"13868",1990,"MC300023",0.504
"13869",1990,"MC300024",0.404
"13870",1990,"MC300026",0.595
"13871",1990,"MC300027",0.424
"13872",1990,"MC300028",1.022
"13873",1990,"MC300032",0.549
"13874",1990,"MC300033",NA
"13875",1990,"MC302801",1.013
"13876",1990,"MC302803",0.495
"13877",1990,"MC302807",0.756
"13878",1990,"MC302810",0.515
"13879",1990,"MC302813",1.136
"13880",1990,"MC302819",1.152
"13881",1990,"MC302820",2.654
"13882",1990,"MC302825",0.495
"13883",1990,"MC302827",0.899
"13884",1990,"MC302829",1.717
"13885",1990,"MC302831",1.506
"13886",1990,"MC302833",1.17
"13887",1990,"MC302834",0.922
"13888",1990,"MC302835",NA
"13889",1991,"JB118309",0.602
"13890",1991,"JB118312",0.65
"13891",1991,"JB118313",0.845
"13892",1991,"JB118316",1.614
"13893",1991,"JB118317",0.58
"13894",1991,"JB118318",0.685
"13895",1991,"JB118320",0.825
"13896",1991,"JB118322",0.746
"13897",1991,"JB118323",0.381
"13898",1991,"JB118324",0.538
"13899",1991,"JB118326",0.49
"13900",1991,"JB118327",0.171
"13901",1991,"JB118332",0.756
"13902",1991,"JB118336",0.447
"13903",1991,"JB130804",1.144
"13904",1991,"JB130807",0.722
"13905",1991,"JB130808",0.843
"13906",1991,"JB130810",0.897
"13907",1991,"JB130813",0.63
"13908",1991,"JB130814",0.68
"13909",1991,"JB130815",1.063
"13910",1991,"JB130816",1.374
"13911",1991,"JB130817",0.675
"13912",1991,"JB130819",1.078
"13913",1991,"JB130821",1.034
"13914",1991,"JB130827",0.981
"13915",1991,"MC195302",1.203
"13916",1991,"MC195303",1.067
"13917",1991,"MC195304",0.824
"13918",1991,"MC195306",0.579
"13919",1991,"MC195307",0.637
"13920",1991,"MC195313",0.872
"13921",1991,"MC195314",0.307
"13922",1991,"MC195318",1.4
"13923",1991,"MC195319",2.01
"13924",1991,"MC195325",1.2
"13925",1991,"MC195329",1.655
"13926",1991,"MC216001",1.592
"13927",1991,"MC216002",0.96
"13928",1991,"MC216003",1.396
"13929",1991,"MC216004",1.207
"13930",1991,"MC216005",0.503
"13931",1991,"MC216010",0.826
"13932",1991,"MC216012",0.722
"13933",1991,"MC216014",0.444
"13934",1991,"MC216018",0.721
"13935",1991,"MC216020",0.368
"13936",1991,"MC216022",0.261
"13937",1991,"MC216026",1.012
"13938",1991,"MC216027",0.938
"13939",1991,"MC216029",NA
"13940",1991,"MC216030",1.207
"13941",1991,"MC216039",1.071
"13942",1991,"MC231201",0.593
"13943",1991,"MC231203",0.709
"13944",1991,"MC231204",1.077
"13945",1991,"MC231205",1.088
"13946",1991,"MC231206",0.723
"13947",1991,"MC231207",0.954
"13948",1991,"MC231209",0.719
"13949",1991,"MC231211",0.975
"13950",1991,"MC231212",1.137
"13951",1991,"MC231213",0.509
"13952",1991,"MC231216",0.714
"13953",1991,"MC231217",0.711
"13954",1991,"MC231219",0.672
"13955",1991,"MC231221",0.8
"13956",1991,"MC231225",0.906
"13957",1991,"MC231226",1.303
"13958",1991,"MC231227",1.107
"13959",1991,"MC231232",2.164
"13960",1991,"MC231234",2.124
"13961",1991,"MC255807",0.456
"13962",1991,"MC255808",0.71
"13963",1991,"MC255809",0.53
"13964",1991,"MC255811",1.044
"13965",1991,"MC255814",1.362
"13966",1991,"MC255815",0.737
"13967",1991,"MC255817",0.489
"13968",1991,"MC255824",0.954
"13969",1991,"MC255825",1.813
"13970",1991,"MC255826",1.271
"13971",1991,"MC255827",0.948
"13972",1991,"MC255828",0.998
"13973",1991,"MC255830",0.68
"13974",1991,"MC255831",0.46
"13975",1991,"MC255833",1.126
"13976",1991,"MC300001",0.956
"13977",1991,"MC300017",1.186
"13978",1991,"MC300018",0.93
"13979",1991,"MC300022",0.512
"13980",1991,"MC300023",0.38
"13981",1991,"MC300024",0.477
"13982",1991,"MC300026",0.911
"13983",1991,"MC300027",1.232
"13984",1991,"MC300028",0.669
"13985",1991,"MC300032",1.368
"13986",1991,"MC300033",NA
"13987",1991,"MC302801",1.95
"13988",1991,"MC302803",1.454
"13989",1991,"MC302807",1.406
"13990",1991,"MC302810",0.888
"13991",1991,"MC302813",1.794
"13992",1991,"MC302819",2.182
"13993",1991,"MC302820",2.48
"13994",1991,"MC302825",1.595
"13995",1991,"MC302827",1.307
"13996",1991,"MC302829",1.6
"13997",1991,"MC302831",1.642
"13998",1991,"MC302833",1.858
"13999",1991,"MC302834",2.039
"14000",1991,"MC302835",NA
"14001",1992,"JB118309",0.42
"14002",1992,"JB118312",0.436
"14003",1992,"JB118313",0.49
"14004",1992,"JB118316",1.235
"14005",1992,"JB118317",0.523
"14006",1992,"JB118318",0.6
"14007",1992,"JB118320",0.56
"14008",1992,"JB118322",0.433
"14009",1992,"JB118323",0.339
"14010",1992,"JB118324",0.42
"14011",1992,"JB118326",0.416
"14012",1992,"JB118327",0.163
"14013",1992,"JB118332",0.472
"14014",1992,"JB118336",0.19
"14015",1992,"JB130804",1.157
"14016",1992,"JB130807",1.305
"14017",1992,"JB130808",0.898
"14018",1992,"JB130810",1.264
"14019",1992,"JB130813",0.795
"14020",1992,"JB130814",1.209
"14021",1992,"JB130815",1.235
"14022",1992,"JB130816",1.634
"14023",1992,"JB130817",1.826
"14024",1992,"JB130819",1.314
"14025",1992,"JB130821",1.045
"14026",1992,"JB130827",0.939
"14027",1992,"MC195302",1.023
"14028",1992,"MC195303",1.146
"14029",1992,"MC195304",0.869
"14030",1992,"MC195306",0.565
"14031",1992,"MC195307",0.485
"14032",1992,"MC195313",0.703
"14033",1992,"MC195314",0.298
"14034",1992,"MC195318",1.19
"14035",1992,"MC195319",1.626
"14036",1992,"MC195325",1.016
"14037",1992,"MC195329",1.35
"14038",1992,"MC216001",1.186
"14039",1992,"MC216002",1.207
"14040",1992,"MC216003",1.124
"14041",1992,"MC216004",0.912
"14042",1992,"MC216005",0.904
"14043",1992,"MC216010",0.804
"14044",1992,"MC216012",0.538
"14045",1992,"MC216014",0.524
"14046",1992,"MC216018",0.443
"14047",1992,"MC216020",0.478
"14048",1992,"MC216022",0.511
"14049",1992,"MC216026",1.173
"14050",1992,"MC216027",0.768
"14051",1992,"MC216029",NA
"14052",1992,"MC216030",0.591
"14053",1992,"MC216039",1.723
"14054",1992,"MC231201",0.463
"14055",1992,"MC231203",0.51
"14056",1992,"MC231204",0.463
"14057",1992,"MC231205",0.837
"14058",1992,"MC231206",0.303
"14059",1992,"MC231207",0.811
"14060",1992,"MC231209",0.445
"14061",1992,"MC231211",0.59
"14062",1992,"MC231212",1.059
"14063",1992,"MC231213",0.511
"14064",1992,"MC231216",0.493
"14065",1992,"MC231217",0.497
"14066",1992,"MC231219",0.597
"14067",1992,"MC231221",0.601
"14068",1992,"MC231225",1.312
"14069",1992,"MC231226",1.184
"14070",1992,"MC231227",1.162
"14071",1992,"MC231232",1.328
"14072",1992,"MC231234",1.393
"14073",1992,"MC255807",1.226
"14074",1992,"MC255808",1.316
"14075",1992,"MC255809",0.573
"14076",1992,"MC255811",1.376
"14077",1992,"MC255814",1.666
"14078",1992,"MC255815",0.899
"14079",1992,"MC255817",0.734
"14080",1992,"MC255824",1.035
"14081",1992,"MC255825",3.224
"14082",1992,"MC255826",1.805
"14083",1992,"MC255827",1.094
"14084",1992,"MC255828",1.443
"14085",1992,"MC255830",2.263
"14086",1992,"MC255831",0.719
"14087",1992,"MC255833",1.555
"14088",1992,"MC300001",1.5
"14089",1992,"MC300017",1.375
"14090",1992,"MC300018",1.751
"14091",1992,"MC300022",0.817
"14092",1992,"MC300023",1.434
"14093",1992,"MC300024",0.971
"14094",1992,"MC300026",1.003
"14095",1992,"MC300027",1.898
"14096",1992,"MC300028",2.12
"14097",1992,"MC300032",1.928
"14098",1992,"MC300033",2.29
"14099",1992,"MC302801",1.049
"14100",1992,"MC302803",0.866
"14101",1992,"MC302807",1.713
"14102",1992,"MC302810",0.609
"14103",1992,"MC302813",1.586
"14104",1992,"MC302819",1.945
"14105",1992,"MC302820",0.824
"14106",1992,"MC302825",1.167
"14107",1992,"MC302827",1.165
"14108",1992,"MC302829",1.034
"14109",1992,"MC302831",1.415
"14110",1992,"MC302833",1.11
"14111",1992,"MC302834",1.683
"14112",1992,"MC302835",1.669
"14113",1993,"JB118309",0.403
"14114",1993,"JB118312",0.168
"14115",1993,"JB118313",0.548
"14116",1993,"JB118316",0.946
"14117",1993,"JB118317",0.74
"14118",1993,"JB118318",0.29
"14119",1993,"JB118320",0.284
"14120",1993,"JB118322",0.26
"14121",1993,"JB118323",0.195
"14122",1993,"JB118324",0.243
"14123",1993,"JB118326",0.231
"14124",1993,"JB118327",0.081
"14125",1993,"JB118332",0.282
"14126",1993,"JB118336",0.167
"14127",1993,"JB130804",1.096
"14128",1993,"JB130807",1.418
"14129",1993,"JB130808",0.777
"14130",1993,"JB130810",0.863
"14131",1993,"JB130813",0.921
"14132",1993,"JB130814",1.215
"14133",1993,"JB130815",0.815
"14134",1993,"JB130816",0.947
"14135",1993,"JB130817",1.968
"14136",1993,"JB130819",1.276
"14137",1993,"JB130821",1.044
"14138",1993,"JB130827",0.865
"14139",1993,"MC195302",1.659
"14140",1993,"MC195303",1.396
"14141",1993,"MC195304",0.864
"14142",1993,"MC195306",0.471
"14143",1993,"MC195307",0.654
"14144",1993,"MC195313",0.984
"14145",1993,"MC195314",0.397
"14146",1993,"MC195318",1.194
"14147",1993,"MC195319",1.802
"14148",1993,"MC195325",1.748
"14149",1993,"MC195329",2.42
"14150",1993,"MC216001",1.717
"14151",1993,"MC216002",1.065
"14152",1993,"MC216003",1.902
"14153",1993,"MC216004",1.093
"14154",1993,"MC216005",0.881
"14155",1993,"MC216010",1.999
"14156",1993,"MC216012",0.819
"14157",1993,"MC216014",0.589
"14158",1993,"MC216018",0.544
"14159",1993,"MC216020",0.515
"14160",1993,"MC216022",0.85
"14161",1993,"MC216026",1.474
"14162",1993,"MC216027",0.843
"14163",1993,"MC216029",NA
"14164",1993,"MC216030",1.148
"14165",1993,"MC216039",2.012
"14166",1993,"MC231201",0.518
"14167",1993,"MC231203",0.489
"14168",1993,"MC231204",0.571
"14169",1993,"MC231205",0.818
"14170",1993,"MC231206",0.353
"14171",1993,"MC231207",0.525
"14172",1993,"MC231209",0.781
"14173",1993,"MC231211",0.471
"14174",1993,"MC231212",0.467
"14175",1993,"MC231213",0.355
"14176",1993,"MC231216",0.797
"14177",1993,"MC231217",0.476
"14178",1993,"MC231219",0.549
"14179",1993,"MC231221",0.755
"14180",1993,"MC231225",1.448
"14181",1993,"MC231226",1.473
"14182",1993,"MC231227",1.383
"14183",1993,"MC231232",1.587
"14184",1993,"MC231234",1.737
"14185",1993,"MC255807",1.705
"14186",1993,"MC255808",0.825
"14187",1993,"MC255809",0.536
"14188",1993,"MC255811",1.004
"14189",1993,"MC255814",1.615
"14190",1993,"MC255815",1.771
"14191",1993,"MC255817",0.9
"14192",1993,"MC255824",0.658
"14193",1993,"MC255825",2.997
"14194",1993,"MC255826",1.942
"14195",1993,"MC255827",0.743
"14196",1993,"MC255828",1.421
"14197",1993,"MC255830",1.912
"14198",1993,"MC255831",0.539
"14199",1993,"MC255833",1.217
"14200",1993,"MC300001",1.498
"14201",1993,"MC300017",1.875
"14202",1993,"MC300018",3.221
"14203",1993,"MC300022",0.865
"14204",1993,"MC300023",1.857
"14205",1993,"MC300024",2.301
"14206",1993,"MC300026",1.21
"14207",1993,"MC300027",1.989
"14208",1993,"MC300028",1.626
"14209",1993,"MC300032",1.965
"14210",1993,"MC300033",0.949
"14211",1993,"MC302801",1.243
"14212",1993,"MC302803",0.666
"14213",1993,"MC302807",0.791
"14214",1993,"MC302810",0.556
"14215",1993,"MC302813",1.41
"14216",1993,"MC302819",1.257
"14217",1993,"MC302820",1.105
"14218",1993,"MC302825",0.722
"14219",1993,"MC302827",1.251
"14220",1993,"MC302829",1.464
"14221",1993,"MC302831",0.987
"14222",1993,"MC302833",1.054
"14223",1993,"MC302834",0.797
"14224",1993,"MC302835",1.181
"14225",1994,"JB118309",0.687
"14226",1994,"JB118312",0.25
"14227",1994,"JB118313",0.633
"14228",1994,"JB118316",0.771
"14229",1994,"JB118317",1.005
"14230",1994,"JB118318",0.276
"14231",1994,"JB118320",0.401
"14232",1994,"JB118322",0.228
"14233",1994,"JB118323",0.468
"14234",1994,"JB118324",0.326
"14235",1994,"JB118326",0.479
"14236",1994,"JB118327",0.227
"14237",1994,"JB118332",0.297
"14238",1994,"JB118336",0.308
"14239",1994,"JB130804",1.158
"14240",1994,"JB130807",1.555
"14241",1994,"JB130808",0.845
"14242",1994,"JB130810",1.309
"14243",1994,"JB130813",0.743
"14244",1994,"JB130814",1.379
"14245",1994,"JB130815",1.248
"14246",1994,"JB130816",1.203
"14247",1994,"JB130817",1.686
"14248",1994,"JB130819",1.327
"14249",1994,"JB130821",1.103
"14250",1994,"JB130827",0.993
"14251",1994,"MC195302",1.278
"14252",1994,"MC195303",1.405
"14253",1994,"MC195304",0.899
"14254",1994,"MC195306",0.564
"14255",1994,"MC195307",0.802
"14256",1994,"MC195313",0.739
"14257",1994,"MC195314",0.335
"14258",1994,"MC195318",1.238
"14259",1994,"MC195319",2.516
"14260",1994,"MC195325",1.295
"14261",1994,"MC195329",1.675
"14262",1994,"MC216001",0.972
"14263",1994,"MC216002",0.928
"14264",1994,"MC216003",2.476
"14265",1994,"MC216004",1.253
"14266",1994,"MC216005",0.598
"14267",1994,"MC216010",2.048
"14268",1994,"MC216012",0.777
"14269",1994,"MC216014",0.45
"14270",1994,"MC216018",0.452
"14271",1994,"MC216020",0.602
"14272",1994,"MC216022",1.012
"14273",1994,"MC216026",1.125
"14274",1994,"MC216027",0.804
"14275",1994,"MC216029",NA
"14276",1994,"MC216030",0.81
"14277",1994,"MC216039",1.497
"14278",1994,"MC231201",0.477
"14279",1994,"MC231203",0.575
"14280",1994,"MC231204",1.082
"14281",1994,"MC231205",1.305
"14282",1994,"MC231206",0.376
"14283",1994,"MC231207",0.932
"14284",1994,"MC231209",1.058
"14285",1994,"MC231211",0.835
"14286",1994,"MC231212",0.931
"14287",1994,"MC231213",0.457
"14288",1994,"MC231216",0.847
"14289",1994,"MC231217",0.528
"14290",1994,"MC231219",0.625
"14291",1994,"MC231221",0.936
"14292",1994,"MC231225",1.116
"14293",1994,"MC231226",1.22
"14294",1994,"MC231227",1.237
"14295",1994,"MC231232",2.031
"14296",1994,"MC231234",1.895
"14297",1994,"MC255807",1.071
"14298",1994,"MC255808",1.082
"14299",1994,"MC255809",0.725
"14300",1994,"MC255811",1.118
"14301",1994,"MC255814",1.529
"14302",1994,"MC255815",2.012
"14303",1994,"MC255817",0.714
"14304",1994,"MC255824",1.104
"14305",1994,"MC255825",3.076
"14306",1994,"MC255826",1.561
"14307",1994,"MC255827",1.07
"14308",1994,"MC255828",1.618
"14309",1994,"MC255830",1.636
"14310",1994,"MC255831",0.875
"14311",1994,"MC255833",1.437
"14312",1994,"MC300001",1.116
"14313",1994,"MC300017",2.225
"14314",1994,"MC300018",3.159
"14315",1994,"MC300022",0.674
"14316",1994,"MC300023",1.529
"14317",1994,"MC300024",1.85
"14318",1994,"MC300026",1.74
"14319",1994,"MC300027",1.449
"14320",1994,"MC300028",1.97
"14321",1994,"MC300032",2.108
"14322",1994,"MC300033",2.091
"14323",1994,"MC302801",1.439
"14324",1994,"MC302803",1.527
"14325",1994,"MC302807",2.249
"14326",1994,"MC302810",0.547
"14327",1994,"MC302813",1.728
"14328",1994,"MC302819",3.146
"14329",1994,"MC302820",2.044
"14330",1994,"MC302825",1.331
"14331",1994,"MC302827",1.955
"14332",1994,"MC302829",2.007
"14333",1994,"MC302831",2.423
"14334",1994,"MC302833",1.585
"14335",1994,"MC302834",1.478
"14336",1994,"MC302835",1.711
"14337",1995,"JB118309",0.65
"14338",1995,"JB118312",0.227
"14339",1995,"JB118313",0.796
"14340",1995,"JB118316",1.24
"14341",1995,"JB118317",0.836
"14342",1995,"JB118318",0.293
"14343",1995,"JB118320",0.589
"14344",1995,"JB118322",0.555
"14345",1995,"JB118323",0.289
"14346",1995,"JB118324",0.266
"14347",1995,"JB118326",0.314
"14348",1995,"JB118327",0.162
"14349",1995,"JB118332",0.426
"14350",1995,"JB118336",0.274
"14351",1995,"JB130804",1.812
"14352",1995,"JB130807",1.89
"14353",1995,"JB130808",0.875
"14354",1995,"JB130810",2.163
"14355",1995,"JB130813",0.897
"14356",1995,"JB130814",1.93
"14357",1995,"JB130815",1.892
"14358",1995,"JB130816",1.426
"14359",1995,"JB130817",1.249
"14360",1995,"JB130819",0.949
"14361",1995,"JB130821",1.277
"14362",1995,"JB130827",1.619
"14363",1995,"MC195302",1.079
"14364",1995,"MC195303",0.992
"14365",1995,"MC195304",0.439
"14366",1995,"MC195306",0.531
"14367",1995,"MC195307",0.595
"14368",1995,"MC195313",0.501
"14369",1995,"MC195314",0.228
"14370",1995,"MC195318",1.156
"14371",1995,"MC195319",2.222
"14372",1995,"MC195325",1.256
"14373",1995,"MC195329",1.61
"14374",1995,"MC216001",1.543
"14375",1995,"MC216002",1.739
"14376",1995,"MC216003",1.843
"14377",1995,"MC216004",0.935
"14378",1995,"MC216005",0.48
"14379",1995,"MC216010",1.8
"14380",1995,"MC216012",0.729
"14381",1995,"MC216014",0.535
"14382",1995,"MC216018",0.455
"14383",1995,"MC216020",0.5
"14384",1995,"MC216022",0.827
"14385",1995,"MC216026",0.877
"14386",1995,"MC216027",0.829
"14387",1995,"MC216029",NA
"14388",1995,"MC216030",0.968
"14389",1995,"MC216039",1.495
"14390",1995,"MC231201",0.36
"14391",1995,"MC231203",0.367
"14392",1995,"MC231204",1.506
"14393",1995,"MC231205",0.836
"14394",1995,"MC231206",0.4
"14395",1995,"MC231207",0.554
"14396",1995,"MC231209",0.681
"14397",1995,"MC231211",0.571
"14398",1995,"MC231212",0.37
"14399",1995,"MC231213",0.19
"14400",1995,"MC231216",0.448
"14401",1995,"MC231217",0.295
"14402",1995,"MC231219",0.253
"14403",1995,"MC231221",0.487
"14404",1995,"MC231225",0.592
"14405",1995,"MC231226",0.622
"14406",1995,"MC231227",0.815
"14407",1995,"MC231232",1.852
"14408",1995,"MC231234",1.645
"14409",1995,"MC255807",0.357
"14410",1995,"MC255808",0.26
"14411",1995,"MC255809",0.222
"14412",1995,"MC255811",0.229
"14413",1995,"MC255814",0.795
"14414",1995,"MC255815",1.098
"14415",1995,"MC255817",0.46
"14416",1995,"MC255824",0.459
"14417",1995,"MC255825",1.912
"14418",1995,"MC255826",1.071
"14419",1995,"MC255827",0.466
"14420",1995,"MC255828",0.512
"14421",1995,"MC255830",1.298
"14422",1995,"MC255831",0.373
"14423",1995,"MC255833",0.426
"14424",1995,"MC300001",0.932
"14425",1995,"MC300017",0.667
"14426",1995,"MC300018",1.393
"14427",1995,"MC300022",0.642
"14428",1995,"MC300023",0.759
"14429",1995,"MC300024",0.442
"14430",1995,"MC300026",0.887
"14431",1995,"MC300027",0.349
"14432",1995,"MC300028",0.954
"14433",1995,"MC300032",0.818
"14434",1995,"MC300033",0.956
"14435",1995,"MC302801",1.365
"14436",1995,"MC302803",1.027
"14437",1995,"MC302807",1.597
"14438",1995,"MC302810",0.678
"14439",1995,"MC302813",1.854
"14440",1995,"MC302819",2.453
"14441",1995,"MC302820",1.282
"14442",1995,"MC302825",0.898
"14443",1995,"MC302827",1.308
"14444",1995,"MC302829",1.625
"14445",1995,"MC302831",1.813
"14446",1995,"MC302833",1.248
"14447",1995,"MC302834",1.328
"14448",1995,"MC302835",1.322
"14449",1996,"JB118309",0.428
"14450",1996,"JB118312",0.187
"14451",1996,"JB118313",0.768
"14452",1996,"JB118316",0.852
"14453",1996,"JB118317",0.905
"14454",1996,"JB118318",0.29
"14455",1996,"JB118320",0.948
"14456",1996,"JB118322",0.387
"14457",1996,"JB118323",0.194
"14458",1996,"JB118324",0.34
"14459",1996,"JB118326",0.456
"14460",1996,"JB118327",0.162
"14461",1996,"JB118332",0.319
"14462",1996,"JB118336",0.137
"14463",1996,"JB130804",1.738
"14464",1996,"JB130807",1.71
"14465",1996,"JB130808",0.996
"14466",1996,"JB130810",2.177
"14467",1996,"JB130813",0.969
"14468",1996,"JB130814",1.95
"14469",1996,"JB130815",1.936
"14470",1996,"JB130816",1.523
"14471",1996,"JB130817",1.309
"14472",1996,"JB130819",1.088
"14473",1996,"JB130821",1.354
"14474",1996,"JB130827",2.093
"14475",1996,"MC195302",1.333
"14476",1996,"MC195303",1.45
"14477",1996,"MC195304",0.856
"14478",1996,"MC195306",0.444
"14479",1996,"MC195307",0.979
"14480",1996,"MC195313",0.791
"14481",1996,"MC195314",0.317
"14482",1996,"MC195318",1.679
"14483",1996,"MC195319",2.303
"14484",1996,"MC195325",2.116
"14485",1996,"MC195329",2.281
"14486",1996,"MC216001",1.82
"14487",1996,"MC216002",1.039
"14488",1996,"MC216003",1.216
"14489",1996,"MC216004",1.033
"14490",1996,"MC216005",0.625
"14491",1996,"MC216010",2.106
"14492",1996,"MC216012",0.779
"14493",1996,"MC216014",0.757
"14494",1996,"MC216018",0.656
"14495",1996,"MC216020",0.635
"14496",1996,"MC216022",1.086
"14497",1996,"MC216026",1.507
"14498",1996,"MC216027",0.983
"14499",1996,"MC216029",2.031
"14500",1996,"MC216030",1.15
"14501",1996,"MC216039",1.943
"14502",1996,"MC231201",0.678
"14503",1996,"MC231203",0.466
"14504",1996,"MC231204",1.443
"14505",1996,"MC231205",1.417
"14506",1996,"MC231206",0.424
"14507",1996,"MC231207",1.015
"14508",1996,"MC231209",0.744
"14509",1996,"MC231211",0.777
"14510",1996,"MC231212",0.615
"14511",1996,"MC231213",0.549
"14512",1996,"MC231216",0.803
"14513",1996,"MC231217",0.46
"14514",1996,"MC231219",0.869
"14515",1996,"MC231221",1.244
"14516",1996,"MC231225",0.851
"14517",1996,"MC231226",0.98
"14518",1996,"MC231227",1.138
"14519",1996,"MC231232",2.097
"14520",1996,"MC231234",2.074
"14521",1996,"MC255807",0.503
"14522",1996,"MC255808",0.404
"14523",1996,"MC255809",0.242
"14524",1996,"MC255811",0.433
"14525",1996,"MC255814",1.087
"14526",1996,"MC255815",1.375
"14527",1996,"MC255817",0.481
"14528",1996,"MC255824",0.766
"14529",1996,"MC255825",2.124
"14530",1996,"MC255826",1.038
"14531",1996,"MC255827",0.665
"14532",1996,"MC255828",0.748
"14533",1996,"MC255830",1.053
"14534",1996,"MC255831",0.437
"14535",1996,"MC255833",0.411
"14536",1996,"MC300001",1.103
"14537",1996,"MC300017",0.617
"14538",1996,"MC300018",0.96
"14539",1996,"MC300022",0.199
"14540",1996,"MC300023",1.169
"14541",1996,"MC300024",0.462
"14542",1996,"MC300026",1.152
"14543",1996,"MC300027",0.646
"14544",1996,"MC300028",2.015
"14545",1996,"MC300032",1.222
"14546",1996,"MC300033",1.396
"14547",1996,"MC302801",1.227
"14548",1996,"MC302803",1.842
"14549",1996,"MC302807",2.377
"14550",1996,"MC302810",0.553
"14551",1996,"MC302813",1.447
"14552",1996,"MC302819",2.577
"14553",1996,"MC302820",2.526
"14554",1996,"MC302825",1.146
"14555",1996,"MC302827",1.348
"14556",1996,"MC302829",1.56
"14557",1996,"MC302831",1.755
"14558",1996,"MC302833",0.915
"14559",1996,"MC302834",1.38
"14560",1996,"MC302835",2.193
"14561",1997,"JB118309",0.377
"14562",1997,"JB118312",0.425
"14563",1997,"JB118313",0.856
"14564",1997,"JB118316",1.204
"14565",1997,"JB118317",0.714
"14566",1997,"JB118318",0.388
"14567",1997,"JB118320",2.064
"14568",1997,"JB118322",0.397
"14569",1997,"JB118323",0.24
"14570",1997,"JB118324",0.248
"14571",1997,"JB118326",0.828
"14572",1997,"JB118327",0.162
"14573",1997,"JB118332",0.483
"14574",1997,"JB118336",0.514
"14575",1997,"JB130804",0.58
"14576",1997,"JB130807",0.698
"14577",1997,"JB130808",0.407
"14578",1997,"JB130810",1.969
"14579",1997,"JB130813",0.319
"14580",1997,"JB130814",0.644
"14581",1997,"JB130815",1.326
"14582",1997,"JB130816",0.396
"14583",1997,"JB130817",0.569
"14584",1997,"JB130819",0.438
"14585",1997,"JB130821",0.754
"14586",1997,"JB130827",1.582
"14587",1997,"MC195302",1.4
"14588",1997,"MC195303",1.098
"14589",1997,"MC195304",0.883
"14590",1997,"MC195306",0.948
"14591",1997,"MC195307",0.772
"14592",1997,"MC195313",0.643
"14593",1997,"MC195314",0.411
"14594",1997,"MC195318",1.957
"14595",1997,"MC195319",2.713
"14596",1997,"MC195325",2.373
"14597",1997,"MC195329",2.315
"14598",1997,"MC216001",1.726
"14599",1997,"MC216002",0.292
"14600",1997,"MC216003",0.805
"14601",1997,"MC216004",0.732
"14602",1997,"MC216005",0.732
"14603",1997,"MC216010",1.949
"14604",1997,"MC216012",0.583
"14605",1997,"MC216014",0.482
"14606",1997,"MC216018",0.293
"14607",1997,"MC216020",0.434
"14608",1997,"MC216022",0.581
"14609",1997,"MC216026",0.577
"14610",1997,"MC216027",1.017
"14611",1997,"MC216029",2.285
"14612",1997,"MC216030",0.952
"14613",1997,"MC216039",1.762
"14614",1997,"MC231201",0.754
"14615",1997,"MC231203",0.442
"14616",1997,"MC231204",1.234
"14617",1997,"MC231205",1.085
"14618",1997,"MC231206",0.312
"14619",1997,"MC231207",0.828
"14620",1997,"MC231209",0.385
"14621",1997,"MC231211",0.608
"14622",1997,"MC231212",0.627
"14623",1997,"MC231213",0.537
"14624",1997,"MC231216",0.685
"14625",1997,"MC231217",0.418
"14626",1997,"MC231219",0.682
"14627",1997,"MC231221",0.866
"14628",1997,"MC231225",0.717
"14629",1997,"MC231226",1.149
"14630",1997,"MC231227",0.922
"14631",1997,"MC231232",2.009
"14632",1997,"MC231234",1.446
"14633",1997,"MC255807",1.342
"14634",1997,"MC255808",0.881
"14635",1997,"MC255809",0.642
"14636",1997,"MC255811",0.905
"14637",1997,"MC255814",1.403
"14638",1997,"MC255815",1.588
"14639",1997,"MC255817",1.021
"14640",1997,"MC255824",0.871
"14641",1997,"MC255825",3.18
"14642",1997,"MC255826",1.759
"14643",1997,"MC255827",1.146
"14644",1997,"MC255828",1.491
"14645",1997,"MC255830",1.764
"14646",1997,"MC255831",0.662
"14647",1997,"MC255833",1.067
"14648",1997,"MC300001",2.254
"14649",1997,"MC300017",1.239
"14650",1997,"MC300018",3.56
"14651",1997,"MC300022",0.548
"14652",1997,"MC300023",1.31
"14653",1997,"MC300024",1.168
"14654",1997,"MC300026",2.056
"14655",1997,"MC300027",1.886
"14656",1997,"MC300028",1.135
"14657",1997,"MC300032",3.117
"14658",1997,"MC300033",1.469
"14659",1997,"MC302801",1.422
"14660",1997,"MC302803",1.224
"14661",1997,"MC302807",1.636
"14662",1997,"MC302810",0.633
"14663",1997,"MC302813",1.808
"14664",1997,"MC302819",1.524
"14665",1997,"MC302820",1.848
"14666",1997,"MC302825",0.921
"14667",1997,"MC302827",1.228
"14668",1997,"MC302829",1.246
"14669",1997,"MC302831",1.132
"14670",1997,"MC302833",0.726
"14671",1997,"MC302834",1.512
"14672",1997,"MC302835",1.94
"14673",1998,"JB118309",0.373
"14674",1998,"JB118312",0.77
"14675",1998,"JB118313",1.318
"14676",1998,"JB118316",1.241
"14677",1998,"JB118317",1.004
"14678",1998,"JB118318",0.419
"14679",1998,"JB118320",2.311
"14680",1998,"JB118322",0.524
"14681",1998,"JB118323",0.311
"14682",1998,"JB118324",0.412
"14683",1998,"JB118326",1.049
"14684",1998,"JB118327",0.382
"14685",1998,"JB118332",0.741
"14686",1998,"JB118336",1
"14687",1998,"JB130804",0.783
"14688",1998,"JB130807",0.9
"14689",1998,"JB130808",0.436
"14690",1998,"JB130810",1.503
"14691",1998,"JB130813",0.526
"14692",1998,"JB130814",1.28
"14693",1998,"JB130815",1.204
"14694",1998,"JB130816",0.837
"14695",1998,"JB130817",0.952
"14696",1998,"JB130819",0.487
"14697",1998,"JB130821",0.795
"14698",1998,"JB130827",1.261
"14699",1998,"MC195302",0.799
"14700",1998,"MC195303",0.663
"14701",1998,"MC195304",0.36
"14702",1998,"MC195306",0.465
"14703",1998,"MC195307",0.442
"14704",1998,"MC195313",0.498
"14705",1998,"MC195314",0.202
"14706",1998,"MC195318",1.353
"14707",1998,"MC195319",1.552
"14708",1998,"MC195325",1.346
"14709",1998,"MC195329",1.137
"14710",1998,"MC216001",1.532
"14711",1998,"MC216002",0.255
"14712",1998,"MC216003",0.525
"14713",1998,"MC216004",0.979
"14714",1998,"MC216005",0.654
"14715",1998,"MC216010",0.872
"14716",1998,"MC216012",0.384
"14717",1998,"MC216014",0.444
"14718",1998,"MC216018",0.552
"14719",1998,"MC216020",0.327
"14720",1998,"MC216022",1.594
"14721",1998,"MC216026",0.548
"14722",1998,"MC216027",1.057
"14723",1998,"MC216029",2.101
"14724",1998,"MC216030",0.869
"14725",1998,"MC216039",1.421
"14726",1998,"MC231201",0.357
"14727",1998,"MC231203",0.252
"14728",1998,"MC231204",1.275
"14729",1998,"MC231205",0.983
"14730",1998,"MC231206",0.28
"14731",1998,"MC231207",0.918
"14732",1998,"MC231209",0.498
"14733",1998,"MC231211",0.577
"14734",1998,"MC231212",0.617
"14735",1998,"MC231213",0.443
"14736",1998,"MC231216",0.826
"14737",1998,"MC231217",0.417
"14738",1998,"MC231219",0.631
"14739",1998,"MC231221",1.198
"14740",1998,"MC231225",0.472
"14741",1998,"MC231226",1.078
"14742",1998,"MC231227",1.23
"14743",1998,"MC231232",2.176
"14744",1998,"MC231234",1.978
"14745",1998,"MC255807",0.701
"14746",1998,"MC255808",0.731
"14747",1998,"MC255809",0.577
"14748",1998,"MC255811",0.588
"14749",1998,"MC255814",1.04
"14750",1998,"MC255815",1.018
"14751",1998,"MC255817",0.818
"14752",1998,"MC255824",0.596
"14753",1998,"MC255825",1.8
"14754",1998,"MC255826",1.219
"14755",1998,"MC255827",1.132
"14756",1998,"MC255828",1.16
"14757",1998,"MC255830",1.712
"14758",1998,"MC255831",0.774
"14759",1998,"MC255833",1.055
"14760",1998,"MC300001",0.781
"14761",1998,"MC300017",0.495
"14762",1998,"MC300018",1.836
"14763",1998,"MC300022",0.213
"14764",1998,"MC300023",0.482
"14765",1998,"MC300024",0.404
"14766",1998,"MC300026",1.451
"14767",1998,"MC300027",0.241
"14768",1998,"MC300028",0.694
"14769",1998,"MC300032",1.346
"14770",1998,"MC300033",0.666
"14771",1998,"MC302801",1.358
"14772",1998,"MC302803",1.48
"14773",1998,"MC302807",1.599
"14774",1998,"MC302810",0.617
"14775",1998,"MC302813",1.537
"14776",1998,"MC302819",1.287
"14777",1998,"MC302820",1.613
"14778",1998,"MC302825",0.517
"14779",1998,"MC302827",1.028
"14780",1998,"MC302829",1.058
"14781",1998,"MC302831",1.353
"14782",1998,"MC302833",0.829
"14783",1998,"MC302834",1.071
"14784",1998,"MC302835",1.241
"14785",1999,"JB118309",0.721
"14786",1999,"JB118312",0.807
"14787",1999,"JB118313",1.151
"14788",1999,"JB118316",1.377
"14789",1999,"JB118317",1.028
"14790",1999,"JB118318",0.648
"14791",1999,"JB118320",1.972
"14792",1999,"JB118322",0.4
"14793",1999,"JB118323",0.396
"14794",1999,"JB118324",0.38
"14795",1999,"JB118326",1.325
"14796",1999,"JB118327",0.583
"14797",1999,"JB118332",0.652
"14798",1999,"JB118336",0.961
"14799",1999,"JB130804",1.445
"14800",1999,"JB130807",1.141
"14801",1999,"JB130808",0.836
"14802",1999,"JB130810",1.57
"14803",1999,"JB130813",0.834
"14804",1999,"JB130814",1.773
"14805",1999,"JB130815",0.929
"14806",1999,"JB130816",1.276
"14807",1999,"JB130817",1.577
"14808",1999,"JB130819",1.047
"14809",1999,"JB130821",1.128
"14810",1999,"JB130827",1.898
"14811",1999,"MC195302",1.103
"14812",1999,"MC195303",0.901
"14813",1999,"MC195304",0.468
"14814",1999,"MC195306",0.724
"14815",1999,"MC195307",0.741
"14816",1999,"MC195313",0.699
"14817",1999,"MC195314",0.177
"14818",1999,"MC195318",1.562
"14819",1999,"MC195319",1.887
"14820",1999,"MC195325",1.472
"14821",1999,"MC195329",1.888
"14822",1999,"MC216001",2.391
"14823",1999,"MC216002",0.339
"14824",1999,"MC216003",1.272
"14825",1999,"MC216004",1.836
"14826",1999,"MC216005",0.754
"14827",1999,"MC216010",1.542
"14828",1999,"MC216012",0.473
"14829",1999,"MC216014",0.511
"14830",1999,"MC216018",0.453
"14831",1999,"MC216020",0.403
"14832",1999,"MC216022",0.917
"14833",1999,"MC216026",1.093
"14834",1999,"MC216027",0.889
"14835",1999,"MC216029",2.613
"14836",1999,"MC216030",1.858
"14837",1999,"MC216039",1.584
"14838",1999,"MC231201",0.672
"14839",1999,"MC231203",0.539
"14840",1999,"MC231204",1.382
"14841",1999,"MC231205",1.415
"14842",1999,"MC231206",0.456
"14843",1999,"MC231207",0.911
"14844",1999,"MC231209",0.881
"14845",1999,"MC231211",0.953
"14846",1999,"MC231212",0.903
"14847",1999,"MC231213",0.688
"14848",1999,"MC231216",1.082
"14849",1999,"MC231217",0.689
"14850",1999,"MC231219",1.084
"14851",1999,"MC231221",1.82
"14852",1999,"MC231225",1.225
"14853",1999,"MC231226",1.803
"14854",1999,"MC231227",1.708
"14855",1999,"MC231232",2.428
"14856",1999,"MC231234",2.162
"14857",1999,"MC255807",0.836
"14858",1999,"MC255808",0.558
"14859",1999,"MC255809",0.499
"14860",1999,"MC255811",0.483
"14861",1999,"MC255814",1.118
"14862",1999,"MC255815",1.194
"14863",1999,"MC255817",0.795
"14864",1999,"MC255824",0.741
"14865",1999,"MC255825",1.679
"14866",1999,"MC255826",1.641
"14867",1999,"MC255827",0.868
"14868",1999,"MC255828",0.84
"14869",1999,"MC255830",1.269
"14870",1999,"MC255831",0.56
"14871",1999,"MC255833",0.8
"14872",1999,"MC300001",0.813
"14873",1999,"MC300017",0.817
"14874",1999,"MC300018",1.326
"14875",1999,"MC300022",0.245
"14876",1999,"MC300023",0.597
"14877",1999,"MC300024",0.237
"14878",1999,"MC300026",0.903
"14879",1999,"MC300027",0.244
"14880",1999,"MC300028",0.466
"14881",1999,"MC300032",0.815
"14882",1999,"MC300033",1.051
"14883",1999,"MC302801",0.587
"14884",1999,"MC302803",0.774
"14885",1999,"MC302807",1.591
"14886",1999,"MC302810",0.681
"14887",1999,"MC302813",0.956
"14888",1999,"MC302819",0.939
"14889",1999,"MC302820",1.017
"14890",1999,"MC302825",0.636
"14891",1999,"MC302827",0.684
"14892",1999,"MC302829",0.808
"14893",1999,"MC302831",1.093
"14894",1999,"MC302833",0.504
"14895",1999,"MC302834",0.675
"14896",1999,"MC302835",0.801
"14897",2000,"JB118309",0.651
"14898",2000,"JB118312",0.855
"14899",2000,"JB118313",1.37
"14900",2000,"JB118316",0.988
"14901",2000,"JB118317",0.987
"14902",2000,"JB118318",0.997
"14903",2000,"JB118320",2.201
"14904",2000,"JB118322",0.345
"14905",2000,"JB118323",0.43
"14906",2000,"JB118324",0.513
"14907",2000,"JB118326",1.485
"14908",2000,"JB118327",0.648
"14909",2000,"JB118332",0.682
"14910",2000,"JB118336",1.029
"14911",2000,"JB130804",1.619
"14912",2000,"JB130807",1.464
"14913",2000,"JB130808",0.938
"14914",2000,"JB130810",1.608
"14915",2000,"JB130813",0.923
"14916",2000,"JB130814",1.586
"14917",2000,"JB130815",1.394
"14918",2000,"JB130816",1.47
"14919",2000,"JB130817",1.666
"14920",2000,"JB130819",0.994
"14921",2000,"JB130821",0.997
"14922",2000,"JB130827",1.934
"14923",2000,"MC195302",1.139
"14924",2000,"MC195303",1.122
"14925",2000,"MC195304",0.793
"14926",2000,"MC195306",0.718
"14927",2000,"MC195307",0.516
"14928",2000,"MC195313",0.847
"14929",2000,"MC195314",0.172
"14930",2000,"MC195318",1.288
"14931",2000,"MC195319",1.811
"14932",2000,"MC195325",1.246
"14933",2000,"MC195329",1.936
"14934",2000,"MC216001",1.377
"14935",2000,"MC216002",0.287
"14936",2000,"MC216003",1.571
"14937",2000,"MC216004",1.365
"14938",2000,"MC216005",0.698
"14939",2000,"MC216010",0.935
"14940",2000,"MC216012",0.621
"14941",2000,"MC216014",0.668
"14942",2000,"MC216018",0.533
"14943",2000,"MC216020",0.477
"14944",2000,"MC216022",0.769
"14945",2000,"MC216026",1.692
"14946",2000,"MC216027",0.84
"14947",2000,"MC216029",1.541
"14948",2000,"MC216030",1.377
"14949",2000,"MC216039",1.412
"14950",2000,"MC231201",0.595
"14951",2000,"MC231203",0.687
"14952",2000,"MC231204",1.662
"14953",2000,"MC231205",1.519
"14954",2000,"MC231206",0.369
"14955",2000,"MC231207",0.601
"14956",2000,"MC231209",0.655
"14957",2000,"MC231211",0.927
"14958",2000,"MC231212",0.802
"14959",2000,"MC231213",0.578
"14960",2000,"MC231216",1.205
"14961",2000,"MC231217",0.661
"14962",2000,"MC231219",0.83
"14963",2000,"MC231221",1.664
"14964",2000,"MC231225",1.025
"14965",2000,"MC231226",1.741
"14966",2000,"MC231227",1.481
"14967",2000,"MC231232",1.651
"14968",2000,"MC231234",1.935
"14969",2000,"MC255807",0.851
"14970",2000,"MC255808",0.693
"14971",2000,"MC255809",0.562
"14972",2000,"MC255811",0.752
"14973",2000,"MC255814",1.28
"14974",2000,"MC255815",1.469
"14975",2000,"MC255817",0.701
"14976",2000,"MC255824",0.63
"14977",2000,"MC255825",2.181
"14978",2000,"MC255826",1.457
"14979",2000,"MC255827",0.872
"14980",2000,"MC255828",0.897
"14981",2000,"MC255830",1.296
"14982",2000,"MC255831",0.344
"14983",2000,"MC255833",0.842
"14984",2000,"MC300001",1.078
"14985",2000,"MC300017",0.592
"14986",2000,"MC300018",0.972
"14987",2000,"MC300022",0.507
"14988",2000,"MC300023",0.554
"14989",2000,"MC300024",0.718
"14990",2000,"MC300026",0.823
"14991",2000,"MC300027",0.639
"14992",2000,"MC300028",0.536
"14993",2000,"MC300032",1.424
"14994",2000,"MC300033",1.457
"14995",2000,"MC302801",0.559
"14996",2000,"MC302803",0.557
"14997",2000,"MC302807",2.109
"14998",2000,"MC302810",0.445
"14999",2000,"MC302813",0.665
"15000",2000,"MC302819",1.587
"15001",2000,"MC302820",1.42
"15002",2000,"MC302825",0.845
"15003",2000,"MC302827",0.804
"15004",2000,"MC302829",0.807
"15005",2000,"MC302831",1.075
"15006",2000,"MC302833",0.774
"15007",2000,"MC302834",1.305
"15008",2000,"MC302835",1.271
"15009",2001,"JB118309",0.384
"15010",2001,"JB118312",0.771
"15011",2001,"JB118313",1.038
"15012",2001,"JB118316",1.066
"15013",2001,"JB118317",0.826
"15014",2001,"JB118318",0.476
"15015",2001,"JB118320",1.405
"15016",2001,"JB118322",0.338
"15017",2001,"JB118323",0.331
"15018",2001,"JB118324",0.314
"15019",2001,"JB118326",1.29
"15020",2001,"JB118327",0.484
"15021",2001,"JB118332",0.394
"15022",2001,"JB118336",0.808
"15023",2001,"JB130804",1.165
"15024",2001,"JB130807",1.276
"15025",2001,"JB130808",0.822
"15026",2001,"JB130810",0.365
"15027",2001,"JB130813",0.915
"15028",2001,"JB130814",2.189
"15029",2001,"JB130815",0.565
"15030",2001,"JB130816",1.292
"15031",2001,"JB130817",1.444
"15032",2001,"JB130819",0.985
"15033",2001,"JB130821",0.842
"15034",2001,"JB130827",0.951
"15035",2001,"MC195302",1.274
"15036",2001,"MC195303",1.039
"15037",2001,"MC195304",0.747
"15038",2001,"MC195306",0.622
"15039",2001,"MC195307",0.283
"15040",2001,"MC195313",0.487
"15041",2001,"MC195314",0.227
"15042",2001,"MC195318",0.901
"15043",2001,"MC195319",1.594
"15044",2001,"MC195325",0.802
"15045",2001,"MC195329",1.614
"15046",2001,"MC216001",0.493
"15047",2001,"MC216002",0.296
"15048",2001,"MC216003",1.997
"15049",2001,"MC216004",1.096
"15050",2001,"MC216005",0.33
"15051",2001,"MC216010",1.597
"15052",2001,"MC216012",0.488
"15053",2001,"MC216014",0.498
"15054",2001,"MC216018",0.147
"15055",2001,"MC216020",0.336
"15056",2001,"MC216022",0.738
"15057",2001,"MC216026",0.918
"15058",2001,"MC216027",0.483
"15059",2001,"MC216029",1.501
"15060",2001,"MC216030",0.543
"15061",2001,"MC216039",1.753
"15062",2001,"MC231201",0.583
"15063",2001,"MC231203",0.484
"15064",2001,"MC231204",1.469
"15065",2001,"MC231205",1.599
"15066",2001,"MC231206",0.404
"15067",2001,"MC231207",0.818
"15068",2001,"MC231209",0.394
"15069",2001,"MC231211",0.754
"15070",2001,"MC231212",1.163
"15071",2001,"MC231213",0.44
"15072",2001,"MC231216",0.878
"15073",2001,"MC231217",0.603
"15074",2001,"MC231219",0.614
"15075",2001,"MC231221",0.918
"15076",2001,"MC231225",1.198
"15077",2001,"MC231226",1.178
"15078",2001,"MC231227",1.012
"15079",2001,"MC231232",2.11
"15080",2001,"MC231234",1.491
"15081",2001,"MC255807",0.297
"15082",2001,"MC255808",0.329
"15083",2001,"MC255809",0.296
"15084",2001,"MC255811",0.268
"15085",2001,"MC255814",0.671
"15086",2001,"MC255815",0.493
"15087",2001,"MC255817",0.479
"15088",2001,"MC255824",0.477
"15089",2001,"MC255825",1.02
"15090",2001,"MC255826",0.798
"15091",2001,"MC255827",0.487
"15092",2001,"MC255828",0.621
"15093",2001,"MC255830",0.517
"15094",2001,"MC255831",0.144
"15095",2001,"MC255833",0.38
"15096",2001,"MC300001",1.297
"15097",2001,"MC300017",1.009
"15098",2001,"MC300018",2.199
"15099",2001,"MC300022",0.672
"15100",2001,"MC300023",1.928
"15101",2001,"MC300024",1.51
"15102",2001,"MC300026",0.75
"15103",2001,"MC300027",2.429
"15104",2001,"MC300028",1.539
"15105",2001,"MC300032",1.27
"15106",2001,"MC300033",1.819
"15107",2001,"MC302801",0.935
"15108",2001,"MC302803",0.906
"15109",2001,"MC302807",1.977
"15110",2001,"MC302810",0.53
"15111",2001,"MC302813",0.546
"15112",2001,"MC302819",1.159
"15113",2001,"MC302820",1.342
"15114",2001,"MC302825",0.771
"15115",2001,"MC302827",0.607
"15116",2001,"MC302829",0.972
"15117",2001,"MC302831",0.977
"15118",2001,"MC302833",0.821
"15119",2001,"MC302834",1.25
"15120",2001,"MC302835",1.253
"15121",2002,"JB118309",0.676
"15122",2002,"JB118312",0.773
"15123",2002,"JB118313",1.112
"15124",2002,"JB118316",0.802
"15125",2002,"JB118317",0.877
"15126",2002,"JB118318",0.493
"15127",2002,"JB118320",1.096
"15128",2002,"JB118322",0.212
"15129",2002,"JB118323",0.272
"15130",2002,"JB118324",0.397
"15131",2002,"JB118326",0.979
"15132",2002,"JB118327",0.521
"15133",2002,"JB118332",0.515
"15134",2002,"JB118336",0.694
"15135",2002,"JB130804",2.281
"15136",2002,"JB130807",1.384
"15137",2002,"JB130808",0.637
"15138",2002,"JB130810",0.368
"15139",2002,"JB130813",0.533
"15140",2002,"JB130814",2.161
"15141",2002,"JB130815",0.581
"15142",2002,"JB130816",1.357
"15143",2002,"JB130817",1.694
"15144",2002,"JB130819",0.819
"15145",2002,"JB130821",0.804
"15146",2002,"JB130827",0.623
"15147",2002,"MC195302",1.146
"15148",2002,"MC195303",1.066
"15149",2002,"MC195304",0.595
"15150",2002,"MC195306",0.695
"15151",2002,"MC195307",0.523
"15152",2002,"MC195313",0.693
"15153",2002,"MC195314",0.288
"15154",2002,"MC195318",0.914
"15155",2002,"MC195319",1.413
"15156",2002,"MC195325",0.964
"15157",2002,"MC195329",1.045
"15158",2002,"MC216001",0.336
"15159",2002,"MC216002",0.48
"15160",2002,"MC216003",1.834
"15161",2002,"MC216004",0.701
"15162",2002,"MC216005",0.282
"15163",2002,"MC216010",0.394
"15164",2002,"MC216012",0.587
"15165",2002,"MC216014",0.396
"15166",2002,"MC216018",0.381
"15167",2002,"MC216020",0.302
"15168",2002,"MC216022",0.467
"15169",2002,"MC216026",0.965
"15170",2002,"MC216027",0.513
"15171",2002,"MC216029",2.189
"15172",2002,"MC216030",0.872
"15173",2002,"MC216039",0.869
"15174",2002,"MC231201",0.517
"15175",2002,"MC231203",0.273
"15176",2002,"MC231204",1.559
"15177",2002,"MC231205",0.945
"15178",2002,"MC231206",0.462
"15179",2002,"MC231207",0.526
"15180",2002,"MC231209",0.769
"15181",2002,"MC231211",0.831
"15182",2002,"MC231212",0.869
"15183",2002,"MC231213",0.46
"15184",2002,"MC231216",0.688
"15185",2002,"MC231217",0.525
"15186",2002,"MC231219",0.765
"15187",2002,"MC231221",0.892
"15188",2002,"MC231225",1.136
"15189",2002,"MC231226",1.488
"15190",2002,"MC231227",1.133
"15191",2002,"MC231232",1.71
"15192",2002,"MC231234",1.386
"15193",2002,"MC255807",0.479
"15194",2002,"MC255808",0.319
"15195",2002,"MC255809",0.401
"15196",2002,"MC255811",0.376
"15197",2002,"MC255814",0.718
"15198",2002,"MC255815",0.275
"15199",2002,"MC255817",0.447
"15200",2002,"MC255824",0.48
"15201",2002,"MC255825",0.657
"15202",2002,"MC255826",0.97
"15203",2002,"MC255827",0.737
"15204",2002,"MC255828",0.47
"15205",2002,"MC255830",0.383
"15206",2002,"MC255831",0.141
"15207",2002,"MC255833",0.427
"15208",2002,"MC300001",1.909
"15209",2002,"MC300017",1.446
"15210",2002,"MC300018",2.919
"15211",2002,"MC300022",0.556
"15212",2002,"MC300023",1.95
"15213",2002,"MC300024",1.407
"15214",2002,"MC300026",1.184
"15215",2002,"MC300027",1.417
"15216",2002,"MC300028",1.206
"15217",2002,"MC300032",1.999
"15218",2002,"MC300033",2.431
"15219",2002,"MC302801",1.137
"15220",2002,"MC302803",0.755
"15221",2002,"MC302807",2.56
"15222",2002,"MC302810",0.622
"15223",2002,"MC302813",0.961
"15224",2002,"MC302819",1.058
"15225",2002,"MC302820",1.159
"15226",2002,"MC302825",1.626
"15227",2002,"MC302827",1.291
"15228",2002,"MC302829",1.315
"15229",2002,"MC302831",1.442
"15230",2002,"MC302833",1.007
"15231",2002,"MC302834",0.983
"15232",2002,"MC302835",1.621
"15233",2003,"JB118309",0.409
"15234",2003,"JB118312",0.47
"15235",2003,"JB118313",0.461
"15236",2003,"JB118316",0.459
"15237",2003,"JB118317",0.412
"15238",2003,"JB118318",0.54
"15239",2003,"JB118320",1.115
"15240",2003,"JB118322",0.186
"15241",2003,"JB118323",0.1
"15242",2003,"JB118324",0.286
"15243",2003,"JB118326",0.529
"15244",2003,"JB118327",0.39
"15245",2003,"JB118332",0.358
"15246",2003,"JB118336",0.226
"15247",2003,"JB130804",1.934
"15248",2003,"JB130807",1.278
"15249",2003,"JB130808",0.676
"15250",2003,"JB130810",0.581
"15251",2003,"JB130813",0.772
"15252",2003,"JB130814",1.506
"15253",2003,"JB130815",0.584
"15254",2003,"JB130816",1.172
"15255",2003,"JB130817",1.302
"15256",2003,"JB130819",0.739
"15257",2003,"JB130821",0.865
"15258",2003,"JB130827",0.638
"15259",2003,"MC195302",1.291
"15260",2003,"MC195303",1.16
"15261",2003,"MC195304",0.735
"15262",2003,"MC195306",0.852
"15263",2003,"MC195307",0.727
"15264",2003,"MC195313",0.827
"15265",2003,"MC195314",0.308
"15266",2003,"MC195318",1.154
"15267",2003,"MC195319",1.487
"15268",2003,"MC195325",1.396
"15269",2003,"MC195329",1.584
"15270",2003,"MC216001",0.365
"15271",2003,"MC216002",0.206
"15272",2003,"MC216003",1.294
"15273",2003,"MC216004",0.748
"15274",2003,"MC216005",0.342
"15275",2003,"MC216010",0.843
"15276",2003,"MC216012",0.622
"15277",2003,"MC216014",0.381
"15278",2003,"MC216018",0.301
"15279",2003,"MC216020",0.303
"15280",2003,"MC216022",1.298
"15281",2003,"MC216026",1.202
"15282",2003,"MC216027",0.558
"15283",2003,"MC216029",1.833
"15284",2003,"MC216030",0.839
"15285",2003,"MC216039",1.334
"15286",2003,"MC231201",0.46
"15287",2003,"MC231203",0.319
"15288",2003,"MC231204",1.288
"15289",2003,"MC231205",1.423
"15290",2003,"MC231206",0.482
"15291",2003,"MC231207",0.409
"15292",2003,"MC231209",1.018
"15293",2003,"MC231211",0.45
"15294",2003,"MC231212",0.997
"15295",2003,"MC231213",0.412
"15296",2003,"MC231216",0.58
"15297",2003,"MC231217",0.478
"15298",2003,"MC231219",0.698
"15299",2003,"MC231221",1.111
"15300",2003,"MC231225",1.244
"15301",2003,"MC231226",1.579
"15302",2003,"MC231227",0.804
"15303",2003,"MC231232",1.138
"15304",2003,"MC231234",1.152
"15305",2003,"MC255807",0.872
"15306",2003,"MC255808",0.541
"15307",2003,"MC255809",0.508
"15308",2003,"MC255811",0.435
"15309",2003,"MC255814",0.868
"15310",2003,"MC255815",0.938
"15311",2003,"MC255817",0.566
"15312",2003,"MC255824",0.773
"15313",2003,"MC255825",1.598
"15314",2003,"MC255826",1.174
"15315",2003,"MC255827",0.802
"15316",2003,"MC255828",0.643
"15317",2003,"MC255830",1.029
"15318",2003,"MC255831",0.452
"15319",2003,"MC255833",0.725
"15320",2003,"MC300001",1.359
"15321",2003,"MC300017",0.622
"15322",2003,"MC300018",2.433
"15323",2003,"MC300022",0.679
"15324",2003,"MC300023",1.977
"15325",2003,"MC300024",1.252
"15326",2003,"MC300026",1.438
"15327",2003,"MC300027",1.39
"15328",2003,"MC300028",0.99
"15329",2003,"MC300032",2.046
"15330",2003,"MC300033",1.463
"15331",2003,"MC302801",0.828
"15332",2003,"MC302803",0.845
"15333",2003,"MC302807",2.687
"15334",2003,"MC302810",0.874
"15335",2003,"MC302813",1.021
"15336",2003,"MC302819",1.139
"15337",2003,"MC302820",1.164
"15338",2003,"MC302825",1.504
"15339",2003,"MC302827",0.634
"15340",2003,"MC302829",1.378
"15341",2003,"MC302831",1.263
"15342",2003,"MC302833",0.845
"15343",2003,"MC302834",1.376
"15344",2003,"MC302835",1.248
"15345",2004,"JB118309",0.83
"15346",2004,"JB118312",0.494
"15347",2004,"JB118313",0.874
"15348",2004,"JB118316",0.948
"15349",2004,"JB118317",0.584
"15350",2004,"JB118318",0.709
"15351",2004,"JB118320",1.443
"15352",2004,"JB118322",0.32
"15353",2004,"JB118323",0.261
"15354",2004,"JB118324",0.557
"15355",2004,"JB118326",1.186
"15356",2004,"JB118327",0.089
"15357",2004,"JB118332",0.665
"15358",2004,"JB118336",0.983
"15359",2004,"JB130804",1.93
"15360",2004,"JB130807",0.513
"15361",2004,"JB130808",0.381
"15362",2004,"JB130810",0.558
"15363",2004,"JB130813",0.649
"15364",2004,"JB130814",0.874
"15365",2004,"JB130815",0.608
"15366",2004,"JB130816",0.938
"15367",2004,"JB130817",1.533
"15368",2004,"JB130819",0.233
"15369",2004,"JB130821",0.825
"15370",2004,"JB130827",0.539
"15371",2004,"MC195302",1.023
"15372",2004,"MC195303",0.992
"15373",2004,"MC195304",0.595
"15374",2004,"MC195306",0.656
"15375",2004,"MC195307",0.917
"15376",2004,"MC195313",0.8
"15377",2004,"MC195314",0.273
"15378",2004,"MC195318",1.019
"15379",2004,"MC195319",1.704
"15380",2004,"MC195325",0.809
"15381",2004,"MC195329",1.802
"15382",2004,"MC216001",0.442
"15383",2004,"MC216002",0.25
"15384",2004,"MC216003",1.376
"15385",2004,"MC216004",1.28
"15386",2004,"MC216005",0.331
"15387",2004,"MC216010",0.917
"15388",2004,"MC216012",0.648
"15389",2004,"MC216014",0.413
"15390",2004,"MC216018",0.559
"15391",2004,"MC216020",0.502
"15392",2004,"MC216022",1.751
"15393",2004,"MC216026",1.055
"15394",2004,"MC216027",0.462
"15395",2004,"MC216029",2.235
"15396",2004,"MC216030",0.885
"15397",2004,"MC216039",1.468
"15398",2004,"MC231201",0.485
"15399",2004,"MC231203",0.206
"15400",2004,"MC231204",0.906
"15401",2004,"MC231205",1.425
"15402",2004,"MC231206",0.488
"15403",2004,"MC231207",0.59
"15404",2004,"MC231209",0.108
"15405",2004,"MC231211",0.294
"15406",2004,"MC231212",0.955
"15407",2004,"MC231213",0.352
"15408",2004,"MC231216",0.969
"15409",2004,"MC231217",0.483
"15410",2004,"MC231219",0.738
"15411",2004,"MC231221",1.055
"15412",2004,"MC231225",1.184
"15413",2004,"MC231226",1.235
"15414",2004,"MC231227",0.714
"15415",2004,"MC231232",0.811
"15416",2004,"MC231234",0.998
"15417",2004,"MC255807",1.133
"15418",2004,"MC255808",0.416
"15419",2004,"MC255809",0.248
"15420",2004,"MC255811",0.469
"15421",2004,"MC255814",1
"15422",2004,"MC255815",1.216
"15423",2004,"MC255817",0.552
"15424",2004,"MC255824",0.657
"15425",2004,"MC255825",1.852
"15426",2004,"MC255826",1.264
"15427",2004,"MC255827",0.901
"15428",2004,"MC255828",0.441
"15429",2004,"MC255830",1.235
"15430",2004,"MC255831",0.266
"15431",2004,"MC255833",0.558
"15432",2004,"MC300001",1.688
"15433",2004,"MC300017",1.99
"15434",2004,"MC300018",2.44
"15435",2004,"MC300022",1.61
"15436",2004,"MC300023",2.801
"15437",2004,"MC300024",2.241
"15438",2004,"MC300026",1.865
"15439",2004,"MC300027",1.981
"15440",2004,"MC300028",1.837
"15441",2004,"MC300032",3.337
"15442",2004,"MC300033",1.707
"15443",2004,"MC302801",0.52
"15444",2004,"MC302803",0.732
"15445",2004,"MC302807",1.627
"15446",2004,"MC302810",0.913
"15447",2004,"MC302813",0.722
"15448",2004,"MC302819",0.67
"15449",2004,"MC302820",0.712
"15450",2004,"MC302825",0.968
"15451",2004,"MC302827",0.707
"15452",2004,"MC302829",0.927
"15453",2004,"MC302831",0.863
"15454",2004,"MC302833",0.653
"15455",2004,"MC302834",0.781
"15456",2004,"MC302835",1.241
"15457",2005,"JB118309",1.074
"15458",2005,"JB118312",0.932
"15459",2005,"JB118313",1.076
"15460",2005,"JB118316",1.63
"15461",2005,"JB118317",0.602
"15462",2005,"JB118318",0.721
"15463",2005,"JB118320",1.597
"15464",2005,"JB118322",0.502
"15465",2005,"JB118323",0.314
"15466",2005,"JB118324",0.423
"15467",2005,"JB118326",1.311
"15468",2005,"JB118327",0.613
"15469",2005,"JB118332",1.053
"15470",2005,"JB118336",0.993
"15471",2005,"JB130804",2.304
"15472",2005,"JB130807",1.107
"15473",2005,"JB130808",0.388
"15474",2005,"JB130810",0.387
"15475",2005,"JB130813",0.67
"15476",2005,"JB130814",1.093
"15477",2005,"JB130815",0.871
"15478",2005,"JB130816",1.084
"15479",2005,"JB130817",2.238
"15480",2005,"JB130819",0.496
"15481",2005,"JB130821",0.946
"15482",2005,"JB130827",0.759
"15483",2005,"MC195302",1.12
"15484",2005,"MC195303",1.01
"15485",2005,"MC195304",0.727
"15486",2005,"MC195306",0.934
"15487",2005,"MC195307",0.749
"15488",2005,"MC195313",0.807
"15489",2005,"MC195314",0.354
"15490",2005,"MC195318",1.492
"15491",2005,"MC195319",2.055
"15492",2005,"MC195325",1.311
"15493",2005,"MC195329",2.282
"15494",2005,"MC216001",0.355
"15495",2005,"MC216002",0.195
"15496",2005,"MC216003",1.154
"15497",2005,"MC216004",1.12
"15498",2005,"MC216005",0.246
"15499",2005,"MC216010",0.652
"15500",2005,"MC216012",0.339
"15501",2005,"MC216014",0.417
"15502",2005,"MC216018",0.351
"15503",2005,"MC216020",0.198
"15504",2005,"MC216022",1.149
"15505",2005,"MC216026",1.027
"15506",2005,"MC216027",0.286
"15507",2005,"MC216029",1.817
"15508",2005,"MC216030",1.019
"15509",2005,"MC216039",0.882
"15510",2005,"MC231201",0.505
"15511",2005,"MC231203",0.279
"15512",2005,"MC231204",1.016
"15513",2005,"MC231205",1.697
"15514",2005,"MC231206",0.583
"15515",2005,"MC231207",0.603
"15516",2005,"MC231209",0.478
"15517",2005,"MC231211",0.303
"15518",2005,"MC231212",0.797
"15519",2005,"MC231213",0.389
"15520",2005,"MC231216",0.925
"15521",2005,"MC231217",0.707
"15522",2005,"MC231219",1.108
"15523",2005,"MC231221",1.431
"15524",2005,"MC231225",0.898
"15525",2005,"MC231226",1.729
"15526",2005,"MC231227",1.056
"15527",2005,"MC231232",0.879
"15528",2005,"MC231234",1.239
"15529",2005,"MC255807",1.222
"15530",2005,"MC255808",0.716
"15531",2005,"MC255809",0.773
"15532",2005,"MC255811",0.841
"15533",2005,"MC255814",1.224
"15534",2005,"MC255815",2.275
"15535",2005,"MC255817",0.795
"15536",2005,"MC255824",0.722
"15537",2005,"MC255825",2.665
"15538",2005,"MC255826",1.827
"15539",2005,"MC255827",1.082
"15540",2005,"MC255828",0.745
"15541",2005,"MC255830",1.692
"15542",2005,"MC255831",0.559
"15543",2005,"MC255833",1.13
"15544",2005,"MC300001",2.07
"15545",2005,"MC300017",1.505
"15546",2005,"MC300018",1.671
"15547",2005,"MC300022",1.135
"15548",2005,"MC300023",3.027
"15549",2005,"MC300024",1.723
"15550",2005,"MC300026",2.767
"15551",2005,"MC300027",1.266
"15552",2005,"MC300028",1.173
"15553",2005,"MC300032",1.942
"15554",2005,"MC300033",2.142
"15555",2005,"MC302801",1.293
"15556",2005,"MC302803",1.703
"15557",2005,"MC302807",3.348
"15558",2005,"MC302810",1.007
"15559",2005,"MC302813",1.04
"15560",2005,"MC302819",1.763
"15561",2005,"MC302820",1.318
"15562",2005,"MC302825",1.438
"15563",2005,"MC302827",0.647
"15564",2005,"MC302829",1.318
"15565",2005,"MC302831",0.901
"15566",2005,"MC302833",1.112
"15567",2005,"MC302834",1.947
"15568",2005,"MC302835",2.047
"15569",2006,"JB118309",1.087
"15570",2006,"JB118312",0.84
"15571",2006,"JB118313",1.159
"15572",2006,"JB118316",1.876
"15573",2006,"JB118317",0.675
"15574",2006,"JB118318",0.807
"15575",2006,"JB118320",1.301
"15576",2006,"JB118322",0.587
"15577",2006,"JB118323",0.229
"15578",2006,"JB118324",0.44
"15579",2006,"JB118326",1.026
"15580",2006,"JB118327",0.598
"15581",2006,"JB118332",1.17
"15582",2006,"JB118336",0.562
"15583",2006,"JB130804",1.976
"15584",2006,"JB130807",1.48
"15585",2006,"JB130808",0.266
"15586",2006,"JB130810",0.234
"15587",2006,"JB130813",0.531
"15588",2006,"JB130814",1.073
"15589",2006,"JB130815",0.511
"15590",2006,"JB130816",1.127
"15591",2006,"JB130817",2.769
"15592",2006,"JB130819",0.401
"15593",2006,"JB130821",0.636
"15594",2006,"JB130827",0.652
"15595",2006,"MC195302",1.311
"15596",2006,"MC195303",1.018
"15597",2006,"MC195304",0.758
"15598",2006,"MC195306",1.045
"15599",2006,"MC195307",1.348
"15600",2006,"MC195313",0.918
"15601",2006,"MC195314",0.874
"15602",2006,"MC195318",2.131
"15603",2006,"MC195319",2.451
"15604",2006,"MC195325",1.884
"15605",2006,"MC195329",3.273
"15606",2006,"MC216001",0.548
"15607",2006,"MC216002",0.251
"15608",2006,"MC216003",1.245
"15609",2006,"MC216004",1.136
"15610",2006,"MC216005",0.475
"15611",2006,"MC216010",0.948
"15612",2006,"MC216012",0.447
"15613",2006,"MC216014",0.78
"15614",2006,"MC216018",0.62
"15615",2006,"MC216020",0.226
"15616",2006,"MC216022",0.904
"15617",2006,"MC216026",1.026
"15618",2006,"MC216027",0.614
"15619",2006,"MC216029",1.764
"15620",2006,"MC216030",2.043
"15621",2006,"MC216039",1.041
"15622",2006,"MC231201",0.928
"15623",2006,"MC231203",0.244
"15624",2006,"MC231204",1.41
"15625",2006,"MC231205",1.672
"15626",2006,"MC231206",0.516
"15627",2006,"MC231207",1.104
"15628",2006,"MC231209",0.461
"15629",2006,"MC231211",0.464
"15630",2006,"MC231212",0.961
"15631",2006,"MC231213",0.357
"15632",2006,"MC231216",0.98
"15633",2006,"MC231217",0.681
"15634",2006,"MC231219",1.224
"15635",2006,"MC231221",1.67
"15636",2006,"MC231225",1.128
"15637",2006,"MC231226",2.463
"15638",2006,"MC231227",1.531
"15639",2006,"MC231232",0.984
"15640",2006,"MC231234",1.668
"15641",2006,"MC255807",1.601
"15642",2006,"MC255808",0.951
"15643",2006,"MC255809",1.012
"15644",2006,"MC255811",1.109
"15645",2006,"MC255814",1.742
"15646",2006,"MC255815",1.968
"15647",2006,"MC255817",1.015
"15648",2006,"MC255824",0.75
"15649",2006,"MC255825",3.15
"15650",2006,"MC255826",2.524
"15651",2006,"MC255827",0.908
"15652",2006,"MC255828",1.325
"15653",2006,"MC255830",2.996
"15654",2006,"MC255831",0.491
"15655",2006,"MC255833",1.172
"15656",2006,"MC300001",2.349
"15657",2006,"MC300017",1.527
"15658",2006,"MC300018",2.905
"15659",2006,"MC300022",1.3
"15660",2006,"MC300023",2.84
"15661",2006,"MC300024",2.392
"15662",2006,"MC300026",1.729
"15663",2006,"MC300027",1.587
"15664",2006,"MC300028",1.806
"15665",2006,"MC300032",2.393
"15666",2006,"MC300033",1.841
"15667",2006,"MC302801",1.496
"15668",2006,"MC302803",1.921
"15669",2006,"MC302807",2.996
"15670",2006,"MC302810",1.186
"15671",2006,"MC302813",1.319
"15672",2006,"MC302819",1.187
"15673",2006,"MC302820",1.311
"15674",2006,"MC302825",1.248
"15675",2006,"MC302827",0.396
"15676",2006,"MC302829",1.199
"15677",2006,"MC302831",1.145
"15678",2006,"MC302833",1.313
"15679",2006,"MC302834",1.531
"15680",2006,"MC302835",1.75
"15681",2007,"JB118309",0.61
"15682",2007,"JB118312",0.549
"15683",2007,"JB118313",0.937
"15684",2007,"JB118316",1.458
"15685",2007,"JB118317",0.299
"15686",2007,"JB118318",0.513
"15687",2007,"JB118320",1.094
"15688",2007,"JB118322",0.429
"15689",2007,"JB118323",0.129
"15690",2007,"JB118324",0.249
"15691",2007,"JB118326",0.962
"15692",2007,"JB118327",0.203
"15693",2007,"JB118332",0.688
"15694",2007,"JB118336",0.565
"15695",2007,"JB130804",1.502
"15696",2007,"JB130807",0.956
"15697",2007,"JB130808",0.258
"15698",2007,"JB130810",0.311
"15699",2007,"JB130813",0.523
"15700",2007,"JB130814",1.15
"15701",2007,"JB130815",0.516
"15702",2007,"JB130816",1.378
"15703",2007,"JB130817",1.699
"15704",2007,"JB130819",0.511
"15705",2007,"JB130821",0.716
"15706",2007,"JB130827",0.31
"15707",2007,"MC195302",1.312
"15708",2007,"MC195303",0.95
"15709",2007,"MC195304",0.733
"15710",2007,"MC195306",0.58
"15711",2007,"MC195307",0.576
"15712",2007,"MC195313",0.573
"15713",2007,"MC195314",0.507
"15714",2007,"MC195318",1.507
"15715",2007,"MC195319",1.742
"15716",2007,"MC195325",1.428
"15717",2007,"MC195329",1.89
"15718",2007,"MC216001",0.513
"15719",2007,"MC216002",0.206
"15720",2007,"MC216003",0.986
"15721",2007,"MC216004",0.895
"15722",2007,"MC216005",0.284
"15723",2007,"MC216010",0.61
"15724",2007,"MC216012",0.638
"15725",2007,"MC216014",0.486
"15726",2007,"MC216018",0.583
"15727",2007,"MC216020",0.487
"15728",2007,"MC216022",1.848
"15729",2007,"MC216026",0.888
"15730",2007,"MC216027",0.381
"15731",2007,"MC216029",2.133
"15732",2007,"MC216030",1.278
"15733",2007,"MC216039",0.758
"15734",2007,"MC231201",0.765
"15735",2007,"MC231203",0.22
"15736",2007,"MC231204",1.787
"15737",2007,"MC231205",2.202
"15738",2007,"MC231206",0.498
"15739",2007,"MC231207",0.742
"15740",2007,"MC231209",0.35
"15741",2007,"MC231211",0.643
"15742",2007,"MC231212",0.895
"15743",2007,"MC231213",0.572
"15744",2007,"MC231216",0.559
"15745",2007,"MC231217",0.502
"15746",2007,"MC231219",0.878
"15747",2007,"MC231221",0.977
"15748",2007,"MC231225",0.569
"15749",2007,"MC231226",1.959
"15750",2007,"MC231227",1.515
"15751",2007,"MC231232",0.928
"15752",2007,"MC231234",1.561
"15753",2007,"MC255807",0.742
"15754",2007,"MC255808",0.337
"15755",2007,"MC255809",0.436
"15756",2007,"MC255811",0.33
"15757",2007,"MC255814",1.049
"15758",2007,"MC255815",1.194
"15759",2007,"MC255817",0.512
"15760",2007,"MC255824",0.418
"15761",2007,"MC255825",1.878
"15762",2007,"MC255826",1.498
"15763",2007,"MC255827",0.51
"15764",2007,"MC255828",0.6
"15765",2007,"MC255830",1.669
"15766",2007,"MC255831",0.253
"15767",2007,"MC255833",0.587
"15768",2007,"MC300001",1.576
"15769",2007,"MC300017",0.992
"15770",2007,"MC300018",1.278
"15771",2007,"MC300022",0.649
"15772",2007,"MC300023",2.322
"15773",2007,"MC300024",1.843
"15774",2007,"MC300026",0.602
"15775",2007,"MC300027",1.342
"15776",2007,"MC300028",1.561
"15777",2007,"MC300032",1.823
"15778",2007,"MC300033",0.677
"15779",2007,"MC302801",1.608
"15780",2007,"MC302803",1.701
"15781",2007,"MC302807",3.041
"15782",2007,"MC302810",0.957
"15783",2007,"MC302813",1.951
"15784",2007,"MC302819",1.309
"15785",2007,"MC302820",1.259
"15786",2007,"MC302825",0.92
"15787",2007,"MC302827",0.496
"15788",2007,"MC302829",1.035
"15789",2007,"MC302831",1.47
"15790",2007,"MC302833",0.829
"15791",2007,"MC302834",1.763
"15792",2007,"MC302835",1.489
"15793",2008,"JB118309",0.456
"15794",2008,"JB118312",0.459
"15795",2008,"JB118313",0.571
"15796",2008,"JB118316",1.279
"15797",2008,"JB118317",0.329
"15798",2008,"JB118318",0.207
"15799",2008,"JB118320",0.784
"15800",2008,"JB118322",0.492
"15801",2008,"JB118323",0.158
"15802",2008,"JB118324",0.256
"15803",2008,"JB118326",1.165
"15804",2008,"JB118327",0.269
"15805",2008,"JB118332",0.891
"15806",2008,"JB118336",0.679
"15807",2008,"JB130804",1.801
"15808",2008,"JB130807",1.123
"15809",2008,"JB130808",0.475
"15810",2008,"JB130810",0.201
"15811",2008,"JB130813",0.459
"15812",2008,"JB130814",1.261
"15813",2008,"JB130815",0.569
"15814",2008,"JB130816",1.368
"15815",2008,"JB130817",1.782
"15816",2008,"JB130819",0.611
"15817",2008,"JB130821",0.739
"15818",2008,"JB130827",0.497
"15819",2008,"MC195302",0.696
"15820",2008,"MC195303",0.712
"15821",2008,"MC195304",0.642
"15822",2008,"MC195306",0.357
"15823",2008,"MC195307",0.555
"15824",2008,"MC195313",0.365
"15825",2008,"MC195314",0.398
"15826",2008,"MC195318",0.866
"15827",2008,"MC195319",1.267
"15828",2008,"MC195325",0.658
"15829",2008,"MC195329",1.004
"15830",2008,"MC216001",0.396
"15831",2008,"MC216002",0.269
"15832",2008,"MC216003",0.844
"15833",2008,"MC216004",0.786
"15834",2008,"MC216005",0.327
"15835",2008,"MC216010",1.024
"15836",2008,"MC216012",0.518
"15837",2008,"MC216014",0.785
"15838",2008,"MC216018",0.324
"15839",2008,"MC216020",0.35
"15840",2008,"MC216022",0.915
"15841",2008,"MC216026",0.766
"15842",2008,"MC216027",0.395
"15843",2008,"MC216029",1.794
"15844",2008,"MC216030",1.254
"15845",2008,"MC216039",1.016
"15846",2008,"MC231201",0.354
"15847",2008,"MC231203",0.128
"15848",2008,"MC231204",1.357
"15849",2008,"MC231205",0.92
"15850",2008,"MC231206",0.254
"15851",2008,"MC231207",0.352
"15852",2008,"MC231209",0.224
"15853",2008,"MC231211",0.459
"15854",2008,"MC231212",0.473
"15855",2008,"MC231213",0.409
"15856",2008,"MC231216",0.353
"15857",2008,"MC231217",0.282
"15858",2008,"MC231219",0.25
"15859",2008,"MC231221",0.859
"15860",2008,"MC231225",0.602
"15861",2008,"MC231226",1.231
"15862",2008,"MC231227",0.7
"15863",2008,"MC231232",0.851
"15864",2008,"MC231234",0.976
"15865",2008,"MC255807",0.898
"15866",2008,"MC255808",0.301
"15867",2008,"MC255809",0.527
"15868",2008,"MC255811",0.203
"15869",2008,"MC255814",1.249
"15870",2008,"MC255815",1.463
"15871",2008,"MC255817",0.462
"15872",2008,"MC255824",0.357
"15873",2008,"MC255825",1.598
"15874",2008,"MC255826",1.477
"15875",2008,"MC255827",0.513
"15876",2008,"MC255828",0.24
"15877",2008,"MC255830",1.189
"15878",2008,"MC255831",0.299
"15879",2008,"MC255833",0.312
"15880",2008,"MC300001",1.062
"15881",2008,"MC300017",0.588
"15882",2008,"MC300018",1.001
"15883",2008,"MC300022",0.432
"15884",2008,"MC300023",0.913
"15885",2008,"MC300024",1.054
"15886",2008,"MC300026",0.751
"15887",2008,"MC300027",1.05
"15888",2008,"MC300028",1.566
"15889",2008,"MC300032",1.514
"15890",2008,"MC300033",1.611
"15891",2008,"MC302801",1.341
"15892",2008,"MC302803",1.306
"15893",2008,"MC302807",1.462
"15894",2008,"MC302810",0.721
"15895",2008,"MC302813",1.673
"15896",2008,"MC302819",0.856
"15897",2008,"MC302820",0.784
"15898",2008,"MC302825",0.695
"15899",2008,"MC302827",0.322
"15900",2008,"MC302829",0.896
"15901",2008,"MC302831",1.02
"15902",2008,"MC302833",0.563
"15903",2008,"MC302834",1.146
"15904",2008,"MC302835",0.981
"15905",2009,"JB118309",0.637
"15906",2009,"JB118312",0.497
"15907",2009,"JB118313",0.745
"15908",2009,"JB118316",1.147
"15909",2009,"JB118317",0.158
"15910",2009,"JB118318",0.41
"15911",2009,"JB118320",1.134
"15912",2009,"JB118322",0.301
"15913",2009,"JB118323",0.164
"15914",2009,"JB118324",0.148
"15915",2009,"JB118326",1.043
"15916",2009,"JB118327",0.352
"15917",2009,"JB118332",1.081
"15918",2009,"JB118336",0.415
"15919",2009,"JB130804",1.545
"15920",2009,"JB130807",1.091
"15921",2009,"JB130808",0.187
"15922",2009,"JB130810",0.217
"15923",2009,"JB130813",0.175
"15924",2009,"JB130814",1.17
"15925",2009,"JB130815",0.314
"15926",2009,"JB130816",0.737
"15927",2009,"JB130817",1.453
"15928",2009,"JB130819",0.301
"15929",2009,"JB130821",0.653
"15930",2009,"JB130827",0.304
"15931",2009,"MC195302",0.933
"15932",2009,"MC195303",0.647
"15933",2009,"MC195304",0.471
"15934",2009,"MC195306",0.178
"15935",2009,"MC195307",0.092
"15936",2009,"MC195313",0.418
"15937",2009,"MC195314",0.391
"15938",2009,"MC195318",1.076
"15939",2009,"MC195319",1.098
"15940",2009,"MC195325",0.534
"15941",2009,"MC195329",1.082
"15942",2009,"MC216001",0.221
"15943",2009,"MC216002",0.293
"15944",2009,"MC216003",0.988
"15945",2009,"MC216004",0.687
"15946",2009,"MC216005",0.27
"15947",2009,"MC216010",1.434
"15948",2009,"MC216012",0.543
"15949",2009,"MC216014",0.859
"15950",2009,"MC216018",0.388
"15951",2009,"MC216020",0.455
"15952",2009,"MC216022",1.46
"15953",2009,"MC216026",0.728
"15954",2009,"MC216027",0.606
"15955",2009,"MC216029",1.865
"15956",2009,"MC216030",0.779
"15957",2009,"MC216039",1.402
"15958",2009,"MC231201",0.6
"15959",2009,"MC231203",0.092
"15960",2009,"MC231204",1.135
"15961",2009,"MC231205",0.228
"15962",2009,"MC231206",0.178
"15963",2009,"MC231207",0.339
"15964",2009,"MC231209",0.229
"15965",2009,"MC231211",0.371
"15966",2009,"MC231212",0.732
"15967",2009,"MC231213",0.243
"15968",2009,"MC231216",0.128
"15969",2009,"MC231217",0.375
"15970",2009,"MC231219",0.122
"15971",2009,"MC231221",1.123
"15972",2009,"MC231225",0.802
"15973",2009,"MC231226",1.206
"15974",2009,"MC231227",1.1
"15975",2009,"MC231232",0.699
"15976",2009,"MC231234",0.995
"15977",2009,"MC255807",1.35
"15978",2009,"MC255808",0.428
"15979",2009,"MC255809",0.728
"15980",2009,"MC255811",0.374
"15981",2009,"MC255814",1.584
"15982",2009,"MC255815",2.19
"15983",2009,"MC255817",0.838
"15984",2009,"MC255824",0.727
"15985",2009,"MC255825",1.822
"15986",2009,"MC255826",1.834
"15987",2009,"MC255827",1.036
"15988",2009,"MC255828",0.203
"15989",2009,"MC255830",2.515
"15990",2009,"MC255831",0.665
"15991",2009,"MC255833",0.789
"15992",2009,"MC300001",1.684
"15993",2009,"MC300017",1.2
"15994",2009,"MC300018",1.246
"15995",2009,"MC300022",0.782
"15996",2009,"MC300023",2.449
"15997",2009,"MC300024",1.539
"15998",2009,"MC300026",2.583
"15999",2009,"MC300027",0.735
"16000",2009,"MC300028",1.243
"16001",2009,"MC300032",1.761
"16002",2009,"MC300033",1.265
"16003",2009,"MC302801",1.638
"16004",2009,"MC302803",1.382
"16005",2009,"MC302807",1.715
"16006",2009,"MC302810",0.693
"16007",2009,"MC302813",1.494
"16008",2009,"MC302819",1.159
"16009",2009,"MC302820",1.305
"16010",2009,"MC302825",1.467
"16011",2009,"MC302827",0.402
"16012",2009,"MC302829",0.924
"16013",2009,"MC302831",0.888
"16014",2009,"MC302833",0.536
"16015",2009,"MC302834",1.453
"16016",2009,"MC302835",1.346
"16017",2010,"JB118309",1.026
"16018",2010,"JB118312",0.468
"16019",2010,"JB118313",0.714
"16020",2010,"JB118316",0.848
"16021",2010,"JB118317",0.286
"16022",2010,"JB118318",0.484
"16023",2010,"JB118320",0.77
"16024",2010,"JB118322",0.376
"16025",2010,"JB118323",0.173
"16026",2010,"JB118324",0.268
"16027",2010,"JB118326",1.742
"16028",2010,"JB118327",0.618
"16029",2010,"JB118332",0.722
"16030",2010,"JB118336",0.362
"16031",2010,"JB130804",2.139
"16032",2010,"JB130807",0.976
"16033",2010,"JB130808",0.342
"16034",2010,"JB130810",0.414
"16035",2010,"JB130813",0.322
"16036",2010,"JB130814",1.827
"16037",2010,"JB130815",0.4
"16038",2010,"JB130816",0.515
"16039",2010,"JB130817",1.294
"16040",2010,"JB130819",0.448
"16041",2010,"JB130821",0.818
"16042",2010,"JB130827",0.492
"16043",2010,"MC195302",0.877
"16044",2010,"MC195303",0.557
"16045",2010,"MC195304",0.445
"16046",2010,"MC195306",0.445
"16047",2010,"MC195307",0.873
"16048",2010,"MC195313",0.636
"16049",2010,"MC195314",0.351
"16050",2010,"MC195318",1.001
"16051",2010,"MC195319",1.378
"16052",2010,"MC195325",0.529
"16053",2010,"MC195329",1.415
"16054",2010,"MC216001",0.177
"16055",2010,"MC216002",0.356
"16056",2010,"MC216003",0.964
"16057",2010,"MC216004",0.656
"16058",2010,"MC216005",0.348
"16059",2010,"MC216010",0.937
"16060",2010,"MC216012",0.381
"16061",2010,"MC216014",0.572
"16062",2010,"MC216018",0.47
"16063",2010,"MC216020",0.615
"16064",2010,"MC216022",1.207
"16065",2010,"MC216026",1.063
"16066",2010,"MC216027",0.502
"16067",2010,"MC216029",1.402
"16068",2010,"MC216030",1.638
"16069",2010,"MC216039",1.044
"16070",2010,"MC231201",0.418
"16071",2010,"MC231203",0.102
"16072",2010,"MC231204",1.039
"16073",2010,"MC231205",1.128
"16074",2010,"MC231206",0.192
"16075",2010,"MC231207",0.524
"16076",2010,"MC231209",0.246
"16077",2010,"MC231211",0.381
"16078",2010,"MC231212",0.817
"16079",2010,"MC231213",0.438
"16080",2010,"MC231216",0.589
"16081",2010,"MC231217",0.501
"16082",2010,"MC231219",0.405
"16083",2010,"MC231221",1.375
"16084",2010,"MC231225",0.489
"16085",2010,"MC231226",1.416
"16086",2010,"MC231227",1.118
"16087",2010,"MC231232",0.807
"16088",2010,"MC231234",1.11
"16089",2010,"MC255807",0.908
"16090",2010,"MC255808",0.351
"16091",2010,"MC255809",0.463
"16092",2010,"MC255811",0.345
"16093",2010,"MC255814",1.388
"16094",2010,"MC255815",2.207
"16095",2010,"MC255817",0.777
"16096",2010,"MC255824",0.609
"16097",2010,"MC255825",1.427
"16098",2010,"MC255826",1.544
"16099",2010,"MC255827",1.123
"16100",2010,"MC255828",0.198
"16101",2010,"MC255830",1.456
"16102",2010,"MC255831",0.776
"16103",2010,"MC255833",0.812
"16104",2010,"MC300001",0.849
"16105",2010,"MC300017",0.515
"16106",2010,"MC300018",0.629
"16107",2010,"MC300022",0.471
"16108",2010,"MC300023",1.058
"16109",2010,"MC300024",0.663
"16110",2010,"MC300026",1.093
"16111",2010,"MC300027",0.259
"16112",2010,"MC300028",0.612
"16113",2010,"MC300032",0.911
"16114",2010,"MC300033",0.631
"16115",2010,"MC302801",1.27
"16116",2010,"MC302803",1.24
"16117",2010,"MC302807",2.273
"16118",2010,"MC302810",0.673
"16119",2010,"MC302813",1.691
"16120",2010,"MC302819",1.029
"16121",2010,"MC302820",1.393
"16122",2010,"MC302825",1.787
"16123",2010,"MC302827",0.466
"16124",2010,"MC302829",1.211
"16125",2010,"MC302831",1.024
"16126",2010,"MC302833",0.497
"16127",2010,"MC302834",1.223
"16128",2010,"MC302835",1.634
"16129",2011,"JB118309",NA
"16130",2011,"JB118312",NA
"16131",2011,"JB118313",NA
"16132",2011,"JB118316",NA
"16133",2011,"JB118317",NA
"16134",2011,"JB118318",NA
"16135",2011,"JB118320",NA
"16136",2011,"JB118322",NA
"16137",2011,"JB118323",NA
"16138",2011,"JB118324",NA
"16139",2011,"JB118326",NA
"16140",2011,"JB118327",NA
"16141",2011,"JB118332",NA
"16142",2011,"JB118336",NA
"16143",2011,"JB130804",NA
"16144",2011,"JB130807",NA
"16145",2011,"JB130808",NA
"16146",2011,"JB130810",NA
"16147",2011,"JB130813",NA
"16148",2011,"JB130814",NA
"16149",2011,"JB130815",NA
"16150",2011,"JB130816",NA
"16151",2011,"JB130817",NA
"16152",2011,"JB130819",NA
"16153",2011,"JB130821",NA
"16154",2011,"JB130827",NA
"16155",2011,"MC195302",NA
"16156",2011,"MC195303",NA
"16157",2011,"MC195304",NA
"16158",2011,"MC195306",NA
"16159",2011,"MC195307",NA
"16160",2011,"MC195313",NA
"16161",2011,"MC195314",NA
"16162",2011,"MC195318",NA
"16163",2011,"MC195319",NA
"16164",2011,"MC195325",NA
"16165",2011,"MC195329",NA
"16166",2011,"MC216001",0.127
"16167",2011,"MC216002",0.091
"16168",2011,"MC216003",0.094
"16169",2011,"MC216004",0.402
"16170",2011,"MC216005",0.302
"16171",2011,"MC216010",0.621
"16172",2011,"MC216012",0.11
"16173",2011,"MC216014",0.392
"16174",2011,"MC216018",0.137
"16175",2011,"MC216020",0.288
"16176",2011,"MC216022",0.479
"16177",2011,"MC216026",0.096
"16178",2011,"MC216027",0.143
"16179",2011,"MC216029",0.556
"16180",2011,"MC216030",0.128
"16181",2011,"MC216039",0.214
"16182",2011,"MC231201",0.098
"16183",2011,"MC231203",0.095
"16184",2011,"MC231204",0.233
"16185",2011,"MC231205",0.205
"16186",2011,"MC231206",0.107
"16187",2011,"MC231207",0.247
"16188",2011,"MC231209",0.094
"16189",2011,"MC231211",0.208
"16190",2011,"MC231212",0.171
"16191",2011,"MC231213",0.154
"16192",2011,"MC231216",0.184
"16193",2011,"MC231217",0.154
"16194",2011,"MC231219",0.151
"16195",2011,"MC231221",0.525
"16196",2011,"MC231225",0.143
"16197",2011,"MC231226",0.472
"16198",2011,"MC231227",0.158
"16199",2011,"MC231232",0.495
"16200",2011,"MC231234",0.328
"16201",2011,"MC255807",NA
"16202",2011,"MC255808",NA
"16203",2011,"MC255809",NA
"16204",2011,"MC255811",NA
"16205",2011,"MC255814",NA
"16206",2011,"MC255815",NA
"16207",2011,"MC255817",NA
"16208",2011,"MC255824",NA
"16209",2011,"MC255825",NA
"16210",2011,"MC255826",NA
"16211",2011,"MC255827",NA
"16212",2011,"MC255828",NA
"16213",2011,"MC255830",NA
"16214",2011,"MC255831",NA
"16215",2011,"MC255833",NA
"16216",2011,"MC300001",NA
"16217",2011,"MC300017",NA
"16218",2011,"MC300018",NA
"16219",2011,"MC300022",NA
"16220",2011,"MC300023",NA
"16221",2011,"MC300024",NA
"16222",2011,"MC300026",NA
"16223",2011,"MC300027",NA
"16224",2011,"MC300028",NA
"16225",2011,"MC300032",NA
"16226",2011,"MC300033",NA
"16227",2011,"MC302801",1.088
"16228",2011,"MC302803",1.326
"16229",2011,"MC302807",2.022
"16230",2011,"MC302810",0.724
"16231",2011,"MC302813",1.648
"16232",2011,"MC302819",0.866
"16233",2011,"MC302820",1.097
"16234",2011,"MC302825",1.108
"16235",2011,"MC302827",0.39
"16236",2011,"MC302829",0.796
"16237",2011,"MC302831",0.869
"16238",2011,"MC302833",0.457
"16239",2011,"MC302834",1.144
"16240",2011,"MC302835",1.806
