age_CE,748011_raw,748012_raw,748021_raw,748022_raw,748031_raw,748032_raw,748041_raw,748042_raw,748051_raw,748052_raw,748061_raw,748062_raw,748071_raw,748072_raw,748081_raw,748082_raw,748091_raw,748092_raw,748101_raw,748102_raw,748111_raw,748112_raw,748121_raw,748122_raw,748132_raw,748141_raw,748142_raw,748011_raw_outlier_flag,748012_raw_outlier_flag,748021_raw_outlier_flag,748022_raw_outlier_flag,748031_raw_outlier_flag,748032_raw_outlier_flag,748041_raw_outlier_flag,748042_raw_outlier_flag,748051_raw_outlier_flag,748052_raw_outlier_flag,748061_raw_outlier_flag,748062_raw_outlier_flag,748071_raw_outlier_flag,748072_raw_outlier_flag,748081_raw_outlier_flag,748082_raw_outlier_flag,748091_raw_outlier_flag,748092_raw_outlier_flag,748101_raw_outlier_flag,748102_raw_outlier_flag,748111_raw_outlier_flag,748112_raw_outlier_flag,748121_raw_outlier_flag,748122_raw_outlier_flag,748132_raw_outlier_flag,748141_raw_outlier_flag,748142_raw_outlier_flag
1564,NA,NA,NA,NA,NA,NA,NA,NA,0.69,NA,NA,NA,NA,NA,NA,NA,NA,NA,NA,NA,NA,NA,NA,NA,NA,NA,NA,NA,NA,NA,NA,NA,NA,NA,NA,FALSE,NA,NA,NA,NA,NA,NA,NA,NA,NA,NA,NA,NA,NA,NA,NA,NA,NA,NA
1565,NA,NA,NA,NA,NA,NA,NA,NA,0.82,NA,NA,NA,NA,NA,NA,NA,NA,NA,NA,NA,NA,NA,NA,NA,NA,NA,NA,NA,NA,NA,NA,NA,NA,NA,NA,FALSE,NA,NA,NA,NA,NA,NA,NA,NA,NA,NA,NA,NA,NA,NA,NA,NA,NA,NA
1566,NA,NA,NA,NA,NA,NA,NA,NA,0.63,NA,NA,NA,NA,NA,NA,NA,0.74,NA,NA,NA,NA,NA,NA,NA,NA,NA,NA,NA,NA,NA,NA,NA,NA,NA,NA,FALSE,NA,NA,NA,NA,NA,NA,NA,FALSE,NA,NA,NA,NA,NA,NA,NA,NA,NA,NA
1567,NA,NA,NA,NA,NA,NA,NA,NA,0.62,NA,NA,NA,NA,NA,NA,NA,0.8,NA,NA,NA,NA,NA,NA,NA,NA,NA,NA,NA,NA,NA,NA,NA,NA,NA,NA,FALSE,NA,NA,NA,NA,NA,NA,NA,FALSE,NA,NA,NA,NA,NA,NA,NA,NA,NA,NA
1568,NA,NA,NA,NA,NA,NA,NA,NA,0.59,NA,NA,NA,NA,NA,NA,NA,0.78,NA,NA,NA,NA,NA,NA,NA,NA,NA,NA,NA,NA,NA,NA,NA,NA,NA,NA,FALSE,NA,NA,NA,NA,NA,NA,NA,FALSE,NA,NA,NA,NA,NA,NA,NA,NA,NA,NA
1569,NA,NA,NA,NA,NA,NA,NA,NA,0.67,NA,NA,NA,NA,NA,NA,NA,0.75,NA,NA,NA,NA,NA,NA,NA,NA,NA,NA,NA,NA,NA,NA,NA,NA,NA,NA,FALSE,NA,NA,NA,NA,NA,NA,NA,FALSE,NA,NA,NA,NA,NA,NA,NA,NA,NA,NA
1570,NA,NA,NA,NA,NA,NA,NA,NA,0.76,NA,NA,NA,NA,NA,NA,NA,0.78,NA,NA,NA,NA,NA,NA,NA,NA,NA,NA,NA,NA,NA,NA,NA,NA,NA,NA,FALSE,NA,NA,NA,NA,NA,NA,NA,FALSE,NA,NA,NA,NA,NA,NA,NA,NA,NA,NA
1571,NA,NA,NA,NA,NA,NA,NA,NA,0.72,NA,NA,NA,NA,NA,NA,NA,0.78,NA,NA,NA,NA,NA,NA,NA,NA,NA,NA,NA,NA,NA,NA,NA,NA,NA,NA,FALSE,NA,NA,NA,NA,NA,NA,NA,FALSE,NA,NA,NA,NA,NA,NA,NA,NA,NA,NA
1572,NA,NA,NA,NA,NA,NA,NA,NA,0.71,NA,NA,NA,NA,NA,NA,NA,0.74,NA,NA,NA,NA,NA,NA,NA,NA,NA,NA,NA,NA,NA,NA,NA,NA,NA,NA,FALSE,NA,NA,NA,NA,NA,NA,NA,FALSE,NA,NA,NA,NA,NA,NA,NA,NA,NA,NA
1573,NA,NA,NA,NA,NA,NA,NA,NA,0.74,NA,NA,NA,NA,NA,NA,NA,0.8,NA,NA,NA,NA,NA,NA,NA,NA,NA,NA,NA,NA,NA,NA,NA,NA,NA,NA,FALSE,NA,NA,NA,NA,NA,NA,NA,FALSE,NA,NA,NA,NA,NA,NA,NA,NA,NA,NA
1574,NA,NA,NA,NA,NA,NA,NA,NA,0.84,NA,NA,NA,NA,NA,NA,NA,0.82,NA,NA,NA,NA,NA,NA,NA,NA,NA,NA,NA,NA,NA,NA,NA,NA,NA,NA,FALSE,NA,NA,NA,NA,NA,NA,NA,FALSE,NA,NA,NA,NA,NA,NA,NA,NA,NA,NA
1575,NA,NA,NA,NA,NA,NA,NA,NA,0.65,NA,NA,NA,NA,NA,NA,NA,0.84,NA,NA,NA,NA,NA,NA,NA,NA,NA,NA,NA,NA,NA,NA,NA,NA,NA,NA,FALSE,NA,NA,NA,NA,NA,NA,NA,FALSE,NA,NA,NA,NA,NA,NA,NA,NA,NA,NA
1576,NA,NA,NA,NA,NA,NA,NA,NA,0.75,NA,NA,NA,NA,NA,NA,NA,0.84,NA,NA,NA,NA,NA,NA,NA,NA,NA,NA,NA,NA,NA,NA,NA,NA,NA,NA,FALSE,NA,NA,NA,NA,NA,NA,NA,FALSE,NA,NA,NA,NA,NA,NA,NA,NA,NA,NA
1577,NA,NA,NA,NA,NA,NA,NA,NA,0.74,NA,NA,NA,NA,NA,NA,NA,0.77,NA,NA,NA,NA,NA,NA,NA,NA,NA,NA,NA,NA,NA,NA,NA,NA,NA,NA,FALSE,NA,NA,NA,NA,NA,NA,NA,FALSE,NA,NA,NA,NA,NA,NA,NA,NA,NA,NA
1578,NA,NA,NA,NA,NA,NA,NA,NA,0.87,NA,NA,NA,NA,NA,NA,NA,0.84,NA,NA,NA,NA,NA,NA,NA,NA,NA,NA,NA,NA,NA,NA,NA,NA,NA,NA,FALSE,NA,NA,NA,NA,NA,NA,NA,FALSE,NA,NA,NA,NA,NA,NA,NA,NA,NA,NA
1579,NA,NA,NA,NA,NA,NA,NA,NA,0.71,NA,NA,NA,NA,NA,NA,NA,0.72,NA,NA,NA,NA,NA,NA,NA,NA,NA,NA,NA,NA,NA,NA,NA,NA,NA,NA,FALSE,NA,NA,NA,NA,NA,NA,NA,FALSE,NA,NA,NA,NA,NA,NA,NA,NA,NA,NA
1580,NA,NA,NA,NA,NA,NA,NA,NA,0.81,NA,NA,NA,NA,NA,NA,NA,0.84,NA,NA,NA,NA,NA,NA,NA,NA,NA,NA,NA,NA,NA,NA,NA,NA,NA,NA,FALSE,NA,NA,NA,NA,NA,NA,NA,FALSE,NA,NA,NA,NA,NA,NA,NA,NA,NA,NA
1581,NA,NA,NA,NA,NA,NA,NA,NA,0.65,NA,NA,NA,NA,NA,NA,NA,0.76,NA,NA,NA,NA,NA,NA,NA,NA,NA,NA,NA,NA,NA,NA,NA,NA,NA,NA,FALSE,NA,NA,NA,NA,NA,NA,NA,FALSE,NA,NA,NA,NA,NA,NA,NA,NA,NA,NA
1582,NA,NA,NA,NA,NA,NA,NA,NA,0.62,NA,NA,NA,NA,NA,NA,NA,0.78,NA,NA,NA,NA,NA,NA,NA,NA,NA,NA,NA,NA,NA,NA,NA,NA,NA,NA,FALSE,NA,NA,NA,NA,NA,NA,NA,FALSE,NA,NA,NA,NA,NA,NA,NA,NA,NA,NA
1583,NA,NA,NA,NA,NA,NA,NA,NA,0.72,NA,NA,NA,NA,NA,NA,NA,0.79,NA,NA,NA,NA,NA,NA,NA,NA,NA,NA,NA,NA,NA,NA,NA,NA,NA,NA,FALSE,NA,NA,NA,NA,NA,NA,NA,FALSE,NA,NA,NA,NA,NA,NA,NA,NA,NA,NA
1584,NA,NA,NA,NA,NA,NA,NA,NA,0.79,NA,NA,NA,NA,NA,NA,NA,0.77,NA,NA,NA,NA,NA,NA,NA,NA,NA,NA,NA,NA,NA,NA,NA,NA,NA,NA,FALSE,NA,NA,NA,NA,NA,NA,NA,FALSE,NA,NA,NA,NA,NA,NA,NA,NA,NA,NA
1585,NA,NA,NA,NA,NA,NA,NA,NA,0.82,NA,NA,NA,NA,NA,NA,NA,0.84,NA,NA,NA,NA,NA,NA,NA,NA,NA,NA,NA,NA,NA,NA,NA,NA,NA,NA,FALSE,NA,NA,NA,NA,NA,NA,NA,FALSE,NA,NA,NA,NA,NA,NA,NA,NA,NA,NA
1586,NA,NA,NA,NA,NA,NA,NA,NA,0.8,NA,NA,NA,NA,NA,NA,NA,0.83,NA,NA,NA,NA,NA,NA,NA,NA,NA,NA,NA,NA,NA,NA,NA,NA,NA,NA,FALSE,NA,NA,NA,NA,NA,NA,NA,FALSE,NA,NA,NA,NA,NA,NA,NA,NA,NA,NA
1587,NA,NA,NA,NA,NA,NA,NA,NA,0.65,NA,NA,NA,NA,NA,NA,NA,0.76,NA,NA,NA,NA,NA,NA,NA,NA,NA,NA,NA,NA,NA,NA,NA,NA,NA,NA,FALSE,NA,NA,NA,NA,NA,NA,NA,FALSE,NA,NA,NA,NA,NA,NA,NA,NA,NA,NA
1588,NA,NA,NA,NA,NA,NA,NA,NA,0.86,NA,NA,NA,NA,NA,NA,NA,0.85,NA,NA,NA,NA,NA,NA,NA,NA,NA,NA,NA,NA,NA,NA,NA,NA,NA,NA,FALSE,NA,NA,NA,NA,NA,NA,NA,FALSE,NA,NA,NA,NA,NA,NA,NA,NA,NA,NA
1589,NA,NA,NA,NA,NA,NA,NA,NA,0.8,NA,NA,NA,NA,NA,NA,NA,0.8,NA,NA,NA,NA,NA,NA,NA,NA,NA,NA,NA,NA,NA,NA,NA,NA,NA,NA,FALSE,NA,NA,NA,NA,NA,NA,NA,FALSE,NA,NA,NA,NA,NA,NA,NA,NA,NA,NA
1590,NA,NA,NA,NA,NA,NA,NA,NA,0.75,NA,NA,NA,NA,NA,NA,NA,0.81,NA,NA,NA,NA,NA,NA,NA,NA,NA,NA,NA,NA,NA,NA,NA,NA,NA,NA,FALSE,NA,NA,NA,NA,NA,NA,NA,FALSE,NA,NA,NA,NA,NA,NA,NA,NA,NA,NA
1591,NA,NA,NA,NA,NA,NA,NA,NA,0.77,NA,NA,NA,NA,NA,NA,NA,0.81,NA,NA,NA,NA,NA,NA,NA,NA,NA,NA,NA,NA,NA,NA,NA,NA,NA,NA,FALSE,NA,NA,NA,NA,NA,NA,NA,FALSE,NA,NA,NA,NA,NA,NA,NA,NA,NA,NA
1592,NA,NA,NA,NA,NA,NA,NA,NA,0.78,NA,NA,NA,NA,NA,NA,NA,0.82,0.77,NA,NA,NA,NA,NA,NA,NA,NA,NA,NA,NA,NA,NA,NA,NA,NA,NA,FALSE,NA,NA,NA,NA,NA,NA,NA,FALSE,FALSE,NA,NA,NA,NA,NA,NA,NA,NA,NA
1593,NA,NA,NA,NA,NA,NA,NA,NA,0.81,NA,NA,NA,NA,NA,NA,NA,0.85,0.76,NA,NA,NA,NA,NA,NA,NA,NA,NA,NA,NA,NA,NA,NA,NA,NA,NA,FALSE,NA,NA,NA,NA,NA,NA,NA,FALSE,FALSE,NA,NA,NA,NA,NA,NA,NA,NA,NA
1594,NA,NA,NA,NA,NA,NA,NA,NA,0.84,NA,NA,NA,NA,NA,NA,NA,0.87,0.82,NA,NA,NA,NA,NA,NA,NA,NA,NA,NA,NA,NA,NA,NA,NA,NA,NA,FALSE,NA,NA,NA,NA,NA,NA,NA,FALSE,FALSE,NA,NA,NA,NA,NA,NA,NA,NA,NA
1595,NA,NA,NA,NA,NA,NA,NA,NA,0.77,NA,NA,NA,NA,NA,NA,NA,0.77,0.76,NA,NA,NA,NA,NA,NA,NA,NA,NA,NA,NA,NA,NA,NA,NA,NA,NA,FALSE,NA,NA,NA,NA,NA,NA,NA,FALSE,FALSE,NA,NA,NA,NA,NA,NA,NA,NA,NA
1596,NA,NA,NA,NA,NA,NA,NA,NA,0.78,NA,NA,NA,NA,NA,NA,NA,0.81,0.72,NA,NA,NA,NA,NA,NA,NA,NA,NA,NA,NA,NA,NA,NA,NA,NA,NA,FALSE,NA,NA,NA,NA,NA,NA,NA,FALSE,FALSE,NA,NA,NA,NA,NA,NA,NA,NA,NA
1597,NA,NA,NA,NA,NA,NA,NA,NA,0.79,NA,NA,NA,NA,NA,NA,NA,0.79,0.65,NA,NA,NA,NA,NA,NA,NA,NA,NA,NA,NA,NA,NA,NA,NA,NA,NA,FALSE,NA,NA,NA,NA,NA,NA,NA,FALSE,FALSE,NA,NA,NA,NA,NA,NA,NA,NA,NA
1598,NA,NA,NA,NA,NA,NA,NA,NA,0.82,NA,NA,NA,NA,NA,NA,NA,0.8,0.82,NA,NA,NA,NA,NA,NA,NA,NA,NA,NA,NA,NA,NA,NA,NA,NA,NA,FALSE,NA,NA,NA,NA,NA,NA,NA,FALSE,FALSE,NA,NA,NA,NA,NA,NA,NA,NA,NA
1599,NA,NA,NA,NA,NA,NA,NA,NA,0.63,NA,NA,NA,NA,NA,NA,NA,0.77,0.77,NA,NA,NA,NA,NA,NA,NA,NA,NA,NA,NA,NA,NA,NA,NA,NA,NA,FALSE,NA,NA,NA,NA,NA,NA,NA,FALSE,FALSE,NA,NA,NA,NA,NA,NA,NA,NA,NA
1600,NA,NA,NA,NA,NA,NA,NA,NA,0.81,NA,NA,NA,NA,NA,NA,NA,0.83,0.86,NA,NA,NA,NA,NA,NA,NA,NA,NA,NA,NA,NA,NA,NA,NA,NA,NA,FALSE,NA,NA,NA,NA,NA,NA,NA,FALSE,FALSE,NA,NA,NA,NA,NA,NA,NA,NA,NA
1601,NA,NA,NA,NA,NA,NA,NA,NA,0.61,NA,NA,NA,NA,NA,NA,NA,0.61,0.56,NA,NA,NA,NA,NA,NA,NA,NA,NA,NA,NA,NA,NA,NA,NA,NA,NA,FALSE,NA,NA,NA,NA,NA,NA,NA,FALSE,FALSE,NA,NA,NA,NA,NA,NA,NA,NA,NA
1602,NA,NA,NA,NA,NA,NA,NA,NA,0.83,NA,NA,NA,NA,NA,NA,NA,0.78,0.8,NA,NA,NA,NA,NA,NA,NA,NA,NA,NA,NA,NA,NA,NA,NA,NA,NA,FALSE,NA,NA,NA,NA,NA,NA,NA,FALSE,FALSE,NA,NA,NA,NA,NA,NA,NA,NA,NA
1603,NA,NA,NA,NA,NA,NA,NA,NA,0.8,NA,NA,NA,NA,NA,NA,NA,0.8,0.8,NA,NA,NA,NA,NA,NA,NA,NA,NA,NA,NA,NA,NA,NA,NA,NA,NA,FALSE,NA,NA,NA,NA,NA,NA,NA,FALSE,FALSE,NA,NA,NA,NA,NA,NA,NA,NA,NA
1604,NA,NA,NA,NA,NA,NA,NA,NA,0.7,NA,NA,NA,NA,NA,NA,NA,0.79,0.75,NA,NA,NA,NA,NA,NA,NA,NA,NA,NA,NA,NA,NA,NA,NA,NA,NA,FALSE,NA,NA,NA,NA,NA,NA,NA,FALSE,FALSE,NA,NA,NA,NA,NA,NA,NA,NA,NA
1605,NA,NA,NA,NA,NA,NA,NA,NA,0.79,NA,NA,NA,NA,NA,NA,NA,0.79,0.8,NA,NA,NA,NA,NA,NA,NA,NA,NA,NA,NA,NA,NA,NA,NA,NA,NA,FALSE,NA,NA,NA,NA,NA,NA,NA,FALSE,FALSE,NA,NA,NA,NA,NA,NA,NA,NA,NA
1606,NA,NA,NA,NA,NA,NA,NA,NA,0.8,NA,NA,NA,NA,NA,NA,NA,0.82,0.76,NA,NA,NA,NA,NA,NA,NA,NA,NA,NA,NA,NA,NA,NA,NA,NA,NA,FALSE,NA,NA,NA,NA,NA,NA,NA,FALSE,FALSE,NA,NA,NA,NA,NA,NA,NA,NA,NA
1607,NA,NA,NA,NA,NA,NA,NA,NA,0.83,NA,NA,NA,NA,NA,NA,NA,0.84,0.81,NA,NA,NA,NA,NA,NA,NA,NA,NA,NA,NA,NA,NA,NA,NA,NA,NA,FALSE,NA,NA,NA,NA,NA,NA,NA,FALSE,FALSE,NA,NA,NA,NA,NA,NA,NA,NA,NA
1608,NA,NA,NA,NA,NA,NA,NA,NA,0.81,NA,NA,NA,NA,NA,NA,NA,0.79,0.75,NA,NA,NA,NA,NA,NA,NA,NA,NA,NA,NA,NA,NA,NA,NA,NA,NA,FALSE,NA,NA,NA,NA,NA,NA,NA,FALSE,FALSE,NA,NA,NA,NA,NA,NA,NA,NA,NA
1609,NA,NA,NA,NA,NA,NA,NA,NA,0.81,NA,NA,NA,NA,NA,NA,NA,0.81,0.8,NA,NA,NA,NA,NA,NA,NA,NA,NA,NA,NA,NA,NA,NA,NA,NA,NA,FALSE,NA,NA,NA,NA,NA,NA,NA,FALSE,FALSE,NA,NA,NA,NA,NA,NA,NA,NA,NA
1610,NA,NA,NA,NA,NA,NA,NA,NA,0.83,NA,NA,NA,NA,NA,NA,NA,0.81,0.85,NA,NA,NA,NA,NA,NA,NA,NA,NA,NA,NA,NA,NA,NA,NA,NA,NA,FALSE,NA,NA,NA,NA,NA,NA,NA,FALSE,FALSE,NA,NA,NA,NA,NA,NA,NA,NA,NA
1611,NA,NA,NA,NA,NA,NA,NA,NA,0.82,NA,NA,NA,NA,NA,NA,NA,0.77,0.82,NA,NA,NA,NA,NA,NA,NA,NA,NA,NA,NA,NA,NA,NA,NA,NA,NA,FALSE,NA,NA,NA,NA,NA,NA,NA,FALSE,FALSE,NA,NA,NA,NA,NA,NA,NA,NA,NA
1612,NA,NA,NA,NA,NA,NA,NA,NA,0.67,NA,NA,NA,NA,NA,NA,NA,0.69,0.59,NA,NA,NA,NA,NA,NA,NA,NA,NA,NA,NA,NA,NA,NA,NA,NA,NA,FALSE,NA,NA,NA,NA,NA,NA,NA,FALSE,FALSE,NA,NA,NA,NA,NA,NA,NA,NA,NA
1613,NA,NA,NA,NA,NA,NA,NA,NA,0.86,NA,NA,NA,NA,NA,NA,NA,0.8,0.85,NA,NA,NA,NA,NA,NA,NA,NA,NA,NA,NA,NA,NA,NA,NA,NA,NA,FALSE,NA,NA,NA,NA,NA,NA,NA,FALSE,FALSE,NA,NA,NA,NA,NA,NA,NA,NA,NA
1614,NA,NA,NA,NA,NA,NA,NA,NA,0.79,NA,NA,NA,NA,NA,NA,NA,0.8,0.81,NA,NA,NA,NA,NA,NA,NA,NA,NA,NA,NA,NA,NA,NA,NA,NA,NA,FALSE,NA,NA,NA,NA,NA,NA,NA,FALSE,FALSE,NA,NA,NA,NA,NA,NA,NA,NA,NA
1615,NA,NA,NA,NA,NA,NA,NA,NA,0.81,NA,NA,NA,NA,NA,NA,NA,0.75,0.82,NA,NA,NA,NA,NA,NA,NA,NA,NA,NA,NA,NA,NA,NA,NA,NA,NA,FALSE,NA,NA,NA,NA,NA,NA,NA,FALSE,FALSE,NA,NA,NA,NA,NA,NA,NA,NA,NA
1616,NA,NA,NA,NA,NA,NA,NA,NA,0.82,NA,NA,NA,NA,NA,NA,NA,0.8,0.85,NA,NA,NA,NA,NA,NA,NA,NA,NA,NA,NA,NA,NA,NA,NA,NA,NA,FALSE,NA,NA,NA,NA,NA,NA,NA,FALSE,FALSE,NA,NA,NA,NA,NA,NA,NA,NA,NA
1617,NA,NA,NA,NA,NA,NA,NA,NA,0.81,NA,NA,NA,NA,NA,NA,NA,0.78,0.83,NA,NA,NA,NA,NA,NA,NA,NA,NA,NA,NA,NA,NA,NA,NA,NA,NA,FALSE,NA,NA,NA,NA,NA,NA,NA,FALSE,FALSE,NA,NA,NA,NA,NA,NA,NA,NA,NA
1618,NA,NA,NA,NA,NA,NA,NA,NA,0.86,NA,NA,NA,NA,NA,NA,0.75,0.8,0.84,NA,NA,NA,NA,NA,NA,NA,NA,NA,NA,NA,NA,NA,NA,NA,NA,NA,FALSE,NA,NA,NA,NA,NA,NA,FALSE,FALSE,FALSE,NA,NA,NA,NA,NA,NA,NA,NA,NA
1619,NA,NA,NA,NA,NA,NA,NA,NA,0.84,NA,NA,NA,NA,NA,NA,0.78,0.91,0.85,NA,NA,NA,NA,NA,NA,NA,NA,NA,NA,NA,NA,NA,NA,NA,NA,NA,FALSE,NA,NA,NA,NA,NA,NA,FALSE,FALSE,FALSE,NA,NA,NA,NA,NA,NA,NA,NA,NA
1620,NA,NA,NA,NA,NA,NA,NA,NA,0.78,NA,NA,NA,NA,NA,NA,0.73,0.82,0.78,NA,NA,NA,NA,NA,NA,NA,NA,NA,NA,NA,NA,NA,NA,NA,NA,NA,FALSE,NA,NA,NA,NA,NA,NA,FALSE,FALSE,FALSE,NA,NA,NA,NA,NA,NA,NA,NA,NA
1621,NA,NA,NA,NA,NA,NA,NA,NA,0.81,NA,NA,NA,NA,NA,NA,0.91,0.82,0.71,NA,NA,NA,NA,NA,NA,NA,NA,NA,NA,NA,NA,NA,NA,NA,NA,NA,FALSE,NA,NA,NA,NA,NA,NA,FALSE,FALSE,FALSE,NA,NA,NA,NA,NA,NA,NA,NA,NA
1622,NA,NA,NA,NA,NA,NA,NA,NA,0.86,NA,NA,NA,NA,NA,NA,0.92,0.84,0.84,NA,NA,NA,NA,NA,NA,NA,NA,NA,NA,NA,NA,NA,NA,NA,NA,NA,FALSE,NA,NA,NA,NA,NA,NA,FALSE,FALSE,FALSE,NA,NA,NA,NA,NA,NA,NA,NA,NA
1623,NA,NA,NA,NA,NA,NA,NA,NA,0.83,NA,NA,NA,NA,NA,NA,0.79,0.8,0.82,NA,NA,NA,NA,NA,NA,NA,NA,NA,NA,NA,NA,NA,NA,NA,NA,NA,FALSE,NA,NA,NA,NA,NA,NA,FALSE,FALSE,FALSE,NA,NA,NA,NA,NA,NA,NA,NA,NA
1624,NA,NA,NA,NA,NA,NA,NA,NA,0.77,NA,NA,NA,NA,NA,NA,0.92,0.74,0.75,NA,NA,NA,NA,NA,NA,NA,NA,NA,NA,NA,NA,NA,NA,NA,NA,NA,FALSE,NA,NA,NA,NA,NA,NA,FALSE,FALSE,FALSE,NA,NA,NA,NA,NA,NA,NA,NA,NA
1625,NA,NA,NA,NA,NA,NA,NA,NA,0.85,NA,NA,NA,NA,NA,NA,0.88,0.79,0.77,NA,NA,NA,NA,NA,NA,NA,NA,NA,NA,NA,NA,NA,NA,NA,NA,NA,FALSE,NA,NA,NA,NA,NA,NA,FALSE,FALSE,FALSE,NA,NA,NA,NA,NA,NA,NA,NA,NA
1626,NA,NA,NA,NA,NA,NA,NA,NA,0.83,NA,NA,NA,NA,NA,NA,0.83,0.79,0.77,NA,NA,NA,NA,NA,NA,NA,NA,NA,NA,NA,NA,NA,NA,NA,NA,NA,FALSE,NA,NA,NA,NA,NA,NA,FALSE,FALSE,FALSE,NA,NA,NA,NA,NA,NA,NA,NA,NA
1627,NA,NA,NA,NA,NA,NA,NA,NA,0.85,NA,NA,NA,NA,NA,NA,0.93,0.75,0.8,NA,NA,NA,NA,NA,NA,NA,NA,NA,NA,NA,NA,NA,NA,NA,NA,NA,FALSE,NA,NA,NA,NA,NA,NA,FALSE,FALSE,FALSE,NA,NA,NA,NA,NA,NA,NA,NA,NA
1628,NA,NA,NA,NA,NA,NA,NA,NA,0.83,NA,NA,NA,NA,NA,NA,0.91,0.79,0.78,NA,NA,NA,NA,NA,NA,NA,NA,NA,NA,NA,NA,NA,NA,NA,NA,NA,FALSE,NA,NA,NA,NA,NA,NA,FALSE,FALSE,FALSE,NA,NA,NA,NA,NA,NA,NA,NA,NA
1629,NA,NA,NA,NA,NA,NA,NA,NA,0.89,NA,NA,NA,NA,NA,NA,0.85,0.88,0.84,NA,NA,NA,NA,NA,NA,NA,NA,NA,NA,NA,NA,NA,NA,NA,NA,NA,FALSE,NA,NA,NA,NA,NA,NA,FALSE,FALSE,FALSE,NA,NA,NA,NA,NA,NA,NA,NA,NA
1630,NA,NA,NA,NA,NA,NA,NA,NA,0.86,NA,NA,NA,NA,NA,NA,0.87,0.77,0.76,NA,NA,NA,NA,NA,NA,NA,NA,NA,NA,NA,NA,NA,NA,NA,NA,NA,FALSE,NA,NA,NA,NA,NA,NA,FALSE,FALSE,FALSE,NA,NA,NA,NA,NA,NA,NA,NA,NA
1631,NA,NA,NA,NA,NA,NA,NA,NA,0.8,NA,NA,NA,NA,NA,NA,0.84,0.79,0.79,NA,NA,NA,NA,NA,NA,NA,NA,NA,NA,NA,NA,NA,NA,NA,NA,NA,FALSE,NA,NA,NA,NA,NA,NA,FALSE,FALSE,FALSE,NA,NA,NA,NA,NA,NA,NA,NA,NA
1632,NA,NA,NA,NA,NA,NA,NA,NA,0.79,NA,NA,NA,NA,NA,NA,0.78,0.81,0.76,NA,NA,NA,NA,NA,NA,NA,NA,NA,NA,NA,NA,NA,NA,NA,NA,NA,FALSE,NA,NA,NA,NA,NA,NA,FALSE,FALSE,FALSE,NA,NA,NA,NA,NA,NA,NA,NA,NA
1633,NA,NA,NA,NA,NA,NA,NA,NA,0.77,NA,NA,NA,NA,NA,NA,0.74,0.84,0.8,NA,NA,NA,NA,NA,NA,NA,NA,NA,NA,NA,NA,NA,NA,NA,NA,NA,FALSE,NA,NA,NA,NA,NA,NA,FALSE,FALSE,FALSE,NA,NA,NA,NA,NA,NA,NA,NA,NA
1634,NA,NA,NA,NA,NA,NA,NA,NA,0.85,NA,NA,NA,NA,NA,NA,0.88,0.87,0.82,NA,NA,NA,NA,NA,NA,NA,NA,NA,NA,NA,NA,NA,NA,NA,NA,NA,FALSE,NA,NA,NA,NA,NA,NA,FALSE,FALSE,FALSE,NA,NA,NA,NA,NA,NA,NA,NA,NA
1635,NA,NA,NA,NA,NA,NA,NA,NA,0.94,NA,NA,NA,NA,NA,NA,0.86,0.88,0.81,NA,NA,NA,NA,NA,NA,NA,NA,NA,NA,NA,NA,NA,NA,NA,NA,NA,FALSE,NA,NA,NA,NA,NA,NA,FALSE,FALSE,FALSE,NA,NA,NA,NA,NA,NA,NA,NA,NA
1636,NA,NA,NA,NA,NA,NA,NA,NA,0.87,NA,NA,NA,NA,NA,NA,0.87,0.8,0.77,NA,NA,NA,NA,NA,NA,NA,NA,NA,NA,NA,NA,NA,NA,NA,NA,NA,FALSE,NA,NA,NA,NA,NA,NA,FALSE,FALSE,FALSE,NA,NA,NA,NA,NA,NA,NA,NA,NA
1637,NA,NA,NA,NA,NA,NA,NA,NA,0.9,NA,NA,NA,NA,NA,NA,0.85,0.84,0.74,NA,NA,NA,NA,NA,NA,NA,NA,NA,NA,NA,NA,NA,NA,NA,NA,NA,FALSE,NA,NA,NA,NA,NA,NA,FALSE,FALSE,FALSE,NA,NA,NA,NA,NA,NA,NA,NA,NA
1638,NA,NA,NA,NA,NA,NA,NA,NA,0.84,NA,NA,NA,NA,NA,NA,0.79,0.83,0.8,NA,NA,NA,NA,NA,NA,NA,NA,NA,NA,NA,NA,NA,NA,NA,NA,NA,FALSE,NA,NA,NA,NA,NA,NA,FALSE,FALSE,FALSE,NA,NA,NA,NA,NA,NA,NA,NA,NA
1639,NA,NA,NA,NA,NA,NA,NA,NA,0.87,NA,NA,NA,NA,NA,NA,0,0.84,0.84,NA,NA,NA,NA,NA,NA,NA,NA,NA,NA,NA,NA,NA,NA,NA,NA,NA,FALSE,NA,NA,NA,NA,NA,NA,TRUE,FALSE,FALSE,NA,NA,NA,NA,NA,NA,NA,NA,NA
1640,NA,NA,NA,NA,NA,NA,NA,NA,0.91,NA,NA,NA,NA,NA,NA,0.88,0.78,0.77,NA,NA,NA,NA,NA,NA,NA,NA,NA,NA,NA,NA,NA,NA,NA,NA,NA,FALSE,NA,NA,NA,NA,NA,NA,FALSE,FALSE,FALSE,NA,NA,NA,NA,NA,NA,NA,NA,NA
1641,NA,NA,NA,NA,NA,NA,NA,NA,0.78,NA,NA,NA,NA,NA,NA,0.88,0.68,0.61,NA,NA,NA,NA,NA,NA,NA,NA,NA,NA,NA,NA,NA,NA,NA,NA,NA,FALSE,NA,NA,NA,NA,NA,NA,FALSE,FALSE,FALSE,NA,NA,NA,NA,NA,NA,NA,NA,NA
1642,NA,NA,NA,NA,NA,NA,NA,NA,0.9,NA,NA,NA,NA,NA,NA,0.73,0.77,0.74,NA,NA,NA,NA,NA,NA,NA,NA,NA,NA,NA,NA,NA,NA,NA,NA,NA,FALSE,NA,NA,NA,NA,NA,NA,FALSE,FALSE,FALSE,NA,NA,NA,NA,NA,NA,NA,NA,NA
1643,NA,NA,NA,NA,NA,NA,NA,NA,0.86,NA,NA,NA,NA,NA,NA,0.75,0.8,0.73,NA,NA,NA,NA,NA,NA,NA,NA,NA,NA,NA,NA,NA,NA,NA,NA,NA,FALSE,NA,NA,NA,NA,NA,NA,FALSE,FALSE,FALSE,NA,NA,NA,NA,NA,NA,NA,NA,NA
1644,NA,NA,NA,NA,NA,NA,NA,NA,0.87,NA,NA,NA,NA,NA,NA,0.82,0.75,0.72,NA,NA,NA,NA,NA,NA,NA,NA,NA,NA,NA,NA,NA,NA,NA,NA,NA,FALSE,NA,NA,NA,NA,NA,NA,FALSE,FALSE,FALSE,NA,NA,NA,NA,NA,NA,NA,NA,NA
1645,NA,NA,NA,NA,NA,NA,NA,NA,0.85,NA,NA,NA,NA,NA,NA,0.79,0.8,0.77,NA,NA,NA,NA,NA,NA,NA,NA,NA,NA,NA,NA,NA,NA,NA,NA,NA,FALSE,NA,NA,NA,NA,NA,NA,FALSE,FALSE,FALSE,NA,NA,NA,NA,NA,NA,NA,NA,NA
1646,NA,NA,NA,NA,NA,NA,NA,NA,0.87,NA,NA,NA,NA,NA,0.66,0.77,0.76,0.73,NA,NA,NA,NA,NA,NA,NA,NA,NA,NA,NA,NA,NA,NA,NA,NA,NA,FALSE,NA,NA,NA,NA,NA,FALSE,FALSE,FALSE,FALSE,NA,NA,NA,NA,NA,NA,NA,NA,NA
1647,NA,NA,NA,NA,NA,NA,NA,NA,0.83,NA,NA,NA,NA,NA,0.66,0.77,0.71,0.69,NA,NA,NA,NA,NA,NA,NA,NA,NA,NA,NA,NA,NA,NA,NA,NA,NA,FALSE,NA,NA,NA,NA,NA,FALSE,FALSE,FALSE,FALSE,NA,NA,NA,NA,NA,NA,NA,NA,NA
1648,NA,NA,NA,NA,NA,NA,NA,NA,0.8,NA,NA,NA,NA,NA,0.65,0.74,0.73,0.67,NA,NA,NA,NA,NA,NA,NA,NA,NA,NA,NA,NA,NA,NA,NA,NA,NA,FALSE,NA,NA,NA,NA,NA,FALSE,FALSE,FALSE,FALSE,NA,NA,NA,NA,NA,NA,NA,NA,NA
1649,NA,NA,NA,NA,NA,NA,NA,NA,0.83,NA,NA,NA,NA,NA,0.69,0.77,0.78,0.76,NA,NA,NA,NA,NA,NA,NA,NA,NA,NA,NA,NA,NA,NA,NA,NA,NA,FALSE,NA,NA,NA,NA,NA,FALSE,FALSE,FALSE,FALSE,NA,NA,NA,NA,NA,NA,NA,NA,NA
1650,NA,NA,NA,NA,NA,NA,NA,NA,0.82,NA,NA,NA,NA,NA,0.83,0.9,0.72,0.61,NA,NA,NA,NA,NA,NA,NA,NA,NA,NA,NA,NA,NA,NA,NA,NA,NA,FALSE,NA,NA,NA,NA,NA,FALSE,FALSE,FALSE,FALSE,NA,NA,NA,NA,NA,NA,NA,NA,NA
1651,NA,NA,NA,NA,NA,NA,NA,NA,0.81,NA,NA,NA,NA,NA,0.71,0.87,0.77,0.79,NA,NA,NA,NA,NA,NA,NA,NA,NA,NA,NA,NA,NA,NA,NA,NA,NA,FALSE,NA,NA,NA,NA,NA,FALSE,FALSE,FALSE,FALSE,NA,NA,NA,NA,NA,NA,NA,NA,NA
1652,NA,NA,NA,NA,NA,NA,NA,NA,0.85,NA,NA,NA,NA,NA,0.72,0.89,0.76,0.82,NA,NA,NA,NA,NA,NA,NA,NA,NA,NA,NA,NA,NA,NA,NA,NA,NA,FALSE,NA,NA,NA,NA,NA,FALSE,FALSE,FALSE,FALSE,NA,NA,NA,NA,NA,NA,NA,NA,NA
1653,NA,NA,NA,NA,NA,NA,NA,NA,0.81,NA,NA,NA,NA,NA,0.69,0.96,0.7,0.71,NA,NA,NA,NA,NA,NA,NA,NA,NA,NA,NA,NA,NA,NA,NA,NA,NA,FALSE,NA,NA,NA,NA,NA,FALSE,FALSE,FALSE,FALSE,NA,NA,NA,NA,NA,NA,NA,NA,NA
1654,NA,NA,NA,NA,NA,NA,NA,NA,0.78,NA,NA,NA,NA,NA,0.71,0.87,0.79,0.73,NA,NA,NA,NA,NA,NA,NA,NA,NA,NA,NA,NA,NA,NA,NA,NA,NA,FALSE,NA,NA,NA,NA,NA,FALSE,FALSE,FALSE,FALSE,NA,NA,NA,NA,NA,NA,NA,NA,NA
1655,NA,NA,NA,NA,NA,NA,NA,NA,0.84,0.65,NA,NA,NA,NA,0.72,0.89,0.8,0.78,NA,NA,NA,NA,NA,NA,NA,NA,NA,NA,NA,NA,NA,NA,NA,NA,NA,FALSE,FALSE,NA,NA,NA,NA,FALSE,FALSE,FALSE,FALSE,NA,NA,NA,NA,NA,NA,NA,NA,NA
1656,NA,NA,NA,NA,NA,NA,NA,NA,0.86,0.7,NA,NA,NA,NA,0.67,0.79,0.85,0.77,NA,NA,NA,NA,NA,NA,NA,NA,NA,NA,NA,NA,NA,NA,NA,NA,NA,FALSE,FALSE,NA,NA,NA,NA,FALSE,FALSE,FALSE,FALSE,NA,NA,NA,NA,NA,NA,NA,NA,NA
1657,NA,NA,NA,NA,NA,NA,NA,NA,0.79,0.68,NA,NA,NA,NA,0.73,0.8,0.76,0.67,NA,NA,NA,NA,NA,NA,NA,NA,NA,NA,NA,NA,NA,NA,NA,NA,NA,FALSE,FALSE,NA,NA,NA,NA,FALSE,FALSE,FALSE,FALSE,NA,NA,NA,NA,NA,NA,NA,NA,NA
1658,NA,NA,NA,NA,NA,NA,NA,NA,0.8,0.77,NA,NA,NA,NA,0.7,0.79,0.74,0.71,NA,NA,NA,NA,NA,NA,NA,NA,NA,NA,NA,NA,NA,NA,NA,NA,NA,FALSE,FALSE,NA,NA,NA,NA,FALSE,FALSE,FALSE,FALSE,NA,NA,NA,NA,NA,NA,NA,NA,NA
1659,NA,NA,NA,NA,NA,NA,NA,NA,0.7,0.78,NA,NA,NA,NA,0.74,0.72,0.66,0.73,NA,NA,NA,NA,NA,NA,NA,NA,NA,NA,NA,NA,NA,NA,NA,NA,NA,FALSE,FALSE,NA,NA,NA,NA,FALSE,FALSE,FALSE,FALSE,NA,NA,NA,NA,NA,NA,NA,NA,NA
1660,NA,NA,NA,NA,NA,NA,NA,NA,0.74,0.85,NA,NA,NA,NA,0.78,0.82,0.7,0.74,NA,NA,NA,NA,NA,NA,NA,NA,NA,NA,NA,NA,NA,NA,NA,NA,NA,FALSE,FALSE,NA,NA,NA,NA,FALSE,FALSE,FALSE,FALSE,NA,NA,NA,NA,NA,NA,NA,NA,NA
1661,NA,NA,NA,NA,NA,NA,NA,NA,0.83,0.9,NA,NA,NA,NA,0.77,0.81,0.81,0.77,NA,NA,NA,NA,NA,NA,NA,NA,NA,NA,NA,NA,NA,NA,NA,NA,NA,FALSE,FALSE,NA,NA,NA,NA,FALSE,FALSE,FALSE,FALSE,NA,NA,NA,NA,NA,NA,NA,NA,NA
1662,NA,NA,NA,NA,NA,NA,NA,NA,0.76,0.87,NA,NA,NA,NA,0.84,0.74,0.69,0.73,NA,NA,NA,NA,NA,NA,NA,NA,NA,NA,NA,NA,NA,NA,NA,NA,NA,FALSE,FALSE,NA,NA,NA,NA,FALSE,FALSE,FALSE,FALSE,NA,NA,NA,NA,NA,NA,NA,NA,NA
1663,NA,NA,NA,NA,NA,NA,NA,NA,0.74,0.8,NA,NA,NA,NA,0.83,0.91,0.73,0.75,NA,NA,NA,NA,NA,NA,NA,NA,NA,NA,NA,NA,NA,NA,NA,NA,NA,FALSE,FALSE,NA,NA,NA,NA,FALSE,FALSE,FALSE,FALSE,NA,NA,NA,NA,NA,NA,NA,NA,NA
1664,NA,NA,NA,NA,NA,NA,NA,NA,0.75,0.79,NA,NA,NA,NA,0.83,0.9,0.78,0.76,NA,NA,NA,NA,NA,NA,NA,NA,NA,NA,NA,NA,NA,NA,NA,NA,NA,FALSE,FALSE,NA,NA,NA,NA,FALSE,FALSE,FALSE,FALSE,NA,NA,NA,NA,NA,NA,NA,NA,NA
1665,NA,NA,NA,NA,NA,NA,NA,NA,0.69,0.83,NA,NA,NA,NA,0.83,0.87,0.72,0.8,NA,NA,NA,NA,NA,NA,NA,NA,NA,NA,NA,NA,NA,NA,NA,NA,NA,FALSE,FALSE,NA,NA,NA,NA,FALSE,FALSE,FALSE,FALSE,NA,NA,NA,NA,NA,NA,NA,NA,NA
1666,NA,NA,NA,NA,NA,NA,NA,NA,0.78,0.88,NA,NA,NA,NA,0.83,0.77,0.7,0.76,NA,NA,NA,0.78,NA,NA,NA,NA,NA,NA,NA,NA,NA,NA,NA,NA,NA,FALSE,FALSE,NA,NA,NA,NA,FALSE,FALSE,FALSE,FALSE,NA,NA,NA,FALSE,NA,NA,NA,NA,NA
1667,NA,NA,NA,NA,NA,NA,NA,NA,0.81,0.9,NA,NA,NA,NA,0.81,0.79,0.74,0.8,NA,NA,NA,0.78,NA,NA,NA,NA,NA,NA,NA,NA,NA,NA,NA,NA,NA,FALSE,FALSE,NA,NA,NA,NA,FALSE,FALSE,FALSE,FALSE,NA,NA,NA,FALSE,NA,NA,NA,NA,NA
1668,NA,NA,NA,NA,NA,NA,NA,NA,0.73,0.82,NA,NA,NA,NA,0.83,0.81,0.73,0.71,NA,0.64,NA,0.65,NA,NA,0.62,NA,NA,NA,NA,NA,NA,NA,NA,NA,NA,FALSE,FALSE,NA,NA,NA,NA,FALSE,FALSE,FALSE,FALSE,NA,FALSE,NA,FALSE,NA,NA,FALSE,NA,NA
1669,NA,NA,NA,NA,NA,NA,NA,NA,0.66,0.68,NA,NA,NA,NA,0.88,0.81,0.62,0.65,NA,0.57,NA,0.66,NA,NA,0.65,NA,NA,NA,NA,NA,NA,NA,NA,NA,NA,FALSE,FALSE,NA,NA,NA,NA,FALSE,FALSE,FALSE,FALSE,NA,FALSE,NA,FALSE,NA,NA,FALSE,NA,NA
1670,NA,NA,NA,NA,NA,NA,NA,NA,0.87,0.87,NA,NA,NA,NA,0.92,0.83,0.78,0.74,NA,0.66,NA,0.76,NA,NA,0.7,NA,NA,NA,NA,NA,NA,NA,NA,NA,NA,FALSE,FALSE,NA,NA,NA,NA,FALSE,FALSE,FALSE,FALSE,NA,FALSE,NA,FALSE,NA,NA,FALSE,NA,NA
1671,NA,NA,NA,NA,NA,NA,NA,NA,0.84,0.9,NA,NA,NA,NA,0.91,0.85,0.8,0.77,NA,0.72,NA,0.79,NA,NA,0.79,NA,NA,NA,NA,NA,NA,NA,NA,NA,NA,FALSE,FALSE,NA,NA,NA,NA,FALSE,FALSE,FALSE,FALSE,NA,FALSE,NA,FALSE,NA,NA,FALSE,NA,NA
1672,NA,NA,NA,NA,NA,NA,NA,NA,0.69,0.77,NA,NA,NA,NA,0.8,0.7,0.74,0.66,NA,0.62,NA,0.71,NA,0.76,0.62,NA,NA,NA,NA,NA,NA,NA,NA,NA,NA,FALSE,FALSE,NA,NA,NA,NA,FALSE,FALSE,FALSE,FALSE,NA,FALSE,NA,FALSE,NA,FALSE,FALSE,NA,NA
1673,NA,NA,NA,NA,NA,NA,NA,NA,0.75,0.88,NA,NA,NA,NA,0.88,0.82,0.71,0.74,NA,0.7,NA,0.77,NA,0.8,0.73,NA,NA,NA,NA,NA,NA,NA,NA,NA,NA,FALSE,FALSE,NA,NA,NA,NA,FALSE,FALSE,FALSE,FALSE,NA,FALSE,NA,FALSE,NA,FALSE,FALSE,NA,NA
1674,NA,NA,NA,NA,NA,NA,NA,NA,0.77,0.85,NA,NA,NA,NA,0.75,0.78,0.8,0.76,NA,0.69,NA,0.81,NA,0.79,0.74,NA,NA,NA,NA,NA,NA,NA,NA,NA,NA,FALSE,FALSE,NA,NA,NA,NA,FALSE,FALSE,FALSE,FALSE,NA,FALSE,NA,FALSE,NA,FALSE,FALSE,NA,NA
1675,NA,NA,NA,NA,NA,NA,NA,NA,0.8,0.89,NA,NA,NA,NA,0.75,0.74,0.8,0.79,NA,0.79,NA,0.77,NA,0.77,0.74,NA,NA,NA,NA,NA,NA,NA,NA,NA,NA,FALSE,FALSE,NA,NA,NA,NA,FALSE,FALSE,FALSE,FALSE,NA,FALSE,NA,FALSE,NA,FALSE,FALSE,NA,NA
1676,NA,NA,NA,NA,NA,NA,NA,NA,0.76,0.88,NA,NA,NA,NA,0.79,0.78,0.8,0.76,NA,0.78,NA,0.81,NA,0.77,0.73,NA,NA,NA,NA,NA,NA,NA,NA,NA,NA,FALSE,FALSE,NA,NA,NA,NA,FALSE,FALSE,FALSE,FALSE,NA,FALSE,NA,FALSE,NA,FALSE,FALSE,NA,NA
1677,NA,NA,NA,NA,NA,NA,NA,NA,0.8,0.78,NA,NA,NA,NA,0.86,0.79,0.82,0.81,NA,0.78,NA,0.84,NA,0.79,0.76,NA,NA,NA,NA,NA,NA,NA,NA,NA,NA,FALSE,FALSE,NA,NA,NA,NA,FALSE,FALSE,FALSE,FALSE,NA,FALSE,NA,FALSE,NA,FALSE,FALSE,NA,NA
1678,NA,NA,NA,NA,NA,NA,NA,NA,0.8,0.88,NA,NA,NA,NA,0.79,0.79,0.77,0.8,NA,0.77,NA,0.84,NA,0.8,0.75,NA,NA,NA,NA,NA,NA,NA,NA,NA,NA,FALSE,FALSE,NA,NA,NA,NA,FALSE,FALSE,FALSE,FALSE,NA,FALSE,NA,FALSE,NA,FALSE,FALSE,NA,NA
1679,NA,NA,NA,NA,NA,0.89,NA,NA,0.73,0.9,NA,NA,NA,NA,0.81,0.77,0.78,0.8,NA,0.74,NA,0.83,NA,0.79,0.75,NA,NA,NA,NA,NA,NA,NA,FALSE,NA,NA,FALSE,FALSE,NA,NA,NA,NA,FALSE,FALSE,FALSE,FALSE,NA,FALSE,NA,FALSE,NA,FALSE,FALSE,NA,NA
1680,NA,NA,NA,NA,NA,0.92,NA,NA,0.75,0.85,NA,NA,NA,NA,0.74,0.76,0.74,0.79,NA,0.71,NA,0.8,NA,0.81,0.71,NA,NA,NA,NA,NA,NA,NA,FALSE,NA,NA,FALSE,FALSE,NA,NA,NA,NA,FALSE,FALSE,FALSE,FALSE,NA,FALSE,NA,FALSE,NA,FALSE,FALSE,NA,NA
1681,NA,NA,NA,NA,NA,0.93,NA,NA,0.84,0.89,NA,NA,NA,NA,0.62,0.81,0.78,0.83,NA,0.76,NA,0.85,NA,0.81,0.77,NA,NA,NA,NA,NA,NA,NA,FALSE,NA,NA,FALSE,FALSE,NA,NA,NA,NA,FALSE,FALSE,FALSE,FALSE,NA,FALSE,NA,FALSE,NA,FALSE,FALSE,NA,NA
1682,NA,NA,NA,NA,NA,0.9,NA,NA,0.78,0.87,NA,NA,NA,NA,0.69,0.77,0.79,0.76,NA,0.67,NA,0.83,NA,0.76,0.76,NA,NA,NA,NA,NA,NA,NA,FALSE,NA,NA,FALSE,FALSE,NA,NA,NA,NA,FALSE,FALSE,FALSE,FALSE,NA,FALSE,NA,FALSE,NA,FALSE,FALSE,NA,NA
1683,NA,NA,NA,NA,NA,0.89,NA,NA,0.72,0.87,0.65,NA,NA,NA,0.69,0.75,0.77,0.77,0.91,0.66,NA,0.83,NA,0.76,0.72,NA,NA,NA,NA,NA,NA,NA,FALSE,NA,NA,FALSE,FALSE,FALSE,NA,NA,NA,FALSE,FALSE,FALSE,FALSE,FALSE,FALSE,NA,FALSE,NA,FALSE,FALSE,NA,NA
1684,NA,NA,NA,NA,NA,0.91,NA,NA,0.75,0.92,0.74,NA,NA,NA,0.85,0.75,0.83,0.79,0.89,0.71,NA,0.84,NA,0.81,0.76,NA,NA,NA,NA,NA,NA,NA,FALSE,NA,NA,FALSE,FALSE,FALSE,NA,NA,NA,FALSE,FALSE,FALSE,FALSE,FALSE,FALSE,NA,FALSE,NA,FALSE,FALSE,NA,NA
1685,NA,NA,NA,NA,NA,0.85,NA,NA,0.72,0.9,0.79,NA,NA,NA,0.83,0.74,0.72,0.69,0.91,0.66,NA,0.78,NA,0.84,0.71,NA,NA,NA,NA,NA,NA,NA,FALSE,NA,NA,FALSE,FALSE,FALSE,NA,NA,NA,FALSE,FALSE,FALSE,FALSE,FALSE,FALSE,NA,FALSE,NA,FALSE,FALSE,NA,NA
1686,NA,NA,NA,NA,NA,0.84,NA,NA,0.81,0.93,0.89,NA,NA,NA,0.81,0.8,0.82,0.72,0.9,0.72,NA,0.83,NA,0.79,0.79,NA,NA,NA,NA,NA,NA,NA,FALSE,NA,NA,FALSE,FALSE,FALSE,NA,NA,NA,FALSE,FALSE,FALSE,FALSE,FALSE,FALSE,NA,FALSE,NA,FALSE,FALSE,NA,NA
1687,NA,NA,NA,NA,0.93,0.82,NA,NA,0.81,0.92,0.89,NA,NA,NA,0.8,0.78,0.77,0.66,0.78,0.74,NA,0.84,NA,0.81,0.79,NA,NA,NA,NA,NA,NA,FALSE,FALSE,NA,NA,FALSE,FALSE,FALSE,NA,NA,NA,FALSE,FALSE,FALSE,FALSE,FALSE,FALSE,NA,FALSE,NA,FALSE,FALSE,NA,NA
1688,NA,NA,NA,NA,0.93,0.84,NA,NA,0.79,0.94,0.89,NA,NA,NA,0.78,0.74,0.74,0.66,0.82,0.7,NA,0.81,NA,0.83,0.79,NA,NA,NA,NA,NA,NA,FALSE,FALSE,NA,NA,FALSE,FALSE,FALSE,NA,NA,NA,FALSE,FALSE,FALSE,FALSE,FALSE,FALSE,NA,FALSE,NA,FALSE,FALSE,NA,NA
1689,NA,NA,NA,NA,0.97,0.85,NA,NA,0.75,0.9,0.86,NA,NA,NA,0.78,0.77,0.77,0.59,0.85,0.72,NA,0.76,NA,0.83,0.73,NA,NA,NA,NA,NA,NA,FALSE,FALSE,NA,NA,FALSE,FALSE,FALSE,NA,NA,NA,FALSE,FALSE,FALSE,FALSE,FALSE,FALSE,NA,FALSE,NA,FALSE,FALSE,NA,NA
1690,NA,NA,NA,0.76,0.9,0.79,NA,NA,0.78,0.87,0.83,NA,NA,NA,0.78,0.75,0.76,0.59,0.83,0.76,NA,0.75,NA,0.75,0.75,NA,NA,NA,NA,NA,FALSE,FALSE,FALSE,NA,NA,FALSE,FALSE,FALSE,NA,NA,NA,FALSE,FALSE,FALSE,FALSE,FALSE,FALSE,NA,FALSE,NA,FALSE,FALSE,NA,NA
1691,NA,NA,NA,0.64,0.87,0.77,NA,NA,0.81,0.85,0.79,NA,NA,NA,0.88,0.75,0.73,0.57,0.84,0.69,NA,0.73,NA,0.76,0.72,NA,NA,NA,NA,NA,FALSE,FALSE,FALSE,NA,NA,FALSE,FALSE,FALSE,NA,NA,NA,FALSE,FALSE,FALSE,FALSE,FALSE,FALSE,NA,FALSE,NA,FALSE,FALSE,NA,NA
1692,NA,NA,NA,0.66,0.92,0.89,NA,NA,0.82,0.89,0.81,NA,NA,NA,0.81,0.78,0.78,0.8,0.78,0.69,NA,0.82,NA,0.76,0.74,NA,NA,NA,NA,NA,FALSE,FALSE,FALSE,NA,NA,FALSE,FALSE,FALSE,NA,NA,NA,FALSE,FALSE,FALSE,FALSE,FALSE,FALSE,NA,FALSE,NA,FALSE,FALSE,NA,NA
1693,NA,NA,NA,0.7,0.9,0.87,NA,NA,0.78,0.86,0.78,NA,NA,NA,0.78,0.78,0.73,0.83,0.78,0.74,NA,0.84,NA,0.78,0.74,NA,NA,NA,NA,NA,FALSE,FALSE,FALSE,NA,NA,FALSE,FALSE,FALSE,NA,NA,NA,FALSE,FALSE,FALSE,FALSE,FALSE,FALSE,NA,FALSE,NA,FALSE,FALSE,NA,NA
1694,NA,NA,NA,0.79,0.94,0.84,NA,NA,0.79,0.89,0.81,NA,NA,NA,0.76,0.79,0.74,0.81,0.79,0.77,NA,0.83,NA,0.8,0.74,NA,NA,NA,NA,NA,FALSE,FALSE,FALSE,NA,NA,FALSE,FALSE,FALSE,NA,NA,NA,FALSE,FALSE,FALSE,FALSE,FALSE,FALSE,NA,FALSE,NA,FALSE,FALSE,NA,NA
1695,NA,NA,0.89,0.78,0.91,0.83,NA,NA,0.91,0.91,0.87,NA,NA,NA,0.8,0.84,0.79,0.84,0.8,0.81,NA,0.84,NA,0.79,0.74,NA,NA,NA,NA,FALSE,FALSE,FALSE,FALSE,NA,NA,FALSE,FALSE,FALSE,NA,NA,NA,FALSE,FALSE,FALSE,FALSE,FALSE,FALSE,NA,FALSE,NA,FALSE,FALSE,NA,NA
1696,NA,NA,0.83,0.68,0.91,0.83,NA,NA,0.8,0.84,0.72,NA,NA,NA,0.88,0.76,0.73,0.68,0.88,0.67,NA,0.71,NA,0.81,0.62,NA,NA,NA,NA,FALSE,FALSE,FALSE,FALSE,NA,NA,FALSE,FALSE,FALSE,NA,NA,NA,FALSE,FALSE,FALSE,FALSE,FALSE,FALSE,NA,FALSE,NA,FALSE,FALSE,NA,NA
1697,NA,NA,0.77,0.6,0.93,0.94,NA,NA,0.74,0.79,0.71,NA,NA,NA,0.88,0.7,0.65,0.69,0.88,0.63,NA,0.78,NA,0.72,0.68,NA,NA,NA,NA,FALSE,FALSE,FALSE,FALSE,NA,NA,FALSE,FALSE,FALSE,NA,NA,NA,FALSE,FALSE,FALSE,FALSE,FALSE,FALSE,NA,FALSE,NA,FALSE,FALSE,NA,NA
1698,NA,NA,0.78,0.65,0.92,0.88,NA,NA,0.81,0.8,0.78,NA,NA,NA,0.84,0.76,0.72,0.7,0.75,0.7,NA,0.76,NA,0.71,0.71,NA,NA,NA,NA,FALSE,FALSE,FALSE,FALSE,NA,NA,FALSE,FALSE,FALSE,NA,NA,NA,FALSE,FALSE,FALSE,FALSE,FALSE,FALSE,NA,FALSE,NA,FALSE,FALSE,NA,NA
1699,NA,NA,0.77,0.61,0.82,0.82,NA,NA,0.78,0.85,0.77,NA,NA,NA,0.8,0.76,0.74,0.74,0.72,0.64,NA,0.76,NA,0.78,0.72,NA,NA,NA,NA,FALSE,FALSE,FALSE,FALSE,NA,NA,FALSE,FALSE,FALSE,NA,NA,NA,FALSE,FALSE,FALSE,FALSE,FALSE,FALSE,NA,FALSE,NA,FALSE,FALSE,NA,NA
1700,NA,NA,0.76,0.55,0.86,0.82,NA,0.82,0.7,0.89,0.81,NA,NA,NA,0.8,0.78,0.69,0.75,0.75,0.61,NA,0.8,NA,0.76,0.74,NA,NA,NA,NA,FALSE,TRUE,FALSE,FALSE,NA,FALSE,FALSE,FALSE,FALSE,NA,NA,NA,FALSE,FALSE,FALSE,FALSE,FALSE,FALSE,NA,FALSE,NA,FALSE,FALSE,NA,NA
1701,NA,NA,0.75,0.57,0.86,0.8,NA,0.9,0.73,0.93,0.79,NA,NA,NA,0.77,0.68,0.76,0.73,0.73,0.68,NA,0.76,NA,0.78,0.71,NA,NA,NA,NA,FALSE,FALSE,FALSE,FALSE,NA,FALSE,FALSE,FALSE,FALSE,NA,NA,NA,FALSE,FALSE,FALSE,FALSE,FALSE,FALSE,NA,FALSE,NA,FALSE,FALSE,NA,NA
1702,NA,NA,0.69,0.57,0.85,0.73,NA,0.91,0.73,0.81,0.77,NA,NA,NA,0.73,0.71,0.74,0.65,0.72,0.59,NA,0.77,NA,0.76,0.62,NA,NA,NA,NA,FALSE,FALSE,FALSE,FALSE,NA,FALSE,FALSE,FALSE,FALSE,NA,NA,NA,FALSE,FALSE,FALSE,FALSE,FALSE,FALSE,NA,FALSE,NA,FALSE,FALSE,NA,NA
1703,NA,NA,0.76,0.63,0.85,0.75,NA,0.9,0.82,0.86,0.78,NA,0.85,NA,0.74,0.76,0.72,0.69,0.78,0.64,NA,0.75,NA,0.8,0.62,NA,NA,NA,NA,FALSE,FALSE,FALSE,FALSE,NA,FALSE,FALSE,FALSE,FALSE,NA,FALSE,NA,FALSE,FALSE,FALSE,FALSE,FALSE,FALSE,NA,FALSE,NA,FALSE,FALSE,NA,NA
1704,NA,NA,0.81,0.63,0.85,0.71,NA,0.91,0.79,0.88,0.74,NA,0.82,NA,0.74,0.73,0.69,0.67,0.71,0.61,NA,0.8,NA,0.78,0.67,NA,0.61,NA,NA,FALSE,FALSE,FALSE,FALSE,NA,FALSE,FALSE,FALSE,FALSE,NA,FALSE,NA,FALSE,FALSE,FALSE,FALSE,FALSE,FALSE,NA,FALSE,NA,FALSE,FALSE,NA,FALSE
1705,NA,NA,0.84,0.71,0.85,0.85,NA,0.92,0.87,0.88,0.81,NA,0.86,NA,0.8,0.81,0.76,0.76,0.81,0.63,NA,0.83,NA,0.77,0.74,NA,0.71,NA,NA,FALSE,FALSE,FALSE,FALSE,NA,FALSE,FALSE,FALSE,FALSE,NA,FALSE,NA,FALSE,FALSE,FALSE,FALSE,FALSE,FALSE,NA,FALSE,NA,FALSE,FALSE,NA,FALSE
1706,NA,NA,0.87,0.73,0.81,0.88,NA,0.97,0.84,0.91,0.81,NA,0.84,NA,0.79,0.84,0.73,0.72,0.79,0.67,NA,0.83,NA,0.77,0.7,NA,0.78,NA,NA,FALSE,FALSE,FALSE,FALSE,NA,FALSE,FALSE,FALSE,FALSE,NA,FALSE,NA,FALSE,FALSE,FALSE,FALSE,FALSE,FALSE,NA,FALSE,NA,FALSE,FALSE,NA,FALSE
1707,NA,NA,0.86,0.63,0.94,0.86,NA,0.97,0.74,0.84,0.71,NA,0.73,NA,0.7,0.75,0.66,0.64,0.63,0.59,NA,0.7,NA,0.76,0.61,NA,0.62,NA,NA,FALSE,FALSE,FALSE,FALSE,NA,FALSE,FALSE,FALSE,FALSE,NA,FALSE,NA,FALSE,FALSE,FALSE,FALSE,FALSE,FALSE,NA,FALSE,NA,FALSE,FALSE,NA,FALSE
1708,NA,NA,0.86,0.68,0.96,0.89,NA,0.99,0.87,0.9,0.87,NA,0.83,NA,0.86,0.79,0.77,0.72,0.81,0.77,NA,0.82,NA,0.77,0.65,NA,0.81,NA,NA,FALSE,FALSE,FALSE,FALSE,NA,FALSE,FALSE,FALSE,FALSE,NA,FALSE,NA,FALSE,FALSE,FALSE,FALSE,FALSE,FALSE,NA,FALSE,NA,FALSE,FALSE,NA,FALSE
1709,NA,NA,0.89,0.66,0.92,0.85,NA,0.95,0.81,0.82,0.74,NA,0.79,NA,0.73,0.78,0.73,0.65,0.67,0.65,NA,0.75,NA,0.7,0.61,NA,0.68,NA,NA,FALSE,FALSE,FALSE,FALSE,NA,FALSE,FALSE,FALSE,FALSE,NA,FALSE,NA,FALSE,FALSE,FALSE,FALSE,FALSE,FALSE,NA,FALSE,NA,FALSE,FALSE,NA,FALSE
1710,0.77,NA,0.87,0.66,0.84,0.87,NA,0.96,0.87,0.9,0.76,NA,0.89,NA,0.87,0.84,0.77,0.73,0.76,0.73,NA,0.77,NA,0.73,0.67,NA,0.78,FALSE,NA,FALSE,FALSE,FALSE,FALSE,NA,FALSE,FALSE,FALSE,FALSE,NA,FALSE,NA,FALSE,FALSE,FALSE,FALSE,FALSE,FALSE,NA,FALSE,NA,FALSE,FALSE,NA,FALSE
1711,0.87,NA,0.87,0.73,0.81,0.84,NA,0.98,0.82,0.92,0.88,0.62,0.86,NA,0.84,0.84,0.78,0.76,0.8,0.72,NA,0.8,NA,0.76,0.69,NA,0.77,FALSE,NA,FALSE,FALSE,FALSE,FALSE,NA,FALSE,FALSE,FALSE,FALSE,FALSE,FALSE,NA,FALSE,FALSE,FALSE,FALSE,FALSE,FALSE,NA,FALSE,NA,FALSE,FALSE,NA,FALSE
1712,0.9,NA,0.89,0.85,0.89,0.83,NA,0.9,0.84,0.93,0.83,0.68,0.86,NA,0.81,0.83,0.75,0.82,0.82,0.67,NA,0.83,NA,0.76,0.69,NA,0.83,FALSE,NA,FALSE,FALSE,FALSE,FALSE,NA,FALSE,FALSE,FALSE,FALSE,FALSE,FALSE,NA,FALSE,FALSE,FALSE,FALSE,FALSE,FALSE,NA,FALSE,NA,FALSE,FALSE,NA,FALSE
1713,0.87,NA,0.88,0.81,0.9,0.82,NA,0.9,0.79,0.9,0.83,0.64,0.85,NA,0.8,0.78,0.76,0.82,0.81,0.71,NA,0.81,NA,0.75,0.68,NA,0.75,FALSE,NA,FALSE,FALSE,FALSE,FALSE,NA,FALSE,FALSE,FALSE,FALSE,FALSE,FALSE,NA,FALSE,FALSE,FALSE,FALSE,FALSE,FALSE,NA,FALSE,NA,FALSE,FALSE,NA,FALSE
1714,0.84,NA,0.9,0.77,0.91,0.81,NA,0.89,0.78,0.87,0.8,0.65,0.83,NA,0.84,0.77,0.68,0.79,0.84,0.7,NA,0.79,NA,0.69,0.66,NA,0.81,FALSE,NA,FALSE,FALSE,FALSE,FALSE,NA,FALSE,FALSE,FALSE,FALSE,FALSE,FALSE,NA,FALSE,FALSE,FALSE,FALSE,FALSE,FALSE,NA,FALSE,NA,FALSE,FALSE,NA,FALSE
1715,0.81,NA,0.78,0.64,0.82,0.78,NA,0.89,0.77,0.82,0.75,0.66,0.78,NA,0.63,0.74,0.69,0.71,0.76,0.63,NA,0.75,NA,0.7,0.68,NA,0.73,FALSE,NA,FALSE,FALSE,FALSE,FALSE,NA,FALSE,FALSE,FALSE,FALSE,FALSE,FALSE,NA,FALSE,FALSE,FALSE,FALSE,FALSE,FALSE,NA,FALSE,NA,FALSE,FALSE,NA,FALSE
1716,0.79,NA,0.82,0.68,0.83,0.78,NA,0.97,0.78,0.82,0.76,0.6,0.8,NA,0.72,0.75,0.64,0.69,0.8,0.65,NA,0.77,NA,0.63,0.71,NA,0.77,FALSE,NA,FALSE,FALSE,FALSE,FALSE,NA,FALSE,FALSE,FALSE,FALSE,FALSE,FALSE,NA,FALSE,FALSE,FALSE,FALSE,FALSE,FALSE,NA,FALSE,NA,FALSE,FALSE,NA,FALSE
1717,0.88,NA,0.89,0.68,0.8,0.81,NA,0.99,0.85,0.93,0.83,0.66,0.88,NA,0.78,0.79,0.77,0.81,0.92,0.77,NA,0.83,NA,0.72,0.82,NA,0.71,FALSE,NA,FALSE,FALSE,FALSE,FALSE,NA,FALSE,FALSE,FALSE,FALSE,FALSE,FALSE,NA,FALSE,FALSE,FALSE,FALSE,FALSE,FALSE,NA,FALSE,NA,FALSE,FALSE,NA,FALSE
1718,0.88,NA,0.88,0.8,0.77,0.8,NA,0.92,0.8,0.87,0.79,0.67,0.86,NA,0.83,0.77,0.74,0.76,0.89,0.76,NA,0.82,NA,0.69,0.77,NA,0.67,FALSE,NA,FALSE,FALSE,FALSE,FALSE,NA,FALSE,FALSE,FALSE,FALSE,FALSE,FALSE,NA,FALSE,FALSE,FALSE,FALSE,FALSE,FALSE,NA,FALSE,NA,FALSE,FALSE,NA,FALSE
1719,0.88,NA,0.85,0.83,0.88,0.76,NA,0.88,0.81,0.9,0.8,0.62,0.85,NA,0.85,0.77,0.78,0.8,0.82,0.8,NA,0.83,NA,0.73,0.74,NA,0.65,FALSE,NA,FALSE,FALSE,FALSE,FALSE,NA,FALSE,FALSE,FALSE,FALSE,FALSE,FALSE,NA,FALSE,FALSE,FALSE,FALSE,FALSE,FALSE,NA,FALSE,NA,FALSE,FALSE,NA,FALSE
1720,0.92,NA,0.87,0.84,0.89,0.78,0.87,0.9,0.81,0.87,0.84,0.7,0.88,NA,0.83,0.77,0.76,0.8,0.84,0.78,0.79,0.84,NA,0.69,0.8,NA,0.7,FALSE,NA,FALSE,FALSE,FALSE,FALSE,FALSE,FALSE,FALSE,FALSE,FALSE,FALSE,FALSE,NA,FALSE,FALSE,FALSE,FALSE,FALSE,FALSE,FALSE,FALSE,NA,FALSE,FALSE,NA,FALSE
1721,0.89,NA,0.87,0.86,0.93,0.76,0.9,0.94,0.84,0.91,0.8,0.65,0.88,NA,0.88,0.78,0.81,0.79,0.85,0.79,0.82,0.87,NA,0.75,0.77,NA,0.68,FALSE,NA,FALSE,FALSE,FALSE,FALSE,FALSE,FALSE,FALSE,FALSE,FALSE,FALSE,FALSE,NA,FALSE,FALSE,FALSE,FALSE,FALSE,FALSE,FALSE,FALSE,NA,FALSE,FALSE,NA,FALSE
1722,0.88,NA,0.83,0.83,0.88,0.79,0.9,0.96,0.75,0.9,0.79,0.65,0.86,NA,0.84,0.77,0.74,0.78,0.85,0.84,0.71,0.78,NA,0.6,0.77,NA,0.71,FALSE,NA,FALSE,FALSE,FALSE,FALSE,FALSE,FALSE,FALSE,FALSE,FALSE,FALSE,FALSE,NA,FALSE,FALSE,FALSE,FALSE,FALSE,FALSE,FALSE,FALSE,NA,FALSE,FALSE,NA,FALSE
1723,0.87,NA,0.85,0.86,0.84,0.74,0.88,0.91,0.74,0.87,0.81,0.72,0.88,NA,0.86,0.79,0.74,0.78,0.86,0.75,0.73,0.82,NA,0.74,0.74,NA,0.79,FALSE,NA,FALSE,FALSE,FALSE,FALSE,FALSE,FALSE,FALSE,FALSE,FALSE,FALSE,FALSE,NA,FALSE,FALSE,FALSE,FALSE,FALSE,FALSE,FALSE,FALSE,NA,FALSE,FALSE,NA,FALSE
1724,0.84,NA,0.82,0.78,0.79,0.75,0.88,0.96,0.74,0.85,0.77,0.71,0.81,NA,0.82,0.76,0.74,0.81,0.87,0.74,0.7,0.81,NA,0.76,0.74,NA,0.8,FALSE,NA,FALSE,FALSE,FALSE,FALSE,FALSE,FALSE,FALSE,FALSE,FALSE,FALSE,FALSE,NA,FALSE,FALSE,FALSE,FALSE,FALSE,FALSE,FALSE,FALSE,NA,FALSE,FALSE,NA,FALSE
1725,0.8,NA,0.84,0.81,0.81,0.76,0.89,0.92,0.73,0.84,0.77,0.63,0.79,NA,0.78,0.81,0.65,0.76,0.79,0.67,0.69,0.78,NA,0.71,0.74,NA,0.75,FALSE,NA,FALSE,FALSE,FALSE,FALSE,FALSE,FALSE,FALSE,FALSE,FALSE,FALSE,FALSE,NA,FALSE,FALSE,FALSE,FALSE,FALSE,FALSE,FALSE,FALSE,NA,FALSE,FALSE,NA,FALSE
1726,0.81,NA,0.8,0.8,0.77,0.73,0.82,0.95,0.71,0.76,0.76,0.71,0.82,NA,0.78,0.77,0.68,0.74,0.78,0.64,0.69,0.77,NA,0.69,0.74,NA,0.76,FALSE,NA,FALSE,FALSE,FALSE,FALSE,FALSE,FALSE,FALSE,FALSE,FALSE,FALSE,FALSE,NA,FALSE,FALSE,FALSE,FALSE,FALSE,FALSE,FALSE,FALSE,NA,FALSE,FALSE,NA,FALSE
1727,0.85,NA,0.8,0.82,0.84,0.77,0.81,0.91,0.77,0.89,0.78,0.72,0.83,NA,0.78,0.82,0.76,0.74,0.83,0.67,0.73,0.85,NA,0.77,0.78,NA,0.8,FALSE,NA,FALSE,FALSE,FALSE,FALSE,FALSE,FALSE,FALSE,FALSE,FALSE,FALSE,FALSE,NA,FALSE,FALSE,FALSE,FALSE,FALSE,FALSE,FALSE,FALSE,NA,FALSE,FALSE,NA,FALSE
1728,0.86,NA,0.78,0.79,0.77,0.75,0.77,0.84,0.78,0.9,0.82,0.81,0.82,NA,0.83,0.81,0.73,0.76,0.87,0.71,0.77,0.81,NA,0.74,0.8,NA,0.76,FALSE,NA,FALSE,FALSE,FALSE,FALSE,FALSE,FALSE,FALSE,FALSE,FALSE,FALSE,FALSE,NA,FALSE,FALSE,FALSE,FALSE,FALSE,FALSE,FALSE,FALSE,NA,FALSE,FALSE,NA,FALSE
1729,0.9,NA,0.84,0.82,0.79,0.73,0.82,0.87,0.85,0.9,0.85,0.81,0.85,NA,0.85,0.81,0.82,0.78,0.88,0.77,0.77,0.82,NA,0.74,0.82,NA,0.79,FALSE,NA,FALSE,FALSE,FALSE,FALSE,FALSE,FALSE,FALSE,FALSE,FALSE,FALSE,FALSE,NA,FALSE,FALSE,FALSE,FALSE,FALSE,FALSE,FALSE,FALSE,NA,FALSE,FALSE,NA,FALSE
1730,0.85,NA,0.79,0.73,0.77,0.76,0.84,0.81,0.78,0.78,0.8,0.7,0.8,NA,0.65,0.74,0.69,0.7,0.73,0.62,0.68,0.75,NA,0.67,0.72,NA,0.77,FALSE,NA,FALSE,FALSE,FALSE,FALSE,FALSE,FALSE,FALSE,FALSE,FALSE,FALSE,FALSE,NA,FALSE,FALSE,FALSE,FALSE,FALSE,FALSE,FALSE,FALSE,NA,FALSE,FALSE,NA,FALSE
1731,0.83,NA,0.8,0.72,0.87,0.72,0.81,0.82,0.78,0.76,0.76,0.74,0.8,NA,0.67,0.74,0.76,0.68,0.74,0.66,0.69,0.78,NA,0.72,0.72,NA,0.74,FALSE,NA,FALSE,FALSE,FALSE,FALSE,FALSE,FALSE,FALSE,FALSE,FALSE,FALSE,FALSE,NA,FALSE,FALSE,FALSE,FALSE,FALSE,FALSE,FALSE,FALSE,NA,FALSE,FALSE,NA,FALSE
1732,0.77,NA,0.76,0.78,0.86,0.71,0.84,0.79,0.72,0.72,0.7,0.68,0.76,NA,0.73,0.75,0.79,0.62,0.65,0.63,0.67,0.67,NA,0.62,0.59,NA,0.64,FALSE,NA,FALSE,FALSE,FALSE,FALSE,FALSE,FALSE,FALSE,FALSE,FALSE,FALSE,FALSE,NA,FALSE,FALSE,FALSE,FALSE,FALSE,FALSE,FALSE,FALSE,NA,FALSE,FALSE,NA,FALSE
1733,0.88,NA,0.78,0.81,0.89,0.7,0.87,0.86,0.85,0.79,0.76,0.8,0.85,NA,0.71,0.79,0.78,0.77,0.86,0.68,0.78,0.8,NA,0.74,0.75,NA,0.71,FALSE,NA,FALSE,FALSE,FALSE,FALSE,FALSE,FALSE,FALSE,FALSE,FALSE,FALSE,FALSE,NA,FALSE,FALSE,FALSE,FALSE,FALSE,FALSE,FALSE,FALSE,NA,FALSE,FALSE,NA,FALSE
1734,0.92,NA,0.82,0.82,0.9,0.72,0.88,0.82,0.84,0.83,0.77,0.76,0.87,NA,0.73,0.78,0.78,0.76,0.89,0.71,0.79,0.82,NA,0.76,0.77,NA,0.77,FALSE,NA,FALSE,FALSE,FALSE,FALSE,FALSE,FALSE,FALSE,FALSE,FALSE,FALSE,FALSE,NA,FALSE,FALSE,FALSE,FALSE,FALSE,FALSE,FALSE,FALSE,NA,FALSE,FALSE,NA,FALSE
1735,0.88,NA,0.8,0.82,0.89,0.76,0.85,0.81,0.77,0.83,0.78,0.8,0.85,NA,0.75,0.76,0.76,0.77,0.89,0.67,0.75,0.8,NA,0.76,0.83,NA,0.76,FALSE,NA,FALSE,FALSE,FALSE,FALSE,FALSE,FALSE,FALSE,FALSE,FALSE,FALSE,FALSE,NA,FALSE,FALSE,FALSE,FALSE,FALSE,FALSE,FALSE,FALSE,NA,FALSE,FALSE,NA,FALSE
1736,0.84,NA,0.81,0.86,0.88,0.76,0.84,0.8,0.77,0.86,0.79,0.85,0.83,NA,0.77,0.82,0.78,0.78,0.82,0.75,0.71,0.76,NA,0.73,0.78,NA,0.72,FALSE,NA,FALSE,FALSE,FALSE,FALSE,FALSE,FALSE,FALSE,FALSE,FALSE,FALSE,FALSE,NA,FALSE,FALSE,FALSE,FALSE,FALSE,FALSE,FALSE,FALSE,NA,FALSE,FALSE,NA,FALSE
1737,0.88,NA,0.76,0.86,0.89,0.74,0.85,0.8,0.7,0.84,0.78,0.8,0.75,NA,0.74,0.81,0.73,0.75,0.83,0.72,0.68,0.79,NA,0.71,0.79,NA,0.64,FALSE,NA,FALSE,FALSE,FALSE,FALSE,FALSE,FALSE,FALSE,FALSE,FALSE,FALSE,FALSE,NA,FALSE,FALSE,FALSE,FALSE,FALSE,FALSE,FALSE,FALSE,NA,FALSE,FALSE,NA,FALSE
1738,0.84,0.76,0.75,0.79,0.88,0.76,0.84,0.81,0.73,0.76,0.75,0.77,0.81,NA,0.66,0.72,0.68,0.68,0.78,0.68,0.68,0.81,NA,0.71,0.78,NA,0.62,FALSE,FALSE,FALSE,FALSE,FALSE,FALSE,FALSE,FALSE,FALSE,FALSE,FALSE,FALSE,FALSE,NA,FALSE,FALSE,FALSE,FALSE,FALSE,FALSE,FALSE,FALSE,NA,FALSE,FALSE,NA,FALSE
1739,0.83,0.72,0.81,0.86,0.87,0.77,0.86,0.78,0.8,0.93,0.85,0.88,0.84,NA,0.79,0.84,0.79,0.78,0.81,0.8,0.77,0.89,NA,0.78,0.85,NA,0.74,FALSE,FALSE,FALSE,FALSE,FALSE,FALSE,FALSE,FALSE,FALSE,FALSE,FALSE,FALSE,FALSE,NA,FALSE,FALSE,FALSE,FALSE,FALSE,FALSE,FALSE,FALSE,NA,FALSE,FALSE,NA,FALSE
1740,0.85,0.8,0.8,0.77,0.87,0.74,0.87,0.87,0.74,0.9,0.8,0.85,0.82,0.87,0.71,0.82,0.75,0.7,0.83,0.8,0.83,0.88,NA,0.79,0.84,NA,0.77,FALSE,FALSE,FALSE,FALSE,FALSE,FALSE,FALSE,FALSE,FALSE,FALSE,FALSE,FALSE,FALSE,FALSE,FALSE,FALSE,FALSE,FALSE,FALSE,FALSE,FALSE,FALSE,NA,FALSE,FALSE,NA,FALSE
1741,0.87,0.8,0.79,0.83,0.87,0.69,0.84,0.83,0.75,0.89,0.85,0.85,0.86,0.91,0.82,0.78,0.84,0.79,0.88,0.79,0.81,0.86,NA,0.76,0.9,NA,0.74,FALSE,FALSE,FALSE,FALSE,FALSE,FALSE,FALSE,FALSE,FALSE,FALSE,FALSE,FALSE,FALSE,FALSE,FALSE,FALSE,FALSE,FALSE,FALSE,FALSE,FALSE,FALSE,NA,FALSE,FALSE,NA,FALSE
1742,0.8,0.83,0.68,0.73,0.78,0.59,0.8,0.87,0.62,0.72,0.67,0.72,0.78,0.84,0.72,0.69,0.65,0.58,0.78,0.71,0.69,0.69,NA,0.71,0.73,NA,0.65,FALSE,FALSE,FALSE,FALSE,FALSE,FALSE,FALSE,FALSE,FALSE,FALSE,FALSE,FALSE,FALSE,FALSE,FALSE,FALSE,FALSE,FALSE,FALSE,FALSE,FALSE,FALSE,NA,FALSE,FALSE,NA,FALSE
1743,0.85,0.81,0.79,0.8,0.9,0.59,0.82,0.93,0.81,0.89,0.77,0.76,0.84,0.9,0.86,0.78,0.69,0.69,0.83,0.8,0.78,0.77,NA,0.76,0.81,NA,0.75,FALSE,FALSE,FALSE,FALSE,FALSE,FALSE,FALSE,FALSE,FALSE,FALSE,FALSE,FALSE,FALSE,FALSE,FALSE,FALSE,FALSE,FALSE,FALSE,FALSE,FALSE,FALSE,NA,FALSE,FALSE,NA,FALSE
1744,0.81,0.81,0.76,0.75,0.84,0.74,0.81,0.81,0.83,0.84,0.82,0.79,0.88,0.92,0.83,0.75,0.66,0.7,0.86,0.72,0.81,0.79,NA,0.8,0.82,NA,0.75,FALSE,FALSE,FALSE,FALSE,FALSE,FALSE,FALSE,FALSE,FALSE,FALSE,FALSE,FALSE,FALSE,FALSE,FALSE,FALSE,FALSE,FALSE,FALSE,FALSE,FALSE,FALSE,NA,FALSE,FALSE,NA,FALSE
1745,0.83,0.82,0.77,0.82,0.8,0.74,0.81,0.83,0.7,0.77,0.83,0.85,0.79,0.87,0.82,0.72,0.69,0.65,0.86,0.71,0.73,0.76,NA,0.76,0.82,NA,0.72,FALSE,FALSE,FALSE,FALSE,FALSE,FALSE,FALSE,FALSE,FALSE,FALSE,FALSE,FALSE,FALSE,FALSE,FALSE,FALSE,FALSE,FALSE,FALSE,FALSE,FALSE,FALSE,NA,FALSE,FALSE,NA,FALSE
1746,0.83,0.82,0.8,0.73,0.77,0.77,0.88,0.82,0.8,0.81,0.85,0.78,0.88,0.92,0.8,0.67,0.78,0.69,0.87,0.78,0.79,0.76,NA,0.78,0.84,NA,0.73,FALSE,FALSE,FALSE,FALSE,FALSE,FALSE,FALSE,FALSE,FALSE,FALSE,FALSE,FALSE,FALSE,FALSE,FALSE,FALSE,FALSE,FALSE,FALSE,FALSE,FALSE,FALSE,NA,FALSE,FALSE,NA,FALSE
1747,0.82,0.83,0.81,0.78,0.83,0.78,0.87,0.81,0.8,0.76,0.87,0.87,0.84,0.91,0.79,0.69,0.81,0.71,0.93,0.73,0.76,0.8,NA,0.78,0.86,NA,0.77,FALSE,FALSE,FALSE,FALSE,FALSE,FALSE,FALSE,FALSE,FALSE,FALSE,FALSE,FALSE,FALSE,FALSE,FALSE,FALSE,FALSE,FALSE,FALSE,FALSE,FALSE,FALSE,NA,FALSE,FALSE,NA,FALSE
1748,0.87,0.84,0.83,0.76,0.74,0.79,0.89,0.75,0.82,0.75,0.86,0.87,0.84,0.92,0.76,0.67,0.77,0.69,0.91,0.74,0.77,0.78,NA,0.8,0.84,NA,0.79,FALSE,FALSE,FALSE,FALSE,FALSE,FALSE,FALSE,FALSE,FALSE,FALSE,FALSE,FALSE,FALSE,FALSE,FALSE,FALSE,FALSE,FALSE,FALSE,FALSE,FALSE,FALSE,NA,FALSE,FALSE,NA,FALSE
1749,0.85,0.84,0.81,0.71,0.75,0.75,0.89,0.8,0.73,0.72,0.78,0.76,0.8,0.88,0.71,0.67,0.78,0.63,0.85,0.79,0.74,0.77,NA,0.71,0.79,NA,0.8,FALSE,FALSE,FALSE,FALSE,FALSE,FALSE,FALSE,FALSE,FALSE,FALSE,FALSE,FALSE,FALSE,FALSE,FALSE,FALSE,FALSE,FALSE,FALSE,FALSE,FALSE,FALSE,NA,FALSE,FALSE,NA,FALSE
1750,0.87,0.85,0.84,0.66,0.78,0.77,0.88,0.75,0.81,0.8,0.81,0.86,0.83,0.9,0.8,0.69,0.8,0.72,0.94,0.78,0.78,0.76,NA,0.71,0.82,NA,0.8,FALSE,FALSE,FALSE,FALSE,FALSE,FALSE,FALSE,FALSE,FALSE,FALSE,FALSE,FALSE,FALSE,FALSE,FALSE,FALSE,FALSE,FALSE,FALSE,FALSE,FALSE,FALSE,NA,FALSE,FALSE,NA,FALSE
1751,0.91,0.86,0.85,0.72,0.84,0.81,0.92,0.78,0.78,0.74,0.82,0.88,0.7,0.92,0.81,0.76,0.83,0.81,0.93,0.8,0.79,0.68,NA,0.72,0.86,NA,0.78,FALSE,FALSE,FALSE,FALSE,FALSE,FALSE,FALSE,FALSE,FALSE,FALSE,FALSE,FALSE,FALSE,FALSE,FALSE,FALSE,FALSE,FALSE,FALSE,FALSE,FALSE,FALSE,NA,FALSE,FALSE,NA,FALSE
1752,0.81,0.83,0.85,0.74,0.82,0.76,0.82,0.81,0.64,0.75,0.71,0.68,0.77,0.88,0.74,0.66,0.77,0.72,0.81,0.77,0.57,0.48,NA,0.67,0.78,NA,0.69,FALSE,FALSE,FALSE,FALSE,FALSE,FALSE,FALSE,FALSE,FALSE,FALSE,FALSE,FALSE,FALSE,FALSE,FALSE,FALSE,FALSE,FALSE,FALSE,FALSE,FALSE,TRUE,NA,FALSE,FALSE,NA,FALSE
1753,0.89,0.81,0.68,0.74,0.78,0.74,0.81,0.8,0.75,0.78,0.77,0.82,0.79,0.9,0.76,0.78,0.73,0.75,0.75,0.74,0.78,0.67,NA,0.71,0.81,0.8,0.7,FALSE,FALSE,FALSE,FALSE,FALSE,FALSE,FALSE,FALSE,FALSE,FALSE,FALSE,FALSE,FALSE,FALSE,FALSE,FALSE,FALSE,FALSE,FALSE,FALSE,FALSE,FALSE,NA,FALSE,FALSE,FALSE,FALSE
1754,0.82,0.76,0.65,0.53,0.8,0.74,0.79,0.81,0.65,0.73,0.63,0.69,0.72,0.82,0.71,0.72,0.66,0.61,0.67,0.66,0.56,0.56,NA,0.65,0.71,0.62,0.62,FALSE,FALSE,FALSE,TRUE,FALSE,FALSE,FALSE,FALSE,FALSE,FALSE,FALSE,FALSE,FALSE,FALSE,FALSE,FALSE,FALSE,FALSE,FALSE,FALSE,FALSE,FALSE,NA,FALSE,FALSE,TRUE,FALSE
1755,0.85,0.79,0.63,0.68,0.85,0.86,0.81,0.84,0.75,0.83,0.73,0.82,0.83,0.93,0.82,0.78,0.74,0.77,0.68,0.69,0.78,0.74,NA,0.71,0.79,0.75,0.78,FALSE,FALSE,FALSE,FALSE,FALSE,FALSE,FALSE,FALSE,FALSE,FALSE,FALSE,FALSE,FALSE,FALSE,FALSE,FALSE,FALSE,FALSE,FALSE,FALSE,FALSE,FALSE,NA,FALSE,FALSE,FALSE,FALSE
1756,0.89,0.92,0.71,0.73,0.79,0.84,0.82,0.8,0.79,0.84,0.77,0.83,0.83,0.91,0.79,0.76,0.78,0.75,0.82,0.76,0.75,0.74,NA,0.78,0.81,0.71,0.79,FALSE,FALSE,FALSE,FALSE,FALSE,FALSE,FALSE,FALSE,FALSE,FALSE,FALSE,FALSE,FALSE,FALSE,FALSE,FALSE,FALSE,FALSE,FALSE,FALSE,FALSE,FALSE,NA,FALSE,FALSE,FALSE,FALSE
1757,0.86,0.86,0.7,0.73,0.72,0.8,0.83,0.72,0.72,0.72,0.8,0.69,0.77,0.84,0.75,0.74,0.66,0.71,0.78,0.67,0.77,0.7,NA,0.7,0.8,0.71,0.7,FALSE,FALSE,FALSE,FALSE,FALSE,FALSE,FALSE,FALSE,FALSE,FALSE,FALSE,FALSE,FALSE,FALSE,FALSE,FALSE,FALSE,FALSE,FALSE,FALSE,FALSE,FALSE,NA,FALSE,FALSE,FALSE,FALSE
1758,0.94,0.87,0.74,0.82,0.78,0.82,0.9,0.76,0.77,0.78,0.86,0.9,0.85,0.87,0.81,0.79,0.75,0.72,0.86,0.79,0.9,0.67,NA,0.78,0.83,0.81,0.78,FALSE,FALSE,FALSE,FALSE,FALSE,FALSE,FALSE,FALSE,FALSE,FALSE,FALSE,FALSE,FALSE,FALSE,FALSE,FALSE,FALSE,FALSE,FALSE,FALSE,FALSE,FALSE,NA,FALSE,FALSE,FALSE,FALSE
1759,0.93,0.86,0.69,0.81,0.77,0.77,0.88,0.7,0.8,0.74,0.87,0.84,0.88,0.87,0.77,0.75,0.69,0.73,0.84,0.75,0.84,0.75,NA,0.77,0.86,0.85,0.76,FALSE,FALSE,FALSE,FALSE,FALSE,FALSE,FALSE,FALSE,FALSE,FALSE,FALSE,FALSE,FALSE,FALSE,FALSE,FALSE,FALSE,FALSE,FALSE,FALSE,FALSE,FALSE,NA,FALSE,FALSE,FALSE,FALSE
1760,0.86,0.79,0.76,0.79,0.72,0.76,0.84,0.66,0.72,0.68,0.71,0.87,0.82,0.76,0.75,0.78,0.66,0.65,0.73,0.73,0.74,0.53,NA,0.7,0.79,0.76,0.74,FALSE,FALSE,FALSE,FALSE,FALSE,FALSE,FALSE,FALSE,FALSE,FALSE,FALSE,FALSE,FALSE,FALSE,FALSE,FALSE,FALSE,FALSE,FALSE,FALSE,FALSE,FALSE,NA,FALSE,FALSE,FALSE,FALSE
1761,0.82,0.76,0.74,0.84,0.75,0.75,0.82,0.73,0.79,0.67,0.79,0.92,0.8,0.85,0.77,0.79,0.66,0.68,0.73,0.77,0.63,0.53,NA,0.63,0.79,0.71,0.7,FALSE,FALSE,FALSE,FALSE,FALSE,FALSE,FALSE,FALSE,FALSE,FALSE,FALSE,FALSE,FALSE,FALSE,FALSE,FALSE,FALSE,FALSE,FALSE,FALSE,FALSE,FALSE,NA,FALSE,FALSE,FALSE,FALSE
1762,0.88,0.8,0.84,0.81,0.79,0.74,0.82,0.77,0.82,0.69,0.78,0.93,0.79,0.8,0.66,0.76,0.65,0.66,0.79,0.75,0.78,0.65,NA,0.75,0.8,0.82,0.81,FALSE,FALSE,FALSE,FALSE,FALSE,FALSE,FALSE,FALSE,FALSE,FALSE,FALSE,FALSE,FALSE,FALSE,FALSE,FALSE,FALSE,FALSE,FALSE,FALSE,FALSE,FALSE,NA,FALSE,FALSE,FALSE,FALSE
1763,0.84,0.77,0.82,0.77,0.75,0.73,0.83,0.77,0.76,0.62,0.73,0.89,0.84,0.81,0.65,0.75,0.67,0.69,0.75,0.7,0.81,0.71,NA,0.75,0.79,0.78,0.76,FALSE,FALSE,FALSE,FALSE,FALSE,FALSE,FALSE,FALSE,FALSE,FALSE,FALSE,FALSE,FALSE,FALSE,FALSE,FALSE,FALSE,FALSE,FALSE,FALSE,FALSE,FALSE,NA,FALSE,FALSE,FALSE,FALSE
1764,0.83,0.77,0.85,0.82,0.82,0.75,0.83,0.78,0.88,0.74,0.84,0.88,0.8,0.81,0.71,0.76,0.78,0.75,0.67,0.73,0.7,0.63,NA,0.64,0.78,0.77,0.71,FALSE,FALSE,FALSE,FALSE,FALSE,FALSE,FALSE,FALSE,FALSE,FALSE,FALSE,FALSE,FALSE,FALSE,FALSE,FALSE,FALSE,FALSE,FALSE,FALSE,FALSE,FALSE,NA,FALSE,FALSE,FALSE,FALSE
1765,0.91,0.8,0.82,0.8,0.8,0.76,0.88,0.81,0.83,0.75,0.78,0.85,0.81,0.89,0.68,0.79,0.71,0.73,0.71,0.74,0.8,0.74,NA,0.68,0.82,0.87,0.77,FALSE,FALSE,FALSE,FALSE,FALSE,FALSE,FALSE,FALSE,FALSE,FALSE,FALSE,FALSE,FALSE,FALSE,FALSE,FALSE,FALSE,FALSE,FALSE,FALSE,FALSE,FALSE,NA,FALSE,FALSE,FALSE,FALSE
1766,0.83,0.79,0.86,0.79,0.83,0.77,0.85,0.79,0.85,0.74,0.77,0.85,0.84,0.88,0.65,0.78,0.72,0.8,0.68,0.69,0.79,0.71,NA,0.72,0.78,0.81,0.74,FALSE,FALSE,FALSE,FALSE,FALSE,FALSE,FALSE,FALSE,FALSE,FALSE,FALSE,FALSE,FALSE,FALSE,FALSE,FALSE,FALSE,FALSE,FALSE,FALSE,FALSE,FALSE,NA,FALSE,FALSE,FALSE,FALSE
1767,0.85,0.79,0.84,0.8,0.83,0.78,0.87,0.76,0.8,0.73,0.77,0.85,0.8,0.83,0.69,0.79,0.74,0.78,0.72,0.74,0.74,0.61,NA,0.73,0.77,0.77,0.77,FALSE,FALSE,FALSE,FALSE,FALSE,FALSE,FALSE,FALSE,FALSE,FALSE,FALSE,FALSE,FALSE,FALSE,FALSE,FALSE,FALSE,FALSE,FALSE,FALSE,FALSE,FALSE,NA,FALSE,FALSE,FALSE,FALSE
1768,0.9,0.81,0.85,0.86,0.81,0.78,0.85,0.75,0.81,0.84,0.81,0.84,0.83,0.91,0.78,0.8,0.74,0.81,0.73,0.74,0.82,0.71,NA,0.74,0.8,0.81,0.78,FALSE,FALSE,FALSE,FALSE,FALSE,FALSE,FALSE,FALSE,FALSE,FALSE,FALSE,FALSE,FALSE,FALSE,FALSE,FALSE,FALSE,FALSE,FALSE,FALSE,FALSE,FALSE,NA,FALSE,FALSE,FALSE,FALSE
1769,0.87,0.81,0.82,0.88,0.8,0.82,0.9,0.75,0.86,0.88,0.79,0.84,0.86,0.93,0.73,0.84,0.79,0.81,0.78,0.79,0.86,0.74,NA,0.77,0.85,0.82,0.79,FALSE,FALSE,FALSE,FALSE,FALSE,FALSE,FALSE,FALSE,FALSE,FALSE,FALSE,FALSE,FALSE,FALSE,FALSE,FALSE,FALSE,FALSE,FALSE,FALSE,FALSE,FALSE,NA,FALSE,FALSE,FALSE,FALSE
1770,0.92,0.81,0.83,0.87,0.83,0.76,0.86,0.73,0.85,0.85,0.81,0.81,0.84,0.89,0.73,0.81,0.75,0.8,0.77,0.8,0.82,0.76,NA,0.74,0.84,0.77,0.78,FALSE,FALSE,FALSE,FALSE,FALSE,FALSE,FALSE,FALSE,FALSE,FALSE,FALSE,FALSE,FALSE,FALSE,FALSE,FALSE,FALSE,FALSE,FALSE,FALSE,FALSE,FALSE,NA,FALSE,FALSE,FALSE,FALSE
1771,0.93,0.88,0.83,0.88,0.8,0.76,0.84,0.76,0.87,0.86,0.8,0.81,0.8,0.91,0.72,0.8,0.79,0.82,0.86,0.84,0.88,0.81,NA,0.77,0.86,0.83,0.8,FALSE,FALSE,FALSE,FALSE,FALSE,FALSE,FALSE,FALSE,FALSE,FALSE,FALSE,FALSE,FALSE,FALSE,FALSE,FALSE,FALSE,FALSE,FALSE,FALSE,FALSE,FALSE,NA,FALSE,FALSE,FALSE,FALSE
1772,0.89,0.79,0.81,0.87,0.77,0.77,0.8,0.72,0.82,0.75,0.8,0.8,0.8,0.82,0.68,0.71,0.76,0.79,0.78,0.75,0.78,0.72,NA,0.71,0.82,0.75,0.74,FALSE,FALSE,FALSE,FALSE,FALSE,FALSE,FALSE,FALSE,FALSE,FALSE,FALSE,FALSE,FALSE,FALSE,FALSE,FALSE,FALSE,FALSE,FALSE,FALSE,FALSE,FALSE,NA,FALSE,FALSE,FALSE,FALSE
1773,0.87,0.84,0.79,0.85,0.77,0.75,0.82,0.74,0.82,0.84,0.75,0.74,0.77,0.88,0.68,0.76,0.69,0.79,0.85,0.81,0.7,0.7,NA,0.69,0.81,0.81,0.79,FALSE,FALSE,FALSE,FALSE,FALSE,FALSE,FALSE,FALSE,FALSE,FALSE,FALSE,FALSE,FALSE,FALSE,FALSE,FALSE,FALSE,FALSE,FALSE,FALSE,FALSE,FALSE,NA,FALSE,FALSE,FALSE,FALSE
1774,0.9,0.85,0.83,0.86,0.81,0.75,0.84,0.72,0.76,0.84,0.82,0.75,0.82,0.86,0.67,0.76,0.69,0.85,0.84,0.74,0.86,0.82,NA,0.71,0.83,0.8,0.78,FALSE,FALSE,FALSE,FALSE,FALSE,FALSE,FALSE,FALSE,FALSE,FALSE,FALSE,FALSE,FALSE,FALSE,FALSE,FALSE,FALSE,FALSE,FALSE,FALSE,FALSE,FALSE,NA,FALSE,FALSE,FALSE,FALSE
1775,0.85,0.82,0.78,0.82,0.83,0.81,0.8,0.71,0.73,0.78,0.78,0.69,0.77,0.85,0.65,0.71,0.63,0.76,0.75,0.7,0.72,0.76,NA,0.71,0.8,0.71,0.8,FALSE,FALSE,FALSE,FALSE,FALSE,FALSE,FALSE,FALSE,FALSE,FALSE,FALSE,FALSE,FALSE,FALSE,FALSE,FALSE,FALSE,FALSE,FALSE,FALSE,FALSE,FALSE,NA,FALSE,FALSE,FALSE,FALSE
1776,0.92,0.9,0.84,0.89,0.86,0.87,0.86,0.75,0.81,0.84,0.87,0.89,0.77,0.86,0.66,0.78,0.85,0.83,0.85,0.82,0.8,0.78,NA,0.73,0.84,0.84,0.84,FALSE,FALSE,FALSE,FALSE,FALSE,FALSE,FALSE,FALSE,FALSE,FALSE,FALSE,FALSE,FALSE,FALSE,FALSE,FALSE,FALSE,FALSE,FALSE,FALSE,FALSE,FALSE,NA,FALSE,FALSE,FALSE,FALSE
1777,0.87,0.85,0.86,0.87,0.88,0.85,0.85,0.73,0.82,0.87,0.84,0.9,0.75,0.87,0.83,0.78,0.8,0.82,0.83,0.78,0.83,0.77,NA,0.74,0.83,0.81,0.78,FALSE,FALSE,FALSE,FALSE,FALSE,FALSE,FALSE,FALSE,FALSE,FALSE,FALSE,FALSE,FALSE,FALSE,FALSE,FALSE,FALSE,FALSE,FALSE,FALSE,FALSE,FALSE,NA,FALSE,FALSE,FALSE,FALSE
1778,0.8,0.81,0.81,0.84,0.83,0.83,0.78,0.69,0.78,0.87,0.78,0.87,0.74,0.88,0.84,0.74,0.76,0.79,0.78,0.74,0.76,0.73,NA,0.74,0.77,0.75,0.73,FALSE,FALSE,FALSE,FALSE,FALSE,FALSE,FALSE,FALSE,FALSE,FALSE,FALSE,FALSE,FALSE,FALSE,FALSE,FALSE,FALSE,FALSE,FALSE,FALSE,FALSE,FALSE,NA,FALSE,FALSE,FALSE,FALSE
1779,0.85,0.82,0.82,0.8,0.83,0.77,0.8,0.73,0.81,0.77,0.8,0.91,0.75,0.84,0.73,0.8,0.73,0.74,0.79,0.81,0.74,0.74,NA,0.71,0.81,0.81,0.79,FALSE,FALSE,FALSE,FALSE,FALSE,FALSE,FALSE,FALSE,FALSE,FALSE,FALSE,FALSE,FALSE,FALSE,FALSE,FALSE,FALSE,FALSE,FALSE,FALSE,FALSE,FALSE,NA,FALSE,FALSE,FALSE,FALSE
1780,0.91,0.88,0.79,0.87,0.83,0.84,0.81,0.76,0.88,0.86,0.84,0.89,0.81,0.86,0.77,0.85,0.72,0.76,0.77,0.78,0.81,0.79,NA,0.72,0.81,0.85,0.81,FALSE,FALSE,FALSE,FALSE,FALSE,FALSE,FALSE,FALSE,FALSE,FALSE,FALSE,FALSE,FALSE,FALSE,FALSE,FALSE,FALSE,FALSE,FALSE,FALSE,FALSE,FALSE,NA,FALSE,FALSE,FALSE,FALSE
1781,0.86,0.84,0.76,0.83,0.79,0.8,0.79,0.76,0.85,0.83,0.81,0.89,0.84,0.9,0.73,0.77,0.73,0.71,0.79,0.77,0.81,0.77,NA,0.78,0.85,0.81,0.81,FALSE,FALSE,FALSE,FALSE,FALSE,FALSE,FALSE,FALSE,FALSE,FALSE,FALSE,FALSE,FALSE,FALSE,FALSE,FALSE,FALSE,FALSE,FALSE,FALSE,FALSE,FALSE,NA,FALSE,FALSE,FALSE,FALSE
1782,0.88,0.84,0.8,0.8,0.86,0.83,0.81,0.72,0.87,0.8,0.81,0.8,0.79,0.92,0.65,0.8,0.83,0.74,0.8,0.8,0.85,0.77,NA,0.84,0.81,0.89,0.83,FALSE,FALSE,FALSE,FALSE,FALSE,FALSE,FALSE,FALSE,FALSE,FALSE,FALSE,FALSE,FALSE,FALSE,FALSE,FALSE,FALSE,FALSE,FALSE,FALSE,FALSE,FALSE,NA,FALSE,FALSE,FALSE,FALSE
1783,0.85,0.84,0.79,0.78,0.78,0.75,0.77,0.77,0.86,0.9,0.83,0.84,0.8,0.89,0.63,0.8,0.81,0.73,0.81,0.77,0.85,0.82,NA,0.81,0.81,0.91,0.84,FALSE,FALSE,FALSE,FALSE,FALSE,FALSE,FALSE,FALSE,FALSE,FALSE,FALSE,FALSE,FALSE,FALSE,FALSE,FALSE,FALSE,FALSE,FALSE,FALSE,FALSE,FALSE,NA,FALSE,FALSE,FALSE,FALSE
1784,0.89,0.82,0.76,0.78,0.76,0.69,0.83,0.8,0.81,0.85,0.83,0.85,0.8,0.87,0.67,0.82,0.72,0.72,0.82,0.77,0.81,0.87,NA,0.75,0.81,0.87,0.77,FALSE,FALSE,FALSE,FALSE,FALSE,FALSE,FALSE,FALSE,FALSE,FALSE,FALSE,FALSE,FALSE,FALSE,FALSE,FALSE,FALSE,FALSE,FALSE,FALSE,FALSE,FALSE,NA,FALSE,FALSE,FALSE,FALSE
1785,0.85,0.83,0.71,0.77,0.77,0.8,0.78,0.82,0.78,0.78,0.83,0.84,0.79,0.83,0.67,0.81,0.75,0.66,0.73,0.74,0.67,0.85,NA,0.78,0.79,0.82,0.72,FALSE,FALSE,FALSE,FALSE,FALSE,FALSE,FALSE,FALSE,FALSE,FALSE,FALSE,FALSE,FALSE,FALSE,FALSE,FALSE,FALSE,FALSE,FALSE,FALSE,FALSE,FALSE,NA,FALSE,FALSE,FALSE,FALSE
1786,0.84,0.79,0.76,0.8,0.75,0.83,0.79,0.84,0.84,0.76,0.82,0.86,0.84,0.84,0.7,0.78,0.71,0.65,0.77,0.79,0.76,0.92,NA,0.73,0.81,0.84,0.75,FALSE,FALSE,FALSE,FALSE,FALSE,FALSE,FALSE,FALSE,FALSE,FALSE,FALSE,FALSE,FALSE,FALSE,FALSE,FALSE,FALSE,FALSE,FALSE,FALSE,FALSE,FALSE,NA,FALSE,FALSE,FALSE,FALSE
1787,0.83,0.86,0.8,0.79,0.83,0.85,0.8,0.84,0.82,0.79,0.8,0.88,0.74,0.83,0.7,0.75,0.7,0.68,0.8,0.78,0.82,0.93,NA,0.79,0.78,0.81,0.76,FALSE,FALSE,FALSE,FALSE,FALSE,FALSE,FALSE,FALSE,FALSE,FALSE,FALSE,FALSE,FALSE,FALSE,FALSE,FALSE,FALSE,FALSE,FALSE,FALSE,FALSE,FALSE,NA,FALSE,FALSE,FALSE,FALSE
1788,0.83,0.83,0.82,0.74,0.81,0.88,0.83,0.84,0.84,0.84,0.78,0.82,0.74,0.88,0.68,0.79,0.73,0.67,0.76,0.77,0.73,0.77,NA,0.78,0.78,0.87,0.74,FALSE,FALSE,FALSE,FALSE,FALSE,FALSE,FALSE,FALSE,FALSE,FALSE,FALSE,FALSE,FALSE,FALSE,FALSE,FALSE,FALSE,FALSE,FALSE,FALSE,FALSE,FALSE,NA,FALSE,FALSE,FALSE,FALSE
1789,0.84,0.79,0.81,0.79,0.81,0.8,0.79,0.87,0.76,0.78,0.75,0.87,0.76,0.82,0.59,0.74,0.7,0.65,0.73,0.7,0.79,0.76,NA,0.65,0.72,0.81,0.7,FALSE,FALSE,FALSE,FALSE,FALSE,FALSE,FALSE,FALSE,FALSE,FALSE,FALSE,FALSE,FALSE,FALSE,FALSE,FALSE,FALSE,FALSE,FALSE,FALSE,FALSE,FALSE,NA,FALSE,FALSE,FALSE,FALSE
1790,0.79,0.79,0.82,0.73,0.82,0.81,0.83,0.82,0.79,0.78,0.66,0.74,0.76,0.77,0.71,0.76,0.73,0.51,0.73,0.73,0.69,0.68,NA,0.74,0.76,0.83,0.74,FALSE,FALSE,FALSE,FALSE,FALSE,FALSE,FALSE,FALSE,FALSE,FALSE,FALSE,FALSE,FALSE,FALSE,FALSE,FALSE,FALSE,FALSE,FALSE,FALSE,FALSE,FALSE,NA,FALSE,FALSE,FALSE,FALSE
1791,0.88,0.8,0.87,0.76,0.78,0.84,0.82,0.87,0.83,0.85,0.79,0.9,0.83,0.92,0.82,0.76,0.81,0.71,0.83,0.82,0.83,0.81,NA,0.74,0.89,0.89,0.71,FALSE,FALSE,FALSE,FALSE,FALSE,FALSE,FALSE,FALSE,FALSE,FALSE,FALSE,FALSE,FALSE,FALSE,FALSE,FALSE,FALSE,FALSE,FALSE,FALSE,FALSE,FALSE,NA,FALSE,FALSE,FALSE,FALSE
1792,0.87,0.79,0.88,0.78,0.79,0.84,0.8,0.85,0.84,0.85,0.73,0.86,0.76,0.9,0.75,0.74,0.77,0.65,0.8,0.8,0.79,0.84,NA,0.74,0.84,0.87,0.67,FALSE,FALSE,FALSE,FALSE,FALSE,FALSE,FALSE,FALSE,FALSE,FALSE,FALSE,FALSE,FALSE,FALSE,FALSE,FALSE,FALSE,FALSE,FALSE,FALSE,FALSE,FALSE,NA,FALSE,FALSE,FALSE,FALSE
1793,0.85,0.81,0.89,0.79,0.77,0.85,0.83,0.84,0.83,0.8,0.73,0.87,0.75,0.84,0.72,0.73,0.77,0.63,0.8,0.8,0.76,0.75,NA,0.8,0.79,0.8,0.7,FALSE,FALSE,FALSE,FALSE,FALSE,FALSE,FALSE,FALSE,FALSE,FALSE,FALSE,FALSE,FALSE,FALSE,FALSE,FALSE,FALSE,FALSE,FALSE,FALSE,FALSE,FALSE,NA,FALSE,FALSE,FALSE,FALSE
1794,0.9,0.79,0.87,0.8,0.83,0.87,0.84,0.85,0.86,0.84,0.76,0.88,0.78,0.83,0.75,0.74,0.83,0.66,0.8,0.82,0.8,0.8,NA,0.82,0.77,0.88,0.72,FALSE,FALSE,FALSE,FALSE,FALSE,FALSE,FALSE,FALSE,FALSE,FALSE,FALSE,FALSE,FALSE,FALSE,FALSE,FALSE,FALSE,FALSE,FALSE,FALSE,FALSE,FALSE,NA,FALSE,FALSE,FALSE,FALSE
1795,0.84,0.83,0.86,0.79,0.92,0.82,0.79,0.84,0.82,0.77,0.73,0.87,0.75,0.82,0.68,0.7,0.75,0.58,0.78,0.75,0.76,0.77,NA,0.74,0.7,0.87,0.7,FALSE,FALSE,FALSE,FALSE,FALSE,FALSE,FALSE,FALSE,FALSE,FALSE,FALSE,FALSE,FALSE,FALSE,FALSE,FALSE,FALSE,FALSE,FALSE,FALSE,FALSE,FALSE,NA,FALSE,FALSE,FALSE,FALSE
1796,0.88,0.78,0.81,0.76,0.87,0.83,0.84,0.84,0.87,0.75,0.74,0.76,0.74,0.82,0.72,0.73,0.64,0.55,0.85,0.77,0.81,0.85,NA,0.78,0.72,0.89,0.77,FALSE,FALSE,FALSE,FALSE,FALSE,FALSE,FALSE,FALSE,FALSE,FALSE,FALSE,FALSE,FALSE,FALSE,FALSE,FALSE,FALSE,FALSE,FALSE,FALSE,FALSE,FALSE,NA,FALSE,FALSE,FALSE,FALSE
1797,0.83,0.79,0.83,0.7,0.76,0.84,0.85,0.83,0.8,0.71,0.65,0.76,0.75,0.8,0.7,0.71,0.67,0.48,0.77,0.73,0.68,0.71,NA,0.79,0.67,0.83,0.74,FALSE,FALSE,FALSE,FALSE,FALSE,FALSE,FALSE,FALSE,FALSE,FALSE,FALSE,FALSE,FALSE,FALSE,FALSE,FALSE,FALSE,FALSE,FALSE,FALSE,FALSE,FALSE,NA,FALSE,FALSE,FALSE,FALSE
1798,0.91,0.83,0.82,0.82,0.84,0.83,0.81,0.86,0.81,0.77,0.78,0.92,0.75,0.78,0.72,0.75,0.76,0.62,0.82,0.77,0.8,0.75,NA,0.76,0.77,0.85,0.79,FALSE,FALSE,FALSE,FALSE,FALSE,FALSE,FALSE,FALSE,FALSE,FALSE,FALSE,FALSE,FALSE,FALSE,FALSE,FALSE,FALSE,FALSE,FALSE,FALSE,FALSE,FALSE,NA,FALSE,FALSE,FALSE,FALSE
1799,0.87,0.81,0.77,0.77,0.87,0.84,0.82,0.83,0.81,0.84,0.76,0.75,0.71,0.81,0.75,0.8,0.75,0.62,0.76,0.75,0.74,0.73,NA,0.71,0.73,0.83,0.78,FALSE,FALSE,FALSE,FALSE,FALSE,FALSE,FALSE,FALSE,FALSE,FALSE,FALSE,FALSE,FALSE,FALSE,FALSE,FALSE,FALSE,FALSE,FALSE,FALSE,FALSE,FALSE,NA,FALSE,FALSE,FALSE,FALSE
1800,0.83,0.85,0.7,0.79,0.89,0.8,0.82,0.83,0.86,0.88,0.74,0.82,0.73,0.84,0.75,0.74,0.68,0.61,0.85,0.73,0.84,0.86,NA,0.69,0.71,0.85,0.81,FALSE,FALSE,FALSE,FALSE,FALSE,FALSE,FALSE,FALSE,FALSE,FALSE,FALSE,FALSE,FALSE,FALSE,FALSE,FALSE,FALSE,FALSE,FALSE,FALSE,FALSE,FALSE,NA,FALSE,FALSE,FALSE,FALSE
1801,0.75,0.71,0.56,0.6,0.74,0.72,0.73,0.67,0.59,0.62,0,0,0.61,0.72,0.6,0.59,0.59,0.52,0.71,0.74,0.57,0.62,NA,0.63,0.57,0.68,0.59,FALSE,FALSE,FALSE,FALSE,FALSE,FALSE,FALSE,FALSE,FALSE,FALSE,TRUE,TRUE,FALSE,FALSE,FALSE,FALSE,FALSE,FALSE,FALSE,FALSE,FALSE,FALSE,NA,FALSE,FALSE,FALSE,FALSE
1802,0.84,0.76,0.64,0.75,0.8,0.81,0.82,0.8,0.78,0.77,0.55,0.83,0.65,0.74,0.68,0.7,0.61,0.51,0.77,0.72,0.77,0.76,0.67,0.68,0.75,0.81,0.77,FALSE,FALSE,FALSE,FALSE,FALSE,FALSE,FALSE,FALSE,FALSE,FALSE,TRUE,FALSE,FALSE,FALSE,FALSE,FALSE,FALSE,FALSE,FALSE,FALSE,FALSE,FALSE,FALSE,FALSE,FALSE,FALSE,FALSE
1803,0.87,0.7,0.65,0.75,0.81,0.81,0.79,0.77,0.81,0.81,0.75,0.62,0.71,0.8,0.68,0.69,0.59,0.52,0.82,0.7,0.75,0.79,0.73,0.74,0.71,0.84,0.72,FALSE,FALSE,FALSE,FALSE,FALSE,FALSE,FALSE,FALSE,FALSE,FALSE,FALSE,FALSE,FALSE,FALSE,FALSE,FALSE,FALSE,FALSE,FALSE,FALSE,FALSE,FALSE,FALSE,FALSE,FALSE,FALSE,FALSE
1804,0.82,0.71,0.63,0.7,0.77,0.77,0.81,0.8,0.85,0.81,0.71,0.71,0.69,0.83,0.66,0.71,0.62,0.53,0.85,0.71,0.74,0.77,0.82,0.7,0.7,0.83,0.68,FALSE,FALSE,FALSE,FALSE,FALSE,FALSE,FALSE,FALSE,FALSE,FALSE,FALSE,FALSE,FALSE,FALSE,FALSE,FALSE,FALSE,FALSE,FALSE,FALSE,FALSE,FALSE,FALSE,FALSE,FALSE,FALSE,FALSE
1805,0.8,0.64,0.66,0.73,0.73,0.79,0.78,0.8,0.85,0.83,0.67,0.75,0.72,0.87,0.68,0.66,0.64,0.54,0.86,0.7,0.83,0.75,0.67,0.76,0.72,0.83,0.74,FALSE,TRUE,FALSE,FALSE,FALSE,FALSE,FALSE,FALSE,FALSE,FALSE,FALSE,FALSE,FALSE,FALSE,FALSE,FALSE,FALSE,FALSE,FALSE,FALSE,FALSE,FALSE,FALSE,FALSE,FALSE,FALSE,FALSE
1806,0.84,0.68,0.65,0.75,0.67,0.81,0.76,0.81,0.82,0.75,0.67,0.68,0.74,0.82,0.7,0.7,0.69,0.58,0.84,0.73,0.68,0.75,0.86,0.69,0.72,0.74,0.69,FALSE,FALSE,FALSE,FALSE,FALSE,FALSE,FALSE,FALSE,FALSE,FALSE,FALSE,FALSE,FALSE,FALSE,FALSE,FALSE,FALSE,FALSE,FALSE,FALSE,FALSE,FALSE,FALSE,FALSE,FALSE,FALSE,FALSE
1807,0.89,0.76,0.74,0.79,0.8,0.78,0.78,0.82,0.82,0.84,0.71,0.83,0.76,0.89,0.72,0.75,0.71,0.59,0.89,0.72,0.79,0.81,0.69,0.86,0.78,0.8,0.69,FALSE,FALSE,FALSE,FALSE,FALSE,FALSE,FALSE,FALSE,FALSE,FALSE,FALSE,FALSE,FALSE,FALSE,FALSE,FALSE,FALSE,FALSE,FALSE,FALSE,FALSE,FALSE,FALSE,FALSE,FALSE,FALSE,FALSE
1808,0.9,0.8,0.7,0.78,0.68,0.83,0.8,0.88,0.84,0.83,0.81,0.76,0.75,0.89,0.75,0.73,0.71,0,0.9,0.75,0.81,0.77,0.77,0.8,0.8,0.79,0.72,FALSE,FALSE,FALSE,FALSE,FALSE,FALSE,FALSE,FALSE,FALSE,FALSE,FALSE,FALSE,FALSE,FALSE,FALSE,FALSE,FALSE,TRUE,FALSE,FALSE,FALSE,FALSE,FALSE,FALSE,FALSE,FALSE,FALSE
1809,0.7,0.65,0.55,0.6,0.61,0.63,0.66,0.78,0.7,0.7,0.75,0.8,0.71,0.69,0.65,0.57,0.65,0,0.83,0.79,0.6,0.64,0.8,0.85,0.76,0.65,0.54,FALSE,TRUE,FALSE,FALSE,TRUE,FALSE,FALSE,FALSE,FALSE,FALSE,FALSE,FALSE,FALSE,FALSE,FALSE,FALSE,FALSE,TRUE,FALSE,FALSE,FALSE,FALSE,FALSE,FALSE,FALSE,FALSE,TRUE
1810,0.74,0.71,0.82,0.8,0.77,0.75,0.66,0.73,0.64,0.68,0.8,0.78,0,0.82,0.76,0.63,0.73,0,0.66,0.78,0.74,0.72,0.69,0.72,0.65,0.75,0.65,FALSE,FALSE,FALSE,FALSE,FALSE,FALSE,FALSE,FALSE,FALSE,FALSE,FALSE,FALSE,TRUE,FALSE,FALSE,FALSE,FALSE,TRUE,FALSE,FALSE,FALSE,FALSE,FALSE,FALSE,FALSE,FALSE,FALSE
1811,0.87,0.73,0.72,0.76,0.8,0.76,0.74,0.83,0.76,0.76,0.8,0.82,0.71,0.78,0.82,0.69,0.68,0,0.66,0.71,0.69,0.68,0.63,0.8,0.72,0.74,0.69,FALSE,FALSE,FALSE,FALSE,FALSE,FALSE,FALSE,FALSE,FALSE,FALSE,FALSE,FALSE,FALSE,FALSE,FALSE,FALSE,FALSE,TRUE,FALSE,FALSE,FALSE,FALSE,FALSE,FALSE,FALSE,FALSE,FALSE
1812,0.9,0.74,0.75,0.81,0.8,0.76,0.78,0.82,0.84,0.86,0.85,0.83,0.79,0.87,0.73,0.76,0.73,0,0.73,0.75,0.76,0.78,0.76,0.8,0.77,0.75,0.73,FALSE,FALSE,FALSE,FALSE,FALSE,FALSE,FALSE,FALSE,FALSE,FALSE,FALSE,FALSE,FALSE,FALSE,FALSE,FALSE,FALSE,TRUE,FALSE,FALSE,FALSE,FALSE,FALSE,FALSE,FALSE,FALSE,FALSE
1813,0.85,0.75,0.63,0.71,0.74,0.75,0.78,0.82,0.76,0.8,0.76,0.76,0.74,0.82,0.71,0.72,0.73,0,0.84,0.74,0.69,0.68,0.7,0.8,0.68,0.68,0.64,FALSE,FALSE,FALSE,FALSE,FALSE,FALSE,FALSE,FALSE,FALSE,FALSE,FALSE,FALSE,FALSE,FALSE,FALSE,FALSE,FALSE,TRUE,FALSE,FALSE,FALSE,FALSE,FALSE,FALSE,FALSE,FALSE,FALSE
1814,0.9,0.76,0.69,0.83,0.84,0.79,0.8,0.85,0.78,0.83,0.82,0.83,0.86,0.82,0.77,0.78,0.76,0,0.83,0.74,0.61,0.7,0.61,0.79,0.73,0.7,0.63,FALSE,FALSE,FALSE,FALSE,FALSE,FALSE,FALSE,FALSE,FALSE,FALSE,FALSE,FALSE,FALSE,FALSE,FALSE,FALSE,FALSE,TRUE,FALSE,FALSE,FALSE,FALSE,FALSE,FALSE,FALSE,FALSE,FALSE
1815,0.89,0.75,0.68,0.78,0.86,0.82,0.82,0.81,0.86,0.87,0.82,0.83,0.83,0.84,0.79,0.76,0.74,0,0.87,0.74,0.78,0.75,0.76,0.85,0.76,0.75,0.69,FALSE,FALSE,FALSE,FALSE,FALSE,FALSE,FALSE,FALSE,FALSE,FALSE,FALSE,FALSE,FALSE,FALSE,FALSE,FALSE,FALSE,TRUE,FALSE,FALSE,FALSE,FALSE,FALSE,FALSE,FALSE,FALSE,FALSE
1816,0.87,0.71,0.7,0.74,0.86,0.84,0.78,0.85,0.85,0.87,0.83,0.84,0.83,0.79,0.83,0.82,0.78,0,0.88,0.77,0.74,0.72,0.67,0.79,0.74,0.76,0.68,FALSE,FALSE,FALSE,FALSE,FALSE,FALSE,FALSE,FALSE,FALSE,FALSE,FALSE,FALSE,FALSE,FALSE,FALSE,FALSE,FALSE,TRUE,FALSE,FALSE,FALSE,FALSE,FALSE,FALSE,FALSE,FALSE,FALSE
1817,0.84,0.74,0.8,0.79,0.89,0.85,0.75,0.82,0.84,0.88,0.83,0.83,0.85,0.82,0.86,0.83,0.75,0,0.87,0.76,0.75,0.77,0.75,0.8,0.8,0.83,0.7,FALSE,FALSE,FALSE,FALSE,FALSE,FALSE,FALSE,FALSE,FALSE,FALSE,FALSE,FALSE,FALSE,FALSE,FALSE,FALSE,FALSE,TRUE,FALSE,FALSE,FALSE,FALSE,FALSE,FALSE,FALSE,FALSE,FALSE
1818,0.86,0.78,0.79,0.78,0.9,0.9,0.79,0.86,0.8,0.85,0.77,0.81,0.86,0.84,0.84,0.79,0.67,0,0.81,0.76,0.79,0.79,0.81,0.72,0.74,0.78,0.67,FALSE,FALSE,FALSE,FALSE,FALSE,FALSE,FALSE,FALSE,FALSE,FALSE,FALSE,FALSE,FALSE,FALSE,FALSE,FALSE,FALSE,TRUE,FALSE,FALSE,FALSE,FALSE,FALSE,FALSE,FALSE,FALSE,FALSE
1819,0.87,0.75,0.8,0.74,0.86,0.83,0.83,0.86,0.81,0.84,0.71,0.67,0.81,0.79,0.83,0.71,0.72,0,0.73,0.77,0.75,0.7,0.84,0.65,0.71,0.77,0.72,FALSE,FALSE,FALSE,FALSE,FALSE,FALSE,FALSE,FALSE,FALSE,FALSE,FALSE,FALSE,FALSE,FALSE,FALSE,FALSE,FALSE,TRUE,FALSE,FALSE,FALSE,FALSE,FALSE,FALSE,FALSE,FALSE,FALSE
1820,0.89,0.76,0.83,0.74,0.89,0.89,0.86,0.72,0.81,0.85,0.75,0.81,0.81,0.84,0.78,0.75,0.7,0,0.81,0.64,0.77,0.71,0.78,0.51,0.73,0.75,0.68,FALSE,FALSE,FALSE,FALSE,FALSE,FALSE,FALSE,FALSE,FALSE,FALSE,FALSE,FALSE,FALSE,FALSE,FALSE,FALSE,FALSE,TRUE,FALSE,FALSE,FALSE,FALSE,FALSE,TRUE,FALSE,FALSE,FALSE
1821,0.83,0.73,0.77,0.7,0.86,0.84,0.87,0.87,0.65,0.74,0.75,0.7,0.73,0.74,0.71,0.73,0.66,0,0.82,0.7,0.67,0.67,0.75,0.48,0.64,0.76,0.57,FALSE,FALSE,FALSE,FALSE,FALSE,FALSE,FALSE,FALSE,FALSE,FALSE,FALSE,FALSE,FALSE,FALSE,FALSE,FALSE,FALSE,TRUE,FALSE,FALSE,FALSE,FALSE,FALSE,TRUE,FALSE,FALSE,FALSE
1822,0.87,0.79,0.83,0.75,0.87,0.88,0.82,0.85,0.73,0.88,0.84,0.77,0.86,0.84,0.78,0.73,0.73,0.59,0.82,0.62,0.79,0.74,0.79,0.68,0.68,0.84,0.72,FALSE,FALSE,FALSE,FALSE,FALSE,FALSE,FALSE,FALSE,FALSE,FALSE,FALSE,FALSE,FALSE,FALSE,FALSE,FALSE,FALSE,FALSE,FALSE,FALSE,FALSE,FALSE,FALSE,FALSE,FALSE,FALSE,FALSE
1823,0.79,0.83,0.8,0.69,0.79,0.83,0.83,0.77,0.62,0.79,0.69,0.66,0.76,0.79,0.77,0.8,0.66,0.58,0.86,0.63,0.78,0.65,0.82,0.59,0.63,0.79,0.74,FALSE,FALSE,FALSE,FALSE,FALSE,FALSE,FALSE,FALSE,FALSE,FALSE,FALSE,FALSE,FALSE,FALSE,FALSE,FALSE,FALSE,FALSE,FALSE,FALSE,FALSE,FALSE,FALSE,FALSE,FALSE,FALSE,FALSE
1824,0.85,0.81,0.82,0.74,0.78,0.86,0.84,0.85,0.59,0.77,0.79,0.73,0.77,0.77,0.8,0.86,0.72,0.53,0,0.73,0.7,0.78,0.8,0.6,0.66,0.8,0.71,FALSE,FALSE,FALSE,FALSE,FALSE,FALSE,FALSE,FALSE,FALSE,FALSE,FALSE,FALSE,FALSE,FALSE,FALSE,FALSE,FALSE,FALSE,FALSE,FALSE,FALSE,FALSE,FALSE,FALSE,FALSE,FALSE,FALSE
1825,0.89,0.84,0.82,0.78,0.74,0.84,0.84,0.85,0.67,0.77,0.75,0.86,0.83,0.79,0.81,0.8,0.71,0.57,0,0.73,0.8,0.83,0.74,0.57,0.74,0.81,0.72,FALSE,FALSE,FALSE,FALSE,FALSE,FALSE,FALSE,FALSE,FALSE,FALSE,FALSE,FALSE,FALSE,FALSE,FALSE,FALSE,FALSE,FALSE,FALSE,FALSE,FALSE,FALSE,FALSE,FALSE,FALSE,FALSE,FALSE
1826,0.89,0.86,0.88,0.81,0.75,0.86,0.83,0.78,0.67,0.81,0.78,0.83,0.85,0.82,0.83,0.85,0.72,0.58,0,0.74,0.8,0.79,0.82,0.65,0.75,0.84,0.72,FALSE,FALSE,FALSE,FALSE,FALSE,FALSE,FALSE,FALSE,FALSE,FALSE,FALSE,FALSE,FALSE,FALSE,FALSE,FALSE,FALSE,FALSE,FALSE,FALSE,FALSE,FALSE,FALSE,FALSE,FALSE,FALSE,FALSE
1827,0.87,0.82,0.87,0.8,0.83,0.83,0.77,0.87,0.64,0.72,0.85,0.79,0.78,0.76,0.76,0.87,0.78,0.59,0,0.78,0.72,0.71,0.95,0.46,0.66,0.81,0.64,FALSE,FALSE,FALSE,FALSE,FALSE,FALSE,FALSE,FALSE,FALSE,FALSE,FALSE,FALSE,FALSE,FALSE,FALSE,FALSE,FALSE,FALSE,FALSE,FALSE,FALSE,FALSE,FALSE,TRUE,FALSE,FALSE,FALSE
1828,0.92,0.85,0.88,0.82,0.89,0.81,0.83,0.88,0.78,0.88,0.82,0.83,0.86,0.84,0.77,0.8,0.83,0.67,0,0.77,0.8,0.79,0.9,0.6,0.77,0.82,0.75,FALSE,FALSE,FALSE,FALSE,FALSE,FALSE,FALSE,FALSE,FALSE,FALSE,FALSE,FALSE,FALSE,FALSE,FALSE,FALSE,FALSE,FALSE,FALSE,FALSE,FALSE,FALSE,FALSE,FALSE,FALSE,FALSE,FALSE
1829,0.93,0.89,0.88,0.86,0.84,0.84,0.85,0.83,0.76,0.86,0.86,0.79,0.83,0.86,0.83,0.85,0.78,0.65,0,0.72,0.86,0.81,0.93,0.68,0.81,0.83,0.75,FALSE,FALSE,FALSE,FALSE,FALSE,FALSE,FALSE,FALSE,FALSE,FALSE,FALSE,FALSE,FALSE,FALSE,FALSE,FALSE,FALSE,FALSE,FALSE,FALSE,FALSE,FALSE,FALSE,FALSE,FALSE,FALSE,FALSE
1830,0.88,0.85,0.87,0.83,0.83,0.83,0.79,0.77,0.6,0.77,0.79,0.79,0.82,0.83,0.77,0.81,0.8,0.62,0,0.81,0.79,0.76,0.83,0.63,0.75,0.85,0.69,FALSE,FALSE,FALSE,FALSE,FALSE,FALSE,FALSE,FALSE,FALSE,FALSE,FALSE,FALSE,FALSE,FALSE,FALSE,FALSE,FALSE,FALSE,FALSE,FALSE,FALSE,FALSE,FALSE,FALSE,FALSE,FALSE,FALSE
1831,0.9,0.88,0.82,0.83,0.83,0.83,0.8,0.83,0.67,0.8,0.8,0.85,0.82,0.88,0.73,0.77,0.72,0.61,0,0.73,0.79,0.79,0.91,0.58,0.74,0.85,0.72,FALSE,FALSE,FALSE,FALSE,FALSE,FALSE,FALSE,FALSE,FALSE,FALSE,FALSE,FALSE,FALSE,FALSE,FALSE,FALSE,FALSE,FALSE,FALSE,FALSE,FALSE,FALSE,FALSE,FALSE,FALSE,FALSE,FALSE
1832,0.92,0.86,0.82,0.78,0.88,0.82,0.81,0.86,0.68,0.81,0.82,0.89,0.8,0.82,0.76,0.78,0.69,0.61,0,0.72,0.8,0.8,0.87,0.65,0.8,0.82,0.72,FALSE,FALSE,FALSE,FALSE,FALSE,FALSE,FALSE,FALSE,FALSE,FALSE,FALSE,FALSE,FALSE,FALSE,FALSE,FALSE,FALSE,FALSE,FALSE,FALSE,FALSE,FALSE,FALSE,FALSE,FALSE,FALSE,FALSE
1833,0.88,0.87,0.79,0.79,0.87,0.76,0.76,0.82,0.67,0.76,0.81,0.86,0.8,0.75,0.74,0.8,0.7,0.73,0,0.79,0.73,0.76,0.84,0.57,0.68,0.78,0.66,FALSE,FALSE,FALSE,FALSE,FALSE,FALSE,FALSE,FALSE,FALSE,FALSE,FALSE,FALSE,FALSE,FALSE,FALSE,FALSE,FALSE,FALSE,FALSE,FALSE,FALSE,FALSE,FALSE,FALSE,FALSE,FALSE,FALSE
1834,0.94,0.87,0.79,0.84,0.83,0.83,0.81,0.91,0.73,0.84,0.83,0.89,0.76,0.83,0.73,0.82,0.75,0.69,0,0.88,0.85,0.83,0.89,0.71,0.85,0.81,0.73,FALSE,FALSE,FALSE,FALSE,FALSE,FALSE,FALSE,FALSE,FALSE,FALSE,FALSE,FALSE,FALSE,FALSE,FALSE,FALSE,FALSE,FALSE,FALSE,FALSE,FALSE,FALSE,FALSE,FALSE,FALSE,FALSE,FALSE
1835,0.91,0.86,0.77,0.8,0.77,0.78,0.8,0.86,0.68,0.78,0.78,0.87,0.79,0.79,0.7,0.83,0.75,0.65,0,0.81,0.78,0.79,0.89,0.61,0.75,0.79,0.74,FALSE,FALSE,FALSE,FALSE,FALSE,FALSE,FALSE,FALSE,FALSE,FALSE,FALSE,FALSE,FALSE,FALSE,FALSE,FALSE,FALSE,FALSE,FALSE,FALSE,FALSE,FALSE,FALSE,FALSE,FALSE,FALSE,FALSE
1836,0.85,0.78,0.75,0.81,0.81,0.74,0.77,0.87,0.68,0.77,0.8,0.82,0.75,0.77,0.69,0.79,0.73,0.73,0,0.86,0.74,0.73,0.87,0.68,0.75,0.76,0.72,FALSE,FALSE,FALSE,FALSE,FALSE,FALSE,FALSE,FALSE,FALSE,FALSE,FALSE,FALSE,FALSE,FALSE,FALSE,FALSE,FALSE,FALSE,FALSE,FALSE,FALSE,FALSE,FALSE,FALSE,FALSE,FALSE,FALSE
1837,0.79,0.82,0.78,0.8,0.8,0.66,0.62,0.64,0.64,0.74,0.77,0.84,0.77,0.74,0.66,0.8,0.79,0.6,0,0.72,0.59,0.58,0.76,0.52,0.55,0.63,0.59,FALSE,FALSE,FALSE,FALSE,FALSE,FALSE,FALSE,FALSE,FALSE,FALSE,FALSE,FALSE,FALSE,FALSE,FALSE,FALSE,FALSE,FALSE,FALSE,FALSE,FALSE,FALSE,FALSE,TRUE,TRUE,TRUE,FALSE
1838,0.88,0.81,0.74,0.82,0.79,0.8,0.82,0.84,0.72,0.83,0.83,0.8,0.77,0.8,0.67,0.82,0.77,0.72,0,0.83,0.77,0.8,0.81,0.71,0.75,0.75,0.76,FALSE,FALSE,FALSE,FALSE,FALSE,FALSE,FALSE,FALSE,FALSE,FALSE,FALSE,FALSE,FALSE,FALSE,FALSE,FALSE,FALSE,FALSE,FALSE,FALSE,FALSE,FALSE,FALSE,FALSE,FALSE,FALSE,FALSE
1839,0.77,0.81,0.73,0.83,0.74,0.84,0.76,0.8,0.63,0.83,0.77,0.79,0.75,0.75,0.72,0.81,0.75,0.71,0,0.82,0.83,0.76,0.79,0.67,0.73,0.78,0.74,FALSE,FALSE,FALSE,FALSE,FALSE,FALSE,FALSE,FALSE,FALSE,FALSE,FALSE,FALSE,FALSE,FALSE,FALSE,FALSE,FALSE,FALSE,FALSE,FALSE,FALSE,FALSE,FALSE,FALSE,FALSE,FALSE,FALSE
1840,0.76,0.83,0.69,0.74,0.77,0.71,0.77,0.86,0.6,0.79,0.68,0.73,0.72,0.73,0.66,0.76,0.74,0.66,0,0.78,0.76,0.77,0.75,0.68,0.71,0.81,0.73,FALSE,FALSE,FALSE,FALSE,FALSE,FALSE,FALSE,FALSE,FALSE,FALSE,FALSE,FALSE,FALSE,FALSE,FALSE,FALSE,FALSE,FALSE,FALSE,FALSE,FALSE,FALSE,FALSE,FALSE,FALSE,FALSE,FALSE
1841,0.78,0.86,0.73,0.77,0.84,0.8,0.8,0.88,0.64,0.81,0.76,0.76,0.76,0.76,0.68,0.78,0.75,0.76,0,0.88,0.82,0.81,0.84,0.77,0.71,0.83,0.78,FALSE,FALSE,FALSE,FALSE,FALSE,FALSE,FALSE,FALSE,FALSE,FALSE,FALSE,FALSE,FALSE,FALSE,FALSE,FALSE,FALSE,FALSE,FALSE,FALSE,FALSE,FALSE,FALSE,FALSE,FALSE,FALSE,FALSE
1842,0.77,0.85,0.75,0.75,0.76,0.8,0.82,0.87,0.66,0.84,0.77,0.72,0.72,0.75,0.66,0.7,0.69,0.69,0,0.78,0.78,0.72,0.74,0.76,0.73,0.84,0.73,FALSE,FALSE,FALSE,FALSE,FALSE,FALSE,FALSE,FALSE,FALSE,FALSE,FALSE,FALSE,FALSE,FALSE,FALSE,FALSE,FALSE,FALSE,FALSE,FALSE,FALSE,FALSE,FALSE,FALSE,FALSE,FALSE,FALSE
1843,0.81,0.83,0.71,0.77,0.76,0.77,0.82,0.86,0.68,0.82,0.78,0.82,0.78,0.81,0.64,0.71,0.79,0.75,0,0.78,0.8,0.77,0.83,0.73,0.76,0.83,0.75,FALSE,FALSE,FALSE,FALSE,FALSE,FALSE,FALSE,FALSE,FALSE,FALSE,FALSE,FALSE,FALSE,FALSE,FALSE,FALSE,FALSE,FALSE,FALSE,FALSE,FALSE,FALSE,FALSE,FALSE,FALSE,FALSE,FALSE
1844,0.89,0.88,0.69,0.79,0.8,0.77,0.83,0.86,0.65,0.86,0.71,0.79,0.78,0.82,0.67,0.74,0.76,0.7,0,0.76,0.8,0.76,0.84,0.67,0.69,0.79,0.75,FALSE,FALSE,FALSE,FALSE,FALSE,FALSE,FALSE,FALSE,FALSE,FALSE,FALSE,FALSE,FALSE,FALSE,FALSE,FALSE,FALSE,FALSE,FALSE,FALSE,FALSE,FALSE,FALSE,FALSE,FALSE,FALSE,FALSE
1845,0.76,0.85,0.63,0.69,0.72,0.73,0.76,0.83,0.57,0.76,0.73,0.76,0.74,0.75,0.6,0.61,0.71,0.65,0,0.75,0.74,0.64,0.75,0.6,0.66,0.79,0.74,FALSE,FALSE,FALSE,FALSE,FALSE,FALSE,FALSE,FALSE,FALSE,FALSE,FALSE,FALSE,FALSE,FALSE,FALSE,FALSE,FALSE,FALSE,FALSE,FALSE,FALSE,FALSE,FALSE,FALSE,FALSE,FALSE,FALSE
1846,0.84,0.88,0.72,0.87,0.77,0.79,0.82,0.88,0.69,0.84,0.77,0.86,0.8,0.84,0.64,0.68,0.77,0.76,0,0.88,0.74,0.78,0.76,0.69,0.77,0.83,0.74,FALSE,FALSE,FALSE,FALSE,FALSE,FALSE,FALSE,FALSE,FALSE,FALSE,FALSE,FALSE,FALSE,FALSE,FALSE,FALSE,FALSE,FALSE,FALSE,FALSE,FALSE,FALSE,FALSE,FALSE,FALSE,FALSE,FALSE
1847,0.73,0.82,0.77,0.79,0.8,0.74,0.76,0.8,0.58,0.73,0.74,0.78,0.75,0.75,0.64,0.63,0.71,0.67,0,0.78,0.74,0.79,0.64,0.7,0.77,0.81,0.78,FALSE,FALSE,FALSE,FALSE,FALSE,FALSE,FALSE,FALSE,FALSE,FALSE,FALSE,FALSE,FALSE,FALSE,FALSE,FALSE,FALSE,FALSE,FALSE,FALSE,FALSE,FALSE,FALSE,FALSE,FALSE,FALSE,FALSE
1848,0.8,0.84,0.77,0.83,0.85,0.78,0.79,0.85,0.65,0.86,0.79,0.84,0.82,0.85,0.62,0.72,0.77,0.82,0,0.81,0.78,0.79,0.7,0.66,0.77,0.84,0.69,FALSE,FALSE,FALSE,FALSE,FALSE,FALSE,FALSE,FALSE,FALSE,FALSE,FALSE,FALSE,FALSE,FALSE,FALSE,FALSE,FALSE,FALSE,FALSE,FALSE,FALSE,FALSE,FALSE,FALSE,FALSE,FALSE,FALSE
1849,0.83,0.87,0.78,0.78,0.87,0.82,0.79,0.88,0.68,0.93,0.79,0.82,0.8,0.86,0.66,0.72,0.72,0.78,0,0.8,0.73,0.79,0.63,0.68,0.83,0.83,0.78,FALSE,FALSE,FALSE,FALSE,FALSE,FALSE,FALSE,FALSE,FALSE,FALSE,FALSE,FALSE,FALSE,FALSE,FALSE,FALSE,FALSE,FALSE,FALSE,FALSE,FALSE,FALSE,FALSE,FALSE,FALSE,FALSE,FALSE
1850,0.83,0.84,0.79,0.81,0.79,0.78,0.79,0.87,0.72,0.87,0.81,0.82,0.78,0.83,0.7,0.74,0.71,0.89,0,0.82,0.71,0.78,0.57,0.71,0.78,0.79,0.75,FALSE,FALSE,FALSE,FALSE,FALSE,FALSE,FALSE,FALSE,FALSE,FALSE,FALSE,FALSE,FALSE,FALSE,FALSE,FALSE,FALSE,FALSE,FALSE,FALSE,FALSE,FALSE,FALSE,FALSE,FALSE,FALSE,FALSE
1851,0.72,0.79,0.81,0.75,0.82,0.73,0.72,0.76,0.71,0.88,0.73,0.75,0.75,0.82,0.64,0.76,0.69,0.68,0,0.79,0.65,0.69,0.78,0.66,0.69,0.79,0.72,FALSE,FALSE,FALSE,FALSE,FALSE,FALSE,FALSE,FALSE,FALSE,FALSE,FALSE,FALSE,FALSE,FALSE,FALSE,FALSE,FALSE,FALSE,FALSE,FALSE,FALSE,FALSE,FALSE,FALSE,FALSE,FALSE,FALSE
1852,0.8,0.81,0.77,0.83,0.74,0.81,0.8,0.86,0.8,0.88,0.82,0.8,0.79,0.84,0.68,0.73,0.73,0.79,0,0.8,0.82,0.78,0.78,0.79,0.84,0.87,0.77,FALSE,FALSE,FALSE,FALSE,FALSE,FALSE,FALSE,FALSE,FALSE,FALSE,FALSE,FALSE,FALSE,FALSE,FALSE,FALSE,FALSE,FALSE,FALSE,FALSE,FALSE,FALSE,FALSE,FALSE,FALSE,FALSE,FALSE
1853,0.77,0.8,0.74,0.8,0.78,0.74,0.83,0.8,0.66,0.84,0.79,0.81,0.74,0.85,0.7,0.83,0.79,0.79,0,0.84,0.83,0.67,0.82,0.77,0.77,0.87,0.73,FALSE,FALSE,FALSE,FALSE,FALSE,FALSE,FALSE,FALSE,FALSE,FALSE,FALSE,FALSE,FALSE,FALSE,FALSE,FALSE,FALSE,FALSE,FALSE,FALSE,FALSE,FALSE,FALSE,FALSE,FALSE,FALSE,FALSE
1854,0.8,0.84,0.73,0.8,0.81,0.78,0.8,0.79,0.71,0.84,0.81,0.78,0.75,0.86,0.63,0.82,0.69,0.79,0,0.84,0.79,0.73,0.83,0.76,0.7,0.87,0.73,FALSE,FALSE,FALSE,FALSE,FALSE,FALSE,FALSE,FALSE,FALSE,FALSE,FALSE,FALSE,FALSE,FALSE,FALSE,FALSE,FALSE,FALSE,FALSE,FALSE,FALSE,FALSE,FALSE,FALSE,FALSE,FALSE,FALSE
1855,0.85,0.88,0.77,0.88,0.81,0.83,0.88,0.87,0.75,0.88,0.89,0.78,0.72,0.85,0.76,0.78,0.73,0.8,0,0.83,0.84,0.77,0.81,0.84,0.73,0.88,0.77,FALSE,FALSE,FALSE,FALSE,FALSE,FALSE,FALSE,FALSE,FALSE,FALSE,FALSE,FALSE,FALSE,FALSE,FALSE,FALSE,FALSE,FALSE,FALSE,FALSE,FALSE,FALSE,FALSE,FALSE,FALSE,FALSE,FALSE
1856,0.8,0.83,0.75,0.75,0.76,0.74,0.82,0.83,0.66,0.8,0.83,0.8,0.74,0.82,0.74,0.73,0.73,0.72,0,0.8,0.8,0.75,0.81,0.7,0.76,0.84,0.76,FALSE,FALSE,FALSE,FALSE,FALSE,FALSE,FALSE,FALSE,FALSE,FALSE,FALSE,FALSE,FALSE,FALSE,FALSE,FALSE,FALSE,FALSE,FALSE,FALSE,FALSE,FALSE,FALSE,FALSE,FALSE,FALSE,FALSE
1857,0.87,0.83,0.77,0.75,0.83,0.77,0.79,0.86,0.65,0.85,0.83,0.85,0.82,0.85,0.69,0.7,0.78,0.74,0,0.84,0.83,0.77,0.79,0.73,0.77,0.87,0.77,FALSE,FALSE,FALSE,FALSE,FALSE,FALSE,FALSE,FALSE,FALSE,FALSE,FALSE,FALSE,FALSE,FALSE,FALSE,FALSE,FALSE,FALSE,FALSE,FALSE,FALSE,FALSE,FALSE,FALSE,FALSE,FALSE,FALSE
1858,0.81,0.83,0.79,0.73,0.78,0.76,0.79,0.84,0.69,0.83,0.85,0.83,0.85,0.84,0.67,0.74,0.79,0.76,0,0.75,0.82,0.76,0.74,0.67,0.81,0.86,0.78,FALSE,FALSE,FALSE,FALSE,FALSE,FALSE,FALSE,FALSE,FALSE,FALSE,FALSE,FALSE,FALSE,FALSE,FALSE,FALSE,FALSE,FALSE,FALSE,FALSE,FALSE,FALSE,FALSE,FALSE,FALSE,FALSE,FALSE
1859,0.79,0.85,0.75,0.76,0.8,0.73,0.79,0.82,0.71,0.86,0.89,0.8,0.81,0.86,0.67,0.75,0.67,0.7,0,0.68,0.81,0.75,0.72,0.69,0.83,0.84,0.73,FALSE,FALSE,FALSE,FALSE,FALSE,FALSE,FALSE,FALSE,FALSE,FALSE,FALSE,FALSE,FALSE,FALSE,FALSE,FALSE,FALSE,FALSE,FALSE,FALSE,FALSE,FALSE,FALSE,FALSE,FALSE,FALSE,FALSE
1860,0.79,0.82,0.71,0.72,0.79,0.75,0.78,0.77,0.7,0.83,0.83,0.82,0.78,0.87,0.64,0.73,0.7,0.71,0,0.61,0.8,0.75,0.75,0.7,0.75,0.83,0.74,FALSE,FALSE,FALSE,FALSE,FALSE,FALSE,FALSE,FALSE,FALSE,FALSE,FALSE,FALSE,FALSE,FALSE,FALSE,FALSE,FALSE,FALSE,FALSE,FALSE,FALSE,FALSE,FALSE,FALSE,FALSE,FALSE,FALSE
1861,0.78,0.83,0.69,0.75,0.8,0.7,0.76,0.84,0.72,0.77,0.81,0.81,0.82,0.83,0.66,0.71,0.74,0.72,0,0.7,0.8,0.74,0.77,0.71,0.76,0.81,0.73,FALSE,FALSE,FALSE,FALSE,FALSE,FALSE,FALSE,FALSE,FALSE,FALSE,FALSE,FALSE,FALSE,FALSE,FALSE,FALSE,FALSE,FALSE,FALSE,FALSE,FALSE,FALSE,FALSE,FALSE,FALSE,FALSE,FALSE
1862,0.66,0.75,0.7,0.71,0.8,0.69,0.74,0.73,0.65,0.7,0.79,0.72,0.74,0.76,0.52,0.62,0.78,0.59,0,0.69,0.66,0.54,0.56,0.63,0.7,0.78,0.64,FALSE,FALSE,FALSE,FALSE,FALSE,FALSE,FALSE,FALSE,FALSE,FALSE,FALSE,FALSE,FALSE,FALSE,FALSE,FALSE,FALSE,FALSE,FALSE,FALSE,FALSE,FALSE,FALSE,FALSE,FALSE,FALSE,FALSE
1863,0.83,0.83,0.75,0.85,0.8,0.81,0.78,0.86,0.78,0.82,0.9,0.83,0.86,0.85,0.66,0.8,0.78,0.68,0,0.69,0.84,0.78,0.76,0.71,0.83,0.88,0.73,FALSE,FALSE,FALSE,FALSE,FALSE,FALSE,FALSE,FALSE,FALSE,FALSE,FALSE,FALSE,FALSE,FALSE,FALSE,FALSE,FALSE,FALSE,FALSE,FALSE,FALSE,FALSE,FALSE,FALSE,FALSE,FALSE,FALSE
1864,0.83,0.83,0.68,0.77,0.79,0.81,0.78,0.82,0.87,0.79,0.85,0.79,0.79,0.85,0.72,0.81,0.8,0.71,0,0.74,0.83,0.77,0.77,0.73,0.79,0.86,0.68,FALSE,FALSE,FALSE,FALSE,FALSE,FALSE,FALSE,FALSE,FALSE,FALSE,FALSE,FALSE,FALSE,FALSE,FALSE,FALSE,FALSE,FALSE,FALSE,FALSE,FALSE,FALSE,FALSE,FALSE,FALSE,FALSE,FALSE
1865,0.76,0.77,0.65,0.74,0.75,0.74,0.71,0.72,0.82,0.72,0.82,0.8,0.73,0.81,0.7,0.72,0.77,0.61,0,0.72,0.79,0.72,0.75,0.65,0.71,0.75,0.63,FALSE,FALSE,FALSE,FALSE,FALSE,FALSE,FALSE,FALSE,FALSE,FALSE,FALSE,FALSE,FALSE,FALSE,FALSE,FALSE,FALSE,FALSE,FALSE,FALSE,FALSE,FALSE,FALSE,FALSE,FALSE,FALSE,FALSE
1866,0.8,0.79,0.64,0.74,0.78,0.75,0.75,0.81,0.74,0.77,0.8,0.79,0.74,0.83,0.79,0.76,0.64,0.68,0,0.71,0.85,0.68,0.75,0.7,0.8,0.82,0.79,FALSE,FALSE,FALSE,FALSE,FALSE,FALSE,FALSE,FALSE,FALSE,FALSE,FALSE,FALSE,FALSE,FALSE,FALSE,FALSE,FALSE,FALSE,FALSE,FALSE,FALSE,FALSE,FALSE,FALSE,FALSE,FALSE,FALSE
1867,0.75,0.77,0.64,0.75,0.79,0.77,0.73,0.78,0.76,0.72,0.81,0.85,0.76,0.82,0.72,0.7,0.71,0.65,0,0.71,0.81,0.7,0.73,0.66,0.75,0.82,0.61,FALSE,FALSE,FALSE,FALSE,FALSE,FALSE,FALSE,FALSE,FALSE,FALSE,FALSE,FALSE,FALSE,FALSE,FALSE,FALSE,FALSE,FALSE,FALSE,FALSE,FALSE,FALSE,FALSE,FALSE,FALSE,FALSE,FALSE
1868,0.84,0.85,0.67,0.76,0.81,0.85,0.76,0.82,0.79,0.84,0.84,0.87,0.79,0.86,0.79,0.79,0.73,0.76,0,0.74,0.88,0.76,0.78,0.74,0.75,0.83,0.6,FALSE,FALSE,FALSE,FALSE,FALSE,FALSE,FALSE,FALSE,FALSE,FALSE,FALSE,FALSE,FALSE,FALSE,FALSE,FALSE,FALSE,FALSE,FALSE,FALSE,FALSE,FALSE,FALSE,FALSE,FALSE,FALSE,FALSE
1869,0.89,0.84,0.75,0.79,0.84,0.79,0.79,0.79,0.78,0.85,0.83,0.84,0.78,0.85,0.75,0.77,0.72,0.7,0,0.69,0.9,0.77,0.85,0.74,0.82,0.86,0.79,FALSE,FALSE,FALSE,FALSE,FALSE,FALSE,FALSE,FALSE,FALSE,FALSE,FALSE,FALSE,FALSE,FALSE,FALSE,FALSE,FALSE,FALSE,FALSE,FALSE,FALSE,FALSE,FALSE,FALSE,FALSE,FALSE,FALSE
1870,0.86,0.82,0.7,0.78,0.87,0.76,0.73,0.8,0.81,0.87,0.82,0.79,0.82,0.81,0.73,0.75,0.75,0.73,0,0.78,0.87,0.77,0.84,0.71,0.77,0.85,0.73,FALSE,FALSE,FALSE,FALSE,FALSE,FALSE,FALSE,FALSE,FALSE,FALSE,FALSE,FALSE,FALSE,FALSE,FALSE,FALSE,FALSE,FALSE,FALSE,FALSE,FALSE,FALSE,FALSE,FALSE,FALSE,FALSE,FALSE
1871,0.84,0.83,0.71,0.79,0.83,0.73,0.72,0.8,0.77,0.82,0.79,0.78,0.81,0.84,0.73,0.74,0.69,0.71,0,0.74,0.89,0.78,0.82,0.73,0.77,0.84,0.68,FALSE,FALSE,FALSE,FALSE,FALSE,FALSE,FALSE,FALSE,FALSE,FALSE,FALSE,FALSE,FALSE,FALSE,FALSE,FALSE,FALSE,FALSE,FALSE,FALSE,FALSE,FALSE,FALSE,FALSE,FALSE,FALSE,FALSE
1872,0.79,0.82,0.73,0.74,0.81,0.71,0.67,0.75,0.7,0.77,0.69,0.76,0.76,0.82,0.75,0.75,0.67,0.71,0,0.68,0.79,0.72,0.8,0.71,0.72,0.85,0.67,FALSE,FALSE,FALSE,FALSE,FALSE,FALSE,FALSE,FALSE,FALSE,FALSE,FALSE,FALSE,FALSE,FALSE,FALSE,FALSE,FALSE,FALSE,FALSE,FALSE,FALSE,FALSE,FALSE,FALSE,FALSE,FALSE,FALSE
1873,0.78,0.82,0.72,0.72,0.79,0.69,0.7,0.78,0.74,0.78,0.72,0.77,0.78,0.82,0.69,0.7,0.67,0.69,0,0.71,0.8,0.73,0.79,0.71,0.76,0.84,0.65,FALSE,FALSE,FALSE,FALSE,FALSE,FALSE,FALSE,FALSE,FALSE,FALSE,FALSE,FALSE,FALSE,FALSE,FALSE,FALSE,FALSE,FALSE,FALSE,FALSE,FALSE,FALSE,FALSE,FALSE,FALSE,FALSE,FALSE
1874,0.79,0.81,0.7,0.7,0.83,0.75,0.72,0.73,0.71,0.82,0.68,0.76,0.78,0.88,0.7,0.73,0.73,0.69,0,0.68,0.77,0.77,0.82,0.75,0.72,0.86,0.68,FALSE,FALSE,FALSE,FALSE,FALSE,FALSE,FALSE,FALSE,FALSE,FALSE,FALSE,FALSE,FALSE,FALSE,FALSE,FALSE,FALSE,FALSE,FALSE,FALSE,FALSE,FALSE,FALSE,FALSE,FALSE,FALSE,FALSE
1875,0.81,0.81,0.72,0.73,0.77,0.88,0.74,0.78,0.75,0.88,0.69,0.75,0.75,0.81,0.68,0.72,0.79,0.77,0,0.7,0.79,0.75,0.8,0.71,0.72,0.85,0.66,FALSE,FALSE,FALSE,FALSE,FALSE,FALSE,FALSE,FALSE,FALSE,FALSE,FALSE,FALSE,FALSE,FALSE,FALSE,FALSE,FALSE,FALSE,FALSE,FALSE,FALSE,FALSE,FALSE,FALSE,FALSE,FALSE,FALSE
1876,0.76,0.78,0.67,0.69,0.76,0.77,0.69,0.71,0.64,0.73,0.67,0.7,0.69,0.8,0.64,0.68,0.72,0.7,0,0.62,0.68,0.74,0.76,0.72,0.66,0.81,0.59,FALSE,FALSE,FALSE,FALSE,FALSE,FALSE,FALSE,FALSE,FALSE,FALSE,FALSE,FALSE,FALSE,FALSE,FALSE,FALSE,FALSE,FALSE,FALSE,FALSE,FALSE,FALSE,FALSE,FALSE,FALSE,FALSE,FALSE
1877,0.87,0.8,0.76,0.75,0.76,0.74,0.71,0.8,0.8,0.83,0.78,0.83,0.78,0.8,0.69,0.7,0.74,0.68,0,0.7,0.67,0.7,0.66,0.62,0.78,0.79,0.65,FALSE,FALSE,FALSE,FALSE,FALSE,FALSE,FALSE,FALSE,FALSE,FALSE,FALSE,FALSE,FALSE,FALSE,FALSE,FALSE,FALSE,FALSE,FALSE,FALSE,FALSE,FALSE,FALSE,FALSE,FALSE,FALSE,FALSE
1878,0.89,0.81,0.7,0.72,0.82,0.83,0.77,0.79,0.82,0.88,0.71,0.75,0.78,0.85,0.74,0.78,0.7,0.72,0,0.71,0.82,0.84,0.79,0.71,0.78,0.81,0.7,FALSE,FALSE,FALSE,FALSE,FALSE,FALSE,FALSE,FALSE,FALSE,FALSE,FALSE,FALSE,FALSE,FALSE,FALSE,FALSE,FALSE,FALSE,FALSE,FALSE,FALSE,FALSE,FALSE,FALSE,FALSE,FALSE,FALSE
1879,0.86,0.8,0.68,0.72,0.83,0.82,0.77,0.79,0.81,0.8,0.78,0.79,0.81,0.82,0.63,0.73,0.77,0.67,0,0.69,0.69,0.75,0.76,0.7,0.75,0.82,0.69,FALSE,FALSE,FALSE,FALSE,FALSE,FALSE,FALSE,FALSE,FALSE,FALSE,FALSE,FALSE,FALSE,FALSE,FALSE,FALSE,FALSE,FALSE,FALSE,FALSE,FALSE,FALSE,FALSE,FALSE,FALSE,FALSE,FALSE
1880,0.81,0.77,0.67,0.82,0.73,0.75,0.7,0.77,0.7,0.74,0.71,0.76,0.73,0.8,0.59,0.62,0.72,0.6,0,0.7,0.68,0.73,0.72,0.68,0.68,0.81,0.66,FALSE,FALSE,FALSE,FALSE,FALSE,FALSE,FALSE,FALSE,FALSE,FALSE,FALSE,FALSE,FALSE,FALSE,FALSE,FALSE,FALSE,FALSE,FALSE,FALSE,FALSE,FALSE,FALSE,FALSE,FALSE,FALSE,FALSE
1881,0.83,0.78,0.71,0.83,0.73,0.62,0.64,0.71,0.71,0.71,0.74,0.76,0.75,0.84,0.5,0.63,0.72,0.61,0,0.78,0.64,0.62,0.69,0.65,0.66,0.69,0.6,FALSE,FALSE,FALSE,FALSE,FALSE,FALSE,FALSE,FALSE,FALSE,FALSE,FALSE,FALSE,FALSE,FALSE,FALSE,FALSE,FALSE,FALSE,FALSE,FALSE,FALSE,FALSE,FALSE,FALSE,FALSE,FALSE,FALSE
1882,0.87,0.77,0.71,0.82,0.73,0.75,0.73,0.77,0.71,0.77,0.69,0.69,0.8,0.85,0.61,0.65,0.72,0.66,0,0.76,0.8,0.76,0.76,0.72,0.71,0.8,0.73,FALSE,FALSE,FALSE,FALSE,FALSE,FALSE,FALSE,FALSE,FALSE,FALSE,FALSE,FALSE,FALSE,FALSE,FALSE,FALSE,FALSE,FALSE,FALSE,FALSE,FALSE,FALSE,FALSE,FALSE,FALSE,FALSE,FALSE
1883,0.88,0.77,0.73,0.77,0.76,0.79,0.75,0.79,0.69,0.77,0.72,0.71,0.77,0.8,0.58,0.77,0.75,0.64,0,0.73,0.81,0.79,0.73,0.74,0.71,0.78,0.72,FALSE,FALSE,FALSE,FALSE,FALSE,FALSE,FALSE,FALSE,FALSE,FALSE,FALSE,FALSE,FALSE,FALSE,FALSE,FALSE,FALSE,FALSE,FALSE,FALSE,FALSE,FALSE,FALSE,FALSE,FALSE,FALSE,FALSE
1884,0.86,0.74,0.65,0.66,0.74,0.65,0.64,0.68,0.65,0.65,0.63,0.66,0.69,0.71,0.49,0.68,0.73,0.65,0,0.7,0.6,0.65,0.6,0.63,0.64,0.59,0.55,FALSE,FALSE,FALSE,FALSE,FALSE,FALSE,FALSE,FALSE,FALSE,FALSE,FALSE,FALSE,FALSE,FALSE,FALSE,FALSE,FALSE,FALSE,FALSE,FALSE,FALSE,FALSE,FALSE,FALSE,FALSE,TRUE,FALSE
1885,0.9,0.77,0.75,0.78,0.82,0.85,0.79,0.86,0.86,0.85,0.86,0.79,0.8,0.82,0.6,0.76,0.77,0.73,0,0.74,0.88,0.86,0.81,0.77,0.89,0.77,0.71,FALSE,FALSE,FALSE,FALSE,FALSE,FALSE,FALSE,FALSE,FALSE,FALSE,FALSE,FALSE,FALSE,FALSE,FALSE,FALSE,FALSE,FALSE,FALSE,FALSE,FALSE,FALSE,FALSE,FALSE,FALSE,FALSE,FALSE
1886,0.88,0.74,0.72,0.73,0.77,0.78,0.76,0.82,0.8,0.81,0.73,0.76,0.76,0.76,0.57,0.72,0.74,0.71,0,0.77,0.83,0.77,0.82,0.7,0.76,0.81,0.67,FALSE,FALSE,FALSE,FALSE,FALSE,FALSE,FALSE,FALSE,FALSE,FALSE,FALSE,FALSE,FALSE,FALSE,FALSE,FALSE,FALSE,FALSE,FALSE,FALSE,FALSE,FALSE,FALSE,FALSE,FALSE,FALSE,FALSE
1887,0.86,0.78,0.71,0.7,0.71,0.78,0.77,0.79,0.74,0.75,0.68,0.77,0.78,0.79,0.6,0.69,0.74,0.71,0,0.68,0.77,0.74,0.73,0.7,0.73,0.81,0.69,FALSE,FALSE,FALSE,FALSE,FALSE,FALSE,FALSE,FALSE,FALSE,FALSE,FALSE,FALSE,FALSE,FALSE,FALSE,FALSE,FALSE,FALSE,FALSE,FALSE,FALSE,FALSE,FALSE,FALSE,FALSE,FALSE,FALSE
1888,0.91,0.85,0.71,0.76,0.76,0.81,0.84,0.91,0.85,0.85,0.73,0.85,0.79,0.79,0.7,0.72,0.75,0.73,0,0.74,0.89,0.83,0.81,0.78,0.91,0.82,0.77,FALSE,FALSE,FALSE,FALSE,FALSE,FALSE,FALSE,FALSE,FALSE,FALSE,FALSE,FALSE,FALSE,FALSE,FALSE,FALSE,FALSE,FALSE,FALSE,FALSE,FALSE,FALSE,FALSE,FALSE,FALSE,FALSE,FALSE
1889,0.92,0.85,0.76,0.82,0.8,0.82,0.91,0.9,0.9,0.89,0.77,0.85,0.81,0.78,0.74,0.77,0.66,0.81,0,0.78,0.88,0.84,0.83,0.81,0.85,0.86,0.81,FALSE,FALSE,FALSE,FALSE,FALSE,FALSE,FALSE,FALSE,FALSE,FALSE,FALSE,FALSE,FALSE,FALSE,FALSE,FALSE,FALSE,FALSE,FALSE,FALSE,FALSE,FALSE,FALSE,FALSE,FALSE,FALSE,FALSE
1890,0.89,0.87,0.73,0.77,0.73,0.77,0.84,0.85,0.82,0.71,0.74,0.8,0.79,0.77,0.69,0.72,0.69,0.74,0,0.66,0.81,0.81,0.77,0.77,0.81,0.83,0.75,FALSE,FALSE,FALSE,FALSE,FALSE,FALSE,FALSE,FALSE,FALSE,FALSE,FALSE,FALSE,FALSE,FALSE,FALSE,FALSE,FALSE,FALSE,FALSE,FALSE,FALSE,FALSE,FALSE,FALSE,FALSE,FALSE,FALSE
1891,0.9,0.86,0.7,0.78,0.75,0.74,0.83,0.86,0.83,0.78,0.75,0.79,0.79,0.77,0.68,0.68,0.67,0.74,0,0.71,0.8,0.81,0.79,0.77,0.79,0.81,0.77,FALSE,FALSE,FALSE,FALSE,FALSE,FALSE,FALSE,FALSE,FALSE,FALSE,FALSE,FALSE,FALSE,FALSE,FALSE,FALSE,FALSE,FALSE,FALSE,FALSE,FALSE,FALSE,FALSE,FALSE,FALSE,FALSE,FALSE
1892,0.88,0.81,0.67,0.72,0.79,0.77,0.79,0.86,0.77,0.73,0.68,0.76,0.79,0.78,0.68,0.7,0.67,0.73,0.83,0.74,0.81,0.71,0.79,0.76,0.82,0.82,0.77,FALSE,FALSE,FALSE,FALSE,FALSE,FALSE,FALSE,FALSE,FALSE,FALSE,FALSE,FALSE,FALSE,FALSE,FALSE,FALSE,FALSE,FALSE,FALSE,FALSE,FALSE,FALSE,FALSE,FALSE,FALSE,FALSE,FALSE
1893,0.83,0.74,0.64,0.64,0.7,0.61,0.66,0.7,0.69,0.7,0.59,0.73,0.72,0.74,0.53,0.6,0.68,0.63,0.68,0.7,0.63,0.6,0.63,0.59,0.63,0.62,0.53,FALSE,FALSE,FALSE,FALSE,FALSE,FALSE,FALSE,FALSE,FALSE,FALSE,FALSE,FALSE,FALSE,FALSE,FALSE,FALSE,FALSE,FALSE,FALSE,FALSE,FALSE,FALSE,FALSE,FALSE,FALSE,TRUE,TRUE
1894,0.85,0.79,0.74,0.74,0.78,0.7,0.79,0.87,0.82,0.83,0.73,0.75,0.82,0.84,0.64,0.67,0.71,0.66,0.84,0.7,0.72,0.7,0.75,0.77,0.79,0.81,0.75,FALSE,FALSE,FALSE,FALSE,FALSE,FALSE,FALSE,FALSE,FALSE,FALSE,FALSE,FALSE,FALSE,FALSE,FALSE,FALSE,FALSE,FALSE,FALSE,FALSE,FALSE,FALSE,FALSE,FALSE,FALSE,FALSE,FALSE
1895,0.86,0.82,0.73,0.73,0.72,0.74,0.68,0.75,0.85,0.8,0.73,0.8,0.8,0.81,0.59,0.63,0.79,0.71,0.78,0.69,0.71,0.71,0.74,0.75,0.73,0.77,0.72,FALSE,FALSE,FALSE,FALSE,FALSE,FALSE,FALSE,FALSE,FALSE,FALSE,FALSE,FALSE,FALSE,FALSE,FALSE,FALSE,FALSE,FALSE,FALSE,FALSE,FALSE,FALSE,FALSE,FALSE,FALSE,FALSE,FALSE
1896,0.85,0.79,0.74,0.69,0.74,0.72,0.72,0.83,0.7,0.71,0.68,0.68,0.84,0.84,0.64,0.62,0.74,0.71,0.76,0.62,0.82,0.77,0.74,0.71,0.79,0.8,0.76,FALSE,FALSE,FALSE,FALSE,FALSE,FALSE,FALSE,FALSE,FALSE,FALSE,FALSE,FALSE,FALSE,FALSE,FALSE,FALSE,FALSE,FALSE,FALSE,FALSE,FALSE,FALSE,FALSE,FALSE,FALSE,FALSE,FALSE
1897,0.88,0.81,0.76,0.69,0.71,0.73,0.75,0.77,0.82,0.77,0.78,0.74,0.78,0.83,0.61,0.61,0.76,0.73,0.82,0.66,0.7,0.73,0.7,0.73,0.74,0.78,0.69,FALSE,FALSE,FALSE,FALSE,FALSE,FALSE,FALSE,FALSE,FALSE,FALSE,FALSE,FALSE,FALSE,FALSE,FALSE,FALSE,FALSE,FALSE,FALSE,FALSE,FALSE,FALSE,FALSE,FALSE,FALSE,FALSE,FALSE
1898,0.86,0.83,0.71,0.78,0.76,0.83,0.74,0.81,0.83,0.77,0.77,0.75,0.77,0.82,0.64,0.64,0.81,0.76,0.84,0.67,0.78,0.8,0.77,0.76,0.76,0.83,0.73,FALSE,FALSE,FALSE,FALSE,FALSE,FALSE,FALSE,FALSE,FALSE,FALSE,FALSE,FALSE,FALSE,FALSE,FALSE,FALSE,FALSE,FALSE,FALSE,FALSE,FALSE,FALSE,FALSE,FALSE,FALSE,FALSE,FALSE
1899,0.79,0.78,0.71,0.72,0.75,0.73,0.69,0.75,0.69,0.57,0.62,0.64,0.71,0.81,0.58,0.56,0.75,0.61,0.72,0.64,0.64,0.65,0.62,0.69,0.66,0.74,0.67,FALSE,FALSE,FALSE,FALSE,FALSE,FALSE,FALSE,FALSE,FALSE,FALSE,FALSE,FALSE,FALSE,FALSE,FALSE,FALSE,FALSE,FALSE,FALSE,FALSE,FALSE,FALSE,FALSE,FALSE,FALSE,FALSE,FALSE
1900,0.81,0.85,0.73,0.81,0.71,0.74,0.7,0.76,0.85,0.63,0.71,0.72,0.76,0.81,0.56,0.58,0.7,0.67,0.82,0.68,0.63,0.71,0.7,0.68,0.74,0.78,0.68,FALSE,FALSE,FALSE,FALSE,FALSE,FALSE,FALSE,FALSE,FALSE,FALSE,FALSE,FALSE,FALSE,FALSE,FALSE,FALSE,FALSE,FALSE,FALSE,FALSE,FALSE,FALSE,FALSE,FALSE,FALSE,FALSE,FALSE
1901,0.81,0.8,0.75,0.79,0.74,0.78,0.73,0.82,0.8,0.74,0.76,0.72,0.77,0.85,0.62,0.6,0.71,0.7,0.81,0.71,0.75,0.74,0.73,0.7,0.74,0.78,0.73,FALSE,FALSE,FALSE,FALSE,FALSE,FALSE,FALSE,FALSE,FALSE,FALSE,FALSE,FALSE,FALSE,FALSE,FALSE,FALSE,FALSE,FALSE,FALSE,FALSE,FALSE,FALSE,FALSE,FALSE,FALSE,FALSE,FALSE
1902,0.85,0.74,0.64,0.76,0.77,0.78,0.75,0.78,0.82,0.81,0.76,0.73,0.75,0.86,0.64,0.63,0.73,0.74,0.81,0.66,0.74,0.77,0.75,0.75,0.75,0.78,0.74,FALSE,FALSE,FALSE,FALSE,FALSE,FALSE,FALSE,FALSE,FALSE,FALSE,FALSE,FALSE,FALSE,FALSE,FALSE,FALSE,FALSE,FALSE,FALSE,FALSE,FALSE,FALSE,FALSE,FALSE,FALSE,FALSE,FALSE
1903,0.8,0.82,0.66,0.8,0.75,0.74,0.72,0.73,0.79,0.74,0.76,0.74,0.73,0.81,0.6,0.6,0.76,0.71,0.78,0.67,0.68,0.69,0.7,0.68,0.76,0.76,0.68,FALSE,FALSE,FALSE,FALSE,FALSE,FALSE,FALSE,FALSE,FALSE,FALSE,FALSE,FALSE,FALSE,FALSE,FALSE,FALSE,FALSE,FALSE,FALSE,FALSE,FALSE,FALSE,FALSE,FALSE,FALSE,FALSE,FALSE
1904,0.86,0.85,0.68,0.8,0.78,0.78,0.77,0.79,0.82,0.79,0.81,0.73,0.81,0.83,0.67,0.59,0.81,0.75,0.77,0.69,0.81,0.79,0.72,0.73,0.83,0.8,0.76,FALSE,FALSE,FALSE,FALSE,FALSE,FALSE,FALSE,FALSE,FALSE,FALSE,FALSE,FALSE,FALSE,FALSE,FALSE,FALSE,FALSE,FALSE,FALSE,FALSE,FALSE,FALSE,FALSE,FALSE,FALSE,FALSE,FALSE
1905,0.88,0.8,0.73,0.84,0.73,0.83,0.79,0.8,0.81,0.83,0.8,0.66,0.8,0.81,0.71,0.57,0.79,0.79,0.81,0.69,0.79,0.78,0.78,0.71,0.8,0.86,0.74,FALSE,FALSE,FALSE,FALSE,FALSE,FALSE,FALSE,FALSE,FALSE,FALSE,FALSE,FALSE,FALSE,FALSE,FALSE,FALSE,FALSE,FALSE,FALSE,FALSE,FALSE,FALSE,FALSE,FALSE,FALSE,FALSE,FALSE
1906,0.91,0.79,0.73,0.83,0.79,0.76,0.72,0.8,0.79,0.69,0.78,0.6,0.86,0.84,0.7,0.52,0.65,0.8,0.82,0.69,0.77,0.78,0.8,0.7,0.69,0.82,0.73,FALSE,FALSE,FALSE,FALSE,FALSE,FALSE,FALSE,FALSE,FALSE,FALSE,FALSE,FALSE,FALSE,FALSE,FALSE,FALSE,FALSE,FALSE,FALSE,FALSE,FALSE,FALSE,FALSE,FALSE,FALSE,FALSE,FALSE
1907,0.86,0.75,0.72,0.79,0.79,0.65,0.69,0.7,0.74,0.63,0.78,0.63,0.8,0.82,0.63,0.52,0.6,0.72,0.77,0.62,0.65,0.68,0.73,0.67,0.66,0.75,0.66,FALSE,FALSE,FALSE,FALSE,FALSE,FALSE,FALSE,FALSE,FALSE,FALSE,FALSE,FALSE,FALSE,FALSE,FALSE,FALSE,FALSE,FALSE,FALSE,FALSE,FALSE,FALSE,FALSE,FALSE,FALSE,FALSE,FALSE
1908,0.86,0.81,0.67,0.77,0.76,0.73,0.68,0.74,0.8,0.71,0.85,0.66,0.86,0.8,0.69,0.63,0.63,0.68,0.76,0.62,0.68,0.7,0.72,0.71,0.71,0.81,0.71,FALSE,FALSE,FALSE,FALSE,FALSE,FALSE,FALSE,FALSE,FALSE,FALSE,FALSE,FALSE,FALSE,FALSE,FALSE,FALSE,FALSE,FALSE,FALSE,FALSE,FALSE,FALSE,FALSE,FALSE,FALSE,FALSE,FALSE
1909,0.82,0.78,0.69,0.77,0.79,0.74,0.75,0.77,0.84,0.7,0.88,0.73,0.82,0.87,0.66,0.62,0.69,0.7,0.78,0.61,0.7,0.67,0.75,0.73,0.76,0.81,0.7,FALSE,FALSE,FALSE,FALSE,FALSE,FALSE,FALSE,FALSE,FALSE,FALSE,FALSE,FALSE,FALSE,FALSE,FALSE,FALSE,FALSE,FALSE,FALSE,FALSE,FALSE,FALSE,FALSE,FALSE,FALSE,FALSE,FALSE
1910,0.91,0.84,0.8,0.83,0.87,0.81,0.84,0.82,0.9,0.85,0.95,0.77,0.83,0.88,0.71,0.65,0.67,0.79,0.87,0.7,0.75,0.77,0.83,0.79,0.83,0.86,0.8,FALSE,FALSE,FALSE,FALSE,FALSE,FALSE,FALSE,FALSE,FALSE,FALSE,FALSE,FALSE,FALSE,FALSE,FALSE,FALSE,FALSE,FALSE,FALSE,FALSE,FALSE,FALSE,FALSE,FALSE,FALSE,FALSE,FALSE
1911,0.82,0.81,0.75,0.81,0.75,0.78,0.8,0.75,0.87,0.85,0.86,0.74,0.75,0.78,0.64,0.6,0.71,0.72,0.74,0.67,0.66,0.65,0.75,0.76,0.74,0.8,0.7,FALSE,FALSE,FALSE,FALSE,FALSE,FALSE,FALSE,FALSE,FALSE,FALSE,FALSE,FALSE,FALSE,FALSE,FALSE,FALSE,FALSE,FALSE,FALSE,FALSE,FALSE,FALSE,FALSE,FALSE,FALSE,FALSE,FALSE
1912,0.77,0.8,0.76,0.81,0.82,0.69,0.81,0.74,0.8,0.77,0.82,0.67,0.73,0.83,0.63,0.53,0.59,0.58,0.79,0.64,0.67,0.62,0.72,0.69,0.67,0.75,0.69,FALSE,FALSE,FALSE,FALSE,FALSE,FALSE,FALSE,FALSE,FALSE,FALSE,FALSE,FALSE,FALSE,FALSE,FALSE,FALSE,FALSE,FALSE,FALSE,FALSE,FALSE,FALSE,FALSE,FALSE,FALSE,FALSE,FALSE
1913,0.82,0.77,0.69,0.8,0.74,0.83,0.76,0.76,0.84,0.73,0.84,0.71,0.75,0.79,0.69,0.55,0.61,0.64,0.73,0.64,0.69,0.63,0.68,0.74,0.74,0.78,0.71,FALSE,FALSE,FALSE,FALSE,FALSE,FALSE,FALSE,FALSE,FALSE,FALSE,FALSE,FALSE,FALSE,FALSE,FALSE,FALSE,FALSE,FALSE,FALSE,FALSE,FALSE,FALSE,FALSE,FALSE,FALSE,FALSE,FALSE
1914,0.88,0.82,0.76,0.85,0.75,0.75,0.79,0.82,0.83,0.79,0.88,0.72,0.79,0.79,0.7,0.69,0.74,0.69,0.83,0.74,0.76,0.73,0.73,0.71,0.78,0.84,0.73,FALSE,FALSE,FALSE,FALSE,FALSE,FALSE,FALSE,FALSE,FALSE,FALSE,FALSE,FALSE,FALSE,FALSE,FALSE,FALSE,FALSE,FALSE,FALSE,FALSE,FALSE,FALSE,FALSE,FALSE,FALSE,FALSE,FALSE
1915,0.89,0.82,0.77,0.83,0.77,0.8,0.77,0.83,0.86,0.75,0.86,0.73,0.77,0.78,0.72,0.74,0.69,0.69,0.77,0.7,0.76,0.73,0.74,0.7,0.76,0.79,0.72,FALSE,FALSE,FALSE,FALSE,FALSE,FALSE,FALSE,FALSE,FALSE,FALSE,FALSE,FALSE,FALSE,FALSE,FALSE,FALSE,FALSE,FALSE,FALSE,FALSE,FALSE,FALSE,FALSE,FALSE,FALSE,FALSE,FALSE
1916,0.8,0.79,0.72,0.75,0.7,0.74,0.78,0.73,0.65,0.56,0.81,0.67,0.69,0.8,0.69,0.65,0.63,0.69,0.75,0.63,0.7,0.67,0.6,0.66,0.7,0.81,0.66,FALSE,FALSE,FALSE,FALSE,FALSE,FALSE,FALSE,FALSE,FALSE,FALSE,FALSE,FALSE,FALSE,FALSE,FALSE,FALSE,FALSE,FALSE,FALSE,FALSE,FALSE,FALSE,FALSE,FALSE,FALSE,FALSE,FALSE
1917,0.81,0.82,0.75,0.76,0.73,0.66,0.77,0.8,0.71,0.71,0.8,0.67,0.71,0.76,0.68,0.63,0.71,0.67,0.76,0.63,0.7,0.67,0.64,0.67,0.68,0.82,0.7,FALSE,FALSE,FALSE,FALSE,FALSE,FALSE,FALSE,FALSE,FALSE,FALSE,FALSE,FALSE,FALSE,FALSE,FALSE,FALSE,FALSE,FALSE,FALSE,FALSE,FALSE,FALSE,FALSE,FALSE,FALSE,FALSE,FALSE
1918,0.77,0.65,0.62,0.66,0.68,0.55,0.78,0.76,0.55,0.55,0.71,0.55,0.67,0.7,0.63,0.53,0.53,0.63,0.73,0.51,0.56,0.58,0.61,0.62,0.59,0.81,0.6,FALSE,TRUE,FALSE,FALSE,FALSE,TRUE,FALSE,FALSE,TRUE,FALSE,FALSE,FALSE,FALSE,FALSE,FALSE,FALSE,FALSE,FALSE,FALSE,TRUE,FALSE,FALSE,FALSE,FALSE,FALSE,FALSE,FALSE
1919,0.89,0.79,0.76,0.74,0.72,0.69,0.79,0.78,0.71,0.68,0.74,0.71,0.72,0.73,0.65,0.58,0.6,0.68,0.79,0.56,0.73,0.71,0.68,0.67,0.84,0.82,0.71,FALSE,FALSE,FALSE,FALSE,FALSE,FALSE,FALSE,FALSE,FALSE,FALSE,FALSE,FALSE,FALSE,FALSE,FALSE,FALSE,FALSE,FALSE,FALSE,FALSE,FALSE,FALSE,FALSE,FALSE,FALSE,FALSE,FALSE
1920,0.82,0.78,0.74,0.72,0.69,0.61,0.7,0.76,0.7,0.64,0.76,0.7,0.7,0.71,0.57,0.52,0.56,0.65,0.77,0.6,0.65,0.63,0.6,0.64,0.66,0.77,0.6,FALSE,FALSE,FALSE,FALSE,FALSE,FALSE,FALSE,FALSE,FALSE,FALSE,FALSE,FALSE,FALSE,FALSE,FALSE,FALSE,FALSE,FALSE,FALSE,FALSE,FALSE,FALSE,FALSE,FALSE,FALSE,FALSE,FALSE
1921,0.8,0.74,0.8,0.79,0.72,0.66,0.74,0.77,0.74,0.63,0.82,0.73,0.76,0.81,0.55,0.56,0.73,0.57,0.77,0.72,0.7,0.64,0.67,0.72,0.77,0.8,0.66,FALSE,FALSE,FALSE,FALSE,FALSE,FALSE,FALSE,FALSE,FALSE,FALSE,FALSE,FALSE,FALSE,FALSE,FALSE,FALSE,FALSE,FALSE,FALSE,FALSE,FALSE,FALSE,FALSE,FALSE,FALSE,FALSE,FALSE
1922,0.8,0.79,0.72,0.73,0.65,0.67,0.68,0.78,0.75,0.59,0.85,0.7,0.73,0.73,0.54,0.57,0.59,0.63,0.76,0.55,0.65,0.62,0.66,0.72,0.65,0.78,0.63,FALSE,FALSE,FALSE,FALSE,FALSE,FALSE,FALSE,FALSE,FALSE,FALSE,FALSE,FALSE,FALSE,FALSE,FALSE,FALSE,FALSE,FALSE,FALSE,FALSE,FALSE,FALSE,FALSE,FALSE,FALSE,FALSE,FALSE
1923,0.85,0.8,0.78,0.77,0.73,0.66,0.71,0.8,0.79,0.72,0.89,0.65,0.78,0.78,0.62,0.62,0.62,0.69,0.79,0.58,0.75,0.7,0.7,0.71,0.76,0.83,0.73,FALSE,FALSE,FALSE,FALSE,FALSE,FALSE,FALSE,FALSE,FALSE,FALSE,FALSE,FALSE,FALSE,FALSE,FALSE,FALSE,FALSE,FALSE,FALSE,FALSE,FALSE,FALSE,FALSE,FALSE,FALSE,FALSE,FALSE
1924,0.88,0.82,0.83,0.89,0.73,0.75,0.79,0.84,0.82,0.79,0.86,0.69,0.81,0.77,0.68,0.69,0.7,0.74,0.85,0.58,0.72,0.71,0.75,0.76,0.69,0.81,0.72,FALSE,FALSE,FALSE,FALSE,FALSE,FALSE,FALSE,FALSE,FALSE,FALSE,FALSE,FALSE,FALSE,FALSE,FALSE,FALSE,FALSE,FALSE,FALSE,FALSE,FALSE,FALSE,FALSE,FALSE,FALSE,FALSE,FALSE
1925,0.86,0.77,0.78,0.85,0.71,0.7,0.73,0.79,0.77,0.66,0.88,0.68,0.77,0.75,0.59,0.62,0.7,0.73,0.82,0.61,0.79,0.69,0.69,0.7,0.7,0.86,0.74,FALSE,FALSE,FALSE,FALSE,FALSE,FALSE,FALSE,FALSE,FALSE,FALSE,FALSE,FALSE,FALSE,FALSE,FALSE,FALSE,FALSE,FALSE,FALSE,FALSE,FALSE,FALSE,FALSE,FALSE,FALSE,FALSE,FALSE
1926,0.92,0.79,0.77,0.87,0.74,0.73,0.79,0.88,0.87,0.76,0.9,0.73,0.82,0.8,0.7,0.76,0.81,0.71,0.85,0.56,0.79,0.73,0.78,0.73,0.78,0.9,0.76,FALSE,FALSE,FALSE,FALSE,FALSE,FALSE,FALSE,FALSE,FALSE,FALSE,FALSE,FALSE,FALSE,FALSE,FALSE,FALSE,FALSE,FALSE,FALSE,FALSE,FALSE,FALSE,FALSE,FALSE,FALSE,FALSE,FALSE
1927,0.78,0.66,0.7,0.73,0.71,0.63,0.63,0.69,0.68,0.47,0.71,0.64,0.71,0.71,0.52,0.63,0.57,0.58,0.74,0.53,0.57,0.56,0.67,0.63,0.66,0.79,0.59,FALSE,FALSE,FALSE,FALSE,FALSE,FALSE,FALSE,FALSE,FALSE,TRUE,FALSE,FALSE,FALSE,FALSE,FALSE,FALSE,FALSE,FALSE,FALSE,FALSE,FALSE,FALSE,FALSE,FALSE,FALSE,FALSE,FALSE
1928,0.92,0.78,0.78,0.76,0.76,0.72,0.77,0.83,0.81,0.74,0.87,0.66,0.8,0.81,0.6,0.73,0.64,0.63,0.84,0.6,0.73,0.73,0.8,0.76,0.81,0.88,0.73,FALSE,FALSE,FALSE,FALSE,FALSE,FALSE,FALSE,FALSE,FALSE,FALSE,FALSE,FALSE,FALSE,FALSE,FALSE,FALSE,FALSE,FALSE,FALSE,FALSE,FALSE,FALSE,FALSE,FALSE,FALSE,FALSE,FALSE
1929,0.87,0.78,0.75,0.76,0.74,0.71,0.74,0.84,0.82,0.66,0.77,0.68,0.78,0.77,0.56,0.67,0.57,0.63,0.84,0.54,0.67,0.61,0.8,0.77,0.7,0.88,0.67,FALSE,FALSE,FALSE,FALSE,FALSE,FALSE,FALSE,FALSE,FALSE,FALSE,FALSE,FALSE,FALSE,FALSE,FALSE,FALSE,FALSE,FALSE,FALSE,FALSE,FALSE,FALSE,FALSE,FALSE,FALSE,FALSE,FALSE
1930,0.93,0.81,0.78,0.88,0.77,0.69,0.76,0.86,0.83,0.71,0.84,0.62,0.77,0.78,0.53,0.68,0.61,0.68,0.91,0.57,0.67,0.65,0.81,0.75,0.83,0.81,0.74,FALSE,FALSE,FALSE,FALSE,FALSE,FALSE,FALSE,FALSE,FALSE,FALSE,FALSE,FALSE,FALSE,FALSE,FALSE,FALSE,FALSE,FALSE,FALSE,FALSE,FALSE,FALSE,FALSE,FALSE,FALSE,FALSE,FALSE
1931,0.93,0.77,0.81,0.85,0.75,0.76,0.8,0.89,0.84,0.69,0.89,0.73,0.78,0.83,0.6,0.67,0.65,0.74,0.9,0.75,0.76,0.74,0.8,0.77,0.83,0.86,0.75,FALSE,FALSE,FALSE,FALSE,FALSE,FALSE,FALSE,FALSE,FALSE,FALSE,FALSE,FALSE,FALSE,FALSE,FALSE,FALSE,FALSE,FALSE,FALSE,FALSE,FALSE,FALSE,FALSE,FALSE,FALSE,FALSE,FALSE
1932,0.84,0.76,0.78,0.8,0.8,0.74,0.76,0.79,0.78,0.57,0.81,0.72,0.82,0.77,0.6,0.68,0.62,0.67,0.87,0.65,0.75,0.64,0.75,0.73,0.76,0.81,0.68,FALSE,FALSE,FALSE,FALSE,FALSE,FALSE,FALSE,FALSE,FALSE,FALSE,FALSE,FALSE,FALSE,FALSE,FALSE,FALSE,FALSE,FALSE,FALSE,FALSE,FALSE,FALSE,FALSE,FALSE,FALSE,FALSE,FALSE
1933,0.84,0.78,0.8,0.84,0.74,0.65,0.7,0.83,0.72,0.65,0.82,0.69,0.77,0.75,0.62,0.64,0.61,0.66,0.82,0.72,0.71,0.62,0.69,0.68,0.86,0.86,0.65,FALSE,FALSE,FALSE,FALSE,FALSE,FALSE,FALSE,FALSE,FALSE,FALSE,FALSE,FALSE,FALSE,FALSE,FALSE,FALSE,FALSE,FALSE,FALSE,FALSE,FALSE,FALSE,FALSE,FALSE,FALSE,FALSE,FALSE
1934,0.88,0.78,0.8,0.79,0.82,0.76,0.75,0.89,0.86,0.68,0.96,0.7,0.8,0.85,0.71,0.64,0.64,0.76,0.81,0.62,0.79,0.8,0.82,0.8,0.88,0.9,0.71,FALSE,FALSE,FALSE,FALSE,FALSE,FALSE,FALSE,FALSE,FALSE,FALSE,FALSE,FALSE,FALSE,FALSE,FALSE,FALSE,FALSE,FALSE,FALSE,FALSE,FALSE,FALSE,FALSE,FALSE,FALSE,FALSE,FALSE
1935,0.78,0.77,0.76,0.78,0.74,0.69,0.73,0.86,0.77,0.63,0.86,0.69,0.78,0.78,0.62,0.56,0.63,0.66,0.88,0.63,0.72,0.6,0.77,0.64,0.9,0.84,0.73,FALSE,FALSE,FALSE,FALSE,FALSE,FALSE,FALSE,FALSE,FALSE,FALSE,FALSE,FALSE,FALSE,FALSE,FALSE,FALSE,FALSE,FALSE,FALSE,FALSE,FALSE,FALSE,FALSE,FALSE,FALSE,FALSE,FALSE
1936,0.89,0.71,0.77,0.78,0.79,0.73,0.7,0.82,0.79,0.6,0.88,0.64,0.78,0.77,0.69,0.67,0.62,0.73,0.87,0.66,0.77,0.68,0.75,0.68,0.81,0.89,0.73,FALSE,FALSE,FALSE,FALSE,FALSE,FALSE,FALSE,FALSE,FALSE,FALSE,FALSE,FALSE,FALSE,FALSE,FALSE,FALSE,FALSE,FALSE,FALSE,FALSE,FALSE,FALSE,FALSE,FALSE,FALSE,FALSE,FALSE
1937,0.79,0.69,0.67,0.7,0.71,0.6,0.61,0.76,0.71,0.54,0.85,0.62,0.68,0.7,0.58,0.58,0.53,0.64,0.82,0.53,0.64,0.58,0.71,0.65,0.72,0.83,0.63,FALSE,FALSE,FALSE,FALSE,FALSE,FALSE,FALSE,FALSE,FALSE,FALSE,FALSE,FALSE,FALSE,FALSE,FALSE,FALSE,FALSE,FALSE,FALSE,FALSE,FALSE,FALSE,FALSE,FALSE,FALSE,FALSE,FALSE
1938,0.77,0.67,0.68,0.67,0.71,0.66,0.69,0.75,0.7,0.7,0.83,0.62,0.72,0.73,0.54,0.61,0.57,0.67,0.8,0.55,0.72,0.62,0.73,0.66,0.79,0.82,0.7,FALSE,FALSE,FALSE,FALSE,FALSE,FALSE,FALSE,FALSE,FALSE,FALSE,FALSE,FALSE,FALSE,FALSE,FALSE,FALSE,FALSE,FALSE,FALSE,FALSE,FALSE,FALSE,FALSE,FALSE,FALSE,FALSE,FALSE
1939,0.8,0.76,0.75,0.74,0.75,0.74,0.72,0.81,0.8,0.78,0.84,0.67,0.78,0.81,0.59,0.63,0.55,0.7,0.85,0.6,0.76,0.67,0.76,0.69,0.86,0.8,0.73,FALSE,FALSE,FALSE,FALSE,FALSE,FALSE,FALSE,FALSE,FALSE,FALSE,FALSE,FALSE,FALSE,FALSE,FALSE,FALSE,FALSE,FALSE,FALSE,FALSE,FALSE,FALSE,FALSE,FALSE,FALSE,FALSE,FALSE
1940,0.74,0.7,0.69,0.7,0.69,0.77,0.65,0.71,0.72,0.66,0.86,0.58,0.8,0.73,0.51,0.57,0.46,0.56,0.86,0.59,0.73,0.73,0.77,0.63,0.8,0.77,0.7,FALSE,FALSE,FALSE,FALSE,FALSE,FALSE,FALSE,FALSE,FALSE,FALSE,FALSE,FALSE,FALSE,FALSE,FALSE,FALSE,TRUE,FALSE,FALSE,FALSE,FALSE,FALSE,FALSE,FALSE,FALSE,FALSE,FALSE
1941,0.76,0.74,0.71,0.8,0.75,0.68,0.61,0.67,0.73,0.62,0.71,0.61,0.75,0.71,0.48,0.59,0.51,0.68,0.77,0.64,0.64,0.56,0.65,0.53,0.71,0.67,0.63,FALSE,FALSE,FALSE,FALSE,FALSE,FALSE,FALSE,FALSE,FALSE,FALSE,FALSE,FALSE,FALSE,FALSE,FALSE,FALSE,FALSE,FALSE,FALSE,FALSE,FALSE,FALSE,FALSE,FALSE,FALSE,FALSE,FALSE
1942,0.9,0.86,0.78,0.83,0.76,0.82,0.68,0.78,0.72,0.71,0.87,0.87,0.79,0.79,0.57,0.65,0.6,0.64,0.84,0.67,0.76,0.71,0.77,0.7,0.73,0.8,0.68,FALSE,FALSE,FALSE,FALSE,FALSE,FALSE,FALSE,FALSE,FALSE,FALSE,FALSE,FALSE,FALSE,FALSE,FALSE,FALSE,FALSE,FALSE,FALSE,FALSE,FALSE,FALSE,FALSE,FALSE,FALSE,FALSE,FALSE
1943,0.84,0.86,0.74,0.76,0.71,0.75,0.74,0.8,0.74,0.65,0.87,0.8,0.83,0.79,0.49,0.57,0.54,0.6,0.83,0.62,0.69,0.63,0.74,0.68,0.79,0.76,0.64,FALSE,FALSE,FALSE,FALSE,FALSE,FALSE,FALSE,FALSE,FALSE,FALSE,FALSE,FALSE,FALSE,FALSE,FALSE,FALSE,FALSE,FALSE,FALSE,FALSE,FALSE,FALSE,FALSE,FALSE,FALSE,FALSE,FALSE
1944,0.85,0.78,0.76,0.77,0.72,0.77,0.73,0.81,0.76,0.73,0.88,0.81,0.78,0.78,0.55,0.62,0.56,0.65,0.85,0.65,0.66,0.63,0.72,0.71,0.77,0.81,0.7,FALSE,FALSE,FALSE,FALSE,FALSE,FALSE,FALSE,FALSE,FALSE,FALSE,FALSE,FALSE,FALSE,FALSE,FALSE,FALSE,FALSE,FALSE,FALSE,FALSE,FALSE,FALSE,FALSE,FALSE,FALSE,FALSE,FALSE
1945,0.84,0.83,0.79,0.77,0.75,0.81,0.76,0.79,0.76,0.77,0.87,0.78,0.71,0.78,0.53,0.57,0.62,0.68,0.86,0.72,0.77,0.69,0.68,0.7,0.77,0.82,0.68,FALSE,FALSE,FALSE,FALSE,FALSE,FALSE,FALSE,FALSE,FALSE,FALSE,FALSE,FALSE,FALSE,FALSE,FALSE,FALSE,FALSE,FALSE,FALSE,FALSE,FALSE,FALSE,FALSE,FALSE,FALSE,FALSE,FALSE
1946,0.82,0.77,0.8,0.8,0.71,0.81,0.72,0.82,0.72,0.7,0.84,0.82,0.75,0.81,0.53,0.57,0.72,0.72,0.83,0.7,0.81,0.7,0.74,0.68,0.8,0.83,0.71,FALSE,FALSE,FALSE,FALSE,FALSE,FALSE,FALSE,FALSE,FALSE,FALSE,FALSE,FALSE,FALSE,FALSE,FALSE,FALSE,FALSE,FALSE,FALSE,FALSE,FALSE,FALSE,FALSE,FALSE,FALSE,FALSE,FALSE
1947,0.73,0.74,0.82,0.81,0.73,0.79,0.74,0.78,0.78,0.72,0.79,0.76,0.75,0.86,0.55,0.54,0.55,0.65,0.81,0.64,0.77,0.68,0.76,0.68,0.74,0.8,0.7,FALSE,FALSE,FALSE,FALSE,FALSE,FALSE,FALSE,FALSE,FALSE,FALSE,FALSE,FALSE,FALSE,FALSE,FALSE,FALSE,FALSE,FALSE,FALSE,FALSE,FALSE,FALSE,FALSE,FALSE,FALSE,FALSE,FALSE
1948,0.69,0.75,0.72,0.75,0.71,0.73,0.66,0.75,0.71,0.67,0.7,0.74,0.7,0.75,0.52,0.55,0.58,0.64,0.78,0.62,0.66,0.6,0.64,0.61,0.72,0.76,0.65,FALSE,FALSE,FALSE,FALSE,FALSE,FALSE,FALSE,FALSE,FALSE,FALSE,FALSE,FALSE,FALSE,FALSE,FALSE,FALSE,FALSE,FALSE,FALSE,FALSE,FALSE,FALSE,FALSE,FALSE,FALSE,FALSE,FALSE
1949,0.76,0.79,0.77,0.8,0.75,0.73,0.78,0.8,0.72,0.72,0.84,0.77,0.73,0.86,0.56,0.58,0.58,0.73,0.82,0.68,0.8,0.79,0.74,0.67,0.83,0.81,0.7,FALSE,FALSE,FALSE,FALSE,FALSE,FALSE,FALSE,FALSE,FALSE,FALSE,FALSE,FALSE,FALSE,FALSE,FALSE,FALSE,FALSE,FALSE,FALSE,FALSE,FALSE,FALSE,FALSE,FALSE,FALSE,FALSE,FALSE
1950,0.77,0.78,0.66,0.72,0.72,0.75,0.76,0.78,0.72,0.6,0.83,0.66,0.72,0.82,0.54,0.55,0.64,0.64,0.81,0.69,0.76,0.71,0.73,0.62,0.8,0.83,0.74,FALSE,FALSE,FALSE,FALSE,FALSE,FALSE,FALSE,FALSE,FALSE,FALSE,FALSE,FALSE,FALSE,FALSE,FALSE,FALSE,FALSE,FALSE,FALSE,FALSE,FALSE,FALSE,FALSE,FALSE,FALSE,FALSE,FALSE
1951,0.83,0.79,0.73,0.67,0.77,0.76,0.8,0.79,0.64,0.74,0.89,0.8,0.67,0.82,0.54,0.57,0.59,0.67,0.83,0.65,0.77,0.73,0.72,0.68,0.77,0.83,0.73,FALSE,FALSE,FALSE,FALSE,FALSE,FALSE,FALSE,FALSE,FALSE,FALSE,FALSE,FALSE,FALSE,FALSE,FALSE,FALSE,FALSE,FALSE,FALSE,FALSE,FALSE,FALSE,FALSE,FALSE,FALSE,FALSE,FALSE
1952,0.75,0.77,0.67,0.64,0.74,0.66,0.75,0.77,0.67,0.63,0.8,0.71,0.65,0.8,0.52,0.52,0.59,0.59,0.8,0.69,0.64,0.64,0.67,0.67,0.69,0.8,0.66,FALSE,FALSE,FALSE,FALSE,FALSE,FALSE,FALSE,FALSE,FALSE,FALSE,FALSE,FALSE,FALSE,FALSE,FALSE,FALSE,FALSE,FALSE,FALSE,FALSE,FALSE,FALSE,FALSE,FALSE,FALSE,FALSE,FALSE
1953,0.74,0.66,0.62,0.59,0.68,0.64,0.72,0.7,0.66,0.52,0.66,0.65,0.63,0.76,0,0.46,0.52,0.58,0.73,0.67,0.56,0.52,0.59,0.6,0.6,0.83,0.66,FALSE,FALSE,FALSE,FALSE,FALSE,FALSE,FALSE,FALSE,FALSE,FALSE,FALSE,FALSE,FALSE,FALSE,TRUE,FALSE,FALSE,FALSE,FALSE,FALSE,FALSE,FALSE,FALSE,FALSE,FALSE,FALSE,FALSE
1954,0.66,0.71,0.69,0.67,0.79,0.6,0.67,0.66,0.71,0.61,0.66,0.7,0.76,0.77,0.45,0.5,0.47,0.62,0.75,0.76,0.56,0.55,0.58,0.61,0.59,0.78,0.6,FALSE,FALSE,FALSE,FALSE,FALSE,FALSE,FALSE,FALSE,FALSE,FALSE,FALSE,FALSE,FALSE,FALSE,FALSE,FALSE,TRUE,FALSE,FALSE,FALSE,FALSE,FALSE,FALSE,FALSE,FALSE,FALSE,FALSE
1955,0.74,0.76,0.74,0.73,0.79,0.69,0.75,0.81,0.84,0.75,0.71,0.8,0.77,0.83,0.43,0.58,0.5,0.65,0.8,0.71,0.65,0.62,0.62,0.65,0.7,0.75,0.72,FALSE,FALSE,FALSE,FALSE,FALSE,FALSE,FALSE,FALSE,FALSE,FALSE,FALSE,FALSE,FALSE,FALSE,FALSE,FALSE,FALSE,FALSE,FALSE,FALSE,FALSE,FALSE,FALSE,FALSE,FALSE,FALSE,FALSE
1956,0.72,0.8,0.69,0.72,0.81,0.71,0.83,0.82,0.79,0.72,0.78,0.87,0.76,0.82,0.57,0.61,0.56,0.74,0.81,0.66,0.74,0.67,0.75,0.72,0.69,0.77,0.74,FALSE,FALSE,FALSE,FALSE,FALSE,FALSE,FALSE,FALSE,FALSE,FALSE,FALSE,FALSE,FALSE,FALSE,FALSE,FALSE,FALSE,FALSE,FALSE,FALSE,FALSE,FALSE,FALSE,FALSE,FALSE,FALSE,FALSE
1957,0.73,0.79,0.72,0.68,0.76,0.74,0.8,0.76,0.87,0.66,0.75,0.83,0.77,0.8,0.58,0.57,0.55,0.66,0.84,0.67,0.77,0.76,0.74,0.7,0.7,0.74,0.73,FALSE,FALSE,FALSE,FALSE,FALSE,FALSE,FALSE,FALSE,FALSE,FALSE,FALSE,FALSE,FALSE,FALSE,FALSE,FALSE,FALSE,FALSE,FALSE,FALSE,FALSE,FALSE,FALSE,FALSE,FALSE,FALSE,FALSE
1958,0.77,0.82,0.8,0.71,0.77,0.8,0.81,0.84,0.84,0.76,0.87,0.9,0.79,0.82,0.55,0.61,0.61,0.67,0.85,0.76,0.8,0.71,0.73,0.68,0.77,0.78,0.78,FALSE,FALSE,FALSE,FALSE,FALSE,FALSE,FALSE,FALSE,FALSE,FALSE,FALSE,FALSE,FALSE,FALSE,FALSE,FALSE,FALSE,FALSE,FALSE,FALSE,FALSE,FALSE,FALSE,FALSE,FALSE,FALSE,FALSE
1959,0.77,0.82,0.82,0.64,0.76,0.8,0.77,0.84,0.74,0.64,0.83,0.81,0.72,0.7,0.58,0.56,0.62,0.75,0.84,0.71,0.64,0.57,0.73,0.58,0.68,0.77,0.74,FALSE,FALSE,FALSE,FALSE,FALSE,FALSE,FALSE,FALSE,FALSE,FALSE,FALSE,FALSE,FALSE,FALSE,FALSE,FALSE,FALSE,FALSE,FALSE,FALSE,FALSE,FALSE,FALSE,FALSE,FALSE,FALSE,FALSE
1960,0.8,0.82,0.75,0.7,0.72,0.78,0.77,0.84,0.82,0.65,0.76,0.84,0.75,0.78,0.57,0.61,0.58,0.67,0.84,0.7,0.76,0.7,0.79,0.69,0.75,0.7,0.73,FALSE,FALSE,FALSE,FALSE,FALSE,FALSE,FALSE,FALSE,FALSE,FALSE,FALSE,FALSE,FALSE,FALSE,FALSE,FALSE,FALSE,FALSE,FALSE,FALSE,FALSE,FALSE,FALSE,FALSE,FALSE,FALSE,FALSE
1961,0.74,0.81,0.75,0.69,0.71,0.74,0.78,0.81,0.71,0.67,0.83,0.76,0.78,0.8,0.52,0.6,0.64,0.64,0.81,0.71,0.69,0.68,0.73,0.64,0.73,0.8,0.79,FALSE,FALSE,FALSE,FALSE,FALSE,FALSE,FALSE,FALSE,FALSE,FALSE,FALSE,FALSE,FALSE,FALSE,FALSE,FALSE,FALSE,FALSE,FALSE,FALSE,FALSE,FALSE,FALSE,FALSE,FALSE,FALSE,FALSE
1962,0.66,0.71,0.76,0.64,0.76,0.79,0.75,0.76,0.77,0.6,0.85,0.85,0.77,0.74,0.55,0.7,0.62,0.57,0.82,0.68,0.68,0.64,0.76,0.65,0.74,0.8,0.71,FALSE,FALSE,FALSE,FALSE,FALSE,FALSE,FALSE,FALSE,FALSE,FALSE,FALSE,FALSE,FALSE,FALSE,FALSE,FALSE,FALSE,FALSE,FALSE,FALSE,FALSE,FALSE,FALSE,FALSE,FALSE,FALSE,FALSE
1963,0.69,0.76,0.79,0.68,0.76,0.76,0.7,0.82,0.88,0.68,0.86,0.85,0.76,0.72,0.53,0.69,0.53,0.63,0.87,0.76,0.71,0.72,0.74,0.71,0.7,0.73,0.73,FALSE,FALSE,FALSE,FALSE,FALSE,FALSE,FALSE,FALSE,FALSE,FALSE,FALSE,FALSE,FALSE,FALSE,FALSE,FALSE,FALSE,FALSE,FALSE,FALSE,FALSE,FALSE,FALSE,FALSE,FALSE,FALSE,FALSE
1964,0.64,0.79,0.78,0.68,0.74,0.79,0.71,0.79,0.86,0.66,0.88,0.85,0.76,0.81,0.54,0.73,0.69,0.6,0.85,0.75,0.68,0.65,0.71,0.65,0.72,0.7,0.7,FALSE,FALSE,FALSE,FALSE,FALSE,FALSE,FALSE,FALSE,FALSE,FALSE,FALSE,FALSE,FALSE,FALSE,FALSE,FALSE,FALSE,FALSE,FALSE,FALSE,FALSE,FALSE,FALSE,FALSE,FALSE,FALSE,FALSE
1965,0.65,0.73,0.75,0.65,0.8,0.73,0.7,0.79,0.75,0.61,0.76,0.88,0.78,0.8,0.57,0.66,0.66,0.61,0.8,0.69,0.75,0.66,0.68,0.63,0.77,0.73,0.7,FALSE,FALSE,FALSE,FALSE,FALSE,FALSE,FALSE,FALSE,FALSE,FALSE,FALSE,FALSE,FALSE,FALSE,FALSE,FALSE,FALSE,FALSE,FALSE,FALSE,FALSE,FALSE,FALSE,FALSE,FALSE,FALSE,FALSE
1966,0.69,0.77,0.74,0.7,0.81,0.82,0.79,0.87,0.85,0.74,0.82,0.78,0.81,0.82,0.55,0.76,0.66,0.68,0.84,0.76,0.87,0.78,0.76,0.72,0.78,0.84,0.78,FALSE,FALSE,FALSE,FALSE,FALSE,FALSE,FALSE,FALSE,FALSE,FALSE,FALSE,FALSE,FALSE,FALSE,FALSE,FALSE,FALSE,FALSE,FALSE,FALSE,FALSE,FALSE,FALSE,FALSE,FALSE,FALSE,FALSE
1967,0.71,0.83,0.77,0.69,0.81,0.83,0.78,0.84,0.75,0.7,0.87,0.9,0.76,0.78,0.65,0.65,0.67,0.63,0.85,0.81,0.92,0.83,0.72,0.73,0.73,0.9,0.82,FALSE,FALSE,FALSE,FALSE,FALSE,FALSE,FALSE,FALSE,FALSE,FALSE,FALSE,FALSE,FALSE,FALSE,FALSE,FALSE,FALSE,FALSE,FALSE,FALSE,FALSE,FALSE,FALSE,FALSE,FALSE,FALSE,FALSE
1968,0.66,0.71,0.77,0.64,0.73,0.75,0.72,0.84,0.74,0.7,0.78,0.88,0.64,0.73,0.68,0.64,0.65,0.63,0.77,0.77,0.78,0.69,0.69,0.72,0.66,0.79,0.67,FALSE,FALSE,FALSE,FALSE,FALSE,FALSE,FALSE,FALSE,FALSE,FALSE,FALSE,FALSE,FALSE,FALSE,FALSE,FALSE,FALSE,FALSE,FALSE,FALSE,FALSE,FALSE,FALSE,FALSE,FALSE,FALSE,FALSE
1969,0.64,0.8,0.71,0.75,0.75,0.79,0.77,0.82,0.76,0.7,0.88,0.85,0.8,0.79,0.58,0.65,0.73,0.62,0.82,0.82,0.83,0.77,0.83,NA,0.72,0.88,0.74,FALSE,FALSE,FALSE,FALSE,FALSE,FALSE,FALSE,FALSE,FALSE,FALSE,FALSE,FALSE,FALSE,FALSE,FALSE,FALSE,FALSE,FALSE,FALSE,FALSE,FALSE,FALSE,FALSE,NA,FALSE,FALSE,FALSE
1970,0.68,0.83,0.69,0.77,0.81,0.82,0.8,0.84,0.78,0.69,0.87,0.81,0.76,0.83,0.62,0.67,0.67,0.55,0.86,0.84,0.78,0.8,0.78,NA,0.78,0.86,0.76,FALSE,FALSE,FALSE,FALSE,FALSE,FALSE,FALSE,FALSE,FALSE,FALSE,FALSE,FALSE,FALSE,FALSE,FALSE,FALSE,FALSE,FALSE,FALSE,FALSE,FALSE,FALSE,FALSE,NA,FALSE,FALSE,FALSE
1971,0.66,0.73,0.65,0.76,0.79,0.76,0.67,0.8,0.7,0.65,0.83,0.87,0.75,0.8,0.63,0.56,0.63,0.55,0.81,0.68,0.63,0.72,0.73,NA,0.73,0.78,0.65,FALSE,FALSE,FALSE,FALSE,FALSE,FALSE,FALSE,FALSE,FALSE,FALSE,FALSE,FALSE,FALSE,FALSE,FALSE,FALSE,FALSE,FALSE,FALSE,FALSE,FALSE,FALSE,FALSE,NA,FALSE,FALSE,FALSE
1972,0.66,0.75,0.66,0.73,0.75,0.74,0.76,0.92,0.67,0.68,0.87,0.85,0.83,0.86,0.47,0.63,0.56,0.55,0.81,0.74,0.72,0.76,0.74,NA,0.84,0.79,0.69,FALSE,FALSE,FALSE,FALSE,FALSE,FALSE,FALSE,FALSE,FALSE,FALSE,FALSE,FALSE,FALSE,FALSE,FALSE,FALSE,FALSE,FALSE,FALSE,FALSE,FALSE,FALSE,FALSE,NA,FALSE,FALSE,FALSE
1973,0.71,0.84,0.69,0.78,0.83,0.73,0.79,0.92,0.77,0.92,0.85,0.91,0.84,0.88,0.52,0.68,0.58,0.6,0.85,0.8,0.85,0.82,0.82,NA,0.78,0.88,0.77,FALSE,FALSE,FALSE,FALSE,FALSE,FALSE,FALSE,FALSE,FALSE,FALSE,FALSE,FALSE,FALSE,FALSE,FALSE,FALSE,FALSE,FALSE,FALSE,FALSE,FALSE,FALSE,FALSE,NA,FALSE,FALSE,FALSE
1974,0.69,0.81,0.64,0.77,0.89,0.73,0.76,0.87,0.74,0.79,0.8,0.89,0.8,0.82,0.54,0.57,0.64,0.52,0.83,0.78,0.76,0.65,0.82,NA,0.72,0.83,0.72,FALSE,FALSE,FALSE,FALSE,FALSE,FALSE,FALSE,FALSE,FALSE,FALSE,FALSE,FALSE,FALSE,FALSE,FALSE,FALSE,FALSE,FALSE,FALSE,FALSE,FALSE,FALSE,FALSE,NA,FALSE,FALSE,FALSE
1975,0.71,0.83,0.66,0.72,0.85,0.74,0.73,0.78,0.69,0.64,0.78,0.84,0.75,0.76,0.52,0.6,0.52,0.5,0.84,0.78,0.74,0.7,0.79,NA,0.66,0.8,0.72,FALSE,FALSE,FALSE,FALSE,FALSE,FALSE,FALSE,FALSE,FALSE,FALSE,FALSE,FALSE,FALSE,FALSE,FALSE,FALSE,FALSE,FALSE,FALSE,FALSE,FALSE,FALSE,FALSE,NA,FALSE,FALSE,FALSE
1976,0.71,0.88,0.61,0.71,0.86,0.7,0.74,0.77,0.72,0.61,0.66,0.89,0.76,0.76,0.52,0.63,0.53,0.45,0.85,0.73,0.61,0.61,0.75,NA,0.64,0.86,0.7,FALSE,FALSE,FALSE,FALSE,FALSE,FALSE,FALSE,FALSE,FALSE,FALSE,FALSE,FALSE,FALSE,FALSE,FALSE,FALSE,FALSE,FALSE,FALSE,FALSE,FALSE,FALSE,FALSE,NA,FALSE,FALSE,FALSE
1977,0.77,0.9,0.74,0.78,0.85,0.71,0.73,0.85,0.78,0.7,0.73,0.8,0.77,0.8,0.61,0.61,0.56,0.57,0.83,0.78,0.75,0.72,0.7,NA,0.67,0.83,0.78,FALSE,FALSE,FALSE,FALSE,FALSE,FALSE,FALSE,FALSE,FALSE,FALSE,FALSE,FALSE,FALSE,FALSE,FALSE,FALSE,FALSE,FALSE,FALSE,FALSE,FALSE,FALSE,FALSE,NA,FALSE,FALSE,FALSE
1978,0.67,0.79,0.63,0.7,0.8,0.64,0.65,0.73,0.76,0.56,0.63,0.81,0.75,0.66,0.46,0.53,0.56,0.52,0.76,0.72,0.61,0.65,0.7,NA,0.59,0.61,0.55,FALSE,FALSE,FALSE,FALSE,FALSE,FALSE,FALSE,FALSE,FALSE,FALSE,FALSE,FALSE,FALSE,TRUE,FALSE,FALSE,FALSE,FALSE,FALSE,FALSE,FALSE,FALSE,FALSE,NA,FALSE,TRUE,FALSE
1979,0.71,0.85,0.68,0.72,0.82,0.72,0.68,0.77,0.78,0.62,0.73,0.82,0.79,0.8,0.6,0.61,0.65,0.63,0.8,0.73,0.72,0.74,0.78,NA,0.64,0.68,0.67,FALSE,FALSE,FALSE,FALSE,FALSE,FALSE,FALSE,FALSE,FALSE,FALSE,FALSE,FALSE,FALSE,FALSE,FALSE,FALSE,FALSE,FALSE,FALSE,FALSE,FALSE,FALSE,FALSE,NA,FALSE,FALSE,FALSE
1980,0.71,0.86,0.67,0.7,0.76,0.72,0.69,0.8,0.74,0.61,0.7,0.82,0.76,0.77,0.59,0.63,0.6,0.52,0.84,0.68,0.73,0.75,0.79,NA,0.63,0.7,0.71,FALSE,FALSE,FALSE,FALSE,FALSE,FALSE,FALSE,FALSE,FALSE,FALSE,FALSE,FALSE,FALSE,FALSE,FALSE,FALSE,FALSE,FALSE,FALSE,FALSE,FALSE,FALSE,FALSE,NA,FALSE,FALSE,FALSE
1981,0.76,0.84,0.65,0.69,0.78,0.77,0.74,0.91,0.78,0.67,0.85,0.84,0.73,0.8,0.71,0.62,0.59,0.67,0.84,0.71,0.85,0.88,0.84,NA,0.71,0.76,0.77,FALSE,FALSE,FALSE,FALSE,FALSE,FALSE,FALSE,FALSE,FALSE,FALSE,FALSE,FALSE,FALSE,FALSE,FALSE,FALSE,FALSE,FALSE,FALSE,FALSE,FALSE,FALSE,FALSE,NA,FALSE,FALSE,FALSE
1982,0.73,0.85,0.63,0.71,0.7,0.74,0.67,0.76,0.64,0.57,0.82,0.86,0.8,0.82,0.52,0.55,0.6,0.76,0.81,0.85,0.72,0.62,0.77,NA,0.64,0.69,0.68,FALSE,FALSE,FALSE,FALSE,FALSE,FALSE,FALSE,FALSE,FALSE,FALSE,FALSE,FALSE,FALSE,FALSE,FALSE,FALSE,FALSE,FALSE,FALSE,FALSE,FALSE,FALSE,FALSE,NA,FALSE,FALSE,FALSE
1983,0.7,0.77,0.63,0.71,0.73,0.71,0.68,0.74,0.6,0.53,0.79,0.82,0.76,0.74,NA,0.48,0.62,0.69,0.79,0.78,0.75,0.6,0.72,NA,0.63,0.67,0.6,FALSE,FALSE,FALSE,FALSE,FALSE,FALSE,FALSE,FALSE,FALSE,FALSE,FALSE,FALSE,FALSE,FALSE,NA,FALSE,FALSE,FALSE,FALSE,FALSE,FALSE,FALSE,FALSE,NA,FALSE,FALSE,FALSE
