age_CE,133011_raw,133012_raw,133021_raw,133022_raw,133031_raw,133032_raw,133041_raw,133042_raw,133051_raw,133052_raw,133061_raw,133062_raw,133071_raw,133072_raw,133081_raw,133082_raw,133091_raw,133092_raw,133101_raw,133102_raw,133111_raw,133112_raw,133121_raw,133122_raw,133131_raw,133132_raw,133011_raw_outlier_flag,133012_raw_outlier_flag,133021_raw_outlier_flag,133022_raw_outlier_flag,133031_raw_outlier_flag,133032_raw_outlier_flag,133041_raw_outlier_flag,133042_raw_outlier_flag,133051_raw_outlier_flag,133052_raw_outlier_flag,133061_raw_outlier_flag,133062_raw_outlier_flag,133071_raw_outlier_flag,133072_raw_outlier_flag,133081_raw_outlier_flag,133082_raw_outlier_flag,133091_raw_outlier_flag,133092_raw_outlier_flag,133101_raw_outlier_flag,133102_raw_outlier_flag,133111_raw_outlier_flag,133112_raw_outlier_flag,133121_raw_outlier_flag,133122_raw_outlier_flag,133131_raw_outlier_flag,133132_raw_outlier_flag
1469,NA,NA,NA,NA,NA,NA,NA,NA,NA,NA,NA,NA,NA,NA,NA,NA,1.05,NA,NA,NA,NA,NA,NA,NA,NA,NA,NA,NA,NA,NA,NA,NA,NA,NA,NA,NA,NA,NA,NA,NA,NA,NA,FALSE,NA,NA,NA,NA,NA,NA,NA,NA,NA
1470,NA,NA,NA,NA,0.96,NA,NA,NA,NA,NA,NA,NA,NA,NA,NA,NA,0.69,NA,NA,NA,NA,NA,NA,NA,NA,NA,NA,NA,NA,NA,FALSE,NA,NA,NA,NA,NA,NA,NA,NA,NA,NA,NA,FALSE,NA,NA,NA,NA,NA,NA,NA,NA,NA
1471,NA,NA,NA,NA,0.42,NA,NA,NA,NA,NA,NA,NA,NA,NA,NA,NA,0.46,NA,NA,NA,NA,NA,NA,NA,NA,NA,NA,NA,NA,NA,FALSE,NA,NA,NA,NA,NA,NA,NA,NA,NA,NA,NA,FALSE,NA,NA,NA,NA,NA,NA,NA,NA,NA
1472,NA,NA,NA,NA,0.75,NA,NA,NA,NA,NA,NA,NA,NA,NA,NA,NA,0.52,NA,NA,NA,NA,NA,NA,NA,NA,NA,NA,NA,NA,NA,FALSE,NA,NA,NA,NA,NA,NA,NA,NA,NA,NA,NA,FALSE,NA,NA,NA,NA,NA,NA,NA,NA,NA
1473,NA,NA,NA,NA,1.04,NA,NA,NA,NA,NA,NA,NA,NA,NA,NA,NA,0.92,0.74,NA,NA,NA,NA,NA,NA,NA,NA,NA,NA,NA,NA,FALSE,NA,NA,NA,NA,NA,NA,NA,NA,NA,NA,NA,FALSE,FALSE,NA,NA,NA,NA,NA,NA,NA,NA
1474,NA,NA,NA,1.2,1.12,1.1,NA,NA,NA,NA,NA,NA,NA,NA,NA,NA,0.8,0.72,NA,NA,NA,NA,NA,NA,NA,NA,NA,NA,NA,FALSE,FALSE,FALSE,NA,NA,NA,NA,NA,NA,NA,NA,NA,NA,FALSE,FALSE,NA,NA,NA,NA,NA,NA,NA,NA
1475,NA,NA,NA,1.25,1.12,0.97,NA,NA,NA,NA,NA,NA,NA,NA,NA,NA,0.75,0.71,NA,NA,NA,NA,NA,NA,NA,NA,NA,NA,NA,FALSE,FALSE,FALSE,NA,NA,NA,NA,NA,NA,NA,NA,NA,NA,FALSE,FALSE,NA,NA,NA,NA,NA,NA,NA,NA
1476,NA,NA,NA,1.52,1.09,1.02,NA,NA,NA,NA,NA,NA,NA,NA,NA,NA,1.05,0.95,NA,NA,NA,NA,NA,NA,NA,NA,NA,NA,NA,TRUE,FALSE,FALSE,NA,NA,NA,NA,NA,NA,NA,NA,NA,NA,FALSE,FALSE,NA,NA,NA,NA,NA,NA,NA,NA
1477,NA,NA,NA,1.84,1.87,1.34,NA,NA,NA,NA,NA,NA,NA,NA,NA,NA,1.16,1.19,NA,NA,NA,NA,NA,NA,NA,NA,NA,NA,NA,TRUE,FALSE,FALSE,NA,NA,NA,NA,NA,NA,NA,NA,NA,NA,FALSE,FALSE,NA,NA,NA,NA,NA,NA,NA,NA
1478,NA,NA,NA,1.64,1.49,1.19,NA,NA,NA,NA,NA,NA,NA,NA,NA,NA,0.91,0.81,NA,NA,NA,NA,NA,NA,NA,NA,NA,NA,NA,TRUE,FALSE,FALSE,NA,NA,NA,NA,NA,NA,NA,NA,NA,NA,FALSE,FALSE,NA,NA,NA,NA,NA,NA,NA,NA
1479,NA,NA,NA,0.89,0.84,0.63,NA,NA,NA,NA,NA,NA,NA,NA,NA,NA,0.55,0.49,NA,NA,NA,NA,NA,NA,NA,NA,NA,NA,NA,FALSE,FALSE,FALSE,NA,NA,NA,NA,NA,NA,NA,NA,NA,NA,FALSE,FALSE,NA,NA,NA,NA,NA,NA,NA,NA
1480,NA,NA,NA,1.24,1.1,0.84,NA,NA,NA,NA,NA,NA,NA,NA,NA,NA,1.12,1.1,NA,NA,NA,NA,NA,NA,NA,NA,NA,NA,NA,FALSE,FALSE,FALSE,NA,NA,NA,NA,NA,NA,NA,NA,NA,NA,FALSE,FALSE,NA,NA,NA,NA,NA,NA,NA,NA
1481,NA,NA,NA,1.09,1.02,0.91,NA,NA,NA,NA,NA,NA,NA,NA,NA,NA,1.06,0.97,NA,NA,NA,NA,NA,NA,NA,NA,NA,NA,NA,FALSE,FALSE,FALSE,NA,NA,NA,NA,NA,NA,NA,NA,NA,NA,FALSE,FALSE,NA,NA,NA,NA,NA,NA,NA,NA
1482,NA,NA,NA,1.79,1.57,1.29,NA,NA,NA,NA,NA,NA,NA,NA,NA,NA,1.28,1.21,NA,NA,NA,NA,NA,NA,NA,NA,NA,NA,NA,TRUE,FALSE,FALSE,NA,NA,NA,NA,NA,NA,NA,NA,NA,NA,TRUE,FALSE,NA,NA,NA,NA,NA,NA,NA,NA
1483,NA,NA,NA,0.97,1.24,0.85,NA,NA,NA,NA,NA,NA,NA,NA,NA,NA,0.96,1.01,NA,NA,NA,NA,NA,NA,NA,NA,NA,NA,NA,FALSE,FALSE,FALSE,NA,NA,NA,NA,NA,NA,NA,NA,NA,NA,FALSE,FALSE,NA,NA,NA,NA,NA,NA,NA,NA
1484,NA,NA,NA,1.85,2.04,1.61,NA,NA,NA,NA,NA,NA,NA,NA,NA,NA,1.27,1.38,NA,NA,NA,NA,NA,NA,NA,NA,NA,NA,NA,TRUE,TRUE,FALSE,NA,NA,NA,NA,NA,NA,NA,NA,NA,NA,FALSE,TRUE,NA,NA,NA,NA,NA,NA,NA,NA
1485,NA,NA,NA,1.39,1.7,1.42,0.49,NA,NA,NA,NA,NA,NA,NA,NA,NA,0.88,0.95,NA,NA,NA,NA,NA,NA,NA,NA,NA,NA,NA,TRUE,FALSE,FALSE,FALSE,NA,NA,NA,NA,NA,NA,NA,NA,NA,FALSE,FALSE,NA,NA,NA,NA,NA,NA,NA,NA
1486,NA,NA,NA,1.29,1.72,1.19,0.89,NA,NA,NA,NA,NA,NA,NA,NA,NA,0.86,0.94,NA,NA,NA,NA,NA,NA,NA,NA,NA,NA,NA,FALSE,FALSE,FALSE,TRUE,NA,NA,NA,NA,NA,NA,NA,NA,NA,FALSE,FALSE,NA,NA,NA,NA,NA,NA,NA,NA
1487,NA,NA,NA,0.84,0.87,0.61,0.28,NA,NA,NA,NA,NA,NA,NA,NA,NA,0.5,0.74,NA,NA,NA,NA,NA,NA,NA,NA,NA,NA,NA,FALSE,FALSE,FALSE,FALSE,NA,NA,NA,NA,NA,NA,NA,NA,NA,FALSE,FALSE,NA,NA,NA,NA,NA,NA,NA,NA
1488,NA,NA,NA,1,1.09,0.97,0.57,NA,NA,NA,NA,NA,NA,NA,NA,NA,0.79,0.77,NA,NA,NA,NA,NA,NA,NA,NA,NA,NA,NA,FALSE,FALSE,FALSE,FALSE,NA,NA,NA,NA,NA,NA,NA,NA,NA,FALSE,FALSE,NA,NA,NA,NA,NA,NA,NA,NA
1489,NA,NA,NA,1.11,1.18,0.85,0.42,NA,NA,NA,NA,NA,NA,NA,NA,NA,0.9,0.85,NA,NA,NA,NA,NA,NA,NA,NA,NA,NA,NA,FALSE,FALSE,FALSE,FALSE,NA,NA,NA,NA,NA,NA,NA,NA,NA,FALSE,FALSE,NA,NA,NA,NA,NA,NA,NA,NA
1490,NA,NA,NA,1.29,1.43,1.26,0.65,NA,NA,NA,NA,NA,NA,NA,NA,NA,1.22,1.47,NA,NA,NA,NA,NA,NA,NA,NA,NA,NA,NA,FALSE,FALSE,FALSE,FALSE,NA,NA,NA,NA,NA,NA,NA,NA,NA,FALSE,TRUE,NA,NA,NA,NA,NA,NA,NA,NA
1491,NA,NA,1.92,1.58,1.67,1.83,0.42,0.72,NA,NA,NA,NA,NA,NA,NA,NA,1.37,1.68,NA,NA,NA,NA,NA,NA,NA,NA,NA,NA,TRUE,TRUE,FALSE,FALSE,FALSE,FALSE,NA,NA,NA,NA,NA,NA,NA,NA,TRUE,TRUE,NA,NA,NA,NA,NA,NA,NA,NA
1492,NA,NA,1.72,1.49,1.23,1.34,0.52,0.48,NA,NA,NA,NA,NA,NA,NA,NA,1.31,1.27,NA,NA,NA,NA,NA,NA,NA,NA,NA,NA,TRUE,TRUE,FALSE,FALSE,FALSE,FALSE,NA,NA,NA,NA,NA,NA,NA,NA,TRUE,TRUE,NA,NA,NA,NA,NA,NA,NA,NA
1493,NA,NA,1.51,1.2,1.1,1.06,0.48,0.45,NA,NA,NA,NA,NA,NA,NA,NA,1.28,1.14,NA,NA,NA,NA,NA,NA,NA,NA,NA,NA,TRUE,FALSE,FALSE,FALSE,FALSE,FALSE,NA,NA,NA,NA,NA,NA,NA,NA,TRUE,FALSE,NA,NA,NA,NA,NA,NA,NA,NA
1494,NA,NA,1.38,0.89,0.71,0.81,0.75,0.31,NA,NA,NA,NA,NA,NA,NA,NA,1.12,1.06,NA,NA,NA,NA,NA,NA,NA,NA,NA,NA,TRUE,FALSE,FALSE,FALSE,FALSE,FALSE,NA,NA,NA,NA,NA,NA,NA,NA,FALSE,FALSE,NA,NA,NA,NA,NA,NA,NA,NA
1495,NA,NA,0.51,0.27,0.25,0.19,0.17,0.11,NA,NA,NA,NA,NA,NA,NA,NA,0.77,0.65,NA,NA,NA,NA,NA,NA,NA,NA,NA,NA,FALSE,FALSE,FALSE,FALSE,FALSE,FALSE,NA,NA,NA,NA,NA,NA,NA,NA,FALSE,FALSE,NA,NA,NA,NA,NA,NA,NA,NA
1496,NA,NA,1.43,0.63,0.57,0.87,0.55,0.5,NA,NA,NA,NA,NA,NA,NA,NA,1.45,1.24,NA,NA,NA,NA,NA,NA,NA,NA,NA,NA,TRUE,FALSE,FALSE,FALSE,FALSE,FALSE,NA,NA,NA,NA,NA,NA,NA,NA,TRUE,FALSE,NA,NA,NA,NA,NA,NA,NA,NA
1497,NA,NA,1.45,0.75,0.7,1.18,0.71,0.65,NA,NA,NA,NA,NA,NA,NA,NA,1.57,1.33,NA,NA,NA,NA,NA,NA,NA,NA,NA,NA,TRUE,FALSE,FALSE,FALSE,FALSE,FALSE,NA,NA,NA,NA,NA,NA,NA,NA,TRUE,TRUE,NA,NA,NA,NA,NA,NA,NA,NA
1498,NA,NA,1.39,0.87,0.72,1.42,0.78,0.63,NA,NA,NA,NA,NA,NA,NA,NA,1.68,1.35,NA,NA,NA,NA,NA,NA,NA,NA,NA,NA,TRUE,FALSE,FALSE,FALSE,FALSE,FALSE,NA,NA,NA,NA,NA,NA,NA,NA,TRUE,TRUE,NA,NA,NA,NA,NA,NA,NA,NA
1499,NA,NA,0.85,0.49,0.47,0.94,0.42,0.41,NA,NA,NA,NA,NA,NA,NA,NA,1.01,0.97,NA,NA,NA,NA,NA,NA,NA,NA,NA,NA,FALSE,FALSE,FALSE,FALSE,FALSE,FALSE,NA,NA,NA,NA,NA,NA,NA,NA,FALSE,FALSE,NA,NA,NA,NA,NA,NA,NA,NA
1500,NA,NA,0.58,0.17,0.32,0.44,0.14,0.29,NA,NA,NA,NA,NA,NA,NA,NA,0.55,0.61,NA,NA,NA,NA,NA,NA,NA,NA,NA,NA,FALSE,FALSE,FALSE,FALSE,FALSE,FALSE,NA,NA,NA,NA,NA,NA,NA,NA,FALSE,FALSE,NA,NA,NA,NA,NA,NA,NA,NA
1501,NA,NA,1.34,0.93,0.73,1.05,0.82,0.72,NA,NA,NA,NA,NA,NA,NA,NA,1.21,1.46,NA,NA,NA,NA,NA,NA,NA,NA,NA,NA,TRUE,FALSE,FALSE,FALSE,FALSE,FALSE,NA,NA,NA,NA,NA,NA,NA,NA,FALSE,TRUE,NA,NA,NA,NA,NA,NA,NA,NA
1502,NA,NA,1.47,0.92,0.95,1.33,0.85,0.67,NA,NA,NA,NA,NA,NA,NA,NA,1.19,1.21,NA,NA,NA,NA,NA,NA,NA,NA,NA,NA,TRUE,FALSE,FALSE,FALSE,TRUE,FALSE,NA,NA,NA,NA,NA,NA,NA,NA,FALSE,FALSE,NA,NA,NA,NA,NA,NA,NA,NA
1503,NA,NA,1.78,1.14,1.15,1.38,1.11,0.99,NA,NA,NA,NA,NA,NA,NA,NA,1.29,1.25,NA,NA,NA,NA,NA,NA,NA,NA,NA,NA,TRUE,FALSE,FALSE,FALSE,TRUE,TRUE,NA,NA,NA,NA,NA,NA,NA,NA,TRUE,TRUE,NA,NA,NA,NA,NA,NA,NA,NA
1504,NA,NA,1.91,1.56,1.2,1.48,0.89,0.91,NA,NA,NA,NA,NA,NA,NA,NA,1.18,1.23,NA,NA,NA,NA,NA,NA,NA,NA,NA,NA,TRUE,TRUE,FALSE,FALSE,TRUE,TRUE,NA,NA,NA,NA,NA,NA,NA,NA,FALSE,FALSE,NA,NA,NA,NA,NA,NA,NA,NA
1505,NA,NA,1.12,0.97,0.69,0.95,0.53,0.56,NA,NA,NA,NA,NA,NA,NA,NA,0.76,0.77,NA,NA,NA,NA,NA,NA,NA,NA,NA,NA,FALSE,FALSE,FALSE,FALSE,FALSE,FALSE,NA,NA,NA,NA,NA,NA,NA,NA,FALSE,FALSE,NA,NA,NA,NA,NA,NA,NA,NA
1506,NA,NA,1.12,1.02,0.6,0.84,0.6,0.46,NA,NA,NA,NA,NA,NA,NA,NA,0.64,0.72,NA,NA,NA,NA,NA,NA,NA,NA,NA,NA,FALSE,FALSE,FALSE,FALSE,FALSE,FALSE,NA,NA,NA,NA,NA,NA,NA,NA,FALSE,FALSE,NA,NA,NA,NA,NA,NA,NA,NA
1507,NA,NA,1.2,1.09,0.77,0.77,0.55,0.64,NA,NA,NA,NA,NA,NA,NA,NA,0.83,0.87,NA,NA,NA,NA,NA,NA,NA,NA,NA,NA,FALSE,FALSE,FALSE,FALSE,FALSE,FALSE,NA,NA,NA,NA,NA,NA,NA,NA,FALSE,FALSE,NA,NA,NA,NA,NA,NA,NA,NA
1508,NA,NA,0.71,0.64,0.71,0.72,0.4,0.6,NA,NA,NA,NA,NA,NA,NA,NA,1.04,1.03,NA,NA,NA,NA,NA,NA,NA,NA,NA,NA,FALSE,FALSE,FALSE,FALSE,FALSE,FALSE,NA,NA,NA,NA,NA,NA,NA,NA,FALSE,FALSE,NA,NA,NA,NA,NA,NA,NA,NA
1509,NA,NA,1.35,1.37,1.1,1.46,0.69,1.22,NA,NA,NA,NA,NA,NA,NA,NA,1.47,1.77,NA,NA,NA,NA,NA,NA,NA,NA,NA,NA,TRUE,TRUE,FALSE,FALSE,FALSE,TRUE,NA,NA,NA,NA,NA,NA,NA,NA,TRUE,TRUE,NA,NA,NA,NA,NA,NA,NA,NA
1510,NA,NA,0.59,0.72,0.5,0.74,0.21,0.5,NA,NA,NA,NA,NA,NA,NA,NA,0.98,1,NA,NA,NA,NA,NA,NA,NA,NA,NA,NA,FALSE,FALSE,FALSE,FALSE,FALSE,FALSE,NA,NA,NA,NA,NA,NA,NA,NA,FALSE,FALSE,NA,NA,NA,NA,NA,NA,NA,NA
1511,NA,NA,1.02,0.71,0.54,0.69,0.3,0.91,NA,NA,NA,NA,NA,NA,NA,NA,0.89,1.19,NA,NA,NA,NA,NA,NA,NA,NA,NA,NA,FALSE,FALSE,FALSE,FALSE,FALSE,TRUE,NA,NA,NA,NA,NA,NA,NA,NA,FALSE,FALSE,NA,NA,NA,NA,NA,NA,NA,NA
1512,NA,NA,1.09,0.84,0.43,0.94,0.35,0.74,NA,NA,NA,NA,NA,NA,NA,NA,1.04,1.02,NA,NA,NA,NA,NA,NA,NA,NA,NA,NA,FALSE,FALSE,FALSE,FALSE,FALSE,FALSE,NA,NA,NA,NA,NA,NA,NA,NA,FALSE,FALSE,NA,NA,NA,NA,NA,NA,NA,NA
1513,NA,NA,1.22,0.97,0.67,0.96,0.54,0.76,NA,NA,NA,NA,NA,NA,NA,NA,0.86,0.96,NA,NA,NA,NA,NA,NA,NA,NA,NA,NA,FALSE,FALSE,FALSE,FALSE,FALSE,FALSE,NA,NA,NA,NA,NA,NA,NA,NA,FALSE,FALSE,NA,NA,NA,NA,NA,NA,NA,NA
1514,NA,NA,1.13,0.68,0.52,0.87,0.49,0.86,NA,NA,NA,NA,NA,NA,NA,NA,0.58,1.03,NA,NA,NA,NA,NA,NA,NA,NA,NA,NA,FALSE,FALSE,FALSE,FALSE,FALSE,TRUE,NA,NA,NA,NA,NA,NA,NA,NA,FALSE,FALSE,NA,NA,NA,NA,NA,NA,NA,NA
1515,NA,NA,1.02,0.75,0.52,0.8,0.29,0.4,NA,NA,NA,NA,NA,NA,NA,NA,0.83,1.22,NA,NA,NA,NA,NA,NA,NA,NA,NA,NA,FALSE,FALSE,FALSE,FALSE,FALSE,FALSE,NA,NA,NA,NA,NA,NA,NA,NA,FALSE,FALSE,NA,NA,NA,NA,NA,NA,NA,NA
1516,NA,NA,1.22,0.77,0.34,0.7,0.28,0.45,NA,NA,NA,NA,NA,NA,NA,NA,0.66,0.83,NA,NA,NA,NA,NA,NA,NA,NA,NA,NA,FALSE,FALSE,FALSE,FALSE,FALSE,FALSE,NA,NA,NA,NA,NA,NA,NA,NA,FALSE,FALSE,NA,NA,NA,NA,NA,NA,NA,NA
1517,NA,NA,1.48,0.95,0.53,0.71,0.29,0.5,NA,NA,NA,NA,NA,NA,NA,NA,0.8,1,NA,NA,NA,NA,NA,NA,NA,NA,NA,NA,TRUE,FALSE,FALSE,FALSE,FALSE,FALSE,NA,NA,NA,NA,NA,NA,NA,NA,FALSE,FALSE,NA,NA,NA,NA,NA,NA,NA,NA
1518,NA,NA,1.47,1.04,0.41,0.56,0.3,0.67,NA,NA,NA,NA,NA,NA,NA,NA,1.05,1.11,NA,NA,NA,NA,NA,NA,NA,NA,NA,NA,TRUE,FALSE,FALSE,FALSE,FALSE,FALSE,NA,NA,NA,NA,NA,NA,NA,NA,FALSE,FALSE,NA,NA,NA,NA,NA,NA,NA,NA
1519,NA,NA,1.13,0.93,0.56,0.59,0.34,0.55,NA,NA,NA,NA,NA,NA,NA,NA,0.83,0.8,NA,NA,NA,NA,NA,NA,NA,NA,NA,NA,FALSE,FALSE,FALSE,FALSE,FALSE,FALSE,NA,NA,NA,NA,NA,NA,NA,NA,FALSE,FALSE,NA,NA,NA,NA,NA,NA,NA,NA
1520,NA,NA,1.01,0.81,0.32,0.35,0.2,0.5,NA,NA,NA,NA,NA,NA,NA,NA,0.62,0.58,NA,NA,NA,NA,NA,NA,NA,NA,NA,NA,FALSE,FALSE,FALSE,FALSE,FALSE,FALSE,NA,NA,NA,NA,NA,NA,NA,NA,FALSE,FALSE,NA,NA,NA,NA,NA,NA,NA,NA
1521,NA,NA,0.8,0.79,0.31,0.34,0.17,0.3,NA,NA,NA,NA,NA,NA,NA,NA,0.54,0.61,NA,NA,NA,NA,NA,NA,NA,NA,NA,NA,FALSE,FALSE,FALSE,FALSE,FALSE,FALSE,NA,NA,NA,NA,NA,NA,NA,NA,FALSE,FALSE,NA,NA,NA,NA,NA,NA,NA,NA
1522,NA,NA,0.46,0.28,0.08,0.2,0,0.01,NA,NA,NA,NA,NA,NA,NA,NA,0.35,0.37,NA,NA,NA,NA,NA,NA,NA,NA,NA,NA,FALSE,FALSE,FALSE,FALSE,FALSE,FALSE,NA,NA,NA,NA,NA,NA,NA,NA,FALSE,FALSE,NA,NA,NA,NA,NA,NA,NA,NA
1523,NA,NA,0.87,0.66,0.53,0.3,0.15,0.36,NA,NA,NA,NA,NA,NA,NA,NA,0.62,0.53,NA,NA,NA,NA,NA,NA,NA,NA,NA,NA,FALSE,FALSE,FALSE,FALSE,FALSE,FALSE,NA,NA,NA,NA,NA,NA,NA,NA,FALSE,FALSE,NA,NA,NA,NA,NA,NA,NA,NA
1524,NA,NA,0.85,0.7,0.3,0.31,0.38,0.54,NA,NA,NA,NA,NA,NA,NA,NA,0.63,0.59,NA,NA,NA,NA,NA,NA,NA,NA,NA,NA,FALSE,FALSE,FALSE,FALSE,FALSE,FALSE,NA,NA,NA,NA,NA,NA,NA,NA,FALSE,FALSE,NA,NA,NA,NA,NA,NA,NA,NA
1525,NA,NA,0.56,0.63,0.45,0.25,0.43,0.43,NA,NA,NA,NA,NA,NA,NA,NA,0.52,0.48,NA,NA,NA,NA,NA,NA,NA,NA,NA,NA,FALSE,FALSE,FALSE,FALSE,FALSE,FALSE,NA,NA,NA,NA,NA,NA,NA,NA,FALSE,FALSE,NA,NA,NA,NA,NA,NA,NA,NA
1526,NA,NA,0.9,0.89,0.39,0.57,0.73,0.85,NA,NA,NA,NA,NA,NA,NA,NA,0.82,0.71,NA,NA,NA,NA,NA,NA,NA,NA,NA,NA,FALSE,FALSE,FALSE,FALSE,FALSE,TRUE,NA,NA,NA,NA,NA,NA,NA,NA,FALSE,FALSE,NA,NA,NA,NA,NA,NA,NA,NA
1527,NA,NA,0.66,0.63,0.45,0.54,0.4,0.42,NA,NA,NA,NA,NA,NA,NA,NA,0.74,0.68,NA,NA,NA,NA,NA,NA,NA,NA,NA,NA,FALSE,FALSE,FALSE,FALSE,FALSE,FALSE,NA,NA,NA,NA,NA,NA,NA,NA,FALSE,FALSE,NA,NA,NA,NA,NA,NA,NA,NA
1528,NA,NA,0.57,0.58,0.43,0.28,0.23,0.28,NA,NA,NA,NA,NA,NA,NA,NA,0.71,0.71,NA,NA,NA,NA,NA,NA,NA,NA,NA,NA,FALSE,FALSE,FALSE,FALSE,FALSE,FALSE,NA,NA,NA,NA,NA,NA,NA,NA,FALSE,FALSE,NA,NA,NA,NA,NA,NA,NA,NA
1529,NA,NA,0.5,0.61,0.33,0.38,0.31,0.26,NA,NA,NA,NA,NA,NA,NA,NA,0.82,0.84,NA,NA,NA,NA,NA,NA,NA,NA,NA,NA,FALSE,FALSE,FALSE,FALSE,FALSE,FALSE,NA,NA,NA,NA,NA,NA,NA,NA,FALSE,FALSE,NA,NA,NA,NA,NA,NA,NA,NA
1530,NA,NA,0.83,0.71,0.51,0.47,0.28,0.33,NA,NA,NA,NA,NA,NA,NA,NA,0.78,0.93,NA,NA,NA,NA,NA,NA,NA,NA,NA,NA,FALSE,FALSE,FALSE,FALSE,FALSE,FALSE,NA,NA,NA,NA,NA,NA,NA,NA,FALSE,FALSE,NA,NA,NA,NA,NA,NA,NA,NA
1531,NA,NA,0.45,0.35,0.3,0.27,0.2,0.21,NA,NA,NA,NA,NA,NA,NA,NA,0.89,0.96,NA,NA,NA,NA,NA,NA,NA,NA,NA,NA,FALSE,FALSE,FALSE,FALSE,FALSE,FALSE,NA,NA,NA,NA,NA,NA,NA,NA,FALSE,FALSE,NA,NA,NA,NA,NA,NA,NA,NA
1532,NA,NA,0,0,0.25,0.25,0.09,0.1,NA,NA,NA,NA,NA,NA,NA,NA,0.4,0.42,NA,NA,NA,NA,NA,NA,NA,NA,NA,NA,FALSE,FALSE,FALSE,FALSE,FALSE,FALSE,NA,NA,NA,NA,NA,NA,NA,NA,FALSE,FALSE,NA,NA,NA,NA,NA,NA,NA,NA
1533,NA,NA,0.48,0.46,0.49,0.63,0.27,0.29,NA,NA,NA,NA,NA,NA,NA,NA,0.51,0.54,NA,NA,NA,NA,NA,NA,NA,NA,NA,NA,FALSE,FALSE,FALSE,FALSE,FALSE,FALSE,NA,NA,NA,NA,NA,NA,NA,NA,FALSE,FALSE,NA,NA,NA,NA,NA,NA,NA,NA
1534,NA,NA,0.85,0.94,0.2,0.42,0.5,0.76,NA,NA,NA,NA,NA,NA,NA,NA,0.73,0.92,NA,NA,NA,NA,NA,NA,NA,NA,NA,NA,FALSE,FALSE,FALSE,FALSE,FALSE,FALSE,NA,NA,NA,NA,NA,NA,NA,NA,FALSE,FALSE,NA,NA,NA,NA,NA,NA,NA,NA
1535,NA,NA,0.57,0.62,0.7,0.55,0.29,0.76,NA,NA,NA,NA,NA,NA,NA,NA,0.62,0.91,NA,NA,NA,NA,NA,NA,NA,NA,NA,NA,FALSE,FALSE,FALSE,FALSE,FALSE,FALSE,NA,NA,NA,NA,NA,NA,NA,NA,FALSE,FALSE,NA,NA,NA,NA,NA,NA,NA,NA
1536,NA,NA,0.69,0.85,0.46,0.62,0.46,1.09,NA,NA,NA,NA,NA,NA,NA,NA,0.73,0.96,NA,NA,NA,NA,NA,NA,NA,NA,NA,NA,FALSE,FALSE,FALSE,FALSE,FALSE,TRUE,NA,NA,NA,NA,NA,NA,NA,NA,FALSE,FALSE,NA,NA,NA,NA,NA,NA,NA,NA
1537,NA,NA,0.68,0.88,0.48,0.55,0.56,0.77,NA,NA,NA,NA,NA,NA,NA,NA,0.72,0.92,NA,NA,NA,NA,NA,NA,NA,NA,NA,NA,FALSE,FALSE,FALSE,FALSE,FALSE,FALSE,NA,NA,NA,NA,NA,NA,NA,NA,FALSE,FALSE,NA,NA,NA,NA,NA,NA,NA,NA
1538,NA,NA,0.07,0.22,0,0,0.16,0.13,NA,NA,NA,NA,NA,NA,NA,NA,0.42,0.47,NA,NA,NA,NA,NA,NA,NA,NA,NA,NA,FALSE,FALSE,FALSE,FALSE,FALSE,FALSE,NA,NA,NA,NA,NA,NA,NA,NA,FALSE,FALSE,NA,NA,NA,NA,NA,NA,NA,NA
1539,NA,NA,0.46,0.63,0.2,0.19,0.53,0.59,NA,NA,NA,NA,NA,NA,NA,NA,0.76,0.73,NA,NA,NA,NA,NA,NA,NA,NA,NA,NA,FALSE,FALSE,FALSE,FALSE,FALSE,FALSE,NA,NA,NA,NA,NA,NA,NA,NA,FALSE,FALSE,NA,NA,NA,NA,NA,NA,NA,NA
1540,NA,NA,0.46,0.59,0.34,0.37,0.44,0.46,NA,NA,NA,NA,NA,NA,NA,NA,0.62,0.7,NA,NA,NA,NA,NA,NA,NA,NA,NA,NA,FALSE,FALSE,FALSE,FALSE,FALSE,FALSE,NA,NA,NA,NA,NA,NA,NA,NA,FALSE,FALSE,NA,NA,NA,NA,NA,NA,NA,NA
1541,NA,NA,0.56,0.57,0.35,0.46,0.47,0.26,NA,NA,NA,NA,NA,NA,NA,NA,0.7,0.63,NA,NA,NA,NA,NA,NA,NA,NA,NA,NA,FALSE,FALSE,FALSE,FALSE,FALSE,FALSE,NA,NA,NA,NA,NA,NA,NA,NA,FALSE,FALSE,NA,NA,NA,NA,NA,NA,NA,NA
1542,NA,NA,0,0,0,0,0,0,NA,NA,NA,NA,NA,NA,NA,NA,0.14,0.04,NA,NA,NA,NA,NA,NA,NA,NA,NA,NA,FALSE,FALSE,FALSE,FALSE,FALSE,FALSE,NA,NA,NA,NA,NA,NA,NA,NA,FALSE,FALSE,NA,NA,NA,NA,NA,NA,NA,NA
1543,NA,NA,0.53,0.69,0.09,0.07,0.46,0.28,NA,NA,NA,NA,NA,NA,NA,NA,0.72,0.82,NA,NA,NA,NA,NA,NA,NA,NA,NA,NA,FALSE,FALSE,FALSE,FALSE,FALSE,FALSE,NA,NA,NA,NA,NA,NA,NA,NA,FALSE,FALSE,NA,NA,NA,NA,NA,NA,NA,NA
1544,NA,NA,0.21,0.29,0,0,0.24,0.18,NA,NA,NA,NA,0.74,NA,NA,NA,0.52,0.48,NA,NA,NA,NA,NA,NA,NA,NA,NA,NA,FALSE,FALSE,FALSE,FALSE,FALSE,FALSE,NA,NA,NA,NA,FALSE,NA,NA,NA,FALSE,FALSE,NA,NA,NA,NA,NA,NA,NA,NA
1545,NA,NA,0.37,0.41,0.29,0.36,0.31,0.23,NA,NA,NA,NA,0.65,NA,NA,NA,0.48,0.53,NA,NA,NA,NA,NA,NA,NA,NA,NA,NA,FALSE,FALSE,FALSE,FALSE,FALSE,FALSE,NA,NA,NA,NA,FALSE,NA,NA,NA,FALSE,FALSE,NA,NA,NA,NA,NA,NA,NA,NA
1546,NA,NA,0.46,0.57,0.42,0.43,0.75,0.67,NA,NA,NA,NA,0.89,NA,1.24,NA,0.94,0.83,NA,NA,NA,NA,NA,NA,NA,NA,NA,NA,FALSE,FALSE,FALSE,FALSE,FALSE,FALSE,NA,NA,NA,NA,FALSE,NA,TRUE,NA,FALSE,FALSE,NA,NA,NA,NA,NA,NA,NA,NA
1547,NA,NA,0.32,0.45,0.29,0.22,0.7,0.46,NA,NA,NA,NA,1.71,NA,1.04,NA,0.86,0.65,NA,NA,NA,NA,NA,NA,NA,NA,NA,NA,FALSE,FALSE,FALSE,FALSE,FALSE,FALSE,NA,NA,NA,NA,TRUE,NA,FALSE,NA,FALSE,FALSE,NA,NA,NA,NA,NA,NA,NA,NA
1548,NA,NA,0.23,0.28,0.22,0.29,0.52,0.49,NA,NA,NA,NA,1.29,NA,0.51,0.71,0.67,0.51,NA,NA,NA,NA,NA,NA,NA,NA,NA,NA,FALSE,FALSE,FALSE,FALSE,FALSE,FALSE,NA,NA,NA,NA,TRUE,NA,FALSE,FALSE,FALSE,FALSE,NA,NA,NA,NA,NA,NA,NA,NA
1549,NA,NA,0.42,0.58,0.43,0.49,1.04,0.84,NA,NA,NA,NA,2.08,NA,1.16,1.15,1.08,0.92,NA,NA,NA,NA,NA,NA,NA,NA,NA,NA,FALSE,FALSE,FALSE,FALSE,TRUE,TRUE,NA,NA,NA,NA,TRUE,NA,TRUE,FALSE,FALSE,FALSE,NA,NA,NA,NA,NA,NA,NA,NA
1550,NA,NA,0.59,0.6,0.47,0.67,0.92,0.58,NA,NA,NA,0.55,1.73,NA,0.81,1.01,0.78,0.71,NA,NA,NA,NA,NA,NA,NA,NA,NA,NA,FALSE,FALSE,FALSE,FALSE,TRUE,FALSE,NA,NA,NA,FALSE,TRUE,NA,FALSE,FALSE,FALSE,FALSE,NA,NA,NA,NA,NA,NA,NA,NA
1551,NA,NA,0.41,0.39,0.34,0.45,0.49,0.32,NA,NA,NA,0.64,0.97,NA,0.5,0.83,0.81,0.71,NA,NA,NA,NA,NA,NA,NA,NA,NA,NA,FALSE,FALSE,FALSE,FALSE,FALSE,FALSE,NA,NA,NA,FALSE,FALSE,NA,FALSE,FALSE,FALSE,FALSE,NA,NA,NA,NA,NA,NA,NA,NA
1552,NA,NA,0.3,0.43,0.32,0.57,0.41,0.25,NA,NA,NA,0.66,1.11,1.46,0.93,1.02,0.77,0.83,NA,NA,NA,NA,NA,NA,NA,NA,NA,NA,FALSE,FALSE,FALSE,FALSE,FALSE,FALSE,NA,NA,NA,FALSE,FALSE,TRUE,FALSE,FALSE,FALSE,FALSE,NA,NA,NA,NA,NA,NA,NA,NA
1553,NA,NA,0.36,0.56,0.31,0.45,0.47,0.48,NA,NA,NA,0.62,0.81,0.93,0.85,0.95,0.87,0.6,NA,NA,NA,NA,NA,NA,NA,NA,NA,NA,FALSE,FALSE,FALSE,FALSE,FALSE,FALSE,NA,NA,NA,FALSE,FALSE,FALSE,FALSE,FALSE,FALSE,FALSE,NA,NA,NA,NA,NA,NA,NA,NA
1554,NA,NA,0.35,0.36,0.23,0.33,0.41,0.24,NA,0.55,NA,0.63,0.71,0.94,0.89,0.39,0.74,0.62,NA,NA,NA,NA,NA,NA,NA,NA,NA,NA,FALSE,FALSE,FALSE,FALSE,FALSE,FALSE,NA,FALSE,NA,FALSE,FALSE,FALSE,FALSE,FALSE,FALSE,FALSE,NA,NA,NA,NA,NA,NA,NA,NA
1555,NA,NA,0.46,0.47,0.17,0.26,0.45,0.35,NA,0.57,NA,0.76,0.73,0.99,0.77,0.6,0.69,0.54,NA,NA,NA,NA,NA,NA,NA,NA,NA,NA,FALSE,FALSE,FALSE,FALSE,FALSE,FALSE,NA,FALSE,NA,FALSE,FALSE,FALSE,FALSE,FALSE,FALSE,FALSE,NA,NA,NA,NA,NA,NA,NA,NA
1556,NA,NA,0.45,0.55,0.42,0.66,0.64,0.51,NA,0.74,NA,0.58,0.91,1.15,0.73,0.69,0.73,0.6,NA,NA,NA,NA,NA,NA,NA,NA,NA,NA,FALSE,FALSE,FALSE,FALSE,FALSE,FALSE,NA,FALSE,NA,FALSE,FALSE,TRUE,FALSE,FALSE,FALSE,FALSE,NA,NA,NA,NA,NA,NA,NA,NA
1557,NA,NA,0.56,0.62,0.3,0.53,0.66,0.51,NA,0.76,NA,1,1.08,1.03,0.65,0.59,0.81,0.67,NA,NA,NA,NA,NA,NA,NA,NA,NA,NA,FALSE,FALSE,FALSE,FALSE,FALSE,FALSE,NA,FALSE,NA,FALSE,FALSE,FALSE,FALSE,FALSE,FALSE,FALSE,NA,NA,NA,NA,NA,NA,NA,NA
1558,NA,NA,0.53,0.58,0.38,0.48,0.72,0.44,NA,0.62,NA,0.45,0.84,0.96,0.57,0.42,0.65,0.67,NA,NA,NA,NA,NA,NA,NA,NA,NA,NA,FALSE,FALSE,FALSE,FALSE,FALSE,FALSE,NA,FALSE,NA,FALSE,FALSE,FALSE,FALSE,FALSE,FALSE,FALSE,NA,NA,NA,NA,NA,NA,NA,NA
1559,NA,NA,0.51,0.51,0.38,0.47,0.48,0.5,NA,0.58,NA,0.43,0.8,0.88,0.52,0.41,0.61,0.42,NA,NA,NA,NA,NA,NA,NA,NA,NA,NA,FALSE,FALSE,FALSE,FALSE,FALSE,FALSE,NA,FALSE,NA,FALSE,FALSE,FALSE,FALSE,FALSE,FALSE,FALSE,NA,NA,NA,NA,NA,NA,NA,NA
1560,NA,NA,0.56,0.58,0.36,0.38,0.49,0.44,NA,0.6,NA,0.43,0.73,0.99,0.65,0.57,0.55,0.55,NA,NA,NA,NA,NA,NA,NA,NA,NA,NA,FALSE,FALSE,FALSE,FALSE,FALSE,FALSE,NA,FALSE,NA,FALSE,FALSE,FALSE,FALSE,FALSE,FALSE,FALSE,NA,NA,NA,NA,NA,NA,NA,NA
1561,NA,NA,0.42,0.31,0.23,0.29,0.33,0.33,NA,0.34,NA,0.51,0.47,0.75,0.54,0.44,0.46,0.35,NA,NA,NA,NA,NA,NA,NA,NA,NA,NA,FALSE,FALSE,FALSE,FALSE,FALSE,FALSE,NA,FALSE,NA,FALSE,FALSE,FALSE,FALSE,FALSE,FALSE,FALSE,NA,NA,NA,NA,NA,NA,NA,NA
1562,NA,NA,0.52,0.37,0.28,0.36,0.55,0.56,NA,0.4,NA,0.53,0.6,0.83,0.63,0.65,0.46,0.47,NA,NA,NA,NA,NA,NA,NA,NA,NA,NA,FALSE,FALSE,FALSE,FALSE,FALSE,FALSE,NA,FALSE,NA,FALSE,FALSE,FALSE,FALSE,FALSE,FALSE,FALSE,NA,NA,NA,NA,NA,NA,NA,NA
1563,NA,NA,0.35,0.36,0.16,0.12,0.33,0.39,NA,0.19,NA,0.47,0.61,0.85,0.5,0.3,0.34,0.22,NA,NA,NA,NA,NA,NA,NA,NA,NA,NA,FALSE,FALSE,FALSE,FALSE,FALSE,FALSE,NA,FALSE,NA,FALSE,FALSE,FALSE,FALSE,FALSE,FALSE,FALSE,NA,NA,NA,NA,NA,NA,NA,NA
1564,NA,NA,0.69,0.55,0.28,0.46,0.54,0.51,NA,0.5,NA,0.67,1.09,0.95,0.87,0.84,0.55,0.41,NA,NA,NA,NA,NA,NA,NA,NA,NA,NA,FALSE,FALSE,FALSE,FALSE,FALSE,FALSE,NA,FALSE,NA,FALSE,FALSE,FALSE,FALSE,FALSE,FALSE,FALSE,NA,NA,NA,NA,NA,NA,NA,NA
1565,NA,NA,0.68,0.5,0.33,0.42,0.79,0.66,NA,0.64,NA,0.74,1.43,0.78,0.99,0.86,0.65,0.59,NA,NA,NA,NA,NA,NA,NA,NA,NA,NA,FALSE,FALSE,FALSE,FALSE,FALSE,FALSE,NA,FALSE,NA,FALSE,TRUE,FALSE,FALSE,FALSE,FALSE,FALSE,NA,NA,NA,NA,NA,NA,NA,NA
1566,NA,NA,0.7,0.6,0.31,0.39,0.6,0.59,NA,0.66,NA,0.62,1.23,1.15,0.84,0.74,0.5,0.54,NA,NA,NA,NA,NA,NA,NA,NA,NA,NA,FALSE,FALSE,FALSE,FALSE,FALSE,FALSE,NA,FALSE,NA,FALSE,TRUE,TRUE,FALSE,FALSE,FALSE,FALSE,NA,NA,NA,NA,NA,NA,NA,NA
1567,NA,NA,0.37,0.44,0.2,0.22,0.39,0.35,NA,0.39,NA,0.24,1.06,1.12,0.55,0.5,0.42,0.54,NA,NA,NA,NA,NA,NA,NA,NA,NA,NA,FALSE,FALSE,FALSE,FALSE,FALSE,FALSE,NA,FALSE,NA,FALSE,FALSE,FALSE,FALSE,FALSE,FALSE,FALSE,NA,NA,NA,NA,NA,NA,NA,NA
1568,NA,NA,0.48,0.45,0.16,0.28,0.46,0.44,NA,0.39,NA,0.35,0.9,0.99,0.49,0.55,0.56,0.65,NA,NA,NA,NA,NA,NA,NA,NA,NA,NA,FALSE,FALSE,FALSE,FALSE,FALSE,FALSE,NA,FALSE,NA,FALSE,FALSE,FALSE,FALSE,FALSE,FALSE,FALSE,NA,NA,NA,NA,NA,NA,NA,NA
1569,NA,NA,0.37,0.45,0.18,0.16,0.41,0.42,NA,0.41,NA,0.38,0.77,0.78,0.45,0.45,0.45,0.56,NA,NA,NA,NA,NA,NA,NA,NA,NA,NA,FALSE,FALSE,FALSE,FALSE,FALSE,FALSE,NA,FALSE,NA,FALSE,FALSE,FALSE,FALSE,FALSE,FALSE,FALSE,NA,NA,NA,NA,NA,NA,NA,NA
1570,NA,NA,0.46,0.35,0.31,0.32,0.34,0.38,NA,0.43,NA,0.32,0.69,0.68,0.4,0.4,0.37,0.48,NA,NA,NA,NA,NA,NA,NA,NA,NA,NA,FALSE,FALSE,FALSE,FALSE,FALSE,FALSE,NA,FALSE,NA,FALSE,FALSE,FALSE,FALSE,FALSE,FALSE,FALSE,NA,NA,NA,NA,NA,NA,NA,NA
1571,NA,NA,0.24,0.2,0.06,0.16,0.16,0.32,NA,0.27,NA,0.34,0.51,0.38,0.48,0.5,0.34,0.45,NA,NA,NA,NA,NA,NA,NA,NA,NA,NA,FALSE,FALSE,FALSE,FALSE,FALSE,FALSE,NA,FALSE,NA,FALSE,FALSE,FALSE,FALSE,FALSE,FALSE,FALSE,NA,NA,NA,NA,NA,NA,NA,NA
1572,NA,NA,0.41,0.44,0.17,0.17,0.25,0.39,NA,0.29,NA,0.21,0.57,0.63,0.38,0.55,0.41,0.56,NA,NA,NA,NA,NA,NA,NA,NA,NA,NA,FALSE,FALSE,FALSE,FALSE,FALSE,FALSE,NA,FALSE,NA,FALSE,FALSE,FALSE,FALSE,FALSE,FALSE,FALSE,NA,NA,NA,NA,NA,NA,NA,NA
1573,NA,NA,0.25,0.23,0.07,0.12,0.19,0.3,NA,0.2,NA,0.18,0.25,0.39,0.43,0.28,0.33,0.28,NA,NA,NA,NA,NA,NA,NA,NA,NA,NA,FALSE,FALSE,FALSE,FALSE,FALSE,FALSE,NA,FALSE,NA,FALSE,FALSE,FALSE,FALSE,FALSE,FALSE,FALSE,NA,NA,NA,NA,NA,NA,NA,NA
1574,NA,NA,0.25,0.2,0,0,0.14,0.21,NA,0.15,NA,0.23,0.34,0.45,0.42,0.33,0.19,0.28,NA,NA,NA,NA,NA,NA,NA,NA,NA,NA,FALSE,FALSE,FALSE,FALSE,FALSE,FALSE,NA,FALSE,NA,FALSE,FALSE,FALSE,FALSE,FALSE,FALSE,FALSE,NA,NA,NA,NA,NA,NA,NA,NA
1575,NA,NA,0.56,0.35,0.25,0.28,0.35,0.32,NA,0.42,NA,0.31,0.46,0.6,0.75,0.65,0.4,0.46,NA,0.66,NA,NA,NA,NA,NA,NA,NA,NA,FALSE,FALSE,FALSE,FALSE,FALSE,FALSE,NA,FALSE,NA,FALSE,FALSE,FALSE,FALSE,FALSE,FALSE,FALSE,NA,FALSE,NA,NA,NA,NA,NA,NA
1576,NA,NA,0.39,0.31,0.15,0.22,0.24,0.34,NA,0.22,NA,0.43,0.43,0.49,0.53,0.45,0.35,0.47,NA,0.35,NA,NA,NA,NA,NA,NA,NA,NA,FALSE,FALSE,FALSE,FALSE,FALSE,FALSE,NA,FALSE,NA,FALSE,FALSE,FALSE,FALSE,FALSE,FALSE,FALSE,NA,FALSE,NA,NA,NA,NA,NA,NA
1577,NA,NA,0.49,0.44,0.26,0.31,0.47,0.52,NA,0.37,NA,0.75,0.9,1,0.82,0.61,0.41,0.53,NA,0.61,NA,NA,NA,NA,NA,NA,NA,NA,FALSE,FALSE,FALSE,FALSE,FALSE,FALSE,NA,FALSE,NA,FALSE,FALSE,FALSE,FALSE,FALSE,FALSE,FALSE,NA,FALSE,NA,NA,NA,NA,NA,NA
1578,NA,NA,0.41,0.32,0.14,0.26,0.36,0.39,NA,0.41,NA,0.47,0.62,0.64,0.74,0.66,0.33,0.46,NA,0.4,NA,NA,NA,NA,NA,NA,NA,NA,FALSE,FALSE,FALSE,FALSE,FALSE,FALSE,NA,FALSE,NA,FALSE,FALSE,FALSE,FALSE,FALSE,FALSE,FALSE,NA,FALSE,NA,NA,NA,NA,NA,NA
1579,NA,NA,0.28,0.12,0.05,0.06,0.25,0.21,NA,0.2,NA,0.36,0.41,0.65,0.55,0.29,0.38,0.41,NA,0.2,NA,NA,NA,NA,NA,NA,NA,NA,FALSE,FALSE,FALSE,FALSE,FALSE,FALSE,NA,FALSE,NA,FALSE,FALSE,FALSE,FALSE,FALSE,FALSE,FALSE,NA,FALSE,NA,NA,NA,NA,NA,NA
1580,NA,NA,0.15,0.02,0,0,0.15,0.17,NA,0.23,NA,0.26,0.39,0.6,0.38,0.24,0.24,0.24,NA,0.34,NA,NA,NA,NA,NA,NA,NA,NA,FALSE,FALSE,FALSE,FALSE,FALSE,FALSE,NA,FALSE,NA,FALSE,FALSE,FALSE,FALSE,FALSE,FALSE,FALSE,NA,FALSE,NA,NA,NA,NA,NA,NA
1581,NA,NA,0.5,0.34,0.22,0.3,0.23,0.26,NA,0.18,NA,0.32,0.62,0.76,0.4,0.56,0.48,0.48,NA,0.4,NA,NA,NA,NA,NA,NA,NA,NA,FALSE,FALSE,FALSE,FALSE,FALSE,FALSE,NA,FALSE,NA,FALSE,FALSE,FALSE,FALSE,FALSE,FALSE,FALSE,NA,FALSE,NA,NA,NA,NA,NA,NA
1582,NA,NA,0.22,0.06,0.01,0.1,0.18,0.2,NA,0.16,NA,0.47,0.37,0.47,0.34,0.43,0.31,0.35,NA,0.49,NA,NA,NA,NA,NA,NA,NA,NA,FALSE,FALSE,FALSE,FALSE,FALSE,FALSE,NA,FALSE,NA,FALSE,FALSE,FALSE,FALSE,FALSE,FALSE,FALSE,NA,FALSE,NA,NA,NA,NA,NA,NA
1583,NA,NA,0.05,0.02,0,0,0.14,0.16,NA,0.14,NA,0.33,0.24,0.24,0.15,0.34,0.16,0.2,NA,0.42,NA,NA,NA,NA,NA,NA,NA,NA,FALSE,FALSE,FALSE,FALSE,FALSE,FALSE,NA,FALSE,NA,FALSE,FALSE,FALSE,FALSE,FALSE,FALSE,FALSE,NA,FALSE,NA,NA,NA,NA,NA,NA
1584,NA,NA,0,0,0.01,0.01,0,0,NA,0,NA,0.14,0.07,0.15,0,0,0.04,0.05,NA,0.3,NA,NA,NA,NA,NA,NA,NA,NA,FALSE,FALSE,FALSE,FALSE,FALSE,FALSE,NA,FALSE,NA,FALSE,FALSE,FALSE,FALSE,FALSE,FALSE,FALSE,NA,FALSE,NA,NA,NA,NA,NA,NA
1585,NA,NA,0.01,0.01,0,0,0.05,0.02,NA,0.07,NA,0.11,0.13,0.27,0.06,0.12,0.18,0.1,NA,0.41,NA,NA,NA,NA,NA,NA,NA,NA,FALSE,FALSE,FALSE,FALSE,FALSE,FALSE,NA,FALSE,NA,FALSE,FALSE,FALSE,FALSE,FALSE,FALSE,FALSE,NA,FALSE,NA,NA,NA,NA,NA,NA
1586,NA,NA,0.6,0.37,0.25,0.32,0.38,0.54,NA,0.31,NA,0.6,0.57,0.73,0.5,0.45,0.48,0.43,NA,0.78,NA,NA,NA,NA,NA,NA,NA,NA,FALSE,FALSE,FALSE,FALSE,FALSE,FALSE,NA,FALSE,NA,FALSE,FALSE,FALSE,FALSE,FALSE,FALSE,FALSE,NA,FALSE,NA,NA,NA,NA,NA,NA
1587,NA,NA,0.45,0.31,0.25,0.37,0.71,0.53,NA,0.72,NA,1.01,0.72,0.81,1.06,1.2,0.54,0.55,NA,0.98,NA,NA,NA,NA,NA,NA,NA,NA,FALSE,FALSE,FALSE,FALSE,FALSE,FALSE,NA,FALSE,NA,FALSE,FALSE,FALSE,TRUE,FALSE,FALSE,FALSE,NA,FALSE,NA,NA,NA,NA,NA,NA
1588,NA,NA,0.44,0.33,0.41,0.37,0.65,0.69,NA,0.72,1.9,1.07,0.76,0.74,1.11,1.35,0.71,0.65,NA,1,NA,NA,NA,NA,NA,NA,NA,NA,FALSE,FALSE,FALSE,FALSE,FALSE,FALSE,NA,FALSE,TRUE,TRUE,FALSE,FALSE,TRUE,TRUE,FALSE,FALSE,NA,FALSE,NA,NA,NA,NA,NA,NA
1589,NA,NA,0.36,0.34,NA,0.32,0.5,0.41,NA,0.61,1.39,0.8,0.54,0.58,0.78,1.07,0.64,0.59,NA,0.72,NA,NA,NA,NA,NA,NA,NA,NA,FALSE,FALSE,NA,FALSE,FALSE,FALSE,NA,FALSE,FALSE,FALSE,FALSE,FALSE,FALSE,FALSE,FALSE,FALSE,NA,FALSE,NA,NA,NA,NA,NA,NA
1590,NA,NA,0.2,0.1,NA,NA,0.11,0.21,NA,0.22,0.68,0.35,0.26,0.43,0.33,0.5,0.42,0.34,NA,0.8,NA,NA,NA,NA,NA,NA,NA,NA,FALSE,FALSE,NA,NA,FALSE,FALSE,NA,FALSE,FALSE,FALSE,FALSE,FALSE,FALSE,FALSE,FALSE,FALSE,NA,FALSE,NA,NA,NA,NA,NA,NA
1591,NA,NA,0.32,0.16,NA,NA,0.22,0.23,NA,0.31,0.85,0.48,0.33,0.51,0.44,0.73,0.47,0.36,0.58,0.69,NA,NA,NA,NA,NA,NA,NA,NA,FALSE,FALSE,NA,NA,FALSE,FALSE,NA,FALSE,FALSE,FALSE,FALSE,FALSE,FALSE,FALSE,FALSE,FALSE,FALSE,FALSE,NA,NA,NA,NA,NA,NA
1592,NA,NA,0.29,0.16,NA,NA,0.21,0.22,NA,0.42,0.84,0.29,0.47,0.62,0.39,0.81,0.49,0.35,0.52,0.72,NA,NA,NA,NA,NA,NA,NA,NA,FALSE,FALSE,NA,NA,FALSE,FALSE,NA,FALSE,FALSE,FALSE,FALSE,FALSE,FALSE,FALSE,FALSE,FALSE,FALSE,FALSE,NA,NA,NA,NA,NA,NA
1593,NA,NA,0.3,0.17,NA,NA,0.25,0.32,0.49,0.53,0.73,0.26,0.4,0.56,0.41,0.95,0.58,0.33,0.55,0.94,NA,NA,NA,NA,NA,NA,NA,NA,FALSE,FALSE,NA,NA,FALSE,FALSE,FALSE,FALSE,FALSE,FALSE,FALSE,FALSE,FALSE,FALSE,FALSE,FALSE,FALSE,FALSE,NA,NA,NA,NA,NA,NA
1594,NA,NA,0.42,0.44,NA,NA,0.45,0.46,1.08,0.71,1.12,0.6,0.48,0.57,0.57,1.52,0.67,0.52,0.74,1.06,NA,NA,NA,NA,NA,NA,NA,NA,FALSE,FALSE,NA,NA,FALSE,FALSE,FALSE,FALSE,FALSE,FALSE,FALSE,FALSE,FALSE,TRUE,FALSE,FALSE,FALSE,FALSE,NA,NA,NA,NA,NA,NA
1595,NA,NA,0.45,0.35,NA,NA,0.26,0.22,0.56,0.5,1.1,0.57,0.37,0.49,0.29,0.83,0.44,0.45,0.77,1.02,NA,NA,NA,NA,NA,NA,NA,NA,FALSE,FALSE,NA,NA,FALSE,FALSE,FALSE,FALSE,FALSE,FALSE,FALSE,FALSE,FALSE,FALSE,FALSE,FALSE,FALSE,FALSE,NA,NA,NA,NA,NA,NA
1596,NA,NA,0.47,0.39,NA,NA,0.32,0.35,0.9,0.55,1.28,0.64,0.5,0.54,0.57,1.3,0.64,0.54,0.78,1.2,NA,NA,NA,NA,NA,NA,NA,NA,FALSE,FALSE,NA,NA,FALSE,FALSE,FALSE,FALSE,FALSE,FALSE,FALSE,FALSE,FALSE,FALSE,FALSE,FALSE,FALSE,TRUE,NA,NA,NA,NA,NA,NA
1597,NA,NA,0.21,0.11,NA,NA,0.25,0.2,0.49,0.32,0.64,0.31,0.31,0.36,0.32,0.76,0.43,0.26,0.44,0.77,NA,NA,NA,NA,NA,NA,NA,NA,FALSE,FALSE,NA,NA,FALSE,FALSE,FALSE,FALSE,FALSE,FALSE,FALSE,FALSE,FALSE,FALSE,FALSE,FALSE,FALSE,FALSE,NA,NA,NA,NA,NA,NA
1598,NA,NA,0.33,0.2,NA,NA,0.1,0.14,0.21,0.19,0.73,0.3,0.44,0.26,0.12,0.61,0.46,0.33,0.49,0.66,NA,NA,NA,NA,NA,NA,NA,NA,FALSE,FALSE,NA,NA,FALSE,FALSE,FALSE,FALSE,FALSE,FALSE,FALSE,FALSE,FALSE,FALSE,FALSE,FALSE,FALSE,FALSE,NA,NA,NA,NA,NA,NA
1599,NA,NA,0.4,0.36,NA,NA,0.46,0.5,0.51,0.59,1.13,0.56,0.7,0.41,0.6,0.98,0.63,0.39,0.62,0.95,NA,NA,NA,NA,NA,NA,NA,NA,FALSE,FALSE,NA,NA,FALSE,FALSE,FALSE,FALSE,FALSE,FALSE,FALSE,FALSE,FALSE,FALSE,FALSE,FALSE,FALSE,FALSE,NA,NA,NA,NA,NA,NA
1600,NA,NA,0.14,0,NA,NA,0,0,0.09,0,0.21,0,0.2,0.05,0,0.36,0.09,0,0.34,0.49,NA,NA,NA,NA,NA,NA,NA,NA,FALSE,FALSE,NA,NA,FALSE,FALSE,FALSE,FALSE,FALSE,FALSE,FALSE,FALSE,FALSE,FALSE,FALSE,FALSE,FALSE,FALSE,NA,NA,NA,NA,NA,NA
1601,NA,NA,0.34,0.26,NA,NA,0.21,0.34,0.33,0.31,0.75,0.35,0.58,0.34,0.34,0.66,0.54,0.38,0.39,0.59,NA,NA,NA,NA,NA,NA,NA,NA,FALSE,FALSE,NA,NA,FALSE,FALSE,FALSE,FALSE,FALSE,FALSE,FALSE,FALSE,FALSE,FALSE,FALSE,FALSE,FALSE,FALSE,NA,NA,NA,NA,NA,NA
1602,NA,NA,0.55,0.45,NA,NA,0.41,0.34,0.54,0.49,1.41,0.54,1.81,0.61,0.54,0.85,0.62,0.54,0.58,1,NA,NA,NA,NA,NA,NA,NA,NA,FALSE,FALSE,NA,NA,FALSE,FALSE,FALSE,FALSE,FALSE,FALSE,TRUE,FALSE,FALSE,FALSE,FALSE,FALSE,FALSE,FALSE,NA,NA,NA,NA,NA,NA
1603,NA,NA,0.41,0.4,NA,NA,0.36,0.44,0.58,0.44,1.2,0.55,1.29,0.44,0.6,1.15,0.45,0.42,0.76,0.84,NA,NA,NA,NA,NA,NA,NA,NA,FALSE,FALSE,NA,NA,FALSE,FALSE,FALSE,FALSE,FALSE,FALSE,TRUE,FALSE,FALSE,FALSE,FALSE,FALSE,FALSE,FALSE,NA,NA,NA,NA,NA,NA
1604,NA,NA,0.5,0.4,NA,NA,0.34,0.44,0.66,0.48,1.11,0.58,1.17,0.58,0.72,1.08,0.47,0.39,0.72,0.91,NA,NA,NA,NA,NA,NA,NA,NA,FALSE,FALSE,NA,NA,FALSE,FALSE,FALSE,FALSE,FALSE,FALSE,FALSE,FALSE,FALSE,FALSE,FALSE,FALSE,FALSE,FALSE,NA,NA,NA,NA,NA,NA
1605,NA,NA,0.51,0.42,NA,NA,0.33,0.38,0.34,0.44,1.11,0.66,0.93,0.37,0.84,1,0.57,0.46,0.63,0.72,NA,NA,NA,NA,NA,NA,NA,NA,FALSE,FALSE,NA,NA,FALSE,FALSE,FALSE,FALSE,FALSE,FALSE,FALSE,FALSE,FALSE,FALSE,FALSE,FALSE,FALSE,FALSE,NA,NA,NA,NA,NA,NA
1606,NA,NA,0.41,0.4,NA,NA,0.35,0.32,0.42,0.4,0.96,0.81,0.73,0.23,0.81,0.86,0.55,0.48,0.61,0.83,NA,NA,NA,NA,NA,NA,NA,NA,FALSE,FALSE,NA,NA,FALSE,FALSE,FALSE,FALSE,FALSE,FALSE,FALSE,FALSE,FALSE,FALSE,FALSE,FALSE,FALSE,FALSE,NA,NA,NA,NA,NA,NA
1607,NA,NA,0.27,0.23,NA,NA,0.22,0.3,0.28,0.34,0.52,0.51,0.53,0.28,0.47,0.67,0.33,0.3,0.51,0.59,NA,0.68,0.76,NA,NA,NA,NA,NA,FALSE,FALSE,NA,NA,FALSE,FALSE,FALSE,FALSE,FALSE,FALSE,FALSE,FALSE,FALSE,FALSE,FALSE,FALSE,FALSE,FALSE,NA,FALSE,FALSE,NA,NA,NA
1608,NA,NA,0.18,0.19,NA,NA,0.19,0.21,0.39,0.23,0.59,0.48,0.46,0.35,0.54,0.63,0.32,0.31,0.53,0.74,NA,0.44,0.66,NA,NA,NA,NA,NA,FALSE,FALSE,NA,NA,FALSE,FALSE,FALSE,FALSE,FALSE,FALSE,FALSE,FALSE,FALSE,FALSE,FALSE,FALSE,FALSE,FALSE,NA,FALSE,FALSE,NA,NA,NA
1609,NA,NA,0.5,0.55,NA,NA,0.44,0.42,0.5,0.39,1.1,0.78,0.77,0.58,0.63,0.88,0.58,0.46,0.89,1.1,NA,0.66,0.96,NA,NA,NA,NA,NA,FALSE,FALSE,NA,NA,FALSE,FALSE,FALSE,FALSE,FALSE,FALSE,FALSE,FALSE,FALSE,FALSE,FALSE,FALSE,FALSE,FALSE,NA,FALSE,FALSE,NA,NA,NA
1610,NA,NA,0.49,0.39,NA,NA,0.7,0.38,0.62,0.52,1.28,0.8,0.48,0.49,0.59,1.02,0.47,0.49,0.49,0.95,0.56,0.81,0.88,NA,NA,NA,NA,NA,FALSE,FALSE,NA,NA,FALSE,FALSE,FALSE,FALSE,FALSE,FALSE,FALSE,FALSE,FALSE,FALSE,FALSE,FALSE,FALSE,FALSE,FALSE,FALSE,FALSE,NA,NA,NA
1611,NA,NA,0.54,0.57,NA,NA,0.39,0.35,0.34,0.22,1.15,0.77,0.41,0.42,0.55,0.89,0.53,0.43,0.52,0.88,0.47,0.48,0.57,NA,NA,NA,NA,NA,FALSE,FALSE,NA,NA,FALSE,FALSE,FALSE,FALSE,FALSE,FALSE,FALSE,FALSE,FALSE,FALSE,FALSE,FALSE,FALSE,FALSE,FALSE,FALSE,FALSE,NA,NA,NA
1612,NA,NA,0.25,0.12,NA,NA,0.26,0.3,0.2,0.2,0.81,0.51,0.36,0.52,0.39,0.59,0.3,0.3,0.38,0.85,0.42,0.43,0.94,NA,NA,NA,NA,NA,FALSE,FALSE,NA,NA,FALSE,FALSE,FALSE,FALSE,FALSE,FALSE,FALSE,FALSE,FALSE,FALSE,FALSE,FALSE,FALSE,FALSE,FALSE,FALSE,FALSE,NA,NA,NA
1613,NA,NA,0.17,0.1,NA,NA,0.14,0.08,0.1,0.16,0.86,0.39,0.2,0.41,0.26,0.5,0.31,0.25,0.45,0.76,0.27,0.49,0.85,NA,NA,NA,NA,NA,FALSE,FALSE,NA,NA,FALSE,FALSE,FALSE,FALSE,FALSE,FALSE,FALSE,FALSE,FALSE,FALSE,FALSE,FALSE,FALSE,FALSE,FALSE,FALSE,FALSE,NA,NA,NA
1614,NA,NA,0.33,0.33,NA,NA,0.55,0.44,0.33,0.41,1.38,0.59,0.56,0.76,0.71,0.96,0.65,0.51,0.81,1.18,0.49,0.75,1,NA,NA,NA,NA,NA,FALSE,FALSE,NA,NA,FALSE,FALSE,FALSE,FALSE,FALSE,FALSE,FALSE,FALSE,FALSE,FALSE,FALSE,FALSE,FALSE,TRUE,FALSE,FALSE,FALSE,NA,NA,NA
1615,NA,NA,0.44,0.48,NA,NA,0.61,0.75,0.66,0.53,1.66,0.67,0.61,0.95,0.81,1.05,0.62,0.64,0.62,0.86,0.75,0.85,1.08,NA,NA,NA,NA,NA,FALSE,FALSE,NA,NA,FALSE,FALSE,FALSE,FALSE,TRUE,FALSE,FALSE,FALSE,FALSE,FALSE,FALSE,FALSE,FALSE,FALSE,FALSE,FALSE,FALSE,NA,NA,NA
1616,NA,NA,0.45,0.42,NA,NA,0.26,0.29,0.59,0.52,1.71,0.71,0.36,0.82,0.84,1.02,0.58,0.49,0.79,0.7,0.85,0.74,1.07,NA,NA,NA,NA,NA,FALSE,FALSE,NA,NA,FALSE,FALSE,FALSE,FALSE,TRUE,FALSE,FALSE,FALSE,FALSE,FALSE,FALSE,FALSE,FALSE,FALSE,FALSE,FALSE,FALSE,NA,NA,NA
1617,NA,NA,0.36,0.35,NA,NA,0.25,0.3,0.54,0.4,1.55,0.86,0.38,0.95,0.69,0.79,0.58,0.6,0.57,0.6,0.64,0.51,1.06,NA,NA,NA,NA,NA,FALSE,FALSE,NA,NA,FALSE,FALSE,FALSE,FALSE,TRUE,FALSE,FALSE,FALSE,FALSE,FALSE,FALSE,FALSE,FALSE,FALSE,FALSE,FALSE,FALSE,NA,NA,NA
1618,NA,NA,0.34,0.3,NA,NA,0.21,0.37,0.49,0.38,1.48,0.69,0.26,0.74,0.73,0.83,0.41,0.38,0.59,0.66,0.71,0.63,1.17,NA,NA,NA,NA,NA,FALSE,FALSE,NA,NA,FALSE,FALSE,FALSE,FALSE,TRUE,FALSE,FALSE,FALSE,FALSE,FALSE,FALSE,FALSE,FALSE,FALSE,FALSE,FALSE,FALSE,NA,NA,NA
1619,NA,NA,0.32,0.41,NA,NA,0.19,0.33,0.53,0.29,1.8,0.79,0.43,0.88,0.56,0.9,0.56,0.5,0.63,0.69,0.63,0.68,1.25,NA,NA,NA,NA,NA,FALSE,FALSE,NA,NA,FALSE,FALSE,FALSE,FALSE,TRUE,FALSE,FALSE,FALSE,FALSE,FALSE,FALSE,FALSE,FALSE,FALSE,FALSE,FALSE,TRUE,NA,NA,NA
1620,NA,NA,0.52,0.38,NA,NA,0.37,0.33,0.65,0.46,1.32,0.82,0.42,0.8,0.64,1.33,0.62,0.61,0.62,0.64,0.63,0.56,1.21,NA,0.47,NA,NA,NA,FALSE,FALSE,NA,NA,FALSE,FALSE,FALSE,FALSE,FALSE,FALSE,FALSE,FALSE,FALSE,TRUE,FALSE,FALSE,FALSE,FALSE,FALSE,FALSE,FALSE,NA,FALSE,NA
1621,NA,NA,0.55,0.54,NA,NA,0.59,0.45,1.02,0.65,1.64,0.87,0.62,0.99,0.77,1.51,0.84,0.56,0.73,0.85,0.76,0.83,1.33,NA,0.53,NA,NA,NA,FALSE,FALSE,NA,NA,FALSE,FALSE,FALSE,FALSE,TRUE,FALSE,FALSE,FALSE,FALSE,TRUE,FALSE,FALSE,FALSE,FALSE,FALSE,FALSE,TRUE,NA,FALSE,NA
1622,NA,NA,0.49,0.47,NA,NA,0.32,0.3,0.68,0.44,1.81,0.68,0.34,0.58,0.54,0.85,0.74,0.69,0.49,0.75,0.41,0.61,0.95,NA,0.16,NA,NA,NA,FALSE,FALSE,NA,NA,FALSE,FALSE,FALSE,FALSE,TRUE,FALSE,FALSE,FALSE,FALSE,FALSE,FALSE,FALSE,FALSE,FALSE,FALSE,FALSE,FALSE,NA,FALSE,NA
1623,NA,NA,0.15,0.02,NA,NA,0,0,0.22,0.06,0.73,0.22,0.11,0.3,0.16,0.26,0.35,0.31,0.21,0.36,0.16,0.33,0.45,NA,0.04,NA,NA,NA,FALSE,FALSE,NA,NA,FALSE,FALSE,FALSE,FALSE,FALSE,FALSE,FALSE,FALSE,FALSE,FALSE,FALSE,FALSE,FALSE,FALSE,FALSE,FALSE,FALSE,NA,FALSE,NA
1624,NA,NA,0.33,0.23,NA,NA,0.26,0.15,0.32,0.18,0.83,0.44,0.24,0.49,0.3,0.43,0.58,0.26,0.31,0.64,0.39,0.51,0.93,NA,0.09,NA,NA,NA,FALSE,FALSE,NA,NA,FALSE,FALSE,FALSE,FALSE,FALSE,FALSE,FALSE,FALSE,FALSE,FALSE,FALSE,FALSE,FALSE,FALSE,FALSE,FALSE,FALSE,NA,FALSE,NA
1625,NA,NA,0.37,0.23,NA,NA,0.19,0.09,0.44,0.27,1.27,0.48,0.31,0.43,0.32,0.53,0.78,0.51,0.42,0.7,0.29,0.4,1.02,NA,0.06,NA,NA,NA,FALSE,FALSE,NA,NA,FALSE,FALSE,FALSE,FALSE,FALSE,FALSE,FALSE,FALSE,FALSE,FALSE,FALSE,FALSE,FALSE,FALSE,FALSE,FALSE,FALSE,NA,FALSE,NA
1626,NA,NA,0,0.09,NA,NA,0,0,0.19,0.09,0.45,0.31,0.19,0.27,0.1,0.18,0.32,0.22,0.21,0.5,0.18,0.41,0.65,NA,0.05,NA,NA,NA,FALSE,FALSE,NA,NA,FALSE,FALSE,FALSE,FALSE,FALSE,FALSE,FALSE,FALSE,FALSE,FALSE,FALSE,FALSE,FALSE,FALSE,FALSE,FALSE,FALSE,NA,FALSE,NA
1627,NA,NA,0.54,0.52,NA,NA,0.47,0.46,0.57,0.48,1.26,0.86,0.4,0.65,0.5,0.81,0.64,0.39,0.55,0.82,0.52,0.55,1.06,NA,0.4,NA,NA,NA,FALSE,FALSE,NA,NA,FALSE,FALSE,FALSE,FALSE,FALSE,FALSE,FALSE,FALSE,FALSE,FALSE,FALSE,FALSE,FALSE,FALSE,FALSE,FALSE,FALSE,NA,FALSE,NA
1628,NA,NA,0.26,0.15,NA,NA,0.2,0.12,0.44,0.25,0.5,0.36,0.26,0.21,0.17,0.2,0.38,0.25,0.36,0.79,0.47,0.35,0.89,NA,0.2,NA,NA,NA,FALSE,FALSE,NA,NA,FALSE,FALSE,FALSE,FALSE,FALSE,FALSE,FALSE,FALSE,FALSE,FALSE,FALSE,FALSE,FALSE,FALSE,FALSE,FALSE,FALSE,NA,FALSE,NA
1629,NA,NA,0.32,0.25,NA,NA,0.25,0.22,0.34,0.22,0.47,0.41,0.37,0.35,0.18,0.33,0.36,0.18,0.41,0.64,0.53,0.43,0.81,NA,0.13,NA,NA,NA,FALSE,FALSE,NA,NA,FALSE,FALSE,FALSE,FALSE,FALSE,FALSE,FALSE,FALSE,FALSE,FALSE,FALSE,FALSE,FALSE,FALSE,FALSE,FALSE,FALSE,NA,FALSE,NA
1630,NA,NA,0.23,0,NA,NA,0.17,0.08,0.36,0.12,0.35,0.3,0.27,0.2,0.09,0.25,0.31,0.19,0.49,0.79,0.48,0.44,0.67,NA,0.15,NA,NA,NA,FALSE,FALSE,NA,NA,FALSE,FALSE,FALSE,FALSE,FALSE,FALSE,FALSE,FALSE,FALSE,FALSE,FALSE,FALSE,FALSE,FALSE,FALSE,FALSE,FALSE,NA,FALSE,NA
1631,NA,NA,0.45,0.37,NA,NA,0.29,0.39,0.26,0.23,0.56,0.42,0.47,0.31,0.19,0.41,0.33,0.29,0.43,0.7,0.52,0.53,0.87,NA,0.14,NA,NA,NA,FALSE,FALSE,NA,NA,FALSE,FALSE,FALSE,FALSE,FALSE,FALSE,FALSE,FALSE,FALSE,FALSE,FALSE,FALSE,FALSE,FALSE,FALSE,FALSE,FALSE,NA,FALSE,NA
1632,NA,NA,0,0,NA,NA,0,0,0,0,0.08,0.02,0,0,0,0,0,0,0.17,0.39,0.22,0.29,0.49,NA,0.04,NA,NA,NA,FALSE,FALSE,NA,NA,FALSE,FALSE,FALSE,FALSE,FALSE,FALSE,FALSE,FALSE,FALSE,FALSE,FALSE,FALSE,FALSE,FALSE,FALSE,FALSE,FALSE,NA,FALSE,NA
1633,NA,NA,0.59,0.34,NA,NA,0.47,0.48,0.34,0.33,0.91,0.66,0.62,0.56,0.38,0.63,0.46,0.34,0.54,0.73,0.73,0.61,0.87,NA,0.38,NA,NA,NA,FALSE,FALSE,NA,NA,FALSE,FALSE,FALSE,FALSE,FALSE,FALSE,FALSE,FALSE,FALSE,FALSE,FALSE,FALSE,FALSE,FALSE,FALSE,FALSE,FALSE,NA,FALSE,NA
1634,NA,NA,0.38,0.14,NA,NA,0.25,0.2,0.25,0.23,0.4,0.35,0.5,0.27,0.22,0.38,0.24,0.16,0.41,0.64,0.82,0.73,0.69,0.71,0.48,NA,NA,NA,FALSE,FALSE,NA,NA,FALSE,FALSE,FALSE,FALSE,FALSE,FALSE,FALSE,FALSE,FALSE,FALSE,FALSE,FALSE,FALSE,FALSE,FALSE,FALSE,FALSE,FALSE,FALSE,NA
1635,NA,NA,0.45,0.22,NA,NA,0.37,0.39,0.39,0.34,0.91,0.55,0.79,0.45,0.37,0.62,0.29,0.22,0.54,0.67,0.79,0.8,0.96,0.93,0.54,NA,NA,NA,FALSE,FALSE,NA,NA,FALSE,FALSE,FALSE,FALSE,FALSE,FALSE,FALSE,FALSE,FALSE,FALSE,FALSE,FALSE,FALSE,FALSE,FALSE,FALSE,FALSE,TRUE,FALSE,NA
1636,NA,NA,0.01,0.01,NA,NA,0.01,0.01,0.17,0.02,0.24,0.18,0.17,0.09,0.02,0.01,0.31,0.18,0.28,0.49,0.6,0.42,0.65,0.74,0.22,NA,NA,NA,FALSE,FALSE,NA,NA,FALSE,FALSE,FALSE,FALSE,FALSE,FALSE,FALSE,FALSE,FALSE,FALSE,FALSE,FALSE,FALSE,FALSE,FALSE,FALSE,FALSE,FALSE,FALSE,NA
1637,NA,NA,0,0,NA,NA,0,0,0,0,0.23,0.16,0.15,0.11,0,0,0,0,0.23,0.45,0.63,0.47,0.58,0.65,0.19,NA,NA,NA,FALSE,FALSE,NA,NA,FALSE,FALSE,FALSE,FALSE,FALSE,FALSE,FALSE,FALSE,FALSE,FALSE,FALSE,FALSE,FALSE,FALSE,FALSE,FALSE,FALSE,FALSE,FALSE,NA
1638,NA,NA,0.21,0.16,NA,NA,0.03,0.02,0.05,0.02,0.21,0.13,0.33,0.17,0.01,0.1,0.15,0.12,0.23,0.37,0.58,0.43,0.78,0.76,0.2,NA,NA,NA,FALSE,FALSE,NA,NA,FALSE,FALSE,FALSE,FALSE,FALSE,FALSE,FALSE,FALSE,FALSE,FALSE,FALSE,FALSE,FALSE,FALSE,FALSE,FALSE,FALSE,FALSE,FALSE,NA
1639,NA,NA,0.16,0.35,NA,NA,0.3,0.3,0.33,0.26,0.56,0.38,0.61,0.41,0.22,0.31,0.4,0.28,0.49,0.72,0.64,0.78,0.83,0.62,0.3,NA,NA,NA,FALSE,FALSE,NA,NA,FALSE,FALSE,FALSE,FALSE,FALSE,FALSE,FALSE,FALSE,FALSE,FALSE,FALSE,FALSE,FALSE,FALSE,FALSE,FALSE,FALSE,FALSE,FALSE,NA
1640,NA,NA,0.47,0.28,NA,NA,0.38,0.35,0.39,0.26,0.59,0.41,0.67,0.49,0.46,0.65,0.5,0.24,0.72,0.74,0.9,1.06,0.88,0.75,0.4,NA,NA,NA,FALSE,FALSE,NA,NA,FALSE,FALSE,FALSE,FALSE,FALSE,FALSE,FALSE,FALSE,FALSE,FALSE,FALSE,FALSE,FALSE,FALSE,FALSE,TRUE,FALSE,FALSE,FALSE,NA
1641,NA,NA,0.38,0.4,NA,NA,0.52,0.47,0.5,0.4,0.74,0.57,0.39,0.43,0.39,0.72,0.42,0.37,0.87,0.77,0.88,0.99,1.23,0.82,0.57,NA,NA,NA,FALSE,FALSE,NA,NA,FALSE,FALSE,FALSE,FALSE,FALSE,FALSE,FALSE,FALSE,FALSE,FALSE,FALSE,FALSE,FALSE,FALSE,FALSE,FALSE,TRUE,FALSE,FALSE,NA
1642,NA,NA,0.25,0.27,NA,NA,0.27,0.13,0.29,0.41,0.57,0.36,0.68,0.3,0.16,0.46,0.4,0.23,0.82,0.65,0.43,0.65,0.97,0.74,0.21,NA,NA,NA,FALSE,FALSE,NA,NA,FALSE,FALSE,FALSE,FALSE,FALSE,FALSE,FALSE,FALSE,FALSE,FALSE,FALSE,FALSE,FALSE,FALSE,FALSE,FALSE,FALSE,FALSE,FALSE,NA
1643,NA,NA,0.35,0.33,NA,NA,0.27,0.22,0.33,0.23,0.67,0.39,0.43,0.35,0.17,0.62,0.27,0.17,0.67,0.57,0.63,0.53,0.85,0.77,0.24,NA,NA,NA,FALSE,FALSE,NA,NA,FALSE,FALSE,FALSE,FALSE,FALSE,FALSE,FALSE,FALSE,FALSE,FALSE,FALSE,FALSE,FALSE,FALSE,FALSE,FALSE,FALSE,FALSE,FALSE,NA
1644,NA,NA,0.42,0.38,NA,NA,0.38,0.21,0.39,0.22,0.58,0.48,0.72,0.48,0.37,0.68,0.37,0.3,0.61,0.63,0.71,0.62,0.97,0.7,0.28,NA,NA,NA,FALSE,FALSE,NA,NA,FALSE,FALSE,FALSE,FALSE,FALSE,FALSE,FALSE,FALSE,FALSE,FALSE,FALSE,FALSE,FALSE,FALSE,FALSE,FALSE,FALSE,FALSE,FALSE,NA
1645,NA,NA,0.27,0.2,NA,NA,0.18,0.17,0.4,0.23,0.41,0.3,0.33,0.39,0.26,0.61,0.25,0.28,0.6,0.5,0.61,0.52,0.79,0.59,0.13,NA,NA,NA,FALSE,FALSE,NA,NA,FALSE,FALSE,FALSE,FALSE,FALSE,FALSE,FALSE,FALSE,FALSE,FALSE,FALSE,FALSE,FALSE,FALSE,FALSE,FALSE,FALSE,FALSE,FALSE,NA
1646,NA,NA,0.35,0.41,NA,NA,0.18,0.27,0.5,0.28,0.51,0.4,0.4,0.29,0.27,0.56,0.23,0.3,0.53,0.44,0.55,0.59,0.67,0.72,0.49,NA,NA,NA,FALSE,FALSE,NA,NA,FALSE,FALSE,FALSE,FALSE,FALSE,FALSE,FALSE,FALSE,FALSE,FALSE,FALSE,FALSE,FALSE,FALSE,FALSE,FALSE,FALSE,FALSE,FALSE,NA
1647,NA,NA,0.5,0.41,NA,NA,0.35,0.26,0.5,0.36,0.71,0.5,0.68,0.62,0.41,0.74,0.27,0.36,0.55,0.48,0.56,0.68,0.72,0.76,1,NA,NA,NA,FALSE,FALSE,NA,NA,FALSE,FALSE,FALSE,FALSE,FALSE,FALSE,FALSE,FALSE,FALSE,FALSE,FALSE,FALSE,FALSE,FALSE,FALSE,FALSE,FALSE,FALSE,FALSE,NA
1648,NA,NA,0,0.09,NA,NA,0.1,0.09,0.17,0.13,0.27,0.12,0.19,0.17,0.07,0.27,0,0.11,0.35,0.41,0.34,0.24,0.47,0.4,0.51,NA,NA,NA,FALSE,FALSE,NA,NA,FALSE,FALSE,FALSE,FALSE,FALSE,FALSE,FALSE,FALSE,FALSE,FALSE,FALSE,FALSE,FALSE,FALSE,FALSE,FALSE,FALSE,FALSE,FALSE,NA
1649,NA,NA,0.42,0.42,NA,NA,0.3,0.3,0.48,0.4,0.66,0.57,0.56,0.77,0.45,0.76,0.54,0.4,0.63,0.53,0.63,0.66,0.59,0.5,0.47,NA,NA,NA,FALSE,FALSE,NA,NA,FALSE,FALSE,FALSE,FALSE,FALSE,FALSE,FALSE,FALSE,FALSE,FALSE,FALSE,FALSE,FALSE,FALSE,FALSE,FALSE,FALSE,FALSE,FALSE,NA
1650,NA,NA,0.4,0.38,NA,NA,0.28,0.27,0.37,0.34,0.6,0.48,0.48,0.53,0.34,0.8,0.38,0.37,0.46,0.45,0.66,0.62,0.72,0.45,0.51,NA,NA,NA,FALSE,FALSE,NA,NA,FALSE,FALSE,FALSE,FALSE,FALSE,FALSE,FALSE,FALSE,FALSE,FALSE,FALSE,FALSE,FALSE,FALSE,FALSE,FALSE,FALSE,FALSE,FALSE,NA
1651,NA,NA,0.48,0.4,NA,NA,0.41,0.4,0.53,0.46,1.15,0.62,0.68,0.89,0.47,1,0.54,0.5,0.64,0.51,0.91,0.71,1,0.62,0.48,NA,NA,NA,FALSE,FALSE,NA,NA,FALSE,FALSE,FALSE,FALSE,FALSE,FALSE,FALSE,FALSE,FALSE,FALSE,FALSE,FALSE,FALSE,FALSE,FALSE,FALSE,FALSE,FALSE,FALSE,NA
1652,NA,NA,0.32,0.3,NA,NA,0.2,0.21,0.41,0.34,0.65,0.49,0.36,0.36,0.22,0.8,0.16,0.23,0.42,0.57,0.49,0.23,0.83,0.53,0.29,NA,NA,NA,FALSE,FALSE,NA,NA,FALSE,FALSE,FALSE,FALSE,FALSE,FALSE,FALSE,FALSE,FALSE,FALSE,FALSE,FALSE,FALSE,FALSE,FALSE,FALSE,FALSE,FALSE,FALSE,NA
1653,NA,NA,0.53,0.46,NA,NA,0.34,0.38,0.41,0.45,1.87,0.78,0.71,0.61,0.43,1.12,0.55,0.36,0.63,0.59,0.6,0.73,0.82,0.58,0.48,NA,NA,NA,FALSE,FALSE,NA,NA,FALSE,FALSE,FALSE,FALSE,TRUE,FALSE,FALSE,FALSE,FALSE,FALSE,FALSE,FALSE,FALSE,FALSE,FALSE,FALSE,FALSE,FALSE,FALSE,NA
1654,NA,NA,0,0,NA,NA,0.06,0.02,0,0.02,0.12,0.09,0,0,0,0,0,0.05,0.09,0.17,0.1,0.11,0.27,0.12,0.12,NA,NA,NA,FALSE,FALSE,NA,NA,FALSE,FALSE,FALSE,FALSE,FALSE,FALSE,FALSE,FALSE,FALSE,FALSE,FALSE,FALSE,FALSE,FALSE,FALSE,FALSE,FALSE,FALSE,FALSE,NA
1655,NA,NA,0.5,0.4,NA,NA,0.38,0.34,0.35,0.48,0.79,0.66,0.58,0.78,0.54,0.72,0.46,0.34,0.55,0.61,0.62,0.72,0.65,0.69,0.4,NA,NA,NA,FALSE,FALSE,NA,NA,FALSE,FALSE,FALSE,FALSE,FALSE,FALSE,FALSE,FALSE,FALSE,FALSE,FALSE,FALSE,FALSE,FALSE,FALSE,FALSE,FALSE,FALSE,FALSE,NA
1656,NA,NA,0.31,0.32,NA,NA,0.32,0.16,0.13,0.35,0.72,0.65,0.49,0.59,0.49,0.72,0.41,0.34,0.59,0.62,0.59,0.57,0.61,0.61,0.47,NA,NA,NA,FALSE,FALSE,NA,NA,FALSE,FALSE,FALSE,FALSE,FALSE,FALSE,FALSE,FALSE,FALSE,FALSE,FALSE,FALSE,FALSE,FALSE,FALSE,FALSE,FALSE,FALSE,FALSE,NA
1657,NA,NA,0.32,0.32,NA,NA,0.21,0.19,0.2,0.31,0.63,0.57,0.44,0.42,0.46,0.5,0.35,0.27,0.4,0.42,0.51,0.42,0.5,0.5,0.37,NA,NA,NA,FALSE,FALSE,NA,NA,FALSE,FALSE,FALSE,FALSE,FALSE,FALSE,FALSE,FALSE,FALSE,FALSE,FALSE,FALSE,FALSE,FALSE,FALSE,FALSE,FALSE,FALSE,FALSE,NA
1658,NA,NA,0.23,0.2,NA,NA,0,0,0.13,0.18,0.22,0.29,0.18,0.16,0.16,0.13,0.2,0.13,0.23,0.27,0.16,0.15,0.33,0.25,0.18,NA,NA,NA,FALSE,FALSE,NA,NA,FALSE,FALSE,FALSE,FALSE,FALSE,FALSE,FALSE,FALSE,FALSE,FALSE,FALSE,FALSE,FALSE,FALSE,FALSE,FALSE,FALSE,FALSE,FALSE,NA
1659,NA,NA,0.36,0.16,NA,NA,0.16,0.13,0.24,0.26,0.46,0.44,0.28,0.39,0.29,0.26,0.16,0.22,0.44,0.48,0.37,0.29,0.48,0.46,0.28,NA,NA,NA,FALSE,FALSE,NA,NA,FALSE,FALSE,FALSE,FALSE,FALSE,FALSE,FALSE,FALSE,FALSE,FALSE,FALSE,FALSE,FALSE,FALSE,FALSE,FALSE,FALSE,FALSE,FALSE,NA
1660,NA,NA,0.41,0.35,NA,NA,0.43,0.29,0.33,0.43,0.52,0.73,0.53,0.72,0.5,0.5,0.37,0.29,0.55,0.58,0.67,0.65,0.69,0.64,0.48,NA,NA,NA,FALSE,FALSE,NA,NA,FALSE,FALSE,FALSE,FALSE,FALSE,FALSE,FALSE,FALSE,FALSE,FALSE,FALSE,FALSE,FALSE,FALSE,FALSE,FALSE,FALSE,FALSE,FALSE,NA
1661,NA,NA,0.53,0.51,NA,NA,0.41,0.33,0.53,0.53,0.79,0.79,0.6,0.59,0.66,0.75,0.39,0.27,0.67,0.77,0.94,0.55,0.59,0.77,0.75,NA,NA,NA,FALSE,FALSE,NA,NA,FALSE,FALSE,FALSE,FALSE,FALSE,FALSE,FALSE,FALSE,FALSE,FALSE,FALSE,FALSE,FALSE,FALSE,FALSE,FALSE,FALSE,FALSE,FALSE,NA
1662,NA,NA,0.39,0.22,NA,NA,0.14,0.13,0.33,0.32,0.43,0.45,0.21,0.14,0.31,0.38,0.27,0.25,0.59,0.48,0.61,0.28,0.3,0.53,0.6,NA,NA,NA,FALSE,FALSE,NA,NA,FALSE,FALSE,FALSE,FALSE,FALSE,FALSE,FALSE,FALSE,FALSE,FALSE,FALSE,FALSE,FALSE,FALSE,FALSE,FALSE,FALSE,FALSE,FALSE,NA
1663,NA,NA,0.14,0.09,NA,NA,0.12,0.09,0.15,0.09,0.42,0.38,0.24,0.28,0,0.12,0.21,0.13,0.56,0.5,0.44,0.35,0.45,0.51,0.49,NA,NA,NA,FALSE,FALSE,NA,NA,FALSE,FALSE,FALSE,FALSE,FALSE,FALSE,FALSE,FALSE,FALSE,FALSE,FALSE,FALSE,FALSE,FALSE,FALSE,FALSE,FALSE,FALSE,FALSE,NA
1664,NA,NA,0.29,0.19,NA,NA,0.17,0.2,0.17,0.08,0.29,0.31,0.29,0.33,0.15,0.33,0.34,0.34,0.48,0.55,0.57,0.42,0.56,0.47,0.42,0.64,NA,NA,FALSE,FALSE,NA,NA,FALSE,FALSE,FALSE,FALSE,FALSE,FALSE,FALSE,FALSE,FALSE,FALSE,FALSE,FALSE,FALSE,FALSE,FALSE,FALSE,FALSE,FALSE,FALSE,FALSE
1665,NA,NA,0.19,0,NA,NA,0,0,0.12,0.18,0.25,0.32,0.29,0.32,0.21,0.18,0.23,0.26,0.47,0.5,0.41,0.43,0.63,0.43,0.37,0.52,NA,NA,FALSE,FALSE,NA,NA,FALSE,FALSE,FALSE,FALSE,FALSE,FALSE,FALSE,FALSE,FALSE,FALSE,FALSE,FALSE,FALSE,FALSE,FALSE,FALSE,FALSE,FALSE,FALSE,FALSE
1666,NA,NA,0.16,0.06,NA,NA,0.22,0.11,0.23,0.12,0.34,0.33,0.29,0.2,0.22,0.28,0.24,0.19,0.45,0.58,0.51,0.42,0.48,0.51,0.44,0.66,NA,NA,FALSE,FALSE,NA,NA,FALSE,FALSE,FALSE,FALSE,FALSE,FALSE,FALSE,FALSE,FALSE,FALSE,FALSE,FALSE,FALSE,FALSE,FALSE,FALSE,FALSE,FALSE,FALSE,FALSE
1667,NA,NA,0.27,0.17,NA,NA,0.19,0,0.02,0.02,0.27,0.23,0.3,0.17,0.15,0.28,0.14,0.14,0.47,0.52,0.27,0.35,0.37,0.31,0.23,0.6,NA,NA,FALSE,FALSE,NA,NA,FALSE,FALSE,FALSE,FALSE,FALSE,FALSE,FALSE,FALSE,FALSE,FALSE,FALSE,FALSE,FALSE,FALSE,FALSE,FALSE,FALSE,FALSE,FALSE,FALSE
1668,NA,NA,0.17,0.1,NA,NA,0.11,0.12,0.17,0.07,0.32,0.22,0.28,0.23,0.1,0.19,0.17,0.22,0.42,0.48,0.31,0.22,0.35,0.39,0.18,0.34,NA,NA,FALSE,FALSE,NA,NA,FALSE,FALSE,FALSE,FALSE,FALSE,FALSE,FALSE,FALSE,FALSE,FALSE,FALSE,FALSE,FALSE,FALSE,FALSE,FALSE,FALSE,FALSE,FALSE,FALSE
1669,NA,NA,0.12,0.16,NA,NA,0.1,0.08,0.12,0.22,0.36,0.25,0.29,0.21,0.22,0.23,0.22,0.18,0.49,0.48,0.29,0.41,0.41,0.45,0.2,0.4,NA,NA,FALSE,FALSE,NA,NA,FALSE,FALSE,FALSE,FALSE,FALSE,FALSE,FALSE,FALSE,FALSE,FALSE,FALSE,FALSE,FALSE,FALSE,FALSE,FALSE,FALSE,FALSE,FALSE,FALSE
1670,NA,NA,0,0,NA,NA,0,0,0.03,0,0.14,0.08,0.03,0,0,0,0,0,0.2,0.34,0.02,0.16,0.12,0.22,0,0.17,NA,NA,FALSE,FALSE,NA,NA,FALSE,FALSE,FALSE,FALSE,FALSE,FALSE,FALSE,FALSE,FALSE,FALSE,FALSE,FALSE,FALSE,FALSE,FALSE,FALSE,FALSE,FALSE,FALSE,FALSE
1671,NA,NA,0.36,0.3,NA,NA,0.19,0.19,0.25,0.25,0.59,0.32,0.46,0.47,0.37,0.44,0.34,0.33,0.59,0.63,0.36,0.41,0.33,0.49,0.31,0.53,NA,NA,FALSE,FALSE,NA,NA,FALSE,FALSE,FALSE,FALSE,FALSE,FALSE,FALSE,FALSE,FALSE,FALSE,FALSE,FALSE,FALSE,FALSE,FALSE,FALSE,FALSE,FALSE,FALSE,FALSE
1672,NA,NA,0.27,0.22,NA,NA,0.24,0.16,0.18,0.19,0.32,0.26,0.33,0.31,0.37,0.3,0.25,0.23,0.51,0.53,0.21,0.38,0.41,0.34,0.24,0.51,NA,NA,FALSE,FALSE,NA,NA,FALSE,FALSE,FALSE,FALSE,FALSE,FALSE,FALSE,FALSE,FALSE,FALSE,FALSE,FALSE,FALSE,FALSE,FALSE,FALSE,FALSE,FALSE,FALSE,FALSE
1673,NA,NA,0.36,0.22,NA,NA,0.15,0.17,0.13,0.11,0.39,0.26,0.27,0.32,0.26,0.21,0.21,0.2,0.48,0.56,0.29,0.47,0.45,0.32,0.47,0.56,NA,NA,FALSE,FALSE,NA,NA,FALSE,FALSE,FALSE,FALSE,FALSE,FALSE,FALSE,FALSE,FALSE,FALSE,FALSE,FALSE,FALSE,FALSE,FALSE,FALSE,FALSE,FALSE,FALSE,FALSE
1674,NA,NA,0.33,0.2,NA,NA,0.25,0.2,0.18,0.2,0.72,0.43,0.46,0.29,0.51,0.44,0.28,0.28,0.76,0.78,0.44,0.36,0.41,0.46,0.64,0.78,NA,NA,FALSE,FALSE,NA,NA,FALSE,FALSE,FALSE,FALSE,FALSE,FALSE,FALSE,FALSE,FALSE,FALSE,FALSE,FALSE,FALSE,FALSE,FALSE,FALSE,FALSE,FALSE,FALSE,FALSE
1675,NA,NA,0.23,0.07,NA,NA,0.1,0.12,0.03,0.1,0.4,0.3,0.45,0.2,0.15,0.22,0.27,0.22,0.54,0.6,0.29,0.39,0.31,0.26,0.33,0.43,NA,NA,FALSE,FALSE,NA,NA,FALSE,FALSE,FALSE,FALSE,FALSE,FALSE,FALSE,FALSE,FALSE,FALSE,FALSE,FALSE,FALSE,FALSE,FALSE,FALSE,FALSE,FALSE,FALSE,FALSE
1676,NA,NA,0,0,NA,NA,0,0,0,0,0.07,0,0.19,0,0,0,0,0,0.26,0.36,0.13,0.14,0.33,0.2,0.27,0.4,NA,NA,FALSE,FALSE,NA,NA,FALSE,FALSE,FALSE,FALSE,FALSE,FALSE,FALSE,FALSE,FALSE,FALSE,FALSE,FALSE,FALSE,FALSE,FALSE,FALSE,FALSE,FALSE,FALSE,FALSE
1677,NA,NA,0.27,0.28,NA,NA,0.3,0.28,0.25,0.25,0.57,0.46,0.39,0.5,0.57,0.59,0.35,0.24,0.67,0.62,0.44,0.43,0.44,0.5,0.36,0.51,NA,NA,FALSE,FALSE,NA,NA,FALSE,FALSE,FALSE,FALSE,FALSE,FALSE,FALSE,FALSE,FALSE,FALSE,FALSE,FALSE,FALSE,FALSE,FALSE,FALSE,FALSE,FALSE,FALSE,FALSE
1678,NA,NA,0.19,0.04,NA,NA,0.21,0.13,0.14,0.16,0.18,0.24,0.25,0.13,0.22,0.29,0.22,0.23,0.49,0.61,0.27,0.39,0.44,0.41,0.45,0.61,NA,NA,FALSE,FALSE,NA,NA,FALSE,FALSE,FALSE,FALSE,FALSE,FALSE,FALSE,FALSE,FALSE,FALSE,FALSE,FALSE,FALSE,FALSE,FALSE,FALSE,FALSE,FALSE,FALSE,FALSE
1679,NA,NA,0.22,0.04,NA,NA,0.08,0.1,0.1,0.15,0.26,0.34,0.16,0.16,0.27,0.34,0.16,0.16,0.28,0.32,0.21,0.29,0.49,0.3,0.29,0.45,NA,NA,FALSE,FALSE,NA,NA,FALSE,FALSE,FALSE,FALSE,FALSE,FALSE,FALSE,FALSE,FALSE,FALSE,FALSE,FALSE,FALSE,FALSE,FALSE,FALSE,FALSE,FALSE,FALSE,FALSE
1680,NA,NA,0.31,0.27,NA,NA,0.43,0.2,0.4,0.38,0.47,0.55,0.33,0.36,0.6,0.7,0.33,0.18,0.51,0.5,0.55,0.6,0.77,0.41,0.36,0.66,NA,NA,FALSE,FALSE,NA,NA,FALSE,FALSE,FALSE,FALSE,FALSE,FALSE,FALSE,FALSE,FALSE,FALSE,FALSE,FALSE,FALSE,FALSE,FALSE,FALSE,FALSE,FALSE,FALSE,FALSE
1681,NA,NA,0.39,0.26,NA,NA,0.37,0.24,0.33,0.44,0.56,0.6,0.28,0.45,0.53,0.55,0.29,0.24,0.68,0.72,0.6,0.62,0.62,0.54,0.39,0.84,NA,NA,FALSE,FALSE,NA,NA,FALSE,FALSE,FALSE,FALSE,FALSE,FALSE,FALSE,FALSE,FALSE,FALSE,FALSE,FALSE,FALSE,FALSE,FALSE,FALSE,FALSE,FALSE,FALSE,FALSE
1682,NA,NA,0.34,0.25,NA,NA,0.14,0.11,0.19,0.2,0.29,0.38,0.19,0.21,0.42,0.37,0.24,0.22,0.46,0.57,0.51,0.56,0.43,0.33,0.13,0.54,NA,NA,FALSE,FALSE,NA,NA,FALSE,FALSE,FALSE,FALSE,FALSE,FALSE,FALSE,FALSE,FALSE,FALSE,FALSE,FALSE,FALSE,FALSE,FALSE,FALSE,FALSE,FALSE,FALSE,FALSE
1683,NA,NA,0.36,0.26,NA,NA,0.37,0.32,0.4,0.42,0.41,0.64,0.49,0.44,0.74,0.69,0.36,0.22,0.73,0.61,1.01,0.78,0.95,0.53,0.54,0.96,NA,NA,FALSE,FALSE,NA,NA,FALSE,FALSE,FALSE,FALSE,FALSE,FALSE,FALSE,FALSE,FALSE,FALSE,FALSE,FALSE,FALSE,FALSE,FALSE,FALSE,FALSE,FALSE,FALSE,FALSE
1684,NA,NA,0.31,0.22,NA,NA,0.06,0.02,0.18,0.18,0.14,0.22,0.22,0.1,0.09,0.01,0.11,0.21,0.45,0.63,0.47,0.54,0.31,0.26,0.36,0.54,NA,NA,FALSE,FALSE,NA,NA,FALSE,FALSE,FALSE,FALSE,FALSE,FALSE,FALSE,FALSE,FALSE,FALSE,FALSE,FALSE,FALSE,FALSE,FALSE,FALSE,FALSE,FALSE,FALSE,FALSE
1685,NA,NA,0,0,NA,NA,0,0,0,0,0,0,0,0,0,0,0,0,0.16,0,0,0,0.09,0,0,0.13,NA,NA,FALSE,FALSE,NA,NA,FALSE,FALSE,FALSE,FALSE,FALSE,FALSE,FALSE,FALSE,FALSE,FALSE,FALSE,FALSE,FALSE,FALSE,FALSE,FALSE,FALSE,FALSE,FALSE,FALSE
1686,NA,NA,0.01,0.01,NA,NA,0.01,0.01,0.01,0.01,0.05,0.18,0.25,0.2,0.03,0.02,0.01,0.01,0.35,0.31,0.23,0.19,0.28,0.28,0.05,0.29,NA,NA,FALSE,FALSE,NA,NA,FALSE,FALSE,FALSE,FALSE,FALSE,FALSE,FALSE,FALSE,FALSE,FALSE,FALSE,FALSE,FALSE,FALSE,FALSE,FALSE,FALSE,FALSE,FALSE,FALSE
1687,NA,NA,0.56,0.3,NA,NA,0.32,0.2,0.28,0.3,0.38,0.53,0.5,0.58,0.17,0.24,0.3,0.21,0.73,0.65,0.71,0.63,0.63,0.57,0.6,0.53,NA,NA,FALSE,FALSE,NA,NA,FALSE,FALSE,FALSE,FALSE,FALSE,FALSE,FALSE,FALSE,FALSE,FALSE,FALSE,FALSE,FALSE,FALSE,FALSE,FALSE,FALSE,FALSE,FALSE,FALSE
1688,NA,NA,0.3,0.15,NA,NA,0.3,0.14,0.33,0.36,0.27,0.32,0.25,0.41,0.13,0.08,0,0.13,0.56,0.6,0.59,0.54,0.48,0.43,0.71,0.68,NA,NA,FALSE,FALSE,NA,NA,FALSE,FALSE,FALSE,FALSE,FALSE,FALSE,FALSE,FALSE,FALSE,FALSE,FALSE,FALSE,FALSE,FALSE,FALSE,FALSE,FALSE,FALSE,FALSE,FALSE
1689,NA,NA,0.35,0.23,NA,NA,0.14,0.13,0.19,0.2,0.32,0.37,0.14,0.45,0.25,0.22,0.15,0.2,0.58,0.61,0.49,0.63,0.53,0.57,0.76,0.61,NA,NA,FALSE,FALSE,NA,NA,FALSE,FALSE,FALSE,FALSE,FALSE,FALSE,FALSE,FALSE,FALSE,FALSE,FALSE,FALSE,FALSE,FALSE,FALSE,FALSE,FALSE,FALSE,FALSE,FALSE
1690,NA,NA,0.23,0.15,NA,NA,0.22,0.17,0.15,0.21,0.39,0.36,0.32,0.36,0.22,0.24,0.15,0.36,0.56,0.53,0.5,0.39,0.65,0.53,0.59,0.64,NA,NA,FALSE,FALSE,NA,NA,FALSE,FALSE,FALSE,FALSE,FALSE,FALSE,FALSE,FALSE,FALSE,FALSE,FALSE,FALSE,FALSE,FALSE,FALSE,FALSE,FALSE,FALSE,FALSE,FALSE
1691,NA,NA,0.25,0.35,NA,NA,0.2,0.11,0.17,0.1,0.21,0.23,0.21,0.23,0.08,0.06,0.15,0.17,0.42,0.49,0.44,0.28,0.47,0.45,0.52,0.58,NA,NA,FALSE,FALSE,NA,NA,FALSE,FALSE,FALSE,FALSE,FALSE,FALSE,FALSE,FALSE,FALSE,FALSE,FALSE,FALSE,FALSE,FALSE,FALSE,FALSE,FALSE,FALSE,FALSE,FALSE
1692,NA,NA,0.49,0.19,NA,NA,0.22,0.27,0.25,0.24,0.61,0.72,0.54,0.55,0.37,0.4,0.22,0.28,0.75,0.7,1.13,0.58,0.67,0.71,0.64,0.88,NA,NA,FALSE,FALSE,NA,NA,FALSE,FALSE,FALSE,FALSE,FALSE,FALSE,FALSE,FALSE,FALSE,FALSE,FALSE,FALSE,FALSE,FALSE,TRUE,FALSE,FALSE,FALSE,FALSE,FALSE
1693,NA,NA,0.32,0.27,NA,NA,0.26,0.2,0.4,0.23,0.49,0.54,0.41,0.49,0.23,0.34,0.19,0.32,0.72,0.53,0.9,0.5,0.73,0.79,0.7,0.65,NA,NA,FALSE,FALSE,NA,NA,FALSE,FALSE,FALSE,FALSE,FALSE,FALSE,FALSE,FALSE,FALSE,FALSE,FALSE,FALSE,FALSE,FALSE,FALSE,FALSE,FALSE,FALSE,FALSE,FALSE
1694,NA,NA,0.18,0,NA,NA,0.08,0.02,0.08,0.07,0.19,0.15,0.17,0.18,0.08,0.14,0.11,0.12,0.46,0.44,0.47,0.23,0.36,0.44,0.39,0.41,NA,NA,FALSE,FALSE,NA,NA,FALSE,FALSE,FALSE,FALSE,FALSE,FALSE,FALSE,FALSE,FALSE,FALSE,FALSE,FALSE,FALSE,FALSE,FALSE,FALSE,FALSE,FALSE,FALSE,FALSE
1695,NA,NA,0.35,0.16,NA,NA,0.22,0.22,0.24,0.29,0.47,0.4,0.39,0.41,0.25,0.34,0.15,0.24,0.68,0.58,0.68,0.41,0.46,0.55,0.45,0.57,NA,NA,FALSE,FALSE,NA,NA,FALSE,FALSE,FALSE,FALSE,FALSE,FALSE,FALSE,FALSE,FALSE,FALSE,FALSE,FALSE,FALSE,FALSE,FALSE,FALSE,FALSE,FALSE,FALSE,FALSE
1696,NA,NA,0,0,NA,NA,0.05,0.03,0.06,0,0.17,0.17,0.12,0.25,0,0,0.12,0.13,0.36,0.5,0.39,0.15,0.24,0.35,0.27,0.24,NA,NA,FALSE,FALSE,NA,NA,FALSE,FALSE,FALSE,FALSE,FALSE,FALSE,FALSE,FALSE,FALSE,FALSE,FALSE,FALSE,FALSE,FALSE,FALSE,FALSE,FALSE,FALSE,FALSE,FALSE
1697,NA,NA,0.15,0.07,NA,NA,0.13,0.09,0.13,0.19,0.33,0.22,0.23,0.44,0.24,0.25,0.12,0.14,0.31,0.44,0.49,0.24,0.29,0.46,0.37,0.29,NA,NA,FALSE,FALSE,NA,NA,FALSE,FALSE,FALSE,FALSE,FALSE,FALSE,FALSE,FALSE,FALSE,FALSE,FALSE,FALSE,FALSE,FALSE,FALSE,FALSE,FALSE,FALSE,FALSE,FALSE
1698,NA,NA,0.19,0,NA,NA,0.08,0.14,0.17,0.2,0.35,0.31,0.17,0.42,0.15,0.22,0.2,0.16,0.39,0.57,0.38,0.23,0.3,0.4,0.25,0.39,NA,NA,FALSE,FALSE,NA,NA,FALSE,FALSE,FALSE,FALSE,FALSE,FALSE,FALSE,FALSE,FALSE,FALSE,FALSE,FALSE,FALSE,FALSE,FALSE,FALSE,FALSE,FALSE,FALSE,FALSE
1699,NA,NA,0.21,0.19,NA,NA,0.14,0.13,0.14,0.15,0.41,0.24,0.3,0.62,0.24,0.24,0.16,0.2,0.54,0.56,0.42,0.28,0.41,0.53,0.39,0.55,NA,NA,FALSE,FALSE,NA,NA,FALSE,FALSE,FALSE,FALSE,FALSE,FALSE,FALSE,FALSE,FALSE,FALSE,FALSE,FALSE,FALSE,FALSE,FALSE,FALSE,FALSE,FALSE,FALSE,FALSE
1700,NA,NA,0.2,0.14,NA,NA,0.15,0.14,0.56,0.15,0.46,0.32,0.23,0.37,0.22,0.23,0.14,0.19,0.44,0.52,0.34,0.27,0.38,0.42,0.3,0.45,NA,NA,FALSE,FALSE,NA,NA,FALSE,FALSE,FALSE,FALSE,FALSE,FALSE,FALSE,FALSE,FALSE,FALSE,FALSE,FALSE,FALSE,FALSE,FALSE,FALSE,FALSE,FALSE,FALSE,FALSE
1701,NA,NA,0.24,0.26,NA,NA,0.25,0.31,0.41,0.21,0.7,0.47,0.6,0.63,0.42,0.41,0.3,0.32,0.58,0.66,0.51,0.44,0.53,0.63,0.55,0.71,NA,NA,FALSE,FALSE,NA,NA,FALSE,FALSE,FALSE,FALSE,FALSE,FALSE,FALSE,FALSE,FALSE,FALSE,FALSE,FALSE,FALSE,FALSE,FALSE,FALSE,FALSE,FALSE,FALSE,FALSE
1702,NA,NA,0.28,0.02,NA,NA,0.15,0.09,0.33,0.1,0.31,0.25,0.2,0.45,0.08,0.25,0.19,0.32,0.46,0.47,0.25,0.26,0.22,0.34,0.22,0.43,NA,NA,FALSE,FALSE,NA,NA,FALSE,FALSE,FALSE,FALSE,FALSE,FALSE,FALSE,FALSE,FALSE,FALSE,FALSE,FALSE,FALSE,FALSE,FALSE,FALSE,FALSE,FALSE,FALSE,FALSE
1703,NA,NA,0,0,NA,NA,0,0,0,0,0.24,0.12,0.14,0.06,0,0,0,0.12,0.27,0.24,0,0,0.17,0.1,0.06,0.14,NA,NA,FALSE,FALSE,NA,NA,FALSE,FALSE,FALSE,FALSE,FALSE,FALSE,FALSE,FALSE,FALSE,FALSE,FALSE,FALSE,FALSE,FALSE,FALSE,FALSE,FALSE,FALSE,FALSE,FALSE
1704,NA,NA,0.25,0.03,NA,NA,0.19,0.21,0.23,0.13,0.54,0.37,0.38,0.39,0.28,0.21,0.34,0.28,0.61,0.66,0.38,0.33,0.33,0.35,0.44,0.56,NA,NA,FALSE,FALSE,NA,NA,FALSE,FALSE,FALSE,FALSE,FALSE,FALSE,FALSE,FALSE,FALSE,FALSE,FALSE,FALSE,FALSE,FALSE,FALSE,FALSE,FALSE,FALSE,FALSE,FALSE
1705,NA,NA,0.19,0.22,NA,NA,0.34,0.28,0.49,0.25,0.7,0.41,0.51,0.39,0.43,0.45,0.28,0.28,0.68,0.75,0.37,0.39,0.43,0.6,0.47,0.66,NA,NA,FALSE,FALSE,NA,NA,FALSE,FALSE,FALSE,FALSE,FALSE,FALSE,FALSE,FALSE,FALSE,FALSE,FALSE,FALSE,FALSE,FALSE,FALSE,FALSE,FALSE,FALSE,FALSE,FALSE
1706,NA,NA,0.32,0.2,NA,NA,0.11,0.2,0.33,0.18,0.4,0.33,0.19,0.35,0.17,0.27,0.19,0.32,0.65,0.49,0.18,0.19,0.28,0.49,0.61,0.69,NA,NA,FALSE,FALSE,NA,NA,FALSE,FALSE,FALSE,FALSE,FALSE,FALSE,FALSE,FALSE,FALSE,FALSE,FALSE,FALSE,FALSE,FALSE,FALSE,FALSE,FALSE,FALSE,FALSE,FALSE
1707,NA,NA,0.19,0.15,NA,NA,0.13,0.13,0.27,0.23,0.34,0.22,0.33,0.24,0.15,0.16,0.11,0.19,0.54,0.68,0.23,0.21,0.3,0.37,0.55,0.59,NA,NA,FALSE,FALSE,NA,NA,FALSE,FALSE,FALSE,FALSE,FALSE,FALSE,FALSE,FALSE,FALSE,FALSE,FALSE,FALSE,FALSE,FALSE,FALSE,FALSE,FALSE,FALSE,FALSE,FALSE
1708,NA,NA,0,0,NA,NA,0.08,0,0.14,0,0.18,0.17,0.16,0.14,0.06,0.13,0.11,0.18,0.5,0.48,0.22,0.12,0.17,0.29,0.43,0.52,NA,NA,FALSE,FALSE,NA,NA,FALSE,FALSE,FALSE,FALSE,FALSE,FALSE,FALSE,FALSE,FALSE,FALSE,FALSE,FALSE,FALSE,FALSE,FALSE,FALSE,FALSE,FALSE,FALSE,FALSE
1709,NA,NA,0.17,0.25,NA,NA,0.28,0.32,0.29,0.21,0.58,0.42,0.6,0.46,0.35,0.31,0.35,0.31,0.66,0.58,0.53,0.5,0.47,0.6,0.65,0.82,NA,NA,FALSE,FALSE,NA,NA,FALSE,FALSE,FALSE,FALSE,FALSE,FALSE,FALSE,FALSE,FALSE,FALSE,FALSE,FALSE,FALSE,FALSE,FALSE,FALSE,FALSE,FALSE,FALSE,FALSE
1710,NA,NA,0.36,0.11,NA,NA,0.29,0.33,0.3,0.23,0.58,0.5,0.62,0.3,0.27,0.27,0.22,0.26,0.68,0.67,0.46,0.44,0.5,0.66,1.08,1.03,NA,NA,FALSE,FALSE,NA,NA,FALSE,FALSE,FALSE,FALSE,FALSE,FALSE,FALSE,FALSE,FALSE,FALSE,FALSE,FALSE,FALSE,FALSE,FALSE,FALSE,FALSE,FALSE,TRUE,FALSE
1711,NA,NA,0.26,0,NA,NA,0.25,0.18,0.35,0.2,0.63,0.47,0.52,0.2,0.2,0.27,0.3,0.25,0.41,0.34,0.38,0.34,0.42,0.61,0.92,0.73,NA,NA,FALSE,FALSE,NA,NA,FALSE,FALSE,FALSE,FALSE,FALSE,FALSE,FALSE,FALSE,FALSE,FALSE,FALSE,FALSE,FALSE,FALSE,FALSE,FALSE,FALSE,FALSE,FALSE,FALSE
1712,NA,NA,0.2,0.1,NA,NA,0.24,0.2,0.45,0.22,0.71,0.54,0.47,0.31,0.27,0.36,0.28,0.2,0.5,0.61,0.32,0.59,0.39,0.57,1,0.98,NA,NA,FALSE,FALSE,NA,NA,FALSE,FALSE,FALSE,FALSE,FALSE,FALSE,FALSE,FALSE,FALSE,FALSE,FALSE,FALSE,FALSE,FALSE,FALSE,FALSE,FALSE,FALSE,FALSE,FALSE
1713,NA,NA,0.24,0.27,NA,NA,0.18,0.18,0.27,0.2,0.49,0.32,0.45,0.29,0.15,0.23,0.33,0.21,0.48,0.61,0.31,0.44,0.5,0.52,0.74,0.75,NA,NA,FALSE,FALSE,NA,NA,FALSE,FALSE,FALSE,FALSE,FALSE,FALSE,FALSE,FALSE,FALSE,FALSE,FALSE,FALSE,FALSE,FALSE,FALSE,FALSE,FALSE,FALSE,FALSE,FALSE
1714,NA,NA,0.16,0.17,NA,NA,0.27,0.23,0.32,0.24,0.53,0.52,0.48,0.34,0.22,0.19,0.31,0.23,0.57,0.51,0.21,0.41,0.63,0.55,0.97,0.76,NA,NA,FALSE,FALSE,NA,NA,FALSE,FALSE,FALSE,FALSE,FALSE,FALSE,FALSE,FALSE,FALSE,FALSE,FALSE,FALSE,FALSE,FALSE,FALSE,FALSE,FALSE,FALSE,FALSE,FALSE
1715,NA,NA,0.29,0.19,NA,NA,0.2,0.13,0.26,0.37,0.66,0.44,0.31,0.24,0.17,0.23,0.22,0.2,0.52,0.52,0.28,0.27,0.53,0.6,0.89,0.69,NA,NA,FALSE,FALSE,NA,NA,FALSE,FALSE,FALSE,FALSE,FALSE,FALSE,FALSE,FALSE,FALSE,FALSE,FALSE,FALSE,FALSE,FALSE,FALSE,FALSE,FALSE,FALSE,FALSE,FALSE
1716,NA,NA,0.26,0.12,NA,NA,0.1,0.17,0.23,0.37,0.44,0.44,0.26,0.23,0.11,0.24,0.23,0.15,0.44,0.54,0.28,0.33,0.4,0.49,0.75,0.63,NA,NA,FALSE,FALSE,NA,NA,FALSE,FALSE,FALSE,FALSE,FALSE,FALSE,FALSE,FALSE,FALSE,FALSE,FALSE,FALSE,FALSE,FALSE,FALSE,FALSE,FALSE,FALSE,FALSE,FALSE
1717,NA,NA,0.18,0.1,NA,NA,0.24,0.22,0.42,0.51,0.54,0.49,0.41,0.33,0.23,0.32,0.36,0.22,0.56,0.62,0.45,0.57,0.4,0.55,0.55,0.7,NA,NA,FALSE,FALSE,NA,NA,FALSE,FALSE,FALSE,FALSE,FALSE,FALSE,FALSE,FALSE,FALSE,FALSE,FALSE,FALSE,FALSE,FALSE,FALSE,FALSE,FALSE,FALSE,FALSE,FALSE
1718,NA,NA,0.49,0.27,NA,NA,0.34,0.29,0.47,0.51,0.93,0.68,0.48,0.32,0.25,0.25,0.31,0.24,0.62,0.81,0.55,0.68,0.53,0.79,0.63,0.69,NA,NA,FALSE,FALSE,NA,NA,FALSE,FALSE,FALSE,FALSE,FALSE,FALSE,FALSE,FALSE,FALSE,FALSE,FALSE,FALSE,FALSE,FALSE,FALSE,FALSE,FALSE,FALSE,FALSE,FALSE
1719,NA,NA,0.23,0.21,NA,NA,0.3,0.23,0.37,0.65,0.73,0.58,0.46,0.33,0.21,0.31,0.36,0.15,0.72,0.7,0.45,0.49,0.5,0.68,0.62,0.67,NA,NA,FALSE,FALSE,NA,NA,FALSE,FALSE,FALSE,FALSE,FALSE,FALSE,FALSE,FALSE,FALSE,FALSE,FALSE,FALSE,FALSE,FALSE,FALSE,FALSE,FALSE,FALSE,FALSE,FALSE
1720,NA,NA,0.3,0.27,NA,NA,0.3,0.28,0.56,0.75,0.92,0.86,0.57,0.48,0.41,0.46,0.37,0.31,0.93,0.77,0.81,0.82,0.54,0.81,0.81,0.9,NA,NA,FALSE,FALSE,NA,NA,FALSE,FALSE,FALSE,FALSE,FALSE,FALSE,FALSE,FALSE,FALSE,FALSE,FALSE,FALSE,FALSE,FALSE,FALSE,FALSE,FALSE,FALSE,FALSE,FALSE
1721,NA,NA,0.46,0.31,NA,NA,0.2,0.14,0.3,0.43,0.52,0.47,0.35,0.36,0.24,0.35,0.3,0.21,0.55,0.71,0.33,0.53,0.29,0.48,0.6,0.7,NA,NA,FALSE,FALSE,NA,NA,FALSE,FALSE,FALSE,FALSE,FALSE,FALSE,FALSE,FALSE,FALSE,FALSE,FALSE,FALSE,FALSE,FALSE,FALSE,FALSE,FALSE,FALSE,FALSE,FALSE
1722,NA,NA,0.29,0.26,NA,NA,0,0,0,0,0.09,0.07,0,0,0,0,0,0,0.41,0.26,0,0.14,0.1,0.05,0.25,0.34,NA,NA,FALSE,FALSE,NA,NA,FALSE,FALSE,FALSE,FALSE,FALSE,FALSE,FALSE,FALSE,FALSE,FALSE,FALSE,FALSE,FALSE,FALSE,FALSE,FALSE,FALSE,FALSE,FALSE,FALSE
1723,NA,NA,0.41,0.34,NA,NA,0.31,0.18,0.35,0.48,0.51,0.58,0.61,0.46,0.34,0.35,0.48,0.3,0.71,0.55,0.44,0.62,0.43,0.49,0.61,0.56,NA,NA,FALSE,FALSE,NA,NA,FALSE,FALSE,FALSE,FALSE,FALSE,FALSE,FALSE,FALSE,FALSE,FALSE,FALSE,FALSE,FALSE,FALSE,FALSE,FALSE,FALSE,FALSE,FALSE,FALSE
1724,NA,NA,0.24,0.02,NA,NA,0.04,0.02,0.2,0.32,0.27,0.17,0.3,0.27,0.09,0.02,0.21,0.04,0.52,0.44,0.31,0.41,0.32,0.3,0.34,0.42,NA,NA,FALSE,FALSE,NA,NA,FALSE,FALSE,FALSE,FALSE,FALSE,FALSE,FALSE,FALSE,FALSE,FALSE,FALSE,FALSE,FALSE,FALSE,FALSE,FALSE,FALSE,FALSE,FALSE,FALSE
1725,NA,NA,0.33,0.26,NA,NA,0.22,0.36,0.39,0.39,0.62,0.57,0.49,0.48,0.3,0.24,0.43,0.24,0.65,0.51,0.59,0.55,0.45,0.55,0.51,0.53,NA,NA,FALSE,FALSE,NA,NA,FALSE,FALSE,FALSE,FALSE,FALSE,FALSE,FALSE,FALSE,FALSE,FALSE,FALSE,FALSE,FALSE,FALSE,FALSE,FALSE,FALSE,FALSE,FALSE,FALSE
1726,NA,NA,0.52,0.28,NA,NA,0.21,0.25,0.47,0.47,0.75,0.77,0.64,0.5,0.45,0.36,0.51,0.31,0.78,0.7,0.72,0.69,0.54,0.5,0.75,0.64,NA,NA,FALSE,FALSE,NA,NA,FALSE,FALSE,FALSE,FALSE,FALSE,FALSE,FALSE,FALSE,FALSE,FALSE,FALSE,FALSE,FALSE,FALSE,FALSE,FALSE,FALSE,FALSE,FALSE,FALSE
1727,NA,NA,0.45,0.24,NA,NA,0.24,0.18,0.26,0.34,0.47,0.53,0.47,0.34,0.4,0.25,0.39,0.24,0.59,0.53,0.67,0.67,0.34,0.34,0.4,0.54,NA,NA,FALSE,FALSE,NA,NA,FALSE,FALSE,FALSE,FALSE,FALSE,FALSE,FALSE,FALSE,FALSE,FALSE,FALSE,FALSE,FALSE,FALSE,FALSE,FALSE,FALSE,FALSE,FALSE,FALSE
1728,NA,NA,0,0,NA,NA,0,0,0,0,0,0,0,0,0,0,0,0,0.23,0.16,0.22,0.04,0,0.04,0,0.08,NA,NA,FALSE,FALSE,NA,NA,FALSE,FALSE,FALSE,FALSE,FALSE,FALSE,FALSE,FALSE,FALSE,FALSE,FALSE,FALSE,FALSE,FALSE,FALSE,FALSE,FALSE,FALSE,FALSE,FALSE
1729,NA,NA,0.15,0.01,NA,NA,0.04,0.08,0.2,0.18,0.14,0.28,0.24,0.14,0.1,0.02,0.25,0.13,0.27,0.18,0.3,0.27,0.12,0.19,0.17,0.15,NA,NA,FALSE,FALSE,NA,NA,FALSE,FALSE,FALSE,FALSE,FALSE,FALSE,FALSE,FALSE,FALSE,FALSE,FALSE,FALSE,FALSE,FALSE,FALSE,FALSE,FALSE,FALSE,FALSE,FALSE
1730,NA,NA,0.18,0.15,NA,NA,0.08,0.1,0.19,0.11,0.28,0.3,0.31,0.21,0.17,0.13,0.26,0.12,0.42,0.38,0.43,0.36,0.25,0.23,0.3,0.23,NA,NA,FALSE,FALSE,NA,NA,FALSE,FALSE,FALSE,FALSE,FALSE,FALSE,FALSE,FALSE,FALSE,FALSE,FALSE,FALSE,FALSE,FALSE,FALSE,FALSE,FALSE,FALSE,FALSE,FALSE
1731,NA,NA,0.27,0.28,NA,NA,0.32,0.29,0.31,0.33,0.38,0.35,0.42,0.33,0.33,0.19,0.26,0.26,0.47,0.29,0.45,0.4,0.39,0.33,0.39,0.47,NA,NA,FALSE,FALSE,NA,NA,FALSE,FALSE,FALSE,FALSE,FALSE,FALSE,FALSE,FALSE,FALSE,FALSE,FALSE,FALSE,FALSE,FALSE,FALSE,FALSE,FALSE,FALSE,FALSE,FALSE
1732,NA,NA,0.37,0.33,NA,NA,0.33,0.31,0.37,0.2,0.43,0.56,0.37,0.41,0.51,0.28,0.41,0.2,0.54,0.48,0.7,0.49,0.43,0.43,0.57,0.49,NA,NA,FALSE,FALSE,NA,NA,FALSE,FALSE,FALSE,FALSE,FALSE,FALSE,FALSE,FALSE,FALSE,FALSE,FALSE,FALSE,FALSE,FALSE,FALSE,FALSE,FALSE,FALSE,FALSE,FALSE
1733,NA,NA,0.23,0,NA,NA,0.18,0.25,0.17,0.09,0.15,0.27,0.18,0.17,0.21,0.09,0.27,0.22,0.32,0.36,0.33,0.28,0.29,0.25,0.47,0.37,NA,NA,FALSE,FALSE,NA,NA,FALSE,FALSE,FALSE,FALSE,FALSE,FALSE,FALSE,FALSE,FALSE,FALSE,FALSE,FALSE,FALSE,FALSE,FALSE,FALSE,FALSE,FALSE,FALSE,FALSE
1734,NA,NA,0.24,0.22,NA,NA,0.15,0.1,0.24,0.11,0.2,0.4,0.37,0.44,0.29,0.08,0.31,0.25,0.4,0.41,0.28,0.22,0.36,0.43,0.4,0.37,NA,NA,FALSE,FALSE,NA,NA,FALSE,FALSE,FALSE,FALSE,FALSE,FALSE,FALSE,FALSE,FALSE,FALSE,FALSE,FALSE,FALSE,FALSE,FALSE,FALSE,FALSE,FALSE,FALSE,FALSE
1735,NA,NA,0,0,NA,NA,0,0,0,0,0,0,0,0,0,0,0,0,0,0,0,0,0.02,0.07,0.02,0.04,NA,NA,FALSE,FALSE,NA,NA,FALSE,FALSE,FALSE,FALSE,FALSE,FALSE,FALSE,FALSE,FALSE,FALSE,FALSE,FALSE,FALSE,FALSE,FALSE,FALSE,FALSE,FALSE,FALSE,FALSE
1736,NA,NA,0.22,0.1,NA,NA,0.14,0.18,0.21,0.11,0.24,0.31,0.16,0.22,0.25,0.13,0.26,0.09,0.32,0.28,0.22,0.16,0.29,0.33,0.39,0.32,NA,NA,FALSE,FALSE,NA,NA,FALSE,FALSE,FALSE,FALSE,FALSE,FALSE,FALSE,FALSE,FALSE,FALSE,FALSE,FALSE,FALSE,FALSE,FALSE,FALSE,FALSE,FALSE,FALSE,FALSE
1737,NA,NA,0.18,0,NA,NA,0.21,0.13,0.17,0,0.3,0.28,0.31,0.16,0.21,0,0.27,0.18,0.32,0.35,0.32,0.29,0.27,0.31,0.41,0.37,NA,NA,FALSE,FALSE,NA,NA,FALSE,FALSE,FALSE,FALSE,FALSE,FALSE,FALSE,FALSE,FALSE,FALSE,FALSE,FALSE,FALSE,FALSE,FALSE,FALSE,FALSE,FALSE,FALSE,FALSE
1738,NA,NA,0.33,0.29,NA,NA,0.21,0.23,0.35,0.13,0.41,0.34,0.29,0.27,0.4,0.12,0.3,0.22,0.29,0.45,0.4,0.2,0.34,0.4,0.7,0.55,NA,NA,FALSE,FALSE,NA,NA,FALSE,FALSE,FALSE,FALSE,FALSE,FALSE,FALSE,FALSE,FALSE,FALSE,FALSE,FALSE,FALSE,FALSE,FALSE,FALSE,FALSE,FALSE,FALSE,FALSE
1739,NA,NA,0.14,0.13,NA,NA,0.1,0.12,0.14,0,0.18,0.22,0.1,0.1,0.1,0.08,0.17,0.09,0.21,0.46,0.12,0.2,0.16,0.22,0.35,0.24,NA,NA,FALSE,FALSE,NA,NA,FALSE,FALSE,FALSE,FALSE,FALSE,FALSE,FALSE,FALSE,FALSE,FALSE,FALSE,FALSE,FALSE,FALSE,FALSE,FALSE,FALSE,FALSE,FALSE,FALSE
1740,NA,NA,0.2,0.11,NA,NA,0.11,0.05,0.18,0.07,0.26,0.21,0.08,0.25,0.14,0.07,0.25,0.14,0.24,0.44,0.13,0.24,0.4,0.32,0.47,0.36,NA,NA,FALSE,FALSE,NA,NA,FALSE,FALSE,FALSE,FALSE,FALSE,FALSE,FALSE,FALSE,FALSE,FALSE,FALSE,FALSE,FALSE,FALSE,FALSE,FALSE,FALSE,FALSE,FALSE,FALSE
1741,NA,NA,0.34,0.3,NA,NA,0.35,0.39,0.4,0.28,0.56,0.46,0.33,0.5,0.5,0.3,0.44,0.3,0.52,0.7,0.54,0.52,0.61,0.43,0.61,0.47,NA,NA,FALSE,FALSE,NA,NA,FALSE,FALSE,FALSE,FALSE,FALSE,FALSE,FALSE,FALSE,FALSE,FALSE,FALSE,FALSE,FALSE,FALSE,FALSE,FALSE,FALSE,FALSE,FALSE,FALSE
1742,NA,NA,0.29,0,NA,NA,0.17,0.22,0.31,0.19,0.28,0.28,0.11,0.21,0.27,0.14,0.31,0.16,0.36,0.58,0.2,0.26,0.39,0.25,0.33,0.27,NA,NA,FALSE,FALSE,NA,NA,FALSE,FALSE,FALSE,FALSE,FALSE,FALSE,FALSE,FALSE,FALSE,FALSE,FALSE,FALSE,FALSE,FALSE,FALSE,FALSE,FALSE,FALSE,FALSE,FALSE
1743,NA,NA,0.33,0.12,NA,NA,0.37,0.39,0.35,0.2,0.44,0.37,0.22,0.43,0.41,0.22,0.33,0.24,0.42,0.68,0.41,0.39,0.47,0.36,0.53,0.49,NA,NA,FALSE,FALSE,NA,NA,FALSE,FALSE,FALSE,FALSE,FALSE,FALSE,FALSE,FALSE,FALSE,FALSE,FALSE,FALSE,FALSE,FALSE,FALSE,FALSE,FALSE,FALSE,FALSE,FALSE
1744,NA,NA,0.19,0.1,NA,NA,0.14,0.19,0.26,0.17,0,0.07,0.05,0.2,0.13,0,0.17,0.14,0.36,0.5,0.12,0.14,0.16,0.24,0.3,0.37,NA,NA,FALSE,FALSE,NA,NA,FALSE,FALSE,FALSE,FALSE,FALSE,FALSE,FALSE,FALSE,FALSE,FALSE,FALSE,FALSE,FALSE,FALSE,FALSE,FALSE,FALSE,FALSE,FALSE,FALSE
1745,NA,NA,0.34,0.19,NA,NA,0.27,0.28,0.36,0.3,0.33,0.31,0.31,0.47,0.32,0.24,0.46,0.29,0.48,0.67,0.38,0.38,0.4,0.44,0.52,0.45,NA,NA,FALSE,FALSE,NA,NA,FALSE,FALSE,FALSE,FALSE,FALSE,FALSE,FALSE,FALSE,FALSE,FALSE,FALSE,FALSE,FALSE,FALSE,FALSE,FALSE,FALSE,FALSE,FALSE,FALSE
1746,NA,NA,0.43,0.23,NA,NA,0.43,0.4,0.55,0.4,0.49,0.41,0.43,0.46,0.47,0.14,0.47,0.32,0.53,0.66,0.58,0.69,0.29,0.41,0.59,0.79,NA,NA,FALSE,FALSE,NA,NA,FALSE,FALSE,FALSE,FALSE,FALSE,FALSE,FALSE,FALSE,FALSE,FALSE,FALSE,FALSE,FALSE,FALSE,FALSE,FALSE,FALSE,FALSE,FALSE,FALSE
1747,NA,NA,0.45,0.32,NA,NA,0.5,0.39,0.75,0.46,0.46,0.45,0.3,0.55,0.5,0.34,0.44,0.27,0.56,0.71,0.67,0.64,0.46,0.44,0.8,0.78,NA,NA,FALSE,FALSE,NA,NA,FALSE,FALSE,FALSE,FALSE,FALSE,FALSE,FALSE,FALSE,FALSE,FALSE,FALSE,FALSE,FALSE,FALSE,FALSE,FALSE,FALSE,FALSE,FALSE,FALSE
1748,NA,NA,0.13,0,NA,NA,0.21,0.02,0.2,0.18,0.06,0.04,0.1,0.12,0.02,0,0.27,0.31,0.35,0.45,0.19,0.22,0.25,0.21,0.42,0.4,NA,NA,FALSE,FALSE,NA,NA,FALSE,FALSE,FALSE,FALSE,FALSE,FALSE,FALSE,FALSE,FALSE,FALSE,FALSE,FALSE,FALSE,FALSE,FALSE,FALSE,FALSE,FALSE,FALSE,FALSE
1749,NA,NA,0.53,0.29,NA,NA,0.42,0.28,0.46,0.41,0.6,0.48,0.42,0.46,0.58,0.44,0.48,0.32,0.58,0.63,0.57,0.45,0.48,0.47,0.82,0.76,NA,NA,FALSE,FALSE,NA,NA,FALSE,FALSE,FALSE,FALSE,FALSE,FALSE,FALSE,FALSE,FALSE,FALSE,FALSE,FALSE,FALSE,FALSE,FALSE,FALSE,FALSE,FALSE,FALSE,FALSE
1750,NA,NA,0.44,0.06,NA,NA,0.16,0.11,0.25,0.22,0.37,0.17,0.18,0.26,0.2,0.1,0.28,0.23,0.39,0.49,0.3,0.34,0.28,0.33,0.59,0.51,NA,NA,FALSE,FALSE,NA,NA,FALSE,FALSE,FALSE,FALSE,FALSE,FALSE,FALSE,FALSE,FALSE,FALSE,FALSE,FALSE,FALSE,FALSE,FALSE,FALSE,FALSE,FALSE,FALSE,FALSE
1751,NA,NA,0.26,0.12,NA,NA,0.08,0.02,0.13,0.14,0.2,0.15,0.16,0.15,0.16,0.21,0.09,0.08,0.18,0.22,0.06,0.01,0.15,0.1,0.37,0.34,NA,NA,FALSE,FALSE,NA,NA,FALSE,FALSE,FALSE,FALSE,FALSE,FALSE,FALSE,FALSE,FALSE,FALSE,FALSE,FALSE,FALSE,FALSE,FALSE,FALSE,FALSE,FALSE,FALSE,FALSE
1752,NA,NA,0.35,0,NA,NA,0.14,0.1,0.09,0.07,0,0,0,0,0,0.09,0,0,0.2,0.16,0,0,0.08,0.16,0.28,0.23,NA,NA,FALSE,FALSE,NA,NA,FALSE,FALSE,FALSE,FALSE,FALSE,FALSE,FALSE,FALSE,FALSE,FALSE,FALSE,FALSE,FALSE,FALSE,FALSE,FALSE,FALSE,FALSE,FALSE,FALSE
1753,NA,NA,0.43,0.14,NA,NA,0.07,0.15,0.07,0.11,0.29,0.26,0.43,0.24,0.15,0.14,0.1,0.19,0.39,0.35,0.32,0.23,0.18,0.16,0.32,0.26,NA,NA,FALSE,FALSE,NA,NA,FALSE,FALSE,FALSE,FALSE,FALSE,FALSE,FALSE,FALSE,FALSE,FALSE,FALSE,FALSE,FALSE,FALSE,FALSE,FALSE,FALSE,FALSE,FALSE,FALSE
1754,NA,NA,0.54,0.09,NA,NA,0.07,0.1,0.2,0.18,0.27,0.2,0.38,0.31,0.25,0.22,0.17,0.16,0.41,0.36,0.23,0.14,0.41,0.34,0.42,0.36,NA,NA,FALSE,FALSE,NA,NA,FALSE,FALSE,FALSE,FALSE,FALSE,FALSE,FALSE,FALSE,FALSE,FALSE,FALSE,FALSE,FALSE,FALSE,FALSE,FALSE,FALSE,FALSE,FALSE,FALSE
1755,NA,NA,0.27,0,NA,NA,0,0,0.18,0.14,0.14,0.08,0.21,0.16,0,0,0.05,0.03,0.18,0.22,0.19,0.16,0.16,0.19,0.32,0.26,NA,NA,FALSE,FALSE,NA,NA,FALSE,FALSE,FALSE,FALSE,FALSE,FALSE,FALSE,FALSE,FALSE,FALSE,FALSE,FALSE,FALSE,FALSE,FALSE,FALSE,FALSE,FALSE,FALSE,FALSE
1756,NA,NA,0.34,0.14,NA,NA,0.26,0.24,0.31,0.2,0.2,0.21,0.3,0.35,0.14,0.13,0.25,0.17,0.37,0.39,0.4,0.31,0.4,0.3,0.22,0.4,NA,NA,FALSE,FALSE,NA,NA,FALSE,FALSE,FALSE,FALSE,FALSE,FALSE,FALSE,FALSE,FALSE,FALSE,FALSE,FALSE,FALSE,FALSE,FALSE,FALSE,FALSE,FALSE,FALSE,FALSE
1757,NA,NA,0.39,0,NA,NA,0.02,0,0.1,0.11,0.15,0.09,0.19,0.14,0,0,0.15,0.05,0.36,0.29,0.23,0.06,0.14,0.17,0.2,0.18,NA,NA,FALSE,FALSE,NA,NA,FALSE,FALSE,FALSE,FALSE,FALSE,FALSE,FALSE,FALSE,FALSE,FALSE,FALSE,FALSE,FALSE,FALSE,FALSE,FALSE,FALSE,FALSE,FALSE,FALSE
1758,NA,NA,0.43,0.18,NA,NA,0.17,0.22,0.29,0.24,0.33,0.33,0.24,0.4,0.2,0.17,0.14,0.14,0.34,0.27,0.28,0.14,0.44,0.33,0.34,0.3,NA,NA,FALSE,FALSE,NA,NA,FALSE,FALSE,FALSE,FALSE,FALSE,FALSE,FALSE,FALSE,FALSE,FALSE,FALSE,FALSE,FALSE,FALSE,FALSE,FALSE,FALSE,FALSE,FALSE,FALSE
1759,NA,NA,0.46,0.08,NA,NA,0.15,0.16,0.42,0.27,0.2,0.18,0.12,0.21,0.22,0.22,0.16,0.14,0.33,0.28,0.25,0.18,0.4,0.26,0.28,0.4,NA,NA,FALSE,FALSE,NA,NA,FALSE,FALSE,FALSE,FALSE,FALSE,FALSE,FALSE,FALSE,FALSE,FALSE,FALSE,FALSE,FALSE,FALSE,FALSE,FALSE,FALSE,FALSE,FALSE,FALSE
1760,NA,NA,0.46,0.26,NA,NA,0.35,0.36,0.35,0.33,0.53,0.39,0.26,0.47,0.38,0.3,0.3,0.24,0.5,0.45,0.48,0.21,0.63,0.29,0.83,0.58,NA,NA,FALSE,FALSE,NA,NA,FALSE,FALSE,FALSE,FALSE,FALSE,FALSE,FALSE,FALSE,FALSE,FALSE,FALSE,FALSE,FALSE,FALSE,FALSE,FALSE,FALSE,FALSE,FALSE,FALSE
1761,NA,NA,0.65,0.31,NA,NA,0.22,0.2,0.49,0.3,0.26,0.18,0.11,0.29,0.27,0,0.21,0.14,0.34,0.28,0.2,0.21,0.43,0.34,0.69,0.45,NA,NA,FALSE,FALSE,NA,NA,FALSE,FALSE,FALSE,FALSE,FALSE,FALSE,FALSE,FALSE,FALSE,FALSE,FALSE,FALSE,FALSE,FALSE,FALSE,FALSE,FALSE,FALSE,FALSE,FALSE
1762,NA,NA,0.57,0.26,NA,NA,0.3,0.21,0.43,0.25,0.32,0.32,0.15,0.36,0.33,0.23,0.31,0.27,0.37,0.37,0.38,0.38,0.42,0.29,0.6,0.4,NA,NA,FALSE,FALSE,NA,NA,FALSE,FALSE,FALSE,FALSE,FALSE,FALSE,FALSE,FALSE,FALSE,FALSE,FALSE,FALSE,FALSE,FALSE,FALSE,FALSE,FALSE,FALSE,FALSE,FALSE
1763,NA,NA,0.56,0.23,NA,NA,0.13,0.19,0.24,0.11,0.13,0.2,0.21,0.27,0.13,0,0.16,0.11,0.3,0.33,0.25,0.26,0.4,0.23,0.43,0.41,NA,NA,FALSE,FALSE,NA,NA,FALSE,FALSE,FALSE,FALSE,FALSE,FALSE,FALSE,FALSE,FALSE,FALSE,FALSE,FALSE,FALSE,FALSE,FALSE,FALSE,FALSE,FALSE,FALSE,FALSE
1764,NA,NA,0.76,0.27,NA,NA,0.34,0.38,0.65,0.33,0.39,0.36,0.42,0.68,0.38,0.24,0.33,0.27,0.37,0.32,0.54,0.53,0.85,0.47,0.61,0.51,NA,NA,FALSE,FALSE,NA,NA,FALSE,FALSE,FALSE,FALSE,FALSE,FALSE,FALSE,FALSE,FALSE,FALSE,FALSE,FALSE,FALSE,FALSE,FALSE,FALSE,FALSE,FALSE,FALSE,FALSE
1765,NA,NA,0.36,0.02,NA,NA,0.09,0.11,0.23,0.06,0,0,0,0,0.05,0,0,0,0.3,0.18,0.12,0.15,0.19,0.16,0.32,0.17,NA,NA,FALSE,FALSE,NA,NA,FALSE,FALSE,FALSE,FALSE,FALSE,FALSE,FALSE,FALSE,FALSE,FALSE,FALSE,FALSE,FALSE,FALSE,FALSE,FALSE,FALSE,FALSE,FALSE,FALSE
1766,NA,NA,0.72,0.44,NA,NA,0.41,0.38,0.77,0.36,0.51,0.47,0.43,0.6,0.47,0.25,0.22,0.2,0.44,0.22,0.51,0.73,0.84,0.45,0.68,0.39,NA,NA,FALSE,FALSE,NA,NA,FALSE,FALSE,FALSE,FALSE,FALSE,FALSE,FALSE,FALSE,FALSE,FALSE,FALSE,FALSE,FALSE,FALSE,FALSE,FALSE,FALSE,FALSE,FALSE,FALSE
1767,NA,NA,0.79,0.42,NA,NA,0.22,0.22,0.48,0.37,0.27,0.22,0.16,0.27,0.31,0.09,0.25,0.14,0.44,0.39,0.35,0.46,0.48,0.41,0.5,0.32,NA,NA,FALSE,FALSE,NA,NA,FALSE,FALSE,FALSE,FALSE,FALSE,FALSE,FALSE,FALSE,FALSE,FALSE,FALSE,FALSE,FALSE,FALSE,FALSE,FALSE,FALSE,FALSE,FALSE,FALSE
1768,NA,NA,0.84,0.41,NA,NA,0.3,0.28,0.54,0.17,0.49,0.5,0.29,0.47,0.4,0.38,0.26,0.26,0.5,0.38,0.51,0.68,0.7,0.42,0.69,0.41,NA,NA,FALSE,FALSE,NA,NA,FALSE,FALSE,FALSE,FALSE,FALSE,FALSE,FALSE,FALSE,FALSE,FALSE,FALSE,FALSE,FALSE,FALSE,FALSE,FALSE,FALSE,FALSE,FALSE,FALSE
1769,NA,NA,0.69,0.29,NA,NA,0.17,0.21,0.51,0.17,0.24,0.24,0.24,0.23,0.26,0.27,0.17,0.14,0.35,0.29,0.35,0.38,0.62,0.43,0.44,0.38,NA,NA,FALSE,FALSE,NA,NA,FALSE,FALSE,FALSE,FALSE,FALSE,FALSE,FALSE,FALSE,FALSE,FALSE,FALSE,FALSE,FALSE,FALSE,FALSE,FALSE,FALSE,FALSE,FALSE,FALSE
1770,NA,NA,0.57,0.15,NA,NA,0.02,0.12,0.54,0.12,0.23,0.14,0.18,0.2,0.14,0,0.13,0.08,0.29,0.26,0.15,0.32,0.53,0.3,0.53,0.33,NA,NA,FALSE,FALSE,NA,NA,FALSE,FALSE,FALSE,FALSE,FALSE,FALSE,FALSE,FALSE,FALSE,FALSE,FALSE,FALSE,FALSE,FALSE,FALSE,FALSE,FALSE,FALSE,FALSE,FALSE
1771,NA,NA,0.66,0.55,NA,NA,0.34,0.3,0.91,0.33,0.39,0.38,0.32,0.38,0.38,0.25,0.31,0.28,0.36,0.37,0.54,0.79,0.54,0.4,0.64,0.51,NA,NA,FALSE,FALSE,NA,NA,FALSE,FALSE,FALSE,FALSE,FALSE,FALSE,FALSE,FALSE,FALSE,FALSE,FALSE,FALSE,FALSE,FALSE,FALSE,FALSE,FALSE,FALSE,FALSE,FALSE
1772,NA,NA,0.58,0.46,NA,NA,0.1,0.14,0.61,0.28,0.38,0.27,0.19,0.21,0.34,0.02,0.12,0.14,0.41,0.32,0.27,0.53,0.58,0.4,0.41,0.34,NA,NA,FALSE,FALSE,NA,NA,FALSE,FALSE,FALSE,FALSE,FALSE,FALSE,FALSE,FALSE,FALSE,FALSE,FALSE,FALSE,FALSE,FALSE,FALSE,FALSE,FALSE,FALSE,FALSE,FALSE
1773,NA,NA,0.28,0.06,NA,NA,0,0,0.19,0,0,0,0,0,0,0,0,0,0,0,0,0.03,0,0,0.11,0.02,NA,NA,FALSE,FALSE,NA,NA,FALSE,FALSE,FALSE,FALSE,FALSE,FALSE,FALSE,FALSE,FALSE,FALSE,FALSE,FALSE,FALSE,FALSE,FALSE,FALSE,FALSE,FALSE,FALSE,FALSE
1774,NA,NA,0.73,0.44,NA,NA,0.31,0.25,0.7,0.35,0.33,0.34,0.28,0.3,0.25,0.26,0.23,0.17,0.48,0.29,0.37,0.53,0.44,0.38,0.32,0.43,NA,NA,FALSE,FALSE,NA,NA,FALSE,FALSE,FALSE,FALSE,FALSE,FALSE,FALSE,FALSE,FALSE,FALSE,FALSE,FALSE,FALSE,FALSE,FALSE,FALSE,FALSE,FALSE,FALSE,FALSE
1775,NA,NA,0.62,0.45,NA,NA,0.24,0.15,0.5,0.37,0.31,0.13,0.17,0.18,0.27,0.24,0.19,0.18,0.41,0.35,0.39,0.39,0.52,0.44,0.5,0.37,NA,NA,FALSE,FALSE,NA,NA,FALSE,FALSE,FALSE,FALSE,FALSE,FALSE,FALSE,FALSE,FALSE,FALSE,FALSE,FALSE,FALSE,FALSE,FALSE,FALSE,FALSE,FALSE,FALSE,FALSE
1776,NA,NA,0.38,0.25,NA,NA,0.18,0.12,0.52,0.34,0.26,0.32,0.33,0.14,0.22,0.33,0.13,0.11,0.33,0.23,0.23,0.21,0.53,0.28,0.36,0.38,NA,NA,FALSE,FALSE,NA,NA,FALSE,FALSE,FALSE,FALSE,FALSE,FALSE,FALSE,FALSE,FALSE,FALSE,FALSE,FALSE,FALSE,FALSE,FALSE,FALSE,FALSE,FALSE,FALSE,FALSE
1777,NA,NA,0.77,0.47,NA,NA,0.31,0.17,0.58,0.4,0.3,0.3,0.3,0.19,0.23,0.34,0.19,0.22,0.26,0.24,0.23,0.22,0.35,0.4,0.4,0.35,NA,NA,FALSE,FALSE,NA,NA,FALSE,FALSE,FALSE,FALSE,FALSE,FALSE,FALSE,FALSE,FALSE,FALSE,FALSE,FALSE,FALSE,FALSE,FALSE,FALSE,FALSE,FALSE,FALSE,FALSE
1778,NA,NA,0.22,0.21,NA,NA,0.05,0,0.25,0.22,0.12,0.16,0.19,0.11,0,0,0,0,0.08,0.02,0.12,0.17,0.24,0.13,0.22,0.15,NA,NA,FALSE,FALSE,NA,NA,FALSE,FALSE,FALSE,FALSE,FALSE,FALSE,FALSE,FALSE,FALSE,FALSE,FALSE,FALSE,FALSE,FALSE,FALSE,FALSE,FALSE,FALSE,FALSE,FALSE
1779,NA,NA,0.69,0.58,NA,NA,0.35,0.23,0.34,0.49,0.3,0.43,0.37,0.28,0.2,0.43,0.25,0.28,0.25,0.26,0.32,0.4,0.38,0.36,0.37,0.29,NA,NA,FALSE,FALSE,NA,NA,FALSE,FALSE,FALSE,FALSE,FALSE,FALSE,FALSE,FALSE,FALSE,FALSE,FALSE,FALSE,FALSE,FALSE,FALSE,FALSE,FALSE,FALSE,FALSE,FALSE
1780,NA,NA,0.51,0.44,NA,NA,0.43,0.23,0.47,0.43,0.25,0.32,0.24,0.3,0.15,0,0.18,0.17,0.39,0.3,0.33,0.29,0.36,0.38,0.47,0.34,NA,NA,FALSE,FALSE,NA,NA,FALSE,FALSE,FALSE,FALSE,FALSE,FALSE,FALSE,FALSE,FALSE,FALSE,FALSE,FALSE,FALSE,FALSE,FALSE,FALSE,FALSE,FALSE,FALSE,FALSE
1781,NA,NA,0.61,0.66,NA,NA,0.38,0.19,0.53,0.61,0.38,0.37,0.21,0.26,0.23,0.29,0.17,0.2,0.41,0.4,0.25,0.26,0.4,0.39,0.48,0.31,NA,NA,FALSE,FALSE,NA,NA,FALSE,FALSE,FALSE,FALSE,FALSE,FALSE,FALSE,FALSE,FALSE,FALSE,FALSE,FALSE,FALSE,FALSE,FALSE,FALSE,FALSE,FALSE,FALSE,FALSE
1782,NA,NA,0.3,0.29,NA,NA,0.18,0.16,0.29,0.39,0.1,0.12,0.21,0.09,0.09,0.06,0,0,0.17,0.14,0.14,0.06,0.36,0.33,0.18,0.21,NA,NA,FALSE,FALSE,NA,NA,FALSE,FALSE,FALSE,FALSE,FALSE,FALSE,FALSE,FALSE,FALSE,FALSE,FALSE,FALSE,FALSE,FALSE,FALSE,FALSE,FALSE,FALSE,FALSE,FALSE
1783,NA,NA,0.39,0.38,NA,NA,0.26,0.21,0.55,0.51,0.29,0.28,0.24,0.23,0.14,0.26,0.15,0.15,0.24,0.2,0.3,0.21,0.48,0.33,0.28,0.23,NA,NA,FALSE,FALSE,NA,NA,FALSE,FALSE,FALSE,FALSE,FALSE,FALSE,FALSE,FALSE,FALSE,FALSE,FALSE,FALSE,FALSE,FALSE,FALSE,FALSE,FALSE,FALSE,FALSE,FALSE
1784,NA,NA,0.6,0.75,NA,NA,0.62,0.62,1.28,1.16,0.59,0.77,0.49,0.53,0.4,0.43,0.33,0.32,0.48,0.31,0.69,0.43,0.69,0.48,0.72,0.52,NA,NA,FALSE,FALSE,NA,NA,FALSE,FALSE,TRUE,TRUE,FALSE,FALSE,FALSE,FALSE,FALSE,FALSE,FALSE,FALSE,FALSE,FALSE,FALSE,FALSE,FALSE,FALSE,FALSE,FALSE
1785,NA,NA,0.54,0.65,NA,NA,0.23,0.37,0.64,0.71,0.37,0.44,0.1,0.18,0.26,0.35,0.27,0.3,0.39,0.34,0.45,0.3,0.45,0.32,0.43,0.36,NA,NA,FALSE,FALSE,NA,NA,FALSE,FALSE,FALSE,FALSE,FALSE,FALSE,FALSE,FALSE,FALSE,FALSE,FALSE,FALSE,FALSE,FALSE,FALSE,FALSE,FALSE,FALSE,FALSE,FALSE
1786,NA,NA,0.51,0.54,NA,NA,0.23,0.25,0.47,0.51,0.26,0.41,0.18,0.25,0.22,0.3,0.21,0.21,0.29,0.25,0.31,0.16,0.45,0.3,0.3,0.34,NA,NA,FALSE,FALSE,NA,NA,FALSE,FALSE,FALSE,FALSE,FALSE,FALSE,FALSE,FALSE,FALSE,FALSE,FALSE,FALSE,FALSE,FALSE,FALSE,FALSE,FALSE,FALSE,FALSE,FALSE
1787,NA,NA,0.76,0.72,NA,NA,0.51,0.68,0.97,0.83,0.59,0.6,0.32,0.43,0.31,0.56,0.35,0.31,0.35,0.35,0.62,0.32,0.45,0.51,0.42,0.44,NA,NA,FALSE,FALSE,NA,NA,FALSE,FALSE,FALSE,FALSE,FALSE,FALSE,FALSE,FALSE,FALSE,FALSE,FALSE,FALSE,FALSE,FALSE,FALSE,FALSE,FALSE,FALSE,FALSE,FALSE
1788,NA,NA,0.44,0.48,NA,NA,0.2,0.36,0.57,0.55,0.24,0.32,0.15,0.24,0.21,0.24,0.24,0.33,0.32,0.39,0.31,0.23,0.38,0.33,0.26,0.36,NA,NA,FALSE,FALSE,NA,NA,FALSE,FALSE,FALSE,FALSE,FALSE,FALSE,FALSE,FALSE,FALSE,FALSE,FALSE,FALSE,FALSE,FALSE,FALSE,FALSE,FALSE,FALSE,FALSE,FALSE
1789,NA,NA,0.57,0.38,NA,NA,0.18,0.22,0.85,0.7,0.54,0.27,0.14,0.38,0.17,0.26,0.15,0.13,0.21,0.29,0.28,0.21,0.4,0.41,0.32,0.46,NA,NA,FALSE,FALSE,NA,NA,FALSE,FALSE,FALSE,FALSE,FALSE,FALSE,FALSE,FALSE,FALSE,FALSE,FALSE,FALSE,FALSE,FALSE,FALSE,FALSE,FALSE,FALSE,FALSE,FALSE
1790,NA,NA,0.44,0.31,NA,NA,0,0,0.46,0.35,0.15,0.17,0,0.18,0,0,0,0,0.14,0,0.01,0,0.16,0.07,0.02,0.16,NA,NA,FALSE,FALSE,NA,NA,FALSE,FALSE,FALSE,FALSE,FALSE,FALSE,FALSE,FALSE,FALSE,FALSE,FALSE,FALSE,FALSE,FALSE,FALSE,FALSE,FALSE,FALSE,FALSE,FALSE
1791,NA,NA,0.54,0.56,NA,NA,0.29,0.29,0.85,0.74,0.55,0.39,0.25,0.42,0.32,0.44,0.31,0.26,0.41,0.39,0.4,0.24,0.35,0.48,0.46,0.49,NA,NA,FALSE,FALSE,NA,NA,FALSE,FALSE,FALSE,FALSE,FALSE,FALSE,FALSE,FALSE,FALSE,FALSE,FALSE,FALSE,FALSE,FALSE,FALSE,FALSE,FALSE,FALSE,FALSE,FALSE
1792,NA,NA,0.51,0.48,NA,NA,0.22,0.27,0.82,0.66,0.45,0.39,0.31,0.51,0.37,0.36,0.2,0.23,0.39,0.49,0.6,0.31,0.5,0.37,0.47,0.56,NA,NA,FALSE,FALSE,NA,NA,FALSE,FALSE,FALSE,FALSE,FALSE,FALSE,FALSE,FALSE,FALSE,FALSE,FALSE,FALSE,FALSE,FALSE,FALSE,FALSE,FALSE,FALSE,FALSE,FALSE
1793,NA,NA,0.59,0.55,NA,NA,0.36,0.44,0.72,0.78,0.48,0.52,0.39,0.61,0.32,0.43,0.25,0.38,0.51,0.44,0.29,0.2,0.44,0.45,0.45,0.63,NA,NA,FALSE,FALSE,NA,NA,FALSE,FALSE,FALSE,FALSE,FALSE,FALSE,FALSE,FALSE,FALSE,FALSE,FALSE,FALSE,FALSE,FALSE,FALSE,FALSE,FALSE,FALSE,FALSE,FALSE
1794,NA,NA,0.4,0.3,NA,NA,0.29,0.31,0.76,0.45,0.32,0.26,0.22,0.23,0.22,0.3,0.17,0.29,0.42,0.44,0.1,0.02,0.43,0.42,0.49,0.56,NA,NA,FALSE,FALSE,NA,NA,FALSE,FALSE,FALSE,FALSE,FALSE,FALSE,FALSE,FALSE,FALSE,FALSE,FALSE,FALSE,FALSE,FALSE,FALSE,FALSE,FALSE,FALSE,FALSE,FALSE
1795,NA,NA,0.55,0.61,NA,NA,0.51,0.34,0.97,0.68,0.67,0.66,0.26,0.51,0.42,0.44,0.25,0.35,0.58,0.58,0.27,0.14,0.59,0.58,0.6,0.71,NA,NA,FALSE,FALSE,NA,NA,FALSE,FALSE,FALSE,FALSE,FALSE,FALSE,FALSE,FALSE,FALSE,FALSE,FALSE,FALSE,FALSE,FALSE,FALSE,FALSE,FALSE,FALSE,FALSE,FALSE
1796,NA,NA,0.42,0.56,NA,NA,0.26,0.23,0.65,0.31,0.37,0.31,0.31,0.32,0.22,0.24,0.2,0.29,0.46,0.44,0.21,0.08,0.48,0.32,0.41,0.38,NA,NA,FALSE,FALSE,NA,NA,FALSE,FALSE,FALSE,FALSE,FALSE,FALSE,FALSE,FALSE,FALSE,FALSE,FALSE,FALSE,FALSE,FALSE,FALSE,FALSE,FALSE,FALSE,FALSE,FALSE
1797,NA,NA,0.55,0.51,NA,NA,0.41,0.3,0.62,0.43,0.45,0.37,0.25,0.46,0.28,0.31,0.16,0.31,0.45,0.45,0.24,0.14,0.56,0.47,0.64,0.4,NA,NA,FALSE,FALSE,NA,NA,FALSE,FALSE,FALSE,FALSE,FALSE,FALSE,FALSE,FALSE,FALSE,FALSE,FALSE,FALSE,FALSE,FALSE,FALSE,FALSE,FALSE,FALSE,FALSE,FALSE
1798,NA,NA,0.39,0.49,NA,NA,0.31,0.22,0.64,0.29,0.36,0.29,0.16,0.28,0.22,0.34,0.18,0.26,0.4,0.49,0.16,0.16,0.44,0.38,0.67,0.55,NA,NA,FALSE,FALSE,NA,NA,FALSE,FALSE,FALSE,FALSE,FALSE,FALSE,FALSE,FALSE,FALSE,FALSE,FALSE,FALSE,FALSE,FALSE,FALSE,FALSE,FALSE,FALSE,FALSE,FALSE
1799,NA,NA,0.48,0.44,NA,NA,0.34,0.23,0.77,0.41,0.37,0.33,0.26,0.41,0.29,0.39,0.22,0.34,0.43,0.45,0.31,0.26,0.69,0.44,0.53,0.5,NA,NA,FALSE,FALSE,NA,NA,FALSE,FALSE,FALSE,FALSE,FALSE,FALSE,FALSE,FALSE,FALSE,FALSE,FALSE,FALSE,FALSE,FALSE,FALSE,FALSE,FALSE,FALSE,FALSE,FALSE
1800,NA,NA,0.49,0.65,NA,NA,0.4,0.1,0.64,0.44,0.41,0.29,0.21,0.35,0.34,0.3,0.23,0.28,0.52,0.45,0.17,0.18,0.71,0.45,0.4,0.51,NA,NA,FALSE,FALSE,NA,NA,FALSE,FALSE,FALSE,FALSE,FALSE,FALSE,FALSE,FALSE,FALSE,FALSE,FALSE,FALSE,FALSE,FALSE,FALSE,FALSE,FALSE,FALSE,FALSE,FALSE
1801,NA,NA,0.22,0.24,NA,NA,0.15,0.11,0.42,0.27,0.26,0.13,0.06,0.06,0.12,0.17,0.04,0.09,0.32,0.39,0.15,0,0.41,0.27,0.36,0.37,NA,NA,FALSE,FALSE,NA,NA,FALSE,FALSE,FALSE,FALSE,FALSE,FALSE,FALSE,FALSE,FALSE,FALSE,FALSE,FALSE,FALSE,FALSE,FALSE,FALSE,FALSE,FALSE,FALSE,FALSE
1802,NA,NA,0.34,0.46,NA,NA,0.32,0.21,0.85,0.31,0.4,0.35,0.22,0.24,0.19,0.41,0.18,0.22,0.33,0.37,0.23,0.24,0.53,0.34,0.44,0.5,NA,NA,FALSE,FALSE,NA,NA,FALSE,FALSE,FALSE,FALSE,FALSE,FALSE,FALSE,FALSE,FALSE,FALSE,FALSE,FALSE,FALSE,FALSE,FALSE,FALSE,FALSE,FALSE,FALSE,FALSE
1803,NA,NA,0.24,0.4,NA,NA,0.14,0.13,0.58,0.36,0.36,0.22,0.22,0.28,0.19,0.23,0.15,0.23,0.39,0.4,0.21,0.2,0.42,0.31,0.33,0.31,NA,NA,FALSE,FALSE,NA,NA,FALSE,FALSE,FALSE,FALSE,FALSE,FALSE,FALSE,FALSE,FALSE,FALSE,FALSE,FALSE,FALSE,FALSE,FALSE,FALSE,FALSE,FALSE,FALSE,FALSE
1804,NA,NA,0.49,0.51,NA,NA,0.37,0.31,0.89,0.4,0.51,0.4,0.23,0.35,0.18,0.41,0.2,0.23,0.48,0.48,0.3,0.25,0.51,0.38,0.4,0.4,NA,NA,FALSE,FALSE,NA,NA,FALSE,FALSE,FALSE,FALSE,FALSE,FALSE,FALSE,FALSE,FALSE,FALSE,FALSE,FALSE,FALSE,FALSE,FALSE,FALSE,FALSE,FALSE,FALSE,FALSE
1805,NA,NA,0.35,0.45,NA,NA,0.18,0.1,0.56,0.28,0.22,0.24,0.14,0.3,0.09,0.29,0.12,0.15,0.37,0.3,0.18,0.12,0.36,0.25,0.13,0.22,NA,NA,FALSE,FALSE,NA,NA,FALSE,FALSE,FALSE,FALSE,FALSE,FALSE,FALSE,FALSE,FALSE,FALSE,FALSE,FALSE,FALSE,FALSE,FALSE,FALSE,FALSE,FALSE,FALSE,FALSE
1806,NA,NA,0.23,0.29,NA,NA,0.14,0.13,0.46,0.44,0.31,0.15,0.06,0.15,0.09,0.16,0,0,0.28,0.33,0.07,0.02,0.23,0.17,0.26,0.25,NA,NA,FALSE,FALSE,NA,NA,FALSE,FALSE,FALSE,FALSE,FALSE,FALSE,FALSE,FALSE,FALSE,FALSE,FALSE,FALSE,FALSE,FALSE,FALSE,FALSE,FALSE,FALSE,FALSE,FALSE
1807,NA,NA,0.57,0.73,NA,NA,0.54,0.44,1.61,0.77,0.58,0.45,0.44,0.61,0.28,0.54,0.29,0.39,0.5,0.63,0.53,0.42,0.8,0.45,0.44,0.47,NA,NA,FALSE,FALSE,NA,NA,FALSE,FALSE,TRUE,FALSE,FALSE,FALSE,FALSE,FALSE,FALSE,FALSE,FALSE,FALSE,FALSE,FALSE,FALSE,FALSE,FALSE,FALSE,FALSE,FALSE
1808,NA,NA,0.35,0.58,NA,NA,0.43,0.37,1.02,0.45,0.34,0.23,0.12,0.19,0.16,0.48,0.21,0.47,0.42,0.51,0.46,0.24,0.49,0.41,0.31,0.42,NA,NA,FALSE,FALSE,NA,NA,FALSE,FALSE,FALSE,FALSE,FALSE,FALSE,FALSE,FALSE,FALSE,FALSE,FALSE,FALSE,FALSE,FALSE,FALSE,FALSE,FALSE,FALSE,FALSE,FALSE
1809,NA,NA,0.54,0.5,NA,NA,0.66,0.46,1.15,0.73,0.62,0.53,0.34,0.65,0.3,0.64,0.2,0.33,0.44,0.52,0.7,0.37,0.64,0.4,0.61,0.6,NA,NA,FALSE,FALSE,NA,NA,FALSE,FALSE,FALSE,FALSE,FALSE,FALSE,FALSE,FALSE,FALSE,FALSE,FALSE,FALSE,FALSE,FALSE,FALSE,FALSE,FALSE,FALSE,FALSE,FALSE
1810,NA,NA,0.4,0.4,NA,NA,0.27,0.14,0.82,0.32,0.21,0.13,0.2,0.19,0,0.1,0,0.07,0.29,0.22,0.13,0.18,0.35,0.22,0.2,0.27,NA,NA,FALSE,FALSE,NA,NA,FALSE,FALSE,FALSE,FALSE,FALSE,FALSE,FALSE,FALSE,FALSE,FALSE,FALSE,FALSE,FALSE,FALSE,FALSE,FALSE,FALSE,FALSE,FALSE,FALSE
1811,NA,NA,0.58,0.72,NA,NA,0.52,0.48,1.08,0.78,0.52,0.7,0.37,0.54,0.29,0.34,0.34,0.41,0.58,0.43,0.57,0.45,0.57,0.42,0.4,0.49,NA,NA,FALSE,FALSE,NA,NA,FALSE,FALSE,FALSE,FALSE,FALSE,FALSE,FALSE,FALSE,FALSE,FALSE,FALSE,FALSE,FALSE,FALSE,FALSE,FALSE,FALSE,FALSE,FALSE,FALSE
1812,NA,NA,0.36,0.51,NA,NA,0.31,0.25,0.57,0.43,0.32,0.36,0.22,0.23,0.08,0.17,0.13,0.13,0.35,0.33,0.21,0.2,0.39,0.25,0.2,0.4,NA,NA,FALSE,FALSE,NA,NA,FALSE,FALSE,FALSE,FALSE,FALSE,FALSE,FALSE,FALSE,FALSE,FALSE,FALSE,FALSE,FALSE,FALSE,FALSE,FALSE,FALSE,FALSE,FALSE,FALSE
1813,NA,NA,0,0.16,NA,NA,0.01,0,0.3,0.23,0.11,0,0,0,0,0,0,0,0,0,0,0,0.15,0,0.02,0.15,NA,NA,FALSE,FALSE,NA,NA,FALSE,FALSE,FALSE,FALSE,FALSE,FALSE,FALSE,FALSE,FALSE,FALSE,FALSE,FALSE,FALSE,FALSE,FALSE,FALSE,FALSE,FALSE,FALSE,FALSE
1814,NA,NA,0.4,0.53,NA,NA,0.22,0.22,0.56,0.51,0.47,0.51,0.26,0.31,0.02,0.19,0.15,0.24,0.39,0.29,0.34,0.24,0.46,0.33,0.4,0.39,NA,NA,FALSE,FALSE,NA,NA,FALSE,FALSE,FALSE,FALSE,FALSE,FALSE,FALSE,FALSE,FALSE,FALSE,FALSE,FALSE,FALSE,FALSE,FALSE,FALSE,FALSE,FALSE,FALSE,FALSE
1815,NA,NA,0.45,0.55,NA,NA,0.43,0.23,0.92,0.49,0.65,0.62,0.46,0.44,0.21,0.26,0.26,0.37,0.5,0.42,0.6,0.31,0.5,0.3,0.36,0.39,NA,NA,FALSE,FALSE,NA,NA,FALSE,FALSE,FALSE,FALSE,FALSE,FALSE,FALSE,FALSE,FALSE,FALSE,FALSE,FALSE,FALSE,FALSE,FALSE,FALSE,FALSE,FALSE,FALSE,FALSE
1816,NA,NA,0.48,0.62,NA,NA,0.32,0.4,0.83,0.68,0.61,0.96,0.48,0.76,0.21,0.58,0.2,0.31,0.49,0.43,0.5,0.35,0.51,0.32,0.56,0.61,NA,NA,FALSE,FALSE,NA,NA,FALSE,FALSE,FALSE,FALSE,FALSE,FALSE,FALSE,FALSE,FALSE,FALSE,FALSE,FALSE,FALSE,FALSE,FALSE,FALSE,FALSE,FALSE,FALSE,FALSE
1817,NA,NA,0.37,0.46,NA,NA,0.23,0.2,0.74,0.44,0.33,0.41,0.25,0.41,0.23,0.31,0.16,0.36,0.45,0.24,0.46,0.38,0.35,0.16,0.33,0.38,NA,NA,FALSE,FALSE,NA,NA,FALSE,FALSE,FALSE,FALSE,FALSE,FALSE,FALSE,FALSE,FALSE,FALSE,FALSE,FALSE,FALSE,FALSE,FALSE,FALSE,FALSE,FALSE,FALSE,FALSE
1818,NA,NA,0.29,0.24,NA,NA,0.11,0.17,0.34,0.31,0.31,0.27,0.08,0.23,0,0.09,0.07,0.1,0.29,0.2,0.31,0.3,0.16,0.15,0.31,0.23,NA,NA,FALSE,FALSE,NA,NA,FALSE,FALSE,FALSE,FALSE,FALSE,FALSE,FALSE,FALSE,FALSE,FALSE,FALSE,FALSE,FALSE,FALSE,FALSE,FALSE,FALSE,FALSE,FALSE,FALSE
1819,NA,NA,0.3,0.41,NA,NA,0.23,0.15,0.63,0.41,0.3,0.34,0.21,0.27,0.05,0.15,0.07,0.14,0.21,0.16,0.34,0.27,0.39,0.24,0.48,0.26,NA,NA,FALSE,FALSE,NA,NA,FALSE,FALSE,FALSE,FALSE,FALSE,FALSE,FALSE,FALSE,FALSE,FALSE,FALSE,FALSE,FALSE,FALSE,FALSE,FALSE,FALSE,FALSE,FALSE,FALSE
1820,NA,0.58,0.35,0.35,NA,NA,0.2,0.13,0.42,0.39,0.42,0.28,0.26,0.35,0,0.12,0.15,0.14,0.22,0.13,0.42,0.17,0.33,0.27,0.4,0.34,NA,FALSE,FALSE,FALSE,NA,NA,FALSE,FALSE,FALSE,FALSE,FALSE,FALSE,FALSE,FALSE,FALSE,FALSE,FALSE,FALSE,FALSE,FALSE,FALSE,FALSE,FALSE,FALSE,FALSE,FALSE
1821,NA,0.49,0.57,0.57,NA,NA,0.49,0.43,0.88,0.58,0.63,0.51,0.45,0.66,0.2,0.29,0.17,0.26,0.63,0.42,0.67,0.32,0.69,0.39,0.65,0.41,NA,FALSE,FALSE,FALSE,NA,NA,FALSE,FALSE,FALSE,FALSE,FALSE,FALSE,FALSE,FALSE,FALSE,FALSE,FALSE,FALSE,FALSE,FALSE,FALSE,FALSE,FALSE,FALSE,FALSE,FALSE
1822,NA,0.29,0.22,0.09,NA,NA,0.04,0,0.28,0.15,0,0,0,0.08,0,0,0,0.11,0.18,0.09,0.15,0.14,0.31,0.14,0.14,0.05,NA,FALSE,FALSE,FALSE,NA,NA,FALSE,FALSE,FALSE,FALSE,FALSE,FALSE,FALSE,FALSE,FALSE,FALSE,FALSE,FALSE,FALSE,FALSE,FALSE,FALSE,FALSE,FALSE,FALSE,FALSE
1823,NA,0.74,0.38,0.52,NA,NA,0.27,0.31,0.44,0.38,0.52,0.46,0.37,0.39,0.2,0.27,0.18,0.29,0.34,0.32,0.36,0.52,0.67,0.31,0.53,0.31,NA,FALSE,FALSE,FALSE,NA,NA,FALSE,FALSE,FALSE,FALSE,FALSE,FALSE,FALSE,FALSE,FALSE,FALSE,FALSE,FALSE,FALSE,FALSE,FALSE,FALSE,FALSE,FALSE,FALSE,FALSE
1824,NA,0.75,0.44,0.45,NA,NA,0.51,0.55,0.84,0.62,0.55,0.52,0.36,0.49,0.2,0.37,0.22,0.24,0.41,0.24,0.75,0.67,0.84,0.41,0.69,0.46,NA,FALSE,FALSE,FALSE,NA,NA,FALSE,FALSE,FALSE,FALSE,FALSE,FALSE,FALSE,FALSE,FALSE,FALSE,FALSE,FALSE,FALSE,FALSE,FALSE,FALSE,FALSE,FALSE,FALSE,FALSE
1825,NA,1.27,0.48,0.49,NA,NA,0.46,0.48,0.71,0.35,0.47,0.49,0.39,0.71,0.42,0.52,0.29,0.28,0.42,0.33,0.61,0.41,0.63,0.48,0.55,0.51,NA,FALSE,FALSE,FALSE,NA,NA,FALSE,FALSE,FALSE,FALSE,FALSE,FALSE,FALSE,FALSE,FALSE,FALSE,FALSE,FALSE,FALSE,FALSE,FALSE,FALSE,FALSE,FALSE,FALSE,FALSE
1826,1.7,1.56,0.76,0.61,NA,NA,0.58,0.47,1.14,0.62,0.68,0.73,0.51,0.9,0.41,0.49,0.22,0.51,0.63,0.46,0.87,0.7,0.6,0.44,0.63,0.69,TRUE,FALSE,FALSE,FALSE,NA,NA,FALSE,FALSE,FALSE,FALSE,FALSE,FALSE,FALSE,FALSE,FALSE,FALSE,FALSE,FALSE,FALSE,FALSE,FALSE,FALSE,FALSE,FALSE,FALSE,FALSE
1827,1.13,1.45,0.6,0.56,NA,NA,0.41,0.37,0.79,0.66,0.35,0.44,0.2,0.54,0.28,0.36,0.26,0.19,0.61,0.26,0.52,0.42,0.51,0.44,0.73,0.54,FALSE,FALSE,FALSE,FALSE,NA,NA,FALSE,FALSE,FALSE,FALSE,FALSE,FALSE,FALSE,FALSE,FALSE,FALSE,FALSE,FALSE,FALSE,FALSE,FALSE,FALSE,FALSE,FALSE,FALSE,FALSE
1828,1.36,1.99,0.63,0.76,NA,NA,0.51,0.61,1.28,0.9,0.67,0.65,0.47,0.76,0.32,0.44,0.18,0.41,0.81,0.39,1,0.55,0.95,0.58,0.83,0.63,FALSE,FALSE,FALSE,FALSE,NA,NA,FALSE,FALSE,TRUE,FALSE,FALSE,FALSE,FALSE,FALSE,FALSE,FALSE,FALSE,FALSE,FALSE,FALSE,FALSE,FALSE,FALSE,FALSE,FALSE,FALSE
1829,0.94,1.46,0.56,0.53,NA,NA,0.4,0.25,0.88,0.63,0.22,0.27,0.13,0.31,0.22,0.27,0,0.2,0.61,0.41,0.57,0.24,0.59,0.4,0.85,0.59,FALSE,FALSE,FALSE,FALSE,NA,NA,FALSE,FALSE,FALSE,FALSE,FALSE,FALSE,FALSE,FALSE,FALSE,FALSE,FALSE,FALSE,FALSE,FALSE,FALSE,FALSE,FALSE,FALSE,FALSE,FALSE
1830,1.04,1.75,0.41,0.36,NA,NA,0.39,0.36,0.62,0.43,0.4,0.32,0.22,0.37,0.28,0.3,0.23,0.28,0.46,0.37,0.54,0.41,0.54,0.48,0.7,0.51,FALSE,FALSE,FALSE,FALSE,NA,NA,FALSE,FALSE,FALSE,FALSE,FALSE,FALSE,FALSE,FALSE,FALSE,FALSE,FALSE,FALSE,FALSE,FALSE,FALSE,FALSE,FALSE,FALSE,FALSE,FALSE
1831,0.81,1.46,0.51,0.49,NA,NA,0.38,0.24,0.84,0.62,0.51,0.39,0.39,0.55,0.14,0.25,0.18,0.28,0.47,0.42,0.57,0.32,0.47,0.44,0.6,0.46,FALSE,FALSE,FALSE,FALSE,NA,NA,FALSE,FALSE,FALSE,FALSE,FALSE,FALSE,FALSE,FALSE,FALSE,FALSE,FALSE,FALSE,FALSE,FALSE,FALSE,FALSE,FALSE,FALSE,FALSE,FALSE
1832,0.84,1.86,0.48,0.4,NA,NA,0.2,0.17,0.82,0.58,0.37,0.3,0.17,0.47,0.24,0.27,0.16,0.18,0.52,0.33,0.61,0.32,0.66,0.49,0.63,0.49,FALSE,FALSE,FALSE,FALSE,NA,NA,FALSE,FALSE,FALSE,FALSE,FALSE,FALSE,FALSE,FALSE,FALSE,FALSE,FALSE,FALSE,FALSE,FALSE,FALSE,FALSE,FALSE,FALSE,FALSE,FALSE
1833,1.08,1.38,0.64,0.47,NA,NA,0.37,0.32,0.79,0.63,0.57,0.55,0.45,0.53,0.21,0.3,0.23,0.37,0.62,0.6,0.78,0.38,0.59,0.49,0.84,0.57,FALSE,FALSE,FALSE,FALSE,NA,NA,FALSE,FALSE,FALSE,FALSE,FALSE,FALSE,FALSE,FALSE,FALSE,FALSE,FALSE,FALSE,FALSE,FALSE,FALSE,FALSE,FALSE,FALSE,FALSE,FALSE
1834,0.84,0.97,0.31,0.35,NA,NA,0.15,0.06,0.41,0.33,0.16,0.14,0.02,0.28,0,0.11,0.11,0.13,0.28,0.25,0.23,0.12,0.33,0.26,0.59,0.36,FALSE,FALSE,FALSE,FALSE,NA,NA,FALSE,FALSE,FALSE,FALSE,FALSE,FALSE,FALSE,FALSE,FALSE,FALSE,FALSE,FALSE,FALSE,FALSE,FALSE,FALSE,FALSE,FALSE,FALSE,FALSE
1835,1.11,1.53,0.6,0.45,NA,NA,0.5,0.27,0.67,0.51,0.62,0.58,0.31,0.55,0.19,0.3,0.21,0.33,0.6,0.53,0.59,0.36,0.53,0.54,0.65,0.62,FALSE,FALSE,FALSE,FALSE,NA,NA,FALSE,FALSE,FALSE,FALSE,FALSE,FALSE,FALSE,FALSE,FALSE,FALSE,FALSE,FALSE,FALSE,FALSE,FALSE,FALSE,FALSE,FALSE,FALSE,FALSE
1836,0.77,1.33,0.29,0.36,NA,NA,0.26,0.19,0.46,0.32,0.41,0.32,0.22,0.61,0.06,0.16,0.19,0.24,0.47,0.52,0.41,0.25,0.47,0.27,0.41,0.48,FALSE,FALSE,FALSE,FALSE,NA,NA,FALSE,FALSE,FALSE,FALSE,FALSE,FALSE,FALSE,FALSE,FALSE,FALSE,FALSE,FALSE,FALSE,FALSE,FALSE,FALSE,FALSE,FALSE,FALSE,FALSE
1837,1.08,1.5,0.77,0.57,NA,NA,0.42,0.36,0.87,0.7,0.79,0.68,0.49,1.13,0.26,0.35,0.24,0.41,0.63,0.59,0.69,0.57,0.76,0.51,0.78,0.8,FALSE,FALSE,FALSE,FALSE,NA,NA,FALSE,FALSE,FALSE,FALSE,FALSE,FALSE,FALSE,TRUE,FALSE,FALSE,FALSE,FALSE,FALSE,FALSE,FALSE,FALSE,FALSE,FALSE,FALSE,FALSE
1838,1.21,1.1,0.75,0.63,NA,NA,0.8,0.5,1.2,0.89,1.15,0.79,0.64,1.02,0.22,0.42,0.34,0.4,0.88,0.85,0.91,0.81,0.64,0.58,0.88,0.82,FALSE,FALSE,FALSE,FALSE,NA,NA,FALSE,FALSE,FALSE,FALSE,FALSE,FALSE,FALSE,FALSE,FALSE,FALSE,FALSE,FALSE,FALSE,FALSE,FALSE,FALSE,FALSE,FALSE,FALSE,FALSE
1839,1.51,1.42,0.65,0.48,NA,NA,0.74,0.4,1.17,0.96,0.81,0.76,0.59,0.94,0.31,0.47,0.4,0.37,0.64,0.87,0.77,0.58,0.52,0.57,0.76,0.85,FALSE,FALSE,FALSE,FALSE,NA,NA,FALSE,FALSE,FALSE,TRUE,FALSE,FALSE,FALSE,FALSE,FALSE,FALSE,FALSE,FALSE,FALSE,FALSE,FALSE,FALSE,FALSE,FALSE,FALSE,FALSE
1840,1.61,1.52,0.85,0.51,NA,NA,0.77,0.43,1.47,1.15,0.58,0.91,0.54,0.64,0.28,0.39,0.24,0.35,0.6,0.87,0.77,0.59,0.7,0.54,1.06,1.07,FALSE,FALSE,FALSE,FALSE,NA,NA,FALSE,FALSE,TRUE,TRUE,FALSE,FALSE,FALSE,FALSE,FALSE,FALSE,FALSE,FALSE,FALSE,FALSE,FALSE,FALSE,FALSE,FALSE,TRUE,FALSE
1841,1.44,1.43,0.67,0.41,NA,NA,0.49,0.27,0.84,0.87,0.69,0.61,0.39,0.48,0.35,0.45,0.21,0.27,0.7,0.78,0.7,0.46,0.53,0.65,0.93,0.9,FALSE,FALSE,FALSE,FALSE,NA,NA,FALSE,FALSE,FALSE,FALSE,FALSE,FALSE,FALSE,FALSE,FALSE,FALSE,FALSE,FALSE,FALSE,FALSE,FALSE,FALSE,FALSE,FALSE,FALSE,FALSE
1842,0.88,0.95,0.3,0.26,NA,NA,0.2,0.09,0.66,0.44,0.23,0.26,0.22,0.18,0.19,0.18,0.08,0.22,0.4,0.54,0.3,0.16,0.43,0.34,0.57,0.64,FALSE,FALSE,FALSE,FALSE,NA,NA,FALSE,FALSE,FALSE,FALSE,FALSE,FALSE,FALSE,FALSE,FALSE,FALSE,FALSE,FALSE,FALSE,FALSE,FALSE,FALSE,FALSE,FALSE,FALSE,FALSE
1843,1.03,0.81,0.4,0.39,NA,NA,0.19,0.05,0.55,0.62,0.54,0.43,0.27,0.31,0.16,0.21,0.14,0.23,0.39,0.56,0.45,0.26,0.47,0.38,0.64,0.54,FALSE,FALSE,FALSE,FALSE,NA,NA,FALSE,FALSE,FALSE,FALSE,FALSE,FALSE,FALSE,FALSE,FALSE,FALSE,FALSE,FALSE,FALSE,FALSE,FALSE,FALSE,FALSE,FALSE,FALSE,FALSE
1844,1.43,1.23,0.68,0.46,NA,NA,0.39,0.22,0.8,0.87,0.64,0.58,0.45,0.41,0.21,0.17,0.19,0.24,0.55,0.65,0.65,0.37,0.39,0.43,0.76,0.82,FALSE,FALSE,FALSE,FALSE,NA,NA,FALSE,FALSE,FALSE,FALSE,FALSE,FALSE,FALSE,FALSE,FALSE,FALSE,FALSE,FALSE,FALSE,FALSE,FALSE,FALSE,FALSE,FALSE,FALSE,FALSE
1845,0.85,0.76,0.24,0.08,NA,NA,0,0,0.28,0.31,0.13,0.02,0.1,0,0,0,0,0,0.23,0.36,0.21,0,0.26,0.19,0.45,0.35,FALSE,FALSE,FALSE,FALSE,NA,NA,FALSE,FALSE,FALSE,FALSE,FALSE,FALSE,FALSE,FALSE,FALSE,FALSE,FALSE,FALSE,FALSE,FALSE,FALSE,FALSE,FALSE,FALSE,FALSE,FALSE
1846,1.13,1,0.63,0.38,NA,NA,0.36,0.25,0.44,0.56,0.51,0.62,0.44,0.39,0.21,0.24,0.21,0.29,0.51,0.71,0.59,0.42,0.29,0.47,0.64,0.66,FALSE,FALSE,FALSE,FALSE,NA,NA,FALSE,FALSE,FALSE,FALSE,FALSE,FALSE,FALSE,FALSE,FALSE,FALSE,FALSE,FALSE,FALSE,FALSE,FALSE,FALSE,FALSE,FALSE,FALSE,FALSE
1847,0.66,0.52,0,0.04,NA,NA,0,0,0,0,0.13,0.02,0,0.08,0,0,0,0,0.02,0.26,0,0,0.2,0,0.15,0,FALSE,FALSE,FALSE,FALSE,NA,NA,FALSE,FALSE,FALSE,FALSE,FALSE,FALSE,FALSE,FALSE,FALSE,FALSE,FALSE,FALSE,FALSE,FALSE,FALSE,FALSE,FALSE,FALSE,FALSE,FALSE
1848,0.9,0.91,0.5,0.32,NA,NA,0.22,0.18,0.34,0.39,0.52,0.53,0.28,0.41,0.14,0.19,0.26,0.24,0.43,0.71,0.52,0.33,0.28,0.42,0.49,0.41,FALSE,FALSE,FALSE,FALSE,NA,NA,FALSE,FALSE,FALSE,FALSE,FALSE,FALSE,FALSE,FALSE,FALSE,FALSE,FALSE,FALSE,FALSE,FALSE,FALSE,FALSE,FALSE,FALSE,FALSE,FALSE
1849,1.42,1.59,0.66,0.48,NA,NA,0.55,0.42,0.63,0.81,1.06,1.12,0.68,1.03,0.32,0.29,0.35,0.54,0.77,1.16,1.02,0.67,0.52,0.76,0.81,0.76,FALSE,FALSE,FALSE,FALSE,NA,NA,FALSE,FALSE,FALSE,FALSE,FALSE,TRUE,FALSE,FALSE,FALSE,FALSE,FALSE,FALSE,FALSE,TRUE,FALSE,FALSE,FALSE,FALSE,FALSE,FALSE
1850,1.18,1.48,0.48,0.51,NA,NA,0.36,0.47,0.57,0.61,0.64,0.84,0.42,0.74,NA,NA,0.26,0.46,0.7,0.99,0.61,0.53,0.37,0.63,0.64,0.71,FALSE,FALSE,FALSE,FALSE,NA,NA,FALSE,FALSE,FALSE,FALSE,FALSE,FALSE,FALSE,FALSE,NA,NA,FALSE,FALSE,FALSE,FALSE,FALSE,FALSE,FALSE,FALSE,FALSE,FALSE
1851,0.88,1.08,0.4,0.24,NA,NA,0.24,0.18,0.43,0.36,0.37,0.42,0.21,0.34,NA,NA,0.18,0.22,0.37,0.49,0.26,0.28,0.32,0.32,0.45,0.38,FALSE,FALSE,FALSE,FALSE,NA,NA,FALSE,FALSE,FALSE,FALSE,FALSE,FALSE,FALSE,FALSE,NA,NA,FALSE,FALSE,FALSE,FALSE,FALSE,FALSE,FALSE,FALSE,FALSE,FALSE
1852,1.17,1.34,0.56,0.39,NA,NA,0.28,0.26,0.47,0.53,0.49,0.59,0.47,0.71,NA,NA,0.21,0.3,0.58,0.8,0.48,0.47,0.35,0.53,0.62,0.63,FALSE,FALSE,FALSE,FALSE,NA,NA,FALSE,FALSE,FALSE,FALSE,FALSE,FALSE,FALSE,FALSE,NA,NA,FALSE,FALSE,FALSE,FALSE,FALSE,FALSE,FALSE,FALSE,FALSE,FALSE
1853,0.81,0.82,0.38,0.35,NA,NA,0.32,0.24,0.57,0.31,0.46,0.31,0.12,0.36,NA,NA,0.15,0.23,0.41,0.64,0.19,0.21,0.25,0.3,0.35,0.34,FALSE,FALSE,FALSE,FALSE,NA,NA,FALSE,FALSE,FALSE,FALSE,FALSE,FALSE,FALSE,FALSE,NA,NA,FALSE,FALSE,FALSE,FALSE,FALSE,FALSE,FALSE,FALSE,FALSE,FALSE
1854,0.78,1.11,0.46,0.28,NA,NA,0.26,0.22,0.46,0.39,0.72,0.19,0.29,0.5,NA,NA,0.13,0.21,0.36,0.48,0.29,0.29,0.11,0.35,0.31,0.37,FALSE,FALSE,FALSE,FALSE,NA,NA,FALSE,FALSE,FALSE,FALSE,FALSE,FALSE,FALSE,FALSE,NA,NA,FALSE,FALSE,FALSE,FALSE,FALSE,FALSE,FALSE,FALSE,FALSE,FALSE
1855,0.54,0.72,0.34,0.29,NA,NA,0.29,0.18,0.49,0.43,0.42,0.42,0.11,0.3,NA,NA,0.15,0.27,0.38,0.63,0.19,0.31,0.28,0.46,0.42,0.54,FALSE,FALSE,FALSE,FALSE,NA,NA,FALSE,FALSE,FALSE,FALSE,FALSE,FALSE,FALSE,FALSE,NA,NA,FALSE,FALSE,FALSE,FALSE,FALSE,FALSE,FALSE,FALSE,FALSE,FALSE
1856,0.8,0.87,0.31,0.41,NA,NA,0.34,0.2,0.54,0.55,0.65,0.46,0.37,0.39,NA,NA,0.15,0.24,0.57,0.66,0.36,0.31,0.36,0.5,0.47,0.53,FALSE,FALSE,FALSE,FALSE,NA,NA,FALSE,FALSE,FALSE,FALSE,FALSE,FALSE,FALSE,FALSE,NA,NA,FALSE,FALSE,FALSE,FALSE,FALSE,FALSE,FALSE,FALSE,FALSE,FALSE
1857,0.56,0.64,0.18,0.12,NA,NA,0.21,0,0.42,0.28,0.25,0.15,0.24,0.2,NA,NA,0.14,0.11,0.41,0.52,0.12,0.18,0.21,0.45,0.28,0.32,FALSE,FALSE,FALSE,FALSE,NA,NA,FALSE,FALSE,FALSE,FALSE,FALSE,FALSE,FALSE,FALSE,NA,NA,FALSE,FALSE,FALSE,FALSE,FALSE,FALSE,FALSE,FALSE,FALSE,FALSE
1858,0.61,1.06,0.41,0.47,NA,NA,0.34,0.12,0.47,0.32,0.5,0.42,0.24,0.36,NA,NA,0.14,0.18,0.42,0.45,0.2,0.37,0.27,0.38,0.35,0.38,FALSE,FALSE,FALSE,FALSE,NA,NA,FALSE,FALSE,FALSE,FALSE,FALSE,FALSE,FALSE,FALSE,NA,NA,FALSE,FALSE,FALSE,FALSE,FALSE,FALSE,FALSE,FALSE,FALSE,FALSE
1859,0.58,1.04,0.3,0.2,NA,NA,0.22,0.07,0.43,0.27,0.56,0.35,0.34,0.51,NA,NA,0.08,0.17,0.39,0.39,0.17,0.42,0.25,0.33,0.33,0.2,FALSE,FALSE,FALSE,FALSE,NA,NA,FALSE,FALSE,FALSE,FALSE,FALSE,FALSE,FALSE,FALSE,NA,NA,FALSE,FALSE,FALSE,FALSE,FALSE,FALSE,FALSE,FALSE,FALSE,FALSE
1860,0.4,0.89,0.26,0.19,NA,NA,0.2,0.01,0.23,0.19,0.32,0.34,0.08,0.28,NA,NA,0.09,0.13,0.35,0.32,0.02,0.29,0.13,0.28,0.22,0.32,FALSE,FALSE,FALSE,FALSE,NA,NA,FALSE,FALSE,FALSE,FALSE,FALSE,FALSE,FALSE,FALSE,NA,NA,FALSE,FALSE,FALSE,FALSE,FALSE,FALSE,FALSE,FALSE,FALSE,FALSE
1861,0.08,0.27,0,0,NA,NA,0,0,0,0,0,0,0,0,NA,NA,0,0,0,0,0,0,0,0,0,0,FALSE,FALSE,FALSE,FALSE,NA,NA,FALSE,FALSE,FALSE,FALSE,FALSE,FALSE,FALSE,FALSE,NA,NA,FALSE,FALSE,FALSE,FALSE,FALSE,FALSE,FALSE,FALSE,FALSE,FALSE
1862,0.78,0.97,0.6,0.45,NA,NA,0.46,0.41,0.6,0.47,0.74,0.59,0.57,0.59,NA,NA,0.28,0.35,0.6,0.64,0.48,0.49,0.36,0.7,0.34,0.56,FALSE,FALSE,FALSE,FALSE,NA,NA,FALSE,FALSE,FALSE,FALSE,FALSE,FALSE,FALSE,FALSE,NA,NA,FALSE,FALSE,FALSE,FALSE,FALSE,FALSE,FALSE,FALSE,FALSE,FALSE
1863,0.85,1.06,0.31,0.33,NA,NA,0.4,0.21,0.43,0.26,0.51,0.21,0.18,0.41,NA,NA,0.16,0.2,0.67,0.55,0.3,0.41,0.25,0.36,0.32,0.42,FALSE,FALSE,FALSE,FALSE,NA,NA,FALSE,FALSE,FALSE,FALSE,FALSE,FALSE,FALSE,FALSE,NA,NA,FALSE,FALSE,FALSE,FALSE,FALSE,FALSE,FALSE,FALSE,FALSE,FALSE
1864,0.54,0.82,0.13,0,NA,NA,0.1,0.05,0.09,0,0,0,0,0,NA,NA,0.03,0,0.2,0.02,0,0,0,0.07,0.22,0.14,FALSE,FALSE,FALSE,FALSE,NA,NA,FALSE,FALSE,FALSE,FALSE,FALSE,FALSE,FALSE,FALSE,NA,NA,FALSE,FALSE,FALSE,FALSE,FALSE,FALSE,FALSE,FALSE,FALSE,FALSE
1865,0.88,1.03,0.54,0.43,NA,NA,0.32,0.24,0.36,0.11,0.49,0.35,0.26,0.41,NA,NA,0.05,0.19,0.3,0.3,0.28,0.3,0.33,0.26,0.23,0.32,FALSE,FALSE,FALSE,FALSE,NA,NA,FALSE,FALSE,FALSE,FALSE,FALSE,FALSE,FALSE,FALSE,NA,NA,FALSE,FALSE,FALSE,FALSE,FALSE,FALSE,FALSE,FALSE,FALSE,FALSE
1866,1.13,1.54,0.6,0.56,NA,NA,0.46,0.43,0.68,0.26,0.5,0.43,0.33,0.58,NA,NA,0.21,0.21,0.55,0.42,0.44,0.55,0.36,0.5,0.74,0.66,FALSE,FALSE,FALSE,FALSE,NA,NA,FALSE,FALSE,FALSE,FALSE,FALSE,FALSE,FALSE,FALSE,NA,NA,FALSE,FALSE,FALSE,FALSE,FALSE,FALSE,FALSE,FALSE,FALSE,FALSE
1867,1.23,1.42,0.53,0.42,NA,NA,0.39,0.28,0.57,0.29,0.47,0.35,0.26,0.42,NA,NA,0.2,0.21,0.47,0.38,0.38,0.42,0.35,0.4,0.46,0.64,FALSE,FALSE,FALSE,FALSE,NA,NA,FALSE,FALSE,FALSE,FALSE,FALSE,FALSE,FALSE,FALSE,NA,NA,FALSE,FALSE,FALSE,FALSE,FALSE,FALSE,FALSE,FALSE,FALSE,FALSE
1868,1.15,1.41,0.51,0.45,NA,NA,0.53,0.35,0.66,0.32,0.57,0.53,0.31,0.43,NA,NA,0.18,0.25,0.67,0.33,0.45,0.64,0.33,0.48,0.6,0.77,FALSE,FALSE,FALSE,FALSE,NA,NA,FALSE,FALSE,FALSE,FALSE,FALSE,FALSE,FALSE,FALSE,NA,NA,FALSE,FALSE,FALSE,FALSE,FALSE,FALSE,FALSE,FALSE,FALSE,FALSE
1869,1.03,1.35,0.68,0.48,NA,NA,0.61,0.3,0.52,0.28,0.42,0.39,0.24,0.35,NA,NA,0.23,0.25,0.73,0.43,0.44,0.44,0.38,0.46,0.65,0.69,FALSE,FALSE,FALSE,FALSE,NA,NA,FALSE,FALSE,FALSE,FALSE,FALSE,FALSE,FALSE,FALSE,NA,NA,FALSE,FALSE,FALSE,FALSE,FALSE,FALSE,FALSE,FALSE,FALSE,FALSE
1870,0.64,0.82,0.24,0.17,NA,NA,0.15,0.02,0.35,0.21,0.17,0,0.02,0.07,NA,NA,0.02,0.01,0.22,0,0,0.09,0.05,0.17,0.28,0.35,FALSE,FALSE,FALSE,FALSE,NA,NA,FALSE,FALSE,FALSE,FALSE,FALSE,FALSE,FALSE,FALSE,NA,NA,FALSE,FALSE,FALSE,FALSE,FALSE,FALSE,FALSE,FALSE,FALSE,FALSE
1871,0.35,0.59,0.26,0.18,NA,NA,0.17,0.08,0.16,0,0.33,0.2,0.16,0.23,NA,NA,0.07,0.14,0.24,0.02,0.04,0.3,0.29,0.3,0.29,0.37,FALSE,FALSE,FALSE,FALSE,NA,NA,FALSE,FALSE,FALSE,FALSE,FALSE,FALSE,FALSE,FALSE,NA,NA,FALSE,FALSE,FALSE,FALSE,FALSE,FALSE,FALSE,FALSE,FALSE,FALSE
1872,0.65,0.91,0.32,0.28,NA,NA,0.2,0.17,0.3,0.26,0.57,0.4,0.25,0.3,NA,NA,0.2,0.17,0.48,0.31,0.21,0.31,0.31,0.27,0.4,0.44,FALSE,FALSE,FALSE,FALSE,NA,NA,FALSE,FALSE,FALSE,FALSE,FALSE,FALSE,FALSE,FALSE,NA,NA,FALSE,FALSE,FALSE,FALSE,FALSE,FALSE,FALSE,FALSE,FALSE,FALSE
1873,0.53,0.79,0.31,0.19,NA,NA,0.2,0.14,0.26,0.19,0.43,0.29,0.13,0.17,NA,NA,0.1,0.11,0.4,0.23,0.17,0.2,0.23,0.24,0.27,0.42,FALSE,FALSE,FALSE,FALSE,NA,NA,FALSE,FALSE,FALSE,FALSE,FALSE,FALSE,FALSE,FALSE,NA,NA,FALSE,FALSE,FALSE,FALSE,FALSE,FALSE,FALSE,FALSE,FALSE,FALSE
1874,0.7,0.92,0.32,0.29,NA,NA,0.34,0.26,0.45,0.43,0.45,0.37,0.3,0.25,NA,NA,0.15,0.12,0.34,0.17,0.24,0.2,0.21,0.41,0.37,0.52,FALSE,FALSE,FALSE,FALSE,NA,NA,FALSE,FALSE,FALSE,FALSE,FALSE,FALSE,FALSE,FALSE,NA,NA,FALSE,FALSE,FALSE,FALSE,FALSE,FALSE,FALSE,FALSE,FALSE,FALSE
1875,0.72,0.88,0.31,0.22,NA,NA,0.27,0.13,0.23,0.23,0.47,0.28,0.19,0.26,NA,NA,0.15,0.16,0.58,0.22,0.11,0.23,0.36,0.33,0.33,0.51,FALSE,FALSE,FALSE,FALSE,NA,NA,FALSE,FALSE,FALSE,FALSE,FALSE,FALSE,FALSE,FALSE,NA,NA,FALSE,FALSE,FALSE,FALSE,FALSE,FALSE,FALSE,FALSE,FALSE,FALSE
1876,0.72,1.25,0.28,0.22,NA,NA,0.15,0.1,0.18,0.22,0.28,0.29,0.23,0.21,NA,NA,0.14,0.1,0.38,0.27,0.2,0.28,0.28,0.3,0.3,0.26,FALSE,FALSE,FALSE,FALSE,NA,NA,FALSE,FALSE,FALSE,FALSE,FALSE,FALSE,FALSE,FALSE,NA,NA,FALSE,FALSE,FALSE,FALSE,FALSE,FALSE,FALSE,FALSE,FALSE,FALSE
1877,0.82,1.11,0.33,0.3,NA,NA,0.24,0.21,0.3,0.4,0.49,0.26,0.2,0.29,NA,NA,0.18,0.17,0.64,0.39,0.32,0.35,0.28,0.41,0.44,0.61,FALSE,FALSE,FALSE,FALSE,NA,NA,FALSE,FALSE,FALSE,FALSE,FALSE,FALSE,FALSE,FALSE,NA,NA,FALSE,FALSE,FALSE,FALSE,FALSE,FALSE,FALSE,FALSE,FALSE,FALSE
1878,0.73,1.01,0.38,0.19,NA,NA,0.32,0.23,0.33,0.43,0.57,0.32,0.21,0.38,NA,NA,0.17,0.27,0.43,0.22,0.17,0.35,0.37,0.35,0.48,0.42,FALSE,FALSE,FALSE,FALSE,NA,NA,FALSE,FALSE,FALSE,FALSE,FALSE,FALSE,FALSE,FALSE,NA,NA,FALSE,FALSE,FALSE,FALSE,FALSE,FALSE,FALSE,FALSE,FALSE,FALSE
1879,0,0.26,0,0,NA,NA,0,0,0,0,0,0,0,0,NA,NA,0,0,0,0,0,0,0.19,0.06,0,0,FALSE,FALSE,FALSE,FALSE,NA,NA,FALSE,FALSE,FALSE,FALSE,FALSE,FALSE,FALSE,FALSE,NA,NA,FALSE,FALSE,FALSE,FALSE,FALSE,FALSE,FALSE,FALSE,FALSE,FALSE
1880,0.3,0.48,0.27,0.09,NA,NA,0.15,0.07,0.21,0.12,0.37,0.12,0.14,0.06,NA,NA,0.05,0.19,0.31,0.02,0.1,0.15,0.19,0.25,0.17,0.19,FALSE,FALSE,FALSE,FALSE,NA,NA,FALSE,FALSE,FALSE,FALSE,FALSE,FALSE,FALSE,FALSE,NA,NA,FALSE,FALSE,FALSE,FALSE,FALSE,FALSE,FALSE,FALSE,FALSE,FALSE
1881,0.55,0.72,0.33,0.17,NA,NA,0.16,0.05,0.27,0.28,0.52,0.23,0.29,0.38,NA,NA,0.09,0.18,0.55,0.14,0.13,0.21,0.32,0.38,0.22,0.34,FALSE,FALSE,FALSE,FALSE,NA,NA,FALSE,FALSE,FALSE,FALSE,FALSE,FALSE,FALSE,FALSE,NA,NA,FALSE,FALSE,FALSE,FALSE,FALSE,FALSE,FALSE,FALSE,FALSE,FALSE
1882,0.1,0.16,0,0,NA,NA,0,0,0,0,0.22,0,0,0,NA,NA,0,0.01,0.16,0,0,0,0,0.11,0.05,0,FALSE,FALSE,FALSE,FALSE,NA,NA,FALSE,FALSE,FALSE,FALSE,FALSE,FALSE,FALSE,FALSE,NA,NA,FALSE,FALSE,FALSE,FALSE,FALSE,FALSE,FALSE,FALSE,FALSE,FALSE
1883,0.39,0.54,0.19,0.01,NA,NA,0.23,0.11,0.32,0.14,0.45,0.23,0.16,0.17,NA,NA,0.1,0.2,0.41,0.11,0.09,0.11,0.34,0.33,0.23,0.11,FALSE,FALSE,FALSE,FALSE,NA,NA,FALSE,FALSE,FALSE,FALSE,FALSE,FALSE,FALSE,FALSE,NA,NA,FALSE,FALSE,FALSE,FALSE,FALSE,FALSE,FALSE,FALSE,FALSE,FALSE
1884,0.62,0.71,0.51,0.13,NA,NA,0.28,0.42,0.5,0.35,0.66,0.48,0.33,0.52,NA,NA,0.26,0.34,0.62,0.3,0.28,0.38,0.36,0.48,0.4,0.47,FALSE,FALSE,FALSE,FALSE,NA,NA,FALSE,FALSE,FALSE,FALSE,FALSE,FALSE,FALSE,FALSE,NA,NA,FALSE,FALSE,FALSE,FALSE,FALSE,FALSE,FALSE,FALSE,FALSE,FALSE
1885,0.92,0.96,0.47,0.21,NA,NA,0.3,0.23,0.7,0.42,0.85,0.62,0.32,0.53,NA,NA,0.22,0.43,0.72,0.3,0.43,0.58,0.68,0.64,0.57,0.56,FALSE,FALSE,FALSE,FALSE,NA,NA,FALSE,FALSE,FALSE,FALSE,FALSE,FALSE,FALSE,FALSE,NA,NA,FALSE,FALSE,FALSE,FALSE,FALSE,FALSE,FALSE,FALSE,FALSE,FALSE
1886,0.88,1.03,0.51,0.22,NA,NA,0.33,0.23,0.6,0.35,0.69,0.37,0.32,0.42,NA,NA,0.23,0.33,0.79,0.42,0.26,0.55,0.76,0.45,0.46,0.39,FALSE,FALSE,FALSE,FALSE,NA,NA,FALSE,FALSE,FALSE,FALSE,FALSE,FALSE,FALSE,FALSE,NA,NA,FALSE,FALSE,FALSE,FALSE,FALSE,FALSE,FALSE,FALSE,FALSE,FALSE
1887,0.55,0.69,0.31,0.11,NA,NA,0,0,0.26,0.13,0.19,0.07,0,0,NA,NA,0,0,0.43,0.09,0,0.18,0.43,0.37,0.26,0.23,FALSE,FALSE,FALSE,FALSE,NA,NA,FALSE,FALSE,FALSE,FALSE,FALSE,FALSE,FALSE,FALSE,NA,NA,FALSE,FALSE,FALSE,FALSE,FALSE,FALSE,FALSE,FALSE,FALSE,FALSE
1888,0.87,0.87,0.4,0.26,NA,NA,0.26,0.17,0.41,0.36,0.48,0.35,0.35,0.41,NA,NA,0.15,0.32,0.78,0.29,0.31,0.44,0.73,0.38,0.26,0.32,FALSE,FALSE,FALSE,FALSE,NA,NA,FALSE,FALSE,FALSE,FALSE,FALSE,FALSE,FALSE,FALSE,NA,NA,FALSE,FALSE,FALSE,FALSE,FALSE,FALSE,FALSE,FALSE,FALSE,FALSE
1889,0.84,0.93,0.44,0.29,NA,NA,0.27,0.3,0.54,0.44,0.76,0.43,0.42,0.48,NA,NA,0.28,0.47,0.92,0.27,0.33,0.65,1.12,0.47,0.33,0.31,FALSE,FALSE,FALSE,FALSE,NA,NA,FALSE,FALSE,FALSE,FALSE,FALSE,FALSE,FALSE,FALSE,NA,NA,FALSE,FALSE,FALSE,FALSE,FALSE,FALSE,FALSE,FALSE,FALSE,FALSE
1890,1.12,1.24,0.46,0.23,NA,NA,0.35,0.35,0.61,0.54,0.54,0.3,0.43,0.47,NA,NA,0.18,0.45,0.67,0.31,0.51,0.8,0.57,0.55,0.44,0.6,FALSE,FALSE,FALSE,FALSE,NA,NA,FALSE,FALSE,FALSE,FALSE,FALSE,FALSE,FALSE,FALSE,NA,NA,FALSE,FALSE,FALSE,FALSE,FALSE,FALSE,FALSE,FALSE,FALSE,FALSE
1891,0.83,0.84,0.4,0.3,NA,NA,0.22,0.2,0.47,0.37,0.46,0.48,0.28,0.27,NA,NA,0.23,0.36,0.67,0.41,0.41,0.71,0.54,0.47,0.34,0.49,FALSE,FALSE,FALSE,FALSE,NA,NA,FALSE,FALSE,FALSE,FALSE,FALSE,FALSE,FALSE,FALSE,NA,NA,FALSE,FALSE,FALSE,FALSE,FALSE,FALSE,FALSE,FALSE,FALSE,FALSE
1892,0.88,0.96,0.6,0.54,NA,NA,0.15,0.22,0.52,0.51,0.48,0.39,0.36,0.35,NA,NA,0.2,0.31,0.73,0.35,0.48,0.71,0.89,0.55,0.44,0.55,FALSE,FALSE,FALSE,FALSE,NA,NA,FALSE,FALSE,FALSE,FALSE,FALSE,FALSE,FALSE,FALSE,NA,NA,FALSE,FALSE,FALSE,FALSE,FALSE,FALSE,FALSE,FALSE,FALSE,FALSE
1893,0.52,0.57,0.42,0.23,NA,NA,0.14,0.2,0.3,0.29,0.25,0.19,0.19,0.2,NA,NA,0.15,0.14,0.46,0.25,0.35,0.55,0.35,0.35,0.24,0.4,FALSE,FALSE,FALSE,FALSE,NA,NA,FALSE,FALSE,FALSE,FALSE,FALSE,FALSE,FALSE,FALSE,NA,NA,FALSE,FALSE,FALSE,FALSE,FALSE,FALSE,FALSE,FALSE,FALSE,FALSE
1894,0.59,0.62,0.23,0.25,NA,NA,0.07,0.14,0.19,0.24,0.38,0.18,0.22,0.15,NA,NA,0.1,0.14,0.46,0.25,0.23,0.22,0.32,0.28,0.21,0.33,FALSE,FALSE,FALSE,FALSE,NA,NA,FALSE,FALSE,FALSE,FALSE,FALSE,FALSE,FALSE,FALSE,NA,NA,FALSE,FALSE,FALSE,FALSE,FALSE,FALSE,FALSE,FALSE,FALSE,FALSE
1895,0.85,0.69,0.35,0.36,NA,NA,0.12,0.25,0.43,0.34,0.41,0.41,0.34,0.35,NA,NA,0.22,0.28,0.63,0.36,0.54,0.5,0.3,0.37,0.28,0.38,FALSE,FALSE,FALSE,FALSE,NA,NA,FALSE,FALSE,FALSE,FALSE,FALSE,FALSE,FALSE,FALSE,NA,NA,FALSE,FALSE,FALSE,FALSE,FALSE,FALSE,FALSE,FALSE,FALSE,FALSE
1896,0.19,0.21,0,0,NA,NA,0,0,0,0,0,0,0,0,NA,NA,0,0,0.19,0,0,0,0.03,0,0.09,0,FALSE,FALSE,FALSE,FALSE,NA,NA,FALSE,FALSE,FALSE,FALSE,FALSE,FALSE,FALSE,FALSE,NA,NA,FALSE,FALSE,FALSE,FALSE,FALSE,FALSE,FALSE,FALSE,FALSE,FALSE
1897,0.65,0.83,0.56,0.21,NA,NA,0.16,0.27,0.39,0.4,0.39,0.38,0.42,0.33,NA,NA,0.16,0.3,0.55,0.37,0.49,0.49,0.27,0.47,0.33,0.62,FALSE,FALSE,FALSE,FALSE,NA,NA,FALSE,FALSE,FALSE,FALSE,FALSE,FALSE,FALSE,FALSE,NA,NA,FALSE,FALSE,FALSE,FALSE,FALSE,FALSE,FALSE,FALSE,FALSE,FALSE
1898,0.74,0.73,0.45,0.23,NA,NA,0.14,0.18,0.64,0.35,0.39,0.36,0.28,0.34,NA,NA,0.15,0.18,0.51,0.3,0.42,0.27,0.41,0.43,0.39,0.65,FALSE,FALSE,FALSE,FALSE,NA,NA,FALSE,FALSE,FALSE,FALSE,FALSE,FALSE,FALSE,FALSE,NA,NA,FALSE,FALSE,FALSE,FALSE,FALSE,FALSE,FALSE,FALSE,FALSE,FALSE
1899,0,0.01,0,0,NA,NA,0,0,0,0,0,0,0,0,NA,NA,0,0,0,0,0,0,0,0.01,0,0,FALSE,FALSE,FALSE,FALSE,NA,NA,FALSE,FALSE,FALSE,FALSE,FALSE,FALSE,FALSE,FALSE,NA,NA,FALSE,FALSE,FALSE,FALSE,FALSE,FALSE,FALSE,FALSE,FALSE,FALSE
1900,0.39,0.42,0.33,0.04,NA,NA,0.1,0.09,0.26,0.2,0.27,0.21,0.1,0.19,NA,NA,0.13,0.05,0.28,0.2,0.14,0.15,0.15,0.13,0.13,0.29,FALSE,FALSE,FALSE,FALSE,NA,NA,FALSE,FALSE,FALSE,FALSE,FALSE,FALSE,FALSE,FALSE,NA,NA,FALSE,FALSE,FALSE,FALSE,FALSE,FALSE,FALSE,FALSE,FALSE,FALSE
1901,0.36,0.46,0.18,0.12,NA,NA,0.13,0.09,0.22,0.21,0.22,0.25,0.24,0.16,NA,NA,0.21,0.17,0.32,0.19,0.21,0.16,0.23,0.22,0.29,0.36,FALSE,FALSE,FALSE,FALSE,NA,NA,FALSE,FALSE,FALSE,FALSE,FALSE,FALSE,FALSE,FALSE,NA,NA,FALSE,FALSE,FALSE,FALSE,FALSE,FALSE,FALSE,FALSE,FALSE,FALSE
1902,0.21,0.19,0.13,0.02,NA,NA,0,0,0.13,0,0,0,0,0,NA,NA,0,0,0.14,0,0,0,0,0,0,0.05,FALSE,FALSE,FALSE,FALSE,NA,NA,FALSE,FALSE,FALSE,FALSE,FALSE,FALSE,FALSE,FALSE,NA,NA,FALSE,FALSE,FALSE,FALSE,FALSE,FALSE,FALSE,FALSE,FALSE,FALSE
1903,0.79,0.54,0.49,0.3,NA,NA,0.38,0.38,0.41,0.25,0.51,0.43,0.32,0.37,NA,NA,1.5,0.25,0.4,0.37,0.38,0.37,0.36,0.31,0.28,0.49,FALSE,FALSE,FALSE,FALSE,NA,NA,FALSE,FALSE,FALSE,FALSE,FALSE,FALSE,FALSE,FALSE,NA,NA,TRUE,FALSE,FALSE,FALSE,FALSE,FALSE,FALSE,FALSE,FALSE,FALSE
1904,0.26,0.21,0,0,NA,NA,0,0,0.24,0.08,0,0.11,0.01,0.01,NA,NA,0,0,0.3,0.14,0,0,0.11,0.08,0.18,0.11,FALSE,FALSE,FALSE,FALSE,NA,NA,FALSE,FALSE,FALSE,FALSE,FALSE,FALSE,FALSE,FALSE,NA,NA,FALSE,FALSE,FALSE,FALSE,FALSE,FALSE,FALSE,FALSE,FALSE,FALSE
1905,0.58,0.81,0.53,0.31,NA,NA,0.2,0.31,0.68,0.5,0.49,0.6,0.37,0.69,NA,NA,0.2,0.28,0.32,0.3,0.37,0.4,0.31,0.35,0.53,0.54,FALSE,FALSE,FALSE,FALSE,NA,NA,FALSE,FALSE,FALSE,FALSE,FALSE,FALSE,FALSE,FALSE,NA,NA,FALSE,FALSE,FALSE,FALSE,FALSE,FALSE,FALSE,FALSE,FALSE,FALSE
1906,0.77,0.86,0.59,0.35,NA,NA,0.24,0.27,0.76,0.61,0.37,0.51,0.42,0.42,NA,NA,0.15,0.19,0.56,0.47,0.42,0.48,0.92,0.22,0.42,0.59,FALSE,FALSE,FALSE,FALSE,NA,NA,FALSE,FALSE,FALSE,FALSE,FALSE,FALSE,FALSE,FALSE,NA,NA,FALSE,FALSE,FALSE,FALSE,FALSE,FALSE,FALSE,FALSE,FALSE,FALSE
1907,1,1.13,0.63,0.3,NA,NA,0.19,0.25,0.77,0.58,0.48,0.53,0.31,0.56,NA,NA,0.27,0.23,0.67,0.52,0.48,0.53,1.18,0.41,0.69,0.7,FALSE,FALSE,FALSE,FALSE,NA,NA,FALSE,FALSE,FALSE,FALSE,FALSE,FALSE,FALSE,FALSE,NA,NA,FALSE,FALSE,FALSE,FALSE,FALSE,FALSE,FALSE,FALSE,FALSE,FALSE
1908,0.95,1.36,0.57,0.37,NA,NA,0.17,0.2,0.74,0.58,0.53,0.61,0.38,0.51,NA,NA,0.2,0.24,0.63,0.68,0.49,0.5,1.24,0.41,0.69,0.77,FALSE,FALSE,FALSE,FALSE,NA,NA,FALSE,FALSE,FALSE,FALSE,FALSE,FALSE,FALSE,FALSE,NA,NA,FALSE,FALSE,FALSE,FALSE,FALSE,FALSE,TRUE,FALSE,FALSE,FALSE
1909,0.94,1.09,0.49,0.21,NA,NA,0.27,0.2,0.48,0.41,0.4,0.65,0.53,0.54,NA,NA,0.13,0.24,0.66,0.58,0.49,0.59,0.79,0.3,0.56,0.72,FALSE,FALSE,FALSE,FALSE,NA,NA,FALSE,FALSE,FALSE,FALSE,FALSE,FALSE,FALSE,FALSE,NA,NA,FALSE,FALSE,FALSE,FALSE,FALSE,FALSE,FALSE,FALSE,FALSE,FALSE
1910,0.68,0.69,0.48,0.2,NA,NA,0.07,0,0.32,0.26,0.33,0.34,0.14,0.22,NA,NA,0.12,0.24,0.51,0.51,0.44,0.66,0.46,0.26,0.46,0.43,FALSE,FALSE,FALSE,FALSE,NA,NA,FALSE,FALSE,FALSE,FALSE,FALSE,FALSE,FALSE,FALSE,NA,NA,FALSE,FALSE,FALSE,FALSE,FALSE,FALSE,FALSE,FALSE,FALSE,FALSE
1911,0.84,1.03,0.41,0.22,NA,NA,0.14,0.12,0.35,0.32,0.56,0.49,0.5,0.39,NA,NA,0.22,0.19,0.52,0.57,0.54,0.57,0.8,0.35,0.56,0.7,FALSE,FALSE,FALSE,FALSE,NA,NA,FALSE,FALSE,FALSE,FALSE,FALSE,FALSE,FALSE,FALSE,NA,NA,FALSE,FALSE,FALSE,FALSE,FALSE,FALSE,FALSE,FALSE,FALSE,FALSE
1912,0.97,0.98,0.66,0.32,NA,NA,0.32,0.18,0.53,0.4,0.59,0.44,0.54,0.52,NA,NA,0.19,0.25,0.63,0.72,0.61,0.62,0.84,0.31,0.6,0.76,FALSE,FALSE,FALSE,FALSE,NA,NA,FALSE,FALSE,FALSE,FALSE,FALSE,FALSE,FALSE,FALSE,NA,NA,FALSE,FALSE,FALSE,FALSE,FALSE,FALSE,FALSE,FALSE,FALSE,FALSE
1913,0.6,0.65,0.55,0.29,NA,NA,0.22,0.23,0.5,0.3,0.54,0.61,0.7,0.84,NA,NA,0.19,0.35,0.64,0.66,0.54,0.66,0.53,0.34,0.38,0.63,FALSE,FALSE,FALSE,FALSE,NA,NA,FALSE,FALSE,FALSE,FALSE,FALSE,FALSE,FALSE,FALSE,NA,NA,FALSE,FALSE,FALSE,FALSE,FALSE,FALSE,FALSE,FALSE,FALSE,FALSE
1914,0.93,0.81,0.5,0.29,NA,NA,0.24,0.27,0.61,0.5,0.75,0.59,0.59,0.81,NA,NA,0.11,0.26,0.62,0.88,0.56,0.49,0.45,0.39,0.67,1,FALSE,FALSE,FALSE,FALSE,NA,NA,FALSE,FALSE,FALSE,FALSE,FALSE,FALSE,FALSE,FALSE,NA,NA,FALSE,FALSE,FALSE,FALSE,FALSE,FALSE,FALSE,FALSE,FALSE,FALSE
1915,0.78,0.76,0.47,0.29,NA,NA,0.37,0.31,0.55,0.47,0.48,0.37,0.41,0.39,NA,NA,0.15,0.2,0.53,0.66,0.44,0.51,0.58,0.38,0.54,0.92,FALSE,FALSE,FALSE,FALSE,NA,NA,FALSE,FALSE,FALSE,FALSE,FALSE,FALSE,FALSE,FALSE,NA,NA,FALSE,FALSE,FALSE,FALSE,FALSE,FALSE,FALSE,FALSE,FALSE,FALSE
1916,0.85,0.89,0.47,0.17,NA,NA,0.46,0.3,0.56,0.44,0.5,0.62,0.37,0.48,NA,NA,0.25,0.28,0.56,0.56,0.38,0.5,0.62,0.36,0.64,0.96,FALSE,FALSE,FALSE,FALSE,NA,NA,FALSE,FALSE,FALSE,FALSE,FALSE,FALSE,FALSE,FALSE,NA,NA,FALSE,FALSE,FALSE,FALSE,FALSE,FALSE,FALSE,FALSE,FALSE,FALSE
1917,0.8,0.87,0.43,0.21,NA,NA,0.3,0.24,0.6,0.29,0.51,0.61,0.43,0.43,NA,NA,0.11,0.16,0.41,0.74,0.41,0.39,0.54,0.33,0.61,0.63,FALSE,FALSE,FALSE,FALSE,NA,NA,FALSE,FALSE,FALSE,FALSE,FALSE,FALSE,FALSE,FALSE,NA,NA,FALSE,FALSE,FALSE,FALSE,FALSE,FALSE,FALSE,FALSE,FALSE,FALSE
1918,0.75,0.71,0.28,0.03,NA,NA,0.25,0,0.35,0.29,0.3,0.15,0.17,0.3,NA,NA,0,0.21,0.42,0.47,0.34,0.42,0.37,0.28,0.35,0.46,FALSE,FALSE,FALSE,FALSE,NA,NA,FALSE,FALSE,FALSE,FALSE,FALSE,FALSE,FALSE,FALSE,NA,NA,FALSE,FALSE,FALSE,FALSE,FALSE,FALSE,FALSE,FALSE,FALSE,FALSE
1919,0.91,0.91,0.44,0.18,NA,NA,0.33,0.26,0.74,0.45,0.52,0.47,0.5,0.53,NA,NA,0.22,0.33,0.6,0.62,0.51,0.78,0.42,0.38,0.66,0.74,FALSE,FALSE,FALSE,FALSE,NA,NA,FALSE,FALSE,FALSE,FALSE,FALSE,FALSE,FALSE,FALSE,NA,NA,FALSE,FALSE,FALSE,FALSE,FALSE,FALSE,FALSE,FALSE,FALSE,FALSE
1920,0.88,0.79,0.81,0.29,NA,NA,0.39,0.3,0.76,0.45,0.6,0.56,0.52,0.71,NA,NA,0.26,0.37,0.71,0.77,0.7,1.01,0.58,0.61,0.76,0.68,FALSE,FALSE,FALSE,FALSE,NA,NA,FALSE,FALSE,FALSE,FALSE,FALSE,FALSE,FALSE,FALSE,NA,NA,FALSE,FALSE,FALSE,FALSE,FALSE,FALSE,FALSE,FALSE,FALSE,FALSE
1921,0.63,0.76,0.53,0.18,NA,NA,0.27,0.1,0.52,0.33,0.32,0.29,0.24,0.33,NA,NA,0.16,0.27,0.51,0.52,0.35,0.71,0.29,0.39,0.45,0.53,FALSE,FALSE,FALSE,FALSE,NA,NA,FALSE,FALSE,FALSE,FALSE,FALSE,FALSE,FALSE,FALSE,NA,NA,FALSE,FALSE,FALSE,FALSE,FALSE,FALSE,FALSE,FALSE,FALSE,FALSE
1922,0.92,0.75,0.69,0.3,NA,NA,0.3,0.25,0.8,0.59,0.59,0.59,0.49,0.59,NA,NA,0.18,0.33,0.75,0.67,0.55,0.65,0.34,0.32,0.69,0.75,FALSE,FALSE,FALSE,FALSE,NA,NA,FALSE,FALSE,FALSE,FALSE,FALSE,FALSE,FALSE,FALSE,NA,NA,FALSE,FALSE,FALSE,FALSE,FALSE,FALSE,FALSE,FALSE,FALSE,FALSE
1923,1.02,0.8,0.62,0.21,NA,NA,0.45,0.28,0.67,0.51,0.7,0.65,0.59,0.63,NA,NA,0.23,0.47,0.83,0.56,0.62,0.68,0.37,0.48,0.6,0.71,FALSE,FALSE,FALSE,FALSE,NA,NA,FALSE,FALSE,FALSE,FALSE,FALSE,FALSE,FALSE,FALSE,NA,NA,FALSE,FALSE,FALSE,FALSE,FALSE,FALSE,FALSE,FALSE,FALSE,FALSE
1924,0.6,0.58,0.52,0.25,NA,NA,0.16,0.14,0.29,0.25,0.25,0.32,0.16,0.47,NA,NA,0.26,0.4,0.29,0.34,0.23,0.36,0.27,0.28,0.45,0.46,FALSE,FALSE,FALSE,FALSE,NA,NA,FALSE,FALSE,FALSE,FALSE,FALSE,FALSE,FALSE,FALSE,NA,NA,FALSE,FALSE,FALSE,FALSE,FALSE,FALSE,FALSE,FALSE,FALSE,FALSE
1925,0.65,0.52,0.52,0.04,NA,NA,0.09,0.14,0.28,0.33,0.39,0.45,0.31,0.4,NA,NA,0.11,0.18,0.4,0.34,0.3,0.47,0.14,0.47,0.49,0.49,FALSE,FALSE,FALSE,FALSE,NA,NA,FALSE,FALSE,FALSE,FALSE,FALSE,FALSE,FALSE,FALSE,NA,NA,FALSE,FALSE,FALSE,FALSE,FALSE,FALSE,FALSE,FALSE,FALSE,FALSE
1926,1.01,0.76,0.71,0.33,NA,NA,0.33,0.19,0.61,0.5,0.64,0.57,0.52,0.55,NA,NA,0.21,0.21,0.52,0.53,0.45,0.64,0.33,0.5,0.58,0.7,FALSE,FALSE,FALSE,FALSE,NA,NA,FALSE,FALSE,FALSE,FALSE,FALSE,FALSE,FALSE,FALSE,NA,NA,FALSE,FALSE,FALSE,FALSE,FALSE,FALSE,FALSE,FALSE,FALSE,FALSE
1927,0.89,0.56,0.69,0.21,NA,NA,0.27,0.29,0.56,0.49,0.43,0.47,0.42,0.51,NA,NA,0.13,0.21,0.5,0.39,0.39,0.67,0.26,0.45,0.44,0.64,FALSE,FALSE,FALSE,FALSE,NA,NA,FALSE,FALSE,FALSE,FALSE,FALSE,FALSE,FALSE,FALSE,NA,NA,FALSE,FALSE,FALSE,FALSE,FALSE,FALSE,FALSE,FALSE,FALSE,FALSE
1928,0.7,0.61,0.68,0.18,NA,NA,0.11,0.12,0.4,0.36,0.5,0.5,0.31,0.48,NA,NA,0.11,0.25,0.76,0.5,0.34,0.42,0.35,0.62,0.41,0.6,FALSE,FALSE,FALSE,FALSE,NA,NA,FALSE,FALSE,FALSE,FALSE,FALSE,FALSE,FALSE,FALSE,NA,NA,FALSE,FALSE,FALSE,FALSE,FALSE,FALSE,FALSE,FALSE,FALSE,FALSE
1929,0.62,0.59,0.43,0.12,NA,NA,0.18,0.1,0.28,0.17,0.59,0.47,0.37,0.39,NA,NA,0.08,0.15,0.66,0.33,0.28,0.4,0.41,0.45,0.32,0.34,FALSE,FALSE,FALSE,FALSE,NA,NA,FALSE,FALSE,FALSE,FALSE,FALSE,FALSE,FALSE,FALSE,NA,NA,FALSE,FALSE,FALSE,FALSE,FALSE,FALSE,FALSE,FALSE,FALSE,FALSE
1930,0.5,0.57,0.73,0.15,NA,NA,0.03,0,0.31,0.23,0.45,0.31,0.32,0.37,NA,NA,0,0.09,0.32,0.29,0.15,0.18,0.16,0.38,0.3,0.36,FALSE,FALSE,FALSE,FALSE,NA,NA,FALSE,FALSE,FALSE,FALSE,FALSE,FALSE,FALSE,FALSE,NA,NA,FALSE,FALSE,FALSE,FALSE,FALSE,FALSE,FALSE,FALSE,FALSE,FALSE
1931,0.43,0.44,0.27,0.21,NA,NA,0.09,0.06,0.14,0.17,0.45,0.28,0.21,0.36,NA,NA,0.01,0.19,0.47,0.21,0.16,0.26,0.17,0.2,0.28,0.36,FALSE,FALSE,FALSE,FALSE,NA,NA,FALSE,FALSE,FALSE,FALSE,FALSE,FALSE,FALSE,FALSE,NA,NA,FALSE,FALSE,FALSE,FALSE,FALSE,FALSE,FALSE,FALSE,FALSE,FALSE
1932,0.7,0.55,0.57,0.23,NA,NA,0.32,0.2,0.36,0.4,1.01,0.51,0.58,0.56,NA,NA,0.21,0.25,0.56,0.57,0.3,0.8,0.58,0.49,0.27,0.6,FALSE,FALSE,FALSE,FALSE,NA,NA,FALSE,FALSE,FALSE,FALSE,FALSE,FALSE,FALSE,FALSE,NA,NA,FALSE,FALSE,FALSE,FALSE,FALSE,FALSE,FALSE,FALSE,FALSE,FALSE
1933,0.48,0.51,0.41,0.19,NA,NA,0.16,0.06,0.31,0.24,0.36,0.3,0.33,0.33,NA,NA,0.15,0.21,0.56,0.33,0.24,0.45,0.3,0.35,0.33,0.43,FALSE,FALSE,FALSE,FALSE,NA,NA,FALSE,FALSE,FALSE,FALSE,FALSE,FALSE,FALSE,FALSE,NA,NA,FALSE,FALSE,FALSE,FALSE,FALSE,FALSE,FALSE,FALSE,FALSE,FALSE
1934,0.35,0.55,0.32,0,NA,NA,0,0,0.25,0.17,0.24,0.26,0.13,0.13,NA,NA,0,0.13,0.69,0.21,0.09,0.21,0.24,0.42,0.34,0.35,FALSE,FALSE,FALSE,FALSE,NA,NA,FALSE,FALSE,FALSE,FALSE,FALSE,FALSE,FALSE,FALSE,NA,NA,FALSE,FALSE,FALSE,FALSE,FALSE,FALSE,FALSE,FALSE,FALSE,FALSE
1935,0.52,0.66,0.37,0.34,NA,NA,0.28,0.31,0.4,0.44,0.37,0.49,0.43,0.53,NA,NA,0.14,0.22,0.63,0.4,0.33,0.42,0.44,0.57,0.19,0.38,FALSE,FALSE,FALSE,FALSE,NA,NA,FALSE,FALSE,FALSE,FALSE,FALSE,FALSE,FALSE,FALSE,NA,NA,FALSE,FALSE,FALSE,FALSE,FALSE,FALSE,FALSE,FALSE,FALSE,FALSE
1936,0.42,0.48,0.35,0.09,NA,NA,0.11,0.08,0.32,0.18,0.26,0.21,0.15,0.3,NA,NA,0.08,0.15,0.57,0.41,0.18,0.3,0.29,0.4,0.22,0.25,FALSE,FALSE,FALSE,FALSE,NA,NA,FALSE,FALSE,FALSE,FALSE,FALSE,FALSE,FALSE,FALSE,NA,NA,FALSE,FALSE,FALSE,FALSE,FALSE,FALSE,FALSE,FALSE,FALSE,FALSE
1937,0.47,0.62,0.33,0.19,NA,NA,0.22,0.15,0.44,0.24,0.31,0.21,0.37,0.37,NA,NA,0.08,0.2,0.67,0.27,0.15,0.25,0.33,0.42,0.27,0.38,FALSE,FALSE,FALSE,FALSE,NA,NA,FALSE,FALSE,FALSE,FALSE,FALSE,FALSE,FALSE,FALSE,NA,NA,FALSE,FALSE,FALSE,FALSE,FALSE,FALSE,FALSE,FALSE,FALSE,FALSE
1938,0.57,0.66,0.56,0.37,NA,NA,0.27,0.22,0.68,0.37,0.42,0.36,0.3,0.49,NA,NA,0.18,0.21,0.76,0.53,0.33,0.46,0.42,0.49,0.43,0.46,FALSE,FALSE,FALSE,FALSE,NA,NA,FALSE,FALSE,FALSE,FALSE,FALSE,FALSE,FALSE,FALSE,NA,NA,FALSE,FALSE,FALSE,FALSE,FALSE,FALSE,FALSE,FALSE,FALSE,FALSE
1939,0.53,0.59,0.42,0.21,NA,NA,0.22,0.09,0.66,0.43,0.31,0.47,0.37,0.35,NA,NA,0.1,0.3,0.66,0.45,0.19,0.47,0.36,0.41,0.3,0.39,FALSE,FALSE,FALSE,FALSE,NA,NA,FALSE,FALSE,FALSE,FALSE,FALSE,FALSE,FALSE,FALSE,NA,NA,FALSE,FALSE,FALSE,FALSE,FALSE,FALSE,FALSE,FALSE,FALSE,FALSE
1940,0.58,0.45,0.33,0.24,NA,NA,0.06,0.12,0.5,0.33,0.26,0.25,0.43,0.25,NA,NA,0.07,0.17,NA,0.29,0.1,0.21,0.26,0.31,0.31,0.37,FALSE,FALSE,FALSE,FALSE,NA,NA,FALSE,FALSE,FALSE,FALSE,FALSE,FALSE,FALSE,FALSE,NA,NA,FALSE,FALSE,NA,FALSE,FALSE,FALSE,FALSE,FALSE,FALSE,FALSE
1941,0.57,0.61,0.47,0.34,NA,NA,0.23,0.25,0.76,0.4,0.65,0.61,0.43,0.48,NA,NA,0.1,0.28,NA,0.34,0.3,0.34,0.36,0.44,0.43,0.46,FALSE,FALSE,FALSE,FALSE,NA,NA,FALSE,FALSE,FALSE,FALSE,FALSE,FALSE,FALSE,FALSE,NA,NA,FALSE,FALSE,NA,FALSE,FALSE,FALSE,FALSE,FALSE,FALSE,FALSE
1942,0.59,0.6,0.43,0.22,NA,NA,0.25,0.17,0.58,0.36,0.51,0.55,0.35,0.41,NA,NA,0.1,0.32,NA,0.44,0.17,0.4,0.31,0.44,0.32,0.51,FALSE,FALSE,FALSE,FALSE,NA,NA,FALSE,FALSE,FALSE,FALSE,FALSE,FALSE,FALSE,FALSE,NA,NA,FALSE,FALSE,NA,FALSE,FALSE,FALSE,FALSE,FALSE,FALSE,FALSE
1943,0.46,0.59,0.32,0.21,NA,NA,0.03,0.09,0.29,0.19,0.19,0.2,0.19,0.2,NA,NA,0.1,0.17,NA,0.22,0,0,0.14,0.34,0.19,0.28,FALSE,FALSE,FALSE,FALSE,NA,NA,FALSE,FALSE,FALSE,FALSE,FALSE,FALSE,FALSE,FALSE,NA,NA,FALSE,FALSE,NA,FALSE,FALSE,FALSE,FALSE,FALSE,FALSE,FALSE
1944,0.44,0.59,0.34,0.23,NA,NA,0.1,0.09,0.41,0.31,0.3,0.37,0.29,0.32,NA,NA,0.08,0.15,NA,0.22,0.19,0.22,0.25,0.24,0.32,0.26,FALSE,FALSE,FALSE,FALSE,NA,NA,FALSE,FALSE,FALSE,FALSE,FALSE,FALSE,FALSE,FALSE,NA,NA,FALSE,FALSE,NA,FALSE,FALSE,FALSE,FALSE,FALSE,FALSE,FALSE
1945,0.48,0.67,0.41,0.2,NA,NA,0.09,0.13,0.46,0.34,0.21,0.32,0.33,0.28,NA,NA,0.09,0.19,NA,0.37,0.1,0.22,0.25,0.29,0.38,0.34,FALSE,FALSE,FALSE,FALSE,NA,NA,FALSE,FALSE,FALSE,FALSE,FALSE,FALSE,FALSE,FALSE,NA,NA,FALSE,FALSE,NA,FALSE,FALSE,FALSE,FALSE,FALSE,FALSE,FALSE
1946,0.15,0.41,0.06,0,NA,NA,0,0,0.22,0.17,0.13,0.1,0.12,0,NA,NA,0,0,NA,0,0,0,0.12,0.16,0.31,0.07,FALSE,FALSE,FALSE,FALSE,NA,NA,FALSE,FALSE,FALSE,FALSE,FALSE,FALSE,FALSE,FALSE,NA,NA,FALSE,FALSE,NA,FALSE,FALSE,FALSE,FALSE,FALSE,FALSE,FALSE
1947,0.39,0.5,0.39,0.04,NA,NA,0.04,0.06,0.3,0.14,0.14,0.23,0.17,0.25,NA,NA,0.15,0.12,NA,0.13,0.02,0.19,0.13,0.19,0.3,0.43,FALSE,FALSE,FALSE,FALSE,NA,NA,FALSE,FALSE,FALSE,FALSE,FALSE,FALSE,FALSE,FALSE,NA,NA,FALSE,FALSE,NA,FALSE,FALSE,FALSE,FALSE,FALSE,FALSE,FALSE
1948,0.55,0.72,0.34,0.2,NA,NA,0.12,0.07,0.33,0.29,0.31,0.48,0.41,0.4,NA,NA,0.17,0.15,NA,0.26,0.16,0.28,0.22,0.28,0.48,0.49,FALSE,FALSE,FALSE,FALSE,NA,NA,FALSE,FALSE,FALSE,FALSE,FALSE,FALSE,FALSE,FALSE,NA,NA,FALSE,FALSE,NA,FALSE,FALSE,FALSE,FALSE,FALSE,FALSE,FALSE
1949,0.58,0.62,0.48,0.29,NA,NA,0.28,0.16,0.6,0.48,0.32,0.39,0.53,0.51,NA,NA,0.16,0.2,NA,0.36,0.16,0.42,0.22,0.34,0.38,0.72,FALSE,FALSE,FALSE,FALSE,NA,NA,FALSE,FALSE,FALSE,FALSE,FALSE,FALSE,FALSE,FALSE,NA,NA,FALSE,FALSE,NA,FALSE,FALSE,FALSE,FALSE,FALSE,FALSE,FALSE
1950,0.42,0.5,0.31,0.06,NA,NA,0.04,0.02,0.24,0.34,0.3,0.39,0.21,0.23,NA,NA,0.15,0.18,NA,0.26,0.02,0.11,0.25,0.28,0.02,0.36,FALSE,FALSE,FALSE,FALSE,NA,NA,FALSE,FALSE,FALSE,FALSE,FALSE,FALSE,FALSE,FALSE,NA,NA,FALSE,FALSE,NA,FALSE,FALSE,FALSE,FALSE,FALSE,FALSE,FALSE
1951,0.19,0.37,0,0,NA,NA,0,0,0.1,0.2,0.17,0.17,0.17,0.15,NA,NA,0,0,NA,0.09,0,0,0.08,0.17,0,0.15,FALSE,FALSE,FALSE,FALSE,NA,NA,FALSE,FALSE,FALSE,FALSE,FALSE,FALSE,FALSE,FALSE,NA,NA,FALSE,FALSE,NA,FALSE,FALSE,FALSE,FALSE,FALSE,FALSE,FALSE
1952,0.49,0.58,0.57,0.39,NA,NA,0.3,0.27,0.6,0.5,0.67,0.75,0.66,0.54,NA,NA,0.05,0.33,NA,0.35,0.19,0.58,0.31,0.49,0.69,0.66,FALSE,FALSE,FALSE,FALSE,NA,NA,FALSE,FALSE,FALSE,FALSE,FALSE,FALSE,FALSE,FALSE,NA,NA,FALSE,FALSE,NA,FALSE,FALSE,FALSE,FALSE,FALSE,FALSE,FALSE
1953,0.35,0.47,0.2,0.02,NA,NA,0.1,0.02,0.3,0.33,0.31,0.25,0.23,0.25,NA,NA,0,0.12,NA,0,0,0.31,0.14,0.33,0.24,0.42,FALSE,FALSE,FALSE,FALSE,NA,NA,FALSE,FALSE,FALSE,FALSE,FALSE,FALSE,FALSE,FALSE,NA,NA,FALSE,FALSE,NA,FALSE,FALSE,FALSE,FALSE,FALSE,FALSE,FALSE
1954,0.49,0.48,0.33,0.23,NA,NA,0.09,0.14,0.44,0.39,0.33,0.27,0.36,0.31,NA,NA,0.11,0.18,NA,0.31,0.23,0.27,0.2,0.28,0.25,0.48,FALSE,FALSE,FALSE,FALSE,NA,NA,FALSE,FALSE,FALSE,FALSE,FALSE,FALSE,FALSE,FALSE,NA,NA,FALSE,FALSE,NA,FALSE,FALSE,FALSE,FALSE,FALSE,FALSE,FALSE
1955,0.2,0.21,0.16,0.02,NA,NA,0.01,0.01,0.13,0.08,0.15,0,0.14,0.16,NA,NA,0.06,0.15,NA,0.22,0.2,0.05,0.09,0.22,0.02,0.2,FALSE,FALSE,FALSE,FALSE,NA,NA,FALSE,FALSE,FALSE,FALSE,FALSE,FALSE,FALSE,FALSE,NA,NA,FALSE,FALSE,NA,FALSE,FALSE,FALSE,FALSE,FALSE,FALSE,FALSE
1956,0.16,0.21,0.13,0.01,NA,NA,0,0,0.17,0.09,0.21,0.17,0.12,0.14,NA,NA,0,0,NA,0.22,0.13,0.11,0.22,0.21,0.08,0.12,FALSE,FALSE,FALSE,FALSE,NA,NA,FALSE,FALSE,FALSE,FALSE,FALSE,FALSE,FALSE,FALSE,NA,NA,FALSE,FALSE,NA,FALSE,FALSE,FALSE,FALSE,FALSE,FALSE,FALSE
1957,0.4,0.44,0.4,0.45,NA,NA,0.17,0.21,0.49,0.4,0.44,0.4,0.42,0.51,NA,NA,0.12,0.22,NA,0.3,0.21,0.4,0.23,0.49,0.47,0.4,FALSE,FALSE,FALSE,FALSE,NA,NA,FALSE,FALSE,FALSE,FALSE,FALSE,FALSE,FALSE,FALSE,NA,NA,FALSE,FALSE,NA,FALSE,FALSE,FALSE,FALSE,FALSE,FALSE,FALSE
1958,0.27,0.41,0.48,0.02,NA,NA,0.15,0.11,0.39,0.38,0.4,0.47,0.37,0.3,NA,NA,0.12,0.29,NA,0.45,0.15,0.29,0.23,0.33,0.3,0.25,FALSE,FALSE,FALSE,FALSE,NA,NA,FALSE,FALSE,FALSE,FALSE,FALSE,FALSE,FALSE,FALSE,NA,NA,FALSE,FALSE,NA,FALSE,FALSE,FALSE,FALSE,FALSE,FALSE,FALSE
1959,0,0.09,0,0,NA,NA,0,0,0,0,0,0,0,0,NA,NA,0,0,NA,0,0,0,0,0.09,0,0,FALSE,FALSE,FALSE,FALSE,NA,NA,FALSE,FALSE,FALSE,FALSE,FALSE,FALSE,FALSE,FALSE,NA,NA,FALSE,FALSE,NA,FALSE,FALSE,FALSE,FALSE,FALSE,FALSE,FALSE
1960,0.3,0.43,0.47,0.24,NA,NA,0.17,0.22,0.54,0.55,0.3,0.42,0.29,0.16,NA,NA,0.11,0.23,NA,0.31,0.26,0.41,0.2,0.39,0.29,0.39,FALSE,FALSE,FALSE,FALSE,NA,NA,FALSE,FALSE,FALSE,FALSE,FALSE,FALSE,FALSE,FALSE,NA,NA,FALSE,FALSE,NA,FALSE,FALSE,FALSE,FALSE,FALSE,FALSE,FALSE
1961,0.49,0.27,0.35,0.3,NA,NA,0.18,0.19,0.43,0.31,0.34,0.4,0.37,0.26,NA,NA,0.1,0.16,NA,0.52,0.12,0.33,0.16,0.34,0.4,0.36,FALSE,FALSE,FALSE,FALSE,NA,NA,FALSE,FALSE,FALSE,FALSE,FALSE,FALSE,FALSE,FALSE,NA,NA,FALSE,FALSE,NA,FALSE,FALSE,FALSE,FALSE,FALSE,FALSE,FALSE
1962,0.37,0.2,0.33,0.19,NA,NA,0.07,0.11,0.29,0.16,0.12,0.2,0.07,0.37,NA,NA,0.07,0.14,NA,0.23,0.11,0.33,0.29,0.31,0.32,0.3,FALSE,FALSE,FALSE,FALSE,NA,NA,FALSE,FALSE,FALSE,FALSE,FALSE,FALSE,FALSE,FALSE,NA,NA,FALSE,FALSE,NA,FALSE,FALSE,FALSE,FALSE,FALSE,FALSE,FALSE
1963,0.12,0.21,0.05,0,NA,NA,0,0,0.11,0,0.1,0.07,0.08,0.17,NA,NA,0,0,NA,0.01,0,0,0.15,0.26,0,0.07,FALSE,FALSE,FALSE,FALSE,NA,NA,FALSE,FALSE,FALSE,FALSE,FALSE,FALSE,FALSE,FALSE,NA,NA,FALSE,FALSE,NA,FALSE,FALSE,FALSE,FALSE,FALSE,FALSE,FALSE
1964,0.21,0.2,0.25,0.16,NA,NA,0.11,0.11,0.24,0.22,0.3,0.29,0.28,0.33,NA,NA,0.07,0.23,NA,0.23,0.13,0.17,0.16,0.36,0.21,0.13,FALSE,FALSE,FALSE,FALSE,NA,NA,FALSE,FALSE,FALSE,FALSE,FALSE,FALSE,FALSE,FALSE,NA,NA,FALSE,FALSE,NA,FALSE,FALSE,FALSE,FALSE,FALSE,FALSE,FALSE
1965,0.51,0.36,0.46,0.23,NA,NA,0.21,0.06,0.48,0.44,0.41,0.48,0.25,0.36,NA,NA,0.1,0.21,NA,0.24,0.15,0.29,0.19,0.48,0.37,0.47,FALSE,FALSE,FALSE,FALSE,NA,NA,FALSE,FALSE,FALSE,FALSE,FALSE,FALSE,FALSE,FALSE,NA,NA,FALSE,FALSE,NA,FALSE,FALSE,FALSE,FALSE,FALSE,FALSE,FALSE
1966,0.46,0.26,0.44,0.29,NA,NA,0.31,0.18,0.47,0.48,0.37,0.42,0.23,0.35,NA,NA,NA,0.25,NA,0.48,0.16,0.44,0.23,0.45,0.39,0.34,FALSE,FALSE,FALSE,FALSE,NA,NA,FALSE,FALSE,FALSE,FALSE,FALSE,FALSE,FALSE,FALSE,NA,NA,NA,FALSE,NA,FALSE,FALSE,FALSE,FALSE,FALSE,FALSE,FALSE
1967,0.46,0.39,0.43,0.25,NA,NA,0.08,0.19,0.31,0.2,0.17,0.21,0.18,0.33,NA,NA,NA,NA,NA,0.29,0.04,0.21,0.27,0.43,0.35,0.29,FALSE,FALSE,FALSE,FALSE,NA,NA,FALSE,FALSE,FALSE,FALSE,FALSE,FALSE,FALSE,FALSE,NA,NA,NA,NA,NA,FALSE,FALSE,FALSE,FALSE,FALSE,FALSE,FALSE
1968,0.31,0.19,0.28,0.12,NA,NA,0.12,0.1,0.2,0.17,0.18,0.22,0.18,0.21,NA,NA,NA,NA,NA,0.26,0.06,0.26,0.26,0.31,0.24,0.22,FALSE,FALSE,FALSE,FALSE,NA,NA,FALSE,FALSE,FALSE,FALSE,FALSE,FALSE,FALSE,FALSE,NA,NA,NA,NA,NA,FALSE,FALSE,FALSE,FALSE,FALSE,FALSE,FALSE
1969,0.65,0.37,0.44,0.24,NA,NA,0.27,0.06,0.32,0.36,0.33,0.24,0.48,0.44,NA,NA,NA,NA,NA,0.52,0.22,0.51,0.33,0.44,0.42,0.39,FALSE,FALSE,FALSE,FALSE,NA,NA,FALSE,FALSE,FALSE,FALSE,FALSE,FALSE,FALSE,FALSE,NA,NA,NA,NA,NA,FALSE,FALSE,FALSE,FALSE,FALSE,FALSE,FALSE
1970,0.47,0.22,0.14,0.06,NA,NA,0.15,0.15,0.34,0.31,0.19,0.32,0.16,0.19,NA,NA,NA,NA,NA,0.27,0.04,0.23,0.33,0.34,0.28,0.17,FALSE,FALSE,FALSE,FALSE,NA,NA,FALSE,FALSE,FALSE,FALSE,FALSE,FALSE,FALSE,FALSE,NA,NA,NA,NA,NA,FALSE,FALSE,FALSE,FALSE,FALSE,FALSE,FALSE
1971,0.35,0.12,0.07,0,NA,NA,0.02,0.11,0.06,0,0,0,0,0,NA,NA,NA,NA,NA,0,0,0,0.1,0.24,0.01,0,FALSE,FALSE,FALSE,FALSE,NA,NA,FALSE,FALSE,FALSE,FALSE,FALSE,FALSE,FALSE,FALSE,NA,NA,NA,NA,NA,FALSE,FALSE,FALSE,FALSE,FALSE,FALSE,FALSE
