Stand,Treeid,Year,Species(neighbor),Distance(neighbor),DBH(neighbor),Canopy?,notes,,,,,,,,,,,,,,,,,,,,,,,,,,,,,,,,,
TO04,A1,2008,Tshe,6.36,11.1,,canopy never observed,,,,,,,,,,,,,,,,,,,,,,,,,,,,,,,,,
TO04,A1,2008,Tshe,7.83,17.8,,canopy never observed,,,,,,,,,,,,,,,,,,,,,,,,,,,,,,,,,
TO04,A1,2008,Tshe,7.59,18.8,,canopy never observed,,,,,,,,,,,,,,,,,,,,,,,,,,,,,,,,,
TO04,A1,2008,Tshe,8.24,22.7,,canopy never observed,,,,,,,,,,,,,,,,,,,,,,,,,,,,,,,,,
TO04,A1,2008,Tshe,7.99,30.2,y,"measured @ 5'2"" from ground, tree on stump 2.5' high",,,,,,,,,,,,,,,,,,,,,,,,,,,,,,,,,
TO04,A1,2008,Tshe,5.05,34.9,y,,,,,,,,,,,,,,,,,,,,,,,,,,,,,,,,,,
TO04,A1,2008,Tshe,6.9,58.6,,canopy never observed,,,,,,,,,,,,,,,,,,,,,,,,,,,,,,,,,
TO04,A1,2008,Tshe,8.21,79.6,,canopy never observed,,,,,,,,,,,,,,,,,,,,,,,,,,,,,,,,,
TO04,A1,2008,Thpl,9.49,180.0,,canopy never observed,,,,,,,,,,,,,,,,,,,,,,,,,,,,,,,,,
TO04,A10,2008,Tshe,6.67,10.1,n,,,,,,,,,,,,,,,,,,,,,,,,,,,,,,,,,,
TO04,A10,2008,Acci,3.81,10.2,n,,,,,,,,,,,,,,,,,,,,,,,,,,,,,,,,,,
TO04,A10,2008,Tshe,8.57,10.9,n,,,,,,,,,,,,,,,,,,,,,,,,,,,,,,,,,,
TO04,A10,2008,Acci,5.17,11.0,n,,,,,,,,,,,,,,,,,,,,,,,,,,,,,,,,,,
TO04,A10,2008,Tshe,1.09,12.9,n,,,,,,,,,,,,,,,,,,,,,,,,,,,,,,,,,,
TO04,A10,2008,Tshe,3.54,14.8,n,,,,,,,,,,,,,,,,,,,,,,,,,,,,,,,,,,
TO04,A10,2008,Tshe,2.72,16.2,n,,,,,,,,,,,,,,,,,,,,,,,,,,,,,,,,,,
TO04,A10,2008,Tshe,2.3,17.2,n,Assumed not in canopy,,,,,,,,,,,,,,,,,,,,,,,,,,,,,,,,,
TO04,A10,2008,Tshe,7.22,18.5,n,,,,,,,,,,,,,,,,,,,,,,,,,,,,,,,,,,
TO04,A10,2008,Tshe,7.9,20.1,n,,,,,,,,,,,,,,,,,,,,,,,,,,,,,,,,,,
TO04,A10,2008,Abam,6.23,20.9,n,,,,,,,,,,,,,,,,,,,,,,,,,,,,,,,,,,
TO04,A10,2008,Tshe,7.64,25.6,n,,,,,,,,,,,,,,,,,,,,,,,,,,,,,,,,,,
TO04,A10,2008,Tshe,8.02,30.6,n,,,,,,,,,,,,,,,,,,,,,,,,,,,,,,,,,,
TO04,A10,2008,Tshe,6.25,33.8,n,,,,,,,,,,,,,,,,,,,,,,,,,,,,,,,,,,
TO04,A10,2008,Tshe,5.16,76.0,y,A9,,,,,,,,,,,,,,,,,,,,,,,,,,,,,,,,,
TO04,A10,2008,Thpl,8.01,94.1,y,,,,,,,,,,,,,,,,,,,,,,,,,,,,,,,,,,
TO04,A11,2008,Abam,5.99,10.2,n,,,,,,,,,,,,,,,,,,,,,,,,,,,,,,,,,,
TO04,A11,2008,Tshe,4.58,10.8,n,,,,,,,,,,,,,,,,,,,,,,,,,,,,,,,,,,
TO04,A11,2008,Acci,5.18,11.0,n,,,,,,,,,,,,,,,,,,,,,,,,,,,,,,,,,,
TO04,A11,2008,Abam,4.45,11.3,n,,,,,,,,,,,,,,,,,,,,,,,,,,,,,,,,,,
TO04,A11,2008,Tshe,8.26,11.4,n,,,,,,,,,,,,,,,,,,,,,,,,,,,,,,,,,,
TO04,A11,2008,Tshe,4.25,11.5,n,,,,,,,,,,,,,,,,,,,,,,,,,,,,,,,,,,
TO04,A11,2008,Tshe,8.61,12.4,n,,,,,,,,,,,,,,,,,,,,,,,,,,,,,,,,,,
TO04,A11,2008,Abam,9.12,12.5,n,,,,,,,,,,,,,,,,,,,,,,,,,,,,,,,,,,
TO04,A11,2008,Tshe,7.28,12.6,n,,,,,,,,,,,,,,,,,,,,,,,,,,,,,,,,,,
TO04,A11,2008,Abam,8.68,13.5,n,Assumed not in canopy,,,,,,,,,,,,,,,,,,,,,,,,,,,,,,,,,
TO04,A11,2008,Tshe,8,13.5,n,,,,,,,,,,,,,,,,,,,,,,,,,,,,,,,,,,
TO04,A11,2008,Tshe,8.19,13.9,n,,,,,,,,,,,,,,,,,,,,,,,,,,,,,,,,,,
TO04,A11,2008,Tshe,2.7,18.7,n,,,,,,,,,,,,,,,,,,,,,,,,,,,,,,,,,,
TO04,A11,2008,Tshe,2.9,20.1,n,,,,,,,,,,,,,,,,,,,,,,,,,,,,,,,,,,
TO04,A11,2008,Tshe,5.67,25.8,n,,,,,,,,,,,,,,,,,,,,,,,,,,,,,,,,,,
TO04,A11,2008,Tshe,5.17,30.9,n,,,,,,,,,,,,,,,,,,,,,,,,,,,,,,,,,,
TO04,A11,2008,Tshe,8.36,60.3,y,canopy status uncertain,,,,,,,,,,,,,,,,,,,,,,,,,,,,,,,,,
TO04,A11,2008,Tshe,9.82,76.0,y,A9,,,,,,,,,,,,,,,,,,,,,,,,,,,,,,,,,
TO04,A11,2008,Tshe,9.67,98.7,y,,,,,,,,,,,,,,,,,,,,,,,,,,,,,,,,,,
TO04,A11,2008,Abam,8.77,110.7,y,id uncertain - same as all?,,,,,,,,,,,,,,,,,,,,,,,,,,,,,,,,,
TO04,A11,2008,Thpl,9.04,190.0,y,,,,,,,,,,,,,,,,,,,,,,,,,,,,,,,,,,
TO04,A12,2008,Tshe,6.65,10.7,n,,,,,,,,,,,,,,,,,,,,,,,,,,,,,,,,,,
TO04,A12,2008,Acci,6.41,11.0,n,"bent over, assumed not in canopy",,,,,,,,,,,,,,,,,,,,,,,,,,,,,,,,,
TO04,A12,2008,Tshe,6.33,11.4,n,,,,,,,,,,,,,,,,,,,,,,,,,,,,,,,,,,
TO04,A12,2008,Tshe,4,12.5,n,,,,,,,,,,,,,,,,,,,,,,,,,,,,,,,,,,
TO04,A12,2008,Tshe,5.96,12.5,n,,,,,,,,,,,,,,,,,,,,,,,,,,,,,,,,,,
TO04,A12,2008,Tshe,6.58,13.8,n,,,,,,,,,,,,,,,,,,,,,,,,,,,,,,,,,,
TO04,A12,2008,Tshe,6.98,14.0,n,,,,,,,,,,,,,,,,,,,,,,,,,,,,,,,,,,
TO04,A12,2008,Tshe,7.89,14.0,n,,,,,,,,,,,,,,,,,,,,,,,,,,,,,,,,,,
TO04,A12,2008,Tshe,8.61,16.4,n,,,,,,,,,,,,,,,,,,,,,,,,,,,,,,,,,,
TO04,A12,2008,Tshe,7.75,19.5,n,on stump ~ 2.5 ft high,,,,,,,,,,,,,,,,,,,,,,,,,,,,,,,,,
TO04,A12,2008,Tshe,4.36,25.8,n,,,,,,,,,,,,,,,,,,,,,,,,,,,,,,,,,,
TO04,A12,2008,Tshe,9.55,29.0,n,,,,,,,,,,,,,,,,,,,,,,,,,,,,,,,,,,
TO04,A12,2008,Tshe,4.92,39.8,n,,,,,,,,,,,,,,,,,,,,,,,,,,,,,,,,,,
TO04,A12,2008,Tshe,6.48,45.3,n,,,,,,,,,,,,,,,,,,,,,,,,,,,,,,,,,,
TO04,A12,2008,Thpl,7.06,155.8,y,,,,,,,,,,,,,,,,,,,,,,,,,,,,,,,,,,
TO04,A13,2008,Tshe,8.48,10.0,n,,,,,,,,,,,,,,,,,,,,,,,,,,,,,,,,,,
TO04,A13,2008,Tshe,9.4,11.5,n,,,,,,,,,,,,,,,,,,,,,,,,,,,,,,,,,,
TO04,A13,2008,Tshe,8.47,16.3,n,,,,,,,,,,,,,,,,,,,,,,,,,,,,,,,,,,
TO04,A13,2008,Tshe,3.69,19.5,n,,,,,,,,,,,,,,,,,,,,,,,,,,,,,,,,,,
TO04,A13,2008,Abam,4.36,20.9,n,,,,,,,,,,,,,,,,,,,,,,,,,,,,,,,,,,
TO04,A13,2008,Tshe,9.99,21.8,n,,,,,,,,,,,,,,,,,,,,,,,,,,,,,,,,,,
TO04,A13,2008,Tshe,9.67,24.7,n,,,,,,,,,,,,,,,,,,,,,,,,,,,,,,,,,,
TO04,A13,2008,Tshe,7.34,26.3,n,,,,,,,,,,,,,,,,,,,,,,,,,,,,,,,,,,
TO04,A13,2008,Tshe,8.05,31.2,n,,,,,,,,,,,,,,,,,,,,,,,,,,,,,,,,,,
TO04,A13,2008,Tshe,1.55,34.0,n,,,,,,,,,,,,,,,,,,,,,,,,,,,,,,,,,,
TO04,A13,2008,Tshe,7.21,39.8,y,,,,,,,,,,,,,,,,,,,,,,,,,,,,,,,,,,
TO04,A13,2008,Tshe,7.92,50.1,y,,,,,,,,,,,,,,,,,,,,,,,,,,,,,,,,,,
TO04,A13,2008,Thpl,7.97,96.4,y,A10,,,,,,,,,,,,,,,,,,,,,,,,,,,,,,,,,
TO04,A14,2008,Tshe,7.39,10.1,n,,,,,,,,,,,,,,,,,,,,,,,,,,,,,,,,,,
TO04,A14,2008,Acci,5.6,10.5,n,,,,,,,,,,,,,,,,,,,,,,,,,,,,,,,,,,
TO04,A14,2008,Tshe,3.76,22.2,n,,,,,,,,,,,,,,,,,,,,,,,,,,,,,,,,,,
TO04,A14,2008,Tshe,6.49,40.3,y,,,,,,,,,,,,,,,,,,,,,,,,,,,,,,,,,,
TO04,A14,2008,Tshe,5.95,50.5,y,,,,,,,,,,,,,,,,,,,,,,,,,,,,,,,,,,
TO04,A14,2008,Tshe,6.62,14.0,n,dbh estimated,,,,,,,,,,,,,,,,,,,,,,,,,,,,,,,,,
TO04,A14,2008,Tshe,7.09,30.0,n,dbh estimated,,,,,,,,,,,,,,,,,,,,,,,,,,,,,,,,,
TO04,A15,2008,Tshe,7.49,10.7,n,,,,,,,,,,,,,,,,,,,,,,,,,,,,,,,,,,
TO04,A15,2008,Acci,7.44,10.9,n,bent over,,,,,,,,,,,,,,,,,,,,,,,,,,,,,,,,,
TO04,A15,2008,Abam,1.2,11.6,n,,,,,,,,,,,,,,,,,,,,,,,,,,,,,,,,,,
TO04,A15,2008,Tshe,7.2,13.6,n,,,,,,,,,,,,,,,,,,,,,,,,,,,,,,,,,,
TO04,A15,2008,Abam,8.32,14.1,n,,,,,,,,,,,,,,,,,,,,,,,,,,,,,,,,,,
TO04,A15,2008,Tshe,8.41,14.3,n,,,,,,,,,,,,,,,,,,,,,,,,,,,,,,,,,,
TO04,A15,2008,Tshe,6.6,14.6,n,,,,,,,,,,,,,,,,,,,,,,,,,,,,,,,,,,
TO04,A15,2008,Tshe,9.4,14.7,n,,,,,,,,,,,,,,,,,,,,,,,,,,,,,,,,,,
TO04,A15,2008,Tshe,9.68,14.8,n,,,,,,,,,,,,,,,,,,,,,,,,,,,,,,,,,,
TO04,A15,2008,Tshe,7.1,21.1,n,,,,,,,,,,,,,,,,,,,,,,,,,,,,,,,,,,
TO04,A15,2008,Tshe,7.79,23.4,n,,,,,,,,,,,,,,,,,,,,,,,,,,,,,,,,,,
TO04,A15,2008,Tshe,6.52,23.7,n,,,,,,,,,,,,,,,,,,,,,,,,,,,,,,,,,,
TO04,A15,2008,Tshe,1.02,25.0,n,,,,,,,,,,,,,,,,,,,,,,,,,,,,,,,,,,
TO04,A15,2008,Tshe,9.03,26.0,n,,,,,,,,,,,,,,,,,,,,,,,,,,,,,,,,,,
TO04,A15,2008,Tshe,3.48,49.0,y,,,,,,,,,,,,,,,,,,,,,,,,,,,,,,,,,,
TO04,A15,2008,Tshe,6.12,64.2,y,,,,,,,,,,,,,,,,,,,,,,,,,,,,,,,,,,
TO04,A15,2008,Thpl,8.75,147.8,y,,,,,,,,,,,,,,,,,,,,,,,,,,,,,,,,,,
TO04,A15,2008,Tshe,7.83,14.0,n,dbh estimated,,,,,,,,,,,,,,,,,,,,,,,,,,,,,,,,,
TO04,A15,2008,Tshe,7.7,30.0,n,dbh estimated,,,,,,,,,,,,,,,,,,,,,,,,,,,,,,,,,
TO04,A16,2008,Tshe,7.48,11.0,n,,,,,,,,,,,,,,,,,,,,,,,,,,,,,,,,,,
TO04,A16,2008,Tshe,6.07,13.6,n,,,,,,,,,,,,,,,,,,,,,,,,,,,,,,,,,,
TO04,A16,2008,Acci,2.28,15.5,n,,,,,,,,,,,,,,,,,,,,,,,,,,,,,,,,,,
TO04,A16,2008,Tshe,4.4,15.7,n,,,,,,,,,,,,,,,,,,,,,,,,,,,,,,,,,,
TO04,A16,2008,Tshe,5.25,17.2,n,,,,,,,,,,,,,,,,,,,,,,,,,,,,,,,,,,
TO04,A16,2008,Tshe,8.13,18.3,n,,,,,,,,,,,,,,,,,,,,,,,,,,,,,,,,,,
TO04,A16,2008,Tshe,8.7,22.8,n,,,,,,,,,,,,,,,,,,,,,,,,,,,,,,,,,,
TO04,A16,2008,Tshe,9.04,25.2,n,,,,,,,,,,,,,,,,,,,,,,,,,,,,,,,,,,
TO04,A16,2008,Tshe,9.94,25.3,n,,,,,,,,,,,,,,,,,,,,,,,,,,,,,,,,,,
TO04,A16,2008,Tshe,2.63,84.6,y,A17,,,,,,,,,,,,,,,,,,,,,,,,,,,,,,,,,
TO04,A17,2008,Acci,7.86,10.7,n,,,,,,,,,,,,,,,,,,,,,,,,,,,,,,,,,,
TO04,A17,2008,Tshe,9.11,11.3,n,,,,,,,,,,,,,,,,,,,,,,,,,,,,,,,,,,
TO04,A17,2008,Tshe,2.59,13.7,n,,,,,,,,,,,,,,,,,,,,,,,,,,,,,,,,,,
TO04,A17,2008,Acci,7.19,13.9,n,,,,,,,,,,,,,,,,,,,,,,,,,,,,,,,,,,
TO04,A17,2008,Acci,5.19,15.2,n,,,,,,,,,,,,,,,,,,,,,,,,,,,,,,,,,,
TO04,A17,2008,Tshe,1.08,15.9,n,,,,,,,,,,,,,,,,,,,,,,,,,,,,,,,,,,
TO04,A17,2008,Tshe,6.59,16.9,n,,,,,,,,,,,,,,,,,,,,,,,,,,,,,,,,,,
TO04,A17,2008,Tshe,8.73,18.5,n,,,,,,,,,,,,,,,,,,,,,,,,,,,,,,,,,,
TO04,A17,2008,Tshe,9.13,25.1,n,,,,,,,,,,,,,,,,,,,,,,,,,,,,,,,,,,
TO04,A17,2008,Thpl,6.53,53.3,y,,,,,,,,,,,,,,,,,,,,,,,,,,,,,,,,,,
TO04,A17,2008,Tshe,9.97,75.3,y,A18,,,,,,,,,,,,,,,,,,,,,,,,,,,,,,,,,
TO04,A17,2008,Abam,2.63,126.6,y,A16,,,,,,,,,,,,,,,,,,,,,,,,,,,,,,,,,
TO04,A18,2008,Tshe,6.26,11.3,n,,,,,,,,,,,,,,,,,,,,,,,,,,,,,,,,,,
TO04,A18,2008,Acci,4.99,13.4,n,,,,,,,,,,,,,,,,,,,,,,,,,,,,,,,,,,
TO04,A18,2008,Tshe,2.85,18.5,n,,,,,,,,,,,,,,,,,,,,,,,,,,,,,,,,,,
TO04,A18,2008,Tshe,4.22,20.1,n,Assumed not in canopy,,,,,,,,,,,,,,,,,,,,,,,,,,,,,,,,,
TO04,A18,2008,Tshe,6.09,20.5,n,,,,,,,,,,,,,,,,,,,,,,,,,,,,,,,,,,
TO04,A18,2008,Tshe,7.82,49.0,y,A1,,,,,,,,,,,,,,,,,,,,,,,,,,,,,,,,,
TO04,A18,2008,Tshe,9.97,84.6,y,A17,,,,,,,,,,,,,,,,,,,,,,,,,,,,,,,,,
TO04,A19,2008,Tshe,8.99,11.1,n,,,,,,,,,,,,,,,,,,,,,,,,,,,,,,,,,,
TO04,A19,2008,Tshe,9.95,12.0,n,,,,,,,,,,,,,,,,,,,,,,,,,,,,,,,,,,
TO04,A19,2008,Tshe,5.05,12.1,n,,,,,,,,,,,,,,,,,,,,,,,,,,,,,,,,,,
TO04,A19,2008,Tshe,7.6,12.3,n,,,,,,,,,,,,,,,,,,,,,,,,,,,,,,,,,,
TO04,A19,2008,Tshe,8.95,13.3,n,,,,,,,,,,,,,,,,,,,,,,,,,,,,,,,,,,
TO04,A19,2008,Tshe,4.12,18.0,n,,,,,,,,,,,,,,,,,,,,,,,,,,,,,,,,,,
TO04,A19,2008,Tshe,9.85,19.9,n,,,,,,,,,,,,,,,,,,,,,,,,,,,,,,,,,,
TO04,A19,2008,Tshe,6.76,20.5,n,,,,,,,,,,,,,,,,,,,,,,,,,,,,,,,,,,
TO04,A19,2008,Tshe,5.69,20.6,n,,,,,,,,,,,,,,,,,,,,,,,,,,,,,,,,,,
TO04,A19,2008,Tshe,6.1,21.3,n,,,,,,,,,,,,,,,,,,,,,,,,,,,,,,,,,,
TO04,A19,2008,Tshe,6.48,30.7,n,,,,,,,,,,,,,,,,,,,,,,,,,,,,,,,,,,
TO04,A19,2008,Thpl,7.95,38.3,n,,,,,,,,,,,,,,,,,,,,,,,,,,,,,,,,,,
TO04,A19,2008,Tshe,7.82,63.9,y,,,,,,,,,,,,,,,,,,,,,,,,,,,,,,,,,,
TO04,A19,2008,Thpl,2.73,94.7,y,A20,,,,,,,,,,,,,,,,,,,,,,,,,,,,,,,,,
TO04,A19,2008,Thpl,7.47,130.5,y,,,,,,,,,,,,,,,,,,,,,,,,,,,,,,,,,,
TO04,A2,2008,Tshe,9.2,13.3,,canopy never observed,,,,,,,,,,,,,,,,,,,,,,,,,,,,,,,,,
TO04,A2,2008,Tshe,9.37,14.5,n,,,,,,,,,,,,,,,,,,,,,,,,,,,,,,,,,,
TO04,A2,2008,Tshe,6.59,14.8,n,leaning,,,,,,,,,,,,,,,,,,,,,,,,,,,,,,,,,
TO04,A2,2008,Tshe,8,15.0,n,,,,,,,,,,,,,,,,,,,,,,,,,,,,,,,,,,
TO04,A2,2008,Tshe,4.56,15.5,n,growing together at base,,,,,,,,,,,,,,,,,,,,,,,,,,,,,,,,,
TO04,A2,2008,Tshe,4.89,16.4,n,growing together at base,,,,,,,,,,,,,,,,,,,,,,,,,,,,,,,,,
TO04,A2,2008,Tshe,8.29,18.9,,canopy never observed,,,,,,,,,,,,,,,,,,,,,,,,,,,,,,,,,
TO04,A2,2008,Tshe,7.41,19.0,n,,,,,,,,,,,,,,,,,,,,,,,,,,,,,,,,,,
TO04,A2,2008,Tshe,9.98,22.3,,canopy never observed,,,,,,,,,,,,,,,,,,,,,,,,,,,,,,,,,
TO04,A2,2008,Tshe,8.75,29.9,n,,,,,,,,,,,,,,,,,,,,,,,,,,,,,,,,,,
TO04,A2,2008,Tshe,4.7,30.2,y,"measured @ 5'2"" from ground, tree on stump 2.5' high",,,,,,,,,,,,,,,,,,,,,,,,,,,,,,,,,
TO04,A2,2008,Tshe,9.73,33.0,y,,,,,,,,,,,,,,,,,,,,,,,,,,,,,,,,,,
TO04,A2,2008,Tshe,5.98,34.9,y,,,,,,,,,,,,,,,,,,,,,,,,,,,,,,,,,,
TO04,A2,2008,Tshe,6.9,49.0,y,A1,,,,,,,,,,,,,,,,,,,,,,,,,,,,,,,,,
TO04,A2,2008,Thpl,9.62,180.0,y,,,,,,,,,,,,,,,,,,,,,,,,,,,,,,,,,,
TO04,A20,2008,Abam,6.24,12.1,n,,,,,,,,,,,,,,,,,,,,,,,,,,,,,,,,,,
TO04,A20,2008,Tshe,7.31,15.1,n,,,,,,,,,,,,,,,,,,,,,,,,,,,,,,,,,,
TO04,A20,2008,Tshe,5.99,17.4,n,,,,,,,,,,,,,,,,,,,,,,,,,,,,,,,,,,
TO04,A20,2008,Tshe,6.94,19.9,n,,,,,,,,,,,,,,,,,,,,,,,,,,,,,,,,,,
TO04,A20,2008,Tshe,5.79,20.5,n,,,,,,,,,,,,,,,,,,,,,,,,,,,,,,,,,,
TO04,A20,2008,Tshe,8.99,20.8,n,,,,,,,,,,,,,,,,,,,,,,,,,,,,,,,,,,
TO04,A20,2008,Tshe,5.48,20.9,n,,,,,,,,,,,,,,,,,,,,,,,,,,,,,,,,,,
TO04,A20,2008,Tshe,8.37,22.4,n,,,,,,,,,,,,,,,,,,,,,,,,,,,,,,,,,,
TO04,A20,2008,Thpl,4.74,38.3,n,,,,,,,,,,,,,,,,,,,,,,,,,,,,,,,,,,
TO04,A20,2008,Tshe,9.54,42.6,n,,,,,,,,,,,,,,,,,,,,,,,,,,,,,,,,,,
TO04,A20,2008,Psme,2.73,90.3,y,A19,,,,,,,,,,,,,,,,,,,,,,,,,,,,,,,,,
TO04,A20,2008,Thpl,10,130.5,y,,,,,,,,,,,,,,,,,,,,,,,,,,,,,,,,,,
TO04,A21,2008,Acci,6.89,10.1,n,,,,,,,,,,,,,,,,,,,,,,,,,,,,,,,,,,
TO04,A21,2008,Tshe,7.06,12.6,n,,,,,,,,,,,,,,,,,,,,,,,,,,,,,,,,,,
TO04,A21,2008,Tshe,9.48,13.5,n,,,,,,,,,,,,,,,,,,,,,,,,,,,,,,,,,,
TO04,A21,2008,Tshe,2.21,13.8,n,,,,,,,,,,,,,,,,,,,,,,,,,,,,,,,,,,
TO04,A21,2008,Acci,8.45,14.4,n,,,,,,,,,,,,,,,,,,,,,,,,,,,,,,,,,,
TO04,A21,2008,Tshe,9.08,15.8,n,,,,,,,,,,,,,,,,,,,,,,,,,,,,,,,,,,
TO04,A21,2008,Tshe,6.32,17.5,n,,,,,,,,,,,,,,,,,,,,,,,,,,,,,,,,,,
TO04,A21,2008,Tshe,7.97,17.6,n,,,,,,,,,,,,,,,,,,,,,,,,,,,,,,,,,,
TO04,A21,2008,Tshe,9,20.0,n,,,,,,,,,,,,,,,,,,,,,,,,,,,,,,,,,,
TO04,A21,2008,Tshe,8.52,23.7,n,,,,,,,,,,,,,,,,,,,,,,,,,,,,,,,,,,
TO04,A21,2008,Tshe,1.43,28.4,n,,,,,,,,,,,,,,,,,,,,,,,,,,,,,,,,,,
TO04,A21,2008,Tshe,6.5,37.3,n,,,,,,,,,,,,,,,,,,,,,,,,,,,,,,,,,,
TO04,A21,2008,Tshe,7.74,44.4,n,,,,,,,,,,,,,,,,,,,,,,,,,,,,,,,,,,
TO04,A21,2008,Tshe,2.84,52.3,y,,,,,,,,,,,,,,,,,,,,,,,,,,,,,,,,,,
TO04,A21,2008,Tshe,8.79,55.1,y,,,,,,,,,,,,,,,,,,,,,,,,,,,,,,,,,,
TO04,A21,2008,Tshe,5.69,57.3,y,,,,,,,,,,,,,,,,,,,,,,,,,,,,,,,,,,
TO04,A21,2008,Tshe,4.83,85.3,y,,,,,,,,,,,,,,,,,,,,,,,,,,,,,,,,,,
TO04,A21,2008,Abam,9.84,114.0,y,A22,,,,,,,,,,,,,,,,,,,,,,,,,,,,,,,,,
TO04,A21,2008,Thpl,7.68,134.5,y,,,,,,,,,,,,,,,,,,,,,,,,,,,,,,,,,,
TO04,A22,2008,Acci,9.76,14.6,n,,,,,,,,,,,,,,,,,,,,,,,,,,,,,,,,,,
TO04,A22,2008,Tshe,7.07,17.6,n,,,,,,,,,,,,,,,,,,,,,,,,,,,,,,,,,,
TO04,A22,2008,Tshe,9.42,28.4,n,,,,,,,,,,,,,,,,,,,,,,,,,,,,,,,,,,
TO04,A22,2008,Thpl,2.18,41.0,n,,,,,,,,,,,,,,,,,,,,,,,,,,,,,,,,,,
TO04,A22,2008,Tshe,8.24,44.0,n,,,,,,,,,,,,,,,,,,,,,,,,,,,,,,,,,,
TO04,A22,2008,Thpl,6.29,45.6,n,A23,,,,,,,,,,,,,,,,,,,,,,,,,,,,,,,,,
TO04,A22,2008,Tshe,3.12,55.2,y,,,,,,,,,,,,,,,,,,,,,,,,,,,,,,,,,,
TO04,A22,2008,Tshe,5.33,57.2,y,,,,,,,,,,,,,,,,,,,,,,,,,,,,,,,,,,
TO04,A22,2008,Thpl,6.6,72.8,y,A24,,,,,,,,,,,,,,,,,,,,,,,,,,,,,,,,,
TO04,A22,2008,Abam,9.84,92.8,y,A21,,,,,,,,,,,,,,,,,,,,,,,,,,,,,,,,,
TO04,A23,2008,Tshe,4.21,11.0,n,,,,,,,,,,,,,,,,,,,,,,,,,,,,,,,,,,
TO04,A23,2008,Acci,9.66,11.2,n,,,,,,,,,,,,,,,,,,,,,,,,,,,,,,,,,,
TO04,A23,2008,Acci,4.85,15.5,n,,,,,,,,,,,,,,,,,,,,,,,,,,,,,,,,,,
TO04,A23,2008,Tshe,5.41,21.3,n,,,,,,,,,,,,,,,,,,,,,,,,,,,,,,,,,,
TO04,A23,2008,Tshe,8.68,23.8,n,,,,,,,,,,,,,,,,,,,,,,,,,,,,,,,,,,
TO04,A23,2008,Thpl,8.23,41.0,n,,,,,,,,,,,,,,,,,,,,,,,,,,,,,,,,,,
TO04,A23,2008,Tshe,6.46,44.2,n,,,,,,,,,,,,,,,,,,,,,,,,,,,,,,,,,,
TO04,A23,2008,Tshe,3.9,55.2,y,,,,,,,,,,,,,,,,,,,,,,,,,,,,,,,,,,
TO04,A23,2008,Tshe,7.36,62.5,y,,,,,,,,,,,,,,,,,,,,,,,,,,,,,,,,,,
TO04,A23,2008,Tshe,5.94,85.5,y,,,,,,,,,,,,,,,,,,,,,,,,,,,,,,,,,,
TO04,A23,2008,Abam,6.29,114.0,y,,,,,,,,,,,,,,,,,,,,,,,,,,,,,,,,,,
TO04,A24,2008,Acci,5.7,12.7,n,,,,,,,,,,,,,,,,,,,,,,,,,,,,,,,,,,
TO04,A24,2008,Tshe,6.78,17.7,n,,,,,,,,,,,,,,,,,,,,,,,,,,,,,,,,,,
TO04,A24,2008,Thpl,5.6,41.0,n,,,,,,,,,,,,,,,,,,,,,,,,,,,,,,,,,,
TO04,A24,2008,Tshe,9.12,42.4,n,,,,,,,,,,,,,,,,,,,,,,,,,,,,,,,,,,
TO04,A24,2008,Tshe,7.47,42.8,y,,,,,,,,,,,,,,,,,,,,,,,,,,,,,,,,,,
TO04,A24,2008,Tshe,6.44,56.5,y,,,,,,,,,,,,,,,,,,,,,,,,,,,,,,,,,,
TO04,A24,2008,Abam,6.6,114.0,y,A22,,,,,,,,,,,,,,,,,,,,,,,,,,,,,,,,,
TO04,A25,2008,Tshe,5.84,11.4,n,,,,,,,,,,,,,,,,,,,,,,,,,,,,,,,,,,
TO04,A25,2008,Tshe,8.11,12.8,n,,,,,,,,,,,,,,,,,,,,,,,,,,,,,,,,,,
TO04,A25,2008,Tshe,9.48,12.9,n,,,,,,,,,,,,,,,,,,,,,,,,,,,,,,,,,,
TO04,A25,2008,Acci,5.72,14.4,n,,,,,,,,,,,,,,,,,,,,,,,,,,,,,,,,,,
TO04,A25,2008,Tshe,8.72,16.0,n,,,,,,,,,,,,,,,,,,,,,,,,,,,,,,,,,,
TO04,A25,2008,Tshe,6.09,18.1,n,,,,,,,,,,,,,,,,,,,,,,,,,,,,,,,,,,
TO04,A25,2008,Tshe,7.22,20.7,n,,,,,,,,,,,,,,,,,,,,,,,,,,,,,,,,,,
TO04,A25,2008,Tshe,8.5,32.0,n,,,,,,,,,,,,,,,,,,,,,,,,,,,,,,,,,,
TO04,A25,2008,Tshe,7,37.8,y,,,,,,,,,,,,,,,,,,,,,,,,,,,,,,,,,,
TO04,A25,2008,Thpl,7.55,43.1,n,,,,,,,,,,,,,,,,,,,,,,,,,,,,,,,,,,
TO04,A25,2008,Tshe,7.36,59.3,y,,,,,,,,,,,,,,,,,,,,,,,,,,,,,,,,,,
TO04,A25,2008,Thpl,6.92,138.4,y,A28,,,,,,,,,,,,,,,,,,,,,,,,,,,,,,,,,
TO04,A26,2008,Tshe,4.68,15.6,n,,,,,,,,,,,,,,,,,,,,,,,,,,,,,,,,,,
TO04,A26,2008,Tshe,7.18,17.1,n,,,,,,,,,,,,,,,,,,,,,,,,,,,,,,,,,,
TO04,A26,2008,Tshe,5.74,17.4,n,,,,,,,,,,,,,,,,,,,,,,,,,,,,,,,,,,
TO04,A26,2008,Tshe,7.08,20.7,n,,,,,,,,,,,,,,,,,,,,,,,,,,,,,,,,,,
TO04,A26,2008,Tshe,8.64,21.1,n,,,,,,,,,,,,,,,,,,,,,,,,,,,,,,,,,,
TO04,A26,2008,Tshe,8.52,23.2,n,,,,,,,,,,,,,,,,,,,,,,,,,,,,,,,,,,
TO04,A26,2008,Tshe,9.26,29.9,n,,,,,,,,,,,,,,,,,,,,,,,,,,,,,,,,,,
TO04,A26,2008,Tshe,7.37,30.6,n,,,,,,,,,,,,,,,,,,,,,,,,,,,,,,,,,,
TO04,A26,2008,Tshe,8.82,35.9,n,,,,,,,,,,,,,,,,,,,,,,,,,,,,,,,,,,
TO04,A26,2008,Tshe,3.2,52.5,y,,,,,,,,,,,,,,,,,,,,,,,,,,,,,,,,,,
TO04,A26,2008,Tshe,4.36,81.8,y,,,,,,,,,,,,,,,,,,,,,,,,,,,,,,,,,,
TO04,A26,2008,Tshe,4.28,87.0,y,,,,,,,,,,,,,,,,,,,,,,,,,,,,,,,,,,
TO04,A26,2008,Abam,4.12,119.4,y,,,,,,,,,,,,,,,,,,,,,,,,,,,,,,,,,,
TO04,A26,2008,Abam,6.27,123.1,y,A27,,,,,,,,,,,,,,,,,,,,,,,,,,,,,,,,,
TO04,A27,2008,Tshe,8.95,15.6,n,,,,,,,,,,,,,,,,,,,,,,,,,,,,,,,,,,
TO04,A27,2008,Tshe,7.06,17.0,n,,,,,,,,,,,,,,,,,,,,,,,,,,,,,,,,,,
TO04,A27,2008,Tshe,7.46,17.1,n,,,,,,,,,,,,,,,,,,,,,,,,,,,,,,,,,,
TO04,A27,2008,Tshe,8.49,19.8,n,,,,,,,,,,,,,,,,,,,,,,,,,,,,,,,,,,
TO04,A27,2008,Tshe,0.87,20.8,n,,,,,,,,,,,,,,,,,,,,,,,,,,,,,,,,,,
TO04,A27,2008,Tshe,8.09,21.4,n,,,,,,,,,,,,,,,,,,,,,,,,,,,,,,,,,,
TO04,A27,2008,Tshe,6.91,24.5,n,,,,,,,,,,,,,,,,,,,,,,,,,,,,,,,,,,
TO04,A27,2008,Tshe,6.14,30.6,n,,,,,,,,,,,,,,,,,,,,,,,,,,,,,,,,,,
TO04,A27,2008,Tshe,9.49,38.0,y,,,,,,,,,,,,,,,,,,,,,,,,,,,,,,,,,,
TO04,A27,2008,Tshe,2.65,52.5,n,,,,,,,,,,,,,,,,,,,,,,,,,,,,,,,,,,
TO04,A27,2008,Tshe,4.65,60.6,y,,,,,,,,,,,,,,,,,,,,,,,,,,,,,,,,,,
TO04,A27,2008,Tshe,9.76,81.9,y,,,,,,,,,,,,,,,,,,,,,,,,,,,,,,,,,,
TO04,A27,2008,Abam,6.27,108.0,y,A26,,,,,,,,,,,,,,,,,,,,,,,,,,,,,,,,,
TO04,A27,2008,Thpl,7.76,138.4,y,A28,,,,,,,,,,,,,,,,,,,,,,,,,,,,,,,,,
TO04,A28,2008,Tshe,5.75,14.0,n,,,,,,,,,,,,,,,,,,,,,,,,,,,,,,,,,,
TO04,A28,2008,Acci,3.03,14.8,n,,,,,,,,,,,,,,,,,,,,,,,,,,,,,,,,,,
TO04,A28,2008,Tshe,7.15,17.7,n,,,,,,,,,,,,,,,,,,,,,,,,,,,,,,,,,,
TO04,A28,2008,Tshe,5.32,19.9,n,,,,,,,,,,,,,,,,,,,,,,,,,,,,,,,,,,
TO04,A28,2008,Tshe,9.41,20.3,n,,,,,,,,,,,,,,,,,,,,,,,,,,,,,,,,,,
TO04,A28,2008,Tshe,8.21,20.7,n,,,,,,,,,,,,,,,,,,,,,,,,,,,,,,,,,,
TO04,A28,2008,Tshe,9.13,20.7,n,,,,,,,,,,,,,,,,,,,,,,,,,,,,,,,,,,
TO04,A28,2008,Tshe,7.56,20.8,n,,,,,,,,,,,,,,,,,,,,,,,,,,,,,,,,,,
TO04,A28,2008,Tshe,8.04,21.9,n,,,,,,,,,,,,,,,,,,,,,,,,,,,,,,,,,,
TO04,A28,2008,Tshe,2.19,23.5,n,,,,,,,,,,,,,,,,,,,,,,,,,,,,,,,,,,
TO04,A28,2008,Tshe,8.57,28.5,n,,,,,,,,,,,,,,,,,,,,,,,,,,,,,,,,,,
TO04,A28,2008,Tshe,7.14,30.6,y,,,,,,,,,,,,,,,,,,,,,,,,,,,,,,,,,,
TO04,A28,2008,Tshe,4.72,37.4,y,,,,,,,,,,,,,,,,,,,,,,,,,,,,,,,,,,
TO04,A28,2008,Tshe,8.12,38.0,n,,,,,,,,,,,,,,,,,,,,,,,,,,,,,,,,,,
TO04,A28,2008,Tshe,5.42,51.8,y,,,,,,,,,,,,,,,,,,,,,,,,,,,,,,,,,,
TO04,A28,2008,Abam,9.82,52.5,n,,,,,,,,,,,,,,,,,,,,,,,,,,,,,,,,,,
TO04,A28,2008,Thpl,6.97,53.7,y,A25,,,,,,,,,,,,,,,,,,,,,,,,,,,,,,,,,
TO04,A28,2008,Tshe,8.61,60.7,y,Assumed in canopy,,,,,,,,,,,,,,,,,,,,,,,,,,,,,,,,,
TO04,A28,2008,Abam,9.35,85.8,y,,,,,,,,,,,,,,,,,,,,,,,,,,,,,,,,,,
TO04,A28,2008,Abam,7.34,92.8,y,A21,,,,,,,,,,,,,,,,,,,,,,,,,,,,,,,,,
TO04,A28,2008,Abam,7.76,123.1,y,A27,,,,,,,,,,,,,,,,,,,,,,,,,,,,,,,,,
TO04,A29,2008,Acci,8.49,11.0,n,,,,,,,,,,,,,,,,,,,,,,,,,,,,,,,,,,
TO04,A29,2008,Tshe,7.33,13.9,n,,,,,,,,,,,,,,,,,,,,,,,,,,,,,,,,,,
TO04,A29,2008,Tshe,7.8,16.2,n,,,,,,,,,,,,,,,,,,,,,,,,,,,,,,,,,,
TO04,A29,2008,Tshe,3.91,16.9,n,,,,,,,,,,,,,,,,,,,,,,,,,,,,,,,,,,
TO04,A29,2008,Tshe,3.77,17.0,n,,,,,,,,,,,,,,,,,,,,,,,,,,,,,,,,,,
TO04,A29,2008,Tshe,8.3,18.3,n,,,,,,,,,,,,,,,,,,,,,,,,,,,,,,,,,,
TO04,A29,2008,Tshe,4.86,22.9,n,,,,,,,,,,,,,,,,,,,,,,,,,,,,,,,,,,
TO04,A29,2008,Tshe,5.59,26.6,n,,,,,,,,,,,,,,,,,,,,,,,,,,,,,,,,,,
TO04,A29,2008,Tshe,3.47,29.0,n,,,,,,,,,,,,,,,,,,,,,,,,,,,,,,,,,,
TO04,A29,2008,Tshe,0.81,30.8,n,,,,,,,,,,,,,,,,,,,,,,,,,,,,,,,,,,
TO04,A29,2008,Tshe,9.1,31.0,n,,,,,,,,,,,,,,,,,,,,,,,,,,,,,,,,,,
TO04,A29,2008,Tshe,2.9,34.0,n,,,,,,,,,,,,,,,,,,,,,,,,,,,,,,,,,,
TO04,A29,2008,Tshe,9.29,40.3,n,,,,,,,,,,,,,,,,,,,,,,,,,,,,,,,,,,
TO04,A29,2008,Tshe,9.6,44.0,y,,,,,,,,,,,,,,,,,,,,,,,,,,,,,,,,,,
TO04,A29,2008,Tshe,9.3,45.7,y,,,,,,,,,,,,,,,,,,,,,,,,,,,,,,,,,,
TO04,A29,2008,Thpl,3.45,85.8,y,,,,,,,,,,,,,,,,,,,,,,,,,,,,,,,,,,
TO04,A3,2008,Acci,6.88,10.0,n,"Leaning over, at edge of gap, assumed not in canopy",,,,,,,,,,,,,,,,,,,,,,,,,,,,,,,,,
TO04,A3,2008,Tshe,3.44,10.1,n,,,,,,,,,,,,,,,,,,,,,,,,,,,,,,,,,,
TO04,A3,2008,Tshe,5.78,11.5,n,,,,,,,,,,,,,,,,,,,,,,,,,,,,,,,,,,
TO04,A3,2008,Tshe,2.11,12.6,n,,,,,,,,,,,,,,,,,,,,,,,,,,,,,,,,,,
TO04,A3,2008,Tshe,7.17,14.5,n,,,,,,,,,,,,,,,,,,,,,,,,,,,,,,,,,,
TO04,A3,2008,Tshe,6.74,14.8,n,Leaning,,,,,,,,,,,,,,,,,,,,,,,,,,,,,,,,,
TO04,A3,2008,Tshe,4.01,15.0,n,,,,,,,,,,,,,,,,,,,,,,,,,,,,,,,,,,
TO04,A3,2008,Tshe,7.63,15.2,n,,,,,,,,,,,,,,,,,,,,,,,,,,,,,,,,,,
TO04,A3,2008,Tshe,9.69,15.5,n,growing together,,,,,,,,,,,,,,,,,,,,,,,,,,,,,,,,,
TO04,A3,2008,Tshe,9.58,16.4,n,growing together,,,,,,,,,,,,,,,,,,,,,,,,,,,,,,,,,
TO04,A3,2008,Tshe,5.4,16.9,n,,,,,,,,,,,,,,,,,,,,,,,,,,,,,,,,,,
TO04,A3,2008,Tshe,8.97,17.6,n,,,,,,,,,,,,,,,,,,,,,,,,,,,,,,,,,,
TO04,A3,2008,Tshe,4.86,17.8,n,,,,,,,,,,,,,,,,,,,,,,,,,,,,,,,,,,
TO04,A3,2008,Tshe,7.51,18.1,n,,,,,,,,,,,,,,,,,,,,,,,,,,,,,,,,,,
TO04,A3,2008,Tshe,4.45,18.7,n,,,,,,,,,,,,,,,,,,,,,,,,,,,,,,,,,,
TO04,A3,2008,Tshe,4.49,18.9,n,,,,,,,,,,,,,,,,,,,,,,,,,,,,,,,,,,
TO04,A3,2008,Tshe,6.66,19.5,n,,,,,,,,,,,,,,,,,,,,,,,,,,,,,,,,,,
TO04,A3,2008,Tshe,7,22.4,n,,,,,,,,,,,,,,,,,,,,,,,,,,,,,,,,,,
TO04,A3,2008,Tshe,4.5,25.0,n,,,,,,,,,,,,,,,,,,,,,,,,,,,,,,,,,,
TO04,A3,2008,Tshe,4.8,29.9,y,,,,,,,,,,,,,,,,,,,,,,,,,,,,,,,,,,
TO04,A3,2008,Tshe,8.9,33.1,y,,,,,,,,,,,,,,,,,,,,,,,,,,,,,,,,,,
TO04,A3,2008,Tshe,4.26,38.9,y,,,,,,,,,,,,,,,,,,,,,,,,,,,,,,,,,,
TO04,A30,2008,Tshe,5.89,13.7,n,Assumed to be Tshe,,,,,,,,,,,,,,,,,,,,,,,,,,,,,,,,,
TO04,A30,2008,Tshe,7.34,17.4,n,,,,,,,,,,,,,,,,,,,,,,,,,,,,,,,,,,
TO04,A30,2008,Tshe,8.57,20.6,n,,,,,,,,,,,,,,,,,,,,,,,,,,,,,,,,,,
TO04,A30,2008,Tshe,8.8,25.9,n,,,,,,,,,,,,,,,,,,,,,,,,,,,,,,,,,,
TO04,A30,2008,Tshe,8.31,27.3,n,,,,,,,,,,,,,,,,,,,,,,,,,,,,,,,,,,
TO04,A30,2008,Tshe,9.95,30.5,n,,,,,,,,,,,,,,,,,,,,,,,,,,,,,,,,,,
TO04,A30,2008,Tshe,2.55,37.3,n,,,,,,,,,,,,,,,,,,,,,,,,,,,,,,,,,,
TO04,A30,2008,Tshe,5.74,46.0,n,,,,,,,,,,,,,,,,,,,,,,,,,,,,,,,,,,
TO04,A30,2008,Tshe,0.66,55.0,n,,,,,,,,,,,,,,,,,,,,,,,,,,,,,,,,,,
TO04,A30,2008,Tshe,0.69,72.4,y,,,,,,,,,,,,,,,,,,,,,,,,,,,,,,,,,,
TO04,A30,2008,Tshe,8.07,77.2,y,,,,,,,,,,,,,,,,,,,,,,,,,,,,,,,,,,
TO04,A30,2008,Psme,1.99,165.5,y,,,,,,,,,,,,,,,,,,,,,,,,,,,,,,,,,,
TO04,A31,2008,Tshe,5.06,10.9,n,,,,,,,,,,,,,,,,,,,,,,,,,,,,,,,,,,
TO04,A31,2008,Tshe,8.98,11.8,n,,,,,,,,,,,,,,,,,,,,,,,,,,,,,,,,,,
TO04,A31,2008,Tshe,7.68,16.0,n,,,,,,,,,,,,,,,,,,,,,,,,,,,,,,,,,,
TO04,A31,2008,Tshe,7.82,16.4,n,,,,,,,,,,,,,,,,,,,,,,,,,,,,,,,,,,
TO04,A31,2008,Abam,7.19,20.9,n,,,,,,,,,,,,,,,,,,,,,,,,,,,,,,,,,,
TO04,A31,2008,Tshe,9.87,22.2,n,,,,,,,,,,,,,,,,,,,,,,,,,,,,,,,,,,
TO04,A31,2008,Tshe,1.68,39.7,n,,,,,,,,,,,,,,,,,,,,,,,,,,,,,,,,,,
TO04,A31,2008,Thpl,2.2,40.0,n,,,,,,,,,,,,,,,,,,,,,,,,,,,,,,,,,,
TO04,A31,2008,Abam,8.12,42.2,n,,,,,,,,,,,,,,,,,,,,,,,,,,,,,,,,,,
TO04,A31,2008,Tshe,7.22,43.9,n,,,,,,,,,,,,,,,,,,,,,,,,,,,,,,,,,,
TO04,A31,2008,Tshe,2.83,57.7,y,,,,,,,,,,,,,,,,,,,,,,,,,,,,,,,,,,
TO04,A31,2008,Thpl,2.28,72.0,y,,,,,,,,,,,,,,,,,,,,,,,,,,,,,,,,,,
TO04,A31,2008,Tshe,9.27,95.2,y,,,,,,,,,,,,,,,,,,,,,,,,,,,,,,,,,,
TO04,A31,2008,Psme,7.26,163.0,y,A32,,,,,,,,,,,,,,,,,,,,,,,,,,,,,,,,,
TO04,A32,2008,Tshe,6.54,13.8,n,,,,,,,,,,,,,,,,,,,,,,,,,,,,,,,,,,
TO04,A32,2008,Tshe,3.47,30.4,n,,,,,,,,,,,,,,,,,,,,,,,,,,,,,,,,,,
TO04,A32,2008,Tshe,5.29,39.7,y,,,,,,,,,,,,,,,,,,,,,,,,,,,,,,,,,,
TO04,A32,2008,Thpl,9.93,40.0,n,,,,,,,,,,,,,,,,,,,,,,,,,,,,,,,,,,
TO04,A32,2008,Abam,5.2,43.4,n,,,,,,,,,,,,,,,,,,,,,,,,,,,,,,,,,,
TO04,A32,2008,Thpl,8.86,72.0,y,,,,,,,,,,,,,,,,,,,,,,,,,,,,,,,,,,
TO04,A32,2008,Tshe,0.41,95.2,y,,,,,,,,,,,,,,,,,,,,,,,,,,,,,,,,,,
TO04,A32,2008,Psme,7.26,239.1,y,A31,,,,,,,,,,,,,,,,,,,,,,,,,,,,,,,,,
TO04,A33,2008,Tshe,5.85,13.9,n,,,,,,,,,,,,,,,,,,,,,,,,,,,,,,,,,,
TO04,A33,2008,Tshe,9.71,18.3,n,,,,,,,,,,,,,,,,,,,,,,,,,,,,,,,,,,
TO04,A33,2008,Tshe,3.33,34.4,n,,,,,,,,,,,,,,,,,,,,,,,,,,,,,,,,,,
TO04,A33,2008,Tshe,6.82,50.0,n,,,,,,,,,,,,,,,,,,,,,,,,,,,,,,,,,,
TO04,A33,2008,Tshe,7.55,53.5,y,,,,,,,,,,,,,,,,,,,,,,,,,,,,,,,,,,
TO04,A33,2008,Tshe,8.78,55.1,n,,,,,,,,,,,,,,,,,,,,,,,,,,,,,,,,,,
TO04,A33,2008,Tshe,1.76,80.8,y,,,,,,,,,,,,,,,,,,,,,,,,,,,,,,,,,,
TO04,A34,2008,Abam,4.83,11.3,n,,,,,,,,,,,,,,,,,,,,,,,,,,,,,,,,,,
TO04,A34,2008,Tshe,9.15,30.8,n,Assumed not in canopy,,,,,,,,,,,,,,,,,,,,,,,,,,,,,,,,,
TO04,A34,2008,Tshe,9.67,45.6,n,,,,,,,,,,,,,,,,,,,,,,,,,,,,,,,,,,
TO04,A34,2008,Tshe,7.83,46.5,n,,,,,,,,,,,,,,,,,,,,,,,,,,,,,,,,,,
TO04,A34,2008,Tshe,7.02,61.9,n,,,,,,,,,,,,,,,,,,,,,,,,,,,,,,,,,,
TO04,A34,2008,Tshe,3.04,76.8,y,,,,,,,,,,,,,,,,,,,,,,,,,,,,,,,,,,
TO04,A35,2008,Tshe,9.42,15.8,n,,,,,,,,,,,,,,,,,,,,,,,,,,,,,,,,,,
TO04,A35,2008,Tshe,9.76,22.9,n,,,,,,,,,,,,,,,,,,,,,,,,,,,,,,,,,,
TO04,A35,2008,Tshe,5.99,32.8,n,,,,,,,,,,,,,,,,,,,,,,,,,,,,,,,,,,
TO04,A35,2008,Thpl,6.98,32.8,n,,,,,,,,,,,,,,,,,,,,,,,,,,,,,,,,,,
TO04,A35,2008,Tshe,1.77,39.7,n,,,,,,,,,,,,,,,,,,,,,,,,,,,,,,,,,,
TO04,A35,2008,Thpl,2.01,56.2,n,,,,,,,,,,,,,,,,,,,,,,,,,,,,,,,,,,
TO04,A35,2008,Tshe,6.77,58.4,y,,,,,,,,,,,,,,,,,,,,,,,,,,,,,,,,,,
TO04,A35,2008,Tshe,7.59,74.4,y,,,,,,,,,,,,,,,,,,,,,,,,,,,,,,,,,,
TO04,A35,2008,Abam,7.79,116.0,y,,,,,,,,,,,,,,,,,,,,,,,,,,,,,,,,,,
TO04,A35,2008,Thpl,8.63,127.7,y,,,,,,,,,,,,,,,,,,,,,,,,,,,,,,,,,,
TO04,A35,2008,Psme,8.27,216.6,y,,,,,,,,,,,,,,,,,,,,,,,,,,,,,,,,,,
TO04,A36,2009,Abam,7.83,10.2,n,,,,,,,,,,,,,,,,,,,,,,,,,,,,,,,,,,
TO04,A36,2009,Tshe,6.25,10.6,n,,,,,,,,,,,,,,,,,,,,,,,,,,,,,,,,,,
TO04,A36,2009,Tshe,6.38,13.3,n,,,,,,,,,,,,,,,,,,,,,,,,,,,,,,,,,,
TO04,A36,2009,Abam,6.58,14.4,n,,,,,,,,,,,,,,,,,,,,,,,,,,,,,,,,,,
TO04,A36,2009,Abam,8.64,18.9,n,,,,,,,,,,,,,,,,,,,,,,,,,,,,,,,,,,
TO04,A36,2009,Abam,4.81,19.5,n,,,,,,,,,,,,,,,,,,,,,,,,,,,,,,,,,,
TO04,A36,2009,Tshe,6.38,21.5,n,,,,,,,,,,,,,,,,,,,,,,,,,,,,,,,,,,
TO04,A36,2009,Abam,8.27,23.6,n,,,,,,,,,,,,,,,,,,,,,,,,,,,,,,,,,,
TO04,A36,2009,Tshe,9.59,31.0,n,,,,,,,,,,,,,,,,,,,,,,,,,,,,,,,,,,
TO04,A36,2009,Tshe,8.68,33.8,n,,,,,,,,,,,,,,,,,,,,,,,,,,,,,,,,,,
TO04,A36,2009,Abam,8.84,36.8,y,,,,,,,,,,,,,,,,,,,,,,,,,,,,,,,,,,
TO04,A36,2009,Abam,6.12,40.5,n,,,,,,,,,,,,,,,,,,,,,,,,,,,,,,,,,,
TO04,A36,2009,Tshe,7.7,44.7,n,,,,,,,,,,,,,,,,,,,,,,,,,,,,,,,,,,
TO04,A36,2009,Tshe,6.66,47.0,y,,,,,,,,,,,,,,,,,,,,,,,,,,,,,,,,,,
TO04,A36,2009,Abam,2,49.0,n,,,,,,,,,,,,,,,,,,,,,,,,,,,,,,,,,,
TO04,A36,2009,Thpl,4.48,54.2,n,,,,,,,,,,,,,,,,,,,,,,,,,,,,,,,,,,
TO04,A36,2009,Thpl,8.99,54.5,n,,,,,,,,,,,,,,,,,,,,,,,,,,,,,,,,,,
TO04,A37,2009,Tshe,4.33,10.7,n,,,,,,,,,,,,,,,,,,,,,,,,,,,,,,,,,,
TO04,A37,2009,Tshe,2.31,14.6,n,,,,,,,,,,,,,,,,,,,,,,,,,,,,,,,,,,
TO04,A37,2009,Abam,6.1,16.3,n,,,,,,,,,,,,,,,,,,,,,,,,,,,,,,,,,,
TO04,A37,2009,Abam,4.18,16.6,n,,,,,,,,,,,,,,,,,,,,,,,,,,,,,,,,,,
TO04,A37,2009,Abam,4.21,17.4,n,,,,,,,,,,,,,,,,,,,,,,,,,,,,,,,,,,
TO04,A37,2009,Tshe,8.01,17.9,n,,,,,,,,,,,,,,,,,,,,,,,,,,,,,,,,,,
TO04,A37,2009,Acci,3.79,18.8,n,,,,,,,,,,,,,,,,,,,,,,,,,,,,,,,,,,
TO04,A37,2009,Abam,7.74,19.8,n,,,,,,,,,,,,,,,,,,,,,,,,,,,,,,,,,,
TO04,A37,2009,Abam,6.49,21.5,n,,,,,,,,,,,,,,,,,,,,,,,,,,,,,,,,,,
TO04,A37,2009,Abam,5.04,27.1,n,,,,,,,,,,,,,,,,,,,,,,,,,,,,,,,,,,
TO04,A37,2009,Abam,6.56,28.0,n,,,,,,,,,,,,,,,,,,,,,,,,,,,,,,,,,,
TO04,A37,2009,Abam,6.57,28.1,n,,,,,,,,,,,,,,,,,,,,,,,,,,,,,,,,,,
TO04,A37,2009,Tshe,3.86,30.6,n,,,,,,,,,,,,,,,,,,,,,,,,,,,,,,,,,,
TO04,A37,2009,Tshe,4.22,34.2,n,,,,,,,,,,,,,,,,,,,,,,,,,,,,,,,,,,
TO04,A37,2009,Abam,4.84,34.3,n,,,,,,,,,,,,,,,,,,,,,,,,,,,,,,,,,,
TO04,A37,2009,Abam,4.94,40.0,n,,,,,,,,,,,,,,,,,,,,,,,,,,,,,,,,,,
TO04,A37,2009,Tshe,7.94,42.8,n,,,,,,,,,,,,,,,,,,,,,,,,,,,,,,,,,,
TO04,A37,2009,Tshe,4.4,50.4,y,,,,,,,,,,,,,,,,,,,,,,,,,,,,,,,,,,
TO04,A37,2009,Abam,5.91,66.0,y,,,,,,,,,,,,,,,,,,,,,,,,,,,,,,,,,,
TO04,A37,2009,Tshe,7.43,85.5,n,,,,,,,,,,,,,,,,,,,,,,,,,,,,,,,,,,
TO04,A38,2009,Abam,6.6,10.6,n,,,,,,,,,,,,,,,,,,,,,,,,,,,,,,,,,,
TO04,A38,2009,Abam,7.62,12.1,n,,,,,,,,,,,,,,,,,,,,,,,,,,,,,,,,,,
TO04,A38,2009,Abam,7.25,12.7,n,,,,,,,,,,,,,,,,,,,,,,,,,,,,,,,,,,
TO04,A38,2009,Abam,8.01,13.6,n,,,,,,,,,,,,,,,,,,,,,,,,,,,,,,,,,,
TO04,A38,2009,Thpl,6.39,13.9,n,,,,,,,,,,,,,,,,,,,,,,,,,,,,,,,,,,
TO04,A38,2009,Abam,8.8,24.2,n,,,,,,,,,,,,,,,,,,,,,,,,,,,,,,,,,,
TO04,A38,2009,Tshe,5.91,26.8,n,,,,,,,,,,,,,,,,,,,,,,,,,,,,,,,,,,
TO04,A38,2009,Tshe,4.93,28.3,n,,,,,,,,,,,,,,,,,,,,,,,,,,,,,,,,,,
TO04,A38,2009,Tshe,7.71,29.1,n,,,,,,,,,,,,,,,,,,,,,,,,,,,,,,,,,,
TO04,A38,2009,Tshe,7.04,29.7,n,,,,,,,,,,,,,,,,,,,,,,,,,,,,,,,,,,
TO04,A38,2009,Abam,6.99,33.0,n,,,,,,,,,,,,,,,,,,,,,,,,,,,,,,,,,,
TO04,A38,2009,Tabr,2.83,34.0,n,,,,,,,,,,,,,,,,,,,,,,,,,,,,,,,,,,
TO04,A38,2009,Tshe,7.45,47.8,y,,,,,,,,,,,,,,,,,,,,,,,,,,,,,,,,,,
TO04,A38,2009,Tshe,9.95,64.8,y,,,,,,,,,,,,,,,,,,,,,,,,,,,,,,,,,,
TO04,A4,2008,Tshe,3.2,10.7,n,,,,,,,,,,,,,,,,,,,,,,,,,,,,,,,,,,
TO04,A4,2008,Tshe,7.58,11.1,n,,,,,,,,,,,,,,,,,,,,,,,,,,,,,,,,,,
TO04,A4,2008,Tshe,7.47,11.3,n,,,,,,,,,,,,,,,,,,,,,,,,,,,,,,,,,,
TO04,A4,2008,Tshe,1.68,15.8,n,,,,,,,,,,,,,,,,,,,,,,,,,,,,,,,,,,
TO04,A4,2008,Tshe,3.29,16.1,n,,,,,,,,,,,,,,,,,,,,,,,,,,,,,,,,,,
TO04,A4,2008,Tshe,5.18,21.1,n,,,,,,,,,,,,,,,,,,,,,,,,,,,,,,,,,,
TO04,A4,2008,Tshe,6.41,23.5,n,,,,,,,,,,,,,,,,,,,,,,,,,,,,,,,,,,
TO04,A4,2008,Tshe,5.84,26.7,n,,,,,,,,,,,,,,,,,,,,,,,,,,,,,,,,,,
TO04,A4,2008,Tshe,4.31,29.4,n,,,,,,,,,,,,,,,,,,,,,,,,,,,,,,,,,,
TO04,A4,2008,Tshe,9.55,33.0,y,,,,,,,,,,,,,,,,,,,,,,,,,,,,,,,,,,
TO04,A4,2008,Alnus,6.89,33.8,y,,,,,,,,,,,,,,,,,,,,,,,,,,,,,,,,,,
TO04,A4,2008,Tshe,6.06,36.2,y,,,,,,,,,,,,,,,,,,,,,,,,,,,,,,,,,,
TO04,A4,2008,Thpl,7.49,180.0,y,,,,,,,,,,,,,,,,,,,,,,,,,,,,,,,,,,
TO04,A4,2008,Thpl,7.93,190.0,y,,,,,,,,,,,,,,,,,,,,,,,,,,,,,,,,,,
TO04,A40,2009,Abam,8.87,12.7,n,,,,,,,,,,,,,,,,,,,,,,,,,,,,,,,,,,
TO04,A40,2009,Abam,8.91,18.0,n,,,,,,,,,,,,,,,,,,,,,,,,,,,,,,,,,,
TO04,A40,2009,Abam,6.84,30.6,n,,,,,,,,,,,,,,,,,,,,,,,,,,,,,,,,,,
TO04,A40,2009,Tshe,2.62,31.4,n,,,,,,,,,,,,,,,,,,,,,,,,,,,,,,,,,,
TO04,A40,2009,Tshe,9.08,37.0,n,,,,,,,,,,,,,,,,,,,,,,,,,,,,,,,,,,
TO04,A40,2009,Abam,9.77,39.3,n,,,,,,,,,,,,,,,,,,,,,,,,,,,,,,,,,,
TO04,A40,2009,Tshe,9.95,41.8,y,,,,,,,,,,,,,,,,,,,,,,,,,,,,,,,,,,
TO04,A40,2009,Abam,5.4,44.2,y,,,,,,,,,,,,,,,,,,,,,,,,,,,,,,,,,,
TO04,A40,2009,Tshe,3.43,58.1,y,,,,,,,,,,,,,,,,,,,,,,,,,,,,,,,,,,
TO04,A40,2009,Tshe,5.12,64.1,y,,,,,,,,,,,,,,,,,,,,,,,,,,,,,,,,,,
TO04,A41,2009,Tshe,6.58,11.0,n,,,,,,,,,,,,,,,,,,,,,,,,,,,,,,,,,,
TO04,A41,2009,Tshe,8.53,14.5,n,,,,,,,,,,,,,,,,,,,,,,,,,,,,,,,,,,
TO04,A41,2009,Alru,6.78,15.7,n,,,,,,,,,,,,,,,,,,,,,,,,,,,,,,,,,,
TO04,A41,2009,Tshe,4.53,15.8,n,,,,,,,,,,,,,,,,,,,,,,,,,,,,,,,,,,
TO04,A41,2009,Tabr,5.6,16.4,n,,,,,,,,,,,,,,,,,,,,,,,,,,,,,,,,,,
TO04,A41,2009,Abam,9.44,18.1,n,,,,,,,,,,,,,,,,,,,,,,,,,,,,,,,,,,
TO04,A41,2009,Abam,8.87,25.3,n,,,,,,,,,,,,,,,,,,,,,,,,,,,,,,,,,,
TO04,A41,2009,Abam,6.58,25.9,n,,,,,,,,,,,,,,,,,,,,,,,,,,,,,,,,,,
TO04,A41,2009,Thpl,5.98,34.7,n,,,,,,,,,,,,,,,,,,,,,,,,,,,,,,,,,,
TO04,A41,2009,Abam,8.04,34.9,n,,,,,,,,,,,,,,,,,,,,,,,,,,,,,,,,,,
TO04,A41,2009,Abam,9.35,44.5,n,,,,,,,,,,,,,,,,,,,,,,,,,,,,,,,,,,
TO04,A41,2009,Tshe,3.81,49.4,n,,,,,,,,,,,,,,,,,,,,,,,,,,,,,,,,,,
TO04,A41,2009,Tshe,9.84,91.2,y,,,,,,,,,,,,,,,,,,,,,,,,,,,,,,,,,,
TO04,A41,2009,Tshe,5.09,125.9,y,,,,,,,,,,,,,,,,,,,,,,,,,,,,,,,,,,
TO04,A42,2009,Acci,8.09,10.4,n,,,,,,,,,,,,,,,,,,,,,,,,,,,,,,,,,,
TO04,A42,2009,Thpl,6.1,10.8,n,,,,,,,,,,,,,,,,,,,,,,,,,,,,,,,,,,
TO04,A42,2009,Tshe,6.67,11.6,n,,,,,,,,,,,,,,,,,,,,,,,,,,,,,,,,,,
TO04,A42,2009,Tshe,6.37,12.0,n,,,,,,,,,,,,,,,,,,,,,,,,,,,,,,,,,,
TO04,A42,2009,Tshe,6.74,14.5,n,,,,,,,,,,,,,,,,,,,,,,,,,,,,,,,,,,
TO04,A42,2009,Alru,8.3,15.6,n,,,,,,,,,,,,,,,,,,,,,,,,,,,,,,,,,,
TO04,A42,2009,Tshe,9.74,19.2,n,,,,,,,,,,,,,,,,,,,,,,,,,,,,,,,,,,
TO04,A42,2009,Thpl,2.44,20.7,n,,,,,,,,,,,,,,,,,,,,,,,,,,,,,,,,,,
TO04,A42,2009,Alru,8.39,20.8,n,,,,,,,,,,,,,,,,,,,,,,,,,,,,,,,,,,
TO04,A42,2009,Thpl,5.97,21.8,n,,,,,,,,,,,,,,,,,,,,,,,,,,,,,,,,,,
TO04,A42,2009,Alru,5.94,22.6,n,,,,,,,,,,,,,,,,,,,,,,,,,,,,,,,,,,
TO04,A42,2009,Tshe,7.42,22.6,n,,,,,,,,,,,,,,,,,,,,,,,,,,,,,,,,,,
TO04,A42,2009,Tshe,4.85,26.5,n,,,,,,,,,,,,,,,,,,,,,,,,,,,,,,,,,,
TO04,A42,2009,Tshe,5.05,31.5,n,,,,,,,,,,,,,,,,,,,,,,,,,,,,,,,,,,
TO04,A42,2009,Tshe,9.8,32.2,n,,,,,,,,,,,,,,,,,,,,,,,,,,,,,,,,,,
TO04,A42,2009,Thpl,6.57,36.8,n,,,,,,,,,,,,,,,,,,,,,,,,,,,,,,,,,,
TO04,A42,2009,Tshe,6.56,41.5,n,,,,,,,,,,,,,,,,,,,,,,,,,,,,,,,,,,
TO04,A42,2009,Abam,3.93,43.0,n,,,,,,,,,,,,,,,,,,,,,,,,,,,,,,,,,,
TO04,A42,2009,Thpl,6.29,43.2,n,,,,,,,,,,,,,,,,,,,,,,,,,,,,,,,,,,
TO04,A42,2009,Tshe,5.67,59.4,n,,,,,,,,,,,,,,,,,,,,,,,,,,,,,,,,,,
TO04,A42,2009,Tshe,7.95,79.8,n,,,,,,,,,,,,,,,,,,,,,,,,,,,,,,,,,,
TO04,A42,2009,Thpl,9.29,103.7,n,,,,,,,,,,,,,,,,,,,,,,,,,,,,,,,,,,
TO04,A43,2009,Acci,2.99,12.3,n,,,,,,,,,,,,,,,,,,,,,,,,,,,,,,,,,,
TO04,A43,2009,Thpl,2.5,14.6,n,,,,,,,,,,,,,,,,,,,,,,,,,,,,,,,,,,
TO04,A43,2009,Tshe,8.57,16.0,n,,,,,,,,,,,,,,,,,,,,,,,,,,,,,,,,,,
TO04,A43,2009,Tshe,7.16,16.1,n,,,,,,,,,,,,,,,,,,,,,,,,,,,,,,,,,,
TO04,A43,2009,Tshe,7.83,18.9,n,,,,,,,,,,,,,,,,,,,,,,,,,,,,,,,,,,
TO04,A43,2009,Tshe,4.6,20.6,n,,,,,,,,,,,,,,,,,,,,,,,,,,,,,,,,,,
TO04,A43,2009,Tshe,7.97,21.9,n,,,,,,,,,,,,,,,,,,,,,,,,,,,,,,,,,,
TO04,A43,2009,Thpl,7.2,34.9,n,,,,,,,,,,,,,,,,,,,,,,,,,,,,,,,,,,
TO04,A43,2009,Tshe,4.41,35.0,n,,,,,,,,,,,,,,,,,,,,,,,,,,,,,,,,,,
TO04,A43,2009,Alru,7.55,48.5,n,,,,,,,,,,,,,,,,,,,,,,,,,,,,,,,,,,
TO04,A43,2009,Thpl,3.99,53.7,n,,,,,,,,,,,,,,,,,,,,,,,,,,,,,,,,,,
TO04,A43,2009,Tshe,3.33,70.7,y,,,,,,,,,,,,,,,,,,,,,,,,,,,,,,,,,,
TO04,A43,2009,Thpl,7.91,80.5,n,,,,,,,,,,,,,,,,,,,,,,,,,,,,,,,,,,
TO04,A43,2009,Tshe,5.7,113.6,y,,,,,,,,,,,,,,,,,,,,,,,,,,,,,,,,,,
TO04,A45,2009,Tshe,3.41,11.0,n,,,,,,,,,,,,,,,,,,,,,,,,,,,,,,,,,,
TO04,A45,2009,Tshe,4.51,12.7,n,,,,,,,,,,,,,,,,,,,,,,,,,,,,,,,,,,
TO04,A45,2009,Tshe,4.95,12.9,n,,,,,,,,,,,,,,,,,,,,,,,,,,,,,,,,,,
TO04,A45,2009,Tshe,6.85,13.0,n,,,,,,,,,,,,,,,,,,,,,,,,,,,,,,,,,,
TO04,A45,2009,Tshe,4.06,14.1,n,,,,,,,,,,,,,,,,,,,,,,,,,,,,,,,,,,
TO04,A45,2009,Tshe,5.72,15.6,n,,,,,,,,,,,,,,,,,,,,,,,,,,,,,,,,,,
TO04,A45,2009,Tshe,7.65,18.2,n,,,,,,,,,,,,,,,,,,,,,,,,,,,,,,,,,,
TO04,A45,2009,Tshe,7.72,21.2,n,,,,,,,,,,,,,,,,,,,,,,,,,,,,,,,,,,
TO04,A45,2009,Tshe,8.6,25.7,n,,,,,,,,,,,,,,,,,,,,,,,,,,,,,,,,,,
TO04,A45,2009,Tshe,7.21,27.0,n,,,,,,,,,,,,,,,,,,,,,,,,,,,,,,,,,,
TO04,A45,2009,Tshe,5.28,27.6,n,nurselog,,,,,,,,,,,,,,,,,,,,,,,,,,,,,,,,,
TO04,A45,2009,Tshe,9.33,33.0,n,,,,,,,,,,,,,,,,,,,,,,,,,,,,,,,,,,
TO04,A45,2009,Tshe,5.64,34.2,n,,,,,,,,,,,,,,,,,,,,,,,,,,,,,,,,,,
TO04,A45,2009,Tshe,2.87,38.5,n,,,,,,,,,,,,,,,,,,,,,,,,,,,,,,,,,,
TO04,A45,2009,Tshe,6.53,82.0,y,A72,,,,,,,,,,,,,,,,,,,,,,,,,,,,,,,,,
TO04,A45,2009,Tshe,9.96,88.9,y,,,,,,,,,,,,,,,,,,,,,,,,,,,,,,,,,,
TO04,A5,2008,Acci,4.69,10.2,n,,,,,,,,,,,,,,,,,,,,,,,,,,,,,,,,,,
TO04,A5,2008,Acci,3.67,10.5,n,,,,,,,,,,,,,,,,,,,,,,,,,,,,,,,,,,
TO04,A5,2008,Tshe,7.67,10.8,n,,,,,,,,,,,,,,,,,,,,,,,,,,,,,,,,,,
TO04,A5,2008,Tshe,0.97,13.0,n,,,,,,,,,,,,,,,,,,,,,,,,,,,,,,,,,,
TO04,A5,2008,Tshe,8.47,15.0,n,,,,,,,,,,,,,,,,,,,,,,,,,,,,,,,,,,
TO04,A5,2008,Tshe,7.02,16.0,n,,,,,,,,,,,,,,,,,,,,,,,,,,,,,,,,,,
TO04,A5,2008,Acci,7.36,16.8,n,bent over main trunk,,,,,,,,,,,,,,,,,,,,,,,,,,,,,,,,,
TO04,A5,2008,Tshe,8.54,18.1,n,,,,,,,,,,,,,,,,,,,,,,,,,,,,,,,,,,
TO04,A5,2008,Tshe,6.34,18.5,n,,,,,,,,,,,,,,,,,,,,,,,,,,,,,,,,,,
TO04,A5,2008,Tshe,9.65,18.8,n,,,,,,,,,,,,,,,,,,,,,,,,,,,,,,,,,,
TO04,A5,2008,Tshe,6.9,22.4,n,,,,,,,,,,,,,,,,,,,,,,,,,,,,,,,,,,
TO04,A5,2008,Thpl,8.47,75.0,y,A6,,,,,,,,,,,,,,,,,,,,,,,,,,,,,,,,,
TO04,A6,2008,Tshe,8.94,10.0,n,,,,,,,,,,,,,,,,,,,,,,,,,,,,,,,,,,
TO04,A6,2008,Acci,9.66,10.2,n,bent over,,,,,,,,,,,,,,,,,,,,,,,,,,,,,,,,,
TO04,A6,2008,Tshe,7.5,13.0,n,,,,,,,,,,,,,,,,,,,,,,,,,,,,,,,,,,
TO04,A6,2008,Abam,9.25,14.4,n,,,,,,,,,,,,,,,,,,,,,,,,,,,,,,,,,,
TO04,A6,2008,Tshe,8.81,15.1,n,,,,,,,,,,,,,,,,,,,,,,,,,,,,,,,,,,
TO04,A6,2008,Acci,6.36,17.9,n,"bent over, in gap",,,,,,,,,,,,,,,,,,,,,,,,,,,,,,,,,
TO04,A6,2008,Tshe,4.36,18.1,n,,,,,,,,,,,,,,,,,,,,,,,,,,,,,,,,,,
TO04,A6,2008,Tshe,4.24,19.9,n,,,,,,,,,,,,,,,,,,,,,,,,,,,,,,,,,,
TO04,A6,2008,Tshe,3.63,22.1,n,A1,,,,,,,,,,,,,,,,,,,,,,,,,,,,,,,,,
TO04,A6,2008,Tshe,1.88,23.0,,canopy never observed,,,,,,,,,,,,,,,,,,,,,,,,,,,,,,,,,
TO04,A6,2008,Tshe,9.2,23.9,n,,,,,,,,,,,,,,,,,,,,,,,,,,,,,,,,,,
TO04,A6,2008,Tshe,9.52,28.0,y,,,,,,,,,,,,,,,,,,,,,,,,,,,,,,,,,,
TO04,A6,2008,Tshe,9.4,46.9,y,,,,,,,,,,,,,,,,,,,,,,,,,,,,,,,,,,
TO04,A6,2008,Tshe,8.47,66.5,y,A5,,,,,,,,,,,,,,,,,,,,,,,,,,,,,,,,,
TO04,A6,2008,Tshe,7.9,84.6,y,A7,,,,,,,,,,,,,,,,,,,,,,,,,,,,,,,,,
TO04,A68,2009,Abam,7.91,10.9,n,,,,,,,,,,,,,,,,,,,,,,,,,,,,,,,,,,
TO04,A68,2009,Abam,9.14,12.3,n,,,,,,,,,,,,,,,,,,,,,,,,,,,,,,,,,,
TO04,A68,2009,Tshe,4.02,13.8,n,,,,,,,,,,,,,,,,,,,,,,,,,,,,,,,,,,
TO04,A68,2009,Tshe,8.86,14.0,n,,,,,,,,,,,,,,,,,,,,,,,,,,,,,,,,,,
TO04,A68,2009,Tshe,7.27,14.8,n,,,,,,,,,,,,,,,,,,,,,,,,,,,,,,,,,,
TO04,A68,2009,Tshe,3.82,15.8,n,,,,,,,,,,,,,,,,,,,,,,,,,,,,,,,,,,
TO04,A68,2009,Tshe,9.42,20.1,n,,,,,,,,,,,,,,,,,,,,,,,,,,,,,,,,,,
TO04,A68,2009,Thpl,4.53,22.4,n,,,,,,,,,,,,,,,,,,,,,,,,,,,,,,,,,,
TO04,A68,2009,Tshe,7.84,26.2,n,,,,,,,,,,,,,,,,,,,,,,,,,,,,,,,,,,
TO04,A68,2009,Tshe,3.99,38.2,n,,,,,,,,,,,,,,,,,,,,,,,,,,,,,,,,,,
TO04,A68,2009,Tshe,4.45,93.9,y,,,,,,,,,,,,,,,,,,,,,,,,,,,,,,,,,,
TO04,A7,2008,Tshe,6.82,9.6,,small! & canopy never observed,,,,,,,,,,,,,,,,,,,,,,,,,,,,,,,,,
TO04,A7,2008,Tshe,5.62,10.2,,canopy never observed,,,,,,,,,,,,,,,,,,,,,,,,,,,,,,,,,
TO04,A7,2008,Abam,1.08,12.9,,canopy never observed,,,,,,,,,,,,,,,,,,,,,,,,,,,,,,,,,
TO04,A7,2008,Abam,3.21,14.4,,canopy never observed,,,,,,,,,,,,,,,,,,,,,,,,,,,,,,,,,
TO04,A7,2008,Tshe,6.52,15.1,,canopy never observed,,,,,,,,,,,,,,,,,,,,,,,,,,,,,,,,,
TO04,A7,2008,Tshe,8.66,18.1,,canopy never observed,,,,,,,,,,,,,,,,,,,,,,,,,,,,,,,,,
TO04,A7,2008,Tshe,6.15,19.9,,canopy never observed,,,,,,,,,,,,,,,,,,,,,,,,,,,,,,,,,
TO04,A7,2008,Tshe,7.76,22.1,,canopy never observed,,,,,,,,,,,,,,,,,,,,,,,,,,,,,,,,,
TO04,A7,2008,Tshe,9.84,23.0,,canopy never observed,,,,,,,,,,,,,,,,,,,,,,,,,,,,,,,,,
TO04,A7,2008,Tshe,7.03,23.6,,canopy never observed,,,,,,,,,,,,,,,,,,,,,,,,,,,,,,,,,
TO04,A7,2008,Tshe,7.72,78.2,,canopy never observed,,,,,,,,,,,,,,,,,,,,,,,,,,,,,,,,,
TO04,A7,2008,Thpl,7.95,190.0,,canopy never observed,,,,,,,,,,,,,,,,,,,,,,,,,,,,,,,,,
TO04,A8,2008,Acci,5.01,10.4,,"bent over, danopy never observed",,,,,,,,,,,,,,,,,,,,,,,,,,,,,,,,,
TO04,A8,2008,Tshe,6.4,14.5,,canopy never observed,,,,,,,,,,,,,,,,,,,,,,,,,,,,,,,,,
TO04,A8,2008,Tshe,7.89,15.0,,canopy never observed,,,,,,,,,,,,,,,,,,,,,,,,,,,,,,,,,
TO04,A8,2008,Tshe,8.15,15.3,,"leaning over, and canopy never observed",,,,,,,,,,,,,,,,,,,,,,,,,,,,,,,,,
TO04,A8,2008,Tshe,7.85,15.3,,canopy never observed,,,,,,,,,,,,,,,,,,,,,,,,,,,,,,,,,
TO04,A8,2008,Acci,7.97,15.5,,"also in plot of A2 (distance to A2 = 2.51), canopy never observed",,,,,,,,,,,,,,,,,,,,,,,,,,,,,,,,,
TO04,A8,2008,Acci,5.33,15.6,,canopy never observed,,,,,,,,,,,,,,,,,,,,,,,,,,,,,,,,,
TO04,A8,2008,Tshe,8.76,16.4,,canopy never observed,,,,,,,,,,,,,,,,,,,,,,,,,,,,,,,,,
TO04,A8,2008,Tshe,4.46,17.9,,canopy never observed,,,,,,,,,,,,,,,,,,,,,,,,,,,,,,,,,
TO04,A8,2008,Tshe,8.09,19.8,,canopy never observed,,,,,,,,,,,,,,,,,,,,,,,,,,,,,,,,,
TO04,A8,2008,Tshe,4.39,21.0,,canopy never observed,,,,,,,,,,,,,,,,,,,,,,,,,,,,,,,,,
TO04,A8,2008,Tshe,3.38,22.7,,canopy never observed,,,,,,,,,,,,,,,,,,,,,,,,,,,,,,,,,
TO04,A8,2008,Tshe,2.11,26.3,,canopy never observed,,,,,,,,,,,,,,,,,,,,,,,,,,,,,,,,,
TO04,A8,2008,Tshe,9.16,29.5,,canopy never observed,,,,,,,,,,,,,,,,,,,,,,,,,,,,,,,,,
TO04,A8,2008,Tshe,4.87,32.9,,canopy never observed,,,,,,,,,,,,,,,,,,,,,,,,,,,,,,,,,
TO04,A8,2008,Alnus,9.62,33.8,,canopy never observed,,,,,,,,,,,,,,,,,,,,,,,,,,,,,,,,,
TO04,A8,2008,Tshe,4.17,35.3,,canopy never observed,,,,,,,,,,,,,,,,,,,,,,,,,,,,,,,,,
TO04,A8,2008,Tshe,9.62,58.6,y,A2,,,,,,,,,,,,,,,,,,,,,,,,,,,,,,,,,
TO04,A8,2008,Tshe,7.49,73.8,y,A4,,,,,,,,,,,,,,,,,,,,,,,,,,,,,,,,,
TO04,A81,2010,Tshe,7.14,17.1,n,,,,,,,,,,,,,,,,,,,,,,,,,,,,,,,,,,
TO04,A81,2010,Tshe,7.11,20.3,n,,,,,,,,,,,,,,,,,,,,,,,,,,,,,,,,,,
TO04,A81,2010,Tshe,7.48,20.4,n,,,,,,,,,,,,,,,,,,,,,,,,,,,,,,,,,,
TO04,A81,2010,Tshe,7.51,23.5,n,,,,,,,,,,,,,,,,,,,,,,,,,,,,,,,,,,
TO04,A81,2010,Tshe,7.85,26.0,n,,,,,,,,,,,,,,,,,,,,,,,,,,,,,,,,,,
TO04,A81,2010,Alru,5.03,26.3,n,,,,,,,,,,,,,,,,,,,,,,,,,,,,,,,,,,
TO04,A81,2010,Tshe,7.02,29.4,n,,,,,,,,,,,,,,,,,,,,,,,,,,,,,,,,,,
TO04,A81,2010,Tshe,2.97,29.6,n,,,,,,,,,,,,,,,,,,,,,,,,,,,,,,,,,,
TO04,A81,2010,Tshe,5.50,31.0,n,,,,,,,,,,,,,,,,,,,,,,,,,,,,,,,,,,
TO04,A81,2010,Tshe,5.68,39.5,y,,,,,,,,,,,,,,,,,,,,,,,,,,,,,,,,,,
TO04,A81,2010,Abgr,8.21,40.0,n,,,,,,,,,,,,,,,,,,,,,,,,,,,,,,,,,,
TO04,A81,2010,Tshe,7.97,47.5,y,,,,,,,,,,,,,,,,,,,,,,,,,,,,,,,,,,
TO04,A81,2010,Tshe,8.02,64.3,y,,,,,,,,,,,,,,,,,,,,,,,,,,,,,,,,,,
TO04,A81,2010,Thpl,8.77,136.0,y,,,,,,,,,,,,,,,,,,,,,,,,,,,,,,,,,,
TO04,A82,2010,Acci,5.54,10.5,n,,,,,,,,,,,,,,,,,,,,,,,,,,,,,,,,,,
TO04,A82,2010,Tshe,8.45,13.2,n,,,,,,,,,,,,,,,,,,,,,,,,,,,,,,,,,,
TO04,A82,2010,Tshe,8.28,13.5,n,,,,,,,,,,,,,,,,,,,,,,,,,,,,,,,,,,
TO04,A82,2010,Tshe,8.87,15.0,n,,,,,,,,,,,,,,,,,,,,,,,,,,,,,,,,,,
TO04,A82,2010,Acci,6.10,18.2,n,,,,,,,,,,,,,,,,,,,,,,,,,,,,,,,,,,
TO04,A82,2010,Tshe,7.48,18.3,n,,,,,,,,,,,,,,,,,,,,,,,,,,,,,,,,,,
TO04,A82,2010,Tshe,8.45,18.3,n,,,,,,,,,,,,,,,,,,,,,,,,,,,,,,,,,,
TO04,A82,2010,Acci,7.89,18.8,n,,,,,,,,,,,,,,,,,,,,,,,,,,,,,,,,,,
TO04,A82,2010,Acci,6.06,20.6,n,,,,,,,,,,,,,,,,,,,,,,,,,,,,,,,,,,
TO04,A82,2010,Tshe,9.14,24.9,n,,,,,,,,,,,,,,,,,,,,,,,,,,,,,,,,,,
TO04,A82,2010,Tshe,4.13,26.1,n,,,,,,,,,,,,,,,,,,,,,,,,,,,,,,,,,,
TO04,A82,2010,Tshe,1.02,34.5,n,,,,,,,,,,,,,,,,,,,,,,,,,,,,,,,,,,
TO04,A82,2010,Tshe,7.61,42.2,n,,,,,,,,,,,,,,,,,,,,,,,,,,,,,,,,,,
TO04,A82,2010,Tshe,9.90,45.0,y,,,,,,,,,,,,,,,,,,,,,,,,,,,,,,,,,,
TO04,A82,2010,Tshe,9.09,47.5,n,,,,,,,,,,,,,,,,,,,,,,,,,,,,,,,,,,
TO04,A82,2010,Tshe,5.91,49.3,n,,,,,,,,,,,,,,,,,,,,,,,,,,,,,,,,,,
TO04,A82,2010,Tshe,2.10,98.3,y,,,,,,,,,,,,,,,,,,,,,,,,,,,,,,,,,,
TO04,A83,2010,Tshe,4.52,12.3,n,,,,,,,,,,,,,,,,,,,,,,,,,,,,,,,,,,
TO04,A83,2010,Tshe,6.75,14.1,n,,,,,,,,,,,,,,,,,,,,,,,,,,,,,,,,,,
TO04,A83,2010,THSE,9.80,15.8,n,,,,,,,,,,,,,,,,,,,,,,,,,,,,,,,,,,
TO04,A83,2010,Tshe,7.15,23.1,n,,,,,,,,,,,,,,,,,,,,,,,,,,,,,,,,,,
TO04,A83,2010,Tshe,9.43,23.2,n,,,,,,,,,,,,,,,,,,,,,,,,,,,,,,,,,,
TO04,A83,2010,Tshe,7.30,25.0,n,,,,,,,,,,,,,,,,,,,,,,,,,,,,,,,,,,
TO04,A83,2010,Abam,5.67,27.3,n,,,,,,,,,,,,,,,,,,,,,,,,,,,,,,,,,,
TO04,A83,2010,Thpl,2.04,35.8,n,,,,,,,,,,,,,,,,,,,,,,,,,,,,,,,,,,
TO04,A83,2010,Tshe,9.23,40.0,y,,,,,,,,,,,,,,,,,,,,,,,,,,,,,,,,,,
TO04,A83,2010,Tshe,5.81,43.0,y,,,,,,,,,,,,,,,,,,,,,,,,,,,,,,,,,,
TO04,A83,2010,Tshe,9.34,44.7,y,,,,,,,,,,,,,,,,,,,,,,,,,,,,,,,,,,
TO04,A83,2010,Tshe,9.93,57.5,y,,,,,,,,,,,,,,,,,,,,,,,,,,,,,,,,,,
TO04,A83,2010,Tshe,6.10,65.9,y,,,,,,,,,,,,,,,,,,,,,,,,,,,,,,,,,,
TO04,A84,2010,Abgr,4.37,14.2,n,,,,,,,,,,,,,,,,,,,,,,,,,,,,,,,,,,
TO04,A84,2010,Tshe,1.24,18.6,n,,,,,,,,,,,,,,,,,,,,,,,,,,,,,,,,,,
TO04,A84,2010,Tshe,8.41,22.2,n,,,,,,,,,,,,,,,,,,,,,,,,,,,,,,,,,,
TO04,A84,2010,Abam,7.54,30.0,n,,,,,,,,,,,,,,,,,,,,,,,,,,,,,,,,,,
TO04,A84,2010,Tshe,2.73,35.2,y,,,,,,,,,,,,,,,,,,,,,,,,,,,,,,,,,,
TO04,A84,2010,Thpl,9.20,220.3,y,,,,,,,,,,,,,,,,,,,,,,,,,,,,,,,,,,
TO04,A85,2010,Acci,6.30,10.0,n,,,,,,,,,,,,,,,,,,,,,,,,,,,,,,,,,,
TO04,A85,2010,Acci,6.12,11.0,n,,,,,,,,,,,,,,,,,,,,,,,,,,,,,,,,,,
TO04,A85,2010,Tshe,7.87,11.9,n,,,,,,,,,,,,,,,,,,,,,,,,,,,,,,,,,,
TO04,A85,2010,Abam,4.32,14.0,n,,,,,,,,,,,,,,,,,,,,,,,,,,,,,,,,,,
TO04,A85,2010,Abam,9.81,15.1,n,,,,,,,,,,,,,,,,,,,,,,,,,,,,,,,,,,
TO04,A85,2010,Tshe,8.98,15.3,n,,,,,,,,,,,,,,,,,,,,,,,,,,,,,,,,,,
TO04,A85,2010,Tshe,9.07,15.8,n,,,,,,,,,,,,,,,,,,,,,,,,,,,,,,,,,,
TO04,A85,2010,Abam,8.15,15.9,n,,,,,,,,,,,,,,,,,,,,,,,,,,,,,,,,,,
TO04,A85,2010,Tshe,4.34,16.0,n,,,,,,,,,,,,,,,,,,,,,,,,,,,,,,,,,,
TO04,A85,2010,Tshe,9.03,19.0,n,,,,,,,,,,,,,,,,,,,,,,,,,,,,,,,,,,
TO04,A85,2010,Tshe,6.39,19.2,n,,,,,,,,,,,,,,,,,,,,,,,,,,,,,,,,,,
TO04,A85,2010,Abam,4.31,20.2,n,,,,,,,,,,,,,,,,,,,,,,,,,,,,,,,,,,
TO04,A85,2010,Abam,3.82,23.1,n,,,,,,,,,,,,,,,,,,,,,,,,,,,,,,,,,,
TO04,A85,2010,Tshe,8.01,23.5,n,,,,,,,,,,,,,,,,,,,,,,,,,,,,,,,,,,
TO04,A85,2010,Abam,6.54,29.5,n,,,,,,,,,,,,,,,,,,,,,,,,,,,,,,,,,,
TO04,A85,2010,Tshe,7.41,30.1,n,,,,,,,,,,,,,,,,,,,,,,,,,,,,,,,,,,
TO04,A85,2010,Abam,7.21,31.8,n,,,,,,,,,,,,,,,,,,,,,,,,,,,,,,,,,,
TO04,A85,2010,Poba,8.73,33.3,y,,,,,,,,,,,,,,,,,,,,,,,,,,,,,,,,,,
TO04,A85,2010,Alru,6.00,35.3,n,,,,,,,,,,,,,,,,,,,,,,,,,,,,,,,,,,
TO04,A85,2010,Abam,1.80,38.3,n,,,,,,,,,,,,,,,,,,,,,,,,,,,,,,,,,,
TO04,A85,2010,Abam,9.19,39.6,n,,,,,,,,,,,,,,,,,,,,,,,,,,,,,,,,,,
TO04,A85,2010,Tshe,9.50,40.1,y,,,,,,,,,,,,,,,,,,,,,,,,,,,,,,,,,,
TO04,A86,2010,Thpl,8.40,16.6,n,,,,,,,,,,,,,,,,,,,,,,,,,,,,,,,,,,
TO04,A86,2010,Tshe,1.93,26.7,n,,,,,,,,,,,,,,,,,,,,,,,,,,,,,,,,,,
TO04,A86,2010,Tshe,6.76,28.5,n,,,,,,,,,,,,,,,,,,,,,,,,,,,,,,,,,,
TO04,A86,2010,Tshe,5.66,39.7,n,,,,,,,,,,,,,,,,,,,,,,,,,,,,,,,,,,
TO04,A86,2010,Tshe,2.73,44.1,n,,,,,,,,,,,,,,,,,,,,,,,,,,,,,,,,,,
TO04,A86,2010,Thpl,5.93,76.5,n,,,,,,,,,,,,,,,,,,,,,,,,,,,,,,,,,,
TO04,A86,2010,Abgr,3.16,89.0,y,,,,,,,,,,,,,,,,,,,,,,,,,,,,,,,,,,
TO04,A86,2010,Thpl,9.67,145.5,y,,,,,,,,,,,,,,,,,,,,,,,,,,,,,,,,,,
TO04,A9,2008,Tshe,1.62,10.0,n,,,,,,,,,,,,,,,,,,,,,,,,,,,,,,,,,,
TO04,A9,2008,Tshe,4.47,11.0,n,,,,,,,,,,,,,,,,,,,,,,,,,,,,,,,,,,
TO04,A9,2008,Abam,7.04,12.7,n,,,,,,,,,,,,,,,,,,,,,,,,,,,,,,,,,,
TO04,A9,2008,Tshe,4.28,12.8,n,,,,,,,,,,,,,,,,,,,,,,,,,,,,,,,,,,
TO04,A9,2008,Abam,4.07,13.5,n,,,,,,,,,,,,,,,,,,,,,,,,,,,,,,,,,,
TO04,A9,2008,Tshe,2.16,14.8,n,,,,,,,,,,,,,,,,,,,,,,,,,,,,,,,,,,
TO04,A9,2008,Tshe,1.89,15.5,n,,,,,,,,,,,,,,,,,,,,,,,,,,,,,,,,,,
TO04,A9,2008,Tshe,6.42,16.2,n,,,,,,,,,,,,,,,,,,,,,,,,,,,,,,,,,,
TO04,A9,2008,Tshe,4.22,17.0,n,,,,,,,,,,,,,,,,,,,,,,,,,,,,,,,,,,
TO04,A9,2008,Tshe,7.35,17.7,n,,,,,,,,,,,,,,,,,,,,,,,,,,,,,,,,,,
TO04,A9,2008,Abam,9.46,18.6,n,,,,,,,,,,,,,,,,,,,,,,,,,,,,,,,,,,
TO04,A9,2008,Tshe,6.41,19.4,n,,,,,,,,,,,,,,,,,,,,,,,,,,,,,,,,,,
TO04,A9,2008,Tshe,8.53,19.6,n,,,,,,,,,,,,,,,,,,,,,,,,,,,,,,,,,,
TO04,A9,2008,Tshe,8.58,21.6,n,,,,,,,,,,,,,,,,,,,,,,,,,,,,,,,,,,
TO04,A9,2008,Tshe,9.3,22.0,y,,,,,,,,,,,,,,,,,,,,,,,,,,,,,,,,,,
TO04,A9,2008,Alnus,7.4,22.8,n,,,,,,,,,,,,,,,,,,,,,,,,,,,,,,,,,,
TO04,A9,2008,Tshe,1.39,23.7,y,,,,,,,,,,,,,,,,,,,,,,,,,,,,,,,,,,
TO04,A9,2008,Tshe,5.3,46.7,y,,,,,,,,,,,,,,,,,,,,,,,,,,,,,,,,,,
TO04,A9,2008,Tshe,7.62,84.6,y,A7,,,,,,,,,,,,,,,,,,,,,,,,,,,,,,,,,
TO04,A9,2008,Thpl,5.16,96.4,y,A10,,,,,,,,,,,,,,,,,,,,,,,,,,,,,,,,,
TO04,A9,2008,Abam,9.95,104.5,y,A11,,,,,,,,,,,,,,,,,,,,,,,,,,,,,,,,,
TB13,B1,2008,Thpl,8.15,29.0,n,,,,,,,,,,,,,,,,,,,,,,,,,,,,,,,,,,
TB13,B1,2008,Thse,9.17,29.0,n,,,,,,,,,,,,,,,,,,,,,,,,,,,,,,,,,,
TB13,B1,2008,Tshe,7.37,29.5,n,,,,,,,,,,,,,,,,,,,,,,,,,,,,,,,,,,
TB13,B1,2008,Thpl,2.53,30.5,n,,,,,,,,,,,,,,,,,,,,,,,,,,,,,,,,,,
TB13,B1,2008,Tshe,7.24,31.0,n,,,,,,,,,,,,,,,,,,,,,,,,,,,,,,,,,,
TB13,B1,2008,Thpl,6.91,32.5,n,,,,,,,,,,,,,,,,,,,,,,,,,,,,,,,,,,
TB13,B1,2008,Thpl,6.22,36.0,n,,,,,,,,,,,,,,,,,,,,,,,,,,,,,,,,,,
TB13,B1,2008,Thpl,7.24,42.0,n,,,,,,,,,,,,,,,,,,,,,,,,,,,,,,,,,,
TB13,B1,2008,Psme,8.93,51.5,y,,,,,,,,,,,,,,,,,,,,,,,,,,,,,,,,,,
TB13,B1,2008,Psme,7.3,60.5,y,,,,,,,,,,,,,,,,,,,,,,,,,,,,,,,,,,
TB13,B1,2008,Psme,8.31,64.5,y,,,,,,,,,,,,,,,,,,,,,,,,,,,,,,,,,,
TB13,B1,2008,Psme,3.95,74.0,y,,,,,,,,,,,,,,,,,,,,,,,,,,,,,,,,,,
TB13,B1,2008,Psme,8.49,92.0,y,,,,,,,,,,,,,,,,,,,,,,,,,,,,,,,,,,
TB13,B10,2008,Tshe,9.15,20.8,n,,,,,,,,,,,,,,,,,,,,,,,,,,,,,,,,,,
TB13,B10,2008,Tshe,5.29,25.0,n,,,,,,,,,,,,,,,,,,,,,,,,,,,,,,,,,,
TB13,B10,2008,Tshe,6.71,25.6,n,,,,,,,,,,,,,,,,,,,,,,,,,,,,,,,,,,
TB13,B10,2008,Thpl,1.68,28.7,n,,,,,,,,,,,,,,,,,,,,,,,,,,,,,,,,,,
TB13,B10,2008,Tshe,6.19,37.5,n,,,,,,,,,,,,,,,,,,,,,,,,,,,,,,,,,,
TB13,B10,2008,Thpl,8.53,39.4,n,,,,,,,,,,,,,,,,,,,,,,,,,,,,,,,,,,
TB13,B10,2008,Tshe,6.96,39.9,n,,,,,,,,,,,,,,,,,,,,,,,,,,,,,,,,,,
TB13,B10,2008,Tshe,4.58,43.0,n,,,,,,,,,,,,,,,,,,,,,,,,,,,,,,,,,,
TB13,B10,2008,Tshe,9.42,51.2,y,,,,,,,,,,,,,,,,,,,,,,,,,,,,,,,,,,
TB13,B10,2008,Psme,8.45,56.4,y,,,,,,,,,,,,,,,,,,,,,,,,,,,,,,,,,,
TB13,B10,2008,Psme,4.28,70.1,y,,,,,,,,,,,,,,,,,,,,,,,,,,,,,,,,,,
TB13,B10,2008,Psme,1.82,72.1,y,,,,,,,,,,,,,,,,,,,,,,,,,,,,,,,,,,
TB13,B10,2008,Psme,7.79,83.8,y,,,,,,,,,,,,,,,,,,,,,,,,,,,,,,,,,,
TB13,B10,2008,Psme,6.37,91.0,y,,,,,,,,,,,,,,,,,,,,,,,,,,,,,,,,,,
TB13,B10,2008,Thpl,10,105.7,y,,,,,,,,,,,,,,,,,,,,,,,,,,,,,,,,,,
TB13,B11,2008,Tshe,6.56,19.1,n,,,,,,,,,,,,,,,,,,,,,,,,,,,,,,,,,,
TB13,B11,2008,Tshe,7.18,21.9,n,,,,,,,,,,,,,,,,,,,,,,,,,,,,,,,,,,
TB13,B11,2008,Tshe,8.87,21.9,n,,,,,,,,,,,,,,,,,,,,,,,,,,,,,,,,,,
TB13,B11,2008,Thpl,6.39,28.3,n,,,,,,,,,,,,,,,,,,,,,,,,,,,,,,,,,,
TB13,B11,2008,Thpl,6.23,30.5,n,,,,,,,,,,,,,,,,,,,,,,,,,,,,,,,,,,
TB13,B11,2008,Thpl,2.64,32.0,n,,,,,,,,,,,,,,,,,,,,,,,,,,,,,,,,,,
TB13,B11,2008,Thpl,7.45,35.5,n,,,,,,,,,,,,,,,,,,,,,,,,,,,,,,,,,,
TB13,B11,2008,Tshe,8.05,38.3,n,,,,,,,,,,,,,,,,,,,,,,,,,,,,,,,,,,
TB13,B11,2008,Thpl,9.68,41.5,n,,,,,,,,,,,,,,,,,,,,,,,,,,,,,,,,,,
TB13,B11,2008,Tshe,4,52.4,y,B1,,,,,,,,,,,,,,,,,,,,,,,,,,,,,,,,,
TB13,B11,2008,Tshe,7.33,57.4,y,,,,,,,,,,,,,,,,,,,,,,,,,,,,,,,,,,
TB13,B11,2008,Psme,5.12,57.8,y,,,,,,,,,,,,,,,,,,,,,,,,,,,,,,,,,,
TB13,B12,2008,Tshe,8.06,16.0,n,,,,,,,,,,,,,,,,,,,,,,,,,,,,,,,,,,
TB13,B12,2008,Tshe,7.67,19.1,n,,,,,,,,,,,,,,,,,,,,,,,,,,,,,,,,,,
TB13,B12,2008,Tshe,5.05,24.4,n,,,,,,,,,,,,,,,,,,,,,,,,,,,,,,,,,,
TB13,B12,2008,Tshe,4.11,24.8,n,,,,,,,,,,,,,,,,,,,,,,,,,,,,,,,,,,
TB13,B12,2008,Tshe,6.86,33.1,n,,,,,,,,,,,,,,,,,,,,,,,,,,,,,,,,,,
TB13,B12,2008,Thpl,8.47,33.2,n,,,,,,,,,,,,,,,,,,,,,,,,,,,,,,,,,,
TB13,B12,2008,Tshe,2.56,37.9,y,,,,,,,,,,,,,,,,,,,,,,,,,,,,,,,,,,
TB13,B12,2008,Tshe,1.82,42.9,y,,,,,,,,,,,,,,,,,,,,,,,,,,,,,,,,,,
TB13,B12,2008,Tshe,5.38,48.8,y,,,,,,,,,,,,,,,,,,,,,,,,,,,,,,,,,,
TB13,B12,2008,Psme,6.91,49.7,y,,,,,,,,,,,,,,,,,,,,,,,,,,,,,,,,,,
TB13,B12,2008,Psme,9.51,57.4,y,B13,,,,,,,,,,,,,,,,,,,,,,,,,,,,,,,,,
TB13,B12,2008,Tshe,8.65,57.5,y,,,,,,,,,,,,,,,,,,,,,,,,,,,,,,,,,,
TB13,B12,2008,Psme,8.67,73.0,y,,,,,,,,,,,,,,,,,,,,,,,,,,,,,,,,,,
TB13,B12,2008,Psme,7.21,73.3,y,,,,,,,,,,,,,,,,,,,,,,,,,,,,,,,,,,
TB13,B12,2008,Psme,7.28,81.4,y,,,,,,,,,,,,,,,,,,,,,,,,,,,,,,,,,,
TB13,B12,2008,Psme,3.14,82.1,y,,,,,,,,,,,,,,,,,,,,,,,,,,,,,,,,,,
TB13,B13,2008,Tshe,5.12,20.9,n,,,,,,,,,,,,,,,,,,,,,,,,,,,,,,,,,,
TB13,B13,2008,Tshe,6.8,21.8,n,,,,,,,,,,,,,,,,,,,,,,,,,,,,,,,,,,
TB13,B13,2008,Thpl,0.94,27.9,n,,,,,,,,,,,,,,,,,,,,,,,,,,,,,,,,,,
TB13,B13,2008,Thpl,7.44,30.5,n,,,,,,,,,,,,,,,,,,,,,,,,,,,,,,,,,,
TB13,B13,2008,Thpl,6.74,32.4,n,,,,,,,,,,,,,,,,,,,,,,,,,,,,,,,,,,
TB13,B13,2008,Tshe,6.18,38.4,n,,,,,,,,,,,,,,,,,,,,,,,,,,,,,,,,,,
TB13,B13,2008,Thpl,7.68,41.1,n,,,,,,,,,,,,,,,,,,,,,,,,,,,,,,,,,,
TB13,B13,2008,Tshe,7.66,52.4,y,B1,,,,,,,,,,,,,,,,,,,,,,,,,,,,,,,,,
TB13,B13,2008,Tshe,7.77,54.3,y,,,,,,,,,,,,,,,,,,,,,,,,,,,,,,,,,,
TB13,B13,2008,Tshe,8.41,56.0,y,B2,,,,,,,,,,,,,,,,,,,,,,,,,,,,,,,,,
TB13,B13,2008,Tshe,2.08,57.2,y,,,,,,,,,,,,,,,,,,,,,,,,,,,,,,,,,,
TB13,B13,2008,Psme,5.06,74.2,y,B11,,,,,,,,,,,,,,,,,,,,,,,,,,,,,,,,,
TB13,B13,2008,Psme,9.87,82.1,y,,,,,,,,,,,,,,,,,,,,,,,,,,,,,,,,,,
TB13,B13,2008,Psme,9.51,86.8,y,B12,,,,,,,,,,,,,,,,,,,,,,,,,,,,,,,,,
TB13,B14,2008,Tshe,4.32,23.4,n,,,,,,,,,,,,,,,,,,,,,,,,,,,,,,,,,,
TB13,B14,2008,Tshe,9.05,26.6,n,,,,,,,,,,,,,,,,,,,,,,,,,,,,,,,,,,
TB13,B14,2008,Tshe,6.69,34.2,n,,,,,,,,,,,,,,,,,,,,,,,,,,,,,,,,,,
TB13,B14,2008,Psme,8.1,50.3,y,,,,,,,,,,,,,,,,,,,,,,,,,,,,,,,,,,
TB13,B14,2008,Tshe,6.12,55.3,y,,,,,,,,,,,,,,,,,,,,,,,,,,,,,,,,,,
TB13,B14,2008,Tshe,5.96,63.8,y,,,,,,,,,,,,,,,,,,,,,,,,,,,,,,,,,,
TB13,B14,2008,Thpl,3.22,73.6,n,,,,,,,,,,,,,,,,,,,,,,,,,,,,,,,,,,
TB13,B14,2008,Psme,5.81,73.8,y,B15,,,,,,,,,,,,,,,,,,,,,,,,,,,,,,,,,
TB13,B14,2008,Tshe,4.88,75.0,y,,,,,,,,,,,,,,,,,,,,,,,,,,,,,,,,,,
TB13,B14,2008,Psme,6.13,76.1,y,,,,,,,,,,,,,,,,,,,,,,,,,,,,,,,,,,
TB13,B14,2008,Thpl,8.33,92.2,y,,,,,,,,,,,,,,,,,,,,,,,,,,,,,,,,,,
TB13,B14,2008,Tshe,7.81,94.0,y,,,,,,,,,,,,,,,,,,,,,,,,,,,,,,,,,,
TB13,B15,2008,Tshe,6.96,23.4,n,,,,,,,,,,,,,,,,,,,,,,,,,,,,,,,,,,
TB13,B15,2008,Tshe,9.06,24.1,n,,,,,,,,,,,,,,,,,,,,,,,,,,,,,,,,,,
TB13,B15,2008,Tshe,6.01,27.7,n,,,,,,,,,,,,,,,,,,,,,,,,,,,,,,,,,,
TB13,B15,2008,Tshe,1.77,33.9,n,,,,,,,,,,,,,,,,,,,,,,,,,,,,,,,,,,
TB13,B15,2008,Tshe,8.49,38.1,n,,,,,,,,,,,,,,,,,,,,,,,,,,,,,,,,,,
TB13,B15,2008,Psme,1.61,50.3,y,,,,,,,,,,,,,,,,,,,,,,,,,,,,,,,,,,
TB13,B15,2008,Tshe,9.22,55.3,y,,,,,,,,,,,,,,,,,,,,,,,,,,,,,,,,,,
TB13,B15,2008,Tshe,9.8,58.1,y,,,,,,,,,,,,,,,,,,,,,,,,,,,,,,,,,,
TB13,B15,2008,Psme,8.84,68.3,y,,,,,,,,,,,,,,,,,,,,,,,,,,,,,,,,,,
TB13,B15,2008,Thpl,8.38,73.6,y,,,,,,,,,,,,,,,,,,,,,,,,,,,,,,,,,,
TB13,B15,2008,Tshe,6.72,75.0,y,,,,,,,,,,,,,,,,,,,,,,,,,,,,,,,,,,
TB13,B15,2008,Psme,2.72,76.1,y,,,,,,,,,,,,,,,,,,,,,,,,,,,,,,,,,,
TB13,B15,2008,Psme,4.17,83.1,y,,,,,,,,,,,,,,,,,,,,,,,,,,,,,,,,,,
TB13,B15,2008,Psme,8.56,86.8,y,B12,,,,,,,,,,,,,,,,,,,,,,,,,,,,,,,,,
TB13,B15,2008,Psme,5.75,87.7,y,B14,,,,,,,,,,,,,,,,,,,,,,,,,,,,,,,,,
TB13,B16,2008,Tshe,6.07,13.7,n,,,,,,,,,,,,,,,,,,,,,,,,,,,,,,,,,,
TB13,B16,2008,Tshe,8,26.6,n,,,,,,,,,,,,,,,,,,,,,,,,,,,,,,,,,,
TB13,B16,2008,Thpl,5.7,43.9,n,,,,,,,,,,,,,,,,,,,,,,,,,,,,,,,,,,
TB13,B16,2008,Psme,9.43,62.0,y,,,,,,,,,,,,,,,,,,,,,,,,,,,,,,,,,,
TB13,B16,2008,Tshe,3.21,64.5,y,,,,,,,,,,,,,,,,,,,,,,,,,,,,,,,,,,
TB13,B16,2008,Psme,4.31,66.2,y,,,,,,,,,,,,,,,,,,,,,,,,,,,,,,,,,,
TB13,B16,2008,Psme,5.06,67.5,y,,,,,,,,,,,,,,,,,,,,,,,,,,,,,,,,,,
TB13,B16,2008,Tshe,9.16,74.4,y,,,,,,,,,,,,,,,,,,,,,,,,,,,,,,,,,,
TB13,B16,2008,Psme,9.61,82.6,y,B17,,,,,,,,,,,,,,,,,,,,,,,,,,,,,,,,,
TB13,B16,2008,Psme,7.25,89.0,y,,,,,,,,,,,,,,,,,,,,,,,,,,,,,,,,,,
TB13,B17,2008,Tabr,9.21,11.0,n,,,,,,,,,,,,,,,,,,,,,,,,,,,,,,,,,,
TB13,B17,2008,Tshe,8.83,12.4,n,,,,,,,,,,,,,,,,,,,,,,,,,,,,,,,,,,
TB13,B17,2008,Tshe,8.28,13.2,n,,,,,,,,,,,,,,,,,,,,,,,,,,,,,,,,,,
TB13,B17,2008,Tshe,9.55,13.8,n,,,,,,,,,,,,,,,,,,,,,,,,,,,,,,,,,,
TB13,B17,2008,Thpl,9.89,16.1,n,,,,,,,,,,,,,,,,,,,,,,,,,,,,,,,,,,
TB13,B17,2008,Tshe,3.93,19.0,n,,,,,,,,,,,,,,,,,,,,,,,,,,,,,,,,,,
TB13,B17,2008,Psme,9.51,49.6,y,,,,,,,,,,,,,,,,,,,,,,,,,,,,,,,,,,
TB13,B17,2008,Psme,9.45,61.0,y,,,,,,,,,,,,,,,,,,,,,,,,,,,,,,,,,,
TB13,B17,2008,Psme,7.09,62.1,y,,,,,,,,,,,,,,,,,,,,,,,,,,,,,,,,,,
TB13,B17,2008,Psme,9.95,63.7,y,,,,,,,,,,,,,,,,,,,,,,,,,,,,,,,,,,
TB13,B17,2008,Tshe,9.22,64.5,y,,,,,,,,,,,,,,,,,,,,,,,,,,,,,,,,,,
TB13,B17,2008,Thpl,7.88,66.6,n,,,,,,,,,,,,,,,,,,,,,,,,,,,,,,,,,,
TB13,B17,2008,Psme,9.61,67.6,y,B16,,,,,,,,,,,,,,,,,,,,,,,,,,,,,,,,,
TB13,B17,2008,Psme,5.23,72.7,y,,,,,,,,,,,,,,,,,,,,,,,,,,,,,,,,,,
TB13,B17,2008,Psme,7.54,78.6,y,,,,,,,,,,,,,,,,,,,,,,,,,,,,,,,,,,
TB13,B17,2008,Tshe,8.21,80.8,n,,,,,,,,,,,,,,,,,,,,,,,,,,,,,,,,,,
TB13,B18,2008,Tshe,7.51,13.6,n,,,,,,,,,,,,,,,,,,,,,,,,,,,,,,,,,,
TB13,B18,2008,Tshe,3.1,18.3,n,,,,,,,,,,,,,,,,,,,,,,,,,,,,,,,,,,
TB13,B18,2008,Tshe,9.63,18.5,n,,,,,,,,,,,,,,,,,,,,,,,,,,,,,,,,,,
TB13,B18,2008,Tshe,6.36,19.7,n,,,,,,,,,,,,,,,,,,,,,,,,,,,,,,,,,,
TB13,B18,2008,Tshe,5.53,26.5,n,,,,,,,,,,,,,,,,,,,,,,,,,,,,,,,,,,
TB13,B18,2008,Tshe,4.08,32.9,n,,,,,,,,,,,,,,,,,,,,,,,,,,,,,,,,,,
TB13,B18,2008,Psme,4.75,49.6,y,,,,,,,,,,,,,,,,,,,,,,,,,,,,,,,,,,
TB13,B18,2008,Tshe,8.67,56.6,y,,,,,,,,,,,,,,,,,,,,,,,,,,,,,,,,,,
TB13,B18,2008,Tshe,7.35,61.4,y,trunk diverges,,,,,,,,,,,,,,,,,,,,,,,,,,,,,,,,,
TB13,B18,2008,Psme,6.89,62.3,y,,,,,,,,,,,,,,,,,,,,,,,,,,,,,,,,,,
TB13,B18,2008,Psme,9.07,89.3,y,,,,,,,,,,,,,,,,,,,,,,,,,,,,,,,,,,
TB13,B18,2008,Thpl,1.28,96.6,y,B26,,,,,,,,,,,,,,,,,,,,,,,,,,,,,,,,,
TB13,B18,2008,Psme,7.49,109.3,y,,,,,,,,,,,,,,,,,,,,,,,,,,,,,,,,,,
TB13,B19,2008,Tshe,8.21,11.6,n,,,,,,,,,,,,,,,,,,,,,,,,,,,,,,,,,,
TB13,B19,2008,Tshe,3.38,15.3,n,,,,,,,,,,,,,,,,,,,,,,,,,,,,,,,,,,
TB13,B19,2008,Tshe,8.31,28.5,n,,,,,,,,,,,,,,,,,,,,,,,,,,,,,,,,,,
TB13,B19,2008,Tshe,2.03,42.4,n,,,,,,,,,,,,,,,,,,,,,,,,,,,,,,,,,,
TB13,B19,2008,Psme,8.91,45.1,n,,,,,,,,,,,,,,,,,,,,,,,,,,,,,,,,,,
TB13,B19,2008,Thpl,6.82,46.1,n,,,,,,,,,,,,,,,,,,,,,,,,,,,,,,,,,,
TB13,B19,2008,Tshe,9.96,54.0,n,,,,,,,,,,,,,,,,,,,,,,,,,,,,,,,,,,
TB13,B19,2008,Psme,5.94,57.6,n,,,,,,,,,,,,,,,,,,,,,,,,,,,,,,,,,,
TB13,B19,2008,Psme,2.82,58.6,y,,,,,,,,,,,,,,,,,,,,,,,,,,,,,,,,,,
TB13,B19,2008,Psme,2.09,66.3,y,,,,,,,,,,,,,,,,,,,,,,,,,,,,,,,,,,
TB13,B19,2008,Tshe,6.54,67.3,y,,,,,,,,,,,,,,,,,,,,,,,,,,,,,,,,,,
TB13,B19,2008,Psme,7.63,71.1,y,,,,,,,,,,,,,,,,,,,,,,,,,,,,,,,,,,
TB13,B19,2008,Thpl,9.99,84.9,y,B21,,,,,,,,,,,,,,,,,,,,,,,,,,,,,,,,,
TB13,B19,2008,Tshe,5.78,87.0,y,B6,,,,,,,,,,,,,,,,,,,,,,,,,,,,,,,,,
TB13,B2,2008,Tshe,4.9,20.6,n,,,,,,,,,,,,,,,,,,,,,,,,,,,,,,,,,,
TB13,B2,2008,Thpl,1.8,25.0,n,,,,,,,,,,,,,,,,,,,,,,,,,,,,,,,,,,
TB13,B2,2008,Thpl,7.13,28.2,n,,,,,,,,,,,,,,,,,,,,,,,,,,,,,,,,,,
TB13,B2,2008,Thpl,7.66,31.5,n,,,,,,,,,,,,,,,,,,,,,,,,,,,,,,,,,,
TB13,B2,2008,Thpl,8.12,40.5,n,,,,,,,,,,,,,,,,,,,,,,,,,,,,,,,,,,
TB13,B2,2008,Thpl,5.41,42.0,n,,,,,,,,,,,,,,,,,,,,,,,,,,,,,,,,,,
TB13,B2,2008,Tshe,8.03,47.2,n,,,,,,,,,,,,,,,,,,,,,,,,,,,,,,,,,,
TB13,B2,2008,Tshe,6.83,54.3,y,,,,,,,,,,,,,,,,,,,,,,,,,,,,,,,,,,
TB13,B2,2008,Tshe,8.55,57.8,y,,,,,,,,,,,,,,,,,,,,,,,,,,,,,,,,,,
TB13,B2,2008,Psme,8.17,60.7,y,,,,,,,,,,,,,,,,,,,,,,,,,,,,,,,,,,
TB13,B2,2008,Psme,9.15,97.1,y,,,,,,,,,,,,,,,,,,,,,,,,,,,,,,,,,,
TB13,B20,2008,Thpl,3.8,11.3,n,,,,,,,,,,,,,,,,,,,,,,,,,,,,,,,,,,
TB13,B20,2008,Tshe,6,11.6,n,,,,,,,,,,,,,,,,,,,,,,,,,,,,,,,,,,
TB13,B20,2008,Tshe,5.46,13.1,n,,,,,,,,,,,,,,,,,,,,,,,,,,,,,,,,,,
TB13,B20,2008,Thpl,6.22,14.9,n,,,,,,,,,,,,,,,,,,,,,,,,,,,,,,,,,,
TB13,B20,2008,Thpl,7.46,14.9,n,,,,,,,,,,,,,,,,,,,,,,,,,,,,,,,,,,
TB13,B20,2008,Thpl,9.23,15.4,n,,,,,,,,,,,,,,,,,,,,,,,,,,,,,,,,,,
TB13,B20,2008,Tshe,7.71,17.6,n,,,,,,,,,,,,,,,,,,,,,,,,,,,,,,,,,,
TB13,B20,2008,Thpl,9.54,18.6,n,,,,,,,,,,,,,,,,,,,,,,,,,,,,,,,,,,
TB13,B20,2008,Tshe,3.1,24.8,n,,,,,,,,,,,,,,,,,,,,,,,,,,,,,,,,,,
TB13,B20,2008,Tshe,2.81,26.8,n,,,,,,,,,,,,,,,,,,,,,,,,,,,,,,,,,,
TB13,B20,2008,Tshe,7.62,28.5,n,,,,,,,,,,,,,,,,,,,,,,,,,,,,,,,,,,
TB13,B20,2008,Tshe,2.76,29.0,n,,,,,,,,,,,,,,,,,,,,,,,,,,,,,,,,,,
TB13,B20,2008,Thpl,2.65,31.9,n,,,,,,,,,,,,,,,,,,,,,,,,,,,,,,,,,,
TB13,B20,2008,Tshe,5.58,46.4,y,,,,,,,,,,,,,,,,,,,,,,,,,,,,,,,,,,
TB13,B20,2008,Psme,8.05,52.8,y,,,,,,,,,,,,,,,,,,,,,,,,,,,,,,,,,,
TB13,B20,2008,Psme,1.73,66.0,y,,,,,,,,,,,,,,,,,,,,,,,,,,,,,,,,,,
TB13,B20,2008,Psme,8.32,66.0,y,,,,,,,,,,,,,,,,,,,,,,,,,,,,,,,,,,
TB13,B20,2008,Psme,7.29,66.1,y,,,,,,,,,,,,,,,,,,,,,,,,,,,,,,,,,,
TB13,B20,2008,Psme,7.34,68.5,y,,,,,,,,,,,,,,,,,,,,,,,,,,,,,,,,,,
TB13,B20,2008,Psme,9.73,78.5,y,,,,,,,,,,,,,,,,,,,,,,,,,,,,,,,,,,
TB13,B20,2008,Psme,5.86,90.5,y,,,,,,,,,,,,,,,,,,,,,,,,,,,,,,,,,,
TB13,B21,2008,Thpl,9.82,15.1,n,,,,,,,,,,,,,,,,,,,,,,,,,,,,,,,,,,
TB13,B21,2008,Thpl,7.31,20.4,n,,,,,,,,,,,,,,,,,,,,,,,,,,,,,,,,,,
TB13,B21,2008,Tshe,6.04,24.6,n,,,,,,,,,,,,,,,,,,,,,,,,,,,,,,,,,,
TB13,B21,2008,Tshe,1.38,33.4,n,,,,,,,,,,,,,,,,,,,,,,,,,,,,,,,,,,
TB13,B21,2008,Tshe,8.5,41.8,n,,,,,,,,,,,,,,,,,,,,,,,,,,,,,,,,,,
TB13,B21,2008,Psme,5.29,57.0,y,,,,,,,,,,,,,,,,,,,,,,,,,,,,,,,,,,
TB13,B21,2008,Psme,8.97,57.3,y,,,,,,,,,,,,,,,,,,,,,,,,,,,,,,,,,,
TB13,B21,2008,Tshe,2.4,59.6,y,,,,,,,,,,,,,,,,,,,,,,,,,,,,,,,,,,
TB13,B21,2008,Tshe,4.46,64.6,y,,,,,,,,,,,,,,,,,,,,,,,,,,,,,,,,,,
TB13,B21,2008,Tshe,9.38,65.3,y,,,,,,,,,,,,,,,,,,,,,,,,,,,,,,,,,,
TB13,B21,2008,Psme,9.99,77.3,y,B19,,,,,,,,,,,,,,,,,,,,,,,,,,,,,,,,,
TB13,B21,2008,Tshe,9.77,86.0,y,,,,,,,,,,,,,,,,,,,,,,,,,,,,,,,,,,
TB13,B22,2008,Tshe,1.69,13.3,n,,,,,,,,,,,,,,,,,,,,,,,,,,,,,,,,,,
TB13,B22,2008,Tshe,4.81,26.6,n,,,,,,,,,,,,,,,,,,,,,,,,,,,,,,,,,,
TB13,B22,2008,Tshe,7.18,66.0,y,,,,,,,,,,,,,,,,,,,,,,,,,,,,,,,,,,
TB13,B22,2008,Psme,8.9,67.0,y,,,,,,,,,,,,,,,,,,,,,,,,,,,,,,,,,,
TB13,B22,2008,Psme,5.31,67.8,,canopy never observed,,,,,,,,,,,,,,,,,,,,,,,,,,,,,,,,,
TB13,B22,2008,Psme,3.07,70.1,y,,,,,,,,,,,,,,,,,,,,,,,,,,,,,,,,,,
TB13,B22,2008,Psme,8.98,74.3,y,,,,,,,,,,,,,,,,,,,,,,,,,,,,,,,,,,
TB13,B22,2008,Psme,7.54,77.3,y,,,,,,,,,,,,,,,,,,,,,,,,,,,,,,,,,,
TB13,B22,2008,Psme,7.91,82.6,y,B17,,,,,,,,,,,,,,,,,,,,,,,,,,,,,,,,,
TB13,B22,2008,Tshe,0.44,,n,dbh never observed,,,,,,,,,,,,,,,,,,,,,,,,,,,,,,,,,
TB13,B23,2008,Tshe,6.08,13.6,n,,,,,,,,,,,,,,,,,,,,,,,,,,,,,,,,,,
TB13,B23,2008,Tshe,8.54,13.6,n,,,,,,,,,,,,,,,,,,,,,,,,,,,,,,,,,,
TB13,B23,2008,Tshe,2.92,18.0,n,,,,,,,,,,,,,,,,,,,,,,,,,,,,,,,,,,
TB13,B23,2008,Tshe,6.29,26.5,n,,,,,,,,,,,,,,,,,,,,,,,,,,,,,,,,,,
TB13,B23,2008,Tshe,4.68,33.1,n,,,,,,,,,,,,,,,,,,,,,,,,,,,,,,,,,,
TB13,B23,2008,Psme,9.59,34.6,n,,,,,,,,,,,,,,,,,,,,,,,,,,,,,,,,,,
TB13,B23,2008,Psme,9.61,43.6,n,,,,,,,,,,,,,,,,,,,,,,,,,,,,,,,,,,
TB13,B23,2008,Thpl,9.62,44.0,n,,,,,,,,,,,,,,,,,,,,,,,,,,,,,,,,,,
TB13,B23,2008,Psme,4.9,50.6,y,,,,,,,,,,,,,,,,,,,,,,,,,,,,,,,,,,
TB13,B23,2008,Tshe,9.25,56.6,y,,,,,,,,,,,,,,,,,,,,,,,,,,,,,,,,,,
TB13,B23,2008,Tshe,9.37,61.4,n,Trunk diverges in two,,,,,,,,,,,,,,,,,,,,,,,,,,,,,,,,,
TB13,B23,2008,Psme,6.99,62.5,y,,,,,,,,,,,,,,,,,,,,,,,,,,,,,,,,,,
TB13,B23,2008,Psme,6.64,89.5,y,,,,,,,,,,,,,,,,,,,,,,,,,,,,,,,,,,
TB13,B23,2008,Psme,7.36,110.2,y,,,,,,,,,,,,,,,,,,,,,,,,,,,,,,,,,,
TB13,B23,2008,Psme,1.28,113.3,y,B18,,,,,,,,,,,,,,,,,,,,,,,,,,,,,,,,,
TB13,B24,2008,Thpl,9.49,18.9,n,,,,,,,,,,,,,,,,,,,,,,,,,,,,,,,,,,
TB13,B24,2008,Tshe,4.91,21.3,n,,,,,,,,,,,,,,,,,,,,,,,,,,,,,,,,,,
TB13,B24,2008,Thpl,9.51,22.5,n,,,,,,,,,,,,,,,,,,,,,,,,,,,,,,,,,,
TB13,B24,2008,Psme,8.34,34.9,n,,,,,,,,,,,,,,,,,,,,,,,,,,,,,,,,,,
TB13,B24,2008,Tshe,9.39,39.2,n,,,,,,,,,,,,,,,,,,,,,,,,,,,,,,,,,,
TB13,B24,2008,Psme,9.99,40.5,y,,,,,,,,,,,,,,,,,,,,,,,,,,,,,,,,,,
TB13,B24,2008,Tshe,6.98,42.4,y,,,,,,,,,,,,,,,,,,,,,,,,,,,,,,,,,,
TB13,B24,2008,Tshe,3.09,44.9,y,,,,,,,,,,,,,,,,,,,,,,,,,,,,,,,,,,
TB13,B24,2008,Psme,0.36,47.8,y,,,,,,,,,,,,,,,,,,,,,,,,,,,,,,,,,,
TB13,B24,2008,Tshe,0.76,49.5,y,,,,,,,,,,,,,,,,,,,,,,,,,,,,,,,,,,
TB13,B24,2008,Tshe,4.11,58.8,y,,,,,,,,,,,,,,,,,,,,,,,,,,,,,,,,,,
TB13,B24,2008,Tshe,7.73,63.2,y,,,,,,,,,,,,,,,,,,,,,,,,,,,,,,,,,,
TB13,B24,2008,Tshe,7.1,69.7,y,,,,,,,,,,,,,,,,,,,,,,,,,,,,,,,,,,
TB13,B24,2008,Psme,3.46,69.9,y,,,,,,,,,,,,,,,,,,,,,,,,,,,,,,,,,,
TB13,B24,2008,Psme,4.54,72.2,y,,,,,,,,,,,,,,,,,,,,,,,,,,,,,,,,,,
TB13,B24,2008,Psme,6.76,73.6,y,,,,,,,,,,,,,,,,,,,,,,,,,,,,,,,,,,
TB13,B24,2008,Tshe,9.4,74.7,y,,,,,,,,,,,,,,,,,,,,,,,,,,,,,,,,,,
TB13,B25,2008,Thpl,7.64,18.8,n,,,,,,,,,,,,,,,,,,,,,,,,,,,,,,,,,,
TB13,B25,2008,Tshe,4.72,35.3,n,,,,,,,,,,,,,,,,,,,,,,,,,,,,,,,,,,
TB13,B25,2008,Tshe,7.48,39.3,n,,,,,,,,,,,,,,,,,,,,,,,,,,,,,,,,,,
TB13,B25,2008,Tshe,7.32,44.5,n,,,,,,,,,,,,,,,,,,,,,,,,,,,,,,,,,,
TB13,B25,2008,Psme,1,47.5,y,,,,,,,,,,,,,,,,,,,,,,,,,,,,,,,,,,
TB13,B25,2008,Tshe,5.1,63.9,y,,,,,,,,,,,,,,,,,,,,,,,,,,,,,,,,,,
TB13,B25,2008,Psme,7.84,64.1,y,,,,,,,,,,,,,,,,,,,,,,,,,,,,,,,,,,
TB13,B25,2008,Psme,8.7,64.3,y,,,,,,,,,,,,,,,,,,,,,,,,,,,,,,,,,,
TB13,B25,2008,Psme,6.06,74.6,y,,,,,,,,,,,,,,,,,,,,,,,,,,,,,,,,,,
TB13,B25,2008,Psme,6.82,76.3,y,,,,,,,,,,,,,,,,,,,,,,,,,,,,,,,,,,
TB13,B25,2008,Psme,4.67,77.8,y,,,,,,,,,,,,,,,,,,,,,,,,,,,,,,,,,,
TB13,B25,2008,Tshe,8.42,81.8,y,,,,,,,,,,,,,,,,,,,,,,,,,,,,,,,,,,
TB13,B25,2008,Tshe,9.85,83.9,y,,,,,,,,,,,,,,,,,,,,,,,,,,,,,,,,,,
TB13,B26,2008,Tshe,7.62,10.0,n,,,,,,,,,,,,,,,,,,,,,,,,,,,,,,,,,,
TB13,B26,2008,Tshe,8.5,13.9,n,,,,,,,,,,,,,,,,,,,,,,,,,,,,,,,,,,
TB13,B26,2008,Tshe,6.61,17.5,n,,,,,,,,,,,,,,,,,,,,,,,,,,,,,,,,,,
TB13,B26,2008,Tshe,1.76,20.3,n,,,,,,,,,,,,,,,,,,,,,,,,,,,,,,,,,,
TB13,B26,2008,Tshe,8.68,22.9,n,,,,,,,,,,,,,,,,,,,,,,,,,,,,,,,,,,
TB13,B26,2008,Tshe,6.24,38.8,n,,,,,,,,,,,,,,,,,,,,,,,,,,,,,,,,,,
TB13,B26,2008,Tshe,9.76,40.3,n,,,,,,,,,,,,,,,,,,,,,,,,,,,,,,,,,,
TB13,B26,2008,Psme,9.75,70.2,y,,,,,,,,,,,,,,,,,,,,,,,,,,,,,,,,,,
TB13,B26,2008,Psme,2.26,79.3,y,,,,,,,,,,,,,,,,,,,,,,,,,,,,,,,,,,
TB13,B26,2008,Tshe,0.1,80.2,y,,,,,,,,,,,,,,,,,,,,,,,,,,,,,,,,,,
TB13,B26,2008,Psme,8.33,81.4,y,,,,,,,,,,,,,,,,,,,,,,,,,,,,,,,,,,
TB13,B27,2008,Tshe,9.44,13.1,n,,,,,,,,,,,,,,,,,,,,,,,,,,,,,,,,,,
TB13,B27,2008,Tshe,9.09,13.3,n,,,,,,,,,,,,,,,,,,,,,,,,,,,,,,,,,,
TB13,B27,2008,Tshe,6.95,15.0,n,,,,,,,,,,,,,,,,,,,,,,,,,,,,,,,,,,
TB13,B27,2008,Tshe,3.75,15.3,n,,,,,,,,,,,,,,,,,,,,,,,,,,,,,,,,,,
TB13,B27,2008,Thpl,8.69,18.0,n,,,,,,,,,,,,,,,,,,,,,,,,,,,,,,,,,,
TB13,B27,2008,Tshe,6.61,18.1,n,,,,,,,,,,,,,,,,,,,,,,,,,,,,,,,,,,
TB13,B27,2008,Tshe,8.66,21.8,n,,,,,,,,,,,,,,,,,,,,,,,,,,,,,,,,,,
TB13,B27,2008,Tshe,7.75,31.7,n,,,,,,,,,,,,,,,,,,,,,,,,,,,,,,,,,,
TB13,B27,2008,Tshe,9.27,34.6,n,,,,,,,,,,,,,,,,,,,,,,,,,,,,,,,,,,
TB13,B27,2008,Tshe,9.49,35.1,n,,,,,,,,,,,,,,,,,,,,,,,,,,,,,,,,,,
TB13,B27,2008,Tshe,8.35,47.3,y,,,,,,,,,,,,,,,,,,,,,,,,,,,,,,,,,,
TB13,B27,2008,Tshe,6.36,47.6,y,,,,,,,,,,,,,,,,,,,,,,,,,,,,,,,,,,
TB13,B27,2008,Tshe,7.67,48.1,y,,,,,,,,,,,,,,,,,,,,,,,,,,,,,,,,,,
TB13,B27,2008,Tshe,5.16,58.2,y,,,,,,,,,,,,,,,,,,,,,,,,,,,,,,,,,,
TB13,B27,2008,Psme,7.43,58.9,y,,,,,,,,,,,,,,,,,,,,,,,,,,,,,,,,,,
TB13,B27,2008,Psme,9.21,76.2,y,,,,,,,,,,,,,,,,,,,,,,,,,,,,,,,,,,
TB13,B27,2008,Psme,9.36,95.9,y,,,,,,,,,,,,,,,,,,,,,,,,,,,,,,,,,,
TB13,B28,2008,Tshe,8.6,13.4,n,,,,,,,,,,,,,,,,,,,,,,,,,,,,,,,,,,
TB13,B28,2008,Tshe,5.29,14.3,n,,,,,,,,,,,,,,,,,,,,,,,,,,,,,,,,,,
TB13,B28,2008,Tshe,5.87,18.8,n,,,,,,,,,,,,,,,,,,,,,,,,,,,,,,,,,,
TB13,B28,2008,Thpl,7.45,34.2,n,,,,,,,,,,,,,,,,,,,,,,,,,,,,,,,,,,
TB13,B28,2008,Tshe,3.59,36.8,n,,,,,,,,,,,,,,,,,,,,,,,,,,,,,,,,,,
TB13,B28,2008,Psme,7.32,50.2,y,,,,,,,,,,,,,,,,,,,,,,,,,,,,,,,,,,
TB13,B28,2008,Psme,5.14,57.0,y,,,,,,,,,,,,,,,,,,,,,,,,,,,,,,,,,,
TB13,B28,2008,Tshe,0.12,66.3,y,,,,,,,,,,,,,,,,,,,,,,,,,,,,,,,,,,
TB13,B28,2008,Tshe,0.1,81.0,y,,,,,,,,,,,,,,,,,,,,,,,,,,,,,,,,,,
TB13,B28,2008,Psme,8.9,128.7,y,,,,,,,,,,,,,,,,,,,,,,,,,,,,,,,,,,
TB13,B29,2008,Tshe,9.67,13.4,n,,,,,,,,,,,,,,,,,,,,,,,,,,,,,,,,,,
TB13,B29,2008,Tshe,5.16,14.1,n,,,,,,,,,,,,,,,,,,,,,,,,,,,,,,,,,,
TB13,B29,2008,Tshe,6.47,14.3,n,,,,,,,,,,,,,,,,,,,,,,,,,,,,,,,,,,
TB13,B29,2008,Tshe,5.95,18.7,n,,,,,,,,,,,,,,,,,,,,,,,,,,,,,,,,,,
TB13,B29,2008,Tshe,7.77,25.3,n,,,,,,,,,,,,,,,,,,,,,,,,,,,,,,,,,,
TB13,B29,2008,Tshe,7.71,32.2,n,,,,,,,,,,,,,,,,,,,,,,,,,,,,,,,,,,
TB13,B29,2008,Psme,8.4,47.6,y,,,,,,,,,,,,,,,,,,,,,,,,,,,,,,,,,,
TB13,B29,2008,Psme,3.84,59.9,y,,,,,,,,,,,,,,,,,,,,,,,,,,,,,,,,,,
TB13,B29,2008,Psme,9.74,60.3,y,,,,,,,,,,,,,,,,,,,,,,,,,,,,,,,,,,
TB13,B29,2008,Psme,5.89,66.0,y,,,,,,,,,,,,,,,,,,,,,,,,,,,,,,,,,,
TB13,B29,2008,Psme,7.93,66.6,y,,,,,,,,,,,,,,,,,,,,,,,,,,,,,,,,,,
TB13,B29,2008,Psme,2.33,68.4,y,,,,,,,,,,,,,,,,,,,,,,,,,,,,,,,,,,
TB13,B29,2008,Psme,1.75,68.7,y,,,,,,,,,,,,,,,,,,,,,,,,,,,,,,,,,,
TB13,B29,2008,Psme,4.99,100.2,y,,,,,,,,,,,,,,,,,,,,,,,,,,,,,,,,,,
TB13,B29,2008,Psme,8.14,107.5,y,,,,,,,,,,,,,,,,,,,,,,,,,,,,,,,,,,
TB13,B29,2008,Psme,0.96,128.7,y,,,,,,,,,,,,,,,,,,,,,,,,,,,,,,,,,,
TB13,B3,2008,Thpl,9.34,12.7,n,,,,,,,,,,,,,,,,,,,,,,,,,,,,,,,,,,
TB13,B3,2008,Tshe,5.19,15.2,n,,,,,,,,,,,,,,,,,,,,,,,,,,,,,,,,,,
TB13,B3,2008,Tshe,5.93,17.5,n,,,,,,,,,,,,,,,,,,,,,,,,,,,,,,,,,,
TB13,B3,2008,Tshe,6.78,23.0,n,,,,,,,,,,,,,,,,,,,,,,,,,,,,,,,,,,
TB13,B3,2008,Tshe,8.21,24.6,n,,,,,,,,,,,,,,,,,,,,,,,,,,,,,,,,,,
TB13,B3,2008,Tshe,9.46,24.6,n,,,,,,,,,,,,,,,,,,,,,,,,,,,,,,,,,,
TB13,B3,2008,Tshe,7.12,26.7,n,,,,,,,,,,,,,,,,,,,,,,,,,,,,,,,,,,
TB13,B3,2008,Tshe,9.61,28.4,n,,,,,,,,,,,,,,,,,,,,,,,,,,,,,,,,,,
TB13,B3,2008,Psme,8.38,28.9,n,,,,,,,,,,,,,,,,,,,,,,,,,,,,,,,,,,
TB13,B3,2008,Abam,8.69,32.8,y,,,,,,,,,,,,,,,,,,,,,,,,,,,,,,,,,,
TB13,B3,2008,Tshe,5.86,46.0,n,Assumed not in canopy,,,,,,,,,,,,,,,,,,,,,,,,,,,,,,,,,
TB13,B3,2008,Thpl,9.35,46.4,n,,,,,,,,,,,,,,,,,,,,,,,,,,,,,,,,,,
TB13,B3,2008,Psme,2.32,53.0,y,,,,,,,,,,,,,,,,,,,,,,,,,,,,,,,,,,
TB13,B3,2008,Tshe,8.43,53.8,y,,,,,,,,,,,,,,,,,,,,,,,,,,,,,,,,,,
TB13,B3,2008,Psme,8.83,66.0,y,,,,,,,,,,,,,,,,,,,,,,,,,,,,,,,,,,
TB13,B3,2008,Thpl,7.36,67.0,y,,,,,,,,,,,,,,,,,,,,,,,,,,,,,,,,,,
TB13,B3,2008,Psme,5.59,70.3,y,,,,,,,,,,,,,,,,,,,,,,,,,,,,,,,,,,
TB13,B3,2008,Psme,8.99,79.8,y,,,,,,,,,,,,,,,,,,,,,,,,,,,,,,,,,,
TB13,B3,2008,Psme,6.16,80.5,y,,,,,,,,,,,,,,,,,,,,,,,,,,,,,,,,,,
TB13,B30,2008,Tshe,9.2,13.9,n,,,,,,,,,,,,,,,,,,,,,,,,,,,,,,,,,,
TB13,B30,2008,Thpl,7.81,10.3,n,,,,,,,,,,,,,,,,,,,,,,,,,,,,,,,,,,
TB13,B30,2008,Tshe,9.31,11.8,n,,,,,,,,,,,,,,,,,,,,,,,,,,,,,,,,,,
TB13,B30,2008,Thpl,8.61,13.1,n,,,,,,,,,,,,,,,,,,,,,,,,,,,,,,,,,,
TB13,B30,2008,Tshe,8.31,13.7,n,,,,,,,,,,,,,,,,,,,,,,,,,,,,,,,,,,
TB13,B30,2008,Thpl,5.25,21.5,n,,,,,,,,,,,,,,,,,,,,,,,,,,,,,,,,,,
TB13,B30,2008,Tshe,8.58,21.9,n,,,,,,,,,,,,,,,,,,,,,,,,,,,,,,,,,,
TB13,B30,2008,Thpl,2.81,23.0,n,,,,,,,,,,,,,,,,,,,,,,,,,,,,,,,,,,
TB13,B30,2008,Tshe,4.24,23.0,n,,,,,,,,,,,,,,,,,,,,,,,,,,,,,,,,,,
TB13,B30,2008,Tshe,9.43,24.7,n,,,,,,,,,,,,,,,,,,,,,,,,,,,,,,,,,,
TB13,B30,2008,Thpl,7.41,24.9,n,,,,,,,,,,,,,,,,,,,,,,,,,,,,,,,,,,
TB13,B30,2008,Psme,3,28.3,n,,,,,,,,,,,,,,,,,,,,,,,,,,,,,,,,,,
TB13,B30,2008,Tshe,8.9,32.3,n,,,,,,,,,,,,,,,,,,,,,,,,,,,,,,,,,,
TB13,B30,2008,Psme,0.35,42.1,n,,,,,,,,,,,,,,,,,,,,,,,,,,,,,,,,,,
TB13,B30,2008,Psme,9.22,47.8,y,,,,,,,,,,,,,,,,,,,,,,,,,,,,,,,,,,
TB13,B30,2008,Psme,2.41,49.2,y,,,,,,,,,,,,,,,,,,,,,,,,,,,,,,,,,,
TB13,B30,2008,Psme,5.32,51.2,y,,,,,,,,,,,,,,,,,,,,,,,,,,,,,,,,,,
TB13,B30,2008,Psme,6.96,51.5,y,,,,,,,,,,,,,,,,,,,,,,,,,,,,,,,,,,
TB13,B30,2008,Tshe,9.75,52.9,y,,,,,,,,,,,,,,,,,,,,,,,,,,,,,,,,,,
TB13,B30,2008,Psme,8.48,61.5,y,,,,,,,,,,,,,,,,,,,,,,,,,,,,,,,,,,
TB13,B30,2008,Tshe,6.74,66.5,y,,,,,,,,,,,,,,,,,,,,,,,,,,,,,,,,,,
TB13,B30,2008,Psme,8.6,67.8,y,,,,,,,,,,,,,,,,,,,,,,,,,,,,,,,,,,
TB13,B30,2008,Psme,9.53,69.4,y,,,,,,,,,,,,,,,,,,,,,,,,,,,,,,,,,,
TB13,B30,2008,Psme,7.23,417.0,y,,,,,,,,,,,,,,,,,,,,,,,,,,,,,,,,,,
TB13,B31,2008,Thpl,6.23,10.1,n,,,,,,,,,,,,,,,,,,,,,,,,,,,,,,,,,,
TB13,B31,2008,Tshe,8.59,10.6,n,,,,,,,,,,,,,,,,,,,,,,,,,,,,,,,,,,
TB13,B31,2008,Abam,2.11,12.2,y,,,,,,,,,,,,,,,,,,,,,,,,,,,,,,,,,,
TB13,B31,2008,Tshe,8.98,15.8,n,,,,,,,,,,,,,,,,,,,,,,,,,,,,,,,,,,
TB13,B31,2008,Tshe,5.06,18.2,n,,,,,,,,,,,,,,,,,,,,,,,,,,,,,,,,,,
TB13,B31,2008,Tshe,6.23,19.7,n,,,,,,,,,,,,,,,,,,,,,,,,,,,,,,,,,,
TB13,B31,2008,Tshe,7.38,23.2,n,,,,,,,,,,,,,,,,,,,,,,,,,,,,,,,,,,
TB13,B31,2008,Tshe,9.58,23.2,n,,,,,,,,,,,,,,,,,,,,,,,,,,,,,,,,,,
TB13,B31,2008,Abam,1.56,31.1,n,,,,,,,,,,,,,,,,,,,,,,,,,,,,,,,,,,
TB13,B31,2008,Abam,7.49,32.8,n,,,,,,,,,,,,,,,,,,,,,,,,,,,,,,,,,,
TB13,B31,2008,Psme,6.8,37.0,n,,,,,,,,,,,,,,,,,,,,,,,,,,,,,,,,,,
TB13,B31,2008,Thpl,9.22,45.9,n,,,,,,,,,,,,,,,,,,,,,,,,,,,,,,,,,,
TB13,B31,2008,Tshe,8.46,65.8,y,,,,,,,,,,,,,,,,,,,,,,,,,,,,,,,,,,
TB13,B31,2008,Tshe,9.55,67.4,y,,,,,,,,,,,,,,,,,,,,,,,,,,,,,,,,,,
TB13,B31,2008,Thpl,3.41,99.7,n,,,,,,,,,,,,,,,,,,,,,,,,,,,,,,,,,,
TB13,B32,2008,Tshe,6.97,12.6,n,,,,,,,,,,,,,,,,,,,,,,,,,,,,,,,,,,
TB13,B32,2008,Tshe,5.83,15.9,n,,,,,,,,,,,,,,,,,,,,,,,,,,,,,,,,,,
TB13,B32,2008,Tshe,1.63,20.5,n,,,,,,,,,,,,,,,,,,,,,,,,,,,,,,,,,,
TB13,B32,2008,Tshe,3.72,28.5,n,,,,,,,,,,,,,,,,,,,,,,,,,,,,,,,,,,
TB13,B32,2008,Tshe,8.99,38.2,n,,,,,,,,,,,,,,,,,,,,,,,,,,,,,,,,,,
TB13,B32,2008,Thpl,6.7,38.4,n,,,,,,,,,,,,,,,,,,,,,,,,,,,,,,,,,,
TB13,B32,2008,Thpl,6.45,45.4,n,,,,,,,,,,,,,,,,,,,,,,,,,,,,,,,,,,
TB13,B32,2008,Thpl,4.19,48.8,n,,,,,,,,,,,,,,,,,,,,,,,,,,,,,,,,,,
TB13,B32,2008,Tshe,4.37,49.8,y,B8,,,,,,,,,,,,,,,,,,,,,,,,,,,,,,,,,
TB13,B32,2008,Tshe,8.67,53.4,y,,,,,,,,,,,,,,,,,,,,,,,,,,,,,,,,,,
TB13,B32,2008,Thpl,7.64,65.3,n,,,,,,,,,,,,,,,,,,,,,,,,,,,,,,,,,,
TB13,B32,2008,Tshe,6.57,65.5,y,,,,,,,,,,,,,,,,,,,,,,,,,,,,,,,,,,
TB13,B32,2008,Thpl,9.01,69.2,n,,,,,,,,,,,,,,,,,,,,,,,,,,,,,,,,,,
TB13,B33,2008,Tshe,9.37,12.3,n,,,,,,,,,,,,,,,,,,,,,,,,,,,,,,,,,,
TB13,B33,2008,Tshe,8.35,13.9,n,,,,,,,,,,,,,,,,,,,,,,,,,,,,,,,,,,
TB13,B33,2008,Abam,8.23,15.3,n,,,,,,,,,,,,,,,,,,,,,,,,,,,,,,,,,,
TB13,B33,2008,Abam,3.63,18.3,n,,,,,,,,,,,,,,,,,,,,,,,,,,,,,,,,,,
TB13,B33,2008,Tshe,4.56,18.8,n,,,,,,,,,,,,,,,,,,,,,,,,,,,,,,,,,,
TB13,B33,2008,Thpl,2.76,24.7,n,,,,,,,,,,,,,,,,,,,,,,,,,,,,,,,,,,
TB13,B33,2008,Thpl,9,46.9,y,,,,,,,,,,,,,,,,,,,,,,,,,,,,,,,,,,
TB13,B33,2008,Tshe,8.08,80.2,y,,,,,,,,,,,,,,,,,,,,,,,,,,,,,,,,,,
TB13,B33,2008,Thpl,6.66,94.0,y,,,,,,,,,,,,,,,,,,,,,,,,,,,,,,,,,,
TB13,B4,2008,Thpl,1.9,21.0,n,,,,,,,,,,,,,,,,,,,,,,,,,,,,,,,,,,
TB13,B4,2008,Thpl,8.05,26.5,n,,,,,,,,,,,,,,,,,,,,,,,,,,,,,,,,,,
TB13,B4,2008,Thpl,6.43,31.8,n,,,,,,,,,,,,,,,,,,,,,,,,,,,,,,,,,,
TB13,B4,2008,Tshe,4.19,32.0,n,,,,,,,,,,,,,,,,,,,,,,,,,,,,,,,,,,
TB13,B4,2008,Tshe,5.28,34.8,n,,,,,,,,,,,,,,,,,,,,,,,,,,,,,,,,,,
TB13,B4,2008,Tshe,2.85,41.0,n,,,,,,,,,,,,,,,,,,,,,,,,,,,,,,,,,,
TB13,B4,2008,Tshe,2.23,41.0,y,,,,,,,,,,,,,,,,,,,,,,,,,,,,,,,,,,
TB13,B4,2008,Tshe,9.48,49.0,n,,,,,,,,,,,,,,,,,,,,,,,,,,,,,,,,,,
TB13,B4,2008,Psme,9.41,50.9,n,,,,,,,,,,,,,,,,,,,,,,,,,,,,,,,,,,
TB13,B4,2008,Tshe,3.62,51.0,y,,,,,,,,,,,,,,,,,,,,,,,,,,,,,,,,,,
TB13,B4,2008,Psme,9.91,51.3,y,,,,,,,,,,,,,,,,,,,,,,,,,,,,,,,,,,
TB13,B4,2008,Psme,0.68,56.3,y,,,,,,,,,,,,,,,,,,,,,,,,,,,,,,,,,,
TB13,B4,2008,Tshe,4.16,59.2,y,,,,,,,,,,,,,,,,,,,,,,,,,,,,,,,,,,
TB13,B4,2008,Psme,3.59,68.6,y,,,,,,,,,,,,,,,,,,,,,,,,,,,,,,,,,,
TB13,B4,2008,Psme,2.84,87.0,y,,,,,,,,,,,,,,,,,,,,,,,,,,,,,,,,,,
TB13,B4,2008,Psme,9.38,97.5,y,,,,,,,,,,,,,,,,,,,,,,,,,,,,,,,,,,
TB13,B5,2008,Thpl,3.83,10.5,n,close to death,,,,,,,,,,,,,,,,,,,,,,,,,,,,,,,,,
TB13,B5,2008,Tshe,9.01,12.1,n,,,,,,,,,,,,,,,,,,,,,,,,,,,,,,,,,,
TB13,B5,2008,Abam,7.7,13.1,n,,,,,,,,,,,,,,,,,,,,,,,,,,,,,,,,,,
TB13,B5,2008,Tshe,0.36,17.8,n,,,,,,,,,,,,,,,,,,,,,,,,,,,,,,,,,,
TB13,B5,2008,Thpl,5.99,27.0,n,,,,,,,,,,,,,,,,,,,,,,,,,,,,,,,,,,
TB13,B5,2008,Tshe,6.72,27.0,n,,,,,,,,,,,,,,,,,,,,,,,,,,,,,,,,,,
TB13,B5,2008,Thpl,4.64,38.8,n,,,,,,,,,,,,,,,,,,,,,,,,,,,,,,,,,,
TB13,B5,2008,Psme,7.47,64.8,y,,,,,,,,,,,,,,,,,,,,,,,,,,,,,,,,,,
TB13,B5,2008,Thpl,7.5,76.5,y,,,,,,,,,,,,,,,,,,,,,,,,,,,,,,,,,,
TB13,B5,2008,Psme,6.95,80.0,y,,,,,,,,,,,,,,,,,,,,,,,,,,,,,,,,,,
TB13,B5,2008,Psme,2.63,82.3,y,,,,,,,,,,,,,,,,,,,,,,,,,,,,,,,,,,
TB13,B5,2008,Psme,0.89,90.5,y,,,,,,,,,,,,,,,,,,,,,,,,,,,,,,,,,,
TB13,B6,2008,Tshe,6.68,12.9,n,,,,,,,,,,,,,,,,,,,,,,,,,,,,,,,,,,
TB13,B6,2008,Tshe,7.08,13.4,n,8280 - labeled tree,,,,,,,,,,,,,,,,,,,,,,,,,,,,,,,,,
TB13,B6,2008,Tshe,4.06,17.5,n,,,,,,,,,,,,,,,,,,,,,,,,,,,,,,,,,,
TB13,B6,2008,Tshe,9.67,20.1,n,,,,,,,,,,,,,,,,,,,,,,,,,,,,,,,,,,
TB13,B6,2008,Tshe,9.82,28.7,n,,,,,,,,,,,,,,,,,,,,,,,,,,,,,,,,,,
TB13,B6,2008,Tshe,4.11,42.1,n,,,,,,,,,,,,,,,,,,,,,,,,,,,,,,,,,,
TB13,B6,2008,Psme,7.42,45.2,n,,,,,,,,,,,,,,,,,,,,,,,,,,,,,,,,,,
TB13,B6,2008,Psme,8.93,50.4,y,,,,,,,,,,,,,,,,,,,,,,,,,,,,,,,,,,
TB13,B6,2008,Psme,4,57.5,y,,,,,,,,,,,,,,,,,,,,,,,,,,,,,,,,,,
TB13,B6,2008,Psme,2.75,59.0,y,,,,,,,,,,,,,,,,,,,,,,,,,,,,,,,,,,
TB13,B6,2008,Psme,8.93,66.3,y,,,,,,,,,,,,,,,,,,,,,,,,,,,,,,,,,,
TB13,B6,2008,Tshe,9.44,67.2,y,,,,,,,,,,,,,,,,,,,,,,,,,,,,,,,,,,
TB13,B6,2008,Psme,6.14,79.6,y,,,,,,,,,,,,,,,,,,,,,,,,,,,,,,,,,,
TB13,B7,2008,Tshe,5.67,15.9,n,,,,,,,,,,,,,,,,,,,,,,,,,,,,,,,,,,
TB13,B7,2008,Tshe,2.87,20.0,n,,,,,,,,,,,,,,,,,,,,,,,,,,,,,,,,,,
TB13,B7,2008,Tshe,5.21,20.3,n,,,,,,,,,,,,,,,,,,,,,,,,,,,,,,,,,,
TB13,B7,2008,Psme,6.99,28.0,n,,,,,,,,,,,,,,,,,,,,,,,,,,,,,,,,,,
TB13,B7,2008,Tshe,3.27,30.0,n,,,,,,,,,,,,,,,,,,,,,,,,,,,,,,,,,,
TB13,B7,2008,Thpl,5.39,37.0,n,,,,,,,,,,,,,,,,,,,,,,,,,,,,,,,,,,
TB13,B7,2008,Tshe,9.12,37.0,n,,,,,,,,,,,,,,,,,,,,,,,,,,,,,,,,,,
TB13,B7,2008,Tshe,5.36,38.0,n,,,,,,,,,,,,,,,,,,,,,,,,,,,,,,,,,,
TB13,B7,2008,Thpl,5.05,45.1,n,,,,,,,,,,,,,,,,,,,,,,,,,,,,,,,,,,
TB13,B7,2008,Psme,9.41,45.2,n,,,,,,,,,,,,,,,,,,,,,,,,,,,,,,,,,,
TB13,B7,2008,Psme,2,45.6,y,,,,,,,,,,,,,,,,,,,,,,,,,,,,,,,,,,
TB13,B7,2008,Psme,8,47.9,y,,,,,,,,,,,,,,,,,,,,,,,,,,,,,,,,,,
TB13,B7,2008,Psme,5.35,50.2,y,,,,,,,,,,,,,,,,,,,,,,,,,,,,,,,,,,
TB13,B7,2008,Tshe,2.38,52.4,y,,,,,,,,,,,,,,,,,,,,,,,,,,,,,,,,,,
TB13,B7,2008,Tshe,7.9,65.0,y,,,,,,,,,,,,,,,,,,,,,,,,,,,,,,,,,,
TB13,B7,2008,Thpl,7.27,72.2,y,,,,,,,,,,,,,,,,,,,,,,,,,,,,,,,,,,
TB13,B8,2008,Tshe,7.81,13.9,n,,,,,,,,,,,,,,,,,,,,,,,,,,,,,,,,,,
TB13,B8,2008,Abam,9.52,14.9,n,,,,,,,,,,,,,,,,,,,,,,,,,,,,,,,,,,
TB13,B8,2008,Tshe,7.5,16.0,n,,,,,,,,,,,,,,,,,,,,,,,,,,,,,,,,,,
TB13,B8,2008,Tshe,6.62,20.4,n,,,,,,,,,,,,,,,,,,,,,,,,,,,,,,,,,,
TB13,B8,2008,Tshe,3.16,28.3,n,,,,,,,,,,,,,,,,,,,,,,,,,,,,,,,,,,
TB13,B8,2008,Thpl,7.48,30.6,n,,,,,,,,,,,,,,,,,,,,,,,,,,,,,,,,,,
TB13,B8,2008,Thpl,7.07,37.8,n,,,,,,,,,,,,,,,,,,,,,,,,,,,,,,,,,,
TB13,B8,2008,Thpl,6.62,41.2,n,,,,,,,,,,,,,,,,,,,,,,,,,,,,,,,,,,
TB13,B8,2008,Thpl,7.16,46.0,n,,,,,,,,,,,,,,,,,,,,,,,,,,,,,,,,,,
TB13,B8,2008,Thpl,0.79,47.5,n,,,,,,,,,,,,,,,,,,,,,,,,,,,,,,,,,,
TB13,B8,2008,Tshe,4.91,64.8,y,,,,,,,,,,,,,,,,,,,,,,,,,,,,,,,,,,
TB13,B8,2008,Abam,4.05,65.5,y,,,,,,,,,,,,,,,,,,,,,,,,,,,,,,,,,,
TB13,B8,2008,Thpl,8.6,69.6,n,,,,,,,,,,,,,,,,,,,,,,,,,,,,,,,,,,
TB13,B8,2008,Thpl,9.29,78.5,y,,,,,,,,,,,,,,,,,,,,,,,,,,,,,,,,,,
TB13,B9,2008,Tshe,7.19,10.7,n,,,,,,,,,,,,,,,,,,,,,,,,,,,,,,,,,,
TB13,B9,2008,Tshe,9.87,12.8,n,,,,,,,,,,,,,,,,,,,,,,,,,,,,,,,,,,
TB13,B9,2008,Thse,8.11,15.9,n,,,,,,,,,,,,,,,,,,,,,,,,,,,,,,,,,,
TB13,B9,2008,Tshe,5.62,19.2,n,,,,,,,,,,,,,,,,,,,,,,,,,,,,,,,,,,
TB13,B9,2008,Thpl,9.02,31.6,n,,,,,,,,,,,,,,,,,,,,,,,,,,,,,,,,,,
TB13,B9,2008,Tshe,8.51,37.1,n,,,,,,,,,,,,,,,,,,,,,,,,,,,,,,,,,,
TB13,B9,2008,Thpl,6.25,38.7,n,,,,,,,,,,,,,,,,,,,,,,,,,,,,,,,,,,
TB13,B9,2008,Tshe,8.1,38.8,n,,,,,,,,,,,,,,,,,,,,,,,,,,,,,,,,,,
TB13,B9,2008,Psme,4.72,48.6,y,,,,,,,,,,,,,,,,,,,,,,,,,,,,,,,,,,
TB13,B9,2008,Thpl,4.23,54.0,n,,,,,,,,,,,,,,,,,,,,,,,,,,,,,,,,,,
TB13,B9,2008,Thpl,7.55,64.2,n,,,,,,,,,,,,,,,,,,,,,,,,,,,,,,,,,,
TB13,B9,2008,Psme,3.06,70.0,y,,,,,,,,,,,,,,,,,,,,,,,,,,,,,,,,,,
TB13,B9,2008,Psme,1.39,80.0,y,,,,,,,,,,,,,,,,,,,,,,,,,,,,,,,,,,
TB13,B9,2008,Psme,6.22,80.4,y,,,,,,,,,,,,,,,,,,,,,,,,,,,,,,,,,,
TB13,B9,2008,Psme,7.29,83.6,y,,,,,,,,,,,,,,,,,,,,,,,,,,,,,,,,,,
TB13,B9,2008,Psme,4.42,96.8,y,,,,,,,,,,,,,,,,,,,,,,,,,,,,,,,,,,
TB13,B9,2008,Tshe,7.19,10.7,n,,,,,,,,,,,,,,,,,,,,,,,,,,,,,,,,,,
AG05,C1,2008,Tabr,5.15,10.8,n,,,,,,,,,,,,,,,,,,,,,,,,,,,,,,,,,,
AG05,C1,2008,Abam,5.09,11.2,n,,,,,,,,,,,,,,,,,,,,,,,,,,,,,,,,,,
AG05,C1,2008,Tshe,9.23,13.0,n,,,,,,,,,,,,,,,,,,,,,,,,,,,,,,,,,,
AG05,C1,2008,Tshe,5.24,13.1,n,,,,,,,,,,,,,,,,,,,,,,,,,,,,,,,,,,
AG05,C1,2008,Tshe,4.86,14.8,n,,,,,,,,,,,,,,,,,,,,,,,,,,,,,,,,,,
AG05,C1,2008,Tshe,8.49,18.5,n,,,,,,,,,,,,,,,,,,,,,,,,,,,,,,,,,,
AG05,C1,2008,Tshe,9.11,18.5,n,,,,,,,,,,,,,,,,,,,,,,,,,,,,,,,,,,
AG05,C1,2008,Abam,4.91,20.2,n,,,,,,,,,,,,,,,,,,,,,,,,,,,,,,,,,,
AG05,C1,2008,Tshe,3.17,20.3,n,,,,,,,,,,,,,,,,,,,,,,,,,,,,,,,,,,
AG05,C1,2008,Abam,7.53,31.4,y,,,,,,,,,,,,,,,,,,,,,,,,,,,,,,,,,,
AG05,C1,2008,Abam,7.83,39.0,y,,,,,,,,,,,,,,,,,,,,,,,,,,,,,,,,,,
AG05,C1,2008,Abam,4.83,39.3,y,,,,,,,,,,,,,,,,,,,,,,,,,,,,,,,,,,
AG05,C1,2008,Thpl,3.67,40.9,n,,,,,,,,,,,,,,,,,,,,,,,,,,,,,,,,,,
AG05,C1,2008,Abam,4.89,45.0,y,,,,,,,,,,,,,,,,,,,,,,,,,,,,,,,,,,
AG05,C1,2008,Tshe,7.22,60.1,y,,,,,,,,,,,,,,,,,,,,,,,,,,,,,,,,,,
AG05,C1,2008,Thpl,4.22,62.0,y,,,,,,,,,,,,,,,,,,,,,,,,,,,,,,,,,,
AG05,C1,2008,Thpl,4.13,67.0,y,,,,,,,,,,,,,,,,,,,,,,,,,,,,,,,,,,
AG05,C10,2008,Tshe,0.66,10.0,n,,,,,,,,,,,,,,,,,,,,,,,,,,,,,,,,,,
AG05,C10,2008,Tshe,8.68,10.5,n,,,,,,,,,,,,,,,,,,,,,,,,,,,,,,,,,,
AG05,C10,2008,Tshe,8.91,11.1,n,,,,,,,,,,,,,,,,,,,,,,,,,,,,,,,,,,
AG05,C10,2008,Tshe,1.92,11.9,n,,,,,,,,,,,,,,,,,,,,,,,,,,,,,,,,,,
AG05,C10,2008,Tshe,9.69,12.8,n,,,,,,,,,,,,,,,,,,,,,,,,,,,,,,,,,,
AG05,C10,2008,Tshe,4.68,13.3,n,,,,,,,,,,,,,,,,,,,,,,,,,,,,,,,,,,
AG05,C10,2008,Tshe,3.84,14.3,n,,,,,,,,,,,,,,,,,,,,,,,,,,,,,,,,,,
AG05,C10,2008,Tshe,6.88,15.0,n,,,,,,,,,,,,,,,,,,,,,,,,,,,,,,,,,,
AG05,C10,2008,Tshe,6.41,15.5,n,,,,,,,,,,,,,,,,,,,,,,,,,,,,,,,,,,
AG05,C10,2008,Tshe,9,15.7,n,,,,,,,,,,,,,,,,,,,,,,,,,,,,,,,,,,
AG05,C10,2008,Tshe,6.81,16.0,n,,,,,,,,,,,,,,,,,,,,,,,,,,,,,,,,,,
AG05,C10,2008,Tshe,6.09,18.6,n,,,,,,,,,,,,,,,,,,,,,,,,,,,,,,,,,,
AG05,C10,2008,Tshe,8.35,21.3,n,,,,,,,,,,,,,,,,,,,,,,,,,,,,,,,,,,
AG05,C10,2008,Tshe,7.6,23.5,n,,,,,,,,,,,,,,,,,,,,,,,,,,,,,,,,,,
AG05,C10,2008,Abam,8.09,26.6,y,,,,,,,,,,,,,,,,,,,,,,,,,,,,,,,,,,
AG05,C10,2008,Abam,7.84,27.2,n,,,,,,,,,,,,,,,,,,,,,,,,,,,,,,,,,,
AG05,C10,2008,Abam,2.94,45.9,y,,,,,,,,,,,,,,,,,,,,,,,,,,,,,,,,,,
AG05,C10,2008,Abam,4.08,51.2,y,,,,,,,,,,,,,,,,,,,,,,,,,,,,,,,,,,
AG05,C10,2008,Abam,9.71,56.9,y,C8,,,,,,,,,,,,,,,,,,,,,,,,,,,,,,,,,
AG05,C10,2008,Thpl,3.24,67.3,y,,,,,,,,,,,,,,,,,,,,,,,,,,,,,,,,,,
AG05,C10,2008,Abam,9.98,69.5,y,C9,,,,,,,,,,,,,,,,,,,,,,,,,,,,,,,,,
AG05,C11,2008,Tshe,7.82,10.0,n,,,,,,,,,,,,,,,,,,,,,,,,,,,,,,,,,,
AG05,C11,2008,Tshe,9.84,10.2,n,,,,,,,,,,,,,,,,,,,,,,,,,,,,,,,,,,
AG05,C11,2008,Tshe,9.26,10.8,n,,,,,,,,,,,,,,,,,,,,,,,,,,,,,,,,,,
AG05,C11,2008,Abam,5.35,11.2,n,,,,,,,,,,,,,,,,,,,,,,,,,,,,,,,,,,
AG05,C11,2008,Tshe,8.38,11.3,n,,,,,,,,,,,,,,,,,,,,,,,,,,,,,,,,,,
AG05,C11,2008,Tshe,7.16,12.1,n,,,,,,,,,,,,,,,,,,,,,,,,,,,,,,,,,,
AG05,C11,2008,Abam,9.97,12.3,n,,,,,,,,,,,,,,,,,,,,,,,,,,,,,,,,,,
AG05,C11,2008,Tshe,9.84,12.6,n,,,,,,,,,,,,,,,,,,,,,,,,,,,,,,,,,,
AG05,C11,2008,Tshe,7.79,13.6,n,,,,,,,,,,,,,,,,,,,,,,,,,,,,,,,,,,
AG05,C11,2008,Tshe,7.57,14.0,n,,,,,,,,,,,,,,,,,,,,,,,,,,,,,,,,,,
AG05,C11,2008,Tshe,9.28,16.7,n,,,,,,,,,,,,,,,,,,,,,,,,,,,,,,,,,,
AG05,C11,2008,Tshe,9.79,17.1,n,,,,,,,,,,,,,,,,,,,,,,,,,,,,,,,,,,
AG05,C11,2008,Tshe,5.32,18.8,n,,,,,,,,,,,,,,,,,,,,,,,,,,,,,,,,,,
AG05,C11,2008,Tshe,6.81,19.0,n,,,,,,,,,,,,,,,,,,,,,,,,,,,,,,,,,,
AG05,C11,2008,Tshe,4.54,19.1,n,,,,,,,,,,,,,,,,,,,,,,,,,,,,,,,,,,
AG05,C11,2008,Tshe,5.01,19.2,n,,,,,,,,,,,,,,,,,,,,,,,,,,,,,,,,,,
AG05,C11,2008,Tshe,9.53,19.7,n,,,,,,,,,,,,,,,,,,,,,,,,,,,,,,,,,,
AG05,C11,2008,Tshe,8.77,22.6,n,,,,,,,,,,,,,,,,,,,,,,,,,,,,,,,,,,
AG05,C11,2008,Thpl,4.31,25.4,n,,,,,,,,,,,,,,,,,,,,,,,,,,,,,,,,,,
AG05,C11,2008,Abam,4.85,27.3,n,,,,,,,,,,,,,,,,,,,,,,,,,,,,,,,,,,
AG05,C11,2008,Abam,5.73,28.2,y,,,,,,,,,,,,,,,,,,,,,,,,,,,,,,,,,,
AG05,C11,2008,Thpl,9.79,51.7,n,,,,,,,,,,,,,,,,,,,,,,,,,,,,,,,,,,
AG05,C11,2008,Thpl,8.97,64.7,y,,,,,,,,,,,,,,,,,,,,,,,,,,,,,,,,,,
AG05,C12,2008,Tshe,2.08,10.0,n,,,,,,,,,,,,,,,,,,,,,,,,,,,,,,,,,,
AG05,C12,2008,Abam,7.56,10.0,n,,,,,,,,,,,,,,,,,,,,,,,,,,,,,,,,,,
AG05,C12,2008,Abam,6.75,10.3,n,,,,,,,,,,,,,,,,,,,,,,,,,,,,,,,,,,
AG05,C12,2008,Tshe,9.96,10.5,n,,,,,,,,,,,,,,,,,,,,,,,,,,,,,,,,,,
AG05,C12,2008,Tshe,8.93,11.5,n,,,,,,,,,,,,,,,,,,,,,,,,,,,,,,,,,,
AG05,C12,2008,Tshe,7.21,11.6,n,,,,,,,,,,,,,,,,,,,,,,,,,,,,,,,,,,
AG05,C12,2008,Abam,0.2,12.4,n,,,,,,,,,,,,,,,,,,,,,,,,,,,,,,,,,,
AG05,C12,2008,Tshe,8.86,14.3,n,,,,,,,,,,,,,,,,,,,,,,,,,,,,,,,,,,
AG05,C12,2008,Abam,9.2,14.4,n,,,,,,,,,,,,,,,,,,,,,,,,,,,,,,,,,,
AG05,C12,2008,Tshe,0.72,15.1,n,,,,,,,,,,,,,,,,,,,,,,,,,,,,,,,,,,
AG05,C12,2008,Tshe,8.74,16.2,n,,,,,,,,,,,,,,,,,,,,,,,,,,,,,,,,,,
AG05,C12,2008,Tshe,7.06,16.7,n,,,,,,,,,,,,,,,,,,,,,,,,,,,,,,,,,,
AG05,C12,2008,Tshe,4.66,17.0,n,,,,,,,,,,,,,,,,,,,,,,,,,,,,,,,,,,
AG05,C12,2008,Tshe,5.42,17.1,n,,,,,,,,,,,,,,,,,,,,,,,,,,,,,,,,,,
AG05,C12,2008,Tshe,3.73,19.0,n,,,,,,,,,,,,,,,,,,,,,,,,,,,,,,,,,,
AG05,C12,2008,Tshe,5.93,19.0,n,,,,,,,,,,,,,,,,,,,,,,,,,,,,,,,,,,
AG05,C12,2008,Thpl,7.33,19.0,n,,,,,,,,,,,,,,,,,,,,,,,,,,,,,,,,,,
AG05,C12,2008,Tshe,8.89,19.3,n,,,,,,,,,,,,,,,,,,,,,,,,,,,,,,,,,,
AG05,C12,2008,Tshe,2.9,20.1,n,,,,,,,,,,,,,,,,,,,,,,,,,,,,,,,,,,
AG05,C12,2008,Thpl,6.97,24.2,n,,,,,,,,,,,,,,,,,,,,,,,,,,,,,,,,,,
AG05,C12,2008,Thpl,8.23,31.5,n,,,,,,,,,,,,,,,,,,,,,,,,,,,,,,,,,,
AG05,C12,2008,Abam,5.57,34.5,y,,,,,,,,,,,,,,,,,,,,,,,,,,,,,,,,,,
AG05,C12,2008,Abam,7.11,47.9,y,,,,,,,,,,,,,,,,,,,,,,,,,,,,,,,,,,
AG05,C12,2008,Abam,3.28,52.4,y,,,,,,,,,,,,,,,,,,,,,,,,,,,,,,,,,,
AG05,C12,2008,Tshe,8.1,55.8,y,,,,,,,,,,,,,,,,,,,,,,,,,,,,,,,,,,
AG05,C12,2008,Thpl,7.15,63.5,y,,,,,,,,,,,,,,,,,,,,,,,,,,,,,,,,,,
AG05,C12,2008,Thpl,4.59,64.7,y,,,,,,,,,,,,,,,,,,,,,,,,,,,,,,,,,,
AG05,C13,2008,Tshe,4.87,10.3,n,,,,,,,,,,,,,,,,,,,,,,,,,,,,,,,,,,
AG05,C13,2008,Abam,8.55,11.0,n,,,,,,,,,,,,,,,,,,,,,,,,,,,,,,,,,,
AG05,C13,2008,Tabr,8.91,11.5,n,,,,,,,,,,,,,,,,,,,,,,,,,,,,,,,,,,
AG05,C13,2008,Tshe,9.93,12.7,n,,,,,,,,,,,,,,,,,,,,,,,,,,,,,,,,,,
AG05,C13,2008,Thpl,4.81,13.6,n,,,,,,,,,,,,,,,,,,,,,,,,,,,,,,,,,,
AG05,C13,2008,Tshe,6.72,14.3,n,,,,,,,,,,,,,,,,,,,,,,,,,,,,,,,,,,
AG05,C13,2008,Abam,9.53,15.3,n,,,,,,,,,,,,,,,,,,,,,,,,,,,,,,,,,,
AG05,C13,2008,Abam,6.39,15.6,n,,,,,,,,,,,,,,,,,,,,,,,,,,,,,,,,,,
AG05,C13,2008,Tshe,8.48,16.0,n,,,,,,,,,,,,,,,,,,,,,,,,,,,,,,,,,,
AG05,C13,2008,Tshe,8.88,16.7,n,,,,,,,,,,,,,,,,,,,,,,,,,,,,,,,,,,
AG05,C13,2008,Tshe,7.87,17.9,n,,,,,,,,,,,,,,,,,,,,,,,,,,,,,,,,,,
AG05,C13,2008,Abam,7.15,26.2,n,,,,,,,,,,,,,,,,,,,,,,,,,,,,,,,,,,
AG05,C13,2008,Thpl,7.02,29.1,n,,,,,,,,,,,,,,,,,,,,,,,,,,,,,,,,,,
AG05,C13,2008,Thpl,4.54,32.1,n,,,,,,,,,,,,,,,,,,,,,,,,,,,,,,,,,,
AG05,C13,2008,Tshe,2.13,39.2,n,,,,,,,,,,,,,,,,,,,,,,,,,,,,,,,,,,
AG05,C13,2008,Thpl,5.44,52.9,n,,,,,,,,,,,,,,,,,,,,,,,,,,,,,,,,,,
AG05,C13,2008,Abam,6.1,70.4,y,,,,,,,,,,,,,,,,,,,,,,,,,,,,,,,,,,
AG05,C13,2008,Psme,9.27,119.4,y,C15,,,,,,,,,,,,,,,,,,,,,,,,,,,,,,,,,
AG05,C14,2008,Abam,5.26,14.8,n,,,,,,,,,,,,,,,,,,,,,,,,,,,,,,,,,,
AG05,C14,2008,Tshe,2.66,15.6,n,,,,,,,,,,,,,,,,,,,,,,,,,,,,,,,,,,
AG05,C14,2008,Tshe,7.3,16.8,n,,,,,,,,,,,,,,,,,,,,,,,,,,,,,,,,,,
AG05,C14,2008,Tshe,2.96,17.7,n,,,,,,,,,,,,,,,,,,,,,,,,,,,,,,,,,,
AG05,C14,2008,Abam,9.88,29.8,n,,,,,,,,,,,,,,,,,,,,,,,,,,,,,,,,,,
AG05,C14,2008,Thpl,7.47,31.2,n,,,,,,,,,,,,,,,,,,,,,,,,,,,,,,,,,,
AG05,C14,2008,Thpl,7.17,32.5,n,,,,,,,,,,,,,,,,,,,,,,,,,,,,,,,,,,
AG05,C14,2008,Thpl,7.96,39.2,n,,,,,,,,,,,,,,,,,,,,,,,,,,,,,,,,,,
AG05,C14,2008,Tshe,7.94,40.4,n,,,,,,,,,,,,,,,,,,,,,,,,,,,,,,,,,,
AG05,C14,2008,Abam,4.63,54.0,y,,,,,,,,,,,,,,,,,,,,,,,,,,,,,,,,,,
AG05,C14,2008,Psme,6.1,70.4,y,C13,,,,,,,,,,,,,,,,,,,,,,,,,,,,,,,,,
AG05,C14,2008,Psme,5.27,119.4,y,C15,,,,,,,,,,,,,,,,,,,,,,,,,,,,,,,,,
AG05,C15,2008,Abam,5.9,10.3,n,,,,,,,,,,,,,,,,,,,,,,,,,,,,,,,,,,
AG05,C15,2008,Tshe,8.22,13.0,n,,,,,,,,,,,,,,,,,,,,,,,,,,,,,,,,,,
AG05,C15,2008,Thpl,8.06,13.6,n,,,,,,,,,,,,,,,,,,,,,,,,,,,,,,,,,,
AG05,C15,2008,Abam,5.8,14.8,n,,,,,,,,,,,,,,,,,,,,,,,,,,,,,,,,,,
AG05,C15,2008,Abam,5.47,15.0,n,,,,,,,,,,,,,,,,,,,,,,,,,,,,,,,,,,
AG05,C15,2008,Abam,8.6,15.2,n,,,,,,,,,,,,,,,,,,,,,,,,,,,,,,,,,,
AG05,C15,2008,Tshe,4.57,16.3,n,,,,,,,,,,,,,,,,,,,,,,,,,,,,,,,,,,
AG05,C15,2008,Tshe,3,16.5,n,,,,,,,,,,,,,,,,,,,,,,,,,,,,,,,,,,
AG05,C15,2008,Abam,7.12,16.5,n,,,,,,,,,,,,,,,,,,,,,,,,,,,,,,,,,,
AG05,C15,2008,Tshe,7.61,17.3,n,,,,,,,,,,,,,,,,,,,,,,,,,,,,,,,,,,
AG05,C15,2008,Tshe,1.75,17.7,n,,,,,,,,,,,,,,,,,,,,,,,,,,,,,,,,,,
AG05,C15,2008,Tshe,8.02,18.5,n,,,,,,,,,,,,,,,,,,,,,,,,,,,,,,,,,,
AG05,C15,2008,Tshe,6.56,20.2,n,,,,,,,,,,,,,,,,,,,,,,,,,,,,,,,,,,
AG05,C15,2008,Abam,4.55,29.8,n,,,,,,,,,,,,,,,,,,,,,,,,,,,,,,,,,,
AG05,C15,2008,Thpl,7.48,31.0,n,,,,,,,,,,,,,,,,,,,,,,,,,,,,,,,,,,
AG05,C15,2008,Thpl,8,32.1,n,,,,,,,,,,,,,,,,,,,,,,,,,,,,,,,,,,
AG05,C15,2008,Abam,4.61,54.3,y,,,,,,,,,,,,,,,,,,,,,,,,,,,,,,,,,,
AG05,C15,2008,Thpl,3.19,61.1,n,C16,,,,,,,,,,,,,,,,,,,,,,,,,,,,,,,,,
AG05,C15,2008,Abam,5.22,69.9,y,C14,,,,,,,,,,,,,,,,,,,,,,,,,,,,,,,,,
AG05,C15,2008,Psme,7.27,74.7,y,,,,,,,,,,,,,,,,,,,,,,,,,,,,,,,,,,
AG05,C16,2008,Tshe,7.96,10.3,n,,,,,,,,,,,,,,,,,,,,,,,,,,,,,,,,,,
AG05,C16,2008,Abam,2.3,10.4,n,,,,,,,,,,,,,,,,,,,,,,,,,,,,,,,,,,
AG05,C16,2008,Tshe,8.38,11.5,n,,,,,,,,,,,,,,,,,,,,,,,,,,,,,,,,,,
AG05,C16,2008,Abam,6.48,12.1,n,,,,,,,,,,,,,,,,,,,,,,,,,,,,,,,,,,
AG05,C16,2008,Tshe,9.71,13.1,n,,,,,,,,,,,,,,,,,,,,,,,,,,,,,,,,,,
AG05,C16,2008,Tshe,9.48,14.0,n,,,,,,,,,,,,,,,,,,,,,,,,,,,,,,,,,,
AG05,C16,2008,Tshe,8.16,14.1,n,,,,,,,,,,,,,,,,,,,,,,,,,,,,,,,,,,
AG05,C16,2008,Abam,3.41,14.9,n,,,,,,,,,,,,,,,,,,,,,,,,,,,,,,,,,,
AG05,C16,2008,Abam,7.91,15.0,n,,,,,,,,,,,,,,,,,,,,,,,,,,,,,,,,,,
AG05,C16,2008,Abam,1.92,15.1,n,,,,,,,,,,,,,,,,,,,,,,,,,,,,,,,,,,
AG05,C16,2008,Abam,5.14,15.5,n,,,,,,,,,,,,,,,,,,,,,,,,,,,,,,,,,,
AG05,C16,2008,Tshe,9.11,15.6,n,,,,,,,,,,,,,,,,,,,,,,,,,,,,,,,,,,
AG05,C16,2008,Abam,5.46,15.8,n,,,,,,,,,,,,,,,,,,,,,,,,,,,,,,,,,,
AG05,C16,2008,Tshe,9.18,16.1,n,,,,,,,,,,,,,,,,,,,,,,,,,,,,,,,,,,
AG05,C16,2008,Tshe,5.48,16.5,n,,,,,,,,,,,,,,,,,,,,,,,,,,,,,,,,,,
AG05,C16,2008,Tshe,7.38,17.0,n,,,,,,,,,,,,,,,,,,,,,,,,,,,,,,,,,,
AG05,C16,2008,Tshe,7.19,17.7,n,,,,,,,,,,,,,,,,,,,,,,,,,,,,,,,,,,
AG05,C16,2008,Tshe,8.32,19.3,n,,,,,,,,,,,,,,,,,,,,,,,,,,,,,,,,,,
AG05,C16,2008,Abam,6.75,20.6,n,,,,,,,,,,,,,,,,,,,,,,,,,,,,,,,,,,
AG05,C16,2008,Abam,4.58,29.8,n,,,,,,,,,,,,,,,,,,,,,,,,,,,,,,,,,,
AG05,C16,2008,Abam,8.49,54.2,y,,,,,,,,,,,,,,,,,,,,,,,,,,,,,,,,,,
AG05,C16,2008,Psme,3.19,61.1,y,,,,,,,,,,,,,,,,,,,,,,,,,,,,,,,,,,
AG05,C16,2008,Psme,5.17,73.9,y,C18,,,,,,,,,,,,,,,,,,,,,,,,,,,,,,,,,
AG05,C17,2008,Tshe,9.66,11.4,n,,,,,,,,,,,,,,,,,,,,,,,,,,,,,,,,,,
AG05,C17,2008,Abam,5.33,11.6,n,,,,,,,,,,,,,,,,,,,,,,,,,,,,,,,,,,
AG05,C17,2008,Tshe,8.54,12.3,n,,,,,,,,,,,,,,,,,,,,,,,,,,,,,,,,,,
AG05,C17,2008,Tshe,3.38,13.2,n,,,,,,,,,,,,,,,,,,,,,,,,,,,,,,,,,,
AG05,C17,2008,Tshe,7.9,13.8,n,,,,,,,,,,,,,,,,,,,,,,,,,,,,,,,,,,
AG05,C17,2008,Abam,8.63,15.2,y,,,,,,,,,,,,,,,,,,,,,,,,,,,,,,,,,,
AG05,C17,2008,Tshe,0.39,15.8,n,,,,,,,,,,,,,,,,,,,,,,,,,,,,,,,,,,
AG05,C17,2008,Tshe,5.75,17.0,n,,,,,,,,,,,,,,,,,,,,,,,,,,,,,,,,,,
AG05,C17,2008,Abam,7.17,17.2,n,,,,,,,,,,,,,,,,,,,,,,,,,,,,,,,,,,
AG05,C17,2008,Abam,5.94,20.6,n,,,,,,,,,,,,,,,,,,,,,,,,,,,,,,,,,,
AG05,C17,2008,Abam,8.83,27.4,n,,,,,,,,,,,,,,,,,,,,,,,,,,,,,,,,,,
AG05,C17,2008,Tshe,3.31,27.9,n,,,,,,,,,,,,,,,,,,,,,,,,,,,,,,,,,,
AG05,C17,2008,Thpl,5.98,32.0,n,,,,,,,,,,,,,,,,,,,,,,,,,,,,,,,,,,
AG05,C17,2008,Thpl,6.11,33.0,n,,,,,,,,,,,,,,,,,,,,,,,,,,,,,,,,,,
AG05,C17,2008,Thpl,9.8,36.7,n,,,,,,,,,,,,,,,,,,,,,,,,,,,,,,,,,,
AG05,C17,2008,Thpl,5.41,53.0,y,,,,,,,,,,,,,,,,,,,,,,,,,,,,,,,,,,
AG05,C17,2008,Thpl,5.82,53.3,y,,,,,,,,,,,,,,,,,,,,,,,,,,,,,,,,,,
AG05,C17,2008,Thpl,8.63,59.8,y,,,,,,,,,,,,,,,,,,,,,,,,,,,,,,,,,,
AG05,C17,2008,Tshe,7.18,70.8,y,,,,,,,,,,,,,,,,,,,,,,,,,,,,,,,,,,
AG05,C18,2008,Abam,3.69,10.4,n,,,,,,,,,,,,,,,,,,,,,,,,,,,,,,,,,,
AG05,C18,2008,Tshe,7.92,10.4,n,,,,,,,,,,,,,,,,,,,,,,,,,,,,,,,,,,
AG05,C18,2008,Abam,8.01,11.5,n,,,,,,,,,,,,,,,,,,,,,,,,,,,,,,,,,,
AG05,C18,2008,Tshe,7.77,11.8,n,,,,,,,,,,,,,,,,,,,,,,,,,,,,,,,,,,
AG05,C18,2008,Abam,6.73,12.2,n,,,,,,,,,,,,,,,,,,,,,,,,,,,,,,,,,,
AG05,C18,2008,Tshe,8.99,14.0,n,,,,,,,,,,,,,,,,,,,,,,,,,,,,,,,,,,
AG05,C18,2008,Abam,7.23,14.3,n,,,,,,,,,,,,,,,,,,,,,,,,,,,,,,,,,,
AG05,C18,2008,Abam,3.49,14.8,n,,,,,,,,,,,,,,,,,,,,,,,,,,,,,,,,,,
AG05,C18,2008,Abam,5.81,15.2,n,,,,,,,,,,,,,,,,,,,,,,,,,,,,,,,,,,
AG05,C18,2008,Tshe,9.6,15.8,n,,,,,,,,,,,,,,,,,,,,,,,,,,,,,,,,,,
AG05,C18,2008,Tshe,4.25,17.0,n,,,,,,,,,,,,,,,,,,,,,,,,,,,,,,,,,,
AG05,C18,2008,Tshe,9.52,17.6,n,,,,,,,,,,,,,,,,,,,,,,,,,,,,,,,,,,
AG05,C18,2008,Tshe,9.2,19.1,n,,,,,,,,,,,,,,,,,,,,,,,,,,,,,,,,,,
AG05,C18,2008,Abam,4.58,20.6,n,,,,,,,,,,,,,,,,,,,,,,,,,,,,,,,,,,
AG05,C18,2008,Thpl,8.74,53.3,y,,,,,,,,,,,,,,,,,,,,,,,,,,,,,,,,,,
AG05,C18,2008,Thpl,4.79,61.1,y,C16,,,,,,,,,,,,,,,,,,,,,,,,,,,,,,,,,
AG05,C18,2008,Psme,7.78,119.4,y,C15,,,,,,,,,,,,,,,,,,,,,,,,,,,,,,,,,
AG05,C19,2008,Tshe,5.47,11.5,n,,,,,,,,,,,,,,,,,,,,,,,,,,,,,,,,,,
AG05,C19,2008,Abam,6.71,12.1,n,,,,,,,,,,,,,,,,,,,,,,,,,,,,,,,,,,
AG05,C19,2008,Tshe,7.65,12.3,n,,,,,,,,,,,,,,,,,,,,,,,,,,,,,,,,,,
AG05,C19,2008,Tshe,6.61,13.2,n,,,,,,,,,,,,,,,,,,,,,,,,,,,,,,,,,,
AG05,C19,2008,Tshe,4.12,13.9,n,,,,,,,,,,,,,,,,,,,,,,,,,,,,,,,,,,
AG05,C19,2008,Abam,9.17,14.3,n,,,,,,,,,,,,,,,,,,,,,,,,,,,,,,,,,,
AG05,C19,2008,Abam,8.04,15.4,n,,,,,,,,,,,,,,,,,,,,,,,,,,,,,,,,,,
AG05,C19,2008,Abam,8.08,15.4,n,,,,,,,,,,,,,,,,,,,,,,,,,,,,,,,,,,
AG05,C19,2008,Tshe,5.52,15.8,n,,,,,,,,,,,,,,,,,,,,,,,,,,,,,,,,,,
AG05,C19,2008,Abam,5.67,15.9,n,,,,,,,,,,,,,,,,,,,,,,,,,,,,,,,,,,
AG05,C19,2008,Tshe,3.54,20.3,n,,,,,,,,,,,,,,,,,,,,,,,,,,,,,,,,,,
AG05,C19,2008,Tshe,5.88,23.3,n,,,,,,,,,,,,,,,,,,,,,,,,,,,,,,,,,,
AG05,C19,2008,Thpl,7.97,26.4,n,,,,,,,,,,,,,,,,,,,,,,,,,,,,,,,,,,
AG05,C19,2008,Thpl,9.39,29.5,n,,,,,,,,,,,,,,,,,,,,,,,,,,,,,,,,,,
AG05,C19,2008,Abam,8.04,37.9,y,,,,,,,,,,,,,,,,,,,,,,,,,,,,,,,,,,
AG05,C19,2008,Abam,1.87,40.0,y,,,,,,,,,,,,,,,,,,,,,,,,,,,,,,,,,,
AG05,C19,2008,Abam,7.09,71.2,y,C20,,,,,,,,,,,,,,,,,,,,,,,,,,,,,,,,,
AG05,C2,2008,Abam,4.8,10.3,n,,,,,,,,,,,,,,,,,,,,,,,,,,,,,,,,,,
AG05,C2,2008,Tabr,7.91,10.8,n,,,,,,,,,,,,,,,,,,,,,,,,,,,,,,,,,,
AG05,C2,2008,Abam,7.54,11.9,n,,,,,,,,,,,,,,,,,,,,,,,,,,,,,,,,,,
AG05,C2,2008,Tshe,6.98,13.0,n,,,,,,,,,,,,,,,,,,,,,,,,,,,,,,,,,,
AG05,C2,2008,Tshe,8.37,14.4,n,,,,,,,,,,,,,,,,,,,,,,,,,,,,,,,,,,
AG05,C2,2008,Abam,5.39,14.9,n,,,,,,,,,,,,,,,,,,,,,,,,,,,,,,,,,,
AG05,C2,2008,Tshe,9.33,18.5,n,,,,,,,,,,,,,,,,,,,,,,,,,,,,,,,,,,
AG05,C2,2008,Tshe,9.88,18.8,n,,,,,,,,,,,,,,,,,,,,,,,,,,,,,,,,,,
AG05,C2,2008,Tshe,4.55,24.5,n,,,,,,,,,,,,,,,,,,,,,,,,,,,,,,,,,,
AG05,C2,2008,Tshe,8.19,25.0,n,,,,,,,,,,,,,,,,,,,,,,,,,,,,,,,,,,
AG05,C2,2008,Abam,7.07,28.9,n,,,,,,,,,,,,,,,,,,,,,,,,,,,,,,,,,,
AG05,C2,2008,Abam,4.69,34.3,y,,,,,,,,,,,,,,,,,,,,,,,,,,,,,,,,,,
AG05,C2,2008,Thpl,4.16,34.5,n,,,,,,,,,,,,,,,,,,,,,,,,,,,,,,,,,,
AG05,C2,2008,Thpl,9.13,36.6,n,,,,,,,,,,,,,,,,,,,,,,,,,,,,,,,,,,
AG05,C2,2008,Tshe,5.14,38.6,y,,,,,,,,,,,,,,,,,,,,,,,,,,,,,,,,,,
AG05,C2,2008,Tshe,3.28,40.2,y,,,,,,,,,,,,,,,,,,,,,,,,,,,,,,,,,,
AG05,C2,2008,Abam,4.97,43.4,y,,,,,,,,,,,,,,,,,,,,,,,,,,,,,,,,,,
AG05,C2,2008,Thpl,7.8,57.7,y,,,,,,,,,,,,,,,,,,,,,,,,,,,,,,,,,,
AG05,C2,2008,Thpl,2.04,58.8,y,,,,,,,,,,,,,,,,,,,,,,,,,,,,,,,,,,
AG05,C2,2008,Thpl,7.59,66.2,y,,,,,,,,,,,,,,,,,,,,,,,,,,,,,,,,,,
AG05,C2,2008,Thpl,5.81,70.0,y,,,,,,,,,,,,,,,,,,,,,,,,,,,,,,,,,,
AG05,C20,2008,Thpl,5.02,10.0,n,edge of gap,,,,,,,,,,,,,,,,,,,,,,,,,,,,,,,,,
AG05,C20,2008,Tshe,9.17,10.3,n,,,,,,,,,,,,,,,,,,,,,,,,,,,,,,,,,,
AG05,C20,2008,Tabr,,11.5,n,dbh never taken,,,,,,,,,,,,,,,,,,,,,,,,,,,,,,,,,
AG05,C20,2008,Abam,1.67,14.2,n,,,,,,,,,,,,,,,,,,,,,,,,,,,,,,,,,,
AG05,C20,2008,Abam,9.62,15.6,n,,,,,,,,,,,,,,,,,,,,,,,,,,,,,,,,,,
AG05,C20,2008,Thpl,2.76,16.7,n,,,,,,,,,,,,,,,,,,,,,,,,,,,,,,,,,,
AG05,C20,2008,Abam,9.54,17.5,n,,,,,,,,,,,,,,,,,,,,,,,,,,,,,,,,,,
AG05,C20,2008,Abam,4.13,18.5,n,,,,,,,,,,,,,,,,,,,,,,,,,,,,,,,,,,
AG05,C20,2008,Tshe,1.83,23.4,n,,,,,,,,,,,,,,,,,,,,,,,,,,,,,,,,,,
AG05,C20,2008,Tshe,6.77,23.8,n,,,,,,,,,,,,,,,,,,,,,,,,,,,,,,,,,,
AG05,C20,2008,Tshe,8.41,24.6,n,,,,,,,,,,,,,,,,,,,,,,,,,,,,,,,,,,
AG05,C20,2008,Thpl,7.09,25.7,n,,,,,,,,,,,,,,,,,,,,,,,,,,,,,,,,,,
AG05,C20,2008,Thpl,2.31,26.9,n,,,,,,,,,,,,,,,,,,,,,,,,,,,,,,,,,,
AG05,C20,2008,Thpl,3.8,27.6,n,,,,,,,,,,,,,,,,,,,,,,,,,,,,,,,,,,
AG05,C20,2008,Abam,9.25,35.8,y,,,,,,,,,,,,,,,,,,,,,,,,,,,,,,,,,,
AG05,C20,2008,Abam,9.19,37.6,y,,,,,,,,,,,,,,,,,,,,,,,,,,,,,,,,,,
AG05,C20,2008,Abam,8.79,40.0,y,,,,,,,,,,,,,,,,,,,,,,,,,,,,,,,,,,
AG05,C20,2008,Thpl,4.85,42.2,y,,,,,,,,,,,,,,,,,,,,,,,,,,,,,,,,,,
AG05,C20,2008,Abam,7.09,48.1,y,C19,,,,,,,,,,,,,,,,,,,,,,,,,,,,,,,,,
AG05,C20,2008,Thpl,7.39,48.5,y,,,,,,,,,,,,,,,,,,,,,,,,,,,,,,,,,,
AG05,C20,2008,Tshe,9.11,52.2,y,C22,,,,,,,,,,,,,,,,,,,,,,,,,,,,,,,,,
AG05,C21,2008,Tshe,6.32,11.1,n,,,,,,,,,,,,,,,,,,,,,,,,,,,,,,,,,,
AG05,C21,2008,Tshe,2.1,12.2,n,,,,,,,,,,,,,,,,,,,,,,,,,,,,,,,,,,
AG05,C21,2008,Tabr,7.99,13.0,n,,,,,,,,,,,,,,,,,,,,,,,,,,,,,,,,,,
AG05,C21,2008,Tshe,1.35,14.8,n,,,,,,,,,,,,,,,,,,,,,,,,,,,,,,,,,,
AG05,C21,2008,Thpl,8.93,15.5,n,,,,,,,,,,,,,,,,,,,,,,,,,,,,,,,,,,
AG05,C21,2008,Tabr,7.25,15.7,n,,,,,,,,,,,,,,,,,,,,,,,,,,,,,,,,,,
AG05,C21,2008,Tshe,6.17,15.8,n,,,,,,,,,,,,,,,,,,,,,,,,,,,,,,,,,,
AG05,C21,2008,Tshe,2.48,16.4,n,,,,,,,,,,,,,,,,,,,,,,,,,,,,,,,,,,
AG05,C21,2008,Tshe,7.6,17.0,n,,,,,,,,,,,,,,,,,,,,,,,,,,,,,,,,,,
AG05,C21,2008,Tshe,7.98,17.2,n,,,,,,,,,,,,,,,,,,,,,,,,,,,,,,,,,,
AG05,C21,2008,Thpl,6.8,19.0,n,,,,,,,,,,,,,,,,,,,,,,,,,,,,,,,,,,
AG05,C21,2008,Thpl,7.8,19.3,n,,,,,,,,,,,,,,,,,,,,,,,,,,,,,,,,,,
AG05,C21,2008,Thpl,2.63,26.3,n,,,,,,,,,,,,,,,,,,,,,,,,,,,,,,,,,,
AG05,C21,2008,Thpl,3.03,27.0,n,,,,,,,,,,,,,,,,,,,,,,,,,,,,,,,,,,
AG05,C21,2008,Thpl,9.36,28.2,n,,,,,,,,,,,,,,,,,,,,,,,,,,,,,,,,,,
AG05,C21,2008,Thpl,9.47,32.0,n,,,,,,,,,,,,,,,,,,,,,,,,,,,,,,,,,,
AG05,C21,2008,Thpl,8.78,34.7,n,,,,,,,,,,,,,,,,,,,,,,,,,,,,,,,,,,
AG05,C21,2008,Thpl,8.11,35.7,y,,,,,,,,,,,,,,,,,,,,,,,,,,,,,,,,,,
AG05,C21,2008,Thpl,2.93,44.7,y,,,,,,,,,,,,,,,,,,,,,,,,,,,,,,,,,,
AG05,C21,2008,Thpl,1.7,51.8,y,,,,,,,,,,,,,,,,,,,,,,,,,,,,,,,,,,
AG05,C21,2008,Thpl,1.79,57.3,y,,,,,,,,,,,,,,,,,,,,,,,,,,,,,,,,,,
AG05,C21,2008,Abam,5.49,60.0,y,,,,,,,,,,,,,,,,,,,,,,,,,,,,,,,,,,
AG05,C21,2008,Abam,6.79,65.0,y,,,,,,,,,,,,,,,,,,,,,,,,,,,,,,,,,,
AG05,C21,2008,Thpl,7.06,70.1,y,,,,,,,,,,,,,,,,,,,,,,,,,,,,,,,,,,
AG05,C22,2008,Tabr,4.76,11.5,n,,,,,,,,,,,,,,,,,,,,,,,,,,,,,,,,,,
AG05,C22,2008,Thpl,4.7,13.6,n,,,,,,,,,,,,,,,,,,,,,,,,,,,,,,,,,,
AG05,C22,2008,Abam,7.04,14.6,n,,,,,,,,,,,,,,,,,,,,,,,,,,,,,,,,,,
AG05,C22,2008,Thpl,5.63,16.0,n,,,,,,,,,,,,,,,,,,,,,,,,,,,,,,,,,,
AG05,C22,2008,Tabr,5.62,16.7,n,,,,,,,,,,,,,,,,,,,,,,,,,,,,,,,,,,
AG05,C22,2008,Tshe,5.86,16.7,n,,,,,,,,,,,,,,,,,,,,,,,,,,,,,,,,,,
AG05,C22,2008,Thpl,7.64,16.7,n,,,,,,,,,,,,,,,,,,,,,,,,,,,,,,,,,,
AG05,C22,2008,Tshe,5.63,16.9,n,,,,,,,,,,,,,,,,,,,,,,,,,,,,,,,,,,
AG05,C22,2008,Thpl,9.42,17.4,n,,,,,,,,,,,,,,,,,,,,,,,,,,,,,,,,,,
AG05,C22,2008,Abam,6.72,17.5,n,,,,,,,,,,,,,,,,,,,,,,,,,,,,,,,,,,
AG05,C22,2008,Tabr,7.89,17.7,n,,,,,,,,,,,,,,,,,,,,,,,,,,,,,,,,,,
AG05,C22,2008,Tshe,2.8,18.3,n,,,,,,,,,,,,,,,,,,,,,,,,,,,,,,,,,,
AG05,C22,2008,Thpl,5.07,18.5,n,,,,,,,,,,,,,,,,,,,,,,,,,,,,,,,,,,
AG05,C22,2008,Abam,6.53,18.9,n,,,,,,,,,,,,,,,,,,,,,,,,,,,,,,,,,,
AG05,C22,2008,Tabr,6.36,21.2,n,,,,,,,,,,,,,,,,,,,,,,,,,,,,,,,,,,
AG05,C22,2008,Thpl,7.74,21.5,n,,,,,,,,,,,,,,,,,,,,,,,,,,,,,,,,,,
AG05,C22,2008,Tshe,5.07,22.7,n,,,,,,,,,,,,,,,,,,,,,,,,,,,,,,,,,,
AG05,C22,2008,Tshe,9.94,23.3,n,,,,,,,,,,,,,,,,,,,,,,,,,,,,,,,,,,
AG05,C22,2008,Abam,5.71,24.9,y,,,,,,,,,,,,,,,,,,,,,,,,,,,,,,,,,,
AG05,C22,2008,Tshe,9.07,25.4,n,,,,,,,,,,,,,,,,,,,,,,,,,,,,,,,,,,
AG05,C22,2008,Abam,7.69,26.6,n,,,,,,,,,,,,,,,,,,,,,,,,,,,,,,,,,,
AG05,C22,2008,Thpl,8.57,27.5,n,,,,,,,,,,,,,,,,,,,,,,,,,,,,,,,,,,
AG05,C22,2008,Thpl,9.9,32.9,n,,,,,,,,,,,,,,,,,,,,,,,,,,,,,,,,,,
AG05,C22,2008,Thpl,9.43,39.5,y,,,,,,,,,,,,,,,,,,,,,,,,,,,,,,,,,,
AG05,C22,2008,Thpl,5.23,48.2,y,,,,,,,,,,,,,,,,,,,,,,,,,,,,,,,,,,
AG05,C22,2008,Thpl,8.22,66.2,y,,,,,,,,,,,,,,,,,,,,,,,,,,,,,,,,,,
AG05,C22,2008,Abam,9.11,71.2,y,C20,,,,,,,,,,,,,,,,,,,,,,,,,,,,,,,,,
AG05,C23,2008,Tshe,6.55,11.0,n,,,,,,,,,,,,,,,,,,,,,,,,,,,,,,,,,,
AG05,C23,2008,Thpl,3.01,11.5,n,,,,,,,,,,,,,,,,,,,,,,,,,,,,,,,,,,
AG05,C23,2008,Abam,9.06,12.2,n,,,,,,,,,,,,,,,,,,,,,,,,,,,,,,,,,,
AG05,C23,2008,Tshe,6.87,13.2,n,,,,,,,,,,,,,,,,,,,,,,,,,,,,,,,,,,
AG05,C23,2008,Abam,8.14,14.5,n,,,,,,,,,,,,,,,,,,,,,,,,,,,,,,,,,,
AG05,C23,2008,Thpl,8.52,15.6,n,,,,,,,,,,,,,,,,,,,,,,,,,,,,,,,,,,
AG05,C23,2008,Tshe,7.74,16.4,n,,,,,,,,,,,,,,,,,,,,,,,,,,,,,,,,,,
AG05,C23,2008,Tabr,6.45,16.5,n,,,,,,,,,,,,,,,,,,,,,,,,,,,,,,,,,,
AG05,C23,2008,Abam,9.24,16.8,n,,,,,,,,,,,,,,,,,,,,,,,,,,,,,,,,,,
AG05,C23,2008,Thpl,6.76,17.5,n,,,,,,,,,,,,,,,,,,,,,,,,,,,,,,,,,,
AG05,C23,2008,Thpl,9.67,17.8,n,,,,,,,,,,,,,,,,,,,,,,,,,,,,,,,,,,
AG05,C23,2008,Abam,9.66,20.5,n,,,,,,,,,,,,,,,,,,,,,,,,,,,,,,,,,,
AG05,C23,2008,Thpl,9.65,20.8,n,,,,,,,,,,,,,,,,,,,,,,,,,,,,,,,,,,
AG05,C23,2008,Abam,5.52,21.6,n,,,,,,,,,,,,,,,,,,,,,,,,,,,,,,,,,,
AG05,C23,2008,Abam,9.25,23.7,n,,,,,,,,,,,,,,,,,,,,,,,,,,,,,,,,,,
AG05,C23,2008,Abam,8.54,25.2,n,,,,,,,,,,,,,,,,,,,,,,,,,,,,,,,,,,
AG05,C23,2008,Thpl,9.61,26.5,n,,,,,,,,,,,,,,,,,,,,,,,,,,,,,,,,,,
AG05,C23,2008,Thpl,9.42,27.1,n,,,,,,,,,,,,,,,,,,,,,,,,,,,,,,,,,,
AG05,C23,2008,Thpl,4.68,30.0,n,,,,,,,,,,,,,,,,,,,,,,,,,,,,,,,,,,
AG05,C23,2008,Thpl,3.75,32.8,n,,,,,,,,,,,,,,,,,,,,,,,,,,,,,,,,,,
AG05,C23,2008,Tshe,4.13,34.3,n,,,,,,,,,,,,,,,,,,,,,,,,,,,,,,,,,,
AG05,C23,2008,Thpl,8.2,37.6,y,,,,,,,,,,,,,,,,,,,,,,,,,,,,,,,,,,
AG05,C23,2008,Thpl,6.49,42.3,n,,,,,,,,,,,,,,,,,,,,,,,,,,,,,,,,,,
AG05,C23,2008,Thpl,8.05,59.0,y,,,,,,,,,,,,,,,,,,,,,,,,,,,,,,,,,,
AG05,C24,2008,Tabr,5.19,11.5,n,,,,,,,,,,,,,,,,,,,,,,,,,,,,,,,,,,
AG05,C24,2008,Tshe,6.49,12.3,n,,,,,,,,,,,,,,,,,,,,,,,,,,,,,,,,,,
AG05,C24,2008,Tabr,5.73,12.4,n,,,,,,,,,,,,,,,,,,,,,,,,,,,,,,,,,,
AG05,C24,2008,Tshe,7.29,12.7,n,,,,,,,,,,,,,,,,,,,,,,,,,,,,,,,,,,
AG05,C24,2008,Abam,3.72,13.0,n,,,,,,,,,,,,,,,,,,,,,,,,,,,,,,,,,,
AG05,C24,2008,Tabr,8.94,13.8,n,,,,,,,,,,,,,,,,,,,,,,,,,,,,,,,,,,
AG05,C24,2008,Tshe,2.73,13.8,n,,,,,,,,,,,,,,,,,,,,,,,,,,,,,,,,,,
AG05,C24,2008,Tshe,9.24,14.2,n,,,,,,,,,,,,,,,,,,,,,,,,,,,,,,,,,,
AG05,C24,2008,Thpl,3.67,14.3,n,,,,,,,,,,,,,,,,,,,,,,,,,,,,,,,,,,
AG05,C24,2008,Abam,8.55,14.5,n,,,,,,,,,,,,,,,,,,,,,,,,,,,,,,,,,,
AG05,C24,2008,Abam,8.57,15.8,n,,,,,,,,,,,,,,,,,,,,,,,,,,,,,,,,,,
AG05,C24,2008,Abam,7.13,16.9,n,,,,,,,,,,,,,,,,,,,,,,,,,,,,,,,,,,
AG05,C24,2008,Thpl,3.65,16.9,n,,,,,,,,,,,,,,,,,,,,,,,,,,,,,,,,,,
AG05,C24,2008,Tshe,1.06,18.0,n,,,,,,,,,,,,,,,,,,,,,,,,,,,,,,,,,,
AG05,C24,2008,Tabr,8.03,18.5,n,,,,,,,,,,,,,,,,,,,,,,,,,,,,,,,,,,
AG05,C24,2008,Thpl,9.54,18.5,n,,,,,,,,,,,,,,,,,,,,,,,,,,,,,,,,,,
AG05,C24,2008,Abam,6.48,19.9,n,,,,,,,,,,,,,,,,,,,,,,,,,,,,,,,,,,
AG05,C24,2008,Tabr,6.98,20.5,m,,,,,,,,,,,,,,,,,,,,,,,,,,,,,,,,,,
AG05,C24,2008,Tshe,6.45,20.7,n,,,,,,,,,,,,,,,,,,,,,,,,,,,,,,,,,,
AG05,C24,2008,Thpl,6.68,21.9,n,,,,,,,,,,,,,,,,,,,,,,,,,,,,,,,,,,
AG05,C24,2008,Thpl,9.29,22.0,n,,,,,,,,,,,,,,,,,,,,,,,,,,,,,,,,,,
AG05,C24,2008,Abam,6.46,24.2,n,,,,,,,,,,,,,,,,,,,,,,,,,,,,,,,,,,
AG05,C24,2008,Abam,9.23,25.7,n,,,,,,,,,,,,,,,,,,,,,,,,,,,,,,,,,,
AG05,C24,2008,Thpl,7.51,26.8,n,,,,,,,,,,,,,,,,,,,,,,,,,,,,,,,,,,
AG05,C24,2008,Thpl,6.26,27.5,n,,,,,,,,,,,,,,,,,,,,,,,,,,,,,,,,,,
AG05,C24,2008,Abam,6.21,29.0,y,,,,,,,,,,,,,,,,,,,,,,,,,,,,,,,,,,
AG05,C24,2008,Tshe,2.06,29.3,n,,,,,,,,,,,,,,,,,,,,,,,,,,,,,,,,,,
AG05,C24,2008,Abam,6.66,30.2,n,,,,,,,,,,,,,,,,,,,,,,,,,,,,,,,,,,
AG05,C24,2008,Tshe,6.91,32.0,n,,,,,,,,,,,,,,,,,,,,,,,,,,,,,,,,,,
AG05,C24,2008,Abam,5.16,34.5,y,,,,,,,,,,,,,,,,,,,,,,,,,,,,,,,,,,
AG05,C24,2008,Abam,8.27,35.3,y,,,,,,,,,,,,,,,,,,,,,,,,,,,,,,,,,,
AG05,C24,2008,Abam,4.59,35.8,y,,,,,,,,,,,,,,,,,,,,,,,,,,,,,,,,,,
AG05,C24,2008,Abam,6.76,46.3,y,,,,,,,,,,,,,,,,,,,,,,,,,,,,,,,,,,
AG05,C24,2008,Abam,8.8,48.8,y,,,,,,,,,,,,,,,,,,,,,,,,,,,,,,,,,,
AG05,C24,2008,Abam,7.31,49.4,y,,,,,,,,,,,,,,,,,,,,,,,,,,,,,,,,,,
AG05,C24,2008,Thpl,1,86.9,y,,,,,,,,,,,,,,,,,,,,,,,,,,,,,,,,,,
AG05,C24,2008,Abam,9.96,166.0,n,,,,,,,,,,,,,,,,,,,,,,,,,,,,,,,,,,
AG05,C25,2008,Tabr,7.95,11.5,n,,,,,,,,,,,,,,,,,,,,,,,,,,,,,,,,,,
AG05,C25,2008,Tabr,8.02,11.9,n,,,,,,,,,,,,,,,,,,,,,,,,,,,,,,,,,,
AG05,C25,2008,Tabr,6.93,12.0,n,,,,,,,,,,,,,,,,,,,,,,,,,,,,,,,,,,
AG05,C25,2008,Tshe,6.82,12.3,n,,,,,,,,,,,,,,,,,,,,,,,,,,,,,,,,,,
AG05,C25,2008,Abam,6.51,12.7,n,,,,,,,,,,,,,,,,,,,,,,,,,,,,,,,,,,
AG05,C25,2008,Tshe,9.16,12.8,n,,,,,,,,,,,,,,,,,,,,,,,,,,,,,,,,,,
AG05,C25,2008,Tabr,3.52,13.0,n,leaning over,,,,,,,,,,,,,,,,,,,,,,,,,,,,,,,,,
AG05,C25,2008,Tshe,9.58,13.4,n,,,,,,,,,,,,,,,,,,,,,,,,,,,,,,,,,,
AG05,C25,2008,Tabr,5.13,14.1,n,,,,,,,,,,,,,,,,,,,,,,,,,,,,,,,,,,
AG05,C25,2008,Abam,9.87,14.4,n,,,,,,,,,,,,,,,,,,,,,,,,,,,,,,,,,,
AG05,C25,2008,Tshe,0.95,14.5,n,,,,,,,,,,,,,,,,,,,,,,,,,,,,,,,,,,
AG05,C25,2008,Abam,3.59,15.7,n,,,,,,,,,,,,,,,,,,,,,,,,,,,,,,,,,,
AG05,C25,2008,Abam,7.29,15.9,n,,,,,,,,,,,,,,,,,,,,,,,,,,,,,,,,,,
AG05,C25,2008,Tabr,7.41,16.6,n,,,,,,,,,,,,,,,,,,,,,,,,,,,,,,,,,,
AG05,C25,2008,Abam,4.46,16.7,n,,,,,,,,,,,,,,,,,,,,,,,,,,,,,,,,,,
AG05,C25,2008,Abam,4.65,17.8,n,,,,,,,,,,,,,,,,,,,,,,,,,,,,,,,,,,
AG05,C25,2008,Abam,9.06,17.8,n,,,,,,,,,,,,,,,,,,,,,,,,,,,,,,,,,,
AG05,C25,2008,Abam,1.55,19.7,n,,,,,,,,,,,,,,,,,,,,,,,,,,,,,,,,,,
AG05,C25,2008,Abam,2.47,19.8,n,,,,,,,,,,,,,,,,,,,,,,,,,,,,,,,,,,
AG05,C25,2008,Abam,7.8,21.7,n,,,,,,,,,,,,,,,,,,,,,,,,,,,,,,,,,,
AG05,C25,2008,Abam,6.31,22.6,n,,,,,,,,,,,,,,,,,,,,,,,,,,,,,,,,,,
AG05,C25,2008,Abam,3.87,24.2,n,,,,,,,,,,,,,,,,,,,,,,,,,,,,,,,,,,
AG05,C25,2008,Tshe,1.96,25.2,n,,,,,,,,,,,,,,,,,,,,,,,,,,,,,,,,,,
AG05,C25,2008,Abam,3.75,25.2,n,,,,,,,,,,,,,,,,,,,,,,,,,,,,,,,,,,
AG05,C25,2008,Tshe,9.7,26.0,n,,,,,,,,,,,,,,,,,,,,,,,,,,,,,,,,,,
AG05,C25,2008,Abam,4.88,27.2,n,,,,,,,,,,,,,,,,,,,,,,,,,,,,,,,,,,
AG05,C25,2008,Tshe,9.46,27.4,n,,,,,,,,,,,,,,,,,,,,,,,,,,,,,,,,,,
AG05,C25,2008,Tshe,9.88,28.8,n,,,,,,,,,,,,,,,,,,,,,,,,,,,,,,,,,,
AG05,C25,2008,Tshe,9.49,32.1,n,,,,,,,,,,,,,,,,,,,,,,,,,,,,,,,,,,
AG05,C25,2008,Abam,3.47,34.9,n,,,,,,,,,,,,,,,,,,,,,,,,,,,,,,,,,,
AG05,C25,2008,Abam,8.08,41.2,y,,,,,,,,,,,,,,,,,,,,,,,,,,,,,,,,,,
AG05,C25,2008,Thpl,2.38,49.9,n,,,,,,,,,,,,,,,,,,,,,,,,,,,,,,,,,,
AG05,C25,2008,Thpl,8.87,50.1,y,,,,,,,,,,,,,,,,,,,,,,,,,,,,,,,,,,
AG05,C25,2008,Thpl,9.56,60.8,y,,,,,,,,,,,,,,,,,,,,,,,,,,,,,,,,,,
AG05,C26,2008,Tabr,8.72,10.0,n,,,,,,,,,,,,,,,,,,,,,,,,,,,,,,,,,,
AG05,C26,2008,Abam,7.14,10.0,n,,,,,,,,,,,,,,,,,,,,,,,,,,,,,,,,,,
AG05,C26,2008,Tabr,8.82,10.2,n,,,,,,,,,,,,,,,,,,,,,,,,,,,,,,,,,,
AG05,C26,2008,Tabr,5.98,10.4,n,,,,,,,,,,,,,,,,,,,,,,,,,,,,,,,,,,
AG05,C26,2008,Abam,2.59,11.0,n,,,,,,,,,,,,,,,,,,,,,,,,,,,,,,,,,,
AG05,C26,2008,Tshe,6.84,11.1,n,,,,,,,,,,,,,,,,,,,,,,,,,,,,,,,,,,
AG05,C26,2008,Tshe,8.29,11.4,n,,,,,,,,,,,,,,,,,,,,,,,,,,,,,,,,,,
AG05,C26,2008,Tshe,5.38,13.3,n,,,,,,,,,,,,,,,,,,,,,,,,,,,,,,,,,,
AG05,C26,2008,Abam,7.51,14.9,n,,,,,,,,,,,,,,,,,,,,,,,,,,,,,,,,,,
AG05,C26,2008,Tabr,7.16,15.1,n,,,,,,,,,,,,,,,,,,,,,,,,,,,,,,,,,,
AG05,C26,2008,Tshe,2.12,15.2,n,,,,,,,,,,,,,,,,,,,,,,,,,,,,,,,,,,
AG05,C26,2008,Tabr,7.61,15.5,n,,,,,,,,,,,,,,,,,,,,,,,,,,,,,,,,,,
AG05,C26,2008,Tshe,4.89,23.5,n,,,,,,,,,,,,,,,,,,,,,,,,,,,,,,,,,,
AG05,C26,2008,Tshe,4.7,24.7,n,,,,,,,,,,,,,,,,,,,,,,,,,,,,,,,,,,
AG05,C26,2008,Thpl,5.15,29.3,n,,,,,,,,,,,,,,,,,,,,,,,,,,,,,,,,,,
AG05,C26,2008,Thpl,6.93,30.5,n,,,,,,,,,,,,,,,,,,,,,,,,,,,,,,,,,,
AG05,C26,2008,Thpl,1.19,31.3,n,,,,,,,,,,,,,,,,,,,,,,,,,,,,,,,,,,
AG05,C26,2008,Tshe,8.53,33.3,n,,,,,,,,,,,,,,,,,,,,,,,,,,,,,,,,,,
AG05,C26,2008,Thpl,9.51,54.8,n,,,,,,,,,,,,,,,,,,,,,,,,,,,,,,,,,,
AG05,C26,2008,Abam,4.45,59.4,n,,,,,,,,,,,,,,,,,,,,,,,,,,,,,,,,,,
AG05,C26,2008,Tshe,5.72,60.3,y,C28,,,,,,,,,,,,,,,,,,,,,,,,,,,,,,,,,
AG05,C26,2008,Thpl,6.77,83.4,y,,,,,,,,,,,,,,,,,,,,,,,,,,,,,,,,,,
AG05,C26,2008,Psme,9.93,138.0,y,C27,,,,,,,,,,,,,,,,,,,,,,,,,,,,,,,,,
AG05,C26,2008,Abam,7.29,153.5,y,,,,,,,,,,,,,,,,,,,,,,,,,,,,,,,,,,
AG05,C27,2008,Tabr,5.89,10.1,n,,,,,,,,,,,,,,,,,,,,,,,,,,,,,,,,,,
AG05,C27,2008,Tshe,7.87,20.3,n,,,,,,,,,,,,,,,,,,,,,,,,,,,,,,,,,,
AG05,C27,2008,Tabr,6.82,10.7,n,,,,,,,,,,,,,,,,,,,,,,,,,,,,,,,,,,
AG05,C27,2008,Abam,2.78,11.0,n,,,,,,,,,,,,,,,,,,,,,,,,,,,,,,,,,,
AG05,C27,2008,Abam,5.26,11.0,n,,,,,,,,,,,,,,,,,,,,,,,,,,,,,,,,,,
AG05,C27,2008,Tabr,5.34,11.0,n,,,,,,,,,,,,,,,,,,,,,,,,,,,,,,,,,,
AG05,C27,2008,Tshe,8.65,11.4,n,,,,,,,,,,,,,,,,,,,,,,,,,,,,,,,,,,
AG05,C27,2008,Tabr,8.94,12.0,n,,,,,,,,,,,,,,,,,,,,,,,,,,,,,,,,,,
AG05,C27,2008,Tshe,7.73,12.3,n,,,,,,,,,,,,,,,,,,,,,,,,,,,,,,,,,,
AG05,C27,2008,Tabr,8.95,12.7,n,,,,,,,,,,,,,,,,,,,,,,,,,,,,,,,,,,
AG05,C27,2008,Tabr,6.2,13.4,n,,,,,,,,,,,,,,,,,,,,,,,,,,,,,,,,,,
AG05,C27,2008,Tabr,9.99,13.7,n,,,,,,,,,,,,,,,,,,,,,,,,,,,,,,,,,,
AG05,C27,2008,Abam,9.06,14.3,n,,,,,,,,,,,,,,,,,,,,,,,,,,,,,,,,,,
AG05,C27,2008,Tshe,8.97,15.1,n,,,,,,,,,,,,,,,,,,,,,,,,,,,,,,,,,,
AG05,C27,2008,Tshe,9,15.2,n,,,,,,,,,,,,,,,,,,,,,,,,,,,,,,,,,,
AG05,C27,2008,Tabr,8.5,25.0,n,,,,,,,,,,,,,,,,,,,,,,,,,,,,,,,,,,
AG05,C27,2008,Abam,7.47,27.0,n,,,,,,,,,,,,,,,,,,,,,,,,,,,,,,,,,,
AG05,C27,2008,Thpl,9.87,28.6,n,,,,,,,,,,,,,,,,,,,,,,,,,,,,,,,,,,
AG05,C27,2008,Thpl,8.43,30.6,n,,,,,,,,,,,,,,,,,,,,,,,,,,,,,,,,,,
AG05,C27,2008,Tabr,6.24,30.8,n,,,,,,,,,,,,,,,,,,,,,,,,,,,,,,,,,,
AG05,C27,2008,Thpl,5.75,32.9,n,,,,,,,,,,,,,,,,,,,,,,,,,,,,,,,,,,
AG05,C27,2008,Abam,8.1,57.8,y,,,,,,,,,,,,,,,,,,,,,,,,,,,,,,,,,,
AG05,C27,2008,Thpl,9.93,73.1,y,C24,,,,,,,,,,,,,,,,,,,,,,,,,,,,,,,,,
AG05,C27,2008,Thpl,3.97,81.0,y,,,,,,,,,,,,,,,,,,,,,,,,,,,,,,,,,,
AG05,C28,2008,Tabr,3.25,10.0,n,,,,,,,,,,,,,,,,,,,,,,,,,,,,,,,,,,
AG05,C28,2008,Abam,9.09,10.8,n,,,,,,,,,,,,,,,,,,,,,,,,,,,,,,,,,,
AG05,C28,2008,Tabr,1.29,12.8,n,,,,,,,,,,,,,,,,,,,,,,,,,,,,,,,,,,
AG05,C28,2008,Tshe,3.66,13.1,n,,,,,,,,,,,,,,,,,,,,,,,,,,,,,,,,,,
AG05,C28,2008,Tshe,0.44,13.3,n,,,,,,,,,,,,,,,,,,,,,,,,,,,,,,,,,,
AG05,C28,2008,Tabr,5.67,13.4,n,,,,,,,,,,,,,,,,,,,,,,,,,,,,,,,,,,
AG05,C28,2008,Abam,7.84,14.8,n,,,,,,,,,,,,,,,,,,,,,,,,,,,,,,,,,,
AG05,C28,2008,Tabr,9.42,15.4,n,,,,,,,,,,,,,,,,,,,,,,,,,,,,,,,,,,
AG05,C28,2008,Tabr,6.85,15.6,n,,,,,,,,,,,,,,,,,,,,,,,,,,,,,,,,,,
AG05,C28,2008,Tshe,9.27,18.8,n,,,,,,,,,,,,,,,,,,,,,,,,,,,,,,,,,,
AG05,C28,2008,Abam,7.3,26.5,n,,,,,,,,,,,,,,,,,,,,,,,,,,,,,,,,,,
AG05,C28,2008,Thpl,0.36,29.3,n,,,,,,,,,,,,,,,,,,,,,,,,,,,,,,,,,,
AG05,C28,2008,Thpl,1.7,31.4,n,,,,,,,,,,,,,,,,,,,,,,,,,,,,,,,,,,
AG05,C28,2008,Thpl,6.2,32.9,n,,,,,,,,,,,,,,,,,,,,,,,,,,,,,,,,,,
AG05,C28,2008,Thpl,4.08,53.4,n,,,,,,,,,,,,,,,,,,,,,,,,,,,,,,,,,,
AG05,C28,2008,Thpl,7.33,56.5,y,,,,,,,,,,,,,,,,,,,,,,,,,,,,,,,,,,
AG05,C28,2008,Abam,7.85,58.7,n,,,,,,,,,,,,,,,,,,,,,,,,,,,,,,,,,,
AG05,C28,2008,Thpl,5.72,73.1,n,C26,,,,,,,,,,,,,,,,,,,,,,,,,,,,,,,,,
AG05,C28,2008,Abam,8.66,153.5,y,,,,,,,,,,,,,,,,,,,,,,,,,,,,,,,,,,
AG05,C29,2008,Tabr,6.63,15.1,n,,,,,,,,,,,,,,,,,,,,,,,,,,,,,,,,,,
AG05,C29,2008,Abam,7.21,45.7,y,,,,,,,,,,,,,,,,,,,,,,,,,,,,,,,,,,
AG05,C29,2008,Tshe,7.81,10.4,n,,,,,,,,,,,,,,,,,,,,,,,,,,,,,,,,,,
AG05,C29,2008,Tshe,7.52,10.6,n,,,,,,,,,,,,,,,,,,,,,,,,,,,,,,,,,,
AG05,C29,2008,Tabr,8.04,11.6,n,,,,,,,,,,,,,,,,,,,,,,,,,,,,,,,,,,
AG05,C29,2008,Tshe,4.13,12.3,n,,,,,,,,,,,,,,,,,,,,,,,,,,,,,,,,,,
AG05,C29,2008,Tabr,9.18,12.3,n,,,,,,,,,,,,,,,,,,,,,,,,,,,,,,,,,,
AG05,C29,2008,Tabr,7.57,13.0,n,,,,,,,,,,,,,,,,,,,,,,,,,,,,,,,,,,
AG05,C29,2008,Tshe,5.91,16.7,n,,,,,,,,,,,,,,,,,,,,,,,,,,,,,,,,,,
AG05,C29,2008,Tabr,1.22,17.7,n,,,,,,,,,,,,,,,,,,,,,,,,,,,,,,,,,,
AG05,C29,2008,Abam,5.06,18.3,n,,,,,,,,,,,,,,,,,,,,,,,,,,,,,,,,,,
AG05,C29,2008,Abam,4.46,20.9,n,,,,,,,,,,,,,,,,,,,,,,,,,,,,,,,,,,
AG05,C29,2008,Tshe,5.31,20.9,n,,,,,,,,,,,,,,,,,,,,,,,,,,,,,,,,,,
AG05,C29,2008,Tshe,9.92,21.8,n,,,,,,,,,,,,,,,,,,,,,,,,,,,,,,,,,,
AG05,C29,2008,Tshe,4.76,22.4,n,,,,,,,,,,,,,,,,,,,,,,,,,,,,,,,,,,
AG05,C29,2008,Abam,9.97,28.2,n,,,,,,,,,,,,,,,,,,,,,,,,,,,,,,,,,,
AG05,C29,2008,Abam,2.01,32.4,n,,,,,,,,,,,,,,,,,,,,,,,,,,,,,,,,,,
AG05,C29,2008,Abam,3.11,44.8,n,,,,,,,,,,,,,,,,,,,,,,,,,,,,,,,,,,
AG05,C29,2008,Thpl,5.75,115.9,y,,,,,,,,,,,,,,,,,,,,,,,,,,,,,,,,,,
AG05,C29,2008,Psme,4.04,157.0,y,,,,,,,,,,,,,,,,,,,,,,,,,,,,,,,,,,
AG05,C3,2008,Tshe,5.79,13.0,n,,,,,,,,,,,,,,,,,,,,,,,,,,,,,,,,,,
AG05,C3,2008,Abam,5.5,13.2,n,,,,,,,,,,,,,,,,,,,,,,,,,,,,,,,,,,
AG05,C3,2008,Tshe,4.9,13.9,n,,,,,,,,,,,,,,,,,,,,,,,,,,,,,,,,,,
AG05,C3,2008,Abam,5.99,13.9,n,,,,,,,,,,,,,,,,,,,,,,,,,,,,,,,,,,
AG05,C3,2008,Abam,5.11,16.0,n,,,,,,,,,,,,,,,,,,,,,,,,,,,,,,,,,,
AG05,C3,2008,Tshe,7.89,17.1,n,,,,,,,,,,,,,,,,,,,,,,,,,,,,,,,,,,
AG05,C3,2008,Thpl,3.84,17.6,n,,,,,,,,,,,,,,,,,,,,,,,,,,,,,,,,,,
AG05,C3,2008,Abam,5.05,18.2,n,,,,,,,,,,,,,,,,,,,,,,,,,,,,,,,,,,
AG05,C3,2008,Abam,8.41,19.3,n,,,,,,,,,,,,,,,,,,,,,,,,,,,,,,,,,,
AG05,C3,2008,Tshe,6.92,23.5,n,,,,,,,,,,,,,,,,,,,,,,,,,,,,,,,,,,
AG05,C3,2008,Thpl,6.76,52.4,y,,,,,,,,,,,,,,,,,,,,,,,,,,,,,,,,,,
AG05,C3,2008,Thpl,2.61,62.3,y,,,,,,,,,,,,,,,,,,,,,,,,,,,,,,,,,,
AG05,C3,2008,Thpl,8.6,85.0,y,,,,,,,,,,,,,,,,,,,,,,,,,,,,,,,,,,
AG05,C3,2008,Tshe,6.17,88.0,y,,,,,,,,,,,,,,,,,,,,,,,,,,,,,,,,,,
AG05,C30,2008,Tshe,9.07,10.1,n,,,,,,,,,,,,,,,,,,,,,,,,,,,,,,,,,,
AG05,C30,2008,Tshe,5.88,11.2,n,,,,,,,,,,,,,,,,,,,,,,,,,,,,,,,,,,
AG05,C30,2008,Thpl,9.56,13.7,n,,,,,,,,,,,,,,,,,,,,,,,,,,,,,,,,,,
AG05,C30,2008,Tshe,5.46,14.2,n,,,,,,,,,,,,,,,,,,,,,,,,,,,,,,,,,,
AG05,C30,2008,Tshe,9.13,16.2,n,,,,,,,,,,,,,,,,,,,,,,,,,,,,,,,,,,
AG05,C30,2008,Thpl,4.08,20.1,n,,,,,,,,,,,,,,,,,,,,,,,,,,,,,,,,,,
AG05,C30,2008,Thpl,7.48,20.1,n,,,,,,,,,,,,,,,,,,,,,,,,,,,,,,,,,,
AG05,C30,2008,Tshe,6.75,21.1,n,,,,,,,,,,,,,,,,,,,,,,,,,,,,,,,,,,
AG05,C30,2008,Abam,9.01,23.2,n,,,,,,,,,,,,,,,,,,,,,,,,,,,,,,,,,,
AG05,C30,2008,Tshe,2.83,23.4,n,,,,,,,,,,,,,,,,,,,,,,,,,,,,,,,,,,
AG05,C30,2008,Tshe,7.29,23.5,n,,,,,,,,,,,,,,,,,,,,,,,,,,,,,,,,,,
AG05,C30,2008,Tshe,7.66,24.3,n,,,,,,,,,,,,,,,,,,,,,,,,,,,,,,,,,,
AG05,C30,2008,Abam,5.73,37.8,y,,,,,,,,,,,,,,,,,,,,,,,,,,,,,,,,,,
AG05,C30,2008,Abam,6.55,37.9,y,,,,,,,,,,,,,,,,,,,,,,,,,,,,,,,,,,
AG05,C30,2008,Thpl,7.65,39.7,n,,,,,,,,,,,,,,,,,,,,,,,,,,,,,,,,,,
AG05,C30,2008,Thpl,4.57,41.2,y,,,,,,,,,,,,,,,,,,,,,,,,,,,,,,,,,,
AG05,C30,2008,Abam,6.22,44.8,y,,,,,,,,,,,,,,,,,,,,,,,,,,,,,,,,,,
AG05,C30,2008,Tshe,3.4,53.8,y,C31,,,,,,,,,,,,,,,,,,,,,,,,,,,,,,,,,
AG05,C30,2008,Thpl,7.13,65.7,n,,,,,,,,,,,,,,,,,,,,,,,,,,,,,,,,,,
AG05,C31,2008,Abam,8.02,11.8,n,,,,,,,,,,,,,,,,,,,,,,,,,,,,,,,,,,
AG05,C31,2008,Tshe,9.25,12.0,n,,,,,,,,,,,,,,,,,,,,,,,,,,,,,,,,,,
AG05,C31,2008,Tshe,8.24,13.9,n,,,,,,,,,,,,,,,,,,,,,,,,,,,,,,,,,,
AG05,C31,2008,Thpl,9.17,13.9,n,,,,,,,,,,,,,,,,,,,,,,,,,,,,,,,,,,
AG05,C31,2008,Tshe,2.86,14.0,n,,,,,,,,,,,,,,,,,,,,,,,,,,,,,,,,,,
AG05,C31,2008,Thpl,7.58,19.6,n,,,,,,,,,,,,,,,,,,,,,,,,,,,,,,,,,,
AG05,C31,2008,Thpl,4.98,20.5,n,,,,,,,,,,,,,,,,,,,,,,,,,,,,,,,,,,
AG05,C31,2008,Tshe,9.22,20.9,n,,,,,,,,,,,,,,,,,,,,,,,,,,,,,,,,,,
AG05,C31,2008,Abam,4.48,22.1,n,,,,,,,,,,,,,,,,,,,,,,,,,,,,,,,,,,
AG05,C31,2008,Tshe,6.83,22.5,n,,,,,,,,,,,,,,,,,,,,,,,,,,,,,,,,,,
AG05,C31,2008,Tshe,9.13,23.5,n,,,,,,,,,,,,,,,,,,,,,,,,,,,,,,,,,,
AG05,C31,2008,Tshe,9.56,23.5,n,,,,,,,,,,,,,,,,,,,,,,,,,,,,,,,,,,
AG05,C31,2008,Tshe,8.17,24.0,n,,,,,,,,,,,,,,,,,,,,,,,,,,,,,,,,,,
AG05,C31,2008,Thpl,7.87,37.9,y,,,,,,,,,,,,,,,,,,,,,,,,,,,,,,,,,,
AG05,C31,2008,Abam,1.04,38.3,y,,,,,,,,,,,,,,,,,,,,,,,,,,,,,,,,,,
AG05,C31,2008,Thpl,9.05,42.8,y,,,,,,,,,,,,,,,,,,,,,,,,,,,,,,,,,,
AG05,C31,2008,Abam,9.35,45.5,y,,,,,,,,,,,,,,,,,,,,,,,,,,,,,,,,,,
AG05,C31,2008,Thpl,9.4,45.8,y,,,,,,,,,,,,,,,,,,,,,,,,,,,,,,,,,,
AG05,C31,2008,Thpl,3.41,48.5,y,C30,,,,,,,,,,,,,,,,,,,,,,,,,,,,,,,,,
AG05,C31,2008,Abam,9.01,57.4,y,,,,,,,,,,,,,,,,,,,,,,,,,,,,,,,,,,
AG05,C31,2008,Thpl,3.69,65.7,y,,,,,,,,,,,,,,,,,,,,,,,,,,,,,,,,,,
AG05,C31,2008,Psme,8.08,132.4,y,C32,,,,,,,,,,,,,,,,,,,,,,,,,,,,,,,,,
AG05,C32,2008,Abam,2.31,14.3,n,,,,,,,,,,,,,,,,,,,,,,,,,,,,,,,,,,
AG05,C32,2008,Tshe,2.96,14.0,n,,,,,,,,,,,,,,,,,,,,,,,,,,,,,,,,,,
AG05,C32,2008,Abam,7.92,56.9,y,,,,,,,,,,,,,,,,,,,,,,,,,,,,,,,,,,
AG05,C32,2008,Abam,9.25,77.6,n,,,,,,,,,,,,,,,,,,,,,,,,,,,,,,,,,,
AG05,C32,2008,Tabr,7.7,10.0,n,,,,,,,,,,,,,,,,,,,,,,,,,,,,,,,,,,
AG05,C32,2008,Abam,3.04,12.0,n,,,,,,,,,,,,,,,,,,,,,,,,,,,,,,,,,,
AG05,C32,2008,Tabr,9.57,13.2,n,,,,,,,,,,,,,,,,,,,,,,,,,,,,,,,,,,
AG05,C32,2008,Tshe,6.99,14.1,n,,,,,,,,,,,,,,,,,,,,,,,,,,,,,,,,,,
AG05,C32,2008,Tabr,6.9,14.4,n,,,,,,,,,,,,,,,,,,,,,,,,,,,,,,,,,,
AG05,C32,2008,Tshe,8.53,15.2,n,,,,,,,,,,,,,,,,,,,,,,,,,,,,,,,,,,
AG05,C32,2008,Tshe,4.17,17.6,n,,,,,,,,,,,,,,,,,,,,,,,,,,,,,,,,,,
AG05,C32,2008,Tshe,0.86,21.2,n,,,,,,,,,,,,,,,,,,,,,,,,,,,,,,,,,,
AG05,C32,2008,Abam,3.92,21.6,n,,,,,,,,,,,,,,,,,,,,,,,,,,,,,,,,,,
AG05,C32,2008,Abam,4.66,22.0,n,,,,,,,,,,,,,,,,,,,,,,,,,,,,,,,,,,
AG05,C32,2008,Thpl,8.53,35.2,n,,,,,,,,,,,,,,,,,,,,,,,,,,,,,,,,,,
AG05,C32,2008,Abam,5.75,38.3,y,,,,,,,,,,,,,,,,,,,,,,,,,,,,,,,,,,
AG05,C32,2008,Abam,7.43,47.7,y,,,,,,,,,,,,,,,,,,,,,,,,,,,,,,,,,,
AG05,C32,2008,Tshe,8.08,53.8,y,C31,,,,,,,,,,,,,,,,,,,,,,,,,,,,,,,,,
AG05,C32,2008,Abam,9.47,54.8,y,,,,,,,,,,,,,,,,,,,,,,,,,,,,,,,,,,
AG05,C32,2008,Thpl,4.68,65.7,y,,,,,,,,,,,,,,,,,,,,,,,,,,,,,,,,,,
AG05,C33,2008,Tshe,5.76,10.8,n,,,,,,,,,,,,,,,,,,,,,,,,,,,,,,,,,,
AG05,C33,2008,Tshe,8.61,11.0,n,,,,,,,,,,,,,,,,,,,,,,,,,,,,,,,,,,
AG05,C33,2008,Tabr,8.5,15.2,n,,,,,,,,,,,,,,,,,,,,,,,,,,,,,,,,,,
AG05,C33,2008,Tabr,8.65,16.1,n,,,,,,,,,,,,,,,,,,,,,,,,,,,,,,,,,,
AG05,C33,2008,Abam,7.94,19.0,n,,,,,,,,,,,,,,,,,,,,,,,,,,,,,,,,,,
AG05,C33,2008,Abam,8.14,19.3,n,,,,,,,,,,,,,,,,,,,,,,,,,,,,,,,,,,
AG05,C33,2008,Abam,3.41,19.4,n,,,,,,,,,,,,,,,,,,,,,,,,,,,,,,,,,,
AG05,C33,2008,Abam,3.44,21.3,n,,,,,,,,,,,,,,,,,,,,,,,,,,,,,,,,,,
AG05,C33,2008,Abam,6.94,23.8,n,,,,,,,,,,,,,,,,,,,,,,,,,,,,,,,,,,
AG05,C33,2008,Abam,7.63,23.8,n,,,,,,,,,,,,,,,,,,,,,,,,,,,,,,,,,,
AG05,C33,2008,Thpl,9.53,23.8,n,,,,,,,,,,,,,,,,,,,,,,,,,,,,,,,,,,
AG05,C33,2008,Abam,2.6,28.7,n,,,,,,,,,,,,,,,,,,,,,,,,,,,,,,,,,,
AG05,C33,2008,Thpl,9.75,32.9,n,,,,,,,,,,,,,,,,,,,,,,,,,,,,,,,,,,
AG05,C33,2008,Abam,1.74,35.1,n,,,,,,,,,,,,,,,,,,,,,,,,,,,,,,,,,,
AG05,C33,2008,Abam,5.3,37.0,n,,,,,,,,,,,,,,,,,,,,,,,,,,,,,,,,,,
AG05,C33,2008,Tshe,9.53,40.9,n,,,,,,,,,,,,,,,,,,,,,,,,,,,,,,,,,,
AG05,C33,2008,Abam,6.58,41.0,n,,,,,,,,,,,,,,,,,,,,,,,,,,,,,,,,,,
AG05,C33,2008,Thpl,9.08,41.0,n,,,,,,,,,,,,,,,,,,,,,,,,,,,,,,,,,,
AG05,C33,2008,Abam,6.83,42.5,n,,,,,,,,,,,,,,,,,,,,,,,,,,,,,,,,,,
AG05,C33,2008,Abam,5.97,53.1,y,,,,,,,,,,,,,,,,,,,,,,,,,,,,,,,,,,
AG05,C33,2008,Thpl,7.27,56.0,y,shorter than C33,,,,,,,,,,,,,,,,,,,,,,,,,,,,,,,,,
AG05,C33,2008,Abam,2.53,59.9,n,,,,,,,,,,,,,,,,,,,,,,,,,,,,,,,,,,
AG05,C34,2008,Tshe,8.41,10.1,n,,,,,,,,,,,,,,,,,,,,,,,,,,,,,,,,,,
AG05,C34,2008,Tshe,7.38,11.1,y,,,,,,,,,,,,,,,,,,,,,,,,,,,,,,,,,,
AG05,C34,2008,Tabr,3.44,12.0,y,,,,,,,,,,,,,,,,,,,,,,,,,,,,,,,,,,
AG05,C34,2008,Abam,1.05,14.5,n,,,,,,,,,,,,,,,,,,,,,,,,,,,,,,,,,,
AG05,C34,2008,Thpl,8.45,14.5,n,,,,,,,,,,,,,,,,,,,,,,,,,,,,,,,,,,
AG05,C34,2008,Tabr,4.45,14.9,n,,,,,,,,,,,,,,,,,,,,,,,,,,,,,,,,,,
AG05,C34,2008,Abam,7.05,17.4,n,,,,,,,,,,,,,,,,,,,,,,,,,,,,,,,,,,
AG05,C34,2008,Abam,1.26,17.8,n,,,,,,,,,,,,,,,,,,,,,,,,,,,,,,,,,,
AG05,C34,2008,Abam,5.28,18.4,n,,,,,,,,,,,,,,,,,,,,,,,,,,,,,,,,,,
AG05,C34,2008,Abam,9.45,19.0,n,,,,,,,,,,,,,,,,,,,,,,,,,,,,,,,,,,
AG05,C34,2008,Abam,5.01,19.3,n,,,,,,,,,,,,,,,,,,,,,,,,,,,,,,,,,,
AG05,C34,2008,Abam,9.88,21.3,n,,,,,,,,,,,,,,,,,,,,,,,,,,,,,,,,,,
AG05,C34,2008,Abam,2.87,21.6,n,,,,,,,,,,,,,,,,,,,,,,,,,,,,,,,,,,
AG05,C34,2008,Tshe,9.95,23.7,n,,,,,,,,,,,,,,,,,,,,,,,,,,,,,,,,,,
AG05,C34,2008,Abam,9.5,23.9,n,,,,,,,,,,,,,,,,,,,,,,,,,,,,,,,,,,
AG05,C34,2008,Abam,9.85,24.1,y,,,,,,,,,,,,,,,,,,,,,,,,,,,,,,,,,,
AG05,C34,2008,Abam,7.99,24.8,y,,,,,,,,,,,,,,,,,,,,,,,,,,,,,,,,,,
AG05,C34,2008,Abam,4.85,28.1,y,,,,,,,,,,,,,,,,,,,,,,,,,,,,,,,,,,
AG05,C34,2008,Abam,4.13,29.3,y,,,,,,,,,,,,,,,,,,,,,,,,,,,,,,,,,,
AG05,C34,2008,Abam,9,29.7,y,,,,,,,,,,,,,,,,,,,,,,,,,,,,,,,,,,
AG05,C34,2008,Tshe,8.81,30.4,n,,,,,,,,,,,,,,,,,,,,,,,,,,,,,,,,,,
AG05,C34,2008,Thpl,7.93,40.9,y,,,,,,,,,,,,,,,,,,,,,,,,,,,,,,,,,,
AG05,C34,2008,Abam,7.67,41.0,n,,,,,,,,,,,,,,,,,,,,,,,,,,,,,,,,,,
AG05,C34,2008,Abam,8.28,49.0,y,,,,,,,,,,,,,,,,,,,,,,,,,,,,,,,,,,
AG05,C34,2008,Thpl,6.79,49.3,n,,,,,,,,,,,,,,,,,,,,,,,,,,,,,,,,,,
AG05,C34,2008,Thpl,5.38,50.9,y,,,,,,,,,,,,,,,,,,,,,,,,,,,,,,,,,,
AG05,C34,2008,Thpl,8.78,55.0,y,,,,,,,,,,,,,,,,,,,,,,,,,,,,,,,,,,
AG05,C34,2008,Abam,9.99,59.9,y,,,,,,,,,,,,,,,,,,,,,,,,,,,,,,,,,,
AG05,C34,2008,Psme,9.5,140.5,y,,,,,,,,,,,,,,,,,,,,,,,,,,,,,,,,,,
AG05,C35,2008,Tabr,4.13,13.5,n,,,,,,,,,,,,,,,,,,,,,,,,,,,,,,,,,,
AG05,C35,2008,Thpl,5.97,16.4,n,,,,,,,,,,,,,,,,,,,,,,,,,,,,,,,,,,
AG05,C35,2008,Abam,3.1,17.0,n,,,,,,,,,,,,,,,,,,,,,,,,,,,,,,,,,,
AG05,C35,2008,Thpl,9.49,17.5,n,,,,,,,,,,,,,,,,,,,,,,,,,,,,,,,,,,
AG05,C35,2008,Abam,7.97,18.8,n,,,,,,,,,,,,,,,,,,,,,,,,,,,,,,,,,,
AG05,C35,2008,Thpl,2.7,22.5,n,,,,,,,,,,,,,,,,,,,,,,,,,,,,,,,,,,
AG05,C35,2008,Abam,4.93,23.0,n,,,,,,,,,,,,,,,,,,,,,,,,,,,,,,,,,,
AG05,C35,2008,Thpl,7.85,30.3,n,almost dead,,,,,,,,,,,,,,,,,,,,,,,,,,,,,,,,,
AG05,C35,2008,Abam,3.51,34.2,y,,,,,,,,,,,,,,,,,,,,,,,,,,,,,,,,,,
AG05,C35,2008,Abam,5.81,34.4,n,,,,,,,,,,,,,,,,,,,,,,,,,,,,,,,,,,
AG05,C35,2008,Thpl,9.18,37.5,y,,,,,,,,,,,,,,,,,,,,,,,,,,,,,,,,,,
AG05,C35,2008,Abam,7.07,37.9,y,,,,,,,,,,,,,,,,,,,,,,,,,,,,,,,,,,
AG05,C35,2008,Abam,5.45,47.7,y,,,,,,,,,,,,,,,,,,,,,,,,,,,,,,,,,,
AG05,C35,2008,Abam,8.82,48.8,y,,,,,,,,,,,,,,,,,,,,,,,,,,,,,,,,,,
AG05,C35,2008,Abam,3.43,53.0,y,,,,,,,,,,,,,,,,,,,,,,,,,,,,,,,,,,
AG05,C35,2008,Abam,8,55.5,y,,,,,,,,,,,,,,,,,,,,,,,,,,,,,,,,,,
AG05,C35,2008,Abam,8.15,61.2,y,,,,,,,,,,,,,,,,,,,,,,,,,,,,,,,,,,
AG05,C35,2008,Abam,8.31,76.5,y,,,,,,,,,,,,,,,,,,,,,,,,,,,,,,,,,,
AG05,C35,2008,Abam,8.59,169.4,n,,,,,,,,,,,,,,,,,,,,,,,,,,,,,,,,,,
AG05,C36,2008,Abam,9.01,10.6,n,,,,,,,,,,,,,,,,,,,,,,,,,,,,,,,,,,
AG05,C36,2008,Tabr,5.65,11.5,n,,,,,,,,,,,,,,,,,,,,,,,,,,,,,,,,,,
AG05,C36,2008,Abam,8.75,14.2,n,,,,,,,,,,,,,,,,,,,,,,,,,,,,,,,,,,
AG05,C36,2008,Tabr,0.42,15.5,n,,,,,,,,,,,,,,,,,,,,,,,,,,,,,,,,,,
AG05,C36,2008,Tabr,1.62,16.1,n,,,,,,,,,,,,,,,,,,,,,,,,,,,,,,,,,,
AG05,C36,2008,Tshe,8.39,17.5,n,,,,,,,,,,,,,,,,,,,,,,,,,,,,,,,,,,
AG05,C36,2008,Tabr ,8.2,17.7,n,,,,,,,,,,,,,,,,,,,,,,,,,,,,,,,,,,
AG05,C36,2008,Abam,3.77,20.8,n,,,,,,,,,,,,,,,,,,,,,,,,,,,,,,,,,,
AG05,C36,2008,Abam,6.97,23.7,n,,,,,,,,,,,,,,,,,,,,,,,,,,,,,,,,,,
AG05,C36,2008,Thpl,9.59,28.7,n,,,,,,,,,,,,,,,,,,,,,,,,,,,,,,,,,,
AG05,C36,2008,Abam,5.23,35.2,n,,,,,,,,,,,,,,,,,,,,,,,,,,,,,,,,,,
AG05,C36,2008,Tshe,7.94,45.8,y,C37?,,,,,,,,,,,,,,,,,,,,,,,,,,,,,,,,,
AG05,C36,2008,Tshe ,7.46,47.7,y,,,,,,,,,,,,,,,,,,,,,,,,,,,,,,,,,,
AG05,C36,2008,Abam,7.93,49.8,y,,,,,,,,,,,,,,,,,,,,,,,,,,,,,,,,,,
AG05,C36,2008,Psme,7.73,125.5,y ,C33,,,,,,,,,,,,,,,,,,,,,,,,,,,,,,,,,
AG05,C37,2008,Tabr,2.12,11.5,n,,,,,,,,,,,,,,,,,,,,,,,,,,,,,,,,,,
AG05,C37,2008,Abam,5.67,13.3,n,,,,,,,,,,,,,,,,,,,,,,,,,,,,,,,,,,
AG05,C37,2008,Tshe,6.82,13.4,n,,,,,,,,,,,,,,,,,,,,,,,,,,,,,,,,,,
AG05,C37,2008,Abam,8.68,14.5,n,,,,,,,,,,,,,,,,,,,,,,,,,,,,,,,,,,
AG05,C37,2008,Tabr,8.79,15.5,n,,,,,,,,,,,,,,,,,,,,,,,,,,,,,,,,,,
AG05,C37,2008,Tabr,6.34,16.1,n,,,,,,,,,,,,,,,,,,,,,,,,,,,,,,,,,,
AG05,C37,2008,Abam,7.53,21.2,n,,,,,,,,,,,,,,,,,,,,,,,,,,,,,,,,,,
AG05,C37,2008,Tshe,5.76,21.4,n,,,,,,,,,,,,,,,,,,,,,,,,,,,,,,,,,,
AG05,C37,2008,Abam,6.97,23.7,y,,,,,,,,,,,,,,,,,,,,,,,,,,,,,,,,,,
AG05,C37,2008,Thpl,9.62,23.9,n,,,,,,,,,,,,,,,,,,,,,,,,,,,,,,,,,,
AG05,C37,2008,Abam,9.37,26.8,n,,,,,,,,,,,,,,,,,,,,,,,,,,,,,,,,,,
AG05,C37,2008,Abam,7.1,27.4,y,,,,,,,,,,,,,,,,,,,,,,,,,,,,,,,,,,
AG05,C37,2008,Abam,6.59,27.8,n,,,,,,,,,,,,,,,,,,,,,,,,,,,,,,,,,,
AG05,C37,2008,Thpl,3,28.7,n,,,,,,,,,,,,,,,,,,,,,,,,,,,,,,,,,,
AG05,C37,2008,Thpl,5.96,29.2,n,,,,,,,,,,,,,,,,,,,,,,,,,,,,,,,,,,
AG05,C37,2008,Abam,7.47,40.4,y,,,,,,,,,,,,,,,,,,,,,,,,,,,,,,,,,,
AG05,C37,2008,Tshe,0.6,47.4,y,datasheet found in 2009,,,,,,,,,,,,,,,,,,,,,,,,,,,,,,,,,
AG05,C37,2008,Abam,9.62,49.3,y,,,,,,,,,,,,,,,,,,,,,,,,,,,,,,,,,,
AG05,C37,2008,Thpl,8.56,54.6,n,C36,,,,,,,,,,,,,,,,,,,,,,,,,,,,,,,,,
AG05,C37,2008,Abam,1.26,72.9,y,,,,,,,,,,,,,,,,,,,,,,,,,,,,,,,,,,
AG05,C38,2008,Tabr,9.5,10.5,n,,,,,,,,,,,,,,,,,,,,,,,,,,,,,,,,,,
AG05,C38,2008,Tabr,7.34,10.6,n,,,,,,,,,,,,,,,,,,,,,,,,,,,,,,,,,,
AG05,C38,2008,Abam,9.59,11.0,n,,,,,,,,,,,,,,,,,,,,,,,,,,,,,,,,,,
AG05,C38,2008,Tabr,7.8,12.5,n,,,,,,,,,,,,,,,,,,,,,,,,,,,,,,,,,,
AG05,C38,2008,Abam,5.25,13.2,n,,,,,,,,,,,,,,,,,,,,,,,,,,,,,,,,,,
AG05,C38,2008,Tshe,6.43,13.6,n,,,,,,,,,,,,,,,,,,,,,,,,,,,,,,,,,,
AG05,C38,2008,Tshe,3.8,15.2,n,,,,,,,,,,,,,,,,,,,,,,,,,,,,,,,,,,
AG05,C38,2008,Tabr,9.44,17.0,n,,,,,,,,,,,,,,,,,,,,,,,,,,,,,,,,,,
AG05,C38,2008,Tshe,8.2,20.2,n,,,,,,,,,,,,,,,,,,,,,,,,,,,,,,,,,,
AG05,C38,2008,Abam,7.92,20.3,n,,,,,,,,,,,,,,,,,,,,,,,,,,,,,,,,,,
AG05,C38,2008,Thpl,8.82,23.5,n,,,,,,,,,,,,,,,,,,,,,,,,,,,,,,,,,,
AG05,C38,2008,Thpl,8.7,24.0,n,,,,,,,,,,,,,,,,,,,,,,,,,,,,,,,,,,
AG05,C38,2008,Abam,8.94,31.5,y,,,,,,,,,,,,,,,,,,,,,,,,,,,,,,,,,,
AG05,C38,2008,Abam,6.92,38.0,y,,,,,,,,,,,,,,,,,,,,,,,,,,,,,,,,,,
AG05,C38,2008,Abam,2.09,39.4,y,,,,,,,,,,,,,,,,,,,,,,,,,,,,,,,,,,
AG05,C38,2008,Thpl,1,40.0,n,,,,,,,,,,,,,,,,,,,,,,,,,,,,,,,,,,
AG05,C38,2008,Abam,8.66,40.3,y,,,,,,,,,,,,,,,,,,,,,,,,,,,,,,,,,,
AG05,C38,2008,Abam,8.56,40.5,y,,,,,,,,,,,,,,,,,,,,,,,,,,,,,,,,,,
AG05,C38,2008,Abam,6.74,46.0,y,,,,,,,,,,,,,,,,,,,,,,,,,,,,,,,,,,
AG05,C38,2008,Abam,4.49,53.3,y,c1,,,,,,,,,,,,,,,,,,,,,,,,,,,,,,,,,
AG05,C38,2008,Tshe,6.76,60.2,y,c39,,,,,,,,,,,,,,,,,,,,,,,,,,,,,,,,,
AG05,C38,2008,Thpl,9.63,64.0,y,,,,,,,,,,,,,,,,,,,,,,,,,,,,,,,,,,
AG05,C38,2008,Thpl,8.11,66.0,y,,,,,,,,,,,,,,,,,,,,,,,,,,,,,,,,,,
AG05,C38,2008,Psme,0.68,159.3,y,,,,,,,,,,,,,,,,,,,,,,,,,,,,,,,,,,
AG05,C39,2008,Tshe,9.32,10.0,n,,,,,,,,,,,,,,,,,,,,,,,,,,,,,,,,,,
AG05,C39,2008,Abam,8.95,11.0,n,,,,,,,,,,,,,,,,,,,,,,,,,,,,,,,,,,
AG05,C39,2008,Abam,8.49,12.0,n,,,,,,,,,,,,,,,,,,,,,,,,,,,,,,,,,,
AG05,C39,2008,Tabr,4.09,12.1,n,,,,,,,,,,,,,,,,,,,,,,,,,,,,,,,,,,
AG05,C39,2008,Tshe,8.84,12.7,n,,,,,,,,,,,,,,,,,,,,,,,,,,,,,,,,,,
AG05,C39,2008,Abam,4.56,13.1,n,,,,,,,,,,,,,,,,,,,,,,,,,,,,,,,,,,
AG05,C39,2008,Tshe,2.35,13.4,n,,,,,,,,,,,,,,,,,,,,,,,,,,,,,,,,,,
AG05,C39,2008,Tshe,3.2,17.8,n,,,,,,,,,,,,,,,,,,,,,,,,,,,,,,,,,,
AG05,C39,2008,Tabr,8.94,19.5,n,,,,,,,,,,,,,,,,,,,,,,,,,,,,,,,,,,
AG05,C39,2008,Tshe,8.51,20.2,n,,,,,,,,,,,,,,,,,,,,,,,,,,,,,,,,,,
AG05,C39,2008,Abam,3.01,31.9,n,,,,,,,,,,,,,,,,,,,,,,,,,,,,,,,,,,
AG05,C39,2008,Thpl,5.27,38.2,n,,,,,,,,,,,,,,,,,,,,,,,,,,,,,,,,,,
AG05,C39,2008,Abam,6.33,39.4,y,,,,,,,,,,,,,,,,,,,,,,,,,,,,,,,,,,
AG05,C39,2008,Abam,9.21,39.4,y,,,,,,,,,,,,,,,,,,,,,,,,,,,,,,,,,,
AG05,C39,2008,Abam,4.08,39.5,y,,,,,,,,,,,,,,,,,,,,,,,,,,,,,,,,,,
AG05,C39,2008,Abam,7.67,52.7,y,C1,,,,,,,,,,,,,,,,,,,,,,,,,,,,,,,,,
AG05,C39,2008,Abam,6.1,66.2,y,,,,,,,,,,,,,,,,,,,,,,,,,,,,,,,,,,
AG05,C39,2008,Thpl,6.76,68.5,y,C38,,,,,,,,,,,,,,,,,,,,,,,,,,,,,,,,,
AG05,C39,2008,Psme,5.85,159.3,y,,,,,,,,,,,,,,,,,,,,,,,,,,,,,,,,,,
AG05,C4,2008,Tshe,8.3,11.2,n,,,,,,,,,,,,,,,,,,,,,,,,,,,,,,,,,,
AG05,C4,2008,Abam,7.21,11.3,n,,,,,,,,,,,,,,,,,,,,,,,,,,,,,,,,,,
AG05,C4,2008,Tshe,9.71,13.3,n,,,,,,,,,,,,,,,,,,,,,,,,,,,,,,,,,,
AG05,C4,2008,Tshe,5.26,14.0,n,,,,,,,,,,,,,,,,,,,,,,,,,,,,,,,,,,
AG05,C4,2008,Abam,1.64,18.7,n,,,,,,,,,,,,,,,,,,,,,,,,,,,,,,,,,,
AG05,C4,2008,Tabr,0.72,19.9,n,,,,,,,,,,,,,,,,,,,,,,,,,,,,,,,,,,
AG05,C4,2008,Tshe,5.77,31.2,n,,,,,,,,,,,,,,,,,,,,,,,,,,,,,,,,,,
AG05,C4,2008,Tshe,5.09,31.7,n,,,,,,,,,,,,,,,,,,,,,,,,,,,,,,,,,,
AG05,C4,2008,Abam,9.36,46.8,y,,,,,,,,,,,,,,,,,,,,,,,,,,,,,,,,,,
AG05,C4,2008,Thpl,9.19,47.7,y,,,,,,,,,,,,,,,,,,,,,,,,,,,,,,,,,,
AG05,C4,2008,Thpl,7.78,52.2,n,,,,,,,,,,,,,,,,,,,,,,,,,,,,,,,,,,
AG05,C4,2008,Tshe,7.58,57.2,y,,,,,,,,,,,,,,,,,,,,,,,,,,,,,,,,,,
AG05,C4,2008,Thpl,3.94,58.3,y,,,,,,,,,,,,,,,,,,,,,,,,,,,,,,,,,,
AG05,C4,2008,Thpl,7.53,59.0,n,,,,,,,,,,,,,,,,,,,,,,,,,,,,,,,,,,
AG05,C4,2008,Thpl,7.92,60.7,y,,,,,,,,,,,,,,,,,,,,,,,,,,,,,,,,,,
AG05,C4,2008,Thpl,6.74,65.2,y,,,,,,,,,,,,,,,,,,,,,,,,,,,,,,,,,,
AG05,C4,2008,Thpl,8.83,74.0,y,,,,,,,,,,,,,,,,,,,,,,,,,,,,,,,,,,
AG05,C40,2008,Thpl,7.76,28.7,n,,,,,,,,,,,,,,,,,,,,,,,,,,,,,,,,,,
AG05,C40,2008,Abam,3.98,10.4,n,,,,,,,,,,,,,,,,,,,,,,,,,,,,,,,,,,
AG05,C40,2008,Tshe,3.61,12.8,n,,,,,,,,,,,,,,,,,,,,,,,,,,,,,,,,,,
AG05,C40,2008,Tshe,6.15,13.3,n,,,,,,,,,,,,,,,,,,,,,,,,,,,,,,,,,,
AG05,C40,2008,Tabr,3.77,13.8,n,,,,,,,,,,,,,,,,,,,,,,,,,,,,,,,,,,
AG05,C40,2008,Tshe,6.7,14.2,n,,,,,,,,,,,,,,,,,,,,,,,,,,,,,,,,,,
AG05,C40,2008,Abam,8.38,14.6,n,,,,,,,,,,,,,,,,,,,,,,,,,,,,,,,,,,
AG05,C40,2008,Tshe,5.45,14.7,n,,,,,,,,,,,,,,,,,,,,,,,,,,,,,,,,,,
AG05,C40,2008,Tshe,5.04,15.5,n,,,,,,,,,,,,,,,,,,,,,,,,,,,,,,,,,,
AG05,C40,2008,Tabr,3.03,16.6,n,,,,,,,,,,,,,,,,,,,,,,,,,,,,,,,,,,
AG05,C40,2008,Thpl,4.65,17.3,n,,,,,,,,,,,,,,,,,,,,,,,,,,,,,,,,,,
AG05,C40,2008,Tabr,8.3,17.7,n,bent over <5 ft in height above ground,,,,,,,,,,,,,,,,,,,,,,,,,,,,,,,,,
AG05,C40,2008,Tshe,8.32,18.0,n,,,,,,,,,,,,,,,,,,,,,,,,,,,,,,,,,,
AG05,C40,2008,Tabr,5.4,18.5,n,,,,,,,,,,,,,,,,,,,,,,,,,,,,,,,,,,
AG05,C40,2008,Thpl,7.94,20.9,n,,,,,,,,,,,,,,,,,,,,,,,,,,,,,,,,,,
AG05,C40,2008,Abam,6.18,22.0,n,,,,,,,,,,,,,,,,,,,,,,,,,,,,,,,,,,
AG05,C40,2008,Abam,3.78,24.0,n,,,,,,,,,,,,,,,,,,,,,,,,,,,,,,,,,,
AG05,C40,2008,Tshe,9.43,24.6,n,,,,,,,,,,,,,,,,,,,,,,,,,,,,,,,,,,
AG05,C40,2008,Tshe,8.06,27.5,y,"shorter than C40, just downslope",,,,,,,,,,,,,,,,,,,,,,,,,,,,,,,,,
AG05,C40,2008,Thpl,9.9,27.9,n,,,,,,,,,,,,,,,,,,,,,,,,,,,,,,,,,,
AG05,C40,2008,Thpl,9.7,31.5,n,,,,,,,,,,,,,,,,,,,,,,,,,,,,,,,,,,
AG05,C40,2008,Tshe,8.27,36.0,n,,,,,,,,,,,,,,,,,,,,,,,,,,,,,,,,,,
AG05,C40,2008,Thpl,6.63,39.6,n,,,,,,,,,,,,,,,,,,,,,,,,,,,,,,,,,,
AG05,C40,2008,Thpl,4.59,54.2,n,,,,,,,,,,,,,,,,,,,,,,,,,,,,,,,,,,
AG05,C40,2008,Abam,6.76,63.1,y,"shorter than C40, just downslope",,,,,,,,,,,,,,,,,,,,,,,,,,,,,,,,,
AG05,C5,2008,Abam,4.01,10.0,n,,,,,,,,,,,,,,,,,,,,,,,,,,,,,,,,,,
AG05,C5,2008,Tshe,9.9,11.0,n,,,,,,,,,,,,,,,,,,,,,,,,,,,,,,,,,,
AG05,C5,2008,Tshe,6.93,11.9,n,,,,,,,,,,,,,,,,,,,,,,,,,,,,,,,,,,
AG05,C5,2008,Tshe,8.86,17.8,n,,,,,,,,,,,,,,,,,,,,,,,,,,,,,,,,,,
AG05,C5,2008,Tshe,6.69,20.5,n,,,,,,,,,,,,,,,,,,,,,,,,,,,,,,,,,,
AG05,C5,2008,Thpl,6.71,24.7,n,,,,,,,,,,,,,,,,,,,,,,,,,,,,,,,,,,
AG05,C5,2008,Tshe,3.75,25.7,n,,,,,,,,,,,,,,,,,,,,,,,,,,,,,,,,,,
AG05,C5,2008,Thpl,9.39,37.0,n,,,,,,,,,,,,,,,,,,,,,,,,,,,,,,,,,,
AG05,C5,2008,Tshe,6.41,40.6,y,,,,,,,,,,,,,,,,,,,,,,,,,,,,,,,,,,
AG05,C5,2008,Thpl,5.39,43.1,n,,,,,,,,,,,,,,,,,,,,,,,,,,,,,,,,,,
AG05,C5,2008,Thpl,9.67,47.3,y,,,,,,,,,,,,,,,,,,,,,,,,,,,,,,,,,,
AG05,C5,2008,Abam,3.59,53.5,y,,,,,,,,,,,,,,,,,,,,,,,,,,,,,,,,,,
AG05,C5,2008,Thpl,9.77,55.3,y,,,,,,,,,,,,,,,,,,,,,,,,,,,,,,,,,,
AG05,C5,2008,Abam,4.81,61.8,y,,,,,,,,,,,,,,,,,,,,,,,,,,,,,,,,,,
AG05,C6,2008,Tshe,9.99,13.4,n,,,,,,,,,,,,,,,,,,,,,,,,,,,,,,,,,,
AG05,C6,2008,Tshe,8.14,16.0,n,weird trunk,,,,,,,,,,,,,,,,,,,,,,,,,,,,,,,,,
AG05,C6,2008,Tshe,5.1,16.9,n,,,,,,,,,,,,,,,,,,,,,,,,,,,,,,,,,,
AG05,C6,2008,Tshe,9.67,17.2,n,,,,,,,,,,,,,,,,,,,,,,,,,,,,,,,,,,
AG05,C6,2008,Tshe,6.3,17.8,n,,,,,,,,,,,,,,,,,,,,,,,,,,,,,,,,,,
AG05,C6,2008,Tshe,5.91,18.8,n,,,,,,,,,,,,,,,,,,,,,,,,,,,,,,,,,,
AG05,C6,2008,Tshe,7.76,19.4,n,,,,,,,,,,,,,,,,,,,,,,,,,,,,,,,,,,
AG05,C6,2008,Tshe,7.83,40.6,y,,,,,,,,,,,,,,,,,,,,,,,,,,,,,,,,,,
AG05,C6,2008,Thpl,9.99,41.3,,canopy status never observed,,,,,,,,,,,,,,,,,,,,,,,,,,,,,,,,,
AG05,C6,2008,Thpl,3.31,44.6,n,,,,,,,,,,,,,,,,,,,,,,,,,,,,,,,,,,
AG05,C6,2008,Thpl,5.59,60.2,y,C7,,,,,,,,,,,,,,,,,,,,,,,,,,,,,,,,,
AG05,C6,2008,Abam,2.71,62.1,y,,,,,,,,,,,,,,,,,,,,,,,,,,,,,,,,,,
AG05,C61,2009,Abam,9.33,11.5,n,,,,,,,,,,,,,,,,,,,,,,,,,,,,,,,,,,
AG05,C61,2009,Tshe,7.52,12.5,n,In plot,,,,,,,,,,,,,,,,,,,,,,,,,,,,,,,,,
AG05,C61,2009,Abam,9.26,12.9,n,,,,,,,,,,,,,,,,,,,,,,,,,,,,,,,,,,
AG05,C61,2009,Tabr,4.59,14.8,n,,,,,,,,,,,,,,,,,,,,,,,,,,,,,,,,,,
AG05,C61,2009,Abam,6.43,15.2,n,,,,,,,,,,,,,,,,,,,,,,,,,,,,,,,,,,
AG05,C61,2009,Tshe,8.93,15.7,n,In plot,,,,,,,,,,,,,,,,,,,,,,,,,,,,,,,,,
AG05,C61,2009,Tshe,4.83,16.7,n,In plot,,,,,,,,,,,,,,,,,,,,,,,,,,,,,,,,,
AG05,C61,2009,Tshe,8.13,17.8,n,In plot,,,,,,,,,,,,,,,,,,,,,,,,,,,,,,,,,
AG05,C61,2009,Tabr,9.47,18.7,n,In plot,,,,,,,,,,,,,,,,,,,,,,,,,,,,,,,,,
AG05,C61,2009,Abam,9.2,29.6,n,In plot,,,,,,,,,,,,,,,,,,,,,,,,,,,,,,,,,
AG05,C61,2009,Abam,4.16,36.7,n,,,,,,,,,,,,,,,,,,,,,,,,,,,,,,,,,,
AG05,C61,2009,Abam,6.37,50.4,n,,,,,,,,,,,,,,,,,,,,,,,,,,,,,,,,,,
AG05,C61,2009,Tshe,9.57,75.4,n,In plot,,,,,,,,,,,,,,,,,,,,,,,,,,,,,,,,,
AG05,C61,2009,Thpl,2.32,88.2,n,In plot,,,,,,,,,,,,,,,,,,,,,,,,,,,,,,,,,
AG05,C61,2009,Psme,7.39,113.4,y,In plot,,,,,,,,,,,,,,,,,,,,,,,,,,,,,,,,,
AG05,C61,2009,Psme,6.81,152.9,y,,,,,,,,,,,,,,,,,,,,,,,,,,,,,,,,,,
AG05,C63,2009,Tabr,8.95,10.0,n,,,,,,,,,,,,,,,,,,,,,,,,,,,,,,,,,,
AG05,C63,2009,Tabr,7.39,11.0,n,,,,,,,,,,,,,,,,,,,,,,,,,,,,,,,,,,
AG05,C63,2009,Tabr,7.67,12.3,n,,,,,,,,,,,,,,,,,,,,,,,,,,,,,,,,,,
AG05,C63,2009,Tshe,9.68,15.9,n,,,,,,,,,,,,,,,,,,,,,,,,,,,,,,,,,,
AG05,C63,2009,Abam,5.86,16.3,n,,,,,,,,,,,,,,,,,,,,,,,,,,,,,,,,,,
AG05,C63,2009,Tabr,2.96,18.3,n,,,,,,,,,,,,,,,,,,,,,,,,,,,,,,,,,,
AG05,C63,2009,Abam,2.99,20.0,n,,,,,,,,,,,,,,,,,,,,,,,,,,,,,,,,,,
AG05,C63,2009,Tshe,7.71,20.8,n,,,,,,,,,,,,,,,,,,,,,,,,,,,,,,,,,,
AG05,C63,2009,Tabr,6.06,25.7,n,,,,,,,,,,,,,,,,,,,,,,,,,,,,,,,,,,
AG05,C63,2009,Tshe,9.12,25.8,n,,,,,,,,,,,,,,,,,,,,,,,,,,,,,,,,,,
AG05,C63,2009,Tshe,4.04,28.2,n,,,,,,,,,,,,,,,,,,,,,,,,,,,,,,,,,,
AG05,C63,2009,Tabr,8.08,35.8,n,,,,,,,,,,,,,,,,,,,,,,,,,,,,,,,,,,
AG05,C63,2009,Tshe,4.24,41.1,n,,,,,,,,,,,,,,,,,,,,,,,,,,,,,,,,,,
AG05,C63,2009,Tshe,3.37,46.7,n,,,,,,,,,,,,,,,,,,,,,,,,,,,,,,,,,,
AG05,C63,2009,Thpl,8.96,48.1,n,,,,,,,,,,,,,,,,,,,,,,,,,,,,,,,,,,
AG05,C63,2009,Abam,7.47,49.2,n,,,,,,,,,,,,,,,,,,,,,,,,,,,,,,,,,,
AG05,C63,2009,Abam,4.68,61.0,y,,,,,,,,,,,,,,,,,,,,,,,,,,,,,,,,,,
AG05,C63,2009,Thpl,8.92,73.4,y,C41,,,,,,,,,,,,,,,,,,,,,,,,,,,,,,,,,
AG05,C63,2009,Psme,9.67,185.0,y,,,,,,,,,,,,,,,,,,,,,,,,,,,,,,,,,,
AG05,C65,2009,Tabr,7.7,10.4,n,,,,,,,,,,,,,,,,,,,,,,,,,,,,,,,,,,
AG05,C65,2009,Abam,8.9,10.5,n,,,,,,,,,,,,,,,,,,,,,,,,,,,,,,,,,,
AG05,C65,2009,Tabr,4.55,10.9,n,,,,,,,,,,,,,,,,,,,,,,,,,,,,,,,,,,
AG05,C65,2009,Abam,0.83,12.0,n,,,,,,,,,,,,,,,,,,,,,,,,,,,,,,,,,,
AG05,C65,2009,Tshe,7.33,12.9,n,,,,,,,,,,,,,,,,,,,,,,,,,,,,,,,,,,
AG05,C65,2009,Tabr,9.99,12.9,n,,,,,,,,,,,,,,,,,,,,,,,,,,,,,,,,,,
AG05,C65,2009,Tabr,3.16,13.2,n,,,,,,,,,,,,,,,,,,,,,,,,,,,,,,,,,,
AG05,C65,2009,Abam,6.82,15.6,n,,,,,,,,,,,,,,,,,,,,,,,,,,,,,,,,,,
AG05,C65,2009,Tabr,8.48,16.4,n,,,,,,,,,,,,,,,,,,,,,,,,,,,,,,,,,,
AG05,C65,2009,Tabr,5.22,17.2,n,,,,,,,,,,,,,,,,,,,,,,,,,,,,,,,,,,
AG05,C65,2009,Tshe,9.34,17.8,n,,,,,,,,,,,,,,,,,,,,,,,,,,,,,,,,,,
AG05,C65,2009,Abam,8.47,25.7,n,,,,,,,,,,,,,,,,,,,,,,,,,,,,,,,,,,
AG05,C65,2009,Abam,6.71,27.5,n,,,,,,,,,,,,,,,,,,,,,,,,,,,,,,,,,,
AG05,C65,2009,Tshe,7.22,31.8,n,,,,,,,,,,,,,,,,,,,,,,,,,,,,,,,,,,
AG05,C65,2009,Tabr,1.92,32.2,n,,,,,,,,,,,,,,,,,,,,,,,,,,,,,,,,,,
AG05,C65,2009,Tshe,8.57,33.4,n,In plot,,,,,,,,,,,,,,,,,,,,,,,,,,,,,,,,,
AG05,C65,2009,Tabr,8.04,34.5,n,,,,,,,,,,,,,,,,,,,,,,,,,,,,,,,,,,
AG05,C65,2009,Abam,5.61,36.4,n,,,,,,,,,,,,,,,,,,,,,,,,,,,,,,,,,,
AG05,C65,2009,Abam,5.51,38.9,n,In plot,,,,,,,,,,,,,,,,,,,,,,,,,,,,,,,,,
AG05,C65,2009,Psme,7.23,128.4,y,,,,,,,,,,,,,,,,,,,,,,,,,,,,,,,,,,
AG05,C66,2009,Abam,9.68,10.2,n,,,,,,,,,,,,,,,,,,,,,,,,,,,,,,,,,,
AG05,C66,2009,Abam,8.78,10.9,n,,,,,,,,,,,,,,,,,,,,,,,,,,,,,,,,,,
AG05,C66,2009,Tabr,6.4,11.5,n,,,,,,,,,,,,,,,,,,,,,,,,,,,,,,,,,,
AG05,C66,2009,Tshe,8.6,11.9,n,,,,,,,,,,,,,,,,,,,,,,,,,,,,,,,,,,
AG05,C66,2009,Tabr,5.94,12.5,n,,,,,,,,,,,,,,,,,,,,,,,,,,,,,,,,,,
AG05,C66,2009,Abam,8.11,13.7,n,,,,,,,,,,,,,,,,,,,,,,,,,,,,,,,,,,
AG05,C66,2009,Tshe,5.96,15.0,n,,,,,,,,,,,,,,,,,,,,,,,,,,,,,,,,,,
AG05,C66,2009,Abam,5.47,15.4,n,,,,,,,,,,,,,,,,,,,,,,,,,,,,,,,,,,
AG05,C66,2009,Abam,6.5,17.7,n,,,,,,,,,,,,,,,,,,,,,,,,,,,,,,,,,,
AG05,C66,2009,Tabr,0.68,18.9,n,,,,,,,,,,,,,,,,,,,,,,,,,,,,,,,,,,
AG05,C66,2009,Abam,3.54,19.0,n,,,,,,,,,,,,,,,,,,,,,,,,,,,,,,,,,,
AG05,C66,2009,Tabr,5.02,21.5,n,,,,,,,,,,,,,,,,,,,,,,,,,,,,,,,,,,
AG05,C66,2009,Abam,4.04,22.4,n,,,,,,,,,,,,,,,,,,,,,,,,,,,,,,,,,,
AG05,C66,2009,Tabr,8.33,25.2,n,,,,,,,,,,,,,,,,,,,,,,,,,,,,,,,,,,
AG05,C66,2009,Tabr,9.15,26.2,n,,,,,,,,,,,,,,,,,,,,,,,,,,,,,,,,,,
AG05,C66,2009,Abam,7.25,26.9,n,,,,,,,,,,,,,,,,,,,,,,,,,,,,,,,,,,
AG05,C66,2009,Thpl,8.31,32.5,n,,,,,,,,,,,,,,,,,,,,,,,,,,,,,,,,,,
AG05,C66,2009,Tabr,5.2,33.2,n,Leaning,,,,,,,,,,,,,,,,,,,,,,,,,,,,,,,,,
AG05,C66,2009,Abam,9.78,63.1,n,,,,,,,,,,,,,,,,,,,,,,,,,,,,,,,,,,
AG05,C66,2009,Thpl,8.37,77.9,y,C46,,,,,,,,,,,,,,,,,,,,,,,,,,,,,,,,,
AG05,C66,2009,Psme,8.75,127.1,y,C45,,,,,,,,,,,,,,,,,,,,,,,,,,,,,,,,,
AG05,C68,2009,Tabr,6.34,11.2,n,,,,,,,,,,,,,,,,,,,,,,,,,,,,,,,,,,
AG05,C68,2009,Tabr,9.51,13.1,n,,,,,,,,,,,,,,,,,,,,,,,,,,,,,,,,,,
AG05,C68,2009,Tabr,4.64,13.4,n,,,,,,,,,,,,,,,,,,,,,,,,,,,,,,,,,,
AG05,C68,2009,Tabr,7.15,14.1,n,,,,,,,,,,,,,,,,,,,,,,,,,,,,,,,,,,
AG05,C68,2009,Tabr,4.24,15.2,n,,,,,,,,,,,,,,,,,,,,,,,,,,,,,,,,,,
AG05,C68,2009,Tabr,3.48,16.3,n,,,,,,,,,,,,,,,,,,,,,,,,,,,,,,,,,,
AG05,C68,2009,Tabr,7.45,16.9,n,,,,,,,,,,,,,,,,,,,,,,,,,,,,,,,,,,
AG05,C68,2009,Tabr,4.66,17.0,n,,,,,,,,,,,,,,,,,,,,,,,,,,,,,,,,,,
AG05,C68,2009,Tshe,7.33,18.9,n,,,,,,,,,,,,,,,,,,,,,,,,,,,,,,,,,,
AG05,C68,2009,Abam,6.66,22.3,n,,,,,,,,,,,,,,,,,,,,,,,,,,,,,,,,,,
AG05,C68,2009,Thpl,4.17,47.8,n,,,,,,,,,,,,,,,,,,,,,,,,,,,,,,,,,,
AG05,C68,2009,Abam,2.61,52.2,n,,,,,,,,,,,,,,,,,,,,,,,,,,,,,,,,,,
AG05,C68,2009,Tshe,6.98,79.8,n,,,,,,,,,,,,,,,,,,,,,,,,,,,,,,,,,,
AG05,C68,2009,Thpl,3.31,125.0,n,,,,,,,,,,,,,,,,,,,,,,,,,,,,,,,,,,
AG05,C69,2009,Tabr,6.78,10.9,n,,,,,,,,,,,,,,,,,,,,,,,,,,,,,,,,,,
AG05,C69,2009,Tabr,6.34,11.4,n,,,,,,,,,,,,,,,,,,,,,,,,,,,,,,,,,,
AG05,C69,2009,Tshe,8.36,12.4,n,,,,,,,,,,,,,,,,,,,,,,,,,,,,,,,,,,
AG05,C69,2009,Tabr,6.05,12.9,n,,,,,,,,,,,,,,,,,,,,,,,,,,,,,,,,,,
AG05,C69,2009,Abam,7.55,13.0,n,,,,,,,,,,,,,,,,,,,,,,,,,,,,,,,,,,
AG05,C69,2009,Abam,7.12,14.8,n,,,,,,,,,,,,,,,,,,,,,,,,,,,,,,,,,,
AG05,C69,2009,Tabr,5.71,16.0,n,,,,,,,,,,,,,,,,,,,,,,,,,,,,,,,,,,
AG05,C69,2009,Tabr,3.8,16.3,n,,,,,,,,,,,,,,,,,,,,,,,,,,,,,,,,,,
AG05,C69,2009,Tabr,5.25,18.0,n,,,,,,,,,,,,,,,,,,,,,,,,,,,,,,,,,,
AG05,C69,2009,Tabr,3.31,19.0,n,,,,,,,,,,,,,,,,,,,,,,,,,,,,,,,,,,
AG05,C69,2009,Tshe,9.97,23.1,n,,,,,,,,,,,,,,,,,,,,,,,,,,,,,,,,,,
AG05,C69,2009,Tabr,7.66,24.8,n,,,,,,,,,,,,,,,,,,,,,,,,,,,,,,,,,,
AG05,C69,2009,Abam,3.48,28.3,n,,,,,,,,,,,,,,,,,,,,,,,,,,,,,,,,,,
AG05,C69,2009,Tabr,8.62,30.3,n,,,,,,,,,,,,,,,,,,,,,,,,,,,,,,,,,,
AG05,C69,2009,Tshe,5.45,32.5,n,,,,,,,,,,,,,,,,,,,,,,,,,,,,,,,,,,
AG05,C69,2009,Thpl,6.86,34.6,n,,,,,,,,,,,,,,,,,,,,,,,,,,,,,,,,,,
AG05,C69,2009,Abam,8.32,38.7,n,,,,,,,,,,,,,,,,,,,,,,,,,,,,,,,,,,
AG05,C69,2009,Abam,6.03,58.5,n,,,,,,,,,,,,,,,,,,,,,,,,,,,,,,,,,,
AG05,C69,2009,Abam,6.32,73.6,y,,,,,,,,,,,,,,,,,,,,,,,,,,,,,,,,,,
AG05,C69,2009,Thpl,4.89,110.0,n,,,,,,,,,,,,,,,,,,,,,,,,,,,,,,,,,,
AG05,C7,2008,Tshe,6.61,12.2,n,,,,,,,,,,,,,,,,,,,,,,,,,,,,,,,,,,
AG05,C7,2008,Tshe,4.97,13.1,n,,,,,,,,,,,,,,,,,,,,,,,,,,,,,,,,,,
AG05,C7,2008,Abam,2.62,15.4,n,,,,,,,,,,,,,,,,,,,,,,,,,,,,,,,,,,
AG05,C7,2008,Tshe,5.5,15.5,n,,,,,,,,,,,,,,,,,,,,,,,,,,,,,,,,,,
AG05,C7,2008,Tshe,5.59,16.0,n,weird trunk,,,,,,,,,,,,,,,,,,,,,,,,,,,,,,,,,
AG05,C7,2008,Tshe,8.05,16.4,n,,,,,,,,,,,,,,,,,,,,,,,,,,,,,,,,,,
AG05,C7,2008,Tshe,0.66,18.8,n,,,,,,,,,,,,,,,,,,,,,,,,,,,,,,,,,,
AG05,C7,2008,Tshe,7.23,19.6,n,,,,,,,,,,,,,,,,,,,,,,,,,,,,,,,,,,
AG05,C7,2008,Tshe,7.79,23.5,n,,,,,,,,,,,,,,,,,,,,,,,,,,,,,,,,,,
AG05,C7,2008,Thpl,7.77,33.8,n,,,,,,,,,,,,,,,,,,,,,,,,,,,,,,,,,,
AG05,C7,2008,Thpl,1.61,44.6,n,,,,,,,,,,,,,,,,,,,,,,,,,,,,,,,,,,
AG05,C7,2008,Abam,9.4,51.8,y,,,,,,,,,,,,,,,,,,,,,,,,,,,,,,,,,,
AG05,C7,2008,Abam,6.58,61.5,y,,,,,,,,,,,,,,,,,,,,,,,,,,,,,,,,,,
AG05,C7,2008,Abam,9.17,62.1,y,,,,,,,,,,,,,,,,,,,,,,,,,,,,,,,,,,
AG05,C7,2008,Psme,5.59,148.5,y,C6,,,,,,,,,,,,,,,,,,,,,,,,,,,,,,,,,
AG05,C70,2009,Tshe,0.69,11.5,n,,,,,,,,,,,,,,,,,,,,,,,,,,,,,,,,,,
AG05,C70,2009,Tabr,9.36,12.7,n,,,,,,,,,,,,,,,,,,,,,,,,,,,,,,,,,,
AG05,C70,2009,Tabr,8.76,13.2,n,,,,,,,,,,,,,,,,,,,,,,,,,,,,,,,,,,
AG05,C70,2009,Thpl,5.6,13.9,n,,,,,,,,,,,,,,,,,,,,,,,,,,,,,,,,,,
AG05,C70,2009,Tshe,1.86,14.4,n,,,,,,,,,,,,,,,,,,,,,,,,,,,,,,,,,,
AG05,C70,2009,Tabr,5.45,15.3,n,,,,,,,,,,,,,,,,,,,,,,,,,,,,,,,,,,
AG05,C70,2009,Tabr,6.49,15.8,n,,,,,,,,,,,,,,,,,,,,,,,,,,,,,,,,,,
AG05,C70,2009,Abam,8.5,16.3,n,,,,,,,,,,,,,,,,,,,,,,,,,,,,,,,,,,
AG05,C70,2009,Tabr,6.91,18.7,n,,,,,,,,,,,,,,,,,,,,,,,,,,,,,,,,,,
AG05,C70,2009,Thpl,7.36,20.7,n,,,,,,,,,,,,,,,,,,,,,,,,,,,,,,,,,,
AG05,C70,2009,Tabr,2.25,22.0,n,,,,,,,,,,,,,,,,,,,,,,,,,,,,,,,,,,
AG05,C70,2009,Tshe,7.57,22.7,n,,,,,,,,,,,,,,,,,,,,,,,,,,,,,,,,,,
AG05,C70,2009,Abam,9.83,31.9,n,,,,,,,,,,,,,,,,,,,,,,,,,,,,,,,,,,
AG05,C70,2009,Thpl,6.78,39.0,n,,,,,,,,,,,,,,,,,,,,,,,,,,,,,,,,,,
AG05,C70,2009,Thpl,8.06,39.7,n,,,,,,,,,,,,,,,,,,,,,,,,,,,,,,,,,,
AG05,C70,2009,Abam,3.41,41.8,y,,,,,,,,,,,,,,,,,,,,,,,,,,,,,,,,,,
AG05,C70,2009,Abam,5.34,46.3,n,,,,,,,,,,,,,,,,,,,,,,,,,,,,,,,,,,
AG05,C70,2009,Thpl,8.8,65.7,n,,,,,,,,,,,,,,,,,,,,,,,,,,,,,,,,,,
AG05,C71,2009,Tshe,9.11,10.7,n,,,,,,,,,,,,,,,,,,,,,,,,,,,,,,,,,,
AG05,C71,2009,Tabr,6.35,12.0,n,,,,,,,,,,,,,,,,,,,,,,,,,,,,,,,,,,
AG05,C71,2009,Tshe,7.7,15.8,n,,,,,,,,,,,,,,,,,,,,,,,,,,,,,,,,,,
AG05,C71,2009,Abam,6.38,16.9,n,,,,,,,,,,,,,,,,,,,,,,,,,,,,,,,,,,
AG05,C71,2009,Tshe,9.97,22.2,n,,,,,,,,,,,,,,,,,,,,,,,,,,,,,,,,,,
AG05,C71,2009,Thpl,3.32,23.6,n,,,,,,,,,,,,,,,,,,,,,,,,,,,,,,,,,,
AG05,C71,2009,Abam,5.58,29.3,n,,,,,,,,,,,,,,,,,,,,,,,,,,,,,,,,,,
AG05,C71,2009,Tshe,9.53,30.9,n,,,,,,,,,,,,,,,,,,,,,,,,,,,,,,,,,,
AG05,C71,2009,Abam,7.35,33.9,n,,,,,,,,,,,,,,,,,,,,,,,,,,,,,,,,,,
AG05,C71,2009,Thpl,5.24,41.0,n,,,,,,,,,,,,,,,,,,,,,,,,,,,,,,,,,,
AG05,C71,2009,Thpl,9.22,42.1,n,,,,,,,,,,,,,,,,,,,,,,,,,,,,,,,,,,
AG05,C71,2009,Abam,2.07,48.0,y,,,,,,,,,,,,,,,,,,,,,,,,,,,,,,,,,,
AG05,C71,2009,Abam,8.66,48.4,n,,,,,,,,,,,,,,,,,,,,,,,,,,,,,,,,,,
AG05,C71,2009,Thpl,8,48.6,n,,,,,,,,,,,,,,,,,,,,,,,,,,,,,,,,,,
AG05,C71,2009,Thpl,9.02,81.4,n,,,,,,,,,,,,,,,,,,,,,,,,,,,,,,,,,,
AG05,C74,2009,Abam,9.96,11.3,n,,,,,,,,,,,,,,,,,,,,,,,,,,,,,,,,,,
AG05,C74,2009,Tabr,4.33,13.0,n,,,,,,,,,,,,,,,,,,,,,,,,,,,,,,,,,,
AG05,C74,2009,Tshe,5.18,13.0,n,,,,,,,,,,,,,,,,,,,,,,,,,,,,,,,,,,
AG05,C74,2009,Abam,4.13,13.7,n,,,,,,,,,,,,,,,,,,,,,,,,,,,,,,,,,,
AG05,C74,2009,Tabr,8.29,14.9,n,,,,,,,,,,,,,,,,,,,,,,,,,,,,,,,,,,
AG05,C74,2009,Abam,9.21,21.3,n,,,,,,,,,,,,,,,,,,,,,,,,,,,,,,,,,,
AG05,C74,2009,Abam,6.07,21.6,n,,,,,,,,,,,,,,,,,,,,,,,,,,,,,,,,,,
AG05,C74,2009,Tshe,6.04,22.6,n,,,,,,,,,,,,,,,,,,,,,,,,,,,,,,,,,,
AG05,C74,2009,Thpl,7.77,24.0,n,,,,,,,,,,,,,,,,,,,,,,,,,,,,,,,,,,
AG05,C74,2009,Abam,8.57,24.4,n,,,,,,,,,,,,,,,,,,,,,,,,,,,,,,,,,,
AG05,C74,2009,Abam,7.15,27.8,n,,,,,,,,,,,,,,,,,,,,,,,,,,,,,,,,,,
AG05,C74,2009,Abam,8.74,27.8,n,,,,,,,,,,,,,,,,,,,,,,,,,,,,,,,,,,
AG05,C74,2009,Abam,5.89,29.3,n,,,,,,,,,,,,,,,,,,,,,,,,,,,,,,,,,,
AG05,C74,2009,Thpl,4.9,30.7,n,,,,,,,,,,,,,,,,,,,,,,,,,,,,,,,,,,
AG05,C74,2009,Thpl,2.69,31.6,n,,,,,,,,,,,,,,,,,,,,,,,,,,,,,,,,,,
AG05,C74,2009,Abam,6.91,40.4,n,,,,,,,,,,,,,,,,,,,,,,,,,,,,,,,,,,
AG05,C74,2009,Thpl,9.16,45.3,n,C6,,,,,,,,,,,,,,,,,,,,,,,,,,,,,,,,,
AG05,C74,2009,Tshe,2.23,45.3,n,,,,,,,,,,,,,,,,,,,,,,,,,,,,,,,,,,
AG05,C74,2009,Tshe,1.54,47.2,n,C37,,,,,,,,,,,,,,,,,,,,,,,,,,,,,,,,,
AG05,C77,2009,Tshe,5.22,10.0,n,,,,,,,,,,,,,,,,,,,,,,,,,,,,,,,,,,
AG05,C77,2009,Tabr,5.65,10.5,n,,,,,,,,,,,,,,,,,,,,,,,,,,,,,,,,,,
AG05,C77,2009,Abam,6.97,10.5,n,,,,,,,,,,,,,,,,,,,,,,,,,,,,,,,,,,
AG05,C77,2009,Tabr,8.85,10.9,n,,,,,,,,,,,,,,,,,,,,,,,,,,,,,,,,,,
AG05,C77,2009,Tshe,3.88,11.1,n,,,,,,,,,,,,,,,,,,,,,,,,,,,,,,,,,,
AG05,C77,2009,Tabr,9.52,11.1,n,,,,,,,,,,,,,,,,,,,,,,,,,,,,,,,,,,
AG05,C77,2009,Abam,3.3,11.5,n,,,,,,,,,,,,,,,,,,,,,,,,,,,,,,,,,,
AG05,C77,2009,Thpl,1.67,12.2,n,,,,,,,,,,,,,,,,,,,,,,,,,,,,,,,,,,
AG05,C77,2009,Tshe,7.42,12.4,n,,,,,,,,,,,,,,,,,,,,,,,,,,,,,,,,,,
AG05,C77,2009,Tabr,7.25,12.9,n,,,,,,,,,,,,,,,,,,,,,,,,,,,,,,,,,,
AG05,C77,2009,Thpl,6.77,13.2,n,,,,,,,,,,,,,,,,,,,,,,,,,,,,,,,,,,
AG05,C77,2009,Tabr,9.11,13.4,n,,,,,,,,,,,,,,,,,,,,,,,,,,,,,,,,,,
AG05,C77,2009,Tsme,3.12,15.0,n,,,,,,,,,,,,,,,,,,,,,,,,,,,,,,,,,,
AG05,C77,2009,Thpl,2.02,16.7,n,,,,,,,,,,,,,,,,,,,,,,,,,,,,,,,,,,
AG05,C77,2009,Tabr,4.31,17.3,n,,,,,,,,,,,,,,,,,,,,,,,,,,,,,,,,,,
AG05,C77,2009,Abam,8.85,17.3,n,,,,,,,,,,,,,,,,,,,,,,,,,,,,,,,,,,
AG05,C77,2009,Tshe,7.18,20.3,n,,,,,,,,,,,,,,,,,,,,,,,,,,,,,,,,,,
AG05,C77,2009,Thpl,8.02,24.5,n,,,,,,,,,,,,,,,,,,,,,,,,,,,,,,,,,,
AG05,C77,2009,Abam,3.01,38.4,n,,,,,,,,,,,,,,,,,,,,,,,,,,,,,,,,,,
AG05,C77,2009,Thpl,7.96,38.8,n,,,,,,,,,,,,,,,,,,,,,,,,,,,,,,,,,,
AG05,C77,2009,Thpl,8.22,38.8,n,,,,,,,,,,,,,,,,,,,,,,,,,,,,,,,,,,
AG05,C77,2009,Thpl,8.98,38.9,n,,,,,,,,,,,,,,,,,,,,,,,,,,,,,,,,,,
AG05,C77,2009,Abam,4.94,45.1,n,,,,,,,,,,,,,,,,,,,,,,,,,,,,,,,,,,
AG05,C77,2009,Tshe,6.44,68.0,n,C76,,,,,,,,,,,,,,,,,,,,,,,,,,,,,,,,,
AG05,C77,2009,Psme,6.8,145.8,y,C59,,,,,,,,,,,,,,,,,,,,,,,,,,,,,,,,,
AG05,C8,2008,Tshe,6.49,10.0,n,,,,,,,,,,,,,,,,,,,,,,,,,,,,,,,,,,
AG05,C8,2008,Tshe,9.83,10.3,n,,,,,,,,,,,,,,,,,,,,,,,,,,,,,,,,,,
AG05,C8,2008,Tshe,9.05,10.7,n,,,,,,,,,,,,,,,,,,,,,,,,,,,,,,,,,,
AG05,C8,2008,Tabr,9.01,12.2,n,,,,,,,,,,,,,,,,,,,,,,,,,,,,,,,,,,
AG05,C8,2008,Abam,3.49,13.1,n,,,,,,,,,,,,,,,,,,,,,,,,,,,,,,,,,,
AG05,C8,2008,Tshe,7.97,13.9,n,,,,,,,,,,,,,,,,,,,,,,,,,,,,,,,,,,
AG05,C8,2008,Abam,8.02,13.9,n,,,,,,,,,,,,,,,,,,,,,,,,,,,,,,,,,,
AG05,C8,2008,Tshe,4.76,15.1,n,,,,,,,,,,,,,,,,,,,,,,,,,,,,,,,,,,
AG05,C8,2008,Tshe,4.12,15.3,n,,,,,,,,,,,,,,,,,,,,,,,,,,,,,,,,,,
AG05,C8,2008,Abam,8.51,15.4,n,,,,,,,,,,,,,,,,,,,,,,,,,,,,,,,,,,
AG05,C8,2008,Abam,8.79,17.2,n,,,,,,,,,,,,,,,,,,,,,,,,,,,,,,,,,,
AG05,C8,2008,Tshe,2.63,19.6,n,,,,,,,,,,,,,,,,,,,,,,,,,,,,,,,,,,
AG05,C8,2008,Tshe,6.48,21.3,n,,,,,,,,,,,,,,,,,,,,,,,,,,,,,,,,,,
AG05,C8,2008,Tshe,1.96,24.0,n,,,,,,,,,,,,,,,,,,,,,,,,,,,,,,,,,,
AG05,C8,2008,Abam,3.92,36.7,y,,,,,,,,,,,,,,,,,,,,,,,,,,,,,,,,,,
AG05,C8,2008,Abam,6.91,45.7,y,,,,,,,,,,,,,,,,,,,,,,,,,,,,,,,,,,
AG05,C8,2008,Abam,9.63,50.9,y,,,,,,,,,,,,,,,,,,,,,,,,,,,,,,,,,,
AG05,C8,2008,Abam,6.2,51.0,y,,,,,,,,,,,,,,,,,,,,,,,,,,,,,,,,,,
AG05,C8,2008,Thpl,6.66,65.8,y,,,,,,,,,,,,,,,,,,,,,,,,,,,,,,,,,,
AG05,C8,2008,Abam,9.53,69.5,y,C9,,,,,,,,,,,,,,,,,,,,,,,,,,,,,,,,,
AG05,C8,2008,Thpl,9.97,91.5,y,,,,,,,,,,,,,,,,,,,,,,,,,,,,,,,,,,
AG05,C9,2008,Tshe,4.43,10.0,n,,,,,,,,,,,,,,,,,,,,,,,,,,,,,,,,,,
AG05,C9,2008,Tshe,0.79,10.7,n,,,,,,,,,,,,,,,,,,,,,,,,,,,,,,,,,,
AG05,C9,2008,Tshe,5.1,11.5,n,,,,,,,,,,,,,,,,,,,,,,,,,,,,,,,,,,
AG05,C9,2008,Tshe,7.56,11.9,n,,,,,,,,,,,,,,,,,,,,,,,,,,,,,,,,,,
AG05,C9,2008,Tshe,9.22,14.1,n,,,,,,,,,,,,,,,,,,,,,,,,,,,,,,,,,,
AG05,C9,2008,Tshe,5.61,14.3,n,,,,,,,,,,,,,,,,,,,,,,,,,,,,,,,,,,
AG05,C9,2008,Tshe,8.99,14.7,n,,,,,,,,,,,,,,,,,,,,,,,,,,,,,,,,,,
AG05,C9,2008,Tshe,6.29,15.0,n,,,,,,,,,,,,,,,,,,,,,,,,,,,,,,,,,,
AG05,C9,2008,Tshe,4.64,16.4,n,,,,,,,,,,,,,,,,,,,,,,,,,,,,,,,,,,
AG05,C9,2008,Tshe,7.36,16.7,n,,,,,,,,,,,,,,,,,,,,,,,,,,,,,,,,,,
AG05,C9,2008,Tshe,2.56,21.3,n,,,,,,,,,,,,,,,,,,,,,,,,,,,,,,,,,,
AG05,C9,2008,Tshe,8.6,24.0,n,,,,,,,,,,,,,,,,,,,,,,,,,,,,,,,,,,
AG05,C9,2008,Abam,6.73,35.8,y,,,,,,,,,,,,,,,,,,,,,,,,,,,,,,,,,,
AG05,C9,2008,Abam,7.28,45.9,y,,,,,,,,,,,,,,,,,,,,,,,,,,,,,,,,,,
AG05,C9,2008,Thpl,5.19,46.3,y,,,,,,,,,,,,,,,,,,,,,,,,,,,,,,,,,,
AG05,C9,2008,Abam,6.19,51.2,y,,,,,,,,,,,,,,,,,,,,,,,,,,,,,,,,,,
AG05,C9,2008,Abam,9.53,56.9,y,C8,,,,,,,,,,,,,,,,,,,,,,,,,,,,,,,,,
AG05,C9,2008,Thpl,9.98,90.5,y,C10,,,,,,,,,,,,,,,,,,,,,,,,,,,,,,,,,
AX15,D1,2008,Tshe,5.24,10.3,n,,,,,,,,,,,,,,,,,,,,,,,,,,,,,,,,,,
AX15,D1,2008,Tshe,8.32,10.3,n,,,,,,,,,,,,,,,,,,,,,,,,,,,,,,,,,,
AX15,D1,2008,Tshe,5.01,10.6,n,,,,,,,,,,,,,,,,,,,,,,,,,,,,,,,,,,
AX15,D1,2008,Tshe,5.94,11.0,n,,,,,,,,,,,,,,,,,,,,,,,,,,,,,,,,,,
AX15,D1,2008,Thpl,6.81,12.1,n,,,,,,,,,,,,,,,,,,,,,,,,,,,,,,,,,,
AX15,D1,2008,Tshe,5.2,12.9,n,,,,,,,,,,,,,,,,,,,,,,,,,,,,,,,,,,
AX15,D1,2008,Thpl,8.03,13.0,n,,,,,,,,,,,,,,,,,,,,,,,,,,,,,,,,,,
AX15,D1,2008,Tshe,7.56,14.0,n,,,,,,,,,,,,,,,,,,,,,,,,,,,,,,,,,,
AX15,D1,2008,Tshe,7.89,14.0,n,,,,,,,,,,,,,,,,,,,,,,,,,,,,,,,,,,
AX15,D1,2008,Tshe,6.7,15.3,n,,,,,,,,,,,,,,,,,,,,,,,,,,,,,,,,,,
AX15,D1,2008,Tshe,7.44,17.1,n,,,,,,,,,,,,,,,,,,,,,,,,,,,,,,,,,,
AX15,D1,2008,Tshe,9.34,17.2,n,,,,,,,,,,,,,,,,,,,,,,,,,,,,,,,,,,
AX15,D1,2008,Tshe,9.08,17.5,n,,,,,,,,,,,,,,,,,,,,,,,,,,,,,,,,,,
AX15,D1,2008,Tshe,6,20.6,n,,,,,,,,,,,,,,,,,,,,,,,,,,,,,,,,,,
AX15,D1,2008,Tshe,8.85,20.6,n,,,,,,,,,,,,,,,,,,,,,,,,,,,,,,,,,,
AX15,D1,2008,Tshe,3.78,20.7,n,,,,,,,,,,,,,,,,,,,,,,,,,,,,,,,,,,
AX15,D1,2008,Tshe,7.67,21.0,n,,,,,,,,,,,,,,,,,,,,,,,,,,,,,,,,,,
AX15,D1,2008,Tshe,4.17,21.8,n,,,,,,,,,,,,,,,,,,,,,,,,,,,,,,,,,,
AX15,D1,2008,Tshe,9.06,21.8,n,,,,,,,,,,,,,,,,,,,,,,,,,,,,,,,,,,
AX15,D1,2008,Psme,7.51,22.9,n,,,,,,,,,,,,,,,,,,,,,,,,,,,,,,,,,,
AX15,D1,2008,Tshe,9.37,24.5,n,,,,,,,,,,,,,,,,,,,,,,,,,,,,,,,,,,
AX15,D1,2008,Psme,7.19,25.8,n,,,,,,,,,,,,,,,,,,,,,,,,,,,,,,,,,,
AX15,D1,2008,Tshe,8.17,26.1,n,,,,,,,,,,,,,,,,,,,,,,,,,,,,,,,,,,
AX15,D1,2008,Thpl,5.01,27.1,n,,,,,,,,,,,,,,,,,,,,,,,,,,,,,,,,,,
AX15,D1,2008,Tshe,5.23,31.8,n,,,,,,,,,,,,,,,,,,,,,,,,,,,,,,,,,,
AX15,D1,2008,Tshe,5.16,31.8,y,,,,,,,,,,,,,,,,,,,,,,,,,,,,,,,,,,
AX15,D1,2008,Tshe,3.6,37.1,y,,,,,,,,,,,,,,,,,,,,,,,,,,,,,,,,,,
AX15,D1,2008,Tshe,8.49,37.2,y,,,,,,,,,,,,,,,,,,,,,,,,,,,,,,,,,,
AX15,D1,2008,Psme,9.92,41.0,y,,,,,,,,,,,,,,,,,,,,,,,,,,,,,,,,,,
AX15,D1,2008,Tshe,2.23,41.4,y,,,,,,,,,,,,,,,,,,,,,,,,,,,,,,,,,,
AX15,D1,2008,Psme,7.15,42.6,n,,,,,,,,,,,,,,,,,,,,,,,,,,,,,,,,,,
AX15,D1,2008,Tshe,8.89,43.6,y,,,,,,,,,,,,,,,,,,,,,,,,,,,,,,,,,,
AX15,D1,2008,Psme,7.35,44.8,y,,,,,,,,,,,,,,,,,,,,,,,,,,,,,,,,,,
AX15,D1,2008,Tshe,5.84,47.0,y,,,,,,,,,,,,,,,,,,,,,,,,,,,,,,,,,,
AX15,D1,2008,Tshe,8.31,50.0,y,,,,,,,,,,,,,,,,,,,,,,,,,,,,,,,,,,
AX15,D10,2008,Tshe,4.5,10.7,n,,,,,,,,,,,,,,,,,,,,,,,,,,,,,,,,,,
AX15,D10,2008,Tshe,7.55,11.8,n,,,,,,,,,,,,,,,,,,,,,,,,,,,,,,,,,,
AX15,D10,2008,Tshe,7.66,14.9,n,,,,,,,,,,,,,,,,,,,,,,,,,,,,,,,,,,
AX15,D10,2008,Abam,4.86,21.7,n,,,,,,,,,,,,,,,,,,,,,,,,,,,,,,,,,,
AX15,D10,2008,Tshe,4.03,26.8,n,,,,,,,,,,,,,,,,,,,,,,,,,,,,,,,,,,
AX15,D10,2008,Tshe,6.98,28.8,n,,,,,,,,,,,,,,,,,,,,,,,,,,,,,,,,,,
AX15,D10,2008,Tshe,5.48,40.1,n,,,,,,,,,,,,,,,,,,,,,,,,,,,,,,,,,,
AX15,D10,2008,Psme,9.92,50.8,y,,,,,,,,,,,,,,,,,,,,,,,,,,,,,,,,,,
AX15,D10,2008,Psme,6.15,52.5,y,,,,,,,,,,,,,,,,,,,,,,,,,,,,,,,,,,
AX15,D10,2008,Psme,4.6,55.2,y,,,,,,,,,,,,,,,,,,,,,,,,,,,,,,,,,,
AX15,D10,2008,Psme,7.57,55.5,y,,,,,,,,,,,,,,,,,,,,,,,,,,,,,,,,,,
AX15,D10,2008,Psme,6.04,55.7,y,,,,,,,,,,,,,,,,,,,,,,,,,,,,,,,,,,
AX15,D10,2008,Thpl,4.63,56.9,n,D9,,,,,,,,,,,,,,,,,,,,,,,,,,,,,,,,,
AX15,D10,2008,Tshe,8.2,66.0,y,,,,,,,,,,,,,,,,,,,,,,,,,,,,,,,,,,
AX15,D11,2008,Tshe,9.94,12.8,n,,,,,,,,,,,,,,,,,,,,,,,,,,,,,,,,,,
AX15,D11,2008,Tshe,5.38,13.0,n,,,,,,,,,,,,,,,,,,,,,,,,,,,,,,,,,,
AX15,D11,2008,Tshe,4.48,13.6,y,,,,,,,,,,,,,,,,,,,,,,,,,,,,,,,,,,
AX15,D11,2008,Tshe,7.68,16.3,n,,,,,,,,,,,,,,,,,,,,,,,,,,,,,,,,,,
AX15,D11,2008,Tshe,5.23,18.4,n,,,,,,,,,,,,,,,,,,,,,,,,,,,,,,,,,,
AX15,D11,2008,Tshe,7.9,19.4,n,,,,,,,,,,,,,,,,,,,,,,,,,,,,,,,,,,
AX15,D11,2008,Tshe,7.56,19.8,n,,,,,,,,,,,,,,,,,,,,,,,,,,,,,,,,,,
AX15,D11,2008,Tshe,5.03,20.5,n,,,,,,,,,,,,,,,,,,,,,,,,,,,,,,,,,,
AX15,D11,2008,Tshe,7.95,22.0,n,,,,,,,,,,,,,,,,,,,,,,,,,,,,,,,,,,
AX15,D11,2008,Tshe,4.01,24.2,n,,,,,,,,,,,,,,,,,,,,,,,,,,,,,,,,,,
AX15,D11,2008,Tshe,5.66,25.4,n,,,,,,,,,,,,,,,,,,,,,,,,,,,,,,,,,,
AX15,D11,2008,Tshe,8.54,25.5,n,,,,,,,,,,,,,,,,,,,,,,,,,,,,,,,,,,
AX15,D11,2008,Tshe,0.72,30.7,n,,,,,,,,,,,,,,,,,,,,,,,,,,,,,,,,,,
AX15,D11,2008,Tshe,1.5,32.5,y,,,,,,,,,,,,,,,,,,,,,,,,,,,,,,,,,,
AX15,D11,2008,Psme,5.6,41.2,n,,,,,,,,,,,,,,,,,,,,,,,,,,,,,,,,,,
AX15,D11,2008,Psme,9.61,45.6,y,,,,,,,,,,,,,,,,,,,,,,,,,,,,,,,,,,
AX15,D11,2008,Psme,9.73,46.3,y,,,,,,,,,,,,,,,,,,,,,,,,,,,,,,,,,,
AX15,D11,2008,Psme,3.87,49.1,y,,,,,,,,,,,,,,,,,,,,,,,,,,,,,,,,,,
AX15,D11,2008,Thpl,8.51,50.7,y,D12,,,,,,,,,,,,,,,,,,,,,,,,,,,,,,,,,
AX15,D11,2008,Tshe,7.6,56.0,y,,,,,,,,,,,,,,,,,,,,,,,,,,,,,,,,,,
AX15,D11,2008,Psme,9.02,56.7,y,,,,,,,,,,,,,,,,,,,,,,,,,,,,,,,,,,
AX15,D11,2008,Tshe,6.49,57.8,y,,,,,,,,,,,,,,,,,,,,,,,,,,,,,,,,,,
AX15,D11,2008,Tshe,5.47,38.6,n,,,,,,,,,,,,,,,,,,,,,,,,,,,,,,,,,,
AX15,D12,2008,Tshe,9.45,19.5,n,,,,,,,,,,,,,,,,,,,,,,,,,,,,,,,,,,
AX15,D12,2008,Thse,4.25,19.9,n,,,,,,,,,,,,,,,,,,,,,,,,,,,,,,,,,,
AX15,D12,2008,Tshe,6.57,24.1,n,,,,,,,,,,,,,,,,,,,,,,,,,,,,,,,,,,
AX15,D12,2008,Tshe,3.68,28.9,n,,,,,,,,,,,,,,,,,,,,,,,,,,,,,,,,,,
AX15,D12,2008,Tshe,8.7,30.5,n,,,,,,,,,,,,,,,,,,,,,,,,,,,,,,,,,,
AX15,D12,2008,Tshe,8.85,30.7,n,,,,,,,,,,,,,,,,,,,,,,,,,,,,,,,,,,
AX15,D12,2008,Tshe,8.8,32.5,y,,,,,,,,,,,,,,,,,,,,,,,,,,,,,,,,,,
AX15,D12,2008,Tshe,7.19,38.6,n,,,,,,,,,,,,,,,,,,,,,,,,,,,,,,,,,,
AX15,D12,2008,Tshe,6.24,38.7,y,,,,,,,,,,,,,,,,,,,,,,,,,,,,,,,,,,
AX15,D12,2008,Tshe,7.21,41.0,y,,,,,,,,,,,,,,,,,,,,,,,,,,,,,,,,,,
AX15,D12,2008,Psme,5.29,41.2,y,,,,,,,,,,,,,,,,,,,,,,,,,,,,,,,,,,
AX15,D12,2008,Psme,8.5,55.2,y,D11,,,,,,,,,,,,,,,,,,,,,,,,,,,,,,,,,
AX15,D12,2008,Psme,4.05,55.6,y,,,,,,,,,,,,,,,,,,,,,,,,,,,,,,,,,,
AX15,D12,2008,Psme,6.16,57.3,y,,,,,,,,,,,,,,,,,,,,,,,,,,,,,,,,,,
AX15,D12,2008,Psme,9.93,72.4,y,,,,,,,,,,,,,,,,,,,,,,,,,,,,,,,,,,
AX15,D13,2008,Thpl,3.56,11.8,n,,,,,,,,,,,,,,,,,,,,,,,,,,,,,,,,,,
AX15,D13,2008,Tshe,3.83,12.8,n,,,,,,,,,,,,,,,,,,,,,,,,,,,,,,,,,,
AX15,D13,2008,Tshe,9.06,13.6,n,,,,,,,,,,,,,,,,,,,,,,,,,,,,,,,,,,
AX15,D13,2008,Tshe,2.7,14.4,n,,,,,,,,,,,,,,,,,,,,,,,,,,,,,,,,,,
AX15,D13,2008,Tshe,6.53,14.8,n,,,,,,,,,,,,,,,,,,,,,,,,,,,,,,,,,,
AX15,D13,2008,Tshe,1.68,15.9,n,,,,,,,,,,,,,,,,,,,,,,,,,,,,,,,,,,
AX15,D13,2008,Tshe,8,19.3,n,,,,,,,,,,,,,,,,,,,,,,,,,,,,,,,,,,
AX15,D13,2008,Tshe,3.96,20.4,n,,,,,,,,,,,,,,,,,,,,,,,,,,,,,,,,,,
AX15,D13,2008,Tshe,6.64,22.8,n,,,,,,,,,,,,,,,,,,,,,,,,,,,,,,,,,,
AX15,D13,2008,Tshe,8.83,23.1,n,,,,,,,,,,,,,,,,,,,,,,,,,,,,,,,,,,
AX15,D13,2008,Tshe,7.81,28.8,n,,,,,,,,,,,,,,,,,,,,,,,,,,,,,,,,,,
AX15,D13,2008,Tshe,3.23,31.2,n,,,,,,,,,,,,,,,,,,,,,,,,,,,,,,,,,,
AX15,D13,2008,Tshe,9.79,31.4,n,,,,,,,,,,,,,,,,,,,,,,,,,,,,,,,,,,
AX15,D13,2008,Tshe,4.94,32.4,n,,,,,,,,,,,,,,,,,,,,,,,,,,,,,,,,,,
AX15,D13,2008,Tshe,3.09,36.0,n,,,,,,,,,,,,,,,,,,,,,,,,,,,,,,,,,,
AX15,D13,2008,Tshe,7.1,36.5,y,,,,,,,,,,,,,,,,,,,,,,,,,,,,,,,,,,
AX15,D13,2008,Tshe,5.91,37.5,y,,,,,,,,,,,,,,,,,,,,,,,,,,,,,,,,,,
AX15,D13,2008,Psme,6.17,40.0,y,,,,,,,,,,,,,,,,,,,,,,,,,,,,,,,,,,
AX15,D13,2008,Thpl,7.58,46.5,y,,,,,,,,,,,,,,,,,,,,,,,,,,,,,,,,,,
AX15,D13,2008,Psme,4.87,48.0,y,,,,,,,,,,,,,,,,,,,,,,,,,,,,,,,,,,
AX15,D14,2008,Tshe,1.66,13.5,n,,,,,,,,,,,,,,,,,,,,,,,,,,,,,,,,,,
AX15,D14,2008,Tshe,5.42,14.7,n,,,,,,,,,,,,,,,,,,,,,,,,,,,,,,,,,,
AX15,D14,2008,Thpl,3.61,17.8,n,,,,,,,,,,,,,,,,,,,,,,,,,,,,,,,,,,
AX15,D14,2008,Tshe,8.11,19.5,n,,,,,,,,,,,,,,,,,,,,,,,,,,,,,,,,,,
AX15,D14,2008,Tshe,5.94,19.9,n,,,,,,,,,,,,,,,,,,,,,,,,,,,,,,,,,,
AX15,D14,2008,Thpl,7.77,20.1,n,,,,,,,,,,,,,,,,,,,,,,,,,,,,,,,,,,
AX15,D14,2008,Tshe,8.02,20.6,n,,,,,,,,,,,,,,,,,,,,,,,,,,,,,,,,,,
AX15,D14,2008,Tshe,3.68,21.4,n,,,,,,,,,,,,,,,,,,,,,,,,,,,,,,,,,,
AX15,D14,2008,Tshe,8.39,21.8,n,,,,,,,,,,,,,,,,,,,,,,,,,,,,,,,,,,
AX15,D14,2008,Tshe,1.52,26.0,n,,,,,,,,,,,,,,,,,,,,,,,,,,,,,,,,,,
AX15,D14,2008,Tshe,8.98,29.0,n,,,,,,,,,,,,,,,,,,,,,,,,,,,,,,,,,,
AX15,D14,2008,Psme,3.91,32.0,n,,,,,,,,,,,,,,,,,,,,,,,,,,,,,,,,,,
AX15,D14,2008,Tshe,6.06,32.1,n,,,,,,,,,,,,,,,,,,,,,,,,,,,,,,,,,,
AX15,D14,2008,Tshe,1.31,33.0,n,,,,,,,,,,,,,,,,,,,,,,,,,,,,,,,,,,
AX15,D14,2008,Psme,9.41,33.5,n,,,,,,,,,,,,,,,,,,,,,,,,,,,,,,,,,,
AX15,D14,2008,Psme,7.23,37.9,n,,,,,,,,,,,,,,,,,,,,,,,,,,,,,,,,,,
AX15,D14,2008,Tshe,3.19,38.0,n,,,,,,,,,,,,,,,,,,,,,,,,,,,,,,,,,,
AX15,D14,2008,Tshe,8.34,41.0,y,,,,,,,,,,,,,,,,,,,,,,,,,,,,,,,,,,
AX15,D14,2008,Tshe,8.7,42.7,y,,,,,,,,,,,,,,,,,,,,,,,,,,,,,,,,,,
AX15,D14,2008,Tshe,8.68,44.0,y,,,,,,,,,,,,,,,,,,,,,,,,,,,,,,,,,,
AX15,D14,2008,Tshe,5.85,46.9,y,,,,,,,,,,,,,,,,,,,,,,,,,,,,,,,,,,
AX15,D14,2008,Tshe,5.17,47.0,y,,,,,,,,,,,,,,,,,,,,,,,,,,,,,,,,,,
AX15,D14,2008,Psme,6.09,50.0,y,,,,,,,,,,,,,,,,,,,,,,,,,,,,,,,,,,
AX15,D14,2008,Tshe,6.79,53.9,y,,,,,,,,,,,,,,,,,,,,,,,,,,,,,,,,,,
AX15,D14,2008,Tshe,8.76,60.9,y,,,,,,,,,,,,,,,,,,,,,,,,,,,,,,,,,,
AX15,D15,2008,Tshe,9.39,12.8,n,,,,,,,,,,,,,,,,,,,,,,,,,,,,,,,,,,
AX15,D15,2008,Tshe,8.85,13.2,n,,,,,,,,,,,,,,,,,,,,,,,,,,,,,,,,,,
AX15,D15,2008,Thpl,6.17,17.6,n,,,,,,,,,,,,,,,,,,,,,,,,,,,,,,,,,,
AX15,D15,2008,Tshe,7.69,18.2,n,,,,,,,,,,,,,,,,,,,,,,,,,,,,,,,,,,
AX15,D15,2008,Tshe,0.85,19.0,n,,,,,,,,,,,,,,,,,,,,,,,,,,,,,,,,,,
AX15,D15,2008,Tshe,5.67,19.4,n,,,,,,,,,,,,,,,,,,,,,,,,,,,,,,,,,,
AX15,D15,2008,Thpl,4.93,19.8,n,,,,,,,,,,,,,,,,,,,,,,,,,,,,,,,,,,
AX15,D15,2008,Tshe,1.37,19.9,n,,,,,,,,,,,,,,,,,,,,,,,,,,,,,,,,,,
AX15,D15,2008,Tshe,8.56,20.3,n,,,,,,,,,,,,,,,,,,,,,,,,,,,,,,,,,,
AX15,D15,2008,Tshe,9,25.7,n,,,,,,,,,,,,,,,,,,,,,,,,,,,,,,,,,,
AX15,D15,2008,Psme,9.67,27.7,n,,,,,,,,,,,,,,,,,,,,,,,,,,,,,,,,,,
AX15,D15,2008,Tshe,4.54,30.8,n,,,,,,,,,,,,,,,,,,,,,,,,,,,,,,,,,,
AX15,D15,2008,Psme,1.7,32.4,n,,,,,,,,,,,,,,,,,,,,,,,,,,,,,,,,,,
AX15,D15,2008,Tshe,6.04,32.8,n,,,,,,,,,,,,,,,,,,,,,,,,,,,,,,,,,,
AX15,D15,2008,Psme,5.04,37.3,n,,,,,,,,,,,,,,,,,,,,,,,,,,,,,,,,,,
AX15,D15,2008,Psme,4.74,38.0,n,,,,,,,,,,,,,,,,,,,,,,,,,,,,,,,,,,
AX15,D15,2008,Tshe,1.32,45.1,n,,,,,,,,,,,,,,,,,,,,,,,,,,,,,,,,,,
AX15,D15,2008,Tshe,6.48,48.0,y,,,,,,,,,,,,,,,,,,,,,,,,,,,,,,,,,,
AX15,D15,2008,Psme,7.24,54.9,y,,,,,,,,,,,,,,,,,,,,,,,,,,,,,,,,,,
AX15,D15,2008,Tshe,6.59,74.4,y,,,,,,,,,,,,,,,,,,,,,,,,,,,,,,,,,,
AX15,D16,2008,Tshe,3.61,10.4,n,,,,,,,,,,,,,,,,,,,,,,,,,,,,,,,,,,
AX15,D16,2008,Tshe,6.61,13.6,n,,,,,,,,,,,,,,,,,,,,,,,,,,,,,,,,,,
AX15,D16,2008,Tshe,7.38,15.1,n,,,,,,,,,,,,,,,,,,,,,,,,,,,,,,,,,,
AX15,D16,2008,Tshe,7.34,17.1,n,,,,,,,,,,,,,,,,,,,,,,,,,,,,,,,,,,
AX15,D16,2008,Tshe,5.48,19.1,n,,,,,,,,,,,,,,,,,,,,,,,,,,,,,,,,,,
AX15,D16,2008,Tshe,3.13,20.8,n,,,,,,,,,,,,,,,,,,,,,,,,,,,,,,,,,,
AX15,D16,2008,Tshe,8.48,23.0,n,,,,,,,,,,,,,,,,,,,,,,,,,,,,,,,,,,
AX15,D16,2008,Thpl,9.76,23.8,n,,,,,,,,,,,,,,,,,,,,,,,,,,,,,,,,,,
AX15,D16,2008,Tshe,7.46,25.2,n,,,,,,,,,,,,,,,,,,,,,,,,,,,,,,,,,,
AX15,D16,2008,Tshe,6.82,27.5,n,,,,,,,,,,,,,,,,,,,,,,,,,,,,,,,,,,
AX15,D16,2008,Tshe,9.37,28.0,n,,,,,,,,,,,,,,,,,,,,,,,,,,,,,,,,,,
AX15,D16,2008,Tshe,4.54,28.0,y,,,,,,,,,,,,,,,,,,,,,,,,,,,,,,,,,,
AX15,D16,2008,Tshe,2.79,30.7,n,,,,,,,,,,,,,,,,,,,,,,,,,,,,,,,,,,
AX15,D16,2008,Tshe,4.38,33.2,y,,,,,,,,,,,,,,,,,,,,,,,,,,,,,,,,,,
AX15,D16,2008,Tshe,2.03,35.9,n,,,,,,,,,,,,,,,,,,,,,,,,,,,,,,,,,,
AX15,D16,2008,Tshe,4.54,37.0,y,,,,,,,,,,,,,,,,,,,,,,,,,,,,,,,,,,
AX15,D16,2008,Tshe,7.55,41.4,n,,,,,,,,,,,,,,,,,,,,,,,,,,,,,,,,,,
AX15,D16,2008,Psme,9.04,47.1,y,,,,,,,,,,,,,,,,,,,,,,,,,,,,,,,,,,
AX15,D16,2008,Psme,7.71,48.1,y,,,,,,,,,,,,,,,,,,,,,,,,,,,,,,,,,,
AX15,D17,2008,Tshe,7.96,13.0,n,,,,,,,,,,,,,,,,,,,,,,,,,,,,,,,,,,
AX15,D17,2008,Thpl,8.6,13.7,n,,,,,,,,,,,,,,,,,,,,,,,,,,,,,,,,,,
AX15,D17,2008,Tshe,3.6,14.5,n,,,,,,,,,,,,,,,,,,,,,,,,,,,,,,,,,,
AX15,D17,2008,Tshe,4.9,15.4,n,,,,,,,,,,,,,,,,,,,,,,,,,,,,,,,,,,
AX15,D17,2008,Tshe,8.17,19.1,n,,,,,,,,,,,,,,,,,,,,,,,,,,,,,,,,,,
AX15,D17,2008,Tshe,6.23,21.0,n,,,,,,,,,,,,,,,,,,,,,,,,,,,,,,,,,,
AX15,D17,2008,Psme,7.56,22.0,n,,,,,,,,,,,,,,,,,,,,,,,,,,,,,,,,,,
AX15,D17,2008,Tshe,5.76,23.1,n,,,,,,,,,,,,,,,,,,,,,,,,,,,,,,,,,,
AX15,D17,2008,Tshe,6.73,23.2,n,,,,,,,,,,,,,,,,,,,,,,,,,,,,,,,,,,
AX15,D17,2008,Tshe,8.47,23.4,n,,,,,,,,,,,,,,,,,,,,,,,,,,,,,,,,,,
AX15,D17,2008,Tshe,4.68,29.5,n,,,,,,,,,,,,,,,,,,,,,,,,,,,,,,,,,,
AX15,D17,2008,Psme,7.5,34.5,y,,,,,,,,,,,,,,,,,,,,,,,,,,,,,,,,,,
AX15,D17,2008,Tshe,9.9,44.0,y,,,,,,,,,,,,,,,,,,,,,,,,,,,,,,,,,,
AX15,D17,2008,Tshe,8.03,46.2,y,,,,,,,,,,,,,,,,,,,,,,,,,,,,,,,,,,
AX15,D17,2008,Psme,4.2,47.0,y,,,,,,,,,,,,,,,,,,,,,,,,,,,,,,,,,,
AX15,D17,2008,Tshe,5.33,47.0,y,,,,,,,,,,,,,,,,,,,,,,,,,,,,,,,,,,
AX15,D17,2008,Psme,7.7,49.3,y,,,,,,,,,,,,,,,,,,,,,,,,,,,,,,,,,,
AX15,D17,2008,Psme,5.4,51.9,n,,,,,,,,,,,,,,,,,,,,,,,,,,,,,,,,,,
AX15,D18,2008,Tshe,5.2,11.1,n,,,,,,,,,,,,,,,,,,,,,,,,,,,,,,,,,,
AX15,D18,2008,Tshe,7.33,11.6,n,,,,,,,,,,,,,,,,,,,,,,,,,,,,,,,,,,
AX15,D18,2008,Thpl,4.98,12.5,n,,,,,,,,,,,,,,,,,,,,,,,,,,,,,,,,,,
AX15,D18,2008,Tshe,2.45,13.0,n,,,,,,,,,,,,,,,,,,,,,,,,,,,,,,,,,,
AX15,D18,2008,Thpl,1.66,13.7,n,,,,,,,,,,,,,,,,,,,,,,,,,,,,,,,,,,
AX15,D18,2008,Tshe,7.62,19.0,n,,,,,,,,,,,,,,,,,,,,,,,,,,,,,,,,,,
AX15,D18,2008,Psme,8.05,20.3,n,,,,,,,,,,,,,,,,,,,,,,,,,,,,,,,,,,
AX15,D18,2008,Tshe,6.2,20.6,n,,,,,,,,,,,,,,,,,,,,,,,,,,,,,,,,,,
AX15,D18,2008,Tshe,9.37,21.3,n,,,,,,,,,,,,,,,,,,,,,,,,,,,,,,,,,,
AX15,D18,2008,Tshe,8.88,26.2,n,,,,,,,,,,,,,,,,,,,,,,,,,,,,,,,,,,
AX15,D18,2008,Thpl,2.79,26.4,n,,,,,,,,,,,,,,,,,,,,,,,,,,,,,,,,,,
AX15,D18,2008,Tshe,4.23,26.4,n,,,,,,,,,,,,,,,,,,,,,,,,,,,,,,,,,,
AX15,D18,2008,Tshe,8.68,29.1,n,,,,,,,,,,,,,,,,,,,,,,,,,,,,,,,,,,
AX15,D18,2008,Tshe,6.91,33.2,y,,,,,,,,,,,,,,,,,,,,,,,,,,,,,,,,,,
AX15,D18,2008,Psme,4.46,33.3,n,,,,,,,,,,,,,,,,,,,,,,,,,,,,,,,,,,
AX15,D18,2008,Tshe,7.09,34.7,y,,,,,,,,,,,,,,,,,,,,,,,,,,,,,,,,,,
AX15,D18,2008,Psme,5.91,35.6,y,,,,,,,,,,,,,,,,,,,,,,,,,,,,,,,,,,
AX15,D18,2008,Psme,6.2,38.6,y,,,,,,,,,,,,,,,,,,,,,,,,,,,,,,,,,,
AX15,D18,2008,Psme,6.87,39.4,n,,,,,,,,,,,,,,,,,,,,,,,,,,,,,,,,,,
AX15,D18,2008,Tshe,5.22,39.9,y,,,,,,,,,,,,,,,,,,,,,,,,,,,,,,,,,,
AX15,D18,2008,Tshe,9.86,46.1,y,,,,,,,,,,,,,,,,,,,,,,,,,,,,,,,,,,
AX15,D18,2008,Psme,4.18,49.3,y,,,,,,,,,,,,,,,,,,,,,,,,,,,,,,,,,,
AX15,D19,2008,Tshe,7.88,11.6,n,2 trunks,,,,,,,,,,,,,,,,,,,,,,,,,,,,,,,,,
AX15,D19,2008,Tshe,5.64,11.6,n,,,,,,,,,,,,,,,,,,,,,,,,,,,,,,,,,,
AX15,D19,2008,Psme,8.81,13.5,n,,,,,,,,,,,,,,,,,,,,,,,,,,,,,,,,,,
AX15,D19,2008,Tshe,4.69,16.1,n,,,,,,,,,,,,,,,,,,,,,,,,,,,,,,,,,,
AX15,D19,2008,Tshe,9.44,20.9,n,,,,,,,,,,,,,,,,,,,,,,,,,,,,,,,,,,
AX15,D19,2008,Tshe,5.34,21.0,n,,,,,,,,,,,,,,,,,,,,,,,,,,,,,,,,,,
AX15,D19,2008,Tshe,3.46,22.4,n,,,,,,,,,,,,,,,,,,,,,,,,,,,,,,,,,,
AX15,D19,2008,Tshe,1.51,26.8,n,,,,,,,,,,,,,,,,,,,,,,,,,,,,,,,,,,
AX15,D19,2008,Tshe,7.9,31.8,y,,,,,,,,,,,,,,,,,,,,,,,,,,,,,,,,,,
AX15,D19,2008,Tshe,8.63,33.0,y,,,,,,,,,,,,,,,,,,,,,,,,,,,,,,,,,,
AX15,D19,2008,Tshe,5.69,34.2,y,,,,,,,,,,,,,,,,,,,,,,,,,,,,,,,,,,
AX15,D19,2008,Tshe,7.98,34.3,n,on same tree,,,,,,,,,,,,,,,,,,,,,,,,,,,,,,,,,
AX15,D19,2008,Psme,1.57,34.3,y,,,,,,,,,,,,,,,,,,,,,,,,,,,,,,,,,,
AX15,D19,2008,Tshe,6.19,35.8,y,,,,,,,,,,,,,,,,,,,,,,,,,,,,,,,,,,
AX15,D19,2008,Tshe,3.46,38.0,y,,,,,,,,,,,,,,,,,,,,,,,,,,,,,,,,,,
AX15,D19,2008,Tshe,3.19,38.2,y,,,,,,,,,,,,,,,,,,,,,,,,,,,,,,,,,,
AX15,D19,2008,Psme,9.14,38.6,n,,,,,,,,,,,,,,,,,,,,,,,,,,,,,,,,,,
AX15,D19,2008,Tshe,5.88,38.8,y,,,,,,,,,,,,,,,,,,,,,,,,,,,,,,,,,,
AX15,D2,2008,Tshe,8.31,10.0,n,,,,,,,,,,,,,,,,,,,,,,,,,,,,,,,,,,
AX15,D2,2008,Tshe,6.03,11.3,n,,,,,,,,,,,,,,,,,,,,,,,,,,,,,,,,,,
AX15,D2,2008,Tshe,7.33,11.9,n,,,,,,,,,,,,,,,,,,,,,,,,,,,,,,,,,,
AX15,D2,2008,Tshe,9.5,11.9,n,,,,,,,,,,,,,,,,,,,,,,,,,,,,,,,,,,
AX15,D2,2008,Tshe,3.67,12.6,n,,,,,,,,,,,,,,,,,,,,,,,,,,,,,,,,,,
AX15,D2,2008,Thpl,8.88,14.7,n,,,,,,,,,,,,,,,,,,,,,,,,,,,,,,,,,,
AX15,D2,2008,Tshe,9.69,15.4,n,,,,,,,,,,,,,,,,,,,,,,,,,,,,,,,,,,
AX15,D2,2008,Tshe,9.56,17.2,n,,,,,,,,,,,,,,,,,,,,,,,,,,,,,,,,,,
AX15,D2,2008,Tshe,4.41,19.8,n,,,,,,,,,,,,,,,,,,,,,,,,,,,,,,,,,,
AX15,D2,2008,Tshe,7.17,20.9,n,,,,,,,,,,,,,,,,,,,,,,,,,,,,,,,,,,
AX15,D2,2008,Tshe,2.51,21.0,n,,,,,,,,,,,,,,,,,,,,,,,,,,,,,,,,,,
AX15,D2,2008,Tshe,9.85,22.7,n,,,,,,,,,,,,,,,,,,,,,,,,,,,,,,,,,,
AX15,D2,2008,Tshe,3.29,23.4,n,,,,,,,,,,,,,,,,,,,,,,,,,,,,,,,,,,
AX15,D2,2008,Tshe,6.13,27.1,n,,,,,,,,,,,,,,,,,,,,,,,,,,,,,,,,,,
AX15,D2,2008,Tshe,7.54,27.3,n,,,,,,,,,,,,,,,,,,,,,,,,,,,,,,,,,,
AX15,D2,2008,Psme,8.28,28.7,n,,,,,,,,,,,,,,,,,,,,,,,,,,,,,,,,,,
AX15,D2,2008,Tshe,6.27,30.1,n,,,,,,,,,,,,,,,,,,,,,,,,,,,,,,,,,,
AX15,D2,2008,Psme,9.34,30.7,n,,,,,,,,,,,,,,,,,,,,,,,,,,,,,,,,,,
AX15,D2,2008,Thpl,5.55,35.0,n,,,,,,,,,,,,,,,,,,,,,,,,,,,,,,,,,,
AX15,D2,2008,Psme,4.57,36.8,y,,,,,,,,,,,,,,,,,,,,,,,,,,,,,,,,,,
AX15,D2,2008,Tshe,8.62,37.4,y,,,,,,,,,,,,,,,,,,,,,,,,,,,,,,,,,,
AX15,D2,2008,Tshe,6.86,38.8,y,,,,,,,,,,,,,,,,,,,,,,,,,,,,,,,,,,
AX15,D2,2008,Tshe,6.3,42.0,y,,,,,,,,,,,,,,,,,,,,,,,,,,,,,,,,,,
AX15,D2,2008,Psme,7.78,44.8,y,,,,,,,,,,,,,,,,,,,,,,,,,,,,,,,,,,
AX15,D20,2008,Tshe,9.93,15.8,n,,,,,,,,,,,,,,,,,,,,,,,,,,,,,,,,,,
AX15,D20,2008,Tshe,2.18,11.0,n,,,,,,,,,,,,,,,,,,,,,,,,,,,,,,,,,,
AX15,D20,2008,Tshe,9.21,11.5,n,,,,,,,,,,,,,,,,,,,,,,,,,,,,,,,,,,
AX15,D20,2008,Tshe,8.09,20.4,n,,,,,,,,,,,,,,,,,,,,,,,,,,,,,,,,,,
AX15,D20,2008,Tshe,9.71,24.8,n,,,,,,,,,,,,,,,,,,,,,,,,,,,,,,,,,,
AX15,D20,2008,Psme,3.43,24.9,n,,,,,,,,,,,,,,,,,,,,,,,,,,,,,,,,,,
AX15,D20,2008,Tshe,9.27,26.8,n,,,,,,,,,,,,,,,,,,,,,,,,,,,,,,,,,,
AX15,D20,2008,Tshe,8.68,27.0,n,,,,,,,,,,,,,,,,,,,,,,,,,,,,,,,,,,
AX15,D20,2008,Psme,3.47,27.1,n,,,,,,,,,,,,,,,,,,,,,,,,,,,,,,,,,,
AX15,D20,2008,Psme,9.09,27.8,n,,,,,,,,,,,,,,,,,,,,,,,,,,,,,,,,,,
AX15,D20,2008,Tshe,5.98,28.5,n,,,,,,,,,,,,,,,,,,,,,,,,,,,,,,,,,,
AX15,D20,2008,Psme,4.84,33.8,n,,,,,,,,,,,,,,,,,,,,,,,,,,,,,,,,,,
AX15,D20,2008,Tshe,8.79,34.2,y,,,,,,,,,,,,,,,,,,,,,,,,,,,,,,,,,,
AX15,D20,2008,Tshe,2.93,35.8,y,,,,,,,,,,,,,,,,,,,,,,,,,,,,,,,,,,
AX15,D20,2008,Tshe,3.65,38.8,y,,,,,,,,,,,,,,,,,,,,,,,,,,,,,,,,,,
AX15,D20,2008,Tshe,7.3,47.7,y,,,,,,,,,,,,,,,,,,,,,,,,,,,,,,,,,,
AX15,D20,2008,Psme,6.53,49.4,y,D21,,,,,,,,,,,,,,,,,,,,,,,,,,,,,,,,,
AX15,D21,2008,Tshe,9.11,11.3,n,,,,,,,,,,,,,,,,,,,,,,,,,,,,,,,,,,
AX15,D21,2008,Tshe,7.37,15.6,n,,,,,,,,,,,,,,,,,,,,,,,,,,,,,,,,,,
AX15,D21,2008,Tshe,4.1,20.0,n,,,,,,,,,,,,,,,,,,,,,,,,,,,,,,,,,,
AX15,D21,2008,Tshe,9.1,20.0,n,,,,,,,,,,,,,,,,,,,,,,,,,,,,,,,,,,
AX15,D21,2008,Tshe,1.26,20.5,n,,,,,,,,,,,,,,,,,,,,,,,,,,,,,,,,,,
AX15,D21,2008,Psme,6.04,24.9,n,,,,,,,,,,,,,,,,,,,,,,,,,,,,,,,,,,
AX15,D21,2008,Psme,1.29,25.8,n,,,,,,,,,,,,,,,,,,,,,,,,,,,,,,,,,,
AX15,D21,2008,Tshe,4.06,27.0,n,,,,,,,,,,,,,,,,,,,,,,,,,,,,,,,,,,
AX15,D21,2008,Psme,4.72,27.1,n,,,,,,,,,,,,,,,,,,,,,,,,,,,,,,,,,,
AX15,D21,2008,Tshe,9.92,27.2,n,,,,,,,,,,,,,,,,,,,,,,,,,,,,,,,,,,
AX15,D21,2008,Tshe,2.57,28.5,n,,,,,,,,,,,,,,,,,,,,,,,,,,,,,,,,,,
AX15,D21,2008,Tshe,7.78,29.5,n,,,,,,,,,,,,,,,,,,,,,,,,,,,,,,,,,,
AX15,D21,2008,Psme,5.48,30.0,n,,,,,,,,,,,,,,,,,,,,,,,,,,,,,,,,,,
AX15,D21,2008,Psme,6.94,32.2,n,,,,,,,,,,,,,,,,,,,,,,,,,,,,,,,,,,
AX15,D21,2008,Psme,6.66,34.2,n,,,,,,,,,,,,,,,,,,,,,,,,,,,,,,,,,,
AX15,D21,2008,Tshe,9.67,35.8,n,,,,,,,,,,,,,,,,,,,,,,,,,,,,,,,,,,
AX15,D21,2008,Psme,7.84,37.2,n,,,,,,,,,,,,,,,,,,,,,,,,,,,,,,,,,,
AX15,D21,2008,Tshe,7.5,38.5,y,,,,,,,,,,,,,,,,,,,,,,,,,,,,,,,,,,
AX15,D21,2008,Tshe,7.15,41.1,y,,,,,,,,,,,,,,,,,,,,,,,,,,,,,,,,,,
AX15,D21,2008,Tshe,9.88,42.1,y,,,,,,,,,,,,,,,,,,,,,,,,,,,,,,,,,,
AX15,D21,2008,Tshe,9.22,47.5,y,,,,,,,,,,,,,,,,,,,,,,,,,,,,,,,,,,
AX15,D21,2008,Tshe,9.87,55.2,y,,,,,,,,,,,,,,,,,,,,,,,,,,,,,,,,,,
AX15,D21,2008,Tshe,6.53,56.5,y,,,,,,,,,,,,,,,,,,,,,,,,,,,,,,,,,,
AX15,D21,2008,Tshe,6.17,57.1,y,,,,,,,,,,,,,,,,,,,,,,,,,,,,,,,,,,
AX15,D21,2008,Tshe,8.37,67.4,y,,,,,,,,,,,,,,,,,,,,,,,,,,,,,,,,,,
AX15,D22,2008,Tshe,7.78,10.0,n,,,,,,,,,,,,,,,,,,,,,,,,,,,,,,,,,,
AX15,D22,2008,Tshe,7.73,17.5,n,,,,,,,,,,,,,,,,,,,,,,,,,,,,,,,,,,
AX15,D22,2008,Tshe,8.06,17.8,n,,,,,,,,,,,,,,,,,,,,,,,,,,,,,,,,,,
AX15,D22,2008,Thpl,4.69,19.2,n,,,,,,,,,,,,,,,,,,,,,,,,,,,,,,,,,,
AX15,D22,2008,Tshe,2.61,19.5,n,,,,,,,,,,,,,,,,,,,,,,,,,,,,,,,,,,
AX15,D22,2008,Thpl,7.25,21.5,n,,,,,,,,,,,,,,,,,,,,,,,,,,,,,,,,,,
AX15,D22,2008,Tshe,3.67,21.8,n,,,,,,,,,,,,,,,,,,,,,,,,,,,,,,,,,,
AX15,D22,2008,Tshe,3.36,23.0,n,,,,,,,,,,,,,,,,,,,,,,,,,,,,,,,,,,
AX15,D22,2008,Tshe,9.18,24.2,n,,,,,,,,,,,,,,,,,,,,,,,,,,,,,,,,,,
AX15,D22,2008,Thpl,9.41,24.3,n,,,,,,,,,,,,,,,,,,,,,,,,,,,,,,,,,,
AX15,D22,2008,Thpl,4.04,27.7,n,,,,,,,,,,,,,,,,,,,,,,,,,,,,,,,,,,
AX15,D22,2008,Tshe,7.78,29.2,y,,,,,,,,,,,,,,,,,,,,,,,,,,,,,,,,,,
AX15,D22,2008,Psme,9.78,31.8,n,,,,,,,,,,,,,,,,,,,,,,,,,,,,,,,,,,
AX15,D22,2008,Tshe,8.02,32.1,y,,,,,,,,,,,,,,,,,,,,,,,,,,,,,,,,,,
AX15,D22,2008,Psme,9.7,32.2,y,,,,,,,,,,,,,,,,,,,,,,,,,,,,,,,,,,
AX15,D22,2008,Tshe,7.27,32.9,y,,,,,,,,,,,,,,,,,,,,,,,,,,,,,,,,,,
AX15,D22,2008,Psme,1.68,35.2,y,,,,,,,,,,,,,,,,,,,,,,,,,,,,,,,,,,
AX15,D22,2008,Tshe,8.62,35.6,y,,,,,,,,,,,,,,,,,,,,,,,,,,,,,,,,,,
AX15,D22,2008,Tshe,7.85,37.7,y,,,,,,,,,,,,,,,,,,,,,,,,,,,,,,,,,,
AX15,D22,2008,Thpl,4.57,39.6,n,,,,,,,,,,,,,,,,,,,,,,,,,,,,,,,,,,
AX15,D22,2008,Tshe,3.6,40.2,y,,,,,,,,,,,,,,,,,,,,,,,,,,,,,,,,,,
AX15,D22,2008,Psme,8.77,40.7,y,,,,,,,,,,,,,,,,,,,,,,,,,,,,,,,,,,
AX15,D22,2008,Tshe,2.43,48.5,y,,,,,,,,,,,,,,,,,,,,,,,,,,,,,,,,,,
AX15,D23,2008,Tshe,4.51,10.0,n,,,,,,,,,,,,,,,,,,,,,,,,,,,,,,,,,,
AX15,D23,2008,Tshe,7.29,17.9,n,,,,,,,,,,,,,,,,,,,,,,,,,,,,,,,,,,
AX15,D23,2008,Thpl,6.1,18.5,n,,,,,,,,,,,,,,,,,,,,,,,,,,,,,,,,,,
AX15,D23,2008,Psme,4.66,19.8,n,,,,,,,,,,,,,,,,,,,,,,,,,,,,,,,,,,
AX15,D23,2008,Tshe,4.89,21.5,n,,,,,,,,,,,,,,,,,,,,,,,,,,,,,,,,,,
AX15,D23,2008,Tshe,9.66,23.0,n,,,,,,,,,,,,,,,,,,,,,,,,,,,,,,,,,,
AX15,D23,2008,Tshe,4.8,25.2,n,,,,,,,,,,,,,,,,,,,,,,,,,,,,,,,,,,
AX15,D23,2008,Psme,8,32.3,y,,,,,,,,,,,,,,,,,,,,,,,,,,,,,,,,,,
AX15,D23,2008,Psme,5.51,33.9,n,,,,,,,,,,,,,,,,,,,,,,,,,,,,,,,,,,
AX15,D23,2008,Tshe,5.97,38.0,y,,,,,,,,,,,,,,,,,,,,,,,,,,,,,,,,,,
AX15,D23,2008,Psme,6.06,38.6,y,,,,,,,,,,,,,,,,,,,,,,,,,,,,,,,,,,
AX15,D23,2008,Psme,4.33,40.8,y,,,,,,,,,,,,,,,,,,,,,,,,,,,,,,,,,,
AX15,D23,2008,Psme,9.2,41.5,y,,,,,,,,,,,,,,,,,,,,,,,,,,,,,,,,,,
AX15,D23,2008,Tshe,9.93,42.8,y,,,,,,,,,,,,,,,,,,,,,,,,,,,,,,,,,,
AX15,D23,2008,Psme,8.94,43.6,y,,,,,,,,,,,,,,,,,,,,,,,,,,,,,,,,,,
AX15,D23,2008,Tshe,5.19,44.3,y,,,,,,,,,,,,,,,,,,,,,,,,,,,,,,,,,,
AX15,D24,2008,Abam,3.08,10.4,n,,,,,,,,,,,,,,,,,,,,,,,,,,,,,,,,,,
AX15,D24,2008,Tshe,7.79,10.9,n,,,,,,,,,,,,,,,,,,,,,,,,,,,,,,,,,,
AX15,D24,2008,Tshe,9.4,15.2,n,,,,,,,,,,,,,,,,,,,,,,,,,,,,,,,,,,
AX15,D24,2008,Tshe,8.03,15.5,n,,,,,,,,,,,,,,,,,,,,,,,,,,,,,,,,,,
AX15,D24,2008,Psme,3.33,20.7,n,,,,,,,,,,,,,,,,,,,,,,,,,,,,,,,,,,
AX15,D24,2008,Psme,8.13,22.3,n,,,,,,,,,,,,,,,,,,,,,,,,,,,,,,,,,,
AX15,D24,2008,Tshe,4.28,25.1,n,,,,,,,,,,,,,,,,,,,,,,,,,,,,,,,,,,
AX15,D24,2008,Psme,5.02,33.3,n,,,,,,,,,,,,,,,,,,,,,,,,,,,,,,,,,,
AX15,D24,2008,Psme,4.8,34.0,n,,,,,,,,,,,,,,,,,,,,,,,,,,,,,,,,,,
AX15,D24,2008,Psme,9.47,37.8,y,,,,,,,,,,,,,,,,,,,,,,,,,,,,,,,,,,
AX15,D24,2008,Tshe,9.46,39.9,y,,,,,,,,,,,,,,,,,,,,,,,,,,,,,,,,,,
AX15,D24,2008,Psme,8.34,42.0,n,,,,,,,,,,,,,,,,,,,,,,,,,,,,,,,,,,
AX15,D24,2008,Tshe,8.48,45.5,y,,,,,,,,,,,,,,,,,,,,,,,,,,,,,,,,,,
AX15,D24,2008,Tshe,8.77,45.9,y,,,,,,,,,,,,,,,,,,,,,,,,,,,,,,,,,,
AX15,D24,2008,Psme,9.02,47.5,y,,,,,,,,,,,,,,,,,,,,,,,,,,,,,,,,,,
AX15,D24,2008,Tshe,7.59,47.8,y,,,,,,,,,,,,,,,,,,,,,,,,,,,,,,,,,,
AX15,D24,2008,Tshe,7.74,48.6,y,,,,,,,,,,,,,,,,,,,,,,,,,,,,,,,,,,
AX15,D24,2008,Tshe,2.83,61.0,y,,,,,,,,,,,,,,,,,,,,,,,,,,,,,,,,,,
AX15,D24,2008,Psme,7.54,62.1,y,,,,,,,,,,,,,,,,,,,,,,,,,,,,,,,,,,
AX15,D25,2008,Abam,6.11,14.0,n,,,,,,,,,,,,,,,,,,,,,,,,,,,,,,,,,,
AX15,D25,2008,Tshe,7.62,15.1,n,,,,,,,,,,,,,,,,,,,,,,,,,,,,,,,,,,
AX15,D25,2008,Thpl,8.93,15.1,n,,,,,,,,,,,,,,,,,,,,,,,,,,,,,,,,,,
AX15,D25,2008,Thpl,0.54,16.5,n,,,,,,,,,,,,,,,,,,,,,,,,,,,,,,,,,,
AX15,D25,2008,Tshe,6.37,17.2,n,,,,,,,,,,,,,,,,,,,,,,,,,,,,,,,,,,
AX15,D25,2008,Tshe,9.84,18.1,n,,,,,,,,,,,,,,,,,,,,,,,,,,,,,,,,,,
AX15,D25,2008,Tshe,6.29,18.2,n,,,,,,,,,,,,,,,,,,,,,,,,,,,,,,,,,,
AX15,D25,2008,Thpl,9.81,18.7,n,,,,,,,,,,,,,,,,,,,,,,,,,,,,,,,,,,
AX15,D25,2008,Tshe,7.9,19.0,n,,,,,,,,,,,,,,,,,,,,,,,,,,,,,,,,,,
AX15,D25,2008,Tshe,5.35,19.8,n,,,,,,,,,,,,,,,,,,,,,,,,,,,,,,,,,,
AX15,D25,2008,Thpl,5.43,21.4,n,,,,,,,,,,,,,,,,,,,,,,,,,,,,,,,,,,
AX15,D25,2008,Tshe,5.59,21.9,n,,,,,,,,,,,,,,,,,,,,,,,,,,,,,,,,,,
AX15,D25,2008,Tshe,8.08,27.7,n,,,,,,,,,,,,,,,,,,,,,,,,,,,,,,,,,,
AX15,D25,2008,Abam,6.89,32.1,y,,,,,,,,,,,,,,,,,,,,,,,,,,,,,,,,,,
AX15,D25,2008,Tshe,6.83,38.0,n,,,,,,,,,,,,,,,,,,,,,,,,,,,,,,,,,,
AX15,D25,2008,Tshe,8.74,38.3,y,,,,,,,,,,,,,,,,,,,,,,,,,,,,,,,,,,
AX15,D25,2008,Psme,9.75,39.7,n,,,,,,,,,,,,,,,,,,,,,,,,,,,,,,,,,,
AX15,D25,2008,Psme,5.7,42.5,n,,,,,,,,,,,,,,,,,,,,,,,,,,,,,,,,,,
AX15,D25,2008,Tshe,7.69,43.5,y,,,,,,,,,,,,,,,,,,,,,,,,,,,,,,,,,,
AX15,D25,2008,Psme,8.58,44.8,y,,,,,,,,,,,,,,,,,,,,,,,,,,,,,,,,,,
AX15,D25,2008,Tshe,3.87,50.6,y,,,,,,,,,,,,,,,,,,,,,,,,,,,,,,,,,,
AX15,D25,2008,Psme,2.38,54.3,y,,,,,,,,,,,,,,,,,,,,,,,,,,,,,,,,,,
AX15,D25,2008,Tshe,3.79,54.7,y,,,,,,,,,,,,,,,,,,,,,,,,,,,,,,,,,,
AX15,D25,2008,Psme,6.75,56.1,y,,,,,,,,,,,,,,,,,,,,,,,,,,,,,,,,,,
AX15,D25,2008,Psme,9.09,58.9,y,,,,,,,,,,,,,,,,,,,,,,,,,,,,,,,,,,
AX15,D3,2008,Tshe,9.27,10.8,n,,,,,,,,,,,,,,,,,,,,,,,,,,,,,,,,,,
AX15,D3,2008,Tshe,5.69,11.4,n,,,,,,,,,,,,,,,,,,,,,,,,,,,,,,,,,,
AX15,D3,2008,Thpl,4.62,19.2,n,,,,,,,,,,,,,,,,,,,,,,,,,,,,,,,,,,
AX15,D3,2008,Tshe,7.21,20.3,n,,,,,,,,,,,,,,,,,,,,,,,,,,,,,,,,,,
AX15,D3,2008,Tshe,6.05,22.5,n,,,,,,,,,,,,,,,,,,,,,,,,,,,,,,,,,,
AX15,D3,2008,Tshe,8.99,23.3,n,,,,,,,,,,,,,,,,,,,,,,,,,,,,,,,,,,
AX15,D3,2008,Tshe,8.57,23.9,n,,,,,,,,,,,,,,,,,,,,,,,,,,,,,,,,,,
AX15,D3,2008,Psme,5.55,26.8,n,,,,,,,,,,,,,,,,,,,,,,,,,,,,,,,,,,
AX15,D3,2008,Thpl,4.39,27.2,n,,,,,,,,,,,,,,,,,,,,,,,,,,,,,,,,,,
AX15,D3,2008,Tshe,5.04,27.4,n,,,,,,,,,,,,,,,,,,,,,,,,,,,,,,,,,,
AX15,D3,2008,Psme,5.67,28.1,n,,,,,,,,,,,,,,,,,,,,,,,,,,,,,,,,,,
AX15,D3,2008,Psme,2.52,28.7,n,,,,,,,,,,,,,,,,,,,,,,,,,,,,,,,,,,
AX15,D3,2008,Psme,8.66,30.4,y,,,,,,,,,,,,,,,,,,,,,,,,,,,,,,,,,,
AX15,D3,2008,Tshe,5.28,30.5,y,,,,,,,,,,,,,,,,,,,,,,,,,,,,,,,,,,
AX15,D3,2008,Psme,8.65,33.6,n,,,,,,,,,,,,,,,,,,,,,,,,,,,,,,,,,,
AX15,D3,2008,Psme,7.81,36.0,n,,,,,,,,,,,,,,,,,,,,,,,,,,,,,,,,,,
AX15,D3,2008,Tshe,2.34,36.1,y,,,,,,,,,,,,,,,,,,,,,,,,,,,,,,,,,,
AX15,D3,2008,Psme,7.07,36.8,n,,,,,,,,,,,,,,,,,,,,,,,,,,,,,,,,,,
AX15,D3,2008,Tshe,4.88,38.8,y,,,,,,,,,,,,,,,,,,,,,,,,,,,,,,,,,,
AX15,D3,2008,Tshe,8.25,41.0,y,,,,,,,,,,,,,,,,,,,,,,,,,,,,,,,,,,
AX15,D3,2008,Tshe,9.04,43.3,y,,,,,,,,,,,,,,,,,,,,,,,,,,,,,,,,,,
AX15,D4,2008,Tshe,8.37,11.4,n,,,,,,,,,,,,,,,,,,,,,,,,,,,,,,,,,,
AX15,D4,2008,Tshe,8.41,11.7,n,,,,,,,,,,,,,,,,,,,,,,,,,,,,,,,,,,
AX15,D4,2008,Tshe,4.04,12.3,n,,,,,,,,,,,,,,,,,,,,,,,,,,,,,,,,,,
AX15,D4,2008,Tshe,9.7,12.8,n,,,,,,,,,,,,,,,,,,,,,,,,,,,,,,,,,,
AX15,D4,2008,Tshe,4.03,13.3,n,,,,,,,,,,,,,,,,,,,,,,,,,,,,,,,,,,
AX15,D4,2008,Tshe,4.03,14.0,n,,,,,,,,,,,,,,,,,,,,,,,,,,,,,,,,,,
AX15,D4,2008,Tshe,8.88,15.5,n,,,,,,,,,,,,,,,,,,,,,,,,,,,,,,,,,,
AX15,D4,2008,Thpl,8.47,17.5,n,,,,,,,,,,,,,,,,,,,,,,,,,,,,,,,,,,
AX15,D4,2008,Thpl,7.05,18.3,n,,,,,,,,,,,,,,,,,,,,,,,,,,,,,,,,,,
AX15,D4,2008,Thpl,5.08,19.3,n,,,,,,,,,,,,,,,,,,,,,,,,,,,,,,,,,,
AX15,D4,2008,Tshe,6.43,26.2,n,,,,,,,,,,,,,,,,,,,,,,,,,,,,,,,,,,
AX15,D4,2008,Thpl,3.36,28.0,n,,,,,,,,,,,,,,,,,,,,,,,,,,,,,,,,,,
AX15,D4,2008,Psme,7.99,37.2,n,,,,,,,,,,,,,,,,,,,,,,,,,,,,,,,,,,
AX15,D4,2008,Psme,8.91,41.1,n,,,,,,,,,,,,,,,,,,,,,,,,,,,,,,,,,,
AX15,D4,2008,Psme,5.35,42.4,y,,,,,,,,,,,,,,,,,,,,,,,,,,,,,,,,,,
AX15,D4,2008,Tshe,8.38,48.8,y,,,,,,,,,,,,,,,,,,,,,,,,,,,,,,,,,,
AX15,D4,2008,Tshe,5.82,49.2,n,,,,,,,,,,,,,,,,,,,,,,,,,,,,,,,,,,
AX15,D4,2008,Tshe,3.47,50.4,y,,,,,,,,,,,,,,,,,,,,,,,,,,,,,,,,,,
AX15,D4,2008,Psme,5.56,50.7,y,,,,,,,,,,,,,,,,,,,,,,,,,,,,,,,,,,
AX15,D4,2008,Psme,5.99,53.4,y,,,,,,,,,,,,,,,,,,,,,,,,,,,,,,,,,,
AX15,D4,2008,Tshe,6.66,58.8,y,,,,,,,,,,,,,,,,,,,,,,,,,,,,,,,,,,
AX15,D4,2008,Tshe,7.94,59.0,y,,,,,,,,,,,,,,,,,,,,,,,,,,,,,,,,,,
AX15,D4,2008,Psme,6.2,66.9,y,,,,,,,,,,,,,,,,,,,,,,,,,,,,,,,,,,
AX15,D5,2008,Tshe,9.41,11.3,n,,,,,,,,,,,,,,,,,,,,,,,,,,,,,,,,,,
AX15,D5,2008,Tshe,3.69,14.4,n,,,,,,,,,,,,,,,,,,,,,,,,,,,,,,,,,,
AX15,D5,2008,Tshe,5.89,15.4,n,,,,,,,,,,,,,,,,,,,,,,,,,,,,,,,,,,
AX15,D5,2008,Tshe,8.86,28.0,n,,,,,,,,,,,,,,,,,,,,,,,,,,,,,,,,,,
AX15,D5,2008,Tshe,7.11,37.7,n,,,,,,,,,,,,,,,,,,,,,,,,,,,,,,,,,,
AX15,D5,2008,Tshe,4.29,41.1,n,,,,,,,,,,,,,,,,,,,,,,,,,,,,,,,,,,
AX15,D5,2008,Thpl,6.05,43.3,n,,,,,,,,,,,,,,,,,,,,,,,,,,,,,,,,,,
AX15,D5,2008,Psme,9.43,55.3,y,,,,,,,,,,,,,,,,,,,,,,,,,,,,,,,,,,
AX15,D5,2008,Tshe,7.09,55.8,y,,,,,,,,,,,,,,,,,,,,,,,,,,,,,,,,,,
AX15,D5,2008,Psme,9.2,64.5,y,,,,,,,,,,,,,,,,,,,,,,,,,,,,,,,,,,
AX15,D5,2008,Psme,7.61,71.8,y,,,,,,,,,,,,,,,,,,,,,,,,,,,,,,,,,,
AX15,D5,2008,Populus ,9.03,78.2,y,which populus unknown,,,,,,,,,,,,,,,,,,,,,,,,,,,,,,,,,
AX15,D5,2008,Psme,3.41,84.6,y,,,,,,,,,,,,,,,,,,,,,,,,,,,,,,,,,,
AX15,D5,2008,Psme,6.51,93.0,y,,,,,,,,,,,,,,,,,,,,,,,,,,,,,,,,,,
AX15,D6,2008,Tshe,9.53,14.4,n,,,,,,,,,,,,,,,,,,,,,,,,,,,,,,,,,,
AX15,D6,2008,Tshe,6.83,15.0,n,,,,,,,,,,,,,,,,,,,,,,,,,,,,,,,,,,
AX15,D6,2008,Tshe,7.78,22.2,n,,,,,,,,,,,,,,,,,,,,,,,,,,,,,,,,,,
AX15,D6,2008,Tshe,6.86,28.3,n,,,,,,,,,,,,,,,,,,,,,,,,,,,,,,,,,,
AX15,D6,2008,Tshe,3.26,33.7,n,,,,,,,,,,,,,,,,,,,,,,,,,,,,,,,,,,
AX15,D6,2008,Tshe,9.57,38.5,n,,,,,,,,,,,,,,,,,,,,,,,,,,,,,,,,,,
AX15,D6,2008,Thpl,9.03,62.2,n,,,,,,,,,,,,,,,,,,,,,,,,,,,,,,,,,,
AX15,D6,2008,Tshe,6.11,63.1,n,,,,,,,,,,,,,,,,,,,,,,,,,,,,,,,,,,
AX15,D6,2008,Tshe,5.84,66.3,n,,,,,,,,,,,,,,,,,,,,,,,,,,,,,,,,,,
AX15,D6,2008,Psme,4.4,70.0,y,,,,,,,,,,,,,,,,,,,,,,,,,,,,,,,,,,
AX15,D6,2008,Psme,7.88,92.0,y,,,,,,,,,,,,,,,,,,,,,,,,,,,,,,,,,,
AX15,D6,2008,Psme,1.42,120.1,y,,,,,,,,,,,,,,,,,,,,,,,,,,,,,,,,,,
AX15,D7,2008,Tshe,6.9,22.1,n,,,,,,,,,,,,,,,,,,,,,,,,,,,,,,,,,,
AX15,D7,2008,Tshe,7.69,34.2,y,,,,,,,,,,,,,,,,,,,,,,,,,,,,,,,,,,
AX15,D7,2008,Tshe,6.97,34.3,n,,,,,,,,,,,,,,,,,,,,,,,,,,,,,,,,,,
AX15,D7,2008,Thpl,5.15,35.8,n,,,,,,,,,,,,,,,,,,,,,,,,,,,,,,,,,,
AX15,D7,2008,Tshe,8.98,38.0,n,,,,,,,,,,,,,,,,,,,,,,,,,,,,,,,,,,
AX15,D7,2008,Thpl,5.31,46.5,n,,,,,,,,,,,,,,,,,,,,,,,,,,,,,,,,,,
AX15,D7,2008,Psme,8.09,58.9,n,,,,,,,,,,,,,,,,,,,,,,,,,,,,,,,,,,
AX15,D7,2008,Tshe,3.49,63.2,y,,,,,,,,,,,,,,,,,,,,,,,,,,,,,,,,,,
AX15,D7,2008,Tshe,9.03,66.0,n,D6,,,,,,,,,,,,,,,,,,,,,,,,,,,,,,,,,
AX15,D7,2008,Tshe,7.44,66.2,n,,,,,,,,,,,,,,,,,,,,,,,,,,,,,,,,,,
AX15,D7,2008,Psme,7.7,120.1,y,,,,,,,,,,,,,,,,,,,,,,,,,,,,,,,,,,
AX15,D8,2008,Tshe,8.28,10.1,n,,,,,,,,,,,,,,,,,,,,,,,,,,,,,,,,,,
AX15,D8,2008,Tshe,8.66,10.8,n,,,,,,,,,,,,,,,,,,,,,,,,,,,,,,,,,,
AX15,D8,2008,Tshe,8.19,16.3,n,,,,,,,,,,,,,,,,,,,,,,,,,,,,,,,,,,
AX15,D8,2008,Thpl,4.31,20.4,n,,,,,,,,,,,,,,,,,,,,,,,,,,,,,,,,,,
AX15,D8,2008,Tshe,5.38,23.0,n,,,,,,,,,,,,,,,,,,,,,,,,,,,,,,,,,,
AX15,D8,2008,Abam,9.67,26.0,n,,,,,,,,,,,,,,,,,,,,,,,,,,,,,,,,,,
AX15,D8,2008,Tshe,9.16,26.1,n,,,,,,,,,,,,,,,,,,,,,,,,,,,,,,,,,,
AX15,D8,2008,Tshe,1.14,27.9,n,,,,,,,,,,,,,,,,,,,,,,,,,,,,,,,,,,
AX15,D8,2008,Thpl,5.86,30.9,n,,,,,,,,,,,,,,,,,,,,,,,,,,,,,,,,,,
AX15,D8,2008,Thpl,4.97,34.2,n,,,,,,,,,,,,,,,,,,,,,,,,,,,,,,,,,,
AX15,D8,2008,Tshe,8.89,35.8,n,,,,,,,,,,,,,,,,,,,,,,,,,,,,,,,,,,
AX15,D8,2008,Psme,0.86,38.6,y,,,,,,,,,,,,,,,,,,,,,,,,,,,,,,,,,,
AX15,D8,2008,Psme,3.17,42.3,n,,,,,,,,,,,,,,,,,,,,,,,,,,,,,,,,,,
AX15,D8,2008,Tshe,3.9,42.9,n,,,,,,,,,,,,,,,,,,,,,,,,,,,,,,,,,,
AX15,D8,2008,Tshe,8.42,46.1,n,,,,,,,,,,,,,,,,,,,,,,,,,,,,,,,,,,
AX15,D8,2008,Psme,3.6,56.4,y,,,,,,,,,,,,,,,,,,,,,,,,,,,,,,,,,,
AX15,D8,2008,Psme,7.07,59.6,y,,,,,,,,,,,,,,,,,,,,,,,,,,,,,,,,,,
AX15,D8,2008,Psme,8.04,60.5,y,,,,,,,,,,,,,,,,,,,,,,,,,,,,,,,,,,
AX15,D8,2008,Tshe,6.43,65.1,y,,,,,,,,,,,,,,,,,,,,,,,,,,,,,,,,,,
AX15,D8,2008,Psme,6.26,72.3,y,,,,,,,,,,,,,,,,,,,,,,,,,,,,,,,,,,
AX15,D8,2008,Psme,8.41,74.0,y,,,,,,,,,,,,,,,,,,,,,,,,,,,,,,,,,,
AX15,D9,2008,Tshe,7.04,10.7,n,,,,,,,,,,,,,,,,,,,,,,,,,,,,,,,,,,
AX15,D9,2008,Tshe,5.45,11.0,n,,,,,,,,,,,,,,,,,,,,,,,,,,,,,,,,,,
AX15,D9,2008,Tshe,7.1,16.1,n,,,,,,,,,,,,,,,,,,,,,,,,,,,,,,,,,,
AX15,D9,2008,Abam,9.39,21.7,n,,,,,,,,,,,,,,,,,,,,,,,,,,,,,,,,,,
AX15,D9,2008,Tshe,8.15,26.7,n,,,,,,,,,,,,,,,,,,,,,,,,,,,,,,,,,,
AX15,D9,2008,Tshe,9.74,27.4,n,,,,,,,,,,,,,,,,,,,,,,,,,,,,,,,,,,
AX15,D9,2008,Tshe,6.78,28.3,n,,,,,,,,,,,,,,,,,,,,,,,,,,,,,,,,,,
AX15,D9,2008,Tshe,8,30.0,n,,,,,,,,,,,,,,,,,,,,,,,,,,,,,,,,,,
AX15,D9,2008,Tshe,8.69,36.0,n,,,,,,,,,,,,,,,,,,,,,,,,,,,,,,,,,,
AX15,D9,2008,Tshe,8.19,38.9,n,,,,,,,,,,,,,,,,,,,,,,,,,,,,,,,,,,
AX15,D9,2008,Psme,4.73,53.5,y,,,,,,,,,,,,,,,,,,,,,,,,,,,,,,,,,,
AX15,D9,2008,Psme,8.99,55.2,y,,,,,,,,,,,,,,,,,,,,,,,,,,,,,,,,,,
AX15,D9,2008,Psme,1.46,55.9,y,,,,,,,,,,,,,,,,,,,,,,,,,,,,,,,,,,
AX15,D9,2008,Psme,9.37,56.4,y,,,,,,,,,,,,,,,,,,,,,,,,,,,,,,,,,,
AX15,D9,2008,Psme,7.46,59.7,y,,,,,,,,,,,,,,,,,,,,,,,,,,,,,,,,,,
AX15,D9,2008,Psme,7.99,60.3,y,,,,,,,,,,,,,,,,,,,,,,,,,,,,,,,,,,
AX15,D9,2008,Psme,6.93,67.0,y,,,,,,,,,,,,,,,,,,,,,,,,,,,,,,,,,,
AX15,D9,2008,Tshe,4.51,77.4,y,D10,,,,,,,,,,,,,,,,,,,,,,,,,,,,,,,,,
AV06,E1,2008,Abam,4.71,12.1,n,,,,,,,,,,,,,,,,,,,,,,,,,,,,,,,,,,
AV06,E1,2008,Abam,2.49,12.2,n,,,,,,,,,,,,,,,,,,,,,,,,,,,,,,,,,,
AV06,E1,2008,Abam,9.19,14.4,n,,,,,,,,,,,,,,,,,,,,,,,,,,,,,,,,,,
AV06,E1,2008,Tshe,6.27,14.9,n,,,,,,,,,,,,,,,,,,,,,,,,,,,,,,,,,,
AV06,E1,2008,Abam,7.83,19.2,n,,,,,,,,,,,,,,,,,,,,,,,,,,,,,,,,,,
AV06,E1,2008,Tshe,6.26,19.4,n,,,,,,,,,,,,,,,,,,,,,,,,,,,,,,,,,,
AV06,E1,2008,Abam,7.41,21.2,n,,,,,,,,,,,,,,,,,,,,,,,,,,,,,,,,,,
AV06,E1,2008,Tshe,3.23,21.5,n,,,,,,,,,,,,,,,,,,,,,,,,,,,,,,,,,,
AV06,E1,2008,Abam,9.77,22.4,n,,,,,,,,,,,,,,,,,,,,,,,,,,,,,,,,,,
AV06,E1,2008,Tshe,5.07,25.6,n,,,,,,,,,,,,,,,,,,,,,,,,,,,,,,,,,,
AV06,E1,2008,Abam,7.62,25.8,n,,,,,,,,,,,,,,,,,,,,,,,,,,,,,,,,,,
AV06,E1,2008,Abam,8.63,29.3,n,,,,,,,,,,,,,,,,,,,,,,,,,,,,,,,,,,
AV06,E1,2008,Abam,8.14,30.0,n,,,,,,,,,,,,,,,,,,,,,,,,,,,,,,,,,,
AV06,E1,2008,Tshe,9.01,32.7,n,,,,,,,,,,,,,,,,,,,,,,,,,,,,,,,,,,
AV06,E1,2008,Abam,5.82,33.2,n,,,,,,,,,,,,,,,,,,,,,,,,,,,,,,,,,,
AV06,E1,2008,Abam,8.73,33.9,n,,,,,,,,,,,,,,,,,,,,,,,,,,,,,,,,,,
AV06,E1,2008,Abam,9.62,36.5,y,,,,,,,,,,,,,,,,,,,,,,,,,,,,,,,,,,
AV06,E1,2008,Abam,1.55,39.7,n,,,,,,,,,,,,,,,,,,,,,,,,,,,,,,,,,,
AV06,E1,2008,Abam,8.84,41.8,y,,,,,,,,,,,,,,,,,,,,,,,,,,,,,,,,,,
AV06,E1,2008,Cano,10,64.4,y,,,,,,,,,,,,,,,,,,,,,,,,,,,,,,,,,,
AV06,E10,2008,Abam,7.9,15.4,n,,,,,,,,,,,,,,,,,,,,,,,,,,,,,,,,,,
AV06,E10,2008,Tshe,7.96,17.6,n,,,,,,,,,,,,,,,,,,,,,,,,,,,,,,,,,,
AV06,E10,2008,Tshe,5.84,20.5,n,,,,,,,,,,,,,,,,,,,,,,,,,,,,,,,,,,
AV06,E10,2008,Abam,2.91,34.0,n,,,,,,,,,,,,,,,,,,,,,,,,,,,,,,,,,,
AV06,E10,2008,Abam,2.88,36.3,n,,,,,,,,,,,,,,,,,,,,,,,,,,,,,,,,,,
AV06,E10,2008,Tshe,3.38,37.5,n,,,,,,,,,,,,,,,,,,,,,,,,,,,,,,,,,,
AV06,E10,2008,Abam,9.77,46.4,n,,,,,,,,,,,,,,,,,,,,,,,,,,,,,,,,,,
AV06,E10,2008,Abam,8.37,48.7,n,,,,,,,,,,,,,,,,,,,,,,,,,,,,,,,,,,
AV06,E10,2008,Abam,6.93,52.2,y,,,,,,,,,,,,,,,,,,,,,,,,,,,,,,,,,,
AV06,E10,2008,Abam,4.13,53.2,y,,,,,,,,,,,,,,,,,,,,,,,,,,,,,,,,,,
AV06,E10,2008,Abam,6.75,57.4,y,,,,,,,,,,,,,,,,,,,,,,,,,,,,,,,,,,
AV06,E10,2008,Abam,8.75,58.1,y,,,,,,,,,,,,,,,,,,,,,,,,,,,,,,,,,,
AV06,E10,2008,Psme,9.33,137.4,y,,,,,,,,,,,,,,,,,,,,,,,,,,,,,,,,,,
AV06,E11,2008,Tshe,8.19,10.1,n,,,,,,,,,,,,,,,,,,,,,,,,,,,,,,,,,,
AV06,E11,2008,Tshe,3.34,10.3,n,,,,,,,,,,,,,,,,,,,,,,,,,,,,,,,,,,
AV06,E11,2008,Abam,8.56,10.5,n,,,,,,,,,,,,,,,,,,,,,,,,,,,,,,,,,,
AV06,E11,2008,Tsme,7.8,10.7,n,,,,,,,,,,,,,,,,,,,,,,,,,,,,,,,,,,
AV06,E11,2008,Tshe,4.06,11.2,n,,,,,,,,,,,,,,,,,,,,,,,,,,,,,,,,,,
AV06,E11,2008,Abam,6.77,14.7,n,,,,,,,,,,,,,,,,,,,,,,,,,,,,,,,,,,
AV06,E11,2008,Tshe,6.01,15.3,n,,,,,,,,,,,,,,,,,,,,,,,,,,,,,,,,,,
AV06,E11,2008,Tshe,5.25,18.0,n,,,,,,,,,,,,,,,,,,,,,,,,,,,,,,,,,,
AV06,E11,2008,Abam,9.1,20.8,n,,,,,,,,,,,,,,,,,,,,,,,,,,,,,,,,,,
AV06,E11,2008,Abam,8.47,21.7,n,,,,,,,,,,,,,,,,,,,,,,,,,,,,,,,,,,
AV06,E11,2008,Abam,2.56,23.0,n,,,,,,,,,,,,,,,,,,,,,,,,,,,,,,,,,,
AV06,E11,2008,Abam,9.82,25.1,n,,,,,,,,,,,,,,,,,,,,,,,,,,,,,,,,,,
AV06,E11,2008,Tshe,8.77,28.8,n,,,,,,,,,,,,,,,,,,,,,,,,,,,,,,,,,,
AV06,E11,2008,Tshe,6.83,34.9,n,,,,,,,,,,,,,,,,,,,,,,,,,,,,,,,,,,
AV06,E11,2008,Abam,7.25,39.2,n,,,,,,,,,,,,,,,,,,,,,,,,,,,,,,,,,,
AV06,E11,2008,Abam,2.23,40.0,n,,,,,,,,,,,,,,,,,,,,,,,,,,,,,,,,,,
AV06,E11,2008,Abam,9.96,54.3,y,,,,,,,,,,,,,,,,,,,,,,,,,,,,,,,,,,
AV06,E11,2008,Abam,7.51,64.2,n,,,,,,,,,,,,,,,,,,,,,,,,,,,,,,,,,,
AV06,E12,2008,Abam,7.13,10.7,n,,,,,,,,,,,,,,,,,,,,,,,,,,,,,,,,,,
AV06,E12,2008,Thpl,8.3,11.8,n,,,,,,,,,,,,,,,,,,,,,,,,,,,,,,,,,,
AV06,E12,2008,Abam,8.05,12.3,n,,,,,,,,,,,,,,,,,,,,,,,,,,,,,,,,,,
AV06,E12,2008,Tshe,7.64,13.0,n,,,,,,,,,,,,,,,,,,,,,,,,,,,,,,,,,,
AV06,E12,2008,Tshe,2.11,13.5,n,,,,,,,,,,,,,,,,,,,,,,,,,,,,,,,,,,
AV06,E12,2008,Tshe,6.98,15.5,n,,,,,,,,,,,,,,,,,,,,,,,,,,,,,,,,,,
AV06,E12,2008,Abam,8.89,16.1,n,,,,,,,,,,,,,,,,,,,,,,,,,,,,,,,,,,
AV06,E12,2008,Abam,9.12,16.6,n,,,,,,,,,,,,,,,,,,,,,,,,,,,,,,,,,,
AV06,E12,2008,Abam,9.7,18.1,n,,,,,,,,,,,,,,,,,,,,,,,,,,,,,,,,,,
AV06,E12,2008,Tshe,7.82,19.2,n,,,,,,,,,,,,,,,,,,,,,,,,,,,,,,,,,,
AV06,E12,2008,Abam,7.98,23.0,n,,,,,,,,,,,,,,,,,,,,,,,,,,,,,,,,,,
AV06,E12,2008,Tshe,8.06,23.0,n,,,,,,,,,,,,,,,,,,,,,,,,,,,,,,,,,,
AV06,E12,2008,Tshe,0.89,26.8,n,,,,,,,,,,,,,,,,,,,,,,,,,,,,,,,,,,
AV06,E12,2008,Abam,9.16,32.2,n,,,,,,,,,,,,,,,,,,,,,,,,,,,,,,,,,,
AV06,E12,2008,Abam,8.28,32.3,n,,,,,,,,,,,,,,,,,,,,,,,,,,,,,,,,,,
AV06,E12,2008,Tshe,5.05,33.3,n,,,,,,,,,,,,,,,,,,,,,,,,,,,,,,,,,,
AV06,E12,2008,Tshe,2.92,34.2,n,,,,,,,,,,,,,,,,,,,,,,,,,,,,,,,,,,
AV06,E12,2008,Abam,4.3,35.3,n,,,,,,,,,,,,,,,,,,,,,,,,,,,,,,,,,,
AV06,E12,2008,Tshe,9.87,39.9,n,,,,,,,,,,,,,,,,,,,,,,,,,,,,,,,,,,
AV06,E12,2008,Tshe,9,40.2,y,,,,,,,,,,,,,,,,,,,,,,,,,,,,,,,,,,
AV06,E12,2008,Tshe,8.02,41.1,n,,,,,,,,,,,,,,,,,,,,,,,,,,,,,,,,,,
AV06,E12,2008,Abam,2.45,42.8,n,,,,,,,,,,,,,,,,,,,,,,,,,,,,,,,,,,
AV06,E12,2008,Tshe,2.99,44.4,y,,,,,,,,,,,,,,,,,,,,,,,,,,,,,,,,,,
AV06,E12,2008,Abam,3.24,50.1,y,,,,,,,,,,,,,,,,,,,,,,,,,,,,,,,,,,
AV06,E13,2008,Abam,8.44,11.0,n,,,,,,,,,,,,,,,,,,,,,,,,,,,,,,,,,,
AV06,E13,2008,Abam,9.27,11.0,n,,,,,,,,,,,,,,,,,,,,,,,,,,,,,,,,,,
AV06,E13,2008,Tshe,6.35,11.2,n,,,,,,,,,,,,,,,,,,,,,,,,,,,,,,,,,,
AV06,E13,2008,Tshe,9.6,11.6,n,,,,,,,,,,,,,,,,,,,,,,,,,,,,,,,,,,
AV06,E13,2008,Tshe,5.99,11.7,n,,,,,,,,,,,,,,,,,,,,,,,,,,,,,,,,,,
AV06,E13,2008,Abam,6.73,12.0,n,,,,,,,,,,,,,,,,,,,,,,,,,,,,,,,,,,
AV06,E13,2008,Tshe,4.24,12.1,n,,,,,,,,,,,,,,,,,,,,,,,,,,,,,,,,,,
AV06,E13,2008,Abam,6.8,12.4,n,,,,,,,,,,,,,,,,,,,,,,,,,,,,,,,,,,
AV06,E13,2008,Abam,5.46,13.6,n,,,,,,,,,,,,,,,,,,,,,,,,,,,,,,,,,,
AV06,E13,2008,Tshe,9.44,14.4,n,,,,,,,,,,,,,,,,,,,,,,,,,,,,,,,,,,
AV06,E13,2008,Tshe,7.57,15.1,n,,,,,,,,,,,,,,,,,,,,,,,,,,,,,,,,,,
AV06,E13,2008,Abam,7.5,15.8,n,,,,,,,,,,,,,,,,,,,,,,,,,,,,,,,,,,
AV06,E13,2008,Abam,6.38,17.0,n,,,,,,,,,,,,,,,,,,,,,,,,,,,,,,,,,,
AV06,E13,2008,Tshe,9.79,17.2,n,,,,,,,,,,,,,,,,,,,,,,,,,,,,,,,,,,
AV06,E13,2008,Tshe,6.67,17.5,n,,,,,,,,,,,,,,,,,,,,,,,,,,,,,,,,,,
AV06,E13,2008,Tshe,8.61,18.9,n,,,,,,,,,,,,,,,,,,,,,,,,,,,,,,,,,,
AV06,E13,2008,Abam,8.37,19.6,n,,,,,,,,,,,,,,,,,,,,,,,,,,,,,,,,,,
AV06,E13,2008,Tshe,6.13,20.5,n,,,,,,,,,,,,,,,,,,,,,,,,,,,,,,,,,,
AV06,E13,2008,Abam,7.56,21.9,n,,,,,,,,,,,,,,,,,,,,,,,,,,,,,,,,,,
AV06,E13,2008,Tshe,5.71,24.5,n,,,,,,,,,,,,,,,,,,,,,,,,,,,,,,,,,,
AV06,E13,2008,Abam,5.96,26.0,n,,,,,,,,,,,,,,,,,,,,,,,,,,,,,,,,,,
AV06,E13,2008,Tshe,3.44,39.2,y,,,,,,,,,,,,,,,,,,,,,,,,,,,,,,,,,,
AV06,E13,2008,Tshe,3.46,41.8,n,,,,,,,,,,,,,,,,,,,,,,,,,,,,,,,,,,
AV06,E13,2008,Tshe,6.42,53.9,y,,,,,,,,,,,,,,,,,,,,,,,,,,,,,,,,,,
AV06,E13,2008,Tshe,9.29,62.6,y,,,,,,,,,,,,,,,,,,,,,,,,,,,,,,,,,,
AV06,E13,2008,Thpl,5.9,87.2,y,,,,,,,,,,,,,,,,,,,,,,,,,,,,,,,,,,
AV06,E14,2008,Tshe,4.38,10.1,n,,,,,,,,,,,,,,,,,,,,,,,,,,,,,,,,,,
AV06,E14,2008,Tshe,9.62,11.2,n,,,,,,,,,,,,,,,,,,,,,,,,,,,,,,,,,,
AV06,E14,2008,Abam,9.78,11.6,n,,,,,,,,,,,,,,,,,,,,,,,,,,,,,,,,,,
AV06,E14,2008,Tshe,6,12.4,n,,,,,,,,,,,,,,,,,,,,,,,,,,,,,,,,,,
AV06,E14,2008,Tshe,7.68,12.8,n,,,,,,,,,,,,,,,,,,,,,,,,,,,,,,,,,,
AV06,E14,2008,Abam,3.68,13.5,n,,,,,,,,,,,,,,,,,,,,,,,,,,,,,,,,,,
AV06,E14,2008,Abam,7,13.7,n,,,,,,,,,,,,,,,,,,,,,,,,,,,,,,,,,,
AV06,E14,2008,Tshe,3.78,14.2,n,,,,,,,,,,,,,,,,,,,,,,,,,,,,,,,,,,
AV06,E14,2008,Abam,8.89,15.3,n,,,,,,,,,,,,,,,,,,,,,,,,,,,,,,,,,,
AV06,E14,2008,Abam,4.18,15.4,n,,,,,,,,,,,,,,,,,,,,,,,,,,,,,,,,,,
AV06,E14,2008,Abam,5.28,15.8,n,,,,,,,,,,,,,,,,,,,,,,,,,,,,,,,,,,
AV06,E14,2008,Tshe,6.15,17.7,n,,,,,,,,,,,,,,,,,,,,,,,,,,,,,,,,,,
AV06,E14,2008,Tshe,4.35,21.3,n,,,,,,,,,,,,,,,,,,,,,,,,,,,,,,,,,,
AV06,E14,2008,Abam,5.81,24.7,n,,,,,,,,,,,,,,,,,,,,,,,,,,,,,,,,,,
AV06,E14,2008,Abam,6.71,25.2,n,,,,,,,,,,,,,,,,,,,,,,,,,,,,,,,,,,
AV06,E14,2008,Tshe,3.84,28.0,n,,,,,,,,,,,,,,,,,,,,,,,,,,,,,,,,,,
AV06,E14,2008,Abam,5.45,31.0,y,,,,,,,,,,,,,,,,,,,,,,,,,,,,,,,,,,
AV06,E14,2008,Abam,7.85,31.5,y,,,,,,,,,,,,,,,,,,,,,,,,,,,,,,,,,,
AV06,E14,2008,Abam,4.83,35.1,y,,,,,,,,,,,,,,,,,,,,,,,,,,,,,,,,,,
AV06,E14,2008,Tshe,9.91,41.8,n,,,,,,,,,,,,,,,,,,,,,,,,,,,,,,,,,,
AV06,E14,2008,Tshe,4.06,46.0,y,,,,,,,,,,,,,,,,,,,,,,,,,,,,,,,,,,
AV06,E14,2008,Abam,6.34,64.2,y,E15,,,,,,,,,,,,,,,,,,,,,,,,,,,,,,,,,
AV06,E14,2008,Tshe,8.35,68.6,y,,,,,,,,,,,,,,,,,,,,,,,,,,,,,,,,,,
AV06,E15,2008,Tshe,6.93,10.1,n,,,,,,,,,,,,,,,,,,,,,,,,,,,,,,,,,,
AV06,E15,2008,Tshe,9.63,11.2,n,,,,,,,,,,,,,,,,,,,,,,,,,,,,,,,,,,
AV06,E15,2008,Abam,8.16,12.0,n,,,,,,,,,,,,,,,,,,,,,,,,,,,,,,,,,,
AV06,E15,2008,Abam,0.82,12.4,n,,,,,,,,,,,,,,,,,,,,,,,,,,,,,,,,,,
AV06,E15,2008,Abam,4.68,13.5,n,,,,,,,,,,,,,,,,,,,,,,,,,,,,,,,,,,
AV06,E15,2008,Abam,5.32,13.7,n,,,,,,,,,,,,,,,,,,,,,,,,,,,,,,,,,,
AV06,E15,2008,Tshe,9.69,14.2,n,,,,,,,,,,,,,,,,,,,,,,,,,,,,,,,,,,
AV06,E15,2008,Abam,2.19,15.4,n,,,,,,,,,,,,,,,,,,,,,,,,,,,,,,,,,,
AV06,E15,2008,Abam,6.33,15.7,n,,,,,,,,,,,,,,,,,,,,,,,,,,,,,,,,,,
AV06,E15,2008,Tshe,5.18,17.7,n,,,,,,,,,,,,,,,,,,,,,,,,,,,,,,,,,,
AV06,E15,2008,Abam,9.57,20.0,n,,,,,,,,,,,,,,,,,,,,,,,,,,,,,,,,,,
AV06,E15,2008,Tshe,7.14,21.3,n,,,,,,,,,,,,,,,,,,,,,,,,,,,,,,,,,,
AV06,E15,2008,Abam,4.45,24.7,n,,,,,,,,,,,,,,,,,,,,,,,,,,,,,,,,,,
AV06,E15,2008,Abam,8.07,25.0,n,,,,,,,,,,,,,,,,,,,,,,,,,,,,,,,,,,
AV06,E15,2008,Abam,9.52,28.0,n,,,,,,,,,,,,,,,,,,,,,,,,,,,,,,,,,,
AV06,E15,2008,Abam,7.01,31.1,n,,,,,,,,,,,,,,,,,,,,,,,,,,,,,,,,,,
AV06,E15,2008,Tshe,4.3,41.8,y,,,,,,,,,,,,,,,,,,,,,,,,,,,,,,,,,,
AV06,E15,2008,Tshe,6.14,46.0,y,,,,,,,,,,,,,,,,,,,,,,,,,,,,,,,,,,
AV06,E15,2008,Tshe,6.34,57.6,y,E14,,,,,,,,,,,,,,,,,,,,,,,,,,,,,,,,,
AV06,E16,2008,Tshe,3.59,11.5,n,,,,,,,,,,,,,,,,,,,,,,,,,,,,,,,,,,
AV06,E16,2008,Tshe,7.48,11.9,n,,,,,,,,,,,,,,,,,,,,,,,,,,,,,,,,,,
AV06,E16,2008,Tshe,9.61,12.4,n,,,,,,,,,,,,,,,,,,,,,,,,,,,,,,,,,,
AV06,E16,2008,Tshe,0.82,12.6,n,,,,,,,,,,,,,,,,,,,,,,,,,,,,,,,,,,
AV06,E16,2008,Abam,7.8,15.5,n,,,,,,,,,,,,,,,,,,,,,,,,,,,,,,,,,,
AV06,E16,2008,Abam,5.58,16.9,n,,,,,,,,,,,,,,,,,,,,,,,,,,,,,,,,,,
AV06,E16,2008,Abam,4.09,18.5,n,,,,,,,,,,,,,,,,,,,,,,,,,,,,,,,,,,
AV06,E16,2008,Abam,7.82,25.1,n,,,,,,,,,,,,,,,,,,,,,,,,,,,,,,,,,,
AV06,E16,2008,Abam,2.42,29.2,n,,,,,,,,,,,,,,,,,,,,,,,,,,,,,,,,,,
AV06,E16,2008,Abam,8.06,30.0,n,,,,,,,,,,,,,,,,,,,,,,,,,,,,,,,,,,
AV06,E16,2008,Tshe,8.62,32.0,y,,,,,,,,,,,,,,,,,,,,,,,,,,,,,,,,,,
AV06,E16,2008,Tshe,5.35,36.4,y,,,,,,,,,,,,,,,,,,,,,,,,,,,,,,,,,,
AV06,E16,2008,Thpl,4.16,36.9,n,,,,,,,,,,,,,,,,,,,,,,,,,,,,,,,,,,
AV06,E16,2008,Tshe,9.19,49.5,y,,,,,,,,,,,,,,,,,,,,,,,,,,,,,,,,,,
AV06,E16,2008,Tshe,2.95,61.6,n,no crown,,,,,,,,,,,,,,,,,,,,,,,,,,,,,,,,,
AV06,E17,2008,Abam,6.17,10.7,n,,,,,,,,,,,,,,,,,,,,,,,,,,,,,,,,,,
AV06,E17,2008,Abam,8.88,12.0,n,,,,,,,,,,,,,,,,,,,,,,,,,,,,,,,,,,
AV06,E17,2008,Abam,4.84,13.3,n,,,,,,,,,,,,,,,,,,,,,,,,,,,,,,,,,,
AV06,E17,2008,Abam,3.3,14.0,n,,,,,,,,,,,,,,,,,,,,,,,,,,,,,,,,,,
AV06,E17,2008,Abam,4.59,14.0,n,,,,,,,,,,,,,,,,,,,,,,,,,,,,,,,,,,
AV06,E17,2008,Abam,7.81,15.5,n,,,,,,,,,,,,,,,,,,,,,,,,,,,,,,,,,,
AV06,E17,2008,Abam,6.94,15.7,n,,,,,,,,,,,,,,,,,,,,,,,,,,,,,,,,,,
AV06,E17,2008,Abam,7.05,16.9,n,,,,,,,,,,,,,,,,,,,,,,,,,,,,,,,,,,
AV06,E17,2008,Abam,8.5,17.5,n,,,,,,,,,,,,,,,,,,,,,,,,,,,,,,,,,,
AV06,E17,2008,Tshe,7.07,18.1,n,,,,,,,,,,,,,,,,,,,,,,,,,,,,,,,,,,
AV06,E17,2008,Abam,8.34,18.5,n,,,,,,,,,,,,,,,,,,,,,,,,,,,,,,,,,,
AV06,E17,2008,Tshe,8.46,18.7,n,,,,,,,,,,,,,,,,,,,,,,,,,,,,,,,,,,
AV06,E17,2008,Abam,5.01,30.0,n,,,,,,,,,,,,,,,,,,,,,,,,,,,,,,,,,,
AV06,E17,2008,Tshe,9.34,31.9,n,,,,,,,,,,,,,,,,,,,,,,,,,,,,,,,,,,
AV06,E18,2008,Abam,8.38,11.7,n,,,,,,,,,,,,,,,,,,,,,,,,,,,,,,,,,,
AV06,E18,2008,Tshe,9.87,14.3,n,,,,,,,,,,,,,,,,,,,,,,,,,,,,,,,,,,
AV06,E18,2008,Abam,7.8,15.2,n,,,,,,,,,,,,,,,,,,,,,,,,,,,,,,,,,,
AV06,E18,2008,Abam,5.81,17.3,n,,,,,,,,,,,,,,,,,,,,,,,,,,,,,,,,,,
AV06,E18,2008,Tshe,3.26,17.6,n,,,,,,,,,,,,,,,,,,,,,,,,,,,,,,,,,,
AV06,E18,2008,Tshe,9.85,17.9,n,,,,,,,,,,,,,,,,,,,,,,,,,,,,,,,,,,
AV06,E18,2008,Abam,7.56,18.2,n,,,,,,,,,,,,,,,,,,,,,,,,,,,,,,,,,,
AV06,E18,2008,Tshe,3.61,22.7,n,,,,,,,,,,,,,,,,,,,,,,,,,,,,,,,,,,
AV06,E18,2008,Abam,6.92,23.8,n,,,,,,,,,,,,,,,,,,,,,,,,,,,,,,,,,,
AV06,E18,2008,Abam,8.51,30.1,n,,,,,,,,,,,,,,,,,,,,,,,,,,,,,,,,,,
AV06,E18,2008,Tshe,6.76,30.9,n,,,,,,,,,,,,,,,,,,,,,,,,,,,,,,,,,,
AV06,E18,2008,Abam,7.63,32.3,n,,,,,,,,,,,,,,,,,,,,,,,,,,,,,,,,,,
AV06,E18,2008,Abam,7.07,33.4,n,,,,,,,,,,,,,,,,,,,,,,,,,,,,,,,,,,
AV06,E18,2008,Tshe,8.7,41.2,n,,,,,,,,,,,,,,,,,,,,,,,,,,,,,,,,,,
AV06,E18,2008,Abam,9.86,43.2,n,,,,,,,,,,,,,,,,,,,,,,,,,,,,,,,,,,
AV06,E18,2008,Abam,8.75,45.5,n,,,,,,,,,,,,,,,,,,,,,,,,,,,,,,,,,,
AV06,E18,2008,Abam,7.13,61.4,y,E19,,,,,,,,,,,,,,,,,,,,,,,,,,,,,,,,,
AV06,E18,2008,Abam,7.2,62.0,y,,,,,,,,,,,,,,,,,,,,,,,,,,,,,,,,,,
AV06,E18,2008,Tshe,1.13,81.7,y,,,,,,,,,,,,,,,,,,,,,,,,,,,,,,,,,,
AV06,E18,2008,Psme,7.47,83.5,y,,,,,,,,,,,,,,,,,,,,,,,,,,,,,,,,,,
AV06,E19,2008,Abam,7.75,11.8,n,,,,,,,,,,,,,,,,,,,,,,,,,,,,,,,,,,
AV06,E19,2008,Abam,8.27,11.8,n,,,,,,,,,,,,,,,,,,,,,,,,,,,,,,,,,,
AV06,E19,2008,Abam,9.37,11.9,n,,,,,,,,,,,,,,,,,,,,,,,,,,,,,,,,,,
AV06,E19,2008,Abam,9.56,13.5,n,,,,,,,,,,,,,,,,,,,,,,,,,,,,,,,,,,
AV06,E19,2008,Tshe,2.36,14.3,n,,,,,,,,,,,,,,,,,,,,,,,,,,,,,,,,,,
AV06,E19,2008,Abam,1.1,15.2,n,,,,,,,,,,,,,,,,,,,,,,,,,,,,,,,,,,
AV06,E19,2008,Abam,4.53,16.4,n,,,,,,,,,,,,,,,,,,,,,,,,,,,,,,,,,,
AV06,E19,2008,Abam,9.61,16.9,n,,,,,,,,,,,,,,,,,,,,,,,,,,,,,,,,,,
AV06,E19,2008,Tshe,8.74,17.6,n,,,,,,,,,,,,,,,,,,,,,,,,,,,,,,,,,,
AV06,E19,2008,Tshe,3.78,17.9,n,,,,,,,,,,,,,,,,,,,,,,,,,,,,,,,,,,
AV06,E19,2008,Tshe,6.61,19.8,n,,,,,,,,,,,,,,,,,,,,,,,,,,,,,,,,,,
AV06,E19,2008,Abam,5.41,30.1,n,,,,,,,,,,,,,,,,,,,,,,,,,,,,,,,,,,
AV06,E19,2008,Tshe,1.57,30.9,n,,,,,,,,,,,,,,,,,,,,,,,,,,,,,,,,,,
AV06,E19,2008,Abam,8.02,32.7,n,,,,,,,,,,,,,,,,,,,,,,,,,,,,,,,,,,
AV06,E19,2008,Abam,9.82,33.3,n,,,,,,,,,,,,,,,,,,,,,,,,,,,,,,,,,,
AV06,E19,2008,Tshe,7.61,41.2,n,,,,,,,,,,,,,,,,,,,,,,,,,,,,,,,,,,
AV06,E19,2008,Abam,3.14,43.2,n,,,,,,,,,,,,,,,,,,,,,,,,,,,,,,,,,,
AV06,E19,2008,Abam,3,47.3,y,,,,,,,,,,,,,,,,,,,,,,,,,,,,,,,,,,
AV06,E19,2008,Abam,9.4,50.3,y,,,,,,,,,,,,,,,,,,,,,,,,,,,,,,,,,,
AV06,E19,2008,Abam,6.11,62.0,y,,,,,,,,,,,,,,,,,,,,,,,,,,,,,,,,,,
AV06,E19,2008,Abam,8.52,63.9,y,,,,,,,,,,,,,,,,,,,,,,,,,,,,,,,,,,
AV06,E19,2008,Tshe,9.63,81.7,y,,,,,,,,,,,,,,,,,,,,,,,,,,,,,,,,,,
AV06,E19,2008,Psme,7.13,106.6,y,E18,,,,,,,,,,,,,,,,,,,,,,,,,,,,,,,,,
AV06,E2,2008,Abam,3.38,10.7,n,,,,,,,,,,,,,,,,,,,,,,,,,,,,,,,,,,
AV06,E2,2008,Abam,3.84,11.4,n,,,,,,,,,,,,,,,,,,,,,,,,,,,,,,,,,,
AV06,E2,2008,Abam,5.14,15.0,n,,,,,,,,,,,,,,,,,,,,,,,,,,,,,,,,,,
AV06,E2,2008,Tshe,4.39,16.2,n,,,,,,,,,,,,,,,,,,,,,,,,,,,,,,,,,,
AV06,E2,2008,Abam,9.91,16.5,n,,,,,,,,,,,,,,,,,,,,,,,,,,,,,,,,,,
AV06,E2,2008,Tshe,7.53,17.4,n,,,,,,,,,,,,,,,,,,,,,,,,,,,,,,,,,,
AV06,E2,2008,Abam,6.51,21.0,n,,,,,,,,,,,,,,,,,,,,,,,,,,,,,,,,,,
AV06,E2,2008,Tshe,9.53,21.1,n,,,,,,,,,,,,,,,,,,,,,,,,,,,,,,,,,,
AV06,E2,2008,Abam,5.81,22.3,n,,,,,,,,,,,,,,,,,,,,,,,,,,,,,,,,,,
AV06,E2,2008,Tshe,5.63,23.7,n,,,,,,,,,,,,,,,,,,,,,,,,,,,,,,,,,,
AV06,E2,2008,Abam,6.91,29.3,n,,,,,,,,,,,,,,,,,,,,,,,,,,,,,,,,,,
AV06,E2,2008,Abam,7.71,31.5,n,,,,,,,,,,,,,,,,,,,,,,,,,,,,,,,,,,
AV06,E2,2008,Abam,8.3,31.9,n,,,,,,,,,,,,,,,,,,,,,,,,,,,,,,,,,,
AV06,E2,2008,Abam,4.62,39.0,n,,,,,,,,,,,,,,,,,,,,,,,,,,,,,,,,,,
AV06,E2,2008,Abam,9.12,50.2,y,,,,,,,,,,,,,,,,,,,,,,,,,,,,,,,,,,
AV06,E2,2008,Abam,5.68,60.5,y,,,,,,,,,,,,,,,,,,,,,,,,,,,,,,,,,,
AV06,E2,2008,Abam,9.92,71.0,y,,,,,,,,,,,,,,,,,,,,,,,,,,,,,,,,,,
AV06,E2,2008,Psme,2.24,143.0,y,,,,,,,,,,,,,,,,,,,,,,,,,,,,,,,,,,
AV06,E20,2008,Tshe,1.01,10.7,n,,,,,,,,,,,,,,,,,,,,,,,,,,,,,,,,,,
AV06,E20,2008,Abam,2.8,10.7,n,,,,,,,,,,,,,,,,,,,,,,,,,,,,,,,,,,
AV06,E20,2008,Abam,9.72,10.9,n,,,,,,,,,,,,,,,,,,,,,,,,,,,,,,,,,,
AV06,E20,2008,Abam,7.16,11.0,n,,,,,,,,,,,,,,,,,,,,,,,,,,,,,,,,,,
AV06,E20,2008,Abam,8.74,11.1,n,,,,,,,,,,,,,,,,,,,,,,,,,,,,,,,,,,
AV06,E20,2008,Abam,7.6,11.4,n,,,,,,,,,,,,,,,,,,,,,,,,,,,,,,,,,,
AV06,E20,2008,Abam,6.14,12.0,n,,,,,,,,,,,,,,,,,,,,,,,,,,,,,,,,,,
AV06,E20,2008,Tshe,4,12.1,n,,,,,,,,,,,,,,,,,,,,,,,,,,,,,,,,,,
AV06,E20,2008,Tshe,5.05,15.6,n,,,,,,,,,,,,,,,,,,,,,,,,,,,,,,,,,,
AV06,E20,2008,Tshe,6.23,15.6,n,,,,,,,,,,,,,,,,,,,,,,,,,,,,,,,,,,
AV06,E20,2008,Abam,8.75,17.2,n,,,,,,,,,,,,,,,,,,,,,,,,,,,,,,,,,,
AV06,E20,2008,Thpl,4.16,17.3,n,,,,,,,,,,,,,,,,,,,,,,,,,,,,,,,,,,
AV06,E20,2008,Abam,8.53,18.5,n,,,,,,,,,,,,,,,,,,,,,,,,,,,,,,,,,,
AV06,E20,2008,Tshe,4.94,19.2,n,,,,,,,,,,,,,,,,,,,,,,,,,,,,,,,,,,
AV06,E20,2008,Thpl,4.93,20.3,n,,,,,,,,,,,,,,,,,,,,,,,,,,,,,,,,,,
AV06,E20,2008,Abam,8.91,23.6,n,,,,,,,,,,,,,,,,,,,,,,,,,,,,,,,,,,
AV06,E20,2008,Tshe,4.6,24.1,n,,,,,,,,,,,,,,,,,,,,,,,,,,,,,,,,,,
AV06,E20,2008,Tshe,7.65,27.6,n,,,,,,,,,,,,,,,,,,,,,,,,,,,,,,,,,,
AV06,E20,2008,Abam,7.95,28.4,n,,,,,,,,,,,,,,,,,,,,,,,,,,,,,,,,,,
AV06,E20,2008,Abam,7.79,28.9,n,,,,,,,,,,,,,,,,,,,,,,,,,,,,,,,,,,
AV06,E20,2008,Abam,9.85,31.0,y,,,,,,,,,,,,,,,,,,,,,,,,,,,,,,,,,,
AV06,E20,2008,Abam,5.2,34.6,n,,,,,,,,,,,,,,,,,,,,,,,,,,,,,,,,,,
AV06,E20,2008,Abam,9.05,36.5,y,,,,,,,,,,,,,,,,,,,,,,,,,,,,,,,,,,
AV06,E20,2008,Abam,7.33,45.8,y,,,,,,,,,,,,,,,,,,,,,,,,,,,,,,,,,,
AV06,E20,2008,Abam,4.53,47.7,y,,,,,,,,,,,,,,,,,,,,,,,,,,,,,,,,,,
AV06,E20,2008,Abam,7.75,49.8,y,,,,,,,,,,,,,,,,,,,,,,,,,,,,,,,,,,
AV06,E20,2008,Abam,7.11,50.8,y,,,,,,,,,,,,,,,,,,,,,,,,,,,,,,,,,,
AV06,E20,2008,Abam,5.8,54.8,y,,,,,,,,,,,,,,,,,,,,,,,,,,,,,,,,,,
AV06,E20,2008,Abam,5.31,62.5,y,,,,,,,,,,,,,,,,,,,,,,,,,,,,,,,,,,
AV06,E21,2008,Abam,8.43,10.0,n,,,,,,,,,,,,,,,,,,,,,,,,,,,,,,,,,,
AV06,E21,2008,Abam,5.39,10.3,n,,,,,,,,,,,,,,,,,,,,,,,,,,,,,,,,,,
AV06,E21,2008,Tshe,6.45,10.3,n,,,,,,,,,,,,,,,,,,,,,,,,,,,,,,,,,,
AV06,E21,2008,Tshe,6.94,10.7,n,,,,,,,,,,,,,,,,,,,,,,,,,,,,,,,,,,
AV06,E21,2008,Abam,9.16,11.0,n,,,,,,,,,,,,,,,,,,,,,,,,,,,,,,,,,,
AV06,E21,2008,Abam,4.32,11.7,n,,,,,,,,,,,,,,,,,,,,,,,,,,,,,,,,,,
AV06,E21,2008,Abam,7.82,11.9,n,,,,,,,,,,,,,,,,,,,,,,,,,,,,,,,,,,
AV06,E21,2008,Abam,9.54,12.7,n,,,,,,,,,,,,,,,,,,,,,,,,,,,,,,,,,,
AV06,E21,2008,Tshe,6.18,13.1,n,,,,,,,,,,,,,,,,,,,,,,,,,,,,,,,,,,
AV06,E21,2008,Tshe,8.09,14.6,n,,,,,,,,,,,,,,,,,,,,,,,,,,,,,,,,,,
AV06,E21,2008,Abam,7.54,15.1,n,,,,,,,,,,,,,,,,,,,,,,,,,,,,,,,,,,
AV06,E21,2008,Tshe,1.1,15.3,n,,,,,,,,,,,,,,,,,,,,,,,,,,,,,,,,,,
AV06,E21,2008,Tshe,7.18,19.0,n,,,,,,,,,,,,,,,,,,,,,,,,,,,,,,,,,,
AV06,E21,2008,Tshe,6.59,19.2,n,,,,,,,,,,,,,,,,,,,,,,,,,,,,,,,,,,
AV06,E21,2008,Tshe,8.51,21.5,n,,,,,,,,,,,,,,,,,,,,,,,,,,,,,,,,,,
AV06,E21,2008,Abam,4.58,21.8,n,,,,,,,,,,,,,,,,,,,,,,,,,,,,,,,,,,
AV06,E21,2008,Abam,9.98,23.7,n,,,,,,,,,,,,,,,,,,,,,,,,,,,,,,,,,,
AV06,E21,2008,Abam,3.91,27.7,n,,,,,,,,,,,,,,,,,,,,,,,,,,,,,,,,,,
AV06,E21,2008,Abam,7.49,28.4,n,,,,,,,,,,,,,,,,,,,,,,,,,,,,,,,,,,
AV06,E21,2008,Abam,6.54,33.2,n,,,,,,,,,,,,,,,,,,,,,,,,,,,,,,,,,,
AV06,E21,2008,Abam,9.73,38.2,n,,,,,,,,,,,,,,,,,,,,,,,,,,,,,,,,,,
AV06,E21,2008,Abam,5.85,54.9,y,E23,,,,,,,,,,,,,,,,,,,,,,,,,,,,,,,,,
AV06,E21,2008,Tshe,3.63,70.4,y,E22,,,,,,,,,,,,,,,,,,,,,,,,,,,,,,,,,
AV06,E21,2008,Psme,7.65,115.2,y,,,,,,,,,,,,,,,,,,,,,,,,,,,,,,,,,,
AV06,E21,2008,Psme,9.11,120.3,y,E24,,,,,,,,,,,,,,,,,,,,,,,,,,,,,,,,,
AV06,E22,2008,Abam,6.95,10.0,n,,,,,,,,,,,,,,,,,,,,,,,,,,,,,,,,,,
AV06,E22,2008,Tshe,1.98,10.2,n,,,,,,,,,,,,,,,,,,,,,,,,,,,,,,,,,,
AV06,E22,2008,Tshe,2.2,10.2,n,,,,,,,,,,,,,,,,,,,,,,,,,,,,,,,,,,
AV06,E22,2008,Abam,4.23,10.3,n,,,,,,,,,,,,,,,,,,,,,,,,,,,,,,,,,,
AV06,E22,2008,Abam,8.22,10.9,n,,,,,,,,,,,,,,,,,,,,,,,,,,,,,,,,,,
AV06,E22,2008,Abam,8.34,11.9,n,,,,,,,,,,,,,,,,,,,,,,,,,,,,,,,,,,
AV06,E22,2008,Tshe,2.55,12.1,n,,,,,,,,,,,,,,,,,,,,,,,,,,,,,,,,,,
AV06,E22,2008,Tshe,7.5,13.1,n,,,,,,,,,,,,,,,,,,,,,,,,,,,,,,,,,,
AV06,E22,2008,Abam,9.32,13.6,n,,,,,,,,,,,,,,,,,,,,,,,,,,,,,,,,,,
AV06,E22,2008,Abam,9.94,14.7,n,,,,,,,,,,,,,,,,,,,,,,,,,,,,,,,,,,
AV06,E22,2008,Tshe,3.87,15.3,n,,,,,,,,,,,,,,,,,,,,,,,,,,,,,,,,,,
AV06,E22,2008,Abam,6.65,15.9,n,,,,,,,,,,,,,,,,,,,,,,,,,,,,,,,,,,
AV06,E22,2008,Abam,5.85,17.4,n,,,,,,,,,,,,,,,,,,,,,,,,,,,,,,,,,,
AV06,E22,2008,Tshe,6.65,19.8,n,,,,,,,,,,,,,,,,,,,,,,,,,,,,,,,,,,
AV06,E22,2008,Abam,7.53,22.1,n,,,,,,,,,,,,,,,,,,,,,,,,,,,,,,,,,,
AV06,E22,2008,Abam,8.05,26.2,n,,,,,,,,,,,,,,,,,,,,,,,,,,,,,,,,,,
AV06,E22,2008,Abam,9.89,26.5,n,,,,,,,,,,,,,,,,,,,,,,,,,,,,,,,,,,
AV06,E22,2008,Abam,6.09,28.6,n,,,,,,,,,,,,,,,,,,,,,,,,,,,,,,,,,,
AV06,E22,2008,Abam,7.55,28.8,n,,,,,,,,,,,,,,,,,,,,,,,,,,,,,,,,,,
AV06,E22,2008,Abam,8.15,30.1,n,,,,,,,,,,,,,,,,,,,,,,,,,,,,,,,,,,
AV06,E22,2008,Abam,9.07,48.1,y,,,,,,,,,,,,,,,,,,,,,,,,,,,,,,,,,,
AV06,E22,2008,Abam,6.68,52.0,y,,,,,,,,,,,,,,,,,,,,,,,,,,,,,,,,,,
AV06,E22,2008,Abam,2.91,54.9,y,,,,,,,,,,,,,,,,,,,,,,,,,,,,,,,,,,
AV06,E22,2008,Abam,7.33,60.0,y,,,,,,,,,,,,,,,,,,,,,,,,,,,,,,,,,,
AV06,E22,2008,Thpl,3.63,78.0,y,,,,,,,,,,,,,,,,,,,,,,,,,,,,,,,,,,
AV06,E22,2008,Psme,8.97,115.2,y,,,,,,,,,,,,,,,,,,,,,,,,,,,,,,,,,,
AV06,E22,2008,Psme,7.18,120.3,y,E24,,,,,,,,,,,,,,,,,,,,,,,,,,,,,,,,,
AV06,E23,2008,Abam,3.74,10.0,n,,,,,,,,,,,,,,,,,,,,,,,,,,,,,,,,,,
AV06,E23,2008,Tshe,4.04,10.2,n,,,,,,,,,,,,,,,,,,,,,,,,,,,,,,,,,,
AV06,E23,2008,Tshe,6.01,10.2,n,,,,,,,,,,,,,,,,,,,,,,,,,,,,,,,,,,
AV06,E23,2008,Abam,2.06,10.3,n,,,,,,,,,,,,,,,,,,,,,,,,,,,,,,,,,,
AV06,E23,2008,Tshe,3.82,12.1,n,,,,,,,,,,,,,,,,,,,,,,,,,,,,,,,,,,
AV06,E23,2008,Abam,9,12.5,n,,,,,,,,,,,,,,,,,,,,,,,,,,,,,,,,,,
AV06,E23,2008,Tshe,5.79,13.1,n,,,,,,,,,,,,,,,,,,,,,,,,,,,,,,,,,,
AV06,E23,2008,Abam,5.87,13.6,n,sickly,,,,,,,,,,,,,,,,,,,,,,,,,,,,,,,,,
AV06,E23,2008,Abam,6.66,14.7,n,,,,,,,,,,,,,,,,,,,,,,,,,,,,,,,,,,
AV06,E23,2008,Tshe,5.34,15.3,n,,,,,,,,,,,,,,,,,,,,,,,,,,,,,,,,,,
AV06,E23,2008,Abam,8.58,15.9,n,,,,,,,,,,,,,,,,,,,,,,,,,,,,,,,,,,
AV06,E23,2008,Abam,6.28,17.4,n,,,,,,,,,,,,,,,,,,,,,,,,,,,,,,,,,,
AV06,E23,2008,Tshe,8.73,18.6,n,,,,,,,,,,,,,,,,,,,,,,,,,,,,,,,,,,
AV06,E23,2008,Abam,7.5,19.4,n,,,,,,,,,,,,,,,,,,,,,,,,,,,,,,,,,,
AV06,E23,2008,Tshe,8.89,21.5,n,,,,,,,,,,,,,,,,,,,,,,,,,,,,,,,,,,
AV06,E23,2008,Abam,9.02,22.3,n,,,,,,,,,,,,,,,,,,,,,,,,,,,,,,,,,,
AV06,E23,2008,Abam,9.3,22.4,n,,,,,,,,,,,,,,,,,,,,,,,,,,,,,,,,,,
AV06,E23,2008,Abam,6.72,26.5,n,,,,,,,,,,,,,,,,,,,,,,,,,,,,,,,,,,
AV06,E23,2008,Abam,9.67,28.6,n,,,,,,,,,,,,,,,,,,,,,,,,,,,,,,,,,,
AV06,E23,2008,Abam,4.57,30.1,n,sickly,,,,,,,,,,,,,,,,,,,,,,,,,,,,,,,,,
AV06,E23,2008,Abam,9.92,32.1,n,,,,,,,,,,,,,,,,,,,,,,,,,,,,,,,,,,
AV06,E23,2008,Abam,8.03,37.9,n,,,,,,,,,,,,,,,,,,,,,,,,,,,,,,,,,,
AV06,E23,2008,Abam,5.86,48.1,y,,,,,,,,,,,,,,,,,,,,,,,,,,,,,,,,,,
AV06,E23,2008,Abam,5.24,52.0,y,,,,,,,,,,,,,,,,,,,,,,,,,,,,,,,,,,
AV06,E23,2008,Abam,8.95,60.0,y,,,,,,,,,,,,,,,,,,,,,,,,,,,,,,,,,,
AV06,E23,2008,Tshe,2.91,70.4,y,E22,,,,,,,,,,,,,,,,,,,,,,,,,,,,,,,,,
AV06,E23,2008,Thpl,5.85,78.0,y,E21,,,,,,,,,,,,,,,,,,,,,,,,,,,,,,,,,
AV06,E23,2008,Psme,7.36,115.2,y,,,,,,,,,,,,,,,,,,,,,,,,,,,,,,,,,,
AV06,E24,2008,Tshe,5.1,10.0,n,,,,,,,,,,,,,,,,,,,,,,,,,,,,,,,,,,
AV06,E24,2008,Tshe,6.32,10.0,n,,,,,,,,,,,,,,,,,,,,,,,,,,,,,,,,,,
AV06,E24,2008,Tshe,6.84,10.8,n,,,,,,,,,,,,,,,,,,,,,,,,,,,,,,,,,,
AV06,E24,2008,Abam,1.5,10.9,n,,,,,,,,,,,,,,,,,,,,,,,,,,,,,,,,,,
AV06,E24,2008,Abam,9.65,12.0,n,,,,,,,,,,,,,,,,,,,,,,,,,,,,,,,,,,
AV06,E24,2008,Abam,6.16,12.6,n,,,,,,,,,,,,,,,,,,,,,,,,,,,,,,,,,,
AV06,E24,2008,Abam,6.41,12.7,n,,,,,,,,,,,,,,,,,,,,,,,,,,,,,,,,,,
AV06,E24,2008,Tshe,5.58,14.3,n,,,,,,,,,,,,,,,,,,,,,,,,,,,,,,,,,,
AV06,E24,2008,Abam,8.01,15.7,n,,,,,,,,,,,,,,,,,,,,,,,,,,,,,,,,,,
AV06,E24,2008,Abam,4.52,15.9,n,,,,,,,,,,,,,,,,,,,,,,,,,,,,,,,,,,
AV06,E24,2008,Abam,9.7,16.1,n,,,,,,,,,,,,,,,,,,,,,,,,,,,,,,,,,,
AV06,E24,2008,Abam,8.24,17.0,n,,,,,,,,,,,,,,,,,,,,,,,,,,,,,,,,,,
AV06,E24,2008,Abam,7.55,17.3,n,,,,,,,,,,,,,,,,,,,,,,,,,,,,,,,,,,
AV06,E24,2008,Abam,8.73,17.8,n,,,,,,,,,,,,,,,,,,,,,,,,,,,,,,,,,,
AV06,E24,2008,Tshe,3.26,19.8,n,,,,,,,,,,,,,,,,,,,,,,,,,,,,,,,,,,
AV06,E24,2008,Abam,8.24,22.0,n,,,,,,,,,,,,,,,,,,,,,,,,,,,,,,,,,,
AV06,E24,2008,Abam,2.99,22.4,n,,,,,,,,,,,,,,,,,,,,,,,,,,,,,,,,,,
AV06,E24,2008,Tshe,9.36,25.1,n,,,,,,,,,,,,,,,,,,,,,,,,,,,,,,,,,,
AV06,E24,2008,Abam,0.66,26.2,n,,,,,,,,,,,,,,,,,,,,,,,,,,,,,,,,,,
AV06,E24,2008,Abam,9.54,28.5,n,,,,,,,,,,,,,,,,,,,,,,,,,,,,,,,,,,
AV06,E24,2008,Abam,1.31,28.6,n,,,,,,,,,,,,,,,,,,,,,,,,,,,,,,,,,,
AV06,E24,2008,Abam,4.96,34.8,n,,,,,,,,,,,,,,,,,,,,,,,,,,,,,,,,,,
AV06,E24,2008,Abam,9.73,39.4,n,,,,,,,,,,,,,,,,,,,,,,,,,,,,,,,,,,
AV06,E24,2008,Abam,8.64,42.3,n,,,,,,,,,,,,,,,,,,,,,,,,,,,,,,,,,,
AV06,E24,2008,Abam,4.94,60.0,y,,,,,,,,,,,,,,,,,,,,,,,,,,,,,,,,,,
AV06,E24,2008,Tshe,7.27,70.4,y,E22,,,,,,,,,,,,,,,,,,,,,,,,,,,,,,,,,
AV06,E24,2008,Thpl,9.01,78.0,y,E21,,,,,,,,,,,,,,,,,,,,,,,,,,,,,,,,,
AV06,E25,2008,Abam,3.99,12.0,n,,,,,,,,,,,,,,,,,,,,,,,,,,,,,,,,,,
AV06,E25,2008,Abam,2.79,12.6,n,,,,,,,,,,,,,,,,,,,,,,,,,,,,,,,,,,
AV06,E25,2008,Thpl,8.19,12.7,n,,,,,,,,,,,,,,,,,,,,,,,,,,,,,,,,,,
AV06,E25,2008,Abam,4.01,13.5,n,,,,,,,,,,,,,,,,,,,,,,,,,,,,,,,,,,
AV06,E25,2008,Tshe,3.2,14.7,n,,,,,,,,,,,,,,,,,,,,,,,,,,,,,,,,,,
AV06,E25,2008,Abam,9.06,14.8,n,,,,,,,,,,,,,,,,,,,,,,,,,,,,,,,,,,
AV06,E25,2008,Tshe,3.34,16.4,n,,,,,,,,,,,,,,,,,,,,,,,,,,,,,,,,,,
AV06,E25,2008,Abam,3.99,17.2,n,,,,,,,,,,,,,,,,,,,,,,,,,,,,,,,,,,
AV06,E25,2008,Abam,9.95,17.5,n,,,,,,,,,,,,,,,,,,,,,,,,,,,,,,,,,,
AV06,E25,2008,Abam,8.39,18.5,n,,,,,,,,,,,,,,,,,,,,,,,,,,,,,,,,,,
AV06,E25,2008,Abam,8.36,18.6,n,,,,,,,,,,,,,,,,,,,,,,,,,,,,,,,,,,
AV06,E25,2008,Abam,9.1,18.6,n,,,,,,,,,,,,,,,,,,,,,,,,,,,,,,,,,,
AV06,E25,2008,Abam,5.48,21.5,n,,,,,,,,,,,,,,,,,,,,,,,,,,,,,,,,,,
AV06,E25,2008,Abam,7.54,29.8,n,,,,,,,,,,,,,,,,,,,,,,,,,,,,,,,,,,
AV06,E25,2008,Abam,3.51,33.2,n,,,,,,,,,,,,,,,,,,,,,,,,,,,,,,,,,,
AV06,E25,2008,Abam,4.22,38.2,y,,,,,,,,,,,,,,,,,,,,,,,,,,,,,,,,,,
AV06,E25,2008,Abam,7.13,41.5,y,,,,,,,,,,,,,,,,,,,,,,,,,,,,,,,,,,
AV06,E25,2008,Thpl,0.85,42.4,y,,,,,,,,,,,,,,,,,,,,,,,,,,,,,,,,,,
AV06,E25,2008,Abam,7.75,42.8,y,,,,,,,,,,,,,,,,,,,,,,,,,,,,,,,,,,
AV06,E25,2008,Abam,7.62,46.7,n,,,,,,,,,,,,,,,,,,,,,,,,,,,,,,,,,,
AV06,E25,2008,Abam,8.8,62.0,y,,,,,,,,,,,,,,,,,,,,,,,,,,,,,,,,,,
AV06,E26,2008,Tshe,8.73,11.0,n,,,,,,,,,,,,,,,,,,,,,,,,,,,,,,,,,,
AV06,E26,2008,Tshe,8.09,11.1,n,,,,,,,,,,,,,,,,,,,,,,,,,,,,,,,,,,
AV06,E26,2008,Tshe,9.12,11.3,n,,,,,,,,,,,,,,,,,,,,,,,,,,,,,,,,,,
AV06,E26,2008,Tshe,9.7,12.0,n,,,,,,,,,,,,,,,,,,,,,,,,,,,,,,,,,,
AV06,E26,2008,Abam,8.74,14.2,n,,,,,,,,,,,,,,,,,,,,,,,,,,,,,,,,,,
AV06,E26,2008,Abam,9.85,14.2,n,,,,,,,,,,,,,,,,,,,,,,,,,,,,,,,,,,
AV06,E26,2008,Thpl,8.02,14.5,n,,,,,,,,,,,,,,,,,,,,,,,,,,,,,,,,,,
AV06,E26,2008,Tshe,7.73,15.1,n,,,,,,,,,,,,,,,,,,,,,,,,,,,,,,,,,,
AV06,E26,2008,Abam,8.02,15.3,n,,,,,,,,,,,,,,,,,,,,,,,,,,,,,,,,,,
AV06,E26,2008,Abam,4.34,15.8,n,,,,,,,,,,,,,,,,,,,,,,,,,,,,,,,,,,
AV06,E26,2008,Tshe,4.25,19.8,n,,,,,,,,,,,,,,,,,,,,,,,,,,,,,,,,,,
AV06,E26,2008,Abam,5.32,19.9,n,,,,,,,,,,,,,,,,,,,,,,,,,,,,,,,,,,
AV06,E26,2008,Abam,9.7,22.0,n,,,,,,,,,,,,,,,,,,,,,,,,,,,,,,,,,,
AV06,E26,2008,Abam,8.4,22.6,n,,,,,,,,,,,,,,,,,,,,,,,,,,,,,,,,,,
AV06,E26,2008,Tshe,6.39,24.6,n,,,,,,,,,,,,,,,,,,,,,,,,,,,,,,,,,,
AV06,E26,2008,Abam,9.52,26.6,n,,,,,,,,,,,,,,,,,,,,,,,,,,,,,,,,,,
AV06,E26,2008,Tshe,9.65,26.6,n,,,,,,,,,,,,,,,,,,,,,,,,,,,,,,,,,,
AV06,E26,2008,Abam,4.69,30.6,n,,,,,,,,,,,,,,,,,,,,,,,,,,,,,,,,,,
AV06,E26,2008,Abam,6.39,34.7,n,,,,,,,,,,,,,,,,,,,,,,,,,,,,,,,,,,
AV06,E26,2008,Abam,4.57,39.3,n,,,,,,,,,,,,,,,,,,,,,,,,,,,,,,,,,,
AV06,E26,2008,Abam,9.96,44.2,n,,,,,,,,,,,,,,,,,,,,,,,,,,,,,,,,,,
AV06,E26,2008,Abam,0.75,45.2,n,,,,,,,,,,,,,,,,,,,,,,,,,,,,,,,,,,
AV06,E26,2008,Abam,8.9,45.2,n,,,,,,,,,,,,,,,,,,,,,,,,,,,,,,,,,,
AV06,E26,2008,Abam,5.78,50.1,y,,,,,,,,,,,,,,,,,,,,,,,,,,,,,,,,,,
AV06,E26,2008,Abam,3.99,54.2,y,,,,,,,,,,,,,,,,,,,,,,,,,,,,,,,,,,
AV06,E26,2008,Abam,7.62,54.9,y,E27,,,,,,,,,,,,,,,,,,,,,,,,,,,,,,,,,
AV06,E26,2008,Abam,8.32,81.9,y,,,,,,,,,,,,,,,,,,,,,,,,,,,,,,,,,,
AV06,E26,2008,Psme,5.69,98.2,y,,,,,,,,,,,,,,,,,,,,,,,,,,,,,,,,,,
AV06,E26,2008,Thpl,6.41,110.2,y,,,,,,,,,,,,,,,,,,,,,,,,,,,,,,,,,,
AV06,E26,2008,Psme,3.3,118.4,y,,,,,,,,,,,,,,,,,,,,,,,,,,,,,,,,,,
AV06,E27,2008,Abam,6,11.0,n,,,,,,,,,,,,,,,,,,,,,,,,,,,,,,,,,,
AV06,E27,2008,Tshe,7.13,11.0,n,,,,,,,,,,,,,,,,,,,,,,,,,,,,,,,,,,
AV06,E27,2008,Tshe,1.48,11.2,n,,,,,,,,,,,,,,,,,,,,,,,,,,,,,,,,,,
AV06,E27,2008,Abam,7.57,13.3,n,,,,,,,,,,,,,,,,,,,,,,,,,,,,,,,,,,
AV06,E27,2008,Abam,8.17,14.1,n,,,,,,,,,,,,,,,,,,,,,,,,,,,,,,,,,,
AV06,E27,2008,Abam,4.91,14.2,n,,,,,,,,,,,,,,,,,,,,,,,,,,,,,,,,,,
AV06,E27,2008,Thpl,7.46,14.5,n,,,,,,,,,,,,,,,,,,,,,,,,,,,,,,,,,,
AV06,E27,2008,Tshe,5.03,14.6,n,,,,,,,,,,,,,,,,,,,,,,,,,,,,,,,,,,
AV06,E27,2008,Abam,6.96,17.7,n,,,,,,,,,,,,,,,,,,,,,,,,,,,,,,,,,,
AV06,E27,2008,Abam,4.6,17.9,n,,,,,,,,,,,,,,,,,,,,,,,,,,,,,,,,,,
AV06,E27,2008,Tshe,8.57,18.1,n,,,,,,,,,,,,,,,,,,,,,,,,,,,,,,,,,,
AV06,E27,2008,Abam,3.99,19.7,n,,,,,,,,,,,,,,,,,,,,,,,,,,,,,,,,,,
AV06,E27,2008,Tshe,4.12,20.4,n,,,,,,,,,,,,,,,,,,,,,,,,,,,,,,,,,,
AV06,E27,2008,Tshe,3.37,24.6,n,,,,,,,,,,,,,,,,,,,,,,,,,,,,,,,,,,
AV06,E27,2008,Abam,7.63,24.7,n,,,,,,,,,,,,,,,,,,,,,,,,,,,,,,,,,,
AV06,E27,2008,Abam,7.57,24.8,n,,,,,,,,,,,,,,,,,,,,,,,,,,,,,,,,,,
AV06,E27,2008,Abam,6.98,26.6,n,,,,,,,,,,,,,,,,,,,,,,,,,,,,,,,,,,
AV06,E27,2008,Abam,5.89,38.9,n,,,,,,,,,,,,,,,,,,,,,,,,,,,,,,,,,,
AV06,E27,2008,Abam,4.25,45.2,n,,,,,,,,,,,,,,,,,,,,,,,,,,,,,,,,,,
AV06,E27,2008,Abam,6.38,45.2,n,,,,,,,,,,,,,,,,,,,,,,,,,,,,,,,,,,
AV06,E27,2008,Abam,5.3,49.5,y,,,,,,,,,,,,,,,,,,,,,,,,,,,,,,,,,,
AV06,E27,2008,Abam,5.11,50.2,y,,,,,,,,,,,,,,,,,,,,,,,,,,,,,,,,,,
AV06,E27,2008,Abam,7.24,53.8,y,,,,,,,,,,,,,,,,,,,,,,,,,,,,,,,,,,
AV06,E27,2008,Thpl,6.54,78.6,n,,,,,,,,,,,,,,,,,,,,,,,,,,,,,,,,,,
AV06,E27,2008,Psme,4.03,98.2,y,,,,,,,,,,,,,,,,,,,,,,,,,,,,,,,,,,
AV06,E27,2008,Thpl,5.33,110.2,y,,,,,,,,,,,,,,,,,,,,,,,,,,,,,,,,,,
AV06,E27,2008,Psme,7.67,118.4,y,,,,,,,,,,,,,,,,,,,,,,,,,,,,,,,,,,
AV06,E27,2008,Psme,7.64,126.4,y,E26,,,,,,,,,,,,,,,,,,,,,,,,,,,,,,,,,
AV06,E28,2008,Tshe,9.26,10.3,n,,,,,,,,,,,,,,,,,,,,,,,,,,,,,,,,,,
AV06,E28,2008,Abam,6.95,10.5,n,,,,,,,,,,,,,,,,,,,,,,,,,,,,,,,,,,
AV06,E28,2008,Abam,9.74,11.1,n,,,,,,,,,,,,,,,,,,,,,,,,,,,,,,,,,,
AV06,E28,2008,Tshe,8.6,12.2,n,,,,,,,,,,,,,,,,,,,,,,,,,,,,,,,,,,
AV06,E28,2008,Abam,7.21,12.7,n,,,,,,,,,,,,,,,,,,,,,,,,,,,,,,,,,,
AV06,E28,2008,Abam,3.06,13.2,n,,,,,,,,,,,,,,,,,,,,,,,,,,,,,,,,,,
AV06,E28,2008,Abam,7,13.4,n,,,,,,,,,,,,,,,,,,,,,,,,,,,,,,,,,,
AV06,E28,2008,Abam,0.6,14.7,n,,,,,,,,,,,,,,,,,,,,,,,,,,,,,,,,,,
AV06,E28,2008,Abam,9.2,14.8,n,,,,,,,,,,,,,,,,,,,,,,,,,,,,,,,,,,
AV06,E28,2008,Abam,3.83,15.6,n,,,,,,,,,,,,,,,,,,,,,,,,,,,,,,,,,,
AV06,E28,2008,Tshe,1.81,16.1,n,,,,,,,,,,,,,,,,,,,,,,,,,,,,,,,,,,
AV06,E28,2008,Abam,0.58,16.6,n,,,,,,,,,,,,,,,,,,,,,,,,,,,,,,,,,,
AV06,E28,2008,Tshe,2.87,17.0,n,,,,,,,,,,,,,,,,,,,,,,,,,,,,,,,,,,
AV06,E28,2008,Tshe,5.94,17.6,n,,,,,,,,,,,,,,,,,,,,,,,,,,,,,,,,,,
AV06,E28,2008,Tshe,4.56,17.9,n,,,,,,,,,,,,,,,,,,,,,,,,,,,,,,,,,,
AV06,E28,2008,Abam,6.58,23.4,n,,,,,,,,,,,,,,,,,,,,,,,,,,,,,,,,,,
AV06,E28,2008,Tshe,5.19,24.5,n,,,,,,,,,,,,,,,,,,,,,,,,,,,,,,,,,,
AV06,E28,2008,Abam,7.63,29.4,n,,,,,,,,,,,,,,,,,,,,,,,,,,,,,,,,,,
AV06,E28,2008,Abam,9,33.0,n,,,,,,,,,,,,,,,,,,,,,,,,,,,,,,,,,,
AV06,E28,2008,Abam,7.27,33.7,n,,,,,,,,,,,,,,,,,,,,,,,,,,,,,,,,,,
AV06,E28,2008,Abam,7.6,33.9,n,,,,,,,,,,,,,,,,,,,,,,,,,,,,,,,,,,
AV06,E28,2008,Abam,3.82,35.0,y,,,,,,,,,,,,,,,,,,,,,,,,,,,,,,,,,,
AV06,E28,2008,Thpl,2.84,36.1,n,,,,,,,,,,,,,,,,,,,,,,,,,,,,,,,,,,
AV06,E28,2008,Abam,8.94,38.5,n,,,,,,,,,,,,,,,,,,,,,,,,,,,,,,,,,,
AV06,E28,2008,Abam,6.14,49.5,n,,,,,,,,,,,,,,,,,,,,,,,,,,,,,,,,,,
AV06,E28,2008,Abam,6.08,63.9,y,,,,,,,,,,,,,,,,,,,,,,,,,,,,,,,,,,
AV06,E28,2008,Thpl,9.7,134.0,y,,,,,,,,,,,,,,,,,,,,,,,,,,,,,,,,,,
AV06,E29,2008,Tshe,2.91,10.0,n,,,,,,,,,,,,,,,,,,,,,,,,,,,,,,,,,,
AV06,E29,2008,Abam,6.94,11.4,n,,,,,,,,,,,,,,,,,,,,,,,,,,,,,,,,,,
AV06,E29,2008,Abam,4.46,12.6,n,,,,,,,,,,,,,,,,,,,,,,,,,,,,,,,,,,
AV06,E29,2008,Abam,8.06,12.9,n,,,,,,,,,,,,,,,,,,,,,,,,,,,,,,,,,,
AV06,E29,2008,Tshe,0.36,13.9,n,,,,,,,,,,,,,,,,,,,,,,,,,,,,,,,,,,
AV06,E29,2008,Abam,9.71,14.9,n,,,,,,,,,,,,,,,,,,,,,,,,,,,,,,,,,,
AV06,E29,2008,Tshe,6.29,15.8,n,,,,,,,,,,,,,,,,,,,,,,,,,,,,,,,,,,
AV06,E29,2008,Abam,6.86,21.5,n,,,,,,,,,,,,,,,,,,,,,,,,,,,,,,,,,,
AV06,E29,2008,Abam,8.13,22.2,n,,,,,,,,,,,,,,,,,,,,,,,,,,,,,,,,,,
AV06,E29,2008,Abam,2.52,23.1,n,,,,,,,,,,,,,,,,,,,,,,,,,,,,,,,,,,
AV06,E29,2008,Abam,6.41,27.3,n,,,,,,,,,,,,,,,,,,,,,,,,,,,,,,,,,,
AV06,E29,2008,Abam,2.15,27.6,n,,,,,,,,,,,,,,,,,,,,,,,,,,,,,,,,,,
AV06,E29,2008,Abam,7.04,29.2,n,,,,,,,,,,,,,,,,,,,,,,,,,,,,,,,,,,
AV06,E29,2008,Abam,5.8,31.9,n,,,,,,,,,,,,,,,,,,,,,,,,,,,,,,,,,,
AV06,E29,2008,Abam,5.96,32.6,n,,,,,,,,,,,,,,,,,,,,,,,,,,,,,,,,,,
AV06,E29,2008,Abam,7.47,33.1,n,,,,,,,,,,,,,,,,,,,,,,,,,,,,,,,,,,
AV06,E29,2008,Abam,7.92,35.8,n,,,,,,,,,,,,,,,,,,,,,,,,,,,,,,,,,,
AV06,E29,2008,Abam,6.66,38.0,n,,,,,,,,,,,,,,,,,,,,,,,,,,,,,,,,,,
AV06,E29,2008,Abam,6.78,39.4,n,,,,,,,,,,,,,,,,,,,,,,,,,,,,,,,,,,
AV06,E29,2008,Tshe,5.67,42.9,n,,,,,,,,,,,,,,,,,,,,,,,,,,,,,,,,,,
AV06,E29,2008,Abam,5.8,75.7,y,,,,,,,,,,,,,,,,,,,,,,,,,,,,,,,,,,
AV06,E29,2008,Tshe,7.01,80.8,n,,,,,,,,,,,,,,,,,,,,,,,,,,,,,,,,,,
AV06,E29,2008,Thpl,5.59,84.4,n,,,,,,,,,,,,,,,,,,,,,,,,,,,,,,,,,,
AV06,E3,2008,Abam,9.32,11.3,n,,,,,,,,,,,,,,,,,,,,,,,,,,,,,,,,,,
AV06,E3,2008,Abam,7.29,13.2,n,,,,,,,,,,,,,,,,,,,,,,,,,,,,,,,,,,
AV06,E3,2008,Thpl,4.92,14.0,n,,,,,,,,,,,,,,,,,,,,,,,,,,,,,,,,,,
AV06,E3,2008,Abam,7.37,16.5,n,,,,,,,,,,,,,,,,,,,,,,,,,,,,,,,,,,
AV06,E3,2008,Abam,7.41,19.5,n,,,,,,,,,,,,,,,,,,,,,,,,,,,,,,,,,,
AV06,E3,2008,Abam,6.54,20.9,n,,,,,,,,,,,,,,,,,,,,,,,,,,,,,,,,,,
AV06,E3,2008,Tshe,9.02,25.0,n,,,,,,,,,,,,,,,,,,,,,,,,,,,,,,,,,,
AV06,E3,2008,Tshe,6,26.3,n,,,,,,,,,,,,,,,,,,,,,,,,,,,,,,,,,,
AV06,E3,2008,Abam,7.92,27.7,n,,,,,,,,,,,,,,,,,,,,,,,,,,,,,,,,,,
AV06,E3,2008,Abam,7.64,28.7,n,,,,,,,,,,,,,,,,,,,,,,,,,,,,,,,,,,
AV06,E3,2008,Abam,8.18,44.2,y,,,,,,,,,,,,,,,,,,,,,,,,,,,,,,,,,,
AV06,E3,2008,Abam,7.21,51.3,y,,,,,,,,,,,,,,,,,,,,,,,,,,,,,,,,,,
AV06,E3,2008,Tshe,9.57,53.5,y,,,,,,,,,,,,,,,,,,,,,,,,,,,,,,,,,,
AV06,E3,2008,Abam,6.9,54.5,y,,,,,,,,,,,,,,,,,,,,,,,,,,,,,,,,,,
AV06,E3,2008,Abam,7.56,71.4,y,,,,,,,,,,,,,,,,,,,,,,,,,,,,,,,,,,
AV06,E30,2008,Tshe,3.98,10.0,n,,,,,,,,,,,,,,,,,,,,,,,,,,,,,,,,,,
AV06,E30,2008,Abam,8.88,10.1,n,,,,,,,,,,,,,,,,,,,,,,,,,,,,,,,,,,
AV06,E30,2008,Tshe,9.27,12.4,n,,,,,,,,,,,,,,,,,,,,,,,,,,,,,,,,,,
AV06,E30,2008,Abam,1.71,12.6,n,,,,,,,,,,,,,,,,,,,,,,,,,,,,,,,,,,
AV06,E30,2008,Abam,8.09,12.9,n,,,,,,,,,,,,,,,,,,,,,,,,,,,,,,,,,,
AV06,E30,2008,Tshe,8.93,13.9,n,,,,,,,,,,,,,,,,,,,,,,,,,,,,,,,,,,
AV06,E30,2008,Abam,7.04,14.9,n,,,,,,,,,,,,,,,,,,,,,,,,,,,,,,,,,,
AV06,E30,2008,Tshe,9.59,18.7,n,,,,,,,,,,,,,,,,,,,,,,,,,,,,,,,,,,
AV06,E30,2008,Abam,4.88,21.0,n,,,,,,,,,,,,,,,,,,,,,,,,,,,,,,,,,,
AV06,E30,2008,Abam,2.76,23.1,n,,,,,,,,,,,,,,,,,,,,,,,,,,,,,,,,,,
AV06,E30,2008,Tshe,3.63,23.8,n,,,,,,,,,,,,,,,,,,,,,,,,,,,,,,,,,,
AV06,E30,2008,Abam,9.89,27.0,n,,,,,,,,,,,,,,,,,,,,,,,,,,,,,,,,,,
AV06,E30,2008,Abam,3.29,27.6,n,,,,,,,,,,,,,,,,,,,,,,,,,,,,,,,,,,
AV06,E30,2008,Tshe,6.67,29.7,n,,,,,,,,,,,,,,,,,,,,,,,,,,,,,,,,,,
AV06,E30,2008,Abam,3.7,33.1,n,,,,,,,,,,,,,,,,,,,,,,,,,,,,,,,,,,
AV06,E30,2008,Abam,9.89,33.8,n,,,,,,,,,,,,,,,,,,,,,,,,,,,,,,,,,,
AV06,E30,2008,Abam,5.16,34.6,n,,,,,,,,,,,,,,,,,,,,,,,,,,,,,,,,,,
AV06,E30,2008,Abam,1.08,35.8,n,,,,,,,,,,,,,,,,,,,,,,,,,,,,,,,,,,
AV06,E30,2008,Abam,6.7,38.0,n,,,,,,,,,,,,,,,,,,,,,,,,,,,,,,,,,,
AV06,E30,2008,Abam,0.36,39.4,n,,,,,,,,,,,,,,,,,,,,,,,,,,,,,,,,,,
AV06,E30,2008,Tshe,6.52,42.9,n,,,,,,,,,,,,,,,,,,,,,,,,,,,,,,,,,,
AV06,E30,2008,Psme,5.59,68.2,y,,,,,,,,,,,,,,,,,,,,,,,,,,,,,,,,,,
AV06,E30,2008,Abam,3.13,75.7,y,,,,,,,,,,,,,,,,,,,,,,,,,,,,,,,,,,
AV06,E31,2008,Abam,8.72,10.3,n,,,,,,,,,,,,,,,,,,,,,,,,,,,,,,,,,,
AV06,E31,2008,Abam,4.46,10.5,n,,,,,,,,,,,,,,,,,,,,,,,,,,,,,,,,,,
AV06,E31,2008,Abam,4.3,10.8,n,,,,,,,,,,,,,,,,,,,,,,,,,,,,,,,,,,
AV06,E31,2008,Tshe,6.25,13.5,n,,,,,,,,,,,,,,,,,,,,,,,,,,,,,,,,,,
AV06,E31,2008,Abam,8.71,13.5,n,,,,,,,,,,,,,,,,,,,,,,,,,,,,,,,,,,
AV06,E31,2008,Abam,7.52,13.8,n,,,,,,,,,,,,,,,,,,,,,,,,,,,,,,,,,,
AV06,E31,2008,Abam,8.85,14.9,n,,,,,,,,,,,,,,,,,,,,,,,,,,,,,,,,,,
AV06,E31,2008,Tshe,4.35,15.4,n,,,,,,,,,,,,,,,,,,,,,,,,,,,,,,,,,,
AV06,E31,2008,Abam,8.36,17.7,n,,,,,,,,,,,,,,,,,,,,,,,,,,,,,,,,,,
AV06,E31,2008,Abam,4.65,20.7,n,,,,,,,,,,,,,,,,,,,,,,,,,,,,,,,,,,
AV06,E31,2008,Abam,9.37,20.7,n,,,,,,,,,,,,,,,,,,,,,,,,,,,,,,,,,,
AV06,E31,2008,Abam,7.81,21.4,n,,,,,,,,,,,,,,,,,,,,,,,,,,,,,,,,,,
AV06,E31,2008,Abam,8.38,22.1,n,,,,,,,,,,,,,,,,,,,,,,,,,,,,,,,,,,
AV06,E31,2008,Abam,3.49,23.7,n,,,,,,,,,,,,,,,,,,,,,,,,,,,,,,,,,,
AV06,E31,2008,Abam,4.36,24.9,n,,,,,,,,,,,,,,,,,,,,,,,,,,,,,,,,,,
AV06,E31,2008,Abam,3.49,25.5,n,,,,,,,,,,,,,,,,,,,,,,,,,,,,,,,,,,
AV06,E31,2008,Abam,8.32,26.9,n,,,,,,,,,,,,,,,,,,,,,,,,,,,,,,,,,,
AV06,E31,2008,Abam,7.55,27.9,n,,,,,,,,,,,,,,,,,,,,,,,,,,,,,,,,,,
AV06,E31,2008,Abam,8.5,29.0,n,,,,,,,,,,,,,,,,,,,,,,,,,,,,,,,,,,
AV06,E31,2008,Abam,8.39,33.7,y,,,,,,,,,,,,,,,,,,,,,,,,,,,,,,,,,,
AV06,E31,2008,Abam,8.65,48.6,y,,,,,,,,,,,,,,,,,,,,,,,,,,,,,,,,,,
AV06,E31,2008,Abam,7.86,66.0,y,,,,,,,,,,,,,,,,,,,,,,,,,,,,,,,,,,
AV06,E31,2008,Thpl,7.48,130.1,y,,,,,,,,,,,,,,,,,,,,,,,,,,,,,,,,,,
AV06,E32,2008,Abam,7.67,14.8,n,,,,,,,,,,,,,,,,,,,,,,,,,,,,,,,,,,
AV06,E32,2008,Abam,8.11,10.4,n,,,,,,,,,,,,,,,,,,,,,,,,,,,,,,,,,,
AV06,E32,2008,Abam,4.42,10.8,n,,,,,,,,,,,,,,,,,,,,,,,,,,,,,,,,,,
AV06,E32,2008,Tshe,5.72,11.0,n,,,,,,,,,,,,,,,,,,,,,,,,,,,,,,,,,,
AV06,E32,2008,Abam,6.73,11.7,n,,,,,,,,,,,,,,,,,,,,,,,,,,,,,,,,,,
AV06,E32,2008,Abam,5.12,11.9,n,,,,,,,,,,,,,,,,,,,,,,,,,,,,,,,,,,
AV06,E32,2008,Abam,7,12.1,n,,,,,,,,,,,,,,,,,,,,,,,,,,,,,,,,,,
AV06,E32,2008,Abam,8.54,12.2,n,,,,,,,,,,,,,,,,,,,,,,,,,,,,,,,,,,
AV06,E32,2008,Abam,4.7,12.3,n,,,,,,,,,,,,,,,,,,,,,,,,,,,,,,,,,,
AV06,E32,2008,Abam,3.53,12.4,n,,,,,,,,,,,,,,,,,,,,,,,,,,,,,,,,,,
AV06,E32,2008,Abam,4.84,12.7,n,,,,,,,,,,,,,,,,,,,,,,,,,,,,,,,,,,
AV06,E32,2008,Abam,8.58,13.3,n,,,,,,,,,,,,,,,,,,,,,,,,,,,,,,,,,,
AV06,E32,2008,Abam,6.4,14.0,n,,,,,,,,,,,,,,,,,,,,,,,,,,,,,,,,,,
AV06,E32,2008,Abam,3.18,15.0,n,,,,,,,,,,,,,,,,,,,,,,,,,,,,,,,,,,
AV06,E32,2008,Abam,6.5,15.1,n,,,,,,,,,,,,,,,,,,,,,,,,,,,,,,,,,,
AV06,E32,2008,Abam,1.45,15.5,n,,,,,,,,,,,,,,,,,,,,,,,,,,,,,,,,,,
AV06,E32,2008,Abam,7.67,15.6,n,,,,,,,,,,,,,,,,,,,,,,,,,,,,,,,,,,
AV06,E32,2008,Abam,2.48,16.3,n,,,,,,,,,,,,,,,,,,,,,,,,,,,,,,,,,,
AV06,E32,2008,Abam,3.4,16.8,n,,,,,,,,,,,,,,,,,,,,,,,,,,,,,,,,,,
AV06,E32,2008,Abam,9.52,17.8,n,,,,,,,,,,,,,,,,,,,,,,,,,,,,,,,,,,
AV06,E32,2008,Abam,9.89,18.0,n,,,,,,,,,,,,,,,,,,,,,,,,,,,,,,,,,,
AV06,E32,2008,Abam,4.93,20.5,n,,,,,,,,,,,,,,,,,,,,,,,,,,,,,,,,,,
AV06,E32,2008,Tshe,9.58,21.4,n,,,,,,,,,,,,,,,,,,,,,,,,,,,,,,,,,,
AV06,E32,2008,Abam,6.57,22.1,n,,,,,,,,,,,,,,,,,,,,,,,,,,,,,,,,,,
AV06,E32,2008,Abam,8.55,22.6,n,,,,,,,,,,,,,,,,,,,,,,,,,,,,,,,,,,
AV06,E32,2008,Abam,7.76,26.7,n,,,,,,,,,,,,,,,,,,,,,,,,,,,,,,,,,,
AV06,E32,2008,Abam,9.7,28.8,n,,,,,,,,,,,,,,,,,,,,,,,,,,,,,,,,,,
AV06,E32,2008,Abam,8.06,31.0,n,,,,,,,,,,,,,,,,,,,,,,,,,,,,,,,,,,
AV06,E32,2008,Abam,8.3,33.0,n,,,,,,,,,,,,,,,,,,,,,,,,,,,,,,,,,,
AV06,E32,2008,Abam,9.83,33.2,y,,,,,,,,,,,,,,,,,,,,,,,,,,,,,,,,,,
AV06,E32,2008,Abam,7.91,43.8,y,,,,,,,,,,,,,,,,,,,,,,,,,,,,,,,,,,
AV06,E32,2008,Abam,6.35,51.0,n,,,,,,,,,,,,,,,,,,,,,,,,,,,,,,,,,,
AV06,E32,2008,Abam,9.75,60.9,y,,,,,,,,,,,,,,,,,,,,,,,,,,,,,,,,,,
AV06,E32,2008,Abam,9.35,65.3,y,,,,,,,,,,,,,,,,,,,,,,,,,,,,,,,,,,
AV06,E33,2008,Abam,8,10.2,n,,,,,,,,,,,,,,,,,,,,,,,,,,,,,,,,,,
AV06,E33,2008,Abam,4.92,10.5,n,,,,,,,,,,,,,,,,,,,,,,,,,,,,,,,,,,
AV06,E33,2008,Abam,7.96,10.8,n,,,,,,,,,,,,,,,,,,,,,,,,,,,,,,,,,,
AV06,E33,2008,Abam,9.92,12.1,n,,,,,,,,,,,,,,,,,,,,,,,,,,,,,,,,,,
AV06,E33,2008,Abam,9.59,12.3,n,,,,,,,,,,,,,,,,,,,,,,,,,,,,,,,,,,
AV06,E33,2008,Abam,7.5,14.0,n,,,,,,,,,,,,,,,,,,,,,,,,,,,,,,,,,,
AV06,E33,2008,Abam,5.54,14.5,n,,,,,,,,,,,,,,,,,,,,,,,,,,,,,,,,,,
AV06,E33,2008,Abam,8.81,14.6,n,,,,,,,,,,,,,,,,,,,,,,,,,,,,,,,,,,
AV06,E33,2008,Abam,7.05,15.6,n,,,,,,,,,,,,,,,,,,,,,,,,,,,,,,,,,,
AV06,E33,2008,Abam,6.69,16.4,n,,,,,,,,,,,,,,,,,,,,,,,,,,,,,,,,,,
AV06,E33,2008,Abam,5.8,19.0,n,,,,,,,,,,,,,,,,,,,,,,,,,,,,,,,,,,
AV06,E33,2008,Thpl,2.55,19.6,n,,,,,,,,,,,,,,,,,,,,,,,,,,,,,,,,,,
AV06,E33,2008,Abam,3.4,20.6,n,,,,,,,,,,,,,,,,,,,,,,,,,,,,,,,,,,
AV06,E33,2008,Abam,5.79,22.2,n,,,,,,,,,,,,,,,,,,,,,,,,,,,,,,,,,,
AV06,E33,2008,Abam,3.89,22.2,n,,,,,,,,,,,,,,,,,,,,,,,,,,,,,,,,,,
AV06,E33,2008,Tshe,6.08,22.5,n,,,,,,,,,,,,,,,,,,,,,,,,,,,,,,,,,,
AV06,E33,2008,Abam,7.48,23.5,n,,,,,,,,,,,,,,,,,,,,,,,,,,,,,,,,,,
AV06,E33,2008,Tshe,5.17,23.8,n,,,,,,,,,,,,,,,,,,,,,,,,,,,,,,,,,,
AV06,E33,2008,Abam,4.97,24.4,n,,,,,,,,,,,,,,,,,,,,,,,,,,,,,,,,,,
AV06,E33,2008,Abam,5.87,30.9,n,,,,,,,,,,,,,,,,,,,,,,,,,,,,,,,,,,
AV06,E33,2008,Abam,9.47,31.8,n,,,,,,,,,,,,,,,,,,,,,,,,,,,,,,,,,,
AV06,E33,2008,Abam,7.94,44.6,y,,,,,,,,,,,,,,,,,,,,,,,,,,,,,,,,,,
AV06,E33,2008,Abam,7.15,44.7,y,,,,,,,,,,,,,,,,,,,,,,,,,,,,,,,,,,
AV06,E33,2008,Thpl,3.95,49.4,y,,,,,,,,,,,,,,,,,,,,,,,,,,,,,,,,,,
AV06,E33,2008,Abam,9.24,51.5,y,,,,,,,,,,,,,,,,,,,,,,,,,,,,,,,,,,
AV06,E33,2008,Thpl,3.88,55.5,y,E34,,,,,,,,,,,,,,,,,,,,,,,,,,,,,,,,,
AV06,E33,2008,Thpl,9.3,94.3,n,,,,,,,,,,,,,,,,,,,,,,,,,,,,,,,,,,
AV06,E34,2008,Abam,4.07,10.2,n,,,,,,,,,,,,,,,,,,,,,,,,,,,,,,,,,,
AV06,E34,2008,Abam,9.19,10.4,n,,,,,,,,,,,,,,,,,,,,,,,,,,,,,,,,,,
AV06,E34,2008,Abam,5.67,12.1,n,,,,,,,,,,,,,,,,,,,,,,,,,,,,,,,,,,
AV06,E34,2008,Abam,6.18,12.3,n,,,,,,,,,,,,,,,,,,,,,,,,,,,,,,,,,,
AV06,E34,2008,Abam,4.53,14.0,n,,,,,,,,,,,,,,,,,,,,,,,,,,,,,,,,,,
AV06,E34,2008,Abam,1.28,14.5,n,,,,,,,,,,,,,,,,,,,,,,,,,,,,,,,,,,
AV06,E34,2008,Tshe,9.39,14.8,n,,,,,,,,,,,,,,,,,,,,,,,,,,,,,,,,,,
AV06,E34,2008,Tshe,7.56,15.4,n,,,,,,,,,,,,,,,,,,,,,,,,,,,,,,,,,,
AV06,E34,2008,Abam,3.31,15.6,n,,,,,,,,,,,,,,,,,,,,,,,,,,,,,,,,,,
AV06,E34,2008,Abam,4.92,15.6,n,,,,,,,,,,,,,,,,,,,,,,,,,,,,,,,,,,
AV06,E34,2008,Abam,4.21,16.4,n,,,,,,,,,,,,,,,,,,,,,,,,,,,,,,,,,,
AV06,E34,2008,Abam,6.62,18.0,n,,,,,,,,,,,,,,,,,,,,,,,,,,,,,,,,,,
AV06,E34,2008,Abam,9.76,19.0,n,,,,,,,,,,,,,,,,,,,,,,,,,,,,,,,,,,
AV06,E34,2008,Thpl,0.96,19.6,n,,,,,,,,,,,,,,,,,,,,,,,,,,,,,,,,,,
AV06,E34,2008,Abam,6.04,20.6,n,,,,,,,,,,,,,,,,,,,,,,,,,,,,,,,,,,
AV06,E34,2008,Abam,8.89,22.1,n,,,,,,,,,,,,,,,,,,,,,,,,,,,,,,,,,,
AV06,E34,2008,Abam,6.34,22.2,n,,,,,,,,,,,,,,,,,,,,,,,,,,,,,,,,,,
AV06,E34,2008,Abam,7.18,22.2,n,,,,,,,,,,,,,,,,,,,,,,,,,,,,,,,,,,
AV06,E34,2008,Tshe,9.23,23.8,n,,,,,,,,,,,,,,,,,,,,,,,,,,,,,,,,,,
AV06,E34,2008,Abam,3.14,24.6,n,,,,,,,,,,,,,,,,,,,,,,,,,,,,,,,,,,
AV06,E34,2008,Abam,2.73,30.9,n,,,,,,,,,,,,,,,,,,,,,,,,,,,,,,,,,,
AV06,E34,2008,Thpl,7.41,38.9,n,,,,,,,,,,,,,,,,,,,,,,,,,,,,,,,,,,
AV06,E34,2008,Abam,6.04,44.7,y,,,,,,,,,,,,,,,,,,,,,,,,,,,,,,,,,,
AV06,E34,2008,Thpl,0.9,49.4,y,,,,,,,,,,,,,,,,,,,,,,,,,,,,,,,,,,
AV06,E34,2008,Abam,8.21,53.7,y,,,,,,,,,,,,,,,,,,,,,,,,,,,,,,,,,,
AV06,E34,2008,Cano,9.6,65.7,y,,,,,,,,,,,,,,,,,,,,,,,,,,,,,,,,,,
AV06,E34,2008,Psme,3.88,129.6,y,E33,,,,,,,,,,,,,,,,,,,,,,,,,,,,,,,,,
AV06,E35,2008,Abam,4.45,10.0,n,,,,,,,,,,,,,,,,,,,,,,,,,,,,,,,,,,
AV06,E35,2008,Tshe,4.02,11.2,n,,,,,,,,,,,,,,,,,,,,,,,,,,,,,,,,,,
AV06,E35,2008,Tshe,4.61,12.1,n,,,,,,,,,,,,,,,,,,,,,,,,,,,,,,,,,,
AV06,E35,2008,Abam,7.17,12.2,n,,,,,,,,,,,,,,,,,,,,,,,,,,,,,,,,,,
AV06,E35,2008,Tshe,8.93,13.7,n,,,,,,,,,,,,,,,,,,,,,,,,,,,,,,,,,,
AV06,E35,2008,Tshe,5.7,14.6,n,,,,,,,,,,,,,,,,,,,,,,,,,,,,,,,,,,
AV06,E35,2008,Tshe,9.8,15.6,n,,,,,,,,,,,,,,,,,,,,,,,,,,,,,,,,,,
AV06,E35,2008,Abam,9.71,16.9,n,,,,,,,,,,,,,,,,,,,,,,,,,,,,,,,,,,
AV06,E35,2008,Cano,9.76,20.6,n,,,,,,,,,,,,,,,,,,,,,,,,,,,,,,,,,,
AV06,E35,2008,Abam,5.53,22.4,n,,,,,,,,,,,,,,,,,,,,,,,,,,,,,,,,,,
AV06,E35,2008,Abam,4.1,27.3,n,,,,,,,,,,,,,,,,,,,,,,,,,,,,,,,,,,
AV06,E35,2008,Tshe,8.26,44.2,n,,,,,,,,,,,,,,,,,,,,,,,,,,,,,,,,,,
AV06,E35,2008,Abam,2.12,44.3,y,,,,,,,,,,,,,,,,,,,,,,,,,,,,,,,,,,
AV06,E35,2008,Abam,2.84,59.0,y,,,,,,,,,,,,,,,,,,,,,,,,,,,,,,,,,,
AV06,E35,2008,Abam,9.11,61.2,y,,,,,,,,,,,,,,,,,,,,,,,,,,,,,,,,,,
AV06,E35,2008,Abam,3.43,66.7,y,,,,,,,,,,,,,,,,,,,,,,,,,,,,,,,,,,
AV06,E36,2008,Tshe,4.53,11.3,n,,,,,,,,,,,,,,,,,,,,,,,,,,,,,,,,,,
AV06,E36,2008,Abam,5.26,12.1,n,,,,,,,,,,,,,,,,,,,,,,,,,,,,,,,,,,
AV06,E36,2008,Abam,7.55,12.3,n,,,,,,,,,,,,,,,,,,,,,,,,,,,,,,,,,,
AV06,E36,2008,Abam,9.5,12.8,n,,,,,,,,,,,,,,,,,,,,,,,,,,,,,,,,,,
AV06,E36,2008,Tshe,5.58,16.2,n,,,,,,,,,,,,,,,,,,,,,,,,,,,,,,,,,,
AV06,E36,2008,Abam,8.5,16.2,n,,,,,,,,,,,,,,,,,,,,,,,,,,,,,,,,,,
AV06,E36,2008,Tshe,6.9,18.6,n,,,,,,,,,,,,,,,,,,,,,,,,,,,,,,,,,,
AV06,E36,2008,Tshe,5.43,19.0,n,,,,,,,,,,,,,,,,,,,,,,,,,,,,,,,,,,
AV06,E36,2008,Tshe,1.93,21.1,n,,,,,,,,,,,,,,,,,,,,,,,,,,,,,,,,,,
AV06,E36,2008,Tshe,3.91,25.7,n,,,,,,,,,,,,,,,,,,,,,,,,,,,,,,,,,,
AV06,E36,2008,Tshe,5.63,34.2,n,,,,,,,,,,,,,,,,,,,,,,,,,,,,,,,,,,
AV06,E36,2008,Psme,1.41,35.3,n,,,,,,,,,,,,,,,,,,,,,,,,,,,,,,,,,,
AV06,E36,2008,Tshe,8.99,46.3,y,,,,,,,,,,,,,,,,,,,,,,,,,,,,,,,,,,
AV06,E36,2008,Tshe,8.03,48.9,n,,,,,,,,,,,,,,,,,,,,,,,,,,,,,,,,,,
AV06,E36,2008,Abam,8.5,54.2,y,,,,,,,,,,,,,,,,,,,,,,,,,,,,,,,,,,
AV06,E36,2008,Abam,1.31,56.3,y,,,,,,,,,,,,,,,,,,,,,,,,,,,,,,,,,,
AV06,E36,2008,Abam,8.95,56.6,y,,,,,,,,,,,,,,,,,,,,,,,,,,,,,,,,,,
AV06,E36,2008,Psme,9.02,130.9,y,,,,,,,,,,,,,,,,,,,,,,,,,,,,,,,,,,
AV06,E37,2008,Abam,9.75,10.7,n,,,,,,,,,,,,,,,,,,,,,,,,,,,,,,,,,,
AV06,E37,2008,Abam,8.89,10.9,n,,,,,,,,,,,,,,,,,,,,,,,,,,,,,,,,,,
AV06,E37,2008,Tshe,7.28,11.8,n,,,,,,,,,,,,,,,,,,,,,,,,,,,,,,,,,,
AV06,E37,2008,Abam,9.5,13.5,n,,,,,,,,,,,,,,,,,,,,,,,,,,,,,,,,,,
AV06,E37,2008,Tshe,7.59,14.9,n,,,,,,,,,,,,,,,,,,,,,,,,,,,,,,,,,,
AV06,E37,2008,Tshe,8.11,15.1,n,,,,,,,,,,,,,,,,,,,,,,,,,,,,,,,,,,
AV06,E37,2008,Tshe,9.3,15.1,n,,,,,,,,,,,,,,,,,,,,,,,,,,,,,,,,,,
AV06,E37,2008,Tshe,8.05,16.1,n,,,,,,,,,,,,,,,,,,,,,,,,,,,,,,,,,,
AV06,E37,2008,Tshe,8.65,16.4,n,,,,,,,,,,,,,,,,,,,,,,,,,,,,,,,,,,
AV06,E37,2008,Abam,2.56,16.6,n,,,,,,,,,,,,,,,,,,,,,,,,,,,,,,,,,,
AV06,E37,2008,Tshe,2.3,16.8,n,,,,,,,,,,,,,,,,,,,,,,,,,,,,,,,,,,
AV06,E37,2008,Tshe,9.3,17.9,n,,,,,,,,,,,,,,,,,,,,,,,,,,,,,,,,,,
AV06,E37,2008,Tshe,8.25,26.8,n,,,,,,,,,,,,,,,,,,,,,,,,,,,,,,,,,,
AV06,E37,2008,Tshe,5.2,33.8,n,,,,,,,,,,,,,,,,,,,,,,,,,,,,,,,,,,
AV06,E37,2008,Abam,6.34,40.0,n,,,,,,,,,,,,,,,,,,,,,,,,,,,,,,,,,,
AV06,E37,2008,Abam,7.88,42.9,y,,,,,,,,,,,,,,,,,,,,,,,,,,,,,,,,,,
AV06,E37,2008,Abam,7.7,49.0,y,,,,,,,,,,,,,,,,,,,,,,,,,,,,,,,,,,
AV06,E37,2008,Abam,8.2,55.4,y,,,,,,,,,,,,,,,,,,,,,,,,,,,,,,,,,,
AV06,E37,2008,Psme,0.69,106.5,y,,,,,,,,,,,,,,,,,,,,,,,,,,,,,,,,,,
AV06,E38,2008,Abam,2.63,10.4,n,,,,,,,,,,,,,,,,,,,,,,,,,,,,,,,,,,
AV06,E38,2008,Abam,6.29,10.5,n,,,,,,,,,,,,,,,,,,,,,,,,,,,,,,,,,,
AV06,E38,2008,Abam,6.77,10.7,n,,,,,,,,,,,,,,,,,,,,,,,,,,,,,,,,,,
AV06,E38,2008,Abam,9.64,11.5,n,,,,,,,,,,,,,,,,,,,,,,,,,,,,,,,,,,
AV06,E38,2008,Abam,9.78,13.2,n,,,,,,,,,,,,,,,,,,,,,,,,,,,,,,,,,,
AV06,E38,2008,Abam,9.57,13.9,n,,,,,,,,,,,,,,,,,,,,,,,,,,,,,,,,,,
AV06,E38,2008,Abam,8.21,14.4,n,,,,,,,,,,,,,,,,,,,,,,,,,,,,,,,,,,
AV06,E38,2008,Tshe,9.32,15.0,n,,,,,,,,,,,,,,,,,,,,,,,,,,,,,,,,,,
AV06,E38,2008,Tshe,3.31,23.7,n,,,,,,,,,,,,,,,,,,,,,,,,,,,,,,,,,,
AV06,E38,2008,Tshe,9.83,31.3,n,,,,,,,,,,,,,,,,,,,,,,,,,,,,,,,,,,
AV06,E38,2008,Tshe,7.83,31.9,n,,,,,,,,,,,,,,,,,,,,,,,,,,,,,,,,,,
AV06,E38,2008,Tshe,8.89,41.2,y,,,,,,,,,,,,,,,,,,,,,,,,,,,,,,,,,,
AV06,E38,2008,Abam,6.18,44.9,y,,,,,,,,,,,,,,,,,,,,,,,,,,,,,,,,,,
AV06,E38,2008,Tshe,5.22,60.1,y,,,,,,,,,,,,,,,,,,,,,,,,,,,,,,,,,,
AV06,E39,2008,Abam,7.05,10.9,n,,,,,,,,,,,,,,,,,,,,,,,,,,,,,,,,,,
AV06,E39,2008,Abam,8.75,11.2,n,,,,,,,,,,,,,,,,,,,,,,,,,,,,,,,,,,
AV06,E39,2008,Tshe,7.54,11.3,n,,,,,,,,,,,,,,,,,,,,,,,,,,,,,,,,,,
AV06,E39,2008,Abam,5.06,11.6,n,,,,,,,,,,,,,,,,,,,,,,,,,,,,,,,,,,
AV06,E39,2008,Abam,6.26,11.9,n,,,,,,,,,,,,,,,,,,,,,,,,,,,,,,,,,,
AV06,E39,2008,Abam,4.83,13.0,n,,,,,,,,,,,,,,,,,,,,,,,,,,,,,,,,,,
AV06,E39,2008,Abam,5.26,13.0,n,,,,,,,,,,,,,,,,,,,,,,,,,,,,,,,,,,
AV06,E39,2008,Abam,8.72,14.5,n,,,,,,,,,,,,,,,,,,,,,,,,,,,,,,,,,,
AV06,E39,2008,Tshe,6.63,14.6,n,,,,,,,,,,,,,,,,,,,,,,,,,,,,,,,,,,
AV06,E39,2008,Abam,7.07,14.7,n,,,,,,,,,,,,,,,,,,,,,,,,,,,,,,,,,,
AV06,E39,2008,Tshe,7.05,15.3,n,,,,,,,,,,,,,,,,,,,,,,,,,,,,,,,,,,
AV06,E39,2008,Abam,3.9,15.5,n,,,,,,,,,,,,,,,,,,,,,,,,,,,,,,,,,,
AV06,E39,2008,Tshe,9.44,17.1,n,,,,,,,,,,,,,,,,,,,,,,,,,,,,,,,,,,
AV06,E39,2008,Abam,7.5,17.3,n,,,,,,,,,,,,,,,,,,,,,,,,,,,,,,,,,,
AV06,E39,2008,Abam,9.34,17.4,n,,,,,,,,,,,,,,,,,,,,,,,,,,,,,,,,,,
AV06,E39,2008,Abam,5.98,18.9,n,,,,,,,,,,,,,,,,,,,,,,,,,,,,,,,,,,
AV06,E39,2008,Abam,2.26,19.0,n,,,,,,,,,,,,,,,,,,,,,,,,,,,,,,,,,,
AV06,E39,2008,Abam,4.8,22.3,n,,,,,,,,,,,,,,,,,,,,,,,,,,,,,,,,,,
AV06,E39,2008,Tshe,7.36,22.8,n,,,,,,,,,,,,,,,,,,,,,,,,,,,,,,,,,,
AV06,E39,2008,Tshe,7.46,22.8,n,,,,,,,,,,,,,,,,,,,,,,,,,,,,,,,,,,
AV06,E39,2008,Tshe,0.86,36.7,n,,,,,,,,,,,,,,,,,,,,,,,,,,,,,,,,,,
AV06,E39,2008,Abam,5.87,44.0,y,,,,,,,,,,,,,,,,,,,,,,,,,,,,,,,,,,
AV06,E39,2008,Tshe,7.29,46.8,y,,,,,,,,,,,,,,,,,,,,,,,,,,,,,,,,,,
AV06,E39,2008,Tshe,7.05,48.3,y,,,,,,,,,,,,,,,,,,,,,,,,,,,,,,,,,,
AV06,E4,2008,Tshe,4.13,13.9,n,,,,,,,,,,,,,,,,,,,,,,,,,,,,,,,,,,
AV06,E4,2008,Tshe,4,14.3,n,,,,,,,,,,,,,,,,,,,,,,,,,,,,,,,,,,
AV06,E4,2008,Tshe,4.21,14.7,n,,,,,,,,,,,,,,,,,,,,,,,,,,,,,,,,,,
AV06,E4,2008,Abam,6.85,15.2,n,,,,,,,,,,,,,,,,,,,,,,,,,,,,,,,,,,
AV06,E4,2008,Tshe,4.32,16.0,n,,,,,,,,,,,,,,,,,,,,,,,,,,,,,,,,,,
AV06,E4,2008,Abam,8.86,19.3,n,,,,,,,,,,,,,,,,,,,,,,,,,,,,,,,,,,
AV06,E4,2008,Tshe,4.73,20.4,n,,,,,,,,,,,,,,,,,,,,,,,,,,,,,,,,,,
AV06,E4,2008,Tshe,8.5,22.8,n,,,,,,,,,,,,,,,,,,,,,,,,,,,,,,,,,,
AV06,E4,2008,Abam,9.11,24.5,n,,,,,,,,,,,,,,,,,,,,,,,,,,,,,,,,,,
AV06,E4,2008,Abam,7.18,27.1,n,,,,,,,,,,,,,,,,,,,,,,,,,,,,,,,,,,
AV06,E4,2008,Abam,4.45,42.0,y,,,,,,,,,,,,,,,,,,,,,,,,,,,,,,,,,,
AV06,E4,2008,Abam,5.86,47.4,y,,,,,,,,,,,,,,,,,,,,,,,,,,,,,,,,,,
AV06,E4,2008,Abam,9.53,53.2,y,,,,,,,,,,,,,,,,,,,,,,,,,,,,,,,,,,
AV06,E4,2008,Abam,9.62,59.3,y,,,,,,,,,,,,,,,,,,,,,,,,,,,,,,,,,,
AV06,E4,2008,Abam,8.08,66.0,y,,,,,,,,,,,,,,,,,,,,,,,,,,,,,,,,,,
AV06,E4,2008,Abam,6.69,71.4,y,,,,,,,,,,,,,,,,,,,,,,,,,,,,,,,,,,
AV06,E4,2008,Abam,9.34,77.8,y,,,,,,,,,,,,,,,,,,,,,,,,,,,,,,,,,,
AV06,E40,2008,Tshe,4.64,10.8,n,,,,,,,,,,,,,,,,,,,,,,,,,,,,,,,,,,
AV06,E40,2008,Tshe,8.35,11.7,n,,,,,,,,,,,,,,,,,,,,,,,,,,,,,,,,,,
AV06,E40,2008,Abam,5.91,12.0,n,,,,,,,,,,,,,,,,,,,,,,,,,,,,,,,,,,
AV06,E40,2008,Abam,8.85,12.3,n,,,,,,,,,,,,,,,,,,,,,,,,,,,,,,,,,,
AV06,E40,2008,Abam,9.62,13.7,n,,,,,,,,,,,,,,,,,,,,,,,,,,,,,,,,,,
AV06,E40,2008,Abam,9.52,16.5,n,,,,,,,,,,,,,,,,,,,,,,,,,,,,,,,,,,
AV06,E40,2008,Abam,5.08,16.8,n,,,,,,,,,,,,,,,,,,,,,,,,,,,,,,,,,,
AV06,E40,2008,Abam,9.73,17.0,n,,,,,,,,,,,,,,,,,,,,,,,,,,,,,,,,,,
AV06,E40,2008,Abam,7.46,17.7,n,,,,,,,,,,,,,,,,,,,,,,,,,,,,,,,,,,
AV06,E40,2008,Abam,3.48,27.9,n,,,,,,,,,,,,,,,,,,,,,,,,,,,,,,,,,,
AV06,E40,2008,Abam,8.53,34.7,n,,,,,,,,,,,,,,,,,,,,,,,,,,,,,,,,,,
AV06,E40,2008,Abam,9.75,46.1,y,,,,,,,,,,,,,,,,,,,,,,,,,,,,,,,,,,
AV06,E40,2008,Abam,5.55,49.6,y,,,,,,,,,,,,,,,,,,,,,,,,,,,,,,,,,,
AV06,E40,2008,Thpl,7.51,72.1,y,,,,,,,,,,,,,,,,,,,,,,,,,,,,,,,,,,
AV06,E40,2008,Psme,8.1,124.7,y,,,,,,,,,,,,,,,,,,,,,,,,,,,,,,,,,,
AV06,E42,2009,Abam,7.14,12.6,n,,,,,,,,,,,,,,,,,,,,,,,,,,,,,,,,,,
AV06,E42,2009,Abam,7.38,12.8,n,,,,,,,,,,,,,,,,,,,,,,,,,,,,,,,,,,
AV06,E42,2009,Thpl,9.76,13.5,n,,,,,,,,,,,,,,,,,,,,,,,,,,,,,,,,,,
AV06,E42,2009,Abam,4.03,14.0,n,,,,,,,,,,,,,,,,,,,,,,,,,,,,,,,,,,
AV06,E42,2009,Abam,8.92,14.1,n,,,,,,,,,,,,,,,,,,,,,,,,,,,,,,,,,,
AV06,E42,2009,Abam,2.2,14.3,n,,,,,,,,,,,,,,,,,,,,,,,,,,,,,,,,,,
AV06,E42,2009,Abam,8.01,14.9,n,,,,,,,,,,,,,,,,,,,,,,,,,,,,,,,,,,
AV06,E42,2009,Abam,5.84,18.8,n,,,,,,,,,,,,,,,,,,,,,,,,,,,,,,,,,,
AV06,E42,2009,Abam,6.92,19.6,n,,,,,,,,,,,,,,,,,,,,,,,,,,,,,,,,,,
AV06,E42,2009,Abam,7.83,21.0,n,,,,,,,,,,,,,,,,,,,,,,,,,,,,,,,,,,
AV06,E42,2009,Abam,7.7,21.2,n,,,,,,,,,,,,,,,,,,,,,,,,,,,,,,,,,,
AV06,E42,2009,Abam,7.93,23.5,n,,,,,,,,,,,,,,,,,,,,,,,,,,,,,,,,,,
AV06,E42,2009,Abam,6.99,25.0,n,,,,,,,,,,,,,,,,,,,,,,,,,,,,,,,,,,
AV06,E42,2009,Abam,8.43,25.0,n,,,,,,,,,,,,,,,,,,,,,,,,,,,,,,,,,,
AV06,E42,2009,Tshe,4.63,25.6,n,,,,,,,,,,,,,,,,,,,,,,,,,,,,,,,,,,
AV06,E42,2009,Abam,8.63,26.9,n,,,,,,,,,,,,,,,,,,,,,,,,,,,,,,,,,,
AV06,E42,2009,Abam,4.49,30.0,n,,,,,,,,,,,,,,,,,,,,,,,,,,,,,,,,,,
AV06,E42,2009,Tshe,9.9,31.3,n,,,,,,,,,,,,,,,,,,,,,,,,,,,,,,,,,,
AV06,E42,2009,Abam,5.34,32.2,n,,,,,,,,,,,,,,,,,,,,,,,,,,,,,,,,,,
AV06,E42,2009,Abam,6.59,37.4,n,,,,,,,,,,,,,,,,,,,,,,,,,,,,,,,,,,
AV06,E42,2009,Abam,8.42,39.5,n,,,,,,,,,,,,,,,,,,,,,,,,,,,,,,,,,,
AV06,E42,2009,Tshe,4.65,44.7,n,,,,,,,,,,,,,,,,,,,,,,,,,,,,,,,,,,
AV06,E42,2009,Abam,1.77,48.7,y,,,,,,,,,,,,,,,,,,,,,,,,,,,,,,,,,,
AV06,E42,2009,Abam,7.16,51.9,y,,,,,,,,,,,,,,,,,,,,,,,,,,,,,,,,,,
AV06,E42,2009,Thpl,9.94,77.8,n,,,,,,,,,,,,,,,,,,,,,,,,,,,,,,,,,,
AV06,E42,2009,Psme,9.16,98.6,y,,,,,,,,,,,,,,,,,,,,,,,,,,,,,,,,,,
AV06,E43,2009,Tshe,4.68,10.4,n,,,,,,,,,,,,,,,,,,,,,,,,,,,,,,,,,,
AV06,E43,2009,Abam,7.93,11.2,n,,,,,,,,,,,,,,,,,,,,,,,,,,,,,,,,,,
AV06,E43,2009,Tshe,6.78,11.8,n,,,,,,,,,,,,,,,,,,,,,,,,,,,,,,,,,,
AV06,E43,2009,Tshe,5.1,13.1,n,,,,,,,,,,,,,,,,,,,,,,,,,,,,,,,,,,
AV06,E43,2009,Abam,8.73,15.1,n,,,,,,,,,,,,,,,,,,,,,,,,,,,,,,,,,,
AV06,E43,2009,Abam,8.03,15.4,n,,,,,,,,,,,,,,,,,,,,,,,,,,,,,,,,,,
AV06,E43,2009,Tshe,9.1,16.4,n,,,,,,,,,,,,,,,,,,,,,,,,,,,,,,,,,,
AV06,E43,2009,Abam,7.04,16.8,n,,,,,,,,,,,,,,,,,,,,,,,,,,,,,,,,,,
AV06,E43,2009,Tshe,7.06,19.6,n,,,,,,,,,,,,,,,,,,,,,,,,,,,,,,,,,,
AV06,E43,2009,Tshe,8.91,21.9,n,,,,,,,,,,,,,,,,,,,,,,,,,,,,,,,,,,
AV06,E43,2009,Abam,9.95,32.3,n,,,,,,,,,,,,,,,,,,,,,,,,,,,,,,,,,,
AV06,E43,2009,Abam,9.93,38.0,n,,,,,,,,,,,,,,,,,,,,,,,,,,,,,,,,,,
AV06,E43,2009,Abam,5.06,44.2,y,,,,,,,,,,,,,,,,,,,,,,,,,,,,,,,,,,
AV06,E43,2009,Tshe,4.06,47.6,n,Top broken off,,,,,,,,,,,,,,,,,,,,,,,,,,,,,,,,,
AV06,E43,2009,Abam,8.56,47.6,y,,,,,,,,,,,,,,,,,,,,,,,,,,,,,,,,,,
AV06,E43,2009,Abam,7.14,56.9,y,,,,,,,,,,,,,,,,,,,,,,,,,,,,,,,,,,
AV06,E43,2009,Thpl,6.97,98.4,n,,,,,,,,,,,,,,,,,,,,,,,,,,,,,,,,,,
AV06,E43,2009,Psme,9.9,114.1,y,E62,,,,,,,,,,,,,,,,,,,,,,,,,,,,,,,,,
AV06,E48,2010,Abam,6.79,10.1,n,,,,,,,,,,,,,,,,,,,,,,,,,,,,,,,,,,
AV06,E48,2010,Abam,6.79,10.1,n,,,,,,,,,,,,,,,,,,,,,,,,,,,,,,,,,,
AV06,E48,2010,Abam,9.09,12.0,n,,,,,,,,,,,,,,,,,,,,,,,,,,,,,,,,,,
AV06,E48,2010,Abam,9.09,12.0,n,,,,,,,,,,,,,,,,,,,,,,,,,,,,,,,,,,
AV06,E48,2010,Tshe,2.29,14.8,n,,,,,,,,,,,,,,,,,,,,,,,,,,,,,,,,,,
AV06,E48,2010,Tshe,2.29,14.8,n,,,,,,,,,,,,,,,,,,,,,,,,,,,,,,,,,,
AV06,E48,2010,Abam,4.99,17.0,n,,,,,,,,,,,,,,,,,,,,,,,,,,,,,,,,,,
AV06,E48,2010,Abam,4.99,17.0,n,,,,,,,,,,,,,,,,,,,,,,,,,,,,,,,,,,
AV06,E48,2010,Tshe,9.30,17.4,n,,,,,,,,,,,,,,,,,,,,,,,,,,,,,,,,,,
AV06,E48,2010,Tshe,9.30,17.4,n,,,,,,,,,,,,,,,,,,,,,,,,,,,,,,,,,,
AV06,E48,2010,Abam,3.24,19.3,n,,,,,,,,,,,,,,,,,,,,,,,,,,,,,,,,,,
AV06,E48,2010,Abam,3.24,19.3,n,,,,,,,,,,,,,,,,,,,,,,,,,,,,,,,,,,
AV06,E48,2010,Abam,3.60,20.1,n,,,,,,,,,,,,,,,,,,,,,,,,,,,,,,,,,,
AV06,E48,2010,Abam,3.60,20.1,n,,,,,,,,,,,,,,,,,,,,,,,,,,,,,,,,,,
AV06,E48,2010,Abam,1.33,21.0,n,,,,,,,,,,,,,,,,,,,,,,,,,,,,,,,,,,
AV06,E48,2010,Abam,1.33,21.0,n,,,,,,,,,,,,,,,,,,,,,,,,,,,,,,,,,,
AV06,E48,2010,Abam,9.04,22.7,n,,,,,,,,,,,,,,,,,,,,,,,,,,,,,,,,,,
AV06,E48,2010,Abam,9.04,22.7,n,,,,,,,,,,,,,,,,,,,,,,,,,,,,,,,,,,
AV06,E48,2010,Abam,8.71,23.6,n,,,,,,,,,,,,,,,,,,,,,,,,,,,,,,,,,,
AV06,E48,2010,Abam,8.74,23.6,n,,,,,,,,,,,,,,,,,,,,,,,,,,,,,,,,,,
AV06,E48,2010,Abam,4.07,24.8,n,,,,,,,,,,,,,,,,,,,,,,,,,,,,,,,,,,
AV06,E48,2010,Abam,4.07,24.8,n,,,,,,,,,,,,,,,,,,,,,,,,,,,,,,,,,,
AV06,E48,2010,Abam,3.93,26.0,n,,,,,,,,,,,,,,,,,,,,,,,,,,,,,,,,,,
AV06,E48,2010,Abam,3.93,26.0,n,,,,,,,,,,,,,,,,,,,,,,,,,,,,,,,,,,
AV06,E48,2010,Abam,9.25,27.7,n,,,,,,,,,,,,,,,,,,,,,,,,,,,,,,,,,,
AV06,E48,2010,Abam,9.25,27.7,n,,,,,,,,,,,,,,,,,,,,,,,,,,,,,,,,,,
AV06,E48,2010,Abam,3.15,31.2,y,,,,,,,,,,,,,,,,,,,,,,,,,,,,,,,,,,
AV06,E48,2010,Abam,3.15,31.2,y,,,,,,,,,,,,,,,,,,,,,,,,,,,,,,,,,,
AV06,E48,2010,Abam,4.97,36.7,y,,,,,,,,,,,,,,,,,,,,,,,,,,,,,,,,,,
AV06,E48,2010,Abam,4.97,36.7,y,,,,,,,,,,,,,,,,,,,,,,,,,,,,,,,,,,
AV06,E48,2010,Abam,6.53,40.5,y,,,,,,,,,,,,,,,,,,,,,,,,,,,,,,,,,,
AV06,E48,2010,Abam,6.53,40.5,y,,,,,,,,,,,,,,,,,,,,,,,,,,,,,,,,,,
AV06,E48,2010,Abam,3.50,41.1,y,,,,,,,,,,,,,,,,,,,,,,,,,,,,,,,,,,
AV06,E48,2010,Abam,6.50,41.1,y,,,,,,,,,,,,,,,,,,,,,,,,,,,,,,,,,,
AV06,E48,2010,Abam,6.42,42.0,y,,,,,,,,,,,,,,,,,,,,,,,,,,,,,,,,,,
AV06,E48,2010,Abam,6.42,42.0,y,,,,,,,,,,,,,,,,,,,,,,,,,,,,,,,,,,
AV06,E48,2010,Abam,5.44,46.1,y,,,,,,,,,,,,,,,,,,,,,,,,,,,,,,,,,,
AV06,E48,2010,Thpl,5.44,46.1,y,,,,,,,,,,,,,,,,,,,,,,,,,,,,,,,,,,
AV06,E48,2010,Thpl,7.90,56.3,y,,,,,,,,,,,,,,,,,,,,,,,,,,,,,,,,,,
AV06,E48,2010,Thpl,7.90,56.3,y,,,,,,,,,,,,,,,,,,,,,,,,,,,,,,,,,,
AV06,E48,2010,Tshe,9.31,72.7,n,,,,,,,,,,,,,,,,,,,,,,,,,,,,,,,,,,
AV06,E48,2010,Tshe,9.31,72.7,n,,,,,,,,,,,,,,,,,,,,,,,,,,,,,,,,,,
AV06,E48,2010,Abam,6.94,78.8,y,,,,,,,,,,,,,,,,,,,,,,,,,,,,,,,,,,
AV06,E48,2010,Thpl,6.94,78.8,y,,,,,,,,,,,,,,,,,,,,,,,,,,,,,,,,,,
AV06,E5,2008,Abam,1.2,12.3,n,,,,,,,,,,,,,,,,,,,,,,,,,,,,,,,,,,
AV06,E5,2008,Abam,5.79,12.3,n,,,,,,,,,,,,,,,,,,,,,,,,,,,,,,,,,,
AV06,E5,2008,Abam,9.99,13.5,n,,,,,,,,,,,,,,,,,,,,,,,,,,,,,,,,,,
AV06,E5,2008,Abam,3.95,20.6,n,,,,,,,,,,,,,,,,,,,,,,,,,,,,,,,,,,
AV06,E5,2008,Abam,5.53,21.0,n,,,,,,,,,,,,,,,,,,,,,,,,,,,,,,,,,,
AV06,E5,2008,Abam,3.89,21.6,n,,,,,,,,,,,,,,,,,,,,,,,,,,,,,,,,,,
AV06,E5,2008,Tshe,6.72,27.4,n,,,,,,,,,,,,,,,,,,,,,,,,,,,,,,,,,,
AV06,E5,2008,Abam,2.96,32.2,n,,,,,,,,,,,,,,,,,,,,,,,,,,,,,,,,,,
AV06,E5,2008,Abam,8.86,37.3,n,,,,,,,,,,,,,,,,,,,,,,,,,,,,,,,,,,
AV06,E5,2008,Tshe,4.88,42.2,n,,,,,,,,,,,,,,,,,,,,,,,,,,,,,,,,,,
AV06,E5,2008,Abam,8.69,47.8,n,,,,,,,,,,,,,,,,,,,,,,,,,,,,,,,,,,
AV06,E5,2008,Abam,4.66,64.9,y,,,,,,,,,,,,,,,,,,,,,,,,,,,,,,,,,,
AV06,E5,2008,Abam,7.92,65.5,y,,,,,,,,,,,,,,,,,,,,,,,,,,,,,,,,,,
AV06,E5,2008,Abam,7.71,76.3,y,,,,,,,,,,,,,,,,,,,,,,,,,,,,,,,,,,
AV06,E50,2010,Abam,4.71,10.2,n,,,,,,,,,,,,,,,,,,,,,,,,,,,,,,,,,,
AV06,E50,2010,Abam,5.58,10.5,n,,,,,,,,,,,,,,,,,,,,,,,,,,,,,,,,,,
AV06,E50,2010,Abam,2.17,12.0,n,,,,,,,,,,,,,,,,,,,,,,,,,,,,,,,,,,
AV06,E50,2010,Abam,3.55,12.7,n,,,,,,,,,,,,,,,,,,,,,,,,,,,,,,,,,,
AV06,E50,2010,Tshe,4.15,13.0,n,,,,,,,,,,,,,,,,,,,,,,,,,,,,,,,,,,
AV06,E50,2010,Abam,3.48,13.8,n,,,,,,,,,,,,,,,,,,,,,,,,,,,,,,,,,,
AV06,E50,2010,Abam,7.99,14.7,n,,,,,,,,,,,,,,,,,,,,,,,,,,,,,,,,,,
AV06,E50,2010,Abam,6.40,15.6,n,,,,,,,,,,,,,,,,,,,,,,,,,,,,,,,,,,
AV06,E50,2010,Tshe,8.26,16.4,n,,,,,,,,,,,,,,,,,,,,,,,,,,,,,,,,,,
AV06,E50,2010,Abam,7.86,17.5,n,,,,,,,,,,,,,,,,,,,,,,,,,,,,,,,,,,
AV06,E50,2010,Tshe,7.84,18.4,n,,,,,,,,,,,,,,,,,,,,,,,,,,,,,,,,,,
AV06,E50,2010,Abam,5.17,18.5,n,,,,,,,,,,,,,,,,,,,,,,,,,,,,,,,,,,
AV06,E50,2010,Abam,6.91,19.8,n,,,,,,,,,,,,,,,,,,,,,,,,,,,,,,,,,,
AV06,E50,2010,Abam,9.53,20.7,n,,,,,,,,,,,,,,,,,,,,,,,,,,,,,,,,,,
AV06,E50,2010,Abam,4.65,23.5,n,,,,,,,,,,,,,,,,,,,,,,,,,,,,,,,,,,
AV06,E50,2010,Abam,5.68,24.4,n,,,,,,,,,,,,,,,,,,,,,,,,,,,,,,,,,,
AV06,E50,2010,Abam,8.69,25.1,n,,,,,,,,,,,,,,,,,,,,,,,,,,,,,,,,,,
AV06,E50,2010,Abam,6.58,25.2,n,,,,,,,,,,,,,,,,,,,,,,,,,,,,,,,,,,
AV06,E50,2010,Abam,8.20,26.6,n,,,,,,,,,,,,,,,,,,,,,,,,,,,,,,,,,,
AV06,E50,2010,Abam,2.37,36.4,y,,,,,,,,,,,,,,,,,,,,,,,,,,,,,,,,,,
AV06,E50,2010,Abam,2.04,40.1,y,,,,,,,,,,,,,,,,,,,,,,,,,,,,,,,,,,
AV06,E50,2010,Abam,6.21,43.6,y,,,,,,,,,,,,,,,,,,,,,,,,,,,,,,,,,,
AV06,E50,2010,Abam,7.38,52.3,y,,,,,,,,,,,,,,,,,,,,,,,,,,,,,,,,,,
AV06,E50,2010,Tshe,7.62,53.4,y,,,,,,,,,,,,,,,,,,,,,,,,,,,,,,,,,,
AV06,E6,2008,Abam,2.71,10.0,n,,,,,,,,,,,,,,,,,,,,,,,,,,,,,,,,,,
AV06,E6,2008,Abam,7.42,11.5,n,,,,,,,,,,,,,,,,,,,,,,,,,,,,,,,,,,
AV06,E6,2008,Abam,0.24,12.0,n,,,,,,,,,,,,,,,,,,,,,,,,,,,,,,,,,,
AV06,E6,2008,Tshe,8.65,12.0,n,,,,,,,,,,,,,,,,,,,,,,,,,,,,,,,,,,
AV06,E6,2008,Tshe,8.6,13.2,n,,,,,,,,,,,,,,,,,,,,,,,,,,,,,,,,,,
AV06,E6,2008,Abam,5.42,16.3,n,,,,,,,,,,,,,,,,,,,,,,,,,,,,,,,,,,
AV06,E6,2008,Abam,5.72,17.9,n,,,,,,,,,,,,,,,,,,,,,,,,,,,,,,,,,,
AV06,E6,2008,Abam,4.56,19.5,n,,,,,,,,,,,,,,,,,,,,,,,,,,,,,,,,,,
AV06,E6,2008,Tshe,9.59,20.2,n,,,,,,,,,,,,,,,,,,,,,,,,,,,,,,,,,,
AV06,E6,2008,Abam,1.54,20.3,n,,,,,,,,,,,,,,,,,,,,,,,,,,,,,,,,,,
AV06,E6,2008,Abam,5.81,24.6,n,,,,,,,,,,,,,,,,,,,,,,,,,,,,,,,,,,
AV06,E6,2008,Abam,6.32,25.9,n,,,,,,,,,,,,,,,,,,,,,,,,,,,,,,,,,,
AV06,E6,2008,Abam,9.19,30.0,n,,,,,,,,,,,,,,,,,,,,,,,,,,,,,,,,,,
AV06,E6,2008,Abam,0.55,37.0,n,,,,,,,,,,,,,,,,,,,,,,,,,,,,,,,,,,
AV06,E6,2008,Abam,7.77,43.5,n,,,,,,,,,,,,,,,,,,,,,,,,,,,,,,,,,,
AV06,E6,2008,Abam,6.23,47.0,n,,,,,,,,,,,,,,,,,,,,,,,,,,,,,,,,,,
AV06,E6,2008,Abam,9.84,50.4,y,,,,,,,,,,,,,,,,,,,,,,,,,,,,,,,,,,
AV06,E6,2008,Abam,2.28,56.5,y,,,,,,,,,,,,,,,,,,,,,,,,,,,,,,,,,,
AV06,E6,2008,Abam,8.13,60.5,y,,,,,,,,,,,,,,,,,,,,,,,,,,,,,,,,,,
AV06,E6,2008,Abam,8,71.8,y,,,,,,,,,,,,,,,,,,,,,,,,,,,,,,,,,,
AV06,E6,2008,Psme,9.11,125.9,y,,,,,,,,,,,,,,,,,,,,,,,,,,,,,,,,,,
AV06,E7,2008,Abam,8.35,15.7,n,,,,,,,,,,,,,,,,,,,,,,,,,,,,,,,,,,
AV06,E7,2008,Abam,8.21,10.5,n,,,,,,,,,,,,,,,,,,,,,,,,,,,,,,,,,,
AV06,E7,2008,Thpl,9,10.9,n,,,,,,,,,,,,,,,,,,,,,,,,,,,,,,,,,,
AV06,E7,2008,Abam,6.36,12.9,n,,,,,,,,,,,,,,,,,,,,,,,,,,,,,,,,,,
AV06,E7,2008,Abam,4.25,13.6,n,,,,,,,,,,,,,,,,,,,,,,,,,,,,,,,,,,
AV06,E7,2008,Abam,8.65,17.2,n,,,,,,,,,,,,,,,,,,,,,,,,,,,,,,,,,,
AV06,E7,2008,Abam,7.38,19.4,n,,,,,,,,,,,,,,,,,,,,,,,,,,,,,,,,,,
AV06,E7,2008,Abam,8.49,29.4,n,,,,,,,,,,,,,,,,,,,,,,,,,,,,,,,,,,
AV06,E7,2008,Abam,5.56,32.0,n,,,,,,,,,,,,,,,,,,,,,,,,,,,,,,,,,,
AV06,E7,2008,Abam,9.68,34.2,n,,,,,,,,,,,,,,,,,,,,,,,,,,,,,,,,,,
AV06,E7,2008,Abam,8.13,36.5,n,,,,,,,,,,,,,,,,,,,,,,,,,,,,,,,,,,
AV06,E7,2008,Abam,0.91,38.7,n,,,,,,,,,,,,,,,,,,,,,,,,,,,,,,,,,,
AV06,E7,2008,Abam,4.37,39.5,n,,,,,,,,,,,,,,,,,,,,,,,,,,,,,,,,,,
AV06,E7,2008,Abam,4.13,49.0,n,,,,,,,,,,,,,,,,,,,,,,,,,,,,,,,,,,
AV06,E7,2008,Abam,8.41,63.4,y,,,,,,,,,,,,,,,,,,,,,,,,,,,,,,,,,,
AV06,E7,2008,Abam,9.3,68.1,y,,,,,,,,,,,,,,,,,,,,,,,,,,,,,,,,,,
AV06,E7,2008,Thpl,9.31,83.3,y,,,,,,,,,,,,,,,,,,,,,,,,,,,,,,,,,,
AV06,E8,2008,Abam,6.2,10.4,n,,,,,,,,,,,,,,,,,,,,,,,,,,,,,,,,,,
AV06,E8,2008,Abam,9.31,11.0,n,,,,,,,,,,,,,,,,,,,,,,,,,,,,,,,,,,
AV06,E8,2008,Abam,1.48,13.5,n,,,,,,,,,,,,,,,,,,,,,,,,,,,,,,,,,,
AV06,E8,2008,Abam,5.27,13.8,n,,,,,,,,,,,,,,,,,,,,,,,,,,,,,,,,,,
AV06,E8,2008,Tshe,4.05,15.7,n,,,,,,,,,,,,,,,,,,,,,,,,,,,,,,,,,,
AV06,E8,2008,Abam,1.78,19.5,n,,,,,,,,,,,,,,,,,,,,,,,,,,,,,,,,,,
AV06,E8,2008,Tshe,6.48,20.5,n,,,,,,,,,,,,,,,,,,,,,,,,,,,,,,,,,,
AV06,E8,2008,Abam,3.75,24.6,n,,,,,,,,,,,,,,,,,,,,,,,,,,,,,,,,,,
AV06,E8,2008,Abam,6.06,27.7,n,,,,,,,,,,,,,,,,,,,,,,,,,,,,,,,,,,
AV06,E8,2008,Abam,5.78,39.6,n,,,,,,,,,,,,,,,,,,,,,,,,,,,,,,,,,,
AV06,E8,2008,Abam,6.14,51.1,n,,,,,,,,,,,,,,,,,,,,,,,,,,,,,,,,,,
AV06,E8,2008,Abam,5.24,54.5,y,,,,,,,,,,,,,,,,,,,,,,,,,,,,,,,,,,
AV06,E8,2008,Abam,5.72,67.1,y,,,,,,,,,,,,,,,,,,,,,,,,,,,,,,,,,,
AV06,E8,2008,Abam,3.22,68.5,y,,,,,,,,,,,,,,,,,,,,,,,,,,,,,,,,,,
AV06,E9,2008,Abam,5.64,12.1,n,,,,,,,,,,,,,,,,,,,,,,,,,,,,,,,,,,
AV06,E9,2008,Tshe,9.27,17.6,n,,,,,,,,,,,,,,,,,,,,,,,,,,,,,,,,,,
AV06,E9,2008,Abam,4.85,17.7,n,,,,,,,,,,,,,,,,,,,,,,,,,,,,,,,,,,
AV06,E9,2008,Tshe,3.4,20.5,n,,,,,,,,,,,,,,,,,,,,,,,,,,,,,,,,,,
AV06,E9,2008,Cano,8.28,21.7,n,,,,,,,,,,,,,,,,,,,,,,,,,,,,,,,,,,
AV06,E9,2008,Abam,6.03,34.0,n,,,,,,,,,,,,,,,,,,,,,,,,,,,,,,,,,,
AV06,E9,2008,Cano,8.22,37.0,n,,,,,,,,,,,,,,,,,,,,,,,,,,,,,,,,,,
AV06,E9,2008,Abam,9.87,39.9,n,,,,,,,,,,,,,,,,,,,,,,,,,,,,,,,,,,
AV06,E9,2008,Abam,7.74,48.4,n,,,,,,,,,,,,,,,,,,,,,,,,,,,,,,,,,,
AV06,E9,2008,Abam,3.02,52.2,y,,,,,,,,,,,,,,,,,,,,,,,,,,,,,,,,,,
AV06,E9,2008,Abam,9.27,53.2,n,,,,,,,,,,,,,,,,,,,,,,,,,,,,,,,,,,
AV06,E9,2008,Abam,6.34,57.8,y,,,,,,,,,,,,,,,,,,,,,,,,,,,,,,,,,,
AV06,E9,2008,Abam,7.82,60.5,y,,,,,,,,,,,,,,,,,,,,,,,,,,,,,,,,,,
AV06,E9,2008,Abam,9.33,72.4,y,E10,,,,,,,,,,,,,,,,,,,,,,,,,,,,,,,,,
AE10,F1,2008,Abam,2.5,25.3,n,,,,,,,,,,,,,,,,,,,,,,,,,,,,,,,,,,
AE10,F1,2008,Tsme,1.67,39.3,n,,,,,,,,,,,,,,,,,,,,,,,,,,,,,,,,,,
AE10,F1,2008,Cano,4.36,43.2,n,,,,,,,,,,,,,,,,,,,,,,,,,,,,,,,,,,
AE10,F1,2008,Cano,8.57,43.5,n,,,,,,,,,,,,,,,,,,,,,,,,,,,,,,,,,,
AE10,F1,2008,Cano,9.67,78.3,y,,,,,,,,,,,,,,,,,,,,,,,,,,,,,,,,,,
AE10,F1,2008,Abam,1.92,129.1,y,,,,,,,,,,,,,,,,,,,,,,,,,,,,,,,,,,
AE10,F10,2008,Abam,8.23,24.5,n,,,,,,,,,,,,,,,,,,,,,,,,,,,,,,,,,,
AE10,F10,2008,Abam,9.56,33.8,n,,,,,,,,,,,,,,,,,,,,,,,,,,,,,,,,,,
AE10,F10,2008,Abam,0.61,35.8,n,,,,,,,,,,,,,,,,,,,,,,,,,,,,,,,,,,
AE10,F10,2008,Cano,7.12,37.4,n,,,,,,,,,,,,,,,,,,,,,,,,,,,,,,,,,,
AE10,F10,2008,Abam,9.26,37.5,n,,,,,,,,,,,,,,,,,,,,,,,,,,,,,,,,,,
AE10,F10,2008,Cano,5.24,42.0,n,,,,,,,,,,,,,,,,,,,,,,,,,,,,,,,,,,
AE10,F10,2008,Cano,6.84,44.5,n,,,,,,,,,,,,,,,,,,,,,,,,,,,,,,,,,,
AE10,F10,2008,Cano,7.34,46.6,y,,,,,,,,,,,,,,,,,,,,,,,,,,,,,,,,,,
AE10,F10,2008,Cano,6.98,47.7,y,,,,,,,,,,,,,,,,,,,,,,,,,,,,,,,,,,
AE10,F10,2008,Cano,8.54,49.1,y,,,,,,,,,,,,,,,,,,,,,,,,,,,,,,,,,,
AE10,F10,2008,Abam,8.74,55.8,y,,,,,,,,,,,,,,,,,,,,,,,,,,,,,,,,,,
AE10,F10,2008,Cano,8.87,57.4,y,,,,,,,,,,,,,,,,,,,,,,,,,,,,,,,,,,
AE10,F10,2008,Abam,7.55,57.9,y,,,,,,,,,,,,,,,,,,,,,,,,,,,,,,,,,,
AE10,F10,2008,Cano,4.42,63.5,n,,,,,,,,,,,,,,,,,,,,,,,,,,,,,,,,,,
AE10,F10,2008,Abam,3.24,64.8,y,,,,,,,,,,,,,,,,,,,,,,,,,,,,,,,,,,
AE10,F10,2008,Abam,7.06,72.7,y,,,,,,,,,,,,,,,,,,,,,,,,,,,,,,,,,,
AE10,F10,2008,Cano,9.11,83.5,y,2 trunks,,,,,,,,,,,,,,,,,,,,,,,,,,,,,,,,,
AE10,F11,2008,Abam,9.6,19.8,n,,,,,,,,,,,,,,,,,,,,,,,,,,,,,,,,,,
AE10,F11,2008,Abam,7.15,20.3,n,,,,,,,,,,,,,,,,,,,,,,,,,,,,,,,,,,
AE10,F11,2008,Cano,7.21,33.8,n,,,,,,,,,,,,,,,,,,,,,,,,,,,,,,,,,,
AE10,F11,2008,Cano,6.41,41.4,n,,,,,,,,,,,,,,,,,,,,,,,,,,,,,,,,,,
AE10,F11,2008,Cano,4.83,42.7,n,,,,,,,,,,,,,,,,,,,,,,,,,,,,,,,,,,
AE10,F11,2008,Cano,5.93,43.7,n,,,,,,,,,,,,,,,,,,,,,,,,,,,,,,,,,,
AE10,F11,2008,Cano,4.55,44.0,n,,,,,,,,,,,,,,,,,,,,,,,,,,,,,,,,,,
AE10,F11,2008,Cano,6.89,47.5,y,,,,,,,,,,,,,,,,,,,,,,,,,,,,,,,,,,
AE10,F11,2008,Cano,7.24,47.9,n,,,,,,,,,,,,,,,,,,,,,,,,,,,,,,,,,,
AE10,F11,2008,Cano,7.46,50.5,y,,,,,,,,,,,,,,,,,,,,,,,,,,,,,,,,,,
AE10,F11,2008,Cano,9.64,58.7,y,,,,,,,,,,,,,,,,,,,,,,,,,,,,,,,,,,
AE10,F11,2008,Cano,8.07,59.4,y,,,,,,,,,,,,,,,,,,,,,,,,,,,,,,,,,,
AE10,F11,2008,Abam,9.32,61.3,y,,,,,,,,,,,,,,,,,,,,,,,,,,,,,,,,,,
AE10,F11,2008,Abam,9.72,63.1,y,,,,,,,,,,,,,,,,,,,,,,,,,,,,,,,,,,
AE10,F11,2008,Abam,9.11,65.9,y,,,,,,,,,,,,,,,,,,,,,,,,,,,,,,,,,,
AE10,F11,2008,Abam,0.56,71.0,y,F12,,,,,,,,,,,,,,,,,,,,,,,,,,,,,,,,,
AE10,F12,2008,Abam,9.85,12.9,n,,,,,,,,,,,,,,,,,,,,,,,,,,,,,,,,,,
AE10,F12,2008,Abam,9.47,19.8,n,,,,,,,,,,,,,,,,,,,,,,,,,,,,,,,,,,
AE10,F12,2008,Abam,7.2,20.3,n,,,,,,,,,,,,,,,,,,,,,,,,,,,,,,,,,,
AE10,F12,2008,Cano,9.08,33.8,n,,,,,,,,,,,,,,,,,,,,,,,,,,,,,,,,,,
AE10,F12,2008,Abam,9.73,38.5,n,crown broken off,,,,,,,,,,,,,,,,,,,,,,,,,,,,,,,,,
AE10,F12,2008,Cano,8.52,41.4,n,,,,,,,,,,,,,,,,,,,,,,,,,,,,,,,,,,
AE10,F12,2008,Cano,4.49,42.7,n,,,,,,,,,,,,,,,,,,,,,,,,,,,,,,,,,,
AE10,F12,2008,Cano,5.69,43.7,n,,,,,,,,,,,,,,,,,,,,,,,,,,,,,,,,,,
AE10,F12,2008,Cano,3.75,44.6,n,,,,,,,,,,,,,,,,,,,,,,,,,,,,,,,,,,
AE10,F12,2008,Cano,6.62,47.5,y,,,,,,,,,,,,,,,,,,,,,,,,,,,,,,,,,,
AE10,F12,2008,Cano,8.79,47.9,n,,,,,,,,,,,,,,,,,,,,,,,,,,,,,,,,,,
AE10,F12,2008,Cano,9.15,50.5,y,,,,,,,,,,,,,,,,,,,,,,,,,,,,,,,,,,
AE10,F12,2008,Cano,9.08,58.7,y,,,,,,,,,,,,,,,,,,,,,,,,,,,,,,,,,,
AE10,F12,2008,Cano,9.65,59.5,y,,,,,,,,,,,,,,,,,,,,,,,,,,,,,,,,,,
AE10,F12,2008,Abam,9.57,65.9,y,,,,,,,,,,,,,,,,,,,,,,,,,,,,,,,,,,
AE10,F12,2008,Tsme,0.56,116.5,y,F11,,,,,,,,,,,,,,,,,,,,,,,,,,,,,,,,,
AE10,F13,2008,Abam,7.3,18.8,n,,,,,,,,,,,,,,,,,,,,,,,,,,,,,,,,,,
AE10,F13,2008,Abam,7.7,20.5,n,,,,,,,,,,,,,,,,,,,,,,,,,,,,,,,,,,
AE10,F13,2008,Cano,3.85,28.3,n,,,,,,,,,,,,,,,,,,,,,,,,,,,,,,,,,,
AE10,F13,2008,Abam,2.91,29.3,n,,,,,,,,,,,,,,,,,,,,,,,,,,,,,,,,,,
AE10,F13,2008,Abam,9.3,37.3,n,,,,,,,,,,,,,,,,,,,,,,,,,,,,,,,,,,
AE10,F13,2008,Cano,6.08,41.2,n,crown broken off,,,,,,,,,,,,,,,,,,,,,,,,,,,,,,,,,
AE10,F13,2008,Cano,8.25,52.0,n,,,,,,,,,,,,,,,,,,,,,,,,,,,,,,,,,,
AE10,F13,2008,Cano,9.74,58.1,n,,,,,,,,,,,,,,,,,,,,,,,,,,,,,,,,,,
AE10,F13,2008,Cano,1.14,66.4,y,,,,,,,,,,,,,,,,,,,,,,,,,,,,,,,,,,
AE10,F13,2008,Abam,8.25,78.4,y,,,,,,,,,,,,,,,,,,,,,,,,,,,,,,,,,,
AE10,F13,2008,Abam,6.7,84.4,y,,,,,,,,,,,,,,,,,,,,,,,,,,,,,,,,,,
AE10,F13,2008,Abam,6.2,88.5,y,,,,,,,,,,,,,,,,,,,,,,,,,,,,,,,,,,
AE10,F14,2008,Abam,4.83,15.9,n,,,,,,,,,,,,,,,,,,,,,,,,,,,,,,,,,,
AE10,F14,2008,Abam,7.42,26.8,n,,,,,,,,,,,,,,,,,,,,,,,,,,,,,,,,,,
AE10,F14,2008,Cano,7.75,31.7,n,,,,,,,,,,,,,,,,,,,,,,,,,,,,,,,,,,
AE10,F14,2008,Cano,6.83,48.6,y,,,,,,,,,,,,,,,,,,,,,,,,,,,,,,,,,,
AE10,F14,2008,Cano,5.76,49.0,n,,,,,,,,,,,,,,,,,,,,,,,,,,,,,,,,,,
AE10,F14,2008,Cano,5.96,52.6,n,,,,,,,,,,,,,,,,,,,,,,,,,,,,,,,,,,
AE10,F14,2008,Abam,5.55,64.6,y,,,,,,,,,,,,,,,,,,,,,,,,,,,,,,,,,,
AE10,F14,2008,Abam,6.11,75.7,y,,,,,,,,,,,,,,,,,,,,,,,,,,,,,,,,,,
AE10,F14,2008,Tsme,7.82,90.5,y,,,,,,,,,,,,,,,,,,,,,,,,,,,,,,,,,,
AE10,F14,2008,Abam,5.12,121.8,y,F15,,,,,,,,,,,,,,,,,,,,,,,,,,,,,,,,,
AE10,F15,2008,Cano,4.16,31.7,n,,,,,,,,,,,,,,,,,,,,,,,,,,,,,,,,,,
AE10,F15,2008,Cano,6.56,36.9,n,,,,,,,,,,,,,,,,,,,,,,,,,,,,,,,,,,
AE10,F15,2008,Cano,2.29,49.0,n,,,,,,,,,,,,,,,,,,,,,,,,,,,,,,,,,,
AE10,F15,2008,Cano,6.51,52.6,n,,,,,,,,,,,,,,,,,,,,,,,,,,,,,,,,,,
AE10,F15,2008,Cano,4.96,54.3,n,,,,,,,,,,,,,,,,,,,,,,,,,,,,,,,,,,
AE10,F15,2008,Cano,5.36,56.8,y,,,,,,,,,,,,,,,,,,,,,,,,,,,,,,,,,,
AE10,F15,2008,Cano,9.63,67.8,n,,,,,,,,,,,,,,,,,,,,,,,,,,,,,,,,,,
AE10,F15,2008,Tsme,5.12,68.7,n,F14,,,,,,,,,,,,,,,,,,,,,,,,,,,,,,,,,
AE10,F15,2008,Tsme,6.11,90.5,y,,,,,,,,,,,,,,,,,,,,,,,,,,,,,,,,,,
AE10,F16,2008,Abam,3.98,10.3,n,,,,,,,,,,,,,,,,,,,,,,,,,,,,,,,,,,
AE10,F16,2008,Abam,7.57,15.8,n,,,,,,,,,,,,,,,,,,,,,,,,,,,,,,,,,,
AE10,F16,2008,Abam,9.7,17.2,n,,,,,,,,,,,,,,,,,,,,,,,,,,,,,,,,,,
AE10,F16,2008,Abam,8.34,17.6,n,,,,,,,,,,,,,,,,,,,,,,,,,,,,,,,,,,
AE10,F16,2008,Cano,5.95,32.8,n,,,,,,,,,,,,,,,,,,,,,,,,,,,,,,,,,,
AE10,F16,2008,Cano,6.84,35.7,n,,,,,,,,,,,,,,,,,,,,,,,,,,,,,,,,,,
AE10,F16,2008,Cano,9.36,36.9,n,,,,,,,,,,,,,,,,,,,,,,,,,,,,,,,,,,
AE10,F16,2008,Cano,2.29,37.3,n,,,,,,,,,,,,,,,,,,,,,,,,,,,,,,,,,,
AE10,F16,2008,Cano,8.91,37.4,n,,,,,,,,,,,,,,,,,,,,,,,,,,,,,,,,,,
AE10,F16,2008,Cano,2.75,39.4,n,,,,,,,,,,,,,,,,,,,,,,,,,,,,,,,,,,
AE10,F16,2008,Cano,7.02,41.9,n,,,,,,,,,,,,,,,,,,,,,,,,,,,,,,,,,,
AE10,F16,2008,Tsme,8.42,42.8,n,,,,,,,,,,,,,,,,,,,,,,,,,,,,,,,,,,
AE10,F16,2008,Cano,7.62,43.1,n,,,,,,,,,,,,,,,,,,,,,,,,,,,,,,,,,,
AE10,F16,2008,Cano,6.01,45.0,y,,,,,,,,,,,,,,,,,,,,,,,,,,,,,,,,,,
AE10,F16,2008,Cano,1.29,46.4,n,,,,,,,,,,,,,,,,,,,,,,,,,,,,,,,,,,
AE10,F16,2008,Cano,4.94,48.2,n,,,,,,,,,,,,,,,,,,,,,,,,,,,,,,,,,,
AE10,F16,2008,Cano,4.51,56.3,n,,,,,,,,,,,,,,,,,,,,,,,,,,,,,,,,,,
AE10,F16,2008,Cano,7.48,56.5,n,,,,,,,,,,,,,,,,,,,,,,,,,,,,,,,,,,
AE10,F16,2008,Abam,9.15,56.7,y,,,,,,,,,,,,,,,,,,,,,,,,,,,,,,,,,,
AE10,F16,2008,Abam,4.29,87.0,y,F17,,,,,,,,,,,,,,,,,,,,,,,,,,,,,,,,,
AE10,F16,2008,Abam,3.26,105.4,y,,,,,,,,,,,,,,,,,,,,,,,,,,,,,,,,,,
AE10,F17,2008,Abam,9.01,10.2,n,,,,,,,,,,,,,,,,,,,,,,,,,,,,,,,,,,
AE10,F17,2008,Cano,7.94,29.9,n,,,,,,,,,,,,,,,,,,,,,,,,,,,,,,,,,,
AE10,F17,2008,Cano,6.53,30.2,n,,,,,,,,,,,,,,,,,,,,,,,,,,,,,,,,,,
AE10,F17,2008,Cano,7.9,30.6,n,,,,,,,,,,,,,,,,,,,,,,,,,,,,,,,,,,
AE10,F17,2008,Cano,1.12,32.8,n,,,,,,,,,,,,,,,,,,,,,,,,,,,,,,,,,,
AE10,F17,2008,Cano,5.17,36.9,n,,,,,,,,,,,,,,,,,,,,,,,,,,,,,,,,,,
AE10,F17,2008,Cano,2.45,37.3,n,,,,,,,,,,,,,,,,,,,,,,,,,,,,,,,,,,
AE10,F17,2008,Cano,4.6,37.4,n,,,,,,,,,,,,,,,,,,,,,,,,,,,,,,,,,,
AE10,F17,2008,Cano,2.12,39.4,n,,,,,,,,,,,,,,,,,,,,,,,,,,,,,,,,,,
AE10,F17,2008,Cano,3.56,41.9,n,,,,,,,,,,,,,,,,,,,,,,,,,,,,,,,,,,
AE10,F17,2008,Cano,9.22,45.0,n,,,,,,,,,,,,,,,,,,,,,,,,,,,,,,,,,,
AE10,F17,2008,Cano,5.31,46.4,n,,,,,,,,,,,,,,,,,,,,,,,,,,,,,,,,,,
AE10,F17,2008,Cano,2.64,48.2,n,,,,,,,,,,,,,,,,,,,,,,,,,,,,,,,,,,
AE10,F17,2008,Cano,2.9,56.3,n,,,,,,,,,,,,,,,,,,,,,,,,,,,,,,,,,,
AE10,F17,2008,Abam,6.95,67.8,y,,,,,,,,,,,,,,,,,,,,,,,,,,,,,,,,,,
AE10,F17,2008,Cano,9.67,69.1,n,2 trunks,,,,,,,,,,,,,,,,,,,,,,,,,,,,,,,,,
AE10,F17,2008,Cano,4.29,76.9,n,F16,,,,,,,,,,,,,,,,,,,,,,,,,,,,,,,,,
AE10,F17,2008,Abam,6.63,105.4,y,,,,,,,,,,,,,,,,,,,,,,,,,,,,,,,,,,
AE10,F18,2008,Tsme,9.79,11.3,n,,,,,,,,,,,,,,,,,,,,,,,,,,,,,,,,,,
AE10,F18,2008,Tsme,7.19,15.7,n,,,,,,,,,,,,,,,,,,,,,,,,,,,,,,,,,,
AE10,F18,2008,Tsme,5.11,16.8,n,,,,,,,,,,,,,,,,,,,,,,,,,,,,,,,,,,
AE10,F18,2008,Abam,5.73,23.0,n,,,,,,,,,,,,,,,,,,,,,,,,,,,,,,,,,,
AE10,F18,2008,Cano,7.14,23.9,n,,,,,,,,,,,,,,,,,,,,,,,,,,,,,,,,,,
AE10,F18,2008,Abam,5.81,28.2,n,,,,,,,,,,,,,,,,,,,,,,,,,,,,,,,,,,
AE10,F18,2008,Tsme,8.51,28.7,n,,,,,,,,,,,,,,,,,,,,,,,,,,,,,,,,,,
AE10,F18,2008,Cano,9.06,35.7,n,,,,,,,,,,,,,,,,,,,,,,,,,,,,,,,,,,
AE10,F18,2008,Cano,6.7,36.9,n,,,,,,,,,,,,,,,,,,,,,,,,,,,,,,,,,,
AE10,F18,2008,Abam,5.33,37.5,n,,,,,,,,,,,,,,,,,,,,,,,,,,,,,,,,,,
AE10,F18,2008,Cano,6.73,41.9,n,,,,,,,,,,,,,,,,,,,,,,,,,,,,,,,,,,
AE10,F18,2008,Cano,9.06,43.0,n,,,,,,,,,,,,,,,,,,,,,,,,,,,,,,,,,,
AE10,F18,2008,Cano,9.66,43.9,n,,,,,,,,,,,,,,,,,,,,,,,,,,,,,,,,,,
AE10,F18,2008,Cano,3.9,53.0,y,,,,,,,,,,,,,,,,,,,,,,,,,,,,,,,,,,
AE10,F18,2008,Cano,5.94,55.5,n,2 trunks,,,,,,,,,,,,,,,,,,,,,,,,,,,,,,,,,
AE10,F18,2008,Abam,7.42,78.1,y,,,,,,,,,,,,,,,,,,,,,,,,,,,,,,,,,,
AE10,F18,2008,Abam,5.03,89.0,y,F19,,,,,,,,,,,,,,,,,,,,,,,,,,,,,,,,,
AE10,F19,2008,Tsme,6.13,15.3,n,,,,,,,,,,,,,,,,,,,,,,,,,,,,,,,,,,
AE10,F19,2008,Tsme,4.12,16.8,n,,,,,,,,,,,,,,,,,,,,,,,,,,,,,,,,,,
AE10,F19,2008,Tsme,8.66,18.5,n,,,,,,,,,,,,,,,,,,,,,,,,,,,,,,,,,,
AE10,F19,2008,Abam,8.91,20.2,n,,,,,,,,,,,,,,,,,,,,,,,,,,,,,,,,,,
AE10,F19,2008,Abam,9.28,23.0,n,,,,,,,,,,,,,,,,,,,,,,,,,,,,,,,,,,
AE10,F19,2008,Cano,8.94,23.9,n,,,,,,,,,,,,,,,,,,,,,,,,,,,,,,,,,,
AE10,F19,2008,Tsme,3.63,28.6,n,,,,,,,,,,,,,,,,,,,,,,,,,,,,,,,,,,
AE10,F19,2008,Cano,8.35,36.3,n,,,,,,,,,,,,,,,,,,,,,,,,,,,,,,,,,,
AE10,F19,2008,Cano,8.39,36.9,n,,,,,,,,,,,,,,,,,,,,,,,,,,,,,,,,,,
AE10,F19,2008,Cano,7.99,43.0,n,,,,,,,,,,,,,,,,,,,,,,,,,,,,,,,,,,
AE10,F19,2008,Cano,8.87,45.2,n,,,,,,,,,,,,,,,,,,,,,,,,,,,,,,,,,,
AE10,F19,2008,Cano,9.02,48.2,n,,,,,,,,,,,,,,,,,,,,,,,,,,,,,,,,,,
AE10,F19,2008,Cano,2.87,55.5,n,,,,,,,,,,,,,,,,,,,,,,,,,,,,,,,,,,
AE10,F19,2008,Tsme,5.29,67.9,y,F18,,,,,,,,,,,,,,,,,,,,,,,,,,,,,,,,,
AE10,F19,2008,Abam,8.3,78.1,y,,,,,,,,,,,,,,,,,,,,,,,,,,,,,,,,,,
AE10,F2,2008,Abam,5.84,15.6,n,,,,,,,,,,,,,,,,,,,,,,,,,,,,,,,,,,
AE10,F2,2008,Cano,3.93,27.0,n,,,,,,,,,,,,,,,,,,,,,,,,,,,,,,,,,,
AE10,F2,2008,Cano,4.8,27.0,n,,,,,,,,,,,,,,,,,,,,,,,,,,,,,,,,,,
AE10,F2,2008,Cano,4.38,28.0,n,,,,,,,,,,,,,,,,,,,,,,,,,,,,,,,,,,
AE10,F2,2008,Abam,9.24,31.9,n,,,,,,,,,,,,,,,,,,,,,,,,,,,,,,,,,,
AE10,F2,2008,Abam,4.6,42.4,y,,,,,,,,,,,,,,,,,,,,,,,,,,,,,,,,,,
AE10,F2,2008,Cano,9.14,43.6,n,,,,,,,,,,,,,,,,,,,,,,,,,,,,,,,,,,
AE10,F2,2008,Cano,3,47.4,y,,,,,,,,,,,,,,,,,,,,,,,,,,,,,,,,,,
AE10,F2,2008,Cano,3.17,48.1,y,,,,,,,,,,,,,,,,,,,,,,,,,,,,,,,,,,
AE10,F2,2008,Tsme,0.83,48.6,n,,,,,,,,,,,,,,,,,,,,,,,,,,,,,,,,,,
AE10,F2,2008,Cano,8.55,50.0,y,,,,,,,,,,,,,,,,,,,,,,,,,,,,,,,,,,
AE10,F2,2008,Tsme,0.54,50.1,n,,,,,,,,,,,,,,,,,,,,,,,,,,,,,,,,,,
AE10,F2,2008,Cano,3.4,56.2,y,,,,,,,,,,,,,,,,,,,,,,,,,,,,,,,,,,
AE10,F2,2008,Abam,9.5,60.7,y,,,,,,,,,,,,,,,,,,,,,,,,,,,,,,,,,,
AE10,F2,2008,Abam,9.44,64.0,n,,,,,,,,,,,,,,,,,,,,,,,,,,,,,,,,,,
AE10,F2,2008,Tsme,4.56,74.2,y,,,,,,,,,,,,,,,,,,,,,,,,,,,,,,,,,,
AE10,F20,2008,Tsme,9.85,20.2,n,,,,,,,,,,,,,,,,,,,,,,,,,,,,,,,,,,
AE10,F20,2008,Tsme,7.42,23.7,n,,,,,,,,,,,,,,,,,,,,,,,,,,,,,,,,,,
AE10,F20,2008,Abam,2.04,28.8,n,,,,,,,,,,,,,,,,,,,,,,,,,,,,,,,,,,
AE10,F20,2008,Cano,5.22,31.8,n,,,,,,,,,,,,,,,,,,,,,,,,,,,,,,,,,,
AE10,F20,2008,Cano,3.02,35.3,n,,,,,,,,,,,,,,,,,,,,,,,,,,,,,,,,,,
AE10,F20,2008,Tsme,10,36.6,n,,,,,,,,,,,,,,,,,,,,,,,,,,,,,,,,,,
AE10,F20,2008,Tsme,9.25,38.7,n,,,,,,,,,,,,,,,,,,,,,,,,,,,,,,,,,,
AE10,F20,2008,Cano,0.89,40.1,n,,,,,,,,,,,,,,,,,,,,,,,,,,,,,,,,,,
AE10,F20,2008,Abam,8.16,46.1,n,,,,,,,,,,,,,,,,,,,,,,,,,,,,,,,,,,
AE10,F20,2008,Cano,8.7,55.2,y,,,,,,,,,,,,,,,,,,,,,,,,,,,,,,,,,,
AE10,F20,2008,Tsme,9.38,55.3,y,,,,,,,,,,,,,,,,,,,,,,,,,,,,,,,,,,
AE10,F20,2008,Cano,7.55,84.6,n,no crown,,,,,,,,,,,,,,,,,,,,,,,,,,,,,,,,,
AE10,F20,2008,Tsme,9.5,97.2,y,,,,,,,,,,,,,,,,,,,,,,,,,,,,,,,,,,
AE10,F21,2008,Abam,9.13,12.8,n,,,,,,,,,,,,,,,,,,,,,,,,,,,,,,,,,,
AE10,F21,2008,Abam,5.77,15.3,n,,,,,,,,,,,,,,,,,,,,,,,,,,,,,,,,,,
AE10,F21,2008,Abam,5.41,18.7,n,,,,,,,,,,,,,,,,,,,,,,,,,,,,,,,,,,
AE10,F21,2008,Tsme,6.51,31.0,n,,,,,,,,,,,,,,,,,,,,,,,,,,,,,,,,,,
AE10,F21,2008,Cano,7.69,32.3,n,,,,,,,,,,,,,,,,,,,,,,,,,,,,,,,,,,
AE10,F21,2008,Abam,8.93,33.7,n,,,,,,,,,,,,,,,,,,,,,,,,,,,,,,,,,,
AE10,F21,2008,Cano,4.75,34.1,n,,,,,,,,,,,,,,,,,,,,,,,,,,,,,,,,,,
AE10,F21,2008,Cano,6.23,37.7,n,,,,,,,,,,,,,,,,,,,,,,,,,,,,,,,,,,
AE10,F21,2008,Cano,5.08,38.3,y,,,,,,,,,,,,,,,,,,,,,,,,,,,,,,,,,,
AE10,F21,2008,Abam,6.07,39.4,n,,,,,,,,,,,,,,,,,,,,,,,,,,,,,,,,,,
AE10,F21,2008,Cano,6.27,39.7,n,,,,,,,,,,,,,,,,,,,,,,,,,,,,,,,,,,
AE10,F21,2008,Cano,8.07,40.4,n,,,,,,,,,,,,,,,,,,,,,,,,,,,,,,,,,,
AE10,F21,2008,Cano,4.77,42.0,n,,,,,,,,,,,,,,,,,,,,,,,,,,,,,,,,,,
AE10,F21,2008,Cano,3.6,44.9,n,,,,,,,,,,,,,,,,,,,,,,,,,,,,,,,,,,
AE10,F21,2008,Cano,2.75,47.3,n,,,,,,,,,,,,,,,,,,,,,,,,,,,,,,,,,,
AE10,F21,2008,Tsme,7,49.0,n,,,,,,,,,,,,,,,,,,,,,,,,,,,,,,,,,,
AE10,F21,2008,Abam ,8.61,64.5,y,,,,,,,,,,,,,,,,,,,,,,,,,,,,,,,,,,
AE10,F21,2008,Abam ,9.38,76.9,y,,,,,,,,,,,,,,,,,,,,,,,,,,,,,,,,,,
AE10,F21,2008,Abam ,8.85,78.1,y,,,,,,,,,,,,,,,,,,,,,,,,,,,,,,,,,,
AE10,F22,2008,Cano,0.36,21.6,n,,,,,,,,,,,,,,,,,,,,,,,,,,,,,,,,,,
AE10,F22,2008,Abam,8.66,33.5,n,,,,,,,,,,,,,,,,,,,,,,,,,,,,,,,,,,
AE10,F22,2008,Abam,5.23,38.8,n,,,,,,,,,,,,,,,,,,,,,,,,,,,,,,,,,,
AE10,F22,2008,Cano,5.29,42.5,n,,,,,,,,,,,,,,,,,,,,,,,,,,,,,,,,,,
AE10,F22,2008,Cano,5.59,43.7,y,,,,,,,,,,,,,,,,,,,,,,,,,,,,,,,,,,
AE10,F22,2008,Cano,6.12,46.2,n,no crown,,,,,,,,,,,,,,,,,,,,,,,,,,,,,,,,,
AE10,F22,2008,Cano,7.58,46.9,n,,,,,,,,,,,,,,,,,,,,,,,,,,,,,,,,,,
AE10,F22,2008,Abam,2.63,70.0,y,,,,,,,,,,,,,,,,,,,,,,,,,,,,,,,,,,
AE10,F22,2008,Abam,4.27,112.0,y,,,,,,,,,,,,,,,,,,,,,,,,,,,,,,,,,,
AE10,F23,2008,Abam,9.66,13.3,n,,,,,,,,,,,,,,,,,,,,,,,,,,,,,,,,,,
AE10,F23,2008,Abam,7.69,14.0,n,,,,,,,,,,,,,,,,,,,,,,,,,,,,,,,,,,
AE10,F23,2008,Abam,6.57,14.3,n,,,,,,,,,,,,,,,,,,,,,,,,,,,,,,,,,,
AE10,F23,2008,Abam,7.79,18.4,n,,,,,,,,,,,,,,,,,,,,,,,,,,,,,,,,,,
AE10,F23,2008,Abam,8.3,18.5,n,,,,,,,,,,,,,,,,,,,,,,,,,,,,,,,,,,
AE10,F23,2008,Cano,6.49,34.4,n,,,,,,,,,,,,,,,,,,,,,,,,,,,,,,,,,,
AE10,F23,2008,Abam,9.71,35.7,n,,,,,,,,,,,,,,,,,,,,,,,,,,,,,,,,,,
AE10,F23,2008,Cano,2.59,41.1,n,,,,,,,,,,,,,,,,,,,,,,,,,,,,,,,,,,
AE10,F23,2008,Cano,5.51,43.0,n,,,,,,,,,,,,,,,,,,,,,,,,,,,,,,,,,,
AE10,F23,2008,Abam,6.62,43.6,y,,,,,,,,,,,,,,,,,,,,,,,,,,,,,,,,,,
AE10,F23,2008,Cano,6.55,45.2,y,,,,,,,,,,,,,,,,,,,,,,,,,,,,,,,,,,
AE10,F23,2008,Abam,7.47,45.5,y,,,,,,,,,,,,,,,,,,,,,,,,,,,,,,,,,,
AE10,F23,2008,Cano,7.78,49.2,n,no crown,,,,,,,,,,,,,,,,,,,,,,,,,,,,,,,,,
AE10,F23,2008,Cano,3.45,54.3,y,,,,,,,,,,,,,,,,,,,,,,,,,,,,,,,,,,
AE10,F23,2008,Abam,7.02,57.1,y,,,,,,,,,,,,,,,,,,,,,,,,,,,,,,,,,,
AE10,F23,2008,Cano,7.83,60.2,y,,,,,,,,,,,,,,,,,,,,,,,,,,,,,,,,,,
AE10,F23,2008,Abam,9.38,62.0,y,,,,,,,,,,,,,,,,,,,,,,,,,,,,,,,,,,
AE10,F23,2008,Cano,7.9,62.2,n,,,,,,,,,,,,,,,,,,,,,,,,,,,,,,,,,,
AE10,F23,2008,Tshe,5.36,72.0,y,,,,,,,,,,,,,,,,,,,,,,,,,,,,,,,,,,
AE10,F23,2008,Abam,9.88,83.0,y,,,,,,,,,,,,,,,,,,,,,,,,,,,,,,,,,,
AE10,F24,2008,Abam,4.72,14.0,n,,,,,,,,,,,,,,,,,,,,,,,,,,,,,,,,,,
AE10,F24,2008,Abam,8.52,18.4,n,,,,,,,,,,,,,,,,,,,,,,,,,,,,,,,,,,
AE10,F24,2008,Cano,5.52,23.5,n,,,,,,,,,,,,,,,,,,,,,,,,,,,,,,,,,,
AE10,F24,2008,Cano,5.63,24.0,n,,,,,,,,,,,,,,,,,,,,,,,,,,,,,,,,,,
AE10,F24,2008,Cano,4.31,29.0,n,,,,,,,,,,,,,,,,,,,,,,,,,,,,,,,,,,
AE10,F24,2008,Cano,5.39,35.7,n,,,,,,,,,,,,,,,,,,,,,,,,,,,,,,,,,,
AE10,F24,2008,Cano,5.29,37.1,n,,,,,,,,,,,,,,,,,,,,,,,,,,,,,,,,,,
AE10,F24,2008,Cano,4.74,37.8,n,,,,,,,,,,,,,,,,,,,,,,,,,,,,,,,,,,
AE10,F24,2008,Cano,7.54,39.5,y,,,,,,,,,,,,,,,,,,,,,,,,,,,,,,,,,,
AE10,F24,2008,Cano,6.43,40.5,n,,,,,,,,,,,,,,,,,,,,,,,,,,,,,,,,,,
AE10,F24,2008,Cano,4.73,41.1,n,,,,,,,,,,,,,,,,,,,,,,,,,,,,,,,,,,
AE10,F24,2008,Cano,6.49,41.1,n,,,,,,,,,,,,,,,,,,,,,,,,,,,,,,,,,,
AE10,F24,2008,Cano,7.3,42.0,n,,,,,,,,,,,,,,,,,,,,,,,,,,,,,,,,,,
AE10,F24,2008,Cano,4.69,42.3,y,,,,,,,,,,,,,,,,,,,,,,,,,,,,,,,,,,
AE10,F24,2008,Cano,4.64,43.7,y,,,,,,,,,,,,,,,,,,,,,,,,,,,,,,,,,,
AE10,F24,2008,Abam,4.2,45.9,n,,,,,,,,,,,,,,,,,,,,,,,,,,,,,,,,,,
AE10,F24,2008,Abam,9.56,46.4,y,,,,,,,,,,,,,,,,,,,,,,,,,,,,,,,,,,
AE10,F24,2008,Cano,9.3,54.1,n,,,,,,,,,,,,,,,,,,,,,,,,,,,,,,,,,,
AE10,F24,2008,Abam,5.07,75.8,y,,,,,,,,,,,,,,,,,,,,,,,,,,,,,,,,,,
AE10,F24,2008,Tsme,7.83,76.3,y,F23,,,,,,,,,,,,,,,,,,,,,,,,,,,,,,,,,
AE10,F25,2008,Abam,8.43,13.6,n,,,,,,,,,,,,,,,,,,,,,,,,,,,,,,,,,,
AE10,F25,2008,Abam,7.8,14.8,n,,,,,,,,,,,,,,,,,,,,,,,,,,,,,,,,,,
AE10,F25,2008,Cano,6.07,23.7,n,,,,,,,,,,,,,,,,,,,,,,,,,,,,,,,,,,
AE10,F25,2008,Abam,9.03,24.9,n,,,,,,,,,,,,,,,,,,,,,,,,,,,,,,,,,,
AE10,F25,2008,Cano,7.53,28.7,n,,,,,,,,,,,,,,,,,,,,,,,,,,,,,,,,,,
AE10,F25,2008,Cano,9.31,31.1,n,,,,,,,,,,,,,,,,,,,,,,,,,,,,,,,,,,
AE10,F25,2008,Cano,6.26,36.4,y,,,,,,,,,,,,,,,,,,,,,,,,,,,,,,,,,,
AE10,F25,2008,Cano,6.28,36.7,y,,,,,,,,,,,,,,,,,,,,,,,,,,,,,,,,,,
AE10,F25,2008,Cano,4.53,37.0,y,,,,,,,,,,,,,,,,,,,,,,,,,,,,,,,,,,
AE10,F25,2008,Abam,9.9,37.7,y,,,,,,,,,,,,,,,,,,,,,,,,,,,,,,,,,,
AE10,F25,2008,Cano,8.23,37.8,y,,,,,,,,,,,,,,,,,,,,,,,,,,,,,,,,,,
AE10,F25,2008,Cano,3.61,39.0,n,,,,,,,,,,,,,,,,,,,,,,,,,,,,,,,,,,
AE10,F25,2008,Cano,9.4,40.1,y,,,,,,,,,,,,,,,,,,,,,,,,,,,,,,,,,,
AE10,F25,2008,Cano,9.32,42.1,n,,,,,,,,,,,,,,,,,,,,,,,,,,,,,,,,,,
AE10,F25,2008,Cano,7.75,42.6,y,,,,,,,,,,,,,,,,,,,,,,,,,,,,,,,,,,
AE10,F25,2008,Cano,7.05,43.8,y,,,,,,,,,,,,,,,,,,,,,,,,,,,,,,,,,,
AE10,F25,2008,Abam,8,46.2,n,,,,,,,,,,,,,,,,,,,,,,,,,,,,,,,,,,
AE10,F25,2008,Cano,9.27,46.3,n,,,,,,,,,,,,,,,,,,,,,,,,,,,,,,,,,,
AE10,F25,2008,Cano,7.92,48.8,y,,,,,,,,,,,,,,,,,,,,,,,,,,,,,,,,,,
AE10,F25,2008,Cano,0.18,49.2,y,,,,,,,,,,,,,,,,,,,,,,,,,,,,,,,,,,
AE10,F25,2008,Abam,6.69,53.6,y,,,,,,,,,,,,,,,,,,,,,,,,,,,,,,,,,,
AE10,F25,2008,Cano,1.52,54.3,y,,,,,,,,,,,,,,,,,,,,,,,,,,,,,,,,,,
AE10,F25,2008,Abam,9.81,64.4,y,,,,,,,,,,,,,,,,,,,,,,,,,,,,,,,,,,
AE10,F25,2008,Abam,9.12,71.8,y,,,,,,,,,,,,,,,,,,,,,,,,,,,,,,,,,,
AE10,F25,2008,Abam,7.03,121.0,n,,,,,,,,,,,,,,,,,,,,,,,,,,,,,,,,,,
AE10,F25,2008,Abam,8.88,714.0,y,,,,,,,,,,,,,,,,,,,,,,,,,,,,,,,,,,
AE10,F26,2008,Abam,1.66,11.2,n,,,,,,,,,,,,,,,,,,,,,,,,,,,,,,,,,,
AE10,F26,2008,Abam,5.48,13.8,n,,,,,,,,,,,,,,,,,,,,,,,,,,,,,,,,,,
AE10,F26,2008,Abam,7.34,14.1,n,,,,,,,,,,,,,,,,,,,,,,,,,,,,,,,,,,
AE10,F26,2008,Abam,8.86,18.4,n,,,,,,,,,,,,,,,,,,,,,,,,,,,,,,,,,,
AE10,F26,2008,Abam,7.26,23.3,n,,,,,,,,,,,,,,,,,,,,,,,,,,,,,,,,,,
AE10,F26,2008,Cano,8.42,26.2,n,,,,,,,,,,,,,,,,,,,,,,,,,,,,,,,,,,
AE10,F26,2008,Cano,8.09,34.3,n,,,,,,,,,,,,,,,,,,,,,,,,,,,,,,,,,,
AE10,F26,2008,Abam,4.59,36.3,n,,,,,,,,,,,,,,,,,,,,,,,,,,,,,,,,,,
AE10,F26,2008,Cano,9.01,38.8,y,,,,,,,,,,,,,,,,,,,,,,,,,,,,,,,,,,
AE10,F26,2008,Cano,0.15,40.9,n,,,,,,,,,,,,,,,,,,,,,,,,,,,,,,,,,,
AE10,F26,2008,Cano,7.59,41.5,y,,,,,,,,,,,,,,,,,,,,,,,,,,,,,,,,,,
AE10,F26,2008,Cano,8.36,44.0,n,,,,,,,,,,,,,,,,,,,,,,,,,,,,,,,,,,
AE10,F26,2008,Cano,7.25,44.5,y,,,,,,,,,,,,,,,,,,,,,,,,,,,,,,,,,,
AE10,F26,2008,Cano,9.48,45.9,y,,,,,,,,,,,,,,,,,,,,,,,,,,,,,,,,,,
AE10,F26,2008,Cano,1.31,46.4,n,,,,,,,,,,,,,,,,,,,,,,,,,,,,,,,,,,
AE10,F26,2008,Cano,8.73,46.5,y,,,,,,,,,,,,,,,,,,,,,,,,,,,,,,,,,,
AE10,F26,2008,Abam,6.3,51.1,y,,,,,,,,,,,,,,,,,,,,,,,,,,,,,,,,,,
AE10,F26,2008,Abam,4.15,70.0,y,,,,,,,,,,,,,,,,,,,,,,,,,,,,,,,,,,
AE10,F26,2008,Cano,1.2,70.2,y,,,,,,,,,,,,,,,,,,,,,,,,,,,,,,,,,,
AE10,F26,2008,Abam,6.29,98.7,n,,,,,,,,,,,,,,,,,,,,,,,,,,,,,,,,,,
AE10,F27,2008,Abam,4.69,51.7,y,,,,,,,,,,,,,,,,,,,,,,,,,,,,,,,,,,
AE10,F27,2008,Cano,4.56,44.5,y,,,,,,,,,,,,,,,,,,,,,,,,,,,,,,,,,,
AE10,F27,2008,Cano,9.13,50.9,y,F28,,,,,,,,,,,,,,,,,,,,,,,,,,,,,,,,,
AE10,F27,2008,Cano,8.05,33.8,n,,,,,,,,,,,,,,,,,,,,,,,,,,,,,,,,,,
AE10,F27,2008,Cano,7.96,55.0,y,,,,,,,,,,,,,,,,,,,,,,,,,,,,,,,,,,
AE10,F27,2008,Cano,8.58,25.9,n,,,,,,,,,,,,,,,,,,,,,,,,,,,,,,,,,,
AE10,F27,2008,Cano,8.49,33.4,n,,,,,,,,,,,,,,,,,,,,,,,,,,,,,,,,,,
AE10,F27,2008,Abam,6.08,40.7,n,,,,,,,,,,,,,,,,,,,,,,,,,,,,,,,,,,
AE10,F27,2008,Cano,1.34,47.6,n,,,,,,,,,,,,,,,,,,,,,,,,,,,,,,,,,,
AE10,F27,2008,Cano,1.74,45.2,n,,,,,,,,,,,,,,,,,,,,,,,,,,,,,,,,,,
AE10,F27,2008,Abam,5.72,72.4,y,,,,,,,,,,,,,,,,,,,,,,,,,,,,,,,,,,
AE10,F27,2008,Cano,8.69,38.8,n,,,,,,,,,,,,,,,,,,,,,,,,,,,,,,,,,,
AE10,F27,2008,Cano,9.37,42.9,n,,,,,,,,,,,,,,,,,,,,,,,,,,,,,,,,,,
AE10,F27,2008,Abam,5.36,60.2,n,,,,,,,,,,,,,,,,,,,,,,,,,,,,,,,,,,
AE10,F27,2008,Abam,7.47,78.6,y,,,,,,,,,,,,,,,,,,,,,,,,,,,,,,,,,,
AE10,F28,2008,Cano,8.32,25.9,n,,,,,,,,,,,,,,,,,,,,,,,,,,,,,,,,,,
AE10,F28,2008,Cano,8.81,33.4,n,,,,,,,,,,,,,,,,,,,,,,,,,,,,,,,,,,
AE10,F28,2008,Cano,4.46,33.8,n,,,,,,,,,,,,,,,,,,,,,,,,,,,,,,,,,,
AE10,F28,2008,Cano,2.24,35.3,n,,,,,,,,,,,,,,,,,,,,,,,,,,,,,,,,,,
AE10,F28,2008,Cano,4.25,44.5,y,,,,,,,,,,,,,,,,,,,,,,,,,,,,,,,,,,
AE10,F28,2008,Cano,9.6,45.2,n,,,,,,,,,,,,,,,,,,,,,,,,,,,,,,,,,,
AE10,F28,2008,Cano,9.35,47.6,n,,,,,,,,,,,,,,,,,,,,,,,,,,,,,,,,,,
AE10,F28,2008,Abam,7.92,51.7,y,,,,,,,,,,,,,,,,,,,,,,,,,,,,,,,,,,
AE10,F28,2008,Cano,5.28,55.0,y,,,,,,,,,,,,,,,,,,,,,,,,,,,,,,,,,,
AE10,F28,2008,Cano,3.82,59.0,y,,,,,,,,,,,,,,,,,,,,,,,,,,,,,,,,,,
AE10,F28,2008,Cano,2.27,68.1,y,,,,,,,,,,,,,,,,,,,,,,,,,,,,,,,,,,
AE10,F28,2008,Abam,9.13,85.6,y,,,,,,,,,,,,,,,,,,,,,,,,,,,,,,,,,,
AE10,F29,2008,Cano,9.22,40.1,n,,,,,,,,,,,,,,,,,,,,,,,,,,,,,,,,,,
AE10,F29,2008,Cano,8.13,41.5,y,,,,,,,,,,,,,,,,,,,,,,,,,,,,,,,,,,
AE10,F29,2008,Cano,8.6,44.2,y,,,,,,,,,,,,,,,,,,,,,,,,,,,,,,,,,,
AE10,F29,2008,Cano,8.81,52.5,y,,,,,,,,,,,,,,,,,,,,,,,,,,,,,,,,,,
AE10,F29,2008,Cano,8.17,53.3,y,,,,,,,,,,,,,,,,,,,,,,,,,,,,,,,,,,
AE10,F29,2008,Cano,9.52,53.6,y,,,,,,,,,,,,,,,,,,,,,,,,,,,,,,,,,,
AE10,F29,2008,Abam,2.81,54.1,y,,,,,,,,,,,,,,,,,,,,,,,,,,,,,,,,,,
AE10,F29,2008,Cano,9.48,65.1,y,,,,,,,,,,,,,,,,,,,,,,,,,,,,,,,,,,
AE10,F29,2008,Cano,9.05,65.9,y,,,,,,,,,,,,,,,,,,,,,,,,,,,,,,,,,,
AE10,F29,2008,Abam,8.75,79.1,y,,,,,,,,,,,,,,,,,,,,,,,,,,,,,,,,,,
AE10,F29,2008,Abam,1.31,82.9,y,,,,,,,,,,,,,,,,,,,,,,,,,,,,,,,,,,
AE10,F3,2008,Tsme,0.35,27.8,n,,,,,,,,,,,,,,,,,,,,,,,,,,,,,,,,,,
AE10,F3,2008,Abam,1.88,28.9,n,,,,,,,,,,,,,,,,,,,,,,,,,,,,,,,,,,
AE10,F3,2008,Abam,7.58,31.5,n,,,,,,,,,,,,,,,,,,,,,,,,,,,,,,,,,,
AE10,F3,2008,Abam,1.93,47.0,n,,,,,,,,,,,,,,,,,,,,,,,,,,,,,,,,,,
AE10,F3,2008,Abam,9.19,47.3,n,,,,,,,,,,,,,,,,,,,,,,,,,,,,,,,,,,
AE10,F3,2008,Cano,7.61,49.5,y,,,,,,,,,,,,,,,,,,,,,,,,,,,,,,,,,,
AE10,F3,2008,Abam,8.8,54.4,y,,,,,,,,,,,,,,,,,,,,,,,,,,,,,,,,,,
AE10,F3,2008,Abam,1.47,64.8,y,,,,,,,,,,,,,,,,,,,,,,,,,,,,,,,,,,
AE10,F3,2008,Abam,2.22,76.6,y,F4,,,,,,,,,,,,,,,,,,,,,,,,,,,,,,,,,
AE10,F3,2008,Cano,1.85,78.0,y,,,,,,,,,,,,,,,,,,,,,,,,,,,,,,,,,,
AE10,F3,2008,Cano,1.52,83.9,n,,,,,,,,,,,,,,,,,,,,,,,,,,,,,,,,,,
AE10,F30,2008,Abam,4.92,14.9,n,,,,,,,,,,,,,,,,,,,,,,,,,,,,,,,,,,
AE10,F30,2008,Tsme,1.99,29.2,n,,,,,,,,,,,,,,,,,,,,,,,,,,,,,,,,,,
AE10,F30,2008,Cano,2.29,31.7,n,,,,,,,,,,,,,,,,,,,,,,,,,,,,,,,,,,
AE10,F30,2008,Cano,8.61,36.5,y,,,,,,,,,,,,,,,,,,,,,,,,,,,,,,,,,,
AE10,F30,2008,Cano,8.06,39.9,y,,,,,,,,,,,,,,,,,,,,,,,,,,,,,,,,,,
AE10,F30,2008,Cano,8.42,45.9,y,,,,,,,,,,,,,,,,,,,,,,,,,,,,,,,,,,
AE10,F30,2008,Abam,9.16,57.5,y,,,,,,,,,,,,,,,,,,,,,,,,,,,,,,,,,,
AE10,F30,2008,Tsme,6.26,60.5,y,,,,,,,,,,,,,,,,,,,,,,,,,,,,,,,,,,
AE10,F30,2008,Tsme,8.31,74.9,y,,,,,,,,,,,,,,,,,,,,,,,,,,,,,,,,,,
AE10,F31,2009,Cano,9.48,20.9,n,,,,,,,,,,,,,,,,,,,,,,,,,,,,,,,,,,
AE10,F31,2009,Cano,9.82,29.0,n,,,,,,,,,,,,,,,,,,,,,,,,,,,,,,,,,,
AE10,F31,2009,Cano,9.47,29.3,n,,,,,,,,,,,,,,,,,,,,,,,,,,,,,,,,,,
AE10,F31,2009,Abam,8.7,35.6,n,,,,,,,,,,,,,,,,,,,,,,,,,,,,,,,,,,
AE10,F31,2009,Cano,6.19,42.7,n,,,,,,,,,,,,,,,,,,,,,,,,,,,,,,,,,,
AE10,F31,2009,Cano,4.92,44.9,n,,,,,,,,,,,,,,,,,,,,,,,,,,,,,,,,,,
AE10,F31,2009,Cano,6.42,45.3,n,,,,,,,,,,,,,,,,,,,,,,,,,,,,,,,,,,
AE10,F31,2009,Cano,6.07,46.2,n,,,,,,,,,,,,,,,,,,,,,,,,,,,,,,,,,,
AE10,F31,2009,Cano,5.75,50.6,n,,,,,,,,,,,,,,,,,,,,,,,,,,,,,,,,,,
AE10,F31,2009,Cano,6.3,51.1,n,,,,,,,,,,,,,,,,,,,,,,,,,,,,,,,,,,
AE10,F31,2009,Abam,8.42,54.7,y,,,,,,,,,,,,,,,,,,,,,,,,,,,,,,,,,,
AE10,F31,2009,Cano,8.65,55.6,n,,,,,,,,,,,,,,,,,,,,,,,,,,,,,,,,,,
AE10,F31,2009,Cano,4.85,55.9,n,,,,,,,,,,,,,,,,,,,,,,,,,,,,,,,,,,
AE10,F31,2009,Cano,4.22,60.7,n,,,,,,,,,,,,,,,,,,,,,,,,,,,,,,,,,,
AE10,F31,2009,Abam,7.2,74.9,y,,,,,,,,,,,,,,,,,,,,,,,,,,,,,,,,,,
AE10,F31,2009,Abam,7.75,81.8,y,,,,,,,,,,,,,,,,,,,,,,,,,,,,,,,,,,
AE10,F31,2009,Abam,7.31,108.0,y,,,,,,,,,,,,,,,,,,,,,,,,,,,,,,,,,,
AE10,F32,2009,Abam,5.46,12.4,n,,,,,,,,,,,,,,,,,,,,,,,,,,,,,,,,,,
AE10,F32,2009,Abam,6.56,16.0,n,,,,,,,,,,,,,,,,,,,,,,,,,,,,,,,,,,
AE10,F32,2009,Abam,6.95,20.6,n,,,,,,,,,,,,,,,,,,,,,,,,,,,,,,,,,,
AE10,F32,2009,Abam,7.69,22.0,n,,,,,,,,,,,,,,,,,,,,,,,,,,,,,,,,,,
AE10,F32,2009,Abam,6.99,22.9,n,,,,,,,,,,,,,,,,,,,,,,,,,,,,,,,,,,
AE10,F32,2009,Cano,5.96,29.2,n,,,,,,,,,,,,,,,,,,,,,,,,,,,,,,,,,,
AE10,F32,2009,Abam,7.56,35.4,n,,,,,,,,,,,,,,,,,,,,,,,,,,,,,,,,,,
AE10,F32,2009,Cano,9.99,45.6,n,,,,,,,,,,,,,,,,,,,,,,,,,,,,,,,,,,
AE10,F32,2009,Cano,6.8,49.7,n,,,,,,,,,,,,,,,,,,,,,,,,,,,,,,,,,,
AE10,F32,2009,Cano,5.63,57.8,n,,,,,,,,,,,,,,,,,,,,,,,,,,,,,,,,,,
AE10,F32,2009,Cano,9.71,58.1,n,,,,,,,,,,,,,,,,,,,,,,,,,,,,,,,,,,
AE10,F32,2009,Abam,5.33,60.8,y,,,,,,,,,,,,,,,,,,,,,,,,,,,,,,,,,,
AE10,F32,2009,Cano,4.74,72.5,n,F33,,,,,,,,,,,,,,,,,,,,,,,,,,,,,,,,,
AE10,F32,2009,Abam,7.48,81.8,y,,,,,,,,,,,,,,,,,,,,,,,,,,,,,,,,,,
AE10,F33,2009,Cano,6.14,15.9,n,,,,,,,,,,,,,,,,,,,,,,,,,,,,,,,,,,
AE10,F33,2009,Abam,3.4,22.0,n,,,,,,,,,,,,,,,,,,,,,,,,,,,,,,,,,,
AE10,F33,2009,Abam,2.12,22.9,n,,,,,,,,,,,,,,,,,,,,,,,,,,,,,,,,,,
AE10,F33,2009,Abam,1.75,26.6,n,,,,,,,,,,,,,,,,,,,,,,,,,,,,,,,,,,
AE10,F33,2009,Cano,4.91,29.2,n,,,,,,,,,,,,,,,,,,,,,,,,,,,,,,,,,,
AE10,F33,2009,Abam,8.2,38.3,n,,,,,,,,,,,,,,,,,,,,,,,,,,,,,,,,,,
AE10,F33,2009,Cano,9.31,41.6,n,,,,,,,,,,,,,,,,,,,,,,,,,,,,,,,,,,
AE10,F33,2009,Cano,6.95,42.3,n,,,,,,,,,,,,,,,,,,,,,,,,,,,,,,,,,,
AE10,F33,2009,Tsme,4.83,43.6,n,F32,,,,,,,,,,,,,,,,,,,,,,,,,,,,,,,,,
AE10,F33,2009,Cano,6.57,46.7,n,,,,,,,,,,,,,,,,,,,,,,,,,,,,,,,,,,
AE10,F33,2009,Cano,6.14,50.9,n,,,,,,,,,,,,,,,,,,,,,,,,,,,,,,,,,,
AE10,F33,2009,Cano,8.81,58.1,n,,,,,,,,,,,,,,,,,,,,,,,,,,,,,,,,,,
AE10,F33,2009,Abam,1.66,60.8,y,,,,,,,,,,,,,,,,,,,,,,,,,,,,,,,,,,
AE10,F33,2009,Abam,8.18,66.5,y,,,,,,,,,,,,,,,,,,,,,,,,,,,,,,,,,,
AE10,F33,2009,Abam,8.99,71.9,y,,,,,,,,,,,,,,,,,,,,,,,,,,,,,,,,,,
AE10,F33,2009,Abam,9.84,78.6,y,,,,,,,,,,,,,,,,,,,,,,,,,,,,,,,,,,
AE10,F34,2009,Cano,3.7,41.9,n,,,,,,,,,,,,,,,,,,,,,,,,,,,,,,,,,,
AE10,F34,2009,Cano,7,45.6,n,,,,,,,,,,,,,,,,,,,,,,,,,,,,,,,,,,
AE10,F34,2009,Cano,3.08,52.0,n,,,,,,,,,,,,,,,,,,,,,,,,,,,,,,,,,,
AE10,F34,2009,Cano,4.68,55.3,n,,,,,,,,,,,,,,,,,,,,,,,,,,,,,,,,,,
AE10,F34,2009,Cano,6.82,62.3,n,,,,,,,,,,,,,,,,,,,,,,,,,,,,,,,,,,
AE10,F34,2009,Abam,8.18,75.7,y,,,,,,,,,,,,,,,,,,,,,,,,,,,,,,,,,,
AE10,F35,2009,Abam,6.72,16.9,n,,,,,,,,,,,,,,,,,,,,,,,,,,,,,,,,,,
AE10,F35,2009,Cano,5.1,27.1,n,,,,,,,,,,,,,,,,,,,,,,,,,,,,,,,,,,
AE10,F35,2009,Cano,6.94,27.1,n,,,,,,,,,,,,,,,,,,,,,,,,,,,,,,,,,,
AE10,F35,2009,Cano,7.52,28.8,n,,,,,,,,,,,,,,,,,,,,,,,,,,,,,,,,,,
AE10,F35,2009,Cano,8.33,30.7,n,,,,,,,,,,,,,,,,,,,,,,,,,,,,,,,,,,
AE10,F35,2009,Cano,6.26,32.0,n,,,,,,,,,,,,,,,,,,,,,,,,,,,,,,,,,,
AE10,F35,2009,Abam,9.81,38.2,n,,,,,,,,,,,,,,,,,,,,,,,,,,,,,,,,,,
AE10,F35,2009,Cano,8.3,40.1,n,,,,,,,,,,,,,,,,,,,,,,,,,,,,,,,,,,
AE10,F35,2009,Cano,4.24,44.1,n,,,,,,,,,,,,,,,,,,,,,,,,,,,,,,,,,,
AE10,F35,2009,Tsme,8.96,48.5,n,,,,,,,,,,,,,,,,,,,,,,,,,,,,,,,,,,
AE10,F35,2009,Cano,6.94,49.9,n,,,,,,,,,,,,,,,,,,,,,,,,,,,,,,,,,,
AE10,F35,2009,Cano,5.04,52.8,n,,,,,,,,,,,,,,,,,,,,,,,,,,,,,,,,,,
AE10,F35,2009,Tsme,6.15,73.7,y,F36,,,,,,,,,,,,,,,,,,,,,,,,,,,,,,,,,
AE10,F35,2009,Cano,3.66,79.4,y,,,,,,,,,,,,,,,,,,,,,,,,,,,,,,,,,,
AE10,F35,2009,Abam,9.04,83.1,y,F1,,,,,,,,,,,,,,,,,,,,,,,,,,,,,,,,,
AE10,F35,2009,Tsme,9.66,84.7,y,F2,,,,,,,,,,,,,,,,,,,,,,,,,,,,,,,,,
AE10,F36,2009,Abam,9.32,13.8,n,,,,,,,,,,,,,,,,,,,,,,,,,,,,,,,,,,
AE10,F36,2009,Abam,8.68,16.3,n,,,,,,,,,,,,,,,,,,,,,,,,,,,,,,,,,,
AE10,F36,2009,Abam,8.86,21.3,n,,,,,,,,,,,,,,,,,,,,,,,,,,,,,,,,,,
AE10,F36,2009,Cano,6.18,27.6,n,,,,,,,,,,,,,,,,,,,,,,,,,,,,,,,,,,
AE10,F36,2009,Cano,6.27,44.8,n,,,,,,,,,,,,,,,,,,,,,,,,,,,,,,,,,,
AE10,F36,2009,Cano,6.72,47.3,n,,,,,,,,,,,,,,,,,,,,,,,,,,,,,,,,,,
AE10,F36,2009,Tsme,3.53,48.3,n,,,,,,,,,,,,,,,,,,,,,,,,,,,,,,,,,,
AE10,F36,2009,Tsme,5.31,50.7,n,,,,,,,,,,,,,,,,,,,,,,,,,,,,,,,,,,
AE10,F36,2009,Cano,5.53,52.2,n,,,,,,,,,,,,,,,,,,,,,,,,,,,,,,,,,,
AE10,F36,2009,Cano,7.87,56.6,n,,,,,,,,,,,,,,,,,,,,,,,,,,,,,,,,,,
AE10,F36,2009,Abam,8.81,58.5,n,,,,,,,,,,,,,,,,,,,,,,,,,,,,,,,,,,
AE10,F36,2009,Abam,5.73,60.6,y,,,,,,,,,,,,,,,,,,,,,,,,,,,,,,,,,,
AE10,F36,2009,Tsme,4.84,88.7,y,,,,,,,,,,,,,,,,,,,,,,,,,,,,,,,,,,
AE10,F37,2009,Abam,7.24,13.9,n,,,,,,,,,,,,,,,,,,,,,,,,,,,,,,,,,,
AE10,F37,2009,Abam,9.95,21.6,n,,,,,,,,,,,,,,,,,,,,,,,,,,,,,,,,,,
AE10,F37,2009,Abam,8.05,30.0,n,,,,,,,,,,,,,,,,,,,,,,,,,,,,,,,,,,
AE10,F37,2009,Abam,4.19,35.7,n,,,,,,,,,,,,,,,,,,,,,,,,,,,,,,,,,,
AE10,F37,2009,Abam,3.52,39.4,n,,,,,,,,,,,,,,,,,,,,,,,,,,,,,,,,,,
AE10,F37,2009,Cano,2.83,42.6,n,,,,,,,,,,,,,,,,,,,,,,,,,,,,,,,,,,
AE10,F37,2009,Cano,5.47,43.7,n,,,,,,,,,,,,,,,,,,,,,,,,,,,,,,,,,,
AE10,F37,2009,Cano,4.19,50.1,n,,,,,,,,,,,,,,,,,,,,,,,,,,,,,,,,,,
AE10,F37,2009,Cano,5.29,53.2,n,,,,,,,,,,,,,,,,,,,,,,,,,,,,,,,,,,
AE10,F37,2009,Cano,6.32,58.3,n,,,,,,,,,,,,,,,,,,,,,,,,,,,,,,,,,,
AE10,F37,2009,Cano,4,71.3,y,,,,,,,,,,,,,,,,,,,,,,,,,,,,,,,,,,
AE10,F37,2009,Abam,7.24,87.8,y,,,,,,,,,,,,,,,,,,,,,,,,,,,,,,,,,,
AE10,F38,2009,Abam,6.99,13.9,n,,,,,,,,,,,,,,,,,,,,,,,,,,,,,,,,,,
AE10,F38,2009,Abam,8.93,18.7,n,,,,,,,,,,,,,,,,,,,,,,,,,,,,,,,,,,
AE10,F38,2009,Abam,5.09,38.2,n,,,,,,,,,,,,,,,,,,,,,,,,,,,,,,,,,,
AE10,F38,2009,Cano,4.97,42.8,n,,,,,,,,,,,,,,,,,,,,,,,,,,,,,,,,,,
AE10,F38,2009,Cano,5.69,48.4,n,,,,,,,,,,,,,,,,,,,,,,,,,,,,,,,,,,
AE10,F38,2009,Abam,5.6,50.8,n,,,,,,,,,,,,,,,,,,,,,,,,,,,,,,,,,,
AE10,F38,2009,Abam,7.92,67.0,y,,,,,,,,,,,,,,,,,,,,,,,,,,,,,,,,,,
AE10,F38,2009,Cano,6.57,69.2,y,,,,,,,,,,,,,,,,,,,,,,,,,,,,,,,,,,
AE10,F38,2009,Abam,6.37,87.8,y,,,,,,,,,,,,,,,,,,,,,,,,,,,,,,,,,,
AE10,F39,2009,Cano,7.35,45.2,n,,,,,,,,,,,,,,,,,,,,,,,,,,,,,,,,,,
AE10,F39,2009,Cano,9.88,53.6,n,,,,,,,,,,,,,,,,,,,,,,,,,,,,,,,,,,
AE10,F39,2009,Abam,7.61,54.6,n,,,,,,,,,,,,,,,,,,,,,,,,,,,,,,,,,,
AE10,F39,2009,Tsme,6.82,58.5,n,,,,,,,,,,,,,,,,,,,,,,,,,,,,,,,,,,
AE10,F39,2009,Abam,8.04,59.0,y,,,,,,,,,,,,,,,,,,,,,,,,,,,,,,,,,,
AE10,F39,2009,Tsme,6.34,63.5,n,,,,,,,,,,,,,,,,,,,,,,,,,,,,,,,,,,
AE10,F39,2009,Abam,8.54,66.4,y,,,,,,,,,,,,,,,,,,,,,,,,,,,,,,,,,,
AE10,F39,2009,Abam,8.97,84.3,y,,,,,,,,,,,,,,,,,,,,,,,,,,,,,,,,,,
AE10,F39,2009,Tsme,7.79,88.2,n,,,,,,,,,,,,,,,,,,,,,,,,,,,,,,,,,,
AE10,F4,2008,Abam,9.37,17.1,n,,,,,,,,,,,,,,,,,,,,,,,,,,,,,,,,,,
AE10,F4,2008,Tsme,2.31,27.8,n,,,,,,,,,,,,,,,,,,,,,,,,,,,,,,,,,,
AE10,F4,2008,Abam,4.94,28.9,n,,,,,,,,,,,,,,,,,,,,,,,,,,,,,,,,,,
AE10,F4,2008,Tsme,9,29.0,n,,,,,,,,,,,,,,,,,,,,,,,,,,,,,,,,,,
AE10,F4,2008,Cano,0.8,33.9,n,,,,,,,,,,,,,,,,,,,,,,,,,,,,,,,,,,
AE10,F4,2008,Cano,8.49,43.5,y,,,,,,,,,,,,,,,,,,,,,,,,,,,,,,,,,,
AE10,F4,2008,Abam,1.96,47.0,n,,,,,,,,,,,,,,,,,,,,,,,,,,,,,,,,,,
AE10,F4,2008,Abam,6.12,47.3,n,,,,,,,,,,,,,,,,,,,,,,,,,,,,,,,,,,
AE10,F4,2008,Abam,4.24,64.8,y,,,,,,,,,,,,,,,,,,,,,,,,,,,,,,,,,,
AE10,F4,2008,Abam,8.59,76.2,y,,,,,,,,,,,,,,,,,,,,,,,,,,,,,,,,,,
AE10,F4,2008,Cano,1.36,78.0,y,,,,,,,,,,,,,,,,,,,,,,,,,,,,,,,,,,
AE10,F4,2008,Cano,2.22,79.5,n,F3,,,,,,,,,,,,,,,,,,,,,,,,,,,,,,,,,
AE10,F40,2009,Abam,8.26,38.0,n,,,,,,,,,,,,,,,,,,,,,,,,,,,,,,,,,,
AE10,F40,2009,Cano,3.73,45.2,n,,,,,,,,,,,,,,,,,,,,,,,,,,,,,,,,,,
AE10,F40,2009,Abam,7.04,56.7,y,,,,,,,,,,,,,,,,,,,,,,,,,,,,,,,,,,
AE10,F40,2009,Abam,5.84,58.5,y,,,,,,,,,,,,,,,,,,,,,,,,,,,,,,,,,,
AE10,F40,2009,Tsme,0.83,63.0,n,,,,,,,,,,,,,,,,,,,,,,,,,,,,,,,,,,
AE10,F40,2009,Abam,7.6,63.0,y,,,,,,,,,,,,,,,,,,,,,,,,,,,,,,,,,,
AE10,F40,2009,Abam,6.45,73.4,n,,,,,,,,,,,,,,,,,,,,,,,,,,,,,,,,,,
AE10,F40,2009,Tsme,0.83,85.9,y,,,,,,,,,,,,,,,,,,,,,,,,,,,,,,,,,,
AE10,F40,2009,Abam,6.86,89.6,y,F39,,,,,,,,,,,,,,,,,,,,,,,,,,,,,,,,,
AE10,F41,2009,Cano,5.83,34.7,n,,,,,,,,,,,,,,,,,,,,,,,,,,,,,,,,,,
AE10,F41,2009,Cano,1.6,35.4,n,,,,,,,,,,,,,,,,,,,,,,,,,,,,,,,,,,
AE10,F41,2009,Cano,6.94,45.4,n,,,,,,,,,,,,,,,,,,,,,,,,,,,,,,,,,,
AE10,F41,2009,Cano,2.14,52.5,n,,,,,,,,,,,,,,,,,,,,,,,,,,,,,,,,,,
AE10,F41,2009,Cano,6.28,55.4,n,,,,,,,,,,,,,,,,,,,,,,,,,,,,,,,,,,
AE10,F41,2009,Cano,1.06,59.6,n,,,,,,,,,,,,,,,,,,,,,,,,,,,,,,,,,,
AE10,F42,2009,Abam,9.4,11.2,n,,,,,,,,,,,,,,,,,,,,,,,,,,,,,,,,,,
AE10,F42,2009,Cano,5.48,14.8,n,,,,,,,,,,,,,,,,,,,,,,,,,,,,,,,,,,
AE10,F42,2009,Abam,6,16.9,n,,,,,,,,,,,,,,,,,,,,,,,,,,,,,,,,,,
AE10,F42,2009,Tsme,1.72,39.1,n,,,,,,,,,,,,,,,,,,,,,,,,,,,,,,,,,,
AE10,F42,2009,Tsme,1.92,41.5,n,,,,,,,,,,,,,,,,,,,,,,,,,,,,,,,,,,
AE10,F42,2009,Cano,9.67,41.7,n,,,,,,,,,,,,,,,,,,,,,,,,,,,,,,,,,,
AE10,F42,2009,Cano,5.25,47.8,n,,,,,,,,,,,,,,,,,,,,,,,,,,,,,,,,,,
AE10,F42,2009,Cano,7.15,50.5,n,,,,,,,,,,,,,,,,,,,,,,,,,,,,,,,,,,
AE10,F42,2009,Cano,9.43,52.6,n,,,,,,,,,,,,,,,,,,,,,,,,,,,,,,,,,,
AE10,F42,2009,Cano,8.6,53.6,y,,,,,,,,,,,,,,,,,,,,,,,,,,,,,,,,,,
AE10,F42,2009,Cano,4.14,56.1,n,,,,,,,,,,,,,,,,,,,,,,,,,,,,,,,,,,
AE10,F42,2009,Cano,4.33,57.0,y,,,,,,,,,,,,,,,,,,,,,,,,,,,,,,,,,,
AE10,F42,2009,Tsme,0.65,62.2,y,,,,,,,,,,,,,,,,,,,,,,,,,,,,,,,,,,
AE10,F42,2009,Tsme,0.37,69.6,y,,,,,,,,,,,,,,,,,,,,,,,,,,,,,,,,,,
AE10,F42,2009,Tsme,0.54,69.6,y,,,,,,,,,,,,,,,,,,,,,,,,,,,,,,,,,,
AE10,F42,2009,Abam,8.55,70.4,y,,,,,,,,,,,,,,,,,,,,,,,,,,,,,,,,,,
AE10,F42,2009,Abam,6,70.9,y,,,,,,,,,,,,,,,,,,,,,,,,,,,,,,,,,,
AE10,F42,2009,Abam,7.08,110.8,y,,,,,,,,,,,,,,,,,,,,,,,,,,,,,,,,,,
AE10,F43,2009,Abam,6.3,10.1,n,,,,,,,,,,,,,,,,,,,,,,,,,,,,,,,,,,
AE10,F43,2009,Abam,9.9,10.1,n,,,,,,,,,,,,,,,,,,,,,,,,,,,,,,,,,,
AE10,F43,2009,Abam,6.9,17.1,n,,,,,,,,,,,,,,,,,,,,,,,,,,,,,,,,,,
AE10,F43,2009,Abam,8.79,18.4,n,,,,,,,,,,,,,,,,,,,,,,,,,,,,,,,,,,
AE10,F43,2009,Abam,9.34,27.4,n,,,,,,,,,,,,,,,,,,,,,,,,,,,,,,,,,,
AE10,F43,2009,Abam,7.66,29.2,n,,,,,,,,,,,,,,,,,,,,,,,,,,,,,,,,,,
AE10,F43,2009,Cano,2.52,30.0,n,,,,,,,,,,,,,,,,,,,,,,,,,,,,,,,,,,
AE10,F43,2009,Cano,1.96,35.5,n,,,,,,,,,,,,,,,,,,,,,,,,,,,,,,,,,,
AE10,F43,2009,Cano,9.02,38.1,n,,,,,,,,,,,,,,,,,,,,,,,,,,,,,,,,,,
AE10,F43,2009,Tsme,5.79,39.4,n,,,,,,,,,,,,,,,,,,,,,,,,,,,,,,,,,,
AE10,F43,2009,Tsme,6.09,41.0,n,,,,,,,,,,,,,,,,,,,,,,,,,,,,,,,,,,
AE10,F43,2009,Abam,2.97,42.3,n,,,,,,,,,,,,,,,,,,,,,,,,,,,,,,,,,,
AE10,F43,2009,Cano,1.41,47.5,n,,,,,,,,,,,,,,,,,,,,,,,,,,,,,,,,,,
AE10,F43,2009,Cano,4,52.5,n,,,,,,,,,,,,,,,,,,,,,,,,,,,,,,,,,,
AE10,F43,2009,Abam,6.37,57.3,y,,,,,,,,,,,,,,,,,,,,,,,,,,,,,,,,,,
AE10,F43,2009,Cano,2.39,58.5,n,,,,,,,,,,,,,,,,,,,,,,,,,,,,,,,,,,
AE10,F43,2009,Cano,0.37,60.5,n,,,,,,,,,,,,,,,,,,,,,,,,,,,,,,,,,,
AE10,F43,2009,Tsme,6.93,60.9,n,,,,,,,,,,,,,,,,,,,,,,,,,,,,,,,,,,
AE10,F43,2009,Tsme,7.18,62.7,n,,,,,,,,,,,,,,,,,,,,,,,,,,,,,,,,,,
AE10,F43,2009,Tsme,6.72,67.5,y,,,,,,,,,,,,,,,,,,,,,,,,,,,,,,,,,,
AE10,F43,2009,Tsme,6.03,68.7,n,,,,,,,,,,,,,,,,,,,,,,,,,,,,,,,,,,
AE10,F43,2009,Abam,9.56,69.4,y,,,,,,,,,,,,,,,,,,,,,,,,,,,,,,,,,,
AE10,F43,2009,Abam,9.89,71.5,y,,,,,,,,,,,,,,,,,,,,,,,,,,,,,,,,,,
AE10,F43,2009,Abam,8.64,72.1,y,,,,,,,,,,,,,,,,,,,,,,,,,,,,,,,,,,
AE10,F44,2009,Abam,4.26,10.1,n,,,,,,,,,,,,,,,,,,,,,,,,,,,,,,,,,,
AE10,F44,2009,Abam,6.56,10.1,n,,,,,,,,,,,,,,,,,,,,,,,,,,,,,,,,,,
AE10,F44,2009,Abam,8.45,16.8,n,,,,,,,,,,,,,,,,,,,,,,,,,,,,,,,,,,
AE10,F44,2009,Abam,8.29,17.3,n,,,,,,,,,,,,,,,,,,,,,,,,,,,,,,,,,,
AE10,F44,2009,Abam,5.51,18.8,n,,,,,,,,,,,,,,,,,,,,,,,,,,,,,,,,,,
AE10,F44,2009,Abam,8.82,19.9,n,,,,,,,,,,,,,,,,,,,,,,,,,,,,,,,,,,
AE10,F44,2009,Abam,7.77,27.8,n,,,,,,,,,,,,,,,,,,,,,,,,,,,,,,,,,,
AE10,F44,2009,Abam,8.54,28.4,n,,,,,,,,,,,,,,,,,,,,,,,,,,,,,,,,,,
AE10,F44,2009,Abam,4.84,29.4,n,,,,,,,,,,,,,,,,,,,,,,,,,,,,,,,,,,
AE10,F44,2009,Cano,6.08,37.5,n,,,,,,,,,,,,,,,,,,,,,,,,,,,,,,,,,,
AE10,F44,2009,Tsme,8.58,39.4,n,,,,,,,,,,,,,,,,,,,,,,,,,,,,,,,,,,
AE10,F44,2009,Tsme,9.46,41.6,n,,,,,,,,,,,,,,,,,,,,,,,,,,,,,,,,,,
AE10,F44,2009,Cano,4.45,47.5,n,,,,,,,,,,,,,,,,,,,,,,,,,,,,,,,,,,
AE10,F44,2009,Cano,2.95,51.0,n,,,,,,,,,,,,,,,,,,,,,,,,,,,,,,,,,,
AE10,F44,2009,Cano,5.15,53.2,n,,,,,,,,,,,,,,,,,,,,,,,,,,,,,,,,,,
AE10,F44,2009,Cano,3.44,57.7,n,,,,,,,,,,,,,,,,,,,,,,,,,,,,,,,,,,
AE10,F44,2009,Abam,8.47,57.8,y,,,,,,,,,,,,,,,,,,,,,,,,,,,,,,,,,,
AE10,F44,2009,Cano,3.41,60.5,n,,,,,,,,,,,,,,,,,,,,,,,,,,,,,,,,,,
AE10,F44,2009,Tsme,9.97,61.2,n,,,,,,,,,,,,,,,,,,,,,,,,,,,,,,,,,,
AE10,F44,2009,Tsme,9.59,62.7,n,,,,,,,,,,,,,,,,,,,,,,,,,,,,,,,,,,
AE10,F44,2009,Tsme,9.8,68.8,y,,,,,,,,,,,,,,,,,,,,,,,,,,,,,,,,,,
AE10,F44,2009,Tsme,9.08,69.3,n,,,,,,,,,,,,,,,,,,,,,,,,,,,,,,,,,,
AE10,F44,2009,Abam,6.32,70.6,y,,,,,,,,,,,,,,,,,,,,,,,,,,,,,,,,,,
AE10,F44,2009,Abam,7.87,84.8,y,,,,,,,,,,,,,,,,,,,,,,,,,,,,,,,,,,
AE10,F45,2009,Abam,7.55,11.7,n,,,,,,,,,,,,,,,,,,,,,,,,,,,,,,,,,,
AE10,F45,2009,Abam,2.24,15.6,n,,,,,,,,,,,,,,,,,,,,,,,,,,,,,,,,,,
AE10,F45,2009,Cano,6.22,24.7,n,,,,,,,,,,,,,,,,,,,,,,,,,,,,,,,,,,
AE10,F45,2009,Cano,2.72,31.1,n,,,,,,,,,,,,,,,,,,,,,,,,,,,,,,,,,,
AE10,F45,2009,Cano,6.81,33.1,n,,,,,,,,,,,,,,,,,,,,,,,,,,,,,,,,,,
AE10,F45,2009,Cano,5.22,37.2,n,,,,,,,,,,,,,,,,,,,,,,,,,,,,,,,,,,
AE10,F45,2009,Abam,7.56,37.8,n,,,,,,,,,,,,,,,,,,,,,,,,,,,,,,,,,,
AE10,F45,2009,Abam,8.36,38.4,n,,,,,,,,,,,,,,,,,,,,,,,,,,,,,,,,,,
AE10,F45,2009,Cano,2.47,41.1,n,,,,,,,,,,,,,,,,,,,,,,,,,,,,,,,,,,
AE10,F45,2009,Cano,5.33,44.9,y,,,,,,,,,,,,,,,,,,,,,,,,,,,,,,,,,,
AE10,F45,2009,Abam,7.28,47.0,n,,,,,,,,,,,,,,,,,,,,,,,,,,,,,,,,,,
AE10,F45,2009,Abam,6.91,57.4,y,,,,,,,,,,,,,,,,,,,,,,,,,,,,,,,,,,
AE10,F45,2009,Abam,8.03,58.0,y,,,,,,,,,,,,,,,,,,,,,,,,,,,,,,,,,,
AE10,F45,2009,Abam,9.85,86.0,y,,,,,,,,,,,,,,,,,,,,,,,,,,,,,,,,,,
AE10,F46,2009,Abam,5.87,11.9,n,,,,,,,,,,,,,,,,,,,,,,,,,,,,,,,,,,
AE10,F46,2009,Abam,8.3,12.0,n,,,,,,,,,,,,,,,,,,,,,,,,,,,,,,,,,,
AE10,F46,2009,Abam,8.9,13.0,n,,,,,,,,,,,,,,,,,,,,,,,,,,,,,,,,,,
AE10,F46,2009,Abam,7.48,13.7,n,,,,,,,,,,,,,,,,,,,,,,,,,,,,,,,,,,
AE10,F46,2009,Abam,8.8,15.0,n,,,,,,,,,,,,,,,,,,,,,,,,,,,,,,,,,,
AE10,F46,2009,Abam,8.2,21.3,n,,,,,,,,,,,,,,,,,,,,,,,,,,,,,,,,,,
AE10,F46,2009,Abam,6.28,25.0,n,,,,,,,,,,,,,,,,,,,,,,,,,,,,,,,,,,
AE10,F46,2009,Abam,9.5,25.0,n,,,,,,,,,,,,,,,,,,,,,,,,,,,,,,,,,,
AE10,F46,2009,Cano,7.41,27.0,n,,,,,,,,,,,,,,,,,,,,,,,,,,,,,,,,,,
AE10,F46,2009,Abam,6.16,36.9,n,,,,,,,,,,,,,,,,,,,,,,,,,,,,,,,,,,
AE10,F46,2009,Abam,5.77,41.3,n,,,,,,,,,,,,,,,,,,,,,,,,,,,,,,,,,,
AE10,F46,2009,Abam,1.99,42.7,y,,,,,,,,,,,,,,,,,,,,,,,,,,,,,,,,,,
AE10,F46,2009,Cano,7.49,45.3,n,,,,,,,,,,,,,,,,,,,,,,,,,,,,,,,,,,
AE10,F46,2009,Abam,9.03,45.9,y,,,,,,,,,,,,,,,,,,,,,,,,,,,,,,,,,,
AE10,F46,2009,Abam,7.86,46.0,n,,,,,,,,,,,,,,,,,,,,,,,,,,,,,,,,,,
AE10,F46,2009,Abam,9.52,47.0,n,,,,,,,,,,,,,,,,,,,,,,,,,,,,,,,,,,
AE10,F46,2009,Abam,3.26,51.9,n,,,,,,,,,,,,,,,,,,,,,,,,,,,,,,,,,,
AE10,F46,2009,Abam,0.45,53.2,y,,,,,,,,,,,,,,,,,,,,,,,,,,,,,,,,,,
AE10,F46,2009,Abam,9.72,58.7,y,,,,,,,,,,,,,,,,,,,,,,,,,,,,,,,,,,
AE10,F46,2009,Abam,3.47,61.8,y,,,,,,,,,,,,,,,,,,,,,,,,,,,,,,,,,,
AE10,F47,2009,Abam,6.28,13.0,n,,,,,,,,,,,,,,,,,,,,,,,,,,,,,,,,,,
AE10,F47,2009,Cano,6.4,19.4,n,,,,,,,,,,,,,,,,,,,,,,,,,,,,,,,,,,
AE10,F47,2009,Abam,5.28,21.9,n,,,,,,,,,,,,,,,,,,,,,,,,,,,,,,,,,,
AE10,F47,2009,Abam,8.21,22.5,n,,,,,,,,,,,,,,,,,,,,,,,,,,,,,,,,,,
AE10,F47,2009,Abam,5.13,22.8,n,,,,,,,,,,,,,,,,,,,,,,,,,,,,,,,,,,
AE10,F47,2009,Abam,5.98,23.3,n,,,,,,,,,,,,,,,,,,,,,,,,,,,,,,,,,,
AE10,F47,2009,Abam,9.64,24.6,n,,,,,,,,,,,,,,,,,,,,,,,,,,,,,,,,,,
AE10,F47,2009,Abam,9.13,24.8,n,,,,,,,,,,,,,,,,,,,,,,,,,,,,,,,,,,
AE10,F47,2009,Abam,5.58,46.2,n,,,,,,,,,,,,,,,,,,,,,,,,,,,,,,,,,,
AE10,F47,2009,Abam,8.56,50.7,n,,,,,,,,,,,,,,,,,,,,,,,,,,,,,,,,,,
AE10,F47,2009,Abam,7.98,63.6,n,,,,,,,,,,,,,,,,,,,,,,,,,,,,,,,,,,
AE10,F47,2009,Abam,1.04,67.5,y,,,,,,,,,,,,,,,,,,,,,,,,,,,,,,,,,,
AE10,F47,2009,Abam,9.62,73.7,y,,,,,,,,,,,,,,,,,,,,,,,,,,,,,,,,,,
AE10,F47,2009,Abam,6.48,80.8,y,,,,,,,,,,,,,,,,,,,,,,,,,,,,,,,,,,
AE10,F48,2009,Abam,7.58,14.9,n,,,,,,,,,,,,,,,,,,,,,,,,,,,,,,,,,,
AE10,F48,2009,Abam,6.83,18.6,n,,,,,,,,,,,,,,,,,,,,,,,,,,,,,,,,,,
AE10,F48,2009,Abam,9.4,21.7,n,,,,,,,,,,,,,,,,,,,,,,,,,,,,,,,,,,
AE10,F48,2009,Abam,4.83,29.7,n,,,,,,,,,,,,,,,,,,,,,,,,,,,,,,,,,,
AE10,F48,2009,Cano,2.96,31.2,n,,,,,,,,,,,,,,,,,,,,,,,,,,,,,,,,,,
AE10,F48,2009,Abam,2.69,38.8,n,,,,,,,,,,,,,,,,,,,,,,,,,,,,,,,,,,
AE10,F48,2009,Cano,8.44,39.3,n,,,,,,,,,,,,,,,,,,,,,,,,,,,,,,,,,,
AE10,F48,2009,Abam,8.86,42.7,n,,,,,,,,,,,,,,,,,,,,,,,,,,,,,,,,,,
AE10,F48,2009,Abam,8.6,45.6,n,,,,,,,,,,,,,,,,,,,,,,,,,,,,,,,,,,
AE10,F48,2009,Abam,9.98,47.2,n,,,,,,,,,,,,,,,,,,,,,,,,,,,,,,,,,,
AE10,F48,2009,Cano,8.83,50.2,n,,,,,,,,,,,,,,,,,,,,,,,,,,,,,,,,,,
AE10,F48,2009,Abam,1.47,53.1,y,,,,,,,,,,,,,,,,,,,,,,,,,,,,,,,,,,
AE10,F48,2009,Abam,7.1,79.0,y,,,,,,,,,,,,,,,,,,,,,,,,,,,,,,,,,,
AE10,F48,2009,Abam,7.69,79.0,y,,,,,,,,,,,,,,,,,,,,,,,,,,,,,,,,,,
AE10,F48,2009,Abam,5.66,90.0,y,,,,,,,,,,,,,,,,,,,,,,,,,,,,,,,,,,
AE10,F49,2009,Cano,3.16,20.1,n,,,,,,,,,,,,,,,,,,,,,,,,,,,,,,,,,,
AE10,F49,2009,Cano,3.32,21.2,n,,,,,,,,,,,,,,,,,,,,,,,,,,,,,,,,,,
AE10,F49,2009,Cano,8.26,24.4,n,,,,,,,,,,,,,,,,,,,,,,,,,,,,,,,,,,
AE10,F49,2009,Abam,1.71,29.1,n,,,,,,,,,,,,,,,,,,,,,,,,,,,,,,,,,,
AE10,F49,2009,Abam,9.71,29.9,n,,,,,,,,,,,,,,,,,,,,,,,,,,,,,,,,,,
AE10,F49,2009,Cano,7.31,30.2,n,,,,,,,,,,,,,,,,,,,,,,,,,,,,,,,,,,
AE10,F49,2009,Cano,6.94,33.5,n,,,,,,,,,,,,,,,,,,,,,,,,,,,,,,,,,,
AE10,F49,2009,Abam,7.88,35.3,n,,,,,,,,,,,,,,,,,,,,,,,,,,,,,,,,,,
AE10,F49,2009,Cano,2.86,42.0,y,,,,,,,,,,,,,,,,,,,,,,,,,,,,,,,,,,
AE10,F49,2009,Cano,8.94,43.4,n,,,,,,,,,,,,,,,,,,,,,,,,,,,,,,,,,,
AE10,F49,2009,Cano,9.12,45.5,n,,,,,,,,,,,,,,,,,,,,,,,,,,,,,,,,,,
AE10,F49,2009,Tsme,7.31,46.7,y,,,,,,,,,,,,,,,,,,,,,,,,,,,,,,,,,,
AE10,F49,2009,Abam,9.64,48.0,n,,,,,,,,,,,,,,,,,,,,,,,,,,,,,,,,,,
AE10,F49,2009,Cano,7.33,49.0,y,,,,,,,,,,,,,,,,,,,,,,,,,,,,,,,,,,
AE10,F49,2009,Cano,5.27,52.1,n,,,,,,,,,,,,,,,,,,,,,,,,,,,,,,,,,,
AE10,F49,2009,Abam,7.33,55.0,n,,,,,,,,,,,,,,,,,,,,,,,,,,,,,,,,,,
AE10,F49,2009,Tsme,7.91,67.2,y,,,,,,,,,,,,,,,,,,,,,,,,,,,,,,,,,,
AE10,F49,2009,Abam,8.31,68.1,y,,,,,,,,,,,,,,,,,,,,,,,,,,,,,,,,,,
AE10,F49,2009,Abam,6.53,68.5,y,,,,,,,,,,,,,,,,,,,,,,,,,,,,,,,,,,
AE10,F49,2009,Abam,5.81,73.1,y,,,,,,,,,,,,,,,,,,,,,,,,,,,,,,,,,,
AE10,F49,2009,Abam,2.93,116.8,y,,,,,,,,,,,,,,,,,,,,,,,,,,,,,,,,,,
AE10,F5,2008,Abam,9.95,10.6,n,,,,,,,,,,,,,,,,,,,,,,,,,,,,,,,,,,
AE10,F5,2008,Abam,9.34,27.1,n,,,,,,,,,,,,,,,,,,,,,,,,,,,,,,,,,,
AE10,F5,2008,Abam,8.09,32.1,n,,,,,,,,,,,,,,,,,,,,,,,,,,,,,,,,,,
AE10,F5,2008,Abam,0.27,32.3,n,,,,,,,,,,,,,,,,,,,,,,,,,,,,,,,,,,
AE10,F5,2008,Cano,8.69,34.7,n,,,,,,,,,,,,,,,,,,,,,,,,,,,,,,,,,,
AE10,F5,2008,Cano,8.65,36.1,n,,,,,,,,,,,,,,,,,,,,,,,,,,,,,,,,,,
AE10,F5,2008,Cano,4.43,39.3,n,crown broken off,,,,,,,,,,,,,,,,,,,,,,,,,,,,,,,,,
AE10,F5,2008,Cano,5.33,40.2,n,,,,,,,,,,,,,,,,,,,,,,,,,,,,,,,,,,
AE10,F5,2008,Cano,5.3,42.8,n,,,,,,,,,,,,,,,,,,,,,,,,,,,,,,,,,,
AE10,F5,2008,Cano,3.26,43.9,n,,,,,,,,,,,,,,,,,,,,,,,,,,,,,,,,,,
AE10,F5,2008,Cano,5.39,46.0,n,,,,,,,,,,,,,,,,,,,,,,,,,,,,,,,,,,
AE10,F5,2008,Cano,6.28,55.7,n,,,,,,,,,,,,,,,,,,,,,,,,,,,,,,,,,,
AE10,F5,2008,Abam,1,64.4,y,,,,,,,,,,,,,,,,,,,,,,,,,,,,,,,,,,
AE10,F5,2008,Abam,4.56,66.9,y,,,,,,,,,,,,,,,,,,,,,,,,,,,,,,,,,,
AE10,F5,2008,Abam,6.77,67.4,y,,,,,,,,,,,,,,,,,,,,,,,,,,,,,,,,,,
AE10,F50,2009,Cano,9.69,20.1,n,,,,,,,,,,,,,,,,,,,,,,,,,,,,,,,,,,
AE10,F50,2009,Cano,9.83,21.2,n,,,,,,,,,,,,,,,,,,,,,,,,,,,,,,,,,,
AE10,F50,2009,Cano,7.46,23.8,n,,,,,,,,,,,,,,,,,,,,,,,,,,,,,,,,,,
AE10,F50,2009,Abam,6.16,29.8,n,,,,,,,,,,,,,,,,,,,,,,,,,,,,,,,,,,
AE10,F50,2009,Cano,5.32,37.7,n,,,,,,,,,,,,,,,,,,,,,,,,,,,,,,,,,,
AE10,F50,2009,Cano,6.83,41.5,n,,,,,,,,,,,,,,,,,,,,,,,,,,,,,,,,,,
AE10,F50,2009,Cano,6.73,41.7,y,,,,,,,,,,,,,,,,,,,,,,,,,,,,,,,,,,
AE10,F50,2009,Cano,7.76,42.6,n,,,,,,,,,,,,,,,,,,,,,,,,,,,,,,,,,,
AE10,F50,2009,Cano,7.28,43.0,n,,,,,,,,,,,,,,,,,,,,,,,,,,,,,,,,,,
AE10,F50,2009,Tsme,2.9,45.1,y,,,,,,,,,,,,,,,,,,,,,,,,,,,,,,,,,,
AE10,F50,2009,Cano,5.81,48.1,y,F49,,,,,,,,,,,,,,,,,,,,,,,,,,,,,,,,,
AE10,F50,2009,Tsme,2.05,67.2,y,F51,,,,,,,,,,,,,,,,,,,,,,,,,,,,,,,,,
AE10,F50,2009,Abam,9.18,68.2,y,,,,,,,,,,,,,,,,,,,,,,,,,,,,,,,,,,
AE10,F50,2009,Abam,8.92,116.8,y,,,,,,,,,,,,,,,,,,,,,,,,,,,,,,,,,,
AE10,F51,2009,Cano,7.24,23.2,n,,,,,,,,,,,,,,,,,,,,,,,,,,,,,,,,,,
AE10,F51,2009,Cano,6.17,25.1,n,,,,,,,,,,,,,,,,,,,,,,,,,,,,,,,,,,
AE10,F51,2009,Abam,4.28,30.3,n,,,,,,,,,,,,,,,,,,,,,,,,,,,,,,,,,,
AE10,F51,2009,Cano,6.27,30.9,n,,,,,,,,,,,,,,,,,,,,,,,,,,,,,,,,,,
AE10,F51,2009,Cano,7.95,32.7,n,,,,,,,,,,,,,,,,,,,,,,,,,,,,,,,,,,
AE10,F51,2009,Cano,2.59,38.0,n,,,,,,,,,,,,,,,,,,,,,,,,,,,,,,,,,,
AE10,F51,2009,Cano,3.05,39.6,n,,,,,,,,,,,,,,,,,,,,,,,,,,,,,,,,,,
AE10,F51,2009,Cano,4.46,41.8,n,,,,,,,,,,,,,,,,,,,,,,,,,,,,,,,,,,
AE10,F51,2009,Cano,8.41,42.7,n,,,,,,,,,,,,,,,,,,,,,,,,,,,,,,,,,,
AE10,F51,2009,Cano,7.14,44.0,n,,,,,,,,,,,,,,,,,,,,,,,,,,,,,,,,,,
AE10,F51,2009,Tsme,7.98,44.5,n,,,,,,,,,,,,,,,,,,,,,,,,,,,,,,,,,,
AE10,F51,2009,Tsme,1,46.4,n,,,,,,,,,,,,,,,,,,,,,,,,,,,,,,,,,,
AE10,F51,2009,Cano,5.94,47.8,n,,,,,,,,,,,,,,,,,,,,,,,,,,,,,,,,,,
AE10,F51,2009,Cano,8.49,48.1,n,F49,,,,,,,,,,,,,,,,,,,,,,,,,,,,,,,,,
AE10,F51,2009,Cano,6.87,57.5,y,,,,,,,,,,,,,,,,,,,,,,,,,,,,,,,,,,
AE10,F51,2009,Abam,2.66,73.1,n,F50,,,,,,,,,,,,,,,,,,,,,,,,,,,,,,,,,
AE10,F51,2009,Tsme,7.4,78.3,n,,,,,,,,,,,,,,,,,,,,,,,,,,,,,,,,,,
AE10,F51,2009,Abam,8.38,85.7,y,,,,,,,,,,,,,,,,,,,,,,,,,,,,,,,,,,
AE10,F52,2009,Abam,9.85,10.2,n,,,,,,,,,,,,,,,,,,,,,,,,,,,,,,,,,,
AE10,F52,2009,Abam,6.5,10.7,n,,,,,,,,,,,,,,,,,,,,,,,,,,,,,,,,,,
AE10,F52,2009,Abam,5.9,19.8,n,,,,,,,,,,,,,,,,,,,,,,,,,,,,,,,,,,
AE10,F52,2009,Cano,3.65,21.0,n,,,,,,,,,,,,,,,,,,,,,,,,,,,,,,,,,,
AE10,F52,2009,Tsme,9.33,21.8,n,,,,,,,,,,,,,,,,,,,,,,,,,,,,,,,,,,
AE10,F52,2009,Cano,1.84,26.2,n,,,,,,,,,,,,,,,,,,,,,,,,,,,,,,,,,,
AE10,F52,2009,Cano,8.7,27.0,n,,,,,,,,,,,,,,,,,,,,,,,,,,,,,,,,,,
AE10,F52,2009,Cano,4.63,31.6,n,,,,,,,,,,,,,,,,,,,,,,,,,,,,,,,,,,
AE10,F52,2009,Cano,8.97,31.9,n,,,,,,,,,,,,,,,,,,,,,,,,,,,,,,,,,,
AE10,F52,2009,Cano,3.3,32.0,n,,,,,,,,,,,,,,,,,,,,,,,,,,,,,,,,,,
AE10,F52,2009,Cano,9.85,33.5,n,,,,,,,,,,,,,,,,,,,,,,,,,,,,,,,,,,
AE10,F52,2009,Cano,3.62,34.6,n,,,,,,,,,,,,,,,,,,,,,,,,,,,,,,,,,,
AE10,F52,2009,Cano,6.81,35.5,n,,,,,,,,,,,,,,,,,,,,,,,,,,,,,,,,,,
AE10,F52,2009,Cano,9.77,35.5,n,,,,,,,,,,,,,,,,,,,,,,,,,,,,,,,,,,
AE10,F52,2009,Tsme,6.27,38.6,n,,,,,,,,,,,,,,,,,,,,,,,,,,,,,,,,,,
AE10,F52,2009,Cano,1.29,42.0,n,,,,,,,,,,,,,,,,,,,,,,,,,,,,,,,,,,
AE10,F52,2009,Cano,7.03,42.5,n,,,,,,,,,,,,,,,,,,,,,,,,,,,,,,,,,,
AE10,F52,2009,Abam,8.86,45.7,n,,,,,,,,,,,,,,,,,,,,,,,,,,,,,,,,,,
AE10,F52,2009,Cano,9.74,45.7,n,,,,,,,,,,,,,,,,,,,,,,,,,,,,,,,,,,
AE10,F52,2009,Tsme,7.06,45.9,n,,,,,,,,,,,,,,,,,,,,,,,,,,,,,,,,,,
AE10,F52,2009,Cano,1.12,46.0,n,,,,,,,,,,,,,,,,,,,,,,,,,,,,,,,,,,
AE10,F52,2009,Cano,5.01,47.0,n,,,,,,,,,,,,,,,,,,,,,,,,,,,,,,,,,,
AE10,F52,2009,Tsme,7.13,76.3,y,,,,,,,,,,,,,,,,,,,,,,,,,,,,,,,,,,
AE10,F52,2009,Tsme,9.8,109.6,y,,,,,,,,,,,,,,,,,,,,,,,,,,,,,,,,,,
AE10,F53,2009,Abam,9.85,10.2,n,,,,,,,,,,,,,,,,,,,,,,,,,,,,,,,,,,
AE10,F53,2009,Abam,6.5,10.7,n,,,,,,,,,,,,,,,,,,,,,,,,,,,,,,,,,,
AE10,F53,2009,Abam,5.9,19.8,n,,,,,,,,,,,,,,,,,,,,,,,,,,,,,,,,,,
AE10,F53,2009,Cano,3.65,21.0,n,,,,,,,,,,,,,,,,,,,,,,,,,,,,,,,,,,
AE10,F53,2009,Tsme,9.33,21.8,n,,,,,,,,,,,,,,,,,,,,,,,,,,,,,,,,,,
AE10,F53,2009,Cano,1.84,26.2,n,,,,,,,,,,,,,,,,,,,,,,,,,,,,,,,,,,
AE10,F53,2009,Cano,8.7,27.0,n,,,,,,,,,,,,,,,,,,,,,,,,,,,,,,,,,,
AE10,F53,2009,Cano,4.63,31.6,n,,,,,,,,,,,,,,,,,,,,,,,,,,,,,,,,,,
AE10,F53,2009,Cano,8.97,31.9,n,,,,,,,,,,,,,,,,,,,,,,,,,,,,,,,,,,
AE10,F53,2009,Cano,3.3,32.0,n,,,,,,,,,,,,,,,,,,,,,,,,,,,,,,,,,,
AE10,F53,2009,Cano,9.85,33.5,n,,,,,,,,,,,,,,,,,,,,,,,,,,,,,,,,,,
AE10,F53,2009,Cano,3.62,34.6,n,,,,,,,,,,,,,,,,,,,,,,,,,,,,,,,,,,
AE10,F53,2009,Cano,6.81,35.5,n,,,,,,,,,,,,,,,,,,,,,,,,,,,,,,,,,,
AE10,F53,2009,Cano,9.77,35.5,n,,,,,,,,,,,,,,,,,,,,,,,,,,,,,,,,,,
AE10,F53,2009,Tsme,6.27,38.6,n,,,,,,,,,,,,,,,,,,,,,,,,,,,,,,,,,,
AE10,F53,2009,Cano,1.29,42.0,n,,,,,,,,,,,,,,,,,,,,,,,,,,,,,,,,,,
AE10,F53,2009,Cano,7.03,42.5,n,,,,,,,,,,,,,,,,,,,,,,,,,,,,,,,,,,
AE10,F53,2009,Abam,8.86,45.7,n,,,,,,,,,,,,,,,,,,,,,,,,,,,,,,,,,,
AE10,F53,2009,Cano,9.74,45.7,n,,,,,,,,,,,,,,,,,,,,,,,,,,,,,,,,,,
AE10,F53,2009,Tsme,7.06,45.9,n,,,,,,,,,,,,,,,,,,,,,,,,,,,,,,,,,,
AE10,F53,2009,Cano,1.12,46.0,n,,,,,,,,,,,,,,,,,,,,,,,,,,,,,,,,,,
AE10,F53,2009,Cano,5.01,47.0,n,,,,,,,,,,,,,,,,,,,,,,,,,,,,,,,,,,
AE10,F53,2009,Tsme,7.13,76.3,y,,,,,,,,,,,,,,,,,,,,,,,,,,,,,,,,,,
AE10,F53,2009,Tsme,9.8,109.6,y,,,,,,,,,,,,,,,,,,,,,,,,,,,,,,,,,,
AE10,F54,2009,Cano,7.31,24.4,n,,,,,,,,,,,,,,,,,,,,,,,,,,,,,,,,,,
AE10,F54,2009,Abam,5.82,27.8,n,,,,,,,,,,,,,,,,,,,,,,,,,,,,,,,,,,
AE10,F54,2009,Cano,7.39,33.8,n,,,,,,,,,,,,,,,,,,,,,,,,,,,,,,,,,,
AE10,F54,2009,Cano,5.95,34.3,n,,,,,,,,,,,,,,,,,,,,,,,,,,,,,,,,,,
AE10,F54,2009,Cano,5.42,38.0,y,,,,,,,,,,,,,,,,,,,,,,,,,,,,,,,,,,
AE10,F54,2009,Cano,5.32,41.5,n,,,,,,,,,,,,,,,,,,,,,,,,,,,,,,,,,,
AE10,F54,2009,Cano,1.06,41.5,y,,,,,,,,,,,,,,,,,,,,,,,,,,,,,,,,,,
AE10,F54,2009,Cano,4.63,44.3,y,,,,,,,,,,,,,,,,,,,,,,,,,,,,,,,,,,
AE10,F54,2009,Cano,4.34,45.9,y,,,,,,,,,,,,,,,,,,,,,,,,,,,,,,,,,,
AE10,F54,2009,Abam,8.5,49.1,y,,,,,,,,,,,,,,,,,,,,,,,,,,,,,,,,,,
AE10,F54,2009,Cano,3.32,50.2,n,,,,,,,,,,,,,,,,,,,,,,,,,,,,,,,,,,
AE10,F54,2009,Cano,8.74,59.8,y,,,,,,,,,,,,,,,,,,,,,,,,,,,,,,,,,,
AE10,F54,2009,Abam,7.72,68.0,y,,,,,,,,,,,,,,,,,,,,,,,,,,,,,,,,,,
AE10,F54,2009,Abam,7.42,75.1,y,,,,,,,,,,,,,,,,,,,,,,,,,,,,,,,,,,
AE10,F54,2009,Abam,8,78.2,y,,,,,,,,,,,,,,,,,,,,,,,,,,,,,,,,,,
AE10,F54,2009,Abam,3.91,81.0,y,,,,,,,,,,,,,,,,,,,,,,,,,,,,,,,,,,
AE10,F54,2009,Abam,8.38,100.3,y,,,,,,,,,,,,,,,,,,,,,,,,,,,,,,,,,,
AE10,F55,2009,Tsme,6.26,11.4,n,,,,,,,,,,,,,,,,,,,,,,,,,,,,,,,,,,
AE10,F55,2009,Abam,3.93,11.6,n,,,,,,,,,,,,,,,,,,,,,,,,,,,,,,,,,,
AE10,F55,2009,Abam,3.53,12.0,n,,,,,,,,,,,,,,,,,,,,,,,,,,,,,,,,,,
AE10,F55,2009,Tsme,0.36,18.4,n,,,,,,,,,,,,,,,,,,,,,,,,,,,,,,,,,,
AE10,F55,2009,Tsme,8.42,20.6,n,,,,,,,,,,,,,,,,,,,,,,,,,,,,,,,,,,
AE10,F55,2009,Tsme,2.95,28.5,n,,,,,,,,,,,,,,,,,,,,,,,,,,,,,,,,,,
AE10,F55,2009,Abam,2.17,30.7,n,,,,,,,,,,,,,,,,,,,,,,,,,,,,,,,,,,
AE10,F55,2009,Tsme,5.52,35.8,n,,,,,,,,,,,,,,,,,,,,,,,,,,,,,,,,,,
AE10,F55,2009,Cano,2.69,50.1,n,,,,,,,,,,,,,,,,,,,,,,,,,,,,,,,,,,
AE10,F55,2009,Cano,9.11,57.8,y,,,,,,,,,,,,,,,,,,,,,,,,,,,,,,,,,,
AE10,F56,2009,Tsme,7.69,11.4,n,,,,,,,,,,,,,,,,,,,,,,,,,,,,,,,,,,
AE10,F56,2009,Abam,7.19,12.2,n,,,,,,,,,,,,,,,,,,,,,,,,,,,,,,,,,,
AE10,F56,2009,Abam,8.44,12.2,n,,,,,,,,,,,,,,,,,,,,,,,,,,,,,,,,,,
AE10,F56,2009,Cano,0.51,15.8,n,,,,,,,,,,,,,,,,,,,,,,,,,,,,,,,,,,
AE10,F56,2009,Cano,4.85,24.7,n,,,,,,,,,,,,,,,,,,,,,,,,,,,,,,,,,,
AE10,F56,2009,Tsme,1.88,34.3,n,,,,,,,,,,,,,,,,,,,,,,,,,,,,,,,,,,
AE10,F56,2009,Tsme,8.05,35.2,n,,,,,,,,,,,,,,,,,,,,,,,,,,,,,,,,,,
AE10,F56,2009,Cano,1.97,44.5,n,,,,,,,,,,,,,,,,,,,,,,,,,,,,,,,,,,
AE10,F56,2009,Abam,9.83,50.9,y,,,,,,,,,,,,,,,,,,,,,,,,,,,,,,,,,,
AE10,F56,2009,Abam,1.52,56.0,y,,,,,,,,,,,,,,,,,,,,,,,,,,,,,,,,,,
AE10,F56,2009,Abam,4.93,56.5,y,,,,,,,,,,,,,,,,,,,,,,,,,,,,,,,,,,
AE10,F56,2009,Tsme,7.43,61.6,y,,,,,,,,,,,,,,,,,,,,,,,,,,,,,,,,,,
AE10,F57,2009,Abam,6.07,19.0,n,,,,,,,,,,,,,,,,,,,,,,,,,,,,,,,,,,
AE10,F57,2009,Cano,7.23,21.3,n,,,,,,,,,,,,,,,,,,,,,,,,,,,,,,,,,,
AE10,F57,2009,Abam,2.52,28.0,n,,,,,,,,,,,,,,,,,,,,,,,,,,,,,,,,,,
AE10,F57,2009,Cano,9.37,32.2,n,,,,,,,,,,,,,,,,,,,,,,,,,,,,,,,,,,
AE10,F57,2009,Cano,7.02,33.4,n,,,,,,,,,,,,,,,,,,,,,,,,,,,,,,,,,,
AE10,F57,2009,Abam,8.53,34.5,n,,,,,,,,,,,,,,,,,,,,,,,,,,,,,,,,,,
AE10,F57,2009,Cano,7.72,34.7,n,,,,,,,,,,,,,,,,,,,,,,,,,,,,,,,,,,
AE10,F57,2009,Abam,3.26,35.1,n,,,,,,,,,,,,,,,,,,,,,,,,,,,,,,,,,,
AE10,F57,2009,Cano,9.41,37.9,n,,,,,,,,,,,,,,,,,,,,,,,,,,,,,,,,,,
AE10,F57,2009,Abam,2.79,41.6,n,,,,,,,,,,,,,,,,,,,,,,,,,,,,,,,,,,
AE10,F57,2009,Cano,7.42,43.0,n,,,,,,,,,,,,,,,,,,,,,,,,,,,,,,,,,,
AE10,F57,2009,Cano,9.21,53.0,n,,,,,,,,,,,,,,,,,,,,,,,,,,,,,,,,,,
AE10,F57,2009,Abam,3.36,64.0,y,,,,,,,,,,,,,,,,,,,,,,,,,,,,,,,,,,
AE10,F57,2009,Tsme,8.42,67.5,y,,,,,,,,,,,,,,,,,,,,,,,,,,,,,,,,,,
AE10,F57,2009,Abam,4.15,76.5,y,,,,,,,,,,,,,,,,,,,,,,,,,,,,,,,,,,
AE10,F58,2009,Cano,6.4,23.9,n,,,,,,,,,,,,,,,,,,,,,,,,,,,,,,,,,,
AE10,F58,2009,Cano,6.75,28.3,n,,,,,,,,,,,,,,,,,,,,,,,,,,,,,,,,,,
AE10,F58,2009,Cano,8.26,29.2,n,,,,,,,,,,,,,,,,,,,,,,,,,,,,,,,,,,
AE10,F58,2009,Cano,5,31.7,n,,,,,,,,,,,,,,,,,,,,,,,,,,,,,,,,,,
AE10,F58,2009,Abam,4,31.8,n,,,,,,,,,,,,,,,,,,,,,,,,,,,,,,,,,,
AE10,F58,2009,Cano,7.77,32.6,n,,,,,,,,,,,,,,,,,,,,,,,,,,,,,,,,,,
AE10,F58,2009,Cano,9.11,36.4,n,,,,,,,,,,,,,,,,,,,,,,,,,,,,,,,,,,
AE10,F58,2009,Cano,6.13,40.5,n,,,,,,,,,,,,,,,,,,,,,,,,,,,,,,,,,,
AE10,F58,2009,Abam,3.07,41.2,n,,,,,,,,,,,,,,,,,,,,,,,,,,,,,,,,,,
AE10,F58,2009,Abam,8.72,42.4,n,,,,,,,,,,,,,,,,,,,,,,,,,,,,,,,,,,
AE10,F58,2009,Tsme,8.9,44.5,n,,,,,,,,,,,,,,,,,,,,,,,,,,,,,,,,,,
AE10,F58,2009,Abam,2.28,45.1,n,,,,,,,,,,,,,,,,,,,,,,,,,,,,,,,,,,
AE10,F58,2009,Tsme,8.31,45.1,n,,,,,,,,,,,,,,,,,,,,,,,,,,,,,,,,,,
AE10,F58,2009,Abam,5.89,45.6,n,,,,,,,,,,,,,,,,,,,,,,,,,,,,,,,,,,
AE10,F58,2009,Abam,8.52,46.2,y,,,,,,,,,,,,,,,,,,,,,,,,,,,,,,,,,,
AE10,F58,2009,Cano,9.17,47.1,n,,,,,,,,,,,,,,,,,,,,,,,,,,,,,,,,,,
AE10,F58,2009,Abam,2.76,54.1,y,,,,,,,,,,,,,,,,,,,,,,,,,,,,,,,,,,
AE10,F59,2009,Abam,7.93,16.2,n,,,,,,,,,,,,,,,,,,,,,,,,,,,,,,,,,,
AE10,F59,2009,Abam,4.24,27.6,n,,,,,,,,,,,,,,,,,,,,,,,,,,,,,,,,,,
AE10,F59,2009,Cano,4.02,28.7,n,,,,,,,,,,,,,,,,,,,,,,,,,,,,,,,,,,
AE10,F59,2009,Cano,5.2,32.1,n,,,,,,,,,,,,,,,,,,,,,,,,,,,,,,,,,,
AE10,F59,2009,Cano,1.75,33.2,n,,,,,,,,,,,,,,,,,,,,,,,,,,,,,,,,,,
AE10,F59,2009,Cano,7.37,33.2,n,,,,,,,,,,,,,,,,,,,,,,,,,,,,,,,,,,
AE10,F59,2009,Cano,6.37,33.5,n,,,,,,,,,,,,,,,,,,,,,,,,,,,,,,,,,,
AE10,F59,2009,Cano,6.45,33.7,n,,,,,,,,,,,,,,,,,,,,,,,,,,,,,,,,,,
AE10,F59,2009,Cano,5.83,34.9,n,,,,,,,,,,,,,,,,,,,,,,,,,,,,,,,,,,
AE10,F59,2009,Cano,2.9,39.4,n,,,,,,,,,,,,,,,,,,,,,,,,,,,,,,,,,,
AE10,F59,2009,Cano,6.43,41.0,n,,,,,,,,,,,,,,,,,,,,,,,,,,,,,,,,,,
AE10,F59,2009,Tsme,8.86,42.2,n,,,,,,,,,,,,,,,,,,,,,,,,,,,,,,,,,,
AE10,F59,2009,Cano,6.72,46.2,y,,,,,,,,,,,,,,,,,,,,,,,,,,,,,,,,,,
AE10,F59,2009,Cano,9.5,50.5,n,,,,,,,,,,,,,,,,,,,,,,,,,,,,,,,,,,
AE10,F59,2009,Cano,7.59,50.9,n,,,,,,,,,,,,,,,,,,,,,,,,,,,,,,,,,,
AE10,F59,2009,Tsme,2.48,53.7,y,,,,,,,,,,,,,,,,,,,,,,,,,,,,,,,,,,
AE10,F59,2009,Abam,4.01,54.6,y,,,,,,,,,,,,,,,,,,,,,,,,,,,,,,,,,,
AE10,F59,2009,Cano,4.92,55.0,y,,,,,,,,,,,,,,,,,,,,,,,,,,,,,,,,,,
AE10,F59,2009,Abam,3.1,55.1,y,,,,,,,,,,,,,,,,,,,,,,,,,,,,,,,,,,
AE10,F59,2009,Abam,2.73,73.0,y,,,,,,,,,,,,,,,,,,,,,,,,,,,,,,,,,,
AE10,F59,2009,Cano,9.68,77.8,y,,,,,,,,,,,,,,,,,,,,,,,,,,,,,,,,,,
AE10,F6,2008,Cano,9.29,21.9,n,,,,,,,,,,,,,,,,,,,,,,,,,,,,,,,,,,
AE10,F6,2008,Cano,7.33,25.3,n,,,,,,,,,,,,,,,,,,,,,,,,,,,,,,,,,,
AE10,F6,2008,Abam,7.56,31.2,n,,,,,,,,,,,,,,,,,,,,,,,,,,,,,,,,,,
AE10,F6,2008,Abam,8.23,36.1,n,,,,,,,,,,,,,,,,,,,,,,,,,,,,,,,,,,
AE10,F6,2008,Cano,6.04,38.3,n,,,,,,,,,,,,,,,,,,,,,,,,,,,,,,,,,,
AE10,F6,2008,Abam,4.77,40.0,n,,,,,,,,,,,,,,,,,,,,,,,,,,,,,,,,,,
AE10,F6,2008,Cano,3.02,44.1,y,,,,,,,,,,,,,,,,,,,,,,,,,,,,,,,,,,
AE10,F6,2008,Cano,9.82,46.0,y,,,,,,,,,,,,,,,,,,,,,,,,,,,,,,,,,,
AE10,F6,2008,Cano,6.55,46.1,y,,,,,,,,,,,,,,,,,,,,,,,,,,,,,,,,,,
AE10,F6,2008,Cano,9.43,47.8,n,,,,,,,,,,,,,,,,,,,,,,,,,,,,,,,,,,
AE10,F6,2008,Cano,7.37,48.2,y,,,,,,,,,,,,,,,,,,,,,,,,,,,,,,,,,,
AE10,F6,2008,Cano,6.31,49.6,y,,,,,,,,,,,,,,,,,,,,,,,,,,,,,,,,,,
AE10,F6,2008,Cano,4.67,54.3,y,,,,,,,,,,,,,,,,,,,,,,,,,,,,,,,,,,
AE10,F6,2008,Cano,8.28,55.8,y,,,,,,,,,,,,,,,,,,,,,,,,,,,,,,,,,,
AE10,F6,2008,Cano,7.26,67.1,y,F7,,,,,,,,,,,,,,,,,,,,,,,,,,,,,,,,,
AE10,F60,2009,Abam,3.94,10.0,n,,,,,,,,,,,,,,,,,,,,,,,,,,,,,,,,,,
AE10,F60,2009,Cano,2,16.3,n,,,,,,,,,,,,,,,,,,,,,,,,,,,,,,,,,,
AE10,F60,2009,Cano,9.8,33.1,n,,,,,,,,,,,,,,,,,,,,,,,,,,,,,,,,,,
AE10,F60,2009,Cano,3.39,33.9,n,,,,,,,,,,,,,,,,,,,,,,,,,,,,,,,,,,
AE10,F60,2009,Cano,0.5,34.5,n,,,,,,,,,,,,,,,,,,,,,,,,,,,,,,,,,,
AE10,F60,2009,Cano,8.43,35.9,n,,,,,,,,,,,,,,,,,,,,,,,,,,,,,,,,,,
AE10,F60,2009,Cano,4.59,39.9,n,,,,,,,,,,,,,,,,,,,,,,,,,,,,,,,,,,
AE10,F60,2009,Cano,4.2,42.1,n,,,,,,,,,,,,,,,,,,,,,,,,,,,,,,,,,,
AE10,F60,2009,Cano,6.94,49.7,y,,,,,,,,,,,,,,,,,,,,,,,,,,,,,,,,,,
AE10,F60,2009,Abam,8.71,60.3,y,,,,,,,,,,,,,,,,,,,,,,,,,,,,,,,,,,
AE10,F60,2009,Cano,7.18,65.4,y,,,,,,,,,,,,,,,,,,,,,,,,,,,,,,,,,,
AE10,F7,2008,Abam,7.14,26.1,n,,,,,,,,,,,,,,,,,,,,,,,,,,,,,,,,,,
AE10,F7,2008,Abam,1.22,36.1,n,,,,,,,,,,,,,,,,,,,,,,,,,,,,,,,,,,
AE10,F7,2008,Cano,5.27,38.3,n,,,,,,,,,,,,,,,,,,,,,,,,,,,,,,,,,,
AE10,F7,2008,Abam,5.39,40.0,n,,,,,,,,,,,,,,,,,,,,,,,,,,,,,,,,,,
AE10,F7,2008,Cano,3.8,44.1,y,,,,,,,,,,,,,,,,,,,,,,,,,,,,,,,,,,
AE10,F7,2008,Cano,4.64,46.1,y,,,,,,,,,,,,,,,,,,,,,,,,,,,,,,,,,,
AE10,F7,2008,Cano,8.08,46.5,n,,,,,,,,,,,,,,,,,,,,,,,,,,,,,,,,,,
AE10,F7,2008,Cano,0.26,49.6,y,,,,,,,,,,,,,,,,,,,,,,,,,,,,,,,,,,
AE10,F7,2008,Cano,7.45,60.4,y,,,,,,,,,,,,,,,,,,,,,,,,,,,,,,,,,,
AE10,F7,2008,Abam,8.42,70.0,y,,,,,,,,,,,,,,,,,,,,,,,,,,,,,,,,,,
AE10,F7,2008,Tsme,7.26,108.2,y,F6,,,,,,,,,,,,,,,,,,,,,,,,,,,,,,,,,
AE10,F8,2008,Abam,9.29,12.4,n,,,,,,,,,,,,,,,,,,,,,,,,,,,,,,,,,,
AE10,F8,2008,Abam,4.34,14.6,n,,,,,,,,,,,,,,,,,,,,,,,,,,,,,,,,,,
AE10,F8,2008,Abam,9.06,18.0,n,,,,,,,,,,,,,,,,,,,,,,,,,,,,,,,,,,
AE10,F8,2008,Abam,4.25,21.0,n,,,,,,,,,,,,,,,,,,,,,,,,,,,,,,,,,,
AE10,F8,2008,Cano,7.1,34.4,n,no crown,,,,,,,,,,,,,,,,,,,,,,,,,,,,,,,,,
AE10,F8,2008,Cano,8.24,35.9,n,,,,,,,,,,,,,,,,,,,,,,,,,,,,,,,,,,
AE10,F8,2008,Cano,9.75,37.1,y,,,,,,,,,,,,,,,,,,,,,,,,,,,,,,,,,,
AE10,F8,2008,Cano,9.1,44.3,y,,,,,,,,,,,,,,,,,,,,,,,,,,,,,,,,,,
AE10,F8,2008,Cano,8.29,46.5,y,,,,,,,,,,,,,,,,,,,,,,,,,,,,,,,,,,
AE10,F8,2008,Cano,5.02,48.0,y,,,,,,,,,,,,,,,,,,,,,,,,,,,,,,,,,,
AE10,F8,2008,Cano,7.78,49.4,n,,,,,,,,,,,,,,,,,,,,,,,,,,,,,,,,,,
AE10,F8,2008,Cano,6.5,55.7,y,F9,,,,,,,,,,,,,,,,,,,,,,,,,,,,,,,,,
AE10,F8,2008,Cano,8.29,55.8,y,,,,,,,,,,,,,,,,,,,,,,,,,,,,,,,,,,
AE10,F8,2008,Cano,8.99,65.7,y,,,,,,,,,,,,,,,,,,,,,,,,,,,,,,,,,,
AE10,F8,2008,Abam,6.53,68.8,y,,,,,,,,,,,,,,,,,,,,,,,,,,,,,,,,,,
AE10,F8,2008,Abam,6.73,76.5,y,,,,,,,,,,,,,,,,,,,,,,,,,,,,,,,,,,
AE10,F8,2008,Abam,7.59,78.0,y,,,,,,,,,,,,,,,,,,,,,,,,,,,,,,,,,,
AE10,F8,2008,Cano,0.35,,n,dbh of this neighbor missing,,,,,,,,,,,,,,,,,,,,,,,,,,,,,,,,,
AE10,F9,2008,Abam,5.34,10.2,n,,,,,,,,,,,,,,,,,,,,,,,,,,,,,,,,,,
AE10,F9,2008,Abam,7.59,12.1,n,,,,,,,,,,,,,,,,,,,,,,,,,,,,,,,,,,
AE10,F9,2008,Abam,8.32,12.7,n,,,,,,,,,,,,,,,,,,,,,,,,,,,,,,,,,,
AE10,F9,2008,Abam,8.22,14.7,n,,,,,,,,,,,,,,,,,,,,,,,,,,,,,,,,,,
AE10,F9,2008,Abam,9.28,21.0,n,,,,,,,,,,,,,,,,,,,,,,,,,,,,,,,,,,
AE10,F9,2008,Cano,7.36,22.5,n,,,,,,,,,,,,,,,,,,,,,,,,,,,,,,,,,,
AE10,F9,2008,Cano,7.56,36.4,n,no crown,,,,,,,,,,,,,,,,,,,,,,,,,,,,,,,,,
AE10,F9,2008,Cano,4.51,41.8,y,,,,,,,,,,,,,,,,,,,,,,,,,,,,,,,,,,
AE10,F9,2008,Cano,1.09,48.0,y,,,,,,,,,,,,,,,,,,,,,,,,,,,,,,,,,,
AE10,F9,2008,Cano,8.19,48.1,y,,,,,,,,,,,,,,,,,,,,,,,,,,,,,,,,,,
AE10,F9,2008,Cano,4.64,49.8,y,,,,,,,,,,,,,,,,,,,,,,,,,,,,,,,,,,
AE10,F9,2008,Cano,6.61,51.8,y,,,,,,,,,,,,,,,,,,,,,,,,,,,,,,,,,,
AE10,F9,2008,Abam,1.66,68.8,y,,,,,,,,,,,,,,,,,,,,,,,,,,,,,,,,,,
AE10,F9,2008,Abam,6.5,75.2,y,F8,,,,,,,,,,,,,,,,,,,,,,,,,,,,,,,,,
AE10,F9,2008,Abam,6.29,76.5,y,,,,,,,,,,,,,,,,,,,,,,,,,,,,,,,,,,
AR07,G1,2008,Cano,8.67,23.8,n,,,,,,,,,,,,,,,,,,,,,,,,,,,,,,,,,,
AR07,G1,2008,Cano,7.14,26.7,n,,,,,,,,,,,,,,,,,,,,,,,,,,,,,,,,,,
AR07,G1,2008,Cano,5.87,27.1,n,,,,,,,,,,,,,,,,,,,,,,,,,,,,,,,,,,
AR07,G1,2008,Cano,5.99,32.3,n,,,,,,,,,,,,,,,,,,,,,,,,,,,,,,,,,,
AR07,G1,2008,Cano,6.7,33.1,n,,,,,,,,,,,,,,,,,,,,,,,,,,,,,,,,,,
AR07,G1,2008,Tsme,6.48,33.2,n,,,,,,,,,,,,,,,,,,,,,,,,,,,,,,,,,,
AR07,G1,2008,Cano,7.94,35.2,n,,,,,,,,,,,,,,,,,,,,,,,,,,,,,,,,,,
AR07,G1,2008,Cano,7.58,39.2,n,,,,,,,,,,,,,,,,,,,,,,,,,,,,,,,,,,
AR07,G1,2008,Cano,1.34,41.4,n,,,,,,,,,,,,,,,,,,,,,,,,,,,,,,,,,,
AR07,G1,2008,Tsme,7.05,43.8,n,,,,,,,,,,,,,,,,,,,,,,,,,,,,,,,,,,
AR07,G1,2008,Cano,4.88,43.9,n,,,,,,,,,,,,,,,,,,,,,,,,,,,,,,,,,,
AR07,G1,2008,Tsme,7.35,48.9,y,,,,,,,,,,,,,,,,,,,,,,,,,,,,,,,,,,
AR07,G1,2008,Tsme,9.5,49.4,y,,,,,,,,,,,,,,,,,,,,,,,,,,,,,,,,,,
AR07,G1,2008,Cano,6.6,51.7,y,G3,,,,,,,,,,,,,,,,,,,,,,,,,,,,,,,,,
AR07,G1,2008,Abam,2.78,53.8,y,,,,,,,,,,,,,,,,,,,,,,,,,,,,,,,,,,
AR07,G1,2008,Abam,6.82,58.2,n,G2,,,,,,,,,,,,,,,,,,,,,,,,,,,,,,,,,
AR07,G1,2008,Tsme,7.32,59.2,y,,,,,,,,,,,,,,,,,,,,,,,,,,,,,,,,,,
AR07,G1,2008,Tsme,8.75,73.1,y,,,,,,,,,,,,,,,,,,,,,,,,,,,,,,,,,,
AR07,G1,2008,Tsme,6.86,73.5,y,,,,,,,,,,,,,,,,,,,,,,,,,,,,,,,,,,
AR07,G10,2008,Abam,2.53,10.2,n,,,,,,,,,,,,,,,,,,,,,,,,,,,,,,,,,,
AR07,G10,2008,Abam,8.62,11.4,n,,,,,,,,,,,,,,,,,,,,,,,,,,,,,,,,,,
AR07,G10,2008,Abam,9.49,12.3,n,,,,,,,,,,,,,,,,,,,,,,,,,,,,,,,,,,
AR07,G10,2008,Abam,6.56,13.5,n,,,,,,,,,,,,,,,,,,,,,,,,,,,,,,,,,,
AR07,G10,2008,Abam,6.66,21.6,n,,,,,,,,,,,,,,,,,,,,,,,,,,,,,,,,,,
AR07,G10,2008,Abam,8.6,22.0,n,,,,,,,,,,,,,,,,,,,,,,,,,,,,,,,,,,
AR07,G10,2008,Cano,0.68,26.5,n,,,,,,,,,,,,,,,,,,,,,,,,,,,,,,,,,,
AR07,G10,2008,Cano,7.21,27.2,n,,,,,,,,,,,,,,,,,,,,,,,,,,,,,,,,,,
AR07,G10,2008,Cano,8.2,28.4,n,,,,,,,,,,,,,,,,,,,,,,,,,,,,,,,,,,
AR07,G10,2008,Cano,6.71,31.3,n,,,,,,,,,,,,,,,,,,,,,,,,,,,,,,,,,,
AR07,G10,2008,Cano,0.66,35.2,y,,,,,,,,,,,,,,,,,,,,,,,,,,,,,,,,,,
AR07,G10,2008,Cano,8.93,35.3,n,,,,,,,,,,,,,,,,,,,,,,,,,,,,,,,,,,
AR07,G10,2008,Tsme,3.15,51.7,y,,,,,,,,,,,,,,,,,,,,,,,,,,,,,,,,,,
AR07,G10,2008,Abam,7.2,61.0,y,,,,,,,,,,,,,,,,,,,,,,,,,,,,,,,,,,
AR07,G10,2008,Tsme,4.61,62.7,y,,,,,,,,,,,,,,,,,,,,,,,,,,,,,,,,,,
AR07,G10,2008,Tsme,8.97,72.0,y,,,,,,,,,,,,,,,,,,,,,,,,,,,,,,,,,,
AR07,G10,2008,Abam,6.74,88.2,y,,,,,,,,,,,,,,,,,,,,,,,,,,,,,,,,,,
AR07,G10,2008,Tsme,4.09,117.5,y,,,,,,,,,,,,,,,,,,,,,,,,,,,,,,,,,,
AR07,G11,2008,Abam,9.24,11.7,n,,,,,,,,,,,,,,,,,,,,,,,,,,,,,,,,,,
AR07,G11,2008,Abam,6.48,12.1,n,,,,,,,,,,,,,,,,,,,,,,,,,,,,,,,,,,
AR07,G11,2008,Tsme,2.49,12.8,n,,,,,,,,,,,,,,,,,,,,,,,,,,,,,,,,,,
AR07,G11,2008,Cano,5.68,26.1,n,,,,,,,,,,,,,,,,,,,,,,,,,,,,,,,,,,
AR07,G11,2008,Cano,1.69,32.3,n,,,,,,,,,,,,,,,,,,,,,,,,,,,,,,,,,,
AR07,G11,2008,Cano,7.06,33.8,n,,,,,,,,,,,,,,,,,,,,,,,,,,,,,,,,,,
AR07,G11,2008,Cano,9.83,34.8,n,,,,,,,,,,,,,,,,,,,,,,,,,,,,,,,,,,
AR07,G11,2008,Tsme,9.82,37.2,n,,,,,,,,,,,,,,,,,,,,,,,,,,,,,,,,,,
AR07,G11,2008,Cano,8.45,39.3,n,,,,,,,,,,,,,,,,,,,,,,,,,,,,,,,,,,
AR07,G11,2008,Tsme,1.78,42.7,n,,,,,,,,,,,,,,,,,,,,,,,,,,,,,,,,,,
AR07,G11,2008,Abam,1,45.4,y,,,,,,,,,,,,,,,,,,,,,,,,,,,,,,,,,,
AR07,G11,2008,Tsme,2.23,51.0,n,G12,,,,,,,,,,,,,,,,,,,,,,,,,,,,,,,,,
AR07,G11,2008,Tsme,7.17,58.1,y,,,,,,,,,,,,,,,,,,,,,,,,,,,,,,,,,,
AR07,G11,2008,Tsme,9.97,72.3,y,,,,,,,,,,,,,,,,,,,,,,,,,,,,,,,,,,
AR07,G11,2008,Tsme,2.18,94.4,y,,,,,,,,,,,,,,,,,,,,,,,,,,,,,,,,,,
AR07,G12,2008,Tsme,3.62,12.8,n,,,,,,,,,,,,,,,,,,,,,,,,,,,,,,,,,,
AR07,G12,2008,Abam,6.62,12.9,n,,,,,,,,,,,,,,,,,,,,,,,,,,,,,,,,,,
AR07,G12,2008,Abam,9.17,13.4,n,,,,,,,,,,,,,,,,,,,,,,,,,,,,,,,,,,
AR07,G12,2008,Cano,7.35,26.1,n,,,,,,,,,,,,,,,,,,,,,,,,,,,,,,,,,,
AR07,G12,2008,Cano,2.02,32.3,n,,,,,,,,,,,,,,,,,,,,,,,,,,,,,,,,,,
AR07,G12,2008,Cano,4.49,33.8,n,,,,,,,,,,,,,,,,,,,,,,,,,,,,,,,,,,
AR07,G12,2008,Tsme,2.71,42.7,n,,,,,,,,,,,,,,,,,,,,,,,,,,,,,,,,,,
AR07,G12,2008,Abam,3.57,45.4,y,,,,,,,,,,,,,,,,,,,,,,,,,,,,,,,,,,
AR07,G12,2008,Cano,2.23,50.2,y,G11,,,,,,,,,,,,,,,,,,,,,,,,,,,,,,,,,
AR07,G12,2008,Tsme,0.89,94.4,y,,,,,,,,,,,,,,,,,,,,,,,,,,,,,,,,,,
AR07,G13,2008,Tsme,2.75,74.7,y,G14,,,,,,,,,,,,,,,,,,,,,,,,,,,,,,,,,
AR07,G13,2008,Abam,1.32,10.5,n,,,,,,,,,,,,,,,,,,,,,,,,,,,,,,,,,,
AR07,G13,2008,Abam,7.04,10.8,n,,,,,,,,,,,,,,,,,,,,,,,,,,,,,,,,,,
AR07,G13,2008,Tsme,7.37,13.5,n,,,,,,,,,,,,,,,,,,,,,,,,,,,,,,,,,,
AR07,G13,2008,Abam,7.81,14.5,n,,,,,,,,,,,,,,,,,,,,,,,,,,,,,,,,,,
AR07,G13,2008,Tsme,9.56,15.7,n,,,,,,,,,,,,,,,,,,,,,,,,,,,,,,,,,,
AR07,G13,2008,Tsme,7.19,15.8,n,,,,,,,,,,,,,,,,,,,,,,,,,,,,,,,,,,
AR07,G13,2008,Abam,7.56,17.7,n,,,,,,,,,,,,,,,,,,,,,,,,,,,,,,,,,,
AR07,G13,2008,Tsme,6.86,26.5,n,,,,,,,,,,,,,,,,,,,,,,,,,,,,,,,,,,
AR07,G13,2008,Tsme,2.75,34.7,n,,,,,,,,,,,,,,,,,,,,,,,,,,,,,,,,,,
AR07,G13,2008,Cano,8.2,41.5,n,,,,,,,,,,,,,,,,,,,,,,,,,,,,,,,,,,
AR07,G13,2008,Abam,0.25,41.6,y,,,,,,,,,,,,,,,,,,,,,,,,,,,,,,,,,,
AR07,G13,2008,Abam,4.44,43.5,y,,,,,,,,,,,,,,,,,,,,,,,,,,,,,,,,,,
AR07,G13,2008,Cano,9.22,44.6,y,,,,,,,,,,,,,,,,,,,,,,,,,,,,,,,,,,
AR07,G13,2008,Cano,3.22,44.9,y,,,,,,,,,,,,,,,,,,,,,,,,,,,,,,,,,,
AR07,G13,2008,Abam,7.73,45.6,y,,,,,,,,,,,,,,,,,,,,,,,,,,,,,,,,,,
AR07,G13,2008,Abam,8.48,53.0,y,G15,,,,,,,,,,,,,,,,,,,,,,,,,,,,,,,,,
AR07,G13,2008,Tsme,7.36,53.0,y,,,,,,,,,,,,,,,,,,,,,,,,,,,,,,,,,,
AR07,G13,2008,Abam,6.07,57.2,y,,,,,,,,,,,,,,,,,,,,,,,,,,,,,,,,,,
AR07,G13,2008,Tsme,7.71,63.6,y,,,,,,,,,,,,,,,,,,,,,,,,,,,,,,,,,,
AR07,G13,2008,Tsme,6.38,74.0,y,,,,,,,,,,,,,,,,,,,,,,,,,,,,,,,,,,
AR07,G14,2008,Abam,2.14,10.8,n,,,,,,,,,,,,,,,,,,,,,,,,,,,,,,,,,,
AR07,G14,2008,Abam,9.43,14.5,n,,,,,,,,,,,,,,,,,,,,,,,,,,,,,,,,,,
AR07,G14,2008,Tsme,1.66,34.7,n,,,,,,,,,,,,,,,,,,,,,,,,,,,,,,,,,,
AR07,G14,2008,Cano,6.15,41.5,n,,,,,,,,,,,,,,,,,,,,,,,,,,,,,,,,,,
AR07,G14,2008,Abam,2.23,41.6,y,,,,,,,,,,,,,,,,,,,,,,,,,,,,,,,,,,
AR07,G14,2008,Abam,7.88,43.5,y,,,,,,,,,,,,,,,,,,,,,,,,,,,,,,,,,,
AR07,G14,2008,Cano,5.3,44.6,y,,,,,,,,,,,,,,,,,,,,,,,,,,,,,,,,,,
AR07,G14,2008,Cano,1.47,44.9,y,,,,,,,,,,,,,,,,,,,,,,,,,,,,,,,,,,
AR07,G14,2008,Abam,5.82,45.6,y,,,,,,,,,,,,,,,,,,,,,,,,,,,,,,,,,,
AR07,G14,2008,Tsme,5.27,53.0,y,,,,,,,,,,,,,,,,,,,,,,,,,,,,,,,,,,
AR07,G14,2008,Abam,8.23,57.2,y,,,,,,,,,,,,,,,,,,,,,,,,,,,,,,,,,,
AR07,G14,2008,Tsme,6.08,63.6,y,,,,,,,,,,,,,,,,,,,,,,,,,,,,,,,,,,
AR07,G14,2008,Cano,2.75,63.8,n,,,,,,,,,,,,,,,,,,,,,,,,,,,,,,,,,,
AR07,G14,2008,Tsme,8.3,69.7,y,,,,,,,,,,,,,,,,,,,,,,,,,,,,,,,,,,
AR07,G14,2008,Tsme,5.54,74.0,y,,,,,,,,,,,,,,,,,,,,,,,,,,,,,,,,,,
AR07,G14,2008,Tsme,8.34,88.0,y,2 trunks together,,,,,,,,,,,,,,,,,,,,,,,,,,,,,,,,,
AR07,G15,2008,Abam,7.37,10.3,n,,,,,,,,,,,,,,,,,,,,,,,,,,,,,,,,,,
AR07,G15,2008,Abam,9.53,10.4,n,,,,,,,,,,,,,,,,,,,,,,,,,,,,,,,,,,
AR07,G15,2008,Abam,4.4,12.9,n,,,,,,,,,,,,,,,,,,,,,,,,,,,,,,,,,,
AR07,G15,2008,Tsme,2.26,13.3,n,,,,,,,,,,,,,,,,,,,,,,,,,,,,,,,,,,
AR07,G15,2008,Tsme,6.46,15.3,n,,,,,,,,,,,,,,,,,,,,,,,,,,,,,,,,,,
AR07,G15,2008,Abam,8.23,16.7,n,,,,,,,,,,,,,,,,,,,,,,,,,,,,,,,,,,
AR07,G15,2008,Abam,9.3,17.3,n,,,,,,,,,,,,,,,,,,,,,,,,,,,,,,,,,,
AR07,G15,2008,Tsme,5.94,26.5,n,,,,,,,,,,,,,,,,,,,,,,,,,,,,,,,,,,
AR07,G15,2008,Cano,7.74,38.1,n,,,,,,,,,,,,,,,,,,,,,,,,,,,,,,,,,,
AR07,G15,2008,Abam,6.23,39.7,y,,,,,,,,,,,,,,,,,,,,,,,,,,,,,,,,,,
AR07,G15,2008,Abam,3.39,52.9,y,,,,,,,,,,,,,,,,,,,,,,,,,,,,,,,,,,
AR07,G15,2008,Cano,8.45,63.8,n,G13,,,,,,,,,,,,,,,,,,,,,,,,,,,,,,,,,
AR07,G15,2008,Tsme,8.83,113.0,y,2 trunks together,,,,,,,,,,,,,,,,,,,,,,,,,,,,,,,,,
AR07,G16,2008,Abam,9.8,28.8,n,,,,,,,,,,,,,,,,,,,,,,,,,,,,,,,,,,
AR07,G16,2008,Abam,4.73,39.5,n,,,,,,,,,,,,,,,,,,,,,,,,,,,,,,,,,,
AR07,G16,2008,Tsme,8.13,47.0,y,,,,,,,,,,,,,,,,,,,,,,,,,,,,,,,,,,
AR07,G16,2008,Cano,4.17,50.8,n,,,,,,,,,,,,,,,,,,,,,,,,,,,,,,,,,,
AR07,G16,2008,Abam,6.6,55.2,y,,,,,,,,,,,,,,,,,,,,,,,,,,,,,,,,,,
AR07,G16,2008,Cano,3.53,61.7,y,,,,,,,,,,,,,,,,,,,,,,,,,,,,,,,,,,
AR07,G16,2008,Cano,3.52,64.4,y,,,,,,,,,,,,,,,,,,,,,,,,,,,,,,,,,,
AR07,G16,2008,Cano,4.12,64.5,n,,,,,,,,,,,,,,,,,,,,,,,,,,,,,,,,,,
AR07,G16,2008,Cano,9.72,68.7,n,,,,,,,,,,,,,,,,,,,,,,,,,,,,,,,,,,
AR07,G16,2008,Cano,6.91,74.8,y,,,,,,,,,,,,,,,,,,,,,,,,,,,,,,,,,,
AR07,G16,2008,Tsme,4.64,76.7,y,,,,,,,,,,,,,,,,,,,,,,,,,,,,,,,,,,
AR07,G16,2008,Tsme,6.73,81.3,y,,,,,,,,,,,,,,,,,,,,,,,,,,,,,,,,,,
AR07,G16,2008,Tsme,8.78,91.8,y,,,,,,,,,,,,,,,,,,,,,,,,,,,,,,,,,,
AR07,G16,2008,Tsme,7.65,105.2,y,,,,,,,,,,,,,,,,,,,,,,,,,,,,,,,,,,
AR07,G17,2008,Abam,4.91,17.5,n,,,,,,,,,,,,,,,,,,,,,,,,,,,,,,,,,,
AR07,G17,2008,Tsme,7.98,17.5,n,,,,,,,,,,,,,,,,,,,,,,,,,,,,,,,,,,
AR07,G17,2008,Cano,9.16,24.1,n,,,,,,,,,,,,,,,,,,,,,,,,,,,,,,,,,,
AR07,G17,2008,Abam,9.59,28.8,n,,,,,,,,,,,,,,,,,,,,,,,,,,,,,,,,,,
AR07,G17,2008,Abam,6.62,32.2,n,,,,,,,,,,,,,,,,,,,,,,,,,,,,,,,,,,
AR07,G17,2008,Abam,9.79,39.5,n,,,,,,,,,,,,,,,,,,,,,,,,,,,,,,,,,,
AR07,G17,2008,Tsme,2.89,47.0,n,,,,,,,,,,,,,,,,,,,,,,,,,,,,,,,,,,
AR07,G17,2008,Abam,9.68,48.3,y,,,,,,,,,,,,,,,,,,,,,,,,,,,,,,,,,,
AR07,G17,2008,Cano,4.76,50.8,n,,,,,,,,,,,,,,,,,,,,,,,,,,,,,,,,,,
AR07,G17,2008,Cano,8.76,61.7,y,,,,,,,,,,,,,,,,,,,,,,,,,,,,,,,,,,
AR07,G17,2008,Cano,3.74,64.4,y,,,,,,,,,,,,,,,,,,,,,,,,,,,,,,,,,,
AR07,G17,2008,Cano,4.71,64.5,n,,,,,,,,,,,,,,,,,,,,,,,,,,,,,,,,,,
AR07,G17,2008,Cano,8.29,68.7,n,,,,,,,,,,,,,,,,,,,,,,,,,,,,,,,,,,
AR07,G17,2008,Cano,8.89,73.3,y,,,,,,,,,,,,,,,,,,,,,,,,,,,,,,,,,,
AR07,G17,2008,Cano,4.64,75.2,y,,,,,,,,,,,,,,,,,,,,,,,,,,,,,,,,,,
AR07,G17,2008,Tsme,2.5,81.3,y,,,,,,,,,,,,,,,,,,,,,,,,,,,,,,,,,,
AR07,G17,2008,Tsme,8.86,81.7,y,,,,,,,,,,,,,,,,,,,,,,,,,,,,,,,,,,
AR07,G17,2008,Abam,9.64,90.1,y,2 trunks together,,,,,,,,,,,,,,,,,,,,,,,,,,,,,,,,,
AR07,G17,2008,Tsme,3.57,91.8,y,,,,,,,,,,,,,,,,,,,,,,,,,,,,,,,,,,
AR07,G18,2008,Abam,4.14,39.0,n,,,,,,,,,,,,,,,,,,,,,,,,,,,,,,,,,,
AR07,G18,2008,Cano,4.05,23.7,n,,,,,,,,,,,,,,,,,,,,,,,,,,,,,,,,,,
AR07,G18,2008,Cano,4.72,32.7,n,,,,,,,,,,,,,,,,,,,,,,,,,,,,,,,,,,
AR07,G18,2008,Abam,7.72,38.5,y,,,,,,,,,,,,,,,,,,,,,,,,,,,,,,,,,,
AR07,G18,2008,Tsme,7.09,46.4,n,,,,,,,,,,,,,,,,,,,,,,,,,,,,,,,,,,
AR07,G18,2008,Abam,6.77,52.5,y,,,,,,,,,,,,,,,,,,,,,,,,,,,,,,,,,,
AR07,G18,2008,Cano,6.06,52.8,y,,,,,,,,,,,,,,,,,,,,,,,,,,,,,,,,,,
AR07,G18,2008,Abam,3.04,55.9,y,,,,,,,,,,,,,,,,,,,,,,,,,,,,,,,,,,
AR07,G18,2008,Tsme,5.66,65.0,y,,,,,,,,,,,,,,,,,,,,,,,,,,,,,,,,,,
AR07,G18,2008,Tsme,2.56,68.4,y,,,,,,,,,,,,,,,,,,,,,,,,,,,,,,,,,,
AR07,G18,2008,Abam,7.27,72.5,y,,,,,,,,,,,,,,,,,,,,,,,,,,,,,,,,,,
AR07,G18,2008,Abam,8.49,76.5,y,,,,,,,,,,,,,,,,,,,,,,,,,,,,,,,,,,
AR07,G18,2008,Cano,5.25,82.6,y,2 trunks together,,,,,,,,,,,,,,,,,,,,,,,,,,,,,,,,,
AR07,G19,2008,Abam,7.73,31.3,n,,,,,,,,,,,,,,,,,,,,,,,,,,,,,,,,,,
AR07,G19,2008,Cano,9.03,32.2,n,,,,,,,,,,,,,,,,,,,,,,,,,,,,,,,,,,
AR07,G19,2008,Tsme,3.81,36.4,n,,,,,,,,,,,,,,,,,,,,,,,,,,,,,,,,,,
AR07,G19,2008,Cano,3.78,36.4,y,,,,,,,,,,,,,,,,,,,,,,,,,,,,,,,,,,
AR07,G19,2008,Tsme,8.49,37.0,n,,,,,,,,,,,,,,,,,,,,,,,,,,,,,,,,,,
AR07,G19,2008,Abam,8.12,43.6,y,,,,,,,,,,,,,,,,,,,,,,,,,,,,,,,,,,
AR07,G19,2008,Cano,7.82,44.2,y,,,,,,,,,,,,,,,,,,,,,,,,,,,,,,,,,,
AR07,G19,2008,Abam,9.69,52.2,y,,,,,,,,,,,,,,,,,,,,,,,,,,,,,,,,,,
AR07,G19,2008,Abam,6.83,53.7,y,,,,,,,,,,,,,,,,,,,,,,,,,,,,,,,,,,
AR07,G19,2008,Cano,0.33,55.5,y,,,,,,,,,,,,,,,,,,,,,,,,,,,,,,,,,,
AR07,G19,2008,Abam,7.7,55.5,y,,,,,,,,,,,,,,,,,,,,,,,,,,,,,,,,,,
AR07,G19,2008,Abam,7.17,72.9,y,G21,,,,,,,,,,,,,,,,,,,,,,,,,,,,,,,,,
AR07,G19,2008,Tsme,3.42,77.5,y,G20,,,,,,,,,,,,,,,,,,,,,,,,,,,,,,,,,
AR07,G2,2008,Abam,9.12,15.9,n,,,,,,,,,,,,,,,,,,,,,,,,,,,,,,,,,,
AR07,G2,2008,Cano,7.67,26.7,n,,,,,,,,,,,,,,,,,,,,,,,,,,,,,,,,,,
AR07,G2,2008,Cano,8.95,28.7,n,,,,,,,,,,,,,,,,,,,,,,,,,,,,,,,,,,
AR07,G2,2008,Cano,2.17,32.3,n,,,,,,,,,,,,,,,,,,,,,,,,,,,,,,,,,,
AR07,G2,2008,Cano,5.27,33.1,n,,,,,,,,,,,,,,,,,,,,,,,,,,,,,,,,,,
AR07,G2,2008,Tsme,1.89,33.2,n,,,,,,,,,,,,,,,,,,,,,,,,,,,,,,,,,,
AR07,G2,2008,Cano,8.65,33.3,n,,,,,,,,,,,,,,,,,,,,,,,,,,,,,,,,,,
AR07,G2,2008,Cano,7.88,35.2,n,,,,,,,,,,,,,,,,,,,,,,,,,,,,,,,,,,
AR07,G2,2008,Cano,8.56,39.2,n,,,,,,,,,,,,,,,,,,,,,,,,,,,,,,,,,,
AR07,G2,2008,Tsme,9.27,39.3,n,,,,,,,,,,,,,,,,,,,,,,,,,,,,,,,,,,
AR07,G2,2008,Cano,5.59,41.4,n,,,,,,,,,,,,,,,,,,,,,,,,,,,,,,,,,,
AR07,G2,2008,Cano,6.68,42.6,n,,,,,,,,,,,,,,,,,,,,,,,,,,,,,,,,,,
AR07,G2,2008,Cano,1.58,43.9,n,,,,,,,,,,,,,,,,,,,,,,,,,,,,,,,,,,
AR07,G2,2008,Abam,3.51,53.8,y,,,,,,,,,,,,,,,,,,,,,,,,,,,,,,,,,,
AR07,G2,2008,Tsme,7.33,59.2,y,,,,,,,,,,,,,,,,,,,,,,,,,,,,,,,,,,
AR07,G2,2008,Tsme,9.19,67.3,y,,,,,,,,,,,,,,,,,,,,,,,,,,,,,,,,,,
AR07,G2,2008,Tsme,6.82,71.2,y,G1,,,,,,,,,,,,,,,,,,,,,,,,,,,,,,,,,
AR07,G2,2008,Abam,9.71,94.6,y,,,,,,,,,,,,,,,,,,,,,,,,,,,,,,,,,,
AR07,G20,2008,Cano,9.9,18.8,n,,,,,,,,,,,,,,,,,,,,,,,,,,,,,,,,,,
AR07,G20,2008,Tsme,2.15,36.4,n,,,,,,,,,,,,,,,,,,,,,,,,,,,,,,,,,,
AR07,G20,2008,Cano,0.92,36.4,y,,,,,,,,,,,,,,,,,,,,,,,,,,,,,,,,,,
AR07,G20,2008,Abam,4.49,43.6,y,,,,,,,,,,,,,,,,,,,,,,,,,,,,,,,,,,
AR07,G20,2008,Cano,2.14,44.2,y,,,,,,,,,,,,,,,,,,,,,,,,,,,,,,,,,,
AR07,G20,2008,Cano,7.68,49.3,y,,,,,,,,,,,,,,,,,,,,,,,,,,,,,,,,,,
AR07,G20,2008,Cano,8.99,54.9,n,,,,,,,,,,,,,,,,,,,,,,,,,,,,,,,,,,
AR07,G20,2008,Cano,4.37,55.5,y,,,,,,,,,,,,,,,,,,,,,,,,,,,,,,,,,,
AR07,G20,2008,Cano,3.42,63.8,y,G19,,,,,,,,,,,,,,,,,,,,,,,,,,,,,,,,,
AR07,G20,2008,Abam,9.55,68.6,y,,,,,,,,,,,,,,,,,,,,,,,,,,,,,,,,,,
AR07,G20,2008,Tsme,7.07,68.9,y,,,,,,,,,,,,,,,,,,,,,,,,,,,,,,,,,,
AR07,G20,2008,Abam,7.01,72.9,y,G21,,,,,,,,,,,,,,,,,,,,,,,,,,,,,,,,,
AR07,G21,2008,Cano,7.2,23.3,n,,,,,,,,,,,,,,,,,,,,,,,,,,,,,,,,,,
AR07,G21,2008,Cano,9.92,29.3,n,,,,,,,,,,,,,,,,,,,,,,,,,,,,,,,,,,
AR07,G21,2008,Cano,9.08,32.1,n,,,,,,,,,,,,,,,,,,,,,,,,,,,,,,,,,,
AR07,G21,2008,Cano,8.06,33.5,n,,,,,,,,,,,,,,,,,,,,,,,,,,,,,,,,,,
AR07,G21,2008,Tsme,9.14,35.4,y,,,,,,,,,,,,,,,,,,,,,,,,,,,,,,,,,,
AR07,G21,2008,Tsme,4.68,36.4,y,,,,,,,,,,,,,,,,,,,,,,,,,,,,,,,,,,
AR07,G21,2008,Cano,5.94,36.4,y,,,,,,,,,,,,,,,,,,,,,,,,,,,,,,,,,,
AR07,G21,2008,Cano,7.36,39.2,n,,,,,,,,,,,,,,,,,,,,,,,,,,,,,,,,,,
AR07,G21,2008,Cano,2.1,54.9,n,,,,,,,,,,,,,,,,,,,,,,,,,,,,,,,,,,
AR07,G21,2008,Cano,7.76,55.5,y,,,,,,,,,,,,,,,,,,,,,,,,,,,,,,,,,,
AR07,G21,2008,Tsme,7.9,60.1,y,,,,,,,,,,,,,,,,,,,,,,,,,,,,,,,,,,
AR07,G21,2008,Cano,7.17,63.8,y,G19,,,,,,,,,,,,,,,,,,,,,,,,,,,,,,,,,
AR07,G21,2008,Tsme,9.29,64.9,y,,,,,,,,,,,,,,,,,,,,,,,,,,,,,,,,,,
AR07,G21,2008,Tsme,7.01,72.9,y,G20,,,,,,,,,,,,,,,,,,,,,,,,,,,,,,,,,
AR07,G22,2008,Cano,6.77,22.3,n,,,,,,,,,,,,,,,,,,,,,,,,,,,,,,,,,,
AR07,G22,2008,Abam,3.29,26.9,n,,,,,,,,,,,,,,,,,,,,,,,,,,,,,,,,,,
AR07,G22,2008,Abam,9.76,36.9,n,,,,,,,,,,,,,,,,,,,,,,,,,,,,,,,,,,
AR07,G22,2008,Abam,1.91,58.6,y,,,,,,,,,,,,,,,,,,,,,,,,,,,,,,,,,,
AR07,G22,2008,Abam,9.67,65.2,y,,,,,,,,,,,,,,,,,,,,,,,,,,,,,,,,,,
AR07,G22,2008,Cano,2.45,65.4,n,,,,,,,,,,,,,,,,,,,,,,,,,,,,,,,,,,
AR07,G22,2008,Tsme,9.94,71.0,y,G23,,,,,,,,,,,,,,,,,,,,,,,,,,,,,,,,,
AR07,G22,2008,Abam,9.53,73.4,y,,,,,,,,,,,,,,,,,,,,,,,,,,,,,,,,,,
AR07,G22,2008,Abam,4.01,73.5,y,,,,,,,,,,,,,,,,,,,,,,,,,,,,,,,,,,
AR07,G23,2008,Abam,6.74,26.9,n,,,,,,,,,,,,,,,,,,,,,,,,,,,,,,,,,,
AR07,G23,2008,Abam,8.9,36.9,n,,,,,,,,,,,,,,,,,,,,,,,,,,,,,,,,,,
AR07,G23,2008,Tsme,9.81,37.4,n,,,,,,,,,,,,,,,,,,,,,,,,,,,,,,,,,,
AR07,G23,2008,Abam,5.81,57.2,y,,,,,,,,,,,,,,,,,,,,,,,,,,,,,,,,,,
AR07,G23,2008,Abam,9.94,62.5,y,G22,,,,,,,,,,,,,,,,,,,,,,,,,,,,,,,,,
AR07,G23,2008,Abam,8.21,73.4,y,,,,,,,,,,,,,,,,,,,,,,,,,,,,,,,,,,
AR07,G23,2008,Abam,5.87,73.5,y,,,,,,,,,,,,,,,,,,,,,,,,,,,,,,,,,,
AR07,G23,2008,Tsme,5.29,74.6,y,,,,,,,,,,,,,,,,,,,,,,,,,,,,,,,,,,
AR07,G24,2008,Tsme,8.92,13.2,n,,,,,,,,,,,,,,,,,,,,,,,,,,,,,,,,,,
AR07,G24,2008,Abam,0.3,16.6,n,,,,,,,,,,,,,,,,,,,,,,,,,,,,,,,,,,
AR07,G24,2008,Tsme,1.6,24.8,n,,,,,,,,,,,,,,,,,,,,,,,,,,,,,,,,,,
AR07,G24,2008,Abam,5.59,29.0,n,,,,,,,,,,,,,,,,,,,,,,,,,,,,,,,,,,
AR07,G24,2008,Abam,0.24,33.9,n,,,,,,,,,,,,,,,,,,,,,,,,,,,,,,,,,,
AR07,G24,2008,Tsme,6.95,34.2,n,,,,,,,,,,,,,,,,,,,,,,,,,,,,,,,,,,
AR07,G24,2008,Cano,9.97,34.7,n,,,,,,,,,,,,,,,,,,,,,,,,,,,,,,,,,,
AR07,G24,2008,Tsme,1.36,34.9,n,,,,,,,,,,,,,,,,,,,,,,,,,,,,,,,,,,
AR07,G24,2008,Cano,7.38,40.8,n,,,,,,,,,,,,,,,,,,,,,,,,,,,,,,,,,,
AR07,G24,2008,Tsme,7.78,40.9,n,,,,,,,,,,,,,,,,,,,,,,,,,,,,,,,,,,
AR07,G24,2008,Abam,8.08,40.9,y,,,,,,,,,,,,,,,,,,,,,,,,,,,,,,,,,,
AR07,G24,2008,Cano,0.83,42.5,y,,,,,,,,,,,,,,,,,,,,,,,,,,,,,,,,,,
AR07,G24,2008,Cano,7.67,48.2,y,,,,,,,,,,,,,,,,,,,,,,,,,,,,,,,,,,
AR07,G24,2008,Tsme,7.77,54.3,y,,,,,,,,,,,,,,,,,,,,,,,,,,,,,,,,,,
AR07,G24,2008,Tsme,7.16,57.2,y,,,,,,,,,,,,,,,,,,,,,,,,,,,,,,,,,,
AR07,G25,2008,Tsme,2.72,11.6,n,,,,,,,,,,,,,,,,,,,,,,,,,,,,,,,,,,
AR07,G25,2008,Tsme,4.63,11.9,n,,,,,,,,,,,,,,,,,,,,,,,,,,,,,,,,,,
AR07,G25,2008,Abam,1.08,14.8,n,,,,,,,,,,,,,,,,,,,,,,,,,,,,,,,,,,
AR07,G25,2008,Tsme,5.89,35.6,n,,,,,,,,,,,,,,,,,,,,,,,,,,,,,,,,,,
AR07,G25,2008,Tsme,6.07,41.2,n,,,,,,,,,,,,,,,,,,,,,,,,,,,,,,,,,,
AR07,G25,2008,Cano,6.7,48.8,y,,,,,,,,,,,,,,,,,,,,,,,,,,,,,,,,,,
AR07,G25,2008,Cano,0.68,57.6,n,G26,,,,,,,,,,,,,,,,,,,,,,,,,,,,,,,,,
AR07,G25,2008,Tsme,5.89,62.2,y,,,,,,,,,,,,,,,,,,,,,,,,,,,,,,,,,,
AR07,G25,2008,Abam,0.15,84.2,y,,,,,,,,,,,,,,,,,,,,,,,,,,,,,,,,,,
AR07,G26,2008,Tsme,3.38,11.6,n,,,,,,,,,,,,,,,,,,,,,,,,,,,,,,,,,,
AR07,G26,2008,Tsme,4.91,11.9,n,,,,,,,,,,,,,,,,,,,,,,,,,,,,,,,,,,
AR07,G26,2008,Abam,0.28,14.8,n,,,,,,,,,,,,,,,,,,,,,,,,,,,,,,,,,,
AR07,G26,2008,Tsme,6.47,35.6,n,,,,,,,,,,,,,,,,,,,,,,,,,,,,,,,,,,
AR07,G26,2008,Tsme,6.86,41.2,n,,,,,,,,,,,,,,,,,,,,,,,,,,,,,,,,,,
AR07,G26,2008,Cano,7.21,48.8,y,,,,,,,,,,,,,,,,,,,,,,,,,,,,,,,,,,
AR07,G26,2008,Tsme,6.35,62.2,y,,,,,,,,,,,,,,,,,,,,,,,,,,,,,,,,,,
AR07,G26,2008,Abam,0.68,71.8,y,G25,,,,,,,,,,,,,,,,,,,,,,,,,,,,,,,,,
AR07,G26,2008,Abam,1.17,84.2,y,,,,,,,,,,,,,,,,,,,,,,,,,,,,,,,,,,
AR07,G28,2008,Cano,8.61,26.9,n,,,,,,,,,,,,,,,,,,,,,,,,,,,,,,,,,,
AR07,G28,2008,Abam,7.31,36.2,n,,,,,,,,,,,,,,,,,,,,,,,,,,,,,,,,,,
AR07,G28,2008,Cano,8.91,39.5,n,,,,,,,,,,,,,,,,,,,,,,,,,,,,,,,,,,
AR07,G28,2008,Cano,9.71,43.6,n,,,,,,,,,,,,,,,,,,,,,,,,,,,,,,,,,,
AR07,G28,2008,Cano,7.03,44.4,n,,,,,,,,,,,,,,,,,,,,,,,,,,,,,,,,,,
AR07,G28,2008,Cano,8.38,48.8,n,,,,,,,,,,,,,,,,,,,,,,,,,,,,,,,,,,
AR07,G28,2008,Abam,9.73,62.6,y,,,,,,,,,,,,,,,,,,,,,,,,,,,,,,,,,,
AR07,G29,2008,Abam,9.5,10.6,n,,,,,,,,,,,,,,,,,,,,,,,,,,,,,,,,,,
AR07,G29,2008,Tsme,9.23,17.4,n,,,,,,,,,,,,,,,,,,,,,,,,,,,,,,,,,,
AR07,G29,2008,Tsme,9.8,20.5,n,,,,,,,,,,,,,,,,,,,,,,,,,,,,,,,,,,
AR07,G29,2008,Tsme,6.17,23.6,n,,,,,,,,,,,,,,,,,,,,,,,,,,,,,,,,,,
AR07,G29,2008,Cano,5.64,24.6,n,,,,,,,,,,,,,,,,,,,,,,,,,,,,,,,,,,
AR07,G29,2008,Cano,8.34,25.3,n,,,,,,,,,,,,,,,,,,,,,,,,,,,,,,,,,,
AR07,G29,2008,Tsme,5.07,27.7,n,,,,,,,,,,,,,,,,,,,,,,,,,,,,,,,,,,
AR07,G29,2008,Cano,1.02,39.0,n,,,,,,,,,,,,,,,,,,,,,,,,,,,,,,,,,,
AR07,G29,2008,Abam,9.03,41.6,n,,,,,,,,,,,,,,,,,,,,,,,,,,,,,,,,,,
AR07,G29,2008,Cano,9.2,43.5,y,,,,,,,,,,,,,,,,,,,,,,,,,,,,,,,,,,
AR07,G29,2008,Cano,5.01,47.1,n,,,,,,,,,,,,,,,,,,,,,,,,,,,,,,,,,,
AR07,G29,2008,Cano,0.2,48.0,n,,,,,,,,,,,,,,,,,,,,,,,,,,,,,,,,,,
AR07,G29,2008,Abam,9.5,51.0,n,,,,,,,,,,,,,,,,,,,,,,,,,,,,,,,,,,
AR07,G29,2008,Abam,9.08,69.3,y,,,,,,,,,,,,,,,,,,,,,,,,,,,,,,,,,,
AR07,G29,2008,Abam,8.47,91.9,y,,,,,,,,,,,,,,,,,,,,,,,,,,,,,,,,,,
AR07,G29,2008,Abam,6.3,98.5,y,,,,,,,,,,,,,,,,,,,,,,,,,,,,,,,,,,
AR07,G3,2008,Cano,5.55,26.7,n,,,,,,,,,,,,,,,,,,,,,,,,,,,,,,,,,,
AR07,G3,2008,Cano,0.59,27.1,n,,,,,,,,,,,,,,,,,,,,,,,,,,,,,,,,,,
AR07,G3,2008,Cano,8.68,31.5,n,,,,,,,,,,,,,,,,,,,,,,,,,,,,,,,,,,
AR07,G3,2008,Cano,7.53,33.1,n,,,,,,,,,,,,,,,,,,,,,,,,,,,,,,,,,,
AR07,G3,2008,Cano,4.95,39.2,n,,,,,,,,,,,,,,,,,,,,,,,,,,,,,,,,,,
AR07,G3,2008,Cano,6.48,41.4,n,,,,,,,,,,,,,,,,,,,,,,,,,,,,,,,,,,
AR07,G3,2008,Tsme,3.86,46.8,n,,,,,,,,,,,,,,,,,,,,,,,,,,,,,,,,,,
AR07,G3,2008,Tsme,3.06,48.9,y,,,,,,,,,,,,,,,,,,,,,,,,,,,,,,,,,,
AR07,G3,2008,Tsme,4.03,49.4,y,,,,,,,,,,,,,,,,,,,,,,,,,,,,,,,,,,
AR07,G3,2008,Abam,9.79,51.0,n,,,,,,,,,,,,,,,,,,,,,,,,,,,,,,,,,,
AR07,G3,2008,Abam,7.83,52.8,y,,,,,,,,,,,,,,,,,,,,,,,,,,,,,,,,,,
AR07,G3,2008,Cano,6.5,53.7,y,,,,,,,,,,,,,,,,,,,,,,,,,,,,,,,,,,
AR07,G3,2008,Abam,9.16,53.8,y,,,,,,,,,,,,,,,,,,,,,,,,,,,,,,,,,,
AR07,G3,2008,Abam,6.86,58.5,y,,,,,,,,,,,,,,,,,,,,,,,,,,,,,,,,,,
AR07,G3,2008,Abam,8.44,61.0,y,,,,,,,,,,,,,,,,,,,,,,,,,,,,,,,,,,
AR07,G3,2008,Abam,8.25,63.2,y,,,,,,,,,,,,,,,,,,,,,,,,,,,,,,,,,,
AR07,G3,2008,Tsme,6.6,71.2,y,G1,,,,,,,,,,,,,,,,,,,,,,,,,,,,,,,,,
AR07,G3,2008,Tsme,3.5,73.1,y,,,,,,,,,,,,,,,,,,,,,,,,,,,,,,,,,,
AR07,G3,2008,Abam,7.25,73.2,y,,,,,,,,,,,,,,,,,,,,,,,,,,,,,,,,,,
AR07,G3,2008,Tsme,2.06,73.5,y,,,,,,,,,,,,,,,,,,,,,,,,,,,,,,,,,,
AR07,G30,2008,Cano,8.5,13.3,n,,,,,,,,,,,,,,,,,,,,,,,,,,,,,,,,,,
AR07,G30,2008,Cano,6.87,35.4,y,,,,,,,,,,,,,,,,,,,,,,,,,,,,,,,,,,
AR07,G30,2008,Cano,9.19,37.0,n,,,,,,,,,,,,,,,,,,,,,,,,,,,,,,,,,,
AR07,G30,2008,Abam,6.26,37.5,n,,,,,,,,,,,,,,,,,,,,,,,,,,,,,,,,,,
AR07,G30,2008,Abam,5.11,42.8,y,,,,,,,,,,,,,,,,,,,,,,,,,,,,,,,,,,
AR07,G30,2008,Cano,8.61,48.4,n,,,,,,,,,,,,,,,,,,,,,,,,,,,,,,,,,,
AR07,G30,2008,Abam,7.39,50.9,y,,,,,,,,,,,,,,,,,,,,,,,,,,,,,,,,,,
AR07,G30,2008,Abam,8.98,56.8,y,,,,,,,,,,,,,,,,,,,,,,,,,,,,,,,,,,
AR07,G30,2008,Abam,7.87,57.0,y,,,,,,,,,,,,,,,,,,,,,,,,,,,,,,,,,,
AR07,G30,2008,Tsme,9.32,59.3,y,,,,,,,,,,,,,,,,,,,,,,,,,,,,,,,,,,
AR07,G30,2008,Tsme,8,62.0,y,,,,,,,,,,,,,,,,,,,,,,,,,,,,,,,,,,
AR07,G30,2008,Tsme,6.84,69.4,y,,,,,,,,,,,,,,,,,,,,,,,,,,,,,,,,,,
AR07,G30,2008,Tsme,4.31,75.8,y,,,,,,,,,,,,,,,,,,,,,,,,,,,,,,,,,,
AR07,G30,2008,Cano,4.98,92.3,n,,,,,,,,,,,,,,,,,,,,,,,,,,,,,,,,,,
AR07,G31,2008,Tsme,1.56,16.0,n,,,,,,,,,,,,,,,,,,,,,,,,,,,,,,,,,,
AR07,G31,2008,Tsme,1.88,17.5,n,,,,,,,,,,,,,,,,,,,,,,,,,,,,,,,,,,
AR07,G31,2008,Cano,0.78,30.9,y,,,,,,,,,,,,,,,,,,,,,,,,,,,,,,,,,,
AR07,G31,2008,Cano,0.36,34.0,n,,,,,,,,,,,,,,,,,,,,,,,,,,,,,,,,,,
AR07,G31,2008,Tsme,4.34,35.0,n,,,,,,,,,,,,,,,,,,,,,,,,,,,,,,,,,,
AR07,G31,2008,Cano,9.81,39.4,y,,,,,,,,,,,,,,,,,,,,,,,,,,,,,,,,,,
AR07,G31,2008,Abam,7.65,40.3,y,,,,,,,,,,,,,,,,,,,,,,,,,,,,,,,,,,
AR07,G31,2008,Abam,9.71,43.8,y,,,,,,,,,,,,,,,,,,,,,,,,,,,,,,,,,,
AR07,G31,2008,Cano,4.82,45.1,y,,,,,,,,,,,,,,,,,,,,,,,,,,,,,,,,,,
AR07,G31,2008,Cano,8.58,54.8,y,,,,,,,,,,,,,,,,,,,,,,,,,,,,,,,,,,
AR07,G32,2008,Cano,2.18,30.1,n,,,,,,,,,,,,,,,,,,,,,,,,,,,,,,,,,,
AR07,G32,2009,Cano,3.42,39.5,n,,,,,,,,,,,,,,,,,,,,,,,,,,,,,,,,,,
AR07,G32,2009,Cano,8.27,41.4,n,,,,,,,,,,,,,,,,,,,,,,,,,,,,,,,,,,
AR07,G32,2009,Abam,7.15,45.4,n,,,,,,,,,,,,,,,,,,,,,,,,,,,,,,,,,,
AR07,G32,2009,Abam,9.19,46.9,n,,,,,,,,,,,,,,,,,,,,,,,,,,,,,,,,,,
AR07,G32,2009,Cano,6.19,55.5,n,,,,,,,,,,,,,,,,,,,,,,,,,,,,,,,,,,
AR07,G32,2009,Tsme,9.71,69.2,y,,,,,,,,,,,,,,,,,,,,,,,,,,,,,,,,,,
AR07,G32,2009,Tsme,8.77,110.1,y,,,,,,,,,,,,,,,,,,,,,,,,,,,,,,,,,,
AR07,G33,2009,Cano,9.83,31.7,n,,,,,,,,,,,,,,,,,,,,,,,,,,,,,,,,,,
AR07,G33,2009,Cano,6.6,38.5,n,,,,,,,,,,,,,,,,,,,,,,,,,,,,,,,,,,
AR07,G33,2009,Cano,9.64,38.5,n,,,,,,,,,,,,,,,,,,,,,,,,,,,,,,,,,,
AR07,G33,2009,Cano,1.05,52.8,n,,,,,,,,,,,,,,,,,,,,,,,,,,,,,,,,,,
AR07,G33,2009,Abam,5.48,55.6,n,,,,,,,,,,,,,,,,,,,,,,,,,,,,,,,,,,
AR07,G33,2009,Cano,4.38,56.2,n,,,,,,,,,,,,,,,,,,,,,,,,,,,,,,,,,,
AR07,G33,2009,Cano,6.78,56.3,n,,,,,,,,,,,,,,,,,,,,,,,,,,,,,,,,,,
AR07,G33,2009,Cano,8.06,58.0,n,,,,,,,,,,,,,,,,,,,,,,,,,,,,,,,,,,
AR07,G33,2009,Abam,0.97,58.8,y,,,,,,,,,,,,,,,,,,,,,,,,,,,,,,,,,,
AR07,G33,2009,Tsme,6.01,110.1,y,,,,,,,,,,,,,,,,,,,,,,,,,,,,,,,,,,
AR07,G34,2009,Cano,0.82,62.2,n,,,,,,,,,,,,,,,,,,,,,,,,,,,,,,,,,,
AR07,G34,2009,Cano,8.44,31.5,n,,,,,,,,,,,,,,,,,,,,,,,,,,,,,,,,,,
AR07,G34,2009,Abam,5.53,32.0,n,,,,,,,,,,,,,,,,,,,,,,,,,,,,,,,,,,
AR07,G34,2009,Cano,4.15,44.4,n,,,,,,,,,,,,,,,,,,,,,,,,,,,,,,,,,,
AR07,G34,2009,Tsme,9.35,54.4,y,,,,,,,,,,,,,,,,,,,,,,,,,,,,,,,,,,
AR07,G34,2009,Abam,2.55,58.9,y,,,,,,,,,,,,,,,,,,,,,,,,,,,,,,,,,,
AR07,G34,2009,Cano,7.27,61.1,n,,,,,,,,,,,,,,,,,,,,,,,,,,,,,,,,,,
AR07,G34,2009,Tsme,9,67.1,y,,,,,,,,,,,,,,,,,,,,,,,,,,,,,,,,,,
AR07,G34,2009,Cano,8.26,82.3,n,,,,,,,,,,,,,,,,,,,,,,,,,,,,,,,,,,
AR07,G35,2009,Tsme,8.82,12.1,n,,,,,,,,,,,,,,,,,,,,,,,,,,,,,,,,,,
AR07,G35,2009,Cano,5.81,20.2,n,,,,,,,,,,,,,,,,,,,,,,,,,,,,,,,,,,
AR07,G35,2009,Cano,8.72,20.2,n,,,,,,,,,,,,,,,,,,,,,,,,,,,,,,,,,,
AR07,G35,2009,Tsme,4.23,41.8,n,G36,,,,,,,,,,,,,,,,,,,,,,,,,,,,,,,,,
AR07,G35,2009,Abam,9.84,42.0,n,,,,,,,,,,,,,,,,,,,,,,,,,,,,,,,,,,
AR07,G35,2009,Cano,8.56,46.3,y,,,,,,,,,,,,,,,,,,,,,,,,,,,,,,,,,,
AR07,G35,2009,Tsme,7.8,46.5,n,,,,,,,,,,,,,,,,,,,,,,,,,,,,,,,,,,
AR07,G35,2009,Abam,4.46,46.6,n,,,,,,,,,,,,,,,,,,,,,,,,,,,,,,,,,,
AR07,G35,2009,Cano,8.13,49.4,n,,,,,,,,,,,,,,,,,,,,,,,,,,,,,,,,,,
AR07,G35,2009,Tsme,6.58,53.1,n,,,,,,,,,,,,,,,,,,,,,,,,,,,,,,,,,,
AR07,G35,2009,Cano,4.65,55.3,y,,,,,,,,,,,,,,,,,,,,,,,,,,,,,,,,,,
AR07,G35,2009,Cano,7.88,59.3,y,,,,,,,,,,,,,,,,,,,,,,,,,,,,,,,,,,
AR07,G35,2009,Abam,6.83,61.7,y,,,,,,,,,,,,,,,,,,,,,,,,,,,,,,,,,,
AR07,G35,2009,Cano,7.33,64.5,y,,,,,,,,,,,,,,,,,,,,,,,,,,,,,,,,,,
AR07,G36,2009,Tsme,8.91,12.0,n,,,,,,,,,,,,,,,,,,,,,,,,,,,,,,,,,,
AR07,G36,2009,Tsme,8.77,14.5,n,,,,,,,,,,,,,,,,,,,,,,,,,,,,,,,,,,
AR07,G36,2009,Cano,6.58,20.5,n,,,,,,,,,,,,,,,,,,,,,,,,,,,,,,,,,,
AR07,G36,2009,Cano,9.23,20.6,n,,,,,,,,,,,,,,,,,,,,,,,,,,,,,,,,,,
AR07,G36,2009,Cano,9.08,35.0,n,,,,,,,,,,,,,,,,,,,,,,,,,,,,,,,,,,
AR07,G36,2009,Cano,9.1,45.6,n,,,,,,,,,,,,,,,,,,,,,,,,,,,,,,,,,,
AR07,G36,2009,Cano,8.98,46.4,n,,,,,,,,,,,,,,,,,,,,,,,,,,,,,,,,,,
AR07,G36,2009,Abam,7.65,46.6,n,,,,,,,,,,,,,,,,,,,,,,,,,,,,,,,,,,
AR07,G36,2009,Cano,5.14,46.8,n,,,,,,,,,,,,,,,,,,,,,,,,,,,,,,,,,,
AR07,G36,2009,Cano,6.22,47.1,n,,,,,,,,,,,,,,,,,,,,,,,,,,,,,,,,,,
AR07,G36,2009,Abam,4.96,47.2,n,,,,,,,,,,,,,,,,,,,,,,,,,,,,,,,,,,
AR07,G36,2009,Tsme,9.52,52.5,n,,,,,,,,,,,,,,,,,,,,,,,,,,,,,,,,,,
AR07,G36,2009,Cano,3.85,52.7,n,,,,,,,,,,,,,,,,,,,,,,,,,,,,,,,,,,
AR07,G36,2009,Cano,2.26,55.0,n,,,,,,,,,,,,,,,,,,,,,,,,,,,,,,,,,,
AR07,G36,2009,Abam,6.9,62.8,y,,,,,,,,,,,,,,,,,,,,,,,,,,,,,,,,,,
AR07,G37,2009,Cano,7.14,20.3,n,,,,,,,,,,,,,,,,,,,,,,,,,,,,,,,,,,
AR07,G37,2009,Cano,9.52,20.5,n,,,,,,,,,,,,,,,,,,,,,,,,,,,,,,,,,,
AR07,G37,2009,Tsme,5.35,34.8,n,,,,,,,,,,,,,,,,,,,,,,,,,,,,,,,,,,
AR07,G37,2009,Cano,5.3,35.9,n,,,,,,,,,,,,,,,,,,,,,,,,,,,,,,,,,,
AR07,G37,2009,Cano,6.66,39.0,n,,,,,,,,,,,,,,,,,,,,,,,,,,,,,,,,,,
AR07,G37,2009,Cano,4.09,42.5,n,,,,,,,,,,,,,,,,,,,,,,,,,,,,,,,,,,
AR07,G37,2009,Abam,4.65,46.1,n,,,,,,,,,,,,,,,,,,,,,,,,,,,,,,,,,,
AR07,G37,2009,Abam,5.9,51.3,y,,,,,,,,,,,,,,,,,,,,,,,,,,,,,,,,,,
AR07,G37,2009,Tsme,4.95,52.3,n,,,,,,,,,,,,,,,,,,,,,,,,,,,,,,,,,,
AR07,G37,2009,Abam,5.08,58.0,y,,,,,,,,,,,,,,,,,,,,,,,,,,,,,,,,,,
AR07,G37,2009,Cano,5.84,60.2,n,,,,,,,,,,,,,,,,,,,,,,,,,,,,,,,,,,
AR07,G37,2009,Abam,8.78,62.5,y,,,,,,,,,,,,,,,,,,,,,,,,,,,,,,,,,,
AR07,G37,2009,Abam,4.45,69.3,y,,,,,,,,,,,,,,,,,,,,,,,,,,,,,,,,,,
AR07,G37,2009,Cano,8.21,79.0,n,,,,,,,,,,,,,,,,,,,,,,,,,,,,,,,,,,
AR07,G38,2009,Abam,9.55,18.8,n,,,,,,,,,,,,,,,,,,,,,,,,,,,,,,,,,,
AR07,G38,2009,Cano,9.93,26.1,n,,,,,,,,,,,,,,,,,,,,,,,,,,,,,,,,,,
AR07,G38,2009,Tsme,6.12,27.0,n,,,,,,,,,,,,,,,,,,,,,,,,,,,,,,,,,,
AR07,G38,2009,Cano,9.53,32.9,n,,,,,,,,,,,,,,,,,,,,,,,,,,,,,,,,,,
AR07,G38,2009,Abam,5.38,37.9,n,,,,,,,,,,,,,,,,,,,,,,,,,,,,,,,,,,
AR07,G38,2009,Cano,4.67,38.0,n,,,,,,,,,,,,,,,,,,,,,,,,,,,,,,,,,,
AR07,G38,2009,Cano,8.57,43.4,n,,,,,,,,,,,,,,,,,,,,,,,,,,,,,,,,,,
AR07,G38,2009,Abam,4.88,46.7,n,,,,,,,,,,,,,,,,,,,,,,,,,,,,,,,,,,
AR07,G38,2009,Abam,5.41,48.3,n,,,,,,,,,,,,,,,,,,,,,,,,,,,,,,,,,,
AR07,G38,2009,Tsme,9.26,58.8,y,,,,,,,,,,,,,,,,,,,,,,,,,,,,,,,,,,
AR07,G38,2009,Abam,8.66,59.5,y,,,,,,,,,,,,,,,,,,,,,,,,,,,,,,,,,,
AR07,G38,2009,Cano,7.58,87.0,y,,,,,,,,,,,,,,,,,,,,,,,,,,,,,,,,,,
AR07,G38,2009,Cano,7.94,104.0,y,,,,,,,,,,,,,,,,,,,,,,,,,,,,,,,,,,
AR07,G39,2009,Cano,6.89,16.1,n,,,,,,,,,,,,,,,,,,,,,,,,,,,,,,,,,,
AR07,G39,2009,Tsme,9.34,24.2,n,,,,,,,,,,,,,,,,,,,,,,,,,,,,,,,,,,
AR07,G39,2009,Cano,7.85,28.9,n,,,,,,,,,,,,,,,,,,,,,,,,,,,,,,,,,,
AR07,G39,2009,Cano,8.75,31.9,n,,,,,,,,,,,,,,,,,,,,,,,,,,,,,,,,,,
AR07,G39,2009,Cano,7.82,32.5,n,,,,,,,,,,,,,,,,,,,,,,,,,,,,,,,,,,
AR07,G39,2009,Cano,2.6,39.0,n,,,,,,,,,,,,,,,,,,,,,,,,,,,,,,,,,,
AR07,G39,2009,Abam,8.88,42.9,n,,,,,,,,,,,,,,,,,,,,,,,,,,,,,,,,,,
AR07,G39,2009,Tsme,5.56,46.6,n,,,,,,,,,,,,,,,,,,,,,,,,,,,,,,,,,,
AR07,G39,2009,Cano,6.19,52.3,n,,,,,,,,,,,,,,,,,,,,,,,,,,,,,,,,,,
AR07,G39,2009,Abam,9.32,53.0,n,,,,,,,,,,,,,,,,,,,,,,,,,,,,,,,,,,
AR07,G39,2009,Tsme,6.89,53.4,n,G40,,,,,,,,,,,,,,,,,,,,,,,,,,,,,,,,,
AR07,G39,2009,Cano,6.12,54.2,n,,,,,,,,,,,,,,,,,,,,,,,,,,,,,,,,,,
AR07,G39,2009,Abam,7.6,57.8,y,,,,,,,,,,,,,,,,,,,,,,,,,,,,,,,,,,
AR07,G39,2009,Abam,6.63,61.0,y,,,,,,,,,,,,,,,,,,,,,,,,,,,,,,,,,,
AR07,G39,2009,Tsme,9.34,62.5,y,,,,,,,,,,,,,,,,,,,,,,,,,,,,,,,,,,
AR07,G39,2009,Tsme,9.69,70.5,y,,,,,,,,,,,,,,,,,,,,,,,,,,,,,,,,,,
AR07,G39,2009,Tsme,9.34,97.1,y,,,,,,,,,,,,,,,,,,,,,,,,,,,,,,,,,,
AR07,G4,2008,Abam,8.89,18.9,n,,,,,,,,,,,,,,,,,,,,,,,,,,,,,,,,,,
AR07,G4,2008,Tsme,9.13,19.2,n,,,,,,,,,,,,,,,,,,,,,,,,,,,,,,,,,,
AR07,G4,2008,Cano,3.74,22.4,n,,,,,,,,,,,,,,,,,,,,,,,,,,,,,,,,,,
AR07,G4,2008,Tsme,7.77,22.8,n,,,,,,,,,,,,,,,,,,,,,,,,,,,,,,,,,,
AR07,G4,2008,Abam,9.54,25.4,n,,,,,,,,,,,,,,,,,,,,,,,,,,,,,,,,,,
AR07,G4,2008,Abam,9.79,25.4,n,,,,,,,,,,,,,,,,,,,,,,,,,,,,,,,,,,
AR07,G4,2008,Cano,8.5,29.4,n,,,,,,,,,,,,,,,,,,,,,,,,,,,,,,,,,,
AR07,G4,2008,Cano,9.99,30.4,n,,,,,,,,,,,,,,,,,,,,,,,,,,,,,,,,,,
AR07,G4,2008,Cano,4.65,34.1,n,,,,,,,,,,,,,,,,,,,,,,,,,,,,,,,,,,
AR07,G4,2008,Cano,1.71,42.4,n,,,,,,,,,,,,,,,,,,,,,,,,,,,,,,,,,,
AR07,G4,2008,Cano,2.56,42.6,n,,,,,,,,,,,,,,,,,,,,,,,,,,,,,,,,,,
AR07,G4,2008,Cano,9.48,43.5,n,,,,,,,,,,,,,,,,,,,,,,,,,,,,,,,,,,
AR07,G4,2008,Tsme,2.2,53.3,n,G5,,,,,,,,,,,,,,,,,,,,,,,,,,,,,,,,,
AR07,G4,2008,Tsme,8.06,59.5,y,,,,,,,,,,,,,,,,,,,,,,,,,,,,,,,,,,
AR07,G4,2008,Tsme,5.24,61.2,y,,,,,,,,,,,,,,,,,,,,,,,,,,,,,,,,,,
AR07,G4,2008,Abam,1.9,66.7,y,,,,,,,,,,,,,,,,,,,,,,,,,,,,,,,,,,
AR07,G4,2008,Tsme,7.93,86.3,y,,,,,,,,,,,,,,,,,,,,,,,,,,,,,,,,,,
AR07,G4,2008,Abam,6.9,110.6,y,,,,,,,,,,,,,,,,,,,,,,,,,,,,,,,,,,
AR07,G40,2009,Tsme,9.64,24.7,n,,,,,,,,,,,,,,,,,,,,,,,,,,,,,,,,,,
AR07,G40,2009,Cano,7.51,32.5,n,,,,,,,,,,,,,,,,,,,,,,,,,,,,,,,,,,
AR07,G40,2009,Cano,4.17,39.0,n,,,,,,,,,,,,,,,,,,,,,,,,,,,,,,,,,,
AR07,G40,2009,Cano,9.09,48.6,n,,,,,,,,,,,,,,,,,,,,,,,,,,,,,,,,,,
AR07,G40,2009,Cano,7.08,50.5,n,,,,,,,,,,,,,,,,,,,,,,,,,,,,,,,,,,
AR07,G40,2009,Cano,7.11,54.2,n,,,,,,,,,,,,,,,,,,,,,,,,,,,,,,,,,,
AR07,G40,2009,Abam,4.38,54.6,y,G59,,,,,,,,,,,,,,,,,,,,,,,,,,,,,,,,,
AR07,G40,2009,Abam,1.34,61.0,y,,,,,,,,,,,,,,,,,,,,,,,,,,,,,,,,,,
AR07,G41,2009,Tsme,8.8,14.2,n,,,,,,,,,,,,,,,,,,,,,,,,,,,,,,,,,,
AR07,G41,2009,Cano,6.64,24.7,n,,,,,,,,,,,,,,,,,,,,,,,,,,,,,,,,,,
AR07,G41,2009,Cano,7.32,41.5,n,,,,,,,,,,,,,,,,,,,,,,,,,,,,,,,,,,
AR07,G41,2009,Cano,6.66,41.7,n,,,,,,,,,,,,,,,,,,,,,,,,,,,,,,,,,,
AR07,G41,2009,Cano,7.56,41.8,n,,,,,,,,,,,,,,,,,,,,,,,,,,,,,,,,,,
AR07,G41,2009,Tsme,6.38,43.3,n,,,,,,,,,,,,,,,,,,,,,,,,,,,,,,,,,,
AR07,G41,2009,Abam,2.73,46.6,n,,,,,,,,,,,,,,,,,,,,,,,,,,,,,,,,,,
AR07,G41,2009,Abam,4.7,56.5,n,G58,,,,,,,,,,,,,,,,,,,,,,,,,,,,,,,,,
AR07,G41,2009,Abam,8.1,63.2,y,,,,,,,,,,,,,,,,,,,,,,,,,,,,,,,,,,
AR07,G41,2009,Abam,5.53,64.8,y,,,,,,,,,,,,,,,,,,,,,,,,,,,,,,,,,,
AR07,G41,2009,Abam,9.29,76.5,y,,,,,,,,,,,,,,,,,,,,,,,,,,,,,,,,,,
AR07,G41,2009,Tsme,8.27,94.6,n,2 trunks,,,,,,,,,,,,,,,,,,,,,,,,,,,,,,,,,
AR07,G42,2009,Cano,3.16,29.1,n,,,,,,,,,,,,,,,,,,,,,,,,,,,,,,,,,,
AR07,G42,2009,Cano,5.64,29.4,n,,,,,,,,,,,,,,,,,,,,,,,,,,,,,,,,,,
AR07,G42,2009,Abam,2.35,39.7,n,,,,,,,,,,,,,,,,,,,,,,,,,,,,,,,,,,
AR07,G42,2009,Cano,9.11,42.8,n,,,,,,,,,,,,,,,,,,,,,,,,,,,,,,,,,,
AR07,G42,2009,Cano,4.73,43.9,n,,,,,,,,,,,,,,,,,,,,,,,,,,,,,,,,,,
AR07,G42,2009,Cano,6.82,47.7,n,,,,,,,,,,,,,,,,,,,,,,,,,,,,,,,,,,
AR07,G42,2009,Tsme,9.42,54.5,n,,,,,,,,,,,,,,,,,,,,,,,,,,,,,,,,,,
AR07,G42,2009,Cano,0.63,58.0,n,,,,,,,,,,,,,,,,,,,,,,,,,,,,,,,,,,
AR07,G42,2009,Tsme,7.6,74.0,n,,,,,,,,,,,,,,,,,,,,,,,,,,,,,,,,,,
AR07,G42,2009,Tsme,8.54,79.1,y,,,,,,,,,,,,,,,,,,,,,,,,,,,,,,,,,,
AR07,G42,2009,Cano,8.84,91.3,n,3 trunks,,,,,,,,,,,,,,,,,,,,,,,,,,,,,,,,,
AR07,G42,2009,Tsme,3.49,96.3,y,,,,,,,,,,,,,,,,,,,,,,,,,,,,,,,,,,
AR07,G43,2009,Cano,9.18,20.0,n,,,,,,,,,,,,,,,,,,,,,,,,,,,,,,,,,,
AR07,G43,2009,Abam,8.95,28.3,n,,,,,,,,,,,,,,,,,,,,,,,,,,,,,,,,,,
AR07,G43,2009,Cano,6.57,31.5,n,,,,,,,,,,,,,,,,,,,,,,,,,,,,,,,,,,
AR07,G43,2009,Cano,6.26,32.0,n,,,,,,,,,,,,,,,,,,,,,,,,,,,,,,,,,,
AR07,G43,2009,Tsme,9.83,35.7,n,,,,,,,,,,,,,,,,,,,,,,,,,,,,,,,,,,
AR07,G43,2009,Cano,6.52,36.2,n,,,,,,,,,,,,,,,,,,,,,,,,,,,,,,,,,,
AR07,G43,2009,Cano,9.65,38.6,n,,,,,,,,,,,,,,,,,,,,,,,,,,,,,,,,,,
AR07,G43,2009,Cano,2.14,39.9,n,,,,,,,,,,,,,,,,,,,,,,,,,,,,,,,,,,
AR07,G43,2009,Cano,8.18,41.8,n,,,,,,,,,,,,,,,,,,,,,,,,,,,,,,,,,,
AR07,G43,2009,Tsme,8.81,46.0,n,,,,,,,,,,,,,,,,,,,,,,,,,,,,,,,,,,
AR07,G43,2009,Cano,6.93,47.5,n,,,,,,,,,,,,,,,,,,,,,,,,,,,,,,,,,,
AR07,G43,2009,Cano,7.85,48.5,y,,,,,,,,,,,,,,,,,,,,,,,,,,,,,,,,,,
AR07,G43,2009,Cano,1.51,50.9,n,,,,,,,,,,,,,,,,,,,,,,,,,,,,,,,,,,
AR07,G43,2009,Tsme,5.39,57.1,y,,,,,,,,,,,,,,,,,,,,,,,,,,,,,,,,,,
AR07,G43,2009,Cano,9.24,57.8,n,,,,,,,,,,,,,,,,,,,,,,,,,,,,,,,,,,
AR07,G43,2009,Abam,6.2,63.7,y,,,,,,,,,,,,,,,,,,,,,,,,,,,,,,,,,,
AR07,G43,2009,Cano,7.98,66.7,y,,,,,,,,,,,,,,,,,,,,,,,,,,,,,,,,,,
AR07,G43,2009,Abam,5.33,70.4,y,,,,,,,,,,,,,,,,,,,,,,,,,,,,,,,,,,
AR07,G43,2009,Tsme,9.35,74.8,y,,,,,,,,,,,,,,,,,,,,,,,,,,,,,,,,,,
AR07,G44,2009,Cano,5.36,25.9,n,,,,,,,,,,,,,,,,,,,,,,,,,,,,,,,,,,
AR07,G44,2009,Cano,5.44,26.5,n,,,,,,,,,,,,,,,,,,,,,,,,,,,,,,,,,,
AR07,G44,2009,Cano,4.95,27.9,n,,,,,,,,,,,,,,,,,,,,,,,,,,,,,,,,,,
AR07,G44,2009,Cano,6.82,31.2,n,,,,,,,,,,,,,,,,,,,,,,,,,,,,,,,,,,
AR07,G44,2009,Cano,5.59,34.6,n,,,,,,,,,,,,,,,,,,,,,,,,,,,,,,,,,,
AR07,G44,2009,Abam,8.72,39.7,n,,,,,,,,,,,,,,,,,,,,,,,,,,,,,,,,,,
AR07,G44,2009,Tsme,9.26,48.8,n,,,,,,,,,,,,,,,,,,,,,,,,,,,,,,,,,,
AR07,G44,2009,Abam,9.03,49.6,y,,,,,,,,,,,,,,,,,,,,,,,,,,,,,,,,,,
AR07,G44,2009,Cano,5.3,55.1,y,,,,,,,,,,,,,,,,,,,,,,,,,,,,,,,,,,
AR07,G44,2009,Abam,5.35,56.6,y,,,,,,,,,,,,,,,,,,,,,,,,,,,,,,,,,,
AR07,G44,2009,Cano,8.61,58.8,n,,,,,,,,,,,,,,,,,,,,,,,,,,,,,,,,,,
AR07,G44,2009,Tsme,6.57,59.6,y,,,,,,,,,,,,,,,,,,,,,,,,,,,,,,,,,,
AR07,G44,2009,Abam,5.8,71.2,y,,,,,,,,,,,,,,,,,,,,,,,,,,,,,,,,,,
AR07,G45,2009,Tsme,5.19,35.9,n,,,,,,,,,,,,,,,,,,,,,,,,,,,,,,,,,,
AR07,G45,2009,Cano,9.6,40.8,n,,,,,,,,,,,,,,,,,,,,,,,,,,,,,,,,,,
AR07,G45,2009,Cano,5.46,43.5,n,,,,,,,,,,,,,,,,,,,,,,,,,,,,,,,,,,
AR07,G45,2009,Abam,5.3,55.4,y,,,,,,,,,,,,,,,,,,,,,,,,,,,,,,,,,,
AR07,G45,2009,Tsme,6.38,57.4,y,,,,,,,,,,,,,,,,,,,,,,,,,,,,,,,,,,
AR07,G45,2009,Tsme,7,62.2,y,,,,,,,,,,,,,,,,,,,,,,,,,,,,,,,,,,
AR07,G45,2009,Cano,4.34,65.6,y,,,,,,,,,,,,,,,,,,,,,,,,,,,,,,,,,,
AR07,G45,2009,Tsme,7.46,69.5,y,,,,,,,,,,,,,,,,,,,,,,,,,,,,,,,,,,
AR07,G45,2009,Tsme,8.3,81.9,y,,,,,,,,,,,,,,,,,,,,,,,,,,,,,,,,,,
AR07,G47,2009,Tsme,9.06,20.5,n,,,,,,,,,,,,,,,,,,,,,,,,,,,,,,,,,,
AR07,G47,2009,Abam,5.91,22.2,n,,,,,,,,,,,,,,,,,,,,,,,,,,,,,,,,,,
AR07,G47,2009,Abam,7.35,23.9,n,,,,,,,,,,,,,,,,,,,,,,,,,,,,,,,,,,
AR07,G47,2009,Cano,5.73,28.3,n,,,,,,,,,,,,,,,,,,,,,,,,,,,,,,,,,,
AR07,G47,2009,Tsme,8.43,36.7,n,,,,,,,,,,,,,,,,,,,,,,,,,,,,,,,,,,
AR07,G47,2009,Tsme,3.46,37.3,n,,,,,,,,,,,,,,,,,,,,,,,,,,,,,,,,,,
AR07,G47,2009,Abam,2.56,38.9,n,,,,,,,,,,,,,,,,,,,,,,,,,,,,,,,,,,
AR07,G47,2009,Tsme,3.75,39.9,n,,,,,,,,,,,,,,,,,,,,,,,,,,,,,,,,,,
AR07,G47,2009,Cano,7.38,40.7,n,,,,,,,,,,,,,,,,,,,,,,,,,,,,,,,,,,
AR07,G47,2009,Abam,2.78,47.6,n,,,,,,,,,,,,,,,,,,,,,,,,,,,,,,,,,,
AR07,G47,2009,Cano,7.74,49.4,n,,,,,,,,,,,,,,,,,,,,,,,,,,,,,,,,,,
AR07,G47,2009,Cano,9.69,55.9,n,,,,,,,,,,,,,,,,,,,,,,,,,,,,,,,,,,
AR07,G47,2009,Tsme,4.18,56.9,n,G48,,,,,,,,,,,,,,,,,,,,,,,,,,,,,,,,,
AR07,G47,2009,Cano,6,64.6,n,,,,,,,,,,,,,,,,,,,,,,,,,,,,,,,,,,
AR07,G47,2009,Tsme,5.65,66.1,n,,,,,,,,,,,,,,,,,,,,,,,,,,,,,,,,,,
AR07,G47,2009,Tsme,3.45,81.3,y,,,,,,,,,,,,,,,,,,,,,,,,,,,,,,,,,,
AR07,G48,2009,Tsme,5.9,20.5,n,,,,,,,,,,,,,,,,,,,,,,,,,,,,,,,,,,
AR07,G48,2009,Abam,1.33,22.2,n,,,,,,,,,,,,,,,,,,,,,,,,,,,,,,,,,,
AR07,G48,2009,Abam,3.8,23.9,n,,,,,,,,,,,,,,,,,,,,,,,,,,,,,,,,,,
AR07,G48,2009,Tsme,9.2,24.1,n,,,,,,,,,,,,,,,,,,,,,,,,,,,,,,,,,,
AR07,G48,2009,Cano,2.29,28.3,n,,,,,,,,,,,,,,,,,,,,,,,,,,,,,,,,,,
AR07,G48,2009,Tsme,5.98,36.7,n,,,,,,,,,,,,,,,,,,,,,,,,,,,,,,,,,,
AR07,G48,2009,Tsme,2.16,37.3,n,,,,,,,,,,,,,,,,,,,,,,,,,,,,,,,,,,
AR07,G48,2009,Abam,3.67,38.9,n,,,,,,,,,,,,,,,,,,,,,,,,,,,,,,,,,,
AR07,G48,2009,Tsme,8.22,39.5,n,,,,,,,,,,,,,,,,,,,,,,,,,,,,,,,,,,
AR07,G48,2009,Tsme,4.89,39.9,n,,,,,,,,,,,,,,,,,,,,,,,,,,,,,,,,,,
AR07,G48,2009,Tsme,5.83,40.5,n,,,,,,,,,,,,,,,,,,,,,,,,,,,,,,,,,,
AR07,G48,2009,Abam,2.97,47.6,n,,,,,,,,,,,,,,,,,,,,,,,,,,,,,,,,,,
AR07,G48,2009,Cano,4.41,49.4,n,,,,,,,,,,,,,,,,,,,,,,,,,,,,,,,,,,
AR07,G48,2009,Tsme,4.45,52.9,n,G47,,,,,,,,,,,,,,,,,,,,,,,,,,,,,,,,,
AR07,G48,2009,Cano,6.68,53.0,n,,,,,,,,,,,,,,,,,,,,,,,,,,,,,,,,,,
AR07,G48,2009,Cano,9.45,59.1,n,,,,,,,,,,,,,,,,,,,,,,,,,,,,,,,,,,
AR07,G48,2009,Cano,2.94,64.6,n,,,,,,,,,,,,,,,,,,,,,,,,,,,,,,,,,,
AR07,G48,2009,Tsme,3.99,66.1,n,,,,,,,,,,,,,,,,,,,,,,,,,,,,,,,,,,
AR07,G48,2009,Abam,6.02,72.2,y,,,,,,,,,,,,,,,,,,,,,,,,,,,,,,,,,,
AR07,G48,2009,Tsme,0.57,81.3,y,,,,,,,,,,,,,,,,,,,,,,,,,,,,,,,,,,
AR07,G49,2009,Cano,6.22,20.9,n,,,,,,,,,,,,,,,,,,,,,,,,,,,,,,,,,,
AR07,G49,2009,Abam,7.63,36.8,n,,,,,,,,,,,,,,,,,,,,,,,,,,,,,,,,,,
AR07,G49,2009,Tsme,9.67,42.7,n,,,,,,,,,,,,,,,,,,,,,,,,,,,,,,,,,,
AR07,G49,2009,Abam,7.52,48.6,n,,,,,,,,,,,,,,,,,,,,,,,,,,,,,,,,,,
AR07,G49,2009,Tsme,6.15,51.5,n,,,,,,,,,,,,,,,,,,,,,,,,,,,,,,,,,,
AR07,G49,2009,Tsme,5.78,57.2,n,,,,,,,,,,,,,,,,,,,,,,,,,,,,,,,,,,
AR07,G49,2009,Cano,7.21,61.3,n,,,,,,,,,,,,,,,,,,,,,,,,,,,,,,,,,,
AR07,G49,2009,Cano,9.84,63.5,n,,,,,,,,,,,,,,,,,,,,,,,,,,,,,,,,,,
AR07,G49,2009,Abam,8.97,65.7,y,,,,,,,,,,,,,,,,,,,,,,,,,,,,,,,,,,
AR07,G49,2009,Cano,3.89,73.8,n,,,,,,,,,,,,,,,,,,,,,,,,,,,,,,,,,,
AR07,G49,2009,Tsme,8.82,84.3,y,,,,,,,,,,,,,,,,,,,,,,,,,,,,,,,,,,
AR07,G5,2008,Abam,8.12,18.9,n,,,,,,,,,,,,,,,,,,,,,,,,,,,,,,,,,,
AR07,G5,2008,Tsme,8.81,19.2,n,,,,,,,,,,,,,,,,,,,,,,,,,,,,,,,,,,
AR07,G5,2008,Cano,6.32,22.4,n,,,,,,,,,,,,,,,,,,,,,,,,,,,,,,,,,,
AR07,G5,2008,Tsme,8.08,22.8,n,,,,,,,,,,,,,,,,,,,,,,,,,,,,,,,,,,
AR07,G5,2008,Abam,7.02,25.4,n,,,,,,,,,,,,,,,,,,,,,,,,,,,,,,,,,,
AR07,G5,2008,Cano,5.96,29.4,n,,,,,,,,,,,,,,,,,,,,,,,,,,,,,,,,,,
AR07,G5,2008,Cano,6.79,30.4,n,,,,,,,,,,,,,,,,,,,,,,,,,,,,,,,,,,
AR07,G5,2008,Cano,8.35,34.1,n,,,,,,,,,,,,,,,,,,,,,,,,,,,,,,,,,,
AR07,G5,2008,Tsme,7.38,36.3,n,,,,,,,,,,,,,,,,,,,,,,,,,,,,,,,,,,
AR07,G5,2008,Cano,4.79,42.4,n,,,,,,,,,,,,,,,,,,,,,,,,,,,,,,,,,,
AR07,G5,2008,Cano,4.9,42.6,n,,,,,,,,,,,,,,,,,,,,,,,,,,,,,,,,,,
AR07,G5,2008,Cano,6.73,43.5,n,,,,,,,,,,,,,,,,,,,,,,,,,,,,,,,,,,
AR07,G5,2008,Tsme,7.9,58.3,y,,,,,,,,,,,,,,,,,,,,,,,,,,,,,,,,,,
AR07,G5,2008,Tsme,8.41,59.5,y,,,,,,,,,,,,,,,,,,,,,,,,,,,,,,,,,,
AR07,G5,2008,Tsme,8.94,61.2,y,,,,,,,,,,,,,,,,,,,,,,,,,,,,,,,,,,
AR07,G5,2008,Abam,5.2,66.7,y,,,,,,,,,,,,,,,,,,,,,,,,,,,,,,,,,,
AR07,G5,2008,Abam,2.2,81.3,y,G4,,,,,,,,,,,,,,,,,,,,,,,,,,,,,,,,,
AR07,G5,2008,Tsme,7.7,86.3,y,,,,,,,,,,,,,,,,,,,,,,,,,,,,,,,,,,
AR07,G5,2008,Abam,4.66,110.6,y,,,,,,,,,,,,,,,,,,,,,,,,,,,,,,,,,,
AR07,G50,2009,Cano,1.4,28.5,n,,,,,,,,,,,,,,,,,,,,,,,,,,,,,,,,,,
AR07,G50,2009,Abam,7.22,35.8,n,,,,,,,,,,,,,,,,,,,,,,,,,,,,,,,,,,
AR07,G50,2009,Abam,7.99,38.6,n,,,,,,,,,,,,,,,,,,,,,,,,,,,,,,,,,,
AR07,G50,2009,Cano,7.49,43.1,n,,,,,,,,,,,,,,,,,,,,,,,,,,,,,,,,,,
AR07,G50,2009,Cano,6.52,46.1,n,,,,,,,,,,,,,,,,,,,,,,,,,,,,,,,,,,
AR07,G50,2009,Cano,7.38,51.5,n,,,,,,,,,,,,,,,,,,,,,,,,,,,,,,,,,,
AR07,G50,2009,Cano,7.06,57.1,y,,,,,,,,,,,,,,,,,,,,,,,,,,,,,,,,,,
AR07,G50,2009,Cano,7.68,59.7,y,,,,,,,,,,,,,,,,,,,,,,,,,,,,,,,,,,
AR07,G50,2009,Abam,6.23,61.2,y,,,,,,,,,,,,,,,,,,,,,,,,,,,,,,,,,,
AR07,G50,2009,Abam,7.57,65.6,y,,,,,,,,,,,,,,,,,,,,,,,,,,,,,,,,,,
AR07,G50,2009,Tsme,6.38,69.0,n,,,,,,,,,,,,,,,,,,,,,,,,,,,,,,,,,,
AR07,G51,2009,Tsme,6.33,19.1,n,,,,,,,,,,,,,,,,,,,,,,,,,,,,,,,,,,
AR07,G51,2009,Cano,8.55,26.7,n,,,,,,,,,,,,,,,,,,,,,,,,,,,,,,,,,,
AR07,G51,2009,Tsme,5.85,35.8,n,,,,,,,,,,,,,,,,,,,,,,,,,,,,,,,,,,
AR07,G51,2009,Tsme,7.09,39.8,n,,,,,,,,,,,,,,,,,,,,,,,,,,,,,,,,,,
AR07,G51,2009,Cano,8.14,40.3,n,,,,,,,,,,,,,,,,,,,,,,,,,,,,,,,,,,
AR07,G51,2009,Cano,2.55,46.1,n,,,,,,,,,,,,,,,,,,,,,,,,,,,,,,,,,,
AR07,G51,2009,Tsme,6.08,49.1,n,,,,,,,,,,,,,,,,,,,,,,,,,,,,,,,,,,
AR07,G51,2009,Tsme,8.96,64.7,y,,,,,,,,,,,,,,,,,,,,,,,,,,,,,,,,,,
AR07,G51,2009,Abam,7.86,93.6,y,G52,,,,,,,,,,,,,,,,,,,,,,,,,,,,,,,,,
AR07,G52,2009,Abam,6.58,16.5,n,,,,,,,,,,,,,,,,,,,,,,,,,,,,,,,,,,
AR07,G52,2009,Tsme,5.84,19.1,n,,,,,,,,,,,,,,,,,,,,,,,,,,,,,,,,,,
AR07,G52,2009,Cano,6.69,26.7,n,,,,,,,,,,,,,,,,,,,,,,,,,,,,,,,,,,
AR07,G52,2009,Cano,8.87,28.8,n,,,,,,,,,,,,,,,,,,,,,,,,,,,,,,,,,,
AR07,G52,2009,Cano,8.14,39.4,n,,,,,,,,,,,,,,,,,,,,,,,,,,,,,,,,,,
AR07,G52,2009,Tsme,9.03,39.8,n,,,,,,,,,,,,,,,,,,,,,,,,,,,,,,,,,,
AR07,G52,2009,Cano,3.36,43.6,n,,,,,,,,,,,,,,,,,,,,,,,,,,,,,,,,,,
AR07,G52,2009,Tsme,4.21,49.1,n,,,,,,,,,,,,,,,,,,,,,,,,,,,,,,,,,,
AR07,G52,2009,Tsme,7.86,49.3,n,,,,,,,,,,,,,,,,,,,,,,,,,,,,,,,,,,
AR07,G52,2009,Cano,8.55,50.2,n,,,,,,,,,,,,,,,,,,,,,,,,,,,,,,,,,,
AR07,G52,2009,Cano,8.65,60.0,n,G29,,,,,,,,,,,,,,,,,,,,,,,,,,,,,,,,,
AR07,G53,2009,Tsme,8.69,11.0,n,,,,,,,,,,,,,,,,,,,,,,,,,,,,,,,,,,
AR07,G53,2009,Abam,6.76,11.1,n,,,,,,,,,,,,,,,,,,,,,,,,,,,,,,,,,,
AR07,G53,2009,Abam,9.67,17.6,n,,,,,,,,,,,,,,,,,,,,,,,,,,,,,,,,,,
AR07,G53,2009,Tsme,9.12,18.4,n,,,,,,,,,,,,,,,,,,,,,,,,,,,,,,,,,,
AR07,G53,2009,Cano,9.72,24.5,n,,,,,,,,,,,,,,,,,,,,,,,,,,,,,,,,,,
AR07,G53,2009,Cano,8.58,26.5,n,,,,,,,,,,,,,,,,,,,,,,,,,,,,,,,,,,
AR07,G53,2009,Tsme,8.91,39.7,n,G54,,,,,,,,,,,,,,,,,,,,,,,,,,,,,,,,,
AR07,G53,2009,Cano,8.89,52.5,n,,,,,,,,,,,,,,,,,,,,,,,,,,,,,,,,,,
AR07,G53,2009,Cano,8.93,65.6,n,3 trunks,,,,,,,,,,,,,,,,,,,,,,,,,,,,,,,,,
AR07,G53,2009,Tshe,8.12,81.3,n,,,,,,,,,,,,,,,,,,,,,,,,,,,,,,,,,,
AR07,G53,2009,Abam,2.02,90.8,y,,,,,,,,,,,,,,,,,,,,,,,,,,,,,,,,,,
AR07,G54,2009,Abam,4.72,11.1,n,,,,,,,,,,,,,,,,,,,,,,,,,,,,,,,,,,
AR07,G54,2009,Abam,4.69,17.6,n,,,,,,,,,,,,,,,,,,,,,,,,,,,,,,,,,,
AR07,G54,2009,Abam,9.99,17.9,n,,,,,,,,,,,,,,,,,,,,,,,,,,,,,,,,,,
AR07,G54,2009,Cano,5.44,24.5,n,,,,,,,,,,,,,,,,,,,,,,,,,,,,,,,,,,
AR07,G54,2009,Abam,3.03,24.6,n,,,,,,,,,,,,,,,,,,,,,,,,,,,,,,,,,,
AR07,G54,2009,Cano,2.86,26.5,n,,,,,,,,,,,,,,,,,,,,,,,,,,,,,,,,,,
AR07,G54,2009,Cano,7.03,46.5,n,,,,,,,,,,,,,,,,,,,,,,,,,,,,,,,,,,
AR07,G54,2009,Cano,4.74,52.5,n,,,,,,,,,,,,,,,,,,,,,,,,,,,,,,,,,,
AR07,G54,2009,Tsme,5.57,59.0,n,,,,,,,,,,,,,,,,,,,,,,,,,,,,,,,,,,
AR07,G54,2009,Cano,1.86,65.6,n,3 trunks,,,,,,,,,,,,,,,,,,,,,,,,,,,,,,,,,
AR07,G54,2009,Abam,6.36,66.9,n,,,,,,,,,,,,,,,,,,,,,,,,,,,,,,,,,,
AR07,G55,2009,Cano,7.47,10.6,n,,,,,,,,,,,,,,,,,,,,,,,,,,,,,,,,,,
AR07,G55,2009,Tsme,4.68,11.2,n,,,,,,,,,,,,,,,,,,,,,,,,,,,,,,,,,,
AR07,G55,2009,Abam,7.66,24.4,n,in stand,,,,,,,,,,,,,,,,,,,,,,,,,,,,,,,,,
AR07,G55,2009,Abam,8.72,42.1,n,,,,,,,,,,,,,,,,,,,,,,,,,,,,,,,,,,
AR07,G55,2009,Tsme,4.98,42.4,y,G56,,,,,,,,,,,,,,,,,,,,,,,,,,,,,,,,,
AR07,G55,2009,Abam,7.63,50.1,y,,,,,,,,,,,,,,,,,,,,,,,,,,,,,,,,,,
AR07,G55,2009,Abam,2.02,54.4,y,,,,,,,,,,,,,,,,,,,,,,,,,,,,,,,,,,
AR07,G55,2009,Abam,8.43,55.5,y,,,,,,,,,,,,,,,,,,,,,,,,,,,,,,,,,,
AR07,G55,2009,Cano,7.12,59.0,n,,,,,,,,,,,,,,,,,,,,,,,,,,,,,,,,,,
AR07,G55,2009,Tsme,5.57,67.9,y,in stand,,,,,,,,,,,,,,,,,,,,,,,,,,,,,,,,,
AR07,G56,2009,Tsme,8.15,12.7,n,,,,,,,,,,,,,,,,,,,,,,,,,,,,,,,,,,
AR07,G56,2009,Abam,8.35,24.4,n,in stand,,,,,,,,,,,,,,,,,,,,,,,,,,,,,,,,,
AR07,G56,2009,Tsme,6.96,36.2,n,,,,,,,,,,,,,,,,,,,,,,,,,,,,,,,,,,
AR07,G56,2009,Abam,8.44,43.2,y,,,,,,,,,,,,,,,,,,,,,,,,,,,,,,,,,,
AR07,G56,2009,Abam,7.21,50.1,y,,,,,,,,,,,,,,,,,,,,,,,,,,,,,,,,,,
AR07,G56,2009,Tsme,6.91,51.0,n,,,,,,,,,,,,,,,,,,,,,,,,,,,,,,,,,,
AR07,G56,2009,Abam,4.12,54.4,y,,,,,,,,,,,,,,,,,,,,,,,,,,,,,,,,,,
AR07,G56,2009,Abam,8.05,55.5,y,,,,,,,,,,,,,,,,,,,,,,,,,,,,,,,,,,
AR07,G56,2009,Abam,8.01,57.6,y,,,,,,,,,,,,,,,,,,,,,,,,,,,,,,,,,,
AR07,G56,2009,Cano,5.79,59.0,n,,,,,,,,,,,,,,,,,,,,,,,,,,,,,,,,,,
AR07,G56,2009,Abam,9.79,59.3,y,,,,,,,,,,,,,,,,,,,,,,,,,,,,,,,,,,
AR07,G56,2009,Abam,4.98,61.8,y,G55,,,,,,,,,,,,,,,,,,,,,,,,,,,,,,,,,
AR07,G57,2009,Tsme,5.9,12.7,n,,,,,,,,,,,,,,,,,,,,,,,,,,,,,,,,,,
AR07,G57,2009,Abam,0.62,20.8,n,,,,,,,,,,,,,,,,,,,,,,,,,,,,,,,,,,
AR07,G57,2009,Tsme,9.03,35.4,n,,,,,,,,,,,,,,,,,,,,,,,,,,,,,,,,,,
AR07,G57,2009,Tsme,7.79,39.0,n,,,,,,,,,,,,,,,,,,,,,,,,,,,,,,,,,,
AR07,G57,2009,Tsme,4.75,52.3,n,,,,,,,,,,,,,,,,,,,,,,,,,,,,,,,,,,
AR07,G57,2009,Cano,9.74,52.4,n,,,,,,,,,,,,,,,,,,,,,,,,,,,,,,,,,,
AR07,G57,2009,Tsme,4.89,52.9,n,,,,,,,,,,,,,,,,,,,,,,,,,,,,,,,,,,
AR07,G57,2009,Cano,4.27,54.9,n,,,,,,,,,,,,,,,,,,,,,,,,,,,,,,,,,,
AR07,G57,2009,Tsme,5.51,60.8,y,,,,,,,,,,,,,,,,,,,,,,,,,,,,,,,,,,
AR07,G57,2009,Tsme,6.39,70.1,y,,,,,,,,,,,,,,,,,,,,,,,,,,,,,,,,,,
AR07,G57,2009,Tsme,8.22,108.3,y,,,,,,,,,,,,,,,,,,,,,,,,,,,,,,,,,,
AR07,G58,2009,Abam,6.57,21.4,n,,,,,,,,,,,,,,,,,,,,,,,,,,,,,,,,,,
AR07,G58,2009,Cano,9.2,36.2,n,,,,,,,,,,,,,,,,,,,,,,,,,,,,,,,,,,
AR07,G58,2009,Cano,7.65,44.1,n,,,,,,,,,,,,,,,,,,,,,,,,,,,,,,,,,,
AR07,G58,2009,Abam,9.64,45.1,n,,,,,,,,,,,,,,,,,,,,,,,,,,,,,,,,,,
AR07,G58,2009,Abam,3.51,46.6,n,,,,,,,,,,,,,,,,,,,,,,,,,,,,,,,,,,
AR07,G58,2009,Cano,4.73,51.7,n,G41,,,,,,,,,,,,,,,,,,,,,,,,,,,,,,,,,
AR07,G58,2009,Abam,8.85,59.6,y,,,,,,,,,,,,,,,,,,,,,,,,,,,,,,,,,,
AR07,G58,2009,Abam,5,63.2,y,,,,,,,,,,,,,,,,,,,,,,,,,,,,,,,,,,
AR07,G58,2009,Abam,8.87,64.8,y,,,,,,,,,,,,,,,,,,,,,,,,,,,,,,,,,,
AR07,G58,2009,Cano,5.71,67.5,n,,,,,,,,,,,,,,,,,,,,,,,,,,,,,,,,,,
AR07,G58,2009,Abam,8.77,77.4,y,,,,,,,,,,,,,,,,,,,,,,,,,,,,,,,,,,
AR07,G58,2009,Tsme,6.11,94.6,n,2 trunks,,,,,,,,,,,,,,,,,,,,,,,,,,,,,,,,,
AR07,G59,2009,Tsme,8.48,14.4,n,,,,,,,,,,,,,,,,,,,,,,,,,,,,,,,,,,
AR07,G59,2009,Tsme,7.87,18.5,n,,,,,,,,,,,,,,,,,,,,,,,,,,,,,,,,,,
AR07,G59,2009,Tsme,5.62,24.8,n,,,,,,,,,,,,,,,,,,,,,,,,,,,,,,,,,,
AR07,G59,2009,Cano,8.72,34.2,n,,,,,,,,,,,,,,,,,,,,,,,,,,,,,,,,,,
AR07,G59,2009,Cano,8.79,39.0,n,,,,,,,,,,,,,,,,,,,,,,,,,,,,,,,,,,
AR07,G59,2009,Tsme,4.36,53.4,n,,,,,,,,,,,,,,,,,,,,,,,,,,,,,,,,,,
AR07,G59,2009,Abam,4,61.0,y,,,,,,,,,,,,,,,,,,,,,,,,,,,,,,,,,,
AR07,G59,2009,Tsme,6.9,76.3,y,,,,,,,,,,,,,,,,,,,,,,,,,,,,,,,,,,
AR07,G59,2009,Abam,8.98,78.4,y,,,,,,,,,,,,,,,,,,,,,,,,,,,,,,,,,,
AR07,G6,2008,Abam,8.19,10.3,n,,,,,,,,,,,,,,,,,,,,,,,,,,,,,,,,,,
AR07,G6,2008,Abam,9.14,10.3,n,,,,,,,,,,,,,,,,,,,,,,,,,,,,,,,,,,
AR07,G6,2008,Abam,9.06,12.0,n,,,,,,,,,,,,,,,,,,,,,,,,,,,,,,,,,,
AR07,G6,2008,Abam,0.82,15.5,n,,,,,,,,,,,,,,,,,,,,,,,,,,,,,,,,,,
AR07,G6,2008,Abam,6.58,18.2,n,,,,,,,,,,,,,,,,,,,,,,,,,,,,,,,,,,
AR07,G6,2008,Abam,7.98,18.3,n,,,,,,,,,,,,,,,,,,,,,,,,,,,,,,,,,,
AR07,G6,2008,Abam,8.83,24.3,n,,,,,,,,,,,,,,,,,,,,,,,,,,,,,,,,,,
AR07,G6,2008,Abam,6.91,26.2,n,,,,,,,,,,,,,,,,,,,,,,,,,,,,,,,,,,
AR07,G6,2008,Tsme,2.46,26.5,n,,,,,,,,,,,,,,,,,,,,,,,,,,,,,,,,,,
AR07,G6,2008,Abam,2.07,26.7,n,,,,,,,,,,,,,,,,,,,,,,,,,,,,,,,,,,
AR07,G6,2008,Abam,6.6,35.4,y,,,,,,,,,,,,,,,,,,,,,,,,,,,,,,,,,,
AR07,G6,2008,Cano,6.19,37.6,n,,,,,,,,,,,,,,,,,,,,,,,,,,,,,,,,,,
AR07,G6,2008,Cano,0.46,38.9,y,,,,,,,,,,,,,,,,,,,,,,,,,,,,,,,,,,
AR07,G6,2008,Cano,7.18,42.2,n,,,,,,,,,,,,,,,,,,,,,,,,,,,,,,,,,,
AR07,G6,2008,Cano,5.6,43.4,y,,,,,,,,,,,,,,,,,,,,,,,,,,,,,,,,,,
AR07,G6,2008,Cano,6.02,44.5,y,,,,,,,,,,,,,,,,,,,,,,,,,,,,,,,,,,
AR07,G6,2008,Tsme,5.45,49.5,y,,,,,,,,,,,,,,,,,,,,,,,,,,,,,,,,,,
AR07,G6,2008,Abam,7.58,51.5,y,,,,,,,,,,,,,,,,,,,,,,,,,,,,,,,,,,
AR07,G6,2008,Cano,0.2,52.6,y,,,,,,,,,,,,,,,,,,,,,,,,,,,,,,,,,,
AR07,G6,2008,Abam,6.27,59.5,y,,,,,,,,,,,,,,,,,,,,,,,,,,,,,,,,,,
AR07,G6,2008,Tsme,4.59,63.5,y,,,,,,,,,,,,,,,,,,,,,,,,,,,,,,,,,,
AR07,G60,2009,Cano,9.48,16.1,n,,,,,,,,,,,,,,,,,,,,,,,,,,,,,,,,,,
AR07,G60,2009,Abam,3.26,18.8,n,,,,,,,,,,,,,,,,,,,,,,,,,,,,,,,,,,
AR07,G60,2009,Tsme,4.91,27.3,n,,,,,,,,,,,,,,,,,,,,,,,,,,,,,,,,,,
AR07,G60,2009,Cano,9.58,31.9,n,,,,,,,,,,,,,,,,,,,,,,,,,,,,,,,,,,
AR07,G60,2009,Abam,3.22,38.2,n,,,,,,,,,,,,,,,,,,,,,,,,,,,,,,,,,,
AR07,G60,2009,Abam,5.21,45.6,n,,,,,,,,,,,,,,,,,,,,,,,,,,,,,,,,,,
AR07,G60,2009,Abam,6.87,47.3,n,,,,,,,,,,,,,,,,,,,,,,,,,,,,,,,,,,
AR07,G60,2009,Abam,6.52,52.5,n,,,,,,,,,,,,,,,,,,,,,,,,,,,,,,,,,,
AR07,G60,2009,Abam,6.51,53.3,n,,,,,,,,,,,,,,,,,,,,,,,,,,,,,,,,,,
AR07,G60,2009,Abam,9.53,56.4,n,,,,,,,,,,,,,,,,,,,,,,,,,,,,,,,,,,
AR07,G60,2009,Tsme,6.46,61.9,n,,,,,,,,,,,,,,,,,,,,,,,,,,,,,,,,,,
AR07,G60,2009,Cano,9.72,66.2,n,,,,,,,,,,,,,,,,,,,,,,,,,,,,,,,,,,
AR07,G60,2009,Tshe,7.11,99.0,y,,,,,,,,,,,,,,,,,,,,,,,,,,,,,,,,,,
AR07,G61,2009,Abam,4.94,23.8,n,,,,,,,,,,,,,,,,,,,,,,,,,,,,,,,,,,
AR07,G61,2009,Abam,6.85,29.1,n,,,,,,,,,,,,,,,,,,,,,,,,,,,,,,,,,,
AR07,G61,2009,Cano,4.19,45.6,n,,,,,,,,,,,,,,,,,,,,,,,,,,,,,,,,,,
AR07,G61,2009,Abam,7.36,48.1,y,,,,,,,,,,,,,,,,,,,,,,,,,,,,,,,,,,
AR07,G61,2009,Abam,8.04,49.1,n,,,,,,,,,,,,,,,,,,,,,,,,,,,,,,,,,,
AR07,G61,2009,Abam,9.11,56.3,y,,,,,,,,,,,,,,,,,,,,,,,,,,,,,,,,,,
AR07,G61,2009,Abam,8.8,63.6,y,in stand,,,,,,,,,,,,,,,,,,,,,,,,,,,,,,,,,
AR07,G61,2009,Cano,8.61,63.8,n,in stand,,,,,,,,,,,,,,,,,,,,,,,,,,,,,,,,,
AR07,G61,2009,Cano,5.08,64.8,n,in stand,,,,,,,,,,,,,,,,,,,,,,,,,,,,,,,,,
AR07,G61,2009,Cano,8.58,74.1,n,in stand,,,,,,,,,,,,,,,,,,,,,,,,,,,,,,,,,
AR07,G61,2009,Cano,9.52,74.5,n,,,,,,,,,,,,,,,,,,,,,,,,,,,,,,,,,,
AR07,G61,2009,Cano,5.45,75.4,n,,,,,,,,,,,,,,,,,,,,,,,,,,,,,,,,,,
AR07,G61,2009,Cano,4.37,86.0,y,,,,,,,,,,,,,,,,,,,,,,,,,,,,,,,,,,
AR07,G62,2009,Cano,9.12,10.2,n,,,,,,,,,,,,,,,,,,,,,,,,,,,,,,,,,,
AR07,G62,2009,Cano,9.94,13.6,n,,,,,,,,,,,,,,,,,,,,,,,,,,,,,,,,,,
AR07,G62,2009,Tsme,8.76,16.1,n,,,,,,,,,,,,,,,,,,,,,,,,,,,,,,,,,,
AR07,G62,2009,Abam,9.68,34.1,n,,,,,,,,,,,,,,,,,,,,,,,,,,,,,,,,,,
AR07,G62,2009,Cano,3.13,48.6,n,,,,,,,,,,,,,,,,,,,,,,,,,,,,,,,,,,
AR07,G62,2009,Tsme,2.58,49.5,n,,,,,,,,,,,,,,,,,,,,,,,,,,,,,,,,,,
AR07,G62,2009,Cano,0.73,51.4,n,,,,,,,,,,,,,,,,,,,,,,,,,,,,,,,,,,
AR07,G62,2009,Abam,8.1,61.0,y,,,,,,,,,,,,,,,,,,,,,,,,,,,,,,,,,,
AR07,G62,2009,Abam,9.96,76.1,y,,,,,,,,,,,,,,,,,,,,,,,,,,,,,,,,,,
AR07,G62,2009,Abam,7.33,90.8,y,2 trunks,,,,,,,,,,,,,,,,,,,,,,,,,,,,,,,,,
AR07,G7,2008,Tsme,8.66,10.0,n,,,,,,,,,,,,,,,,,,,,,,,,,,,,,,,,,,
AR07,G7,2008,Abam,6.72,10.3,n,,,,,,,,,,,,,,,,,,,,,,,,,,,,,,,,,,
AR07,G7,2008,Abam,4,12.0,n,,,,,,,,,,,,,,,,,,,,,,,,,,,,,,,,,,
AR07,G7,2008,Abam,9.66,12.3,n,,,,,,,,,,,,,,,,,,,,,,,,,,,,,,,,,,
AR07,G7,2008,Abam,5.2,15.5,n,,,,,,,,,,,,,,,,,,,,,,,,,,,,,,,,,,
AR07,G7,2008,Abam,6.52,18.3,n,,,,,,,,,,,,,,,,,,,,,,,,,,,,,,,,,,
AR07,G7,2008,Abam,6.74,26.2,n,,,,,,,,,,,,,,,,,,,,,,,,,,,,,,,,,,
AR07,G7,2008,Tsme,6.24,26.5,n,,,,,,,,,,,,,,,,,,,,,,,,,,,,,,,,,,
AR07,G7,2008,Abam,1.98,26.7,n,,,,,,,,,,,,,,,,,,,,,,,,,,,,,,,,,,
AR07,G7,2008,Cano,5.73,32.6,n,,,,,,,,,,,,,,,,,,,,,,,,,,,,,,,,,,
AR07,G7,2008,Cano,4.18,38.9,y,,,,,,,,,,,,,,,,,,,,,,,,,,,,,,,,,,
AR07,G7,2008,Cano,9.63,40.3,y,,,,,,,,,,,,,,,,,,,,,,,,,,,,,,,,,,
AR07,G7,2008,Cano,5.23,43.4,y,,,,,,,,,,,,,,,,,,,,,,,,,,,,,,,,,,
AR07,G7,2008,Cano,1.67,44.5,y,,,,,,,,,,,,,,,,,,,,,,,,,,,,,,,,,,
AR07,G7,2008,Cano,9.62,44.7,y,,,,,,,,,,,,,,,,,,,,,,,,,,,,,,,,,,
AR07,G7,2008,Tsme,1.51,49.5,y,,,,,,,,,,,,,,,,,,,,,,,,,,,,,,,,,,
AR07,G7,2008,Cano,4.79,52.6,y,,,,,,,,,,,,,,,,,,,,,,,,,,,,,,,,,,
AR07,G7,2008,Tsme,8.54,55.0,y,,,,,,,,,,,,,,,,,,,,,,,,,,,,,,,,,,
AR07,G7,2008,Abam,4.59,57.5,y,G6,,,,,,,,,,,,,,,,,,,,,,,,,,,,,,,,,
AR07,G7,2008,Abam,6.25,59.5,y,,,,,,,,,,,,,,,,,,,,,,,,,,,,,,,,,,
AR07,G7,2008,Cano,6.84,71.8,n,,,,,,,,,,,,,,,,,,,,,,,,,,,,,,,,,,
AR07,G7,2008,Abam,8.39,72.5,y,,,,,,,,,,,,,,,,,,,,,,,,,,,,,,,,,,
AR07,G7,2008,Abam,7.46,103.0,n,,,,,,,,,,,,,,,,,,,,,,,,,,,,,,,,,,
AR07,G7,2008,Abam,8.4,515.0,y,,,,,,,,,,,,,,,,,,,,,,,,,,,,,,,,,,
AR07,G8,2008,Abam,6.12,10.0,n,,,,,,,,,,,,,,,,,,,,,,,,,,,,,,,,,,
AR07,G8,2008,Abam,3.77,10.5,n,,,,,,,,,,,,,,,,,,,,,,,,,,,,,,,,,,
AR07,G8,2008,Abam,1.53,11.8,n,,,,,,,,,,,,,,,,,,,,,,,,,,,,,,,,,,
AR07,G8,2008,Abam,4.04,12.0,n,,,,,,,,,,,,,,,,,,,,,,,,,,,,,,,,,,
AR07,G8,2008,Abam,7.87,12.1,n,,,,,,,,,,,,,,,,,,,,,,,,,,,,,,,,,,
AR07,G8,2008,Abam,3.8,12.7,n,,,,,,,,,,,,,,,,,,,,,,,,,,,,,,,,,,
AR07,G8,2008,Abam,2.63,16.7,n,,,,,,,,,,,,,,,,,,,,,,,,,,,,,,,,,,
AR07,G8,2008,Abam,1.11,21.0,n,,,,,,,,,,,,,,,,,,,,,,,,,,,,,,,,,,
AR07,G8,2008,Cano,6.16,22.0,n,,,,,,,,,,,,,,,,,,,,,,,,,,,,,,,,,,
AR07,G8,2008,Cano,0.67,24.5,n,,,,,,,,,,,,,,,,,,,,,,,,,,,,,,,,,,
AR07,G8,2008,Abam,6.61,26.5,n,,,,,,,,,,,,,,,,,,,,,,,,,,,,,,,,,,
AR07,G8,2008,Cano,7.7,26.6,n,,,,,,,,,,,,,,,,,,,,,,,,,,,,,,,,,,
AR07,G8,2008,Abam,6.35,30.2,n,,,,,,,,,,,,,,,,,,,,,,,,,,,,,,,,,,
AR07,G8,2008,Cano,0.73,30.9,y,,,,,,,,,,,,,,,,,,,,,,,,,,,,,,,,,,
AR07,G8,2008,Abam,6.04,31.1,y,,,,,,,,,,,,,,,,,,,,,,,,,,,,,,,,,,
AR07,G8,2008,Cano,6,39.0,y,,,,,,,,,,,,,,,,,,,,,,,,,,,,,,,,,,
AR07,G8,2008,Abam,9.93,39.6,y,,,,,,,,,,,,,,,,,,,,,,,,,,,,,,,,,,
AR07,G8,2008,Abam,7.39,41.9,y,,,,,,,,,,,,,,,,,,,,,,,,,,,,,,,,,,
AR07,G8,2008,Tsme,9.64,42.9,n,,,,,,,,,,,,,,,,,,,,,,,,,,,,,,,,,,
AR07,G8,2008,Cano,3.24,45.4,y,,,,,,,,,,,,,,,,,,,,,,,,,,,,,,,,,,
AR07,G8,2008,Tsme,8.2,50.3,y,,,,,,,,,,,,,,,,,,,,,,,,,,,,,,,,,,
AR07,G8,2008,Tsme,9.89,52.0,y,,,,,,,,,,,,,,,,,,,,,,,,,,,,,,,,,,
AR07,G8,2008,Tsme,8.74,52.5,y,,,,,,,,,,,,,,,,,,,,,,,,,,,,,,,,,,
AR07,G8,2008,Tsme,4.51,74.4,y,,,,,,,,,,,,,,,,,,,,,,,,,,,,,,,,,,
AR07,G8,2008,Tsme,9.72,78.4,y,,,,,,,,,,,,,,,,,,,,,,,,,,,,,,,,,,
AR07,G8,2008,Tsme,9.78,90.8,y,,,,,,,,,,,,,,,,,,,,,,,,,,,,,,,,,,
AR07,G9,2008,Abam,7.66,10.1,n,,,,,,,,,,,,,,,,,,,,,,,,,,,,,,,,,,
AR07,G9,2008,Abam,9.31,10.2,n,,,,,,,,,,,,,,,,,,,,,,,,,,,,,,,,,,
AR07,G9,2008,Abam,5.05,11.1,n,,,,,,,,,,,,,,,,,,,,,,,,,,,,,,,,,,
AR07,G9,2008,Abam,5.78,11.1,n,,,,,,,,,,,,,,,,,,,,,,,,,,,,,,,,,,
AR07,G9,2008,Abam,5,11.6,n,,,,,,,,,,,,,,,,,,,,,,,,,,,,,,,,,,
AR07,G9,2008,Abam,7.74,13.5,n,,,,,,,,,,,,,,,,,,,,,,,,,,,,,,,,,,
AR07,G9,2008,Abam,9.8,17.3,n,,,,,,,,,,,,,,,,,,,,,,,,,,,,,,,,,,
AR07,G9,2008,Abam,7.29,18.1,n,,,,,,,,,,,,,,,,,,,,,,,,,,,,,,,,,,
AR07,G9,2008,Abam,6.15,21.6,n,,,,,,,,,,,,,,,,,,,,,,,,,,,,,,,,,,
AR07,G9,2008,Abam,9.1,22.2,n,,,,,,,,,,,,,,,,,,,,,,,,,,,,,,,,,,
AR07,G9,2008,Abam,6.13,23.4,n,,,,,,,,,,,,,,,,,,,,,,,,,,,,,,,,,,
AR07,G9,2008,Cano,5.47,26.5,n,,,,,,,,,,,,,,,,,,,,,,,,,,,,,,,,,,
AR07,G9,2008,Cano,9.44,27.2,n,,,,,,,,,,,,,,,,,,,,,,,,,,,,,,,,,,
AR07,G9,2008,Cano,5.14,28.0,n,,,,,,,,,,,,,,,,,,,,,,,,,,,,,,,,,,
AR07,G9,2008,Cano,4.72,30.5,n,,,,,,,,,,,,,,,,,,,,,,,,,,,,,,,,,,
AR07,G9,2008,Cano,8.32,31.3,n,,,,,,,,,,,,,,,,,,,,,,,,,,,,,,,,,,
AR07,G9,2008,Cano,4.87,32.2,n,,,,,,,,,,,,,,,,,,,,,,,,,,,,,,,,,,
AR07,G9,2008,Cano,4.3,34.0,n,,,,,,,,,,,,,,,,,,,,,,,,,,,,,,,,,,
AR07,G9,2008,Cano,5.59,35.2,y,,,,,,,,,,,,,,,,,,,,,,,,,,,,,,,,,,
AR07,G9,2008,Cano,9.75,35.3,n,,,,,,,,,,,,,,,,,,,,,,,,,,,,,,,,,,
AR07,G9,2008,Abam,5.61,46.5,y,,,,,,,,,,,,,,,,,,,,,,,,,,,,,,,,,,
AR07,G9,2008,Cano,6.74,48.3,y,,,,,,,,,,,,,,,,,,,,,,,,,,,,,,,,,,
AR07,G9,2008,Tsme,5.92,51.3,y,,,,,,,,,,,,,,,,,,,,,,,,,,,,,,,,,,
AR07,G9,2008,Tsme,6.61,51.6,y,,,,,,,,,,,,,,,,,,,,,,,,,,,,,,,,,,
AR07,G9,2008,Abam,8.66,61.0,y,,,,,,,,,,,,,,,,,,,,,,,,,,,,,,,,,,
AR07,G9,2008,Tsme,1.62,72.0,y,,,,,,,,,,,,,,,,,,,,,,,,,,,,,,,,,,
AR07,G9,2008,Tsme,9.3,117.5,y,,,,,,,,,,,,,,,,,,,,,,,,,,,,,,,,,,
AM16,H1,2008,Abam,2.85,11.0,n,,,,,,,,,,,,,,,,,,,,,,,,,,,,,,,,,,
AM16,H1,2008,Abam,8.8,13.1,n,,,,,,,,,,,,,,,,,,,,,,,,,,,,,,,,,,
AM16,H1,2008,Abam,7.77,13.4,n,,,,,,,,,,,,,,,,,,,,,,,,,,,,,,,,,,
AM16,H1,2008,Abam,7.63,13.7,n,,,,,,,,,,,,,,,,,,,,,,,,,,,,,,,,,,
AM16,H1,2008,Abam,8.3,14.2,n,,,,,,,,,,,,,,,,,,,,,,,,,,,,,,,,,,
AM16,H1,2008,Abam,4.71,15.3,n,,,,,,,,,,,,,,,,,,,,,,,,,,,,,,,,,,
AM16,H1,2008,Abam,9.6,15.3,n,,,,,,,,,,,,,,,,,,,,,,,,,,,,,,,,,,
AM16,H1,2008,Abam,5.04,15.9,n,,,,,,,,,,,,,,,,,,,,,,,,,,,,,,,,,,
AM16,H1,2008,Abam,8.99,15.9,n,,,,,,,,,,,,,,,,,,,,,,,,,,,,,,,,,,
AM16,H1,2008,Cano,2.19,18.0,n,,,,,,,,,,,,,,,,,,,,,,,,,,,,,,,,,,
AM16,H1,2008,Abam,4.79,19.3,n,,,,,,,,,,,,,,,,,,,,,,,,,,,,,,,,,,
AM16,H1,2008,Abam,8.33,21.1,n,,,,,,,,,,,,,,,,,,,,,,,,,,,,,,,,,,
AM16,H1,2008,Abam,1.04,21.6,n,,,,,,,,,,,,,,,,,,,,,,,,,,,,,,,,,,
AM16,H1,2008,Abam,7.72,22.5,n,,,,,,,,,,,,,,,,,,,,,,,,,,,,,,,,,,
AM16,H1,2008,Abam,6.97,22.8,n,,,,,,,,,,,,,,,,,,,,,,,,,,,,,,,,,,
AM16,H1,2008,Abam,9.45,26.3,n,,,,,,,,,,,,,,,,,,,,,,,,,,,,,,,,,,
AM16,H1,2008,Abam,2.53,27.1,n,,,,,,,,,,,,,,,,,,,,,,,,,,,,,,,,,,
AM16,H1,2008,Abam,1.5,28.4,n,,,,,,,,,,,,,,,,,,,,,,,,,,,,,,,,,,
AM16,H1,2008,Abam,7.72,28.4,n,,,,,,,,,,,,,,,,,,,,,,,,,,,,,,,,,,
AM16,H1,2008,Abam,7.38,31.2,n,,,,,,,,,,,,,,,,,,,,,,,,,,,,,,,,,,
AM16,H1,2008,Abam,8.9,36.5,y,,,,,,,,,,,,,,,,,,,,,,,,,,,,,,,,,,
AM16,H1,2008,Abam,7.78,38.4,y,,,,,,,,,,,,,,,,,,,,,,,,,,,,,,,,,,
AM16,H1,2008,Abam,8.91,40.2,y,,,,,,,,,,,,,,,,,,,,,,,,,,,,,,,,,,
AM16,H1,2008,Abam,8.32,50.4,y,,,,,,,,,,,,,,,,,,,,,,,,,,,,,,,,,,
AM16,H1,2008,Abam,4.84,52.5,y,,,,,,,,,,,,,,,,,,,,,,,,,,,,,,,,,,
AM16,H10,2008,Tsme,6.78,10.3,n,,,,,,,,,,,,,,,,,,,,,,,,,,,,,,,,,,
AM16,H10,2008,Tshe,5.87,13.7,n,,,,,,,,,,,,,,,,,,,,,,,,,,,,,,,,,,
AM16,H10,2008,Tsme,4.09,21.6,n,H11,,,,,,,,,,,,,,,,,,,,,,,,,,,,,,,,,
AM16,H10,2008,Tsme,7.18,26.0,n,,,,,,,,,,,,,,,,,,,,,,,,,,,,,,,,,,
AM16,H10,2008,Abam,9.07,34.4,n,,,,,,,,,,,,,,,,,,,,,,,,,,,,,,,,,,
AM16,H10,2008,Abam,9.6,36.7,y,,,,,,,,,,,,,,,,,,,,,,,,,,,,,,,,,,
AM16,H10,2008,Abam,3.1,40.0,y,,,,,,,,,,,,,,,,,,,,,,,,,,,,,,,,,,
AM16,H10,2008,Tsme,8.01,42.7,n,,,,,,,,,,,,,,,,,,,,,,,,,,,,,,,,,,
AM16,H10,2008,Cano,8.38,43.5,y,,,,,,,,,,,,,,,,,,,,,,,,,,,,,,,,,,
AM16,H10,2008,Cano,9.41,55.3,y,,,,,,,,,,,,,,,,,,,,,,,,,,,,,,,,,,
AM16,H10,2008,Cano,9.17,59.8,y,,,,,,,,,,,,,,,,,,,,,,,,,,,,,,,,,,
AM16,H10,2008,Tshe,4.5,93.9,y,,,,,,,,,,,,,,,,,,,,,,,,,,,,,,,,,,
AM16,H10,2008,Tshe,7.06,110.2,y,,,,,,,,,,,,,,,,,,,,,,,,,,,,,,,,,,
AM16,H11,2008,Tshe,5.81,10.0,n,,,,,,,,,,,,,,,,,,,,,,,,,,,,,,,,,,
AM16,H11,2008,Tshe,5.83,13.9,n,,,,,,,,,,,,,,,,,,,,,,,,,,,,,,,,,,
AM16,H11,2008,Tshe,6.46,17.5,n,,,,,,,,,,,,,,,,,,,,,,,,,,,,,,,,,,
AM16,H11,2008,Tsme,3.71,21.6,n,,,,,,,,,,,,,,,,,,,,,,,,,,,,,,,,,,
AM16,H11,2008,Tsme,7.13,26.0,n,,,,,,,,,,,,,,,,,,,,,,,,,,,,,,,,,,
AM16,H11,2008,Tsme,2.44,42.7,n,,,,,,,,,,,,,,,,,,,,,,,,,,,,,,,,,,
AM16,H11,2008,Cano,7.81,55.3,y,,,,,,,,,,,,,,,,,,,,,,,,,,,,,,,,,,
AM16,H11,2008,Tsme,5.74,55.4,y,,,,,,,,,,,,,,,,,,,,,,,,,,,,,,,,,,
AM16,H11,2008,Abam,2.47,55.7,y,,,,,,,,,,,,,,,,,,,,,,,,,,,,,,,,,,
AM16,H11,2008,Cano,3.56,59.8,y,H9,,,,,,,,,,,,,,,,,,,,,,,,,,,,,,,,,
AM16,H11,2008,Tshe,6.09,93.9,y,,,,,,,,,,,,,,,,,,,,,,,,,,,,,,,,,,
AM16,H12,2008,Tsme,8.3,12.0,n,,,,,,,,,,,,,,,,,,,,,,,,,,,,,,,,,,
AM16,H12,2008,Cano,7.08,12.2,n,,,,,,,,,,,,,,,,,,,,,,,,,,,,,,,,,,
AM16,H12,2008,Abam,8.47,12.7,n,,,,,,,,,,,,,,,,,,,,,,,,,,,,,,,,,,
AM16,H12,2008,Abam,9.08,13.5,n,,,,,,,,,,,,,,,,,,,,,,,,,,,,,,,,,,
AM16,H12,2008,Tshe,7.44,13.8,n,,,,,,,,,,,,,,,,,,,,,,,,,,,,,,,,,,
AM16,H12,2008,Tshe,9.38,14.6,n,,,,,,,,,,,,,,,,,,,,,,,,,,,,,,,,,,
AM16,H12,2008,Cano,7.21,17.0,n,,,,,,,,,,,,,,,,,,,,,,,,,,,,,,,,,,
AM16,H12,2008,Abam,8.71,18.8,n,,,,,,,,,,,,,,,,,,,,,,,,,,,,,,,,,,
AM16,H12,2008,Cano,5.09,19.5,n,,,,,,,,,,,,,,,,,,,,,,,,,,,,,,,,,,
AM16,H12,2008,Abam,9.57,21.2,n,,,,,,,,,,,,,,,,,,,,,,,,,,,,,,,,,,
AM16,H12,2008,Abam,9.83,23.2,n,,,,,,,,,,,,,,,,,,,,,,,,,,,,,,,,,,
AM16,H12,2008,Abam,0.67,28.8,n,,,,,,,,,,,,,,,,,,,,,,,,,,,,,,,,,,
AM16,H12,2008,Abam,9.68,35.6,n,,,,,,,,,,,,,,,,,,,,,,,,,,,,,,,,,,
AM16,H12,2008,Abam,9.56,47.7,n,,,,,,,,,,,,,,,,,,,,,,,,,,,,,,,,,,
AM16,H12,2008,Abam,5.8,51.3,y,,,,,,,,,,,,,,,,,,,,,,,,,,,,,,,,,,
AM16,H12,2008,Cano,4.6,54.4,y,,,,,,,,,,,,,,,,,,,,,,,,,,,,,,,,,,
AM16,H12,2008,Cano,8.75,55.1,y,,,,,,,,,,,,,,,,,,,,,,,,,,,,,,,,,,
AM16,H12,2008,Abam,8.54,55.8,y,,,,,,,,,,,,,,,,,,,,,,,,,,,,,,,,,,
AM16,H12,2008,Cano,8.12,100.4,y,,,,,,,,,,,,,,,,,,,,,,,,,,,,,,,,,,
AM16,H13,2008,Abam,0.81,10.2,n,,,,,,,,,,,,,,,,,,,,,,,,,,,,,,,,,,
AM16,H13,2008,Abam,4.05,10.5,n,,,,,,,,,,,,,,,,,,,,,,,,,,,,,,,,,,
AM16,H13,2008,Abam,4.48,10.5,n,,,,,,,,,,,,,,,,,,,,,,,,,,,,,,,,,,
AM16,H13,2008,Abam,4.72,11.0,n,,,,,,,,,,,,,,,,,,,,,,,,,,,,,,,,,,
AM16,H13,2008,Abam,3.74,16.4,n,,,,,,,,,,,,,,,,,,,,,,,,,,,,,,,,,,
AM16,H13,2008,Abam,3.33,25.4,n,,,,,,,,,,,,,,,,,,,,,,,,,,,,,,,,,,
AM16,H13,2008,Abam,4.1,27.2,n,,,,,,,,,,,,,,,,,,,,,,,,,,,,,,,,,,
AM16,H13,2008,Abam,7.33,32.7,n,,,,,,,,,,,,,,,,,,,,,,,,,,,,,,,,,,
AM16,H13,2008,Cano,8.98,54.4,n,,,,,,,,,,,,,,,,,,,,,,,,,,,,,,,,,,
AM16,H13,2008,Abam,0.83,57.2,y,,,,,,,,,,,,,,,,,,,,,,,,,,,,,,,,,,
AM16,H13,2008,Cano,7.72,77.0,y,,,,,,,,,,,,,,,,,,,,,,,,,,,,,,,,,,
AM16,H13,2008,Tshe,5.39,120.4,y,,,,,,,,,,,,,,,,,,,,,,,,,,,,,,,,,,
AM16,H14,2008,Abam,5.8,10.2,n,,,,,,,,,,,,,,,,,,,,,,,,,,,,,,,,,,
AM16,H14,2008,Abam,8.99,11.4,n,,,,,,,,,,,,,,,,,,,,,,,,,,,,,,,,,,
AM16,H14,2008,Abam,7.52,15.3,n,,,,,,,,,,,,,,,,,,,,,,,,,,,,,,,,,,
AM16,H14,2008,Abam,5.89,23.0,n,,,,,,,,,,,,,,,,,,,,,,,,,,,,,,,,,,
AM16,H14,2008,Tshe,9.87,28.0,n,,,,,,,,,,,,,,,,,,,,,,,,,,,,,,,,,,
AM16,H14,2008,Cano,9.24,28.2,n,,,,,,,,,,,,,,,,,,,,,,,,,,,,,,,,,,
AM16,H14,2008,Tshe,9.98,50.9,y,,,,,,,,,,,,,,,,,,,,,,,,,,,,,,,,,,
AM16,H14,2008,Abam,4.24,57.2,y,,,,,,,,,,,,,,,,,,,,,,,,,,,,,,,,,,
AM16,H14,2008,Cano,5.39,129.6,y,,,,,,,,,,,,,,,,,,,,,,,,,,,,,,,,,,
AM16,H15,2008,Abam,6.26,10.3,n,,,,,,,,,,,,,,,,,,,,,,,,,,,,,,,,,,
AM16,H15,2008,Abam,6.47,10.3,n,,,,,,,,,,,,,,,,,,,,,,,,,,,,,,,,,,
AM16,H15,2008,Abam,8.05,10.4,n,,,,,,,,,,,,,,,,,,,,,,,,,,,,,,,,,,
AM16,H15,2008,Abam,8.87,10.6,n,,,,,,,,,,,,,,,,,,,,,,,,,,,,,,,,,,
AM16,H15,2008,Abam,9.89,10.9,n,,,,,,,,,,,,,,,,,,,,,,,,,,,,,,,,,,
AM16,H15,2008,Abam,0.81,11.2,n,,,,,,,,,,,,,,,,,,,,,,,,,,,,,,,,,,
AM16,H15,2008,Abam,0.81,11.2,n,,,,,,,,,,,,,,,,,,,,,,,,,,,,,,,,,,
AM16,H15,2008,Abam,4.03,11.6,n,,,,,,,,,,,,,,,,,,,,,,,,,,,,,,,,,,
AM16,H15,2008,Abam,3.57,13.5,n,,,,,,,,,,,,,,,,,,,,,,,,,,,,,,,,,,
AM16,H15,2008,Abam,6.85,14.0,n,,,,,,,,,,,,,,,,,,,,,,,,,,,,,,,,,,
AM16,H15,2008,Abam,8.45,15.9,n,,,,,,,,,,,,,,,,,,,,,,,,,,,,,,,,,,
AM16,H15,2008,Abam,6.24,16.8,n,,,,,,,,,,,,,,,,,,,,,,,,,,,,,,,,,,
AM16,H15,2008,Abam,6.75,25.5,n,,,,,,,,,,,,,,,,,,,,,,,,,,,,,,,,,,
AM16,H15,2008,Abam,8.27,26.9,n,,,,,,,,,,,,,,,,,,,,,,,,,,,,,,,,,,
AM16,H15,2008,Abam,5.94,27.4,n,,,,,,,,,,,,,,,,,,,,,,,,,,,,,,,,,,
AM16,H15,2008,Abam,4.07,33.1,n,,,,,,,,,,,,,,,,,,,,,,,,,,,,,,,,,,
AM16,H15,2008,Tsme,5.8,65.6,y,,,,,,,,,,,,,,,,,,,,,,,,,,,,,,,,,,
AM16,H15,2008,Cano,4.1,77.6,y,,,,,,,,,,,,,,,,,,,,,,,,,,,,,,,,,,
AM16,H15,2008,Tsme,8.96,92.8,y,,,,,,,,,,,,,,,,,,,,,,,,,,,,,,,,,,
AM16,H15,2008,Tshe,5.33,122.4,y,,,,,,,,,,,,,,,,,,,,,,,,,,,,,,,,,,
AM16,H16,2008,Tshe,8.04,10.6,n,,,,,,,,,,,,,,,,,,,,,,,,,,,,,,,,,,
AM16,H16,2008,Abam,8.68,10.8,n,,,,,,,,,,,,,,,,,,,,,,,,,,,,,,,,,,
AM16,H16,2008,Abam,6.11,11.2,n,,,,,,,,,,,,,,,,,,,,,,,,,,,,,,,,,,
AM16,H16,2008,Abam,7.9,12.2,n,,,,,,,,,,,,,,,,,,,,,,,,,,,,,,,,,,
AM16,H16,2008,Abam,8.94,12.2,n,,,,,,,,,,,,,,,,,,,,,,,,,,,,,,,,,,
AM16,H16,2008,Abam,6.4,12.4,n,,,,,,,,,,,,,,,,,,,,,,,,,,,,,,,,,,
AM16,H16,2008,Abam,7.26,12.7,n,,,,,,,,,,,,,,,,,,,,,,,,,,,,,,,,,,
AM16,H16,2008,Abam,9.85,14.0,n,,,,,,,,,,,,,,,,,,,,,,,,,,,,,,,,,,
AM16,H16,2008,Abam,4.79,15.3,n,,,,,,,,,,,,,,,,,,,,,,,,,,,,,,,,,,
AM16,H16,2008,Abam,9.09,15.3,n,,,,,,,,,,,,,,,,,,,,,,,,,,,,,,,,,,
AM16,H16,2008,Abam,7.29,16.0,n,,,,,,,,,,,,,,,,,,,,,,,,,,,,,,,,,,
AM16,H16,2008,Abam,6.89,20.5,n,,,,,,,,,,,,,,,,,,,,,,,,,,,,,,,,,,
AM16,H16,2008,Abam,9.19,20.9,n,,,,,,,,,,,,,,,,,,,,,,,,,,,,,,,,,,
AM16,H16,2008,Abam,6.88,25.1,n,,,,,,,,,,,,,,,,,,,,,,,,,,,,,,,,,,
AM16,H16,2008,Abam,7.92,27.5,n,,,,,,,,,,,,,,,,,,,,,,,,,,,,,,,,,,
AM16,H16,2008,Abam,6.76,28.0,n,,,,,,,,,,,,,,,,,,,,,,,,,,,,,,,,,,
AM16,H16,2008,Cano,5.61,45.8,y,,,,,,,,,,,,,,,,,,,,,,,,,,,,,,,,,,
AM16,H16,2008,Abam,8.31,47.7,y,,,,,,,,,,,,,,,,,,,,,,,,,,,,,,,,,,
AM16,H16,2008,Cano,2.57,58.3,n,,,,,,,,,,,,,,,,,,,,,,,,,,,,,,,,,,
AM16,H16,2008,Tsme,5.56,58.3,y,,,,,,,,,,,,,,,,,,,,,,,,,,,,,,,,,,
AM16,H16,2008,Cano,9.5,59.3,n,,,,,,,,,,,,,,,,,,,,,,,,,,,,,,,,,,
AM16,H16,2008,Cano,5.36,61.2,y,,,,,,,,,,,,,,,,,,,,,,,,,,,,,,,,,,
AM16,H16,2008,Cano,7.74,65.2,y,,,,,,,,,,,,,,,,,,,,,,,,,,,,,,,,,,
AM16,H16,2008,Tsme,7.04,83.6,y,,,,,,,,,,,,,,,,,,,,,,,,,,,,,,,,,,
AM16,H16,2008,Tshe,9.47,100.3,y,,,,,,,,,,,,,,,,,,,,,,,,,,,,,,,,,,
AM16,H17,2008,Abam,9.83,10.8,n,,,,,,,,,,,,,,,,,,,,,,,,,,,,,,,,,,
AM16,H17,2008,Abam,8.98,11.1,n,,,,,,,,,,,,,,,,,,,,,,,,,,,,,,,,,,
AM16,H17,2008,Abam,9.2,12.0,n,,,,,,,,,,,,,,,,,,,,,,,,,,,,,,,,,,
AM16,H17,2008,Abam,3.51,13.0,n,,,,,,,,,,,,,,,,,,,,,,,,,,,,,,,,,,
AM16,H17,2008,Abam,5.59,15.3,n,,,,,,,,,,,,,,,,,,,,,,,,,,,,,,,,,,
AM16,H17,2008,Abam,9.52,16.8,n,,,,,,,,,,,,,,,,,,,,,,,,,,,,,,,,,,
AM16,H17,2008,Abam,6.78,20.8,n,,,,,,,,,,,,,,,,,,,,,,,,,,,,,,,,,,
AM16,H17,2008,Abam,8.18,29.0,n,,,,,,,,,,,,,,,,,,,,,,,,,,,,,,,,,,
AM16,H17,2008,Abam,5.06,40.0,y,,,,,,,,,,,,,,,,,,,,,,,,,,,,,,,,,,
AM16,H17,2008,Abam,8.09,41.5,y,,,,,,,,,,,,,,,,,,,,,,,,,,,,,,,,,,
AM16,H17,2008,Cano,5.99,60.3,y,,,,,,,,,,,,,,,,,,,,,,,,,,,,,,,,,,
AM16,H17,2008,Tshe,6.43,61.2,y,,,,,,,,,,,,,,,,,,,,,,,,,,,,,,,,,,
AM16,H17,2008,Cano,6.09,63.7,y,,,,,,,,,,,,,,,,,,,,,,,,,,,,,,,,,,
AM16,H17,2008,Cano,7.27,65.8,y,,,,,,,,,,,,,,,,,,,,,,,,,,,,,,,,,,
AM16,H17,2008,Tshe,6.95,82.5,y,,,,,,,,,,,,,,,,,,,,,,,,,,,,,,,,,,
AM16,H17,2008,Tshe,6.23,98.1,y,,,,,,,,,,,,,,,,,,,,,,,,,,,,,,,,,,
AM16,H17,2008,Tshe,6.57,108.9,y,,,,,,,,,,,,,,,,,,,,,,,,,,,,,,,,,,
AM16,H18,2008,Abam,2.34,10.2,n,,,,,,,,,,,,,,,,,,,,,,,,,,,,,,,,,,
AM16,H18,2008,Abam,3.35,11.8,n,,,,,,,,,,,,,,,,,,,,,,,,,,,,,,,,,,
AM16,H18,2008,Abam,8.56,12.8,n,,,,,,,,,,,,,,,,,,,,,,,,,,,,,,,,,,
AM16,H18,2008,Abam,9.64,14.6,n,,,,,,,,,,,,,,,,,,,,,,,,,,,,,,,,,,
AM16,H18,2008,Abam,7.39,15.0,n,,,,,,,,,,,,,,,,,,,,,,,,,,,,,,,,,,
AM16,H18,2008,Abam,1.93,15.5,n,,,,,,,,,,,,,,,,,,,,,,,,,,,,,,,,,,
AM16,H18,2008,Abam,8.58,16.1,n,,,,,,,,,,,,,,,,,,,,,,,,,,,,,,,,,,
AM16,H18,2008,Abam,1.66,19.7,n,,,,,,,,,,,,,,,,,,,,,,,,,,,,,,,,,,
AM16,H18,2008,Abam,8.58,23.3,n,,,,,,,,,,,,,,,,,,,,,,,,,,,,,,,,,,
AM16,H18,2008,Cano,8.11,54.6,n,,,,,,,,,,,,,,,,,,,,,,,,,,,,,,,,,,
AM16,H18,2008,Cano,8.6,55.8,n,,,,,,,,,,,,,,,,,,,,,,,,,,,,,,,,,,
AM16,H18,2008,Cano,9.75,56.2,n,,,,,,,,,,,,,,,,,,,,,,,,,,,,,,,,,,
AM16,H18,2008,Cano,2.89,57.6,n,,,,,,,,,,,,,,,,,,,,,,,,,,,,,,,,,,
AM16,H18,2008,Cano,4.07,62.0,y,,,,,,,,,,,,,,,,,,,,,,,,,,,,,,,,,,
AM16,H18,2008,Cano,5.47,68.9,n,,,,,,,,,,,,,,,,,,,,,,,,,,,,,,,,,,
AM16,H18,2008,Tshe,6.46,82.5,y,,,,,,,,,,,,,,,,,,,,,,,,,,,,,,,,,,
AM16,H18,2008,Tshe,5.61,91.9,y,,,,,,,,,,,,,,,,,,,,,,,,,,,,,,,,,,
AM16,H18,2008,Tshe,8.16,95.9,y,,,,,,,,,,,,,,,,,,,,,,,,,,,,,,,,,,
AM16,H18,2008,Tshe,5.9,108.9,y,,,,,,,,,,,,,,,,,,,,,,,,,,,,,,,,,,
AM16,H18,2008,Tshe,8.63,109.6,y,,,,,,,,,,,,,,,,,,,,,,,,,,,,,,,,,,
AM16,H19,2008,Abam,3.77,10.9,n,,,,,,,,,,,,,,,,,,,,,,,,,,,,,,,,,,
AM16,H19,2008,Abam,4.59,11.0,n,,,,,,,,,,,,,,,,,,,,,,,,,,,,,,,,,,
AM16,H19,2008,Abam,9,11.5,n,,,,,,,,,,,,,,,,,,,,,,,,,,,,,,,,,,
AM16,H19,2008,Abam,5.91,11.6,n,,,,,,,,,,,,,,,,,,,,,,,,,,,,,,,,,,
AM16,H19,2008,Abam,4.18,12.4,n,,,,,,,,,,,,,,,,,,,,,,,,,,,,,,,,,,
AM16,H19,2008,Abam,4.19,12.8,n,,,,,,,,,,,,,,,,,,,,,,,,,,,,,,,,,,
AM16,H19,2008,Abam,4.89,16.0,n,,,,,,,,,,,,,,,,,,,,,,,,,,,,,,,,,,
AM16,H19,2008,Abam,9.7,19.8,n,,,,,,,,,,,,,,,,,,,,,,,,,,,,,,,,,,
AM16,H19,2008,Abam,5.24,21.3,n,,,,,,,,,,,,,,,,,,,,,,,,,,,,,,,,,,
AM16,H19,2008,Abam,9.39,24.1,n,,,,,,,,,,,,,,,,,,,,,,,,,,,,,,,,,,
AM16,H19,2008,Abam,6.82,28.9,n,,,,,,,,,,,,,,,,,,,,,,,,,,,,,,,,,,
AM16,H19,2008,Abam,8.34,29.7,n,,,,,,,,,,,,,,,,,,,,,,,,,,,,,,,,,,
AM16,H19,2008,Abam,7.45,33.5,n,,,,,,,,,,,,,,,,,,,,,,,,,,,,,,,,,,
AM16,H19,2008,Abam,4.68,44.1,n,,,,,,,,,,,,,,,,,,,,,,,,,,,,,,,,,,
AM16,H19,2008,Cano,5.67,52.6,n,,,,,,,,,,,,,,,,,,,,,,,,,,,,,,,,,,
AM16,H19,2008,Cano,9.09,56.2,n,,,,,,,,,,,,,,,,,,,,,,,,,,,,,,,,,,
AM16,H19,2008,Cano,9.75,62.5,y,,,,,,,,,,,,,,,,,,,,,,,,,,,,,,,,,,
AM16,H19,2008,Cano,7.88,68.6,y,,,,,,,,,,,,,,,,,,,,,,,,,,,,,,,,,,
AM16,H19,2008,Tshe,8.59,71.1,y,,,,,,,,,,,,,,,,,,,,,,,,,,,,,,,,,,
AM16,H19,2008,Cano,3.58,76.8,n,,,,,,,,,,,,,,,,,,,,,,,,,,,,,,,,,,
AM16,H19,2008,Tshe,9.35,77.8,y,,,,,,,,,,,,,,,,,,,,,,,,,,,,,,,,,,
AM16,H2,2008,Abam,9.2,10.8,n,,,,,,,,,,,,,,,,,,,,,,,,,,,,,,,,,,
AM16,H2,2008,Abam,7.95,11.5,n,,,,,,,,,,,,,,,,,,,,,,,,,,,,,,,,,,
AM16,H2,2008,Abam,6.85,12.4,n,,,,,,,,,,,,,,,,,,,,,,,,,,,,,,,,,,
AM16,H2,2008,Abam,9.41,14.0,n,,,,,,,,,,,,,,,,,,,,,,,,,,,,,,,,,,
AM16,H2,2008,Abam,7.39,15.4,n,,,,,,,,,,,,,,,,,,,,,,,,,,,,,,,,,,
AM16,H2,2008,Abam,2.41,15.7,n,,,,,,,,,,,,,,,,,,,,,,,,,,,,,,,,,,
AM16,H2,2008,Abam,8.72,15.8,n,,,,,,,,,,,,,,,,,,,,,,,,,,,,,,,,,,
AM16,H2,2008,Abam,3.6,17.3,n,,,,,,,,,,,,,,,,,,,,,,,,,,,,,,,,,,
AM16,H2,2008,Abam,6.88,18.4,n,,,,,,,,,,,,,,,,,,,,,,,,,,,,,,,,,,
AM16,H2,2008,Cano,8.25,18.9,n,,,,,,,,,,,,,,,,,,,,,,,,,,,,,,,,,,
AM16,H2,2008,Abam,9.29,19.4,n,,,,,,,,,,,,,,,,,,,,,,,,,,,,,,,,,,
AM16,H2,2008,Abam,9.36,23.1,n,,,,,,,,,,,,,,,,,,,,,,,,,,,,,,,,,,
AM16,H2,2008,Abam,6.74,23.7,n,,,,,,,,,,,,,,,,,,,,,,,,,,,,,,,,,,
AM16,H2,2008,Abam,8.72,25.7,n,,,,,,,,,,,,,,,,,,,,,,,,,,,,,,,,,,
AM16,H2,2008,Abam,3.29,30.1,n,,,,,,,,,,,,,,,,,,,,,,,,,,,,,,,,,,
AM16,H2,2008,Abam,9.16,31.3,n,,,,,,,,,,,,,,,,,,,,,,,,,,,,,,,,,,
AM16,H2,2008,Abam,7.19,36.7,n,,,,,,,,,,,,,,,,,,,,,,,,,,,,,,,,,,
AM16,H2,2008,Abam,9.68,37.9,n,,,,,,,,,,,,,,,,,,,,,,,,,,,,,,,,,,
AM16,H2,2008,Cano,1.75,42.4,y,,,,,,,,,,,,,,,,,,,,,,,,,,,,,,,,,,
AM16,H2,2008,Abam,5.57,54.3,y,,,,,,,,,,,,,,,,,,,,,,,,,,,,,,,,,,
AM16,H2,2008,Cano,9.94,59.6,y,,,,,,,,,,,,,,,,,,,,,,,,,,,,,,,,,,
AM16,H2,2008,Tsme,5.21,78.5,y,,,,,,,,,,,,,,,,,,,,,,,,,,,,,,,,,,
AM16,H20,2008,Abam,6.76,11.2,n,,,,,,,,,,,,,,,,,,,,,,,,,,,,,,,,,,
AM16,H20,2008,Abam,7.74,11.5,n,,,,,,,,,,,,,,,,,,,,,,,,,,,,,,,,,,
AM16,H20,2008,Abam,5.58,11.9,n,,,,,,,,,,,,,,,,,,,,,,,,,,,,,,,,,,
AM16,H20,2008,Abam,7.11,11.9,n,,,,,,,,,,,,,,,,,,,,,,,,,,,,,,,,,,
AM16,H20,2008,Abam,4.6,12.4,n,,,,,,,,,,,,,,,,,,,,,,,,,,,,,,,,,,
AM16,H20,2008,Abam,7.58,12.6,n,,,,,,,,,,,,,,,,,,,,,,,,,,,,,,,,,,
AM16,H20,2008,Abam,8.12,15.4,n,,,,,,,,,,,,,,,,,,,,,,,,,,,,,,,,,,
AM16,H20,2008,Abam,4.39,16.1,n,,,,,,,,,,,,,,,,,,,,,,,,,,,,,,,,,,
AM16,H20,2008,Abam,7.17,21.3,n,,,,,,,,,,,,,,,,,,,,,,,,,,,,,,,,,,
AM16,H20,2008,Abam,8.87,29.6,n,,,,,,,,,,,,,,,,,,,,,,,,,,,,,,,,,,
AM16,H20,2008,Abam,9.66,37.7,n,,,,,,,,,,,,,,,,,,,,,,,,,,,,,,,,,,
AM16,H20,2008,Abam,6.91,51.9,y,,,,,,,,,,,,,,,,,,,,,,,,,,,,,,,,,,
AM16,H20,2008,Cano,3.14,52.0,y,,,,,,,,,,,,,,,,,,,,,,,,,,,,,,,,,,
AM16,H20,2008,Cano,9.03,55.0,y,,,,,,,,,,,,,,,,,,,,,,,,,,,,,,,,,,
AM16,H20,2008,Abam,8.59,57.1,y,,,,,,,,,,,,,,,,,,,,,,,,,,,,,,,,,,
AM16,H20,2008,Cano,9.09,60.1,y,,,,,,,,,,,,,,,,,,,,,,,,,,,,,,,,,,
AM16,H20,2008,Tshe,6.71,120.9,y,,,,,,,,,,,,,,,,,,,,,,,,,,,,,,,,,,
AM16,H21,2008,Abam,4.32,11.5,n,,,,,,,,,,,,,,,,,,,,,,,,,,,,,,,,,,
AM16,H21,2008,Abam,9.65,12.3,n,,,,,,,,,,,,,,,,,,,,,,,,,,,,,,,,,,
AM16,H21,2008,Abam,9.43,12.5,n,,,,,,,,,,,,,,,,,,,,,,,,,,,,,,,,,,
AM16,H21,2008,Abam,9.65,16.7,n,,,,,,,,,,,,,,,,,,,,,,,,,,,,,,,,,,
AM16,H21,2008,Abam,7.28,20.2,n,,,,,,,,,,,,,,,,,,,,,,,,,,,,,,,,,,
AM16,H21,2008,Abam,8.12,23.4,n,,,,,,,,,,,,,,,,,,,,,,,,,,,,,,,,,,
AM16,H21,2008,Abam,7.25,23.9,n,,,,,,,,,,,,,,,,,,,,,,,,,,,,,,,,,,
AM16,H21,2008,Abam,1.26,24.0,n,,,,,,,,,,,,,,,,,,,,,,,,,,,,,,,,,,
AM16,H21,2008,Abam,7.35,24.7,n,,,,,,,,,,,,,,,,,,,,,,,,,,,,,,,,,,
AM16,H21,2008,Abam,3.45,31.9,n,,,,,,,,,,,,,,,,,,,,,,,,,,,,,,,,,,
AM16,H21,2008,Abam,3.87,36.1,n,,,,,,,,,,,,,,,,,,,,,,,,,,,,,,,,,,
AM16,H21,2008,Cano,8.44,55.2,n,,,,,,,,,,,,,,,,,,,,,,,,,,,,,,,,,,
AM16,H21,2008,Abam,8.69,58.5,y,,,,,,,,,,,,,,,,,,,,,,,,,,,,,,,,,,
AM16,H21,2008,Cano,3.43,74.1,y,,,,,,,,,,,,,,,,,,,,,,,,,,,,,,,,,,
AM16,H21,2008,Cano,1.69,76.6,n,,,,,,,,,,,,,,,,,,,,,,,,,,,,,,,,,,
AM16,H21,2008,Tshe,8.82,77.2,y,,,,,,,,,,,,,,,,,,,,,,,,,,,,,,,,,,
AM16,H21,2008,Tshe,4.73,120.5,y,,,,,,,,,,,,,,,,,,,,,,,,,,,,,,,,,,
AM16,H22,2008,Abam,6.05,11.5,n,,,,,,,,,,,,,,,,,,,,,,,,,,,,,,,,,,
AM16,H22,2008,Abam,9.39,12.5,n,,,,,,,,,,,,,,,,,,,,,,,,,,,,,,,,,,
AM16,H22,2008,Abam,8.77,16.7,n,,,,,,,,,,,,,,,,,,,,,,,,,,,,,,,,,,
AM16,H22,2008,Abam,8.12,18.0,n,,,,,,,,,,,,,,,,,,,,,,,,,,,,,,,,,,
AM16,H22,2008,Abam,5.15,20.2,n,,,,,,,,,,,,,,,,,,,,,,,,,,,,,,,,,,
AM16,H22,2008,Abam,7.51,23.9,n,,,,,,,,,,,,,,,,,,,,,,,,,,,,,,,,,,
AM16,H22,2008,Abam,0.2,24.0,n,,,,,,,,,,,,,,,,,,,,,,,,,,,,,,,,,,
AM16,H22,2008,Abam,6.17,24.3,n,,,,,,,,,,,,,,,,,,,,,,,,,,,,,,,,,,
AM16,H22,2008,Abam,8.98,24.7,n,,,,,,,,,,,,,,,,,,,,,,,,,,,,,,,,,,
AM16,H22,2008,Abam,1.39,31.9,n,,,,,,,,,,,,,,,,,,,,,,,,,,,,,,,,,,
AM16,H22,2008,Abam,5.69,36.1,n,,,,,,,,,,,,,,,,,,,,,,,,,,,,,,,,,,
AM16,H22,2008,Cano,8.85,55.2,y,,,,,,,,,,,,,,,,,,,,,,,,,,,,,,,,,,
AM16,H22,2008,Abam,1.69,59.8,y,,,,,,,,,,,,,,,,,,,,,,,,,,,,,,,,,,
AM16,H22,2008,Cano,2.16,76.6,y,H21,,,,,,,,,,,,,,,,,,,,,,,,,,,,,,,,,
AM16,H22,2008,Tshe,6.8,77.2,y,,,,,,,,,,,,,,,,,,,,,,,,,,,,,,,,,,
AM16,H22,2008,Tshe,5.75,120.5,y,,,,,,,,,,,,,,,,,,,,,,,,,,,,,,,,,,
AM16,H23,2008,Abam,7.74,11.6,n,,,,,,,,,,,,,,,,,,,,,,,,,,,,,,,,,,
AM16,H23,2008,Abam,4.53,12.1,n,,,,,,,,,,,,,,,,,,,,,,,,,,,,,,,,,,
AM16,H23,2008,Abam,8.03,12.6,n,,,,,,,,,,,,,,,,,,,,,,,,,,,,,,,,,,
AM16,H23,2008,Abam,0.3,13.0,n,,,,,,,,,,,,,,,,,,,,,,,,,,,,,,,,,,
AM16,H23,2008,Abam,3.16,13.4,n,,,,,,,,,,,,,,,,,,,,,,,,,,,,,,,,,,
AM16,H23,2008,Abam,9.72,17.9,n,,,,,,,,,,,,,,,,,,,,,,,,,,,,,,,,,,
AM16,H23,2008,Abam,4.87,22.9,n,,,,,,,,,,,,,,,,,,,,,,,,,,,,,,,,,,
AM16,H23,2008,Abam,5.42,23.1,n,,,,,,,,,,,,,,,,,,,,,,,,,,,,,,,,,,
AM16,H23,2008,Abam,7.44,23.3,n,,,,,,,,,,,,,,,,,,,,,,,,,,,,,,,,,,
AM16,H23,2008,Abam,4.97,24.7,n,,,,,,,,,,,,,,,,,,,,,,,,,,,,,,,,,,
AM16,H23,2008,Abam,7.08,25.1,n,,,,,,,,,,,,,,,,,,,,,,,,,,,,,,,,,,
AM16,H23,2008,Abam,9.45,37.1,n,,,,,,,,,,,,,,,,,,,,,,,,,,,,,,,,,,
AM16,H23,2008,Cano,1.45,37.4,n,,,,,,,,,,,,,,,,,,,,,,,,,,,,,,,,,,
AM16,H23,2008,Abam,4.22,43.1,n,,,,,,,,,,,,,,,,,,,,,,,,,,,,,,,,,,
AM16,H23,2008,Abam,8.65,54.4,y,,,,,,,,,,,,,,,,,,,,,,,,,,,,,,,,,,
AM16,H23,2008,Tshe,4.82,75.8,y,,,,,,,,,,,,,,,,,,,,,,,,,,,,,,,,,,
AM16,H23,2008,Tshe,9.68,82.5,y,,,,,,,,,,,,,,,,,,,,,,,,,,,,,,,,,,
AM16,H24,2008,Abam,7.57,10.6,n,,,,,,,,,,,,,,,,,,,,,,,,,,,,,,,,,,
AM16,H24,2008,Abam,8.06,10.9,n,,,,,,,,,,,,,,,,,,,,,,,,,,,,,,,,,,
AM16,H24,2008,Abam,8.98,12.2,n,,,,,,,,,,,,,,,,,,,,,,,,,,,,,,,,,,
AM16,H24,2008,Abam,9.18,14.8,n,,,,,,,,,,,,,,,,,,,,,,,,,,,,,,,,,,
AM16,H24,2008,Abam,2.92,15.2,n,,,,,,,,,,,,,,,,,,,,,,,,,,,,,,,,,,
AM16,H24,2008,Abam,3.76,17.6,n,,,,,,,,,,,,,,,,,,,,,,,,,,,,,,,,,,
AM16,H24,2008,Abam,9.24,20.3,n,,,,,,,,,,,,,,,,,,,,,,,,,,,,,,,,,,
AM16,H24,2008,Abam,9.2,21.0,n,,,,,,,,,,,,,,,,,,,,,,,,,,,,,,,,,,
AM16,H24,2008,Abam,7.02,34.2,n,H25,,,,,,,,,,,,,,,,,,,,,,,,,,,,,,,,,
AM16,H24,2008,Abam,3.6,55.6,n,,,,,,,,,,,,,,,,,,,,,,,,,,,,,,,,,,
AM16,H24,2008,Tshe,9.79,61.2,n,,,,,,,,,,,,,,,,,,,,,,,,,,,,,,,,,,
AM16,H24,2008,Tshe,6.63,100.1,y,,,,,,,,,,,,,,,,,,,,,,,,,,,,,,,,,,
AM16,H25,2008,Abam,9.8,10.9,n,,,,,,,,,,,,,,,,,,,,,,,,,,,,,,,,,,
AM16,H25,2008,Abam,5.94,12.6,n,,,,,,,,,,,,,,,,,,,,,,,,,,,,,,,,,,
AM16,H25,2008,Abam,9.47,14.9,n,,,,,,,,,,,,,,,,,,,,,,,,,,,,,,,,,,
AM16,H25,2008,Abam,4.93,15.3,n,,,,,,,,,,,,,,,,,,,,,,,,,,,,,,,,,,
AM16,H25,2008,Abam,7.16,17.8,n,H24,,,,,,,,,,,,,,,,,,,,,,,,,,,,,,,,,
AM16,H25,2008,Abam,9.35,21.0,n,,,,,,,,,,,,,,,,,,,,,,,,,,,,,,,,,,
AM16,H25,2008,Abam,8.35,23.4,n,,,,,,,,,,,,,,,,,,,,,,,,,,,,,,,,,,
AM16,H25,2008,Abam,3.89,34.2,n,,,,,,,,,,,,,,,,,,,,,,,,,,,,,,,,,,
AM16,H25,2008,Abam,9.89,43.0,n,,,,,,,,,,,,,,,,,,,,,,,,,,,,,,,,,,
AM16,H25,2008,Abam,9.02,54.5,y,,,,,,,,,,,,,,,,,,,,,,,,,,,,,,,,,,
AM16,H25,2008,Tshe,9.11,82.7,y,,,,,,,,,,,,,,,,,,,,,,,,,,,,,,,,,,
AM16,H25,2008,Tshe,3.6,126.9,y,,,,,,,,,,,,,,,,,,,,,,,,,,,,,,,,,,
AM16,H26,2008,Abam,9.45,10.0,n,,,,,,,,,,,,,,,,,,,,,,,,,,,,,,,,,,
AM16,H26,2008,Abam,5.67,10.1,n,,,,,,,,,,,,,,,,,,,,,,,,,,,,,,,,,,
AM16,H26,2008,Abam,3.07,13.2,n,,,,,,,,,,,,,,,,,,,,,,,,,,,,,,,,,,
AM16,H26,2008,Abam,7.82,13.5,n,,,,,,,,,,,,,,,,,,,,,,,,,,,,,,,,,,
AM16,H26,2008,Abam,8.78,15.7,n,,,,,,,,,,,,,,,,,,,,,,,,,,,,,,,,,,
AM16,H26,2008,Abam,4.52,16.1,n,,,,,,,,,,,,,,,,,,,,,,,,,,,,,,,,,,
AM16,H26,2008,Abam,6.46,16.2,n,,,,,,,,,,,,,,,,,,,,,,,,,,,,,,,,,,
AM16,H26,2008,Abam,8.74,16.8,n,,,,,,,,,,,,,,,,,,,,,,,,,,,,,,,,,,
AM16,H26,2008,Abam,6.12,17.1,n,,,,,,,,,,,,,,,,,,,,,,,,,,,,,,,,,,
AM16,H26,2008,Abam,6.87,17.8,n,,,,,,,,,,,,,,,,,,,,,,,,,,,,,,,,,,
AM16,H26,2008,Abam,5.33,18.5,n,,,,,,,,,,,,,,,,,,,,,,,,,,,,,,,,,,
AM16,H26,2008,Abam,9.08,19.7,n,,,,,,,,,,,,,,,,,,,,,,,,,,,,,,,,,,
AM16,H26,2008,Abam,7.2,19.8,n,,,,,,,,,,,,,,,,,,,,,,,,,,,,,,,,,,
AM16,H26,2008,Abam,3.98,21.5,n,,,,,,,,,,,,,,,,,,,,,,,,,,,,,,,,,,
AM16,H26,2008,Abam,5.46,21.9,n,,,,,,,,,,,,,,,,,,,,,,,,,,,,,,,,,,
AM16,H26,2008,Tshe,7.7,22.0,n,,,,,,,,,,,,,,,,,,,,,,,,,,,,,,,,,,
AM16,H26,2008,Abam,7.11,22.9,n,,,,,,,,,,,,,,,,,,,,,,,,,,,,,,,,,,
AM16,H26,2008,Tsme,8.77,25.5,n,,,,,,,,,,,,,,,,,,,,,,,,,,,,,,,,,,
AM16,H26,2008,Abam,6.67,26.2,n,,,,,,,,,,,,,,,,,,,,,,,,,,,,,,,,,,
AM16,H26,2008,Abam,5.59,27.3,n,,,,,,,,,,,,,,,,,,,,,,,,,,,,,,,,,,
AM16,H26,2008,Cano,5.68,32.8,y,,,,,,,,,,,,,,,,,,,,,,,,,,,,,,,,,,
AM16,H26,2008,Abam,7.73,35.6,y,,,,,,,,,,,,,,,,,,,,,,,,,,,,,,,,,,
AM16,H26,2008,Abam,8.27,40.3,n,,,,,,,,,,,,,,,,,,,,,,,,,,,,,,,,,,
AM16,H26,2008,Cano,4.91,41.2,y,,,,,,,,,,,,,,,,,,,,,,,,,,,,,,,,,,
AM16,H26,2008,Cano,5.26,43.9,n,,,,,,,,,,,,,,,,,,,,,,,,,,,,,,,,,,
AM16,H26,2008,Abam,7.65,46.2,y,,,,,,,,,,,,,,,,,,,,,,,,,,,,,,,,,,
AM16,H26,2008,Abam,8.45,49.9,y,,,,,,,,,,,,,,,,,,,,,,,,,,,,,,,,,,
AM16,H26,2008,Abam,5.77,51.0,y,,,,,,,,,,,,,,,,,,,,,,,,,,,,,,,,,,
AM16,H26,2008,Cano,9.3,54.4,y,,,,,,,,,,,,,,,,,,,,,,,,,,,,,,,,,,
AM16,H26,2008,Cano,6.75,62.1,y,,,,,,,,,,,,,,,,,,,,,,,,,,,,,,,,,,
AM16,H27,2008,Abam,6.8,10.0,n,,,,,,,,,,,,,,,,,,,,,,,,,,,,,,,,,,
AM16,H27,2008,Abam,7.58,11.0,n,,,,,,,,,,,,,,,,,,,,,,,,,,,,,,,,,,
AM16,H27,2008,Abam,6.57,11.3,n,,,,,,,,,,,,,,,,,,,,,,,,,,,,,,,,,,
AM16,H27,2008,Abam,8.34,11.6,n,,,,,,,,,,,,,,,,,,,,,,,,,,,,,,,,,,
AM16,H27,2008,Abam,9.57,12.9,n,,,,,,,,,,,,,,,,,,,,,,,,,,,,,,,,,,
AM16,H27,2008,Abam,5.26,14.9,n,,,,,,,,,,,,,,,,,,,,,,,,,,,,,,,,,,
AM16,H27,2008,Abam,8.9,15.8,n,,,,,,,,,,,,,,,,,,,,,,,,,,,,,,,,,,
AM16,H27,2008,Abam,2.09,15.9,n,,,,,,,,,,,,,,,,,,,,,,,,,,,,,,,,,,
AM16,H27,2008,Abam,9.82,18.0,n,,,,,,,,,,,,,,,,,,,,,,,,,,,,,,,,,,
AM16,H27,2008,Abam,4.24,18.1,n,No crown,,,,,,,,,,,,,,,,,,,,,,,,,,,,,,,,,
AM16,H27,2008,Abam,8.29,18.2,n,,,,,,,,,,,,,,,,,,,,,,,,,,,,,,,,,,
AM16,H27,2008,Abam,6.68,19.1,n,,,,,,,,,,,,,,,,,,,,,,,,,,,,,,,,,,
AM16,H27,2008,Abam,4.77,19.7,n,,,,,,,,,,,,,,,,,,,,,,,,,,,,,,,,,,
AM16,H27,2008,Abam,5.88,20.9,n,,,,,,,,,,,,,,,,,,,,,,,,,,,,,,,,,,
AM16,H27,2008,Abam,8.03,22.0,n,,,,,,,,,,,,,,,,,,,,,,,,,,,,,,,,,,
AM16,H27,2008,Abam,1.9,24.6,n,,,,,,,,,,,,,,,,,,,,,,,,,,,,,,,,,,
AM16,H27,2008,Abam,9.03,24.8,n,,,,,,,,,,,,,,,,,,,,,,,,,,,,,,,,,,
AM16,H27,2008,Abam,6.64,27.5,n,,,,,,,,,,,,,,,,,,,,,,,,,,,,,,,,,,
AM16,H27,2008,Abam,8.67,31.9,n,,,,,,,,,,,,,,,,,,,,,,,,,,,,,,,,,,
AM16,H27,2008,Abam,5.54,42.3,n,,,,,,,,,,,,,,,,,,,,,,,,,,,,,,,,,,
AM16,H27,2008,Abam,7.86,46.1,y,,,,,,,,,,,,,,,,,,,,,,,,,,,,,,,,,,
AM16,H27,2008,Cano,8.57,47.3,y,,,,,,,,,,,,,,,,,,,,,,,,,,,,,,,,,,
AM16,H27,2008,Abam,8.61,52.4,y,,,,,,,,,,,,,,,,,,,,,,,,,,,,,,,,,,
AM16,H27,2008,Cano,3.99,52.8,y,,,,,,,,,,,,,,,,,,,,,,,,,,,,,,,,,,
AM16,H27,2008,Cano,2.16,69.1,y,,,,,,,,,,,,,,,,,,,,,,,,,,,,,,,,,,
AM16,H27,2008,Cano,3.34,70.8,y,,,,,,,,,,,,,,,,,,,,,,,,,,,,,,,,,,
AM16,H27,2008,Tsme,3.45,106.8,n,,,,,,,,,,,,,,,,,,,,,,,,,,,,,,,,,,
AM16,H28,2008,Abam,7.38,10.0,n,,,,,,,,,,,,,,,,,,,,,,,,,,,,,,,,,,
AM16,H28,2008,Abam,6.45,11.0,n,,,,,,,,,,,,,,,,,,,,,,,,,,,,,,,,,,
AM16,H28,2008,Abam,3.93,11.3,n,,,,,,,,,,,,,,,,,,,,,,,,,,,,,,,,,,
AM16,H28,2008,Abam,8.97,11.4,n,,,,,,,,,,,,,,,,,,,,,,,,,,,,,,,,,,
AM16,H28,2008,Abam,8.09,12.3,n,,,,,,,,,,,,,,,,,,,,,,,,,,,,,,,,,,
AM16,H28,2008,Abam,8.92,12.5,n,,,,,,,,,,,,,,,,,,,,,,,,,,,,,,,,,,
AM16,H28,2008,Abam,2.99,14.9,n,,,,,,,,,,,,,,,,,,,,,,,,,,,,,,,,,,
AM16,H28,2008,Abam,8.61,15.7,n,,,,,,,,,,,,,,,,,,,,,,,,,,,,,,,,,,
AM16,H28,2008,Abam,9.14,15.8,n,,,,,,,,,,,,,,,,,,,,,,,,,,,,,,,,,,
AM16,H28,2008,Abam,3.46,15.9,n,No crown,,,,,,,,,,,,,,,,,,,,,,,,,,,,,,,,,
AM16,H28,2008,Abam,5.88,18.1,n,,,,,,,,,,,,,,,,,,,,,,,,,,,,,,,,,,
AM16,H28,2008,Abam,5.83,18.2,n,,,,,,,,,,,,,,,,,,,,,,,,,,,,,,,,,,
AM16,H28,2008,Abam,4.25,19.1,n,,,,,,,,,,,,,,,,,,,,,,,,,,,,,,,,,,
AM16,H28,2008,Abam,4.16,19.7,n,,,,,,,,,,,,,,,,,,,,,,,,,,,,,,,,,,
AM16,H28,2008,Abam,3.2,20.9,n,,,,,,,,,,,,,,,,,,,,,,,,,,,,,,,,,,
AM16,H28,2008,Abam,6.58,22.0,n,,,,,,,,,,,,,,,,,,,,,,,,,,,,,,,,,,
AM16,H28,2008,Abam,0.82,24.6,n,H27,,,,,,,,,,,,,,,,,,,,,,,,,,,,,,,,,
AM16,H28,2008,Abam,7.27,27.5,n,,,,,,,,,,,,,,,,,,,,,,,,,,,,,,,,,,
AM16,H28,2008,Abam,9.78,31.9,n,,,,,,,,,,,,,,,,,,,,,,,,,,,,,,,,,,
AM16,H28,2008,Abam,5.79,42.3,n,,,,,,,,,,,,,,,,,,,,,,,,,,,,,,,,,,
AM16,H28,2008,Abam,7.67,45.8,y,,,,,,,,,,,,,,,,,,,,,,,,,,,,,,,,,,
AM16,H28,2008,Abam,7.25,46.1,y,,,,,,,,,,,,,,,,,,,,,,,,,,,,,,,,,,
AM16,H28,2008,Cano,6.4,47.3,y,,,,,,,,,,,,,,,,,,,,,,,,,,,,,,,,,,
AM16,H28,2008,Cano,3.43,52.8,y,,,,,,,,,,,,,,,,,,,,,,,,,,,,,,,,,,
AM16,H28,2008,Abam,2.16,60.4,y,,,,,,,,,,,,,,,,,,,,,,,,,,,,,,,,,,
AM16,H28,2008,Cano,3.01,70.8,y,,,,,,,,,,,,,,,,,,,,,,,,,,,,,,,,,,
AM16,H28,2008,Tsme,6.22,106.8,n,,,,,,,,,,,,,,,,,,,,,,,,,,,,,,,,,,
AM16,H29,2008,Abam,4.19,11.4,n,,,,,,,,,,,,,,,,,,,,,,,,,,,,,,,,,,
AM16,H29,2008,Abam,5.52,15.5,n,,,,,,,,,,,,,,,,,,,,,,,,,,,,,,,,,,
AM16,H29,2008,Tsme,6.13,17.2,n,,,,,,,,,,,,,,,,,,,,,,,,,,,,,,,,,,
AM16,H29,2008,Tsme,3.18,20.2,n,,,,,,,,,,,,,,,,,,,,,,,,,,,,,,,,,,
AM16,H29,2008,Cano,2.36,26.0,n,,,,,,,,,,,,,,,,,,,,,,,,,,,,,,,,,,
AM16,H29,2008,Cano,6.34,26.4,n,,,,,,,,,,,,,,,,,,,,,,,,,,,,,,,,,,
AM16,H29,2008,Abam,4.69,31.0,n,,,,,,,,,,,,,,,,,,,,,,,,,,,,,,,,,,
AM16,H29,2008,Abam,5.37,38.0,n,,,,,,,,,,,,,,,,,,,,,,,,,,,,,,,,,,
AM16,H29,2008,Abam,8.88,38.8,n,,,,,,,,,,,,,,,,,,,,,,,,,,,,,,,,,,
AM16,H29,2008,Abam,5.29,46.8,y,,,,,,,,,,,,,,,,,,,,,,,,,,,,,,,,,,
AM16,H29,2008,Tsme,2.41,56.4,y,H30,,,,,,,,,,,,,,,,,,,,,,,,,,,,,,,,,
AM16,H29,2008,Abam,7.21,59.8,y,,,,,,,,,,,,,,,,,,,,,,,,,,,,,,,,,,
AM16,H29,2008,Cano,6.33,64.8,y,,,,,,,,,,,,,,,,,,,,,,,,,,,,,,,,,,
AM16,H29,2008,Cano,7.47,70.0,y,H31,,,,,,,,,,,,,,,,,,,,,,,,,,,,,,,,,
AM16,H29,2008,Tshe,7.63,72.9,y,,,,,,,,,,,,,,,,,,,,,,,,,,,,,,,,,,
AM16,H29,2008,Abam,2.17,80.2,y,,,,,,,,,,,,,,,,,,,,,,,,,,,,,,,,,,
AM16,H3,2008,Abam,0.8,18.4,n,,,,,,,,,,,,,,,,,,,,,,,,,,,,,,,,,,
AM16,H3,2008,Abam,7.29,10.1,n,,,,,,,,,,,,,,,,,,,,,,,,,,,,,,,,,,
AM16,H3,2008,Abam,8.37,10.4,n,,,,,,,,,,,,,,,,,,,,,,,,,,,,,,,,,,
AM16,H3,2008,Abam,4.73,11.5,n,,,,,,,,,,,,,,,,,,,,,,,,,,,,,,,,,,
AM16,H3,2008,Abam,3.9,12.4,n,,,,,,,,,,,,,,,,,,,,,,,,,,,,,,,,,,
AM16,H3,2008,Abam,8.72,13.6,n,,,,,,,,,,,,,,,,,,,,,,,,,,,,,,,,,,
AM16,H3,2008,Abam,4.18,14.0,n,,,,,,,,,,,,,,,,,,,,,,,,,,,,,,,,,,
AM16,H3,2008,Abam,9.75,15.0,n,,,,,,,,,,,,,,,,,,,,,,,,,,,,,,,,,,
AM16,H3,2008,Cano,3.45,15.7,n,,,,,,,,,,,,,,,,,,,,,,,,,,,,,,,,,,
AM16,H3,2008,Abam,9.53,15.8,n,,,,,,,,,,,,,,,,,,,,,,,,,,,,,,,,,,
AM16,H3,2008,Abam,9.59,17.2,n,,,,,,,,,,,,,,,,,,,,,,,,,,,,,,,,,,
AM16,H3,2008,Abam,9.33,17.3,n,,,,,,,,,,,,,,,,,,,,,,,,,,,,,,,,,,
AM16,H3,2008,Abam,8.27,18.3,n,,,,,,,,,,,,,,,,,,,,,,,,,,,,,,,,,,
AM16,H3,2008,Cano,9.99,18.9,n,,,,,,,,,,,,,,,,,,,,,,,,,,,,,,,,,,
AM16,H3,2008,Abam,7.14,19.4,n,,,,,,,,,,,,,,,,,,,,,,,,,,,,,,,,,,
AM16,H3,2008,Abam,8.42,21.1,n,,,,,,,,,,,,,,,,,,,,,,,,,,,,,,,,,,
AM16,H3,2008,Abam,7.66,23.7,n,,,,,,,,,,,,,,,,,,,,,,,,,,,,,,,,,,
AM16,H3,2008,Abam,4.09,25.7,n,,,,,,,,,,,,,,,,,,,,,,,,,,,,,,,,,,
AM16,H3,2008,Abam,7.24,30.1,n,,,,,,,,,,,,,,,,,,,,,,,,,,,,,,,,,,
AM16,H3,2008,Abam,5.91,30.5,n,,,,,,,,,,,,,,,,,,,,,,,,,,,,,,,,,,
AM16,H3,2008,Abam,2.87,31.3,n,,,,,,,,,,,,,,,,,,,,,,,,,,,,,,,,,,
AM16,H3,2008,Cano,6.35,42.4,y,H2,,,,,,,,,,,,,,,,,,,,,,,,,,,,,,,,,
AM16,H3,2008,Abam,9.82,47.4,y,,,,,,,,,,,,,,,,,,,,,,,,,,,,,,,,,,
AM16,H3,2008,Cano,9.05,59.0,y,,,,,,,,,,,,,,,,,,,,,,,,,,,,,,,,,,
AM16,H3,2008,Cano,5.21,62.3,y,,,,,,,,,,,,,,,,,,,,,,,,,,,,,,,,,,
AM16,H3,2008,Abam,8.36,62.5,y,,,,,,,,,,,,,,,,,,,,,,,,,,,,,,,,,,
AM16,H30,2008,Abam,8.68,10.9,n,,,,,,,,,,,,,,,,,,,,,,,,,,,,,,,,,,
AM16,H30,2008,Abam,6.78,11.4,n,,,,,,,,,,,,,,,,,,,,,,,,,,,,,,,,,,
AM16,H30,2008,Tshe,8.53,12.2,n,,,,,,,,,,,,,,,,,,,,,,,,,,,,,,,,,,
AM16,H30,2008,Abam,3.04,15.5,n,,,,,,,,,,,,,,,,,,,,,,,,,,,,,,,,,,
AM16,H30,2008,Tsme,3.45,17.2,n,,,,,,,,,,,,,,,,,,,,,,,,,,,,,,,,,,
AM16,H30,2008,Tsme,3.82,20.2,n,,,,,,,,,,,,,,,,,,,,,,,,,,,,,,,,,,
AM16,H30,2008,Cano,4.38,26.0,n,,,,,,,,,,,,,,,,,,,,,,,,,,,,,,,,,,
AM16,H30,2008,Cano,6.81,26.4,n,,,,,,,,,,,,,,,,,,,,,,,,,,,,,,,,,,
AM16,H30,2008,Abam,3.84,31.0,n,,,,,,,,,,,,,,,,,,,,,,,,,,,,,,,,,,
AM16,H30,2008,Abam,3.62,38.0,n,,,,,,,,,,,,,,,,,,,,,,,,,,,,,,,,,,
AM16,H30,2008,Abam,7.57,38.8,n,,,,,,,,,,,,,,,,,,,,,,,,,,,,,,,,,,
AM16,H30,2008,Abam,4.68,46.8,y,,,,,,,,,,,,,,,,,,,,,,,,,,,,,,,,,,
AM16,H30,2008,Tsme,2.17,52.3,y,,,,,,,,,,,,,,,,,,,,,,,,,,,,,,,,,,
AM16,H30,2008,Tsme,2.53,56.4,y,H29,,,,,,,,,,,,,,,,,,,,,,,,,,,,,,,,,
AM16,H30,2008,Abam,6.29,59.8,y,,,,,,,,,,,,,,,,,,,,,,,,,,,,,,,,,,
AM16,H30,2008,Cano,7.41,64.8,y,,,,,,,,,,,,,,,,,,,,,,,,,,,,,,,,,,
AM16,H30,2008,Cano,8.35,70.0,y,H31,,,,,,,,,,,,,,,,,,,,,,,,,,,,,,,,,
AM16,H30,2008,Tshe,6.36,72.9,y,,,,,,,,,,,,,,,,,,,,,,,,,,,,,,,,,,
AM16,H31,2008,Tshe,6.26,10.0,n,,,,,,,,,,,,,,,,,,,,,,,,,,,,,,,,,,
AM16,H31,2008,Abam,4.31,10.8,n,,,,,,,,,,,,,,,,,,,,,,,,,,,,,,,,,,
AM16,H31,2008,Abam,5.94,11.2,n,,,,,,,,,,,,,,,,,,,,,,,,,,,,,,,,,,
AM16,H31,2008,Abam,8.07,11.4,n,,,,,,,,,,,,,,,,,,,,,,,,,,,,,,,,,,
AM16,H31,2008,Abam,9.28,15.7,n,,,,,,,,,,,,,,,,,,,,,,,,,,,,,,,,,,
AM16,H31,2008,Cano,9.36,19.0,n,,,,,,,,,,,,,,,,,,,,,,,,,,,,,,,,,,
AM16,H31,2008,Tsme,3.61,21.0,n,,,,,,,,,,,,,,,,,,,,,,,,,,,,,,,,,,
AM16,H31,2008,Cano,5.22,26.0,n,,,,,,,,,,,,,,,,,,,,,,,,,,,,,,,,,,
AM16,H31,2008,Cano,0.8,26.4,n,,,,,,,,,,,,,,,,,,,,,,,,,,,,,,,,,,
AM16,H31,2008,Abam,7.82,39.1,n,,,,,,,,,,,,,,,,,,,,,,,,,,,,,,,,,,
AM16,H31,2008,Abam,6.84,44.2,n,,,,,,,,,,,,,,,,,,,,,,,,,,,,,,,,,,
AM16,H31,2008,Abam,4.32,46.4,n,,,,,,,,,,,,,,,,,,,,,,,,,,,,,,,,,,
AM16,H31,2008,Tsme,6.33,52.3,y,H30,,,,,,,,,,,,,,,,,,,,,,,,,,,,,,,,,
AM16,H31,2008,Tsme,4.45,56.2,y,,,,,,,,,,,,,,,,,,,,,,,,,,,,,,,,,,
AM16,H31,2008,Abam,5.26,58.6,y,,,,,,,,,,,,,,,,,,,,,,,,,,,,,,,,,,
AM16,H31,2008,Cano,0.36,70.0,y,H29,,,,,,,,,,,,,,,,,,,,,,,,,,,,,,,,,
AM16,H31,2008,Abam,7.41,80.2,y,,,,,,,,,,,,,,,,,,,,,,,,,,,,,,,,,,
AM16,H31,2008,Tshe,8.15,90.0,y,,,,,,,,,,,,,,,,,,,,,,,,,,,,,,,,,,
AM16,H31,2008,Tshe,8.45,93.2,y,,,,,,,,,,,,,,,,,,,,,,,,,,,,,,,,,,
AM16,H33,2008,Tshe,5.52,10.6,n,,,,,,,,,,,,,,,,,,,,,,,,,,,,,,,,,,
AM16,H33,2008,Abam,2.8,10.7,n,,,,,,,,,,,,,,,,,,,,,,,,,,,,,,,,,,
AM16,H33,2008,Abam,7.06,11.0,n,,,,,,,,,,,,,,,,,,,,,,,,,,,,,,,,,,
AM16,H33,2008,Abam,7.46,13.1,n,,,,,,,,,,,,,,,,,,,,,,,,,,,,,,,,,,
AM16,H33,2008,Abam,7.37,13.8,n,,,,,,,,,,,,,,,,,,,,,,,,,,,,,,,,,,
AM16,H33,2008,Cano,4.84,26.3,n,,,,,,,,,,,,,,,,,,,,,,,,,,,,,,,,,,
AM16,H33,2008,Tsme,1.02,28.0,n,,,,,,,,,,,,,,,,,,,,,,,,,,,,,,,,,,
AM16,H33,2008,Abam,6.19,30.0,n,,,,,,,,,,,,,,,,,,,,,,,,,,,,,,,,,,
AM16,H33,2008,Cano,8.64,35.3,n,,,,,,,,,,,,,,,,,,,,,,,,,,,,,,,,,,
AM16,H33,2008,Tsme,9.3,35.9,n,,,,,,,,,,,,,,,,,,,,,,,,,,,,,,,,,,
AM16,H33,2008,Cano,8.1,37.8,n,,,,,,,,,,,,,,,,,,,,,,,,,,,,,,,,,,
AM16,H33,2008,Abam,7.62,44.2,n,,,,,,,,,,,,,,,,,,,,,,,,,,,,,,,,,,
AM16,H33,2008,Abam,8.1,52.3,y,,,,,,,,,,,,,,,,,,,,,,,,,,,,,,,,,,
AM16,H33,2008,Tshe,5.48,61.3,y,,,,,,,,,,,,,,,,,,,,,,,,,,,,,,,,,,
AM16,H33,2008,Cano,8.28,67.8,y,,,,,,,,,,,,,,,,,,,,,,,,,,,,,,,,,,
AM16,H33,2008,Cano,9.5,70.5,y,,,,,,,,,,,,,,,,,,,,,,,,,,,,,,,,,,
AM16,H33,2008,Abam,6.69,83.7,y,,,,,,,,,,,,,,,,,,,,,,,,,,,,,,,,,,
AM16,H33,2008,Abam,8.3,84.7,y,,,,,,,,,,,,,,,,,,,,,,,,,,,,,,,,,,
AM16,H33,2008,Tshe,3.82,90.0,y,,,,,,,,,,,,,,,,,,,,,,,,,,,,,,,,,,
AM16,H33,2008,Tshe,2.3,93.2,y,,,,,,,,,,,,,,,,,,,,,,,,,,,,,,,,,,
AM16,H34,2008,Abam,9.96,10.6,n,,,,,,,,,,,,,,,,,,,,,,,,,,,,,,,,,,
AM16,H34,2008,Cano,4.08,13.9,n,,,,,,,,,,,,,,,,,,,,,,,,,,,,,,,,,,
AM16,H34,2008,Cano,9.01,14.1,n,,,,,,,,,,,,,,,,,,,,,,,,,,,,,,,,,,
AM16,H34,2008,Abam,7.69,14.4,n,,,,,,,,,,,,,,,,,,,,,,,,,,,,,,,,,,
AM16,H34,2008,Abam,8.62,14.9,n,,,,,,,,,,,,,,,,,,,,,,,,,,,,,,,,,,
AM16,H34,2008,Cano,8.27,15.2,n,,,,,,,,,,,,,,,,,,,,,,,,,,,,,,,,,,
AM16,H34,2008,Abam,9.3,15.5,n,,,,,,,,,,,,,,,,,,,,,,,,,,,,,,,,,,
AM16,H34,2008,Cano,5.75,17.8,n,,,,,,,,,,,,,,,,,,,,,,,,,,,,,,,,,,
AM16,H34,2008,Cano,2.9,19.3,n,,,,,,,,,,,,,,,,,,,,,,,,,,,,,,,,,,
AM16,H34,2008,Tsme,7.78,23.9,n,,,,,,,,,,,,,,,,,,,,,,,,,,,,,,,,,,
AM16,H34,2008,Abam,8.42,28.1,n,,,,,,,,,,,,,,,,,,,,,,,,,,,,,,,,,,
AM16,H34,2008,Cano,9.64,28.2,n,,,,,,,,,,,,,,,,,,,,,,,,,,,,,,,,,,
AM16,H34,2008,Tsme,2.87,30.1,n,,,,,,,,,,,,,,,,,,,,,,,,,,,,,,,,,,
AM16,H34,2008,Tsme,1.4,34.2,n,,,,,,,,,,,,,,,,,,,,,,,,,,,,,,,,,,
AM16,H34,2008,Abam,7.01,36.8,n,,,,,,,,,,,,,,,,,,,,,,,,,,,,,,,,,,
AM16,H34,2008,Cano,5.62,38.6,n,,,,,,,,,,,,,,,,,,,,,,,,,,,,,,,,,,
AM16,H34,2008,Cano,9.45,44.7,n,,,,,,,,,,,,,,,,,,,,,,,,,,,,,,,,,,
AM16,H34,2008,Tsme,9.45,53.9,y,,,,,,,,,,,,,,,,,,,,,,,,,,,,,,,,,,
AM16,H34,2008,Tshe,1.75,63.0,n,,,,,,,,,,,,,,,,,,,,,,,,,,,,,,,,,,
AM16,H34,2008,Tsme,1.65,66.8,y,,,,,,,,,,,,,,,,,,,,,,,,,,,,,,,,,,
AM16,H34,2008,Cano,1.92,66.9,y,,,,,,,,,,,,,,,,,,,,,,,,,,,,,,,,,,
AM16,H34,2008,Cano,0.67,68.6,y,,,,,,,,,,,,,,,,,,,,,,,,,,,,,,,,,,
AM16,H34,2008,Cano,8.62,72.3,n,,,,,,,,,,,,,,,,,,,,,,,,,,,,,,,,,,
AM16,H34,2008,Cano,8.98,74.5,n,,,,,,,,,,,,,,,,,,,,,,,,,,,,,,,,,,
AM16,H35,2008,Abam,8.95,11.5,n,,,,,,,,,,,,,,,,,,,,,,,,,,,,,,,,,,
AM16,H35,2008,Abam,9,14.0,n,,,,,,,,,,,,,,,,,,,,,,,,,,,,,,,,,,
AM16,H35,2008,Abam,0.86,17.4,n,,,,,,,,,,,,,,,,,,,,,,,,,,,,,,,,,,
AM16,H35,2008,Cano,4.9,17.8,n,,,,,,,,,,,,,,,,,,,,,,,,,,,,,,,,,,
AM16,H35,2008,Abam,4.53,21.4,n,,,,,,,,,,,,,,,,,,,,,,,,,,,,,,,,,,
AM16,H35,2008,Cano,8.84,34.8,n,,,,,,,,,,,,,,,,,,,,,,,,,,,,,,,,,,
AM16,H35,2008,Cano,6.02,37.4,n,,,,,,,,,,,,,,,,,,,,,,,,,,,,,,,,,,
AM16,H35,2008,Cano,0.4,41.8,n,,,,,,,,,,,,,,,,,,,,,,,,,,,,,,,,,,
AM16,H35,2008,Cano,8.71,44.8,n,,,,,,,,,,,,,,,,,,,,,,,,,,,,,,,,,,
AM16,H35,2008,Cano,9.43,52.8,y,,,,,,,,,,,,,,,,,,,,,,,,,,,,,,,,,,
AM16,H35,2008,Cano,4.99,57.8,y,,,,,,,,,,,,,,,,,,,,,,,,,,,,,,,,,,
AM16,H35,2008,Tsme,8.32,66.5,y,,,,,,,,,,,,,,,,,,,,,,,,,,,,,,,,,,
AM16,H35,2008,Tshe,8.33,83.0,y,,,,,,,,,,,,,,,,,,,,,,,,,,,,,,,,,,
AM16,H36,2008,Tsme,4.73,10.2,n,,,,,,,,,,,,,,,,,,,,,,,,,,,,,,,,,,
AM16,H36,2008,Abam,5.5,20.2,n,,,,,,,,,,,,,,,,,,,,,,,,,,,,,,,,,,
AM16,H36,2008,Abam,6.95,21.7,n,,,,,,,,,,,,,,,,,,,,,,,,,,,,,,,,,,
AM16,H36,2008,Tsme,3.28,26.1,n,,,,,,,,,,,,,,,,,,,,,,,,,,,,,,,,,,
AM16,H36,2008,Tshe,9.19,28.6,n,,,,,,,,,,,,,,,,,,,,,,,,,,,,,,,,,,
AM16,H36,2008,Abam,8.69,32.1,n,,,,,,,,,,,,,,,,,,,,,,,,,,,,,,,,,,
AM16,H36,2008,Tsme,6.05,35.7,n,,,,,,,,,,,,,,,,,,,,,,,,,,,,,,,,,,
AM16,H36,2008,Tsme,3.27,36.3,n,,,,,,,,,,,,,,,,,,,,,,,,,,,,,,,,,,
AM16,H36,2008,Abam,2.82,42.5,n,,,,,,,,,,,,,,,,,,,,,,,,,,,,,,,,,,
AM16,H36,2008,Cano,8.48,43.1,y,,,,,,,,,,,,,,,,,,,,,,,,,,,,,,,,,,
AM16,H36,2008,Tsme,9.06,44.3,n,,,,,,,,,,,,,,,,,,,,,,,,,,,,,,,,,,
AM16,H36,2008,Cano,5.75,49.0,n,,,,,,,,,,,,,,,,,,,,,,,,,,,,,,,,,,
AM16,H36,2008,Abam,9.41,52.6,y,,,,,,,,,,,,,,,,,,,,,,,,,,,,,,,,,,
AM16,H37,2008,Tshe,4.26,19.7,n,,,,,,,,,,,,,,,,,,,,,,,,,,,,,,,,,,
AM16,H37,2008,Tshe,4,24.0,n,,,,,,,,,,,,,,,,,,,,,,,,,,,,,,,,,,
AM16,H37,2008,Cano,8.86,28.3,n,,,,,,,,,,,,,,,,,,,,,,,,,,,,,,,,,,
AM16,H37,2008,Tshe,7.85,30.5,n,,,,,,,,,,,,,,,,,,,,,,,,,,,,,,,,,,
AM16,H37,2008,Tshe,7.04,34.5,n,,,,,,,,,,,,,,,,,,,,,,,,,,,,,,,,,,
AM16,H37,2008,Tshe,2.39,40.0,n,,,,,,,,,,,,,,,,,,,,,,,,,,,,,,,,,,
AM16,H37,2008,Cano,6.54,42.8,n,,,,,,,,,,,,,,,,,,,,,,,,,,,,,,,,,,
AM16,H37,2008,Abam,5.94,44.8,n,,,,,,,,,,,,,,,,,,,,,,,,,,,,,,,,,,
AM16,H37,2008,Tshe,8.9,49.8,n,,,,,,,,,,,,,,,,,,,,,,,,,,,,,,,,,,
AM16,H37,2008,Tshe,6.86,51.3,n,,,,,,,,,,,,,,,,,,,,,,,,,,,,,,,,,,
AM16,H37,2008,Tshe,3.1,78.5,y,,,,,,,,,,,,,,,,,,,,,,,,,,,,,,,,,,
AM16,H37,2008,Tshe,4.91,101.4,y,,,,,,,,,,,,,,,,,,,,,,,,,,,,,,,,,,
AM16,H38,2008,Abam,9.04,15.7,n,,,,,,,,,,,,,,,,,,,,,,,,,,,,,,,,,,
AM16,H38,2008,Abam,7.49,15.9,n,,,,,,,,,,,,,,,,,,,,,,,,,,,,,,,,,,
AM16,H38,2008,Cano,5.61,28.1,n,,,,,,,,,,,,,,,,,,,,,,,,,,,,,,,,,,
AM16,H38,2008,Cano,4.06,28.5,n,,,,,,,,,,,,,,,,,,,,,,,,,,,,,,,,,,
AM16,H38,2008,Cano,2.15,30.5,n,,,,,,,,,,,,,,,,,,,,,,,,,,,,,,,,,,
AM16,H38,2008,Cano,7.64,30.6,n,,,,,,,,,,,,,,,,,,,,,,,,,,,,,,,,,,
AM16,H38,2008,Tsme,9.63,35.5,n,,,,,,,,,,,,,,,,,,,,,,,,,,,,,,,,,,
AM16,H38,2008,Tsme,5.78,39.4,n,,,,,,,,,,,,,,,,,,,,,,,,,,,,,,,,,,
AM16,H38,2008,Tsme,5.81,39.4,n,,,,,,,,,,,,,,,,,,,,,,,,,,,,,,,,,,
AM16,H38,2008,Cano,4.9,39.7,n,,,,,,,,,,,,,,,,,,,,,,,,,,,,,,,,,,
AM16,H38,2008,Tsme,8.17,42.5,n,,,,,,,,,,,,,,,,,,,,,,,,,,,,,,,,,,
AM16,H38,2008,Cano,8.55,46.0,n,,,,,,,,,,,,,,,,,,,,,,,,,,,,,,,,,,
AM16,H38,2008,Cano,4.6,46.5,n,,,,,,,,,,,,,,,,,,,,,,,,,,,,,,,,,,
AM16,H38,2008,Cano,3.14,48.6,n,,,,,,,,,,,,,,,,,,,,,,,,,,,,,,,,,,
AM16,H38,2008,Tsme,6.15,50.0,n,,,,,,,,,,,,,,,,,,,,,,,,,,,,,,,,,,
AM16,H38,2008,Cano,9.96,50.5,n,,,,,,,,,,,,,,,,,,,,,,,,,,,,,,,,,,
AM16,H38,2008,Tsme,9.4,55.2,y,,,,,,,,,,,,,,,,,,,,,,,,,,,,,,,,,,
AM16,H38,2008,Cano,8.17,57.3,n,,,,,,,,,,,,,,,,,,,,,,,,,,,,,,,,,,
AM16,H38,2008,Cano,1.33,58.0,y,,,,,,,,,,,,,,,,,,,,,,,,,,,,,,,,,,
AM16,H38,2008,Tshe,5.46,62.2,y,,,,,,,,,,,,,,,,,,,,,,,,,,,,,,,,,,
AM16,H38,2008,Tshe,8.9,63.5,n,,,,,,,,,,,,,,,,,,,,,,,,,,,,,,,,,,
AM16,H38,2008,Tsme,9.29,71.3,y,,,,,,,,,,,,,,,,,,,,,,,,,,,,,,,,,,
AM16,H38,2008,Tsme,4.15,76.8,y,,,,,,,,,,,,,,,,,,,,,,,,,,,,,,,,,,
AM16,H38,2008,Tsme,8.64,101.9,y,,,,,,,,,,,,,,,,,,,,,,,,,,,,,,,,,,
AM16,H39,2008,Abam,2.25,10.1,n,,,,,,,,,,,,,,,,,,,,,,,,,,,,,,,,,,
AM16,H39,2008,Abam,7.03,10.6,n,,,,,,,,,,,,,,,,,,,,,,,,,,,,,,,,,,
AM16,H39,2008,Abam,5.94,11.0,n,,,,,,,,,,,,,,,,,,,,,,,,,,,,,,,,,,
AM16,H39,2008,Abam,9.3,13.3,n,,,,,,,,,,,,,,,,,,,,,,,,,,,,,,,,,,
AM16,H39,2008,Tshe,5.73,13.8,n,,,,,,,,,,,,,,,,,,,,,,,,,,,,,,,,,,
AM16,H39,2008,Cano,5.91,14.3,n,,,,,,,,,,,,,,,,,,,,,,,,,,,,,,,,,,
AM16,H39,2008,Tsme,5.85,15.5,n,,,,,,,,,,,,,,,,,,,,,,,,,,,,,,,,,,
AM16,H39,2008,Abam,3.55,17.2,n,,,,,,,,,,,,,,,,,,,,,,,,,,,,,,,,,,
AM16,H39,2008,Tshe,1.21,18.2,n,,,,,,,,,,,,,,,,,,,,,,,,,,,,,,,,,,
AM16,H39,2008,Abam,8.29,21.0,n,,,,,,,,,,,,,,,,,,,,,,,,,,,,,,,,,,
AM16,H39,2008,Cano,6.62,22.7,n,,,,,,,,,,,,,,,,,,,,,,,,,,,,,,,,,,
AM16,H39,2008,Cano,3.43,26.4,n,,,,,,,,,,,,,,,,,,,,,,,,,,,,,,,,,,
AM16,H39,2008,Cano,0.8,27.8,n,,,,,,,,,,,,,,,,,,,,,,,,,,,,,,,,,,
AM16,H39,2008,Cano,6.4,28.1,n,,,,,,,,,,,,,,,,,,,,,,,,,,,,,,,,,,
AM16,H39,2008,Tshe,7.97,28.2,n,,,,,,,,,,,,,,,,,,,,,,,,,,,,,,,,,,
AM16,H39,2008,Tsme,4.65,29.2,n,,,,,,,,,,,,,,,,,,,,,,,,,,,,,,,,,,
AM16,H39,2008,Cano,5.27,31.1,y,,,,,,,,,,,,,,,,,,,,,,,,,,,,,,,,,,
AM16,H39,2008,Cano,5.62,31.2,n,,,,,,,,,,,,,,,,,,,,,,,,,,,,,,,,,,
AM16,H39,2008,Cano,6.22,33.5,y,,,,,,,,,,,,,,,,,,,,,,,,,,,,,,,,,,
AM16,H39,2008,Cano,9.43,35.2,y,,,,,,,,,,,,,,,,,,,,,,,,,,,,,,,,,,
AM16,H39,2008,Cano,3.85,35.8,n,,,,,,,,,,,,,,,,,,,,,,,,,,,,,,,,,,
AM16,H39,2008,Cano,3.63,35.9,n,,,,,,,,,,,,,,,,,,,,,,,,,,,,,,,,,,
AM16,H39,2008,Tshe,6.78,37.9,y,,,,,,,,,,,,,,,,,,,,,,,,,,,,,,,,,,
AM16,H39,2008,Cano,8.55,40.0,y,,,,,,,,,,,,,,,,,,,,,,,,,,,,,,,,,,
AM16,H39,2008,Tsme,3.91,41.6,y,,,,,,,,,,,,,,,,,,,,,,,,,,,,,,,,,,
AM16,H39,2008,Tsme,8.58,42.0,y,,,,,,,,,,,,,,,,,,,,,,,,,,,,,,,,,,
AM16,H39,2008,Tsme,5.35,45.8,y,,,,,,,,,,,,,,,,,,,,,,,,,,,,,,,,,,
AM16,H39,2008,Tsme,8.42,52.0,y,,,,,,,,,,,,,,,,,,,,,,,,,,,,,,,,,,
AM16,H39,2008,Cano,0.67,54.0,y,,,,,,,,,,,,,,,,,,,,,,,,,,,,,,,,,,
AM16,H39,2008,Cano,7.75,54.4,y,,,,,,,,,,,,,,,,,,,,,,,,,,,,,,,,,,
AM16,H39,2008,Tsme,6.73,55.4,y,,,,,,,,,,,,,,,,,,,,,,,,,,,,,,,,,,
AM16,H39,2008,Tsme,9.69,60.4,y,,,,,,,,,,,,,,,,,,,,,,,,,,,,,,,,,,
AM16,H39,2008,Tshe,8.89,64.0,y,,,,,,,,,,,,,,,,,,,,,,,,,,,,,,,,,,
AM16,H39,2008,Tsme,2.4,71.8,y,,,,,,,,,,,,,,,,,,,,,,,,,,,,,,,,,,
AM16,H39,2008,Cano,5.91,72.6,y,,,,,,,,,,,,,,,,,,,,,,,,,,,,,,,,,,
AM16,H4,2008,Abam,7.95,10.3,n,,,,,,,,,,,,,,,,,,,,,,,,,,,,,,,,,,
AM16,H4,2008,Abam,2.43,10.8,n,,,,,,,,,,,,,,,,,,,,,,,,,,,,,,,,,,
AM16,H4,2008,Abam,0.7,11.5,n,,,,,,,,,,,,,,,,,,,,,,,,,,,,,,,,,,
AM16,H4,2008,Abam,2.36,11.5,n,,,,,,,,,,,,,,,,,,,,,,,,,,,,,,,,,,
AM16,H4,2008,Abam,2.81,11.8,n,,,,,,,,,,,,,,,,,,,,,,,,,,,,,,,,,,
AM16,H4,2008,Abam,4.73,12.5,n,,,,,,,,,,,,,,,,,,,,,,,,,,,,,,,,,,
AM16,H4,2008,Abam,3.31,12.6,n,,,,,,,,,,,,,,,,,,,,,,,,,,,,,,,,,,
AM16,H4,2008,Abam,6.66,12.6,n,,,,,,,,,,,,,,,,,,,,,,,,,,,,,,,,,,
AM16,H4,2008,Abam,4.93,13.1,n,,,,,,,,,,,,,,,,,,,,,,,,,,,,,,,,,,
AM16,H4,2008,Abam,8.82,15.1,n,,,,,,,,,,,,,,,,,,,,,,,,,,,,,,,,,,
AM16,H4,2008,Abam,8.09,15.9,n,,,,,,,,,,,,,,,,,,,,,,,,,,,,,,,,,,
AM16,H4,2008,Abam,9.42,17.0,n,,,,,,,,,,,,,,,,,,,,,,,,,,,,,,,,,,
AM16,H4,2008,Abam,3.8,17.3,n,,,,,,,,,,,,,,,,,,,,,,,,,,,,,,,,,,
AM16,H4,2008,Abam,7.88,19.9,n,,,,,,,,,,,,,,,,,,,,,,,,,,,,,,,,,,
AM16,H4,2008,Abam,6.28,20.6,n,,,,,,,,,,,,,,,,,,,,,,,,,,,,,,,,,,
AM16,H4,2008,Abam,9.55,21.9,n,,,,,,,,,,,,,,,,,,,,,,,,,,,,,,,,,,
AM16,H4,2008,Abam,9.62,22.0,n,,,,,,,,,,,,,,,,,,,,,,,,,,,,,,,,,,
AM16,H4,2008,Abam,6.17,22.3,n,,,,,,,,,,,,,,,,,,,,,,,,,,,,,,,,,,
AM16,H4,2008,Abam,9.52,22.5,n,,,,,,,,,,,,,,,,,,,,,,,,,,,,,,,,,,
AM16,H4,2008,Abam,7.03,23.8,n,,,,,,,,,,,,,,,,,,,,,,,,,,,,,,,,,,
AM16,H4,2008,Abam,6.21,24.3,n,,,,,,,,,,,,,,,,,,,,,,,,,,,,,,,,,,
AM16,H4,2008,Abam,7.48,27.2,y,,,,,,,,,,,,,,,,,,,,,,,,,,,,,,,,,,
AM16,H4,2008,Abam,4.88,28.7,n,,,,,,,,,,,,,,,,,,,,,,,,,,,,,,,,,,
AM16,H4,2008,Abam,8.6,29.7,n,,,,,,,,,,,,,,,,,,,,,,,,,,,,,,,,,,
AM16,H4,2008,Abam,3.1,35.5,n,,,,,,,,,,,,,,,,,,,,,,,,,,,,,,,,,,
AM16,H4,2008,Abam,5.44,36.5,y,,,,,,,,,,,,,,,,,,,,,,,,,,,,,,,,,,
AM16,H4,2008,Abam,6.99,43.0,y,,,,,,,,,,,,,,,,,,,,,,,,,,,,,,,,,,
AM16,H4,2008,Abam,6.14,44.7,n,,,,,,,,,,,,,,,,,,,,,,,,,,,,,,,,,,
AM16,H4,2008,Abam,9.9,50.7,y,,,,,,,,,,,,,,,,,,,,,,,,,,,,,,,,,,
AM16,H4,2008,Abam,9.22,69.9,y,,,,,,,,,,,,,,,,,,,,,,,,,,,,,,,,,,
AM16,H4,2008,Tsme,5.08,78.1,y,,,,,,,,,,,,,,,,,,,,,,,,,,,,,,,,,,
AM16,H40,2008,Abam,8.84,10.8,n,,,,,,,,,,,,,,,,,,,,,,,,,,,,,,,,,,
AM16,H40,2008,Abam,7.77,14.6,n,,,,,,,,,,,,,,,,,,,,,,,,,,,,,,,,,,
AM16,H40,2008,Abam,0.86,15.7,n,,,,,,,,,,,,,,,,,,,,,,,,,,,,,,,,,,
AM16,H40,2008,Abam,0.98,19.5,n,,,,,,,,,,,,,,,,,,,,,,,,,,,,,,,,,,
AM16,H40,2008,Cano,3.1,19.5,n,,,,,,,,,,,,,,,,,,,,,,,,,,,,,,,,,,
AM16,H40,2008,Cano,8.76,20.8,n,,,,,,,,,,,,,,,,,,,,,,,,,,,,,,,,,,
AM16,H40,2008,Cano,8.47,29.0,n,,,,,,,,,,,,,,,,,,,,,,,,,,,,,,,,,,
AM16,H40,2008,Cano,6.68,40.3,n,,,,,,,,,,,,,,,,,,,,,,,,,,,,,,,,,,
AM16,H40,2008,Cano,7.26,41.6,n,,,,,,,,,,,,,,,,,,,,,,,,,,,,,,,,,,
AM16,H40,2008,Cano,6.18,44.5,n,,,,,,,,,,,,,,,,,,,,,,,,,,,,,,,,,,
AM16,H40,2008,Cano,6.58,46.4,n,,,,,,,,,,,,,,,,,,,,,,,,,,,,,,,,,,
AM16,H40,2008,Cano,8.92,49.0,n,,,,,,,,,,,,,,,,,,,,,,,,,,,,,,,,,,
AM16,H40,2008,Tsme,9.58,49.2,y,,,,,,,,,,,,,,,,,,,,,,,,,,,,,,,,,,
AM16,H40,2008,Cano,8.3,50.5,n,,,,,,,,,,,,,,,,,,,,,,,,,,,,,,,,,,
AM16,H40,2008,Cano,3.35,51.5,n,,,,,,,,,,,,,,,,,,,,,,,,,,,,,,,,,,
AM16,H40,2008,Cano,7.7,51.5,n,,,,,,,,,,,,,,,,,,,,,,,,,,,,,,,,,,
AM16,H40,2008,Cano,2.46,57.4,n,,,,,,,,,,,,,,,,,,,,,,,,,,,,,,,,,,
AM16,H40,2008,Cano,8.62,60.9,y,,,,,,,,,,,,,,,,,,,,,,,,,,,,,,,,,,
AM16,H40,2008,Tsme,3.7,70.6,y,,,,,,,,,,,,,,,,,,,,,,,,,,,,,,,,,,
AM16,H40,2008,Tsme,4.54,77.0,y,,,,,,,,,,,,,,,,,,,,,,,,,,,,,,,,,,
AM16,H40,2008,Tsme,8.99,82.7,y,,,,,,,,,,,,,,,,,,,,,,,,,,,,,,,,,,
AM16,H40,2008,Tsme,4.36,91.5,y,,,,,,,,,,,,,,,,,,,,,,,,,,,,,,,,,,
AM16,H41,2008,Abam,9.56,10.2,n,,,,,,,,,,,,,,,,,,,,,,,,,,,,,,,,,,
AM16,H41,2008,Abam,4.78,11.1,n,,,,,,,,,,,,,,,,,,,,,,,,,,,,,,,,,,
AM16,H41,2008,Cano,8.53,11.8,n,,,,,,,,,,,,,,,,,,,,,,,,,,,,,,,,,,
AM16,H41,2008,Cano,7.58,12.0,n,,,,,,,,,,,,,,,,,,,,,,,,,,,,,,,,,,
AM16,H41,2008,Abam,3.38,13.5,n,,,,,,,,,,,,,,,,,,,,,,,,,,,,,,,,,,
AM16,H41,2008,Cano,8.41,14.4,n,,,,,,,,,,,,,,,,,,,,,,,,,,,,,,,,,,
AM16,H41,2008,Abam,8.35,15.6,n,,,,,,,,,,,,,,,,,,,,,,,,,,,,,,,,,,
AM16,H41,2008,Tshe,1.34,17.0,n,,,,,,,,,,,,,,,,,,,,,,,,,,,,,,,,,,
AM16,H41,2008,Cano,7.2,17.4,n,,,,,,,,,,,,,,,,,,,,,,,,,,,,,,,,,,
AM16,H41,2008,Cano,8.35,18.1,n,,,,,,,,,,,,,,,,,,,,,,,,,,,,,,,,,,
AM16,H41,2008,Cano,8.59,18.9,n,,,,,,,,,,,,,,,,,,,,,,,,,,,,,,,,,,
AM16,H41,2008,Cano,9.03,19.0,n,,,,,,,,,,,,,,,,,,,,,,,,,,,,,,,,,,
AM16,H41,2008,Tshe,5.12,20.6,n,,,,,,,,,,,,,,,,,,,,,,,,,,,,,,,,,,
AM16,H41,2008,Cano,5.65,21.0,n,,,,,,,,,,,,,,,,,,,,,,,,,,,,,,,,,,
AM16,H41,2008,Abam,9.1,25.8,n,,,,,,,,,,,,,,,,,,,,,,,,,,,,,,,,,,
AM16,H41,2008,Cano,9.92,27.3,n,,,,,,,,,,,,,,,,,,,,,,,,,,,,,,,,,,
AM16,H41,2008,Cano,8.22,27.4,n,,,,,,,,,,,,,,,,,,,,,,,,,,,,,,,,,,
AM16,H41,2008,Cano,7.81,27.6,n,,,,,,,,,,,,,,,,,,,,,,,,,,,,,,,,,,
AM16,H41,2008,Cano,6.64,28.5,n,,,,,,,,,,,,,,,,,,,,,,,,,,,,,,,,,,
AM16,H41,2008,Cano,9.79,29.0,n,,,,,,,,,,,,,,,,,,,,,,,,,,,,,,,,,,
AM16,H41,2008,Cano,4.48,29.5,n,,,,,,,,,,,,,,,,,,,,,,,,,,,,,,,,,,
AM16,H41,2008,Cano,3.3,30.3,n,,,,,,,,,,,,,,,,,,,,,,,,,,,,,,,,,,
AM16,H41,2008,Cano,4.46,32.1,n,,,,,,,,,,,,,,,,,,,,,,,,,,,,,,,,,,
AM16,H41,2008,Cano,5.37,34.2,n,,,,,,,,,,,,,,,,,,,,,,,,,,,,,,,,,,
AM16,H41,2008,Abam,9.35,37.6,y,,,,,,,,,,,,,,,,,,,,,,,,,,,,,,,,,,
AM16,H41,2008,Cano,7.04,39.8,n,,,,,,,,,,,,,,,,,,,,,,,,,,,,,,,,,,
AM16,H41,2008,Tsme,8.41,44.4,y,,,,,,,,,,,,,,,,,,,,,,,,,,,,,,,,,,
AM16,H41,2008,Cano,7.33,44.7,y,,,,,,,,,,,,,,,,,,,,,,,,,,,,,,,,,,
AM16,H41,2008,Cano,9.87,44.9,n,,,,,,,,,,,,,,,,,,,,,,,,,,,,,,,,,,
AM16,H41,2008,Cano,5.85,45.0,n,,,,,,,,,,,,,,,,,,,,,,,,,,,,,,,,,,
AM16,H41,2008,Cano,5.79,47.0,n,,,,,,,,,,,,,,,,,,,,,,,,,,,,,,,,,,
AM16,H41,2008,Cano,5.45,47.9,y,,,,,,,,,,,,,,,,,,,,,,,,,,,,,,,,,,
AM16,H41,2008,Cano,7.81,48.7,y,,,,,,,,,,,,,,,,,,,,,,,,,,,,,,,,,,
AM16,H41,2008,Cano,7.38,52.0,y,,,,,,,,,,,,,,,,,,,,,,,,,,,,,,,,,,
AM16,H41,2008,Cano,9.42,53.1,y,,,,,,,,,,,,,,,,,,,,,,,,,,,,,,,,,,
AM16,H41,2008,Tsme,5.06,56.7,n,,,,,,,,,,,,,,,,,,,,,,,,,,,,,,,,,,
AM16,H41,2008,Tsme,2.37,67.8,y,,,,,,,,,,,,,,,,,,,,,,,,,,,,,,,,,,
AM16,H41,2008,Pimo,4.05,80.5,y,,,,,,,,,,,,,,,,,,,,,,,,,,,,,,,,,,
AM16,H42,2009,Abam,8.34,10.6,n,,,,,,,,,,,,,,,,,,,,,,,,,,,,,,,,,,
AM16,H42,2009,Abam,2.44,14.8,n,,,,,,,,,,,,,,,,,,,,,,,,,,,,,,,,,,
AM16,H42,2009,Abam,9.47,16.1,n,,,,,,,,,,,,,,,,,,,,,,,,,,,,,,,,,,
AM16,H42,2009,Abam,3.51,17.5,n,,,,,,,,,,,,,,,,,,,,,,,,,,,,,,,,,,
AM16,H42,2009,Abam,7.12,23.4,n,,,,,,,,,,,,,,,,,,,,,,,,,,,,,,,,,,
AM16,H42,2009,Abam,6.99,24.4,n,,,,,,,,,,,,,,,,,,,,,,,,,,,,,,,,,,
AM16,H42,2009,Abam,9.09,25.0,n,,,,,,,,,,,,,,,,,,,,,,,,,,,,,,,,,,
AM16,H42,2009,Abam,4.89,35.5,n,,,,,,,,,,,,,,,,,,,,,,,,,,,,,,,,,,
AM16,H42,2009,Abam,7.85,40.6,n,,,,,,,,,,,,,,,,,,,,,,,,,,,,,,,,,,
AM16,H42,2009,Abam,7.44,40.9,n,,,,,,,,,,,,,,,,,,,,,,,,,,,,,,,,,,
AM16,H42,2009,Cano,0.79,41.0,n,,,,,,,,,,,,,,,,,,,,,,,,,,,,,,,,,,
AM16,H42,2009,Cano,8.76,44.0,n,,,,,,,,,,,,,,,,,,,,,,,,,,,,,,,,,,
AM16,H42,2009,Cano,2.21,52.8,n,,,,,,,,,,,,,,,,,,,,,,,,,,,,,,,,,,
AM16,H42,2009,Abam,7.79,55.2,n,,,,,,,,,,,,,,,,,,,,,,,,,,,,,,,,,,
AM16,H42,2009,Cano,7.18,63.5,y,,,,,,,,,,,,,,,,,,,,,,,,,,,,,,,,,,
AM16,H42,2009,Cano,7.71,65.4,y,,,,,,,,,,,,,,,,,,,,,,,,,,,,,,,,,,
AM16,H42,2009,Tshe,8.69,74.3,n,,,,,,,,,,,,,,,,,,,,,,,,,,,,,,,,,,
AM16,H42,2009,Cano,7.85,90.7,y,,,,,,,,,,,,,,,,,,,,,,,,,,,,,,,,,,
AM16,H42,2009,Cano,9.14,95.0,y,,,,,,,,,,,,,,,,,,,,,,,,,,,,,,,,,,
AM16,H42,2009,Tsme,9.85,102.5,y,,,,,,,,,,,,,,,,,,,,,,,,,,,,,,,,,,
AM16,H44,2009,Abam,0.2,11.6,n,,,,,,,,,,,,,,,,,,,,,,,,,,,,,,,,,,
AM16,H44,2009,Cano,6.57,11.8,n,,,,,,,,,,,,,,,,,,,,,,,,,,,,,,,,,,
AM16,H44,2009,Abam,9.48,12.7,n,,,,,,,,,,,,,,,,,,,,,,,,,,,,,,,,,,
AM16,H44,2009,Abam,3.2,12.9,n,,,,,,,,,,,,,,,,,,,,,,,,,,,,,,,,,,
AM16,H44,2009,Abam,8.84,15.9,n,,,,,,,,,,,,,,,,,,,,,,,,,,,,,,,,,,
AM16,H44,2009,Abam,9.95,16.8,n,,,,,,,,,,,,,,,,,,,,,,,,,,,,,,,,,,
AM16,H44,2009,Abam,8.52,19.7,n,,,,,,,,,,,,,,,,,,,,,,,,,,,,,,,,,,
AM16,H44,2009,Abam,7.51,21.7,n,,,,,,,,,,,,,,,,,,,,,,,,,,,,,,,,,,
AM16,H44,2009,Abam,7.48,24.6,n,,,,,,,,,,,,,,,,,,,,,,,,,,,,,,,,,,
AM16,H44,2009,Abam,9.18,24.8,n,,,,,,,,,,,,,,,,,,,,,,,,,,,,,,,,,,
AM16,H44,2009,Abam,8.86,29.8,n,,,,,,,,,,,,,,,,,,,,,,,,,,,,,,,,,,
AM16,H44,2009,Tshe,7.08,32.3,n,,,,,,,,,,,,,,,,,,,,,,,,,,,,,,,,,,
AM16,H44,2009,Abam,9.26,33.6,n,,,,,,,,,,,,,,,,,,,,,,,,,,,,,,,,,,
AM16,H44,2009,Tshe,8.54,36.3,n,,,,,,,,,,,,,,,,,,,,,,,,,,,,,,,,,,
AM16,H44,2009,Abam,9.12,43.7,n,,,,,,,,,,,,,,,,,,,,,,,,,,,,,,,,,,
AM16,H44,2009,Cano,9.37,57.3,n,,,,,,,,,,,,,,,,,,,,,,,,,,,,,,,,,,
AM16,H44,2009,Cano,4.78,58.6,y,,,,,,,,,,,,,,,,,,,,,,,,,,,,,,,,,,
AM16,H44,2009,Cano,3.15,66.7,n,,,,,,,,,,,,,,,,,,,,,,,,,,,,,,,,,,
AM16,H44,2009,Tshe,5.43,78.6,y,,,,,,,,,,,,,,,,,,,,,,,,,,,,,,,,,,
AM16,H44,2009,Cano,5.72,81.7,y,,,,,,,,,,,,,,,,,,,,,,,,,,,,,,,,,,
AM16,H44,2009,Cano,6.45,94.7,y,,,,,,,,,,,,,,,,,,,,,,,,,,,,,,,,,,
AM16,H44,2009,Tshe,10,122.2,y,,,,,,,,,,,,,,,,,,,,,,,,,,,,,,,,,,
AM16,H44,2009,Abam,4.91,187.0,n,,,,,,,,,,,,,,,,,,,,,,,,,,,,,,,,,,
AM16,H45,2009,Abam,5.07,12.4,n,,,,,,,,,,,,,,,,,,,,,,,,,,,,,,,,,,
AM16,H45,2009,Abam,8.59,14.2,n,,,,,,,,,,,,,,,,,,,,,,,,,,,,,,,,,,
AM16,H45,2009,Abam,0.66,14.4,n,,,,,,,,,,,,,,,,,,,,,,,,,,,,,,,,,,
AM16,H45,2009,Abam,9.05,15.8,n,,,,,,,,,,,,,,,,,,,,,,,,,,,,,,,,,,
AM16,H45,2009,Abam,8.28,15.9,n,,,,,,,,,,,,,,,,,,,,,,,,,,,,,,,,,,
AM16,H45,2009,Abam,6.41,17.2,n,,,,,,,,,,,,,,,,,,,,,,,,,,,,,,,,,,
AM16,H45,2009,Abam,9.76,17.2,n,,,,,,,,,,,,,,,,,,,,,,,,,,,,,,,,,,
AM16,H45,2009,Abam,8.44,20.6,n,,,,,,,,,,,,,,,,,,,,,,,,,,,,,,,,,,
AM16,H45,2009,Abam,9.77,21.0,n,,,,,,,,,,,,,,,,,,,,,,,,,,,,,,,,,,
AM16,H45,2009,Abam,4.89,29.6,n,,,,,,,,,,,,,,,,,,,,,,,,,,,,,,,,,,
AM16,H45,2009,Abam,8.06,32.1,n,,,,,,,,,,,,,,,,,,,,,,,,,,,,,,,,,,
AM16,H45,2009,Abam,6.81,33.9,n,,,,,,,,,,,,,,,,,,,,,,,,,,,,,,,,,,
AM16,H45,2009,Abam,5.86,42.6,n,,,,,,,,,,,,,,,,,,,,,,,,,,,,,,,,,,
AM16,H45,2009,Tsme,3.97,63.7,n,,,,,,,,,,,,,,,,,,,,,,,,,,,,,,,,,,
AM16,H45,2009,Tsme,8.97,117.8,y,,,,,,,,,,,,,,,,,,,,,,,,,,,,,,,,,,
AM16,H45,2009,Tsme,9.45,121.8,y,,,,,,,,,,,,,,,,,,,,,,,,,,,,,,,,,,
AM16,H47,2009,Abam,7.08,14.9,n,,,,,,,,,,,,,,,,,,,,,,,,,,,,,,,,,,
AM16,H47,2009,Cano,8.14,14.9,n,,,,,,,,,,,,,,,,,,,,,,,,,,,,,,,,,,
AM16,H47,2009,Abam,8.79,15.2,n,,,,,,,,,,,,,,,,,,,,,,,,,,,,,,,,,,
AM16,H47,2009,Abam,6.48,15.8,n,,,,,,,,,,,,,,,,,,,,,,,,,,,,,,,,,,
AM16,H47,2009,Cano,9.19,16.4,n,,,,,,,,,,,,,,,,,,,,,,,,,,,,,,,,,,
AM16,H47,2009,Tsme,7.12,17.4,n,,,,,,,,,,,,,,,,,,,,,,,,,,,,,,,,,,
AM16,H47,2009,Cano,3.12,21.4,n,,,,,,,,,,,,,,,,,,,,,,,,,,,,,,,,,,
AM16,H47,2009,Cano,9.91,26.9,n,,,,,,,,,,,,,,,,,,,,,,,,,,,,,,,,,,
AM16,H47,2009,Abam,5.29,29.9,n,,,,,,,,,,,,,,,,,,,,,,,,,,,,,,,,,,
AM16,H47,2009,Abam,9.82,33.9,n,,,,,,,,,,,,,,,,,,,,,,,,,,,,,,,,,,
AM16,H47,2009,Abam,7.37,34.2,n,,,,,,,,,,,,,,,,,,,,,,,,,,,,,,,,,,
AM16,H47,2009,Abam,4.56,37.9,n,,,,,,,,,,,,,,,,,,,,,,,,,,,,,,,,,,
AM16,H47,2009,Cano,6.23,41.2,y,,,,,,,,,,,,,,,,,,,,,,,,,,,,,,,,,,
AM16,H47,2009,Abam,9.34,41.8,n,,,,,,,,,,,,,,,,,,,,,,,,,,,,,,,,,,
AM16,H47,2009,Abam,9.8,42.5,y,,,,,,,,,,,,,,,,,,,,,,,,,,,,,,,,,,
AM16,H47,2009,Abam,8.5,43.1,n,,,,,,,,,,,,,,,,,,,,,,,,,,,,,,,,,,
AM16,H47,2009,Cano,6.02,44.3,n,,,,,,,,,,,,,,,,,,,,,,,,,,,,,,,,,,
AM16,H47,2009,Abam,6.4,49.2,n,,,,,,,,,,,,,,,,,,,,,,,,,,,,,,,,,,
AM16,H47,2009,Abam,7.24,51.9,y,,,,,,,,,,,,,,,,,,,,,,,,,,,,,,,,,,
AM16,H47,2009,Abam,6.36,61.7,y,,,,,,,,,,,,,,,,,,,,,,,,,,,,,,,,,,
AM16,H47,2009,Abam,3.47,97.9,y,,,,,,,,,,,,,,,,,,,,,,,,,,,,,,,,,,
AM16,H48,2009,Abam,8.94,10.2,n,,,,,,,,,,,,,,,,,,,,,,,,,,,,,,,,,,
AM16,H48,2009,Abam,6.91,10.4,n,,,,,,,,,,,,,,,,,,,,,,,,,,,,,,,,,,
AM16,H48,2009,Abam,5.22,10.8,n,,,,,,,,,,,,,,,,,,,,,,,,,,,,,,,,,,
AM16,H48,2009,Abam,3.71,11.0,n,,,,,,,,,,,,,,,,,,,,,,,,,,,,,,,,,,
AM16,H48,2009,Abam,8.13,11.4,n,,,,,,,,,,,,,,,,,,,,,,,,,,,,,,,,,,
AM16,H48,2009,Abam,6.16,11.7,n,,,,,,,,,,,,,,,,,,,,,,,,,,,,,,,,,,
AM16,H48,2009,Abam,9.41,12.2,n,,,,,,,,,,,,,,,,,,,,,,,,,,,,,,,,,,
AM16,H48,2009,Abam,6.21,13.0,n,,,,,,,,,,,,,,,,,,,,,,,,,,,,,,,,,,
AM16,H48,2009,Abam,7.93,14.2,n,,,,,,,,,,,,,,,,,,,,,,,,,,,,,,,,,,
AM16,H48,2009,Abam,8.82,15.8,n,,,,,,,,,,,,,,,,,,,,,,,,,,,,,,,,,,
AM16,H48,2009,Abam,3.22,16.6,n,,,,,,,,,,,,,,,,,,,,,,,,,,,,,,,,,,
AM16,H48,2009,Abam,9.85,17.1,n,,,,,,,,,,,,,,,,,,,,,,,,,,,,,,,,,,
AM16,H48,2009,Abam,2.67,17.9,n,,,,,,,,,,,,,,,,,,,,,,,,,,,,,,,,,,
AM16,H48,2009,Abam,5.42,18.1,n,,,,,,,,,,,,,,,,,,,,,,,,,,,,,,,,,,
AM16,H48,2009,Abam,6.41,19.3,n,,,,,,,,,,,,,,,,,,,,,,,,,,,,,,,,,,
AM16,H48,2009,Abam,6.84,19.3,n,,,,,,,,,,,,,,,,,,,,,,,,,,,,,,,,,,
AM16,H48,2009,Abam,7.77,20.9,n,,,,,,,,,,,,,,,,,,,,,,,,,,,,,,,,,,
AM16,H48,2009,Abam,4.39,22.3,n,,,,,,,,,,,,,,,,,,,,,,,,,,,,,,,,,,
AM16,H48,2009,Abam,5.18,24.8,n,,,,,,,,,,,,,,,,,,,,,,,,,,,,,,,,,,
AM16,H48,2009,Abam,6.71,24.8,n,,,,,,,,,,,,,,,,,,,,,,,,,,,,,,,,,,
AM16,H48,2009,Abam,4.46,27.3,n,,,,,,,,,,,,,,,,,,,,,,,,,,,,,,,,,,
AM16,H48,2009,Abam,4.2,31.9,n,,,,,,,,,,,,,,,,,,,,,,,,,,,,,,,,,,
AM16,H48,2009,Cano,9.53,53.8,y,,,,,,,,,,,,,,,,,,,,,,,,,,,,,,,,,,
AM16,H48,2009,Abam,5.49,60.2,y,H27,,,,,,,,,,,,,,,,,,,,,,,,,,,,,,,,,
AM16,H48,2009,Tsme,7.52,63.3,y,,,,,,,,,,,,,,,,,,,,,,,,,,,,,,,,,,
AM16,H48,2009,Cano,5.88,70.4,y,H28,,,,,,,,,,,,,,,,,,,,,,,,,,,,,,,,,
AM16,H48,2009,Cano,1.76,74.2,y,,,,,,,,,,,,,,,,,,,,,,,,,,,,,,,,,,
AM16,H49,2009,Abam,6.71,10.0,n,,,,,,,,,,,,,,,,,,,,,,,,,,,,,,,,,,
AM16,H49,2009,Tshe,2.12,12.5,n,,,,,,,,,,,,,,,,,,,,,,,,,,,,,,,,,,
AM16,H49,2009,Abam,4.77,13.0,n,,,,,,,,,,,,,,,,,,,,,,,,,,,,,,,,,,
AM16,H49,2009,Cano,5.19,13.3,n,,,,,,,,,,,,,,,,,,,,,,,,,,,,,,,,,,
AM16,H49,2009,Abam,6.64,14.6,n,,,,,,,,,,,,,,,,,,,,,,,,,,,,,,,,,,
AM16,H49,2009,Abam,7.98,19.8,n,,,,,,,,,,,,,,,,,,,,,,,,,,,,,,,,,,
AM16,H49,2009,Cano,5.87,20.2,n,,,,,,,,,,,,,,,,,,,,,,,,,,,,,,,,,,
AM16,H49,2009,Cano,8.04,32.8,n,,,,,,,,,,,,,,,,,,,,,,,,,,,,,,,,,,
AM16,H49,2009,Cano,6.45,36.2,n,,,,,,,,,,,,,,,,,,,,,,,,,,,,,,,,,,
AM16,H49,2009,Abam,9.35,37.6,y,,,,,,,,,,,,,,,,,,,,,,,,,,,,,,,,,,
AM16,H49,2009,Cano,4.56,42.8,n,,,,,,,,,,,,,,,,,,,,,,,,,,,,,,,,,,
AM16,H49,2009,Cano,8.62,56.3,n,,,,,,,,,,,,,,,,,,,,,,,,,,,,,,,,,,
AM16,H5,2008,Abam,4.69,10.2,n,,,,,,,,,,,,,,,,,,,,,,,,,,,,,,,,,,
AM16,H5,2008,Abam,9.98,10.3,n,,,,,,,,,,,,,,,,,,,,,,,,,,,,,,,,,,
AM16,H5,2008,Abam,8.95,10.5,n,,,,,,,,,,,,,,,,,,,,,,,,,,,,,,,,,,
AM16,H5,2008,Abam,5.14,11.5,n,,,,,,,,,,,,,,,,,,,,,,,,,,,,,,,,,,
AM16,H5,2008,Abam,3.96,11.7,n,,,,,,,,,,,,,,,,,,,,,,,,,,,,,,,,,,
AM16,H5,2008,Abam,6.94,12.0,n,,,,,,,,,,,,,,,,,,,,,,,,,,,,,,,,,,
AM16,H5,2008,Abam,7.43,12.0,n,,,,,,,,,,,,,,,,,,,,,,,,,,,,,,,,,,
AM16,H5,2008,Abam,8.46,12.0,n,,,,,,,,,,,,,,,,,,,,,,,,,,,,,,,,,,
AM16,H5,2008,Abam,3.09,12.2,n,,,,,,,,,,,,,,,,,,,,,,,,,,,,,,,,,,
AM16,H5,2008,Abam,5.58,12.5,n,,,,,,,,,,,,,,,,,,,,,,,,,,,,,,,,,,
AM16,H5,2008,Abam,2.45,12.7,n,,,,,,,,,,,,,,,,,,,,,,,,,,,,,,,,,,
AM16,H5,2008,Tshe,7.15,12.8,n,,,,,,,,,,,,,,,,,,,,,,,,,,,,,,,,,,
AM16,H5,2008,Abam,6.68,13.1,n,,,,,,,,,,,,,,,,,,,,,,,,,,,,,,,,,,
AM16,H5,2008,Abam,1.74,13.5,n,,,,,,,,,,,,,,,,,,,,,,,,,,,,,,,,,,
AM16,H5,2008,Abam,7.61,13.8,n,,,,,,,,,,,,,,,,,,,,,,,,,,,,,,,,,,
AM16,H5,2008,Abam,7.15,14.2,n,,,,,,,,,,,,,,,,,,,,,,,,,,,,,,,,,,
AM16,H5,2008,Abam,2.53,14.7,n,,,,,,,,,,,,,,,,,,,,,,,,,,,,,,,,,,
AM16,H5,2008,Tshe,7.1,14.8,n,,,,,,,,,,,,,,,,,,,,,,,,,,,,,,,,,,
AM16,H5,2008,Abam,3.62,14.9,n,,,,,,,,,,,,,,,,,,,,,,,,,,,,,,,,,,
AM16,H5,2008,Abam,8.29,16.0,n,,,,,,,,,,,,,,,,,,,,,,,,,,,,,,,,,,
AM16,H5,2008,Abam,8.6,18.6,n,,,,,,,,,,,,,,,,,,,,,,,,,,,,,,,,,,
AM16,H5,2008,Abam,7.99,18.8,n,,,,,,,,,,,,,,,,,,,,,,,,,,,,,,,,,,
AM16,H5,2008,Abam,7.77,21.0,n,,,,,,,,,,,,,,,,,,,,,,,,,,,,,,,,,,
AM16,H5,2008,Abam,7.59,21.1,n,,,,,,,,,,,,,,,,,,,,,,,,,,,,,,,,,,
AM16,H5,2008,Abam,1.78,22.6,n,,,,,,,,,,,,,,,,,,,,,,,,,,,,,,,,,,
AM16,H5,2008,Abam,8.26,25.1,n,,,,,,,,,,,,,,,,,,,,,,,,,,,,,,,,,,
AM16,H5,2008,Abam,3.41,25.7,n,,,,,,,,,,,,,,,,,,,,,,,,,,,,,,,,,,
AM16,H5,2008,Abam,7.61,31.3,n,,,,,,,,,,,,,,,,,,,,,,,,,,,,,,,,,,
AM16,H5,2008,Abam,4.46,31.9,n,,,,,,,,,,,,,,,,,,,,,,,,,,,,,,,,,,
AM16,H5,2008,Abam,3.1,36.6,y,,,,,,,,,,,,,,,,,,,,,,,,,,,,,,,,,,
AM16,H5,2008,Abam,6.79,44.8,y,,,,,,,,,,,,,,,,,,,,,,,,,,,,,,,,,,
AM16,H5,2008,Abam,1.99,46.7,y,,,,,,,,,,,,,,,,,,,,,,,,,,,,,,,,,,
AM16,H5,2008,Tsme,6.59,95.3,y,,,,,,,,,,,,,,,,,,,,,,,,,,,,,,,,,,
AM16,H52,2009,Abam,5.29,11.6,n,,,,,,,,,,,,,,,,,,,,,,,,,,,,,,,,,,
AM16,H52,2009,Abam,6.49,11.7,n,,,,,,,,,,,,,,,,,,,,,,,,,,,,,,,,,,
AM16,H52,2009,Abam,6.85,12.5,n,,,,,,,,,,,,,,,,,,,,,,,,,,,,,,,,,,
AM16,H52,2009,Abam,7,12.6,n,,,,,,,,,,,,,,,,,,,,,,,,,,,,,,,,,,
AM16,H52,2009,Abam,6.59,15.6,n,,,,,,,,,,,,,,,,,,,,,,,,,,,,,,,,,,
AM16,H52,2009,Abam,8.47,15.8,n,,,,,,,,,,,,,,,,,,,,,,,,,,,,,,,,,,
AM16,H52,2009,Abam,7.21,23.6,n,,,,,,,,,,,,,,,,,,,,,,,,,,,,,,,,,,
AM16,H52,2009,Abam,6.01,24.0,n,,,,,,,,,,,,,,,,,,,,,,,,,,,,,,,,,,
AM16,H52,2009,Abam,9.06,24.3,n,,,,,,,,,,,,,,,,,,,,,,,,,,,,,,,,,,
AM16,H52,2009,Abam,4.49,28.7,n,,,,,,,,,,,,,,,,,,,,,,,,,,,,,,,,,,
AM16,H52,2009,Abam,3.09,33.5,n,,,,,,,,,,,,,,,,,,,,,,,,,,,,,,,,,,
AM16,H52,2009,Abam,5.39,44.7,,canopy status never observed,,,,,,,,,,,,,,,,,,,,,,,,,,,,,,,,,
AM16,H52,2009,Cano,8.62,50.9,y,  ,,,,,,,,,,,,,,,,,,,,,,,,,,,,,,,,,
AM16,H52,2009,Cano,4.8,55.5,y,,,,,,,,,,,,,,,,,,,,,,,,,,,,,,,,,,
AM16,H52,2009,Abam,3.42,57.9,y,,,,,,,,,,,,,,,,,,,,,,,,,,,,,,,,,,
AM16,H52,2009,Cano,9.76,61.9,y,,,,,,,,,,,,,,,,,,,,,,,,,,,,,,,,,,
AM16,H52,2009,Cano,7.41,64.4,y,,,,,,,,,,,,,,,,,,,,,,,,,,,,,,,,,,
AM16,H52,2009,Tshe,7.56,79.1,y,,,,,,,,,,,,,,,,,,,,,,,,,,,,,,,,,,
AM16,H52,2009,Cano,8.18,95.6,y,,,,,,,,,,,,,,,,,,,,,,,,,,,,,,,,,,
AM16,H52,2009,Abam,0.45,,n,dbh never observed,,,,,,,,,,,,,,,,,,,,,,,,,,,,,,,,,
AM16,H53,2009,Abam,4.07,13.9,n,,,,,,,,,,,,,,,,,,,,,,,,,,,,,,,,,,
AM16,H53,2009,Abam,2.36,20.2,n,,,,,,,,,,,,,,,,,,,,,,,,,,,,,,,,,,
AM16,H53,2009,Tshe,8.83,34.2,n,,,,,,,,,,,,,,,,,,,,,,,,,,,,,,,,,,
AM16,H53,2009,Abam,6.68,34.6,n,,,,,,,,,,,,,,,,,,,,,,,,,,,,,,,,,,
AM16,H53,2009,Abam,2.56,35.6,n,,,,,,,,,,,,,,,,,,,,,,,,,,,,,,,,,,
AM16,H53,2009,Tshe,6.14,36.5,n,,,,,,,,,,,,,,,,,,,,,,,,,,,,,,,,,,
AM16,H53,2009,Abam,6.55,38.3,n,,,,,,,,,,,,,,,,,,,,,,,,,,,,,,,,,,
AM16,H53,2009,Tshe,7.19,53.4,y,,,,,,,,,,,,,,,,,,,,,,,,,,,,,,,,,,
AM16,H53,2009,Cano,5.06,58.9,n,,,,,,,,,,,,,,,,,,,,,,,,,,,,,,,,,,
AM16,H53,2009,Tshe,8.52,72.8,y,,,,,,,,,,,,,,,,,,,,,,,,,,,,,,,,,,
AM16,H53,2009,Cano,8.84,86.5,y,,,,,,,,,,,,,,,,,,,,,,,,,,,,,,,,,,
AM16,H53,2009,Cano,7.1,89.3,y,H43,,,,,,,,,,,,,,,,,,,,,,,,,,,,,,,,,
AM16,H53,2009,Tshe,6.08,109.5,y,,,,,,,,,,,,,,,,,,,,,,,,,,,,,,,,,,
AM16,H53,2009,Abam,7.92,115.7,n,,,,,,,,,,,,,,,,,,,,,,,,,,,,,,,,,,
AM16,H54,2009,Abam,8.37,11.2,n,,,,,,,,,,,,,,,,,,,,,,,,,,,,,,,,,,
AM16,H54,2009,Abam,9.57,12.2,n,,,,,,,,,,,,,,,,,,,,,,,,,,,,,,,,,,
AM16,H54,2009,Abam,6.78,13.5,n,,,,,,,,,,,,,,,,,,,,,,,,,,,,,,,,,,
AM16,H54,2009,Abam,6.36,15.1,n,,,,,,,,,,,,,,,,,,,,,,,,,,,,,,,,,,
AM16,H54,2009,Abam,8.37,15.6,n,,,,,,,,,,,,,,,,,,,,,,,,,,,,,,,,,,
AM16,H54,2009,Abam,1.64,24.4,n,,,,,,,,,,,,,,,,,,,,,,,,,,,,,,,,,,
AM16,H54,2009,Abam,9.63,24.5,n,,,,,,,,,,,,,,,,,,,,,,,,,,,,,,,,,,
AM16,H54,2009,Abam,9.86,33.4,n,,,,,,,,,,,,,,,,,,,,,,,,,,,,,,,,,,
AM16,H54,2009,Abam,7.39,58.4,y,,,,,,,,,,,,,,,,,,,,,,,,,,,,,,,,,,
AM16,H54,2009,Abam,8.79,60.1,y,H21,,,,,,,,,,,,,,,,,,,,,,,,,,,,,,,,,
AM16,H54,2009,Cano,6.9,74.0,n,,,,,,,,,,,,,,,,,,,,,,,,,,,,,,,,,,
AM16,H54,2009,Cano,9.18,77.7,n,H22,,,,,,,,,,,,,,,,,,,,,,,,,,,,,,,,,
AM16,H54,2009,Tshe,3.99,119.3,y,,,,,,,,,,,,,,,,,,,,,,,,,,,,,,,,,,
AM16,H54,2009,Tshe,6.32,123.8,y,,,,,,,,,,,,,,,,,,,,,,,,,,,,,,,,,,
AM16,H55,2009,Abam,7.15,10.2,n,,,,,,,,,,,,,,,,,,,,,,,,,,,,,,,,,,
AM16,H55,2009,Abam,8.27,10.6,n,,,,,,,,,,,,,,,,,,,,,,,,,,,,,,,,,,
AM16,H55,2009,Abam,9.17,11.2,n,,,,,,,,,,,,,,,,,,,,,,,,,,,,,,,,,,
AM16,H55,2009,Abam,8.15,12.2,n,,,,,,,,,,,,,,,,,,,,,,,,,,,,,,,,,,
AM16,H55,2009,Abam,5.2,12.7,n,,,,,,,,,,,,,,,,,,,,,,,,,,,,,,,,,,
AM16,H55,2009,Abam,5.42,12.7,n,,,,,,,,,,,,,,,,,,,,,,,,,,,,,,,,,,
AM16,H55,2009,Abam,6.74,16.6,n,,,,,,,,,,,,,,,,,,,,,,,,,,,,,,,,,,
AM16,H55,2009,Abam,7.25,17.7,n,,,,,,,,,,,,,,,,,,,,,,,,,,,,,,,,,,
AM16,H55,2009,Abam,7.24,18.8,n,,,,,,,,,,,,,,,,,,,,,,,,,,,,,,,,,,
AM16,H55,2009,Abam,3.86,19.2,n,,,,,,,,,,,,,,,,,,,,,,,,,,,,,,,,,,
AM16,H55,2009,Abam,5.54,22.0,n,,,,,,,,,,,,,,,,,,,,,,,,,,,,,,,,,,
AM16,H55,2009,Abam,6.4,23.2,n,,,,,,,,,,,,,,,,,,,,,,,,,,,,,,,,,,
AM16,H55,2009,Abam,6.55,28.0,n,,,,,,,,,,,,,,,,,,,,,,,,,,,,,,,,,,
AM16,H55,2009,Cano,9.42,28.6,n,,,,,,,,,,,,,,,,,,,,,,,,,,,,,,,,,,
AM16,H55,2009,Abam,0.68,39.7,n,,,,,,,,,,,,,,,,,,,,,,,,,,,,,,,,,,
AM16,H55,2009,Cano,7.06,52.3,n,,,,,,,,,,,,,,,,,,,,,,,,,,,,,,,,,,
AM16,H55,2009,Tshe,8.97,80.8,n,,,,,,,,,,,,,,,,,,,,,,,,,,,,,,,,,,
AM16,H55,2009,Tshe,6.28,109.2,y,,,,,,,,,,,,,,,,,,,,,,,,,,,,,,,,,,
AM16,H56,2009,Abam,6.13,12.0,n,,,,,,,,,,,,,,,,,,,,,,,,,,,,,,,,,,
AM16,H56,2009,Abam,9.94,13.0,n,,,,,,,,,,,,,,,,,,,,,,,,,,,,,,,,,,
AM16,H56,2009,Tshe,4.76,14.6,n,,,,,,,,,,,,,,,,,,,,,,,,,,,,,,,,,,
AM16,H56,2009,Abam,3.79,16.0,n,,,,,,,,,,,,,,,,,,,,,,,,,,,,,,,,,,
AM16,H56,2009,Abam,7.2,17.0,n,,,,,,,,,,,,,,,,,,,,,,,,,,,,,,,,,,
AM16,H56,2009,Abam,4.56,17.1,n,,,,,,,,,,,,,,,,,,,,,,,,,,,,,,,,,,
AM16,H56,2009,Abam,3.8,18.5,n,,,,,,,,,,,,,,,,,,,,,,,,,,,,,,,,,,
AM16,H56,2009,Abam,5.64,20.6,n,,,,,,,,,,,,,,,,,,,,,,,,,,,,,,,,,,
AM16,H56,2009,Abam,4.41,25.5,n,,,,,,,,,,,,,,,,,,,,,,,,,,,,,,,,,,
AM16,H56,2009,Abam,8.68,26.4,n,,,,,,,,,,,,,,,,,,,,,,,,,,,,,,,,,,
AM16,H56,2009,Abam,5.72,32.5,n,,,,,,,,,,,,,,,,,,,,,,,,,,,,,,,,,,
AM16,H56,2009,Abam,7.25,34.1,n,,,,,,,,,,,,,,,,,,,,,,,,,,,,,,,,,,
AM16,H56,2009,Cano,7.2,47.9,n,,,,,,,,,,,,,,,,,,,,,,,,,,,,,,,,,,
AM16,H56,2009,Tshe,6.48,72.3,n,,,,,,,,,,,,,,,,,,,,,,,,,,,,,,,,,,
AM16,H56,2009,Tshe,5.99,76.3,y,,,,,,,,,,,,,,,,,,,,,,,,,,,,,,,,,,
AM16,H56,2009,Tshe,7.95,89.0,n,,,,,,,,,,,,,,,,,,,,,,,,,,,,,,,,,,
AM16,H56,2009,Tsme,8.87,112.5,y,H57,,,,,,,,,,,,,,,,,,,,,,,,,,,,,,,,,
AM16,H56,2009,Psme,6.16,132.7,y,,,,,,,,,,,,,,,,,,,,,,,,,,,,,,,,,,
AM16,H57,2009,Abam,9.39,10.2,n,,,,,,,,,,,,,,,,,,,,,,,,,,,,,,,,,,
AM16,H57,2009,Abam,7.72,14.3,n,,,,,,,,,,,,,,,,,,,,,,,,,,,,,,,,,,
AM16,H57,2009,Cano,8.13,14.7,n,,,,,,,,,,,,,,,,,,,,,,,,,,,,,,,,,,
AM16,H57,2009,Cano,3.5,14.8,n,,,,,,,,,,,,,,,,,,,,,,,,,,,,,,,,,,
AM16,H57,2009,Cano,5,16.0,n,,,,,,,,,,,,,,,,,,,,,,,,,,,,,,,,,,
AM16,H57,2009,Abam,8.02,17.0,n,,,,,,,,,,,,,,,,,,,,,,,,,,,,,,,,,,
AM16,H57,2009,Cano,5.94,17.1,n,,,,,,,,,,,,,,,,,,,,,,,,,,,,,,,,,,
AM16,H57,2009,Cano,4.54,25.3,n,,,,,,,,,,,,,,,,,,,,,,,,,,,,,,,,,,
AM16,H57,2009,Abam,3.38,28.1,n,,,,,,,,,,,,,,,,,,,,,,,,,,,,,,,,,,
AM16,H57,2009,Cano,4.2,31.8,n,,,,,,,,,,,,,,,,,,,,,,,,,,,,,,,,,,
AM16,H57,2009,Abam,8.91,32.1,y,,,,,,,,,,,,,,,,,,,,,,,,,,,,,,,,,,
AM16,H57,2009,Abam,8.38,33.3,n,,,,,,,,,,,,,,,,,,,,,,,,,,,,,,,,,,
AM16,H57,2009,Abam,4.4,36.8,n,,,,,,,,,,,,,,,,,,,,,,,,,,,,,,,,,,
AM16,H57,2009,Cano,7.54,42.0,y,,,,,,,,,,,,,,,,,,,,,,,,,,,,,,,,,,
AM16,H57,2009,Cano,9.61,55.2,y,,,,,,,,,,,,,,,,,,,,,,,,,,,,,,,,,,
AM16,H57,2009,Abam,9.54,58.1,y,,,,,,,,,,,,,,,,,,,,,,,,,,,,,,,,,,
AM16,H57,2009,Cano,8.66,64.6,n,,,,,,,,,,,,,,,,,,,,,,,,,,,,,,,,,,
AM16,H57,2009,Tshe,8.19,73.2,y,H46,,,,,,,,,,,,,,,,,,,,,,,,,,,,,,,,,
AM16,H57,2009,Tshe,6.2,78.5,y,,,,,,,,,,,,,,,,,,,,,,,,,,,,,,,,,,
AM16,H57,2009,Tshe,7.72,86.4,n,,,,,,,,,,,,,,,,,,,,,,,,,,,,,,,,,,
AM16,H57,2009,Tshe,6.76,109.2,y,,,,,,,,,,,,,,,,,,,,,,,,,,,,,,,,,,
AM16,H58,2009,Tsme,6.38,17.9,n,,,,,,,,,,,,,,,,,,,,,,,,,,,,,,,,,,
AM16,H58,2009,Abam,5.36,18.0,n,,,,,,,,,,,,,,,,,,,,,,,,,,,,,,,,,,
AM16,H58,2009,Tshe,7.77,18.1,n,,,,,,,,,,,,,,,,,,,,,,,,,,,,,,,,,,
AM16,H58,2009,Abam,0.64,24.3,n,,,,,,,,,,,,,,,,,,,,,,,,,,,,,,,,,,
AM16,H58,2009,Abam,9.71,29.9,n,,,,,,,,,,,,,,,,,,,,,,,,,,,,,,,,,,
AM16,H58,2009,Abam,7.43,30.0,n,,,,,,,,,,,,,,,,,,,,,,,,,,,,,,,,,,
AM16,H58,2009,Abam,4.59,39.5,n,,,,,,,,,,,,,,,,,,,,,,,,,,,,,,,,,,
AM16,H58,2009,Abam,1.1,42.2,n,,,,,,,,,,,,,,,,,,,,,,,,,,,,,,,,,,
AM16,H58,2009,Abam,7.86,42.8,n,,,,,,,,,,,,,,,,,,,,,,,,,,,,,,,,,,
AM16,H58,2009,Cano,6.93,44.4,n,,,,,,,,,,,,,,,,,,,,,,,,,,,,,,,,,,
AM16,H58,2009,Abam,0.81,45.5,n,,,,,,,,,,,,,,,,,,,,,,,,,,,,,,,,,,
AM16,H58,2009,Abam,3.36,46.1,n,,,,,,,,,,,,,,,,,,,,,,,,,,,,,,,,,,
AM16,H58,2009,Abam,6.73,62.8,n,,,,,,,,,,,,,,,,,,,,,,,,,,,,,,,,,,
AM16,H58,2009,Abam,8.84,63.5,y,,,,,,,,,,,,,,,,,,,,,,,,,,,,,,,,,,
AM16,H58,2009,Abam,9.82,72.9,n,,,,,,,,,,,,,,,,,,,,,,,,,,,,,,,,,,
AM16,H58,2009,Abam,2.77,74.8,y,,,,,,,,,,,,,,,,,,,,,,,,,,,,,,,,,,
AM16,H58,2009,Abam,8.48,98.5,y,,,,,,,,,,,,,,,,,,,,,,,,,,,,,,,,,,
AM16,H59,2009,Abam,3.33,10.1,n,,,,,,,,,,,,,,,,,,,,,,,,,,,,,,,,,,
AM16,H59,2009,Abam,8.1,10.1,n,,,,,,,,,,,,,,,,,,,,,,,,,,,,,,,,,,
AM16,H59,2009,Abam,3.81,10.5,n,,,,,,,,,,,,,,,,,,,,,,,,,,,,,,,,,,
AM16,H59,2009,Abam,5.69,11.5,n,,,,,,,,,,,,,,,,,,,,,,,,,,,,,,,,,,
AM16,H59,2009,Abam,6.45,12.7,n,,,,,,,,,,,,,,,,,,,,,,,,,,,,,,,,,,
AM16,H59,2009,Abam,8.54,13.1,n,,,,,,,,,,,,,,,,,,,,,,,,,,,,,,,,,,
AM16,H59,2009,Abam,2.64,14.8,n,,,,,,,,,,,,,,,,,,,,,,,,,,,,,,,,,,
AM16,H59,2009,Abam,6.5,15.8,n,,,,,,,,,,,,,,,,,,,,,,,,,,,,,,,,,,
AM16,H59,2009,Abam,5.05,16.0,n,,,,,,,,,,,,,,,,,,,,,,,,,,,,,,,,,,
AM16,H59,2009,Abam,1.18,16.9,n,,,,,,,,,,,,,,,,,,,,,,,,,,,,,,,,,,
AM16,H59,2009,Abam,8.99,18.0,n,,,,,,,,,,,,,,,,,,,,,,,,,,,,,,,,,,
AM16,H59,2009,Abam,9.29,18.1,n,,,,,,,,,,,,,,,,,,,,,,,,,,,,,,,,,,
AM16,H59,2009,Abam,9.54,18.4,n,,,,,,,,,,,,,,,,,,,,,,,,,,,,,,,,,,
AM16,H59,2009,Abam,7.46,19.5,n,,,,,,,,,,,,,,,,,,,,,,,,,,,,,,,,,,
AM16,H59,2009,Abam,5.01,20.9,n,,,,,,,,,,,,,,,,,,,,,,,,,,,,,,,,,,
AM16,H59,2009,Abam,2.77,24.7,n,,,,,,,,,,,,,,,,,,,,,,,,,,,,,,,,,,
AM16,H59,2009,Abam,3.83,27.5,n,,,,,,,,,,,,,,,,,,,,,,,,,,,,,,,,,,
AM16,H59,2009,Abam,8.64,30.7,n,,,,,,,,,,,,,,,,,,,,,,,,,,,,,,,,,,
AM16,H59,2009,Abam,9.58,42.1,n,,,,,,,,,,,,,,,,,,,,,,,,,,,,,,,,,,
AM16,H59,2009,Cano,8.67,44.0,n,,,,,,,,,,,,,,,,,,,,,,,,,,,,,,,,,,
AM16,H59,2009,Tshe,9.09,45.8,n,,,,,,,,,,,,,,,,,,,,,,,,,,,,,,,,,,
AM16,H59,2009,Abam,3.77,46.2,n,,,,,,,,,,,,,,,,,,,,,,,,,,,,,,,,,,
AM16,H59,2009,Cano,5.31,48.1,n,,,,,,,,,,,,,,,,,,,,,,,,,,,,,,,,,,
AM16,H59,2009,Tsme,4.06,61.1,n,H27,,,,,,,,,,,,,,,,,,,,,,,,,,,,,,,,,
AM16,H59,2009,Cano,3.56,71.9,n,H28,,,,,,,,,,,,,,,,,,,,,,,,,,,,,,,,,
AM16,H59,2009,Cano,7.34,72.3,n,,,,,,,,,,,,,,,,,,,,,,,,,,,,,,,,,,
AM16,H59,2009,Tsme,9.47,104.9,y,H26,,,,,,,,,,,,,,,,,,,,,,,,,,,,,,,,,
AM16,H59,2009,Tsme,5.92,105.8,y,,,,,,,,,,,,,,,,,,,,,,,,,,,,,,,,,,
AM16,H59,2009,Abam,7.35,131.0,n,,,,,,,,,,,,,,,,,,,,,,,,,,,,,,,,,,
AM16,H6,2008,Abam,1.35,10.2,n,,,,,,,,,,,,,,,,,,,,,,,,,,,,,,,,,,
AM16,H6,2008,Abam,9.68,10.2,n,,,,,,,,,,,,,,,,,,,,,,,,,,,,,,,,,,
AM16,H6,2008,Abam,2.91,10.4,n,crown missing,,,,,,,,,,,,,,,,,,,,,,,,,,,,,,,,,
AM16,H6,2008,Abam,7.37,11.2,n,,,,,,,,,,,,,,,,,,,,,,,,,,,,,,,,,,
AM16,H6,2008,Abam,8.71,11.4,n,,,,,,,,,,,,,,,,,,,,,,,,,,,,,,,,,,
AM16,H6,2008,Abam,7.51,11.7,n,,,,,,,,,,,,,,,,,,,,,,,,,,,,,,,,,,
AM16,H6,2008,Abam,7.84,12.6,n,,,,,,,,,,,,,,,,,,,,,,,,,,,,,,,,,,
AM16,H6,2008,Abam,0.82,12.7,n,,,,,,,,,,,,,,,,,,,,,,,,,,,,,,,,,,
AM16,H6,2008,Abam,4,12.7,n,,,,,,,,,,,,,,,,,,,,,,,,,,,,,,,,,,
AM16,H6,2008,Abam,9.57,12.7,n,,,,,,,,,,,,,,,,,,,,,,,,,,,,,,,,,,
AM16,H6,2008,Abam,9.98,12.9,n,,,,,,,,,,,,,,,,,,,,,,,,,,,,,,,,,,
AM16,H6,2008,Cano,5.41,13.5,n,,,,,,,,,,,,,,,,,,,,,,,,,,,,,,,,,,
AM16,H6,2008,Cano,8.42,14.7,n,,,,,,,,,,,,,,,,,,,,,,,,,,,,,,,,,,
AM16,H6,2008,Abam,6.43,14.8,n,,,,,,,,,,,,,,,,,,,,,,,,,,,,,,,,,,
AM16,H6,2008,Abam,6.24,14.9,n,,,,,,,,,,,,,,,,,,,,,,,,,,,,,,,,,,
AM16,H6,2008,Abam,9.33,15.6,n,,,,,,,,,,,,,,,,,,,,,,,,,,,,,,,,,,
AM16,H6,2008,Abam,3.96,15.8,n,,,,,,,,,,,,,,,,,,,,,,,,,,,,,,,,,,
AM16,H6,2008,Abam,2.4,16.9,n,,,,,,,,,,,,,,,,,,,,,,,,,,,,,,,,,,
AM16,H6,2008,Abam,8,18.2,n,,,,,,,,,,,,,,,,,,,,,,,,,,,,,,,,,,
AM16,H6,2008,Cano,8.63,18.5,n,,,,,,,,,,,,,,,,,,,,,,,,,,,,,,,,,,
AM16,H6,2008,Abam,5.99,19.0,n,,,,,,,,,,,,,,,,,,,,,,,,,,,,,,,,,,
AM16,H6,2008,Abam,4.76,19.1,n,,,,,,,,,,,,,,,,,,,,,,,,,,,,,,,,,,
AM16,H6,2008,Abam,8.33,42.2,y,,,,,,,,,,,,,,,,,,,,,,,,,,,,,,,,,,
AM16,H6,2008,Abam,7.06,50.2,y,,,,,,,,,,,,,,,,,,,,,,,,,,,,,,,,,,
AM16,H6,2008,Tsme,6.37,57.6,y,,,,,,,,,,,,,,,,,,,,,,,,,,,,,,,,,,
AM16,H6,2008,Tsme,8.43,64.3,n,,,,,,,,,,,,,,,,,,,,,,,,,,,,,,,,,,
AM16,H6,2008,Tsme,9.21,73.8,y,,,,,,,,,,,,,,,,,,,,,,,,,,,,,,,,,,
AM16,H6,2008,Tsme,9.67,97.9,y,,,,,,,,,,,,,,,,,,,,,,,,,,,,,,,,,,
AM16,H63,2009,Abam,0.83,15.6,n,,,,,,,,,,,,,,,,,,,,,,,,,,,,,,,,,,
AM16,H63,2009,Abam,7.44,16.3,n,,,,,,,,,,,,,,,,,,,,,,,,,,,,,,,,,,
AM16,H63,2009,Abam,8.32,17.9,n,,,,,,,,,,,,,,,,,,,,,,,,,,,,,,,,,,
AM16,H63,2009,Abam,6.57,18.0,n,,,,,,,,,,,,,,,,,,,,,,,,,,,,,,,,,,
AM16,H63,2009,Abam,6.51,19.3,n,,,,,,,,,,,,,,,,,,,,,,,,,,,,,,,,,,
AM16,H63,2009,Abam,6.91,27.7,n,,,,,,,,,,,,,,,,,,,,,,,,,,,,,,,,,,
AM16,H63,2009,Cano,4.49,37.2,n,,,,,,,,,,,,,,,,,,,,,,,,,,,,,,,,,,
AM16,H63,2009,Tsme,5.47,39.0,n,,,,,,,,,,,,,,,,,,,,,,,,,,,,,,,,,,
AM16,H63,2009,Cano,5.52,40.5,n,,,,,,,,,,,,,,,,,,,,,,,,,,,,,,,,,,
AM16,H63,2009,Abam,3.56,41.2,n,,,,,,,,,,,,,,,,,,,,,,,,,,,,,,,,,,
AM16,H63,2009,Abam,7.56,50.4,n,,,,,,,,,,,,,,,,,,,,,,,,,,,,,,,,,,
AM16,H63,2009,Tsme,6.92,51.0,n,,,,,,,,,,,,,,,,,,,,,,,,,,,,,,,,,,
AM16,H63,2009,Cano,7.66,51.8,n,"these two trees with DBH = 51.8 are grown together and ~ in size, so DBH for each = 1/2 of total DBH",,,,,,,,,,,,,,,,,,,,,,,,,,,,,,,,,
AM16,H63,2009,Tshe,7.28,51.8,n,,,,,,,,,,,,,,,,,,,,,,,,,,,,,,,,,,
AM16,H63,2009,Abam,6.71,56.2,y,,,,,,,,,,,,,,,,,,,,,,,,,,,,,,,,,,
AM16,H63,2009,Cano,5.37,62.0,n,,,,,,,,,,,,,,,,,,,,,,,,,,,,,,,,,,
AM16,H63,2009,Cano,8.6,63.2,n,,,,,,,,,,,,,,,,,,,,,,,,,,,,,,,,,,
AM16,H63,2009,Tsme,7.58,64.9,y,,,,,,,,,,,,,,,,,,,,,,,,,,,,,,,,,,
AM16,H63,2009,Cano,2.27,66.7,n,,,,,,,,,,,,,,,,,,,,,,,,,,,,,,,,,,
AM16,H63,2009,Tshe,8.14,70.4,y,,,,,,,,,,,,,,,,,,,,,,,,,,,,,,,,,,
AM16,H63,2009,Cano,3.37,83.4,n,,,,,,,,,,,,,,,,,,,,,,,,,,,,,,,,,,
AM16,H63,2009,Tsme,3.61,113.0,y,,,,,,,,,,,,,,,,,,,,,,,,,,,,,,,,,,
AM16,H64,2009,Abam,7.09,10.5,n,,,,,,,,,,,,,,,,,,,,,,,,,,,,,,,,,,
AM16,H64,2009,Abam,5.29,11.1,n,,,,,,,,,,,,,,,,,,,,,,,,,,,,,,,,,,
AM16,H64,2009,Abam,7.67,12.0,n,,,,,,,,,,,,,,,,,,,,,,,,,,,,,,,,,,
AM16,H64,2009,Abam,3.11,13.0,n,,,,,,,,,,,,,,,,,,,,,,,,,,,,,,,,,,
AM16,H64,2009,Abam,3.75,13.2,n,,,,,,,,,,,,,,,,,,,,,,,,,,,,,,,,,,
AM16,H64,2009,Abam,7.87,13.3,n,,,,,,,,,,,,,,,,,,,,,,,,,,,,,,,,,,
AM16,H64,2009,Tshe,9.98,18.3,n,,,,,,,,,,,,,,,,,,,,,,,,,,,,,,,,,,
AM16,H64,2009,Cano,9.38,35.8,n,,,,,,,,,,,,,,,,,,,,,,,,,,,,,,,,,,
AM16,H64,2009,Abam,9.19,36.3,n,,,,,,,,,,,,,,,,,,,,,,,,,,,,,,,,,,
AM16,H64,2009,Cano,2.5,38.4,n,,,,,,,,,,,,,,,,,,,,,,,,,,,,,,,,,,
AM16,H64,2009,Cano,8.36,39.8,n,,,,,,,,,,,,,,,,,,,,,,,,,,,,,,,,,,
AM16,H64,2009,Abam,8.87,46.8,n,,,,,,,,,,,,,,,,,,,,,,,,,,,,,,,,,,
AM16,H64,2009,Tsme,7.5,50.2,n,,,,,,,,,,,,,,,,,,,,,,,,,,,,,,,,,,
AM16,H64,2009,Abam,10,50.2,n,,,,,,,,,,,,,,,,,,,,,,,,,,,,,,,,,,
AM16,H64,2009,Abam,8.88,55.5,y,,,,,,,,,,,,,,,,,,,,,,,,,,,,,,,,,,
AM16,H64,2009,Tsme,2.41,55.6,n,,,,,,,,,,,,,,,,,,,,,,,,,,,,,,,,,,
AM16,H64,2009,Cano,5.04,59.3,n,,,,,,,,,,,,,,,,,,,,,,,,,,,,,,,,,,
AM16,H64,2009,Cano,9.04,61.1,n,,,,,,,,,,,,,,,,,,,,,,,,,,,,,,,,,,
AM16,H64,2009,Cano,8.57,62.2,n,,,,,,,,,,,,,,,,,,,,,,,,,,,,,,,,,,
AM16,H64,2009,Tsme,6.47,63.7,y,,,,,,,,,,,,,,,,,,,,,,,,,,,,,,,,,,
AM16,H64,2009,Tsme,9.01,64.2,y,,,,,,,,,,,,,,,,,,,,,,,,,,,,,,,,,,
AM16,H64,2009,Tsme,4.31,71.6,y,,,,,,,,,,,,,,,,,,,,,,,,,,,,,,,,,,
AM16,H64,2009,Tsme,2.05,76.8,y,,,,,,,,,,,,,,,,,,,,,,,,,,,,,,,,,,
AM16,H64,2009,Tsme,6.62,80.9,y,,,,,,,,,,,,,,,,,,,,,,,,,,,,,,,,,,
AM16,H64,2009,Abam,5.84,84.8,y,,,,,,,,,,,,,,,,,,,,,,,,,,,,,,,,,,
AM16,H65,2009,Abam,7.95,10.6,n,,,,,,,,,,,,,,,,,,,,,,,,,,,,,,,,,,
AM16,H65,2009,Abam,9.37,10.6,n,,,,,,,,,,,,,,,,,,,,,,,,,,,,,,,,,,
AM16,H65,2009,Abam,9.17,13.7,n,,,,,,,,,,,,,,,,,,,,,,,,,,,,,,,,,,
AM16,H65,2009,Abam,2.51,14.1,n,,,,,,,,,,,,,,,,,,,,,,,,,,,,,,,,,,
AM16,H65,2009,Abam,8.62,15.7,n,,,,,,,,,,,,,,,,,,,,,,,,,,,,,,,,,,
AM16,H65,2009,Abam,7.09,21.0,n,,,,,,,,,,,,,,,,,,,,,,,,,,,,,,,,,,
AM16,H65,2009,Abam,7.3,21.8,n,,,,,,,,,,,,,,,,,,,,,,,,,,,,,,,,,,
AM16,H65,2009,Abam,8.88,23.8,n,,,,,,,,,,,,,,,,,,,,,,,,,,,,,,,,,,
AM16,H65,2009,Cano,7.95,29.5,n,,,,,,,,,,,,,,,,,,,,,,,,,,,,,,,,,,
AM16,H65,2009,Cano,9.17,41.1,n,,,,,,,,,,,,,,,,,,,,,,,,,,,,,,,,,,
AM16,H65,2009,Cano,3.03,53.2,n,,,,,,,,,,,,,,,,,,,,,,,,,,,,,,,,,,
AM16,H65,2009,Cano,6.23,60.0,n,,,,,,,,,,,,,,,,,,,,,,,,,,,,,,,,,,
AM16,H65,2009,Cano,6.47,67.1,y,,,,,,,,,,,,,,,,,,,,,,,,,,,,,,,,,,
AM16,H65,2009,Cano,6.68,76.2,y,,,,,,,,,,,,,,,,,,,,,,,,,,,,,,,,,,
AM16,H65,2009,Cano,8.5,85.3,y,,,,,,,,,,,,,,,,,,,,,,,,,,,,,,,,,,
AM16,H66,2009,Abam,3.4,10.3,n,,,,,,,,,,,,,,,,,,,,,,,,,,,,,,,,,,
AM16,H66,2009,Abam,6.53,10.6,n,,,,,,,,,,,,,,,,,,,,,,,,,,,,,,,,,,
AM16,H66,2009,Abam,6.62,10.7,n,,,,,,,,,,,,,,,,,,,,,,,,,,,,,,,,,,
AM16,H66,2009,Abam,3.83,11.3,n,,,,,,,,,,,,,,,,,,,,,,,,,,,,,,,,,,
AM16,H66,2009,Abam,8.05,11.6,n,,,,,,,,,,,,,,,,,,,,,,,,,,,,,,,,,,
AM16,H66,2009,Abam,6.02,15.0,n,,,,,,,,,,,,,,,,,,,,,,,,,,,,,,,,,,
AM16,H66,2009,Abam,3.87,20.1,n,,,,,,,,,,,,,,,,,,,,,,,,,,,,,,,,,,
AM16,H66,2009,Abam,5.31,20.1,n,,,,,,,,,,,,,,,,,,,,,,,,,,,,,,,,,,
AM16,H66,2009,Abam,5.33,20.4,n,,,,,,,,,,,,,,,,,,,,,,,,,,,,,,,,,,
AM16,H66,2009,Abam,3.15,41.0,n,,,,,,,,,,,,,,,,,,,,,,,,,,,,,,,,,,
AM16,H66,2009,Tsme,1.56,42.9,n,,,,,,,,,,,,,,,,,,,,,,,,,,,,,,,,,,
AM16,H66,2009,Abam,8.16,50.4,n,,,,,,,,,,,,,,,,,,,,,,,,,,,,,,,,,,
AM16,H66,2009,Abam,8.52,51.4,n,,,,,,,,,,,,,,,,,,,,,,,,,,,,,,,,,,
AM16,H66,2009,Cano,5.24,53.9,n,,,,,,,,,,,,,,,,,,,,,,,,,,,,,,,,,,
AM16,H66,2009,Cano,6.15,57.3,n,,,,,,,,,,,,,,,,,,,,,,,,,,,,,,,,,,
AM16,H66,2009,Tsme,8.35,75.9,y,,,,,,,,,,,,,,,,,,,,,,,,,,,,,,,,,,
AM16,H66,2009,Tsme,1.31,87.8,y,,,,,,,,,,,,,,,,,,,,,,,,,,,,,,,,,,
AM16,H66,2009,Tsme,0.1,88.4,y,,,,,,,,,,,,,,,,,,,,,,,,,,,,,,,,,,
AM16,H67,2009,Abam,6.04,10.0,n,,,,,,,,,,,,,,,,,,,,,,,,,,,,,,,,,,
AM16,H67,2009,Cano,3.73,11.1,n,,,,,,,,,,,,,,,,,,,,,,,,,,,,,,,,,,
AM16,H67,2009,Cano,7.78,12.0,n,,,,,,,,,,,,,,,,,,,,,,,,,,,,,,,,,,
AM16,H67,2009,Cano,9.38,13.5,n,,,,,,,,,,,,,,,,,,,,,,,,,,,,,,,,,,
AM16,H67,2009,Tshe,9.18,13.8,n,,,,,,,,,,,,,,,,,,,,,,,,,,,,,,,,,,
AM16,H67,2009,Cano,9.11,14.3,n,,,,,,,,,,,,,,,,,,,,,,,,,,,,,,,,,,
AM16,H67,2009,Tsme,9.11,15.2,n,,,,,,,,,,,,,,,,,,,,,,,,,,,,,,,,,,
AM16,H67,2009,Abam,4.95,17.2,n,,,,,,,,,,,,,,,,,,,,,,,,,,,,,,,,,,
AM16,H67,2009,Tshe,1.17,18.5,n,,,,,,,,,,,,,,,,,,,,,,,,,,,,,,,,,,
AM16,H67,2009,Abam,8.21,21.5,n,,,,,,,,,,,,,,,,,,,,,,,,,,,,,,,,,,
AM16,H67,2009,Cano,7.16,25.1,n,,,,,,,,,,,,,,,,,,,,,,,,,,,,,,,,,,
AM16,H67,2009,Cano,7.35,27.0,n,,,,,,,,,,,,,,,,,,,,,,,,,,,,,,,,,,
AM16,H67,2009,Abam,9.76,27.0,n,,,,,,,,,,,,,,,,,,,,,,,,,,,,,,,,,,
AM16,H67,2009,Cano,3.87,28.0,n,,,,,,,,,,,,,,,,,,,,,,,,,,,,,,,,,,
AM16,H67,2009,Tshe,8.02,28.5,n,,,,,,,,,,,,,,,,,,,,,,,,,,,,,,,,,,
AM16,H67,2009,Cano,8.12,30.1,n,,,,,,,,,,,,,,,,,,,,,,,,,,,,,,,,,,
AM16,H67,2009,Tsme,5.97,31.5,n,,,,,,,,,,,,,,,,,,,,,,,,,,,,,,,,,,
AM16,H67,2009,Cano,7.66,35.2,n,,,,,,,,,,,,,,,,,,,,,,,,,,,,,,,,,,
AM16,H67,2009,Cano,6.72,35.7,n,,,,,,,,,,,,,,,,,,,,,,,,,,,,,,,,,,
AM16,H67,2009,Abam,8.31,36.5,n,,,,,,,,,,,,,,,,,,,,,,,,,,,,,,,,,,
AM16,H67,2009,Tsme,2.71,36.9,n,,,,,,,,,,,,,,,,,,,,,,,,,,,,,,,,,,
AM16,H67,2009,Abam,8.35,38.9,n,,,,,,,,,,,,,,,,,,,,,,,,,,,,,,,,,,
AM16,H67,2009,Tsme,3.89,39.5,n,,,,,,,,,,,,,,,,,,,,,,,,,,,,,,,,,,
AM16,H67,2009,Abam,4.33,41.0,n,,,,,,,,,,,,,,,,,,,,,,,,,,,,,,,,,,
AM16,H67,2009,Tsme,7.92,41.3,n,,,,,,,,,,,,,,,,,,,,,,,,,,,,,,,,,,
AM16,H67,2009,Cano,8.35,42.8,n,,,,,,,,,,,,,,,,,,,,,,,,,,,,,,,,,,
AM16,H67,2009,Cano,8.36,45.4,n,,,,,,,,,,,,,,,,,,,,,,,,,,,,,,,,,,
AM16,H67,2009,Tshe,7.4,46.0,n,,,,,,,,,,,,,,,,,,,,,,,,,,,,,,,,,,
AM16,H67,2009,Cano,3.74,48.5,n,,,,,,,,,,,,,,,,,,,,,,,,,,,,,,,,,,
AM16,H67,2009,Cano,9.86,48.8,n,,,,,,,,,,,,,,,,,,,,,,,,,,,,,,,,,,
AM16,H67,2009,Tsme,6.28,55.5,n,,,,,,,,,,,,,,,,,,,,,,,,,,,,,,,,,,
AM16,H67,2009,Cano,9.46,57.0,n,,,,,,,,,,,,,,,,,,,,,,,,,,,,,,,,,,
AM16,H67,2009,Cano,1.68,57.3,n,,,,,,,,,,,,,,,,,,,,,,,,,,,,,,,,,,
AM16,H67,2009,Tshe,7.8,64.5,n,,,,,,,,,,,,,,,,,,,,,,,,,,,,,,,,,,
AM16,H67,2009,Cano,7.64,65.8,n,,,,,,,,,,,,,,,,,,,,,,,,,,,,,,,,,,
AM16,H67,2009,Tsme,9.55,65.9,y,,,,,,,,,,,,,,,,,,,,,,,,,,,,,,,,,,
AM16,H67,2009,Tshe,8.69,67.9,n,,,,,,,,,,,,,,,,,,,,,,,,,,,,,,,,,,
AM16,H67,2009,Cano,9.38,68.2,n,H38,,,,,,,,,,,,,,,,,,,,,,,,,,,,,,,,,
AM16,H67,2009,Tshe,2.71,69.1,y,H39,,,,,,,,,,,,,,,,,,,,,,,,,,,,,,,,,
AM16,H7,2008,Abam,6.34,10.0,n,,,,,,,,,,,,,,,,,,,,,,,,,,,,,,,,,,
AM16,H7,2008,Cano,8.64,10.4,n,,,,,,,,,,,,,,,,,,,,,,,,,,,,,,,,,,
AM16,H7,2008,Cano,8.64,10.8,n,,,,,,,,,,,,,,,,,,,,,,,,,,,,,,,,,,
AM16,H7,2008,Abam,6.51,11.7,n,,,,,,,,,,,,,,,,,,,,,,,,,,,,,,,,,,
AM16,H7,2008,Abam,7.65,11.8,n,,,,,,,,,,,,,,,,,,,,,,,,,,,,,,,,,,
AM16,H7,2008,Cano,9.1,12.1,n,,,,,,,,,,,,,,,,,,,,,,,,,,,,,,,,,,
AM16,H7,2008,Cano,6.3,12.6,n,,,,,,,,,,,,,,,,,,,,,,,,,,,,,,,,,,
AM16,H7,2008,Tsme,7.63,13.2,n,,,,,,,,,,,,,,,,,,,,,,,,,,,,,,,,,,
AM16,H7,2008,Cano,3.19,13.4,n,,,,,,,,,,,,,,,,,,,,,,,,,,,,,,,,,,
AM16,H7,2008,Abam,6.49,13.6,n,,,,,,,,,,,,,,,,,,,,,,,,,,,,,,,,,,
AM16,H7,2008,Abam,5.83,13.7,n,,,,,,,,,,,,,,,,,,,,,,,,,,,,,,,,,,
AM16,H7,2008,Cano,9.13,14.3,n,,,,,,,,,,,,,,,,,,,,,,,,,,,,,,,,,,
AM16,H7,2008,Cano,8.06,15.8,n,,,,,,,,,,,,,,,,,,,,,,,,,,,,,,,,,,
AM16,H7,2008,Abam,7.88,18.0,n,,,,,,,,,,,,,,,,,,,,,,,,,,,,,,,,,,
AM16,H7,2008,Abam,3.13,18.4,n,,,,,,,,,,,,,,,,,,,,,,,,,,,,,,,,,,
AM16,H7,2008,Abam,6.82,18.6,n,,,,,,,,,,,,,,,,,,,,,,,,,,,,,,,,,,
AM16,H7,2008,Abam,8.06,18.7,n,,,,,,,,,,,,,,,,,,,,,,,,,,,,,,,,,,
AM16,H7,2008,Cano,5.67,20.0,n,,,,,,,,,,,,,,,,,,,,,,,,,,,,,,,,,,
AM16,H7,2008,Abam,9.18,20.1,n,,,,,,,,,,,,,,,,,,,,,,,,,,,,,,,,,,
AM16,H7,2008,Abam,8.5,20.2,n,,,,,,,,,,,,,,,,,,,,,,,,,,,,,,,,,,
AM16,H7,2008,Abam,2.66,22.2,n,,,,,,,,,,,,,,,,,,,,,,,,,,,,,,,,,,
AM16,H7,2008,Cano,4.61,25.1,n,,,,,,,,,,,,,,,,,,,,,,,,,,,,,,,,,,
AM16,H7,2008,Abam,7.23,26.4,n,,,,,,,,,,,,,,,,,,,,,,,,,,,,,,,,,,
AM16,H7,2008,Cano,7.07,34.8,n,,,,,,,,,,,,,,,,,,,,,,,,,,,,,,,,,,
AM16,H7,2008,Cano,9.24,39.1,n,,,,,,,,,,,,,,,,,,,,,,,,,,,,,,,,,,
AM16,H7,2008,Cano,6.79,43.0,n,,,,,,,,,,,,,,,,,,,,,,,,,,,,,,,,,,
AM16,H7,2008,Tsme,2.29,89.6,y,,,,,,,,,,,,,,,,,,,,,,,,,,,,,,,,,,
AM16,H72,2009,Tsme,4.43,11.6,n,,,,,,,,,,,,,,,,,,,,,,,,,,,,,,,,,,
AM16,H72,2009,Tshe,8.39,19.2,n,,,,,,,,,,,,,,,,,,,,,,,,,,,,,,,,,,
AM16,H72,2009,Tshe,9.4,22.5,n,,,,,,,,,,,,,,,,,,,,,,,,,,,,,,,,,,
AM16,H72,2009,Abam,5.93,25.0,n,,,,,,,,,,,,,,,,,,,,,,,,,,,,,,,,,,
AM16,H72,2009,Abam,5.98,25.1,n,,,,,,,,,,,,,,,,,,,,,,,,,,,,,,,,,,
AM16,H72,2009,Cano,5.15,26.0,n,,,,,,,,,,,,,,,,,,,,,,,,,,,,,,,,,,
AM16,H72,2009,Cano,7.94,26.0,n,,,,,,,,,,,,,,,,,,,,,,,,,,,,,,,,,,
AM16,H72,2009,Cano,7.28,31.0,n,,,,,,,,,,,,,,,,,,,,,,,,,,,,,,,,,,
AM16,H72,2009,Cano,6.97,36.3,n,,,,,,,,,,,,,,,,,,,,,,,,,,,,,,,,,,
AM16,H72,2009,Abam,8.19,43.8,n,,,,,,,,,,,,,,,,,,,,,,,,,,,,,,,,,,
AM16,H72,2009,Cano,3.63,47.5,n,,,,,,,,,,,,,,,,,,,,,,,,,,,,,,,,,,
AM16,H72,2009,Tshe,6.33,52.6,n,H71,,,,,,,,,,,,,,,,,,,,,,,,,,,,,,,,,
AM16,H72,2009,Abam,9.76,59.7,n,,,,,,,,,,,,,,,,,,,,,,,,,,,,,,,,,,
AM16,H72,2009,Tshe,8.66,60.8,y,,,,,,,,,,,,,,,,,,,,,,,,,,,,,,,,,,
AM16,H72,2009,Cano,8.72,125.4,y,,,,,,,,,,,,,,,,,,,,,,,,,,,,,,,,,,
AM16,H74,2009,Abam,8.48,10.6,n,,,,,,,,,,,,,,,,,,,,,,,,,,,,,,,,,,
AM16,H74,2009,Tsme,5.22,16.0,n,,,,,,,,,,,,,,,,,,,,,,,,,,,,,,,,,,
AM16,H74,2009,Abam,7.6,16.0,n,,,,,,,,,,,,,,,,,,,,,,,,,,,,,,,,,,
AM16,H74,2009,Abam,6.93,16.3,n,,,,,,,,,,,,,,,,,,,,,,,,,,,,,,,,,,
AM16,H74,2009,Abam,7.8,22.6,n,,,,,,,,,,,,,,,,,,,,,,,,,,,,,,,,,,
AM16,H74,2009,Abam,5.56,28.0,n,,,,,,,,,,,,,,,,,,,,,,,,,,,,,,,,,,
AM16,H74,2009,Abam,0.56,28.2,n,,,,,,,,,,,,,,,,,,,,,,,,,,,,,,,,,,
AM16,H74,2009,Tshe,6.14,37.5,n,,,,,,,,,,,,,,,,,,,,,,,,,,,,,,,,,,
AM16,H74,2009,Abam,8.36,39.0,n,,,,,,,,,,,,,,,,,,,,,,,,,,,,,,,,,,
AM16,H74,2009,Tsme,7.78,39.1,n,,,,,,,,,,,,,,,,,,,,,,,,,,,,,,,,,,
AM16,H74,2009,Abam,9.61,41.2,n,,,,,,,,,,,,,,,,,,,,,,,,,,,,,,,,,,
AM16,H74,2009,Abam,8.63,42.1,n,,,,,,,,,,,,,,,,,,,,,,,,,,,,,,,,,,
AM16,H74,2009,Abam,5.74,50.1,n,,,,,,,,,,,,,,,,,,,,,,,,,,,,,,,,,,
AM16,H74,2009,Tsme,9.77,50.8,n,,,,,,,,,,,,,,,,,,,,,,,,,,,,,,,,,,
AM16,H74,2009,Abam,7.77,57.1,n,,,,,,,,,,,,,,,,,,,,,,,,,,,,,,,,,,
AM16,H74,2009,Tsme,9.38,65.7,y,,,,,,,,,,,,,,,,,,,,,,,,,,,,,,,,,,
AM16,H74,2009,Cano,9.05,83.4,n,,,,,,,,,,,,,,,,,,,,,,,,,,,,,,,,,,
AM16,H74,2009,Abam,9.64,86.1,y,,,,,,,,,,,,,,,,,,,,,,,,,,,,,,,,,,
AM16,H74,2009,Tsme,8.36,113.0,y,,,,,,,,,,,,,,,,,,,,,,,,,,,,,,,,,,
AM16,H76,2009,Abam,3.96,10.9,n,,,,,,,,,,,,,,,,,,,,,,,,,,,,,,,,,,
AM16,H76,2009,Abam,8.38,17.2,n,,,,,,,,,,,,,,,,,,,,,,,,,,,,,,,,,,
AM16,H76,2009,Abam,9.2,18.2,n,,,,,,,,,,,,,,,,,,,,,,,,,,,,,,,,,,
AM16,H76,2009,Abam,8.03,21.1,n,,,,,,,,,,,,,,,,,,,,,,,,,,,,,,,,,,
AM16,H76,2009,Cano,5.61,39.0,n,,,,,,,,,,,,,,,,,,,,,,,,,,,,,,,,,,
AM16,H76,2009,Abam,9.36,39.1,n,,,,,,,,,,,,,,,,,,,,,,,,,,,,,,,,,,
AM16,H76,2009,Tshe,4.34,45.6,n,,,,,,,,,,,,,,,,,,,,,,,,,,,,,,,,,,
AM16,H76,2009,Cano,8.04,53.7,n,,,,,,,,,,,,,,,,,,,,,,,,,,,,,,,,,,
AM16,H76,2009,Cano,3.62,55.5,n,,,,,,,,,,,,,,,,,,,,,,,,,,,,,,,,,,
AM16,H76,2009,Tsme,6.2,63.9,y,,,,,,,,,,,,,,,,,,,,,,,,,,,,,,,,,,
AM16,H76,2009,Cano,4.41,80.6,y,,,,,,,,,,,,,,,,,,,,,,,,,,,,,,,,,,
AM16,H76,2009,Tshe,1.71,104.0,y,,,,,,,,,,,,,,,,,,,,,,,,,,,,,,,,,,
AM16,H8,2008,Abam,8.98,10.3,n,,,,,,,,,,,,,,,,,,,,,,,,,,,,,,,,,,
AM16,H8,2008,Tshe,7.4,11.6,n,,,,,,,,,,,,,,,,,,,,,,,,,,,,,,,,,,
AM16,H8,2008,Tshe,2.9,11.8,n,,,,,,,,,,,,,,,,,,,,,,,,,,,,,,,,,,
AM16,H8,2008,Tshe,5.57,18.3,n,H9,,,,,,,,,,,,,,,,,,,,,,,,,,,,,,,,,
AM16,H8,2008,Abam,8.98,18.5,n,,,,,,,,,,,,,,,,,,,,,,,,,,,,,,,,,,
AM16,H8,2008,Abam,9.81,21.3,n,,,,,,,,,,,,,,,,,,,,,,,,,,,,,,,,,,
AM16,H8,2008,Tshe,6.01,26.0,n,,,,,,,,,,,,,,,,,,,,,,,,,,,,,,,,,,
AM16,H8,2008,Cano,5.28,26.6,n,,,,,,,,,,,,,,,,,,,,,,,,,,,,,,,,,,
AM16,H8,2008,Cano,9.86,32.6,n,,,,,,,,,,,,,,,,,,,,,,,,,,,,,,,,,,
AM16,H8,2008,Abam,2.49,33.2,n,,,,,,,,,,,,,,,,,,,,,,,,,,,,,,,,,,
AM16,H8,2008,Cano,3.98,37.8,n,,,,,,,,,,,,,,,,,,,,,,,,,,,,,,,,,,
AM16,H8,2008,Abam,4.68,54.5,y,,,,,,,,,,,,,,,,,,,,,,,,,,,,,,,,,,
AM16,H8,2008,Abam,7.74,55.7,y,,,,,,,,,,,,,,,,,,,,,,,,,,,,,,,,,,
AM16,H8,2008,Tsme,5.94,56.1,y,,,,,,,,,,,,,,,,,,,,,,,,,,,,,,,,,,
AM16,H8,2008,Tsme,3.71,85.9,y,,,,,,,,,,,,,,,,,,,,,,,,,,,,,,,,,,
AM16,H9,2008,Tshe,5.86,11.6,n,H8,,,,,,,,,,,,,,,,,,,,,,,,,,,,,,,,,
AM16,H9,2008,Tshe,9.45,11.8,n,,,,,,,,,,,,,,,,,,,,,,,,,,,,,,,,,,
AM16,H9,2008,Tshe,8.78,13.7,n,,,,,,,,,,,,,,,,,,,,,,,,,,,,,,,,,,
AM16,H9,2008,Tshe,5.56,18.3,n,,,,,,,,,,,,,,,,,,,,,,,,,,,,,,,,,,
AM16,H9,2008,Tsme,7.25,21.6,n,,,,,,,,,,,,,,,,,,,,,,,,,,,,,,,,,,
AM16,H9,2008,Abam,8.48,33.2,n,,,,,,,,,,,,,,,,,,,,,,,,,,,,,,,,,,
AM16,H9,2008,Cano,9.41,37.8,n,,,,,,,,,,,,,,,,,,,,,,,,,,,,,,,,,,
AM16,H9,2008,Tsme,3.15,42.7,n,H11,,,,,,,,,,,,,,,,,,,,,,,,,,,,,,,,,
AM16,H9,2008,Abam,8.32,54.5,y,,,,,,,,,,,,,,,,,,,,,,,,,,,,,,,,,,
AM16,H9,2008,Cano,8.87,55.3,y,,,,,,,,,,,,,,,,,,,,,,,,,,,,,,,,,,
AM16,H9,2008,Tshe,2.62,56.1,y,,,,,,,,,,,,,,,,,,,,,,,,,,,,,,,,,,
AM16,H9,2008,Cano,3.46,59.8,y,,,,,,,,,,,,,,,,,,,,,,,,,,,,,,,,,,
AM16,H9,2008,Cano,7.74,69.0,y,,,,,,,,,,,,,,,,,,,,,,,,,,,,,,,,,,
AM16,H9,2008,Tshe,9.38,93.9,y,,,,,,,,,,,,,,,,,,,,,,,,,,,,,,,,,,
AM16,H9,2008,Tshe,2.47,110.2,y,,,,,,,,,,,,,,,,,,,,,,,,,,,,,,,,,,
AV14,K45,2010,Abam,6.52,10.5,n,,,,,,,,,,,,,,,,,,,,,,,,,,,,,,,,,,
AV14,K45,2010,Tshe,2.05,15.0,n,estimated dbh due to cliff,,,,,,,,,,,,,,,,,,,,,,,,,,,,,,,,,
AV14,K45,2010,Abam,5.83,17.1,n,,,,,,,,,,,,,,,,,,,,,,,,,,,,,,,,,,
AV14,K45,2010,Abam,8.36,17.3,n,,,,,,,,,,,,,,,,,,,,,,,,,,,,,,,,,,
AV14,K45,2010,Abam,3.07,19.6,n,,,,,,,,,,,,,,,,,,,,,,,,,,,,,,,,,,
AV14,K45,2010,Abam,7.22,27.7,n,,,,,,,,,,,,,,,,,,,,,,,,,,,,,,,,,,
AV14,K45,2010,Abam,8.50,28.0,n,,,,,,,,,,,,,,,,,,,,,,,,,,,,,,,,,,
AV14,K45,2010,Tshe,0.96,63.2,n,,,,,,,,,,,,,,,,,,,,,,,,,,,,,,,,,,
AV14,K45,2010,Abam,6.43,77.0,y,estimated dbh due to cliff,,,,,,,,,,,,,,,,,,,,,,,,,,,,,,,,,
AV14,K45,2010,Tshe,9.05,87.0,y,estimated dbh due to cliff,,,,,,,,,,,,,,,,,,,,,,,,,,,,,,,,,
AV14,K46,2010,Abam,6.06,11.0,n,,,,,,,,,,,,,,,,,,,,,,,,,,,,,,,,,,
AV14,K46,2010,Abam,6.56,12.5,n,,,,,,,,,,,,,,,,,,,,,,,,,,,,,,,,,,
AV14,K46,2010,Abam,3.92,13.3,n,,,,,,,,,,,,,,,,,,,,,,,,,,,,,,,,,,
AV14,K46,2010,Tshe,9.93,16.2,n,,,,,,,,,,,,,,,,,,,,,,,,,,,,,,,,,,
AV14,K46,2010,Abam,8.40,16.4,n,,,,,,,,,,,,,,,,,,,,,,,,,,,,,,,,,,
AV14,K46,2010,Abam,7.79,17.6,n,,,,,,,,,,,,,,,,,,,,,,,,,,,,,,,,,,
AV14,K46,2010,Abam,5.63,19.0,n,,,,,,,,,,,,,,,,,,,,,,,,,,,,,,,,,,
AV14,K46,2010,Abam,9.80,20.1,n,,,,,,,,,,,,,,,,,,,,,,,,,,,,,,,,,,
AV14,K46,2010,Abam,7.57,25.7,n,,,,,,,,,,,,,,,,,,,,,,,,,,,,,,,,,,
AV14,K46,2010,Tsme,6.67,33.8,n,,,,,,,,,,,,,,,,,,,,,,,,,,,,,,,,,,
AV14,K46,2010,Abam,3.65,34.7,n,,,,,,,,,,,,,,,,,,,,,,,,,,,,,,,,,,
AV14,K46,2010,Cano,8.60,34.8,n,,,,,,,,,,,,,,,,,,,,,,,,,,,,,,,,,,
AV14,K46,2010,Tshe,9.70,39.1,n,,,,,,,,,,,,,,,,,,,,,,,,,,,,,,,,,,
AV14,K46,2010,Abam,6.84,46.0,n,,,,,,,,,,,,,,,,,,,,,,,,,,,,,,,,,,
AV14,K46,2010,Abam,9.91,51.8,n,,,,,,,,,,,,,,,,,,,,,,,,,,,,,,,,,,
AV14,K46,2010,Tsme,7.75,62.8,y,,,,,,,,,,,,,,,,,,,,,,,,,,,,,,,,,,
AV14,K46,2010,Tsme,5.79,69.0,y,,,,,,,,,,,,,,,,,,,,,,,,,,,,,,,,,,
AV14,K46,2010,Abam,5.23,71.2,y,,,,,,,,,,,,,,,,,,,,,,,,,,,,,,,,,,
AV14,K46,2010,Abam,9.70,80.7,y,,,,,,,,,,,,,,,,,,,,,,,,,,,,,,,,,,
AV14,K46,2010,Tshe,7.61,107.4,y,,,,,,,,,,,,,,,,,,,,,,,,,,,,,,,,,,
TO11,L53,2010,Tshe,0.20,12.4,n,,,,,,,,,,,,,,,,,,,,,,,,,,,,,,,,,,
TO11,L53,2010,Tshe,7.20,13.9,n,,,,,,,,,,,,,,,,,,,,,,,,,,,,,,,,,,
TO11,L53,2010,Tshe,3.64,22.5,n,,,,,,,,,,,,,,,,,,,,,,,,,,,,,,,,,,
TO11,L53,2010,Tshe,8.27,23.0,n,,,,,,,,,,,,,,,,,,,,,,,,,,,,,,,,,,
TO11,L53,2010,Tshe,5.82,44.9,n,,,,,,,,,,,,,,,,,,,,,,,,,,,,,,,,,,
TO11,L53,2010,Tshe,8.06,49.5,n,,,,,,,,,,,,,,,,,,,,,,,,,,,,,,,,,,
TO11,L53,2010,Psme,1.59,134.5,y,,,,,,,,,,,,,,,,,,,,,,,,,,,,,,,,,,
TO11,L53,2010,Psme,9.27,196.0,y,,,,,,,,,,,,,,,,,,,,,,,,,,,,,,,,,,
TO11,L54,2010,Tshe,0.94,14.7,n,,,,,,,,,,,,,,,,,,,,,,,,,,,,,,,,,,
TO11,L54,2010,Tshe,7.76,16.6,n,,,,,,,,,,,,,,,,,,,,,,,,,,,,,,,,,,
TO11,L54,2010,Tshe,0.78,20.3,n,,,,,,,,,,,,,,,,,,,,,,,,,,,,,,,,,,
TO11,L54,2010,Tshe,2.27,68.2,n,,,,,,,,,,,,,,,,,,,,,,,,,,,,,,,,,,
TO11,L54,2010,Tshe,6.06,69.7,n,,,,,,,,,,,,,,,,,,,,,,,,,,,,,,,,,,
TO11,L54,2010,Tshe,7.64,85.3,n,,,,,,,,,,,,,,,,,,,,,,,,,,,,,,,,,,
TO11,L54,2010,Tshe,9.49,102.3,y,,,,,,,,,,,,,,,,,,,,,,,,,,,,,,,,,,
TO11,L54,2010,Tshe,6.25,130.7,y,L55,,,,,,,,,,,,,,,,,,,,,,,,,,,,,,,,,
TO11,L54,2010,Psme,9.15,210.5,y,,,,,,,,,,,,,,,,,,,,,,,,,,,,,,,,,,
TO11,L55,2010,Tshe,8.19,13.1,n,,,,,,,,,,,,,,,,,,,,,,,,,,,,,,,,,,
TO11,L55,2010,Pisi,7.72,14.5,n,picea probably sitka,,,,,,,,,,,,,,,,,,,,,,,,,,,,,,,,,
TO11,L55,2010,Tshe,5.43,14.7,n,,,,,,,,,,,,,,,,,,,,,,,,,,,,,,,,,,
TO11,L55,2010,Tshe,8.42,16.6,n,,,,,,,,,,,,,,,,,,,,,,,,,,,,,,,,,,
TO11,L55,2010,Tshe,9.62,19.4,n,,,,,,,,,,,,,,,,,,,,,,,,,,,,,,,,,,
TO11,L55,2010,Thpl,3.77,25.4,n,,,,,,,,,,,,,,,,,,,,,,,,,,,,,,,,,,
TO11,L55,2010,Tshe,8.62,42.1,n,,,,,,,,,,,,,,,,,,,,,,,,,,,,,,,,,,
TO11,L55,2010,Tshe,5.56,68.2,n,,,,,,,,,,,,,,,,,,,,,,,,,,,,,,,,,,
TO11,L55,2010,Tshe,9.99,69.7,y,,,,,,,,,,,,,,,,,,,,,,,,,,,,,,,,,,
TO11,L55,2010,Tshe,8.20,85.3,y,,,,,,,,,,,,,,,,,,,,,,,,,,,,,,,,,,
TO11,L55,2010,Psme,6.25,186.5,y,L54,,,,,,,,,,,,,,,,,,,,,,,,,,,,,,,,,
TO11,L56,2010,Acci,8.10,10.5,n,,,,,,,,,,,,,,,,,,,,,,,,,,,,,,,,,,
TO11,L56,2010,Tshe,9.05,16.6,n,,,,,,,,,,,,,,,,,,,,,,,,,,,,,,,,,,
TO11,L56,2010,Tshe,3.61,16.8,n,,,,,,,,,,,,,,,,,,,,,,,,,,,,,,,,,,
TO11,L56,2010,Thpl,8.31,25.0,n,,,,,,,,,,,,,,,,,,,,,,,,,,,,,,,,,,
TO11,L56,2010,Pisi,8.60,39.6,n,,,,,,,,,,,,,,,,,,,,,,,,,,,,,,,,,,
TO11,L56,2010,Tshe,6.26,60.2,n,,,,,,,,,,,,,,,,,,,,,,,,,,,,,,,,,,
TO11,L56,2010,Thpl,9.66,77.6,n,,,,,,,,,,,,,,,,,,,,,,,,,,,,,,,,,,
TO11,L57,2010,Tshe,4.63,14.0,n,,,,,,,,,,,,,,,,,,,,,,,,,,,,,,,,,,
TO11,L57,2010,Tshe,7.01,14.8,n,,,,,,,,,,,,,,,,,,,,,,,,,,,,,,,,,,
TO11,L57,2010,Tshe,1.82,15.8,n,,,,,,,,,,,,,,,,,,,,,,,,,,,,,,,,,,
TO11,L57,2010,Tshe,6.06,35.8,n,,,,,,,,,,,,,,,,,,,,,,,,,,,,,,,,,,
TO11,L57,2010,Tshe,3.75,43.0,n,,,,,,,,,,,,,,,,,,,,,,,,,,,,,,,,,,
TO11,L57,2010,Tshe,4.39,46.0,n,,,,,,,,,,,,,,,,,,,,,,,,,,,,,,,,,,
TO11,L57,2010,Thpl,8.89,101.2,y,L58,,,,,,,,,,,,,,,,,,,,,,,,,,,,,,,,,
TO11,L57,2010,Psme,9.14,276.5,y,,,,,,,,,,,,,,,,,,,,,,,,,,,,,,,,,,
TO11,L58,2010,Acci,3.76,10.8,n,,,,,,,,,,,,,,,,,,,,,,,,,,,,,,,,,,
TO11,L58,2010,Tshe,3.84,12.0,n,estimated dbh beacause is growing on another tree and trunk could not be reached,,,,,,,,,,,,,,,,,,,,,,,,,,,,,,,,,
TO11,L58,2010,Tshe,6.15,14.2,n,,,,,,,,,,,,,,,,,,,,,,,,,,,,,,,,,,
TO11,L58,2010,Tshe,4.04,15.0,n,,,,,,,,,,,,,,,,,,,,,,,,,,,,,,,,,,
TO11,L58,2010,Tshe,8.67,15.8,n,,,,,,,,,,,,,,,,,,,,,,,,,,,,,,,,,,
TO11,L58,2010,Tshe,8.50,17.2,n,,,,,,,,,,,,,,,,,,,,,,,,,,,,,,,,,,
TO11,L58,2010,Tshe,9.27,43.0,n,,,,,,,,,,,,,,,,,,,,,,,,,,,,,,,,,,
TO11,L58,2010,Tshe,4.60,46.0,n,,,,,,,,,,,,,,,,,,,,,,,,,,,,,,,,,,
TO11,L58,2010,Thpl,8.91,71.1,n,,,,,,,,,,,,,,,,,,,,,,,,,,,,,,,,,,
TO11,L58,2010,Psme,8.89,222.5,y,,,,,,,,,,,,,,,,,,,,,,,,,,,,,,,,,,
TO11,L58,2010,Psme,5.75,276.5,y,,,,,,,,,,,,,,,,,,,,,,,,,,,,,,,,,,
PARA,P1,2009,Abam,8.05,10.5,n,,,,,,,,,,,,,,,,,,,,,,,,,,,,,,,,,,
PARA,P1,2009,Abam,8.78,11.4,n,,,,,,,,,,,,,,,,,,,,,,,,,,,,,,,,,,
PARA,P1,2009,Abam,6.9,12.0,n,,,,,,,,,,,,,,,,,,,,,,,,,,,,,,,,,,
PARA,P1,2009,Abam,2.75,12.3,n,,,,,,,,,,,,,,,,,,,,,,,,,,,,,,,,,,
PARA,P1,2009,Abam,2.15,12.9,n,,,,,,,,,,,,,,,,,,,,,,,,,,,,,,,,,,
PARA,P1,2009,Abam,7.41,13.0,n,,,,,,,,,,,,,,,,,,,,,,,,,,,,,,,,,,
PARA,P1,2009,Abam,1.75,16.1,n,,,,,,,,,,,,,,,,,,,,,,,,,,,,,,,,,,
PARA,P1,2009,Tsme,7.97,16.5,n,,,,,,,,,,,,,,,,,,,,,,,,,,,,,,,,,,
PARA,P1,2009,Abam,3.33,16.6,n,,,,,,,,,,,,,,,,,,,,,,,,,,,,,,,,,,
PARA,P1,2009,Abam,4.53,17.0,n,,,,,,,,,,,,,,,,,,,,,,,,,,,,,,,,,,
PARA,P1,2009,Tsme,5.59,18.0,n,,,,,,,,,,,,,,,,,,,,,,,,,,,,,,,,,,
PARA,P1,2009,Abam,8.7,18.4,n,,,,,,,,,,,,,,,,,,,,,,,,,,,,,,,,,,
PARA,P1,2009,Abam,7.26,18.6,n,,,,,,,,,,,,,,,,,,,,,,,,,,,,,,,,,,
PARA,P1,2009,Abam,1.31,19.0,n,,,,,,,,,,,,,,,,,,,,,,,,,,,,,,,,,,
PARA,P1,2009,Abam,1.4,20.2,n,,,,,,,,,,,,,,,,,,,,,,,,,,,,,,,,,,
PARA,P1,2009,Abam,7.09,20.3,n,,,,,,,,,,,,,,,,,,,,,,,,,,,,,,,,,,
PARA,P1,2009,Tsme,7.43,21.4,n,,,,,,,,,,,,,,,,,,,,,,,,,,,,,,,,,,
PARA,P1,2009,Tsme,5.96,21.7,n,,,,,,,,,,,,,,,,,,,,,,,,,,,,,,,,,,
PARA,P1,2009,Abam,0.66,21.8,n,,,,,,,,,,,,,,,,,,,,,,,,,,,,,,,,,,
PARA,P1,2009,Abam,7.08,21.8,n,,,,,,,,,,,,,,,,,,,,,,,,,,,,,,,,,,
PARA,P1,2009,Abam,6.47,21.9,n,,,,,,,,,,,,,,,,,,,,,,,,,,,,,,,,,,
PARA,P1,2009,Abam,7.43,23.4,n,,,,,,,,,,,,,,,,,,,,,,,,,,,,,,,,,,
PARA,P1,2009,Tsme,3.24,24.9,n,,,,,,,,,,,,,,,,,,,,,,,,,,,,,,,,,,
PARA,P1,2009,Abam,8.36,25.2,n,,,,,,,,,,,,,,,,,,,,,,,,,,,,,,,,,,
PARA,P1,2009,Abam,9.7,25.4,n,,,,,,,,,,,,,,,,,,,,,,,,,,,,,,,,,,
PARA,P1,2009,Abam,9.6,27.2,n,,,,,,,,,,,,,,,,,,,,,,,,,,,,,,,,,,
PARA,P1,2009,Abam,7.09,27.3,n,,,,,,,,,,,,,,,,,,,,,,,,,,,,,,,,,,
PARA,P1,2009,Abam,6.41,27.8,n,,,,,,,,,,,,,,,,,,,,,,,,,,,,,,,,,,
PARA,P1,2009,Abam,2.33,28.6,n,,,,,,,,,,,,,,,,,,,,,,,,,,,,,,,,,,
PARA,P1,2009,Abla,8.2,31.8,n,,,,,,,,,,,,,,,,,,,,,,,,,,,,,,,,,,
PARA,P1,2009,Abam,2.68,33.5,n,,,,,,,,,,,,,,,,,,,,,,,,,,,,,,,,,,
PARA,P1,2009,Abam,2.94,33.8,n,,,,,,,,,,,,,,,,,,,,,,,,,,,,,,,,,,
PARA,P1,2009,Abam,9.29,35.4,n,,,,,,,,,,,,,,,,,,,,,,,,,,,,,,,,,,
PARA,P1,2009,Abla,7.06,35.6,n,,,,,,,,,,,,,,,,,,,,,,,,,,,,,,,,,,
PARA,P1,2009,Abam,0.69,39.4,n,,,,,,,,,,,,,,,,,,,,,,,,,,,,,,,,,,
PARA,P1,2009,Abam,8.55,39.5,n,,,,,,,,,,,,,,,,,,,,,,,,,,,,,,,,,,
PARA,P1,2009,Tsme,3.02,39.7,n,,,,,,,,,,,,,,,,,,,,,,,,,,,,,,,,,,
PARA,P1,2009,Abla,8.75,45.4,n,,,,,,,,,,,,,,,,,,,,,,,,,,,,,,,,,,
PARA,P1,2009,Abam,2.95,53.6,y,,,,,,,,,,,,,,,,,,,,,,,,,,,,,,,,,,
PARA,P10,2009,Tsme,8.11,33.5,n,,,,,,,,,,,,,,,,,,,,,,,,,,,,,,,,,,
PARA,P10,2009,Tsme,9.91,35.4,n,,,,,,,,,,,,,,,,,,,,,,,,,,,,,,,,,,
PARA,P10,2009,Cano,7.06,36.4,n,,,,,,,,,,,,,,,,,,,,,,,,,,,,,,,,,,
PARA,P10,2009,Abam,4.67,41.4,n,,,,,,,,,,,,,,,,,,,,,,,,,,,,,,,,,,
PARA,P10,2009,Abam,6.61,48.9,n,,,,,,,,,,,,,,,,,,,,,,,,,,,,,,,,,,
PARA,P10,2009,Abam,8.73,49.0,n,,,,,,,,,,,,,,,,,,,,,,,,,,,,,,,,,,
PARA,P10,2009,Abam,9.7,53.4,n,,,,,,,,,,,,,,,,,,,,,,,,,,,,,,,,,,
PARA,P10,2009,Abam,3.26,54.8,n,,,,,,,,,,,,,,,,,,,,,,,,,,,,,,,,,,
PARA,P10,2009,Tsme,4.71,56.2,n,,,,,,,,,,,,,,,,,,,,,,,,,,,,,,,,,,
PARA,P10,2009,Abam,8.73,56.7,y,,,,,,,,,,,,,,,,,,,,,,,,,,,,,,,,,,
PARA,P10,2009,Abam,8.56,65.3,y,,,,,,,,,,,,,,,,,,,,,,,,,,,,,,,,,,
PARA,P10,2009,Abam,9.55,68.8,n,,,,,,,,,,,,,,,,,,,,,,,,,,,,,,,,,,
PARA,P10,2009,Abam,8.48,69.2,y,,,,,,,,,,,,,,,,,,,,,,,,,,,,,,,,,,
PARA,P10,2009,Abam,9.98,73.7,n,,,,,,,,,,,,,,,,,,,,,,,,,,,,,,,,,,
PARA,P10,2009,Abam,8.47,75.1,y,,,,,,,,,,,,,,,,,,,,,,,,,,,,,,,,,,
PARA,P10,2009,Abam,7.07,76.8,n,,,,,,,,,,,,,,,,,,,,,,,,,,,,,,,,,,
PARA,P11,2009,Tsme,8.6,35.0,n,,,,,,,,,,,,,,,,,,,,,,,,,,,,,,,,,,
PARA,P11,2009,Abam,2.16,35.2,n,,,,,,,,,,,,,,,,,,,,,,,,,,,,,,,,,,
PARA,P11,2009,Abam,5.76,40.5,y,,,,,,,,,,,,,,,,,,,,,,,,,,,,,,,,,,
PARA,P11,2009,Abam,2.28,42.5,n,,,,,,,,,,,,,,,,,,,,,,,,,,,,,,,,,,
PARA,P11,2009,Abam,4.31,42.6,n,,,,,,,,,,,,,,,,,,,,,,,,,,,,,,,,,,
PARA,P11,2009,Tsme,4.21,48.0,n,,,,,,,,,,,,,,,,,,,,,,,,,,,,,,,,,,
PARA,P11,2009,Abam,8.79,48.7,n,,,,,,,,,,,,,,,,,,,,,,,,,,,,,,,,,,
PARA,P11,2009,Tsme,7.2,49.1,n,,,,,,,,,,,,,,,,,,,,,,,,,,,,,,,,,,
PARA,P11,2009,Abam,9.57,54.7,y,,,,,,,,,,,,,,,,,,,,,,,,,,,,,,,,,,
PARA,P11,2009,Abam,3.82,58.6,n,,,,,,,,,,,,,,,,,,,,,,,,,,,,,,,,,,
PARA,P11,2009,Abam,8.11,59.8,n,,,,,,,,,,,,,,,,,,,,,,,,,,,,,,,,,,
PARA,P11,2009,Tsme,9.92,60.3,y,,,,,,,,,,,,,,,,,,,,,,,,,,,,,,,,,,
PARA,P11,2009,Abam,8.3,64.9,y,,,,,,,,,,,,,,,,,,,,,,,,,,,,,,,,,,
PARA,P11,2009,Abam,6.47,75.0,y,,,,,,,,,,,,,,,,,,,,,,,,,,,,,,,,,,
PARA,P12,2009,Abam,0.38,10.0,n,,,,,,,,,,,,,,,,,,,,,,,,,,,,,,,,,,
PARA,P12,2009,Abam,8.78,12.3,n,,,,,,,,,,,,,,,,,,,,,,,,,,,,,,,,,,
PARA,P12,2009,Abam,5.03,13.0,n,,,,,,,,,,,,,,,,,,,,,,,,,,,,,,,,,,
PARA,P12,2009,Abam,6.79,13.7,n,,,,,,,,,,,,,,,,,,,,,,,,,,,,,,,,,,
PARA,P12,2009,Abam,5.8,13.9,n,,,,,,,,,,,,,,,,,,,,,,,,,,,,,,,,,,
PARA,P12,2009,Abam,8.94,14.0,n,,,,,,,,,,,,,,,,,,,,,,,,,,,,,,,,,,
PARA,P12,2009,Abam,4.26,14.8,n,,,,,,,,,,,,,,,,,,,,,,,,,,,,,,,,,,
PARA,P12,2009,Abam,8.16,15.2,n,,,,,,,,,,,,,,,,,,,,,,,,,,,,,,,,,,
PARA,P12,2009,Abla,8.72,15.6,n,,,,,,,,,,,,,,,,,,,,,,,,,,,,,,,,,,
PARA,P12,2009,Abla,7.79,16.0,n,,,,,,,,,,,,,,,,,,,,,,,,,,,,,,,,,,
PARA,P12,2009,Abam,3.6,17.8,n,,,,,,,,,,,,,,,,,,,,,,,,,,,,,,,,,,
PARA,P12,2009,Abam,6.79,19.1,n,,,,,,,,,,,,,,,,,,,,,,,,,,,,,,,,,,
PARA,P12,2009,Abam,9.23,21.1,n,,,,,,,,,,,,,,,,,,,,,,,,,,,,,,,,,,
PARA,P12,2009,Abla,9.05,24.2,n,,,,,,,,,,,,,,,,,,,,,,,,,,,,,,,,,,
PARA,P12,2009,Abam,6.18,26.3,n,,,,,,,,,,,,,,,,,,,,,,,,,,,,,,,,,,
PARA,P12,2009,Abam,9.98,29.4,n,,,,,,,,,,,,,,,,,,,,,,,,,,,,,,,,,,
PARA,P12,2009,Abla,8.55,33.9,n,,,,,,,,,,,,,,,,,,,,,,,,,,,,,,,,,,
PARA,P12,2009,Tsme,6.95,36.3,n,,,,,,,,,,,,,,,,,,,,,,,,,,,,,,,,,,
PARA,P12,2009,Abam,1.72,36.7,n,,,,,,,,,,,,,,,,,,,,,,,,,,,,,,,,,,
PARA,P12,2009,Tsme,7.81,40.1,n,,,,,,,,,,,,,,,,,,,,,,,,,,,,,,,,,,
PARA,P12,2009,Abam,9.24,40.5,n,,,,,,,,,,,,,,,,,,,,,,,,,,,,,,,,,,
PARA,P12,2009,Abam,5.82,41.6,n,,,,,,,,,,,,,,,,,,,,,,,,,,,,,,,,,,
PARA,P12,2009,Tsme,6.93,43.4,n,,,,,,,,,,,,,,,,,,,,,,,,,,,,,,,,,,
PARA,P12,2009,Abla,8.19,46.9,y,,,,,,,,,,,,,,,,,,,,,,,,,,,,,,,,,,
PARA,P12,2009,Abam,7.02,47.9,y,,,,,,,,,,,,,,,,,,,,,,,,,,,,,,,,,,
PARA,P12,2009,Abam,8.63,48.7,y,,,,,,,,,,,,,,,,,,,,,,,,,,,,,,,,,,
PARA,P12,2009,Abam,9.89,49.9,n,,,,,,,,,,,,,,,,,,,,,,,,,,,,,,,,,,
PARA,P12,2009,Abam,4.36,60.4,y,,,,,,,,,,,,,,,,,,,,,,,,,,,,,,,,,,
PARA,P12,2009,Abam,9.53,61.0,y,,,,,,,,,,,,,,,,,,,,,,,,,,,,,,,,,,
PARA,P12,2009,Abam,9.4,66.3,y,,,,,,,,,,,,,,,,,,,,,,,,,,,,,,,,,,
PARA,P13,2009,Abam,6.72,11.5,n,,,,,,,,,,,,,,,,,,,,,,,,,,,,,,,,,,
PARA,P13,2009,Abam,4.34,14.7,n,,,,,,,,,,,,,,,,,,,,,,,,,,,,,,,,,,
PARA,P13,2009,Abam,5.63,15.6,n,,,,,,,,,,,,,,,,,,,,,,,,,,,,,,,,,,
PARA,P13,2009,Abam,4.32,16.8,n,,,,,,,,,,,,,,,,,,,,,,,,,,,,,,,,,,
PARA,P13,2009,Abam,4.49,18.4,n,,,,,,,,,,,,,,,,,,,,,,,,,,,,,,,,,,
PARA,P13,2009,Abam,7.1,20.3,n,,,,,,,,,,,,,,,,,,,,,,,,,,,,,,,,,,
PARA,P13,2009,Abam,8.92,20.7,n,,,,,,,,,,,,,,,,,,,,,,,,,,,,,,,,,,
PARA,P13,2009,Abam,5.33,22.3,n,,,,,,,,,,,,,,,,,,,,,,,,,,,,,,,,,,
PARA,P13,2009,Abam,2.96,22.7,n,,,,,,,,,,,,,,,,,,,,,,,,,,,,,,,,,,
PARA,P13,2009,Abla,9.08,25.0,n,,,,,,,,,,,,,,,,,,,,,,,,,,,,,,,,,,
PARA,P13,2009,Abam,7.29,33.0,n,,,,,,,,,,,,,,,,,,,,,,,,,,,,,,,,,,
PARA,P13,2009,Abam,6.9,37.7,n,,,,,,,,,,,,,,,,,,,,,,,,,,,,,,,,,,
PARA,P13,2009,Abam,3.16,44.8,y,,,,,,,,,,,,,,,,,,,,,,,,,,,,,,,,,,
PARA,P13,2009,Abam,7.85,57.2,y,,,,,,,,,,,,,,,,,,,,,,,,,,,,,,,,,,
PARA,P13,2009,Abam,4.91,76.3,y,,,,,,,,,,,,,,,,,,,,,,,,,,,,,,,,,,
PARA,P14,2009,Abam,4.85,10.3,n,,,,,,,,,,,,,,,,,,,,,,,,,,,,,,,,,,
PARA,P14,2009,Abam,3.17,13.0,n,,,,,,,,,,,,,,,,,,,,,,,,,,,,,,,,,,
PARA,P14,2009,Abam,8.77,16.8,n,,,,,,,,,,,,,,,,,,,,,,,,,,,,,,,,,,
PARA,P14,2009,Abam,8.97,16.8,n,,,,,,,,,,,,,,,,,,,,,,,,,,,,,,,,,,
PARA,P14,2009,Abam,1.59,21.4,n,,,,,,,,,,,,,,,,,,,,,,,,,,,,,,,,,,
PARA,P14,2009,Abam,9.81,22.0,n,,,,,,,,,,,,,,,,,,,,,,,,,,,,,,,,,,
PARA,P14,2009,Abam,6.63,22.2,n,,,,,,,,,,,,,,,,,,,,,,,,,,,,,,,,,,
PARA,P14,2009,Abam,3.55,23.8,n,,,,,,,,,,,,,,,,,,,,,,,,,,,,,,,,,,
PARA,P14,2009,Abam,2.1,26.0,n,,,,,,,,,,,,,,,,,,,,,,,,,,,,,,,,,,
PARA,P14,2009,Abam,4.9,26.1,n,,,,,,,,,,,,,,,,,,,,,,,,,,,,,,,,,,
PARA,P14,2009,Abam,0.82,29.8,n,,,,,,,,,,,,,,,,,,,,,,,,,,,,,,,,,,
PARA,P14,2009,Abam,9.21,41.6,y,,,,,,,,,,,,,,,,,,,,,,,,,,,,,,,,,,
PARA,P14,2009,Abam,9.45,42.0,n,,,,,,,,,,,,,,,,,,,,,,,,,,,,,,,,,,
PARA,P14,2009,Abla,8.01,45.8,n,,,,,,,,,,,,,,,,,,,,,,,,,,,,,,,,,,
PARA,P14,2009,Abam,9.58,54.9,y,,,,,,,,,,,,,,,,,,,,,,,,,,,,,,,,,,
PARA,P14,2009,Abam,2.19,58.0,y,,,,,,,,,,,,,,,,,,,,,,,,,,,,,,,,,,
PARA,P14,2009,Abam,6.44,58.3,y,,,,,,,,,,,,,,,,,,,,,,,,,,,,,,,,,,
PARA,P14,2009,Abam,3.36,63.0,y,,,,,,,,,,,,,,,,,,,,,,,,,,,,,,,,,,
PARA,P14,2009,Abla,3.23,66.4,n,,,,,,,,,,,,,,,,,,,,,,,,,,,,,,,,,,
PARA,P14,2009,Abam,8.25,67.9,y,,,,,,,,,,,,,,,,,,,,,,,,,,,,,,,,,,
PARA,P15,2009,Abam,6.26,11.8,n,,,,,,,,,,,,,,,,,,,,,,,,,,,,,,,,,,
PARA,P15,2009,Abam,8.05,14.3,n,,,,,,,,,,,,,,,,,,,,,,,,,,,,,,,,,,
PARA,P15,2009,Abam,8.81,14.7,n,,,,,,,,,,,,,,,,,,,,,,,,,,,,,,,,,,
PARA,P15,2009,Abam,5.39,16.7,n,,,,,,,,,,,,,,,,,,,,,,,,,,,,,,,,,,
PARA,P15,2009,Abam,3.09,16.9,n,,,,,,,,,,,,,,,,,,,,,,,,,,,,,,,,,,
PARA,P15,2009,Abla,4.86,17.0,n,,,,,,,,,,,,,,,,,,,,,,,,,,,,,,,,,,
PARA,P15,2009,Abam,7.41,19.0,n,,,,,,,,,,,,,,,,,,,,,,,,,,,,,,,,,,
PARA,P15,2009,Abam,0.81,19.8,n,,,,,,,,,,,,,,,,,,,,,,,,,,,,,,,,,,
PARA,P15,2009,Abam,4.43,20.0,n,,,,,,,,,,,,,,,,,,,,,,,,,,,,,,,,,,
PARA,P15,2009,Abla,9.04,20.7,n,,,,,,,,,,,,,,,,,,,,,,,,,,,,,,,,,,
PARA,P15,2009,Abam,8.11,33.7,n,,,,,,,,,,,,,,,,,,,,,,,,,,,,,,,,,,
PARA,P15,2009,Abam,4.16,33.9,n,,,,,,,,,,,,,,,,,,,,,,,,,,,,,,,,,,
PARA,P15,2009,Abam,7.17,34.8,n,,,,,,,,,,,,,,,,,,,,,,,,,,,,,,,,,,
PARA,P15,2009,Abam,6.58,37.7,n,,,,,,,,,,,,,,,,,,,,,,,,,,,,,,,,,,
PARA,P15,2009,Abam,8.49,40.5,n,,,,,,,,,,,,,,,,,,,,,,,,,,,,,,,,,,
PARA,P15,2009,Abam,2.64,42.8,n,,,,,,,,,,,,,,,,,,,,,,,,,,,,,,,,,,
PARA,P15,2009,Abam,7.42,64.8,y,,,,,,,,,,,,,,,,,,,,,,,,,,,,,,,,,,
PARA,P15,2009,Abam,6.23,82.8,y,,,,,,,,,,,,,,,,,,,,,,,,,,,,,,,,,,
PARA,P16,2009,Abam,5.09,10.8,n,,,,,,,,,,,,,,,,,,,,,,,,,,,,,,,,,,
PARA,P16,2009,Abam,1.88,14.9,n,,,,,,,,,,,,,,,,,,,,,,,,,,,,,,,,,,
PARA,P16,2009,Abam,8.21,15.9,n,,,,,,,,,,,,,,,,,,,,,,,,,,,,,,,,,,
PARA,P16,2009,Abam,1.86,18.6,n,,,,,,,,,,,,,,,,,,,,,,,,,,,,,,,,,,
PARA,P16,2009,Abam,3.65,21.8,n,,,,,,,,,,,,,,,,,,,,,,,,,,,,,,,,,,
PARA,P16,2009,Abla,1.74,22.7,n,,,,,,,,,,,,,,,,,,,,,,,,,,,,,,,,,,
PARA,P16,2009,Tsme,2.37,29.0,n,,,,,,,,,,,,,,,,,,,,,,,,,,,,,,,,,,
PARA,P16,2009,Abam,7.32,45.7,y,,,,,,,,,,,,,,,,,,,,,,,,,,,,,,,,,,
PARA,P16,2009,Abla,5.5,51.5,y,,,,,,,,,,,,,,,,,,,,,,,,,,,,,,,,,,
PARA,P17,2009,Tsme,6.04,12.6,n,,,,,,,,,,,,,,,,,,,,,,,,,,,,,,,,,,
PARA,P17,2009,Tsme,8.89,13.0,n,,,,,,,,,,,,,,,,,,,,,,,,,,,,,,,,,,
PARA,P17,2009,Abam,2.71,13.2,n,,,,,,,,,,,,,,,,,,,,,,,,,,,,,,,,,,
PARA,P17,2009,Abam,7.7,14.2,n,,,,,,,,,,,,,,,,,,,,,,,,,,,,,,,,,,
PARA,P17,2009,Abam,9.67,14.8,n,,,,,,,,,,,,,,,,,,,,,,,,,,,,,,,,,,
PARA,P17,2009,Tsme,7.62,14.9,n,,,,,,,,,,,,,,,,,,,,,,,,,,,,,,,,,,
PARA,P17,2009,Abam,7.75,15.3,n,,,,,,,,,,,,,,,,,,,,,,,,,,,,,,,,,,
PARA,P17,2009,Tsme,6.33,17.2,n,,,,,,,,,,,,,,,,,,,,,,,,,,,,,,,,,,
PARA,P17,2009,Abam,3.61,22.2,n,,,,,,,,,,,,,,,,,,,,,,,,,,,,,,,,,,
PARA,P17,2009,Tsme,4.74,23.1,n,,,,,,,,,,,,,,,,,,,,,,,,,,,,,,,,,,
PARA,P17,2009,Abam,6.36,23.7,n,,,,,,,,,,,,,,,,,,,,,,,,,,,,,,,,,,
PARA,P17,2009,Abam,9.67,24.5,n,,,,,,,,,,,,,,,,,,,,,,,,,,,,,,,,,,
PARA,P17,2009,Tsme,6.73,24.6,n,,,,,,,,,,,,,,,,,,,,,,,,,,,,,,,,,,
PARA,P17,2009,Tsme,4.1,25.2,n,,,,,,,,,,,,,,,,,,,,,,,,,,,,,,,,,,
PARA,P17,2009,Abam,5.48,26.6,n,,,,,,,,,,,,,,,,,,,,,,,,,,,,,,,,,,
PARA,P17,2009,Tsme,8.75,26.7,n,,,,,,,,,,,,,,,,,,,,,,,,,,,,,,,,,,
PARA,P17,2009,Abam,2.98,31.0,n,,,,,,,,,,,,,,,,,,,,,,,,,,,,,,,,,,
PARA,P17,2009,Abam,6.72,38.2,n,,,,,,,,,,,,,,,,,,,,,,,,,,,,,,,,,,
PARA,P17,2009,Abam,3.61,45.6,n,,,,,,,,,,,,,,,,,,,,,,,,,,,,,,,,,,
PARA,P17,2009,Tsme,6.66,46.4,n,,,,,,,,,,,,,,,,,,,,,,,,,,,,,,,,,,
PARA,P17,2009,Tsme,4.75,54.6,n,,,,,,,,,,,,,,,,,,,,,,,,,,,,,,,,,,
PARA,P17,2009,Abam,3.92,57.1,y,,,,,,,,,,,,,,,,,,,,,,,,,,,,,,,,,,
PARA,P17,2009,Abam,5.41,77.5,y,,,,,,,,,,,,,,,,,,,,,,,,,,,,,,,,,,
PARA,P17,2009,Abam,4.75,85.0,n,,,,,,,,,,,,,,,,,,,,,,,,,,,,,,,,,,
PARA,P17,2009,Abam,3.91,95.5,y,,,,,,,,,,,,,,,,,,,,,,,,,,,,,,,,,,
PARA,P17,2009,Abam,3.16,124.0,n,,,,,,,,,,,,,,,,,,,,,,,,,,,,,,,,,,
PARA,P18,2009,Tsme,6.59,10.7,n,,,,,,,,,,,,,,,,,,,,,,,,,,,,,,,,,,
PARA,P18,2009,Abla,7.74,10.9,n,,,,,,,,,,,,,,,,,,,,,,,,,,,,,,,,,,
PARA,P18,2009,Tsme,6.37,11.5,n,,,,,,,,,,,,,,,,,,,,,,,,,,,,,,,,,,
PARA,P18,2009,Abla,6.3,11.6,n,,,,,,,,,,,,,,,,,,,,,,,,,,,,,,,,,,
PARA,P18,2009,Abla,5.82,11.8,n,,,,,,,,,,,,,,,,,,,,,,,,,,,,,,,,,,
PARA,P18,2009,Abam,6.73,12.5,n,,,,,,,,,,,,,,,,,,,,,,,,,,,,,,,,,,
PARA,P18,2009,Tsme,9.94,14.0,n,,,,,,,,,,,,,,,,,,,,,,,,,,,,,,,,,,
PARA,P18,2009,Abla,5.86,14.7,n,,,,,,,,,,,,,,,,,,,,,,,,,,,,,,,,,,
PARA,P18,2009,Abla,7.24,15.5,n,,,,,,,,,,,,,,,,,,,,,,,,,,,,,,,,,,
PARA,P18,2009,Tsme,8.8,15.5,n,,,,,,,,,,,,,,,,,,,,,,,,,,,,,,,,,,
PARA,P18,2009,Abla,9.95,15.6,n,,,,,,,,,,,,,,,,,,,,,,,,,,,,,,,,,,
PARA,P18,2009,Tsme,9.12,16.2,n,,,,,,,,,,,,,,,,,,,,,,,,,,,,,,,,,,
PARA,P18,2009,Abam,5.84,16.3,n,,,,,,,,,,,,,,,,,,,,,,,,,,,,,,,,,,
PARA,P18,2009,Tsme,6.87,17.3,n,,,,,,,,,,,,,,,,,,,,,,,,,,,,,,,,,,
PARA,P18,2009,Abla,7.86,18.4,n,,,,,,,,,,,,,,,,,,,,,,,,,,,,,,,,,,
PARA,P18,2009,Abla,8.34,19.1,n,,,,,,,,,,,,,,,,,,,,,,,,,,,,,,,,,,
PARA,P18,2009,Abla,8.91,19.3,n,,,,,,,,,,,,,,,,,,,,,,,,,,,,,,,,,,
PARA,P18,2009,Abla,8.34,19.6,n,,,,,,,,,,,,,,,,,,,,,,,,,,,,,,,,,,
PARA,P18,2009,Abam,5.7,19.9,n,,,,,,,,,,,,,,,,,,,,,,,,,,,,,,,,,,
PARA,P18,2009,Abam,9.5,19.9,n,,,,,,,,,,,,,,,,,,,,,,,,,,,,,,,,,,
PARA,P18,2009,Abam,4.17,20.3,n,,,,,,,,,,,,,,,,,,,,,,,,,,,,,,,,,,
PARA,P18,2009,Abam,2.97,22.4,n,,,,,,,,,,,,,,,,,,,,,,,,,,,,,,,,,,
PARA,P18,2009,Abam,8.31,22.4,n,,,,,,,,,,,,,,,,,,,,,,,,,,,,,,,,,,
PARA,P18,2009,Abam,5.62,23.0,n,,,,,,,,,,,,,,,,,,,,,,,,,,,,,,,,,,
PARA,P18,2009,Abam,2.54,24.0,n,,,,,,,,,,,,,,,,,,,,,,,,,,,,,,,,,,
PARA,P18,2009,Abam,3,27.0,n,,,,,,,,,,,,,,,,,,,,,,,,,,,,,,,,,,
PARA,P18,2009,Abam,9.86,27.5,n,,,,,,,,,,,,,,,,,,,,,,,,,,,,,,,,,,
PARA,P18,2009,Abam,2,28.0,n,,,,,,,,,,,,,,,,,,,,,,,,,,,,,,,,,,
PARA,P18,2009,Abla,7.73,28.2,n,,,,,,,,,,,,,,,,,,,,,,,,,,,,,,,,,,
PARA,P18,2009,Abam,3.32,28.7,n,,,,,,,,,,,,,,,,,,,,,,,,,,,,,,,,,,
PARA,P18,2009,Abla,7.78,30.2,n,,,,,,,,,,,,,,,,,,,,,,,,,,,,,,,,,,
PARA,P18,2009,Abam,4.92,33.9,n,,,,,,,,,,,,,,,,,,,,,,,,,,,,,,,,,,
PARA,P18,2009,Abam,5.85,36.1,n,,,,,,,,,,,,,,,,,,,,,,,,,,,,,,,,,,
PARA,P18,2009,Abla,6.99,37.0,n,,,,,,,,,,,,,,,,,,,,,,,,,,,,,,,,,,
PARA,P18,2009,Abam,9.18,37.0,n,,,,,,,,,,,,,,,,,,,,,,,,,,,,,,,,,,
PARA,P18,2009,Abam,2.8,41.0,n,,,,,,,,,,,,,,,,,,,,,,,,,,,,,,,,,,
PARA,P18,2009,Abam,1.25,49.3,n,,,,,,,,,,,,,,,,,,,,,,,,,,,,,,,,,,
PARA,P18,2009,Abam,0.66,51.3,n,,,,,,,,,,,,,,,,,,,,,,,,,,,,,,,,,,
PARA,P18,2009,Abam,7.64,58.5,n,,,,,,,,,,,,,,,,,,,,,,,,,,,,,,,,,,
PARA,P18,2009,Abam,3.57,61.3,y,,,,,,,,,,,,,,,,,,,,,,,,,,,,,,,,,,
PARA,P18,2009,Abam,2.43,71.2,y,,,,,,,,,,,,,,,,,,,,,,,,,,,,,,,,,,
PARA,P19,2009,Abam,7.06,10.5,n,,,,,,,,,,,,,,,,,,,,,,,,,,,,,,,,,,
PARA,P19,2009,Abam,2.41,12.1,n,,,,,,,,,,,,,,,,,,,,,,,,,,,,,,,,,,
PARA,P19,2009,Abam,1.3,12.8,n,,,,,,,,,,,,,,,,,,,,,,,,,,,,,,,,,,
PARA,P19,2009,Abla,8.18,12.8,n,,,,,,,,,,,,,,,,,,,,,,,,,,,,,,,,,,
PARA,P19,2009,Abla,8.91,13.2,n,,,,,,,,,,,,,,,,,,,,,,,,,,,,,,,,,,
PARA,P19,2009,Abam,6.11,13.8,n,,,,,,,,,,,,,,,,,,,,,,,,,,,,,,,,,,
PARA,P19,2009,Abla,9.72,14.1,n,,,,,,,,,,,,,,,,,,,,,,,,,,,,,,,,,,
PARA,P19,2009,Abla,5.74,14.4,n,,,,,,,,,,,,,,,,,,,,,,,,,,,,,,,,,,
PARA,P19,2009,Abla,8.76,16.0,n,,,,,,,,,,,,,,,,,,,,,,,,,,,,,,,,,,
PARA,P19,2009,Abam,7.13,16.8,n,,,,,,,,,,,,,,,,,,,,,,,,,,,,,,,,,,
PARA,P19,2009,Abam,9.84,18.4,n,,,,,,,,,,,,,,,,,,,,,,,,,,,,,,,,,,
PARA,P19,2009,Abam,6.76,20.0,n,,,,,,,,,,,,,,,,,,,,,,,,,,,,,,,,,,
PARA,P19,2009,Abam,3.65,20.1,n,,,,,,,,,,,,,,,,,,,,,,,,,,,,,,,,,,
PARA,P19,2009,Abla,8.64,24.4,n,,,,,,,,,,,,,,,,,,,,,,,,,,,,,,,,,,
PARA,P19,2009,Abam,3.38,25.9,n,,,,,,,,,,,,,,,,,,,,,,,,,,,,,,,,,,
PARA,P19,2009,Abla,5.73,26.5,n,,,,,,,,,,,,,,,,,,,,,,,,,,,,,,,,,,
PARA,P19,2009,Abam,5.47,26.7,n,,,,,,,,,,,,,,,,,,,,,,,,,,,,,,,,,,
PARA,P19,2009,Abam,2.27,30.1,n,,,,,,,,,,,,,,,,,,,,,,,,,,,,,,,,,,
PARA,P19,2009,Abam,4.57,30.2,n,,,,,,,,,,,,,,,,,,,,,,,,,,,,,,,,,,
PARA,P19,2009,Abam,6.77,32.4,n,,,,,,,,,,,,,,,,,,,,,,,,,,,,,,,,,,
PARA,P19,2009,Abam,9.57,34.2,n,,,,,,,,,,,,,,,,,,,,,,,,,,,,,,,,,,
PARA,P19,2009,Abam,5.13,42.7,y,,,,,,,,,,,,,,,,,,,,,,,,,,,,,,,,,,
PARA,P19,2009,Abam,5.37,42.9,n,,,,,,,,,,,,,,,,,,,,,,,,,,,,,,,,,,
PARA,P19,2009,Abla,7.44,44.4,n,,,,,,,,,,,,,,,,,,,,,,,,,,,,,,,,,,
PARA,P19,2009,Abam,5.68,51.7,y,,,,,,,,,,,,,,,,,,,,,,,,,,,,,,,,,,
PARA,P19,2009,Abam,9.31,76.8,y,,,,,,,,,,,,,,,,,,,,,,,,,,,,,,,,,,
PARA,P2,2009,Abam,9.01,10.0,n,,,,,,,,,,,,,,,,,,,,,,,,,,,,,,,,,,
PARA,P2,2009,Abam,6.54,10.7,n,,,,,,,,,,,,,,,,,,,,,,,,,,,,,,,,,,
PARA,P2,2009,Abam,6.41,10.8,n,,,,,,,,,,,,,,,,,,,,,,,,,,,,,,,,,,
PARA,P2,2009,Abam,7.18,11.9,n,,,,,,,,,,,,,,,,,,,,,,,,,,,,,,,,,,
PARA,P2,2009,Abla,7.14,12.2,n,,,,,,,,,,,,,,,,,,,,,,,,,,,,,,,,,,
PARA,P2,2009,Abla,9.21,13.0,n,,,,,,,,,,,,,,,,,,,,,,,,,,,,,,,,,,
PARA,P2,2009,Abla,5.35,13.6,n,,,,,,,,,,,,,,,,,,,,,,,,,,,,,,,,,,
PARA,P2,2009,Abla,5.61,14.0,n,,,,,,,,,,,,,,,,,,,,,,,,,,,,,,,,,,
PARA,P2,2009,Abam,7.35,14.2,n,,,,,,,,,,,,,,,,,,,,,,,,,,,,,,,,,,
PARA,P2,2009,Abam,4.23,14.3,n,,,,,,,,,,,,,,,,,,,,,,,,,,,,,,,,,,
PARA,P2,2009,Abam,6.03,14.3,n,,,,,,,,,,,,,,,,,,,,,,,,,,,,,,,,,,
PARA,P2,2009,Abla,7.47,14.8,n,,,,,,,,,,,,,,,,,,,,,,,,,,,,,,,,,,
PARA,P2,2009,Abam,3.5,16.0,n,,,,,,,,,,,,,,,,,,,,,,,,,,,,,,,,,,
PARA,P2,2009,Abam,1.3,17.7,n,,,,,,,,,,,,,,,,,,,,,,,,,,,,,,,,,,
PARA,P2,2009,Abla,9.05,17.8,n,,,,,,,,,,,,,,,,,,,,,,,,,,,,,,,,,,
PARA,P2,2009,Abam,3.99,18.6,n,,,,,,,,,,,,,,,,,,,,,,,,,,,,,,,,,,
PARA,P2,2009,Abam,0.75,19.4,n,,,,,,,,,,,,,,,,,,,,,,,,,,,,,,,,,,
PARA,P2,2009,Abla,7.24,20.5,n,,,,,,,,,,,,,,,,,,,,,,,,,,,,,,,,,,
PARA,P2,2009,Abla,9.43,20.9,n,,,,,,,,,,,,,,,,,,,,,,,,,,,,,,,,,,
PARA,P2,2009,Abla,9.71,20.9,n,,,,,,,,,,,,,,,,,,,,,,,,,,,,,,,,,,
PARA,P2,2009,Abam,4.8,22.5,n,,,,,,,,,,,,,,,,,,,,,,,,,,,,,,,,,,
PARA,P2,2009,Abam,5.42,23.2,n,,,,,,,,,,,,,,,,,,,,,,,,,,,,,,,,,,
PARA,P2,2009,Abla,6.37,24.9,n,,,,,,,,,,,,,,,,,,,,,,,,,,,,,,,,,,
PARA,P2,2009,Abla,5.6,26.4,n,,,,,,,,,,,,,,,,,,,,,,,,,,,,,,,,,,
PARA,P2,2009,Abla,8.08,27.8,n,,,,,,,,,,,,,,,,,,,,,,,,,,,,,,,,,,
PARA,P2,2009,Abla,3.51,27.9,n,,,,,,,,,,,,,,,,,,,,,,,,,,,,,,,,,,
PARA,P2,2009,Abla,5.64,28.3,n,,,,,,,,,,,,,,,,,,,,,,,,,,,,,,,,,,
PARA,P2,2009,Abla,6.41,29.1,n,,,,,,,,,,,,,,,,,,,,,,,,,,,,,,,,,,
PARA,P2,2009,Abam,3.1,29.3,n,,,,,,,,,,,,,,,,,,,,,,,,,,,,,,,,,,
PARA,P2,2009,Abla,6.92,31.1,n,,,,,,,,,,,,,,,,,,,,,,,,,,,,,,,,,,
PARA,P2,2009,Abla,1.49,31.2,n,,,,,,,,,,,,,,,,,,,,,,,,,,,,,,,,,,
PARA,P2,2009,Abam,5.4,31.8,n,,,,,,,,,,,,,,,,,,,,,,,,,,,,,,,,,,
PARA,P2,2009,Abla,5.21,31.9,n,,,,,,,,,,,,,,,,,,,,,,,,,,,,,,,,,,
PARA,P2,2009,Abla,6.25,34.1,n,,,,,,,,,,,,,,,,,,,,,,,,,,,,,,,,,,
PARA,P2,2009,Abla,8.73,35.1,n,,,,,,,,,,,,,,,,,,,,,,,,,,,,,,,,,,
PARA,P2,2009,Abla,6.9,35.5,y,,,,,,,,,,,,,,,,,,,,,,,,,,,,,,,,,,
PARA,P2,2009,Abam,2.82,45.5,y,,,,,,,,,,,,,,,,,,,,,,,,,,,,,,,,,,
PARA,P20,2009,Tsme,7.9,10.2,n,,,,,,,,,,,,,,,,,,,,,,,,,,,,,,,,,,
PARA,P20,2009,Abam,4.03,12.4,n,,,,,,,,,,,,,,,,,,,,,,,,,,,,,,,,,,
PARA,P20,2009,Abam,8.93,12.7,n,,,,,,,,,,,,,,,,,,,,,,,,,,,,,,,,,,
PARA,P20,2009,Tsme,9,13.5,n,,,,,,,,,,,,,,,,,,,,,,,,,,,,,,,,,,
PARA,P20,2009,Abam,8.25,13.8,n,,,,,,,,,,,,,,,,,,,,,,,,,,,,,,,,,,
PARA,P20,2009,Abam,7.4,13.9,n,,,,,,,,,,,,,,,,,,,,,,,,,,,,,,,,,,
PARA,P20,2009,Abam,6.87,15.3,n,,,,,,,,,,,,,,,,,,,,,,,,,,,,,,,,,,
PARA,P20,2009,Abam,8.92,16.5,n,,,,,,,,,,,,,,,,,,,,,,,,,,,,,,,,,,
PARA,P20,2009,Abam,2.52,17.7,n,,,,,,,,,,,,,,,,,,,,,,,,,,,,,,,,,,
PARA,P20,2009,Cano,9.6,17.7,n,,,,,,,,,,,,,,,,,,,,,,,,,,,,,,,,,,
PARA,P20,2009,Abam,7.39,18.6,n,,,,,,,,,,,,,,,,,,,,,,,,,,,,,,,,,,
PARA,P20,2009,Abam,4.08,20.7,n,,,,,,,,,,,,,,,,,,,,,,,,,,,,,,,,,,
PARA,P20,2009,Abam,6.57,22.8,n,,,,,,,,,,,,,,,,,,,,,,,,,,,,,,,,,,
PARA,P20,2009,Tsme,7.86,35.0,n,,,,,,,,,,,,,,,,,,,,,,,,,,,,,,,,,,
PARA,P20,2009,Cano,8.38,35.0,n,,,,,,,,,,,,,,,,,,,,,,,,,,,,,,,,,,
PARA,P20,2009,Abam,8.14,35.5,n,,,,,,,,,,,,,,,,,,,,,,,,,,,,,,,,,,
PARA,P20,2009,Abam,4.41,36.9,n,,,,,,,,,,,,,,,,,,,,,,,,,,,,,,,,,,
PARA,P20,2009,Tsme,9.01,40.9,n,,,,,,,,,,,,,,,,,,,,,,,,,,,,,,,,,,
PARA,P20,2009,Tsme,7.21,41.7,n,,,,,,,,,,,,,,,,,,,,,,,,,,,,,,,,,,
PARA,P20,2009,Tsme,5.91,42.7,n,,,,,,,,,,,,,,,,,,,,,,,,,,,,,,,,,,
PARA,P20,2009,Tsme,7.11,42.7,n,,,,,,,,,,,,,,,,,,,,,,,,,,,,,,,,,,
PARA,P20,2009,Cano,0.83,42.9,n,,,,,,,,,,,,,,,,,,,,,,,,,,,,,,,,,,
PARA,P20,2009,Tsme,6.04,43.4,n,,,,,,,,,,,,,,,,,,,,,,,,,,,,,,,,,,
PARA,P20,2009,Tsme,8.7,48.1,n,,,,,,,,,,,,,,,,,,,,,,,,,,,,,,,,,,
PARA,P20,2009,Tsme,9.99,64.0,y,,,,,,,,,,,,,,,,,,,,,,,,,,,,,,,,,,
PARA,P20,2009,Tsme,8.24,73.7,y,,,,,,,,,,,,,,,,,,,,,,,,,,,,,,,,,,
PARA,P20,2009,Tsme,7.47,77.2,y,,,,,,,,,,,,,,,,,,,,,,,,,,,,,,,,,,
PARA,P20,2009,Abam,3.74,82.1,y,,,,,,,,,,,,,,,,,,,,,,,,,,,,,,,,,,
PARA,P21,2009,Abam,6.84,10.0,n,,,,,,,,,,,,,,,,,,,,,,,,,,,,,,,,,,
PARA,P21,2009,Abam,3.98,11.3,n,,,,,,,,,,,,,,,,,,,,,,,,,,,,,,,,,,
PARA,P21,2009,Abam,7.93,15.0,n,,,,,,,,,,,,,,,,,,,,,,,,,,,,,,,,,,
PARA,P21,2009,Abam,3.18,15.8,n,,,,,,,,,,,,,,,,,,,,,,,,,,,,,,,,,,
PARA,P21,2009,Abam,8.31,16.2,n,,,,,,,,,,,,,,,,,,,,,,,,,,,,,,,,,,
PARA,P21,2009,Abam,7.63,19.5,n,,,,,,,,,,,,,,,,,,,,,,,,,,,,,,,,,,
PARA,P21,2009,Abam,9.82,19.9,n,,,,,,,,,,,,,,,,,,,,,,,,,,,,,,,,,,
PARA,P21,2009,Abam,7.49,20.5,n,,,,,,,,,,,,,,,,,,,,,,,,,,,,,,,,,,
PARA,P21,2009,Abam,5.04,23.1,n,,,,,,,,,,,,,,,,,,,,,,,,,,,,,,,,,,
PARA,P21,2009,Tsme,5.03,24.4,n,,,,,,,,,,,,,,,,,,,,,,,,,,,,,,,,,,
PARA,P21,2009,Abam,9.56,27.1,n,,,,,,,,,,,,,,,,,,,,,,,,,,,,,,,,,,
PARA,P21,2009,Abam,7.79,29.3,n,,,,,,,,,,,,,,,,,,,,,,,,,,,,,,,,,,
PARA,P21,2009,Abam,3.9,33.5,n,,,,,,,,,,,,,,,,,,,,,,,,,,,,,,,,,,
PARA,P21,2009,Abam,8.08,43.1,n,,,,,,,,,,,,,,,,,,,,,,,,,,,,,,,,,,
PARA,P21,2009,Abam,7.43,46.8,n,,,,,,,,,,,,,,,,,,,,,,,,,,,,,,,,,,
PARA,P21,2009,Abam,7.12,48.1,n,,,,,,,,,,,,,,,,,,,,,,,,,,,,,,,,,,
PARA,P21,2009,Abam,5.52,56.3,n,,,,,,,,,,,,,,,,,,,,,,,,,,,,,,,,,,
PARA,P21,2009,Abam,9.58,62.2,n,,,,,,,,,,,,,,,,,,,,,,,,,,,,,,,,,,
PARA,P21,2009,Abam,7.64,75.0,y,,,,,,,,,,,,,,,,,,,,,,,,,,,,,,,,,,
PARA,P21,2009,Abam,1.14,95.2,y,,,,,,,,,,,,,,,,,,,,,,,,,,,,,,,,,,
PARA,P22,2009,Abam,8.54,12.3,n,,,,,,,,,,,,,,,,,,,,,,,,,,,,,,,,,,
PARA,P22,2009,Abam,8.45,20.3,n,,,,,,,,,,,,,,,,,,,,,,,,,,,,,,,,,,
PARA,P22,2009,Tsme,7.38,24.2,n,,,,,,,,,,,,,,,,,,,,,,,,,,,,,,,,,,
PARA,P22,2009,Tsme,1.45,36.4,n,,,,,,,,,,,,,,,,,,,,,,,,,,,,,,,,,,
PARA,P22,2009,Tsme,9.3,39.6,n,,,,,,,,,,,,,,,,,,,,,,,,,,,,,,,,,,
PARA,P22,2009,Tsme,9.01,40.3,n,,,,,,,,,,,,,,,,,,,,,,,,,,,,,,,,,,
PARA,P22,2009,Tsme,1.38,41.6,n,,,,,,,,,,,,,,,,,,,,,,,,,,,,,,,,,,
PARA,P22,2009,Tsme,7.63,49.2,n,,,,,,,,,,,,,,,,,,,,,,,,,,,,,,,,,,
PARA,P22,2009,Tsme,9.61,49.9,n,,,,,,,,,,,,,,,,,,,,,,,,,,,,,,,,,,
PARA,P22,2009,Abam,6.09,60.3,n,,,,,,,,,,,,,,,,,,,,,,,,,,,,,,,,,,
PARA,P22,2009,Abam,4.87,67.4,y,,,,,,,,,,,,,,,,,,,,,,,,,,,,,,,,,,
PARA,P22,2009,Tsme,7.44,70.3,y,,,,,,,,,,,,,,,,,,,,,,,,,,,,,,,,,,
PARA,P22,2009,Abam,4.81,82.9,y,,,,,,,,,,,,,,,,,,,,,,,,,,,,,,,,,,
PARA,P23,2009,Abam,1.35,11.6,n,,,,,,,,,,,,,,,,,,,,,,,,,,,,,,,,,,
PARA,P23,2009,Abam,2.39,11.8,n,,,,,,,,,,,,,,,,,,,,,,,,,,,,,,,,,,
PARA,P23,2009,Abam,7.47,12.2,n,,,,,,,,,,,,,,,,,,,,,,,,,,,,,,,,,,
PARA,P23,2009,Abam,5.92,12.8,n,,,,,,,,,,,,,,,,,,,,,,,,,,,,,,,,,,
PARA,P23,2009,Abam,5.96,13.2,n,,,,,,,,,,,,,,,,,,,,,,,,,,,,,,,,,,
PARA,P23,2009,Tsme,7.73,15.0,n,,,,,,,,,,,,,,,,,,,,,,,,,,,,,,,,,,
PARA,P23,2009,Tsme,8.5,15.3,n,,,,,,,,,,,,,,,,,,,,,,,,,,,,,,,,,,
PARA,P23,2009,Tsme,6.55,15.8,n,,,,,,,,,,,,,,,,,,,,,,,,,,,,,,,,,,
PARA,P23,2009,Tsme,8.47,15.9,n,,,,,,,,,,,,,,,,,,,,,,,,,,,,,,,,,,
PARA,P23,2009,Abam,7.81,16.4,n,,,,,,,,,,,,,,,,,,,,,,,,,,,,,,,,,,
PARA,P23,2009,Abam,7.05,17.2,n,,,,,,,,,,,,,,,,,,,,,,,,,,,,,,,,,,
PARA,P23,2009,Abam,5.21,17.4,n,,,,,,,,,,,,,,,,,,,,,,,,,,,,,,,,,,
PARA,P23,2009,Abam,7.99,17.6,n,,,,,,,,,,,,,,,,,,,,,,,,,,,,,,,,,,
PARA,P23,2009,Abam,4.94,18.7,n,,,,,,,,,,,,,,,,,,,,,,,,,,,,,,,,,,
PARA,P23,2009,Abam,4.2,23.1,n,,,,,,,,,,,,,,,,,,,,,,,,,,,,,,,,,,
PARA,P23,2009,Abam,7.06,23.7,n,,,,,,,,,,,,,,,,,,,,,,,,,,,,,,,,,,
PARA,P23,2009,Abam,3.53,25.3,n,,,,,,,,,,,,,,,,,,,,,,,,,,,,,,,,,,
PARA,P23,2009,Abam,8.02,28.6,n,,,,,,,,,,,,,,,,,,,,,,,,,,,,,,,,,,
PARA,P23,2009,Abam,1.16,28.7,n,,,,,,,,,,,,,,,,,,,,,,,,,,,,,,,,,,
PARA,P23,2009,Abam,4.33,29.5,n,,,,,,,,,,,,,,,,,,,,,,,,,,,,,,,,,,
PARA,P23,2009,Tsme,6.25,29.8,n,,,,,,,,,,,,,,,,,,,,,,,,,,,,,,,,,,
PARA,P23,2009,Abam,7.43,32.0,n,,,,,,,,,,,,,,,,,,,,,,,,,,,,,,,,,,
PARA,P23,2009,Tsme,7.2,38.5,n,,,,,,,,,,,,,,,,,,,,,,,,,,,,,,,,,,
PARA,P23,2009,Tsme,6.85,40.1,n,,,,,,,,,,,,,,,,,,,,,,,,,,,,,,,,,,
PARA,P23,2009,Tsme,7.08,42.2,n,,,,,,,,,,,,,,,,,,,,,,,,,,,,,,,,,,
PARA,P23,2009,Abam,4.14,42.6,n,,,,,,,,,,,,,,,,,,,,,,,,,,,,,,,,,,
PARA,P23,2009,Tsme,3.62,44.2,n,,,,,,,,,,,,,,,,,,,,,,,,,,,,,,,,,,
PARA,P23,2009,Abam,4.79,45.6,n,,,,,,,,,,,,,,,,,,,,,,,,,,,,,,,,,,
PARA,P23,2009,Tsme,0.72,45.7,n,,,,,,,,,,,,,,,,,,,,,,,,,,,,,,,,,,
PARA,P23,2009,Abam,6.58,49.9,n,,,,,,,,,,,,,,,,,,,,,,,,,,,,,,,,,,
PARA,P23,2009,Abam,1.39,50.7,y,,,,,,,,,,,,,,,,,,,,,,,,,,,,,,,,,,
PARA,P23,2009,Abam,7,53.6,n,,,,,,,,,,,,,,,,,,,,,,,,,,,,,,,,,,
PARA,P23,2009,Abam,5.68,54.3,n,,,,,,,,,,,,,,,,,,,,,,,,,,,,,,,,,,
PARA,P23,2009,Abam,2.99,68.4,y,,,,,,,,,,,,,,,,,,,,,,,,,,,,,,,,,,
PARA,P24,2009,Abam,5.69,11.3,n,,,,,,,,,,,,,,,,,,,,,,,,,,,,,,,,,,
PARA,P24,2009,Tsme,6.4,12.8,n,,,,,,,,,,,,,,,,,,,,,,,,,,,,,,,,,,
PARA,P24,2009,Tsme,6.95,13.9,n,,,,,,,,,,,,,,,,,,,,,,,,,,,,,,,,,,
PARA,P24,2009,Tsme,6.54,15.6,n,,,,,,,,,,,,,,,,,,,,,,,,,,,,,,,,,,
PARA,P24,2009,Tsme,8.12,17.0,n,,,,,,,,,,,,,,,,,,,,,,,,,,,,,,,,,,
PARA,P24,2009,Tsme,8.32,17.5,n,,,,,,,,,,,,,,,,,,,,,,,,,,,,,,,,,,
PARA,P24,2009,Tsme,7.37,19.0,n,,,,,,,,,,,,,,,,,,,,,,,,,,,,,,,,,,
PARA,P24,2009,Cano,4.25,20.0,n,,,,,,,,,,,,,,,,,,,,,,,,,,,,,,,,,,
PARA,P24,2009,Tsme,8.76,26.7,n,,,,,,,,,,,,,,,,,,,,,,,,,,,,,,,,,,
PARA,P24,2009,Tsme,1.93,28.5,n,,,,,,,,,,,,,,,,,,,,,,,,,,,,,,,,,,
PARA,P24,2009,Tsme,5.4,30.2,n,,,,,,,,,,,,,,,,,,,,,,,,,,,,,,,,,,
PARA,P24,2009,Tsme,6.97,31.5,n,,,,,,,,,,,,,,,,,,,,,,,,,,,,,,,,,,
PARA,P24,2009,Tsme,6.12,31.9,n,,,,,,,,,,,,,,,,,,,,,,,,,,,,,,,,,,
PARA,P24,2009,Tsme,6.57,36.5,n,,,,,,,,,,,,,,,,,,,,,,,,,,,,,,,,,,
PARA,P24,2009,Cano,3.15,36.6,n,,,,,,,,,,,,,,,,,,,,,,,,,,,,,,,,,,
PARA,P24,2009,Cano,7.54,40.2,n,,,,,,,,,,,,,,,,,,,,,,,,,,,,,,,,,,
PARA,P24,2009,Cano,4.94,42.7,n,,,,,,,,,,,,,,,,,,,,,,,,,,,,,,,,,,
PARA,P24,2009,Tsme,0.61,44.9,n,,,,,,,,,,,,,,,,,,,,,,,,,,,,,,,,,,
PARA,P24,2009,Tsme,7.98,45.6,n,,,,,,,,,,,,,,,,,,,,,,,,,,,,,,,,,,
PARA,P24,2009,Cano,8.06,48.0,n,,,,,,,,,,,,,,,,,,,,,,,,,,,,,,,,,,
PARA,P24,2009,Abam,3.61,55.6,n,,,,,,,,,,,,,,,,,,,,,,,,,,,,,,,,,,
PARA,P24,2009,Tsme,4.74,55.9,y,,,,,,,,,,,,,,,,,,,,,,,,,,,,,,,,,,
PARA,P24,2009,Tsme,6.41,57.8,n,,,,,,,,,,,,,,,,,,,,,,,,,,,,,,,,,,
PARA,P24,2009,Abam,3.01,60.8,n,,,,,,,,,,,,,,,,,,,,,,,,,,,,,,,,,,
PARA,P24,2009,Abam,3.5,76.0,n,,,,,,,,,,,,,,,,,,,,,,,,,,,,,,,,,,
PARA,P24,2009,Abam,2.92,83.1,y,,,,,,,,,,,,,,,,,,,,,,,,,,,,,,,,,,
PARA,P25,2009,Abam,2.21,10.8,n,,,,,,,,,,,,,,,,,,,,,,,,,,,,,,,,,,
PARA,P25,2009,Abam,5.01,11.0,n,,,,,,,,,,,,,,,,,,,,,,,,,,,,,,,,,,
PARA,P25,2009,Tsme,5.65,11.4,n,,,,,,,,,,,,,,,,,,,,,,,,,,,,,,,,,,
PARA,P25,2009,Abam,9,13.4,n,,,,,,,,,,,,,,,,,,,,,,,,,,,,,,,,,,
PARA,P25,2009,Abam,3.94,16.5,n,,,,,,,,,,,,,,,,,,,,,,,,,,,,,,,,,,
PARA,P25,2009,Abam,7.94,20.4,n,,,,,,,,,,,,,,,,,,,,,,,,,,,,,,,,,,
PARA,P25,2009,Abam,9.8,28.4,n,,,,,,,,,,,,,,,,,,,,,,,,,,,,,,,,,,
PARA,P25,2009,Tsme,7.47,38.7,n,,,,,,,,,,,,,,,,,,,,,,,,,,,,,,,,,,
PARA,P25,2009,Tsme,0.82,47.2,n,,,,,,,,,,,,,,,,,,,,,,,,,,,,,,,,,,
PARA,P25,2009,Tsme,7.24,50.7,n,,,,,,,,,,,,,,,,,,,,,,,,,,,,,,,,,,
PARA,P25,2009,Cano,8.97,56.3,n,,,,,,,,,,,,,,,,,,,,,,,,,,,,,,,,,,
PARA,P25,2009,Abam,6.07,61.5,y,,,,,,,,,,,,,,,,,,,,,,,,,,,,,,,,,,
PARA,P25,2009,Abam,5.04,82.3,y,,,,,,,,,,,,,,,,,,,,,,,,,,,,,,,,,,
PARA,P25,2009,Abam,8.47,82.4,y,,,,,,,,,,,,,,,,,,,,,,,,,,,,,,,,,,
PARA,P26,2009,Tsme,0.92,14.2,n,,,,,,,,,,,,,,,,,,,,,,,,,,,,,,,,,,
PARA,P26,2009,Tsme,6.46,18.8,n,,,,,,,,,,,,,,,,,,,,,,,,,,,,,,,,,,
PARA,P26,2009,Tsme,5.97,36.0,n,,,,,,,,,,,,,,,,,,,,,,,,,,,,,,,,,,
PARA,P26,2009,Tsme,3.5,49.4,y,,,,,,,,,,,,,,,,,,,,,,,,,,,,,,,,,,
PARA,P26,2009,Tsme,9.35,63.6,y,,,,,,,,,,,,,,,,,,,,,,,,,,,,,,,,,,
PARA,P27,2009,Abam,6.66,10.6,n,,,,,,,,,,,,,,,,,,,,,,,,,,,,,,,,,,
PARA,P27,2009,Abam,8.4,10.9,n,,,,,,,,,,,,,,,,,,,,,,,,,,,,,,,,,,
PARA,P27,2009,Abam,8.43,11.0,n,,,,,,,,,,,,,,,,,,,,,,,,,,,,,,,,,,
PARA,P27,2009,Tsme,3.49,11.1,n,,,,,,,,,,,,,,,,,,,,,,,,,,,,,,,,,,
PARA,P27,2009,Abam,4.56,11.7,n,,,,,,,,,,,,,,,,,,,,,,,,,,,,,,,,,,
PARA,P27,2009,Abam,9.9,12.1,n,,,,,,,,,,,,,,,,,,,,,,,,,,,,,,,,,,
PARA,P27,2009,Tsme,6.66,13.2,n,,,,,,,,,,,,,,,,,,,,,,,,,,,,,,,,,,
PARA,P27,2009,Abam,7.67,13.2,n,,,,,,,,,,,,,,,,,,,,,,,,,,,,,,,,,,
PARA,P27,2009,Abam,5.37,13.5,n,,,,,,,,,,,,,,,,,,,,,,,,,,,,,,,,,,
PARA,P27,2009,Cano,8.43,13.6,n,,,,,,,,,,,,,,,,,,,,,,,,,,,,,,,,,,
PARA,P27,2009,Abam,8.8,13.6,n,,,,,,,,,,,,,,,,,,,,,,,,,,,,,,,,,,
PARA,P27,2009,Abam,4.43,14.3,n,,,,,,,,,,,,,,,,,,,,,,,,,,,,,,,,,,
PARA,P27,2009,Abam,6.56,14.4,n,,,,,,,,,,,,,,,,,,,,,,,,,,,,,,,,,,
PARA,P27,2009,Abam,6.36,14.8,n,,,,,,,,,,,,,,,,,,,,,,,,,,,,,,,,,,
PARA,P27,2009,Tsme,8.24,15.3,n,,,,,,,,,,,,,,,,,,,,,,,,,,,,,,,,,,
PARA,P27,2009,Tsme,4.14,15.8,n,,,,,,,,,,,,,,,,,,,,,,,,,,,,,,,,,,
PARA,P27,2009,Tsme,5.66,15.8,n,,,,,,,,,,,,,,,,,,,,,,,,,,,,,,,,,,
PARA,P27,2009,Tsme,5.66,17.4,n,,,,,,,,,,,,,,,,,,,,,,,,,,,,,,,,,,
PARA,P27,2009,Abam,8.57,17.5,n,,,,,,,,,,,,,,,,,,,,,,,,,,,,,,,,,,
PARA,P27,2009,Tsme,2.9,17.8,n,,,,,,,,,,,,,,,,,,,,,,,,,,,,,,,,,,
PARA,P27,2009,Tsme,9.85,18.1,n,,,,,,,,,,,,,,,,,,,,,,,,,,,,,,,,,,
PARA,P27,2009,Tsme,6.04,19.0,n,,,,,,,,,,,,,,,,,,,,,,,,,,,,,,,,,,
PARA,P27,2009,Abam,4.04,21.0,n,,,,,,,,,,,,,,,,,,,,,,,,,,,,,,,,,,
PARA,P27,2009,Abam,6.22,21.0,n,,,,,,,,,,,,,,,,,,,,,,,,,,,,,,,,,,
PARA,P27,2009,Abam,3.72,23.0,n,,,,,,,,,,,,,,,,,,,,,,,,,,,,,,,,,,
PARA,P27,2009,Abam,8.95,23.5,n,,,,,,,,,,,,,,,,,,,,,,,,,,,,,,,,,,
PARA,P27,2009,Abam,7.69,24.1,n,,,,,,,,,,,,,,,,,,,,,,,,,,,,,,,,,,
PARA,P27,2009,Abam,1.3,24.3,n,,,,,,,,,,,,,,,,,,,,,,,,,,,,,,,,,,
PARA,P27,2009,Abam,4.91,26.6,n,,,,,,,,,,,,,,,,,,,,,,,,,,,,,,,,,,
PARA,P27,2009,Tsme,8.5,31.4,n,,,,,,,,,,,,,,,,,,,,,,,,,,,,,,,,,,
PARA,P27,2009,Abam,4.9,33.4,n,,,,,,,,,,,,,,,,,,,,,,,,,,,,,,,,,,
PARA,P27,2009,Abam,4.89,41.1,n,,,,,,,,,,,,,,,,,,,,,,,,,,,,,,,,,,
PARA,P27,2009,Tsme,3.93,42.7,n,,,,,,,,,,,,,,,,,,,,,,,,,,,,,,,,,,
PARA,P27,2009,Tsme,4.88,42.7,n,,,,,,,,,,,,,,,,,,,,,,,,,,,,,,,,,,
PARA,P27,2009,Tsme,8.91,42.9,n,,,,,,,,,,,,,,,,,,,,,,,,,,,,,,,,,,
PARA,P27,2009,Tsme,8,49.6,n,,,,,,,,,,,,,,,,,,,,,,,,,,,,,,,,,,
PARA,P27,2009,Abam,8.42,59.0,y,,,,,,,,,,,,,,,,,,,,,,,,,,,,,,,,,,
PARA,P27,2009,Tsme,3.51,63.0,n,,,,,,,,,,,,,,,,,,,,,,,,,,,,,,,,,,
PARA,P28,2010,Abam,4.22,10.0,n,,,,,,,,,,,,,,,,,,,,,,,,,,,,,,,,,,
PARA,P28,2010,Abam,8.54,10.0,n,,,,,,,,,,,,,,,,,,,,,,,,,,,,,,,,,,
PARA,P28,2010,Abam,7.54,10.2,n,,,,,,,,,,,,,,,,,,,,,,,,,,,,,,,,,,
PARA,P28,2010,Abam,9.58,10.2,n,,,,,,,,,,,,,,,,,,,,,,,,,,,,,,,,,,
PARA,P28,2010,Tsme,7.48,10.6,n,,,,,,,,,,,,,,,,,,,,,,,,,,,,,,,,,,
PARA,P28,2010,Tsme,8.62,11.0,n,,,,,,,,,,,,,,,,,,,,,,,,,,,,,,,,,,
PARA,P28,2010,Abam,8.25,11.7,n,,,,,,,,,,,,,,,,,,,,,,,,,,,,,,,,,,
PARA,P28,2010,Abam,3.21,12.4,n,,,,,,,,,,,,,,,,,,,,,,,,,,,,,,,,,,
PARA,P28,2010,Tsme,8.16,12.9,n,,,,,,,,,,,,,,,,,,,,,,,,,,,,,,,,,,
PARA,P28,2010,Abam,1.65,14.0,n,,,,,,,,,,,,,,,,,,,,,,,,,,,,,,,,,,
PARA,P28,2010,Abam,8.62,15.3,n,,,,,,,,,,,,,,,,,,,,,,,,,,,,,,,,,,
PARA,P28,2010,Tsme,3.27,16.2,n,,,,,,,,,,,,,,,,,,,,,,,,,,,,,,,,,,
PARA,P28,2010,Tsme,6.87,29.5,n,,,,,,,,,,,,,,,,,,,,,,,,,,,,,,,,,,
PARA,P28,2010,Tsme,0.35,30.7,n,,,,,,,,,,,,,,,,,,,,,,,,,,,,,,,,,,
PARA,P28,2010,Tsme,4.71,31.2,n,,,,,,,,,,,,,,,,,,,,,,,,,,,,,,,,,,
PARA,P28,2010,Tsme,6.31,31.7,n,,,,,,,,,,,,,,,,,,,,,,,,,,,,,,,,,,
PARA,P28,2010,Tsme,3.84,40.0,n,,,,,,,,,,,,,,,,,,,,,,,,,,,,,,,,,,
PARA,P28,2010,Tsme,9.30,59.6,y,,,,,,,,,,,,,,,,,,,,,,,,,,,,,,,,,,
PARA,P28,2010,Abam,9.36,70.4,y,,,,,,,,,,,,,,,,,,,,,,,,,,,,,,,,,,
PARA,P28,2010,Abam,6.47,110.5,y,,,,,,,,,,,,,,,,,,,,,,,,,,,,,,,,,,
PARA,P29,2009,Abam,0.73,10.2,n,,,,,,,,,,,,,,,,,,,,,,,,,,,,,,,,,,
PARA,P29,2009,Abam,3.81,12.5,n,,,,,,,,,,,,,,,,,,,,,,,,,,,,,,,,,,
PARA,P29,2009,Abam,3.72,19.8,n,,,,,,,,,,,,,,,,,,,,,,,,,,,,,,,,,,
PARA,P29,2009,Abam,7.48,21.4,n,,,,,,,,,,,,,,,,,,,,,,,,,,,,,,,,,,
PARA,P29,2009,Tsme,9.51,24.0,n,,,,,,,,,,,,,,,,,,,,,,,,,,,,,,,,,,
PARA,P29,2009,Tsme,8.54,34.3,n,,,,,,,,,,,,,,,,,,,,,,,,,,,,,,,,,,
PARA,P29,2009,Abam,8.44,35.0,n,,,,,,,,,,,,,,,,,,,,,,,,,,,,,,,,,,
PARA,P29,2009,Abam,8.12,37.9,n,,,,,,,,,,,,,,,,,,,,,,,,,,,,,,,,,,
PARA,P29,2009,Abam,9.7,40.3,n,,,,,,,,,,,,,,,,,,,,,,,,,,,,,,,,,,
PARA,P29,2009,Abam,9.72,40.7,n,,,,,,,,,,,,,,,,,,,,,,,,,,,,,,,,,,
PARA,P29,2009,Abam,9.3,47.1,y,,,,,,,,,,,,,,,,,,,,,,,,,,,,,,,,,,
PARA,P29,2009,Abam,5.83,60.0,y,,,,,,,,,,,,,,,,,,,,,,,,,,,,,,,,,,
PARA,P29,2009,Abam,9.33,70.3,y,,,,,,,,,,,,,,,,,,,,,,,,,,,,,,,,,,
PARA,P29,2009,Abam,7.2,73.5,y,,,,,,,,,,,,,,,,,,,,,,,,,,,,,,,,,,
PARA,P3,2009,Abam,5.39,10.0,n,,,,,,,,,,,,,,,,,,,,,,,,,,,,,,,,,,
PARA,P3,2009,Abam,2.89,10.3,n,,,,,,,,,,,,,,,,,,,,,,,,,,,,,,,,,,
PARA,P3,2009,Abam,8.4,10.4,n,,,,,,,,,,,,,,,,,,,,,,,,,,,,,,,,,,
PARA,P3,2009,Abam,0.89,10.5,n,,,,,,,,,,,,,,,,,,,,,,,,,,,,,,,,,,
PARA,P3,2009,Abam,3.7,10.9,n,,,,,,,,,,,,,,,,,,,,,,,,,,,,,,,,,,
PARA,P3,2009,Tsme,3.5,11.0,n,,,,,,,,,,,,,,,,,,,,,,,,,,,,,,,,,,
PARA,P3,2009,Abam,6.33,11.0,n,,,,,,,,,,,,,,,,,,,,,,,,,,,,,,,,,,
PARA,P3,2009,Abam,5.39,11.8,n,,,,,,,,,,,,,,,,,,,,,,,,,,,,,,,,,,
PARA,P3,2009,Abam,7.48,11.8,n,,,,,,,,,,,,,,,,,,,,,,,,,,,,,,,,,,
PARA,P3,2009,Abam,5.21,12.0,n,,,,,,,,,,,,,,,,,,,,,,,,,,,,,,,,,,
PARA,P3,2009,Abam,6.34,12.2,n,,,,,,,,,,,,,,,,,,,,,,,,,,,,,,,,,,
PARA,P3,2009,Abam,8.95,12.2,n,,,,,,,,,,,,,,,,,,,,,,,,,,,,,,,,,,
PARA,P3,2009,Abam,5.46,12.3,n,,,,,,,,,,,,,,,,,,,,,,,,,,,,,,,,,,
PARA,P3,2009,Abam,5.61,12.6,n,,,,,,,,,,,,,,,,,,,,,,,,,,,,,,,,,,
PARA,P3,2009,Abam,0.3,12.7,n,,,,,,,,,,,,,,,,,,,,,,,,,,,,,,,,,,
PARA,P3,2009,Abam,1.31,12.9,n,,,,,,,,,,,,,,,,,,,,,,,,,,,,,,,,,,
PARA,P3,2009,Abam,5.51,13.8,n,,,,,,,,,,,,,,,,,,,,,,,,,,,,,,,,,,
PARA,P3,2009,Abam,3.9,14.2,n,,,,,,,,,,,,,,,,,,,,,,,,,,,,,,,,,,
PARA,P3,2009,Abam,4.19,16.2,n,,,,,,,,,,,,,,,,,,,,,,,,,,,,,,,,,,
PARA,P3,2009,Tsme,1.86,18.2,n,,,,,,,,,,,,,,,,,,,,,,,,,,,,,,,,,,
PARA,P3,2009,Abam,2.86,19.7,n,,,,,,,,,,,,,,,,,,,,,,,,,,,,,,,,,,
PARA,P3,2009,Abam,5.23,22.0,n,,,,,,,,,,,,,,,,,,,,,,,,,,,,,,,,,,
PARA,P3,2009,Abam,3.39,24.0,n,,,,,,,,,,,,,,,,,,,,,,,,,,,,,,,,,,
PARA,P3,2009,Abam,8.29,28.5,n,,,,,,,,,,,,,,,,,,,,,,,,,,,,,,,,,,
PARA,P3,2009,Abam,8.79,29.2,n,,,,,,,,,,,,,,,,,,,,,,,,,,,,,,,,,,
PARA,P3,2009,Abam,7.95,29.4,n,,,,,,,,,,,,,,,,,,,,,,,,,,,,,,,,,,
PARA,P3,2009,Abam,6.08,30.0,n,,,,,,,,,,,,,,,,,,,,,,,,,,,,,,,,,,
PARA,P3,2009,Abam,6.73,33.8,n,,,,,,,,,,,,,,,,,,,,,,,,,,,,,,,,,,
PARA,P3,2009,Abam,9.6,34.2,n,,,,,,,,,,,,,,,,,,,,,,,,,,,,,,,,,,
PARA,P3,2009,Abam,7.19,34.4,n,,,,,,,,,,,,,,,,,,,,,,,,,,,,,,,,,,
PARA,P3,2009,Abam,6.8,35.7,n,,,,,,,,,,,,,,,,,,,,,,,,,,,,,,,,,,
PARA,P3,2009,Abam,5.9,36.5,n,,,,,,,,,,,,,,,,,,,,,,,,,,,,,,,,,,
PARA,P3,2009,Abla,7.68,45.7,y,,,,,,,,,,,,,,,,,,,,,,,,,,,,,,,,,,
PARA,P3,2009,Abam,8.84,46.2,y,,,,,,,,,,,,,,,,,,,,,,,,,,,,,,,,,,
PARA,P3,2009,Abam,0.97,55.2,y,,,,,,,,,,,,,,,,,,,,,,,,,,,,,,,,,,
PARA,P3,2009,Tsme,4.95,69.5,y,,,,,,,,,,,,,,,,,,,,,,,,,,,,,,,,,,
PARA,P3,2009,Abam,5.87,86.6,y,,,,,,,,,,,,,,,,,,,,,,,,,,,,,,,,,,
PARA,P30,2010,Abam,3.70,10.7,n,,,,,,,,,,,,,,,,,,,,,,,,,,,,,,,,,,
PARA,P30,2010,Abam,9.79,10.8,n,,,,,,,,,,,,,,,,,,,,,,,,,,,,,,,,,,
PARA,P30,2010,Abam,7.75,11.3,n,,,,,,,,,,,,,,,,,,,,,,,,,,,,,,,,,,
PARA,P30,2010,Abam,7.84,11.4,n,,,,,,,,,,,,,,,,,,,,,,,,,,,,,,,,,,
PARA,P30,2010,Abam,6.58,13.3,n,,,,,,,,,,,,,,,,,,,,,,,,,,,,,,,,,,
PARA,P30,2010,Abam,5.06,14.7,n,,,,,,,,,,,,,,,,,,,,,,,,,,,,,,,,,,
PARA,P30,2010,Abam,8.03,15.9,n,,,,,,,,,,,,,,,,,,,,,,,,,,,,,,,,,,
PARA,P30,2010,Abam,1.12,16.6,n,,,,,,,,,,,,,,,,,,,,,,,,,,,,,,,,,,
PARA,P30,2010,Abam,8.17,16.6,n,,,,,,,,,,,,,,,,,,,,,,,,,,,,,,,,,,
PARA,P30,2010,Abam,4.58,17.1,n,,,,,,,,,,,,,,,,,,,,,,,,,,,,,,,,,,
PARA,P30,2010,Abam,4.08,21.0,n,,,,,,,,,,,,,,,,,,,,,,,,,,,,,,,,,,
PARA,P30,2010,Tsme,7.96,30.9,n,,,,,,,,,,,,,,,,,,,,,,,,,,,,,,,,,,
PARA,P30,2010,Abam,8.17,38.5,n,,,,,,,,,,,,,,,,,,,,,,,,,,,,,,,,,,
PARA,P30,2010,Abam,3.87,42.8,y,,,,,,,,,,,,,,,,,,,,,,,,,,,,,,,,,,
PARA,P30,2010,Abam,6.75,45.3,n,,,,,,,,,,,,,,,,,,,,,,,,,,,,,,,,,,
PARA,P30,2010,Abam,3.10,48.7,y,,,,,,,,,,,,,,,,,,,,,,,,,,,,,,,,,,
PARA,P30,2010,Abam,4.26,52.6,y,,,,,,,,,,,,,,,,,,,,,,,,,,,,,,,,,,
PARA,P30,2010,Abam,6.98,53.4,y,,,,,,,,,,,,,,,,,,,,,,,,,,,,,,,,,,
PARA,P30,2010,Abam,7.79,67.2,y,,,,,,,,,,,,,,,,,,,,,,,,,,,,,,,,,,
PARA,P30,2010,Tsme,8.15,78.4,y,,,,,,,,,,,,,,,,,,,,,,,,,,,,,,,,,,
PARA,P30,2010,Abam,8.96,88.3,y,,,,,,,,,,,,,,,,,,,,,,,,,,,,,,,,,,
PARA,P31,2009,Abam,9.66,18.0,n,,,,,,,,,,,,,,,,,,,,,,,,,,,,,,,,,,
PARA,P31,2009,Abam,9.69,33.1,n,,,,,,,,,,,,,,,,,,,,,,,,,,,,,,,,,,
PARA,P31,2009,Tsme,3.29,34.0,n,,,,,,,,,,,,,,,,,,,,,,,,,,,,,,,,,,
PARA,P31,2009,Tsme,7.7,35.3,n,,,,,,,,,,,,,,,,,,,,,,,,,,,,,,,,,,
PARA,P31,2009,Tsme,9.82,53.2,y,,,,,,,,,,,,,,,,,,,,,,,,,,,,,,,,,,
PARA,P31,2009,Tsme,3.96,59.4,n,,,,,,,,,,,,,,,,,,,,,,,,,,,,,,,,,,
PARA,P31,2009,Tsme,5.31,62.0,y,,,,,,,,,,,,,,,,,,,,,,,,,,,,,,,,,,
PARA,P31,2009,Abam,9.12,65.8,y,,,,,,,,,,,,,,,,,,,,,,,,,,,,,,,,,,
PARA,P31,2009,Abam,6.25,82.7,y,,,,,,,,,,,,,,,,,,,,,,,,,,,,,,,,,,
PARA,P32,2010,Abam,9.67,10.3,n,,,,,,,,,,,,,,,,,,,,,,,,,,,,,,,,,,
PARA,P32,2010,Abam,7.11,10.8,n,,,,,,,,,,,,,,,,,,,,,,,,,,,,,,,,,,
PARA,P32,2010,Abam,4.58,10.9,n,,,,,,,,,,,,,,,,,,,,,,,,,,,,,,,,,,
PARA,P32,2010,Abam,7.05,11.1,n,,,,,,,,,,,,,,,,,,,,,,,,,,,,,,,,,,
PARA,P32,2010,Abam,9.06,11.6,n,,,,,,,,,,,,,,,,,,,,,,,,,,,,,,,,,,
PARA,P32,2010,Abam,2.81,12.8,n,,,,,,,,,,,,,,,,,,,,,,,,,,,,,,,,,,
PARA,P32,2010,Abam,2.91,13.6,n,,,,,,,,,,,,,,,,,,,,,,,,,,,,,,,,,,
PARA,P32,2010,Abam,3.77,14.2,n,,,,,,,,,,,,,,,,,,,,,,,,,,,,,,,,,,
PARA,P32,2010,Abam,9.60,15.4,n,,,,,,,,,,,,,,,,,,,,,,,,,,,,,,,,,,
PARA,P32,2010,Abam,9.84,16.5,n,,,,,,,,,,,,,,,,,,,,,,,,,,,,,,,,,,
PARA,P32,2010,Abam,8.94,17.0,n,,,,,,,,,,,,,,,,,,,,,,,,,,,,,,,,,,
PARA,P32,2010,Abam,4.94,19.0,n,,,,,,,,,,,,,,,,,,,,,,,,,,,,,,,,,,
PARA,P32,2010,Tsme,6.84,31.3,n,,,,,,,,,,,,,,,,,,,,,,,,,,,,,,,,,,
PARA,P32,2010,Abam,7.77,31.8,n,,,,,,,,,,,,,,,,,,,,,,,,,,,,,,,,,,
PARA,P32,2010,Tsme,8.15,42.0,n,,,,,,,,,,,,,,,,,,,,,,,,,,,,,,,,,,
PARA,P32,2010,Abam,8.92,49.0,y,,,,,,,,,,,,,,,,,,,,,,,,,,,,,,,,,,
PARA,P32,2010,Abam,3.60,50.5,n,,,,,,,,,,,,,,,,,,,,,,,,,,,,,,,,,,
PARA,P32,2010,Abam,8.90,66.6,y,,,,,,,,,,,,,,,,,,,,,,,,,,,,,,,,,,
PARA,P32,2010,Abam,4.34,67.3,y,,,,,,,,,,,,,,,,,,,,,,,,,,,,,,,,,,
PARA,P32,2010,Abam,7.30,68.6,y,,,,,,,,,,,,,,,,,,,,,,,,,,,,,,,,,,
PARA,P32,2010,Abam,9.66,80.9,y,,,,,,,,,,,,,,,,,,,,,,,,,,,,,,,,,,
PARA,P32,2010,Abam,9.81,88.9,y,,,,,,,,,,,,,,,,,,,,,,,,,,,,,,,,,,
PARA,P33,2009,Abla,7.32,10.2,n,,,,,,,,,,,,,,,,,,,,,,,,,,,,,,,,,,
PARA,P33,2009,Abla,6.95,10.8,n,,,,,,,,,,,,,,,,,,,,,,,,,,,,,,,,,,
PARA,P33,2009,Abam,8.79,11.5,n,,,,,,,,,,,,,,,,,,,,,,,,,,,,,,,,,,
PARA,P33,2009,Abla,8.66,11.6,n,,,,,,,,,,,,,,,,,,,,,,,,,,,,,,,,,,
PARA,P33,2009,Cano,6.03,11.9,n,,,,,,,,,,,,,,,,,,,,,,,,,,,,,,,,,,
PARA,P33,2009,Abla,7.96,12.7,n,,,,,,,,,,,,,,,,,,,,,,,,,,,,,,,,,,
PARA,P33,2009,Cano,7.92,13.0,n,,,,,,,,,,,,,,,,,,,,,,,,,,,,,,,,,,
PARA,P33,2009,Abla,6.26,13.3,n,,,,,,,,,,,,,,,,,,,,,,,,,,,,,,,,,,
PARA,P33,2009,Abam,6.18,14.1,n,,,,,,,,,,,,,,,,,,,,,,,,,,,,,,,,,,
PARA,P33,2009,Abla,9.22,14.3,n,,,,,,,,,,,,,,,,,,,,,,,,,,,,,,,,,,
PARA,P33,2009,Tsme,0.83,15.0,n,,,,,,,,,,,,,,,,,,,,,,,,,,,,,,,,,,
PARA,P33,2009,Abla,7.53,15.3,n,,,,,,,,,,,,,,,,,,,,,,,,,,,,,,,,,,
PARA,P33,2009,Tsme,1.05,15.4,n,,,,,,,,,,,,,,,,,,,,,,,,,,,,,,,,,,
PARA,P33,2009,Abam,8.77,15.5,n,,,,,,,,,,,,,,,,,,,,,,,,,,,,,,,,,,
PARA,P33,2009,Abam,6.58,18.1,n,,,,,,,,,,,,,,,,,,,,,,,,,,,,,,,,,,
PARA,P33,2009,Tsme,0.85,20.0,n,,,,,,,,,,,,,,,,,,,,,,,,,,,,,,,,,,
PARA,P33,2009,Tsme,9.49,20.8,n,,,,,,,,,,,,,,,,,,,,,,,,,,,,,,,,,,
PARA,P33,2009,Abla,8.05,23.5,n,,,,,,,,,,,,,,,,,,,,,,,,,,,,,,,,,,
PARA,P33,2009,Abam,4.46,23.7,n,,,,,,,,,,,,,,,,,,,,,,,,,,,,,,,,,,
PARA,P33,2009,Abla,8.15,25.5,n,,,,,,,,,,,,,,,,,,,,,,,,,,,,,,,,,,
PARA,P33,2009,Abam,9.33,25.5,n,,,,,,,,,,,,,,,,,,,,,,,,,,,,,,,,,,
PARA,P33,2009,Abla,5.12,25.6,n,,,,,,,,,,,,,,,,,,,,,,,,,,,,,,,,,,
PARA,P33,2009,Abam,6.76,26.5,n,,,,,,,,,,,,,,,,,,,,,,,,,,,,,,,,,,
PARA,P33,2009,Abla,8.2,28.3,n,,,,,,,,,,,,,,,,,,,,,,,,,,,,,,,,,,
PARA,P33,2009,Abam,9.73,30.2,n,,,,,,,,,,,,,,,,,,,,,,,,,,,,,,,,,,
PARA,P33,2009,Abam,3.55,33.2,n,,,,,,,,,,,,,,,,,,,,,,,,,,,,,,,,,,
PARA,P33,2009,Abla,8.39,34.5,n,,,,,,,,,,,,,,,,,,,,,,,,,,,,,,,,,,
PARA,P33,2009,Tsme,0.83,37.4,n,,,,,,,,,,,,,,,,,,,,,,,,,,,,,,,,,,
PARA,P33,2009,Tsme,0.68,40.7,n,,,,,,,,,,,,,,,,,,,,,,,,,,,,,,,,,,
PARA,P33,2009,Abam,6.39,44.6,n,,,,,,,,,,,,,,,,,,,,,,,,,,,,,,,,,,
PARA,P33,2009,Tsme,7.89,47.7,n,,,,,,,,,,,,,,,,,,,,,,,,,,,,,,,,,,
PARA,P33,2009,Abam,5.6,50.9,n,,,,,,,,,,,,,,,,,,,,,,,,,,,,,,,,,,
PARA,P33,2009,Abam,7.53,51.2,n,,,,,,,,,,,,,,,,,,,,,,,,,,,,,,,,,,
PARA,P33,2009,Tsme,0.1,52.1,y,,,,,,,,,,,,,,,,,,,,,,,,,,,,,,,,,,
PARA,P33,2009,Abam,5.45,76.3,y,,,,,,,,,,,,,,,,,,,,,,,,,,,,,,,,,,
PARA,P34,2009,Abam,6.35,12.6,n,,,,,,,,,,,,,,,,,,,,,,,,,,,,,,,,,,
PARA,P34,2009,Abam,7.17,14.0,n,,,,,,,,,,,,,,,,,,,,,,,,,,,,,,,,,,
PARA,P34,2009,Abam,7.47,14.2,n,,,,,,,,,,,,,,,,,,,,,,,,,,,,,,,,,,
PARA,P34,2009,Abam,5.17,15.3,n,,,,,,,,,,,,,,,,,,,,,,,,,,,,,,,,,,
PARA,P34,2009,Abam,7.84,15.4,n,,,,,,,,,,,,,,,,,,,,,,,,,,,,,,,,,,
PARA,P34,2009,Tsme,2.05,17.8,n,,,,,,,,,,,,,,,,,,,,,,,,,,,,,,,,,,
PARA,P34,2009,Tsme,9.75,22.5,n,,,,,,,,,,,,,,,,,,,,,,,,,,,,,,,,,,
PARA,P34,2009,Tsme,7.94,28.1,n,,,,,,,,,,,,,,,,,,,,,,,,,,,,,,,,,,
PARA,P34,2009,Tsme,8.5,31.2,n,,,,,,,,,,,,,,,,,,,,,,,,,,,,,,,,,,
PARA,P34,2009,Abam,8.2,31.7,n,,,,,,,,,,,,,,,,,,,,,,,,,,,,,,,,,,
PARA,P34,2009,Tsme,9.02,35.0,n,,,,,,,,,,,,,,,,,,,,,,,,,,,,,,,,,,
PARA,P34,2009,Abam,7.81,39.9,n,,,,,,,,,,,,,,,,,,,,,,,,,,,,,,,,,,
PARA,P34,2009,Tsme,9.26,40.5,n,,,,,,,,,,,,,,,,,,,,,,,,,,,,,,,,,,
PARA,P34,2009,Abam,7.06,42.3,n,,,,,,,,,,,,,,,,,,,,,,,,,,,,,,,,,,
PARA,P34,2009,Abam,9.06,43.4,n,,,,,,,,,,,,,,,,,,,,,,,,,,,,,,,,,,
PARA,P34,2009,Tsme,5.17,44.0,n,,,,,,,,,,,,,,,,,,,,,,,,,,,,,,,,,,
PARA,P34,2009,Tsme,8.83,52.0,n,,,,,,,,,,,,,,,,,,,,,,,,,,,,,,,,,,
PARA,P34,2009,Tsme,8.52,52.5,n,,,,,,,,,,,,,,,,,,,,,,,,,,,,,,,,,,
PARA,P34,2009,Tsme,9.17,52.8,y,,,,,,,,,,,,,,,,,,,,,,,,,,,,,,,,,,
PARA,P34,2009,Tsme,6.05,55.3,n,,,,,,,,,,,,,,,,,,,,,,,,,,,,,,,,,,
PARA,P34,2009,Abam,5.91,56.4,y,,,,,,,,,,,,,,,,,,,,,,,,,,,,,,,,,,
PARA,P34,2009,Tsme,9.7,58.0,y,,,,,,,,,,,,,,,,,,,,,,,,,,,,,,,,,,
PARA,P34,2009,Tsme,8.72,62.9,y,,,,,,,,,,,,,,,,,,,,,,,,,,,,,,,,,,
PARA,P34,2009,Tsme,9.79,63.5,y,,,,,,,,,,,,,,,,,,,,,,,,,,,,,,,,,,
PARA,P34,2009,Abam,9.53,66.5,y,,,,,,,,,,,,,,,,,,,,,,,,,,,,,,,,,,
PARA,P34,2009,Tsme,9.02,71.8,y,,,,,,,,,,,,,,,,,,,,,,,,,,,,,,,,,,
PARA,P34,2009,Tsme,9.76,72.0,y,,,,,,,,,,,,,,,,,,,,,,,,,,,,,,,,,,
PARA,P34,2009,Tsme,9.51,77.4,y,,,,,,,,,,,,,,,,,,,,,,,,,,,,,,,,,,
PARA,P34,2009,Abam,8,86.5,y,,,,,,,,,,,,,,,,,,,,,,,,,,,,,,,,,,
PARA,P35,2009,Tsme,8.27,10.0,n,,,,,,,,,,,,,,,,,,,,,,,,,,,,,,,,,,
PARA,P35,2009,Tsme,7.03,10.4,n,,,,,,,,,,,,,,,,,,,,,,,,,,,,,,,,,,
PARA,P35,2009,Abam,0.92,11.1,n,,,,,,,,,,,,,,,,,,,,,,,,,,,,,,,,,,
PARA,P35,2009,Tsme,8.92,11.1,n,,,,,,,,,,,,,,,,,,,,,,,,,,,,,,,,,,
PARA,P35,2009,Tsme,6.05,11.2,n,,,,,,,,,,,,,,,,,,,,,,,,,,,,,,,,,,
PARA,P35,2009,Abam,4.07,11.4,n,,,,,,,,,,,,,,,,,,,,,,,,,,,,,,,,,,
PARA,P35,2009,Abam,1.61,11.9,n,,,,,,,,,,,,,,,,,,,,,,,,,,,,,,,,,,
PARA,P35,2009,Abam,7.58,12.3,n,,,,,,,,,,,,,,,,,,,,,,,,,,,,,,,,,,
PARA,P35,2009,Abam,3.94,12.4,n,,,,,,,,,,,,,,,,,,,,,,,,,,,,,,,,,,
PARA,P35,2009,Abam,0.68,13.3,n,,,,,,,,,,,,,,,,,,,,,,,,,,,,,,,,,,
PARA,P35,2009,Abla,9.45,13.7,n,,,,,,,,,,,,,,,,,,,,,,,,,,,,,,,,,,
PARA,P35,2009,Abam,3.9,13.8,n,,,,,,,,,,,,,,,,,,,,,,,,,,,,,,,,,,
PARA,P35,2009,Abla,4.43,14.9,n,,,,,,,,,,,,,,,,,,,,,,,,,,,,,,,,,,
PARA,P35,2009,Abam,9.68,15.8,n,,,,,,,,,,,,,,,,,,,,,,,,,,,,,,,,,,
PARA,P35,2009,Tsme,4.69,16.3,n,,,,,,,,,,,,,,,,,,,,,,,,,,,,,,,,,,
PARA,P35,2009,Abla,2.17,16.6,n,,,,,,,,,,,,,,,,,,,,,,,,,,,,,,,,,,
PARA,P35,2009,Abam,8.16,17.3,n,,,,,,,,,,,,,,,,,,,,,,,,,,,,,,,,,,
PARA,P35,2009,Tsme,9.5,17.3,n,,,,,,,,,,,,,,,,,,,,,,,,,,,,,,,,,,
PARA,P35,2009,Abla,5.11,17.5,n,,,,,,,,,,,,,,,,,,,,,,,,,,,,,,,,,,
PARA,P35,2009,Abam,0.85,17.9,n,,,,,,,,,,,,,,,,,,,,,,,,,,,,,,,,,,
PARA,P35,2009,Tsme,9.49,18.2,n,,,,,,,,,,,,,,,,,,,,,,,,,,,,,,,,,,
PARA,P35,2009,Abla,3.34,20.3,n,,,,,,,,,,,,,,,,,,,,,,,,,,,,,,,,,,
PARA,P35,2009,Abla,6.98,22.1,n,DBH hard to read on data sheet,,,,,,,,,,,,,,,,,,,,,,,,,,,,,,,,,
PARA,P35,2009,Tsme,5.18,22.1,n,,,,,,,,,,,,,,,,,,,,,,,,,,,,,,,,,,
PARA,P35,2009,Tsme,1.27,22.2,n,,,,,,,,,,,,,,,,,,,,,,,,,,,,,,,,,,
PARA,P35,2009,Abam,3.9,22.2,n,,,,,,,,,,,,,,,,,,,,,,,,,,,,,,,,,,
PARA,P35,2009,Tsme,1.31,23.1,n,,,,,,,,,,,,,,,,,,,,,,,,,,,,,,,,,,
PARA,P35,2009,Abla,2.86,24.2,n,,,,,,,,,,,,,,,,,,,,,,,,,,,,,,,,,,
PARA,P35,2009,Tsme,3.45,25.9,n,,,,,,,,,,,,,,,,,,,,,,,,,,,,,,,,,,
PARA,P35,2009,Abam,2.24,26.5,n,,,,,,,,,,,,,,,,,,,,,,,,,,,,,,,,,,
PARA,P35,2009,Abam,1.62,27.8,n,,,,,,,,,,,,,,,,,,,,,,,,,,,,,,,,,,
PARA,P35,2009,Tsme,8.42,29.9,n,,,,,,,,,,,,,,,,,,,,,,,,,,,,,,,,,,
PARA,P35,2009,Tsme,6.02,30.3,n,,,,,,,,,,,,,,,,,,,,,,,,,,,,,,,,,,
PARA,P35,2009,Abam,1.71,32.7,n,,,,,,,,,,,,,,,,,,,,,,,,,,,,,,,,,,
PARA,P35,2009,Tsme,9.32,35.0,n,,,,,,,,,,,,,,,,,,,,,,,,,,,,,,,,,,
PARA,P35,2009,Abam,9.45,39.2,y,,,,,,,,,,,,,,,,,,,,,,,,,,,,,,,,,,
PARA,P35,2009,Abla,8.58,39.6,y,,,,,,,,,,,,,,,,,,,,,,,,,,,,,,,,,,
PARA,P35,2009,Abam,8.15,41.1,n,,,,,,,,,,,,,,,,,,,,,,,,,,,,,,,,,,
PARA,P35,2009,Abam,7.41,47.8,y,,,,,,,,,,,,,,,,,,,,,,,,,,,,,,,,,,
PARA,P35,2009,Abla,6.89,48.9,y,,,,,,,,,,,,,,,,,,,,,,,,,,,,,,,,,,
PARA,P35,2009,Abam,8.16,51.2,y,,,,,,,,,,,,,,,,,,,,,,,,,,,,,,,,,,
PARA,P35,2009,Tsme,9.6,52.2,y,,,,,,,,,,,,,,,,,,,,,,,,,,,,,,,,,,
PARA,P36,2009,Tsme,9.63,10.5,n,,,,,,,,,,,,,,,,,,,,,,,,,,,,,,,,,,
PARA,P36,2009,Abam,9.11,11.8,n,,,,,,,,,,,,,,,,,,,,,,,,,,,,,,,,,,
PARA,P36,2009,Abam,7.38,12.2,n,,,,,,,,,,,,,,,,,,,,,,,,,,,,,,,,,,
PARA,P36,2009,Abam,9.35,14.0,n,,,,,,,,,,,,,,,,,,,,,,,,,,,,,,,,,,
PARA,P36,2009,Abam,9.11,16.4,n,,,,,,,,,,,,,,,,,,,,,,,,,,,,,,,,,,
PARA,P36,2009,Tsme,0.85,23.3,n,,,,,,,,,,,,,,,,,,,,,,,,,,,,,,,,,,
PARA,P36,2009,Abam,8.98,26.7,n,,,,,,,,,,,,,,,,,,,,,,,,,,,,,,,,,,
PARA,P36,2009,Abam,6.7,29.3,n,,,,,,,,,,,,,,,,,,,,,,,,,,,,,,,,,,
PARA,P36,2009,Abam,6.46,29.6,n,,,,,,,,,,,,,,,,,,,,,,,,,,,,,,,,,,
PARA,P36,2009,Tsme,5.12,31.5,n,,,,,,,,,,,,,,,,,,,,,,,,,,,,,,,,,,
PARA,P36,2009,Tsme,1.06,38.3,n,,,,,,,,,,,,,,,,,,,,,,,,,,,,,,,,,,
PARA,P36,2009,Tsme,7.38,41.8,n,,,,,,,,,,,,,,,,,,,,,,,,,,,,,,,,,,
PARA,P36,2009,Tsme,7.07,45.4,n,,,,,,,,,,,,,,,,,,,,,,,,,,,,,,,,,,
PARA,P36,2009,Abam,8.83,51.0,y,,,,,,,,,,,,,,,,,,,,,,,,,,,,,,,,,,
PARA,P36,2009,Abam,9.23,53.5,y,,,,,,,,,,,,,,,,,,,,,,,,,,,,,,,,,,
PARA,P37,2009,Tsme,8.36,12.5,n,,,,,,,,,,,,,,,,,,,,,,,,,,,,,,,,,,
PARA,P37,2009,Tsme,2.01,13.3,y,,,,,,,,,,,,,,,,,,,,,,,,,,,,,,,,,,
PARA,P37,2009,Tsme,5.2,13.5,n,,,,,,,,,,,,,,,,,,,,,,,,,,,,,,,,,,
PARA,P37,2009,Tsme,9.07,15.3,n,,,,,,,,,,,,,,,,,,,,,,,,,,,,,,,,,,
PARA,P37,2009,Tsme,3.81,17.4,n,,,,,,,,,,,,,,,,,,,,,,,,,,,,,,,,,,
PARA,P37,2009,Tsme,6.74,20.1,y,,,,,,,,,,,,,,,,,,,,,,,,,,,,,,,,,,
PARA,P37,2009,Tsme,5.29,21.4,n,,,,,,,,,,,,,,,,,,,,,,,,,,,,,,,,,,
PARA,P37,2009,Tsme,6.65,22.2,n,,,,,,,,,,,,,,,,,,,,,,,,,,,,,,,,,,
PARA,P37,2009,Abla,3.89,25.0,n,,,,,,,,,,,,,,,,,,,,,,,,,,,,,,,,,,
PARA,P37,2009,Tsme,2.08,29.8,n,,,,,,,,,,,,,,,,,,,,,,,,,,,,,,,,,,
PARA,P37,2009,Tsme,3.68,30.6,n,,,,,,,,,,,,,,,,,,,,,,,,,,,,,,,,,,
PARA,P37,2009,Tsme,7.82,37.7,n,,,,,,,,,,,,,,,,,,,,,,,,,,,,,,,,,,
PARA,P37,2009,Tsme,6.14,39.7,y,,,,,,,,,,,,,,,,,,,,,,,,,,,,,,,,,,
PARA,P37,2009,Tsme,7.27,42.4,y,,,,,,,,,,,,,,,,,,,,,,,,,,,,,,,,,,
PARA,P37,2009,Tsme,3.5,45.0,y,,,,,,,,,,,,,,,,,,,,,,,,,,,,,,,,,,
PARA,P37,2009,Tsme,9.05,46.6,n,,,,,,,,,,,,,,,,,,,,,,,,,,,,,,,,,,
PARA,P37,2009,Tsme,7.96,51.0,y,,,,,,,,,,,,,,,,,,,,,,,,,,,,,,,,,,
PARA,P37,2009,Tsme,2.37,52.0,y,,,,,,,,,,,,,,,,,,,,,,,,,,,,,,,,,,
PARA,P37,2009,Abam,6.63,59.8,y,,,,,,,,,,,,,,,,,,,,,,,,,,,,,,,,,,
PARA,P37,2009,Tsme,3.2,67.6,y,,,,,,,,,,,,,,,,,,,,,,,,,,,,,,,,,,
PARA,P37,2009,Abam,2.88,68.0,y,,,,,,,,,,,,,,,,,,,,,,,,,,,,,,,,,,
PARA,P37,2009,Abla,6.85,69.8,y,,,,,,,,,,,,,,,,,,,,,,,,,,,,,,,,,,
PARA,P38,2009,Abam,5.34,11.6,n,,,,,,,,,,,,,,,,,,,,,,,,,,,,,,,,,,
PARA,P38,2009,Abam,4.79,11.7,n,,,,,,,,,,,,,,,,,,,,,,,,,,,,,,,,,,
PARA,P38,2009,Abam,5.97,13.3,n,,,,,,,,,,,,,,,,,,,,,,,,,,,,,,,,,,
PARA,P38,2009,Abla,6.82,13.6,n,,,,,,,,,,,,,,,,,,,,,,,,,,,,,,,,,,
PARA,P38,2009,Abam,7.11,15.5,n,,,,,,,,,,,,,,,,,,,,,,,,,,,,,,,,,,
PARA,P38,2009,Abam,2.36,16.9,n,,,,,,,,,,,,,,,,,,,,,,,,,,,,,,,,,,
PARA,P38,2009,Abam,6.09,19.6,n,,,,,,,,,,,,,,,,,,,,,,,,,,,,,,,,,,
PARA,P38,2009,Abam,7,19.8,n,,,,,,,,,,,,,,,,,,,,,,,,,,,,,,,,,,
PARA,P38,2009,Tsme,1.06,21.2,n,,,,,,,,,,,,,,,,,,,,,,,,,,,,,,,,,,
PARA,P38,2009,Tsme,8.77,24.5,n,,,,,,,,,,,,,,,,,,,,,,,,,,,,,,,,,,
PARA,P38,2009,Abam,2.12,25.5,n,,,,,,,,,,,,,,,,,,,,,,,,,,,,,,,,,,
PARA,P38,2009,Tsme,7.33,26.3,n,,,,,,,,,,,,,,,,,,,,,,,,,,,,,,,,,,
PARA,P38,2009,Tsme,9.18,26.6,n,,,,,,,,,,,,,,,,,,,,,,,,,,,,,,,,,,
PARA,P38,2009,Abam,5.32,30.5,n,,,,,,,,,,,,,,,,,,,,,,,,,,,,,,,,,,
PARA,P38,2009,Abam,4.11,38.4,n,,,,,,,,,,,,,,,,,,,,,,,,,,,,,,,,,,
PARA,P38,2009,Abam,9.21,38.8,n,,,,,,,,,,,,,,,,,,,,,,,,,,,,,,,,,,
PARA,P38,2009,Abam,9.29,39.9,n,,,,,,,,,,,,,,,,,,,,,,,,,,,,,,,,,,
PARA,P38,2009,Abam,3.79,41.8,n,,,,,,,,,,,,,,,,,,,,,,,,,,,,,,,,,,
PARA,P38,2009,Tsme,9.75,48.7,n,,,,,,,,,,,,,,,,,,,,,,,,,,,,,,,,,,
PARA,P38,2009,Abam,7.06,57.5,n,,,,,,,,,,,,,,,,,,,,,,,,,,,,,,,,,,
PARA,P38,2009,Abam,5.41,64.6,n,,,,,,,,,,,,,,,,,,,,,,,,,,,,,,,,,,
PARA,P38,2009,Abam,5.53,112.4,y,,,,,,,,,,,,,,,,,,,,,,,,,,,,,,,,,,
PARA,P39,2009,Abam,6.7,10.4,n,,,,,,,,,,,,,,,,,,,,,,,,,,,,,,,,,,
PARA,P39,2009,Abam,7.1,10.8,n,,,,,,,,,,,,,,,,,,,,,,,,,,,,,,,,,,
PARA,P39,2009,Abam,6.94,11.0,n,,,,,,,,,,,,,,,,,,,,,,,,,,,,,,,,,,
PARA,P39,2009,Abam,4.84,12.1,n,,,,,,,,,,,,,,,,,,,,,,,,,,,,,,,,,,
PARA,P39,2009,Abam,9.11,12.9,n,,,,,,,,,,,,,,,,,,,,,,,,,,,,,,,,,,
PARA,P39,2009,Abam,9.24,13.0,n,,,,,,,,,,,,,,,,,,,,,,,,,,,,,,,,,,
PARA,P39,2009,Abam,8.45,13.4,n,,,,,,,,,,,,,,,,,,,,,,,,,,,,,,,,,,
PARA,P39,2009,Abam,7.67,15.3,n,,,,,,,,,,,,,,,,,,,,,,,,,,,,,,,,,,
PARA,P39,2009,Abam,6.96,18.3,n,,,,,,,,,,,,,,,,,,,,,,,,,,,,,,,,,,
PARA,P39,2009,Tsme,7.74,19.0,n,,,,,,,,,,,,,,,,,,,,,,,,,,,,,,,,,,
PARA,P39,2009,Abam,9,21.6,n,,,,,,,,,,,,,,,,,,,,,,,,,,,,,,,,,,
PARA,P39,2009,Abam,3.8,24.1,n,,,,,,,,,,,,,,,,,,,,,,,,,,,,,,,,,,
PARA,P39,2009,Abam,8.27,28.9,n,,,,,,,,,,,,,,,,,,,,,,,,,,,,,,,,,,
PARA,P39,2009,Tsme,0.71,33.1,n,,,,,,,,,,,,,,,,,,,,,,,,,,,,,,,,,,
PARA,P39,2009,Abam,9.4,36.7,y,,,,,,,,,,,,,,,,,,,,,,,,,,,,,,,,,,
PARA,P39,2009,Abam,8,39.4,n,,,,,,,,,,,,,,,,,,,,,,,,,,,,,,,,,,
PARA,P39,2009,Tsme,0.5,39.5,y,,,,,,,,,,,,,,,,,,,,,,,,,,,,,,,,,,
PARA,P39,2009,Abam,7.83,42.8,y,,,,,,,,,,,,,,,,,,,,,,,,,,,,,,,,,,
PARA,P39,2009,Abla,7.66,43.4,y,,,,,,,,,,,,,,,,,,,,,,,,,,,,,,,,,,
PARA,P39,2009,Tsme,3,49.4,y,,,,,,,,,,,,,,,,,,,,,,,,,,,,,,,,,,
PARA,P39,2009,Tsme,7.84,91.4,y,,,,,,,,,,,,,,,,,,,,,,,,,,,,,,,,,,
PARA,P4,2009,Abla,4.35,10.1,n,,,,,,,,,,,,,,,,,,,,,,,,,,,,,,,,,,
PARA,P4,2009,Abam,1.5,11.5,n,,,,,,,,,,,,,,,,,,,,,,,,,,,,,,,,,,
PARA,P4,2009,Tsme,5.51,11.9,n,,,,,,,,,,,,,,,,,,,,,,,,,,,,,,,,,,
PARA,P4,2009,Abam,8.24,12.2,n,,,,,,,,,,,,,,,,,,,,,,,,,,,,,,,,,,
PARA,P4,2009,Abam,7.94,13.0,n,,,,,,,,,,,,,,,,,,,,,,,,,,,,,,,,,,
PARA,P4,2009,Abam,4.8,14.0,n,,,,,,,,,,,,,,,,,,,,,,,,,,,,,,,,,,
PARA,P4,2009,Abam,8.68,14.6,n,,,,,,,,,,,,,,,,,,,,,,,,,,,,,,,,,,
PARA,P4,2009,Tsme,8.51,14.9,n,,,,,,,,,,,,,,,,,,,,,,,,,,,,,,,,,,
PARA,P4,2009,Abam,6.52,16.0,n,,,,,,,,,,,,,,,,,,,,,,,,,,,,,,,,,,
PARA,P4,2009,Abam,4.1,17.9,n,,,,,,,,,,,,,,,,,,,,,,,,,,,,,,,,,,
PARA,P4,2009,Abam,7.05,18.1,n,,,,,,,,,,,,,,,,,,,,,,,,,,,,,,,,,,
PARA,P4,2009,Abam,7.45,18.3,n,,,,,,,,,,,,,,,,,,,,,,,,,,,,,,,,,,
PARA,P4,2009,Abla,7.62,18.3,n,,,,,,,,,,,,,,,,,,,,,,,,,,,,,,,,,,
PARA,P4,2009,Abam,3.9,20.8,n,,,,,,,,,,,,,,,,,,,,,,,,,,,,,,,,,,
PARA,P4,2009,Tsme,9.23,22.3,n,,,,,,,,,,,,,,,,,,,,,,,,,,,,,,,,,,
PARA,P4,2009,Tsme,9.77,23.0,n,,,,,,,,,,,,,,,,,,,,,,,,,,,,,,,,,,
PARA,P4,2009,Abam,4.18,26.6,n,,,,,,,,,,,,,,,,,,,,,,,,,,,,,,,,,,
PARA,P4,2009,Tsme,5.51,29.2,n,,,,,,,,,,,,,,,,,,,,,,,,,,,,,,,,,,
PARA,P4,2009,Abam,1.35,29.8,n,,,,,,,,,,,,,,,,,,,,,,,,,,,,,,,,,,
PARA,P4,2009,Tsme,8.45,30.0,n,,,,,,,,,,,,,,,,,,,,,,,,,,,,,,,,,,
PARA,P4,2009,Tsme,5.17,30.3,n,,,,,,,,,,,,,,,,,,,,,,,,,,,,,,,,,,
PARA,P4,2009,Tsme,7.91,33.3,n,,,,,,,,,,,,,,,,,,,,,,,,,,,,,,,,,,
PARA,P4,2009,Tsme,4.25,35.5,n,,,,,,,,,,,,,,,,,,,,,,,,,,,,,,,,,,
PARA,P4,2009,Abam,3.5,36.5,n,,,,,,,,,,,,,,,,,,,,,,,,,,,,,,,,,,
PARA,P4,2009,Tsme,0.6,38.9,n,,,,,,,,,,,,,,,,,,,,,,,,,,,,,,,,,,
PARA,P4,2009,Abam,0.2,39.0,n,,,,,,,,,,,,,,,,,,,,,,,,,,,,,,,,,,
PARA,P4,2009,Abla,6.41,41.4,n,,,,,,,,,,,,,,,,,,,,,,,,,,,,,,,,,,
PARA,P4,2009,Abam,9.11,41.5,n,,,,,,,,,,,,,,,,,,,,,,,,,,,,,,,,,,
PARA,P4,2009,Abam,3.3,42.4,n,,,,,,,,,,,,,,,,,,,,,,,,,,,,,,,,,,
PARA,P4,2009,Abla,6.5,45.2,n,,,,,,,,,,,,,,,,,,,,,,,,,,,,,,,,,,
PARA,P4,2009,Abam,6.39,48.0,y,,,,,,,,,,,,,,,,,,,,,,,,,,,,,,,,,,
PARA,P4,2009,Abam,8.45,50.4,y,,,,,,,,,,,,,,,,,,,,,,,,,,,,,,,,,,
PARA,P4,2009,Abam,1.1,57.4,n,,,,,,,,,,,,,,,,,,,,,,,,,,,,,,,,,,
PARA,P4,2009,Tsme,4.3,62.5,n,,,,,,,,,,,,,,,,,,,,,,,,,,,,,,,,,,
PARA,P40,2009,Tsme,9.21,10.3,n,,,,,,,,,,,,,,,,,,,,,,,,,,,,,,,,,,
PARA,P40,2009,Abla,8.05,11.2,n,,,,,,,,,,,,,,,,,,,,,,,,,,,,,,,,,,
PARA,P40,2009,Tsme,2.24,11.5,n,,,,,,,,,,,,,,,,,,,,,,,,,,,,,,,,,,
PARA,P40,2009,Abam,2.62,13.5,n,,,,,,,,,,,,,,,,,,,,,,,,,,,,,,,,,,
PARA,P40,2009,Tsme,7.99,18.1,n,,,,,,,,,,,,,,,,,,,,,,,,,,,,,,,,,,
PARA,P40,2009,Tsme,3.87,18.4,n,,,,,,,,,,,,,,,,,,,,,,,,,,,,,,,,,,
PARA,P40,2009,Abla,9.83,18.4,n,,,,,,,,,,,,,,,,,,,,,,,,,,,,,,,,,,
PARA,P40,2009,Tsme,8.4,21.2,n,,,,,,,,,,,,,,,,,,,,,,,,,,,,,,,,,,
PARA,P40,2009,Tsme,3.73,21.3,n,,,,,,,,,,,,,,,,,,,,,,,,,,,,,,,,,,
PARA,P40,2009,Abla,0.62,28.4,n,,,,,,,,,,,,,,,,,,,,,,,,,,,,,,,,,,
PARA,P40,2009,Tsme,5.89,30.3,n,,,,,,,,,,,,,,,,,,,,,,,,,,,,,,,,,,
PARA,P40,2009,Tsme,3.75,31.7,n,,,,,,,,,,,,,,,,,,,,,,,,,,,,,,,,,,
PARA,P40,2009,Abla,4.7,39.9,n,,,,,,,,,,,,,,,,,,,,,,,,,,,,,,,,,,
PARA,P40,2009,Abla,9.83,42.0,n,,,,,,,,,,,,,,,,,,,,,,,,,,,,,,,,,,
PARA,P41,2009,Abam,3.69,12.1,n,,,,,,,,,,,,,,,,,,,,,,,,,,,,,,,,,,
PARA,P41,2009,Abam,4.69,14.5,n,,,,,,,,,,,,,,,,,,,,,,,,,,,,,,,,,,
PARA,P41,2009,Abam,5.39,18.2,n,,,,,,,,,,,,,,,,,,,,,,,,,,,,,,,,,,
PARA,P41,2009,Abam,4.69,18.9,n,,,,,,,,,,,,,,,,,,,,,,,,,,,,,,,,,,
PARA,P41,2009,Abam,9.23,20.2,n,,,,,,,,,,,,,,,,,,,,,,,,,,,,,,,,,,
PARA,P41,2009,Abam,3.41,21.0,n,,,,,,,,,,,,,,,,,,,,,,,,,,,,,,,,,,
PARA,P41,2009,Abam,9.6,22.1,n,,,,,,,,,,,,,,,,,,,,,,,,,,,,,,,,,,
PARA,P41,2009,Abam,4.97,24.5,n,,,,,,,,,,,,,,,,,,,,,,,,,,,,,,,,,,
PARA,P41,2009,Abam,8.41,25.0,n,,,,,,,,,,,,,,,,,,,,,,,,,,,,,,,,,,
PARA,P41,2009,Abam,5.14,26.5,n,,,,,,,,,,,,,,,,,,,,,,,,,,,,,,,,,,
PARA,P41,2009,Abam,5.35,30.8,n,,,,,,,,,,,,,,,,,,,,,,,,,,,,,,,,,,
PARA,P41,2009,Abam,5.6,31.2,n,,,,,,,,,,,,,,,,,,,,,,,,,,,,,,,,,,
PARA,P41,2009,Abam,4.16,31.5,n,,,,,,,,,,,,,,,,,,,,,,,,,,,,,,,,,,
PARA,P41,2009,Abam,4.88,32.8,n,,,,,,,,,,,,,,,,,,,,,,,,,,,,,,,,,,
PARA,P41,2009,Abam,5.62,33.2,n,,,,,,,,,,,,,,,,,,,,,,,,,,,,,,,,,,
PARA,P41,2009,Abam,7.51,35.3,n,,,,,,,,,,,,,,,,,,,,,,,,,,,,,,,,,,
PARA,P41,2009,Abam,5.05,36.2,n,,,,,,,,,,,,,,,,,,,,,,,,,,,,,,,,,,
PARA,P41,2009,Abam,2.57,37.8,n,,,,,,,,,,,,,,,,,,,,,,,,,,,,,,,,,,
PARA,P41,2009,Abam,3.23,40.0,y,,,,,,,,,,,,,,,,,,,,,,,,,,,,,,,,,,
PARA,P41,2009,Abam,8.45,40.5,n,,,,,,,,,,,,,,,,,,,,,,,,,,,,,,,,,,
PARA,P41,2009,Abam,3.52,43.8,y,,,,,,,,,,,,,,,,,,,,,,,,,,,,,,,,,,
PARA,P41,2009,Tsme,7.91,45.2,y,,,,,,,,,,,,,,,,,,,,,,,,,,,,,,,,,,
PARA,P41,2009,Abam,9.53,45.6,n,,,,,,,,,,,,,,,,,,,,,,,,,,,,,,,,,,
PARA,P41,2009,Abam,3.41,48.5,n,,,,,,,,,,,,,,,,,,,,,,,,,,,,,,,,,,
PARA,P41,2009,Abam,3.95,50.2,n,,,,,,,,,,,,,,,,,,,,,,,,,,,,,,,,,,
PARA,P41,2009,Abam,5.45,58.2,y,,,,,,,,,,,,,,,,,,,,,,,,,,,,,,,,,,
PARA,P41,2009,Tsme,5.16,67.8,y,,,,,,,,,,,,,,,,,,,,,,,,,,,,,,,,,,
PARA,P41,2009,Abam,7.4,76.4,n,,,,,,,,,,,,,,,,,,,,,,,,,,,,,,,,,,
PARA,P41,2009,Abam,8.24,78.0,y,,,,,,,,,,,,,,,,,,,,,,,,,,,,,,,,,,
PARA,P42,2009,Abam,5.69,10.3,n,,,,,,,,,,,,,,,,,,,,,,,,,,,,,,,,,,
PARA,P42,2009,Tsme,5.16,10.4,n,,,,,,,,,,,,,,,,,,,,,,,,,,,,,,,,,,
PARA,P42,2009,Abam,6.16,10.9,n,,,,,,,,,,,,,,,,,,,,,,,,,,,,,,,,,,
PARA,P42,2009,Abam,0.93,11.4,n,,,,,,,,,,,,,,,,,,,,,,,,,,,,,,,,,,
PARA,P42,2009,Tsme,6.55,11.7,n,,,,,,,,,,,,,,,,,,,,,,,,,,,,,,,,,,
PARA,P42,2009,Abam,1.14,11.8,n,,,,,,,,,,,,,,,,,,,,,,,,,,,,,,,,,,
PARA,P42,2009,Tsme,7.63,11.9,n,,,,,,,,,,,,,,,,,,,,,,,,,,,,,,,,,,
PARA,P42,2009,Abam,9.72,12.4,n,,,,,,,,,,,,,,,,,,,,,,,,,,,,,,,,,,
PARA,P42,2009,Tsme,4.93,12.5,n,,,,,,,,,,,,,,,,,,,,,,,,,,,,,,,,,,
PARA,P42,2009,Abam,5.1,13.4,n,,,,,,,,,,,,,,,,,,,,,,,,,,,,,,,,,,
PARA,P42,2009,Abam,6.71,13.7,n,,,,,,,,,,,,,,,,,,,,,,,,,,,,,,,,,,
PARA,P42,2009,Tsme,7.83,15.3,n,,,,,,,,,,,,,,,,,,,,,,,,,,,,,,,,,,
PARA,P42,2009,Abam,3.66,16.0,n,,,,,,,,,,,,,,,,,,,,,,,,,,,,,,,,,,
PARA,P42,2009,Tsme,5.22,16.4,n,,,,,,,,,,,,,,,,,,,,,,,,,,,,,,,,,,
PARA,P42,2009,Tsme,6.65,17.0,n,,,,,,,,,,,,,,,,,,,,,,,,,,,,,,,,,,
PARA,P42,2009,Abam,0.98,18.5,n,,,,,,,,,,,,,,,,,,,,,,,,,,,,,,,,,,
PARA,P42,2009,Tsme,7.2,21.9,n,,,,,,,,,,,,,,,,,,,,,,,,,,,,,,,,,,
PARA,P42,2009,Tsme,5.04,22.3,n,,,,,,,,,,,,,,,,,,,,,,,,,,,,,,,,,,
PARA,P42,2009,Tsme,6.46,22.3,n,,,,,,,,,,,,,,,,,,,,,,,,,,,,,,,,,,
PARA,P42,2009,Tsme,4.99,23.2,n,,,,,,,,,,,,,,,,,,,,,,,,,,,,,,,,,,
PARA,P42,2009,Tsme,5.1,23.8,n,,,,,,,,,,,,,,,,,,,,,,,,,,,,,,,,,,
PARA,P42,2009,Abam,6.28,24.4,n,,,,,,,,,,,,,,,,,,,,,,,,,,,,,,,,,,
PARA,P42,2009,Abam,2.92,25.0,n,,,,,,,,,,,,,,,,,,,,,,,,,,,,,,,,,,
PARA,P42,2009,Tsme,8.23,25.2,n,,,,,,,,,,,,,,,,,,,,,,,,,,,,,,,,,,
PARA,P42,2009,Abam,9.41,27.7,n,,,,,,,,,,,,,,,,,,,,,,,,,,,,,,,,,,
PARA,P42,2009,Cano,6.73,29.4,n,,,,,,,,,,,,,,,,,,,,,,,,,,,,,,,,,,
PARA,P42,2009,Tsme,6.88,30.0,n,,,,,,,,,,,,,,,,,,,,,,,,,,,,,,,,,,
PARA,P42,2009,Cano,6.47,35.7,n,,,,,,,,,,,,,,,,,,,,,,,,,,,,,,,,,,
PARA,P42,2009,Tsme,8.26,37.2,n,,,,,,,,,,,,,,,,,,,,,,,,,,,,,,,,,,
PARA,P42,2009,Abam,7.62,39.1,y,,,,,,,,,,,,,,,,,,,,,,,,,,,,,,,,,,
PARA,P42,2009,Abam,4.67,39.9,n,,,,,,,,,,,,,,,,,,,,,,,,,,,,,,,,,,
PARA,P42,2009,Cano,6.37,43.2,n,,,,,,,,,,,,,,,,,,,,,,,,,,,,,,,,,,
PARA,P42,2009,Abam,7.5,44.8,n,,,,,,,,,,,,,,,,,,,,,,,,,,,,,,,,,,
PARA,P42,2009,Cano,7.71,47.5,n,,,,,,,,,,,,,,,,,,,,,,,,,,,,,,,,,,
PARA,P42,2009,Abam,3.9,56.8,y,,,,,,,,,,,,,,,,,,,,,,,,,,,,,,,,,,
PARA,P42,2009,Cano,9.57,57.2,n,,,,,,,,,,,,,,,,,,,,,,,,,,,,,,,,,,
PARA,P42,2009,Cano,0.35,57.9,n,,,,,,,,,,,,,,,,,,,,,,,,,,,,,,,,,,
PARA,P42,2009,Tsme,7.86,60.3,y,,,,,,,,,,,,,,,,,,,,,,,,,,,,,,,,,,
PARA,P42,2009,Tsme,1.6,89.9,y,,,,,,,,,,,,,,,,,,,,,,,,,,,,,,,,,,
PARA,P43,2009,Tsme,8.19,17.3,n,,,,,,,,,,,,,,,,,,,,,,,,,,,,,,,,,,
PARA,P43,2009,Abam,4.24,17.7,n,,,,,,,,,,,,,,,,,,,,,,,,,,,,,,,,,,
PARA,P43,2009,Abam,1.36,18.7,n,,,,,,,,,,,,,,,,,,,,,,,,,,,,,,,,,,
PARA,P43,2009,Abam,9.91,19.2,n,,,,,,,,,,,,,,,,,,,,,,,,,,,,,,,,,,
PARA,P43,2009,Abam,8.9,21.6,n,,,,,,,,,,,,,,,,,,,,,,,,,,,,,,,,,,
PARA,P43,2009,Cano,8.38,31.1,n,,,,,,,,,,,,,,,,,,,,,,,,,,,,,,,,,,
PARA,P43,2009,Abam,6.59,33.1,n,,,,,,,,,,,,,,,,,,,,,,,,,,,,,,,,,,
PARA,P43,2009,Cano,0.2,36.1,n,,,,,,,,,,,,,,,,,,,,,,,,,,,,,,,,,,
PARA,P43,2009,Abam,4.78,36.3,n,,,,,,,,,,,,,,,,,,,,,,,,,,,,,,,,,,
PARA,P43,2009,Abam,6.26,36.5,n,,,,,,,,,,,,,,,,,,,,,,,,,,,,,,,,,,
PARA,P43,2009,Cano,8.86,37.0,n,,,,,,,,,,,,,,,,,,,,,,,,,,,,,,,,,,
PARA,P43,2009,Cano,5.23,39.2,n,,,,,,,,,,,,,,,,,,,,,,,,,,,,,,,,,,
PARA,P43,2009,Abam,7.67,41.6,n,,,,,,,,,,,,,,,,,,,,,,,,,,,,,,,,,,
PARA,P43,2009,Cano,0.93,43.9,n,,,,,,,,,,,,,,,,,,,,,,,,,,,,,,,,,,
PARA,P43,2009,Cano,8.66,45.3,n,,,,,,,,,,,,,,,,,,,,,,,,,,,,,,,,,,
PARA,P43,2009,Abam,7.47,46.0,y,,,,,,,,,,,,,,,,,,,,,,,,,,,,,,,,,,
PARA,P43,2009,Tsme,7.31,48.5,n,,,,,,,,,,,,,,,,,,,,,,,,,,,,,,,,,,
PARA,P43,2009,Abam,8.6,63.0,n,,,,,,,,,,,,,,,,,,,,,,,,,,,,,,,,,,
PARA,P43,2009,Abam,3.12,79.3,y,,,,,,,,,,,,,,,,,,,,,,,,,,,,,,,,,,
PARA,P43,2009,Abam,8.57,79.3,y,,,,,,,,,,,,,,,,,,,,,,,,,,,,,,,,,,
PARA,P43,2009,Abam,1.62,90.2,n,,,,,,,,,,,,,,,,,,,,,,,,,,,,,,,,,,
PARA,P44,2010,Abam,7.83,12.2,n,,,,,,,,,,,,,,,,,,,,,,,,,,,,,,,,,,
PARA,P44,2010,Tsme,8.17,12.3,n,,,,,,,,,,,,,,,,,,,,,,,,,,,,,,,,,,
PARA,P44,2010,Tsme,8.80,12.6,n,,,,,,,,,,,,,,,,,,,,,,,,,,,,,,,,,,
PARA,P44,2010,Abam,2.24,12.8,n,,,,,,,,,,,,,,,,,,,,,,,,,,,,,,,,,,
PARA,P44,2010,Abam,6.31,13.1,n,,,,,,,,,,,,,,,,,,,,,,,,,,,,,,,,,,
PARA,P44,2010,Abam,8.21,13.8,n,,,,,,,,,,,,,,,,,,,,,,,,,,,,,,,,,,
PARA,P44,2010,Tsme,6.13,14.0,n,,,,,,,,,,,,,,,,,,,,,,,,,,,,,,,,,,
PARA,P44,2010,Abam,9.81,17.1,n,,,,,,,,,,,,,,,,,,,,,,,,,,,,,,,,,,
PARA,P44,2010,Tsme,6.82,17.7,n,,,,,,,,,,,,,,,,,,,,,,,,,,,,,,,,,,
PARA,P44,2010,Tsme,7.83,19.5,n,,,,,,,,,,,,,,,,,,,,,,,,,,,,,,,,,,
PARA,P44,2010,Abam,7.97,22.1,n,,,,,,,,,,,,,,,,,,,,,,,,,,,,,,,,,,
PARA,P44,2010,Abam,9.11,24.6,n,,,,,,,,,,,,,,,,,,,,,,,,,,,,,,,,,,
PARA,P44,2010,Tsme,4.46,27.9,n,,,,,,,,,,,,,,,,,,,,,,,,,,,,,,,,,,
PARA,P44,2010,Tsme,6.45,28.4,n,,,,,,,,,,,,,,,,,,,,,,,,,,,,,,,,,,
PARA,P44,2010,Tsme,9.61,29.0,n,,,,,,,,,,,,,,,,,,,,,,,,,,,,,,,,,,
PARA,P44,2010,Abam,5.89,31.4,n,,,,,,,,,,,,,,,,,,,,,,,,,,,,,,,,,,
PARA,P44,2010,Abam,1.51,32.6,n,,,,,,,,,,,,,,,,,,,,,,,,,,,,,,,,,,
PARA,P44,2010,Cano,1.91,33.8,y,,,,,,,,,,,,,,,,,,,,,,,,,,,,,,,,,,
PARA,P44,2010,Cano,3.79,37.5,n,,,,,,,,,,,,,,,,,,,,,,,,,,,,,,,,,,
PARA,P44,2010,Tsme,3.10,38.5,y,,,,,,,,,,,,,,,,,,,,,,,,,,,,,,,,,,
PARA,P44,2010,Abam,4.81,38.6,n,,,,,,,,,,,,,,,,,,,,,,,,,,,,,,,,,,
PARA,P44,2010,Abam,4.50,38.7,y,,,,,,,,,,,,,,,,,,,,,,,,,,,,,,,,,,
PARA,P44,2010,Tsme,5.38,40.7,n,,,,,,,,,,,,,,,,,,,,,,,,,,,,,,,,,,
PARA,P44,2010,Cano,4.41,42.4,y,,,,,,,,,,,,,,,,,,,,,,,,,,,,,,,,,,
PARA,P44,2010,Cano,7.56,51.2,n,,,,,,,,,,,,,,,,,,,,,,,,,,,,,,,,,,
PARA,P44,2010,Tsme,9.43,53.2,y,,,,,,,,,,,,,,,,,,,,,,,,,,,,,,,,,,
PARA,P44,2010,Tsme,0.88,56.1,y,,,,,,,,,,,,,,,,,,,,,,,,,,,,,,,,,,
PARA,P44,2010,Tsme,6.14,62.6,y,,,,,,,,,,,,,,,,,,,,,,,,,,,,,,,,,,
PARA,P44,2010,Abam,4.32,85.0,y,,,,,,,,,,,,,,,,,,,,,,,,,,,,,,,,,,
PARA,P45,2009,Abam,0.81,25.4,n,,,,,,,,,,,,,,,,,,,,,,,,,,,,,,,,,,
PARA,P45,2009,Tsme,7.73,26.0,n,,,,,,,,,,,,,,,,,,,,,,,,,,,,,,,,,,
PARA,P45,2009,Tsme,1.02,26.8,n,,,,,,,,,,,,,,,,,,,,,,,,,,,,,,,,,,
PARA,P45,2009,Tsme,7.7,31.9,n,,,,,,,,,,,,,,,,,,,,,,,,,,,,,,,,,,
PARA,P45,2009,Tsme,2.08,34.0,n,,,,,,,,,,,,,,,,,,,,,,,,,,,,,,,,,,
PARA,P45,2009,Cano,8.45,39.3,n,,,,,,,,,,,,,,,,,,,,,,,,,,,,,,,,,,
PARA,P45,2009,Abam,5.32,44.5,n,,,,,,,,,,,,,,,,,,,,,,,,,,,,,,,,,,
PARA,P45,2009,Tsme,4.21,46.3,n,,,,,,,,,,,,,,,,,,,,,,,,,,,,,,,,,,
PARA,P45,2009,Abam,0.97,59.9,y,,,,,,,,,,,,,,,,,,,,,,,,,,,,,,,,,,
PARA,P45,2009,Tsme,3.54,65.5,y,,,,,,,,,,,,,,,,,,,,,,,,,,,,,,,,,,
PARA,P45,2009,Tsme,5.4,106.7,y,,,,,,,,,,,,,,,,,,,,,,,,,,,,,,,,,,
PARA,P46,2009,Tsme,1.66,11.1,n,,,,,,,,,,,,,,,,,,,,,,,,,,,,,,,,,,
PARA,P46,2009,Cano,2.74,13.3,n,,,,,,,,,,,,,,,,,,,,,,,,,,,,,,,,,,
PARA,P46,2009,Tsme,3.63,14.1,n,,,,,,,,,,,,,,,,,,,,,,,,,,,,,,,,,,
PARA,P46,2009,Abam,8.12,14.1,n,,,,,,,,,,,,,,,,,,,,,,,,,,,,,,,,,,
PARA,P46,2009,Cano,2.62,18.7,n,,,,,,,,,,,,,,,,,,,,,,,,,,,,,,,,,,
PARA,P46,2009,Cano,3.79,21.5,n,,,,,,,,,,,,,,,,,,,,,,,,,,,,,,,,,,
PARA,P46,2009,Cano,2.31,27.6,n,,,,,,,,,,,,,,,,,,,,,,,,,,,,,,,,,,
PARA,P46,2009,Tsme,2.19,28.6,n,,,,,,,,,,,,,,,,,,,,,,,,,,,,,,,,,,
PARA,P46,2009,Tsme,6.85,32.8,n,,,,,,,,,,,,,,,,,,,,,,,,,,,,,,,,,,
PARA,P46,2009,Cano,0.73,36.9,n,,,,,,,,,,,,,,,,,,,,,,,,,,,,,,,,,,
PARA,P46,2009,Tsme,5.85,39.6,n,,,,,,,,,,,,,,,,,,,,,,,,,,,,,,,,,,
PARA,P46,2009,Tsme,5.38,41.9,n,,,,,,,,,,,,,,,,,,,,,,,,,,,,,,,,,,
PARA,P46,2009,Cano,0.98,45.0,n,,,,,,,,,,,,,,,,,,,,,,,,,,,,,,,,,,
PARA,P46,2009,Abam,3.52,51.3,n,,,,,,,,,,,,,,,,,,,,,,,,,,,,,,,,,,
PARA,P46,2009,Abam,2.6,61.2,n,,,,,,,,,,,,,,,,,,,,,,,,,,,,,,,,,,
PARA,P46,2009,Abam,9,62.1,y,,,,,,,,,,,,,,,,,,,,,,,,,,,,,,,,,,
PARA,P46,2009,Tsme,9.31,70.4,y,,,,,,,,,,,,,,,,,,,,,,,,,,,,,,,,,,
PARA,P46,2009,Abam,9.86,70.6,y,,,,,,,,,,,,,,,,,,,,,,,,,,,,,,,,,,
PARA,P46,2009,Abam,9.17,70.9,y,,,,,,,,,,,,,,,,,,,,,,,,,,,,,,,,,,
PARA,P46,2009,Cano,9.92,81.8,n,,,,,,,,,,,,,,,,,,,,,,,,,,,,,,,,,,
PARA,P47,2010,Abam,5.03,19.0,n,,,,,,,,,,,,,,,,,,,,,,,,,,,,,,,,,,
PARA,P47,2010,Abam,1.37,21.0,n,,,,,,,,,,,,,,,,,,,,,,,,,,,,,,,,,,
PARA,P47,2010,Tsme,9.87,21.4,n,,,,,,,,,,,,,,,,,,,,,,,,,,,,,,,,,,
PARA,P47,2010,Tsme,0.80,25.4,n,,,,,,,,,,,,,,,,,,,,,,,,,,,,,,,,,,
PARA,P47,2010,Cano,8.12,35.0,n,,,,,,,,,,,,,,,,,,,,,,,,,,,,,,,,,,
PARA,P47,2010,Abam,9.97,35.6,n,,,,,,,,,,,,,,,,,,,,,,,,,,,,,,,,,,
PARA,P47,2010,Tsme,5.05,39.6,n,,,,,,,,,,,,,,,,,,,,,,,,,,,,,,,,,,
PARA,P47,2010,Tsme,0.15,47.7,n,,,,,,,,,,,,,,,,,,,,,,,,,,,,,,,,,,
PARA,P47,2010,Tsme,1.30,51.1,y,,,,,,,,,,,,,,,,,,,,,,,,,,,,,,,,,,
PARA,P47,2010,Tsme,7.97,56.2,y,,,,,,,,,,,,,,,,,,,,,,,,,,,,,,,,,,
PARA,P47,2010,Tsme,5.80,59.9,y,,,,,,,,,,,,,,,,,,,,,,,,,,,,,,,,,,
PARA,P47,2010,Tsme,4.28,72.1,y,,,,,,,,,,,,,,,,,,,,,,,,,,,,,,,,,,
PARA,P48,2010,Cano,1.83,10.3,n,,,,,,,,,,,,,,,,,,,,,,,,,,,,,,,,,,
PARA,P48,2010,Tsme,5.72,10.3,n,,,,,,,,,,,,,,,,,,,,,,,,,,,,,,,,,,
PARA,P48,2010,Cano,1.23,12.3,n,,,,,,,,,,,,,,,,,,,,,,,,,,,,,,,,,,
PARA,P48,2010,Abam,3.85,13.4,n,,,,,,,,,,,,,,,,,,,,,,,,,,,,,,,,,,
PARA,P48,2010,Abam,3.13,13.5,n,,,,,,,,,,,,,,,,,,,,,,,,,,,,,,,,,,
PARA,P48,2010,Tsme,1.25,16.2,n,,,,,,,,,,,,,,,,,,,,,,,,,,,,,,,,,,
PARA,P48,2010,Tsme,9.16,17.6,n,,,,,,,,,,,,,,,,,,,,,,,,,,,,,,,,,,
PARA,P48,2010,Tsme,2.47,20.6,n,,,,,,,,,,,,,,,,,,,,,,,,,,,,,,,,,,
PARA,P48,2010,Tsme,2.36,23.2,n,,,,,,,,,,,,,,,,,,,,,,,,,,,,,,,,,,
PARA,P48,2010,Tsme,0.51,25.6,n,,,,,,,,,,,,,,,,,,,,,,,,,,,,,,,,,,
PARA,P48,2010,Tsme,4.41,35.2,y,,,,,,,,,,,,,,,,,,,,,,,,,,,,,,,,,,
PARA,P48,2010,Abam,1.88,36.3,n,,,,,,,,,,,,,,,,,,,,,,,,,,,,,,,,,,
PARA,P48,2010,Tsme,3.52,41.8,y,,,,,,,,,,,,,,,,,,,,,,,,,,,,,,,,,,
PARA,P48,2010,Tsme,8.22,45.8,n,,,,,,,,,,,,,,,,,,,,,,,,,,,,,,,,,,
PARA,P48,2010,Tsme,0.86,45.8,y,,,,,,,,,,,,,,,,,,,,,,,,,,,,,,,,,,
PARA,P48,2010,Tsme,1.90,48.4,y,,,,,,,,,,,,,,,,,,,,,,,,,,,,,,,,,,
PARA,P48,2010,Abam,9.42,53.5,n,,,,,,,,,,,,,,,,,,,,,,,,,,,,,,,,,,
PARA,P48,2010,Tsme,6.65,59.2,y,,,,,,,,,,,,,,,,,,,,,,,,,,,,,,,,,,
PARA,P48,2010,Abam,4.58,62.0,y,,,,,,,,,,,,,,,,,,,,,,,,,,,,,,,,,,
PARA,P48,2010,Abam,1.99,95.2,y,,,,,,,,,,,,,,,,,,,,,,,,,,,,,,,,,,
PARA,P49,2009,Cano,2.8,12.6,n,,,,,,,,,,,,,,,,,,,,,,,,,,,,,,,,,,
PARA,P49,2009,Cano,9.6,15.4,n,,,,,,,,,,,,,,,,,,,,,,,,,,,,,,,,,,
PARA,P49,2009,Tsme,5.92,19.2,n,,,,,,,,,,,,,,,,,,,,,,,,,,,,,,,,,,
PARA,P49,2009,Abam,8.48,21.3,n,,,,,,,,,,,,,,,,,,,,,,,,,,,,,,,,,,
PARA,P49,2009,Tsme,3.23,21.9,n,,,,,,,,,,,,,,,,,,,,,,,,,,,,,,,,,,
PARA,P49,2009,Cano,8.24,24.0,n,,,,,,,,,,,,,,,,,,,,,,,,,,,,,,,,,,
PARA,P49,2009,Abam,6.25,27.6,n,,,,,,,,,,,,,,,,,,,,,,,,,,,,,,,,,,
PARA,P49,2009,Cano,2.41,31.6,n,,,,,,,,,,,,,,,,,,,,,,,,,,,,,,,,,,
PARA,P49,2009,Tsme,5.06,36.6,n,,,,,,,,,,,,,,,,,,,,,,,,,,,,,,,,,,
PARA,P49,2009,Cano,9.09,37.4,n,,,,,,,,,,,,,,,,,,,,,,,,,,,,,,,,,,
PARA,P49,2009,Tsme,9.17,37.7,y,,,,,,,,,,,,,,,,,,,,,,,,,,,,,,,,,,
PARA,P49,2009,Cano,7.53,40.0,n,,,,,,,,,,,,,,,,,,,,,,,,,,,,,,,,,,
PARA,P49,2009,Abam,7.4,40.5,n,,,,,,,,,,,,,,,,,,,,,,,,,,,,,,,,,,
PARA,P49,2009,Cano,8.71,41.9,n,,,,,,,,,,,,,,,,,,,,,,,,,,,,,,,,,,
PARA,P49,2009,Tsme,5.67,42.1,n,,,,,,,,,,,,,,,,,,,,,,,,,,,,,,,,,,
PARA,P49,2009,Abam,2.39,42.3,n,,,,,,,,,,,,,,,,,,,,,,,,,,,,,,,,,,
PARA,P49,2009,Tsme,5.77,42.5,n,,,,,,,,,,,,,,,,,,,,,,,,,,,,,,,,,,
PARA,P49,2009,Abam,9.71,44.3,y,,,,,,,,,,,,,,,,,,,,,,,,,,,,,,,,,,
PARA,P49,2009,Cano,7.82,49.2,n,,,,,,,,,,,,,,,,,,,,,,,,,,,,,,,,,,
PARA,P49,2009,Tsme,8.4,51.0,n,,,,,,,,,,,,,,,,,,,,,,,,,,,,,,,,,,
PARA,P49,2009,Tsme,7.48,57.5,y,,,,,,,,,,,,,,,,,,,,,,,,,,,,,,,,,,
PARA,P49,2009,Abam,3.48,59.5,y,,,,,,,,,,,,,,,,,,,,,,,,,,,,,,,,,,
PARA,P49,2009,Abam,7.05,59.8,n,,,,,,,,,,,,,,,,,,,,,,,,,,,,,,,,,,
PARA,P49,2009,Abam,8.72,78.0,n,DBH for two trunks combined,,,,,,,,,,,,,,,,,,,,,,,,,,,,,,,,,
PARA,P49,2009,Cano,8.72,78.0,n,,,,,,,,,,,,,,,,,,,,,,,,,,,,,,,,,,
PARA,P49,2009,Abam,6.67,78.0,y,,,,,,,,,,,,,,,,,,,,,,,,,,,,,,,,,,
PARA,P5,2009,Abam,7.75,10.8,n,,,,,,,,,,,,,,,,,,,,,,,,,,,,,,,,,,
PARA,P5,2009,Abam,4.93,11.0,n,,,,,,,,,,,,,,,,,,,,,,,,,,,,,,,,,,
PARA,P5,2009,Abam,5.18,12.3,n,,,,,,,,,,,,,,,,,,,,,,,,,,,,,,,,,,
PARA,P5,2009,Abam,6.73,12.5,n,,,,,,,,,,,,,,,,,,,,,,,,,,,,,,,,,,
PARA,P5,2009,Abam,8.63,13.1,n,,,,,,,,,,,,,,,,,,,,,,,,,,,,,,,,,,
PARA,P5,2009,Abam,7.04,13.2,n,,,,,,,,,,,,,,,,,,,,,,,,,,,,,,,,,,
PARA,P5,2009,Abla,8.74,13.4,n,,,,,,,,,,,,,,,,,,,,,,,,,,,,,,,,,,
PARA,P5,2009,Abam,6.63,14.1,n,,,,,,,,,,,,,,,,,,,,,,,,,,,,,,,,,,
PARA,P5,2009,Abla,6.66,14.7,n,,,,,,,,,,,,,,,,,,,,,,,,,,,,,,,,,,
PARA,P5,2009,Tsme,7.61,15.9,n,,,,,,,,,,,,,,,,,,,,,,,,,,,,,,,,,,
PARA,P5,2009,Abla,8.88,16.5,n,,,,,,,,,,,,,,,,,,,,,,,,,,,,,,,,,,
PARA,P5,2009,Abla,5.81,17.0,n,,,,,,,,,,,,,,,,,,,,,,,,,,,,,,,,,,
PARA,P5,2009,Abam,7.25,17.0,n,,,,,,,,,,,,,,,,,,,,,,,,,,,,,,,,,,
PARA,P5,2009,Abam,1.03,17.3,n,,,,,,,,,,,,,,,,,,,,,,,,,,,,,,,,,,
PARA,P5,2009,Abla,8.8,19.2,n,,,,,,,,,,,,,,,,,,,,,,,,,,,,,,,,,,
PARA,P5,2009,Abam,9.12,19.6,n,,,,,,,,,,,,,,,,,,,,,,,,,,,,,,,,,,
PARA,P5,2009,Abam,9.11,21.2,n,,,,,,,,,,,,,,,,,,,,,,,,,,,,,,,,,,
PARA,P5,2009,Tsme,8.78,22.1,n,,,,,,,,,,,,,,,,,,,,,,,,,,,,,,,,,,
PARA,P5,2009,Abla,6.94,22.2,n,,,,,,,,,,,,,,,,,,,,,,,,,,,,,,,,,,
PARA,P5,2009,Tsme,5.71,22.9,n,,,,,,,,,,,,,,,,,,,,,,,,,,,,,,,,,,
PARA,P5,2009,Abam,6.99,23.5,n,,,,,,,,,,,,,,,,,,,,,,,,,,,,,,,,,,
PARA,P5,2009,Tsme,3.89,25.5,n,,,,,,,,,,,,,,,,,,,,,,,,,,,,,,,,,,
PARA,P5,2009,Abam,9.02,26.4,n,,,,,,,,,,,,,,,,,,,,,,,,,,,,,,,,,,
PARA,P5,2009,Abam,6.9,26.5,n,,,,,,,,,,,,,,,,,,,,,,,,,,,,,,,,,,
PARA,P5,2009,Abam,8.48,27.9,n,,,,,,,,,,,,,,,,,,,,,,,,,,,,,,,,,,
PARA,P5,2009,Abla,8.01,30.4,n,,,,,,,,,,,,,,,,,,,,,,,,,,,,,,,,,,
PARA,P5,2009,Abla,8.3,30.5,n,,,,,,,,,,,,,,,,,,,,,,,,,,,,,,,,,,
PARA,P5,2009,Abla,6.17,33.3,n,,,,,,,,,,,,,,,,,,,,,,,,,,,,,,,,,,
PARA,P5,2009,Abam,0.67,39.3,n,,,,,,,,,,,,,,,,,,,,,,,,,,,,,,,,,,
PARA,P5,2009,Abam,3.42,39.6,n,,,,,,,,,,,,,,,,,,,,,,,,,,,,,,,,,,
PARA,P5,2009,Tsme,7.38,40.3,n,,,,,,,,,,,,,,,,,,,,,,,,,,,,,,,,,,
PARA,P5,2009,Abam,1.71,41.5,n,,,,,,,,,,,,,,,,,,,,,,,,,,,,,,,,,,
PARA,P5,2009,Abla,6.08,44.2,n,,,,,,,,,,,,,,,,,,,,,,,,,,,,,,,,,,
PARA,P5,2009,Abla,6.36,44.7,n,,,,,,,,,,,,,,,,,,,,,,,,,,,,,,,,,,
PARA,P5,2009,Abla,7.31,48.8,n,,,,,,,,,,,,,,,,,,,,,,,,,,,,,,,,,,
PARA,P5,2009,Abam,1.34,51.5,y,,,,,,,,,,,,,,,,,,,,,,,,,,,,,,,,,,
PARA,P5,2009,Tsme,2.08,55.2,y,,,,,,,,,,,,,,,,,,,,,,,,,,,,,,,,,,
PARA,P5,2009,Abam,9.31,87.0,y,,,,,,,,,,,,,,,,,,,,,,,,,,,,,,,,,,
PARA,P50,2009,Abam,0.32,10.2,n,,,,,,,,,,,,,,,,,,,,,,,,,,,,,,,,,,
PARA,P50,2009,Abam,0.82,12.5,n,,,,,,,,,,,,,,,,,,,,,,,,,,,,,,,,,,
PARA,P50,2009,Abam,5.7,12.6,n,,,,,,,,,,,,,,,,,,,,,,,,,,,,,,,,,,
PARA,P50,2009,Tsme,9.97,13.5,n,,,,,,,,,,,,,,,,,,,,,,,,,,,,,,,,,,
PARA,P50,2009,Cano,5.93,17.4,n,,,,,,,,,,,,,,,,,,,,,,,,,,,,,,,,,,
PARA,P50,2009,Abam,7.47,17.4,n,,,,,,,,,,,,,,,,,,,,,,,,,,,,,,,,,,
PARA,P50,2009,Abam,5.4,18.9,n,,,,,,,,,,,,,,,,,,,,,,,,,,,,,,,,,,
PARA,P50,2009,Cano,9.35,19.3,n,,,,,,,,,,,,,,,,,,,,,,,,,,,,,,,,,,
PARA,P50,2009,Abam,6.39,19.8,n,,,,,,,,,,,,,,,,,,,,,,,,,,,,,,,,,,
PARA,P50,2009,Tsme,9.94,21.7,n,,,,,,,,,,,,,,,,,,,,,,,,,,,,,,,,,,
PARA,P50,2009,Tsme,8.51,31.2,n,,,,,,,,,,,,,,,,,,,,,,,,,,,,,,,,,,
PARA,P50,2009,Cano,9.63,32.0,n,,,,,,,,,,,,,,,,,,,,,,,,,,,,,,,,,,
PARA,P50,2009,Cano,8.97,33.8,n,,,,,,,,,,,,,,,,,,,,,,,,,,,,,,,,,,
PARA,P50,2009,Cano,0.2,35.0,n,,,,,,,,,,,,,,,,,,,,,,,,,,,,,,,,,,
PARA,P50,2009,Abam,7.86,35.4,n,,,,,,,,,,,,,,,,,,,,,,,,,,,,,,,,,,
PARA,P50,2009,Cano,8.29,38.3,n,,,,,,,,,,,,,,,,,,,,,,,,,,,,,,,,,,
PARA,P50,2009,Cano,8.65,38.6,n,,,,,,,,,,,,,,,,,,,,,,,,,,,,,,,,,,
PARA,P50,2009,Abam,5.98,39.8,n,,,,,,,,,,,,,,,,,,,,,,,,,,,,,,,,,,
PARA,P50,2009,Abam,9.11,40.3,n,,,,,,,,,,,,,,,,,,,,,,,,,,,,,,,,,,
PARA,P50,2009,Tsme,6.84,44.2,n,,,,,,,,,,,,,,,,,,,,,,,,,,,,,,,,,,
PARA,P50,2009,Cano,9.1,46.5,n,,,,,,,,,,,,,,,,,,,,,,,,,,,,,,,,,,
PARA,P50,2009,Abam,5.54,47.0,y,,,,,,,,,,,,,,,,,,,,,,,,,,,,,,,,,,
PARA,P50,2009,Tsme,4.76,63.2,y,,,,,,,,,,,,,,,,,,,,,,,,,,,,,,,,,,
PARA,P50,2009,Tsme,2.32,86.7,n,,,,,,,,,,,,,,,,,,,,,,,,,,,,,,,,,,
PARA,P50,2009,Tsme,8.98,118.5,y,,,,,,,,,,,,,,,,,,,,,,,,,,,,,,,,,,
PARA,P51,2010,Tsme,1.56,21.3,n,,,,,,,,,,,,,,,,,,,,,,,,,,,,,,,,,,
PARA,P51,2010,Tsme,5.23,26.3,n,,,,,,,,,,,,,,,,,,,,,,,,,,,,,,,,,,
PARA,P51,2010,Cano,0.98,26.6,n,,,,,,,,,,,,,,,,,,,,,,,,,,,,,,,,,,
PARA,P51,2010,Cano,0.81,31.3,n,,,,,,,,,,,,,,,,,,,,,,,,,,,,,,,,,,
PARA,P51,2010,Tsme,1.43,31.3,n,,,,,,,,,,,,,,,,,,,,,,,,,,,,,,,,,,
PARA,P51,2010,Tsme,0.40,33.0,n,,,,,,,,,,,,,,,,,,,,,,,,,,,,,,,,,,
PARA,P51,2010,Tsme,0.81,36.2,n,,,,,,,,,,,,,,,,,,,,,,,,,,,,,,,,,,
PARA,P51,2010,Tsme,0.99,36.4,y,,,,,,,,,,,,,,,,,,,,,,,,,,,,,,,,,,
PARA,P51,2010,Tsme,4.83,39.4,n,,,,,,,,,,,,,,,,,,,,,,,,,,,,,,,,,,
PARA,P51,2010,Tsme,5.11,42.5,n,,,,,,,,,,,,,,,,,,,,,,,,,,,,,,,,,,
PARA,P51,2010,Cano,1.81,52.2,y,,,,,,,,,,,,,,,,,,,,,,,,,,,,,,,,,,
PARA,P51,2010,Tsme,5.89,58.2,y,,,,,,,,,,,,,,,,,,,,,,,,,,,,,,,,,,
PARA,P51,2010,Abam,0.81,64.8,y,,,,,,,,,,,,,,,,,,,,,,,,,,,,,,,,,,
PARA,P51,2010,Abam,2.09,106.2,y,Half dead,,,,,,,,,,,,,,,,,,,,,,,,,,,,,,,,,
PARA,P52,2009,Abam,9.46,11.0,n,,,,,,,,,,,,,,,,,,,,,,,,,,,,,,,,,,
PARA,P52,2009,Tsme,5.05,12.2,n,,,,,,,,,,,,,,,,,,,,,,,,,,,,,,,,,,
PARA,P52,2009,Tsme,5.97,12.9,n,,,,,,,,,,,,,,,,,,,,,,,,,,,,,,,,,,
PARA,P52,2009,Cano,4.59,14.2,n,,,,,,,,,,,,,,,,,,,,,,,,,,,,,,,,,,
PARA,P52,2009,Abam,2.93,14.9,n,,,,,,,,,,,,,,,,,,,,,,,,,,,,,,,,,,
PARA,P52,2009,Tsme,4.34,17.2,n,,,,,,,,,,,,,,,,,,,,,,,,,,,,,,,,,,
PARA,P52,2009,Tsme,6.95,19.2,n,,,,,,,,,,,,,,,,,,,,,,,,,,,,,,,,,,
PARA,P52,2009,Tsme,3.83,21.0,n,,,,,,,,,,,,,,,,,,,,,,,,,,,,,,,,,,
PARA,P52,2009,Tsme,8.85,23.8,n,,,,,,,,,,,,,,,,,,,,,,,,,,,,,,,,,,
PARA,P52,2009,Tsme,4.94,24.1,n,,,,,,,,,,,,,,,,,,,,,,,,,,,,,,,,,,
PARA,P52,2009,Abam,9.47,24.4,n,,,,,,,,,,,,,,,,,,,,,,,,,,,,,,,,,,
PARA,P52,2009,Tsme,7.35,25.0,n,,,,,,,,,,,,,,,,,,,,,,,,,,,,,,,,,,
PARA,P52,2009,Abam,2.05,25.5,n,,,,,,,,,,,,,,,,,,,,,,,,,,,,,,,,,,
PARA,P52,2009,Tsme,5.07,25.5,n,,,,,,,,,,,,,,,,,,,,,,,,,,,,,,,,,,
PARA,P52,2009,Tsme,6.63,26.5,n,,,,,,,,,,,,,,,,,,,,,,,,,,,,,,,,,,
PARA,P52,2009,Tsme,1.86,28.9,n,,,,,,,,,,,,,,,,,,,,,,,,,,,,,,,,,,
PARA,P52,2009,Tsme,9.92,29.7,n,,,,,,,,,,,,,,,,,,,,,,,,,,,,,,,,,,
PARA,P52,2009,Cano,9.1,32.0,n,,,,,,,,,,,,,,,,,,,,,,,,,,,,,,,,,,
PARA,P52,2009,Tsme,9.03,32.3,n,,,,,,,,,,,,,,,,,,,,,,,,,,,,,,,,,,
PARA,P52,2009,Tsme,9.87,34.3,n,,,,,,,,,,,,,,,,,,,,,,,,,,,,,,,,,,
PARA,P52,2009,Cano,2.57,34.8,n,,,,,,,,,,,,,,,,,,,,,,,,,,,,,,,,,,
PARA,P52,2009,Abam,1.54,37.2,n,,,,,,,,,,,,,,,,,,,,,,,,,,,,,,,,,,
PARA,P52,2009,Tsme,9.61,41.2,n,,,,,,,,,,,,,,,,,,,,,,,,,,,,,,,,,,
PARA,P52,2009,Tsme,6.86,45.4,n,,,,,,,,,,,,,,,,,,,,,,,,,,,,,,,,,,
PARA,P52,2009,Cano,9.92,45.7,n,,,,,,,,,,,,,,,,,,,,,,,,,,,,,,,,,,
PARA,P52,2009,Tsme,9.18,47.0,n,,,,,,,,,,,,,,,,,,,,,,,,,,,,,,,,,,
PARA,P52,2009,Abam,2.84,51.4,y,,,,,,,,,,,,,,,,,,,,,,,,,,,,,,,,,,
PARA,P52,2009,Tsme,8.61,53.7,y,,,,,,,,,,,,,,,,,,,,,,,,,,,,,,,,,,
PARA,P52,2009,Abam,2.54,54.0,y,,,,,,,,,,,,,,,,,,,,,,,,,,,,,,,,,,
PARA,P52,2009,Tsme,9.2,55.1,y,,,,,,,,,,,,,,,,,,,,,,,,,,,,,,,,,,
PARA,P52,2009,Abam,2.43,59.9,y,,,,,,,,,,,,,,,,,,,,,,,,,,,,,,,,,,
PARA,P52,2009,Cano,0.6,60.7,y,,,,,,,,,,,,,,,,,,,,,,,,,,,,,,,,,,
PARA,P52,2009,Abam,2.81,63.4,y,,,,,,,,,,,,,,,,,,,,,,,,,,,,,,,,,,
PARA,P52,2009,Abam,5.7,75.6,y,,,,,,,,,,,,,,,,,,,,,,,,,,,,,,,,,,
PARA,P53,2009,Tsme,7.98,12.2,n,,,,,,,,,,,,,,,,,,,,,,,,,,,,,,,,,,
PARA,P53,2009,Tsme,9.37,14.4,n,,,,,,,,,,,,,,,,,,,,,,,,,,,,,,,,,,
PARA,P53,2009,Cano,9.69,15.7,n,,,,,,,,,,,,,,,,,,,,,,,,,,,,,,,,,,
PARA,P53,2009,Tsme,9.91,16.8,n,,,,,,,,,,,,,,,,,,,,,,,,,,,,,,,,,,
PARA,P53,2009,Abam,8.78,17.7,n,,,,,,,,,,,,,,,,,,,,,,,,,,,,,,,,,,
PARA,P53,2009,Abam,7.25,21.5,n,,,,,,,,,,,,,,,,,,,,,,,,,,,,,,,,,,
PARA,P53,2009,Abam,8.96,21.9,n,,,,,,,,,,,,,,,,,,,,,,,,,,,,,,,,,,
PARA,P53,2009,Cano,3.98,23.3,n,,,,,,,,,,,,,,,,,,,,,,,,,,,,,,,,,,
PARA,P53,2009,Cano,8.21,24.3,n,,,,,,,,,,,,,,,,,,,,,,,,,,,,,,,,,,
PARA,P53,2009,Tsme,9.35,26.4,n,,,,,,,,,,,,,,,,,,,,,,,,,,,,,,,,,,
PARA,P53,2009,Cano,6.91,27.5,n,,,,,,,,,,,,,,,,,,,,,,,,,,,,,,,,,,
PARA,P53,2009,Tsme,5.85,28.2,n,,,,,,,,,,,,,,,,,,,,,,,,,,,,,,,,,,
PARA,P53,2009,Abam,7.65,29.0,n,,,,,,,,,,,,,,,,,,,,,,,,,,,,,,,,,,
PARA,P53,2009,Tsme,8.6,29.9,n,,,,,,,,,,,,,,,,,,,,,,,,,,,,,,,,,,
PARA,P53,2009,Cano,2.42,33.5,n,,,,,,,,,,,,,,,,,,,,,,,,,,,,,,,,,,
PARA,P53,2009,Abam,7.11,34.0,n,,,,,,,,,,,,,,,,,,,,,,,,,,,,,,,,,,
PARA,P53,2009,Tsme,9.13,35.5,n,,,,,,,,,,,,,,,,,,,,,,,,,,,,,,,,,,
PARA,P53,2009,Tsme,6.4,40.1,n,,,,,,,,,,,,,,,,,,,,,,,,,,,,,,,,,,
PARA,P53,2009,Tsme,8.36,45.0,n,,,,,,,,,,,,,,,,,,,,,,,,,,,,,,,,,,
PARA,P53,2009,Tsme,7.06,47.0,n,,,,,,,,,,,,,,,,,,,,,,,,,,,,,,,,,,
PARA,P53,2009,Abam,4.23,49.2,n,,,,,,,,,,,,,,,,,,,,,,,,,,,,,,,,,,
PARA,P53,2009,Abam,8.83,53.0,n,,,,,,,,,,,,,,,,,,,,,,,,,,,,,,,,,,
PARA,P53,2009,Cano,4.41,54.8,n,,,,,,,,,,,,,,,,,,,,,,,,,,,,,,,,,,
PARA,P53,2009,Abam,3.9,59.8,y,,,,,,,,,,,,,,,,,,,,,,,,,,,,,,,,,,
PARA,P53,2009,Cano,6.74,69.2,n,,,,,,,,,,,,,,,,,,,,,,,,,,,,,,,,,,
PARA,P53,2009,Tsme,7.23,70.0,n,,,,,,,,,,,,,,,,,,,,,,,,,,,,,,,,,,
PARA,P53,2009,Abam,4.9,74.2,y,,,,,,,,,,,,,,,,,,,,,,,,,,,,,,,,,,
PARA,P53,2009,Abam,3.71,80.0,y,,,,,,,,,,,,,,,,,,,,,,,,,,,,,,,,,,
PARA,P53,2009,Abam,7.4,94.0,y,,,,,,,,,,,,,,,,,,,,,,,,,,,,,,,,,,
PARA,P54,2009,Tsme,6.11,11.3,n,,,,,,,,,,,,,,,,,,,,,,,,,,,,,,,,,,
PARA,P54,2009,Abam,5.93,13.1,n,,,,,,,,,,,,,,,,,,,,,,,,,,,,,,,,,,
PARA,P54,2009,Tsme,8.58,14.2,n,,,,,,,,,,,,,,,,,,,,,,,,,,,,,,,,,,
PARA,P54,2009,Cano,7.63,15.6,n,,,,,,,,,,,,,,,,,,,,,,,,,,,,,,,,,,
PARA,P54,2009,Abam,4.5,15.8,n,,,,,,,,,,,,,,,,,,,,,,,,,,,,,,,,,,
PARA,P54,2009,Tsme,8.2,17.9,n,,,,,,,,,,,,,,,,,,,,,,,,,,,,,,,,,,
PARA,P54,2009,Abam,0.61,19.0,n,,,,,,,,,,,,,,,,,,,,,,,,,,,,,,,,,,
PARA,P54,2009,Tsme,5.76,33.1,n,,,,,,,,,,,,,,,,,,,,,,,,,,,,,,,,,,
PARA,P54,2009,Cano,0.61,35.0,n,,,,,,,,,,,,,,,,,,,,,,,,,,,,,,,,,,
PARA,P54,2009,Tsme,5.51,36.9,n,,,,,,,,,,,,,,,,,,,,,,,,,,,,,,,,,,
PARA,P54,2009,Tsme,7.43,38.7,n,,,,,,,,,,,,,,,,,,,,,,,,,,,,,,,,,,
PARA,P54,2009,Abam,2.63,44.1,n,,,,,,,,,,,,,,,,,,,,,,,,,,,,,,,,,,
PARA,P54,2009,Tsme,9.1,44.7,n,,,,,,,,,,,,,,,,,,,,,,,,,,,,,,,,,,
PARA,P54,2009,Tsme,5.9,60.4,n,,,,,,,,,,,,,,,,,,,,,,,,,,,,,,,,,,
PARA,P54,2009,Abam,1.13,68.9,y,,,,,,,,,,,,,,,,,,,,,,,,,,,,,,,,,,
PARA,P54,2009,Abam,8.02,80.3,y,,,,,,,,,,,,,,,,,,,,,,,,,,,,,,,,,,
PARA,P54,2009,Tsme,5.12,80.6,y,,,,,,,,,,,,,,,,,,,,,,,,,,,,,,,,,,
PARA,P54,2009,Tsme,4.63,82.1,y,,,,,,,,,,,,,,,,,,,,,,,,,,,,,,,,,,
PARA,P55,2009,Abam,1.23,10.6,n,,,,,,,,,,,,,,,,,,,,,,,,,,,,,,,,,,
PARA,P55,2009,Cano,8.78,11.2,n,,,,,,,,,,,,,,,,,,,,,,,,,,,,,,,,,,
PARA,P55,2009,Cano,8.2,11.9,n,,,,,,,,,,,,,,,,,,,,,,,,,,,,,,,,,,
PARA,P55,2009,Tsme,8.21,12.4,n,,,,,,,,,,,,,,,,,,,,,,,,,,,,,,,,,,
PARA,P55,2009,Tsme,3.78,12.8,n,,,,,,,,,,,,,,,,,,,,,,,,,,,,,,,,,,
PARA,P55,2009,Abam,9.01,13.7,n,,,,,,,,,,,,,,,,,,,,,,,,,,,,,,,,,,
PARA,P55,2009,Tsme,9.05,13.7,n,,,,,,,,,,,,,,,,,,,,,,,,,,,,,,,,,,
PARA,P55,2009,Tsme,2.45,16.4,n,,,,,,,,,,,,,,,,,,,,,,,,,,,,,,,,,,
PARA,P55,2009,Abam,7.58,16.6,n,,,,,,,,,,,,,,,,,,,,,,,,,,,,,,,,,,
PARA,P55,2009,Tsme,4.43,16.7,n,,,,,,,,,,,,,,,,,,,,,,,,,,,,,,,,,,
PARA,P55,2009,Tsme,4.18,18.8,n,,,,,,,,,,,,,,,,,,,,,,,,,,,,,,,,,,
PARA,P55,2009,Abam,4.12,20.9,n,,,,,,,,,,,,,,,,,,,,,,,,,,,,,,,,,,
PARA,P55,2009,Tsme,4.53,21.2,n,,,,,,,,,,,,,,,,,,,,,,,,,,,,,,,,,,
PARA,P55,2009,Abam,1.74,22.0,n,,,,,,,,,,,,,,,,,,,,,,,,,,,,,,,,,,
PARA,P55,2009,Cano,4.49,26.7,n,,,,,,,,,,,,,,,,,,,,,,,,,,,,,,,,,,
PARA,P55,2009,Tsme,7.78,27.9,n,,,,,,,,,,,,,,,,,,,,,,,,,,,,,,,,,,
PARA,P55,2009,Tsme,6.87,33.1,n,,,,,,,,,,,,,,,,,,,,,,,,,,,,,,,,,,
PARA,P55,2009,Abam,5.77,35.5,n,,,,,,,,,,,,,,,,,,,,,,,,,,,,,,,,,,
PARA,P55,2009,Cano,8.64,41.3,n,,,,,,,,,,,,,,,,,,,,,,,,,,,,,,,,,,
PARA,P55,2009,Abam,7.9,49.4,n,,,,,,,,,,,,,,,,,,,,,,,,,,,,,,,,,,
PARA,P55,2009,Tsme,4.57,62.6,y,,,,,,,,,,,,,,,,,,,,,,,,,,,,,,,,,,
PARA,P55,2009,Abam,1.37,63.2,y,,,,,,,,,,,,,,,,,,,,,,,,,,,,,,,,,,
PARA,P55,2009,Abam,0.5,82.5,y,,,,,,,,,,,,,,,,,,,,,,,,,,,,,,,,,,
PARA,P55,2009,Abam,5.31,87.4,y,,,,,,,,,,,,,,,,,,,,,,,,,,,,,,,,,,
PARA,P55,2009,Tsme,5.15,102.1,y,,,,,,,,,,,,,,,,,,,,,,,,,,,,,,,,,,
PARA,P56,2009,Abam,8.34,11.4,n,,,,,,,,,,,,,,,,,,,,,,,,,,,,,,,,,,
PARA,P56,2009,Tsme,6.32,14.5,n,,,,,,,,,,,,,,,,,,,,,,,,,,,,,,,,,,
PARA,P56,2009,Abam,6.39,15.5,n,,,,,,,,,,,,,,,,,,,,,,,,,,,,,,,,,,
PARA,P56,2009,Abam,6.25,15.8,n,,,,,,,,,,,,,,,,,,,,,,,,,,,,,,,,,,
PARA,P56,2009,Abam,9.55,19.7,n,,,,,,,,,,,,,,,,,,,,,,,,,,,,,,,,,,
PARA,P56,2009,Tsme,8.54,21.4,n,,,,,,,,,,,,,,,,,,,,,,,,,,,,,,,,,,
PARA,P56,2009,Cano,4.53,30.1,n,,,,,,,,,,,,,,,,,,,,,,,,,,,,,,,,,,
PARA,P56,2009,Abam,2.6,31.3,n,,,,,,,,,,,,,,,,,,,,,,,,,,,,,,,,,,
PARA,P56,2009,Tsme,9.93,35.6,n,,,,,,,,,,,,,,,,,,,,,,,,,,,,,,,,,,
PARA,P56,2009,Cano,9.99,35.9,n,,,,,,,,,,,,,,,,,,,,,,,,,,,,,,,,,,
PARA,P56,2009,Cano,8.88,37.5,n,,,,,,,,,,,,,,,,,,,,,,,,,,,,,,,,,,
PARA,P56,2009,Tsme,7.48,38.4,n,,,,,,,,,,,,,,,,,,,,,,,,,,,,,,,,,,
PARA,P56,2009,Cano,9.05,42.0,n,,,,,,,,,,,,,,,,,,,,,,,,,,,,,,,,,,
PARA,P56,2009,Tsme,5.86,42.7,n,,,,,,,,,,,,,,,,,,,,,,,,,,,,,,,,,,
PARA,P56,2009,Cano,4.77,44.0,n,,,,,,,,,,,,,,,,,,,,,,,,,,,,,,,,,,
PARA,P56,2009,Abam,9.22,57.9,y,,,,,,,,,,,,,,,,,,,,,,,,,,,,,,,,,,
PARA,P56,2009,Abam,9.4,59.8,n,,,,,,,,,,,,,,,,,,,,,,,,,,,,,,,,,,
PARA,P56,2009,Abam,5.8,62.4,y,,,,,,,,,,,,,,,,,,,,,,,,,,,,,,,,,,
PARA,P56,2009,Abam,8.8,62.8,n,,,,,,,,,,,,,,,,,,,,,,,,,,,,,,,,,,
PARA,P56,2009,Abam,8.96,69.5,y,,,,,,,,,,,,,,,,,,,,,,,,,,,,,,,,,,
PARA,P56,2009,Abam,4.64,73.3,y,,,,,,,,,,,,,,,,,,,,,,,,,,,,,,,,,,
PARA,P56,2009,Abam,8.96,75.5,y,,,,,,,,,,,,,,,,,,,,,,,,,,,,,,,,,,
PARA,P56,2009,Abam,6.18,81.5,y,,,,,,,,,,,,,,,,,,,,,,,,,,,,,,,,,,
PARA,P56,2009,Tsme,3.64,86.6,y,,,,,,,,,,,,,,,,,,,,,,,,,,,,,,,,,,
PARA,P57,2009,Abam,7.16,11.4,n,,,,,,,,,,,,,,,,,,,,,,,,,,,,,,,,,,
PARA,P57,2009,Abam,4.8,11.6,n,,,,,,,,,,,,,,,,,,,,,,,,,,,,,,,,,,
PARA,P57,2009,Abam,1.73,12.1,n,,,,,,,,,,,,,,,,,,,,,,,,,,,,,,,,,,
PARA,P57,2009,Abam,1.58,12.2,n,,,,,,,,,,,,,,,,,,,,,,,,,,,,,,,,,,
PARA,P57,2009,Abam,0.1,13.2,n,,,,,,,,,,,,,,,,,,,,,,,,,,,,,,,,,,
PARA,P57,2009,Tsme,6.12,15.0,n,,,,,,,,,,,,,,,,,,,,,,,,,,,,,,,,,,
PARA,P57,2009,Tsme,5.34,15.6,n,,,,,,,,,,,,,,,,,,,,,,,,,,,,,,,,,,
PARA,P57,2009,Abam,7.96,16.3,n,,,,,,,,,,,,,,,,,,,,,,,,,,,,,,,,,,
PARA,P57,2009,Abam,8.27,16.3,n,,,,,,,,,,,,,,,,,,,,,,,,,,,,,,,,,,
PARA,P57,2009,Tsme,8.1,18.0,n,,,,,,,,,,,,,,,,,,,,,,,,,,,,,,,,,,
PARA,P57,2009,Tsme,4.18,18.9,n,,,,,,,,,,,,,,,,,,,,,,,,,,,,,,,,,,
PARA,P57,2009,Cano,2.86,21.1,n,,,,,,,,,,,,,,,,,,,,,,,,,,,,,,,,,,
PARA,P57,2009,Abam,4.09,21.8,n,,,,,,,,,,,,,,,,,,,,,,,,,,,,,,,,,,
PARA,P57,2009,Abam,9.38,22.0,n,,,,,,,,,,,,,,,,,,,,,,,,,,,,,,,,,,
PARA,P57,2009,Tsme,7.19,22.2,n,,,,,,,,,,,,,,,,,,,,,,,,,,,,,,,,,,
PARA,P57,2009,Abam,1.94,24.0,n,,,,,,,,,,,,,,,,,,,,,,,,,,,,,,,,,,
PARA,P57,2009,Tsme,2.1,24.4,n,,,,,,,,,,,,,,,,,,,,,,,,,,,,,,,,,,
PARA,P57,2009,Tsme,1.57,24.5,n,,,,,,,,,,,,,,,,,,,,,,,,,,,,,,,,,,
PARA,P57,2009,Cano,1.28,25.1,n,,,,,,,,,,,,,,,,,,,,,,,,,,,,,,,,,,
PARA,P57,2009,Abam,8.76,25.3,n,,,,,,,,,,,,,,,,,,,,,,,,,,,,,,,,,,
PARA,P57,2009,Abam,0.67,26.1,n,,,,,,,,,,,,,,,,,,,,,,,,,,,,,,,,,,
PARA,P57,2009,Tsme,6.19,27.6,n,,,,,,,,,,,,,,,,,,,,,,,,,,,,,,,,,,
PARA,P57,2009,Tsme,7.99,28.0,n,,,,,,,,,,,,,,,,,,,,,,,,,,,,,,,,,,
PARA,P57,2009,Abam,7.99,28.1,n,,,,,,,,,,,,,,,,,,,,,,,,,,,,,,,,,,
PARA,P57,2009,Tsme,9.31,30.7,n,,,,,,,,,,,,,,,,,,,,,,,,,,,,,,,,,,
PARA,P57,2009,Abam,1.47,34.4,n,,,,,,,,,,,,,,,,,,,,,,,,,,,,,,,,,,
PARA,P57,2009,Cano,6.17,34.7,n,,,,,,,,,,,,,,,,,,,,,,,,,,,,,,,,,,
PARA,P57,2009,Cano,1.41,35.1,n,,,,,,,,,,,,,,,,,,,,,,,,,,,,,,,,,,
PARA,P57,2009,Abam,9.36,35.6,n,,,,,,,,,,,,,,,,,,,,,,,,,,,,,,,,,,
PARA,P57,2009,Abam,8.9,35.9,n,,,,,,,,,,,,,,,,,,,,,,,,,,,,,,,,,,
PARA,P57,2009,Abam,8.55,36.2,n,,,,,,,,,,,,,,,,,,,,,,,,,,,,,,,,,,
PARA,P57,2009,Tsme,1.15,36.6,n,,,,,,,,,,,,,,,,,,,,,,,,,,,,,,,,,,
PARA,P57,2009,Tsme,1.9,36.7,n,,,,,,,,,,,,,,,,,,,,,,,,,,,,,,,,,,
PARA,P57,2009,Abam,6.59,36.7,y,,,,,,,,,,,,,,,,,,,,,,,,,,,,,,,,,,
PARA,P57,2009,Cano,3.3,36.8,n,,,,,,,,,,,,,,,,,,,,,,,,,,,,,,,,,,
PARA,P57,2009,Cano,8.39,39.3,n,,,,,,,,,,,,,,,,,,,,,,,,,,,,,,,,,,
PARA,P57,2009,Cano,0.78,40.9,n,,,,,,,,,,,,,,,,,,,,,,,,,,,,,,,,,,
PARA,P57,2009,Abam,5.14,43.5,y,,,,,,,,,,,,,,,,,,,,,,,,,,,,,,,,,,
PARA,P57,2009,Abam,0.67,44.0,n,,,,,,,,,,,,,,,,,,,,,,,,,,,,,,,,,,
PARA,P57,2009,Cano,7.96,45.7,n,,,,,,,,,,,,,,,,,,,,,,,,,,,,,,,,,,
PARA,P57,2009,Cano,8.34,64.8,y,,,,,,,,,,,,,,,,,,,,,,,,,,,,,,,,,,
PARA,P58,2009,Tsme,9.67,13.8,n,,,,,,,,,,,,,,,,,,,,,,,,,,,,,,,,,,
PARA,P58,2009,Tsme,4.24,14.1,n,,,,,,,,,,,,,,,,,,,,,,,,,,,,,,,,,,
PARA,P58,2009,Cano,3.23,15.7,n,,,,,,,,,,,,,,,,,,,,,,,,,,,,,,,,,,
PARA,P58,2009,Abam,9.95,16.3,n,,,,,,,,,,,,,,,,,,,,,,,,,,,,,,,,,,
PARA,P58,2009,Tsme,5.82,16.4,n,,,,,,,,,,,,,,,,,,,,,,,,,,,,,,,,,,
PARA,P58,2009,Tsme,4.93,18.9,n,,,,,,,,,,,,,,,,,,,,,,,,,,,,,,,,,,
PARA,P58,2009,Tsme,8.48,19.0,n,,,,,,,,,,,,,,,,,,,,,,,,,,,,,,,,,,
PARA,P58,2009,Tsme,5.08,20.1,n,,,,,,,,,,,,,,,,,,,,,,,,,,,,,,,,,,
PARA,P58,2009,Abam,7.84,22.0,n,,,,,,,,,,,,,,,,,,,,,,,,,,,,,,,,,,
PARA,P58,2009,Tsme,4.6,23.6,n,,,,,,,,,,,,,,,,,,,,,,,,,,,,,,,,,,
PARA,P58,2009,Tsme,9.17,24.6,n,,,,,,,,,,,,,,,,,,,,,,,,,,,,,,,,,,
PARA,P58,2009,Tsme,6.37,24.7,n,,,,,,,,,,,,,,,,,,,,,,,,,,,,,,,,,,
PARA,P58,2009,Abam,9.22,24.8,n,,,,,,,,,,,,,,,,,,,,,,,,,,,,,,,,,,
PARA,P58,2009,Abam,8.05,26.0,n,,,,,,,,,,,,,,,,,,,,,,,,,,,,,,,,,,
PARA,P58,2009,Cano,3.32,28.0,n,,,,,,,,,,,,,,,,,,,,,,,,,,,,,,,,,,
PARA,P58,2009,Cano,4.4,28.6,n,,,,,,,,,,,,,,,,,,,,,,,,,,,,,,,,,,
PARA,P58,2009,Tsme,9.57,29.9,n,,,,,,,,,,,,,,,,,,,,,,,,,,,,,,,,,,
PARA,P58,2009,Abam,5.74,31.5,n,,,,,,,,,,,,,,,,,,,,,,,,,,,,,,,,,,
PARA,P58,2009,Abam,6.66,33.0,n,,,,,,,,,,,,,,,,,,,,,,,,,,,,,,,,,,
PARA,P58,2009,Tsme,9.63,33.5,n,,,,,,,,,,,,,,,,,,,,,,,,,,,,,,,,,,
PARA,P58,2009,Tsme,8.48,34.0,n,,,,,,,,,,,,,,,,,,,,,,,,,,,,,,,,,,
PARA,P58,2009,Abam,9.13,36.0,n,,,,,,,,,,,,,,,,,,,,,,,,,,,,,,,,,,
PARA,P58,2009,Abam,7.24,36.3,n,,,,,,,,,,,,,,,,,,,,,,,,,,,,,,,,,,
PARA,P58,2009,Cano,3.18,37.5,n,,,,,,,,,,,,,,,,,,,,,,,,,,,,,,,,,,
PARA,P58,2009,Cano,9.77,40.6,n,,,,,,,,,,,,,,,,,,,,,,,,,,,,,,,,,,
PARA,P58,2009,Abam,4.01,52.4,n,,,,,,,,,,,,,,,,,,,,,,,,,,,,,,,,,,
PARA,P58,2009,Abam,5.88,55.2,n,,,,,,,,,,,,,,,,,,,,,,,,,,,,,,,,,,
PARA,P58,2009,Tsme,7.77,59.5,y,,,,,,,,,,,,,,,,,,,,,,,,,,,,,,,,,,
PARA,P58,2009,Cano,4.66,61.2,y,,,,,,,,,,,,,,,,,,,,,,,,,,,,,,,,,,
PARA,P58,2009,Abam,4.49,61.6,y,,,,,,,,,,,,,,,,,,,,,,,,,,,,,,,,,,
PARA,P59,2009,Abam,0.94,10.3,n,,,,,,,,,,,,,,,,,,,,,,,,,,,,,,,,,,
PARA,P59,2009,Tsme,5.87,24.8,n,,,,,,,,,,,,,,,,,,,,,,,,,,,,,,,,,,
PARA,P59,2009,Abam,6.73,32.4,n,,,,,,,,,,,,,,,,,,,,,,,,,,,,,,,,,,
PARA,P59,2009,Cano,6.02,35.5,n,,,,,,,,,,,,,,,,,,,,,,,,,,,,,,,,,,
PARA,P59,2009,Abam,4.72,35.6,n,,,,,,,,,,,,,,,,,,,,,,,,,,,,,,,,,,
PARA,P59,2009,Tsme,5.4,35.6,n,,,,,,,,,,,,,,,,,,,,,,,,,,,,,,,,,,
PARA,P59,2009,Abam,8.72,53.1,n,,,,,,,,,,,,,,,,,,,,,,,,,,,,,,,,,,
PARA,P59,2009,Cano,7.14,54.3,n,,,,,,,,,,,,,,,,,,,,,,,,,,,,,,,,,,
PARA,P59,2009,Abam,7.12,64.5,y,,,,,,,,,,,,,,,,,,,,,,,,,,,,,,,,,,
PARA,P59,2009,Tsme,5.48,77.3,y,,,,,,,,,,,,,,,,,,,,,,,,,,,,,,,,,,
PARA,P59,2009,Tsme,0.67,85.0,y,,,,,,,,,,,,,,,,,,,,,,,,,,,,,,,,,,
PARA,P59,2009,Tsme,5.72,85.8,y,,,,,,,,,,,,,,,,,,,,,,,,,,,,,,,,,,
PARA,P6,2009,Abam,0.91,10.2,n,,,,,,,,,,,,,,,,,,,,,,,,,,,,,,,,,,
PARA,P6,2009,Abam,2.87,11.2,n,,,,,,,,,,,,,,,,,,,,,,,,,,,,,,,,,,
PARA,P6,2009,Abam,7.06,12.5,n,,,,,,,,,,,,,,,,,,,,,,,,,,,,,,,,,,
PARA,P6,2009,Abam,7.76,12.7,n,,,,,,,,,,,,,,,,,,,,,,,,,,,,,,,,,,
PARA,P6,2009,Abam,8.39,13.1,n,,,,,,,,,,,,,,,,,,,,,,,,,,,,,,,,,,
PARA,P6,2009,Tsme,6.15,13.9,n,,,,,,,,,,,,,,,,,,,,,,,,,,,,,,,,,,
PARA,P6,2009,Abam,1.69,14.1,n,,,,,,,,,,,,,,,,,,,,,,,,,,,,,,,,,,
PARA,P6,2009,Tsme,5.26,15.6,n,,,,,,,,,,,,,,,,,,,,,,,,,,,,,,,,,,
PARA,P6,2009,Abam,8.13,18.5,n,,,,,,,,,,,,,,,,,,,,,,,,,,,,,,,,,,
PARA,P6,2009,Tsme,5.1,18.7,n,,,,,,,,,,,,,,,,,,,,,,,,,,,,,,,,,,
PARA,P6,2009,Abam,9.41,19.7,n,,,,,,,,,,,,,,,,,,,,,,,,,,,,,,,,,,
PARA,P6,2009,Tsme,1.85,22.1,n,,,,,,,,,,,,,,,,,,,,,,,,,,,,,,,,,,
PARA,P6,2009,Abam,3.8,22.5,n,,,,,,,,,,,,,,,,,,,,,,,,,,,,,,,,,,
PARA,P6,2009,Abam,9.69,27.7,n,,,,,,,,,,,,,,,,,,,,,,,,,,,,,,,,,,
PARA,P6,2009,Tsme,6.01,28.6,n,,,,,,,,,,,,,,,,,,,,,,,,,,,,,,,,,,
PARA,P6,2009,Abam,9.38,28.9,n,,,,,,,,,,,,,,,,,,,,,,,,,,,,,,,,,,
PARA,P6,2009,Tsme,8.5,31.0,n,,,,,,,,,,,,,,,,,,,,,,,,,,,,,,,,,,
PARA,P6,2009,Tsme,2,32.0,n,,,,,,,,,,,,,,,,,,,,,,,,,,,,,,,,,,
PARA,P6,2009,Abam,8.77,32.0,n,,,,,,,,,,,,,,,,,,,,,,,,,,,,,,,,,,
PARA,P6,2009,Abam,5.38,33.8,n,,,,,,,,,,,,,,,,,,,,,,,,,,,,,,,,,,
PARA,P6,2009,Abam,8.88,34.3,n,,,,,,,,,,,,,,,,,,,,,,,,,,,,,,,,,,
PARA,P6,2009,Tsme,2.53,35.9,n,,,,,,,,,,,,,,,,,,,,,,,,,,,,,,,,,,
PARA,P6,2009,Abam,7.98,36.2,n,,,,,,,,,,,,,,,,,,,,,,,,,,,,,,,,,,
PARA,P6,2009,Abam,4.81,41.0,n,,,,,,,,,,,,,,,,,,,,,,,,,,,,,,,,,,
PARA,P6,2009,Tsme,7.05,41.5,n,,,,,,,,,,,,,,,,,,,,,,,,,,,,,,,,,,
PARA,P6,2009,Abam,9.72,43.2,n,,,,,,,,,,,,,,,,,,,,,,,,,,,,,,,,,,
PARA,P6,2009,Abam,6.46,45.0,n,,,,,,,,,,,,,,,,,,,,,,,,,,,,,,,,,,
PARA,P6,2009,Abam,1.46,60.8,y,,,,,,,,,,,,,,,,,,,,,,,,,,,,,,,,,,
PARA,P6,2009,Abam,1.63,76.9,y,,,,,,,,,,,,,,,,,,,,,,,,,,,,,,,,,,
PARA,P60,2009,Cano,0.96,10.2,n,,,,,,,,,,,,,,,,,,,,,,,,,,,,,,,,,,
PARA,P60,2009,Abam,7.19,10.5,n,,,,,,,,,,,,,,,,,,,,,,,,,,,,,,,,,,
PARA,P60,2009,Abam,8.67,11.2,n,,,,,,,,,,,,,,,,,,,,,,,,,,,,,,,,,,
PARA,P60,2009,Abam,9.66,11.7,n,,,,,,,,,,,,,,,,,,,,,,,,,,,,,,,,,,
PARA,P60,2009,Tsme,1.99,13.7,n,,,,,,,,,,,,,,,,,,,,,,,,,,,,,,,,,,
PARA,P60,2009,Cano,7.83,17.1,n,,,,,,,,,,,,,,,,,,,,,,,,,,,,,,,,,,
PARA,P60,2009,Cano,6.3,17.3,n,,,,,,,,,,,,,,,,,,,,,,,,,,,,,,,,,,
PARA,P60,2009,Cano,1.84,19.7,n,,,,,,,,,,,,,,,,,,,,,,,,,,,,,,,,,,
PARA,P60,2009,Cano,8.43,24.1,n,,,,,,,,,,,,,,,,,,,,,,,,,,,,,,,,,,
PARA,P60,2009,Abam,8,25.8,n,,,,,,,,,,,,,,,,,,,,,,,,,,,,,,,,,,
PARA,P60,2009,Tsme,8.09,25.8,n,,,,,,,,,,,,,,,,,,,,,,,,,,,,,,,,,,
PARA,P60,2009,Tsme,9.06,31.6,n,,,,,,,,,,,,,,,,,,,,,,,,,,,,,,,,,,
PARA,P60,2009,Cano,9.51,35.5,n,,,,,,,,,,,,,,,,,,,,,,,,,,,,,,,,,,
PARA,P60,2009,Tsme,8.55,36.6,n,,,,,,,,,,,,,,,,,,,,,,,,,,,,,,,,,,
PARA,P60,2009,Tsme,8.67,43.3,n,,,,,,,,,,,,,,,,,,,,,,,,,,,,,,,,,,
PARA,P60,2009,Cano,9.9,45.3,n,,,,,,,,,,,,,,,,,,,,,,,,,,,,,,,,,,
PARA,P60,2009,Cano,7.91,45.4,n,,,,,,,,,,,,,,,,,,,,,,,,,,,,,,,,,,
PARA,P60,2009,Abam,8.04,45.6,n,,,,,,,,,,,,,,,,,,,,,,,,,,,,,,,,,,
PARA,P60,2009,Tsme,4.5,46.4,n,,,,,,,,,,,,,,,,,,,,,,,,,,,,,,,,,,
PARA,P60,2009,Abam,7.36,47.4,n,,,,,,,,,,,,,,,,,,,,,,,,,,,,,,,,,,
PARA,P60,2009,Tsme,7.75,74.0,y,,,,,,,,,,,,,,,,,,,,,,,,,,,,,,,,,,
PARA,P60,2009,Tsme,6.3,81.9,y,,,,,,,,,,,,,,,,,,,,,,,,,,,,,,,,,,
PARA,P60,2009,Tsme,6.25,84.4,n,,,,,,,,,,,,,,,,,,,,,,,,,,,,,,,,,,
PARA,P60,2009,Tsme,9.27,89.3,y,,,,,,,,,,,,,,,,,,,,,,,,,,,,,,,,,,
PARA,P7,2009,Cano,2.97,12.7,n,,,,,,,,,,,,,,,,,,,,,,,,,,,,,,,,,,
PARA,P7,2009,Tsme,4.31,14.2,n,,,,,,,,,,,,,,,,,,,,,,,,,,,,,,,,,,
PARA,P7,2009,Abam,4.34,14.6,n,,,,,,,,,,,,,,,,,,,,,,,,,,,,,,,,,,
PARA,P7,2009,Tsme,2.77,16.3,n,,,,,,,,,,,,,,,,,,,,,,,,,,,,,,,,,,
PARA,P7,2009,Abam,0.68,26.8,n,,,,,,,,,,,,,,,,,,,,,,,,,,,,,,,,,,
PARA,P7,2009,Abam,8.37,27.8,n,,,,,,,,,,,,,,,,,,,,,,,,,,,,,,,,,,
PARA,P7,2009,Tsme,3.94,49.4,y,,,,,,,,,,,,,,,,,,,,,,,,,,,,,,,,,,
PARA,P7,2009,Tsme,4,56.8,y,,,,,,,,,,,,,,,,,,,,,,,,,,,,,,,,,,
PARA,P7,2009,Tsme,8.64,57.1,y,,,,,,,,,,,,,,,,,,,,,,,,,,,,,,,,,,
PARA,P7,2009,Tsme,7.89,57.9,y,,,,,,,,,,,,,,,,,,,,,,,,,,,,,,,,,,
PARA,P7,2009,Abam,7.58,61.3,y,,,,,,,,,,,,,,,,,,,,,,,,,,,,,,,,,,
PARA,P7,2009,Tsme,8.05,63.3,y,,,,,,,,,,,,,,,,,,,,,,,,,,,,,,,,,,
PARA,P7,2009,Abam,8.33,65.1,y,,,,,,,,,,,,,,,,,,,,,,,,,,,,,,,,,,
PARA,P7,2009,Abam,1.08,69.0,y,,,,,,,,,,,,,,,,,,,,,,,,,,,,,,,,,,
PARA,P8,2009,Tsme,5.38,10.2,n,,,,,,,,,,,,,,,,,,,,,,,,,,,,,,,,,,
PARA,P8,2009,Abam,7.86,12.7,n,,,,,,,,,,,,,,,,,,,,,,,,,,,,,,,,,,
PARA,P8,2009,Tsme,6.12,13.5,n,,,,,,,,,,,,,,,,,,,,,,,,,,,,,,,,,,
PARA,P8,2009,Cano,6.53,17.6,n,,,,,,,,,,,,,,,,,,,,,,,,,,,,,,,,,,
PARA,P8,2009,Abam,6.3,17.8,n,,,,,,,,,,,,,,,,,,,,,,,,,,,,,,,,,,
PARA,P8,2009,Abam,7.92,22.9,n,,,,,,,,,,,,,,,,,,,,,,,,,,,,,,,,,,
PARA,P8,2009,Abam,6.11,28.0,n,,,,,,,,,,,,,,,,,,,,,,,,,,,,,,,,,,
PARA,P8,2009,Cano,5.33,34.0,n,,,,,,,,,,,,,,,,,,,,,,,,,,,,,,,,,,
PARA,P8,2009,Abam,4,35.4,n,,,,,,,,,,,,,,,,,,,,,,,,,,,,,,,,,,
PARA,P8,2009,Abam,8.38,38.0,n,,,,,,,,,,,,,,,,,,,,,,,,,,,,,,,,,,
PARA,P8,2009,Tsme,5.96,39.8,n,,,,,,,,,,,,,,,,,,,,,,,,,,,,,,,,,,
PARA,P8,2009,Cano,4.24,42.5,n,,,,,,,,,,,,,,,,,,,,,,,,,,,,,,,,,,
PARA,P8,2009,Tsme,3.48,43.1,n,,,,,,,,,,,,,,,,,,,,,,,,,,,,,,,,,,
PARA,P8,2009,Tsme,3.56,43.4,n,,,,,,,,,,,,,,,,,,,,,,,,,,,,,,,,,,
PARA,P8,2009,Tsme,8.06,43.5,n,,,,,,,,,,,,,,,,,,,,,,,,,,,,,,,,,,
PARA,P8,2009,Tsme,2.83,44.0,n,,,,,,,,,,,,,,,,,,,,,,,,,,,,,,,,,,
PARA,P8,2009,Abam,7.41,47.5,n,,,,,,,,,,,,,,,,,,,,,,,,,,,,,,,,,,
PARA,P8,2009,Tsme,4.43,50.8,y,,,,,,,,,,,,,,,,,,,,,,,,,,,,,,,,,,
PARA,P8,2009,Cano,3.74,54.4,n,,,,,,,,,,,,,,,,,,,,,,,,,,,,,,,,,,
PARA,P9,2009,Tsme,5.65,12.0,n,,,,,,,,,,,,,,,,,,,,,,,,,,,,,,,,,,
PARA,P9,2009,Abam,2.78,27.7,n,,,,,,,,,,,,,,,,,,,,,,,,,,,,,,,,,,
PARA,P9,2009,Abam,9.27,33.7,n,,,,,,,,,,,,,,,,,,,,,,,,,,,,,,,,,,
PARA,P9,2009,Abam,0.2,34.8,n,,,,,,,,,,,,,,,,,,,,,,,,,,,,,,,,,,
PARA,P9,2009,Tsme,8.01,35.9,n,,,,,,,,,,,,,,,,,,,,,,,,,,,,,,,,,,
PARA,P9,2009,Abam,8.08,36.4,n,,,,,,,,,,,,,,,,,,,,,,,,,,,,,,,,,,
PARA,P9,2009,Abam,7.48,36.8,n,,,,,,,,,,,,,,,,,,,,,,,,,,,,,,,,,,
PARA,P9,2009,Abam,6.82,43.9,n,,,,,,,,,,,,,,,,,,,,,,,,,,,,,,,,,,
PARA,P9,2009,Abam,7.35,46.5,n,,,,,,,,,,,,,,,,,,,,,,,,,,,,,,,,,,
PARA,P9,2009,Abam,6.14,49.1,y,,,,,,,,,,,,,,,,,,,,,,,,,,,,,,,,,,
PARA,P9,2009,Abam,7.99,51.0,n,,,,,,,,,,,,,,,,,,,,,,,,,,,,,,,,,,
PARA,P9,2009,Abam,9.6,51.1,n,,,,,,,,,,,,,,,,,,,,,,,,,,,,,,,,,,
PARA,P9,2009,Abam,1.72,54.1,y,,,,,,,,,,,,,,,,,,,,,,,,,,,,,,,,,,
PARA,P9,2009,Abam,8.51,64.7,y,,,,,,,,,,,,,,,,,,,,,,,,,,,,,,,,,,
PARA,P9,2009,Abam,9.01,66.9,y,,,,,,,,,,,,,,,,,,,,,,,,,,,,,,,,,,
SUNR,Q1,2010,Abam,4.13,11.3,n,,,,,,,,,,,,,,,,,,,,,,,,,,,,,,,,,,
SUNR,Q1,2010,Abla,9.24,13.7,n,,,,,,,,,,,,,,,,,,,,,,,,,,,,,,,,,,
SUNR,Q1,2010,Abla,9.61,14.1,n,,,,,,,,,,,,,,,,,,,,,,,,,,,,,,,,,,
SUNR,Q1,2010,Cano,8.12,15.8,n,,,,,,,,,,,,,,,,,,,,,,,,,,,,,,,,,,
SUNR,Q1,2010,Abla,9.76,15.9,n,,,,,,,,,,,,,,,,,,,,,,,,,,,,,,,,,,
SUNR,Q1,2010,Cano,9.42,17.7,n,,,,,,,,,,,,,,,,,,,,,,,,,,,,,,,,,,
SUNR,Q1,2010,Abam,3.79,24.7,n,,,,,,,,,,,,,,,,,,,,,,,,,,,,,,,,,,
SUNR,Q1,2010,Abla,7.39,35.2,n,,,,,,,,,,,,,,,,,,,,,,,,,,,,,,,,,,
SUNR,Q1,2010,Cano,9.76,38.5,n,,,,,,,,,,,,,,,,,,,,,,,,,,,,,,,,,,
SUNR,Q1,2010,Tsme,5.40,40.9,n,,,,,,,,,,,,,,,,,,,,,,,,,,,,,,,,,,
SUNR,Q1,2010,Cano,2.44,41.2,n,,,,,,,,,,,,,,,,,,,,,,,,,,,,,,,,,,
SUNR,Q1,2010,Abam,3.93,46.9,y,,,,,,,,,,,,,,,,,,,,,,,,,,,,,,,,,,
SUNR,Q1,2010,Abam,8.58,47.8,n,,,,,,,,,,,,,,,,,,,,,,,,,,,,,,,,,,
SUNR,Q1,2010,Cano,4.64,49.4,n,,,,,,,,,,,,,,,,,,,,,,,,,,,,,,,,,,
SUNR,Q1,2010,Abam,7.24,53.7,y,,,,,,,,,,,,,,,,,,,,,,,,,,,,,,,,,,
SUNR,Q1,2010,Cano,8.86,54.9,n,,,,,,,,,,,,,,,,,,,,,,,,,,,,,,,,,,
SUNR,Q1,2010,Abam,7.69,61.4,y,,,,,,,,,,,,,,,,,,,,,,,,,,,,,,,,,,
SUNR,Q1,2010,Cano,9.49,74.0,y,,,,,,,,,,,,,,,,,,,,,,,,,,,,,,,,,,
SUNR,Q1,2010,Abam,8.27,77.8,y,,,,,,,,,,,,,,,,,,,,,,,,,,,,,,,,,,
SUNR,Q1,2010,Abam,8.00,89.2,y,,,,,,,,,,,,,,,,,,,,,,,,,,,,,,,,,,
SUNR,Q1,2010,Tsme,6.07,94.0,n,,,,,,,,,,,,,,,,,,,,,,,,,,,,,,,,,,
SUNR,Q10,2010,Abam,8.06,11.6,n,,,,,,,,,,,,,,,,,,,,,,,,,,,,,,,,,,
SUNR,Q10,2010,Abla,2.89,12.3,n,,,,,,,,,,,,,,,,,,,,,,,,,,,,,,,,,,
SUNR,Q10,2010,Cano,6.07,27.5,n,,,,,,,,,,,,,,,,,,,,,,,,,,,,,,,,,,
SUNR,Q10,2010,Cano,9.35,30.5,n,,,,,,,,,,,,,,,,,,,,,,,,,,,,,,,,,,
SUNR,Q10,2010,Cano,6.55,31.3,n,,,,,,,,,,,,,,,,,,,,,,,,,,,,,,,,,,
SUNR,Q10,2010,Cano,6.82,31.3,n,,,,,,,,,,,,,,,,,,,,,,,,,,,,,,,,,,
SUNR,Q10,2010,Cano,9.57,37.3,n,,,,,,,,,,,,,,,,,,,,,,,,,,,,,,,,,,
SUNR,Q10,2010,Cano,7.44,39.0,n,,,,,,,,,,,,,,,,,,,,,,,,,,,,,,,,,,
SUNR,Q10,2010,Cano,8.98,41.2,n,,,,,,,,,,,,,,,,,,,,,,,,,,,,,,,,,,
SUNR,Q10,2010,Cano,8.17,43.4,n,,,,,,,,,,,,,,,,,,,,,,,,,,,,,,,,,,
SUNR,Q10,2010,Cano,6.09,43.5,n,,,,,,,,,,,,,,,,,,,,,,,,,,,,,,,,,,
SUNR,Q10,2010,Cano,7.55,46.0,n,,,,,,,,,,,,,,,,,,,,,,,,,,,,,,,,,,
SUNR,Q10,2010,Cano,7.43,47.2,n,,,,,,,,,,,,,,,,,,,,,,,,,,,,,,,,,,
SUNR,Q10,2010,Abla,6.61,47.9,n,,,,,,,,,,,,,,,,,,,,,,,,,,,,,,,,,,
SUNR,Q10,2010,Cano,8.14,51.0,n,,,,,,,,,,,,,,,,,,,,,,,,,,,,,,,,,,
SUNR,Q10,2010,Cano,9.91,51.3,n,,,,,,,,,,,,,,,,,,,,,,,,,,,,,,,,,,
SUNR,Q10,2010,Cano,7.23,56.3,n,,,,,,,,,,,,,,,,,,,,,,,,,,,,,,,,,,
SUNR,Q10,2010,Cano,9.94,61.7,n,,,,,,,,,,,,,,,,,,,,,,,,,,,,,,,,,,
SUNR,Q10,2010,Cano,8.25,65.7,n,2 fused trunks,,,,,,,,,,,,,,,,,,,,,,,,,,,,,,,,,
SUNR,Q10,2010,Abla,8.61,70.5,y,,,,,,,,,,,,,,,,,,,,,,,,,,,,,,,,,,
SUNR,Q10,2010,Abam,1.99,81.7,y,,,,,,,,,,,,,,,,,,,,,,,,,,,,,,,,,,
SUNR,Q10,2010,Abam,3.68,94.4,y,,,,,,,,,,,,,,,,,,,,,,,,,,,,,,,,,,
SUNR,Q11,2010,Abam,8.18,10.4,n,,,,,,,,,,,,,,,,,,,,,,,,,,,,,,,,,,
SUNR,Q11,2010,Abam,8.43,10.4,n,,,,,,,,,,,,,,,,,,,,,,,,,,,,,,,,,,
SUNR,Q11,2010,Abam,6.69,12.0,n,,,,,,,,,,,,,,,,,,,,,,,,,,,,,,,,,,
SUNR,Q11,2010,Abam,9.64,13.0,n,,,,,,,,,,,,,,,,,,,,,,,,,,,,,,,,,,
SUNR,Q11,2010,Abam,6.36,13.2,n,,,,,,,,,,,,,,,,,,,,,,,,,,,,,,,,,,
SUNR,Q11,2010,Abam,8.94,13.9,n,,,,,,,,,,,,,,,,,,,,,,,,,,,,,,,,,,
SUNR,Q11,2010,Cano,5.64,14.8,n,,,,,,,,,,,,,,,,,,,,,,,,,,,,,,,,,,
SUNR,Q11,2010,Cano,4.14,16.7,n,,,,,,,,,,,,,,,,,,,,,,,,,,,,,,,,,,
SUNR,Q11,2010,Abam,8.74,16.9,n,,,,,,,,,,,,,,,,,,,,,,,,,,,,,,,,,,
SUNR,Q11,2010,Cano,3.33,17.2,n,,,,,,,,,,,,,,,,,,,,,,,,,,,,,,,,,,
SUNR,Q11,2010,Abam,3.85,17.8,n,,,,,,,,,,,,,,,,,,,,,,,,,,,,,,,,,,
SUNR,Q11,2010,Abam,3.70,18.0,n,,,,,,,,,,,,,,,,,,,,,,,,,,,,,,,,,,
SUNR,Q11,2010,Abam,8.43,19.2,n,,,,,,,,,,,,,,,,,,,,,,,,,,,,,,,,,,
SUNR,Q11,2010,Abam,7.24,19.6,n,,,,,,,,,,,,,,,,,,,,,,,,,,,,,,,,,,
SUNR,Q11,2010,Cano,5.29,20.6,n,,,,,,,,,,,,,,,,,,,,,,,,,,,,,,,,,,
SUNR,Q11,2010,Abam,9.10,22.1,n,,,,,,,,,,,,,,,,,,,,,,,,,,,,,,,,,,
SUNR,Q11,2010,Abam,4.42,22.5,n,,,,,,,,,,,,,,,,,,,,,,,,,,,,,,,,,,
SUNR,Q11,2010,Abam,3.07,27.6,n,,,,,,,,,,,,,,,,,,,,,,,,,,,,,,,,,,
SUNR,Q11,2010,Abam,9.72,28.7,n,,,,,,,,,,,,,,,,,,,,,,,,,,,,,,,,,,
SUNR,Q11,2010,Abam,8.58,30.3,n,,,,,,,,,,,,,,,,,,,,,,,,,,,,,,,,,,
SUNR,Q11,2010,Abam,7.89,33.8,n,,,,,,,,,,,,,,,,,,,,,,,,,,,,,,,,,,
SUNR,Q11,2010,Abam,8.35,35.0,n,,,,,,,,,,,,,,,,,,,,,,,,,,,,,,,,,,
SUNR,Q11,2010,Abam,9.96,36.9,n,,,,,,,,,,,,,,,,,,,,,,,,,,,,,,,,,,
SUNR,Q11,2010,Abam,7.79,38.2,n,,,,,,,,,,,,,,,,,,,,,,,,,,,,,,,,,,
SUNR,Q11,2010,Abam,9.01,38.2,n,,,,,,,,,,,,,,,,,,,,,,,,,,,,,,,,,,
SUNR,Q11,2010,Abam,7.06,39.9,n,,,,,,,,,,,,,,,,,,,,,,,,,,,,,,,,,,
SUNR,Q11,2010,Cano,9.43,62.4,n,,,,,,,,,,,,,,,,,,,,,,,,,,,,,,,,,,
SUNR,Q11,2010,Abam,5.80,82.0,n,,,,,,,,,,,,,,,,,,,,,,,,,,,,,,,,,,
SUNR,Q11,2010,Abam,8.44,104.7,y,,,,,,,,,,,,,,,,,,,,,,,,,,,,,,,,,,
SUNR,Q12,2010,Cano,7.39,10.1,n,,,,,,,,,,,,,,,,,,,,,,,,,,,,,,,,,,
SUNR,Q12,2010,Cano,9.91,11.1,n,,,,,,,,,,,,,,,,,,,,,,,,,,,,,,,,,,
SUNR,Q12,2010,Cano,5.35,11.4,n,,,,,,,,,,,,,,,,,,,,,,,,,,,,,,,,,,
SUNR,Q12,2010,Cano,6.59,11.8,n,,,,,,,,,,,,,,,,,,,,,,,,,,,,,,,,,,
SUNR,Q12,2010,Cano,7.61,12.0,n,,,,,,,,,,,,,,,,,,,,,,,,,,,,,,,,,,
SUNR,Q12,2010,Cano,8.38,12.2,n,,,,,,,,,,,,,,,,,,,,,,,,,,,,,,,,,,
SUNR,Q12,2010,Cano,5.62,12.5,n,,,,,,,,,,,,,,,,,,,,,,,,,,,,,,,,,,
SUNR,Q12,2010,Cano,3.64,14.6,n,,,,,,,,,,,,,,,,,,,,,,,,,,,,,,,,,,
SUNR,Q12,2010,Cano,9.76,15.7,n,,,,,,,,,,,,,,,,,,,,,,,,,,,,,,,,,,
SUNR,Q12,2010,Cano,3.83,16.5,n,,,,,,,,,,,,,,,,,,,,,,,,,,,,,,,,,,
SUNR,Q12,2010,Cano,8.71,16.7,n,,,,,,,,,,,,,,,,,,,,,,,,,,,,,,,,,,
SUNR,Q12,2010,Abam,8.77,18.0,n,,,,,,,,,,,,,,,,,,,,,,,,,,,,,,,,,,
SUNR,Q12,2010,Abam,9.22,19.4,n,,,,,,,,,,,,,,,,,,,,,,,,,,,,,,,,,,
SUNR,Q12,2010,Cano,8.71,20.9,n,,,,,,,,,,,,,,,,,,,,,,,,,,,,,,,,,,
SUNR,Q12,2010,Abla,5.88,22.0,n,,,,,,,,,,,,,,,,,,,,,,,,,,,,,,,,,,
SUNR,Q12,2010,Cano,8.19,22.2,n,,,,,,,,,,,,,,,,,,,,,,,,,,,,,,,,,,
SUNR,Q12,2010,Cano,9.14,23.0,n,"estimated, fused with other tree--a dead abies",,,,,,,,,,,,,,,,,,,,,,,,,,,,,,,,,
SUNR,Q12,2010,Cano,8.04,23.1,n,,,,,,,,,,,,,,,,,,,,,,,,,,,,,,,,,,
SUNR,Q12,2010,Abla,8.18,24.5,n,,,,,,,,,,,,,,,,,,,,,,,,,,,,,,,,,,
SUNR,Q12,2010,Abam,7.59,25.0,n,,,,,,,,,,,,,,,,,,,,,,,,,,,,,,,,,,
SUNR,Q12,2010,Cano,1.94,25.4,n,,,,,,,,,,,,,,,,,,,,,,,,,,,,,,,,,,
SUNR,Q12,2010,Abla,2.12,27.3,n,,,,,,,,,,,,,,,,,,,,,,,,,,,,,,,,,,
SUNR,Q12,2010,Cano,5.96,28.3,n,,,,,,,,,,,,,,,,,,,,,,,,,,,,,,,,,,
SUNR,Q12,2010,Abam,5.35,28.5,n,,,,,,,,,,,,,,,,,,,,,,,,,,,,,,,,,,
SUNR,Q12,2010,Abla,5.03,31.3,y,,,,,,,,,,,,,,,,,,,,,,,,,,,,,,,,,,
SUNR,Q12,2010,Abla,6.42,31.5,y,,,,,,,,,,,,,,,,,,,,,,,,,,,,,,,,,,
SUNR,Q12,2010,Abam,4.28,33.0,y,,,,,,,,,,,,,,,,,,,,,,,,,,,,,,,,,,
SUNR,Q12,2010,Cano,8.41,34.6,n,,,,,,,,,,,,,,,,,,,,,,,,,,,,,,,,,,
SUNR,Q12,2010,Cano,9.24,35.5,n,,,,,,,,,,,,,,,,,,,,,,,,,,,,,,,,,,
SUNR,Q12,2010,Abam,7.98,35.6,y,,,,,,,,,,,,,,,,,,,,,,,,,,,,,,,,,,
SUNR,Q12,2010,Abla,5.76,39.7,n,,,,,,,,,,,,,,,,,,,,,,,,,,,,,,,,,,
SUNR,Q12,2010,Abla,9.43,40.5,n,,,,,,,,,,,,,,,,,,,,,,,,,,,,,,,,,,
SUNR,Q12,2010,Cano,5.99,42.0,n,,,,,,,,,,,,,,,,,,,,,,,,,,,,,,,,,,
SUNR,Q12,2010,Abla,4.72,42.7,y,,,,,,,,,,,,,,,,,,,,,,,,,,,,,,,,,,
SUNR,Q12,2010,Abla,8.51,50.5,y,,,,,,,,,,,,,,,,,,,,,,,,,,,,,,,,,,
SUNR,Q12,2010,Abla,6.03,54.0,y,,,,,,,,,,,,,,,,,,,,,,,,,,,,,,,,,,
SUNR,Q12,2010,Abla,9.83,56.6,y,,,,,,,,,,,,,,,,,,,,,,,,,,,,,,,,,,
SUNR,Q13,2010,Tsme,6.35,10.6,n,,,,,,,,,,,,,,,,,,,,,,,,,,,,,,,,,,
SUNR,Q13,2010,Abam,2.94,11.1,n,,,,,,,,,,,,,,,,,,,,,,,,,,,,,,,,,,
SUNR,Q13,2010,Cano,5.10,11.7,n,,,,,,,,,,,,,,,,,,,,,,,,,,,,,,,,,,
SUNR,Q13,2010,Abam,8.60,12.0,n,,,,,,,,,,,,,,,,,,,,,,,,,,,,,,,,,,
SUNR,Q13,2010,Cano,5.37,12.5,n,,,,,,,,,,,,,,,,,,,,,,,,,,,,,,,,,,
SUNR,Q13,2010,Abam,8.70,12.5,n,,,,,,,,,,,,,,,,,,,,,,,,,,,,,,,,,,
SUNR,Q13,2010,Abam,8.60,13.0,n,,,,,,,,,,,,,,,,,,,,,,,,,,,,,,,,,,
SUNR,Q13,2010,Cano,3.96,13.5,n,,,,,,,,,,,,,,,,,,,,,,,,,,,,,,,,,,
SUNR,Q13,2010,Cano,4.28,14.9,n,,,,,,,,,,,,,,,,,,,,,,,,,,,,,,,,,,
SUNR,Q13,2010,Cano,3.15,15.6,n,,,,,,,,,,,,,,,,,,,,,,,,,,,,,,,,,,
SUNR,Q13,2010,Abla,2.88,15.8,n,,,,,,,,,,,,,,,,,,,,,,,,,,,,,,,,,,
SUNR,Q13,2010,Tsme,7.86,16.9,n,,,,,,,,,,,,,,,,,,,,,,,,,,,,,,,,,,
SUNR,Q13,2010,Tsme,4.98,19.8,n,,,,,,,,,,,,,,,,,,,,,,,,,,,,,,,,,,
SUNR,Q13,2010,Abla,8.22,22.0,n,,,,,,,,,,,,,,,,,,,,,,,,,,,,,,,,,,
SUNR,Q13,2010,Abla,9.71,22.0,n,,,,,,,,,,,,,,,,,,,,,,,,,,,,,,,,,,
SUNR,Q13,2010,Tsme,4.88,23.0,n,,,,,,,,,,,,,,,,,,,,,,,,,,,,,,,,,,
SUNR,Q13,2010,Cano,3.31,24.3,n,,,,,,,,,,,,,,,,,,,,,,,,,,,,,,,,,,
SUNR,Q13,2010,Cano,3.73,24.4,n,,,,,,,,,,,,,,,,,,,,,,,,,,,,,,,,,,
SUNR,Q13,2010,Tsme,4.99,24.6,n,,,,,,,,,,,,,,,,,,,,,,,,,,,,,,,,,,
SUNR,Q13,2010,Abla,4.10,27.0,n,,,,,,,,,,,,,,,,,,,,,,,,,,,,,,,,,,
SUNR,Q13,2010,Abla,4.68,28.0,n,,,,,,,,,,,,,,,,,,,,,,,,,,,,,,,,,,
SUNR,Q13,2010,Abam,6.14,28.0,n,,,,,,,,,,,,,,,,,,,,,,,,,,,,,,,,,,
SUNR,Q13,2010,Cano,2.56,34.5,n,,,,,,,,,,,,,,,,,,,,,,,,,,,,,,,,,,
SUNR,Q13,2010,Cano,3.16,35.0,n,,,,,,,,,,,,,,,,,,,,,,,,,,,,,,,,,,
SUNR,Q13,2010,Abam,6.50,38.4,n,,,,,,,,,,,,,,,,,,,,,,,,,,,,,,,,,,
SUNR,Q13,2010,Abla,4.51,40.8,n,,,,,,,,,,,,,,,,,,,,,,,,,,,,,,,,,,
SUNR,Q13,2010,Abam,9.56,46.3,y,,,,,,,,,,,,,,,,,,,,,,,,,,,,,,,,,,
SUNR,Q13,2010,Abam,8.34,48.5,n,,,,,,,,,,,,,,,,,,,,,,,,,,,,,,,,,,
SUNR,Q13,2010,Abla,7.15,49.8,y,,,,,,,,,,,,,,,,,,,,,,,,,,,,,,,,,,
SUNR,Q13,2010,Tsme,2.69,52.5,n,,,,,,,,,,,,,,,,,,,,,,,,,,,,,,,,,,
SUNR,Q13,2010,Abam,8.50,53.6,y,,,,,,,,,,,,,,,,,,,,,,,,,,,,,,,,,,
SUNR,Q13,2010,Abam,1.68,56.0,y,,,,,,,,,,,,,,,,,,,,,,,,,,,,,,,,,,
SUNR,Q13,2010,Abam,8.79,56.7,n,,,,,,,,,,,,,,,,,,,,,,,,,,,,,,,,,,
SUNR,Q13,2010,Abla,7.23,69.3,n,,,,,,,,,,,,,,,,,,,,,,,,,,,,,,,,,,
SUNR,Q13,2010,Abam,1.69,71.9,y,,,,,,,,,,,,,,,,,,,,,,,,,,,,,,,,,,
SUNR,Q13,2010,Abam,9.01,73.0,y,,,,,,,,,,,,,,,,,,,,,,,,,,,,,,,,,,
SUNR,Q13,2010,Abam,5.62,83.3,y,,,,,,,,,,,,,,,,,,,,,,,,,,,,,,,,,,
SUNR,Q14,2010,Abam,8.38,15.0,n,,,,,,,,,,,,,,,,,,,,,,,,,,,,,,,,,,
SUNR,Q14,2010,Cano,4.19,17.4,n,,,,,,,,,,,,,,,,,,,,,,,,,,,,,,,,,,
SUNR,Q14,2010,Cano,3.72,18.9,n,,,,,,,,,,,,,,,,,,,,,,,,,,,,,,,,,,
SUNR,Q14,2010,Tsme,2.64,19.0,n,,,,,,,,,,,,,,,,,,,,,,,,,,,,,,,,,,
SUNR,Q14,2010,Tsme,1.49,23.7,n,,,,,,,,,,,,,,,,,,,,,,,,,,,,,,,,,,
SUNR,Q14,2010,Tsme,1.84,25.7,n,,,,,,,,,,,,,,,,,,,,,,,,,,,,,,,,,,
SUNR,Q14,2010,Abla,2.69,33.1,n,,,,,,,,,,,,,,,,,,,,,,,,,,,,,,,,,,
SUNR,Q14,2010,Abla,2.78,39.0,n,,,,,,,,,,,,,,,,,,,,,,,,,,,,,,,,,,
SUNR,Q14,2010,Tsme,2.52,43.1,n,,,,,,,,,,,,,,,,,,,,,,,,,,,,,,,,,,
SUNR,Q14,2010,Tsme,2.03,47.5,n,,,,,,,,,,,,,,,,,,,,,,,,,,,,,,,,,,
SUNR,Q14,2010,Tsme,8.55,55.0,y,,,,,,,,,,,,,,,,,,,,,,,,,,,,,,,,,,
SUNR,Q15,2010,Abla,3.51,10.6,n,,,,,,,,,,,,,,,,,,,,,,,,,,,,,,,,,,
SUNR,Q15,2010,Abam,7.98,11.1,n,,,,,,,,,,,,,,,,,,,,,,,,,,,,,,,,,,
SUNR,Q15,2010,Abam,5.54,15.2,n,,,,,,,,,,,,,,,,,,,,,,,,,,,,,,,,,,
SUNR,Q15,2010,Abam,2.23,15.3,n,,,,,,,,,,,,,,,,,,,,,,,,,,,,,,,,,,
SUNR,Q15,2010,Abam,5.50,20.7,n,,,,,,,,,,,,,,,,,,,,,,,,,,,,,,,,,,
SUNR,Q15,2010,Cano,9.59,28.4,n,,,,,,,,,,,,,,,,,,,,,,,,,,,,,,,,,,
SUNR,Q15,2010,Abla,3.37,33.3,n,,,,,,,,,,,,,,,,,,,,,,,,,,,,,,,,,,
SUNR,Q15,2010,Abam,6.15,46.8,n,,,,,,,,,,,,,,,,,,,,,,,,,,,,,,,,,,
SUNR,Q15,2010,Cano,8.82,60.6,n,,,,,,,,,,,,,,,,,,,,,,,,,,,,,,,,,,
SUNR,Q15,2010,Abla,8.16,61.3,n,,,,,,,,,,,,,,,,,,,,,,,,,,,,,,,,,,
SUNR,Q15,2010,Cano,8.68,65.8,n,,,,,,,,,,,,,,,,,,,,,,,,,,,,,,,,,,
SUNR,Q15,2010,Abam,0.81,66.4,y,,,,,,,,,,,,,,,,,,,,,,,,,,,,,,,,,,
SUNR,Q15,2010,Abam,3.53,67.6,y,,,,,,,,,,,,,,,,,,,,,,,,,,,,,,,,,,
SUNR,Q15,2010,Abam,5.91,70.8,y,,,,,,,,,,,,,,,,,,,,,,,,,,,,,,,,,,
SUNR,Q15,2010,Abam,7.76,76.9,y,,,,,,,,,,,,,,,,,,,,,,,,,,,,,,,,,,
SUNR,Q15,2010,Abam,7.69,82.1,n,,,,,,,,,,,,,,,,,,,,,,,,,,,,,,,,,,
SUNR,Q15,2010,Tsme,7.07,101.5,y,,,,,,,,,,,,,,,,,,,,,,,,,,,,,,,,,,
SUNR,Q16,2010,Tsme,9.86,10.3,n,,,,,,,,,,,,,,,,,,,,,,,,,,,,,,,,,,
SUNR,Q16,2010,Abam,6.39,10.5,n,,,,,,,,,,,,,,,,,,,,,,,,,,,,,,,,,,
SUNR,Q16,2010,Tsme,8.11,12.5,n,,,,,,,,,,,,,,,,,,,,,,,,,,,,,,,,,,
SUNR,Q16,2010,Abam,9.59,12.8,n,,,,,,,,,,,,,,,,,,,,,,,,,,,,,,,,,,
SUNR,Q16,2010,Abam,4.32,13.5,n,,,,,,,,,,,,,,,,,,,,,,,,,,,,,,,,,,
SUNR,Q16,2010,Abam,8.05,14.0,n,,,,,,,,,,,,,,,,,,,,,,,,,,,,,,,,,,
SUNR,Q16,2010,Tsme,4.30,14.2,n,,,,,,,,,,,,,,,,,,,,,,,,,,,,,,,,,,
SUNR,Q16,2010,Abam,7.83,15.9,n,,,,,,,,,,,,,,,,,,,,,,,,,,,,,,,,,,
SUNR,Q16,2010,Abam,5.83,16.7,n,,,,,,,,,,,,,,,,,,,,,,,,,,,,,,,,,,
SUNR,Q16,2010,Cano,1.00,17.6,n,,,,,,,,,,,,,,,,,,,,,,,,,,,,,,,,,,
SUNR,Q16,2010,Abla,6.04,17.6,n,,,,,,,,,,,,,,,,,,,,,,,,,,,,,,,,,,
SUNR,Q16,2010,Cano,1.38,18.1,n,,,,,,,,,,,,,,,,,,,,,,,,,,,,,,,,,,
SUNR,Q16,2010,Abam,7.55,19.0,n,,,,,,,,,,,,,,,,,,,,,,,,,,,,,,,,,,
SUNR,Q16,2010,Tsme,6.76,20.6,n,,,,,,,,,,,,,,,,,,,,,,,,,,,,,,,,,,
SUNR,Q16,2010,Tsme,9.45,23.2,n,,,,,,,,,,,,,,,,,,,,,,,,,,,,,,,,,,
SUNR,Q16,2010,Tsme,6.91,24.5,n,,,,,,,,,,,,,,,,,,,,,,,,,,,,,,,,,,
SUNR,Q16,2010,Abla,1.06,32.2,n,,,,,,,,,,,,,,,,,,,,,,,,,,,,,,,,,,
SUNR,Q16,2010,Cano,6.62,36.6,n,,,,,,,,,,,,,,,,,,,,,,,,,,,,,,,,,,
SUNR,Q16,2010,Cano,7.64,40.9,n,,,,,,,,,,,,,,,,,,,,,,,,,,,,,,,,,,
SUNR,Q16,2010,Cano,3.08,48.6,n,,,,,,,,,,,,,,,,,,,,,,,,,,,,,,,,,,
SUNR,Q16,2010,Cano,3.33,54.4,n,,,,,,,,,,,,,,,,,,,,,,,,,,,,,,,,,,
SUNR,Q16,2010,Cano,7.48,55.6,n,,,,,,,,,,,,,,,,,,,,,,,,,,,,,,,,,,
SUNR,Q16,2010,Abla,8.89,56.2,n,,,,,,,,,,,,,,,,,,,,,,,,,,,,,,,,,,
SUNR,Q16,2010,Cano,6.54,62.0,n,,,,,,,,,,,,,,,,,,,,,,,,,,,,,,,,,,
SUNR,Q16,2010,Tsme,9.43,68.7,n,,,,,,,,,,,,,,,,,,,,,,,,,,,,,,,,,,
SUNR,Q16,2010,Abla,6.73,72.9,n,,,,,,,,,,,,,,,,,,,,,,,,,,,,,,,,,,
SUNR,Q16,2010,Cano,8.00,89.0,n,2 fused trunks here,,,,,,,,,,,,,,,,,,,,,,,,,,,,,,,,,
SUNR,Q17,2010,Abam,6.88,10.0,n,,,,,,,,,,,,,,,,,,,,,,,,,,,,,,,,,,
SUNR,Q17,2010,Cano,8.34,10.0,n,,,,,,,,,,,,,,,,,,,,,,,,,,,,,,,,,,
SUNR,Q17,2010,Cano,9.10,10.5,n,,,,,,,,,,,,,,,,,,,,,,,,,,,,,,,,,,
SUNR,Q17,2010,Abam,1.04,10.8,n,,,,,,,,,,,,,,,,,,,,,,,,,,,,,,,,,,
SUNR,Q17,2010,Cano,9.80,10.8,n,,,,,,,,,,,,,,,,,,,,,,,,,,,,,,,,,,
SUNR,Q17,2010,Abla,1.52,11.5,n,,,,,,,,,,,,,,,,,,,,,,,,,,,,,,,,,,
SUNR,Q17,2010,Abam,6.21,12.5,n,,,,,,,,,,,,,,,,,,,,,,,,,,,,,,,,,,
SUNR,Q17,2010,Abam,2.05,13.8,n,,,,,,,,,,,,,,,,,,,,,,,,,,,,,,,,,,
SUNR,Q17,2010,Abla,2.26,14.0,n,,,,,,,,,,,,,,,,,,,,,,,,,,,,,,,,,,
SUNR,Q17,2010,Abam,5.58,16.4,n,,,,,,,,,,,,,,,,,,,,,,,,,,,,,,,,,,
SUNR,Q17,2010,Abla,5.31,27.6,n,,,,,,,,,,,,,,,,,,,,,,,,,,,,,,,,,,
SUNR,Q17,2010,Abam,6.45,27.6,n,,,,,,,,,,,,,,,,,,,,,,,,,,,,,,,,,,
SUNR,Q17,2010,Abam,9.44,27.9,n,,,,,,,,,,,,,,,,,,,,,,,,,,,,,,,,,,
SUNR,Q17,2010,Cano,9.60,28.0,n,estimate for dbh,,,,,,,,,,,,,,,,,,,,,,,,,,,,,,,,,
SUNR,Q17,2010,Abla,3.79,28.5,n,,,,,,,,,,,,,,,,,,,,,,,,,,,,,,,,,,
SUNR,Q17,2010,Abla,8.22,29.3,n,,,,,,,,,,,,,,,,,,,,,,,,,,,,,,,,,,
SUNR,Q17,2010,Abam,3.38,30.4,n,,,,,,,,,,,,,,,,,,,,,,,,,,,,,,,,,,
SUNR,Q17,2010,Abam,2.48,31.0,n,,,,,,,,,,,,,,,,,,,,,,,,,,,,,,,,,,
SUNR,Q17,2010,Abam,4.94,32.0,n,,,,,,,,,,,,,,,,,,,,,,,,,,,,,,,,,,
SUNR,Q17,2010,Abla,4.79,32.8,n,,,,,,,,,,,,,,,,,,,,,,,,,,,,,,,,,,
SUNR,Q17,2010,Tsme,8.94,34.4,n,,,,,,,,,,,,,,,,,,,,,,,,,,,,,,,,,,
SUNR,Q17,2010,Abam,8.34,35.6,y,,,,,,,,,,,,,,,,,,,,,,,,,,,,,,,,,,
SUNR,Q17,2010,Abla,5.15,35.7,n,,,,,,,,,,,,,,,,,,,,,,,,,,,,,,,,,,
SUNR,Q17,2010,Cano,9.62,38.0,n,estimate for dbh,,,,,,,,,,,,,,,,,,,,,,,,,,,,,,,,,
SUNR,Q17,2010,Abam,9.67,38.0,y,,,,,,,,,,,,,,,,,,,,,,,,,,,,,,,,,,
SUNR,Q17,2010,Cano,9.46,40.0,n,estimate for dbh,,,,,,,,,,,,,,,,,,,,,,,,,,,,,,,,,
SUNR,Q17,2010,Abla,4.39,40.2,n,,,,,,,,,,,,,,,,,,,,,,,,,,,,,,,,,,
SUNR,Q17,2010,Abla,5.17,42.1,n,,,,,,,,,,,,,,,,,,,,,,,,,,,,,,,,,,
SUNR,Q17,2010,Cano,9.01,53.0,y,estimate for dbh,,,,,,,,,,,,,,,,,,,,,,,,,,,,,,,,,
SUNR,Q17,2010,Abla,3.64,55.2,y,,,,,,,,,,,,,,,,,,,,,,,,,,,,,,,,,,
SUNR,Q17,2010,Abla,6.09,66.8,y,,,,,,,,,,,,,,,,,,,,,,,,,,,,,,,,,,
SUNR,Q18,2010,Abam,6.44,10.1,n,,,,,,,,,,,,,,,,,,,,,,,,,,,,,,,,,,
SUNR,Q18,2010,Abam,2.42,11.6,n,,,,,,,,,,,,,,,,,,,,,,,,,,,,,,,,,,
SUNR,Q18,2010,Abam,3.95,12.1,n,,,,,,,,,,,,,,,,,,,,,,,,,,,,,,,,,,
SUNR,Q18,2010,Abam,4.98,12.1,n,,,,,,,,,,,,,,,,,,,,,,,,,,,,,,,,,,
SUNR,Q18,2010,Abam,4.08,15.1,n,,,,,,,,,,,,,,,,,,,,,,,,,,,,,,,,,,
SUNR,Q18,2010,Abam,3.09,18.0,n,,,,,,,,,,,,,,,,,,,,,,,,,,,,,,,,,,
SUNR,Q18,2010,Abla,2.03,20.1,n,,,,,,,,,,,,,,,,,,,,,,,,,,,,,,,,,,
SUNR,Q18,2010,Abam,2.96,20.1,n,,,,,,,,,,,,,,,,,,,,,,,,,,,,,,,,,,
SUNR,Q18,2010,Abam,4.98,24.2,n,,,,,,,,,,,,,,,,,,,,,,,,,,,,,,,,,,
SUNR,Q18,2010,Abla,4.72,24.5,n,,,,,,,,,,,,,,,,,,,,,,,,,,,,,,,,,,
SUNR,Q18,2010,Abam,2.96,26.3,n,,,,,,,,,,,,,,,,,,,,,,,,,,,,,,,,,,
SUNR,Q18,2010,Abam,4.42,27.2,n,,,,,,,,,,,,,,,,,,,,,,,,,,,,,,,,,,
SUNR,Q18,2010,Abam,2.37,34.3,y,,,,,,,,,,,,,,,,,,,,,,,,,,,,,,,,,,
SUNR,Q18,2010,Abla,4.76,38.8,n,,,,,,,,,,,,,,,,,,,,,,,,,,,,,,,,,,
SUNR,Q18,2010,Abla,6.11,52.0,y,,,,,,,,,,,,,,,,,,,,,,,,,,,,,,,,,,
SUNR,Q18,2010,Abla,5.06,57.2,n,,,,,,,,,,,,,,,,,,,,,,,,,,,,,,,,,,
SUNR,Q18,2010,Abla,2.16,68.7,y,,,,,,,,,,,,,,,,,,,,,,,,,,,,,,,,,,
SUNR,Q18,2010,Abla,0.90,69.1,n,,,,,,,,,,,,,,,,,,,,,,,,,,,,,,,,,,
SUNR,Q18,2010,Tsme,2.66,112.3,y,two fused trunks,,,,,,,,,,,,,,,,,,,,,,,,,,,,,,,,,
SUNR,Q19,2010,Abam,6.31,10.0,n,,,,,,,,,,,,,,,,,,,,,,,,,,,,,,,,,,
SUNR,Q19,2010,Tsme,4.63,10.1,n,,,,,,,,,,,,,,,,,,,,,,,,,,,,,,,,,,
SUNR,Q19,2010,Abam,6.71,11.1,n,,,,,,,,,,,,,,,,,,,,,,,,,,,,,,,,,,
SUNR,Q19,2010,Tsme,7.20,11.6,n,,,,,,,,,,,,,,,,,,,,,,,,,,,,,,,,,,
SUNR,Q19,2010,Abla,9.52,11.6,n,,,,,,,,,,,,,,,,,,,,,,,,,,,,,,,,,,
SUNR,Q19,2010,Tsme,6.52,11.7,n,,,,,,,,,,,,,,,,,,,,,,,,,,,,,,,,,,
SUNR,Q19,2010,Tsme,4.06,12.0,n,,,,,,,,,,,,,,,,,,,,,,,,,,,,,,,,,,
SUNR,Q19,2010,Tsme,1.99,12.8,n,,,,,,,,,,,,,,,,,,,,,,,,,,,,,,,,,,
SUNR,Q19,2010,Tsme,4.77,13.1,n,,,,,,,,,,,,,,,,,,,,,,,,,,,,,,,,,,
SUNR,Q19,2010,Abla,9.51,13.3,n,,,,,,,,,,,,,,,,,,,,,,,,,,,,,,,,,,
SUNR,Q19,2010,Abam,3.29,14.3,n,,,,,,,,,,,,,,,,,,,,,,,,,,,,,,,,,,
SUNR,Q19,2010,Tsme,5.92,14.3,n,,,,,,,,,,,,,,,,,,,,,,,,,,,,,,,,,,
SUNR,Q19,2010,Abla,9.50,14.3,n,,,,,,,,,,,,,,,,,,,,,,,,,,,,,,,,,,
SUNR,Q19,2010,Tsme,5.55,14.8,n,,,,,,,,,,,,,,,,,,,,,,,,,,,,,,,,,,
SUNR,Q19,2010,Tsme,5.62,15.6,n,,,,,,,,,,,,,,,,,,,,,,,,,,,,,,,,,,
SUNR,Q19,2010,Abla,1.81,16.3,n,,,,,,,,,,,,,,,,,,,,,,,,,,,,,,,,,,
SUNR,Q19,2010,Abam,4.95,16.4,n,,,,,,,,,,,,,,,,,,,,,,,,,,,,,,,,,,
SUNR,Q19,2010,Abam,3.62,16.5,n,,,,,,,,,,,,,,,,,,,,,,,,,,,,,,,,,,
SUNR,Q19,2010,Tsme,5.62,16.6,n,,,,,,,,,,,,,,,,,,,,,,,,,,,,,,,,,,
SUNR,Q19,2010,Abam,5.60,17.3,n,,,,,,,,,,,,,,,,,,,,,,,,,,,,,,,,,,
SUNR,Q19,2010,Abam,2.25,17.6,n,,,,,,,,,,,,,,,,,,,,,,,,,,,,,,,,,,
SUNR,Q19,2010,Tsme,5.42,18.0,n,,,,,,,,,,,,,,,,,,,,,,,,,,,,,,,,,,
SUNR,Q19,2010,Abam,1.99,18.3,n,,,,,,,,,,,,,,,,,,,,,,,,,,,,,,,,,,
SUNR,Q19,2010,Tsme,5.64,18.6,n,,,,,,,,,,,,,,,,,,,,,,,,,,,,,,,,,,
SUNR,Q19,2010,Tsme,6.20,18.9,n,,,,,,,,,,,,,,,,,,,,,,,,,,,,,,,,,,
SUNR,Q19,2010,Abam,3.21,20.3,n,,,,,,,,,,,,,,,,,,,,,,,,,,,,,,,,,,
SUNR,Q19,2010,Abla,3.97,21.9,n,,,,,,,,,,,,,,,,,,,,,,,,,,,,,,,,,,
SUNR,Q19,2010,Abam,5.01,26.5,n,,,,,,,,,,,,,,,,,,,,,,,,,,,,,,,,,,
SUNR,Q19,2010,Abam,6.61,27.6,n,,,,,,,,,,,,,,,,,,,,,,,,,,,,,,,,,,
SUNR,Q19,2010,Tsme,3.70,27.7,n,,,,,,,,,,,,,,,,,,,,,,,,,,,,,,,,,,
SUNR,Q19,2010,Abam,6.47,29.0,n,,,,,,,,,,,,,,,,,,,,,,,,,,,,,,,,,,
SUNR,Q19,2010,Abla,5.42,32.4,n,,,,,,,,,,,,,,,,,,,,,,,,,,,,,,,,,,
SUNR,Q19,2010,Abla,3.61,36.8,n,,,,,,,,,,,,,,,,,,,,,,,,,,,,,,,,,,
SUNR,Q19,2010,Abla,1.09,41.0,n,,,,,,,,,,,,,,,,,,,,,,,,,,,,,,,,,,
SUNR,Q19,2010,Abla,8.01,41.0,n,,,,,,,,,,,,,,,,,,,,,,,,,,,,,,,,,,
SUNR,Q2,2010,Abam,9.14,10.4,n,,,,,,,,,,,,,,,,,,,,,,,,,,,,,,,,,,
SUNR,Q2,2010,Abam,9.00,12.8,n,,,,,,,,,,,,,,,,,,,,,,,,,,,,,,,,,,
SUNR,Q2,2010,Abam,7.14,14.1,n,,,,,,,,,,,,,,,,,,,,,,,,,,,,,,,,,,
SUNR,Q2,2010,Tsme,8.67,14.1,n,,,,,,,,,,,,,,,,,,,,,,,,,,,,,,,,,,
SUNR,Q2,2010,Tsme,8.57,15.0,n,,,,,,,,,,,,,,,,,,,,,,,,,,,,,,,,,,
SUNR,Q2,2010,Abam,8.87,16.8,n,,,,,,,,,,,,,,,,,,,,,,,,,,,,,,,,,,
SUNR,Q2,2010,Abam,9.80,20.4,n,,,,,,,,,,,,,,,,,,,,,,,,,,,,,,,,,,
SUNR,Q2,2010,Tsme,6.26,24.4,n,,,,,,,,,,,,,,,,,,,,,,,,,,,,,,,,,,
SUNR,Q2,2010,Abam,7.26,27.3,n,,,,,,,,,,,,,,,,,,,,,,,,,,,,,,,,,,
SUNR,Q2,2010,Abla,9.70,28.0,n,,,,,,,,,,,,,,,,,,,,,,,,,,,,,,,,,,
SUNR,Q2,2010,Cano,8.27,29.4,n,,,,,,,,,,,,,,,,,,,,,,,,,,,,,,,,,,
SUNR,Q2,2010,Cano,9.81,29.4,n,,,,,,,,,,,,,,,,,,,,,,,,,,,,,,,,,,
SUNR,Q2,2010,Cano,5.38,32.3,n,,,,,,,,,,,,,,,,,,,,,,,,,,,,,,,,,,
SUNR,Q2,2010,Abam,2.27,33.4,y,,,,,,,,,,,,,,,,,,,,,,,,,,,,,,,,,,
SUNR,Q2,2010,Cano,3.73,33.6,n,,,,,,,,,,,,,,,,,,,,,,,,,,,,,,,,,,
SUNR,Q2,2010,Cano,5.03,33.6,n,,,,,,,,,,,,,,,,,,,,,,,,,,,,,,,,,,
SUNR,Q2,2010,Cano,9.44,35.5,n,,,,,,,,,,,,,,,,,,,,,,,,,,,,,,,,,,
SUNR,Q2,2010,Cano,8.01,37.1,n,,,,,,,,,,,,,,,,,,,,,,,,,,,,,,,,,,
SUNR,Q2,2010,Cano,5.10,40.1,n,,,,,,,,,,,,,,,,,,,,,,,,,,,,,,,,,,
SUNR,Q2,2010,Cano,2.81,50.3,y,,,,,,,,,,,,,,,,,,,,,,,,,,,,,,,,,,
SUNR,Q2,2010,Cano,8.20,51.8,n,,,,,,,,,,,,,,,,,,,,,,,,,,,,,,,,,,
SUNR,Q2,2010,Abla,8.58,51.9,y,,,,,,,,,,,,,,,,,,,,,,,,,,,,,,,,,,
SUNR,Q2,2010,Abam,9.22,56.0,y,,,,,,,,,,,,,,,,,,,,,,,,,,,,,,,,,,
SUNR,Q2,2010,Abam,7.91,64.9,y,,,,,,,,,,,,,,,,,,,,,,,,,,,,,,,,,,
SUNR,Q3,2010,Abam,3.83,10.3,n,,,,,,,,,,,,,,,,,,,,,,,,,,,,,,,,,,
SUNR,Q3,2010,Tsme,7.98,10.5,n,,,,,,,,,,,,,,,,,,,,,,,,,,,,,,,,,,
SUNR,Q3,2010,Cano,5.89,11.1,n,,,,,,,,,,,,,,,,,,,,,,,,,,,,,,,,,,
SUNR,Q3,2010,Abam,5.42,11.7,n,,,,,,,,,,,,,,,,,,,,,,,,,,,,,,,,,,
SUNR,Q3,2010,Abla,7.41,11.7,n,,,,,,,,,,,,,,,,,,,,,,,,,,,,,,,,,,
SUNR,Q3,2010,Abla,8.05,11.7,n,,,,,,,,,,,,,,,,,,,,,,,,,,,,,,,,,,
SUNR,Q3,2010,Abla,9.81,11.9,n,,,,,,,,,,,,,,,,,,,,,,,,,,,,,,,,,,
SUNR,Q3,2010,Abam,6.03,14.3,n,,,,,,,,,,,,,,,,,,,,,,,,,,,,,,,,,,
SUNR,Q3,2010,Tsme,6.91,14.5,n,,,,,,,,,,,,,,,,,,,,,,,,,,,,,,,,,,
SUNR,Q3,2010,Abla,1.94,14.7,n,,,,,,,,,,,,,,,,,,,,,,,,,,,,,,,,,,
SUNR,Q3,2010,Cano,9.60,14.7,n,,,,,,,,,,,,,,,,,,,,,,,,,,,,,,,,,,
SUNR,Q3,2010,Abla,5.23,15.1,n,,,,,,,,,,,,,,,,,,,,,,,,,,,,,,,,,,
SUNR,Q3,2010,Tsme,5.38,15.8,n,,,,,,,,,,,,,,,,,,,,,,,,,,,,,,,,,,
SUNR,Q3,2010,Cano,7.15,16.5,n,,,,,,,,,,,,,,,,,,,,,,,,,,,,,,,,,,
SUNR,Q3,2010,Tsme,9.61,16.5,n,,,,,,,,,,,,,,,,,,,,,,,,,,,,,,,,,,
SUNR,Q3,2010,Cano,6.13,16.7,n,,,,,,,,,,,,,,,,,,,,,,,,,,,,,,,,,,
SUNR,Q3,2010,Abla,7.75,16.8,n,,,,,,,,,,,,,,,,,,,,,,,,,,,,,,,,,,
SUNR,Q3,2010,Cano,9.94,17.2,n,,,,,,,,,,,,,,,,,,,,,,,,,,,,,,,,,,
SUNR,Q3,2010,Tsme,6.59,20.4,n,,,,,,,,,,,,,,,,,,,,,,,,,,,,,,,,,,
SUNR,Q3,2010,Abla,4.71,24.7,n,,,,,,,,,,,,,,,,,,,,,,,,,,,,,,,,,,
SUNR,Q3,2010,Cano,2.56,27.9,n,,,,,,,,,,,,,,,,,,,,,,,,,,,,,,,,,,
SUNR,Q3,2010,Abla,3.63,28.5,n,,,,,,,,,,,,,,,,,,,,,,,,,,,,,,,,,,
SUNR,Q3,2010,Abla,4.65,40.6,y,,,,,,,,,,,,,,,,,,,,,,,,,,,,,,,,,,
SUNR,Q3,2010,Cano,4.37,49.6,n,,,,,,,,,,,,,,,,,,,,,,,,,,,,,,,,,,
SUNR,Q3,2010,Abam,3.06,54.0,n,,,,,,,,,,,,,,,,,,,,,,,,,,,,,,,,,,
SUNR,Q3,2010,Cano,3.71,60.4,y,,,,,,,,,,,,,,,,,,,,,,,,,,,,,,,,,,
SUNR,Q3,2010,Cano,2.69,68.8,y,,,,,,,,,,,,,,,,,,,,,,,,,,,,,,,,,,
SUNR,Q3,2010,Cano,2.23,72.7,y,,,,,,,,,,,,,,,,,,,,,,,,,,,,,,,,,,
SUNR,Q3,2010,Tsme,4.44,79.0,y,,,,,,,,,,,,,,,,,,,,,,,,,,,,,,,,,,
SUNR,Q3,2010,Tsme,0.20,90.1,y,,,,,,,,,,,,,,,,,,,,,,,,,,,,,,,,,,
SUNR,Q4,2010,Abam,5.47,10.2,n,,,,,,,,,,,,,,,,,,,,,,,,,,,,,,,,,,
SUNR,Q4,2010,Abla,7.58,10.6,n,,,,,,,,,,,,,,,,,,,,,,,,,,,,,,,,,,
SUNR,Q4,2010,Abam,5.84,13.3,n,,,,,,,,,,,,,,,,,,,,,,,,,,,,,,,,,,
SUNR,Q4,2010,Abam,5.97,14.1,n,,,,,,,,,,,,,,,,,,,,,,,,,,,,,,,,,,
SUNR,Q4,2010,Cano,7.13,16.0,n,,,,,,,,,,,,,,,,,,,,,,,,,,,,,,,,,,
SUNR,Q4,2010,Abam,1.37,16.5,n,,,,,,,,,,,,,,,,,,,,,,,,,,,,,,,,,,
SUNR,Q4,2010,Abam,3.16,16.6,n,,,,,,,,,,,,,,,,,,,,,,,,,,,,,,,,,,
SUNR,Q4,2010,Cano,8.71,20.1,n,,,,,,,,,,,,,,,,,,,,,,,,,,,,,,,,,,
SUNR,Q4,2010,Abam,4.56,20.3,n,,,,,,,,,,,,,,,,,,,,,,,,,,,,,,,,,,
SUNR,Q4,2010,Abam,9.06,20.4,n,,,,,,,,,,,,,,,,,,,,,,,,,,,,,,,,,,
SUNR,Q4,2010,Cano,9.24,20.4,n,,,,,,,,,,,,,,,,,,,,,,,,,,,,,,,,,,
SUNR,Q4,2010,Cano,7.02,22.2,n,,,,,,,,,,,,,,,,,,,,,,,,,,,,,,,,,,
SUNR,Q4,2010,Cano,7.38,23.0,n,,,,,,,,,,,,,,,,,,,,,,,,,,,,,,,,,,
SUNR,Q4,2010,Abam,8.15,25.3,n,,,,,,,,,,,,,,,,,,,,,,,,,,,,,,,,,,
SUNR,Q4,2010,Abam,5.31,26.0,n,,,,,,,,,,,,,,,,,,,,,,,,,,,,,,,,,,
SUNR,Q4,2010,Cano,3.12,26.9,n,,,,,,,,,,,,,,,,,,,,,,,,,,,,,,,,,,
SUNR,Q4,2010,Cano,4.05,29.3,n,,,,,,,,,,,,,,,,,,,,,,,,,,,,,,,,,,
SUNR,Q4,2010,Cano,6.66,29.3,n,,,,,,,,,,,,,,,,,,,,,,,,,,,,,,,,,,
SUNR,Q4,2010,Abla,8.78,29.3,n,,,,,,,,,,,,,,,,,,,,,,,,,,,,,,,,,,
SUNR,Q4,2010,Abam,2.91,31.8,n,,,,,,,,,,,,,,,,,,,,,,,,,,,,,,,,,,
SUNR,Q4,2010,Abam,3.42,32.5,n,,,,,,,,,,,,,,,,,,,,,,,,,,,,,,,,,,
SUNR,Q4,2010,Tsme,5.31,33.5,n,,,,,,,,,,,,,,,,,,,,,,,,,,,,,,,,,,
SUNR,Q4,2010,Cano,9.54,33.5,n,,,,,,,,,,,,,,,,,,,,,,,,,,,,,,,,,,
SUNR,Q4,2010,Abam,1.47,35.3,n,,,,,,,,,,,,,,,,,,,,,,,,,,,,,,,,,,
SUNR,Q4,2010,Abla,9.46,35.9,n,,,,,,,,,,,,,,,,,,,,,,,,,,,,,,,,,,
SUNR,Q4,2010,Cano,4.34,36.0,n,,,,,,,,,,,,,,,,,,,,,,,,,,,,,,,,,,
SUNR,Q4,2010,Cano,4.13,36.7,y,,,,,,,,,,,,,,,,,,,,,,,,,,,,,,,,,,
SUNR,Q4,2010,Abam,4.75,36.9,n,,,,,,,,,,,,,,,,,,,,,,,,,,,,,,,,,,
SUNR,Q4,2010,Cano,9.54,40.2,y,,,,,,,,,,,,,,,,,,,,,,,,,,,,,,,,,,
SUNR,Q4,2010,Cano,4.13,41.2,n,,,,,,,,,,,,,,,,,,,,,,,,,,,,,,,,,,
SUNR,Q4,2010,Abla,4.43,41.2,y,,,,,,,,,,,,,,,,,,,,,,,,,,,,,,,,,,
SUNR,Q4,2010,Cano,3.28,43.0,n,,,,,,,,,,,,,,,,,,,,,,,,,,,,,,,,,,
SUNR,Q4,2010,Cano,3.54,47.8,y,,,,,,,,,,,,,,,,,,,,,,,,,,,,,,,,,,
SUNR,Q4,2010,Abla,4.63,50.4,y,,,,,,,,,,,,,,,,,,,,,,,,,,,,,,,,,,
SUNR,Q4,2010,Cano,1.66,53.0,n,,,,,,,,,,,,,,,,,,,,,,,,,,,,,,,,,,
SUNR,Q4,2010,Abam,4.69,54.9,y,,,,,,,,,,,,,,,,,,,,,,,,,,,,,,,,,,
SUNR,Q4,2010,Abam,7.44,61.2,y,,,,,,,,,,,,,,,,,,,,,,,,,,,,,,,,,,
SUNR,Q4,2010,Tsme,7.25,62.0,n,,,,,,,,,,,,,,,,,,,,,,,,,,,,,,,,,,
SUNR,Q4,2010,Tsme,6.12,70.0,n,,,,,,,,,,,,,,,,,,,,,,,,,,,,,,,,,,
SUNR,Q4,2010,Abam,7.45,88.2,n,,,,,,,,,,,,,,,,,,,,,,,,,,,,,,,,,,
SUNR,Q4,2010,Tsme,6.96,96.7,y,,,,,,,,,,,,,,,,,,,,,,,,,,,,,,,,,,
SUNR,Q4,2010,Abam,9.69,100.6,y,,,,,,,,,,,,,,,,,,,,,,,,,,,,,,,,,,
SUNR,Q5,2010,Abla,8.95,10.0,n,,,,,,,,,,,,,,,,,,,,,,,,,,,,,,,,,,
SUNR,Q5,2010,Abam,7.85,10.1,n,,,,,,,,,,,,,,,,,,,,,,,,,,,,,,,,,,
SUNR,Q5,2010,Abam,0.81,11.5,n,,,,,,,,,,,,,,,,,,,,,,,,,,,,,,,,,,
SUNR,Q5,2010,Abam,8.83,12.2,n,separate trunk of 8.83 16.1 tree,,,,,,,,,,,,,,,,,,,,,,,,,,,,,,,,,
SUNR,Q5,2010,Abam,5.24,12.2,n,,,,,,,,,,,,,,,,,,,,,,,,,,,,,,,,,,
SUNR,Q5,2010,Cano,5.29,12.6,n,cano is growing in knot around abam of same distance,,,,,,,,,,,,,,,,,,,,,,,,,,,,,,,,,
SUNR,Q5,2010,Tsme,8.24,12.8,n,,,,,,,,,,,,,,,,,,,,,,,,,,,,,,,,,,
SUNR,Q5,2010,Cano,4.78,13.3,n,,,,,,,,,,,,,,,,,,,,,,,,,,,,,,,,,,
SUNR,Q5,2010,Abam,6.82,14.1,n,,,,,,,,,,,,,,,,,,,,,,,,,,,,,,,,,,
SUNR,Q5,2010,Abam,5.29,14.4,n,has cano around it,,,,,,,,,,,,,,,,,,,,,,,,,,,,,,,,,
SUNR,Q5,2010,Tsme,3.40,15.5,n,,,,,,,,,,,,,,,,,,,,,,,,,,,,,,,,,,
SUNR,Q5,2010,Abam,8.83,16.1,n,separate trunk of 8.83 12.2 tree,,,,,,,,,,,,,,,,,,,,,,,,,,,,,,,,,
SUNR,Q5,2010,Abam,3.93,16.6,n,,,,,,,,,,,,,,,,,,,,,,,,,,,,,,,,,,
SUNR,Q5,2010,Cano,5.95,17.3,n,,,,,,,,,,,,,,,,,,,,,,,,,,,,,,,,,,
SUNR,Q5,2010,Abam,6.09,17.6,n,,,,,,,,,,,,,,,,,,,,,,,,,,,,,,,,,,
SUNR,Q5,2010,Cano,7.32,17.7,n,,,,,,,,,,,,,,,,,,,,,,,,,,,,,,,,,,
SUNR,Q5,2010,Tsme,8.93,17.8,n,,,,,,,,,,,,,,,,,,,,,,,,,,,,,,,,,,
SUNR,Q5,2010,Abam,5.29,18.6,n,,,,,,,,,,,,,,,,,,,,,,,,,,,,,,,,,,
SUNR,Q5,2010,Abla,7.90,18.8,n,,,,,,,,,,,,,,,,,,,,,,,,,,,,,,,,,,
SUNR,Q5,2010,Abam,6.70,19.6,n,,,,,,,,,,,,,,,,,,,,,,,,,,,,,,,,,,
SUNR,Q5,2010,Abam,4.38,20.4,n,,,,,,,,,,,,,,,,,,,,,,,,,,,,,,,,,,
SUNR,Q5,2010,Abla,6.05,20.6,n,,,,,,,,,,,,,,,,,,,,,,,,,,,,,,,,,,
SUNR,Q5,2010,Abam,4.27,21.5,n,,,,,,,,,,,,,,,,,,,,,,,,,,,,,,,,,,
SUNR,Q5,2010,Abla,4.09,21.8,n,,,,,,,,,,,,,,,,,,,,,,,,,,,,,,,,,,
SUNR,Q5,2010,Tsme,7.90,22.0,n,,,,,,,,,,,,,,,,,,,,,,,,,,,,,,,,,,
SUNR,Q5,2010,Cano,2.61,22.1,n,,,,,,,,,,,,,,,,,,,,,,,,,,,,,,,,,,
SUNR,Q5,2010,Abam,7.62,24.5,n,,,,,,,,,,,,,,,,,,,,,,,,,,,,,,,,,,
SUNR,Q5,2010,Abla,6.84,26.5,n,,,,,,,,,,,,,,,,,,,,,,,,,,,,,,,,,,
SUNR,Q5,2010,Abla,3.74,28.0,n,,,,,,,,,,,,,,,,,,,,,,,,,,,,,,,,,,
SUNR,Q5,2010,Abam,9.23,29.6,y,,,,,,,,,,,,,,,,,,,,,,,,,,,,,,,,,,
SUNR,Q5,2010,Cano,6.76,31.5,n,,,,,,,,,,,,,,,,,,,,,,,,,,,,,,,,,,
SUNR,Q5,2010,Tsme,7.33,32.5,n,,,,,,,,,,,,,,,,,,,,,,,,,,,,,,,,,,
SUNR,Q5,2010,Abam,5.28,32.6,y,,,,,,,,,,,,,,,,,,,,,,,,,,,,,,,,,,
SUNR,Q5,2010,Cano,5.67,34.8,n,,,,,,,,,,,,,,,,,,,,,,,,,,,,,,,,,,
SUNR,Q5,2010,Cano,6.56,36.1,n,,,,,,,,,,,,,,,,,,,,,,,,,,,,,,,,,,
SUNR,Q5,2010,Tsme,3.35,38.8,n,,,,,,,,,,,,,,,,,,,,,,,,,,,,,,,,,,
SUNR,Q5,2010,Cano,6.14,38.9,n,,,,,,,,,,,,,,,,,,,,,,,,,,,,,,,,,,
SUNR,Q5,2010,Abam,6.54,42.7,y,,,,,,,,,,,,,,,,,,,,,,,,,,,,,,,,,,
SUNR,Q5,2010,Cano,7.11,47.0,n,"estimated, too hard to dbh",,,,,,,,,,,,,,,,,,,,,,,,,,,,,,,,,
SUNR,Q5,2010,Cano,6.75,51.0,n,"estimated, too hard to dbh",,,,,,,,,,,,,,,,,,,,,,,,,,,,,,,,,
SUNR,Q5,2010,Abla,9.99,55.2,n,,,,,,,,,,,,,,,,,,,,,,,,,,,,,,,,,,
SUNR,Q5,2010,Tsme,8.73,58.9,n,whole top dead (dead part in canopy),,,,,,,,,,,,,,,,,,,,,,,,,,,,,,,,,
SUNR,Q5,2010,Abam,9.36,68.0,y,,,,,,,,,,,,,,,,,,,,,,,,,,,,,,,,,,
SUNR,Q5,2010,Abam,9.78,78.7,y,,,,,,,,,,,,,,,,,,,,,,,,,,,,,,,,,,
SUNR,Q5,2010,Abam,2.36,82.0,y,,,,,,,,,,,,,,,,,,,,,,,,,,,,,,,,,,
SUNR,Q6,2010,Abla,0.88,11.7,n,,,,,,,,,,,,,,,,,,,,,,,,,,,,,,,,,,
SUNR,Q6,2010,Abla,6.52,14.7,n,,,,,,,,,,,,,,,,,,,,,,,,,,,,,,,,,,
SUNR,Q6,2010,Cano,5.24,16.8,n,,,,,,,,,,,,,,,,,,,,,,,,,,,,,,,,,,
SUNR,Q6,2010,Abam,7.43,16.9,n,,,,,,,,,,,,,,,,,,,,,,,,,,,,,,,,,,
SUNR,Q6,2010,Cano,2.07,17.0,n,,,,,,,,,,,,,,,,,,,,,,,,,,,,,,,,,,
SUNR,Q6,2010,Cano,6.86,20.2,n,,,,,,,,,,,,,,,,,,,,,,,,,,,,,,,,,,
SUNR,Q6,2010,Abla,6.41,20.8,n,,,,,,,,,,,,,,,,,,,,,,,,,,,,,,,,,,
SUNR,Q6,2010,Cano,8.17,21.1,n,,,,,,,,,,,,,,,,,,,,,,,,,,,,,,,,,,
SUNR,Q6,2010,Cano,5.17,23.8,n,,,,,,,,,,,,,,,,,,,,,,,,,,,,,,,,,,
SUNR,Q6,2010,Tsme,2.48,24.6,n,,,,,,,,,,,,,,,,,,,,,,,,,,,,,,,,,,
SUNR,Q6,2010,Cano,2.50,26.0,n,,,,,,,,,,,,,,,,,,,,,,,,,,,,,,,,,,
SUNR,Q6,2010,Cano,2.74,26.3,n,,,,,,,,,,,,,,,,,,,,,,,,,,,,,,,,,,
SUNR,Q6,2010,Tsme,9.36,26.3,n,,,,,,,,,,,,,,,,,,,,,,,,,,,,,,,,,,
SUNR,Q6,2010,Abla,5.38,26.4,n,,,,,,,,,,,,,,,,,,,,,,,,,,,,,,,,,,
SUNR,Q6,2010,Cano,1.68,28.2,n,,,,,,,,,,,,,,,,,,,,,,,,,,,,,,,,,,
SUNR,Q6,2010,Abam,5.24,28.4,n,,,,,,,,,,,,,,,,,,,,,,,,,,,,,,,,,,
SUNR,Q6,2010,Cano,2.14,32.1,n,,,,,,,,,,,,,,,,,,,,,,,,,,,,,,,,,,
SUNR,Q6,2010,Cano,5.48,33.5,n,,,,,,,,,,,,,,,,,,,,,,,,,,,,,,,,,,
SUNR,Q6,2010,Cano,8.06,33.7,n,,,,,,,,,,,,,,,,,,,,,,,,,,,,,,,,,,
SUNR,Q6,2010,Cano,5.65,35.6,n,,,,,,,,,,,,,,,,,,,,,,,,,,,,,,,,,,
SUNR,Q6,2010,Cano,2.41,37.4,n,,,,,,,,,,,,,,,,,,,,,,,,,,,,,,,,,,
SUNR,Q6,2010,Cano,9.60,38.9,n,,,,,,,,,,,,,,,,,,,,,,,,,,,,,,,,,,
SUNR,Q6,2010,Abla,8.59,42.0,y,,,,,,,,,,,,,,,,,,,,,,,,,,,,,,,,,,
SUNR,Q6,2010,Abla,7.90,43.9,y,,,,,,,,,,,,,,,,,,,,,,,,,,,,,,,,,,
SUNR,Q6,2010,Abla,3.33,49.0,y,,,,,,,,,,,,,,,,,,,,,,,,,,,,,,,,,,
SUNR,Q6,2010,Abla,9.29,65.2,y,,,,,,,,,,,,,,,,,,,,,,,,,,,,,,,,,,
SUNR,Q6,2010,Tsme,7.80,77.4,y,,,,,,,,,,,,,,,,,,,,,,,,,,,,,,,,,,
SUNR,Q7,2010,Cano,4.64,11.5,n,,,,,,,,,,,,,,,,,,,,,,,,,,,,,,,,,,
SUNR,Q7,2010,Abla,9.95,11.5,n,,,,,,,,,,,,,,,,,,,,,,,,,,,,,,,,,,
SUNR,Q7,2010,Cano,9.68,11.7,n,,,,,,,,,,,,,,,,,,,,,,,,,,,,,,,,,,
SUNR,Q7,2010,Abam,5.41,11.9,n,,,,,,,,,,,,,,,,,,,,,,,,,,,,,,,,,,
SUNR,Q7,2010,Cano,4.03,12.0,n,,,,,,,,,,,,,,,,,,,,,,,,,,,,,,,,,,
SUNR,Q7,2010,Tsme,5.02,12.1,n,,,,,,,,,,,,,,,,,,,,,,,,,,,,,,,,,,
SUNR,Q7,2010,Tsme,6.19,12.4,n,,,,,,,,,,,,,,,,,,,,,,,,,,,,,,,,,,
SUNR,Q7,2010,Cano,4.15,12.7,n,,,,,,,,,,,,,,,,,,,,,,,,,,,,,,,,,,
SUNR,Q7,2010,Tsme,9.56,14.0,n,,,,,,,,,,,,,,,,,,,,,,,,,,,,,,,,,,
SUNR,Q7,2010,Tsme,8.84,16.2,n,,,,,,,,,,,,,,,,,,,,,,,,,,,,,,,,,,
SUNR,Q7,2010,Abla,6.91,16.3,n,,,,,,,,,,,,,,,,,,,,,,,,,,,,,,,,,,
SUNR,Q7,2010,Abla,5.80,16.8,n,,,,,,,,,,,,,,,,,,,,,,,,,,,,,,,,,,
SUNR,Q7,2010,Abam,6.35,17.0,n,,,,,,,,,,,,,,,,,,,,,,,,,,,,,,,,,,
SUNR,Q7,2010,Abam,9.15,17.0,n,,,,,,,,,,,,,,,,,,,,,,,,,,,,,,,,,,
SUNR,Q7,2010,Abla,5.22,20.0,y,,,,,,,,,,,,,,,,,,,,,,,,,,,,,,,,,,
SUNR,Q7,2010,Abam,7.22,20.8,n,,,,,,,,,,,,,,,,,,,,,,,,,,,,,,,,,,
SUNR,Q7,2010,Abam,3.34,21.4,n,,,,,,,,,,,,,,,,,,,,,,,,,,,,,,,,,,
SUNR,Q7,2010,Abla,4.07,23.7,n,,,,,,,,,,,,,,,,,,,,,,,,,,,,,,,,,,
SUNR,Q7,2010,Cano,3.19,24.3,n,,,,,,,,,,,,,,,,,,,,,,,,,,,,,,,,,,
SUNR,Q7,2010,Abam,5.64,25.5,y,,,,,,,,,,,,,,,,,,,,,,,,,,,,,,,,,,
SUNR,Q7,2010,Abam,4.18,25.7,y,,,,,,,,,,,,,,,,,,,,,,,,,,,,,,,,,,
SUNR,Q7,2010,Cano,9.95,27.0,n,,,,,,,,,,,,,,,,,,,,,,,,,,,,,,,,,,
SUNR,Q7,2010,Cano,7.76,29.2,n,,,,,,,,,,,,,,,,,,,,,,,,,,,,,,,,,,
SUNR,Q7,2010,Abla,5.74,35.2,n,,,,,,,,,,,,,,,,,,,,,,,,,,,,,,,,,,
SUNR,Q7,2010,Cano,8.50,38.6,y,,,,,,,,,,,,,,,,,,,,,,,,,,,,,,,,,,
SUNR,Q7,2010,Cano,1.65,38.8,y,,,,,,,,,,,,,,,,,,,,,,,,,,,,,,,,,,
SUNR,Q7,2010,Abam,5.02,39.9,y,,,,,,,,,,,,,,,,,,,,,,,,,,,,,,,,,,
SUNR,Q7,2010,Tsme,5.45,43.0,y,,,,,,,,,,,,,,,,,,,,,,,,,,,,,,,,,,
SUNR,Q7,2010,Abla,5.27,43.8,y,,,,,,,,,,,,,,,,,,,,,,,,,,,,,,,,,,
SUNR,Q7,2010,Abla,5.50,44.6,y,,,,,,,,,,,,,,,,,,,,,,,,,,,,,,,,,,
SUNR,Q7,2010,Abla,6.55,48.0,y,,,,,,,,,,,,,,,,,,,,,,,,,,,,,,,,,,
SUNR,Q7,2010,Tsme,5.18,48.7,y,,,,,,,,,,,,,,,,,,,,,,,,,,,,,,,,,,
SUNR,Q7,2010,Abla,7.79,51.5,y,,,,,,,,,,,,,,,,,,,,,,,,,,,,,,,,,,
SUNR,Q7,2010,Abla,2.15,53.9,y,,,,,,,,,,,,,,,,,,,,,,,,,,,,,,,,,,
SUNR,Q7,2010,Abla,7.35,79.7,n,,,,,,,,,,,,,,,,,,,,,,,,,,,,,,,,,,
SUNR,Q8,2010,Abla,5.94,10.5,n,,,,,,,,,,,,,,,,,,,,,,,,,,,,,,,,,,
SUNR,Q8,2010,Abla,8.85,11.9,n,,,,,,,,,,,,,,,,,,,,,,,,,,,,,,,,,,
SUNR,Q8,2010,Abam,5.39,12.1,n,,,,,,,,,,,,,,,,,,,,,,,,,,,,,,,,,,
SUNR,Q8,2010,Abla,9.18,12.4,n,,,,,,,,,,,,,,,,,,,,,,,,,,,,,,,,,,
SUNR,Q8,2010,Abla,6.71,12.8,n,,,,,,,,,,,,,,,,,,,,,,,,,,,,,,,,,,
SUNR,Q8,2010,Cano,8.17,13.5,n,,,,,,,,,,,,,,,,,,,,,,,,,,,,,,,,,,
SUNR,Q8,2010,Tsme,7.72,13.6,n,,,,,,,,,,,,,,,,,,,,,,,,,,,,,,,,,,
SUNR,Q8,2010,Abla,8.96,13.7,n,,,,,,,,,,,,,,,,,,,,,,,,,,,,,,,,,,
SUNR,Q8,2010,Abla,9.47,13.7,n,,,,,,,,,,,,,,,,,,,,,,,,,,,,,,,,,,
SUNR,Q8,2010,Abla,9.31,14.2,n,,,,,,,,,,,,,,,,,,,,,,,,,,,,,,,,,,
SUNR,Q8,2010,Tsme,6.42,14.8,n,,,,,,,,,,,,,,,,,,,,,,,,,,,,,,,,,,
SUNR,Q8,2010,Tsme,4.80,16.7,n,,,,,,,,,,,,,,,,,,,,,,,,,,,,,,,,,,
SUNR,Q8,2010,Abam,4.80,18.0,n,,,,,,,,,,,,,,,,,,,,,,,,,,,,,,,,,,
SUNR,Q8,2010,Abla,4.54,18.1,n,,,,,,,,,,,,,,,,,,,,,,,,,,,,,,,,,,
SUNR,Q8,2010,Abla,4.50,18.4,n,,,,,,,,,,,,,,,,,,,,,,,,,,,,,,,,,,
SUNR,Q8,2010,Abla,8.17,19.0,n,,,,,,,,,,,,,,,,,,,,,,,,,,,,,,,,,,
SUNR,Q8,2010,Abla,9.05,19.2,n,,,,,,,,,,,,,,,,,,,,,,,,,,,,,,,,,,
SUNR,Q8,2010,Abla,9.05,19.7,n,,,,,,,,,,,,,,,,,,,,,,,,,,,,,,,,,,
SUNR,Q8,2010,Abla,8.64,20.5,n,,,,,,,,,,,,,,,,,,,,,,,,,,,,,,,,,,
SUNR,Q8,2010,Cano,6.27,20.6,n,,,,,,,,,,,,,,,,,,,,,,,,,,,,,,,,,,
SUNR,Q8,2010,Tsme,9.82,21.0,n,,,,,,,,,,,,,,,,,,,,,,,,,,,,,,,,,,
SUNR,Q8,2010,Abam,7.77,22.7,n,,,,,,,,,,,,,,,,,,,,,,,,,,,,,,,,,,
SUNR,Q8,2010,Abla,6.15,23.0,n,,,,,,,,,,,,,,,,,,,,,,,,,,,,,,,,,,
SUNR,Q8,2010,Abla,8.77,23.0,y,,,,,,,,,,,,,,,,,,,,,,,,,,,,,,,,,,
SUNR,Q8,2010,Abla,7.37,23.5,y,,,,,,,,,,,,,,,,,,,,,,,,,,,,,,,,,,
SUNR,Q8,2010,Abla,1.86,25.2,n,,,,,,,,,,,,,,,,,,,,,,,,,,,,,,,,,,
SUNR,Q8,2010,Abla,7.27,26.0,y,,,,,,,,,,,,,,,,,,,,,,,,,,,,,,,,,,
SUNR,Q8,2010,Tsme,6.08,26.2,n,,,,,,,,,,,,,,,,,,,,,,,,,,,,,,,,,,
SUNR,Q8,2010,Abla,7.21,26.7,y,,,,,,,,,,,,,,,,,,,,,,,,,,,,,,,,,,
SUNR,Q8,2010,Abla,8.60,27.3,y,,,,,,,,,,,,,,,,,,,,,,,,,,,,,,,,,,
SUNR,Q8,2010,Abla,8.66,27.6,n,,,,,,,,,,,,,,,,,,,,,,,,,,,,,,,,,,
SUNR,Q8,2010,Abla,4.88,27.8,n,,,,,,,,,,,,,,,,,,,,,,,,,,,,,,,,,,
SUNR,Q8,2010,Abla,6.04,29.2,y,,,,,,,,,,,,,,,,,,,,,,,,,,,,,,,,,,
SUNR,Q8,2010,Cano,8.42,30.0,n,,,,,,,,,,,,,,,,,,,,,,,,,,,,,,,,,,
SUNR,Q8,2010,Abla,5.84,34.0,y,,,,,,,,,,,,,,,,,,,,,,,,,,,,,,,,,,
SUNR,Q8,2010,Abla,1.36,34.4,n,,,,,,,,,,,,,,,,,,,,,,,,,,,,,,,,,,
SUNR,Q8,2010,Abla,4.02,36.1,y,,,,,,,,,,,,,,,,,,,,,,,,,,,,,,,,,,
SUNR,Q8,2010,Abla,9.52,37.0,y,,,,,,,,,,,,,,,,,,,,,,,,,,,,,,,,,,
SUNR,Q8,2010,Abla,9.89,39.5,y,,,,,,,,,,,,,,,,,,,,,,,,,,,,,,,,,,
SUNR,Q8,2010,Abla,6.83,45.5,y,,,,,,,,,,,,,,,,,,,,,,,,,,,,,,,,,,
SUNR,Q8,2010,Abla,9.03,59.7,y,,,,,,,,,,,,,,,,,,,,,,,,,,,,,,,,,,
SUNR,Q8,2010,Abla,9.69,78.5,y,,,,,,,,,,,,,,,,,,,,,,,,,,,,,,,,,,
SUNR,Q9,2010,Abam,4.42,12.2,n,,,,,,,,,,,,,,,,,,,,,,,,,,,,,,,,,,
SUNR,Q9,2010,Abam,8.83,14.0,n,,,,,,,,,,,,,,,,,,,,,,,,,,,,,,,,,,
SUNR,Q9,2010,Abam,5.60,17.6,n,,,,,,,,,,,,,,,,,,,,,,,,,,,,,,,,,,
SUNR,Q9,2010,Abla,9.12,19.2,n,,,,,,,,,,,,,,,,,,,,,,,,,,,,,,,,,,
SUNR,Q9,2010,Cano,4.30,31.1,n,,,,,,,,,,,,,,,,,,,,,,,,,,,,,,,,,,
SUNR,Q9,2010,Abam,2.15,36.1,n,,,,,,,,,,,,,,,,,,,,,,,,,,,,,,,,,,
SUNR,Q9,2010,Abam,5.29,47.3,n,,,,,,,,,,,,,,,,,,,,,,,,,,,,,,,,,,
SUNR,Q9,2010,Cano,5.65,48.7,n,,,,,,,,,,,,,,,,,,,,,,,,,,,,,,,,,,
SUNR,Q9,2010,Abla,8.84,49.3,y,,,,,,,,,,,,,,,,,,,,,,,,,,,,,,,,,,
SUNR,Q9,2010,Cano,5.44,51.5,n,,,,,,,,,,,,,,,,,,,,,,,,,,,,,,,,,,
SUNR,Q9,2010,Cano,6.35,54.9,n,,,,,,,,,,,,,,,,,,,,,,,,,,,,,,,,,,
SUNR,Q9,2010,Cano,5.24,61.7,n,,,,,,,,,,,,,,,,,,,,,,,,,,,,,,,,,,
SUNR,Q9,2010,Cano,5.00,67.2,n,,,,,,,,,,,,,,,,,,,,,,,,,,,,,,,,,,
SUNR,Q9,2010,Cano,5.85,86.8,n,,,,,,,,,,,,,,,,,,,,,,,,,,,,,,,,,,
SPRY,R1,2010,Tsme,9.86,11.0,n,,,,,,,,,,,,,,,,,,,,,,,,,,,,,,,,,,
SPRY,R1,2010,Abam,9.68,13.3,n,,,,,,,,,,,,,,,,,,,,,,,,,,,,,,,,,,
SPRY,R1,2010,Abam,8.46,16.5,n,,,,,,,,,,,,,,,,,,,,,,,,,,,,,,,,,,
SPRY,R1,2010,Abam,2.87,16.9,n,,,,,,,,,,,,,,,,,,,,,,,,,,,,,,,,,,
SPRY,R1,2010,Cano,8.16,31.4,n,,,,,,,,,,,,,,,,,,,,,,,,,,,,,,,,,,
SPRY,R1,2010,Cano,9.41,42.6,n,,,,,,,,,,,,,,,,,,,,,,,,,,,,,,,,,,
SPRY,R1,2010,Tsme,9.98,56.7,n,,,,,,,,,,,,,,,,,,,,,,,,,,,,,,,,,,
SPRY,R1,2010,Abam,9.00,57.0,n,,,,,,,,,,,,,,,,,,,,,,,,,,,,,,,,,,
SPRY,R1,2010,Cano,9.84,57.1,n,,,,,,,,,,,,,,,,,,,,,,,,,,,,,,,,,,
SPRY,R1,2010,Abam,1.30,66.8,y,,,,,,,,,,,,,,,,,,,,,,,,,,,,,,,,,,
SPRY,R1,2010,Abam,7.67,81.7,n,,,,,,,,,,,,,,,,,,,,,,,,,,,,,,,,,,
SPRY,R1,2010,Abam,8.45,86.6,y,,,,,,,,,,,,,,,,,,,,,,,,,,,,,,,,,,
SPRY,R1,2010,Abam,8.40,92.5,n,,,,,,,,,,,,,,,,,,,,,,,,,,,,,,,,,,
SPRY,R10,2010,Abam,8.95,12.0,n,,,,,,,,,,,,,,,,,,,,,,,,,,,,,,,,,,
SPRY,R10,2010,Tsme,7.88,17.1,n,,,,,,,,,,,,,,,,,,,,,,,,,,,,,,,,,,
SPRY,R10,2010,Tsme,6.84,22.4,n,,,,,,,,,,,,,,,,,,,,,,,,,,,,,,,,,,
SPRY,R10,2010,Abam,5.71,28.2,n,,,,,,,,,,,,,,,,,,,,,,,,,,,,,,,,,,
SPRY,R10,2010,Tsme,9.81,30.6,n,,,,,,,,,,,,,,,,,,,,,,,,,,,,,,,,,,
SPRY,R10,2010,Tsme,5.24,32.2,y,,,,,,,,,,,,,,,,,,,,,,,,,,,,,,,,,,
SPRY,R10,2010,Tsme,7.56,35.4,y,,,,,,,,,,,,,,,,,,,,,,,,,,,,,,,,,,
SPRY,R10,2010,Abam,3.91,38.7,y,,,,,,,,,,,,,,,,,,,,,,,,,,,,,,,,,,
SPRY,R10,2010,Abam,6.61,43.5,y,,,,,,,,,,,,,,,,,,,,,,,,,,,,,,,,,,
SPRY,R10,2010,Tsme,7.67,47.0,n,,,,,,,,,,,,,,,,,,,,,,,,,,,,,,,,,,
SPRY,R10,2010,Tsme,8.90,48.3,y,,,,,,,,,,,,,,,,,,,,,,,,,,,,,,,,,,
SPRY,R10,2010,Abam,7.52,50.5,n,,,,,,,,,,,,,,,,,,,,,,,,,,,,,,,,,,
SPRY,R10,2010,Abam,5.34,52.3,y,,,,,,,,,,,,,,,,,,,,,,,,,,,,,,,,,,
SPRY,R10,2010,Abam,3.00,55.7,y,,,,,,,,,,,,,,,,,,,,,,,,,,,,,,,,,,
SPRY,R10,2010,Tsme,5.94,59.5,y,,,,,,,,,,,,,,,,,,,,,,,,,,,,,,,,,,
SPRY,R10,2010,Abam,5.47,69.7,n,,,,,,,,,,,,,,,,,,,,,,,,,,,,,,,,,,
SPRY,R10,2010,Tsme,9.90,73.2,y,,,,,,,,,,,,,,,,,,,,,,,,,,,,,,,,,,
SPRY,R11,2010,Tsme,6.49,10.2,n,,,,,,,,,,,,,,,,,,,,,,,,,,,,,,,,,,
SPRY,R11,2010,Abam,4.51,10.3,n,,,,,,,,,,,,,,,,,,,,,,,,,,,,,,,,,,
SPRY,R11,2010,Abam,4.87,10.3,n,,,,,,,,,,,,,,,,,,,,,,,,,,,,,,,,,,
SPRY,R11,2010,Abam,8.13,10.5,n,,,,,,,,,,,,,,,,,,,,,,,,,,,,,,,,,,
SPRY,R11,2010,Abam,9.43,16.0,n,,,,,,,,,,,,,,,,,,,,,,,,,,,,,,,,,,
SPRY,R11,2010,Tsme,5.96,17.5,n,,,,,,,,,,,,,,,,,,,,,,,,,,,,,,,,,,
SPRY,R11,2010,Tsme,2.83,21.8,n,,,,,,,,,,,,,,,,,,,,,,,,,,,,,,,,,,
SPRY,R11,2010,Abam,9.39,29.7,n,,,,,,,,,,,,,,,,,,,,,,,,,,,,,,,,,,
SPRY,R11,2010,Tsme,6.69,36.5,n,,,,,,,,,,,,,,,,,,,,,,,,,,,,,,,,,,
SPRY,R11,2010,Tsme,4.99,38.9,n,,,,,,,,,,,,,,,,,,,,,,,,,,,,,,,,,,
SPRY,R11,2010,Tsme,8.17,42.8,n,,,,,,,,,,,,,,,,,,,,,,,,,,,,,,,,,,
SPRY,R11,2010,Tsme,9.54,49.0,y,,,,,,,,,,,,,,,,,,,,,,,,,,,,,,,,,,
SPRY,R11,2010,Abam,9.60,52.2,n,,,,,,,,,,,,,,,,,,,,,,,,,,,,,,,,,,
SPRY,R11,2010,Abam,7.57,52.9,y,,,,,,,,,,,,,,,,,,,,,,,,,,,,,,,,,,
SPRY,R11,2010,Abam,6.56,53.2,y,,,,,,,,,,,,,,,,,,,,,,,,,,,,,,,,,,
SPRY,R11,2010,Tsme,7.36,54.4,y,,,,,,,,,,,,,,,,,,,,,,,,,,,,,,,,,,
SPRY,R11,2010,Tsme,7.07,57.0,n,,,,,,,,,,,,,,,,,,,,,,,,,,,,,,,,,,
SPRY,R11,2010,Abam,8.16,61.0,n,,,,,,,,,,,,,,,,,,,,,,,,,,,,,,,,,,
SPRY,R11,2010,Abam,6.59,66.2,y,,,,,,,,,,,,,,,,,,,,,,,,,,,,,,,,,,
SPRY,R11,2010,Abam,9.56,67.5,y,,,,,,,,,,,,,,,,,,,,,,,,,,,,,,,,,,
SPRY,R11,2010,Abam,4.52,88.0,y,,,,,,,,,,,,,,,,,,,,,,,,,,,,,,,,,,
SPRY,R12,2010,Abam,7.61,22.0,n,,,,,,,,,,,,,,,,,,,,,,,,,,,,,,,,,,
SPRY,R12,2010,Tsme,9.76,22.6,n,,,,,,,,,,,,,,,,,,,,,,,,,,,,,,,,,,
SPRY,R12,2010,Abam,4.20,36.1,n,,,,,,,,,,,,,,,,,,,,,,,,,,,,,,,,,,
SPRY,R12,2010,Abam,9.36,36.8,n,,,,,,,,,,,,,,,,,,,,,,,,,,,,,,,,,,
SPRY,R12,2010,Abam,5.99,48.0,n,,,,,,,,,,,,,,,,,,,,,,,,,,,,,,,,,,
SPRY,R12,2010,Abam,3.84,58.8,n,,,,,,,,,,,,,,,,,,,,,,,,,,,,,,,,,,
SPRY,R12,2010,Tsme,5.64,62.9,n,,,,,,,,,,,,,,,,,,,,,,,,,,,,,,,,,,
SPRY,R12,2010,Tsme,5.69,68.0,n,,,,,,,,,,,,,,,,,,,,,,,,,,,,,,,,,,
SPRY,R12,2010,Abam,1.94,72.1,y,,,,,,,,,,,,,,,,,,,,,,,,,,,,,,,,,,
SPRY,R12,2010,Abam,7.43,83.3,y,,,,,,,,,,,,,,,,,,,,,,,,,,,,,,,,,,
SPRY,R13,2010,Cano,8.49,10.2,n,,,,,,,,,,,,,,,,,,,,,,,,,,,,,,,,,,
SPRY,R13,2010,Abam,9.23,11.3,n,,,,,,,,,,,,,,,,,,,,,,,,,,,,,,,,,,
SPRY,R13,2010,Abam,8.35,12.5,n,,,,,,,,,,,,,,,,,,,,,,,,,,,,,,,,,,
SPRY,R13,2010,Tsme,6.62,12.7,n,,,,,,,,,,,,,,,,,,,,,,,,,,,,,,,,,,
SPRY,R13,2010,Abam,8.21,13.5,n,,,,,,,,,,,,,,,,,,,,,,,,,,,,,,,,,,
SPRY,R13,2010,Tsme,0.34,16.6,n,,,,,,,,,,,,,,,,,,,,,,,,,,,,,,,,,,
SPRY,R13,2010,Abam,6.55,18.8,n,,,,,,,,,,,,,,,,,,,,,,,,,,,,,,,,,,
SPRY,R13,2010,Abam,8.53,19.5,n,,,,,,,,,,,,,,,,,,,,,,,,,,,,,,,,,,
SPRY,R13,2010,Tsme,7.19,24.5,n,,,,,,,,,,,,,,,,,,,,,,,,,,,,,,,,,,
SPRY,R13,2010,Abla,7.85,34.5,y,,,,,,,,,,,,,,,,,,,,,,,,,,,,,,,,,,
SPRY,R13,2010,Abam,4.75,37.7,y,,,,,,,,,,,,,,,,,,,,,,,,,,,,,,,,,,
SPRY,R13,2010,Tsme,0.92,38.0,n,,,,,,,,,,,,,,,,,,,,,,,,,,,,,,,,,,
SPRY,R13,2010,Abla,9.97,39.2,y,,,,,,,,,,,,,,,,,,,,,,,,,,,,,,,,,,
SPRY,R13,2010,Abam,8.70,43.3,y,,,,,,,,,,,,,,,,,,,,,,,,,,,,,,,,,,
SPRY,R13,2010,Abam,5.54,52.5,n,,,,,,,,,,,,,,,,,,,,,,,,,,,,,,,,,,
SPRY,R13,2010,Abam,7.46,55.3,n,,,,,,,,,,,,,,,,,,,,,,,,,,,,,,,,,,
SPRY,R13,2010,Abam,8.94,59.2,n,,,,,,,,,,,,,,,,,,,,,,,,,,,,,,,,,,
SPRY,R13,2010,Tsme,5.99,66.0,y,,,,,,,,,,,,,,,,,,,,,,,,,,,,,,,,,,
SPRY,R13,2010,Abam,3.68,85.0,y,,,,,,,,,,,,,,,,,,,,,,,,,,,,,,,,,,
SPRY,R14,2010,Tsme,6.01,10.7,n,,,,,,,,,,,,,,,,,,,,,,,,,,,,,,,,,,
SPRY,R14,2010,Tsme,5.14,12.8,n,Almost dead,,,,,,,,,,,,,,,,,,,,,,,,,,,,,,,,,
SPRY,R14,2010,Abam,7.87,13.0,n,,,,,,,,,,,,,,,,,,,,,,,,,,,,,,,,,,
SPRY,R14,2010,Abam,0.82,13.5,n,,,,,,,,,,,,,,,,,,,,,,,,,,,,,,,,,,
SPRY,R14,2010,Tsme,4.89,14.2,n,,,,,,,,,,,,,,,,,,,,,,,,,,,,,,,,,,
SPRY,R14,2010,Abam,9.11,16.0,n,,,,,,,,,,,,,,,,,,,,,,,,,,,,,,,,,,
SPRY,R14,2010,Abam,5.04,16.8,n,,,,,,,,,,,,,,,,,,,,,,,,,,,,,,,,,,
SPRY,R14,2010,Tsme,6.51,18.1,n,,,,,,,,,,,,,,,,,,,,,,,,,,,,,,,,,,
SPRY,R14,2010,Tsme,9.40,18.3,n,,,,,,,,,,,,,,,,,,,,,,,,,,,,,,,,,,
SPRY,R14,2010,Tsme,4.32,25.8,n,,,,,,,,,,,,,,,,,,,,,,,,,,,,,,,,,,
SPRY,R14,2010,Abam,9.70,32.3,n,,,,,,,,,,,,,,,,,,,,,,,,,,,,,,,,,,
SPRY,R14,2010,Tsme,9.66,32.6,n,,,,,,,,,,,,,,,,,,,,,,,,,,,,,,,,,,
SPRY,R14,2010,Tsme,4.31,34.2,n,,,,,,,,,,,,,,,,,,,,,,,,,,,,,,,,,,
SPRY,R14,2010,Abam,1.22,43.2,n,,,,,,,,,,,,,,,,,,,,,,,,,,,,,,,,,,
SPRY,R14,2010,Tsme,4.45,43.5,n,,,,,,,,,,,,,,,,,,,,,,,,,,,,,,,,,,
SPRY,R14,2010,Abam,1.87,58.4,y,,,,,,,,,,,,,,,,,,,,,,,,,,,,,,,,,,
SPRY,R14,2010,Abam,9.38,71.6,y,"Two trunks, one is dead",,,,,,,,,,,,,,,,,,,,,,,,,,,,,,,,,
SPRY,R15,2010,Abam,6.45,11.3,n,,,,,,,,,,,,,,,,,,,,,,,,,,,,,,,,,,
SPRY,R15,2010,Abam,5.27,11.5,n,,,,,,,,,,,,,,,,,,,,,,,,,,,,,,,,,,
SPRY,R15,2010,Tsme,9.36,11.8,n,,,,,,,,,,,,,,,,,,,,,,,,,,,,,,,,,,
SPRY,R15,2010,Tsme,5.14,13.5,n,,,,,,,,,,,,,,,,,,,,,,,,,,,,,,,,,,
SPRY,R15,2010,Abam,7.51,13.5,n,,,,,,,,,,,,,,,,,,,,,,,,,,,,,,,,,,
SPRY,R15,2010,Abam,7.03,14.4,n,,,,,,,,,,,,,,,,,,,,,,,,,,,,,,,,,,
SPRY,R15,2010,Abam,6.53,15.5,n,,,,,,,,,,,,,,,,,,,,,,,,,,,,,,,,,,
SPRY,R15,2010,Tsme,7.11,18.7,n,,,,,,,,,,,,,,,,,,,,,,,,,,,,,,,,,,
SPRY,R15,2010,Tsme,7.86,19.4,n,,,,,,,,,,,,,,,,,,,,,,,,,,,,,,,,,,
SPRY,R15,2010,Tsme,8.57,20.0,n,,,,,,,,,,,,,,,,,,,,,,,,,,,,,,,,,,
SPRY,R15,2010,Tsme,4.27,23.2,n,,,,,,,,,,,,,,,,,,,,,,,,,,,,,,,,,,
SPRY,R15,2010,Abam,4.68,24.0,y,,,,,,,,,,,,,,,,,,,,,,,,,,,,,,,,,,
SPRY,R15,2010,Tsme,8.52,27.4,n,,,,,,,,,,,,,,,,,,,,,,,,,,,,,,,,,,
SPRY,R15,2010,Abla,9.40,29.2,n,,,,,,,,,,,,,,,,,,,,,,,,,,,,,,,,,,
SPRY,R15,2010,Tsme,7.75,29.4,n,,,,,,,,,,,,,,,,,,,,,,,,,,,,,,,,,,
SPRY,R15,2010,Tsme,6.52,29.8,n,,,,,,,,,,,,,,,,,,,,,,,,,,,,,,,,,,
SPRY,R15,2010,Tsme,1.50,35.6,y,,,,,,,,,,,,,,,,,,,,,,,,,,,,,,,,,,
SPRY,R15,2010,Abam,9.61,36.2,y,,,,,,,,,,,,,,,,,,,,,,,,,,,,,,,,,,
SPRY,R15,2010,Abam,3.27,37.1,y,,,,,,,,,,,,,,,,,,,,,,,,,,,,,,,,,,
SPRY,R15,2010,Cano,2.60,37.4,n,,,,,,,,,,,,,,,,,,,,,,,,,,,,,,,,,,
SPRY,R15,2010,Abam,8.21,37.6,y,,,,,,,,,,,,,,,,,,,,,,,,,,,,,,,,,,
SPRY,R15,2010,Abam,3.49,40.0,n,,,,,,,,,,,,,,,,,,,,,,,,,,,,,,,,,,
SPRY,R15,2010,Abam,0.17,40.5,y,,,,,,,,,,,,,,,,,,,,,,,,,,,,,,,,,,
SPRY,R15,2010,Tsme,3.76,41.2,n,,,,,,,,,,,,,,,,,,,,,,,,,,,,,,,,,,
SPRY,R15,2010,Abla,8.90,42.8,y,,,,,,,,,,,,,,,,,,,,,,,,,,,,,,,,,,
SPRY,R15,2010,Abam,5.69,43.5,y,,,,,,,,,,,,,,,,,,,,,,,,,,,,,,,,,,
SPRY,R15,2010,Abam,6.62,43.6,y,,,,,,,,,,,,,,,,,,,,,,,,,,,,,,,,,,
SPRY,R15,2010,Cano,2.04,46.7,y,,,,,,,,,,,,,,,,,,,,,,,,,,,,,,,,,,
SPRY,R15,2010,Abam,5.14,55.8,y,,,,,,,,,,,,,,,,,,,,,,,,,,,,,,,,,,
SPRY,R15,2010,Tsme,4.00,69.5,y,,,,,,,,,,,,,,,,,,,,,,,,,,,,,,,,,,
SPRY,R16,2010,Tsme,6.72,10.3,n,,,,,,,,,,,,,,,,,,,,,,,,,,,,,,,,,,
SPRY,R16,2010,Tsme,8.26,10.5,n,,,,,,,,,,,,,,,,,,,,,,,,,,,,,,,,,,
SPRY,R16,2010,Tsme,7.93,10.8,n,,,,,,,,,,,,,,,,,,,,,,,,,,,,,,,,,,
SPRY,R16,2010,Abam,9.38,11.6,n,,,,,,,,,,,,,,,,,,,,,,,,,,,,,,,,,,
SPRY,R16,2010,Tsme,9.96,12.4,n,,,,,,,,,,,,,,,,,,,,,,,,,,,,,,,,,,
SPRY,R16,2010,Abam,4.48,14.5,n,,,,,,,,,,,,,,,,,,,,,,,,,,,,,,,,,,
SPRY,R16,2010,Abla,8.94,15.9,n,,,,,,,,,,,,,,,,,,,,,,,,,,,,,,,,,,
SPRY,R16,2010,Abam,8.88,16.4,n,,,,,,,,,,,,,,,,,,,,,,,,,,,,,,,,,,
SPRY,R16,2010,Abam,7.23,16.7,n,,,,,,,,,,,,,,,,,,,,,,,,,,,,,,,,,,
SPRY,R16,2010,Abla,9.18,16.7,n,,,,,,,,,,,,,,,,,,,,,,,,,,,,,,,,,,
SPRY,R16,2010,Abla,7.04,19.0,n,,,,,,,,,,,,,,,,,,,,,,,,,,,,,,,,,,
SPRY,R16,2010,Tsme,9.12,19.1,n,,,,,,,,,,,,,,,,,,,,,,,,,,,,,,,,,,
SPRY,R16,2010,Tsme,9.81,20.4,n,,,,,,,,,,,,,,,,,,,,,,,,,,,,,,,,,,
SPRY,R16,2010,Tsme,5.38,22.8,n,,,,,,,,,,,,,,,,,,,,,,,,,,,,,,,,,,
SPRY,R16,2010,Tsme,5.84,22.8,n,,,,,,,,,,,,,,,,,,,,,,,,,,,,,,,,,,
SPRY,R16,2010,Tsme,8.99,24.0,n,,,,,,,,,,,,,,,,,,,,,,,,,,,,,,,,,,
SPRY,R16,2010,Abla,9.01,26.1,n,,,,,,,,,,,,,,,,,,,,,,,,,,,,,,,,,,
SPRY,R16,2010,Abam,2.93,26.8,n,,,,,,,,,,,,,,,,,,,,,,,,,,,,,,,,,,
SPRY,R16,2010,Abla,6.98,28.3,n,,,,,,,,,,,,,,,,,,,,,,,,,,,,,,,,,,
SPRY,R16,2010,Tsme,6.13,29.3,n,,,,,,,,,,,,,,,,,,,,,,,,,,,,,,,,,,
SPRY,R16,2010,Abam,5.19,30.5,n,,,,,,,,,,,,,,,,,,,,,,,,,,,,,,,,,,
SPRY,R16,2010,Abam,4.86,42.5,y,,,,,,,,,,,,,,,,,,,,,,,,,,,,,,,,,,
SPRY,R16,2010,Abam,3.96,43.5,y,,,,,,,,,,,,,,,,,,,,,,,,,,,,,,,,,,
SPRY,R16,2010,Abam,6.02,45.6,y,,,,,,,,,,,,,,,,,,,,,,,,,,,,,,,,,,
SPRY,R16,2010,Abam,3.52,47.5,y,,,,,,,,,,,,,,,,,,,,,,,,,,,,,,,,,,
SPRY,R16,2010,Abam,6.52,55.9,n,,,,,,,,,,,,,,,,,,,,,,,,,,,,,,,,,,
SPRY,R16,2010,Tsme,5.38,56.4,n,,,,,,,,,,,,,,,,,,,,,,,,,,,,,,,,,,
SPRY,R16,2010,Abam,9.71,73.0,y,,,,,,,,,,,,,,,,,,,,,,,,,,,,,,,,,,
SPRY,R16,2010,Abam,7.49,82.2,y,,,,,,,,,,,,,,,,,,,,,,,,,,,,,,,,,,
SPRY,R2,2010,Cano,9.35,11.8,n,,,,,,,,,,,,,,,,,,,,,,,,,,,,,,,,,,
SPRY,R2,2010,Abam,7.64,11.9,n,,,,,,,,,,,,,,,,,,,,,,,,,,,,,,,,,,
SPRY,R2,2010,Abam,8.97,13.3,n,,,,,,,,,,,,,,,,,,,,,,,,,,,,,,,,,,
SPRY,R2,2010,Abam,9.46,14.2,n,,,,,,,,,,,,,,,,,,,,,,,,,,,,,,,,,,
SPRY,R2,2010,Abam,8.46,15.4,n,,,,,,,,,,,,,,,,,,,,,,,,,,,,,,,,,,
SPRY,R2,2010,Abam,7.77,16.5,n,,,,,,,,,,,,,,,,,,,,,,,,,,,,,,,,,,
SPRY,R2,2010,Abam,8.31,22.4,n,,,,,,,,,,,,,,,,,,,,,,,,,,,,,,,,,,
SPRY,R2,2010,Cano,7.09,31.4,n,,,,,,,,,,,,,,,,,,,,,,,,,,,,,,,,,,
SPRY,R2,2010,Abam,7.26,38.2,n,,,,,,,,,,,,,,,,,,,,,,,,,,,,,,,,,,
SPRY,R2,2010,Cano,0.62,42.6,n,,,,,,,,,,,,,,,,,,,,,,,,,,,,,,,,,,
SPRY,R2,2010,Cano,0.00,57.1,n,,,,,,,,,,,,,,,,,,,,,,,,,,,,,,,,,,
SPRY,R2,2010,Abam,5.93,58.9,n,,,,,,,,,,,,,,,,,,,,,,,,,,,,,,,,,,
SPRY,R2,2010,Abam,7.86,62.5,n,,,,,,,,,,,,,,,,,,,,,,,,,,,,,,,,,,
SPRY,R2,2010,Abam,5.29,69.3,n,,,,,,,,,,,,,,,,,,,,,,,,,,,,,,,,,,
SPRY,R2,2010,Abam,8.93,74.6,n,Weeping smelly sap,,,,,,,,,,,,,,,,,,,,,,,,,,,,,,,,,
SPRY,R2,2010,Abam,9.98,84.4,y,,,,,,,,,,,,,,,,,,,,,,,,,,,,,,,,,,
SPRY,R2,2010,Abam,1.73,88.6,y,,,,,,,,,,,,,,,,,,,,,,,,,,,,,,,,,,
SPRY,R3,2010,Tsme,9.35,15.3,n,,,,,,,,,,,,,,,,,,,,,,,,,,,,,,,,,,
SPRY,R3,2010,Abam,5.12,17.2,n,,,,,,,,,,,,,,,,,,,,,,,,,,,,,,,,,,
SPRY,R3,2010,Abam,9.46,17.5,n,,,,,,,,,,,,,,,,,,,,,,,,,,,,,,,,,,
SPRY,R3,2010,Abam,9.74,17.9,n,,,,,,,,,,,,,,,,,,,,,,,,,,,,,,,,,,
SPRY,R3,2010,Abam,5.17,19.8,n,,,,,,,,,,,,,,,,,,,,,,,,,,,,,,,,,,
SPRY,R3,2010,Abam,6.92,19.8,n,,,,,,,,,,,,,,,,,,,,,,,,,,,,,,,,,,
SPRY,R3,2010,Tsme,6.06,22.1,n,,,,,,,,,,,,,,,,,,,,,,,,,,,,,,,,,,
SPRY,R3,2010,Abam,7.83,23.4,n,,,,,,,,,,,,,,,,,,,,,,,,,,,,,,,,,,
SPRY,R3,2010,Tsme,3.55,25.2,n,,,,,,,,,,,,,,,,,,,,,,,,,,,,,,,,,,
SPRY,R3,2010,Abam,7.20,25.7,n,,,,,,,,,,,,,,,,,,,,,,,,,,,,,,,,,,
SPRY,R3,2010,Tsme,4.47,26.0,n,,,,,,,,,,,,,,,,,,,,,,,,,,,,,,,,,,
SPRY,R3,2010,Abam,8.33,31.1,y,,,,,,,,,,,,,,,,,,,,,,,,,,,,,,,,,,
SPRY,R3,2010,Abam,8.62,31.5,n,,,,,,,,,,,,,,,,,,,,,,,,,,,,,,,,,,
SPRY,R3,2010,Abam,8.50,31.6,n,,,,,,,,,,,,,,,,,,,,,,,,,,,,,,,,,,
SPRY,R3,2010,Tsme,8.09,33.1,n,,,,,,,,,,,,,,,,,,,,,,,,,,,,,,,,,,
SPRY,R3,2010,Tsme,4.07,33.3,n,,,,,,,,,,,,,,,,,,,,,,,,,,,,,,,,,,
SPRY,R3,2010,Tsme,4.08,38.7,n,,,,,,,,,,,,,,,,,,,,,,,,,,,,,,,,,,
SPRY,R3,2010,Abam,6.55,41.5,n,,,,,,,,,,,,,,,,,,,,,,,,,,,,,,,,,,
SPRY,R3,2010,Abam,9.93,46.0,y,,,,,,,,,,,,,,,,,,,,,,,,,,,,,,,,,,
SPRY,R3,2010,Tsme,5.83,54.3,n,,,,,,,,,,,,,,,,,,,,,,,,,,,,,,,,,,
SPRY,R3,2010,Abam,9.72,54.3,n,,,,,,,,,,,,,,,,,,,,,,,,,,,,,,,,,,
SPRY,R3,2010,Abam,6.92,57.7,y,,,,,,,,,,,,,,,,,,,,,,,,,,,,,,,,,,
SPRY,R3,2010,Abam,7.32,61.5,y,,,,,,,,,,,,,,,,,,,,,,,,,,,,,,,,,,
SPRY,R3,2010,Abam,3.33,65.8,n,,,,,,,,,,,,,,,,,,,,,,,,,,,,,,,,,,
SPRY,R3,2010,Abam,7.74,66.2,y,,,,,,,,,,,,,,,,,,,,,,,,,,,,,,,,,,
SPRY,R3,2010,Abam,6.60,71.0,y,,,,,,,,,,,,,,,,,,,,,,,,,,,,,,,,,,
SPRY,R3,2010,Abam,6.56,78.4,y,,,,,,,,,,,,,,,,,,,,,,,,,,,,,,,,,,
SPRY,R4,2010,Abam,7.90,10.1,n,,,,,,,,,,,,,,,,,,,,,,,,,,,,,,,,,,
SPRY,R4,2010,Cano,8.09,10.9,n,,,,,,,,,,,,,,,,,,,,,,,,,,,,,,,,,,
SPRY,R4,2010,Tsme,8.59,12.1,n,,,,,,,,,,,,,,,,,,,,,,,,,,,,,,,,,,
SPRY,R4,2010,Abam,9.63,12.3,n,,,,,,,,,,,,,,,,,,,,,,,,,,,,,,,,,,
SPRY,R4,2010,Abam,6.70,12.4,n,,,,,,,,,,,,,,,,,,,,,,,,,,,,,,,,,,
SPRY,R4,2010,Abam,9.74,12.9,n,,,,,,,,,,,,,,,,,,,,,,,,,,,,,,,,,,
SPRY,R4,2010,Abam,7.37,13.0,n,,,,,,,,,,,,,,,,,,,,,,,,,,,,,,,,,,
SPRY,R4,2010,Abam,6.15,13.1,n,,,,,,,,,,,,,,,,,,,,,,,,,,,,,,,,,,
SPRY,R4,2010,Tsme,5.85,13.6,n,,,,,,,,,,,,,,,,,,,,,,,,,,,,,,,,,,
SPRY,R4,2010,Tsme,9.85,15.0,n,,,,,,,,,,,,,,,,,,,,,,,,,,,,,,,,,,
SPRY,R4,2010,Tsme,8.56,16.5,n,,,,,,,,,,,,,,,,,,,,,,,,,,,,,,,,,,
SPRY,R4,2010,Abam,8.77,17.9,n,,,,,,,,,,,,,,,,,,,,,,,,,,,,,,,,,,
SPRY,R4,2010,Abam,9.20,19.5,n,,,,,,,,,,,,,,,,,,,,,,,,,,,,,,,,,,
SPRY,R4,2010,Abam,9.23,19.9,n,,,,,,,,,,,,,,,,,,,,,,,,,,,,,,,,,,
SPRY,R4,2010,Tsme,10.00,19.9,n,,,,,,,,,,,,,,,,,,,,,,,,,,,,,,,,,,
SPRY,R4,2010,Cano,9.98,20.3,n,,,,,,,,,,,,,,,,,,,,,,,,,,,,,,,,,,
SPRY,R4,2010,Cano,9.57,21.7,n,,,,,,,,,,,,,,,,,,,,,,,,,,,,,,,,,,
SPRY,R4,2010,Cano,8.52,21.9,n,,,,,,,,,,,,,,,,,,,,,,,,,,,,,,,,,,
SPRY,R4,2010,Cano,9.96,23.2,n,,,,,,,,,,,,,,,,,,,,,,,,,,,,,,,,,,
SPRY,R4,2010,Cano,8.66,24.2,n,,,,,,,,,,,,,,,,,,,,,,,,,,,,,,,,,,
SPRY,R4,2010,Cano,9.76,24.2,n,,,,,,,,,,,,,,,,,,,,,,,,,,,,,,,,,,
SPRY,R4,2010,Tsme,9.16,24.6,n,,,,,,,,,,,,,,,,,,,,,,,,,,,,,,,,,,
SPRY,R4,2010,Cano,9.29,26.1,n,,,,,,,,,,,,,,,,,,,,,,,,,,,,,,,,,,
SPRY,R4,2010,Abam,8.50,26.6,n,,,,,,,,,,,,,,,,,,,,,,,,,,,,,,,,,,
SPRY,R4,2010,Cano,9.59,26.8,n,,,,,,,,,,,,,,,,,,,,,,,,,,,,,,,,,,
SPRY,R4,2010,Cano,4.42,27.3,n,,,,,,,,,,,,,,,,,,,,,,,,,,,,,,,,,,
SPRY,R4,2010,Abam,1.32,28.8,n,,,,,,,,,,,,,,,,,,,,,,,,,,,,,,,,,,
SPRY,R4,2010,Abam,7.24,32.5,n,,,,,,,,,,,,,,,,,,,,,,,,,,,,,,,,,,
SPRY,R4,2010,Abam,6.72,34.7,y,,,,,,,,,,,,,,,,,,,,,,,,,,,,,,,,,,
SPRY,R4,2010,Cano,6.45,35.9,n,,,,,,,,,,,,,,,,,,,,,,,,,,,,,,,,,,
SPRY,R4,2010,Tsme,7.55,38.5,n,,,,,,,,,,,,,,,,,,,,,,,,,,,,,,,,,,
SPRY,R4,2010,Abam,8.72,40.3,n,,,,,,,,,,,,,,,,,,,,,,,,,,,,,,,,,,
SPRY,R4,2010,Abam,5.36,45.9,y,,,,,,,,,,,,,,,,,,,,,,,,,,,,,,,,,,
SPRY,R4,2010,Cano,3.83,47.0,n,,,,,,,,,,,,,,,,,,,,,,,,,,,,,,,,,,
SPRY,R4,2010,Tsme,3.01,49.9,y,,,,,,,,,,,,,,,,,,,,,,,,,,,,,,,,,,
SPRY,R4,2010,Cano,8.15,53.2,y,,,,,,,,,,,,,,,,,,,,,,,,,,,,,,,,,,
SPRY,R4,2010,Cano,4.93,55.7,n,,,,,,,,,,,,,,,,,,,,,,,,,,,,,,,,,,
SPRY,R4,2010,Cano,7.94,62.6,y,R5,,,,,,,,,,,,,,,,,,,,,,,,,,,,,,,,,
SPRY,R5,2010,Tsme,2.42,11.5,n,,,,,,,,,,,,,,,,,,,,,,,,,,,,,,,,,,
SPRY,R5,2010,Cano,4.81,12.0,n,,,,,,,,,,,,,,,,,,,,,,,,,,,,,,,,,,
SPRY,R5,2010,Tsme,7.79,12.0,n,,,,,,,,,,,,,,,,,,,,,,,,,,,,,,,,,,
SPRY,R5,2010,Abam,2.07,12.1,n,,,,,,,,,,,,,,,,,,,,,,,,,,,,,,,,,,
SPRY,R5,2010,Abam,4.79,13.1,n,,,,,,,,,,,,,,,,,,,,,,,,,,,,,,,,,,
SPRY,R5,2010,Tsme,4.27,13.3,n,,,,,,,,,,,,,,,,,,,,,,,,,,,,,,,,,,
SPRY,R5,2010,Psme,2.10,14.5,n,,,,,,,,,,,,,,,,,,,,,,,,,,,,,,,,,,
SPRY,R5,2010,Tsme,7.79,16.0,n,,,,,,,,,,,,,,,,,,,,,,,,,,,,,,,,,,
SPRY,R5,2010,Abam,4.79,22.2,n,,,,,,,,,,,,,,,,,,,,,,,,,,,,,,,,,,
SPRY,R5,2010,Tsme,8.18,23.5,n,,,,,,,,,,,,,,,,,,,,,,,,,,,,,,,,,,
SPRY,R5,2010,Tsme,9.05,25.4,n,,,,,,,,,,,,,,,,,,,,,,,,,,,,,,,,,,
SPRY,R5,2010,Cano,3.88,25.7,n,,,,,,,,,,,,,,,,,,,,,,,,,,,,,,,,,,
SPRY,R5,2010,Cano,7.85,26.5,n,,,,,,,,,,,,,,,,,,,,,,,,,,,,,,,,,,
SPRY,R5,2010,Abam,2.52,34.2,y,,,,,,,,,,,,,,,,,,,,,,,,,,,,,,,,,,
SPRY,R5,2010,Abam,3.02,37.8,y,,,,,,,,,,,,,,,,,,,,,,,,,,,,,,,,,,
SPRY,R5,2010,Abam,5.76,40.1,n,,,,,,,,,,,,,,,,,,,,,,,,,,,,,,,,,,
SPRY,R5,2010,Abam,2.91,45.4,y,,,,,,,,,,,,,,,,,,,,,,,,,,,,,,,,,,
SPRY,R5,2010,Tsme,8.92,54.3,y,,,,,,,,,,,,,,,,,,,,,,,,,,,,,,,,,,
SPRY,R5,2010,Tsme,5.65,63.1,y,,,,,,,,,,,,,,,,,,,,,,,,,,,,,,,,,,
SPRY,R5,2010,Abam,9.58,70.3,y,,,,,,,,,,,,,,,,,,,,,,,,,,,,,,,,,,
SPRY,R5,2010,Abam,7.45,71.3,y,,,,,,,,,,,,,,,,,,,,,,,,,,,,,,,,,,
SPRY,R5,2010,Tsme,7.78,72.1,y,R4,,,,,,,,,,,,,,,,,,,,,,,,,,,,,,,,,
SPRY,R5,2010,Abam,4.87,77.5,y,,,,,,,,,,,,,,,,,,,,,,,,,,,,,,,,,,
SPRY,R6,2010,Cano,5.88,12.5,n,,,,,,,,,,,,,,,,,,,,,,,,,,,,,,,,,,
SPRY,R6,2010,Cano,6.87,12.9,n,,,,,,,,,,,,,,,,,,,,,,,,,,,,,,,,,,
SPRY,R6,2010,Cano,2.66,13.1,n,,,,,,,,,,,,,,,,,,,,,,,,,,,,,,,,,,
SPRY,R6,2010,Cano,2.89,13.2,n,,,,,,,,,,,,,,,,,,,,,,,,,,,,,,,,,,
SPRY,R6,2010,Cano,5.82,13.2,n,,,,,,,,,,,,,,,,,,,,,,,,,,,,,,,,,,
SPRY,R6,2010,Cano,5.73,13.4,n,,,,,,,,,,,,,,,,,,,,,,,,,,,,,,,,,,
SPRY,R6,2010,Tsme,8.75,15.4,n,,,,,,,,,,,,,,,,,,,,,,,,,,,,,,,,,,
SPRY,R6,2010,Abam,9.72,15.9,n,,,,,,,,,,,,,,,,,,,,,,,,,,,,,,,,,,
SPRY,R6,2010,Tsme,6.55,18.0,n,,,,,,,,,,,,,,,,,,,,,,,,,,,,,,,,,,
SPRY,R6,2010,Abam,4.03,18.2,n,,,,,,,,,,,,,,,,,,,,,,,,,,,,,,,,,,
SPRY,R6,2010,Tsme,6.70,18.5,n,,,,,,,,,,,,,,,,,,,,,,,,,,,,,,,,,,
SPRY,R6,2010,Abam,4.45,18.8,n,,,,,,,,,,,,,,,,,,,,,,,,,,,,,,,,,,
SPRY,R6,2010,Abam,8.64,20.5,n,,,,,,,,,,,,,,,,,,,,,,,,,,,,,,,,,,
SPRY,R6,2010,Cano,4.82,20.9,n,,,,,,,,,,,,,,,,,,,,,,,,,,,,,,,,,,
SPRY,R6,2010,Tsme,7.65,21.0,n,,,,,,,,,,,,,,,,,,,,,,,,,,,,,,,,,,
SPRY,R6,2010,Abam,6.07,24.0,n,,,,,,,,,,,,,,,,,,,,,,,,,,,,,,,,,,
SPRY,R6,2010,Abam,8.67,25.4,n,,,,,,,,,,,,,,,,,,,,,,,,,,,,,,,,,,
SPRY,R6,2010,Tsme,3.34,28.7,n,,,,,,,,,,,,,,,,,,,,,,,,,,,,,,,,,,
SPRY,R6,2010,Abam,2.07,37.0,n,,,,,,,,,,,,,,,,,,,,,,,,,,,,,,,,,,
SPRY,R6,2010,Tsme,5.74,38.9,n,,,,,,,,,,,,,,,,,,,,,,,,,,,,,,,,,,
SPRY,R6,2010,Abam,1.40,39.5,n,,,,,,,,,,,,,,,,,,,,,,,,,,,,,,,,,,
SPRY,R6,2010,Abam,5.18,39.6,n,,,,,,,,,,,,,,,,,,,,,,,,,,,,,,,,,,
SPRY,R6,2010,Abam,5.71,40.9,n,,,,,,,,,,,,,,,,,,,,,,,,,,,,,,,,,,
SPRY,R6,2010,Abam,8.11,45.8,n,,,,,,,,,,,,,,,,,,,,,,,,,,,,,,,,,,
SPRY,R6,2010,Abam,4.07,49.7,y,,,,,,,,,,,,,,,,,,,,,,,,,,,,,,,,,,
SPRY,R6,2010,Abam,9.90,53.1,y,,,,,,,,,,,,,,,,,,,,,,,,,,,,,,,,,,
SPRY,R6,2010,Abam,5.19,53.2,y,,,,,,,,,,,,,,,,,,,,,,,,,,,,,,,,,,
SPRY,R6,2010,Abam,8.68,61.3,y,,,,,,,,,,,,,,,,,,,,,,,,,,,,,,,,,,
SPRY,R6,2010,Tsme,6.82,62.9,n,,,,,,,,,,,,,,,,,,,,,,,,,,,,,,,,,,
SPRY,R6,2010,Abam,9.51,67.2,n,,,,,,,,,,,,,,,,,,,,,,,,,,,,,,,,,,
SPRY,R6,2010,Tsme,4.80,78.4,n,,,,,,,,,,,,,,,,,,,,,,,,,,,,,,,,,,
SPRY,R7,2010,Cano,5.88,10.0,n,,,,,,,,,,,,,,,,,,,,,,,,,,,,,,,,,,
SPRY,R7,2010,Abla,9.03,10.0,n,,,,,,,,,,,,,,,,,,,,,,,,,,,,,,,,,,
SPRY,R7,2010,Abam,9.83,10.0,n,,,,,,,,,,,,,,,,,,,,,,,,,,,,,,,,,,
SPRY,R7,2010,Tsme,8.12,10.2,n,,,,,,,,,,,,,,,,,,,,,,,,,,,,,,,,,,
SPRY,R7,2010,Tsme,8.42,11.5,n,,,,,,,,,,,,,,,,,,,,,,,,,,,,,,,,,,
SPRY,R7,2010,Cano,4.27,11.9,n,,,,,,,,,,,,,,,,,,,,,,,,,,,,,,,,,,
SPRY,R7,2010,Abla,8.91,11.9,n,,,,,,,,,,,,,,,,,,,,,,,,,,,,,,,,,,
SPRY,R7,2010,Cano,5.88,12.5,n,,,,,,,,,,,,,,,,,,,,,,,,,,,,,,,,,,
SPRY,R7,2010,Cano,7.33,13.1,n,,,,,,,,,,,,,,,,,,,,,,,,,,,,,,,,,,
SPRY,R7,2010,Tsme,5.31,13.5,n,,,,,,,,,,,,,,,,,,,,,,,,,,,,,,,,,,
SPRY,R7,2010,Cano,4.55,14.5,n,,,,,,,,,,,,,,,,,,,,,,,,,,,,,,,,,,
SPRY,R7,2010,Cano,6.31,14.5,n,,,,,,,,,,,,,,,,,,,,,,,,,,,,,,,,,,
SPRY,R7,2010,Abla,9.85,14.7,n,,,,,,,,,,,,,,,,,,,,,,,,,,,,,,,,,,
SPRY,R7,2010,Abam,4.74,15.7,n,,,,,,,,,,,,,,,,,,,,,,,,,,,,,,,,,,
SPRY,R7,2010,Tsme,1.36,18.2,n,,,,,,,,,,,,,,,,,,,,,,,,,,,,,,,,,,
SPRY,R7,2010,Tsme,1.14,18.4,n,,,,,,,,,,,,,,,,,,,,,,,,,,,,,,,,,,
SPRY,R7,2010,Abam,7.96,18.6,n,,,,,,,,,,,,,,,,,,,,,,,,,,,,,,,,,,
SPRY,R7,2010,Abam,6.51,19.5,n,,,,,,,,,,,,,,,,,,,,,,,,,,,,,,,,,,
SPRY,R7,2010,Abam,5.19,20.1,n,,,,,,,,,,,,,,,,,,,,,,,,,,,,,,,,,,
SPRY,R7,2010,Tsme,2.04,20.9,n,,,,,,,,,,,,,,,,,,,,,,,,,,,,,,,,,,
SPRY,R7,2010,Cano,7.13,21.6,n,,,,,,,,,,,,,,,,,,,,,,,,,,,,,,,,,,
SPRY,R7,2010,Abam,8.30,24.3,n,,,,,,,,,,,,,,,,,,,,,,,,,,,,,,,,,,
SPRY,R7,2010,Abam,3.38,25.4,n,,,,,,,,,,,,,,,,,,,,,,,,,,,,,,,,,,
SPRY,R7,2010,Tsme,8.96,29.0,n,,,,,,,,,,,,,,,,,,,,,,,,,,,,,,,,,,
SPRY,R7,2010,Tsme,5.68,31.3,n,,,,,,,,,,,,,,,,,,,,,,,,,,,,,,,,,,
SPRY,R7,2010,Abam,6.77,37.2,n,,,,,,,,,,,,,,,,,,,,,,,,,,,,,,,,,,
SPRY,R7,2010,Tsme,1.44,37.5,n,,,,,,,,,,,,,,,,,,,,,,,,,,,,,,,,,,
SPRY,R7,2010,Abam,5.89,38.9,y,,,,,,,,,,,,,,,,,,,,,,,,,,,,,,,,,,
SPRY,R7,2010,Tsme,0.05,40.3,n,,,,,,,,,,,,,,,,,,,,,,,,,,,,,,,,,,
SPRY,R7,2010,Abam,9.16,42.0,n,,,,,,,,,,,,,,,,,,,,,,,,,,,,,,,,,,
SPRY,R7,2010,Abam,6.52,47.6,y,,,,,,,,,,,,,,,,,,,,,,,,,,,,,,,,,,
SPRY,R7,2010,Abam,7.49,54.7,y,,,,,,,,,,,,,,,,,,,,,,,,,,,,,,,,,,
SPRY,R7,2010,Abam,4.89,76.3,y,R6,,,,,,,,,,,,,,,,,,,,,,,,,,,,,,,,,
SPRY,R8,2010,Tsme,6.00,12.2,n,,,,,,,,,,,,,,,,,,,,,,,,,,,,,,,,,,
SPRY,R8,2010,Tsme,7.49,13.3,n,,,,,,,,,,,,,,,,,,,,,,,,,,,,,,,,,,
SPRY,R8,2010,Tsme,4.18,14.3,n,,,,,,,,,,,,,,,,,,,,,,,,,,,,,,,,,,
SPRY,R8,2010,Tsme,6.63,17.2,n,,,,,,,,,,,,,,,,,,,,,,,,,,,,,,,,,,
SPRY,R8,2010,Tsme,3.32,18.5,n,,,,,,,,,,,,,,,,,,,,,,,,,,,,,,,,,,
SPRY,R8,2010,Tsme,8.03,29.9,n,,,,,,,,,,,,,,,,,,,,,,,,,,,,,,,,,,
SPRY,R8,2010,Abam,8.40,33.3,n,,,,,,,,,,,,,,,,,,,,,,,,,,,,,,,,,,
SPRY,R8,2010,Tsme,8.25,36.2,n,,,,,,,,,,,,,,,,,,,,,,,,,,,,,,,,,,
SPRY,R8,2010,Abam,6.92,45.0,y,,,,,,,,,,,,,,,,,,,,,,,,,,,,,,,,,,
SPRY,R8,2010,Tsme,9.37,46.1,n,,,,,,,,,,,,,,,,,,,,,,,,,,,,,,,,,,
SPRY,R8,2010,Abam,9.36,57.4,y,,,,,,,,,,,,,,,,,,,,,,,,,,,,,,,,,,
SPRY,R8,2010,Abam,6.00,63.7,n,,,,,,,,,,,,,,,,,,,,,,,,,,,,,,,,,,
SPRY,R8,2010,Abam,7.71,75.5,y,,,,,,,,,,,,,,,,,,,,,,,,,,,,,,,,,,
SPRY,R8,2010,Abam,2.34,86.6,y,,,,,,,,,,,,,,,,,,,,,,,,,,,,,,,,,,
SPRY,R9,2010,Abam,6.30,11.0,n,,,,,,,,,,,,,,,,,,,,,,,,,,,,,,,,,,
SPRY,R9,2010,Abam,2.56,12.3,n,,,,,,,,,,,,,,,,,,,,,,,,,,,,,,,,,,
SPRY,R9,2010,Abam,9.71,15.7,n,,,,,,,,,,,,,,,,,,,,,,,,,,,,,,,,,,
SPRY,R9,2010,Tsme,7.65,18.3,n,,,,,,,,,,,,,,,,,,,,,,,,,,,,,,,,,,
SPRY,R9,2010,Tsme,7.36,21.0,n,,,,,,,,,,,,,,,,,,,,,,,,,,,,,,,,,,
SPRY,R9,2010,Tsme,6.42,34.0,n,,,,,,,,,,,,,,,,,,,,,,,,,,,,,,,,,,
SPRY,R9,2010,Tsme,7.53,35.4,n,,,,,,,,,,,,,,,,,,,,,,,,,,,,,,,,,,
SPRY,R9,2010,Tsme,9.62,35.5,n,,,,,,,,,,,,,,,,,,,,,,,,,,,,,,,,,,
SPRY,R9,2010,Tsme,9.01,42.1,n,,,,,,,,,,,,,,,,,,,,,,,,,,,,,,,,,,
SPRY,R9,2010,Tsme,8.87,59.3,y,,,,,,,,,,,,,,,,,,,,,,,,,,,,,,,,,,
SPRY,R9,2010,Abam,4.27,68.4,y,,,,,,,,,,,,,,,,,,,,,,,,,,,,,,,,,,
SPRY,R9,2010,Abam,9.27,80.5,n,,,,,,,,,,,,,,,,,,,,,,,,,,,,,,,,,,
SPRY,R9,2010,Tsme,9.48,86.8,y,,,,,,,,,,,,,,,,,,,,,,,,,,,,,,,,,,
AM16,H60,2009,Abam,4.01,11.8,n,,,,,,,,,,,,,,,,,,,,,,,,,,,,,,,,,,
AM16,H60,2009,Abam,6.63,13.3,n,,,,,,,,,,,,,,,,,,,,,,,,,,,,,,,,,,
AM16,H60,2009,Cano,4.15,15.7,n,,,,,,,,,,,,,,,,,,,,,,,,,,,,,,,,,,
AM16,H60,2009,Tshe,1.03,16.6,n,,,,,,,,,,,,,,,,,,,,,,,,,,,,,,,,,,
AM16,H60,2009,Tshe,7.36,20.9,n,,,,,,,,,,,,,,,,,,,,,,,,,,,,,,,,,,
AM16,H60,2009,Abam,8.36,21.6,n,,,,,,,,,,,,,,,,,,,,,,,,,,,,,,,,,,
AM16,H60,2009,Abam,5.85,24.2,n,,,,,,,,,,,,,,,,,,,,,,,,,,,,,,,,,,
AM16,H60,2009,Abam,0.81,25.6,n,,,,,,,,,,,,,,,,,,,,,,,,,,,,,,,,,,
AM16,H60,2009,Tsme,3.2,25.8,n,,,,,,,,,,,,,,,,,,,,,,,,,,,,,,,,,,
AM16,H60,2009,Cano,7.06,41.9,n,,,,,,,,,,,,,,,,,,,,,,,,,,,,,,,,,,
AM16,H60,2009,Abam,7.2,43.6,y,,,,,,,,,,,,,,,,,,,,,,,,,,,,,,,,,,
AM16,H60,2009,Abam,7.14,46.8,n,,,,,,,,,,,,,,,,,,,,,,,,,,,,,,,,,,
AM16,H60,2009,Cano,8.67,55.0,n,,,,,,,,,,,,,,,,,,,,,,,,,,,,,,,,,,
AM16,H61,2009,Abam,9.91,12.1,n,,,,,,,,,,,,,,,,,,,,,,,,,,,,,,,,,,
AM16,H61,2009,Abam,0.97,12.5,n,,,,,,,,,,,,,,,,,,,,,,,,,,,,,,,,,,
AM16,H61,2009,Abam,5.94,21.6,n,,,,,,,,,,,,,,,,,,,,,,,,,,,,,,,,,,
AM16,H61,2009,Cano,6.17,30.9,n,,,,,,,,,,,,,,,,,,,,,,,,,,,,,,,,,,
AM16,H61,2009,Cano,4.48,35.7,n,,,,,,,,,,,,,,,,,,,,,,,,,,,,,,,,,,
AM16,H61,2009,Cano,7.94,35.8,n,,,,,,,,,,,,,,,,,,,,,,,,,,,,,,,,,,
AM16,H61,2009,Abam,4.19,43.0,n,,,,,,,,,,,,,,,,,,,,,,,,,,,,,,,,,,
AM16,H61,2009,Cano,5.73,55.0,n,,,,,,,,,,,,,,,,,,,,,,,,,,,,,,,,,,
AM16,H61,2009,Tsme,8.65,74.0,y,,,,,,,,,,,,,,,,,,,,,,,,,,,,,,,,,,
AM16,H61,2009,Cano,2.24,83.8,y,,,,,,,,,,,,,,,,,,,,,,,,,,,,,,,,,,
AM16,H62,2009,Abam,3.73,12.0,,canopy never observed,,,,,,,,,,,,,,,,,,,,,,,,,,,,,,,,,
AM16,H62,2009,Abam,2.86,13.0,,canopy never observed,,,,,,,,,,,,,,,,,,,,,,,,,,,,,,,,,
AM16,H62,2009,Abam,3.96,13.3,,canopy never observed,,,,,,,,,,,,,,,,,,,,,,,,,,,,,,,,,
AM16,H62,2009,Tsme,8.88,14.1,,canopy never observed,,,,,,,,,,,,,,,,,,,,,,,,,,,,,,,,,
AM16,H62,2009,Cano,1.07,21.5,,canopy never observed,,,,,,,,,,,,,,,,,,,,,,,,,,,,,,,,,
AM16,H62,2009,Cano,3.42,21.5,,canopy never observed,,,,,,,,,,,,,,,,,,,,,,,,,,,,,,,,,
AM16,H62,2009,Cano,1.42,23.5,,canopy never observed,,,,,,,,,,,,,,,,,,,,,,,,,,,,,,,,,
AM16,H62,2009,Cano,5.91,32.5,,canopy never observed,,,,,,,,,,,,,,,,,,,,,,,,,,,,,,,,,
AM16,H62,2009,Cano,8.87,35.6,,canopy never observed,,,,,,,,,,,,,,,,,,,,,,,,,,,,,,,,,
AM16,H62,2009,Cano,3.17,35.7,,canopy never observed,,,,,,,,,,,,,,,,,,,,,,,,,,,,,,,,,
AM16,H62,2009,Abam,9.95,42.8,,canopy never observed,,,,,,,,,,,,,,,,,,,,,,,,,,,,,,,,,
AM16,H77,2009,Abam,3.61,10.3,n,,,,,,,,,,,,,,,,,,,,,,,,,,,,,,,,,,
AM16,H77,2009,Abam,7.21,10.4,n,,,,,,,,,,,,,,,,,,,,,,,,,,,,,,,,,,
AM16,H77,2009,Abam,7.96,11.2,n,,,,,,,,,,,,,,,,,,,,,,,,,,,,,,,,,,
AM16,H77,2009,Abam,8.5,11.8,n,,,,,,,,,,,,,,,,,,,,,,,,,,,,,,,,,,
AM16,H77,2009,Abam,9.51,15.0,n,,,,,,,,,,,,,,,,,,,,,,,,,,,,,,,,,,
AM16,H77,2009,Abam,2.51,19.9,n,,,,,,,,,,,,,,,,,,,,,,,,,,,,,,,,,,
AM16,H77,2009,Abam,7.24,20.8,n,,,,,,,,,,,,,,,,,,,,,,,,,,,,,,,,,,
AM16,H77,2009,Abam,3.69,30.5,n,,,,,,,,,,,,,,,,,,,,,,,,,,,,,,,,,,
AM16,H77,2009,Abam,5.76,32.0,n,,,,,,,,,,,,,,,,,,,,,,,,,,,,,,,,,,
AM16,H77,2009,Tsme,4.25,42.0,n,,,,,,,,,,,,,,,,,,,,,,,,,,,,,,,,,,
AM16,H77,2009,Abam,8.1,49.9,n,,,,,,,,,,,,,,,,,,,,,,,,,,,,,,,,,,
AM16,H77,2009,Cano,7.44,56.8,n,,,,,,,,,,,,,,,,,,,,,,,,,,,,,,,,,,
AM16,H77,2009,Cano,8.91,57.3,n,,,,,,,,,,,,,,,,,,,,,,,,,,,,,,,,,,
AM16,H77,2009,Tsme,2.99,86.8,y,,,,,,,,,,,,,,,,,,,,,,,,,,,,,,,,,,
AM16,H77,2009,Tsme,3.23,87.6,y,,,,,,,,,,,,,,,,,,,,,,,,,,,,,,,,,,
AM16,H77,2009,Tsme,3.34,92.0,y,,,,,,,,,,,,,,,,,,,,,,,,,,,,,,,,,,
AM16,H77,2009,Cano,7.98,94.5,y,,,,,,,,,,,,,,,,,,,,,,,,,,,,,,,,,,
AV06,E44,2009,Abam,5.25,10.3,n,,,,,,,,,,,,,,,,,,,,,,,,,,,,,,,,,,
AV06,E44,2009,Thpl,6.68,10.3,n,,,,,,,,,,,,,,,,,,,,,,,,,,,,,,,,,,
AV06,E44,2009,Tshe,6.81,10.3,n,,,,,,,,,,,,,,,,,,,,,,,,,,,,,,,,,,
AV06,E44,2009,Tshe,2.45,10.8,n,,,,,,,,,,,,,,,,,,,,,,,,,,,,,,,,,,
AV06,E44,2009,Tshe,6.35,11.7,n,,,,,,,,,,,,,,,,,,,,,,,,,,,,,,,,,,
AV06,E44,2009,Abam,2.17,12.0,n,,,,,,,,,,,,,,,,,,,,,,,,,,,,,,,,,,
AV06,E44,2009,Abam,8.9,12.4,n,,,,,,,,,,,,,,,,,,,,,,,,,,,,,,,,,,
AV06,E44,2009,Abam,8.5,13.5,n,,,,,,,,,,,,,,,,,,,,,,,,,,,,,,,,,,
AV06,E44,2009,Tshe,9.53,13.7,n,,,,,,,,,,,,,,,,,,,,,,,,,,,,,,,,,,
AV06,E44,2009,Abam,8.25,14.0,n,,,,,,,,,,,,,,,,,,,,,,,,,,,,,,,,,,
AV06,E44,2009,Abam,6.58,14.4,n,,,,,,,,,,,,,,,,,,,,,,,,,,,,,,,,,,
AV06,E44,2009,Abam,4.23,18.3,n,,,,,,,,,,,,,,,,,,,,,,,,,,,,,,,,,,
AV06,E44,2009,Abam,3.6,20.2,n,,,,,,,,,,,,,,,,,,,,,,,,,,,,,,,,,,
AV06,E44,2009,Abam,8.23,23.8,n,,,,,,,,,,,,,,,,,,,,,,,,,,,,,,,,,,
AV06,E44,2009,Abam,2.76,24.4,n,,,,,,,,,,,,,,,,,,,,,,,,,,,,,,,,,,
AV06,E44,2009,Abam,6.78,29.5,n,,,,,,,,,,,,,,,,,,,,,,,,,,,,,,,,,,
AV06,E44,2009,Abam,6.84,32.7,n,,,,,,,,,,,,,,,,,,,,,,,,,,,,,,,,,,
AV06,E44,2009,Abam,9.2,33.7,n,,,,,,,,,,,,,,,,,,,,,,,,,,,,,,,,,,
AV06,E44,2009,Abam,9.45,38.0,n,,,,,,,,,,,,,,,,,,,,,,,,,,,,,,,,,,
AV06,E44,2009,Abam,10,38.5,n,,,,,,,,,,,,,,,,,,,,,,,,,,,,,,,,,,
AV06,E44,2009,Abam,5.05,46.9,n,,,,,,,,,,,,,,,,,,,,,,,,,,,,,,,,,,
AV06,E44,2009,Abam,7.95,52.5,y,,,,,,,,,,,,,,,,,,,,,,,,,,,,,,,,,,
AV06,E44,2009,Abam,3.58,61.5,y,,,,,,,,,,,,,,,,,,,,,,,,,,,,,,,,,,
AV06,E44,2009,Abam,6.73,61.6,y,,,,,,,,,,,,,,,,,,,,,,,,,,,,,,,,,,
AV06,E44,2009,Thpl,3.58,75.9,n,,,,,,,,,,,,,,,,,,,,,,,,,,,,,,,,,,
AV06,E45,2009,Abam,8.53,10.6,n,,,,,,,,,,,,,,,,,,,,,,,,,,,,,,,,,,
AV06,E45,2009,Abam,5.97,10.7,n,,,,,,,,,,,,,,,,,,,,,,,,,,,,,,,,,,
AV06,E45,2009,Abam,8.86,10.9,n,,,,,,,,,,,,,,,,,,,,,,,,,,,,,,,,,,
AV06,E45,2009,Abam,3.11,11.0,n,,,,,,,,,,,,,,,,,,,,,,,,,,,,,,,,,,
AV06,E45,2009,Abam,5.53,11.3,n,,,,,,,,,,,,,,,,,,,,,,,,,,,,,,,,,,
AV06,E45,2009,Tshe,5.8,12.0,n,,,,,,,,,,,,,,,,,,,,,,,,,,,,,,,,,,
AV06,E45,2009,Tshe,7.8,13.7,n,,,,,,,,,,,,,,,,,,,,,,,,,,,,,,,,,,
AV06,E45,2009,Abam,7.75,15.1,n,,,,,,,,,,,,,,,,,,,,,,,,,,,,,,,,,,
AV06,E45,2009,Abam,7.44,15.9,n,,,,,,,,,,,,,,,,,,,,,,,,,,,,,,,,,,
AV06,E45,2009,Abam,8.73,16.0,n,,,,,,,,,,,,,,,,,,,,,,,,,,,,,,,,,,
AV06,E45,2009,Thpl,4.91,17.5,n,,,,,,,,,,,,,,,,,,,,,,,,,,,,,,,,,,
AV06,E45,2009,Abam,3.35,27.1,n,,,,,,,,,,,,,,,,,,,,,,,,,,,,,,,,,,
AV06,E45,2009,Abam,6.95,28.5,n,,,,,,,,,,,,,,,,,,,,,,,,,,,,,,,,,,
AV06,E45,2009,Thpl,1.38,35.1,n,,,,,,,,,,,,,,,,,,,,,,,,,,,,,,,,,,
AV06,E45,2009,Abam,6.3,37.9,n,,,,,,,,,,,,,,,,,,,,,,,,,,,,,,,,,,
AV06,E45,2009,Abam,2.81,40.0,y,,,,,,,,,,,,,,,,,,,,,,,,,,,,,,,,,,
AV06,E45,2009,Abam,4.27,41.3,n,,,,,,,,,,,,,,,,,,,,,,,,,,,,,,,,,,
AV06,E45,2009,Abam,6.9,47.5,y,,,,,,,,,,,,,,,,,,,,,,,,,,,,,,,,,,
AV06,E45,2009,Abam,7.42,61.7,y,,,,,,,,,,,,,,,,,,,,,,,,,,,,,,,,,,
AV06,E53,2009,Thpl,9.78,82.0,n,E51,,,,,,,,,,,,,,,,,,,,,,,,,,,,,,,,,
AV06,E53,2009,Abam,5,10.9,n,,,,,,,,,,,,,,,,,,,,,,,,,,,,,,,,,,
AV06,E53,2009,Abam,5.71,13.0,n,,,,,,,,,,,,,,,,,,,,,,,,,,,,,,,,,,
AV06,E53,2009,Abam,2.3,13.8,n,,,,,,,,,,,,,,,,,,,,,,,,,,,,,,,,,,
AV06,E53,2009,Abam,9.89,14.3,n,,,,,,,,,,,,,,,,,,,,,,,,,,,,,,,,,,
AV06,E53,2009,Abam,3.58,15.5,n,,,,,,,,,,,,,,,,,,,,,,,,,,,,,,,,,,
AV06,E53,2009,Abam,9.01,15.8,n,,,,,,,,,,,,,,,,,,,,,,,,,,,,,,,,,,
AV06,E53,2009,Abam,5.91,19.0,n,,,,,,,,,,,,,,,,,,,,,,,,,,,,,,,,,,
AV06,E53,2009,Abam,6.05,30.2,n,,,,,,,,,,,,,,,,,,,,,,,,,,,,,,,,,,
AV06,E53,2009,Abam,7.97,36.6,n,,,,,,,,,,,,,,,,,,,,,,,,,,,,,,,,,,
AV06,E53,2009,Abam,9.76,40.6,y,,,,,,,,,,,,,,,,,,,,,,,,,,,,,,,,,,
AV06,E53,2009,Abam,5.88,50.5,y,,,,,,,,,,,,,,,,,,,,,,,,,,,,,,,,,,
AV06,E53,2009,Tshe,9.39,94.5,y,,,,,,,,,,,,,,,,,,,,,,,,,,,,,,,,,,
AV06,E53,2009,Psme,9.69,103.8,y,,,,,,,,,,,,,,,,,,,,,,,,,,,,,,,,,,
AV06,E55,2009,Abam,2.77,11.4,n,,,,,,,,,,,,,,,,,,,,,,,,,,,,,,,,,,
AV06,E55,2009,Abam,6.39,12.4,n,,,,,,,,,,,,,,,,,,,,,,,,,,,,,,,,,,
AV06,E55,2009,Abam,7.44,12.4,n,,,,,,,,,,,,,,,,,,,,,,,,,,,,,,,,,,
AV06,E55,2009,Thpl,6.8,14.5,n,,,,,,,,,,,,,,,,,,,,,,,,,,,,,,,,,,
AV06,E55,2009,Abam,9.2,15.6,n,,,,,,,,,,,,,,,,,,,,,,,,,,,,,,,,,,
AV06,E55,2009,Abam,7.54,17.3,n,,,,,,,,,,,,,,,,,,,,,,,,,,,,,,,,,,
AV06,E55,2009,Abam,7.43,17.8,n,,,,,,,,,,,,,,,,,,,,,,,,,,,,,,,,,,
AV06,E55,2009,Abam,1.42,18.8,n,,,,,,,,,,,,,,,,,,,,,,,,,,,,,,,,,,
AV06,E55,2009,Abam,9.88,19.5,n,,,,,,,,,,,,,,,,,,,,,,,,,,,,,,,,,,
AV06,E55,2009,Abam,6.75,21.9,n,,,,,,,,,,,,,,,,,,,,,,,,,,,,,,,,,,
AV06,E55,2009,Abam,5.65,23.1,n,,,,,,,,,,,,,,,,,,,,,,,,,,,,,,,,,,
AV06,E55,2009,Abam,2.3,23.9,n,,,,,,,,,,,,,,,,,,,,,,,,,,,,,,,,,,
AV06,E55,2009,Abam,2.88,24.4,n,,,,,,,,,,,,,,,,,,,,,,,,,,,,,,,,,,
AV06,E55,2009,Abam,6.75,25.9,n,,,,,,,,,,,,,,,,,,,,,,,,,,,,,,,,,,
AV06,E55,2009,Abam,5.81,27.6,n,,,,,,,,,,,,,,,,,,,,,,,,,,,,,,,,,,
AV06,E55,2009,Abam,9.05,30.8,n,,,,,,,,,,,,,,,,,,,,,,,,,,,,,,,,,,
AV06,E55,2009,Abam,2.8,31.2,n,,,,,,,,,,,,,,,,,,,,,,,,,,,,,,,,,,
AV06,E55,2009,Thpl,9.75,37.6,n,,,,,,,,,,,,,,,,,,,,,,,,,,,,,,,,,,
AV06,E55,2009,Abam,8.61,44.4,y,,,,,,,,,,,,,,,,,,,,,,,,,,,,,,,,,,
AV06,E55,2009,Abam,4.08,47.0,y,,,,,,,,,,,,,,,,,,,,,,,,,,,,,,,,,,
AV06,E55,2009,Thpl,4.76,107.4,y,,,,,,,,,,,,,,,,,,,,,,,,,,,,,,,,,,
AV06,E56,2009,Abam,7.09,10.1,n,,,,,,,,,,,,,,,,,,,,,,,,,,,,,,,,,,
AV06,E56,2009,Tshe,9.61,10.8,n,,,,,,,,,,,,,,,,,,,,,,,,,,,,,,,,,,
AV06,E56,2009,Tshe,6.23,10.9,n,,,,,,,,,,,,,,,,,,,,,,,,,,,,,,,,,,
AV06,E56,2009,Tshe,4.38,11.6,n,,,,,,,,,,,,,,,,,,,,,,,,,,,,,,,,,,
AV06,E56,2009,Tshe,9.92,11.9,n,,,,,,,,,,,,,,,,,,,,,,,,,,,,,,,,,,
AV06,E56,2009,Abam,5.14,12.3,n,,,,,,,,,,,,,,,,,,,,,,,,,,,,,,,,,,
AV06,E56,2009,Abam,1.72,13.0,n,,,,,,,,,,,,,,,,,,,,,,,,,,,,,,,,,,
AV06,E56,2009,Tshe,7.52,14.6,n,,,,,,,,,,,,,,,,,,,,,,,,,,,,,,,,,,
AV06,E56,2009,Tshe,3.19,16.3,n,,,,,,,,,,,,,,,,,,,,,,,,,,,,,,,,,,
AV06,E56,2009,Abam,8.67,22.3,n,,,,,,,,,,,,,,,,,,,,,,,,,,,,,,,,,,
AV06,E56,2009,Abam,8.14,22.4,n,,,,,,,,,,,,,,,,,,,,,,,,,,,,,,,,,,
AV06,E56,2009,Tshe,2.44,23.3,n,,,,,,,,,,,,,,,,,,,,,,,,,,,,,,,,,,
AV06,E56,2009,Abam,9.93,24.1,n,,,,,,,,,,,,,,,,,,,,,,,,,,,,,,,,,,
AV06,E56,2009,Abam,9.41,26.6,n,,,,,,,,,,,,,,,,,,,,,,,,,,,,,,,,,,
AV06,E56,2009,Tshe,7.65,27.0,n,,,,,,,,,,,,,,,,,,,,,,,,,,,,,,,,,,
AV06,E56,2009,Abam,9.32,30.6,n,,,,,,,,,,,,,,,,,,,,,,,,,,,,,,,,,,
AV06,E56,2009,Thpl,9.2,31.5,n,,,,,,,,,,,,,,,,,,,,,,,,,,,,,,,,,,
AV06,E56,2009,Tshe,7.06,31.6,n,,,,,,,,,,,,,,,,,,,,,,,,,,,,,,,,,,
AV06,E56,2009,Abam,3.99,32.0,n,,,,,,,,,,,,,,,,,,,,,,,,,,,,,,,,,,
AV06,E56,2009,Abam,3.89,61.0,y,,,,,,,,,,,,,,,,,,,,,,,,,,,,,,,,,,
AV06,E60,2009,Abam,7.21,10.3,n,,,,,,,,,,,,,,,,,,,,,,,,,,,,,,,,,,
AV06,E60,2009,Tshe,5.9,10.6,n,,,,,,,,,,,,,,,,,,,,,,,,,,,,,,,,,,
AV06,E60,2009,Tshe,6.88,11.6,n,,,,,,,,,,,,,,,,,,,,,,,,,,,,,,,,,,
AV06,E60,2009,Abam,9.25,16.4,n,,,,,,,,,,,,,,,,,,,,,,,,,,,,,,,,,,
AV06,E60,2009,Tshe,7.39,19.2,n,,,,,,,,,,,,,,,,,,,,,,,,,,,,,,,,,,
AV06,E60,2009,Tshe,5.95,19.6,n,,,,,,,,,,,,,,,,,,,,,,,,,,,,,,,,,,
AV06,E60,2009,Abam,9.56,20.0,n,,,,,,,,,,,,,,,,,,,,,,,,,,,,,,,,,,
AV06,E60,2009,Tshe,7.69,27.3,n,,,,,,,,,,,,,,,,,,,,,,,,,,,,,,,,,,
AV06,E60,2009,Abam,5.2,47.5,y,,,,,,,,,,,,,,,,,,,,,,,,,,,,,,,,,,
AV06,E60,2009,Tshe,8.12,48.6,y,,,,,,,,,,,,,,,,,,,,,,,,,,,,,,,,,,
AV06,E60,2009,Abam,5.47,54.8,y,,,,,,,,,,,,,,,,,,,,,,,,,,,,,,,,,,
AV06,E60,2009,Abam,9.65,57.4,y,,,,,,,,,,,,,,,,,,,,,,,,,,,,,,,,,,
TO04,A53,2009,Abam,6.26,10.2,n,,,,,,,,,,,,,,,,,,,,,,,,,,,,,,,,,,
TO04,A53,2009,Thpl,7.75,12.2,n,,,,,,,,,,,,,,,,,,,,,,,,,,,,,,,,,,
TO04,A53,2009,Abam,4.09,12.9,n,,,,,,,,,,,,,,,,,,,,,,,,,,,,,,,,,,
TO04,A53,2009,Abam,7.17,18.7,n,,,,,,,,,,,,,,,,,,,,,,,,,,,,,,,,,,
TO04,A53,2009,Abam,4.57,20.6,n,,,,,,,,,,,,,,,,,,,,,,,,,,,,,,,,,,
TO04,A53,2009,Acci,2.61,26.0,n,,,,,,,,,,,,,,,,,,,,,,,,,,,,,,,,,,
TO04,A53,2009,Tshe,6.92,26.7,n,,,,,,,,,,,,,,,,,,,,,,,,,,,,,,,,,,
TO04,A53,2009,Abam,8.15,27.8,n,,,,,,,,,,,,,,,,,,,,,,,,,,,,,,,,,,
TO04,A53,2009,Abam,9.91,28.1,n,,,,,,,,,,,,,,,,,,,,,,,,,,,,,,,,,,
TO04,A53,2009,Abam,6.52,30.2,n,,,,,,,,,,,,,,,,,,,,,,,,,,,,,,,,,,
TO04,A53,2009,Abam,9.28,32.2,n,,,,,,,,,,,,,,,,,,,,,,,,,,,,,,,,,,
TO04,A53,2009,Alru,9.78,34.3,n,,,,,,,,,,,,,,,,,,,,,,,,,,,,,,,,,,
TO04,A53,2009,Abam,3.52,35.6,n,,,,,,,,,,,,,,,,,,,,,,,,,,,,,,,,,,
TO04,A53,2009,Tshe,4.62,36.3,n,,,,,,,,,,,,,,,,,,,,,,,,,,,,,,,,,,
TO04,A53,2009,Abam,9.83,40.0,n,,,,,,,,,,,,,,,,,,,,,,,,,,,,,,,,,,
TO04,A53,2009,Abam,0.61,42.1,n,,,,,,,,,,,,,,,,,,,,,,,,,,,,,,,,,,
TO04,A53,2009,Abam,9.1,59.5,y,,,,,,,,,,,,,,,,,,,,,,,,,,,,,,,,,,
TO04,A53,2009,Thpl,4.43,158.5,y,,,,,,,,,,,,,,,,,,,,,,,,,,,,,,,,,,
TO04,A53,2009,Thpl,3.16,192.0,y,,,,,,,,,,,,,,,,,,,,,,,,,,,,,,,,,,
TO04,A53,2009,Thpl,9.09,214.5,y,,,,,,,,,,,,,,,,,,,,,,,,,,,,,,,,,,
TO04,A54,2009,Tshe,3.67,11.9,n,,,,,,,,,,,,,,,,,,,,,,,,,,,,,,,,,,
TO04,A54,2009,Tshe,4.84,12.3,n,,,,,,,,,,,,,,,,,,,,,,,,,,,,,,,,,,
TO04,A54,2009,Tshe,2.8,12.7,n,,,,,,,,,,,,,,,,,,,,,,,,,,,,,,,,,,
TO04,A54,2009,Abam,9.35,14.6,n,,,,,,,,,,,,,,,,,,,,,,,,,,,,,,,,,,
TO04,A54,2009,Tshe,3.94,16.0,n,,,,,,,,,,,,,,,,,,,,,,,,,,,,,,,,,,
TO04,A54,2009,Abam,9.67,16.1,n,,,,,,,,,,,,,,,,,,,,,,,,,,,,,,,,,,
TO04,A54,2009,Tshe,2.13,17.4,n,,,,,,,,,,,,,,,,,,,,,,,,,,,,,,,,,,
TO04,A54,2009,Tshe,4.43,17.4,n,,,,,,,,,,,,,,,,,,,,,,,,,,,,,,,,,,
TO04,A54,2009,Tshe,4.29,17.8,n,,,,,,,,,,,,,,,,,,,,,,,,,,,,,,,,,,
TO04,A54,2009,Tshe,1.49,18.3,n,,,,,,,,,,,,,,,,,,,,,,,,,,,,,,,,,,
TO04,A54,2009,Tshe,2.31,19.2,n,,,,,,,,,,,,,,,,,,,,,,,,,,,,,,,,,,
TO04,A54,2009,Abam,6.32,23.2,n,,,,,,,,,,,,,,,,,,,,,,,,,,,,,,,,,,
TO04,A54,2009,Tshe,3.21,25.5,n,,,,,,,,,,,,,,,,,,,,,,,,,,,,,,,,,,
TO04,A54,2009,Abam,4.99,27.8,n,,,,,,,,,,,,,,,,,,,,,,,,,,,,,,,,,,
TO04,A54,2009,Alru,7.77,34.6,n,,,,,,,,,,,,,,,,,,,,,,,,,,,,,,,,,,
TO04,A54,2009,Tshe,6.48,55.8,n,,,,,,,,,,,,,,,,,,,,,,,,,,,,,,,,,,
TO04,A54,2009,Thpl,8.83,158.5,y,,,,,,,,,,,,,,,,,,,,,,,,,,,,,,,,,,
TO04,A54,2009,Thpl,7.89,168.0,y,,,,,,,,,,,,,,,,,,,,,,,,,,,,,,,,,,
TO04,A55,2009,Tshe,7.97,11.7,n,,,,,,,,,,,,,,,,,,,,,,,,,,,,,,,,,,
TO04,A55,2009,Abam,4.64,13.5,n,,,,,,,,,,,,,,,,,,,,,,,,,,,,,,,,,,
TO04,A55,2009,Thpl,9.62,31.4,n,,,,,,,,,,,,,,,,,,,,,,,,,,,,,,,,,,
TO04,A55,2009,Abam,0.67,33.2,n,,,,,,,,,,,,,,,,,,,,,,,,,,,,,,,,,,
TO04,A55,2009,Tshe,6.96,38.4,n,,,,,,,,,,,,,,,,,,,,,,,,,,,,,,,,,,
TO04,A55,2009,Tshe,6.39,71.2,y,,,,,,,,,,,,,,,,,,,,,,,,,,,,,,,,,,
TO04,A55,2009,Thpl,8.56,90.5,y,,,,,,,,,,,,,,,,,,,,,,,,,,,,,,,,,,
TO04,A55,2009,Thpl,5.03,107.5,y,,,,,,,,,,,,,,,,,,,,,,,,,,,,,,,,,,
TO04,A56,2009,Abam,7.67,22.1,n,Dead?,,,,,,,,,,,,,,,,,,,,,,,,,,,,,,,,,
TO04,A56,2009,Thpl,6.93,11.0,n,,,,,,,,,,,,,,,,,,,,,,,,,,,,,,,,,,
TO04,A56,2009,Tshe,7.93,14.9,n,,,,,,,,,,,,,,,,,,,,,,,,,,,,,,,,,,
TO04,A56,2009,Abam,8.75,17.5,n,,,,,,,,,,,,,,,,,,,,,,,,,,,,,,,,,,
TO04,A56,2009,Tshe,9.36,17.6,n,,,,,,,,,,,,,,,,,,,,,,,,,,,,,,,,,,
TO04,A56,2009,Abam,8.53,22.4,n,,,,,,,,,,,,,,,,,,,,,,,,,,,,,,,,,,
TO04,A56,2009,Abam,4.96,25.4,n,,,,,,,,,,,,,,,,,,,,,,,,,,,,,,,,,,
TO04,A56,2009,Abam,5.34,26.3,n,,,,,,,,,,,,,,,,,,,,,,,,,,,,,,,,,,
TO04,A56,2009,Tshe,9.4,29.9,n,,,,,,,,,,,,,,,,,,,,,,,,,,,,,,,,,,
TO04,A56,2009,Abam,8.2,32.5,n,,,,,,,,,,,,,,,,,,,,,,,,,,,,,,,,,,
TO04,A56,2009,Abam,9.09,39.2,n,,,,,,,,,,,,,,,,,,,,,,,,,,,,,,,,,,
TO04,A56,2009,Abam,5.51,44.3,n,,,,,,,,,,,,,,,,,,,,,,,,,,,,,,,,,,
TO04,A56,2009,Abam,8.27,49.7,n,,,,,,,,,,,,,,,,,,,,,,,,,,,,,,,,,,
TO04,A56,2009,Tshe,8.56,55.2,n,,,,,,,,,,,,,,,,,,,,,,,,,,,,,,,,,,
TO04,A56,2009,Tshe,5.99,57.7,y,,,,,,,,,,,,,,,,,,,,,,,,,,,,,,,,,,
TO04,A56,2009,Tshe,6.59,57.8,n,,,,,,,,,,,,,,,,,,,,,,,,,,,,,,,,,,
TO04,A56,2009,Abam,9.66,57.8,n,,,,,,,,,,,,,,,,,,,,,,,,,,,,,,,,,,
TO04,A56,2009,Tshe,5.26,65.2,y,,,,,,,,,,,,,,,,,,,,,,,,,,,,,,,,,,
TO04,A56,2009,Tshe,9.84,76.7,n,,,,,,,,,,,,,,,,,,,,,,,,,,,,,,,,,,
TO04,A56,2009,Thpl,8.11,105.3,n,,,,,,,,,,,,,,,,,,,,,,,,,,,,,,,,,,
TO04,A79,2009,Tshe,8.33,10.4,n,,,,,,,,,,,,,,,,,,,,,,,,,,,,,,,,,,
TO04,A79,2009,Tshe,5.81,10.5,n,,,,,,,,,,,,,,,,,,,,,,,,,,,,,,,,,,
TO04,A79,2009,Tshe,8.49,10.8,n,,,,,,,,,,,,,,,,,,,,,,,,,,,,,,,,,,
TO04,A79,2009,Tshe,8.39,11.0,n,,,,,,,,,,,,,,,,,,,,,,,,,,,,,,,,,,
TO04,A79,2009,Tshe,4.93,11.7,n,,,,,,,,,,,,,,,,,,,,,,,,,,,,,,,,,,
TO04,A79,2009,Tshe,6.29,11.8,n,,,,,,,,,,,,,,,,,,,,,,,,,,,,,,,,,,
TO04,A79,2009,Tshe,7.27,12.5,n,,,,,,,,,,,,,,,,,,,,,,,,,,,,,,,,,,
TO04,A79,2009,Tshe,6.51,16.5,n,,,,,,,,,,,,,,,,,,,,,,,,,,,,,,,,,,
TO04,A79,2009,Tshe,7.91,20.6,n,,,,,,,,,,,,,,,,,,,,,,,,,,,,,,,,,,
TO04,A79,2009,Tshe,9.09,28.8,n,,,,,,,,,,,,,,,,,,,,,,,,,,,,,,,,,,
TO04,A79,2009,Psme,7.81,47.3,n,,,,,,,,,,,,,,,,,,,,,,,,,,,,,,,,,,
TO04,A79,2009,Psme,6.8,50.9,y,,,,,,,,,,,,,,,,,,,,,,,,,,,,,,,,,,
TO04,A79,2009,Tshe,9.1,53.6,n,,,,,,,,,,,,,,,,,,,,,,,,,,,,,,,,,,
TO04,A79,2009,Tshe,3.19,54.0,y,,,,,,,,,,,,,,,,,,,,,,,,,,,,,,,,,,
TO04,A79,2009,Tshe,6.8,54.9,y,,,,,,,,,,,,,,,,,,,,,,,,,,,,,,,,,,
TO04,A79,2009,Psme,6.49,64.9,y,,,,,,,,,,,,,,,,,,,,,,,,,,,,,,,,,,
TO04,A79,2009,Psme,3.02,65.0,y,,,,,,,,,,,,,,,,,,,,,,,,,,,,,,,,,,
TO04,A79,2009,Psme,9.08,75.4,y,,,,,,,,,,,,,,,,,,,,,,,,,,,,,,,,,,
TO04,A79,2009,Psme,5.11,86.9,y,,,,,,,,,,,,,,,,,,,,,,,,,,,,,,,,,,
TO04,A79,2009,Psme,8.26,105.7,y,,,,,,,,,,,,,,,,,,,,,,,,,,,,,,,,,,
TO04,A80,2009,Abam,2.55,10.9,n,,,,,,,,,,,,,,,,,,,,,,,,,,,,,,,,,,
TO04,A80,2009,Thpl,3.88,11.0,n,,,,,,,,,,,,,,,,,,,,,,,,,,,,,,,,,,
TO04,A80,2009,Abam,5.79,12.2,n,,,,,,,,,,,,,,,,,,,,,,,,,,,,,,,,,,
TO04,A80,2009,Tshe,3.55,17.5,n,,,,,,,,,,,,,,,,,,,,,,,,,,,,,,,,,,
TO04,A80,2009,Abam,9.21,18.3,n,,,,,,,,,,,,,,,,,,,,,,,,,,,,,,,,,,
TO04,A80,2009,Abam,9.64,21.7,n,,,,,,,,,,,,,,,,,,,,,,,,,,,,,,,,,,
TO04,A80,2009,Abam,2.61,22.0,n,,,,,,,,,,,,,,,,,,,,,,,,,,,,,,,,,,
TO04,A80,2009,Abam,4.9,24.7,n,,,,,,,,,,,,,,,,,,,,,,,,,,,,,,,,,,
TO04,A80,2009,Abam,4.8,25.2,n,,,,,,,,,,,,,,,,,,,,,,,,,,,,,,,,,,
TO04,A80,2009,Abam,4.3,27.4,n,,,,,,,,,,,,,,,,,,,,,,,,,,,,,,,,,,
TO04,A80,2009,Tshe,7.7,27.7,n,,,,,,,,,,,,,,,,,,,,,,,,,,,,,,,,,,
TO04,A80,2009,Tshe,9.13,29.8,n,,,,,,,,,,,,,,,,,,,,,,,,,,,,,,,,,,
TO04,A80,2009,Abam,9.95,31.7,n,,,,,,,,,,,,,,,,,,,,,,,,,,,,,,,,,,
TO04,A80,2009,Abam,8.63,32.4,n,,,,,,,,,,,,,,,,,,,,,,,,,,,,,,,,,,
TO04,A80,2009,Abam,1.74,33.1,n,,,,,,,,,,,,,,,,,,,,,,,,,,,,,,,,,,
TO04,A80,2009,Abam,8.93,40.0,n,,,,,,,,,,,,,,,,,,,,,,,,,,,,,,,,,,
TO04,A80,2009,Abam,1.08,40.5,n,,,,,,,,,,,,,,,,,,,,,,,,,,,,,,,,,,
TO04,A80,2009,Abam,6.58,47.4,y,,,,,,,,,,,,,,,,,,,,,,,,,,,,,,,,,,
TO04,A80,2009,Abam,9.82,51.5,y,,,,,,,,,,,,,,,,,,,,,,,,,,,,,,,,,,
TO04,A80,2009,Abam,5.66,58.1,y,,,,,,,,,,,,,,,,,,,,,,,,,,,,,,,,,,
TO04,A80,2009,Tshe,5.5,63.5,y,,,,,,,,,,,,,,,,,,,,,,,,,,,,,,,,,,
AV14,K10,2011,Abam,0.33,31.0,n,,,,,,,,,,,,,,,,,,,,,,,,,,,,,,,,,,
AV14,K10,2011,Tshe,7.5,51.7,y,,,,,,,,,,,,,,,,,,,,,,,,,,,,,,,,,,
AV14,K10,2011,Tshe,8.57,30.3,n,,,,,,,,,,,,,,,,,,,,,,,,,,,,,,,,,,
AV14,K10,2011,Tshe,5.09,20.1,n,,,,,,,,,,,,,,,,,,,,,,,,,,,,,,,,,,
AV14,K10,2011,Tshe,8.78,39.4,y,,,,,,,,,,,,,,,,,,,,,,,,,,,,,,,,,,
AV14,K10,2011,Tshe,9.7,75.0,y,,,,,,,,,,,,,,,,,,,,,,,,,,,,,,,,,,
AV14,K10,2011,Abam,8.31,28.1,n,,,,,,,,,,,,,,,,,,,,,,,,,,,,,,,,,,
AV14,K10,2011,Tshe,0.33,110.2,y,K9,,,,,,,,,,,,,,,,,,,,,,,,,,,,,,,,,
AV14,K10,2011,Tshe,6.05,92.2,y,,,,,,,,,,,,,,,,,,,,,,,,,,,,,,,,,,
AV14,K10,2011,Abam,8.71,21.8,n,,,,,,,,,,,,,,,,,,,,,,,,,,,,,,,,,,
AV14,K25,2011,Tshe,0.42,14.3,n,,,,,,,,,,,,,,,,,,,,,,,,,,,,,,,,,,
AV14,K25,2011,Tshe,4.36,23.7,n,,,,,,,,,,,,,,,,,,,,,,,,,,,,,,,,,,
AV14,K25,2011,Abam,5.42,47.9,y,,,,,,,,,,,,,,,,,,,,,,,,,,,,,,,,,,
AV14,K25,2011,Tshe,8.67,14.2,n,,,,,,,,,,,,,,,,,,,,,,,,,,,,,,,,,,
AV14,K25,2011,Abam,6.07,35.1,y,,,,,,,,,,,,,,,,,,,,,,,,,,,,,,,,,,
AV14,K25,2011,Abam ,6.53,10.8,n,,,,,,,,,,,,,,,,,,,,,,,,,,,,,,,,,,
AV14,K25,2011,Abam,8.62,21.5,n,,,,,,,,,,,,,,,,,,,,,,,,,,,,,,,,,,
AV14,K25,2011,Abam,9.73,58.7,y,,,,,,,,,,,,,,,,,,,,,,,,,,,,,,,,,,
AV14,K25,2011,Tshe,8.13,30.2,n,,,,,,,,,,,,,,,,,,,,,,,,,,,,,,,,,,
AV14,K07,2011,Tshe,0.91,26.3,n,,,,,,,,,,,,,,,,,,,,,,,,,,,,,,,,,,
AV14,K07,2011,Tshe,4.32,48.5,n,,,,,,,,,,,,,,,,,,,,,,,,,,,,,,,,,,
AV14,K07,2011,Abam,9.99,116,y,,,,,,,,,,,,,,,,,,,,,,,,,,,,,,,,,,
AV14,K07,2011,Tshe,4.74,100.9,y,,,,,,,,,,,,,,,,,,,,,,,,,,,,,,,,,,
AV14,K07,2011,Tshe,4.55,11.4,n,,,,,,,,,,,,,,,,,,,,,,,,,,,,,,,,,,
AV14,K07,2011,Abam,9.29,41.1,n,,,,,,,,,,,,,,,,,,,,,,,,,,,,,,,,,,
AV14,K07,2011,Tshe,7.08,49.2,n,,,,,,,,,,,,,,,,,,,,,,,,,,,,,,,,,,
AV14,K07,2011,Tshe,9.05,23.4,n,,,,,,,,,,,,,,,,,,,,,,,,,,,,,,,,,,
AV14,K07,2011,Tshe,8.06,23.5,n,,,,,,,,,,,,,,,,,,,,,,,,,,,,,,,,,,
AV14,K07,2011,Abam,3.48,102.3,y,,,,,,,,,,,,,,,,,,,,,,,,,,,,,,,,,,
AV14,K07,2011,Tshe,7,84.5,y,,,,,,,,,,,,,,,,,,,,,,,,,,,,,,,,,,
AV14,K06,2011,Tshe,7.7,105.3,y,,,,,,,,,,,,,,,,,,,,,,,,,,,,,,,,,,
AV14,K06,2011,Tshe,5.85,112.5,y,,,,,,,,,,,,,,,,,,,,,,,,,,,,,,,,,,
AV14,K06,2011,Abam,9.89,11.6,n,,,,,,,,,,,,,,,,,,,,,,,,,,,,,,,,,,
AV14,K06,2011,Tshe,4.9,17.7,n,,,,,,,,,,,,,,,,,,,,,,,,,,,,,,,,,,
AV14,K06,2011,Tshe,9.9,15.2,n,,,,,,,,,,,,,,,,,,,,,,,,,,,,,,,,,,
AV14,K06,2011,Abam,7.36,95.7,y,,,,,,,,,,,,,,,,,,,,,,,,,,,,,,,,,,
AV14,K06,2011,Abam,7.9,17.7,n,,,,,,,,,,,,,,,,,,,,,,,,,,,,,,,,,,
AV14,K06,2011,Tshe,8.59,15,n,,,,,,,,,,,,,,,,,,,,,,,,,,,,,,,,,,
AV14,K06,2011,Tshe,2.2,15.2,n,,,,,,,,,,,,,,,,,,,,,,,,,,,,,,,,,,
AV14,K06,2011,Tshe,2.77,26.7,n,,,,,,,,,,,,,,,,,,,,,,,,,,,,,,,,,,
AV14,K06,2011,Abam,4.57,34.2,n,,,,,,,,,,,,,,,,,,,,,,,,,,,,,,,,,,
AV14,K06,2011,Abam,8.91,17.4,n,,,,,,,,,,,,,,,,,,,,,,,,,,,,,,,,,,
AV14,K21,2011,Abam,7.54,34.6,y,,,,,,,,,,,,,,,,,,,,,,,,,,,,,,,,,,
AV14,K21,2011,Tshe,8.8,12.9,n,,,,,,,,,,,,,,,,,,,,,,,,,,,,,,,,,,
AV14,K21,2011,Abam,6.77,74.2,y,,,,,,,,,,,,,,,,,,,,,,,,,,,,,,,,,,
AV14,K21,2011,Tshe,5.44,15.1,n,,,,,,,,,,,,,,,,,,,,,,,,,,,,,,,,,,
AV14,K21,2011,Tshe,9.53,47.8,n,,,,,,,,,,,,,,,,,,,,,,,,,,,,,,,,,,
AV14,K21,2011,Abam,6.04,88,y,,,,,,,,,,,,,,,,,,,,,,,,,,,,,,,,,,
AV14,K21,2011,Tshe,3.81,39.7,n,,,,,,,,,,,,,,,,,,,,,,,,,,,,,,,,,,
AV14,K21,2011,Tshe,6.41,46,y,,,,,,,,,,,,,,,,,,,,,,,,,,,,,,,,,,
AV14,K21,2011,Tshe,6.65,45.7,y,,,,,,,,,,,,,,,,,,,,,,,,,,,,,,,,,,
AV14,K21,2011,Abam,8.12,58.7,y,,,,,,,,,,,,,,,,,,,,,,,,,,,,,,,,,,
AV14,K21,2011,Tshe,9.58,22.5,n,,,,,,,,,,,,,,,,,,,,,,,,,,,,,,,,,,
AV14,K21,2011,Tshe,6.04,26.4,n,,,,,,,,,,,,,,,,,,,,,,,,,,,,,,,,,,
AV14,K21,2011,Abam,6.81,42.9,n,,,,,,,,,,,,,,,,,,,,,,,,,,,,,,,,,,
AV14,K21,2011,Tshe,3.5,19.4,n,,,,,,,,,,,,,,,,,,,,,,,,,,,,,,,,,,
AV14,K21,2011,Abam,6.28,20.2,n,,,,,,,,,,,,,,,,,,,,,,,,,,,,,,,,,,
AV14,K24,2011,Abam,7.54,84.8,y,,,,,,,,,,,,,,,,,,,,,,,,,,,,,,,,,,
AV14,K24,2011,Abam,8.8,10.3,n,,,,,,,,,,,,,,,,,,,,,,,,,,,,,,,,,,
AV14,K24,2011,Tshe,6.77,12.5,n,,,,,,,,,,,,,,,,,,,,,,,,,,,,,,,,,,
AV14,K24,2011,Abam,5.44,35.6,n,,,,,,,,,,,,,,,,,,,,,,,,,,,,,,,,,,
AV14,K24,2011,Tshe,9.53,15.3,n,,,,,,,,,,,,,,,,,,,,,,,,,,,,,,,,,,
AV14,K24,2011,Tshe,6.04,15.4,n,,,,,,,,,,,,,,,,,,,,,,,,,,,,,,,,,,
AV14,K24,2011,Abam,3.81,47.7,y,,,,,,,,,,,,,,,,,,,,,,,,,,,,,,,,,,
AV14,K24,2011,Tshe,6.41,18.4,n,,,,,,,,,,,,,,,,,,,,,,,,,,,,,,,,,,
AV14,K24,2011,Tshe,6.65,26.4,n,,,,,,,,,,,,,,,,,,,,,,,,,,,,,,,,,,
AV14,K24,2011,Tshe,8.12,18,n,,,,,,,,,,,,,,,,,,,,,,,,,,,,,,,,,,
AV14,K24,2011,Abam,9.58,93.1,y,,,,,,,,,,,,,,,,,,,,,,,,,,,,,,,,,,
AV14,K24,2011,Tshe,6.04,21.3,n,,,,,,,,,,,,,,,,,,,,,,,,,,,,,,,,,,
AV14,K24,2011,Abam,6.81,15.6,n,,,,,,,,,,,,,,,,,,,,,,,,,,,,,,,,,,
AV14,K24,2011,Tshe,3.5,58,y,,,,,,,,,,,,,,,,,,,,,,,,,,,,,,,,,,
AV14,K24,2011,Tshe,6.28,50.8,y,,,,,,,,,,,,,,,,,,,,,,,,,,,,,,,,,,
AV14,K22,2011,Tshe,2.33,25.8,n,,,,,,,,,,,,,,,,,,,,,,,,,,,,,,,,,,
AV14,K22,2011,Abam,9.81,83.4,y,,,,,,,,,,,,,,,,,,,,,,,,,,,,,,,,,,
AV14,K22,2011,Abam,9.07,12,n,,,,,,,,,,,,,,,,,,,,,,,,,,,,,,,,,,
AV14,K22,2011,Tshe,8.56,11.5,n,,,,,,,,,,,,,,,,,,,,,,,,,,,,,,,,,,
AV14,K22,2011,Tshe,6.14,21.7,n,,,,,,,,,,,,,,,,,,,,,,,,,,,,,,,,,,
AV14,K22,2011,Tshe,9.9,10,n,,,,,,,,,,,,,,,,,,,,,,,,,,,,,,,,,,
AV14,K22,2011,Tshe,6.52,16.6,n,,,,,,,,,,,,,,,,,,,,,,,,,,,,,,,,,,
AV14,K22,2011,Abam,6.65,65.8,y,,,,,,,,,,,,,,,,,,,,,,,,,,,,,,,,,,
AV14,K22,2011,Tshe,9,38.1,y,,,,,,,,,,,,,,,,,,,,,,,,,,,,,,,,,,
AV14,K22,2011,Tshe,10,17.4,n,,,,,,,,,,,,,,,,,,,,,,,,,,,,,,,,,,
AV14,K22,2011,Tshe,2,17.3,n,,,,,,,,,,,,,,,,,,,,,,,,,,,,,,,,,,
AV14,K22,2011,Abam,3.2,24.2,n,,,,,,,,,,,,,,,,,,,,,,,,,,,,,,,,,,
AV14,K22,2011,Tshe,4.62,38.1,y,,,,,,,,,,,,,,,,,,,,,,,,,,,,,,,,,,
AV14,K22,2011,Tshe,9.27,13.1,n,,,,,,,,,,,,,,,,,,,,,,,,,,,,,,,,,,
AV14,K22,2011,Tshe,5.2,13.2,n,,,,,,,,,,,,,,,,,,,,,,,,,,,,,,,,,,
AV14,K22,2011,Abam,3.84,72.4,y,,,,,,,,,,,,,,,,,,,,,,,,,,,,,,,,,,
AV14,K22,2011,Abam,4.85,12.4,n,,,,,,,,,,,,,,,,,,,,,,,,,,,,,,,,,,
AV14,K22,2011,Tshe,9.06,15.5,n,,,,,,,,,,,,,,,,,,,,,,,,,,,,,,,,,,
AV14,K29,2011,Tshe,0,84,y,,,,,,,,,,,,,,,,,,,,,,,,,,,,,,,,,,
AV14,K29,2011,Abam,0.07,17.2,n,,,,,,,,,,,,,,,,,,,,,,,,,,,,,,,,,,
AV14,K29,2011,Abam,1.54,22.6,n,,,,,,,,,,,,,,,,,,,,,,,,,,,,,,,,,,
AV14,K29,2011,Tsme,7.68,107.9,y,,,,,,,,,,,,,,,,,,,,,,,,,,,,,,,,,,
AV14,K29,2011,Cano,9.48,14.3,n,,,,,,,,,,,,,,,,,,,,,,,,,,,,,,,,,,
AV14,K29,2011,Abam,8.93,10.9,n,,,,,,,,,,,,,,,,,,,,,,,,,,,,,,,,,,
AV14,K29,2011,Abam,7.37,22.4,y,,,,,,,,,,,,,,,,,,,,,,,,,,,,,,,,,,
AV14,K29,2011,Tshe,7.64,115.8,y,,,,,,,,,,,,,,,,,,,,,,,,,,,,,,,,,,
AV14,K29,2011,Abam,9.63,16.7,n,,,,,,,,,,,,,,,,,,,,,,,,,,,,,,,,,,
AV14,K29,2011,Tshe,8.73,14.9,n,,,,,,,,,,,,,,,,,,,,,,,,,,,,,,,,,,
AV14,K29,2011,Tshe,3.63,10.9,n,,,,,,,,,,,,,,,,,,,,,,,,,,,,,,,,,,
AV14,K29,2011,Tshe,3.8,22.2,n,,,,,,,,,,,,,,,,,,,,,,,,,,,,,,,,,,
AV14,K29,2011,Abam,7.12,27.6,n,,,,,,,,,,,,,,,,,,,,,,,,,,,,,,,,,,
AV14,K29,2011,Abam,8.69,18.3,n,,,,,,,,,,,,,,,,,,,,,,,,,,,,,,,,,,
AV14,K29,2011,Tshe,4.29,19.4,n,,,,,,,,,,,,,,,,,,,,,,,,,,,,,,,,,,
AV14,K29,2011,Tshe,3.56,37.3,n,,,,,,,,,,,,,,,,,,,,,,,,,,,,,,,,,,
AV14,K29,2011,Abam,9.96,40.8,n,,,,,,,,,,,,,,,,,,,,,,,,,,,,,,,,,,
AV14,K29,2011,Abam,8.61,38.4,n,,,,,,,,,,,,,,,,,,,,,,,,,,,,,,,,,,
AV14,K29,2011,Tsme,7.31,118.5,y,,,,,,,,,,,,,,,,,,,,,,,,,,,,,,,,,,
AV14,K50,2011,Abam,7,79,n,,,,,,,,,,,,,,,,,,,,,,,,,,,,,,,,,,
AV14,K50,2011,Cano,2.99,14.3,n,,,,,,,,,,,,,,,,,,,,,,,,,,,,,,,,,,
AV14,K50,2011,Tsme,2.31,105.9,n,,,,,,,,,,,,,,,,,,,,,,,,,,,,,,,,,,
AV14,K50,2011,Tsme,8.77,104.3,y,,,,,,,,,,,,,,,,,,,,,,,,,,,,,,,,,,
AV14,K50,2011,Abam,8.66,29.4,y,,,,,,,,,,,,,,,,,,,,,,,,,,,,,,,,,,
AV14,K50,2011,Abam,6.23,18.1,n,,,,,,,,,,,,,,,,,,,,,,,,,,,,,,,,,,
AV14,K50,2011,Abam,5.53,42,n,,,,,,,,,,,,,,,,,,,,,,,,,,,,,,,,,,
AV14,K50,2011,Abam,4.89,89.4,n,,,,,,,,,,,,,,,,,,,,,,,,,,,,,,,,,,
AV14,K50,2011,Abam,5.15,10.9,n,,,,,,,,,,,,,,,,,,,,,,,,,,,,,,,,,,
AV14,K50,2011,Abam,8.45,16.7,n,,,,,,,,,,,,,,,,,,,,,,,,,,,,,,,,,,
AV14,K50,2011,Abam,6.37,22.2,n,,,,,,,,,,,,,,,,,,,,,,,,,,,,,,,,,,
AV14,K50,2011,Tshe,6.98,115.8,n,,,,,,,,,,,,,,,,,,,,,,,,,,,,,,,,,,
AV14,K50,2011,Tshe,7.83,10.9,n,,,,,,,,,,,,,,,,,,,,,,,,,,,,,,,,,,
AV14,K50,2011,Tshe,9.09,22.2,n,,,,,,,,,,,,,,,,,,,,,,,,,,,,,,,,,,
AV14,K50,2011,Abam,8.38,18.3,n,,,,,,,,,,,,,,,,,,,,,,,,,,,,,,,,,,
AV14,K50,2011,Abam,6.05,27,n,,,,,,,,,,,,,,,,,,,,,,,,,,,,,,,,,,
AV14,K50,2011,Tshe,7.48,84,y,,,,,,,,,,,,,,,,,,,,,,,,,,,,,,,,,,
AV14,K50,2011,Tsme,6.85,118.5,y,,,,,,,,,,,,,,,,,,,,,,,,,,,,,,,,,,
AV14,K53,2011,Abam,4,11.5,n,,,,,,,,,,,,,,,,,,,,,,,,,,,,,,,,,,
AV14,K53,2011,Abam,4.8,37.8,n,,,,,,,,,,,,,,,,,,,,,,,,,,,,,,,,,,
AV14,K53,2011,Tshe,5.04,11.2,n,,,,,,,,,,,,,,,,,,,,,,,,,,,,,,,,,,
AV14,K53,2011,Abam,7.46,11.6,n,,,,,,,,,,,,,,,,,,,,,,,,,,,,,,,,,,
AV14,K53,2011,Tshe,8.01,44.7,n,,,,,,,,,,,,,,,,,,,,,,,,,,,,,,,,,,
AV14,K53,2011,Tshe,1.25,70.2,y,,,,,,,,,,,,,,,,,,,,,,,,,,,,,,,,,,
AV14,K53,2011,Tshe,8.2,70.2,y,,,,,,,,,,,,,,,,,,,,,,,,,,,,,,,,,,
AV14,K53,2011,Cano,5.6,126.7,y,,,,,,,,,,,,,,,,,,,,,,,,,,,,,,,,,,
AV14,K53,2011,Abam,9.73,11.1,n,,,,,,,,,,,,,,,,,,,,,,,,,,,,,,,,,,
AV14,K53,2011,Abam,6.58,10.9,n,,,,,,,,,,,,,,,,,,,,,,,,,,,,,,,,,,
AV14,K51,2011,Abam,1.5,39.4,n,,,,,,,,,,,,,,,,,,,,,,,,,,,,,,,,,,
AV14,K51,2011,Tshe,7.03,13.3,n,,,,,,,,,,,,,,,,,,,,,,,,,,,,,,,,,,
AV14,K51,2011,Abam,6.73,31.5,n,,,,,,,,,,,,,,,,,,,,,,,,,,,,,,,,,,
AV14,K51,2011,Abam,7.58,53.3,n,,,,,,,,,,,,,,,,,,,,,,,,,,,,,,,,,,
AV14,K51,2011,Abam,7.49,20.1,n,,,,,,,,,,,,,,,,,,,,,,,,,,,,,,,,,,
AV14,K51,2011,Abam,6.18,44.6,n,,,,,,,,,,,,,,,,,,,,,,,,,,,,,,,,,,
AV14,K51,2011,Abam,2.47,14,n,,,,,,,,,,,,,,,,,,,,,,,,,,,,,,,,,,
AV14,K51,2011,Abam,5.02,111.7,y,,,,,,,,,,,,,,,,,,,,,,,,,,,,,,,,,,
AV14,K52,2011,Abam,3.3,11.9,n,,,,,,,,,,,,,,,,,,,,,,,,,,,,,,,,,,
AV14,K52,2011,Abam,1.69,92.2,n,,,,,,,,,,,,,,,,,,,,,,,,,,,,,,,,,,
AV14,K52,2011,Abam,6.14,10.6,n,,,,,,,,,,,,,,,,,,,,,,,,,,,,,,,,,,
AV14,K52,2011,Abam,7.03,32.9,n,,,,,,,,,,,,,,,,,,,,,,,,,,,,,,,,,,
AV14,K52,2011,Abam,7.88,42.5,y,,,,,,,,,,,,,,,,,,,,,,,,,,,,,,,,,,
AV14,K52,2011,Tshe,9.36,10,n,,,,,,,,,,,,,,,,,,,,,,,,,,,,,,,,,,
AV14,K52,2011,Tshe,9.41,19,n,,,,,,,,,,,,,,,,,,,,,,,,,,,,,,,,,,
AV14,K52,2011,Abam,7.06,87.4,y,,,,,,,,,,,,,,,,,,,,,,,,,,,,,,,,,,
AV14,K52,2011,Abam,8.92,47.1,n,,,,,,,,,,,,,,,,,,,,,,,,,,,,,,,,,,
SPRY,R15,2011,Abla,2.39,31.5,n,,,,,,,,,,,,,,,,,,,,,,,,,,,,,,,,,,
SPRY,R15,2011,Tsme,2.09,11.7,n,,,,,,,,,,,,,,,,,,,,,,,,,,,,,,,,,,
SPRY,R15,2011,Abam,2.14,16.4,n,,,,,,,,,,,,,,,,,,,,,,,,,,,,,,,,,,
SPRY,R15,2011,Tsme,3.24,27.7,n,,,,,,,,,,,,,,,,,,,,,,,,,,,,,,,,,,
SPRY,R15,2011,Abla,8.78,28.8,n,,,,,,,,,,,,,,,,,,,,,,,,,,,,,,,,,,
SPRY,R15,2011,Abla,8.61,44.5,n,,,,,,,,,,,,,,,,,,,,,,,,,,,,,,,,,,
SPRY,R15,2011,Abla,8.87,53.9,n,,,,,,,,,,,,,,,,,,,,,,,,,,,,,,,,,,
SPRY,R15,2011,Abam,6.46,95.7,y,,,,,,,,,,,,,,,,,,,,,,,,,,,,,,,,,,
SPRY,R15,2011,Abam,6.71,25.3,n,,,,,,,,,,,,,,,,,,,,,,,,,,,,,,,,,,
SPRY,R15,2011,Abam,4.39,10.4,n,,,,,,,,,,,,,,,,,,,,,,,,,,,,,,,,,,
SPRY,R15,2011,Abam,5.06,31.2,n,,,,,,,,,,,,,,,,,,,,,,,,,,,,,,,,,,
SPRY,R15,2011,Abla,5.39,43.8,y,,,,,,,,,,,,,,,,,,,,,,,,,,,,,,,,,,
SPRY,R15,2011,Tsme,6.25,41.7,n,,,,,,,,,,,,,,,,,,,,,,,,,,,,,,,,,,
SPRY,R15,2011,Abam,6.17,26.1,n,,,,,,,,,,,,,,,,,,,,,,,,,,,,,,,,,,
SPRY,R15,2011,Abam,5.04,32.3,n,,,,,,,,,,,,,,,,,,,,,,,,,,,,,,,,,,
SPRY,R15,2011,Abla,7.67,16.3,n,,,,,,,,,,,,,,,,,,,,,,,,,,,,,,,,,,
SPRY,R15,2011,Abla,7.35,11.9,n,,,,,,,,,,,,,,,,,,,,,,,,,,,,,,,,,,
SPRY,R15,2011,Abla,7.45,19.3,n,,,,,,,,,,,,,,,,,,,,,,,,,,,,,,,,,,
SPRY,R15,2011,Tsme,5.28,12.6,n,,,,,,,,,,,,,,,,,,,,,,,,,,,,,,,,,,
SPRY,R15,2011,Tsme,5.91,14.2,n,,,,,,,,,,,,,,,,,,,,,,,,,,,,,,,,,,
SPRY,R15,2011,Tsme,6.04,36.4,n,,,,,,,,,,,,,,,,,,,,,,,,,,,,,,,,,,
SPRY,R15,2011,Tsme,5.79,23.6,n,,,,,,,,,,,,,,,,,,,,,,,,,,,,,,,,,,
SPRY,R15,2011,Abla,3.8,32.3,n,,,,,,,,,,,,,,,,,,,,,,,,,,,,,,,,,,
SPRY,R15,2011,Abam,4.98,12.8,n,,,,,,,,,,,,,,,,,,,,,,,,,,,,,,,,,,
SPRY,R15,2011,Abam,4.67,11.5,n,,,,,,,,,,,,,,,,,,,,,,,,,,,,,,,,,,
SPRY,R15,2011,Abam,6.43,17.7,n,,,,,,,,,,,,,,,,,,,,,,,,,,,,,,,,,,
SPRY,R20,2011,Tsme,4.31,30.7,n,,,,,,,,,,,,,,,,,,,,,,,,,,,,,,,,,,
SPRY,R20,2011,Abla,5.57,11.4,n,,,,,,,,,,,,,,,,,,,,,,,,,,,,,,,,,,
SPRY,R20,2011,Abla,5.45,14.6,n,,,,,,,,,,,,,,,,,,,,,,,,,,,,,,,,,,
SPRY,R20,2011,Abla,6,30.8,n,,,,,,,,,,,,,,,,,,,,,,,,,,,,,,,,,,
SPRY,R20,2011,Abam,6.25,19.8,n,,,,,,,,,,,,,,,,,,,,,,,,,,,,,,,,,,
SPRY,R20,2011,Abam,8.72,11.4,n,,,,,,,,,,,,,,,,,,,,,,,,,,,,,,,,,,
SPRY,R20,2011,Abam,6.04,66.6,y,,,,,,,,,,,,,,,,,,,,,,,,,,,,,,,,,,
SPRY,R20,2011,Tsme,5.69,10.3,n,,,,,,,,,,,,,,,,,,,,,,,,,,,,,,,,,,
SPRY,R20,2011,Abam,3.51,21.7,n,,,,,,,,,,,,,,,,,,,,,,,,,,,,,,,,,,
SPRY,R20,2011,Abam,3.42,25.5,n,,,,,,,,,,,,,,,,,,,,,,,,,,,,,,,,,,
SPRY,R20,2011,Cano,3.1,24.6,n,,,,,,,,,,,,,,,,,,,,,,,,,,,,,,,,,,
SPRY,R20,2011,Abla,7.7,28,y,,,,,,,,,,,,,,,,,,,,,,,,,,,,,,,,,,
SPRY,R20,2011,Abam,7.2,40.6,y,,,,,,,,,,,,,,,,,,,,,,,,,,,,,,,,,,
SPRY,R20,2011,Tsme,4.66,38.5,y,,,,,,,,,,,,,,,,,,,,,,,,,,,,,,,,,,
SPRY,R20,2011,Abam,9.08,41.2,n,,,,,,,,,,,,,,,,,,,,,,,,,,,,,,,,,,
SPRY,R20,2011,Abam,9.12,30.9,n,,,,,,,,,,,,,,,,,,,,,,,,,,,,,,,,,,
SPRY,R20,2011,Abam,7.51,15.2,n,,,,,,,,,,,,,,,,,,,,,,,,,,,,,,,,,,
SPRY,R20,2011,Abam,6.92,42.5,n,,,,,,,,,,,,,,,,,,,,,,,,,,,,,,,,,,
SPRY,R20,2011,Abam,7.54,46.9,n,,,,,,,,,,,,,,,,,,,,,,,,,,,,,,,,,,
SPRY,R20,2011,Tsme,7.71,27.8,n,,,,,,,,,,,,,,,,,,,,,,,,,,,,,,,,,,
SPRY,R20,2011,Tsme,6.69,18.2,n,,,,,,,,,,,,,,,,,,,,,,,,,,,,,,,,,,
SPRY,R20,2011,Tsme,6.23,16.5,n,,,,,,,,,,,,,,,,,,,,,,,,,,,,,,,,,,
SPRY,R20,2011,Abam,6.33,31.1,n,,,,,,,,,,,,,,,,,,,,,,,,,,,,,,,,,,
SPRY,R20,2011,Abam,5.09,86.9,y,,,,,,,,,,,,,,,,,,,,,,,,,,,,,,,,,,
SPRY,R20,2011,Tsme,4.58,14.5,n,,,,,,,,,,,,,,,,,,,,,,,,,,,,,,,,,,
SPRY,R20,2011,Tsme,4.36,14.4,n,,,,,,,,,,,,,,,,,,,,,,,,,,,,,,,,,,
SPRY,R20,2011,Abam,3.9,43.3,y,,,,,,,,,,,,,,,,,,,,,,,,,,,,,,,,,,
SPRY,R20,2011,Tsme,1.9,10.1,n,,,,,,,,,,,,,,,,,,,,,,,,,,,,,,,,,,
SPRY,R20,2011,Abla,1.09,46.1,y,,,,,,,,,,,,,,,,,,,,,,,,,,,,,,,,,,
SPRY,R20,2011,Abam,0.13,10.3,n,,,,,,,,,,,,,,,,,,,,,,,,,,,,,,,,,,
SPRY,R20,2011,Abla,0.3,18.5,n,,,,,,,,,,,,,,,,,,,,,,,,,,,,,,,,,,
SPRY,R18,2011,Tsme,5.68,10.6,n,,,,,,,,,,,,,,,,,,,,,,,,,,,,,,,,,,
SPRY,R18,2011,Tsme,5,12.9,n,,,,,,,,,,,,,,,,,,,,,,,,,,,,,,,,,,
SPRY,R18,2011,Abla,4.14,32.6,n,,,,,,,,,,,,,,,,,,,,,,,,,,,,,,,,,,
SPRY,R18,2011,Abla,6.67,30,n,,,,,,,,,,,,,,,,,,,,,,,,,,,,,,,,,,
SPRY,R18,2011,Abla,4.9,16.2,n,,,,,,,,,,,,,,,,,,,,,,,,,,,,,,,,,,
SPRY,R18,2011,Tsme,3.49,24.3,n,,,,,,,,,,,,,,,,,,,,,,,,,,,,,,,,,,
SPRY,R18,2011,Tsme,4.16,14.2,n,,,,,,,,,,,,,,,,,,,,,,,,,,,,,,,,,,
SPRY,R18,2011,Abam,8.11,38.2,n,,,,,,,,,,,,,,,,,,,,,,,,,,,,,,,,,,
SPRY,R18,2011,Tsme,6.04,20.4,n,,,,,,,,,,,,,,,,,,,,,,,,,,,,,,,,,,
SPRY,R18,2011,Abam,6.63,43.5,y,,,,,,,,,,,,,,,,,,,,,,,,,,,,,,,,,,
SPRY,R18,2011,Abam,6.22,14.3,n,,,,,,,,,,,,,,,,,,,,,,,,,,,,,,,,,,
SPRY,R18,2011,Tsme,9.17,11.6,n,,,,,,,,,,,,,,,,,,,,,,,,,,,,,,,,,,
SPRY,R18,2011,Abla,5.2,65.8,n,broken top,,,,,,,,,,,,,,,,,,,,,,,,,,,,,,,,,
SPRY,R18,2011,Abam,6.19,20,n,,,,,,,,,,,,,,,,,,,,,,,,,,,,,,,,,,
SPRY,R18,2011,Tsme,8.19,20.7,n,,,,,,,,,,,,,,,,,,,,,,,,,,,,,,,,,,
SPRY,R18,2011,Abla,9.36,24.3,n,,,,,,,,,,,,,,,,,,,,,,,,,,,,,,,,,,
SPRY,R18,2011,Abla,9.71,10.4,n,,,,,,,,,,,,,,,,,,,,,,,,,,,,,,,,,,
SPRY,R18,2011,Abla,9.98,10.8,n,,,,,,,,,,,,,,,,,,,,,,,,,,,,,,,,,,
SPRY,R18,2011,Abla,8.53,16.8,n,,,,,,,,,,,,,,,,,,,,,,,,,,,,,,,,,,
SPRY,R18,2011,Abam,8.26,23.6,n,,,,,,,,,,,,,,,,,,,,,,,,,,,,,,,,,,
SPRY,R18,2011,Abla,8.54,22,n,,,,,,,,,,,,,,,,,,,,,,,,,,,,,,,,,,
SPRY,R18,2011,Abam,9.38,31.3,n,,,,,,,,,,,,,,,,,,,,,,,,,,,,,,,,,,
SPRY,R18,2011,Tsme,8.92,13.6,n,,,,,,,,,,,,,,,,,,,,,,,,,,,,,,,,,,
SPRY,R18,2011,Abam,2.63,28,n,,,,,,,,,,,,,,,,,,,,,,,,,,,,,,,,,,
SPRY,R18,2011,Abla,4.3,10,n,,,,,,,,,,,,,,,,,,,,,,,,,,,,,,,,,,
SPRY,R18,2011,Cano,6.06,16.2,n,,,,,,,,,,,,,,,,,,,,,,,,,,,,,,,,,,
SPRY,R18,2011,Cano,6.27,10,n,,,,,,,,,,,,,,,,,,,,,,,,,,,,,,,,,,
SPRY,R18,2011,Cano,6.73,13.5,n,,,,,,,,,,,,,,,,,,,,,,,,,,,,,,,,,,
SPRY,R18,2011,Tsme,7.45,11.6,n,,,,,,,,,,,,,,,,,,,,,,,,,,,,,,,,,,
SPRY,R18,2011,Cano,5.47,12.4,n,,,,,,,,,,,,,,,,,,,,,,,,,,,,,,,,,,
SPRY,R18,2011,Abam,7.59,66.2,n,,,,,,,,,,,,,,,,,,,,,,,,,,,,,,,,,,
SPRY,R18,2011,Abam,9.77,78.8,y,,,,,,,,,,,,,,,,,,,,,,,,,,,,,,,,,,
SPRY,R17,2011,Abla,2.64,13.2,n,,,,,,,,,,,,,,,,,,,,,,,,,,,,,,,,,,
SPRY,R17,2011,Tsme,1.4,24.3,n,,,,,,,,,,,,,,,,,,,,,,,,,,,,,,,,,,
SPRY,R17,2011,Tsme,1.53,14.2,n,,,,,,,,,,,,,,,,,,,,,,,,,,,,,,,,,,
SPRY,R17,2011,Abam,7.08,38.2,n,,,,,,,,,,,,,,,,,,,,,,,,,,,,,,,,,,
SPRY,R17,2011,Tsme,5.38,20.4,n,,,,,,,,,,,,,,,,,,,,,,,,,,,,,,,,,,
SPRY,R17,2011,Abam,6.76,43.5,y,,,,,,,,,,,,,,,,,,,,,,,,,,,,,,,,,,
SPRY,R17,2011,Abam,6.3,14.3,n,,,,,,,,,,,,,,,,,,,,,,,,,,,,,,,,,,
SPRY,R17,2011,Tsme,9.09,11.3,n,,,,,,,,,,,,,,,,,,,,,,,,,,,,,,,,,,
SPRY,R17,2011,Abla,6.1,65.8,n,broken top,,,,,,,,,,,,,,,,,,,,,,,,,,,,,,,,,
SPRY,R17,2011,Abam,7.14,20,n,,,,,,,,,,,,,,,,,,,,,,,,,,,,,,,,,,
SPRY,R17,2011,Abam,5.36,28,n,,,,,,,,,,,,,,,,,,,,,,,,,,,,,,,,,,
SPRY,R17,2011,Abla,7.06,10,n,,,,,,,,,,,,,,,,,,,,,,,,,,,,,,,,,,
SPRY,R17,2011,Cano,8.8,16.2,n,,,,,,,,,,,,,,,,,,,,,,,,,,,,,,,,,,
SPRY,R17,2011,Cano,4.07,10.7,n,,,,,,,,,,,,,,,,,,,,,,,,,,,,,,,,,,
SPRY,R17,2011,Cano,9.39,13.5,n,,,,,,,,,,,,,,,,,,,,,,,,,,,,,,,,,,
SPRY,R17,2011,Cano,7.81,12.4,n,,,,,,,,,,,,,,,,,,,,,,,,,,,,,,,,,,
SPRY,R17,2011,Abam,9.84,66.2,n,broken top,,,,,,,,,,,,,,,,,,,,,,,,,,,,,,,,,
SPRY,R18,2011,Abam,2.24,42.1,n,,,,,,,,,,,,,,,,,,,,,,,,,,,,,,,,,,
SPRY,R18,2011,Tsme,2,87.5,y,,,,,,,,,,,,,,,,,,,,,,,,,,,,,,,,,,
SPRY,R18,2011,Tsme,0.18,32.5,n,,,,,,,,,,,,,,,,,,,,,,,,,,,,,,,,,,
SPRY,R18,2011,Abla,9.54,58.1,y,,,,,,,,,,,,,,,,,,,,,,,,,,,,,,,,,,
SPRY,R18,2011,Abla,6.82,54.5,y,,,,,,,,,,,,,,,,,,,,,,,,,,,,,,,,,,
SPRY,R18,2011,Abla,5.79,11.7,n,,,,,,,,,,,,,,,,,,,,,,,,,,,,,,,,,,
SPRY,R18,2011,Abam,9.45,61.9,n,,,,,,,,,,,,,,,,,,,,,,,,,,,,,,,,,,
SPRY,R18,2011,Tsme,8.96,17.3,n,,,,,,,,,,,,,,,,,,,,,,,,,,,,,,,,,,
SPRY,R18,2011,Abam,8.84,26,n,,,,,,,,,,,,,,,,,,,,,,,,,,,,,,,,,,
SPRY,R18,2011,Abam,8.98,11.6,n,,,,,,,,,,,,,,,,,,,,,,,,,,,,,,,,,,
SPRY,R18,2011,Abam,7.93,20.4,n,,,,,,,,,,,,,,,,,,,,,,,,,,,,,,,,,,
SPRY,R18,2011,Abla,6.55,10.4,n,,,,,,,,,,,,,,,,,,,,,,,,,,,,,,,,,,
SPRY,R18,2011,Abam,4.92,23.1,n,,,,,,,,,,,,,,,,,,,,,,,,,,,,,,,,,,
SPRY,R18,2011,Tsme,8.71,15.1,n,,,,,,,,,,,,,,,,,,,,,,,,,,,,,,,,,,
SPRY,R18,2011,Tsme,8.23,20.7,n,,,,,,,,,,,,,,,,,,,,,,,,,,,,,,,,,,
SPRY,R18,2011,Tsme,5.6,23.3,n,,,,,,,,,,,,,,,,,,,,,,,,,,,,,,,,,,
SPRY,R18,2011,Tsme,7.08,20.7,n,,,,,,,,,,,,,,,,,,,,,,,,,,,,,,,,,,
SPRY,R17,2011,Tsme,2.24,47.4,y,,,,,,,,,,,,,,,,,,,,,,,,,,,,,,,,,,
SPRY,R17,2011,Tsme,0.09,87.5,y,,,,,,,,,,,,,,,,,,,,,,,,,,,,,,,,,,
SPRY,R17,2011,Tsme,2.76,37.5,n,,,,,,,,,,,,,,,,,,,,,,,,,,,,,,,,,,
SPRY,R17,2011,Abla,8.59,54.5,y,,,,,,,,,,,,,,,,,,,,,,,,,,,,,,,,,,
SPRY,R17,2011,Abla,7.33,11.7,n,,,,,,,,,,,,,,,,,,,,,,,,,,,,,,,,,,
SPRY,R17,2011,Tsme,9.99,17.3,n,,,,,,,,,,,,,,,,,,,,,,,,,,,,,,,,,,
SPRY,R17,2011,Abam,9.29,26,n,,,,,,,,,,,,,,,,,,,,,,,,,,,,,,,,,,
SPRY,R17,2011,Abam,9.32,11.6,n,,,,,,,,,,,,,,,,,,,,,,,,,,,,,,,,,,
SPRY,R17,2011,Abam,8.23,20.4,n,,,,,,,,,,,,,,,,,,,,,,,,,,,,,,,,,,
SPRY,R17,2011,Abla,6.46,10.5,n,,,,,,,,,,,,,,,,,,,,,,,,,,,,,,,,,,
SPRY,R17,2011,Abam,5.47,23.1,n,,,,,,,,,,,,,,,,,,,,,,,,,,,,,,,,,,
SPRY,R17,2011,Tsme,8.49,15.8,n,,,,,,,,,,,,,,,,,,,,,,,,,,,,,,,,,,
SPRY,R17,2011,Tsme,4.53,20.7,n,,,,,,,,,,,,,,,,,,,,,,,,,,,,,,,,,,
SPRY,R17,2011,Tsme,4.14,10.6,n,,,,,,,,,,,,,,,,,,,,,,,,,,,,,,,,,,
SPRY,R17,2011,Tsme,3.25,12.9,n,,,,,,,,,,,,,,,,,,,,,,,,,,,,,,,,,,
SPRY,R17,2011,Abla,7.29,32.6,n,,,,,,,,,,,,,,,,,,,,,,,,,,,,,,,,,,
SPRY,R17,2011,Abla,4.52,30,n,,,,,,,,,,,,,,,,,,,,,,,,,,,,,,,,,,
AV02,M7,2011,Abam,3.22,78,y,,,,,,,,,,,,,,,,,,,,,,,,,,,,,,,,,,
AV02,M7,2011,Tshe,3.47,14.7,n,,,,,,,,,,,,,,,,,,,,,,,,,,,,,,,,,,
AV02,M7,2011,Abam,3.8,14.5,n,,,,,,,,,,,,,,,,,,,,,,,,,,,,,,,,,,
AV02,M7,2011,Abam,6.96,29.9,n,,,,,,,,,,,,,,,,,,,,,,,,,,,,,,,,,,
AV02,M7,2011,Abam,7.78,18.5,n,,,,,,,,,,,,,,,,,,,,,,,,,,,,,,,,,,
AV02,M7,2011,Abam,8.99,38,n,,,,,,,,,,,,,,,,,,,,,,,,,,,,,,,,,,
AV02,M7,2011,Abam,7.81,25.7,n,,,,,,,,,,,,,,,,,,,,,,,,,,,,,,,,,,
AV02,M7,2011,Tshe,8.54,15.4,n,,,,,,,,,,,,,,,,,,,,,,,,,,,,,,,,,,
AV02,M7,2011,Abam,5.44,30.4,n,,,,,,,,,,,,,,,,,,,,,,,,,,,,,,,,,,
AV02,M7,2011,Tshe,4.65,20.6,n,,,,,,,,,,,,,,,,,,,,,,,,,,,,,,,,,,
AV02,M7,2011,Tshe,8.15,10,n,,,,,,,,,,,,,,,,,,,,,,,,,,,,,,,,,,
AV02,M7,2011,Abam,4.18,64.6,y,,,,,,,,,,,,,,,,,,,,,,,,,,,,,,,,,,
AV02,M7,2011,Abam,5.86,12.5,n,,,,,,,,,,,,,,,,,,,,,,,,,,,,,,,,,,
AV02,M7,2011,Abam,2.26,25.9,n,,,,,,,,,,,,,,,,,,,,,,,,,,,,,,,,,,
AV02,M7,2011,Psme,4.83,176.5,y,,,,,,,,,,,,,,,,,,,,,,,,,,,,,,,,,,
AV02,M7,2011,Abam,7.36,74.4,y,,,,,,,,,,,,,,,,,,,,,,,,,,,,,,,,,,
AV02,M7,2011,Abam,4.53,18.3,n,,,,,,,,,,,,,,,,,,,,,,,,,,,,,,,,,,
AV02,M7,2011,Abam,8.67,29.5,n,,,,,,,,,,,,,,,,,,,,,,,,,,,,,,,,,,
AV02,M7,2011,Abam,9.17,16.2,n,,,,,,,,,,,,,,,,,,,,,,,,,,,,,,,,,,
AV02,M9,2011,Tshe,4.28,43.9,n,,,,,,,,,,,,,,,,,,,,,,,,,,,,,,,,,,
AV02,M9,2011,Tshe,4.95,12.2,n,,,,,,,,,,,,,,,,,,,,,,,,,,,,,,,,,,
AV02,M9,2011,Abam,6.39,10.4,n,,,,,,,,,,,,,,,,,,,,,,,,,,,,,,,,,,
AV02,M9,2011,Abam,7.25,15.1,n,,,,,,,,,,,,,,,,,,,,,,,,,,,,,,,,,,
AV02,M9,2011,Tshe,4.48,10.9,n,,,,,,,,,,,,,,,,,,,,,,,,,,,,,,,,,,
AV02,M9,2011,Abam,8.33,30.5,n,,,,,,,,,,,,,,,,,,,,,,,,,,,,,,,,,,
AV02,M9,2011,Abam,8.21,52.5,n,,,,,,,,,,,,,,,,,,,,,,,,,,,,,,,,,,
AV02,M9,2011,Tshe,5.4,27,n,,,,,,,,,,,,,,,,,,,,,,,,,,,,,,,,,,
AV02,M9,2011,Tshe,6.3,121.5,y,,,,,,,,,,,,,,,,,,,,,,,,,,,,,,,,,,
AV02,M9,2011,Abam,8.24,26.4,n,,,,,,,,,,,,,,,,,,,,,,,,,,,,,,,,,,
AV02,M9,2011,Tshe,9.14,16.7,n,,,,,,,,,,,,,,,,,,,,,,,,,,,,,,,,,,
AV02,M9,2011,Abam,7.04,36.3,n,,,,,,,,,,,,,,,,,,,,,,,,,,,,,,,,,,
AV02,M9,2011,Abam,6.18,51.8,y,,,,,,,,,,,,,,,,,,,,,,,,,,,,,,,,,,
AV02,M9,2011,Tshe,9.75,11.2,n,,,,,,,,,,,,,,,,,,,,,,,,,,,,,,,,,,
AV02,M16,2011,Tshe,4.87,128.8,y,,,,,,,,,,,,,,,,,,,,,,,,,,,,,,,,,,
AV02,M16,2011,Abam,8.33,29.1,n,,,,,,,,,,,,,,,,,,,,,,,,,,,,,,,,,,
AV02,M16,2011,Abam,8.95,11.2,n,,,,,,,,,,,,,,,,,,,,,,,,,,,,,,,,,,
AV02,M16,2011,Abam,9.9,41.95,n,,,,,,,,,,,,,,,,,,,,,,,,,,,,,,,,,,
AV02,M16,2011,Abam,3.14,10.8,n,,,,,,,,,,,,,,,,,,,,,,,,,,,,,,,,,,
AV02,M16,2011,Tshe,9.67,17.6,n,,,,,,,,,,,,,,,,,,,,,,,,,,,,,,,,,,
AV02,M16,2011,Tshe,9.64,15.5,n,,,,,,,,,,,,,,,,,,,,,,,,,,,,,,,,,,
AV02,M16,2011,Abam,3.3,32.2,n,,,,,,,,,,,,,,,,,,,,,,,,,,,,,,,,,,
AV02,M16,2011,Acci,4.49,10,n,,,,,,,,,,,,,,,,,,,,,,,,,,,,,,,,,,
AV02,M16,2011,Abam,0.54,33.5,n,,,,,,,,,,,,,,,,,,,,,,,,,,,,,,,,,,
AV02,M16,2011,Acci,8.2,10.1,n,,,,,,,,,,,,,,,,,,,,,,,,,,,,,,,,,,
AV02,M16,2011,Abam,9.96,12.6,n,,,,,,,,,,,,,,,,,,,,,,,,,,,,,,,,,,
AV02,M16,2011,Abam,7.4,16.5,n,,,,,,,,,,,,,,,,,,,,,,,,,,,,,,,,,,
AV02,M16,2011,Abam,7.33,21.15,y,,,,,,,,,,,,,,,,,,,,,,,,,,,,,,,,,,
AV02,M16,2011,Abam,5.67,13.2,n,,,,,,,,,,,,,,,,,,,,,,,,,,,,,,,,,,
AV02,M16,2011,Abam,9.9,49.7,y,,,,,,,,,,,,,,,,,,,,,,,,,,,,,,,,,,
AV02,M16,2011,Abam,8.53,50.5,y,,,,,,,,,,,,,,,,,,,,,,,,,,,,,,,,,,
AV02,M16,2011,Abam,4.74,15.8,n,,,,,,,,,,,,,,,,,,,,,,,,,,,,,,,,,,
AV02,M16,2011,Abam,3.17,44.5,y,,,,,,,,,,,,,,,,,,,,,,,,,,,,,,,,,,
AV02,M16,2011,Abam,2.59,21.7,n,,,,,,,,,,,,,,,,,,,,,,,,,,,,,,,,,,
PP17,O3,2011,Psme,3.39,12.3,y,,,,,,,,,,,,,,,,,,,,,,,,,,,,,,,,,,
PP17,O3,2011,Tshe,5.23,36.5,n,,,,,,,,,,,,,,,,,,,,,,,,,,,,,,,,,,
PP17,O3,2011,Tshe,8.27,27.2,n,,,,,,,,,,,,,,,,,,,,,,,,,,,,,,,,,,
PP17,O3,2011,Tshe,3.21,38.1,n,,,,,,,,,,,,,,,,,,,,,,,,,,,,,,,,,,
PP17,O3,2011,Abla,7.43,10.4,n, DBH=10.4,,,,,,,,,,,,,,,,,,,,,,,,,,,,,,,,,
PP17,O3,2011,Psme,8.71,40.8,n,,,,,,,,,,,,,,,,,,,,,,,,,,,,,,,,,,
PP17,O3,2011,Tshe,1.95,33.5,n,,,,,,,,,,,,,,,,,,,,,,,,,,,,,,,,,,
PP17,O3,2011,Tshe,1.66,53.7,n,,,,,,,,,,,,,,,,,,,,,,,,,,,,,,,,,,
PP17,O3,2011,Abgr,6.36,29.5,n,,,,,,,,,,,,,,,,,,,,,,,,,,,,,,,,,,
PP17,O3,2011,Pimo,6.97,535,n,,,,,,,,,,,,,,,,,,,,,,,,,,,,,,,,,,
PP17,O3,2011,Pshe,1.7,10.4,n,"Pshe, DBH=10.4",,,,,,,,,,,,,,,,,,,,,,,,,,,,,,,,,
PP17,O3,2011,Abla,9.78,24,n,,,,,,,,,,,,,,,,,,,,,,,,,,,,,,,,,,
PP17,O3,2011,Abla,6.52,15.6,n,DBH=15.6,,,,,,,,,,,,,,,,,,,,,,,,,,,,,,,,,
PP17,O3,2011,Tshe,9.42,34.2,n,,,,,,,,,,,,,,,,,,,,,,,,,,,,,,,,,,
AV02,,2011,Psme,2.58,22.8,y,"incomplete ID, M?",,,,,,,,,,,,,,,,,,,,,,,,,,,,,,,,,
AV02,,2011,Tshe,7.48,39.3,n,"incomplete ID, M?",,,,,,,,,,,,,,,,,,,,,,,,,,,,,,,,,
AV02,,2011,Tshe,5.79,10.5,n,"incomplete ID, M?",,,,,,,,,,,,,,,,,,,,,,,,,,,,,,,,,
AV02,,2011,Abam,9.83,10.4,n,"incomplete ID, M?",,,,,,,,,,,,,,,,,,,,,,,,,,,,,,,,,
AV02,,2011,Abam,6.93,25.3,n,"incomplete ID, M?",,,,,,,,,,,,,,,,,,,,,,,,,,,,,,,,,
AV02,,2011,Abam,8.2,18.7,n,"incomplete ID, M?",,,,,,,,,,,,,,,,,,,,,,,,,,,,,,,,,
AV02,,2011,Abam,5.51,32.1,n,"incomplete ID, M?",,,,,,,,,,,,,,,,,,,,,,,,,,,,,,,,,
AV02,,2011,Abam,9.3,28.3,n,"incomplete ID, M?",,,,,,,,,,,,,,,,,,,,,,,,,,,,,,,,,
AV02,,2011,Abam,5.89,45.2,n,"incomplete ID, M?",,,,,,,,,,,,,,,,,,,,,,,,,,,,,,,,,
AV02,,2011,Abam,5.24,10.7,n,"incomplete ID, M?",,,,,,,,,,,,,,,,,,,,,,,,,,,,,,,,,
AV02,,2011,Abam,6.44,11.5,n,"incomplete ID, M?",,,,,,,,,,,,,,,,,,,,,,,,,,,,,,,,,
AV02,,2011,Tshe,7.16,13.3,n,"incomplete ID, M?",,,,,,,,,,,,,,,,,,,,,,,,,,,,,,,,,
AV02,,2011,Abam,2.31,22.8,n,"incomplete ID, M?",,,,,,,,,,,,,,,,,,,,,,,,,,,,,,,,,
AV02,,2011,Abam,4.71,17,n,"incomplete ID, M?",,,,,,,,,,,,,,,,,,,,,,,,,,,,,,,,,
AV02,,2011,Abam,2.7,10.4,n,"incomplete ID, M?",,,,,,,,,,,,,,,,,,,,,,,,,,,,,,,,,
AV02,,2011,Tshe,1.88,11.1,n,"incomplete ID, M?",,,,,,,,,,,,,,,,,,,,,,,,,,,,,,,,,