Year,ID1,ID2,Latitude,Longitude,Elevation,Tmax01,Tmax02,Tmax03,Tmax04,Tmax05,Tmax06,Tmax07,Tmax08,Tmax09,Tmax10,Tmax11,Tmax12,Tmin01,Tmin02,Tmin03,Tmin04,Tmin05,Tmin06,Tmin07,Tmin08,Tmin09,Tmin10,Tmin11,Tmin12,Tave01,Tave02,Tave03,Tave04,Tave05,Tave06,Tave07,Tave08,Tave09,Tave10,Tave11,Tave12,PPT01,PPT02,PPT03,PPT04,PPT05,PPT06,PPT07,PPT08,PPT09,PPT10,PPT11,PPT12,Rad01,Rad02,Rad03,Rad04,Rad05,Rad06,Rad07,Rad08,Rad09,Rad10,Rad11,Rad12,DD_0_01,DD_0_02,DD_0_03,DD_0_04,DD_0_05,DD_0_06,DD_0_07,DD_0_08,DD_0_09,DD_0_10,DD_0_11,DD_0_12,DD5_01,DD5_02,DD5_03,DD5_04,DD5_05,DD5_06,DD5_07,DD5_08,DD5_09,DD5_10,DD5_11,DD5_12,DD_18_01,DD_18_02,DD_18_03,DD_18_04,DD_18_05,DD_18_06,DD_18_07,DD_18_08,DD_18_09,DD_18_10,DD_18_11,DD_18_12,DD18_01,DD18_02,DD18_03,DD18_04,DD18_05,DD18_06,DD18_07,DD18_08,DD18_09,DD18_10,DD18_11,DD18_12,NFFD01,NFFD02,NFFD03,NFFD04,NFFD05,NFFD06,NFFD07,NFFD08,NFFD09,NFFD10,NFFD11,NFFD12,PAS01,PAS02,PAS03,PAS04,PAS05,PAS06,PAS07,PAS08,PAS09,PAS10,PAS11,PAS12,Eref01,Eref02,Eref03,Eref04,Eref05,Eref06,Eref07,Eref08,Eref09,Eref10,Eref11,Eref12,CMD01,CMD02,CMD03,CMD04,CMD05,CMD06,CMD07,CMD08,CMD09,CMD10,CMD11,CMD12,RH01,RH02,RH03,RH04,RH05,RH06,RH07,RH08,RH09,RH10,RH11,RH12,Tmax_wt,Tmax_sp,Tmax_sm,Tmax_at,Tmin_wt,Tmin_sp,Tmin_sm,Tmin_at,Tave_wt,Tave_sp,Tave_sm,Tave_at,PPT_wt,PPT_sp,PPT_sm,PPT_at,Rad_wt,Rad_sp,Rad_sm,Rad_at,DD_0_wt,DD_0_sp,DD_0_sm,DD_0_at,DD5_wt,DD5_sp,DD5_sm,DD5_at,DD_18_wt,DD_18_sp,DD_18_sm,DD_18_at,DD18_wt,DD18_sp,DD18_sm,DD18_at,NFFD_wt,NFFD_sp,NFFD_sm,NFFD_at,PAS_wt,PAS_sp,PAS_sm,PAS_at,Eref_wt,Eref_sp,Eref_sm,Eref_at,CMD_wt,CMD_sp,CMD_sm,CMD_at,RH_wt,RH_sp,RH_sm,RH_at,MAT,MWMT,MCMT,TD,MAP,MSP,AHM,SHM,DD_0,DD5,DD_18,DD18,NFFD,bFFP,eFFP,FFP,PAS,EMT,EXT,Eref,CMD,MAR,RH
1901,PARA,ABIAMA,46.776207,121.731972,1621.178947,-1.1,1.2,2.8,6,10.7,10.9,16.3,18.3,13.9,11.5,5,1.9,-8.4,-7.8,-5.7,-5.1,-0.8,0.4,3.9,4.1,2.1,1,-2.6,-5.8,-4.8,-3.3,-1.5,0.4,4.9,5.7,10.1,11.2,8,6.3,1.2,-1.9,508,385,238,296,107,87,24,10,122,132,528,311,0,0,0,0,0,0,0,0,0,0,0,0,172,121,92,50,6,3,0,0,2,6,44,100,1,1,4,9,45,55,154,192,102,77,13,3,706,592,605,528,406,370,247,211,302,365,505,615,0,0,0,0,1,0,1,2,1,1,0,0,2,1,3,3,11,15,28,28,20,18,8,3,340,278,186,217,33,20,1,0,12,5,132,133,0,0,0,49,77,79,101,98,59,37,16,0,0,0,0,0,0,0,78,88,0,0,0,0,70,64,67,59,61,65,61,56,62,65,72,69,0.7,6.5,15.2,10.1,-7.3,-3.9,2.8,0.2,-3.3,1.3,9,5.1,1203,640,121,781,0,0,0,0,393,148,3,52,6,58,401,192,1914,1539,828,1172,0,1,2,2,6,17,70,46,750,435,21,148,0,126,278,111,0,0,166,0,68,63,61,66,3,11.2,-4.8,16,2746,349,4.7,32.2,597,657,5452,6,140,169,249,81,1355,-31.9,29.8,516,166,0,64
1902,PARA,ABIAMA,46.776207,121.731972,1621.178947,-1.9,1.7,1,5.7,9.3,13.3,17.5,17.8,14.9,11,2.8,-0.3,-9.5,-5.7,-5.2,-5,0.4,1.2,3.6,4.3,3.7,1,-4,-6.5,-5.7,-2,-2.1,0.3,4.9,7.3,10.6,11,9.3,6,-0.6,-3.4,301,544,366,274,155,63,95,33,129,150,632,701,0,0,0,0,0,0,0,0,0,0,0,0,198,94,105,52,6,1,0,0,1,7,74,132,1,2,3,9,44,82,171,186,137,72,7,2,736,556,624,531,408,323,230,217,262,373,559,659,0,0,0,0,1,0,1,2,2,1,0,0,1,3,3,3,16,18,27,28,24,18,6,3,226,312,308,205,48,7,3,1,12,5,132,133,0,0,0,48,67,90,109,95,60,36,0,0,0,0,0,0,0,27,14,62,0,0,0,0,68,70,75,61,70,61,57,58,64,67,74,68,0.6,5.3,16.2,9.5,-7,-3.3,3,0.2,-3.2,1,9.6,4.9,1156,796,192,910,0,0,0,0,425,163,2,81,5,56,439,216,1951,1562,771,1194,0,1,3,3,7,22,73,47,671,561,11,148,0,116,295,96,0,0,103,0,69,69,58,68,3,11,-5.7,16.8,3444,476,3.8,23.2,671,716,5479,7,149,155,263,108,1392,-31.9,29.8,507,103,0,67
1903,PARA,ABIAMA,46.776207,121.731972,1621.178947,-0.7,-0.4,2.2,4.2,11.4,15.1,16.6,16.6,13.9,9.9,1.5,0.3,-6.8,-10,-7.2,-4.7,-2,3.7,4.5,5.7,4,1.2,-3.6,-6.2,-3.8,-5.2,-2.5,-0.2,4.7,9.4,10.6,11.2,9,5.5,-1,-2.9,762,224,346,161,149,123,35,52,233,178,579,307,0,0,0,0,0,0,0,0,0,0,0,0,146,168,115,61,6,0,0,0,1,8,82,122,2,1,3,7,43,134,171,190,128,64,6,2,675,647,637,546,411,259,231,214,271,388,571,646,0,0,0,0,1,1,1,2,2,1,0,0,3,1,2,3,8,25,29,30,25,18,6,3,438,196,302,129,49,4,1,2,8,6,258,411,0,0,0,0,82,95,102,85,56,33,0,0,0,0,0,0,0,0,67,33,0,0,0,0,75,61,63,66,55,63,62,65,68,71,80,74,-0.5,6,16.1,8.4,-7.8,-4.6,4.7,0.5,-4.1,0.7,10.4,4.5,1687,657,210,990,0,0,0,0,436,182,1,91,5,53,494,198,1968,1594,704,1231,0,1,3,3,6,13,84,49,1046,480,7,272,0,82,283,89,0,0,100,0,70,62,64,73,2.9,11.2,-3.8,14.9,3150,592,4.1,18.8,709,749,5497,7,152,185,264,79,1805,-31.9,29.8,454,100,0,67
1904,PARA,ABIAMA,46.776207,121.731972,1621.178947,1.1,-1.3,0.5,8.2,11.4,14.1,19,17.7,16.3,10,5.4,1.2,-7.4,-7.9,-7.3,-3.4,-2.1,1.1,6.4,5.9,4.8,2,-1.4,-4.7,-3.1,-4.6,-3.4,2.4,4.7,7.6,12.7,11.8,10.5,6,2,-1.7,476,457,568,205,64,89,44,15,38,172,573,471,0,0,0,0,0,0,0,0,0,0,0,0,131,152,137,27,7,1,0,0,1,7,35,96,2,1,2,18,42,90,240,211,172,72,17,4,656,629,665,468,413,312,165,193,225,372,480,609,0,0,0,0,1,0,2,2,4,1,0,0,2,1,2,5,8,18,30,30,26,21,11,5,245,380,525,93,21,8,1,0,16,10,259,165,0,0,0,56,83,95,112,91,64,32,15,0,0,0,0,0,19,6,68,76,26,0,0,0,66,72,68,60,55,58,61,63,63,73,75,73,0.1,6.7,17,10.6,-7.2,-4.2,4.5,1.8,-3.6,1.2,10.7,6.2,1240,837,148,783,0,0,0,0,378,171,1,42,7,62,541,262,1894,1547,670,1077,0,1,5,4,8,15,78,58,791,640,9,286,0,138,299,111,0,19,150,26,70,61,61,71,3.7,12.7,-3.1,15.8,3171,250,4.3,50.8,592,872,5188,11,158,188,270,82,1725,-31.9,29.8,548,195,0,66
1905,PARA,ABIAMA,46.776207,121.731972,1621.178947,-1.4,0.3,4.8,8.5,10.1,14.4,19.9,17,14.4,6.2,3.3,0.2,-7.9,-8,-3.1,-3.5,-0.7,2.7,5.5,6.6,6.2,-2,-5.7,-6.1,-4.6,-3.8,0.8,2.5,4.7,8.6,12.7,11.8,10.3,2.1,-1.2,-3,291,241,355,118,284,112,26,44,155,420,268,497,0,0,0,0,0,0,0,0,0,0,0,0,169,133,53,26,7,1,0,0,1,29,85,122,1,1,9,19,42,112,241,210,166,25,6,2,703,607,534,466,413,284,164,195,231,494,575,646,0,0,0,0,1,1,3,2,3,0,0,0,2,1,7,5,12,23,30,30,28,9,3,3,192,186,161,52,94,6,0,1,2,7,111,191,0,0,32,57,74,93,120,85,54,27,0,0,0,0,0,0,0,0,94,41,0,0,0,0,73,66,71,58,64,62,56,67,73,71,65,76,0.1,7.8,17.1,8,-6.9,-2.4,4.9,-0.5,-3.4,2.7,11,3.8,1003,757,182,842,0,0,0,0,425,85,1,114,5,70,563,197,1956,1413,642,1301,0,1,5,4,6,23,83,40,569,307,8,119,0,163,299,81,0,0,135,0,72,64,62,70,3.4,12.7,-4.6,17.4,2811,621,4.8,20.5,625,834,5312,10,153,176,280,104,1003,-31.9,29.8,543,135,0,67
1906,PARA,ABIAMA,46.776207,121.731972,1621.178947,-0.6,1.8,2.1,9.7,10,12,21.4,18,14.8,9.5,2.3,0.5,-6.3,-6.4,-6.8,-2.5,-0.8,1.8,6.7,6.2,5.8,2.3,-3.9,-5.2,-3.4,-2.3,-2.4,3.6,4.6,6.9,14,12.1,10.3,5.9,-0.8,-2.4,537,337,166,105,248,209,9,14,225,256,750,508,0,0,0,0,0,0,0,0,0,0,0,0,139,100,112,18,7,2,0,0,1,7,77,109,2,2,3,27,41,75,280,220,165,70,7,3,666,564,633,432,416,333,126,185,232,376,565,628,0,0,0,1,1,0,5,3,3,1,0,0,3,2,2,7,11,20,30,30,27,22,6,4,293,205,143,30,85,27,0,0,7,131,124,269,0,0,0,61,73,82,126,92,56,30,0,0,0,0,0,0,0,0,117,78,0,0,0,0,76,67,65,58,64,66,56,63,71,76,76,74,0.5,7.2,17.1,8.8,-6.3,-3.4,4.9,1.4,-2.9,1.9,11,5.1,1370,519,232,1232,0,0,0,0,348,137,2,85,7,71,576,242,1858,1482,644,1173,0,1,8,4,9,20,80,55,767,258,28,262,0,134,300,86,0,0,195,0,72,62,62,74,3.8,14,-3.4,17.5,3364,705,4.1,19.9,571,896,5157,13,165,177,277,101,1315,-31.9,29.8,521,195,0,68
1907,PARA,ABIAMA,46.776207,121.731972,1621.178947,-5.9,0.3,0.6,6.1,13.2,13.7,20,15,16.1,10.8,4.3,0.6,-12.7,-5.9,-6.8,-4.5,-0.3,2.5,4.9,5,4.6,1.5,-4.1,-4.9,-9.3,-2.8,-3.1,0.8,6.4,8.1,12.5,10,10.4,6.2,0.1,-2.1,318,445,167,219,76,97,29,76,150,63,568,480,0,0,0,0,0,0,0,0,0,0,0,0,291,111,129,45,3,1,0,0,1,6,61,104,0,2,2,10,71,101,233,153,168,75,9,3,846,578,655,517,359,298,172,249,230,368,537,621,0,0,0,0,1,0,2,1,3,1,0,0,0,3,2,4,13,22,29,29,26,19,5,4,294,297,151,151,12,7,0,4,10,11,320,242,0,0,0,49,89,90,122,79,64,35,15,0,0,0,0,0,13,0,93,2,0,0,0,0,70,74,70,62,56,64,54,68,63,69,68,76,-1.7,6.6,16.2,10.4,-8,-3.9,4.2,0.7,-4.8,1.4,10.2,5.5,1270,462,202,781,0,0,0,0,505,177,1,67,5,83,487,252,2045,1530,718,1135,0,1,4,4,7,18,81,50,833,315,11,342,0,138,290,114,0,13,95,0,74,63,62,67,3.1,12.5,-9.3,21.8,2687,427,4.9,29.2,750,827,5428,9,157,167,269,102,1501,-31.9,29.8,542,108,0,66
1908,PARA,ABIAMA,46.776207,121.731972,1621.178947,-0.8,0.9,0.2,6.8,8.4,11.5,20.9,16.7,15.4,8.7,4.6,-0.7,-7.1,-7,-7.4,-4.5,-2.7,0.7,5.5,4.7,3.3,-0.2,-3.4,-7.6,-3.9,-3,-3.6,1.1,2.8,6.1,13.2,10.7,9.4,4.2,0.6,-4.2,326,333,509,242,225,75,44,80,20,271,343,490,0,0,0,0,0,0,0,0,0,0,0,0,151,116,142,40,17,2,0,0,1,13,53,153,2,2,2,12,23,61,257,176,139,45,11,1,681,585,671,506,471,357,145,227,260,429,522,684,0,0,0,0,0,0,3,1,2,0,0,0,2,2,2,4,6,16,30,28,23,14,7,2,194,231,475,155,121,14,1,3,7,2,193,216,0,0,0,52,69,81,126,89,63,31,16,0,0,0,0,0,0,6,82,9,42,0,0,0,74,68,69,59,61,64,54,62,61,70,70,77,0.2,5.1,16.4,9.6,-6.3,-4.9,3.7,-0.1,-3,0.1,10,4.7,1139,976,199,635,0,0,0,0,420,200,3,67,5,36,494,194,1950,1648,729,1211,0,1,5,3,6,11,75,44,640,752,18,202,0,120,296,110,0,0,97,42,73,63,60,67,2.8,13.2,-4.2,17.4,2959,444,4.3,29.8,689,729,5539,8,136,192,258,67,1612,-31.9,29.8,526,139,0,65
1909,PARA,ABIAMA,46.776207,121.731972,1621.178947,-3.2,-0.2,1.7,5.7,11.3,13.8,16.6,16.3,16.3,9.1,2,-0.4,-8.1,-4.5,-3.5,-3.6,-0.2,1.9,4.1,3.2,4.3,0.1,-3.6,-6,-5.7,-2.3,-0.9,1.1,5.6,7.8,10.4,9.8,10.3,4.6,-0.8,-3.2,489,451,197,129,120,31,55,19,99,194,970,303,0,0,0,0,0,0,0,0,0,0,0,0,196,101,81,41,4,1,0,0,1,11,78,128,1,2,5,11,55,95,165,146,165,50,7,2,734,566,588,509,385,306,237,256,232,417,565,654,0,0,0,0,1,0,1,1,3,0,0,0,2,4,6,5,13,21,28,26,25,15,6,3,363,278,141,84,28,3,2,1,1,31,102,329,0,0,0,47,79,92,103,90,65,32,0,0,0,0,0,0,0,61,48,70,0,0,0,0,79,82,79,66,62,61,60,59,62,69,78,71,-1.3,6.3,15.6,9.1,-6.8,-2.4,3.1,0.3,-4.1,1.9,9.3,4.7,1430,445,105,1263,0,0,0,0,425,127,1,90,5,71,406,222,1953,1482,799,1213,0,1,2,4,9,24,74,46,970,253,6,134,0,126,284,97,0,0,179,0,77,69,60,70,3.1,10.4,-5.7,16,3056,324,4.3,32,642,704,5447,7,154,164,267,104,1363,-31.9,29.8,507,179,0,70
1910,PARA,ABIAMA,46.776207,121.731972,1621.178947,-3.4,-2.9,5.4,7.4,14,13.1,19.5,15.3,14.1,7.9,1.7,1,-10.4,-9.2,-5.2,-3.2,-0.7,1.6,4.7,3.9,4,1.6,-4.1,-4.9,-6.9,-6,0.1,2.1,6.7,7.3,12.1,9.6,9.1,4.8,-1.2,-2,457,469,388,208,130,70,5,25,96,360,672,386,0,0,0,0,0,0,0,0,0,0,0,0,228,187,63,29,2,1,0,0,1,11,85,100,0,0,7,16,75,84,220,141,130,52,6,3,771,669,556,477,352,320,183,262,269,412,576,615,0,0,0,0,1,0,2,1,2,0,0,0,1,1,3,6,12,20,29,27,25,20,5,4,377,427,220,104,19,7,0,1,5,18,414,172,0,0,36,53,94,88,119,83,57,27,0,0,0,0,0,0,0,18,113,58,0,0,0,0,70,73,61,63,53,63,55,64,67,78,77,76,-2.2,8.9,15.9,7.9,-8.5,-3,3.4,0.5,-5.4,3,9.7,4.2,1228,726,100,1128,0,0,0,0,515,95,1,97,4,99,446,188,2055,1385,766,1257,0,2,3,3,6,21,76,50,975,343,9,436,0,183,290,84,0,0,189,0,73,59,60,74,3,12.1,-6.9,19,3266,326,4,37.2,708,737,5463,7,152,172,265,93,1763,-31.9,29.8,556,189,0,67
1911,PARA,ABIAMA,46.776207,121.731972,1621.178947,-2.3,-1.3,5,6.8,9.5,12.1,21.1,16.4,12.3,8.8,1.2,0.5,-9,-8.9,-7.1,-6.5,-2.6,1.5,5.5,4.9,3.8,-1.5,-5,-5.8,-5.6,-5.1,-1,0.1,3.5,6.8,13.3,10.6,8,3.6,-1.9,-2.6,409,212,131,120,245,34,19,26,235,70,569,370,0,0,0,0,0,0,0,0,0,0,0,0,195,164,84,55,12,2,0,0,2,17,100,115,1,1,5,8,28,74,259,173,103,38,5,3,733,643,592,536,451,336,144,230,301,447,596,637,0,0,0,0,0,0,3,1,1,0,0,0,1,1,2,2,6,19,30,29,24,10,4,3,303,183,96,92,115,5,0,1,7,31,312,166,0,0,0,53,74,83,127,87,50,33,0,0,0,0,0,0,0,49,108,61,0,0,0,0,72,69,56,52,58,65,53,63,72,64,75,76,-0.9,7.1,16.5,7.4,-7.6,-5.4,4,-0.9,-4.2,0.8,10.3,3.2,1007,495,79,874,0,0,0,0,474,152,2,118,4,41,505,146,2013,1580,710,1344,0,1,5,2,6,10,78,39,652,303,6,349,0,127,297,83,0,0,218,0,72,55,60,70,2.5,13.3,-5.6,18.9,2439,559,5.1,23.8,746,696,5646,7,132,189,262,73,1310,-31.9,29.8,507,218,0,64
1912,PARA,ABIAMA,46.776207,121.731972,1621.178947,-1.7,1.3,2.3,5.6,11.9,15,18.7,15.6,14.9,7.1,3,0.4,-8.2,-5.1,-7.8,-3.7,-0.4,2.2,4.9,5.4,3.4,-1,-3.2,-6.1,-4.9,-1.9,-2.8,0.9,5.8,8.6,11.8,10.5,9.1,3,-0.1,-2.8,542,335,171,214,128,125,39,194,80,236,503,523,0,0,0,0,0,0,0,0,0,0,0,0,177,92,121,43,4,1,0,0,1,21,64,120,1,3,2,11,58,113,211,169,132,32,8,2,712,553,645,513,380,283,192,234,267,466,543,643,0,0,0,0,1,1,2,1,2,0,0,0,2,3,1,5,13,22,29,29,23,12,7,3,371,188,152,143,28,7,1,8,22,11,303,187,0,0,0,46,82,98,114,81,61,28,0,0,0,0,0,0,0,0,75,0,0,0,0,0,73,74,61,66,60,59,57,67,63,71,76,74,0.1,6.6,16.4,8.3,-6.4,-4,4.2,-0.3,-3.2,1.3,10.3,4,1247,512,359,820,0,0,0,0,389,168,1,86,6,71,493,173,1908,1538,709,1276,0,1,3,2,8,19,80,42,746,324,16,336,0,129,292,89,0,0,75,0,74,62,61,70,3.1,11.8,-4.9,16.8,3091,567,4.2,20.9,644,744,5430,7,149,166,260,94,1422,-31.9,29.8,510,75,0,67
1913,PARA,ABIAMA,46.776207,121.731972,1621.178947,-3.4,-1.1,0.4,6.5,10.3,13.8,18,18.3,15.4,6.5,3.5,0.8,-10,-9.4,-7.2,-3.9,-0.8,3.8,5.9,6.7,4.9,-1,-3.9,-5.1,-6.7,-5.2,-3.4,1.3,4.7,8.8,12,12.5,10.1,2.8,-0.2,-2.2,710,147,249,104,123,140,40,31,200,233,442,172,0,0,0,0,0,0,0,0,0,0,0,0,224,167,137,38,6,1,0,0,1,23,66,105,1,1,2,13,43,118,216,234,160,30,8,3,767,647,664,501,411,278,188,172,237,474,546,622,0,0,0,0,1,1,2,3,3,0,0,0,1,1,2,4,11,26,30,30,26,12,6,4,579,128,230,64,40,7,1,1,5,50,180,276,0,0,0,50,75,87,107,93,60,27,0,0,0,0,0,0,0,0,67,62,0,0,0,0,72,65,69,63,63,67,62,64,66,73,72,73,-1.4,5.7,16.7,8.5,-8.5,-3.9,5.5,0,-4.9,0.9,11.1,4.2,1381,476,211,876,0,0,0,0,496,181,1,89,4,57,567,198,2035,1576,637,1257,0,1,5,3,6,18,86,44,984,334,9,235,0,125,287,87,0,0,129,0,70,65,64,71,2.9,12.5,-6.7,19.2,2592,534,5,23.4,767,827,5506,10,153,176,270,94,1561,-31.9,29.8,499,129,0,68
1914,PARA,ABIAMA,46.776207,121.731972,1621.178947,-0.6,-0.3,4.7,7.1,13.9,13,21,20.1,11.2,9.4,3.4,-0.9,-5.5,-6.1,-4.5,-2.7,0.2,2.9,5.9,5.6,3.2,1,-3.7,-8.3,-3.1,-3.2,0.1,2.2,7.1,7.9,13.4,12.9,7.2,5.2,-0.2,-4.6,724,246,241,218,82,112,6,9,187,251,478,157,0,0,0,0,0,0,0,0,0,0,0,0,130,119,63,29,2,1,0,0,2,9,65,163,2,1,7,17,84,97,263,245,84,59,8,1,655,589,556,476,339,303,141,161,325,398,545,696,0,0,0,0,1,0,4,4,1,0,0,0,4,2,4,7,15,24,30,29,23,18,6,1,370,175,137,107,10,9,0,0,10,55,162,78,0,0,34,51,92,85,126,105,47,32,0,0,0,0,0,0,10,0,120,96,0,0,0,0,79,76,66,65,56,67,54,56,73,71,73,76,0,8.6,18,8,-5.6,-2.3,4.8,0.1,-2.8,3.1,11.4,4.1,1143,541,126,916,0,0,0,0,412,94,1,77,5,108,605,151,1941,1371,605,1269,0,2,8,2,8,26,83,47,622,254,9,227,0,177,315,79,0,10,216,0,77,62,59,73,3.7,13.4,-4.6,18,2711,396,5.1,33.9,584,868,5185,11,163,163,258,94,1112,-31.9,29.8,571,226,0,67
1915,PARA,ABIAMA,46.776207,121.731972,1621.178947,0,2,6.7,10.3,9.4,14.3,17.5,21.4,13.5,7.8,1.5,0.4,-7.8,-5.2,-4,-1.7,-0.8,2.5,6.4,7.6,3.4,0.2,-6.1,-6.5,-3.9,-1.6,1.4,4.3,4.3,8.4,12,14.5,8.5,4,-2.3,-3.1,342,236,182,235,181,50,70,3,94,275,587,675,0,0,0,0,0,0,0,0,0,0,0,0,151,87,46,14,8,1,0,0,1,15,110,125,2,3,11,34,37,108,217,294,114,42,4,2,681,544,518,412,425,289,187,113,287,436,609,649,0,0,0,1,1,1,2,8,2,0,0,0,2,3,5,9,11,23,30,30,23,15,3,3,203,124,68,49,68,3,1,0,23,17,174,112,0,0,39,62,71,93,103,108,56,28,0,0,0,0,0,0,0,43,33,105,0,0,0,0,68,71,62,60,65,62,65,58,67,74,70,69,0.4,8.8,17.7,7.6,-7.1,-2.1,5.5,-0.8,-3.4,3.3,11.6,3.4,735,599,122,956,0,0,0,0,362,68,1,125,7,83,619,161,1875,1354,589,1332,0,2,11,2,8,26,83,42,438,185,4,214,0,172,303,84,0,0,181,0,69,62,62,70,3.9,14.5,-3.9,18.4,2930,398,4.7,36.5,556,869,5150,14,159,178,258,81,841,-31.9,29.8,559,181,0,66
1916,PARA,ABIAMA,46.776207,121.731972,1621.178947,-5.4,0.1,-0.2,5.4,6.2,14.1,16.3,19.4,15.2,10.8,2.1,-0.8,-13.9,-6.8,-5.8,-4.4,-3.6,1.3,4.2,6,3,-2.6,-6.5,-8.1,-9.7,-3.3,-3,0.5,1.3,7.7,10.3,12.7,9.1,4.1,-2.2,-4.5,281,579,604,220,131,124,139,25,76,103,427,401,0,0,0,0,0,0,0,0,0,0,0,0,303,122,127,49,34,1,0,0,1,14,107,161,0,1,2,9,14,92,161,239,131,44,4,1,858,593,653,525,517,310,241,167,268,433,606,693,0,0,0,0,0,0,1,3,2,0,0,0,0,2,3,4,4,19,28,30,22,8,3,2,263,420,547,159,87,11,5,1,8,36,336,372,0,0,0,47,60,94,101,100,63,38,0,0,0,0,0,0,0,0,0,75,0,0,0,0,64,72,76,64,65,59,62,59,61,55,66,71,-1.7,3.8,16.6,9.4,-9.1,-4.6,3.8,-2,-5.4,-0.4,10.2,3.7,1535,956,288,605,0,0,0,0,586,210,1,122,3,26,492,179,2145,1695,717,1306,0,0,4,2,4,11,77,33,1056,793,17,380,0,106,295,101,0,0,75,0,69,68,60,61,1.9,12.7,-9.7,22.4,3110,495,3.8,25.6,920,699,5863,7,124,199,258,59,2245,-31.9,29.8,502,75,0,64
1917,PARA,ABIAMA,46.776207,121.731972,1621.178947,-2.9,-1.3,-1.6,1.2,4.9,12.1,21.8,21.3,13.8,11.1,7.3,1.9,-9.2,-8.4,-8.4,-5,-3.5,-0.6,4.6,6.2,4.6,0,-2.1,-3.5,-6,-4.8,-5,-1.9,0.7,5.7,13.2,13.7,9.2,5.6,2.6,-0.8,496,219,415,398,61,187,12,6,107,42,278,701,0,0,0,0,0,0,0,0,0,0,0,0,206,158,180,95,44,3,0,0,1,8,29,78,1,1,1,4,11,56,255,272,135,64,21,5,746,636,715,597,536,368,146,134,264,387,463,580,0,0,0,0,0,0,3,6,2,1,0,0,1,1,1,3,5,11,29,30,26,15,9,6,383,186,403,366,42,42,0,0,5,13,240,281,0,0,0,0,54,87,133,110,55,37,19,0,0,0,0,0,0,0,121,104,0,0,0,0,73,71,72,75,69,58,49,55,70,63,67,69,-1.7,1.5,18.4,10.7,-8.6,-5.6,3.4,0.8,-5.1,-2.1,10.9,5.8,1116,874,205,427,0,0,0,0,442,320,3,38,7,16,583,220,1962,1847,648,1114,0,0,9,3,9,9,70,50,850,812,42,258,0,54,329,110,0,0,225,0,71,72,54,67,2.7,13.7,-6,19.8,2924,373,4.3,36.8,802,825,5571,12,137,183,269,86,1961,-31.9,29.8,493,225,0,67
1918,PARA,ABIAMA,46.776207,121.731972,1621.178947,0,-1.9,1.3,7.4,8.4,18.1,18.9,15.5,19.1,8.6,2.7,-0.4,-6,-8.6,-7.1,-4.9,-2,3.7,5.7,5.8,6.5,0.8,-4.8,-7,-3,-5.3,-2.9,1.3,3.2,10.9,12.3,10.7,12.8,4.7,-1.1,-3.7,630,433,331,132,141,18,54,157,23,386,330,555,0,0,0,0,0,0,0,0,0,0,0,0,127,168,125,39,14,0,0,0,0,11,82,141,2,1,2,12,26,178,226,173,235,52,6,2,652,647,649,503,459,214,178,229,164,413,571,669,0,0,0,0,0,2,2,1,8,0,0,0,3,1,2,3,8,25,30,30,28,17,4,2,315,378,297,82,70,0,1,6,7,2,44,217,0,0,0,54,68,113,113,80,73,30,0,0,0,0,0,0,0,95,59,0,50,0,0,0,75,72,66,56,64,55,59,69,61,73,71,78,0,5.7,17.5,10.2,-6,-4.7,5,0.8,-3,0.5,11.3,5.5,1764,603,230,739,0,0,0,0,436,178,0,93,5,40,577,293,1968,1611,621,1148,0,1,5,9,7,12,85,50,910,450,8,54,0,122,306,102,0,0,154,50,75,62,61,68,3.3,12.3,-3.7,16,3190,394,4.2,31.2,707,915,5349,15,154,191,281,89,1421,-31.9,29.8,530,204,0,66
1919,PARA,ABIAMA,46.776207,121.731972,1621.178947,-0.5,-0.9,1.1,4.6,9.9,14,21.1,19,14.8,5.8,2.6,-1.7,-7.4,-6.7,-5.9,-4.3,-1.6,1,4.5,6,3.6,-1.4,-4,-8.7,-4,-3.8,-2.4,0.1,4.2,7.5,12.8,12.5,9.2,2.2,-0.7,-5.2,780,384,338,268,181,47,13,14,161,170,406,358,0,0,0,0,0,0,0,0,0,0,0,0,151,133,113,55,9,1,0,0,1,28,75,181,2,1,3,8,36,87,244,232,134,26,7,1,682,606,634,536,428,316,161,173,265,492,562,716,0,0,0,0,1,0,3,3,2,0,0,0,2,2,3,4,9,17,29,30,24,11,6,1,464,295,293,205,70,5,0,0,0,33,148,346,0,0,0,43,75,94,129,98,60,25,0,0,0,0,0,0,0,47,116,84,0,0,0,0,72,75,71,67,61,58,50,60,64,74,74,73,-0.6,5.2,18,7.7,-7,-3.9,3.8,-0.6,-3.8,0.6,10.9,3.6,1719,787,74,738,0,0,0,0,465,176,1,105,4,47,564,166,2004,1599,650,1319,0,1,6,2,6,15,76,40,1105,568,5,182,0,118,321,86,0,0,247,0,73,66,56,71,2.7,12.8,-5.2,18,3120,417,4.1,30.8,747,780,5571,9,137,175,261,86,1860,-31.9,29.8,525,247,0,66
1920,PARA,ABIAMA,46.776207,121.731972,1621.178947,-0.5,3.6,1.3,2.3,8.7,13.3,20.4,19.2,12,5.6,3.6,-0.2,-6.6,-6.8,-5.6,-5.3,-2.8,1.6,7,7.2,4.3,0.2,-4,-4.8,-3.5,-1.6,-2.1,-1.5,3,7.4,13.7,13.2,8.1,2.9,-0.2,-2.5,543,50,334,323,94,93,40,83,284,305,306,650,0,0,0,0,0,0,0,0,0,0,0,0,140,88,107,87,16,1,0,0,1,22,66,112,2,3,3,5,24,86,270,256,107,31,8,3,668,546,626,585,467,318,134,150,296,470,547,632,0,0,0,0,0,0,4,4,1,0,0,0,3,2,3,3,6,19,31,30,25,15,6,4,300,27,283,290,50,9,0,1,11,52,169,274,0,0,0,0,71,90,119,96,48,23,0,0,0,0,0,0,0,0,79,13,0,0,0,0,75,60,72,70,60,62,59,63,75,81,71,71,0.5,4.1,17.6,7,-7.4,-4.6,5.3,0.2,-3.5,-0.2,11.4,3.6,951,751,216,895,0,0,0,0,340,210,1,89,7,32,613,146,1846,1678,602,1313,0,1,9,2,9,11,80,46,600,622,11,231,0,71,305,71,0,0,92,0,69,67,61,76,3.1,13.7,-3.5,17.2,3106,595,4.2,23,640,798,5440,11,147,185,265,80,1465,-31.9,29.8,446,92,0,69
1921,PARA,ABIAMA,46.776207,121.731972,1621.178947,-1.9,-1.4,1,3.3,10,14.1,18.6,17.3,10.7,12.4,4.3,-0.8,-7.6,-6.2,-5.4,-4.5,-2.2,4.1,4.6,6,2.5,-0.3,-3.4,-7.6,-4.8,-3.8,-2.2,-0.6,3.9,9.1,11.6,11.7,6.6,6,0.4,-4.2,578,475,335,262,137,116,28,58,281,231,539,461,0,0,0,0,0,0,0,0,0,0,0,0,172,133,108,67,10,1,0,0,3,7,55,153,1,1,3,6,33,127,204,206,72,73,10,1,707,606,628,557,438,267,199,198,343,372,527,685,0,0,0,0,0,1,1,2,1,1,0,0,2,2,3,4,7,26,29,30,21,14,7,2,388,365,285,219,58,5,1,2,26,68,113,318,0,0,0,0,76,88,114,89,47,40,15,0,0,0,0,0,0,0,86,31,0,0,0,0,76,80,74,70,58,67,57,64,72,58,71,81,-1.2,4.8,16.7,9.1,-6.2,-4,4.9,-0.4,-3.7,0.4,10.8,4.4,1704,735,202,1052,0,0,0,0,458,185,1,64,4,42,537,155,1997,1622,664,1241,0,1,4,2,6,14,85,42,1071,562,7,207,0,76,291,102,0,0,117,0,79,67,63,67,2.8,11.7,-4.8,16.4,3503,620,3.7,18.8,709,738,5525,7,147,186,251,65,1846,-31.7,30.2,469,117,0,68
1922,PARA,ABIAMA,46.776207,121.731972,1621.178947,-3.3,-1.8,-0.9,2.5,9.4,18.4,21.3,18.4,16.3,9.1,2.4,-2.1,-10.7,-9.8,-7.9,-5.3,-2.8,3.7,6.3,6.8,4.4,0.8,-5.6,-8.8,-7,-5.8,-4.4,-1.4,3.3,11.1,13.8,12.6,10.4,5,-1.6,-5.4,289,215,367,235,135,11,1,86,119,260,152,680,0,0,0,0,0,0,0,0,0,0,0,0,231,181,163,84,13,0,0,0,1,10,93,188,0,1,1,5,27,183,273,236,167,55,5,1,776,662,696,581,456,208,133,170,230,405,588,724,0,0,0,0,0,2,4,3,3,0,0,0,1,1,1,3,6,26,30,30,25,17,3,1,240,194,352,209,66,0,0,2,41,10,167,311,0,0,0,0,74,115,127,93,65,31,0,0,0,0,0,0,0,104,125,7,0,0,0,0,69,66,71,70,58,55,55,64,62,72,68,71,-1.9,3.7,19.4,9.3,-9.4,-5.3,5.6,-0.1,-5.7,-0.8,12.5,4.6,965,737,98,531,0,0,0,0,600,261,0,104,2,33,692,228,2161,1733,511,1222,0,1,10,4,3,10,86,46,745,627,2,217,0,74,334,96,0,0,236,0,69,66,58,68,2.5,13.8,-7,20.8,2550,352,4.9,39.1,965,955,5627,14,145,189,266,77,1591,-31.7,30.2,504,236,0,65
1923,PARA,ABIAMA,46.776207,121.731972,1621.178947,-1.2,-1,-0.1,5.9,8.7,13.9,19.6,20.1,17.4,9.8,6.1,-0.5,-7.4,-9.6,-6.8,-4,-1,3,6.5,7,4.8,0.5,-2.9,-6.3,-4.3,-5.3,-3.4,0.9,3.9,8.4,13,13.6,11.1,5.2,1.6,-3.4,652,185,273,160,160,85,62,63,99,203,268,480,0,0,0,0,0,0,0,0,0,0,0,0,161,170,138,43,10,1,0,0,0,9,39,133,1,1,2,11,32,109,251,267,187,58,15,2,693,650,666,512,439,288,149,139,206,400,491,660,0,0,0,0,0,1,3,5,4,0,0,0,2,1,2,4,11,24,30,30,26,16,8,3,410,162,253,107,68,5,1,1,5,20,76,534,0,0,0,48,68,90,116,102,68,33,17,0,0,0,0,0,0,5,54,38,0,0,0,0,74,64,72,64,67,65,59,60,60,69,68,72,-1.5,4.9,17.9,11.1,-8.6,-3.9,5.5,0.8,-5,0.5,11.7,5.9,1516,593,210,570,0,0,0,0,464,191,1,49,4,45,626,261,2002,1617,577,1097,0,1,9,5,6,17,84,50,1106,428,7,101,0,116,307,119,0,0,97,0,70,67,61,66,3.4,13.6,-4.3,17.9,2690,469,5,28.9,704,936,5293,15,157,176,269,93,1642,-31.7,30.2,542,97,0,66
1924,PARA,ABIAMA,46.776207,121.731972,1621.178947,-2.3,1,1.9,7.3,14.5,15,18.6,16.6,15.4,6.5,0.8,-2.2,-8.1,-4.6,-6.3,-4.3,0.3,3,5.7,6.1,3.8,-0.1,-5.2,-9.7,-5.2,-1.8,-2.2,1.5,7.4,9,12.1,11.3,9.6,3.2,-2.2,-6,450,485,177,137,36,55,37,52,175,329,387,364,0,0,0,0,0,0,0,0,0,0,0,0,184,91,109,36,2,1,0,0,1,19,108,203,1,3,3,13,92,123,222,196,145,34,4,1,720,551,629,495,328,272,182,208,254,460,607,740,0,0,0,0,2,1,2,2,3,0,0,0,2,4,2,4,15,24,30,30,24,15,4,1,319,267,151,80,4,2,1,2,3,14,58,283,0,0,0,54,95,96,111,85,62,26,0,0,0,0,0,0,59,41,74,33,0,0,0,0,75,78,67,59,55,62,60,66,63,77,76,76,-0.6,7.9,16.7,7.5,-6.3,-3.4,4.9,-0.5,-3.5,2.2,10.8,3.5,1415,350,143,891,0,0,0,0,478,146,1,128,4,109,541,183,2011,1452,662,1320,0,2,4,3,7,21,84,43,869,235,5,76,0,149,292,88,0,59,148,0,76,60,63,72,3.1,12.1,-6,18.1,2683,354,4.9,34.3,752,836,5445,9,154,163,262,99,1185,-31.7,30.2,528,207,0,67
1925,PARA,ABIAMA,46.776207,121.731972,1621.178947,-1.6,0.1,1.5,7.1,13.1,14.9,20.5,17.1,13.2,10,2.9,2.7,-6.5,-5,-5.5,-2.8,0.5,3.1,7,5.9,4.7,-0.7,-4.1,-3.6,-4.1,-2.4,-2,2.1,6.8,9,13.8,11.5,8.9,4.6,-0.6,-0.5,698,353,223,153,114,50,1,72,54,105,303,498,0,0,0,0,0,0,0,0,0,0,0,0,154,103,104,29,2,1,0,0,1,11,73,72,1,2,3,17,78,123,273,202,127,51,7,6,685,568,622,476,348,271,133,202,273,415,557,569,0,0,0,0,1,1,4,2,2,0,0,0,3,4,3,6,16,24,31,30,26,13,5,6,422,221,187,76,16,2,0,2,10,62,220,300,0,0,0,51,87,95,120,88,52,35,0,0,0,0,0,0,0,46,118,16,0,0,0,0,79,79,72,65,59,62,59,65,72,64,73,67,-1.2,7.2,17.5,8.7,-7.1,-2.6,5.4,0,-4.1,2.3,11.4,4.3,1416,490,123,461,0,0,0,0,328,135,1,85,9,98,598,185,1822,1446,606,1245,0,2,7,2,13,25,84,44,942,278,4,292,0,138,303,87,0,0,180,0,75,65,62,70,3.9,13.8,-4.1,17.8,2624,290,5.3,47.4,549,890,5119,11,166,160,268,108,1517,-31.7,30.2,528,180,0,69
1926,PARA,ABIAMA,46.776207,121.731972,1621.178947,0,1,7.8,12.3,10.6,18.6,21.1,16.1,10.7,7,4.9,-0.3,-5.8,-4.8,-3.8,-0.7,0.1,4,6,6.2,2.5,0.7,-2.5,-6.7,-2.9,-1.9,2,5.8,5.3,11.3,13.6,11.1,6.6,3.8,1.2,-3.5,387,362,139,103,186,26,1,100,171,298,433,375,0,0,0,0,0,0,0,0,0,0,0,0,126,92,39,8,5,0,0,0,3,15,44,136,2,3,15,55,51,189,268,189,72,40,13,2,650,553,497,366,393,202,137,215,344,441,503,664,0,0,0,1,1,2,4,2,1,0,0,0,4,4,5,12,14,26,30,30,21,17,8,2,191,203,39,10,49,0,0,3,4,9,122,138,0,0,42,69,75,115,126,82,46,26,15,0,0,0,0,0,0,89,125,0,0,0,0,0,76,77,59,57,65,55,54,68,73,78,73,74,1.2,10.2,18.6,7.5,-4.7,-1.5,5.4,0.2,-1.8,4.4,12,3.9,1248,428,128,902,0,0,0,0,355,51,0,62,7,121,646,125,1867,1256,554,1288,0,2,8,1,10,32,86,47,533,98,4,135,0,186,323,88,0,0,214,0,76,61,59,74,4.4,13.6,-3.5,17.1,2582,484,5.6,28.1,468,899,4965,11,174,171,251,80,769,-31.7,30.2,596,214,0,67
1927,PARA,ABIAMA,46.776207,121.731972,1621.178947,-1.9,-0.6,0,3.3,5,14.2,19.3,17.4,12,7.9,2.8,-2.2,-7.4,-7.1,-6.3,-5.4,-2.2,3.7,6.3,6.8,4.9,0.5,-3.3,-8.5,-4.7,-3.9,-3.2,-1.1,1.4,8.9,12.8,12.1,8.4,4.2,-0.3,-5.4,400,456,298,183,208,42,18,74,276,317,743,389,0,0,0,0,0,0,0,0,0,0,0,0,169,135,132,77,33,1,0,0,1,13,67,185,1,1,2,5,14,122,243,221,114,45,8,1,703,609,658,572,514,273,162,184,287,428,548,721,0,0,0,0,0,1,3,3,2,0,0,0,2,2,2,3,7,25,30,30,26,16,7,1,264,354,272,160,137,2,0,2,25,42,106,226,0,0,0,0,52,90,114,87,47,28,0,0,0,0,0,0,0,48,96,13,0,0,0,0,77,73,74,67,73,66,60,66,76,75,76,73,-1,2.8,17,7.6,-7.1,-4.6,5.6,0.7,-4,-0.9,11.3,4.1,1231,689,134,1336,0,0,0,0,489,242,1,81,3,22,586,167,2033,1745,619,1263,0,0,6,2,5,12,86,49,845,569,4,174,0,52,291,75,0,0,157,0,74,71,64,76,2.5,12.8,-5.4,18.1,3404,618,3.7,20.7,813,778,5659,8,153,185,269,84,1591,-31.7,30.2,418,157,0,71
1928,PARA,ABIAMA,46.776207,121.731972,1621.178947,-1.7,0.5,2.2,5,15.6,12.7,20.6,18.3,15.6,7,4,-0.9,-7.1,-6.5,-4.9,-4.3,0.5,3.3,7.4,6,4.5,0.4,-3.2,-6.7,-4.4,-3,-1.4,0.3,8.1,8,14,12.2,10,3.7,0.4,-3.8,449,89,591,319,52,53,38,8,54,340,215,282,0,0,0,0,0,0,0,0,0,0,0,0,162,114,90,52,1,1,0,0,1,16,55,144,1,2,4,9,108,99,279,223,158,39,10,2,695,584,603,530,309,301,127,182,239,445,527,673,0,0,0,0,2,0,5,3,3,0,0,0,2,2,4,4,16,25,31,30,25,16,7,3,286,61,457,238,4,4,0,0,23,36,276,303,0,0,0,45,100,82,119,94,62,26,15,0,0,0,0,0,49,29,81,86,8,0,0,0,77,71,72,66,53,69,60,62,64,77,73,74,-1.1,7.6,17.2,8.9,-7.4,-2.9,5.6,0.6,-4.2,2.3,11.4,4.7,927,962,100,609,0,0,0,0,420,143,1,72,5,121,601,207,1951,1441,609,1212,0,2,8,3,7,23,85,48,649,698,5,335,0,145,296,103,0,49,196,8,74,64,63,71,3.7,14,-4.4,18.4,2491,206,5.5,68.1,637,934,5214,14,164,157,266,109,1687,-31.7,30.2,544,253,0,68
1929,PARA,ABIAMA,46.776207,121.731972,1621.178947,-3.9,-2.4,0.3,2.5,8.9,12.8,19.7,19.6,15.6,11.4,4.9,1.1,-11.1,-10.1,-5.6,-5.7,-2.5,2.6,4.8,5.7,3.6,0.8,-4.9,-4.7,-7.5,-6.2,-2.7,-1.6,3.2,7.7,12.3,12.7,9.6,6.1,0,-1.8,307,148,383,203,116,123,13,29,38,106,73,527,0,0,0,0,0,0,0,0,0,0,0,0,243,191,119,89,14,1,0,0,1,6,62,97,0,0,3,4,26,92,225,240,146,74,9,4,790,674,642,588,459,309,179,166,252,370,540,610,0,0,0,0,0,0,2,3,3,1,0,0,1,1,3,2,7,23,29,29,24,17,4,5,263,136,339,183,58,11,0,1,3,51,67,179,0,0,0,0,71,84,120,102,63,37,17,0,0,0,0,0,0,0,107,73,25,0,0,0,69,68,76,68,61,67,55,57,62,65,64,75,-2.4,3.9,17.4,10.6,-9.3,-4.6,4.4,-0.1,-5.8,-0.4,10.9,5.2,737,702,165,217,0,0,0,0,531,222,1,69,4,33,557,229,2074,1689,654,1162,0,1,6,3,6,12,82,45,578,580,12,121,0,71,306,117,0,0,180,25,71,68,60,63,2.7,12.7,-7.5,20.2,2066,320,6.1,39.7,823,824,5578,10,145,184,261,77,1290,-31.7,30.2,494,205,0,66
1930,PARA,ABIAMA,46.776207,121.731972,1621.178947,-5.5,-0.4,2.8,8.2,8.3,12.7,18.4,19.1,12.7,7.7,3.9,0.1,-14.3,-6.2,-6,-2.7,-1.3,2,5.7,7,5.2,0.9,-4.5,-6.2,-9.9,-3.3,-1.6,2.8,3.5,7.4,12.1,13,8.9,4.3,-0.3,-3,194,413,255,143,172,69,1,5,79,214,201,151,0,0,0,0,0,0,0,0,0,0,0,0,309,121,95,23,12,1,0,0,1,13,67,124,0,1,4,21,29,85,219,251,127,47,8,2,864,592,609,457,449,319,185,155,273,425,549,648,0,0,0,0,0,0,2,4,2,0,0,0,0,2,3,7,10,21,30,30,26,18,5,3,183,298,202,57,79,7,0,0,2,4,25,216,0,0,0,55,66,85,110,96,49,27,0,0,0,0,0,0,0,16,108,92,0,0,0,0,62,76,66,62,67,65,61,62,75,77,68,77,-1.6,6.5,16.7,8.1,-8.4,-3.3,4.9,0.5,-5,1.6,10.8,4.3,1134,570,75,494,0,0,0,0,554,130,1,81,4,53,555,181,2104,1515,659,1247,0,1,6,2,6,19,81,49,696,339,7,32,0,122,291,76,0,0,216,0,72,65,63,73,2.8,13,-9.9,22.9,1897,325,6.8,40.1,767,793,5526,10,155,181,273,92,1075,-31.7,30.2,489,216,0,68
1931,PARA,ABIAMA,46.776207,121.731972,1621.178947,0.3,1.5,2.7,6.1,13.3,13.8,21.9,19.4,11.8,8.9,2.3,-0.4,-6.3,-7.3,-8,-3.5,0.4,2.4,5,5.8,4.2,-0.6,-6.1,-6.7,-3,-2.9,-2.6,1.3,6.8,8.1,13.4,12.6,8,4.2,-1.9,-3.6,460,248,535,157,104,211,5,21,162,277,350,439,0,0,0,0,0,0,0,0,0,0,0,0,128,113,118,38,2,1,0,0,2,13,101,137,2,2,3,13,79,101,263,237,102,45,5,2,653,582,641,501,346,298,140,169,302,430,597,665,0,0,0,0,1,0,4,3,1,0,0,0,3,2,1,5,15,22,29,30,25,13,3,2,232,169,472,97,14,15,0,0,6,23,76,83,0,0,0,48,89,91,133,101,47,32,0,0,0,0,0,0,0,0,128,80,0,0,0,0,73,65,59,65,58,63,50,58,75,67,67,74,0.6,7.4,18.4,7.7,-6.6,-3.7,4.4,-0.8,-3,1.8,11.4,3.4,858,796,237,789,0,0,0,0,379,158,1,116,6,94,601,151,1900,1488,607,1329,0,2,7,2,7,22,81,41,483,583,16,104,0,137,324,80,0,0,208,0,70,61,57,70,3.4,13.4,-3.6,17,2968,502,4.5,26.8,654,851,5325,11,151,159,265,107,1186,-31.9,29.7,541,208,0,64
1932,PARA,ABIAMA,46.776207,121.731972,1621.178947,-1.9,-0.1,0.3,4.7,9.7,16.8,16.5,16.4,17.5,8.8,4.9,-1.1,-8.7,-8.5,-5.3,-3.9,-1.6,3,4.5,6.5,3.4,1,-2.5,-8.4,-5.3,-4.3,-2.5,0.4,4.1,9.9,10.5,11.5,10.4,4.9,1.2,-4.7,543,464,630,245,91,24,85,100,38,323,724,457,0,0,0,0,0,0,0,0,0,0,0,0,185,145,115,50,9,0,0,0,1,10,44,168,1,1,3,9,34,150,168,199,169,54,13,1,722,621,637,527,433,243,234,205,228,408,504,701,0,0,0,0,1,1,1,2,4,0,0,0,2,1,3,4,9,24,29,30,23,18,8,1,387,377,551,180,37,1,3,3,16,32,187,268,0,0,0,43,73,107,101,82,71,30,15,0,0,0,0,0,0,83,17,0,33,0,0,0,71,65,77,68,62,57,62,69,56,73,73,74,-0.8,4.9,16.6,10.4,-8,-3.6,4.7,0.6,-4.4,0.7,10.6,5.5,1447,967,208,1086,0,0,0,0,498,175,1,55,3,46,517,236,2044,1597,681,1140,0,1,4,4,4,17,83,50,1032,767,7,235,0,117,290,116,0,0,100,33,70,69,62,67,3,11.5,-5.3,16.7,3725,338,3.5,33.9,728,802,5462,9,153,180,260,79,2040,-31.9,29.7,523,133,0,67
1933,PARA,ABIAMA,46.776207,121.731972,1621.178947,-1.9,-3.5,-0.4,5.7,6.6,14.3,19.6,19.5,10.9,11.6,6.7,2.3,-8.1,-9.8,-6.6,-5.3,-2.6,1.2,4.6,6.4,2.6,0.7,-0.9,-3.2,-5,-6.7,-3.5,0.2,2,7.8,12.1,12.9,6.8,6.1,2.9,-0.4,509,278,424,85,150,87,25,80,232,296,285,647,0,0,0,0,0,0,0,0,0,0,0,0,178,202,140,54,25,1,0,0,3,6,26,72,1,0,2,8,17,93,220,248,75,75,23,6,713,686,668,534,497,308,184,158,338,369,454,569,0,0,0,0,0,0,2,4,1,1,0,0,2,1,2,3,6,18,29,30,21,17,12,7,351,259,394,64,93,7,0,1,2,26,179,331,0,0,0,48,60,96,120,99,47,37,17,0,0,0,0,0,0,9,95,20,0,0,0,0,74,73,74,60,67,58,54,60,72,64,73,69,-2.1,4,17.8,9.7,-8.8,-4.8,4.1,0.8,-5.5,-0.4,10.9,5.3,1244,659,192,813,0,0,0,0,452,219,1,35,7,28,562,173,1968,1698,650,1160,0,0,6,2,10,11,77,51,941,550,9,207,0,108,316,102,0,0,124,0,72,67,57,70,2.9,12.9,-5,17.9,3098,574,4.2,22.6,707,769,5476,8,148,189,253,64,1708,-31.9,29.7,526,124,0,67
1934,PARA,ABIAMA,46.776207,121.731972,1621.178947,2.3,6.8,8.9,12.4,13.3,14.9,17.9,19.7,13.5,10.7,5.3,2,-4.1,-3.7,-3,0,1.1,3.3,5.9,6.5,4.1,1.1,-2.2,-4.7,-0.9,1.6,2.9,6.2,7.2,9.1,11.9,13.1,8.8,5.9,1.5,-1.3,662,106,395,119,124,15,28,25,126,354,640,419,0,0,0,0,0,0,0,0,0,0,0,0,84,42,30,7,2,1,0,0,1,7,40,88,5,10,20,62,86,126,214,252,124,70,15,4,588,457,469,355,336,268,190,155,276,377,494,596,0,0,0,1,2,1,2,4,2,1,0,0,6,5,7,14,18,25,30,30,25,18,9,5,201,20,71,9,14,1,1,0,32,11,41,178,0,24,44,69,87,95,106,100,54,35,16,0,0,0,0,0,0,80,78,75,0,0,0,0,75,63,59,59,60,62,62,59,69,68,72,78,3.8,11.5,17.5,9.8,-3.7,-0.7,5.2,1,0.1,5.4,11.4,5.4,1415,638,68,1121,0,0,0,0,214,39,1,48,19,168,592,208,1641,1159,612,1148,0,3,6,3,16,39,85,52,399,95,2,85,24,200,302,105,0,0,233,0,72,60,61,70,5.5,13.1,-1.3,14.4,3015,318,5.1,41,301,988,4560,13,191,157,266,109,580,-31.9,29.7,631,233,0,65
1935,PARA,ABIAMA,46.776207,121.731972,1621.178947,-1.7,3.6,0.6,6.6,11.9,15.6,19.2,18.9,17.9,7.3,2.5,2.9,-8.6,-6.4,-7.3,-5.3,-1.6,3.2,6.3,5.9,5.6,-0.7,-5.8,-2.1,-5.2,-1.4,-3.3,0.7,5.2,9.4,12.8,12.4,11.8,3.3,-1.6,0.4,514,186,363,101,51,94,42,33,117,166,190,298,0,0,0,0,0,0,0,0,0,0,0,0,183,83,136,46,5,0,0,0,0,19,95,59,1,3,2,10,48,135,242,230,207,35,5,8,718,538,663,520,399,258,162,175,190,457,589,543,0,0,0,0,1,1,3,3,6,0,0,0,2,2,2,3,9,24,30,30,27,13,3,9,362,92,334,71,14,3,1,1,9,16,144,152,0,0,0,52,84,99,114,98,69,28,0,0,0,0,0,0,33,5,72,65,0,0,0,0,71,62,68,57,55,61,60,60,61,72,67,74,1.3,6.4,17.9,9.2,-6.6,-4.7,5.2,-0.3,-2.6,0.8,11.5,4.5,1119,515,168,474,0,0,0,0,324,187,1,114,12,60,608,247,1799,1581,596,1237,0,1,6,6,13,13,84,43,605,420,5,169,0,136,310,98,0,33,142,0,69,60,60,67,3.7,12.8,-5.2,17.9,2155,337,6.4,38,626,927,5213,14,153,184,275,91,1199,-31.9,29.7,544,175,0,65
1936,PARA,ABIAMA,46.776207,121.731972,1621.178947,0.2,-2.6,1.4,8.8,12.8,13.9,17.3,17.7,14.5,14.1,4.3,2,-5.8,-10.4,-7.1,-3.1,0.8,3.9,5.8,6.2,4.6,2.1,-5.3,-5.3,-2.8,-6.5,-2.8,2.9,6.8,8.9,11.5,11.9,9.5,8.1,-0.5,-1.6,581,441,323,86,230,186,45,38,101,77,64,575,0,0,0,0,0,0,0,0,0,0,0,0,122,199,123,23,2,1,0,0,1,3,70,93,2,0,2,21,78,120,201,215,144,117,7,4,645,683,648,455,348,275,202,190,255,307,554,605,0,0,0,0,1,1,1,2,3,2,0,0,4,1,2,6,17,26,30,30,26,21,4,4,278,409,289,33,32,9,1,1,3,30,97,61,0,0,0,58,85,87,103,90,57,43,0,10,0,0,0,0,0,0,57,52,0,0,0,0,75,67,66,59,61,67,64,64,68,61,64,81,0.2,7.7,16.3,11,-6.1,-3.1,5.3,0.5,-3,2.3,10.8,5.7,1320,638,269,242,0,0,0,0,415,148,1,74,7,101,536,268,1933,1451,666,1115,0,2,4,4,8,24,86,51,749,354,11,130,10,143,280,100,0,0,109,0,74,62,65,64,3.8,11.9,-2.8,14.7,2747,599,5,19.9,638,912,5165,10,169,162,269,107,1245,-31.9,29.7,533,109,0,66
1937,PARA,ABIAMA,46.776207,121.731972,1621.178947,-5.7,-0.2,4.2,3.3,12.4,15.3,18.6,15.5,15.1,12.3,4.4,2.7,-12.6,-7.3,-4.7,-3.8,-1.1,3.2,5.7,5.3,5.7,2.3,-1.8,-4.4,-9.2,-3.8,-0.2,-0.2,5.6,9.2,12.2,10.4,10.4,7.3,1.3,-0.9,259,441,262,384,84,215,23,96,73,173,754,515,0,0,0,0,0,0,0,0,0,0,0,0,287,132,69,61,4,1,0,0,1,4,43,79,0,1,6,7,55,130,223,165,168,98,13,5,842,605,567,547,384,264,181,238,229,333,502,582,0,0,0,0,1,1,2,1,3,1,0,0,0,2,4,5,10,24,30,29,27,22,10,5,239,337,163,309,20,9,0,4,6,1,25,226,0,0,0,0,86,98,111,81,58,38,14,0,0,0,0,0,2,0,89,0,0,0,0,0,70,70,66,73,56,61,60,67,69,67,77,71,-1.3,6.6,16.5,10.6,-8.4,-3.2,4.7,2.1,-4.8,1.7,10.6,6.3,1275,731,333,1000,0,0,0,0,498,135,1,48,6,69,517,279,2029,1499,683,1064,0,1,4,5,7,19,83,59,802,492,13,32,0,86,290,109,0,2,89,0,70,65,63,71,3.5,12.2,-9.2,21.3,3279,490,4.1,24.8,681,872,5274,10,168,172,277,105,1339,-31.9,29.7,485,91,0,67
1938,PARA,ABIAMA,46.776207,121.731972,1621.178947,1.1,2.4,2.5,8.9,12,15.8,20.9,15.9,17.7,9.6,2.3,2.1,-6.3,-6,-5.6,-2.8,-0.3,4,7.1,4.7,6.9,1.8,-5.3,-5.2,-2.6,-1.8,-1.5,3,5.8,9.9,14,10.3,12.3,5.7,-1.5,-1.6,315,206,417,225,111,33,15,31,48,264,338,408,0,0,0,0,0,0,0,0,0,0,0,0,119,91,94,21,4,0,0,0,0,7,92,93,3,3,4,23,59,148,279,162,221,67,5,4,641,551,607,449,377,244,127,241,177,382,585,604,0,0,0,0,1,1,5,1,7,1,0,0,3,3,3,6,13,26,31,28,28,20,4,4,146,114,329,81,24,1,0,1,3,3,183,161,0,0,0,58,83,98,123,84,66,31,0,0,0,0,0,0,0,66,108,53,18,0,0,0,70,67,68,60,59,63,58,64,66,74,70,73,2,7.8,17.5,9.9,-5.6,-2.9,5.3,1.1,-1.8,2.5,11.4,5.5,1037,752,79,650,0,0,0,0,302,119,0,99,9,86,590,293,1795,1433,611,1144,0,2,7,8,10,22,85,52,421,433,2,189,0,141,305,97,0,0,227,18,70,62,61,70,4.3,14,-2.6,16.6,2411,238,5.9,58.9,521,978,4984,16,169,175,283,108,1046,-31.9,29.7,544,245,0,66
1939,PARA,ABIAMA,46.776207,121.731972,1621.178947,0.4,-1.4,4.1,10.3,12.4,11.6,18.4,20,15.8,9,7.5,4.3,-5.7,-7.5,-5.9,-2.8,0.1,1.8,5.8,6.8,5.2,1.3,-1.1,-3.6,-2.7,-4.5,-0.9,3.7,6.3,6.7,12.1,13.4,10.5,5.2,3.2,0.4,494,413,245,53,129,104,55,29,53,187,209,606,0,0,0,0,0,0,0,0,0,0,0,0,120,148,81,17,3,2,0,0,1,9,24,59,2,1,5,29,67,71,221,261,171,58,25,8,642,625,588,429,364,340,183,145,226,399,445,543,0,0,0,1,1,0,2,5,4,0,0,0,4,2,3,6,15,20,30,30,27,19,12,6,230,339,175,14,23,15,1,0,1,13,167,158,0,0,0,63,84,80,110,101,61,30,18,0,0,0,0,11,0,0,55,72,8,0,0,0,75,74,62,56,60,67,61,59,66,74,70,71,0.3,8.9,16.7,10.8,-6.1,-2.9,4.8,1.8,-2.9,3,10.7,6.3,1315,426,188,448,0,0,0,0,328,101,2,34,12,101,553,255,1810,1381,669,1070,0,2,7,4,12,24,80,57,728,213,17,181,0,148,291,110,0,11,127,8,74,59,62,70,4.4,13.4,-2.7,16,2575,370,5.6,36.1,464,920,4930,13,172,167,274,107,1139,-31.9,29.7,549,146,0,66
1940,PARA,ABIAMA,46.776207,121.731972,1621.178947,1.7,1.4,5.8,7.8,15,17.3,17.5,18.4,15.4,9.4,2.2,3.8,-6.2,-4.3,-3.4,-1.9,0.6,3.6,5.9,6.5,7.1,2.4,-4.5,-4.3,-2.2,-1.5,1.2,2.9,7.8,10.5,11.7,12.4,11.3,5.9,-1.1,-0.3,164,630,348,245,111,19,59,29,154,356,349,290,0,0,0,0,0,0,0,0,0,0,0,0,110,84,48,22,1,0,0,0,0,7,84,69,3,3,11,22,100,165,208,232,193,70,6,6,629,541,524,452,318,227,195,174,201,376,574,564,0,0,0,0,2,2,1,3,5,1,0,0,3,4,6,9,16,25,30,30,28,22,5,5,70,320,140,92,10,0,1,1,2,13,27,125,0,0,36,53,97,108,104,94,56,30,0,12,0,0,0,0,0,89,45,64,0,0,0,0,68,77,66,66,54,57,63,63,73,76,73,71,2.5,9.5,17.7,9,-4.7,-1.6,5.3,1.7,-1.1,4,11.5,5.3,1400,704,108,860,0,0,0,0,264,72,0,91,12,133,604,270,1734,1294,597,1151,0,3,6,5,13,31,85,55,515,241,2,42,12,185,306,86,0,0,198,0,72,62,61,74,4.9,12.4,-2.2,14.7,2755,373,5.4,33.4,427,1019,4775,14,184,161,287,126,800,-31.9,29.7,589,198,0,67
1941,PARA,ABIAMA,46.776207,121.731972,1621.178947,2.7,5.4,8.8,10.1,10.5,12.5,21.5,16.3,9.8,7.4,5.5,0.9,-5.6,-3.5,-3,-2.1,0.2,3.2,7.9,7.1,4.4,0.8,-2.5,-5.8,-1.4,1,2.9,4,5.3,7.9,14.7,11.7,7.1,4.1,1.5,-2.4,266,134,153,162,216,72,13,84,249,249,317,515,0,0,0,0,0,0,0,0,0,0,0,0,94,49,30,15,5,1,0,0,2,14,40,110,4,8,20,31,51,95,299,209,82,44,15,3,604,473,469,421,393,305,108,196,328,431,495,630,0,0,0,1,1,0,7,2,1,0,0,0,4,6,7,8,15,24,31,30,25,17,8,3,93,31,27,39,57,6,0,2,5,16,160,75,0,21,44,62,74,81,124,80,39,27,16,0,0,0,0,0,0,8,110,0,0,0,0,0,68,67,59,58,66,69,59,70,82,77,71,69,4,9.8,16.8,7.6,-4.5,-1.6,6.1,0.9,-0.3,4.1,11.4,4.2,690,530,169,815,0,0,0,0,253,50,1,56,15,102,603,141,1707,1283,609,1254,0,2,10,1,13,29,85,51,200,123,8,181,21,180,285,81,0,0,118,0,68,61,66,77,4.7,14.7,-2.4,17.1,2430,634,6,23.2,360,860,4854,13,179,169,265,96,513,-31.4,29.1,568,118,0,68
1942,PARA,ABIAMA,46.776207,121.731972,1621.178947,0.5,0.5,2.4,7.3,8.7,11.5,19.3,19.2,16.9,11,1.7,0.4,-9,-6.6,-6.4,-2.7,0,2.3,7.6,7.5,5,0.2,-4.7,-5.5,-4.3,-3,-2,2.3,4.3,6.9,13.5,13.4,11,5.6,-1.5,-2.6,208,229,230,169,160,182,60,29,12,249,674,541,0,0,0,0,0,0,0,0,0,0,0,0,159,116,103,28,8,2,0,0,0,8,92,114,1,2,3,18,38,75,264,262,184,65,5,3,691,585,621,472,423,333,139,145,212,386,585,635,0,0,0,0,1,0,4,5,4,1,0,0,1,2,2,7,14,22,31,30,26,15,5,4,130,159,191,80,59,24,1,0,32,30,71,248,0,0,0,52,66,78,111,96,66,36,0,0,0,0,0,0,0,0,51,67,54,0,0,0,62,71,65,65,70,69,64,63,62,64,75,73,0.6,6.1,16.7,9.8,-7.1,-3,5.8,0.2,-3.2,1.6,11.3,5,953,558,270,935,0,0,0,0,389,139,2,100,6,58,601,255,1911,1516,618,1183,0,1,9,5,7,23,83,46,537,330,25,133,0,117,284,102,0,0,118,54,69,67,65,67,3.6,13.5,-4.3,17.7,2742,442,5,30.5,629,920,5228,15,159,165,270,105,1025,-31.4,29.1,504,172,0,67
1943,PARA,ABIAMA,46.776207,121.731972,1621.178947,-3.2,2.8,2.1,8.5,8.6,12.1,18.9,15.9,17.9,8.1,5.1,1.8,-10,-6.5,-7.7,-3.4,-1.9,1.7,6,5.1,5,0.4,-1.7,-4.7,-6.6,-1.8,-2.8,2.6,3.3,6.9,12.4,10.5,11.4,4.3,1.7,-1.5,259,291,435,231,163,107,22,56,40,310,153,357,0,0,0,0,0,0,0,0,0,0,0,0,220,91,122,25,13,2,0,0,0,13,38,90,1,3,2,19,27,76,231,169,198,46,15,4,763,552,647,463,454,332,173,234,198,426,490,601,0,0,0,0,0,0,2,1,5,0,0,0,1,2,1,5,8,20,30,29,26,16,10,5,209,162,389,99,79,14,0,2,0,13,333,270,0,0,0,57,68,83,112,83,70,29,15,0,0,0,0,0,0,0,90,27,30,0,0,0,71,64,61,59,64,66,60,66,60,74,75,76,0,6.4,15.6,10.4,-7.4,-4.3,4.3,1.2,-3.7,1,10,5.8,1091,829,185,504,0,0,0,0,402,161,2,51,7,49,476,259,1915,1564,739,1114,0,1,4,6,8,15,79,53,641,567,17,347,0,126,278,114,0,0,117,30,70,61,64,70,3.4,12.4,-6.6,19,2425,389,5.5,31.9,616,791,5332,10,154,188,271,83,1571,-31.4,29.1,518,147,0,66
1944,PARA,ABIAMA,46.776207,121.731972,1621.178947,0.7,1.3,1.9,7.4,11.8,13.6,20.1,17.4,16.8,14,5,1,-8.4,-7.6,-7.5,-3.9,-0.7,2.9,6.5,6.2,6,2.8,-3.8,-5,-3.8,-3.2,-2.8,1.7,5.5,8.2,13.3,11.8,11.4,8.4,0.6,-2,303,248,267,223,196,52,10,32,176,110,291,223,0,0,0,0,0,0,0,0,0,0,0,0,148,118,122,33,4,1,0,0,0,3,52,101,2,2,2,15,54,105,259,211,196,124,11,3,677,588,646,488,387,293,143,194,199,298,521,617,0,0,0,0,1,1,3,2,5,2,0,0,2,1,1,4,11,24,30,30,27,23,6,4,176,176,238,123,47,4,0,1,1,34,33,134,0,0,0,53,83,88,119,89,64,42,16,0,0,0,0,0,0,36,109,56,0,0,0,0,63,64,63,60,59,65,58,65,66,64,67,74,1.3,7,17,12,-6.9,-4,5.2,1.7,-2.8,1.5,11.1,6.8,908,685,95,577,0,0,0,0,367,160,1,55,6,71,575,331,1882,1521,630,1018,0,1,6,7,7,17,84,56,486,409,5,68,0,136,296,122,0,0,201,0,67,61,63,65,4.1,13.3,-3.8,17.1,2131,466,6.6,28.6,582,983,5052,14,165,176,279,103,967,-31.4,29.1,554,201,0,64
1945,PARA,ABIAMA,46.776207,121.731972,1621.178947,1.8,1,1.6,5,12.5,14.6,22.1,18.8,12.6,11.3,1.9,0.3,-7.1,-5.8,-6.1,-5.2,0.1,2.9,7.5,8.4,4.8,1.1,-4.8,-5.2,-2.6,-2.4,-2.2,-0.1,6.3,8.7,14.8,13.6,8.7,6.2,-1.4,-2.5,510,421,477,286,167,29,12,26,244,246,552,475,0,0,0,0,0,0,0,0,0,0,0,0,119,102,109,58,3,1,0,0,1,6,90,112,3,2,3,8,68,117,302,269,121,76,5,3,640,566,630,542,362,279,105,138,279,367,583,632,0,0,0,0,1,1,8,5,2,1,0,0,3,3,2,3,14,24,31,31,26,18,4,4,236,261,408,225,29,1,0,0,6,1,85,97,0,0,0,0,85,94,129,91,49,36,0,0,0,0,0,0,0,66,117,65,0,0,0,0,65,72,69,62,60,62,56,67,74,66,74,76,1.3,6.4,18.5,8.6,-5.9,-3.7,6.3,0.4,-2.3,1.3,12.4,4.5,1154,930,66,1043,0,0,0,0,332,171,1,97,7,79,687,202,1838,1534,522,1229,0,1,14,3,9,20,85,48,593,662,2,92,0,85,314,86,0,0,248,0,71,64,62,71,3.9,14.8,-2.6,17.5,3444,477,4,31.1,600,976,5123,18,162,161,268,108,1349,-31.4,29.1,485,248,0,67
1946,PARA,ABIAMA,46.776207,121.731972,1621.178947,-0.4,0.9,2.4,6.6,13.1,11.6,18.6,18.6,14.2,5.4,2.2,0.8,-7.8,-6.5,-5.8,-4.3,0.1,2.2,6.7,7.7,4.7,-2.1,-5.8,-6.3,-4.1,-2.8,-1.7,1.1,6.6,6.9,12.7,13.2,9.4,1.7,-1.8,-2.7,540,422,428,204,59,188,47,19,101,332,422,539,0,0,0,0,0,0,0,0,0,0,0,0,154,110,98,40,2,2,0,0,1,34,98,117,1,2,4,12,73,76,240,255,141,22,5,2,685,578,613,506,355,333,165,151,258,508,594,639,0,0,0,0,1,0,2,4,2,0,0,0,2,2,3,4,14,22,30,31,26,9,3,3,327,281,346,131,9,25,1,0,19,9,269,232,0,0,0,51,88,79,109,92,56,25,0,0,0,0,0,0,29,0,62,73,0,0,0,0,69,70,68,61,58,69,63,66,69,73,68,77,0.3,7.3,16.3,7.3,-6.5,-3.3,5.5,-1.1,-3.1,2,10.9,3.1,1436,691,254,855,0,0,0,0,381,140,2,133,6,88,571,167,1902,1474,649,1360,0,2,7,3,7,21,82,38,839,485,26,297,0,139,279,81,0,29,135,0,72,62,66,70,3.2,13.2,-4.1,17.3,3300,414,4,31.9,656,832,5384,11,148,163,269,106,1647,-31.4,29.1,499,164,0,67
1947,PARA,ABIAMA,46.776207,121.731972,1621.178947,-2,3.1,7.3,9.6,15.2,12.9,17.7,16.6,16.2,6.9,2.9,1.2,-10.6,-6.2,-4.6,-2,1.4,2.8,5.6,5.2,5.5,1.3,-3.9,-5,-6.3,-1.5,1.4,3.8,8.3,7.8,11.6,10.9,10.8,4.1,-0.5,-1.9,523,240,290,210,46,191,45,31,131,532,415,392,0,0,0,0,0,0,0,0,0,0,0,0,212,86,46,17,1,1,0,0,0,14,71,99,1,3,11,29,113,95,205,180,180,44,7,3,753,543,518,427,302,306,198,223,217,432,555,614,0,0,0,1,2,0,1,1,4,0,0,0,1,2,4,8,19,23,30,29,27,19,6,4,412,125,108,56,3,16,1,1,6,123,221,277,0,0,41,60,97,85,106,87,62,25,0,0,0,0,0,0,50,0,61,55,0,0,0,0,64,64,58,60,56,67,62,64,66,81,74,71,0.7,10.7,15.7,8.7,-7.7,-1.8,4.5,1,-3.5,4.5,10.1,4.8,1302,546,267,1078,0,0,0,0,397,64,1,85,7,153,480,231,1910,1247,726,1203,0,3,3,4,8,31,82,51,814,167,18,351,0,198,277,87,0,50,116,0,66,58,64,73,4,11.6,-6.3,17.9,3047,445,4.6,26.2,547,872,5086,11,172,153,275,122,1350,-31.4,29.1,562,166,0,66
1948,PARA,ABIAMA,46.776207,121.731972,1621.178947,-0.3,-0.9,1.7,3.1,8.9,16.1,17.2,14,14.2,9.3,0.7,-1.7,-8.1,-8.9,-7.1,-4.9,-0.9,5,4.9,6.2,3.3,-1.1,-5.5,-9.2,-4.2,-4.9,-2.7,-0.9,4,10.6,11,10.1,8.7,4.1,-2.4,-5.5,408,474,320,243,238,110,83,110,181,169,561,667,6.8,9.3,13,16.7,19.4,25,24.1,20.3,17.5,11,6.4,5.4,157,158,121,74,10,0,0,0,1,14,111,188,1,1,2,6,34,168,186,156,122,43,4,1,689,636,644,568,434,224,217,247,279,433,611,724,0,0,0,0,1,2,1,1,2,0,0,0,2,1,2,3,11,28,29,30,23,11,4,1,252,403,284,209,97,2,2,5,5,64,164,166,0,0,0,0,68,98,105,69,58,34,0,0,0,0,0,0,0,0,22,0,0,0,0,0,68,67,65,69,66,65,61,75,65,64,75,75,0,4.5,15.8,8.1,-7.3,-4.3,5.4,-1.1,-3.7,0.1,10.6,3.5,1274,801,303,911,7.2,16.4,23.1,11.6,503,204,0,126,3,42,509,169,2049,1646,687,1323,0,1,4,2,4,16,87,38,820,591,10,233,0,68,272,92,0,0,22,0,70,67,67,68,2.3,11,-5.5,16.5,3563,721,3.5,15.3,835,723,5705,6,144,173,257,85,1654,-31.4,29.1,432,22,14.6,67
1949,PARA,ABIAMA,46.776207,121.731972,1621.178947,-5.1,-0.6,3.9,8.4,13.9,14.4,18.3,17.7,16.9,8.6,9,-0.6,-13.5,-10,-5.4,-3.7,0.1,1.6,4.9,6.5,5.7,-1.8,-0.5,-7.4,-9.3,-5.3,-0.8,2.3,7,8,11.6,12.1,11.3,3.4,4.3,-4,148,573,256,131,71,46,47,37,92,270,498,586,7.3,10,12.7,18.1,22.5,25.6,26.4,22.3,18.1,10.8,6.7,5.1,291,168,78,27,2,1,0,0,0,18,17,148,0,1,5,18,82,98,205,221,194,36,36,2,845,648,583,470,342,301,198,185,200,454,412,678,0,0,0,0,1,0,1,3,5,0,0,0,0,1,3,5,14,19,29,30,27,9,13,2,137,501,178,61,9,4,1,1,14,21,325,524,0,0,0,57,92,96,112,90,65,32,20,0,0,0,0,0,21,50,64,52,0,0,0,0,64,61,65,58,56,59,58,65,65,64,68,69,-2.5,8.7,16.8,11.5,-10.9,-3,4.3,1.1,-6.7,2.9,10.6,6.3,1387,458,131,860,7.5,17.8,24.7,11.9,607,107,1,35,2,105,524,266,2172,1395,684,1067,0,2,4,5,3,22,79,50,1161,248,6,360,0,149,297,117,0,21,166,0,65,59,61,65,3.4,12.1,-9.3,21.4,2756,294,4.9,41.2,751,897,5318,12,154,164,278,114,1775,-31.4,29.1,563,187,15.5,63
1950,PARA,ABIAMA,46.776207,121.731972,1621.178947,-7.1,-0.3,0.3,4.1,9.6,14.8,19.8,19.1,16.5,5.9,2.5,3.7,-15.6,-7.2,-6.3,-4.4,-2.7,2.2,6.3,6.2,4.6,0.4,-3.8,-2.5,-11.3,-3.7,-3,-0.2,3.4,8.5,13.1,12.7,10.6,3.1,-0.6,0.6,534,469,598,299,91,63,35,96,89,408,569,515,6.3,8.7,11.3,17.1,22.1,23.4,26.8,22.5,19,9.8,6.6,4.9,353,131,128,60,13,1,0,0,1,20,74,56,0,1,2,7,28,111,251,239,173,33,7,9,908,605,654,545,452,286,149,167,224,462,559,537,0,0,0,0,0,1,3,3,4,0,0,0,0,2,2,4,6,22,30,30,26,16,6,8,516,358,543,238,43,4,0,2,3,47,44,383,0,0,0,0,74,97,117,98,65,23,0,0,0,0,0,0,0,34,82,2,0,0,0,0,63,71,73,68,58,60,59,60,62,81,75,72,-2.7,4.6,17.9,8.3,-10,-4.5,4.9,0.4,-6.4,0.1,11.4,4.4,1589,988,194,1067,6.6,16.9,24.2,11.8,541,201,1,94,10,38,601,214,2050,1651,602,1245,0,1,7,4,10,12,82,47,1257,824,6,94,0,74,312,89,0,0,118,0,69,66,59,73,2.8,13.1,-11.3,24.4,3767,375,3.4,34.8,837,862,5547,12,151,189,268,79,2180,-31.4,29.1,475,118,14.9,67
1951,PARA,ABIAMA,46.776207,121.731972,1621.178947,-2.1,0.8,1.4,9.5,12.1,16.7,20.7,18.3,18.1,7.3,3.1,-1.9,-8.6,-7.2,-8.1,-2.8,-0.4,3.4,6,5,5.2,0.8,-4.1,-7.9,-5.3,-3.2,-3.4,3.4,5.8,10.1,13.4,11.6,11.6,4,-0.5,-4.9,587,545,365,51,146,21,8,47,144,324,387,483,6.7,9.8,13.1,21.4,21.6,26.7,27.5,24.6,18.5,10.1,6.4,5.6,188,119,137,19,4,0,0,0,0,14,71,172,1,1,2,25,59,153,260,205,204,43,7,1,724,589,665,439,377,239,142,199,193,434,555,706,0,0,0,1,1,1,4,2,5,0,0,0,2,2,1,7,13,25,30,29,27,17,5,2,422,386,337,16,31,1,0,1,4,81,232,99,0,0,0,60,84,105,124,96,70,26,0,11,0,0,0,10,0,84,115,49,0,0,0,0,73,67,62,58,59,58,55,59,60,77,72,75,0.8,7.7,18.6,9.5,-6.1,-3.8,4.8,0.6,-2.6,1.9,11.7,5.1,1647,561,76,855,7.4,18.7,26.2,11.7,479,160,0,86,3,87,619,254,2019,1482,580,1182,0,2,7,6,5,20,84,49,907,384,2,317,11,144,325,97,0,10,248,0,72,60,57,70,3.6,13.4,-5.3,18.7,3106,365,4.4,36.5,725,963,5263,14,158,175,272,97,1610,-31.6,29.1,577,258,16,65
1952,PARA,ABIAMA,46.776207,121.731972,1621.178947,-2.8,0.3,1.2,9.6,12.3,12.3,21.2,18.9,19.1,14.1,4.2,0.2,-9.1,-6.9,-6.3,-3.5,-0.3,2.7,5.9,7.2,5.5,1.1,-4.2,-5.4,-5.9,-3.3,-2.5,3.1,6,7.5,13.5,13,12.3,7.6,0,-2.6,290,236,368,114,107,102,19,32,26,57,67,409,6.2,9.6,13.7,18.5,22,22.6,27.4,23.8,18.7,12.2,7.7,5.1,203,121,117,21,3,1,0,0,0,4,62,114,1,1,3,23,62,87,266,250,222,104,9,3,742,592,639,448,373,316,138,156,176,324,540,635,0,0,0,0,1,0,4,4,7,1,0,0,1,2,2,5,13,23,30,30,27,18,5,4,221,170,323,40,21,10,0,1,4,41,153,357,0,0,0,61,85,81,127,94,74,44,15,0,0,0,0,0,0,0,107,62,48,0,0,0,73,70,70,55,59,68,54,64,58,58,69,74,-1.4,7.7,17.4,12.5,-8,-3.4,5.3,0.8,-4.7,2.2,11.4,6.6,1009,589,154,150,7,18.1,24.6,12.9,438,141,1,66,5,88,604,335,1970,1459,610,1039,0,2,8,8,7,20,83,50,748,385,11,197,0,146,302,133,0,0,169,48,72,61,62,62,4.1,13.5,-5.9,19.5,1827,287,7.7,47.2,646,1031,5079,18,161,173,275,102,1341,-31.6,29.1,581,217,15.6,65
1953,PARA,ABIAMA,46.776207,121.731972,1621.178947,1.2,1.6,2.3,5.2,8.7,9.4,19.2,17.3,16.2,10.9,5.1,0.7,-4.3,-5.9,-5.3,-3.3,-0.7,1.9,5.7,7,6,2,-1.7,-4.4,-1.5,-2.2,-1.5,0.9,4,5.7,12.5,12.2,11.1,6.4,1.7,-1.9,1176,280,310,228,180,124,29,83,105,236,426,715,5.1,9.7,12.9,16.2,21,23.2,27.9,21.6,18.1,11.1,6.5,5.1,96,97,94,43,9,3,0,0,0,6,38,98,4,2,4,11,34,55,233,223,188,80,16,3,607,560,607,512,434,370,171,182,205,360,489,612,0,0,0,0,1,0,2,3,4,1,0,0,6,3,3,5,12,21,30,30,27,21,10,5,423,167,245,152,73,28,0,2,1,1,23,205,0,0,0,44,67,67,115,86,61,34,15,0,0,0,0,0,0,0,86,3,0,0,0,0,78,70,70,69,68,75,58,67,67,70,75,76,1,5.4,15.3,10.7,-5.2,-3.1,4.9,2.1,-2.1,1.1,10.1,6.4,1865,718,235,767,6.6,16.7,24.2,11.9,291,146,3,44,10,49,511,283,1780,1553,723,1055,0,1,5,5,13,20,81,58,794,470,31,25,0,111,268,111,0,0,89,0,75,69,67,71,4,12.5,-1.9,14.3,3891,521,3.6,24,484,853,5111,11,173,169,280,111,1319,-31.6,29.1,490,89,14.9,71
1954,PARA,ABIAMA,46.776207,121.731972,1621.178947,-2.5,-0.1,1.1,4.2,11.5,10.4,16.5,13.3,13.2,8.9,6,0.6,-8.2,-5.6,-8.1,-4.5,-0.8,1.7,4.7,6.7,5.6,0.7,-0.6,-5.3,-5.3,-2.9,-3.5,-0.2,5.4,6,10.6,10,9.4,4.8,2.7,-2.3,679,401,235,242,90,154,62,88,111,165,376,419,6.2,10.2,14.6,19,22.5,22.3,26.1,22.3,18,11.2,6.9,5.5,187,112,140,60,5,3,0,0,1,11,28,108,1,2,2,7,52,60,173,152,140,52,22,3,724,581,668,545,392,359,229,250,258,411,459,627,0,0,0,0,1,0,1,1,2,0,0,0,2,3,1,4,11,20,29,30,27,17,13,4,487,272,219,193,23,30,2,4,4,8,90,298,0,0,0,0,81,73,101,64,50,31,16,0,0,0,0,0,0,0,39,0,0,0,0,0,76,77,63,67,59,71,63,78,75,72,77,79,-0.6,5.6,13.4,9.4,-6.1,-4.5,4.4,1.9,-3.4,0.6,8.9,5.6,1794,567,305,652,7.3,18.7,23.6,12,407,204,3,39,5,61,385,214,1931,1605,838,1128,0,1,2,3,9,16,79,57,1057,434,37,102,0,81,238,96,0,0,39,0,77,63,70,75,2.9,10.6,-5.3,16,3023,506,4.3,21,654,666,5503,6,160,168,277,109,1630,-31.6,29.1,416,39,15.4,71
1955,PARA,ABIAMA,46.776207,121.731972,1621.178947,-1,-0.7,-2.6,1,5.7,12.7,14.3,17.5,14,7.5,-0.3,-0.6,-7,-7.9,-8.1,-5.4,-3.1,2.5,5,5.6,4.7,1.1,-6.1,-6.9,-4,-4.3,-5.3,-2.2,1.3,7.6,9.7,11.5,9.3,4.3,-3.2,-3.8,245,284,518,301,159,81,96,21,123,514,653,579,7,10.1,13.8,16.9,21.2,24.5,23.9,25.5,18.3,10.1,7.1,5.2,153,144,189,103,34,1,0,0,1,13,132,142,1,1,1,4,14,89,143,202,138,46,3,2,683,620,725,606,518,313,259,202,260,426,637,672,0,0,0,0,0,0,0,2,2,0,0,0,3,1,1,3,5,22,29,29,26,18,3,2,147,230,506,280,106,8,5,1,7,14,57,197,0,0,0,0,57,84,86,91,55,27,0,0,0,0,0,0,0,3,0,70,0,0,0,0,75,70,77,74,68,66,70,63,70,78,76,75,-0.3,1.4,14.8,7,-6.7,-5.5,4.4,-0.1,-3.5,-2.1,9.6,3.5,948,977,198,1289,7.4,17.3,24.6,11.8,439,326,1,146,4,18,435,187,1975,1849,774,1324,0,0,3,3,6,9,81,47,574,891,13,78,0,57,261,81,0,0,73,0,73,73,66,75,1.7,11.5,-4,15.6,3572,480,3.3,24.1,913,644,5921,6,143,185,270,85,1556,-31.6,29.1,399,73,15.3,72
1956,PARA,ABIAMA,46.776207,121.731972,1621.178947,-1.6,-2.4,-1.5,6.9,14,11.4,20.5,17.7,15,5.6,4.4,1.7,-7.6,-8.5,-6.9,-3.7,0.1,2.4,6.9,6.6,5,0.4,-4.1,-5,-4.6,-5.5,-4.2,1.6,7.1,6.9,13.7,12.2,10,3,0.2,-1.7,540,255,555,60,74,144,22,34,136,378,178,618,5.9,9.5,13,20.9,22.9,23.3,26.9,23.6,18.2,10.3,7.7,5.4,168,173,158,35,2,2,0,0,1,21,60,94,1,1,1,14,84,76,270,223,155,32,9,4,702,653,690,493,339,333,134,183,242,467,535,606,0,0,0,0,1,0,4,3,3,0,0,0,2,1,2,5,14,22,30,30,26,16,5,4,355,226,529,35,9,19,0,1,8,56,432,364,0,0,0,51,93,77,121,90,59,23,16,0,0,0,0,0,19,0,98,56,0,0,0,0,75,74,77,62,56,70,58,65,68,82,68,73,-1.6,6.5,16.6,8.3,-7.7,-3.5,5.3,0.4,-4.6,1.5,10.9,4.4,1374,689,200,693,6.9,18.9,24.6,12.1,436,195,2,81,6,99,569,197,1961,1521,650,1244,0,2,7,3,7,21,83,47,945,572,20,496,0,144,287,97,0,19,154,0,74,65,64,72,3.2,13.7,-4.6,18.3,2994,410,4.4,33.4,713,870,5377,12,159,164,270,106,2033,-31.6,29.1,528,173,15.6,69
1957,PARA,ABIAMA,46.776207,121.731972,1621.178947,-3.1,-0.1,2.2,7.2,12.2,13.5,16.9,15.2,18.7,7.7,3.9,1.6,-11.7,-7.1,-4.9,-2.4,2.1,4.5,5.4,5.4,6.5,1.2,-4.5,-4.8,-7.4,-3.6,-1.3,2.4,7.1,9,11.1,10.3,12.6,4.4,-0.3,-1.6,223,362,496,196,98,113,35,60,55,236,260,576,6.7,10.3,13.2,18.3,22.5,23.6,25.7,22.6,18.7,10.5,7.7,4.8,241,128,90,27,2,1,0,0,0,12,68,93,0,1,4,18,85,124,189,162,230,48,8,4,788,601,602,469,337,271,213,240,168,422,550,604,0,0,0,0,2,1,1,1,8,0,0,0,1,2,4,7,21,27,30,29,28,18,5,5,190,272,382,90,12,5,1,3,7,80,59,244,0,0,0,51,79,83,101,79,71,27,0,0,0,0,0,0,0,0,66,19,16,0,0,0,64,71,72,66,67,70,64,68,62,78,68,73,-0.5,7.2,15.2,10.1,-7.9,-1.8,5.1,1.1,-4.2,2.7,10.2,5.6,1203,790,208,551,7.3,18,23.9,12.3,462,119,1,80,6,107,475,286,1992,1408,724,1140,0,2,3,8,7,32,86,51,706,483,9,147,0,130,263,98,0,0,85,16,69,68,68,69,3.6,11.1,-7.4,18.6,2711,361,5,30.8,661,874,5264,13,176,145,282,137,1344,-31.6,29.1,491,101,15.4,69
1958,PARA,ABIAMA,46.776207,121.731972,1621.178947,0.4,4.3,3.1,6,16.2,16.3,23.1,21.1,13.2,11.2,2.8,3.4,-5.2,-3.1,-5.8,-3,2.4,6.3,9,7.4,5.1,1.6,-4.2,-2.7,-2.4,0.6,-1.3,1.5,9.3,11.3,16.1,14.3,9.2,6.4,-0.7,0.4,496,389,168,336,40,94,4,32,134,285,791,496,5.5,8.5,13,17.3,23.4,23.4,27.1,23.7,16,11.4,6.5,4.7,113,53,90,35,1,0,0,0,1,6,75,60,3,7,4,14,142,190,344,287,134,79,7,8,633,483,602,494,270,202,74,118,265,361,561,544,0,0,0,0,3,2,15,7,2,1,0,0,4,6,3,6,22,29,31,30,26,20,5,8,218,104,129,196,2,1,0,0,1,24,98,224,0,19,0,47,101,95,132,106,51,36,0,0,0,0,0,0,61,2,128,74,0,0,0,0,77,73,66,67,56,68,58,58,73,68,73,75,2.1,8.4,20.2,9.1,-4.3,-2.1,7.6,0.8,-1.1,3.2,13.9,4.9,1462,544,130,1210,6.2,17.9,24.7,11.3,226,126,0,82,18,160,821,219,1659,1366,394,1188,0,4,24,3,19,31,90,51,546,327,2,124,19,148,334,87,0,61,204,0,75,63,61,71,5.4,16.1,-2.4,18.4,3265,304,4.7,52.8,434,1218,4608,31,191,145,269,124,998,-31.6,29.1,588,265,15,68
1959,PARA,ABIAMA,46.776207,121.731972,1621.178947,-0.3,-0.3,1.3,7.2,9.3,13.1,20.3,16.1,10.9,8.4,4.6,1.4,-6.3,-5.9,-5,-2.9,-1.1,3.8,6.7,5.5,5.3,1.3,-3.9,-5.1,-3.3,-3.1,-1.8,2.1,4.1,8.5,13.5,10.8,8.1,4.8,0.3,-1.8,671,251,476,267,142,114,32,47,324,343,525,392,5.7,8.4,12.1,18.8,21.2,23,26.9,22.8,15.4,10.3,7.5,5.1,136,116,100,29,9,1,0,0,2,10,57,97,2,2,3,17,35,110,265,179,106,54,10,4,662,586,616,477,431,287,139,224,297,409,530,611,0,0,0,0,1,1,4,1,1,0,0,0,3,3,4,6,10,26,30,29,27,19,6,4,358,175,390,132,56,7,0,2,9,10,329,103,0,0,0,51,70,83,119,84,41,29,16,11,0,0,0,0,0,0,87,37,0,0,0,0,75,76,75,64,65,69,59,66,81,76,68,77,0.9,5.9,16.5,8,-5,-3,5.4,0.9,-2,1.5,10.9,4.4,1417,885,193,1193,6.4,17.4,24.2,11.1,349,138,1,68,7,55,554,170,1860,1524,649,1235,0,1,6,2,10,20,85,51,636,578,9,347,11,122,286,85,0,0,124,0,76,68,65,75,3.5,13.5,-3.3,16.8,3585,659,3.8,20.5,557,785,5268,9,167,180,273,93,1571,-31.6,29.1,504,124,14.8,71
1960,PARA,ABIAMA,46.776207,121.731972,1621.178947,-1.3,0.3,3.2,6.7,7.6,14.8,22.3,14.2,15.3,9.5,2.6,1.5,-7.9,-6.5,-5.6,-2.8,-0.9,3.2,6.9,6.5,4.9,1.6,-4,-5,-4.6,-3.1,-1.2,1.9,3.3,9,14.6,10.4,10.1,5.5,-0.7,-1.8,282,363,393,288,269,52,2,121,74,301,603,271,6.1,9.7,12.6,16.6,17.5,26,27.9,21.1,18.4,10.2,6.6,5.5,167,116,86,31,13,1,0,0,1,8,75,96,1,2,4,15,27,123,295,164,160,64,7,4,701,586,596,483,455,271,112,238,237,387,560,610,0,0,0,0,0,1,7,1,3,1,0,0,2,2,3,6,11,24,30,30,26,20,6,4,184,253,295,152,130,2,0,5,30,28,167,162,0,0,0,49,62,94,131,70,60,31,0,0,0,0,0,0,0,43,129,0,0,0,0,0,72,72,66,66,70,63,54,75,67,73,74,74,0.2,5.8,17.1,9.1,-6.5,-3.1,5.5,0.9,-3.2,1.4,11.3,5,1037,950,175,978,7.1,15.6,25,11.7,380,131,1,83,6,47,583,232,1896,1534,622,1185,0,1,9,4,8,20,85,51,599,576,8,224,0,111,296,91,0,0,172,0,73,67,64,71,3.6,14.6,-4.6,19.1,3019,518,4.5,28.1,594,868,5236,13,165,176,270,94,1408,-31.6,29.1,498,172,14.9,69
1961,PARA,ABIAMA,46.776207,121.731972,1621.178947,3.4,0.7,2.6,4.9,10,18.9,21.1,21.9,12.9,7.6,1.4,-0.2,-4.7,-3.8,-4.8,-3,0,4.5,7.1,8.5,3.7,-0.3,-5.6,-5.9,-0.6,-1.5,-1.1,0.9,5,11.7,14.1,15.2,8.3,3.6,-2.1,-3,485,772,386,285,169,48,35,39,90,277,339,532,6.4,7.9,12,16.4,19.8,26.2,27,23,18.2,10.9,7.5,4.8,79,86,85,43,6,0,0,0,1,17,105,124,5,3,5,11,46,202,282,318,110,39,4,2,579,543,595,512,403,190,124,97,292,447,603,649,0,0,0,0,1,3,5,12,2,0,0,0,5,5,4,6,14,27,31,31,24,14,3,3,136,400,287,191,50,0,0,0,4,16,249,111,0,0,0,43,72,116,124,108,53,29,0,0,0,0,0,0,0,68,89,69,0,0,0,0,69,82,71,71,66,56,57,59,70,73,72,73,1.9,5.8,20.6,7.3,-4.5,-2.6,6.7,-0.7,-1.3,1.6,13.7,3.3,1527,841,122,706,6.4,16.1,25.4,12.2,289,134,0,123,11,62,802,153,1771,1510,411,1341,0,1,20,2,13,24,88,41,647,528,1,269,0,115,348,81,0,0,226,0,75,69,57,71,4.2,15.2,-3,18.3,3458,381,4.1,39.9,546,1028,5034,23,166,165,259,95,1445,-31,29.1,545,226,15,68
1962,PARA,ABIAMA,46.776207,121.731972,1621.178947,-0.5,2.5,2.2,9,6.7,14.6,18.3,15.9,16.4,9.1,4.9,2.4,-8.1,-6.1,-6.6,-2.4,-0.7,2.1,5.5,6.7,6,1.5,-2.3,-4.1,-4.3,-1.8,-2.2,3.3,3,8.3,11.9,11.3,11.2,5.3,1.3,-0.8,297,184,356,258,156,50,32,131,141,224,717,367,6.2,9.8,13.4,18,19.8,27.1,27.3,21.2,18.5,10.4,6.6,5.3,160,90,107,20,16,1,0,0,0,9,43,78,1,3,3,25,24,107,215,195,191,60,14,5,692,550,627,442,465,290,188,209,203,396,501,580,0,0,0,1,0,1,2,2,5,1,0,0,2,3,2,7,12,21,30,30,27,19,9,6,187,101,302,84,81,3,1,4,8,43,188,292,0,0,0,58,56,96,110,79,62,30,15,0,0,0,0,0,0,46,78,0,0,0,0,0,68,67,65,60,74,60,60,70,67,74,74,76,0.6,6,16.3,10.1,-6.7,-3.2,4.8,1.7,-3,1.4,10.5,5.9,1013,771,212,1082,7.1,17.1,25.2,11.8,329,143,1,52,9,52,517,265,1823,1534,687,1100,0,1,4,5,10,21,81,56,580,468,8,238,0,114,285,107,0,0,124,0,70,67,63,72,3.9,11.9,-4.3,16.3,2914,510,4.8,23.4,525,843,5144,10,168,175,279,105,1294,-31,29.1,507,124,15.3,68
1963,PARA,ABIAMA,46.776207,121.731972,1621.178947,-1.7,6.4,3.6,4.5,11.8,12.1,15.3,17,18.2,9.1,2.9,1.9,-9.7,-2.6,-5.1,-3.2,0,3.3,5.6,7,7.3,2.3,-3.3,-4.7,-5.7,1.9,-0.8,0.6,5.9,7.7,10.4,12,12.8,5.7,-0.2,-1.4,165,371,319,265,81,89,78,73,72,250,436,306,7.4,9.5,13.4,16.3,23,24,25.1,23.2,18,10.3,6.3,5,196,39,78,47,3,1,0,0,0,7,65,89,1,12,5,10,61,92,166,218,234,67,8,4,734,448,584,521,375,309,236,187,164,383,545,598,0,0,0,0,1,0,1,2,8,1,0,0,1,7,3,6,14,25,30,30,28,21,7,5,123,61,222,188,17,8,3,2,5,14,173,114,0,23,0,42,81,78,91,85,67,29,0,0,0,0,0,0,0,0,13,12,0,0,0,0,67,68,67,71,61,71,69,68,66,77,76,75,2.4,6.6,14.8,10.1,-5.4,-2.8,5.3,2.1,-1.5,1.9,10.1,6.1,903,666,240,758,7.3,17.6,24.1,11.5,324,129,1,73,16,76,476,309,1780,1480,731,1092,0,1,4,9,13,23,85,57,297,427,13,192,23,123,254,96,0,0,25,0,70,66,69,73,4.1,12,-5.7,17.7,2505,394,5.6,30.6,527,878,5083,14,178,161,288,127,929,-31,29.1,496,25,15.1,69
1964,PARA,ABIAMA,46.776207,121.731972,1621.178947,-1.1,2.2,1.7,4,9.4,12.3,17.6,14.9,13,11.4,1.7,-1.1,-6.1,-6.8,-6.3,-5.3,-3.5,1,4.8,5.8,4.3,1.6,-4.2,-7.2,-3.6,-2.3,-2.3,-0.7,2.9,6.7,11.2,10.4,8.6,6.5,-1.2,-4.2,811,175,456,206,152,161,52,115,137,150,465,646,5.7,10.3,12.9,17.8,21.6,22.2,24,21,17.4,11.4,6.8,5.1,142,100,111,69,16,2,0,0,1,5,86,153,2,2,3,6,24,71,191,164,118,82,6,1,671,565,632,559,467,341,212,238,282,357,577,684,0,0,0,0,0,0,1,1,2,1,0,0,3,2,2,3,5,17,29,30,25,20,5,2,455,107,393,173,80,24,1,5,1,13,159,112,0,0,0,0,74,85,107,76,52,36,0,0,0,0,0,0,0,0,55,0,0,0,0,0,79,65,68,65,56,63,60,70,71,67,76,73,1,5,14.9,8.7,-5.9,-5,3.9,0.6,-2.4,0,9.4,4.6,1292,814,329,752,7,17.4,22.4,11.9,396,196,2,92,5,33,426,206,1920,1658,791,1216,0,1,2,3,7,10,76,50,674,646,30,173,0,74,269,88,0,0,55,0,72,63,64,72,2.7,11.2,-4.2,15.4,3527,618,3.6,18.1,686,670,5585,6,143,194,267,73,1523,-31,29.1,431,55,14.7,68
1965,PARA,ABIAMA,46.776207,121.731972,1621.178947,-0.6,0.4,6.5,8.5,9.1,15.4,21.3,17.3,13.9,11.9,5.2,0.2,-5.8,-5.5,-6.2,-2.9,-1.3,3,6.7,7.4,4.2,2.9,-0.9,-5.9,-3.2,-2.6,0.1,2.8,3.9,9.2,14,12.3,9,7.4,2.1,-2.8,669,373,91,227,123,23,29,103,47,176,314,312,6,8.5,15.7,17.8,22.9,27.7,27.5,22.2,19.4,10.9,6.3,4.9,133,106,64,23,10,1,0,0,1,4,33,120,2,2,7,21,33,129,279,229,130,99,18,2,659,572,557,456,437,264,127,177,269,331,476,643,0,0,0,0,1,1,5,3,2,1,0,0,4,3,2,6,10,24,30,30,25,23,12,3,351,240,52,90,52,1,0,2,11,5,217,435,0,0,40,57,70,99,126,85,56,36,15,0,0,0,0,0,0,75,97,0,9,0,0,0,78,76,54,60,65,60,56,69,68,70,78,74,-0.5,8,18,10.3,-6.2,-3.5,5.7,2,-3.3,2.3,11.8,6.2,1688,442,155,537,6.5,18.8,25.8,12.2,359,97,1,38,6,61,637,247,1874,1450,568,1076,0,1,9,3,10,18,85,60,1025,193,4,232,0,166,309,106,0,0,172,9,76,60,62,72,4.4,14,-3.2,17.2,2488,325,5.8,43,494,951,4969,13,173,184,266,82,1454,-31,29.1,582,181,15.8,67
1966,PARA,ABIAMA,46.776207,121.731972,1621.178947,-0.7,1.3,3.8,7.5,13,12.1,16.9,17.4,16.2,8.9,4.3,1.5,-6.7,-6.3,-5.9,-2.8,-1,2.4,5.5,6.3,6.5,0.3,-2.5,-3.7,-3.7,-2.5,-1.1,2.3,6,7.3,11.2,11.8,11.3,4.6,0.9,-1.1,456,256,291,161,118,96,75,33,94,262,386,503,6.2,9.8,13.3,20.2,23.2,23.8,26.5,24.3,17.3,11.1,6.6,4.2,144,104,84,27,3,1,0,0,0,11,48,83,2,2,5,18,63,83,191,212,195,50,12,5,672,570,593,471,372,322,211,193,200,417,512,589,0,0,0,0,1,0,1,2,5,0,0,0,3,2,3,6,11,22,30,30,28,16,8,6,258,162,214,75,23,11,2,1,3,3,58,165,0,0,0,53,89,81,102,89,60,31,15,0,0,0,0,0,0,0,27,56,0,0,0,0,75,70,63,64,55,68,64,65,69,71,75,75,0.3,8.1,15.5,9.8,-6.3,-3.2,4.7,1.4,-3,2.4,10.1,5.6,1023,569,204,742,6.7,18.9,24.9,11.7,331,115,1,60,8,85,486,257,1831,1435,726,1129,0,2,4,5,11,20,82,52,585,312,13,64,0,142,271,106,0,0,83,0,73,60,65,71,3.9,11.8,-3.7,15.5,2729,416,5.1,28.4,507,836,5122,11,165,177,282,105,975,-31,29.1,519,83,15.5,68
1967,PARA,ABIAMA,46.776207,121.731972,1621.178947,-1,2,1.2,4.2,10.8,16.8,20,23.4,19.8,7.8,4.8,0,-5.3,-5.3,-6.2,-5.1,-1.1,4.7,6.3,8.1,7.2,1.4,-2.8,-6.3,-3.1,-1.7,-2.5,-0.5,4.9,10.7,13.2,15.7,13.5,4.6,1,-3.1,744,245,327,186,59,57,5,4,75,558,212,450,5.3,8.8,11.3,16.5,21.2,26.5,27.5,25.3,18.9,9.5,6.9,5.1,131,88,116,66,6,0,0,0,0,11,47,126,2,3,3,7,44,172,254,333,257,51,12,2,656,546,639,554,407,220,147,86,145,416,510,651,0,0,0,0,1,2,3,15,11,0,0,0,4,3,2,3,10,27,30,31,28,19,8,3,382,131,287,154,18,1,0,0,3,24,104,170,0,0,0,0,78,103,119,118,74,27,15,0,0,0,0,0,19,46,114,114,0,0,0,0,82,71,70,65,60,62,58,54,61,78,72,80,0.8,5.4,20.1,10.8,-4.7,-4.2,6.3,2,-2,0.6,13.2,6.4,1492,572,66,844,6.4,16.3,26.4,11.8,345,188,0,58,7,54,760,320,1854,1600,452,1071,0,1,20,11,10,16,88,55,682,459,1,131,0,78,339,116,0,19,274,0,78,65,58,70,4.4,15.7,-3.1,18.8,2921,199,4.9,78.9,591,1140,4977,32,169,177,285,108,1273,-31,29.1,534,293,15.2,67
1968,PARA,ABIAMA,46.776207,121.731972,1621.178947,-1,5.9,5.1,5.5,11.3,14.1,20.4,15,13.8,6.8,2.7,-1.7,-7.4,-4.3,-3.8,-4.2,0.2,3.4,6.7,6.2,5.2,-0.3,-3.7,-7.8,-4.2,0.8,0.7,0.6,5.8,8.8,13.5,10.6,9.5,3.3,-0.5,-4.7,469,401,318,207,130,144,25,173,172,301,438,513,5.3,10.6,12.9,16.9,20.1,24.1,26.8,21.3,17.2,9,6.1,4.5,157,50,55,47,4,1,0,0,1,19,70,168,1,8,9,10,59,118,265,170,142,35,7,1,689,477,540,521,379,277,139,232,256,458,554,702,0,0,0,0,1,1,4,1,2,0,0,0,2,4,5,4,15,25,30,30,26,14,6,2,290,100,153,146,28,7,0,7,1,51,56,251,0,23,34,47,79,90,120,75,53,27,0,0,0,0,0,0,0,0,94,0,0,0,0,0,73,63,67,64,63,65,58,71,72,75,75,74,1.7,7.3,16.5,7.8,-6,-2.6,5.4,0.4,-2.2,2.4,11,4.1,1320,655,343,911,6.8,16.6,24.1,10.8,376,106,1,90,10,77,553,184,1867,1440,648,1268,0,1,6,3,8,24,85,46,641,328,15,108,23,160,285,80,0,0,94,0,70,65,65,74,3.7,13.5,-4.7,18.3,3292,645,4.2,21,573,825,5224,10,164,162,272,110,1092,-31,29.1,548,94,14.6,68
1969,PARA,ABIAMA,46.776207,121.731972,1621.178947,-4.1,0.4,5.1,6.6,14.3,16.5,18.1,16.4,13.2,7.6,5.1,1.3,-10.8,-7.1,-5.9,-3.5,0.3,5.8,4.9,5.3,5.9,-0.6,-2.3,-4.9,-7.5,-3.4,-0.4,1.6,7.3,11.2,11.5,10.9,9.5,3.5,1.4,-1.8,537,156,208,211,122,88,19,26,268,143,181,416,5.9,10,14.5,17,22.9,24.9,27.1,23.6,16.3,10.7,7.4,4.9,242,123,72,35,2,0,0,0,1,17,42,97,0,1,6,14,89,186,200,181,144,37,14,4,789,594,572,492,332,206,203,222,255,451,499,610,0,0,0,0,2,2,1,1,3,0,0,0,1,2,3,5,15,28,29,29,27,13,9,4,460,113,134,121,13,1,0,1,10,56,171,372,0,0,0,50,94,98,110,86,49,29,16,0,0,0,0,0,0,10,91,60,0,0,0,0,71,69,59,64,55,66,59,65,76,72,73,73,-1.8,8.7,17,8.6,-8.6,-3,5.4,1,-5.2,2.8,11.2,4.8,1206,541,132,592,6.9,18.1,25.2,11.5,462,108,0,60,5,109,566,194,1993,1396,631,1205,0,2,5,3,7,23,87,49,945,268,3,238,0,144,293,94,0,0,161,0,71,59,63,73,3.7,11.5,-7.5,18.9,2374,523,5.8,22,630,875,5226,10,165,168,277,108,1454,-31,29.1,531,161,15.4,67
1970,PARA,ABIAMA,46.776207,121.731972,1621.178947,-1.2,4,3.7,3.1,11,16.1,19.7,19.7,13.3,7.2,4.1,-0.7,-7.4,-4.6,-5.5,-4.7,-1.6,3.1,5.8,4.5,3.2,-1.3,-4.4,-6.8,-4.3,-0.3,-0.9,-0.8,4.7,9.6,12.7,12.1,8.3,3,-0.2,-3.8,620,234,240,307,79,31,31,22,156,203,385,525,6,10.8,13.8,15.8,21.7,25.4,25.8,25.4,17.4,11.3,6.5,5,161,65,82,71,7,0,0,0,1,21,66,143,1,5,5,6,42,140,241,222,109,32,8,2,693,507,589,563,412,253,164,184,293,467,546,672,0,0,0,0,1,1,3,3,2,0,0,0,2,4,3,3,9,24,30,28,23,11,5,2,391,85,173,261,26,1,0,1,16,24,42,171,0,0,0,0,80,102,118,105,55,29,0,0,0,0,0,0,1,71,86,82,0,0,0,0,74,67,65,70,58,59,57,54,67,70,68,74,1.4,5.9,18.5,8.2,-5.6,-3.9,4.5,-0.8,-2.1,1,11.5,3.7,1270,626,85,743,7.3,17.1,25.5,11.7,368,160,0,88,8,53,602,150,1872,1564,600,1305,0,1,6,2,9,15,82,39,646,460,2,82,0,80,325,84,0,1,239,0,72,64,57,68,3.3,12.7,-4.3,17,2834,319,4.7,39.8,616,813,5342,9,145,177,257,80,1190,-31,29.1,489,240,15.4,65
1971,PARA,ABIAMA,46.776207,121.731972,1621.178947,-1.1,0.9,0.1,5.3,11.7,10.1,20.1,20.8,13.4,8.7,2.1,-0.9,-7.9,-6.9,-7.5,-4.6,-1.8,0.8,5.6,6.6,3.3,-0.6,-4.3,-7,-4.5,-3,-3.7,0.3,4.9,5.4,12.9,13.7,8.3,4,-1.1,-4,811,303,456,148,156,120,47,28,182,239,366,633,5.8,9,11.7,17.8,21.5,22.5,26.6,23.8,17.2,11.1,6.4,5.2,165,114,144,52,6,3,0,0,1,14,83,148,1,2,2,9,45,51,245,271,111,43,6,2,698,583,673,530,405,377,160,134,291,434,572,678,0,0,0,0,1,0,3,6,2,0,0,0,2,2,2,3,8,16,30,30,23,13,5,2,522,208,427,110,47,30,1,0,14,43,141,331,0,0,0,46,84,74,121,107,55,32,0,0,0,0,0,0,0,0,74,79,0,0,0,0,71,68,69,63,55,69,56,57,67,68,75,74,-0.3,5.7,17,8.1,-7.2,-4.6,4.3,-0.5,-3.7,0.5,10.7,3.8,1639,761,195,786,6.7,17,24.3,11.6,426,202,3,98,4,56,568,160,1958,1608,671,1298,0,1,8,2,6,13,76,41,1062,584,31,197,0,130,301,87,0,0,153,0,71,62,60,70,2.8,13.7,-4.5,18.2,3489,533,3.7,25.7,730,788,5535,11,137,180,258,78,1874,-30.6,30.3,519,153,14.9,66
1972,PARA,ABIAMA,46.776207,121.731972,1621.178947,-2.2,1.2,2.3,3.3,12,12.9,18.9,19.3,12.2,10.1,3.7,-2,-9.4,-6.6,-5.9,-5.8,-1.3,2.4,5.1,6.1,3.4,-0.5,-2.9,-8.2,-5.8,-2.7,-1.8,-1.2,5.4,7.7,12,12.7,7.8,4.8,0.4,-5.1,699,540,465,337,91,113,70,46,235,64,304,639,5.9,8.3,11.5,17,22.9,24,26.7,23.8,17.8,11.6,6.5,4.8,199,109,99,81,5,1,0,0,2,10,56,178,1,2,4,5,52,91,217,241,97,53,10,1,738,576,615,577,392,311,187,166,308,410,528,712,0,0,0,0,1,0,2,3,1,0,0,0,1,2,3,2,10,22,29,30,23,13,8,2,527,357,379,297,24,10,1,1,16,30,165,412,0,0,0,0,84,86,114,100,51,35,14,0,0,0,0,0,0,0,44,54,0,0,0,0,70,68,68,65,56,66,57,59,71,64,75,74,-0.6,5.9,17,8.7,-7.7,-4.3,4.5,0,-4.2,0.8,10.8,4.3,1872,893,229,603,6.3,17.1,24.8,12,486,185,1,68,4,60,548,161,2027,1585,664,1245,0,1,6,2,5,15,81,44,1296,700,13,211,0,84,299,99,0,0,98,0,71,63,61,70,2.8,12.7,-5.8,18.5,3603,555,3.6,22.9,740,773,5520,8,145,172,259,87,2220,-30.6,30.3,483,98,15.1,66
1973,PARA,ABIAMA,46.776207,121.731972,1621.178947,-1.1,3.3,3.1,7.6,12.1,13.6,20,17.4,15.5,7.1,-0.1,1.2,-7.9,-5.7,-4.8,-3.6,0.3,3.2,5.7,4.8,4.8,0.1,-4.7,-3.6,-4.5,-1.2,-0.9,2,6.2,8.4,12.9,11.1,10.1,3.6,-2.4,-1.2,333,143,208,139,109,117,7,13,139,252,634,686,6.5,10.3,12.8,19.6,22.2,24.1,27,24.2,17.9,9.6,6.2,4.7,164,80,80,30,3,1,0,0,1,17,112,86,1,3,5,16,66,108,246,187,161,38,4,4,697,533,587,480,366,289,159,216,237,447,612,593,0,0,0,0,1,1,3,2,3,0,0,0,2,3,4,5,15,24,30,28,26,15,5,6,214,68,148,71,20,7,0,0,24,5,95,483,0,0,0,54,82,87,120,92,61,27,0,0,0,0,0,0,0,0,113,79,0,0,0,0,71,66,70,61,61,66,56,60,66,76,81,73,0.1,7.6,17,7.5,-7.3,-2.7,4.6,0.1,-3.6,2.4,10.8,3.8,1116,456,138,1025,7.2,18.2,25.1,11.2,330,114,1,129,9,87,541,203,1824,1433,664,1296,0,2,5,3,11,24,83,46,765,239,8,124,0,136,299,88,0,0,192,0,70,64,61,74,3.7,12.9,-4.5,17.4,2782,385,4.9,33.4,573,840,5216,10,163,164,270,106,1137,-30.6,30.3,523,192,15.4,68
1974,PARA,ABIAMA,46.776207,121.731972,1621.178947,-2.1,0.5,2.1,4.7,7.1,15,17.5,18.8,19.3,12.6,3.9,1.7,-8.9,-5,-6.3,-3.6,-2.2,2.6,5.4,6.7,5.9,0.5,-3.3,-4.6,-5.5,-2.3,-2.1,0.6,2.4,8.8,11.4,12.8,12.6,6.6,0.3,-1.4,781,349,425,325,180,102,89,17,35,91,460,682,6.3,8.8,12.6,16.8,20.3,25.6,24.3,24.6,19.8,12.3,7.3,5.1,192,100,107,48,21,1,0,0,0,5,57,89,1,2,3,10,20,118,199,242,228,82,10,4,730,564,626,523,483,277,204,164,170,356,531,599,0,0,0,0,0,1,1,4,8,1,0,0,1,3,2,5,7,23,30,30,27,16,7,5,573,213,360,233,103,5,2,0,7,39,369,241,0,0,0,43,62,97,105,96,74,40,14,0,0,0,0,0,0,0,16,79,39,0,0,0,71,77,67,69,67,60,62,62,59,60,73,81,-0.2,4.6,17.1,11.9,-5.9,-4,4.9,1,-3,0.3,11,6.5,1817,930,208,587,6.7,16.6,24.8,13.1,381,175,1,63,7,33,559,320,1892,1632,645,1057,0,1,5,9,10,14,83,50,1026,696,8,415,0,105,298,129,0,0,95,39,76,68,62,64,3.7,12.8,-5.5,18.3,3537,423,3.9,30.2,620,920,5226,15,157,186,277,91,2145,-30.6,30.3,531,134,15.3,67
1975,PARA,ABIAMA,46.776207,121.731972,1621.178947,-0.9,0,1.8,3.7,10.5,11.7,18.8,14.2,17.9,5.5,2.2,1.6,-7.3,-7.4,-6.2,-5.8,-2,1.9,7.8,5.7,4.8,0.1,-5.2,-5.5,-4.1,-3.7,-2.2,-1.1,4.3,6.8,13.3,10,11.4,2.8,-1.5,-1.9,790,374,318,159,146,81,23,169,8,461,446,796,6.2,8.7,13.6,19,22.9,24.8,26.2,21.7,20.7,9.3,6.9,5.3,156,131,108,77,8,2,0,0,0,23,91,99,1,1,3,5,37,73,259,152,196,30,5,3,687,604,627,572,426,337,143,251,199,473,585,614,0,0,0,0,1,0,3,1,5,0,0,0,2,2,2,2,8,21,31,30,26,15,4,4,483,285,270,139,55,11,0,9,1,3,148,252,0,0,0,0,78,80,107,72,70,23,0,0,0,0,0,0,0,0,84,0,63,0,0,0,73,69,68,64,58,67,66,72,59,81,71,75,0.3,5.3,14.9,8.5,-6.4,-4.7,5.1,-0.1,-3.1,0.3,10,4.2,1845,623,273,915,6.7,18.5,24.2,12.3,386,193,2,114,6,45,484,232,1905,1626,731,1256,0,1,5,5,8,12,81,45,1020,464,20,151,0,78,259,93,0,0,84,63,73,63,68,70,2.8,13.3,-4.1,17.4,3771,427,3.4,31.2,695,767,5518,11,146,180,268,89,1655,-30.6,30.3,430,147,15.4,68
1976,PARA,ABIAMA,46.776207,121.731972,1621.178947,0.7,0.8,1.6,5.5,11.3,11.7,17.3,13.6,15.3,10.5,6.5,2.9,-5.9,-6.8,-7.9,-4.4,-1.6,0.6,4.5,5.6,6.4,-0.3,-2.7,-4.4,-2.6,-3,-3.1,0.6,4.8,6.1,10.9,9.6,10.8,5.1,1.9,-0.8,616,355,305,199,107,74,62,139,74,130,109,213,6.4,9.8,13.2,18.4,21.4,24.4,24.7,19.9,18.5,11.6,7.6,5.7,119,115,131,48,6,2,0,0,0,9,36,78,3,2,2,10,44,62,181,140,181,57,16,5,641,584,657,523,409,356,221,263,216,401,484,579,0,0,0,0,1,0,1,1,4,0,0,0,4,2,1,4,9,16,29,29,28,14,8,5,285,245,278,143,34,14,2,8,0,107,220,338,0,0,0,47,81,83,106,69,57,36,18,0,0,0,0,0,0,8,44,0,0,0,0,0,73,69,62,63,57,63,60,74,71,64,67,72,1.1,6.1,14.2,10.8,-6.1,-4.6,3.6,1.1,-2.5,0.7,8.9,5.9,1767,610,275,313,7.3,17.7,23,12.6,311,185,3,46,9,56,383,255,1803,1589,840,1100,0,1,2,5,10,14,74,49,868,454,24,327,0,128,258,111,0,0,52,0,71,61,66,67,3.4,10.9,-2.6,13.5,2382,456,5.6,23.9,545,703,5332,8,148,177,282,104,1673,-30.6,30.3,497,52,15.1,66
1977,PARA,ABIAMA,46.776207,121.731972,1621.178947,1.2,5.2,1,9.4,7.1,15.8,16.8,20.3,11.3,9.4,1.3,1,-7.3,-4,-6,-3.1,-1.7,4,5,8,3.5,-0.7,-6.8,-5.7,-3,0.6,-2.5,3.1,2.7,9.9,10.9,14.1,7.4,4.3,-2.7,-2.3,179,189,371,114,204,46,25,145,235,178,577,762,7.3,9.7,12.9,18.7,18.3,26.5,25.4,22.5,16.2,10.8,6.6,4.6,128,53,116,21,18,0,0,0,2,13,120,108,2,7,3,23,22,149,181,283,89,47,3,3,653,484,638,446,475,244,221,121,318,425,622,627,0,0,0,1,0,1,1,7,1,0,0,0,2,5,3,6,9,26,29,31,24,13,2,3,90,51,325,40,112,1,1,2,3,9,22,65,0,21,0,60,61,98,102,100,47,33,0,0,0,0,0,0,0,52,77,0,0,0,0,0,66,66,72,57,69,63,63,62,74,66,67,72,3.1,5.8,17.6,7.3,-5.2,-3.6,5.7,-1.3,-1.1,1.1,11.6,3,581,689,217,991,7.2,16.6,24.8,11.2,290,155,0,135,12,48,612,139,1764,1559,587,1365,0,1,9,2,11,17,86,39,207,477,4,34,21,121,301,80,0,0,129,0,68,66,62,69,3.5,14.1,-3,17.2,3027,656,4.5,21.5,580,812,5274,12,152,192,260,68,721,-30.6,30.3,523,129,15,66
1978,PARA,ABIAMA,46.776207,121.731972,1621.178947,1,2.4,5.4,5.7,8.2,15.5,17.7,16.5,9.9,11,1.5,-2,-5.1,-4.4,-3.9,-2.8,-1.2,3.9,6.2,6.3,4.9,0.3,-6.3,-9.3,-2,-1,0.7,1.4,3.5,9.7,12,11.4,7.4,5.6,-2.4,-5.6,321,218,205,259,164,67,50,101,238,61,380,359,6.3,9.7,13.7,16.5,21.1,25.2,26.8,20.6,15.3,12.1,7.4,5.9,106,76,54,37,12,0,0,0,2,8,113,192,3,4,9,13,29,142,216,198,89,66,4,1,623,528,537,497,450,250,188,206,319,384,613,729,0,0,0,0,0,1,2,2,1,1,0,0,4,4,5,6,10,26,30,30,26,16,3,1,131,98,96,155,77,2,1,3,27,19,355,359,0,0,35,46,65,97,105,84,38,36,0,0,0,0,0,0,0,30,54,0,0,0,0,0,75,73,66,69,67,63,64,67,83,64,69,72,1.5,6.4,16.6,7.4,-5.1,-2.7,5.4,-0.4,-1.8,1.9,11,3.5,1301,628,218,679,7.3,17.1,24.2,11.6,375,103,0,122,8,51,556,158,1879,1484,644,1316,0,1,5,2,10,21,86,44,587,328,6,401,0,146,286,74,0,0,84,0,74,67,65,72,3.4,12,-5.6,17.6,2422,620,5.5,19.3,601,773,5323,7,162,179,270,91,1322,-30.6,30.3,506,84,15.1,69
1979,PARA,ABIAMA,46.776207,121.731972,1621.178947,-2.1,-0.3,5.5,5.5,11.4,15.3,18.5,16.5,15.8,10.4,4,2.8,-10.6,-6.5,-4.9,-3,0.7,2.5,6.4,6.6,6.5,1.8,-3.9,-2.9,-6.4,-3.4,0.3,1.2,6.1,8.9,12.5,11.6,11.1,6.1,0,-0.1,138,545,160,211,99,24,96,93,111,243,143,660,7.5,8.3,14.5,17,22.6,26.9,25.9,22.5,18,11.2,8.2,4.7,215,124,60,39,3,1,0,0,0,6,62,66,1,1,8,12,63,120,232,203,190,73,9,7,756,596,550,503,371,275,172,202,204,371,539,557,0,0,0,0,1,1,2,2,5,1,0,0,1,2,4,6,17,22,30,30,28,20,6,8,109,400,85,133,19,1,1,3,27,3,223,286,0,0,36,45,78,99,109,83,59,33,15,0,0,0,0,0,0,75,13,0,0,0,0,0,64,74,62,69,65,59,62,68,70,71,70,68,-1.4,7.5,16.8,10.1,-8.8,-2.4,5.1,1.4,-5.1,2.5,11,5.8,1041,470,213,497,6.8,18,25.1,12.5,405,102,1,68,9,83,555,272,1909,1423,648,1114,0,1,5,5,11,26,83,54,795,237,5,253,0,159,291,107,0,0,88,0,69,65,63,70,4,12.5,-6.4,18.8,2523,424,5.5,29.4,576,919,5094,12,173,153,282,129,1291,-30.6,30.3,557,88,15.6,68
1980,PARA,ABIAMA,46.776207,121.731972,1621.178947,-1.9,1.6,2,8.7,10,10.2,17.9,14.9,13.9,11.4,4.3,2.4,-9.9,-5,-4.6,-2.4,0.3,2.1,5.7,5.2,5,0.3,-2.5,-3.5,-5.9,-1.7,-1.3,3.1,5.1,6.1,11.8,10,9.5,5.8,0.9,-0.6,488,360,344,208,85,117,14,89,133,59,551,703,7,9.2,13.4,19,22.2,23.3,26.4,23.4,16.9,12,7,5.1,202,89,88,21,5,2,0,0,1,7,48,74,1,3,4,23,48,61,210,154,141,69,12,6,741,548,599,446,400,357,193,248,257,379,513,572,0,0,0,1,1,0,2,1,2,1,0,0,1,4,4,7,15,21,30,29,26,16,8,6,372,195,261,72,24,22,0,4,4,10,49,160,0,0,0,57,71,71,107,78,54,37,15,0,0,0,0,0,0,0,93,0,0,0,0,0,66,74,74,61,67,73,62,69,71,63,75,78,0.8,6.9,14.3,9.8,-6,-2.2,4.3,0.9,-2.6,2.3,9.3,5.4,1508,636,220,743,7.1,18.2,24.4,12,365,114,3,56,9,76,425,222,1861,1445,799,1149,0,1,3,3,11,26,80,50,726,357,27,63,0,128,255,106,0,0,93,0,73,68,68,70,3.6,11.8,-5.9,17.7,3152,439,4.3,26.9,538,732,5254,7,168,163,272,108,1173,-30.6,30.3,489,93,15.4,69
1981,PARA,ABIAMA,46.776207,121.731972,1621.178947,4.5,2.7,6.3,5.1,8.9,10.2,16.2,21.3,14.6,7.5,5.2,0.4,-3.1,-4.9,-4.1,-3,-0.1,2.1,5.7,7.9,5.2,-0.6,-2.2,-5.3,0.7,-1.1,1.1,1,4.4,6.1,10.9,14.6,9.9,3.5,1.5,-2.5,123,521,177,398,152,252,67,6,180,264,293,658,7.1,10.3,14.9,17.3,20.6,21.3,26.6,24.6,17.7,10.7,7.5,5.1,58,78,50,41,8,2,0,0,1,18,41,111,9,4,10,11,38,61,182,296,154,37,14,3,539,530,527,509,422,357,220,112,244,452,496,631,0,0,0,0,1,0,1,9,3,0,0,0,8,4,5,6,14,21,30,31,26,13,9,4,23,241,74,260,56,48,2,0,8,3,150,200,14,0,38,44,67,71,97,106,57,29,16,0,0,0,0,0,0,0,30,100,0,0,0,0,72,70,62,70,69,73,66,59,69,72,73,77,3.2,6.8,15.9,9.1,-3.8,-2.4,5.2,0.8,-0.3,2.2,10.5,4.9,1347,727,325,737,7.5,17.6,24.2,12,247,99,3,59,15,60,540,205,1700,1458,688,1192,0,1,10,3,15,24,82,48,464,389,50,160,14,148,274,101,0,0,130,0,73,67,66,71,4.2,14.6,-2.5,17,3091,657,4.6,22.2,407,819,5038,14,169,161,273,112,1063,-30.2,30.4,537,130,15.3,69
1982,PARA,ABIAMA,46.776207,121.731972,1621.178947,-1.5,-0.2,2.5,4.6,10.3,15.7,17.3,16.8,14,7.9,1.6,0.2,-7.6,-7.5,-5.8,-5.1,-1.4,4.1,5.5,6.3,5.1,0.3,-5,-5.7,-4.5,-3.8,-1.6,-0.3,4.4,9.9,11.4,11.5,9.5,4.1,-1.7,-2.8,783,524,296,239,73,44,68,33,164,281,327,566,6.1,9,13.9,18.6,22.2,25.4,25.1,22.9,17.2,10.9,7.1,5.6,166,134,96,62,8,0,0,0,1,14,96,118,1,1,4,7,38,148,196,202,144,44,5,2,699,607,610,548,421,244,206,203,255,432,591,640,0,0,0,0,1,1,1,2,3,0,0,0,2,2,3,3,9,26,30,30,26,16,4,3,509,405,236,193,27,1,2,1,9,45,67,319,0,0,0,0,76,98,104,85,55,29,0,0,0,0,0,0,2,54,36,52,0,0,0,0,75,70,68,63,61,63,63,67,71,74,74,76,-0.4,5.8,16.6,7.8,-6.8,-4.1,5.3,0.1,-3.6,0.8,10.9,4,1966,608,145,772,6.9,18.3,24.5,11.7,418,165,0,111,5,49,546,193,1947,1580,653,1278,0,1,4,3,7,15,86,46,1233,456,4,121,0,76,287,83,0,2,142,0,74,64,64,73,3,11.5,-4.5,16.1,3399,383,3.8,30.1,694,793,5457,8,154,181,271,91,1813,-30.2,30.4,446,144,15.3,68
1983,PARA,ABIAMA,46.776207,121.731972,1621.178947,1.5,3,4.9,7.6,12.3,11.5,13.4,16.3,12.2,8.5,2.8,-2.7,-4.2,-3.7,-2.9,-3.2,0.5,3,5.5,7.5,3.4,-0.6,-2.2,-9.3,-1.4,-0.4,1,2.2,6.4,7.2,9.4,11.9,7.8,4,0.3,-6,655,295,281,105,105,152,159,77,137,93,762,270,6.3,9.2,12.7,19.2,23,22.2,22.2,23,18.3,11.6,6.4,5.4,93,66,51,28,3,1,0,0,2,15,57,203,4,5,10,17,69,82,136,215,98,42,10,1,603,510,530,474,360,323,266,190,306,436,531,740,0,0,0,0,1,0,0,2,1,0,0,0,6,5,7,6,16,24,30,30,23,13,9,1,226,111,122,51,18,17,8,2,10,34,169,294,0,0,32,53,83,75,80,79,51,31,12,0,0,0,0,0,0,0,0,2,0,0,0,0,77,74,71,62,61,72,74,72,71,69,81,75,1.5,8.3,13.7,7.9,-4.6,-1.9,5.3,0.2,-1.5,3.2,9.5,4,1517,491,388,992,7,18.3,22.5,12.1,362,82,2,74,9,96,433,150,1853,1364,779,1274,0,2,3,2,12,28,84,45,631,190,27,212,0,169,234,94,0,0,2,0,76,65,72,73,3.5,11.9,-6,17.9,3092,630,4.4,18.9,519,689,5271,7,170,162,259,97,1061,-30.2,30.4,497,2,15,71
1984,PARA,ABIAMA,46.776207,121.731972,1621.178947,1.4,2.4,4.4,4.1,6.8,11.3,19.5,18.4,12.7,5.3,1,-1.4,-5.6,-4.2,-3.6,-3.6,-1.4,2,5.9,5.6,2.8,-0.8,-4,-8,-2.1,-0.9,0.4,0.2,2.7,6.6,12.7,12,7.8,2.2,-1.5,-4.7,697,251,381,179,258,162,2,15,131,310,460,450,6.5,9.6,12.5,16.8,18.4,23.9,28.2,23.6,17.1,9.7,6.6,5.7,108,75,58,53,18,2,0,0,2,28,91,167,3,4,8,9,22,70,239,216,97,26,5,1,626,525,546,533,475,341,166,189,308,490,584,700,0,0,0,0,0,0,2,2,1,0,0,0,4,5,6,5,9,21,30,29,22,12,6,2,290,110,197,135,142,24,0,0,14,12,245,222,0,0,32,41,59,77,116,95,53,24,0,0,0,0,0,0,0,0,114,80,0,0,0,0,72,74,70,71,71,69,58,60,68,78,80,72,0.4,5.1,16.4,6.3,-6.4,-2.9,4.5,-0.7,-3,1.1,10.4,2.8,1217,819,179,901,7.3,15.9,25.2,11.1,350,130,2,120,8,39,525,128,1851,1554,696,1382,0,1,5,1,10,20,80,40,622,474,25,271,0,132,289,77,0,0,194,0,73,71,62,75,3,12.7,-4.7,17.4,3296,569,3.9,22.3,602,700,5483,7,150,174,254,80,1392,-30.2,30.4,498,194,14.9,70
1985,PARA,ABIAMA,46.776207,121.731972,1621.178947,-0.3,-0.8,2.6,6.1,10.9,14.3,23.5,16.9,11.4,6.1,-1.3,0.1,-7.3,-7.9,-6.7,-3.6,-0.6,2.6,7.2,5.2,3.6,-0.4,-8.5,-6.6,-3.8,-4.3,-2,1.2,5.1,8.5,15.3,11,7.5,2.8,-4.9,-3.2,41,285,235,246,81,131,7,60,173,374,408,118,7.8,10.2,14,18.2,21.5,26.1,28,23.4,16.4,9.7,7,6.5,147,145,105,39,5,1,0,0,2,22,173,129,2,1,3,12,48,110,321,185,92,31,2,2,676,621,623,503,399,287,92,218,314,472,687,655,0,0,0,0,1,1,10,1,1,0,0,0,2,1,2,5,12,23,31,29,24,13,1,3,24,231,197,154,23,8,0,2,13,92,226,324,0,0,0,48,78,93,138,89,47,25,0,0,0,0,0,0,0,0,131,29,0,0,0,0,71,70,63,65,62,62,52,63,74,77,70,72,-0.8,6.5,18.2,5.4,-7.7,-3.7,5,-1.8,-4.3,1.4,11.6,1.8,775,563,198,955,8.2,17.9,25.8,11,421,149,1,197,5,64,617,124,1952,1525,597,1473,0,1,12,1,6,19,82,39,579,375,10,332,0,126,320,72,0,0,160,0,71,63,59,74,2.8,15.3,-3.8,19.1,2159,452,5.9,33.9,768,809,5547,15,146,171,259,89,1296,-30.2,30.4,518,160,15.7,67
1986,PARA,ABIAMA,46.776207,121.731972,1621.178947,1.7,1,6.3,5.5,9.5,16.3,14.3,21.1,11.1,11.6,3,0.3,-4.4,-6.4,-3.3,-3.4,-0.2,4.1,3.7,6.8,2.9,1.5,-2.4,-5.2,-1.3,-2.7,1.5,1.1,4.6,10.2,9,14,7,6.5,0.3,-2.5,455,511,279,189,192,51,66,11,232,157,600,237,6.3,9.6,13.9,17.7,20.3,25.2,24.8,24.5,16.3,12.6,7.4,5.9,92,108,44,41,7,0,0,0,2,5,58,111,4,2,12,12,41,158,124,279,80,82,10,3,601,575,513,508,414,234,279,127,331,357,532,631,0,0,0,0,1,1,0,6,1,1,0,0,5,2,6,5,13,26,27,30,22,19,9,4,155,336,98,123,64,1,4,0,19,85,323,68,0,0,37,46,70,101,90,108,47,37,13,0,0,0,0,0,0,50,24,97,0,0,0,0,76,70,65,67,67,61,66,57,73,67,79,72,1,7.1,17.2,8.5,-5.8,-2.3,4.9,0.7,-2.4,2.4,11.1,4.6,1084,660,128,989,7.3,17.3,24.8,12.1,311,92,1,66,9,65,560,171,1807,1435,640,1220,0,1,8,2,12,25,84,50,558,285,5,427,0,153,299,96,0,0,171,0,73,67,61,73,4,14,-2.5,16.4,2981,551,4.7,25.3,469,805,5102,11,171,168,257,88,1276,-30.2,30.4,548,171,15.4,69
1987,PARA,ABIAMA,46.776207,121.731972,1621.178947,-1.3,2.5,2.7,9.6,12.1,16.8,16.9,18.7,18,14.9,4.7,-0.3,-6.7,-4.2,-4,-1.3,1.7,3.9,6.4,6.1,5.8,1.6,-1.5,-6.6,-4,-0.9,-0.6,4.2,6.9,10.3,11.7,12.4,11.9,8.3,1.6,-3.5,322,253,443,195,162,38,52,21,42,7,250,612,6.3,10.1,13.7,18,22.4,26.5,24.3,24.6,20,13,7.5,5.7,153,74,76,14,2,0,0,0,0,3,39,135,1,4,5,33,80,161,206,232,211,120,15,2,684,524,579,415,344,231,197,174,187,303,492,662,0,0,0,1,1,1,1,3,6,2,0,0,3,5,5,10,20,26,30,30,27,19,11,3,194,110,300,43,21,1,1,0,30,5,194,115,0,0,0,59,80,105,98,96,69,45,14,0,0,0,0,0,0,66,46,75,27,38,0,0,77,74,74,63,66,59,67,61,62,57,77,77,0.5,8.2,17.5,12.5,-5.4,-1.2,5.5,2,-2.4,3.5,11.5,7.2,812,799,111,299,7.4,18,25.1,13.5,362,92,0,42,7,119,599,346,1870,1338,602,982,0,2,6,8,10,35,86,57,418,364,2,229,0,139,299,129,0,0,187,65,76,68,62,66,4.9,12.4,-4,16.5,2397,316,6.2,39.4,497,1071,4792,16,188,151,278,127,1014,-30.2,30.4,567,252,16,68
1988,PARA,ABIAMA,46.776207,121.731972,1621.178947,-0.6,2.5,2.8,6.2,10,13.7,19,18.8,16,12.4,2,1.1,-6.5,-5.2,-4.9,-2.1,-0.1,2.1,5.6,6.3,4.2,3.5,-2.6,-5.2,-3.5,-1.4,-1,2.1,5,7.9,12.3,12.6,10.1,8,-0.3,-2,311,311,579,305,219,68,37,25,101,236,675,298,6.4,10.7,13.1,17.9,20.1,24.4,25.7,24.4,18.6,11.4,6.5,5.7,141,83,84,30,6,1,0,0,1,3,68,102,2,3,5,16,46,96,226,236,159,113,8,3,669,538,593,478,404,305,178,170,239,312,549,618,0,0,0,0,1,0,2,3,3,1,0,0,3,3,4,8,14,21,30,30,25,25,8,4,173,154,425,153,66,6,1,1,1,0,55,366,0,0,0,46,72,91,114,96,64,36,0,0,0,0,0,0,0,22,77,72,0,0,0,0,75,70,70,70,66,62,59,61,62,71,82,74,0.5,6.3,17.1,10.1,-6.1,-2.3,4.7,1.7,-2.8,2,10.9,5.9,1235,1104,129,1012,7.6,17,24.8,12.2,325,119,1,71,8,67,557,279,1825,1475,653,1100,0,1,6,5,10,26,81,58,693,645,7,56,0,119,301,100,0,0,171,0,73,69,61,72,4.1,12.6,-3.5,16.1,3165,450,4.5,27.9,517,911,5053,11,174,161,268,107,1400,-30.2,30.4,519,171,15.4,69
1989,PARA,ABIAMA,46.776207,121.731972,1621.178947,-0.7,-1.8,1.2,9,10.1,15.8,16.9,15.8,18.3,8.1,3.9,2.4,-6.1,-9.8,-5.4,-2.2,0,3.7,5.2,5.7,4.9,-0.4,-1.9,-3.4,-3.4,-5.8,-2.1,3.4,5,9.7,11,10.7,11.6,3.9,1,-0.5,533,125,411,174,122,57,45,69,29,141,591,274,6.5,10.3,12.2,18.8,21.8,25.7,25.8,22.7,19.7,11.3,6.8,5.9,137,182,105,19,6,0,0,0,0,15,47,73,2,1,3,26,46,144,186,176,204,41,12,6,665,663,624,438,403,249,216,227,193,440,510,570,0,0,0,1,1,1,1,1,5,0,0,0,3,1,3,8,14,25,30,29,26,14,10,7,288,112,345,54,36,2,1,3,5,3,254,131,0,0,0,58,73,99,102,81,72,30,13,0,0,0,0,0,0,42,57,12,42,0,0,0,77,66,73,62,66,61,63,68,58,71,78,74,-0.4,6.8,16.1,10.1,-7.1,-2.5,4.9,0.9,-3.8,2.1,10.5,5.5,955,706,171,762,7.6,17.6,24.7,12.6,392,130,1,62,8,75,505,257,1898,1465,692,1142,0,1,3,6,11,25,84,49,531,435,6,262,0,130,282,115,0,0,111,42,73,67,64,69,3.7,11,-3.4,14.4,2571,322,5.3,34.3,585,846,5197,11,169,170,271,101,1234,-30.2,30.4,528,153,15.6,68
1990,PARA,ABIAMA,46.776207,121.731972,1621.178947,0.2,-0.4,5.1,9.1,9.2,12.9,20.1,18.5,17.7,5.8,2.9,-3,-4.9,-7.5,-5.1,-1.5,-0.3,3.1,7.4,7.6,6.9,-1,-2.4,-10.1,-2.4,-4,0,3.8,4.4,8,13.8,13,12.3,2.4,0.2,-6.5,931,740,175,276,160,230,42,128,14,534,740,407,6.3,10.2,14.5,18.4,21.6,23.7,26.6,22.5,19.7,10.3,7,5.3,114,137,66,17,8,1,0,0,0,26,58,218,3,1,7,29,39,98,272,251,221,27,9,1,633,611,561,428,421,301,133,156,177,485,533,757,0,0,0,1,1,0,4,4,7,0,0,0,5,2,3,10,13,24,31,30,28,12,9,1,409,580,104,74,58,18,0,2,1,19,156,77,0,0,0,57,69,84,116,91,66,25,12,0,0,0,0,0,0,0,74,0,51,0,0,0,79,71,62,64,68,68,61,66,66,76,80,76,0.7,7.8,17.2,8.8,-5.3,-2.3,6,1.2,-2.3,2.7,11.6,5,1945,612,401,1289,7.3,18.2,24.3,12.3,468,90,1,85,4,74,621,258,2001,1410,590,1195,0,1,9,7,7,26,85,49,1066,235,20,176,0,126,291,103,0,0,74,51,75,65,65,74,3.7,13.8,-6.5,20.3,4379,575,3.1,23.9,644,958,5195,17,167,171,283,112,1497,-30.2,30.4,520,125,15.5,69
1991,PARA,ABIAMA,46.776207,121.731972,1621.178947,-0.9,4.7,2.5,5.5,7.7,10.2,19.8,18.6,17.8,10.5,3.3,1.7,-7.6,-3.2,-5.5,-3.3,-0.2,2.2,6.7,7.7,5.8,0.1,-2.7,-4,-4.3,0.7,-1.5,1.1,3.7,6.2,13.2,13.1,11.8,5.3,0.3,-1.2,395,434,329,416,162,114,34,54,18,125,607,362,7.3,10.3,14.1,18,21.5,23.1,26.1,22.8,20,12.2,6.9,5.4,159,51,93,40,11,2,0,0,0,9,58,85,1,7,4,12,31,63,256,253,207,60,10,4,691,479,606,507,442,354,146,153,190,396,532,592,0,0,0,0,0,0,3,4,6,0,0,0,2,6,3,6,13,22,30,30,27,15,8,6,246,111,258,267,71,21,0,1,0,147,243,348,0,20,0,46,61,70,116,92,68,35,13,0,0,0,0,0,0,0,82,38,51,0,0,0,72,71,69,68,73,73,60,66,62,65,77,68,0.3,5.3,16.2,10.5,-7,-3,5.5,1,-3.3,1.1,10.8,5.8,1237,907,203,750,7.7,17.9,24,13,295,144,2,67,13,47,572,276,1761,1555,653,1118,0,1,8,6,14,22,83,50,706,596,22,390,20,106,278,117,0,0,120,51,70,70,66,68,4,13.2,-4.3,17.5,3051,382,4.6,34.5,508,908,5087,15,168,164,276,112,1714,-29.3,30.6,521,171,15.6,69
1992,PARA,ABIAMA,46.776207,121.731972,1621.178947,1.8,6.1,9.5,8.7,15.6,18,17.6,19.7,12.9,9,2.6,-0.4,-4.4,-2.3,-2.7,-1,1.9,5.5,7.2,6.7,3.9,1.6,-3.6,-7.4,-1.3,1.9,3.4,3.8,8.8,11.8,12.4,13.2,8.4,5.3,-0.5,-3.9,488,230,99,303,38,63,60,35,212,97,503,385,6.3,9.8,16.1,16.9,24.2,25.7,25,23.4,17,10.4,7.2,5.4,92,39,27,16,1,0,0,0,1,9,71,146,4,12,24,30,126,204,230,255,113,60,7,2,601,448,455,425,287,188,175,151,289,396,555,675,0,0,0,1,3,3,2,4,2,1,0,0,5,8,8,11,20,28,31,30,24,20,6,2,166,38,14,78,2,1,1,1,0,8,196,125,0,22,46,55,98,108,101,100,52,30,0,0,0,0,0,0,60,45,41,66,0,0,0,0,75,70,58,67,57,61,67,60,70,75,76,77,3.2,11.2,18.4,8.2,-3.6,-0.6,6.4,0.6,-0.2,5.3,12.4,4.4,1080,441,158,811,7.2,19.1,24.7,11.5,276,43,0,82,17,180,689,180,1724,1167,513,1240,0,4,9,2,15,39,89,50,329,94,2,205,22,199,310,82,0,60,152,0,74,61,63,74,5.3,13.2,-3.9,17.1,2513,407,6.1,32.4,402,1066,4644,15,193,149,262,113,630,-29.3,30.6,613,212,15.6,67
1993,PARA,ABIAMA,46.776207,121.731972,1621.178947,-2.2,1,4.8,4.7,13.5,11.8,12.3,17,18.2,11.1,1.7,1.3,-9.9,-8,-4.7,-2.8,1.7,2.7,4.7,6.8,5.5,2.5,-5.5,-4.8,-6,-3.5,0,0.9,7.6,7.2,8.5,11.9,11.8,6.8,-1.9,-1.8,253,28,343,341,178,147,116,38,3,122,180,346,7.3,11.5,13.6,15.6,20.4,22.4,22.5,23.1,19.5,11.4,8.2,5.7,206,125,65,43,1,1,0,0,0,5,100,96,1,1,7,11,96,82,109,215,209,88,5,4,746,597,559,512,323,323,296,189,188,348,596,610,0,0,0,0,2,0,0,2,6,1,0,0,1,1,4,6,20,23,29,30,27,22,4,4,195,21,200,227,17,16,9,1,18,6,199,248,0,0,34,42,87,78,75,85,70,34,0,0,0,0,0,0,0,0,0,47,67,0,0,0,67,64,64,72,62,70,75,68,60,71,71,70,-0.5,7.7,13.7,10.4,-8.4,-2,4.7,0.8,-4.5,2.9,9.2,5.6,666,862,301,305,8.2,16.5,22.7,13,427,109,2,105,6,114,407,302,1953,1394,809,1132,0,2,3,7,7,30,82,53,463,444,26,223,0,163,239,105,0,0,47,67,67,66,71,68,3.5,11.9,-6,18,2095,482,6.4,24.8,643,828,5287,12,172,140,277,137,1156,-29.3,30.6,506,114,15.1,68
1994,PARA,ABIAMA,46.776207,121.731972,1621.178947,2.5,0.7,5.2,7.8,12.3,13.2,20.4,18,17.1,7.5,0.1,-0.3,-3.8,-6.5,-4.8,-2,0.9,2.5,6.9,6.5,6.6,-0.5,-6.5,-6.9,-0.6,-2.9,0.2,2.9,6.6,7.8,13.6,12.2,11.8,3.5,-3.2,-3.6,337,387,307,182,97,141,30,13,101,434,526,477,6.7,9.3,13.9,17.9,21,24,27.4,23.4,18.5,11.3,7.3,5.4,79,114,63,23,2,1,0,0,0,18,131,138,5,2,7,21,74,95,269,225,209,37,3,2,579,582,555,454,353,306,136,180,188,451,635,666,0,0,0,0,1,0,4,3,6,0,0,0,6,2,4,8,17,22,30,30,28,13,3,2,94,264,172,70,15,12,0,0,0,3,96,141,0,0,35,53,82,87,119,91,64,29,0,0,0,0,0,0,0,0,89,78,0,0,0,0,76,71,63,66,63,65,59,64,67,72,73,75,1.5,8.4,17.2,8.2,-5,-2,5.3,-0.1,-1.8,3.2,11.2,4,1069,587,184,1061,7.1,17.6,24.9,12.4,331,88,1,149,9,103,589,249,1828,1362,622,1275,0,2,7,6,11,29,83,44,500,257,12,99,0,170,297,93,0,0,167,0,74,64,63,70,4,13.6,-3.6,17.2,3033,383,4.6,35.6,568,949,5087,15,167,154,281,127,868,-29.3,30.6,560,167,15.5,67
1995,PARA,ABIAMA,46.776207,121.731972,1621.178947,2.2,3.7,4.5,6.3,12.7,13.5,18.8,15.4,17,6.8,5.6,1.3,-5.5,-5.5,-5.2,-3,1,3.6,7.1,4.5,7.1,-0.1,-1.6,-5.3,-1.6,-0.9,-0.4,1.6,6.8,8.5,13,10,12.1,3.4,2,-2,290,342,333,209,115,113,68,110,93,436,1059,571,6.3,9.7,13.2,18.3,23.9,23.9,25.5,22.2,18.8,10.1,5.8,5.4,98,75,71,34,2,1,0,0,0,18,35,100,4,4,6,14,79,112,248,152,216,36,17,3,611,525,571,491,347,285,156,250,182,455,481,616,0,0,0,0,1,1,3,1,6,0,0,0,4,3,3,6,17,25,31,28,28,15,10,4,107,149,213,119,16,6,1,6,3,72,346,292,0,0,0,48,84,86,109,82,63,26,16,0,0,0,0,0,0,0,41,0,0,0,0,0,70,65,63,66,62,67,63,65,68,76,74,72,1.9,7.8,15.9,9.8,-6,-2.4,5.1,1.8,-2,2.7,10.5,5.8,1109,657,291,1587,7.1,18.5,23.9,11.6,273,108,1,54,11,99,512,269,1751,1409,692,1118,0,2,4,7,11,27,84,53,548,348,13,421,0,132,277,105,0,0,41,0,69,64,65,73,4.4,13,-2,14.9,3738,498,3.8,26,435,890,4970,13,175,154,284,130,1331,-29.3,30.6,515,41,15.3,68
1996,PARA,ABIAMA,46.776207,121.731972,1621.178947,-0.3,1.5,3.9,6.4,7.7,14.4,21.4,19.3,12.5,7.2,2.5,-0.9,-6.7,-7.5,-4.9,-2.3,-0.8,2.5,7.1,6.5,3.9,-0.1,-4.2,-7.4,-3.5,-3,-0.5,2,3.5,8.5,14.3,12.9,8.2,3.5,-0.8,-4.2,599,695,173,406,214,66,34,81,129,367,531,874,6.1,10.4,14.3,15.5,19.1,25.3,26.4,23.6,16.8,10.3,6.6,4.9,140,115,73,30,12,1,0,0,1,17,78,153,2,2,6,16,28,110,287,247,107,38,7,1,668,584,575,479,451,287,120,160,296,450,565,684,0,0,0,0,0,1,6,4,2,0,0,0,3,2,4,8,11,22,31,30,24,14,5,2,330,480,114,207,101,4,0,2,2,77,207,245,0,0,0,48,62,94,125,98,51,27,0,0,0,0,0,0,0,28,91,17,0,0,0,0,73,64,67,69,70,62,57,61,72,75,74,73,0.8,6,18.4,7.4,-6.5,-2.7,5.4,-0.1,-2.8,1.7,11.9,3.6,1865,793,181,1027,7.1,16.3,25.1,11.2,408,116,1,97,5,50,644,151,1936,1505,566,1311,0,1,10,2,6,22,83,44,1055,421,6,286,0,110,318,78,0,0,136,0,70,69,60,73,3.4,14.3,-4.2,18.5,4169,523,3.2,27.3,621,850,5318,13,156,172,261,89,1769,-29.3,30.6,506,136,14.9,68
1997,PARA,ABIAMA,46.776207,121.731972,1621.178947,-0.4,0.9,2.5,5.4,12.1,12.1,17.5,19,15.3,7.4,4.6,0.8,-6.9,-6.3,-5.1,-3.3,1.4,3.1,6.2,8,6.3,0.5,-2.4,-5.7,-3.6,-2.7,-1.3,1,6.7,7.6,11.9,13.5,10.8,3.9,1.1,-2.4,632,418,731,305,137,106,59,62,224,455,382,371,6.2,9.9,12.1,17.3,21.1,22.8,24.6,22.2,16.2,10.2,6.9,5.7,143,108,90,42,2,1,0,0,0,15,46,111,2,2,4,11,76,89,213,264,179,42,13,3,672,575,601,509,350,313,191,143,218,437,507,631,0,0,0,0,1,0,2,5,4,0,0,0,3,2,3,5,19,24,30,31,28,16,9,3,357,275,561,200,20,10,1,1,12,59,228,588,0,0,0,45,80,79,103,93,57,27,15,0,0,0,0,0,0,0,44,31,0,0,0,0,73,71,70,68,65,70,65,66,71,76,74,72,-0.1,6.6,16.2,9.1,-6.9,-2.4,5.7,1.4,-3.5,2.1,11,5.3,1924,1174,226,1061,7.3,16.8,23.2,11.1,362,134,1,61,6,92,565,234,1878,1461,647,1162,0,2,7,4,8,28,85,52,1220,781,12,299,0,125,275,99,0,0,75,0,72,68,67,74,3.9,13.5,-3.6,17.1,3881,587,3.6,22.9,558,897,5148,13,173,147,280,133,2312,-29.3,30.6,500,75,14.6,70
1998,PARA,ABIAMA,46.776207,121.731972,1621.178947,0.7,2.6,3.3,6.8,8.6,12.8,19.5,19.1,16.9,8.2,3.5,0.4,-5.8,-3.8,-4.4,-2.9,1.1,3.5,8.7,7.3,6.1,0.2,-2.3,-6.3,-2.5,-0.6,-0.5,1.9,4.8,8.1,14.1,13.2,11.5,4.2,0.6,-2.9,565,200,303,105,180,75,19,25,32,223,593,715,6,9,12.6,18.7,21,24.8,25,25,19.1,10.4,5.6,5,117,70,75,31,6,1,0,0,0,13,52,122,3,4,6,16,44,102,282,254,199,45,11,2,638,516,577,482,408,297,125,152,196,430,522,646,0,0,0,0,1,0,5,4,5,0,0,0,4,5,4,6,18,25,31,30,27,15,9,3,258,80,202,55,57,5,0,0,9,60,98,179,0,0,0,50,62,82,109,95,64,30,13,0,0,0,0,0,0,7,90,70,33,0,0,0,74,75,71,65,74,69,66,63,66,73,78,74,1.4,6.2,17.1,9.5,-5.1,-2.1,6.5,1.3,-1.9,2.1,11.8,5.4,1135,589,119,848,6.7,17.4,24.9,11.7,309,112,1,66,9,65,638,255,1801,1467,573,1148,0,1,10,6,12,28,86,52,516,314,6,167,0,112,286,107,0,0,167,33,74,70,66,72,4.3,14.1,-2.9,17,3035,331,4.7,42.5,488,967,4989,17,178,154,276,122,1003,-29.3,30.6,505,200,15.2,71
1999,PARA,ABIAMA,46.776207,121.731972,1621.178947,1.1,0.9,1.9,5.7,8.2,11.4,16.5,16.8,15.1,8.8,4.8,1.9,-5.3,-5.1,-5.9,-4.5,-1.8,2.6,5.1,7.8,3.7,-0.1,-1.6,-4.2,-2.1,-2.1,-2,0.6,3.2,7,10.8,12.3,9.4,4.3,1.6,-1.1,568,554,277,104,139,96,76,47,33,253,557,545,5.7,8.2,12.9,19.4,20.9,21.4,26.5,21.7,19.6,10.9,5.9,5.2,108,96,105,47,14,2,0,0,1,13,39,84,3,2,3,10,26,78,177,226,139,47,15,5,625,558,623,521,460,330,225,180,260,425,492,590,0,0,0,0,0,0,1,3,2,0,0,0,4,3,3,4,8,23,29,31,24,14,10,5,235,324,232,74,70,12,2,1,1,26,175,386,0,0,0,48,66,76,100,81,61,31,15,0,0,0,0,0,0,0,24,34,28,0,0,0,74,75,69,63,65,71,64,71,63,70,77,72,0.8,5.2,14.9,9.6,-5.6,-4.1,5.1,0.6,-2.4,0.6,10,5.1,1837,521,219,844,6.4,17.7,23.2,12.1,288,166,2,53,10,39,480,200,1774,1605,734,1177,0,1,4,3,13,14,83,49,945,376,15,202,0,114,257,107,0,0,58,28,74,66,69,70,3.5,12.3,-2.1,14.4,3250,392,4.1,31.3,508,729,5290,8,159,185,261,77,1539,-29.3,30.6,478,86,14.9,70
2000,PARA,ABIAMA,46.776207,121.731972,1621.178947,-0.5,1.5,2.2,7.6,9,13.8,17.5,16.8,14,8.7,0.9,-0.3,-6.5,-5.3,-6,-2.3,0.2,3.3,6.1,5.8,4.9,0.6,-6.3,-6,-3.5,-1.9,-1.9,2.7,4.6,8.6,11.8,11.3,9.5,4.6,-2.7,-3.1,447,266,274,165,160,102,33,23,169,234,223,193,6.4,9.6,13.5,18.7,19.8,24.5,25.9,24.4,16.8,10.7,7.3,5.5,141,92,103,24,7,1,0,0,1,11,119,127,2,3,3,20,40,112,210,193,142,51,3,2,668,552,620,461,417,284,194,211,257,415,621,652,0,0,0,0,1,1,1,2,2,0,0,0,3,3,3,8,15,25,30,30,26,17,3,3,247,149,228,69,55,6,1,1,2,27,122,186,0,0,0,52,66,88,103,86,55,30,0,0,0,0,0,0,0,0,71,63,0,0,0,0,75,73,68,65,70,66,64,65,70,72,71,75,1,6.2,16,7.9,-5.3,-2.7,5.1,-0.3,-2.2,1.8,10.5,3.8,1257,599,158,626,7.2,17.3,24.9,11.6,359,134,1,132,6,64,515,196,1873,1497,688,1293,0,1,4,3,9,25,84,45,582,351,7,151,0,119,278,85,0,0,134,0,74,68,65,71,3.3,11.8,-3.5,15.3,2289,487,5.8,24.2,626,781,5352,8,164,165,270,106,1092,-29.3,30.6,482,134,15.3,70
2001,PARA,ABIAMA,46.776207,121.731972,1621.178947,0.6,0.5,3.5,4.9,11.7,11.3,16.9,17.4,15,7.9,3.7,1.2,-5.8,-7.3,-5.3,-3.8,-0.8,2.3,6,7.2,5.7,0.2,-2.7,-4.9,-2.6,-3.4,-0.9,0.5,5.4,6.8,11.4,12.3,10.3,4,0.5,-1.8,217,163,338,248,149,174,36,50,38,361,513,549,6.9,10.5,13.5,16.5,21.9,24,26.3,22.6,18,9.8,6.4,5.6,119,123,82,49,5,2,0,0,1,14,54,98,3,1,5,10,52,74,198,227,166,43,10,3,640,595,589,524,390,336,204,178,231,434,525,612,0,0,0,0,1,0,1,3,3,0,0,0,4,2,3,5,11,22,30,30,27,15,8,4,101,119,244,179,38,24,1,1,10,21,137,108,0,0,0,44,82,76,100,87,57,29,14,0,0,0,0,0,0,0,64,37,19,0,0,0,74,68,66,68,59,70,65,67,70,74,76,76,0.3,6.7,15.2,8.9,-6.4,-3.3,5.2,1,-3,1.7,10.2,5,573,735,259,912,7.7,17.3,24.3,11.4,340,135,2,69,7,67,499,219,1847,1504,719,1190,0,1,4,4,10,19,82,50,328,460,26,168,0,126,263,100,0,0,101,19,73,64,68,73,3.5,12.3,-2.6,14.9,2835,446,4.8,27.6,546,793,5260,9,161,170,276,105,982,-29.3,30.6,489,120,15.2,69
2002,PARA,ABIAMA,46.776207,121.731972,1621.178947,0.6,2,0.8,5.7,8.6,13.9,18.5,17.7,15,8.5,4.2,1.8,-5.4,-6.4,-6.9,-3.1,-0.9,3.5,6.9,6.1,4.6,-0.7,-4,-3.5,-2.4,-2.2,-3.1,1.3,3.8,8.7,12.7,11.9,9.8,3.9,0.1,-0.8,672,280,539,233,126,84,15,19,29,65,252,412,6.2,10.2,14.1,20.1,22.6,24.8,26.3,24,18.1,12.7,7.5,5.3,114,98,129,38,10,1,0,0,1,15,60,78,3,2,2,13,32,116,239,212,150,41,9,5,634,562,655,501,440,279,166,192,248,439,537,581,0,0,0,0,0,1,2,2,3,0,0,0,4,2,2,6,11,25,30,30,26,13,6,7,298,168,490,143,54,4,0,1,2,45,156,229,0,0,0,46,67,88,107,91,59,31,15,0,0,0,0,0,0,4,92,71,30,0,0,0,75,67,69,68,67,66,64,63,66,68,69,75,1.3,5,16.7,9.2,-5.6,-3.6,5.5,-0.1,-2.2,0.7,11.1,4.6,1502,898,119,346,7.2,18.9,25,12.8,291,177,1,76,10,47,568,200,1776,1595,637,1224,0,1,5,3,13,19,85,44,694,687,5,203,0,113,286,106,0,0,167,30,72,68,64,68,3.6,12.7,-2.4,15.1,2728,274,5,46.2,545,825,5233,9,161,175,267,92,1589,-29.3,30.6,505,197,16,69
2003,PARA,ABIAMA,46.776207,121.731972,1621.178947,2.7,1.8,3.4,4.7,9.6,15.2,20.6,18.5,16.4,10.3,2.2,0.5,-3.3,-6,-3.8,-2.3,-0.1,4.4,7.2,7.1,6.1,2.5,-6,-5.2,-0.3,-2.1,-0.2,1.2,4.7,9.8,13.9,12.8,11.2,6.4,-1.9,-2.4,645,221,704,238,79,42,5,7,71,374,525,384,6.1,10.8,11.8,17.5,21.4,26.8,27.7,23.3,18,9.8,7.1,5.2,73,96,69,40,7,0,0,0,0,6,101,109,6,2,6,12,42,145,276,242,192,79,5,3,570,558,567,505,412,247,130,164,202,361,597,628,0,0,0,0,1,1,5,4,5,1,0,0,7,3,5,8,14,27,31,30,27,22,3,4,165,130,438,151,26,1,0,0,2,9,85,128,0,0,0,41,70,94,120,93,62,32,0,0,0,0,0,0,0,52,115,86,0,0,0,0,77,69,72,74,67,65,59,64,67,74,68,79,2.1,5.9,18.1,9.6,-4.3,-2.1,6.2,0.8,-1.1,1.9,12.1,5.2,1278,1021,54,970,7.4,16.9,25.9,11.6,278,115,0,107,11,61,663,275,1756,1484,541,1161,0,1,9,6,14,26,88,53,423,615,1,96,0,111,307,94,0,0,253,0,75,71,63,69,4.4,13.9,-2.4,16.2,3295,203,4.4,68.3,501,1010,4942,16,180,164,279,115,1135,-29.3,30.6,512,253,15.5,69
2004,PARA,ABIAMA,46.776207,121.731972,1621.178947,-1.4,1.8,4.8,8.9,10.4,14.9,19.8,18.2,12.7,9,3.1,1.9,-6.6,-5,-3.9,-2.2,1.1,4.1,7.9,8.4,5.5,1.8,-4.3,-4.2,-4,-1.6,0.5,3.3,5.8,9.5,13.8,13.3,9.1,5.4,-0.6,-1.1,703,196,340,77,198,84,16,166,183,233,277,258,6,10.2,13.8,20.3,19.9,26.2,26.3,21.4,16.6,10.9,6.9,5,153,87,58,19,4,0,0,0,1,8,73,84,1,3,8,25,58,138,274,258,131,62,7,5,684,544,546,441,380,255,131,149,268,392,558,590,0,0,0,1,1,1,5,5,2,1,0,0,3,4,5,8,18,26,31,31,27,20,5,5,423,103,175,25,44,3,0,3,2,13,281,182,0,0,33,57,72,93,113,87,48,30,0,0,0,0,0,0,0,8,97,0,0,0,0,0,78,73,67,62,69,65,63,69,76,75,72,77,0.3,8,17.6,8.3,-5.6,-1.7,6.8,1,-2.7,3.2,12.2,4.6,1283,616,267,692,7.1,18,24.6,11.5,324,82,0,82,9,91,670,200,1818,1367,535,1218,0,2,10,3,12,31,88,52,708,244,6,296,0,162,293,78,0,0,105,0,76,66,66,74,4.4,13.8,-4,17.8,2732,648,5.3,21.3,488,969,4938,14,182,158,273,115,1254,-29.3,30.6,533,105,15.3,70
2005,PARA,ABIAMA,46.776207,121.731972,1621.178947,0.4,3.7,5.3,6.1,11,12.1,18.7,19,13.8,8.7,1.3,-0.1,-5.8,-8.5,-4.1,-2,2.2,3.1,6.7,7.1,4.2,2.2,-4.7,-6,-2.7,-2.4,0.6,2,6.6,7.6,12.7,13,9,5.4,-1.7,-3,298,77,402,225,195,116,56,42,115,240,415,414,6.3,11.5,13.1,16.4,20.2,22.9,25.8,24.5,18.4,9.6,6.9,5.6,122,102,57,30,2,1,0,0,1,8,96,124,2,2,8,16,73,90,240,250,128,63,5,2,644,567,543,479,355,312,165,156,271,390,591,649,0,0,0,0,1,0,2,4,2,1,0,0,4,1,5,8,21,24,30,30,25,21,5,3,142,48,200,114,30,11,1,1,12,14,112,88,0,0,35,46,72,79,109,95,55,28,0,0,0,0,0,0,0,0,53,54,0,0,0,0,74,54,65,71,71,70,63,63,69,78,76,75,2,7.4,16.6,7.9,-6.2,-1.3,5.6,0.6,-2.1,3.1,11.1,4.2,633,822,213,771,7.8,16.6,24.4,11.6,348,89,1,105,7,98,580,196,1860,1376,633,1252,0,2,7,3,8,34,85,51,278,344,12,138,0,153,283,84,0,0,107,0,68,69,65,74,3.9,13,-3,16,2594,524,5.4,24.8,543,880,5121,11,178,138,265,128,772,-29.3,30.6,520,107,15.1,69
2006,PARA,ABIAMA,46.776207,121.731972,1621.178947,2.5,1.6,2.6,6.5,11.3,14.6,20,18.4,16.2,8.6,2.3,-0.1,-3.1,-6.7,-5.4,-2.8,0.2,4.4,7.5,6.3,5.1,0.1,-3.7,-6.4,-0.3,-2.6,-1.4,1.8,5.7,9.5,13.7,12.3,10.6,4.4,-0.7,-3.3,771,298,211,170,151,118,18,12,69,135,1043,419,5.8,10.5,13.7,19.2,21.8,24.7,26,24.8,18.5,11.7,6,5.4,74,106,92,32,4,0,0,0,1,13,75,130,6,2,4,15,57,138,272,228,175,47,7,2,570,572,604,486,381,255,133,178,222,425,561,656,0,0,0,0,1,1,4,3,4,0,0,0,8,2,3,6,15,27,31,30,26,15,6,3,198,192,165,92,34,4,0,0,8,14,213,227,0,0,0,49,78,90,116,94,63,31,0,0,0,0,0,0,0,0,98,82,0,0,0,0,78,67,69,66,63,67,61,62,64,71,77,75,1.3,6.8,17.7,9,-5.3,-2.7,6.1,0.5,-2,2,11.9,4.8,1482,533,148,1246,7.2,18.2,25.2,12.1,309,128,0,88,10,76,637,228,1798,1471,567,1208,0,1,8,4,12,24,87,47,617,291,4,235,0,127,300,94,0,0,180,0,74,66,64,71,4.1,13.7,-3.3,17,3413,367,4.1,37.4,526,952,5044,14,171,166,270,104,1147,-29.3,30.6,521,180,15.7,68
2007,PARA,ABIAMA,46.776207,121.731972,1621.178947,-1,1,4,6.2,11.5,13,19.6,17.1,13.8,7.5,2.4,0,-8.4,-5.2,-4.1,-2.9,-0.2,2.9,8.4,6.9,5.1,-0.1,-4.4,-5.5,-4.7,-2.1,-0.1,1.6,5.6,8,14,12,9.4,3.7,-1,-2.8,372,397,505,154,93,90,27,42,48,284,249,691,6.8,9.1,12.6,17.3,22.9,23.1,24.6,23.2,18.4,10.2,7.1,4.7,171,96,66,34,4,1,0,0,1,16,81,118,1,2,7,14,56,98,279,216,140,39,6,2,705,558,562,491,384,301,127,189,258,445,570,640,0,0,0,0,1,0,5,2,2,0,0,0,2,3,5,6,13,24,31,30,26,14,5,4,248,232,300,88,22,7,0,1,3,14,434,241,0,0,0,48,80,85,110,85,54,28,0,0,0,0,0,0,0,0,83,44,6,0,0,0,69,75,70,67,61,67,65,68,71,74,73,74,0,7.2,16.6,7.9,-6.7,-2.4,6.1,0.2,-3.4,2.4,11.3,4,1188,752,159,581,6.9,17.6,23.6,11.9,385,105,1,98,6,77,593,186,1904,1437,617,1273,0,1,8,3,9,24,85,46,721,409,8,451,0,128,280,82,0,0,127,6,73,66,67,73,3.6,14,-4.7,18.7,2952,299,4.6,46.8,588,862,5230,12,163,167,269,102,1589,-29.3,30.6,490,133,15,70
2008,PARA,ABIAMA,46.776207,121.731972,1621.178947,-1.4,2.3,1.3,4.3,10.5,12.2,18.3,17.2,15.2,8.2,4.8,-2,-7.9,-5.1,-6.4,-5.1,1.1,2.1,6.2,7.5,5,0.4,-1.8,-8.3,-4.6,-1.4,-2.5,-0.4,5.8,7.2,12.2,12.4,10.1,4.3,1.5,-5.2,376,356,339,143,161,128,15,178,94,115,553,415,6.3,9.8,12.9,19.5,21.5,24,26.6,21.3,18.8,10.1,6.3,5.3,169,83,116,64,4,1,0,0,1,13,40,180,1,3,3,7,58,81,224,230,159,46,15,1,703,539,639,551,379,325,180,175,239,426,495,714,0,0,0,0,1,0,2,3,3,0,0,0,2,3,2,3,18,21,30,30,26,16,10,1,248,177,297,117,35,15,0,4,3,43,110,358,0,0,0,0,72,82,108,84,59,29,15,0,0,0,0,0,0,0,93,0,0,0,0,0,73,71,69,65,68,67,62,69,67,73,76,77,0.3,5.3,15.9,9.4,-6.2,-3.4,5.3,1.2,-2.9,1,10.6,5.3,1423,643,321,761,7.1,18,24,11.7,431,184,1,54,5,68,535,220,1956,1569,680,1159,0,1,5,4,7,23,82,52,783,449,19,156,0,72,275,104,0,0,93,0,74,68,66,72,3.3,12.4,-5.2,17.5,2871,575,4.6,21.5,670,828,5365,10,164,147,271,124,1408,-29.3,30.6,450,93,15.2,69
2009,PARA,ABIAMA,46.776207,121.731972,1621.178947,-0.6,0.7,0.6,6.3,11.5,14.8,21.1,17.8,15.8,7.5,3.9,-1.7,-6.8,-6.9,-6.8,-3.7,-0.1,4.9,8.1,7.4,5.8,0.6,-3.5,-9,-3.7,-3.1,-3.1,1.3,5.7,9.9,14.6,12.6,10.8,4,0.2,-5.3,648,112,469,210,221,53,7,53,86,341,532,237,7.3,10.6,13.3,19.2,22.1,25.2,27.2,23.3,17.9,9.8,6.6,6,146,116,129,38,4,0,0,0,0,14,59,185,2,2,2,13,56,148,295,235,179,43,9,1,675,586,655,501,383,244,112,170,217,434,534,720,0,0,0,0,1,1,7,3,4,0,0,0,3,2,2,5,14,27,31,30,27,17,6,1,372,78,426,129,51,1,0,1,5,13,124,316,0,0,0,49,80,90,121,88,60,27,15,0,0,0,0,0,0,37,114,34,0,0,0,0,74,69,70,64,62,68,60,67,68,76,72,73,-0.6,6.1,17.9,9.1,-7.3,-3.5,6.8,0.9,-4,1.3,12.3,5,1175,899,113,959,8,18.2,25.2,11.4,447,171,0,74,4,71,678,232,1981,1538,527,1186,0,1,11,4,6,20,89,50,767,606,3,142,0,129,299,102,0,0,185,0,72,65,65,72,3.6,14.6,-5.3,19.9,2968,420,4.6,34.7,692,985,5232,17,165,171,274,103,1516,-29.3,30.6,530,185,15.7,68
2010,PARA,ABIAMA,46.776207,121.731972,1621.178947,2.4,3.4,3.9,5.3,8,11.3,18.2,17.5,13.6,9,1.6,1.2,-2.8,-3.8,-5.1,-2.8,-0.9,2.6,6,6.5,6.6,1.3,-4.8,-4.3,-0.2,-0.2,-0.6,1.2,3.5,6.9,12.1,12,10.1,5.2,-1.6,-1.5,346,184,285,223,297,187,13,12,196,143,375,438,6.1,10.3,13.9,17.9,19.3,23.2,27.9,23.8,16,10.9,6.2,5.3,72,63,76,39,12,2,0,0,1,9,94,92,6,5,5,12,29,76,220,216,159,58,5,4,567,505,579,503,449,332,184,189,238,400,588,603,0,0,0,0,0,0,2,2,3,0,0,0,8,5,3,6,11,23,30,30,28,19,4,5,86,65,194,140,137,24,0,0,3,43,176,184,0,0,0,44,64,76,108,89,49,30,0,0,0,0,0,0,0,0,95,76,0,0,0,0,80,72,66,70,69,71,62,65,77,74,74,69,1.4,5.7,15.7,8.1,-5.2,-3,5,1,-1.9,1.4,10.3,4.5,767,805,212,714,7.2,17,25,11,227,127,2,104,15,47,512,222,1674,1531,705,1226,0,1,4,4,18,21,83,51,334,471,25,222,0,108,273,80,0,0,171,0,74,68,66,75,3.9,12.1,-1.5,13.6,2698,704,5.2,17.2,459,796,5136,9,173,172,282,110,1051,-29.3,30.6,460,171,15.1,72
2011,PARA,ABIAMA,46.776207,121.731972,1621.178947,0.9,0.1,1.9,3.3,7.9,12,16.9,18.5,17.3,8,2.5,0.4,-5.7,-7.8,-5.1,-5.1,-1.3,2.5,5.6,7.2,6.3,1.7,-5.7,-7.3,-2.4,-3.9,-1.6,-0.9,3.3,7.3,11.2,12.9,11.8,4.8,-1.6,-3.4,490,317,510,375,244,88,41,9,67,220,405,170,0,0,0,0,0,0,0,0,0,0,0,0,115,135,96,73,14,1,0,0,0,10,94,134,3,1,4,6,27,83,192,245,208,53,5,2,635,609,610,566,457,322,211,161,189,409,588,661,0,0,0,0,0,0,1,4,6,0,0,0,4,1,3,3,10,23,30,30,28,20,3,2,218,246,408,321,120,10,1,0,10,10,189,168,0,0,0,0,64,80,101,92,66,27,0,0,0,0,0,0,0,0,60,83,0,0,0,0,73,68,72,68,68,69,64,65,65,78,68,78,0.7,4.4,15.8,9.3,-5.9,-3.8,5.1,0.7,-2.6,0.3,10.5,5,1244,1129,138,692,0,0,0,0,383,183,1,104,6,36,520,266,1905,1633,694,1187,0,1,5,6,7,16,83,51,631,849,11,209,0,64,273,93,0,0,143,0,73,69,66,70,3.1,12.9,-3.4,16.3,2936,449,4.5,28.6,672,828,5418,12,157,173,281,107,1700,-29.3,30.6,430,143,0,69
2012,PARA,ABIAMA,46.776207,121.731972,1621.178947,0.3,1.5,1.5,6.9,10.4,11.3,18.1,19.7,17,9.1,5.7,0.9,-7.5,-5.4,-5.9,-2.3,-0.2,2.9,7,7.5,5.5,1.2,-0.2,-4.4,-3.6,-2,-2.2,2.3,5.1,7.1,12.5,13.6,11.2,5.1,2.7,-1.7,647,320,595,289,157,191,41,1,4,454,595,515,0,0,0,0,0,0,0,0,0,0,0,0,143,94,109,27,5,2,0,0,0,9,28,96,2,2,3,18,47,79,234,267,192,58,22,4,672,555,629,471,401,328,170,139,202,400,459,609,0,0,0,0,1,0,2,5,5,0,0,0,2,3,3,8,13,24,31,30,27,18,14,5,365,183,508,134,45,23,1,0,2,18,204,101,0,0,0,50,75,75,105,98,66,31,15,0,0,0,0,0,0,0,64,97,62,0,0,0,68,73,70,67,64,72,65,62,63,73,79,68,0.7,6.2,16.4,10.6,-6.8,-2.8,5.8,2.1,-3,1.7,11.1,6.4,1137,1041,233,1053,0,0,0,0,333,142,2,37,8,68,580,272,1836,1501,637,1061,0,1,8,5,10,24,84,59,649,688,24,224,0,124,278,111,0,0,161,62,70,67,66,72,4.2,13.6,-3.6,17.2,3808,394,3.7,34.5,514,928,5035,14,177,167,274,107,1584,-29.3,30.6,513,223,0,70
2013,PARA,ABIAMA,46.776207,121.731972,1621.178947,-1.3,2.6,4.4,6.7,11.9,15,20.7,19.2,15,8.4,3.9,-0.1,-7.1,-4.9,-4.4,-2.1,1.3,5.1,7.9,9,7.8,-0.3,-3.7,-7.9,-4.2,-1.2,0,2.3,6.6,10,14.3,14.1,11.4,4.1,0.1,-4,388,132,192,396,202,81,3,63,405,99,273,146,0,0,0,0,0,0,0,0,0,0,0,0,158,79,66,28,2,0,0,0,0,14,60,149,1,3,7,18,73,153,288,282,197,43,9,1,690,533,561,472,354,240,119,122,198,434,536,679,0,0,0,0,1,1,6,7,5,0,0,0,2,4,4,8,18,28,31,31,29,14,6,2,241,62,113,187,31,2,0,1,0,31,91,209,0,0,0,49,79,91,119,91,52,31,15,0,0,0,0,0,0,10,116,28,0,0,0,0,76,71,67,69,65,68,61,68,76,70,71,78,0.7,7.6,18.3,9.1,-5.5,-1.8,7.3,1.3,-2.4,2.9,12.8,5.2,1035,790,147,777,0,0,0,0,386,96,0,75,6,98,722,249,1902,1387,481,1168,0,2,14,5,8,31,89,49,512,331,3,122,0,128,301,98,0,0,154,0,75,67,66,73,4.5,14.3,-4.2,18.5,2381,755,6.1,19,557,1076,4938,21,176,153,286,133,968,-29.3,30.6,527,154,0,69
2014,PARA,ABIAMA,46.776207,121.731972,1621.178947,1.8,-0.6,4.5,7.4,12.3,14,21.2,19.9,16.7,11.3,3.3,3.1,-4.8,-6.6,-4.3,-1.9,1.5,4.2,8.6,9,7,4.1,-3.9,-3.4,-1.5,-3.6,0.1,2.7,6.9,9.1,14.9,14.4,11.8,7.7,-0.3,-0.1,328,510,719,319,198,77,45,74,118,418,353,467,0,0,0,0,0,0,0,0,0,0,0,0,95,128,64,24,2,1,0,0,0,3,67,67,4,1,7,20,80,126,303,291,209,107,8,7,606,600,558,458,345,268,104,116,188,320,549,559,0,0,0,0,1,1,8,8,6,1,0,0,5,2,5,8,19,26,31,31,28,26,6,7,117,381,414,129,27,3,0,1,13,12,92,96,0,0,33,51,81,88,120,95,62,32,0,0,0,0,0,0,0,11,75,22,0,0,0,0,74,75,67,67,64,68,61,66,69,76,72,68,0.4,8.1,18.4,10.4,-6.4,-1.6,7.2,2.4,-3,3.2,12.8,6.4,984,1236,195,888,0,0,0,0,289,90,1,71,12,107,721,324,1765,1361,487,1057,0,2,17,7,14,32,88,60,594,569,4,117,0,165,303,94,0,0,108,0,72,66,65,72,5.2,14.9,-1.5,16.4,3625,511,4.2,29.1,451,1164,4671,26,193,151,286,134,1285,-29.3,30.6,562,108,0,70
2015,PARA,ABIAMA,46.776207,121.731972,1621.178947,2.1,5.1,6.8,7.7,12.9,18.5,22.1,19.7,14.6,11.2,3.3,1.5,-4.1,-2.9,-2.9,-2.8,2.4,5.7,9.1,8.5,5.5,3.3,-4.5,-4.6,-1,1.1,2,2.4,7.6,12.1,15.6,14.1,10,7.2,-0.6,-1.6,337,402,367,159,70,17,13,125,77,303,553,905,0,0,0,0,0,0,0,0,0,0,0,0,86,47,39,26,1,0,0,0,1,4,73,92,5,9,14,18,97,214,329,282,158,96,7,4,591,469,499,467,321,177,86,123,240,335,558,603,0,0,0,0,2,3,11,7,3,1,0,0,6,7,7,6,22,28,31,31,27,24,5,5,105,89,106,71,6,0,0,2,3,6,132,115,0,21,38,53,83,111,125,96,56,33,0,0,0,0,0,0,13,94,112,0,0,0,0,0,76,70,65,63,66,60,61,65,70,74,70,75,3.4,9.1,20.1,9.7,-3.5,-1.1,7.8,1.4,0,4,13.9,5.6,1207,596,155,933,0,0,0,0,225,67,0,78,17,130,825,261,1663,1288,386,1132,0,2,22,4,17,35,90,56,310,184,2,142,21,174,331,89,0,13,206,0,74,64,62,71,5.8,15.6,-1.6,17.1,3328,301,4.7,51.7,369,1233,4469,28,198,147,274,127,638,-29.3,30.6,615,219,0,68
