Year,ID1,ID2,Latitude,Longitude,Elevation,Tmax01,Tmax02,Tmax03,Tmax04,Tmax05,Tmax06,Tmax07,Tmax08,Tmax09,Tmax10,Tmax11,Tmax12,Tmin01,Tmin02,Tmin03,Tmin04,Tmin05,Tmin06,Tmin07,Tmin08,Tmin09,Tmin10,Tmin11,Tmin12,Tave01,Tave02,Tave03,Tave04,Tave05,Tave06,Tave07,Tave08,Tave09,Tave10,Tave11,Tave12,PPT01,PPT02,PPT03,PPT04,PPT05,PPT06,PPT07,PPT08,PPT09,PPT10,PPT11,PPT12,Rad01,Rad02,Rad03,Rad04,Rad05,Rad06,Rad07,Rad08,Rad09,Rad10,Rad11,Rad12,DD_0_01,DD_0_02,DD_0_03,DD_0_04,DD_0_05,DD_0_06,DD_0_07,DD_0_08,DD_0_09,DD_0_10,DD_0_11,DD_0_12,DD5_01,DD5_02,DD5_03,DD5_04,DD5_05,DD5_06,DD5_07,DD5_08,DD5_09,DD5_10,DD5_11,DD5_12,DD_18_01,DD_18_02,DD_18_03,DD_18_04,DD_18_05,DD_18_06,DD_18_07,DD_18_08,DD_18_09,DD_18_10,DD_18_11,DD_18_12,DD18_01,DD18_02,DD18_03,DD18_04,DD18_05,DD18_06,DD18_07,DD18_08,DD18_09,DD18_10,DD18_11,DD18_12,NFFD01,NFFD02,NFFD03,NFFD04,NFFD05,NFFD06,NFFD07,NFFD08,NFFD09,NFFD10,NFFD11,NFFD12,PAS01,PAS02,PAS03,PAS04,PAS05,PAS06,PAS07,PAS08,PAS09,PAS10,PAS11,PAS12,Eref01,Eref02,Eref03,Eref04,Eref05,Eref06,Eref07,Eref08,Eref09,Eref10,Eref11,Eref12,CMD01,CMD02,CMD03,CMD04,CMD05,CMD06,CMD07,CMD08,CMD09,CMD10,CMD11,CMD12,RH01,RH02,RH03,RH04,RH05,RH06,RH07,RH08,RH09,RH10,RH11,RH12,Tmax_wt,Tmax_sp,Tmax_sm,Tmax_at,Tmin_wt,Tmin_sp,Tmin_sm,Tmin_at,Tave_wt,Tave_sp,Tave_sm,Tave_at,PPT_wt,PPT_sp,PPT_sm,PPT_at,Rad_wt,Rad_sp,Rad_sm,Rad_at,DD_0_wt,DD_0_sp,DD_0_sm,DD_0_at,DD5_wt,DD5_sp,DD5_sm,DD5_at,DD_18_wt,DD_18_sp,DD_18_sm,DD_18_at,DD18_wt,DD18_sp,DD18_sm,DD18_at,NFFD_wt,NFFD_sp,NFFD_sm,NFFD_at,PAS_wt,PAS_sp,PAS_sm,PAS_at,Eref_wt,Eref_sp,Eref_sm,Eref_at,CMD_wt,CMD_sp,CMD_sm,CMD_at,RH_wt,RH_sp,RH_sm,RH_at,MAT,MWMT,MCMT,TD,MAP,MSP,AHM,SHM,DD_0,DD5,DD_18,DD18,NFFD,bFFP,eFFP,FFP,PAS,EMT,EXT,Eref,CMD,MAR,RH
1901,SUNR,TSUMER,46.928445,121.655296,1793.366667,-2.3,0.2,2,5.2,9.8,10.1,15.5,17.7,13.4,10.6,3.9,0.9,-9.4,-8.9,-6.7,-5.9,-1.7,-0.4,3,3.1,1.4,-0.2,-3.5,-6.6,-5.8,-4.3,-2.4,-0.3,4.1,4.8,9.3,10.4,7.4,5.2,0.2,-2.8,305,241,151,160,61,58,18,6,70,74,322,204,0,0,0,0,0,0,0,0,0,0,0,0,201,146,112,63,9,5,0,0,2,9,59,120,1,1,3,7,35,43,131,165,89,59,9,2,739,622,633,550,432,396,272,237,319,398,534,643,0,0,0,0,1,0,0,1,1,0,0,0,1,1,2,2,9,12,26,25,18,14,6,3,231,196,131,130,24,19,1,0,8,5,106,108,0,0,0,0,74,76,99,97,58,36,14,0,0,0,0,0,13,17,81,91,0,0,0,0,70,63,66,59,61,65,60,55,61,64,72,70,-0.4,5.7,14.4,9.3,-8.3,-4.8,1.9,-0.8,-4.3,0.5,8.2,4.3,750,372,82,465,0,0,0,0,466,184,5,70,4,45,339,157,2004,1615,905,1252,0,1,2,2,5,13,62,39,535,285,20,119,0,74,271,108,0,13,189,0,67,62,60,66,2.1,10.4,-5.8,16.2,1669,213,7.3,48.8,725,544,5775,4,119,174,243,69,959,-33.1,29.5,454,202,0,64
1902,SUNR,TSUMER,46.928445,121.655296,1793.366667,-3.1,0.8,0.2,4.9,8.5,12.6,16.7,17.3,14.5,10,1.5,-1.3,-10.4,-6.7,-6.2,-5.9,-0.4,0.2,2.7,3.3,2.8,-0.2,-5,-7.3,-6.7,-3,-3,-0.5,4,6.4,9.7,10.3,8.6,4.9,-1.7,-4.3,186,343,230,150,93,39,77,19,74,77,384,431,0,0,0,0,0,0,0,0,0,0,0,0,224,114,128,66,9,2,0,0,1,10,96,157,1,2,2,7,34,67,144,162,119,55,5,1,767,583,653,554,433,348,258,241,282,407,591,689,0,0,0,0,1,0,0,1,2,0,0,0,1,2,2,2,13,14,25,26,22,14,4,2,152,235,209,124,37,6,4,1,8,5,106,108,0,0,0,0,65,88,106,94,60,34,0,0,0,0,0,0,0,49,29,75,0,0,0,0,69,70,73,60,69,60,56,57,62,66,74,69,-0.5,4.5,15.5,8.7,-7.9,-4.2,2.1,-0.8,-4.2,0.2,8.8,4,733,473,135,535,0,0,0,0,495,202,2,107,3,43,372,178,2038,1640,846,1279,0,1,2,2,5,17,65,40,495,370,11,119,0,65,288,94,0,0,153,0,69,68,57,67,2.1,10.3,-6.7,17,2103,301,5.7,34.2,807,598,5804,5,127,160,256,95,995,-33.1,29.5,448,153,0,66
1903,SUNR,TSUMER,46.928445,121.655296,1793.366667,-1.8,-1.8,1.3,3.4,10.5,14.3,15.8,15.8,13.4,9,0.4,-0.7,-7.8,-11.1,-8.3,-5.5,-2.8,2.5,3.6,4.7,3.2,0.1,-4.7,-6.9,-4.8,-6.5,-3.5,-1.1,3.8,8.4,9.7,10.3,8.3,4.6,-2.2,-3.8,427,140,206,89,96,77,30,30,137,108,373,189,0,0,0,0,0,0,0,0,0,0,0,0,174,198,140,78,10,1,0,0,1,12,106,143,1,0,2,5,32,109,143,161,110,50,4,2,708,682,668,573,440,288,259,242,292,418,605,673,0,0,0,0,0,1,0,1,2,0,0,0,2,0,1,2,6,23,27,28,23,15,5,2,288,129,192,78,41,5,1,1,6,6,198,296,0,0,0,0,79,93,99,83,55,31,0,0,0,0,0,0,0,17,69,54,0,0,0,0,75,61,62,66,55,62,61,65,67,70,79,75,-1.7,5,15.3,7.6,-8.8,-5.5,3.6,-0.5,-5.2,-0.3,9.5,3.6,998,391,136,619,0,0,0,0,515,228,1,119,3,39,413,164,2062,1681,788,1315,0,1,2,2,5,9,78,43,713,311,7,209,0,79,276,87,0,0,140,0,70,61,63,72,1.9,10.3,-4.8,15.1,1902,370,6.3,27.8,864,618,5846,5,135,189,258,69,1241,-33.1,29.5,441,140,0,66
1904,SUNR,TSUMER,46.928445,121.655296,1793.366667,0.1,-2.2,-0.3,7.4,10.3,13.2,18.1,17.3,15.9,9.2,4.6,0.2,-8.3,-9.1,-8.5,-4.3,-3,-0.1,5.2,4.6,3.8,0.9,-2.5,-5.5,-4.1,-5.6,-4.4,1.5,3.7,6.5,11.6,10.9,9.9,5.1,1.1,-2.6,282,296,356,111,39,64,41,12,26,100,343,300,0,0,0,0,0,0,0,0,0,0,0,0,155,177,165,35,11,2,0,0,1,9,46,115,1,1,1,14,30,69,205,183,153,57,13,3,687,658,697,494,445,344,198,220,244,402,508,637,0,0,0,0,0,0,1,1,3,0,0,0,2,1,1,4,5,13,30,28,24,18,8,4,172,264,342,65,17,10,1,0,12,10,209,120,0,0,0,53,78,92,109,91,64,31,15,0,0,0,0,0,39,28,68,79,38,0,0,0,65,71,66,59,55,57,60,60,61,72,74,74,-0.9,5.8,16.2,9.9,-8.1,-5.3,3.2,0.8,-4.5,0.3,9.7,5.3,767,506,118,469,0,0,0,0,448,211,2,56,5,45,457,223,1981,1636,763,1154,0,1,3,3,6,10,71,50,556,424,11,231,0,132,293,110,0,39,175,38,70,60,59,69,2.8,11.6,-4.1,15.8,1970,182,6.5,63.8,717,729,5534,7,138,194,263,69,1222,-33.1,29.5,534,252,0,65
1905,SUNR,TSUMER,46.928445,121.655296,1793.366667,-2.4,-0.6,4.1,7.7,9.5,13.5,19.1,16.6,14.3,5.4,2.4,-0.7,-9,-9.2,-4.4,-4.6,-1.9,1.6,4.4,5.3,5.3,-3.1,-6.5,-7,-5.7,-4.9,-0.1,1.5,3.8,7.5,11.8,11,9.8,1.1,-2,-3.9,182,149,227,66,170,73,22,27,95,251,169,323,0,0,0,0,0,0,0,0,0,0,0,0,196,159,67,35,11,1,0,0,1,41,104,145,1,1,7,14,31,88,209,183,151,19,4,2,734,637,563,494,441,315,194,220,246,524,601,675,0,0,0,0,0,0,1,1,3,0,0,0,1,1,4,3,8,20,29,29,27,7,3,2,135,127,137,38,74,7,0,1,1,7,89,152,0,0,0,55,73,90,117,86,55,26,0,0,0,0,0,0,0,18,95,59,0,0,0,0,72,64,68,57,61,61,55,64,71,69,65,76,-0.9,7.1,16.4,7.4,-7.9,-3.6,3.8,-1.4,-4.4,1.7,10.1,3,631,462,122,515,0,0,0,0,500,113,1,145,3,51,481,175,2046,1499,729,1372,0,1,3,3,5,16,77,36,414,249,8,97,0,128,294,81,0,0,172,0,71,62,60,68,2.5,11.8,-5.7,17.4,1753,386,7.1,30.4,760,710,5646,7,133,186,276,90,769,-33.1,29.5,502,172,0,65
1906,SUNR,TSUMER,46.928445,121.655296,1793.366667,-1.5,0.8,1.4,9,9.1,11.2,20.8,17.3,14.5,8.5,1.1,-0.7,-7.5,-7.3,-8,-3.5,-1.8,0.5,5.8,4.9,4.8,1.1,-4.9,-6.1,-4.5,-3.2,-3.3,2.8,3.7,5.9,13.3,11.1,9.7,4.8,-1.9,-3.4,336,214,107,60,150,147,9,10,133,142,479,317,0,0,0,0,0,0,0,0,0,0,0,0,166,120,135,23,11,3,0,0,1,10,100,134,1,1,2,21,30,57,259,188,147,53,5,2,699,591,662,457,445,365,143,215,251,410,597,661,0,0,0,0,0,0,3,2,3,0,0,0,2,2,1,5,8,16,30,29,26,18,4,3,217,154,98,24,67,31,0,0,5,113,93,207,0,0,0,59,71,80,125,91,57,29,0,0,0,0,0,0,0,0,116,81,0,0,0,0,75,67,62,57,62,65,54,61,69,75,76,74,-0.5,6.5,16.4,8.1,-7.3,-4.4,3.7,0.4,-3.9,1,10.1,4.2,873,317,166,755,0,0,0,0,420,169,3,111,5,53,504,205,1950,1564,723,1257,0,1,5,3,7,15,74,48,578,189,32,210,0,130,296,86,0,0,197,0,72,60,60,73,2.9,13.3,-4.5,17.8,2104,449,6.1,29.6,703,767,5495,9,144,185,270,85,1009,-33.1,29.5,511,197,0,67
1907,SUNR,TSUMER,46.928445,121.655296,1793.366667,-7.1,-0.6,-0.2,5.3,12.4,12.8,19.2,14.3,15.4,10,3.3,-0.3,-14,-7.1,-7.9,-5.6,-1.3,1.3,4,4,3.8,0.4,-5,-5.7,-10.5,-3.8,-4.1,-0.1,5.5,7,11.6,9.2,9.6,5.2,-0.9,-3,197,284,109,126,52,67,22,41,84,36,363,289,0,0,0,0,0,0,0,0,0,0,0,0,329,134,155,59,4,2,0,0,1,9,78,123,0,1,1,8,54,77,203,128,146,59,7,2,884,607,686,544,387,330,200,276,252,397,566,647,0,0,0,0,1,0,1,1,3,0,0,0,0,2,1,2,10,18,28,27,24,16,4,3,187,219,104,100,13,8,1,3,7,12,255,188,0,0,0,0,86,87,118,77,62,34,0,0,0,0,0,0,34,20,96,36,0,0,0,0,70,73,68,60,55,62,54,67,63,68,68,77,-2.8,5.8,15.4,9.6,-9.1,-4.9,3.1,-0.2,-5.9,0.4,9.2,4.7,798,288,130,483,0,0,0,0,586,218,2,88,4,63,408,212,2139,1616,807,1215,0,1,2,3,6,13,74,45,595,217,12,275,0,86,282,96,0,34,152,0,73,61,61,66,2.1,11.6,-10.5,22.1,1671,266,7.3,43.4,894,686,5777,6,137,174,263,89,1098,-33.1,29.5,465,186,0,65
1908,SUNR,TSUMER,46.928445,121.655296,1793.366667,-1.8,-0.4,-0.3,6.2,7.5,10.9,20.2,16.2,15,7.7,3.6,-1.8,-8.2,-8.3,-8,-5.4,-3.3,-0.1,4.6,3.7,2.5,-1.2,-4.4,-8.5,-5,-4.3,-4.2,0.4,2.1,5.4,12.4,10,8.7,3.2,-0.4,-5.2,198,202,346,137,136,54,44,47,12,171,210,313,0,0,0,0,0,0,0,0,0,0,0,0,178,145,157,50,24,3,0,0,1,19,69,181,1,1,1,9,18,50,229,151,122,34,8,1,713,621,689,528,494,378,175,251,278,459,551,715,0,0,0,0,0,0,2,1,2,0,0,0,2,1,1,3,5,13,29,27,21,11,5,1,137,164,330,101,83,14,1,2,5,2,156,157,0,0,0,50,65,80,123,88,62,30,0,0,0,0,0,0,0,26,79,41,50,0,0,0,73,67,68,58,62,63,53,60,60,69,70,78,-0.8,4.5,15.8,8.8,-7.4,-5.6,2.7,-1,-4.1,-0.6,9.2,3.9,689,620,146,393,0,0,0,0,504,232,4,89,3,28,431,164,2050,1710,804,1289,0,1,3,2,4,9,68,37,458,514,17,163,0,115,291,92,0,0,146,50,73,63,59,66,1.9,12.4,-5.2,17.6,1872,294,6.4,42.1,829,626,5853,6,119,194,252,58,1151,-33.1,29.5,499,196,0,65
1909,SUNR,TSUMER,46.928445,121.655296,1793.366667,-4.9,-1.2,1.3,4.8,9.9,13.2,15.9,15.9,15.8,8,0.8,-2.5,-10.4,-6.1,-5.4,-4.8,-1.7,0.7,3.1,2.2,3.6,-0.9,-4.6,-8,-7.7,-3.6,-2,0,4.1,6.9,9.5,9.1,9.7,3.6,-1.9,-5.2,299,276,133,76,68,21,45,11,77,112,601,188,0,0,0,0,0,0,0,0,0,0,0,0,247,129,105,57,9,2,0,0,1,17,100,182,0,1,3,8,35,76,137,125,147,38,5,1,795,601,623,540,430,332,265,279,251,449,596,717,0,0,0,0,1,0,0,1,3,0,0,0,1,3,3,3,9,16,26,23,24,12,5,2,259,208,111,59,27,3,2,1,1,32,80,239,0,0,0,0,75,91,101,89,64,30,0,0,0,0,0,0,6,70,56,78,0,0,0,0,76,79,73,65,61,59,60,57,61,69,78,72,-2.7,5.3,15,8.2,-8.3,-3.9,2,-0.6,-5.5,0.7,8.5,3.8,888,277,77,789,0,0,0,0,558,170,2,118,3,46,338,190,2114,1593,876,1296,0,1,1,3,5,15,65,41,705,198,6,113,0,75,280,94,0,6,204,0,76,66,59,69,1.9,9.5,-7.7,17.1,1906,222,6.2,42.7,848,577,5879,5,125,177,262,85,1022,-33.1,29.5,448,210,0,68
1910,SUNR,TSUMER,46.928445,121.655296,1793.366667,-4.2,-3.9,4.5,6.5,13.2,12.3,18.7,14.6,13.7,7.2,0.7,-0.1,-11.2,-10.4,-6.2,-4,-1.5,0.6,3.8,2.8,3.3,0.8,-5.1,-5.7,-7.7,-7.2,-0.9,1.3,5.8,6.5,11.3,8.7,8.5,4,-2.2,-2.9,275,298,262,116,80,47,5,14,55,210,411,244,0,0,0,0,0,0,0,0,0,0,0,0,248,215,81,39,4,2,0,0,1,15,107,121,0,0,5,12,59,67,193,116,114,42,4,2,797,701,587,502,377,347,210,289,287,436,605,645,0,0,0,0,1,0,1,0,2,0,0,0,1,1,2,4,9,16,28,24,23,17,4,3,239,282,187,72,17,8,0,1,4,18,320,144,0,0,0,50,90,86,116,82,56,26,0,0,0,0,0,0,10,39,111,68,1,0,0,0,70,72,60,62,53,62,54,62,66,78,76,76,-3.5,8.1,15.2,7.2,-9.9,-3.9,2.4,-0.3,-6.7,2.1,8.8,3.4,761,459,66,676,0,0,0,0,584,123,2,123,3,77,376,161,2142,1467,845,1328,0,1,2,2,5,16,68,44,665,276,9,342,0,141,284,82,0,10,218,1,73,58,59,74,2.1,11.3,-7.7,19,2018,201,6,56,832,617,5783,5,133,178,259,81,1292,-33.1,29.5,506,229,0,66
1911,SUNR,TSUMER,46.928445,121.655296,1793.366667,-3.3,-2.2,4.2,6.1,8.6,11.5,20.1,15.9,11.7,7.9,0.4,-0.5,-10,-10,-8.1,-7.3,-3.2,0.6,4.3,4,3.1,-2.5,-5.9,-6.5,-6.6,-6.1,-1.9,-0.6,2.7,6,12.2,9.9,7.4,2.7,-2.7,-3.5,254,136,86,65,151,24,15,17,153,40,358,245,0,0,0,0,0,0,0,0,0,0,0,0,221,190,103,69,18,3,0,0,2,23,120,136,1,0,3,6,22,60,224,151,90,30,3,2,764,672,620,559,475,360,180,251,318,476,621,663,0,0,0,0,0,0,2,1,1,0,0,0,1,1,1,1,5,16,28,27,23,8,3,3,206,124,71,54,83,5,0,1,5,27,231,130,0,0,0,0,70,81,123,86,49,31,0,0,0,0,0,0,0,58,108,69,0,0,0,0,71,67,54,52,59,64,52,62,71,63,74,77,-1.9,6.3,15.8,6.7,-8.6,-6.2,2.9,-1.7,-5.2,0,9.4,2.5,634,301,56,550,0,0,0,0,547,189,3,145,3,31,435,123,2099,1654,791,1415,0,1,3,1,4,7,71,34,461,209,6,263,0,70,291,80,0,0,235,0,72,55,59,70,1.6,12.2,-6.6,18.8,1543,359,7.5,34,884,592,5959,5,117,190,259,69,939,-33.1,29.5,441,235,0,64
1912,SUNR,TSUMER,46.928445,121.655296,1793.366667,-2.6,0.4,1.6,4.8,11.1,14.2,17.8,14.9,14.4,6.1,1.9,-0.7,-9.1,-6.3,-8.9,-4.5,-1.2,1.3,3.9,4.4,2.5,-2.1,-4.1,-6.7,-5.8,-2.9,-3.6,0.1,4.9,7.7,10.9,9.7,8.5,2,-1.1,-3.7,346,218,117,121,78,84,34,117,46,142,308,330,0,0,0,0,0,0,0,0,0,0,0,0,201,113,144,55,6,1,0,0,1,30,83,141,1,2,2,8,45,93,180,143,114,24,6,2,740,581,673,536,405,308,222,260,287,497,572,670,0,0,0,0,1,0,1,1,2,0,0,0,1,2,1,4,10,18,28,28,21,9,5,2,263,149,109,93,24,7,1,7,17,10,220,147,0,0,0,44,79,95,110,80,60,27,0,0,0,0,0,0,1,12,76,0,14,0,0,0,72,73,59,65,59,58,57,66,62,70,76,75,-0.9,5.8,15.6,7.5,-7.3,-4.9,3.2,-1.2,-4.1,0.5,9.4,3.1,810,317,235,496,0,0,0,0,455,205,1,114,4,55,415,145,1991,1614,790,1357,0,1,2,2,6,15,74,35,559,226,15,247,0,124,285,87,0,1,88,14,73,61,60,69,2.2,10.9,-5.8,16.7,1942,359,6.3,30.2,774,620,5752,5,130,172,253,81,1046,-33.1,29.5,496,103,0,66
1913,SUNR,TSUMER,46.928445,121.655296,1793.366667,-4.5,-2.1,-0.5,5.9,9.5,13,17.2,17.7,14.8,5.8,2.4,-0.4,-11.2,-10.7,-8.3,-4.9,-1.7,2.6,4.6,5.5,3.8,-1.8,-4.7,-5.9,-7.9,-6.4,-4.4,0.5,3.9,7.8,10.9,11.6,9.3,2,-1.2,-3.1,441,98,173,61,77,94,34,19,116,149,268,112,0,0,0,0,0,0,0,0,0,0,0,0,253,197,163,49,10,1,0,0,1,30,84,126,0,0,1,10,33,94,182,203,138,24,6,2,802,680,695,524,438,307,220,201,261,497,575,651,0,0,0,0,1,0,1,2,2,0,0,0,1,0,1,3,9,23,29,29,24,10,5,3,386,91,166,44,32,8,1,1,4,46,139,206,0,0,0,49,72,86,105,92,60,26,0,0,0,0,0,0,0,0,71,72,0,0,0,0,71,64,68,61,62,66,60,62,64,73,72,75,-2.4,5,16,7.7,-9.6,-4.9,4.2,-0.9,-6,0,10.1,3.4,868,311,147,534,0,0,0,0,575,222,1,115,3,43,479,168,2133,1657,727,1333,0,1,3,3,4,13,81,38,682,242,9,189,0,121,283,86,0,0,143,0,70,63,63,70,1.9,11.6,-7.9,19.5,1643,340,7.3,34.1,914,694,5851,7,137,183,263,80,1123,-33.1,29.5,490,143,0,67
1914,SUNR,TSUMER,46.928445,121.655296,1793.366667,-1.3,-1.2,3.9,6.7,13,12.4,19.9,19,11.1,8.8,2.3,-2.3,-6.4,-7.1,-5.6,-3.5,-0.9,1.6,4.5,4.3,2.8,0.4,-4.3,-9.8,-3.9,-4.2,-0.9,1.6,6.1,7,12.2,11.6,7,4.6,-1,-6,412,168,158,122,52,83,7,6,110,141,295,101,0,0,0,0,0,0,0,0,0,0,0,0,149,141,80,35,3,2,0,0,2,11,81,204,2,1,5,14,63,77,224,206,80,50,6,1,679,617,587,493,371,331,180,199,331,417,570,741,0,0,0,0,1,0,2,2,1,0,0,0,3,2,3,5,11,19,29,28,22,16,5,1,242,134,112,70,10,11,0,0,7,49,124,62,0,0,0,50,89,84,122,101,47,30,0,0,0,0,0,0,37,1,115,95,0,0,0,0,78,75,64,63,55,64,53,55,72,72,74,77,-1,7.9,17.1,7.4,-6.5,-3.4,3.4,-0.3,-3.7,2.3,10.3,3.5,691,331,96,546,0,0,0,0,494,119,2,95,3,82,506,136,2037,1450,710,1318,0,1,4,1,6,19,76,43,438,192,11,180,0,139,307,78,0,37,211,0,77,61,57,73,2.8,12.2,-6,18.2,1655,258,7.8,47.3,709,728,5515,7,144,173,255,82,821,-33.1,29.5,524,248,0,66
1915,SUNR,TSUMER,46.928445,121.655296,1793.366667,-1.6,1,5.7,9.5,8.8,13.5,16.7,20.3,13.3,7.3,0.3,-0.8,-9.1,-6.1,-4.6,-2.6,-1.3,1.6,5.4,6.3,2.9,-0.3,-6.7,-7.2,-5.3,-2.5,0.6,3.4,3.7,7.5,11.1,13.3,8.1,3.5,-3.2,-4,192,150,120,133,112,31,66,2,56,181,376,409,0,0,0,0,0,0,0,0,0,0,0,0,187,104,57,19,11,1,0,0,2,18,132,148,1,2,8,26,31,88,186,259,106,37,3,2,724,570,543,437,443,314,216,148,298,452,637,678,0,0,0,1,0,0,1,5,1,0,0,0,1,3,4,7,10,20,30,30,22,14,2,2,138,95,60,41,49,3,2,0,14,13,131,84,0,0,36,60,68,90,100,104,56,28,0,0,0,0,0,0,0,59,34,102,0,0,0,0,68,71,62,59,65,62,64,57,66,73,71,69,-0.9,8,16.8,7,-8.3,-2.8,4.4,-1.4,-4.6,2.6,10.6,2.8,444,365,99,613,0,0,0,0,439,86,1,151,4,65,534,145,1972,1422,678,1386,0,1,6,2,6,21,79,38,317,150,5,158,0,165,295,83,0,0,195,0,69,62,61,70,3,13.3,-5.3,18.6,1828,267,7.1,49.8,678,749,5457,9,144,182,255,73,630,-33.1,29.5,543,195,0,66
1916,SUNR,TSUMER,46.928445,121.655296,1793.366667,-7.1,-1.1,-0.6,5.1,6.3,13.2,15.4,18.4,15,9.4,1,-2.3,-15.2,-8,-6.7,-4.9,-4,0.3,3.5,4.8,2.5,-3.5,-7.2,-8.7,-11.1,-4.5,-3.6,0.1,1.2,6.8,9.4,11.6,8.7,3,-3.1,-5.5,174,357,381,123,81,84,122,17,46,62,264,252,0,0,0,0,0,0,0,0,0,0,0,0,348,150,143,55,36,2,0,0,1,21,129,189,0,1,2,8,13,73,136,205,121,32,3,1,903,627,672,537,522,337,266,199,279,467,633,724,0,0,0,0,0,0,0,2,2,0,0,0,0,1,2,3,4,15,27,29,21,6,2,1,168,295,355,94,54,12,6,0,5,30,249,266,0,0,0,46,61,91,97,97,62,35,0,0,0,0,0,0,0,8,0,80,16,0,0,0,65,71,75,63,63,58,62,58,60,56,67,73,-3,3.6,15.7,8.5,-10.1,-5.2,2.9,-2.7,-6.5,-0.8,9.3,2.9,941,585,222,372,0,0,0,0,686,235,2,152,2,23,414,156,2253,1731,803,1380,0,0,3,2,3,9,70,29,729,504,19,284,0,107,285,97,0,0,88,16,70,67,59,61,1.1,11.6,-11.1,22.8,1961,349,5.6,33.3,1075,595,6166,5,111,200,255,55,1536,-33.1,29.5,490,104,0,64
1917,SUNR,TSUMER,46.928445,121.655296,1793.366667,-3.7,-2.2,-2.3,1.1,5.3,11.3,20.6,20.4,13.7,10.1,6,1,-9.9,-9,-9.1,-5.5,-3.4,-1.1,3.8,5.1,4.2,-0.6,-2.9,-4.2,-6.8,-5.6,-5.7,-2.2,1,5.1,12.2,12.7,9,4.7,1.6,-1.6,312,153,297,221,39,126,12,4,59,35,164,379,0,0,0,0,0,0,0,0,0,0,0,0,225,177,199,103,40,4,0,0,1,11,40,93,1,1,1,4,12,46,224,241,128,52,15,4,768,657,737,606,528,388,180,165,271,413,493,605,0,0,0,0,0,0,2,4,2,0,0,0,1,1,1,2,5,9,28,29,25,13,8,5,256,136,292,206,27,36,0,0,4,13,172,198,0,0,0,0,55,84,127,107,55,35,17,0,0,0,0,0,16,0,115,103,0,0,0,0,73,71,71,74,68,59,50,54,69,64,68,72,-2.7,1.4,17.4,9.9,-9.2,-6,2.6,0.3,-6,-2.3,10,5.1,717,558,142,258,0,0,0,0,495,341,4,52,5,17,512,195,2031,1871,732,1177,0,0,6,3,7,8,66,46,590,525,36,189,0,55,318,107,0,16,218,0,72,71,54,67,2,12.7,-6.8,19.5,1801,240,6.7,53.1,892,728,5811,8,127,181,267,86,1340,-33.1,29.5,480,234,0,67
1918,SUNR,TSUMER,46.928445,121.655296,1793.366667,-0.8,-2.7,0.7,6.9,7.8,17.1,18.2,15,18.5,8,1.8,-1.3,-6.6,-9.4,-7.7,-5.6,-2.8,2.5,4.8,5.1,5.4,0.2,-5.3,-7.4,-3.7,-6,-3.5,0.7,2.5,9.8,11.5,10,12,4.1,-1.8,-4.3,398,272,207,73,92,14,50,100,12,230,200,360,0,0,0,0,0,0,0,0,0,0,0,0,145,187,139,47,20,0,0,0,0,14,97,157,2,0,2,10,21,146,201,153,213,44,5,1,674,669,667,520,480,246,202,249,184,433,593,689,0,0,0,0,0,1,1,1,6,0,0,0,3,1,1,2,6,23,29,29,27,15,4,2,227,248,192,51,52,0,1,5,4,3,36,148,0,0,0,53,66,109,111,78,72,29,0,0,0,0,0,0,0,95,61,0,59,0,0,0,75,71,66,55,62,54,59,68,59,73,72,79,-0.8,5.2,16.8,9.4,-6.7,-5.4,4.1,0.1,-3.8,-0.1,10.5,4.8,1049,372,164,442,0,0,0,0,489,206,1,111,3,33,501,262,2032,1667,697,1209,0,1,3,7,6,10,81,46,623,296,7,44,0,119,298,100,0,0,156,59,75,61,60,68,2.6,11.5,-4.3,15.8,2008,269,6.3,42.9,807,799,5606,11,142,195,275,79,969,-33.1,29.5,518,215,0,66
1919,SUNR,TSUMER,46.928445,121.655296,1793.366667,-1.6,-1.8,0.8,4.7,9.5,13.2,20.3,18.2,14.6,5.3,1.4,-3,-8.3,-7.8,-6.9,-4.7,-2.4,-0.1,3.6,5,2.9,-2.1,-4.9,-9.8,-5,-4.8,-3,0,3.5,6.6,11.9,11.6,8.8,1.6,-1.8,-6.4,477,249,242,140,111,32,12,9,95,109,256,226,0,0,0,0,0,0,0,0,0,0,0,0,178,157,128,57,12,2,0,0,1,35,97,213,1,1,2,8,29,69,214,204,122,22,5,1,714,635,654,540,449,344,189,200,278,510,593,752,0,0,0,0,0,0,2,2,2,0,0,0,2,1,2,3,7,13,27,29,22,9,4,1,329,211,219,109,51,5,0,0,0,28,104,247,0,0,0,44,73,92,125,95,60,25,0,0,0,0,0,0,0,60,114,87,0,0,0,0,72,75,69,65,59,57,50,59,63,73,75,74,-1.6,5,17.2,7.1,-7.9,-4.7,2.8,-1.3,-4.7,0.2,10,2.9,1085,493,53,460,0,0,0,0,549,197,2,133,2,39,487,148,2100,1642,733,1380,0,1,4,2,4,12,69,36,787,380,6,132,0,118,313,85,0,0,261,0,74,64,55,70,1.9,11.9,-6.4,18.3,1958,259,6.1,46,881,677,5856,7,121,183,257,74,1305,-33.1,29.5,515,261,0,66
1920,SUNR,TSUMER,46.928445,121.655296,1793.366667,-1.8,1.7,0.7,2.1,8.4,12.7,19.6,18.6,12,5.1,2.5,-0.9,-7.9,-8.4,-6.6,-6,-3.6,0.9,6,6.1,4,-0.5,-4.9,-5.4,-4.9,-3.4,-3,-2,2.4,6.8,12.8,12.4,8,2.3,-1.2,-3.1,343,36,229,193,57,61,35,54,166,175,201,410,0,0,0,0,0,0,0,0,0,0,0,0,174,123,126,97,21,2,0,0,2,27,85,127,1,1,2,4,20,73,244,229,103,26,6,2,709,594,652,599,484,337,161,177,300,489,577,652,0,0,0,0,0,0,3,3,1,0,0,0,2,1,2,2,4,17,30,30,25,13,4,4,232,26,206,178,33,9,0,1,7,42,133,191,0,0,0,0,70,87,117,95,49,22,0,0,0,0,0,0,13,26,82,41,0,0,0,0,74,60,70,68,58,61,58,61,73,80,71,71,-1,3.7,17,6.5,-8.7,-5.4,4.3,-0.5,-4.9,-0.9,10.7,3,605,478,150,542,0,0,0,0,424,245,2,114,5,26,546,135,1955,1735,674,1365,0,0,6,2,7,8,77,42,450,417,10,182,0,70,299,71,0,13,149,0,68,66,60,75,2.3,12.8,-4.9,17.7,1960,373,6.3,34.4,785,712,5730,8,134,190,263,74,1059,-33.1,29.5,440,162,0,68
1921,SUNR,TSUMER,46.928445,121.655296,1793.366667,-2.5,-1.7,0.7,3.4,9.9,13.8,18.1,17.2,11.1,11.1,2.8,-1.6,-8.2,-6.9,-6.1,-5,-2.4,3.3,3.8,5.4,2.4,-0.7,-4.4,-7.9,-5.4,-4.3,-2.7,-0.8,3.7,8.5,11,11.3,6.7,5.2,-0.8,-4.7,363,302,232,155,85,79,28,32,160,138,360,281,0,0,0,0,0,0,0,0,0,0,0,0,188,144,120,71,11,1,0,0,3,9,76,168,1,1,2,6,31,112,183,195,75,59,7,1,725,620,644,563,443,285,219,209,339,397,563,702,0,0,0,0,0,1,1,2,1,0,0,0,2,2,2,3,7,25,28,29,21,13,5,2,262,244,206,132,37,5,1,1,16,51,94,230,0,0,0,0,76,88,112,89,48,37,0,0,0,0,0,0,0,10,84,57,0,0,0,0,76,78,72,68,58,66,56,63,71,61,72,81,-1.7,4.7,16.4,8.3,-6.8,-4.5,4.2,-0.9,-4.3,0.1,10.3,3.7,1075,472,139,658,0,0,0,0,501,202,1,88,3,39,489,141,2047,1650,713,1299,0,1,3,1,5,12,81,39,737,375,6,160,0,76,290,85,0,0,151,0,78,66,61,68,2.3,11.3,-5.4,16.7,2216,384,5.6,29.5,792,672,5708,5,138,187,251,64,1279,-32.9,30,451,151,0,68
1922,SUNR,TSUMER,46.928445,121.655296,1793.366667,-4.3,-2.7,-1.4,2.5,9.2,17.5,20.1,17.7,16.1,8.4,1.2,-3,-11.3,-10.7,-8.4,-5.8,-3.1,2.8,5.4,5.9,4.1,0.3,-6,-9.1,-7.8,-6.7,-4.9,-1.6,3,10.1,12.8,11.8,10.1,4.3,-2.4,-6,172,138,233,132,83,8,1,53,74,152,98,427,0,0,0,0,0,0,0,0,0,0,0,0,251,204,178,89,15,0,0,0,1,13,112,204,0,0,1,4,25,155,242,211,159,47,4,1,800,689,712,589,464,237,163,194,238,425,612,742,0,0,0,0,0,1,3,2,3,0,0,0,1,0,1,2,5,23,30,30,25,16,3,1,150,129,226,120,43,0,0,1,22,9,151,204,0,0,0,0,73,111,121,91,64,30,0,0,0,0,0,0,0,103,120,38,0,0,0,0,70,66,70,68,58,55,55,63,62,72,71,74,-2.9,3.4,18.4,8.6,-10,-5.8,4.7,-0.5,-6.4,-1.2,11.6,4,591,449,62,324,0,0,0,0,660,282,0,126,1,30,608,210,2231,1765,593,1275,0,1,6,3,2,9,83,43,483,389,2,183,0,73,323,94,0,0,261,0,70,65,58,68,1.9,12.8,-7.8,20.6,1572,219,7.6,58.3,1068,850,5864,10,137,191,264,74,1057,-32.9,30,490,261,0,65
1923,SUNR,TSUMER,46.928445,121.655296,1793.366667,-1.7,-1.9,0.1,5.9,8.2,13.1,18.8,19.4,16.9,8.9,5.1,-1.2,-7.8,-10.2,-7.5,-4.3,-1.6,2.2,5.6,6,4.2,-0.2,-3.5,-6.8,-4.7,-6.1,-3.7,0.8,3.3,7.6,12.2,12.7,10.5,4.4,0.8,-4,442,120,198,98,97,59,57,38,55,119,169,320,0,0,0,0,0,0,0,0,0,0,0,0,171,188,146,45,13,1,0,0,1,12,49,148,1,0,2,10,27,91,224,240,172,47,12,2,705,670,676,516,456,311,180,166,225,423,515,678,0,0,0,0,0,0,2,3,4,0,0,0,2,1,1,4,9,22,30,30,25,14,6,2,294,109,186,67,47,5,1,1,4,16,57,353,0,0,0,48,66,87,113,100,67,32,16,0,0,0,0,0,0,28,56,61,12,0,0,0,74,65,69,63,66,64,59,59,60,69,68,74,-2.2,4.7,17.1,10.3,-9,-4.5,4.6,0.2,-5.6,0.1,10.9,5.3,990,393,154,343,0,0,0,0,506,204,1,62,3,39,555,231,2053,1647,657,1163,0,1,6,4,5,14,81,46,757,300,7,77,0,114,299,115,0,0,145,12,71,66,61,66,2.8,12.7,-4.7,17.4,1772,305,7.2,41.6,774,828,5520,11,146,181,265,84,1141,-32.9,30,528,157,0,66
1924,SUNR,TSUMER,46.928445,121.655296,1793.366667,-3.1,0.6,1.4,6.4,13.5,14.2,17.8,16.1,14.9,6.2,0.1,-3,-9,-5.4,-7.1,-5,-0.5,1.8,4.7,5.2,3.2,-0.6,-5.7,-10.1,-6,-2.4,-2.9,0.7,6.5,8,11.3,10.6,9.1,2.8,-2.8,-6.5,283,305,111,77,22,39,33,30,101,183,249,238,0,0,0,0,0,0,0,0,0,0,0,0,206,102,125,46,3,1,0,0,1,23,123,218,1,2,2,10,72,98,194,173,131,30,3,1,746,567,650,520,357,302,209,230,268,474,625,757,0,0,0,0,1,0,1,1,2,0,0,0,1,3,2,3,12,20,29,29,23,13,3,1,218,190,100,54,3,3,1,1,2,12,47,209,0,0,0,51,91,94,109,84,61,25,0,0,0,0,0,0,69,54,76,54,0,0,0,0,75,76,66,59,55,60,59,65,62,76,76,76,-1.2,7.1,16,7.1,-7,-4.2,3.9,-1,-4.1,1.4,10,3,908,210,102,532,0,0,0,0,526,174,1,147,3,84,464,165,2069,1526,740,1367,0,1,3,2,5,17,78,39,617,158,5,62,0,142,287,86,0,69,184,0,76,60,61,71,2.4,11.3,-6.5,17.8,1670,224,7.4,50.4,847,717,5703,7,140,168,258,90,841,-32.9,30,515,253,0,67
1925,SUNR,TSUMER,46.928445,121.655296,1793.366667,-2.1,-0.3,1.1,6.5,12.3,14.1,19.9,16.6,13.1,9,2,1.9,-7.2,-5.7,-6.4,-3.6,-0.5,1.9,6.1,4.9,4.3,-1.3,-4.9,-3.8,-4.6,-3,-2.7,1.4,5.9,8,13,10.8,8.7,3.9,-1.4,-0.9,428,221,149,87,79,32,1,44,39,64,190,314,0,0,0,0,0,0,0,0,0,0,0,0,169,115,119,37,3,1,0,0,1,15,90,80,1,2,3,13,61,100,250,177,122,41,5,5,702,584,642,497,375,299,150,226,279,440,583,584,0,0,0,0,1,0,3,1,2,0,0,0,2,3,2,5,12,21,30,29,25,11,4,6,282,153,132,52,16,2,0,2,7,43,156,203,0,0,0,49,85,93,118,87,52,33,0,0,0,0,0,0,5,62,117,44,13,0,0,0,79,78,70,64,58,61,58,63,71,64,73,69,-1.8,6.6,16.9,8.1,-7.6,-3.5,4.3,-0.6,-4.7,1.6,10.6,3.7,887,315,77,293,0,0,0,0,364,159,1,106,8,76,527,168,1870,1514,675,1301,0,1,5,2,11,20,80,40,638,200,4,206,0,134,299,85,0,5,223,13,75,64,60,69,3.3,13,-4.6,17.7,1648,195,8,66.9,630,779,5361,8,151,168,266,98,1048,-32.9,30,519,241,0,68
1926,SUNR,TSUMER,46.928445,121.655296,1793.366667,-1.1,0.7,7,11.3,9.8,17.4,20.4,16.3,11.1,7,4.2,-1.2,-6.6,-5.5,-4.9,-1.7,-0.9,2.8,5.1,5.4,2,0.2,-3.1,-7.4,-3.9,-2.4,1.1,4.8,4.4,10.1,12.8,10.9,6.6,3.6,0.5,-4.3,223,242,89,57,111,19,1,62,98,188,270,229,0,0,0,0,0,0,0,0,0,0,0,0,149,102,50,11,8,0,0,0,3,17,54,156,2,2,10,40,39,155,241,180,71,38,10,1,679,567,527,396,421,237,163,223,344,449,525,688,0,0,0,1,1,1,3,1,1,0,0,0,3,3,4,9,11,23,29,29,20,15,7,2,131,151,37,9,40,0,0,2,3,9,92,100,0,0,40,66,73,111,123,84,49,26,15,0,0,0,0,9,0,92,122,23,0,0,0,0,77,75,58,57,64,55,54,65,69,77,73,77,0.5,9.4,18,7.4,-5.3,-2.5,4.4,-0.3,-2.4,3.4,11.2,3.5,778,258,81,556,0,0,0,0,407,69,0,74,5,89,576,120,1933,1344,623,1317,0,2,5,1,8,24,82,42,382,87,3,104,0,179,318,90,0,9,237,0,76,59,58,73,3.7,12.8,-4.3,17,1589,291,8.6,43.8,550,790,5218,8,156,181,247,67,575,-32.9,30,587,246,0,66
1927,SUNR,TSUMER,46.928445,121.655296,1793.366667,-2.9,-0.9,-0.2,3.5,5.1,13.5,18.6,17.3,11.8,7.2,1.9,-3.1,-8.4,-7.8,-7.1,-6,-2.8,2.5,5.2,5.8,4.4,-0.1,-3.9,-9,-5.6,-4.3,-3.7,-1.3,1.1,8,11.9,11.5,8.1,3.5,-1,-6.1,251,291,191,109,129,29,17,46,145,187,465,240,0,0,0,0,0,0,0,0,0,0,0,0,195,146,145,82,37,1,0,0,2,17,80,205,1,1,2,5,13,99,214,202,105,38,6,1,734,622,674,578,522,300,190,202,298,450,569,742,0,0,0,0,0,0,2,2,1,0,0,0,2,1,2,2,6,23,30,30,25,14,6,1,186,236,179,97,87,2,0,1,15,30,82,156,0,0,0,0,53,89,112,89,47,27,0,0,0,0,0,0,0,60,95,43,0,0,0,0,77,71,71,64,71,64,59,63,75,75,77,74,-1.7,2.8,16.5,7,-7.9,-5.3,4.5,0.1,-4.8,-1.3,10.5,3.6,771,429,92,798,0,0,0,0,546,263,1,99,2,20,515,149,2097,1775,691,1317,0,0,4,2,4,10,82,45,579,363,4,126,0,53,290,74,0,0,198,0,74,69,62,76,1.9,11.9,-6.1,18,2101,367,5.6,32.4,909,686,5880,6,141,189,267,78,1072,-32.9,30,417,198,0,70
1928,SUNR,TSUMER,46.928445,121.655296,1793.366667,-2.3,-0.1,1.9,4.3,14.4,12.1,19.6,17.9,15,6.3,3,-1.8,-7.8,-7.6,-5.6,-5,-0.4,2.3,6.3,5,3.9,-0.1,-3.8,-7.2,-5.1,-3.9,-1.9,-0.4,7,7.2,12.9,11.4,9.5,3.1,-0.4,-4.5,287,53,373,176,32,37,30,6,33,197,131,171,0,0,0,0,0,0,0,0,0,0,0,0,181,135,101,63,2,1,0,0,1,20,69,161,1,1,3,7,82,81,248,198,141,33,8,1,716,609,618,551,341,325,157,205,257,463,552,693,0,0,0,0,1,0,3,2,2,0,0,0,2,1,3,3,13,22,30,29,24,14,6,2,200,41,307,144,4,4,0,0,14,30,205,198,0,0,0,0,96,81,116,94,60,25,0,0,0,0,0,0,64,44,86,88,27,0,0,0,77,69,70,65,53,68,59,60,64,78,74,74,-1.8,6.9,16.5,8.1,-8.2,-3.7,4.5,0,-5,1.6,10.5,4.1,579,581,73,362,0,0,0,0,476,166,1,90,3,93,527,182,2018,1510,688,1272,0,2,5,3,6,18,81,45,439,455,5,249,0,96,290,85,0,64,218,27,73,63,62,72,2.9,12.9,-5.1,18,1527,138,8.5,93.9,734,805,5488,9,150,164,262,98,1148,-32.9,30,471,309,0,68
1929,SUNR,TSUMER,46.928445,121.655296,1793.366667,-4.7,-3.3,0.2,2.4,8.8,12.3,19,19.2,15.6,10.7,3.8,0.3,-11.9,-11.2,-6.4,-6.3,-2.9,1.7,3.8,4.7,3.3,0.1,-5.6,-5.1,-8.3,-7.3,-3.1,-2,2.9,7,11.4,11.9,9.4,5.4,-0.9,-2.4,191,102,233,112,70,78,12,16,22,62,45,340,0,0,0,0,0,0,0,0,0,0,0,0,263,217,130,97,16,2,0,0,1,8,78,110,0,0,2,4,24,78,199,216,141,62,7,3,816,703,657,598,467,330,204,189,257,392,566,629,0,0,0,0,0,0,1,2,2,1,0,0,1,0,2,2,6,20,28,28,23,15,4,4,171,97,213,103,37,10,0,0,2,40,50,120,0,0,0,0,71,84,118,102,63,35,0,0,0,0,0,0,0,6,106,85,41,0,0,0,69,66,73,66,59,65,54,55,61,65,64,76,-3.3,3.8,16.9,10,-10.1,-5.2,3.4,-0.7,-6.7,-0.7,10.1,4.7,464,415,106,129,0,0,0,0,589,243,2,87,3,30,492,209,2148,1722,723,1215,0,0,4,3,5,10,76,42,388,353,10,92,0,71,303,99,0,0,197,41,71,66,58,63,2,11.9,-8.3,20.3,1284,198,9.4,60.3,922,734,5809,7,133,186,259,74,843,-32.9,30,472,238,0,65
1930,SUNR,TSUMER,46.928445,121.655296,1793.366667,-6.7,-0.6,2.6,7.8,8,12.2,17.8,18.8,12.8,7.1,3,-0.8,-15,-6.8,-6.7,-3.3,-1.9,1.1,4.8,5.8,4.6,-0.2,-5.2,-6.6,-10.8,-3.7,-2.1,2.2,3,6.7,11.3,12.3,8.7,3.4,-1.1,-3.7,118,264,159,73,96,45,1,2,39,120,120,93,0,0,0,0,0,0,0,0,0,0,0,0,338,131,105,28,15,2,0,0,1,18,84,141,0,1,3,17,25,71,194,228,120,36,6,2,893,605,624,473,464,341,209,178,280,453,574,670,0,0,0,0,0,0,1,3,2,0,0,0,0,2,2,6,8,18,29,30,26,14,4,3,113,202,133,35,50,7,0,0,1,4,19,163,0,0,0,54,65,85,108,97,50,27,0,0,0,0,0,0,0,40,107,95,11,0,0,0,64,74,64,61,65,63,59,60,73,75,68,77,-2.3,6.1,16.3,7.6,-9,-4,3.9,-0.3,-5.7,1.1,10.1,3.7,722,328,48,279,0,0,0,0,611,149,2,103,3,45,492,162,2167,1561,727,1308,0,1,4,2,5,16,76,44,477,218,7,24,0,119,290,77,0,0,242,11,72,63,61,72,2.2,12.3,-10.8,23.2,1130,184,10.8,67.1,864,703,5763,7,140,185,269,84,726,-32.9,30,487,253,0,67
1931,SUNR,TSUMER,46.928445,121.655296,1793.366667,-0.2,0.8,2.4,6.1,12.7,13.1,20.9,19,11.8,8.3,1.1,-1.5,-6.7,-7.8,-8.1,-4.1,-0.3,1.6,4.2,4.5,4,-1.3,-6.8,-7.5,-3.4,-3.5,-2.8,1,6.2,7.4,12.6,11.7,7.9,3.5,-2.9,-4.5,271,152,358,83,70,142,4,13,93,156,219,255,0,0,0,0,0,0,0,0,0,0,0,0,138,126,123,42,3,1,0,0,2,17,123,162,2,1,2,11,66,85,235,209,101,37,3,1,665,598,648,510,366,319,169,196,303,451,625,695,0,0,0,0,1,0,2,2,1,0,0,0,3,1,1,4,13,20,28,28,25,11,2,2,147,113,320,55,13,15,0,0,3,21,55,58,0,0,0,49,87,88,128,101,48,31,0,0,0,0,0,0,16,0,125,88,0,0,0,0,73,65,59,63,58,63,50,55,74,66,68,76,0,7.1,17.7,7.1,-7,-4.2,3.4,-1.4,-3.5,1.5,10.6,2.9,516,511,159,468,0,0,0,0,426,168,1,142,4,80,529,141,1958,1523,684,1380,0,1,5,2,6,18,76,38,318,388,15,78,0,135,318,79,0,16,213,0,71,60,56,70,2.8,12.6,-4.5,17.1,1816,323,7,38.9,737,755,5544,8,138,166,265,100,799,-32.9,29.6,532,229,0,64
1932,SUNR,TSUMER,46.928445,121.655296,1793.366667,-3,-1.1,-0.2,4.6,9.1,16,16,16,17.1,8.2,3.7,-2,-9.7,-9.6,-6,-4.3,-2.1,2.1,3.7,5.6,2.9,0.4,-3.2,-9.1,-6.4,-5.3,-3.1,0.2,3.5,9.1,9.8,10.8,10,4.3,0.3,-5.5,328,285,405,126,60,17,70,61,26,172,450,295,0,0,0,0,0,0,0,0,0,0,0,0,215,170,129,54,12,1,0,0,1,13,57,191,1,1,2,8,29,125,147,178,156,46,10,1,756,650,655,535,450,269,254,225,241,426,531,727,0,0,0,0,0,1,1,1,3,0,0,0,1,1,3,4,8,21,27,29,22,16,7,1,261,250,368,96,28,1,3,2,9,26,138,180,0,0,0,44,71,104,100,82,70,29,14,0,0,0,0,0,11,87,30,22,44,0,0,0,72,64,76,67,61,56,61,67,56,73,74,75,-1.9,4.5,16,9.7,-8.9,-4.1,3.8,0,-5.4,0.2,9.9,4.9,869,590,148,648,0,0,0,0,575,196,1,71,2,39,450,212,2132,1640,748,1199,0,1,3,3,3,14,78,45,691,492,6,172,0,115,286,113,0,11,139,44,70,68,61,68,2.3,10.8,-6.4,17.2,2295,234,5.4,46.2,843,704,5719,7,140,184,256,72,1361,-32.9,29.6,513,194,0,66
1933,SUNR,TSUMER,46.928445,121.655296,1793.366667,-2.6,-4.1,-0.7,5.5,6.2,13.6,18.8,19.1,10.8,10.3,5.4,1.3,-8.7,-10.9,-7.3,-5.8,-3.1,0.4,3.7,5.4,2.5,0,-2.1,-3.9,-5.6,-7.5,-4,-0.1,1.6,7,11.2,12.3,6.7,5.1,1.7,-1.3,327,177,260,47,87,62,22,46,149,194,192,316,0,0,0,0,0,0,0,0,0,0,0,0,195,222,153,60,31,2,0,0,3,9,38,88,1,0,2,7,15,77,192,227,73,57,15,4,733,709,684,544,510,331,210,179,341,401,489,596,0,0,0,0,0,0,1,3,1,0,0,0,2,0,2,2,5,15,27,29,21,15,9,6,243,169,246,37,56,8,1,1,1,19,145,234,0,0,0,0,59,93,116,100,47,35,16,0,0,0,0,0,0,31,94,54,0,0,0,0,74,71,72,59,66,58,54,58,72,66,73,69,-2.9,3.7,17.2,8.8,-9.6,-5.4,3.2,0.1,-6.2,-0.9,10.2,4.5,800,393,129,535,0,0,0,0,505,243,2,50,5,24,496,146,2039,1738,720,1231,0,0,4,1,8,9,72,45,645,339,9,165,0,59,309,97,0,0,179,0,71,66,56,70,2.2,12.3,-5.6,17.9,1878,365,6.5,33.6,800,671,5728,6,134,192,253,61,1159,-32.9,29.6,465,179,0,67
1934,SUNR,TSUMER,46.928445,121.655296,1793.366667,1.4,5.4,7.9,11.4,12.6,14.6,17.2,19.3,13.2,9.8,4.3,0.7,-5,-4.8,-4,-1.2,0.5,2.4,4.9,5.7,3.9,0.6,-2.8,-5.1,-1.8,0.3,2,5.1,6.6,8.5,11.1,12.5,8.6,5.2,0.7,-2.2,424,73,269,67,71,10,24,14,73,200,391,260,0,0,0,0,0,0,0,0,0,0,0,0,101,57,39,10,2,1,0,0,1,9,51,104,3,6,14,45,73,111,186,234,117,59,11,3,615,491,499,386,355,286,216,172,284,398,518,622,0,0,0,1,1,1,1,3,2,0,0,0,5,4,5,11,16,22,29,29,24,16,8,4,162,22,78,9,11,1,1,0,21,14,41,114,0,22,42,66,84,95,105,100,53,33,15,0,0,0,0,0,14,85,80,85,0,0,0,0,74,63,58,58,61,61,61,58,69,69,73,79,2.7,10.6,17,9.1,-4.6,-1.5,4.3,0.5,-0.9,4.6,10.7,4.8,814,407,49,663,0,0,0,0,262,52,1,61,13,132,530,187,1728,1241,674,1201,0,2,5,2,13,32,81,49,298,98,2,76,22,192,300,101,0,14,250,0,72,59,60,71,4.7,12.5,-2.2,14.7,1876,192,7.8,64.9,376,862,4843,10,174,163,264,101,474,-32.9,29.6,615,264,0,65
1935,SUNR,TSUMER,46.928445,121.655296,1793.366667,-2.4,2.7,-0.2,6.2,11.3,14.5,18.4,18.2,17.3,7,1.6,1.6,-9,-7,-8,-5.7,-2.1,2.2,5.4,4.8,5.1,-1.5,-6.2,-3,-5.7,-2.2,-4.1,0.3,4.6,8.4,11.9,11.5,11.2,2.7,-2.3,-0.7,346,114,247,58,37,63,37,20,61,95,119,202,0,0,0,0,0,0,0,0,0,0,0,0,197,98,156,53,7,1,0,0,0,23,110,76,1,2,1,9,41,108,213,200,192,30,4,5,736,561,687,532,416,290,190,204,202,475,609,576,0,0,0,0,1,1,2,2,5,0,0,0,1,2,1,2,8,22,30,28,26,10,3,7,258,68,235,44,13,4,1,1,6,13,111,117,0,0,0,50,82,95,111,96,67,28,0,0,0,0,0,0,44,32,74,76,6,0,0,0,72,63,68,57,56,60,59,58,61,70,69,76,0.3,5.8,17,8.6,-7,-5.2,4.1,-0.9,-3.3,0.3,10.6,3.9,719,343,120,275,0,0,0,0,371,215,1,133,8,51,521,226,1873,1635,684,1286,0,1,4,5,11,11,80,40,443,291,5,131,0,132,302,96,0,44,182,6,70,60,59,67,3,11.9,-5.7,17.6,1399,218,9.3,54.5,720,806,5477,10,141,186,273,86,871,-32.9,29.6,529,232,0,65
1936,SUNR,TSUMER,46.928445,121.655296,1793.366667,-0.5,-3.9,0.6,8,12.1,13.6,17,17.9,14.4,12.5,3.6,1.1,-6.4,-11.5,-7.8,-3.5,0.1,3.1,5,5.4,3.8,1,-5.8,-5.8,-3.4,-7.7,-3.6,2.3,6.1,8.3,11,11.7,9.1,6.8,-1.1,-2.4,353,272,227,49,143,124,38,26,64,40,38,375,0,0,0,0,0,0,0,0,0,0,0,0,138,227,143,28,3,1,0,0,1,5,82,109,2,0,2,17,64,107,185,207,132,86,6,3,666,715,672,472,369,290,217,198,267,350,572,628,0,0,0,0,1,1,1,2,2,1,0,0,3,0,1,5,14,24,29,29,24,18,3,3,192,260,212,23,27,8,1,1,2,23,68,60,0,0,0,55,83,88,103,93,58,39,0,0,0,0,0,6,0,0,65,68,0,0,0,0,75,67,66,60,61,66,62,61,66,62,64,82,-0.9,6.9,16.2,10.2,-6.9,-3.7,4.5,-0.3,-3.9,1.6,10.3,4.9,827,419,188,142,0,0,0,0,474,174,1,88,5,83,498,224,2009,1513,706,1189,0,1,4,3,7,21,83,45,513,263,10,93,0,138,284,98,0,6,133,0,75,62,63,64,3.1,11.7,-3.4,15.1,1748,394,7.5,29.6,737,810,5417,8,156,167,263,96,878,-32.9,29.6,519,139,0,65
1937,SUNR,TSUMER,46.928445,121.655296,1793.366667,-7.2,-1.7,3.4,3,11.5,14.7,18.2,15.3,14.8,11.4,3.4,1.4,-13.9,-8.4,-5.6,-4.5,-2,2.3,5,4.5,5.1,1.6,-2.9,-5,-10.6,-5.1,-1.1,-0.8,4.8,8.5,11.6,9.9,9.9,6.5,0.2,-1.8,155,270,172,219,52,145,19,59,41,106,468,325,0,0,0,0,0,0,0,0,0,0,0,0,330,163,84,71,6,1,0,0,1,5,58,97,0,1,5,6,43,112,205,150,155,81,10,4,884,642,593,564,410,284,198,252,242,358,533,610,0,0,0,0,1,1,1,1,3,1,0,0,0,1,3,4,8,22,29,28,26,20,8,4,148,233,127,186,17,8,0,3,4,1,17,178,0,0,0,0,83,96,110,82,57,36,13,0,0,0,0,0,31,0,91,22,16,0,0,0,70,72,66,71,55,60,59,65,69,68,76,72,-2.6,6,16.1,9.8,-9.4,-4,4,1.3,-6,1,10,5.6,800,443,223,615,0,0,0,0,589,162,1,64,4,54,467,246,2136,1566,734,1133,0,1,3,4,6,14,80,54,559,330,12,23,0,83,288,106,0,31,113,16,71,64,61,71,2.7,11.6,-10.6,22.2,2032,316,6.2,36.8,816,772,5570,8,153,179,273,94,923,-32.9,29.6,477,160,0,67
1938,SUNR,TSUMER,46.928445,121.655296,1793.366667,0.1,1.1,1.7,8.3,11.5,15.6,20.6,15.9,17.4,9.1,1.1,1.3,-7.2,-6.8,-6.3,-3.3,-1.1,3,6.2,3.9,6.2,1.1,-6,-5.6,-3.5,-2.9,-2.3,2.5,5.2,9.3,13.4,9.9,11.8,5.1,-2.4,-2.1,190,123,277,128,67,23,14,19,31,143,214,265,0,0,0,0,0,0,0,0,0,0,0,0,141,112,110,26,5,0,0,0,0,9,113,104,2,2,3,19,50,131,263,149,208,57,4,3,669,580,630,466,396,263,140,253,189,401,613,621,0,0,0,0,1,1,4,1,6,0,0,0,2,2,2,5,11,24,30,27,28,18,3,4,106,83,237,56,18,1,0,1,2,3,152,133,0,0,0,56,82,99,122,86,66,31,0,0,0,0,0,0,15,77,108,66,34,0,0,0,70,68,68,59,58,60,56,62,65,73,71,74,0.9,7.2,17.4,9.2,-6.3,-3.6,4.4,0.5,-2.7,1.8,10.9,4.8,638,472,56,388,0,0,0,0,356,141,1,122,7,71,543,269,1870,1492,657,1202,0,1,5,6,8,18,81,49,321,312,2,158,0,138,308,96,0,15,251,34,71,62,59,70,3.7,13.4,-3.5,17,1494,154,9.1,87.5,620,890,5220,13,156,181,279,99,793,-32.9,29.6,542,300,0,65
1939,SUNR,TSUMER,46.928445,121.655296,1793.366667,-0.4,-2.1,3.4,9.5,11.6,11.1,18.1,19.6,15.4,8.3,6.4,3.2,-6.1,-8.5,-6.6,-3.4,-0.7,1,5,5.4,4.5,0.6,-2.1,-4,-3.2,-5.3,-1.6,3.1,5.5,6,11.5,12.5,9.9,4.4,2.1,-0.4,302,259,158,33,79,70,48,18,36,109,137,361,0,0,0,0,0,0,0,0,0,0,0,0,133,169,95,21,4,3,0,0,1,12,33,71,2,1,4,23,53,60,202,234,155,48,18,6,659,649,609,449,388,359,201,172,243,422,476,566,0,0,0,0,1,0,1,3,3,0,0,0,3,1,2,5,12,17,29,29,25,16,9,6,158,227,125,12,19,14,1,0,1,10,125,119,0,0,0,61,82,79,110,102,61,29,17,0,0,0,0,28,3,9,62,84,24,0,0,0,76,73,62,56,59,66,59,57,65,73,69,72,-0.4,8.2,16.3,10,-6.7,-3.6,3.8,1,-3.6,2.3,10,5.5,826,269,135,282,0,0,0,0,373,121,3,46,9,80,496,221,1874,1447,732,1141,0,1,5,3,10,19,76,51,504,157,15,136,0,142,291,107,0,31,155,24,74,59,61,69,3.7,12.5,-3.2,15.7,1609,250,8.5,50,542,806,5193,10,156,173,269,95,812,-32.9,29.6,540,210,0,66
1940,SUNR,TSUMER,46.928445,121.655296,1793.366667,0.4,0.7,5.1,7.2,14.1,16.7,17.2,18.3,15.4,8.7,1,2.4,-6.9,-5.2,-4.3,-2.6,-0.1,2.6,5.2,5.6,6.6,1.7,-5.4,-5.1,-3.2,-2.2,0.4,2.3,7,9.7,11.2,12,11,5.2,-2.2,-1.3,101,385,220,143,67,15,52,17,87,192,216,184,0,0,0,0,0,0,0,0,0,0,0,0,133,99,59,27,2,0,0,0,0,9,108,88,2,2,8,18,82,142,191,216,186,59,4,4,659,563,548,470,342,251,211,189,207,398,606,596,0,0,0,0,1,1,1,2,4,0,0,0,3,3,5,7,14,23,30,29,28,20,4,4,53,233,115,66,9,0,1,0,2,11,25,97,0,0,34,51,93,107,104,95,57,29,0,0,0,0,0,0,26,92,52,78,0,0,0,0,70,76,65,65,55,56,62,61,72,76,74,72,1.5,8.8,17.4,8.3,-5.3,-2.3,4.5,1,-1.9,3.2,10.9,4.7,848,430,83,496,0,0,0,0,320,88,1,117,8,108,548,249,1818,1359,651,1212,0,2,4,5,10,25,82,52,383,190,2,38,0,179,305,85,0,26,222,0,73,62,60,74,4.1,12,-3.2,15.2,1680,237,8.4,50.4,526,913,5041,11,169,167,284,117,613,-32.9,29.6,569,248,0,67
1941,SUNR,TSUMER,46.928445,121.655296,1793.366667,1.4,4.4,8.1,9.5,9.7,12.3,21,16.3,9.9,6.8,4.4,-0.2,-6.2,-4.7,-4,-2.9,-0.6,2.3,6.9,6.1,3.9,0.3,-3.2,-6.2,-2.4,-0.1,2.1,3.3,4.6,7.3,14,11.2,6.9,3.5,0.6,-3.2,163,82,100,97,132,51,17,49,143,127,201,329,0,0,0,0,0,0,0,0,0,0,0,0,114,63,38,20,7,1,0,0,3,17,52,129,3,5,15,24,41,83,278,191,78,37,11,2,634,503,496,442,416,322,128,212,335,450,521,654,0,0,0,1,1,0,5,2,1,0,0,0,3,4,5,6,12,22,31,30,24,16,7,3,72,28,27,32,45,6,0,2,3,13,122,67,0,0,43,60,72,82,123,83,40,26,15,0,0,0,0,0,0,31,106,34,0,0,0,0,69,66,58,57,65,67,57,67,80,77,72,70,2.8,9.1,16.5,7,-5.3,-2.5,5.1,0.3,-1.3,3.3,10.8,3.7,429,329,117,471,0,0,0,0,305,65,1,72,10,80,552,126,1791,1354,662,1306,0,1,7,1,10,23,82,47,167,104,7,138,0,175,288,81,0,0,171,0,68,60,64,76,4,14,-3.2,17.2,1490,391,9.4,35.7,443,768,5113,10,162,175,262,87,417,-32.4,28.9,544,171,0,68
1942,SUNR,TSUMER,46.928445,121.655296,1793.366667,-1.1,-0.2,2.2,6.9,8.2,11.2,18.9,18.9,16.5,9.9,0.4,-0.5,-9.5,-7.4,-7.1,-3.2,-0.7,1.4,6.7,6.4,4.3,-0.3,-5.3,-5.9,-5.3,-3.8,-2.5,1.9,3.7,6.3,12.8,12.6,10.4,4.8,-2.4,-3.2,125,153,143,90,99,132,51,18,8,154,418,345,0,0,0,0,0,0,0,0,0,0,0,0,186,133,114,32,11,2,0,0,1,11,113,128,1,1,3,15,31,65,243,238,168,53,4,2,723,607,636,485,442,350,162,168,229,410,613,654,0,0,0,0,0,0,3,3,3,0,0,0,1,2,2,6,12,19,30,30,25,14,4,3,89,118,125,48,44,23,1,0,19,21,59,188,0,0,0,51,64,78,110,96,65,34,0,0,0,0,0,0,0,0,59,78,57,0,0,0,65,70,64,64,69,67,62,61,61,65,76,75,-0.5,5.8,16.3,8.9,-7.7,-3.7,4.9,-0.5,-4.1,1,10.6,4.2,607,332,201,581,0,0,0,0,447,157,2,124,4,49,546,225,1983,1563,680,1253,0,1,6,4,6,19,79,43,395,217,24,99,0,115,285,100,0,0,137,57,70,65,64,68,2.9,12.8,-5.3,18.1,1738,308,7.5,41.5,731,824,5479,11,147,171,265,94,734,-32.4,28.9,499,194,0,67
1943,SUNR,TSUMER,46.928445,121.655296,1793.366667,-4.4,1.9,1.4,8,7.9,11.8,18.3,15.6,17.7,7.5,3.9,0.6,-11.1,-7,-8.2,-3.9,-2.4,0.8,5.1,4.2,4.3,-0.1,-2.4,-5.5,-7.8,-2.6,-3.4,2.1,2.7,6.3,11.7,9.9,11,3.7,0.7,-2.5,168,183,278,135,107,72,18,33,23,174,100,212,0,0,0,0,0,0,0,0,0,0,0,0,250,105,137,30,18,2,0,0,0,16,51,111,0,2,2,16,22,65,208,150,185,39,11,3,799,571,665,478,473,351,196,252,211,445,518,631,0,0,0,0,0,0,1,1,4,0,0,0,1,2,1,5,7,17,29,28,25,14,9,4,146,117,257,68,58,12,0,2,0,13,246,196,0,0,0,55,66,83,111,84,70,28,14,0,0,0,0,0,0,11,93,51,47,0,0,0,71,65,62,58,64,64,59,63,58,74,76,77,-1,5.7,15.3,9.7,-8,-4.8,3.4,0.6,-4.5,0.5,9.3,5.1,696,519,123,297,0,0,0,0,466,185,2,67,5,41,422,236,2001,1617,799,1175,0,1,2,5,6,13,74,48,459,383,15,259,0,121,278,112,0,0,155,47,71,61,62,69,2.7,11.7,-7.8,19.5,1501,252,8.4,46.5,721,704,5591,8,140,190,267,77,1116,-32.4,28.9,510,202,0,66
1944,SUNR,TSUMER,46.928445,121.655296,1793.366667,-0.5,0.3,1.3,6.7,10.8,13,19.1,16.7,16.4,12.9,3.3,-0.2,-8.8,-8.2,-8.1,-4.4,-1.5,1.8,5.6,5.1,5.3,1.9,-4.5,-5.9,-4.6,-3.9,-3.4,1.1,4.6,7.4,12.4,10.9,10.9,7.4,-0.6,-3.1,177,164,163,120,122,38,10,19,105,63,199,136,0,0,0,0,0,0,0,0,0,0,0,0,168,136,137,40,7,1,0,0,0,4,73,125,1,1,2,12,41,85,229,180,181,100,7,2,702,610,665,506,415,319,176,223,215,330,558,650,0,0,0,0,1,0,2,1,4,1,0,0,2,1,1,4,9,20,30,29,27,20,5,3,116,128,151,77,41,4,0,1,1,26,29,102,0,0,0,51,79,87,115,87,63,39,0,0,0,0,0,0,0,50,105,69,0,0,0,0,66,65,63,60,59,64,58,63,65,64,70,75,0.1,6.2,16.3,10.9,-7.5,-4.7,4.1,0.9,-3.7,0.8,10.2,5.9,552,406,66,368,0,0,0,0,430,184,1,78,4,55,494,288,1963,1586,718,1104,0,1,4,5,6,14,79,52,347,270,5,56,0,130,289,103,0,0,224,0,69,60,62,66,3.2,12.4,-4.6,17,1316,293,10.1,42.1,693,841,5370,10,151,181,274,93,677,-32.4,28.9,522,224,0,64
1945,SUNR,TSUMER,46.928445,121.655296,1793.366667,0.5,0.1,0.8,4,11.5,13.4,20.8,18.3,12.5,10.1,0.5,-1.1,-7.4,-6.6,-7,-5.6,-0.7,1.7,6.1,6.7,4,0.2,-5.5,-6,-3.5,-3.2,-3.1,-0.8,5.4,7.5,13.5,12.5,8.2,5.1,-2.5,-3.5,315,270,301,163,101,23,10,15,150,138,356,282,0,0,0,0,0,0,0,0,0,0,0,0,139,120,129,72,5,1,0,0,1,9,115,136,2,1,2,6,52,88,263,234,109,58,4,2,667,590,655,564,391,314,140,172,293,400,616,664,0,0,0,0,1,0,4,3,2,0,0,0,2,2,2,2,12,20,30,30,25,15,4,3,172,193,274,139,26,2,0,0,4,1,81,75,0,0,0,0,81,90,124,93,51,34,0,0,0,0,0,0,0,67,114,78,0,0,0,0,68,72,68,64,60,62,55,63,72,67,75,76,0.1,5.4,17.5,7.7,-6.6,-4.4,4.8,-0.5,-3.3,0.5,11.2,3.6,721,565,48,645,0,0,0,0,395,206,1,126,5,60,586,171,1921,1611,626,1309,0,1,7,2,8,16,80,43,440,439,3,86,0,81,306,85,0,0,259,0,72,64,60,71,3,13.5,-3.5,17,2125,299,6.1,45,728,821,5467,10,147,165,263,98,968,-32.4,28.9,472,259,0,67
1946,SUNR,TSUMER,46.928445,121.655296,1793.366667,-1.2,-0.1,1.7,5.8,12.3,11.3,17.9,18.1,13.9,4.8,1.2,-0.2,-8.2,-7.3,-6.5,-4.8,-0.7,1.4,5.8,6.2,4.2,-2.7,-6.8,-6.9,-4.7,-3.7,-2.4,0.5,5.8,6.4,11.8,12.2,9,1.1,-2.8,-3.5,331,252,262,110,38,133,38,13,62,174,258,346,0,0,0,0,0,0,0,0,0,0,0,0,170,130,113,49,4,2,0,0,1,41,121,136,1,1,3,9,58,65,212,224,129,18,3,2,704,603,634,525,380,350,192,182,270,526,624,664,0,0,0,0,1,0,2,3,2,0,0,0,2,2,2,3,12,19,30,30,25,7,2,2,220,191,227,80,8,23,1,0,13,10,212,170,0,0,0,48,85,79,107,93,55,24,0,0,0,0,0,0,47,0,69,80,0,0,0,0,70,70,68,61,57,67,62,63,68,72,68,80,-0.8,6.6,15.8,6.6,-7.1,-4,4.5,-1.8,-4,1.3,10.1,2.4,865,410,183,494,0,0,0,0,436,166,2,164,4,70,501,151,1971,1539,723,1420,0,1,4,2,6,17,79,35,581,315,24,235,0,133,278,80,0,47,149,0,73,62,64,70,2.5,12.2,-4.7,16.9,2017,283,6.2,43,768,726,5653,8,136,169,266,97,1155,-32.4,28.9,491,196,0,67
1947,SUNR,TSUMER,46.928445,121.655296,1793.366667,-2.8,2.3,6.5,8.9,14.4,12.4,17.1,16.2,15.6,6.3,1.9,0.4,-11.1,-7,-5.3,-2.9,0.5,2,4.8,4.4,4.8,0.6,-4.7,-5.5,-6.9,-2.3,0.6,3,7.5,7.2,11,10.3,10.2,3.4,-1.4,-2.5,316,155,191,120,26,122,42,20,83,304,276,238,0,0,0,0,0,0,0,0,0,0,0,0,229,101,56,22,2,1,0,0,1,18,89,113,0,2,9,23,93,81,183,162,163,36,5,3,773,565,541,450,327,325,219,240,235,454,582,633,0,0,0,0,2,0,1,1,3,0,0,0,1,2,3,6,16,21,29,28,26,16,5,4,261,95,94,44,3,14,1,1,4,80,160,208,0,0,39,58,94,84,104,86,61,24,0,0,0,0,0,0,68,0,62,67,0,0,0,0,65,64,57,59,56,66,61,63,65,80,74,72,-0.2,9.9,15.2,7.9,-8.3,-2.6,3.7,0.2,-4.2,3.7,9.5,4.1,816,337,184,664,0,0,0,0,442,79,2,108,5,124,426,204,1971,1318,784,1270,0,2,2,4,6,25,78,47,565,140,16,244,0,191,274,85,0,68,129,0,67,57,63,73,3.3,11,-6.9,17.9,1893,293,7,37.5,631,760,5343,8,156,160,271,110,966,-32.4,28.9,550,197,0,65
1948,SUNR,TSUMER,46.928445,121.655296,1793.366667,-1.2,-1.7,1,2.7,8.2,15.5,16.7,13.6,13.9,8.4,-0.1,-3,-8.8,-9.7,-7.8,-5.6,-1.6,4,4.1,5.2,2.8,-1.7,-6.1,-9.8,-5,-5.7,-3.4,-1.4,3.3,9.8,10.4,9.4,8.3,3.3,-3.1,-6.4,249,296,193,134,142,82,76,70,105,100,362,410,6.4,9.3,13.2,17.1,19.7,25.2,24.3,20.3,17.5,11.2,6.3,5.1,178,180,139,84,13,0,0,0,1,19,129,214,1,1,2,5,27,145,164,134,111,35,3,1,714,661,667,582,455,248,237,269,291,456,633,752,0,0,0,0,0,1,1,1,2,0,0,0,2,1,1,2,9,26,28,29,22,10,3,1,172,265,179,120,69,2,3,4,4,53,133,117,0,0,0,0,66,97,103,70,58,32,0,0,0,0,0,0,0,15,27,0,0,0,0,0,69,67,64,68,66,63,60,72,64,65,75,76,-0.9,4,15.3,7.4,-8,-5,4.4,-1.7,-4.4,-0.5,9.8,2.8,782,469,228,567,6.9,16.7,23.2,11.7,572,236,1,149,2,34,442,149,2127,1703,755,1380,0,1,2,2,3,13,83,35,555,367,10,190,0,66,271,90,0,0,42,0,70,66,65,68,1.6,10.4,-6.4,16.8,2218,475,5.2,21.8,958,628,5965,5,134,177,255,77,1121,-32.4,28.9,426,42,14.6,67
1949,SUNR,TSUMER,46.928445,121.655296,1793.366667,-6.4,-1.7,2.9,7.7,13,13.8,17.5,17,16.4,7.3,7.7,-1.5,-14.4,-10.8,-6.3,-4.3,-0.5,0.6,4,5.2,5.1,-2.7,-1.3,-7.8,-10.4,-6.2,-1.7,1.7,6.3,7.2,10.7,11.1,10.7,2.3,3.2,-4.7,91,371,161,72,44,33,40,23,58,163,317,356,7,10,13,18.4,22.7,25.8,26.5,22.3,18.1,11,6.6,4.8,326,192,98,33,3,1,0,0,0,27,24,166,0,0,4,14,67,82,176,189,178,26,25,1,881,675,613,489,364,323,226,215,219,488,445,699,0,0,0,0,1,0,1,2,4,0,0,0,0,0,2,4,12,16,28,29,26,7,11,2,86,341,130,40,8,4,1,1,9,18,236,347,0,0,0,55,88,94,108,89,64,30,19,0,0,0,0,0,44,61,68,66,6,0,0,0,65,62,65,58,56,58,58,63,64,65,69,71,-3.7,7.8,16.1,10.5,-11.7,-3.7,3.3,0.4,-7.7,2.1,9.7,5.4,872,277,96,538,7.2,18,24.9,11.9,684,134,2,51,2,85,446,229,2254,1467,764,1152,0,2,3,4,2,18,73,45,775,178,6,263,0,143,292,112,0,44,195,6,66,60,59,66,2.5,11.1,-10.4,21.6,1729,198,7.2,56.3,871,762,5637,9,139,168,274,106,1221,-32.4,28.9,547,245,15.5,63
1950,SUNR,TSUMER,46.928445,121.655296,1793.366667,-8.3,-1.5,-0.5,3.6,8.7,13.8,18.7,18.4,15.8,5.1,1.3,2.2,-16.6,-8.5,-7.3,-5.3,-3.2,1.4,5.1,5.2,3.7,-0.6,-4.8,-3.4,-12.5,-5,-3.9,-0.8,2.8,7.6,11.9,11.8,9.8,2.3,-1.8,-0.6,320,289,370,171,53,46,30,59,56,241,353,313,6,8.7,11.6,17.5,22.4,23.7,26.9,22.5,19,10,6.5,4.6,388,162,151,72,17,1,0,0,1,27,97,75,0,1,2,6,23,90,215,211,150,26,5,6,943,640,681,565,472,312,189,193,247,489,593,574,0,0,0,0,0,0,2,2,3,0,0,0,0,1,2,3,5,19,29,29,24,13,4,7,313,248,349,146,29,4,1,2,2,47,41,256,0,0,0,0,71,93,113,96,64,23,0,0,0,0,0,0,18,47,83,37,7,0,0,0,63,71,72,66,59,60,58,59,62,80,75,73,-3.8,3.9,17,7.4,-11,-5.2,3.9,-0.6,-7.4,-0.7,10.5,3.4,965,594,135,651,6.4,17.2,24.4,11.9,625,240,1,126,6,30,516,181,2157,1718,694,1330,0,1,4,3,8,9,77,41,817,524,6,90,0,71,302,86,0,18,167,7,69,66,59,72,1.8,11.9,-12.5,24.4,2302,244,5.1,48.9,992,734,5899,8,136,191,262,71,1438,-32.4,28.9,459,192,15,67
1951,SUNR,TSUMER,46.928445,121.655296,1793.366667,-3.3,-0.2,0.1,8.6,10.9,15.7,19.7,17.4,17.1,6.5,2,-3,-9.5,-8.1,-9.2,-3.7,-1.6,2.2,4.8,3.9,4.4,-0.2,-4.9,-8.5,-6.4,-4.2,-4.5,2.4,4.7,8.9,12.3,10.7,10.7,3.2,-1.4,-5.7,357,337,233,31,95,17,7,29,82,188,234,299,6.4,9.8,13.3,21.7,21.8,26.9,27.7,24.6,18.6,10.3,6.3,5.3,216,141,167,26,7,1,0,0,0,20,90,196,1,1,1,18,41,122,226,173,178,34,5,1,757,616,700,467,414,273,178,229,219,462,583,733,0,0,0,0,1,1,2,1,4,0,0,0,1,1,1,5,9,22,29,27,25,14,4,1,284,269,224,14,32,1,0,1,3,71,184,91,0,0,0,58,79,102,120,94,67,25,0,0,0,0,0,27,0,84,113,65,0,0,0,0,73,67,62,57,58,57,55,58,60,77,73,77,-0.4,6.5,17.6,8.5,-7,-4.8,3.6,-0.2,-3.7,0.9,10.6,4.1,1007,359,53,505,7.1,19,26.4,11.7,553,200,1,111,2,61,521,217,2106,1581,680,1264,0,1,4,4,4,15,78,44,645,270,2,258,0,137,315,93,0,27,262,0,73,59,56,70,2.5,12.3,-6.4,18.7,1909,230,6.6,53.3,865,802,5632,9,140,185,267,82,1174,-32.6,28.8,545,289,16,64
1952,SUNR,TSUMER,46.928445,121.655296,1793.366667,-4.1,-0.7,0.4,8.7,11.3,11.6,20,17.9,18.1,13.1,2.7,-0.7,-10.3,-7.9,-7.3,-4.4,-1.2,1.5,4.9,5.9,4.8,0.5,-5.3,-5.8,-7.2,-4.3,-3.4,2.2,5.1,6.5,12.4,11.9,11.5,6.8,-1.3,-3.3,174,150,215,63,64,77,16,20,17,29,49,234,5.9,9.6,13.9,18.8,22.2,22.9,27.6,23.8,18.7,12.4,7.6,4.8,235,144,139,29,5,2,0,0,0,5,88,130,0,1,2,17,47,68,232,215,199,87,6,2,780,620,667,475,402,345,173,190,197,349,580,656,0,0,0,0,1,0,2,2,5,1,0,0,1,1,2,4,10,19,29,30,26,16,4,3,146,121,200,31,19,12,0,1,3,37,114,241,0,0,0,58,81,80,122,92,71,41,0,0,0,0,0,0,16,3,106,72,54,12,0,0,73,70,69,55,59,67,54,62,58,59,69,76,-2.6,6.8,16.5,11.3,-8.9,-4.3,4.1,0,-5.7,1.3,10.3,5.6,623,343,113,95,6.7,18.3,24.8,12.9,509,173,2,93,3,66,515,291,2056,1544,708,1126,0,1,5,6,6,15,78,46,509,249,13,154,0,139,294,112,0,16,181,66,73,61,61,62,3.1,12.4,-7.2,19.6,1108,194,11.8,64.2,778,875,5434,12,145,179,270,91,926,-32.6,28.8,545,263,15.7,64
1953,SUNR,TSUMER,46.928445,121.655296,1793.366667,0.6,0.7,1.5,4.6,8.2,9.1,18.3,16.8,15.7,9.9,4.1,0.2,-4.8,-6.6,-6.2,-4,-1.3,1,4.9,6,5.2,1.1,-2.5,-4.8,-2.1,-3,-2.3,0.3,3.5,5.1,11.6,11.4,10.5,5.5,0.8,-2.3,714,185,187,124,108,78,23,52,57,128,261,438,4.8,9.7,13.1,16.7,21.3,23.4,28,21.6,18.1,11.3,6.4,4.8,107,114,111,53,12,4,0,0,1,8,50,107,3,2,3,9,28,46,204,198,170,63,11,3,624,583,632,532,450,388,199,206,227,390,517,625,0,0,0,0,0,0,1,2,4,1,0,0,5,2,2,4,10,18,29,30,27,18,8,5,294,127,161,93,51,23,1,2,1,1,23,134,0,0,0,43,65,67,111,86,61,33,14,0,0,0,0,0,0,0,88,34,4,0,0,0,78,70,69,68,67,73,58,66,66,70,75,78,0.2,4.8,14.7,9.9,-5.8,-3.8,4,1.2,-2.8,0.5,9.4,5.6,1133,419,154,446,6.4,17,24.3,11.9,328,176,4,59,8,40,448,244,1832,1614,793,1134,0,1,3,4,11,16,76,53,555,305,25,25,0,108,265,107,0,0,122,4,75,68,65,71,3.2,11.6,-2.3,13.9,2356,318,5.6,36.4,567,739,5374,8,157,172,274,102,909,-32.6,28.8,480,126,14.9,70
1954,SUNR,TSUMER,46.928445,121.655296,1793.366667,-3.4,-0.4,0.7,3.6,10.7,10.1,15.8,13,12.9,8,5,-0.3,-9.1,-6.3,-8.8,-5.2,-1.4,0.8,3.8,5.5,5,-0.3,-1.3,-5.9,-6.2,-3.4,-4,-0.8,4.6,5.4,9.8,9.3,8.9,3.8,1.8,-3.1,402,240,143,130,52,105,55,51,66,89,237,261,5.9,10.2,14.8,19.3,22.8,22.6,26.3,22.3,18,11.4,6.8,5.1,212,123,154,71,7,3,0,0,1,15,36,125,1,1,2,6,41,51,146,131,127,41,16,2,752,594,685,563,416,378,255,272,273,440,485,650,0,0,0,0,1,0,1,1,2,0,0,0,1,2,1,3,9,17,28,29,26,14,11,3,316,175,136,111,18,27,3,3,2,7,73,203,0,0,0,0,78,73,99,66,50,29,15,0,0,0,0,0,26,0,44,15,0,0,0,0,76,75,62,66,59,69,62,75,74,71,77,79,-1.2,5,13,8.6,-6.7,-5.1,3.4,1.1,-4,-0.1,8.2,4.9,1080,325,212,393,7.1,19,23.7,12,460,232,4,53,4,48,328,184,1997,1663,906,1198,0,1,1,2,7,13,73,51,694,264,32,83,0,78,238,94,0,26,59,0,77,62,69,74,2.2,9.8,-6.2,16,1833,329,6.6,29.7,748,564,5763,5,144,172,273,101,1073,-32.6,28.8,410,85,15.4,70
1955,SUNR,TSUMER,46.928445,121.655296,1793.366667,-2,-1.7,-3,1,5.4,12.1,13.8,16.7,13.4,6.7,-1.5,-1.8,-7.6,-8.7,-9.1,-6.2,-3.5,1.6,4.1,4.4,4,0.1,-7.3,-7.7,-4.8,-5.2,-6.1,-2.6,0.9,6.9,8.9,10.5,8.7,3.4,-4.4,-4.7,150,193,306,170,98,54,86,13,71,304,396,367,6.6,10.1,14,17.4,21.5,24.7,24.1,25.5,18.3,10.3,7,4.9,174,167,209,113,40,2,0,0,1,18,160,168,1,1,1,3,12,74,121,170,120,36,2,1,708,647,748,619,529,335,282,233,280,454,671,702,0,0,0,0,0,0,0,1,2,0,0,0,2,1,1,2,5,20,28,28,25,15,2,2,101,168,302,161,68,7,6,1,5,12,48,145,0,0,0,0,56,83,86,89,54,26,0,0,0,0,0,0,0,29,0,76,0,0,0,0,76,71,74,71,67,65,68,61,69,77,76,77,-1.4,1.1,14.2,6.2,-7.4,-6.3,3.3,-1.1,-4.4,-2.6,8.8,2.6,604,575,153,771,7.2,17.6,24.8,11.9,509,362,2,179,3,16,365,159,2057,1895,850,1405,0,0,2,2,5,7,76,42,414,530,13,65,0,56,258,80,0,0,105,0,75,71,65,74,1,10.5,-4.8,15.4,2208,323,5,32.7,1053,543,6206,4,129,187,264,77,1023,-32.6,28.8,393,105,15.4,71
1956,SUNR,TSUMER,46.928445,121.655296,1793.366667,-2.7,-3.8,-1.7,6.6,13,10.8,19.8,17.2,14.4,5,3.1,0.5,-8.4,-9.9,-7.8,-4.3,-0.5,1.4,6,5.4,4.3,-0.6,-4.9,-5.6,-5.6,-6.8,-4.8,1.2,6.3,6.1,12.9,11.3,9.3,2.2,-0.9,-2.5,326,170,348,33,47,93,21,20,86,218,116,382,5.6,9.5,13.2,21.2,23.2,23.5,27.1,23.6,18.2,10.5,7.6,5.1,193,207,174,40,3,2,0,0,1,28,80,113,1,0,1,12,67,62,245,194,138,25,6,3,731,692,708,504,364,356,160,209,261,492,568,633,0,0,0,0,1,0,3,2,2,0,0,0,2,1,1,4,12,19,30,29,25,13,4,4,240,160,336,21,8,18,0,1,5,52,299,266,0,0,0,51,88,76,118,89,57,22,0,0,0,0,0,18,41,0,96,69,0,0,0,0,76,74,75,61,56,69,58,63,67,80,69,74,-2.8,6,15.9,7.5,-8.7,-4.2,4.3,-0.4,-5.7,0.9,10.1,3.5,863,428,135,420,6.7,19.2,24.8,12.1,513,216,2,109,4,81,501,170,2056,1576,726,1321,0,1,5,3,6,18,78,42,666,365,18,357,0,139,283,80,0,59,165,0,75,64,63,72,2.4,12.9,-5.6,18.4,1861,268,6.7,47.9,841,755,5679,9,144,168,266,98,1406,-32.6,28.8,502,224,15.7,68
1957,SUNR,TSUMER,46.928445,121.655296,1793.366667,-4.7,-1,1.5,6.5,11.6,13,16.2,15,18.1,7,2.7,0.8,-12.7,-8.1,-5.8,-3.2,1.3,3.3,4.5,4.4,5.8,0.2,-5.4,-5.1,-8.7,-4.5,-2.2,1.6,6.5,8.2,10.3,9.7,12,3.6,-1.3,-2.2,133,224,317,112,60,80,30,35,34,138,167,359,6.4,10.3,13.4,18.6,22.7,23.8,25.8,22.6,18.7,10.7,7.6,4.5,271,151,108,34,3,1,0,0,0,17,88,105,0,1,3,14,71,103,163,143,212,38,6,3,826,627,628,491,358,296,238,260,185,449,580,622,0,0,0,0,1,0,1,1,6,0,0,0,0,1,3,6,19,25,29,28,27,15,4,4,120,186,270,64,10,6,1,2,5,67,51,189,0,0,0,49,78,83,99,80,69,26,0,0,0,0,0,0,17,3,70,45,35,0,0,0,66,71,71,65,66,68,63,66,61,77,69,75,-1.7,6.5,14.7,9.3,-8.8,-2.6,4.1,0.2,-5.3,2,9.4,4.7,739,489,145,339,7,18.2,24,12.3,526,145,1,105,4,88,409,256,2076,1477,794,1214,0,2,2,6,6,27,81,46,495,343,9,123,0,127,263,96,0,17,118,35,70,67,66,69,2.7,10.3,-8.7,19,1689,240,7.5,43.2,777,756,5561,10,160,150,277,127,970,-32.6,28.8,485,170,15.4,68
1958,SUNR,TSUMER,46.928445,121.655296,1793.366667,-0.4,3.1,2.4,5.5,15.3,15.8,22.4,20.7,13,10.2,1.7,2.3,-5.7,-3.7,-6.7,-3.8,1.6,5.2,7.8,6.3,4.4,0.8,-5.1,-3.2,-3.1,-0.3,-2.2,0.9,8.5,10.5,15.1,13.5,8.7,5.5,-1.7,-0.5,308,235,116,199,23,63,3,19,87,168,498,333,5.2,8.5,13.2,17.7,23.7,23.6,27.3,23.7,16,11.6,6.5,4.4,129,65,107,44,1,0,0,0,1,8,95,72,2,5,3,11,119,167,313,264,122,64,5,6,654,508,627,514,295,225,99,142,278,388,590,569,0,0,0,0,2,2,9,5,2,1,0,0,4,5,2,5,20,28,31,30,25,17,4,7,156,86,99,135,1,1,0,0,1,22,79,162,0,0,0,46,97,96,130,106,52,34,0,0,0,0,0,0,74,33,127,87,0,0,0,0,78,74,64,66,57,66,56,56,72,68,73,76,1.2,7.8,19.6,8.3,-4.8,-3,6.4,0.1,-1.8,2.4,13,4.2,902,338,84,753,6,18.2,24.9,11.4,266,152,0,105,13,133,744,190,1731,1436,467,1257,0,3,15,2,16,26,88,47,404,235,2,102,0,143,331,86,0,74,247,0,76,62,59,71,4.6,15.1,-3.1,18.1,2052,194,7.1,77.6,523,1080,4891,21,177,149,265,115,742,-32.6,28.8,560,321,15.1,67
1959,SUNR,TSUMER,46.928445,121.655296,1793.366667,-1.3,-1.2,0.9,6.4,8.6,12.7,19.7,15.8,10.7,7.6,3.3,0.3,-7.1,-6.8,-5.9,-3.6,-1.9,2.7,5.8,4.5,4.6,0.5,-5,-5.5,-4.2,-4,-2.5,1.4,3.3,7.7,12.7,10.1,7.7,4.1,-0.8,-2.6,421,162,306,146,80,72,30,27,204,188,327,252,5.4,8.4,12.3,19.1,21.4,23.2,27.1,22.8,15.4,10.5,7.4,4.8,158,137,116,37,13,1,0,0,2,14,77,114,1,1,3,13,27,91,241,156,95,43,7,3,690,611,638,499,455,310,163,246,311,434,564,635,0,0,0,0,0,0,3,1,1,0,0,0,2,2,3,5,8,23,30,28,26,16,4,4,261,127,268,88,39,7,0,1,7,9,255,92,0,0,0,49,68,83,118,84,42,27,0,0,0,0,0,0,0,11,87,57,0,0,0,0,76,76,72,64,64,67,57,64,79,76,68,78,-0.1,5.3,16,7.2,-5.7,-3.8,4.3,0,-2.9,0.7,10.2,3.6,916,532,130,719,6.2,17.6,24.4,11.1,409,166,1,93,5,43,489,145,1936,1591,720,1309,0,1,4,2,8,16,81,46,480,395,8,271,0,118,285,69,0,0,155,0,77,67,63,74,2.7,12.7,-4.2,17,2216,414,5.7,30.8,669,681,5556,6,151,187,268,81,1154,-32.6,28.8,472,155,14.8,70
1960,SUNR,TSUMER,46.928445,121.655296,1793.366667,-2.6,-0.6,2.4,6,7.1,14,21.6,14.1,14.7,8.7,1.6,0.2,-8.7,-7.1,-6.7,-3.7,-1.6,2.2,6,5.5,4.2,0.8,-4.7,-5.8,-5.7,-3.9,-2.1,1.1,2.7,8.1,13.8,9.8,9.4,4.7,-1.5,-2.8,163,225,249,164,161,38,2,73,44,167,382,162,5.8,9.7,12.8,17.1,17.8,26.2,28.1,21.1,18.4,10.4,6.5,5.2,196,134,107,40,18,1,0,0,1,11,92,119,1,1,3,12,22,101,273,146,140,52,5,2,734,608,627,506,474,298,132,257,258,412,586,642,0,0,0,0,0,0,4,1,2,0,0,0,2,2,2,5,9,21,30,29,25,17,5,3,121,175,211,105,88,3,0,4,22,23,139,126,0,0,0,48,61,92,129,72,59,30,0,0,0,0,0,0,0,54,126,0,15,0,0,0,74,73,65,65,69,62,53,72,66,73,75,76,-1,5.1,16.5,8.3,-7.1,-4,4.6,0.1,-4,0.6,10.5,4.2,640,575,113,593,6.9,15.9,25.2,11.8,449,165,1,104,4,37,520,197,1984,1606,687,1256,0,1,6,3,7,16,81,47,422,405,7,184,0,108,293,88,0,0,180,15,74,66,62,71,2.8,13.8,-5.7,19.4,1830,318,7,43.4,719,758,5534,9,150,181,265,83,1017,-32.6,28.8,490,195,14.9,68
1961,SUNR,TSUMER,46.928445,121.655296,1793.366667,2.2,0,2,4.2,9.2,17.8,20.2,21.3,12.7,6.8,0.5,-1.2,-5.4,-4.6,-5.7,-3.7,-0.9,3.5,6.2,7.5,3.2,-1.2,-6.5,-6.5,-1.6,-2.3,-1.8,0.2,4.2,10.7,13.2,14.4,7.9,2.8,-3,-3.8,298,471,253,163,98,32,33,24,61,161,206,329,6.1,8,12.2,16.8,20.1,26.5,27.2,23.1,18.2,11.1,7.4,4.5,97,100,100,53,9,0,0,0,2,23,127,144,4,2,3,9,35,171,256,292,101,30,3,2,609,564,617,533,430,221,146,115,303,473,630,674,0,0,0,0,1,2,3,8,1,0,0,0,4,4,3,5,11,25,30,30,23,11,3,3,108,288,208,123,38,1,0,0,3,14,190,85,0,0,0,41,70,111,120,107,53,27,0,0,0,0,0,0,0,79,87,83,0,0,0,0,70,80,70,70,66,56,57,58,69,72,71,75,0.8,5.1,19.8,6.6,-5.3,-3.4,5.7,-1.5,-2.2,0.9,12.8,2.6,931,514,90,428,6.2,16.4,25.6,12.2,341,162,0,151,8,47,719,135,1847,1579,481,1406,0,1,13,2,11,19,86,37,481,369,1,207,0,111,339,80,0,0,249,0,75,68,57,71,3.4,14.4,-3.8,18.3,2131,249,6.3,58,655,909,5314,15,152,172,257,85,1058,-32.2,28.9,530,249,15.1,68
1962,SUNR,TSUMER,46.928445,121.655296,1793.366667,-1.5,1.3,1.4,8,5.9,13.8,17.5,15.5,15.8,8.1,3.6,1.3,-8.8,-6.7,-7.6,-3.2,-1.5,1.1,4.6,5.5,5.3,0.6,-3.1,-4.5,-5.1,-2.7,-3.1,2.4,2.2,7.5,11.1,10.5,10.6,4.4,0.3,-1.6,173,114,221,151,99,36,31,79,79,131,436,219,5.9,9.8,13.6,18.3,20,27.3,27.5,21.2,18.5,10.5,6.5,5,182,108,129,27,23,1,0,0,1,12,57,93,1,2,2,18,19,87,187,168,173,47,10,4,718,576,655,469,490,317,215,235,224,423,531,604,0,0,0,0,0,0,1,1,4,0,0,0,1,2,1,6,9,18,29,29,27,17,7,5,122,75,201,69,59,4,1,3,6,38,132,210,0,0,0,55,55,93,107,80,61,29,14,0,0,0,0,0,0,58,77,1,0,0,0,0,69,68,64,60,73,59,59,68,66,74,75,77,-0.5,5.1,15.6,9.2,-7.3,-4.1,3.7,1,-3.9,0.5,9.7,5.1,616,471,145,645,6.9,17.3,25.3,11.8,383,179,1,70,7,39,441,230,1898,1614,767,1179,0,1,3,4,8,16,76,51,406,328,8,176,0,110,281,104,0,0,136,0,72,66,62,72,3,11.1,-5.1,16.2,1767,324,7.4,34.2,634,717,5457,7,151,182,275,93,918,-32.2,28.9,494,136,15.3,68
1963,SUNR,TSUMER,46.928445,121.655296,1793.366667,-3,5,2.8,3.9,11,11.6,14.8,16.5,17.6,8.4,2,0.6,-10.5,-3.6,-6.1,-4,-0.9,2.4,4.6,5.9,6.6,1.3,-4,-5.5,-6.8,0.7,-1.7,0,5.1,7,9.7,11.2,12.1,4.9,-1,-2.4,90,235,209,150,50,59,68,48,39,140,285,201,7.1,9.5,13.6,16.7,23.3,24.3,25.3,23.3,18,10.5,6.2,4.7,225,52,97,58,5,2,0,0,0,10,82,111,1,7,4,8,47,76,144,191,217,54,6,3,768,480,612,541,401,332,258,212,181,408,571,631,0,0,0,0,1,0,0,2,7,0,0,0,1,5,2,4,11,22,29,30,28,19,6,4,73,60,168,117,14,8,3,2,3,14,140,85,0,21,0,0,79,78,91,85,66,29,0,0,0,0,0,0,29,19,23,37,27,0,0,0,68,68,66,70,60,69,67,66,65,76,76,77,1.1,5.9,14.3,9.3,-6.2,-3.7,4.3,1.3,-2.5,1.1,9.3,5.3,543,408,175,464,7.1,17.9,24.3,11.6,387,160,2,92,11,59,412,277,1878,1554,802,1160,0,1,2,7,10,18,81,52,219,300,12,157,21,79,253,95,0,29,79,27,71,65,67,72,3.2,11.2,-6.8,18,1572,263,8.4,42.5,641,758,5394,10,161,169,283,115,688,-32.2,28.9,447,135,15.2,69
1964,SUNR,TSUMER,46.928445,121.655296,1793.366667,-2,1,0.9,3.4,8.5,11.7,16.9,14.4,12.5,10.4,0.4,-2.5,-6.8,-7.7,-7.1,-5.8,-3.8,0.5,4.2,4.7,3.7,0.8,-5.1,-8,-4.4,-3.3,-3.1,-1.2,2.4,6.1,10.6,9.6,8.1,5.6,-2.3,-5.3,500,117,272,121,87,111,44,71,88,90,285,400,5.4,10.3,13.1,18.2,21.8,22.5,24.2,21,17.4,11.6,6.7,4.8,162,122,129,80,21,2,0,0,2,8,110,183,1,1,2,5,20,61,170,139,105,65,4,1,695,593,655,576,485,357,231,264,298,386,609,718,0,0,0,0,0,0,1,1,1,1,0,0,3,1,2,2,4,16,28,28,24,17,4,2,318,84,248,107,51,21,1,4,1,11,127,97,0,0,0,0,71,83,105,76,51,34,0,0,0,0,0,0,0,0,61,5,0,0,0,0,79,65,68,65,57,63,60,68,71,68,77,75,-0.1,4.3,14.3,7.8,-6.7,-5.6,3.1,-0.2,-3.4,-0.6,8.7,3.8,818,481,226,463,6.8,17.7,22.6,11.9,467,231,3,119,4,27,371,173,2006,1716,852,1294,0,0,2,2,6,8,72,45,500,405,27,140,0,71,264,85,0,0,66,0,73,63,64,72,1.9,10.6,-5.3,15.8,2187,402,5.4,26.3,820,575,5868,4,131,194,262,68,1072,-32.2,28.9,419,66,14.7,68
1965,SUNR,TSUMER,46.928445,121.655296,1793.366667,-1.6,-0.4,5.3,7.6,8.3,14.5,20.3,16.9,13.4,10.9,4.1,-0.9,-6.7,-6.4,-7.2,-3.7,-2.1,1.8,5.8,6.4,3.5,1.8,-1.7,-6.6,-4.2,-3.4,-1,2,3.1,8.2,13.1,11.6,8.4,6.4,1.2,-3.7,414,237,56,129,71,17,28,64,29,99,192,192,5.7,8.5,15.9,18.2,23.2,28,27.7,22.2,19.4,11,6.2,4.6,156,124,82,31,15,1,0,0,1,6,44,142,1,1,5,16,25,103,252,205,114,79,13,2,688,596,590,481,462,295,149,199,288,362,505,671,0,0,0,0,0,0,3,2,2,1,0,0,3,2,2,5,7,20,30,30,24,20,10,3,255,174,41,67,36,1,0,2,8,5,164,308,0,0,0,54,68,96,122,85,55,34,14,0,0,0,0,0,0,79,94,21,26,0,0,0,78,75,54,60,64,59,56,67,68,70,78,76,-1.5,7.1,17.2,9.4,-7.1,-4.3,4.7,1.2,-4.3,1.4,11,5.3,1050,256,109,319,6.3,19.1,26,12.2,422,128,1,52,4,46,560,205,1954,1533,642,1155,0,1,6,3,8,14,80,54,737,143,3,177,0,121,303,102,0,0,194,26,77,59,61,72,3.5,13.1,-4.2,17.2,1527,208,8.8,62.9,603,816,5284,9,156,189,261,71,1060,-32.2,28.9,526,220,15.9,67
1966,SUNR,TSUMER,46.928445,121.655296,1793.366667,-1.8,0.1,2.8,6.7,11.8,11.7,16.2,17.1,15.8,8.1,3.3,0.6,-7.6,-7.1,-6.9,-3.6,-1.8,1.5,4.6,5.4,6,-0.5,-3.3,-4.1,-4.7,-3.5,-2,1.5,5,6.6,10.4,11.2,10.9,3.8,0,-1.8,283,172,193,89,73,63,71,19,54,152,243,313,5.9,9.7,13.5,20.5,23.4,24,26.7,24.3,17.3,11.2,6.5,3.9,171,125,105,35,6,2,0,0,0,16,61,96,1,1,3,14,47,70,166,192,182,40,9,4,705,597,623,494,402,343,236,211,215,442,539,609,0,0,0,0,1,0,1,2,4,0,0,0,2,2,2,5,8,19,29,29,27,13,7,5,189,127,162,52,21,10,3,1,2,3,48,121,0,0,0,50,84,80,99,89,60,30,14,0,0,0,0,0,11,17,28,70,6,0,0,0,76,70,62,63,55,66,63,63,68,70,75,76,-0.9,7.1,15,9.1,-7.1,-4.1,3.8,0.7,-4,1.5,9.4,4.9,648,355,154,449,6.5,19.1,25,11.7,392,146,2,78,6,63,427,231,1912,1520,790,1195,0,1,3,4,9,15,77,47,436,235,13,54,0,134,269,103,0,11,115,6,74,60,64,71,3.1,11.2,-4.7,16,1727,280,7.6,40.1,618,728,5416,8,149,183,279,96,738,-32.2,28.9,506,132,15.6,68
1967,SUNR,TSUMER,46.928445,121.655296,1793.366667,-1.2,1.2,0.5,3.5,9.9,16,19.2,22.7,19,7.3,3.7,-1,-5.9,-6.1,-7.2,-5.9,-1.6,3.8,5.5,7.2,6.5,0.7,-3.6,-6.7,-3.6,-2.4,-3.3,-1.2,4.2,9.9,12.4,15,12.8,4,0,-3.8,441,166,212,115,34,38,4,2,45,295,146,284,5.1,8.8,11.5,17,21.4,26.8,27.8,25.4,18.9,9.7,6.8,4.8,141,103,136,80,9,0,0,0,0,14,62,144,2,2,2,5,36,148,230,306,234,43,9,2,669,568,664,576,429,244,175,103,165,436,540,674,0,0,0,0,1,1,2,10,8,0,0,0,4,3,2,2,9,26,30,30,28,17,6,2,245,104,195,101,13,1,0,0,2,22,84,127,0,0,0,0,74,100,116,116,72,27,14,0,0,0,0,0,40,62,112,113,26,0,0,0,80,71,68,64,61,61,58,54,61,77,72,80,0.2,4.6,19.3,10,-5.4,-4.9,5.5,1.2,-2.6,-0.1,12.4,5.6,920,361,44,486,6.2,16.6,26.6,11.8,388,225,0,77,5,43,684,285,1911,1669,522,1140,0,1,14,9,9,13,86,51,477,310,1,107,0,74,331,113,0,40,287,26,77,65,58,70,3.6,15,-3.8,18.8,1781,123,7.7,121.8,690,1016,5242,23,158,179,281,103,895,-32.2,28.9,518,353,15.3,67
1968,SUNR,TSUMER,46.928445,121.655296,1793.366667,-1.8,4.9,4.3,4.8,10.5,13.3,19.7,14.6,13.5,6.1,1.9,-2.7,-8.1,-5.1,-4.7,-4.9,-0.7,2.4,5.9,5.3,4.7,-1.1,-4.3,-8.5,-5,-0.1,-0.2,-0.1,4.9,7.8,12.8,10,9.1,2.5,-1.2,-5.6,289,258,207,113,80,98,23,107,96,164,265,320,5,10.6,13.1,17.3,20.4,24.3,27,21.4,17.2,9.2,6.1,4.2,177,63,68,58,6,1,0,0,1,25,85,192,1,5,6,8,45,95,242,152,131,28,6,1,712,503,566,542,407,306,162,250,268,481,576,728,0,0,0,0,1,0,3,1,2,0,0,0,2,3,4,3,12,22,30,29,26,12,5,1,199,89,128,89,25,8,0,5,1,38,51,181,0,0,0,0,76,88,117,76,53,26,0,0,0,0,0,0,0,0,94,0,0,0,0,0,74,63,66,64,63,64,58,70,71,74,76,76,0.7,6.5,15.9,7.2,-6.6,-3.4,4.5,-0.2,-3,1.5,10.2,3.5,831,401,228,524,6.6,17,24.2,10.8,432,133,1,111,7,59,489,165,1944,1515,718,1325,0,1,4,2,7,19,81,42,469,241,14,89,0,76,281,79,0,0,94,0,71,64,64,74,2.9,12.8,-5.6,18.4,2020,404,6.4,31.6,677,720,5502,7,149,169,269,100,814,-32.2,28.9,435,94,14.6,68
1969,SUNR,TSUMER,46.928445,121.655296,1793.366667,-5.6,-1,4,5.8,13.2,15.8,17.3,15.8,12.9,6.8,4,0.3,-11.9,-8.2,-6.9,-4.3,-0.4,4.9,4.2,4.3,5.3,-1.4,-3.2,-5.2,-8.8,-4.6,-1.4,0.8,6.4,10.3,10.7,10.1,9.1,2.7,0.4,-2.4,331,98,138,120,73,61,17,16,153,78,113,274,5.6,10,14.6,17.4,23.2,25.3,27.3,23.6,16.3,10.9,7.3,4.6,273,151,92,45,3,0,0,0,1,24,56,110,0,1,4,10,70,161,176,156,132,29,10,3,829,628,604,518,360,231,226,247,267,477,528,630,0,0,0,0,1,1,1,1,2,0,0,0,1,1,2,4,13,27,28,28,27,10,7,4,301,81,107,83,12,1,1,1,6,43,123,255,0,0,0,48,89,96,107,85,49,28,14,0,0,0,0,0,16,35,90,68,0,0,0,0,73,70,59,63,56,65,59,63,75,71,73,74,-3.1,7.7,16.3,7.9,-9.5,-3.9,4.5,0.2,-6.3,1.9,10.4,4.1,750,332,95,344,6.7,18.4,25.4,11.5,534,140,0,81,4,84,493,171,2087,1481,703,1273,0,1,3,2,6,18,84,44,638,203,3,172,0,137,287,91,0,16,193,0,72,59,62,73,2.8,10.7,-8.8,19.5,1474,321,8.7,33.5,755,752,5545,7,152,173,274,101,1015,-32.2,28.9,516,209,15.5,67
1970,SUNR,TSUMER,46.928445,121.655296,1793.366667,-2.3,3.1,2.9,2.5,10.1,15.5,18.9,18.7,12.7,6.7,2.8,-2.1,-8.2,-5.3,-6.5,-5.5,-2.3,2.5,5.1,3.9,2.7,-1.9,-5,-7.7,-5.2,-1.1,-1.8,-1.5,3.9,9,12,11.3,7.7,2.4,-1.1,-4.9,384,143,153,181,49,21,27,15,92,111,241,319,5.7,10.8,14,16.3,21.9,25.7,26,25.5,17.4,11.5,6.4,4.7,185,78,99,86,10,1,0,0,2,26,83,172,1,3,4,5,33,124,216,194,96,27,6,1,721,531,616,584,437,270,187,209,310,485,573,706,0,0,0,0,1,1,2,2,1,0,0,0,2,3,2,2,7,22,29,27,22,9,4,2,272,66,125,162,21,1,1,0,10,19,35,132,0,0,0,0,76,100,114,100,54,28,0,0,0,0,0,0,27,79,87,86,0,0,0,0,75,68,64,69,58,59,57,54,67,70,69,77,0.4,5.2,17.7,7.4,-6.2,-4.7,3.8,-1.4,-2.9,0.2,10.8,3,801,383,63,444,7.1,17.4,25.7,11.8,435,195,1,111,5,41,535,129,1958,1637,667,1368,0,1,4,1,7,12,79,35,471,307,2,65,0,76,315,82,0,27,252,0,73,63,57,69,2.6,12,-5.2,17.2,1736,204,7.2,58.6,741,710,5629,6,133,182,254,72,845,-32.2,28.9,473,279,15.5,65
1971,SUNR,TSUMER,46.928445,121.655296,1793.366667,-1.9,-0.1,-0.7,4.7,10.8,9.6,19.3,20.2,12.9,7.5,1.2,-2,-8.4,-7.5,-8.5,-5.3,-2.2,0,4.9,5.9,2.7,-1.6,-4.9,-7.9,-5.2,-3.8,-4.6,-0.3,4.3,4.8,12.1,13.1,7.8,2.9,-1.9,-5,502,198,301,82,93,82,40,16,106,143,237,372,5.5,9,11.9,18.2,21.7,22.8,26.8,23.8,17.2,11.3,6.3,4.9,183,132,170,63,8,5,0,0,2,22,100,174,1,1,1,7,37,43,220,252,98,32,5,1,719,606,703,550,425,396,183,154,307,469,596,708,0,0,0,0,1,0,2,4,1,0,0,0,2,2,1,3,7,13,29,30,22,10,4,2,354,152,290,66,35,26,1,0,10,31,109,236,0,0,0,0,79,73,117,105,54,29,0,0,0,0,0,0,0,0,77,89,0,0,0,0,72,69,68,62,57,68,56,56,67,68,75,76,-1.3,4.9,16.4,7.2,-7.9,-5.3,3.6,-1.3,-4.6,-0.2,10,2.9,1019,476,138,487,6.5,17.3,24.5,11.6,490,240,5,123,3,45,516,134,2034,1678,733,1372,0,1,6,2,5,11,72,36,741,391,27,150,0,79,295,84,0,0,166,0,73,62,60,70,2,13.1,-5.2,18.3,2171,337,5.5,38.8,858,698,5816,8,124,180,254,74,1309,-31.9,30,457,166,15,66
1972,SUNR,TSUMER,46.928445,121.655296,1793.366667,-3.1,0,1.8,2.9,11.2,12.4,18.2,18.8,11.7,8.8,2.5,-3,-10,-7.7,-6.6,-6.4,-1.6,1.7,4.5,5.4,2.8,-1.5,-3.6,-8.9,-6.5,-3.9,-2.4,-1.8,4.8,7,11.3,12.1,7.2,3.7,-0.5,-6,429,354,307,179,56,88,62,31,139,38,194,398,5.6,8.3,11.7,17.4,23.2,24.2,26.9,23.9,17.8,11.8,6.5,4.5,219,134,113,93,6,2,0,0,2,16,71,202,1,1,3,4,44,78,195,220,86,39,7,1,761,608,634,593,409,330,208,185,323,445,555,739,0,0,0,0,1,0,1,3,1,0,0,0,1,1,2,2,9,20,29,29,22,10,6,1,345,274,266,164,18,11,2,1,11,31,126,277,0,0,0,0,81,84,111,98,50,33,0,0,0,0,0,0,25,0,49,67,0,0,0,0,71,68,67,64,57,65,57,59,70,64,76,75,-1.7,5.3,16.4,7.7,-8.5,-4.9,3.9,-0.8,-5.1,0.2,10.1,3.5,1154,543,181,371,6.1,17.4,25,12,556,212,2,90,2,51,492,132,2109,1636,723,1324,0,1,4,1,4,13,78,39,896,448,13,168,0,81,293,82,0,25,116,0,71,63,60,70,2.1,12.1,-6.5,18.6,2275,376,5.3,32.1,859,677,5792,6,133,172,255,82,1525,-31.9,30,456,141,15.2,66
1973,SUNR,TSUMER,46.928445,121.655296,1793.366667,-2.3,2.2,2.3,6.8,11.3,12.7,19.2,16.7,15.1,6.5,-1,0.2,-8.9,-6.5,-5.9,-4.4,-0.6,2.2,4.8,3.9,4.4,-0.7,-5.7,-4.3,-5.6,-2.2,-1.8,1.2,5.3,7.5,12,10.3,9.7,2.9,-3.3,-2,209,84,131,78,64,78,7,8,79,133,390,420,6.2,10.2,13,20,22.5,24.4,27.2,24.3,17.9,9.8,6.1,4.4,195,98,99,39,5,1,0,0,1,22,135,102,1,2,4,12,51,87,216,163,148,32,3,3,733,561,616,504,393,317,188,239,249,469,640,618,0,0,0,0,1,0,2,1,3,0,0,0,1,2,3,4,12,21,29,27,25,13,3,5,155,50,107,50,17,8,0,0,17,6,77,327,0,0,0,52,80,85,117,90,60,26,0,0,0,0,0,0,16,7,109,82,0,0,0,0,72,66,68,60,60,65,56,60,66,75,80,73,-1.1,6.8,16.2,6.9,-8.1,-3.7,3.6,-0.7,-4.6,1.6,9.9,3.1,692,274,94,602,6.9,18.5,25.3,11.3,394,144,1,157,6,66,466,183,1912,1513,744,1358,0,1,3,3,9,18,78,41,532,173,8,99,0,131,292,86,0,16,198,0,70,63,60,73,2.8,12,-5.6,17.6,1684,237,7.6,50.4,696,721,5527,7,146,172,267,95,813,-31.9,30,509,214,15.5,67
1974,SUNR,TSUMER,46.928445,121.655296,1793.366667,-3.1,-0.4,1.4,4.2,6.5,14.4,16.7,18.4,18.7,11.5,2.7,0.8,-9.8,-6.1,-7.2,-4.2,-2.9,1.8,4.5,5.9,5.3,-0.5,-4,-5.1,-6.5,-3.3,-2.9,0,1.8,8.1,10.6,12.1,12,5.5,-0.6,-2.1,482,230,274,182,108,75,70,9,20,50,282,421,6,8.8,12.8,17.2,20.6,25.9,24.5,24.7,19.8,12.5,7.2,4.8,217,120,124,58,28,1,0,0,0,8,73,104,1,1,2,8,16,101,172,221,213,63,7,3,758,591,649,541,503,298,230,184,185,389,558,621,0,0,0,0,0,0,1,3,6,1,0,0,1,2,2,4,6,20,29,30,27,13,6,4,386,165,246,142,68,5,2,0,4,29,262,184,0,0,0,0,60,95,102,95,72,38,0,0,0,0,0,0,0,20,32,85,53,0,0,0,71,76,66,68,66,60,61,61,58,61,74,81,-1.1,4,16.5,11,-6.7,-4.8,4.1,0.3,-3.9,-0.4,10.3,5.6,1132,563,155,352,6.5,16.8,25,13.2,441,210,1,82,5,26,493,284,1970,1693,712,1131,0,0,4,7,8,11,79,46,734,456,8,295,0,60,292,110,0,0,137,53,76,67,61,64,2.9,12.1,-6.5,18.6,2202,282,5.9,42.9,733,808,5507,11,143,191,274,83,1494,-31.9,30,462,190,15.4,67
1975,SUNR,TSUMER,46.928445,121.655296,1793.366667,-2,-1.2,0.9,3.1,9.7,11.3,18.2,13.9,17.1,5.1,1.2,0.6,-8.1,-8.5,-7.3,-6.6,-2.5,1.1,6.7,4.8,4.2,-0.4,-6.1,-6,-5,-4.8,-3.2,-1.8,3.6,6.2,12.5,9.4,10.6,2.3,-2.5,-2.7,467,246,205,90,88,54,20,109,4,259,296,500,5.9,8.7,13.8,19.4,23.1,25.1,26.5,21.7,20.7,9.6,6.8,5,179,158,132,93,11,2,0,0,1,27,113,116,1,1,2,4,30,62,233,133,175,26,4,3,715,635,659,593,446,355,172,270,222,488,614,637,0,0,0,0,0,0,2,1,4,0,0,0,2,1,2,2,7,18,30,28,25,13,3,3,324,208,188,82,40,10,0,7,1,3,114,188,0,0,0,0,75,79,106,73,68,22,0,0,0,0,0,0,0,25,86,0,64,0,0,0,74,70,67,63,58,66,64,70,59,80,71,76,-0.8,4.6,14.5,7.8,-7.2,-5.5,4.2,-0.8,-4,-0.4,9.3,3.5,1133,383,183,560,6.5,18.8,24.4,12.4,453,236,3,141,4,36,428,205,1988,1698,797,1323,0,1,3,4,6,10,77,41,720,309,17,118,0,75,259,90,0,0,111,64,73,63,67,70,2.1,12.5,-5,17.5,2338,276,5.2,45.3,832,674,5805,8,134,181,264,83,1164,-31.9,30,424,175,15.5,68
1976,SUNR,TSUMER,46.928445,121.655296,1793.366667,-0.2,-0.2,0.8,5.1,10.4,11.1,16.8,13.4,15.1,9.5,5.2,1.6,-6.8,-7.7,-8.7,-5.1,-2.2,-0.2,3.9,4.8,5.7,-1.2,-3.5,-5.2,-3.5,-3.9,-3.9,0,4.1,5.5,10.3,9.1,10.4,4.2,0.8,-1.8,374,230,187,110,64,53,55,86,45,73,87,143,6.1,9.7,13.4,18.8,21.8,24.6,24.9,19.9,18.5,11.8,7.5,5.3,140,136,152,57,9,3,0,0,1,14,49,97,2,1,2,8,35,51,163,125,168,44,12,4,668,610,682,540,431,376,238,279,229,431,515,610,0,0,0,0,1,0,1,1,3,0,0,0,3,1,1,3,7,13,28,29,27,11,6,4,206,180,177,85,25,13,2,6,0,75,174,254,0,0,0,46,78,81,104,70,57,34,16,0,0,0,0,0,14,29,50,0,12,0,0,0,73,69,62,62,58,62,60,72,70,64,68,73,0.1,5.4,13.8,9.9,-6.8,-5.3,2.8,0.3,-3.4,0.1,8.3,5.1,1104,360,193,205,7,18,23.1,12.6,372,217,4,63,6,44,340,224,1888,1652,893,1174,0,1,1,4,8,11,69,45,640,287,21,249,0,124,256,107,0,14,79,12,72,61,65,67,2.6,10.3,-3.5,13.9,1505,302,8.4,34.2,657,616,5608,6,133,181,278,97,1198,-31.9,30,487,105,15.2,66
1977,SUNR,TSUMER,46.928445,121.655296,1793.366667,-0.5,3.9,0.4,8.6,6.6,15,16.2,19.8,11.2,8.3,0.5,-0.1,-8.4,-4.8,-6.8,-3.8,-2.4,3,4.2,7.2,3.1,-1.5,-7.2,-6.2,-4.5,-0.5,-3.2,2.4,2.1,9,10.2,13.5,7.2,3.4,-3.4,-3.2,114,114,230,63,121,35,24,90,139,96,369,475,6.9,9.7,13.1,19.1,18.6,26.8,25.7,22.6,16.2,11,6.6,4.3,164,68,133,26,24,1,0,0,2,18,135,128,1,4,2,18,18,124,159,266,84,36,3,2,697,514,660,467,493,270,243,140,325,454,641,653,0,0,0,0,0,1,1,5,1,0,0,0,2,4,2,5,7,24,28,30,23,10,2,3,73,44,211,28,73,2,1,1,2,9,24,58,0,0,0,58,59,96,100,100,47,31,0,0,0,0,0,0,0,62,76,9,0,0,0,0,67,67,70,57,68,61,62,61,73,66,69,72,1.7,5.2,17,6.7,-6.2,-4.3,4.8,-1.9,-2.2,0.4,10.9,2.4,371,415,149,604,7,17,25,11.3,360,183,1,156,8,39,550,123,1864,1620,652,1420,0,1,7,1,8,13,83,35,176,313,4,35,0,117,296,79,0,0,147,0,69,65,61,69,2.8,13.5,-4.5,18,1870,409,6.8,33.1,700,719,5556,9,139,196,258,62,527,-31.9,30,492,147,15.1,66
1978,SUNR,TSUMER,46.928445,121.655296,1793.366667,-0.2,1.3,4.6,5.1,7.7,15,17.3,16.1,10.1,10.1,0.4,-2.9,-5.9,-5.3,-4.9,-3.6,-1.9,3.1,5.5,5.5,4.5,-0.5,-7.3,-9.8,-3.1,-2,-0.2,0.8,2.9,9,11.4,10.8,7.3,4.8,-3.5,-6.4,196,135,138,148,102,45,47,60,140,35,241,216,6,9.7,13.9,16.9,21.4,25.6,27.1,20.7,15.3,12.3,7.3,5.6,129,94,68,45,17,1,0,0,2,11,138,213,2,2,7,10,23,125,198,177,86,53,3,1,654,556,565,518,469,269,204,226,322,411,644,751,0,0,0,0,0,1,1,1,1,0,0,0,4,3,4,5,8,24,30,29,25,13,2,1,99,77,84,102,54,2,1,2,17,17,249,269,0,0,0,45,64,96,104,83,39,35,0,0,0,0,0,0,0,51,57,23,0,0,0,0,76,73,65,68,66,62,63,66,81,64,69,75,0.3,5.8,16.1,6.9,-5.8,-3.5,4.7,-1.1,-2.7,1.2,10.4,2.9,806,387,152,416,7.1,17.4,24.4,11.7,436,130,1,151,5,40,500,142,1961,1551,699,1376,0,1,3,2,8,17,83,41,446,240,5,282,0,108,283,74,0,0,131,0,75,66,64,71,2.7,11.4,-6.4,17.8,1501,394,8.4,29,717,688,5588,6,148,185,267,83,974,-31.9,30,465,131,15.1,69
1979,SUNR,TSUMER,46.928445,121.655296,1793.366667,-3.9,-1.5,4.6,4.9,10.6,14.6,18.2,16.4,15.7,9.6,2.6,1.6,-12,-7.7,-5.9,-3.8,-0.1,1.7,5.7,5.9,5.8,0.9,-4.9,-3.8,-7.9,-4.6,-0.6,0.6,5.2,8.2,12,11.2,10.8,5.2,-1.2,-1.1,100,348,105,114,57,17,72,50,63,131,88,401,7.2,8.3,14.7,17.5,22.8,27.2,26.2,22.6,18,11.4,8.1,4.4,254,151,76,48,5,1,0,0,0,9,85,83,0,1,5,10,50,102,216,190,178,59,6,5,804,628,579,523,396,296,188,214,218,397,576,589,0,0,0,0,1,0,2,2,4,0,0,0,1,1,3,5,14,20,30,30,27,18,4,6,88,289,71,82,16,1,1,2,17,3,164,182,0,0,0,44,75,96,109,84,59,32,0,0,0,0,0,0,18,79,37,35,0,0,0,0,66,74,61,67,64,59,61,66,68,71,71,70,-2.8,6.7,16.4,9.3,-9.8,-3.3,4.4,0.6,-6.3,1.7,10.4,4.9,663,276,139,282,6.6,18.3,25.3,12.5,489,129,1,94,6,65,507,243,2021,1498,698,1191,0,1,4,4,8,21,80,49,559,168,4,184,0,120,290,91,0,18,151,0,70,64,62,70,3.1,12,-7.9,19.9,1546,259,8.5,46.1,713,822,5408,9,157,161,277,117,915,-31.9,30,501,169,15.7,67
1980,SUNR,TSUMER,46.928445,121.655296,1793.366667,-3.3,0.5,1.2,8.1,9.2,10,17.3,14.7,13.6,10.3,3.2,1.2,-11.1,-6,-5.7,-3.1,-0.5,1.4,4.9,4.4,4.6,-0.5,-3.4,-4.3,-7.2,-2.8,-2.2,2.5,4.4,5.7,11.1,9.5,9.1,4.9,-0.1,-1.5,277,217,225,114,51,82,16,49,84,36,338,422,6.7,9.2,13.6,19.4,22.4,23.6,26.6,23.5,16.9,12.2,6.9,4.8,236,110,110,26,8,3,0,0,1,10,64,91,0,2,3,19,38,54,188,139,131,54,8,4,781,578,630,466,423,370,214,264,268,407,543,602,0,0,0,0,1,0,1,1,2,0,0,0,1,3,3,6,12,19,29,28,26,13,7,5,234,145,193,50,19,19,0,3,2,9,41,135,0,0,0,55,69,71,105,79,54,35,0,0,0,0,0,0,18,0,89,30,0,0,0,0,67,73,72,61,67,71,61,67,70,64,75,79,-0.4,6.2,14,9,-7,-3.1,3.6,0.2,-3.7,1.5,8.8,4.6,896,390,147,458,6.9,18.5,24.5,12,437,143,3,75,6,60,382,194,1961,1518,848,1218,0,1,2,3,8,21,76,45,514,262,22,52,0,124,255,89,0,18,119,0,73,67,66,70,2.8,11.1,-7.2,18.3,1912,281,6.7,39.5,659,642,5545,6,151,170,269,99,849,-31.9,30,468,137,15.5,69
1981,SUNR,TSUMER,46.928445,121.655296,1793.366667,3.2,1.7,5.5,4.7,8.3,9.9,15.7,20.6,14.4,6.8,4.1,-0.7,-3.6,-5.9,-4.9,-3.8,-0.9,1.2,4.9,7,4.6,-1.5,-3.2,-6.1,-0.2,-2.1,0.3,0.4,3.7,5.6,10.3,13.8,9.5,2.7,0.4,-3.4,77,313,112,208,99,160,52,7,109,149,180,406,6.8,10.2,15.1,17.7,20.9,21.6,26.7,24.7,17.7,10.9,7.4,4.8,71,96,61,50,11,3,0,0,1,24,55,133,6,2,8,9,31,53,162,274,142,29,10,2,565,559,551,527,443,374,239,131,256,477,527,660,0,0,0,0,0,0,1,6,2,0,0,0,7,3,4,5,11,18,29,30,26,10,7,3,19,183,61,153,44,39,2,0,6,3,121,161,0,0,36,43,65,71,96,104,57,28,15,0,0,0,0,0,0,0,44,97,0,0,0,0,74,70,62,68,68,71,65,58,68,71,73,77,2.1,6.2,15.4,8.4,-4.6,-3.2,4.4,0,-1.3,1.5,9.9,4.2,812,419,219,438,7.3,17.9,24.3,12,300,122,3,80,11,48,489,182,1784,1522,745,1260,0,1,7,3,12,19,78,43,363,257,41,129,0,144,271,99,0,0,141,0,74,66,65,70,3.4,13.8,-3.4,17.2,1872,427,7.2,32.3,505,729,5310,10,152,168,269,101,790,-31.7,30.1,515,141,15.4,69
1982,SUNR,TSUMER,46.928445,121.655296,1793.366667,-2.5,-1,2,4.1,9.4,15.2,16.6,16.5,13.8,7.3,0.5,-0.9,-8.4,-8.2,-6.7,-5.9,-2.1,3.3,4.6,5.4,4.5,-0.4,-6,-6.6,-5.4,-4.6,-2.4,-0.9,3.6,9.3,10.6,11,9.2,3.4,-2.8,-3.7,460,334,183,119,50,31,59,24,105,154,201,321,5.8,9,14.1,18.9,22.5,25.8,25.3,22.9,17.2,11.1,7,5.3,190,152,112,74,11,0,0,0,1,18,121,142,1,1,3,6,30,131,173,184,133,36,3,2,727,629,634,567,445,262,229,220,266,453,623,671,0,0,0,0,0,1,1,1,2,0,0,0,2,1,2,2,7,25,29,29,25,13,3,3,334,278,158,103,23,1,2,1,6,37,56,239,0,0,0,0,73,97,102,86,55,28,0,0,0,0,0,0,23,66,43,61,0,0,0,0,75,70,66,62,60,62,62,65,70,73,73,77,-1.4,5.2,16.1,7.2,-7.6,-4.9,4.5,-0.7,-4.5,0.1,10.3,3.3,1201,353,114,459,6.7,18.5,24.7,11.8,483,198,1,140,3,39,488,173,2026,1646,710,1342,0,1,3,2,5,11,83,42,851,284,4,99,0,73,285,83,0,23,170,0,74,63,63,72,2.3,11,-5.4,16.4,2042,269,6,40.7,821,703,5724,6,142,185,268,83,1238,-31.7,30.1,440,193,15.4,68
1983,SUNR,TSUMER,46.928445,121.655296,1793.366667,0.8,2,4.2,6.9,11.6,11.2,13.5,16.3,12.2,7.9,1.8,-4.1,-5.1,-4.5,-4,-4,-0.2,2.1,4.6,6.5,2.8,-1.3,-3.2,-10.2,-2.1,-1.3,0.1,1.5,5.7,6.7,9.1,11.4,7.5,3.3,-0.7,-7.2,395,176,204,59,61,92,145,40,87,54,457,170,6,9.2,12.9,19.6,23.3,22.6,22.5,23.1,18.3,11.8,6.4,5.1,108,81,64,36,4,2,0,0,2,19,75,235,3,3,7,13,57,71,125,197,90,35,7,0,626,535,557,496,382,341,278,207,317,458,560,776,0,0,0,0,1,0,0,2,1,0,0,0,4,4,5,4,13,21,29,30,22,11,7,1,164,85,116,35,14,14,9,1,7,26,124,201,0,0,31,52,81,77,83,82,51,30,0,0,0,0,0,0,20,0,0,42,0,0,0,0,76,74,69,61,61,70,71,69,69,68,80,76,0.6,7.6,13.7,7.3,-5.4,-2.7,4.4,-0.6,-2.4,2.4,9,3.4,892,323,277,598,6.8,18.6,22.7,12.2,424,104,2,96,7,77,392,132,1937,1435,826,1335,0,1,2,1,9,23,80,40,451,165,24,158,0,164,241,82,0,20,42,0,75,64,70,72,2.8,11.4,-7.2,18.5,1939,424,6.6,26.8,626,608,5533,5,152,167,255,88,797,-31.7,30.1,487,62,15.1,70
1984,SUNR,TSUMER,46.928445,121.655296,1793.366667,0.2,1.3,3.7,3.7,6.3,10.9,18.8,18,12.8,5,0.3,-2.7,-6.4,-5,-4.6,-4.4,-2.2,1.2,5,4.8,2.5,-1.8,-4.9,-8.9,-3.1,-1.8,-0.5,-0.3,2,6,11.9,11.4,7.7,1.6,-2.3,-5.8,394,150,234,107,156,103,2,13,74,164,291,251,6.2,9.6,12.7,17.2,18.7,24.3,28.4,23.7,17.1,9.9,6.5,5.4,131,91,73,63,25,3,0,0,2,34,110,198,2,3,6,7,18,60,214,198,95,22,4,1,656,552,574,550,495,360,189,206,311,509,609,734,0,0,0,0,0,0,2,2,1,0,0,0,3,4,4,4,7,18,29,29,21,10,4,1,203,83,153,87,95,20,0,0,10,10,188,151,0,0,0,0,58,77,114,95,54,24,0,0,0,0,0,0,0,0,112,82,0,0,0,0,73,74,69,69,70,68,57,59,66,75,79,74,-0.9,4.6,15.9,6,-7.2,-3.7,3.7,-1.4,-4,0.4,9.8,2.3,714,497,118,529,7,16.2,25.4,11.2,420,161,3,146,5,30,472,121,1942,1619,755,1429,0,1,4,1,8,15,76,35,437,336,21,208,0,58,286,78,0,0,194,0,74,69,61,73,2.2,11.9,-5.8,17.7,1939,348,6.3,34.2,729,628,5746,6,134,181,253,72,1002,-31.7,30.1,422,194,15,69
1985,SUNR,TSUMER,46.928445,121.655296,1793.366667,-1.5,-1.8,1.9,5.5,10.1,13.6,22.7,16.7,11.4,5.7,-2.3,-1.4,-8.4,-9,-7.7,-4.2,-1.2,1.7,6.6,4.3,2.9,-1.2,-9.3,-7.7,-4.9,-5.4,-2.9,0.6,4.5,7.7,14.7,10.5,7.2,2.3,-5.8,-4.6,25,160,142,133,54,84,8,37,99,216,247,60,7.4,10.1,14.1,18.5,21.8,26.4,28.3,23.5,16.4,9.9,6.9,6.1,176,171,125,47,7,1,0,0,2,28,193,163,1,1,2,10,39,92,298,169,84,26,1,1,711,651,650,521,419,310,110,234,326,490,714,696,0,0,0,0,1,0,7,1,1,0,0,0,2,1,1,4,10,20,30,28,22,11,1,2,17,141,128,94,19,8,0,2,8,62,167,204,0,0,0,47,75,91,135,89,48,25,0,0,0,0,0,0,21,7,126,53,0,0,0,0,71,70,62,64,62,61,52,61,72,75,71,74,-2,5.9,17.7,4.9,-8.7,-4.4,4.2,-2.5,-5.4,0.7,11,1.2,437,328,130,562,7.9,18.2,26.1,11.1,511,180,1,223,3,52,558,111,2058,1591,653,1530,0,1,9,1,4,15,78,34,362,240,9,237,0,122,315,73,0,21,186,0,72,63,58,73,2,14.7,-4.9,19.6,1266,283,9.5,51.8,915,723,5832,11,133,175,254,80,849,-31.7,30.1,510,207,15.8,66
1986,SUNR,TSUMER,46.928445,121.655296,1793.366667,0.8,0.1,5.3,4.6,8.9,15.7,14,20.6,11,10.5,1.9,-0.8,-5.3,-7.4,-4.4,-4.3,-0.8,3.2,3.2,6.2,2.7,0.6,-3.4,-5.9,-2.2,-3.7,0.4,0.2,4,9.5,8.6,13.4,6.9,5.5,-0.8,-3.4,266,306,180,108,111,33,59,8,138,82,390,158,6,9.6,14,18.1,20.6,25.5,25,24.6,16.3,12.8,7.3,5.5,110,130,58,54,9,0,0,0,3,8,76,132,3,1,8,8,34,136,112,261,78,64,7,2,628,603,546,535,433,257,293,145,334,388,563,659,0,0,0,0,1,1,0,5,1,1,0,0,4,2,4,4,11,24,26,30,22,16,7,3,113,232,93,83,45,1,4,0,12,64,209,43,0,0,35,44,68,100,89,106,47,35,0,0,0,0,0,0,0,66,30,98,0,0,0,0,75,69,64,67,67,60,65,56,72,67,79,73,-0.2,6.3,16.7,7.8,-6.8,-3.2,4.2,0,-3.5,1.5,10.5,3.9,633,399,100,610,7,17.6,25,12.2,373,122,1,87,6,51,509,149,1891,1515,696,1285,0,1,6,2,9,19,80,45,388,221,6,285,0,147,295,82,0,0,194,0,72,66,60,73,3.2,13.4,-3.4,16.7,1841,350,7.2,38.2,582,714,5386,8,154,172,255,83,900,-31.7,30.1,524,194,15.4,68
1987,SUNR,TSUMER,46.928445,121.655296,1793.366667,-2.3,1.8,2.3,8.7,11.2,16,16.3,18.2,17.4,13.4,3.7,-1.5,-7.6,-5.1,-5,-2.2,0.6,2.8,5.5,5.1,5.1,0.6,-2.4,-7.3,-4.9,-1.7,-1.3,3.2,5.9,9.4,10.9,11.7,11.3,7,0.7,-4.4,198,159,270,103,97,24,45,13,25,5,154,357,6,10.1,13.8,18.4,22.7,26.8,24.5,24.6,20,13.2,7.4,5.4,177,88,89,20,4,0,0,0,0,4,52,159,1,3,4,24,60,134,182,207,193,91,11,1,712,547,601,443,376,259,220,197,201,342,520,691,0,0,0,1,1,1,1,2,5,1,0,0,2,3,4,8,16,23,30,29,26,17,9,2,136,85,207,34,20,1,1,0,19,5,164,93,0,0,0,56,77,102,98,95,68,42,13,0,0,0,0,0,0,78,53,82,43,37,0,0,77,73,71,62,65,58,66,59,61,59,77,78,-0.4,7.4,16.8,11.5,-6.2,-2.2,4.5,1.1,-3.3,2.6,10.7,6.3,515,470,83,184,7.1,18.3,25.3,13.5,424,113,1,56,5,89,523,296,1950,1420,676,1064,0,2,4,6,8,27,82,52,313,261,3,187,0,133,295,123,0,0,213,80,76,66,61,66,4,11.7,-4.9,16.6,1450,205,9.6,57,594,913,5110,11,169,161,273,112,764,-31.7,30.1,551,293,16.1,67
1988,SUNR,TSUMER,46.928445,121.655296,1793.366667,-1.6,1.8,2.2,5.7,9.3,12.9,18.4,18.1,15.4,11,1.1,0.1,-7.4,-6.1,-6,-2.9,-0.9,1.3,4.8,5.3,3.7,2.3,-3.6,-5.9,-4.5,-2.1,-1.9,1.4,4.2,7.1,11.6,11.7,9.5,6.7,-1.2,-2.9,189,185,349,166,125,53,35,15,67,136,412,187,6.1,10.6,13.3,18.3,20.4,24.7,25.9,24.5,18.6,11.6,6.4,5.3,165,97,101,37,9,1,0,0,1,5,86,121,1,2,3,13,36,79,204,208,144,85,6,2,698,560,618,498,428,328,199,197,255,352,577,645,0,0,0,0,1,0,1,2,3,1,0,0,2,3,3,6,11,18,29,29,24,22,6,3,122,110,288,100,48,6,1,0,1,0,45,248,0,0,0,46,70,88,112,95,62,34,0,0,0,0,0,0,0,35,77,80,0,0,0,0,75,69,68,69,65,62,58,60,62,71,81,75,-0.4,5.7,16.5,9.2,-6.9,-3.3,3.8,0.8,-3.7,1.2,10.1,5,731,640,102,615,7.3,17.3,25,12.2,383,147,2,92,6,52,491,234,1903,1544,724,1183,0,1,4,3,8,20,77,52,480,436,8,46,0,116,294,96,0,0,192,0,73,67,60,71,3.3,11.7,-4.5,16.2,1918,295,6.9,39.7,623,783,5354,8,156,169,263,94,969,-31.7,30.1,506,192,15.5,68
1989,SUNR,TSUMER,46.928445,121.655296,1793.366667,-1.4,-3,0.5,8.4,9.3,15.2,16.3,15.5,17.7,7.5,2.9,1.1,-7,-11,-6.5,-3,-0.8,2.9,4.6,5,4.2,-1.1,-2.7,-4.3,-4.2,-7,-3,2.7,4.3,9,10.4,10.3,11,3.2,0.1,-1.6,335,89,266,107,75,39,37,39,21,86,344,175,6.2,10.3,12.4,19.2,22.1,26,26,22.8,19.8,11.5,6.7,5.6,157,210,128,24,8,1,0,0,0,20,61,93,1,0,2,20,37,124,166,161,185,34,9,4,689,695,653,460,426,270,236,242,212,461,538,605,0,0,0,0,1,1,1,1,4,0,0,0,3,0,2,6,11,24,29,29,25,11,8,5,207,84,241,44,28,2,1,2,4,4,192,100,0,0,0,56,70,97,100,81,70,29,12,0,0,0,0,0,0,59,63,42,49,0,0,0,76,66,71,60,65,61,63,66,58,70,79,75,-1.4,6.1,15.6,9.4,-8,-3.4,4.2,0.1,-4.7,1.3,9.9,4.7,611,448,115,450,7.3,17.9,24.9,12.6,460,160,1,81,6,59,451,228,1989,1539,747,1210,0,1,2,5,8,19,81,44,390,314,5,200,0,126,278,112,0,0,164,49,73,66,63,69,2.9,10.4,-4.2,14.6,1612,211,8,49.4,702,743,5485,8,153,177,266,89,909,-31.7,30.1,516,213,15.7,68
1990,SUNR,TSUMER,46.928445,121.655296,1793.366667,-0.6,-1.2,4.4,8.2,8.4,12.3,19.7,18.2,17.2,5.2,2.1,-4,-5.7,-8.5,-6,-2.3,-1,2.3,6.7,6.9,6.1,-1.6,-3.3,-10.6,-3.1,-4.9,-0.8,2.9,3.7,7.3,13.2,12.6,11.6,1.8,-0.6,-7.3,549,411,125,150,103,142,36,80,9,304,500,229,6,10.1,14.7,18.8,21.8,24,26.8,22.6,19.8,10.5,6.9,5,130,158,79,22,11,1,0,0,0,33,73,239,2,1,5,22,31,84,256,235,204,23,7,0,656,636,584,452,443,321,146,170,193,505,558,781,0,0,0,0,0,0,3,3,5,0,0,0,4,1,3,8,11,22,30,30,27,10,7,1,281,349,88,56,46,15,0,2,1,17,117,68,0,0,0,55,66,82,115,91,65,24,0,0,0,0,0,0,0,0,79,11,56,0,0,0,79,70,61,63,68,67,60,64,65,75,79,78,-0.2,7,16.7,8.1,-6.1,-3.1,5.3,0.4,-3.2,2,11,4.3,1134,379,259,813,7,18.4,24.5,12.4,527,112,1,106,3,58,575,233,2072,1479,637,1255,0,1,7,6,6,21,83,44,698,189,17,134,0,120,289,89,0,0,90,56,75,64,64,73,3,13.2,-7.3,20.5,2639,371,4.9,35.6,747,869,5443,14,153,177,279,102,1039,-31.7,30.1,499,146,15.6,69
1991,SUNR,TSUMER,46.928445,121.655296,1793.366667,-1.9,4.1,1.8,4.9,7.1,9.9,19.1,18.4,17.3,9.5,2.2,0.8,-8.6,-4.1,-6.7,-4.1,-0.9,1.3,5.8,6.8,5.2,-0.9,-3.6,-4.4,-5.2,0,-2.5,0.4,3.1,5.6,12.5,12.6,11.2,4.3,-0.7,-1.8,252,280,207,219,96,80,28,36,10,69,373,229,7,10.3,14.3,18.4,21.8,23.3,26.3,22.8,20,12.4,6.8,5.1,185,62,114,51,15,3,0,0,0,13,76,97,1,5,3,9,25,54,232,236,193,46,7,4,721,501,636,528,462,372,172,169,202,427,562,611,0,0,0,0,0,0,2,3,5,0,0,0,2,5,2,4,11,19,30,30,26,12,6,5,179,94,180,161,49,19,0,1,0,109,202,205,0,0,0,44,59,71,114,92,67,34,0,0,0,0,0,0,0,0,86,57,57,0,0,0,72,69,66,67,72,71,59,64,62,65,77,70,-0.6,4.6,15.8,9.6,-7.8,-3.9,4.7,0.2,-4.2,0.3,10.2,4.9,761,522,144,452,7.4,18.1,24.1,13.1,344,180,3,89,10,37,522,245,1833,1626,713,1191,0,1,6,5,11,17,79,45,479,390,20,311,0,104,277,101,0,0,143,57,70,68,65,68,3.3,12.6,-5.2,17.8,1878,250,7.1,50.3,616,814,5364,11,151,170,273,103,1199,-30.8,30.3,482,200,15.7,68
1992,SUNR,TSUMER,46.928445,121.655296,1793.366667,0.6,4.7,8.3,8,14.4,17.1,17.1,19.2,12.7,8.2,1.4,-1.8,-5.3,-3.3,-3.8,-1.9,1,4.5,6.3,5.7,3.5,0.6,-4.4,-8.1,-2.4,0.7,2.2,3,7.7,10.8,11.7,12.4,8.1,4.4,-1.5,-4.9,294,149,67,172,24,48,55,20,115,62,320,239,6,9.8,16.2,17.3,24.5,26,25.2,23.5,17,10.6,7.2,5.1,113,52,37,21,1,0,0,0,2,12,92,173,3,7,16,23,98,175,209,232,105,47,5,1,632,481,491,449,320,217,195,174,299,423,585,707,0,0,0,0,2,2,1,3,1,0,0,0,4,6,5,9,17,27,30,29,24,17,5,2,129,39,17,62,2,1,1,0,0,8,156,94,0,20,43,53,93,105,100,99,52,29,0,0,0,0,0,0,69,57,46,79,0,0,0,0,76,70,58,65,57,60,66,58,70,74,77,79,2,10.2,17.8,7.4,-4.3,-1.6,5.5,-0.1,-1.2,4.3,11.7,3.7,672,263,122,497,6.9,19.3,24.9,11.6,338,59,0,106,11,137,615,157,1820,1260,586,1307,0,3,6,2,12,31,87,45,262,81,2,164,20,190,304,81,0,69,182,0,75,60,62,73,4.4,12.4,-4.9,17.4,1563,262,9.2,47.6,503,920,4973,11,175,158,259,100,509,-30.8,30.3,595,251,15.7,67
1993,SUNR,TSUMER,46.928445,121.655296,1793.366667,-3.4,0,3.9,4.3,12.9,11.4,12.1,16.6,17.3,10.1,0.4,0,-10.6,-8.6,-5.7,-3.5,1.2,2,3.9,5.8,4.6,1.4,-6.8,-5.7,-7,-4.3,-0.9,0.4,7,6.7,8,11.2,11,5.8,-3.2,-2.8,163,18,211,192,101,112,95,25,3,77,109,212,7,11.5,13.8,16,20.7,22.7,22.6,23.1,19.5,11.6,8.1,5.4,231,145,82,51,2,2,1,0,0,7,130,119,0,1,5,9,83,71,98,192,184,68,3,2,775,621,589,529,340,340,311,211,212,381,635,642,0,0,0,0,1,0,0,2,4,1,0,0,1,1,3,5,18,21,28,30,26,19,2,3,136,15,152,142,13,16,9,1,11,6,158,177,0,0,0,41,85,77,76,85,68,33,0,0,0,0,0,0,0,0,0,60,64,0,0,0,69,65,64,71,62,69,73,66,60,71,70,73,-1.7,7,13.4,9.3,-9.1,-2.7,3.9,-0.2,-5.4,2.2,8.6,4.5,420,503,232,190,7.9,16.8,22.8,13.1,496,135,2,138,4,97,361,255,2039,1458,862,1228,0,2,2,5,5,26,78,47,327,306,26,175,0,126,239,101,0,0,60,64,69,65,69,67,2.6,11.2,-7,18.2,1318,336,9.6,33.4,771,716,5587,9,157,144,270,126,835,-30.8,30.3,466,124,15.2,68
1994,SUNR,TSUMER,46.928445,121.655296,1793.366667,1.5,-0.7,4.6,7,11.3,12.6,19.6,17.6,16.7,6.8,-1,-1.3,-4.6,-7.6,-5.8,-2.6,0.4,1.8,6.3,6,6.1,-1,-7.1,-7.3,-1.5,-4.2,-0.6,2.2,5.8,7.2,13,11.8,11.4,2.9,-4.1,-4.3,206,206,176,104,63,92,39,10,57,247,310,276,6.4,9.3,14.1,18.3,21.3,24.3,27.6,23.5,18.5,11.5,7.2,5.1,96,141,75,29,4,1,0,0,0,22,153,157,4,1,6,17,59,80,248,210,197,31,2,1,607,617,578,475,378,326,157,194,199,470,662,689,0,0,0,0,1,0,3,2,5,0,0,0,5,1,3,7,15,20,30,30,28,12,2,2,74,165,118,51,14,11,0,0,0,4,72,111,0,0,0,50,78,85,116,90,63,27,0,0,0,0,0,0,14,0,77,80,6,0,0,0,76,71,61,66,64,65,59,63,66,72,75,76,0.3,7.6,16.6,7.5,-5.9,-2.7,4.7,-0.7,-2.8,2.5,10.6,3.4,625,344,141,613,6.9,17.9,25.1,12.4,394,107,2,175,6,82,539,230,1913,1431,677,1331,0,1,5,5,9,25,80,41,350,183,12,75,0,128,291,90,0,14,157,6,74,64,62,71,3.3,13,-4.3,17.3,1787,261,7.4,49.7,678,856,5351,12,155,158,279,121,620,-30.8,30.3,509,177,15.6,68
1995,SUNR,TSUMER,46.928445,121.655296,1793.366667,0.8,2.6,3.6,5.7,11.9,13,18.1,14.9,16.5,6,4.3,-0.2,-6.2,-6.3,-6.2,-3.8,0.4,2.8,6.5,4,6.5,-0.6,-2.6,-5.8,-2.7,-1.9,-1.3,1,6.2,7.9,12.3,9.4,11.5,2.7,0.9,-3,190,222,204,111,69,76,64,62,57,243,608,325,6,9.7,13.4,18.7,24.3,24.2,25.7,22.1,18.9,10.3,5.8,5.1,120,92,88,43,3,1,0,0,0,24,49,123,2,3,4,11,65,96,226,136,199,29,12,2,643,552,599,512,367,304,178,267,197,477,514,647,0,0,0,0,1,0,2,1,5,0,0,0,3,2,2,5,16,23,30,27,28,13,8,3,89,124,155,74,13,6,1,4,2,55,227,190,0,0,0,47,81,85,106,81,61,25,15,0,0,0,0,0,12,9,42,19,4,0,0,0,72,65,62,65,62,66,63,65,68,77,74,75,0.7,7.1,15.3,8.9,-6.6,-3.2,4.4,1.1,-3,2,9.9,5,688,384,202,909,6.9,18.8,24,11.6,335,134,1,73,7,81,458,240,1841,1478,749,1188,0,1,3,5,9,22,81,49,403,242,11,284,0,128,272,101,0,12,70,4,71,63,65,73,3.6,12.3,-3,15.2,2231,328,6.1,37.5,543,786,5256,10,161,158,281,123,940,-30.8,30.3,501,86,15.3,68
1996,SUNR,TSUMER,46.928445,121.655296,1793.366667,-1.8,0.4,3,5.7,6.9,13.5,20.6,18.5,11.9,6.2,1.2,-2.2,-7.7,-8.5,-5.9,-3,-1.6,1.8,6.2,5.5,3.4,-0.7,-5.2,-8.3,-4.7,-4.1,-1.5,1.4,2.6,7.6,13.4,12,7.7,2.8,-2,-5.3,342,418,114,228,131,39,29,42,78,213,315,481,5.8,10.4,14.5,16,19.4,25.6,26.7,23.6,16.8,10.5,6.6,4.6,172,139,92,37,19,1,0,0,2,23,102,182,1,1,4,13,22,91,262,218,95,30,4,1,706,614,606,499,476,311,141,187,311,474,599,717,0,0,0,0,0,0,4,2,1,0,0,0,2,1,3,6,9,20,30,29,24,13,4,1,229,332,89,139,73,4,0,1,2,60,166,176,0,0,0,46,59,90,122,96,49,26,0,0,0,0,0,0,0,50,93,54,0,0,0,0,75,64,65,68,70,62,56,60,72,75,74,77,-0.5,5.2,17.5,6.4,-7.3,-3.5,4.5,-0.8,-3.9,0.8,11,2.8,1086,473,111,606,6.9,16.6,25.3,11.3,493,149,1,126,3,38,570,129,2037,1581,640,1384,0,1,6,1,5,18,80,40,737,301,5,228,0,105,308,75,0,0,197,0,72,68,59,74,2.5,13.4,-5.3,18.7,2432,320,5.1,41.9,769,741,5642,9,142,179,259,80,1270,-30.8,30.3,488,197,15,68
1997,SUNR,TSUMER,46.928445,121.655296,1793.366667,-1.5,-0.1,1.7,4.8,11.2,11.5,16.8,18.6,15,6.6,3.6,-0.3,-7.8,-7.2,-6,-4.1,0.6,2.2,5.3,7,5.6,-0.4,-3.3,-6.3,-4.6,-3.7,-2.2,0.3,5.9,6.9,11.1,12.8,10.3,3.1,0.1,-3.3,354,241,433,167,85,77,56,37,127,261,218,217,5.9,9.9,12.3,17.7,21.4,23.1,24.8,22.3,16.3,10.4,6.8,5.3,169,130,107,52,3,2,0,0,1,20,60,131,1,1,3,9,61,75,187,243,165,33,9,2,702,603,627,530,375,335,215,163,232,463,536,657,0,0,0,0,1,0,1,4,3,0,0,0,2,2,3,4,16,22,30,30,27,14,7,3,233,183,367,124,18,10,2,1,8,50,170,370,0,0,0,44,77,78,101,93,57,26,14,0,0,0,0,0,0,1,46,56,0,0,0,0,74,71,69,67,65,69,63,64,70,75,74,74,-1.3,5.9,15.7,8.4,-7.8,-3.2,4.8,0.6,-4.5,1.4,10.2,4.5,1077,685,170,607,7,17.2,23.4,11.2,429,162,2,81,4,73,504,207,1962,1531,713,1231,0,1,5,4,7,23,81,47,786,509,13,229,0,121,272,97,0,0,103,0,73,67,65,73,3.1,12.8,-4.6,17.4,2274,383,5.7,33.4,674,789,5438,10,158,153,276,123,1536,-30.8,30.3,491,103,14.7,70
1998,SUNR,TSUMER,46.928445,121.655296,1793.366667,-0.4,1.7,2.5,6.2,8.1,12.3,19,18.7,16.6,7.4,2.6,-0.7,-6.7,-4.7,-5.4,-3.7,0.4,2.6,7.9,6.3,5.5,-0.8,-3.1,-6.9,-3.6,-1.5,-1.4,1.2,4.2,7.4,13.4,12.5,11,3.3,-0.3,-3.8,344,142,199,65,113,55,19,15,20,123,389,438,5.7,9,12.8,19.2,21.4,25,25.3,25.1,19.1,10.6,5.5,4.7,141,85,91,39,8,1,0,0,0,19,67,144,2,3,4,12,36,86,263,234,187,35,8,2,669,542,604,503,427,318,140,172,207,456,548,674,0,0,0,0,1,0,4,3,4,0,0,0,3,4,3,5,15,23,31,30,27,12,7,2,191,73,154,41,43,6,0,0,6,52,73,126,0,0,0,48,61,81,108,95,64,29,0,0,0,0,0,0,0,26,88,81,44,0,0,0,74,75,69,64,74,68,65,61,65,71,78,75,0.3,5.6,16.6,8.9,-5.9,-2.9,5.6,0.5,-2.8,1.4,11.1,4.7,702,376,89,532,6.5,17.8,25.1,11.7,370,138,1,86,6,53,582,230,1885,1534,631,1211,0,1,7,5,9,23,83,46,389,238,6,131,0,110,284,92,0,0,195,44,74,69,65,71,3.6,13.4,-3.8,17.3,1921,222,7.1,60.6,596,871,5261,13,162,159,273,113,765,-30.8,30.3,486,239,15.3,70
1999,SUNR,TSUMER,46.928445,121.655296,1793.366667,0.1,0,1.2,5.1,7.4,10.9,15.8,16.4,14.6,7.9,3.8,0.8,-6.2,-6,-6.9,-5.3,-2.6,1.7,4.2,6.8,3,-1,-2.4,-4.8,-3,-3,-2.8,-0.1,2.4,6.3,10,11.6,8.8,3.5,0.7,-2,325,327,164,56,88,69,67,32,24,137,363,306,5.4,8.2,13.1,19.8,21.2,21.7,26.7,21.8,19.6,11.1,5.8,4.9,128,115,123,59,21,2,0,0,1,18,51,102,2,2,2,8,20,65,152,205,124,37,11,3,653,584,648,543,485,350,249,200,277,452,519,618,0,0,0,0,0,0,1,2,2,0,0,0,3,3,2,3,6,20,28,30,23,12,9,4,163,226,147,44,51,12,3,1,1,22,145,279,0,0,0,0,64,76,98,82,60,30,14,0,0,0,0,0,0,7,31,50,36,0,0,0,74,75,67,62,65,69,63,69,63,69,77,74,-0.2,4.6,14.4,8.8,-6.4,-4.9,4.2,-0.1,-3.3,-0.2,9.3,4.3,1089,308,168,524,6.2,18,23.4,12.2,344,203,2,70,7,30,422,171,1854,1675,799,1247,0,1,3,2,10,11,78,43,668,242,16,168,0,64,255,104,0,0,88,36,74,65,67,70,2.7,11.6,-3,14.6,1958,281,6.5,41.4,620,630,5576,6,142,190,257,67,1094,-30.8,30.3,423,124,14.9,69
2000,SUNR,TSUMER,46.928445,121.655296,1793.366667,-1.5,0.6,1.4,6.8,8.2,13.1,16.9,16.4,13.6,7.9,-0.2,-1.4,-7.4,-6.2,-6.9,-3.1,-0.6,2.5,5.2,4.8,4.2,-0.3,-7.1,-6.6,-4.5,-2.8,-2.8,1.9,3.8,7.8,11,10.6,8.9,3.8,-3.7,-4,249,172,181,104,102,73,29,16,107,123,136,112,6.1,9.6,13.7,19,20.1,24.7,26.2,24.4,16.8,10.9,7.2,5.2,164,110,122,32,11,1,0,0,1,15,143,149,1,2,2,15,32,94,186,172,127,41,2,1,697,577,646,484,441,307,217,230,272,440,650,679,0,0,0,0,0,0,1,1,2,0,0,0,2,2,2,6,12,22,30,29,25,14,2,3,160,114,161,56,44,6,1,1,2,23,104,134,0,0,0,50,64,86,102,87,54,29,0,0,0,0,0,0,0,13,73,71,0,0,0,0,75,72,67,64,70,65,63,63,69,72,71,77,0,5.5,15.5,7.1,-6.1,-3.5,4.1,-1,-3.1,1,9.8,3,727,387,118,366,6.9,17.6,25.1,11.6,423,164,1,159,5,49,452,170,1954,1571,754,1363,0,1,3,2,7,20,80,41,408,261,8,129,0,114,275,84,0,0,157,0,75,67,64,71,2.5,11,-4.5,15.5,1403,326,8.9,33.8,747,676,5641,6,148,171,266,94,805,-30.8,30.3,473,157,15.3,69
2001,SUNR,TSUMER,46.928445,121.655296,1793.366667,-0.4,-0.4,2.7,4.3,10.8,10.6,16.3,17,14.6,7.1,2.7,0.1,-6.5,-8.2,-6.3,-4.5,-1.5,1.4,5.1,6.2,5,-0.6,-3.5,-5.6,-3.5,-4.3,-1.8,-0.1,4.6,6,10.7,11.6,9.8,3.2,-0.4,-2.7,128,91,222,138,87,113,31,33,25,192,303,319,6.6,10.5,13.7,16.9,22.2,24.3,26.5,22.6,18,10,6.3,5.3,139,145,99,59,7,3,0,0,1,19,70,117,2,1,4,8,41,60,175,205,151,34,8,2,667,621,616,544,414,359,227,199,247,460,553,640,0,0,0,0,1,0,1,2,3,0,0,0,3,1,2,4,9,19,29,30,26,13,6,4,70,74,181,109,29,22,1,1,8,17,95,73,0,0,0,0,79,75,99,86,57,28,0,0,0,0,0,0,0,0,67,53,32,0,0,0,75,68,65,67,59,69,64,66,69,73,76,77,-0.8,5.9,14.7,8.1,-7.1,-4.1,4.3,0.3,-3.9,0.9,9.5,4.2,330,447,178,521,7.4,17.6,24.5,11.4,402,165,3,90,5,52,440,193,1928,1574,785,1260,0,1,3,3,8,15,78,45,217,320,24,120,0,79,260,84,0,0,120,32,73,64,66,73,2.8,11.6,-3.5,15.1,1683,290,7.6,40.1,660,690,5547,7,146,175,272,97,681,-30.8,30.3,423,152,15.2,69
2002,SUNR,TSUMER,46.928445,121.655296,1793.366667,-0.4,1,0,5,7.8,13.3,17.8,17.3,14.6,7.6,3.2,0.7,-6.2,-7.4,-7.9,-3.9,-1.7,2.7,6.1,5.1,3.9,-1.7,-4.8,-4.1,-3.3,-3.2,-4,0.5,3.1,8,11.9,11.2,9.3,3,-0.8,-1.7,382,187,327,137,86,66,19,12,20,37,150,246,5.9,10.1,14.3,20.4,22.8,25.1,26.6,24.1,18.1,12.9,7.4,5,135,119,152,48,15,1,0,0,1,21,77,94,2,1,2,10,25,98,214,191,136,32,7,4,662,590,683,524,463,301,189,213,263,467,564,606,0,0,0,0,0,0,2,2,2,0,0,0,3,2,1,4,9,23,30,29,24,10,4,6,203,133,309,99,44,5,0,0,1,37,117,165,0,0,0,44,64,87,105,90,59,30,0,0,0,0,0,0,0,21,86,79,38,0,0,0,76,66,67,67,67,65,63,62,66,68,69,76,0.2,4.3,16.1,8.5,-6.4,-4.5,4.6,-0.8,-3.1,-0.1,10.4,3.8,888,550,97,207,7,19.1,25.2,12.8,348,216,1,99,7,36,504,174,1858,1670,703,1294,0,1,4,3,10,14,82,39,501,452,6,155,0,108,283,88,0,0,186,38,73,67,63,67,2.8,11.9,-3.3,15.2,1668,202,7.7,58.9,664,721,5524,7,146,181,263,83,1114,-30.8,30.3,479,224,16,68
2003,SUNR,TSUMER,46.928445,121.655296,1793.366667,1.6,0.9,2.7,4.1,8.8,14.6,20,18.1,16,9.5,1.1,-0.6,-4.1,-7,-4.8,-3.1,-0.8,3.5,6.4,6.1,5.4,1.5,-7,-5.9,-1.2,-3.1,-1.1,0.5,4,9.1,13.2,12.1,10.7,5.5,-2.9,-3.3,384,138,422,134,53,31,6,8,55,207,311,219,5.8,10.8,12,17.9,21.7,27.1,27.9,23.4,18,10,7,4.9,89,116,84,49,10,1,0,0,0,8,125,130,4,2,5,9,34,125,255,222,178,63,3,2,597,586,593,525,435,269,146,184,219,389,628,656,0,0,0,0,1,1,3,3,4,1,0,0,6,2,4,6,11,25,30,30,27,19,2,3,127,96,310,97,22,1,0,0,1,8,63,98,0,0,0,40,68,93,118,93,62,31,0,0,0,0,0,0,14,62,112,84,7,0,0,0,77,68,71,73,67,64,58,62,66,73,67,80,1.1,5.2,17.6,8.9,-5,-2.9,5.3,0,-2,1.1,11.5,4.4,768,609,45,573,7.2,17.2,26.1,11.7,335,143,1,133,8,48,601,244,1839,1553,599,1236,0,1,7,4,11,21,85,48,320,429,2,72,0,107,303,93,0,14,258,7,75,70,62,69,3.6,13.2,-3.3,16.4,1967,153,6.9,85.9,612,901,5227,12,165,170,274,104,823,-30.8,30.3,503,279,15.5,69
2004,SUNR,TSUMER,46.928445,121.655296,1793.366667,-2.4,0.9,4.1,8.2,9.6,14.4,19.2,17.8,12.4,8.2,2.1,0.8,-7.4,-6,-4.9,-3,0.3,3.2,7,7.5,4.8,0.9,-5.1,-4.8,-4.9,-2.5,-0.4,2.6,4.9,8.8,13.1,12.6,8.6,4.5,-1.5,-2,400,116,190,45,123,53,21,109,109,124,177,175,5.7,10.2,13.9,20.7,20.2,26.5,26.5,21.5,16.6,11.1,6.8,4.7,176,105,72,25,6,1,0,0,1,12,91,101,1,2,6,20,45,118,253,237,118,49,5,3,711,571,573,462,405,277,148,168,282,419,585,617,0,0,0,0,1,1,3,3,2,0,0,0,2,3,4,6,15,24,31,30,26,17,4,4,273,74,124,19,37,3,0,2,2,12,197,126,0,0,0,56,69,92,111,87,48,29,0,0,0,0,0,11,0,39,90,0,0,0,0,0,79,72,66,61,69,64,62,67,75,75,72,78,-0.7,7.3,17.1,7.6,-6.4,-2.5,5.9,0.2,-3.6,2.4,11.5,3.9,735,358,183,409,6.9,18.2,24.8,11.5,382,103,1,104,6,71,609,173,1899,1441,593,1286,0,1,7,2,9,25,85,47,473,180,5,211,0,125,290,77,0,11,129,0,76,65,65,74,3.7,13.1,-4.9,18,1641,415,8.3,31.6,591,858,5219,11,167,165,269,104,870,-30.8,30.3,492,140,15.3,70
2005,SUNR,TSUMER,46.928445,121.655296,1793.366667,-0.7,2.6,4.5,5.6,10.2,11.6,18,18.6,13.5,8,0.2,-1,-6.7,-9.3,-5,-2.8,1.4,2.3,5.8,6.1,3.6,1.3,-5.4,-6.5,-3.7,-3.3,-0.2,1.4,5.8,7,11.9,12.3,8.6,4.6,-2.6,-3.8,191,39,255,120,121,76,52,24,69,136,261,262,5.9,11.4,13.3,16.8,20.6,23.1,25.9,24.5,18.4,9.8,6.8,5.3,145,122,69,37,4,2,0,0,1,11,117,143,2,1,6,13,59,77,214,228,117,51,4,2,674,593,568,499,377,332,190,177,284,416,618,672,0,0,0,0,1,0,2,3,2,0,0,0,3,1,4,7,19,22,30,30,24,19,4,3,109,28,159,73,26,10,1,1,9,12,87,76,0,0,0,45,70,78,107,95,55,27,0,0,0,0,0,0,0,2,55,71,0,0,0,0,75,54,64,70,70,69,62,61,68,77,77,77,0.9,6.8,16.1,7.2,-6.9,-2.1,4.7,-0.2,-3,2.3,10.4,3.5,405,496,153,466,7.5,16.9,24.5,11.7,410,110,2,129,5,78,519,171,1939,1444,698,1318,0,1,5,2,6,29,82,46,214,258,11,108,0,115,281,83,0,0,128,0,69,68,64,74,3.2,12.3,-3.8,16.1,1608,343,8.2,36,651,773,5399,8,163,144,261,117,591,-30.8,30.3,478,128,15.2,69
2006,SUNR,TSUMER,46.928445,121.655296,1793.366667,1.5,0.7,1.9,5.8,10.5,14,19.5,18.1,15.8,7.8,1.2,-1.2,-4,-7.6,-6.3,-3.6,-0.6,3.5,6.6,5.3,4.5,-0.7,-4.7,-7.1,-1.2,-3.5,-2.2,1.1,4.9,8.8,13,11.7,10.2,3.6,-1.7,-4.1,475,176,131,99,94,88,18,11,51,83,632,273,5.5,10.5,13.9,19.5,22.1,24.9,26.2,24.8,18.5,11.8,5.9,5,90,125,108,41,6,1,0,0,1,17,96,152,4,1,3,12,45,118,251,207,161,38,5,1,598,597,628,508,405,278,149,197,236,449,592,682,0,0,0,0,1,1,3,2,3,0,0,0,6,1,2,5,12,25,30,29,25,13,5,2,158,130,112,64,28,4,0,0,6,12,157,166,0,0,0,47,76,89,114,94,63,29,0,0,0,0,0,0,0,1,97,83,12,0,0,0,78,66,67,66,63,66,60,60,64,70,76,77,0.4,6.1,17.2,8.3,-6,-3.5,5.1,-0.3,-2.8,1.3,11.2,4,914,324,116,766,7,18.5,25.3,12.1,367,155,1,114,7,60,576,204,1877,1541,624,1277,0,1,6,3,10,19,85,43,453,204,5,175,0,123,298,92,0,0,181,12,74,65,62,70,3.4,13,-4.1,17.2,2131,261,6.3,49.9,636,847,5319,10,156,172,266,94,838,-30.8,30.3,512,193,15.7,68
2007,SUNR,TSUMER,46.928445,121.655296,1793.366667,-2.1,0.1,3.2,5.7,10.8,12.6,19.1,16.7,13.5,6.7,1.4,-1.2,-9.2,-6.1,-5.1,-3.7,-1,2.1,7.6,5.9,4.5,-1,-5.1,-6.2,-5.7,-3,-0.9,1,4.9,7.3,13.3,11.3,9,2.8,-1.9,-3.7,227,237,328,85,58,66,24,27,37,170,150,395,6.5,9.1,12.8,17.8,23.2,23.4,24.9,23.2,18.4,10.4,7,4.4,196,115,82,42,6,1,0,0,1,22,99,140,1,2,5,11,45,84,260,196,127,31,5,2,734,584,589,510,406,321,143,208,272,472,595,669,0,0,0,0,1,0,3,2,2,0,0,0,1,2,3,5,11,21,31,30,25,12,4,3,169,164,236,56,18,7,0,1,2,13,326,182,0,0,0,47,78,84,109,86,53,27,0,0,0,0,0,0,20,18,85,59,16,0,0,0,70,75,68,66,61,66,64,66,70,73,74,75,-1.1,6.6,16.1,7.2,-7.5,-3.3,5.2,-0.6,-4.3,1.6,10.7,3.3,737,471,117,357,6.7,17.9,23.8,11.9,451,130,1,123,4,61,539,163,1987,1506,672,1339,0,1,6,2,7,19,82,41,515,311,8,342,0,124,279,80,0,20,162,16,73,65,65,72,2.9,13.3,-5.7,19,1804,212,7.1,62.8,705,767,5504,9,148,173,266,93,1175,-30.8,30.3,484,198,15.1,69
2008,SUNR,TSUMER,46.928445,121.655296,1793.366667,-2.4,1.3,0.6,3.7,9.8,11.7,17.6,16.8,14.8,7.4,3.9,-3.1,-8.8,-6,-7.4,-5.9,0.3,1.3,5.3,6.6,4.4,-0.4,-2.5,-9,-5.6,-2.3,-3.4,-1.1,5,6.5,11.5,11.7,9.6,3.5,0.7,-6.1,229,212,226,97,93,89,19,105,49,71,347,258,6,9.8,13.1,19.8,21.7,24.2,26.8,21.3,18.8,10.3,6.2,5,194,101,137,77,6,2,0,0,1,18,51,205,1,2,2,5,47,67,200,207,145,37,11,1,732,566,665,572,402,347,203,197,253,452,520,742,0,0,0,0,1,0,1,2,3,0,0,0,2,3,2,2,15,18,30,30,25,13,8,1,169,130,209,85,27,14,0,3,3,39,79,246,0,0,0,0,70,81,106,85,59,28,14,0,0,0,0,0,0,0,87,0,10,0,0,0,73,71,68,63,68,66,61,67,66,73,76,79,-0.8,4.7,15.4,8.7,-7,-4.3,4.4,0.5,-3.9,0.2,9.9,4.6,836,416,212,468,6.9,18.2,24.1,11.8,500,220,2,70,4,54,475,193,2040,1639,746,1224,0,1,4,3,5,19,78,47,545,321,18,121,0,70,272,101,0,0,87,10,74,66,65,72,2.5,11.7,-6.1,17.8,1795,353,7,33.1,792,725,5650,7,149,151,267,116,1004,-30.8,30.3,443,97,15.3,69
2009,SUNR,TSUMER,46.928445,121.655296,1793.366667,-1.8,-0.2,-0.1,5.6,10.6,14.4,20.4,17.4,15.5,6.7,2.9,-2.7,-7.7,-7.7,-7.8,-4.5,-0.9,4,7.2,6.4,5.1,-0.3,-4.3,-9.6,-4.8,-4,-4,0.5,4.9,9.2,13.8,11.9,10.3,3.2,-0.7,-6.1,369,74,288,122,134,36,6,33,55,194,324,137,7,10.6,13.5,19.6,22.4,25.5,27.4,23.3,17.9,10,6.5,5.6,172,136,152,48,6,1,0,0,1,20,75,207,1,1,2,10,44,129,274,214,166,34,7,1,706,611,683,524,408,265,132,191,231,461,561,744,0,0,0,0,1,1,4,2,3,0,0,0,2,1,1,4,11,26,31,30,26,14,5,1,247,58,273,87,42,1,0,1,3,12,100,214,0,0,0,47,77,90,119,88,60,26,0,0,0,0,0,0,0,54,113,55,6,0,0,0,75,69,68,63,61,67,59,65,67,76,72,75,-1.7,5.4,17.4,8.4,-8.1,-4.4,5.9,0.2,-4.9,0.5,11.6,4.3,701,544,74,572,7.7,18.5,25.4,11.5,515,207,1,95,3,55,616,207,2061,1614,588,1253,0,1,8,4,5,16,87,45,518,402,2,115,0,124,297,86,0,0,222,6,73,64,64,71,2.9,13.8,-6.1,19.9,1770,263,7.3,52.5,818,881,5516,12,152,177,270,94,1038,-30.8,30.3,507,228,15.8,68
2010,SUNR,TSUMER,46.928445,121.655296,1793.366667,1.4,2.5,3.2,4.7,7.3,10.8,17.7,17.1,13.3,8.3,0.6,0.1,-3.6,-4.6,-6,-3.5,-1.7,1.7,5.1,5.6,6,0.5,-5.7,-4.9,-1.1,-1,-1.4,0.6,2.8,6.3,11.4,11.3,9.6,4.4,-2.5,-2.4,225,115,183,133,180,125,12,11,128,101,233,281,5.8,10.3,14.1,18.3,19.6,23.5,28.1,23.8,16,11.1,6.1,5,86,77,91,48,17,2,0,0,1,13,116,110,5,4,4,10,23,64,198,195,147,47,4,3,593,529,603,522,471,353,205,208,251,424,616,629,0,0,0,0,0,0,1,2,3,0,0,0,7,4,3,5,9,20,29,29,27,16,3,4,71,52,141,95,97,22,0,0,2,38,134,114,0,0,0,43,62,75,107,89,49,29,0,0,0,0,0,0,0,0,95,78,0,0,0,0,80,72,64,69,68,69,61,63,76,73,74,70,0.4,5.1,15.2,7.4,-5.9,-3.7,4.1,0.3,-2.7,0.7,9.7,3.8,477,496,148,462,7,17.3,25.1,11.1,273,156,2,129,11,37,457,197,1751,1597,766,1292,0,1,3,3,15,16,79,47,237,333,23,174,0,104,271,78,0,0,173,0,74,67,65,75,3.2,11.4,-2.4,13.8,1726,456,7.6,25,560,701,5406,7,157,178,279,101,768,-30.8,30.3,453,173,15.1,71
2011,SUNR,TSUMER,46.928445,121.655296,1793.366667,-0.2,-0.9,1.3,2.6,7.1,11.5,16.4,18.2,17,7.2,1.6,-0.7,-6.6,-8.8,-6.1,-5.9,-2,1.6,4.7,6.2,5.7,0.7,-6.6,-7.9,-3.4,-4.8,-2.4,-1.6,2.5,6.6,10.5,12.2,11.3,4,-2.5,-4.3,302,192,328,206,150,61,33,6,42,127,250,103,0,0,0,0,0,0,0,0,0,0,0,0,137,157,113,89,19,2,0,0,0,15,115,157,2,1,3,4,21,69,169,224,195,42,4,1,665,635,634,588,479,343,232,181,200,437,616,688,0,0,0,0,0,0,1,3,5,0,0,0,3,1,2,2,8,20,29,30,27,17,3,2,163,163,284,186,85,9,1,0,7,11,139,135,0,0,0,0,62,79,100,93,65,26,0,0,0,0,0,0,0,19,67,87,24,0,0,0,74,67,70,67,67,67,63,63,64,78,67,79,-0.3,3.7,15.4,8.6,-6.8,-4.7,4.2,-0.1,-3.5,-0.5,9.8,4.3,775,684,99,418,0,0,0,0,451,221,2,130,4,28,463,241,1988,1702,756,1252,0,0,4,5,6,12,79,47,461,555,11,157,0,62,272,91,0,0,173,24,73,68,64,70,2.3,12.2,-4.3,16.5,1798,291,6.9,42,805,736,5698,9,143,177,277,99,1184,-30.8,30.3,425,197,0,68
2012,SUNR,TSUMER,46.928445,121.655296,1793.366667,-0.9,0.5,0.8,6.3,9.6,10.8,17.5,19.3,16.7,8.3,4,-0.2,-8.4,-6.4,-6.9,-3.1,-1,2,6.1,6.6,4.9,0.4,-1.8,-5.1,-4.6,-2.9,-3,1.6,4.3,6.4,11.8,13,10.8,4.3,1.1,-2.7,396,204,376,159,91,124,38,1,2,254,383,313,0,0,0,0,0,0,0,0,0,0,0,0,168,113,128,35,8,2,0,0,0,13,46,116,1,2,2,14,37,65,211,248,179,47,13,3,702,582,654,492,424,350,193,158,218,425,508,637,0,0,0,0,1,0,2,4,4,0,0,0,2,2,2,6,11,21,30,30,26,16,10,4,260,139,341,91,34,21,1,0,1,17,149,71,0,0,0,48,72,74,103,98,65,29,13,0,0,0,0,0,0,0,65,98,63,0,0,0,69,72,69,66,64,71,64,60,63,73,79,70,-0.3,5.6,15.9,9.7,-7.6,-3.6,4.9,1.1,-3.9,1,10.4,5.4,703,627,163,639,0,0,0,0,397,171,2,59,5,53,524,238,1921,1570,700,1150,0,1,6,4,8,19,81,52,470,466,22,167,0,120,276,108,0,0,163,63,70,66,65,71,3.3,13,-4.6,17.6,2341,257,5.7,50.4,629,822,5342,11,159,174,270,97,1125,-30.8,30.3,504,226,0,69
2013,SUNR,TSUMER,46.928445,121.655296,1793.366667,-2.3,1.7,3.7,6,11.2,14.5,20.2,18.9,14.9,7.6,3.1,-1.1,-8,-5.8,-5.3,-2.9,0.6,4.2,7.1,8.1,7.2,-1,-4.4,-8.4,-5.1,-2.1,-0.8,1.6,5.9,9.4,13.7,13.5,11,3.3,-0.6,-4.7,241,84,128,234,115,55,2,40,242,56,175,90,0,0,0,0,0,0,0,0,0,0,0,0,182,96,80,35,4,0,0,0,0,19,74,168,1,2,5,14,60,134,270,266,187,35,7,1,718,558,585,493,376,259,135,141,206,458,559,701,0,0,0,0,1,1,4,5,4,0,0,0,2,3,3,6,16,26,31,31,28,12,5,1,169,49,90,135,24,2,0,1,0,27,98,159,0,0,0,47,77,90,118,92,53,29,0,0,0,0,0,0,0,36,115,52,0,0,0,0,76,70,66,68,65,67,60,66,75,70,71,80,-0.3,7,17.9,8.5,-6.3,-2.5,6.5,0.6,-3.3,2.2,12.2,4.6,637,478,97,472,0,0,0,0,446,118,0,93,4,79,669,229,1978,1454,535,1224,0,1,10,5,6,26,88,45,377,250,3,126,0,124,300,82,0,0,203,0,75,66,64,72,3.7,13.7,-5.1,18.8,1462,455,9.4,30.1,658,981,5191,16,164,159,284,125,755,-30.8,30.3,506,203,0,69
2014,SUNR,TSUMER,46.928445,121.655296,1793.366667,0.8,-1.4,3.8,6.8,11.6,13.5,20.7,19.5,16.4,10.5,2.4,2.1,-5.5,-7.4,-5.2,-2.7,0.8,3.3,7.8,8,6.4,3.3,-4.8,-3.9,-2.3,-4.4,-0.7,2.1,6.2,8.4,14.2,13.7,11.4,6.9,-1.2,-0.9,205,322,468,182,123,47,36,50,73,234,229,283,0,0,0,0,0,0,0,0,0,0,0,0,113,148,78,30,3,1,0,0,0,5,85,80,3,1,5,16,65,109,286,272,196,89,6,5,632,624,582,478,367,288,121,134,199,345,576,584,0,0,0,0,1,1,6,6,5,1,0,0,4,2,3,7,17,25,31,31,28,24,4,6,89,265,323,92,23,3,0,1,9,10,72,65,0,0,0,50,79,87,119,95,61,31,0,0,0,0,0,0,0,40,83,45,0,0,0,0,74,75,66,66,64,67,60,64,68,75,72,69,-0.6,7.4,17.9,9.8,-7.1,-2.4,6.4,1.6,-3.8,2.5,12.1,5.7,617,773,133,536,0,0,0,0,341,111,1,90,9,87,667,292,1840,1428,542,1120,0,2,12,6,11,27,86,56,419,438,4,91,0,128,301,93,0,0,168,0,73,65,64,72,4.4,14.2,-2.3,16.6,2253,329,6.4,43.3,542,1054,4930,20,180,158,281,124,952,-30.8,30.3,522,168,0,69
2015,SUNR,TSUMER,46.928445,121.655296,1793.366667,1,4.1,6,7.1,12.2,17.9,21.5,19.3,14.2,10.3,2.3,0.4,-4.9,-3.7,-3.8,-3.5,1.7,4.8,8.3,7.6,4.8,2.5,-5.3,-5.3,-1.9,0.2,1.1,1.8,7,11.4,14.9,13.4,9.5,6.4,-1.5,-2.5,209,257,235,90,43,11,9,83,44,172,360,540,0,0,0,0,0,0,0,0,0,0,0,0,103,58,49,33,2,0,0,0,1,6,91,111,3,6,10,15,82,193,303,263,144,79,5,3,619,494,525,487,342,199,104,143,255,361,585,631,0,0,0,0,1,2,8,5,3,1,0,0,5,5,5,5,20,27,31,30,26,22,4,4,82,80,96,49,5,0,0,1,2,6,106,91,0,19,37,52,80,109,123,96,56,32,0,0,0,0,0,0,37,99,114,12,11,0,0,0,76,70,64,62,65,59,60,63,69,73,70,76,2.4,8.5,19.6,9,-4.2,-1.9,6.9,0.7,-0.9,3.3,13.2,4.8,749,368,103,577,0,0,0,0,273,84,0,98,12,107,759,228,1745,1354,446,1200,0,2,15,3,14,30,89,52,253,150,1,114,19,169,328,88,0,37,225,11,74,64,61,71,5,14.9,-2.5,17.3,2053,190,7.3,78.4,454,1106,4744,21,184,151,269,118,519,-30.8,30.3,604,273,0,68
