Year,ID1,ID2,Latitude,Longitude,Elevation,Tmax01,Tmax02,Tmax03,Tmax04,Tmax05,Tmax06,Tmax07,Tmax08,Tmax09,Tmax10,Tmax11,Tmax12,Tmin01,Tmin02,Tmin03,Tmin04,Tmin05,Tmin06,Tmin07,Tmin08,Tmin09,Tmin10,Tmin11,Tmin12,Tave01,Tave02,Tave03,Tave04,Tave05,Tave06,Tave07,Tave08,Tave09,Tave10,Tave11,Tave12,PPT01,PPT02,PPT03,PPT04,PPT05,PPT06,PPT07,PPT08,PPT09,PPT10,PPT11,PPT12,Rad01,Rad02,Rad03,Rad04,Rad05,Rad06,Rad07,Rad08,Rad09,Rad10,Rad11,Rad12,DD_0_01,DD_0_02,DD_0_03,DD_0_04,DD_0_05,DD_0_06,DD_0_07,DD_0_08,DD_0_09,DD_0_10,DD_0_11,DD_0_12,DD5_01,DD5_02,DD5_03,DD5_04,DD5_05,DD5_06,DD5_07,DD5_08,DD5_09,DD5_10,DD5_11,DD5_12,DD_18_01,DD_18_02,DD_18_03,DD_18_04,DD_18_05,DD_18_06,DD_18_07,DD_18_08,DD_18_09,DD_18_10,DD_18_11,DD_18_12,DD18_01,DD18_02,DD18_03,DD18_04,DD18_05,DD18_06,DD18_07,DD18_08,DD18_09,DD18_10,DD18_11,DD18_12,NFFD01,NFFD02,NFFD03,NFFD04,NFFD05,NFFD06,NFFD07,NFFD08,NFFD09,NFFD10,NFFD11,NFFD12,PAS01,PAS02,PAS03,PAS04,PAS05,PAS06,PAS07,PAS08,PAS09,PAS10,PAS11,PAS12,Eref01,Eref02,Eref03,Eref04,Eref05,Eref06,Eref07,Eref08,Eref09,Eref10,Eref11,Eref12,CMD01,CMD02,CMD03,CMD04,CMD05,CMD06,CMD07,CMD08,CMD09,CMD10,CMD11,CMD12,RH01,RH02,RH03,RH04,RH05,RH06,RH07,RH08,RH09,RH10,RH11,RH12,Tmax_wt,Tmax_sp,Tmax_sm,Tmax_at,Tmin_wt,Tmin_sp,Tmin_sm,Tmin_at,Tave_wt,Tave_sp,Tave_sm,Tave_at,PPT_wt,PPT_sp,PPT_sm,PPT_at,Rad_wt,Rad_sp,Rad_sm,Rad_at,DD_0_wt,DD_0_sp,DD_0_sm,DD_0_at,DD5_wt,DD5_sp,DD5_sm,DD5_at,DD_18_wt,DD_18_sp,DD_18_sm,DD_18_at,DD18_wt,DD18_sp,DD18_sm,DD18_at,NFFD_wt,NFFD_sp,NFFD_sm,NFFD_at,PAS_wt,PAS_sp,PAS_sm,PAS_at,Eref_wt,Eref_sp,Eref_sm,Eref_at,CMD_wt,CMD_sp,CMD_sm,CMD_at,RH_wt,RH_sp,RH_sm,RH_at,MAT,MWMT,MCMT,TD,MAP,MSP,AHM,SHM,DD_0,DD5,DD_18,DD18,NFFD,bFFP,eFFP,FFP,PAS,EMT,EXT,Eref,CMD,MAR,RH
1901,SUNR,CALNOO,46.928496,121.655174,1792.106154,-2.3,0.3,2,5.2,9.8,10.1,15.5,17.8,13.4,10.6,3.9,0.9,-9.4,-8.9,-6.7,-5.9,-1.6,-0.4,3,3.1,1.4,-0.2,-3.5,-6.6,-5.8,-4.3,-2.4,-0.3,4.1,4.8,9.3,10.4,7.4,5.2,0.2,-2.8,305,241,151,160,61,58,18,6,70,74,322,204,0,0,0,0,0,0,0,0,0,0,0,0,200,146,112,63,9,5,0,0,2,9,59,120,1,1,3,7,35,43,131,165,89,59,9,2,739,622,633,550,431,396,272,237,319,398,534,643,0,0,0,0,1,0,0,1,1,0,0,0,1,1,2,2,9,12,26,25,18,14,6,3,231,196,130,130,24,18,1,0,8,5,106,108,0,0,0,0,74,76,99,97,58,36,14,0,0,0,0,0,13,17,81,91,0,0,0,0,70,63,66,59,61,65,60,55,61,64,72,70,-0.4,5.7,14.4,9.3,-8.3,-4.8,1.9,-0.8,-4.3,0.5,8.2,4.3,749,372,82,465,0,0,0,0,466,184,5,70,4,45,339,157,2004,1614,905,1251,0,1,2,2,5,13,63,39,534,285,20,119,0,74,272,108,0,13,189,0,67,62,60,66,2.1,10.4,-5.8,16.2,1669,213,7.3,48.8,725,544,5774,4,119,174,243,69,958,-33.1,29.5,454,202,0,64
1902,SUNR,CALNOO,46.928496,121.655174,1792.106154,-3.1,0.8,0.2,4.9,8.5,12.6,16.7,17.3,14.5,10,1.6,-1.3,-10.4,-6.7,-6.2,-5.9,-0.4,0.2,2.7,3.3,2.8,-0.2,-5,-7.3,-6.7,-3,-3,-0.5,4.1,6.4,9.7,10.3,8.6,4.9,-1.7,-4.3,185,343,230,150,93,39,77,19,74,77,384,431,0,0,0,0,0,0,0,0,0,0,0,0,224,114,128,65,9,2,0,0,1,10,96,157,1,2,2,7,34,67,144,162,119,55,5,1,767,583,653,554,433,348,258,240,281,407,591,688,0,0,0,0,1,0,0,1,2,0,0,0,1,2,2,2,13,14,25,26,22,14,4,2,151,235,208,124,37,6,4,1,8,5,106,108,0,0,0,0,65,88,106,94,60,34,0,0,0,0,0,0,0,49,29,75,0,0,0,0,69,70,73,60,69,60,56,57,62,66,74,69,-0.5,4.6,15.5,8.7,-7.9,-4.2,2.1,-0.8,-4.2,0.2,8.8,4,732,473,135,535,0,0,0,0,495,202,2,107,3,43,373,179,2038,1640,845,1279,0,1,2,2,5,17,65,40,494,370,11,119,0,65,288,94,0,0,153,0,69,68,57,67,2.1,10.3,-6.7,17,2102,301,5.7,34.2,806,598,5802,5,127,160,256,95,994,-33.1,29.5,448,153,0,66
1903,SUNR,CALNOO,46.928496,121.655174,1792.106154,-1.8,-1.8,1.3,3.4,10.5,14.3,15.8,15.8,13.4,9,0.4,-0.7,-7.8,-11.1,-8.3,-5.5,-2.8,2.5,3.6,4.7,3.2,0.1,-4.7,-6.9,-4.8,-6.5,-3.5,-1.1,3.8,8.4,9.7,10.3,8.3,4.6,-2.2,-3.8,427,139,206,89,96,77,30,30,137,108,373,189,0,0,0,0,0,0,0,0,0,0,0,0,173,198,140,77,10,1,0,0,1,12,106,143,1,0,2,5,32,109,143,161,110,50,4,2,708,681,668,572,440,288,259,241,292,418,605,672,0,0,0,0,0,1,0,1,2,0,0,0,2,0,1,2,6,23,27,28,23,15,5,2,288,129,191,78,41,5,1,1,6,6,197,295,0,0,0,0,79,93,99,83,55,31,0,0,0,0,0,0,0,17,69,54,0,0,0,0,75,61,62,66,55,62,61,65,67,70,79,75,-1.6,5,15.3,7.6,-8.8,-5.5,3.6,-0.5,-5.2,-0.3,9.5,3.6,997,391,136,618,0,0,0,0,515,228,1,119,3,39,413,164,2062,1680,788,1315,0,1,2,2,5,9,78,43,713,310,7,209,0,79,276,87,0,0,140,0,70,61,63,72,1.9,10.3,-4.8,15.1,1901,369,6.3,27.8,863,619,5845,5,135,189,258,69,1239,-33.1,29.5,441,140,0,66
1904,SUNR,CALNOO,46.928496,121.655174,1792.106154,0.1,-2.2,-0.3,7.4,10.3,13.2,18.1,17.3,15.9,9.2,4.6,0.2,-8.3,-9.1,-8.5,-4.3,-3,-0.1,5.2,4.6,3.8,0.9,-2.5,-5.5,-4.1,-5.6,-4.4,1.5,3.7,6.5,11.6,10.9,9.9,5.1,1.1,-2.6,282,295,356,110,39,64,41,12,26,100,343,299,0,0,0,0,0,0,0,0,0,0,0,0,155,177,164,35,11,2,0,0,1,9,46,115,1,1,1,14,30,69,205,183,153,57,13,3,686,658,697,494,445,344,198,220,244,401,508,637,0,0,0,0,0,0,1,1,3,0,0,0,2,1,1,4,5,13,30,28,24,18,8,4,172,264,342,64,17,10,1,0,12,10,208,120,0,0,0,54,78,92,109,92,64,31,15,0,0,0,0,0,39,28,68,79,38,0,0,0,65,71,66,59,55,57,60,60,61,72,74,74,-0.9,5.8,16.2,9.9,-8.1,-5.3,3.2,0.8,-4.5,0.3,9.7,5.4,766,505,118,469,0,0,0,0,448,211,2,56,5,45,457,223,1981,1635,762,1153,0,1,3,3,6,10,71,50,555,423,11,231,0,132,293,110,0,39,175,38,70,60,59,69,2.8,11.6,-4.1,15.8,1969,182,6.5,63.9,717,730,5532,7,138,194,263,69,1221,-33.1,29.5,534,252,0,65
1905,SUNR,CALNOO,46.928496,121.655174,1792.106154,-2.4,-0.6,4.2,7.7,9.5,13.5,19.1,16.6,14.3,5.4,2.4,-0.7,-9,-9.2,-4.4,-4.6,-1.9,1.6,4.4,5.3,5.3,-3.1,-6.5,-7,-5.7,-4.9,-0.1,1.5,3.8,7.5,11.8,11,9.8,1.2,-2,-3.9,182,149,226,66,170,73,22,27,95,251,169,323,0,0,0,0,0,0,0,0,0,0,0,0,196,159,67,35,11,1,0,0,1,41,104,145,1,1,7,14,31,88,209,183,152,19,4,2,734,637,563,494,441,314,194,220,246,524,601,675,0,0,0,0,0,0,1,1,3,0,0,0,1,1,4,3,8,20,29,29,27,7,3,2,135,127,136,38,74,7,0,1,1,7,88,152,0,0,0,55,73,90,117,86,55,26,0,0,0,0,0,0,0,18,95,59,0,0,0,0,72,64,68,57,61,61,55,64,71,69,65,76,-0.9,7.1,16.4,7.4,-7.9,-3.6,3.8,-1.4,-4.4,1.7,10.1,3,630,462,122,515,0,0,0,0,500,113,1,145,3,51,481,175,2046,1499,728,1371,0,1,3,3,5,16,77,36,414,249,8,97,0,128,294,81,0,0,172,0,71,62,60,68,2.5,11.8,-5.7,17.4,1752,386,7.1,30.5,759,710,5644,7,134,186,276,90,768,-33.1,29.5,503,172,0,65
1906,SUNR,CALNOO,46.928496,121.655174,1792.106154,-1.5,0.8,1.4,9,9.1,11.2,20.9,17.3,14.5,8.5,1.2,-0.7,-7.5,-7.3,-8,-3.5,-1.8,0.5,5.8,4.9,4.8,1.1,-4.9,-6.1,-4.5,-3.2,-3.3,2.8,3.7,5.9,13.3,11.1,9.7,4.8,-1.9,-3.4,335,214,107,60,150,147,9,10,133,142,479,317,0,0,0,0,0,0,0,0,0,0,0,0,165,120,135,23,11,3,0,0,1,10,100,134,1,1,2,21,30,57,259,188,147,53,5,2,699,591,662,457,444,365,143,215,251,409,596,661,0,0,0,0,0,0,3,2,3,0,0,0,2,2,1,5,8,16,30,29,26,18,4,3,217,153,98,24,67,31,0,0,5,113,93,207,0,0,0,59,71,80,125,91,57,29,0,0,0,0,0,0,0,0,116,81,0,0,0,0,75,67,62,57,62,65,54,61,69,75,76,74,-0.5,6.5,16.4,8.1,-7.3,-4.4,3.7,0.4,-3.9,1.1,10.1,4.2,873,317,166,754,0,0,0,0,419,169,3,111,5,53,505,205,1950,1563,723,1257,0,1,5,3,7,15,74,48,577,189,31,210,0,130,296,86,0,0,197,0,72,60,60,73,2.9,13.3,-4.5,17.8,2103,449,6.1,29.6,703,767,5493,9,144,185,270,85,1008,-33.1,29.5,511,197,0,67
1907,SUNR,CALNOO,46.928496,121.655174,1792.106154,-7.1,-0.6,-0.2,5.3,12.4,12.8,19.2,14.3,15.4,10,3.3,-0.3,-14,-7.1,-7.9,-5.6,-1.3,1.3,4,4,3.8,0.4,-5,-5.7,-10.5,-3.8,-4.1,-0.1,5.5,7,11.6,9.2,9.6,5.2,-0.9,-3,196,284,109,126,52,67,22,41,84,36,363,288,0,0,0,0,0,0,0,0,0,0,0,0,329,133,155,59,4,2,0,0,1,9,78,123,0,1,1,8,54,78,203,128,146,59,7,2,884,607,686,544,387,330,200,276,252,397,565,647,0,0,0,0,1,0,1,1,3,0,0,0,0,2,1,2,10,18,28,27,24,16,4,3,187,219,104,100,13,8,1,3,7,12,255,188,0,0,0,0,86,87,118,77,62,34,0,0,0,0,0,0,34,20,96,36,0,0,0,0,70,73,68,60,55,62,54,67,63,68,68,77,-2.8,5.8,15.4,9.6,-9.1,-4.9,3.1,-0.2,-5.9,0.5,9.2,4.7,797,288,130,483,0,0,0,0,586,218,2,88,4,63,408,212,2138,1616,806,1215,0,1,2,3,6,13,74,45,594,217,12,274,0,86,283,96,0,34,152,0,73,61,61,66,2.1,11.6,-10.5,22.1,1670,266,7.3,43.4,893,687,5775,6,137,174,263,89,1097,-33.1,29.5,465,186,0,65
1908,SUNR,CALNOO,46.928496,121.655174,1792.106154,-1.8,-0.4,-0.3,6.2,7.5,11,20.2,16.2,15,7.7,3.6,-1.8,-8.2,-8.3,-8,-5.4,-3.3,-0.1,4.6,3.7,2.5,-1.2,-4.3,-8.5,-5,-4.3,-4.1,0.4,2.1,5.4,12.4,10,8.7,3.2,-0.4,-5.2,198,202,346,137,136,54,44,47,12,171,209,313,0,0,0,0,0,0,0,0,0,0,0,0,178,145,157,50,24,3,0,0,1,19,69,180,1,1,1,9,18,51,230,151,122,34,8,1,713,621,689,527,494,378,175,251,278,459,551,715,0,0,0,0,0,0,2,1,2,0,0,0,2,1,1,3,5,13,29,27,21,11,5,1,137,164,330,101,83,14,1,2,5,2,156,157,0,0,0,50,65,80,123,88,62,30,0,0,0,0,0,0,0,26,79,41,50,0,0,0,73,67,68,58,62,63,53,60,60,69,70,78,-0.8,4.5,15.8,8.8,-7.4,-5.6,2.7,-1,-4.1,-0.6,9.2,3.9,688,620,146,392,0,0,0,0,503,232,4,89,3,28,431,164,2049,1710,804,1288,0,1,3,2,4,9,68,37,457,513,17,163,0,115,291,92,0,0,146,50,73,63,59,66,1.9,12.4,-5.2,17.6,1871,294,6.4,42.1,828,627,5852,6,119,194,252,58,1150,-33.1,29.5,499,196,0,65
1909,SUNR,CALNOO,46.928496,121.655174,1792.106154,-4.9,-1.2,1.3,4.8,10,13.2,15.9,15.9,15.8,8,0.8,-2.5,-10.4,-6.1,-5.4,-4.8,-1.7,0.7,3.1,2.3,3.6,-0.9,-4.6,-8,-7.7,-3.6,-2,0,4.1,6.9,9.5,9.1,9.7,3.6,-1.9,-5.2,298,276,133,76,68,21,45,11,77,112,600,188,0,0,0,0,0,0,0,0,0,0,0,0,247,129,104,57,9,2,0,0,1,17,100,182,0,1,3,8,35,76,137,125,147,38,5,1,795,601,623,540,430,332,265,279,251,449,596,717,0,0,0,0,1,0,0,1,3,0,0,0,1,3,3,3,9,16,26,23,24,12,5,2,258,207,111,59,27,3,2,1,1,32,80,239,0,0,0,0,75,91,101,89,64,30,0,0,0,0,0,0,6,70,56,78,0,0,0,0,76,79,73,65,61,59,60,57,61,69,78,72,-2.6,5.3,15,8.2,-8.3,-3.9,2,-0.6,-5.5,0.7,8.5,3.8,887,277,77,789,0,0,0,0,558,170,2,118,3,46,338,190,2114,1592,876,1295,0,1,1,3,5,15,65,41,705,197,6,113,0,75,280,94,0,6,204,0,76,66,59,69,1.9,9.5,-7.7,17.1,1905,222,6.2,42.8,848,577,5877,5,125,177,262,85,1021,-33.1,29.5,448,210,0,68
1910,SUNR,CALNOO,46.928496,121.655174,1792.106154,-4.2,-3.9,4.5,6.6,13.2,12.3,18.7,14.7,13.7,7.2,0.7,-0.1,-11.2,-10.4,-6.2,-4,-1.5,0.6,3.8,2.8,3.3,0.8,-5.1,-5.7,-7.7,-7.2,-0.9,1.3,5.8,6.5,11.3,8.7,8.5,4,-2.2,-2.9,275,298,262,116,80,47,5,14,55,210,411,244,0,0,0,0,0,0,0,0,0,0,0,0,248,215,81,39,4,2,0,0,1,14,107,121,0,0,5,12,59,67,193,117,115,42,4,2,797,701,587,502,377,347,209,289,287,436,605,645,0,0,0,0,1,0,1,0,2,0,0,0,1,1,2,4,9,16,28,24,23,17,4,3,238,282,187,72,17,8,0,1,4,18,319,144,0,0,0,50,90,86,116,82,56,26,0,0,0,0,0,0,10,39,111,68,1,0,0,0,70,72,60,62,53,62,54,62,66,78,76,76,-3.5,8.1,15.2,7.2,-9.9,-3.9,2.4,-0.3,-6.7,2.1,8.8,3.4,760,458,66,676,0,0,0,0,584,123,2,123,3,77,377,161,2142,1466,845,1328,0,1,2,2,5,16,68,44,665,276,9,341,0,141,284,82,0,10,218,1,73,58,59,74,2.1,11.3,-7.7,19,2017,201,6,56,832,617,5781,5,133,178,259,81,1291,-33.1,29.5,507,229,0,66
1911,SUNR,CALNOO,46.928496,121.655174,1792.106154,-3.3,-2.2,4.2,6.1,8.6,11.5,20.1,15.9,11.7,7.9,0.4,-0.5,-10,-10,-8.1,-7.3,-3.2,0.6,4.3,4,3.1,-2.5,-5.9,-6.5,-6.6,-6.1,-1.9,-0.6,2.7,6,12.2,9.9,7.4,2.7,-2.7,-3.5,254,136,86,65,151,24,15,17,152,40,358,245,0,0,0,0,0,0,0,0,0,0,0,0,221,190,102,69,18,3,0,0,2,23,119,136,1,0,3,6,22,60,224,151,90,30,3,2,764,672,620,559,475,359,180,251,317,476,621,663,0,0,0,0,0,0,2,1,1,0,0,0,1,1,1,1,5,16,28,27,23,8,3,3,206,124,71,54,83,5,0,1,5,27,231,130,0,0,0,0,70,81,123,86,49,31,0,0,0,0,0,0,0,58,108,69,0,0,0,0,71,67,54,52,59,64,52,62,71,63,74,77,-1.9,6.3,15.9,6.7,-8.6,-6.2,3,-1.7,-5.2,0,9.4,2.5,634,301,56,550,0,0,0,0,546,189,3,145,3,32,436,123,2099,1654,790,1414,0,1,3,1,4,7,71,34,460,209,6,262,0,70,291,80,0,0,235,0,72,55,59,70,1.6,12.2,-6.6,18.8,1542,359,7.5,34,883,593,5957,5,117,190,259,69,937,-33.1,29.5,441,235,0,64
1912,SUNR,CALNOO,46.928496,121.655174,1792.106154,-2.6,0.4,1.6,4.8,11.1,14.2,17.8,14.9,14.4,6.1,1.9,-0.7,-9.1,-6.3,-8.9,-4.5,-1.2,1.3,3.9,4.4,2.5,-2.1,-4.1,-6.7,-5.8,-2.9,-3.6,0.1,4.9,7.7,10.9,9.7,8.5,2,-1.1,-3.7,346,218,117,121,78,83,34,117,46,142,308,330,0,0,0,0,0,0,0,0,0,0,0,0,201,113,144,55,6,1,0,0,1,30,82,141,1,2,2,8,45,93,180,143,114,24,6,2,740,581,673,536,405,308,222,260,287,497,572,669,0,0,0,0,1,0,1,1,2,0,0,0,1,2,1,4,10,18,28,28,21,9,5,2,262,149,109,93,24,7,1,7,17,10,219,147,0,0,0,45,80,95,110,80,60,27,0,0,0,0,0,0,1,12,76,0,14,0,0,0,72,73,59,65,59,58,57,66,61,70,76,75,-0.9,5.8,15.7,7.5,-7.3,-4.9,3.2,-1.2,-4.1,0.5,9.4,3.1,809,317,235,496,0,0,0,0,454,204,1,114,4,55,416,145,1991,1613,790,1356,0,1,2,2,6,15,74,35,558,226,15,246,0,124,285,87,0,1,88,14,73,61,60,69,2.2,10.9,-5.8,16.7,1941,359,6.3,30.2,774,620,5750,5,130,172,253,81,1045,-33.1,29.5,496,103,0,66
1913,SUNR,CALNOO,46.928496,121.655174,1792.106154,-4.5,-2.1,-0.5,5.9,9.5,13,17.2,17.7,14.9,5.8,2.4,-0.3,-11.2,-10.7,-8.3,-4.9,-1.7,2.6,4.6,5.5,3.8,-1.8,-4.7,-5.9,-7.9,-6.4,-4.4,0.5,3.9,7.8,10.9,11.6,9.3,2,-1.2,-3.1,440,98,173,61,77,94,34,19,116,149,268,112,0,0,0,0,0,0,0,0,0,0,0,0,253,196,163,49,10,1,0,0,1,30,84,126,0,0,1,10,33,94,182,204,138,24,6,2,802,680,695,524,437,307,220,201,261,497,575,651,0,0,0,0,1,0,1,2,2,0,0,0,1,1,1,3,9,23,29,29,24,10,5,3,386,91,166,44,32,8,1,1,4,46,139,205,0,0,0,49,72,86,105,92,60,26,0,0,0,0,0,0,0,0,71,72,0,0,0,0,71,64,68,61,62,66,60,62,64,73,72,75,-2.4,5,16,7.7,-9.6,-4.9,4.2,-0.9,-6,0,10.1,3.4,868,311,147,534,0,0,0,0,575,222,1,115,3,43,480,168,2133,1657,727,1333,0,1,3,3,4,13,81,38,682,242,9,189,0,121,283,86,0,0,143,0,70,63,63,70,1.9,11.6,-7.9,19.5,1642,340,7.3,34.1,913,694,5850,7,137,183,263,80,1122,-33.1,29.5,490,143,0,67
1914,SUNR,CALNOO,46.928496,121.655174,1792.106154,-1.3,-1.2,3.9,6.7,13.1,12.4,19.9,19,11.1,8.8,2.3,-2.3,-6.4,-7.1,-5.6,-3.5,-0.9,1.6,4.5,4.3,2.8,0.4,-4.2,-9.8,-3.9,-4.2,-0.9,1.6,6.1,7,12.2,11.7,7,4.6,-1,-6,412,167,157,121,52,83,7,6,110,141,295,101,0,0,0,0,0,0,0,0,0,0,0,0,149,141,80,35,3,2,0,0,2,11,81,204,2,1,5,14,63,77,224,206,80,50,6,1,679,616,587,493,370,331,180,198,331,417,569,741,0,0,0,0,1,0,2,2,1,0,0,0,3,2,3,5,11,19,29,28,22,16,5,1,242,134,112,70,10,11,0,0,7,49,123,62,0,0,0,50,89,84,122,101,47,30,0,0,0,0,0,0,37,1,115,95,0,0,0,0,78,75,64,63,55,64,53,55,72,72,74,77,-0.9,7.9,17.1,7.4,-6.5,-3.4,3.4,-0.3,-3.7,2.3,10.3,3.5,691,331,96,546,0,0,0,0,494,118,2,95,3,82,507,136,2037,1450,710,1318,0,1,4,1,6,19,76,43,438,192,11,179,0,139,307,78,0,37,211,0,77,61,57,73,2.8,12.2,-6,18.2,1654,258,7.8,47.3,709,728,5514,7,144,173,255,82,820,-33.1,29.5,525,248,0,66
1915,SUNR,CALNOO,46.928496,121.655174,1792.106154,-1.6,1,5.7,9.5,8.8,13.5,16.7,20.3,13.3,7.3,0.3,-0.8,-9.1,-6.1,-4.6,-2.6,-1.3,1.6,5.4,6.3,2.9,-0.3,-6.7,-7.2,-5.3,-2.5,0.6,3.5,3.7,7.5,11.1,13.3,8.1,3.5,-3.2,-4,192,150,120,133,112,31,66,2,56,181,376,409,0,0,0,0,0,0,0,0,0,0,0,0,187,104,57,19,11,1,0,0,2,17,132,147,1,2,9,26,31,89,187,259,106,37,3,2,724,570,542,437,443,314,216,148,297,451,636,677,0,0,0,1,0,0,1,5,1,0,0,0,1,3,4,7,10,20,30,30,22,14,2,2,138,95,60,41,49,3,2,0,14,13,131,84,0,0,36,60,69,90,101,104,56,28,0,0,0,0,0,0,0,60,34,102,0,0,0,0,68,71,62,59,65,62,64,57,66,73,71,69,-0.9,8,16.8,7,-8.3,-2.8,4.4,-1.4,-4.6,2.6,10.6,2.8,443,365,99,613,0,0,0,0,439,86,1,151,4,65,534,145,1972,1422,677,1385,0,1,6,2,6,21,79,38,317,149,5,158,0,165,295,83,0,0,196,0,69,62,61,70,3,13.3,-5.3,18.6,1827,267,7.1,49.9,677,749,5456,9,144,182,255,73,629,-33.1,29.5,543,196,0,66
1916,SUNR,CALNOO,46.928496,121.655174,1792.106154,-7.1,-1.1,-0.6,5.2,6.3,13.2,15.4,18.4,15,9.4,1,-2.2,-15.2,-8,-6.7,-4.9,-4,0.3,3.5,4.8,2.5,-3.5,-7.2,-8.7,-11.1,-4.5,-3.6,0.1,1.2,6.8,9.4,11.6,8.7,3,-3.1,-5.5,174,357,380,123,81,84,121,17,46,62,264,252,0,0,0,0,0,0,0,0,0,0,0,0,348,150,143,55,36,2,0,0,1,21,129,188,0,1,2,8,13,73,136,205,121,32,3,1,902,626,672,536,522,337,266,199,279,467,633,724,0,0,0,0,0,0,0,2,2,0,0,0,0,1,2,3,4,15,27,29,21,6,2,1,168,295,355,94,54,12,6,0,5,30,248,266,0,0,0,46,61,91,97,97,62,35,0,0,0,0,0,0,0,8,0,80,16,0,0,0,65,71,75,63,63,58,62,58,60,56,67,73,-3,3.6,15.7,8.5,-10.1,-5.2,2.9,-2.7,-6.5,-0.8,9.3,2.9,940,584,222,372,0,0,0,0,686,235,2,152,2,23,414,156,2253,1730,802,1379,0,0,3,2,3,9,70,29,728,504,19,284,0,107,285,98,0,0,88,16,70,67,59,61,1.1,11.6,-11.1,22.8,1960,349,5.7,33.4,1074,595,6165,5,111,200,255,55,1535,-33.1,29.5,490,104,0,64
1917,SUNR,CALNOO,46.928496,121.655174,1792.106154,-3.7,-2.2,-2.3,1.1,5.3,11.3,20.6,20.4,13.7,10.1,6,1,-9.9,-9,-9.1,-5.5,-3.4,-1.1,3.8,5.1,4.2,-0.6,-2.9,-4.2,-6.8,-5.6,-5.7,-2.2,1,5.1,12.2,12.7,9,4.7,1.6,-1.6,312,152,297,221,39,126,12,4,59,35,164,379,0,0,0,0,0,0,0,0,0,0,0,0,225,177,199,103,40,4,0,0,1,11,40,93,1,1,1,4,12,46,224,241,128,52,15,4,768,657,736,606,528,387,180,165,271,412,493,605,0,0,0,0,0,0,2,4,2,0,0,0,1,1,1,2,5,9,28,29,25,13,8,5,256,136,292,206,27,36,0,0,3,13,172,198,0,0,0,0,55,84,127,107,55,35,17,0,0,0,0,0,16,0,115,103,0,0,0,0,73,71,71,74,68,59,50,54,69,64,68,72,-2.7,1.4,17.4,9.9,-9.2,-6,2.6,0.3,-6,-2.3,10,5.1,716,558,141,258,0,0,0,0,495,341,4,52,5,17,512,195,2030,1870,732,1177,0,0,6,3,7,8,66,46,590,524,36,188,0,55,318,107,0,16,218,0,72,71,54,67,2,12.7,-6.8,19.5,1800,240,6.7,53.1,892,729,5809,8,127,181,267,86,1339,-33.1,29.5,480,234,0,67
1918,SUNR,CALNOO,46.928496,121.655174,1792.106154,-0.8,-2.7,0.7,7,7.9,17.2,18.2,15,18.5,8,1.8,-1.3,-6.6,-9.4,-7.6,-5.6,-2.8,2.5,4.9,5.1,5.4,0.2,-5.3,-7.4,-3.7,-6,-3.5,0.7,2.5,9.8,11.5,10,12,4.1,-1.8,-4.3,398,272,207,73,92,14,50,100,12,229,200,360,0,0,0,0,0,0,0,0,0,0,0,0,145,187,139,47,20,0,0,0,0,14,97,157,2,0,2,10,21,146,201,154,214,44,5,1,674,669,667,520,480,246,202,249,184,432,592,689,0,0,0,0,0,1,1,1,6,0,0,0,3,1,1,2,6,23,29,29,27,15,4,2,227,247,192,51,52,0,1,5,4,3,36,148,0,0,0,53,66,109,111,78,72,29,0,0,0,0,0,0,0,95,61,0,59,0,0,0,75,71,66,55,62,54,58,68,59,73,72,79,-0.8,5.2,16.8,9.5,-6.7,-5.4,4.2,0.1,-3.8,-0.1,10.5,4.8,1048,372,164,442,0,0,0,0,489,205,1,111,3,33,501,262,2032,1667,696,1209,0,1,3,7,6,10,81,46,622,296,7,44,0,119,298,100,0,0,156,59,75,61,60,68,2.6,11.5,-4.3,15.8,2007,268,6.3,42.9,806,799,5604,11,142,195,275,79,968,-33.1,29.5,518,215,0,66
1919,SUNR,CALNOO,46.928496,121.655174,1792.106154,-1.6,-1.8,0.8,4.7,9.5,13.2,20.3,18.2,14.6,5.3,1.4,-3,-8.3,-7.8,-6.9,-4.7,-2.4,-0.1,3.6,5,2.9,-2.1,-4.9,-9.8,-5,-4.8,-3,0,3.5,6.6,11.9,11.6,8.8,1.6,-1.8,-6.4,477,248,242,140,111,32,12,9,95,109,256,226,0,0,0,0,0,0,0,0,0,0,0,0,178,157,128,57,12,2,0,0,1,35,97,213,1,1,2,8,29,69,214,204,122,22,5,1,714,635,654,540,449,344,189,200,278,510,592,752,0,0,0,0,0,0,2,2,2,0,0,0,2,1,2,3,7,13,27,29,22,9,4,1,329,210,219,109,51,5,0,0,0,28,104,247,0,0,0,44,73,92,125,95,60,25,0,0,0,0,0,0,0,60,114,87,0,0,0,0,72,74,69,65,59,57,50,59,63,73,75,74,-1.6,5,17.2,7.1,-7.9,-4.7,2.8,-1.3,-4.7,0.2,10,2.9,1085,493,53,460,0,0,0,0,549,197,2,133,2,39,488,149,2100,1642,733,1380,0,1,4,2,4,12,69,36,786,380,5,132,0,118,313,85,0,0,261,0,74,64,55,70,1.9,11.9,-6.4,18.3,1957,259,6.1,46,880,678,5855,7,121,183,257,74,1303,-33.1,29.5,516,261,0,66
1920,SUNR,CALNOO,46.928496,121.655174,1792.106154,-1.8,1.7,0.7,2.1,8.4,12.7,19.6,18.6,12,5.1,2.5,-0.9,-7.9,-8.4,-6.6,-6,-3.6,0.9,6,6.1,4,-0.5,-4.9,-5.4,-4.8,-3.4,-3,-2,2.4,6.8,12.8,12.4,8,2.3,-1.2,-3.1,343,36,228,193,57,61,35,54,166,174,201,410,0,0,0,0,0,0,0,0,0,0,0,0,174,123,126,97,21,2,0,0,2,27,85,127,1,1,2,4,20,73,244,229,103,26,6,2,709,594,651,599,484,337,160,177,300,489,576,652,0,0,0,0,0,0,3,3,1,0,0,0,2,1,2,2,4,17,30,30,25,13,4,4,232,26,206,178,33,9,0,1,7,41,133,191,0,0,0,0,70,88,117,95,49,22,0,0,0,0,0,0,13,27,82,41,0,0,0,0,74,60,70,68,58,61,58,61,73,80,71,71,-1,3.7,17,6.5,-8.7,-5.4,4.3,-0.5,-4.9,-0.8,10.7,3,605,478,150,542,0,0,0,0,424,244,2,114,5,26,546,136,1955,1734,674,1365,0,0,6,2,7,8,77,42,450,417,10,182,0,70,299,71,0,13,150,0,68,66,60,75,2.3,12.8,-4.8,17.7,1959,373,6.3,34.4,784,712,5729,8,134,190,263,74,1058,-33.1,29.5,440,163,0,68
1921,SUNR,CALNOO,46.928496,121.655174,1792.106154,-2.5,-1.7,0.7,3.4,9.9,13.8,18.1,17.2,11.1,11.1,2.8,-1.6,-8.2,-6.9,-6.1,-5,-2.4,3.3,3.9,5.4,2.4,-0.7,-4.3,-7.9,-5.4,-4.3,-2.7,-0.8,3.7,8.5,11,11.3,6.7,5.2,-0.7,-4.7,363,302,232,155,85,79,28,32,160,138,360,281,0,0,0,0,0,0,0,0,0,0,0,0,188,144,120,71,11,1,0,0,3,9,76,168,1,1,2,6,31,112,183,195,75,59,7,1,725,620,644,563,443,285,219,209,339,397,562,702,0,0,0,0,0,1,1,2,1,0,0,0,2,2,2,3,7,25,28,29,21,13,5,2,261,244,206,132,37,5,1,1,16,51,94,230,0,0,0,0,76,88,112,89,48,37,0,0,0,0,0,0,0,10,84,57,0,0,0,0,76,78,72,68,58,66,56,63,71,61,72,81,-1.7,4.7,16.4,8.4,-6.8,-4.5,4.2,-0.9,-4.3,0.1,10.3,3.7,1074,472,139,658,0,0,0,0,500,202,1,88,3,39,490,141,2046,1649,712,1298,0,1,3,1,5,12,81,39,736,375,6,160,0,76,290,85,0,0,151,0,78,66,61,68,2.3,11.3,-5.4,16.7,2215,383,5.6,29.5,791,673,5706,5,138,187,251,64,1277,-32.9,30,451,151,0,68
1922,SUNR,CALNOO,46.928496,121.655174,1792.106154,-4.3,-2.7,-1.4,2.5,9.2,17.5,20.1,17.7,16.1,8.4,1.2,-3,-11.3,-10.7,-8.4,-5.8,-3.1,2.8,5.4,5.9,4.1,0.3,-6,-9.1,-7.8,-6.7,-4.9,-1.6,3,10.1,12.8,11.8,10.1,4.4,-2.4,-6,172,138,233,132,83,8,1,53,74,152,98,427,0,0,0,0,0,0,0,0,0,0,0,0,251,204,178,89,15,0,0,0,1,13,112,204,0,0,1,4,25,156,242,211,159,47,4,1,800,688,712,589,464,237,162,194,238,424,612,742,0,0,0,0,0,1,3,2,3,0,0,0,1,1,1,2,5,23,30,30,25,16,3,1,150,129,226,120,43,0,0,1,22,9,151,204,0,0,0,0,73,111,121,91,64,30,0,0,0,0,0,0,0,103,120,38,0,0,0,0,70,66,70,68,58,55,55,63,62,72,71,74,-2.9,3.4,18.4,8.6,-10,-5.8,4.7,-0.5,-6.4,-1.2,11.6,4,591,448,62,324,0,0,0,0,659,282,0,125,1,30,609,210,2230,1765,593,1275,0,1,6,3,2,9,83,43,483,389,2,182,0,73,323,94,0,0,261,0,70,65,57,68,1.9,12.8,-7.8,20.6,1571,219,7.6,58.4,1067,850,5862,10,137,191,264,74,1056,-32.9,30,490,261,0,65
1923,SUNR,CALNOO,46.928496,121.655174,1792.106154,-1.7,-1.9,0.1,5.9,8.2,13.1,18.8,19.4,16.9,8.9,5.1,-1.2,-7.8,-10.2,-7.5,-4.3,-1.6,2.2,5.6,6,4.2,-0.1,-3.5,-6.8,-4.7,-6.1,-3.7,0.8,3.3,7.6,12.2,12.7,10.5,4.4,0.8,-4,442,120,198,98,97,59,57,38,55,119,169,320,0,0,0,0,0,0,0,0,0,0,0,0,171,188,146,45,13,1,0,0,1,12,49,148,1,0,2,10,27,91,224,240,172,47,12,2,705,670,675,516,455,311,180,166,225,423,515,678,0,0,0,0,0,0,2,3,4,0,0,0,2,1,1,4,9,22,30,30,25,14,6,2,294,109,186,67,47,5,1,1,4,16,57,353,0,0,0,48,66,87,113,100,67,32,16,0,0,0,0,0,0,28,56,61,12,0,0,0,74,65,69,63,66,64,59,59,60,69,68,74,-2.2,4.7,17.1,10.3,-9,-4.5,4.6,0.2,-5.6,0.1,10.9,5.3,989,392,154,343,0,0,0,0,506,204,1,62,3,39,556,231,2052,1647,656,1163,0,1,6,4,5,14,81,46,756,300,7,77,0,114,299,115,0,0,145,12,71,66,61,66,2.8,12.7,-4.7,17.4,1771,305,7.2,41.6,774,829,5519,11,146,181,265,84,1140,-32.9,30,528,157,0,66
1924,SUNR,CALNOO,46.928496,121.655174,1792.106154,-3.1,0.6,1.4,6.4,13.5,14.2,17.9,16.1,14.9,6.2,0.1,-3,-9,-5.4,-7.1,-5,-0.5,1.8,4.7,5.2,3.2,-0.6,-5.7,-10.1,-6,-2.4,-2.9,0.7,6.5,8,11.3,10.6,9.1,2.8,-2.8,-6.5,283,305,111,77,22,39,33,30,100,183,249,237,0,0,0,0,0,0,0,0,0,0,0,0,206,102,125,46,3,1,0,0,1,23,123,218,1,2,2,10,72,98,194,173,131,30,3,1,745,567,649,520,357,302,208,230,268,474,625,757,0,0,0,0,1,0,1,1,2,0,0,0,1,3,2,3,12,20,29,29,23,13,3,1,218,189,100,54,3,3,1,1,2,12,47,209,0,0,0,51,91,94,109,84,61,25,0,0,0,0,0,0,69,54,76,54,0,0,0,0,75,76,66,59,55,60,59,65,62,76,76,76,-1.2,7.1,16,7.1,-7,-4.2,3.9,-1,-4.1,1.4,10,3,907,210,102,532,0,0,0,0,525,174,1,146,3,84,465,165,2069,1526,740,1367,0,1,3,2,5,17,78,39,616,158,5,61,0,142,287,86,0,69,184,0,76,60,61,71,2.4,11.3,-6.5,17.8,1669,224,7.4,50.5,847,717,5701,7,140,168,258,90,840,-32.9,30,515,253,0,67
1925,SUNR,CALNOO,46.928496,121.655174,1792.106154,-2.1,-0.3,1.1,6.5,12.3,14.1,19.9,16.6,13.2,9,2,1.9,-7.2,-5.7,-6.4,-3.6,-0.5,2,6.1,4.9,4.3,-1.3,-4.9,-3.8,-4.6,-3,-2.7,1.4,5.9,8.1,13,10.8,8.7,3.9,-1.4,-0.9,428,221,149,87,79,32,1,44,39,64,190,313,0,0,0,0,0,0,0,0,0,0,0,0,168,115,119,37,3,1,0,0,1,15,90,80,1,2,3,13,61,100,250,177,122,41,5,5,702,584,642,497,375,299,149,226,279,440,582,583,0,0,0,0,1,0,3,1,2,0,0,0,2,3,2,5,12,21,30,29,25,11,4,6,281,153,132,52,16,2,0,2,7,43,156,203,0,0,0,49,85,93,118,87,52,33,0,0,0,0,0,0,5,62,117,44,14,0,0,0,79,78,70,64,58,61,58,63,71,64,73,69,-1.8,6.6,16.9,8.1,-7.6,-3.5,4.3,-0.6,-4.7,1.6,10.6,3.7,886,315,77,293,0,0,0,0,363,159,1,106,8,77,527,168,1870,1514,675,1301,0,1,5,2,11,20,80,40,637,200,4,205,0,134,299,85,0,5,223,14,75,64,60,69,3.3,13,-4.6,17.7,1647,195,8.1,66.9,629,779,5359,8,151,168,266,98,1046,-32.9,30,519,242,0,68
1926,SUNR,CALNOO,46.928496,121.655174,1792.106154,-1.1,0.7,7,11.3,9.8,17.4,20.4,16.3,11.1,7,4.2,-1.2,-6.6,-5.5,-4.9,-1.7,-0.9,2.8,5.1,5.4,2,0.2,-3.1,-7.4,-3.9,-2.4,1.1,4.8,4.4,10.1,12.8,10.9,6.6,3.6,0.5,-4.3,223,242,89,57,111,19,1,62,98,188,270,229,0,0,0,0,0,0,0,0,0,0,0,0,149,102,50,11,8,0,0,0,3,17,54,156,2,2,10,41,39,155,242,180,72,38,10,1,678,567,527,396,421,237,163,223,344,449,524,687,0,0,0,1,1,1,3,1,1,0,0,0,3,3,4,9,11,23,29,29,20,15,7,2,130,151,37,9,40,0,0,2,3,9,92,100,0,0,40,66,73,111,123,84,49,26,15,0,0,0,0,9,0,92,122,23,0,0,0,0,77,75,58,57,64,55,54,65,69,77,73,77,0.5,9.4,18,7.4,-5.3,-2.5,4.5,-0.3,-2.4,3.4,11.2,3.6,778,258,81,555,0,0,0,0,407,69,0,74,5,89,577,120,1933,1344,623,1317,0,2,5,1,8,24,82,42,381,87,3,104,0,179,318,90,0,9,237,0,76,59,58,73,3.7,12.8,-4.3,17,1588,291,8.6,43.9,550,791,5217,8,156,181,247,67,575,-32.9,30,587,246,0,66
1927,SUNR,CALNOO,46.928496,121.655174,1792.106154,-2.9,-0.9,-0.2,3.5,5.1,13.5,18.6,17.3,11.8,7.2,1.9,-3.1,-8.4,-7.8,-7.1,-6,-2.8,2.5,5.2,5.8,4.4,-0.1,-3.9,-9,-5.6,-4.3,-3.7,-1.3,1.2,8,11.9,11.5,8.1,3.5,-1,-6.1,251,290,191,109,129,29,17,46,145,187,465,240,0,0,0,0,0,0,0,0,0,0,0,0,195,145,145,82,37,1,0,0,2,17,80,205,1,1,2,5,13,100,214,202,105,38,6,1,733,621,674,578,522,300,190,202,298,450,569,742,0,0,0,0,0,0,2,2,1,0,0,0,2,1,2,2,6,23,30,30,25,14,6,1,186,236,178,97,87,2,0,1,15,30,81,156,0,0,0,0,53,89,112,89,47,27,0,0,0,0,0,0,0,60,95,43,0,0,0,0,77,71,71,64,71,64,59,63,75,75,77,74,-1.7,2.8,16.5,7,-7.9,-5.3,4.5,0.1,-4.8,-1.3,10.5,3.6,770,429,92,798,0,0,0,0,545,263,1,99,2,20,516,149,2097,1774,691,1317,0,0,4,2,4,10,82,45,579,362,4,126,0,53,290,74,0,0,198,0,74,69,62,76,1.9,11.9,-6.1,18,2100,367,5.6,32.5,908,687,5879,6,141,189,267,78,1071,-32.9,30,418,198,0,70
1928,SUNR,CALNOO,46.928496,121.655174,1792.106154,-2.3,-0.1,1.9,4.3,14.5,12.1,19.6,17.9,15,6.3,3,-1.8,-7.8,-7.6,-5.6,-5,-0.4,2.3,6.3,5,3.9,-0.1,-3.8,-7.2,-5.1,-3.9,-1.9,-0.3,7,7.2,13,11.4,9.5,3.1,-0.4,-4.5,287,53,373,176,32,37,30,6,33,197,131,171,0,0,0,0,0,0,0,0,0,0,0,0,180,134,101,63,2,1,0,0,1,20,69,161,1,1,3,7,83,81,248,199,141,33,8,1,716,608,618,550,341,325,157,205,257,463,551,693,0,0,0,0,1,0,3,2,2,0,0,0,2,1,3,3,13,22,30,29,24,14,6,2,200,41,307,143,4,4,0,0,14,30,205,198,0,0,0,0,96,81,116,94,60,25,0,0,0,0,0,0,64,44,86,88,27,0,0,0,77,69,70,65,53,68,59,60,64,78,74,74,-1.8,6.9,16.5,8.1,-8.2,-3.7,4.5,0,-5,1.6,10.5,4.1,579,581,73,362,0,0,0,0,476,166,1,90,3,93,527,182,2018,1509,687,1272,0,2,5,3,6,18,81,45,439,455,5,249,0,96,291,85,0,64,218,27,73,63,62,72,2.9,13,-5.1,18,1526,138,8.5,94,733,806,5486,9,150,164,262,98,1147,-32.9,30,472,309,0,68
1929,SUNR,CALNOO,46.928496,121.655174,1792.106154,-4.7,-3.3,0.2,2.4,8.8,12.3,19,19.2,15.6,10.7,3.8,0.3,-11.9,-11.2,-6.4,-6.3,-2.9,1.7,3.9,4.7,3.3,0.1,-5.6,-5.1,-8.3,-7.2,-3.1,-1.9,2.9,7,11.4,12,9.4,5.4,-0.9,-2.4,191,102,233,112,70,78,12,16,22,62,45,340,0,0,0,0,0,0,0,0,0,0,0,0,263,217,130,97,16,2,0,0,1,8,78,110,0,0,2,4,24,78,199,216,141,62,7,3,816,703,656,598,467,330,204,189,257,392,566,629,0,0,0,0,0,0,1,2,2,1,0,0,1,0,2,2,6,20,28,28,23,15,4,4,170,97,212,103,37,10,0,0,2,39,50,120,0,0,0,0,71,84,118,102,63,36,0,0,0,0,0,0,1,6,106,85,41,0,0,0,69,66,73,66,59,65,54,55,61,65,64,76,-3.3,3.8,16.9,10,-10.1,-5.2,3.4,-0.7,-6.7,-0.7,10.1,4.7,464,415,106,129,0,0,0,0,589,243,2,87,3,30,492,209,2148,1722,723,1215,0,0,4,3,5,10,76,42,387,352,10,92,0,71,303,99,0,1,197,41,71,66,58,63,2,12,-8.3,20.3,1283,198,9.4,60.3,921,735,5808,7,133,186,259,74,842,-32.9,30,473,239,0,65
1930,SUNR,CALNOO,46.928496,121.655174,1792.106154,-6.7,-0.6,2.6,7.8,8,12.2,17.8,18.9,12.8,7.1,3,-0.8,-15,-6.8,-6.7,-3.3,-1.9,1.1,4.8,5.8,4.6,-0.2,-5.2,-6.6,-10.8,-3.7,-2.1,2.3,3,6.7,11.3,12.3,8.7,3.4,-1.1,-3.7,117,264,158,73,96,45,1,2,39,120,120,93,0,0,0,0,0,0,0,0,0,0,0,0,338,131,105,28,15,2,0,0,1,18,84,141,0,1,3,17,25,71,194,228,120,36,6,2,893,604,624,473,464,341,209,177,280,453,574,669,0,0,0,0,0,0,1,3,2,0,0,0,0,2,2,6,8,18,29,30,26,14,4,3,113,201,133,35,50,7,0,0,1,4,19,162,0,0,0,54,65,85,108,97,50,27,0,0,0,0,0,0,0,40,107,95,11,0,0,0,64,74,64,61,65,63,59,60,73,75,68,77,-2.3,6.1,16.3,7.6,-9,-4,3.9,-0.3,-5.7,1.1,10.1,3.7,722,328,48,279,0,0,0,0,610,149,2,103,3,45,493,163,2167,1561,727,1307,0,1,4,2,5,16,76,44,476,218,7,24,0,119,290,77,0,0,242,11,72,63,61,72,2.2,12.3,-10.8,23.2,1129,184,10.8,67.1,863,704,5762,7,140,185,269,84,725,-32.9,30,487,253,0,67
1931,SUNR,CALNOO,46.928496,121.655174,1792.106154,-0.2,0.9,2.4,6.1,12.7,13.2,21,19,11.8,8.4,1.1,-1.5,-6.7,-7.8,-8,-4.1,-0.3,1.7,4.2,4.5,4,-1.3,-6.8,-7.5,-3.4,-3.5,-2.8,1,6.2,7.4,12.6,11.7,7.9,3.5,-2.9,-4.5,271,152,357,83,70,142,4,13,93,156,219,255,0,0,0,0,0,0,0,0,0,0,0,0,138,126,123,42,3,1,0,0,2,17,123,162,2,1,2,11,66,85,235,209,101,37,3,1,665,598,647,509,366,319,169,195,303,451,625,695,0,0,0,0,1,0,2,2,1,0,0,0,3,1,1,4,13,20,28,28,25,11,2,2,147,113,320,54,13,15,0,0,3,20,55,58,0,0,0,49,87,88,129,101,48,31,0,0,0,0,0,0,16,0,125,88,0,0,0,0,73,65,59,63,58,63,50,55,74,66,68,76,0,7.1,17.7,7.1,-7,-4.2,3.4,-1.4,-3.5,1.5,10.6,2.9,516,511,159,468,0,0,0,0,426,168,1,142,4,80,530,141,1958,1523,683,1379,0,1,5,2,6,18,76,38,317,387,15,78,0,136,318,79,0,16,213,0,71,60,56,70,2.8,12.6,-4.5,17.1,1815,322,7,39,737,755,5542,8,138,166,265,100,798,-32.9,29.6,532,229,0,64
1932,SUNR,CALNOO,46.928496,121.655174,1792.106154,-3,-1.1,-0.1,4.7,9.1,16,16,16,17.1,8.2,3.7,-1.9,-9.7,-9.6,-6,-4.3,-2.1,2.1,3.7,5.6,2.9,0.4,-3.2,-9.1,-6.4,-5.3,-3.1,0.2,3.5,9.1,9.8,10.8,10,4.3,0.3,-5.5,328,285,404,126,60,17,70,61,26,172,450,295,0,0,0,0,0,0,0,0,0,0,0,0,214,170,129,54,12,1,0,0,1,13,57,190,1,1,2,8,29,126,148,178,156,46,10,1,756,649,655,535,450,269,254,225,241,426,531,726,0,0,0,0,0,1,1,1,3,0,0,0,1,1,3,4,8,21,27,29,22,16,7,1,261,250,368,96,28,1,3,2,9,26,137,180,0,0,0,44,71,104,100,82,70,29,14,0,0,0,0,0,11,87,30,22,44,0,0,0,72,64,76,67,61,56,61,67,56,73,74,75,-1.9,4.5,16,9.7,-8.9,-4.1,3.8,0,-5.4,0.2,9.9,4.9,868,590,148,647,0,0,0,0,575,196,1,71,2,39,451,212,2131,1640,748,1199,0,1,3,3,3,14,78,45,690,491,6,172,0,115,286,113,0,11,139,44,70,68,61,68,2.3,10.8,-6.4,17.2,2294,234,5.4,46.2,842,704,5718,7,140,184,256,72,1360,-32.9,29.6,513,194,0,66
1933,SUNR,CALNOO,46.928496,121.655174,1792.106154,-2.6,-4.1,-0.6,5.5,6.2,13.6,18.8,19.1,10.8,10.3,5.4,1.3,-8.7,-10.9,-7.3,-5.8,-3.1,0.4,3.7,5.5,2.5,0,-2.1,-3.9,-5.6,-7.5,-4,-0.1,1.6,7,11.2,12.3,6.7,5.1,1.7,-1.3,327,177,259,47,87,62,22,46,149,194,192,316,0,0,0,0,0,0,0,0,0,0,0,0,195,222,153,59,31,2,0,0,3,9,38,88,1,0,2,8,15,77,192,227,74,57,15,4,733,709,683,544,510,331,210,179,341,401,489,596,0,0,0,0,0,0,1,3,1,0,0,0,2,0,2,2,5,15,27,29,21,15,9,6,242,169,246,37,56,8,1,1,1,19,145,234,0,0,0,0,59,93,116,100,47,35,16,0,0,0,0,0,0,31,94,54,0,0,0,0,74,71,72,59,66,58,54,58,72,66,73,69,-2.9,3.7,17.2,8.8,-9.6,-5.4,3.2,0.1,-6.2,-0.9,10.2,4.5,799,393,129,534,0,0,0,0,504,243,2,50,5,24,496,146,2038,1737,719,1231,0,0,4,1,8,9,72,45,645,339,9,165,0,59,309,97,0,0,179,0,71,66,56,70,2.2,12.3,-5.6,17.9,1877,365,6.5,33.7,799,672,5726,6,134,192,253,61,1158,-32.9,29.6,465,179,0,67
1934,SUNR,CALNOO,46.928496,121.655174,1792.106154,1.4,5.4,7.9,11.5,12.6,14.6,17.2,19.3,13.2,9.8,4.3,0.8,-5,-4.8,-4,-1.1,0.5,2.4,4.9,5.7,3.9,0.6,-2.8,-5.1,-1.8,0.3,2,5.2,6.6,8.5,11.1,12.5,8.6,5.2,0.7,-2.2,424,73,269,67,71,10,24,14,73,200,391,260,0,0,0,0,0,0,0,0,0,0,0,0,101,57,39,10,2,1,0,0,1,9,51,104,4,6,14,45,73,111,186,234,117,59,11,3,615,491,499,386,355,285,216,172,284,398,518,622,0,0,0,1,1,1,1,3,2,0,0,0,5,4,5,11,16,22,29,29,24,17,8,4,161,22,78,9,11,1,1,0,21,14,41,114,0,22,42,66,84,95,105,100,53,33,15,0,0,0,0,0,14,85,80,85,0,0,0,0,74,63,58,58,61,61,61,58,69,69,73,79,2.7,10.6,17,9.1,-4.6,-1.5,4.3,0.5,-0.9,4.6,10.7,4.8,813,406,49,663,0,0,0,0,261,52,1,61,13,132,531,187,1727,1240,673,1200,0,2,5,2,13,32,81,49,297,98,2,76,22,193,300,101,0,14,250,0,72,59,60,71,4.7,12.5,-2.2,14.7,1875,192,7.8,65,375,863,4841,10,174,163,264,101,473,-32.9,29.6,615,264,0,65
1935,SUNR,CALNOO,46.928496,121.655174,1792.106154,-2.4,2.7,-0.2,6.2,11.3,14.5,18.4,18.2,17.3,7,1.6,1.6,-9,-7,-8,-5.7,-2.1,2.2,5.4,4.8,5.1,-1.5,-6.2,-3,-5.7,-2.2,-4.1,0.3,4.6,8.4,11.9,11.5,11.2,2.7,-2.3,-0.7,345,114,247,58,37,63,37,20,61,95,119,202,0,0,0,0,0,0,0,0,0,0,0,0,197,98,156,53,7,1,0,0,0,23,110,76,1,2,1,9,41,108,214,200,192,30,4,5,735,561,687,532,416,289,190,204,202,475,609,576,0,0,0,0,1,1,2,2,5,0,0,0,1,2,1,2,8,22,30,29,26,10,3,7,258,68,235,44,13,4,1,1,6,13,111,117,0,0,0,50,82,95,111,96,67,28,0,0,0,0,0,0,44,32,74,76,6,0,0,0,72,63,68,57,56,60,59,58,61,70,69,76,0.3,5.8,17,8.6,-7,-5.2,4.1,-0.9,-3.3,0.3,10.6,3.9,719,343,120,275,0,0,0,0,371,215,1,133,8,51,521,226,1872,1634,683,1286,0,1,4,5,11,11,80,40,443,291,5,130,0,132,302,96,0,44,182,6,70,60,59,67,3,11.9,-5.7,17.6,1398,218,9.3,54.5,720,806,5476,10,141,186,273,86,870,-32.9,29.6,530,232,0,65
1936,SUNR,CALNOO,46.928496,121.655174,1792.106154,-0.5,-3.9,0.6,8,12.1,13.6,17,17.9,14.4,12.5,3.6,1.1,-6.4,-11.5,-7.8,-3.5,0.1,3.1,5,5.4,3.8,1,-5.8,-5.8,-3.4,-7.7,-3.6,2.3,6.1,8.3,11,11.7,9.1,6.8,-1.1,-2.4,353,271,227,49,143,123,38,26,64,40,38,374,0,0,0,0,0,0,0,0,0,0,0,0,138,227,143,28,3,1,0,0,1,5,82,109,2,0,2,17,64,107,185,207,132,86,6,3,665,715,672,472,369,290,217,198,267,350,572,628,0,0,0,0,1,1,1,2,2,1,0,0,3,0,1,5,14,24,29,29,24,18,3,3,192,260,212,23,27,8,1,1,2,23,68,60,0,0,0,55,83,88,103,93,58,39,0,0,0,0,0,6,0,0,65,68,0,0,0,0,75,67,66,60,61,66,62,61,65,62,64,82,-0.9,6.9,16.2,10.2,-6.9,-3.7,4.5,-0.3,-3.9,1.6,10.3,4.9,826,419,187,142,0,0,0,0,474,174,1,88,5,83,498,224,2009,1513,705,1189,0,1,4,3,7,21,83,45,512,262,10,93,0,138,284,98,0,6,133,0,75,62,63,64,3.1,11.7,-3.4,15.1,1747,393,7.5,29.7,736,811,5415,8,156,167,263,96,877,-32.9,29.6,520,139,0,65
1937,SUNR,CALNOO,46.928496,121.655174,1792.106154,-7.2,-1.7,3.4,3,11.5,14.7,18.2,15.3,14.8,11.4,3.4,1.4,-13.9,-8.4,-5.5,-4.5,-1.9,2.3,5,4.5,5.1,1.6,-2.9,-5,-10.5,-5.1,-1.1,-0.8,4.8,8.5,11.6,9.9,9.9,6.5,0.3,-1.8,155,270,172,219,52,145,19,59,41,106,468,324,0,0,0,0,0,0,0,0,0,0,0,0,329,163,84,71,6,1,0,0,1,5,58,96,0,1,5,6,43,112,205,150,155,81,10,4,884,642,593,563,410,284,198,252,242,357,532,610,0,0,0,0,1,1,1,1,3,1,0,0,0,1,3,4,8,22,29,28,26,20,8,4,148,233,127,186,17,8,0,3,4,1,17,178,0,0,0,0,83,96,111,82,57,36,13,0,0,0,0,0,31,0,91,22,16,0,0,0,70,72,66,71,55,60,59,65,69,68,76,72,-2.6,6,16.1,9.8,-9.4,-4,4,1.3,-6,1,10,5.6,799,443,223,615,0,0,0,0,589,162,1,64,4,54,468,246,2136,1566,734,1132,0,1,3,4,6,14,80,54,558,330,12,23,0,83,288,106,0,31,113,16,71,64,61,71,2.7,11.6,-10.5,22.2,2031,316,6.3,36.8,816,772,5568,8,153,179,273,94,922,-32.9,29.6,478,160,0,67
1938,SUNR,CALNOO,46.928496,121.655174,1792.106154,0.1,1.1,1.8,8.3,11.5,15.6,20.7,15.9,17.4,9.1,1.1,1.3,-7.2,-6.8,-6.3,-3.3,-1,3,6.2,3.9,6.2,1.1,-6,-5.6,-3.5,-2.8,-2.3,2.5,5.2,9.3,13.4,9.9,11.8,5.1,-2.4,-2.1,190,123,277,128,67,23,14,19,31,143,214,265,0,0,0,0,0,0,0,0,0,0,0,0,141,112,110,26,5,0,0,0,0,9,113,104,2,2,3,19,50,131,263,149,208,58,4,3,669,580,630,465,396,263,140,253,189,401,613,621,0,0,0,0,1,1,4,1,6,0,0,0,2,2,2,5,11,24,30,27,28,18,3,4,105,83,237,56,18,1,0,1,2,3,152,133,0,0,0,56,82,99,123,86,66,31,0,0,0,0,0,0,15,77,109,66,35,0,0,0,70,68,68,59,58,60,56,62,65,73,71,74,0.9,7.2,17.4,9.2,-6.3,-3.6,4.4,0.5,-2.7,1.8,10.9,4.8,637,472,56,388,0,0,0,0,356,140,1,122,7,72,543,270,1869,1491,656,1202,0,1,5,6,8,18,81,49,321,311,2,158,0,138,308,96,0,15,252,35,71,62,59,70,3.7,13.4,-3.5,17,1494,153,9.2,87.6,619,891,5219,13,156,181,279,99,792,-32.9,29.6,542,302,0,65
1939,SUNR,CALNOO,46.928496,121.655174,1792.106154,-0.3,-2.1,3.4,9.5,11.6,11.1,18.1,19.6,15.4,8.3,6.4,3.2,-6.1,-8.5,-6.6,-3.4,-0.7,1,5,5.4,4.5,0.6,-2.1,-4,-3.2,-5.3,-1.6,3.1,5.5,6,11.6,12.5,9.9,4.4,2.1,-0.4,302,259,157,32,79,70,48,18,36,109,137,361,0,0,0,0,0,0,0,0,0,0,0,0,133,169,95,21,4,3,0,0,1,12,33,71,2,1,4,23,53,60,202,234,155,48,18,6,659,649,609,449,388,359,200,172,243,422,476,566,0,0,0,0,1,0,1,3,3,0,0,0,3,1,2,5,12,17,29,29,25,16,9,6,158,227,125,12,19,14,1,0,1,10,125,119,0,0,0,61,82,79,110,102,61,29,17,0,0,0,0,28,3,9,62,84,24,0,0,0,76,73,62,56,59,66,59,57,65,73,69,72,-0.4,8.2,16.3,10,-6.7,-3.6,3.8,1,-3.6,2.3,10,5.5,826,269,135,282,0,0,0,0,372,121,3,46,9,80,497,221,1874,1446,731,1140,0,1,5,3,10,19,76,51,503,156,15,136,0,143,291,107,0,31,155,24,74,59,61,69,3.7,12.5,-3.2,15.7,1608,250,8.5,50,542,807,5191,10,156,173,269,95,811,-32.9,29.6,541,210,0,66
1940,SUNR,CALNOO,46.928496,121.655174,1792.106154,0.4,0.7,5.1,7.2,14.1,16.7,17.2,18.3,15.4,8.7,1,2.4,-6.9,-5.2,-4.3,-2.5,-0.1,2.6,5.2,5.6,6.6,1.7,-5.4,-5.1,-3.2,-2.2,0.4,2.4,7,9.7,11.2,12,11,5.2,-2.2,-1.3,101,385,220,143,67,15,52,17,87,192,216,184,0,0,0,0,0,0,0,0,0,0,0,0,133,99,59,27,2,0,0,0,0,9,108,88,2,2,8,18,82,142,191,216,186,59,4,4,659,563,547,470,342,251,211,189,207,398,606,596,0,0,0,0,1,1,1,2,4,0,0,0,3,3,5,7,14,23,30,29,28,20,4,4,53,233,115,66,8,0,1,0,2,11,25,97,0,0,34,51,93,107,104,95,57,29,0,0,0,0,0,0,27,92,52,78,0,0,0,0,70,76,65,65,55,56,62,61,72,76,74,72,1.5,8.8,17.4,8.4,-5.3,-2.3,4.5,1,-1.9,3.2,10.9,4.7,848,430,83,495,0,0,0,0,320,88,1,117,8,108,549,249,1818,1359,651,1211,0,2,5,5,10,25,82,52,382,189,2,38,0,179,305,85,0,27,222,0,73,62,60,74,4.1,12,-3.2,15.2,1679,237,8.4,50.4,525,914,5039,11,169,167,284,117,612,-32.9,29.6,569,249,0,67
1941,SUNR,CALNOO,46.928496,121.655174,1792.106154,1.4,4.4,8.1,9.5,9.8,12.3,21,16.3,9.9,6.8,4.4,-0.2,-6.2,-4.6,-4,-2.9,-0.6,2.3,6.9,6.1,3.9,0.3,-3.2,-6.2,-2.4,-0.1,2.1,3.3,4.6,7.3,14,11.2,6.9,3.5,0.6,-3.2,163,82,100,97,132,51,17,49,143,127,201,329,0,0,0,0,0,0,0,0,0,0,0,0,114,63,38,20,7,1,0,0,3,17,52,129,3,5,15,25,41,83,278,191,78,37,11,2,634,503,495,442,416,322,128,212,335,450,521,654,0,0,0,1,1,0,5,2,1,0,0,0,3,4,5,6,12,22,31,30,24,16,7,3,72,28,27,32,45,6,0,2,3,13,122,67,0,0,43,60,72,82,123,83,40,26,15,0,0,0,0,0,0,32,106,34,0,0,0,0,69,66,58,57,65,67,57,67,80,77,72,70,2.8,9.1,16.5,7,-5.3,-2.5,5.1,0.3,-1.3,3.3,10.8,3.7,429,328,117,470,0,0,0,0,305,65,1,72,10,80,553,126,1791,1354,662,1305,0,1,7,1,10,23,82,47,167,104,7,138,0,175,288,81,0,0,172,0,68,60,64,76,4,14,-3.2,17.2,1489,391,9.4,35.7,443,769,5112,10,162,175,262,87,416,-32.4,29,544,172,0,68
1942,SUNR,CALNOO,46.928496,121.655174,1792.106154,-1.1,-0.2,2.2,6.9,8.2,11.2,18.9,18.9,16.5,9.9,0.4,-0.5,-9.5,-7.4,-7.1,-3.2,-0.7,1.4,6.7,6.4,4.3,-0.3,-5.3,-5.9,-5.3,-3.8,-2.5,1.9,3.7,6.3,12.8,12.6,10.4,4.8,-2.4,-3.2,125,153,143,90,99,132,51,18,8,154,418,345,0,0,0,0,0,0,0,0,0,0,0,0,186,133,114,32,11,2,0,0,1,11,113,128,1,1,3,15,31,65,243,238,168,53,4,2,722,606,636,485,442,350,161,168,229,410,613,654,0,0,0,0,0,0,3,3,3,0,0,0,1,2,2,6,12,19,30,30,25,14,4,3,89,118,124,48,43,23,1,0,19,21,59,187,0,0,0,51,64,78,110,96,65,34,0,0,0,0,0,0,0,0,59,78,57,0,0,0,65,70,64,64,69,67,62,61,61,65,76,75,-0.5,5.8,16.3,9,-7.7,-3.7,4.9,-0.4,-4.1,1,10.6,4.3,607,332,200,581,0,0,0,0,447,157,2,124,4,49,547,225,1983,1563,679,1252,0,1,6,4,6,19,79,43,395,216,24,99,0,115,285,100,0,0,137,57,70,65,64,68,3,12.8,-5.3,18.1,1737,308,7.5,41.6,730,825,5477,11,147,171,265,94,733,-32.4,29,499,194,0,67
1943,SUNR,CALNOO,46.928496,121.655174,1792.106154,-4.4,1.9,1.4,8,7.9,11.8,18.3,15.6,17.7,7.5,3.9,0.6,-11.1,-7,-8.2,-3.9,-2.4,0.8,5.1,4.2,4.3,-0.1,-2.4,-5.5,-7.8,-2.5,-3.4,2.1,2.7,6.3,11.7,9.9,11,3.7,0.7,-2.4,167,183,278,135,106,72,18,32,23,174,100,211,0,0,0,0,0,0,0,0,0,0,0,0,250,105,137,30,18,2,0,0,0,16,51,111,0,2,2,16,22,65,208,150,185,39,11,3,799,571,665,478,473,351,195,252,211,445,518,631,0,0,0,0,0,0,1,1,4,0,0,0,1,2,1,5,7,17,29,28,25,14,9,4,146,117,257,68,58,12,0,2,0,13,246,196,0,0,0,55,66,83,111,84,70,28,14,0,0,0,0,0,0,11,93,51,47,0,0,0,71,65,62,58,64,64,59,63,58,74,76,77,-1,5.8,15.3,9.7,-8,-4.8,3.4,0.6,-4.5,0.5,9.3,5.1,695,519,123,297,0,0,0,0,466,185,2,67,5,41,423,236,2001,1616,798,1174,0,1,3,5,6,13,74,48,459,383,15,259,0,121,278,112,0,0,155,47,71,61,62,69,2.7,11.7,-7.8,19.5,1500,252,8.4,46.6,720,704,5590,8,141,190,267,77,1115,-32.4,29,510,202,0,66
1944,SUNR,CALNOO,46.928496,121.655174,1792.106154,-0.5,0.3,1.3,6.7,10.8,13,19.1,16.7,16.4,12.9,3.3,-0.2,-8.8,-8.2,-8,-4.4,-1.5,1.8,5.6,5.1,5.3,1.9,-4.5,-5.9,-4.6,-3.9,-3.4,1.1,4.6,7.4,12.4,10.9,10.9,7.4,-0.6,-3.1,177,164,163,120,122,38,10,19,105,63,199,135,0,0,0,0,0,0,0,0,0,0,0,0,168,136,137,40,7,1,0,0,0,4,73,125,1,1,2,12,41,85,229,180,181,100,7,2,702,610,665,506,415,319,175,223,215,330,558,650,0,0,0,0,1,0,2,1,4,1,0,0,2,1,1,4,9,20,30,29,27,20,5,3,116,128,151,77,41,4,0,1,1,26,28,102,0,0,0,51,79,87,115,87,63,39,0,0,0,0,0,0,0,50,105,69,0,0,0,0,66,65,63,60,59,64,58,63,65,64,70,75,0.1,6.3,16.3,10.9,-7.5,-4.7,4.1,0.9,-3.7,0.8,10.2,5.9,552,406,66,367,0,0,0,0,429,184,1,78,4,55,494,288,1962,1586,717,1104,0,1,4,5,6,14,79,52,346,269,5,56,0,130,289,103,0,0,224,0,69,60,62,66,3.2,12.4,-4.6,17,1315,293,10.1,42.2,693,841,5369,10,151,181,274,93,676,-32.4,29,522,224,0,64
1945,SUNR,CALNOO,46.928496,121.655174,1792.106154,0.5,0.1,0.8,4,11.5,13.4,20.8,18.3,12.5,10.1,0.5,-1.1,-7.4,-6.6,-7,-5.6,-0.7,1.7,6.1,6.7,4,0.2,-5.5,-5.9,-3.5,-3.2,-3.1,-0.8,5.4,7.5,13.5,12.5,8.3,5.1,-2.5,-3.5,314,270,301,163,101,23,10,15,150,138,356,282,0,0,0,0,0,0,0,0,0,0,0,0,139,119,129,72,5,1,0,0,1,9,115,136,2,1,2,6,52,88,264,234,109,58,4,2,667,590,655,564,391,314,140,172,293,400,616,664,0,0,0,0,1,0,4,3,2,0,0,0,2,2,2,2,12,20,30,30,25,15,4,3,172,193,274,139,26,2,0,0,4,1,81,75,0,0,0,0,81,90,124,93,51,34,0,0,0,0,0,0,0,67,114,78,0,0,0,0,68,72,68,64,60,62,55,63,72,67,75,76,0.1,5.4,17.5,7.7,-6.6,-4.4,4.8,-0.5,-3.2,0.5,11.2,3.6,720,565,48,645,0,0,0,0,395,206,1,126,5,60,586,171,1921,1610,626,1309,0,1,7,2,8,16,80,43,440,439,3,86,0,81,306,85,0,0,259,0,72,64,60,71,3,13.5,-3.5,17,2124,299,6.1,45.1,728,822,5466,10,147,165,263,98,967,-32.4,29,472,259,0,67
1946,SUNR,CALNOO,46.928496,121.655174,1792.106154,-1.2,-0.1,1.7,5.8,12.3,11.3,17.9,18.1,13.9,4.8,1.2,-0.1,-8.2,-7.3,-6.4,-4.8,-0.7,1.4,5.8,6.3,4.2,-2.7,-6.8,-6.9,-4.7,-3.7,-2.4,0.5,5.8,6.4,11.8,12.2,9,1.1,-2.8,-3.5,331,251,262,110,38,133,38,13,62,174,258,346,0,0,0,0,0,0,0,0,0,0,0,0,170,130,113,49,4,2,0,0,1,41,121,136,1,1,3,9,58,65,212,224,129,19,3,2,704,603,634,525,379,350,192,182,270,526,623,663,0,0,0,0,1,0,2,3,2,0,0,0,2,2,2,3,12,19,30,30,25,7,2,2,220,190,227,80,8,23,1,0,13,9,212,170,0,0,0,48,85,79,107,93,55,24,0,0,0,0,0,0,47,0,69,80,0,0,0,0,70,70,68,61,57,67,62,63,68,72,68,80,-0.8,6.6,15.8,6.6,-7.1,-4,4.5,-1.8,-4,1.3,10.1,2.4,864,410,183,494,0,0,0,0,436,166,2,164,4,70,501,151,1970,1538,723,1420,0,1,4,2,6,17,79,35,580,315,24,235,0,133,278,80,0,47,149,0,73,62,64,70,2.5,12.2,-4.7,16.9,2015,283,6.2,43.1,767,727,5651,8,136,169,266,97,1154,-32.4,29,491,196,0,67
1947,SUNR,CALNOO,46.928496,121.655174,1792.106154,-2.7,2.3,6.5,8.9,14.4,12.4,17.1,16.2,15.6,6.3,1.9,0.4,-11.1,-7,-5.3,-2.9,0.5,2,4.8,4.4,4.8,0.6,-4.7,-5.5,-6.9,-2.3,0.6,3,7.5,7.2,11,10.3,10.2,3.4,-1.4,-2.5,316,155,191,120,26,122,42,20,83,304,276,237,0,0,0,0,0,0,0,0,0,0,0,0,229,101,56,21,2,1,0,0,1,18,89,112,0,2,9,23,93,81,183,162,163,36,5,3,773,565,541,450,327,325,219,240,235,454,581,633,0,0,0,0,2,0,1,1,3,0,0,0,1,2,3,6,16,21,29,28,26,16,5,4,261,95,94,44,3,14,1,1,4,80,160,208,0,0,39,58,94,84,104,86,61,24,0,0,0,0,0,0,68,0,62,67,0,0,0,0,65,64,57,59,56,66,61,63,65,80,74,72,-0.2,9.9,15.2,7.9,-8.3,-2.6,3.7,0.2,-4.2,3.7,9.5,4.1,816,337,184,663,0,0,0,0,442,79,2,108,5,124,427,204,1971,1318,784,1269,0,2,2,4,6,25,78,47,564,140,16,244,0,191,274,85,0,68,129,0,67,57,63,73,3.3,11,-6.9,17.9,1892,292,7,37.5,630,761,5342,8,157,160,271,110,964,-32.4,29,550,197,0,65
1948,SUNR,CALNOO,46.928496,121.655174,1792.106154,-1.2,-1.7,1,2.8,8.2,15.6,16.7,13.6,13.9,8.4,-0.1,-3,-8.8,-9.7,-7.8,-5.5,-1.5,4,4.1,5.2,2.8,-1.7,-6.1,-9.8,-5,-5.7,-3.4,-1.4,3.3,9.8,10.4,9.4,8.3,3.3,-3.1,-6.4,249,295,193,134,142,82,76,70,105,100,362,410,6.4,9.3,13.2,17.1,19.7,25.2,24.3,20.3,17.5,11.2,6.3,5.1,178,180,138,84,13,0,0,0,1,19,129,214,1,1,2,5,27,145,164,134,111,35,3,1,714,661,666,582,455,248,237,269,291,456,633,752,0,0,0,0,0,1,1,1,2,0,0,0,2,1,1,2,9,26,28,29,22,10,3,1,172,265,179,119,69,2,3,4,4,52,133,117,0,0,0,0,66,97,103,70,58,32,0,0,0,0,0,0,0,15,27,0,0,0,0,0,69,67,64,68,66,63,60,72,64,65,75,76,-0.9,4,15.3,7.4,-8,-5,4.4,-1.7,-4.4,-0.5,9.8,2.9,782,469,228,567,6.9,16.7,23.2,11.7,572,236,1,149,2,34,443,149,2127,1703,754,1380,0,1,2,2,3,13,83,35,554,367,9,189,0,66,271,90,0,0,42,0,70,66,65,68,1.6,10.4,-6.4,16.8,2217,475,5.2,21.8,957,628,5963,5,134,177,255,77,1120,-32.4,29,426,42,14.6,67
1949,SUNR,CALNOO,46.928496,121.655174,1792.106154,-6.4,-1.7,2.9,7.7,13,13.9,17.5,17,16.4,7.3,7.7,-1.5,-14.4,-10.8,-6.3,-4.3,-0.5,0.7,4,5.2,5.1,-2.7,-1.3,-7.8,-10.4,-6.2,-1.7,1.7,6.3,7.3,10.7,11.1,10.7,2.3,3.2,-4.7,91,371,161,72,44,33,40,23,58,162,317,356,7,10,13,18.4,22.7,25.7,26.5,22.3,18.1,11,6.6,4.8,326,192,98,33,3,1,0,0,0,27,24,166,0,0,4,14,67,82,176,189,178,26,25,1,881,674,613,489,364,323,226,215,219,488,444,699,0,0,0,0,1,0,1,2,4,0,0,0,0,0,2,4,12,16,28,29,26,7,11,2,86,341,130,40,8,4,1,1,9,18,235,347,0,0,0,55,88,94,109,89,64,30,19,0,0,0,0,0,44,61,68,67,6,0,0,0,65,62,65,58,56,58,58,63,64,65,69,71,-3.7,7.8,16.1,10.5,-11.7,-3.7,3.3,0.4,-7.7,2.1,9.7,5.4,871,277,96,538,7.2,18,24.9,11.9,684,134,2,51,2,85,447,230,2254,1466,764,1152,0,2,3,4,2,19,73,45,774,178,6,262,0,143,292,112,0,44,196,6,66,60,59,66,2.5,11.1,-10.4,21.6,1728,198,7.2,56.3,870,763,5636,9,139,168,274,106,1220,-32.4,29,547,246,15.5,63
1950,SUNR,CALNOO,46.928496,121.655174,1792.106154,-8.3,-1.5,-0.5,3.6,8.7,13.8,18.8,18.4,15.8,5.1,1.3,2.2,-16.6,-8.5,-7.3,-5.3,-3.2,1.4,5.1,5.2,3.7,-0.6,-4.8,-3.4,-12.5,-5,-3.9,-0.8,2.8,7.6,11.9,11.8,9.8,2.3,-1.8,-0.6,320,289,370,171,53,46,30,59,56,241,353,313,6,8.7,11.6,17.5,22.4,23.7,26.9,22.5,19,10,6.5,4.6,388,161,150,72,17,1,0,0,1,27,97,75,0,1,2,6,23,90,215,211,151,26,5,6,943,640,681,565,472,312,188,193,247,489,593,574,0,0,0,0,0,0,2,2,3,0,0,0,0,1,2,3,5,19,29,29,24,13,4,7,313,248,349,146,29,4,1,2,2,47,41,256,0,0,0,0,71,93,113,96,64,23,0,0,0,0,0,0,18,47,83,37,7,0,0,0,63,71,72,66,59,60,58,59,61,80,75,73,-3.8,3.9,17,7.4,-11,-5.2,3.9,-0.6,-7.4,-0.6,10.5,3.4,965,593,135,650,6.4,17.2,24.4,11.9,624,240,1,125,6,30,517,181,2157,1717,694,1329,0,1,4,3,8,9,77,41,816,524,6,90,0,71,302,86,0,18,167,7,69,66,59,72,1.8,11.9,-12.5,24.4,2300,244,5.1,49,991,734,5897,8,136,191,262,71,1436,-32.4,29,460,192,14.9,67
1951,SUNR,CALNOO,46.928496,121.655174,1792.106154,-3.3,-0.2,0.1,8.6,10.9,15.7,19.7,17.4,17.1,6.5,2,-3,-9.5,-8.1,-9.2,-3.7,-1.6,2.2,4.8,3.9,4.4,-0.2,-4.9,-8.5,-6.4,-4.2,-4.5,2.4,4.7,8.9,12.3,10.7,10.7,3.2,-1.4,-5.7,356,337,233,31,95,17,7,29,82,188,234,299,6.4,9.8,13.3,21.7,21.8,26.9,27.7,24.6,18.5,10.3,6.3,5.3,216,141,167,26,7,1,0,0,0,20,90,196,1,1,1,19,42,122,226,173,178,34,5,1,757,616,700,467,414,273,178,229,219,462,583,733,0,0,0,0,1,1,2,1,4,0,0,0,1,1,1,5,9,22,29,27,25,14,4,1,284,269,224,14,32,1,0,1,3,71,184,91,0,0,0,58,79,102,120,94,67,25,0,0,0,0,0,27,0,84,113,65,0,0,0,0,73,67,62,57,58,57,55,58,60,77,73,77,-0.4,6.5,17.6,8.5,-7,-4.8,3.6,-0.2,-3.7,0.9,10.6,4.2,1006,358,53,504,7.1,18.9,26.4,11.7,553,200,1,110,2,61,522,217,2106,1581,680,1264,0,1,4,4,4,15,78,44,644,270,2,257,0,137,315,93,0,27,262,0,73,59,56,70,2.5,12.3,-6.4,18.7,1908,230,6.6,53.4,864,802,5630,9,140,185,267,82,1173,-32.6,28.8,545,289,16,64
1952,SUNR,CALNOO,46.928496,121.655174,1792.106154,-4.1,-0.7,0.4,8.7,11.3,11.6,20,17.9,18.2,13.1,2.7,-0.7,-10.3,-7.9,-7.3,-4.4,-1.2,1.5,4.9,5.9,4.8,0.5,-5.3,-5.8,-7.2,-4.3,-3.4,2.2,5.1,6.5,12.4,11.9,11.5,6.8,-1.3,-3.3,174,150,215,63,64,77,16,20,17,29,49,233,5.9,9.6,13.9,18.8,22.2,22.9,27.6,23.8,18.7,12.4,7.6,4.8,235,144,139,29,5,2,0,0,0,5,88,130,0,1,2,17,47,68,232,215,199,87,6,2,780,620,667,475,402,345,173,190,196,349,580,656,0,0,0,0,1,0,2,2,5,1,0,0,1,1,2,4,10,19,29,30,26,16,4,3,146,121,200,31,19,12,0,1,3,37,114,241,0,0,0,59,81,80,122,92,71,41,0,0,0,0,0,0,16,3,106,72,54,12,0,0,73,70,69,55,59,67,54,62,58,59,69,76,-2.6,6.8,16.5,11.3,-8.9,-4.3,4.1,0,-5.7,1.3,10.3,5.6,623,343,113,95,6.7,18.3,24.8,12.9,509,173,2,93,3,66,515,292,2056,1543,707,1126,0,1,5,6,6,15,78,46,508,249,13,154,0,139,294,112,0,16,181,66,73,61,61,62,3.1,12.4,-7.2,19.6,1107,194,11.8,64.3,777,876,5432,12,145,179,271,91,925,-32.6,28.8,545,263,15.7,64
1953,SUNR,CALNOO,46.928496,121.655174,1792.106154,0.6,0.7,1.6,4.6,8.2,9.1,18.3,16.8,15.7,9.9,4.1,0.2,-4.8,-6.6,-6.2,-4,-1.3,1.1,4.9,6,5.2,1.1,-2.5,-4.8,-2.1,-3,-2.3,0.3,3.5,5.1,11.6,11.4,10.5,5.5,0.8,-2.3,714,185,187,124,108,78,23,52,57,128,261,438,4.8,9.7,13.1,16.7,21.3,23.4,28,21.6,18.1,11.3,6.4,4.8,107,114,111,53,12,4,0,0,1,8,50,107,3,2,3,9,29,46,204,198,170,63,11,3,624,583,632,532,450,388,199,206,227,390,516,625,0,0,0,0,0,0,1,2,4,1,0,0,5,2,2,4,10,18,29,30,27,18,8,5,293,127,161,93,50,23,1,2,1,1,23,134,0,0,0,43,66,67,111,86,61,33,14,0,0,0,0,0,0,0,88,34,4,0,0,0,78,70,69,68,67,73,58,66,66,70,75,78,0.2,4.8,14.8,9.9,-5.8,-3.8,4,1.2,-2.8,0.5,9.4,5.6,1132,418,154,446,6.4,17,24.3,11.9,328,176,4,59,8,40,448,244,1832,1614,793,1134,0,1,3,4,11,16,76,53,554,304,25,25,0,108,265,107,0,0,122,4,75,68,65,71,3.2,11.6,-2.3,13.9,2354,318,5.6,36.5,566,740,5372,8,157,172,274,102,908,-32.6,28.8,481,126,14.9,70
1954,SUNR,CALNOO,46.928496,121.655174,1792.106154,-3.4,-0.4,0.7,3.6,10.7,10.1,15.8,13,12.9,8,5,-0.3,-9.1,-6.3,-8.8,-5.2,-1.4,0.8,3.8,5.5,5,-0.3,-1.3,-5.8,-6.2,-3.4,-4,-0.8,4.6,5.4,9.8,9.3,8.9,3.9,1.8,-3.1,402,240,143,130,52,105,55,51,66,89,237,261,5.9,10.2,14.8,19.3,22.8,22.6,26.3,22.3,18,11.4,6.8,5.1,211,123,154,71,7,3,0,0,1,15,36,125,1,1,2,6,41,51,146,131,127,41,16,2,752,594,685,563,415,378,255,272,273,440,485,650,0,0,0,0,1,0,1,1,2,0,0,0,1,2,1,3,9,17,28,29,26,14,11,3,316,175,136,111,18,27,3,3,2,7,73,203,0,0,0,0,78,73,99,66,50,29,15,0,0,0,0,0,26,0,44,15,0,0,0,0,76,75,62,66,59,69,62,75,74,71,77,79,-1.2,5,13,8.6,-6.7,-5.1,3.4,1.1,-4,-0.1,8.2,4.9,1080,325,211,392,7.1,18.9,23.7,12,460,232,4,53,4,48,328,184,1996,1663,905,1198,0,1,1,2,7,13,73,51,693,264,32,83,0,78,238,94,0,26,59,0,77,62,69,74,2.2,9.8,-6.2,16,1832,329,6.7,29.8,748,565,5762,5,144,172,273,101,1072,-32.6,28.8,410,85,15.4,70
1955,SUNR,CALNOO,46.928496,121.655174,1792.106154,-2,-1.7,-3,1,5.4,12.1,13.8,16.7,13.4,6.7,-1.5,-1.8,-7.6,-8.7,-9.1,-6.2,-3.5,1.6,4.1,4.4,4,0.1,-7.3,-7.7,-4.8,-5.2,-6.1,-2.6,0.9,6.9,8.9,10.5,8.7,3.4,-4.4,-4.7,150,193,306,170,98,54,86,13,71,304,395,367,6.6,10.1,14,17.4,21.5,24.7,24.1,25.5,18.3,10.3,7,4.9,174,167,209,113,40,2,0,0,1,18,160,168,1,1,1,3,12,75,121,170,120,36,2,1,708,647,748,618,529,335,282,233,280,453,671,702,0,0,0,0,0,0,0,1,2,0,0,0,2,1,1,2,5,20,28,28,25,15,2,2,101,168,301,161,68,7,6,1,5,12,48,145,0,0,0,0,56,83,86,89,54,26,0,0,0,0,0,0,0,29,0,76,0,0,0,0,76,71,74,71,67,65,68,61,69,77,76,77,-1.3,1.1,14.2,6.2,-7.4,-6.3,3.4,-1,-4.4,-2.6,8.8,2.6,604,574,153,770,7.2,17.6,24.8,11.9,509,361,2,179,3,16,366,159,2056,1895,850,1404,0,0,2,2,5,7,76,42,414,530,13,65,0,56,258,80,0,0,105,0,75,71,65,74,1,10.5,-4.8,15.4,2207,323,5,32.7,1052,543,6205,4,129,187,264,77,1022,-32.6,28.8,394,105,15.4,71
1956,SUNR,CALNOO,46.928496,121.655174,1792.106154,-2.7,-3.8,-1.7,6.6,13,10.8,19.8,17.2,14.4,5,3.1,0.5,-8.4,-9.9,-7.8,-4.3,-0.5,1.4,6,5.4,4.3,-0.6,-4.9,-5.6,-5.6,-6.8,-4.8,1.2,6.3,6.1,12.9,11.3,9.3,2.2,-0.9,-2.5,325,170,348,33,47,93,21,20,86,217,116,382,5.6,9.5,13.2,21.2,23.2,23.5,27.1,23.6,18.2,10.5,7.6,5.1,193,207,174,39,3,2,0,0,1,28,80,113,1,0,1,12,67,62,245,194,138,25,6,3,731,691,708,504,364,356,160,209,260,492,568,633,0,0,0,0,1,0,3,2,2,0,0,0,2,1,1,4,12,19,30,29,25,13,4,4,239,160,336,21,8,17,0,1,5,52,299,266,0,0,0,51,88,76,118,89,57,22,0,0,0,0,0,18,41,0,96,69,0,0,0,0,76,74,75,61,56,69,58,63,67,80,69,74,-2.8,6,15.9,7.5,-8.6,-4.2,4.3,-0.4,-5.7,0.9,10.1,3.5,862,428,135,420,6.7,19.2,24.7,12.1,512,216,2,109,4,81,501,170,2055,1575,725,1321,0,1,5,3,6,18,78,42,665,365,18,356,0,139,283,80,0,59,165,0,75,64,63,72,2.4,12.9,-5.6,18.4,1860,268,6.7,48,840,755,5677,9,144,168,266,98,1405,-32.6,28.8,502,224,15.7,68
1957,SUNR,CALNOO,46.928496,121.655174,1792.106154,-4.7,-1,1.5,6.5,11.6,13,16.2,15,18.1,7,2.7,0.8,-12.7,-8.1,-5.8,-3.2,1.3,3.3,4.5,4.4,5.8,0.2,-5.4,-5.1,-8.7,-4.5,-2.2,1.6,6.5,8.2,10.3,9.7,12,3.6,-1.3,-2.2,133,224,317,112,60,80,30,35,34,138,167,358,6.4,10.3,13.4,18.6,22.7,23.8,25.8,22.6,18.7,10.7,7.6,4.5,271,150,108,34,3,1,0,0,0,17,88,104,0,1,3,14,71,103,163,143,213,38,6,3,826,627,628,491,358,296,238,260,185,449,580,622,0,0,0,0,1,0,1,1,6,0,0,0,0,1,3,6,19,25,29,28,27,15,4,4,120,186,270,64,10,6,1,2,5,66,51,188,0,0,0,49,78,83,99,80,70,26,0,0,0,0,0,0,17,3,70,45,35,0,0,0,66,71,71,65,66,68,63,66,61,77,69,75,-1.7,6.5,14.7,9.3,-8.8,-2.6,4.1,0.2,-5.2,2,9.4,4.7,738,489,145,339,7,18.2,24,12.3,525,145,1,105,4,88,409,256,2076,1477,793,1213,0,2,2,6,6,27,81,46,494,343,9,123,0,127,263,96,0,17,118,35,70,67,66,69,2.7,10.3,-8.7,19,1688,239,7.6,43.2,776,757,5559,10,160,150,277,127,968,-32.6,28.8,485,170,15.4,68
1958,SUNR,CALNOO,46.928496,121.655174,1792.106154,-0.4,3.1,2.4,5.5,15.3,15.9,22.4,20.7,13.1,10.2,1.7,2.3,-5.7,-3.7,-6.7,-3.8,1.6,5.2,7.8,6.3,4.4,0.8,-5.1,-3.2,-3,-0.3,-2.2,0.9,8.5,10.5,15.1,13.5,8.8,5.5,-1.7,-0.5,308,235,116,199,23,63,3,19,87,168,498,333,5.2,8.5,13.2,17.7,23.7,23.6,27.3,23.7,16,11.6,6.5,4.4,129,65,107,44,1,0,0,0,1,8,95,72,2,5,3,11,119,167,313,264,122,64,5,6,654,508,627,514,295,225,99,142,278,388,590,569,0,0,0,0,2,2,9,5,2,1,0,0,4,5,2,5,20,28,31,30,25,17,4,7,156,86,98,134,1,1,0,0,1,22,79,162,0,0,0,46,97,96,130,106,52,34,0,0,0,0,0,0,74,33,127,87,0,0,0,0,78,74,64,66,57,66,56,56,72,68,73,76,1.2,7.8,19.6,8.3,-4.8,-3,6.4,0.1,-1.8,2.4,13,4.2,902,337,84,753,6,18.2,24.9,11.3,266,152,0,104,13,133,744,191,1730,1436,466,1257,0,3,15,2,16,26,88,47,403,234,2,102,0,144,331,86,0,74,247,0,76,62,59,71,4.6,15.1,-3,18.1,2051,194,7.1,77.6,523,1081,4889,21,177,149,265,115,741,-32.6,28.8,561,321,15.1,67
1959,SUNR,CALNOO,46.928496,121.655174,1792.106154,-1.3,-1.2,0.9,6.4,8.6,12.7,19.7,15.8,10.8,7.6,3.3,0.3,-7.1,-6.8,-5.9,-3.6,-1.9,2.7,5.8,4.5,4.6,0.5,-5,-5.5,-4.2,-4,-2.5,1.4,3.3,7.7,12.7,10.1,7.7,4.1,-0.8,-2.6,421,162,306,146,80,72,30,27,204,188,327,252,5.4,8.4,12.3,19.1,21.4,23.2,27.1,22.8,15.4,10.5,7.4,4.8,158,136,116,37,13,1,0,0,2,14,77,114,1,1,3,13,27,91,241,156,95,43,7,3,690,611,638,499,454,310,163,246,311,434,564,635,0,0,0,0,0,0,3,1,1,0,0,0,2,2,3,5,8,23,30,28,26,16,4,4,261,127,268,88,39,6,0,1,7,9,255,92,0,0,0,49,68,83,118,84,42,27,0,0,0,0,0,0,0,11,87,57,0,0,0,0,76,76,72,64,64,67,57,64,79,76,68,78,-0.1,5.3,16,7.2,-5.7,-3.8,4.3,0,-2.9,0.7,10.2,3.6,916,532,130,719,6.2,17.6,24.4,11.1,408,166,1,93,5,43,489,145,1936,1591,720,1308,0,1,4,2,8,16,81,46,479,395,8,270,0,118,285,70,0,0,155,0,77,67,63,74,2.7,12.7,-4.2,17,2215,414,5.8,30.8,669,682,5555,6,151,186,268,81,1153,-32.6,28.8,472,155,14.8,70
1960,SUNR,CALNOO,46.928496,121.655174,1792.106154,-2.6,-0.6,2.4,6,7.1,14,21.6,14.1,14.7,8.7,1.7,0.2,-8.7,-7.1,-6.7,-3.7,-1.6,2.2,6,5.5,4.2,0.8,-4.7,-5.8,-5.6,-3.9,-2.1,1.1,2.7,8.1,13.8,9.8,9.4,4.8,-1.5,-2.8,163,225,249,164,161,38,2,72,44,167,382,162,5.8,9.7,12.8,17.1,17.8,26.2,28.1,21.1,18.4,10.4,6.5,5.2,196,134,107,40,18,1,0,0,1,11,92,119,1,1,3,12,22,101,273,146,140,52,5,2,734,608,626,506,474,298,132,257,258,412,586,642,0,0,0,0,0,0,4,1,2,0,0,0,2,2,2,5,9,21,30,29,25,17,5,3,121,174,211,105,88,3,0,4,22,23,139,126,0,0,0,48,61,92,129,72,59,30,0,0,0,0,0,0,0,54,126,0,15,0,0,0,74,73,65,65,69,62,53,72,66,73,75,76,-1,5.1,16.6,8.3,-7.1,-4,4.6,0.1,-4,0.6,10.6,4.2,640,574,113,592,6.9,15.9,25.2,11.8,449,165,1,104,4,37,520,197,1984,1606,686,1256,0,1,6,3,7,16,81,47,421,404,7,184,0,108,293,88,0,0,180,15,74,66,62,71,2.8,13.8,-5.6,19.4,1829,318,7,43.4,719,759,5532,9,150,181,265,83,1016,-32.6,28.8,490,195,14.9,68
1961,SUNR,CALNOO,46.928496,121.655174,1792.106154,2.2,0.1,2,4.2,9.2,17.8,20.2,21.3,12.7,6.8,0.5,-1.2,-5.4,-4.6,-5.7,-3.7,-0.9,3.5,6.2,7.5,3.2,-1.2,-6.5,-6.5,-1.6,-2.3,-1.8,0.3,4.2,10.7,13.2,14.4,7.9,2.8,-3,-3.8,298,471,253,163,98,32,33,24,61,161,206,329,6.1,8,12.2,16.8,20.1,26.5,27.2,23.1,18.2,11.1,7.4,4.5,97,100,100,53,9,0,0,0,2,23,127,144,4,2,3,9,35,171,256,292,101,30,3,2,609,564,617,532,429,221,146,115,303,473,630,674,0,0,0,0,1,2,3,8,1,0,0,0,4,4,3,5,11,25,30,30,23,11,3,3,108,287,208,123,38,1,0,0,3,14,190,85,0,0,0,41,70,111,120,107,53,27,0,0,0,0,0,0,0,79,87,83,0,0,0,0,70,80,70,70,66,56,57,58,69,72,71,75,0.8,5.1,19.8,6.7,-5.3,-3.4,5.7,-1.5,-2.2,0.9,12.8,2.6,931,514,90,428,6.2,16.4,25.6,12.2,341,162,0,151,8,48,719,135,1847,1579,481,1406,0,1,13,2,11,19,86,37,481,368,1,206,0,111,339,80,0,0,249,0,75,68,57,71,3.4,14.4,-3.8,18.3,2130,249,6.3,58.1,654,909,5312,16,152,172,257,85,1057,-32.2,28.9,530,249,15.1,68
1962,SUNR,CALNOO,46.928496,121.655174,1792.106154,-1.5,1.3,1.4,8,5.9,13.8,17.5,15.5,15.8,8.1,3.7,1.3,-8.8,-6.7,-7.6,-3.2,-1.5,1.1,4.6,5.5,5.3,0.6,-3.1,-4.5,-5.1,-2.7,-3.1,2.4,2.2,7.5,11.1,10.5,10.6,4.4,0.3,-1.6,173,114,221,151,99,36,31,79,79,131,435,219,5.9,9.8,13.6,18.3,20,27.3,27.5,21.2,18.5,10.5,6.5,5,182,108,129,27,23,1,0,0,1,12,57,93,1,2,2,18,19,87,187,168,173,47,10,4,718,576,655,468,490,316,215,235,224,423,531,604,0,0,0,0,0,0,1,1,4,0,0,0,2,2,1,6,9,18,29,29,27,17,7,5,121,75,200,69,59,4,1,3,6,37,132,210,0,0,0,55,55,93,107,80,61,29,14,0,0,0,0,0,0,58,77,1,0,0,0,0,69,68,64,60,73,59,59,68,66,74,75,77,-0.5,5.1,15.6,9.2,-7.3,-4.1,3.7,1,-3.9,0.5,9.7,5.1,616,470,145,645,6.9,17.3,25.3,11.8,383,179,1,70,7,39,442,230,1897,1614,766,1179,0,1,3,4,8,16,76,51,406,328,8,176,0,110,281,104,0,0,136,0,72,66,62,72,3,11.1,-5.1,16.2,1766,324,7.4,34.2,633,717,5456,7,151,182,275,93,917,-32.2,28.9,494,136,15.3,68
1963,SUNR,CALNOO,46.928496,121.655174,1792.106154,-3,5.1,2.8,3.9,11,11.6,14.8,16.6,17.7,8.4,2,0.6,-10.5,-3.6,-6.1,-4,-0.9,2.4,4.7,5.9,6.6,1.3,-4,-5.5,-6.7,0.7,-1.7,0,5.1,7,9.7,11.2,12.1,4.9,-1,-2.4,90,234,209,149,50,59,67,48,39,140,285,200,7.1,9.5,13.6,16.7,23.3,24.3,25.3,23.3,18,10.5,6.2,4.7,224,51,97,58,5,2,0,0,0,10,82,111,1,7,4,8,47,77,144,191,217,54,6,3,767,480,612,541,401,332,257,212,181,408,571,631,0,0,0,0,1,0,0,2,7,0,0,0,1,5,2,4,11,22,29,30,28,19,6,4,73,60,168,117,14,8,3,2,3,14,140,85,0,21,0,0,79,78,91,85,66,29,0,0,0,0,0,0,29,19,23,37,27,0,0,0,68,68,66,70,60,69,67,66,65,76,76,77,1.1,5.9,14.3,9.4,-6.2,-3.7,4.3,1.3,-2.5,1.1,9.3,5.3,543,408,175,464,7.1,17.9,24.3,11.6,387,160,2,92,11,59,412,277,1878,1554,801,1160,0,1,2,7,10,18,81,52,218,299,12,157,21,79,253,95,0,29,79,27,71,65,67,72,3.2,11.2,-6.7,18,1571,263,8.4,42.6,640,758,5393,11,161,169,283,115,687,-32.2,28.9,447,135,15.2,69
1964,SUNR,CALNOO,46.928496,121.655174,1792.106154,-2,1.1,0.9,3.4,8.5,11.7,16.9,14.4,12.5,10.4,0.5,-2.5,-6.8,-7.7,-7.1,-5.8,-3.8,0.5,4.2,4.7,3.7,0.8,-5.1,-8,-4.4,-3.3,-3.1,-1.2,2.4,6.1,10.6,9.6,8.1,5.6,-2.3,-5.3,500,117,272,121,87,111,44,71,88,90,285,399,5.4,10.3,13.1,18.2,21.8,22.5,24.2,21,17.4,11.6,6.7,4.8,162,122,129,80,21,2,0,0,2,8,110,183,1,1,2,5,20,62,170,139,105,65,4,1,695,593,655,576,485,357,231,264,298,386,609,718,0,0,0,0,0,0,1,1,1,1,0,0,3,1,2,2,4,16,28,28,24,17,4,2,318,84,247,107,51,21,1,4,1,11,127,97,0,0,0,0,71,83,105,76,51,34,0,0,0,0,0,0,0,0,61,5,0,0,0,0,79,65,68,65,57,63,60,68,71,68,77,75,-0.1,4.3,14.4,7.8,-6.7,-5.5,3.1,-0.2,-3.4,-0.6,8.7,3.8,817,481,226,463,6.8,17.7,22.6,11.9,467,230,3,119,4,27,371,173,2006,1716,851,1294,0,0,2,2,6,8,72,45,499,405,27,139,0,71,264,85,0,0,66,0,73,63,64,72,1.9,10.6,-5.3,15.8,2185,401,5.4,26.3,819,575,5867,4,131,194,262,68,1070,-32.2,28.9,420,66,14.7,68
1965,SUNR,CALNOO,46.928496,121.655174,1792.106154,-1.6,-0.4,5.3,7.6,8.3,14.5,20.3,16.9,13.4,10.9,4.1,-0.9,-6.7,-6.4,-7.2,-3.6,-2.1,1.8,5.8,6.4,3.5,1.8,-1.7,-6.6,-4.2,-3.4,-1,2,3.1,8.2,13.1,11.6,8.4,6.4,1.2,-3.7,414,237,56,129,71,17,28,64,29,99,191,192,5.7,8.5,15.9,18.2,23.2,28,27.6,22.2,19.4,11,6.2,4.6,156,124,82,31,15,1,0,0,1,6,44,142,1,1,5,16,25,103,252,206,114,79,13,2,688,596,590,481,462,295,149,199,288,362,505,671,0,0,0,0,0,0,3,2,2,1,0,0,3,2,2,5,7,20,30,30,24,20,10,3,254,174,41,67,36,1,0,2,8,5,164,308,0,0,0,54,68,96,122,85,55,34,14,0,0,0,0,0,0,79,94,21,26,0,0,0,78,75,54,60,64,59,56,67,68,70,78,76,-1.5,7.1,17.3,9.4,-7.1,-4.3,4.7,1.2,-4.3,1.4,11,5.3,1050,256,109,319,6.3,19.1,26,12.2,422,128,1,52,4,46,561,206,1954,1532,642,1154,0,1,6,3,8,14,80,54,736,143,3,177,0,121,303,103,0,0,194,26,77,59,61,72,3.5,13.1,-4.2,17.2,1526,208,8.8,62.9,602,816,5283,9,156,189,261,71,1059,-32.2,28.9,527,220,15.9,67
1966,SUNR,CALNOO,46.928496,121.655174,1792.106154,-1.8,0.1,2.8,6.7,11.9,11.7,16.2,17.1,15.8,8.1,3.4,0.6,-7.6,-7.1,-6.9,-3.6,-1.8,1.5,4.6,5.4,6,-0.5,-3.3,-4.1,-4.7,-3.5,-2,1.5,5,6.6,10.4,11.2,10.9,3.8,0.1,-1.8,283,172,193,89,73,63,71,19,53,152,243,313,5.9,9.7,13.5,20.5,23.4,24,26.7,24.3,17.3,11.2,6.5,3.9,171,125,104,35,6,2,0,0,0,16,61,96,1,1,3,14,47,70,166,192,182,40,9,4,705,597,623,494,402,342,236,211,214,442,538,609,0,0,0,0,1,0,1,2,4,0,0,0,2,2,2,5,8,19,29,29,27,13,7,5,188,127,162,52,21,10,3,1,2,3,48,121,0,0,0,50,84,80,99,89,60,30,14,0,0,0,0,0,12,17,28,70,6,0,0,0,76,70,62,63,55,66,63,63,68,70,75,76,-0.9,7.1,15,9.1,-7.1,-4.1,3.8,0.7,-4,1.5,9.4,4.9,647,355,154,449,6.5,19.1,25,11.7,392,145,2,77,6,63,428,231,1912,1519,789,1195,0,1,3,4,9,15,77,47,436,235,13,54,0,135,269,103,0,12,115,6,74,60,64,71,3.1,11.2,-4.7,16,1726,280,7.6,40.2,617,729,5415,8,149,183,279,96,737,-32.2,28.9,506,133,15.6,68
1967,SUNR,CALNOO,46.928496,121.655174,1792.106154,-1.2,1.2,0.5,3.5,9.9,16,19.3,22.7,19,7.3,3.7,-1,-5.9,-6.1,-7.2,-5.9,-1.6,3.8,5.5,7.2,6.5,0.7,-3.6,-6.7,-3.6,-2.4,-3.3,-1.2,4.2,9.9,12.4,15,12.8,4,0,-3.8,440,166,212,115,34,38,4,2,45,295,146,284,5.1,8.8,11.5,17,21.4,26.8,27.7,25.4,18.9,9.7,6.8,4.8,141,103,136,80,9,0,0,0,0,14,62,144,2,2,2,5,36,148,230,306,234,43,9,2,669,568,664,576,429,244,174,103,165,436,540,674,0,0,0,0,1,1,2,10,8,0,0,0,4,3,2,2,9,26,30,30,28,17,6,2,245,104,195,101,13,1,0,0,2,22,84,127,0,0,0,0,74,100,116,116,72,27,14,0,0,0,0,0,41,62,112,113,26,0,0,0,80,71,68,64,61,61,58,54,61,77,72,80,0.2,4.6,19.3,10,-5.3,-4.9,5.5,1.2,-2.6,-0.1,12.4,5.6,920,360,44,486,6.2,16.6,26.6,11.8,388,224,0,77,5,43,684,285,1911,1668,522,1140,0,1,14,9,9,13,86,51,476,310,1,107,0,74,331,113,0,41,287,26,77,65,58,70,3.7,15,-3.8,18.8,1780,123,7.7,122,690,1017,5240,23,158,179,281,103,894,-32.2,28.9,518,354,15.3,67
1968,SUNR,CALNOO,46.928496,121.655174,1792.106154,-1.8,4.9,4.3,4.8,10.5,13.3,19.7,14.6,13.5,6.1,1.9,-2.7,-8.1,-5.1,-4.7,-4.9,-0.7,2.4,5.9,5.3,4.7,-1.1,-4.3,-8.5,-4.9,-0.1,-0.2,-0.1,4.9,7.8,12.8,10,9.1,2.5,-1.2,-5.6,289,258,207,113,80,98,23,107,95,164,264,320,5,10.6,13.1,17.3,20.4,24.3,27,21.4,17.2,9.2,6.1,4.2,177,63,68,58,6,1,0,0,1,25,85,192,1,5,6,8,45,95,242,152,131,28,6,1,712,503,566,542,406,305,162,250,268,481,576,728,0,0,0,0,1,0,3,1,2,0,0,0,2,3,4,3,12,22,30,29,26,12,5,1,198,89,127,89,25,8,0,5,1,38,51,181,0,0,0,0,76,88,117,76,53,26,0,0,0,0,0,0,0,0,95,0,0,0,0,0,74,63,66,64,63,64,58,70,71,74,76,76,0.7,6.5,15.9,7.2,-6.6,-3.4,4.5,-0.2,-3,1.5,10.2,3.5,831,401,228,523,6.6,17,24.2,10.8,432,133,1,111,7,59,490,165,1944,1514,718,1325,0,1,4,2,7,19,81,42,468,241,14,89,0,76,281,79,0,0,95,0,71,64,64,74,2.9,12.8,-5.6,18.4,2019,404,6.4,31.7,676,721,5500,7,149,168,269,100,813,-32.2,28.9,435,95,14.6,68
1969,SUNR,CALNOO,46.928496,121.655174,1792.106154,-5.6,-1,4,5.8,13.2,15.8,17.3,15.9,12.9,6.8,4,0.3,-11.9,-8.2,-6.9,-4.3,-0.4,4.9,4.2,4.3,5.3,-1.4,-3.2,-5.2,-8.8,-4.6,-1.4,0.8,6.4,10.3,10.8,10.1,9.1,2.7,0.4,-2.4,331,98,138,120,73,61,17,16,153,78,113,274,5.6,10,14.6,17.4,23.2,25.2,27.3,23.6,16.3,10.9,7.3,4.6,273,151,91,45,3,0,0,0,1,24,56,110,0,1,4,10,70,161,176,156,132,29,10,3,829,628,604,517,360,231,225,247,267,477,528,630,0,0,0,0,1,1,1,1,2,0,0,0,1,1,2,4,13,27,28,28,27,11,7,4,301,81,107,83,12,1,1,1,6,43,122,255,0,0,0,48,89,96,107,85,49,28,14,0,0,0,0,0,16,35,90,68,0,0,0,0,73,70,59,63,56,65,59,63,75,71,73,74,-3.1,7.7,16.3,7.9,-9.5,-3.9,4.5,0.2,-6.3,1.9,10.4,4.1,749,332,95,344,6.7,18.4,25.4,11.5,534,139,0,81,4,84,493,171,2087,1481,703,1273,0,1,3,2,6,18,84,44,637,203,3,172,0,137,288,91,0,16,193,0,72,59,62,73,2.8,10.8,-8.8,19.5,1473,321,8.7,33.5,754,753,5543,7,152,173,274,101,1014,-32.2,28.9,516,209,15.5,67
1970,SUNR,CALNOO,46.928496,121.655174,1792.106154,-2.3,3.1,2.9,2.5,10.1,15.5,18.9,18.7,12.7,6.7,2.8,-2.1,-8.1,-5.3,-6.5,-5.5,-2.3,2.5,5.1,3.9,2.7,-1.9,-5,-7.7,-5.2,-1.1,-1.8,-1.5,3.9,9,12,11.3,7.7,2.4,-1.1,-4.9,384,143,152,181,49,21,27,15,92,111,241,319,5.7,10.8,13.9,16.3,21.9,25.7,26,25.5,17.4,11.5,6.4,4.7,184,78,99,86,10,1,0,0,2,26,83,172,1,3,4,5,33,124,217,194,96,27,6,1,721,531,616,584,437,270,187,209,310,485,573,706,0,0,0,0,1,1,2,2,1,0,0,0,2,3,2,2,7,23,29,27,22,9,4,2,272,66,124,162,20,1,1,0,10,19,35,132,0,0,0,0,76,100,114,100,54,28,0,0,0,0,0,0,27,79,87,86,0,0,0,0,75,68,64,69,58,59,57,54,67,70,69,77,0.4,5.2,17.7,7.4,-6.2,-4.7,3.8,-1.4,-2.9,0.2,10.8,3,801,382,63,444,7.1,17.4,25.7,11.8,434,195,1,111,5,41,535,129,1957,1636,667,1368,0,1,4,1,7,12,79,35,470,307,2,65,0,76,315,82,0,27,252,0,73,63,57,69,2.6,12,-5.2,17.2,1735,204,7.2,58.6,741,710,5628,6,133,182,254,72,844,-32.2,28.9,473,279,15.5,65
1971,SUNR,CALNOO,46.928496,121.655174,1792.106154,-1.9,-0.1,-0.7,4.7,10.8,9.6,19.3,20.3,12.9,7.5,1.2,-2,-8.4,-7.5,-8.5,-5.3,-2.2,0,4.9,5.9,2.7,-1.6,-4.9,-7.9,-5.2,-3.8,-4.6,-0.3,4.3,4.8,12.1,13.1,7.8,2.9,-1.9,-5,501,197,300,82,93,82,40,16,106,143,237,371,5.5,9,11.9,18.2,21.7,22.7,26.8,23.8,17.2,11.3,6.3,4.9,183,132,170,63,8,5,0,0,2,22,100,174,1,1,1,7,37,43,221,253,98,32,5,1,719,606,703,549,425,396,183,154,307,469,596,708,0,0,0,0,1,0,2,4,1,0,0,0,2,2,1,3,7,13,29,30,22,10,4,2,354,152,289,66,35,26,1,0,10,31,109,235,0,0,0,0,79,73,117,105,54,29,0,0,0,0,0,0,0,0,77,89,0,0,0,0,72,69,68,62,57,68,56,56,67,68,75,76,-1.3,4.9,16.4,7.2,-7.9,-5.3,3.6,-1.3,-4.6,-0.2,10,3,1018,475,138,486,6.5,17.3,24.5,11.6,490,240,5,123,3,45,516,134,2033,1677,733,1371,0,1,6,2,5,11,72,36,740,391,27,149,0,79,295,84,0,0,166,0,73,62,60,70,2,13.1,-5.2,18.3,2170,337,5.5,38.9,857,699,5815,8,124,180,254,74,1307,-31.9,30,458,166,14.9,66
1972,SUNR,CALNOO,46.928496,121.655174,1792.106154,-3.1,0,1.8,2.9,11.3,12.4,18.2,18.8,11.7,8.8,2.6,-3,-10,-7.7,-6.6,-6.4,-1.6,1.7,4.5,5.4,2.8,-1.5,-3.5,-8.9,-6.5,-3.9,-2.4,-1.8,4.8,7,11.3,12.1,7.2,3.7,-0.5,-6,429,353,307,179,56,88,62,31,139,38,194,398,5.6,8.3,11.7,17.4,23.2,24.2,26.9,23.9,17.8,11.8,6.4,4.5,219,134,113,93,6,2,0,0,2,16,71,202,1,1,3,4,44,78,195,220,86,39,7,1,761,608,634,593,408,330,208,185,323,445,555,739,0,0,0,0,1,0,1,3,1,0,0,0,1,1,2,2,9,20,29,29,22,10,6,1,345,274,266,164,18,11,2,1,11,31,126,277,0,0,0,0,81,84,111,98,50,33,0,0,0,0,0,0,25,0,49,67,0,0,0,0,71,68,67,64,57,65,57,59,70,64,76,75,-1.7,5.3,16.4,7.7,-8.5,-4.9,3.9,-0.8,-5.1,0.2,10.1,3.5,1153,543,181,371,6.1,17.4,25,12,556,211,2,90,2,51,493,132,2109,1635,723,1323,0,1,4,1,4,13,78,39,896,447,13,168,0,81,293,82,0,25,116,0,71,63,60,70,2.1,12.1,-6.5,18.6,2274,376,5.3,32.2,858,678,5790,6,133,172,255,83,1524,-31.9,30,456,141,15.1,66
1973,SUNR,CALNOO,46.928496,121.655174,1792.106154,-2.3,2.2,2.3,6.8,11.3,12.8,19.2,16.7,15.1,6.5,-1,0.3,-8.9,-6.5,-5.9,-4.4,-0.6,2.2,4.8,3.9,4.4,-0.7,-5.7,-4.3,-5.6,-2.2,-1.8,1.2,5.3,7.5,12,10.3,9.7,2.9,-3.3,-2,209,84,131,78,64,78,7,8,79,133,390,420,6.2,10.2,13,20,22.5,24.4,27.2,24.3,17.9,9.8,6.1,4.4,195,98,99,39,5,1,0,0,1,22,135,102,1,2,4,12,51,87,216,163,149,32,3,3,733,561,615,504,393,317,188,239,249,469,640,618,0,0,0,0,1,0,2,1,3,0,0,0,1,2,3,4,12,21,29,27,25,13,3,5,155,50,107,50,17,8,0,0,17,6,76,327,0,0,0,52,80,85,117,90,60,26,0,0,0,0,0,0,16,7,109,82,0,0,0,0,72,66,68,60,60,65,56,60,66,75,80,73,-1.1,6.8,16.2,6.9,-8.1,-3.7,3.6,-0.7,-4.6,1.6,9.9,3.1,691,273,94,602,6.9,18.5,25.3,11.3,394,143,1,157,6,67,466,183,1911,1513,744,1358,0,1,3,3,9,18,78,41,532,173,8,99,0,131,292,86,0,16,198,0,70,63,60,73,2.8,12,-5.6,17.6,1683,237,7.6,50.5,696,722,5525,7,146,172,267,95,812,-31.9,30,509,214,15.5,67
1974,SUNR,CALNOO,46.928496,121.655174,1792.106154,-3.1,-0.4,1.5,4.2,6.5,14.4,16.7,18.4,18.7,11.5,2.7,0.8,-9.8,-6.1,-7.2,-4.2,-2.9,1.8,4.5,5.9,5.3,-0.5,-3.9,-5.1,-6.5,-3.2,-2.9,0,1.8,8.1,10.6,12.1,12,5.5,-0.6,-2.1,482,230,274,182,108,75,70,9,20,50,282,420,6,8.8,12.8,17.2,20.6,25.9,24.5,24.7,19.8,12.5,7.2,4.8,217,120,124,58,28,1,0,0,0,8,73,104,1,1,2,8,16,101,172,221,213,64,7,3,758,591,649,541,503,298,230,184,184,389,558,621,0,0,0,0,0,0,1,3,6,1,0,0,1,2,2,4,6,20,29,30,27,13,6,4,385,164,246,142,68,5,2,0,4,29,262,183,0,0,0,0,60,95,102,95,72,38,0,0,0,0,0,0,0,20,32,85,53,0,0,0,71,76,66,68,66,60,61,61,58,61,74,81,-1.1,4,16.5,11,-6.7,-4.8,4.1,0.3,-3.9,-0.4,10.3,5.6,1131,563,155,351,6.5,16.8,25,13.2,441,209,1,81,5,26,494,284,1970,1692,712,1131,0,0,4,7,8,11,79,46,733,456,8,295,0,60,292,110,0,0,137,53,76,67,61,64,2.9,12.1,-6.5,18.6,2201,282,5.9,43,733,809,5505,11,143,191,274,83,1492,-31.9,30,463,190,15.4,67
1975,SUNR,CALNOO,46.928496,121.655174,1792.106154,-2,-1.2,0.9,3.1,9.7,11.3,18.2,13.9,17.1,5.1,1.2,0.6,-8.1,-8.5,-7.3,-6.6,-2.5,1.1,6.7,4.8,4.2,-0.4,-6.1,-6,-5,-4.8,-3.2,-1.8,3.6,6.2,12.5,9.4,10.6,2.3,-2.5,-2.7,467,245,205,90,88,54,20,109,4,259,296,499,5.9,8.7,13.7,19.3,23.1,25.1,26.5,21.7,20.7,9.6,6.8,5,179,157,132,92,11,2,0,0,1,27,113,116,1,1,2,4,30,62,233,133,175,26,4,3,715,635,659,593,446,355,171,270,222,488,613,637,0,0,0,0,0,0,2,1,4,0,0,0,2,1,2,2,7,18,30,29,25,13,3,3,323,208,188,82,40,10,0,7,1,3,114,188,0,0,0,0,75,79,106,74,68,22,0,0,0,0,0,0,0,25,86,0,64,0,0,0,74,70,67,63,58,66,64,70,59,80,71,76,-0.8,4.6,14.5,7.8,-7.2,-5.5,4.2,-0.8,-4,-0.4,9.3,3.5,1133,382,183,559,6.5,18.7,24.4,12.4,452,236,3,141,4,36,429,206,1987,1697,796,1323,0,1,3,4,6,10,77,41,720,309,17,117,0,75,259,90,0,0,111,64,73,63,67,70,2.1,12.5,-5,17.5,2337,276,5.2,45.3,831,675,5804,8,134,181,264,83,1163,-31.9,30,424,175,15.5,68
1976,SUNR,CALNOO,46.928496,121.655174,1792.106154,-0.2,-0.2,0.8,5.1,10.4,11.1,16.8,13.4,15.1,9.5,5.2,1.6,-6.8,-7.7,-8.7,-5.1,-2.2,-0.2,3.9,4.8,5.7,-1.2,-3.5,-5.2,-3.5,-3.9,-3.9,0,4.1,5.5,10.4,9.1,10.4,4.2,0.8,-1.8,374,230,187,110,64,53,54,86,45,73,87,143,6.1,9.7,13.4,18.8,21.7,24.6,24.9,19.9,18.5,11.8,7.5,5.3,140,136,152,57,9,3,0,0,1,14,49,96,2,1,2,8,35,52,164,125,168,44,12,4,668,610,682,539,431,376,238,278,229,431,515,610,0,0,0,0,1,0,1,1,3,0,0,0,3,1,1,3,7,13,28,29,27,11,6,4,206,179,177,85,25,13,2,6,0,75,174,254,0,0,0,46,78,81,104,70,57,34,16,0,0,0,0,0,14,29,50,0,12,0,0,0,73,69,62,62,58,62,60,72,70,64,68,73,0.1,5.4,13.8,9.9,-6.8,-5.3,2.8,0.3,-3.4,0.1,8.3,5.1,1103,360,193,205,7,18,23.1,12.6,372,217,4,63,6,45,341,225,1888,1652,892,1174,0,1,1,4,8,11,69,45,639,287,21,249,0,124,256,107,0,14,79,12,72,61,65,67,2.6,10.4,-3.5,13.9,1504,302,8.4,34.3,656,616,5606,6,133,181,278,97,1196,-31.9,30,487,105,15.2,66
1977,SUNR,CALNOO,46.928496,121.655174,1792.106154,-0.5,3.9,0.4,8.6,6.6,15.1,16.2,19.8,11.3,8.4,0.5,-0.1,-8.4,-4.8,-6.8,-3.8,-2.4,3,4.2,7.2,3.1,-1.5,-7.2,-6.2,-4.5,-0.5,-3.2,2.4,2.1,9,10.2,13.5,7.2,3.4,-3.4,-3.2,113,114,230,63,121,35,24,90,139,96,369,475,6.9,9.7,13.1,19.1,18.6,26.8,25.6,22.6,16.2,11,6.6,4.3,164,68,133,26,24,1,0,0,2,18,135,128,1,4,2,18,18,125,159,266,84,36,3,2,697,514,660,467,493,270,242,140,325,454,640,653,0,0,0,0,0,1,1,5,1,0,0,0,2,4,2,5,7,24,28,30,23,10,2,3,73,44,211,28,73,2,1,1,2,9,24,58,0,0,0,58,59,96,100,100,47,31,0,0,0,0,0,0,0,62,76,9,0,0,0,0,67,67,70,57,68,61,62,61,73,66,69,72,1.7,5.2,17,6.7,-6.2,-4.3,4.8,-1.9,-2.2,0.4,10.9,2.4,370,414,149,604,7,16.9,25,11.3,360,183,1,155,8,39,550,123,1864,1619,652,1419,0,1,7,1,8,13,83,35,176,312,4,34,0,117,296,79,0,0,147,0,69,65,61,69,2.8,13.5,-4.5,18,1869,409,6.8,33.2,699,719,5554,9,139,196,258,62,526,-31.9,30,492,147,15,66
1978,SUNR,CALNOO,46.928496,121.655174,1792.106154,-0.2,1.3,4.6,5.1,7.7,15,17.3,16.1,10.1,10.1,0.4,-2.9,-5.9,-5.3,-4.9,-3.6,-1.9,3.1,5.5,5.5,4.5,-0.5,-7.3,-9.8,-3.1,-2,-0.2,0.8,2.9,9.1,11.4,10.8,7.3,4.8,-3.5,-6.3,196,135,138,147,102,45,47,60,140,35,241,215,6,9.7,13.9,16.9,21.4,25.5,27.1,20.7,15.3,12.3,7.3,5.6,129,94,68,45,16,1,0,0,2,11,138,213,2,2,7,10,23,125,198,177,86,53,3,1,654,556,565,517,469,269,204,226,322,410,643,751,0,0,0,0,0,1,1,1,1,0,0,0,4,3,4,5,8,24,30,29,25,13,2,1,99,77,84,102,54,2,1,2,17,17,248,269,0,0,0,45,64,96,104,83,39,35,0,0,0,0,0,0,0,51,57,23,0,0,0,0,76,73,65,68,66,62,63,66,81,64,69,75,0.3,5.8,16.1,6.9,-5.8,-3.5,4.7,-1.1,-2.7,1.2,10.4,2.9,805,387,152,415,7.1,17.4,24.4,11.6,436,130,1,150,5,40,501,142,1961,1551,699,1376,0,1,3,2,8,17,83,41,445,240,5,282,0,109,283,74,0,0,131,0,75,66,64,71,2.7,11.4,-6.3,17.8,1500,394,8.4,29,717,688,5586,6,148,185,267,83,972,-31.9,30,465,131,15.1,69
1979,SUNR,CALNOO,46.928496,121.655174,1792.106154,-3.9,-1.5,4.6,5,10.6,14.6,18.2,16.5,15.7,9.6,2.6,1.6,-12,-7.7,-5.8,-3.8,-0.1,1.7,5.7,5.9,5.8,0.9,-4.9,-3.8,-7.9,-4.6,-0.6,0.6,5.2,8.2,12,11.2,10.8,5.2,-1.2,-1.1,100,348,105,114,57,17,72,50,63,131,88,401,7.2,8.3,14.7,17.5,22.8,27.2,26.2,22.6,18,11.4,8.1,4.4,254,151,76,48,5,1,0,0,0,9,85,83,0,1,5,10,50,102,216,190,178,59,6,5,804,628,579,523,396,296,188,214,218,397,576,589,0,0,0,0,1,0,2,2,4,0,0,0,1,1,3,5,14,20,30,30,27,18,4,6,88,289,71,82,15,1,1,2,17,3,164,182,0,0,0,44,75,96,109,84,60,32,0,0,0,0,0,0,18,79,37,35,0,0,0,0,66,74,61,67,64,59,61,66,68,71,71,70,-2.8,6.7,16.4,9.3,-9.8,-3.3,4.4,0.6,-6.3,1.7,10.4,4.9,663,276,139,282,6.6,18.3,25.3,12.5,488,129,1,94,6,65,508,244,2021,1497,697,1191,0,1,4,4,8,21,80,49,559,168,4,184,0,120,290,92,0,18,151,0,70,64,62,70,3.1,12,-7.9,19.9,1546,259,8.5,46.2,712,822,5407,9,157,161,277,117,915,-31.9,30,501,169,15.7,67
1980,SUNR,CALNOO,46.928496,121.655174,1792.106154,-3.3,0.5,1.2,8.1,9.2,10,17.3,14.7,13.6,10.3,3.2,1.3,-11.1,-6,-5.7,-3.1,-0.5,1.4,4.9,4.4,4.6,-0.5,-3.4,-4.3,-7.2,-2.8,-2.2,2.5,4.4,5.7,11.1,9.5,9.1,4.9,-0.1,-1.5,277,217,225,114,51,82,16,49,83,36,338,422,6.7,9.2,13.6,19.4,22.4,23.6,26.6,23.4,16.9,12.2,6.9,4.8,236,110,109,26,8,3,0,0,1,10,64,91,0,2,3,19,38,54,188,139,132,54,8,4,781,578,630,465,422,370,214,264,268,407,543,602,0,0,0,0,1,0,1,1,2,0,0,0,1,3,3,6,12,19,29,28,26,13,7,5,233,145,193,50,19,19,0,3,2,9,41,135,0,0,0,55,69,71,105,79,54,35,0,0,0,0,0,0,18,0,89,30,0,0,0,0,67,73,73,61,67,71,61,67,70,64,75,79,-0.4,6.2,14,9,-7,-3.1,3.6,0.2,-3.7,1.5,8.8,4.6,895,390,147,458,6.9,18.5,24.5,12,437,143,3,75,6,60,382,194,1961,1517,848,1218,0,1,2,3,8,21,76,45,513,261,22,52,0,124,255,89,0,18,119,0,73,67,66,70,2.8,11.1,-7.2,18.3,1911,281,6.7,39.6,658,642,5543,6,151,170,269,99,848,-31.9,30,468,137,15.5,69
1981,SUNR,CALNOO,46.928496,121.655174,1792.106154,3.2,1.7,5.5,4.7,8.3,9.9,15.7,20.6,14.4,6.8,4.1,-0.7,-3.6,-5.9,-4.9,-3.8,-0.9,1.2,4.9,7,4.6,-1.5,-3.2,-6.1,-0.2,-2.1,0.3,0.4,3.7,5.6,10.3,13.8,9.5,2.7,0.4,-3.4,77,312,112,208,99,160,52,7,109,149,180,406,6.8,10.2,15,17.7,20.9,21.6,26.7,24.7,17.7,10.9,7.4,4.8,71,96,61,50,11,3,0,0,1,24,55,133,6,2,8,9,31,53,162,275,142,29,10,2,565,558,551,527,443,374,239,131,256,476,527,660,0,0,0,0,0,0,1,6,2,0,0,0,7,3,4,5,11,18,29,30,26,10,7,3,19,183,60,152,44,38,2,0,6,3,120,161,0,0,36,43,65,71,96,104,57,28,15,0,0,0,0,0,0,0,44,97,0,0,0,0,74,70,62,68,68,71,65,58,68,71,73,77,2.1,6.2,15.4,8.4,-4.6,-3.2,4.4,0,-1.3,1.5,9.9,4.2,811,419,219,438,7.3,17.9,24.3,12,300,122,3,80,11,48,489,182,1784,1521,744,1260,0,1,7,3,12,19,78,43,363,256,41,129,0,144,271,99,0,0,141,0,74,66,65,70,3.4,13.8,-3.4,17.2,1871,427,7.2,32.4,505,730,5309,11,152,168,269,101,788,-31.6,30.1,515,141,15.4,69
1982,SUNR,CALNOO,46.928496,121.655174,1792.106154,-2.5,-1,2,4.1,9.4,15.3,16.7,16.5,13.8,7.3,0.5,-0.9,-8.3,-8.2,-6.7,-5.9,-2.1,3.3,4.7,5.4,4.5,-0.4,-6,-6.6,-5.4,-4.6,-2.4,-0.9,3.6,9.3,10.7,11,9.2,3.4,-2.8,-3.7,460,334,183,119,50,31,59,24,105,154,201,321,5.8,9,14.1,18.9,22.5,25.8,25.3,22.9,17.2,11.1,7,5.3,189,151,112,74,11,0,0,0,1,18,121,142,1,1,3,6,30,131,173,184,134,36,3,2,727,628,634,567,445,262,228,219,265,453,623,670,0,0,0,0,0,1,1,1,2,0,0,0,2,1,2,2,7,25,29,29,25,13,3,3,333,278,158,102,23,1,2,1,6,36,56,239,0,0,0,0,73,97,102,86,55,28,0,0,0,0,0,0,23,66,43,61,0,0,0,0,75,70,66,62,60,62,62,65,70,73,73,77,-1.4,5.2,16.2,7.2,-7.6,-4.9,4.5,-0.6,-4.5,0.1,10.3,3.3,1200,352,114,459,6.7,18.5,24.7,11.8,483,197,1,140,3,39,488,173,2026,1646,710,1342,0,1,3,2,5,11,83,42,850,283,4,99,0,73,285,83,0,23,170,0,74,63,63,72,2.3,11,-5.4,16.4,2041,269,6,40.8,820,704,5723,6,142,185,268,83,1236,-31.6,30.1,440,193,15.4,68
1983,SUNR,CALNOO,46.928496,121.655174,1792.106154,0.8,2,4.2,6.9,11.6,11.2,13.5,16.3,12.2,7.9,1.8,-4.1,-5.1,-4.5,-4,-4,-0.2,2.1,4.6,6.5,2.8,-1.3,-3.2,-10.2,-2.1,-1.2,0.1,1.5,5.7,6.7,9.1,11.4,7.5,3.3,-0.7,-7.2,394,176,203,59,61,92,145,40,87,54,457,170,6,9.2,12.9,19.6,23.3,22.6,22.5,23.1,18.3,11.8,6.3,5.1,108,81,63,36,4,2,0,0,2,19,74,235,3,3,7,13,57,71,125,197,90,35,7,0,626,535,556,496,382,340,278,207,317,458,560,776,0,0,0,0,1,0,0,2,1,0,0,0,4,4,5,4,13,21,29,30,22,11,7,1,164,85,116,35,14,14,9,1,7,26,124,201,0,0,32,52,81,77,83,82,51,30,0,0,0,0,0,0,20,0,0,42,0,0,0,0,76,74,69,61,61,70,71,69,69,68,80,76,0.7,7.6,13.7,7.3,-5.4,-2.7,4.4,-0.6,-2.4,2.4,9,3.4,892,323,276,598,6.8,18.6,22.7,12.1,424,103,2,95,7,77,393,132,1937,1434,825,1335,0,1,2,1,9,23,80,40,450,164,24,157,0,164,241,82,0,20,42,0,75,64,70,72,2.8,11.4,-7.2,18.5,1938,424,6.6,26.8,625,609,5532,5,152,167,255,88,796,-31.6,30.1,487,62,15.1,70
1984,SUNR,CALNOO,46.928496,121.655174,1792.106154,0.2,1.3,3.7,3.7,6.3,10.9,18.8,18,12.8,5.1,0.3,-2.7,-6.4,-5,-4.6,-4.4,-2.2,1.2,5,4.8,2.5,-1.8,-4.9,-8.9,-3.1,-1.8,-0.5,-0.3,2,6,11.9,11.4,7.7,1.7,-2.3,-5.8,394,150,234,107,156,103,2,13,74,164,291,251,6.2,9.6,12.7,17.2,18.7,24.3,28.4,23.7,17.1,9.9,6.5,5.3,131,91,73,63,25,3,0,0,2,34,110,198,2,3,6,7,18,60,214,198,95,22,4,1,656,552,574,550,495,360,189,206,311,509,609,734,0,0,0,0,0,0,2,2,1,0,0,0,3,4,4,4,7,18,29,29,21,10,4,1,202,83,153,87,95,20,0,0,10,10,188,151,0,0,0,0,58,77,114,95,54,24,0,0,0,0,0,0,0,0,112,82,0,0,0,0,73,74,69,69,70,68,57,59,66,75,79,74,-0.9,4.6,15.9,6,-7.2,-3.7,3.7,-1.4,-4,0.4,9.8,2.3,714,497,118,529,7,16.2,25.4,11.2,420,161,3,146,5,31,472,121,1942,1619,755,1428,0,1,4,1,8,15,76,35,437,335,21,208,0,58,286,78,0,0,194,0,74,69,61,73,2.2,11.9,-5.8,17.7,1938,348,6.3,34.3,729,629,5744,6,134,181,253,72,1000,-31.6,30.1,422,194,15,69
1985,SUNR,CALNOO,46.928496,121.655174,1792.106154,-1.5,-1.8,1.9,5.5,10.1,13.6,22.7,16.8,11.4,5.7,-2.3,-1.3,-8.4,-9,-7.7,-4.2,-1.2,1.7,6.6,4.3,2.9,-1.2,-9.3,-7.7,-4.9,-5.4,-2.9,0.6,4.5,7.7,14.7,10.5,7.2,2.3,-5.8,-4.5,25,160,142,133,54,84,8,37,99,216,247,60,7.4,10.1,14.1,18.5,21.8,26.4,28.3,23.5,16.4,9.9,6.9,6.1,176,171,125,47,7,1,0,0,2,28,193,163,1,1,2,10,39,92,298,169,84,26,1,1,711,651,650,521,419,310,110,233,326,490,714,696,0,0,0,0,1,0,7,1,1,0,0,0,2,1,1,4,10,20,30,28,22,11,1,2,17,141,128,94,19,8,0,2,8,62,167,203,0,0,0,47,75,91,135,89,48,25,0,0,0,0,0,0,21,7,126,53,0,0,0,0,71,70,62,64,62,61,52,61,72,75,71,74,-2,5.9,17.7,4.9,-8.7,-4.4,4.2,-2.5,-5.4,0.7,11,1.2,437,328,130,562,7.9,18.2,26.1,11.1,511,180,1,223,3,52,558,111,2058,1590,653,1529,0,1,9,1,4,15,78,35,362,240,9,236,0,122,315,73,0,21,186,0,72,63,58,72,2,14.7,-4.9,19.6,1265,283,9.5,51.9,914,724,5831,11,133,175,254,80,848,-31.6,30.1,510,207,15.8,66
1986,SUNR,CALNOO,46.928496,121.655174,1792.106154,0.8,0.1,5.3,4.6,8.9,15.7,14,20.6,11,10.5,1.9,-0.8,-5.2,-7.4,-4.4,-4.3,-0.8,3.2,3.2,6.2,2.7,0.6,-3.4,-5.9,-2.2,-3.7,0.4,0.2,4,9.5,8.6,13.4,6.9,5.5,-0.8,-3.4,266,306,180,108,111,33,59,8,138,82,389,158,6,9.6,14,18.1,20.6,25.5,25,24.6,16.3,12.8,7.3,5.5,110,130,58,54,9,0,0,0,3,8,76,132,3,1,8,8,34,136,112,261,78,64,7,2,628,603,546,535,433,257,293,145,334,387,563,659,0,0,0,0,1,1,0,5,1,1,0,0,4,2,4,4,11,24,26,30,22,16,7,3,113,232,93,82,45,1,4,0,12,64,209,43,0,0,35,44,68,100,90,106,47,35,0,0,0,0,0,0,0,66,30,98,0,0,0,0,75,69,64,67,67,60,65,56,72,67,79,73,-0.2,6.3,16.7,7.8,-6.8,-3.2,4.2,0,-3.5,1.5,10.5,3.9,633,399,100,610,7,17.6,25,12.1,372,122,1,87,6,51,509,149,1890,1514,695,1284,0,1,6,2,9,19,80,45,388,220,6,285,0,147,295,82,0,0,194,0,72,66,60,73,3.2,13.4,-3.4,16.7,1840,349,7.2,38.3,582,715,5384,8,154,172,255,83,898,-31.6,30.1,524,194,15.4,68
1987,SUNR,CALNOO,46.928496,121.655174,1792.106154,-2.3,1.8,2.3,8.7,11.2,16,16.3,18.2,17.4,13.4,3.7,-1.5,-7.6,-5.1,-5,-2.2,0.6,2.8,5.5,5.1,5.1,0.6,-2.4,-7.3,-4.9,-1.7,-1.3,3.2,5.9,9.4,10.9,11.7,11.3,7,0.7,-4.4,198,158,270,103,97,24,45,13,25,5,154,357,6,10.1,13.8,18.4,22.7,26.8,24.5,24.6,20,13.2,7.4,5.4,177,88,89,20,4,0,0,0,0,4,52,159,1,3,4,24,60,135,182,207,194,91,11,1,712,547,601,443,376,259,220,197,201,342,520,691,0,0,0,1,1,1,1,2,5,1,0,0,2,3,4,8,16,23,30,29,26,17,9,2,136,85,207,34,20,1,1,0,19,5,163,93,0,0,0,56,77,102,98,95,68,42,13,0,0,0,0,0,0,78,53,82,43,37,0,0,77,73,71,62,65,58,66,59,61,59,77,78,-0.4,7.4,16.8,11.5,-6.2,-2.2,4.5,1.1,-3.3,2.6,10.7,6.3,514,470,83,184,7.1,18.3,25.3,13.5,424,113,1,56,5,89,524,296,1950,1419,676,1063,0,2,4,6,8,28,82,52,313,261,3,187,0,133,295,123,0,0,213,80,76,66,61,66,4,11.7,-4.9,16.6,1449,205,9.6,57.1,594,914,5108,11,169,161,273,112,763,-31.6,30.1,552,293,16.1,67
1988,SUNR,CALNOO,46.928496,121.655174,1792.106154,-1.6,1.8,2.2,5.7,9.3,12.9,18.4,18.1,15.4,11,1.1,0.1,-7.4,-6.1,-6,-2.9,-0.9,1.3,4.8,5.3,3.7,2.3,-3.6,-5.9,-4.5,-2.1,-1.9,1.4,4.2,7.1,11.6,11.7,9.5,6.7,-1.2,-2.9,189,185,349,166,125,53,35,15,67,136,412,186,6.1,10.6,13.3,18.3,20.4,24.7,25.9,24.5,18.6,11.6,6.4,5.3,165,97,101,37,8,1,0,0,1,5,86,121,1,2,3,13,36,79,204,208,144,85,6,2,698,560,618,498,428,328,199,197,255,352,577,645,0,0,0,0,1,0,1,2,3,1,0,0,2,3,3,6,11,18,29,29,24,22,6,3,122,110,287,100,48,6,1,0,1,0,45,248,0,0,0,46,70,88,112,95,62,34,0,0,0,0,0,0,0,35,77,80,0,0,0,0,75,69,68,69,65,62,58,60,62,71,81,75,-0.4,5.7,16.5,9.2,-6.9,-3.2,3.8,0.8,-3.7,1.2,10.1,5,731,639,102,615,7.3,17.3,25,12.2,383,147,2,91,6,52,491,234,1903,1544,723,1183,0,1,4,3,8,20,77,52,480,435,8,45,0,116,294,96,0,0,192,0,73,67,60,71,3.3,11.7,-4.5,16.2,1917,294,6.9,39.8,623,784,5353,8,157,169,263,94,968,-31.6,30.1,506,192,15.5,68
1989,SUNR,CALNOO,46.928496,121.655174,1792.106154,-1.4,-3,0.5,8.4,9.3,15.2,16.3,15.5,17.7,7.5,2.9,1.1,-7,-11,-6.5,-3,-0.8,2.9,4.6,5,4.2,-1.1,-2.7,-4.3,-4.2,-7,-3,2.7,4.3,9,10.4,10.3,11,3.2,0.1,-1.6,335,89,266,106,75,39,37,39,21,86,344,175,6.2,10.3,12.3,19.2,22.1,26,26,22.8,19.7,11.5,6.7,5.6,157,210,128,24,8,1,0,0,0,20,61,93,1,0,2,20,37,124,166,161,185,34,9,4,689,695,653,460,426,270,236,242,212,461,537,605,0,0,0,0,1,1,1,1,4,0,0,0,3,0,2,6,11,24,29,29,25,11,8,5,207,84,241,44,28,2,1,2,4,4,192,100,0,0,0,56,70,97,100,81,70,29,12,0,0,0,0,0,0,59,63,42,49,0,0,0,76,66,71,60,65,61,63,66,58,70,79,75,-1.4,6.1,15.7,9.4,-8,-3.4,4.2,0.1,-4.7,1.3,9.9,4.7,610,448,115,450,7.3,17.9,24.9,12.6,460,160,1,81,6,59,451,228,1988,1538,747,1210,0,1,2,5,8,19,81,44,390,313,5,200,0,126,278,112,0,0,164,49,73,66,63,69,2.9,10.4,-4.2,14.6,1611,211,8,49.5,702,743,5484,8,153,177,266,89,908,-31.6,30.1,517,213,15.7,68
1990,SUNR,CALNOO,46.928496,121.655174,1792.106154,-0.6,-1.2,4.4,8.2,8.4,12.3,19.7,18.2,17.2,5.2,2.1,-4,-5.7,-8.5,-6,-2.3,-1,2.3,6.7,6.9,6.1,-1.6,-3.3,-10.6,-3.1,-4.8,-0.8,2.9,3.7,7.3,13.2,12.6,11.6,1.8,-0.6,-7.3,549,410,125,150,103,142,36,80,9,304,499,229,6,10.1,14.6,18.8,21.8,24,26.8,22.6,19.7,10.5,6.9,5,130,158,79,22,11,1,0,0,0,33,73,239,2,1,5,22,31,84,256,236,204,23,7,0,656,636,584,452,443,320,146,170,193,505,557,781,0,0,0,0,0,0,3,3,5,0,0,0,4,1,3,8,11,22,30,30,28,10,7,1,281,348,87,56,45,15,0,2,1,16,117,68,0,0,0,55,66,82,116,91,65,24,0,0,0,0,0,0,0,0,79,11,56,0,0,0,79,70,61,63,68,67,60,64,65,75,79,78,-0.2,7,16.8,8.1,-6.1,-3.1,5.3,0.4,-3.2,2,11,4.3,1134,379,258,812,7,18.4,24.5,12.4,527,112,1,106,3,58,575,233,2072,1479,636,1255,0,1,7,6,6,21,83,44,697,189,17,134,0,120,289,89,0,0,90,56,75,64,64,73,3,13.2,-7.3,20.5,2638,371,4.9,35.6,746,870,5442,14,154,177,279,102,1038,-31.6,30.1,499,146,15.6,69
1991,SUNR,CALNOO,46.928496,121.655174,1792.106154,-1.9,4.1,1.8,4.9,7.1,9.9,19.1,18.4,17.3,9.5,2.2,0.8,-8.6,-4.1,-6.7,-4.1,-0.9,1.3,5.8,6.8,5.2,-0.9,-3.6,-4.4,-5.2,0,-2.5,0.4,3.1,5.6,12.5,12.6,11.2,4.3,-0.7,-1.8,252,280,206,219,96,80,28,36,10,69,373,229,7,10.3,14.2,18.4,21.8,23.3,26.2,22.8,20,12.4,6.8,5.1,185,62,114,51,15,3,0,0,0,13,76,97,1,5,3,9,25,54,232,237,193,46,7,4,721,501,636,528,462,371,172,169,202,427,562,611,0,0,0,0,0,0,2,3,5,0,0,0,2,5,2,4,11,19,30,30,26,12,6,5,179,94,180,161,49,19,0,1,0,109,201,205,0,0,0,44,59,71,114,92,67,34,0,0,0,0,0,0,0,0,86,57,57,0,0,0,72,69,66,67,72,71,59,64,62,65,77,70,-0.6,4.6,15.8,9.6,-7.8,-3.9,4.7,0.2,-4.2,0.4,10.2,4.9,761,521,144,452,7.4,18.1,24.1,13,343,180,3,89,10,37,523,245,1833,1626,713,1191,0,1,6,5,11,17,79,45,478,390,20,310,0,104,277,101,0,0,143,57,70,68,65,68,3.3,12.6,-5.2,17.8,1877,250,7.1,50.4,615,815,5363,11,152,170,273,103,1198,-30.7,30.4,482,200,15.7,68
1992,SUNR,CALNOO,46.928496,121.655174,1792.106154,0.6,4.7,8.3,8,14.4,17.1,17.1,19.2,12.7,8.2,1.4,-1.8,-5.3,-3.3,-3.8,-1.9,1,4.5,6.3,5.7,3.5,0.6,-4.4,-8.1,-2.4,0.7,2.2,3,7.7,10.8,11.7,12.5,8.1,4.4,-1.5,-4.9,294,149,67,172,24,48,55,20,115,62,320,238,6,9.8,16.2,17.3,24.5,26,25.2,23.5,17,10.6,7.1,5.1,113,52,37,21,1,0,0,0,2,12,92,173,3,7,16,23,99,175,209,232,105,48,5,1,632,481,491,449,320,217,195,174,299,423,585,707,0,0,0,0,2,2,1,3,1,0,0,0,4,6,5,9,17,27,30,30,24,17,5,2,128,39,17,62,2,1,1,0,0,8,156,94,0,20,43,53,94,105,100,99,52,29,0,0,0,0,0,0,69,57,46,79,0,0,0,0,76,70,58,65,57,60,66,58,70,74,77,79,2,10.2,17.8,7.4,-4.3,-1.6,5.5,-0.1,-1.2,4.3,11.7,3.7,671,263,122,497,6.9,19.3,24.9,11.6,338,59,0,105,11,137,615,157,1820,1260,585,1306,0,3,6,2,12,31,87,45,261,81,2,164,20,190,304,81,0,69,182,0,75,60,62,73,4.4,12.5,-4.9,17.4,1563,262,9.2,47.6,503,921,4972,11,175,158,259,100,508,-30.7,30.4,595,251,15.7,67
1993,SUNR,CALNOO,46.928496,121.655174,1792.106154,-3.4,0,3.9,4.3,12.9,11.4,12.1,16.6,17.3,10.1,0.4,0,-10.6,-8.6,-5.7,-3.5,1.2,2,3.9,5.8,4.6,1.4,-6.8,-5.7,-7,-4.3,-0.9,0.4,7,6.7,8,11.2,11,5.8,-3.2,-2.8,163,18,211,192,101,112,95,25,3,77,109,212,7,11.5,13.8,16,20.7,22.7,22.6,23.1,19.5,11.6,8.1,5.4,231,145,82,51,2,2,1,0,0,7,130,119,0,1,5,9,83,71,98,192,184,68,3,2,775,621,589,528,340,340,311,211,212,381,634,642,0,0,0,0,1,0,0,2,4,1,0,0,1,1,3,5,18,21,28,30,26,19,2,3,136,15,151,142,12,16,9,1,11,6,158,177,0,0,0,41,85,78,76,85,68,33,0,0,0,0,0,0,0,0,0,60,64,0,0,0,69,65,64,71,62,69,73,66,60,71,70,73,-1.7,7,13.4,9.3,-9.1,-2.7,3.9,-0.2,-5.4,2.2,8.6,4.5,420,503,232,189,7.9,16.8,22.8,13.1,495,134,2,138,4,97,361,255,2039,1458,862,1228,0,2,2,5,5,26,78,47,327,305,26,175,0,126,239,101,0,0,60,64,69,65,69,67,2.7,11.2,-7,18.2,1317,336,9.6,33.5,770,717,5586,9,157,144,270,126,834,-30.7,30.4,466,124,15.2,68
1994,SUNR,CALNOO,46.928496,121.655174,1792.106154,1.5,-0.7,4.6,7,11.3,12.6,19.6,17.6,16.7,6.8,-1,-1.3,-4.6,-7.6,-5.8,-2.6,0.4,1.8,6.3,6,6.1,-1,-7.1,-7.3,-1.5,-4.2,-0.6,2.2,5.8,7.2,13,11.8,11.4,2.9,-4.1,-4.3,206,206,176,104,63,92,39,10,57,247,310,276,6.4,9.3,14.1,18.3,21.3,24.3,27.6,23.5,18.5,11.5,7.2,5.1,95,141,75,28,4,1,0,0,0,22,152,157,4,1,6,17,59,80,248,210,197,31,2,1,607,616,578,475,378,326,156,194,198,470,661,689,0,0,0,0,1,0,3,2,5,0,0,0,5,1,3,7,15,20,30,30,28,12,2,2,74,165,118,51,14,11,0,0,0,4,71,111,0,0,0,50,78,85,116,90,63,27,0,0,0,0,0,0,15,0,77,80,7,0,0,0,76,71,61,66,64,65,59,63,66,72,75,76,0.3,7.6,16.6,7.5,-5.9,-2.7,4.7,-0.7,-2.8,2.5,10.6,3.4,624,343,141,613,6.9,17.9,25.1,12.4,394,107,2,175,6,82,539,230,1912,1430,676,1330,0,1,5,5,9,25,80,41,350,182,11,75,0,128,291,90,0,15,157,7,74,64,62,71,3.3,13,-4.3,17.3,1786,261,7.4,49.7,677,857,5349,12,155,158,279,121,619,-30.7,30.4,510,179,15.6,68
1995,SUNR,CALNOO,46.928496,121.655174,1792.106154,0.8,2.6,3.7,5.7,11.9,13,18.1,14.9,16.5,6,4.3,-0.2,-6.1,-6.3,-6.2,-3.8,0.5,2.8,6.5,4,6.5,-0.6,-2.6,-5.8,-2.7,-1.9,-1.3,1,6.2,7.9,12.3,9.5,11.5,2.7,0.9,-3,189,222,204,111,69,76,64,62,57,243,608,325,6,9.7,13.4,18.7,24.3,24.2,25.7,22.1,18.8,10.3,5.8,5.1,120,92,88,43,3,1,0,0,0,24,49,123,2,3,4,11,66,96,227,136,199,29,12,2,643,552,599,511,367,304,178,267,197,477,514,647,0,0,0,0,1,0,2,1,5,0,0,0,3,2,2,5,16,23,30,27,28,13,8,3,89,124,155,74,13,6,1,4,2,55,227,190,0,0,0,47,81,85,106,81,61,25,15,0,0,0,0,0,12,9,42,19,4,0,0,0,72,65,63,65,62,66,63,65,68,77,74,75,0.7,7.1,15.3,8.9,-6.6,-3.2,4.4,1.1,-3,2,9.9,5,688,384,202,908,6.9,18.8,24,11.6,335,134,1,73,7,81,459,240,1841,1477,749,1187,0,1,3,5,9,22,81,49,402,242,11,283,0,128,272,101,0,12,70,4,71,63,65,73,3.6,12.3,-3,15.2,2230,328,6.1,37.5,542,787,5254,10,161,158,281,123,938,-30.7,30.4,501,86,15.3,68
1996,SUNR,CALNOO,46.928496,121.655174,1792.106154,-1.8,0.4,3,5.7,6.9,13.5,20.6,18.5,11.9,6.2,1.2,-2.2,-7.7,-8.5,-5.9,-3,-1.6,1.8,6.2,5.5,3.5,-0.7,-5.2,-8.3,-4.7,-4.1,-1.5,1.4,2.6,7.7,13.4,12,7.7,2.8,-2,-5.2,342,418,114,228,131,39,29,42,78,212,315,481,5.8,10.4,14.5,16,19.4,25.6,26.6,23.6,16.8,10.5,6.6,4.6,172,139,92,37,19,1,0,0,2,23,102,182,1,1,4,13,22,91,262,218,95,30,4,1,706,614,605,499,476,311,141,187,311,474,598,717,0,0,0,0,0,0,4,2,1,0,0,0,2,1,3,6,9,20,30,29,24,13,4,1,229,331,89,139,73,4,0,1,2,60,166,176,0,0,0,46,59,90,122,96,49,26,0,0,0,0,0,0,0,51,93,54,0,0,0,0,75,64,65,68,70,62,56,60,72,75,74,77,-0.5,5.2,17.5,6.5,-7.3,-3.5,4.5,-0.8,-3.9,0.8,11,2.8,1085,473,111,606,6.9,16.6,25.3,11.3,493,148,1,126,3,38,571,130,2037,1581,639,1383,0,1,6,1,5,18,80,40,736,301,5,227,0,105,308,75,0,0,198,0,72,68,59,74,2.5,13.4,-5.2,18.7,2430,320,5.1,41.9,769,742,5641,9,142,179,259,80,1269,-30.7,30.4,488,198,15,68
1997,SUNR,CALNOO,46.928496,121.655174,1792.106154,-1.5,-0.1,1.7,4.8,11.2,11.6,16.8,18.6,15,6.6,3.6,-0.3,-7.8,-7.2,-6,-4.1,0.6,2.2,5.3,7,5.6,-0.4,-3.3,-6.3,-4.6,-3.7,-2.1,0.3,5.9,6.9,11.1,12.8,10.3,3.1,0.1,-3.3,354,241,432,167,85,77,56,37,127,261,218,216,5.9,9.9,12.3,17.7,21.4,23.1,24.8,22.3,16.3,10.4,6.8,5.3,169,130,107,52,3,2,0,0,1,20,60,131,1,1,3,9,61,75,187,243,165,33,9,2,702,603,626,530,374,335,215,163,232,463,536,657,0,0,0,0,1,0,1,4,3,0,0,0,2,2,3,4,16,22,30,30,27,14,7,3,233,183,366,124,18,10,2,1,8,50,170,370,0,0,0,44,77,78,101,93,57,26,14,0,0,0,0,0,0,1,46,56,0,0,0,0,74,71,69,67,65,69,63,64,70,75,74,74,-1.3,5.9,15.7,8.4,-7.8,-3.2,4.8,0.6,-4.5,1.4,10.2,4.5,1076,685,170,607,7,17.2,23.4,11.2,429,162,2,81,4,73,505,208,1962,1531,713,1231,0,1,5,4,7,23,81,47,785,508,13,228,0,121,273,97,0,0,103,0,73,67,65,73,3.1,12.8,-4.6,17.4,2272,382,5.8,33.5,674,790,5437,10,158,153,276,123,1534,-30.7,30.4,491,103,14.7,70
1998,SUNR,CALNOO,46.928496,121.655174,1792.106154,-0.4,1.7,2.5,6.2,8.1,12.3,19,18.7,16.6,7.4,2.6,-0.7,-6.7,-4.7,-5.3,-3.7,0.4,2.6,7.9,6.3,5.5,-0.8,-3.1,-6.9,-3.6,-1.5,-1.4,1.2,4.2,7.4,13.4,12.5,11,3.3,-0.3,-3.8,344,142,199,65,112,55,19,15,20,123,389,438,5.7,9,12.8,19.2,21.3,25,25.3,25,19.1,10.6,5.5,4.7,141,85,91,39,8,1,0,0,0,19,67,144,2,3,4,12,36,86,263,234,187,35,8,2,669,542,604,503,427,318,140,172,206,456,548,674,0,0,0,0,1,0,4,3,4,0,0,0,3,4,3,5,15,23,31,30,27,12,7,2,191,72,154,41,43,6,0,0,6,52,73,126,0,0,0,48,61,81,108,95,64,29,0,0,0,0,0,0,0,26,88,81,44,0,0,0,74,75,69,64,74,68,65,61,65,71,78,75,0.3,5.6,16.7,8.9,-5.9,-2.9,5.6,0.5,-2.8,1.4,11.1,4.7,702,376,89,532,6.5,17.8,25.1,11.7,370,138,1,86,6,53,582,230,1885,1533,630,1211,0,1,7,5,9,23,83,46,389,238,6,131,0,110,284,92,0,0,195,44,74,69,65,71,3.6,13.4,-3.8,17.3,1920,221,7.1,60.7,596,872,5259,13,162,159,273,113,764,-30.7,30.4,486,239,15.3,70
1999,SUNR,CALNOO,46.928496,121.655174,1792.106154,0.1,0,1.2,5.1,7.4,10.9,15.8,16.4,14.6,7.9,3.8,0.8,-6.1,-6,-6.9,-5.3,-2.6,1.7,4.2,6.8,3,-1,-2.4,-4.8,-3,-3,-2.8,-0.1,2.4,6.3,10,11.6,8.8,3.5,0.7,-2,325,327,164,56,88,69,67,32,24,137,363,306,5.4,8.2,13.1,19.8,21.2,21.7,26.7,21.8,19.6,11.1,5.8,4.9,128,115,123,59,21,2,0,0,1,18,51,102,2,2,2,8,20,65,152,205,124,37,11,3,652,584,647,543,485,350,249,199,276,452,519,618,0,0,0,0,0,0,1,2,2,0,0,0,3,3,2,3,6,20,28,30,23,12,9,4,163,225,147,44,51,12,3,1,1,22,145,279,0,0,0,0,64,76,98,82,60,30,14,0,0,0,0,0,0,7,31,50,36,0,0,0,74,75,67,62,65,69,63,69,63,69,77,74,-0.2,4.6,14.4,8.8,-6.4,-4.9,4.2,-0.1,-3.3,-0.2,9.3,4.3,1089,308,168,524,6.2,18,23.4,12.2,344,203,2,70,7,30,422,172,1854,1675,799,1247,0,1,3,2,10,11,78,43,667,242,16,168,0,64,255,104,0,0,88,36,74,65,67,70,2.7,11.6,-3,14.6,1957,280,6.5,41.4,619,630,5575,6,143,190,257,67,1093,-30.7,30.4,423,124,14.9,69
2000,SUNR,CALNOO,46.928496,121.655174,1792.106154,-1.5,0.6,1.4,6.8,8.2,13.1,16.9,16.4,13.7,8,-0.2,-1.4,-7.4,-6.2,-6.9,-3.1,-0.6,2.5,5.2,4.8,4.2,-0.3,-7.1,-6.6,-4.5,-2.8,-2.8,1.9,3.8,7.8,11,10.6,9,3.8,-3.7,-4,249,172,181,104,102,73,29,16,107,123,136,111,6,9.6,13.7,19,20.1,24.7,26.1,24.4,16.8,10.9,7.2,5.2,164,110,122,32,10,1,0,0,1,15,143,149,1,2,2,15,32,94,186,172,127,41,2,1,697,577,646,484,440,307,216,230,272,440,650,679,0,0,0,0,0,0,1,1,2,0,0,0,2,2,2,6,12,22,30,29,25,14,2,3,160,114,161,56,44,6,1,1,2,23,104,133,0,0,0,50,64,86,102,87,54,29,0,0,0,0,0,0,0,13,73,71,0,0,0,0,75,72,67,64,70,65,63,63,69,72,71,77,0,5.5,15.5,7.1,-6.1,-3.5,4.2,-1,-3.1,1,9.8,3,727,386,118,366,6.9,17.6,25.1,11.6,423,164,1,159,5,49,452,171,1953,1570,754,1362,0,1,3,2,7,20,80,41,407,261,8,129,0,114,275,84,0,0,157,0,75,67,64,71,2.5,11,-4.5,15.5,1403,326,8.9,33.8,747,676,5639,6,149,171,266,95,804,-30.7,30.4,473,157,15.3,69
2001,SUNR,CALNOO,46.928496,121.655174,1792.106154,-0.4,-0.4,2.7,4.3,10.8,10.6,16.3,17,14.6,7.1,2.7,0.1,-6.5,-8.2,-6.3,-4.5,-1.5,1.4,5.1,6.2,5,-0.6,-3.5,-5.6,-3.5,-4.3,-1.8,-0.1,4.6,6,10.7,11.6,9.8,3.2,-0.4,-2.7,128,91,222,138,87,113,31,33,25,192,303,319,6.5,10.5,13.7,16.9,22.2,24.3,26.5,22.6,18,10,6.3,5.3,139,145,99,59,7,3,0,0,1,19,70,117,2,1,4,8,41,60,175,205,151,34,8,2,667,621,616,544,414,359,227,199,247,460,553,639,0,0,0,0,1,0,1,2,3,0,0,0,3,1,2,4,9,19,29,30,26,13,6,4,70,74,181,109,29,22,1,1,8,17,95,73,0,0,0,0,79,75,99,86,57,28,0,0,0,0,0,0,0,0,67,53,32,0,0,0,75,68,65,67,59,69,64,66,69,73,76,77,-0.8,5.9,14.7,8.1,-7.1,-4.1,4.3,0.3,-3.9,0.9,9.5,4.2,330,447,177,520,7.4,17.6,24.5,11.4,402,165,3,90,5,52,440,193,1927,1573,785,1259,0,1,3,3,8,15,78,45,217,319,24,120,0,79,260,84,0,0,120,32,73,64,66,73,2.8,11.6,-3.5,15.1,1682,290,7.6,40.2,659,691,5545,7,146,175,272,97,681,-30.7,30.4,423,152,15.2,69
2002,SUNR,CALNOO,46.928496,121.655174,1792.106154,-0.4,1,0,5,7.8,13.3,17.8,17.3,14.6,7.6,3.2,0.7,-6.2,-7.4,-7.9,-3.9,-1.7,2.7,6.1,5.1,3.9,-1.7,-4.8,-4.1,-3.3,-3.2,-4,0.5,3.1,8,11.9,11.2,9.3,3,-0.8,-1.7,381,187,327,137,86,66,19,12,20,37,150,246,5.9,10.1,14.3,20.4,22.8,25.1,26.5,24.1,18.1,12.9,7.4,5,135,119,152,48,15,1,0,0,1,21,77,94,2,1,2,10,25,98,215,191,136,32,7,4,661,590,683,524,463,301,189,212,263,467,563,606,0,0,0,0,0,0,2,2,2,0,0,0,3,2,1,4,9,23,30,29,24,10,4,6,202,133,309,99,44,5,0,0,1,37,117,164,0,0,0,44,64,87,105,90,59,30,0,0,0,0,0,0,0,22,86,79,38,0,0,0,76,66,67,67,67,65,63,62,66,68,69,76,0.2,4.3,16.1,8.5,-6.4,-4.5,4.6,-0.8,-3.1,-0.1,10.4,3.8,887,550,96,206,7,19.1,25.2,12.8,348,216,1,99,7,36,504,175,1857,1669,702,1294,0,1,4,3,10,14,82,39,500,452,6,155,0,109,283,88,0,0,187,38,73,67,63,67,2.8,11.9,-3.3,15.2,1667,202,7.7,58.9,664,722,5523,7,146,181,263,83,1113,-30.7,30.4,480,225,16,68
2003,SUNR,CALNOO,46.928496,121.655174,1792.106154,1.6,0.9,2.7,4.1,8.8,14.6,20,18.1,16,9.5,1.1,-0.6,-4,-7,-4.8,-3.1,-0.8,3.5,6.4,6.1,5.4,1.5,-7,-5.9,-1.2,-3,-1.1,0.5,4,9.1,13.2,12.1,10.7,5.5,-2.9,-3.3,384,138,421,134,53,31,6,8,55,207,311,218,5.8,10.8,12,17.9,21.7,27.1,27.9,23.4,18,10,7,4.9,89,116,84,49,10,1,0,0,0,8,125,130,4,2,5,9,34,125,255,222,178,63,3,2,597,585,593,525,435,269,146,183,219,389,628,656,0,0,0,0,1,1,3,3,4,1,0,0,6,2,4,6,11,25,30,30,27,19,2,3,126,96,310,97,22,1,0,0,1,8,63,97,0,0,0,40,68,93,118,93,62,31,0,0,0,0,0,0,14,62,113,84,7,0,0,0,77,68,71,73,67,64,58,62,66,73,67,80,1.1,5.2,17.6,8.9,-5,-2.9,5.3,0,-2,1.1,11.5,4.4,767,608,45,573,7.2,17.2,26.1,11.7,335,143,1,133,8,48,602,244,1839,1552,599,1236,0,1,7,4,11,21,85,48,320,429,2,72,0,107,304,93,0,14,259,7,75,70,62,69,3.6,13.2,-3.3,16.4,1966,153,6.9,86,612,902,5225,12,165,170,274,104,822,-30.7,30.4,504,280,15.5,69
2004,SUNR,CALNOO,46.928496,121.655174,1792.106154,-2.4,0.9,4.1,8.2,9.6,14.4,19.2,17.8,12.4,8.2,2.1,0.8,-7.4,-6,-4.9,-3,0.3,3.2,7.1,7.5,4.8,0.9,-5.1,-4.8,-4.9,-2.5,-0.4,2.6,4.9,8.8,13.1,12.6,8.6,4.5,-1.5,-2,400,116,190,45,123,53,21,109,109,124,177,175,5.7,10.2,13.9,20.6,20.2,26.5,26.5,21.4,16.6,11.1,6.8,4.7,176,105,72,25,6,1,0,0,1,12,91,101,1,2,6,20,45,119,253,238,119,49,5,3,711,571,573,462,405,277,148,168,282,419,585,617,0,0,0,0,1,1,3,3,2,0,0,0,2,3,4,6,15,24,31,30,26,17,4,4,273,74,124,19,37,3,0,2,2,12,197,126,0,0,0,56,69,92,111,87,48,29,0,0,0,0,0,11,0,39,90,0,0,0,0,0,79,72,66,61,69,64,62,67,75,75,72,78,-0.7,7.3,17.1,7.6,-6.4,-2.5,5.9,0.2,-3.6,2.4,11.5,3.9,734,358,183,409,6.8,18.2,24.8,11.5,382,103,1,104,6,71,609,173,1899,1440,593,1285,0,1,7,2,9,25,85,47,473,180,5,211,0,125,291,77,0,11,129,0,76,65,65,74,3.7,13.1,-4.9,18,1640,415,8.3,31.6,590,859,5217,11,167,165,269,104,868,-30.7,30.4,492,140,15.3,70
2005,SUNR,CALNOO,46.928496,121.655174,1792.106154,-0.7,2.7,4.5,5.6,10.2,11.6,18,18.6,13.5,8,0.2,-1,-6.7,-9.3,-5,-2.8,1.4,2.3,5.8,6.1,3.6,1.3,-5.4,-6.5,-3.7,-3.3,-0.2,1.4,5.8,7,11.9,12.3,8.6,4.6,-2.6,-3.8,191,39,255,120,121,76,52,24,69,136,261,262,5.9,11.4,13.2,16.8,20.6,23.1,25.9,24.5,18.4,9.8,6.8,5.3,145,122,69,37,4,2,0,0,1,11,117,143,2,1,6,13,59,77,214,229,117,51,4,2,674,593,568,498,377,332,189,177,284,415,618,672,0,0,0,0,1,0,2,3,2,0,0,0,3,1,4,7,19,22,30,30,24,19,4,3,109,28,159,73,26,10,1,1,9,12,87,76,0,0,0,45,70,78,107,95,55,27,0,0,0,0,0,0,0,2,55,71,0,0,0,0,75,54,64,70,70,69,62,61,68,77,77,77,0.9,6.8,16.1,7.2,-6.9,-2.1,4.7,-0.2,-3,2.3,10.4,3.5,405,496,153,465,7.5,16.9,24.5,11.7,410,110,2,129,5,79,519,171,1939,1443,698,1317,0,1,5,2,6,29,82,46,214,257,11,107,0,115,281,83,0,0,128,0,69,68,64,74,3.2,12.3,-3.8,16.1,1607,343,8.2,36,651,774,5398,8,163,144,261,117,590,-30.7,30.4,478,128,15.2,69
2006,SUNR,CALNOO,46.928496,121.655174,1792.106154,1.5,0.7,1.9,5.8,10.5,14,19.5,18.1,15.9,7.8,1.2,-1.2,-4,-7.6,-6.3,-3.6,-0.6,3.5,6.6,5.3,4.5,-0.7,-4.7,-7.1,-1.2,-3.5,-2.2,1.1,4.9,8.8,13,11.7,10.2,3.6,-1.7,-4.1,475,176,131,99,94,88,18,11,51,83,631,273,5.5,10.5,13.9,19.5,22,24.9,26.2,24.8,18.5,11.8,5.9,5,90,125,108,41,6,1,0,0,1,17,96,152,4,1,3,12,45,118,251,207,161,38,5,1,598,597,628,508,405,277,149,197,236,449,592,682,0,0,0,0,1,1,3,2,3,0,0,0,6,1,2,5,12,25,30,29,25,13,5,2,157,130,112,64,28,4,0,0,6,12,157,165,0,0,0,47,76,89,114,94,63,29,0,0,0,0,0,0,0,1,97,84,12,0,0,0,78,66,67,66,63,66,60,60,64,70,76,77,0.4,6.1,17.2,8.3,-6,-3.5,5.2,-0.3,-2.8,1.3,11.2,4,914,324,116,765,7,18.5,25.3,12.1,366,155,1,114,7,60,576,204,1877,1541,623,1276,0,1,6,3,10,19,85,43,453,204,5,175,0,123,298,92,0,0,182,12,74,65,62,70,3.4,13,-4.1,17.2,2130,261,6.3,49.9,636,847,5318,10,156,172,266,94,837,-30.7,30.4,513,194,15.7,68
2007,SUNR,CALNOO,46.928496,121.655174,1792.106154,-2.1,0.1,3.2,5.7,10.8,12.6,19.1,16.8,13.5,6.7,1.4,-1.2,-9.2,-6.1,-5.1,-3.7,-1,2.1,7.6,5.9,4.5,-1,-5.1,-6.2,-5.6,-3,-0.9,1,4.9,7.3,13.3,11.3,9,2.8,-1.8,-3.7,227,237,328,85,58,66,24,27,37,170,150,395,6.5,9.1,12.8,17.8,23.2,23.4,24.9,23.2,18.4,10.4,7,4.4,196,115,82,42,6,1,0,0,1,22,99,140,1,2,5,11,45,84,260,196,128,31,5,2,734,584,589,510,406,321,143,208,272,471,595,669,0,0,0,0,1,0,3,2,2,0,0,0,1,2,3,5,11,21,31,30,25,12,4,3,168,164,236,56,18,7,0,1,2,13,326,182,0,0,0,47,78,84,109,86,53,27,0,0,0,0,0,0,20,18,85,59,16,0,0,0,70,75,68,66,61,66,64,66,70,73,74,75,-1.1,6.6,16.1,7.2,-7.5,-3.3,5.2,-0.6,-4.3,1.7,10.7,3.3,736,471,117,357,6.7,17.9,23.8,11.9,451,130,1,122,4,61,539,163,1987,1505,672,1339,0,1,6,2,7,19,82,41,514,310,8,341,0,124,279,80,0,20,162,16,73,65,65,72,2.9,13.3,-5.6,19,1803,212,7.1,62.9,705,767,5503,9,148,173,266,93,1174,-30.7,30.4,484,198,15.1,69
2008,SUNR,CALNOO,46.928496,121.655174,1792.106154,-2.4,1.3,0.6,3.7,9.8,11.7,17.6,16.8,14.8,7.4,3.9,-3.1,-8.8,-6,-7.4,-5.9,0.3,1.3,5.3,6.6,4.4,-0.4,-2.5,-9,-5.6,-2.3,-3.4,-1.1,5,6.5,11.5,11.7,9.6,3.5,0.7,-6,229,212,226,97,93,88,19,105,49,71,347,258,6,9.8,13.1,19.8,21.7,24.2,26.8,21.3,18.8,10.3,6.2,5,194,101,137,77,6,2,0,0,1,18,51,205,1,2,2,5,47,67,200,208,145,37,11,1,732,565,665,572,402,346,203,197,253,452,520,742,0,0,0,0,1,0,1,2,3,0,0,0,2,3,2,2,15,18,30,30,25,13,8,1,169,130,209,85,27,14,0,3,3,39,79,245,0,0,0,0,70,81,106,85,59,28,14,0,0,0,0,0,0,0,88,0,10,0,0,0,73,71,68,63,68,66,61,67,66,73,76,79,-0.8,4.7,15.4,8.7,-7,-4.3,4.4,0.5,-3.9,0.2,9.9,4.6,835,416,212,468,6.9,18.2,24.1,11.8,500,220,2,70,4,54,475,193,2040,1639,746,1224,0,1,4,3,5,19,78,47,544,321,18,120,0,70,272,101,0,0,88,10,74,66,65,72,2.5,11.7,-6,17.8,1794,353,7,33.1,792,726,5648,7,149,151,267,116,1003,-30.7,30.4,443,98,15.2,69
2009,SUNR,CALNOO,46.928496,121.655174,1792.106154,-1.8,-0.2,-0.1,5.6,10.6,14.4,20.4,17.4,15.5,6.7,2.9,-2.7,-7.7,-7.7,-7.8,-4.5,-0.9,4.1,7.2,6.4,5.1,-0.3,-4.3,-9.5,-4.7,-4,-4,0.6,4.9,9.2,13.8,11.9,10.3,3.2,-0.7,-6.1,369,74,288,122,134,36,6,33,54,194,323,137,7,10.6,13.5,19.6,22.4,25.5,27.4,23.3,17.9,10,6.5,5.6,172,136,152,48,6,1,0,0,1,20,75,206,1,1,2,10,44,129,274,214,166,34,7,1,706,611,683,523,407,265,132,191,231,461,561,744,0,0,0,0,1,1,4,2,3,0,0,0,2,1,1,4,11,26,31,30,26,14,5,1,247,58,273,87,42,1,0,1,3,12,100,214,0,0,0,47,77,90,119,88,60,26,0,0,0,0,0,0,0,54,113,55,6,0,0,0,75,69,68,63,61,67,59,65,67,76,72,75,-1.7,5.4,17.4,8.4,-8.1,-4.4,5.9,0.2,-4.9,0.5,11.6,4.3,701,544,74,572,7.7,18.5,25.4,11.5,515,207,1,95,3,55,617,207,2061,1614,587,1253,0,1,8,4,5,16,87,45,518,402,2,115,0,124,297,86,0,0,222,6,73,64,64,71,2.9,13.8,-6.1,19.9,1769,263,7.3,52.5,817,882,5515,12,152,177,270,94,1037,-30.7,30.4,507,228,15.8,68
2010,SUNR,CALNOO,46.928496,121.655174,1792.106154,1.5,2.5,3.3,4.7,7.3,10.8,17.7,17.1,13.3,8.3,0.6,0.1,-3.6,-4.6,-6,-3.5,-1.7,1.7,5.1,5.6,6,0.5,-5.7,-4.9,-1.1,-1,-1.4,0.6,2.8,6.3,11.4,11.3,9.6,4.4,-2.5,-2.4,225,115,182,133,180,125,12,11,127,101,233,281,5.8,10.3,14.1,18.3,19.6,23.5,28.1,23.8,16,11.1,6.1,5,86,77,91,48,17,2,0,0,1,13,115,110,5,4,4,10,23,64,198,196,147,47,4,3,592,529,603,522,471,353,205,208,251,424,616,629,0,0,0,0,0,0,1,2,3,0,0,0,7,4,3,5,9,20,29,29,27,16,3,4,71,52,141,95,97,22,0,0,2,37,134,114,0,0,0,43,62,75,107,89,49,29,0,0,0,0,0,0,0,0,95,78,0,0,0,0,80,72,64,69,68,69,61,63,76,73,74,70,0.4,5.1,15.2,7.4,-5.9,-3.7,4.1,0.3,-2.7,0.7,9.7,3.8,476,495,148,462,7,17.3,25.1,11.1,273,156,2,129,11,37,457,197,1751,1596,766,1292,0,1,3,3,15,16,79,47,237,333,23,174,0,104,271,79,0,0,173,0,74,67,65,75,3.2,11.4,-2.4,13.8,1726,456,7.6,25,560,702,5405,7,157,178,279,101,767,-30.7,30.4,454,173,15.1,71
2011,SUNR,CALNOO,46.928496,121.655174,1792.106154,-0.2,-0.9,1.3,2.7,7.1,11.5,16.4,18.2,17,7.2,1.6,-0.7,-6.6,-8.8,-6.1,-5.9,-2,1.6,4.7,6.3,5.7,0.7,-6.6,-7.9,-3.4,-4.8,-2.4,-1.6,2.6,6.6,10.5,12.2,11.3,4,-2.5,-4.3,302,192,328,206,150,61,33,6,41,127,249,103,0,0,0,0,0,0,0,0,0,0,0,0,137,157,113,89,19,2,0,0,0,15,115,156,2,1,3,4,21,70,170,224,195,42,4,1,665,635,634,588,479,343,232,181,200,437,616,688,0,0,0,0,0,0,1,3,5,0,0,0,3,1,2,2,8,20,29,30,27,17,3,2,163,163,284,186,84,9,1,0,7,11,139,134,0,0,0,0,62,79,100,93,65,26,0,0,0,0,0,0,0,19,67,87,24,0,0,0,74,67,70,67,67,67,63,63,64,78,67,79,-0.3,3.7,15.4,8.6,-6.8,-4.7,4.2,-0.1,-3.5,-0.5,9.8,4.3,774,683,99,418,0,0,0,0,451,221,2,130,4,28,463,241,1988,1701,756,1252,0,0,4,5,6,12,79,47,460,555,11,157,0,62,272,91,0,0,173,24,73,68,64,70,2.3,12.2,-4.3,16.5,1797,290,6.9,42,804,737,5697,9,143,177,277,99,1183,-30.7,30.4,425,197,0,68
2012,SUNR,CALNOO,46.928496,121.655174,1792.106154,-0.9,0.5,0.8,6.3,9.6,10.8,17.5,19.4,16.7,8.3,4,-0.2,-8.4,-6.4,-6.9,-3.1,-1,2,6.1,6.6,4.9,0.4,-1.8,-5.1,-4.6,-2.9,-3,1.6,4.3,6.4,11.8,13,10.8,4.3,1.1,-2.7,395,204,376,159,91,124,38,1,2,254,383,313,0,0,0,0,0,0,0,0,0,0,0,0,168,113,128,35,8,2,0,0,0,13,46,116,1,2,2,14,37,65,211,248,179,47,13,3,702,581,654,492,424,350,192,158,217,425,507,637,0,0,0,0,1,0,2,4,4,0,0,0,2,2,2,6,11,21,30,30,26,16,10,4,260,139,341,91,34,21,1,0,1,16,149,71,0,0,0,48,72,74,103,98,65,29,13,0,0,0,0,0,0,0,65,98,63,0,0,0,69,72,69,66,64,71,64,60,63,73,79,70,-0.3,5.6,15.9,9.7,-7.6,-3.6,4.9,1.1,-3.9,1,10.4,5.4,703,626,163,639,0,0,0,0,397,171,2,59,5,53,525,239,1921,1570,700,1150,0,1,6,4,8,19,81,52,469,466,22,166,0,120,276,108,0,0,163,63,70,66,65,71,3.3,13,-4.6,17.6,2340,257,5.7,50.4,628,822,5340,11,159,173,270,97,1123,-30.7,30.4,504,226,0,69
2013,SUNR,CALNOO,46.928496,121.655174,1792.106154,-2.3,1.7,3.7,6,11.2,14.5,20.2,18.9,14.9,7.6,3.1,-1.1,-8,-5.8,-5.3,-2.9,0.6,4.2,7.1,8.1,7.2,-1,-4.4,-8.4,-5.1,-2.1,-0.8,1.6,5.9,9.4,13.7,13.5,11.1,3.3,-0.6,-4.7,241,84,128,234,115,55,2,40,242,56,175,90,0,0,0,0,0,0,0,0,0,0,0,0,182,96,80,35,4,0,0,0,0,19,74,168,1,2,5,14,60,134,270,266,187,35,7,1,718,558,585,493,376,259,135,140,206,458,559,701,0,0,0,0,1,1,4,5,4,0,0,0,2,3,3,6,16,26,31,31,28,12,5,1,169,49,90,135,24,2,0,1,0,27,98,159,0,0,0,47,77,90,118,92,53,29,0,0,0,0,0,0,0,36,115,52,0,0,0,0,76,70,66,68,65,67,60,66,75,70,71,80,-0.3,7,17.9,8.5,-6.3,-2.5,6.5,0.6,-3.3,2.2,12.2,4.6,637,478,97,472,0,0,0,0,446,118,0,93,4,79,670,229,1977,1454,534,1224,0,1,10,5,6,26,88,45,377,249,3,125,0,124,300,82,0,0,203,0,75,66,64,72,3.7,13.7,-5.1,18.8,1461,454,9.4,30.1,658,982,5189,16,164,159,284,125,754,-30.7,30.4,506,203,0,69
2014,SUNR,CALNOO,46.928496,121.655174,1792.106154,0.8,-1.4,3.8,6.8,11.6,13.6,20.7,19.5,16.4,10.6,2.4,2.1,-5.5,-7.4,-5.2,-2.7,0.8,3.3,7.8,8,6.4,3.3,-4.8,-3.9,-2.3,-4.4,-0.7,2.1,6.2,8.4,14.2,13.7,11.4,6.9,-1.2,-0.9,205,322,468,182,123,47,36,50,73,234,229,283,0,0,0,0,0,0,0,0,0,0,0,0,113,148,78,30,3,1,0,0,0,5,85,80,3,1,5,16,65,109,286,272,196,90,6,5,632,624,582,478,367,288,121,134,199,345,576,583,0,0,0,0,1,1,6,6,5,1,0,0,4,2,3,7,17,25,31,31,28,24,4,6,89,264,323,92,23,3,0,1,9,10,71,65,0,0,0,50,79,87,119,96,61,31,0,0,0,0,0,0,0,40,83,45,0,0,0,0,74,75,66,66,64,67,60,64,68,75,72,69,-0.6,7.4,17.9,9.8,-7.1,-2.4,6.4,1.6,-3.8,2.5,12.1,5.7,617,773,133,536,0,0,0,0,340,110,1,90,9,87,668,292,1840,1428,542,1119,0,2,12,6,11,27,86,56,419,438,4,90,0,128,301,93,0,0,168,0,73,65,64,72,4.4,14.2,-2.3,16.6,2251,329,6.4,43.3,542,1055,4929,20,180,157,281,124,950,-30.7,30.4,523,168,0,69
2015,SUNR,CALNOO,46.928496,121.655174,1792.106154,1,4.1,6,7.1,12.2,18,21.5,19.3,14.2,10.3,2.3,0.4,-4.9,-3.7,-3.8,-3.5,1.7,4.9,8.3,7.6,4.8,2.5,-5.3,-5.3,-1.9,0.2,1.1,1.8,7,11.4,14.9,13.5,9.5,6.4,-1.5,-2.5,209,257,235,90,43,11,9,83,44,172,360,540,0,0,0,0,0,0,0,0,0,0,0,0,103,58,49,33,2,0,0,0,1,6,91,111,3,6,10,15,82,193,303,264,144,79,5,3,619,494,525,486,342,199,104,143,255,361,585,631,0,0,0,0,1,2,8,5,3,1,0,0,5,5,5,5,20,27,31,30,26,22,4,4,82,79,96,49,5,0,0,1,2,6,106,90,0,19,37,52,80,109,123,96,56,32,0,0,0,0,0,0,37,99,114,12,11,0,0,0,76,70,64,62,65,59,60,63,69,73,70,76,2.4,8.5,19.6,9,-4.2,-1.9,6.9,0.7,-0.9,3.3,13.2,4.8,748,368,103,576,0,0,0,0,273,83,0,98,12,107,760,228,1744,1353,445,1200,0,2,15,3,14,30,89,52,252,150,1,114,19,169,328,88,0,37,225,11,74,64,61,71,5,14.9,-2.5,17.4,2051,190,7.3,78.4,454,1107,4743,21,185,151,269,118,518,-30.7,30.4,604,273,0,68
