071540 1 PAVILION LAKE, BRITISH COLUMBIA, CANADA   071540                 05 231
071540 2 CANADA       DOUGLAS-FIR        3800  5050 12141 135 23 1 1480 1965    
071540 3 H. C. FRITTS                                                   06251966
0715401480 708  11264  11265  1 918  11334  1 719  11601  11290  11313  1 923  1
07154014901015  11072  11046  1 527  1 841  11224  1 945  1 877  11128  1 685  1
07154015001200  1 907  1 743  1 936  11120  11197  11098  1 705  11116  11575  1
07154015101063  1 972  11110  1 523  1 791  1 516  11012  11155  1 937  11676  1
0715401520 614  11067  1 966  1 612  1 933  11116  1 482  1 857  1 717  1 706  1
0715401530 628  1 749  1 872  1 845  1 391  1 925  11640  1 817  1 857  1 881  1
0715401540 408  1 571  11097  1 687  1 765  1 642  1 609  1 836  1 841  11035  1
07154015501723  11315  11342  1 617  1 660  11113  11591  11028  1 656  1 760  1
0715401560 482  1 404  1 366  1 532  11009  1 724  11145  11046  1 715  11354  1
0715401570 766  1 877  11677  12162  12326  11442  11076  11655  11930  11717  1
07154015801546  11508  1 701  1 591  11119  11400  1 922  11599  11117  11239  1
07154015901259  31308  31310  3 672  3 718  3 794  3 905  31109  31386  31551  3
0715401600 782  41839  41543  41112  41193  41276  41077  41395  41608  41357  4
07154016101170  41272  41072  41087  41275  4 980  4 767  41222  4 631  41318  4
0715401620 402  4 392  4 532  4 453  4 915  41024  4 512  4 710  4 644  4 580  4
07154016301114  51247  51225  51266  5 944  5 905  51508  51019  5 643  5 346  5
07154016401225  61077  61116  6 320  6 899  6 533  6 729  6 538  61053  6 412  6
0715401650 448  6 590  6 894  6 733  61529  6 697  61051  6 468  61035  6 706  6
0715401660 879  6 519  61201  6 590  6 384  6 935  61243  61124  61083  6 486  6
07154016701091  6 857  61650  6 637  6 250  61323  61190  61104  61058  6 925  6
0715401680 831  61189  61265  6 337  6 929  6 770  6 676  6 775  6 616  6 939  6
0715401690 891  61077  6 444  6 534  61331  61411  61141  62170  62227  61642  6
07154017002370  71157  71699  7 925  71363  7 815  7 330  7 816  7 752  71055  7
0715401710 864  71023  7 715  71361  7 954  7 948  7 944  7 374  7 810  7 649  7
0715401720 349  7 638  71035  7 101  71079  7 660  7 560  7 938  71013  71332  7
0715401730 746  7 851  71271  72124  7 842  71285  7 603  71207  71324  7 300  7
07154017401351  7 256  71247  71531  7 468  71718  7 732  71446  7 632  71267  7
07154017501125 11 461 111555 111314 111400 11 871 11 804 111137 11 712 11 206 11
0715401760 643 111050 111561 111329 11 702 111065 111310 111182 11 866 111341 11
0715401770 724 131115 13 428 131237 13 958 131309 13 877 13 524 13 899 131166 13
0715401780 780 131531 131040 131085 13 792 13 646 13 983 131029 13 738 131695 13
0715401790 906 131136 13 824 13 768 13 328 13 975 13 936 13 657 13 838 13 800 13
0715401800 516 131300 131450 131386 13 802 132082 132090 131886 131242 13 563 13
07154018101013 131122 131160 131467 13 925 13 912 13 912 131128 131659 132022 13
07154018201530 161414 161692 16 999 16 747 16 796 161661 161174 161288 171844 17
07154018301625 18 829 181133 18 598 18 923 18 595 181392 18 620 181534 181322 18
07154018401193 191511 19 583 19 444 19 678 191623 191583 19 826 19 830 191073 19
0715401850 966 20 799 201135 20 962 20 917 201115 201303 20 828 20 540 20 561 20
07154018601332 201912 201105 20 747 20 685 20 808 201063 20 804 20 944 20 246 20
0715401870 975 20 581 20 956 201082 20 857 20 709 20 880 201142 201204 201394 20
07154018801277 201883 201516 201125 20 605 201522 20 815 201329 201314 201111 20
07154018901439 20 923 20 826 201336 201170 20 957 20 628 20 694 201047 20 985 20
0715401900 895 201382 20 513 20 714 201076 20 596 20 881 20 775 20 941 20 660 20
0715401910 654 20 451 20 839 20 931 201249 201050 201612 20 904 20 783 20 517 20
0715401920 474 20 844 20 659 20 355 20 748 20 719 20 379 20 805 20 952 20 609 20
0715401930 809 20 319 20 794 20 566 20 857 20 963 20 980 201276 20 755 20 750 20
0715401940 986 20 459 201698 20 921 201335 201484 20 805 20 660 201314 20 875 20
07154019501152 20 830 20 989 201158 201345 201313 201083 201642 201093 20 520 20
07154019601152 20 854 201141 20 929 201457 201505 209990  09990  09990  09990  0
071540 486  .293  .386  .3871.00252 487.2224 560.6092                           
526547 1 KAMLOOPS, BRITISH COLUMBIA, CANADA   526547                      04 492
526547 2 CANADA       DOUGLAS-FIR        2700  5045 12033 180 30   1420 1965    
526547 3 H. C. FRITTS                                                   06221966
52654714201160  11740  11300  1 540  11120  1 670  1 480  11330  1 500  11380  1
52654714301400  11660  11210  1 590  1 590  1 780  1 930  1 690  1 900  11100  1
5265471440 890  1 940  11030  1 850  11230  1 870  11320  11200  1 890  11070  1
52654714501070  11060  11120  1 710  1 560  1 820  1 980  1 650  1 600  11260  1
52654714601190  11050  11540  1 820  11160  21240  2 850  2 560  2 830  2 750  2
52654714701150  21740  2 640  21300  21400  2 730  2 660  21030  2 990  2 910  2
5265471480 980  21350  21520  21190  21550  21070  21420  21510  21890  2 550  2
52654714901090  21080  2 750  2 860  2 640  21170  21030  2 780  2 890  2 720  2
52654715001460  5 500  5 880  51000  51370  51211  6 789  61069  6 811  61047  6
52654715101109  61210  61359  6 894  6 900  6 539  61111  61265  61162  61329  6
5265471520 613  6 810  61089  6 763  61053  6 987  6 885  6 769  61078  6 517  6
5265471530 706  6 737  61288  61337  6 609  6 992  61839  61380  6 991  61207  6
5265471540 678  6 943  6 796  6 667  6 761  6 488  6 483  6 971  6 936  6 962  6
52654715501202  7 910  71319  7 831  7 802  7 495  7 790  7 802  7 576  7 811  7
5265471560 809  7 890  7 689  7 652  71174  7 859  71406  7 793  7 723  71217  7
5265471570 788  7 509  71467  71208  71053  71143  71074  71145  71161  71302  7
52654715801329  7 886  7 875  7 637  7 909  7 774  71010  71332  7 905  71089  7
52654715901335  71285  71471  7 968  7 556  71020  71211  71638  71254  71320  7
5265471600 747  71550  71335  71135  71161  7 837  71068  71253  7 931  71032  7
5265471610 885  71261  71431  71460  71421  7 820  7 874  7 935  7 512  7 759  7
5265471620 668  61082  61138  6 425  61173  61293  6 608  61163  61173  6 908  6
52654716301095  61456  61448  61479  6 715  61312  61382  6 781  6 574  6 297  6
5265471640 513  6 722  6 738  6 310  6 782  6 700  6 735  6 409  6 817  6 564  6
5265471650 604  6 766  61028  6 635  61153  6 703  61041  6 749  61091  6 907  6
5265471660 995  8 690  81245  81088  8 550  8 720  81052  81491  81630  81225  8
52654716701180  8 875  81762  81009  8 994  81081  81150  81479  8 839  8 679  8
5265471680 761 111066 11 986 11 306 11 906 11 482 11 796 111125 11 865 111137 11
5265471690 815 14 866 141407 141317 141331 14 713 141031 141494 141591 141276 14
52654717001942 141316 142098 141031 14 955 14 388 14 550 141153 14 762 14 884 14
5265471710 716 14 996 14 823 141346 141119 14 623 141082 14 778 14 535 14 548 14
5265471720 703 14 568 14 978 14 381 141459 141236 14 591 141556 141032 14 669 14
5265471730 734 15 782 15 887 151445 151034 15 614 15 515 151004 151552 15 685 15
52654717401418 15 647 151119 151506 15 363 151087 15 792 15 773 15 654 15 854 15
52654717501231 16 739 161244 161369 16 995 16 934 16 903 161055 16 822 16 572 16
5265471760 695 191094 191732 191035 191061 19 737 191372 191589 19 797 191303 19
5265471770 899 19 293 19 803 19 744 191100 191302 19 861 19 326 191223 19 864 19
52654717801024 191109 191259 19 605 19 553 191215 191227 19 809 19 894 191664 19
5265471790 970 19 691 191699 191036 19 769 19 855 19 942 19 674 19 930 19 692 19
5265471800 312 191011 191221 191021 19 784 19 297 191007 191144 19 728 19 761 19
5265471810 822 201130 201251 20 911 201159 201403 201314 201156 201036 201878 20
52654718201563 201361 201542 201122 20 678 201427 201551 20 867 201306 201069 20
52654718301729 201306 201573 20 824 20 622 201133 202021 20 603 201477 201559 20
52654718401105 20 919 20 581 20 346 20 704 201020 201127 20 696 20 584 20 982 20
5265471850 985 20 953 201001 20 859 20 890 20 879 20 969 201072 20 720 20 848 20
52654718601137 201486 201186 201206 20 459 20 915 201197 201212 201095 20  59 20
52654718701160 20 927 20 763 201062 20 791 201053 201410 201247 201184 201458 20
52654718801704 201714 201898 201298 201210 201438 20 638 20 930 201442 201019 20
5265471890 919 20 297 201062 201091 20 909 20 756 20 772 20 676 201105 201131 20
52654719001334 201515 201447 20 832 201522 20 455 201369 201247 201325 20 613 20
5265471910 668 201023 201245 201389 201223 20 785 201528 201825 20 867 20 573 20
5265471920 525 20 762 20 376 20 577 20 514 20 678 20 542 20 698 20 847 20 752 20
5265471930 593 20 428 20 615 20 683 20 826 20 702 201100 20 929 20 840 201078 20
5265471940 969 20 381 201421 201235 20 979 20 979 201258 20 891 201110 201121 20
52654719501233 20 928 201184 20 920 201168 201223 201270 20 986 20 754 20 642 20
52654719601207 20 800 201030 20 641 20 597 20 787 209990  09990  09990  09990  0
526547 546  .249  .332  .337 .99713 544.4342 603.0044                           
064649 1 NARAMATA, BRITISH COLUMBIA, CANADA   064649                      06 255
064649 2 CANADA       PONDEROSA PINE     2000  4936 11935 225 05 3 1451 1965    
064649 3 C. W. FERGUSON AND M. L. PARKER                                08121966
06464914509990  0 531  1 428  1 283  1 548  1 562  1 722  11297  11104  11270  1
06464914601301  21140  21409  21222  21169  21323  21616  2 707  21128  21559  2
06464914701457  2 577  2 374  21059  21130  2 752  21393  2 820  2 835  2 822  2
0646491480 814  3 974  31125  3 680  3 882  3 913  31097  31197  31080  3 667  3
06464914901094  3 745  3 634  31023  3 901  3 968  31335  31095  3 632  31424  3
06464915001239  5 804  51007  51137  51498  51281  51334  51021  51461  5 968  5
06464915101271  61207  6 934  6 929  61378  6 599  6 686  61167  6 907  61359  6
06464915201077  6 825  6 497  6 943  6 710  6 898  61084  61257  61343  6 881  6
06464915301164  6 490  6 912  6 715  6 703  61196  61237  61320  61140  61641  6
0646491540 579  61033  6 868  61619  61209  6 942  6 694  6 778  6 665  61099  6
06464915501011  51323  5 508  5 707  5 375  5 723  5 656  5 964  5 896  51238  5
0646491560 883  5 899  5 758  51110  51351  51114  51623  5 533  51354  5 897  5
0646491570 870  51051  52018  5 996  51364  51405  51346  5 975  51352  51100  5
0646491580 968  5 700  5 701  51255  5 628  5 897  51389  51294  51547  51206  5
06464915901836  51047  5 843  5 897  51208  5 292  5 453  51105  51045  51265  5
06464916001197  51545  51621  51010  51223  51099  5 884  5 735  51067  5 771  5
06464916101481  51463  51565  5 977  51001  5 567  51279  51559  5 883  51371  5
0646491620 405  61319  61164  6 386  6 824  6 712  6 312  6 732  6 532  6 416  6
0646491630 329  6 802  61153  6 613  61125  6 656  61259  6 762  61029  6 390  6
06464916401290  61101  6 531  6 160  6 608  61008  6 660  6 605  6 798  6 854  6
0646491650 997  61821  6 710  6 575  6 971  61083  61561  61098  6 771  6 751  6
0646491660 552  61100  61221  6 530  6 797  6 703  61134  61091  6 961  61205  6
06464916701211  61030  61423  61138  6 741  61443  6 932  6 916  6 555  6 657  6
06464916801139  61689  6 748  6 949  6 925  6 874  61193  6 895  6 671  61007  6
0646491690 767  6 749  6 981  61416  61281  6 617  6 731  6 886  61144  6 687  6
06464917001375  6 836  61574  6 962  61698  6 731  61132  61033  61026  61628  6
06464917101144  61140  61492  6 689  61128  61294  61197  6 515  6 573  61156  6
0646491720 930  6 749  61329  61578  61057  6 889  6 899  6 974  6 691  6 848  6
06464917301331  61069  61568  61057  61103  61312  6 790  6 999  61090  6 782  6
06464917401140  7 527  7 805  71071  7 586  7 999  71011  71470  7 849  71264  7
06464917501489  81241  81551  8 820  81052  81050  8 521  8 478  81095  8 609  8
06464917601078  81606  81676  81725  81038  8 664  81396  8 625  8 763  8 874  8
0646491770 797  9 693  9 889  91464  91378  91515  9 436  9 649  91059  9 912  9
06464917801412  9 885  7 802  7 303  7 878  7 898  7 828  7 889  7 966  71806  7
06464917901227  7 674  71142  71264  7 898  7 685  7 803  7 419  7 962  71015  7
0646491800 518  71415  71107  71007  7 583  7 682  71404  71173  71110  71524  7
06464918101050 111093 11 714 11 964 111161 11 994 111108 11 922 111306 111679 11
06464918201363 111245 11 755 11 930 11 422 11 969 111262 11 883 11 813 111071 11
0646491830 868 11 700 111673 111284 111081 111050 111010 111146 111177 111197 11
0646491840 843 12 912 12 764 12 733 12 744 12 949 121147 12 626 12 798 12 771 12
0646491850 707 12 879 12 626 12 883 12 767 121025 121181 12 893 12 675 12 978 12
06464918601240 121228 12 735 121031 12 632 12 837 121074 121103 12 708 12 235 12
0646491870 658 12 745 12 740 121009 121129 12 871 121389 121202 12 923 121660 12
06464918801160 121790 12 974 121113 12 709 121348 12 551 12 864 12 861 12 976 12
0646491890 822 12 883 121023 12 955 12 864 121213 12 859 121172 121137 12 882 12
06464919001410 12 536 121382 121425 121420 121125 121443 121231 121090 121166 12
0646491910 816 12 988 121416 121714 121443 121553 121075 12 727 12 358 12 672 12
0646491920 793 121149 12 687 121360 12 666 12 638 12 729 12 879 121235 12  92 12
0646491930 755 12 106 12 545 12 685 12 751 12 979 121006 121098 121030 121066 12
0646491940 906 121185 121586 12 958 121318 121265 121282 12 671 121340 121012 12
0646491950 992 121265 121194 12 881 121268 121125 12 940 121063 12 829 12 812 12
0646491960 805 121017 121197 121510 121163 121277 129990  09990  09990  09990  0
064649 515  .224  .321  .3361.00257 516.3261 570.5950                           
057540 1 POWERHOUSE, ALBERTA, CANADA   057540                                403
057540 2 CANADA       DOUGLAS-FIR        4700  5112 11531          1410 1965    
057540 3 C. W. FERGUSON AND M. L. PARKER                                08031966
05754014101507  11740  1 955  11215  11132  1 792  1 965  11053  11173  11253  1
0575401420 857  11139  1 895  11064  1 890  1 861  1 982  1 642  1 401  1 758  1
05754014301101  21114  2 740  2 792  2 869  2 728  21005  2 820  21053  2 875  2
0575401440 616  2 868  2 828  21554  21090  2 914  21086  21021  2 671  2 818  2
05754014501021  2 941  21435  2 910  21033  2 954  21134  21230  21081  21119  2
05754014601161  21233  21344  21197  21359  21160  21083  2 690  21438  21611  2
05754014701673  31287  3 554  3 798  31170  3 897  3 764  3 935  3 530  3 690  3
0575401480 943  5 914  5 811  5 571  5 473  5 299  5 884  5 989  5 623  5 481  5
05754014901047  51037  5 686  51243  51077  5 993  51129  51119  5 606  5 808  5
05754015001019  51368  5 970  5 850  5 805  5 915  51105  5 675  51199  51245  5
0575401510 705  51333  51201  5 813  51256  5 593  5 628  51311  51474  51833  5
05754015201160  51384  5 885  51415  51544  51409  5 843  51354  5 877  51472  5
05754015301289  51246  51223  5 947  5 463  51114  51523  51727  51273  51648  5
05754015401002  51655  51792  5 903  51467  51237  51286  51355  51370  51319  5
05754015501317  51631  51003  51221  5 583  51174  5 328  5 991  5 733  5 849  5
0575401560 661  8 732  8 809  8 662  8 980  81204  8 954  8 512  8 796  8 728  8
0575401570 973  8 799  8 977  8 501  81311  81239  8 670  8 871  8 578  8 803  8
0575401580 545  8 820  8 772  8 704  8 898  8 979  81142  8 939  81119  81169  8
05754015901605  81554  81306  8 946  8 891  8 934  8 966  81175  81119  8 958  8
0575401600 702  8 922  8 900  8 949  8 797  8 785  8 752  8 769  81189  81164  8
0575401610 918  81183  8 881  81155  81160  8 990  81046  8 961  8 834  8 737  8
0575401620 581  8 861  8 734  8 630  81159  81001  8 811  8 466  81102  8 403  8
0575401630 735  8 946  81131  81092  8 864  8 537  8 833  8 498  8 769  8 796  8
0575401640 906  8 942  8 803  81124  8 959  8 865  8 497  8 716  8 861  8 956  8
0575401650 919  8 604  8 656  8 572  8 879  8 438  8 783  8 389  8 708  8 792  8
0575401660 766  8 476  81110  8 764  8 583  81062  81152  81115  81395  81527  8
05754016701065  81177  81763  81422  81003  81551  81135  8 710  81028  81065  8
05754016801193  81202  8 808  8 704  8 477  8 879  8 929  8 768  8 747  81038  8
05754016901089  81054  8 276  8 864  8 877  8 619  8 511  8 729  8 879  8 499  8
0575401700 843  8 380  8 665  8 464  8 669  8 557  8  78  8 886  8 645  8 948  8
0575401710 860  81084  8 929  81133  81161  8 752  8 820  8 441  8 609  8 708  8
0575401720 632 10 577 101293 101312 101524 10 812 101153 101564 101691 101041 10
0575401730 601 11 946 111076 111244 11 867 111176 11 752 11 788 11 841 11 749 11
0575401740 938 12 676 121030 12 960 12 756 121129 12 772 12 561 12 658 12 790 12
05754017501265 12 500 121035 12 955 121146 121220 121035 12 559 12 777 12 247 12
0575401760 919 12 955 121159 121022 12 228 12 794 12 309 121244 12 750 121425 12
05754017701508 121135 12 633 12 925 121136 121127 12 779 12 742 121122 121098 12
05754017801057 131573 131220 13 855 13 780 13 641 131428 131507 131014 131683 13
0575401790 706 13 444 131197 13 335 13 616 13 825 13 519 131211 13 960 13 988 13
0575401800 386 151486 151003 151071 151056 151021 151210 151179 15 722 15 376 15
05754018101094 15 822 15 666 15 807 15 462 15 257 15 947 15 473 15 881 15 937 15
0575401820 900 15 907 15 744 15 796 15 658 15 906 151107 151039 151086 151395 15
05754018301177 15 270 15 966 15 898 15 783 15 865 15 931 15 742 15 753 15 987 15
05754018401226 15 876 15 614 15 310 15 506 15 789 15 745 15 447 15 841 15 561 15
0575401850 770 17 555 17 524 17 698 17 599 171076 171189 17 914 17 874 17 992 17
05754018601130 20 977 20 969 20 462 20 921 20 659 201193 20 813 20 868 20 626 20
0575401870 763 20 916 201492 201414 201539 201674 201525 201593 201556 201736 20
05754018801765 201896 20 815 201166 20 992 201702 202111 201251 201149 20 440 20
05754018901326 20 968 20 745 201043 20 889 20 932 20 477 201133 201698 201647 20
05754019001598 201607 201652 201166 201774 201274 201065 201155 201478 20 944 20
0575401910 980 201200 201056 201375 201245 201084 201914 201300 20 942 20 677 20
05754019201087 20 742 20 653 201118 201180 201178 201055 201405 201119 201027 20
0575401930 992 20 670 201414 201040 20 910 201493 20 556 20 582 201141 20 541 20
0575401940 684 20 747 201113 201169 201028 201278 201293 201579 201369 20 981 20
05754019501374 201159 201311 201488 201189 201090 20 972 20 856 20 970 201533 20
05754019601096 20 865 20 912 201350 201257 201412 209990  09990  09990  09990  0
057540 556  .427  .326  .305 .98232 546.1691 595.6494                           
525547 1 EXSHAW, ALBERTA, CANADA   525547                                 02 492
525547 2 CANADA       DOUGLAS-FIR        4500  5107 11522          1460 1965    
525547 3 C. W. FERGUSON AND M. L. PARKER                                08061966
5255471460 600  1 610  1 740  1 770  11150  11260  1 940  11010  11100  11260  1
52554714701270  11310  1 520  1 950  1 940  1 760  1 800  11190  1 680  1 900  1
52554714801490  1 970  1 830  1 630  1 570  1 570  11350  11500  11190  1 760  1
52554714901130  1 740  1 440  1 930  11120  11040  11630  11170  1 750  1 740  1
5255471500 760  11080  1 660  1 720  11040  11040  11130  1 560  11410  1 900  1
5255471510 580  11250  1 890  1 560  11190  1 370  1 680  11220  11180  11380  1
5255471520 660  1 990  1 900  11150  11660  11560  11020  11450  11070  11730  1
52554715301460  11650  11540  1 860  1 520  11340  11550  11550  1 750  11190  1
5255471540 800  11310  11600  1 530  11170  1 960  11120  11240  11030  11150  1
5255471550 940  11810  1 820  11100  1 410  1 660  1 270  1 620  1 640  1 690  1
5255471560 721  2 506  2 802  2 702  3 972  31292  31035  3 438  3 942  3 845  3
52554715701150  41118  41256  4 661  41403  41508  41149  41119  4 643  41013  4
5255471580 749  71096  71080  7 973  71285  71175  7 993  71032  71570  71321  7
52554715901492  71619  71351  7 716  7 773  71113  71079  71197  71061  71091  7
5255471600 698  8 871  8 826  81059  8 729  8 549  8 650  8 647  8 914  81083  8
52554716101107  81136  81144  81031  8 994  8 655  8 778  8 861  8 760  8 541  8
5255471620 572  8 877  8 586  8 406  8 659  8 701  8 493  8 488  8 767  8 465  8
5255471630 754  81278  81502  81113  8 678  8 392  8 943  8 613  8 767  8 889  8
52554716401173 121390 121154 121295 121559 121092 12 658 121056 12 766 121121 12
5255471650 842 12 672 12 877 12 928 121326 121103 12 961 12 514 121034 12 962 12
5255471660 834 12 570 12 916 12 765 12 762 121114 121389 121273 121571 121778 12
52554716701200 121426 122142 122227 121186 122069 121690 12 914 121087 12 826 12
52554716801329 141458 14 985 14 775 14 632 14 961 141120 141102 141166 141304 14
52554716901161 171208 17 765 171176 171242 17 715 17 898 171101 171302 17 936 17
5255471700 997 19 818 191013 19 762 191057 19 901 19 265 19 995 19 880 191185 19
52554717101041 201045 201130 201382 201277 20 838 20 914 20 330 20 423 20 942 20
5255471720 544 20 420 201141 201400 201658 20 975 201306 201346 201376 20 907 20
5255471730 763 281129 281104 281265 281075 281318 281121 281108 28 942 281087 28
52554717401334 28 820 281161 281099 28 924 281473 281049 28 991 28 826 28 903 28
52554717501575 30 663 301203 301058 301256 301165 30 938 30 626 30 999 30 317 30
5255471760 977 30 935 301265 301085 30 354 301024 30 324 301090 30 694 301085 30
52554717701315 301017 30 558 30 799 301035 301169 30 676 30 847 301283 301209 30
52554717801104 321572 321256 32 953 32 654 32 841 321204 321410 321070 321523 32
5255471790 633 32 550 321078 32 334 32 515 32 660 32 480 321050 32 652 32 939 32
5255471800 356 351420 35 840 35 853 351031 35 863 351073 351182 35 604 35 340 35
52554718101194 35 981 35 779 35 832 35 510 35 156 351041 35 483 35 658 351100 35
5255471820 929 351001 35 869 35 795 351068 351250 351582 351583 351779 351949 35
52554718301708 40 425 401264 401229 40 891 40 869 401503 401079 401089 401513 40
52554718401627 401083 40 670 40 810 40 554 401136 401017 40 635 401000 40 838 40
5255471850 923 40 990 40 795 401040 40 867 401374 401478 401091 40 841 40 876 40
52554718601138 40 951 40 809 40 258 40 823 40 609 401166 40 565 40 870 40 615 40
5255471870 460 40 672 401319 401171 401142 401147 40 787 401302 401280 401419 40
52554718801354 401293 40 631 40 841 40 673 401484 401422 401024 40 848 40 209 40
52554718901111 40 647 40 604 40 846 40 773 40 886 40 499 401064 401743 402002 40
52554719002033 402024 402040 401738 402220 401391 40 971 401120 401659 401004 40
5255471910 717 401234 40 923 401299 401084 401037 401784 401010 40 989 40 346 40
5255471920 877 40 390 40 394 40 683 40 761 40 715 40 702 401036 401021 401046 40
5255471930 839 40 639 401208 40 913 40 454 40 912 40 451 40 436 40 864 40 397 40
5255471940 693 40 582 40 887 401039 40 759 401021 40 979 401367 401189 40 837 40
5255471950 950 40 837 401105 401235 401023 401101 40 698 40 870 40 889 401327 40
5255471960 887 40 817 40 987 401198 401424 401308 409990  09990  09990  09990  0
525547 506  .425  .351  .3261.00017 506.0878 568.2594                           
066640 1 BOULDER CREEK, WINTHROP, WASHINGTON   066640                        369
066640 2 WASHINGTON   PONDEROSA PINE     2300  4835 12010          1468 1965    
066640 3 C. W. FERGUSON AND M. L. PARKER                                08161966
06664014609990  09990  09990  09990  09990  09990  09990  09990  01224  11376  1
06664014701428  11488  1 915  11135  1 637  1 851  11094  11058  11021  1 907  1
0666401480 890  11054  11003  1 838  1 877  1 624  1 805  1 651  1 582  1 541  1
0666401490 616  1 677  1 679  1 902  1 891  11065  11018  11275  1 936  11053  1
06664015001140  11077  1 807  11154  11343  11087  1 998  1 979  1 944  11042  1
0666401510 850  11312  11333  1 725  11320  1 851  1 701  11093  1 740  11217  1
0666401520 992  1 683  1 785  1 780  1 950  11071  1 823  1 936  11254  1 833  1
0666401530 999  11158  11059  11211  11007  11569  11173  11037  11138  11134  1
0666401540 738  11027  1 915  11090  11004  11017  11140  11319  1 984  11440  1
0666401550 927  11415  11252  11182  1 763  11012  1 902  11097  11120  11317  1
06664015601265  11270  11080  11241  11364  11123  11969  11232  11406  11372  1
06664015701176  11010  11206  11486  11431  11190  1 968  11221  11111  11022  1
06664015801173  1 704  11288  1 763  1 968  11122  1 912  11110  11558  1 836  1
0666401590 938  1 876  1 692  1 750  1 820  1 389  1 748  1 516  1 743  1 667  1
0666401600 602  1 809  1 813  1 471  1 669  1 857  1 826  11016  11020  1 765  1
06664016101040  11246  11383  1 670  1 985  1 953  11332  11070  1 720  1 735  1
0666401620 406  1 679  1 806  1 535  1 838  1 703  1 466  1 721  1 839  1 421  1
0666401630 487  1 527  1 426  1 428  1 442  1 379  1 603  1 751  1 873  11036  1
0666401640 983  2 598  2 673  2 695  2 523  2 827  2 922  2 861  2 897  2 764  2
06664016501004  21010  2 860  2 807  2 853  2 900  21041  21056  21188  21032  2
06664016601347  21186  2 773  21063  2 836  2 624  21116  21118  2 964  21205  2
06664016701333  21466  21421  21408  21276  21674  21171  21276  21379  21217  2
06664016801073  31521  31227  31141  31060  31246  31086  3 928  3 891  3 874  3
0666401690 965  3 768  31077  31451  31157  3 419  3 956  3 944  31039  31163  3
06664017001063  31147  31347  31324  31191  31000  31198  31264  31224  31300  3
0666401710 895  41352  41281  41111  41278  41447  41148  4 829  41179  41025  4
0666401720 678  5 384  5 766  5 816  5 884  5 953  5 754  51084  5 843  5 851  5
0666401730 918  7 964  71002  71200  7 979  71031  7 723  7 819  7 944  7 348  7
0666401740 606 10 571 10 764 10 822 10 882 101067 101081 101212 101079 101178 10
06664017501433 101217 101477 101075 101332 101407 101066 101115 101363 10 834 10
06664017601020 111461 111380 111123 11 973 111200 11 999 11 879 11 833 11 909 11
0666401770 908 12 864 12 896 121032 121200 121120 12 875 12 863 121105 12 959 12
06664017801105 151018 151053 15 336 15 804 15 798 15 799 15 681 15 840 151099 15
0666401790 847 151038 151057 151247 15 934 15 914 15 899 15 777 15 924 15 923 15
0666401800 904 17 849 171100 17 892 17 919 17 986 171056 17 950 171229 171336 17
06664018101233 171135 171254 171469 171348 171230 17 999 171035 171251 171202 17
06664018201102 17 951 171113 17 872 171082 171151 171133 171045 17 681 171085 17
0666401830 776 17 860 171393 171158 17 966 171063 171183 17 991 17 913 17 635 17
0666401840 960 19 991 19 664 19 689 19 741 19 903 19 981 19 662 19 763 19 728 19
0666401850 715 20 780 20 753 20 886 20 821 201070 201045 201037 201066 20 900 20
0666401860 912 201238 20 944 20 852 201065 20 759 20 954 20 902 20 918 20 772 20
0666401870 822 20 684 20 883 20 876 20 721 20 678 20 812 20 982 201069 201214 20
06664018801176 201367 201004 201160 201299 201140 20 895 201073 201336 20 548 20
0666401890 878 20 785 20 932 20 773 20 924 201082 20 984 20 961 20 892 20 827 20
06664019001272 20 936 201052 201200 201260 201397 201502 201001 201275 201311 20
06664019101123 201315 201226 201570 201457 201362 201320 20 822 20 846 20 983 20
0666401920 428 201040 20 481 20 915 20 896 20 834 20 612 20 826 20 785 20 555 20
0666401930 588 20 278 20 509 20 617 20 703 20 682 20 700 20 624 20 902 20 671 20
0666401940 583 20 792 201077 201196 201068 20 903 201032 20 917 20 898 201224 20
06664019501383 201398 201389 201300 201519 201734 201588 201550 201214 201266 20
06664019601616 201462 201285 201381 20 795 201076 209990  09990  09990  09990  0
066640 498  .583  .262  .196 .99767 496.8397 529.8684                           
034640 1 LAKEVIEW, OREGON   034640                                        14 356
034640 2 OREGON       PONDEROSA PINE     6000  4206 12034 067 25 2 1421 1964    
034640 3 M. L. PARKER                                                   08051965
03464014209990  01275  1 672  11164  1 834  1 789  1 687  1 963  1 470  1 563  1
0346401430 817  1 944  1 669  1 727  1 959  11215  11089  1 986  11103  11116  1
03464014401211  11515  11400  11028  11017  11241  11231  11056  11328  11259  1
0346401450 895  11061  11204  11312  1 864  11304  11554  11081  1 809  1 857  1
0346401460 942  1 764  11135  11220  1 826  1 803  1 360  1 565  1 481  1 843  1
03464014701170  11148  11076  11114  11164  11299  1 887  11095  1 853  1 976  1
03464014801234  11345  11090  11128  1 908  11327  11354  1 949  11061  11198  1
03464014901014  11077  11252  1 670  11044  1 921  11109  1 611  1 912  1 688  1
0346401500 651  1 702  1 753  11245  1 818  1 516  1 808  1 821  1 848  1 798  1
0346401510 837  11423  11335  11363  11441  11047  1 601  1 845  1 769  11014  1
0346401520 951  1 875  11250  11445  1 982  11384  11217  1 998  11324  11352  1
0346401530 925  21008  2 540  2 840  21017  2 976  21066  21109  21152  21442  2
03464015401245  21322  21241  21030  21257  21020  2 909  21287  21031  2 999  2
03464015501835  3 960  31040  31093  3 822  3 600  3 724  3 810  3 809  31098  3
03464015601085  41075  41029  4 981  41154  41230  4 934  41028  4 972  41091  4
03464015701143  41057  4 964  4 950  41086  41114  41131  4 928  41165  4 914  4
0346401580 609  5 640  5 667  5 857  5 815  5 717  5 866  5 949  51151  51123  5
03464015901073  51028  5 899  5 839  5 630  5 575  5 593  5 793  5 794  5 867  5
0346401600 898  5 819  5 907  5 859  5 789  5 922  5 941  5 857  5 917  5 970  5
03464016101007  71193  71149  71190  7 959  7 998  7 887  7 976  71104  7 815  7
0346401620 839  7 777  7 794  7 756  7 773  7 882  7 758  7 811  7 808  7 733  7
0346401630 574  8 583  8 485  8 773  8 965  8 804  8 767  8 916  8 784  8 485  8
0346401640 731 10 938 10 987 10 945 10 962 101028 10 958 10 973 101086 101084 10
03464016501070 10 929 10 895 10 810 10 940 10 684 101004 10 864 101030 10 905 10
03464016601033 101246 10 987 10 916 10 870 10 781 10 969 10 951 101029 101198 10
03464016701273 101342 101287 101501 101439 101359 101138 101169 101121 101277 10
03464016801190 121201 12 930 12 832 121012 12 835 12 901 121026 121091 121336 12
03464016901430 12 805 12 841 121044 121119 121068 121062 121098 121026 121083 12
0346401700 991 12 849 121391 121015 121182 121250 121322 121189 121067 12 983 12
0346401710 935 131114 131059 131100 131016 131335 131433 131229 131147 131001 13
03464017201037 13 681 13 718 131051 13 891 131027 131213 131240 13 998 13 841 13
03464017301031 151278 151194 151083 151058 151245 15 997 151212 151365 15 950 15
0346401740 743 15 721 15 883 15 957 15 980 151088 151022 151190 15 951 151161 15
03464017501057 151133 151351 151002 15 864 151130 15 814 15 551 15 694 15 686 15
0346401760 858 151044 151140 15 971 151086 151173 151024 15 972 151136 15 944 15
03464017701019 15 973 151118 151215 15 925 151205 151021 15 801 15 953 151233 15
03464017801023 15 800 151076 15 764 151107 151112 151198 151026 151054 151084 15
03464017901190 151600 151332 151205 151109 15 963 15 816 15 772 15 765 151062 15
0346401800 878 17 868 17 887 171080 17 936 17 931 171097 171072 171057 171317 17
03464018101148 171013 171254 17 989 171331 171083 171189 171018 171241 171160 17
0346401820 955 181072 18 898 18 839 18 975 181082 18 967 18 993 181143 18 730 18
0346401830 878 18 827 181094 18 927 18 887 181035 181135 181135 181195 18 772 18
0346401840 797 19 767 19 819 19 821 19 748 191022 19 782 19 772 19 789 19 860 19
0346401850 991 201041 20 950 201018 201095 201196 20 944 201060 20 990 20 886 20
03464018601153 201300 201018 20 962 20 861 20 848 201058 20 955 201182 201024 20
0346401870 878 201039 201042 20 969 201108 201121 20 842 20 978 201014 20 988 20
0346401880 759 20 995 20 856 20 696 20 906 201069 20 736 20 871 20 908 20 508 20
0346401890 527 20 731 20 714 20 812 20 992 20 907 20 825 201172 20 934 20 731 20
0346401900 935 20 934 20 777 20 974 20 977 20 891 201096 201264 201355 201296 20
03464019101165 201085 201032 201400 201256 201206 201308 201011 20 655 20 750 20
0346401920 504 20 707 20 687 20 927 20 544 20 971 20 909 20 920 201049 20 781 20
0346401930 928 20 642 20 718 20 602 20 629 20 730 20 801 20 739 20 953 201124 20
03464019401071 201155 201644 201472 201337 201445 201673 201643 201290 201103 20
03464019501234 201496 201471 201442 201486 201109 201495 201643 201720 201179 20
03464019601334 201016 201027 201280 201191 209990  09990  09990  09990  09990  0
034640 544  .583  .224  .1611.00788 548.2867 579.7891                           
018590 1 DELL, MONTANA   018590                                           10 472
018590 2 MONTANA      LIMBER PINE        7200  4439 11246 270 30 1 1311 1965    
018590 3 C. W. AND E. B. FERGUSON                                               
01859013109990  0 716  1 794  11273  11425  1 815  11275  1 842  1 967  1 887  1
0185901320 619  1 763  11145  11129  1 369  11090  11129  1 581  11295  11023  1
0185901330 757  11257  11403  11207  11187  11357  11152  11181  11091  2 816  2
0185901340 961  21195  21165  21691  21092  21267  2 959  21137  21172  21289  2
0185901350 746  21213  2 721  21729  21290  2 927  21521  21427  21122  2 735  2
0185901360 467  2 111  2 604  2 355  2 594  2 725  2 977  2 804  21140  2 511  2
01859013701145  21016  2 655  2 783  21080  2 843  2 790  2 477  21111  2 894  2
0185901380 577  2 621  2  51  2 785  21172  2 767  2 960  21276  2 705  2 910  2
0185901390 690  2 658  2 807  2 919  2 753  21202  2 900  2 719  2 609  2 255  2
0185901400 395  2 383  2 696  2 868  2 745  2 804  21503  21009  21497  21065  2
0185901410 703  21276  2 992  2 693  21067  2 648  21081  2 655  21286  21358  2
01859014201482  21844  21433  21092  22186  22164  31313  31619  31893  31545  3
01859014301891  31446  4 990  41529  41353  4 408  4 584  4 162  4 465  4 591  4
0185901440 815  41138  41145  41561  41044  41088  4 512  4 509  4 318  4 416  4
0185901450 739  41524  41420  41417  41492  41702  41847  41813  4 912  4 866  4
0185901460 475  41412  41071  41402  41488  41526  41226  41247  4 252  41118  4
01859014701311  41147  4 533  41857  4 531  41248  41559  4 923  41214  41080  4
01859014801510  5 442  51138  5 408  51123  51268  51048  51849  5 999  5 666  5
01859014901276  51345  5 546  51241  51150  5 850  51182  51499  5 426  5 722  5
0185901500 355  5 562  51029  51021  51211  5 897  51501  51406  51611  51530  5
0185901510 848  5 966  51249  51057  5 688  5 653  5 710  51680  5 883  51223  5
0185901520 875  51389  5 733  51137  51654  51301  51600  51388  5 823  5 826  5
0185901530 764  5 572  5 668  5 280  5 176  5 567  5 800  51249  5 911  51548  5
01859015401158  5 885  5 367  5 798  5 623  5 648  5 774  5 727  5 876  51119  5
01859015501132  51181  5 649  5 564  5 844  5 907  5 442  5 966  51306  51214  5
0185901560 356  5 936  51130  51060  51211  5 886  5 885  5 294  5 750  5 964  5
0185901570 997  5 781  5 892  5 811  5 439  5 964  5 669  5 910  5 437  5 480  5
0185901580 206  5 365  5 296  5 531  5 520  5 278  5 701  5 595  5 646  5 623  5
0185901590 614  51007  5 267  5 145  5 894  5 438  5 901  5 837  5 556  5 922  5
0185901600 774  7 657  7 673  7 666  7 969  7 945  71094  7 632  71110  71577  7
0185901610 920  71676  7 830  81307  8 660  8 888  8 674  81563  81045  81379  8
01859016201224  91436 101689 111791 111819 111852 11 868 111066 111332 11 627 11
0185901630 525 11 363 11  74 111075 111071 111074 111017 11  75 11 673 11 706 11
0185901640 810 121033 121020 121276 12 919 12 486 12 770 12 822 12 902 121101 12
0185901650 746 12 978 121201 121050 121048 121572 121135 12 803 12 450 12 594 12
0185901660 398 121064 121191 12 975 12 779 12 401 12 861 121131 12 785 12 536 12
0185901670 813 12 817 12 679 121071 121358 131104 131282 13 982 131045 13 476 13
01859016801222 13 774 14 715 141401 141741 141921 141374 141992 14 878 141106 14
01859016901601 141625 141722 14 596 141638 14 380 14 940 14 366 14 630 14 911 14
01859017001479 141429 141910 141903 141072 141503 141425 141440 14 464 141041 14
01859017101058 141128 15 698 151187 15 717 151051 151293 15 753 15 227 151385 15
0185901720 834 15 267 15 891 15 747 151289 151452 152090 151694 151219 151575 15
0185901730 799 151480 151400 151362 16 885 17 458 171187 171576 171487 17 722 17
0185901740 338 171090 17 739 17 701 17  23 17 271 17 829 18 972 18 374 181036 18
01859017501412 181495 18 461 18 653 181171 18 940 18 315 18 382 18 518 18 496 18
0185901760 920 181178 181271 18 939 181203 18 865 181113 181511 191143 191272 19
01859017701179 191456 19 811 19 928 19 652 191399 191173 191553 191359 191212 19
01859017801273 19 344 19 375 19 327 19 777 19 324 19 768 19 953 19 663 19 835 19
0185901790 591 19 989 191023 19 933 191020 19 196 19 459 19 595 19 203 19 883 19
0185901800 312 19 175 19 621 19 753 19 594 19 745 19 570 19 967 19 443 19 750 19
01859018101029 191099 19 455 19 959 191066 191100 19 738 201280 201054 20 923 20
01859018201357 201526 20 772 20 798 20 747 20 773 201311 201315 201640 201663 20
01859018301510 201158 201008 201809 201508 20 750 20 971 201565 201459 202015 20
01859018401420 201830 20 303 201296 201402 20 908 20 212 20 620 20 543 20 904 20
0185901850 699 20 905 20 632 201337 201452 201155 201158 20 345 20 646 20 582 20
0185901860 955 20 787 20 890 20 494 20 385 20 265 20 906 201120 201374 201193 20
01859018701498 20 867 201377 201347 201573 201009 201340 201423 201571 201183 20
0185901880 251 20 447 201081 20 894 20 798 201264 20 829 20 962 201580 20 837 20
0185901890 379 201122 201499 20 825 201157 201043 20 822 20 412 201047 20 915 20
01859019001054 20 777 20 984 20 725 20 229 20 873 20 842 201140 201385 201290 20
01859019101585 201272 201129 201848 201813 201676 201831 201565 201052 20 819 20
0185901920 666 201154 20 916 201335 20 789 201408 20 850 201057 201097 201156 20
0185901930 829 201012 201114 20 496 20 396 20 719 20 561 20 647 20 459 20 819 20
0185901940 713 20 818 201010 20 930 201149 201245 201184 201428 201493 201768 20
01859019501550 20 681 201445 201307 20 675 201234 20 850 201340 201323 201154 20
0185901960 597 20 427 201180 201604 201628 201943 209990  09990  09990  09990  0
018590 655  .447  .409  .396 .98920 647.9267 750.1478                           
053599 1 SPRINGDALE, MONTANA   053599                                        526
053599 2 MONTANA      LIMBER PINE        4500  4543 11014          1422 1965    
053599 3 C. W. FERGUSON AND M. L. PARKER                                07271966
05359914209990  09990  0 637  1 648  1 588  1 797  1 866  11048  1 741  11081  1
05359914301019  11492  1 949  1 901  11038  1 757  1 896  1 648  11838  11396  1
05359914401189  11475  11355  11579  1 939  11591  1 935  1 921  1 710  1 840  1
05359914501498  11184  11474  11872  12251  12400  11525  11219  1 534  11130  1
0535991460 461  11447  11182  11439  11393  11290  1 790  11050  1 856  1 574  1
0535991470 664  1 638  1 612  1 615  1 412  1 621  11130  1 477  1 869  1 512  1
0535991480 967  1 485  11127  1 428  1 982  1 184  1 154  1 279  1 559  1 343  1
0535991490 844  11004  1 503  11135  1 664  1 856  1 921  1 732  1 606  1 256  1
0535991500 288  1 642  1 804  1 645  1 775  1 420  1 908  1 617  11496  11075  1
05359915101086  2 492  2 399  2 423  2 550  2 419  2 664  2 756  21006  21324  2
05359915201236  21280  2 841  21656  21433  21465  21683  21127  2 484  2 969  2
0535991530 717  2 721  2 499  2 568  2 326  21087  21566  21752  21179  21210  2
0535991540 932  21512  2 644  2 904  2 726  2 591  2 863  2 923  21025  21156  2
0535991550 886  21156  2 533  21021  21234  21058  2 835  2 950  21599  21410  2
05359915601349  2 822  21304  21082  21754  21049  21493  21508  2 963  2 615  2
05359915701219  2 854  21142  2 875  2 464  3 947  31007  3 852  31057  3 883  3
0535991580 558  3 329  3 724  3 650  3 773  31187  3 789  31278  31019  31030  3
0535991590 706  3 688  31223  3 922  31253  3 732  31457  31144  3 604  3 836  3
0535991600 596  31012  3 974  3 915  31415  3 540  3 792  3 413  31453  31122  3
05359916101093  31096  3 652  3 958  3 571  31542  3 289  31055  3 469  31154  3
0535991620 967  3 838  31100  31014  31304  31485  3 943  3 836  31521  31244  3
0535991630 257  31198  3 709  31310  3 858  41258  4 936  4 596  4 827  41064  4
05359916401125  4 852  4 682  41968  41159  4 796  41213  41115  4 997  41146  4
0535991650 422  4 886  4 772  4 630  41124  4 932  4 510  4 983  4 828  4 331  4
05359916601413  4 385  41162  4 931  4 895  4 668  41268  41488  41133  41287  4
05359916701391  41457  41450  41539  41222  41340  41035  4 699  41406  41191  4
05359916801505  4 497  4 823  41725  41431  41495  51135  5 845  51119  5 626  5
0535991690 656  5 947  51339  5 497  51086  51083  5 854  5 809  51007  51125  5
05359917001145  5 895  51700  5 696  5 810  6 968  61134  61069  6 574  6 926  6
05359917101105  71015  7 856  71319  71832  71556  71019  7 309  7 190  7 953  7
0535991720 321  7 263  7 535  7 783  7 778  7 804  71040  81075  8 866  8 988  8
0535991730 980  8 972  81250  81485  8 942  8 902  9 953  91276  91052  9 502  9
0535991740 834 10 864 111099 12 986 13 496 13 508 13 849 131082 13 522 131098 13
05359917501419 131723 131632 131126 131400 13 635 13 845 131004 131131 13 534 13
05359917601009 141073 14 898 141178 14 989 141229 141149 14 910 141511 14 539 14
05359917701274 151547 151217 151329 15 600 151573 151194 151246 151437 151566 15
05359917801243 16 835 16 999 161042 161048 161041 161372 161380 16 822 16 993 16
0535991790 859 16 948 161246 16 818 16 651 16 684 161142 16 999 16 614 16 700 16
0535991800 105 161052 16 810 16 614 16 789 16 684 16 906 16 911 16 360 16 337 16
0535991810 764 17 945 17 696 171208 171258 171003 171430 171035 17 840 17 591 17
0535991820 663 17 713 17 549 17 519 171056 17 918 171049 17 898 171096 17 927 17
0535991830 827 17 891 171015 171079 17 815 171080 17 911 171169 181247 181371 18
0535991840 944 181130 181577 181365 181317 181425 181230 191239 19 429 191339 19
05359918501192 191709 19 891 191684 191087 19 477 19 946 19 792 191297 191003 19
0535991860 585 19 902 19 944 19 631 19 524 19 255 19 878 19 943 191145 19 864 19
05359918701015 191198 19 757 191015 191026 19 861 19 876 191152 191417 191840 19
05359918801185 19 654 191065 191150 191025 191020 19 657 191036 19 929 19 744 19
0535991890 810 19 934 191139 19 638 191202 191088 191005 19 737 191294 191234 19
05359919001127 19 940 19 819 19 828 191102 19 918 19 916 191421 191353 191215 19
0535991910 913 191331 191321 191336 191538 191375 191343 191237 191298 19 585 19
05359919201195 191040 19 909 19 755 19 809 19 769 19 982 191329 191054 191373 19
0535991930 225 19 991 19 989 19 848 191031 19 790 19 643 19 663 19 749 19 488 19
0535991940 440 19 768 19 957 19 914 191072 19 979 191133 19 992 191154 191116 19
05359919501338 191341 191491 191208 19 984 191194 19 663 19 938 19 847 191128 19
05359919601128 19 725 191135 191290 19 973 191111 199990  09990  09990  09990  0
053599 544  .345  .344  .337 .98432 535.4679 591.4573                           
052540 1 GARDNER, MONTANA   052540                                        11 370
052540 2 MONTANA      DOUGLAS FIR        5600  4500 11042 270 30 2 1445 1965    
052540 3 C. W. FERGUSON AND M. L. PARKER                                07231966
05254014409990  09990  09990  09990  09990  0 885  1 638  1 847  11069  11279  1
05254014501407  2 783  21111  2 895  21134  21367  21497  21527  2 626  2 663  2
0525401460 374  2 785  2 924  2 737  2 735  2 952  21188  2 918  2 935  21109  2
0525401470 725  3 796  3 850  31174  3 745  3 632  3 560  3 883  31293  3 791  3
05254014801359  41301  41019  4 614  41523  4 713  41375  41639  41719  41223  4
05254014901568  41603  4 742  4 833  4 709  41033  41183  4 935  4 941  4 833  4
0525401500 783  4 660  4 818  41039  41636  4 912  41226  41489  41587  41867  4
0525401510 851  4 898  4 915  4 474  4 588  4 585  4 687  4 558  4 343  4 581  4
0525401520 351  4 535  41088  41097  41299  41497  41588  41100  41543  4 808  4
05254015301143  41141  4 692  4 435  4 380  4 721  4 753  41027  4 945  4 960  4
0525401540 870  41161  41089  4 678  4 837  4 902  41085  4 752  4 719  4 905  4
0525401550 878  4 701  41281  41158  41254  41301  41749  41605  42013  4 665  4
0525401560 926  5 958  51044  5 912  51829  51136  51156  51087  5 891  51153  5
0525401570 798  5 312  5 543  5 544  5 326  5 615  5 536  5 793  5 637  5 647  5
0525401580 531  5 469  5 494  5 621  5 718  5 950  5 836  5 933  5 356  5 696  5
0525401590 535  5 555  5 420  5 470  5 719  5 606  51139  51079  5 933  51277  5
0525401600 797  5 806  5 953  5 674  51183  51186  51028  5 804  5 926  51571  5
05254016101382  51759  51083  51881  51570  51847  51769  52174  51313  51720  5
05254016201017  52100  52013  51889  51952  52291  5 923  5 821  51412  5 756  5
0525401630 861  51074  5 507  51773  51092  51299  51293  5 844  5 966  51299  5
05254016401384  51764  51536  51735  51073  5 655  5 670  5 964  5 913  5 472  5
0525401650 923  5 844  5 593  5 506  5 714  5 695  5 567  5 322  5 492  5 484  5
0525401660 751  5 535  5 834  5 963  5 797  5 514  51093  5 967  51181  51185  5
05254016701096  5 747  51261  51067  51083  5 947  51469  5 519  5 725  51184  5
0525401680 937  6 245  6 778  6 959  6 825  61303  61060  61138  6 927  6 491  6
05254016901068  71138  71315  71039  71056  7 949  7 721  7 892  7 787  7 958  7
05254017001547  91366  91173  91097  9 773  91149  91045  91180  9 485  9 838  9
0525401710 831 10 416 10 520 101244 10 795 101006 10 910 10 700 10 314 10 959 10
0525401720 941 13 528 13 601 13 714 13 826 131130 131494 131091 131166 13 900 13
0525401730 861 131268 131147 131604 13 568 131331 131055 131344 13 715 131398 13
0525401740 962 151537 151244 15 873 15 354 151227 151426 151073 151078 151641 15
05254017501775 151063 15 635 151058 15 838 15 451 15 668 15 527 15 742 15 540 15
0525401760 735 17 913 17 608 17 598 17 771 171075 17 815 171338 171455 171174 17
05254017701014 20 844 201680 201374 20 938 201713 201267 201147 201944 201345 20
05254017801300 20 993 20 408 20 621 20 671 20 494 20 775 201276 201283 201299 20
05254017901164 201184 201025 20 866 201041 201118 20 981 201473 20 816 20 941 20
0525401800 241 20 594 20 678 20 728 201039 20 567 20 734 20 545 20 372 20 576 20
0525401810 982 201147 201098 20 763 20 616 20 505 20 203 20 461 20 547 20 536 20
0525401820 723 20 893 20 796 201014 201326 201012 20 991 20 678 201232 20 802 20
0525401830 999 201078 201467 201508 20 820 20 896 20 870 201430 20 996 201284 20
0525401840 721 20 474 20 736 20 682 201113 20 306 20 597 20 899 20 576 201144 20
0525401850 996 20 986 20 872 201673 201601 20 766 20 690 20 571 20 897 20 860 20
05254018601053 201326 201144 20 483 20 847 20 491 201344 20 926 201147 20 467 20
0525401870 949 20 396 201107 201362 201209 201047 201076 201314 201356 201116 20
05254018801338 201332 201375 20 992 201214 201888 201542 201886 201653 20 642 20
05254018901324 20 944 201285 20 678 201296 201099 201053 20 890 20 719 201088 20
0525401900 793 20 351 20 812 20 518 20 791 20 721 20 809 201107 201364 201116 20
05254019101330 201582 201300 202055 201519 20 991 202430 201860 201904 201013 20
05254019201739 201559 20 723 20 754 20 566 201525 20 690 201091 201198 20 907 20
0525401930 623 201246 20 876 20 447 20 347 20 729 20 304 20 493 20 717 20 758 20
0525401940 873 20 572 201116 201121 201071 201355 201236 201556 201406 20 949 20
05254019501516 201143 201091 201215 20 576 20 409 20 945 201039 20 952 20 866 20
0525401960 782 20 500 201454 201431 20 876 201223 209990  09990  09990  09990  0
052540 521  .492  .385  .317 .99656 519.2103 594.3822                           
315547 1 DEAD INDIAN HILL, WYOMING  315547                                  1014
315547 2 WYOMING      DOUGLAS-FIR        7000  4435 10905 270 25   1580 1971    
315547 3 C. W. FERGUSON AND D. G. DESPAIN                               06271972
31554713001552  1 792  11097  11231  1 617  11039  1 684  1 527  11457  11213  1
31554713101530  11121  21478  21645  21547  21269  21285  2 490  2 660  2 786  2
3155471320 474  2 707  21083  2 855  2 319  21210  21328  2 497  2 928  2 941  2
31554713301050  2 911  21246  2 780  2 850  2 900  2 499  2 622  21216  21203  2
3155471340 717  21531  21440  21302  2 549  2 771  2 879  21463  21299  2 905  2
31554713501195  21412  2 683  2 919  21147  2 632  21121  21127  21125  21266  2
3155471360 813  2 535  21252  2 990  2 977  2 868  2 923  2 899  21075  21091  2
31554713701365  21140  2 705  2 958  2 981  2 848  21025  2 908  2 867  2 448  2
3155471380 403  2 303  2 477  21046  21387  21219  21499  21195  2 634  2 851  2
3155471390 746  2 879  21077  2 570  2 967  21046  21075  21261  2 669  2 701  2
3155471400 959  2 621  21218  21683  21838  21999  22012  21743  21294  21408  2
3155471410 883  21308  21564  21090  2 988  2 791  2 554  2 366  21699  22164  2
31554714202752  22483  11362  1 782  11277  11182  11457  1 931  11207  1 871  1
3155471430 823  1 865  1 835  1 785  11015  1 815  1 285  1 192  1 308  1 330  1
3155471440 273  1 335  1 873  1 660  1 442  1 850  11142  11026  1 577  1 580  1
3155471450 439  1 483  1 762  1 937  11156  1 733  1 867  11155  1 679  1 684  1
3155471460 398  1 513  1 717  1 429  1 794  1 821  1 734  1 483  1 487  1 513  1
3155471470 515  1 330  1 307  1 285  1 287  1 216  1 266  1 291  1 439  1 416  1
3155471480 493  1 272  1 573  1 576  1 527  1 681  1 533  1 841  1 614  1 771  1
3155471490 905  1 882  1 678  1 707  1 815  1 527  1 609  1 719  1 588  1 564  1
3155471500 484  1 406  1 298  1 272  1 603  1 192  1 413  1 721  1 974  1 446  1
3155471510 728  1 422  1 339  1  84  1 227  1 171  1 400  1 372  1 375  1 550  1
3155471520 493  1 699  1 789  11203  11030  11180  11243  11307  1 506  11255  1
31554715301228  1 961  1 754  1 725  1 423  1 669  1 579  1 948  1 859  11137  1
31554715401326  11360  1 899  1 838  11185  11030  11253  11194  11920  11515  1
31554715501771  11744  11304  11338  11853  11472  11475  11768  11933  11938  1
31554715601585  11557  11787  11075  11860  11243  11770  11247  11381  1 824  1
31554715701189  11058  11226  11462  11530  11734  11235  11573  11341  11713  1
3155471580 377  2 909  21073  21068  2 960  2 706  2 630  2 551  2 961  2 830  2
31554715901171  2 879  21048  2 672  2 978  21017  21370  2 842  2 488  2 882  2
3155471600 925  2 993  21254  21376  21082  21243  2 989  2 995  21269  21320  2
3155471610 836  31540  3 959  31062  31232  41447  41292  41412  41022  41399  4
31554716201299  41279  51101  61190  61569  61300  61200  6 971  61163  61204  7
3155471630 692  8 604  9 543  91227  91122  91331  91388  9 850  91213  91449  9
31554716401587 101361 111129 111341 111185 11 902 111146 11 909 11 533 11 981 11
3155471650 950 111217 12 911 12 756 121062 121250 12 980 12 819 12 780 12 578 12
3155471660 729 121383 121132 12 924 12 778 12 417 12 924 12 731 12 736 12 640 12
3155471670 834 12 700 12 870 121220 121214 121441 121816 12 694 12 968 12 955 12
31554716801219 12 631 12 719 12 735 12 956 131022 13 988 131352 131041 131050 13
3155471690 967 13 851 13 916 13 983 131051 131280 13 848 13 563 13 659 13 794 13
31554717001449 131376 131081 13 661 13 877 13 817 13 931 131249 13 725 131349 13
31554717101308 141130 141091 141295 141473 141299 141220 14 374 14 330 141254 14
3155471720 954 141043 14 816 141063 151335 151406 151586 151466 151367 151427 15
31554717301220 151127 15 898 151137 15 505 15 948 15 897 15 796 15 385 15 629 15
3155471740 436 15 632 15 876 15 631 15 237 15 740 151150 151438 151356 15 979 15
31554717501365 151455 151426 151079 15 805 15 829 15 665 15 855 16 680 16 671 16
3155471760 690 16 951 161061 161139 161086 161159 161311 161252 161469 16 985 16
3155471770 830 161201 161265 161221 17 939 171334 171097 171207 171138 171032 18
3155471780 982 18 578 18 792 18 925 18 763 18 842 18 843 181108 181092 18 749 18
3155471790 968 18 997 181140 18 765 181108 18 738 181509 181522 18 601 181285 18
3155471800 526 18 810 181054 181000 181219 18 822 18 444 18 454 18 784 18 749 18
31554718101181 181329 18 847 181076 181346 181058 18 836 181308 181085 181105 18
31554718201040 181322 18 691 18 781 181048 181193 18 968 181140 181436 181324 18
31554718301467 18 761 181230 181157 181056 171024 17 936 171260 171017 171856 17
3155471840 651 171282 17 705 171043 171241 17 988 171130 17 958 17 653 171740 17
3155471850 668 171188 171069 171376 171711 17 514 171086 17 495 17 880 17 931 17
3155471860 685 17 662 17 861 17 357 17 321 17 299 171177 17 705 17 865 17 993 17
3155471870 914 17 870 17 843 171183 17 985 17 960 17 555 171016 171092 171096 17
31554718801165 17 894 17 728 17 670 17 804 17 832 17 567 17 731 17 786 17 548 17
3155471890 563 17 606 171092 17 493 17 965 17 909 17 583 17 776 171164 171183 17
31554719001147 17 815 17 377 17 872 17 811 171120 171185 171431 171255 171537 17
31554719101128 171028 171201 171588 171232 171072 171654 171306 171228 17 822 17
31554719201322 171403 171013 171076 171511 171434 171075 171090 171009 171634 17
3155471930 433 171391 171197 17 906 17 500 171097 17 642 17 685 17 909 17 507 17
3155471940 917 17 852 17 931 171114 171088 171036 17 948 17 922 17 818 17 849 17
31554719501295 171636 171344 17 804 17 688 17 659 17 793 17 936 171063 17 776 17
3155471960 818 17 737 17 868 171434 171310 171289 171129 171152 171037 17 994 17
31554719701299 17 873 139990  09990  09990  09990  09990  09990  09990  09990  0
315547 672  .577  .280  .370 .98280 660.4319 740.7245                           
552590 1 GROS VENTRE + UHL HILL, WYOMING  552590                            1015
552590 2 WYOMING      LIMBER PINE                                  1400 1971    
552590 3 C. W. FERGUSON AND  .  . LOOPE                                 07061972
55259014001607  11918  12126  11969  12746  12021  12745  11243  12745  12433  1
5525901410 724  12536  11966  11707  12379  12067  11551  1 981  12066  11704  1
55259014202531  12013  12064  11651  12477  12012  11289  12319  11289  11701  1
55259014301905  12164  11545  11286  11801  12058  1 977  11594  11697  1 873  1
55259014401697  11542  11027  11951  11027  11899  1 821  11179  11179  1 975  1
55259014501179  11743  1 922  11179  1 922  11640  11588  12049  11536  11740  1
55259014601176  11381  11557  21680  21127  21160  21152  21320  21044  2 969  2
5525901470 991  31006  31064  31319  3 820  3 571  3 703  3 563  31059  31009  3
55259014801101  3 919  3 922  3 615  31076  3 864  31234  3 958  3 784  3 787  3
5525901490 986  3 927  3 854  3 865  3 795  3 768  31132  31043  31102  3 779  3
55259015001036  3 537  3 917  3 970  3 984  3 909  31263  31153  31311  31298  3
55259015101052  3 820  4 718  4 639  4 846  4 902  41190  4 889  5 540  5 895  5
5525901520 512  5 990  5 804  51125  61332  61570  71228  7 912  71030  7 645  7
5525901530 796  7 972  7 669  7 610  7 366  7 648  7 761  7 736  71027  71038  7
55259015401006  7 924  71121  7 623  71002  7 603  7 958  7 646  7 543  71125  7
55259015501203  71229  71348  81319  81094  81385  81533  81553  81825  91681  9
55259015601844  91275  91089  9 949  91432  91275  91503  91402  91377  91283  9
5525901570 928  91316  91069  91073  91330  9 997  9 930 101334 10 794 101162 10
5525901580 728 101036 10 898 101204 10 724 10 587 10 850 10 912 10 632 10 867 10
5525901590 839 10 917 10 890 10 538 101031 10 544 101176 11 951 11 768 111183 11
5525901600 756 111093 111028 11 920 111316 11 963 111299 11 836 111192 111337 11
55259016101140 111673 111113 111193 11 976 111166 111286 111725 111227 111561 11
5525901620 983 111608 121614 121524 121695 121643 121118 121009 121193 12 918 12
55259016301037 12 560 12 382 121218 121026 12 912 12 996 12 869 13 869 13 531 13
5525901640 984 13 923 13 873 13 921 13 686 13 718 13 502 13 783 13 775 13 530 13
5525901650 926 13 891 13 776 13 831 131010 13 886 13 759 13 583 13 586 13 478 13
5525901660 765 13 827 13 783 13 775 13 907 13 901 13 945 13 936 13 916 13 918 13
5525901670 844 13 543 13 880 13 801 131047 13 884 131156 131076 13 747 13 590 13
55259016801057 13 767 13 998 141043 141229 14 975 14 760 141220 141164 141092 14
5525901690 917 141297 141368 141037 141454 15 552 151026 15 952 15 964 151097 15
55259017001389 161287 171206 17 894 17 757 171053 171172 17 912 17 737 17 905 17
5525901710 580 17 793 17 754 17 908 171059 171050 171038 17 564 17 676 17 915 17
55259017201080 18 592 18 732 18 883 18 978 181056 181363 181338 181217 18 715 18
5525901730 798 181011 18 670 181136 181061 18 624 181065 18 888 181096 18 927 18
5525901740 931 18 927 18 794 18 825 18 624 18 795 181018 181105 18 955 18 924 18
55259017501229 181119 181133 18 876 18 843 18 889 18 595 18 771 18 683 18 698 18
5525901760 809 18 971 18 974 181017 181181 18 720 181396 181446 181158 181100 18
55259017701003 181076 181002 18 943 181006 181135 181215 18 834 18 985 181087 18
55259017801044 181138 18 737 18 748 18 891 18 875 181008 181107 18 877 181340 19
55259017901096 191160 191271 191179 201055 20 615 201007 20 909 21 873 211046 21
5525901800 731 21 944 221192 221442 22 724 221105 22 499 22 947 22 635 22 874 23
55259018101102 231172 231098 231062 23 509 231079 23 565 241019 24 734 24 883 24
5525901820 963 241153 24 616 24 576 24 586 24 802 24 792 24 923 241092 24 821 24
5525901830 820 24 516 24 782 24 787 24 555 24 803 24 730 241081 24 994 241265 24
55259018401036 24 913 24 573 24 877 24 820 24 859 24 556 24 973 24 544 241166 24
55259018501204 24 999 24 879 241406 241532 241192 241127 24 953 241170 241109 24
55259018601064 24 978 241172 24 516 24 735 24 399 241289 241210 241278 24 888 24
55259018701237 24 960 24 900 241148 24 640 241049 241081 241170 241099 241123 24
5525901880 977 24 902 24 763 24 803 24 895 241034 24 712 24 722 24 703 24 427 24
5525901890 603 24 450 24 678 24 549 24 632 24 795 24 717 24 869 241168 24 919 24
5525901900 927 24 689 24 566 24 674 24 784 24 804 24 940 241309 241428 241389 24
55259019101514 241388 24 994 241450 241664 241426 241524 241305 241567 24 874 24
55259019201145 241073 241257 241423 24 641 241499 241069 241594 241532 241334 24
55259019301502 241312 241113 24 751 24 565 24 995 24 553 24 551 241122 24 952 24
55259019401050 241258 241566 241067 241468 241525 241190 241256 24 980 24 826 24
55259019501103 241124 241065 24 938 241035 24 737 24 996 241035 24 865 24 975 24
5525901960 926 24 892 241279 241650 241423 241543 241137 241397 241294 241108 24
55259019701323 241362 249990  09990  09990  09990  09990  09990  09990  09990  0
552590 572  .580  .379  .2421.07040 612.2849 737.3460                           
283590 1 WIND RIVER MOUNTAINS-SITE D, WYOMING  283590                       1048
283590 2 WYOMING      LIMBER PINE        8200  4305 11004 248      1492 1972    
283590 3 J. B. HARSHA, C. W. STOCKTON, AND G.  . JACOBY                 08141972
28359014909990  09990  0 899  1 551  1 536  1 708  11216  1 874  11066  11631  2
28359015001046  21011  2 542  2 702  21798  2 980  2 933  2 834  31605  31459  3
28359015101172  3 966  3 944  3 495  31088  31180  31369  31287  31274  3 862  3
2835901520 914  31014  3 701  31069  31355  31612  31030  31150  31537  31037  3
2835901530 653  31060  4 833  4 821  4 793  41260  41382  41203  41010  41417  4
28359015401025  4 601  4 932  4 681  41147  4 645  41061  4 640  4 965  4 889  4
28359015501215  41191  41382  41405  41338  41181  4 927  41289  41266  41246  4
28359015601763  41523  41544  5 917  51730  51441  5 927  51412  51243  51156  5
28359015701239  5 896  5 901  5 768  5 693  5 925  5 704  5 951  5 838  5 682  5
2835901580 951  5 684  5 817  51211  5 651  5 269  5 465  5 840  51095  5 994  5
28359015901014  51160  5 793  5 737  5 781  5 433  5 902  51045  5 609  5 761  5
2835901600 751  51087  5 789  51134  51362  5 866  5 915  5 810  51109  51109  5
28359016101063  51336  5 685  5 799  5 851  51156  51496  51728  51405  5 897  5
28359016201571  51899  52261  51908  51984  62035  6 700  61445  61590  61295  6
2835901630 881  6 593  6 106  61039  61456  61361  61423  6 874  61348  6 784  6
28359016401337  71543  71382  71579  71631  7 835  7 765  71047  7 917  7 651  7
28359016501128  71365  71021  7 947  71253  71422  71343  7 942  7 839  7 577  7
28359016601130  71074  7 964  7 896  71234  81312  81040  8 709  81105  8 722  8
2835901670 892  8 671  8 789  81087  81015  8 754  8 936  8 594  8 582  8 658  9
28359016801015  9 720  9 796  91004  9 961  91171  9 904  91064  91010  91225  9
2835901690 976  91066  91245  91253  91316  9 832  9 910  91130  9 783  9 981  9
28359017001095  91053  91264  9 743  9 642  9 889  9 892  9 948  9 655 10 678 11
2835901710 763 11 705 11 561 11 565 11 838 11 857 11 841 11 617 11 684 11 941 11
28359017201109 12 499 12 707 12 968 12 831 12 793 121070 121166 121030 12 723 12
2835901730 985 131051 13 937 131110 131239 13 813 131066 13 824 13 884 13 864 13
2835901740 931 14 929 14 793 14 888 14 714 14 988 141137 141077 14 992 141075 14
28359017501177 141208 141044 151019 15 943 151241 15 900 151103 15 903 15 839 15
28359017601129 151168 15 871 151136 151265 151064 151201 151296 151248 151159 15
2835901770 955 151055 151080 15 921 15 868 15 897 161044 171135 17 953 17 864 17
2835901780 998 17 780 17 724 17 830 17 879 17 841 17 951 17 914 17 860 17 913 17
2835901790 917 171162 171208 171065 171003 17 648 171012 17 850 171053 17 998 17
28359018001118 171092 171022 171307 17 840 171009 17 745 17 751 17 803 17 747 17
2835901810 904 181164 181021 181097 19 619 191048 191075 19 962 19 738 19 921 19
28359018201146 201127 20 783 20 991 20 803 20 786 20 804 20 863 20 903 20 869 20
2835901830 859 20 808 20 723 20 984 201022 20 901 20 954 201079 20 971 201086 20
28359018401062 201169 201010 201177 20 973 20 987 20 569 20 820 20 802 20 851 20
2835901850 839 20 887 20 893 20 915 201172 20 909 20 639 20 864 20 868 20 790 20
2835901860 825 20 899 20 946 20 840 20 779 20 782 201041 201008 201211 201257 20
28359018701040 20 957 20 742 201025 201125 20 999 20 921 20 885 20 909 201158 20
2835901880 813 201065 20 906 20 781 20 952 201045 20 896 20 926 201124 20 843 20
2835901890 968 201130 20 989 20 715 20 855 20 963 20 848 20 802 20 953 20 820 20
28359019001018 201109 20 778 20 813 201052 201118 20 932 201327 201414 201230 20
28359019101374 201207 201332 201519 201890 201616 201526 201418 201428 201173 20
28359019201280 201042 201198 201250 20 909 201127 201026 201110 201206 201033 20
28359019301006 201205 201141 20 942 20 783 20 987 20 907 201090 201186 201121 20
28359019401168 201229 201034 201149 201231 20 955 201071 201179 201061 201091 20
2835901950 961 201175 201140 20 855 201042 20 871 20 810 201035 20 899 20 734 20
2835901960 780 20 672 20 867 201104 201129 201106 201204 201247 201089 201203 20
28359019701061 20 768 20 895 189990  09990  09990  09990  09990  09990  09990  0
283590 481  .508  .266  .2051.01517 488.2977 529.5745                           
051549 1 ELBOW CAMPGROUND, JACKSON, WYOMING  051549                          522
051549 2 WYOMING      DOUGLAS-FIR        6500  4313 11047          1490 1965    
051549 3 C. W. FERGUSON AND M. L. PARKER                                07221966
0515491490 618  1 722  11073  11396  11101  1 753  1 801  1 694  11623  11450  1
05154915001369  2 777  21159  2 854  2 860  21129  21473  2 823  21375  2 934  2
05154915101339  21404  2 805  2 414  2 502  2 580  2 738  2 316  2 646  2 999  2
0515491520 416  21268  2 787  21711  21550  21330  22156  22464  21726  21307  2
05154915301139  2 448  2 365  2 830  2 273  2 519  2 585  2 916  2 820  21528  2
05154915402314  21208  2 769  21056  21050  2 460  21239  2 944  21031  2 875  2
0515491550 688  21122  21356  21401  21510  21526  2 939  21015  2 877  21547  2
05154915602196  21783  21243  21062  2 567  2 205  2 675  2 595  2 687  2 663  2
0515491570 643  2 636  21024  2 542  2 710  21041  2 718  2 574  2 251  2 787  2
0515491580 550  2 631  2 597  2 580  2 455  2 986  2 327  2 153  2 623  2 923  2
0515491590 790  21143  2 660  2 704  2 764  2 672  2 755  2 298  21372  2 991  2
0515491600 850  21329  2 672  21587  21364  21264  21804  21492  21385  21243  2
05154916101137  21506  21639  21745  21308  2 749  2 902  2 554  2 553  2 912  2
0515491620 717  2 295  2 180  2 208  2 241  2 440  2 209  2 197  2 470  2 191  2
0515491630 349  2 184  2  42  2 798  3 721  3 717  3 453  3 304  3 463  3 414  3
0515491640 925  31191  31012  3 786  3 691  3 913  3 433  3 979  3 657  3 534  3
05154916501179  31297  3 544  31029  31258  31055  3 639  3 248  3 860  31175  3
05154916601429  31404  3 947  31186  3 875  31404  32126  31287  31277  3 975  3
05154916701060  3 766  31266  3 867  3 968  3 718  31286  31275  4 680  4 970  4
05154916801444  61097  71340  71656  71854  71226  71141  81734  91497  91305  9
05154916901152 111352 111575 111054 111322 11 672 11 746 11 954 111005 11 889 11
05154917001256 111174 111218 11 737 11 704 111313 111212 11 688 11 832 11 948 11
0515491710 549 11 780 11 702 11 996 11 991 11 998 111023 11 576 11 567 11 830 11
05154917201162 14 680 14 660 14 986 14 936 141099 141562 141665 141462 14 760 14
05154917301012 14 896 14 969 141432 141317 14 752 141059 141122 14 971 14 690 14
0515491740 775 151050 151058 15 910 16 552 161081 161267 171275 171244 171205 17
05154917501266 171105 17 933 171052 171064 171011 17 692 17 913 17 917 17 825 17
0515491760 820 191142 201052 20 983 20 988 20 767 201134 201769 201072 221095 22
0515491770 952 231136 23 901 231090 23 812 231470 231555 231496 231282 231201 23
05154917801251 241166 24 797 24 751 24 981 241037 241114 251149 251165 251688 25
05154917901222 25 999 251375 251089 251063 26 642 261093 261144 27 902 271140 27
0515491800 905 28 847 28 982 281053 28 725 281066 28 925 30 824 30 765 30 786 30
05154918101301 301273 301586 301304 30 786 30 817 30 850 30 800 30 946 301016 30
05154918201229 301222 30 934 30 924 30 848 30 937 301013 30 954 301261 301221 30
05154918301059 30 886 301165 301232 30 867 301079 301112 301226 301331 30 902 30
0515491840 908 301029 30 638 30 632 30 764 30 684 31 435 31 454 31 532 31 786 31
0515491850 857 32 726 32 591 32 961 321118 321121 32 588 32 828 32 862 32 643 32
0515491860 785 32 929 321070 32 728 32 801 32 679 321387 321406 321350 321156 32
05154918701317 32 704 32 918 321301 32 810 321073 321130 32 944 32 980 32 916 32
0515491880 868 32 963 32 854 32 915 32 943 321092 32 917 32 802 321102 32 877 32
0515491890 689 32 624 32 992 32 607 32 857 32 860 32 671 32 805 321424 321105 32
05154919001116 32 805 32 865 321023 321108 321155 321253 321932 321889 321626 32
05154919101873 321545 321277 321427 321492 32 847 321194 32 778 321371 32 922 32
0515491920 735 321112 321022 32 905 32 670 321146 321100 321324 321266 32 847 32
0515491930 914 321195 32 654 32 752 32 506 32 716 32 511 32 597 321011 32 821 32
0515491940 809 32 675 321205 32 726 32 855 32 832 32 962 321006 321256 32 845 32
0515491950 873 321055 32 561 32 733 32 681 32 396 32 897 32 720 32 858 321039 32
0515491960 980 32 922 321248 321849 321355 321342 329990  09990  09990  09990  0
051549 476  .582  .363  .285 .98275 467.7912 522.2082                           
108549 1 LARAMIE, SITE A (WOODS CREEK), WYOMING   108549                     267
108549 2 WYOMING      DOUGLAS-FIR        8500  4106 10605          1444 1964    
108549 3 M. A. STOKES AND T. P. HARLAN                                  07021965
10854914409990  09990  09990  09990  02525  11852  1 336  1 420  1 477  1 996  1
10854914501024  11080  11010  1 420  1 785  1 336  1 729  1 855  1 378  1 575  1
1085491460 266  1 799  11038  11024  11164  1 687  1 533  1 575  1 519  1 210  1
1085491470 589  1 266  1 729  11094  1 449  1 420  1 533  1 364  1 603  1 126  1
1085491480 855  1 280  1 547  1 126  11332  1 729  1 973  2 814  2 673  2 500  2
1085491490 980  21099  21269  21098  21270  2 816  2 655  21117  21212  21352  2
1085491500 934  21090  2 893  2 682  2 590  21440  2 672  21444  21571  2 438  2
1085491510 957  21369  21616  2 730  21172  2 392  2 998  2 547  21971  21902  2
10854915202006  22790  2 810  22178  22189  22082  21602  21348  2  75  21124  2
1085491530 635  2 268  2 346  2 465  2 637  21487  22101  21751  1 517  12958  1
10854915402970  13173  1 735  1 755  1 282  1 920  11456  1 516  1 715  11830  1
10854915501549  1 578  1 779  1 564  1 639  1 696  1 863  1 959  1 240  1 334  1
10854915601340  11326  1 618  1 377  21257  21647  3 502  3 378  3 487  31423  3
10854915701195  31146  31249  3 407  31830  31188  4 373  41140  41374  4 469  4
1085491580 801  51084  51337  5 925  5 305  51066  5 896  5 845  61026  61165  6
1085491590 662  6 374  6 884  6 997  61329  61044  71378  7 851  7 793  7 632  7
10854916001147  7 719  81036  81196  81409  81256  8 494  8 518  8 189  8 681  8
1085491610 847  8 548  8 315  8 486  8 621  81083  8 850  81451  81434  81276  8
1085491620 465  82000  8 847  81238  8 876  81555  81011  8 957  81429  81074  8
1085491630 758  8 683  81267  81191  81561  81930  81920  81120  8 744  81584  9
10854916401510  91141  91644  92036  92294  91498  91199  9 786  9 399  9 572  9
1085491650 725  91167  91075  9 802  9 263  91057  91201  91372  91315  91547  9
10854916601644  91795  9 997  91759  9 980  9 633  9 535  9 726  9 286  9 881  9
1085491670 701  91292  91231  91311  91246  9 996  92023  9 591  91476  91380  9
10854916801698  91115  9 700  91050  9 447  9 282  9 518  9 969 101082 10 518 10
1085491690 705 10 911 101404 10 962 10 972 10 802 10 300 10 961 10 631 101133 10
1085491700 414 101252 101005 101364 10 780 10 489 10 484 101139 10 581 10  82 10
10854917101256 10 412 101215 101065 10 938 10 539 10 789 10 564 10 762 101229 10
10854917201659 111473 111541 111461 11 882 11 730 111828 111188 11 824 11 737 11
1085491730 194 11 952 11 445 11 831 11 891 11 271 11 382 11 653 11 666 11 735 11
1085491740 719 11 542 11 116 11 933 11 596 11 127 111010 111271 12 697 12 702 12
1085491750 842 121094 121081 121272 12 765 12 862 121136 12 443 12 835 12 817 12
1085491760 947 121330 121262 12 828 121022 12 995 121124 12 355 121563 121208 12
1085491770 851 121245 121020 121201 12 970 12 730 12 613 12 732 121118 12 658 12
10854917801231 12 514 121036 121299 121264 121363 12 942 12 861 121082 12 220 12
10854917901148 121007 121507 12 993 121676 121376 121934 121832 12 520 121444 12
10854918001354 13 576 131090 131229 13 945 13 322 131241 13 724 131218 13  96 13
1085491810 574 131043 131162 131289 131308 131330 13 985 131210 13 695 131038 13
1085491820 174 131326 141186 14 879 14 179 14 940 14 862 14 750 141223 14 720 14
10854918301183 141445 141231 141552 141202 151639 151702 151823 152003 152303 15
10854918401760 151325 15 187 151596 151143 15 135 15 331 15 341 15 159 15 425 15
1085491850 464 15 414 15 327 15 626 15 656 15 315 15 594 15 410 15 798 15 928 15
10854918601137 15 752 151019 15 458 151070 15 564 151324 151320 15 758 151457 15
10854918701003 15 438 15 675 15 649 15 131 15 891 151097 15 963 161119 161009 16
1085491880 284 16 561 16 919 16 821 16 872 161011 16 602 16 389 16 842 161055 16
1085491890 572 16 812 161031 16 395 16 499 16 912 16 920 16 769 16 861 16 200 16
1085491900 911 16 837 16 207 16 901 161032 161102 161226 161693 161453 161577 16
10854919101556 161206 161472 161512 161467 161519 161564 161737 161404 16 754 16
10854919201521 161748 16 790 161443 161709 161412 161734 161088 162210 161533 16
1085491930 774 161761 16 834 161189 16 924 16 743 16 536 161144 161079 16 756 16
1085491940 656 161048 161284 161607 16 940 161400 161506 161881 161132 161261 16
10854919501431 161655 161437 16 559 16 326 16 414 16 231 161053 16 958 16 815 16
10854919601134 161127 161312 161365 161001 169990  09990  09990  09990  09990  0
108549 521  .418  .490  .468 .99083 516.2239 636.2620                           
110549 1 NEW NORTH PARK, COLORADO   110549                                22 242
110549 2 COLORADO     DOUGLAS FIR        8100  4055 10620 180 25 3 1354 1964    
110549 3 M. A. STOKES AND T. P. HARLAN                                  07041965
11054913509990  09990  09990  09990  01581  11675  1 675  1 880  1 566  1 915  1
1105491360 731  1 546  1 504  11311  1 481  1 839  11036  1 921  1 286  11348  1
11054913701503  1 910  11338  11080  11561  11826  11172  11545  1 708  1 487  1
1105491380 176  1 305  1  89  1 248  1 559  11095  12211  12008  21328  2 559  2
1105491390 927  21776  21350  21155  21683  21517  21380  2 591  21096  2 270  2
11054914001064  2 459  21505  2 603  2 801  2 811  2 594  2 611  21128  21533  2
1105491410 878  21796  21456  2 667  22025  21153  21301  21122  21661  2 813  2
1105491420 711  2 898  2 701  2 361  2 450  2 729  2 709  2 536  2 793  2 763  2
11054914301460  22471  22168  21078  21105  21201  2 624  2 850  2 619  2 906  2
11054914401228  2 833  2 823  21647  2 724  2 421  2 966  2 827  2 568  2 916  2
1105491450 483  2 981  2 611  2 163  2 515  2 295  2 641  21030  2 876  2 884  2
1105491460 164  1 578  11298  11816  11543  1 613  11021  11053  11141  11031  1
11054914701091  11138  11327  11016  1 775  1 605  1 968  11232  1 771  1 554  1
1105491480 893  1 617  11223  1 902  11973  11875  12000  11258  11262  11206  1
11054914901209  11244  11476  11114  11240  1 645  1 215  1 463  1 868  11182  1
1105491500 374  1 626  1 879  1 488  11059  1 713  1 413  1 973  1 800  1 754  1
11054915101047  1 840  11199  1 552  1 652  1 605  1 902  1 691  1 759  11209  1
1105491520 881  11367  1 736  11510  12036  12059  11016  1 526  1 732  1 957  1
11054915301114  1 343  1 465  1 674  1 729  11340  11414  1 998  11072  11304  1
1105491540 884  11028  1 213  1 231  11038  1 879  11134  1 632  1 815  11199  1
1105491550 802  11060  1 825  11103  1 996  11147  11466  11452  11101  1 655  1
1105491560 976  11074  1 812  1 435  1 893  11048  11071  1 633  1 692  11042  1
1105491570 735  1 970  1 954  11171  11155  1 942  11004  11244  11288  1 934  1
1105491580 677  1 739  11383  11025  1 363  1 647  1 730  1 793  1 510  1 634  1
1105491590 390  1 597  1 640  1 559  1 934  1 624  1 647  1 775  1 777  1 611  1
1105491600  84  1 911  1 595  1 809  11303  11500  1 644  1  43  1 713  1 628  1
1105491610 695  1 610  1 488  2 367  2 547  2 824  2 868  2 784  2 496  2 771  2
1105491620 707  21034  2 978  2 888  2 867  21146  2 699  2 625  2 667  21277  2
11054916301160  21326  21889  21940  22615  21907  22200  22223  22101  21905  2
11054916401575  21325  21811  21195  21415  21184  21683  21617  21445  21256  2
11054916501236  31135  4 807  4 548  4 543  41111  41270  41339  4 964  41056  4
11054916601102  51674  51199  51330  51460  5 952  51066  51296  5 699  5 808  5
1105491670 645  5 688  5 747  6 927  6 901  6 958  61384  7 981  71628  71433  7
11054916801392  8 790  8 901  81087  9 916 10 587 101039 101121 111057 111159 11
1105491690 941 12 788 121328 12 753 12 898 12 706 12 786 121005 121023 131111 13
1105491700 951 131364 131348 131108 13 773 13 928 14 591 141029 15 790 15 720 15
1105491710 653 15 484 15 710 15 797 15 548 15 497 15 579 15 624 151036 151295 15
11054917201456 171210 171192 171241 171183 171195 171438 18 942 18 986 181175 18
1105491730 812 19 945 19 929 191078 191240 19 684 19 473 19 811 19 794 19 996 19
11054917401318 201137 20 552 20 704 20 464 20 883 201327 201429 201623 201471 20
11054917501948 201070 201125 201361 20 802 20 936 20 771 20 750 20 784 20 648 20
1105491760 788 201140 201203 201097 201311 201090 201149 201452 201788 201336 20
11054917701018 211547 211325 21 976 21 810 21 934 21 903 21 651 211021 21 612 21
1105491780 791 21 900 21 772 211112 21 949 211103 21 967 211094 21 882 21 503 21
11054917901487 211076 211657 211197 211513 211184 211491 211310 21 980 211180 21
11054918001036 21 922 21 950 211215 211061 21 607 211178 21 804 21 533 21 306 21
1105491810 549 21 812 21 829 21 968 211015 21 851 21 656 21 889 211169 211123 21
1105491820 769 211289 211236 21 987 21 841 211104 21 908 21 661 211204 21 774 21
1105491830 739 211203 21 661 21 763 21 587 21 747 21 746 211307 211429 211759 21
11054918401431 211440 21 556 211734 211133 21  98 21 897 21 546 21 313 211025 21
1105491850 888 21 467 21 924 211207 21 778 21 381 21 815 21 913 21 962 21 952 21
11054918601286 211108 211114 21 817 211546 21 887 211316 211532 211269 211689 21
11054918701119 21 390 21 950 211094 21 371 211012 211155 21 671 211230 21 865 21
1105491880 840 21 921 21 841 21 715 21 682 21 639 21 588 21 512 21 484 21 455 21
1105491890 420 21 703 21 767 21 442 21 659 211018 21 870 211216 211072 21 754 21
11054919001233 21 809 21 463 21 818 21 871 21 911 21 864 211330 21 909 211300 21
11054919101051 211617 211088 211304 211259 211118 211115 211393 211344 21 829 21
1105491920 746 211396 21 951 211002 211180 211385 211693 211069 211849 211228 21
11054919301039 211479 211411 21 920 21 689 21 742 21 636 211347 21 906 21 845 21
11054919401082 211049 211102 21 954 211016 211302 21 979 211273 211003 211052 21
11054919501194 211303 211226 21 753 21 664 21 469 211262 21 944 211024 21 984 21
11054919601120 211087 211396 211226 21 756 219990  09990  09990  09990  09990  0
110549 611  .506  .389  .333 .99253 606.4381 694.2463                           
113629 1 EAGLE EAST, COLORADO   113629                                    28 270
113629 2 COLORADO     PINYON PINE        7100  3940 10643 18020 2 1314 1964     
113629 3 M. A. STOKES AND T. P. HARLAN                                  07091965
11362913109990  09990  09990  09990  01007  1 556  1 399  1 591  1 905  1 557  1
11362913201080  1 662  1 401  1 488  1 646  1 926  11468  11084  1 752  1 700  1
11362913301542  11595  1 982  11299  1 966  1 931  1 826  1 967  1 985  1 968  1
1136291340 704  11163  11076  11553  11148  1 689  11096  1 849  1 601  1 708  1
1136291350 762  1 886  11046  1 994  11296  11066  11671  11512  11086  11122  1
1136291360 534  1 891  1 606  1 499  1 589  1 840  1 858  1 930  1 966  11236  1
11362913701452  12044  11543  12136  11563  11312  11021  2 983  2 925  2 843  2
1136291380 857  2 618  2 815  2 919  2 976  21026  21235  2 957  2 795  2 622  2
1136291390 849  2 552  2 678  2 534  2 723  2 996  2 830  2 415  2 560  2 386  2
1136291400 630  2 873  2 900  21157  31097  3 780  3 763  3 819  31048  31162  3
1136291410 855  3 840  3 892  3 414  3 950  3 591  3 477  3 940  3 780  31044  3
1136291420 992  31042  31103  3 677  3 763  3 852  31428  31013  3 858  41297  4
11362914301115  41323  41062  4 879  41123  41421  41155  41067  41205  4 973  4
11362914401382  51527  5 590  51203  51068  5 562  5 983  5 832  5 961  51310  5
11362914501058  41049  4 860  5 683  5 427  6 590  6 712  61076  6 534  6 604  6
1136291460 638  6 669  6 839  6 861  61091  6 696  6 927  6 983  6 767  6 574  6
1136291470 707  6 710  6 703  6 842  6 891  7 824  71091  71318  71237  7 991  7
1136291480 970  71030  71120  71077  71334  71008  71039  7 878  7 750  7 886  7
1136291490 857  7 800  71100  71009  71292  7 833  7 265  7 888  71329  7 635  7
1136291500 443  71060  7 936  7 947  71009  7 634  7 407  7 496  71024  81291  8
1136291510 840  81178  81112  81194  81360  8 805  8 724  81230  81391  81301  8
1136291520 910  81517  81070  81831  81731  81678  81772  81116  81309  81307  8
11362915301493  8 639  8 313  81173  81527  81299  81445  81098  8 941  81091  8
11362915401310  81148  8 456  81002  8 718  8 448  81085  81208  81227  81437  9
11362915501086  9 906  71123  71571  71083  71300  71074  71511  7 697  7 889  7
11362915601294  7 847  7 629  71178  71629  71437  7 923  71039  7 915  7 937  7
11362915701198  71257  71274  71003  7 989  7 911  7 933  71365  71223  71374  7
1136291580 576  8 542  8 986  8 623  9 392  9 531  9 843  9 826 10 801 10 895 10
1136291590 655 10 331 10 559 10 805 11 714 11 892 121036 12 732 12 267 12 948 12
1136291600 416 12 967 12 876 12 932 121069 121008 121269 12 607 12 955 121087 12
11362916101365 121408 12 984 121159 121111 121314 12 961 121167 121015 12 883 12
1136291620 963 121237 12 630 12 810 12 708 12 438 12 729 12 879 121084 121037 12
11362916301005 12 564 12 562 121130 12 836 12 695 12 917 12 877 121197 121309 12
11362916401140 121020 121082 121032 12 984 12 999 12 685 121098 121027 121300 12
11362916501197 121116 12 990 12 613 12 191 121225 13 774 131030 13 999 141053 14
11362916601262 141044 14 997 141018 14 673 141109 14 733 14 686 14 889 141115 14
1136291670 722 14 520 141254 141496 141446 141119 141435 141066 141508 151504 15
11362916801574 151367 151143 151193 15 663 15 294 15 543 15 632 151001 151163 15
11362916901356 151703 151257 151331 151216 151018 151220 151392 151205 151445 15
11362917001191 171376 171158 171012 17 638 17 977 17 453 17 628 17 632 17 836 17
11362917101032 171117 171056 17 861 17 493 17 955 17 734 18 921 18 905 181142 18
11362917201321 18 657 18 611 18 699 18 869 181180 191474 201263 20 984 201125 20
11362917301025 22 719 22 944 221112 221326 22 705 22 767 22 954 221074 221153 22
1136291740 724 221152 221060 221240 22 974 221242 221254 221302 22 612 221224 22
1136291750 957 221120 221072 221304 221162 221111 22 480 22 660 221036 22 534 22
1136291760 994 221155 221214 22 800 221380 22 836 22 984 22 635 221526 221000 22
11362917701007 221148 22 933 22 606 22 657 22 994 22 926 22 555 22 872 22 807 22
1136291780 530 22 560 22 475 22 656 221136 221077 22 705 221023 22 928 22 706 22
11362917901357 221182 221349 22 598 22 821 22 694 221249 221459 22 450 221041 22
1136291800 988 22 914 221193 221228 22 896 22 859 22 907 221082 221192 22 965 22
11362918101175 221489 221332 221134 22 950 221159 221341 221303 221670 221261 22
1136291820 916 22 961 22 512 22 778 22 379 22 587 22 921 221099 221261 22 566 22
1136291830 604 22 839 221228 22 960 22 892 22 847 221032 221371 221227 221200 22
11362918401342 221246 22 805 221458 221290 22 435 22 392 22 567 22 955 221421 22
11362918501317 22 316 221122 221401 22 937 22 293 221056 22 779 221095 221365 22
11362918601488 22 808 221543 22 805 22 955 221094 221417 221807 221508 221039 22
11362918701076 22 825 221141 221235 22 916 22 955 221102 22 786 22 928 22 445 22
1136291880 905 22 904 22 815 22 943 221363 221198 22 965 22 636 22 828 22 615 22
11362918901017 22 854 22 881 22 969 221046 221399 22 479 221155 22 583 221094 22
1136291900 978 22 833 22 170 221100 22 963 221084 221200 221156 22 858 221390 22
11362919101175 221272 221046 221081 221473 221003 221321 221237 221131 22 725 22
11362919201238 221361 22 837 221299 221047 221105 221223 221122 221316 221315 22
11362919301168 22 545 221056 22 827 22 191 221013 22 910 221019 221199 22 995 22
1136291940 997 221223 221275 22 925 22 753 22 897 22 800 221195 22 913 221082 22
1136291950 921 221108 221478 22 963 22 530 22 949 22 927 221508 221324 22 797 22
11362919601091 22 628 221797 22 946 221082 229990  09990  09990  09990  09990  0
113629 651  .394  .303  .288 .98859 643.5701 695.7524                           
504547 1 SALIDA, COLORADO   504547                                        30 492
504547 2 COLORADO     DOUGLAS FIR        7200  3829 10556 000 35 2 1328 1964    
504547 3 M. A. STOKES AND T. P. HARLAN                                  07161965
50454713209990  09990  09990  09990  09990  09990  09990  09990  0 821  1 628  1
5045471330 773  11160  11500  11742  11453  11599  11066  1 970  11164  1 970  1
5045471340 485  1 777  1 729  1 534  1 535  1 827  1 973  1 584  1 389  1 780  1
5045471350 780  11024  1 537  1 830  1 781  1 635  1 293  1 440  1 587  11077  1
5045471360 881  11028  1 686  1 490  1 686  1 392  1 687  1 736  1 786  1 737  1
5045471370 442  1 787  1 541  1 886  1 640  1 394  1 591  1 443  1 641  14601  1
5045471380 394  1 296  1 543  1 487  2 655  2 686  21023  21032  21379  21078  2
5045471390 750  21004  21112  2 677  2 809  2 934  2 744  2 928  2 630  2 389  2
5045471400 348  2 466  2 533  2 475  2 782  2 842  2 533  2 475  2 501  2 719  3
5045471410 644  3 706  3 851  3 701  31009  3 833  3 917  3 708  31046  3 781  3
5045471420 902  3 977  3 906  31130  31383  31272  31420  31952  31847  3 931  3
5045471430 867  3 898  3 752  3 775  31051  31038  31248  3 962  3 861  3 761  3
5045471440 921  5 843  5 770  5 955  5 916  5 825  51059  51188  51058  51390  5
50454714501033  61076  61225  61146  61030  6 739  6 856  6 636  61391  61358  6
50454714601208  61390  61170  61561  61214  61333  6 999  61147  61079  61011  6
50454714701191  6 593  61043  6 883  6 890  6 718  61234  61291  61582  61162  6
5045471480 658  6 726  6 969  6 916  61473  61620  61761  61526  61600  61461  6
50454714901337  61684  61369  6 623  61478  6 821  6 483  61019  61529  61469  6
50454715001320  71285  71447  71051  71115  71269  7 724  71274  7 802  7 766  7
50454715101071  71442  71377  71589  71389  7 923  71386  71595  71658  71835  7
50454715202175  72765  71110  71719  7 700  7 325  71303  71315  7 992  71249  7
50454715301371  71130  71232  71249  71183  71046  71548  71203  7 998  71303  7
50454715401166  71305  7 904  71246  81108  8 784  8 518  81080  81592  81232  8
50454715501062  81085  8 397  8 965  81274  81037  81597  81383  8 703  81178  8
5045471560 887  81133  81457  8 756  81114  81030  8 781  8 502  81052  81029  8
50454715701116  81041  8 963  8 511  8 896  81072  8 463  8 659  81063  8 502  8
5045471580 768  8 753  8 490  8 866  8 308  8 563  81090  8 602  8 868  8 858  8
5045471590 454  8 330  8 718  8 501  8 572  8 937  8 913  8 990  8 501  8 820  8
50454716001055  81071  81181  81165  81030  8 894  8 944  8 653  8 640  8 677  8
50454716101034  8 384  8 751  8 931  8 823  8 999  8 692  81150  81226  81107  8
5045471620 842  81404  81149  8 622  8 902  8 297  8 952  9 288  9 511  9 473  9
50454716301131  9 642  9 273  9 934  9 947  91293  9 967  9 915  9 597  91238  9
50454716401011  9 524  9 876  9 621  91099  9 265  91049  9 631  9 387  91173  9
5045471650 579  9 987  9 381  9 793  9 275  91237  91166  91105  9 346  9 620  9
50454716601028  91264  91258  9 925  9 301  9 921  9 738  9 958  9 169  9 706  9
5045471670 712  9 964  9 969  91170  91153  9 384  9 644  91349  91623  9 416  9
50454716801758  91083  9 636  91771  9 435  9 316  9 683  9 626  9 832  91262  9
5045471690 503  9 968  91006  91110  9 442  9 997  91154  9 854  9 990  91303  9
5045471700 992  91371  9 706  91173  9 310  9 176  91378  9 561  91140  9 224  9
50454717101218  9 874  91227  91045  9 647  91000  9 442  9 801  91122  91125  9
50454717201587  91916  9 998  91371  9 934  91712  9 719  91413  91211  9 276  9
5045471730 227 10 994 10 833 10 470 10 653 10 630 10 873 10 190 101176 10 990 10
5045471740 931 11 690 11 660 111211 11 629 11 452 121291 121346 12 865 12 737 12
5045471750 923 12 992 12 972 121225 12 592 121444 121292 12 947 121147 121254 12
50454717601425 121521 121350 12 751 12 688 12 950 121391 121122 121188 121257 12
50454717701218 122187 121612 12 588 121104 12 712 121187 12 872 12 844 12 958 12
5045471780 357 12 616 121005 121211 121303 121431 12 839 131232 131016 13 317 13
50454717901295 13 782 13 629 131271 131242 13 830 13 931 131228 13 829 131172 13
50454718001481 13 497 13 724 131318 13 783 13 937 13 714 131109 13 605 13 600 13
5045471810 516 13 244 131013 13 915 131139 131182 131418 131826 13 668 131372 13
5045471820 636 131133 131239 131543 131190 131128 131010 131152 131480 131299 13
5045471830 751 131951 131265 131369 131027 131724 131044 131020 131974 131679 13
50454718401071 131836 13 779 131750 131976 131216 131261 13 535 131485 131258 13
5045471850 975 13 207 13 687 131179 13 978 13 781 131140 131275 131261 131261 13
5045471860 504 13 181 13 760 13 189 131102 131032 131068 131728 13 666 131371 13
5045471870 938 13 958 131092 13 687 131018 13 613 13 828 131285 131512 131083 13
5045471880 432 13 943 131479 13 803 13 673 13 543 131072 13 548 13 997 13 891 13
5045471890 965 131187 13 986 13 470 13 878 131158 131174 13 577 131269 13 211 13
50454719001468 13 735 13 259 13 954 13 929 131182 13 773 131024 13 720 13 647 13
50454719101171 13 957 131242 13 915 131211 131324 131227 131135 13 482 131059 13
50454719201051 121182 12 684 12 619 121182 12 419 121128 12 770 121088 12 812 12
5045471930 974 121290 121061 12 932 12 886 12 919 12 329 121215 121098 121082 12
5045471940 475 121520 121446 12 527 121211 121158 121290 121331 121716 121925 12
50454719501164 12 883 12 892 121018 121394 121066 111255 111268 101554 101124 10
50454719601217 101462 101591 10 730 101321 109990  09990  09990  09990  09990  0
504547 637  .331  .373  .379 .97614 621.7992 695.4691                           
530547 1 ANTONITO, COLORADO   530547                                      31 492
530547 2 COLORADO     DOUGLAS-FIR        8600  3704 10611 180 22 1 1298 1965    
530547 3 M. A. STOKES AND T. P. HARLAN                                  07191965
53054712909990  09990  09990  09990  09990  09990  09990  09990  01702  11769  1
5305471300 572  11117  1 372  1 385  1 332  11104  1 252  1 305  1 319  1 851  1
5305471310 798  1 532  1 385  11104  1 665  1 425  1 957  11051  1 665  11104  1
53054713201064  1 545  1 651  1 279  1 518  11090  1 399  1 824  1 359  11223  1
53054713301090  1 904  1 691  11130  11263  11290  1 931  11077  1 997  1 226  1
5305471340 718  1 518  11077  1 279  1 917  1 266  1 372  1 106  1 824  11330  1
5305471350 838  1 878  1 186  11796  1 824  1 997  1 705  11263  11184  11463  1
5305471360 798  1 731  1 944  11117  11343  11702  11290  1 984  1 957  1 279  1
53054713701250  1 745  1 904  11623  12022  11436  1 532  11330  11649  11663  1
53054713801503  1 917  1 545  11450  12062  11556  12115  12181  12115  12022  1
53054713901343  1 891  1 957  11064  11609  11729  11769  11463  12128  1 811  1
5305471400 917  1 439  1 931  1 691  11117  11330  11011  1 239  1 425  1 651  1
53054714101330  11117  11915  12075  12008  11796  11090  11529  11130  1 492  1
5305471420 917  11037  11090  1 971  1 585  1 798  11969  12208  12700  11709  1
5305471430 982  21153  21270  22333  22646  21431  2 837  2 905  2 472  2 431  2
5305471440 333  21775  21132  21588  2 961  2 288  2 924  2 921  2 951  2 211  2
5305471450 309  21190  2 971  21304  21487  2 514  2 455  2 192  2 968  2 768  2
5305471460 245  2 356  2 574  2 612  2 331  2 506  2 944  21128  21319  2 609  2
5305471470 927  2 325  2 499  2 589  2 742  2 616  2 698  21535  2 983  21519  2
5305471480 238  1 430  1 607  1 352  11125  11450  1 759  1 259  11201  11449  1
53054714902046  21553  21423  21244  22448  2 367  2 581  2 841  21911  2 924  2
5305471500 205  2 548  2 706  2 864  2 418  2 840  2  71  2 351  2 633  21074  2
5305471510 558  2 914  22075  22412  22342  22408  21231  21247  2 776  2 439  2
5305471520 763  2 832  2 345  2 901  21055  2 972  21195  21128  2 701  21031  2
53054715301095  21029  2 544  2 301  21258  2 770  2 292  21102  2 254  2 691  2
5305471540 953  2 643  2 294  21086  21500  2 431  21003  21372  2 845  2 464  2
53054715501291  4 424  41028  41156  41002  4 961  42023  41617  41069  41311  4
5305471560 893  61134  6 448  6 533  6 421  61077  61303  6 977  6 827  61877  6
53054715701952  71584  71303  7 625  7 896  71003  7 795  71186  7 780  7 290  7
5305471580 272  7 453  7 726  7 596  7 445  7 302  7 492  7 361  7 817  7 946  7
5305471590 445  6 243  7 365  7 235  71044  7 936  7 641  7 539  7  97  7 567  7
5305471600 598  8 798  8 947  8 897  8 933  81147  81152  8 925  81702  8 993  8
53054716101321  81609  8 778  81377  8 652  81099  8 824  8 915  81683  81711  8
53054716201305  91517  91153  9 606  9 684  9 420  9 646  91173  9 736  9 531  9
53054716301430  91299  91379  9 400  9 580  91407  91357  91714  9 698  91317  9
53054716401599 111330 11 544 111013 111251 11 737 111276 111544 111603 111908 11
5305471650 634 121768 121133 121225 12 356 131636 131138 131054 13 903 131120 13
53054716601418 141833 141078 141354 14 737 141110 14 399 14 756 14 489 14 303 14
5305471670 872 151132 15 625 15 897 15 955 151247 15 853 151726 151523 15 943 15
53054716801434 16 862 16 799 161120 16 389 17  82 17 928 17 494 17 640 171444 17
53054716901504 171235 171562 171561 17 446 171296 17 673 17 813 171287 171585 17
5305471700 925 191992 191677 191134 19 776 19 691 191088 19 772 191112 19 446 19
53054717101482 201164 201241 201593 20 772 201225 20 387 20 740 201068 20 814 20
53054717201997 202245 201121 20 887 201220 201194 201113 20 896 20 598 20 181 20
5305471730 652 21 861 211100 21 936 211149 211446 211337 21 530 21 379 211566 21
53054717401142 211335 21 999 211465 211043 211183 211530 211615 22 278 221124 22
5305471750 692 22 782 22 743 22 316 221345 22 616 221105 221079 221438 221018 22
53054717601270 221081 221655 23 978 231813 231392 231887 231154 231662 23 898 23
53054717701586 231936 231094 23 557 23 915 23 264 23 647 23 408 23 279 23 395 23
5305471780 249 24 224 24 410 24 730 24 969 24 763 24 774 241138 24 482 24 402 24
53054717901389 241243 24 937 241433 24 756 24 563 24 544 241057 24 851 24 630 24
53054718001159 25 825 25 320 25 489 251135 25 823 25 473 25 905 25 882 25 542 25
5305471810 554 25 646 25 754 25 964 25 952 251087 251712 25 916 25 263 25 495 25
5305471820 882 27 969 27 600 27 962 27 612 27 839 27 787 27 857 271723 27 818 27
5305471830 934 271583 271619 27 842 27 648 271174 27 981 281401 281819 281847 28
53054718401901 281060 28 854 281160 28 845 28 782 28 602 28 453 281102 281259 28
53054718501371 28 365 281214 281386 281479 281474 281134 281122 281044 281273 28
53054718601506 28 430 281131 28 605 28 667 29 896 29 972 291827 291671 292005 29
53054718701231 29 845 29 661 29 420 291090 29 764 29 841 29 925 29 548 29 637 29
5305471880 733 29 626 29 650 29 880 29 857 29 490 291008 291246 291417 29 966 29
5305471890 989 291135 291186 29 915 291003 291151 29 323 291194 291378 29 655 29
5305471900 885 29 222 29 252 291567 29 507 291277 29 914 291586 29 430 29 798 29
53054719101266 291727 291909 29 444 291102 291351 291526 291320 29 981 291683 29
53054719201539 291167 291006 291109 291729 29 910 291542 291131 291286 29 715 29
5305471930 942 291532 291036 29 939 29 262 291428 291012 291307 291050 29 932 29
5305471940 855 291654 291449 29 526 291453 29 987 29 390 29 699 291482 291248 29
5305471950 568 29 221 291311 29 690 29 194 29 590 29 412 29 962 29 748 29 155 29
53054719601041 291095 291083 29 285 29 747 291585 209990  09990  09990  09990  0
530547 668  .413  .479  .466 .99638 665.5828 816.0483                           
061099 1 BOBCAT CANYON                                       PSME  CO07601  1053
061099 2 COLORADO     DOUGLAS FIR       2042M  3710-10831 045 45   1390 1971    
061099 3 J. S. DEAN, W. J. ROBINSON, D. O. BOWDEN                       07/17/72
0610991390 663  11037  11320  11292  11325  11333  1 886  1 792  1 772  1 652  1
0610991400 681  1 469  1 638  1 501  11331  1 949  11243  1 948  1 794  11412  1
0610991410 951  1 391  11248  1 136  11194  1 593  1 986  11299  1 843  1 720  1
06109914201029  2 634  2 941  2 618  21088  21068  21306  21157  21239  21272  2
0610991430 819  21099  21358  21103  2 835  2 827  21420  2 921  2 453  2 773  2
0610991440 925  21823  2 789  21287  21252  2 736  2 769  2 880  21049  2 824  2
0610991450 600  21629  21001  21229  21181  2 292  2 755  2 239  21514  2 951  2
0610991460 891  2 603  21110  21231  2 411  2 765  21398  21929  21283  21601  2
06109914701301  2 435  2 847  2 541  21023  2 791  21139  21225  21399  2 822  2
0610991480 733  2 912  21098  21115  21864  21738  21971  2 972  21388  21848  2
06109914901879  22896  21360  21538  21482  2 210  2 859  2 909  21699  21032  2
0610991500 125  2 826  21089  21087  21061  2 691  2 292  2 673  2 770  21189  2
0610991510 608  21157  21631  21584  21976  21346  2 365  21006  2 644  21333  2
06109915201532  21019  2 471  2 836  2 895  2 964  21652  21207  2 847  21154  2
06109915301416  21083  2 227  2 780  21018  2 790  21530  31320  3 934  31079  3
06109915401332  31024  3 222  31101  3 761  3 954  3 823  3 667  31096  3 840  3
06109915501301  3 843  3 874  31124  3 609  3 822  31415  31313  31113  3 946  3
06109915601163  3 710  3 684  31241  31370  31397  3 849  3 806  31496  3 959  3
06109915701690  31413  31370  3 831  3 701  3 811  3 935  3 937  3 577  3 175  3
0610991580 279  3 644  3 525  3 400  3 166  3  95  3 772  3 309  3 863  3 436  3
0610991590 169  3 503  3 554  3 502  3 922  3 885  3 860  3 762  4 451  4 839  4
0610991600 409  6 910  6 736  6 513  6 783  61144  6 905  6 589  61147  61111  6
06109916101381  61023  6 798  61198  61018  61400  61551  61520  61633  6 979  8
06109916201623  81739  81131  8 597  8 645  8 622  8 510  81011  81025  81165  8
06109916301084  91012  9 459  91148  91119  91824  9 778  9 761  9 948  9 878  9
06109916401200  91227  91275  91096 11 981 11 938 111382 111214 11 643 121216 12
06109916501329 131445 13 779 131424 13 379 131716 131656 13 916 13 696 13 929 13
06109916601220 13 682 13 810 13 708 13 385 131278 13 535 13 356 13 550 13 613 13
0610991670 649 13 931 13 805 131193 131376 131326 13 632 13 976 131546 131117 13
06109916801463 131306 131630 131617 13 396 13 115 13 812 13 956 13 951 131213 13
06109916901459 131093 131294 131100 13 871 13 997 14 457 14 921 141035 141113 14
0610991700 912 141494 14 589 14 952 14 628 141336 141707 14 502 141026 14 960 14
06109917101260 141034 141073 14 698 14 559 14 908 14 538 14 736 141073 141246 14
06109917201917 141130 14 934 141592 14 602 141757 141312 141602 14 901 14 150 14
0610991730 842 14 712 141139 14 609 141474 14 436 14 991 14 786 14 916 14 571 14
0610991740 589 14 810 14 749 141211 14 928 141476 141577 142097 14 350 141735 14
0610991750 926 14 923 14 520 14 799 14 567 14 413 14 782 14 361 14 557 14 704 14
0610991760 432 14 489 14 758 14 819 14 907 14 476 141250 14 407 141117 141201 14
0610991770 649 141349 141010 14 158 14 798 14 558 14 809 14 733 14 414 14 843 14
0610991780 444 14 606 14 399 141083 141132 14 950 14 697 141099 14 559 14 646 14
0610991790 220 151196 151165 151235 15 594 15 553 15 524 15 865 15 862 15 925 15
0610991800 876 16 724 161276 16 746 161208 16 414 16 514 161133 16 561 16 779 16
0610991810 679 161005 161121 16 407 16 919 161244 162115 162275 16 473 16 314 16
0610991820 237 161551 16 716 16 357 16 653 161018 161197 16 803 161326 161033 16
06109918301017 17 833 171359 181318 18 782 181357 181379 181176 181547 181712 18
06109918402115 181397 18 792 181503 181618 18 515 181336 18  92 181402 181339 18
06109918501525 18 426 181596 181247 18 913 181125 181347 18 918 181298 18 665 18
0610991860 944 18  96 181543 181009 18 193 181058 181053 181537 181374 181466 18
0610991870 517 18 592 18 417 18 811 18 896 18 893 18 504 181745 18 829 18 855 18
0610991880 756 18 767 18 513 18 681 181097 181341 181240 18 466 181550 181311 18
06109918901366 181433 181328 18 541 18 431 18 718 18 175 181247 181080 18 178 18
0610991900 508 181091 18  58 181097 18  52 181160 181252 181592 181256 181674 18
06109919101344 181525 181751 18 983 181773 182030 181809 181746 18 682 181356 18
06109919201782 181273 181607 18 878 181273 18 741 181684 181298 181364 181039 18
06109919301045 181160 181907 18 927 18 479 181440 18 806 181213 181414 181232 18
0610991940 947 181877 181671 181139 181177 181032 18 443 181001 181285 181569 18
0610991950 766 18 245 181368 18 614 18 608 18 903 18 642 181200 181418 18 279 18
06109919601236 18 901 18 771 18 696 18 852 181248 181237 18 770 18 948 18 929 18
0610991970 861 18 925 189990  09990  09990  09990  09990  09990  09990  09990  0
061099 582  .266  .420  .446 .99169 577.1621 674.8289                           
532547 1 SCHULMAN OLD TREES, MESA VERDE, COLORADO   532547                32 492
532547 2 COLORADO     DOUGLAS-FIR        6900  3712 10830 000 45 2 1450 1963    
532547 3 E. SCHULMAN, R. F. NICHOLS, AND D. G. SMITH                            
5325471450 323 141496 14 978 141184 141251 14  62 141145 14 247 141827 14 897 14
53254714601118 14 641 141913 14 917 14 177 14 547 141239 141579 141038 141411 14
53254714701030 14 384 14 813 14 337 14 990 14 482 141108 141351 141086 14 563 14
5325471480 230 14 739 14 894 14 966 141502 14 996 141176 14 758 141309 141251 14
53254714901021 141927 141283 141350 141250 14  12 14 921 14 855 141346 14 659 14
5325471500  79 14 628 141166 14 974 141043 14 180 14   4 14 729 14 704 141140 14
5325471510 220 141194 141048 141184 141310 14 753 14 177 14 602 14 211 141059 14
53254715201075 14 479 14  39 14 582 14 527 14 626 14 937 141107 14 611 14 734 14
5325471530 992 14 815 14  62 14 901 14 775 14 773 141067 14 982 14 392 14 821 14
53254715401222 14 919 14  58 141077 14 476 14 869 14 788 14 402 14 847 14 758 14
53254715501516 14 876 141011 141483 14 732 14 775 142013 141369 14 964 14 937 14
53254715601295 14 644 14 540 141267 14 915 141160 14 571 14 473 141164 14 777 14
53254715701375 14 917 14 979 14 428 14 338 14 751 14 843 14 697 14 731 14 414 14
5325471580 788 14 519 14 360 14 224 14   3 14   0 14 986 14 222 14 989 14 633 14
5325471590  75 141042 14 616 14 643 141329 14 966 14 705 14 974 14 854 141095 14
5325471600 289 141213 141088 14 917 14 717 141273 141027 14 753 141506 141355 14
53254716101707 141118 14 916 141362 141022 141286 141380 141779 141848 14 858 14
53254716201634 141528 141187 14 674 14 634 14 748 14 413 141020 14 618 141169 14
53254716301036 14 998 14 303 141246 14 975 141339 14 138 14 567 14 780 14 580 14
53254716401050 141182 14 814 14 888 14 578 14 690 141123 14 951 14 293 14 883 14
53254716501061 141059 14 485 141205 14  38 141110 14 904 14 563 14 535 14 772 14
53254716601469 34 532 34 748 34 570 34 411 341478 34 411 34 284 34 549 34 548 34
5325471670 607 34 828 34 843 341232 341225 341323 34 312 34 962 341163 34  91 34
5325471680 895 341220 341158 341551 341346 34 131 341092 34 943 34 971 341202 34
53254716901546 341244 341656 341441 34 822 341064 34 525 341204 341479 341689 34
53254717001416 341886 34 911 341319 34 703 341517 341688 34 662 341190 341144 34
53254717101844 341487 341549 34 873 34 750 341191 34 580 34 873 341268 341481 34
53254717202411 341114 34 765 341392 34 449 341556 341301 341489 34 796 34  31 34
53254717301035 34 864 341100 34 560 341504 34 301 341007 34 769 34 921 34 629 34
5325471740 644 34 800 34 724 341280 341037 341462 341771 342234 34 478 341906 34
53254717501179 341133 34 640 34 581 34 830 34 571 34 935 34 341 34 798 34 938 34
5325471760 661 34 829 34 977 34 933 341085 34 604 341603 34 413 341257 341268 34
5325471770 891 341696 341214 34 171 34 854 34 825 34 927 34 923 34 496 34 884 34
5325471780 427 34 952 34 209 341412 341056 341249 34 758 341073 34 573 34 636 34
5325471790 128 341335 341377 341418 34 720 34 682 34 648 341107 34 932 34 963 34
5325471800 805 34 700 341327 34 688 341290 34 476 34 509 341234 34 264 34 829 34
5325471810 580 341133 34 920 34 401 34 787 341040 341621 341543 34 159 34 227 34
5325471820 171 341641 34 762 34 215 34 560 34 990 34 968 34 703 341022 34 746 34
5325471830 803 34 688 341445 341541 341038 341239 341428 341126 341284 341532 34
53254718401668 341131 34 631 341457 341301 34 406 341344 34 105 341427 341369 34
53254718501348 34 384 341464 341287 34 872 341258 341249 34 759 341332 34 826 34
5325471860 804 34  46 341322 34 989 34 278 341263 34 996 341630 341278 341508 34
5325471870 462 34 589 34 339 34 821 341041 34 704 34 412 341473 34 623 34 798 34
5325471880 748 34 715 34 683 34 517 34 985 341061 341122 34 464 341779 341338 34
53254718901510 341573 341358 34 677 34 382 341004 34  54 341572 341009 34  28 34
5325471900 492 341219 34   8 341226 34  17 341067 341003 341450 34 979 341655 34
53254719101585 341690 342187 341046 342163 342555 342449 342542 34 743 341656 34
53254719202505 341750 341832 341085 341415 341035 342059 341488 341921 341310 34
53254719301108 341162 341668 34 716 34 299 341256 34 671 341221 341307 341063 34
5325471940 987 342108 341638 341210 341246 341078 34 508 341418 341413 332110 33
5325471950 745 33 214 331623 33 579 33 849 33 894 33 600 331278 331408 33 169 33
53254719601421 33 931 33 742 33 782 309990  09990  09990  09990  09990  09990  0
532547 514  .212  .472  .575 .96736 497.2223 595.3500                           
123549 1 NINE MILE CANYON (HIGH), UTAH   123549                           26 215
123549 2 UTAH         DOUGLAS FIR        6300  3947 11018 090 41 1 1194 1964    
123549 3 M. A. STOKES AND T. P. HARLAN                                  06231965
12354911909990  09990  09990  09990  0 981  1 807  1 916  11565  1 903  1 149  1
1235491200 500  1 698  1 754  21276  21334  21398  2 824  2 495  2 349  2 415  2
1235491210 591  2 952  21359  21388  21258  21216  2 556  2 475  2 339  21536  2
12354912202043  21273  21305  21415  2 278  31013  31404  3 448  31728  31553  3
12354912301579  31808  31689  4 901  4 253  41155  4 582  41002  4 752  4 689  4
1235491240 906  41244  41653  41302  41593  41153  41006  4 612  41448  41314  4
12354912501345  4 433  41706  41166  4 380  41221  41303  41407  4 308  41642  4
12354912601528  41466  4 729  4 728  4 352  4 676  4 251  4 917  4 867  4 725  4
1235491270 546  4 496  41049  4 514  4 273  4 979  4 570  4 386  41041  4 432  4
1235491280  80  4 295  4 676  4 214  4 955  4 181  4 191  4 302  4 382  4 575  4
1235491290 989  41254  4 637  41108  4 738  4 209  4 905  41148  4 958  4 752  4
12354913001344  41644  41690  41824  4 959  41313  41111  4 150  4 540  41681  4
12354913102407  42135  41163  41220  41278  41121  4 496  4 267  4 459  41568  4
12354913201539  41654  41683  41214  4 993  41814  41099  4 763  4 378  4 765  4
12354913301970  52213  52677  53097  51963  51232  51204  5 912  5 854  51421  5
12354913401055  51480  51159  5 410  51317  51035  5 745  5 542  5 571  5 544  5
1235491350  77  5 290  5 402  51458  5 968  51107  51306  51613  51279  51192  5
1235491360 366  5 252  6 342  6 330  6 754  6 535  6 953  6 937  61325  6 736  6
12354913701711  61136  61908  61149  61802  7 894  71201  7 928  7 899  7 481  7
12354913801571  71230  71507  71755  71538  71474  81755  81364  81070  8 484  8
1235491390 674  8 547  81301  8 987  81669  81007  81182  8 628  9 803  9 509  9
1235491400 937  9 845  9 189  9 379  9 916  9 640  91034 10 415 10 770 10 761 10
1235491410 684 11 686 111386 11 918 111456 11 452 11 934 11 906 111817 111131 11
1235491420 927 11 484 11 929 111157 111422 111146 111251 111711 111806 11 691 11
12354914301276 111335 111706 111100 111468 11 855 111934 111169 11 659 11 985 11
12354914401384 111856 11 598 111165 11 775 11 840 11 779 111507 111662 11 909 11
1235491450 405 111731 111562 111955 111383 11 798 11 773 111073 111211 111216 11
1235491460 372 11 268 11 793 111273 111123 11 574 111026 111312 111000 111111 11
12354914701290 11 456 11 419 11 358 11 346 11 200 11 879 111118 111166 11 782 11
1235491480 254 11 412 11 952 111086 111475 111184 11 978 11 863 111060 111054 11
12354914901451 111721 11 730 11 793 111032 11 343 11 280 11 306 11 967 11 806 11
1235491500 448 11 519 11 680 11 696 11 672 11 442 11 174 11 641 11 942 11 951 11
1235491510 337 11 807 11 846 11 776 111366 11 444 11 962 111265 11 519 111170 11
1235491520 809 11 939 11 507 111136 11 828 11 932 111397 121687 12 970 121403 12
12354915301266 13 541 13 270 13 857 13 859 13 943 131379 13 968 13 790 13 898 13
12354915401234 13 932 13 482 13 509 13 178 13 444 13 680 13 571 13 950 131024 13
12354915501287 13 990 13 982 131556 131104 131210 131292 131572 13 961 13 836 13
12354915601225 131357 131374 13 935 131388 131280 13 708 131378 13 750 131003 13
1235491570 968 13 803 131210 13 594 13 911 13 947 13 773 131222 131604 13 608 13
1235491580 288 131090 13 587 13 614 13 118 13 536 13 923 131211 141180 141297 14
1235491590 898 14 825 14 453 14 990 14 959 141234 141545 14 930 14 837 14 654 14
1235491600 332 141042 141158 141407 151692 151499 151334 15 985 15 899 151910 16
12354916101671 161293 16 878 16 782 161540 161585 161666 171776 171609 171667 17
12354916201500 172087 171101 171297 171155 171203 17 517 17 905 17 545 17 718 17
1235491630 744 17 731 17 224 171187 171413 17 940 18 844 18 366 18 419 18 769 18
12354916401073 18 780 181198 181145 181047 18 626 181412 181492 18 614 181724 18
1235491650 904 181606 171132 17 784 171115 171386 171365 171694 171532 171004 17
1235491660 669 17 638 17 801 17 853 17 645 17 651 17 530 17 477 17 428 17 776 17
1235491670 368 17 402 17 610 17 929 171242 17 596 17 714 17 831 17 671 17 823 17
12354916801255 17 923 17 997 171319 171194 17 308 17 331 171158 181058 18 563 18
1235491690 826 18 896 181098 18 930 18 618 18 989 18 919 18 830 181089 18 958 18
1235491700 814 181194 181360 18 690 18 841 18 939 18 621 18 492 18 307 18 550 18
1235491710 472 18 523 18 841 18 914 18 840 18 875 18 781 18 487 18 915 18 989 18
12354917201378 181041 18 524 181261 18 612 18 677 181029 181145 18 995 18 606 18
1235491730 857 181024 18 993 18 895 181548 18 607 18 443 18 969 181632 181309 18
1235491740 613 18 777 18 747 181014 18 510 18 648 181380 181575 18 885 181652 18
1235491750 911 18 340 18 660 181282 18 822 181099 18 467 18 425 18 784 18 874 18
12354917601119 181099 181364 18 388 181156 18 929 18 735 18 948 18 949 181090 18
1235491770 977 181059 18 510 18 218 18 386 181022 18 592 18 585 18 538 18 794 18
1235491780 262 18 613 18 310 18 780 18 915 18 907 18 268 18 932 18 512 18 243 18
1235491790 959 18 783 18 981 18 767 18 409 18 647 18 318 181184 18 600 18 631 18
1235491800 563 19 894 191021 19 744 19 581 19 637 19 750 19 883 19 427 19 902 19
12354918101171 19 982 191087 19 314 19 853 19 805 191269 191393 20 470 201423 20
1235491820 922 201368 20 515 20 333 20 645 20 841 201037 20 588 201166 20 617 20
1235491830 822 20 599 201307 20 955 20 800 20 745 20 361 201021 201275 201514 20
12354918401280 201298 20 656 201790 201495 20 462 201151 20 782 201289 201644 20
12354918501417 20 739 201322 202150 201605 20 954 201815 20 805 201936 20 788 20
12354918601170 20 705 201387 201185 201103 201116 201360 201622 201503 201115 20
1235491870 695 20 500 201444 20 376 20 893 20 852 201215 20 808 20 608 20 620 20
1235491880 941 20 399 20 461 20 796 201205 201275 201327 20 806 20 898 201092 20
1235491890 912 201175 201022 20 420 20 395 20 969 201125 201283 201549 20 559 20
1235491900 586 20 570 20 367 201018 20 828 201028 20 913 201506 201076 201188 20
12354919101336 201419 201573 201101 201542 201353 201511 202040 20 722 201347 20
12354919201708 202143 202180 202034 201464 20 745 201454 201347 201769 201263 20
12354919301312 201770 201566 201532 20 405 201030 20 359 201880 201590 201453 20
12354919401101 201930 201895 201090 201772 201144 20 622 201509 201941 202094 20
12354919501534 201158 201687 20 986 20 850 201391 20 995 201509 201530 20 739 20
12354919601003 20 678 201646 201161 201149 209990  09990  09990  09990  09990  0
123549 771  .443  .447  .417 .99472 766.9295 916.6447                           
285620 1 LA SAL MOUNTAINS-SITE A, UTAH  285620                              1037
285620 2 UTAH         PINYON PINE        7620             900 00   1489 1972    
285620 3 J. B. HARSHA AND C. W. STOCKTON                                08161972
28562014809990  09990  09990  09990  09990  09990  09990  09990  09990  01134  1
28562014901306  11885  11258  11013  1 997  1 407  1 672  1 854  1 960  1 481  1
2856201500 179  1 520  11205  1 998  11164  1 757  1 468  11277  21301  21515  2
2856201510 848  21353  2 873  21054  21031  2 607  2 609  2 720  2 545  2 822  2
2856201520 635  2 886  2 373  2 638  2 526  2 817  21018  21207  21158  21206  2
28562015301254  21057  2 313  21004  21374  21174  22048  21824  21231  21660  2
28562015402192  21773  21010  21521  21444  21106  21604  2 927  21358  21649  2
28562015501597  21102  2 838  2 931  2 897  4 951  4 793  41006  4 649  5 918  5
2856201560 788  6 592  6 602  6 795  6 945  61213  61007  6 931  61090  61147  6
2856201570 786  6 930  6 915  6 901  6 584  6 911  6 748  61029  61073  6 835  6
2856201580 767  6 834  6 787  6 709  6 357  6 612  6 676  6 762  6 999  6 902  6
2856201590 535  6 862  6 781  6 994  61273  61346  61243  6 889  7 512  7 972  7
2856201600 529  8 845  81140  81167  81263  81304  81226 101227 121037 131182 13
28562016101362 131048 13 960 131462 131292 131314 141380 141502 141632 151386 15
28562016201660 151674 151337 15 850 15 705 15 933 15 646 15 961 15 976 16 992 17
2856201630 808 17 493 17 463 171239 171073 171157 17 937 17 738 17 677 17 907 17
28562016401082 171086 171177 171108 171231 17 740 17 731 171202 17 795 171134 17
28562016501338 171178 17 770 17 732 17 296 171205 171194 171216 17 969 18 781 18
28562016601112 18 915 181273 18 927 18 746 18 695 181137 18 798 18 929 181208 18
2856201670 546 18 608 181157 181040 181113 18 894 18 719 181263 181271 18 820 18
28562016801417 181291 18 885 181272 18 570 18 161 18 417 18 984 181129 181135 18
2856201690 892 18 970 18 950 181375 18 945 181246 18 834 181135 18 891 18 979 18
2856201700 797 181348 18 879 18 903 18 762 181216 18 979 18 809 18 647 181345 18
28562017101006 181097 181019 181063 18 601 181207 181080 18 616 181437 181219 18
28562017201712 181006 18 427 181295 181249 181224 181644 181200 18 684 18  71 18
2856201730 489 181080 18 738 18 367 181330 18 327 181155 181061 181420 18 866 18
2856201740 635 181142 18 791 18 833 18 618 18 637 181120 181096 18 763 18 982 18
2856201750 619 18 822 18 633 181184 18 939 18 435 18 437 18 795 181005 181070 18
28562017601130 181250 181073 181027 181432 18 752 18 764 18 916 181209 181064 18
28562017701531 181479 18 843 18 967 18 651 18 759 18 874 18 984 18 198 18 984 18
2856201780 904 18 971 18 778 18 825 181179 181031 18 432 181044 18 872 18 240 18
2856201790 961 181188 18 997 18 994 181017 18 706 181165 181235 18 456 181055 18
28562018001026 18 636 18 867 18 629 18 398 18 792 18 104 181314 181040 18 876 18
2856201810 662 181436 181065 18 649 18 638 181208 181373 181033 181125 18 891 18
2856201820 761 18 914 18 724 18 543 18 346 18 980 181165 181008 181382 18 775 18
28562018301018 18 812 181034 18 817 18 632 181010 181144 181453 181298 181276 18
28562018401212 181115 181181 181222 181124 18 684 181084 18 339 18 859 181334 18
28562018501117 18 263 18 842 18 768 18 788 18 712 18 964 181070 18 970 18 832 18
2856201860 773 18 245 181197 18 807 18 436 181061 181420 181290 181511 181257 18
2856201870 933 18 440 18 813 18 688 18 661 18 654 18 802 18 897 18 811 18 197 18
2856201880 734 18 698 18 296 18 702 18 988 181070 18 902 18 540 181072 18 888 18
2856201890 920 18 986 181222 18 964 18 756 181070 18 356 181148 181233 18 498 18
2856201900 304 181068 18 188 181216 18 309 181315 181489 181572 181312 181640 18
28562019101529 181510 181465 181641 181692 181483 181554 181541 181105 181102 18
28562019201452 181366 181217 181250 181074 181340 181339 181460 181422 181900 18
28562019301515 181080 181706 181722 18 635 18 957 18 778 181175 181278 181292 18
28562019401313 181312 181696 181451 181363 181245 18 658 181319 181635 182076 18
28562019502058 181057 181985 181655 18 947 181284 18 459 181432 181328 18 628 18
28562019601290 18 784 181075 18 729 18 798 181021 181218 18 443 181040 181281 18
28562019701072 18 618 14 738 149990  09990  09990  09990  09990  09990  09990  0
285620 484  .414  .352  .3401.00123 484.5939 545.0223                           
123000 1 KANE SPRINGS, UTAH             123000                              1084
123000 2 UTAH         PINYON PINE       06450  3732 10954 045 10   1445 1971    
123000 3 J S DEAN, D O BOWDEN                                            8/12/72
12300014409990  09990  09990  09990  09990  0 469  1 763  1 940  1 970  1 529  1
1230001450 323  11561  11739  11357  1 835  2 667  2 879  2 922  21224  21628  2
12300014601071  21071  21680  21076  2 541  2 763  21032  21455  21213  2 947  2
1230001470 922  2 491  2 538  2 763  21369  21246  21376  21596  21306  2 962  2
1230001480 640  2 564  21754  21448  21538  41236  41281  4 606  41082  41467  4
12300014901465  51728  51051  61156  61187  6 571  7 799  71082  71413  8 847  8
1230001500 300 11 818 111067 111064 111092 11 760 11 671 11 893 111196 111639 11
12300015101014 111303 111134 111392 111339 111196 12 921 121099 12 980 121154 12
12300015201060 13 924 13 385 13 957 131050 13 962 131105 13 883 13 798 13 629 13
1230001530 814 131023 13 210 13 510 131009 13 990 131193 131156 13 620 13 702 13
12300015401073 13 905 13 513 13 869 13 740 13 542 131008 13 688 13 848 131176 13
12300015501292 141499 141087 14 981 14 662 14 919 141075 141139 14 999 141005 14
12300015601183 14 774 14 921 14 935 141261 141275 141119 14 770 141004 14 963 14
1230001570 931 14 800 14 667 14 747 14 802 14 849 14 753 141139 141240 141128 14
1230001580 776 141089 14 851 14 479 14 659 14 507 141078 141078 141082 14 894 14
1230001590 332 141017 14 736 14 812 141533 141416 141459 14 765 14 807 141181 14
1230001600 430 14 957 141375 141222 141493 141511 141362 14 668 141055 141057 14
12300016101231 141063 14 871 14 858 14 649 141190 141240 141374 141397 141116 14
12300016201181 141359 14 925 14 634 14 423 14 705 14 170 14 337 14 738 14 999 14
1230001630 906 15 731 15 530 15 991 151062 151298 15 987 15 735 15 843 15 933 15
12300016401315 15 982 151063 151134 151298 151178 151044 151346 15 596 151281 15
12300016501540 151099 151148 151269 15 209 15 926 151237 151086 15 837 151078 15
12300016601349 171103 171052 17 501 17 703 17 740 17 918 17 596 17 876 171017 17
1230001670 251 171029 171326 171193 171564 171331 17 849 171293 171464 171259 17
12300016801558 181500 181505 181676 18 983 18 132 18 598 181537 181401 181531 18
12300016901530 181422 181681 181539 181308 181427 18 926 18 927 18 494 18 931 18
1230001700 802 191308 19 981 19 680 19 828 191072 191323 19 952 19 972 191098 19
12300017101057 191000 19 897 191254 191038 191309 191144 191043 191441 191511 19
12300017201523 191042 19 403 191127 19 584 191316 191246 191308 19 384 20 282 20
1230001730 788 20 861 201159 20 478 20 901 20 260 20 954 20 867 201008 20 940 20
1230001740 537 201004 201038 201245 20 858 201134 201200 201254 20 495 201211 20
1230001750 988 20 958 20 538 20 872 20 898 20 586 20 753 20 353 20 874 20 876 20
12300017601087 20 925 20 998 20 832 201032 20 722 201260 20 960 201349 201179 20
1230001770 735 201227 20 889 20 192 20 671 20 923 20 905 20 552 20 589 20 911 20
1230001780 717 20 959 20 803 20 938 201248 20 694 20 992 201269 20 632 201019 20
1230001790 483 201183 20 999 201030 20 815 201133 201090 20 704 201121 201166 20
1230001800 927 20 414 201125 20 547 20 903 20 527 20 398 201380 201135 201380 20
1230001810 905 201295 201173 20 106 20 922 20 922 201184 201138 20 392 20 642 20
1230001820 403 20 663 20 517 20 610 20 852 201286 201435 20 854 201692 20 823 20
12300018301151 20 848 201237 201491 201188 201603 201260 201598 201372 201531 20
12300018401546 201545 201271 201276 201265 20 423 201228 20 216 20 813 201499 20
12300018501289 20 566 201501 201175 201262 201375 201653 201283 201043 20 680 20
1230001860 992 20 116 201497 201298 20 436 201226 201499 201186 201385 201263 20
12300018701089 20 390 20 465 20 481 20 890 20 986 20 932 201267 201045 20 991 20
12300018801051 20 656 20 607 20 509 201078 201230 201001 20 637 20 972 201309 20
12300018901529 201387 201478 201050 20 582 201144 20 168 201411 201383 20 431 20
1230001900 336 201033 20 335 201039 20 447 201291 201408 201704 201349 201545 20
12300019101501 201712 201526 201697 201736 201664 201984 201646 201089 201563 20
12300019201549 20 882 201315 20 898 20 850 20 843 201116 201246 20 895 201167 20
1230001930 877 20 758 201103 20 997 20 545 201086 20 749 20 913 201049 20 962 20
12300019401115 201152 201483 201540 201096 201228 20 529 20 682 20 968 201207 20
12300019501021 20 148 201123 20 900 20 942 20 678 20 442 20 832 201040 20 154 20
1230001960 890 20 775 20 953 20 813 20 434 20 847 20 960 20 752 20 827 201095 20
1230001970 917 20 720 209990  09990  09990  09990  09990  09990  09990  09990  0
123000 527  .365  .347  .3531.00518 529.7303 595.8916                           
141008 1 WHITE CANYON                                                       1090
141008 2 UTAH         DOUGLAS FIR       06100 03737 11001 280 55   1479-1972    
141008 3 J. DEAN, D. BOWDEN                                             08/11/72
14100814709990  09990  09990  09990  09990  09990  09990  09990  09990  01119  1
1410081480 394  1 707  11035  1 954  11369  11070  11293  1 428  1 761  11085  2
1410081490 880  41227  4 782  4 984  4 623  4 330  4 348  41008  4 977  4 426  4
1410081500 215  4 793  4 507  4 620  41071  4 659  4 624  4 858  4 687  41554  4
1410081510 518  41101  4 968  41059  41020  4 880  41106  4 939  4 767  41199  4
14100815201206  41231  4 218  4 647  4 974  4 871  41332  41061  41478  41495  4
14100815301619  41404  4 248  4 691  4 976  4 882  41232  41335  4 540  41273  4
14100815401405  41034  4 213  4 745  4 545  4 666  41013  4 701  4 997  41187  4
14100815501576  41526  41174  41621  41018  41189  41321  41665  41199  41615  4
14100815601643  41152  41230  41287  42053  41903  42037  41085  41582  41417  4
14100815701344  41330  4 876  41119  41046  41031  4 940  41272  41238  4 491  4
1410081580 605  41172  41428  4 930  4 454  4 475  41379  4 976  41841  41181  4
1410081590 506  51069  5 592  5 709  51477  5 842  51064  5 632  5 656  51005  5
1410081600 281  5 949  51074  51183  51138  51531  51286  5 686  51430  51530  5
14100816101522  51371  51508  51458  51357  51359  51865  52366  52120  62586  7
14100816202662  72464  71731  71021  7 411  7 713  7 364  7 853  7 733  7 660  7
1410081630 684  7 738  7 327  71006  7 938  71058  7 780  7 534  7 540  8 703  8
1410081640 958 111067 111044 111362 111336 111034 111417 111311 11 500 121826 12
14100816501069 131559 13 705 131457 13 202 131376 131311 131385 13 964 13 719 13
14100816601052 13 859 13 808 13 699 13 671 13 495 13 683 13 743 13 772 13 603 13
1410081670 297 13 533 13 884 131076 131227 141191 14 689 141052 141327 14 855 15
14100816801134 161252 171571 171374 17 823 17 105 17 318 171335 171046 17 849 17
1410081690 733 181139 181214 181363 181097 181222 18 751 18 897 18 429 18 781 18
1410081700 682 181391 18 992 18 719 19 800 19 867 191199 19 862 19 999 19 819 19
14100817101088 19 809 19 987 191368 191215 191404 191028 191327 191462 191298 19
14100817201747 191250 19 584 191087 19 441 191333 191238 191047 19 477 19 177 19
1410081730 432 19 718 19 725 19 379 191182 19 270 19 835 19 649 19 957 19 827 19
1410081740 576 19 757 19 686 19 905 191040 19 966 191192 191625 19 670 191676 19
14100817501185 19 842 19 387 191180 19 655 19 334 19 807 19 532 19 737 19 792 19
1410081760 772 20 530 20 807 20 834 20 930 201135 201158 201075 201322 201297 20
14100817701022 201439 20 957 20 337 20 725 201195 201064 20 806 20 940 20 861 20
1410081780 161 20 994 20 768 201045 20 750 20 816 20 782 20 969 20 550 20 549 20
1410081790 239 20 984 20 908 201137 20 709 20 844 201145 201263 201053 201098 20
14100818001219 20 626 201281 20 756 20 883 20 538 20 522 20 940 20 712 20 834 20
1410081810 500 20 733 20 874 20 271 20 929 201135 201317 201489 20 726 20 501 20
1410081820 715 201255 20 870 20 975 201187 201156 201255 201041 201327 201277 20
14100818301277 20 987 201475 201811 201456 201733 201415 201497 201459 201344 20
14100818401654 201414 201481 201261 201601 20 505 201816 20 681 201339 201379 20
14100818501407 20 232 201677 201192 201112 201714 201585 201184 201828 20 658 20
14100818601093 20  18 201535 201201 20 481 201098 201138 201112 201101 201313 20
1410081870 922 20 925 20 919 20 738 20 926 20 676 20 630 201010 20 954 20 852 20
1410081880 822 20 715 20 855 20 603 201107 201054 20 927 20 691 201002 201061 20
14100818901040 201067 201174 20 780 20 441 20 872 20 202 201032 20 817 20 142 20
1410081900 630 20 806 20 233 20 736 20 278 20 836 20 730 20 906 201058 201278 20
14100819101485 201472 201829 201395 202054 201833 201635 202079 20 952 201371 20
14100819201535 201160 201684 20 797 20 794 20 919 201334 201157 201411 201258 20
1410081930 830 20 638 201335 201049 20 701 201025 20 829 201047 201114 201214 20
14100819401321 201525 201951 201062 201616 201243 20 919 20 969 201347 201779 20
14100819501301 20 190 201289 20 721 201029 20 821 20 590 20 930 20 892 20 130 20
1410081960 745 20 655 20 653 20 588 20 765 20 826 20 898 20 815 20 745 20 882 20
14100819701328 20 616 201155 209990  09990  09990  09990  09990  09990  09990  0
141008 494  .435  .410  .3811.01504 501.4321 592.0313                           
133099 1 NAVAJO MOUNTAIN, UTAH          133099                              1086
133099 2 UTAH         PONDEROSA PINE    07800  3702 11051 270 02   1469 1971    
133099 3 J S DEAN, D O BOWDEN                                             8/8/72
13309914609990  09990  09990  09990  09990  09990  09990  09990  09990  0 944  1
1330991470 625  1 419  1 478  1 728  2 708  3 710  3 943  31132  3 911  3 533  3
1330991480 990  3 906  31240  3 876  31336  3 931  41085  4 600  4 850  4 865  4
13309914901251  41252  61126  61027  6 981  6 432  61050  61213  61282  6 797  6
1330991500 442  61302  61280  61583  61581  6 983  6 967  61108  6 962  61744  6
1330991510 868  61125  61141  61231  61134  61018  6 969  61160  61330  61112  6
1330991520 910  6 783  6 333  6 797  6 977  6 834  61374  6 957  6 816  6 896  6
13309915301043  6 810  6 267  6 731  61395  61120  61467  61396  6 428  61158  6
13309915401025  6 995  6  45  61103  6 606  7 725  71324  71217  7 962  71737  7
13309915501433  81049  81062  91081  9 924  91039  91194  91376  91191  91045  9
13309915601091  9 806  91049  9 808  91257  91475  91395  91012  91138  91012  9
1330991570 906  9 652  9 885  9 565  9 519  9 905  9 818  91288  9 956  9 709  9
1330991580 495  9 947  9 618  9 368  9  93  9 195  91207  91447  91557 101223 10
1330991590 600 10 778 10 777 10 810 101226 10 962 101179 10 647 10 676 101215 10
1330991600 125 10 904 101558 101305 101331 101288 101195 10 824 12 728 121369 12
13309916101322 131179 13 844 13 641 131347 131681 131358 131331 131191 131366 13
13309916201417 131777 131387 13 468 13 926 131029 13 469 131473 13 730 13 865 13
1330991630 609 131057 13 136 131410 13 902 141276 14 492 14 376 14 588 141097 14
13309916401323 141438 141013 141019 141245 14 874 141006 141291 14 412 141328 14
13309916501186 141657 14 927 141640 14 144 141453 141209 141031 14 444 14 784 14
13309916601368 141511 14 797 14 677 14 898 14 650 14 740 14 591 14 605 14 655 14
1330991670 120 141013 14 784 14 793 14 996 14 704 14 175 141096 14 658 14 563 14
13309916801140 141199 14 826 141409 14 621 14  13 14 314 141293 14 848 14 923 14
1330991690 963 14 770 141420 141281 14 514 141038 14 422 14 679 14 672 14 869 14
1330991700 749 161277 16 683 16 184 16 923 161140 16 854 16 712 16 435 161280 16
13309917101298 161082 161177 161070 161162 161025 16 886 161108 161449 161230 16
13309917201634 161103 16 257 161350 16 620 161324 161549 161193 16  56 16 496 16
1330991730 694 161064 161277 16 733 16 888 16  22 16 672 16 740 161015 16 492 16
1330991740 643 161373 16 713 161133 16 502 161134 161441 161513 16 567 161487 16
1330991750 847 16 417 16 237 16 713 16 769 16 375 16 883 16 388 16 837 16 683 16
13309917601267 16 919 161075 16 788 161490 16 297 161536 161058 161435 16 989 16
1330991770 719 161440 16 963 16  85 161155 161008 16 801 161028 16 375 161200 16
13309917801005 181073 18 527 18 872 181863 181166 18 970 181648 181007 18 995 18
1330991790 338 181265 181238 181415 18 970 181498 181021 181203 181017 181199 18
13309918001138 18 551 181031 18 824 181173 18 710 18 499 181723 181210 181650 18
1330991810 695 181694 18 916 18 148 181083 181405 181580 181075 18 648 18 873 18
1330991820 863 191504 19 285 191211 191578 191507 191918 201397 202004 201191 20
13309918301287 201333 201198 201559 20 710 201477 201044 201864 202218 202028 20
13309918402101 201673 20 890 201091 201518 20 414 201369 20 142 201133 202178 20
13309918501701 20 969 201423 20 941 201004 20 975 201190 20 643 201010 20 873 20
1330991860 612 20  18 201563 201015 20 200 20 979 201505 201270 201472 201400 20
1330991870 418 20 609 20 945 20 709 20 999 20 851 20 758 201037 201061 20  48 20
1330991880 507 20 782 20  69 20 623 201265 201505 201321 20 424 201143 201487 20
13309918901526 201257 201443 20 876 20 710 201149 20  43 201186 201084 20   2 20
1330991900 529 20 677 20  72 201670 20 157 201345 201381 201599 201611 201425 20
1330991910 960 201330 201546 201473 201573 201390 201510 201286 20 825 201539 20
13309919201841 201136 201606 201739 201051 20 993 201548 201356 201183 20 985 20
1330991930 768 20 692 201461 20 936 20 567 201237 20 717 20 911 201284 201098 20
1330991940 842 201320 201169 20 625 20 837 20 878 20 272 20 628 20 987 201228 20
1330991950 676 20 262 201514 20 637 20 927 20 364 20 327 201178 20 926 20  24 20
13309919601053 20 949 20 687 20 191 20 693 201033 201109 19 811 18 616 181138 27
1330991970 696 27 177 279990  09990  09990  09990  09990  09990  09990  09990  0
133099 503  .219  .411  .492 .98999 497.9659 577.8899                           
130649 1 WATER CANYON, BRYCE CANYON NATL PARK, UTAH   130629                 260
130649 2 UTAH         PONDEROSA PINE     6885  3740 11206          1336 1964    
130649 3 M. A. STOKES AND T. P. HARLAN                                  06171965
13064913369990  09990  09990  09990  09990  09990  01805  11996  11313  11838  1
13064913401497  11395  11135  1 927  11257  11080  11560  11191  1 799  11229  1
1306491350 878  1 697  1 785  11154  11124  1 845  11346  11077  1 796  1 918  1
1306491360 865  1 516  1 627  1 518  11172  11486  11167  11259  11139  1 783  1
1306491370 695  1 652  11330  11276  11042  11101  11046  1 307  1 251  1  57  1
1306491380 528  1 851  2 678  2 885  21091  2 870  21065  21277  21025  21029  2
1306491390 821  2 563  2 913  2 944  2 959  2 957  2 919  2 762  2 796  2 734  2
1306491400 741  2 793  2 832  2 677  2 781  2 724  2 931  2 819  21037  21088  2
13064914101143  3 946  3 882  3 622  31267  3 987  31022  31238  31266  3 998  3
13064914201060  3 700  3 950  3 835  31017  31137  3 653  31086  31103  3 748  3
13064914301028  31034  3 958  3 904  3 612  3 592  3 871  3 912  3 579  3 740  3
1306491440 968  31058  3 975  3 861  3 354  3 861  4 616  4 753  4 794  4 662  4
1306491450 475  4 917  4 878  41080  41161  41003  4 794  4 778  41004  4 540  4
1306491460 580  4 855  41192  41200  4 544  4 929  41232  41157  41142  41110  4
13064914701183  4 599  4 527  4 800  4 806  4 701  4 997  4 948  41128  4 781  4
13064914801100  4 940  41082  4 888  41220  41034  41234  4 829  4 782  4 981  4
13064914901035  41314  41012  4 789  41002  4 807  41020  4 755  41284  41122  4
1306491500 290  5 846  5 882  5 887  5 937  5 834  5 566  51225  51197  51316  5
13064915101157  51141  51390  51520  51296  5 778  51174  51123  51321  51324  5
13064915201034  71050  7 743  7 734  7 880  71034  71059  71058  7 898  7 784  7
1306491530 727  7 876  7 498  7 849  71086  71126  71224  71167  7 721  7 931  7
13064915401075  7 859  7 753  7 999  7 582  7 776  81015  81114  81194  81366  8
13064915501493  81467  81670  81415  81186  91326  91275  91131  91021  91080  9
13064915601150 10 963 101222 10 950 101132 101172 10 874 10 978 101136 101102 10
13064915701030 10 978 10 935 10 772 10 848 10 854 10 731 101000 10 876 10 645 10
1306491580 507 10 889 10 951 10 672 10 507 10 338 10 870 101051 10 841 101152 10
1306491590 721 10 722 10 641 10 913 101158 101035 101422 101152 101160 101293 10
1306491600 950 101130 101241 101104 101239 101342 101364 101239 101335 101320 10
13064916101800 101354 101348 10 831 101163 101321 101146 101508 101588 101430 10
13064916201416 111608 111168 111099 11 982 111143 11 690 111071 11 976 111158 11
13064916301131 11 739 11 446 111086 11 893 111133 111166 11 752 11 835 111063 11
13064916401202 111212 111259 111168 111250 111055 11 846 111158 11 818 111111 11
1306491650 987 111011 11 726 11 870 11 440 11 818 11 962 111124 111152 111052 11
13064916601220 111226 111402 111016 111289 111257 111111 111141 111026 11 978 11
1306491670 317 111077 111122 111108 111394 111103 11 799 111118 12 894 12 811 12
13064916801055 131138 13 900 131074 13 682 13 603 13 556 131064 13 989 131075 13
1306491690 838 14 933 141120 14 972 14 933 141009 14 848 14 927 14 680 14 947 14
1306491700 933 141137 141045 14 516 14 712 14 943 14 937 14 561 14 721 14 596 14
1306491710 848 15 818 15 877 15 910 15 942 15 886 15 922 15 796 15 951 15 958 15
13064917201197 15 865 15 606 151110 151067 151053 151108 151054 151066 15 574 15
1306491730 854 151140 15 930 15 952 151071 15 473 15 456 15 740 15 937 15 869 15
1306491740 910 16 842 16 671 161050 161070 161064 161274 161076 16 599 161090 16
1306491750 936 15 886 15 720 15 821 15 607 15 619 15 783 15 916 151114 151234 15
13064917601148 15 717 15 759 15 735 151058 151137 151356 151348 161288 161375 16
13064917701301 161320 161106 16 466 16 802 161129 161198 16 965 161061 161035 16
1306491780 743 16 660 16 578 16 897 16 965 16 639 16 592 16 995 16 678 16 423 16
1306491790 748 161102 161183 161314 161105 161048 16 963 161217 161076 161180 16
13064918001085 17 956 171207 171033 181117 18 989 181146 181106 18 987 18 927 18
1306491810 944 181219 181215 18 588 18 992 181040 181255 181264 18 823 181421 18
1306491820 928 181271 18 935 17 862 17 742 161075 161281 161050 161349 16 827 16
1306491830 923 161053 161280 161260 161320 161494 161374 161317 161388 161496 16
13064918401570 16 866 161062 161330 161243 16 753 161040 16 578 16 985 161248 16
13064918501313 161154 161178 161235 161105 161022 16 632 16 407 16 665 16 569 16
1306491860 791 16 411 161209 161163 16 549 16 869 161314 161148 161512 161364 16
1306491870 848 16 703 16 835 16 759 16 992 161052 16 855 16 937 16 934 16 750 16
1306491880 773 16 848 16 522 16 283 161091 161228 161049 161133 161143 161148 16
13064918901282 151525 151442 151042 151011 15 958 15 554 151212 151357 15 504 15
13064919001020 15 981 15 666 151012 15 828 151014 151178 151240 151393 151407 15
13064919101395 141503 141420 141351 141759 141340 141357 141396 141281 141158 14
13064919201004 141235 141189 141244 14 924 14 828 141107 14 837 141189 14 813 14
13064919301085 14 915 141248 141046 14 751 141024 14 731 14 977 141212 141034 14
13064919401117 141317 14 995 14 967 14 997 14 951 14 798 141011 14 911 141169 14
1306491950 830 14 506 141036 14 702 14 761 14 804 14 440 14 841 14 794 14 735 14
1306491960 839 14 826 14 880 14 553 14 745 149990  09990  09990  09990  09990  0
130649 629  .521  .265  .223 .99291 624.5376 664.0434                           
027519 1 HILL 10842                                                         0648
027519 2 NEVADA       BRISTLECONE PINE  09600 03857 11413 180 30   0001-1967    
027519 3 V.C. LAMARCHE AND C.W. FERGUSON                                 1/  /67
027519   09990  0 643  11008  1 684  1 806  1 806  11088  1 643  1 643  1 846  1
027519  10 966  11088  1 524  1 806  1 483  1 725  1 725  1 684  1 725  1 966  1
027519  201088  11048  1 846  11250  1 684  1 925  11652  11088  11088  1 725  1
027519  30 765  1 925  11329  1 846  1 887  1 643  1 564  1 362  1 966  1 806  1
027519  40 564  1 684  1 160  1 320  1 442  1 725  1 765  1 684  1 643  1 684  1
027519  50 887  1 564  1 362  1 240  1 887  1 442  1 442  1 887  1 765  1 765  1
027519  601008  1 846  1 925  11008  1 887  1 240  1 725  1 643  1 643  1 362  1
027519  70 643  1 725  1 603  1 442  1 442  1 765  1 524  1 887  1 643  1 684  1
027519  80 442  1 684  1 603  1 684  1 603  1 643  1 806  1 966  1 483  1 806  1
027519  90 725  1 524  1 725  1 846  1 966  1 846  1 925  11088  11008  11008  1
027519 100 564  1 524  1 403  1 684  11048  1 643  1 643  11048  1 765  1 403  1
027519 1101209  1 925  1 483  1 725  1 725  11167  1 887  1 643  1 966  1 846  1
027519 120 806  11411  11128  1 564  1 925  1 725  1 524  1 643  1 887  1 684  1
027519 130 846  11008  1 684  1 643  1 765  1 362  1 524  1 320  1 765  11048  1
027519 140 524  11008  1 925  1 564  11048  1 200  11008  1 806  1 725  1 684  1
027519 150 564  1 603  1 725  1 925  1 765  1 725  1 684  1 725  11167  11048  1
027519 160 765  1 362  1 887  11008  1 483  1 403  11167  1 925  11128  12016  1
027519 1701436  2 929  21226  2 824  21271  2 876  2 893  21222  21493  2 650  2
027519 180 851  2 429  2 929  2 925  2 949  21191  21101  2 949  21618  2 945  2
027519 190 967  21074  21354  21094  2 645  2 567  2 582  2 883  21176  21194  2
027519 200 552  3 614  31070  31101  31197  3 875  3 993  3 587  3 602  3 742  3
027519 210 746  3 805  31327  3 974  3 996  3 351  3 796  31588  31246  3 849  3
027519 2201012  31019  3 972  3 557  3 407  3 398  3 306  3 458  3 889  3 901  3
027519 230 904  4 657  41228  41372  4 892  4 661  41356  41195  4 518  4 856  4
027519 240 868  41055  41016  4 759  4 734  4 524  4 876  41020  4 609  41108  4
027519 250 781  41415  41307  41170  41432  4 913  41589  4 812  41423  41452  4
027519 2601060  4 597  4 919  4 603  4 985  4 954  4 989  41193  41583  41231  4
027519 2701804  41408  41014  4 978  4 557  4 927  41351  41086  41248  4 851  4
027519 2801493  41156  41073  41243  41055  41055  41428  4 725  41206  4 919  4
027519 2901163  4 516  41045  4 579  4 884  41175  41371  4 710  41410  41241  4
027519 300 898  41163  41367  4 903  41298  41223  4 745  4 797  4 772  41152  4
027519 3101179  41563  41148  4 862  41013  4 657  4 975  4 771  4 629  4 809  4
027519 320 800  4 423  4 649  4 736  4 622  4 934  4 508  4 625  4 727  4 727  4
027519 3301245  41274  4 981  41436  41058  4 910  4 857  4 929  41077  4 788  4
027519 3401110  41390  41075  41162  4 994  41403  41149  41013  41052  41128  4
027519 3501155  41164  41186  41139  41353  41617  41219  41547  4 891  4 711  4
027519 3601052  5 707  5 611  5 642  5 690  51287  5 941  5 743  51076  5 638  5
027519 370 484  5 850  51384  5 913  5 960  5 927  5 716  5 704  5 576  5 748  5
027519 380 671  51056  5 814  5 571  5 878  5 578  5 717  5 650  51015  51190  5
027519 390 897  5 572  5 565  51154  51100  51063  5 798  5 574  5 900  5 490  5
027519 400 271  5 787  5 291  5 654  5 771  5 591  5 594  5 846  5 825  5 815  5
027519 410 999  5 701  5 739  51103  5 465  5 314  5 459  4 627  4 733  4 704  4
027519 420 693  4 697  4 848  4 593  4 587  4 879  4 992  4 803  4 759  41024  4
027519 430 900  4 855  4 977  4 916  41010  4 901  4 662  4 488  4 995  4 936  4
027519 440 691  4 503  4 836  41125  4 645  4 966  4 776  4 678  4 552  4 504  4
027519 450 961  4 966  4 813  41081  41151  4 946  4 678  4 837  41074  41417  4
027519 460 676  4 725  41141  4 394  4 979  41006  4 889  4 846  4 913  4 702  4
027519 470 632  4 948  4 876  4 849  4 814  41125  41102  41108  41102  41031  4
027519 4801180  4 909  4 878  41099  41339  41679  41426  41375  4 513  4 641  4
027519 4901316  41080  41026  4 628  41120  41185  41115  41034  41205  41244  4
027519 5001115  41055  41419  41400  41302  4 929  4 626  41164  41243  41121  4
027519 5101259  41045  4 958  41111  41254  4 910  41069  41106  41272  41212  4
027519 520 880  41237  41059  41176  4 735  41405  4 975  41745  41176  4 713  4
027519 5301244  4 852  41203  41184  41070  4 713  4 581  41034  41270  4 429  4
027519 540 926  41151  4 866  4 883  4 864  4 886  41071  4 788  4 902  41396  4
027519 550 942  4 651  4 855  41076  4 777  41132  4 874  41392  4 764  41158  4
027519 5601205  41140  4 857  4 820  41331  4 936  41213  41321  4 877  4 887  4
027519 570 871  41315  41241  41538  41188  41748  41264  41347  4 735  41408  4
027519 580 680  41216  41377  41105  41484  41012  42007  41647  41055  41198  4
027519 5901308  4 941  41656  41063  41081  4 848  4 629  41272  4 873  4 915  4
027519 6001082  3 923  31039  3 616  3 938  31063  3 923  31273  31280  3 943  3
027519 610 906  3 515  31027  31079  31357  31352  31046  31043  3 989  31021  3
027519 6201430  31295  31161  31713  31280  31097  31078  31316  31383  31212  3
027519 6301131  31453  31168  31192  31209  31066  31423  31177  3 909  3 804  3
027519 640 884  31508  31155  31066  31158  3 905  31114  31090  31161  31203  3
027519 6501012  31087  3 856  3 914  31158  31185  31487  31552  3 861  31075  3
027519 660 805  31357  31597  3 897  31107  31219  3 958  3 863  3 949  3 742  3
027519 670 780  31185  31143  3 816  31112  3 973  3 879  3 603  3 920  31195  3
027519 6801024  31207  31450  31054  31046  31031  31146  31084  31643  31164  3
027519 6901072  31484  31506  31036  3 790  3 836  31006  3 646  3 641  3 473  3
027519 700 822  3 853  3 800  3 958  31114  3 848  3 736  3 414  3 729  3 814  3
027519 7101018  3 953  3 771  3 897  31031  3 896  3 934  3 924  31067  3 838  3
027519 720 856  31426  31409  31429  31685  31114  31087  31031  31393  3 878  3
027519 730 970  31492  31236  31063  3 946  3 992  31111  31188  3 835  3 936  3
027519 7401149  3 970  31296  3 870  3 838  3 658  3 912  3 963  3 807  3 709  3
027519 750 846  3 501  31182  3 954  41024  4 755  4 989  41001  41358  41186  4
027519 7601181  4 956  41075  4 916  41356  41364  41257  4 761  41392  4 938  4
027519 770 824  41096  41117  4 953  4 907  4 646  41120  41026  4 541  41051  4
027519 780 942  4 909  4 624  4 897  41431  41484  41212  41376  41377  41156  4
027519 7901205  41089  4 863  41400  41137  41032  4 984  4 811  4 897  4 868  4
027519 8001186  41231  41301  41364  41640  41481  41192  41314  4 787  41180  4
027519 810   0  41010  41067  4 966  4 659  4 844  4 836  4 576  4 915  4 715  4
027519 8201144  41177  4 919  4 917  4 855  41169  41619  41013  41719  41094  4
027519 830 961  41610  41441  41224  41205  41124  41196  41139  51118  5 914  5
027519 8401697  5 908  51175  51081  51143  5 979  51133  5 963  41445  41105  4
027519 8501128  41335  41227  41176  41506  41546  41138  41764  41927  41576  4
027519 8601109  41215  41062  41286  41307  4 544  41318  41051  4 463  4 807  4
027519 8701353  41064  4 684  4 895  41071  4 897  4 926  4 963  4 880  4 851  4
027519 880 749  41182  4 937  4 321  4 766  4 894  41053  4 898  41226  4 960  4
027519 8901043  41498  41560  41314  41904  41207  42394  41318  41366  41715  4
027519 9001092  41207  41606  41337  41029  41061  41020  4 801  41142  4 725  4
027519 910 612  41082  41045  4 529  4 981  4 927  41100  41158  4 681  4 690  4
027519 920 475  4 774  4 254  4 801  4 459  4 888  4 886  4 486  4 697  4 384  4
027519 930 546  4 787  4 603  4 637  4 671  4 891  4 695  4 983  4 990  4 577  4
027519 940 881  41143  4 774  4 650  4 630  4 664  4 718  4 722  4 581  4 628  4
027519 950 678  4 821  4 726  4 982  4 771  4 338  4 886  4 788  4 659  4 839  4
027519 960 987  4 562  41004  4 953  4 893  41118  4 917  4 727  41256  4 576  4
027519 970 923  4 921  41186  41322  41119  4 690  4 871  41107  41112  4 627  4
027519 980 494  4 790  41091  4 861  41022  41268  41370  41115  41045  41301  4
027519 9901238  4 899  4 871  4 316  41208  4 359  41032  4 789  4 547  41091  4
02751910001010  4 910  4 948  4 546  41201  4 638  4 895  41064  41362  41012  4
02751910101143  5 759  5 784  5 675  5 638  5 898  5 992  51483  51385  51001  5
02751910201158  5 907  5 674  51011  5 966  5 818  5 584  5 720  5 833  5 961  5
02751910301014  5 909  51026  5 928  5 902  5 473  5 882  5 864  5 883  51025  5
02751910401143  51469  51136  51085  5 912  5 749  5 726  5 787  5 469  5 761  5
02751910501061  61185  6 940  6 887  61157  6 871  6 966  6 743  61050  6 728  6
0275191060 853  61322  6 839  6 916  6 734  61253  61228  6 676  6 488  6 710  6
02751910701138  61001  6 975  6 892  61107  61007  61201  6 900  6 804  61286  6
02751910801161  61457  61392  6 608  61015  6 969  61440  61261  61159  6 970  6
0275191090 770  61298  61146  61312  6 870  61107  6 934  61042  6 931  61081  6
0275191100 947  61113  6 875  6 502  6 875  61258  61175  61660  6 770  6 877  6
02751911101304  6 911  61156  6 926  6 858  61182  61364  61349  6 953  6 752  6
02751911201007  71071  7 942  7 637  7 672  7 996  7 218  7 676  71173  7 972  7
0275191130 703  7 966  7 698  7 828  7 922  7 627  7 906  7 862  71108  7 890  7
0275191140 696  8 856  8 868  8 946  8 922  8 929  81091  81113  8 595  8 824  8
0275191150 423  8 874  8 941  8 634  8 671  8 589  8 288  8 983  8 665  8 901  8
0275191160 879  8 762  8 726  8 935  8 893  8 927  8 889  8 966  8 869  8 909  8
0275191170 855  8 670  81136  81188  8 849  81009  8 834  8 821  81277  81192  8
0275191180 889  81070  8 957  8 689  81048  8 631  8 494  8 759  8 877  8 812  8
02751911901091  8 974  81252  81198  8 482  8 986  8 906  81389  8 855  81035  8
0275191200 779  8 679  81235  81334  81231  81031  81395  81237  8 994  8 924  8
02751912101447  81239  81036  8 918  8 971  8 961  81173  8 929  8 649  81286  8
02751912201021  8 917  81184  8 916  81055  8 843  8 990  8 399  8 834  8 751  8
0275191230 911  9 915  9 731  9 626  9 738  9 973  91166  9 875  91118  91284  9
0275191240 839  91274  91058  9 911  9 735  9 831  9 317  9 913  91116  91035  9
02751912501139  9 631  9 772  91042  91046  9 592  9 621  91172  9 135  91050  9
0275191260 973  91142  9 848  91028  9 719  9 522  9 834  91079  9 888  9 996  9
0275191270 787  9 773  9 958  9 760  9 777  9 983  9 452  9 742  9 651  9 911  9
02751912801320  9 776  91148  91142  9 864  9 540  9 939  9 680  9 679  9 532  9
0275191290 955  9 740  9 332  9 793  9 781  9 515  9 643  91063  91142  9 870  9
0275191300 935  9 929  91108  9 949  9 775  9 740  9 862  9 573  9 994  91193  9
0275191310 996  9 876  9 891  9 997  91269  9 917  9 819  91130  9 976  91098  9
02751913201596  91147  91147  9 904  91095  91221  91177  91259  91423  91241  9
02751913301281  91288  91366  91390  9 935  91200  91093  91114  9 834  91357  9
02751913401099 101192 101181 101287 101178 101154 101399 101118 101092 101345 10
0275191350 759 101100 101274 111044 11 961 11 879 111427 111262 11 932 11 923 11
0275191360 441 11 544 111092 11 789 11 860 111241 111185 111313 111056 11 754 11
02751913701133 11 988 11 885 111221 111309 11 724 11 915 11 831 11 852 11 803 11
02751913801032 11 620 11 610 111128 11 948 11 961 111271 111108 11 940 11 775 11
02751913901275 111161 111094 11 824 111296 11 990 11 918 11 567 11 745 11 555 11
0275191400 616 11 848 11 902 11 928 11 668 111329 111482 11 600 11 710 111131 11
02751914101006 111064 111104 11 751 111125 111335 111128 111292 111369 11 999 11
0275191420 821 111073 111535 11 913 111296 11 886 11 797 11 958 111529 11 771 11
0275191430 899 11 877 111123 11 781 11 735 11 798 11 901 11 668 11 727 11 543 11
02751914401123 11 827 11 540 11 788 11 489 11 792 11 540 11 663 11 570 11 758 11
0275191450 728 111034 11 829 11 789 11 890 11 839 11 803 11 977 11 971 111085 11
0275191460 729 12 800 12 806 12 983 12 676 121073 12 785 121049 12 916 121313 12
02751914701315 12 832 121077 121807 12 630 12 600 121292 121390 121373 12 956 12
0275191480 870 121364 12 911 12 833 121583 121607 121323 121482 121023 121284 12
02751914901338 121081 12 470 121111 121251 12 729 12 581 12 580 121157 12 972 12
0275191500 878 121037 121231 121177 121042 12 616 12 598 121313 121038 121210 12
0275191510 857 12 975 12 803 12 625 121259 12 946 121616 121000 12 482 121329 12
02751915201702 121251 12 285 12 648 121178 121207 121325 121417 12 596 121106 12
0275191530 880 121061 12 870 12 892 121030 121187 121169 121038 12 728 121032 12
0275191540 843 12 890 12 446 121065 121106 12 741 121101 12 765 12 973 121133 12
02751915501114 121188 12 994 121343 121131 121101 121732 121546 12 699 12 834 12
0275191560 774 12 959 121427 12 712 121017 12 739 12 761 12 957 12 911 12 929 12
0275191570 893 121158 121289 12 674 121236 12 915 12 899 121168 12 914 12 518 12
0275191580 443 12 803 12 847 121019 12 801 12 678 12 704 121103 121022 121066 12
0275191590 298 12 883 12 975 12 776 12 844 12 779 121015 121069 12 780 121007 12
0275191600 580 12 777 121002 121102 121027 12 943 12 865 12 965 121267 121187 12
0275191610 804 12 881 12 988 121117 12 816 121293 121493 121239 121413 121242 12
0275191620 972 121297 12 919 121018 12 763 121364 12 892 12 854 121141 121203 12
0275191630 732 12 386 12 191 121124 121266 121111 121025 12 366 12 304 12 770 12
02751916401017 12 707 12 639 12 963 12 928 12 780 12 957 12 999 121244 12 995 12
02751916501041 121353 12 486 12 613 121042 12 888 12 731 12 677 12 732 12 956 12
0275191660 843 12 989 12 736 12 764 12 850 12 654 12 909 12 830 12 524 121008 12
0275191670 887 121069 12 795 121059 121069 12 969 121162 12 968 121506 121230 12
02751916801434 12 628 121067 121157 12 904 12 899 12 757 121003 121173 12 874 12
0275191690 691 12 822 12 830 12 774 12 857 12 767 12 731 12 947 121550 121277 12
02751917001019 121435 121216 12 907 12 926 121350 121299 12 932 12 455 12 817 12
0275191710 962 121113 121224 12 976 121093 12 832 12 913 12 726 12 950 121139 12
02751917201212 121470 121067 12 832 121251 121381 121610 121040 121308 12 489 12
02751917301035 121670 121277 12 986 121599 12 684 121198 12 923 121072 121065 12
0275191740 958 121270 12 609 12 913 12 856 12 483 121175 121527 12 971 121015 12
0275191750 930 121074 12 812 121057 121460 12 823 12 965 121107 121406 121336 12
02751917601352 121651 121354 12 749 121035 121055 122037 121676 121254 121221 12
02751917701068 121411 12 835 121196 12 966 121175 121368 12 953 12 854 121015 12
0275191780 709 12 951 12 496 121053 121061 121245 12 865 121453 121028 121214 12
02751917901207 111308 111326 111000 111060 11 877 111215 111170 11 647 111207 11
02751918001229 11 808 111511 111040 11 968 11 869 11 827 111485 111072 111285 11
02751918101148 111398 111151 11 819 111117 111314 111223 111122 11 862 111052 11
02751918201280 111151 111171 111158 11 700 111141 111104 111351 111337 111300 11
02751918301578 111226 11 483 111404 111229 111236 11 861 111189 111610 111535 11
02751918401375 121181 12 533 121180 121276 12 576 121223 12 923 121206 121472 12
0275191850 870 121006 12 966 121238 121064 121114 12 582 12 702 121083 121032 12
02751918601112 12 818 121018 12 816 121130 12 941 121596 121271 121659 121585 12
02751918701097 12 954 12 950 121316 121680 12 993 12 936 12 995 12 785 12 362 12
0275191880 988 121027 121243 121169 121158 121138 121181 121018 12 940 121096 12
0275191890 916 121148 121045 12 629 12 826 121124 121119 12 969 121276 12 741 12
02751919001016 12 885 12 895 121298 121286 121147 121242 121592 121287 121256 12
02751919101091 121236 121266 121533 121847 121048 121354 121284 121076 121116 12
02751919201345 121402 121182 121388 121233 121808 121072 121068 121094 121044 12
02751919301091 121085 121111 121049 12 219 12 944 12 991 121413 12 993 121330 12
02751919401231 101497 101244 101328 101316 101339 101236 101097 101156 101026 10
0275191950 910 10 896 10 878 10 594 10 835 101014 10 848 10 887 10 878 10 864 10
0275191960 841 10 830 101235 10 937 10 948 10 871  7 718  71269  69990  09990  0
027519   0 0.000 0.000 0.0000.00000   0.0000   0.0000                           
042510 1 CHARLESTON PEAK, H-17 SADDLE                        PILO            518
042510 2 NEVADA       BRISLECONE PINE   3048M 03917-11538          0966 1964    
042510 3 C.W. FERGUSON                                                          
042510 9609990  09990  09990  09990  09990  09990  0 818  1 545  1 728  1 409  1
042510 9701048  1 706  1 387  1 844  1 890  1 662  11005  1 800  1 732  1 617  1
042510 980 183  1 137  11169  1 825  1 642  1 803  1 849  1 413  1 827  1 437  1
042510 990 506  1 414  1 391  1 968  1 876  1 623  1 577  1 669  1 415  1 462  1
0425101000 647  1 324  1 648  1 254  1 347  1 231  1 417  1 255  1 394  1 511  1
0425101010 232  1 325  1 558  1 628  1 722  1 815  1 443  11026  1 700  1 560  1
0425101020 701  1 654  1 467  1 725  11381  1 913  1 398  11032  11243  1 704  1
04251010301010  1 775  1 752  1 705  11341  1 636  11201  1 943  11132  11227  1
04251010401369  11276  11253  1 946  11065  1 781  1 781  11090  1 758  1 949  1
0425101050 973  11330  11283  1 784  11142  11118  11143  1 524  1 882  1 978  1
0425101060 716  11002  1 430  1 836  1 621  11699  11173  1 790  11006  11127  1
0425101070 959  11224  11104  11033  1 817  11275  11973  11613  11108  11422  1
04251010801230  12099  11497  11932  11522  11233  11355  11694  11598  11115  1
0425101090 582  1 946  11213  11214  1 923  11094  11703  11363  1 876  1 877  1
0425101100 902  1 927  11098  1 659  11246  11466  11198  1 832  1 955  11494  1
04251011101569  1 956  11202  1 638  11130  11425  11205  11279  11305  11231  1
04251011201700  11430  11011  11061  11111  1 865  1 469  1 544  1 916  11015  1
0425101130 570  1 843  1 545  1 446  1 645  1 497  1 547  1 547  1 721  1 423  1
0425101140 573  1 698  1 474  1 773  1 818  2 911  2 963  2 915  2 740  2 951  2
0425101150 603  2 825  21118  2 801  2 770  2 757  2 998  2 744  2 889  2 960  2
0425101160 851  2 850  2 652  2 855  2 864  21020  21220  2 779  2 817  2 727  2
0425101170 386  2 627  2 770  21026  21043  2 986  2 977  2 974  21111  21199  2
0425101180 786  21089  21191  21356  2 861  21195  21237  21069  2 871  21329  2
04251011901285  21345  21164  2 634  2 949  21243  2 701  21510  21100  21227  2
04251012001371  21350  21423  21727  21790  21519  21171  22135  21703  21352  2
04251012101777  21301  21726  21671  21297  21069  21503  2 630  2 706  21292  2
0425101220 975  21067  21241  21279  2 952  2 977  21101  2 408  21275  21747  2
04251012301212  21510  21946  21042  21623  21157  21507  21367  21302  22183  2
04251012401288  21483  21117  2 987  21099  2 846  2 593  21075  21333  21198  2
0425101250 776  21062  21057  21331  2 958  2 540  2 764  21077  2 509  21737  2
04251012602033  21905  21325  21268  2 749  21811  21696  21910  21517  21442  2
0425101270 738  21126  21201  2 897  21112  21863  2 368  21441  21207  2 925  2
04251012801808  21068  21667  21050  21126  2 628  2 767  2 743  2 752  2 771  2
0425101290 839  21201  2 862  21135  2 908  2 659  2 967  21186  2 990  2 520  2
0425101300 926  21221  21497  21387  2 999  21215  21036  2 899  21018  21411  2
04251013101266  22070  21389  21487  21198  2 745  2 935  2 882  2 978  21103  2
0425101320 774  2 929  2 863  2 783  21420  2 936  2 966  2 951  21036  2 818  2
04251013301166  21343  21880  21633  21266  21019  21299  21593  2 871  2 999  2
0425101340 973  21072  2 809  21216  21595  21330  21501  2 955  21139  21254  2
0425101350 719  2 833  21372  21034  2 794  2 866  21165  2 896  2 826  21369  2
0425101360 785  2 772  2 960  2 847  2 947  21096  2 935  21458  21070  21071  2
0425101370 958  2 739  21232  21583  21107  2 935  21092  2 922  2 996  2 834  2
04251013801091  21103  2 841  21286  21271  21229  21542  21289  21546  2 968  2
04251013901026  2 963  21744  21430  21480  21168  21099  21031  21006  2 815  2
0425101400 617  2 895  2 698  21099  2 867  2 932  21318  21077  21111  21362  2
0425101410 952  21484  21050  2 984  2 886  2 907  21049  21186  21297  21171  2
04251014201287  21195  21209  21310  21277  2 895  2 910  2 858  21255  4 667  4
04251014301067  4 898  4 945  4 964  4 604  4 741  41100  4 949  4 692  4 859  4
0425101440 854  41006  4 689  4 700  4 535  4 755  4 712  4 589  4 515  4 452  4
0425101450 441  4 659  4 708  4 980  4 910  4 868  4 624  4 702  41066  41139  4
0425101460 827  4 890  4 980  41352  4 891  4 801  41164  41381  41050  41193  4
0425101470 972  4 977  4 858  41253  4 939  4 806  51065  51274  51381  5 849  5
04251014801563  51197  51181  51022  51268  5 816  6 975  6 904  6 847  61112  6
0425101490 994  6 867  6 485  6 766  61083  6 711  6 766  6 610  61117  6 985  6
0425101500 529  6 885  6 856  6 862  6 861  6 701  6 621  61000  6 768  61095  6
04251015101441  61307  6 833  6 853  6 975  6 694  61440  61075  61026  61241  6
0425101520 898  6 737  61084  6 588  6 820  6 866  61284  61168  6 760  61415  6
0425101530 969  7 955  7 999  7 816  71150  71341  71257  71001  7 839  71108  7
04251015401150  8 936  8 541  8 728  8 842  8 840  81088  8 573  8 672  81035  8
04251015501024  81095  81055  81182  81400  81186  81411  81017  8 501  8 909  8
04251015601099  8 812  81072  8 657  8 792  8 950  8 542  8 948  81118  81037  8
0425101570 790  81213  81120  8 636  8 766  8 800  8 808  8 741  8 808  8 799  8
0425101580 945  8 989  8 604  8 977  8 605  8 747  8 908  81008  81072  81482  8
04251015901175  81015  8 914  81029  8 988  81214  81004  81093  81057  81122  8
0425101600 764  9 898  91153  91021  91035  91595  9 954  91470 101140 101236 10
04251016101275 101169 111241 11 924 111321 111334 111565 111404 111552 111265 11
04251016201195 121163 12 860 12 972 12 669 121406 12 682 121211 121041 121254 12
0425101630 749 12 665 12 580 121170 12 949 12 924 121268 12 732 121062 12 944 12
04251016401074 12 909 121091 121198 12 914 12 900 121016 12 982 12 701 121111 12
0425101650 622 121548 12 720 12 682 12 610 12 741 121136 12 830 12 791 12 946 12
04251016601113 121143 121286 12 919 121065 12 761 12 809 12 840 12 641 12 844 12
0425101670 595 12 727 12 705 12 772 12 965 12 865 12 786 121215 121072 121238 12
04251016801451 12 872 121147 121256 121208 12 894 12 597 12 906 12 890 121352 12
0425101690 810 12 753 12 924 12 865 12 773 12 924 12 982 12 937 12 983 12 676 12
04251017001185 121150 12 969 12 652 12 771 121299 121079 12 678 12 689 12 816 12
0425101710 833 12 901 12 845 12 686 12 945 12 762 12 444 12 713 121120 121014 12
0425101720 915 12 808 12 500 12 769 12 806 12 972 121115 12 981 12 980 12 605 12
0425101730 652 12 824 12 805 12 874 12 876 12 469 12 801 12 841 12 804 12 582 12
0425101740 533 12 983 12 660 121209 121027 12 800 121294 121190 12 658 121164 12
0425101750 862 12 896 12 491 12 665 121105 12 760 12 757 121057 12 977 12 959 12
0425101760 951 121355 12 949 12 653 12 926 12 740 121007 121043 12 836 121147 12
04251017701025 121132 12 793 12 883 12 872 12 852 121005 12 556 12 769 12 894 12
0425101780 656 13 584 13 493 13 876 13 890 13 694 13 662 13 898 13 830 13 743 13
0425101790 789 131104 131077 131018 13 982 13 891 13 997 13 892 13 733 131310 13
0425101800 803 13 799 131570 13 805 13 816 131088 13 809 131130 131333 13 973 13
04251018101258 141410 14 923 14 854 14 912 14 893 141188 14 852 14 810 14 861 14
0425101820 870 14 900 14 664 14 768 14 830 141085 14 948 141008 141241 14 814 14
0425101830 895 141286 141523 141347 14 909 141051 14 633 141232 141233 141206 14
04251018401145 14 998 14 738 141219 141039 14 702 14 914 14 898 141304 141301 14
04251018501113 14 947 141163 141498 141164 14 834 14 920 14 275 141530 14 938 14
04251018601479 141079 141713 141213 141614 141076 141307 141126 141691 141299 14
04251018701579 141439 141048 14 874 141823 141190 141427 141040 14 992 14 427 14
0425101880 677 14 723 141479 14 824 14 954 14 747 14 844 141141 141234 141084 14
04251018901228 141487 141524 14 901 141284 141314 141053 141201 141372 14 935 14
0425101900 882 14 989 14 880 141120 14 835 141066 141586 141247 141155 141434 14
04251019101185 141817 141574 141522 141606 141333 141129 14 946 141183 141230 14
04251019201737 141374 141479 14 988 14 932 141319 141215 141010 141012 14 608 14
04251019301284 141466 141587 141050 14 478 141186 14 866 141530 141476 141087 14
0425101940 963 141152 141026 14 919 141027 14 889 14 860 141116 14 918 141012 14
0425101950 375 14 754 14 858 14 711 14 668 14 612 14 556 14 854 14 738 14 519 14
0425101960 950 14 748 14 684 14 632 14 723 149990  09990  09990  09990  09990  0
042510 999  .463  .315  .2601.004461003.45401106.7713                           
760008 1 SUSANVILLE, CALIFORNIA   760008                                  15 171
760008 2 CALIFORNIA   PONDEROSA PINE     6000  4029 12033          1485 1965    
760008 3 H. C. FRITTS                                                           
76000814809990  09990  09990  09990  09990  0 730  11410  11420  1 620  1 810  1
7600081490 630  1 920  1 690  1 840  1 820  1 710  1 700  1 470  1 900  1 370  1
7600081500 480  1 920  11140  11040  1 720  1 550  1 860  1 630  1 680  11320  1
76000815101120  1 920  11220  11450  11340  11040  1 600  11140  1 650  1 770  1
76000815201200  11330  11180  11370  11490  11870  11250  11380  11430  1 800  1
76000815301370  11320  1 410  1 730  11040  11560  11960  11780  12110  11730  1
76000815401180  1 870  11330  11350  11380  11360  11370  11410  1 820  11270  1
76000815501020  11110  11040  11030  1   0  1 540  1 800  11050  11280  11430  1
7600081560 890  11180  11140  11460  11100  11450  11320  1 960  11120  11000  1
7600081570 950  1 910  1 530  11180  11410  11450  11120  1 980  1 860  1 990  1
7600081580 390  1 570  1 950  1 950  11270  11300  11270  11140  11230  11080  1
7600081590 770  1 790  1 520  1 780  1 740  11380  11200  11120  11020  11180  1
76000816001060  11310  11230  1 870  1 980  11180  11480  1 760  11200  11130  1
76000816101600  11520  11380  1 820  11010  11210  11060  11240  11410  1 920  1
76000816201120  1 960  1 700  1 630  2 690  2 810  2 800  2 830  2 700  2 320  3
7600081630 550  3 620  4 740  4 990  4 970  41060  5 980  5 930  5 930  5 460  5
7600081640 960  51120  5 940  5 990  5 860  5 830  5 810  51030  51030  51250  5
76000816501380  51290  51110  5 990  5 690  5 360  5 950  5 790  5 810  5 930  5
76000816601290  51660  51630  51910  51540  51460  51710  5 550  51470  51500  5
76000816701250  51560  51460  5 820  52030  51650  51360  51210  51240  51470  5
76000816801150  51350  51390  51266  61470  61395  6 819  71185  71025  71463  7
76000816901393  7 780  7 903  7 871  7 916  7 519  7 975  71142  7 948  71167  7
76000817001156  7 791  71207  7 374  7 843  71091  7 576  71224  71181  71193  7
76000817101011  71093  71081  71358  7 735  71549  71529  71338  71136  7 735  7
76000817201355  7 698  8 861  81410  81071  81233  81101  81467  8 992  8 462  8
7600081730 862  8 879  8 948  8 425  81000  8 928  9 991  9 912  91469  9 780 10
7600081740 843 10 991 101171 101178 101335 101435 101288 111300 11 611 111247 11
7600081750 828 111130 111240 11 901 111026 111014 11 671 11 643 11 885 11 928 11
7600081760 998 111239 11 748 11 818 11 855 11 639 11 999 111002 111189 121344 12
7600081770 810 12 940 121143 121058 121043 121231 12 293 12 136 12 440 12 622 12
7600081780 719 12 925 12 580 12 317 13 885 13 962 131029 13 817 13 704 131218 13
76000817901161 141277 151472 151199 16 740 16 375 16 557 16 807 161120 161510 17
7600081800 784 171646 171310 171028 171467 17 783 171058 171169 171387 171097 17
76000818101655 171886 171405 181490 181074 191170 191295 191218 191440 191416 19
76000818201438 201143 21 527 22 760 22 531 231096 231252 231103 231207 23 338 23
7600081830 990 23 733 231367 231391 231185 231084 231325 23 662 231239 23 760 23
76000818401019 23 469 23 902 23 761 23 501 231173 23 766 23 854 23 964 231037 23
7600081850 983 231029 231322 231507 231142 231240 23 560 23 990 24 692 24 651 24
76000818601125 241512 241143 24 966 24 404 24 917 241189 241109 241413 241056 24
76000818701137 24 487 241086 24 945 24 809 241170 241112 241044 241290 24 802 24
7600081880 789 241282 241084 24 764 241072 241192 24 854 24 962 24 615 24 392 24
7600081890 611 24 817 24 703 24 763 24 990 24 977 241110 241106 24 693 24 682 24
76000819001314 241135 24 927 24 802 24 958 241060 241054 241741 241629 241419 24
76000819101253 241289 24 500 24 896 241077 241058 24 972 24 886 24 886 241320 24
7600081920 841 241304 24 676 241178 24 137 22 622 22 800 22 529 22 781 22 352 22
7600081930 748 22 601 22 632 17 527 17 449 17 646 17 656 17 502 171056 17 903 17
76000819401149 171474 171841 172124 171944 171535 171673 171097 17 817 17 700 17
7600081950 693 17 816 17 946 171209 171145 17 547 171106 171439 171433 171318 17
76000819601132 17 891 171270 172014 179990  09990  09990  09990  09990  09990  0
760008 479  .482  .341  .2911.03832 497.3575 572.0648                           
048579 1 LOG CABIN MINE, TIOGA PASS, CALIFORNIA   048579                  38 311
048579 2 CALIFORNIA   JEFFREY PINE       8500  3757 11909 225 27 3 1304 1964    
048579 3 C. W. FERGUSON                                                 07161965
04857913009990  09990  09990  09990  0 750  1 982  1 963  1 981  11087  1 742  1
04857913101063  1 955  1 685  11031  11151  11194  11025  1 882  1 896  1 887  1
0485791320 873  1 969  1 782  1 915  1 535  1 508  1 764  21067  2 986  21029  2
04857913301208  21361  21392  21512  21251  2 481  2 974  2 951  21608  21353  2
04857913401569  21306  21385  21179  21268  21044  21300  21210  21176  21233  2
04857913501037  2 774  2 185  2 620  2 815  2 826  2 985  2 876  2 841  21095  2
0485791360 961  2 928  2 942  2 779  2 956  2 467  2 718  2 959  3 944  31083  3
04857913701004  3 872  3 932  31285  31195  31155  3 993  3 595  3 768  3 659  3
0485791380 672  3 853  3 765  31020  31287  31141  31307  31249  41012  41344  4
0485791390 424  4 866  41037  4 868  41180  41177  41055  41060  41194  41173  4
0485791400 927  4 879  4 790  4 777  41400  41127  41076  4 940  4 695  4 934  4
0485791410 974  41006  41042  4 795  4 944  41146  4 867  41275  41169  41047  4
04857914201149  41014  41089  51403  51197  7 986  7 853  7 924  7 786  7 827  8
0485791430 935  8 795  8 873  8 787  8 913  8 991  8 908  81056  8 930  81118  8
04857914401070  8 905  8 942  8 697  8 851  8 868  8 950  81169  8 989  8 978  8
04857914501185  81075  8 807  8 981  8 869  8 793  8 653  8 884  81036  8 745  8
0485791460 911  9 849  91301  91391  91090  91164  9 955  91110  9 555  9 837  9
04857914701067  91084  91193  91231 101002 101137 101033 10 880 101199 10 766 10
0485791480 950 101195 101193 101117 101213 101156 101225 101103 101022 101135 10
0485791490 911 101217 101151 10 943 10 939 10 875 10 960 10 376 10 538 10 338 10
0485791500 366 10 612 10 879 101048 101103 10 973 10 907 10 985 10 889 101331 10
04857915101357 10 828 101000 101221 10 930 10 754 10 766 10 868 10 329 10 728 10
04857915201009 10 885 101041 10 920 101122 101457 101124 101169 111178 11 435 11
0485791530 841 11 974 11 452 11 730 111163 111231 111328 111105 111043 111433 11
0485791540 851 11 618 11 781 11 823 11 894 11 783 11 840 111037 11 336 11 843 11
04857915501106 131225 141402 141475 14 970 14 818 141075 14 892 141225 141234 14
04857915601189 14 800 141103 141246 141334 141364 141338 141209 141638 141397 14
04857915701213 14 703 141191 141331 141171 141250 14 699 14 826 14 983 14 680 14
0485791580  60 14 525 14 716 14 893 141101 141073 14 975 141122 141216 141387 14
04857915901145 141071 14 768 14 804 14 932 14 774 141072 141017 141047 141065 14
04857916001026 151012 151071 15 985 151009 151115 151386 151100 151110 141101 14
04857916101385 141501 141262 141111 141356 141577 141397 141774 141833 141357 14
04857916201218 14 972 14 890 141062 141024 141339 141043 141150 141059 15 697 15
0485791630 765 15 809 15 600 15 979 151081 151111 151467 15 948 161072 161021 16
04857916401138 161404 161388 161334 161312 161277 15 867 15 804 15 856 15 808 15
04857916501204 151094 151198 15 955 15 950 15 492 15 922 151073 151038 151164 15
04857916601244 151377 151282 151100 151131 15 955 151043 15 814 15 809 15 752 15
0485791670 697 15 835 151007 15 948 151098 151003 15 820 15 852 15 696 15 830 15
0485791680 893 15 919 151058 15 930 151037 151062 15 888 151105 161274 16 992 16
0485791690 997 16 533 171039 171030 17 796 17 964 171183 161412 161295 161366 16
04857917001422 181069 171025 17 801 17 928 171132 17 780 17 886 17 985 171032 17
04857917101070 171086 171058 181064 18 998 181072 181216 181135 18 809 18 892 19
04857917201010 191002 19 801 19 953 191041 201104 201272 201149 201065 20 294 20
0485791730 717 21 904 211064 221001 221038 22 819 22 890 22 872 221105 22 827 23
0485791740 971 231059 231094 231088 231238 231348 231437 231345 231118 231111 23
04857917501126 231222 231187 231235 231217 231362 231059 23 931 231101 23 958 23
04857917601165 231151 231072 231082 231096 23 488 23 917 231146 231351 23 967 23
04857917701068 241186 241112 24 958 241173 241232 24 822 24 682 24 753 24 856 24
0485791780 959 24 869 24 580 24 531 24 817 24 950 24 900 24 979 24 986 241131 24
04857917901048 24 954 24 985 24 939 24 972 24 186 24 419 24 599 24 889 241126 24
04857918001239 251234 251192 251166 251223 251048 251205 251084 25 837 25 949 25
04857918101043 251069 251060 25 938 251032 25 867 25 967 251010 251139 251151 25
04857918201202 251006 25 597 25 713 25 852 251127 251368 251095 251199 25 615 25
0485791830 828 25 911 251135 251249 251001 25 846 25 762 251104 251303 251161 25
04857918401107 25 547 25 692 25 593 25 413 25 738 25 729 25 598 25 800 25 838 25
0485791850 927 25 535 25 921 251040 25 928 251108 25 470 25 827 25 784 25 515 25
0485791860 786 251008 25 790 25 885 25 842 25 794 251054 251024 251182 251153 25
0485791870 978 25 787 25 953 251129 251028 251248 251054 25 869 251054 251350 25
0485791880 868 251051 251000 25 807 25 935 251172 25 990 25 847 25 850 25 837 25
0485791890 655 251039 251043 251094 251113 251186 251046 251170 251084 25 843 25
04857919001081 251336 251125 25 875 251164 251255 251012 251438 251788 251588 25
04857919101257 251078 251079 251233 251587 251107 251127 25 844 251099 251159 25
0485791920 925 251017 25 910 25 914 25 429 25 790 251083 25 906 251066 25 739 25
0485791930 831 25 389 25 748 25 641 25 707 25 715 25 850 25 745 25 919 251017 25
04857919401057 25 944 251046 251313 251138 251053 251253 251219 25 829 25 747 25
0485791950 879 251123 251097 251039 251086 25 864 25 957 251018 251144 25 837 25
0485791960 762 25 578 25 787 251056 25 838 259990  09990  09990  09990  09990  0
048579 661  .543  .237  .1941.00037 661.2465 698.4718                           
995517 1 WHITE MOUNTAINS, CALIFORNIA   995517                             39 491
995517 2 CALIFORNIA   BRISTLECONE PINE  10200  3725 11810 202 37 1 0800 1963    
995517 3 E. SCHULMAN AND H. C. FRITTS                                           
995517 8001173  8 747  8 832  81137  8 644  91067  91117  9 972  9 799  9   0  9
995517 810 571  91061  9 774  9 946  9 309  91031  91205  9 147  9 306  9 933  9
995517 8201218  91378  91440  9 484  91336  9 340  91181  9 481  91314  9 560  9
995517 8301070  91323  91271  91444  91285  91118  9 942  9 966  91097  9 568  9
995517 840 479  9 313  91318  91341  91124  9 697  91027  9 451  9 857  91155  9
995517 850 682  91019  91152  91107  91118  9 906  91103  91188  91416  91362  9
995517 8601011  91212  91070  91359  91071  9 416  9 635  9   0  9 334  91009  9
995517 8701179  9 880  91009  91080  91001  91010  91191  9 811  9 469  91017  9
995517 880 935  91060  91343  9 594  9 706  91277  9 852  9 649  91195  9 857  9
995517 8901285  91507  91736  91329  91307  91092  91674  91490  91187  91038  9
995517 900 821  91137  91020  9 722  9 381  91020  9 612  9 369  91073  91026  9
995517 9101082  91042  91108  9 784  91156  91438  91223  91730  91176  9 541  9
995517 920 534  91068  9 972  9 560  9  64  91038  91244  91053  91140  91039  9
995517 930 678  9 893  9 462  91197  91244  91059  91320  91430  9 633  91270  9
995517 9401307  91510  9 953  91122  9 489  9 880  91030  91026  91159  91228  9
995517 9501151  9 989  9 875  9 936  91141  9 677  9 991  9  37  9 894  91068  9
995517 9601084  9 114  91206  91093  91286  91395  91585  9 167  91256  9 395  9
995517 9701341  9 938  9 797  91146  91022  9 784  91248  91482  91158  9 307  9
995517 980 438  9 271  91350  9 810  9 249  9 985  9 787  91029  9 953  91320  9
995517 990 960  91218  91196  91387  9 590  9  11  9 906  9 854  9 838  91082  9
99551710001105 12 512 12 968 121057 121218 12 373 12 796 121451 121083 131127 13
9955171010 812 131065 131071 13 889 13 417 131100 131204 131312 131345 13 796 13
99551710201309 131003 13 790 131362 131307 13 903 13 626 13 623 131043 131041 13
99551710301097 131250 13 956 13 585 131128 13 671 131107 131060 131129 131238 13
99551710401263 131382 131534 13 677 13 733 131197 131191 131383 13 184 13 948 13
99551710501364 131143 131243 13 468 131005 13 480 13 910 13 927 13 936 13 699 13
9955171060 792 131495 131045 131357 131214 131564 13 905 13 388 13 721 13 913 13
9955171070 397 13 707 13 930 13 689 13 889 13 933 131037 13 802 13 835 131183 13
99551710801043 131273 131301 13 997 131124 131193 131333 131602 131310 13 747 13
99551710901269 131002 131283 13 368 131402 131238 131438 131447 13 463 131333 13
99551711001406 13 985 131141 13 181 131406 131574 131608 131248 131277 131373 13
99551711101211 131372 131592 131202 131322 131254 131250 131211 131248 131173 13
9955171120 856 13 748 131191 13 850 131017 131539 13 794 13 307 131222 131185 13
99551711301048 131201 13 650 13  33 13 667 13 852 131114 131196 131225 13 880 13
9955171140 842 13 904 13 519 131108 131263 131071 13 711 13 517 13 371 13 830 13
9955171150 412 13 110 131226 13 775 13 979 131053 131352 13 827 131038 131056 13
99551711601074 13 637 13 536 131163 13 846 131414 131244 131104 13 561 131348 13
9955171170 702 13 963 13 672 131125 131294 13 693 13 905 13 700 13 910 131076 13
9955171180 601 131025 131190 131299 131054 131213 13 651 13 887 13 915 13 733 13
99551711901155 13 775 13 992 131207 13 823 131357 13 421 131098 13 920 13 731 13
99551712001123 131035 131284 131250 131362 131243 13 549 13 963 13 385 131116 13
99551712101268 131368 131264 131399 131477 13 690 131303 13 271 13  78 131288 13
99551712201345 13 754 131076 131195 13 845 13 764 131044 13   5 131065 131251 13
99551712301079 131323 131163 13 972 13 633 131102 13 308 13 967 131109 13 873 13
9955171240 945 131258 131105 131033 13 988 131157 13 596 131072 131291 131446 13
99551712501142 131009 13 716 131057 13 180 13 618 13 580 131239 13 174 131246 13
99551712601290 131143 131197 131134 13 216 131154 131477 131403 131251 13 507 13
99551712701018 131116 131222 13  77 131078 131452 13 576 13 643 13 854 131345 13
99551712801064 13 963 13 795 131140 13 941 13 146 13 782 131093 13 411 13 767 13
9955171290 873 131122 13 800 13 923 13 983 13 649 13 546 13 788 13 546 13 427 13
9955171300 741 13 910 131071 13 904 13 670 13 907 13 935 13 156 13 920 13 522 13
9955171310 989 131058 13 884 131386 131622 13 870 131083 131115 131024 13 875 13
9955171320 952 131141 13 989 13 443 13 931 131267 131238 131282 13 750 13 813 13
99551713301555 131475 131437 131357 131154 131041 13 700 131398 13 435 13 855 13
99551713401172 131386 131391 131331 131111 131496 131658 131412 131439 131416 13
99551713501136 13 528 131551 131364 131035 131189 131571 131478 131154 131292 13
99551713601059 13 577 13 339 13 815 13 856 13 662 131101 131403 131482 131010 13
99551713701367 13 865 131248 131292 131410 131111 131166 13 281 131183 13 322 13
99551713801110 131130 13 964 131349 131192 131508 131489 13 938 131294 131114 13
9955171390 281 131289 131464 131386 131508 131203 131033 131020 131006 13 991 13
9955171400 967 13 794 131264 131109 131097 131249 131386 13 853 131217 131062 13
9955171410 774 131145 131263 131116 13 884 131016 131245 131481 131353 131466 13
99551714201673 131388 131482 131752 131709 131269 13 558 131077 131468 131112 13
99551714301297 13 732 13 976 13 980 13 454 131308 131320 13 975 13 671 131060 13
99551714401060 131074 13 335 131296 131115 13 954 13 729 131161 13 685 131082 13
9955171450 195 131161 13 917 131088 131128 13 927 13 575 13 440 131056 131059 13
9955171460 945 131055 131077 131493 131356 131115 131222 131553 13 668 131505 13
99551714701690 131307 131313 13 846 13 791 13 464 13 966 131462 131228 13 886 13
99551714801157 131429 13 674 131055 131691 131434 131437 131913 131400 131885 13
99551714901516 131428 13 262 131207 131657 131030 13 599 13  46 13 637 131056 13
9955171500 154 131118 131426 131161 13 812 13 660 13 754 131068 13 843 131323 13
99551715101473 131515 131173 131016 131558 13 407 131659 131576 131353 131497 13
99551715201707 13 848 13 618 13 219 131210 131062 131388 131299 13 711 13 894 13
99551715301245 13 992 13 988 13 549 13 988 131382 131257 131285 13 901 131680 13
99551715401442 13 540 13 144 131159 13 604 13 491 13 814 13 435 13 585 131153 13
99551715501208 131042 131057 131477 131433 131349 131611 131339 13 813 131175 13
99551715601201 131318 131248 131038 131220 131273 13 713 131467 131310 131017 13
99551715701459 13 254 131212 131000 131145 13 845 13 513 13 962 13 680 13 447 13
9955171580 239 131045 13 975 131106 13 826 13 648 13 928 131229 13 988 131165 13
9955171590 110 131172 13 335 13 869 131388 131057 131022 131003 131256 131279 13
9955171600 374 131231 131163 131292 131394 131390 131142 131201 131569 131543 13
99551716101607 131307 13 865 131319 131326 131589 131655 131849 131406 131372 13
99551716201367 131531 131053 131217 13 522 131732 13 517 131135 131268 131145 13
9955171630 910 13 575 13 272 131144 131346 131376 131186 13 789 13 560 131303 13
99551716401339 13 938 13 904 131476 131356 131207 131100 13 667 131335 131733 13
99551716501104 131396 13 575 13 965 13 627 13 144 13 760 13 989 13 674 13 556 13
99551716601059 131400 131084 131136 131108 13 564 131209 131265 13  65 13 758 13
9955171670  73 131062 13 795 13 925 131109 13 353 13 834 13 847 131006 131131 13
99551716801405 13 809 131559 131363 13 864 13 916 13 202 131115 13 888 13 759 13
9955171690 251 13 955 13 989 131059 131094 131125 131037 13 933 13 809 13 926 13
99551717001321 13 976 131088 13 457 13 679 131079 131206 13 482 13 380 13 927 13
9955171710 972 13 959 131060 13 923 13 957 13 998 13 675 13 759 131134 131257 13
99551717201369 131653 13 692 131028 131279 131243 131476 131570 131475 13 518 13
99551717301124 131047 131171 13 500 13 865 13 161 131291 13 707 13 650 13 541 13
9955171740 895 131347 131084 131265 131260 131094 131385 131571 131172 131429 13
99551717501295 121274 12 468 12 359 12 759 121115 12 760 12 786 121321 12 646 12
99551717601512 121258 121323 12 472 12 951 12 998 121075 121382 121020 121403 12
99551717701396 121447 12 958 121372 121085 121272 121356 12 289 121187 121283 12
9955171780 742 12 601 12  27 12 581 12 737 121070 12 924 12 964 121013 12 602 12
9955171790 710 121031 121144 121041 12 858 12 585 121211 121382 121076 121369 12
99551718001260 121002 121303 121521 121659 121260 12 974 12 631 121142 121405 12
99551718101258 121178 12 888 12 269 121035 12 846 12 888 121176 121332 121069 12
9955171820 605 121184 12 628 12 837 12 393 121034 12 993 121206 121260 12 423 12
9955171830 981 121025 12 985 121176 12 781 12 643 12 318 12 843 121022 121236 12
99551718401182 121145 12 395 12 877 12 678 12 270 121015 12 749 121025 121072 12
9955171850 781 12 804 121119 121330 121277 121157 12 320 12 253 12 729 12 762 12
99551718601089 44 881 441147 44 662 441374 44 612 441090 441061 441591 441503 44
99551718701315 441344 441519 44 954 441019 44 963 44 875 44 883 441027 44 819 44
9955171880 653 44 512 441073 441011 44 967 441241 441170 441214 441156 441143 44
9955171890 825 441262 441278 44 964 44 779 441074 44 563 441004 441299 44 311 44
99551719001151 441439 441113 441205 44 490 441422 441276 441394 441520 441476 44
9955171910 844 441432 441205 441275 441478 441450 441054 441351 441434 441734 44
99551719201415 441640 441506 44 601 44 943 441199 441481 44 939 441136 44 296 44
99551719301324 431402 431239 43 929 43 442 43 721 43 532 431099 431195 431135 43
9955171940 974 42 916 421084 42 908 42 904 42 843 421114 421136 42 729 421020 42
9955171950 323 421189 42 897 421144 42 675 42 786 321016 321193 321075 32 988 32
9955171960 234 321193 321422 321584 329990  09990  09990  09990  09990  09990  0
9955171164  .239  .351  .3991.015521182.06701343.4882                           
323598 1 SAN GORGONIO                                        PIFL               
323598 2 CALIFORNIA   LIMBER PINE       3048M  3407-11649    _A    0010 1970    
323598                                                                          
323598  10 861  4 928  4 782  41003  41111  4 824  4 825  4 842  4 750  4 744  4
323598  20 557  4 702  4 598  4 674  4 841  41091  41225  51325  51291  51139  5
323598  301447  51233  51087  51078  51278  51034  51078  5 970  51139  5 965  5
323598  401145  5 990  5 674  5 698  5 589  5 885  5 699  5 778  5 612  51175  5
323598  501114  51001  5 853  5 885  51486  5 968  5 904  5 986  5 957  6 926  6
323598  60 787  6 934  6 870  6 930  6 704  6 592  6 788  6 881  61089  7 789  7
323598  701024  7 986  71145  71259  71081  71026  71450  71644  71567  71488  7
323598  801468  71441  71530  71302  71096  7 721  7 891  7 714  7 968  71070  7
323598  90 913  9 905  9 961  9 921  9 933  9 801  91307  91305  91366  91532  9
323598 100 980  91171  91213  91047  91122  9 880  91053  91067  8 724  8 362  8
323598 110 953  8 859  8 968  81183  8 958  81023  8 951  8 935  8 930  8 835  8
323598 120 563  81007  8 706  8 440  7 936  71099  71115  71070  7 933  7 885  7
323598 130 989  7 752  71071  7 798  7 972  7 891  71143  7 830  7 795  7 831  7
323598 140 882  7 927  7 865  7 325  7 930  7 861  7 906  7 663  7 890  71021  7
323598 150 737  71239  71094  71039  71028  71517  71740  71449  7 983  7 728  7
323598 1601329  71119  71156  71345  71045  7 694  71220  71263  7 932  81143  8
323598 1701241  81243  81058  8 793  8 369  8 780  8 278  8 937  8 795  8 798  8
323598 180 830  9 983  9 805  91035  91070  91058  91121  91167  91057  91055  9
323598 190 941  91178  91174  91085  91133  91144  91207  91638  91054  91207  9
323598 200 889  91050  91078 101265 101299 101242 101327 101047 101050 101201 10
323598 210 943 101242 101132 101011 10 879 10 668 101099 101097 10 983 101040 10
323598 220 908 10 899 10 782 10 815 101087 101001 10 925 101007 101107 10 677 11
323598 230 739 11 440 111179 11 839 111140 11 287 11 810 111158 11 842 111052 11
323598 2401122 11 861 11 893 11 743 11 945 11 574 111107 111082 11 937 111194 11
323598 2501111 111004 111219 11 946 111327 11 991 11 802 11 973 11 849 11 964 11
323598 2601161 11 821 11 456 111005 111118 111076 11 939 111087 111265 111019 11
323598 2701168 111038 111112 111185 11 799 111188 111359 111018 111064 11 287 11
323598 2801274 111001 11 857 111110 11 929 11 916 111072 111073 111184 111122 11
323598 290 981 11 649 11 894 11 636 11 129 111187 11 980 11 885 11 927 11 844 11
323598 300 868 11 872 11 468 11 809 111152 111148 10 728 10 547 10 912 10 815 10
323598 310 835 101077 10 685 10 872 10 969 10 699 10 707 101021 10 859 10 777 10
323598 320 970 10 526 101081 10 732 10 756 101083 101007 101090 10 911 101080 10
323598 3301274 101091 101174 101013 101047 101436 101134 101178 101097 101098 10
323598 340 553 101244 101145 101458 101114  91204  91062  91165  91081  91285  9
323598 3501392  91251  91123  91159  9 969  91319  91082  9 778  91179  91098  9
323598 360 875  9 400  91044  9 827  9 710  9 826  8 762  8 715  8 675  8 463  8
323598 370 825  8 970  81132  8 925  8 890  8 825  8 711  8 846  8 960  81107  8
323598 3801176  81160  8 981  8 937  8 885  8 724  8 895  8 974  81049  81067  8
323598 390 900  81023  81003  8 936  8 934  81024  8 772  8 991  8 730  81129  8
323598 400 868  8 915  8 401  8 744  8 579  8 796  8 947  8 855  8 841  8 798  7
323598 410 630  7 812  7 211  7 981  7 813  7 559  7 639  71101  7 741  7 690  7
323598 420 973  7 793  71121  71163  71074  7 954  7 580  7 934  7 766  71030  7
323598 4301047  7 843  71282  71289  7 855  7 883  7 979  7 491  71123  7 969  7
323598 440 889  7 817  7 377  7 921  7 980  7 982  6 833  6 382  6 916  6 510  6
323598 450 945  6 384  6 809  61002  6 968  6 604  6 890  6 837  6 801  6 848  6
323598 460 934  61068  61015  6 551  6 898  61115  71079  7 844  71001  71056  7
323598 4701100  7 703  7 677  7 989  7 544  7 915  71206  81173  81048  81387  8
323598 4801208  8 851  8 900  8 911  81217  81189  8 817  81022  81007  81479  8
323598 4901167  81085  81298  81032  81409  81637  81516  81325  81388  81471  8
323598 5001616  81159  81295  81439  81817  81220  8 724  8 762  71007  71315  7
323598 5101031  7 835  7 285  7 285  7 907  7 876  7 608  7 669  7 515  7 798  7
323598 520 593  71144  71200  71039  7 952  7 501  7 628  7 288  7 943  71078  7
323598 5301078  7 851  71188  7 828  7 863  7 763  7 670  71113  7 844  7 995  7
323598 5401068  71060  7 883  7 585  7 508  7 529  7 874  71041  71074  71039  7
323598 550 892  7 994  7 986  7 820  7 769  71066  7 925  7 952  7 952  7 670  7
323598 5601190  71067  7 893  7 264  71066  7 635  71093  7 943  7 953  7 786  7
323598 570 677  71152  71128  71274  71052  71035  71163  71190  71185  71332  7
323598 5801422  71420  71294  71333  71192  71601  71290  71318  7 917  71029  7
323598 590 576  7 595  71043  71227  7 874  71201  7 860  71130  71150  7 906  7
323598 6001409  71120  7 955  7 806  7 956  71161  6 953  6 739  61073  6 965  6
323598 610 853  6 332  6 869  6 595  6 914  6 609  6 767  6 691  6 882  6 952  6
323598 620 717  6 946  6 939  6 939  6 916  6 952  61195  6 787  6 923  6 850  6
323598 630 679  6 915  61061  61192  61202  61151  61536  6 960  6 941  6 950  6
323598 640 547  61042  61001  6 781  6 338  6 651  6 762  6 638  6 750  6 856  6
323598 650 756  6 309  6 995  6 847  6 761  61047  61008  61092  61107  61092  6
323598 660 689  6 896  61207  61215  61129  61104  61334  61277  6 939  6 964  6
323598 670 909  71112  71115  71055  71048  7 893  7 865  7 777  7 897  7 924  7
323598 6801070  7 820  71096  71002  7 944  7 836  7 922  7 890  7 775  7 914  7
323598 690 772  71043  7 871  71050  7 715  71135  7 863  71051  7 920  7 221  7
323598 7001156  71110  7 832  6 900  6 601  6 998  6 465  6 765  6 878  6 391  6
323598 710 809  6 679  6 699  6 883  6 840  6 984  61134  6 804  6 926  6 798  6
323598 720 660  6 879  6 806  6 986  6 745  6 801  6 922  6 884  6 906  6 894  5
323598 730 849  5 905  5 765  5 694  5 611  5 620  5 763  51115  5 546  5 565  5
323598 740 490  5 499  5 604  5 487  5 410  5 794  5 675  5 630  5 568  5 724  5
323598 750 698  5 572  5 668  5 913  5 916  5 921  5 733  5 915  51148  5 791  5
323598 760 741  5 829  5 881  5 828  5 861  5 997  5 814  51021  5 761  5 690  5
323598 770 698  5 972  5 671  5 868  5 795  51037  5 720  5 855  5 437  5 391  5
323598 780 787  5 846  5 383  51235  51129  5 822  5 976  5 985  5 768  5 851  5
323598 790 836  5 854  5 502  5 676  5 827  5 955  5 780  5 772  51134  5 629  5
323598 800 838  5 914  51191  51542  5 988  51087  51344  61014  6 941  6 181  6
323598 8101069  61135  61198  6 993  61181  61282  61345  6 897  61076  6 974  6
323598 8201603  51767  51857  51112  5 959  51550  51616  51462  51570  51561  5
323598 8301140  51567  51727  51335  51166  51269  51239  51043  51169  5 550  5
323598 840 938  5 657  51196  51603  51041  51033  51218  51032  51087  5 983  5
323598 8501051  51248  51358  51289  51507  51338  51401  51342  51443  51261  5
323598 8601320  51398  51614  61466  61601  61344  61376  6 698  6 819  61285  6
323598 8701104  61093  61207  61220  61348  61390  61363  61072  61147  61114  6
323598 8801153  61379  61398  61289  6 868  61613  61265  61398  61454  61413  6
323598 8901616  62230  62048  61887  61972  61383  61415  61631  61621  61562  6
323598 900 988  61661  61106  61335  61379  61474  61200  61273  61293  61253  6
323598 9101090  61328  61315  6 883  61080  61301  61226  61318  61000  71124  7
323598 920 611  71038  7 572  7 579  7 291  71130  7 922  71066  7 979  71094  7
323598 930 931  71186  7 887  7 969  71021  7 866  7 250  71340  71068  7 983  7
323598 9401053  71440  81436  8 937  8 993  81291  81231  81308  8 907  81106  8
323598 9501334  8 817  8 888  81159  8 698  81124  8 898  8 556  8 965  8 915  8
323598 960 966  8 755  81145  81105  8 946  81085  81091  8 868  8 793  8 868  8
323598 970 989  8 879  8 894  81182  8 921  8 893  8 982  81062  8 708  8 445  8
323598 980 402  8 314  8 827  8 772  8 761  8 673  8 696  8 927  81033  8 838  7
323598 990 762  7 892  71097  7 953  7 766  7 346  71045  7 751  7 975  8 761  8
32359810001048  8 829  8 848  8 728  8 914  8 643  8 748  8 796  8 993  8 948  8
3235981010 907  81158  8 919  81079  8 949  81215  8 942  81044  81124  8 977  8
3235981020 837  81098  8 890  81249  81061  8 885  8 841  81016  8 968  8 769  8
32359810301123  81096  8 990  8 704  8 930  8 982  8 937  81029  81062  8 915  8
32359810401018  81111  81004  81113  81235  81254  81203  81012  9 919  91087  9
32359810501228  91210  91350  91114  91023  9 958  91312  91432  9 987  91068  9
3235981060 999  91198  9 663  91002  91091  91130  9 897  9 975  91016  9 998  9
32359810701115  91194  9 971  9 963  9 845  91202  91123  91324  91072  91035  9
32359810801179  91231  9 892  9 895  91000  91197  9 895  91013  91088  91087  9
3235981090 966  9 743  9 879  9 702  9 776  9 829  9 754  91034  9 655 10 667 10
32359811001042 10 845 10 918 10 794 101051 10 931 10 796 101071 10 895 101081 10
3235981110 967 10 912 10 886 10 608 10 719 10 722 10 913 10 933 101035 10 894 10
3235981120 726 10 415 101026 11 869 11 792 11 835 11 458 11 520 11 745 111023 11
3235981130 659 11 814 11 633 11 596 11 449 11 710 11 883 11 793 11 734 11 822 11
32359811401001 11 905 12 685 12 708 12 826 12 875 12 604 12 805 12 679 12 760 12
3235981150 675 12 661 12 726 12 819 13 683 13 817 13 549 13 895 13 653 131005 13
3235981160 780 13 951 13 834 131106 13 948 131117 131055 13 967 13 829 13 916 14
3235981170 528 14 796 14 783 14 824 14 708 14 692 14 719 14 762 14 694 14 431 14
3235981180 807 14 765 14 647 14 761 141004 14 800 14 770 14 812 14 826 14 918 14
3235981190 823 14 904 14 864 14 934 141039 141169 14 861 14 986 141048 14 915 14
3235981200 839 14 943 141041 141011 141352 151224 15 932 151085 151002 151151 15
32359812101092 151035 151087 15 948 15 774 16 723 16 880 16 736 16 632 16 885 16
32359812201058 16 811 16 935 16 893 16 916 16 921 16 663 16 473 16 905 161029 16
3235981230 723 17 853 171198 17 796 18 872 18 751 18 593 18 743 181021 181158 18
3235981240 901 18 959 18 913 181025 18 790 18 905 18 825 18 813 181010 181084 18
3235981250 908 18 552 18 998 18 913 18 666 18 715 18 874 18 873 18 806 18 996 18
32359812601146 181112 181055 18 804 18 745 181007 18 869 18 871 18 933 181025 18
32359812701016 181138 18 985 181016 18 901 181211 19 599 19 871 191156 19 972 19
3235981280 864 19 961 191144 191027 19 706 19 433 19 692 19 446 19 587 19 792 19
3235981290 709 19 816 19 707 19 751 19 840 19 754 20 337 20 736 20 810 20 551 20
3235981300 892 20 808 20 841 20 925 20 977 201060 20 908 20 854 20 855 20 937 20
3235981310 914 20 946 201213 201196 201059 20 911 20 989 201097 20 944 201270 20
32359813201060 201136 20 965 20 861 20 948 20 968 20 938 201216 20 976 20 800 20
3235981330 956 201309 201207 201312 201281 20 885 20 848 20 926 20 392 20 613 20
3235981340 835 20 842 20 847 201064 201129 201102 201142 20 890 20 943 201044 20
3235981350 860 20 754 201025 201116 20 985 20 947 201094 20 994 20 708 201256 20
32359813601029 20 907 201046 201288 201065 201082 201287 201221 201263 201344 20
32359813701206 20 966 201250 201285 201084 201331 201325 201034 201153 20 673 20
32359813801499 201500 201324 201327 201183 201427 201188 201331 201363 201600 20
32359813901425 201175 201464 201578 201484 201258 20 952 201042 201126 201316 20
32359814001386 201205 201158 201316 201214 201049 201181 20 588 201232 201231 20
32359814101068 201143 201035 20 564 201057 201049 201178 201073 201150 20 950 20
32359814201290 20 926 20 957 201204 201187 20 886 201100 201182 201315 201359 20
3235981430 986 201131 20 956 201380 20 989 201063 201268 201041 20 925 20 932 20
3235981440 906 201357 201007 201104 20 828 201215 20 944 20 986 20 834 20 905 20
3235981450 631 20 909 20 771 201093 201062 201035 20 983 20 891 201091 201082 20
3235981460 934 201248 201317 201291 20 889 20 850 201289 201252 201130 201162 20
32359814701317 201142 201196 201056 201273 201058 201155 201352 201388 20 974 20
32359814801118 201460 201268 201146 201370 201099 201208 201148 201261 201400 20
32359814901103 20 989 20 768 20 815 201042 201109 20 893 20 538 201185 201029 20
32359815001086 201066 201041 201073 201088 201077 20 967 20 978 201243 201423 20
32359815101017 201011 201122 20 826 201180 201115 201259 201205 201014 201102 20
3235981520 787 20 732 20 917 20 922 201099 20 983 201270 201286 201126 201002 20
3235981530 992 201090 201167 201059 201104 201168 201223 201205 201086 201317 20
32359815401138 201023 20 908 201009 201014 20 897 201218 20 938 20 873 201110 20
32359815501176 201276 201108 201060 201036 201014 201276 201311 201264 20 850 20
32359815601160 20 971 201110 201163 201175 201175 201003 201271 201241 201205 20
32359815701016 20 499 20 619 20 813 20 870 20 782 20 954 20 982 20 767 20 868 20
3235981580 778 201261 201075 201051 20 666 20 540 20 923 20 956 20 846 201283 20
3235981590 691 20 840 20 904 201018 201147 201034 201046 20 829 201119 201029 20
32359816001067 20 927 20 911 20 856 201067 20 994 20 791 20 860 20 987 201134 20
32359816101045 20 978 20 877 20 495 201163 20 863 201046 201005 201119 20 802 20
3235981620 997 20 906 20 889 20 763 20 601 20 815 20 648 20 845 20 764 20 808 20
3235981630 862 20 802 20 751 20 574 20 736 20 896 20 982 20 869 20 820 20 857 20
3235981640 970 20 803 20 777 20 790 20 872 20 930 20 810 20 878 20 805 20 918 20
3235981650 763 201122 20 998 20 646 20 552 20 549 20 999 20 961 20 985 20 971 20
32359816601045 20 906 20 876 20 726 20 881 20 683 20 668 20 747 20 669 20 559 20
3235981670 759 20 999 20 820 20 883 20 940 20 652 20 611 20 876 20 787 20 943 20
32359816801194 20 843 201099 201225 201087 201005 20 952 201025 201099 201241 20
3235981690 905 201018 201230 20 967 201222 201192 20 869 20 853 20 843 20 918 20
3235981700 916 20 903 20 936 20 539 20 798 20 931 20 781 20 455 20 830 20 862 20
3235981710 741 20 850 20 877 20 719 20 655 20 732 20 302 20 822 20 895 20 873 20
32359817201064 20 887 20 757 20 868 20 985 201055 201169 20 957 20 955 20 761 20
3235981730 854 201004 201112 20 889 20 917 20 569 20 820 20 758 201010 20 664 20
3235981740 944 201088 20 653 201093 201014 201048 201207 201412 201070 201031 20
32359817501051 201178 20 766 20 558 20 956 20 910 201026 20 837 20 975 20 843 20
32359817601084 20 724 20 866 20 893 20 899 20 745 20 987 201051 20 969 201109 20
3235981770 980 201206 201091 20 908 201197 201330 201075 20 780 201014 201035 20
3235981780 857 201033 20 468 20 868 201051 20 814 20 922 201151 20 742 201098 20
3235981790 770 201115 201212 201023 20 808 20 862 20 982 20 965 20 963 201050 20
3235981800 906 20 895 201030 201017 201288 201118 201092 20 651 201102 20 916 20
3235981810 811 201092 20 897 20 821 20 955 20 947 20 870 201083 201125 20 990 20
3235981820 901 201361 20 799 20 460 20 996 201173 201004 201074 201144 20 942 20
32359818301078 201049 201406 201315 201234 201188 20 956 201058 201322 201440 20
32359818401213 201025 20 714 20 712 201013 20 842 201182 20 844 201167 201314 20
32359818501296 201061 201219 201258 201167 201202 20 984 20 219 201107 201105 20
32359818601141 20 909 201298 201045 20 920 201022 201278 201289 201549 201327 20
32359818701373 201209 201232 201090 201530 201085 201209 20 956 201010 20 747 20
3235981880 753 20 809 20 899 20 809 201052 20 735 20 959 201001 201076 201201 20
32359818901395 201279 201265 201221 20 816 201203 20 907 201110 20 929 20 833 20
3235981900 905 201151 20 829 201050 20 943 201166 201114 201312 201116 201231 20
32359819101479 201502 201193 201193 201549 201435 201475 201231 201585 201278 20
32359819201541 201352 201736 201248 201358 201248 201467 201385 201213 20 836 20
32359819301346 201320 201410 20 880 20 789 201153 201024 201336 201551 201144 20
32359819401258 201398 201234 201397 20 992 20 964 201175 201100 20 895 201028 20
3235981950 808 20 779 20 970 20 993 201054 20 905 20 762 201116 201201 20 975 20
3235981960 904 20 492 20 995 201037 201136 201042 201135 201232 201138 201591 20
32359819701365 199990  09990  09990  09990  09990  09990  09990  09990  09990  0
323598   0 0.000 0.000 0.0000.00000   0.0000   0.0000                           
524520 1 SOUTHERN CALIFORNIA   524520                                     41 474
524520 2 CALIFORNIA   BIG CONE SPRUCE    4600  3403 11705 000 35 3 1458 1966    
524520 3 C. W. FERGUSON                                                 10171966
52452014509990  09990  09990  09990  09990  09990  09990  09990  01203  1 640  1
5245201460 564  1 879  11091  1 995  1 182  1 583  1 974  1 821  1 570  11159  1
52452014701137  11023  1 783  11054  1 945  1 758  1 890  11473  11142  1 916  1
5245201480 963  1 946  11008  11035  11261  11185  21595  21521  21160  2 782  2
52452014901170  21087  2 406  21141  21057  2 933  2 860  2 641  21315  2 586  2
5245201500 824  2 809  2 883  21012  21236  2 857  3 215  3 785  31072  31346  3
5245201510 377  31328  3 970  4 911  41227  4 554  4 793  4 964  4 608  51039  5
5245201520 333  5 485  5 386  5 731  5 880  5 811  51246  5 551  5 878  5 649  5
52452015301095  51089  5 317  5 875  51142  51470  51560  51390  51350  51882  5
52452015401901  61421  7 107  71138  7 735  7 915  7 881  7 723  7 875  71071  7
52452015501396  71514  71062  81392  81261  81517  81437  81553  81369  81468  8
52452015601016  8 846  81295  8 842  81211  82158  81791  81837  92711  91400  9
52452015701319  9 292  9 916  9 690  9 724  9 790  9 875  91287  91399  9 260  9
5245201580 120  9 988  9 683  9 734  9 245  9   4  9 682  9 781  9 555  9 843  9
5245201590 330  9 604 10 410 10 790 10 797 10 921 101142 10 611 101049 101252 11
5245201600 597 111428 111352 111605 111772 111512 111190 11 946 111421 11 930 11
52452016101435 111883 111086 11 283 11 986 11 931 111319 111638 111062 11 523 11
52452016201330 111094 11 539 12 711 12 595 12 813 12 496 13 762 13 786 13 723 13
5245201630 967 13 727 13 700 13 337 13 452 131031 14 998 14 364 14 832 141115 14
52452016401262 141623 141697 15 763 151058 15 824 15 662 161251 16 805 161168 16
5245201650 856 161390 16 854 17 471 17 135 17 525 18 676 20 826 201076 201211 20
52452016601245 201588 201170 20 958 201209 20 495 20 776 20 551 20 568 20 401 20
5245201670  85 20 543 20 667 20 982 201186 201262 20 450 20 929 201145 201425 20
52452016801518 21 935 211588 211398 211218 211360 21 797 211421 211319 211048 21
52452016901004 211201 211202 211080 211050 21 909 221190 221083 22 705 231396 24
52452017001368 251266 251578 25 773 25 865 251079 25 841 26 493 26 587 26 906 26
52452017101152 28 929 281322 281019 281126 28 685 28 795 28 883 281283 281649 28
52452017201335 281064 28 759 291419 291021 291057 291321 291227 29 859 29 664 30
5245201730 851 30 960 30 947 30 754 301052 30 572 30 849 30 819 30 998 30 556 30
5245201740 780 301431 301089 301279 301177 301395 302101 301690 30 778 301595 30
52452017501517 301129 30 403 30 838 30 228 30 573 30 537 30 911 301022 30 982 30
52452017601180 311044 311191 31 901 31 966 31 353 311443 321295 331519 331206 33
52452017701015 341543 351388 351088 351333 351254 351267 36 361 37 896 37 776 37
5245201780 880 371152 37  81 37 776 37 956 37 985 371419 371554 37 560 371018 37
5245201790 883 371326 371152 381512 38 548 38 560 38 653 381088 38 836 381295 38
52452018001012 381009 381092 38 621 381348 38 974 381122 38 569 38 916 38 298 38
5245201810 895 38 979 38 452 38 319 38 707 38 650 381001 38 941 381431 381305 38
5245201820 570 381354 38 633 38 318 38 441 38 820 381491 381205 381661 38 172 38
52452018301451 381434 382001 381663 381185 38 677 38 784 381008 381314 381591 38
52452018401706 38  92 381243 38 254 38 904 38  93 381000 38 553 38 698 38 962 38
52452018501264 381506 381884 382388 381710 381917 38 990 38 313 38 772 38 850 38
5245201860 784 38 842 381066 38 460 38 140 38 874 381133 381228 381857 381288 38
5245201870 171 38 453 38 492 38 438 38 740 38 674 38 824 38 192 381044 38 506 38
5245201880 836 38 675 38 625 38 381 381017 381015 381369 381201 381381 381369 38
52452018901451 381806 381441 381362 38 616 381074 38 699 38 861 38 191 38 142 38
5245201900 485 38 725 38 614 38 970 38 487 381129 381593 381714 381354 381750 38
52452019101439 381090 381050 381021 381347 381413 381359 381485 38 783 38 669 38
52452019201355 381222 381447 381356 38 916 38 668 381130 381101 38 994 38 773 38
52452019301110 38 560 381185 38 827 38 355 381290 381016 381480 381493 381471 38
52452019401570 381524 381395 381689 381665 381781 381703 381382 38 689 38 593 38
5245201950 649 38 363 38 890 38 803 381009 38 891 38 796 38 873 381377 38 373 38
5245201960 619 38   8 38 768 38 363 38 754 38 994 381004 389990  09990  09990  0
524520 509  .447  .413  .409 .99484 506.3729 590.5095                           
182649 1 WALNUT CANYON NATL MONUMENT, ARIZONA   182649                    43 388
182649 2 ARIZONA      PONDEROSA PINE     6800  3512 11131 900 00 2 1447 1966    
182649 3 M. A. STOKES AND T. P. HARLAN                                  05061967
18264914409990  09990  09990  09990  09990  09990  09990  0 660  1 756  1 757  1
1826491450 461  1 891  11202  11080  11013  1 268  1 769  11006  11139  1 845  1
1826491460 716  11056  11333  11231  1 168  1 478  11156  11711  11676  11187  1
18264914701478  1 612  1 537  1 725  11041  1 898  1 737  12000  12136  11113  1
18264914801496  11563  12439  11761  12056  1 661  1 686  1 489  1 899  11718  1
18264914901479  11624  11135  11336  1 948  1 377  11358  11382  11415  1 825  1
1826491500 508  11067  1 756  11087  11213  1 660  1 290  11062  11356  12152  1
1826491510 289  11774  11234  11633  11923  12252  1 971  1 424  1 903  11426  1
18264915201087  1 328  1 208  1 506  11107  11454  11514  1 508  1 832  1 386  1
18264915301505  1 561  1 249  1 635  1 599  1 871  11942  11764  1 559  11154  1
18264915401478  1 820  1   0  1 576  1 509  1 597  11114  1 474  1 491  11379  1
18264915501342  11012  11031  1 533  1 863  1 987  1 916  11283  1 606  11142  1
1826491560 856  1 737  1 972  11193  11291  11405  1 407  1 519  11390  1 745  1
18264915701130  1 703  1 786  1 563  1  32  1 826  1 764  11044  1 720  1 410  1
1826491580 329  1 942  1 978  2 556  2 424  2 156  2 415  2 507  2 461  21038  2
1826491590 231  2 104  2 455  2 733  2 922  21070  21642  2 491  2 606  21329  2
1826491600  70  2 140  2 595  2 952  21214  21530  21036  21167  2 826  21317  3
18264916101210  31161  3 550  3 445  3 696  4 737  4 650  4 944  41396  41310  4
18264916201476  41605  51166  6 371  6 301  61061  6 587  7 950  7 823  71015  7
18264916301121  71007  7 279  8 684  8 794  81018  8 949  8 674  9 983  91026  9
18264916401342 101240 111308 111044 111535 111153 12 745 121125 12 221 12 965 12
1826491650 995 121362 12 902 12 805 13 443 13 793 131061 13 794 141048 141317 14
18264916601279 151219 151173 151404 151077 151049 15 560 15 505 15 568 15 691 15
1826491670 132 15 433 15 702 15 995 151157 15 707 15 732 151123 15 891 15 995 15
18264916801473 151403 151170 151477 15 485 15 694 15 774 151525 151151 151411 16
18264916901419 161500 161381 161351 161355 161351 16 968 161380 16 908 161352 16
1826491700 494 161354 161085 16 741 161145 161305 16 768 16 905 17 638 17 387 17
18264917101078 17 970 171004 171054 171153 17 774 17 442 17 994 171317 171191 17
18264917201594 171080 17 733 17 892 17 408 171165 171332 17 734 17 689 17 184 17
1826491730 912 18 799 181011 18 605 18 853 18  76 18 827 18 407 191014 19 675 19
1826491740 823 19 994 19 582 191215 191182 191555 192100 211543 21 232 211719 21
1826491750 987 23 998 23 112 23 652 23 852 23 504 23 890 231047 231372 231093 23
18264917601364 24 788 241174 24 643 241596 24 831 251216 251367 251511 251216 25
18264917701173 261483 261255 26 286 26 809 26 975 261227 26 890 26 330 26 755 26
1826491780 108 26 686 26 119 26 762 261214 26 224 26 603 261050 26 555 26 533 26
1826491790 552 26 876 261332 261816 261039 261259 261113 26 763 26 604 261013 26
1826491800 297 26 606 26 989 26 561 261108 26 803 261123 261215 261310 261226 26
1826491810 862 261332 261257 26 300 26 819 26 982 261445 26 955 26 341 26 879 26
1826491820 286 26 914 26 127 26 599 26 953 261165 261399 261239 261903 26 682 26
1826491830 966 261500 261522 261624 261033 261349 261528 26 937 261267 261564 26
18264918401316 26 780 26 623 26 723 261606 26 356 26 708 26  20 261214 261443 26
18264918501438 26 498 261429 261217 261057 261239 261328 26 554 261343 26 941 26
18264918601061 26 667 261561 26 504 26 490 261160 261370 261492 262374 261396 26
18264918701075 26 569 26 831 26 546 261341 261121 26 943 261012 261205 26 654 26
1826491880 938 26 815 26 932 26 886 261068 26 910 26 938 26 696 261063 261170 26
18264918901448 261295 261007 26 915 26 889 261098 26 578 261132 26 897 26 467 26
1826491900  87 26 692 26 116 26 766 26  31 26 907 261110 261263 261200 261465 26
18264919101168 261501 261565 261010 261537 261986 261886 261805 261291 261722 26
18264919201545 261006 261587 261458 261579 261387 261458 261235 261196 261612 26
18264919301182 261003 261553 261486 26 908 261192 26 825 261443 261303 26 797 26
1826491940 734 261420 261276 26 823 261099 261142 26 904 26 404 26 848 261522 26
18264919501059 26 453 261306 26 708 26 718 26 837 26 203 26 637 26 776 26 988 26
18264919601041 26 660 261023 26 327 26 904 261168 26 989 269990  09990  09990  0
182649 520  .361  .428  .467 .98264 510.9727 597.1286                           
151099                                                                          
151099                                                                          
151099                                                                          
1510991500 150  1 574  1 833  1 941  11383  1 548  1 290  1 994  11317  11964  1
1510991510 615  11587  11327  11330  11673  11164  11026  1 296  1 452  1 907  1
15109915201175  1 879  1   0  1 693  1 774  1 649  12014  1 778  1 541  1 558  1
1510991530 911  2 954  2 167  2 749  2 711  21025  2 903  2 875  2 193  2 806  2
15109915401424  2 989  2  29  2 676  2 197  2 806  21032  2 762  2 979  21085  2
15109915501109  4 893  4 862  41158  4 915  4 740  51249  51434  51051  5 991  5
15109915601082  5 856  5 795  6 989  62106  61309  6 847  71260  71026  71384  8
15109915701141  9 771  9 966  9 657  9 521  91157  91078  91363  91167  9 748  9
15109915801011  91328  9 923  9 372  9 369  9 121  9 785  9 754  91349  91211  9
1510991590 474  9 341  9 282  9 421  91320  91013  9 881  9 696  9 743  91254  9
1510991600 581 12 767 121107 121026 121201 121409 131171 13 524 131006 131360 13
15109916101576 141338 14 643 14 413 14 570 141458 141566 141663 141797 141769 14
15109916201276 142221 141539 14 354 14 721 141210 14 440 141153 14 892 141155 14
1510991630 677 141069 14 184 141425 141324 151275 15 765 15 389 15 568 151488 15
15109916401497 161868 161752 161390 161761 16 880 161845 161534 16 655 161959 16
15109916501504 161748 16 925 161584 16 140 161171 16 986 161068 16 879 16 952 16
15109916601223 161326 16 784 16 813 16 758 16 714 17 923 17 804 17 532 17 529 17
1510991670 170 17 614 17 729 17 971 181169 18 928 18 551 181148 181042 18 477 18
15109916801173 181483 181482 181611 18 418 18  50 18 278 181112 18 962 18 888 18
1510991690 817 181096 181298 181457 18 650 181392 18 817 18 607 181014 18 939 18
1510991700 794 181377 18 853 18 436 18 839 191387 191107 19 758 19 883 19 729 19
15109917101121 19 640 19 953 191150 191338 19 997 19 742 19 943 191082 191369 19
15109917202339 191921 19 804 191519 19 473 192014 192604 191115 19 283 19  88 19
1510991730 514 20 761 20 814 20 315 20 747 20 170 20 960 20 331 201031 20 396 20
1510991740 580 20 740 20 515 201174 201146 201227 201655 202156 20 508 201625 20
15109917501010 20 993 201157 20 405 20 648 20 370 20 702 20 134 201076 201248 20
15109917601278 20 836 201439 20 561 201363 201011 201483 20 666 201405 201456 20
1510991770 486 201234 20 647 20  79 20 573 20 875 20 935 20 635 20 132 20 730 20
1510991780 398 20 701 20 211 20 891 20 776 20 831 20 680 201044 20 865 20 406 20
1510991790  54 201119 201091 201415 20 586 201241 201078 20 940 201129 201076 20
1510991800 819 20 948 20 926 20 744 20 934 20 956 20 792 201026 20 388 20 818 20
1510991810 250 20 621 20 933 20  70 20 774 20 982 201424 201522 20 283 20 270 20
1510991820 135 201189 20 259 20 652 20 690 20 956 201095 20 609 201083 20 515 20
15109918301173 201303 20 739 201474 20 952 201474 201024 201396 201739 202086 20
15109918402079 201213 20 671 20 805 201547 20 110 201532 20 188 201419 201509 20
15109918501675 20 758 201562 20 831 20 719 201296 201171 20 509 20 840 20 726 20
1510991860 909 20  77 201328 20 979 20 352 20 825 201020 201073 201452 201834 20
1510991870 890 20 539 20 337 20 647 201084 201131 20 940 201237 201358 201342 20
1510991880 881 20 449 20 903 20 381 201150 201108 20 998 20 509 201518 201455 20
15109918902000 202032 201921 201007 20 628 201142 20 287 201186 201103 20  22 20
15109919001009 20 559 20  32 20 779 20  55 20 777 20 685 201054 201104 201204 20
15109919101304 201479 201874 201229 201677 201918 201728 202138 20 828 201736 20
15109919202179 201710 202113 201373 201523 201053 201619 20 912 201351 201088 20
1510991930 616 201627 201500 20 561 20 612 20 888 20 355 20 973 201183 20 939 20
15109919401148 201499 201671 201099 201610 20 902 201132 20 841 201945 201805 20
1510991950 958 20 255 201570 201055 201111 20 587 20 544 201402 201217 20 132 20
15109919601022 20 862 20 751 20 601 20 679 201659 201764 201025 201622 201550 20
15109919701364 209990  09990  09990  09990  09990  09990  09990  09990  09990  0
151099 471  .326  .472  .524 .99193 467.1982 568.3153                           
158540 1 DEFIANCE WEST, ARIZONA   158540                                  34 314
158540 2 ARIZONA      DOUGLAS-FIR        7000  3552 10926 270 18 1 1474 1965    
158540 3 M. A. STOKES AND T. P. HARLAN                                  06191966
15854014709990  09990  09990  09990  0 265  1 328  1 938  1   0  1 564  1 486  1
1585401480 314  1 613  1 740  1 552  1 994  1 980  11013  1 316  1 698  1 635  1
1585401490 397  1 939  1 541  1 622  1 846  1 127  1 640  1 625  11685  11109  1
1585401500 321  1 628  1 693  1 468  11131  1 647  1  97  1 697  11039  1 780  1
1585401510 407  11043  1 767  1 735  11063  11147  1 508  1 131  1 625  11070  1
1585401520 709  1 379  1 297  1 397  1 778  1 829  11212  1 399  1 549  1 433  1
15854015301051  11069  1 284  1 502  1 436  1 671  11244  11503  2 487  41012  4
15854015401122  41108  4 417  41288  4 499  4 493  41278  4 780  4 891  41147  4
15854015501407  41001  4 901  41274  41181  41871  42035  41919  41683  4 884  4
15854015601214  4 727  41046  41250  41835  41556  41088  4 931  41178  4 815  4
15854015701280  4 576  41437  4 347  4 806  41016  4 805  4 823  41051  4 448  4
1585401580 363  41066  41141  4 724  4 408  4  63  4 911  4 684  41195  4 535  4
1585401590 252  4 947  4 222  4 199  41280  4 544  4 648  41236  41001  41171  4
1585401600 395  4 537  4 849  4 681  4 652  4 781  4 687  4 592  4 964  41274  4
15854016101796  42132  41510  41458  41021  41505  41255  42385  42310  51344  5
15854016202401  52059  51146  5 686  5 611  51076  5 492  51473  5 621  51190  5
15854016301249  51200  51032  51390  51961  51912  51431  51049  51303  51280  5
15854016401668  51508  51102  5 986  51704  51623  61670  61460  6 309  61168  6
15854016501110  61540  6 885  61239  6 426  61149  61069  6 430  6 482  6 699  6
15854016601058  6 730  6 319  61130  6 592  6 886  6 618  7 480  7 297  7 424  7
1585401670  88  7 670  7 781  71120  71026  7 985  7 497  71261  71304  8 535  8
15854016801587  81682  81749  81549  8 757  8 134  81012  81438  81065  81267  8
15854016901376  81117  81120  81513  81064  81416  8 922  8 753  81024  81099  8
1585401700 446  81770  81170  82057  8 878  91203  91508  91197  9 690  91017  9
15854017101693 101550 101354 10 637 101761 101131 10 519 10 572 101172 101152 10
15854017201810 121736 12 961 121502 12 492 121482 121822 121514 12 616 12  91 12
1585401730 652 121015 121025 13 933 13 557 13 299 13 387 13 684 13 758 13 482 13
1585401740 588 13 657 13 549 141104 141173 141218 141535 141757 14 331 141562 14
15854017501071 141120 14 747 15 547 151156 15 527 16 751 16 871 161093 171401 17
15854017601171 171232 171262 18 662 181301 18 925 181766 181072 181345 181280 18
15854017701229 181336 181187 18 445 181325 18 993 18 889 18 651 18 581 18 955 18
1585401780 858 181414 18 687 181575 181762 18 920 181211 181741 18 620 18 641 18
1585401790 502 181529 181520 181772 181198 181288 181216 181352 18 902 181048 18
1585401800 981 18 617 181018 18 908 181442 181082 18 586 181066 18 743 18 793 18
1585401810 361 18 650 18 790 18 600 18 934 181187 181618 181573 18 406 18 490 18
1585401820 463 181187 18  87 18 405 18 674 18 684 18 671 18 682 18 875 18 346 18
1585401830 860 181052 18 549 181125 18 610 181213 181073 181306 181554 181925 18
15854018401597 18 765 18 654 18 781 181172 18 599 18 899 18  80 181084 181204 18
15854018501126 18 251 181243 18 952 18 628 181465 181355 18 701 181586 181264 18
1585401860 856 18 495 181210 18 767 18 333 181009 181249 181371 181727 181932 18
15854018701637 181165 18 498 18 472 181034 18 391 18 789 18 728 181263 18 927 18
1585401880 826 18 625 181073 18 891 181127 181116 18 920 18 561 181155 181176 18
15854018901569 181430 181217 18 788 18 512 18 791 18 535 18 714 18 572 18 570 18
1585401900 431 18 346 18  54 18 938 18 246 18 806 18 938 181256 181117 181097 18
15854019101016 181322 181165 18 820 181225 181849 181827 181574 18 489 181520 18
15854019202146 181100 181695 18 743 181691 181170 181518 181142 18 796 181180 18
15854019301098 181369 181430 18 730 18 618 181051 18 597 181378 18 938 181072 18
1585401940 875 181614 181588 18 840 181104 181108 18 708 18 733 181527 181639 18
1585401950 514 18 443 181365 18 476 18 441 18 545 18 454 18 648 18 723 18 111 18
1585401960 818 18 521 18 676 18 638 18 442 181560 189990  09990  09990  09990  0
158540 492  .398  .450  .462 .97448 479.4459 566.7368                           
161000 1 SATAN PASS                                                         1117
161000 2 NEW MEXICO   DOUGLAS FIR       07500 03536 10808 290 30   1381-1972    
161000 3                                                                        
16100013809990  04348  11662  13117  12849  11784  12097  12159  11557  1 993  1
1610001390 409  1 605  1 996  1 509  1 725  1 803  1 628  1 275  1 256  1 117  1
1610001400 355  1 355  1 435  1 435  1 673  1 435  1 356  1 151  2 243  21083  2
16100014101594  21626  22960  2 838  22142  21060  21941  22381  21030  2 391  2
16100014201188  2 555  2 986  2 626  2 954  21103  21687  22157  22551  21179  2
16100014301033  22328  22162  22417  21673  21171  2 564  2 739  2 319  2 686  2
1610001440 756  21009  2 463  2 619  2 471  2 240  2 178  2 743  2 272  2 391  2
1610001450 188  2 782  2 887  21037  2 516  2  41  2 740  2 112  21293  2 832  2
1610001460 605  2 484  2 568  2  72  2 190  2 118  2 719  21045  2 838  21012  2
1610001470 942  2 318  2 388  2 487  2 128  2 377  2 448  2 655  2 163  2 103  2
1610001480 146  2 480  2 488  2 554  2 832  2 934  2 508  2 288  2 816  21106  2
1610001490 841  21756  21260  2 906  2 823  2  66  2 279  2 591  21133  21083  2
1610001500 215  2 333  2 492  2 647  2 607  2 894  2 210  2 759  2 320  2 689  2
1610001510 509  21329  21382  21329  21935  21776  2 983  2 190  21053  21490  2
16100015201720  2 869  2 420  2 640  2 472  2 570  2 960  2 786  2 943  2 887  2
16100015301345  21524  21087  2 889  2 681  2 851  2 763  21296  2 308  21034  2
16100015401350  21168  2 180  21319  2 533  21140  2 586  2 806  2 559  21221  2
16100015501286  2 453  2 579  2 980  2 383  2 850  21278  21646  21149  2 871  2
1610001560 562  2 314  2 343  2 516  2 701  21147  2 880  2 797  21035  21655  2
16100015701460  2 935  2 966  2 397  3 580  3 591  3 433  31009  3 583  3 408  3
1610001580 193  3 565  3 573  3 208  3 197  3 263  3 679  3 745  31403  3 918  3
1610001590 414  41361  4 344  4 277  41775  41545  41365  41339  4 754  41130  4
1610001600 532  4 630  4 509  4 639  41001  41613  41453  41906  41956  42364  4
16100016103688  43398  42455  52615  51229  52053  52021  52176  52726  51662  5
16100016202679  52967  51029  6 779  6 431  6 602  6 335  61354  61246  62232  6
16100016301867  7 996  7 752  71643  71928  71252  81063  9 570  9 791  91443  9
16100016401997 101136 101418 101613 101269 10 934 101857 111527 121035 121298 12
1610001650 937 151624 151443 161388 16 860 161195 161414 16 690 16 925 16 347 16
16100016601007 16 721 16 652 16 744 16 330 161716 16 892 16 591 16 285 16 466 16
1610001670 169 161007 16 345 16 996 16 319 161021 16 323 16 856 17 778 17 508 17
16100016801450 181360 181634 181757 18 375 18  82 181197 181078 18 885 181305 18
16100016901829 181452 181787 181746 181189 181241 18 470 18 310 18 655 181314 18
1610001700 914 201969 201087 201120 20 774 20 709 201209 211227 21 941 21 630 21
16100017101806 211465 211694 221285 221059 22 916 22 160 221000 22 776 22 927 22
16100017201915 221374 22 556 221389 22 268 22 853 221280 221382 22 125 22  37 22
1610001730 660 241004 241311 24 457 24 862 24 117 24 819 24 605 24 342 24 744 24
1610001740 673 24 673 24 242 241241 24 404 241522 242020 242797 24 158 242066 24
1610001750 977 24 948 24 352 24 631 241334 24 664 24 684 24 662 241283 241872 24
16100017601297 24 353 241659 24 276 241304 24 499 241541 24 859 241729 241694 24
16100017701383 241592 241199 24 209 24 874 24 664 24 959 24 250 24 793 24 580 24
1610001780 337 24 903 24 219 241468 241815 241256 24 750 241444 24 440 241100 24
1610001790 947 241388 241585 241889 24 933 241694 24 737 24 844 24 993 24 694 24
1610001800 389 24 638 241037 24 548 241165 24 922 24 153 241376 24 864 24 810 24
1610001810 448 24 436 24 561 24 523 24 899 24 913 242063 241873 24 259 24 141 24
1610001820 756 241226 24   5 24 275 24 605 24 803 24 358 24 270 241089 24 309 24
1610001830 956 24 827 241088 241421 241707 241665 241131 241691 242042 242478 24
16100018402337 241729 24 814 24 810 241411 24 630 24 940 24  12 241412 241324 24
16100018501155 24 558 241462 24 874 24 384 241867 241966 24 629 241225 24 932 24
1610001860 828 24 112 241316 24 595 24 479 24 789 24 944 241524 241247 241968 24
1610001870 977 241137 24 204 241086 241542 24 485 24 571 241820 24 707 241017 24
1610001880 125 24 398 241254 241223 241582 241313 24 780 24 879 241577 241157 24
1610001890 896 241413 241051 24 536 24 283 241173 24 548 24 994 24 681 24 327 24
1610001900 592 24 671 24 340 241084 24  39 241544 241014 241244 242016 24 421 24
16100019101238 241077 241344 24 599 241305 241780 241569 241447 24 445 241492 24
16100019201986 24 518 241008 24 787 241700 24 288 241358 24 803 241302 24 770 24
1610001930 775 241200 241470 24 712 24 553 242090 241239 241623 241164 241137 24
1610001940 448 242131 241387 24 617 241163 241139 24 526 24 902 241504 241087 24
1610001950 320 24 166 241126 24 408 24 274 24 156 24 335 24 348 24 913 24 383 24
16100019601031 24 670 24 835 24 870 24 757 241378 241144 24 204 241707 241419 24
16100019701523 24 364 241102 239990  09990  09990  09990  09990  09990  09990  0
161000 592  .461  .612  .569 .99170 587.0574 803.6992                           
171099 1 ECHO AMPHITHEATER                                                  1120
171099 2 NEW MEXICO   DOUGLAS FIR       06700 03621 10631 045 30   1362-1972    
171099 3 J. DEAN, B. BURNS, W. ROBINSON                                 05/18/73
17109913609990  09990  01375  1 685  11093  11454  11132  11400  14865  1 853  1
17109913702418  12903  13964  13331  13144  12649  1 440  12108  12189  12052  1
17109913802264  13301  11559  14147  12240  11374  11199  11196  1 383  11657  1
1710991390 508  1 887  11011  1 798  11383  11840  11835  11747  11991  1 248  1
1710991400 742  1 823  11190  1 409  11552  11140  11908  21349  21907  22339  2
17109914102376  21019  22198  21072  22326  2 975  2 876  21472  2 819  2 814  2
17109914201288  21011  2 804  2 727  2 330  2 844  2 686  21155  21572  2 942  2
1710991430 510  21135  2 603  2 864  21227  21234  21033  2 475  2  31  21326  2
1710991440 681  2 971  2 526  21057  2 624  2  94  21071  21404  2 805  2 243  2
1710991450 324  2 561  2 500  2 597  2 280  2 263  2 629  2 198  2 820  2 855  2
1710991460 758  2 214  2 743  2 155  2 187  2 282  2 902  2 744  2 408  2 772  2
17109914701338  2 202  2 870  2 541  2 428  2 502  2 495  2 771  2 738  2 968  2
1710991480 119  21817  2 705  21124  22010  21410  21154  2 661  2 824  21028  2
1710991490 652  21291  21127  21079  21381  2 190  2 590  2 692  21916  21908  3
17109915001027  3 928  3 948  3 848  3 651  3 915  3 135  3 901  3 271  31464  3
1710991510 430  31022  31443  32315  32078  32175  3  97  3 153  31336  3 638  3
17109915201383  31173  3 427  3 942  3 677  3 783  3 991  3 873  31189  31917  3
17109915301160  31684  3 504  3 783  31065  3 444  3 822  31372  3 356  3 979  3
17109915401292  41032  4 110  41210  4 672  4 451  4 579  4 845  4 790  41206  4
17109915501670  4 699  41182  41010  4 731  41168  41026  41145  4 849  4 420  4
1710991560 535  4 727  4 119  4 616  4 735  4 821  4 504  4 277  4 363  4 912  4
17109915701370  4 794  41090  4 200  4 695  4 629  4 648  41025  4 517  4 208  5
1710991580 344  6 681  6 754  6 628  6 475  6 510  6 831  6 686  61306  61614  6
1710991590 730  71407  7 871  7 165  81437  81440  81469  81606  8 638  81053  8
1710991600 756 10 788 101102 101030 101120 101280 10 875 10 654 101404 101374 10
17109916102232 101996 101527 102138 101262 10 632 10 925 101559 101737 10 949 10
17109916201356 101113 10 749 10 779 10 563 10 212 10 819 101149 10 816 111266 11
17109916301355 11 979 11 735 11 872 111104 111142 111278 11 787 11 399 111480 11
17109916401508 11 623 11 575 111041 11 851 11 368 111889 112226 121541 121855 12
17109916501483 121965 121267 121347 12 805 121779 121038 12 529 12 623 12 530 12
17109916601300 121132 121117 121114 12 254 12 736 12 653 12 559 12 463 12 513 12
1710991670 968 13 740 13 772 131329 13 882 13 885 13 370 13 831 14 555 14 663 14
17109916801305 15 829 15 894 15 874 15 557 15  18 151382 151009 15 522 151426 15
17109916901391 151244 151184 151290 15 601 15 815 15 341 15 750 15 765 15 938 15
1710991700 425 151445 151196 151146 15 390 15 765 151214 15 738 151059 15 474 15
17109917101958 161213 161423 161120 16 296 16 933 16 227 161034 16 894 16 437 16
17109917201480 161808 161286 161589 161027 161340 161590 161303 16 737 16 139 16
17109917301076 16 921 161048 16 718 16 788 16 463 161170 16 453 16 341 16 534 16
1710991740 672 16 767 16 778 161102 16 627 171242 171925 172455 17 572 171444 17
1710991750 932 17 860 17 526 17 729 171265 17 879 17 280 17 431 17 877 171078 17
17109917601035 171336 171517 17 562 171490 171725 171393 17 628 171410 171133 17
17109917701702 172520 171889 17 645 17 796 17 773 171183 17 615 17 988 17 555 17
1710991780 597 17 910 17 727 171155 171310 17 955 17 458 171243 17 722 17 948 17
1710991790 651 171082 181200 181576 181196 181214 18 807 181085 181036 18 678 19
17109918001203 19 874 191008 19 964 19 972 19 730 19 242 191077 19 766 19 745 19
1710991810 526 19 720 19 664 19 794 19 751 191177 191864 191668 19 690 19 249 19
17109918201045 191582 19 531 19 750 19 941 191197 191364 19 969 201589 20 540 20
1710991830 870 201122 201224 201180 20 983 201321 20 852 201363 201514 201874 20
17109918402033 201305 20 839 20 804 201000 201022 20 531 20 396 20 942 20 958 20
17109918501135 20 481 201342 20 743 20 999 201602 201800 201491 201430 20 830 20
1710991860 944 20 102 201261 20 936 20 654 201071 20 927 201507 201555 201983 20
1710991870 937 20 905 20 902 20 950 201052 20 732 20 415 201060 20 619 20 601 20
1710991880 234 20 507 201015 20 878 201224 201276 201218 20 847 201615 201220 20
1710991890 782 201458 201344 20 823 20 895 201354 20 218 201278 201084 20  99 20
1710991900 324 20 736 20 120 20 935 20 248 20 916 201086 201460 201201 20 528 20
1710991910 808 20 782 201477 20 326 201288 201536 201318 201018 20 826 201479 20
17109919202086 201227 201459 20 812 201332 20 572 201364 201047 20 892 20 588 20
17109919301131 20 634 201548 201006 20 871 201483 201114 201704 201674 20 991 20
17109919401021 201922 202004 201133 201518 201200 20 802 20 886 201427 201463 20
1710991950 594 20 525 20 699 20 556 20 581 20 410 20 230 20 576 20 847 20 360 20
1710991960 703 20 732 20 841 20 767 20 432 201054 20 900 20 976 201534 201093 20
17109919701344 20 439 20 882 189990  09990  09990  09990  09990  09990  09990  0
171099 611  .410  .562  .4911.02504 626.2997 834.9372                           
337579 1 SAN PEDRO MARTIR LOW                                PIPO           1168
337579 2 BAJA, MEX.   PONDEROSA PINE    2133M 03110-11530     10   1449 1971    
337579 3 M. STOKES, T. HARLAN, S. CLEMANS                               05/23/73
33757914409990  09990  09990  09990  09990  09990  09990  09990  09990  0 999  1
33757914501222  11338  11124  1 911  1 804  11001  1 785  1 994  11054  1 598  1
33757914601052  2 861  2 989  21068  31296  3 731  31135  31182  31014  3 960  3
3375791470 823  3 544  3 922  31242  31057  31010  31397  31234  31265  31125  3
3375791480 999  31070  4 927  41112  41180  41122  4 718  41052  4 885  41234  4
33757914901250  4 973  4 379  51031  5 853  5 400  5 836  5 940  51272  51046  5
3375791500 862  51169  51049  5 895  51380  51313  5 640  51333  51213  61512  6
3375791510 441  61458  61016  71275  71107  7 985  7 838  7 930  7 947  71350  7
3375791520 913  7 221  7 676  71013  71147  71267  81265  81018  8 683  81080  8
33757915301170  81086  8 977  8 995  81062  8 961  81122  81105  8 720  81321  8
33757915401457  81385  8 476  81235  8 965  8 719  81160  81226  9 947  91469  9
33757915501281  91064  91174  9 929  91000  91138  91062  9 755  9 746  9 885  9
3375791560 992  9 777  9 993  9 704  91083  91132  9 524  9 898  91175  91098  9
33757915701002  9 856  9 982  9 459  9 352  9 613  9 835  9 775  9 796  9 478 10
3375791580 786 101022 101298 101072 10 319 10 269 10 958 10 850 10 184 10 917 10
3375791590 483 10 687 10 725 10 972 10 928 101021 101238 10 656 101239 101226 10
33757916001139 111023 11 912 111189 111217 111072 11 978 11 876 111155 11 982 11
33757916101465 111225 11 788 11 103 111038 111130 111011 121229 121050 12 945 12
3375791620 910 131216 131002 13 683 13 654 131114 13 505 14 976 141113 141231 14
33757916301230 141029 14 313 15 560 15 921 151231 151392 161067 171453 171052 18
33757916401311 191186 191059 19 966 191255 191142 191110 201253 20 485 201246 20
33757916501343 201381 201373 20 925 20 138 201257 201177 201172 201229 201237 20
33757916601444 201310 211466 211653 211248 21 306 211346 211075 22 918 22 569 22
3375791670 155 221223 221043 22 945 221068 22 632 22 333 221124 22 914 221072 23
33757916801181 231226 231238 231238 231088 231154 241145 241181 241282 241313 24
33757916901022 24 780 241300 241155 241221 241051 241030 24 961 24 996 241429 25
33757917001199 251323 251195 25 591 251002 251159 251040 251040 251044 25 804 25
3375791710 985 25 812 25 871 25 787 251081 26 938 26 586 261127 261175 261256 26
33757917201274 261339 261295 271441 271182 271395 281555 281003 29 937 29 821 29
33757917301115 291161 291118 29 750 291048 29 623 29 847 291248 291177 29 858 29
33757917401011 301264 31 793 311079 311069 311183 311055 311400 311217 311342 31
33757917501226 31 980 31 136 31 410 31 258 31 571 31 741 32 710 321033 321196 32
33757917601144 32 776 321060 32 498 33 793 33 818 331018 33 903 33 964 341075 35
3375791770 958 351058 351281 351250 351222 351337 351106 35 878 35 727 35 888 35
3375791780 838 36 947 36 340 361114 361405 361065 361223 361196 361003 361048 36
3375791790 651 361103 361399 361332 361073 36 989 36 853 36 736 36 925 361122 36
33757918001406 361323 361342 361285 361066 361161 361069 36 834 361024 36 620 36
33757918101171 361133 36 987 36 945 36 964 361040 361214 361201 361277 36 907 36
3375791820 168 361055 36 725 36 691 361108 36 927 371376 371254 371094 38 309 38
3375791830 781 38 753 38 903 38 942 38 984 381063 381104 381026 381127 381136 38
33757918401089 38 688 38 938 38 505 38 991 38 415 381146 38 344 381218 381001 38
33757918501214 381059 381062 381273 381220 381292 381263 38 976 381174 381030 38
3375791860 948 381184 381204 381082 38 939 38 997 381205 38 879 381214 381129 38
3375791870 911 38 753 38 721 38 742 38 960 38 911 38 832 38 693 381005 38 606 38
33757918801001 38 728 38 736 38 738 381144 381061 381111 381080 38 927 38 953 38
33757918901274 381302 371308 371124 37 825 37 965 371010 371025 37 851 37 639 37
3375791900 275 37 855 37 533 37 764 37 536 371146 371020 371158 371200 371395 37
33757919101202 371163 37 937 37 931 371156 37 925 371010 371103 371297 371359 37
33757919201138 37 777 351268 35 849 35 945 35 729 351233 351063 35 807 35 456 35
33757919301345 351374 35 997 35 871 35 386 351063 351038 35 961 351039 35 923 35
33757919401232 351131 351171 351081 35 851 35 848 351026 35 975 35 134 35 956 35
3375791950 624 35 887 35 832 351029 341092 34 720 34 379 341210 341257 341372 34
33757919601050 34 335 331189 33 870 33 524 331249 331186 331522 331365 331293 33
33757919701638 33 794 339990  09990  09990  09990  09990  09990  09990  09990  0
337579 523  .278  .273  .2881.00123 523.6446 563.3345                           
070640 1 KAMLOOPS, BRITISH COLUMBIA, CANADA   070640                      03 169
070640 2 CANADA       PONDEROSA PINE     2700  5045 12033 180 20   1590 1965    
070640 3 H. C. FRITTS                                                   06221966
0706401590 969  2 871  2 962  2 592  2 493  21057  21097  21423  21388  2 957  2
0706401600 537  21179  21101  21004  21062  2 686  21357  21469  21323  21094  2
07064016101460  21576  21731  21636  21455  2 673  2 670  2 956  2 844  2 801  2
0706401620 444  2 535  2 715  2  93  2 600  21150  2 525  2 986  2 999  2 804  2
0706401630 999  21466  21566  21753  2 481  21021  21369  21233  2 632  2 415  2
0706401640 473  2 951  21180  2 428  2 879  21031  2 733  2 328  2 484  2 489  2
0706401650 859  2 676  2 813  21027  21628  2 837  2 947  2 585  21030  2 824  2
07064016601056  4 831  4 663  4 810  4 414  4 609  41011  41211  41631  41391  4
07064016701331  61227  61549  61119  61007  61285  61076  6 933  61030  6 658  6
0706401680 701  81363  81299  8 649  81055  8 549  81105  81067  8 857  8 946  8
07064016901042  9 893  91240  91338  9 971  9 879  9 840  91324  91357  91056  9
07064017001525  91245  91765  91110  91011  9 369  9 565  91115  9 886  91170  9
0706401710 927 111321 111257 111454 111155 111018 11 978 11 815 11 759 11 685 11
0706401720 908 11 736 111155 11 917 111365 111323 11 849 111585 111179 11 868 11
07064017301160 15 944 151015 151221 15 947 15 622 15 664 151056 151342 15 885 15
07064017401269 15 734 151190 151234 15 502 151158 15 683 15 701 15 529 15 716 15
0706401750 951 15 782 15 970 151061 151059 151129 15 905 15 824 151016 15 565 15
0706401760 673 171131 171572 17 923 17 961 17 765 171169 17 927 17 713 17 694 17
0706401770 544 17 347 17 631 17 800 17 890 171168 17 778 17 513 17 894 17 738 17
0706401780 944 17 873 17 970 17 506 17 575 17 994 17 876 17 744 17 824 171171 17
0706401790 836 18 863 181227 18 859 18 790 18 731 18 681 18 527 18 727 18 683 18
0706401800 447 181090 181274 181202 181050 18 684 18 912 181156 181014 18 927 18
07064018101030 201324 201602 201324 201852 201541 201261 201076 201308 201584 20
07064018201649 201678 201450 201148 201002 201231 201681 201464 201565 201281 20
07064018301501 201502 201961 201147 20 923 201032 201418 20 833 201394 201134 20
07064018401153 201116 20 764 20 607 20 938 20 962 201206 20 882 20 737 20 900 20
07064018501070 20 991 201056 201180 201055 20 994 201316 201120 20 912 20 959 20
07064018601296 201417 201217 201154 20 667 201228 201402 201457 201210 20 276 20
0706401870 963 201048 201070 201314 201094 20 945 20 703 201277 201006 201370 20
07064018801191 201551 201300 201261 201075 201012 20 461 20 697 20 872 20 785 20
0706401890 774 20 349 20 991 20 881 20 883 201066 20 941 20 922 201069 20 998 20
07064019001645 201360 201593 201093 201577 20 752 201144 201142 201464 201005 20
0706401910 569 20 759 201198 201288 201134 201096 201126 20 960 20 726 20 600 20
0706401920 476 20 509 20 257 20 598 20 520 20 528 20 587 20 767 20 971 20 824 20
0706401930 761 20 596 20 551 20 707 20 905 20 787 20 766 201005 201026 201307 20
0706401940 927 20 774 201368 201065 20 928 201081 201474 20 818 201080 201249 20
0706401950 807 20 821 201030 20 611 20 796 201070 20 875 20 693 20 534 20 688 20
0706401960 918 20 665 201119 20 709 20 740 20 810 209990  09990  09990  09990  0
070640 376  .490  .319  .278 .99241 373.1474 408.3691                           
527547 1 PYRAMID LAKE, ALBERTA, CANADA   527547                           01 492
527547 2 CANADA       DOUGLAS-FIR        4000  5254 11805          1540 1965    
527547 3 C. W. FERGUSON AND M. L. PARKER                                08021966
5275471540 820  21610  21410  2 780  2 810  2 940  2 830  21290  2 970  21410  2
5275471550 950  21020  2 740  2 900  2 760  2 850  2 740  2 510  2 800  21380  2
5275471560 660  5 850  5 660  5 850  51140  51220  51570  51080  5 620  5 860  5
5275471570 960  5 550  51570  51440  51320  51310  5 790  51120  5 870  5 960  5
5275471580 510  5 280  5 400  5 440  5 420  5 650  5 330  5 730  51460  51500  5
52754715901750  51150  51460  5 870  5 860  5 500  5 610  5 720  5 790  5 700  5
5275471600 970  51430  51040  51170  51030  5 560  5 310  5 740  51280  51130  5
5275471610 790  5 940  5 820  51370  51900  51350  51860  51460  51280  51460  5
5275471620 600  51100  5 770  5 160  5 620  5 370  5 690  5 320  5 740  5 900  5
5275471630 609  61149  6 664  6 924  6 492  6 458  61515  61022  6 893  6 221  6
5275471640 628  7 804  71233  7 978  7 839  71173  7 694  7 492  7 907  71110  7
52754716501013  9 765  91509  9 995  91494  9 612  9 770  9 466  91094  9 960  9
52754716601046  9 834  9 740  9 690  91148  91228  9 845  9 521  9 848  91266  9
52754716701101  91074  91444  91203  9 668  9 903  91482  9 558  9 538  91376  9
5275471680 561 101198 10 647 10 275 101044 101014 10 865 10 468 101115 101393 10
52754716901740 101594 10 748 101486 101993 101605 101207 101759 101458 101121 10
52754717001236 13 420 13 495 13 612 13 950 13 779 13 561 13 653 13 702 13 991 13
5275471710 968 141206 141225 141504 14 982 14 881 14 870 14 966 14 896 14 994 14
5275471720 923 141214 141151 14 966 14 604 14 881 14 456 14 822 14 999 14 995 14
52754717301104  9 449  91052  91341  91184  91613  91419  9 819  91711  9 998  9
52754717401084  9 808  9 911  9 772  9 460  91042  9 740  91104  9 981  91040  9
5275471750 496 11 693 111408 111384 11 962 111174 11 723 11 219 11 603 11 514 11
5275471760 701 13 837 131359 131256 131389 13 854 131138 131243 131247 13 986 13
52754717701102 13 630 13 486 13 631 13 864 131148 13 740 13 599 131292 13 902 13
5275471780 987 131383 131353 131287 131758 13 974 132047 132281 131387 132056 13
5275471790 615 151033 15 712 15 295 15 537 151001 15 606 15 947 15 689 151108 15
5275471800 469 191614 19 867 19 811 191209 191366 191644 191501 19 748 191032 19
52754718101190 221157 221250 22 815 22 727 22 644 22 865 22 656 221271 221703 22
52754718201083 261154 261712 26 969 26 866 26 830 261135 26 701 26 732 261447 26
52754718301692 29 688 29 845 29 501 29 932 29 905 291127 29 276 29 726 29 758 29
5275471840 891 31 844 31 696 31 757 31 858 311242 311281 31 679 311005 31 983 31
5275471850 714 33 757 33 755 33 259 331271 331711 33 647 331295 33 802 33 738 33
5275471860 852 36 558 36 835 36 829 36 838 36 690 361191 361137 361090 36 411 36
5275471870 851 36 842 361053 361106 361610 361873 361602 361923 36 837 362184 36
52754718801263 361891 361608 361590 36 977 36 833 361338 361169 361365 36 583 36
5275471890 867 36 945 36 836 361144 36 641 361037 36 758 361032 36 818 36 573 36
52754719001022 361301 361250 36 909 361408 361093 36 639 361116 36 926 361105 36
52754719101550 361187 36 484 36 801 361194 36 604 36 771 36 745 36 980 36 425 36
5275471920 625 36 807 36 634 36 693 36 599 36 678 36 815 36 614 361168 36 468 36
52754719301041 36 562 36 950 36 990 361044 361027 36 421 36 462 36 826 36 600 36
5275471940 553 36 432 36 892 36 809 36 907 36 569 36 613 36 634 361056 361319 36
52754719501464 361351 36 759 361553 362155 361860 361243 361113 361325 361662 36
52754719602217 36 682 361305 361338 361403 362122 369999  09999  09999  09999  0
527547 426  .394  .385  .357 .98847 421.0889 479.3326                           
033640 1 UNION, OREGON   033640                                           13 362
033640 2 OREGON       PONDEROSA PINE     4700  4509 11737 135 40 2 1565 1964    
033640 3 M. L. PARKER                                                   08201965
03364015609990  09990  09990  09990  09990  0 952  11190  11016  1 793  1 880  1
0336401570 663  1 856  1 931  1 886  11051  11061  1 701  1 785  1 648  1 674  1
0336401580 845  1 481  11023  11150  1 905  11244  11367  11320  11927  11243  1
03364015901067  11036  11185  11276  11199  11322  11300  11536  1 982  1 923  1
0336401600 811  2 859  2 988  2 747  21013  2 966  21002  21152  21172  2 975  2
03364016101214  3 975  31315  31029  3 732  3 918  31014  31326  31039  3 796  3
03364016201146  41105  41099  4 715  41254  41025  4 894  4 893  4 752  4 687  4
0336401630 761  5 894  51083  51327  5 931  5 978  51004  5 986  5 865  5 797  5
03364016401374  51422  51479  5 938  51081  51037  51454  51371  51397  5 661  5
03364016501027  5 656  5 722  5 695  5 909  5 814  5 996  5 604  51057  5 826  5
0336401660 909  6 857  6 818  6 731  6 763  6 543  61056  61031  61005  61585  6
03364016701459  71277  71189  71086  71007  71015  7 882  7 688  71031  7 950  7
0336401680 773  71195  71015  71215  7 994  71024  71149  71148  71072  7 920  7
0336401690 995 11 989 111027 11 908 11 911 11 989 11 871 111106 11 863 11 867 11
03364017001010 11 986 111252 111139 111005 11 807 11 961 111017 11 635 11 684 11
0336401710 795 111016 11 833 11 975 11 866 111037 111100 11 552 11 578 11 789 11
0336401720 825 11 686 11 727 11 952 11 816 11 990 111011 111294 11 738 11 798 11
0336401730 845 11 895 111094 111042 11 809 11 828 11 796 11 940 111264 11 872 11
0336401740 553 11 534 11 705 11 833 11 696 111224 111107 111107 11 976 111271 11
03364017501584 131429 131162 13 929 13 914 131372 13 488 13 602 13 775 13 679 13
0336401760 894 141502 141021 141073 14 742 14 996 141138 141204 141192 141179 14
03364017701357 151017 15 968 151232 151062 151227 15 993 151131 151256 151102 15
03364017801196 161089 161175 16 688 16 731 16 787 16 886 16 655 16 752 16 962 16
0336401790 982 161289 161007 161090 16 867 16 915 16 850 16 570 16 587 16 955 16
0336401800 752 18 826 18 859 181084 18 791 18 911 18 893 18 851 18 993 181323 18
03364018101104 18 977 181164 181017 181368 18 891 18 955 181006 18 982 181130 18
03364018201012 181229 181029 18 666 18 950 181258 181239 181097 181117 181356 18
0336401830 938 18 647 18 937 18 852 18 792 18 671 18 920 18 758 181012 181115 18
0336401840 995 181115 18 797 18 758 18 862 181109 18 844 18 687 18 795 18 643 18
0336401850 978 201134 20 882 201206 201276 201380 201063 201142 201026 20 788 20
0336401860 905 201109 20 986 201024 20 944 20 836 201147 20 945 201106 20 782 20
0336401870 833 20 832 20 668 201070 20 903 20 964 201023 201405 201466 201301 20
0336401880 959 201370 20 956 20 746 20 890 201311 20 886 201036 20 974 20 836 20
0336401890 761 201056 201073 20 918 201228 201135 20 949 201166 201100 20 793 20
03364019001265 201247 201183 201120 201475 201155 201211 201369 201501 201529 20
03364019101315 201301 201609 202316 201608 201752 201333 201120 201071 201130 20
0336401920 780 201230 20 821 20 927 20 531 20 682 20 831 201056 201161 201027 20
03364019301124 20 844 20 824 20 673 20 842 20 654 20 551 20 517 20 670 20 732 20
0336401940 749 201262 201483 201031 20 943 20 755 20 946 20 893 20 873 20 856 20
0336401950 817 20 977 201063 20 895 201056 20 998 201167 201078 20 951 20 874 20
03364019601168 20 933 20 812 20 859 20 765 209990  09990  09990  09990  09990  0
033640 400  .514  .239  .184 .99863 399.4533 421.6391                           
037640 1 PAULINA, OREGON   037640                                            413
037640 2 OREGON       PONDEROSA PINE     4300  4416 11953          1600 1965    
037640 3 M. L. PARKER                                                   09011965
0376401600 854  11116  11815  11389  11555  11100  11688  21311  21603  21608  2
03764016101959  21646  21331  21608  2 778  2 883  2 764  2 841  2 518  2 504  2
0376401620 747  21053  2 760  2 828  3 549  3 935  3 566  3 491  3 538  3 611  4
0376401630 484  4 826  4 280  4 854  4 963  41129  4 688  4 653  4 799  4 608  4
0376401640 605  41108  41259  41073  4 822  4 805  4 509  4 846  41141  4 799  4
0376401650 984  5 761  5  57  5 425  5 529  5 628  5 746  5 742  6 784  6 989  6
0376401660 740  6 925  6 813  61152  6 847  6 930  61221  6 885  61190  61267  6
0376401670 980  61179  61263  71334  71169  71172  71238  7 928  71214  7 707  7
0376401680 662  81299  8 966  81129  81237  81012  81089  81275  81037  81167  8
03764016901101  8 872  81118  8 920  81276  8 723  8 998  81315  81185  8 984  8
03764017001104 101004 101286 101112 111165 111069 111049 111027 13 762 13 947 13
0376401710 849 13 946 131041 131032 13 974 131331 131170 13 791 13 738 13 887 13
0376401720 752 13 350 13 642 13 709 13 620 13 678 13 717 13 965 13 794 13 577 13
0376401730 839 13 966 131098 131075 131174 13 773 13 650 13 764 13 800 13 631 13
0376401740 841 13 910 13 778 13 998 131110 131503 131702 131720 131507 131714 13
03764017501994 131605 131735 131309 131216 131320 13 657 13 563 131006 13 828 13
0376401760 738 131537 131205 131040 13 973 131144 131471 131387 131182 131301 13
0376401770 668 151050 151278 161407 161155 161412 161181 161109 161197 16 948 16
03764017801181 20 934 20 960 20 868 201142 201108 201125 20 866 20 949 201176 20
0376401790 861 201289 201132 20 967 201008 20 844 20 881 20 630 20 836 20 968 20
0376401800 351 20 749 20 892 20 933 20 996 201008 201151 20 945 201079 201169 20
0376401810 872 20 897 201204 201095 201480 201170 201237 201032 201230 201009 20
03764018201022 20 948 20 859 20 865 20 926 201324 201141 20 857 20 979 201026 20
03764018301081 20 694 201429 20 836 20 864 201105 201521 201249 201476 20 938 20
0376401840 959 201029 20 950 20 897 20 862 201034 20 842 20 780 20 769 20 818 20
0376401850 930 201006 201011 201087 201148 201180 20 862 201018 20 778 20 706 20
03764018601146 201160 201025 201010 20 960 20 826 201024 20 947 20 961 201169 20
0376401870 923 20 966 20 978 20 957 20 874 20 866 201081 201402 201228 201320 20
03764018801089 201443 20 875 20 911 201023 201406 201125 20 977 20 925 20 576 20
0376401890 732 20 780 20 984 20 904 201458 20 893 20 854 201100 20 905 20 730 20
03764019001099 201099 20 949 20 967 201103 20 923 20 974 201399 201161 201204 20
03764019101088 20 999 201199 201238 201284 201124 201237 201049 20 967 20 874 20
0376401920 674 20 870 20 560 20 898 20 552 20 847 20 654 20 687 20 873 20 461 20
0376401930 574 20 655 20 598 20 553 20 352 20 420 20 582 20 618 20 816 20 630 20
0376401940 776 201033 201407 201349 20 946 201278 201265 201377 201146 201023 20
03764019501020 201285 201026 20 999 20 963 20 812 201009 201075 201090 20 752 20
03764019601090 20 938 20 865 201236 20 734 201112 209990  09990  09990  09990  0
037640 366  .595  .281  .212 .99679 364.8245 392.4323                           
535549 1 KETCHUM + KETCHUM EAST + WARM SPRINGS               PSME            510
535549 2 IDAHO        DOUGLAS FIR       1829M 04340-11420          1521 1965    
535549 3 C.W. FERGUSON                                                   8/  /65
53554915209990  0 332  1 322  1 375  1 469  1 668  1 638  1 513  1 608  1  63  1
5355491530 683  1 642  1 379  1 337  1 518  1 730  1 689  1 753  1 978  1 872  1
5355491540 607  1 501  1 716  1 685  1 921  1 804  11160  11312  11379  11629  1
53554915501631  11298  11647  1 987  1 532  1 794  1 904  11505  11125  11148  1
53554915601139  11130  1 999  1 869  11619  1 871  11060  1 774  11074  11087  1
5355491570 788  1 322  1 779  1 747  11061  11320  1 963  11335  1 820  11001  1
5355491580 462  1 564  1 858  11097  1 623  1 726  1 920  1 887  1 501  1 742  1
5355491590 583  1 858  11135  1 654  1 908  1 426  11361  11363  1 890  11494  1
5355491600 649  11092  1 802  1 780  11190  11063  11521  11055  11796  11399  1
53554916101354  11061  11334  11502  11303  11399  11295  12022  11287  11086  1
5355491620 872  11939  11366  11188  11575  11349  1 711  1 942  1 919  1 690  1
5355491630 643  1 534  1 109  1 951  1 867  11235  11188  1 834  11056  1 997  1
53554916401208  11506  12065  11808  11290  11292  11120  11096  1 861  11400  1
53554916501515  11455  11105  21087  21529  2 341  2 867  2 656  2 772  2 817  2
5355491660 700  21024  2 962  2 909  21038  2 689  21063  2 570  21067  21025  2
5355491670 924  21541  21720  21242  21669  21327  21107  21123  2 526  2 936  2
5355491680 820  2 975  21117  2 780  21128  21171  21077  21852  21100  21454  2
53554916901206  2 869  21010  21380  21117  2 524  2 626  2 849  21033  21313  2
53554917001569  21263  21672  2 709  2 976  21016  2 904  21058  2 833  2 779  3
5355491710 832  3 906  3 994  3 834  3 807  3 738  31010  3 783  3 827  3 763  3
5355491720 986  3 459  3 705  3 822  4 907  4 803  41013  5 990  51220  5 746  5
5355491730 782  5 799  5 895  5 782  6 848  6 889  6 528  6 902  71184  71043  7
5355491740 986  71105  7 952  7 989  7 820  71117  71301  71083  71052  71397  7
53554917501393  91250  91180  91180  9 941  91144  9 973  9 671  9 909  91062  9
53554917601181  91417  91045  9 845  91045 10 873 101295 101517 101280 111156 11
5355491770 966 111118 111113 111190 11 921 111207 111100 11 823 12 753 12 802 12
53554917801006 14 741 14 515 14 531 14 737 14 761 14 819 14 926 14 766 141140 14
5355491790 961 151062 151335 151259 15 824 15 411 151027 151075 15 734 15 998 15
5355491800 739 16 844 16 973 161214 16 890 161014 161004 16 800 17 933 17 893 17
53554918101005 181039 181053 181033 18 905 18 897 181061 181100 181091 181109 18
53554918201195 181360 18 695 19 696 19 716 19 937 201075 201049 201515 20 945 20
53554918301024 22 701 221079 221058 22 757 221120 221135 221019 221122 221850 22
5355491840 989 25 851 25 789 251176 25 853 25 935 25 791 25 902 251024 251040 25
53554918501107 26 981 26 854 261170 261320 261395 26 826 26 989 26 968 26 750 26
53554918601284 261146 26 961 261160 26 727 26 738 261386 26 984 261287 261071 26
53554918701016 26 740 26 847 261000 26 868 26 894 261024 261142 261065 261255 26
5355491880 952 261105 26 989 261129 26 990 261158 26 842 26 885 26 938 26 711 26
5355491890 665 26 968 26 992 26 718 26 994 261022 26 825 26 806 261242 26 716 26
5355491900 985 26 887 26 656 26 728 26 899 26 966 261118 261439 261512 261116 26
53554919101197 261527 261083 261512 261942 261895 261820 261074 261215 261134 26
5355491920 914 261046 26 975 261268 26 833 261229 26 984 26 870 26 903 26 810 26
5355491930 780 26 718 26 780 26 756 26 614 26 848 26 673 26 831 26 740 26 888 26
5355491940 885 26 947 261106 26 822 26 962 26 997 26 918 261020 26 860 26 877 26
5355491950 790 26 993 261000 261078 26 740 26 863 26 926 261017 26 879 26 874 26
5355491960 741 26 699 26 803 261156 261011 261229 269990  09990  09990  09990  0
535549 445  .495  .298  .236 .99663 443.4990 481.4222                           
020540 1 SALMON RIVER SOUTH, IDAHO   020540                               12 481
020540 2 IDAHO        DOUGLAS FIR        4600  4458 11357 315 45 2 1569 1965    
020540 3 C. W. AND E. B. FERGUSON                                       08271965
02054015609990  09990  09990  09990  09990  09990  09990  09990  09990  01438  1
0205401570 938  1 627  1 982  1 800  11785  11384  1 995  11307  11367  11308  1
0205401580 362  1 415  1 613  11215  1 176  1 710  11253  1 986  11368  11754  1
0205401590 737  1 895  11782  1 653  1 569  1 629  11471  11367  1 481  1 947  1
0205401600 465  11006  11249  1 498  1 824  11334  11633  1 828  1 625  11517  1
02054016101241  11336  1 640  11580  11564  1 678  1 772  11424  1 768  11245  1
0205401620 527  11511  11400  11019  1 647  11478  1   0  1 492  2 640  21049  2
0205401630 718  2 751  2 511  2 521  2 720  3 818  31165  31061  3 623  3 881  3
0205401640 757  31636  31651  31331  3 779  31033  3 706  31190  31228  31344  3
02054016501296  31183  3 787  3 813  31323  31367  31096  3 527  3 898  3 774  3
0205401660 872  3 862  3 824  31206  31105  41127  4 901  41269  41411  41034  4
02054016701064  4 673  4 452  4 365  41390  41270  41331  41080  4 568  4 970  4
02054016801063  41023  4 778  41116  41333  41380  4 783  4 879  41287  4 963  4
0205401690 904  4 739  4 530  4 998  41237  4 436  4 747  41032  4 931  41049  4
02054017001557  4 832  41756  41236  4 563  41220  41149  41199  41066  5 711  5
02054017101100  5 778  5 755  51198  5 673  5 704  51102  5 942  5 696  51125  5
02054017201093  5 638  5 635  5 926  51066  5 973  61455  61299  61487  6 318  6
0205401730 947  61174  6 785  6 672  7 549  7 331  7 555  71082  71479  8 730  8
02054017401160  81136  8 837  81030  8 828  8 819  81322  81326  81028  81504  8
02054017501218  8 973  8 933  81041  8 870  9 925  9 295  9 296  9 880  9 944  9
0205401760 448  9 974  91277  9 819  91091  91440  9 725  91212  91129  9 996  9
02054017701003  9 855  91048  9 786  9 958  91403  91487  9 975  9 868  9 675  9
0205401780 904  9 917  9 843 10 636 10 446 101053 101082 101063 101047 101435 11
02054017901427 11 922 121136 12 658 12 478 12 766 12 476 121027 12 734 121134 12
0205401800 646 131276 141390 141476 141366 14 579 141364 141210 141369 141116 14
02054018101428 14 977 141221 14 920 14 646 14 658 141057 14 877 141207 141360 14
0205401820 931 141416 141421 141208 141443 141397 141575 141445 141743 141683 14
02054018301089 151040 151305 151748 15 606 151196 151177 15 966 151293 151716 15
0205401840 914 15 816 15 751 15 884 16 599 16 629 16 713 16 436 16 567 16 388 16
0205401850 826 16 901 16 822 16 646 16 966 161093 16 773 161029 16 878 16 762 16
02054018601104 161396 16 687 16 694 16 865 16 983 161420 161243 161308 161277 16
0205401870 616 16 539 16 861 161195 16 576 16 807 16 947 16 747 16 950 161231 16
02054018801231 16 571 161149 161617 16 713 161360 161030 16 649 16 855 161171 16
0205401890 448 16 891 161569 16 600 16 963 161033 161151 161092 16 901 16 834 16
02054019001162 16 951 16 932 161110 161124 161314 161120 161486 161891 16 952 16
02054019101254 161483 161335 162076 162060 161234 161935 161205 16 739 161013 16
0205401920 567 161158 16 833 16 934 16 768 16 753 161057 16 968 161125 16 975 16
0205401930 534 16 870 16 668 16 833 16 312 16 447 16 394 16 559 16 593 16 763 16
0205401940 670 16 712 161109 16 657 161089 161171 16 517 161161 161465 16 937 16
0205401950 718 161112 161059 161030 16 251 16 613 16 901 161128 161117 161112 16
0205401960 623 16 841 16 644 161127 161132 161443 169990  09990  09990  09990  0
020540 397  .274  .343  .344 .99564 395.2702 440.0335                           
016540 1 HELENA, MONTANA   016540                                         08 466
016540 2 MONTANA      DOUGLAS FIR        3700  4643 11148 202 30 2 1565 1965    
016540 3 C. W. AND E. B. FERGUSON                                       09071965
01654015609990  09990  09990  09990  09990  02445  11631  1 683  11577  11464  1
01654015701332  1 780  1 590  1 953  1 515  1 859  11147  11645  1 708  1 958  1
0165401580 882  1 191  1 403  1 384  1 211  1 481  1 905  11987  11293  12376  1
01654015901295  1 561  11278  11027  1 329  1  77  11127  11439  11226  1 837  1
0165401600 370  1 526  1 995  1 742  1 821  11409  1 881  1 156  11805  12258  1
01654016101769  12026  11161  1 886  1 946  1 947  1 434  11462  1 672  1 554  1
0165401620 931  11368  1 496  11430  1 855  11114  11155  1 996  11177  1 778  1
0165401630 519  1 540  1 280  11382  1 601  11484  11345  1 422  1 844  11409  1
01654016401108  11552  11271  1 606  11374  1 161  1 951  11358  1 223  1 385  1
0165401650 670  11281  1 631  1 933  21270  21422  21023  2 154  2 480  2 852  2
0165401660 919  2 604  21002  2 808  2 786  2 164  2 970  21388  22634  21167  2
0165401670 957  2 654  21228  2 673  21186  21318  21053  2 215  2 679  21023  2
0165401680 877  31406  31111  3 938  31422  31208  3 685  3 601  3 920  31189  3
0165401690 469  31450  31293  31140  3 499  3 326  3 197  3 799  31490  51569  5
01654017001996  71713  71937  71305  8 536  8 970  8 497  8 363  8 635  81083  8
0165401710 450  8 188  8 776  81515  82066  82096  81364  8 467  8 175  8 362  8
0165401720 247  8 351  8 740  8 774  91195  91065  9 716  91661 101282 111112 11
0165401730 628 111867 111593 111483 11 990 11 269 11 874 111517 111099 11 680 11
0165401740 525 12 904 12 728 12 621 12 136 121275 121525 121234 13 578 13 955 13
01654017501940 13 906 13 606 131452 13 902 13 531 13 572 13 786 131176 131290 13
0165401760 582 13 934 13 861 13 931 131159 141223 14 477 141776 141603 14 545 14
0165401770 448 141130 141081 14 761 14 916 141427 141108 141250 14 949 14 935 14
0165401780 900 141577 14 858 14 181 14 434 14 582 141006 141015 141135 141395 14
01654017901286 141057 14 486 14 330 14 609 14 948 14 474 14 343 14 645 15 916 15
0165401800 380 15 702 15 516 15 710 15 759 15 529 15 847 151459 15 480 15 789 15
01654018101770 151714 15 472 151272 151408 16 257 161358 161064 16 455 16 369 16
0165401820 990 171476 17 688 171339 171768 171145 171508 18 794 181395 181535 18
01654018301220 181081 182047 182010 181581 181827 181103 181057 18 725 181975 18
0165401840 597 181609 18 864 18 926 18 921 18 713 18 321 18 418 18 953 181111 18
0165401850 554 18 667 18 859 181585 181591 18 887 181333 18 859 18 541 181208 18
01654018602211 181168 18 881 18 611 18 670 18 840 181454 181019 18 784 18 413 18
0165401870 569 18 616 181135 181391 18 609 181361 181539 181241 181101 181448 18
01654018801553 181155 181353 181846 18 817 181468 181965 182455 181750 18 395 18
0165401890  99 18 968 181358 181558 181143 18 813 18 865 181248 181922 181241 18
01654019001214 181583 181422 18 408 18 918 18 355 18 808 181524 18 926 181642 18
01654019101205 181077 181583 181151 181351 181024 182066 181460 18 618 18 291 18
01654019201193 18 790 18 999 181052 18 804 181285 18 670 181396 18 945 181183 18
0165401930 894 18 414 18 852 18 196 18 288 18 338 18 579 18 315 18 781 18 244 18
0165401940 392 18 332 18 861 18 862 18 600 181061 18 214 181239 181423 181078 18
0165401950 872 181140 18 850 181197 18 592 181077 18 784 18 584 18 663 18 775 18
0165401960 351 18  21 18 684 18 793 18 799 181121 189990  09990  09990  09990  0
016540 401  .356  .481  .503 .98841 396.3531 484.3388                           
054549 1 LIVINGSTON, MONTANA   054549                                        520
054549 2 MONTANA      DOUGLAS-FIR        4700  4536 11033          1532 1965    
054549 3 C. W. FERGUSON AND M. L. PARKER                                07281966
05454915309990  09990  0 926  1 555  1 427  11092  11125  11173  11399  11216  1
05454915401306  11480  1 555  1 854  11179  1 853  1 784  1 850  1 817  11338  1
05454915501251  1 820  1 951  1 994  11183  11189  11109  11385  11243  11009  1
05454915601071  11055  11407  1 757  11435  11299  11856  1 970  11700  11220  1
05454915701158  1 665  1 810  1 578  1 694  1 858  1 754  11125  1 556  1 254  1
0545491580 176  1 431  1 548  1 421  1 580  11000  11102  2 972  2 645  2 788  2
0545491590 735  2 552  2 930  2 741  21222  2 812  21333  21231  2 992  21056  2
0545491600 748  21223  2 922  31129  31263  3 650  3 849  3 742  3 920  31228  3
05454916101289  31518  3 933  3 953  3 926  3 956  41142  41422  4 417  41173  4
0545491620 878  4 995  41034  4 965  4 877  41100  4 943  4 486  5 935  5 991  5
0545491630 717  6 889  6 784  61454  6 880  6 928  61248  6 716  6 905  61159  6
05454916401397  61505  61301  71572  71466  7 876  7 825  71055  7 849  71240  7
0545491650 611  7 641  7 967  7 330  7 809  71054  7 704  7 848  7 817  7 695  7
05454916601030  7 614  8 817  81028  9 632  9 711  9 881  91170 101190 101024 10
05454916701349 101230 101163 101588 10 956 101290 101923 10 802 101680 101458 10
05454916801349 111032 11 728 111344 111458 111239 11 959 11 717 11 947 11 775 11
0545491690 845 111184 111370 11 998 11 951 111177 11 997 11 769 111110 11 913 11
05454917001288 12 939 121227 12 999 12 465 12 884 12 993 12 797 12 402 12 936 12
0545491710 846 12 683 12 909 121258 121501 121492 121175 12 343 12 138 121332 12
0545491720 466 13 668 13 861 13 621 131145 141196 151233 151052 151113 151066 15
0545491730 883 161005 161061 161377 16 858 17 526 17 777 171291 17 495 18 743 18
0545491740 731 181092 181139 18 837 19 488 19 964 191336 201180 20 886 201309 20
05454917501320 211153 211259 21 943 211267 21 523 21 434 21 788 211311 21 569 22
05454917601109 221228 221633 221219 221134 221549 221116 221245 221492 221001 22
0545491770 903 221316 221501 221640 22 867 221486 221051 221234 221587 221161 22
05454917801066 23 819 231086 231158 231123 231153 231183 231458 231219 241349 24
0545491790 831 24 726 24 952 24 490 24 711 24 664 24 842 24 981 24 541 24 827 24
0545491800 141 25 738 25 796 25 800 251232 25 583 25 600 251087 25 391 25 599 25
05454918101091 251289 251028 251090 251268 25 675 25 519 25 818 25 373 25 623 25
0545491820 738 251113 25 859 25 665 261119 261061 261240 26 819 261042 26 979 26
0545491830 838 26 766 261340 261437 26 414 26 806 26 812 26 725 261051 261513 26
05454918401197 26 738 261055 261172 261238 26 782 26 968 26 848 26 204 261494 26
0545491850 886 261080 26 967 261332 261165 26 380 26 897 26 732 26 783 26 654 26
0545491860 309 26 573 26 573 26 380 26 373 26 243 261106 26 888 26 832 26 930 26
0545491870 878 26 991 26 996 261268 26 788 261007 261121 26 958 261199 261424 26
05454918801477 26 917 261256 261401 26 753 26 912 261206 261064 261380 26 846 26
0545491890 682 26 988 261182 26 888 261033 261117 261210 26 672 261243 261691 26
05454919001249 261106 261047 261116 26 857 26 874 26 987 261514 261068 261745 26
0545491910 890 261830 261684 261252 261657 261415 262080 261926 261562 26 354 26
05454919201326 261156 261214 261071 261161 261219 26 723 26 958 26 798 261139 26
0545491930 431 26 808 26 828 261033 26 457 26 763 26 557 26 839 26 967 26 446 26
0545491940 831 26 663 261053 261005 26 954 261215 26 844 261210 261235 26 893 26
05454919501329 261127 261077 261042 26 550 26 798 26 735 26 915 26 980 261138 26
0545491960 903 26 523 261470 261593 26 810 261552 269990  09990  09990  09990  0
054549 434  .334  .324  .318 .99583 432.1881 475.8902                           
146649 1 PILGER MTN LOOKOUT, SOUTH DAKOTA   146649                        19 182
146649 2 SOUTH DAKOTA PONDEROSA PINE     4600  4328 10354 000 15 1 1520 1964    
146649 3 H. C. FRITTS                                                   08251965
1466491520 989  11551  1 920  11077  11126  11308  11201  11275  1 723  1 748  1
1466491530 930  1 762  1 424  1 376  1 559  1 791  1 950  11000  1 916  1 954  1
1466491540 968  1 945  1 233  1 320  1 246  1 135  1 531  1 693  1 657  1 968  1
1466491550 447  1 821  1 436  1 412  1 412  1 801  1 451  1 678  1 754  1 717  1
1466491560 939  2 632  2 784  2 289  2 582  2 769  21101  21292  2 993  21175  2
14664915701778  31411  31531  3 896  3 948  3 810  3 905  31030  31028  3 875  3
1466491580 467  3 260  3 631  3 873  31031  3 604  3 518  3 653  3 519  31167  3
1466491590 863  3  87  3 526  3 820  3 867  3 931  3 962  3 784  3 805  31222  3
1466491600 772  3 866  31392  31503  31611  3 843  3 882  31282  31412  31480  3
14664916101258  31686  31800  31677  3 901  31934  31299  31727  31431  31751  3
14664916201508  31890  31912  31085  31393  31378  31146  31465  31615  31879  3
1466491630 782  31132  31182  31437  31236  31503  3 748  3 743  3 548  3 698  3
14664916401091  31111  31154  31191  31634  31583  31507  3 773  3 766  3 955  3
14664916501014  31144  3 362  3 491  3 363  3 716  3 795  3 913  3 831  3 968  3
1466491660 791  31038  3 744  3 769  3 378  3 485  3 935  31298  3 655  31302  3
14664916701262  3 491  31175  31192  3 808  3 919  3 982  31078  3 953  3 396  3
14664916801244  4 854  4 748  41477  41550  41272  41181  41564  41246  4 637  4
1466491690 860  71009  71053  7 861  71073  71340  71094  71017  7 908  71177  7
14664917001005  81012  81475  81362  8 970  8 888  8 761  81057  8 331  81083  8
1466491710 881 10 594 10 361 10 917 10 994 101229 101639 10 977 10 839 101332 10
1466491720 648 13 650 131098 13 993 13 854 13 907 131679 131558 13 822 131034 13
1466491730 666 131007 131060 13 906 13 787 13 818 13 162 131120 131215 131055 13
1466491740 985 14 424 14 763 14 412 14 410 14 606 14 731 14 867 141155 14 850 14
14664917501354 141132 141547 14 952 141128 14 938 14 383 14 235 14 166 14 261 14
1466491760 621 151269 151379 151778 151946 151658 151853 151218 151188 15 398 15
14664917701066 151033 15 884 151130 151298 151327 151447 151593 151477 15 680 15
14664917801279 161261 161278 161697 161248 16 771 161016 16 999 16 722 16 612 16
1466491790 771 16 505 161004 161180 16 841 16 819 161012 161069 16 546 16 942 16
1466491800 395 17 642 17 848 171026 171060 17 819 171147 17 506 17 322 17 427 17
1466491810 699 18 688 181128 181084 181069 18 709 181068 18 649 18 941 18 959 18
1466491820 997 191001 19 552 19 618 19 367 19 851 19 754 19 957 191180 19 959 19
14664918301512 191053 191354 191015 191300 191317 191258 191401 191158 191422 19
14664918401420 191278 191390 191288 191063 19 594 19 872 19 393 19  24 19 973 19
1466491850 894 191125 19 979 19 804 19 975 19 621 19 297 191194 191185 19 925 19
1466491860 606 17 622 17 796 17 227 17 603 17 160 17 551 17 853 17 873 171005 17
1466491870 601 17 653 17 951 171074 17 799 171071 17 657 17 449 17 827 171181 17
1466491880 957 171343 171643 171712 171708 171950 172056 172157 171867 171629 17
14664918901649 171565 171842 17 851 171517 171442 171075 17 943 171089 171373 17
14664919001109 171243 171234 171288 171444 171665 171477 171716 171337 171680 17
14664919101231 17 605 171371 171104 17 947 171616 171368 171001 171656 17 915 17
14664919201244 171214 171422 171238 17 970 171361 17 788 171220 171237 171086 17
1466491930 889 16 628 161168 16 496 16 286 16 823 16 525 16 850 16 726 16 194 16
1466491940 599 16 829 16 889 16 869 16 798 16 870 16 906 161243 161054 16 753 16
1466491950 594 16 849 16 830 16 691 16 842 161112 15 855 15 929 15 813 15 177 15
1466491960 315 15 124 15 608 15 326 15 540 159990  09990  09990  09990  09990  0
146649 445  .608  .394  .326 .98611 438.8208 501.7107                           
104640 1 ALCOVA RESERVOIR, SITE A, WYOMING   104640                       18 220
104640 2 WYOMING      PONDEROSA PINE     6100  4231 10644 000 20 2 1544 1964    
104640 3 M. A. STOKES AND T. P. HARLAN                                  06291965
10464015409990  09990  09990  09990  0 398  1 651  1 589  1 393  1 458  11305  1
1046401550 912  11319  11338  1 650  1 659  1 962  11000  1 771  1 935  11068  1
1046401560 969  11248  11175  11364  11364  11877  12196  11227  11253  11801  1
10464015701027  11738  11555  11264  11490  1 978  11152  11068  11313  1 648  1
10464015801346  1 710  11182  1 950  11081  1 613  1 742  1 517  1 759  1 957  1
1046401590 535  1 399  1 926  1 738  11160  21318  21911  2 816  2 953  21134  2
1046401600 772  2 674  2 734  2 499  21067  2 832  21092  2 559  2 724  2 923  2
10464016101096  31050  31252  3 979  3 565  31378  31139  31154  31006  31388  3
1046401620 942  31470  41173  41183  4 662  4 921  4 723  4 708  4 952  4 987  4
10464016301106  61030  61436  61567  6 741  6 872  61169  6 636  6 660  6 800  6
1046401640 868  61203  6 886  6 422  61180  6 414  6 605  6 499  6 180  6 686  6
1046401650 663  6 836  6 773  61075  6 873  61187  61154  61119  61110  6 920  6
1046401660 835  61121  61333  61845  61227  6 903  61196  61448  6 893  61528  6
10464016701249  71111  71502  71527  7 804  71071  71431  71144  71500  71079  7
10464016801322  8 853  81173 101271 101150 10 791 10 797 101140 101110 10 994 10
10464016901102 11 947 111162 11 926 111501 111279 111005 111028 111080 111026 11
1046401700 789 111192 111316 111432 111171 111444 111125 111046 12 537 12 839 12
1046401710 474 12 435 12 297 12 857 12 972 12 847 12 838 12 427 12 744 121019 12
10464017201223 14 875 14 925 141438 141058 14 705 141363 141041 14 868 141239 14
1046401730 334 14 652 141008 14 930 14 977 14 681 14 605 141276 14 867 14 760 14
1046401740 666 14 735 14 266 14 362 14 346 14 462 14 449 14 563 14 740 14 829 14
10464017501083 151108 151161 15 933 15 919 151085 15 738 15 893 15 845 15 883 15
1046401760 771 151276 15 787 151179 151190 15 964 151205 15 978 151029 151470 15
10464017701333 151702 151755 151509 151658 151413 151569 161444 161875 161170 16
10464017801500 161261 161102 161296 161181 161094 161276 16 841 16 686 16 587 16
1046401790 857 16 558 161581 161194 161618 161148 161518 161390 16 702 161739 16
10464018001176 161198 161618 161568 171032 17 543 17 643 17 745 171075 17 195 17
1046401810 900 17 802 17 952 17 799 171089 17 838 181230 18 718 18 695 18 949 18
1046401820 534 18 939 18 617 18 490 18 246 18 967 18 752 18 778 18 977 18 926 18
10464018301080 18 800 181326 181128 181061 181217 18 868 181038 181305 181473 18
10464018401245 181118 18 670 181327 181512 18 464 181249 18 765 18 332 18 861 18
1046401850 835 18 676 18 770 18 616 18 798 18 706 18 435 18 781 18 969 181016 18
1046401860 985 19 510 19 937 19 854 19 350 19  56 19 710 19 510 19 815 191040 19
10464018701079 20 735 201029 20 910 20 905 20 768 20 861 201015 201688 201426 20
1046401880 699 20 866 201136 201379 201201 201069 201150 201038 201329 201175 20
1046401890 419 20 562 20 793 20 749 20 862 20 882 20 928 201103 201161 201030 20
1046401900 931 201165 201035 20 878 201035 201192 201474 201447 201154 201272 20
1046401910 980 201115 20 955 20 854 20 643 201289 201021 20 787 201343 20 591 20
1046401920 407 20 561 20 492 20 609 20 906 20 938 201515 201377 201509 201689 20
10464019301865 202111 201368 20 943 20 607 201012 20 247 201383 201096 20 890 20
10464019401057 201439 201327 20 881 20 897 201227 201418 201780 201265 201499 20
10464019501325 201321 201242 201199 20 694 20 885 20 540 201174 20 881 20 691 20
1046401960 526 20 636 201063 201023 201109 209990  09990  09990  09990  09990  0
104640 421  .477  .345  .3001.00420 422.7673 474.5789                           
533009 1 OWL CANYON, COLORADO   533009                                    23 192
533009 2 COLORADO     PINYON PINE        6100  4048 10511 090 20 1 1530 1964    
533009 3 H. C. FRITTS AND R. L. HOLMES                                          
53300915301154  1 976  11309  1 979  1 914  11920  1 915  1 916  1 707  1 682  1
53300915401060  11165  11030  11121  1 934  11463  1 967  1 437  1 373  1 547  1
5330091550 181  1 286  1   8  1 273  1 543  1 511  1 579  1 903  11315  11455  1
53300915601213  21403  21149  21083  21351  21248  2 937  2 953  2 951  21525  2
5330091570 890  3 946  31313  3 920  31106  3 988  3 660  3 931  31079  3 356  3
53300915801019  6 958  6 881  6 898  6 693  6 879  6 768  6 446  6 919  6 970  6
5330091590 729  7 358  7 783  71052  71475  71276  71426  7 823  7 857  71216  7
53300916001005  91031  91250  91140  91109  91287  91143  91330  91131  91351  9
53300916101395  91025  91161  91352  91037  91448  91323  91385  91127  91487  9
5330091620 778  91453  9 419  9 861  91073  9 789  91189  9 810  9 854  9 999  9
5330091630 578 12 980 121163 121527 121363 121009 121045 12 978 12 924 121231 12
53300916401099 131099 131392 131258 131072 13 301 13 553 13 618 13 402 13 477 13
5330091650 919 14 887 14 688 14 661 14 527 141153 141221 141139 141158 141389 14
5330091660 877 151248 15 905 151293 151264 15 884 151040 15 747 15 445 15 892 15
5330091670 820 15 577 15 851 151199 151255 151077 151498 151455 151374 15 949 15
53300916801044 151072 15 404 15 724 15 569 15 512 15 888 15 771 15 883 151210 15
53300916901032 161309 161422 161341 161527 161336 161030 161045 16 692 161027 16
53300917001300 171198 171127 17 973 17 939 171209 171119 171065 17 623 17 470 17
5330091710 803 17 748 17 731 17 996 171016 171176 171329 17 782 171011 171212 17
53300917201465 171666 171278 17 912 17 646 17 836 171201 17 870 17 883 17 876 17
5330091730 865 17 980 171150 17 811 171304 17 917 17 835 171088 171044 17 761 17
5330091740 648 17 728 17 504 17 921 17 755 17 687 17 924 171036 17 753 17 903 17
5330091750 743 181090 18 726 18 805 18 805 181097 18 728 18 571 18 839 18 650 18
53300917601022 181285 181204 18 949 181084 18 864 181327 181053 181674 181221 18
5330091770 826 181404 181272 18 740 181408 181328 181295 181175 181313 18 886 18
5330091780 771 18 818 18 838 18 793 181291 181339 181028 181373 18 895 18 354 18
5330091790 632 191054 191365 191305 191449 191122 19 860 19 972 19 655 191399 19
53300918001190 19 846 19 495 19 808 19 684 19 173 19 604 19 644 19 776 19 609 19
53300918101155 19 839 19 788 19 785 191079 191008 191095 191117 19 658 191060 19
5330091820  73 191264 191197 191057 19 804 191168 191018 191303 191351 191184 19
5330091830 914 19 587 19 957 191161 191000 191027 191584 191424 191346 191288 19
5330091840 544 20 662 20 239 201021 201123 20 855 20 903 20 615 20 291 201057 20
5330091850 681 20 529 20 690 201114 20 858 20 311 20 806 20 945 20 935 20 969 20
5330091860 784 20 232 20 930 20 480 201050 20 875 201379 201346 20 909 201276 20
5330091870 785 20 660 20 876 20 550 20 685 20 809 201068 20 949 201049 20  87 20
5330091880   0 20 383 20 694 20 835 201038 201247 201147 20 461 20 647 20 920 20
53300918901247 201587 201564 20 905 20 918 201345 20 969 201608 201308 201196 20
53300919001428 201572 201503 201690 201310 201505 201227 201297 201298 201476 20
5330091910 627 20 847 201290 201344 201717 201533 20 998 201370 201516 20 792 20
53300919201410 201201 20 814 201362 201478 20 286 201251 201193 201373 20 950 20
53300919301372 20 962 20 352 20 779 20 634 20 689 20 530 20 851 20 795 20 726 20
5330091940 366 201270 201240 201382 201090 201156 20 755 201438 20 803 201377 20
5330091950 956 201312 201477 201210 20 316 20 650 20 908 201319 201675 201627 20
53300919601228 201626 201519 201151 20 938 209990  09990  09990  09990  09990  0
533009 435  .453  .331  .321 .99374 432.2757 477.0607                           
522009 1 HORSETOOTH SUMMIT, COLORADO   522009                             24 192
522009 2 COLORADO     DOUGLAS FIR        6800  4034 10512 022 33 2 1580 1964    
522009 3 H. C. FRITTS AND R. L. HOLMES                                          
5220091580 827  1 593  11175  1 977  11141  11147  11115  1 977  11254  11299  1
5220091590 894  1 585  11443  1 837  11510  1 912  1 831  11049  1 628  1 998  1
5220091600 747  1 382  1 907  1 819  11168  11137  11472  11375  1 576  1 992  1
52200916101034  3 818  3 695  31399  3 963  31574  3 987  31223  31483  31329  3
5220091620 694  31158  3 614  31097  3 941  3 973  3 697  3 908  31038  31309  3
5220091630 889  3 709  31362  31640  31098  31060  31123  31236  3 618  3 801  3
5220091640 894  4 845  41077  41282  41429  4 904  4 928  41019  4 500  4 825  4
5220091650 770  4 838  4 686  4 510  4 219  41135  4 810  4 669  4 826  4 664  4
5220091660 775  61051  6 844  6 868  6 834  6 731  6 834  6 434  6 374  6 553  6
5220091670 865  6 755  6 690  6 930  6 888  61176  61612  61157  61391  6 847  6
52200916801209  6 942  61037  61061  6 817  6 372  61000  6 897  6 877  6 923  6
52200916901337  61060  6 790  6 659  6 869  6 969  6 896  61027  61419  61521  6
52200917002030  6 282  61251  61035  6 989  6 973  61160  61233  61311  6 585  6
52200917101171  6 829  6 879  6 898  61160  6 885  61026  6 695  6 962  61106  6
5220091720 999  71300  71193  71137  71379  71265  71353  71279  71043  71225  7
5220091730 864  71685  71742  71306  71855  71508  7 690  71222  71149  7 529  7
5220091740 734  71102  7 795  7 812  7 511  7 609  7 929  7 743  7 915  7 861  7
52200917501155  71227  71404  71157  7 692  71342  7 984  7 742  7 490  7 853  7
5220091760 388  71071  7 848  71046  7 935  7 755  7 920  7 816  7 994  7 471  7
5220091770 279  7 886  71215  71069  71143  7 917  71026  71125  71113  71626  7
5220091780 963  81678  8 962  81054  8 986  81169  8 647  81059  8 959  8 861  8
52200917901539  81071  81405  8 987  81057  81187  81251  81695  81186  8 916  8
5220091800 816  8 764  8 963  81026  81305  8 745  8 939  8 703  8 642  8 860  8
5220091810 852  8 924  8 906  81005  81024  8 866  81015  81335  81336  8 912  8
5220091820 849  81072  81265  8 787  8 760  81006  8 907  81240  81410  81074  8
52200918301301  81099  81097  81134  81030  81542  81603  81643  81692  82658  8
52200918401500  81840  8 805  82163  81439  81032  81174  81051  8 623  8 935  8
5220091850 935  8 813  81108  8 811  81177  8 313  8 719  8 863  8 704  8 630  8
5220091860 965  8 751  8 339  8 587  8 722  8 531  81046  81051  8 675  81151  8
5220091870 858  8 707  8 776  8 721  8 522  81161  8 562  8 944  8 637  8 609  8
5220091880 452  81094  81143  8 998  8 988  81066  8 744  8 886  81164  81166  8
5220091890 956  81048  81000  8 718  8 761  8 923  8 907  81180  81115  8 691  8
52200919001055  8 853  8 873  81027  8 925  8 923  8 933  81204  8 918  81314  8
5220091910 828  81095  81269  81211  81092  8 826  81069  81110  81187  8 601  8
52200919201345  81496  81080  81233  81168  8 378  81487  81309  81561  81259  8
52200919301427  81280  81219  8 691  8 854  8 693  81008  8 950  81117  8 938  8
5220091940 618  81114  81053  81224  8 672  81064  8 659  81330  81149  81012  8
5220091950 851  81347  81065  8 866  8 202  8 617  8 807  8 771  8 840  8 860  8
5220091960 724  8 809  8 891  8 518  8 481  89990  09990  09990  09990  09990  0
522009 385  .325  .312  .288 .96604 383.4744 419.2987                           
085650 1 CLARK MTN, CALIFORNIA   085650                                      595
085650 2 CALIFORNIA   WHITE FIR          7200  3532 11535 000 40 3 1596 1968    
085650 3 C. W. FERGUSON AND P. J. MEHRINGER                             10  1968
08565015909990  09990  09990  09990  09990  09990  01109  1 872  1 848  11279  1
08565016001017  21111  21533  21187  21044  21205  2 805  2 928  21174  21002  2
08565016101225  21157  21051  2 531  21060  2 958  21428  21397  21068  21651  2
08565016201565  21349  2 685  2 723  2 609  21055  2 554  2 829  2 778  2 688  2
0856501630 776  2 324  2 412  2 650  2 736  2 935  2 654  2 516  2 438  2 656  2
0856501640 889  2 977  21100  2 869  21113  2 942  2 878  21151  2 999  21334  2
0856501650 490  21058  2 309  2 766  2 265  2 774  21194  2 811  2 963  2 950  2
08565016601246  21161  21004  2 821  2 552  2 238  2 353  2 332  2 554  2 559  2
0856501670 108  2 790  2 882  21418  22369  22559  21563  21428  21426  21372  3
08565016801450  3 906  41011  41269  4 812  4 992  4 661  41329  41367  41208  4
08565016901172  4 900  41297  41173  41289  41317  41095  5 977  5 676  51087  5
08565017001451  51746  51233  5 379  5 902  51272  51169  5 590  5 731  51085  5
08565017101390  51341  51249  51262  51070  51060  5 424  51288  51917  51960  5
08565017201650  5 593  5 170  51146  5 996  5 877  51366  51316  6 804  6 527  6
08565017301119  61256  61338  6 728  61200  6 554  6 714  6 812  71165  7 842  7
0856501740 852  71358  7 690  71260  71333  71101  71852  71378  7 405  71114  7
0856501750 938  7 437  7 400  7 853  7 618  7 831  7 982  7 831  71039  71259  7
08565017601093  91225  9 993  9 855  91012  9 309  91304  91193 101134 101089 10
0856501770 965 101338 10 854 10 190 10 963 101198 101239 10 299 10 956 10 980 10
08565017801008 10 185 10   0 10 768 101218 10 785 10 759 101079 10 933 101245 10
0856501790 941 101196 101284 101209 10 989 10 215 10 779 101012 10 873 101361 10
0856501800 796 10 866 101259 10 610 101159 10 620 101021 10 242 10 799 10 199 10
08565018101169 101124 10 458 10 221 10 799 10 809 10 957 10 999 10 600 101017 10
0856501820 330 101093 10 930 10 324 101125 101544 101450 101356 101692 10 527 10
0856501830 859 101393 101634 101638 101082 10 800 10 690 101294 101480 101449 10
08565018401395 10 584 10 982 10 697 101212 10 345 101034 10 350 10 855 101386 10
08565018501522 10 739 101199 101614 101179 101269 10 758 10 499 10 863 10 489 10
08565018601298 101612 101316 10 699 10  95 10 839 101308 101220 101488 101558 10
0856501870 833 10 759 101112 10 988 101181 101049 101031 10 650 101430 10 138 10
0856501880 792 10 966 101207 10 305 101187 101096 101139 101246 101561 101340 10
08565018901552 101951 101428 101142 10 681 101402 10 405 101243 10 517 10 570 10
0856501900 643 101020 10 984 101223 10 442 101242 101331 101442 101513 101576 10
08565019101330 101011 101255 101245 101775 101408 101429 10 989 10 942 101071 10
08565019201275 10 875 101167 10 962 10 618 10 738 10 788 101046 10 558 10 464 10
08565019301034 10 509 101318 10 914 10 268 10 905 101033 101273 101338 101436 10
08565019401539 101467 101326 101162 101074 101173 10 790 10 647 10 974 10 995 10
0856501950 788 10 927 101111 10 752 10 824 10 886 10 409 10 539 10 979 101082 10
08565019601112 10 573 101100 10 878 10 646 101196 101226 101176 101454 109990  0
085650 373  .382  .380  .399 .99850 372.4921 425.8514                           
113099 1 DINNEBITO WASH, ARIZONA        113099                              1083
   113099 2 ARIZONA      PINYON PINE       06300  3610 11030     10   1567 1971 
113099 J S DEAN, V C LAMARCHE                                           10/14/72
11309915609990  09990  09990  09990  09990  09990  09990  01432  1 984  1 806  1
11309915701113  11096  1 945  1 856  1 803  11225  1 963  11453  11247  1 810  1
1130991580 920  1 869  1 760  1 386  1 450  1 140  11106  11255  11408  1 981  1
1130991590 529  1 587  1 622  11234  11530  11079  11161  1 802  1 616  11049  1
1130991600 603  1 595  11132  11338  11654  11227  31271  31065  3 842  31463  3
11309916101372  41333  4 488  4 287  4 909  41137  4 909  41288  4 886  4 670  4
11309916201639  42075  41505  4 595  4 698  4 948  4 151  41056  4 851  4 888  4
1130991630 702  4  81  4 386  41045  41062  41345  51077  5 639  5 588  5 993  5
11309916401401  61470  61605  61250  61156  61158  61226  61615  6 849  61127  6
11309916501392  61730  61412  61083  6 116  61675  61641  6 872  6 460  61033  6
11309916601599  61643  6 811  6 654  6 749  6 867  6 705  6 306  6 121  6 414  6
1130991670 300  8 594  8 925  81158  81230  8 617  8 392  81056  8 768  8 435  8
11309916801480  81649  81307  81774  81069  8 671  8 658  81309  8 792  81289  9
11309916901015 101093 101199 101189 10 715 101379 10 758 11 750 111240 111218 11
1130991700 323 111321 11 865 11 934 11 655 111252 111451 11 845 11 641 11 936 11
11309917101135 13 936 13 906 13 844 13 778 14 777 14 655 14 914 141398 141370 14
11309917201758 141380 151142 151356 151261 151570 151771 151190 15  64 15  73 15
1130991730 591 15 774 15 895 15 302 15 464 15  18 15 567 15 233 15 491 15 420 15
1130991740 387 18 947 18 697 181492 181192 181838 181955 181830 18 921 182252 18
1130991750 793 191246 19 845 19 686 19 859 19 465 19 945 19 645 191230 191401 19
11309917601476 211294 211311 21 727 211552 21 645 211573 211218 211394 21 840 21
1130991770 893 211165 211053 21 537 21 877 211029 21 885 21 940 21 220 21 584 21
1130991780 347 21 610 21 390 21 283 21 933 21 280 21 645 211159 21 612 21 911 21
1130991790 172 211198 211333 211863 211436 211563 211539 211135 21 974 211297 21
11309918001252 21 810 21 869 211020 211192 21 496 211035 211097 21 388 21 794 21
1130991810 432 211045 21 920 21  36 21 738 21 663 211404 211155 21  98 21  89 21
1130991820  34 21 950 21   9 21 307 21 755 21 886 21 898 21 646 211038 21  52 21
1130991830 922 211112 21 583 211302 211166 211585 211394 211799 212393 212154 21
11309918401961 221246 22 998 221077 221784 22 298 221282 22 120 221168 222076 22
11309918501779 22 802 221850 221120 22 735 221273 221374 22 493 221435 221131 22
1130991860 481 22  57 221693 22 508 22  65 221155 221617 221805 221745 221168 22
1130991870 693 22 172 22 373 22 438 22 991 22 663 22 245 22 910 22 752 22 202 22
1130991880 382 22 223 22 446 22 471 221014 221101 22 860 22 237 221054 221107 22
11309918901578 221251 221342 221161 22 321 221333 22 353 221115 22 931 22  56 22
1130991900 542 22 535 22  14 221199 22 297 221404 221495 221524 221095 221393 22
11309919101147 221511 221375 221489 221627 221783 221852 221589 22 807 221470 22
11309919201786 221099 221240 221832 221725 221404 221550 221634 22 991 22 828 22
1130991930 710 22 938 221692 221555 221124 221111 22 655 221788 221278 22 845 22
1130991940 927 221872 221628 221285 221498 221564 22 914 22 824 221359 221668 22
11309919501101 22 577 221633 22 401 22 480 221391 22 136 221102 22 913 22 141 22
1130991960 998 22 765 22 822 22 774 22 557 221330 221011 22 504 22 754 221027 22
1130991970 881 221012 229990  09990  09990  09990  09990  09990  09990  09990  0
113099 405  .403  .471  .502 .99390 402.5280 489.8295                           
159640 1 DEFIANCE EAST, ARIZONA   159640                                  33 312
159640 2 ARIZONA      PONDEROSA PINE     7600  3550 10907 900 00 2 1554 1965    
159640 3 M. A. STOKES AND T. P. HARLAN                                  05131966
15964015509990  09990  09990  09990  01117  1 993  11266  11384  1 870  11369  1
1596401560 904  1 477  1 985  11133  1 880  11509  11325  1 275  1 807  1 868  1
1596401570 925  2 890  3 724  3 803  31301  3 930  31037  31497  31084  3 246  3
1596401580 153  3 979  31375  3 879  3 384  3  80  3 605  3 750  31023  31232  3
1596401590 502  31099  3 143  3 892  3 713  3  93  31260  4 960  4 752  41508  4
1596401600 190  4 702  4 594  4 868  41008  41151  41053  41222  41295  41428  4
15964016101607  51474  5 886  5 844  5 962  6 563  6 907  61510  62069  6 997  6
15964016201904  61759  61032  6 801  6 387  6 626  6 120  6 855  6 573  61377  6
15964016301320  71032  7 379  71437  71340  71174  7 699  7 487  7 572  7 921  7
15964016401457  71126  81288  81201  81616  81912  8 915  81319  8 583  81293  8
15964016501355  82081  82354  8 747  81149  81840  81535  8 933  8 295  81153  8
15964016601338  81181  8 874  81389  9 844  91091  9 637  9 493  9 513  9 328  9
1596401670 133  9 504  9 943  9 718  91081  9 998  9 499  9 826  9 791  9 278  9
1596401680 859  91003  91132  91412  91377 10  94 10 564 10 638 10 998 101307 10
15964016901019 101159 102144 101558 101074 101374 10 651 101653 111199 111626 11
1596401700  85 121554 121083 121055 12 478 121275 121494 12 836 12 658 121121 12
15964017101687 121031 12 648 12 534 121135 12 796 12 414 12 731 121031 12 866 12
15964017201481 121338 12 910 121125 12 754 121492 121586 121215 12 667 12 379 12
1596401730 812 12 683 12 703 12 463 12 735 12 225 12 113 12 566 12 400 12 146 12
1596401740 385 12 463 12 538 121029 12 718 121365 122006 121689 12 171 121564 12
1596401750 732 12 353 12 260 12 387 12 700 12 226 12 645 12 731 121320 121136 12
15964017601347 121043 121437 121005 121947 12 976 122195 121418 121919 122028 12
15964017702064 132301 131804 13 291 131283 131360 131264 13 468 13 315 13 993 13
1596401780 464 13 958 13 224 131341 132037 13 330 131168 141471 14 402 141067 14
1596401790 715 141777 141847 142575 14 968 14 730 141664 14 659 14 944 141429 14
1596401800 618 14 700 141574 14 445 141277 14 624 14 185 141074 14 917 14 919 14
1596401810 734 141060 14 903 14 819 14 940 141379 141673 141008 14  28 14 171 14
1596401820 183 14 706 14   0 14  23 14 634 15 819 15 991 151010 151573 15 153 15
15964018301698 161184 16 609 161540 161215 161977 161275 161465 161944 162140 16
15964018401416 161099 16 504 16 982 161370 16 659 16 994 16  93 16 808 161546 16
15964018501292 16 199 161721 161577 16 694 161385 161510 16 820 161745 161089 16
1596401860 553 16 141 161258 16 837 16 202 161192 161620 161201 161788 161306 16
15964018701429 16 276 16 568 16 380 16 626 16 625 16 573 16 930 16 820 16 934 16
1596401880 719 16 465 161025 161344 161313 161639 16 884 16 402 161211 161342 16
15964018901108 161067 161103 16 752 16 457 16 994 16 646 161048 16 891 16 732 16
1596401900  54 16 623 16   9 16 926 16   0 161003 161073 161254 161026 161128 16
1596401910 959 161765 161250 16 841 161564 161913 161984 161853 16 779 162508 16
15964019201671 161531 161018 161345 161321 16 792 161135 161192 16 792 161913 16
1596401930 957 161010 161417 16 979 16 318 161288 16 906 161482 161069 161153 16
1596401940 850 161854 161374 16 962 16 970 161208 16 417 16 939 161538 161542 16
1596401950 293 16  84 161264 16 615 16 122 16 540 16  29 16 781 16 408 16  75 16
1596401960 826 16 564 16 803 16 328 16 450 161234 169990  09990  09990  09990  0
159640 412  .327  .504  .573 .99188 408.6562 509.8927                           
232000 1 SHOW LOW, ARIZONA              232000                              1135
232000 2 ARIZONA      PONDEROSA PINE    06800  3415 10949          1596-1972    
232000 3 J DEAN AND D BOWDEN                                                    
23200015909990  09990  09990  09990  09990  09990  0 866  1 513  1 422  1 791  1
2320001600 421  1 166  1 598  1 890  11035  1 745  1 887  11313  11606  11655  1
23200016101890  11505  11538  1 745  11354  11219  1 878  11458  12026  11909  1
23200016201522  31621  31315  3 952  3 497  4 939  4 315  4 723  4 565  4 934  4
23200016301222  51162  5 400  5 795  5 695  5 861  51238  51328  51043  61086  6
23200016401224  71174  71248  7 789  71169  71331  7 865  71385  71076  71066  7
23200016501129  7 964  71096  7 636  9 350 10 699 11 836 11 707 11 741 11 895 11
23200016601205 121743 141821 151696 161385 171507 17 928 17 775 17 719 17 217 18
2320001670  17 19 478 19 844 20 882 201102 201232 20 824 20 915 20 556 20 913 20
23200016801399 211504 211330 211370 21 174 21  69 21 595 211284 21 993 211536 21
23200016902266 211829 212227 211775 211862 212071 211073 21 816 21 494 211480 21
23200017001137 221338 221546 22 885 221063 221258 221003 22 347 22 194 22 434 22
2320001710 714 22 846 221180 221033 221312 22 811 22 402 22 731 221165 221039 22
23200017201311 221120 22 953 22 923 22 410 221245 221403 221118 22 351 22 316 22
2320001730 403 24 309 24 716 24 294 24 506 24  62 24 507 24 619 24 730 24 892 24
23200017401117 241055 241610 241838 241709 242406 243358 242648 24 465 242257 24
23200017501298 24 750 24 102 24 268 24 700 24 241 24 375 24 370 24 859 24 980 24
2320001760 601 24 229 24 949 24 341 241621 241001 241480 24 515 241146 24 945 24
2320001770 977 241287 241190 24  78 24 819 24 594 24 860 24 433 24 102 24 970 24
2320001780 288 24 525 24  74 24 942 241651 24 460 24 880 241651 24 869 24 822 24
2320001790 839 241339 241454 242464 24 787 241168 24 768 24 775 24 694 24 837 24
2320001800 309 24 164 24 756 24   8 24 819 24 352 24 141 24 753 24 862 24 703 24
2320001810 710 24 451 241405 241089 241730 242037 242166 241765 24 712 24  64 24
2320001820  13 24 830 24 135 24   9 24 904 24 888 241134 24 535 241212 24 643 24
2320001830 841 24 646 24 689 241138 24 874 241476 241146 241363 242210 242724 24
23200018402106 241119 24 272 24  97 24 839 24 500 24 585 24  17 24 711 24 794 24
23200018501303 241131 241191 241377 24 859 241080 24 901 24 417 241395 24 531 24
23200018601323 24 249 241225 24 709 24  57 241532 241766 241610 242527 242023 24
23200018701122 24 702 24 910 24 538 24 770 24 957 24 791 24 647 241011 24 803 24
2320001880 788 24 589 24 997 24 982 241428 241375 241054 24 564 241259 241420 24
23200018901690 241545 241613 24 548 24 562 24 870 241516 241630 241181 24 331 24
2320001900   0 241266 24 187 24 940 24   0 241505 241398 242033 242162 242158 24
23200019101373 242392 241734 24 906 241636 241921 241599 241852 241448 242056 24
23200019201873 241150 241581 241442 241929 241301 241714 241170 24 929 241029 24
23200019301032 24 905 241635 241862 24 977 241071 241206 241523 24 999 24 720 24
2320001940 806 241438 241105 24 939 241214 241173 24 701 24 872 24 719 241157 24
2320001950 488 24 207 241206 24 778 24 696 24 143 24 413 24 524 24 605 24 326 24
2320001960 925 24 535 24 990 24 557 24 256 241311 24 824 24 561 241192 24 996 24
2320001970 716 24  97 241046  89990  09990  09990  09990  09990  09990  09990  0
232000 377  .555  .551  .5241.00941 380.5487 498.3612                           
139549 1 SANTA CATALINA MTNS (HIGH), ARIZONA            139549            45 181
139549 2 ARIZONA      DOUGLAS-FIR        9100  3225 11046 000 30 2 1526 1968    
139549 3 T. P. HARLAN                                                   11031965
13954915209990  09990  09990  09990  09990  09990  01485  1 719  1 725  1 897  1
1395491530 975  1 797  11018  11139  1 682  11179  1 812  2 563  2 774  3 923  3
1395491540 860  3 565  3 755  3 928  3 829  3 821  3 869  3 873  3 848  3 998  3
1395491550 826  3 829  3 914  31145  31312  31340  3 808  3 571  3 408  3 709  3
1395491560 678  3 575  3 839  31259  31448  31390  31140  3 783  31464  31708  3
13954915701216  31222  31471  3 863  3 797  3 606  3 908  31022  31112  3 921  3
13954915801910  31628  31732  31656  31522  3 607  31583  31691  32087  32252  3
13954915901422  31286  31356  31708  31517  31289  3 707  3 702  3 736  31390  3
1395491600 916  3 725  3 677  3 778  3 521  3 647  3 668  3 650  3 666  3 539  3
1395491610 995  31031  31363  3 497  3 934  31205  3 927  31240  31279  31048  3
13954916201382  31418  3 782  3 683  3 373  3 625  31022  31097  31244  31237  3
1395491630 987  3 829  3 667  3 928  31012  31129  31232  41495  41117  41489  4
13954916401885  41364  41588  41838  41694  41471  41138  4 861  4 437  5 569  5
1395491650 526  6 711  6 783  7 710  7 435  71046  71027  7 946  7 943  7 945  7
1395491660 731  81167  81445  81204  8 897  9 955  9 879  9 897  9 735  9 541  9
1395491670 202  9 677  9 816  9 689  9 854  9 666  9 744  9 992  91157  9 880  9
1395491680 850  9 615  9 680  9 504 10 409 10 279 10 415 10 523 10 799 10 810 10
1395491690 757 111088 12 799 12 914 121107 121126 13 832 13 778 13 712 13 996 13
13954917001125 131388 13 966 13 747 13 729 13 637 13 815 13 743 13 625 13 910 13
13954917101203 141362 141044 14 857 14 951 14 933 15 930 15 928 151180 15 724 15
1395491720 930 15 933 15 905 15 962 151071 161207 161950 161205 161490 161231 16
13954917301033 171026 171147 17 885 171517 17 816 171380 171195 181163 18 861 18
1395491740 966 191238 19 971 191495 191536 191213 191563 191258 19 615 201410 20
13954917501350 201092 20 660 20 891 201027 201120 201292 201519 201381 201243 20
13954917601013 201005 201290 20 717 20 971 20 982 201027 201220 20 874 20 937 20
13954917701019 201075 20 907 20 756 20 667 20 687 21 667 21 675 21 664 21 591 21
1395491780 569 21 838 21 815 211075 211383 211006 21 656 211015 21 693 21 653 21
13954917901050 221172 221014 221350 221283 221034 22 898 22 935 22 615 221077 22
1395491800 988 221089 221215 22 829 22 971 221009 221080 22 861 22 919 221254 22
13954918101495 221532 221110 22 660 221109 221473 221548 221106 221071 22 366 22
1395491820 747 22 785 22 473 22 632 22 711 22 573 22 991 221142 221029 221252 22
13954918301221 221678 221352 221716 221416 221747 221298 221167 221255 221584 22
13954918401178 22 552 22 399 22 997 221266 22 757 221155 23 675 23 970 231248 23
13954918501269 23 711 231173 23 880 23 885 23 883 231264 23 809 231084 23 725 23
1395491860 655 23 580 23 892 23 371 23 336 23 565 23 899 23 862 23 991 231085 23
1395491870 998 231159 23 771 23 606 23 715 23 792 23 892 23 858 23 653 23 669 23
1395491880 662 23 651 23 856 231021 23 944 23 778 23 571 23 653 23 787 23 809 23
1395491890 738 23 975 23 580 23 508 23 655 23 826 23 995 23 920 231394 231687 23
1395491900 827 23 955 23 604 231114 23 390 231016 231069 231593 231716 231606 23
1395491910 800 231424 231858 231393 231655 231558 231283 231542 231035 231478 23
13954919201036 23 622 231085 23 629 23 879 23 257 23 969 23 937 23 694 23 678 23
13954919301417 231351 231433 231385 23 540 231214 23 902 23 887 23 972 23 777 23
13954919401187 231383 231176 23 805 231488 231153 231114 23 751 23 872 231507 23
13954919501191 231002 231184 231545 231036 231099 23 500 231229 231278 23 823 23
13954919601250 23 400 231281 23 983 23 907 231570 23 912  2 986  2 913  29990  0
139549   0 0.000 0.000 0.0000.00000   0.0000   0.0000                           
012000 1 DITCH CANYON MODERN, NEW MEXICO 012000                              977
012000 2 NEW MEXICO   PONDEROSA PINE     6800  3900 10749 135 18   1555 1971    
012000 3 J. S. DEAN                                                     07141972
01200015509990  09990  09990  09990  09990  01043  11036  11372  1 910  1 658  1
0120001560 690  11081  1 990  11269  21415  21937  21680  21274  21399  21377  2
0120001570 959  31284  3 970  3 574  3 660  3 662  3 455  3 823  3 643  3 334  3
0120001580 479  3 415  3 412  3  46  3 144  3   0  3 394  3 548  3 821  31191  3
0120001590 501  31207  3 706  3 794  31143  31142  31773  31261  31230  31486  3
0120001600 947  31067  31033  3 884  31053  31351  31466  31170  31481  31539  3
01200016101700  41388  41463  41064  41259  4 983  41000  41167  41465  41281  4
01200016201326  41019  4 827  5 805  5 794  5 759  5 515  5 944  5 760  51174  5
01200016301053  5 935  5 615  51032  51032  5 995  51507  61057  61045  61326  6
01200016401613  91203  91043  9 990  91202  9 897  9 693  91299  9 668  91157  9
01200016501433 101191 101332 101266 10 755 101215 101339 101126 10 697 10 805 10
0120001660 994 101025 10 944 10 759 10 432 10 732 10 527 10 291 10 238 10 303 10
0120001670 426 10 811 101195 101304 101465 101068 11 445 11 844 11 685 11 865 11
01200016801190 11 934 111007 111295 11 491 12  36 12 944 121118 121321 121392 12
01200016901299 121488 122458 121755 121452 121627 12 835 121644 121464 121706 12
01200017001329 131559 141141 14 932 14 880 141626 141300 14 609 14 702 141059 14
01200017101287 141098 141105 14 998 14 940 14 824 14 884 14 878 141322 141231 14
01200017201628 141198 141063 141881 14 944 141707 141613 141234 141428 14 365 14
0120001730 925 151039 151405 151009 151190 15  81 15 748 15 544 15 937 15 631 15
0120001740 634 15 714 15 726 151010 15 733 151165 151537 161261 16 264 161479 16
0120001750 793 16 587 16 370 16 447 161145 16 385 16 425 16 706 16 783 16 624 16
0120001760 732 161011 16 904 16 825 161295 16 822 161545 161359 161470 161625 16
01200017701769 161686 161659 16 945 161446 161211 16 843 16 988 16 887 16 848 16
0120001780 528 16 799 16 616 16 944 161156 16 666 16 976 161277 16 875 16 847 16
0120001790 582 161243 16 903 161378 16 613 16 858 16 893 16 546 16 905 161485 16
01200018001106 16 549 161374 161029 161044 16 802 16 437 16 949 161170 16 851 16
01200018101181 171236 171318 171239 171457 171493 171757 171040 18 362 18 356 18
0120001820 193 18 822 18 430 18 310 18 220 18 766 18 905 18 528 181098 18 901 18
01200018301596 191260 191544 191352 201113 201529 20 870 20 679 201051 201143 20
01200018401133 201230 20 625 20 608 20 671 20 651 20 869 20 110 22 882 221063 22
0120001850 970 22 413 231431 231282 241336 241116 241042 24 939 24 962 24 807 24
0120001860 982 24 196 241099 241008 24 560 241057 241048 241193 241982 241512 24
0120001870 878 24 546 24 629 24 760 24 917 241046 24 374 241290 24 948 24 698 24
0120001880 770 24 695 24 923 24 912 241277 241687 241386 241514 241473 241372 24
01200018901662 231369 231114 23 975 23 518 23 692 23 395 231230 231056 23 593 23
0120001900 532 23 743 23  84 231136 23 297 231035 231015 231654 231387 231637 23
01200019101403 232025 231238 23 895 232030 231668 231747 231304 231019 231454 23
01200019201456 231696 231014 231347 231304 23 922 231077 231116 231017 231176 23
01200019301008 23 904 231338 23 860 23 639 231079 23 723 231010 231208 23 629 23
0120001940 894 221379 221114 22 937 22 920 22 847 22 199 22 661 22 732 221114 22
0120001950 416 22 175 22 736 22 365 22 733 22 440 22 293 22 961 22 727 22 412 22
01200019601076 22 813 22 667 22 854 22 371 221100 22 924 22 928 221089 221173 22
0120001970 911 221056 229990  09990  09990  09990  09990  09990  09990  09990  0
012000 417  .510  .395  .3621.00200 417.8378 483.6763                           
292099 1 EL MORRO                                                           1172
292099 2 NEW MEXICO   PONDEROSA PINE    07300 03502 10821 045 25   1536-1972    
292099 3 J. DEAN, W. WOOLFENDEN                                         04/22/73
29209915309990  09990  09990  09990  09990  09990  01397  11647  11030  11264  2
29209915401263  31601  3 252  31736  31513  31001  31002  3 724  3 301  3 262  3
29209915501130  31752  31280  31600  3 848  31210  31743  32091  31353  31509  3
2920991560 779  3  29  3  49  3 408  3 794  31567  3 496  3 351  3 129  3 601  3
29209915701123  31150  32041  3 398  3  96  3 494  3 299  3 769  3 926  3   0  3
2920991580 151  3 466  3 579  3 186  3 260  3  20  3 585  31287  31234  3 716  3
2920991590  72  3 255  3   9  3  67  3 756  31019  3 741  31106  32019  3 783  3
2920991600 342  3 632  3 800  31060  31614  31094  31104  31381  31731  32584  3
29209916102133  32073  31330  3 694  31331  31084  31623  31992  31269  31290  4
29209916202031  41495  4 815  4 931  4 666  4 546  4 454  41042  41105  42037  4
29209916301791  4 978  4 107  41947  41867  5 885  51934  5 938  5 807  51685  5
29209916401816  51131  5 902  51108  51500  51039  51351  51471  51500  51279  5
29209916501570  52197  52548  51094  5 883  51393  51411  5 653  5 802  5 554  5
29209916601177  51327  51266  51600  5 675  5 987  5 333  5 343  5 135  5 315  5
2920991670 404  5 202  5 949  5 923  5 180  51182  5 492  5 731  5 311  51159  5
29209916801665  61095  61073  61501  6 194  6  33  6 501  6 703  61231  61070  6
29209916901458  61268  61915  71769  81646  81747  8 622  81077  8 579  81746  8
2920991700 636  8 943  8 557  8 523  8 115  8 761  81335  8 612  8 589  8 974  8
29209917101358  91537  91505  91048  91048  9 619  9 141  9 563  9 969 101015 10
29209917202055 101253 101376 102080 10 625 111145 121716 13 958 15 224 15 299 15
2920991730 961 161154 161642 16 470 161217 16 101 16 983 16 745 161231 16 199 16
2920991740 569 16 803 16 994 161474 16 536 161364 162289 162311 16 358 161820 16
2920991750 786 17 819 17 573 17 531 171086 18 318 19 483 19 639 191112 191443 19
2920991760 990 20 726 201947 201020 201418 20 864 201310 20 681 201267 20 777 20
29209917701340 201587 201065 20 596 201101 20 525 20 629 20 297 20 569 20 510 20
2920991780 226 21 540 21 168 211301 211888 211119 211131 211964 21 799 22 671 22
2920991790 524 221318 221713 221952 221879 221256 22 573 22 569 22 806 221244 22
2920991800 742 22 415 22 752 22 570 221131 22 635 22 192 221327 221065 221563 22
2920991810 711 221009 22 638 22 921 221093 221737 222218 222059 221518 22 678 22
2920991820 998 221416 22 267 22 383 22 748 221060 22 656 22 986 221322 22 718 22
29209918301199 22 874 22 831 221797 22 844 22 926 22 870 22 964 221373 222228 22
29209918402564 221736 221034 22 375 221649 22 991 22 995 22 200 221292 221109 22
29209918501177 22 881 221093 22 823 221245 221365 221108 221305 221557 22 842 22
29209918601055 22 329 221031 22 663 22 139 22 688 22 935 221021 222180 221754 22
29209918701303 22 483 22 384 22 445 22 820 22 903 22 814 221269 22 688 22 400 22
2920991880  33 22 118 221091 22 906 221462 221602 22 484 22 727 221130 22 669 22
2920991890 110 22 873 22 748 22 483 22 230 221118 22 303 22 591 22 790 22  82 22
2920991900 106 22 421 22 434 22 429 22  83 221132 221192 222027 222543 221116 22
29209919101395 221906 221660 221059 221653 221777 221713 221562 221023 222001 22
29209919201845 22 890 22 882 22 684 221348 22 663 221319 221296 221026 22 980 22
29209919301701 22 698 221296 22 555 22 896 221485 221627 221343 221061 22 922 22
29209919401283 222445 221394 221242 22 645 22 814 22 459 22 568 221402 221185 22
2920991950 781 22  74 22 762 22 503 22 492 22 336 22 468 22 249 22 856 22  86 22
29209919601094 22 421 22 807 221047 221351 221612 221513 22 687 221725 221390 22
29209919701198 22 142 221359 229990  09990  09990  09990  09990  09990  09990  0
292099 437  .440  .552  .5651.01092 441.7737 579.6547                           
272000 1 TURKEY SPRINGS                                      PIPO  NM02901  1162
272000 2 NEW MEXICO   PONDEROSA PINE    2377M  3524-10831 280 25   1595 1972    
272000 3 J.S. DEAN, W.B. WOOLFENDEN, W.J. ROBINSON, B. BURNS            04/26/73
27200015909990  09990  09990  09990  09990  0 909  11189  1 435  1 235  1 868  1
2720001600 127  1 472  1 411  1 810  2 461  2 965  2 552  2 801  2 910  21028  2
27200016101227  21049  21217  2 946  21352  21554  2 921  22479  22077  21046  2
27200016202224  22447  21240  2 899  2 445  2 438  3 690  3 974  3 948  31052  3
27200016301129  4 768  4 430  41031  4 869  41073  4 931  4 602  4 660  41047  6
27200016401190  71167  71169  71232  81097  8 947  91012 101314 10 696 10 807 10
27200016501044 101833 111952 11 931 11 779 111281 121602 12 832 12 557 12 693 12
2720001660 965 131086 131050 131211 13 857 131269 13 801 13 472 13 195 13 378 13
2720001670 228 15 633 15 948 151196 161070 161129 17 632 17 753 18 389 18 852 18
27200016801232 231345 231218 231612 23 421 23  49 24 743 24 876 251208 251236 25
27200016901250 26 892 261539 261440 261230 261378 26 626 261303 261094 261959 26
27200017001012 261924 261219 261133 26 682 261052 261656 26 849 26 767 261247 26
27200017101836 261439 261576 26 856 261222 26 856 26 440 26 714 261226 26 918 26
27200017202092 26 837 26 476 261223 26 390 261626 261775 26 962 26 498 26  14 26
2720001730 609 26 747 261179 26 402 26 645 26   7 26 197 26 453 26 748 26 236 26
2720001740 665 26 614 26 565 261269 26 591 261392 261996 262116 26 292 261707 26
27200017501176 26 485 26 309 26 160 261093 26 532 26 355 26 589 26 933 261205 26
27200017601258 26 828 261161 26 413 261291 26 425 261613 26 854 261642 261587 26
27200017701322 262139 262079 26 524 261090 261160 26 961 26 371 26 652 26 589 26
2720001780  66 26 840 26 187 261061 261568 26 360 26 564 261319 26 353 26 858 26
27200017901091 261385 261568 262469 261460 261177 26 919 26 498 26 682 26 906 26
2720001800 336 26 461 26 534 26 310 261088 26 589 26 199 261195 261112 26 933 26
2720001810 577 26 904 26 725 26 748 261026 261791 262207 261552 26 518 26 294 26
2720001820 421 26 938 26   5 26  88 26 628 26 664 26 565 26 411 261433 26 634 26
2720001830 939 26 717 26 541 261023 261033 261307 261544 261450 262226 262590 26
27200018402520 262145 26 972 26 994 261970 26 675 26 729 26   0 26 919 261473 26
27200018501375 26 732 261422 261155 26 770 261310 261151 26 878 261585 26 854 26
27200018601324 26 111 261167 26 681 26 238 26 769 261367 261434 262397 261854 26
27200018701241 26 461 26 409 26 582 261111 261010 26 666 261144 26 640 26 278 26
2720001880  30 26 249 261002 26 993 261320 261546 261211 26 811 261703 261283 26
27200018901190 261443 26 839 26 581 26 352 261044 26 542 26 638 26 748 26 174 26
2720001900   0 26 507 26 175 26 470 26   0 26 858 261122 261371 261435 261083 26
27200019101188 261912 261179 26 772 261359 261883 262650 261783 261638 262067 26
27200019201808 261589 261128 26 852 261494 26 887 261358 261136 26 862 261254 26
27200019301267 26 741 261278 26 937 26 650 26 846 26 774 261281 261069 26 887 26
2720001940 795 261637 261643 261095 261031 261411 26 880 261395 261535 262222 26
2720001950 965 26  85 261270 26 712 26 844 26 369 26 232 26 944 26 860 26 402 26
27200019601087 26 511 261204 26 952 26 674 261610 26 952 26 614 261220 261182 26
2720001970 984 26 339 201219 209990  09990  09990  09990  09990  09990  09990  0
272000 378  .451  .519  .536 .99733 376.9908 477.4843                           
194000 1 RAINY MESA, SAN FRANCISCO RIVER WATERSHED, NEW MEXICO 194000        631
194000 2 NEW MEXICO   DOUGLAS-FIR        9000  3335 10835          1520 1967    
194000 3 C. W. STOCKTON                                                 08  1968
1940001520 541  1 380  1 420  1 740  1 359  1 219  11118  1 678  1 299  1 976  1
1940001530 796  1 258  1 218  11093  11073  1 417  11290  11270  1 277  1 693  1
19400015401188  11069  1 296  11166  1 537  2 545  2 581  2 611  2 666  2 772  2
19400015501306  21044  21057  32200  31019  32022  31526  31208  3 802  3 573  3
1940001560 342  31038  3 514  3 553  3 853  31551  3 361  3 559  3 554  3 950  3
19400015701073  3 606  3 579  3 305  3 151  3 595  3 643  3 848  3 736  3 322  3
1940001580 479  31107  31331  3 811  3 739  3 324  3 861  3 946  31169  3 695  3
1940001590 694  3 992  3 427  3 694  31523  31118  31164  3 787  3 576  3 782  3
1940001600 721  3 852  3 931  31568  31271  31113  3 946  31133  31408  31635  3
19400016101145  3 987  3 927  3 778  3 993  3 629  31047  31109  31385  3 974  3
19400016201776  32161  31202  3 687  3 421  3 693  3 322  31057  3 911  31754  3
19400016301540  31017  3 559  3 986  31387  31240  3 788  3 618  3 924  31348  3
19400016401457  41002  4 475  41293  41183  4 665  41052  41054  4 658  4 983  4
19400016501209  41973  4 840  4 921  4 617  41525  41048  4 835  4 696  4 778  4
19400016601372  41349  41003  4 929  4 618  41185  4 929  4 758  4 362  4 824  4
1940001670 136  41089  41365  41037  41090  5 907  51083  5 950  5 443  5 687  5
19400016801172  5 985  5 668  5 705  5 686  5 324  51024  5 931  51051  51344  5
19400016901305  5 824  51505  51456  51502  51000  5 787  5 930  51251  51230  5
19400017001179  51811  51058  51518  5 935  5 902  5 937  5 613  5 853  5 287  5
19400017101642  61327  61291  6 637  61069  6 691  6 244  6 805  6 931  6 780  6
19400017201049  9 922  91124  91008  9 957  9 907  91492  9 979  9 488  9 492  9
1940001730 883  9 500  9 776  9 442 10 731 10 540 10 597 10 662 10 664 10 673 10
1940001740 560 10 808 10 854 10 997 10 866 101020 101806 101657 10 383 101285 10
19400017501221 131281 13 826 13 934 131197 131528 131125 13 667 131244 131597 13
19400017601112 151122 151481 151056 161354 161528 161665 161267 161427 161412 16
19400017701323 161868 161183 16 453 16 866 16 890 16 845 16 646 161126 16 893 16
1940001780 674 161066 16 875 161600 161598 16 620 16 920 161126 16 696 16 906 16
1940001790 726 181148 181113 182079 18 960 181595 181629 181054 181048 181228 18
19400018001011 181047 181088 18 800 181263 18 940 18 588 181067 18 972 181087 18
19400018101272 18 822 181195 18 902 18 873 181508 182019 181081 18 436 18 469 18
1940001820 515 181069 18 439 18 922 18 893 18 863 18 860 18 724 181454 181144 18
19400018301394 20 967 201265 201536 201551 201295 20 751 201081 201009 201507 20
19400018401316 20 877 20 740 20 982 201213 20 988 201221 20 379 201200 201395 20
19400018501515 20 821 201235 201096 201026 201144 201336 20 963 201236 20 884 20
19400018601120 20 408 20 954 20 411 20 557 20 871 201002 20 990 201179 201051 20
1940001870 983 20 768 20 615 20 561 20 545 20 617 20 580 20 988 20 820 20 796 20
1940001880 572 20 728 201236 20 915 20 971 20 970 20 913 20 888 20 915 20 819 20
1940001890 912 201127 20 629 20 515 20 590 20 644 20 832 20 933 201580 201110 20
1940001900 758 201054 20 896 20 901 20 381 201100 201046 201616 201314 201193 20
19400019101077 201108 201409 201011 201486 201862 201634 201228 20 888 201123 20
19400019201294 20 627 20 569 20 757 201251 20 355 201273 20 901 20 936 20 614 20
19400019301209 201495 201466 201511 20 590 20 934 20 942 201171 201088 20 983 20
19400019401085 201531 201127 20 611 20 786 20 904 20 615 20 608 20 913 201123 20
1940001950 655 20 586 201038 20 579 20 838 20 459 20 551 201078 201178 20 386 20
19400019601218 20 870 20 998 20 840 20 512 201379 201395 20 565 209990  09990  0
194000 448  .340  .366  .361 .96800 433.6512 479.6731                           
529547 1 WOFFORD LOOKOUT, NEW MEXICO                                      46 492
529547 2 NEW MEXICO   DOUGLAS-FIR        9100  3259 10542 270 17 2 1515 1965    
529547 3 M. A. STOKES AND T. P. HARLAN                                  04201966
52954715109990  09990  09990  09990  09990  02152  11706  11586  11880  11576  1
52954715201369  11826  11119  1 659  1 384  1 857  11472  11516  1 516  1 736  1
5295471530 725  1 900  2 546  2 847  21127  2 751  2 714  2 898  2 798  21225  2
52954715401407  21182  2 439  21426  21526  21455  21049  2 928  21090  2 633  2
52954715501365  2 943  21337  21724  21696  21309  21253  2 740  2 272  2 681  2
5295471560 530  2 714  2 199  2 948  21122  21452  21395  21329  21381  21488  2
52954715701477  2 502  2 928  2 406  2 944  2 781  2 860  2 873  2 874  2 188  2
5295471580 557  2 782  2 634  2 736  2 745  2 385  2 900  2 776  2 932  21006  2
52954715901294  2 925  21423  2 883  22074  21921  21677  21465  21140  2 839  2
5295471600 953  2 336  2 806  21075  2 904  2 632  2 587  2 616  2 700  2 880  2
52954716101062  21327  31308  3 991  3 753  3 988  31438  31082  31442  31602  3
52954716201407  31266  31360  3 849  3 533  3 877  3 889  31139  31249  31332  3
52954716301244  3 705  3 842  3 674  31222  31164  31175  31288  31171  31029  3
52954716401507  31554  31511  31122  31835  41825  41781  41736  51217  51181  5
52954716501147  61831  61592  61242  61119  61352  61106  61045  61525  61160  6
5295471660 924  61124  61090  61079  7 904  71100  7 820  8 407  9 422  9 742  9
5295471670 542  91000  9 613  9 688  9 993  91115  9 864  9 929  9 769  9 767  9
52954716801044  9 951  91089  91089  9 748  9 294  9 984  9 869  91023  91276  9
52954716901405  9 964  91315  91311  9 789  9 821  9 279  9 786  9 600  9 813  9
5295471700 677  9 905  9 651  91025  9 765  9 358  9 668  9 723  9 974  9 960 10
52954717101319 101207 101342 101241 10 809 10 771 10 543 101380 101293 10 884 10
52954717201245 101525 101772 101164 10 889 10 996 101331 101215 101134 10 676 10
5295471730 453 10 672 10 806 10 523 10 919 10 929 10 941 101049 10 883 10 609 10
5295471740 686 101299 10 980 111278 111328 111153 111391 111707 11 844 111152 11
5295471750 889 111298 11 650 11 949 11 954 111032 11 964 11 908 111147 111165 12
52954717601032 12 928 121256 12 704 121183 121000 121155 121325 12 915 121196 12
5295471770 948 121402 121011 12 605 12 648 12 898 12 997 12 793 121102 121144 12
5295471780 672 121079 12 633 121212 121519 121128 121054 12 964 121103 12 578 12
5295471790 848 121120 121195 121530 121246 12 927 12 845 12 863 12 699 121013 12
52954718001130 121061 121226 121310 121209 13 970 13 846 131403 131507 131343 13
52954718101121 131231 131211 13 898 131003 131286 131593 131159 13 825 13 743 13
5295471820 757 13 981 13 575 13 964 13 949 131055 131208 131243 131302 131427 13
52954718301208 131209 13 949 131068 131130 13 990 13 901 13 712 13 836 13 999 13
52954718401044 13 830 13 512 13 670 13 962 131079 131128 13 468 13 743 13 971 13
52954718501056 13 585 13 913 13 790 13 840 13 699 131098 131035 131248 13 588 13
5295471860 729 13 859 13 806 13 582 13 398 13 603 13 752 13 787 13 783 131299 13
5295471870 532 13 981 13 843 13 758 13 689 13 742 13 934 13 974 13 764 13 597 13
5295471880 523 13 812 131087 13 795 13 924 13 922 13 744 13 972 131091 131019 13
5295471890 578 131201 13 613 13 405 13 627 13 723 13 819 13 989 131267 13 776 13
5295471900 653 13 984 13 891 13 940 13 187 131170 13 957 131177 131142 13 858 13
5295471910 452 13 992 13 754 131090 131155 13 891 13 817 13 939 13 772 131730 13
52954719201804 131126 13 917 13 834 13 935 13 280 131288 131114 131049 131241 13
52954719301170 131233 131493 131897 13 539 131151 131285 131182 131266 13 930 13
52954719401215 131593 131375 131366 131359 13 588 13 862 13 394 12 775 121034 12
5295471950 990 12 623 121097 12 955 12 332 12 794 12 515 12 577 12 965 12 660 12
52954719601262 12 825  5 857  5 597  5 645  51007  59990  09990  09990  09990  0
529547 451  .493  .336  .2901.00398 452.7971 505.3737                           
014549 1 ORGAN MTNS, SITE 3, NEW MEXICO   014549                             873
014549 2 NEW MEXICO   DOUGLAS-FIR        8200  3221 10633          1597 1970    
014549 3 M. A. STOKES, T. H. NAYLOR, AND T. P. HARLAN                   04081971
01454915909990  09990  09990  09990  09990  09990  09990  01183  11059  11595  1
01454916001246  1 468  1 809  11405  11043  1 226  1 753  1 836  1 774  11136  1
01454916101065  1 923  11201  1 618  1 824  1 996  11209  11207  11191  11432  1
0145491620 707  1 852  1 870  1 664  1 671  1 560  1 510  11079  1 804  21335  2
01454916301129  21013  2 614  2 945  21079  21289  2 558  2 990  2 629  21192  2
01454916401281  21138  2 803  2 822  21024  21296  21328  21021  2 609  3 926  3
01454916501663  31896  31289  3 753  31167  31454  31078  4 523  5 938  5 949  5
0145491660 951  5 905  51272  51237  51014  51509  5 780  5 788  5 640  5 940  5
0145491670 657  51141  5 706  5 598  5 952  51099  51421  61600  61265  61270  6
01454916801207  61031  61764  61076  61164  6 321  61496  6 687  6 427  61483  6
0145491690 997  6 585  61497  6 989  6 868  6 852  6 534  61241  61079  61213  6
01454917001241  61442  61185  61475  61132  61179  6 971  6 752  61087  6 533  6
01454917102039  61556  61256  61073  61482  61037  6 772  61154  61381  61100  6
01454917201170  61597  61992  61248  61247  61007  61128  61375  6 658  6 898  6
0145491730 673  6 609  6 853  6 308  61170  6 938  61026  61430  6 848  6 789  6
0145491740 728  7 987  7 781  71227  81192  81204  81457  81749  8 842  81368  8
01454917501327  91646  9 525  9 948  91091  91030 101239 10 732 101099 101133 10
01454917601080 101075 101388 10 908 101282 101061 101280 101398 101235 101332 10
01454917701215 101076 10 808 10 612 10 835 10 898 101020 10 896 10 739 101077 10
0145491780 618 10 685 10 630 10 688 101042 10 968 10 804 10 966 10 886 10 929 10
0145491790 956 101001 101294 101456 101510 101060 10 867 10 814 10 979 10 840 10
0145491800 880 10 950 10 813 10 701 10 692 10 739 10 906 10 988 101013 101000 10
01454918101100 10 949 101004 10 898 101214 111614 111800 111141 11 651 11 470 11
0145491820 707 111277 11 790 11 906 11 922 11 976 11 802 111384 111212 111185 11
01454918301026 11 793 11 728 111029 111504 111336 11 779 11 887 111036 111187 11
01454918401090 11 928 11 959 11 874 111211 111543 111565 11 740 11 955 111189 11
01454918501285 12 762 12 940 12 913 121207 111183 11 897 11 905 11 967 11 593 11
0145491860 741 11 658 11 462 11 625 11 638 11 797 111056 11 944 111241 111378 11
0145491870 842 111191 11 826 111158 11 993 11 915 11 982 111149 11 986 11 979 11
0145491880 670 11 993 111065 111214 11 930 111050 11 700 11 858 11 953 11 912 11
0145491890 658 11 660 11 572 11 730 11 709 11 557 11 654 11 985 111287 111022 11
0145491900 889 111147 11 726 111484 11 404 111471 111042 111477 111238 11 714 11
0145491910 491 111106 111067 111586 111597 111188 111371 111230 11 522 111515 11
01454919201725 11 818 111181 11 931 111035 11 147 111185 111088 111119 111170 11
01454919301005 11 986 111111 111366 11 250 111153 11 849 111021 111024 11 324 11
01454919401118 111301 111250 111360 11 855 111025 11 870 11 731 11 555 111030 11
01454919501050 11 904 11 692 111189 11 580 11 552 11 467 11 488 11 747 10 659 10
0145491960 614 10 526 10 815 10 755 10 608 10 869 101047 10 659 101552 101556 10
01454919701503 109990  09990  09990  09990  09990  09990  09990  09990  09990  0
014549 374  .269  .311  .2911.00940 377.5323 417.2406                           
269547 1 SIERRA DEL NIDO SITE B, CHIHUAHUA, MEXICO  269547                   980
269547 2 MEXICO       DOUGLAS-FIR        7500  2931 10649 000 55   1569 1971    
269547 3 T. H. NAYLOR                                                   08231972
26954715609990  09990  09990  09990  09990  09990  09990  09990  09990  01168  1
26954715701962  12192  11190  11539  11448  11060  1 637  1 868  11163  21006  2
26954715801097  21223  21616  2 836  21395  21060  21504  21110  21288  21157  2
26954715901144  2 926  21612  2 830  31539  31165  31196  31147  3 700  3 903  3
2695471600 791  3 478  3 559  31000  3 478  3 582  31073  31031  31338  31264  3
26954716101265  31162  31036  3 799  3 692  3 654  3 523  3 473  3 799  3 687  3
2695471620 939  31019  31017  31242  3 335  3 431  3 690  31052  3 740  31433  3
2695471630 808  3 745  4 877  4 461  41099  41111  4 768  41128  41004  41232  4
26954716401458  41102  41290  41296  4 865  41233  51305  5 618  5 567  5 914  5
2695471650 872  51328  5 749  5 632  5 683  5 694  5 759  5 851  51485  51027  5
2695471660 760  51053  51221  51110  5 548  51135  5 747  5 732  5 171  5 537  5
2695471670 689  51091  5 710  5 372  5 710  5 985  5 824  5 639  5 647  5 802  5
26954716801232  51045  51639  51416  51042  5 636  51188  5 960  5 674  51220  5
26954716901121  51149  51501  51376  51478  51353  5 933  51041  5 817  51458  5
2695471700 997  51264  5 620  51104  51316  51041  51353  51148  51245  5 970  5
26954717101653  51560  51528  51177  51228  5 756  5 809  51373  51257  5 445  5
26954717201351  51298  51596  51320  5 732  5 966  51318  51204  5 460  5 298  5
2695471730 421  5 407  5 258  5 569  5 575  5 949  5 905  5 997  5 972  5 500  5
2695471740 514  5 673  5 549  51116  51562  51175  51672  51802  5 591  51235  5
2695471750 750  51213  5 757  5 911  5 722  51302  5 993  5 717  51012  51150  5
2695471760 733  51157  51379  6 753  61408  61204  61728  61417  61089  61935  6
26954717701663  6 950  6 773  6 600  6 697  6 837  6 844  61069  6 736  61144  6
2695471780 982  6 844  61237  61355  61450  6 722  6 782  6 566  6 910  6 301  6
2695471790 614  6 936  51247  51266  61042  6 960  6 876  6 840  6 771  7 758  7
2695471800 930  7 847  9 694  9 824  9 950 10 717 10 959 101233 101107 10 942 10
2695471810 970 101231 111084 111042 111088 111132 111344 111292 11 862 111000 11
2695471820 880 111060 111025 11 833 111011 11 653 111003 111326 111059 11 971 11
2695471830 970 11 617 11 808 11 898 111080 111071 11 890 111257 111165 111526 11
26954718401467 11 997 111179 111411 111469 111555 111464 11 965 111210 111230 11
26954718501391 11 693 11 951 111261 11 899 111004 111479 111097 111561 111134 11
2695471860 938 111098 11 982 11 597 111139 111005 111116 11 709 11 842 111255 11
26954718701391 11 962 11 855 111210 11 959 11 674 11 968 11 975 11 426 11 755 11
2695471880 717 111045 11 958 11 753 11 916 111045 11 808 11 755 111041 111033 11
2695471890 579 11 865 11 711 11 675 11 984 111133 111266 111272 111374 111152 11
26954719001080 11 840 11 963 111471 11 486 111696 111700 111216 111256 111057 11
2695471910 724 11 810 111333 111325 111283 111218 11 677 11 696 11 917 11 986 11
26954719201558 11 995 11 807 11 540 111115 11 645 111397 11 745 111082 11 903 11
2695471930 876 111282 10 916 10 949 10 693 10 366 10 766 10 935 10 859 10 694 10
26954719401084 101343 10 574 101038 101685 10 870 101253 101637 10 620 101227 10
26954719501594 10 601 10 869 10 713 10 499 10 795 10 976 10 540 101137 10 854 10
2695471960 559 10 594  9 687  9 890  9 602  9 685  9 565  9 859  81209  8 873  8
2695471970 551  8 775  89990  09990  09990  09990  09990  09990  09990  09990  0
269547 403  .371  .322  .2981.00109 403.4410 445.5001                           
531547 1 SIERRA MADRE, EL SALTO WEST, DURANGO, MEXICO   531547            49 492
531547 2 MEXICO       DOUGLAS-FIR        8600  2320 10536          1592 1965    
531547 3 M. A. STOKES, T. P. HARLAN, AND R. L. HOLMES                   08051966
53154715909990  09990  0 647  1 640  1 821  1 789  1 739  1 732  1 812  1 875  1
5315471600 929  1 984  11030  11032  11211  11178  11023  11246  11312  11022  1
5315471610 998  1 857  1 743  1 844  11152  1 956  11104  11016  11237  11030  1
53154716201115  11045  1 910  1 728  11044  1 843  11021  1 903  1 896  1 898  1
53154716301117  11261  11217  11012  11147  1 970  11144  1 908  1 977  11076  1
53154716401079  11034  11124  11282  11062  1 762  11224  11100  11103  11244  1
53154716501178  11022  1 965  1 728  1 880  11144  11248  1 787  11062  1 974  1
53154716601343  11193  1 941  1 944  1 895  11155  11293  1 985  1 738  2 939  2
5315471670 989  21101  2 560  2 993  21497  2 910  2 975  21190  2 874  21044  2
53154716801283  21126  21175  21213  21147  2 741  2 822  21455  2 921  21259  2
53154716901110  31091  31169  31051  31323  31279  3 618  3 792  3 833  3 627  3
5315471700 920  3 945  3 828  3 960  3 948  3 585  31094  41178  4 865  4 783  4
53154717101069  4 897  41021  4 990  51031  5 944  5 796  51082  51292  51159  5
5315471720 830  5 936  51069  51264  51124  5 995  51168  71266  81142  81022  8
5315471730 839  8 893  81010  8 824  8 897  8 962  81162  81223  91039  91025  9
5315471740 824  9 899  9 606  9 489  9 763  9 917  9 906  9 918  9 913  9 971  9
5315471750 895 10 729 10 562 10 784 10 715 10 705 111079 11 878 11 976 111171 12
53154717601045 12 726 12 836 13 790 13 760 13 796 13 862 13 842 13 695 13 872 13
53154717701113 15 867 15 700 15 865 15 946 15 807 15 912 151084 15 769 15 585 15
53154717801036 15 916 15 858 151133 151004 15 764 15 837 151049 161017 16 833 17
5315471790 619 171023 191161 191075 19 989 19 875 19 949 19 870 20 626 20 855 20
53154718001068 211107 22 941 221009 231014 23 630 23 891 241112 24 942 241034 24
5315471810 946 25 752 25 947 25 987 251116 251177 261279 261017 26 980 26 669 26
5315471820 836 26 985 26 918 261070 261085 271198 271022 271265 271033 281296 28
53154718301256 291145 301466 301391 311236 311142 321118 321145 321163 331177 33
53154718401104 331215 331155 341022 341184 341296 341110 351226 351230 351068 35
53154718501240 361317 361407 361243 361118 361003 361354 36 750 36 887 361205 36
5315471860 706 361003 36 756 36 907 36 827 36 992 36 597 36 674 36 577 36 978 36
5315471870 932 36 748 36 698 361035 361369 361174 361243 361473 361341 361156 36
5315471880 788 361127 361080 361266 361253 361125 361103 36 902 361250 361394 36
5315471890 668 361074 36 864 36 543 36 748 36 943 36 946 361077 36 866 36 909 36
53154719001215 36 795 36 664 361005 36 830 361191 361022 36 768 36 570 36 706 36
5315471910 686 36 881 361160 361267 36 885 361046 36 960 36 841 36 881 361066 36
53154719201011 36 862 36 742 361042 361073 36 702 361120 361022 36 970 36 797 36
53154719301144 361249 36 896 36 991 36 989 361076 36 881 36 644 36 835 36 872 36
5315471940 893 361039 361249 361117 361518 361233 361004 361441 361491 361250 36
53154719501059 361117 36 978 36 847 36 693 36 903 36 840 36 620 36 906 361092 36
5315471960 748 36 884 36 844 36 866 361034 36 852 359990  09990  09990  09990  0
531547 374  .429  .198  .176 .99142 370.7892 382.1789                           
067540 1 PIPESTONE CANYON, TWISP, WASHINGTON   067540                        566
067540 2 WASHINGTON   DOUGLAS-FIR        3000  4825 12003          1700 1966    
067540 3 C. W. FERGUSON AND M. L. PARKER                                08171966
06754017001328  11582  11584  1 982  1 724  1 683  1 670  11001  1 995  11817  1
0675401710 799  31325  31849  31911  31607  31149  31457  3 784  3 489  3 663  3
0675401720 558  8 239  8 617  81039  81145  8 973  8 984  81141  8 958  8 822  8
0675401730 618  8 839  8 903  8 923  81003  8 743  8 655  8 536  81166  8 227  8
0675401740 919  8 504  8 642  8 887  8 850  81292  81085  81369  81162  81261  8
06754017501364  8 982  81440  8 986  81148  81502  8 860  81110  81394  8 740  8
0675401760 779  81514  81601  81419  8 862  81137  81095  81313  8 955  81026  8
0675401770 873  91024  91065  91182  91297  91878  9 857  9 829  9 911  9 551  9
0675401780 744  9 932  9 969  9 326  9 827  91056  9 672  9 389  9 473  91146  9
06754017901056  9 975  91168  91047  9 497  9 253  9 832  9 814  91066  9 798  9
06754018001024  91393  91460  9 630  91161  9 855  91284  9 847  9 988  91178  9
06754018101189  91310  91162  91416  91685  91370  91102  91267  91713  92011  9
06754018201608  91096  91186  91140  9 952  91481  91086  9 985  9 639  9 781  9
06754018301107  9 881  91473  91669  9 900  91390  91071  91293  91040  9 544  9
0675401840 804  91153  91105  9 669  9 650  91419  91847  91224  9 703  9 774  9
06754018501134 20 658 20 952 201016 20 844 20 904 20 848 20 979 20 746 20 895 20
0675401860 681 201204 20 846 20 964 20 601 20 900 201099 201194 201338 20 622 20
0675401870 944 20 603 20 830 201064 20 626 20 395 20 865 20 889 201210 201458 20
0675401880 726 201215 201306 201202 201059 201581 201570 201292 201577 20 669 20
06754018901173 20 813 20 940 20 902 20 883 20 915 20 986 20 680 201364 20 839 20
06754019001187 201132 201024 201021 20 851 201615 201670 201496 201677 201128 20
06754019101363 201362 201263 201673 201632 201353 201246 20 448 20 668 20 979 20
0675401920 338 20 990 20 807 20 780 20 663 20 688 20 651 20 717 20 705 20 362 20
0675401930 304 20 305 20 457 20 472 20 517 20 660 20 569 20 686 20 754 20 349 20
0675401940 836 20 899 201096 20 405 20 446 20 634 20 590 20 647 20 912 201068 20
06754019501048 201130 201236 201395 20 896 201067 201247 201565 201502 201287 20
06754019601458 201583 20 866 201633 201222 201292 201264 209990  09990  09990  0
067540 267  .508  .356  .2901.01810 271.8199 310.4880                           
021540 1 BUTTE, MONTANA   021540                                             465
021540 2 MONTANA      DOUGLAS-FIR        5500  4550 11221          1688 1965    
021540 3 C. W. FERGUSON AND M. L. PARKER                                08311965
02154016809990  09990  09990  09990  09990  09990  09990  09990  0 625  1 608  1
0215401690 772  11304  11301  1 808  11056  1 487  1 297  1 595  1 943  11228  1
02154017001421  11646  11754  1 832  1 984  1 882  1 858  2 860  2 687  2 945  2
02154017101332  3 649  31165  31288  31314  31580  31464  3 949  3 202  31326  3
0215401720 901  3 248  3 963  31060  3 986  31003  31058  31727  31397  31069  3
0215401730 937  3 987  3 853  31282  3 544  3 496  31334  31696  31311  3 280  3
0215401740 337  31414  3 801  5 947  6 265  61044  61787  61299  6 256  61805  6
02154017502127  61396  61068  6 833  61099  6 763  6 252  6 412  6 987  6 322  6
0215401760 568  61239  61157  6 983  6 853  61060  6 628  61044  6 920  7 877  7
02154017701139  72124  71496  81529  8 614  82066  81289  91569  9 698  91352  9
0215401780 807  9 363  9 592  9 623 101072 10 720 10 895 101049 10 875 101290 10
0215401790 757 101451 101346 101131 10 837 10 518 10 390 11 973 11 457 11 903 11
0215401800 197 11 710 11 805 12 981 12 903 12 406 12 653 12 855 12 215 13 849 13
02154018101109 131434 131197 13 924 13 864 13 309 13 762 131078 13 701 13 633 13
02154018201071 131165 13 297 13 863 131311 131031 131586 13 831 131872 132047 13
02154018301180 13 838 131323 131810 13 792 131025 131005 131251 131107 132039 13
0215401840 336 131964 131078 131383 131158 13 149 13 540 13 430 131038 13 784 13
0215401850 959 131106 13 975 131316 141377 141261 141509 14 808 141427 14 986 14
02154018601157 14 348 141070 14 291 14 672 14 361 141219 141033 14 959 14 496 14
0215401870 496 14 549 141021 141288 14 490 14 648 141306 141783 141411 141265 14
02154018801224 14 986 141848 141925 141111 142049 14 896 142417 142552 14 297 14
0215401890 511 141292 141675 14 836 14 782 14 501 14 999 14 910 141058 141030 14
0215401900 702 14 677 14 748 14 292 14 550 14 339 14 789 14 754 14 939 14 884 14
02154019101015 14 910 141004 141125 141351 141066 141879 141220 14 553 14 473 14
0215401920 737 14 507 141037 141142 14 496 141182 14 909 141355 14 575 14 991 14
0215401930 550 14 351 14 846 14 887 14 226 14 616 14 771 14 404 141028 14 990 14
0215401940 777 14 594 141205 141456 141479 141465 141019 141369 141604 141669 14
02154019501678 141138 14 885 14 703 14 195 141026 14 794 14 667 141123 141391 14
02154019601077 14 899 141115 141708 141079 141477 149990  09990  09990  09990  0
021540 278  .289  .441  .448 .99904 277.7337 331.4073                           
317540 1 SPANISH CREEK, MONTANA  317540                                     1005
317540 2 MONTANA      DOUGLAS-FIR        6000  4525 11116 090 15   1623 1972    
317540 3 C. W. FERGUSON, D. G. DESPAIN, AND D. B. HOUSTON               06291972
31754016209990  09990  09990  0 827  11003  11246  1 790  1 341  11027  11213  1
3175401630 586  1 831  1 647  11794  11536  12097  1 830  1 322  1 901  11192  1
31754016402056  11333  11241  12033  11736  1 671  1 362  1 994  11130  21746  2
31754016501169  2 951  2 347  2 286  2 845  21123  2 407  2 646  2 395  2 850  2
31754016601347  2 898  2 883  2 987  2 921  2 340  21255  21108  21402  21274  2
31754016701827  21551  2 954  31332  3 812  3 962  31147  3 985  31515  41173  4
31754016801535  4 852  4 482  41398  41393  51387  51155  51106  5 873  5 987  5
31754016901495  51156  51668  6 512  7 934  71201  7 489  7 451  7 894  8 972  8
31754017001066  8 789  91127  91117  9 572 10 683 101015 11 960 11 471 11 872 11
3175401710 960 11 719 11 538 111235 111300 111540 111028 11 504 11 332 111060 12
3175401720 848 12 523 121169 12 951 121348 121449 121028 121092 12 768 121088 12
3175401730 871 121117 131405 131670 131265 13 723 13 748 141664 141123 14 402 14
31754017401015 151237 151284 151176 15 592 15 750 151096 15 669 16 387 161134 16
31754017501249 171119 171025 171107 17 933 17 638 17 430 17 431 17 916 171028 17
3175401760 721 171210 171251 17 668 17 798 171023 17 731 171049 171642 17 961 18
3175401770 650 181227 181310 181150 18 444 181184 18 780 181019 181327 181139 18
3175401780 934 18 961 18 868 18 603 18 960 181005 181009 181347 181379 181632 18
31754017901332 18 608 18 824 18 534 18 881 18 988 18 918 181493 181115 181213 18
3175401800 329 18 801 181049 181201 181486 18 569 18 758 181171 18 671 18 593 18
31754018101184 181334 18 680 181188 181432 18 632 18 511 18 827 18 468 18 649 18
3175401820 790 18 947 18 688 18 688 18 937 18 804 181150 18 731 18 998 181308 18
3175401830 923 18 877 181292 181922 18 846 181357 18 938 181256 181447 181505 18
3175401840 814 18 685 18 790 18 835 18 928 18 645 18 614 18 471 18 592 19 970 19
3175401850 694 191022 19 607 191331 191387 19 771 191055 19 858 191345 191212 19
31754018601135 19 539 191021 19 206 19 627 19 549 191055 19 938 19 811 201053 20
31754018701196 20 858 20 818 201090 20 552 20 772 201004 20 964 201110 201271 20
31754018801028 20 392 201042 201226 20 679 201012 201118 201459 201840 20 671 20
3175401890 798 201477 201730 201219 201308 201173 201077 201327 201701 201472 20
31754019001052 201188 20 856 201415 201273 201149 201133 201804 201535 201241 20
31754019101363 201576 201449 20 861 201600 201663 201851 201544 201504 20 694 20
31754019201040 201461 201037 201177 201343 201810 201043 201426 201558 201448 20
3175401930 389 201273 201043 20 837 20 337 20 757 20 602 20 359 20 716 20 615 20
3175401940 845 20 644 201142 20 472 20 865 20 969 20 777 201112 20 939 20 825 20
31754019501124 20 468 201024 20 888 20 497 20 793 20 608 20 702 20 576 20 746 20
3175401960 591 20 342 201034 201192 20 627 201096 20 859 20 823 20 960 201274 20
31754019701413 20 859 209990  09990  09990  09990  09990  09990  09990  09990  0
317540 349  .334  .363  .3651.00722 351.5204 399.9306                           
106640 1 PEDRO MTNS, SITE A (PRAIRIE), WYOMING   106640                      222
106640 2 WYOMING      PONDEROSA PINE     7180  4222 10651          1610 1964    
106640 3 M. A. STOKES AND T. P. HARLAN                                  06301965
1066401610 781  1 818  1 753  1 907  11161  11006  11367  11463  11127  1 974  1
10664016201567  11101  11262  1 694  1 655  1 846  1 804  11059  1 689  1 780  1
1066401630 870  11334  1 995  11091  11233  1 773  11097  11008  1 639  1 955  1
1066401640 659  11022  11080  11261  1 950  11038  1 805  1 712  1 923  1 618  1
1066401650 791  1 833  1 714  11028  1 978  11044  11482  11153  11386  11143  1
10664016601120  21206  21216  21168  21117  2 840  2 715  2 982  2 832  21057  2
10664016701086  2 713  2 810  21350  21180  21092  21248  21074  2 977  2 877  2
1066401680 895  2 770  2 838  2 999  21487  21256  21289  31039  3 961  31104  3
10664016901435  31255  3 986  4 863  41218  41101  4 666  4 789  4 671  4 806  4
10664017001149  4 898  41026  4 981  4 678  41130  41059  41092  4 821  5 622  5
1066401710 734  5 867  5 517  5 702  51008  51014  5 995  5 676  5 798  5 885  5
10664017201277  51180  51499  51658  51426  51225  51314  51175  5 856  51312  5
10664017301004  5 963  6 987  61004  61304  61020  7 656  7 960  71000  7 886  7
10664017401240  81060  8 713  8 740  8 720  8 892  8 951  8 898  81069  81024  8
1066401750 868  81228  81119  81063  81005  81087  8 852  8 776  8 701  81095  8
1066401760 612  81471  8 731  8 939  81411  8 900  81017  81573  81223  91168  9
10664017701146  9 871  9 899  9 957  9 962  91047  91097  91256  91031  9 985  9
10664017801364  9 940  91011  91233  91212  9 936  9 692 101033 10 857 101085 11
1066401790 961 12 956 121448 121021 121431 121318 121111 12 310 12 205 12 258 12
1066401800 365 12 488 12 695 12 847 12 751 12 764 12 817 12 626 12 939 12 597 12
1066401810 703 121167 12 724 12 759 121107 12 854 121178 12 892 121036 12 947 12
1066401820 945 12 961 12 999 12 731 12 581 12 903 12 751 12 773 12 963 121023 12
10664018301123 121016 12 982 121459 121223 121356 121393 121277 121291 121522 12
10664018401167 12 778 12 824 121176 121224 12 634 12 900 121111 12 694 121298 12
10664018501232 121090 121208 121263 12 794 121165 12 770 12 876 121273 121164 12
10664018601264 14 503 141326 141188 14 861 14 821 141183 14 953 14 772 141217 14
10664018701188 14 946 141135 14 765 141057 14 908 141114 14 825 141238 141000 14
1066401880 905 14 853 14 832 14 807 14 616 141064 14 952 14 581 141104 141216 14
1066401890 861 141181 141022 14 733 14 947 141138 14 874 14 890 141150 141334 14
1066401900 936 141377 141578 141268 141535 141195 141199 141038 141344 14 988 14
10664019101149 141239 141177 141135 141141 141418 14 952 14 717 141575 14 841 14
1066401920 606 141197 14 717 14 763 14 574 14 748 141013 14 997 141192 14 696 14
10664019301058 141197 14 781 14 469 14 471 14 515 14 699 14 962 14 768 14 537 14
1066401940 819 141200 14 930 14 894 141044 141195 141236 141456 141008 141045 14
10664019501090 141101 141062 14 945 141157 141227 14 894 141086 141022 141103 14
10664019601262 141036 141554 141368 14 879 139990  09990  09990  09990  09990  0
106640 355  .383  .247  .2231.00198 355.7040 378.0110                           
492000 1 BIG THOMPSON                                                        192
492000 2 COLORADO     DOUGLAS FIR        6200  4025 10517 000 45 3 1700 1964    
492000 3 H. C. FRITTS AND R. L. HOLMES                                          
49200017001243  1 594  11470  1 736  1 724  11220  11532  11151  1 826  1 317  1
49200017101423  3 718  31098  3 908  31251  3 925  31213  3 738  3 751  31222  3
49200017201604  61253  61342  61042  6 607  6 899  61047  61141  61120  6 840  6
4920001730 428  91247  9 867  91067  91738  9 704  9 772  91216  91200  9 901  9
4920001740 489 12 935 12 459 12 870 12 303 12 771 121300 121450 12 912 121371 12
4920001750 561 151342 151194 15 833 15 815 15 811 15 846 15 505 15 829 15 753 15
4920001760 687 151250 151217 15 812 15 815 15 751 151320 15 988 151871 151116 15
4920001770 626 151111 15 689 15 978 15 978 15 892 151370 151579 151656 151660 15
4920001780 438 15 885 15 909 151125 151120 151458 15 912 152052 15 875 15 480 15
49200017901346 161002 161662 161511 161608 16 852 16 670 16 730 16 667 161014 16
4920001800 998 17 683 17 631 171285 17 756 17 173 171123 17 846 17 712 17 537 17
49200018101011 17 590 17 795 17 701 171169 171232 171018 171293 17 629 17 606 17
4920001820 146 19 908 191187 19 888 19 533 191083 19 591 191250 191624 191389 19
49200018301066 20 768 20 992 201144 201107 201414 201770 201901 202066 202674 20
4920001840 773 201869 20 488 201718 201794 20 935 20 705 20 429 20 440 20 991 20
49200018501017 20 434 20 894 201014 20 778 20 404 20 794 201017 201269 201118 20
4920001860 904 20 272 20 870 20 361 20 902 20 969 201352 201238 20 887 201392 20
4920001870 630 20 337 201202 20 880 20 409 20 298 201132 20 949 201586 20 533 20
4920001880   6 20 755 20 699 201186 201069 201099 20 824 20 238 20 626 20 782 20
49200018901061 20 831 201006 20 806 20 450 20 901 20 722 20 817 20 856 20 607 20
4920001900 859 20 901 20 647 20 996 20 992 201471 201222 201474 20 779 201533 20
4920001910 919 20 739 201480 201428 201709 201489 201372 201309 201302 20 846 20
49200019201573 201688 201310 201417 201603 20 152 201649 201578 201568 20 903 20
49200019301232 201344 20 561 20 936 20 804 20 702 201063 20 586 20 699 20 955 20
4920001940 288 201120 201235 201481 20 838 201067 20 441 201700 201528 201273 20
49200019501132 201240 201517 20 911 20  27 20 348 20 622 20 916 201181 201177 20
4920001960 885 201128 201382 20 479 20 533 209990  09990  09990  09990  09990  0
492000 265  .252  .404  .4341.00042 265.1118 308.3942                           
119620 1 ESCALANTE FORKS, COLORADO   119620                                  241
119620 2 COLORADO     PINYON PINE        6100  3840 10820          1640 1964    
119620 3 M. A. STOKES AND T. P. HARLAN                                  07131965
1196201640 483  2 484  21143  2 912  2 975  2 666  2 596  21085  2 823  21079  2
11962016501275  21303  2 736  21157  2 379  21812  21168  21171  2 915  21063  2
1196201660 834  5 588  5 737  5 469  5 317  5 504  5 828  5 917  5 435  51453  5
1196201670 555  71124  71114  7 887  71027  7 887  7 871  71040  71245  7 975  7
11962016801556  71408  7 827  71250  7 637  7 394  7 898  71167  71293  71846  7
11962016901427  81254  81422  81485  8 945  81168  81034  8 948  81021  81003  8
1196201700 795  81412  81284  81130  81363  81722  81133  81006  8 898  81144  8
1196201710 785  81547  81074  81111 10 498 101183 101150 101044 101346 101428 10
11962017201924 101046 11 378 11 780 11 790 121395 121281 12 892 12 744 12 480 12
1196201730 696 12 442 12 811 12 567 121579 12 690 121286 12 920 121212 121094 12
1196201740 584 12 791 12 753 121379 121115 121360 121474 121264 12 241 121031 12
1196201750 637 12 677 12 561 121095 121242 12 744 12 980 12 277 121380 121123 12
1196201760 994 12 712 12 875 12 382 121202 12 415 12 978 12 822 131261 141057 14
1196201770 993 141297 14 899 14 482 14 388 14 916 15 926 151039 15 458 15 902 15
1196201780 424 161054 161108 161188 161332 161145 16 859 161317 16 829 161008 16
11962017901502 161747 161539 161278 161100 16 970 16 762 161232 16 447 171131 17
11962018001094 17 534 171031 17 635 17 759 17 609 171024 171199 171027 17 873 17
1196201810 743 171088 171024 17 548 17 700 17 939 171249 171235 17 726 17 601 17
1196201820 520 18 910 18 587 181085 18 677 18 925 181164 18 830 181377 18 579 18
11962018301130 18 967 181215 181180 18 746 18 923 181309 181419 181689 181341 18
11962018401225 181279 181016 181146 181054 18 333 18 754 18 344 181095 181683 18
11962018501485 19 625 191161 191470 191344 19 764 191067 19 937 191267 191226 19
11962018601273 20 531 201618 20 848 20 286 20 980 201388 201338 201372 201097 20
1196201870 739 20 547 201271 20 553 20 927 20 876 20 801 201041 201406 20 774 20
11962018801161 20 936 20 512 20 588 20 910 201040 20 835 20 525 20 840 201011 20
11962018901452 201282 201174 20 467 20 789 20 991 20 388 201217 20 816 20 229 20
1196201900 818 20 650 20 288 20 975 20 617 201138 201383 201587 201241 201443 20
11962019101380 201631 201509 201395 201767 201274 201312 201591 20 927 20 957 20
11962019201488 201306 20 836 20 820 201028 20 680 201003 201320 201006 201374 20
11962019301522 20 732 201622 20 688 20 707 201061 20 687 201004 201456 201078 20
1196201940 626 201582 201444 20 846 201257 20 981 201017 20 760 201024 201151 20
1196201950 948 20 429 20 919 20 650 20 820 20 967 20 355 201122 20 978 20 295 20
11962019601131 20 726 201185 201182 20 846 209990  09990  09990  09990  09990  0
119620 325  .222  .342  .383 .99622 323.7715 360.3605                           
279540 1 UINTA MOUNTAINS SITE C, UTAH   279540                               984
279540 2 UTAH         DOUGLAS-FIR        7500  4034 10957 293      1635 1971    
279540 3 C. W. STOCKTON, J. B. HARSHA, AND G.  . JACOBY                 08101972
27954016309990  09990  09990  09990  09990  01001  1 860  1 427  1 477  1 742  1
2795401640 931  11059  1 943  1 696  2 798  2 424  2 802  2 664  2 601  2 969  2
2795401650 736  2 941  2 578  2 345  2 421  2 860  21077  2 805  2 736  2 748  2
2795401660 485  2 419  2 688  2 953  2 873  2 506  2 650  2 440  2 472  2 799  2
2795401670 319  3 882  3 937  31441  31592  31134  31429  31110  31028  3 946  3
27954016801629  31137  3 980  31853  31598  3 749  3 355  31482  31529  3 960  3
27954016901014  31497  31445  31214  31161  3 779  31042  3 762  3 467  3 720  3
2795401700 995  31323  32040  31304  31303  31501  3 811  3 421  3 474  3 874  3
2795401710 820  41064  41265  41303  4 916  41068  41431  4 949  41144  41329  4
27954017201556  41274  4 717  41308  41118  41285  41497  41447  41333  4 648  4
27954017301328  41883  41311  4 974  41568  4 478  5 720  5 952  51095  5 930  5
2795401740 723  5 780  5 766  5 854  5 774  5 906  61171  61918  6 848  61342  6
27954017501330  6 849  6 545  61280  61063  6 608  6 256  6 596  6 995  6 956  6
2795401760 854  61152  61071  6 685  61119  6 650  61112  61277  61219  61396  6
27954017701037  61417  6 788  6 443  6 731  6 561  6 640  6 852  7 342  7 719  7
2795401780 637  7 683  7 111  7 595  8 659  9 828  9 515  9 694  9 569  9 515  9
27954017901038  91301  92042  91629  91130  9 616  9 866  91631  9 617  91190  9
2795401800 547  9 804  9 991  91096  9 864  9 600  9 665  9 726  9 427  9 363  9
27954018101168 101344 101584 10 589 10 592 101105 101711 101589 101103 101360 10
27954018201046 101338 10 625 10 675 10 397 10 784 10 861 10 923 101249 101060 10
27954018301099 111006 111245 11 873 111052 121060 13 756 141309 141509 141556 14
27954018401811 141694 14 924 141445 141161 14 248 14 866 14 662 15 781 15 988 15
27954018501013 151132 151061 151594 151642 151272 15 886 15 565 15 892 15 823 15
2795401860 597 15 498 171011 17 809 18 584 18 752 181308 181424 181560 181369 18
27954018701475 18 468 18 943 18 599 18 594 18 756 181126 18 963 18 976 18 595 18
2795401880 541 18 728 18 420 18 378 18 688 181141 181077 18 882 181277 18 746 18
27954018901028 181144 181169 18 622 18 545 181300 181018 181149 181702 18 762 18
2795401900 985 181034 18 582 181072 18 808 18 647 181071 182495 182148 181958 18
27954019101711 181756 181510 181301 181934 181846 181445 181696 181579 181023 18
27954019201196 181500 181364 181269 18 819 18 414 18 922 181062 181547 181643 18
27954019301723 18 779 18 822 18 587 18 169 18 454 18 451 18 953 181073 18 971 18
27954019401119 181412 181615 181347 181480 181032 18 301 181238 18 973 181053 18
27954019501160 18 606 18 831 18 486 18 521 18 486 18 427 18 533 18 691 18 165 18
2795401960 500 18 372 18 599 18 574 18 498 18 806 18 974 18 828 18 888 181105 18
2795401970 833 18 884 189990  09990  09990  09990  09990  09990  09990  09990  0
279540 337  .549  .403  .335 .98227 331.0256 379.5995                           
043630 1 BIG WASH EAST, NEVADA   043630                                   16 320
043630 2 NEVADA       PINYON PINE        6900  3853 11410 135 18 2 1612 1964    
043630 3 C. W. FERGUSON AND M. L. PARKER                                07  1965
04363016109990  09990  0 608  1 716  1 725  1 894  11355  11355  11194  11616  1
04363016201182  1 853  1 708  1 339  1 942  1 521  11688  1 752  1 734  11155  1
04363016301228  2 811  2 264  21222  21317  21682  21508  2 700  21021  21131  2
04363016401415  31152  31423  31158  3 783  3 926  3 647  31193  31054  31359  3
04363016501044  61307  6 468  6 448  6 307  6 694  6 987  6 832  6 863  6 983  6
04363016601097  6 880  6 814  6 914  61154  6 692  61264  6 986  6 772  6 874  6
0436301670 895  6 843  6 956  61264  61337  6 847  61476  61103  6 741  61068  6
04363016801268  6 825  61110  61295  6 773  61019  6 692  61212  61132  6 970  6
0436301690 881  61130  61027  61251  61177  61196  61299  61232  61283  61745  6
04363017001095  81014  81381  81043  81329  81454  81024  8 620  8 680  8 778  8
0436301710 890  81205  81363  8 965  8 842  8 603  81231  81082  81345  81503  8
04363017201606  9 734  9 715  91290  91260  91503  91586  91738  91441  9 554  9
04363017301335 101435 101318 101088 101033 10 601 10 667 10 593 101115 10 679 10
0436301740 657 10 738 10 865 10 854 10 688 10 948 101294 101457 10 840 10 656 10
0436301750 985 10 653 10 621 10 715 101050 10  77 10 260 10 271 10 837 10 879 10
04363017601169 101008 10 878 10 377 101024 10 365 101125 101171 101395 101383 10
04363017701155 111443 11 710 11 438 11 761 111474 111086 11 304 11 614 111135 11
0436301780 292 11 703 11  53 11 921 111849 111395 11 463 111674 11 343 111561 11
04363017901638 111469 111542 111787 11 680 11 652 11 959 111447 11 381 111405 11
0436301800 742 11 823 111563 111250 11 914 11 679 111391 111539 11 609 11 965 11
04363018101278 121727 121196 12 365 12 656 121065 121292 12 866 12 618 121225 12
04363018201033 161287 16 663 161089 16 486 161118 161214 161025 161413 161037 16
04363018301375 19 801 191314 191228 19 848 19 844 19 538 191296 191791 191592 19
04363018401373 191212 19 771 19 843 191194 19 522 19 758 19 965 191006 191205 19
04363018501067 19 861 19 956 191315 191420 19 863 19 461 19 574 19 655 19 476 19
0436301860 687 20 774 201086 20 616 20 674 20 838 201629 201260 201665 201039 20
0436301870 698 20 628 201180 201059 201256 201165 20 954 20 836 20 800 20 137 20
04363018801013 20 727 20 657 201109 201244 201584 20 988 20 914 201199 20 604 20
04363018901609 201566 20 870 20 703 20 931 20 932 20 762 20 747 201246 20 648 20
0436301900 841 201114 20 574 201179 201113 201117 201455 201638 201356 201461 20
04363019101263 201550 201034 20 988 201691 201162 20 963 201415 20 965 20 864 20
04363019201391 201036 20 962 201392 20 669 20 749 20 931 20 661 201002 20 558 20
0436301930 915 20 461 20 879 20 597 20  45 20 726 20 620 201371 201292 20 850 20
0436301940 380 201512 201459 201024 201345 201226 201087 201276 20 866 201354 20
0436301950 728 20 960 201178 20 346 201335 20 809 20 987 20 910 20 862 20 357 20
0436301960 634 20 571 201239 20 959 20 947 209990  09990  09990  09990  09990  0
043630 353  .258  .354  .3751.00488 354.7232 400.6761                           
030630                                                                          
030630                                                                          
030630                                                                          
03063016109990  09990  09990  09990  01105  12559  22368  22856  32412  31483  3
03063016201559  31504  31389  31594  3 748  31399  3 379  3 579  3 978  3 222  3
03063016301047  3 709  3 514  31834  31064  31724  3 538  3 366  31131  31382  3
03063016401405  31215  31091  31111  3 625  3 894  3 661  3   0  31392  31106  3
0306301650 918  3 916  4 344  4 310  4 193  4 166  4 876  4 932  4 336  4 612  4
03063016601562  51936  51247  51227  51703  51048  5 824  5 567  5 263  5 289  5
0306301670   0  5 539  5 656  5 410  51277  5 906  5 703  51213  5 839  5 919  5
03063016801561  51653  51435  51649  5 744  51142  5  35  6 862  6 858  6 614  6
0306301690   9  6  41  6 743  61357  61245  6 892  61335  61414  6 631  6 847  6
03063017001110  9 355  91008  9 364  9 779  91222  9 780  9 265  9 588  91402  9
03063017101432 101522 101085 10 989 101168 101224 10 763 101129 101096 111388 11
03063017201701 111419 11 855 111223 11 697 111605 111427 111948 11 723 11  68 11
03063017301224 121693 121419 12 133 121383 121088 12 397 12 642 12 657 12 156 12
0306301740 758 12 866 12 366 121520 121730 122391 121835 122394 12 809 121444 12
0306301750 816 12 911 121379 12 538 12 832 12 743 12 376 12 143 12 703 12 168 12
03063017601240 12 763 12 547 12 217 12 746 12 435 121303 121104 131312 141072 14
0306301770 988 141552 14 816 14 927 14 863 15 755 151074 15 544 15 511 151319 15
0306301780 669 16 760 16   0 16   5 161001 16 863 16 579 161490 16 869 161737 16
03063017901425 16 743 161203 161133 16 194 16  43 16 335 161153 16 676 161188 16
0306301800 344 161006 16 860 16 792 161421 16 788 16 517 16 855 16 424 16 609 17
03063018101186 172029 17 818 17 639 171041 17 567 17 973 181328 18 462 181123 18
0306301820 401 19 898 19  73 19 510 19 101 191222 191361 19 987 191507 19 418 19
0306301830 987 19 902 191581 19 933 19 607 19 320 19 282 19 651 191887 191972 19
03063018401829 19 541 19 775 19 379 19 429 19 283 19 434 191340 19 884 191694 19
03063018501813 19 843 191952 192109 191422 19 671 19 146 19 209 19 321 19 155 19
03063018601130 201204 201869 20 847 20 891 201684 20 928 201551 202223 201767 20
0306301870 958 20 950 201825 20 803 20 918 201802 201835 201060 201855 20 762 20
03063018801283 20 677 201292 20 725 201657 201809 201661 201059 20 845 20 172 20
03063018901699 201780 201470 201741 20 956 201501 201226 20 827 20 644 20 354 20
0306301900 691 201615 20 689 20 482 20 398 201054 201614 202199 202048 20 830 20
03063019101066 201686 20 985 201965 202682 201876 202006 201674 201165 201917 20
0306301920 376 20 810 201817 20 855 20 228 20 747 20 519 201283 20 316 20 456 20
0306301930 442 20 315 202007 20 871 20 363 20 943 20 557 201437 201926 201261 20
0306301940 337 201137 201420 201400 201410 201770 201095 201430 20 128 201206 20
0306301950  54 20 535 201890 20 680 20 231 20 360 202072 201128 201007 20 247 20
0306301960  24 20 785 201826 201979 20 433 209990  09990  09990  09990  09990  0
030630   0 0.000 0.000 0.0000.00000   0.0000   0.0000                           
521629 1 MT. TRUMBULL, SITE A + JUNE TANK + TUWEEP                           206
521629 2 ARIZONA      PINYON PINE                                  1620 1964    
521629 3 M. A. STOKES AND T. P. HARLAN                                          
52162916201155  1 607  1 383  1 356  1 620  1 377  1 671  1 445  1 427  1 523  1
5216291630 286  1 239  1 460  1 548  1 771  1 454  1 271  1 368  1 700  1 995  1
52162916401222  11215  11022  11202  1 740  1 811  1   0  1 816  11037  12080  1
52162916501353  12030  1 997  11020  1 536  1 934  11191  11276  11289  11374  1
52162916601481  11413  11489  11264  11372  11104  11494  11320  11208  1 737  1
5216291670 665  1 741  11231  11277  11451  11006  1 783  11226  11057  11287  1
52162916801736  11131  11134  11389  1 548  11012  1 683  11460  11475  11612  1
52162916901097  2 975  21198  2 986  21221  21551  21228  21358  2 746  21412  2
5216291700 820  41022  4 996  4 479  4 963  41383  41168  4 697  4 742  4 996  4
52162917101256  41267  41271  41095  4 929  4 797  4 883  41060  41371  51241  5
52162917201324  6 686  6 640  61039  61208  61354  61618  61208  61184  6 866  6
52162917301314  71232  71394  7 647  71602  7 400  7 547  7 682  71311  7 528  7
5216291740 598  8 899  8 609  81069  81155  81425  81501  81468  8 828  81364  8
5216291750 837  9 805  9 692  9 808  9 715  9 679  9 853  9 724  91163  9 945  9
52162917601222  9 926  91065  91046  91316  9 895  91419  91439  91686  91371  9
52162917701221  91677  9 831  9 433  9 667  91126  9 609  91052  9 467  9 951  9
5216291780 567 10 832 10 738 10 927 101519 11 762 111044 111368 11 723 111034 11
52162917901007 111269 111092 111413 111009 11 991 11 881 11 986 11 806 111110 11
5216291800 385 12 652 121066 12 526 121043 13 364 13 696 13 655 13 419 13 423 13
5216291810 758 131036 13 806 13 486 13 473 13 973 131511 131103 131143 131276 13
5216291820 589 131419 14 174 14 570 14 925 141288 141300 14 986 141562 14 636 14
52162918301028 141087 141351 141478 141069 141322 141120 141265 141787 141812 14
52162918401635 141071 14 919 141312 141352 14 716 141281 14 370 141379 141506 14
52162918501552 14 872 141349 141495 141248 141023 14 450 14 519 14 841 14 604 14
5216291860 481 16 367 16 892 16 592 16 320 16 812 161084 161328 161471 161402 16
52162918701037 16 696 16 740 16 780 16 945 161037 161085 16 910 16 828 16 791 16
5216291880 539 16 495 16 615 16 908 161246 161229 161087 16 934 161096 161202 16
52162918901262 161150 161075 16 942 16 841 16 823 16 208 161036 16 960 16  21 16
5216291900 451 16 847 16 191 161034 16 289 161104 161483 161468 161258 161293 16
52162919101278 161481 161480 161203 161550 161448 161532 161477 16 975 161549 16
52162919201459 16 931 161583 161150 16 591 161010 161158 16 859 161285 16 569 16
52162919301146 161085 161417 161025 16 665 161214 16 790 161615 161519 16 884 16
52162919401204 161212 161099 161088 161082 161055 16 845 16 929 16 924 161287 16
5216291950 718 16 306 161309 16 682 161001 16 700 16 472 161024 161024 16 560 16
5216291960 924 16 789 15 911 15 500 141106 119990  09990  09990  09990  09990  0
521629 345  .412  .366  .3531.00235 345.8098 392.6323                           
083099 1 SPIDER ROCK                                                        1045
083099 2 ARIZONA      PINYON PINE       06900 03605 10922 300 05   1601-1971    
083099 3 J. DEAN, B. BURNS, W. ROBINSON, D. BOWDEN                      07/19/72
08309916009990  0 911  1 620  1 569  1 455  1 586  1 758  1 751  1 772  11342  2
08309916101088  21164  21005  2 723  21174  21087  21143  21393  21377  21049  3
08309916201170  31591  3 807  4 675  4 405  4 893  4 580  41229  41000  41238  4
08309916301309  4 838  4 788  41057  51241  5 989  5 901  5 803  5 929  6 927  6
08309916401008  81079  81054  81009  81102  81145  9 945 111187 11 746 11 890 11
08309916501254 111339 111092 11 732 11 215 11 854 111336 11 756 11 709 111136 11
08309916601409 111221 121044 121112 12 756 121171 12 869 12 757 12 507 12 565 12
0830991670 194 15 808 151438 151738 151663 151195 15 797 151238 151480 16 551 16
08309916801304 171458 171158 171464 17 861 18 258 18 873 181203 181421 191661 19
08309916901545 191515 201499 201659 201050 201123 20 698 20 914 201058 20 922 20
0830991700 151 201127 20 572 20 897 20 721 201032 201072 20 597 20 758 21 695 21
08309917101076 21 771 21 788 21 487 211039 22 860 22 392 22 563 221075 221073 22
08309917201758 221174 221057 221163 22 849 221204 221533 231177 23 354 23 166 24
0830991730 764 241184 241270 241167 241003 24 291 24 853 24 717 24 958 24 472 24
0830991740 563 251017 25 820 251736 251084 251683 251667 251445 25 382 251222 25
0830991750 660 26 730 26 534 26 180 26 669 26 345 26 809 26 967 261167 261364 27
08309917601487 27 838 271056 27 882 271521 28 771 291490 291262 291498 301031 30
0830991770 893 311068 311418 31 676 31 948 31 967 31 775 31 662 31 575 31 833 31
0830991780 549 32 932 32 764 321153 321831 32 902 321122 321529 32 500 32 786 32
0830991790 485 321424 331324 331566 331135 33 799 331312 331206 33 987 331290 33
08309918001170 33 624 331149 33 795 331274 33 592 33 485 341450 34 803 341156 34
0830991810 915 34 944 34 986 34 456 341060 341088 341567 341365 34 466 34 431 34
0830991820 158 341220 34 138 34 633 34 961 341487 341762 341197 341817 34 578 34
08309918301313 34 956 34 444 341620 34 724 341512 341201 341709 341713 341832 34
08309918401420 34 914 34 664 34 966 341441 34 929 34 968 34 215 34 955 342014 34
08309918501880 34 409 341499 341361 34 522 341494 341559 34 648 341693 34 986 34
0830991860 478 34  72 341171 34 706 34 661 341498 341794 341893 342124 341402 34
08309918701001 34 695 34 345 34 385 341114 34 605 34 789 34 958 34 942 34 954 34
0830991880 716 34 656 34 767 34 438 34 759 34 952 34 497 34 518 341034 34 878 34
0830991890 977 341343 341304 34 500 34 403 34 794 34 294 34 979 34 812 34 366 34
0830991900 393 34 676 34  16 341268 34 316 341554 341398 341453 341006 341092 34
0830991910 824 341555 341038 34 974 341443 341678 341585 341268 341305 341711 34
08309919201790 341345 341290 34 979 341449 34 960 341277 341140 34 448 34 947 34
0830991930 709 34 787 341080 34 568 34 509 34 842 34 707 341544 341215 34 987 34
0830991940 894 341699 341413 34 961 341391 341203 34 434 34 741 341460 341656 34
0830991950 369 34  55 341611 34 532 34 452 34 951 34 658 341181 34 799 34  91 34
08309919601206 34 863 341152 341358 34 726 341532 34 791 34 112 34 763 341013 34
0830991970 889 34 882 269990  09990  09990  09990  09990  09990  09990  09990  0
083099 371  .295  .405  .439 .99526 369.2421 428.2937                           
222000 1 MEDICINE VALLEY                                     PIPO  AZ08801  1133
222000 2 ARIZONA      PONDEROSA PINE    2195M  3524-11134 020 33   1679 1972    
222000 3 J. S. DEAN, D. O. BOWDEN                                       08/16/72
22200016709990  09990  09990  09990  09990  09990  09990  09990  09990  0 354  1
22200016801378  11132  1 845  1 947  2 513  2 472  2 771  2 812  21150  21254  2
2220001690 895  21231  21476  21043  21488  21251  2 823  21011  21409  21520  2
22200017001114  21258  3 964  3 685  4 928  41104  4 819  41141  4 610  4 682  4
22200017101056  4 865  4 842  51052  5 903  51119  5 467  5 998  61018  61667  6
22200017201917  61311  6 947  61189  6 796  61155  61793  6 939  6 981  6 403  6
2220001730 710  6 926  6 895  6 566  6 809  6 265  61161  6 505  61131  6 532  6
22200017401077  61094  6 583  61640  71249  71695  81841  81450  8 329  81370  8
2220001750 755  81144  8 267  8 822  81221  8 400  81366  81290  81594  91519 11
22200017601499 12 575 13 979 13 438 131003 13 877 131269 131221 131253 13 993 13
22200017701038 151252 16 823 16 321 16 646 16 654 16 778 16 792 16 697 16 789 16
2220001780 579 16 985 16 842 161469 161563 16 500 16 555 161140 16 755 16 810 16
2220001790 948 161147 161358 162110 161271 161663 161670 161471 16 738 161509 16
2220001800 727 20 649 20 814 20 522 201023 20 463 20 804 20 936 20 964 201083 20
22200018101186 201270 201151 20 164 20 659 20 923 201317 20 978 20 499 20 531 20
2220001820 558 201116 20 455 20 906 201153 201381 201578 201262 201669 20 669 20
22200018301157 201499 201132 201655 20 885 201453 20 939 201124 201349 201764 20
22200018401413 201111 20 455 20 830 201320 20 348 20 517 20  30 20 833 20 948 20
22200018501356 20 888 201388 20 982 201009 201127 20 813 20  41 201029 20 510 20
2220001860 811 20 904 201200 20 509 20 179 20 851 201296 201214 201738 201143 20
22200018701071 20 383 20 928 20 548 20 866 20 752 20 673 20 699 20 661 20 118 20
2220001880 140 20 244 20 821 20 799 201193 201209 20 960 20 773 201238 201488 20
22200018901607 201760 201369 20 689 201104 201013 20 319 20 905 201039 20 296 20
2220001900 451 20 560 20  72 20 989 20  64 201183 201374 202157 202201 202091 20
22200019101720 202165 201851 20 528 201136 201583 201359 201714 201689 201663 20
22200019201598 201125 201674 201171 201516 20 929 201331 20 743 201025 201047 20
2220001930 908 20 746 201330 201298 20 772 20 895 20 421 20 818 20 638 20 578 20
2220001940 370 201251 201111 20 416 201074 20 906 20 964 20 621 20 981 201415 20
2220001950 583 20  68 201147 20 665 20 381 20 890 20 967 20 761 20 824 20 893 20
2220001960 934 201400 201318 20 399 201165 201413 201402 201445 201343 201325 20
22200019701802 20 305 201522 129990  09990  09990  09990  09990  09990  09990  0
222000 294  .382  .428  .4451.00619 295.8206 351.3189                           
263099 1 S P MOUNTAIN, ARIZONA          263099                              1158
263099 2 ARIZONA      PONDEROSA PINE    07000  3534 11139          1689-1972    
263099 3 J DEAN AND D BOWDEN                                                    
26309916809990  09990  09990  09990  09990  09990  09990  09990  09990  01411  1
2630991690 808  11174  1 931  11171  2 664  2 770  2 845  2 770  21443  21530  2
2630991700 654  21811  21030  2 437  2 625  21152  2 998  2 387  2 624  3 415  3
26309917101061  3 770  31066  3 946  3 994  3 730  3 746  31769  42230  51710  7
26309917202462  71698  71233  71055  7 735  71167  71703  71253  8 426  9  89  9
2630991730 763  9 818  9 770  9 485  9 727  9 434  91222  9 514 11 912 11 380 11
2630991740 603 11 782 11 198 111488 111445 111832 111765 111518 11 182 111477 12
2630991750 598 12 657 12 625 12 802 121185 12 649 121182 121353 121589 131502 14
26309917601562 15 959 151076 15 978 151615 151081 151675 151161 151658 151195 15
26309917701152 151097 15 979 16 676 161244 161241 161383 161170 16 308 16 728 16
2630991780 434 16 899 161140 161661 161537 16 662 16 697 161609 16 807 16 748 16
2630991790 442 161418 161145 161666 161115 161080 16 837 16 809 16 222 17 838 17
2630991800 320 17 570 17 586 17 417 17 784 17 590 18 413 18 666 18 640 18 737 18
2630991810 634 18 888 18 913 18  18 18 213 18 474 181037 181126 18 566 18 566 18
2630991820 363 19 936 19 642 19 691 191305 191367 191462 191163 191686 19 828 19
2630991830 991 191501 19 511 191295 19 941 191146 19 719 191008 191327 191646 20
26309918401600 201370 20 560 20 716 201528 201024 201134 20 482 201624 201883 20
26309918501860 201236 201424 201404 20 863 201465 20 626 20  53 201008 20 404 20
2630991860 613 20 749 201406 20 566 20 427 201033 201509 201463 201564 201542 20
26309918701639 20 579 20 669 20 532 20 921 20 616 20 686 20 384 20 674 20 201 20
2630991880 298 20 291 201060 20 988 201641 201136 201235 20 778 201438 201538 20
26309918902045 201857 201775 201042 201635 201709 201044 20 874 20 994 20 350 20
2630991900 578 20 833 20 211 20 677 20 111 201213 201333 201070 201337 201234 20
26309919101087 201458 201205 20 638 201115 201412 201215 201565 201483 201683 20
26309919201740 201234 201122 201523 201965 20 801 201064 201346 201695 201153 20
26309919301424 201270 201412 20 796 201365 20 899 20 422 201293 201193 20 314 20
2630991940 369 201267 20 918 20 156 201230 201071 20 984 20 203 20 996 201201 20
2630991950 507 20 186 201174 20 622 20 496 20 559 20 601 20 625 20 733 201002 20
2630991960 762 201075 20 988 20 279 20 624 20 850 201180 20 970 201061 201265 20
26309919701275 20 152 201245 189990  09990  09990  09990  09990  09990  09990  0
263099 284  .417  .456  .4611.00128 284.3631 343.6115                           
022000 1 GRASSHOPPER, ARIZONA  022000                                        989
022000 2 ARIZONA      PONDEROSA PINE     5900  3404 11035 360 05   1642 1972    
022000 3 J. S. DEAN AND R. L. WARREN                                    06281972
02200016409990  09990  01711  11110  21425  21671  21514  21691  2 586  2 969  2
02200016501116  21597  21270  2 833  2 284  2 498  2 695  2 363  2 442  2 446  2
0220001660 615  2 605  2 771  2 718  2 558  2 606  2 723  2 267  2 300  2 149  2
0220001670   0  2 582  2 796  2 723  2 459  2 494  2 474  2 876  2 835  21501  2
02200016802030  31772  31559  31415  3 567  3 133  3 647  31212  31156  31240  3
02200016901189  31051  31615  31406  31683  31518  3 585  4 792  4 864  41600  4
02200017001167  41393  41582  51217  51290  51698  51557  5 587  5 724  5 977  5
02200017101710  51061  5 803  5 943  51464  6 890  6 339  6 884  61335  61079  6
02200017201290  6 797  6 595  61192  6 325  61085  61522  61215  6 745  6 310  6
0220001730 812  6 514  61101  6 514  61223  6 113  6 341  6 854  61343  6 643  6
02200017401367  71358  7 990  71270  71232  71641  72410  72405  7 681  72666  7
02200017501958  7 961  7 109  7 315  7 431  7 253  7 300  7 153  7 392  7 564  8
0220001760 687 10 312 10 874 10 485 101382 10 800 111483 121100 121529 121085 12
02200017701197 131645 131662 13 517 131006 131096 131403 13 879 14 445 14 811 14
0220001780 427 14 575 14 178 14 857 141408 14 519 14 909 141348 14 441 14 966 14
0220001790 671 141208 141563 142010 141156 141541 141167 14 657 14 814 141015 14
0220001800 657 14 400 14 686 14 194 14 713 14 628 14 822 14 995 141263 141286 14
02200018101091 141201 141153 14 873 141215 141379 141674 141029 14 569 14 339 14
0220001820  26 14 820 14 234 14  49 14 975 141345 141456 141095 141731 14 817 14
02200018301205 141088 141377 141478 141416 141219 141346 14 952 151678 151793 15
02200018401292 15 546 15 814 15 839 151529 15 423 15 751 15  40 15 785 151259 15
02200018501170 15 990 161736 161861 161044 161540 161332 17 686 191147 19 682 20
02200018601143 22 577 221238 22 708 23 161 231201 231291 231390 252067 261818 27
02200018701098 28 284 28 799 28 543 28 899 281272 28 919 28 847 281103 281014 28
0220001880 839 28 832 281004 281122 281514 281683 281302 28 597 281041 28 935 28
02200018901164 28 949 28 851 28 442 28 227 28 712 28 785 28 938 281063 28 795 28
0220001900 290 28 822 28 183 28 605 28   3 28 855 281080 281185 281582 281772 28
02200019101146 281860 281841 281232 281996 281783 281504 281650 281081 281673 28
02200019201515 28 920 281474 281377 281273 28 991 281134 281143 281096 281287 28
02200019301206 281279 281359 28 873 28 404 281127 28 660 281117 28 870 28 766 28
0220001940 616 281322 28 969 281095 281108 281002 28 420 28 886 28 532 281031 28
0220001950 501 28 357 281156 28 943 28 822 28 230 28 421 28 835 28 898 28 371 28
02200019601138 28 473 28 938 28 624 28 293 28 808 281115 28 984 281009 281381 28
0220001970 797 28 569 289990  09990  09990  09990  09990  09990  09990  09990  0
022000 330  .496  .472  .475 .98953 326.5448 396.2723                           
191000 1 ALPINE, SAN FRANCISCO RIVER WATERSHED, ARIZONA   191000             631
191000 2 ARIZONA      DOUGLAS-FIR        9000  3354 10908 090 30 2 1666 1967    
191000 3 C. W. STOCKTON                                                 08  1968
19100016609990  09990  09990  09990  09990  09990  0 854  1 747  11113  1 677  1
1910001670 568  11405  11804  11568  12070  11973  1 835  1 995  1 895  1 981  1
19100016801189  11548  11288  11771  1 925  1 283  11252  11283  1 990  11279  1
19100016901616  1 767  11643  11435  11380  11654  1 853  1 884  1 613  11122  1
19100017001408  11764  11080  11349  1 977  1 464  1 763  1 417  1 468  1 588  1
19100017101150  1 772  1 974  1 775  1 848  1 951  1 689  11097  11059  1 827  1
19100017201115  11159  1 699  1 793  1 496  1 839  11266  1 634  1   0  1 345  1
1910001730 283  1 462  1 568  1   0  1 190  1   0  1 393  1 213  1  96  1 353  1
1910001740 824  2 868  2 911  21008  3 875  31079  31517  31726  3 282  31413  3
1910001750 681  61228  6 773  6 258  6 828  6 648  6 279  6 758  7 782  71305  7
1910001760 738  7 690  71351  7 869  71866  71219  71440  71281  71553  71067  7
19100017701591  81431  8 952  8 667  8 951  91122  9 980  9 504  9 952  9 824  9
1910001780 346  9 728  9 379  91307 101372 10 480 10 764 101685 10 795 10 839 10
19100017901393 101390 101288 102493 10 964 102252 101467 10 624 10 884 10 709 10
1910001800 567 10 514 10 733 10 302 101030 10 673 10 375 101150 10 990 101320 10
19100018101542 10 821 10 929 10 492 10 634 101430 101817 101117 10 189 10 334 10
1910001820 350 101236 10 435 10 455 10 985 101043 10 915 10 668 101673 10 977 10
19100018301252 11 809 111261 111855 111501 111482 11 675 111507 111113 111804 11
19100018401537 12 642 12 254 121334 121841 121403 12 925 13 455 131257 131578 13
19100018501680 13 510 131614 13 762 14 810 141166 141171 14 492 14 665 14 583 14
19100018601172 20 609 20 723 20 412 20 519 20 920 201215 201409 201616 201652 20
19100018701307 20 576 20 676 20 411 201019 20 915 20 630 201242 20 712 20 766 20
1910001880 631 20 594 201408 201253 201314 201537 20 724 20 786 201003 201020 20
1910001890 915 201330 20 932 20 631 20 235 20 649 20 682 20 740 20 998 20 568 20
1910001900 355 20 684 20 307 20 934 20 242 201046 201125 201490 201689 201682 20
19100019101087 201446 201606 20 962 201323 201848 201700 201993 201214 201759 20
19100019201734 20 986 201059 20 855 201573 20 693 201450 201214 201352 20 967 20
19100019301018 201227 201482 201429 20 772 201328 201029 201307 20 722 20 922 20
1910001940 961 201492 201264 20 532 20 744 20 987 20 274 20 634 20 866 201192 20
1910001950 647 20 220 201248 20 767 20 438 20 397 20 291 20 745 201033 20 722 20
1910001960 967 20 698 20 938 20 680 20 543 201418 201173 20 699 209990  09990  0
191000 302  .405  .449  .459 .98420 297.2431 353.1236                           
165540 1 NANTACK GAP, ARIZONA   165540                                       290
165540 2 ARIZONA      DOUGLAS-FIR        6650  3318 10945          1650 1966    
165540 3 T. P. HARLAN AND M. L. PARKER                                      1966
16554016501704  11912  11211  11477  1 773  1 315  1 762  1 901  1 621  1 991  2
1655401660 850  2 979  31122  31155  3 928  31170  3 704  3 579  3 515  3 919  3
1655401670 262  31138  31581  31138  31042  31119  4 623  4 914  4 767  41255  4
16554016801562  41454  41104  4 845  4 730  4 371  4 745  41003  41081  41090  4
16554016901042  41787  41551  41263  4 867  4 795  4 506  4 791  4 887  41271  4
1655401700 993  51517  51322  51013  5 556  5 769  51009  5 706  5 702  5 791  5
16554017101433  51042  51368  5 924  5 799  5 826  5 781  51002  51076  5 837  5
16554017201494  51048  5 766  51228  5 915  5 815  51756  51146  51058  51004  5
1655401730 807  6 649  6 735  6 336  6 850  6 276  6 508  6 622  6 913  6 873  6
1655401740 772  6 903  6 894  61041  61398  61498  62103  61718  6 407  61417  6
16554017501169  61239  6 392  6 720  6 997  6 715  6 669  6 587  61128  61424  6
16554017601282  61043  61851  61215  61400  61029  61844  61192  61249  61288  6
16554017701273  61873  61318  6 578  6 923  61128  61050  6 997  61011  6 954  6
1655401780 676  61014  6 793  61128  62079  61481  7 934  71004  7 678  7 719  7
1655401790 439  7 809  7 914  71456  7 781  7 998  7 951  7 753  7 708  7 816  7
16554018001077  7 936  7 767  7 874  7 914  7 754  7 616  7 703  7 556  7 878  7
1655401810 591  7 945  7 980  7 876  81052  81556  81830  81148  9 553  9 563  9
1655401820 753  91138 10 548 10 717 11 898 11 810 111010 121152 121083 12 869 12
1655401830 844 121489 121439 121395 131206 131292 131203 131389 131229 131770 13
16554018401289 13 696 13 706 131051 131320 131092 141105 14 427 14 902 15 931 15
1655401850 912 19 851 19 998 19 913 19 941 191186 201290 201251 201666 201295 20
16554018601130 20 856 20 789 20 610 20 453 20 866 201201 201306 201407 201122 20
1655401870 790 20 498 20 644 20 600 20 646 20 719 201044 201164 20 996 20 870 20
1655401880 957 20 855 201105 20 878 20 822 20 713 20 744 20 393 20 715 20 588 20
1655401890 688 20 754 20 609 20 563 20 510 20 697 20 814 20 721 201161 201068 20
1655401900 592 201086 20 480 20 829 20 112 201163 201123 201297 201980 201588 20
16554019101051 20 972 201150 20 826 20 929 201327 201661 201497 20 942 201422 20
16554019201861 201107 201302 20 704 201102 20 412 20 948 201108 20 987 20 839 20
16554019301347 201205 201789 201607 20 369 201373 201282 201224 201047 20 964 20
16554019401015 201269 201338 20 927 20 992 20 986 20 848 20 850 20 899 20 976 20
1655401950 917 20 948 201227 20 775 20 612 20 568 20 968 20 927 201077 20 882 20
16554019601441 20 873 201045 201081 201096 201555 201345 209990  09990  09990  0
165540 317  .440  .345  .2911.00549 318.7411 358.0202                           
189540 1 CLARK PEAK SADDLE, PINALENO MTNS, ARIZONA   189540                  531
189540 2 ARIZONA      DOUGLAS-FIR        8800  3242 10959          1630 1967    
189540 3 T. P. HARLAN AND K. W. SCHWAB                                  06051968
1895401630 348  1 274  1 448  1 701  11007  11191  11864  11361  11532  12340  1
18954016401471  1 763  1 612  1 737  1 720  1 515  1 650  1 568  1 131  1 533  1
18954016501160  21100  21061  2 744  2 749  21396  21352  21216  2 975  21021  2
18954016601472  21866  21449  21400  21055  21449  21035  2 580  2 412  2 388  2
1895401670  50  2 431  2 457  2 473  2 816  2 716  2 755  21064  21056  21136  2
18954016801601  2 979  3 701  31085  31226  3 517  3 963  31122  31497  31312  4
18954016901348  51347  51443  51399  51234  5 956  5 454  5 659  5 669  5 822  5
18954017001275  51296  51066  5 730  5 704  5 728  5 931  5 757  6 676  6 769  6
18954017101119  61012  6 985  6 769  61092  6 970  6 677  61059  61411  61041  6
18954017201350  61196  7 975  8 836  8 930  8 946  81431  81017  8 896  8 994  8
1895401730 777  8 876  9 982  9 492  91103  9 844  9 941  9 920  91064  91055  9
1895401740 922  91496  91249  91572  91226  91411  91635  91306 10 338 10 992 11
18954017501032 111012 11 416 11 374 11 730 11 757 111019 11 992 111179 111062 11
18954017601067 11 885 111174 11 734 111119 111098 111269 131246 131182 131312 13
18954017701191 131304 131037 14 586 14 878 14 967 14 922 14 779 14 870 14 767 14
1895401780 756 14 991 14 790 141118 141748 141014 14 882 141152 14 977 14 786 14
1895401790 711 151111 151007 151537 15 954 15 987 151319 15 870 15 689 151367 15
18954018001278 151150 151326 151045 151121 15 911 15 835 15 886 15 945 151007 15
18954018101096 151172 15 956 15 590 16 939 161320 161447 161006 16 570 16 434 16
1895401820 573 17 961 17 526 17 500 17 901 17 773 181098 181144 181246 181256 18
18954018301282 181147 181210 181366 181394 181253 18 915 181209 181178 181413 18
18954018401140 18 467 18 547 181027 181290 18 878 181042 18 706 18 907 181028 18
1895401850 843 18 638 181045 18 822 18 840 18 983 181340 181086 181240 181075 18
1895401860 950 18 763 18 944 18 436 18 561 18 852 181160 181236 181097 181076 18
18954018701066 18 727 18 644 18 598 18 772 18 855 18 833 18 977 18 860 18 818 18
1895401880 745 18 708 181159 181213 18 901 181054 18 791 18 564 181062 181107 18
18954018901058 181282 18 781 18 595 18 496 18 916 18 762 18 706 181201 181052 18
1895401900 427 18 965 18 550 18 972 18 246 181025 181061 181412 181715 181571 18
1895401910 766 181459 181620 181187 181558 181825 181652 181584 181171 181714 18
18954019201520 18 780 18 809 18 527 18 961 18 414 18 987 181230 18 717 18 663 18
18954019301560 181600 181638 181607 18 471 181378 18 944 18 967 18 606 18 353 18
1895401940 935 181407 181226 18 859 18 830 18 914 18 427 18 133 18 799 181180 18
1895401950 642 18 575 181239 181346 181276 18 900 18 371 181562 181312 18 704 18
18954019601231 18 461 181350 181010 18 840 181719 181505 181460 189990  09990  0
189540 338  .490  .345  .297 .99643 336.7931 375.6115                           
179540 1 SANTA RITA MTNS, HIGH (FLORIDA CANYON), ARIZONA   179540            286
179540 2 ARIZONA      DOUGLAS-FIR        8000  3143 11051          1645 1966    
179540 3 M. A. STOKES, T. P. HARLAN, AND P. L. FELLOWS                  01241967
17954016409990  09990  09990  09990  09990  01280  11133  1 832  1 839  11023  1
17954016501254  11305  1 895  1 954  11200  21119  21162  21346  21159  2 824  2
1795401660 977  2 967  21213  21070  21240  21102  2 769  2 508  2 360  2  32  2
1795401670 228  2 638  2 605  2 859  21094  21245  2 834  21149  21144  2 928  2
1795401680 765  2 797  2 962  2 962  21148  2 838  21026  21091  21422  21335  2
17954016901293  21777  21917  21619  21231  21036  2 759  2 906  2 662  21146  2
1795401700 704  21070  21044  2 863  2 726  2 697  21008  2 777  2 771  2 781  2
17954017101132  2 727  21068  2 793  2 742  2 981  2 911  41029  41092  4 652  4
1795401720 829  4 913  41038  41056  41281  41027  41646  61296  6 926  61260  6
17954017301137  61257  61277  7 617  7 970  7 662  71239  71107  71195  7 614  7
1795401740 688  7 951  7 979  71501  71220  71427  71819  71529  7 458  71057  7
17954017501056  8 798  9 474  9 577  9 756  9 719  9 840  9 904  91288  91294  9
17954017601064  9 734  91035  9 686  91217  91123  91499 111105 11 967 11 999 11
1795401770 876 111108 111364 11 906 111038 111235 11 975 11 887 11 944 11 738 11
1795401780 694 11 650 11 760 111197 111446 11 919 12 824 121136 12 820 12 959 12
1795401790 645 12 857 12 986 121060 12 735 121221 13 946 13 639 13 501 131087 13
1795401800 998 13 968 131226 13 844 141155 141163 14 919 14 795 15 647 161130 16
17954018101561 161037 161069 16 863 161160 161611 161713 161228 161318 16 615 16
1795401820 464 16 559 16 562 16 542 16 719 16 675 16 971 171216 171116 171168 17
17954018301192 171194 171205 171117 17 830 181259 181084 181109 18 933 181265 18
1795401840 982 18 443 18 413 18 791 181024 18 984 181120 18 503 18 958 18 909 18
17954018501151 181140 181122 181167 18 839 18 950 181214 181039 181496 181220 18
17954018601052 18 999 18 973 18 327 18 609 18 682 18 776 18 822 18 916 18 790 18
1795401870 763 18 562 18 497 18 474 18 816 18 980 18 930 18 949 18 962 18 813 18
1795401880 866 18 871 181162 181136 181171 181047 181016 181151 181040 181073 18
17954018901120 181212 181128 181028 18 775 18 743 181170 181046 181498 181407 18
1795401900 867 181156 18 501 181239 18 670 181442 181404 181734 181634 181772 18
1795401910 992 181276 181771 181505 181416 181610 181627 181573 18 888 181678 18
17954019201890 181121 181775 181022 181257 18 723 181330 181544 18 913 18 527 18
17954019301687 181158 181242 18 638 18 478 18 885 181093 18 985 181209 18 588 18
17954019401254 181387 18 907 18 418 18 813 18 640 18 660 18 452 18 568 18 850 18
1795401950 823 18 677 18 792 18 612 18 472 18 601 18 383 18 748 18 908 18 801 18
1795401960 894 18 545 18 718 18 471 18 652 18 984 18 879 189990  09990  09990  0
179540 322  .518  .315  .258 .99602 320.7179 351.3062                           
071000 1 PUEBLITO CANYON, NEW MEXICO  071000                                1032
071000 2 NEW MEXICO   DOUGLAS-FIR        6800  3742 10719 360 30   1643 1972    
071000 3 J. S. DEAN, W. J. ROBINSON, AND D. O. BOWDEN                   07131972
07100016409990  09990  09990  0 538  1 861  1 195  11554  11198  1 536  1 996  1
07100016501189  13016  11253  21962  21027  21856  21243  2 311  2 278  2 432  2
0710001660 922  2 893  2 522  2 734  2 219  21042  2 617  2 473  2 429  2 314  2
0710001670 490  2 910  21054  2 884  21220  2 859  2 423  2 586  21161  21436  2
07100016801846  31652  31393  31265  3 317  3   0  31606  3 953  3 576  31116  3
07100016901520  31006  31710  31663  3 719  31115  3 396  3 699  31134  31042  3
07100017001025  32385  41154  4 721  4 724  4 789  5 946  5 491  5 913  5 822  5
07100017101191  71311  71439  71340  7 597  71036  7 477  7 623  7 855  7 666  8
07100017202195  81804  8 789  81651  8 940  81436  91686  91820  91089  9 154  9
0710001730 860  9 750  91185  9 823  9 987  9 189  9 768  9 516  9 532  9 349  9
0710001740 768  9 655  9 626  91165  9 451 101411 101742 102308 10 231 101812 10
0710001750 840 10 649 10 381 10 649 101256 10 908 10 364 10 477 10 521 101108 10
07100017601025 121025 121362 141072 141516 14 913 141668 14 727 141316 141110 15
07100017701505 151972 151576 15 336 151231 15 752 15 650 15 607 15 605 15 650 15
0710001780 461 15 652 15 382 15 771 151419 151323 16 945 171220 17 679 18 610 18
0710001790 558 18 955 181131 181887 181346 191079 201210 20 742 20 935 201212 20
07100018001068 20 738 201229 20 742 20 965 20 367 20 196 201082 20 649 20 545 20
0710001810 426 20 554 20 744 20 611 20 817 20 955 202561 202231 20 768 20 445 20
0710001820 867 211674 21 713 21 221 21 445 21 796 21 705 21 400 211259 21 826 21
0710001830 983 211279 211111 211536 211187 221298 22 779 221228 221464 221840 22
07100018402567 231465 231149 24 687 241119 24 712 24 811 24 285 241067 241128 24
07100018501332 24 402 241652 241488 241424 241708 242205 24 983 241378 241001 24
07100018601794 24 409 241174 24 753 24 286 24 908 241271 241923 241914 242452 24
0710001870 635 24 879 24 726 24 519 241269 24 892 24 431 241409 241014 24 727 24
0710001880 789 24 543 24 478 24 346 24 919 24 855 241023 24 515 241565 241306 24
0710001890 671 241380 24 887 24 446 24 426 241147 24 261 241488 24 946 24 153 24
0710001900 493 24 613 24  97 24 955 24  49 241138 24 900 241338 24 944 241032 24
0710001910 863 241184 241220 24 727 241513 241840 242217 241656 24 408 241417 24
07100019202076 241375 24 852 24 615 241113 24 696 241447 241095 241108 24 885 24
07100019301191 24 761 241900 241387 24 674 241199 241296 241449 241075 24 757 24
07100019401200 242278 232112 23 834 23 925 231110 23 558 23 669 23 851 231059 23
0710001950 218 23 109 231055 23 576 23 593 23 458 23 238 23 461 23 986 23 458 23
0710001960 700 23 735 23 906 23 687 23 470 231878 231201 23 304 231132 231048 23
0710001970 811 23 635 239990  09990  09990  09990  09990  09990  09990  09990  0
071000 329  .311  .508  .508 .99170 326.2804 408.4009                           
193000 1 FOX MOUNTAIN, SAN FRANCISCO RIVER WATERSHED, NEW MEXICO 193000      631
193000 2 NEW MEXICO   DOUGLAS-FIR        9000  3400 10840          1628 1967    
193000 3 C. W. STOCKTON                                                 08  1968
19300016209990  09990  09990  09990  09990  09990  09990  09990  0 742  11317  1
19300016301145  1 628  1 422  11077  11231  1 830  1 931  11054  1 554  11292  1
19300016401377  31054  3 696  3 857  41057  4 965  41053  41296  4 736  41521  4
19300016501187  41188  4 859  4 848  4 852  41090  4 908  4 801  4 816  4 993  4
19300016601019  41294  41116  4 976  5 891  5 892  51848  5 723  5 667  5 692  5
1930001670 673  5 872  51057  5 958  51059  5 846  5 846  5 751  5 621  5 877  5
19300016801263  6 887  6 943  61002  6 634  8 554  8 906  8 944  81327  81767  8
19300016901546  9 949  91735  91226  91228  91008  9 698  9 963  9 832  91532 10
1930001700 988 101798 101361 101183 10 781 10 645 10 995 10 665 10 628 10 675 10
19300017101277 101049 101238 101077 101077 10 879 10 681 101131 10 899 10 621 10
19300017201266 121577 131392 141336 14 738 14 896 141441 14 833 14 520 14 357 14
1930001730 619 14 619 14 577 14 310 14 579 14 281 14 573 14 593 14 873 14 691 14
1930001740 596 14 652 14 817 141238 14 864 141147 141724 142008 14 159 141578 14
19300017501041 141478 14 685 14 709 14 924 15 782 15 577 15 811 151084 151233 15
1930001760 691 151018 151221 15 620 151450 151366 151608 15 944 151294 151133 15
19300017701439 151594 151042 15 628 15 859 15 907 15 866 15 599 15 886 15 796 15
1930001780 618 16 815 16 480 161051 161210 16 443 16 873 161208 161002 16 781 16
19300017901326 171346 171185 171995 171077 171184 17 903 17 694 17 927 171090 17
19300018001108 18 867 18 995 18 603 181057 18 956 18 269 181152 18 786 181043 18
19300018101140 18 499 18 962 18 568 18 935 181587 181945 181133 18 543 18 400 18
1930001820 742 181019 18 441 18 746 18 792 18 968 18 919 18 902 181504 18 978 18
19300018301760 181453 181809 181993 181675 181764 181061 181565 181063 181591 18
19300018401007 18 767 18 654 18 682 181210 181035 181134 18 597 181478 191371 19
19300018501631 20 771 201465 20 843 20 807 201209 201029 20 726 201450 20 744 20
1930001860 796 20 356 20 540 20 336 20 262 20 721 20 916 20 739 201294 201635 20
19300018701112 20 659 20 300 20 442 20 700 20 598 20 601 20 994 20 983 20 847 20
1930001880 494 20 576 201249 20 976 20 867 201388 20 926 201185 201299 201082 20
1930001890 976 201247 20 942 20 315 20 512 20 732 201183 20 995 201621 20 446 20
1930001900 626 20 712 20 239 20 892 20  77 20 932 20 903 201311 201361 20 991 20
1930001910 731 201182 201582 20 762 201551 201790 201516 201550 201038 202190 20
19300019201735 201208 201272 20 957 201554 20 450 201410 201156 201365 201139 20
19300019301651 201464 201852 201788 201310 201786 201270 201054 20 706 20 817 20
1930001940 925 201602 201162 20 723 20 878 201032 20 642 20 514 201281 201463 20
1930001950 436 20 660 201381 20 961 20 664 20 541 20 588 20 524 201253 20 271 20
19300019601297 20 740 20 981 20 630 20 509 201433 20 948 20 386 209990  09990  0
193000 340  .343  .383  .363 .99620 339.7014 338.1817                           
534647 1 SIERRA MADRE, RANCHO ESCONDIDO, CHIHUAHUA, MEXICO   534647       47 492
534647 2 MEXICO       PONDEROSA PINE     7000  3010 10815 000 25 1 1630 1965    
534647 3 M. A. STOKES, R. L. HOLMES, AND T. P. HARLAN                   07291966
53464716301279  11577  11440  11070  1 946  1 686  11128  11153  11505  1 915  1
53464716401262  11388  11608  11019  1 935  11271  1 663  1 891  11252  11219  1
5346471650 500  11100  11140  11462  1 275  1 649  1 351  1 585  11234  1 694  1
53464716601331  11631  11012  1 930  1 566  11319  1 600  1 331  1 487  1 907  1
5346471670 272  1 889  1 688  1 651  1 708  1 473  1 411  1 817  1 525  11181  1
5346471680 984  11108  11079  1 912  1 486  1 292  11075  11021  1 500  11274  1
53464716901014  1 289  11094  1 574  1 934  1 945  1 277  1 783  1 540  11050  1
5346471700 960  21514  2 698  21102  2 547  2 596  2 974  2 456  2 650  2 535  2
53464717101293  21107  21061  21089  21076  2 866  2 692  2 870  21712  2 842  2
53464717201037  31071  4 905  4 456  4 300  4 431  41192  41206  4 789  4 679  4
5346471730 561  7 614  7 613  7 532  7 742  7 770  71207  81499  81567  8 671  8
5346471740 982 101559 10 514 101162 10 945 101221 101553 101679 10 802 11 876 11
5346471750 868 111166 12 506 12 621 12 751 12 984 12 925 12 511 121196 121033 12
53464717601066 13 992 131289 13 559 131453 131264 131370 131476 131232 131421 13
53464717701462 151397 15 668 16 998 16 772 16 769 16 996 171078 17 729 17 948 17
5346471780 865 17 977 17 944 171434 171682 17 763 18 725 181135 181206 18 632 18
5346471790 873 181261 181284 181476 19 916 191146 19 972 19 998 19 612 191104 19
5346471800 939 23 859 231088 23 623 231226 23 695 241150 241105 24 590 241091 24
53464718101107 251096 251128 251233 261350 261592 271580 28 867 28 846 29 504 29
5346471820 571 30 842 30 886 30 722 301114 31 793 31 840 311146 321023 321308 32
5346471830 979 33 687 33 671 331250 331151 331153 331005 331210 331106 331451 33
5346471840 910 34 975 34 868 35 990 351344 351302 351239 36 706 36 902 361280 36
5346471850 845 38 657 381128 381112 381005 38 993 381278 381214 381440 38 879 38
5346471860 835 381144 38 869 38 887 38 817 381247 381378 381110 381159 381376 38
53464718701268 20 965 20 714 20 713 20 686 20 816 201224 20 679 20 891 20 843 20
5346471880 562 20 964 20 936 20 796 20 852 201167 20 924 20 622 201118 20 526 20
5346471890 839 20 774 20 297 20 845 20 704 20 590 201037 201048 201141 201071 20
5346471900 871 201151 20 621 201358 20 422 201291 201422 201588 201546 201263 20
5346471910 936 20 611 201038 201254 201229 201445 20 884 20 939 201082 201651 20
53464719201277 20 890 201225 201092 201462 20 935 201356 201291 20 936 20 827 20
53464719301209 201459 201174 201592 20 639 20 688 20 633 20 888 20 903 20 453 20
5346471940 911 201553 201174 201611 201415 20 659 201155 20 629 20 717 201221 20
5346471950 972 20 763 201345 201263 20 820 201017 20 229 201016 201602 20 844 20
53464719601023 20 513 201034 20 726 201090 201014 209990  09990  09990  09990  0
534647 336  .250  .319  .338 .98072 329.5218 357.2866                           
155540 1 BIG BEND / BOOT SPRINGS, TEXAS   155540                          48 271
155540 2 TEXAS        DOUGLAS-FIR        6500  2915 10318 000 29 3 1631 1965    
155540 3 M. A. STOKES AND T. P. HARLAN                                  04241966
15554016309990  01006  1 464  1 624  11157  11519  1 387  11122  11834  12011  1
15554016401786  12044  1 996  11335  1 635  1 500  11192  11086  11142  11443  1
1555401650 886  1 737  1 834  1 575  11002  1 701  1 454  1 455  1 676  1 691  1
1555401660  13  1 138  1 528  1 334  1 502  1 740  1 377  1 224  1 182  1 379  1
15554016701689  11003  2 248  2 282  2 471  2 416  2 340  2 672  2 857  2 593  2
15554016801511  31237  3 697  3 642  3 328  3 462  31202  31059  3 169  3 839  3
15554016901086  3 904  31830  31001  3 437  3 846  3 177  3 865  3 477  3 658  3
15554017001818  31178  3 630  41066  4 191  4 497  4 892  5 729  5 282  5 449  5
1555401710 989  5 161  5 982  5 270  5  87  5 327  5 352  5 156  5 901  5 702  5
1555401720 452  52156  51135  52040  51554  5 870  51761  5 739  5 673  5 730  5
1555401730 441  5 533  51114  5 744  51902  63506  62243  62561  61940  6 459  6
15554017401481  61277  6 414  6 699  6 704  6 934  61686  62224  61155  6 723  6
1555401750 864  6 925  6 310  6 436  6 471  6 467  6 962  6 495  6 990  61038  6
1555401760 662  61633  61661  6 700  6 760  6 578  61176  6 832  61562  62311  6
15554017701976  61147  61099  61127  6 629  61243  61181  61082  6 639  61067  6
15554017801512  6 667  61038  6 722  61238  6 179  6 521  8 591  8 797  8 470  8
1555401790 394  8 642  81037  91590  91630 101861 101565 11 899 12 834 121129 12
15554018001051 12 349 12 947 121241 12 479 12 118 12 743 12 568 12 396 12 855 12
1555401810 842 12 873 12 335 12 389 12 955 12 798 122049 121037 12 968 12 317 12
1555401820 894 141142 141176 14 509 141526 141715 142647 142813 141986 142486 14
15554018301746 14 975 141119 141364 141422 142012 141712 141813 141272 141050 14
1555401840 371 14 326 14 589 141128 141464 141662 142664 14 935 141883 14 855 14
15554018501524 14 547 14 699 141586 14 367 141079 141491 14 637 141941 14 449 14
1555401860 488 14 826 14 433 14 250 14 839 14 894 14 946 14 374 141028 141471 14
1555401870 904 14 653 14 311 14 781 14 635 14 257 141220 14 962 141310 14 441 14
1555401880 499 141445 141259 14 885 14 517 141606 14 194 14 636 141459 141177 14
1555401890 369 141335 14 268 14 519 14 343 14 566 14 717 14 226 14 397 14 567 14
15554019001146 142032 14 432 142105 14 642 141268 141320 141013 143000 14 499 14
1555401910 399 141341 14 842 14 546 141034 141097 14 252 141169 14 911 141210 14
15554019201489 141154 14 549 141431 141264 14  42 141844 14 842 14 547 141146 14
1555401930 602 142175 14 570 141442 14 934 141638 141995 141196 141112 141450 14
15554019401756 142726 141077 141436 141353 14 751 14 691 141148 14 372 141152 14
1555401950 181 14 823 14 235 14 693 14 328 14 326 14 131 14 454 14 459 14 624 14
1555401960 838 14 707 14 411 14 770 14 175 14 551 149990  09990  09990  09990  0
155540 335  .381  .584  .573 .95957 321.4570 422.3697                           
271540 1 SIERRA DEL CARMEN, MADERA CANYON, COAHUILA, MEXICO 271540           996
271540 2 MEXICO       DOUGLAS-FIR        6700  2856 10237          1675-1971    
271540 3 C. W. STOCKTON AND M. A. STOKES                                04091972
27154016709990  09990  09990  09990  09990  01235  11006  1 858  1 614  1 697  1
27154016801013  11083  1 852  1 702  1 675  1 676  11245  11413  1 985  1 653  1
2715401690 724  1 990  11342  11120  11178  11222  1 661  11269  1 932  11301  1
2715401700 967  2 827  2 732  2 794  2 597  2 677  2 934  2 797  2 917  21082  2
27154017101069  21184  21350  21114  2 968  3 926  3 702  3 898  31039  31364  3
27154017201179  41680  41106  41454  5 907  5 789  51236  51064  51071  51038  5
2715401730 939  51020  51256  5 636  51454  51611  51006  51291  5 958  5 643  5
2715401740 876  5 751  5 531  5 828  5 993  5 977  51131  61362  6 950  6 889  6
2715401750 738  6 869  6 343  6 648  6 438  6 696  6 871  6 768  6 892  61051  6
2715401760 949  6 970  6 679  6 211  6 357  6 678  6 839  6 697  6 874  61181  6
27154017701318  61136  6 639  61049  6 338  6 878  7 954  71168  7 656  81580  8
27154017801835  81669  81192  81929  81654  8 802  8 575  8 390  8 801  8 336  8
2715401790 501  8 751  8 955  81178  81086  81034  8 613  8 909  8 346  8 461  8
2715401800 605  8 105  8 788  8 729  8 606  8 317  8 729  8 825  8 848  81056  8
27154018101063  8 831  8 326  8 708  8 989  81311  81453  81068  81296  8 814  8
27154018201157  81454  81207  8 900  81697  91590  91629  92037  91555  91928  9
27154018301360 10 969 101235 101489 101345 101422 101007 101227 11 867 111000 11
2715401840 591 11 874 11 916 111033 111281 111351 111319 11 808 111527 111162 12
27154018501616 121828 121461 121590 121507 121591 121506 121017 121891 121092 12
2715401860 853 12 997 13 367 13 987 13 815 13 815 13 918 131015 13 727 131758 13
27154018701249 13 757 131038 13 842 13 470 13 741 13 759 13 650 13 790 13 407 13
2715401880 736 14 954 141019 14 964 14 647 14 845 14 452 14 664 14 793 14 948 14
2715401890 443 14 814 14 309 14 400 14 327 14 769 14 916 141187 141071 141028 15
27154019001431 151052 16 867 161456 16 646 161122 161112 16 528 16 980 16 556 16
2715401910 651 16 868 16 927 161616 161381 161702 16 500 16 525 16 909 161792 16
27154019201829 161161 16 841 161400 161003 16 845 161364 161202 161257 16 685 16
27154019301339 161977 16 580 16 985 161092 161149 161305 161199 161271 161268 16
27154019402278 162449 161514 161005 161381 16 714 161199 16 945 16 430 161383 16
2715401950 778 16 690 16 391 16  60 16 659 16 466 16 566 16 845 161020 161201 16
2715401960 635 16 990 16 663 16 399 16 926 16 926 161095 16 550 161483 16 591 16
2715401970 753 16 408 109990  09990  09990  09990  09990  09990  09990  09990  0
271540 297  .497  .385  .341 .99040 294.1474 335.2206                           
167649 1 TRES RIOS, SIERRA MADRE, CHIHUAHUA, MEXICO   167649                 226
167649 2 MEXICO       PONDEROSA PINE     7700  3020 10830          1636 1965    
167649 3 M. A. STOKES, T. P. HARLAN, AND R. L. HOLMES                   07221966
16764916309990  09990  09990  09990  09990  09990  01054  1 671  11058  11328  1
16764916401541  1 887  11250  11027  1 782  11040  1 700  1 889  1 430  1 527  1
1676491650 888  11010  1 535  1 347  1 622  11079  1 560  1 512  1 792  11570  1
16764916601986  1 915  1 902  1 602  1 593  11032  1 602  1 557  1 714  1 860  1
1676491670 696  11404  11129  11160  11743  11340  11428  11619  11276  11151  1
16764916801535  1 838  11761  11586  11161  1 472  11528  1 807  11008  11228  1
16764916902035  11210  11462  11174  11526  11092  1 563  11215  1  36  11404  1
16764917001146  11237  11737  11645  11824  11088  11123  1 833  1 924  1 891  1
16764917101413  11029  11400  11120  11316  11043  1 988  1 882  11254  1 922  1
16764917201092  11056  11489  1 690  1 904  1 708  11020  1 758  1 998  1 863  1
16764917301441  11361  11280  1 901  11336  11176  11371  11231  1 967  11050  1
16764917401055  11664  1 343  1 850  1 773  1 901  21147  31087  4 838  41151  4
16764917501171  81130  8 720  8 824  8 956  8 888  8 983  8 825  9 982  9 995  9
1676491760 779 10 650 10 919 11 585 111070 111127 131045 13 880 13 892 131278 13
16764917701014 13 987 13 728 13 943 13 864 13 782 131039 131020 13 567 131059 13
16764917801109 131176 13 634 131172 131400 13 865 131033 131076 141167 14 994 14
16764917901235 151509 15 961 151255 15 762 151076 151286 151034 15 617 151174 15
16764918001055 16 802 161031 16 571 161085 16 554 16 791 16 752 16 606 16 862 16
1676491810 972 161086 16 871 161072 161221 171368 181135 18 982 181095 18 549 19
1676491820 518 20 903 201101 201119 20 997 20 831 20 978 201475 201199 201362 20
1676491830 874 20 848 20 926 201131 201082 20 940 20 832 201120 20 808 201278 20
1676491840 794 20 989 20 679 20 997 201142 201044 20 961 20 595 20 823 20 932 20
1676491850 967 20 677 201308 201229 201110 20 637 201047 21 987 211088 21 936 21
16764918601084 211069 21 804 21 729 21 623 21 855 21 904 21 842 21 820 211042 21
16764918701078 21 957 21 861 21 761 21 771 21 885 211121 21 683 211112 21 739 21
1676491880 569 21 724 21 928 21 804 211066 211165 21 968 21 869 211357 21 928 21
1676491890 774 21 789 211024 21 869 211088 211216 211106 211457 211718 211313 21
16764919001212 211460 21 480 211164 21 198 211546 211151 211225 211206 211167 21
1676491910 858 21 698 21 849 211089 211321 211087 211024 211238 211233 211495 21
16764919201373 21 951 211315 211433 211391 21 740 211335 211449 211376 211118 21
16764919301219 211386 211300 211448 21 515 21 877 21 808 21 907 21 927 21 574 21
16764919401112 211573 211372 211291 211317 21 955 211169 21 980 21 953 211247 21
16764919501041 21 772 21 930 21 711 21 505 21 845 21 214 21 944 211179 21 822 21
1676491960 764 21 661 21 915 21 730 21 982 21 830 219990  09990  09990  09990  0
167649 330  .267  .299  .2871.01915 336.3186 372.1055                           
163620 1 TURKEY CREEK, ARIZONA   163620                                      294
163620 2 ARIZONA      PINYON PINE        6100  3323 10947          1700 1966    
163620 3 T. P. HARLAN AND M. L. PARKER                                  10191966
1636201700 966  11077  11368  1 933  11128  11154  11354  1 795  1 895  1 817  1
16362017101020  1 985  11013  2 824  21085  2 976  2 978  21089  21038  21215  2
1636201720 959  2 658  2 830  2 967  2 589  2 867  21521  2 938  21143  2 850  2
16362017301179  2 653  21190  2 717  21207  2 377  2 477  2 982  21030  2 669  2
1636201740 848  21151  21019  21016  3 808  3 831  31339  3 955  3 510  31234  3
1636201750 997  31104  3 487  3 687  31045  31058  31179  31166  31932  31012  3
1636201760 642  3 836  3 828  3 365  3 476  3 315  3 712  3 812  3 890  3 740  3
1636201770 967  41461  4 866  4 253  4 403  41383  41506  4 924  4 952  4 714  4
1636201780 513  5 782  5 584  51366  52009  61232  71128  71481  71000  71216  7
1636201790 977  91292  91009  91640  9 664 101030 101035 101052 10 823 101246 10
16362018001260 101167 101016 10 687 10 884 10 824 10 942 10 994 11 667 111056 11
1636201810 947 111075 111061 111069 111377 121195 121267 14 912 14 564 14 432 14
1636201820 432 151063 15 836 15 992 151107 151088 151369 151114 151433 15 988 15
16362018301264 16 952 16 930 161319 161263 161263 161232 161064 16 992 161423 16
1636201840 724 17 533 17 506 17 851 171093 181022 181176 18 359 18 988 181284 18
16362018501256 20 602 20 810 20 952 20 523 20 974 201070 20 886 20 887 20 526 20
16362018601096 20 843 20 967 20 473 20 209 201226 201433 201529 201109 20 870 20
1636201870 914 20 697 20 837 20 404 201246 201444 201257 201174 20 806 20 796 20
16362018801053 20 825 201099 20 755 20 973 20 985 20 747 20 874 20 811 20 770 20
1636201890 882 20 836 20 618 20 408 20 560 20 872 201504 201544 201524 201241 20
1636201900 485 201251 20 469 201392 20 179 201947 202413 202681 202783 201839 20
16362019101640 201776 201565 201191 201763 201515 201045 201239 20 893 20 988 20
16362019201393 20 627 20 943 20 757 201000 20 356 201188 201071 20 875 20 797 20
1636201930 964 201016 201403 201226 20 285 201090 20 895 201136 201097 20 716 20
16362019401199 201110 20 675 20 883 20 542 20 673 20 523 20 634 20 461 20 772 20
1636201950 480 20 511 201201 20 790 201282 20 690 20 685 201200 20 915 20 643 20
16362019601005 20 574 20 746 20 704 20 750 201032 201132 209990  09990  09990  0
163620 267  .430  .368  .327 .98712 263.5610 296.2618                           
164640 1 CINEGA, ARIZONA   164640                                            292
164640 2 ARIZONA      PONDEROSA PINE     6200  3318 10944          1661 1966    
164640 3 M. L. PARKER AND T. P. HARLAN                                  10181966
16464016609990  01387  11327  11281  11288  11011  1 597  11145  1 890  1 809  2
1646401670 538  2 992  21194  21575  21366  21202  21010  2 829  2 812  2 733  2
16464016801220  2 945  2 984  21316  2 628  2 314  21102  2 731  21238  2 909  2
1646401690 951  21155  21407  21123  21090  2 839  3 597  3 738  3 838  3 995  3
16464017001239  31077  3 958  31230  3 933  31048  31295  3 531  3 739  31071  3
16464017101366  3 838  31309  3 871  31141  3 704  3 676  31016  3 981  31324  3
16464017201420  3 816  3 720  3 842  3 614  31086  31729  3 608  31106  3 875  3
16464017301172  4 912  41133  4 640  41070  4 483  4 576  4 736  4 824  4 799  4
16464017401016  51359  5 991  51101  5 914  51036  51157  5 909  5 628  51359  5
16464017501301  51084  5 551  5 820  51101  5 878  5 699  5 638  5 983  5 851  5
1646401760 729  61223  61191  6 883  61060  6 835  6 975  6 972  6 877  61027  7
16464017701215  81230  8 916  8 539  9 971  91123  9 991  91209  91339  91245  9
16464017801458 111482 111170 111372 111419 12 912 121048 121301 121008 12 935 12
16464017901133 131036 131061 131290 13 989 131034 131141 13 724 13 770 131088 13
16464018001102 14 899 14 959 14 925 141059 14 978 14 981 14 881 14 983 141096 14
1646401810 848 141066 141038 14 949 141294 141123 14 946 14 450 14 532 14 508 14
1646401820 641 14 792 14 550 14 587 14 939 141400 151387 151331 151266 151297 15
16464018301177 15 806 151351 151081 15 640 15 833 151083 15 805 15 959 151073 15
1646401840 783 16 622 16 665 16 947 161117 16 957 16 930 16 670 16 824 16 784 16
1646401850 941 181164 191543 191213 19 794 19 950 20 997 20 941 201242 20 901 20
16464018601174 201013 201050 20 697 20 358 20 953 20 824 20 865 201221 201046 20
1646401870 967 20 751 20 706 20 540 20 647 20 929 20 933 20 899 201244 201156 20
1646401880 850 20 932 20 837 20 705 201032 201112 20 906 20 696 201046 201099 20
16464018901215 20 859 20 931 201349 20 887 201162 201317 20 828 201199 201120 20
1646401900 725 201172 20 788 20 867 20 381 201072 201104 201626 201706 201778 20
16464019101362 201581 201661 201245 201759 201288 201092 201429 201346 201297 20
16464019201412 201118 201073 20 639 201056 20 750 201168 201059 20 987 20 969 20
16464019301016 201080 201060 20 872 20 705 201174 20 805 20 836 201107 20 887 20
16464019401225 201290 20 850 201220 201028 20 940 20 979 20 856 20 664 201093 20
1646401950 833 20 439 201091 20 861 20 813 20 758 20 434 20 817 201000 20 776 20
1646401960 898 20 857 20 808 20 969 20 520 20 854 20 963 209990  09990  09990  0
164640 306  .383  .260  .246 .99546 304.6100 323.8831                           
162640 1 ROSE PEAK, ARIZONA   162640                                         291
162640 2 ARIZONA      PONDEROSA PINE     7600  3323 10922          1660 1965    
162640 3 M. A. STOKES AND T. P. HARLAN                                  06171966
1626401660 453  1 775  1 946  1 962  1 746  11052  1 750  1 674  1 598  1 428  1
1626401670 112  2 580  2 295  2 551  2 250  2 777  2 812  21338  2 875  2 885  2
16264016801339  21084  2 905  21219  21424  2 750  21247  2 830  21113  21129  2
16264016901594  21390  21341  21930  21257  2 815  2 611  2 934  21221  21586  2
16264017001769  31974  31848  31180  31005  31350  31676  3 481  3 795  4 772  4
16264017101269  4 821  41034  41053  41352  41054  4 383  41071  41100  4 787  4
16264017201114  51115  51034  51121  5 781  5 925  51915  5 986  51063  51164  5
16264017301064  7 680  7 823  7 280  7 987  7 400  7 343  7 630  71011  7 857  7
1626401740 677  71175  7 930  81241  81488  81405  81795  81886  8 191  81290  8
16264017501341  81787  8 644  9 753 101265 101079 10 761 10 668 10 896 101007 10
1626401760 700 10 256 101007 10 975 101398 101130 101615 10 991 101040 10 616 10
1626401770 775 101177 10 978 10 301 10 462 10 578 10 505 10 609 10 810 10 718 10
1626401780 787 11 998 11 511 111472 112169 111340 111225 111557 11 656 11 806 11
16264017901198 121283 121498 122345 12 838 121246 121479 121084 12 757 121883 12
16264018001739 12 943 121235 12 635 121140 12 970 12 402 12 709 12 689 121127 12
16264018101066 121092 12 865 12 424 12 716 121204 121629 12 885 12  71 12  90 12
1626401820 221 13 682 13 251 13 619 13 862 13 819 13 871 13 874 131089 13 938 13
16264018301299 131257 131528 131617 131570 131727 131529 131346 131317 131999 13
16264018401699 13 877 13 526 13 799 13 898 13 889 13 875 13 650 13 820 14 910 14
1626401850 821 14 623 14 912 14 704 14 653 14 881 14 775 14 966 141043 14 881 14
1626401860 992 14 540 14 702 14 292 14 160 14 560 141145 141135 141538 141189 14
16264018701162 14 931 14 874 14 617 14 882 14 962 14 720 14 876 14 847 14 641 14
1626401880 489 14 532 14 646 14 815 14 911 14 910 14 839 14 790 14 765 141021 14
1626401890 721 14 726 14 659 14 640 14 551 14 605 14 723 14 836 141256 141040 14
1626401900 271 141007 14 244 14 586 14  32 14 936 141096 141905 142761 142160 14
16264019101269 141699 142004 141100 141786 141962 142014 141787 141387 142746 14
16264019201774 14 456 14 537 14 494 14 980 14 361 141578 141441 141410 141441 14
16264019301763 142000 142050 142041 14 958 141687 141324 141067 141398 141037 14
16264019401127 141796 141090 141072 141081 14 962 14 377 14 524 14 500 14 855 14
1626401950 343 14 262 14 681 14 642 14 564 14 238 14 351 14 669 14 750 14 569 14
1626401960 805 14 622 14 784 14 879 14 662 14 902 149990  09990  09990  09990  0
162640 306  .568  .468  .3641.00000 306.0009 372.9312                           
033000 1 OAK CREEK (APACHE RES.), ARIZONA  033000                            991
033000 2 ARIZONA      PINYON PINE        5600  3403 11040 315 30   1695 1971    
033000 3 J. S. DEAN AND R. L. WARREN                                    06291972
03300016909990  09990  09990  09990  09990  0 892  1 610  1 645  1 844  31491  3
03300017001207  31090  31181  31045  31197  31151  31130  3 845  3 706  31018  3
03300017101137  4 891  4 839  4 902  41006  4 921  41099  41162  41139  41054  4
03300017201338  41167  4 894  41126  4 931  41426  41338  4 806  4 847  4 395  4
0330001730 850  4 797  4 911  4 618  41088  4 468  4 987  4 982  41215  4 764  4
0330001740 960  41079  41141  41069  41107  41079  41461  41289  4 395  41142  4
03300017501044  4 997  4 172  4 705  4 918  4 636  4 699  41036  41066  41281  4
03300017601157  4 925  41291  4 755  41443  41072  41345  41211  41262  41160  4
03300017701315  41531  41110  4 804  41124  4 876  4 874  4 872  4 853  4 893  4
0330001780 868  4 880  4 677  41107  41452  4 955  41098  41257  41299  41323  4
03300017901162  51309  51085  51304  5 803  51015  5 715  5 569  5 444  5 613  5
0330001800 573  6 393  61050  6 612  6 877  61019  6 843  61048  71114  71020  7
03300018101139 101062 101017 10 511 10 894 101018 111197 111142 11 853 11 813 11
0330001820 383 17 850 17 828 17 490 17 724 171265 171298 171019 171197 17 847 17
03300018301062 201047 201293 201247 201317 201111 201187 201053 201188 201275 20
0330001840 856 21 554 21 611 21 731 211070 21 425 21 877 21 134 21 955 211330 21
03300018501422 211203 211301 211076 211018 211107 21 832 21 450 21 976 21 577 21
0330001860 986 22 583 221061 22 828 22 448 221141 221417 221522 221142 22 944 22
0330001870 797 22 252 22 804 22 920 221332 221618 221321 221318 221167 221014 22
0330001880 770 22 535 22 968 22 984 221466 221670 221320 22 754 221167 221186 22
03300018901546 221516 22 892 22 607 22 478 221017 221132 221469 221184 221071 22
0330001900 665 221172 22 418 221147 22  56 221869 222118 222086 222378 221972 22
03300019101029 221733 221235 22 694 221048 221315 221359 221243 22 600 221337 22
03300019201420 22 687 22 680 22 402 22 595 22 455 22 748 22 764 22 613 22 981 22
0330001930 839 221018 221110 22 924 22 234 22 908 22 626 221156 22 660 22 597 22
0330001940 617 221221 22 863 22 823 22 841 22 720 22 171 22 544 22 501 22 796 22
0330001950 655 22 819 221417 221048 221059 22 503 22 296 22 901 22 985 22 652 22
03300019601450 22 883 221182 221030 22 904 221501 221547 221145 221435 221597 22
03300019701244 221085 229990  09990  09990  09990  09990  09990  09990  09990  0
033000 277  .439  .342  .322 .99433 275.4295 306.1761                           
042000 1 SALT RIVER DRAW, ARIZONA  042000                                    999
042000 2 ARIZONA      PONDEROSA PINE     5960  3403 11039 315 07   1677 1971    
042000 3 J. S. DEAN AND R. L. WARREN                                    06291972
04200016709990  09990  09990  09990  09990  09990  09990  0 484  1 715  11054  1
0420001680 986  2 853  21046  2 843  2 206  2  47  2 370  2 605  2 862  2 885  2
0420001690 956  21016  21455  21367  21575  21563  2 762  2 445  2 706  21281  2
04200017001314  21749  21993  21777  21628  22357  21741  2 747  2 675  2 329  2
0420001710 557  2 741  21050  21364  22130  2 980  2 355  2 715  21179  21405  2
04200017201756  21475  2 869  21494  2 779  21455  21473  2 625  2 442  2   0  2
0420001730 790  2 471  2 990  2 276  2 600  2   0  2 157  2 594  2 907  2 707  2
04200017401221  21554  2 843  21513  21169  21977  22875  22317  2 785  23781  2
04200017502819  21212  2 133  2 152  2 186  2  64  2 157  2 109  2 360  2 962  2
04200017601171  2 294  21610  2 662  21705  2 949  21842  21707  22117  21262  2
04200017701052  22217  21907  2 250  2 649  2 981  21287  2 617  2 328  2 850  2
0420001780  43  2  90  2  18  2 328  2 423  2 219  2 536  21090  2 391  21000  2
0420001790 485  21164  21934  22693  21614  22138  21191  2 387  2 517  2 708  2
0420001800  57  2   0  2 391  2   0  2 409  2 381  2 686  2 858  2 914  2 691  2
0420001810 771  4 942  4 617  4 690  4 954  41692  51810  51313  6 916  6 692  6
0420001820 273  8 802  8 360  8 142  8 536  8 789  81011  9 884  91339  9 743 10
04200018301006 111081 11 936 121087 121240 121011 121135 12 835 121107 121573 12
04200018401331 12 549 12 460 12 592 121298 12 308 12 532 12  61 12 515 12 877 12
04200018501014 121280 121399 121159 121084 121325 121135 12 834 121438 12 852 12
04200018601085 12 489 121047 12 799 12 178 121110 121649 121698 122739 122460 12
04200018701316 12 352 12 662 12 308 12 674 121049 12 991 12 936 121418 121002 12
0420001880 649 12 458 12 644 12 930 121384 121758 121369 13 668 14 988 14 975 14
04200018901164 15 959 15 917 15 428 16 281 16 637 16 699 16 967 161064 17 744 18
0420001900 302 18 669 18 195 18 576 19  27 19 811 20 917 201251 201928 201814 20
04200019101299 201511 201367 201026 201521 201742 201420 201923 201515 201955 20
04200019201796 201300 201358 201361 201269 201085 201070 201350 201451 201809 20
04200019301448 201674 201403 201154 20 663 201156 20 859 201110 20 807 20 787 20
0420001940 665 201153 201215 20 982 201242 20 930 20 428 20 573 20 415 20 733 20
0420001950 551 20 337 20 934 20 926 20 814 20 371 20 292 20 631 20 693 20 452 20
0420001960 767 20 606 20 799 20 720 20 450 20 776 201007 201151 201112 201294 20
0420001970 949 20 771 209990  09990  09990  09990  09990  09990  09990  09990  0
042000 295  .608  .576  .508 .98057 289.2693 381.1235                           
252000 1 CROSS CANYON, ARIZONA          252000                              1138
252000 2 ARIZONA      PONDEROSA PINE    07200  3540 10920          1611-1972    
252000 3 J DEAN AND W ROBINSON                                                  
25200016109990  0 941  1 710  1 315  1 553  1 654  1 529  11278  11553  11538  1
25200016201029  1 779  1 575  1 651  1 764  21074  2 485  3 997  3 824  3 927  3
25200016301079  31237  3 695  31480  31235  31356  31174  3 965  3 691  3 953  4
25200016401238  51062  5 985  51099  51123  51177  51099  51197  5 955  51193  5
25200016501378  61614  61616  6 931  6 489  6 698  61014  7 735  7 679  71085  8
25200016601171  81071  81305  81353  81158  81442  81049  8 782  8 585  8 481  9
2520001670 299  9 817  91172  9 859  91305  9 884  9 456  9 796  9 948  9 768  9
25200016801029 151097 161265 161533 16 467 16 296 16 830 16 978 161149 161357 17
25200016901343 171136 181639 181374 181508 181493 181083 191298 191180 191278 19
2520001700 442 191415 191249 19 878 19 381 19 726 191135 19 673 19 274 19 792 19
25200017101062 19 876 19 608 19 461 19 774 19 502 19 459 19 616 191024 191119 19
25200017201765 191055 191112 191457 19 902 192080 192393 201412 20 798 20 111 20
2520001730 697 21 604 211105 211019 21 940 21 190 21 452 21 563 21 810 21 519 21
2520001740 661 21 738 21 984 211335 21 960 211324 211742 211499 21 209 211475 21
2520001750 836 22 860 22 283 22 503 22 951 22 586 22 727 221105 221490 221052 22
25200017601303 22 999 221128 22 551 221469 22 530 221488 221506 221576 221254 22
25200017701044 221675 221674 22 939 221203 221108 221162 22 408 22 361 22 800 22
2520001780 442 22 682 22 516 221108 221857 22 442 221205 221266 22 565 22 993 22
2520001790 938 221636 221575 222024 221793 221377 221259 22 748 221073 221238 22
25200018001057 22 648 22 962 22 744 221255 22 793 22 464 221014 22 741 22 724 22
2520001810 491 22 659 22 774 22 893 22 938 22 928 221085 22 871 22 183 22  73 22
2520001820  22 22 572 22  23 22 226 22 557 22 702 22 852 22 682 221264 22 542 22
2520001830 967 22 589 22 345 22 958 22 671 221107 221074 221241 221181 221556 22
25200018401047 22 811 22 657 22 538 221380 22 836 221001 22 168 221103 221321 22
25200018501265 22 582 221540 221651 221520 221508 221519 22 680 221770 22 999 22
2520001860 848 22 300 221154 22 779 22 796 221183 221338 221302 222391 221379 22
25200018701542 22 554 22 653 22 339 22 632 22 611 22 597 221043 221237 22 800 22
2520001880 548 22 447 22 610 22 655 22 874 221160 22 916 22 699 22 911 221204 22
25200018901266 221050 221072 221102 22 506 22 790 22 810 22 893 22 975 22 533 22
2520001900 233 22 912 22  35 22 910 22 291 22 950 221013 221502 221475 221587 22
25200019101116 221367 22 895 22 956 221703 221500 221745 221624 221374 221871 22
25200019201273 221446 221175 221410 221410 221324 221597 221635 22 878 221857 22
25200019301450 221479 221301 22 882 22 905 221154 221181 221226 22 856 221159 22
25200019401347 221709 221620 221508 221317 221559 22 782 221028 221173 221484 22
2520001950 864 22 446 221279 22 784 22 710 22 663 22 585 22 990 22 605 22 217 22
2520001960 926 22 833 221014 22 615 22 625 221225 221004 221088 221230 221367 22
25200019701021 22 639 221140 229990  09990  09990  09990  09990  09990  09990  0
252000 362  .464  .410  .390 .99775 361.1847 421.0999                           
243000 1 DEFIANCE PLATEAU, ARIZONA      243000                              1142
243000 2 ARIZONA      PINYON PINE       07000  3542 10922          1620-1972    
243000 3 J DEAN AND W ROBINSON                                                  
2430001620 642  1 952  11010  1 422  1 125  11628  1   0  11475  11421  21638  2
24300016301209  2 861  2 550  21287  21061  2 860  2 632  2 767  2 612  2 801  2
24300016401009  2 984  2 896  2 903  2 913  21038  2 688  2 769  2 535  2 815  2
24300016501088  21048  21257  2 903  21160  21384  21716  21463  21556  21831  2
24300016601545  21165  2 893  21203  21147  21077  2 825  2 964  2 364  2 689  2
2430001670 302  2 860  21081  21209  21059  2 813  2 579  21172  2 993  2 734  2
24300016801559  21351  31050  31083  4 558  4 424  4 818  4 965  41155  41261  4
24300016901127  61299  61701  71272  71417  71317  8 949  9 882 101059 101250 10
2430001700 752 111160 11 997 11 782 12 812 121209 121439 13 583 13 418 13 997 13
24300017101239 131105 13 784 13 408 13 726 13 702 13 846 13 904 131236 131070 13
24300017201734 161132 161350 161201 16 924 171575 171859 171439 17 715 17 323 17
24300017301025 17 979 171277 171152 171016 17 193 17 693 17 687 17 975 17 554 17
2430001740 907 171043 17 699 171318 17 886 171610 171546 171846 17 296 171410 17
2430001750 897 17 873 17 542 17 554 171068 17 565 17 937 171162 171473 181137 18
24300017601304 18 632 18 964 18 197 181027 18 357 181251 181029 181331 18 916 18
2430001770 801 19 991 191186 19 568 191062 191026 19 997 19 368 19 235 19 916 19
2430001780 749 19 839 19 763 191050 191737 19 597 201276 201870 20 834 20 993 20
2430001790 695 201410 201405 201538 201400 201250 201314 20 857 201128 201034 20
24300018001087 20 533 20 923 20 506 201211 20 593 20 100 201195 20 663 20 853 20
2430001810 507 20 939 20 857 20 755 20 882 201210 201445 201205 20   0 20 219 20
2430001820  33 20 857 20  20 20 258 20 771 20 991 201177 20 967 201703 20 890 20
24300018301155 20 907 20 438 201495 20 988 201436 201195 201678 201819 201944 20
24300018401820 20 939 20 670 20 919 201479 20 760 20 867 20   5 20 836 201902 20
24300018501628 20 613 201582 201188 20 642 201045 201084 20 489 201275 20 850 20
2430001860 267 20  39 201082 20 588 20 487 201340 201603 202018 201935 201394 20
2430001870 917 20 453 20 331 20 485 20 781 20 607 20 658 20 782 20 766 20 409 20
2430001880 204 20  97 20 588 20 316 20 855 20 992 20 801 20 509 20 877 20 940 20
2430001890 897 201211 201023 20 817 20 566 201007 20 646 20 939 20 772 20 341 20
2430001900  96 20 716 20  10 20 956 20 214 201241 201389 201600 201056 201294 20
24300019101731 201914 201532 201365 202046 201905 202354 201757 201086 201880 20
24300019201932 201386 201094 20 777 201270 201266 201322 201502 20 530 201140 20
24300019301140 201139 201587 201089 20 726 201154 20 789 201620 201250 201379 20
24300019401067 201989 201952 201182 201336 201630 20 839 20 704 201258 201504 20
2430001950 652 20 165 201287 20 706 20 889 20 723 20 400 20 999 20 825 20 102 20
2430001960 967 20 781 201186 20 732 20 530 201649 201123 20 631 201239 201503 20
24300019701105 20 685 201042 209990  09990  09990  09990  09990  09990  09990  0
243000 353  .400  .439  .469 .99958 352.8525 420.4109                           
081000 1 SPIDER ROCK, CANYON DE CHELLY, ARIZONA  081000                     1045
081000 2 ARIZONA      DOUGLAS-FIR        6200  3606 10921 360 30   1598 1972    
081000 3 J. S. DEAN, W. J. ROBINSON, ET AL                              07201972
08100015909990  09990  09990  09990  09990  09990  09990  09990  0 839  1 682  1
0810001600 347  1 436  1 620  1 685  1 776  1 758  1 844  2 447  2 877  2 885  2
08100016101227  21382  2 942  2 971  2 997  21303  21166  21534  22079  21101  2
08100016201723  22272  21403  2 661  2 339  2 687  2 229  2 649  2 707  31018  3
08100016301261  3 874  3 701  3 924  31197  31083  3 695  3 505  3 712  4 741  4
08100016401056  41213  41200  4 883  51183  51225  51141  51054  5 622  51026  5
08100016501034  51559  51347  61313  6 684  61769  61366  71083  7 998  71286  7
08100016601232  71264  7 746  71001  7 448  81164  8 894  8 700  8 449  8 549  8
0810001670 173  8 455  8 693  81099  81352  8 989  8 910  8 945  81439  8 727  8
08100016801177  81475  81156  81373  9 916  9 440  9 982  9 928  91233  91327  9
08100016901239  91260  91229  91712 101163 131159 13 610 13 724 131322 131312 13
0810001700 449 141198 14 970 151076 15 756 151098 151193 15 716 15 917 15 766 15
08100017101236 151114 151340 15 615 151247 151106 15 724 15 647 15 972 151384 15
08100017201994 152059 151316 161457 16 884 161708 161884 161596 16 615 17 128 17
0810001730 547 18 724 18 882 18 956 18 647 18 331 18 774 18 578 19 742 19 434 19
0810001740 423 19 738 19 589 191310 191308 201455 202138 202390 20 961 201685 20
08100017501207 20 961 20 746 20 204 20 567 21 390 21 402 21 545 21 671 21 987 21
08100017601080 21 899 22 925 22 851 221168 22 904 221473 221214 221405 221160 22
0810001770 960 221364 231145 23 550 23 896 23 540 23 504 23 488 23 426 23 661 23
0810001780 314 23 563 23 532 23 985 231282 231053 23 950 231283 23 530 23 610 23
0810001790 293 231117 231260 231262 231055 23 735 231020 231444 231224 231327 23
08100018001211 23 567 231210 231200 231392 23 787 23 624 231149 23 844 23 788 23
0810001810 329 23 673 23 985 23 523 23 786 231025 231651 231333 23 401 23 372 23
0810001820 249 241161 24 247 24 568 24 714 24 966 241035 241081 241451 24 793 24
08100018301191 241149 24 533 241281 24 866 241537 241219 241445 241608 242054 24
08100018401644 241024 24 479 24 777 241263 24 947 24 761 24 192 241050 241164 24
08100018501432 25 633 251286 251436 251190 261778 261358 26 985 261524 261185 26
0810001860 709 26 202 26 836 26 912 26 756 26 988 261300 261758 261502 261996 26
08100018701557 261446 26 570 26 828 26 934 26 617 26 911 261050 261176 261363 26
08100018801020 26 767 261000 261077 261101 261145 26 991 26 667 261225 261233 26
08100018901394 261338 261573 26 768 26 391 26 697 26 423 26 692 26 699 26 284 26
0810001900 626 26 605 26  63 26 750 26 543 26 956 261105 261356 261051 261456 26
08100019101191 261688 261978 261015 261511 261804 261395 261502 26 916 261640 26
08100019201895 261296 261641 261012 261444 261055 261604 261262 261160 26 989 26
08100019301172 261240 261250 26 746 26 827 26 817 26 743 261134 261134 26 937 26
0810001940 969 261277 261475 261130 261365 261126 26 760 26 932 261314 261336 26
0810001950 613 26 201 26 985 26 553 26 439 26 550 26 429 26 498 26 696 26 168 26
0810001960 748 26 593 26 741 26 895 26 638 261162 261132 26 474 261063 26 939 26
08100019701156 22 749 229990  09990  09990  09990  09990  09990  09990  09990  0
081000 374  .522  .406  .365 .99998 373.9932 435.5232                           
091000 1 CANYON DE CHELLY, ARIZONA  091000                                  1044
091000 2 ARIZONA      DOUGLAS-FIR        6000  3606 10923 315 35   1376 1972    
091000 3 J. S. DEAN, W. J. ROBINSON, ET AL                              07201972
09100013709990  09990  09990  09990  09990  09990  01001  11010  1 839  11009  1
09100013801128  11391  1 480  1 764  1 886  1 503  1 802  1 783  1 881  1 885  2
0910001390 767  2 793  2 901  21055  21156  21229  21186  2 979  2 820  2 752  2
0910001400 769  2 710  2 746  3 876  31017  31048  31129  31147  3 851  31104  4
0910001410 968  41111  41011  4 733  41249  4 807  41015  41259  4 944  41136  4
09100014201314  4 980  41364  41040  41149  41025  51267  51269  51617  51557  5
09100014301227  61124  61005  6 982  61361  6 820  6 753  6 597  6 730  6 772  6
09100014401261  61352  6 945  6 889  6 933  6 667  6 979  61242  6 434  6 658  7
0910001450 474  71020  7 954  71182  71090  7 534  71203  7 552  7 969  7 822  7
0910001460 505  71221  71217  71162  7 612  71207  71402  71786  71640  81484  8
09100014701461  8 464  8 628  8 772  81066  8 755  8 976  91504  9 972  91106  9
0910001480 630  9 810  9 702  9 814  91069  91137  91404  91280  9 790  9 993  9
0910001490 768  9 987  91205  91410  91277  9 328  9 734  9 778  91127  91066  9
0910001500 714  9 723  9 848  9 878  91170  91016  9 680  91183  91254  91456  9
09100015101138  91618  91362  91096  91328  91082  9 659  9 585  9 696  91033  9
0910001520 763  9 763  9 514  9 761  9 945  9 748  91566  91090  9 902  91097  9
09100015301415  91302  9 500  91233  9 997  91344  91428  91610  9 676  91362  9
09100015401623  91327  9 617  91073  9 887  9 742  9 614  9 609  9 842  91074  9
09100015501312  91015  91355  91415  9 950  91914  91818  91008  91043  9 923  9
09100015601028  9 671  9 701  91180  91205  91377  91031  91085  91235  91323  9
09100015701397  9 716  91296  9 621  91119  9 796  9 801  9 750  9 900  9 371  9
0910001580 411  9 656  9 535  9 589  9  47  9 224  9 604  9 376  9 725  9 498  9
0910001590 318  9 708  9 420  9 749  91360  9 863  9 994  9 951  9 718  9 799  9
0910001600 637 10 595 10 776 10 696 10 743 10 835 10 956 10 680 10 980 10 920 10
09100016101089 10 864 10 841 10 874 10 796 101049 10 993 10 938 101456 10 975 10
09100016201409 101343 101258 10 681 10 438 10 728 10 392 10 614 10 561 10 810 10
0910001630 929 10 770 10 914 10 794 101018 10 895 10 633 10 662 10 876 10 919 10
09100016401119 111037 111098 11 944 111265 111123 111244 111089 11 888 111316 11
09100016501183 111518 111056 111372 11 912 111353 111124 11 888 11 904 12 948 12
0910001660 818 12 991 12 880 121422 12 849 121531 121097 121055 12 560 12 896 12
0910001670 518 12 713 12 754 12 988 121161 121130 12 898 12 980 121172 12 705 12
09100016801041 121337 121153 121192 13 705 13 377 131118 131031 131016 13 955 13
09100016901081 131049 131055 131394 13 927 13 941 13 661 13 596 13 960 131024 13
0910001700 588 13 965 13 824 13 948 13 644 13 895 13 909 13 599 13 857 13 674 13
0910001710 996 13 907 131105 14 715 141011 14 999 14 647 14 804 14 975 141235 14
09100017201408 141543 141397 141642 14 924 141892 141912 141507 14 830 14 383 14
0910001730 700 14 748 14 838 14 843 14 687 14 517 14 879 14 547 14 633 14 623 14
0910001740 400 14 661 14 583 14 937 14 920 141030 141331 141554 14 846 141318 14
09100017501038 141045 14 904 14 608 14 960 14 670 14 601 14 662 14 938 141062 14
09100017601055 14 926 141037 14 669 14 999 14 806 141146 14 846 14 912 141032 14
0910001770 826 141104 14 957 14 499 14 886 14 709 14 823 14 737 14 783 14 878 14
0910001780 528 15 961 151040 151194 151660 151877 151420 151910 151125 151121 15
09100017901277 151408 151570 151773 151654 151483 151382 151835 151293 151329 15
09100018001474 15 963 151193 151222 151210 151006 15 944 15 933 151131 15 934 15
0910001810 693 151048 151172 15 813 151128 151471 151713 151300 15 718 15 811 15
0910001820 497 151238 15 474 15 936 15 964 151091 151091 151152 151103 15 921 15
09100018301054 151139 15 997 151099 151107 151330 151138 151364 151191 151515 15
09100018401100 151335 15 815 15 982 151156 15 969 151067 15 731 151089 151262 15
09100018501320 15 858 151317 151316 151140 151263 151020 151062 151469 151199 15
09100018601033 15 839 151038 15 987 151138 151096 151307 151353 151370 151589 15
09100018701278 151341 15 893 151030 15 924 15 865 151146 151113 151363 151340 15
09100018801056 15 983 151107 151180 151155 151208 151064 15 891 151079 15 985 15
09100018901135 151143 151178 15 792 15 837 15 958 15 709 15 756 15 941 15 601 15
0910001900 927 15 802 15 476 15 845 15 580 15 937 151054 151172 151099 151051 15
09100019101141 15 962 151308 15 849 151103 151286 151162 151254 15 813 151241 15
09100019201344 151035 151361 151080 151126 15 816 151286 15 925 151142 15 877 15
09100019301177 151049 151076 151032 15 920 151025 15 802 151300 15 973 15 877 15
09100019401040 151138 151054 15 764 151017 15 776 15 800 15 929 15 948 15 979 15
0910001950 857 15 548 15 880 15 831 15 677 15 870 15 774 15 669 15 788 15 542 15
0910001960 838 15 700 15 774 15 817 15 759 151242 15 876 15 824 151076 15 817 15
0910001970 935 10 787 10 637  19990  09990  09990  09990  09990  09990  09990  0
091000 597  .482  .292  .250 .99443 593.6747 641.2611                           
212000 1 ROBINSON MOUNTAIN                                   PIPO  AZ08701  1131
212000 2 ARIZONA      PONDEROSA PINE    2225M  3523-11132 000 03   1611 1972    
212000 3 J. S. DEAN, D. O. BOWDEN                                       08/16/72
21200016109990  01448  1 879  1 585  11517  11119  11532  2 931  21029  2 907  2
21200016201406  21505  2 763  2 456  2 330  2 500  2 422  2 885  21132  21179  2
21200016301437  21079  2 313  2 524  21069  21318  2 631  21057  2 664  2 763  2
21200016401228  21014  2 835  2 923  21121  2 178  2 115  2 360  2 369  2 918  2
2120001650 874  21313  2 849  21232  2 631  21313  21473  21057  21583  21301  2
21200016601399  21498  21406  21621  21495  21675  2 530  21322  2 858  2 912  2
2120001670 464  21242  21458  21435  31259  3 987  4 893  41417  41737  4 525  4
21200016801484  41183  41252  41188  4 559  4 676  4 830  41506  41367  41625  4
21200016901076  41188  41609  41177  41031  41071  4 797  4 702  41029  4 989  4
2120001700 486  41333  41085  4 702  41012  41110  4 777  4 836  4 940  4 626  4
21200017101250  41080  41142  41061  4 833  4 822  4 389  4 829  41142  41130  4
21200017201479  51307  6 750  71282  7 761  71250  71493  7 877  7 869  7 477  7
2120001730 858  7 703  7 967  8 641  8 860  8 367  81135  8 560  91166  9 738 10
2120001740 831 10 888 10 644 101207 101014 10 979 101525 101069 10 455 101412 11
2120001750 891 111032 11 383 11 937 111458 11 669 121331 131356 131756 141216 14
21200017601337 15 857 151098 15 740 151438 15 988 161264 161004 161186 171123 17
2120001770 993 181334 18 795 18 372 18 788 18 758 181104 18 958 18 924 18 934 18
2120001780 791 18 820 18 848 181037 181189 18 474 18 525 18 956 18 635 18 643 18
2120001790 785 201035 201194 201899 201257 201431 201643 201324 20 764 201703 20
21200018001115 20 651 20 938 20 491 20 931 20 582 20 790 20 997 201089 201112 20
21200018101183 201213 201232 20 320 20 924 201100 201262 201060 20 687 20 513 20
2120001820 552 20 885 20 562 20 786 20 937 201324 201555 201281 201773 20 840 20
21200018301330 201599 201145 201419 20 842 201242 20 701 20 964 201334 201681 20
21200018401386 201051 20 628 201069 201057 20 436 20 591 20  78 20 897 201191 20
21200018501390 20 821 201407 201083 201097 20 992 20 770 20  66 201045 20 478 20
2120001860 897 20 825 20 947 20 478 20 249 20 981 201429 201180 201929 201023 20
21200018701350 20 581 201023 20 850 201185 201064 20 805 20 532 20 895 20 264 20
2120001880 406 20 478 20 905 20 894 201215 201094 20 786 20 934 201164 201426 20
21200018901504 201727 201358 20 906 201494 201008 20 538 201134 20 967 20 587 20
2120001900 494 20 683 20  68 201037 20 118 201036 20 931 201419 201580 201614 20
21200019101581 201827 201442 20 609 201052 201405 201207 201665 201504 201769 20
21200019201678 201214 201605 201271 201430 201050 201145 20 616 20 925 201021 20
2120001930 800 20 859 201236 201272 20 708 20 814 20 544 20 734 20 621 20 518 20
2120001940 458 201209 201053 20 508 201126 20 896 201060 20 472 20 973 201445 20
2120001950 807 20 144 201128 20 778 20 519 20 971 20 725 20 952 20 785 20 757 20
21200019601015 201502 201251 20 424 201256 201186 201229 201245 201201 201092 20
21200019701366 20 136 201452  29990  09990  09990  09990  09990  09990  09990  0
212000 362  .318  .371  .3951.00432 363.5647 414.7222                           
176640 1 LUNA, NEW MEXICO   176640                                           281
176640 2 NEW MEXICO   PONDEROSA PINE     7650  3351 10901          1693 1965    
176640 3 M. A. STOKES AND T. P. HARLAN                                  06181966
17664016909990  09990  09990  01549  1 439  1 758  1 534  11598  11723  12150  1
17664017001833  11902  11801  12165  11579  1 641  2 725  2 103  2 709  2 766  2
17664017101035  2 441  21202  21465  2 155  2   0  2 895  2 934  2 911  21209  2
17664017201256  2 760  21348  2 252  2 841  21546  21731  2 687  2 110  2 495  2
1766401730 687  2 682  2 835  2 244  2 280  2  74  2 287  2 280  2 722  2 589  2
17664017401003  2 799  21104  21031  21445  2 933  21459  22691  22406  21681  2
17664017501200  21597  2 552  2 452  2 958  2 392  2 279  2  83  2 869  21187  2
17664017601057  2 908  21456  21147  21918  21342  31812  3 970  31197  31070  3
17664017701403  51604  61341  6 467  6 669  6 686  6 925  6 644  6 734  6 809  6
1766401780 670  7 835  7 378  71148  71445  7 832  7 737  71141  7 758  7 807  7
17664017901208  71197  71495  71820  71097  81184  81208  8 869 10 822 11 935 11
1766401800 832 11 709 111296 11 416 11 915 11 959 11 341 12 887 121051 121232 12
17664018101557 121077 121162 12 549 12 948 121591 121921 12 769 12 210 12 154 12
1766401820 407 12 709 12 491 12 572 12 869 121032 121277 121222 121374 121255 12
17664018301501 131155 131758 131695 131440 131667 131255 131147 131322 131571 13
17664018401154 14 789 14 645 14 970 141653 141100 141114 14 224 141281 141262 14
17664018501362 14 845 141640 141209 14 924 14 988 141022 14 987 141337 141245 14
17664018601091 14 469 14 752 14 467 14 254 14 630 141048 14 880 141694 141553 14
17664018701314 14 268 14 479 14 322 14 695 14 982 14 880 141116 141086 141077 14
1766401880 980 14 579 14 856 141002 141119 141434 141016 141254 14 981 141249 14
17664018901104 14 822 14 707 14 509 14 608 14 583 14 504 14 749 141204 14 412 14
1766401900 223 14 602 14  38 14 808 14   9 14 707 14 774 141214 141613 141498 14
17664019101183 141674 141250 141004 141369 141466 141394 141235 14 979 141651 14
17664019201366 14 811 14 931 14 996 141287 14 765 141231 141166 141070 141287 14
17664019301472 141352 141455 141493 14 504 141243 141026 141256 141057 14 931 14
17664019401239 141889 141064 14 610 14 731 14 866 14 287 14 499 14 622 141142 14
1766401950 423 14 228 14 976 141136 14 704 14 751 14 441 141115 141142 14 828 14
17664019601195 141029 141185 141454 141177 142756 149990  09990  09990  09990  0
176640 273  .524  .469  .4281.00946 275.5838 337.9209                           
192000 1 LUNA, SAN FRANCISCO RIVER WATERSHED, NEW MEXICO   192000            631
192000 2 NEW MEXICO   DOUGLAS-FIR        8500  3350 10900          1666 1967    
192000 3 C. W. STOCKTON                                                 08  1968
19200016609990  09990  09990  09990  09990  09990  01052  1 767  2 561  2 458  2
1920001670 402  2 776  2 686  2 767  21099  2 784  2 516  2 639  2 639  2 972  3
1920001680 915  3 839  3 798  3 691  3 598  3 360  3 776  3 643  3 839  31231  3
19200016901270  31007  3 996  4 947  41222  41116  4 742  4 672  4 730  41155  4
19200017001031  41156  4 874  41119  41001  4 774  4 895  4 781  4 713  4 508  4
19200017101220  4 691  41171  4 797  41137  41027  4 509  4 914  4 723  4 723  4
19200017201221  41253  4 838  4 813  4 435  4 797  41641  41140  4 367  4 419  4
1920001730 801  4 813  4 810  4 428  4 613  4 287  4 690  4 805  4 966  51119  5
1920001740 971  51204  51152  51468  51261  51353  51884  52106  5 524  51771  5
19200017501261  51767  51273  5 614  51218  5 910  5 758  6 906  61245  61236  6
1920001760 919  7 946  71418  7 990  71472  71345  81555  81425  81481  81607  8
19200017701485  81370  81166  8 402  8 818  8 984  81059  8 589  8 847  8 945  8
1920001780 584 101226 10 465 101476 101537 10 453 10 661 101218 10 668 10 920 10
19200017901167 101459 101144 102003 10 609 101201 10 888 10 788 10 869 10 822 10
1920001800 569 10 543 10 828 10 359 111032 111018 11 578 111221 111046 111363 11
19200018101288 11 975 111067 11 585 11 844 111620 112194 111194 11 390 11 415 11
1920001820 666 111132 11 553 11 680 11 978 111023 111292 11 967 111658 111143 11
19200018301676 121188 121427 121622 121780 121442 12 961 121213 141171 141680 15
19200018401360 18 901 18 633 181121 181558 181309 181412 18 634 181382 181524 18
19200018501597 18 722 181392 181086 18 720 191040 19 957 19 692 191071 19 782 19
19200018601079 19 561 20 875 20 473 20 313 20 795 201071 201101 201160 201319 20
19200018701140 20 472 20 707 20 403 20 833 20 823 20 843 201055 20 810 20 883 20
1920001880 798 20 683 201258 201238 201166 201198 20 759 20 861 20 884 20 810 20
1920001890 925 201209 20 813 20 576 20 582 20 671 20 880 201149 201748 20 817 20
1920001900 700 20 609 20 340 201085 20 201 201178 201240 201897 202054 201608 20
19200019101234 201413 201521 201002 201281 201754 201598 201636 201003 201673 20
19200019202034 20 942 201048 20 685 201281 20 556 201120 201047 201217 20 811 20
19200019301059 201054 201417 201235 20 579 201288 201102 201064 20 809 20 661 20
1920001940 656 201345 20 987 20 354 20 632 20 797 20 185 20 695 20 826 20 915 20
1920001950 356 20 216 201137 20 522 20 392 20 300 20 351 20 614 201050 20 401 20
19200019601018 20 628 20 857 20 719 20 478 201179 201114 20 393 209990  09990  0
192000 302  .406  .384  .357 .97970 295.8705 334.2822                           
303099 1 CEBOLLETA                                                          1176
303099 2 NEW MEXICO   PINYON PINE       07000 03455 10750 270 45   1662-1972    
303099 3 J. DEAN, W. WOOLFENDEN                                         04/28/73
30309916609990  09990  02906  11321  1 931  11617  11579  1 812  1 438  11379  1
3030991670 649  1 587  11114  1 969  11288  1 973  1 593  1 722  1 724  1 989  2
30309916801007  2 608  2 710  2 884  2 841  2 464  2 750  2 781  21240  21312  2
3030991690 943  2 621  21071  2 849  2 928  21023  2 676  3 935  4 792  41575  4
30309917001392  41168  4 903  41117  4 890  51188  51536  5 500  5 821  6 845  7
30309917101226  7 718  71159  7 630  7 864  7 864  71004  8 882  81257  8 846  8
30309917201509  91154  91188 101031 10 701 101246 101406 10 790 10 501 10 307 10
3030991730 807 10 827 10 704 10 744 10 949 10 973 101265 10 738 10 926 10 950 10
3030991740 673 121205 12 758 131183 131136 131609 141855 141477 14  99 151234 15
3030991750 501 151473 15 718 151238 15 977 15 553 15 597 161149 161306 161365 16
3030991760 557 161112 161000 16 674 16 977 161095 161176 161267 161205 16 707 16
30309917701227 161569 16 733 16 578 16 702 161028 16 938 16 566 161497 17 523 17
3030991780 306 19 800 19 710 191499 191409 191157 19 833 191205 19 877 19 630 19
30309917901192 201414 201153 201663 20 965 201004 20 866 201058 201190 201148 20
30309918001497 201179 20 914 20 932 20 976 20 660 20 501 20 938 20 969 201413 20
30309918101245 201303 20 700 20 889 201279 201578 201911 201269 20 503 20 515 20
3030991820 713 20 805 20 448 20 867 20 526 20 778 20 602 20 771 201399 20 486 20
30309918301549 20 997 20 831 201102 201357 20 856 20 759 20 848 20 967 201518 20
30309918401695 201544 20 718 201008 20 704 201132 201230 20 220 201004 201059 20
3030991850 917 20 547 201109 20 884 20 958 201124 20 727 20 701 20 889 20 481 20
30309918601324 20 411 20 390 20 587 20 607 20 863 201304 201382 201693 201579 20
3030991870 831 20 456 20 813 20 561 20 757 20 672 20 666 201575 201048 20 480 20
3030991880 422 20 674 201249 20 566 201189 201036 20 672 201294 20 945 20 811 20
3030991890 952 201394 20 498 20 345 20 629 201234 20 543 201268 201194 20  79 20
3030991900 480 201037 20 646 20 873 20  38 201648 202171 202161 202494 201542 20
3030991910 885 201601 201817 20 993 201495 201478 201589 201582 20 532 201666 20
30309919202003 201426 20 964 20 573 201408 20 130 201761 201344 20 841 20 733 20
30309919301100 20 940 201449 201302 20 688 201599 201055 201528 201083 20 876 20
30309919401341 201995 201178 201235 201538 201179 20 318 201093 201424 201158 20
3030991950 421 20 120 201068 20 781 20 506 20 370 20 499 20 562 201096 20 582 20
3030991960 899 20 557 20 760 20 520 201076 201329 20 526 20 753 20 987 20 964 20
30309919701404 20 836 201195 209990  09990  09990  09990  09990  09990  09990  0
303099 311  .264  .409  .416 .99804 310.3895 361.6120                           
