WINDENDRO	4	R	36	P	I	N	RING
TreeName	Path identification	Site identification	YearLastRing	Sapwood	Tree height	Tree age	SectionHeight	User variable	RingCount	DataType	OffsetToNext	ImageName	Analysis Date Time	Acquisition Date Time	Modified Date Time	ImageSizeH V NBits Channel	CalibMethod XCal YCal EditedDendro	ScannerCamera Make Model Software	LensFocLength [35mm]	PathBegX BegY EndX EndY Width	RingBoundary AutoMan Meth Precise	EarlywoodDef	DensActive Media Calib	DensNSteps MatDens Interpol SampleThick	DensStepsThick	DensStepsLightInt	DensStepsWoodDens	DiskArea	DiskPerim	DiskAvgDiam	DiskFormCoef	CompWoodArea	VoidArea	PathLength	
601A_ABLA		MRS5	2016	0.000	0.0000	0	0.000		58	RINGWIDTH	1	NotAFile	7/14/2017 10:09:38	                   		4116 1029 8 Grey	Intr 0.021158 0.021141 N	EPSON EPSON Flatbed Scanner EPSON Expression 10000XL 1.8 V3.45 3.45	0.0 [0]	1828.0000 363.0000 3876.0000 279.0000  1.0000	Tg A Int Y	50 %	N W Man	19 1.0000 Lin 1.00	0.0120 0.0148 0.0203 0.0240 0.0289 0.0365 0.0481 0.0575 0.0685 0.0869 0.1104 0.1358 0.1795 0.2183 0.2831 0.3664 0.4581 0.5495 0.7145 	16 19 23 27 29 34 40 44 50 59 68 77 92 105 122 144 164 186 219 	0.0120 0.0148 0.0203 0.0240 0.0289 0.0365 0.0481 0.0575 0.0685 0.0869 0.1104 0.1358 0.1795 0.2183 0.2831 0.3664 0.4581 0.5495 0.7145 	0.0000	0.0000	0.0000	0.0000	0.0000	0.0000	43.3673	0.228	0.462	0.603	0.730	1.006	0.649	0.637	0.874	0.493	0.375	0.523	0.529	0.373	0.477	0.544	0.544	0.486	0.717	0.663	0.477	0.502	0.482	0.744	0.673	0.595	0.627	0.690	0.651	0.599	0.585	0.765	0.842	0.821	0.878	0.941	0.975	1.187	1.233	1.368	1.494	1.183	0.908	0.865	0.865	0.612	0.713	1.007	0.474	0.464	0.685	0.608	0.746	0.719	0.783	0.812	0.702	0.853	0.358																																																												
601B_ABLA		MRS5	2016	0.000	0.0000	0	0.000		43	RINGWIDTH	1	NotAFile	7/14/2017 10:09:38	                   		4116 1029 8 Grey	Intr 0.021158 0.021141 N	EPSON EPSON Flatbed Scanner EPSON Expression 10000XL 1.8 V3.45 3.45	0.0 [0]	1539.0000 831.0000 3853.0000 754.0000  1.0000	Tg A Int Y	50 %	N W Man	19 1.0000 Lin 1.00	0.0120 0.0148 0.0203 0.0240 0.0289 0.0365 0.0481 0.0575 0.0685 0.0869 0.1104 0.1358 0.1795 0.2183 0.2831 0.3664 0.4581 0.5495 0.7145 	16 19 23 27 29 34 40 44 50 59 68 77 92 105 122 144 164 186 219 	0.0120 0.0148 0.0203 0.0240 0.0289 0.0365 0.0481 0.0575 0.0685 0.0869 0.1104 0.1358 0.1795 0.2183 0.2831 0.3664 0.4581 0.5495 0.7145 	0.0000	0.0000	0.0000	0.0000	0.0000	0.0000	49.3534	0.128	1.809	1.695	1.486	1.098	1.085	1.312	1.113	1.397	0.915	0.892	0.948	0.699	0.797	0.897	1.154	1.024	1.084	0.999	1.058	0.968	1.165	1.100	1.180	1.400	1.235	0.938	0.942	0.855	0.669	0.683	0.988	0.609	0.581	0.673	0.675	0.674	0.776	0.866	0.948	0.830	0.886	0.691																																													
760A_ABLA		MRS5	2016	0.000	0.0000	0	0.000		71	RINGWIDTH	1	NotAFile	7/14/2017 10:21:06	                   		2515 1057 8 Grey	Intr 0.021158 0.021141 N	EPSON EPSON Flatbed Scanner EPSON Expression 10000XL 1.8 V3.45 3.45	0.0 [0]	491.0000 202.0000 2299.0000 235.0000  1.0000	Tg A Int Y	50 %	N W Man	19 1.0000 Lin 1.00	0.0120 0.0148 0.0203 0.0240 0.0289 0.0365 0.0481 0.0575 0.0685 0.0869 0.1104 0.1358 0.1795 0.2183 0.2831 0.3664 0.4581 0.5495 0.7145 	16 19 23 27 29 34 40 44 50 59 68 77 92 105 122 144 164 186 219 	0.0120 0.0148 0.0203 0.0240 0.0289 0.0365 0.0481 0.0575 0.0685 0.0869 0.1104 0.1358 0.1795 0.2183 0.2831 0.3664 0.4581 0.5495 0.7145 	0.0000	0.0000	0.0000	0.0000	0.0000	0.0000	38.2594	0.264	0.282	0.423	0.572	0.713	1.481	0.896	0.772	0.590	0.649	0.587	1.034	0.765	0.574	0.516	0.522	0.524	0.782	0.825	0.761	1.007	0.544	0.454	0.578	0.554	0.548	0.824	0.725	0.607	0.776	0.698	0.666	0.784	0.972	0.808	0.641	0.599	0.417	0.396	0.396	0.396	0.375	0.459	0.481	0.481	0.355	0.375	0.333	0.398	0.301	0.372	0.526	0.484	0.464	0.443	0.253	0.280	0.221	0.151	0.253	0.206	0.179	0.223	0.179	0.233	0.190	0.310	0.310	0.277	0.338	0.348																																																																									
760B_ABLA		MRS5	2016	0.000	0.0000	0	0.000		85	RINGWIDTH	1	NotAFile	7/14/2017 10:21:06	                   		2515 1057 8 Grey	Intr 0.021158 0.021141 N	EPSON EPSON Flatbed Scanner EPSON Expression 10000XL 1.8 V3.45 3.45	0.0 [0]	321.0000 842.0000 2277.0000 707.0000  1.0000	Tg A Int Y	50 %	N W Man	19 1.0000 Lin 1.00	0.0120 0.0148 0.0203 0.0240 0.0289 0.0365 0.0481 0.0575 0.0685 0.0869 0.1104 0.1358 0.1795 0.2183 0.2831 0.3664 0.4581 0.5495 0.7145 	16 19 23 27 29 34 40 44 50 59 68 77 92 105 122 144 164 186 219 	0.0120 0.0148 0.0203 0.0240 0.0289 0.0365 0.0481 0.0575 0.0685 0.0869 0.1104 0.1358 0.1795 0.2183 0.2831 0.3664 0.4581 0.5495 0.7145 	0.0000	0.0000	0.0000	0.0000	0.0000	0.0000	41.4827	0.863	0.776	0.703	0.366	1.145	0.770	0.774	0.494	0.473	0.600	0.533	0.705	0.479	0.353	0.458	0.515	0.646	0.565	1.578	0.842	0.812	0.697	0.803	0.591	0.803	0.739	0.516	0.604	0.550	0.508	0.719	0.635	0.635	0.931	0.504	0.533	0.681	0.527	0.609	0.509	0.735	0.534	0.462	0.548	0.540	0.537	0.500	0.605	0.521	0.396	0.396	0.312	0.312	0.335	0.354	0.356	0.378	0.400	0.359	0.297	0.357	0.274	0.296	0.211	0.232	0.190	0.233	0.233	0.233	0.190	0.213	0.124	0.108	0.212	0.159	0.170	0.110	0.113	0.121	0.106	0.150	0.160	0.143	0.198	0.141																																																																																							
1032A_ABLA		MRS5	2016	0.000	0.0000	0	0.000		52	RINGWIDTH	1	NotAFile	7/14/2017 10:30:37	                   		3516 1057 8 Grey	Intr 0.021158 0.021141 N	EPSON EPSON Flatbed Scanner EPSON Expression 10000XL 1.8 V3.45 3.45	0.0 [0]	852.0000 412.0000 3228.0000 250.0000  1.0000	Tg A Int Y	50 %	N W Man	19 1.0000 Lin 1.00	0.0120 0.0148 0.0203 0.0240 0.0289 0.0365 0.0481 0.0575 0.0685 0.0869 0.1104 0.1358 0.1795 0.2183 0.2831 0.3664 0.4581 0.5495 0.7145 	16 19 23 27 29 34 40 44 50 59 68 77 92 105 122 144 164 186 219 	0.0120 0.0148 0.0203 0.0240 0.0289 0.0365 0.0481 0.0575 0.0685 0.0869 0.1104 0.1358 0.1795 0.2183 0.2831 0.3664 0.4581 0.5495 0.7145 	0.0000	0.0000	0.0000	0.0000	0.0000	0.0000	50.3872	0.534	0.835	0.727	0.276	0.476	0.732	0.593	0.661	0.925	0.887	1.079	0.965	0.779	0.716	0.883	0.762	0.761	0.634	0.931	1.037	0.930	0.951	1.076	1.221	1.076	1.184	1.312	1.332	1.248	1.164	1.058	1.035	0.952	1.142	1.247	1.416	1.014	1.142	1.058	0.994	1.121	0.635	0.783	0.994	0.931	0.994	0.909	1.057	1.227	1.138	1.264	0.613																																																						
1032B_ABLA		MRS5	2016	0.000	0.0000	0	0.000		47	RINGWIDTH	1	NotAFile	7/14/2017 10:30:37	                   		3516 1057 8 Grey	Intr 0.021158 0.021141 N	EPSON EPSON Flatbed Scanner EPSON Expression 10000XL 1.8 V3.45 3.45	0.0 [0]	806.0000 892.0000 3128.0000 702.0000  1.0000	Tg A Int Y	50 %	N W Man	19 1.0000 Lin 1.00	0.0120 0.0148 0.0203 0.0240 0.0289 0.0365 0.0481 0.0575 0.0685 0.0869 0.1104 0.1358 0.1795 0.2183 0.2831 0.3664 0.4581 0.5495 0.7145 	16 19 23 27 29 34 40 44 50 59 68 77 92 105 122 144 164 186 219 	0.0120 0.0148 0.0203 0.0240 0.0289 0.0365 0.0481 0.0575 0.0685 0.0869 0.1104 0.1358 0.1795 0.2183 0.2831 0.3664 0.4581 0.5495 0.7145 	0.0000	0.0000	0.0000	0.0000	0.0000	0.0000	50.3135	0.815	0.663	1.121	1.334	1.306	1.819	1.121	0.795	0.896	1.119	0.990	0.883	0.862	0.843	1.182	1.161	0.760	0.929	1.075	1.012	1.180	1.117	1.300	1.477	1.290	1.133	0.840	0.715	0.999	1.016	1.331	1.144	1.165	1.072	0.904	1.114	0.631	0.570	0.908	0.929	0.950	0.950	1.077	1.141	1.141	1.121	0.784																																																	
467A_ABLA		MRS5	2016	0.000	0.0000	0	0.000		72	RINGWIDTH	1	NotAFile	7/14/2017 10:45:46	                   		3887 1057 8 Grey	Intr 0.021158 0.021141 N	EPSON EPSON Flatbed Scanner EPSON Expression 10000XL 1.8 V3.45 3.45	0.0 [0]	150.0000 140.0000 3538.0000 312.0000  1.0000	Tg A Int Y	50 %	N W Man	19 1.0000 Lin 1.00	0.0120 0.0148 0.0203 0.0240 0.0289 0.0365 0.0481 0.0575 0.0685 0.0869 0.1104 0.1358 0.1795 0.2183 0.2831 0.3664 0.4581 0.5495 0.7145 	16 19 23 27 29 34 40 44 50 59 68 77 92 105 122 144 164 186 219 	0.0120 0.0148 0.0203 0.0240 0.0289 0.0365 0.0481 0.0575 0.0685 0.0869 0.1104 0.1358 0.1795 0.2183 0.2831 0.3664 0.4581 0.5495 0.7145 	0.0000	0.0000	0.0000	0.0000	0.0000	0.0000	72.3067	0.368	0.518	0.439	0.564	0.601	0.622	0.832	1.110	1.648	1.784	1.086	0.861	0.792	0.960	0.727	0.909	0.928	0.788	0.920	0.820	0.610	0.800	0.758	0.673	0.972	1.057	0.825	0.994	0.886	0.949	1.098	0.993	1.286	0.717	1.032	1.010	1.096	1.075	0.860	0.937	1.327	0.972	1.175	1.093	1.318	1.101	1.148	0.926	0.825	0.788	1.269	1.264	1.264	1.442	1.273	1.312	1.099	0.928	0.744	0.869	1.202	0.677	0.800	0.800	0.829	0.937	0.729	1.154	1.328	0.970	1.224	0.401																																																																										
467B_ABLA		MRS5	2016	0.000	0.0000	0	0.000		67	RINGWIDTH	1	NotAFile	7/14/2017 10:45:46	                   		3887 1057 8 Grey	Intr 0.021158 0.021141 N	EPSON EPSON Flatbed Scanner EPSON Expression 10000XL 1.8 V3.45 3.45	0.0 [0]	748.0000 730.0000 3424.0000 754.0000  1.0000	Tg A Int Y	50 %	N W Man	19 1.0000 Lin 1.00	0.0120 0.0148 0.0203 0.0240 0.0289 0.0365 0.0481 0.0575 0.0685 0.0869 0.1104 0.1358 0.1795 0.2183 0.2831 0.3664 0.4581 0.5495 0.7145 	16 19 23 27 29 34 40 44 50 59 68 77 92 105 122 144 164 186 219 	0.0120 0.0148 0.0203 0.0240 0.0289 0.0365 0.0481 0.0575 0.0685 0.0869 0.1104 0.1358 0.1795 0.2183 0.2831 0.3664 0.4581 0.5495 0.7145 	0.0000	0.0000	0.0000	0.0000	0.0000	0.0000	56.6371	1.311	0.792	0.594	0.672	0.686	0.688	0.592	0.380	0.453	0.358	0.485	0.504	0.590	0.719	0.747	0.611	0.803	0.727	0.748	0.898	0.675	0.443	0.716	0.624	0.644	0.751	0.857	1.024	0.741	0.940	0.749	0.824	0.696	0.551	0.517	0.593	0.611	0.825	0.887	1.214	1.058	1.111	0.793	0.677	0.676	0.677	0.814	0.857	1.206	1.215	1.216	1.110	1.066	0.729	0.814	1.132	0.761	1.026	1.046	1.098	1.417	0.920	1.175	1.395	1.068	1.269	0.370																																																																					
519A_ABLA		MRS5	2016	0.000	0.0000	0	0.000		40	RINGWIDTH	1	NotAFile	7/14/2017 10:52:11	                   		3544 1057 8 Grey	Intr 0.021158 0.021141 N	EPSON EPSON Flatbed Scanner EPSON Expression 10000XL 1.8 V3.45 3.45	0.0 [0]	1096.0000 292.0000 3172.0000 266.0000  1.0000	Tg A Int Y	50 %	N W Man	19 1.0000 Lin 1.00	0.0120 0.0148 0.0203 0.0240 0.0289 0.0365 0.0481 0.0575 0.0685 0.0869 0.1104 0.1358 0.1795 0.2183 0.2831 0.3664 0.4581 0.5495 0.7145 	16 19 23 27 29 34 40 44 50 59 68 77 92 105 122 144 164 186 219 	0.0120 0.0148 0.0203 0.0240 0.0289 0.0365 0.0481 0.0575 0.0685 0.0869 0.1104 0.1358 0.1795 0.2183 0.2831 0.3664 0.4581 0.5495 0.7145 	0.0000	0.0000	0.0000	0.0000	0.0000	0.0000	43.9268	0.993	1.879	1.713	1.585	1.563	1.478	1.732	1.670	2.092	2.196	1.795	1.858	1.902	1.501	1.374	1.057	0.951	1.014	0.993	1.056	0.803	0.888	0.951	0.804	0.762	0.550	0.465	0.465	0.444	0.614	0.804	0.468	0.359	0.446	0.525	0.635	0.719	0.871	0.993	0.338																																										
519B_ABLA		MRS5	2016	0.000	0.0000	0	0.000		50	RINGWIDTH	1	NotAFile	7/14/2017 10:52:11	                   		3544 1057 8 Grey	Intr 0.021158 0.021141 N	EPSON EPSON Flatbed Scanner EPSON Expression 10000XL 1.8 V3.45 3.45	0.0 [0]	210.0000 758.0000 3230.0000 736.0000  1.0000	Tg A Int Y	50 %	N W Man	19 1.0000 Lin 1.00	0.0120 0.0148 0.0203 0.0240 0.0289 0.0365 0.0481 0.0575 0.0685 0.0869 0.1104 0.1358 0.1795 0.2183 0.2831 0.3664 0.4581 0.5495 0.7145 	16 19 23 27 29 34 40 44 50 59 68 77 92 105 122 144 164 186 219 	0.0120 0.0148 0.0203 0.0240 0.0289 0.0365 0.0481 0.0575 0.0685 0.0869 0.1104 0.1358 0.1795 0.2183 0.2831 0.3664 0.4581 0.5495 0.7145 	0.0000	0.0000	0.0000	0.0000	0.0000	0.0000	63.8979	0.975	2.062	2.341	1.965	1.624	1.967	1.565	2.051	1.882	1.882	2.429	1.838	1.859	1.774	1.968	2.285	2.102	1.992	2.005	1.566	1.587	1.691	1.253	1.320	1.073	0.810	0.936	1.021	1.002	0.838	0.816	0.940	0.873	0.854	0.793	0.839	0.651	0.561	0.793	0.439	0.360	0.464	0.502	0.503	0.563	0.465	0.612	0.733	0.776	0.169																																																				
384A_ABLA		MRS5	2016	0.000	0.0000	0	0.000		53	RINGWIDTH	1	NotAFile	7/14/2017 10:59:53	                   		4859 1029 8 Grey	Intr 0.021158 0.021141 N	EPSON EPSON Flatbed Scanner EPSON Expression 10000XL 1.8 V3.45 3.45	0.0 [0]	818.0000 238.0000 4565.0000 305.0000  1.0000	Tg A Int Y	50 %	N W Man	19 1.0000 Lin 1.00	0.0120 0.0148 0.0203 0.0240 0.0289 0.0365 0.0481 0.0575 0.0685 0.0869 0.1104 0.1358 0.1795 0.2183 0.2831 0.3664 0.4581 0.5495 0.7145 	16 19 23 27 29 34 40 44 50 59 68 77 92 105 122 144 164 186 219 	0.0120 0.0148 0.0203 0.0240 0.0289 0.0365 0.0481 0.0575 0.0685 0.0869 0.1104 0.1358 0.1795 0.2183 0.2831 0.3664 0.4581 0.5495 0.7145 	0.0000	0.0000	0.0000	0.0000	0.0000	0.0000	79.2905	0.782	0.296	0.867	0.952	0.944	0.887	0.825	0.930	1.332	1.076	1.437	1.266	1.094	1.499	1.566	1.372	1.248	1.248	1.206	1.289	1.240	0.967	0.888	1.040	1.393	1.333	1.505	1.814	1.458	1.584	1.501	1.796	1.922	2.179	2.179	2.009	1.808	1.755	2.008	1.532	1.439	2.317	1.185	1.714	2.083	2.167	2.060	2.273	2.050	2.174	2.135	2.092	0.906																																																							
384B_ABLA		MRS5	2016	0.000	0.0000	0	0.000		50	RINGWIDTH	1	NotAFile	7/14/2017 10:59:53	                   		4859 1029 8 Grey	Intr 0.021158 0.021141 N	EPSON EPSON Flatbed Scanner EPSON Expression 10000XL 1.8 V3.45 3.45	0.0 [0]	714.0000 733.0000 4531.0000 771.0000  1.0000	Tg A Int Y	50 %	N W Man	19 1.0000 Lin 1.00	0.0120 0.0148 0.0203 0.0240 0.0289 0.0365 0.0481 0.0575 0.0685 0.0869 0.1104 0.1358 0.1795 0.2183 0.2831 0.3664 0.4581 0.5495 0.7145 	16 19 23 27 29 34 40 44 50 59 68 77 92 105 122 144 164 186 219 	0.0120 0.0148 0.0203 0.0240 0.0289 0.0365 0.0481 0.0575 0.0685 0.0869 0.1104 0.1358 0.1795 0.2183 0.2831 0.3664 0.4581 0.5495 0.7145 	0.0000	0.0000	0.0000	0.0000	0.0000	0.0000	80.7629	0.549	0.608	1.004	1.032	0.876	1.106	0.598	1.019	1.186	1.040	1.731	1.812	1.525	1.566	1.719	1.703	1.665	1.478	1.374	0.972	1.267	1.438	1.354	1.328	1.535	1.346	1.373	1.309	1.351	1.581	1.981	2.276	2.112	1.989	1.925	2.116	1.968	1.691	2.643	1.749	2.166	2.544	2.386	2.069	1.943	2.094	2.264	2.094	2.200	0.893																																																				
447A_ABLA		MRS5	2016	0.000	0.0000	0	0.000		116	RINGWIDTH	1	NotAFile	7/14/2017 11:11:47	                   		5660 1000 8 Grey	Intr 0.021158 0.021141 N	EPSON EPSON Flatbed Scanner EPSON Expression 10000XL 1.8 V3.45 3.45	0.0 [0]	1848.0000 126.0000 5466.0000 328.0000  1.0000	Tg A Int Y	50 %	N W Man	19 1.0000 Lin 1.00	0.0120 0.0148 0.0203 0.0240 0.0289 0.0365 0.0481 0.0575 0.0685 0.0869 0.1104 0.1358 0.1795 0.2183 0.2831 0.3664 0.4581 0.5495 0.7145 	16 19 23 27 29 34 40 44 50 59 68 77 92 105 122 144 164 186 219 	0.0120 0.0148 0.0203 0.0240 0.0289 0.0365 0.0481 0.0575 0.0685 0.0869 0.1104 0.1358 0.1795 0.2183 0.2831 0.3664 0.4581 0.5495 0.7145 	0.0000	0.0000	0.0000	0.0000	0.0000	0.0000	77.6629	0.563	1.411	1.143	1.572	1.233	1.490	1.654	1.457	1.327	1.459	1.115	0.915	1.185	1.334	0.883	0.627	0.895	0.776	0.737	0.755	0.915	0.828	0.929	0.930	0.745	0.748	0.582	0.771	0.605	0.520	0.710	0.838	0.843	0.925	0.673	0.653	1.123	1.194	1.219	0.988	0.985	1.236	0.901	0.650	0.503	0.482	0.522	0.412	0.348	0.430	0.488	0.460	0.461	0.339	0.296	0.312	0.443	0.544	0.573	0.337	0.421	0.424	0.456	0.285	0.256	0.247	0.135	0.121	0.104	0.091	0.098	0.098	0.136	0.168	0.177	0.188	0.293	0.293	0.272	0.272	0.393	0.391	0.529	0.562	0.560	0.548	0.696	0.769	0.647	0.611	0.633	0.570	0.506	0.464	0.485	0.442	0.421	0.463	0.440	0.335	0.272	0.393	0.329	0.183	0.325	0.225	0.304	0.286	0.266	0.327	0.307	0.329	0.352	0.269	0.298	0.165																																																																																																																						
447B_ABLA		MRS5	2016	0.000	0.0000	0	0.000		118	RINGWIDTH	1	NotAFile	7/14/2017 11:11:47	                   		5660 1000 8 Grey	Intr 0.021158 0.021141 N	EPSON EPSON Flatbed Scanner EPSON Expression 10000XL 1.8 V3.45 3.45	0.0 [0]	1394.0000 618.0000 5398.0000 758.0000  1.0000	Tg A Int Y	50 %	N W Man	19 1.0000 Lin 1.00	0.0120 0.0148 0.0203 0.0240 0.0289 0.0365 0.0481 0.0575 0.0685 0.0869 0.1104 0.1358 0.1795 0.2183 0.2831 0.3664 0.4581 0.5495 0.7145 	16 19 23 27 29 34 40 44 50 59 68 77 92 105 122 144 164 186 219 	0.0120 0.0148 0.0203 0.0240 0.0289 0.0365 0.0481 0.0575 0.0685 0.0869 0.1104 0.1358 0.1795 0.2183 0.2831 0.3664 0.4581 0.5495 0.7145 	0.0000	0.0000	0.0000	0.0000	0.0000	0.0000	85.0959	0.642	1.895	1.206	0.603	0.373	0.436	0.561	0.481	0.607	0.671	0.589	0.774	0.893	0.944	1.434	1.492	1.263	1.051	1.358	1.166	1.227	1.424	1.297	1.392	1.312	1.207	1.431	1.403	1.344	1.607	1.576	1.371	1.697	1.366	1.445	1.531	1.283	1.535	1.637	1.386	1.510	1.414	1.375	1.503	1.622	1.240	1.034	1.141	1.036	0.993	0.740	0.844	0.946	0.799	0.969	0.992	0.802	0.633	0.739	0.761	0.676	0.613	0.528	0.550	0.529	0.465	0.423	0.487	0.296	0.212	0.169	0.148	0.117	0.158	0.169	0.139	0.159	0.147	0.148	0.169	0.169	0.169	0.127	0.085	0.106	0.127	0.169	0.106	0.148	0.148	0.148	0.169	0.148	0.127	0.148	0.127	0.169	0.169	0.190	0.212	0.233	0.212	0.233	0.211	0.160	0.094	0.106	0.085	0.084	0.095	0.085	0.081	0.098	0.127	0.127	0.100	0.112	0.114																																																																																																																								
510A_ABLA		MRS5	2016	0.000	0.0000	0	0.000		78	RINGWIDTH	1	NotAFile	7/14/2017 12:21:02	                   		5260 972 8 Grey	Intr 0.021158 0.021141 N	EPSON EPSON Flatbed Scanner EPSON Expression 10000XL 1.8 V3.45 3.45	0.0 [0]	234.0000 234.0000 5140.0000 254.0000  1.0000	Tg A Int Y	50 %	N W Man	19 1.0000 Lin 1.00	0.0120 0.0148 0.0203 0.0240 0.0289 0.0365 0.0481 0.0575 0.0685 0.0869 0.1104 0.1358 0.1795 0.2183 0.2831 0.3664 0.4581 0.5495 0.7145 	16 19 23 27 29 34 40 44 50 59 68 77 92 105 122 144 164 186 219 	0.0120 0.0148 0.0203 0.0240 0.0289 0.0365 0.0481 0.0575 0.0685 0.0869 0.1104 0.1358 0.1795 0.2183 0.2831 0.3664 0.4581 0.5495 0.7145 	0.0000	0.0000	0.0000	0.0000	0.0000	0.0000	103.8004	0.903	2.351	2.336	2.166	2.017	1.973	1.931	1.868	2.021	2.042	2.000	1.242	1.519	1.835	2.027	1.838	1.873	1.632	1.584	1.696	1.591	1.234	1.318	1.280	1.494	1.385	1.176	1.456	1.014	0.928	1.055	0.991	0.909	1.056	0.909	1.312	1.333	1.375	1.544	1.268	1.245	1.118	1.223	1.160	1.202	1.163	0.973	1.375	1.227	1.481	1.333	1.375	1.121	0.888	1.310	1.331	1.290	1.290	1.312	1.480	1.182	1.438	1.248	1.206	0.930	0.507	0.740	0.634	0.613	0.761	0.761	0.803	0.908	0.824	0.972	1.015	0.994	0.550																																																																																
510B_ABLA		MRS5	2016	0.000	0.0000	0	0.000		94	RINGWIDTH	1	NotAFile	7/14/2017 12:21:02	                   		5260 972 8 Grey	Intr 0.021158 0.021141 N	EPSON EPSON Flatbed Scanner EPSON Expression 10000XL 1.8 V3.45 3.45	0.0 [0]	398.0000 714.0000 5212.0000 732.0000  1.0000	Tg A Int Y	50 %	N W Man	19 1.0000 Lin 1.00	0.0120 0.0148 0.0203 0.0240 0.0289 0.0365 0.0481 0.0575 0.0685 0.0869 0.1104 0.1358 0.1795 0.2183 0.2831 0.3664 0.4581 0.5495 0.7145 	16 19 23 27 29 34 40 44 50 59 68 77 92 105 122 144 164 186 219 	0.0120 0.0148 0.0203 0.0240 0.0289 0.0365 0.0481 0.0575 0.0685 0.0869 0.1104 0.1358 0.1795 0.2183 0.2831 0.3664 0.4581 0.5495 0.7145 	0.0000	0.0000	0.0000	0.0000	0.0000	0.0000	101.8538	0.749	1.157	1.511	1.566	1.408	0.751	1.109	1.610	1.599	1.683	1.782	1.878	2.075	2.033	2.535	2.241	2.116	2.178	2.144	2.232	1.919	2.132	2.070	2.260	2.047	2.010	1.840	0.845	0.549	0.824	1.225	1.142	1.100	0.952	0.973	1.100	0.889	1.121	1.184	1.036	1.184	1.058	0.888	0.952	0.719	0.613	0.635	0.571	0.549	0.633	0.592	0.592	0.656	0.804	0.846	0.740	0.717	0.717	0.738	0.589	0.756	0.709	0.760	0.776	0.710	0.892	0.832	0.994	0.867	0.661	0.750	0.663	0.698	0.592	0.709	0.912	0.750	0.640	0.544	0.660	0.433	0.213	0.445	0.348	0.315	0.315	0.309	0.399	0.409	0.370	0.552	0.470	0.498	0.271																																																																																																
769A_ABLA		MRS5	2016	0.000	0.0000	0	0.000		63	RINGWIDTH	1	NotAFile	7/14/2017 13:47:34	                   		5488 1000 8 Grey	Intr 0.021158 0.021141 N	EPSON EPSON Flatbed Scanner EPSON Expression 10000XL 1.8 V3.45 3.45	0.0 [0]	348.0000 290.0000 5110.0000 270.0000  1.0000	Tg A Int Y	50 %	N W Man	19 1.0000 Lin 1.00	0.0120 0.0148 0.0203 0.0240 0.0289 0.0365 0.0481 0.0575 0.0685 0.0869 0.1104 0.1358 0.1795 0.2183 0.2831 0.3664 0.4581 0.5495 0.7145 	16 19 23 27 29 34 40 44 50 59 68 77 92 105 122 144 164 186 219 	0.0120 0.0148 0.0203 0.0240 0.0289 0.0365 0.0481 0.0575 0.0685 0.0869 0.1104 0.1358 0.1795 0.2183 0.2831 0.3664 0.4581 0.5495 0.7145 	0.0000	0.0000	0.0000	0.0000	0.0000	0.0000	100.7538	0.537	2.683	1.967	1.396	1.226	1.585	1.416	1.817	1.964	1.520	1.836	1.564	1.693	2.007	1.574	1.574	1.605	1.626	1.438	1.360	1.386	1.579	1.328	1.813	1.856	1.545	1.755	1.375	1.628	1.650	1.840	1.650	1.967	1.650	1.649	1.628	1.310	1.522	1.523	1.352	1.561	1.458	1.480	1.331	1.563	2.365	2.069	1.921	1.777	1.566	1.375	0.931	1.650	1.182	0.950	1.225	1.374	1.268	1.395	1.542	1.583	1.390	1.534																																																																	
769B_ABLA		MRS5	2016	0.000	0.0000	0	0.000		68	RINGWIDTH	1	NotAFile	7/14/2017 13:47:34	                   		5488 1000 8 Grey	Intr 0.021158 0.021141 N	EPSON EPSON Flatbed Scanner EPSON Expression 10000XL 1.8 V3.45 3.45	0.0 [0]	264.0000 822.0000 5036.0000 738.0000  1.0000	Tg A Int Y	50 %	N W Man	19 1.0000 Lin 1.00	0.0120 0.0148 0.0203 0.0240 0.0289 0.0365 0.0481 0.0575 0.0685 0.0869 0.1104 0.1358 0.1795 0.2183 0.2831 0.3664 0.4581 0.5495 0.7145 	16 19 23 27 29 34 40 44 50 59 68 77 92 105 122 144 164 186 219 	0.0120 0.0148 0.0203 0.0240 0.0289 0.0365 0.0481 0.0575 0.0685 0.0869 0.1104 0.1358 0.1795 0.2183 0.2831 0.3664 0.4581 0.5495 0.7145 	0.0000	0.0000	0.0000	0.0000	0.0000	0.0000	100.9801	0.715	1.547	1.263	1.589	2.023	2.125	1.957	1.920	1.541	1.132	1.933	1.742	1.908	2.010	1.540	1.724	1.493	1.820	1.903	1.548	1.368	1.392	1.268	1.097	1.367	1.196	1.297	1.213	1.500	1.403	1.207	1.367	1.099	1.189	1.155	1.268	1.561	1.751	1.582	1.476	1.371	1.225	1.351	1.097	1.054	1.244	1.244	1.205	0.888	1.311	2.157	1.883	1.946	1.713	1.368	1.253	0.992	1.499	1.142	1.037	1.248	1.418	0.951	1.794	1.541	1.608	1.269	1.312																																																																						
622A_ABLA		MRS5	2016	0.000	0.0000	0	0.000		77	RINGWIDTH	1	NotAFile	7/14/2017 14:05:18	                   		6260 943 8 Grey	Intr 0.021158 0.021141 N	EPSON EPSON Flatbed Scanner EPSON Expression 10000XL 1.8 V3.45 3.45	0.0 [0]	701.0000 316.0000 6185.0000 220.0000  1.0000	Tg A Int Y	50 %	N W Man	19 1.0000 Lin 1.00	0.0120 0.0148 0.0203 0.0240 0.0289 0.0365 0.0481 0.0575 0.0685 0.0869 0.1104 0.1358 0.1795 0.2183 0.2831 0.3664 0.4581 0.5495 0.7145 	16 19 23 27 29 34 40 44 50 59 68 77 92 105 122 144 164 186 219 	0.0120 0.0148 0.0203 0.0240 0.0289 0.0365 0.0481 0.0575 0.0685 0.0869 0.1104 0.1358 0.1795 0.2183 0.2831 0.3664 0.4581 0.5495 0.7145 	0.0000	0.0000	0.0000	0.0000	0.0000	0.0000	116.0465	2.691	3.279	3.260	2.979	2.183	2.418	2.546	2.931	2.167	2.312	1.805	1.792	1.548	1.270	1.528	2.185	2.296	1.886	1.437	1.667	1.428	1.457	1.620	1.551	1.735	1.806	1.450	1.667	1.375	1.375	1.458	1.271	0.998	1.310	0.810	1.286	1.354	1.574	1.532	1.234	1.441	1.083	0.917	1.042	1.521	1.458	1.436	1.246	1.326	1.242	1.219	1.112	0.629	0.860	0.886	0.886	0.865	1.252	1.148	1.440	1.176	1.117	1.326	0.970	0.764	0.681	0.991	0.788	0.797	0.881	0.962	0.920	0.944	0.884	0.884	0.737	0.949																																																																															
622B_ABLA		MRS5	2016	0.000	0.0000	0	0.000		89	RINGWIDTH	1	NotAFile	7/14/2017 14:05:18	                   		6260 943 8 Grey	Intr 0.021158 0.021141 N	EPSON EPSON Flatbed Scanner EPSON Expression 10000XL 1.8 V3.45 3.45	0.0 [0]	56.0000 664.0000 6121.0000 756.0000  1.0000	Tg A Int Y	50 %	N W Man	19 1.0000 Lin 1.00	0.0120 0.0148 0.0203 0.0240 0.0289 0.0365 0.0481 0.0575 0.0685 0.0869 0.1104 0.1358 0.1795 0.2183 0.2831 0.3664 0.4581 0.5495 0.7145 	16 19 23 27 29 34 40 44 50 59 68 77 92 105 122 144 164 186 219 	0.0120 0.0148 0.0203 0.0240 0.0289 0.0365 0.0481 0.0575 0.0685 0.0869 0.1104 0.1358 0.1795 0.2183 0.2831 0.3664 0.4581 0.5495 0.7145 	0.0000	0.0000	0.0000	0.0000	0.0000	0.0000	128.3361	0.695	2.958	3.065	3.041	2.580	2.615	2.594	3.058	3.024	2.810	2.873	2.682	2.914	2.664	2.650	2.603	2.313	2.523	2.704	2.809	2.323	2.321	1.881	1.247	0.951	0.992	1.372	1.605	1.689	1.240	1.303	1.430	1.027	0.940	1.144	1.159	1.404	1.681	1.505	1.518	1.285	1.186	1.372	1.024	0.803	1.198	1.056	1.366	1.284	1.357	1.383	1.205	1.351	1.030	1.075	1.013	0.972	1.078	1.037	0.930	0.909	0.931	0.931	0.931	0.635	0.677	0.740	0.952	0.719	0.843	0.697	0.908	0.760	0.780	0.694	0.717	0.588	0.397	0.671	0.587	0.608	0.692	0.736	0.756	0.944	0.735	0.629	0.690	0.672																																																																																											
542A_ABLA		MRS5	2016	0.000	0.0000	0	0.000		80	RINGWIDTH	1	NotAFile	7/13/2017 14:42:50	                   		4831 1000 8 Grey	Intr 0.021158 0.021141 N	EPSON EPSON Flatbed Scanner EPSON Expression 10000XL 1.8 V3.45 3.45	0.0 [0]	1656.0000 306.0000 4550.0000 244.0000  1.0000	Tg A Int Y	50 %	N W Man	19 1.0000 Lin 1.00	0.0120 0.0148 0.0203 0.0240 0.0289 0.0365 0.0481 0.0575 0.0685 0.0869 0.1104 0.1358 0.1795 0.2183 0.2831 0.3664 0.4581 0.5495 0.7145 	16 19 23 27 29 34 40 44 50 59 68 77 92 105 122 144 164 186 219 	0.0120 0.0148 0.0203 0.0240 0.0289 0.0365 0.0481 0.0575 0.0685 0.0869 0.1104 0.1358 0.1795 0.2183 0.2831 0.3664 0.4581 0.5495 0.7145 	0.0000	0.0000	0.0000	0.0000	0.0000	0.0000	61.2444	0.760	0.366	1.837	1.356	0.982	1.409	1.223	1.676	1.500	1.128	0.876	0.968	0.718	0.593	0.736	0.470	0.687	1.065	1.053	0.676	0.800	0.928	0.717	0.696	0.654	0.612	0.613	0.819	0.636	0.609	0.651	0.483	0.653	0.675	0.528	0.570	0.506	0.549	0.613	0.655	0.761	0.655	0.592	0.592	0.635	0.698	0.698	0.592	0.496	0.604	0.465	0.529	0.529	0.592	0.549	0.465	0.655	0.882	0.777	0.675	0.802	0.942	0.960	0.835	0.457	0.457	0.580	0.457	0.686	0.457	0.524	0.588	0.694	0.736	0.864	0.758	0.679	0.671	0.632	0.225																																																																																		
542B_ABLA		MRS5	2016	0.000	0.0000	0	0.000		73	RINGWIDTH	1	NotAFile	7/13/2017 14:42:50	                   		4831 1000 8 Grey	Intr 0.021158 0.021141 N	EPSON EPSON Flatbed Scanner EPSON Expression 10000XL 1.8 V3.45 3.45	0.0 [0]	2014.0000 848.0000 4646.0000 698.0000  1.0000	Tg A Int Y	50 %	N W Man	19 1.0000 Lin 1.00	0.0120 0.0148 0.0203 0.0240 0.0289 0.0365 0.0481 0.0575 0.0685 0.0869 0.1104 0.1358 0.1795 0.2183 0.2831 0.3664 0.4581 0.5495 0.7145 	16 19 23 27 29 34 40 44 50 59 68 77 92 105 122 144 164 186 219 	0.0120 0.0148 0.0203 0.0240 0.0289 0.0365 0.0481 0.0575 0.0685 0.0869 0.1104 0.1358 0.1795 0.2183 0.2831 0.3664 0.4581 0.5495 0.7145 	0.0000	0.0000	0.0000	0.0000	0.0000	0.0000	55.9346	0.091	1.659	1.529	0.981	0.802	0.874	0.661	0.556	0.400	0.580	0.865	0.803	0.571	0.544	0.795	0.650	0.831	0.845	0.716	0.736	0.828	0.684	0.527	0.544	0.444	0.544	0.488	0.544	0.526	0.547	0.630	0.650	0.715	0.755	0.555	0.494	0.514	0.672	0.709	0.627	0.596	0.596	0.636	0.582	0.642	0.647	0.606	0.505	0.485	0.546	0.565	0.524	0.555	0.582	0.893	0.873	0.790	0.596	0.598	0.579	0.478	0.626	0.523	0.503	0.670	0.691	0.691	1.011	0.674	0.824	0.825	0.762	0.285																																																																											
350A_ABLA		MRS5	2016	0.000	0.0000	0	0.000		74	RINGWIDTH	1	NotAFile	7/19/2017 10:20:55	                   		5946 1915 8 Grey	Intr 0.021158 0.021141 N	EPSON EPSON Flatbed Scanner EPSON Expression 10000XL 1.8 V3.45 3.45	0.0 [0]	5430.0000 850.0000 286.0000 910.0000  1.0000	Tg A Int Y	50 %	N W Man	19 1.0000 Lin 1.00	0.0120 0.0148 0.0203 0.0240 0.0289 0.0365 0.0481 0.0575 0.0685 0.0869 0.1104 0.1358 0.1795 0.2183 0.2831 0.3664 0.4581 0.5495 0.7145 	16 19 23 27 29 34 40 44 50 59 68 77 92 105 122 144 164 186 219 	0.0120 0.0148 0.0203 0.0240 0.0289 0.0365 0.0481 0.0575 0.0685 0.0869 0.1104 0.1358 0.1795 0.2183 0.2831 0.3664 0.4581 0.5495 0.7145 	0.0000	0.0000	0.0000	0.0000	0.0000	0.0000	108.8425	0.556	1.997	2.499	2.386	2.741	2.228	2.041	2.373	2.217	1.627	1.900	2.125	2.664	2.529	1.594	1.830	2.101	1.909	1.813	1.711	1.352	1.776	1.564	1.328	1.762	1.552	1.388	1.605	1.288	1.138	1.244	1.054	1.181	1.202	1.608	1.608	1.333	1.396	0.930	1.035	1.163	1.035	1.098	1.140	1.225	1.288	1.269	1.120	1.119	1.057	1.099	1.269	1.248	1.143	1.354	1.395	1.818	1.480	1.626	1.073	1.011	0.696	0.612	0.909	0.719	0.656	0.635	0.677	0.719	0.994	1.100	1.016	1.121	1.418																																																																												
350B_ABLA		MRS5	2016	0.000	0.0000	0	0.000		49	RINGWIDTH	1	NotAFile	7/19/2017 10:20:55	                   		5946 1915 8 Grey	Intr 0.021158 0.021141 N	EPSON EPSON Flatbed Scanner EPSON Expression 10000XL 1.8 V3.45 3.45	0.0 [0]	4623.0000 1327.0000 802.0000 1392.0000  1.0000	Tg A Int Y	50 %	N W Man	19 1.0000 Lin 1.00	0.0120 0.0148 0.0203 0.0240 0.0289 0.0365 0.0481 0.0575 0.0685 0.0869 0.1104 0.1358 0.1795 0.2183 0.2831 0.3664 0.4581 0.5495 0.7145 	16 19 23 27 29 34 40 44 50 59 68 77 92 105 122 144 164 186 219 	0.0120 0.0148 0.0203 0.0240 0.0289 0.0365 0.0481 0.0575 0.0685 0.0869 0.1104 0.1358 0.1795 0.2183 0.2831 0.3664 0.4581 0.5495 0.7145 	0.0000	0.0000	0.0000	0.0000	0.0000	0.0000	80.8552	1.856	2.055	1.791	1.452	1.774	1.419	1.721	1.813	2.437	2.406	1.947	2.134	1.281	1.501	1.527	1.500	1.461	1.658	1.711	1.779	1.933	1.858	1.666	1.652	1.616	1.932	1.768	1.987	2.218	2.443	2.002	1.684	1.702	1.507	1.232	1.231	1.032	2.821	1.036	0.883	0.673	0.740	0.637	0.799	0.852	0.653	0.614	0.784	0.456																																																			
434A_ABLA		MRS5	2015	0.000	0.0000	0	0.000		98	RINGWIDTH	1	NotAFile	7/21/2017 10:38:37	                   		3430 1115 8 Grey	Intr 0.021158 0.021141 N	EPSON EPSON Flatbed Scanner EPSON Expression 10000XL 1.8 V3.45 3.45	0.0 [0]	125.0000 214.0000 3355.0000 409.0000  1.0000	Tg A Int Y	50 %	N W Man	19 1.0000 Lin 1.00	0.0120 0.0148 0.0203 0.0240 0.0289 0.0365 0.0481 0.0575 0.0685 0.0869 0.1104 0.1358 0.1795 0.2183 0.2831 0.3664 0.4581 0.5495 0.7145 	16 19 23 27 29 34 40 44 50 59 68 77 92 105 122 144 164 186 219 	0.0120 0.0148 0.0203 0.0240 0.0289 0.0365 0.0481 0.0575 0.0685 0.0869 0.1104 0.1358 0.1795 0.2183 0.2831 0.3664 0.4581 0.5495 0.7145 	0.0000	0.0000	0.0000	0.0000	0.0000	0.0000	68.4787	0.587	1.065	0.590	0.565	0.630	1.018	1.025	0.683	0.827	0.846	0.703	0.620	0.977	0.888	0.908	0.957	0.801	0.483	0.653	0.766	0.898	0.828	0.733	0.672	0.745	0.794	0.668	0.778	0.758	0.755	0.914	0.685	0.501	0.683	0.599	0.716	0.939	0.754	0.774	0.854	0.836	0.692	0.954	0.749	0.814	0.694	0.888	0.685	0.663	0.652	0.746	0.703	0.618	0.644	0.689	0.671	0.648	0.668	0.771	0.566	0.722	0.607	0.594	0.695	0.736	0.671	0.721	0.677	0.719	0.698	0.656	0.635	0.614	0.546	0.534	0.633	0.634	0.529	0.740	0.931	0.665	0.423	0.413	0.350	0.305	0.315	0.506	0.358	0.316	0.381	0.310	0.324	0.359	0.423	0.497	0.407	0.459	0.360																																																																																																				
434B_ABLA		MRS5	2016	0.000	0.0000	0	0.000		80	RINGWIDTH	1	NotAFile	7/21/2017 10:38:37	                   		3430 1115 8 Grey	Intr 0.021158 0.021141 N	EPSON EPSON Flatbed Scanner EPSON Expression 10000XL 1.8 V3.45 3.45	0.0 [0]	462.0000 688.0000 2874.0000 905.0000  1.0000	Tg A Int Y	50 %	N W Man	19 1.0000 Lin 1.00	0.0120 0.0148 0.0203 0.0240 0.0289 0.0365 0.0481 0.0575 0.0685 0.0869 0.1104 0.1358 0.1795 0.2183 0.2831 0.3664 0.4581 0.5495 0.7145 	16 19 23 27 29 34 40 44 50 59 68 77 92 105 122 144 164 186 219 	0.0120 0.0148 0.0203 0.0240 0.0289 0.0365 0.0481 0.0575 0.0685 0.0869 0.1104 0.1358 0.1795 0.2183 0.2831 0.3664 0.4581 0.5495 0.7145 	0.0000	0.0000	0.0000	0.0000	0.0000	0.0000	51.2381	0.125	1.073	0.876	0.681	0.774	0.846	1.129	0.737	0.738	0.655	0.485	0.632	0.410	0.410	0.517	0.593	0.639	0.681	0.595	0.636	0.660	0.681	0.591	0.834	0.745	0.912	0.601	0.746	0.669	0.648	0.649	0.944	0.735	0.671	0.738	0.758	0.738	1.143	0.888	0.931	0.762	0.706	0.573	0.772	0.736	0.786	0.761	0.846	0.782	0.830	0.742	0.694	0.606	0.449	0.465	0.507	0.549	0.592	0.613	0.613	0.718	0.525	0.440	0.333	0.334	0.240	0.284	0.420	0.294	0.340	0.353	0.336	0.315	0.424	0.400	0.402	0.275	0.338	0.178	0.140																																																																																		
577A_ABLA		MRS5	2016	0.000	0.0000	0	0.000		77	RINGWIDTH	1	NotAFile	7/21/2017 10:50:18	                   		4917 1000 8 Grey	Intr 0.021158 0.021141 N	EPSON EPSON Flatbed Scanner EPSON Expression 10000XL 1.8 V3.45 3.45	0.0 [0]	299.0000 162.0000 4584.0000 285.0000  1.0000	Tg A Int Y	50 %	N W Man	19 1.0000 Lin 1.00	0.0120 0.0148 0.0203 0.0240 0.0289 0.0365 0.0481 0.0575 0.0685 0.0869 0.1104 0.1358 0.1795 0.2183 0.2831 0.3664 0.4581 0.5495 0.7145 	16 19 23 27 29 34 40 44 50 59 68 77 92 105 122 144 164 186 219 	0.0120 0.0148 0.0203 0.0240 0.0289 0.0365 0.0481 0.0575 0.0685 0.0869 0.1104 0.1358 0.1795 0.2183 0.2831 0.3664 0.4581 0.5495 0.7145 	0.0000	0.0000	0.0000	0.0000	0.0000	0.0000	90.6979	0.432	2.494	2.183	1.942	2.106	1.753	1.883	1.795	1.632	1.565	1.627	1.466	1.641	1.946	1.706	1.887	1.873	1.559	1.648	1.619	1.427	1.746	1.807	1.880	1.627	1.363	1.953	1.506	1.371	1.400	1.153	1.009	1.283	0.894	1.038	1.029	1.069	1.039	0.848	0.793	0.780	0.812	0.892	1.248	1.152	1.041	0.924	0.943	0.929	0.800	0.793	0.766	0.665	0.753	0.740	0.728	0.703	0.843	0.838	0.798	0.692	0.436	0.488	0.367	0.372	0.427	0.366	0.302	0.435	0.511	0.451	0.513	0.371	0.495	0.579	0.310	0.243																																																																															
577B_ABLA		MRS5	2016	0.000	0.0000	0	0.000		74	RINGWIDTH	1	NotAFile	7/21/2017 10:50:18	                   		4917 1000 8 Grey	Intr 0.021158 0.021141 N	EPSON EPSON Flatbed Scanner EPSON Expression 10000XL 1.8 V3.45 3.45	0.0 [0]	394.0000 596.0000 4594.0000 776.0000  1.0000	Tg A Int Y	50 %	N W Man	19 1.0000 Lin 1.00	0.0120 0.0148 0.0203 0.0240 0.0289 0.0365 0.0481 0.0575 0.0685 0.0869 0.1104 0.1358 0.1795 0.2183 0.2831 0.3664 0.4581 0.5495 0.7145 	16 19 23 27 29 34 40 44 50 59 68 77 92 105 122 144 164 186 219 	0.0120 0.0148 0.0203 0.0240 0.0289 0.0365 0.0481 0.0575 0.0685 0.0869 0.1104 0.1358 0.1795 0.2183 0.2831 0.3664 0.4581 0.5495 0.7145 	0.0000	0.0000	0.0000	0.0000	0.0000	0.0000	88.9437	0.416	2.540	1.817	1.833	1.439	1.536	1.498	1.458	1.077	1.254	1.513	1.226	1.452	1.431	0.785	1.196	1.129	1.138	1.393	1.402	1.359	1.447	1.394	1.697	1.288	1.300	1.384	0.957	0.985	1.275	0.989	1.071	1.238	1.307	1.357	0.713	1.079	0.899	1.038	1.089	1.048	0.867	0.914	0.858	0.784	0.742	0.681	0.681	0.784	0.660	0.782	0.822	0.950	1.181	1.121	1.182	1.123	1.084	1.007	1.007	0.903	0.673	0.908	0.782	0.677	0.698	0.706	0.732	0.910	0.825	0.783	0.635	0.614	0.457																																																																												
382A_ABLA		MRS5	2016	0.000	0.0000	0	0.000		40	RINGWIDTH	1	NotAFile	7/21/2017 11:11:23	                   		3144 972 8 Grey	Intr 0.021158 0.021141 N	EPSON EPSON Flatbed Scanner EPSON Expression 10000XL 1.8 V3.45 3.45	0.0 [0]	1021.0000 281.0000 2474.0000 218.0000  1.0000	Tg A Int Y	50 %	N W Man	19 1.0000 Lin 1.00	0.0120 0.0148 0.0203 0.0240 0.0289 0.0365 0.0481 0.0575 0.0685 0.0869 0.1104 0.1358 0.1795 0.2183 0.2831 0.3664 0.4581 0.5495 0.7145 	16 19 23 27 29 34 40 44 50 59 68 77 92 105 122 144 164 186 219 	0.0120 0.0148 0.0203 0.0240 0.0289 0.0365 0.0481 0.0575 0.0685 0.0869 0.1104 0.1358 0.1795 0.2183 0.2831 0.3664 0.4581 0.5495 0.7145 	0.0000	0.0000	0.0000	0.0000	0.0000	0.0000	30.7709	0.992	0.673	0.703	0.667	0.506	0.500	0.780	0.753	0.816	0.682	0.805	0.851	0.750	0.732	0.800	0.844	1.055	0.928	0.677	0.698	0.739	0.884	0.947	1.004	0.787	0.887	0.676	0.550	0.815	0.496	0.338	0.592	0.825	0.802	0.803	0.825	0.952	0.740	0.845	0.359																																										
382B_ABLA		MRS5	2016	0.000	0.0000	0	0.000		53	RINGWIDTH	1	NotAFile	7/21/2017 11:11:23	                   		3144 972 8 Grey	Intr 0.021158 0.021141 N	EPSON EPSON Flatbed Scanner EPSON Expression 10000XL 1.8 V3.45 3.45	0.0 [0]	210.0000 764.0000 3029.0000 710.0000  1.0000	Tg A Int Y	50 %	N W Man	19 1.0000 Lin 1.00	0.0120 0.0148 0.0203 0.0240 0.0289 0.0365 0.0481 0.0575 0.0685 0.0869 0.1104 0.1358 0.1795 0.2183 0.2831 0.3664 0.4581 0.5495 0.7145 	16 19 23 27 29 34 40 44 50 59 68 77 92 105 122 144 164 186 219 	0.0120 0.0148 0.0203 0.0240 0.0289 0.0365 0.0481 0.0575 0.0685 0.0869 0.1104 0.1358 0.1795 0.2183 0.2831 0.3664 0.4581 0.5495 0.7145 	0.0000	0.0000	0.0000	0.0000	0.0000	0.0000	59.6544	0.676	1.085	1.302	0.976	0.973	0.910	0.925	0.669	0.950	1.032	1.382	1.309	1.076	1.117	1.220	1.231	1.089	1.027	1.152	1.068	1.023	1.143	1.076	1.154	1.222	1.105	1.045	1.099	1.241	1.399	1.096	0.894	1.023	1.046	1.278	1.177	1.429	1.177	1.408	0.992	0.762	1.100	0.719	0.655	1.013	1.223	1.140	1.292	1.107	1.360	1.234	1.422	0.458																																																							
590A_ABLA		MRS5	2016	0.000	0.0000	0	0.000		84	RINGWIDTH	1	NotAFile	7/20/2017 10:01:49	                   		2229 886 8 Grey	Intr 0.021158 0.021141 N	EPSON EPSON Flatbed Scanner EPSON Expression 10000XL 1.8 V3.45 3.45	0.0 [0]	302.0000 375.0000 1707.0000 276.0000  1.0000	Tg A Int Y	50 %	N W Man	19 1.0000 Lin 1.00	0.0120 0.0148 0.0203 0.0240 0.0289 0.0365 0.0481 0.0575 0.0685 0.0869 0.1104 0.1358 0.1795 0.2183 0.2831 0.3664 0.4581 0.5495 0.7145 	16 19 23 27 29 34 40 44 50 59 68 77 92 105 122 144 164 186 219 	0.0120 0.0148 0.0203 0.0240 0.0289 0.0365 0.0481 0.0575 0.0685 0.0869 0.1104 0.1358 0.1795 0.2183 0.2831 0.3664 0.4581 0.5495 0.7145 	0.0000	0.0000	0.0000	0.0000	0.0000	0.0000	29.8034	0.387	2.117	0.730	0.989	0.794	0.692	0.473	0.340	0.383	0.421	0.280	0.238	0.199	0.318	0.240	0.222	0.184	0.123	0.106	0.082	0.117	0.330	0.207	0.110	0.096	0.124	0.124	0.165	0.165	0.165	0.187	0.230	0.125	0.209	0.293	0.272	0.315	0.358	0.289	0.278	0.316	0.315	0.335	0.356	0.292	0.187	0.228	0.291	0.312	0.271	0.333	0.395	0.396	0.229	0.292	0.250	0.353	0.292	0.372	0.352	0.374	0.375	0.313	0.250	0.335	0.523	0.483	0.400	0.419	0.498	0.435	0.310	0.435	0.291	0.332	0.313	0.355	0.333	0.312	0.270	0.229	0.249	0.230	0.117																																																																																						
590B_ABLA		MRS5	2016	0.000	0.0000	0	0.000		80	RINGWIDTH	1	NotAFile	7/20/2017 10:01:49	                   		2229 886 8 Grey	Intr 0.021158 0.021141 N	EPSON EPSON Flatbed Scanner EPSON Expression 10000XL 1.8 V3.45 3.45	0.0 [0]	762.0000 721.0000 1877.0000 731.0000  1.0000	Tg A Int Y	50 %	N W Man	19 1.0000 Lin 1.00	0.0120 0.0148 0.0203 0.0240 0.0289 0.0365 0.0481 0.0575 0.0685 0.0869 0.1104 0.1358 0.1795 0.2183 0.2831 0.3664 0.4581 0.5495 0.7145 	16 19 23 27 29 34 40 44 50 59 68 77 92 105 122 144 164 186 219 	0.0120 0.0148 0.0203 0.0240 0.0289 0.0365 0.0481 0.0575 0.0685 0.0869 0.1104 0.1358 0.1795 0.2183 0.2831 0.3664 0.4581 0.5495 0.7145 	0.0000	0.0000	0.0000	0.0000	0.0000	0.0000	23.6120	0.381	0.402	0.275	0.296	0.275	0.317	0.356	0.271	0.482	0.606	0.439	0.461	0.336	0.924	0.524	0.334	0.270	0.374	0.292	0.229	0.208	0.292	0.230	0.271	0.188	0.167	0.153	0.243	0.230	0.398	0.379	0.274	0.295	0.274	0.210	0.252	0.273	0.272	0.373	0.641	0.380	0.169	0.253	0.274	0.253	0.337	0.359	0.295	0.295	0.169	0.233	0.190	0.233	0.233	0.254	0.233	0.275	0.212	0.169	0.169	0.148	0.190	0.190	0.212	0.233	0.296	0.254	0.169	0.296	0.190	0.233	0.212	0.226	0.275	0.219	0.176	0.155	0.162	0.155	0.127																																																																																		
786A_ABLA		MRS5	2016	0.000	0.0000	0	0.000		87	RINGWIDTH	1	NotAFile	7/28/2017 11:09:36	                   		4116 1029 8 Grey	Intr 0.021158 0.021141 N	EPSON EPSON Flatbed Scanner EPSON Expression 10000XL 1.8 V3.45 3.45	0.0 [0]	620.0000 366.0000 3676.0000 320.0000  1.0000	Tg A Int Y	50 %	N W Man	19 1.0000 Lin 1.00	0.0120 0.0148 0.0203 0.0240 0.0289 0.0365 0.0481 0.0575 0.0685 0.0869 0.1104 0.1358 0.1795 0.2183 0.2831 0.3664 0.4581 0.5495 0.7145 	16 19 23 27 29 34 40 44 50 59 68 77 92 105 122 144 164 186 219 	0.0120 0.0148 0.0203 0.0240 0.0289 0.0365 0.0481 0.0575 0.0685 0.0869 0.1104 0.1358 0.1795 0.2183 0.2831 0.3664 0.4581 0.5495 0.7145 	0.0000	0.0000	0.0000	0.0000	0.0000	0.0000	64.8379	0.914	1.941	1.781	1.808	1.600	1.258	1.630	1.332	2.110	2.124	1.584	1.502	1.439	1.333	1.396	1.650	1.522	1.271	1.561	1.121	1.248	1.396	1.333	1.502	1.522	1.713	1.396	1.396	1.523	1.418	1.439	0.804	0.931	1.291	0.846	0.910	0.698	0.698	0.338	0.233	0.233	0.275	0.237	0.186	0.211	0.275	0.254	0.339	0.360	0.275	0.290	0.260	0.212	0.169	0.254	0.254	0.254	0.211	0.236	0.208	0.205	0.260	0.317	0.167	0.085	0.140	0.148	0.085	0.120	0.120	0.112	0.120	0.141	0.127	0.106	0.091	0.113	0.092	0.127	0.119	0.106	0.085	0.069	0.090	0.080	0.095	0.106																																																																																									
786B_ABLA		MRS5	2016	0.000	0.0000	0	0.000		71	RINGWIDTH	1	NotAFile	7/28/2017 11:09:36	                   		4116 1029 8 Grey	Intr 0.021158 0.021141 N	EPSON EPSON Flatbed Scanner EPSON Expression 10000XL 1.8 V3.45 3.45	0.0 [0]	2410.0000 818.0000 3662.0000 818.0000  1.0000	Tg A Int Y	50 %	N W Man	19 1.0000 Lin 1.00	0.0120 0.0148 0.0203 0.0240 0.0289 0.0365 0.0481 0.0575 0.0685 0.0869 0.1104 0.1358 0.1795 0.2183 0.2831 0.3664 0.4581 0.5495 0.7145 	16 19 23 27 29 34 40 44 50 59 68 77 92 105 122 144 164 186 219 	0.0120 0.0148 0.0203 0.0240 0.0289 0.0365 0.0481 0.0575 0.0685 0.0869 0.1104 0.1358 0.1795 0.2183 0.2831 0.3664 0.4581 0.5495 0.7145 	0.0000	0.0000	0.0000	0.0000	0.0000	0.0000	26.4894	0.876	1.187	1.018	1.101	1.330	0.894	0.752	0.921	0.775	0.733	0.921	1.032	0.800	0.840	0.924	0.819	0.590	0.590	0.316	0.524	0.343	0.484	0.370	0.366	0.276	0.205	0.137	0.110	0.150	0.102	0.130	0.178	0.179	0.158	0.137	0.103	0.124	0.094	0.122	0.083	0.070	0.083	0.111	0.090	0.104	0.090	0.167	0.168	0.111	0.160	0.098	0.147	0.105	0.154	0.147	0.140	0.169	0.183	0.098	0.077	0.169	0.256	0.306	0.190	0.148	0.154	0.140	0.190	0.119	0.112	0.105																																																																									
439A_ABLA		MRS5	2016	0.000	0.0000	0	0.000		85	RINGWIDTH	1	NotAFile	7/28/2017 11:19:09	                   		3316 1000 8 Grey	Intr 0.021158 0.021141 N	EPSON EPSON Flatbed Scanner EPSON Expression 10000XL 1.8 V3.45 3.45	0.0 [0]	1368.0000 302.0000 2956.0000 266.0000  1.0000	Tg A Int Y	50 %	N W Man	19 1.0000 Lin 1.00	0.0120 0.0148 0.0203 0.0240 0.0289 0.0365 0.0481 0.0575 0.0685 0.0869 0.1104 0.1358 0.1795 0.2183 0.2831 0.3664 0.4581 0.5495 0.7145 	16 19 23 27 29 34 40 44 50 59 68 77 92 105 122 144 164 186 219 	0.0120 0.0148 0.0203 0.0240 0.0289 0.0365 0.0481 0.0575 0.0685 0.0869 0.1104 0.1358 0.1795 0.2183 0.2831 0.3664 0.4581 0.5495 0.7145 	0.0000	0.0000	0.0000	0.0000	0.0000	0.0000	33.6070	0.617	0.583	1.273	0.688	0.456	0.742	0.578	0.413	0.391	0.410	0.429	0.485	0.607	0.454	0.443	0.443	0.421	0.484	0.337	0.296	0.378	0.422	0.422	0.485	0.443	0.421	0.504	0.315	0.358	0.400	0.358	0.380	0.401	0.295	0.232	0.337	0.337	0.464	0.359	0.317	0.359	0.359	0.359	0.253	0.317	0.380	0.254	0.254	0.254	0.338	0.359	0.381	0.338	0.444	0.359	0.359	0.338	0.338	0.317	0.339	0.275	0.360	0.423	0.381	0.317	0.317	0.487	0.381	0.402	0.360	0.296	0.211	0.169	0.275	0.211	0.254	0.211	0.254	0.275	0.359	0.401	0.317	0.254	0.275	0.136																																																																																							
825A_ABLA		MRS5	2016	0.000	0.0000	0	0.000		159	RINGWIDTH	1	NotAFile	7/19/2017 10:48:00	                   		5917 1744 8 Grey	Intr 0.021158 0.021141 N	EPSON EPSON Flatbed Scanner EPSON Expression 10000XL 1.8 V3.45 3.45	0.0 [0]	4984.0000 326.0000 468.0000 184.0000  1.0000	Tg A Int Y	50 %	N W Man	19 1.0000 Lin 1.00	0.0120 0.0148 0.0203 0.0240 0.0289 0.0365 0.0481 0.0575 0.0685 0.0869 0.1104 0.1358 0.1795 0.2183 0.2831 0.3664 0.4581 0.5495 0.7145 	16 19 23 27 29 34 40 44 50 59 68 77 92 105 122 144 164 186 219 	0.0120 0.0148 0.0203 0.0240 0.0289 0.0365 0.0481 0.0575 0.0685 0.0869 0.1104 0.1358 0.1795 0.2183 0.2831 0.3664 0.4581 0.5495 0.7145 	0.0000	0.0000	0.0000	0.0000	0.0000	0.0000	95.5952	1.216	0.928	1.489	1.350	2.229	1.427	1.337	1.733	1.017	0.878	0.669	0.690	1.025	0.875	0.335	0.313	0.354	0.433	0.372	0.435	0.374	0.497	0.681	0.577	0.739	0.524	0.483	0.606	0.628	0.632	0.598	0.646	0.768	0.818	0.779	0.738	0.634	0.821	0.842	1.054	0.970	0.865	0.675	0.568	0.676	0.676	0.718	0.591	0.588	0.529	0.613	0.675	0.547	0.626	0.727	0.641	0.828	0.620	0.496	0.471	0.554	0.391	0.494	0.451	0.453	0.494	0.577	0.515	0.556	0.515	0.556	0.596	0.623	0.645	0.650	0.629	0.566	0.608	0.522	0.503	0.607	0.522	0.670	0.524	0.482	0.461	0.461	0.397	0.483	0.464	0.464	0.399	0.462	0.482	0.483	0.420	0.399	0.483	0.566	0.504	0.547	0.778	0.527	0.548	0.569	0.612	0.633	0.400	0.316	0.338	0.242	0.244	0.317	0.359	0.379	0.548	0.442	0.442	0.527	0.527	0.570	0.443	0.464	0.464	0.422	0.441	0.420	0.419	0.569	0.507	0.464	0.528	0.527	0.570	0.486	0.504	0.588	0.630	0.504	0.506	0.569	0.612	0.570	0.507	0.401	0.379	0.380	0.243	0.388	0.254	0.249	0.356	0.335	0.335	0.399	0.378	0.418	0.439	0.377																																																																																																																																																																	
825B_ABLA		MRS5	2016	0.000	0.0000	0	0.000		166	RINGWIDTH	1	NotAFile	7/19/2017 10:48:00	                   		5917 1744 8 Grey	Intr 0.021158 0.021141 N	EPSON EPSON Flatbed Scanner EPSON Expression 10000XL 1.8 V3.45 3.45	0.0 [0]	5275.0000 946.0000 268.0000 752.5000  1.0000	Tg A Int Y	50 %	N W Man	19 1.0000 Lin 1.00	0.0120 0.0148 0.0203 0.0240 0.0289 0.0365 0.0481 0.0575 0.0685 0.0869 0.1104 0.1358 0.1795 0.2183 0.2831 0.3664 0.4581 0.5495 0.7145 	16 19 23 27 29 34 40 44 50 59 68 77 92 105 122 144 164 186 219 	0.0120 0.0148 0.0203 0.0240 0.0289 0.0365 0.0481 0.0575 0.0685 0.0869 0.1104 0.1358 0.1795 0.2183 0.2831 0.3664 0.4581 0.5495 0.7145 	0.0000	0.0000	0.0000	0.0000	0.0000	0.0000	106.0155	0.957	0.867	1.284	1.207	0.895	0.838	1.108	0.770	1.089	0.376	0.459	0.986	1.038	0.683	0.784	0.755	0.994	1.232	1.211	0.414	0.283	0.311	0.547	0.406	0.411	0.361	0.461	0.522	0.509	0.696	0.692	0.468	0.510	0.776	0.752	0.853	0.807	0.828	0.953	0.927	0.844	0.994	1.149	0.853	0.647	0.522	0.675	0.512	0.662	0.787	0.704	0.849	0.870	0.662	0.559	0.559	0.740	0.767	0.836	0.857	0.815	0.957	0.707	0.686	0.624	0.684	0.562	0.766	0.794	0.631	0.673	0.674	0.653	0.822	0.652	0.671	0.690	0.612	0.706	0.650	0.524	0.526	0.632	0.548	0.592	0.529	0.487	0.656	0.632	0.505	0.482	0.503	0.525	0.484	0.481	0.461	0.419	0.482	0.461	0.444	0.482	0.443	0.507	0.549	0.443	0.443	0.527	0.465	0.526	0.568	0.631	0.801	0.485	0.400	0.379	0.252	0.202	0.303	0.273	0.337	0.485	0.380	0.612	0.025	0.002	0.633	0.028	0.025	0.514	0.514	0.550	0.571	0.571	0.635	0.592	0.635	0.614	0.611	0.715	0.758	0.674	0.674	0.612	0.655	0.740	0.740	0.739	0.803	0.803	0.677	0.590	0.569	0.548	0.548	0.357	0.482	0.336	0.337	0.460	0.376	0.458	0.458	0.479	0.458	0.333	0.375																																																																																																																																																																								
346A_ABLA		MRS5	2016	0.000	0.0000	0	0.000		48	RINGWIDTH	1	NotAFile	7/27/2017 14:49:08	                   		4402 972 8 Grey	Intr 0.021158 0.021141 N	EPSON EPSON Flatbed Scanner EPSON Expression 10000XL 1.8 V3.45 3.45	0.0 [0]	1646.0000 228.0000 3860.0000 280.0000  1.0000	Tg A Int Y	50 %	N W Man	19 1.0000 Lin 1.00	0.0120 0.0148 0.0203 0.0240 0.0289 0.0365 0.0481 0.0575 0.0685 0.0869 0.1104 0.1358 0.1795 0.2183 0.2831 0.3664 0.4581 0.5495 0.7145 	16 19 23 27 29 34 40 44 50 59 68 77 92 105 122 144 164 186 219 	0.0120 0.0148 0.0203 0.0240 0.0289 0.0365 0.0481 0.0575 0.0685 0.0869 0.1104 0.1358 0.1795 0.2183 0.2831 0.3664 0.4581 0.5495 0.7145 	0.0000	0.0000	0.0000	0.0000	0.0000	0.0000	46.8560	0.768	1.017	0.698	0.881	0.758	1.015	0.936	0.778	1.109	1.248	1.096	0.875	0.976	1.047	0.879	1.021	1.001	1.155	1.176	1.310	0.685	0.822	0.635	0.866	1.198	1.057	0.950	0.935	1.049	1.205	1.183	1.337	1.166	1.037	0.930	0.591	0.972	0.590	0.487	0.994	0.884	0.990	0.982	1.040	1.088	0.944	1.005	0.502																																																		
346B_ABLA		MRS5	2016	0.000	0.0000	0	0.000		54	RINGWIDTH	1	NotAFile	7/27/2017 14:49:08	                   		4402 972 8 Grey	Intr 0.021158 0.021141 N	EPSON EPSON Flatbed Scanner EPSON Expression 10000XL 1.8 V3.45 3.45	0.0 [0]	284.0000 672.0000 3798.0000 774.0000  1.0000	Tg A Int Y	50 %	N W Man	19 1.0000 Lin 1.00	0.0120 0.0148 0.0203 0.0240 0.0289 0.0365 0.0481 0.0575 0.0685 0.0869 0.1104 0.1358 0.1795 0.2183 0.2831 0.3664 0.4581 0.5495 0.7145 	16 19 23 27 29 34 40 44 50 59 68 77 92 105 122 144 164 186 219 	0.0120 0.0148 0.0203 0.0240 0.0289 0.0365 0.0481 0.0575 0.0685 0.0869 0.1104 0.1358 0.1795 0.2183 0.2831 0.3664 0.4581 0.5495 0.7145 	0.0000	0.0000	0.0000	0.0000	0.0000	0.0000	74.3794	0.729	1.600	1.268	1.579	1.426	1.388	1.395	0.871	0.898	0.966	1.056	1.176	1.197	1.344	1.475	1.260	1.510	1.237	1.433	1.593	1.290	1.378	1.474	1.223	1.535	1.479	1.204	1.438	1.545	1.520	1.698	1.433	1.348	1.472	1.307	1.800	1.638	1.977	1.550	1.673	1.162	1.411	1.153	0.916	0.858	1.649	1.038	1.226	1.572	1.442	1.406	1.205	1.240	0.448																																																								
763A_ABLA		MRS5	2016	0.000	0.0000	0	0.000		77	RINGWIDTH	1	NotAFile	7/27/2017 15:04:53	                   		4859 972 8 Grey	Intr 0.021158 0.021141 N	EPSON EPSON Flatbed Scanner EPSON Expression 10000XL 1.8 V3.45 3.45	0.0 [0]	1350.0000 386.0000 4666.0000 236.0000  1.0000	Tg A Int Y	50 %	N W Man	19 1.0000 Lin 1.00	0.0120 0.0148 0.0203 0.0240 0.0289 0.0365 0.0481 0.0575 0.0685 0.0869 0.1104 0.1358 0.1795 0.2183 0.2831 0.3664 0.4581 0.5495 0.7145 	16 19 23 27 29 34 40 44 50 59 68 77 92 105 122 144 164 186 219 	0.0120 0.0148 0.0203 0.0240 0.0289 0.0365 0.0481 0.0575 0.0685 0.0869 0.1104 0.1358 0.1795 0.2183 0.2831 0.3664 0.4581 0.5495 0.7145 	0.0000	0.0000	0.0000	0.0000	0.0000	0.0000	70.4830	0.483	1.257	0.892	0.541	0.961	1.082	0.945	1.090	1.227	0.922	1.094	0.801	1.008	1.609	1.821	1.968	1.098	0.828	1.630	0.923	1.435	1.169	1.005	1.189	1.243	0.928	1.347	1.145	0.870	1.031	0.843	0.698	0.923	1.060	1.080	1.083	1.139	1.325	0.881	0.895	0.812	1.133	1.048	0.991	0.968	1.028	0.878	0.946	0.843	0.823	0.866	0.258	0.375	0.422	0.400	0.357	0.398	0.336	0.379	0.548	0.422	0.337	0.401	0.337	0.231	0.379	0.258	0.248	0.274	0.358	0.316	0.358	0.358	0.421	0.401	0.379	0.216																																																																															
763B_ABLA		MRS5	2016	0.000	0.0000	0	0.000		60	RINGWIDTH	1	NotAFile	7/27/2017 15:04:53	                   		4859 972 8 Grey	Intr 0.021158 0.021141 N	EPSON EPSON Flatbed Scanner EPSON Expression 10000XL 1.8 V3.45 3.45	0.0 [0]	1058.0000 668.0000 4546.0000 818.0000  1.0000	Tg A Int Y	50 %	N W Man	19 1.0000 Lin 1.00	0.0120 0.0148 0.0203 0.0240 0.0289 0.0365 0.0481 0.0575 0.0685 0.0869 0.1104 0.1358 0.1795 0.2183 0.2831 0.3664 0.4581 0.5495 0.7145 	16 19 23 27 29 34 40 44 50 59 68 77 92 105 122 144 164 186 219 	0.0120 0.0148 0.0203 0.0240 0.0289 0.0365 0.0481 0.0575 0.0685 0.0869 0.1104 0.1358 0.1795 0.2183 0.2831 0.3664 0.4581 0.5495 0.7145 	0.0000	0.0000	0.0000	0.0000	0.0000	0.0000	73.8661	2.146	2.445	5.158	1.910	1.836	1.557	1.849	1.755	1.056	1.882	1.820	1.532	1.712	1.220	0.940	1.217	1.254	1.228	1.101	1.225	1.360	0.928	0.919	0.740	1.014	0.988	0.830	0.710	0.988	0.830	1.118	1.263	1.163	1.083	0.416	0.417	0.459	0.481	0.418	0.420	0.424	0.372	0.373	0.379	0.322	0.292	0.253	0.180	0.305	0.241	0.231	0.328	0.387	0.441	0.463	0.591	0.591	0.506	0.592	0.341																																																														
571A_ABLA		MRS5	2016	0.000	0.0000	0	0.000		48	RINGWIDTH	1	NotAFile	7/20/2017 11:56:35	                   		3973 1000 8 Grey	Intr 0.021158 0.021141 N	EPSON EPSON Flatbed Scanner EPSON Expression 10000XL 1.8 V3.45 3.45	0.0 [0]	498.0000 148.0000 3732.0000 332.0000  1.0000	Tg A Int Y	50 %	N W Man	19 1.0000 Lin 1.00	0.0120 0.0148 0.0203 0.0240 0.0289 0.0365 0.0481 0.0575 0.0685 0.0869 0.1104 0.1358 0.1795 0.2183 0.2831 0.3664 0.4581 0.5495 0.7145 	16 19 23 27 29 34 40 44 50 59 68 77 92 105 122 144 164 186 219 	0.0120 0.0148 0.0203 0.0240 0.0289 0.0365 0.0481 0.0575 0.0685 0.0869 0.1104 0.1358 0.1795 0.2183 0.2831 0.3664 0.4581 0.5495 0.7145 	0.0000	0.0000	0.0000	0.0000	0.0000	0.0000	68.5344	1.063	1.827	1.328	1.586	1.329	1.207	1.295	1.535	1.881	1.321	1.134	1.117	1.516	1.646	1.651	1.654	1.738	1.346	1.322	1.317	1.257	1.010	1.216	1.194	1.214	1.191	1.621	1.543	1.829	1.914	1.655	1.614	1.161	1.451	1.216	1.032	1.266	0.969	1.132	1.114	1.198	1.177	1.240	1.009	1.179	1.264	1.095	0.530																																																		
571B_ABLA		MRS5	2016	0.000	0.0000	0	0.000		51	RINGWIDTH	1	NotAFile	7/20/2017 11:56:35	                   		3973 1000 8 Grey	Intr 0.021158 0.021141 N	EPSON EPSON Flatbed Scanner EPSON Expression 10000XL 1.8 V3.45 3.45	0.0 [0]	540.0000 648.0000 3690.0000 826.0000  1.0000	Tg A Int Y	50 %	N W Man	19 1.0000 Lin 1.00	0.0120 0.0148 0.0203 0.0240 0.0289 0.0365 0.0481 0.0575 0.0685 0.0869 0.1104 0.1358 0.1795 0.2183 0.2831 0.3664 0.4581 0.5495 0.7145 	16 19 23 27 29 34 40 44 50 59 68 77 92 105 122 144 164 186 219 	0.0120 0.0148 0.0203 0.0240 0.0289 0.0365 0.0481 0.0575 0.0685 0.0869 0.1104 0.1358 0.1795 0.2183 0.2831 0.3664 0.4581 0.5495 0.7145 	0.0000	0.0000	0.0000	0.0000	0.0000	0.0000	66.7528	2.210	0.707	1.340	2.082	2.784	1.582	1.614	0.962	0.991	1.040	1.365	1.331	1.045	1.206	1.299	1.092	1.290	1.446	1.627	1.807	1.392	1.156	1.080	1.014	1.078	1.136	1.058	1.040	1.015	1.265	1.351	1.313	1.647	1.668	1.318	1.051	1.204	1.041	0.991	1.338	1.013	1.161	1.127	0.992	1.121	1.147	1.083	1.101	1.188	1.123	0.394																																																					
884A_ABLA		MRS5	2016	0.000	0.0000	0	0.000		70	RINGWIDTH	1	NotAFile	8/7/2017 13:48:52	                   		5888 4632 8 Grey	Intr 0.021158 0.021141 N	EPSON EPSON Flatbed Scanner EPSON Expression 10000XL 1.8 V3.45 3.45	0.0 [0]	3298.0000 860.0000 1473.0000 769.0000  1.0000	Tg A Int Y	50 %	N W Man	19 1.0000 Lin 1.00	0.0120 0.0148 0.0203 0.0240 0.0289 0.0365 0.0481 0.0575 0.0685 0.0869 0.1104 0.1358 0.1795 0.2183 0.2831 0.3664 0.4581 0.5495 0.7145 	16 19 23 27 29 34 40 44 50 59 68 77 92 105 122 144 164 186 219 	0.0120 0.0148 0.0203 0.0240 0.0289 0.0365 0.0481 0.0575 0.0685 0.0869 0.1104 0.1358 0.1795 0.2183 0.2831 0.3664 0.4581 0.5495 0.7145 	0.0000	0.0000	0.0000	0.0000	0.0000	0.0000	38.7426	0.667	0.824	0.703	0.500	0.517	0.340	0.346	0.674	1.019	1.210	0.559	0.321	0.489	0.250	0.448	0.792	0.568	1.411	0.689	0.415	0.470	0.496	0.460	0.659	0.249	0.191	0.260	0.308	0.311	0.376	0.550	0.424	0.117	0.043	0.054	0.084	0.116	0.138	0.180	0.159	0.106	0.187	0.253	0.337	0.328	0.345	0.503	0.503	0.546	0.546	0.526	0.510	0.588	0.615	0.760	0.910	0.804	0.592	0.554	0.627	0.340	0.400	0.627	0.757	0.629	0.420	0.524	0.498	0.435	0.435																																																																								
884B_ABLA		MRS5	2016	0.000	0.0000	0	0.000		73	RINGWIDTH	1	NotAFile	8/7/2017 13:48:52	                   		5888 4632 8 Grey	Intr 0.021158 0.021141 N	EPSON EPSON Flatbed Scanner EPSON Expression 10000XL 1.8 V3.45 3.45	0.0 [0]	2629.0000 1265.0000 1396.0000 1221.0000  1.0000	Tg A Int Y	50 %	N W Man	19 1.0000 Lin 1.00	0.0120 0.0148 0.0203 0.0240 0.0289 0.0365 0.0481 0.0575 0.0685 0.0869 0.1104 0.1358 0.1795 0.2183 0.2831 0.3664 0.4581 0.5495 0.7145 	16 19 23 27 29 34 40 44 50 59 68 77 92 105 122 144 164 186 219 	0.0120 0.0148 0.0203 0.0240 0.0289 0.0365 0.0481 0.0575 0.0685 0.0869 0.1104 0.1358 0.1795 0.2183 0.2831 0.3664 0.4581 0.5495 0.7145 	0.0000	0.0000	0.0000	0.0000	0.0000	0.0000	26.1040	0.868	0.662	0.724	0.612	1.702	0.823	0.751	0.477	0.576	0.289	0.297	0.163	0.175	0.160	0.333	0.640	0.374	0.228	0.228	0.257	0.235	0.176	0.284	0.365	0.239	0.384	0.292	0.372	0.367	0.138	0.101	0.098	0.111	0.103	0.280	0.392	0.348	0.260	0.112	0.090	0.070	0.070	0.116	0.070	0.200	0.228	0.300	0.267	0.255	0.456	0.373	0.317	0.267	0.286	0.173	0.226	0.205	0.187	0.343	0.271	0.274	0.207	0.234	0.708	0.205	0.361	0.437	0.451	0.453	0.578	0.542	0.554	0.511																																																																											
596A_ABLA		MRS5	2016	0.000	0.0000	0	0.000		110	RINGWIDTH	1	NotAFile	8/7/2017 13:48:52	                   		5888 4632 8 Grey	Intr 0.021158 0.021141 N	EPSON EPSON Flatbed Scanner EPSON Expression 10000XL 1.8 V3.45 3.45	0.0 [0]	3064.0000 2092.5000 1890.0000 2142.0000  1.0000	Tg A Int Y	50 %	N W Man	19 1.0000 Lin 1.00	0.0120 0.0148 0.0203 0.0240 0.0289 0.0365 0.0481 0.0575 0.0685 0.0869 0.1104 0.1358 0.1795 0.2183 0.2831 0.3664 0.4581 0.5495 0.7145 	16 19 23 27 29 34 40 44 50 59 68 77 92 105 122 144 164 186 219 	0.0120 0.0148 0.0203 0.0240 0.0289 0.0365 0.0481 0.0575 0.0685 0.0869 0.1104 0.1358 0.1795 0.2183 0.2831 0.3664 0.4581 0.5495 0.7145 	0.0000	0.0000	0.0000	0.0000	0.0000	0.0000	24.8612	0.094	0.115	0.148	0.115	0.115	0.167	0.146	0.168	0.146	0.125	0.188	0.117	0.114	0.144	0.187	0.187	0.248	0.187	0.209	0.209	0.167	0.167	0.188	0.233	0.125	0.147	0.189	0.189	0.169	0.295	0.316	0.253	0.315	0.335	0.292	0.251	0.293	0.272	0.189	0.251	0.251	0.251	0.167	0.231	0.336	0.336	0.273	0.273	0.211	0.169	0.190	0.137	0.136	0.189	0.147	0.126	0.167	0.167	0.266	0.246	0.246	0.245	0.267	0.288	0.312	0.270	0.270	0.274	0.355	0.338	0.275	0.254	0.272	0.273	0.273	0.231	0.315	0.315	0.251	0.272	0.316	0.232	0.273	0.335	0.478	0.333	0.251	0.251	0.230	0.188	0.187	0.207	0.206	0.264	0.143	0.205	0.283	0.193	0.086	0.244	0.181	0.182	0.170	0.149	0.279	0.202	0.163	0.137	0.186	0.150																																																																																																																
596B_ABLA		MRS5	2016	0.000	0.0000	0	0.000		103	RINGWIDTH	1	NotAFile	8/7/2017 13:48:52	                   		5888 4632 8 Grey	Intr 0.021158 0.021141 N	EPSON EPSON Flatbed Scanner EPSON Expression 10000XL 1.8 V3.45 3.45	0.0 [0]	3680.5000 2676.0000 1772.0000 2663.0000  1.0000	Tg A Int Y	50 %	N W Man	19 1.0000 Lin 1.00	0.0120 0.0148 0.0203 0.0240 0.0289 0.0365 0.0481 0.0575 0.0685 0.0869 0.1104 0.1358 0.1795 0.2183 0.2831 0.3664 0.4581 0.5495 0.7145 	16 19 23 27 29 34 40 44 50 59 68 77 92 105 122 144 164 186 219 	0.0120 0.0148 0.0203 0.0240 0.0289 0.0365 0.0481 0.0575 0.0685 0.0869 0.1104 0.1358 0.1795 0.2183 0.2831 0.3664 0.4581 0.5495 0.7145 	0.0000	0.0000	0.0000	0.0000	0.0000	0.0000	40.7503	0.355	0.318	0.610	0.424	0.563	0.426	0.569	0.220	0.302	0.380	0.226	0.242	0.249	0.368	0.454	0.530	0.268	0.269	0.321	0.320	0.216	0.298	0.456	0.314	0.362	0.255	0.190	0.284	0.294	0.407	0.331	0.250	0.410	0.358	0.265	0.436	0.437	0.365	0.344	0.308	0.345	0.363	0.291	0.225	0.230	0.290	0.195	0.320	0.181	0.308	0.370	0.360	0.302	0.221	0.281	0.241	0.280	0.245	0.236	0.248	0.260	0.245	0.224	0.163	0.205	0.205	0.185	0.205	0.225	0.242	0.203	0.168	0.169	0.146	0.200	0.154	0.246	0.192	0.118	0.112	0.185	0.102	0.123	0.141	0.350	0.265	0.189	0.189	0.189	0.274	0.231	0.274	0.421	0.295	0.381	0.339	0.465	0.465	0.529	0.508	0.360	0.317	0.317																																																																																																									
379A_ABLA		MRS5	2016	0.000	0.0000	0	0.000		82	RINGWIDTH	1	NotAFile	8/7/2017 13:48:52	                   		5888 4632 8 Grey	Intr 0.021158 0.021141 N	EPSON EPSON Flatbed Scanner EPSON Expression 10000XL 1.8 V3.45 3.45	0.0 [0]	3595.0000 3722.0000 1646.0000 3671.5000  1.0000	Tg A Int Y	50 %	N W Man	19 1.0000 Lin 1.00	0.0120 0.0148 0.0203 0.0240 0.0289 0.0365 0.0481 0.0575 0.0685 0.0869 0.1104 0.1358 0.1795 0.2183 0.2831 0.3664 0.4581 0.5495 0.7145 	16 19 23 27 29 34 40 44 50 59 68 77 92 105 122 144 164 186 219 	0.0120 0.0148 0.0203 0.0240 0.0289 0.0365 0.0481 0.0575 0.0685 0.0869 0.1104 0.1358 0.1795 0.2183 0.2831 0.3664 0.4581 0.5495 0.7145 	0.0000	0.0000	0.0000	0.0000	0.0000	0.0000	41.4842	0.623	1.067	0.551	0.360	0.675	0.244	0.201	0.136	0.475	0.373	0.319	0.171	0.404	0.563	0.384	0.306	0.308	0.246	0.516	0.287	0.390	0.308	0.302	0.263	0.284	0.203	0.243	0.347	0.408	0.304	0.343	0.467	0.469	0.428	0.451	0.640	0.539	0.541	0.458	0.626	0.585	0.652	0.547	0.757	0.544	0.418	0.376	0.335	0.502	0.521	0.479	0.565	0.521	0.417	0.479	0.441	0.506	0.464	0.422	0.527	0.527	0.549	0.548	0.485	0.675	0.739	0.591	0.465	0.675	0.548	0.422	0.673	0.484	0.526	0.527	0.569	0.612	0.613	0.697	0.780	0.801	0.947																																																																																				
379B_ABLA		MRS5	2016	0.000	0.0000	0	0.000		88	RINGWIDTH	1	NotAFile	8/7/2017 13:48:52	                   		5888 4632 8 Grey	Intr 0.021158 0.021141 N	EPSON EPSON Flatbed Scanner EPSON Expression 10000XL 1.8 V3.45 3.45	0.0 [0]	3601.5000 4128.5000 1638.5000 4156.5000  1.0000	Tg A Int Y	50 %	N W Man	19 1.0000 Lin 1.00	0.0120 0.0148 0.0203 0.0240 0.0289 0.0365 0.0481 0.0575 0.0685 0.0869 0.1104 0.1358 0.1795 0.2183 0.2831 0.3664 0.4581 0.5495 0.7145 	16 19 23 27 29 34 40 44 50 59 68 77 92 105 122 144 164 186 219 	0.0120 0.0148 0.0203 0.0240 0.0289 0.0365 0.0481 0.0575 0.0685 0.0869 0.1104 0.1358 0.1795 0.2183 0.2831 0.3664 0.4581 0.5495 0.7145 	0.0000	0.0000	0.0000	0.0000	0.0000	0.0000	41.5367	0.277	0.286	0.183	0.274	0.216	0.333	0.269	0.227	0.227	0.268	0.206	0.228	0.229	0.677	0.654	0.357	0.294	0.252	0.189	0.189	0.189	0.336	0.357	0.378	0.357	0.357	0.376	0.481	0.357	0.315	0.355	0.355	0.396	0.476	0.476	0.394	0.352	0.435	0.518	0.394	0.352	0.460	0.396	0.397	0.418	0.441	0.526	0.588	0.525	0.713	0.547	0.568	0.485	0.443	0.569	0.654	0.611	0.740	0.655	0.634	0.613	0.507	0.550	0.487	0.487	0.571	0.634	0.529	0.507	0.423	0.507	0.529	0.571	0.486	0.697	0.635	0.584	0.832	0.588	0.508	0.500	0.515	0.550	0.566	0.777	0.841	0.777	0.839																																																																																										
342A_PIEN		MRS5	2016	0.000	0.0000	0	0.000		66	RINGWIDTH	1	NotAFile	6/13/2017 15:00:27	                   		6391 1187 8 Grey	Intr 0.021158 0.021141 N	EPSON Twain Data Source On WIA WIA-EPSON Expression 10000XL 1.9 V1.0 26 June 2000	0.0 [0]	4012.0000 346.0000 1104.0000 229.0000  1.0000	Tg A Int Y	50 %	N W Man	19 1.0000 Lin 1.00	0.0120 0.0148 0.0203 0.0240 0.0289 0.0365 0.0481 0.0575 0.0685 0.0869 0.1104 0.1358 0.1795 0.2183 0.2831 0.3664 0.4581 0.5495 0.7145 	16 19 23 27 29 34 40 44 50 59 68 77 92 105 122 144 164 186 219 	0.0120 0.0148 0.0203 0.0240 0.0289 0.0365 0.0481 0.0575 0.0685 0.0869 0.1104 0.1358 0.1795 0.2183 0.2831 0.3664 0.4581 0.5495 0.7145 	0.0000	0.0000	0.0000	0.0000	0.0000	0.0000	62.3466	0.410	0.246	0.326	0.553	0.499	0.654	1.143	1.337	0.915	0.862	0.876	1.069	1.329	1.218	0.661	1.098	1.019	1.133	1.218	1.059	0.926	1.032	0.683	0.824	0.922	0.983	0.916	0.834	0.776	0.777	1.106	0.994	1.006	0.736	0.715	0.610	0.585	0.749	0.787	0.725	0.911	0.807	1.033	0.906	0.929	0.742	0.968	1.222	0.998	0.882	1.173	1.505	0.961	0.681	0.713	0.698	0.782	0.698	0.825	0.910	1.016	1.037	1.036	0.994	0.943	0.275																																																																				
342B_PIEN		MRS5	2016	0.000	0.0000	0	0.000		68	RINGWIDTH	1	NotAFile	6/13/2017 15:00:27	                   		6391 1187 8 Grey	Intr 0.021158 0.021141 N	EPSON Twain Data Source On WIA WIA-EPSON Expression 10000XL 1.9 V1.0 26 June 2000	0.0 [0]	4636.0000 769.5000 1140.0000 753.5000  1.0000	Tg A Int Y	50 %	N W Man	19 1.0000 Lin 1.00	0.0120 0.0148 0.0203 0.0240 0.0289 0.0365 0.0481 0.0575 0.0685 0.0869 0.1104 0.1358 0.1795 0.2183 0.2831 0.3664 0.4581 0.5495 0.7145 	16 19 23 27 29 34 40 44 50 59 68 77 92 105 122 144 164 186 219 	0.0120 0.0148 0.0203 0.0240 0.0289 0.0365 0.0481 0.0575 0.0685 0.0869 0.1104 0.1358 0.1795 0.2183 0.2831 0.3664 0.4581 0.5495 0.7145 	0.0000	0.0000	0.0000	0.0000	0.0000	0.0000	73.9680	0.460	0.734	0.312	0.747	1.089	1.234	1.096	0.947	0.990	1.332	1.245	1.352	1.162	1.289	1.565	1.354	0.972	1.204	1.099	0.887	1.202	0.886	1.013	1.069	0.645	0.762	0.846	1.015	1.226	1.225	1.077	1.079	1.015	0.970	0.779	0.926	1.204	0.930	1.014	0.783	1.227	1.037	1.291	1.205	1.183	1.180	1.032	0.927	1.369	1.733	1.351	1.373	1.205	1.055	0.993	0.782	0.867	0.804	0.846	1.164	1.333	1.418	1.269	1.460	1.332	1.248	1.458	0.286																																																																						
456A_PIEN		MRS5	2016	0.000	0.0000	0	0.000		169	RINGWIDTH	1	NotAFile	7/14/2017 12:00:33	                   		5974 1029 8 Grey	Intr 0.021158 0.021141 N	EPSON EPSON Flatbed Scanner EPSON Expression 10000XL 1.8 V3.45 3.45	0.0 [0]	936.0000 178.0000 5740.0000 374.0000  1.0000	Tg A Int Y	50 %	N W Man	19 1.0000 Lin 1.00	0.0120 0.0148 0.0203 0.0240 0.0289 0.0365 0.0481 0.0575 0.0685 0.0869 0.1104 0.1358 0.1795 0.2183 0.2831 0.3664 0.4581 0.5495 0.7145 	16 19 23 27 29 34 40 44 50 59 68 77 92 105 122 144 164 186 219 	0.0120 0.0148 0.0203 0.0240 0.0289 0.0365 0.0481 0.0575 0.0685 0.0869 0.1104 0.1358 0.1795 0.2183 0.2831 0.3664 0.4581 0.5495 0.7145 	0.0000	0.0000	0.0000	0.0000	0.0000	0.0000	103.2781	0.118	0.375	0.343	0.328	0.305	0.414	0.348	0.293	0.375	0.280	0.368	0.360	0.245	0.260	0.274	0.483	0.092	0.777	0.274	0.328	0.291	0.306	0.255	0.375	0.315	0.426	0.558	0.388	0.450	0.421	0.485	0.370	0.317	0.478	0.318	0.316	0.437	0.690	0.620	0.432	0.351	0.294	0.348	0.174	0.318	0.346	0.435	0.433	0.190	0.273	0.504	0.698	1.018	1.035	0.715	0.514	0.603	0.664	0.374	0.596	0.517	0.518	0.395	0.388	0.429	0.599	0.632	0.402	0.460	0.498	0.455	0.486	0.473	0.610	0.735	0.624	0.774	0.458	0.520	0.556	0.577	0.593	0.360	0.393	0.423	0.484	0.510	0.461	0.592	0.548	0.657	0.740	0.555	0.526	0.637	0.571	0.419	0.437	0.497	0.507	0.455	0.575	0.561	0.556	0.429	0.374	0.400	0.460	0.463	0.710	0.776	0.665	0.650	0.611	0.599	0.498	0.579	0.522	0.629	0.644	0.775	0.725	0.544	0.406	0.551	0.801	0.764	0.664	0.534	0.746	0.688	0.521	0.542	0.396	0.500	0.584	0.417	0.417	0.479	0.354	0.354	0.335	0.417	0.420	0.231	0.316	0.379	0.401	0.338	0.338	0.338	0.338	0.296	0.233	0.211	0.170	0.126	0.253	0.232	0.232	0.232	0.275	0.338	0.317	0.317	0.381	0.423	0.465	0.138																																																																																																																																																																											
456B_PIEN		MRS5	2016	0.000	0.0000	0	0.000		168	RINGWIDTH	1	NotAFile	7/14/2017 12:00:33	                   		5974 1029 8 Grey	Intr 0.021158 0.021141 N	EPSON EPSON Flatbed Scanner EPSON Expression 10000XL 1.8 V3.45 3.45	0.0 [0]	1776.0000 674.0000 5362.0000 860.0000  1.0000	Tg A Int Y	50 %	N W Man	19 1.0000 Lin 1.00	0.0120 0.0148 0.0203 0.0240 0.0289 0.0365 0.0481 0.0575 0.0685 0.0869 0.1104 0.1358 0.1795 0.2183 0.2831 0.3664 0.4581 0.5495 0.7145 	16 19 23 27 29 34 40 44 50 59 68 77 92 105 122 144 164 186 219 	0.0120 0.0148 0.0203 0.0240 0.0289 0.0365 0.0481 0.0575 0.0685 0.0869 0.1104 0.1358 0.1795 0.2183 0.2831 0.3664 0.4581 0.5495 0.7145 	0.0000	0.0000	0.0000	0.0000	0.0000	0.0000	76.8863	0.247	0.594	0.488	0.432	0.456	0.455	0.515	0.654	0.527	0.441	0.409	0.227	0.376	0.495	0.535	0.446	0.314	0.252	0.552	0.466	0.434	0.331	0.224	0.520	0.443	0.365	0.256	0.259	0.276	0.259	0.195	0.261	0.377	0.298	0.359	0.408	0.631	0.694	0.345	0.327	0.239	0.310	0.202	0.375	0.300	0.408	0.443	0.106	0.176	0.276	0.443	0.594	0.688	0.525	0.530	0.547	0.485	0.301	0.522	0.442	0.445	0.321	0.382	0.584	0.698	0.658	0.598	0.507	0.471	0.411	0.577	0.474	0.494	0.556	0.434	0.600	0.518	0.640	0.700	0.733	0.638	0.447	0.376	0.398	0.440	0.378	0.294	0.295	0.232	0.246	0.470	0.372	0.429	0.442	0.273	0.252	0.273	0.252	0.285	0.262	0.294	0.312	0.252	0.252	0.273	0.252	0.231	0.274	0.336	0.336	0.316	0.273	0.244	0.333	0.322	0.401	0.438	0.307	0.323	0.295	0.315	0.274	0.245	0.239	0.375	0.348	0.386	0.372	0.512	0.330	0.331	0.311	0.250	0.270	0.352	0.309	0.351	0.393	0.290	0.331	0.311	0.393	0.352	0.207	0.290	0.291	0.312	0.290	0.331	0.330	0.393	0.312	0.250	0.252	0.191	0.124	0.210	0.168	0.210	0.190	0.210	0.273	0.266	0.316	0.366	0.420	0.382	0.137																																																																																																																																																																										
911A_PIEN		MRS5	2016	0.000	0.0000	0	0.000		97	RINGWIDTH	1	NotAFile	7/14/2017 13:04:01	                   		6546 1029 8 Grey	Intr 0.021158 0.021141 N	EPSON EPSON Flatbed Scanner EPSON Expression 10000XL 1.8 V3.45 3.45	0.0 [0]	414.0000 330.0000 5920.0000 298.0000  1.0000	Tg A Int Y	50 %	N W Man	19 1.0000 Lin 1.00	0.0120 0.0148 0.0203 0.0240 0.0289 0.0365 0.0481 0.0575 0.0685 0.0869 0.1104 0.1358 0.1795 0.2183 0.2831 0.3664 0.4581 0.5495 0.7145 	16 19 23 27 29 34 40 44 50 59 68 77 92 105 122 144 164 186 219 	0.0120 0.0148 0.0203 0.0240 0.0289 0.0365 0.0481 0.0575 0.0685 0.0869 0.1104 0.1358 0.1795 0.2183 0.2831 0.3664 0.4581 0.5495 0.7145 	0.0000	0.0000	0.0000	0.0000	0.0000	0.0000	116.4962	1.286	2.111	1.811	1.634	1.392	2.148	1.493	1.321	1.301	1.360	1.485	1.964	2.001	1.600	1.019	1.250	1.597	1.639	1.995	2.305	2.084	2.272	2.436	1.663	1.224	1.490	1.729	2.137	1.350	1.339	0.801	0.837	0.650	0.579	0.783	1.346	1.642	1.362	1.136	1.409	1.199	1.198	1.288	1.036	0.804	0.867	0.677	0.865	0.844	0.783	0.970	0.443	0.402	0.739	0.676	0.571	0.824	0.909	0.993	0.698	0.952	0.719	0.931	0.675	0.761	0.867	1.079	0.888	1.036	0.889	1.016	0.825	0.825	0.698	0.825	0.825	0.973	0.804	0.994	1.141	0.904	0.963	1.108	0.960	0.629	0.440	0.609	0.609	0.546	0.633	0.655	0.571	0.571	0.677	0.613	0.508	0.634																																																																																																			
911B_PIEN		MRS5	2016	0.000	0.0000	0	0.000		79	RINGWIDTH	1	NotAFile	7/14/2017 13:04:01	                   		6546 1029 8 Grey	Intr 0.021158 0.021141 N	EPSON EPSON Flatbed Scanner EPSON Expression 10000XL 1.8 V3.45 3.45	0.0 [0]	404.0000 762.0000 5882.0000 798.0000  1.0000	Tg A Int Y	50 %	N W Man	19 1.0000 Lin 1.00	0.0120 0.0148 0.0203 0.0240 0.0289 0.0365 0.0481 0.0575 0.0685 0.0869 0.1104 0.1358 0.1795 0.2183 0.2831 0.3664 0.4581 0.5495 0.7145 	16 19 23 27 29 34 40 44 50 59 68 77 92 105 122 144 164 186 219 	0.0120 0.0148 0.0203 0.0240 0.0289 0.0365 0.0481 0.0575 0.0685 0.0869 0.1104 0.1358 0.1795 0.2183 0.2831 0.3664 0.4581 0.5495 0.7145 	0.0000	0.0000	0.0000	0.0000	0.0000	0.0000	115.9043	1.597	2.583	2.854	2.665	2.906	2.372	1.589	1.750	2.043	2.172	1.722	1.395	1.293	1.190	1.300	1.631	1.732	1.819	1.882	1.692	1.544	1.671	1.437	1.247	1.312	1.375	1.185	1.142	1.099	1.330	1.054	0.906	1.032	0.943	0.922	1.949	1.655	1.315	1.462	1.530	1.341	1.006	1.257	1.006	1.564	1.543	1.312	1.333	1.628	1.437	1.437	1.248	1.164	1.100	1.185	1.079	1.268	1.309	1.303	1.446	1.614	1.842	1.738	1.842	1.945	1.597	1.075	0.821	1.156	0.985	1.019	0.960	0.940	0.919	0.852	0.959	1.086	0.803	0.931																																																																																	
919A_PIEN		MRS5	2016	0.000	0.0000	0	0.000		110	RINGWIDTH	1	NotAFile	7/14/2017 13:17:25	                   		5431 1029 8 Grey	Intr 0.021158 0.021141 N	EPSON EPSON Flatbed Scanner EPSON Expression 10000XL 1.8 V3.45 3.45	0.0 [0]	469.0000 360.0000 5258.0000 318.0000  1.0000	Tg A Int Y	50 %	N W Man	19 1.0000 Lin 1.00	0.0120 0.0148 0.0203 0.0240 0.0289 0.0365 0.0481 0.0575 0.0685 0.0869 0.1104 0.1358 0.1795 0.2183 0.2831 0.3664 0.4581 0.5495 0.7145 	16 19 23 27 29 34 40 44 50 59 68 77 92 105 122 144 164 186 219 	0.0120 0.0148 0.0203 0.0240 0.0289 0.0365 0.0481 0.0575 0.0685 0.0869 0.1104 0.1358 0.1795 0.2183 0.2831 0.3664 0.4581 0.5495 0.7145 	0.0000	0.0000	0.0000	0.0000	0.0000	0.0000	101.3280	0.407	1.116	0.596	0.445	0.492	0.614	0.453	0.517	0.335	0.253	0.189	0.127	0.189	0.201	0.261	0.544	0.758	0.417	0.485	0.719	1.025	1.154	1.119	1.946	1.560	1.619	1.734	1.587	1.644	1.077	1.374	1.353	1.048	1.087	1.224	1.160	1.260	1.532	1.385	1.254	1.231	1.313	1.124	0.979	1.000	0.854	0.856	1.045	0.941	1.070	1.116	1.393	1.161	1.160	0.928	1.202	1.160	1.262	1.091	1.187	0.995	1.049	0.799	0.757	0.755	0.665	0.448	0.564	0.535	0.503	0.662	0.681	0.700	0.800	0.712	0.861	0.777	0.860	0.884	0.736	0.878	0.854	0.850	0.786	0.897	0.898	0.909	0.815	0.928	0.908	0.781	0.916	0.791	0.854	0.762	0.936	1.049	0.911	0.936	0.882	1.062	0.916	0.396	0.958	0.625	0.729	0.916	1.000	0.937	1.016																																																																																																																
919B_PIEN		MRS5	2016	0.000	0.0000	0	0.000		85	RINGWIDTH	1	NotAFile	7/14/2017 13:17:25	                   		5431 1029 8 Grey	Intr 0.021158 0.021141 N	EPSON EPSON Flatbed Scanner EPSON Expression 10000XL 1.8 V3.45 3.45	0.0 [0]	1434.0000 696.0000 5355.0000 782.0000  1.0000	Tg A Int Y	50 %	N W Man	19 1.0000 Lin 1.00	0.0120 0.0148 0.0203 0.0240 0.0289 0.0365 0.0481 0.0575 0.0685 0.0869 0.1104 0.1358 0.1795 0.2183 0.2831 0.3664 0.4581 0.5495 0.7145 	16 19 23 27 29 34 40 44 50 59 68 77 92 105 122 144 164 186 219 	0.0120 0.0148 0.0203 0.0240 0.0289 0.0365 0.0481 0.0575 0.0685 0.0869 0.1104 0.1358 0.1795 0.2183 0.2831 0.3664 0.4581 0.5495 0.7145 	0.0000	0.0000	0.0000	0.0000	0.0000	0.0000	82.9792	2.017	1.464	1.208	0.898	0.668	0.609	1.006	1.324	1.551	1.111	1.205	0.932	0.951	0.897	0.689	0.751	0.789	0.997	1.149	0.976	1.092	1.015	1.224	0.995	1.094	0.785	0.849	0.987	1.001	0.771	1.022	0.881	1.031	0.548	0.971	0.930	0.744	0.618	0.579	0.453	0.390	0.509	0.547	0.637	0.845	0.702	1.105	0.934	1.058	1.017	0.768	0.897	0.795	0.846	0.930	0.900	0.942	0.818	0.882	0.882	1.069	0.963	1.001	0.897	0.834	0.792	0.892	0.966	0.861	0.882	0.797	1.067	0.863	0.696	0.950	0.592	0.634	0.909	0.909	0.973	0.994	1.014	1.099	0.949	0.949																																																																																							
376A_PIEN		MRS5	2016	0.000	0.0000	0	0.000		112	RINGWIDTH	1	NotAFile	7/14/2017 13:35:33	                   		5688 1057 8 Grey	Intr 0.021158 0.021141 N	EPSON EPSON Flatbed Scanner EPSON Expression 10000XL 1.8 V3.45 3.45	0.0 [0]	578.0000 188.0000 5604.0000 262.0000  1.0000	Tg A Int Y	50 %	N W Man	19 1.0000 Lin 1.00	0.0120 0.0148 0.0203 0.0240 0.0289 0.0365 0.0481 0.0575 0.0685 0.0869 0.1104 0.1358 0.1795 0.2183 0.2831 0.3664 0.4581 0.5495 0.7145 	16 19 23 27 29 34 40 44 50 59 68 77 92 105 122 144 164 186 219 	0.0120 0.0148 0.0203 0.0240 0.0289 0.0365 0.0481 0.0575 0.0685 0.0869 0.1104 0.1358 0.1795 0.2183 0.2831 0.3664 0.4581 0.5495 0.7145 	0.0000	0.0000	0.0000	0.0000	0.0000	0.0000	106.3500	1.032	1.950	1.654	2.256	2.098	1.819	1.683	1.809	1.671	1.593	1.679	1.516	1.701	1.785	1.695	2.322	1.726	1.836	1.530	1.594	1.558	1.450	1.403	1.386	1.285	1.360	1.406	1.244	1.129	0.857	1.166	1.041	0.854	1.085	1.066	1.066	1.187	1.166	0.979	0.812	0.750	0.793	0.857	0.754	0.734	0.608	0.650	0.708	0.583	0.729	0.829	0.841	0.781	0.742	1.020	0.795	0.816	0.877	0.877	0.805	0.905	0.805	0.845	0.702	0.700	0.739	0.584	0.502	0.647	0.672	0.729	0.737	0.677	0.699	0.679	0.720	0.720	0.659	0.660	0.619	0.601	0.690	0.627	0.587	0.693	0.650	0.629	0.505	0.506	0.633	0.568	0.484	0.527	0.465	0.527	0.422	0.464	0.337	0.316	0.315	0.295	0.421	0.336	0.316	0.401	0.317	0.381	0.296	0.296	0.274	0.232	0.316																																																																																																																		
376B_PIEN		MRS5	2016	0.000	0.0000	0	0.000		112	RINGWIDTH	1	NotAFile	7/14/2017 13:35:33	                   		5688 1057 8 Grey	Intr 0.021158 0.021141 N	EPSON EPSON Flatbed Scanner EPSON Expression 10000XL 1.8 V3.45 3.45	0.0 [0]	234.0000 646.0000 5542.0000 718.0000  1.0000	Tg A Int Y	50 %	N W Man	19 1.0000 Lin 1.00	0.0120 0.0148 0.0203 0.0240 0.0289 0.0365 0.0481 0.0575 0.0685 0.0869 0.1104 0.1358 0.1795 0.2183 0.2831 0.3664 0.4581 0.5495 0.7145 	16 19 23 27 29 34 40 44 50 59 68 77 92 105 122 144 164 186 219 	0.0120 0.0148 0.0203 0.0240 0.0289 0.0365 0.0481 0.0575 0.0685 0.0869 0.1104 0.1358 0.1795 0.2183 0.2831 0.3664 0.4581 0.5495 0.7145 	0.0000	0.0000	0.0000	0.0000	0.0000	0.0000	112.3153	0.616	1.954	1.423	2.015	1.777	1.546	1.467	1.451	1.474	1.628	1.732	1.703	1.781	1.980	1.764	2.218	1.804	1.473	1.175	1.430	1.493	1.337	1.245	1.219	1.129	1.191	1.220	1.142	1.129	0.983	1.135	1.057	1.103	1.228	0.978	1.070	1.031	1.120	0.959	0.763	0.618	0.686	0.740	0.662	0.677	0.550	0.650	0.469	0.677	0.719	0.846	0.888	0.846	0.804	1.078	0.767	0.858	0.908	0.867	0.843	0.971	0.783	0.777	0.818	0.850	0.884	0.704	0.619	0.791	0.742	0.833	0.837	0.748	0.772	0.864	0.889	0.908	0.802	0.866	0.739	0.739	0.907	0.883	0.799	0.904	0.925	0.777	0.776	0.690	0.732	0.649	0.585	0.669	0.773	0.627	0.627	0.650	0.503	0.482	0.440	0.458	0.646	0.522	0.502	0.505	0.400	0.357	0.378	0.357	0.400	0.400	0.379																																																																																																																		
349A_PIEN		MRS5	2016	0.000	0.0000	0	0.000		83	RINGWIDTH	1	NotAFile	6/15/2017 11:23:14	                   		6614 1113 8 Grey	Intr 0.021158 0.021141 N	EPSON Twain Data Source On WIA WIA-EPSON Expression 10000XL 1.9 V1.0 26 June 2000	0.0 [0]	5294.0000 189.0000 748.0000 268.0000  1.0000	Tg A Int Y	50 %	N W Man	19 1.0000 Lin 1.00	0.0120 0.0148 0.0203 0.0240 0.0289 0.0365 0.0481 0.0575 0.0685 0.0869 0.1104 0.1358 0.1795 0.2183 0.2831 0.3664 0.4581 0.5495 0.7145 	16 19 23 27 29 34 40 44 50 59 68 77 92 105 122 144 164 186 219 	0.0120 0.0148 0.0203 0.0240 0.0289 0.0365 0.0481 0.0575 0.0685 0.0869 0.1104 0.1358 0.1795 0.2183 0.2831 0.3664 0.4581 0.5495 0.7145 	0.0000	0.0000	0.0000	0.0000	0.0000	0.0000	96.1989	0.507	0.715	0.627	1.476	1.112	1.280	1.553	1.325	1.248	0.930	1.459	1.057	1.014	1.033	0.865	0.718	0.697	0.698	0.782	0.867	1.058	1.016	0.889	0.846	1.291	1.246	1.436	1.351	0.971	1.141	1.437	1.163	1.374	1.078	1.248	1.481	1.269	1.227	1.269	1.016	1.418	1.459	1.366	1.454	1.078	0.950	0.823	0.866	1.099	1.037	1.206	1.268	1.120	1.246	1.135	1.219	1.135	1.198	0.892	0.936	1.009	1.009	1.086	1.253	1.640	1.264	1.517	1.264	1.393	1.036	0.909	1.330	1.011	1.088	1.371	1.505	1.623	1.371	1.288	1.288	1.176	1.503	0.503																																																																																					
349B_PIEN		MRS5	2016	0.000	0.0000	0	0.000		79	RINGWIDTH	1	NotAFile	6/15/2017 11:23:14	                   		6614 1113 8 Grey	Intr 0.021158 0.021141 N	EPSON Twain Data Source On WIA WIA-EPSON Expression 10000XL 1.9 V1.0 26 June 2000	0.0 [0]	4769.0000 773.0000 569.0000 682.0000  1.0000	Tg A Int Y	50 %	N W Man	19 1.0000 Lin 1.00	0.0120 0.0148 0.0203 0.0240 0.0289 0.0365 0.0481 0.0575 0.0685 0.0869 0.1104 0.1358 0.1795 0.2183 0.2831 0.3664 0.4581 0.5495 0.7145 	16 19 23 27 29 34 40 44 50 59 68 77 92 105 122 144 164 186 219 	0.0120 0.0148 0.0203 0.0240 0.0289 0.0365 0.0481 0.0575 0.0685 0.0869 0.1104 0.1358 0.1795 0.2183 0.2831 0.3664 0.4581 0.5495 0.7145 	0.0000	0.0000	0.0000	0.0000	0.0000	0.0000	89.3098	0.321	1.176	1.411	1.382	1.580	1.047	1.643	1.242	1.302	1.191	0.882	0.838	0.900	0.631	0.942	0.995	1.138	1.124	1.022	0.772	1.296	1.049	1.267	1.273	0.984	1.047	1.280	1.006	0.942	0.793	0.990	1.219	1.137	1.054	1.245	0.929	1.393	1.330	1.077	1.184	0.931	0.783	0.825	0.719	0.910	0.994	1.058	1.058	0.951	1.014	1.079	1.016	0.931	1.058	0.867	0.973	0.952	0.952	0.950	1.095	1.306	1.116	1.160	1.308	1.369	1.179	0.950	1.331	1.147	1.261	1.193	1.131	1.275	1.235	1.253	1.633	1.537	1.458	0.480																																																																																	
712A_PIEN		MRS5	2016	0.000	0.0000	0	0.000		70	RINGWIDTH	1	NotAFile	7/21/2017 11:53:54	                   		4373 972 8 Grey	Intr 0.021158 0.021141 N	EPSON EPSON Flatbed Scanner EPSON Expression 10000XL 1.8 V3.45 3.45	0.0 [0]	737.0000 238.0000 4114.0000 296.0000  1.0000	Tg A Int Y	50 %	N W Man	19 1.0000 Lin 1.00	0.0120 0.0148 0.0203 0.0240 0.0289 0.0365 0.0481 0.0575 0.0685 0.0869 0.1104 0.1358 0.1795 0.2183 0.2831 0.3664 0.4581 0.5495 0.7145 	16 19 23 27 29 34 40 44 50 59 68 77 92 105 122 144 164 186 219 	0.0120 0.0148 0.0203 0.0240 0.0289 0.0365 0.0481 0.0575 0.0685 0.0869 0.1104 0.1358 0.1795 0.2183 0.2831 0.3664 0.4581 0.5495 0.7145 	0.0000	0.0000	0.0000	0.0000	0.0000	0.0000	71.4600	1.265	0.992	1.247	1.181	1.141	1.169	1.630	1.396	1.680	0.830	1.016	1.203	1.348	1.562	1.497	1.224	1.706	1.795	1.247	1.106	0.920	1.039	1.287	1.054	1.118	1.075	1.160	1.329	1.350	1.603	1.582	1.098	1.289	1.035	1.014	0.863	0.863	0.842	0.908	0.739	0.781	0.612	0.718	0.591	0.656	0.571	0.656	0.698	0.656	0.698	0.719	1.205	1.120	0.994	0.803	0.919	0.656	0.520	0.866	0.615	0.783	0.844	0.782	0.801	0.634	0.719	0.698	0.613	0.698	0.360																																																																								
712B_PIEN		MRS5	2016	0.000	0.0000	0	0.000		73	RINGWIDTH	1	NotAFile	7/21/2017 11:53:54	                   		4373 972 8 Grey	Intr 0.021158 0.021141 N	EPSON EPSON Flatbed Scanner EPSON Expression 10000XL 1.8 V3.45 3.45	0.0 [0]	615.0000 826.0000 4163.0000 765.0000  1.0000	Tg A Int Y	50 %	N W Man	19 1.0000 Lin 1.00	0.0120 0.0148 0.0203 0.0240 0.0289 0.0365 0.0481 0.0575 0.0685 0.0869 0.1104 0.1358 0.1795 0.2183 0.2831 0.3664 0.4581 0.5495 0.7145 	16 19 23 27 29 34 40 44 50 59 68 77 92 105 122 144 164 186 219 	0.0120 0.0148 0.0203 0.0240 0.0289 0.0365 0.0481 0.0575 0.0685 0.0869 0.1104 0.1358 0.1795 0.2183 0.2831 0.3664 0.4581 0.5495 0.7145 	0.0000	0.0000	0.0000	0.0000	0.0000	0.0000	75.7742	1.430	1.057	1.279	1.199	1.506	1.460	1.642	0.974	0.933	1.187	1.417	1.588	0.741	0.523	0.881	1.124	1.304	1.204	0.836	0.830	0.988	0.797	0.699	0.765	0.862	0.832	0.703	0.666	0.918	0.868	0.803	0.915	1.269	1.038	0.626	0.743	0.744	0.956	0.811	0.895	0.914	1.080	0.921	0.873	0.873	1.000	0.836	1.048	0.822	0.723	0.704	0.737	0.996	0.909	1.180	1.133	0.976	0.765	0.844	0.532	0.288	0.582	0.470	0.671	0.911	0.828	0.849	1.023	0.693	0.265	0.225	0.185	0.188																																																																											
493A_PIEN		MRS5	2016	0.000	0.0000	0	0.000		169	RINGWIDTH	1	NotAFile	6/16/2017 13:38:59	                   		4533 1039 8 Grey	Intr 0.021158 0.021141 N	EPSON Twain Data Source On WIA WIA-EPSON Expression 10000XL 1.9 V1.0 26 June 2000	0.0 [0]	3314.0000 231.0000 983.0000 221.0000  1.0000	Tg A Int Y	50 %	N W Man	19 1.0000 Lin 1.00	0.0120 0.0148 0.0203 0.0240 0.0289 0.0365 0.0481 0.0575 0.0685 0.0869 0.1104 0.1358 0.1795 0.2183 0.2831 0.3664 0.4581 0.5495 0.7145 	16 19 23 27 29 34 40 44 50 59 68 77 92 105 122 144 164 186 219 	0.0120 0.0148 0.0203 0.0240 0.0289 0.0365 0.0481 0.0575 0.0685 0.0869 0.1104 0.1358 0.1795 0.2183 0.2831 0.3664 0.4581 0.5495 0.7145 	0.0000	0.0000	0.0000	0.0000	0.0000	0.0000	49.3293	0.681	0.413	0.326	0.489	0.272	0.353	0.404	0.349	0.403	0.607	0.570	0.576	0.576	0.329	0.535	0.576	0.412	0.515	0.371	0.435	0.226	0.172	0.177	0.232	0.324	0.309	0.290	0.333	0.353	0.594	0.602	0.465	0.381	0.443	0.909	0.462	0.381	0.421	0.424	0.502	0.381	0.401	0.283	0.303	0.383	0.270	0.318	0.266	0.145	0.101	0.184	0.204	0.283	0.222	0.285	0.268	0.288	0.185	0.206	0.187	0.271	0.208	0.292	0.209	0.374	0.418	0.353	0.437	0.292	0.334	0.293	0.189	0.209	0.229	0.230	0.251	0.230	0.230	0.126	0.167	0.216	0.220	0.226	0.207	0.166	0.248	0.248	0.166	0.166	0.290	0.352	0.247	0.165	0.307	0.205	0.244	0.266	0.326	0.285	0.244	0.407	0.387	0.307	0.450	0.309	0.309	0.309	0.350	0.366	0.305	0.266	0.225	0.205	0.226	0.310	0.247	0.206	0.248	0.207	0.124	0.138	0.150	0.165	0.144	0.166	0.165	0.144	0.144	0.205	0.151	0.163	0.163	0.155	0.179	0.169	0.175	0.169	0.140	0.221	0.168	0.128	0.177	0.149	0.206	0.245	0.151	0.144	0.216	0.204	0.192	0.197	0.182	0.194	0.160	0.160	0.112	0.102	0.132	0.203	0.174	0.214	0.163	0.121	0.169	0.119	0.188	0.225	0.214	0.120																																																																																																																																																																											
493B_PIEN		MRS5	2016	0.000	0.0000	0	0.000		161	RINGWIDTH	1	NotAFile	6/16/2017 13:38:59	                   		4533 1039 8 Grey	Intr 0.021158 0.021141 N	EPSON Twain Data Source On WIA WIA-EPSON Expression 10000XL 1.9 V1.0 26 June 2000	0.0 [0]	2901.0000 698.5000 1046.5000 693.0000  1.0000	Tg A Int Y	50 %	N W Man	19 1.0000 Lin 1.00	0.0120 0.0148 0.0203 0.0240 0.0289 0.0365 0.0481 0.0575 0.0685 0.0869 0.1104 0.1358 0.1795 0.2183 0.2831 0.3664 0.4581 0.5495 0.7145 	16 19 23 27 29 34 40 44 50 59 68 77 92 105 122 144 164 186 219 	0.0120 0.0148 0.0203 0.0240 0.0289 0.0365 0.0481 0.0575 0.0685 0.0869 0.1104 0.1358 0.1795 0.2183 0.2831 0.3664 0.4581 0.5495 0.7145 	0.0000	0.0000	0.0000	0.0000	0.0000	0.0000	39.2371	0.751	0.703	0.658	0.751	0.648	0.398	0.398	0.565	0.394	0.506	0.355	0.312	0.213	0.171	0.129	0.195	0.243	0.370	0.329	0.327	0.368	0.391	0.432	0.226	0.350	0.388	0.671	0.293	0.562	0.266	0.307	0.351	0.225	0.169	0.186	0.370	0.360	0.207	0.208	0.229	0.115	0.099	0.230	0.189	0.332	0.252	0.231	0.148	0.148	0.111	0.190	0.148	0.201	0.127	0.321	0.179	0.347	0.322	0.248	0.273	0.231	0.253	0.273	0.169	0.158	0.157	0.168	0.211	0.274	0.232	0.126	0.168	0.189	0.216	0.205	0.168	0.147	0.247	0.236	0.105	0.110	0.204	0.231	0.253	0.188	0.209	0.167	0.230	0.230	0.442	0.169	0.252	0.252	0.314	0.272	0.251	0.230	0.209	0.271	0.313	0.291	0.249	0.229	0.145	0.187	0.165	0.186	0.166	0.163	0.183	0.105	0.105	0.105	0.089	0.121	0.156	0.136	0.136	0.151	0.151	0.151	0.114	0.161	0.162	0.105	0.099	0.099	0.084	0.157	0.152	0.110	0.110	0.142	0.104	0.156	0.167	0.130	0.089	0.204	0.167	0.168	0.230	0.188	0.241	0.236	0.172	0.208	0.152	0.098	0.131	0.159	0.229	0.210	0.250	0.209	0.272	0.132	0.208	0.202	0.159	0.111																																																																																																																																																																			
505A_PIEN		MRS5	2016	0.000	0.0000	0	0.000		209	RINGWIDTH	1	NotAFile	6/13/2017 13:40:12	                   		7059 1113 8 Grey	Intr 0.021158 0.021141 N	EPSON Twain Data Source On WIA WIA-EPSON Expression 10000XL 1.9 V1.0 26 June 2000	0.0 [0]	3676.0000 240.0000 983.0000 218.0000  1.0000	Tg A Int Y	50 %	N W Man	19 1.0000 Lin 1.00	0.0120 0.0148 0.0203 0.0240 0.0289 0.0365 0.0481 0.0575 0.0685 0.0869 0.1104 0.1358 0.1795 0.2183 0.2831 0.3664 0.4581 0.5495 0.7145 	16 19 23 27 29 34 40 44 50 59 68 77 92 105 122 144 164 186 219 	0.0120 0.0148 0.0203 0.0240 0.0289 0.0365 0.0481 0.0575 0.0685 0.0869 0.1104 0.1358 0.1795 0.2183 0.2831 0.3664 0.4581 0.5495 0.7145 	0.0000	0.0000	0.0000	0.0000	0.0000	0.0000	56.9819	0.713	0.264	0.243	0.182	0.246	0.330	0.222	0.283	0.203	0.183	0.164	0.186	0.222	0.252	0.246	0.249	0.240	0.324	0.304	0.345	0.387	0.408	0.532	0.328	0.206	0.182	0.192	0.130	0.182	0.208	0.208	0.209	0.169	0.249	0.312	0.250	0.208	0.295	0.210	0.230	0.251	0.314	0.333	0.394	0.247	0.165	0.268	0.289	0.267	0.295	0.303	0.284	0.418	0.369	0.371	0.394	0.396	0.400	0.273	0.295	0.275	0.253	0.253	0.295	0.401	0.232	0.358	0.337	0.355	0.376	0.355	0.375	0.313	0.272	0.316	0.120	0.126	0.190	0.182	0.210	0.087	0.094	0.079	0.094	0.126	0.100	0.127	0.105	0.111	0.153	0.152	0.121	0.141	0.189	0.100	0.090	0.095	0.137	0.074	0.058	0.105	0.080	0.120	0.169	0.188	0.113	0.140	0.132	0.098	0.105	0.145	0.119	0.118	0.138	0.162	0.132	0.168	0.148	0.228	0.226	0.302	0.275	0.338	0.190	0.276	0.337	0.211	0.276	0.252	0.169	0.275	0.212	0.121	0.092	0.120	0.084	0.112	0.071	0.064	0.105	0.120	0.148	0.141	0.120	0.113	0.092	0.092	0.112	0.229	0.242	0.296	0.275	0.296	0.274	0.338	0.254	0.275	0.338	0.275	0.211	0.181	0.199	0.274	0.232	0.317	0.275	0.275	0.317	0.233	0.233	0.277	0.443	0.360	0.233	0.275	0.338	0.358	0.296	0.275	0.212	0.317	0.296	0.317	0.317	0.254	0.297	0.381	0.337	0.487	0.423	0.444	0.529	0.550	0.571	0.592	0.797	0.480	0.543	0.629	0.503	0.587	0.608	0.630	0.566	0.486	0.522	0.606	0.541	0.564																																																																																																																																																																																																																			
505B_PIEN		MRS5	2016	0.000	0.0000	0	0.000		399	RINGWIDTH	1	NotAFile	6/13/2017 13:40:12	                   		7059 1113 8 Grey	Intr 0.021158 0.021141 N	EPSON Twain Data Source On WIA WIA-EPSON Expression 10000XL 1.9 V1.0 26 June 2000	0.0 [0]	5847.0000 792.0000 934.0000 712.0000  1.0000	Tg A Int Y	50 %	N W Man	19 1.0000 Lin 1.00	0.0120 0.0148 0.0203 0.0240 0.0289 0.0365 0.0481 0.0575 0.0685 0.0869 0.1104 0.1358 0.1795 0.2183 0.2831 0.3664 0.4581 0.5495 0.7145 	16 19 23 27 29 34 40 44 50 59 68 77 92 105 122 144 164 186 219 	0.0120 0.0148 0.0203 0.0240 0.0289 0.0365 0.0481 0.0575 0.0685 0.0869 0.1104 0.1358 0.1795 0.2183 0.2831 0.3664 0.4581 0.5495 0.7145 	0.0000	0.0000	0.0000	0.0000	0.0000	0.0000	103.9614	0.656	0.296	0.317	0.254	0.339	0.281	0.269	0.296	0.317	0.360	0.233	0.233	0.242	0.308	0.317	0.296	0.317	0.254	0.254	0.296	0.169	0.233	0.275	0.254	0.275	0.317	0.254	0.212	0.275	0.233	0.212	0.233	0.275	0.296	0.275	0.233	0.233	0.169	0.169	0.169	0.213	0.252	0.211	0.296	0.274	0.274	0.316	0.253	0.190	0.168	0.186	0.193	0.211	0.190	0.168	0.211	0.145	0.255	0.189	0.272	0.274	0.208	0.172	0.169	0.233	0.169	0.224	0.198	0.275	0.232	0.211	0.169	0.190	0.211	0.316	0.232	0.148	0.169	0.169	0.148	0.105	0.190	0.253	0.251	0.171	0.190	0.169	0.253	0.190	0.169	0.211	0.254	0.253	0.296	0.253	0.253	0.233	0.296	0.317	0.274	0.274	0.317	0.401	0.464	0.274	0.359	0.338	0.339	0.254	0.423	0.421	0.425	0.381	0.381	0.339	0.296	0.381	0.402	0.402	0.296	0.316	0.296	0.338	0.296	0.339	0.212	0.254	0.275	0.317	0.338	0.254	0.190	0.275	0.254	0.254	0.339	0.275	0.360	0.465	0.487	0.360	0.381	0.465	0.317	0.338	0.317	0.337	0.485	0.380	0.464	0.486	0.422	0.359	0.344	0.439	0.317	0.360	0.360	0.508	0.444	0.444	0.360	0.317	0.360	0.339	0.540	0.327	0.381	0.381	0.296	0.339	0.339	0.296	0.296	0.296	0.317	0.254	0.338	0.359	0.360	0.296	0.339	0.317	0.360	0.296	0.254	0.296	0.317	0.275	0.275	0.235	0.252	0.212	0.233	0.275	0.166	0.236	0.296	0.296	0.233	0.296	0.211	0.253	0.296	0.296	0.275	0.317	0.360	0.275	0.381	0.402	0.423	0.402	0.444	0.571	0.465	0.423	0.423	0.465	0.359	0.295	0.274	0.337	0.295	0.253	0.274	0.337	0.295	0.231	0.378	0.294	0.358	0.357	0.485	0.570	0.589	0.441	0.315	0.420	0.461	0.440	0.399	0.336	0.337	0.505	0.379	0.422	0.359	0.296	0.253	0.253	0.211	0.211	0.179	0.163	0.185	0.232	0.148	0.274	0.253	0.253	0.274	0.253	0.232	0.169	0.275	0.212	0.090	0.101	0.106	0.164	0.152	0.069	0.090	0.080	0.227	0.233	0.180	0.137	0.148	0.096	0.131	0.164	0.190	0.180	0.212	0.254	0.169	0.148	0.190	0.296	0.169	0.190	0.211	0.211	0.244	0.264	0.296	0.233	0.212	0.233	0.233	0.317	0.402	0.317	0.317	0.444	0.356	0.406	0.360	0.296	0.423	0.572	0.634	0.465	0.318	0.380	0.402	0.254	0.212	0.254	0.212	0.211	0.148	0.104	0.109	0.120	0.113	0.099	0.095	0.137	0.141	0.158	0.119	0.162	0.173	0.162	0.109	0.088	0.102	0.180	0.166	0.162	0.187	0.239	0.172	0.157	0.170	0.165	0.216	0.182	0.120	0.155	0.093	0.169	0.210	0.169	0.130	0.176	0.162	0.162	0.109	0.125	0.166	0.173	0.102	0.113	0.187	0.148	0.165	0.106	0.098	0.130	0.095	0.120	0.094	0.120	0.081	0.064	0.094	0.084	0.052	0.073	0.074	0.060	0.081	0.074	0.109	0.095	0.106	0.100	0.116	0.096	0.130	0.072	0.083	0.073	0.089	0.087																																																																																																																																																																																																																																																																																																																																																																																																																	
516B_PIEN		MRS5	2016	0.000	0.0000	0	0.000		102	RINGWIDTH	1	NotAFile	6/13/2017 10:21:22	                   		2823 668 8 Grey	Intr 0.042315 0.042283 Y	EPSON Twain Data Source On WIA WIA-EPSON Expression 10000XL 1.9 V1.0 26 June 2000	0.0 [0]	2110.3333 242.6667 457.3333 183.3333  1.0000	Tg A Int Y	50 %	N W Man	19 1.0000 Lin 1.00	0.0120 0.0148 0.0203 0.0240 0.0289 0.0365 0.0481 0.0575 0.0685 0.0869 0.1104 0.1358 0.1795 0.2183 0.2831 0.3664 0.4581 0.5495 0.7145 	16 19 23 27 29 34 40 44 50 59 68 77 92 105 122 144 164 186 219 	0.0120 0.0148 0.0203 0.0240 0.0289 0.0365 0.0481 0.0575 0.0685 0.0869 0.1104 0.1358 0.1795 0.2183 0.2831 0.3664 0.4581 0.5495 0.7145 	0.0000	0.0000	0.0000	0.0000	0.0000	0.0000	69.9923	0.280	0.567	0.845	1.461	0.764	0.378	0.318	0.486	0.568	0.940	0.589	0.546	0.603	0.688	1.089	0.885	0.814	0.821	0.674	0.831	0.790	1.766	2.044	1.963	1.416	1.054	0.846	0.860	1.236	1.607	0.899	0.740	0.784	0.713	0.816	0.530	1.555	1.532	0.924	0.599	0.604	0.632	0.650	0.609	0.680	0.452	0.436	0.532	0.491	0.575	0.430	0.666	0.491	0.482	0.358	0.516	0.475	0.452	0.587	0.739	0.591	0.591	0.562	0.562	0.406	0.411	0.463	0.440	0.521	0.562	0.609	0.696	0.408	0.492	0.411	0.537	0.579	0.414	0.502	0.502	0.420	0.504	0.506	0.633	0.549	0.549	0.507	0.548	0.421	0.209	0.366	0.352	0.422	0.337	0.337	0.421	0.506	0.507	0.422	0.381	0.338	0.199																																																																																																								
516A_PIEN		MRS5	2016	0.000	0.0000	0	0.000		102	RINGWIDTH	1	NotAFile	6/13/2017 10:21:22	                   		2823 668 8 Grey	Intr 0.042315 0.042283 Y	EPSON Twain Data Source On WIA WIA-EPSON Expression 10000XL 1.9 V1.0 26 June 2000	0.0 [0]	2341.0000 403.3333 562.3333 378.0000  1.0000	Tg A Int Y	50 %	N W Man	19 1.0000 Lin 1.00	0.0120 0.0148 0.0203 0.0240 0.0289 0.0365 0.0481 0.0575 0.0685 0.0869 0.1104 0.1358 0.1795 0.2183 0.2831 0.3664 0.4581 0.5495 0.7145 	16 19 23 27 29 34 40 44 50 59 68 77 92 105 122 144 164 186 219 	0.0120 0.0148 0.0203 0.0240 0.0289 0.0365 0.0481 0.0575 0.0685 0.0869 0.1104 0.1358 0.1795 0.2183 0.2831 0.3664 0.4581 0.5495 0.7145 	0.0000	0.0000	0.0000	0.0000	0.0000	0.0000	75.2725	0.168	1.397	1.240	0.658	0.465	0.451	0.564	0.579	0.902	1.184	0.720	1.058	1.185	1.269	1.353	0.972	0.761	1.016	1.016	1.002	0.774	0.804	1.522	1.394	1.100	0.931	0.719	0.635	1.048	1.491	0.889	0.611	0.591	0.574	0.761	0.635	1.396	1.439	1.185	0.694	0.701	0.635	0.592	0.635	0.719	0.634	0.719	0.761	0.761	0.758	0.758	0.845	0.592	0.761	0.716	0.758	0.884	0.884	0.798	0.925	0.671	0.620	0.752	0.709	0.487	0.550	0.376	0.540	0.639	0.759	0.589	0.884	0.752	0.673	0.505	0.668	0.668	0.455	0.543	0.505	0.385	0.498	0.547	0.716	0.589	0.589	0.543	0.543	0.401	0.167	0.356	0.334	0.334	0.376	0.376	0.501	0.627	0.631	0.585	0.459	0.508	0.283																																																																																																								
516B_PIEN		MRS5	2016	0.000	0.0000	0	0.000		102	RINGWIDTH	1	NotAFile	6/13/2017 10:45:42	                   		2675 631 8 Grey	Intr 0.042315 0.042283 N	EPSON Twain Data Source On WIA WIA-EPSON Expression 10000XL 1.9 V1.0 26 June 2000	0.0 [0]	2080.0000 209.0000 426.0000 137.0000  1.0000	Tg A Int Y	50 %	N W Man	19 1.0000 Lin 1.00	0.0120 0.0148 0.0203 0.0240 0.0289 0.0365 0.0481 0.0575 0.0685 0.0869 0.1104 0.1358 0.1795 0.2183 0.2831 0.3664 0.4581 0.5495 0.7145 	16 19 23 27 29 34 40 44 50 59 68 77 92 105 122 144 164 186 219 	0.0120 0.0148 0.0203 0.0240 0.0289 0.0365 0.0481 0.0575 0.0685 0.0869 0.1104 0.1358 0.1795 0.2183 0.2831 0.3664 0.4581 0.5495 0.7145 	0.0000	0.0000	0.0000	0.0000	0.0000	0.0000	70.0558	0.142	0.628	0.728	1.440	0.762	0.286	0.414	0.487	0.504	0.902	0.653	0.622	0.550	0.778	1.125	0.796	0.827	0.893	0.690	0.806	0.747	1.735	2.157	1.916	1.456	1.034	0.803	0.886	1.272	1.647	0.887	0.741	0.753	0.761	0.807	0.547	1.507	1.508	0.943	0.561	0.633	0.635	0.658	0.659	0.625	0.539	0.422	0.480	0.486	0.596	0.422	0.641	0.444	0.481	0.401	0.520	0.503	0.414	0.575	0.712	0.649	0.589	0.563	0.515	0.434	0.448	0.395	0.479	0.480	0.561	0.648	0.645	0.440	0.489	0.411	0.536	0.578	0.376	0.546	0.505	0.421	0.508	0.508	0.635	0.548	0.549	0.507	0.550	0.400	0.233	0.337	0.379	0.379	0.381	0.339	0.423	0.505	0.507	0.423	0.381	0.338	0.236																																																																																																								
516A_PIEN		MRS5	2016	0.000	0.0000	0	0.000		102	RINGWIDTH	1	NotAFile	6/13/2017 10:45:42	                   		2675 631 8 Grey	Intr 0.042315 0.042283 N	EPSON Twain Data Source On WIA WIA-EPSON Expression 10000XL 1.9 V1.0 26 June 2000	0.0 [0]	2234.0000 392.0000 440.3333 327.0000  1.0000	Tg A Int Y	50 %	N W Man	19 1.0000 Lin 1.00	0.0120 0.0148 0.0203 0.0240 0.0289 0.0365 0.0481 0.0575 0.0685 0.0869 0.1104 0.1358 0.1795 0.2183 0.2831 0.3664 0.4581 0.5495 0.7145 	16 19 23 27 29 34 40 44 50 59 68 77 92 105 122 144 164 186 219 	0.0120 0.0148 0.0203 0.0240 0.0289 0.0365 0.0481 0.0575 0.0685 0.0869 0.1104 0.1358 0.1795 0.2183 0.2831 0.3664 0.4581 0.5495 0.7145 	0.0000	0.0000	0.0000	0.0000	0.0000	0.0000	75.9494	0.393	1.418	1.215	0.773	0.563	0.410	0.631	0.549	0.867	1.227	0.741	0.951	1.227	1.227	1.396	0.952	0.744	1.049	1.015	0.973	0.788	0.820	1.523	1.354	1.114	0.962	0.703	0.634	1.047	1.537	0.763	0.746	0.564	0.580	0.718	0.634	1.374	1.438	1.185	0.799	0.679	0.565	0.618	0.639	0.701	0.650	0.719	0.719	0.804	0.761	0.774	0.831	0.592	0.717	0.753	0.795	0.886	0.872	0.751	0.962	0.670	0.540	0.843	0.712	0.498	0.466	0.458	0.448	0.671	0.712	0.634	0.880	0.759	0.671	0.501	0.668	0.669	0.460	0.544	0.544	0.381	0.503	0.506	0.706	0.628	0.545	0.545	0.545	0.383	0.210	0.318	0.351	0.335	0.377	0.373	0.543	0.585	0.628	0.586	0.503	0.441	0.335																																																																																																								
516B_PIEN		MRS5	2016	0.000	0.0000	0	0.000		102	RINGWIDTH	1	m5_516.tif	6/13/2017 10:52:11	                   		2675 631 8 Grey	Intr 0.042315 0.042283 N	Regent Instruments Inc.  WinDENDRO Reg 2014a	0.0 [0]	2080.0000 209.0000 426.0000 137.0000  1.0000	Tg A Int Y	50 %	N W Man	19 1.0000 Lin 1.00	0.0120 0.0148 0.0203 0.0240 0.0289 0.0365 0.0481 0.0575 0.0685 0.0869 0.1104 0.1358 0.1795 0.2183 0.2831 0.3664 0.4581 0.5495 0.7145 	16 19 23 27 29 34 40 44 50 59 68 77 92 105 122 144 164 186 219 	0.0120 0.0148 0.0203 0.0240 0.0289 0.0365 0.0481 0.0575 0.0685 0.0869 0.1104 0.1358 0.1795 0.2183 0.2831 0.3664 0.4581 0.5495 0.7145 	0.0000	0.0000	0.0000	0.0000	0.0000	0.0000	70.0558	0.142	0.628	0.728	1.440	0.762	0.286	0.414	0.487	0.504	0.902	0.653	0.622	0.550	0.778	1.125	0.796	0.827	0.893	0.690	0.806	0.747	1.735	2.157	1.916	1.456	1.034	0.803	0.886	1.272	1.647	0.887	0.741	0.753	0.761	0.807	0.547	1.507	1.508	0.943	0.561	0.633	0.635	0.658	0.659	0.625	0.539	0.422	0.480	0.486	0.596	0.422	0.641	0.444	0.481	0.401	0.520	0.503	0.414	0.575	0.712	0.649	0.589	0.563	0.515	0.434	0.448	0.395	0.479	0.480	0.561	0.648	0.645	0.440	0.489	0.411	0.536	0.578	0.376	0.546	0.505	0.421	0.508	0.508	0.635	0.548	0.549	0.507	0.550	0.400	0.233	0.337	0.379	0.379	0.381	0.339	0.423	0.505	0.507	0.423	0.381	0.338	0.236																																																																																																								
516A_PIEN		MRS5	2016	0.000	0.0000	0	0.000		102	RINGWIDTH	1	m5_516.tif	6/13/2017 10:52:11	                   		2675 631 8 Grey	Intr 0.042315 0.042283 N	Regent Instruments Inc.  WinDENDRO Reg 2014a	0.0 [0]	2234.0000 392.0000 440.3333 327.0000  1.0000	Tg A Int Y	50 %	N W Man	19 1.0000 Lin 1.00	0.0120 0.0148 0.0203 0.0240 0.0289 0.0365 0.0481 0.0575 0.0685 0.0869 0.1104 0.1358 0.1795 0.2183 0.2831 0.3664 0.4581 0.5495 0.7145 	16 19 23 27 29 34 40 44 50 59 68 77 92 105 122 144 164 186 219 	0.0120 0.0148 0.0203 0.0240 0.0289 0.0365 0.0481 0.0575 0.0685 0.0869 0.1104 0.1358 0.1795 0.2183 0.2831 0.3664 0.4581 0.5495 0.7145 	0.0000	0.0000	0.0000	0.0000	0.0000	0.0000	75.9494	0.393	1.418	1.215	0.773	0.563	0.410	0.631	0.549	0.867	1.227	0.741	0.951	1.227	1.227	1.396	0.952	0.744	1.049	1.015	0.973	0.788	0.820	1.523	1.354	1.114	0.962	0.703	0.634	1.047	1.537	0.763	0.746	0.564	0.580	0.718	0.634	1.374	1.438	1.185	0.799	0.679	0.565	0.618	0.639	0.701	0.650	0.719	0.719	0.804	0.761	0.774	0.831	0.592	0.717	0.753	0.795	0.886	0.872	0.751	0.962	0.670	0.540	0.843	0.712	0.498	0.466	0.458	0.448	0.671	0.712	0.634	0.880	0.759	0.671	0.501	0.668	0.669	0.460	0.544	0.544	0.381	0.503	0.506	0.706	0.628	0.545	0.545	0.545	0.383	0.210	0.318	0.351	0.335	0.377	0.373	0.543	0.585	0.628	0.586	0.503	0.441	0.335																																																																																																								
516B_PIEN		MRS5	2016	0.000	0.0000	0	0.000		102	RINGWIDTH	1	m5_516.tif	6/13/2017 10:57:05	                   		2675 631 8 Grey	Intr 0.042315 0.042283 N	Regent Instruments Inc.  WinDENDRO Reg 2014a	0.0 [0]	2080.0000 209.0000 426.0000 137.0000  1.0000	Tg A Int Y	50 %	N W Man	19 1.0000 Lin 1.00	0.0120 0.0148 0.0203 0.0240 0.0289 0.0365 0.0481 0.0575 0.0685 0.0869 0.1104 0.1358 0.1795 0.2183 0.2831 0.3664 0.4581 0.5495 0.7145 	16 19 23 27 29 34 40 44 50 59 68 77 92 105 122 144 164 186 219 	0.0120 0.0148 0.0203 0.0240 0.0289 0.0365 0.0481 0.0575 0.0685 0.0869 0.1104 0.1358 0.1795 0.2183 0.2831 0.3664 0.4581 0.5495 0.7145 	0.0000	0.0000	0.0000	0.0000	0.0000	0.0000	70.0558	0.142	0.628	0.728	1.440	0.762	0.286	0.414	0.487	0.504	0.902	0.653	0.622	0.550	0.778	1.125	0.796	0.827	0.893	0.690	0.806	0.747	1.735	2.157	1.916	1.456	1.034	0.803	0.886	1.272	1.647	0.887	0.741	0.753	0.761	0.807	0.547	1.507	1.508	0.943	0.561	0.633	0.635	0.658	0.659	0.625	0.539	0.422	0.480	0.486	0.596	0.422	0.641	0.444	0.481	0.401	0.520	0.503	0.414	0.575	0.712	0.649	0.589	0.563	0.515	0.434	0.448	0.395	0.479	0.480	0.561	0.648	0.645	0.440	0.489	0.411	0.536	0.578	0.376	0.546	0.505	0.421	0.508	0.508	0.635	0.548	0.549	0.507	0.550	0.400	0.233	0.337	0.379	0.379	0.381	0.339	0.423	0.505	0.507	0.423	0.381	0.338	0.236																																																																																																								
516A_PIEN		MRS5	2016	0.000	0.0000	0	0.000		102	RINGWIDTH	1	m5_516.tif	6/13/2017 10:57:05	                   		2675 631 8 Grey	Intr 0.042315 0.042283 N	Regent Instruments Inc.  WinDENDRO Reg 2014a	0.0 [0]	2234.0000 392.0000 440.3333 327.0000  1.0000	Tg A Int Y	50 %	N W Man	19 1.0000 Lin 1.00	0.0120 0.0148 0.0203 0.0240 0.0289 0.0365 0.0481 0.0575 0.0685 0.0869 0.1104 0.1358 0.1795 0.2183 0.2831 0.3664 0.4581 0.5495 0.7145 	16 19 23 27 29 34 40 44 50 59 68 77 92 105 122 144 164 186 219 	0.0120 0.0148 0.0203 0.0240 0.0289 0.0365 0.0481 0.0575 0.0685 0.0869 0.1104 0.1358 0.1795 0.2183 0.2831 0.3664 0.4581 0.5495 0.7145 	0.0000	0.0000	0.0000	0.0000	0.0000	0.0000	75.9494	0.393	1.418	1.215	0.773	0.563	0.410	0.631	0.549	0.867	1.227	0.741	0.951	1.227	1.227	1.396	0.952	0.744	1.049	1.015	0.973	0.788	0.820	1.523	1.354	1.114	0.962	0.703	0.634	1.047	1.537	0.763	0.746	0.564	0.580	0.718	0.634	1.374	1.438	1.185	0.799	0.679	0.565	0.618	0.639	0.701	0.650	0.719	0.719	0.804	0.761	0.774	0.831	0.592	0.717	0.753	0.795	0.886	0.872	0.751	0.962	0.670	0.540	0.843	0.712	0.498	0.466	0.458	0.448	0.671	0.712	0.634	0.880	0.759	0.671	0.501	0.668	0.669	0.460	0.544	0.544	0.381	0.503	0.506	0.706	0.628	0.545	0.545	0.545	0.383	0.210	0.318	0.351	0.335	0.377	0.373	0.543	0.585	0.628	0.586	0.503	0.441	0.335																																																																																																								
518A_PIEN		MRS5	2016	0.000	0.0000	0	0.000		65	RINGWIDTH	1	NotAFile	6/13/2017 14:36:26	                   		6391 1262 8 Grey	Intr 0.021158 0.021141 N	EPSON Twain Data Source On WIA WIA-EPSON Expression 10000XL 1.9 V1.0 26 June 2000	0.0 [0]	4752.0000 322.0000 648.0000 473.0000  1.0000	Tg A Int Y	50 %	N W Man	19 1.0000 Lin 1.00	0.0120 0.0148 0.0203 0.0240 0.0289 0.0365 0.0481 0.0575 0.0685 0.0869 0.1104 0.1358 0.1795 0.2183 0.2831 0.3664 0.4581 0.5495 0.7145 	16 19 23 27 29 34 40 44 50 59 68 77 92 105 122 144 164 186 219 	0.0120 0.0148 0.0203 0.0240 0.0289 0.0365 0.0481 0.0575 0.0685 0.0869 0.1104 0.1358 0.1795 0.2183 0.2831 0.3664 0.4581 0.5495 0.7145 	0.0000	0.0000	0.0000	0.0000	0.0000	0.0000	88.4958	0.320	1.007	1.294	1.176	1.535	1.291	1.679	1.446	1.426	1.411	1.188	1.310	0.851	0.816	1.038	0.919	0.928	1.333	1.014	0.987	1.107	0.823	1.015	0.938	1.168	1.281	1.348	1.200	0.846	0.811	1.061	1.061	0.979	0.974	1.230	1.205	1.354	1.259	1.172	1.093	1.138	1.471	1.396	1.708	1.657	1.578	1.691	1.586	2.252	1.871	1.553	1.224	1.014	1.181	1.255	1.212	1.513	1.237	1.389	1.052	1.073	1.117	1.202	1.225	0.404																																																																			
518B_PIEN		MRS5	2016	0.000	0.0000	0	0.000		69	RINGWIDTH	1	NotAFile	6/13/2017 14:36:26	                   		6391 1262 8 Grey	Intr 0.021158 0.021141 N	EPSON Twain Data Source On WIA WIA-EPSON Expression 10000XL 1.9 V1.0 26 June 2000	0.0 [0]	5275.0000 975.0000 739.0000 812.0000  1.0000	Tg A Int Y	50 %	N W Man	19 1.0000 Lin 1.00	0.0120 0.0148 0.0203 0.0240 0.0289 0.0365 0.0481 0.0575 0.0685 0.0869 0.1104 0.1358 0.1795 0.2183 0.2831 0.3664 0.4581 0.5495 0.7145 	16 19 23 27 29 34 40 44 50 59 68 77 92 105 122 144 164 186 219 	0.0120 0.0148 0.0203 0.0240 0.0289 0.0365 0.0481 0.0575 0.0685 0.0869 0.1104 0.1358 0.1795 0.2183 0.2831 0.3664 0.4581 0.5495 0.7145 	0.0000	0.0000	0.0000	0.0000	0.0000	0.0000	97.9938	0.114	1.470	0.715	0.894	1.088	1.083	1.554	1.563	1.290	1.495	1.541	1.141	1.168	1.376	1.036	1.173	0.969	0.835	0.894	0.749	0.881	1.048	0.904	0.883	0.971	0.746	0.753	0.970	1.209	1.288	1.447	1.268	1.095	1.019	0.960	0.961	1.052	0.972	1.196	1.187	1.183	1.258	1.337	1.199	1.317	1.818	1.558	1.658	1.444	1.498	2.012	1.652	1.693	1.690	1.777	1.500	1.403	1.482	1.425	1.346	1.484	1.520	1.596	1.416	1.398	1.196	1.256	1.479	0.486																																																																							
545A_PIEN		MRS5	2016	0.000	0.0000	0	0.000		82	RINGWIDTH	1	NotAFile	6/16/2017 14:32:23	                   		4830 1113 8 Grey	Intr 0.021158 0.021141 N	EPSON Twain Data Source On WIA WIA-EPSON Expression 10000XL 1.9 V1.0 26 June 2000	0.0 [0]	4270.0000 150.0000 1358.0000 168.0000  1.0000	Tg A Int Y	50 %	N W Man	19 1.0000 Lin 1.00	0.0120 0.0148 0.0203 0.0240 0.0289 0.0365 0.0481 0.0575 0.0685 0.0869 0.1104 0.1358 0.1795 0.2183 0.2831 0.3664 0.4581 0.5495 0.7145 	16 19 23 27 29 34 40 44 50 59 68 77 92 105 122 144 164 186 219 	0.0120 0.0148 0.0203 0.0240 0.0289 0.0365 0.0481 0.0575 0.0685 0.0869 0.1104 0.1358 0.1795 0.2183 0.2831 0.3664 0.4581 0.5495 0.7145 	0.0000	0.0000	0.0000	0.0000	0.0000	0.0000	61.6128	1.015	0.437	0.585	0.458	0.501	0.461	0.482	0.528	0.381	0.381	0.360	0.487	0.381	0.381	0.317	0.804	0.698	0.465	0.254	0.190	0.212	0.339	0.402	0.444	0.402	0.486	0.464	0.316	0.358	0.528	0.338	0.296	0.170	0.189	0.233	0.233	0.360	0.656	0.718	0.930	0.888	0.803	0.655	0.909	1.098	1.159	0.925	1.136	0.800	0.822	0.528	0.359	0.380	0.401	0.402	0.423	0.677	0.635	0.697	0.803	0.929	1.353	1.481	1.502	1.375	1.459	1.310	1.496	1.306	1.203	1.499	1.182	1.182	1.435	1.541	1.435	1.076	1.224	1.323	1.116	1.538	0.737																																																																																				
545B_PIEN		MRS5	2016	0.000	0.0000	0	0.000		83	RINGWIDTH	1	NotAFile	6/16/2017 14:32:23	                   		4830 1113 8 Grey	Intr 0.021158 0.021141 N	EPSON Twain Data Source On WIA WIA-EPSON Expression 10000XL 1.9 V1.0 26 June 2000	0.0 [0]	3985.0000 695.0000 1412.0000 583.0000  1.0000	Tg A Int Y	50 %	N W Man	19 1.0000 Lin 1.00	0.0120 0.0148 0.0203 0.0240 0.0289 0.0365 0.0481 0.0575 0.0685 0.0869 0.1104 0.1358 0.1795 0.2183 0.2831 0.3664 0.4581 0.5495 0.7145 	16 19 23 27 29 34 40 44 50 59 68 77 92 105 122 144 164 186 219 	0.0120 0.0148 0.0203 0.0240 0.0289 0.0365 0.0481 0.0575 0.0685 0.0869 0.1104 0.1358 0.1795 0.2183 0.2831 0.3664 0.4581 0.5495 0.7145 	0.0000	0.0000	0.0000	0.0000	0.0000	0.0000	54.4902	1.453	1.560	0.774	1.025	1.119	1.183	0.786	1.029	0.817	0.556	0.543	0.612	0.591	0.496	0.494	0.360	0.483	0.353	0.297	0.275	0.266	0.380	0.338	0.221	0.445	0.474	0.587	0.725	0.595	0.826	0.845	0.493	0.536	0.446	0.446	0.508	0.334	0.314	0.575	0.459	0.487	0.508	0.589	0.629	0.590	0.449	0.285	0.348	0.391	0.309	0.362	0.444	0.270	0.415	0.353	0.374	0.477	0.500	0.459	0.577	0.489	0.587	0.462	0.462	0.675	0.675	0.590	0.547	0.547	0.508	0.402	0.592	0.508	0.867	0.825	0.698	0.571	0.465	0.592	0.846	0.614	0.635	0.414																																																																																					
547A_PIEN		MRS5	2016	0.000	0.0000	0	0.000		75	RINGWIDTH	1	NotAFile	6/13/2017 11:45:47	                   		2873 841 8 Grey	Intr 0.031737 0.031712 N	EPSON Twain Data Source On WIA WIA-EPSON Expression 10000XL 1.9 V1.0 26 June 2000	0.0 [0]	1762.0000 188.0000 510.0000 148.0000  1.0000	Tg A Int Y	50 %	N W Man	19 1.0000 Lin 1.00	0.0120 0.0148 0.0203 0.0240 0.0289 0.0365 0.0481 0.0575 0.0685 0.0869 0.1104 0.1358 0.1795 0.2183 0.2831 0.3664 0.4581 0.5495 0.7145 	16 19 23 27 29 34 40 44 50 59 68 77 92 105 122 144 164 186 219 	0.0120 0.0148 0.0203 0.0240 0.0289 0.0365 0.0481 0.0575 0.0685 0.0869 0.1104 0.1358 0.1795 0.2183 0.2831 0.3664 0.4581 0.5495 0.7145 	0.0000	0.0000	0.0000	0.0000	0.0000	0.0000	39.7815	0.343	0.435	0.389	0.574	0.820	1.236	0.635	0.481	0.563	0.490	0.360	0.363	0.430	0.455	0.626	0.360	0.417	0.412	0.385	0.566	0.573	0.510	0.214	0.651	0.287	0.519	0.351	0.376	0.411	0.746	0.513	0.455	0.610	0.553	0.459	0.399	0.514	0.400	0.435	0.308	0.259	0.789	0.664	0.724	0.663	0.567	0.472	0.537	0.569	0.600	0.442	0.474	0.474	0.506	0.422	0.457	0.511	0.476	0.540	0.598	0.763	0.665	0.411	0.601	0.538	0.475	0.538	0.602	0.570	0.348	0.411	0.476	0.411	0.505	0.205																																																																													
547B_PIEN		MRS5	2016	0.000	0.0000	0	0.000		88	RINGWIDTH	1	NotAFile	6/13/2017 11:45:47	                   		2873 841 8 Grey	Intr 0.031737 0.031712 N	EPSON Twain Data Source On WIA WIA-EPSON Expression 10000XL 1.9 V1.0 26 June 2000	0.0 [0]	2039.5000 389.5000 431.5000 471.0000  1.0000	Tg A Int Y	50 %	N W Man	19 1.0000 Lin 1.00	0.0120 0.0148 0.0203 0.0240 0.0289 0.0365 0.0481 0.0575 0.0685 0.0869 0.1104 0.1358 0.1795 0.2183 0.2831 0.3664 0.4581 0.5495 0.7145 	16 19 23 27 29 34 40 44 50 59 68 77 92 105 122 144 164 186 219 	0.0120 0.0148 0.0203 0.0240 0.0289 0.0365 0.0481 0.0575 0.0685 0.0869 0.1104 0.1358 0.1795 0.2183 0.2831 0.3664 0.4581 0.5495 0.7145 	0.0000	0.0000	0.0000	0.0000	0.0000	0.0000	52.2962	0.337	0.320	0.568	0.601	0.363	0.538	0.454	0.463	0.471	0.347	0.451	0.583	0.363	0.699	0.947	0.701	0.497	0.570	0.791	1.041	0.554	0.733	0.507	0.400	0.393	0.371	0.400	0.685	0.374	0.580	0.412	0.387	0.280	0.412	0.586	0.653	0.715	0.715	0.347	0.283	0.219	0.342	0.311	0.648	0.405	0.277	0.308	0.463	0.524	0.489	0.532	0.467	0.504	0.316	0.316	0.301	0.522	0.476	0.443	0.348	0.412	0.444	0.540	0.381	0.381	0.444	0.540	0.476	0.492	0.665	0.555	0.759	0.698	0.793	0.633	0.538	0.601	0.506	0.570	0.791	0.886	0.760	0.603	0.570	0.506	0.538	0.662	0.158																																																																																										
563A_PIEN		MRS5	2016	0.000	0.0000	0	0.000		77	RINGWIDTH	1	NotAFile	6/15/2017 10:54:15	                   		5053 1187 8 Grey	Intr 0.021158 0.021141 N	EPSON Twain Data Source On WIA WIA-EPSON Expression 10000XL 1.9 V1.0 26 June 2000	0.0 [0]	3474.0000 217.0000 884.0000 247.0000  1.0000	Tg A Int Y	50 %	N W Man	19 1.0000 Lin 1.00	0.0120 0.0148 0.0203 0.0240 0.0289 0.0365 0.0481 0.0575 0.0685 0.0869 0.1104 0.1358 0.1795 0.2183 0.2831 0.3664 0.4581 0.5495 0.7145 	16 19 23 27 29 34 40 44 50 59 68 77 92 105 122 144 164 186 219 	0.0120 0.0148 0.0203 0.0240 0.0289 0.0365 0.0481 0.0575 0.0685 0.0869 0.1104 0.1358 0.1795 0.2183 0.2831 0.3664 0.4581 0.5495 0.7145 	0.0000	0.0000	0.0000	0.0000	0.0000	0.0000	54.8222	0.399	0.935	0.959	2.666	1.693	1.485	1.092	1.239	1.575	1.263	1.116	1.130	1.047	1.365	1.302	1.050	0.861	1.179	1.323	1.179	1.474	1.116	1.470	1.043	0.772	0.816	0.607	0.586	0.564	0.563	0.521	0.733	0.522	0.542	0.626	0.667	0.519	0.498	0.498	0.457	0.398	0.398	0.461	0.502	0.607	0.819	0.651	0.525	0.567	0.651	0.588	0.546	0.506	0.422	0.336	0.421	0.380	0.506	0.369	0.433	0.338	0.233	0.180	0.095	0.190	0.148	0.232	0.254	0.274	0.338	0.296	0.359	0.317	0.423	0.528	0.211	0.106																																																																															
563B_PIEN		MRS5	2016	0.000	0.0000	0	0.000		78	RINGWIDTH	1	NotAFile	6/15/2017 10:54:15	                   		5053 1187 8 Grey	Intr 0.021158 0.021141 N	EPSON Twain Data Source On WIA WIA-EPSON Expression 10000XL 1.9 V1.0 26 June 2000	0.0 [0]	3176.0000 716.0000 909.0000 736.0000  1.0000	Tg A Int Y	50 %	N W Man	19 1.0000 Lin 1.00	0.0120 0.0148 0.0203 0.0240 0.0289 0.0365 0.0481 0.0575 0.0685 0.0869 0.1104 0.1358 0.1795 0.2183 0.2831 0.3664 0.4581 0.5495 0.7145 	16 19 23 27 29 34 40 44 50 59 68 77 92 105 122 144 164 186 219 	0.0120 0.0148 0.0203 0.0240 0.0289 0.0365 0.0481 0.0575 0.0685 0.0869 0.1104 0.1358 0.1795 0.2183 0.2831 0.3664 0.4581 0.5495 0.7145 	0.0000	0.0000	0.0000	0.0000	0.0000	0.0000	47.9663	0.402	0.739	1.255	0.770	1.187	0.978	1.151	1.574	1.469	1.436	1.225	1.183	0.866	0.751	0.825	1.004	0.973	0.801	0.738	0.952	0.783	0.846	1.141	0.972	1.241	0.905	0.610	0.547	0.443	0.443	0.422	0.528	0.528	0.613	0.485	0.549	0.676	0.634	0.591	0.591	0.569	0.422	0.338	0.507	0.570	0.655	0.570	0.698	0.588	0.589	0.526	0.654	0.149	0.315	0.294	0.191	0.191	0.201	0.232	0.263	0.213	0.275	0.222	0.211	0.127	0.095	0.148	0.158	0.201	0.232	0.294	0.317	0.358	0.358	0.358	0.463	0.589	0.232																																																																																
572A_PIEN		MRS5	2016	0.000	0.0000	0	0.000		60	RINGWIDTH	1	NotAFile	6/15/2017 10:09:19	                   		5796 1187 8 Grey	Intr 0.021158 0.021141 N	EPSON Twain Data Source On WIA WIA-EPSON Expression 10000XL 1.9 V1.0 26 June 2000	0.0 [0]	3147.0000 289.0000 1112.0000 118.0000  1.0000	Tg A Int Y	50 %	N W Man	19 1.0000 Lin 1.00	0.0120 0.0148 0.0203 0.0240 0.0289 0.0365 0.0481 0.0575 0.0685 0.0869 0.1104 0.1358 0.1795 0.2183 0.2831 0.3664 0.4581 0.5495 0.7145 	16 19 23 27 29 34 40 44 50 59 68 77 92 105 122 144 164 186 219 	0.0120 0.0148 0.0203 0.0240 0.0289 0.0365 0.0481 0.0575 0.0685 0.0869 0.1104 0.1358 0.1795 0.2183 0.2831 0.3664 0.4581 0.5495 0.7145 	0.0000	0.0000	0.0000	0.0000	0.0000	0.0000	44.6725	0.245	1.753	0.571	1.013	1.029	1.226	0.616	0.848	0.578	0.633	0.592	0.421	0.813	0.750	0.657	0.633	0.624	0.499	0.526	0.447	0.524	0.645	0.670	0.637	0.555	0.659	0.661	0.620	0.671	0.774	0.777	0.758	0.589	0.619	0.640	0.483	0.736	0.758	1.437	0.571	0.592	0.740	0.696	0.528	0.571	0.571	0.528	0.423	0.508	0.402	0.444	0.487	0.487	0.444	0.550	0.423	0.487	0.508	0.550	0.243																																																														
572B_PIEN		MRS5	2016	0.000	0.0000	0	0.000		69	RINGWIDTH	1	NotAFile	6/15/2017 10:09:19	                   		5796 1187 8 Grey	Intr 0.021158 0.021141 N	EPSON Twain Data Source On WIA WIA-EPSON Expression 10000XL 1.9 V1.0 26 June 2000	0.0 [0]	3151.5000 514.0000 1148.0000 690.5000  1.0000	Tg A Int Y	50 %	N W Man	19 1.0000 Lin 1.00	0.0120 0.0148 0.0203 0.0240 0.0289 0.0365 0.0481 0.0575 0.0685 0.0869 0.1104 0.1358 0.1795 0.2183 0.2831 0.3664 0.4581 0.5495 0.7145 	16 19 23 27 29 34 40 44 50 59 68 77 92 105 122 144 164 186 219 	0.0120 0.0148 0.0203 0.0240 0.0289 0.0365 0.0481 0.0575 0.0685 0.0869 0.1104 0.1358 0.1795 0.2183 0.2831 0.3664 0.4581 0.5495 0.7145 	0.0000	0.0000	0.0000	0.0000	0.0000	0.0000	44.9866	0.148	0.706	0.799	0.728	0.769	0.564	0.622	0.481	0.817	1.070	0.965	0.697	0.687	0.534	0.352	0.509	0.782	0.533	0.634	0.421	0.531	0.459	0.397	0.422	0.465	0.623	0.590	0.533	0.559	0.483	0.307	0.359	0.443	0.440	0.412	0.342	0.463	0.506	0.571	0.510	0.408	0.555	0.557	0.456	0.539	0.733	0.629	0.734	0.590	0.717	0.655	0.560	0.589	0.663	0.654	0.557	0.708	0.576	0.589	0.545	0.566	0.525	0.505	0.442	0.526	0.590	0.528	0.213	0.189																																																																							
587A_PIEN		MRS5	2016	0.000	0.0000	0	0.000		160	RINGWIDTH	1	NotAFile	6/13/2017 15:23:10	                   		6614 1262 8 Grey	Intr 0.021158 0.021141 N	EPSON Twain Data Source On WIA WIA-EPSON Expression 10000XL 1.9 V1.0 26 June 2000	0.0 [0]	5691.0000 299.0000 1066.0000 277.0000  1.0000	Tg A Int Y	50 %	N W Man	19 1.0000 Lin 1.00	0.0120 0.0148 0.0203 0.0240 0.0289 0.0365 0.0481 0.0575 0.0685 0.0869 0.1104 0.1358 0.1795 0.2183 0.2831 0.3664 0.4581 0.5495 0.7145 	16 19 23 27 29 34 40 44 50 59 68 77 92 105 122 144 164 186 219 	0.0120 0.0148 0.0203 0.0240 0.0289 0.0365 0.0481 0.0575 0.0685 0.0869 0.1104 0.1358 0.1795 0.2183 0.2831 0.3664 0.4581 0.5495 0.7145 	0.0000	0.0000	0.0000	0.0000	0.0000	0.0000	97.8696	0.879	0.401	0.468	0.353	0.431	0.411	0.377	0.441	0.263	0.401	0.401	0.279	0.259	0.358	0.427	0.340	0.378	0.582	0.582	0.579	0.478	0.624	0.542	0.541	0.769	0.397	0.501	0.669	0.524	0.608	0.566	0.690	0.626	0.543	0.397	0.501	0.480	0.459	0.355	0.274	0.420	0.440	0.356	0.379	0.462	0.305	0.326	0.336	0.336	0.293	0.480	0.378	0.501	0.499	0.582	0.728	0.488	0.602	0.522	0.544	0.566	0.542	0.566	0.566	0.583	0.540	0.626	0.606	0.570	0.614	0.573	0.621	0.665	0.522	0.564	0.733	0.624	0.603	0.644	0.644	0.604	0.605	0.629	0.608	0.605	0.543	0.546	0.780	0.822	0.591	0.781	0.696	0.591	0.653	0.632	0.951	0.993	0.930	0.761	0.921	0.684	0.841	0.843	0.738	0.778	0.668	0.667	0.832	0.798	0.757	0.471	0.512	0.468	0.492	0.579	0.819	0.675	0.634	0.634	0.757	0.634	0.638	0.869	0.745	0.579	0.683	0.621	0.644	0.561	0.647	0.647	0.748	0.582	0.727	0.939	0.655	0.695	0.749	0.747	0.844	0.760	0.761	0.698	0.698	0.667	0.686	0.698	0.487	0.677	0.614	0.635	0.677	0.677	0.698	0.718	0.698	0.697	0.781	0.611	0.297																																																																																																																																																																		
587B_PIEN		MRS5	2016	0.000	0.0000	0	0.000		152	RINGWIDTH	1	NotAFile	6/13/2017 15:23:10	                   		6614 1262 8 Grey	Intr 0.021158 0.021141 N	EPSON Twain Data Source On WIA WIA-EPSON Expression 10000XL 1.9 V1.0 26 June 2000	0.0 [0]	4750.0000 822.0000 1141.5000 756.5000  1.0000	Tg A Int Y	50 %	N W Man	19 1.0000 Lin 1.00	0.0120 0.0148 0.0203 0.0240 0.0289 0.0365 0.0481 0.0575 0.0685 0.0869 0.1104 0.1358 0.1795 0.2183 0.2831 0.3664 0.4581 0.5495 0.7145 	16 19 23 27 29 34 40 44 50 59 68 77 92 105 122 144 164 186 219 	0.0120 0.0148 0.0203 0.0240 0.0289 0.0365 0.0481 0.0575 0.0685 0.0869 0.1104 0.1358 0.1795 0.2183 0.2831 0.3664 0.4581 0.5495 0.7145 	0.0000	0.0000	0.0000	0.0000	0.0000	0.0000	76.3600	0.632	0.358	0.315	0.230	0.272	0.356	0.378	0.231	0.294	0.356	0.400	0.527	0.486	0.444	0.444	0.423	0.570	0.401	0.442	0.545	0.358	0.485	0.463	0.525	0.524	0.485	0.485	0.463	0.420	0.504	0.419	0.335	0.420	0.485	0.337	0.379	0.505	0.318	0.397	0.400	0.315	0.315	0.481	0.396	0.544	0.500	0.625	0.563	0.563	0.560	0.476	0.475	0.476	0.415	0.414	0.518	0.477	0.560	0.622	0.560	0.477	0.477	0.454	0.537	0.475	0.433	0.454	0.557	0.495	0.496	0.498	0.496	0.472	0.493	0.472	0.454	0.495	0.454	0.469	0.548	0.606	0.605	0.584	0.495	0.435	0.477	0.495	0.595	0.573	0.469	0.571	0.674	0.546	0.588	0.629	0.565	0.543	0.480	0.543	0.524	0.523	0.443	0.280	0.301	0.303	0.324	0.385	0.387	0.449	0.433	0.493	0.469	0.510	0.490	0.619	0.454	0.371	0.514	0.554	0.531	0.509	0.527	0.588	0.627	0.592	0.636	0.616	0.453	0.598	0.630	0.553	0.725	0.674	0.645	0.604	0.662	0.620	0.623	0.549	0.402	0.615	0.533	0.426	0.464	0.440	0.459	0.538	0.518	0.576	0.558	0.489	0.303																																																																																																																																																										
351A_PIEN		MRS5	2016	0.000	0.0000	0	0.000		129	RINGWIDTH	1	NotAFile	6/15/2017 10:22:33	                   		4830 1039 8 Grey	Intr 0.021158 0.021141 N	EPSON Twain Data Source On WIA WIA-EPSON Expression 10000XL 1.9 V1.0 26 June 2000	0.0 [0]	3342.0000 242.0000 978.0000 215.0000  1.0000	Tg A Int Y	50 %	N W Man	19 1.0000 Lin 1.00	0.0120 0.0148 0.0203 0.0240 0.0289 0.0365 0.0481 0.0575 0.0685 0.0869 0.1104 0.1358 0.1795 0.2183 0.2831 0.3664 0.4581 0.5495 0.7145 	16 19 23 27 29 34 40 44 50 59 68 77 92 105 122 144 164 186 219 	0.0120 0.0148 0.0203 0.0240 0.0289 0.0365 0.0481 0.0575 0.0685 0.0869 0.1104 0.1358 0.1795 0.2183 0.2831 0.3664 0.4581 0.5495 0.7145 	0.0000	0.0000	0.0000	0.0000	0.0000	0.0000	50.0210	0.613	0.338	0.338	0.359	0.296	0.402	0.296	0.360	0.296	0.274	0.274	0.148	0.148	0.127	0.148	0.233	0.190	0.180	0.159	0.275	0.190	0.296	0.339	0.381	0.444	0.254	0.296	0.338	0.254	0.212	0.254	0.233	0.296	0.307	0.286	0.212	0.254	0.254	0.317	0.296	0.338	0.423	0.286	0.370	0.359	0.402	0.317	0.233	0.295	0.317	0.402	0.380	0.296	0.233	0.360	0.380	0.317	0.296	0.338	0.444	0.423	0.529	0.529	0.550	0.508	0.508	0.444	0.360	0.508	0.455	0.518	0.487	0.582	0.380	0.391	0.487	0.550	0.592	0.529	0.359	0.464	0.296	0.402	0.529	0.550	0.360	0.507	0.571	0.444	0.402	0.402	0.467	0.434	0.242	0.381	0.444	0.444	0.465	0.444	0.465	0.529	0.528	0.532	0.610	0.275	0.351	0.473	0.372	0.558	0.547	0.526	0.485	0.548	0.422	0.444	0.402	0.253	0.444	0.360	0.300	0.462	0.550	0.508	0.444	0.487	0.444	0.529	0.529	0.212																																																																																																																																			
351B_PIEN		MRS5	2016	0.000	0.0000	0	0.000		143	RINGWIDTH	1	NotAFile	6/15/2017 10:22:33	                   		4830 1039 8 Grey	Intr 0.021158 0.021141 N	EPSON Twain Data Source On WIA WIA-EPSON Expression 10000XL 1.9 V1.0 26 June 2000	0.0 [0]	3533.5000 658.5000 713.5000 740.5000  1.0000	Tg A Int Y	50 %	N W Man	19 1.0000 Lin 1.00	0.0120 0.0148 0.0203 0.0240 0.0289 0.0365 0.0481 0.0575 0.0685 0.0869 0.1104 0.1358 0.1795 0.2183 0.2831 0.3664 0.4581 0.5495 0.7145 	16 19 23 27 29 34 40 44 50 59 68 77 92 105 122 144 164 186 219 	0.0120 0.0148 0.0203 0.0240 0.0289 0.0365 0.0481 0.0575 0.0685 0.0869 0.1104 0.1358 0.1795 0.2183 0.2831 0.3664 0.4581 0.5495 0.7145 	0.0000	0.0000	0.0000	0.0000	0.0000	0.0000	59.6898	0.226	0.331	0.441	0.542	0.583	0.429	0.410	0.384	0.422	0.251	0.253	0.366	0.453	0.581	0.316	0.184	0.207	0.251	0.207	0.258	0.188	0.313	0.168	0.213	0.139	0.125	0.094	0.105	0.096	0.112	0.110	0.117	0.095	0.186	0.254	0.343	0.228	0.396	0.433	0.267	0.312	0.222	0.255	0.226	0.245	0.285	0.344	0.369	0.253	0.151	0.184	0.151	0.182	0.209	0.230	0.259	0.229	0.216	0.296	0.272	0.168	0.290	0.320	0.253	0.335	0.292	0.333	0.310	0.368	0.420	0.379	0.285	0.379	0.517	0.602	0.757	0.651	0.714	0.653	0.670	0.546	0.461	0.641	0.597	0.524	0.820	0.756	0.755	0.629	0.672	0.710	0.668	0.522	0.355	0.501	0.313	0.463	0.539	0.587	0.440	0.630	0.504	0.525	0.588	0.438	0.508	0.504	0.441	0.420	0.565	0.483	0.421	0.485	0.486	0.550	0.465	0.719	0.613	0.380	0.486	0.592	0.591	0.824	0.655	0.655	0.571	0.570	0.444	0.422	0.443	0.296	0.487	0.309	0.262	0.402	0.529	0.612	0.549	0.549	0.507	0.485	0.528	0.458																																																																																																																																																	
362A_PIEN		MRS5	2016	0.000	0.0000	0	0.000		76	RINGWIDTH	1	NotAFile	6/16/2017 13:53:19	                   		4904 1113 8 Grey	Intr 0.021158 0.021141 N	EPSON Twain Data Source On WIA WIA-EPSON Expression 10000XL 1.9 V1.0 26 June 2000	0.0 [0]	2063.0000 272.0000 895.0000 158.0000  1.0000	Tg A Int Y	50 %	N W Man	19 1.0000 Lin 1.00	0.0120 0.0148 0.0203 0.0240 0.0289 0.0365 0.0481 0.0575 0.0685 0.0869 0.1104 0.1358 0.1795 0.2183 0.2831 0.3664 0.4581 0.5495 0.7145 	16 19 23 27 29 34 40 44 50 59 68 77 92 105 122 144 164 186 219 	0.0120 0.0148 0.0203 0.0240 0.0289 0.0365 0.0481 0.0575 0.0685 0.0869 0.1104 0.1358 0.1795 0.2183 0.2831 0.3664 0.4581 0.5495 0.7145 	0.0000	0.0000	0.0000	0.0000	0.0000	0.0000	25.7988	0.762	1.129	0.551	1.066	0.971	0.820	0.687	0.676	0.538	0.463	0.280	0.261	0.308	0.343	0.341	0.300	0.137	0.169	0.129	0.147	0.155	0.199	0.141	0.219	0.219	0.195	0.127	0.100	0.202	0.174	0.147	0.144	0.136	0.129	0.190	0.187	0.189	0.183	0.158	0.124	0.118	0.163	0.222	0.233	0.213	0.201	0.145	0.145	0.135	0.239	0.249	0.262	0.273	0.241	0.105	0.148	0.157	0.179	0.190	0.199	0.199	0.153	0.119	0.112	0.146	0.161	0.200	0.189	0.210	0.210	0.189	0.189	0.283	0.334	0.450	0.166																																																																														
362B_PIEN		MRS5	2016	0.000	0.0000	0	0.000		73	RINGWIDTH	1	NotAFile	6/16/2017 13:53:19	                   		4904 1113 8 Grey	Intr 0.021158 0.021141 N	EPSON Twain Data Source On WIA WIA-EPSON Expression 10000XL 1.9 V1.0 26 June 2000	0.0 [0]	2910.5000 727.5000 1166.5000 678.0000  1.0000	Tg A Int Y	50 %	N W Man	19 1.0000 Lin 1.00	0.0120 0.0148 0.0203 0.0240 0.0289 0.0365 0.0481 0.0575 0.0685 0.0869 0.1104 0.1358 0.1795 0.2183 0.2831 0.3664 0.4581 0.5495 0.7145 	16 19 23 27 29 34 40 44 50 59 68 77 92 105 122 144 164 186 219 	0.0120 0.0148 0.0203 0.0240 0.0289 0.0365 0.0481 0.0575 0.0685 0.0869 0.1104 0.1358 0.1795 0.2183 0.2831 0.3664 0.4581 0.5495 0.7145 	0.0000	0.0000	0.0000	0.0000	0.0000	0.0000	36.9138	1.084	0.830	0.629	0.647	0.657	0.584	0.562	0.605	0.931	1.012	0.975	0.881	0.830	1.077	1.083	0.567	0.532	0.491	0.512	0.431	0.547	0.553	0.643	0.444	0.393	0.478	0.417	0.543	0.565	0.440	0.419	0.420	0.378	0.399	0.315	0.273	0.334	0.222	0.263	0.242	0.348	0.317	0.422	0.507	0.231	0.171	0.242	0.253	0.242	0.223	0.324	0.189	0.190	0.250	0.293	0.272	0.271	0.293	0.200	0.387	0.336	0.399	0.317	0.400	0.483	0.400	0.485	0.358	0.358	0.464	0.760	0.824	0.190																																																																											
365A_PIEN		MRS5	2016	0.000	0.0000	0	0.000		72	RINGWIDTH	1	NotAFile	6/16/2017 13:59:57	                   		5870 1187 8 Grey	Intr 0.021158 0.021141 N	EPSON Twain Data Source On WIA WIA-EPSON Expression 10000XL 1.9 V1.0 26 June 2000	0.0 [0]	4855.0000 202.0000 781.0000 306.0000  1.0000	Tg A Int Y	50 %	N W Man	19 1.0000 Lin 1.00	0.0120 0.0148 0.0203 0.0240 0.0289 0.0365 0.0481 0.0575 0.0685 0.0869 0.1104 0.1358 0.1795 0.2183 0.2831 0.3664 0.4581 0.5495 0.7145 	16 19 23 27 29 34 40 44 50 59 68 77 92 105 122 144 164 186 219 	0.0120 0.0148 0.0203 0.0240 0.0289 0.0365 0.0481 0.0575 0.0685 0.0869 0.1104 0.1358 0.1795 0.2183 0.2831 0.3664 0.4581 0.5495 0.7145 	0.0000	0.0000	0.0000	0.0000	0.0000	0.0000	86.2244	0.684	0.880	0.858	0.812	0.883	0.807	0.786	0.635	0.480	0.553	0.663	0.765	1.138	1.385	1.140	1.042	1.041	0.680	0.806	0.967	0.752	0.645	0.591	0.797	0.977	1.073	1.169	1.571	1.145	1.492	1.382	1.125	1.172	1.193	1.063	0.872	1.119	1.146	1.172	1.217	1.117	1.184	1.172	1.149	1.339	1.445	1.252	1.001	1.167	1.203	1.308	1.163	1.311	1.544	1.226	1.289	1.204	1.304	1.115	0.905	1.158	1.182	1.539	1.727	1.582	1.607	1.393	1.354	1.564	1.582	1.439	0.743																																																																										
365B_PIEN		MRS5	2016	0.000	0.0000	0	0.000		74	RINGWIDTH	1	NotAFile	6/16/2017 13:59:57	                   		5870 1187 8 Grey	Intr 0.021158 0.021141 N	EPSON Twain Data Source On WIA WIA-EPSON Expression 10000XL 1.9 V1.0 26 June 2000	0.0 [0]	4927.0000 791.0000 735.0000 726.0000  1.0000	Tg A Int Y	50 %	N W Man	19 1.0000 Lin 1.00	0.0120 0.0148 0.0203 0.0240 0.0289 0.0365 0.0481 0.0575 0.0685 0.0869 0.1104 0.1358 0.1795 0.2183 0.2831 0.3664 0.4581 0.5495 0.7145 	16 19 23 27 29 34 40 44 50 59 68 77 92 105 122 144 164 186 219 	0.0120 0.0148 0.0203 0.0240 0.0289 0.0365 0.0481 0.0575 0.0685 0.0869 0.1104 0.1358 0.1795 0.2183 0.2831 0.3664 0.4581 0.5495 0.7145 	0.0000	0.0000	0.0000	0.0000	0.0000	0.0000	88.7036	0.582	1.375	0.923	0.908	0.945	1.210	1.385	1.274	1.209	1.412	1.020	0.956	0.978	0.995	1.071	1.109	0.953	0.749	0.889	0.660	0.944	1.042	0.859	0.641	0.602	0.765	0.847	0.809	0.892	1.061	0.839	1.016	0.865	0.553	0.683	0.731	0.911	0.654	0.853	1.051	1.053	1.160	1.101	1.090	1.064	1.235	1.381	1.369	1.201	0.914	1.115	1.169	1.176	1.155	1.135	1.423	1.213	1.188	1.049	1.052	0.848	0.663	0.954	0.826	0.985	1.852	1.978	2.036	1.867	1.867	1.806	1.457	1.630	0.581																																																																												
366B_PIEN		MRS5	2016	0.000	0.0000	0	0.000		76	RINGWIDTH	1	NotAFile	6/13/2017 11:17:11	                   		2452 631 8 Grey	Intr 0.042315 0.042283 N	EPSON Twain Data Source On WIA WIA-EPSON Expression 10000XL 1.9 V1.0 26 June 2000	0.0 [0]	1356.0000 204.0000 353.0000 185.0000  1.0000	Tg A Int Y	50 %	N W Man	19 1.0000 Lin 1.00	0.0120 0.0148 0.0203 0.0240 0.0289 0.0365 0.0481 0.0575 0.0685 0.0869 0.1104 0.1358 0.1795 0.2183 0.2831 0.3664 0.4581 0.5495 0.7145 	16 19 23 27 29 34 40 44 50 59 68 77 92 105 122 144 164 186 219 	0.0120 0.0148 0.0203 0.0240 0.0289 0.0365 0.0481 0.0575 0.0685 0.0869 0.1104 0.1358 0.1795 0.2183 0.2831 0.3664 0.4581 0.5495 0.7145 	0.0000	0.0000	0.0000	0.0000	0.0000	0.0000	42.4777	0.625	2.379	1.392	0.881	0.551	0.685	0.743	0.706	0.689	0.642	1.031	0.823	0.537	0.620	0.703	0.496	0.579	0.620	0.455	0.537	0.460	0.460	0.574	0.475	0.242	0.516	0.270	0.182	0.183	0.179	0.276	0.460	0.308	0.313	0.251	0.295	0.309	0.321	0.296	0.523	0.700	0.339	0.334	0.380	0.380	0.295	0.422	0.297	0.333	0.336	0.419	0.419	0.338	0.464	0.377	0.419	0.419	0.463	0.294	0.336	0.377	0.374	0.292	0.248	0.241	0.385	0.377	0.465	0.499	0.419	0.294	0.587	0.503	0.587	0.591	0.195																																																																														
366A_PIEN		MRS5	2016	0.000	0.0000	0	0.000		82	RINGWIDTH	1	NotAFile	6/13/2017 11:17:11	                   		2452 631 8 Grey	Intr 0.042315 0.042283 N	EPSON Twain Data Source On WIA WIA-EPSON Expression 10000XL 1.9 V1.0 26 June 2000	0.0 [0]	1114.3333 456.3333 360.3333 418.3333  1.0000	Tg A Int Y	50 %	N W Man	19 1.0000 Lin 1.00	0.0120 0.0148 0.0203 0.0240 0.0289 0.0365 0.0481 0.0575 0.0685 0.0869 0.1104 0.1358 0.1795 0.2183 0.2831 0.3664 0.4581 0.5495 0.7145 	16 19 23 27 29 34 40 44 50 59 68 77 92 105 122 144 164 186 219 	0.0120 0.0148 0.0203 0.0240 0.0289 0.0365 0.0481 0.0575 0.0685 0.0869 0.1104 0.1358 0.1795 0.2183 0.2831 0.3664 0.4581 0.5495 0.7145 	0.0000	0.0000	0.0000	0.0000	0.0000	0.0000	31.9462	0.482	0.580	0.516	0.874	0.565	0.691	0.581	0.597	0.714	0.572	0.438	0.524	0.548	0.359	0.460	0.454	0.437	0.358	0.372	0.665	0.889	0.507	0.296	0.248	0.542	0.531	0.449	0.415	0.332	0.457	0.416	0.251	0.252	0.172	0.201	0.209	0.291	0.208	0.241	0.195	0.171	0.128	0.114	0.184	0.105	0.140	0.102	0.235	0.218	0.182	0.176	0.175	0.220	0.178	0.221	0.242	0.247	0.184	0.233	0.250	0.248	0.246	0.368	0.403	0.203	0.243	0.329	0.290	0.291	0.208	0.192	0.268	0.296	0.423	0.465	0.328	0.222	0.254	0.254	0.423	0.403	0.146																																																																																				
370A_PIEN		MRS5	2016	0.000	0.0000	0	0.000		50	RINGWIDTH	1	NotAFile	6/15/2017 12:03:45	                   		7059 1187 8 Grey	Intr 0.021158 0.021141 N	EPSON Twain Data Source On WIA WIA-EPSON Expression 10000XL 1.9 V1.0 26 June 2000	0.0 [0]	4875.0000 219.0000 889.0000 224.0000  1.0000	Tg A Int Y	50 %	N W Man	19 1.0000 Lin 1.00	0.0120 0.0148 0.0203 0.0240 0.0289 0.0365 0.0481 0.0575 0.0685 0.0869 0.1104 0.1358 0.1795 0.2183 0.2831 0.3664 0.4581 0.5495 0.7145 	16 19 23 27 29 34 40 44 50 59 68 77 92 105 122 144 164 186 219 	0.0120 0.0148 0.0203 0.0240 0.0289 0.0365 0.0481 0.0575 0.0685 0.0869 0.1104 0.1358 0.1795 0.2183 0.2831 0.3664 0.4581 0.5495 0.7145 	0.0000	0.0000	0.0000	0.0000	0.0000	0.0000	84.3363	1.127	2.017	1.962	2.281	2.195	2.382	1.918	2.256	2.073	2.006	2.302	2.309	1.952	2.099	1.856	1.850	1.603	1.744	1.956	1.810	1.725	1.796	1.713	1.856	1.776	1.184	1.246	1.433	1.500	1.625	1.647	1.579	1.608	1.902	1.522	1.516	1.311	0.930	1.351	1.078	1.184	1.313	1.309	1.458	1.438	1.437	1.416	1.288	1.247	0.887																																																				
370B_PIEN		MRS5	2016	0.000	0.0000	0	0.000		67	RINGWIDTH	1	NotAFile	6/15/2017 12:03:45	                   		7059 1187 8 Grey	Intr 0.021158 0.021141 N	EPSON Twain Data Source On WIA WIA-EPSON Expression 10000XL 1.9 V1.0 26 June 2000	0.0 [0]	6142.0000 709.0000 861.0000 707.0000  1.0000	Tg A Int Y	50 %	N W Man	19 1.0000 Lin 1.00	0.0120 0.0148 0.0203 0.0240 0.0289 0.0365 0.0481 0.0575 0.0685 0.0869 0.1104 0.1358 0.1795 0.2183 0.2831 0.3664 0.4581 0.5495 0.7145 	16 19 23 27 29 34 40 44 50 59 68 77 92 105 122 144 164 186 219 	0.0120 0.0148 0.0203 0.0240 0.0289 0.0365 0.0481 0.0575 0.0685 0.0869 0.1104 0.1358 0.1795 0.2183 0.2831 0.3664 0.4581 0.5495 0.7145 	0.0000	0.0000	0.0000	0.0000	0.0000	0.0000	111.7337	0.378	0.942	0.816	1.397	1.653	1.757	1.793	1.231	1.554	1.643	2.003	2.574	1.753	2.620	2.891	2.306	2.559	1.881	2.113	2.089	2.131	2.092	2.390	1.840	2.496	2.497	2.321	2.029	1.878	1.857	1.794	1.604	1.627	1.583	1.836	2.005	1.629	1.607	1.671	1.709	1.911	1.832	1.272	1.423	1.498	1.436	1.712	1.646	1.727	1.539	1.772	1.512	1.495	1.142	0.803	1.055	0.888	0.993	1.139	1.032	1.137	1.203	1.141	1.203	1.184	1.176	0.547																																																																					
402A_PIEN		MRS5	2016	0.000	0.0000	0	0.000		71	RINGWIDTH	1	NotAFile	6/13/2017 11:31:17	                   		4954 940 8 Grey	Intr 0.031737 0.031712 N	EPSON Twain Data Source On WIA WIA-EPSON Expression 10000XL 1.9 V1.0 26 June 2000	0.0 [0]	3812.0000 79.0000 756.0000 140.0000  1.0000	Tg A Int Y	50 %	N W Man	19 1.0000 Lin 1.00	0.0120 0.0148 0.0203 0.0240 0.0289 0.0365 0.0481 0.0575 0.0685 0.0869 0.1104 0.1358 0.1795 0.2183 0.2831 0.3664 0.4581 0.5495 0.7145 	16 19 23 27 29 34 40 44 50 59 68 77 92 105 122 144 164 186 219 	0.0120 0.0148 0.0203 0.0240 0.0289 0.0365 0.0481 0.0575 0.0685 0.0869 0.1104 0.1358 0.1795 0.2183 0.2831 0.3664 0.4581 0.5495 0.7145 	0.0000	0.0000	0.0000	0.0000	0.0000	0.0000	97.0871	0.413	1.867	1.455	1.437	1.235	1.530	1.908	1.263	1.194	1.171	1.492	1.469	1.555	1.277	1.234	1.287	1.184	1.210	1.063	1.179	1.550	1.146	1.306	1.795	1.441	1.271	1.453	1.049	1.516	1.555	1.215	1.253	1.099	1.108	1.011	0.793	0.839	0.962	1.027	1.085	1.282	1.240	1.386	1.186	1.189	1.308	1.130	1.270	1.437	1.249	1.475	1.385	1.475	1.174	1.210	0.838	0.889	0.707	0.465	0.779	0.593	0.563	0.692	0.692	0.974	0.907	0.782	0.813	1.031	1.094	0.154																																																																									
402B_PIEN		MRS5	2016	0.000	0.0000	0	0.000		100	RINGWIDTH	1	NotAFile	6/13/2017 11:31:17	                   		4954 940 8 Grey	Intr 0.031737 0.031712 N	EPSON Twain Data Source On WIA WIA-EPSON Expression 10000XL 1.9 V1.0 26 June 2000	0.0 [0]	3967.5000 478.0000 672.5000 549.5000  1.0000	Tg A Int Y	50 %	N W Man	19 1.0000 Lin 1.00	0.0120 0.0148 0.0203 0.0240 0.0289 0.0365 0.0481 0.0575 0.0685 0.0869 0.1104 0.1358 0.1795 0.2183 0.2831 0.3664 0.4581 0.5495 0.7145 	16 19 23 27 29 34 40 44 50 59 68 77 92 105 122 144 164 186 219 	0.0120 0.0148 0.0203 0.0240 0.0289 0.0365 0.0481 0.0575 0.0685 0.0869 0.1104 0.1358 0.1795 0.2183 0.2831 0.3664 0.4581 0.5495 0.7145 	0.0000	0.0000	0.0000	0.0000	0.0000	0.0000	104.5964	0.403	1.307	1.268	1.953	1.062	1.066	1.300	0.853	0.844	0.758	0.801	0.812	0.733	0.809	0.681	0.773	1.030	0.911	0.969	1.603	1.564	1.519	0.589	0.652	1.470	1.735	1.414	1.958	1.579	1.673	2.052	1.837	1.679	1.362	1.552	1.364	1.333	1.777	1.650	1.714	1.619	1.428	1.428	1.491	1.460	1.269	1.174	1.206	1.269	1.333	0.793	0.920	1.014	1.140	1.140	1.269	0.889	1.206	1.396	1.079	1.047	0.857	0.984	0.730	0.508	0.476	0.666	0.762	0.857	0.952	0.889	0.825	0.652	1.299	0.673	0.442	0.568	0.600	0.538	0.697	0.729	0.602	0.475	0.443	0.475	0.505	0.537	0.316	0.471	0.408	0.440	0.503	0.534	0.723	0.781	0.719	0.687	0.905	0.758	0.198																																																																																																						
424A_PIEN		MRS5	2016	0.000	0.0000	0	0.000		177	RINGWIDTH	1	NotAFile	6/15/2017 09:47:32	                   		7059 1039 8 Grey	Intr 0.021158 0.021141 N	EPSON Twain Data Source On WIA WIA-EPSON Expression 10000XL 1.9 V1.0 26 June 2000	0.0 [0]	6792.5000 185.0000 726.0000 204.0000  1.0000	Tg A Int Y	50 %	N W Man	19 1.0000 Lin 1.00	0.0120 0.0148 0.0203 0.0240 0.0289 0.0365 0.0481 0.0575 0.0685 0.0869 0.1104 0.1358 0.1795 0.2183 0.2831 0.3664 0.4581 0.5495 0.7145 	16 19 23 27 29 34 40 44 50 59 68 77 92 105 122 144 164 186 219 	0.0120 0.0148 0.0203 0.0240 0.0289 0.0365 0.0481 0.0575 0.0685 0.0869 0.1104 0.1358 0.1795 0.2183 0.2831 0.3664 0.4581 0.5495 0.7145 	0.0000	0.0000	0.0000	0.0000	0.0000	0.0000	128.3542	1.002	0.565	0.705	0.625	0.757	0.697	0.591	0.738	0.827	0.979	1.067	1.050	0.735	0.837	1.004	0.924	1.081	1.611	1.255	1.281	1.355	1.042	1.249	1.405	1.329	1.330	1.056	1.094	0.825	0.796	0.627	0.945	0.913	0.935	0.913	0.961	1.402	1.379	1.224	0.963	1.046	0.918	1.224	0.840	0.763	0.865	1.073	1.061	0.777	0.779	0.680	0.526	0.501	0.581	0.593	0.796	0.651	0.441	0.651	0.693	0.987	1.139	0.759	0.526	0.609	0.588	0.481	0.394	0.467	0.548	0.709	0.754	0.815	1.063	0.837	1.046	0.814	0.676	0.750	0.809	0.665	0.678	0.604	0.782	0.677	0.477	0.518	0.413	0.442	0.534	0.537	0.533	0.508	0.499	0.604	0.605	0.530	0.607	0.429	0.616	0.717	0.674	0.534	0.519	0.643	0.706	0.813	0.292	0.628	0.945	0.963	0.966	0.992	2.200	1.057	0.930	0.867	0.889	1.350	0.992	0.802	0.759	0.433	0.550	0.620	0.659	0.448	0.324	0.381	0.313	0.402	0.526	0.409	0.391	0.542	0.511	0.349	0.416	0.486	0.487	0.466	0.454	0.419	0.458	0.422	0.409	0.360	0.402	0.437	0.338	0.473	0.409	0.323	0.402	0.565	0.359	0.556	0.470	0.718	0.712	0.587	0.547	0.594	0.448	0.331	0.386	0.331	0.383	0.463	0.486	0.540	0.617	0.585	0.606	0.497	0.487	0.328																																																																																																																																																																																			
424B_PIEN		MRS5	2016	0.000	0.0000	0	0.000		195	RINGWIDTH	1	NotAFile	6/15/2017 09:47:32	                   		7059 1039 8 Grey	Intr 0.021158 0.021141 N	EPSON Twain Data Source On WIA WIA-EPSON Expression 10000XL 1.9 V1.0 26 June 2000	0.0 [0]	6142.3333 701.0000 647.0000 680.3333  1.0000	Tg A Int Y	50 %	N W Man	19 1.0000 Lin 1.00	0.0120 0.0148 0.0203 0.0240 0.0289 0.0365 0.0481 0.0575 0.0685 0.0869 0.1104 0.1358 0.1795 0.2183 0.2831 0.3664 0.4581 0.5495 0.7145 	16 19 23 27 29 34 40 44 50 59 68 77 92 105 122 144 164 186 219 	0.0120 0.0148 0.0203 0.0240 0.0289 0.0365 0.0481 0.0575 0.0685 0.0869 0.1104 0.1358 0.1795 0.2183 0.2831 0.3664 0.4581 0.5495 0.7145 	0.0000	0.0000	0.0000	0.0000	0.0000	0.0000	116.2693	0.332	1.501	1.396	1.560	1.711	1.371	1.705	1.481	1.346	0.793	0.633	0.735	0.951	0.681	0.541	0.595	0.684	0.513	0.753	0.729	0.361	0.625	0.583	0.724	0.995	1.199	0.689	0.522	0.784	0.769	0.765	0.880	0.907	1.184	1.058	0.896	1.010	1.196	1.217	1.228	0.919	0.793	0.742	0.815	0.843	1.073	1.068	0.907	0.988	0.930	1.035	1.309	1.263	0.949	0.969	0.926	1.358	0.728	0.849	0.866	0.970	0.958	0.710	0.556	0.416	0.429	0.445	0.450	0.387	0.468	0.348	0.266	0.334	0.341	0.416	0.533	0.446	0.320	0.342	0.306	0.348	0.244	0.412	0.476	0.530	0.483	0.640	0.619	0.554	0.911	0.671	0.703	0.629	0.600	0.486	0.400	0.516	0.450	0.410	0.283	0.304	0.308	0.357	0.384	0.288	0.320	0.335	0.403	0.301	0.332	0.271	0.335	0.307	0.375	0.287	0.398	0.303	0.469	0.472	0.471	0.440	0.434	0.553	0.498	0.433	0.567	0.599	0.799	0.616	0.494	0.443	0.513	0.630	0.462	0.396	0.416	0.324	0.299	0.412	0.323	0.320	0.346	0.390	0.376	0.359	0.278	0.272	0.254	0.295	0.285	0.394	0.286	0.430	0.264	0.212	0.254	0.243	0.285	0.362	0.363	0.549	0.433	0.627	0.433	0.464	0.578	0.507	0.261	0.215	0.253	0.243	0.318	0.313	0.320	0.335	0.402	0.413	0.444	0.349	0.295	0.359	0.278	0.264	0.325	0.421	0.294	0.306	0.268	0.274	0.240	0.327	0.211	0.211	0.178	0.220																																																																																																																																																																																																					
426A_PIEN		MRS5	2016	0.000	0.0000	0	0.000		437	RINGWIDTH	1	NotAFile	6/15/2017 11:44:18	                   		8174 1113 8 Grey	Intr 0.021158 0.021141 N	EPSON Twain Data Source On WIA WIA-EPSON Expression 10000XL 1.9 V1.0 26 June 2000	0.0 [0]	6526.0000 111.0000 696.0000 180.0000  1.0000	Tg A Int Y	50 %	N W Man	19 1.0000 Lin 1.00	0.0120 0.0148 0.0203 0.0240 0.0289 0.0365 0.0481 0.0575 0.0685 0.0869 0.1104 0.1358 0.1795 0.2183 0.2831 0.3664 0.4581 0.5495 0.7145 	16 19 23 27 29 34 40 44 50 59 68 77 92 105 122 144 164 186 219 	0.0120 0.0148 0.0203 0.0240 0.0289 0.0365 0.0481 0.0575 0.0685 0.0869 0.1104 0.1358 0.1795 0.2183 0.2831 0.3664 0.4581 0.5495 0.7145 	0.0000	0.0000	0.0000	0.0000	0.0000	0.0000	123.3629	0.645	0.399	0.331	0.328	0.264	0.233	0.190	0.233	0.296	0.296	0.360	0.254	0.254	0.275	0.360	0.275	0.275	0.423	0.254	0.402	0.355	0.346	0.398	0.338	0.359	0.423	0.274	0.379	0.316	0.359	0.338	0.316	0.317	0.401	0.317	0.359	0.359	0.338	0.415	0.386	0.422	0.422	0.422	0.359	0.310	0.408	0.296	0.253	0.232	0.190	0.274	0.232	0.211	0.169	0.169	0.106	0.148	0.169	0.148	0.148	0.274	0.306	0.264	0.235	0.218	0.223	0.127	0.126	0.148	0.190	0.256	0.282	0.259	0.256	0.126	0.147	0.211	0.232	0.148	0.190	0.253	0.295	0.379	0.504	0.401	0.295	0.253	0.252	0.231	0.231	0.231	0.210	0.231	0.274	0.252	0.253	0.317	0.317	0.254	0.274	0.253	0.317	0.275	0.338	0.275	0.296	0.233	0.190	0.296	0.233	0.211	0.274	0.232	0.253	0.169	0.211	0.294	0.274	0.316	0.401	0.443	0.296	0.253	0.317	0.275	0.232	0.190	0.274	0.232	0.275	0.253	0.274	0.274	0.211	0.232	0.252	0.274	0.211	0.232	0.253	0.231	0.211	0.232	0.211	0.232	0.190	0.253	0.253	0.253	0.253	0.232	0.211	0.274	0.295	0.317	0.219	0.204	0.234	0.253	0.289	0.323	0.296	0.254	0.233	0.254	0.253	0.254	0.232	0.232	0.232	0.169	0.233	0.317	0.254	0.233	0.254	0.276	0.296	0.317	0.289	0.260	0.317	0.232	0.274	0.380	0.338	0.359	0.423	0.296	0.317	0.296	0.317	0.254	0.296	0.317	0.346	0.288	0.339	0.190	0.211	0.233	0.254	0.275	0.211	0.317	0.275	0.233	0.275	0.274	0.317	0.317	0.296	0.295	0.253	0.358	0.324	0.239	0.387	0.462	0.464	0.463	0.462	0.420	0.399	0.439	0.398	0.397	0.376	0.271	0.376	0.333	0.312	0.290	0.290	0.374	0.312	0.354	0.354	0.249	0.208	0.247	0.268	0.247	0.288	0.291	0.291	0.395	0.312	0.354	0.291	0.377	0.377	0.272	0.377	0.336	0.337	0.274	0.253	0.232	0.358	0.274	0.251	0.251	0.314	0.293	0.335	0.334	0.208	0.229	0.231	0.272	0.334	0.313	0.210	0.202	0.256	0.271	0.292	0.334	0.270	0.373	0.353	0.268	0.269	0.248	0.209	0.314	0.272	0.252	0.173	0.216	0.146	0.180	0.251	0.221	0.271	0.271	0.146	0.271	0.209	0.209	0.147	0.251	0.260	0.091	0.151	0.167	0.167	0.188	0.104	0.147	0.090	0.097	0.118	0.077	0.062	0.097	0.098	0.111	0.196	0.132	0.186	0.187	0.146	0.167	0.146	0.230	0.146	0.251	0.210	0.271	0.230	0.334	0.292	0.272	0.251	0.231	0.272	0.251	0.251	0.209	0.168	0.231	0.181	0.179	0.166	0.168	0.189	0.189	0.211	0.211	0.171	0.158	0.201	0.251	0.148	0.127	0.190	0.169	0.148	0.233	0.190	0.190	0.211	0.253	0.169	0.148	0.148	0.181	0.176	0.273	0.252	0.356	0.313	0.253	0.254	0.275	0.254	0.233	0.233	0.233	0.275	0.233	0.254	0.316	0.295	0.294	0.315	0.252	0.273	0.210	0.253	0.252	0.315	0.293	0.356	0.357	0.378	0.441	0.356	0.397	0.354	0.269	0.310	0.373	0.373	0.329	0.371	0.412	0.494	0.520	0.543	0.524	0.459	0.439	0.501	0.355	0.501	0.461	0.503	0.482	0.503	0.334	0.397	0.419	0.274	0.421	0.336	0.358	0.399	0.400	0.461	0.480	0.458	0.416	0.497	0.499																																																																																																																																																																																																																																																																																																																																																																																																																																																							
426B_PIEN		MRS5	2016	0.000	0.0000	0	0.000		323	RINGWIDTH	1	NotAFile	6/15/2017 11:44:18	                   		8174 1113 8 Grey	Intr 0.021158 0.021141 N	EPSON Twain Data Source On WIA WIA-EPSON Expression 10000XL 1.9 V1.0 26 June 2000	0.0 [0]	6826.6667 468.0000 661.3333 706.0000  1.0000	Tg A Int Y	50 %	N W Man	19 1.0000 Lin 1.00	0.0120 0.0148 0.0203 0.0240 0.0289 0.0365 0.0481 0.0575 0.0685 0.0869 0.1104 0.1358 0.1795 0.2183 0.2831 0.3664 0.4581 0.5495 0.7145 	16 19 23 27 29 34 40 44 50 59 68 77 92 105 122 144 164 186 219 	0.0120 0.0148 0.0203 0.0240 0.0289 0.0365 0.0481 0.0575 0.0685 0.0869 0.1104 0.1358 0.1795 0.2183 0.2831 0.3664 0.4581 0.5495 0.7145 	0.0000	0.0000	0.0000	0.0000	0.0000	0.0000	131.2588	0.254	0.231	0.247	0.170	0.272	0.314	0.294	0.273	0.379	0.421	0.316	0.231	0.282	0.365	0.269	0.275	0.263	0.274	0.292	0.315	0.371	0.386	0.361	0.279	0.281	0.295	0.292	0.252	0.342	0.278	0.251	0.319	0.286	0.317	0.232	0.348	0.316	0.386	0.391	0.350	0.275	0.449	0.520	0.550	0.413	0.282	0.387	0.384	0.443	0.615	0.555	0.458	0.360	0.452	0.474	0.464	0.564	0.615	0.587	0.401	0.401	0.538	0.551	0.470	0.407	0.438	0.532	0.466	0.435	0.357	0.321	0.364	0.395	0.502	0.378	0.425	0.422	0.392	0.295	0.361	0.374	0.344	0.493	0.499	0.480	0.448	0.451	0.314	0.351	0.278	0.344	0.363	0.241	0.360	0.340	0.218	0.299	0.279	0.339	0.387	0.286	0.290	0.255	0.374	0.352	0.314	0.417	0.393	0.430	0.431	0.411	0.286	0.340	0.357	0.285	0.394	0.340	0.322	0.451	0.412	0.284	0.400	0.336	0.542	0.455	0.429	0.425	0.099	0.181	0.192	0.246	0.263	0.467	0.360	0.425	0.449	0.381	0.459	0.403	0.463	0.462	0.441	0.439	0.364	0.310	0.331	0.358	0.274	0.371	0.317	0.413	0.280	0.496	0.477	0.608	0.328	0.417	0.425	0.401	0.460	0.478	0.480	0.347	0.346	0.327	0.367	0.367	0.506	0.440	0.483	0.368	0.291	0.309	0.249	0.209	0.308	0.232	0.214	0.126	0.127	0.195	0.194	0.235	0.265	0.178	0.185	0.270	0.205	0.201	0.181	0.219	0.285	0.152	0.177	0.201	0.140	0.140	0.132	0.072	0.146	0.085	0.089	0.117	0.156	0.276	0.218	0.219	0.185	0.147	0.140	0.130	0.181	0.126	0.256	0.182	0.263	0.167	0.321	0.329	0.248	0.205	0.164	0.329	0.457	0.293	0.331	0.252	0.325	0.261	0.315	0.258	0.219	0.240	0.322	0.403	0.341	0.320	0.139	0.317	0.355	0.256	0.238	0.319	0.260	0.234	0.307	0.264	0.306	0.244	0.467	0.243	0.243	0.204	0.180	0.222	0.363	0.343	0.385	0.284	0.302	0.251	0.311	0.376	0.437	0.341	0.359	0.398	0.379	0.347	0.511	0.435	0.390	0.433	0.351	0.354	0.395	0.415	0.432	0.455	0.415	0.561	0.477	0.562	0.500	0.458	0.478	0.561	0.479	0.480	0.437	0.519	0.516	0.661	0.667	0.837	0.690	0.858	0.921	0.819	0.697	0.717	0.613	0.487	0.444	0.592	0.635	0.550	0.401	0.338	0.444	0.211	0.485	0.380	0.423	0.423	0.380	0.380	0.484	0.358	0.316	0.316	0.318	0.119																																																																																																																																																																																																																																																																																																																																					
454A_PIEN		MRS5	2016	0.000	0.0000	0	0.000		229	RINGWIDTH	1	NotAFile	6/16/2017 13:18:15	                   		6688 1187 8 Grey	Intr 0.021158 0.021141 N	EPSON Twain Data Source On WIA WIA-EPSON Expression 10000XL 1.9 V1.0 26 June 2000	0.0 [0]	5858.0000 162.0000 731.0000 230.0000  1.0000	Tg A Int Y	50 %	N W Man	19 1.0000 Lin 1.00	0.0120 0.0148 0.0203 0.0240 0.0289 0.0365 0.0481 0.0575 0.0685 0.0869 0.1104 0.1358 0.1795 0.2183 0.2831 0.3664 0.4581 0.5495 0.7145 	16 19 23 27 29 34 40 44 50 59 68 77 92 105 122 144 164 186 219 	0.0120 0.0148 0.0203 0.0240 0.0289 0.0365 0.0481 0.0575 0.0685 0.0869 0.1104 0.1358 0.1795 0.2183 0.2831 0.3664 0.4581 0.5495 0.7145 	0.0000	0.0000	0.0000	0.0000	0.0000	0.0000	108.4855	0.546	0.336	0.271	0.293	0.438	0.356	0.293	0.441	0.463	0.590	0.465	0.635	0.571	0.614	0.718	0.507	0.687	0.686	0.591	0.675	0.612	0.550	0.550	0.614	0.930	0.846	0.973	0.867	0.782	0.634	0.846	0.634	0.655	0.676	0.868	0.779	0.991	0.759	0.822	0.823	0.971	1.205	0.761	0.973	0.571	0.867	0.719	0.487	0.339	0.529	0.486	0.444	0.381	0.444	0.465	0.465	0.592	0.337	0.485	0.401	0.570	0.359	0.507	0.423	0.373	0.409	0.464	0.527	0.549	0.401	0.485	0.610	0.484	0.502	0.357	0.356	0.334	0.354	0.291	0.249	0.231	0.248	0.224	0.390	0.267	0.413	0.498	0.354	0.458	0.419	0.402	0.333	0.337	0.425	0.334	0.379	0.384	0.228	0.359	0.268	0.230	0.249	0.208	0.115	0.230	0.252	0.168	0.106	0.143	0.163	0.196	0.232	0.226	0.233	0.137	0.233	0.105	0.179	0.137	0.226	0.210	0.420	0.295	0.316	0.273	0.314	0.272	0.292	0.291	0.353	0.290	0.245	0.167	0.196	0.322	0.282	0.282	0.228	0.239	0.251	0.280	0.285	0.284	0.347	0.350	0.391	0.287	0.325	0.417	0.474	0.401	0.369	0.373	0.331	0.435	0.416	0.396	0.314	0.398	0.336	0.398	0.439	0.481	0.648	0.666	0.623	0.474	0.472	0.585	0.655	0.613	0.591	0.590	0.592	0.529	0.846	0.762	0.677	0.529	0.465	0.484	0.358	0.423	0.508	0.444	0.635	0.740	0.635	0.571	0.677	0.634	0.613	0.592	0.507	0.402	0.529	0.677	0.613	0.736	0.548	0.755	0.606	0.745	0.663	0.520	0.645	0.686	0.541	0.562	0.478	0.645	0.562	0.645	0.498	0.542	0.421	0.260	0.412	0.372	0.433	0.391	0.322	0.334	0.368	0.440	0.426	0.438	0.452	0.302																																																																																																																																																																																																																																							
454B_PIEN		MRS5	2016	0.000	0.0000	0	0.000		173	RINGWIDTH	1	NotAFile	6/16/2017 13:18:15	                   		6688 1187 8 Grey	Intr 0.021158 0.021141 N	EPSON Twain Data Source On WIA WIA-EPSON Expression 10000XL 1.9 V1.0 26 June 2000	0.0 [0]	3290.0000 665.0000 994.0000 703.0000  1.0000	Tg A Int Y	50 %	N W Man	19 1.0000 Lin 1.00	0.0120 0.0148 0.0203 0.0240 0.0289 0.0365 0.0481 0.0575 0.0685 0.0869 0.1104 0.1358 0.1795 0.2183 0.2831 0.3664 0.4581 0.5495 0.7145 	16 19 23 27 29 34 40 44 50 59 68 77 92 105 122 144 164 186 219 	0.0120 0.0148 0.0203 0.0240 0.0289 0.0365 0.0481 0.0575 0.0685 0.0869 0.1104 0.1358 0.1795 0.2183 0.2831 0.3664 0.4581 0.5495 0.7145 	0.0000	0.0000	0.0000	0.0000	0.0000	0.0000	48.5847	0.381	0.338	0.148	0.317	0.296	0.359	0.275	0.359	0.296	0.233	0.204	0.301	0.273	0.357	0.252	0.337	0.378	0.357	0.336	0.273	0.253	0.231	0.253	0.232	0.232	0.155	0.148	0.224	0.315	0.230	0.337	0.316	0.274	0.422	0.416	0.406	0.274	0.339	0.399	0.295	0.337	0.337	0.168	0.203	0.136	0.056	0.099	0.090	0.069	0.252	0.189	0.272	0.189	0.209	0.251	0.188	0.251	0.167	0.125	0.139	0.103	0.238	0.145	0.250	0.229	0.271	0.210	0.210	0.231	0.294	0.230	0.251	0.294	0.230	0.294	0.210	0.126	0.189	0.210	0.273	0.294	0.336	0.210	0.294	0.273	0.335	0.293	0.295	0.352	0.442	0.316	0.252	0.337	0.337	0.274	0.231	0.210	0.232	0.316	0.376	0.375	0.249	0.332	0.249	0.290	0.290	0.301	0.501	0.371	0.493	0.269	0.248	0.269	0.248	0.392	0.289	0.268	0.308	0.245	0.385	0.386	0.276	0.264	0.248	0.208	0.187	0.231	0.272	0.209	0.376	0.375	0.333	0.287	0.369	0.308	0.310	0.332	0.229	0.208	0.270	0.290	0.207	0.249	0.207	0.291	0.251	0.399	0.294	0.168	0.273	0.274	0.232	0.232	0.232	0.253	0.253	0.253	0.252	0.314	0.249	0.207	0.270	0.227	0.330	0.312	0.252	0.295	0.273	0.396	0.396	0.373	0.430	0.306																																																																																																																																																																															
600A_PIEN		MRS5	2016	0.000	0.0000	0	0.000		75	RINGWIDTH	1	NotAFile	6/16/2017 14:42:56	                   		6465 1039 8 Grey	Intr 0.021158 0.021141 N	EPSON Twain Data Source On WIA WIA-EPSON Expression 10000XL 1.9 V1.0 26 June 2000	0.0 [0]	5088.0000 259.0000 777.0000 173.0000  1.0000	Tg A Int Y	50 %	N W Man	19 1.0000 Lin 1.00	0.0120 0.0148 0.0203 0.0240 0.0289 0.0365 0.0481 0.0575 0.0685 0.0869 0.1104 0.1358 0.1795 0.2183 0.2831 0.3664 0.4581 0.5495 0.7145 	16 19 23 27 29 34 40 44 50 59 68 77 92 105 122 144 164 186 219 	0.0120 0.0148 0.0203 0.0240 0.0289 0.0365 0.0481 0.0575 0.0685 0.0869 0.1104 0.1358 0.1795 0.2183 0.2831 0.3664 0.4581 0.5495 0.7145 	0.0000	0.0000	0.0000	0.0000	0.0000	0.0000	91.2320	1.118	0.994	0.952	1.121	1.501	1.565	1.244	1.140	1.141	0.803	0.887	1.437	2.137	2.068	1.523	1.438	1.671	1.965	1.078	1.838	1.734	2.448	1.733	1.564	1.713	1.396	1.396	1.227	1.438	1.396	1.565	1.289	1.522	1.354	1.481	1.396	1.502	1.414	1.014	1.269	1.311	1.142	1.100	1.014	1.161	1.248	1.184	1.100	1.269	1.058	0.804	0.931	1.016	0.994	1.184	1.100	1.100	0.951	0.972	0.972	1.014	1.011	0.802	0.993	0.761	0.656	0.910	0.846	0.824	0.824	0.718	0.655	0.570	0.503	0.275																																																																													
600B_PIEN		MRS5	2016	0.000	0.0000	0	0.000		87	RINGWIDTH	1	NotAFile	6/16/2017 14:42:56	                   		6465 1039 8 Grey	Intr 0.021158 0.021141 N	EPSON Twain Data Source On WIA WIA-EPSON Expression 10000XL 1.9 V1.0 26 June 2000	0.0 [0]	4983.0000 679.0000 806.0000 633.0000  1.0000	Tg A Int Y	50 %	N W Man	19 1.0000 Lin 1.00	0.0120 0.0148 0.0203 0.0240 0.0289 0.0365 0.0481 0.0575 0.0685 0.0869 0.1104 0.1358 0.1795 0.2183 0.2831 0.3664 0.4581 0.5495 0.7145 	16 19 23 27 29 34 40 44 50 59 68 77 92 105 122 144 164 186 219 	0.0120 0.0148 0.0203 0.0240 0.0289 0.0365 0.0481 0.0575 0.0685 0.0869 0.1104 0.1358 0.1795 0.2183 0.2831 0.3664 0.4581 0.5495 0.7145 	0.0000	0.0000	0.0000	0.0000	0.0000	0.0000	88.3810	0.210	0.458	0.485	0.653	0.843	0.548	0.717	0.910	0.592	0.677	1.370	1.442	1.243	0.598	0.922	1.012	1.045	0.908	1.114	1.159	0.808	0.436	0.517	0.853	1.463	1.539	1.180	1.036	1.331	1.372	1.433	1.518	1.094	1.607	1.565	1.117	1.199	1.199	1.221	1.202	1.388	1.237	1.342	1.027	1.111	1.290	1.481	1.312	1.312	1.438	1.142	1.374	1.142	1.015	0.973	0.931	0.952	1.079	1.100	1.058	1.248	1.121	0.719	0.825	1.015	1.164	1.227	1.098	1.054	0.860	0.988	0.966	0.902	0.857	0.770	0.808	0.621	0.518	0.650	0.661	0.708	0.834	0.752	0.710	0.648	0.583	0.215																																																																																									
612A_PIEN		MRS5	2016	0.000	0.0000	0	0.000		60	RINGWIDTH	1	NotAFile	6/13/2017 15:08:03	                   		5202 1262 8 Grey	Intr 0.021158 0.021141 N	EPSON Twain Data Source On WIA WIA-EPSON Expression 10000XL 1.9 V1.0 26 June 2000	0.0 [0]	3766.0000 238.0000 884.0000 326.0000  1.0000	Tg A Int Y	50 %	N W Man	19 1.0000 Lin 1.00	0.0120 0.0148 0.0203 0.0240 0.0289 0.0365 0.0481 0.0575 0.0685 0.0869 0.1104 0.1358 0.1795 0.2183 0.2831 0.3664 0.4581 0.5495 0.7145 	16 19 23 27 29 34 40 44 50 59 68 77 92 105 122 144 164 186 219 	0.0120 0.0148 0.0203 0.0240 0.0289 0.0365 0.0481 0.0575 0.0685 0.0869 0.1104 0.1358 0.1795 0.2183 0.2831 0.3664 0.4581 0.5495 0.7145 	0.0000	0.0000	0.0000	0.0000	0.0000	0.0000	61.0564	1.563	1.113	1.282	0.843	1.284	0.932	1.115	0.843	0.748	0.834	0.823	0.761	0.823	1.012	1.320	1.337	1.048	1.372	1.273	1.008	0.651	1.437	1.203	0.761	0.571	1.100	0.952	0.825	0.931	0.910	0.910	1.248	0.952	0.952	0.994	0.741	0.759	0.632	0.842	0.928	1.076	1.352	1.035	1.226	1.142	0.971	1.013	0.760	0.737	0.612	0.779	0.845	0.972	0.930	1.014	0.994	1.100	1.121	1.226	0.402																																																														
612B_PIEN		MRS5	2016	0.000	0.0000	0	0.000		55	RINGWIDTH	1	NotAFile	6/13/2017 15:08:03	                   		5202 1262 8 Grey	Intr 0.021158 0.021141 N	EPSON Twain Data Source On WIA WIA-EPSON Expression 10000XL 1.9 V1.0 26 June 2000	0.0 [0]	3972.0000 825.5000 844.0000 879.0000  1.0000	Tg A Int Y	50 %	N W Man	19 1.0000 Lin 1.00	0.0120 0.0148 0.0203 0.0240 0.0289 0.0365 0.0481 0.0575 0.0685 0.0869 0.1104 0.1358 0.1795 0.2183 0.2831 0.3664 0.4581 0.5495 0.7145 	16 19 23 27 29 34 40 44 50 59 68 77 92 105 122 144 164 186 219 	0.0120 0.0148 0.0203 0.0240 0.0289 0.0365 0.0481 0.0575 0.0685 0.0869 0.1104 0.1358 0.1795 0.2183 0.2831 0.3664 0.4581 0.5495 0.7145 	0.0000	0.0000	0.0000	0.0000	0.0000	0.0000	66.1909	0.474	0.677	0.811	1.019	0.895	0.814	0.915	0.984	1.634	1.721	1.712	1.044	1.566	1.695	1.252	0.820	1.495	1.837	1.211	0.752	1.462	1.283	0.861	0.859	0.775	0.985	1.551	1.404	1.412	1.416	0.951	1.098	1.097	1.118	1.517	1.841	1.841	1.438	1.544	1.142	1.056	1.162	0.831	0.942	0.868	1.057	1.226	1.226	1.226	1.163	1.099	1.310	1.142	1.163	0.676																																																									
701A_PIEN		MRS5	2016	0.000	0.0000	0	0.000		70	RINGWIDTH	1	NotAFile	6/15/2017 11:53:41	                   		5796 1113 8 Grey	Intr 0.021158 0.021141 N	EPSON Twain Data Source On WIA WIA-EPSON Expression 10000XL 1.9 V1.0 26 June 2000	0.0 [0]	4850.0000 206.0000 1062.0000 179.0000  1.0000	Tg A Int Y	50 %	N W Man	19 1.0000 Lin 1.00	0.0120 0.0148 0.0203 0.0240 0.0289 0.0365 0.0481 0.0575 0.0685 0.0869 0.1104 0.1358 0.1795 0.2183 0.2831 0.3664 0.4581 0.5495 0.7145 	16 19 23 27 29 34 40 44 50 59 68 77 92 105 122 144 164 186 219 	0.0120 0.0148 0.0203 0.0240 0.0289 0.0365 0.0481 0.0575 0.0685 0.0869 0.1104 0.1358 0.1795 0.2183 0.2831 0.3664 0.4581 0.5495 0.7145 	0.0000	0.0000	0.0000	0.0000	0.0000	0.0000	80.1478	1.181	2.172	1.924	1.247	1.684	1.357	1.507	1.538	1.327	1.723	1.371	1.699	1.926	1.364	1.563	1.002	1.244	0.983	1.060	1.184	1.015	1.129	0.949	0.773	1.060	1.197	1.080	1.125	1.187	1.076	1.060	0.873	0.828	0.745	0.848	0.807	0.848	0.972	0.807	0.869	0.929	1.091	0.988	1.176	0.807	0.748	0.790	0.848	0.761	0.765	0.662	0.761	0.712	0.694	0.757	0.765	0.624	0.459	0.751	0.831	0.895	0.967	1.074	1.008	1.178	1.222	1.450	1.534	1.471	0.932																																																																								
701B_PIEN		MRS5	2016	0.000	0.0000	0	0.000		67	RINGWIDTH	1	NotAFile	6/15/2017 11:53:41	                   		5796 1113 8 Grey	Intr 0.021158 0.021141 N	EPSON Twain Data Source On WIA WIA-EPSON Expression 10000XL 1.9 V1.0 26 June 2000	0.0 [0]	3900.0000 619.5000 1116.5000 632.0000  1.0000	Tg A Int Y	50 %	N W Man	19 1.0000 Lin 1.00	0.0120 0.0148 0.0203 0.0240 0.0289 0.0365 0.0481 0.0575 0.0685 0.0869 0.1104 0.1358 0.1795 0.2183 0.2831 0.3664 0.4581 0.5495 0.7145 	16 19 23 27 29 34 40 44 50 59 68 77 92 105 122 144 164 186 219 	0.0120 0.0148 0.0203 0.0240 0.0289 0.0365 0.0481 0.0575 0.0685 0.0869 0.1104 0.1358 0.1795 0.2183 0.2831 0.3664 0.4581 0.5495 0.7145 	0.0000	0.0000	0.0000	0.0000	0.0000	0.0000	58.8930	0.656	1.058	1.111	1.449	1.946	1.502	1.460	1.248	1.331	1.244	1.000	1.271	1.250	1.396	1.105	0.982	1.029	0.924	0.910	0.840	0.771	0.798	0.802	0.865	0.842	0.866	0.908	0.886	0.738	0.676	0.631	0.651	0.798	0.800	0.798	0.714	0.757	0.716	0.865	0.781	0.803	0.739	0.528	0.609	0.528	0.465	0.547	0.463	0.716	0.692	0.792	0.753	0.842	0.631	0.463	0.674	0.646	0.563	0.643	0.563	0.696	0.903	0.857	0.824	0.899	0.913	0.460																																																																					
711A_PIEN		MRS5	2016	0.000	0.0000	0	0.000		89	RINGWIDTH	1	NotAFile	6/15/2017 09:57:08	                   		5202 1113 8 Grey	Intr 0.021158 0.021141 N	EPSON Twain Data Source On WIA WIA-EPSON Expression 10000XL 1.9 V1.0 26 June 2000	0.0 [0]	3825.0000 121.0000 1160.0000 182.0000  1.0000	Tg A Int Y	50 %	N W Man	19 1.0000 Lin 1.00	0.0120 0.0148 0.0203 0.0240 0.0289 0.0365 0.0481 0.0575 0.0685 0.0869 0.1104 0.1358 0.1795 0.2183 0.2831 0.3664 0.4581 0.5495 0.7145 	16 19 23 27 29 34 40 44 50 59 68 77 92 105 122 144 164 186 219 	0.0120 0.0148 0.0203 0.0240 0.0289 0.0365 0.0481 0.0575 0.0685 0.0869 0.1104 0.1358 0.1795 0.2183 0.2831 0.3664 0.4581 0.5495 0.7145 	0.0000	0.0000	0.0000	0.0000	0.0000	0.0000	56.4119	0.115	1.236	0.936	1.139	0.833	0.442	0.729	1.204	1.081	0.379	0.591	1.149	0.838	0.833	0.799	0.633	0.651	0.513	0.554	0.616	0.660	0.744	0.950	0.762	0.976	1.381	1.035	0.477	0.688	0.838	0.632	0.694	0.674	0.552	0.427	0.425	0.411	0.370	0.308	0.245	0.432	0.330	0.391	0.452	0.355	0.321	0.370	0.477	0.644	0.393	0.475	0.372	0.394	0.540	0.567	0.525	0.609	0.714	0.693	0.672	0.524	0.628	0.502	0.502	0.523	0.544	0.565	0.460	0.503	0.630	0.544	0.649	0.502	0.481	0.544	0.398	0.463	0.631	0.568	0.568	0.568	0.526	0.484	0.547	0.570	0.738	0.442	0.216	0.346																																																																																											
711B_PIEN		MRS5	2016	0.000	0.0000	0	0.000		90	RINGWIDTH	1	NotAFile	6/15/2017 09:57:08	                   		5202 1113 8 Grey	Intr 0.021158 0.021141 N	EPSON Twain Data Source On WIA WIA-EPSON Expression 10000XL 1.9 V1.0 26 June 2000	0.0 [0]	3702.0000 758.0000 1121.0000 647.0000  1.0000	Tg A Int Y	50 %	N W Man	19 1.0000 Lin 1.00	0.0120 0.0148 0.0203 0.0240 0.0289 0.0365 0.0481 0.0575 0.0685 0.0869 0.1104 0.1358 0.1795 0.2183 0.2831 0.3664 0.4581 0.5495 0.7145 	16 19 23 27 29 34 40 44 50 59 68 77 92 105 122 144 164 186 219 	0.0120 0.0148 0.0203 0.0240 0.0289 0.0365 0.0481 0.0575 0.0685 0.0869 0.1104 0.1358 0.1795 0.2183 0.2831 0.3664 0.4581 0.5495 0.7145 	0.0000	0.0000	0.0000	0.0000	0.0000	0.0000	55.3323	0.198	0.982	1.234	0.904	0.621	1.021	0.920	0.763	1.044	1.623	1.807	0.659	0.661	1.419	1.215	0.671	0.859	0.800	0.703	0.527	0.655	0.492	0.492	0.453	0.827	0.814	0.755	1.184	1.143	0.490	0.446	0.510	0.487	0.532	0.575	0.434	0.498	0.540	0.537	0.493	0.370	0.411	0.484	0.423	0.446	0.487	0.368	0.385	0.368	0.410	0.452	0.431	0.514	0.411	0.267	0.267	0.288	0.289	0.310	0.330	0.330	0.349	0.308	0.390	0.301	0.310	0.318	0.310	0.319	0.298	0.308	0.431	0.372	0.310	0.249	0.291	0.310	0.227	0.289	0.310	0.310	0.323	0.342	0.374	0.417	0.419	0.398	0.439	0.396	0.135																																																																																												
730A_PIEN		MRS5	2016	0.000	0.0000	0	0.000		273	RINGWIDTH	1	NotAFile	6/16/2017 17:07:58	                   		4830 1113 8 Grey	Intr 0.021158 0.021141 N	EPSON Twain Data Source On WIA WIA-EPSON Expression 10000XL 1.9 V1.0 26 June 2000	0.0 [0]	2621.0000 137.0000 1604.0000 173.0000  1.0000	Tg A Int Y	50 %	N W Man	19 1.0000 Lin 1.00	0.0120 0.0148 0.0203 0.0240 0.0289 0.0365 0.0481 0.0575 0.0685 0.0869 0.1104 0.1358 0.1795 0.2183 0.2831 0.3664 0.4581 0.5495 0.7145 	16 19 23 27 29 34 40 44 50 59 68 77 92 105 122 144 164 186 219 	0.0120 0.0148 0.0203 0.0240 0.0289 0.0365 0.0481 0.0575 0.0685 0.0869 0.1104 0.1358 0.1795 0.2183 0.2831 0.3664 0.4581 0.5495 0.7145 	0.0000	0.0000	0.0000	0.0000	0.0000	0.0000	21.5641	0.883	0.088	0.078	0.115	0.086	0.068	0.090	0.045	0.069	0.095	0.084	0.044	0.051	0.044	0.052	0.060	0.057	0.055	0.062	0.048	0.070	0.069	0.088	0.077	0.067	0.067	0.112	0.076	0.093	0.070	0.040	0.066	0.063	0.073	0.055	0.088	0.077	0.060	0.068	0.064	0.101	0.082	0.092	0.087	0.068	0.062	0.065	0.082	0.064	0.060	0.066	0.059	0.087	0.067	0.060	0.053	0.078	0.067	0.095	0.056	0.065	0.055	0.101	0.078	0.065	0.062	0.045	0.040	0.051	0.037	0.068	0.066	0.059	0.065	0.056	0.062	0.065	0.055	0.061	0.050	0.075	0.059	0.051	0.063	0.056	0.034	0.049	0.070	0.067	0.046	0.034	0.046	0.051	0.043	0.059	0.078	0.058	0.060	0.053	0.057	0.035	0.046	0.048	0.060	0.055	0.072	0.045	0.059	0.087	0.076	0.082	0.073	0.065	0.105	0.095	0.078	0.082	0.078	0.109	0.082	0.072	0.085	0.078	0.082	0.081	0.105	0.119	0.075	0.091	0.086	0.086	0.076	0.087	0.087	0.081	0.060	0.060	0.068	0.071	0.087	0.103	0.080	0.057	0.074	0.101	0.080	0.088	0.081	0.110	0.071	0.070	0.060	0.073	0.115	0.088	0.063	0.082	0.068	0.089	0.087	0.057	0.075	0.067	0.082	0.066	0.055	0.091	0.114	0.144	0.212	0.185	0.114	0.094	0.115	0.119	0.100	0.104	0.105	0.103	0.083	0.089	0.084	0.094	0.079	0.057	0.080	0.090	0.108	0.118	0.057	0.059	0.072	0.049	0.061	0.051	0.063	0.070	0.097	0.074	0.088	0.091	0.095	0.086	0.059	0.092	0.100	0.077	0.067	0.087	0.132	0.064	0.066	0.095	0.085	0.073	0.081	0.070	0.063	0.067	0.050	0.057	0.066	0.080	0.062	0.074	0.053	0.061	0.053	0.067	0.053	0.046	0.050	0.047	0.049	0.027	0.047	0.058	0.035	0.033	0.041	0.052	0.036	0.057	0.046	0.060	0.059	0.053	0.066	0.061	0.059	0.079	0.051	0.053	0.061	0.068	0.061	0.059	0.044	0.051	0.049	0.061	0.086	0.096	0.080	0.095	0.061	0.125	0.109	0.110	0.071	0.085	0.085	0.339																																																																																																																																																																																																																																																																																			
730B_PIEN		MRS5	2016	0.000	0.0000	0	0.000		426	RINGWIDTH	1	NotAFile	6/16/2017 17:07:58	                   		4830 1113 8 Grey	Intr 0.021158 0.021141 N	EPSON Twain Data Source On WIA WIA-EPSON Expression 10000XL 1.9 V1.0 26 June 2000	0.0 [0]	3583.5000 676.5000 1488.0000 699.5000  1.0000	Tg A Int Y	50 %	N W Man	19 1.0000 Lin 1.00	0.0120 0.0148 0.0203 0.0240 0.0289 0.0365 0.0481 0.0575 0.0685 0.0869 0.1104 0.1358 0.1795 0.2183 0.2831 0.3664 0.4581 0.5495 0.7145 	16 19 23 27 29 34 40 44 50 59 68 77 92 105 122 144 164 186 219 	0.0120 0.0148 0.0203 0.0240 0.0289 0.0365 0.0481 0.0575 0.0685 0.0869 0.1104 0.1358 0.1795 0.2183 0.2831 0.3664 0.4581 0.5495 0.7145 	0.0000	0.0000	0.0000	0.0000	0.0000	0.0000	44.3386	0.367	0.120	0.078	0.085	0.092	0.056	0.088	0.058	0.062	0.084	0.085	0.077	0.092	0.102	0.113	0.081	0.070	0.077	0.088	0.065	0.052	0.042	0.056	0.046	0.060	0.060	0.078	0.067	0.085	0.085	0.042	0.046	0.053	0.049	0.053	0.042	0.052	0.048	0.035	0.052	0.071	0.078	0.084	0.074	0.078	0.074	0.070	0.102	0.092	0.088	0.074	0.081	0.078	0.092	0.095	0.099	0.092	0.084	0.148	0.100	0.090	0.090	0.064	0.143	0.090	0.111	0.063	0.101	0.087	0.060	0.063	0.081	0.088	0.092	0.116	0.122	0.132	0.169	0.127	0.105	0.117	0.109	0.088	0.076	0.085	0.084	0.046	0.060	0.064	0.070	0.056	0.053	0.063	0.074	0.056	0.057	0.060	0.057	0.056	0.088	0.088	0.074	0.058	0.060	0.047	0.071	0.061	0.045	0.069	0.061	0.061	0.053	0.056	0.058	0.053	0.063	0.058	0.074	0.051	0.045	0.061	0.061	0.063	0.079	0.067	0.061	0.071	0.066	0.065	0.065	0.064	0.057	0.064	0.071	0.066	0.068	0.090	0.084	0.087	0.122	0.086	0.081	0.087	0.066	0.050	0.055	0.060	0.085	0.085	0.074	0.088	0.068	0.097	0.104	0.071	0.062	0.070	0.059	0.061	0.076	0.064	0.063	0.063	0.078	0.086	0.066	0.065	0.055	0.054	0.071	0.070	0.066	0.073	0.064	0.056	0.062	0.062	0.053	0.055	0.048	0.048	0.063	0.055	0.037	0.055	0.052	0.040	0.051	0.036	0.031	0.060	0.051	0.052	0.058	0.053	0.070	0.091	0.084	0.090	0.101	0.066	0.074	0.087	0.074	0.077	0.084	0.096	0.087	0.070	0.052	0.102	0.081	0.087	0.060	0.074	0.081	0.063	0.059	0.088	0.101	0.099	0.076	0.070	0.067	0.046	0.077	0.062	0.087	0.080	0.087	0.056	0.060	0.067	0.046	0.080	0.087	0.080	0.087	0.102	0.109	0.091	0.091	0.122	0.131	0.142	0.141	0.120	0.141	0.140	0.143	0.188	0.135	0.124	0.130	0.150	0.143	0.145	0.098	0.091	0.065	0.125	0.124	0.114	0.172	0.130	0.198	0.150	0.166	0.103	0.150	0.139	0.123	0.143	0.168	0.164	0.153	0.139	0.143	0.164	0.172	0.239	0.268	0.204	0.183	0.140	0.185	0.173	0.125	0.120	0.120	0.147	0.095	0.089	0.111	0.064	0.100	0.095	0.142	0.106	0.074	0.084	0.095	0.084	0.090	0.100	0.116	0.090	0.100	0.095	0.085	0.069	0.047	0.069	0.121	0.084	0.079	0.084	0.053	0.069	0.063	0.079	0.062	0.108	0.105	0.112	0.102	0.095	0.102	0.106	0.116	0.160	0.134	0.120	0.134	0.096	0.079	0.105	0.132	0.138	0.111	0.116	0.095	0.100	0.095	0.074	0.090	0.132	0.178	0.141	0.138	0.186	0.190	0.197	0.178	0.224	0.176	0.187	0.235	0.234	0.160	0.204	0.203	0.234	0.229	0.236	0.250	0.257	0.203	0.230	0.229	0.221	0.290	0.265	0.302	0.215	0.175	0.161	0.232	0.245	0.226	0.185	0.202	0.188	0.181	0.146	0.257	0.117	0.228	0.284	0.124	0.150	0.191	0.137	0.115	0.125	0.125	0.057	0.109	0.177	0.156	0.139	0.135	0.084	0.074	0.047	0.100	0.090	0.079	0.095	0.122	0.126	0.100	0.074	0.069	0.074	0.069	0.078	0.079	0.110	0.100	0.111	0.100	0.079	0.095	0.095	0.095																																																																																																																																																																																																																																																																																																																																																																																																																																												
802A_PIEN		MRS5	2016	0.000	0.0000	0	0.000		113	RINGWIDTH	1	NotAFile	6/15/2017 11:14:09	                   		5870 1187 8 Grey	Intr 0.021158 0.021141 N	EPSON Twain Data Source On WIA WIA-EPSON Expression 10000XL 1.9 V1.0 26 June 2000	0.0 [0]	4170.0000 133.0000 1029.0000 154.0000  1.0000	Tg A Int Y	50 %	N W Man	19 1.0000 Lin 1.00	0.0120 0.0148 0.0203 0.0240 0.0289 0.0365 0.0481 0.0575 0.0685 0.0869 0.1104 0.1358 0.1795 0.2183 0.2831 0.3664 0.4581 0.5495 0.7145 	16 19 23 27 29 34 40 44 50 59 68 77 92 105 122 144 164 186 219 	0.0120 0.0148 0.0203 0.0240 0.0289 0.0365 0.0481 0.0575 0.0685 0.0869 0.1104 0.1358 0.1795 0.2183 0.2831 0.3664 0.4581 0.5495 0.7145 	0.0000	0.0000	0.0000	0.0000	0.0000	0.0000	66.5010	0.275	1.003	0.604	0.781	0.398	0.557	0.347	0.429	0.803	0.538	0.454	0.745	0.527	0.734	0.556	0.598	0.579	0.598	0.516	0.620	0.432	0.507	0.485	0.337	0.423	0.560	0.590	0.381	0.316	0.441	0.569	0.337	0.663	0.708	0.697	1.018	0.920	0.803	0.631	0.654	0.698	0.991	0.855	0.865	0.791	0.780	0.570	0.496	0.748	0.717	0.750	0.820	0.664	0.654	0.718	0.549	0.506	0.485	0.401	0.413	0.325	0.274	0.202	0.211	0.199	0.380	0.285	0.266	0.159	0.146	0.158	0.296	0.336	0.486	0.360	0.505	0.245	0.285	0.327	0.423	0.339	0.347	0.425	0.486	0.569	0.486	0.658	0.569	0.403	0.400	0.465	0.529	0.634	0.605	0.897	0.740	0.775	0.811	0.824	0.867	0.616	0.804	0.835	0.854	0.997	0.951	0.791	0.813	0.993	0.951	0.952	0.990	0.402																																																																																																																			
802B_PIEN		MRS5	2016	0.000	0.0000	0	0.000		83	RINGWIDTH	1	NotAFile	6/15/2017 11:14:09	                   		5870 1187 8 Grey	Intr 0.021158 0.021141 N	EPSON Twain Data Source On WIA WIA-EPSON Expression 10000XL 1.9 V1.0 26 June 2000	0.0 [0]	3839.5000 502.0000 1063.5000 702.5000  1.0000	Tg A Int Y	50 %	N W Man	19 1.0000 Lin 1.00	0.0120 0.0148 0.0203 0.0240 0.0289 0.0365 0.0481 0.0575 0.0685 0.0869 0.1104 0.1358 0.1795 0.2183 0.2831 0.3664 0.4581 0.5495 0.7145 	16 19 23 27 29 34 40 44 50 59 68 77 92 105 122 144 164 186 219 	0.0120 0.0148 0.0203 0.0240 0.0289 0.0365 0.0481 0.0575 0.0685 0.0869 0.1104 0.1358 0.1795 0.2183 0.2831 0.3664 0.4581 0.5495 0.7145 	0.0000	0.0000	0.0000	0.0000	0.0000	0.0000	60.8686	0.102	0.388	0.507	0.692	0.651	0.997	0.717	1.118	0.671	0.708	0.814	0.947	0.863	0.896	0.952	0.874	0.715	0.712	0.903	0.994	1.028	0.935	0.849	0.578	0.706	0.539	0.564	0.628	0.533	0.515	0.384	0.368	0.350	0.357	0.347	0.685	0.478	0.510	0.478	0.292	0.310	0.335	0.393	0.439	0.418	0.493	0.340	0.388	0.329	0.448	0.466	0.389	0.469	0.435	0.417	0.379	0.477	0.520	0.369	0.355	0.417	0.478	0.639	0.631	0.662	0.704	0.808	0.765	0.705	0.618	0.516	0.671	0.610	0.653	0.633	0.612	0.613	0.698	0.717	0.671	0.734	0.839	0.395																																																																																					
821A_PIEN		MRS5	2016	0.000	0.0000	0	0.000		287	RINGWIDTH	1	NotAFile	6/15/2017 12:42:12	                   		7357 1113 8 Grey	Intr 0.021158 0.021141 N	EPSON Twain Data Source On WIA WIA-EPSON Expression 10000XL 1.9 V1.0 26 June 2000	0.0 [0]	5769.0000 266.0000 695.0000 119.0000  1.0000	Tg A Int Y	50 %	N W Man	19 1.0000 Lin 1.00	0.0120 0.0148 0.0203 0.0240 0.0289 0.0365 0.0481 0.0575 0.0685 0.0869 0.1104 0.1358 0.1795 0.2183 0.2831 0.3664 0.4581 0.5495 0.7145 	16 19 23 27 29 34 40 44 50 59 68 77 92 105 122 144 164 186 219 	0.0120 0.0148 0.0203 0.0240 0.0289 0.0365 0.0481 0.0575 0.0685 0.0869 0.1104 0.1358 0.1795 0.2183 0.2831 0.3664 0.4581 0.5495 0.7145 	0.0000	0.0000	0.0000	0.0000	0.0000	0.0000	108.4131	0.343	0.961	0.675	0.434	0.208	0.373	0.396	0.491	1.104	1.066	0.837	0.690	0.507	0.407	0.252	0.181	0.357	0.423	0.287	0.179	0.154	0.154	0.170	0.161	0.127	0.214	0.295	0.438	0.468	0.334	0.534	0.395	0.480	0.212	0.412	0.268	0.640	0.458	0.785	0.070	0.075	0.161	0.357	0.287	0.363	0.301	0.469	1.890	0.339	0.342	1.021	0.414	0.399	0.434	0.338	0.911	0.295	0.258	0.289	0.301	0.375	0.243	0.291	0.338	0.405	0.326	0.395	0.399	0.307	0.445	0.335	0.284	0.290	0.234	0.200	0.243	0.224	0.117	0.177	0.227	0.320	0.260	0.340	0.300	0.262	0.383	0.242	0.317	0.300	0.280	0.265	0.253	0.322	0.299	0.302	0.340	0.261	0.383	0.300	0.253	0.293	0.383	0.240	0.239	0.221	0.343	0.258	0.153	0.163	0.220	0.192	0.192	0.253	0.179	0.154	0.187	0.271	0.287	0.302	0.190	0.133	0.161	0.183	0.210	0.255	0.227	0.237	0.238	0.150	0.192	0.191	0.253	0.220	0.233	0.219	0.172	0.118	0.138	0.149	0.135	0.135	0.120	0.193	0.101	0.110	0.104	0.120	0.113	0.172	0.242	0.155	0.185	0.138	0.187	0.271	0.226	0.157	0.136	0.104	0.114	0.151	0.232	0.317	0.375	0.195	0.325	0.263	0.314	0.343	0.318	0.123	0.154	0.144	0.124	0.113	0.153	0.267	0.195	0.216	0.310	0.235	0.365	0.309	0.294	0.375	0.342	0.345	0.242	0.284	0.466	0.413	0.347	0.304	0.294	0.335	0.365	0.420	0.423	0.280	0.256	0.295	0.340	0.280	0.219	0.240	0.248	0.364	0.374	0.265	0.215	0.335	0.293	0.322	0.377	0.310	0.347	0.357	0.437	0.367	0.370	0.320	0.405	0.416	0.381	0.463	0.420	0.393	0.328	0.272	0.335	0.345	0.385	0.353	0.383	0.265	0.288	0.195	0.176	0.219	0.249	0.261	0.335	0.294	0.325	0.281	0.333	0.302	0.334	0.292	0.322	0.229	0.176	0.269	0.349	0.267	0.434	0.359	0.442	0.372	0.503	0.446	0.382	0.405	0.431	0.434	0.465	0.429	0.415	0.396	0.368	0.390	0.387	0.418	0.313	0.261	0.427	0.351	0.361	0.475	0.475	0.477	0.646	0.512	0.459	0.543	0.607	0.378																																																																																																																																																																																																																																																																																																	
821B_PIEN		MRS5	2016	0.000	0.0000	0	0.000		276	RINGWIDTH	1	NotAFile	6/15/2017 12:42:12	                   		7357 1113 8 Grey	Intr 0.021158 0.021141 N	EPSON Twain Data Source On WIA WIA-EPSON Expression 10000XL 1.9 V1.0 26 June 2000	0.0 [0]	5796.0000 580.0000 682.0000 698.0000  1.0000	Tg A Int Y	50 %	N W Man	19 1.0000 Lin 1.00	0.0120 0.0148 0.0203 0.0240 0.0289 0.0365 0.0481 0.0575 0.0685 0.0869 0.1104 0.1358 0.1795 0.2183 0.2831 0.3664 0.4581 0.5495 0.7145 	16 19 23 27 29 34 40 44 50 59 68 77 92 105 122 144 164 186 219 	0.0120 0.0148 0.0203 0.0240 0.0289 0.0365 0.0481 0.0575 0.0685 0.0869 0.1104 0.1358 0.1795 0.2183 0.2831 0.3664 0.4581 0.5495 0.7145 	0.0000	0.0000	0.0000	0.0000	0.0000	0.0000	108.9204	0.615	1.912	2.008	1.334	1.297	0.798	0.628	0.552	0.517	0.636	0.414	0.436	0.446	0.551	0.660	0.597	0.548	0.393	0.644	0.629	0.538	0.717	0.670	0.603	0.653	0.583	0.629	0.833	0.741	0.423	0.529	0.404	0.474	0.428	0.407	0.355	0.364	0.259	0.338	0.463	0.280	0.402	0.352	0.230	0.218	0.264	0.338	0.167	0.241	0.204	0.156	0.131	0.311	0.167	0.174	0.230	0.338	0.273	0.329	0.420	0.379	0.650	0.474	0.398	0.427	0.315	0.285	0.348	0.249	0.165	0.214	0.703	0.845	0.531	0.428	0.388	0.218	0.234	0.218	0.280	0.265	0.334	0.303	0.295	0.343	0.378	0.435	0.367	0.457	0.554	0.400	0.358	0.538	0.594	0.362	0.279	0.223	0.329	0.255	0.167	0.195	0.208	0.230	0.487	0.534	0.230	0.188	0.203	0.293	0.327	0.305	0.196	0.192	0.184	0.233	0.217	0.327	0.347	0.315	0.234	0.232	0.279	0.349	0.415	0.302	0.467	0.375	0.396	0.280	0.187	0.188	0.166	0.172	0.112	0.140	0.126	0.112	0.097	0.105	0.084	0.132	0.090	0.152	0.193	0.124	0.173	0.083	0.097	0.111	0.076	0.083	0.097	0.190	0.190	0.215	0.187	0.116	0.260	0.238	0.266	0.307	0.123	0.110	0.151	0.143	0.151	0.171	0.176	0.213	0.163	0.274	0.289	0.280	0.294	0.292	0.318	0.341	0.335	0.269	0.333	0.480	0.292	0.448	0.419	0.432	0.287	0.379	0.431	0.415	0.236	0.163	0.331	0.366	0.302	0.267	0.267	0.236	0.298	0.388	0.317	0.378	0.296	0.362	0.380	0.393	0.410	0.328	0.467	0.460	0.523	0.642	0.428	0.444	0.343	0.329	0.380	0.363	0.238	0.347	0.293	0.344	0.325	0.292	0.354	0.385	0.289	0.206	0.252	0.292	0.313	0.304	0.398	0.327	0.391	0.328	0.286	0.359	0.420	0.411	0.390	0.275	0.328	0.401	0.623	0.352	0.415	0.461	0.411	0.493	0.465	0.503	0.667	0.505	0.568	0.339	0.463	0.422	0.416	0.340	0.360	0.314	0.307	0.323	0.173	0.308	0.297	0.354	0.351	0.389	0.452	0.566	0.503	0.386	0.437	0.498	0.225																																																																																																																																																																																																																																																																																						
855A_PIEN		MRS5	2016	0.000	0.0000	0	0.000		59	RINGWIDTH	1	NotAFile	6/15/2017 10:43:29	                   		5647 1039 8 Grey	Intr 0.021158 0.021141 N	EPSON Twain Data Source On WIA WIA-EPSON Expression 10000XL 1.9 V1.0 26 June 2000	0.0 [0]	3132.0000 234.0000 548.0000 211.0000  1.0000	Tg A Int Y	50 %	N W Man	19 1.0000 Lin 1.00	0.0120 0.0148 0.0203 0.0240 0.0289 0.0365 0.0481 0.0575 0.0685 0.0869 0.1104 0.1358 0.1795 0.2183 0.2831 0.3664 0.4581 0.5495 0.7145 	16 19 23 27 29 34 40 44 50 59 68 77 92 105 122 144 164 186 219 	0.0120 0.0148 0.0203 0.0240 0.0289 0.0365 0.0481 0.0575 0.0685 0.0869 0.1104 0.1358 0.1795 0.2183 0.2831 0.3664 0.4581 0.5495 0.7145 	0.0000	0.0000	0.0000	0.0000	0.0000	0.0000	54.6846	0.998	2.281	0.893	0.994	0.487	0.439	0.397	0.389	0.360	0.330	0.272	0.502	0.161	0.222	0.263	0.346	0.344	0.508	0.631	0.529	0.325	0.538	0.570	0.583	0.610	0.558	0.728	0.578	0.687	0.627	1.126	0.839	0.942	0.936	0.876	1.066	1.112	1.235	1.008	1.180	1.830	1.913	1.955	1.616	1.762	1.530	1.232	1.542	1.374	1.355	1.253	1.180	0.952	0.911	0.846	0.823	0.828	0.686	0.314																																																													
855B_PIEN		MRS5	2016	0.000	0.0000	0	0.000		44	RINGWIDTH	1	NotAFile	6/15/2017 10:43:29	                   		5647 1039 8 Grey	Intr 0.021158 0.021141 N	EPSON Twain Data Source On WIA WIA-EPSON Expression 10000XL 1.9 V1.0 26 June 2000	0.0 [0]	2874.0000 737.0000 474.0000 589.0000  1.0000	Tg A Int Y	50 %	N W Man	19 1.0000 Lin 1.00	0.0120 0.0148 0.0203 0.0240 0.0289 0.0365 0.0481 0.0575 0.0685 0.0869 0.1104 0.1358 0.1795 0.2183 0.2831 0.3664 0.4581 0.5495 0.7145 	16 19 23 27 29 34 40 44 50 59 68 77 92 105 122 144 164 186 219 	0.0120 0.0148 0.0203 0.0240 0.0289 0.0365 0.0481 0.0575 0.0685 0.0869 0.1104 0.1358 0.1795 0.2183 0.2831 0.3664 0.4581 0.5495 0.7145 	0.0000	0.0000	0.0000	0.0000	0.0000	0.0000	52.2038	0.412	1.365	0.966	0.887	0.562	0.759	0.029	0.624	1.005	0.987	0.618	0.657	0.665	0.891	0.920	1.040	0.850	0.953	0.938	0.912	0.907	0.956	1.019	1.064	1.034	1.360	1.400	1.386	1.265	1.349	1.296	0.940	1.158	1.101	1.120	1.122	1.015	0.976	0.898	0.898	0.886	0.700	0.610	0.306																																														
893A_PIEN		MRS5	2016	0.000	0.0000	0	0.000		73	RINGWIDTH	1	NotAFile	6/13/2017 11:54:36	                   		2972 940 8 Grey	Intr 0.031737 0.031712 N	EPSON Twain Data Source On WIA WIA-EPSON Expression 10000XL 1.9 V1.0 26 June 2000	0.0 [0]	1696.0000 265.0000 405.0000 191.0000  1.0000	Tg A Int Y	50 %	N W Man	19 1.0000 Lin 1.00	0.0120 0.0148 0.0203 0.0240 0.0289 0.0365 0.0481 0.0575 0.0685 0.0869 0.1104 0.1358 0.1795 0.2183 0.2831 0.3664 0.4581 0.5495 0.7145 	16 19 23 27 29 34 40 44 50 59 68 77 92 105 122 144 164 186 219 	0.0120 0.0148 0.0203 0.0240 0.0289 0.0365 0.0481 0.0575 0.0685 0.0869 0.1104 0.1358 0.1795 0.2183 0.2831 0.3664 0.4581 0.5495 0.7145 	0.0000	0.0000	0.0000	0.0000	0.0000	0.0000	41.1321	0.607	1.058	0.826	0.856	0.676	0.605	0.483	0.351	0.474	0.567	0.624	0.593	0.530	0.351	0.330	0.480	0.504	0.707	0.526	0.468	0.267	0.356	0.383	0.351	0.539	0.454	0.464	0.677	0.587	0.439	0.474	0.577	0.425	0.456	0.420	0.450	0.330	0.302	0.334	0.425	0.422	0.339	0.369	0.371	0.466	0.407	0.342	0.402	0.431	0.437	0.440	0.471	0.440	0.503	0.657	0.559	0.528	0.497	0.435	0.469	0.375	0.376	0.471	0.594	0.688	0.751	0.798	0.460	0.399	0.614	0.796	0.701	0.331																																																																											
893B_PIEN		MRS5	2016	0.000	0.0000	0	0.000		78	RINGWIDTH	1	NotAFile	6/13/2017 11:54:36	                   		2972 940 8 Grey	Intr 0.031737 0.031712 N	EPSON Twain Data Source On WIA WIA-EPSON Expression 10000XL 1.9 V1.0 26 June 2000	0.0 [0]	1982.5000 555.5000 501.0000 502.5000  1.0000	Tg A Int Y	50 %	N W Man	19 1.0000 Lin 1.00	0.0120 0.0148 0.0203 0.0240 0.0289 0.0365 0.0481 0.0575 0.0685 0.0869 0.1104 0.1358 0.1795 0.2183 0.2831 0.3664 0.4581 0.5495 0.7145 	16 19 23 27 29 34 40 44 50 59 68 77 92 105 122 144 164 186 219 	0.0120 0.0148 0.0203 0.0240 0.0289 0.0365 0.0481 0.0575 0.0685 0.0869 0.1104 0.1358 0.1795 0.2183 0.2831 0.3664 0.4581 0.5495 0.7145 	0.0000	0.0000	0.0000	0.0000	0.0000	0.0000	47.0477	0.195	0.458	0.787	0.594	0.857	0.861	0.886	0.725	0.809	0.684	0.498	0.564	0.376	0.529	0.684	0.882	0.814	0.783	0.661	0.809	0.807	0.814	0.944	0.756	0.819	0.948	0.634	0.507	0.666	0.535	0.684	0.470	0.372	0.409	0.436	0.406	0.567	0.471	0.658	0.410	0.409	0.334	0.332	0.327	0.382	0.408	0.326	0.346	0.372	0.437	0.404	0.455	0.540	0.421	0.480	0.438	0.468	0.429	0.603	0.917	0.838	0.829	0.633	0.630	0.481	0.518	0.363	0.585	0.622	0.896	0.826	0.627	0.393	0.521	0.608	0.611	0.802	0.380																																																																																
912A_PIEN		MRS5	2016	0.000	0.0000	0	0.000		62	RINGWIDTH	1	NotAFile	6/13/2017 14:51:07	                   		6465 1262 8 Grey	Intr 0.021158 0.021141 N	EPSON Twain Data Source On WIA WIA-EPSON Expression 10000XL 1.9 V1.0 26 June 2000	0.0 [0]	4839.0000 321.0000 752.0000 198.0000  1.0000	Tg A Int Y	50 %	N W Man	19 1.0000 Lin 1.00	0.0120 0.0148 0.0203 0.0240 0.0289 0.0365 0.0481 0.0575 0.0685 0.0869 0.1104 0.1358 0.1795 0.2183 0.2831 0.3664 0.4581 0.5495 0.7145 	16 19 23 27 29 34 40 44 50 59 68 77 92 105 122 144 164 186 219 	0.0120 0.0148 0.0203 0.0240 0.0289 0.0365 0.0481 0.0575 0.0685 0.0869 0.1104 0.1358 0.1795 0.2183 0.2831 0.3664 0.4581 0.5495 0.7145 	0.0000	0.0000	0.0000	0.0000	0.0000	0.0000	87.4561	0.792	0.958	0.268	0.196	0.250	0.119	0.203	0.110	0.129	0.198	0.175	0.221	0.177	0.188	0.353	0.343	0.336	0.514	0.348	0.342	0.370	0.417	0.603	0.911	1.273	1.166	2.294	1.222	1.552	1.903	1.927	1.789	2.049	1.659	1.906	1.994	2.203	1.917	2.262	2.080	1.767	1.644	1.753	2.328	1.714	2.264	1.732	2.483	1.887	1.441	1.299	1.192	1.279	2.206	1.997	1.615	1.755	1.680	1.587	1.528	1.702	0.494																																																																
912B_PIEN		MRS5	2016	0.000	0.0000	0	0.000		73	RINGWIDTH	1	NotAFile	6/13/2017 14:51:07	                   		6465 1262 8 Grey	Intr 0.021158 0.021141 N	EPSON Twain Data Source On WIA WIA-EPSON Expression 10000XL 1.9 V1.0 26 June 2000	0.0 [0]	3720.0000 755.0000 850.0000 696.0000  1.0000	Tg A Int Y	50 %	N W Man	19 1.0000 Lin 1.00	0.0120 0.0148 0.0203 0.0240 0.0289 0.0365 0.0481 0.0575 0.0685 0.0869 0.1104 0.1358 0.1795 0.2183 0.2831 0.3664 0.4581 0.5495 0.7145 	16 19 23 27 29 34 40 44 50 59 68 77 92 105 122 144 164 186 219 	0.0120 0.0148 0.0203 0.0240 0.0289 0.0365 0.0481 0.0575 0.0685 0.0869 0.1104 0.1358 0.1795 0.2183 0.2831 0.3664 0.4581 0.5495 0.7145 	0.0000	0.0000	0.0000	0.0000	0.0000	0.0000	60.7354	0.915	2.836	1.656	1.053	1.310	1.166	1.302	1.505	1.897	1.783	1.679	1.350	0.870	0.777	0.850	0.663	0.612	0.755	0.614	0.900	0.962	0.853	1.424	1.259	1.132	1.268	0.713	0.790	1.026	0.701	0.726	0.703	0.620	0.473	0.302	0.317	0.325	0.372	0.359	0.367	0.359	0.416	0.287	0.384	0.415	0.477	0.504	0.540	0.538	0.512	0.405	0.484	0.398	0.360	0.512	0.495	0.526	0.431	0.382	0.307	0.247	0.300	0.373	0.455	0.581	0.582	0.530	0.486	0.649	0.591	0.696	0.717	0.229																																																																											
