age_CE,748011_raw,748012_raw,748021_raw,748022_raw,748031_raw,748032_raw,748041_raw,748042_raw,748051_raw,748052_raw,748061_raw,748062_raw,748071_raw,748072_raw,748081_raw,748082_raw,748091_raw,748092_raw,748101_raw,748102_raw,748111_raw,748112_raw,748121_raw,748122_raw,748132_raw,748141_raw,748142_raw,748011_raw_outlier_flag,748012_raw_outlier_flag,748021_raw_outlier_flag,748022_raw_outlier_flag,748031_raw_outlier_flag,748032_raw_outlier_flag,748041_raw_outlier_flag,748042_raw_outlier_flag,748051_raw_outlier_flag,748052_raw_outlier_flag,748061_raw_outlier_flag,748062_raw_outlier_flag,748071_raw_outlier_flag,748072_raw_outlier_flag,748081_raw_outlier_flag,748082_raw_outlier_flag,748091_raw_outlier_flag,748092_raw_outlier_flag,748101_raw_outlier_flag,748102_raw_outlier_flag,748111_raw_outlier_flag,748112_raw_outlier_flag,748121_raw_outlier_flag,748122_raw_outlier_flag,748132_raw_outlier_flag,748141_raw_outlier_flag,748142_raw_outlier_flag
1564,NA,NA,NA,NA,NA,NA,NA,NA,0.31,NA,NA,NA,NA,NA,NA,NA,NA,NA,NA,NA,NA,NA,NA,NA,NA,NA,NA,NA,NA,NA,NA,NA,NA,NA,NA,FALSE,NA,NA,NA,NA,NA,NA,NA,NA,NA,NA,NA,NA,NA,NA,NA,NA,NA,NA
1565,NA,NA,NA,NA,NA,NA,NA,NA,0.32,NA,NA,NA,NA,NA,NA,NA,NA,NA,NA,NA,NA,NA,NA,NA,NA,NA,NA,NA,NA,NA,NA,NA,NA,NA,NA,FALSE,NA,NA,NA,NA,NA,NA,NA,NA,NA,NA,NA,NA,NA,NA,NA,NA,NA,NA
1566,NA,NA,NA,NA,NA,NA,NA,NA,0.43,NA,NA,NA,NA,NA,NA,NA,0.33,NA,NA,NA,NA,NA,NA,NA,NA,NA,NA,NA,NA,NA,NA,NA,NA,NA,NA,FALSE,NA,NA,NA,NA,NA,NA,NA,FALSE,NA,NA,NA,NA,NA,NA,NA,NA,NA,NA
1567,NA,NA,NA,NA,NA,NA,NA,NA,0.32,NA,NA,NA,NA,NA,NA,NA,0.33,NA,NA,NA,NA,NA,NA,NA,NA,NA,NA,NA,NA,NA,NA,NA,NA,NA,NA,FALSE,NA,NA,NA,NA,NA,NA,NA,FALSE,NA,NA,NA,NA,NA,NA,NA,NA,NA,NA
1568,NA,NA,NA,NA,NA,NA,NA,NA,0.37,NA,NA,NA,NA,NA,NA,NA,0.35,NA,NA,NA,NA,NA,NA,NA,NA,NA,NA,NA,NA,NA,NA,NA,NA,NA,NA,FALSE,NA,NA,NA,NA,NA,NA,NA,FALSE,NA,NA,NA,NA,NA,NA,NA,NA,NA,NA
1569,NA,NA,NA,NA,NA,NA,NA,NA,0.39,NA,NA,NA,NA,NA,NA,NA,0.35,NA,NA,NA,NA,NA,NA,NA,NA,NA,NA,NA,NA,NA,NA,NA,NA,NA,NA,FALSE,NA,NA,NA,NA,NA,NA,NA,FALSE,NA,NA,NA,NA,NA,NA,NA,NA,NA,NA
1570,NA,NA,NA,NA,NA,NA,NA,NA,0.35,NA,NA,NA,NA,NA,NA,NA,0.34,NA,NA,NA,NA,NA,NA,NA,NA,NA,NA,NA,NA,NA,NA,NA,NA,NA,NA,FALSE,NA,NA,NA,NA,NA,NA,NA,FALSE,NA,NA,NA,NA,NA,NA,NA,NA,NA,NA
1571,NA,NA,NA,NA,NA,NA,NA,NA,0.35,NA,NA,NA,NA,NA,NA,NA,0.34,NA,NA,NA,NA,NA,NA,NA,NA,NA,NA,NA,NA,NA,NA,NA,NA,NA,NA,FALSE,NA,NA,NA,NA,NA,NA,NA,FALSE,NA,NA,NA,NA,NA,NA,NA,NA,NA,NA
1572,NA,NA,NA,NA,NA,NA,NA,NA,0.39,NA,NA,NA,NA,NA,NA,NA,0.34,NA,NA,NA,NA,NA,NA,NA,NA,NA,NA,NA,NA,NA,NA,NA,NA,NA,NA,FALSE,NA,NA,NA,NA,NA,NA,NA,FALSE,NA,NA,NA,NA,NA,NA,NA,NA,NA,NA
1573,NA,NA,NA,NA,NA,NA,NA,NA,0.39,NA,NA,NA,NA,NA,NA,NA,0.37,NA,NA,NA,NA,NA,NA,NA,NA,NA,NA,NA,NA,NA,NA,NA,NA,NA,NA,FALSE,NA,NA,NA,NA,NA,NA,NA,FALSE,NA,NA,NA,NA,NA,NA,NA,NA,NA,NA
1574,NA,NA,NA,NA,NA,NA,NA,NA,0.37,NA,NA,NA,NA,NA,NA,NA,0.36,NA,NA,NA,NA,NA,NA,NA,NA,NA,NA,NA,NA,NA,NA,NA,NA,NA,NA,FALSE,NA,NA,NA,NA,NA,NA,NA,FALSE,NA,NA,NA,NA,NA,NA,NA,NA,NA,NA
1575,NA,NA,NA,NA,NA,NA,NA,NA,0.35,NA,NA,NA,NA,NA,NA,NA,0.36,NA,NA,NA,NA,NA,NA,NA,NA,NA,NA,NA,NA,NA,NA,NA,NA,NA,NA,FALSE,NA,NA,NA,NA,NA,NA,NA,FALSE,NA,NA,NA,NA,NA,NA,NA,NA,NA,NA
1576,NA,NA,NA,NA,NA,NA,NA,NA,0.36,NA,NA,NA,NA,NA,NA,NA,0.36,NA,NA,NA,NA,NA,NA,NA,NA,NA,NA,NA,NA,NA,NA,NA,NA,NA,NA,FALSE,NA,NA,NA,NA,NA,NA,NA,FALSE,NA,NA,NA,NA,NA,NA,NA,NA,NA,NA
1577,NA,NA,NA,NA,NA,NA,NA,NA,0.39,NA,NA,NA,NA,NA,NA,NA,0.37,NA,NA,NA,NA,NA,NA,NA,NA,NA,NA,NA,NA,NA,NA,NA,NA,NA,NA,FALSE,NA,NA,NA,NA,NA,NA,NA,FALSE,NA,NA,NA,NA,NA,NA,NA,NA,NA,NA
1578,NA,NA,NA,NA,NA,NA,NA,NA,0.36,NA,NA,NA,NA,NA,NA,NA,0.34,NA,NA,NA,NA,NA,NA,NA,NA,NA,NA,NA,NA,NA,NA,NA,NA,NA,NA,FALSE,NA,NA,NA,NA,NA,NA,NA,FALSE,NA,NA,NA,NA,NA,NA,NA,NA,NA,NA
1579,NA,NA,NA,NA,NA,NA,NA,NA,0.34,NA,NA,NA,NA,NA,NA,NA,0.34,NA,NA,NA,NA,NA,NA,NA,NA,NA,NA,NA,NA,NA,NA,NA,NA,NA,NA,FALSE,NA,NA,NA,NA,NA,NA,NA,FALSE,NA,NA,NA,NA,NA,NA,NA,NA,NA,NA
1580,NA,NA,NA,NA,NA,NA,NA,NA,0.32,NA,NA,NA,NA,NA,NA,NA,0.32,NA,NA,NA,NA,NA,NA,NA,NA,NA,NA,NA,NA,NA,NA,NA,NA,NA,NA,FALSE,NA,NA,NA,NA,NA,NA,NA,FALSE,NA,NA,NA,NA,NA,NA,NA,NA,NA,NA
1581,NA,NA,NA,NA,NA,NA,NA,NA,0.34,NA,NA,NA,NA,NA,NA,NA,0.34,NA,NA,NA,NA,NA,NA,NA,NA,NA,NA,NA,NA,NA,NA,NA,NA,NA,NA,FALSE,NA,NA,NA,NA,NA,NA,NA,FALSE,NA,NA,NA,NA,NA,NA,NA,NA,NA,NA
1582,NA,NA,NA,NA,NA,NA,NA,NA,0.37,NA,NA,NA,NA,NA,NA,NA,0.35,NA,NA,NA,NA,NA,NA,NA,NA,NA,NA,NA,NA,NA,NA,NA,NA,NA,NA,FALSE,NA,NA,NA,NA,NA,NA,NA,FALSE,NA,NA,NA,NA,NA,NA,NA,NA,NA,NA
1583,NA,NA,NA,NA,NA,NA,NA,NA,0.32,NA,NA,NA,NA,NA,NA,NA,0.32,NA,NA,NA,NA,NA,NA,NA,NA,NA,NA,NA,NA,NA,NA,NA,NA,NA,NA,FALSE,NA,NA,NA,NA,NA,NA,NA,FALSE,NA,NA,NA,NA,NA,NA,NA,NA,NA,NA
1584,NA,NA,NA,NA,NA,NA,NA,NA,0.35,NA,NA,NA,NA,NA,NA,NA,0.32,NA,NA,NA,NA,NA,NA,NA,NA,NA,NA,NA,NA,NA,NA,NA,NA,NA,NA,FALSE,NA,NA,NA,NA,NA,NA,NA,FALSE,NA,NA,NA,NA,NA,NA,NA,NA,NA,NA
1585,NA,NA,NA,NA,NA,NA,NA,NA,0.34,NA,NA,NA,NA,NA,NA,NA,0.34,NA,NA,NA,NA,NA,NA,NA,NA,NA,NA,NA,NA,NA,NA,NA,NA,NA,NA,FALSE,NA,NA,NA,NA,NA,NA,NA,FALSE,NA,NA,NA,NA,NA,NA,NA,NA,NA,NA
1586,NA,NA,NA,NA,NA,NA,NA,NA,0.33,NA,NA,NA,NA,NA,NA,NA,0.33,NA,NA,NA,NA,NA,NA,NA,NA,NA,NA,NA,NA,NA,NA,NA,NA,NA,NA,FALSE,NA,NA,NA,NA,NA,NA,NA,FALSE,NA,NA,NA,NA,NA,NA,NA,NA,NA,NA
1587,NA,NA,NA,NA,NA,NA,NA,NA,0.47,NA,NA,NA,NA,NA,NA,NA,0.41,NA,NA,NA,NA,NA,NA,NA,NA,NA,NA,NA,NA,NA,NA,NA,NA,NA,NA,TRUE,NA,NA,NA,NA,NA,NA,NA,FALSE,NA,NA,NA,NA,NA,NA,NA,NA,NA,NA
1588,NA,NA,NA,NA,NA,NA,NA,NA,0.32,NA,NA,NA,NA,NA,NA,NA,0.55,NA,NA,NA,NA,NA,NA,NA,NA,NA,NA,NA,NA,NA,NA,NA,NA,NA,NA,FALSE,NA,NA,NA,NA,NA,NA,NA,TRUE,NA,NA,NA,NA,NA,NA,NA,NA,NA,NA
1589,NA,NA,NA,NA,NA,NA,NA,NA,0.33,NA,NA,NA,NA,NA,NA,NA,0.39,NA,NA,NA,NA,NA,NA,NA,NA,NA,NA,NA,NA,NA,NA,NA,NA,NA,NA,FALSE,NA,NA,NA,NA,NA,NA,NA,FALSE,NA,NA,NA,NA,NA,NA,NA,NA,NA,NA
1590,NA,NA,NA,NA,NA,NA,NA,NA,0.3,NA,NA,NA,NA,NA,NA,NA,0.36,NA,NA,NA,NA,NA,NA,NA,NA,NA,NA,NA,NA,NA,NA,NA,NA,NA,NA,FALSE,NA,NA,NA,NA,NA,NA,NA,FALSE,NA,NA,NA,NA,NA,NA,NA,NA,NA,NA
1591,NA,NA,NA,NA,NA,NA,NA,NA,0.31,NA,NA,NA,NA,NA,NA,NA,0.36,NA,NA,NA,NA,NA,NA,NA,NA,NA,NA,NA,NA,NA,NA,NA,NA,NA,NA,FALSE,NA,NA,NA,NA,NA,NA,NA,FALSE,NA,NA,NA,NA,NA,NA,NA,NA,NA,NA
1592,NA,NA,NA,NA,NA,NA,NA,NA,0.33,NA,NA,NA,NA,NA,NA,NA,0.34,0.32,NA,NA,NA,NA,NA,NA,NA,NA,NA,NA,NA,NA,NA,NA,NA,NA,NA,FALSE,NA,NA,NA,NA,NA,NA,NA,FALSE,FALSE,NA,NA,NA,NA,NA,NA,NA,NA,NA
1593,NA,NA,NA,NA,NA,NA,NA,NA,0.32,NA,NA,NA,NA,NA,NA,NA,0.33,0.29,NA,NA,NA,NA,NA,NA,NA,NA,NA,NA,NA,NA,NA,NA,NA,NA,NA,FALSE,NA,NA,NA,NA,NA,NA,NA,FALSE,FALSE,NA,NA,NA,NA,NA,NA,NA,NA,NA
1594,NA,NA,NA,NA,NA,NA,NA,NA,0.31,NA,NA,NA,NA,NA,NA,NA,0.34,0.29,NA,NA,NA,NA,NA,NA,NA,NA,NA,NA,NA,NA,NA,NA,NA,NA,NA,FALSE,NA,NA,NA,NA,NA,NA,NA,FALSE,FALSE,NA,NA,NA,NA,NA,NA,NA,NA,NA
1595,NA,NA,NA,NA,NA,NA,NA,NA,0.34,NA,NA,NA,NA,NA,NA,NA,0.35,0.32,NA,NA,NA,NA,NA,NA,NA,NA,NA,NA,NA,NA,NA,NA,NA,NA,NA,FALSE,NA,NA,NA,NA,NA,NA,NA,FALSE,FALSE,NA,NA,NA,NA,NA,NA,NA,NA,NA
1596,NA,NA,NA,NA,NA,NA,NA,NA,0.35,NA,NA,NA,NA,NA,NA,NA,0.36,0.33,NA,NA,NA,NA,NA,NA,NA,NA,NA,NA,NA,NA,NA,NA,NA,NA,NA,FALSE,NA,NA,NA,NA,NA,NA,NA,FALSE,FALSE,NA,NA,NA,NA,NA,NA,NA,NA,NA
1597,NA,NA,NA,NA,NA,NA,NA,NA,0.34,NA,NA,NA,NA,NA,NA,NA,0.34,0.35,NA,NA,NA,NA,NA,NA,NA,NA,NA,NA,NA,NA,NA,NA,NA,NA,NA,FALSE,NA,NA,NA,NA,NA,NA,NA,FALSE,FALSE,NA,NA,NA,NA,NA,NA,NA,NA,NA
1598,NA,NA,NA,NA,NA,NA,NA,NA,0.32,NA,NA,NA,NA,NA,NA,NA,0.35,0.34,NA,NA,NA,NA,NA,NA,NA,NA,NA,NA,NA,NA,NA,NA,NA,NA,NA,FALSE,NA,NA,NA,NA,NA,NA,NA,FALSE,FALSE,NA,NA,NA,NA,NA,NA,NA,NA,NA
1599,NA,NA,NA,NA,NA,NA,NA,NA,0.46,NA,NA,NA,NA,NA,NA,NA,0.35,0.39,NA,NA,NA,NA,NA,NA,NA,NA,NA,NA,NA,NA,NA,NA,NA,NA,NA,TRUE,NA,NA,NA,NA,NA,NA,NA,FALSE,FALSE,NA,NA,NA,NA,NA,NA,NA,NA,NA
1600,NA,NA,NA,NA,NA,NA,NA,NA,0.3,NA,NA,NA,NA,NA,NA,NA,0.34,0.33,NA,NA,NA,NA,NA,NA,NA,NA,NA,NA,NA,NA,NA,NA,NA,NA,NA,FALSE,NA,NA,NA,NA,NA,NA,NA,FALSE,FALSE,NA,NA,NA,NA,NA,NA,NA,NA,NA
1601,NA,NA,NA,NA,NA,NA,NA,NA,0.54,NA,NA,NA,NA,NA,NA,NA,0.41,0.41,NA,NA,NA,NA,NA,NA,NA,NA,NA,NA,NA,NA,NA,NA,NA,NA,NA,TRUE,NA,NA,NA,NA,NA,NA,NA,FALSE,FALSE,NA,NA,NA,NA,NA,NA,NA,NA,NA
1602,NA,NA,NA,NA,NA,NA,NA,NA,0.35,NA,NA,NA,NA,NA,NA,NA,0.39,0.39,NA,NA,NA,NA,NA,NA,NA,NA,NA,NA,NA,NA,NA,NA,NA,NA,NA,FALSE,NA,NA,NA,NA,NA,NA,NA,FALSE,FALSE,NA,NA,NA,NA,NA,NA,NA,NA,NA
1603,NA,NA,NA,NA,NA,NA,NA,NA,0.33,NA,NA,NA,NA,NA,NA,NA,0.36,0.36,NA,NA,NA,NA,NA,NA,NA,NA,NA,NA,NA,NA,NA,NA,NA,NA,NA,FALSE,NA,NA,NA,NA,NA,NA,NA,FALSE,FALSE,NA,NA,NA,NA,NA,NA,NA,NA,NA
1604,NA,NA,NA,NA,NA,NA,NA,NA,0.38,NA,NA,NA,NA,NA,NA,NA,0.35,0.35,NA,NA,NA,NA,NA,NA,NA,NA,NA,NA,NA,NA,NA,NA,NA,NA,NA,FALSE,NA,NA,NA,NA,NA,NA,NA,FALSE,FALSE,NA,NA,NA,NA,NA,NA,NA,NA,NA
1605,NA,NA,NA,NA,NA,NA,NA,NA,0.36,NA,NA,NA,NA,NA,NA,NA,0.35,0.37,NA,NA,NA,NA,NA,NA,NA,NA,NA,NA,NA,NA,NA,NA,NA,NA,NA,FALSE,NA,NA,NA,NA,NA,NA,NA,FALSE,FALSE,NA,NA,NA,NA,NA,NA,NA,NA,NA
1606,NA,NA,NA,NA,NA,NA,NA,NA,0.35,NA,NA,NA,NA,NA,NA,NA,0.38,0.38,NA,NA,NA,NA,NA,NA,NA,NA,NA,NA,NA,NA,NA,NA,NA,NA,NA,FALSE,NA,NA,NA,NA,NA,NA,NA,FALSE,FALSE,NA,NA,NA,NA,NA,NA,NA,NA,NA
1607,NA,NA,NA,NA,NA,NA,NA,NA,0.29,NA,NA,NA,NA,NA,NA,NA,0.35,0.32,NA,NA,NA,NA,NA,NA,NA,NA,NA,NA,NA,NA,NA,NA,NA,NA,NA,FALSE,NA,NA,NA,NA,NA,NA,NA,FALSE,FALSE,NA,NA,NA,NA,NA,NA,NA,NA,NA
1608,NA,NA,NA,NA,NA,NA,NA,NA,0.32,NA,NA,NA,NA,NA,NA,NA,0.34,0.33,NA,NA,NA,NA,NA,NA,NA,NA,NA,NA,NA,NA,NA,NA,NA,NA,NA,FALSE,NA,NA,NA,NA,NA,NA,NA,FALSE,FALSE,NA,NA,NA,NA,NA,NA,NA,NA,NA
1609,NA,NA,NA,NA,NA,NA,NA,NA,0.33,NA,NA,NA,NA,NA,NA,NA,0.35,0.36,NA,NA,NA,NA,NA,NA,NA,NA,NA,NA,NA,NA,NA,NA,NA,NA,NA,FALSE,NA,NA,NA,NA,NA,NA,NA,FALSE,FALSE,NA,NA,NA,NA,NA,NA,NA,NA,NA
1610,NA,NA,NA,NA,NA,NA,NA,NA,0.31,NA,NA,NA,NA,NA,NA,NA,0.34,0.35,NA,NA,NA,NA,NA,NA,NA,NA,NA,NA,NA,NA,NA,NA,NA,NA,NA,FALSE,NA,NA,NA,NA,NA,NA,NA,FALSE,FALSE,NA,NA,NA,NA,NA,NA,NA,NA,NA
1611,NA,NA,NA,NA,NA,NA,NA,NA,0.31,NA,NA,NA,NA,NA,NA,NA,0.34,0.33,NA,NA,NA,NA,NA,NA,NA,NA,NA,NA,NA,NA,NA,NA,NA,NA,NA,FALSE,NA,NA,NA,NA,NA,NA,NA,FALSE,FALSE,NA,NA,NA,NA,NA,NA,NA,NA,NA
1612,NA,NA,NA,NA,NA,NA,NA,NA,0.35,NA,NA,NA,NA,NA,NA,NA,0.38,0.38,NA,NA,NA,NA,NA,NA,NA,NA,NA,NA,NA,NA,NA,NA,NA,NA,NA,FALSE,NA,NA,NA,NA,NA,NA,NA,FALSE,FALSE,NA,NA,NA,NA,NA,NA,NA,NA,NA
1613,NA,NA,NA,NA,NA,NA,NA,NA,0.33,NA,NA,NA,NA,NA,NA,NA,0.37,0.38,NA,NA,NA,NA,NA,NA,NA,NA,NA,NA,NA,NA,NA,NA,NA,NA,NA,FALSE,NA,NA,NA,NA,NA,NA,NA,FALSE,FALSE,NA,NA,NA,NA,NA,NA,NA,NA,NA
1614,NA,NA,NA,NA,NA,NA,NA,NA,0.32,NA,NA,NA,NA,NA,NA,NA,0.33,0.34,NA,NA,NA,NA,NA,NA,NA,NA,NA,NA,NA,NA,NA,NA,NA,NA,NA,FALSE,NA,NA,NA,NA,NA,NA,NA,FALSE,FALSE,NA,NA,NA,NA,NA,NA,NA,NA,NA
1615,NA,NA,NA,NA,NA,NA,NA,NA,0.33,NA,NA,NA,NA,NA,NA,NA,0.32,0.32,NA,NA,NA,NA,NA,NA,NA,NA,NA,NA,NA,NA,NA,NA,NA,NA,NA,FALSE,NA,NA,NA,NA,NA,NA,NA,FALSE,FALSE,NA,NA,NA,NA,NA,NA,NA,NA,NA
1616,NA,NA,NA,NA,NA,NA,NA,NA,0.31,NA,NA,NA,NA,NA,NA,NA,0.31,0.32,NA,NA,NA,NA,NA,NA,NA,NA,NA,NA,NA,NA,NA,NA,NA,NA,NA,FALSE,NA,NA,NA,NA,NA,NA,NA,FALSE,FALSE,NA,NA,NA,NA,NA,NA,NA,NA,NA
1617,NA,NA,NA,NA,NA,NA,NA,NA,0.33,NA,NA,NA,NA,NA,NA,NA,0.34,0.33,NA,NA,NA,NA,NA,NA,NA,NA,NA,NA,NA,NA,NA,NA,NA,NA,NA,FALSE,NA,NA,NA,NA,NA,NA,NA,FALSE,FALSE,NA,NA,NA,NA,NA,NA,NA,NA,NA
1618,NA,NA,NA,NA,NA,NA,NA,NA,0.32,NA,NA,NA,NA,NA,NA,0.43,0.32,0.34,NA,NA,NA,NA,NA,NA,NA,NA,NA,NA,NA,NA,NA,NA,NA,NA,NA,FALSE,NA,NA,NA,NA,NA,NA,FALSE,FALSE,FALSE,NA,NA,NA,NA,NA,NA,NA,NA,NA
1619,NA,NA,NA,NA,NA,NA,NA,NA,0.32,NA,NA,NA,NA,NA,NA,0.43,0.35,0.35,NA,NA,NA,NA,NA,NA,NA,NA,NA,NA,NA,NA,NA,NA,NA,NA,NA,FALSE,NA,NA,NA,NA,NA,NA,FALSE,FALSE,FALSE,NA,NA,NA,NA,NA,NA,NA,NA,NA
1620,NA,NA,NA,NA,NA,NA,NA,NA,0.33,NA,NA,NA,NA,NA,NA,0.38,0.34,0.36,NA,NA,NA,NA,NA,NA,NA,NA,NA,NA,NA,NA,NA,NA,NA,NA,NA,FALSE,NA,NA,NA,NA,NA,NA,FALSE,FALSE,FALSE,NA,NA,NA,NA,NA,NA,NA,NA,NA
1621,NA,NA,NA,NA,NA,NA,NA,NA,0.31,NA,NA,NA,NA,NA,NA,0.33,0.34,0.35,NA,NA,NA,NA,NA,NA,NA,NA,NA,NA,NA,NA,NA,NA,NA,NA,NA,FALSE,NA,NA,NA,NA,NA,NA,FALSE,FALSE,FALSE,NA,NA,NA,NA,NA,NA,NA,NA,NA
1622,NA,NA,NA,NA,NA,NA,NA,NA,0.34,NA,NA,NA,NA,NA,NA,0.48,0.34,0.36,NA,NA,NA,NA,NA,NA,NA,NA,NA,NA,NA,NA,NA,NA,NA,NA,NA,FALSE,NA,NA,NA,NA,NA,NA,FALSE,FALSE,FALSE,NA,NA,NA,NA,NA,NA,NA,NA,NA
1623,NA,NA,NA,NA,NA,NA,NA,NA,0.33,NA,NA,NA,NA,NA,NA,0.43,0.36,0.35,NA,NA,NA,NA,NA,NA,NA,NA,NA,NA,NA,NA,NA,NA,NA,NA,NA,FALSE,NA,NA,NA,NA,NA,NA,FALSE,FALSE,FALSE,NA,NA,NA,NA,NA,NA,NA,NA,NA
1624,NA,NA,NA,NA,NA,NA,NA,NA,0.31,NA,NA,NA,NA,NA,NA,0.42,0.35,0.37,NA,NA,NA,NA,NA,NA,NA,NA,NA,NA,NA,NA,NA,NA,NA,NA,NA,FALSE,NA,NA,NA,NA,NA,NA,FALSE,FALSE,FALSE,NA,NA,NA,NA,NA,NA,NA,NA,NA
1625,NA,NA,NA,NA,NA,NA,NA,NA,0.32,NA,NA,NA,NA,NA,NA,0.5,0.32,0.32,NA,NA,NA,NA,NA,NA,NA,NA,NA,NA,NA,NA,NA,NA,NA,NA,NA,FALSE,NA,NA,NA,NA,NA,NA,FALSE,FALSE,FALSE,NA,NA,NA,NA,NA,NA,NA,NA,NA
1626,NA,NA,NA,NA,NA,NA,NA,NA,0.33,NA,NA,NA,NA,NA,NA,0.44,0.32,0.33,NA,NA,NA,NA,NA,NA,NA,NA,NA,NA,NA,NA,NA,NA,NA,NA,NA,FALSE,NA,NA,NA,NA,NA,NA,FALSE,FALSE,FALSE,NA,NA,NA,NA,NA,NA,NA,NA,NA
1627,NA,NA,NA,NA,NA,NA,NA,NA,0.3,NA,NA,NA,NA,NA,NA,0.51,0.31,0.32,NA,NA,NA,NA,NA,NA,NA,NA,NA,NA,NA,NA,NA,NA,NA,NA,NA,FALSE,NA,NA,NA,NA,NA,NA,FALSE,FALSE,FALSE,NA,NA,NA,NA,NA,NA,NA,NA,NA
1628,NA,NA,NA,NA,NA,NA,NA,NA,0.32,NA,NA,NA,NA,NA,NA,0.64,0.32,0.33,NA,NA,NA,NA,NA,NA,NA,NA,NA,NA,NA,NA,NA,NA,NA,NA,NA,FALSE,NA,NA,NA,NA,NA,NA,TRUE,FALSE,FALSE,NA,NA,NA,NA,NA,NA,NA,NA,NA
1629,NA,NA,NA,NA,NA,NA,NA,NA,0.31,NA,NA,NA,NA,NA,NA,0.48,0.3,0.33,NA,NA,NA,NA,NA,NA,NA,NA,NA,NA,NA,NA,NA,NA,NA,NA,NA,FALSE,NA,NA,NA,NA,NA,NA,FALSE,FALSE,FALSE,NA,NA,NA,NA,NA,NA,NA,NA,NA
1630,NA,NA,NA,NA,NA,NA,NA,NA,0.33,NA,NA,NA,NA,NA,NA,0.5,0.32,0.33,NA,NA,NA,NA,NA,NA,NA,NA,NA,NA,NA,NA,NA,NA,NA,NA,NA,FALSE,NA,NA,NA,NA,NA,NA,FALSE,FALSE,FALSE,NA,NA,NA,NA,NA,NA,NA,NA,NA
1631,NA,NA,NA,NA,NA,NA,NA,NA,0.31,NA,NA,NA,NA,NA,NA,0.52,0.31,0.32,NA,NA,NA,NA,NA,NA,NA,NA,NA,NA,NA,NA,NA,NA,NA,NA,NA,FALSE,NA,NA,NA,NA,NA,NA,FALSE,FALSE,FALSE,NA,NA,NA,NA,NA,NA,NA,NA,NA
1632,NA,NA,NA,NA,NA,NA,NA,NA,0.32,NA,NA,NA,NA,NA,NA,0.5,0.34,0.33,NA,NA,NA,NA,NA,NA,NA,NA,NA,NA,NA,NA,NA,NA,NA,NA,NA,FALSE,NA,NA,NA,NA,NA,NA,FALSE,FALSE,FALSE,NA,NA,NA,NA,NA,NA,NA,NA,NA
1633,NA,NA,NA,NA,NA,NA,NA,NA,0.3,NA,NA,NA,NA,NA,NA,0.51,0.31,0.3,NA,NA,NA,NA,NA,NA,NA,NA,NA,NA,NA,NA,NA,NA,NA,NA,NA,FALSE,NA,NA,NA,NA,NA,NA,FALSE,FALSE,FALSE,NA,NA,NA,NA,NA,NA,NA,NA,NA
1634,NA,NA,NA,NA,NA,NA,NA,NA,0.31,NA,NA,NA,NA,NA,NA,0.45,0.31,0.31,NA,NA,NA,NA,NA,NA,NA,NA,NA,NA,NA,NA,NA,NA,NA,NA,NA,FALSE,NA,NA,NA,NA,NA,NA,FALSE,FALSE,FALSE,NA,NA,NA,NA,NA,NA,NA,NA,NA
1635,NA,NA,NA,NA,NA,NA,NA,NA,0.33,NA,NA,NA,NA,NA,NA,0.49,0.32,0.32,NA,NA,NA,NA,NA,NA,NA,NA,NA,NA,NA,NA,NA,NA,NA,NA,NA,FALSE,NA,NA,NA,NA,NA,NA,FALSE,FALSE,FALSE,NA,NA,NA,NA,NA,NA,NA,NA,NA
1636,NA,NA,NA,NA,NA,NA,NA,NA,0.33,NA,NA,NA,NA,NA,NA,0.49,0.32,0.32,NA,NA,NA,NA,NA,NA,NA,NA,NA,NA,NA,NA,NA,NA,NA,NA,NA,FALSE,NA,NA,NA,NA,NA,NA,FALSE,FALSE,FALSE,NA,NA,NA,NA,NA,NA,NA,NA,NA
1637,NA,NA,NA,NA,NA,NA,NA,NA,0.32,NA,NA,NA,NA,NA,NA,0.48,0.35,0.35,NA,NA,NA,NA,NA,NA,NA,NA,NA,NA,NA,NA,NA,NA,NA,NA,NA,FALSE,NA,NA,NA,NA,NA,NA,FALSE,FALSE,FALSE,NA,NA,NA,NA,NA,NA,NA,NA,NA
1638,NA,NA,NA,NA,NA,NA,NA,NA,0.31,NA,NA,NA,NA,NA,NA,0.42,0.35,0.34,NA,NA,NA,NA,NA,NA,NA,NA,NA,NA,NA,NA,NA,NA,NA,NA,NA,FALSE,NA,NA,NA,NA,NA,NA,FALSE,FALSE,FALSE,NA,NA,NA,NA,NA,NA,NA,NA,NA
1639,NA,NA,NA,NA,NA,NA,NA,NA,0.3,NA,NA,NA,NA,NA,NA,0,0.33,0.32,NA,NA,NA,NA,NA,NA,NA,NA,NA,NA,NA,NA,NA,NA,NA,NA,NA,FALSE,NA,NA,NA,NA,NA,NA,TRUE,FALSE,FALSE,NA,NA,NA,NA,NA,NA,NA,NA,NA
1640,NA,NA,NA,NA,NA,NA,NA,NA,0.34,NA,NA,NA,NA,NA,NA,0.39,0.35,0.32,NA,NA,NA,NA,NA,NA,NA,NA,NA,NA,NA,NA,NA,NA,NA,NA,NA,FALSE,NA,NA,NA,NA,NA,NA,FALSE,FALSE,FALSE,NA,NA,NA,NA,NA,NA,NA,NA,NA
1641,NA,NA,NA,NA,NA,NA,NA,NA,0.45,NA,NA,NA,NA,NA,NA,0.61,0.42,0.5,NA,NA,NA,NA,NA,NA,NA,NA,NA,NA,NA,NA,NA,NA,NA,NA,NA,TRUE,NA,NA,NA,NA,NA,NA,TRUE,FALSE,FALSE,NA,NA,NA,NA,NA,NA,NA,NA,NA
1642,NA,NA,NA,NA,NA,NA,NA,NA,0.36,NA,NA,NA,NA,NA,NA,0.55,0.37,0.36,NA,NA,NA,NA,NA,NA,NA,NA,NA,NA,NA,NA,NA,NA,NA,NA,NA,FALSE,NA,NA,NA,NA,NA,NA,TRUE,FALSE,FALSE,NA,NA,NA,NA,NA,NA,NA,NA,NA
1643,NA,NA,NA,NA,NA,NA,NA,NA,0.33,NA,NA,NA,NA,NA,NA,0.46,0.32,0.33,NA,NA,NA,NA,NA,NA,NA,NA,NA,NA,NA,NA,NA,NA,NA,NA,NA,FALSE,NA,NA,NA,NA,NA,NA,FALSE,FALSE,FALSE,NA,NA,NA,NA,NA,NA,NA,NA,NA
1644,NA,NA,NA,NA,NA,NA,NA,NA,0.31,NA,NA,NA,NA,NA,NA,0.48,0.31,0.31,NA,NA,NA,NA,NA,NA,NA,NA,NA,NA,NA,NA,NA,NA,NA,NA,NA,FALSE,NA,NA,NA,NA,NA,NA,FALSE,FALSE,FALSE,NA,NA,NA,NA,NA,NA,NA,NA,NA
1645,NA,NA,NA,NA,NA,NA,NA,NA,0.32,NA,NA,NA,NA,NA,NA,0.46,0.31,0.31,NA,NA,NA,NA,NA,NA,NA,NA,NA,NA,NA,NA,NA,NA,NA,NA,NA,FALSE,NA,NA,NA,NA,NA,NA,FALSE,FALSE,FALSE,NA,NA,NA,NA,NA,NA,NA,NA,NA
1646,NA,NA,NA,NA,NA,NA,NA,NA,0.32,NA,NA,NA,NA,NA,0.37,0.42,0.3,0.3,NA,NA,NA,NA,NA,NA,NA,NA,NA,NA,NA,NA,NA,NA,NA,NA,NA,FALSE,NA,NA,NA,NA,NA,FALSE,FALSE,FALSE,FALSE,NA,NA,NA,NA,NA,NA,NA,NA,NA
1647,NA,NA,NA,NA,NA,NA,NA,NA,0.33,NA,NA,NA,NA,NA,0.41,0.42,0.32,0.32,NA,NA,NA,NA,NA,NA,NA,NA,NA,NA,NA,NA,NA,NA,NA,NA,NA,FALSE,NA,NA,NA,NA,NA,FALSE,FALSE,FALSE,FALSE,NA,NA,NA,NA,NA,NA,NA,NA,NA
1648,NA,NA,NA,NA,NA,NA,NA,NA,0.35,NA,NA,NA,NA,NA,0.49,0.44,0.33,0.32,NA,NA,NA,NA,NA,NA,NA,NA,NA,NA,NA,NA,NA,NA,NA,NA,NA,FALSE,NA,NA,NA,NA,NA,FALSE,FALSE,FALSE,FALSE,NA,NA,NA,NA,NA,NA,NA,NA,NA
1649,NA,NA,NA,NA,NA,NA,NA,NA,0.29,NA,NA,NA,NA,NA,0.37,0.36,0.3,0.29,NA,NA,NA,NA,NA,NA,NA,NA,NA,NA,NA,NA,NA,NA,NA,NA,NA,FALSE,NA,NA,NA,NA,NA,FALSE,FALSE,FALSE,FALSE,NA,NA,NA,NA,NA,NA,NA,NA,NA
1650,NA,NA,NA,NA,NA,NA,NA,NA,0.34,NA,NA,NA,NA,NA,0.39,0.51,0.35,0.33,NA,NA,NA,NA,NA,NA,NA,NA,NA,NA,NA,NA,NA,NA,NA,NA,NA,FALSE,NA,NA,NA,NA,NA,FALSE,FALSE,FALSE,FALSE,NA,NA,NA,NA,NA,NA,NA,NA,NA
1651,NA,NA,NA,NA,NA,NA,NA,NA,0.3,NA,NA,NA,NA,NA,0.38,0.56,0.32,0.3,NA,NA,NA,NA,NA,NA,NA,NA,NA,NA,NA,NA,NA,NA,NA,NA,NA,FALSE,NA,NA,NA,NA,NA,FALSE,TRUE,FALSE,FALSE,NA,NA,NA,NA,NA,NA,NA,NA,NA
1652,NA,NA,NA,NA,NA,NA,NA,NA,0.3,NA,NA,NA,NA,NA,0.46,0.46,0.31,0.3,NA,NA,NA,NA,NA,NA,NA,NA,NA,NA,NA,NA,NA,NA,NA,NA,NA,FALSE,NA,NA,NA,NA,NA,FALSE,FALSE,FALSE,FALSE,NA,NA,NA,NA,NA,NA,NA,NA,NA
1653,NA,NA,NA,NA,NA,NA,NA,NA,0.34,NA,NA,NA,NA,NA,0.41,0.44,0.35,0.34,NA,NA,NA,NA,NA,NA,NA,NA,NA,NA,NA,NA,NA,NA,NA,NA,NA,FALSE,NA,NA,NA,NA,NA,FALSE,FALSE,FALSE,FALSE,NA,NA,NA,NA,NA,NA,NA,NA,NA
1654,NA,NA,NA,NA,NA,NA,NA,NA,0.3,NA,NA,NA,NA,NA,0.38,0.45,0.39,0.32,NA,NA,NA,NA,NA,NA,NA,NA,NA,NA,NA,NA,NA,NA,NA,NA,NA,FALSE,NA,NA,NA,NA,NA,FALSE,FALSE,FALSE,FALSE,NA,NA,NA,NA,NA,NA,NA,NA,NA
1655,NA,NA,NA,NA,NA,NA,NA,NA,0.3,0.21,NA,NA,NA,NA,0.41,0.41,0.34,0.33,NA,NA,NA,NA,NA,NA,NA,NA,NA,NA,NA,NA,NA,NA,NA,NA,NA,FALSE,FALSE,NA,NA,NA,NA,FALSE,FALSE,FALSE,FALSE,NA,NA,NA,NA,NA,NA,NA,NA,NA
1656,NA,NA,NA,NA,NA,NA,NA,NA,0.32,0.24,NA,NA,NA,NA,0.39,0.39,0.35,0.33,NA,NA,NA,NA,NA,NA,NA,NA,NA,NA,NA,NA,NA,NA,NA,NA,NA,FALSE,FALSE,NA,NA,NA,NA,FALSE,FALSE,FALSE,FALSE,NA,NA,NA,NA,NA,NA,NA,NA,NA
1657,NA,NA,NA,NA,NA,NA,NA,NA,0.32,0.25,NA,NA,NA,NA,0.4,0.39,0.33,0.31,NA,NA,NA,NA,NA,NA,NA,NA,NA,NA,NA,NA,NA,NA,NA,NA,NA,FALSE,FALSE,NA,NA,NA,NA,FALSE,FALSE,FALSE,FALSE,NA,NA,NA,NA,NA,NA,NA,NA,NA
1658,NA,NA,NA,NA,NA,NA,NA,NA,0.32,0.28,NA,NA,NA,NA,0.36,0.36,0.35,0.33,NA,NA,NA,NA,NA,NA,NA,NA,NA,NA,NA,NA,NA,NA,NA,NA,NA,FALSE,FALSE,NA,NA,NA,NA,FALSE,FALSE,FALSE,FALSE,NA,NA,NA,NA,NA,NA,NA,NA,NA
1659,NA,NA,NA,NA,NA,NA,NA,NA,0.3,0.25,NA,NA,NA,NA,0.36,0.34,0.32,0.31,NA,NA,NA,NA,NA,NA,NA,NA,NA,NA,NA,NA,NA,NA,NA,NA,NA,FALSE,FALSE,NA,NA,NA,NA,FALSE,FALSE,FALSE,FALSE,NA,NA,NA,NA,NA,NA,NA,NA,NA
1660,NA,NA,NA,NA,NA,NA,NA,NA,0.31,0.27,NA,NA,NA,NA,0.37,0.33,0.31,0.32,NA,NA,NA,NA,NA,NA,NA,NA,NA,NA,NA,NA,NA,NA,NA,NA,NA,FALSE,FALSE,NA,NA,NA,NA,FALSE,FALSE,FALSE,FALSE,NA,NA,NA,NA,NA,NA,NA,NA,NA
1661,NA,NA,NA,NA,NA,NA,NA,NA,0.3,0.28,NA,NA,NA,NA,0.42,0.32,0.32,0.31,NA,NA,NA,NA,NA,NA,NA,NA,NA,NA,NA,NA,NA,NA,NA,NA,NA,FALSE,FALSE,NA,NA,NA,NA,FALSE,FALSE,FALSE,FALSE,NA,NA,NA,NA,NA,NA,NA,NA,NA
1662,NA,NA,NA,NA,NA,NA,NA,NA,0.33,0.33,NA,NA,NA,NA,0.43,0.35,0.36,0.34,NA,NA,NA,NA,NA,NA,NA,NA,NA,NA,NA,NA,NA,NA,NA,NA,NA,FALSE,FALSE,NA,NA,NA,NA,FALSE,FALSE,FALSE,FALSE,NA,NA,NA,NA,NA,NA,NA,NA,NA
1663,NA,NA,NA,NA,NA,NA,NA,NA,0.36,0.34,NA,NA,NA,NA,0.46,0.41,0.36,0.34,NA,NA,NA,NA,NA,NA,NA,NA,NA,NA,NA,NA,NA,NA,NA,NA,NA,FALSE,FALSE,NA,NA,NA,NA,FALSE,FALSE,FALSE,FALSE,NA,NA,NA,NA,NA,NA,NA,NA,NA
1664,NA,NA,NA,NA,NA,NA,NA,NA,0.32,0.32,NA,NA,NA,NA,0.38,0.5,0.34,0.32,NA,NA,NA,NA,NA,NA,NA,NA,NA,NA,NA,NA,NA,NA,NA,NA,NA,FALSE,FALSE,NA,NA,NA,NA,FALSE,FALSE,FALSE,FALSE,NA,NA,NA,NA,NA,NA,NA,NA,NA
1665,NA,NA,NA,NA,NA,NA,NA,NA,0.32,0.29,NA,NA,NA,NA,0.37,0.37,0.32,0.33,NA,NA,NA,NA,NA,NA,NA,NA,NA,NA,NA,NA,NA,NA,NA,NA,NA,FALSE,FALSE,NA,NA,NA,NA,FALSE,FALSE,FALSE,FALSE,NA,NA,NA,NA,NA,NA,NA,NA,NA
1666,NA,NA,NA,NA,NA,NA,NA,NA,0.33,0.34,NA,NA,NA,NA,0.37,0.36,0.33,0.34,NA,NA,NA,0.32,NA,NA,NA,NA,NA,NA,NA,NA,NA,NA,NA,NA,NA,FALSE,FALSE,NA,NA,NA,NA,FALSE,FALSE,FALSE,FALSE,NA,NA,NA,FALSE,NA,NA,NA,NA,NA
1667,NA,NA,NA,NA,NA,NA,NA,NA,0.32,0.33,NA,NA,NA,NA,0.43,0.32,0.31,0.32,NA,NA,NA,0.29,NA,NA,NA,NA,NA,NA,NA,NA,NA,NA,NA,NA,NA,FALSE,FALSE,NA,NA,NA,NA,FALSE,FALSE,FALSE,FALSE,NA,NA,NA,FALSE,NA,NA,NA,NA,NA
1668,NA,NA,NA,NA,NA,NA,NA,NA,0.41,0.39,NA,NA,NA,NA,0.43,0.39,0.35,0.36,NA,0.41,NA,0.41,NA,NA,0.39,NA,NA,NA,NA,NA,NA,NA,NA,NA,NA,FALSE,FALSE,NA,NA,NA,NA,FALSE,FALSE,FALSE,FALSE,NA,FALSE,NA,FALSE,NA,NA,FALSE,NA,NA
1669,NA,NA,NA,NA,NA,NA,NA,NA,0.38,0.38,NA,NA,NA,NA,0.4,0.37,0.33,0.28,NA,0.37,NA,0.39,NA,NA,0.38,NA,NA,NA,NA,NA,NA,NA,NA,NA,NA,FALSE,FALSE,NA,NA,NA,NA,FALSE,FALSE,FALSE,FALSE,NA,FALSE,NA,FALSE,NA,NA,FALSE,NA,NA
1670,NA,NA,NA,NA,NA,NA,NA,NA,0.34,0.34,NA,NA,NA,NA,0.4,0.39,0.33,0.32,NA,0.36,NA,0.3,NA,NA,0.37,NA,NA,NA,NA,NA,NA,NA,NA,NA,NA,FALSE,FALSE,NA,NA,NA,NA,FALSE,FALSE,FALSE,FALSE,NA,FALSE,NA,FALSE,NA,NA,FALSE,NA,NA
1671,NA,NA,NA,NA,NA,NA,NA,NA,0.34,0.32,NA,NA,NA,NA,0.38,0.37,0.33,0.31,NA,0.34,NA,0.29,NA,NA,0.34,NA,NA,NA,NA,NA,NA,NA,NA,NA,NA,FALSE,FALSE,NA,NA,NA,NA,FALSE,FALSE,FALSE,FALSE,NA,FALSE,NA,FALSE,NA,NA,FALSE,NA,NA
1672,NA,NA,NA,NA,NA,NA,NA,NA,0.39,0.39,NA,NA,NA,NA,0.5,0.44,0.35,0.37,NA,0.38,NA,0.37,NA,0.44,0.39,NA,NA,NA,NA,NA,NA,NA,NA,NA,NA,FALSE,FALSE,NA,NA,NA,NA,FALSE,FALSE,FALSE,FALSE,NA,FALSE,NA,FALSE,NA,FALSE,FALSE,NA,NA
1673,NA,NA,NA,NA,NA,NA,NA,NA,0.33,0.32,NA,NA,NA,NA,0.39,0.34,0.33,0.32,NA,0.32,NA,0.32,NA,0.39,0.35,NA,NA,NA,NA,NA,NA,NA,NA,NA,NA,FALSE,FALSE,NA,NA,NA,NA,FALSE,FALSE,FALSE,FALSE,NA,FALSE,NA,FALSE,NA,FALSE,FALSE,NA,NA
1674,NA,NA,NA,NA,NA,NA,NA,NA,0.33,0.31,NA,NA,NA,NA,0.39,0.34,0.32,0.34,NA,0.34,NA,0.3,NA,0.37,0.33,NA,NA,NA,NA,NA,NA,NA,NA,NA,NA,FALSE,FALSE,NA,NA,NA,NA,FALSE,FALSE,FALSE,FALSE,NA,FALSE,NA,FALSE,NA,FALSE,FALSE,NA,NA
1675,NA,NA,NA,NA,NA,NA,NA,NA,0.33,0.31,NA,NA,NA,NA,0.41,0.35,0.34,0.32,NA,0.35,NA,0.33,NA,0.36,0.35,NA,NA,NA,NA,NA,NA,NA,NA,NA,NA,FALSE,FALSE,NA,NA,NA,NA,FALSE,FALSE,FALSE,FALSE,NA,FALSE,NA,FALSE,NA,FALSE,FALSE,NA,NA
1676,NA,NA,NA,NA,NA,NA,NA,NA,0.36,0.33,NA,NA,NA,NA,0.4,0.34,0.34,0.36,NA,0.38,NA,0.32,NA,0.37,0.35,NA,NA,NA,NA,NA,NA,NA,NA,NA,NA,FALSE,FALSE,NA,NA,NA,NA,FALSE,FALSE,FALSE,FALSE,NA,FALSE,NA,FALSE,NA,FALSE,FALSE,NA,NA
1677,NA,NA,NA,NA,NA,NA,NA,NA,0.33,0.32,NA,NA,NA,NA,0.37,0.32,0.32,0.32,NA,0.4,NA,0.31,NA,0.36,0.33,NA,NA,NA,NA,NA,NA,NA,NA,NA,NA,FALSE,FALSE,NA,NA,NA,NA,FALSE,FALSE,FALSE,FALSE,NA,FALSE,NA,FALSE,NA,FALSE,FALSE,NA,NA
1678,NA,NA,NA,NA,NA,NA,NA,NA,0.32,0.31,NA,NA,NA,NA,0.38,0.3,0.32,0.36,NA,0.36,NA,0.31,NA,0.35,0.33,NA,NA,NA,NA,NA,NA,NA,NA,NA,NA,FALSE,FALSE,NA,NA,NA,NA,FALSE,FALSE,FALSE,FALSE,NA,FALSE,NA,FALSE,NA,FALSE,FALSE,NA,NA
1679,NA,NA,NA,NA,NA,0.49,NA,NA,0.29,0.31,NA,NA,NA,NA,0.36,0.32,0.31,0.32,NA,0.36,NA,0.32,NA,0.37,0.34,NA,NA,NA,NA,NA,NA,NA,FALSE,NA,NA,FALSE,FALSE,NA,NA,NA,NA,FALSE,FALSE,FALSE,FALSE,NA,FALSE,NA,FALSE,NA,FALSE,FALSE,NA,NA
1680,NA,NA,NA,NA,NA,0.49,NA,NA,0.3,0.3,NA,NA,NA,NA,0.33,0.29,0.29,0.33,NA,0.32,NA,0.31,NA,0.33,0.32,NA,NA,NA,NA,NA,NA,NA,FALSE,NA,NA,FALSE,FALSE,NA,NA,NA,NA,FALSE,FALSE,FALSE,FALSE,NA,FALSE,NA,FALSE,NA,FALSE,FALSE,NA,NA
1681,NA,NA,NA,NA,NA,0.55,NA,NA,0.29,0.32,NA,NA,NA,NA,0.32,0.31,0.32,0.36,NA,0.39,NA,0.32,NA,0.36,0.34,NA,NA,NA,NA,NA,NA,NA,TRUE,NA,NA,FALSE,FALSE,NA,NA,NA,NA,FALSE,FALSE,FALSE,FALSE,NA,FALSE,NA,FALSE,NA,FALSE,FALSE,NA,NA
1682,NA,NA,NA,NA,NA,0.55,NA,NA,0.28,0.3,NA,NA,NA,NA,0.34,0.32,0.31,0.33,NA,0.34,NA,0.32,NA,0.37,0.33,NA,NA,NA,NA,NA,NA,NA,TRUE,NA,NA,FALSE,FALSE,NA,NA,NA,NA,FALSE,FALSE,FALSE,FALSE,NA,FALSE,NA,FALSE,NA,FALSE,FALSE,NA,NA
1683,NA,NA,NA,NA,NA,0.45,NA,NA,0.27,0.29,0.35,NA,NA,NA,0.33,0.3,0.3,0.33,0.4,0.34,NA,0.31,NA,0.33,0.3,NA,NA,NA,NA,NA,NA,NA,FALSE,NA,NA,FALSE,FALSE,FALSE,NA,NA,NA,FALSE,FALSE,FALSE,FALSE,FALSE,FALSE,NA,FALSE,NA,FALSE,FALSE,NA,NA
1684,NA,NA,NA,NA,NA,0.41,NA,NA,0.3,0.32,0.31,NA,NA,NA,0.36,0.37,0.32,0.33,0.37,0.35,NA,0.33,NA,0.38,0.35,NA,NA,NA,NA,NA,NA,NA,FALSE,NA,NA,FALSE,FALSE,FALSE,NA,NA,NA,FALSE,FALSE,FALSE,FALSE,FALSE,FALSE,NA,FALSE,NA,FALSE,FALSE,NA,NA
1685,NA,NA,NA,NA,NA,0.4,NA,NA,0.32,0.31,0.37,NA,NA,NA,0.41,0.33,0.31,0.35,0.36,0.34,NA,0.31,NA,0.36,0.34,NA,NA,NA,NA,NA,NA,NA,FALSE,NA,NA,FALSE,FALSE,FALSE,NA,NA,NA,FALSE,FALSE,FALSE,FALSE,FALSE,FALSE,NA,FALSE,NA,FALSE,FALSE,NA,NA
1686,NA,NA,NA,NA,NA,0.43,NA,NA,0.28,0.3,0.37,NA,NA,NA,0.42,0.29,0.32,0.32,0.37,0.32,NA,0.29,NA,0.34,0.31,NA,NA,NA,NA,NA,NA,NA,FALSE,NA,NA,FALSE,FALSE,FALSE,NA,NA,NA,FALSE,FALSE,FALSE,FALSE,FALSE,FALSE,NA,FALSE,NA,FALSE,FALSE,NA,NA
1687,NA,NA,NA,NA,0.41,0.39,NA,NA,0.28,0.32,0.34,NA,NA,NA,0.35,0.31,0.33,0.3,0.36,0.36,NA,0.3,NA,0.35,0.34,NA,NA,NA,NA,NA,NA,FALSE,FALSE,NA,NA,FALSE,FALSE,FALSE,NA,NA,NA,FALSE,FALSE,FALSE,FALSE,FALSE,FALSE,NA,FALSE,NA,FALSE,FALSE,NA,NA
1688,NA,NA,NA,NA,0.45,0.36,NA,NA,0.33,0.32,0.44,NA,NA,NA,0.37,0.35,0.32,0.29,0.33,0.35,NA,0.32,NA,0.37,0.36,NA,NA,NA,NA,NA,NA,FALSE,FALSE,NA,NA,FALSE,FALSE,FALSE,NA,NA,NA,FALSE,FALSE,FALSE,FALSE,FALSE,FALSE,NA,FALSE,NA,FALSE,FALSE,NA,NA
1689,NA,NA,NA,NA,0.4,0.39,NA,NA,0.31,0.34,0.37,NA,NA,NA,0.39,0.33,0.32,0.28,0.34,0.34,NA,0.33,NA,0.38,0.33,NA,NA,NA,NA,NA,NA,FALSE,FALSE,NA,NA,FALSE,FALSE,FALSE,NA,NA,NA,FALSE,FALSE,FALSE,FALSE,FALSE,FALSE,NA,FALSE,NA,FALSE,FALSE,NA,NA
1690,NA,NA,NA,0.33,0.39,0.38,NA,NA,0.29,0.34,0.36,NA,NA,NA,0.4,0.32,0.31,0.25,0.36,0.5,NA,0.31,NA,0.33,0.32,NA,NA,NA,NA,NA,FALSE,FALSE,FALSE,NA,NA,FALSE,FALSE,FALSE,NA,NA,NA,FALSE,FALSE,FALSE,FALSE,FALSE,FALSE,NA,FALSE,NA,FALSE,FALSE,NA,NA
1691,NA,NA,NA,0.42,0.42,0.4,NA,NA,0.36,0.46,0.44,NA,NA,NA,0.37,0.36,0.34,0.36,0.34,0.37,NA,0.32,NA,0.38,0.36,NA,NA,NA,NA,NA,FALSE,FALSE,FALSE,NA,NA,FALSE,TRUE,FALSE,NA,NA,NA,FALSE,FALSE,FALSE,FALSE,FALSE,FALSE,NA,FALSE,NA,FALSE,FALSE,NA,NA
1692,NA,NA,NA,0.34,0.41,0.39,NA,NA,0.3,0.35,0.35,NA,NA,NA,0.44,0.3,0.32,0.24,0.37,0.33,NA,0.29,NA,0.36,0.32,NA,NA,NA,NA,NA,FALSE,FALSE,FALSE,NA,NA,FALSE,FALSE,FALSE,NA,NA,NA,FALSE,FALSE,FALSE,FALSE,FALSE,FALSE,NA,FALSE,NA,FALSE,FALSE,NA,NA
1693,NA,NA,NA,0.34,0.4,0.41,NA,NA,0.31,0.33,0.35,NA,NA,NA,0.35,0.31,0.33,0.32,0.36,0.33,NA,0.3,NA,0.36,0.34,NA,NA,NA,NA,NA,FALSE,FALSE,FALSE,NA,NA,FALSE,FALSE,FALSE,NA,NA,NA,FALSE,FALSE,FALSE,FALSE,FALSE,FALSE,NA,FALSE,NA,FALSE,FALSE,NA,NA
1694,NA,NA,NA,0.33,0.41,0.39,NA,NA,0.32,0.31,0.33,NA,NA,NA,0.38,0.32,0.32,0.34,0.35,0.32,NA,0.31,NA,0.39,0.34,NA,NA,NA,NA,NA,FALSE,FALSE,FALSE,NA,NA,FALSE,FALSE,FALSE,NA,NA,NA,FALSE,FALSE,FALSE,FALSE,FALSE,FALSE,NA,FALSE,NA,FALSE,FALSE,NA,NA
1695,NA,NA,0.41,0.34,0.46,0.38,NA,NA,0.31,0.29,0.36,NA,NA,NA,0.36,0.31,0.33,0.36,0.37,0.3,NA,0.32,NA,0.36,0.33,NA,NA,NA,NA,FALSE,FALSE,FALSE,FALSE,NA,NA,FALSE,FALSE,FALSE,NA,NA,NA,FALSE,FALSE,FALSE,FALSE,FALSE,FALSE,NA,FALSE,NA,FALSE,FALSE,NA,NA
1696,NA,NA,0.39,0.38,0.46,0.51,NA,NA,0.44,0.35,0.46,NA,NA,NA,0.38,0.48,0.36,0.4,0.37,0.47,NA,0.39,NA,0.56,0.4,NA,NA,NA,NA,FALSE,FALSE,FALSE,TRUE,NA,NA,FALSE,FALSE,FALSE,NA,NA,NA,FALSE,FALSE,FALSE,FALSE,FALSE,FALSE,NA,FALSE,NA,TRUE,FALSE,NA,NA
1697,NA,NA,0.51,0.5,0.47,0.52,NA,NA,0.49,0.39,0.51,NA,NA,NA,0.59,0.46,0.37,0.45,0.36,0.49,NA,0.42,NA,0.64,0.39,NA,NA,NA,NA,TRUE,TRUE,FALSE,TRUE,NA,NA,TRUE,FALSE,TRUE,NA,NA,NA,TRUE,FALSE,FALSE,FALSE,FALSE,FALSE,NA,FALSE,NA,TRUE,FALSE,NA,NA
1698,NA,NA,0.37,0.38,0.45,0.49,NA,NA,0.34,0.32,0.39,NA,NA,NA,0.49,0.34,0.3,0.35,0.39,0.32,NA,0.36,NA,0.41,0.35,NA,NA,NA,NA,FALSE,FALSE,FALSE,FALSE,NA,NA,FALSE,FALSE,FALSE,NA,NA,NA,FALSE,FALSE,FALSE,FALSE,FALSE,FALSE,NA,FALSE,NA,FALSE,FALSE,NA,NA
1699,NA,NA,0.4,0.39,0.45,0.44,NA,NA,0.35,0.3,0.41,NA,NA,NA,0.4,0.39,0.29,0.31,0.39,0.31,NA,0.3,NA,0.37,0.34,NA,NA,NA,NA,FALSE,FALSE,FALSE,FALSE,NA,NA,FALSE,FALSE,FALSE,NA,NA,NA,FALSE,FALSE,FALSE,FALSE,FALSE,FALSE,NA,FALSE,NA,FALSE,FALSE,NA,NA
1700,NA,NA,0.39,0.37,0.44,0.46,NA,0.55,0.37,0.31,0.41,NA,NA,NA,0.38,0.32,0.32,0.32,0.42,0.33,NA,0.36,NA,0.39,0.37,NA,NA,NA,NA,FALSE,FALSE,FALSE,FALSE,NA,FALSE,FALSE,FALSE,FALSE,NA,NA,NA,FALSE,FALSE,FALSE,FALSE,FALSE,FALSE,NA,FALSE,NA,FALSE,FALSE,NA,NA
1701,NA,NA,0.48,0.42,0.47,0.47,NA,0.58,0.37,0.39,0.44,NA,NA,NA,0.41,0.36,0.33,0.35,0.47,0.38,NA,0.36,NA,0.43,0.38,NA,NA,NA,NA,TRUE,FALSE,FALSE,FALSE,NA,TRUE,FALSE,FALSE,FALSE,NA,NA,NA,FALSE,FALSE,FALSE,FALSE,FALSE,FALSE,NA,FALSE,NA,FALSE,FALSE,NA,NA
1702,NA,NA,0.42,0.39,0.46,0.48,NA,0.57,0.33,0.32,0.41,NA,NA,NA,0.42,0.35,0.32,0.33,0.4,0.3,NA,0.39,NA,0.36,0.37,NA,NA,NA,NA,FALSE,FALSE,FALSE,FALSE,NA,TRUE,FALSE,FALSE,FALSE,NA,NA,NA,FALSE,FALSE,FALSE,FALSE,FALSE,FALSE,NA,FALSE,NA,FALSE,FALSE,NA,NA
1703,NA,NA,0.37,0.38,0.39,0.38,NA,0.5,0.31,0.33,0.39,NA,0.53,NA,0.38,0.3,0.32,0.33,0.37,0.34,NA,0.34,NA,0.37,0.38,NA,NA,NA,NA,FALSE,FALSE,FALSE,FALSE,NA,FALSE,FALSE,FALSE,FALSE,NA,TRUE,NA,FALSE,FALSE,FALSE,FALSE,FALSE,FALSE,NA,FALSE,NA,FALSE,FALSE,NA,NA
1704,NA,NA,0.35,0.36,0.44,0.41,NA,0.49,0.29,0.32,0.36,NA,0.4,NA,0.38,0.35,0.29,0.32,0.43,0.33,NA,0.34,NA,0.38,0.41,NA,0.29,NA,NA,FALSE,FALSE,FALSE,FALSE,NA,FALSE,FALSE,FALSE,FALSE,NA,FALSE,NA,FALSE,FALSE,FALSE,FALSE,FALSE,FALSE,NA,FALSE,NA,FALSE,FALSE,NA,FALSE
1705,NA,NA,0.34,0.32,0.4,0.37,NA,0.48,0.3,0.3,0.35,NA,0.35,NA,0.36,0.31,0.29,0.29,0.37,0.32,NA,0.34,NA,0.36,0.37,NA,0.28,NA,NA,FALSE,FALSE,FALSE,FALSE,NA,FALSE,FALSE,FALSE,FALSE,NA,FALSE,NA,FALSE,FALSE,FALSE,FALSE,FALSE,FALSE,NA,FALSE,NA,FALSE,FALSE,NA,FALSE
1706,NA,NA,0.35,0.34,0.41,0.39,NA,0.46,0.29,0.32,0.36,NA,0.34,NA,0.37,0.3,0.29,0.31,0.38,0.32,NA,0.32,NA,0.36,0.39,NA,0.33,NA,NA,FALSE,FALSE,FALSE,FALSE,NA,FALSE,FALSE,FALSE,FALSE,NA,FALSE,NA,FALSE,FALSE,FALSE,FALSE,FALSE,FALSE,NA,FALSE,NA,FALSE,FALSE,NA,FALSE
1707,NA,NA,0.36,0.35,0.47,0.47,NA,0.45,0.37,0.35,0.39,NA,0.37,NA,0.54,0.43,0.3,0.36,0.48,0.38,NA,0.38,NA,0.39,0.42,NA,0.34,NA,NA,FALSE,FALSE,FALSE,FALSE,NA,FALSE,FALSE,FALSE,FALSE,NA,FALSE,NA,TRUE,FALSE,FALSE,FALSE,FALSE,FALSE,NA,FALSE,NA,FALSE,FALSE,NA,FALSE
1708,NA,NA,0.36,0.3,0.43,0.38,NA,0.47,0.27,0.28,0.35,NA,0.35,NA,0.39,0.29,0.3,0.3,0.33,0.3,NA,0.29,NA,0.34,0.34,NA,0.33,NA,NA,FALSE,FALSE,FALSE,FALSE,NA,FALSE,FALSE,FALSE,FALSE,NA,FALSE,NA,FALSE,FALSE,FALSE,FALSE,FALSE,FALSE,NA,FALSE,NA,FALSE,FALSE,NA,FALSE
1709,NA,NA,0.38,0.35,0.46,0.43,NA,0.62,0.33,0.34,0.4,NA,0.39,NA,0.47,0.37,0.35,0.35,0.45,0.38,NA,0.38,NA,0.39,0.39,NA,0.33,NA,NA,FALSE,FALSE,FALSE,FALSE,NA,TRUE,FALSE,FALSE,FALSE,NA,FALSE,NA,FALSE,FALSE,FALSE,FALSE,FALSE,FALSE,NA,FALSE,NA,FALSE,FALSE,NA,FALSE
1710,0.39,NA,0.37,0.32,0.41,0.38,NA,0.48,0.3,0.32,0.38,NA,0.33,NA,0.36,0.3,0.33,0.3,0.36,0.32,NA,0.3,NA,0.34,0.35,NA,0.31,FALSE,NA,FALSE,FALSE,FALSE,FALSE,NA,FALSE,FALSE,FALSE,FALSE,NA,FALSE,NA,FALSE,FALSE,FALSE,FALSE,FALSE,FALSE,NA,FALSE,NA,FALSE,FALSE,NA,FALSE
1711,0.42,NA,0.35,0.31,0.41,0.39,NA,0.51,0.29,0.3,0.37,0.44,0.35,NA,0.38,0.32,0.32,0.31,0.36,0.36,NA,0.32,NA,0.35,0.36,NA,0.31,FALSE,NA,FALSE,FALSE,FALSE,FALSE,NA,FALSE,FALSE,FALSE,FALSE,FALSE,FALSE,NA,FALSE,FALSE,FALSE,FALSE,FALSE,FALSE,NA,FALSE,NA,FALSE,FALSE,NA,FALSE
1712,0.44,NA,0.41,0.35,0.4,0.36,NA,0.49,0.29,0.31,0.35,0.48,0.31,NA,0.36,0.32,0.31,0.33,0.33,0.33,NA,0.32,NA,0.32,0.33,NA,0.34,FALSE,NA,FALSE,FALSE,FALSE,FALSE,NA,FALSE,FALSE,FALSE,FALSE,FALSE,FALSE,NA,FALSE,FALSE,FALSE,FALSE,FALSE,FALSE,NA,FALSE,NA,FALSE,FALSE,NA,FALSE
1713,0.55,NA,0.34,0.31,0.39,0.43,NA,0.49,0.31,0.31,0.32,0.4,0.36,NA,0.34,0.3,0.31,0.33,0.36,0.34,NA,0.29,NA,0.33,0.34,NA,0.3,FALSE,NA,FALSE,FALSE,FALSE,FALSE,NA,FALSE,FALSE,FALSE,FALSE,FALSE,FALSE,NA,FALSE,FALSE,FALSE,FALSE,FALSE,FALSE,NA,FALSE,NA,FALSE,FALSE,NA,FALSE
1714,0.43,NA,0.36,0.34,0.41,0.36,NA,0.49,0.28,0.3,0.35,0.49,0.36,NA,0.32,0.31,0.3,0.31,0.35,0.32,NA,0.32,NA,0.32,0.31,NA,0.32,FALSE,NA,FALSE,FALSE,FALSE,FALSE,NA,FALSE,FALSE,FALSE,FALSE,FALSE,FALSE,NA,FALSE,FALSE,FALSE,FALSE,FALSE,FALSE,NA,FALSE,NA,FALSE,FALSE,NA,FALSE
1715,0.5,NA,0.37,0.37,0.43,0.43,NA,0.6,0.38,0.36,0.41,0.43,0.44,NA,0.46,0.36,0.33,0.41,0.53,0.44,NA,0.38,NA,0.4,0.36,NA,0.38,FALSE,NA,FALSE,FALSE,FALSE,FALSE,NA,TRUE,FALSE,FALSE,FALSE,FALSE,FALSE,NA,FALSE,FALSE,FALSE,FALSE,FALSE,FALSE,NA,FALSE,NA,FALSE,FALSE,NA,FALSE
1716,0.42,NA,0.34,0.34,0.39,0.34,NA,0.51,0.31,0.33,0.38,0.45,0.35,NA,0.36,0.3,0.33,0.3,0.37,0.35,NA,0.31,NA,0.33,0.34,NA,0.36,FALSE,NA,FALSE,FALSE,FALSE,FALSE,NA,FALSE,FALSE,FALSE,FALSE,FALSE,FALSE,NA,FALSE,FALSE,FALSE,FALSE,FALSE,FALSE,NA,FALSE,NA,FALSE,FALSE,NA,FALSE
1717,0.39,NA,0.32,0.32,0.36,0.33,NA,0.5,0.29,0.33,0.35,0.39,0.34,NA,0.32,0.3,0.3,0.3,0.35,0.32,NA,0.31,NA,0.34,0.34,NA,0.29,FALSE,NA,FALSE,FALSE,FALSE,FALSE,NA,FALSE,FALSE,FALSE,FALSE,FALSE,FALSE,NA,FALSE,FALSE,FALSE,FALSE,FALSE,FALSE,NA,FALSE,NA,FALSE,FALSE,NA,FALSE
1718,0.45,NA,0.32,0.33,0.38,0.33,NA,0.47,0.31,0.32,0.33,0.41,0.34,NA,0.33,0.31,0.28,0.3,0.34,0.35,NA,0.3,NA,0.31,0.35,NA,0.28,FALSE,NA,FALSE,FALSE,FALSE,FALSE,NA,FALSE,FALSE,FALSE,FALSE,FALSE,FALSE,NA,FALSE,FALSE,FALSE,FALSE,FALSE,FALSE,NA,FALSE,NA,FALSE,FALSE,NA,FALSE
1719,0.47,NA,0.36,0.34,0.35,0.31,NA,0.45,0.28,0.31,0.32,0.38,0.34,NA,0.33,0.3,0.27,0.28,0.33,0.31,NA,0.29,NA,0.3,0.32,NA,0.29,FALSE,NA,FALSE,FALSE,FALSE,FALSE,NA,FALSE,FALSE,FALSE,FALSE,FALSE,FALSE,NA,FALSE,FALSE,FALSE,FALSE,FALSE,FALSE,NA,FALSE,NA,FALSE,FALSE,NA,FALSE
1720,0.45,NA,0.35,0.35,0.4,0.32,0.47,0.46,0.3,0.32,0.33,0.43,0.35,NA,0.35,0.31,0.29,0.3,0.35,0.37,0.22,0.31,NA,0.32,0.33,NA,0.3,FALSE,NA,FALSE,FALSE,FALSE,FALSE,TRUE,FALSE,FALSE,FALSE,FALSE,FALSE,FALSE,NA,FALSE,FALSE,FALSE,FALSE,FALSE,FALSE,TRUE,FALSE,NA,FALSE,FALSE,NA,FALSE
1721,0.46,NA,0.37,0.41,0.41,0.32,0.47,0.45,0.31,0.36,0.33,0.35,0.35,NA,0.35,0.31,0.34,0.31,0.37,0.33,0.3,0.33,NA,0.31,0.35,NA,0.31,FALSE,NA,FALSE,FALSE,FALSE,FALSE,TRUE,FALSE,FALSE,FALSE,FALSE,FALSE,FALSE,NA,FALSE,FALSE,FALSE,FALSE,FALSE,FALSE,FALSE,FALSE,NA,FALSE,FALSE,NA,FALSE
1722,0.44,NA,0.33,0.35,0.4,0.34,0.53,0.53,0.32,0.33,0.32,0.39,0.35,NA,0.37,0.3,0.31,0.34,0.4,0.42,0.29,0.3,NA,0.32,0.34,NA,0.29,FALSE,NA,FALSE,FALSE,FALSE,FALSE,TRUE,FALSE,FALSE,FALSE,FALSE,FALSE,FALSE,NA,FALSE,FALSE,FALSE,FALSE,FALSE,FALSE,FALSE,FALSE,NA,FALSE,FALSE,NA,FALSE
1723,0.49,NA,0.34,0.37,0.37,0.35,0.55,0.53,0.33,0.33,0.34,0.41,0.39,NA,0.37,0.32,0.32,0.34,0.41,0.36,0.31,0.32,NA,0.35,0.36,NA,0.34,FALSE,NA,FALSE,FALSE,FALSE,FALSE,TRUE,FALSE,FALSE,FALSE,FALSE,FALSE,FALSE,NA,FALSE,FALSE,FALSE,FALSE,FALSE,FALSE,FALSE,FALSE,NA,FALSE,FALSE,NA,FALSE
1724,0.42,NA,0.34,0.32,0.35,0.33,0.43,0.49,0.3,0.32,0.33,0.39,0.32,NA,0.39,0.34,0.31,0.33,0.35,0.32,0.33,0.34,NA,0.3,0.33,NA,0.3,FALSE,NA,FALSE,FALSE,FALSE,FALSE,FALSE,FALSE,FALSE,FALSE,FALSE,FALSE,FALSE,NA,FALSE,FALSE,FALSE,FALSE,FALSE,FALSE,FALSE,FALSE,NA,FALSE,FALSE,NA,FALSE
1725,0.49,NA,0.34,0.34,0.36,0.33,0.41,0.53,0.33,0.34,0.35,0.38,0.35,NA,0.35,0.32,0.31,0.35,0.41,0.36,0.31,0.34,NA,0.33,0.34,NA,0.38,FALSE,NA,FALSE,FALSE,FALSE,FALSE,FALSE,FALSE,FALSE,FALSE,FALSE,FALSE,FALSE,NA,FALSE,FALSE,FALSE,FALSE,FALSE,FALSE,FALSE,FALSE,NA,FALSE,FALSE,NA,FALSE
1726,0.41,NA,0.34,0.34,0.35,0.31,0.4,0.48,0.29,0.32,0.31,0.35,0.32,NA,0.34,0.33,0.31,0.31,0.38,0.33,0.31,0.32,NA,0.32,0.34,NA,0.36,FALSE,NA,FALSE,FALSE,FALSE,FALSE,FALSE,FALSE,FALSE,FALSE,FALSE,FALSE,FALSE,NA,FALSE,FALSE,FALSE,FALSE,FALSE,FALSE,FALSE,FALSE,NA,FALSE,FALSE,NA,FALSE
1727,0.43,NA,0.35,0.33,0.36,0.33,0.43,0.47,0.31,0.35,0.35,0.39,0.34,NA,0.38,0.34,0.32,0.35,0.43,0.36,0.34,0.35,NA,0.32,0.34,NA,0.31,FALSE,NA,FALSE,FALSE,FALSE,FALSE,FALSE,FALSE,FALSE,FALSE,FALSE,FALSE,FALSE,NA,FALSE,FALSE,FALSE,FALSE,FALSE,FALSE,FALSE,FALSE,NA,FALSE,FALSE,NA,FALSE
1728,0.45,NA,0.33,0.35,0.36,0.35,0.38,0.44,0.29,0.32,0.33,0.47,0.34,NA,0.34,0.32,0.29,0.31,0.36,0.33,0.3,0.31,NA,0.29,0.32,NA,0.31,FALSE,NA,FALSE,FALSE,FALSE,FALSE,FALSE,FALSE,FALSE,FALSE,FALSE,FALSE,FALSE,NA,FALSE,FALSE,FALSE,FALSE,FALSE,FALSE,FALSE,FALSE,NA,FALSE,FALSE,NA,FALSE
1729,0.41,NA,0.32,0.33,0.31,0.32,0.35,0.4,0.29,0.29,0.32,0.35,0.34,NA,0.32,0.3,0.3,0.29,0.34,0.31,0.29,0.31,NA,0.28,0.33,NA,0.3,FALSE,NA,FALSE,FALSE,FALSE,FALSE,FALSE,FALSE,FALSE,FALSE,FALSE,FALSE,FALSE,NA,FALSE,FALSE,FALSE,FALSE,FALSE,FALSE,FALSE,FALSE,NA,FALSE,FALSE,NA,FALSE
1730,0.46,NA,0.33,0.35,0.35,0.36,0.38,0.43,0.36,0.32,0.31,0.4,0.34,NA,0.36,0.33,0.29,0.33,0.4,0.35,0.34,0.33,NA,0.31,0.37,NA,0.37,FALSE,NA,FALSE,FALSE,FALSE,FALSE,FALSE,FALSE,FALSE,FALSE,FALSE,FALSE,FALSE,NA,FALSE,FALSE,FALSE,FALSE,FALSE,FALSE,FALSE,FALSE,NA,FALSE,FALSE,NA,FALSE
1731,0.38,NA,0.3,0.33,0.31,0.31,0.36,0.39,0.3,0.31,0.31,0.34,0.35,NA,0.38,0.33,0.3,0.31,0.39,0.32,0.31,0.3,NA,0.32,0.34,NA,0.31,FALSE,NA,FALSE,FALSE,FALSE,FALSE,FALSE,FALSE,FALSE,FALSE,FALSE,FALSE,FALSE,NA,FALSE,FALSE,FALSE,FALSE,FALSE,FALSE,FALSE,FALSE,NA,FALSE,FALSE,NA,FALSE
1732,0.42,NA,0.32,0.41,0.34,0.32,0.38,0.41,0.31,0.31,0.32,0.37,0.34,NA,0.35,0.32,0.35,0.33,0.36,0.33,0.34,0.32,NA,0.31,0.34,NA,0.28,FALSE,NA,FALSE,FALSE,FALSE,FALSE,FALSE,FALSE,FALSE,FALSE,FALSE,FALSE,FALSE,NA,FALSE,FALSE,FALSE,FALSE,FALSE,FALSE,FALSE,FALSE,NA,FALSE,FALSE,NA,FALSE
1733,0.42,NA,0.36,0.45,0.36,0.35,0.4,0.42,0.32,0.36,0.35,0.37,0.34,NA,0.35,0.33,0.33,0.33,0.41,0.35,0.34,0.33,NA,0.35,0.34,NA,0.3,FALSE,NA,FALSE,FALSE,FALSE,FALSE,FALSE,FALSE,FALSE,FALSE,FALSE,FALSE,FALSE,NA,FALSE,FALSE,FALSE,FALSE,FALSE,FALSE,FALSE,FALSE,NA,FALSE,FALSE,NA,FALSE
1734,0.44,NA,0.32,0.41,0.39,0.32,0.38,0.41,0.33,0.33,0.34,0.38,0.32,NA,0.37,0.33,0.31,0.34,0.42,0.34,0.3,0.3,NA,0.31,0.35,NA,0.3,FALSE,NA,FALSE,FALSE,FALSE,FALSE,FALSE,FALSE,FALSE,FALSE,FALSE,FALSE,FALSE,NA,FALSE,FALSE,FALSE,FALSE,FALSE,FALSE,FALSE,FALSE,NA,FALSE,FALSE,NA,FALSE
1735,0.42,NA,0.32,0.41,0.33,0.31,0.36,0.38,0.28,0.31,0.3,0.34,0.32,NA,0.31,0.3,0.3,0.32,0.37,0.32,0.29,0.3,NA,0.3,0.32,NA,0.31,FALSE,NA,FALSE,FALSE,FALSE,FALSE,FALSE,FALSE,FALSE,FALSE,FALSE,FALSE,FALSE,NA,FALSE,FALSE,FALSE,FALSE,FALSE,FALSE,FALSE,FALSE,NA,FALSE,FALSE,NA,FALSE
1736,0.39,NA,0.34,0.39,0.33,0.28,0.36,0.38,0.29,0.29,0.31,0.34,0.33,NA,0.3,0.31,0.31,0.32,0.36,0.32,0.28,0.3,NA,0.29,0.33,NA,0.3,FALSE,NA,FALSE,FALSE,FALSE,FALSE,FALSE,FALSE,FALSE,FALSE,FALSE,FALSE,FALSE,NA,FALSE,FALSE,FALSE,FALSE,FALSE,FALSE,FALSE,FALSE,NA,FALSE,FALSE,NA,FALSE
1737,0.41,NA,0.29,0.38,0.31,0.28,0.35,0.4,0.29,0.29,0.29,0.32,0.34,NA,0.34,0.31,0.29,0.3,0.36,0.31,0.28,0.3,NA,0.28,0.32,NA,0.29,FALSE,NA,FALSE,FALSE,FALSE,FALSE,FALSE,FALSE,FALSE,FALSE,FALSE,FALSE,FALSE,NA,FALSE,FALSE,FALSE,FALSE,FALSE,FALSE,FALSE,FALSE,NA,FALSE,FALSE,NA,FALSE
1738,0.51,0.38,0.37,0.42,0.34,0.38,0.37,0.43,0.33,0.33,0.33,0.37,0.36,NA,0.39,0.36,0.34,0.34,0.42,0.34,0.32,0.35,NA,0.34,0.37,NA,0.32,FALSE,FALSE,FALSE,FALSE,FALSE,FALSE,FALSE,FALSE,FALSE,FALSE,FALSE,FALSE,FALSE,NA,FALSE,FALSE,FALSE,FALSE,FALSE,FALSE,FALSE,FALSE,NA,FALSE,FALSE,NA,FALSE
1739,0.42,0.38,0.32,0.46,0.33,0.32,0.35,0.39,0.3,0.31,0.32,0.35,0.34,NA,0.34,0.32,0.3,0.34,0.37,0.35,0.31,0.34,NA,0.31,0.36,NA,0.31,FALSE,FALSE,FALSE,FALSE,FALSE,FALSE,FALSE,FALSE,FALSE,FALSE,FALSE,FALSE,FALSE,NA,FALSE,FALSE,FALSE,FALSE,FALSE,FALSE,FALSE,FALSE,NA,FALSE,FALSE,NA,FALSE
1740,0.46,0.44,0.36,0.43,0.43,0.36,0.37,0.4,0.36,0.35,0.34,0.34,0.34,0.33,0.35,0.38,0.35,0.34,0.41,0.36,0.32,0.34,NA,0.38,0.39,NA,0.34,FALSE,FALSE,FALSE,FALSE,FALSE,FALSE,FALSE,FALSE,FALSE,FALSE,FALSE,FALSE,FALSE,FALSE,FALSE,FALSE,FALSE,FALSE,FALSE,FALSE,FALSE,FALSE,NA,FALSE,FALSE,NA,FALSE
1741,0.44,0.41,0.33,0.43,0.33,0.32,0.36,0.38,0.3,0.32,0.32,0.33,0.32,0.33,0.32,0.3,0.32,0.28,0.34,0.32,0.33,0.32,NA,0.32,0.36,NA,0.3,FALSE,FALSE,FALSE,FALSE,FALSE,FALSE,FALSE,FALSE,FALSE,FALSE,FALSE,FALSE,FALSE,FALSE,FALSE,FALSE,FALSE,FALSE,FALSE,FALSE,FALSE,FALSE,NA,FALSE,FALSE,NA,FALSE
1742,0.61,0.56,0.43,0.56,0.44,0.38,0.41,0.49,0.4,0.39,0.39,0.42,0.35,0.35,0.54,0.48,0.33,0.36,0.56,0.43,0.37,0.44,NA,0.39,0.48,NA,0.36,TRUE,TRUE,FALSE,TRUE,FALSE,FALSE,FALSE,FALSE,FALSE,FALSE,FALSE,FALSE,FALSE,FALSE,TRUE,FALSE,FALSE,FALSE,FALSE,FALSE,FALSE,FALSE,NA,FALSE,TRUE,NA,FALSE
1743,0.45,0.43,0.34,0.43,0.36,0.28,0.34,0.42,0.29,0.35,0.3,0.32,0.32,0.33,0.4,0.31,0.3,0.29,0.52,0.33,0.31,0.3,NA,0.32,0.35,NA,0.29,FALSE,FALSE,FALSE,FALSE,FALSE,FALSE,FALSE,FALSE,FALSE,FALSE,FALSE,FALSE,FALSE,FALSE,FALSE,FALSE,FALSE,FALSE,FALSE,FALSE,FALSE,FALSE,NA,FALSE,FALSE,NA,FALSE
1744,0.45,0.43,0.34,0.43,0.39,0.3,0.34,0.39,0.31,0.32,0.34,0.38,0.32,0.34,0.37,0.3,0.3,0.3,0.42,0.37,0.31,0.31,NA,0.33,0.36,NA,0.29,FALSE,FALSE,FALSE,FALSE,FALSE,FALSE,FALSE,FALSE,FALSE,FALSE,FALSE,FALSE,FALSE,FALSE,FALSE,FALSE,FALSE,FALSE,FALSE,FALSE,FALSE,FALSE,NA,FALSE,FALSE,NA,FALSE
1745,0.46,0.45,0.34,0.44,0.37,0.32,0.34,0.4,0.32,0.31,0.34,0.41,0.33,0.33,0.37,0.33,0.3,0.31,0.49,0.35,0.3,0.3,NA,0.34,0.37,NA,0.32,FALSE,FALSE,FALSE,FALSE,FALSE,FALSE,FALSE,FALSE,FALSE,FALSE,FALSE,FALSE,FALSE,FALSE,FALSE,FALSE,FALSE,FALSE,FALSE,FALSE,FALSE,FALSE,NA,FALSE,FALSE,NA,FALSE
1746,0.42,0.41,0.34,0.41,0.35,0.31,0.32,0.38,0.31,0.31,0.35,0.38,0.33,0.32,0.34,0.3,0.29,0.29,0.46,0.34,0.29,0.31,NA,0.34,0.4,NA,0.29,FALSE,FALSE,FALSE,FALSE,FALSE,FALSE,FALSE,FALSE,FALSE,FALSE,FALSE,FALSE,FALSE,FALSE,FALSE,FALSE,FALSE,FALSE,FALSE,FALSE,FALSE,FALSE,NA,FALSE,FALSE,NA,FALSE
1747,0.39,0.42,0.35,0.4,0.38,0.32,0.39,0.38,0.31,0.31,0.35,0.38,0.34,0.34,0.34,0.32,0.31,0.33,0.41,0.34,0.29,0.3,NA,0.35,0.37,NA,0.33,FALSE,FALSE,FALSE,FALSE,FALSE,FALSE,FALSE,FALSE,FALSE,FALSE,FALSE,FALSE,FALSE,FALSE,FALSE,FALSE,FALSE,FALSE,FALSE,FALSE,FALSE,FALSE,NA,FALSE,FALSE,NA,FALSE
1748,0.4,0.39,0.35,0.37,0.36,0.32,0.35,0.37,0.31,0.31,0.32,0.36,0.33,0.34,0.32,0.27,0.33,0.3,0.42,0.33,0.3,0.3,NA,0.31,0.38,NA,0.32,FALSE,FALSE,FALSE,FALSE,FALSE,FALSE,FALSE,FALSE,FALSE,FALSE,FALSE,FALSE,FALSE,FALSE,FALSE,FALSE,FALSE,FALSE,FALSE,FALSE,FALSE,FALSE,NA,FALSE,FALSE,NA,FALSE
1749,0.41,0.38,0.42,0.37,0.36,0.32,0.38,0.39,0.32,0.32,0.33,0.35,0.33,0.32,0.33,0.3,0.35,0.32,0.44,0.37,0.32,0.32,NA,0.33,0.38,NA,0.33,FALSE,FALSE,FALSE,FALSE,FALSE,FALSE,FALSE,FALSE,FALSE,FALSE,FALSE,FALSE,FALSE,FALSE,FALSE,FALSE,FALSE,FALSE,FALSE,FALSE,FALSE,FALSE,NA,FALSE,FALSE,NA,FALSE
1750,0.41,0.39,0.42,0.36,0.34,0.32,0.36,0.37,0.29,0.33,0.34,0.36,0.34,0.35,0.32,0.31,0.34,0.31,0.4,0.33,0.27,0.3,NA,0.29,0.35,NA,0.3,FALSE,FALSE,FALSE,FALSE,FALSE,FALSE,FALSE,FALSE,FALSE,FALSE,FALSE,FALSE,FALSE,FALSE,FALSE,FALSE,FALSE,FALSE,FALSE,FALSE,FALSE,FALSE,NA,FALSE,FALSE,NA,FALSE
1751,0.42,0.37,0.36,0.36,0.32,0.31,0.35,0.37,0.3,0.31,0.32,0.36,0.33,0.35,0.32,0.28,0.32,0.29,0.4,0.33,0.29,0.26,NA,0.31,0.37,NA,0.29,FALSE,FALSE,FALSE,FALSE,FALSE,FALSE,FALSE,FALSE,FALSE,FALSE,FALSE,FALSE,FALSE,FALSE,FALSE,FALSE,FALSE,FALSE,FALSE,FALSE,FALSE,FALSE,NA,FALSE,FALSE,NA,FALSE
1752,0.53,0.46,0.44,0.44,0.39,0.4,0.46,0.49,0.47,0.42,0.4,0.38,0.34,0.37,0.44,0.46,0.36,0.4,0.52,0.43,0.37,0.35,NA,0.42,0.48,NA,0.36,FALSE,FALSE,FALSE,FALSE,FALSE,FALSE,FALSE,FALSE,TRUE,FALSE,FALSE,FALSE,FALSE,FALSE,FALSE,FALSE,FALSE,FALSE,FALSE,FALSE,FALSE,FALSE,NA,FALSE,TRUE,NA,FALSE
1753,0.56,0.56,0.51,0.45,0.41,0.46,0.41,0.66,0.43,0.64,0.51,0.52,0.62,0.42,0.57,0.39,0.6,0.56,0.61,0.5,0.35,0.33,NA,0.38,0.46,0.35,0.37,FALSE,TRUE,TRUE,FALSE,FALSE,FALSE,FALSE,TRUE,FALSE,TRUE,TRUE,FALSE,TRUE,TRUE,TRUE,FALSE,TRUE,TRUE,FALSE,FALSE,FALSE,FALSE,NA,FALSE,TRUE,FALSE,FALSE
1754,0.54,0.44,0.44,0.49,0.41,0.39,0.43,0.44,0.39,0.4,0.41,0.5,0.34,0.35,0.45,0.41,0.35,0.38,0.57,0.42,0.34,0.32,NA,0.35,0.43,0.35,0.36,FALSE,FALSE,FALSE,TRUE,FALSE,FALSE,FALSE,FALSE,FALSE,FALSE,FALSE,FALSE,FALSE,FALSE,FALSE,FALSE,FALSE,FALSE,FALSE,FALSE,FALSE,FALSE,NA,FALSE,FALSE,FALSE,FALSE
1755,0.57,0.46,0.43,0.45,0.36,0.36,0.4,0.39,0.42,0.35,0.39,0.46,0.33,0.35,0.42,0.31,0.33,0.43,0.46,0.35,0.33,0.31,NA,0.37,0.49,0.36,0.3,FALSE,FALSE,FALSE,FALSE,FALSE,FALSE,FALSE,FALSE,FALSE,FALSE,FALSE,FALSE,FALSE,FALSE,FALSE,FALSE,FALSE,FALSE,FALSE,FALSE,FALSE,FALSE,NA,FALSE,TRUE,FALSE,FALSE
1756,0.4,0.37,0.32,0.42,0.34,0.31,0.36,0.39,0.33,0.31,0.35,0.4,0.32,0.36,0.34,0.29,0.33,0.34,0.36,0.34,0.3,0.27,NA,0.32,0.42,0.28,0.31,FALSE,FALSE,FALSE,FALSE,FALSE,FALSE,FALSE,FALSE,FALSE,FALSE,FALSE,FALSE,FALSE,FALSE,FALSE,FALSE,FALSE,FALSE,FALSE,FALSE,FALSE,FALSE,NA,FALSE,FALSE,FALSE,FALSE
1757,0.4,0.39,0.35,0.43,0.36,0.33,0.35,0.4,0.38,0.3,0.33,0.43,0.33,0.33,0.34,0.28,0.33,0.37,0.39,0.38,0.32,0.29,NA,0.32,0.43,0.29,0.31,FALSE,FALSE,FALSE,FALSE,FALSE,FALSE,FALSE,FALSE,FALSE,FALSE,FALSE,FALSE,FALSE,FALSE,FALSE,FALSE,FALSE,FALSE,FALSE,FALSE,FALSE,FALSE,NA,FALSE,FALSE,FALSE,FALSE
1758,0.41,0.41,0.35,0.42,0.34,0.32,0.36,0.38,0.4,0.3,0.37,0.42,0.31,0.32,0.33,0.29,0.3,0.35,0.38,0.34,0.3,0.28,NA,0.32,0.39,0.28,0.29,FALSE,FALSE,FALSE,FALSE,FALSE,FALSE,FALSE,FALSE,FALSE,FALSE,FALSE,FALSE,FALSE,FALSE,FALSE,FALSE,FALSE,FALSE,FALSE,FALSE,FALSE,FALSE,NA,FALSE,FALSE,FALSE,FALSE
1759,0.43,0.41,0.38,0.43,0.36,0.36,0.39,0.38,0.4,0.29,0.41,0.57,0.33,0.35,0.34,0.29,0.31,0.36,0.4,0.36,0.32,0.27,NA,0.33,0.4,0.32,0.29,FALSE,FALSE,FALSE,FALSE,FALSE,FALSE,FALSE,FALSE,FALSE,FALSE,FALSE,TRUE,FALSE,FALSE,FALSE,FALSE,FALSE,FALSE,FALSE,FALSE,FALSE,FALSE,NA,FALSE,FALSE,FALSE,FALSE
1760,0.43,0.37,0.39,0.4,0.33,0.32,0.36,0.38,0.33,0.3,0.35,0.51,0.32,0.34,0.32,0.25,0.29,0.33,0.38,0.34,0.3,0.28,NA,0.3,0.4,0.3,0.32,FALSE,FALSE,FALSE,FALSE,FALSE,FALSE,FALSE,FALSE,FALSE,FALSE,FALSE,FALSE,FALSE,FALSE,FALSE,FALSE,FALSE,FALSE,FALSE,FALSE,FALSE,FALSE,NA,FALSE,FALSE,FALSE,FALSE
1761,0.41,0.34,0.34,0.41,0.33,0.32,0.38,0.39,0.35,0.3,0.42,0.48,0.34,0.36,0.34,0.27,0.29,0.31,0.37,0.37,0.32,0.27,NA,0.33,0.39,0.28,0.33,FALSE,FALSE,FALSE,FALSE,FALSE,FALSE,FALSE,FALSE,FALSE,FALSE,FALSE,FALSE,FALSE,FALSE,FALSE,FALSE,FALSE,FALSE,FALSE,FALSE,FALSE,FALSE,NA,FALSE,FALSE,FALSE,FALSE
1762,0.43,0.35,0.35,0.39,0.33,0.33,0.35,0.36,0.35,0.29,0.36,0.48,0.33,0.35,0.34,0.28,0.29,0.33,0.41,0.38,0.35,0.31,NA,0.34,0.41,0.33,0.33,FALSE,FALSE,FALSE,FALSE,FALSE,FALSE,FALSE,FALSE,FALSE,FALSE,FALSE,FALSE,FALSE,FALSE,FALSE,FALSE,FALSE,FALSE,FALSE,FALSE,FALSE,FALSE,NA,FALSE,FALSE,FALSE,FALSE
1763,0.47,0.39,0.39,0.4,0.35,0.33,0.37,0.4,0.36,0.3,0.38,0.51,0.35,0.34,0.36,0.31,0.33,0.34,0.44,0.41,0.34,0.29,NA,0.34,0.42,0.3,0.34,FALSE,FALSE,FALSE,FALSE,FALSE,FALSE,FALSE,FALSE,FALSE,FALSE,FALSE,FALSE,FALSE,FALSE,FALSE,FALSE,FALSE,FALSE,FALSE,FALSE,FALSE,FALSE,NA,FALSE,FALSE,FALSE,FALSE
1764,0.39,0.34,0.36,0.39,0.32,0.29,0.35,0.35,0.31,0.28,0.35,0.44,0.31,0.32,0.28,0.28,0.29,0.31,0.36,0.36,0.3,0.27,NA,0.32,0.37,0.27,0.27,FALSE,FALSE,FALSE,FALSE,FALSE,FALSE,FALSE,FALSE,FALSE,FALSE,FALSE,FALSE,FALSE,FALSE,FALSE,FALSE,FALSE,FALSE,FALSE,FALSE,FALSE,FALSE,NA,FALSE,FALSE,FALSE,FALSE
1765,0.39,0.33,0.37,0.43,0.34,0.3,0.36,0.34,0.32,0.28,0.34,0.43,0.31,0.32,0.31,0.29,0.29,0.3,0.36,0.36,0.3,0.27,NA,0.31,0.4,0.3,0.27,FALSE,FALSE,FALSE,FALSE,FALSE,FALSE,FALSE,FALSE,FALSE,FALSE,FALSE,FALSE,FALSE,FALSE,FALSE,FALSE,FALSE,FALSE,FALSE,FALSE,FALSE,FALSE,NA,FALSE,FALSE,FALSE,FALSE
1766,0.41,0.37,0.37,0.36,0.34,0.32,0.4,0.37,0.33,0.28,0.35,0.45,0.31,0.33,0.31,0.3,0.28,0.33,0.42,0.39,0.33,0.31,NA,0.32,0.38,0.32,0.32,FALSE,FALSE,FALSE,FALSE,FALSE,FALSE,FALSE,FALSE,FALSE,FALSE,FALSE,FALSE,FALSE,FALSE,FALSE,FALSE,FALSE,FALSE,FALSE,FALSE,FALSE,FALSE,NA,FALSE,FALSE,FALSE,FALSE
1767,0.4,0.36,0.38,0.37,0.33,0.31,0.37,0.36,0.32,0.29,0.35,0.44,0.31,0.33,0.32,0.3,0.3,0.38,0.38,0.35,0.32,0.31,NA,0.32,0.39,0.35,0.31,FALSE,FALSE,FALSE,FALSE,FALSE,FALSE,FALSE,FALSE,FALSE,FALSE,FALSE,FALSE,FALSE,FALSE,FALSE,FALSE,FALSE,FALSE,FALSE,FALSE,FALSE,FALSE,NA,FALSE,FALSE,FALSE,FALSE
1768,0.43,0.38,0.35,0.39,0.33,0.32,0.4,0.37,0.34,0.33,0.36,0.45,0.34,0.34,0.32,0.34,0.32,0.38,0.47,0.4,0.36,0.3,NA,0.33,0.39,0.34,0.3,FALSE,FALSE,FALSE,FALSE,FALSE,FALSE,FALSE,FALSE,FALSE,FALSE,FALSE,FALSE,FALSE,FALSE,FALSE,FALSE,FALSE,FALSE,FALSE,FALSE,FALSE,FALSE,NA,FALSE,FALSE,FALSE,FALSE
1769,0.44,0.38,0.34,0.38,0.34,0.32,0.38,0.36,0.32,0.32,0.35,0.37,0.33,0.35,0.32,0.31,0.34,0.34,0.37,0.35,0.34,0.3,NA,0.32,0.36,0.29,0.31,FALSE,FALSE,FALSE,FALSE,FALSE,FALSE,FALSE,FALSE,FALSE,FALSE,FALSE,FALSE,FALSE,FALSE,FALSE,FALSE,FALSE,FALSE,FALSE,FALSE,FALSE,FALSE,NA,FALSE,FALSE,FALSE,FALSE
1770,0.4,0.38,0.34,0.34,0.32,0.3,0.34,0.34,0.31,0.3,0.32,0.35,0.31,0.33,0.3,0.31,0.31,0.35,0.33,0.33,0.33,0.3,NA,0.29,0.37,0.29,0.3,FALSE,FALSE,FALSE,FALSE,FALSE,FALSE,FALSE,FALSE,FALSE,FALSE,FALSE,FALSE,FALSE,FALSE,FALSE,FALSE,FALSE,FALSE,FALSE,FALSE,FALSE,FALSE,NA,FALSE,FALSE,FALSE,FALSE
1771,0.43,0.37,0.34,0.37,0.33,0.31,0.35,0.34,0.31,0.29,0.33,0.33,0.32,0.35,0.32,0.31,0.32,0.34,0.36,0.35,0.32,0.29,NA,0.32,0.38,0.28,0.31,FALSE,FALSE,FALSE,FALSE,FALSE,FALSE,FALSE,FALSE,FALSE,FALSE,FALSE,FALSE,FALSE,FALSE,FALSE,FALSE,FALSE,FALSE,FALSE,FALSE,FALSE,FALSE,NA,FALSE,FALSE,FALSE,FALSE
1772,0.45,0.45,0.35,0.37,0.35,0.3,0.36,0.36,0.32,0.28,0.33,0.35,0.31,0.33,0.33,0.33,0.32,0.35,0.4,0.37,0.33,0.3,NA,0.3,0.35,0.32,0.32,FALSE,FALSE,FALSE,FALSE,FALSE,FALSE,FALSE,FALSE,FALSE,FALSE,FALSE,FALSE,FALSE,FALSE,FALSE,FALSE,FALSE,FALSE,FALSE,FALSE,FALSE,FALSE,NA,FALSE,FALSE,FALSE,FALSE
1773,0.41,0.32,0.3,0.35,0.32,0.28,0.33,0.32,0.3,0.27,0.33,0.32,0.31,0.33,0.3,0.3,0.29,0.3,0.34,0.35,0.3,0.3,NA,0.3,0.34,0.29,0.28,FALSE,FALSE,FALSE,FALSE,FALSE,FALSE,FALSE,FALSE,FALSE,FALSE,FALSE,FALSE,FALSE,FALSE,FALSE,FALSE,FALSE,FALSE,FALSE,FALSE,FALSE,FALSE,NA,FALSE,FALSE,FALSE,FALSE
1774,0.43,0.38,0.33,0.34,0.33,0.29,0.35,0.35,0.29,0.27,0.34,0.34,0.3,0.33,0.3,0.29,0.32,0.31,0.36,0.34,0.32,0.3,NA,0.31,0.34,0.3,0.3,FALSE,FALSE,FALSE,FALSE,FALSE,FALSE,FALSE,FALSE,FALSE,FALSE,FALSE,FALSE,FALSE,FALSE,FALSE,FALSE,FALSE,FALSE,FALSE,FALSE,FALSE,FALSE,NA,FALSE,FALSE,FALSE,FALSE
1775,0.48,0.38,0.36,0.37,0.35,0.36,0.36,0.37,0.37,0.3,0.4,0.37,0.33,0.36,0.38,0.31,0.34,0.38,0.47,0.41,0.37,0.36,NA,0.34,0.38,0.29,0.33,FALSE,FALSE,FALSE,FALSE,FALSE,FALSE,FALSE,FALSE,FALSE,FALSE,FALSE,FALSE,FALSE,FALSE,FALSE,FALSE,FALSE,FALSE,FALSE,FALSE,FALSE,FALSE,NA,FALSE,FALSE,FALSE,FALSE
1776,0.41,0.36,0.36,0.33,0.31,0.32,0.34,0.33,0.32,0.36,0.34,0.3,0.32,0.33,0.28,0.3,0.34,0.34,0.35,0.33,0.3,0.31,NA,0.31,0.34,0.29,0.3,FALSE,FALSE,FALSE,FALSE,FALSE,FALSE,FALSE,FALSE,FALSE,FALSE,FALSE,FALSE,FALSE,FALSE,FALSE,FALSE,FALSE,FALSE,FALSE,FALSE,FALSE,FALSE,NA,FALSE,FALSE,FALSE,FALSE
1777,0.41,0.35,0.33,0.34,0.31,0.34,0.32,0.32,0.32,0.31,0.36,0.32,0.32,0.33,0.32,0.28,0.33,0.33,0.38,0.35,0.32,0.31,NA,0.33,0.35,0.3,0.3,FALSE,FALSE,FALSE,FALSE,FALSE,FALSE,FALSE,FALSE,FALSE,FALSE,FALSE,FALSE,FALSE,FALSE,FALSE,FALSE,FALSE,FALSE,FALSE,FALSE,FALSE,FALSE,NA,FALSE,FALSE,FALSE,FALSE
1778,0.4,0.36,0.33,0.32,0.32,0.3,0.33,0.33,0.31,0.3,0.35,0.32,0.32,0.34,0.34,0.3,0.33,0.35,0.39,0.35,0.32,0.32,NA,0.35,0.34,0.28,0.31,FALSE,FALSE,FALSE,FALSE,FALSE,FALSE,FALSE,FALSE,FALSE,FALSE,FALSE,FALSE,FALSE,FALSE,FALSE,FALSE,FALSE,FALSE,FALSE,FALSE,FALSE,FALSE,NA,FALSE,FALSE,FALSE,FALSE
1779,0.41,0.37,0.34,0.34,0.31,0.32,0.34,0.33,0.31,0.29,0.38,0.33,0.32,0.34,0.34,0.3,0.32,0.35,0.37,0.37,0.33,0.32,NA,0.35,0.34,0.3,0.29,FALSE,FALSE,FALSE,FALSE,FALSE,FALSE,FALSE,FALSE,FALSE,FALSE,FALSE,FALSE,FALSE,FALSE,FALSE,FALSE,FALSE,FALSE,FALSE,FALSE,FALSE,FALSE,NA,FALSE,FALSE,FALSE,FALSE
1780,0.43,0.4,0.35,0.35,0.35,0.32,0.35,0.33,0.33,0.33,0.36,0.35,0.3,0.32,0.35,0.35,0.32,0.34,0.39,0.38,0.35,0.35,NA,0.34,0.37,0.35,0.31,FALSE,FALSE,FALSE,FALSE,FALSE,FALSE,FALSE,FALSE,FALSE,FALSE,FALSE,FALSE,FALSE,FALSE,FALSE,FALSE,FALSE,FALSE,FALSE,FALSE,FALSE,FALSE,NA,FALSE,FALSE,FALSE,FALSE
1781,0.45,0.49,0.35,0.38,0.34,0.36,0.36,0.39,0.35,0.31,0.35,0.36,0.33,0.35,0.34,0.43,0.34,0.34,0.39,0.39,0.36,0.37,NA,0.34,0.36,0.4,0.37,FALSE,FALSE,FALSE,FALSE,FALSE,FALSE,FALSE,FALSE,FALSE,FALSE,FALSE,FALSE,FALSE,FALSE,FALSE,FALSE,FALSE,FALSE,FALSE,FALSE,FALSE,FALSE,NA,FALSE,FALSE,FALSE,FALSE
1782,0.44,0.49,0.37,0.35,0.34,0.33,0.34,0.27,0.38,0.29,0.35,0.34,0.36,0.35,0.37,0.33,0.35,0.33,0.38,0.37,0.32,0.33,NA,0.35,0.36,0.33,0.33,FALSE,FALSE,FALSE,FALSE,FALSE,FALSE,FALSE,FALSE,FALSE,FALSE,FALSE,FALSE,FALSE,FALSE,FALSE,FALSE,FALSE,FALSE,FALSE,FALSE,FALSE,FALSE,NA,FALSE,FALSE,FALSE,FALSE
1783,0.41,0.46,0.34,0.34,0.31,0.31,0.34,0.3,0.35,0.27,0.35,0.36,0.32,0.34,0.3,0.33,0.35,0.33,0.34,0.36,0.3,0.34,NA,0.34,0.32,0.34,0.35,FALSE,FALSE,FALSE,FALSE,FALSE,FALSE,FALSE,FALSE,FALSE,FALSE,FALSE,FALSE,FALSE,FALSE,FALSE,FALSE,FALSE,FALSE,FALSE,FALSE,FALSE,FALSE,NA,FALSE,FALSE,FALSE,FALSE
1784,0.45,0.42,0.36,0.36,0.34,0.37,0.36,0.32,0.38,0.3,0.35,0.33,0.35,0.35,0.35,0.37,0.33,0.38,0.36,0.38,0.34,0.39,NA,0.32,0.37,0.28,0.3,FALSE,FALSE,FALSE,FALSE,FALSE,FALSE,FALSE,FALSE,FALSE,FALSE,FALSE,FALSE,FALSE,FALSE,FALSE,FALSE,FALSE,FALSE,FALSE,FALSE,FALSE,FALSE,NA,FALSE,FALSE,FALSE,FALSE
1785,0.45,0.42,0.37,0.36,0.34,0.33,0.39,0.4,0.43,0.32,0.38,0.36,0.36,0.37,0.39,0.36,0.33,0.41,0.46,0.42,0.36,0.44,NA,0.35,0.4,0.35,0.36,FALSE,FALSE,FALSE,FALSE,FALSE,FALSE,FALSE,FALSE,FALSE,FALSE,FALSE,FALSE,FALSE,FALSE,FALSE,FALSE,FALSE,FALSE,FALSE,FALSE,FALSE,FALSE,NA,FALSE,FALSE,FALSE,FALSE
1786,0.44,0.44,0.37,0.36,0.33,0.37,0.36,0.39,0.37,0.31,0.35,0.33,0.34,0.36,0.34,0.34,0.35,0.33,0.37,0.38,0.33,0.44,NA,0.35,0.35,0.35,0.3,FALSE,FALSE,FALSE,FALSE,FALSE,FALSE,FALSE,FALSE,FALSE,FALSE,FALSE,FALSE,FALSE,FALSE,FALSE,FALSE,FALSE,FALSE,FALSE,FALSE,FALSE,FALSE,NA,FALSE,FALSE,FALSE,FALSE
1787,0.42,0.48,0.38,0.39,0.31,0.35,0.38,0.36,0.35,0.33,0.38,0.37,0.39,0.4,0.34,0.41,0.44,0.38,0.38,0.41,0.31,0.43,NA,0.35,0.33,0.36,0.28,FALSE,FALSE,FALSE,FALSE,FALSE,FALSE,FALSE,FALSE,FALSE,FALSE,FALSE,FALSE,FALSE,FALSE,FALSE,FALSE,FALSE,FALSE,FALSE,FALSE,FALSE,FALSE,NA,FALSE,FALSE,FALSE,FALSE
1788,0.41,0.41,0.36,0.32,0.33,0.33,0.34,0.31,0.33,0.3,0.35,0.33,0.31,0.36,0.32,0.3,0.32,0.31,0.33,0.35,0.35,0.38,NA,0.33,0.31,0.35,0.26,FALSE,FALSE,FALSE,FALSE,FALSE,FALSE,FALSE,FALSE,FALSE,FALSE,FALSE,FALSE,FALSE,FALSE,FALSE,FALSE,FALSE,FALSE,FALSE,FALSE,FALSE,FALSE,NA,FALSE,FALSE,FALSE,FALSE
1789,0.45,0.43,0.36,0.37,0.34,0.36,0.37,0.36,0.35,0.29,0.38,0.37,0.35,0.35,0.37,0.36,0.33,0.37,0.44,0.41,0.36,0.38,NA,0.36,0.32,0.35,0.3,FALSE,FALSE,FALSE,FALSE,FALSE,FALSE,FALSE,FALSE,FALSE,FALSE,FALSE,FALSE,FALSE,FALSE,FALSE,FALSE,FALSE,FALSE,FALSE,FALSE,FALSE,FALSE,NA,FALSE,FALSE,FALSE,FALSE
1790,0.39,0.41,0.37,0.34,0.36,0.35,0.36,0.35,0.33,0.3,0.38,0.35,0.32,0.35,0.32,0.33,0.33,0.31,0.37,0.39,0.36,0.37,NA,0.34,0.35,0.39,0.31,FALSE,FALSE,FALSE,FALSE,FALSE,FALSE,FALSE,FALSE,FALSE,FALSE,FALSE,FALSE,FALSE,FALSE,FALSE,FALSE,FALSE,FALSE,FALSE,FALSE,FALSE,FALSE,NA,FALSE,FALSE,FALSE,FALSE
1791,0.36,0.35,0.38,0.34,0.29,0.32,0.34,0.35,0.3,0.27,0.34,0.34,0.31,0.33,0.31,0.3,0.33,0.29,0.35,0.34,0.33,0.34,NA,0.31,0.33,0.36,0.27,FALSE,FALSE,FALSE,FALSE,FALSE,FALSE,FALSE,FALSE,FALSE,FALSE,FALSE,FALSE,FALSE,FALSE,FALSE,FALSE,FALSE,FALSE,FALSE,FALSE,FALSE,FALSE,NA,FALSE,FALSE,FALSE,FALSE
1792,0.4,0.37,0.42,0.34,0.35,0.36,0.34,0.33,0.31,0.29,0.33,0.33,0.31,0.35,0.3,0.33,0.34,0.3,0.35,0.37,0.33,0.35,NA,0.32,0.35,0.36,0.26,FALSE,FALSE,FALSE,FALSE,FALSE,FALSE,FALSE,FALSE,FALSE,FALSE,FALSE,FALSE,FALSE,FALSE,FALSE,FALSE,FALSE,FALSE,FALSE,FALSE,FALSE,FALSE,NA,FALSE,FALSE,FALSE,FALSE
1793,0.41,0.36,0.38,0.35,0.31,0.34,0.32,0.34,0.31,0.28,0.32,0.32,0.32,0.33,0.29,0.31,0.31,0.3,0.32,0.36,0.33,0.35,NA,0.32,0.3,0.38,0.26,FALSE,FALSE,FALSE,FALSE,FALSE,FALSE,FALSE,FALSE,FALSE,FALSE,FALSE,FALSE,FALSE,FALSE,FALSE,FALSE,FALSE,FALSE,FALSE,FALSE,FALSE,FALSE,NA,FALSE,FALSE,FALSE,FALSE
1794,0.37,0.33,0.36,0.31,0.3,0.32,0.31,0.34,0.3,0.27,0.31,0.32,0.31,0.32,0.31,0.29,0.32,0.32,0.3,0.33,0.32,0.31,NA,0.35,0.31,0.33,0.26,FALSE,FALSE,FALSE,FALSE,FALSE,FALSE,FALSE,FALSE,FALSE,FALSE,FALSE,FALSE,FALSE,FALSE,FALSE,FALSE,FALSE,FALSE,FALSE,FALSE,FALSE,FALSE,NA,FALSE,FALSE,FALSE,FALSE
1795,0.38,0.39,0.35,0.32,0.38,0.32,0.3,0.32,0.3,0.27,0.33,0.33,0.33,0.35,0.31,0.3,0.31,0.29,0.33,0.35,0.33,0.35,NA,0.33,0.32,0.34,0.27,FALSE,FALSE,FALSE,FALSE,FALSE,FALSE,FALSE,FALSE,FALSE,FALSE,FALSE,FALSE,FALSE,FALSE,FALSE,FALSE,FALSE,FALSE,FALSE,FALSE,FALSE,FALSE,NA,FALSE,FALSE,FALSE,FALSE
1796,0.4,0.39,0.33,0.33,0.32,0.34,0.32,0.34,0.33,0.3,0.31,0.32,0.34,0.37,0.3,0.3,0.33,0.3,0.35,0.35,0.35,0.36,NA,0.36,0.37,0.36,0.3,FALSE,FALSE,FALSE,FALSE,FALSE,FALSE,FALSE,FALSE,FALSE,FALSE,FALSE,FALSE,FALSE,FALSE,FALSE,FALSE,FALSE,FALSE,FALSE,FALSE,FALSE,FALSE,NA,FALSE,FALSE,FALSE,FALSE
1797,0.42,0.38,0.33,0.34,0.32,0.36,0.36,0.34,0.33,0.28,0.32,0.3,0.33,0.35,0.32,0.32,0.32,0.34,0.35,0.37,0.34,0.4,NA,0.36,0.35,0.34,0.28,FALSE,FALSE,FALSE,FALSE,FALSE,FALSE,FALSE,FALSE,FALSE,FALSE,FALSE,FALSE,FALSE,FALSE,FALSE,FALSE,FALSE,FALSE,FALSE,FALSE,FALSE,FALSE,NA,FALSE,FALSE,FALSE,FALSE
1798,0.4,0.36,0.37,0.35,0.32,0.34,0.35,0.36,0.31,0.29,0.33,0.33,0.29,0.33,0.32,0.32,0.34,0.33,0.36,0.35,0.33,0.35,NA,0.35,0.34,0.4,0.29,FALSE,FALSE,FALSE,FALSE,FALSE,FALSE,FALSE,FALSE,FALSE,FALSE,FALSE,FALSE,FALSE,FALSE,FALSE,FALSE,FALSE,FALSE,FALSE,FALSE,FALSE,FALSE,NA,FALSE,FALSE,FALSE,FALSE
1799,0.43,0.37,0.33,0.34,0.37,0.33,0.34,0.34,0.31,0.3,0.3,0.33,0.3,0.33,0.3,0.31,0.32,0.32,0.34,0.34,0.35,0.36,NA,0.34,0.36,0.33,0.33,FALSE,FALSE,FALSE,FALSE,FALSE,FALSE,FALSE,FALSE,FALSE,FALSE,FALSE,FALSE,FALSE,FALSE,FALSE,FALSE,FALSE,FALSE,FALSE,FALSE,FALSE,FALSE,NA,FALSE,FALSE,FALSE,FALSE
1800,0.41,0.46,0.33,0.35,0.4,0.33,0.35,0.37,0.32,0.31,0.34,0.36,0.3,0.35,0.31,0.32,0.37,0.32,0.38,0.35,0.34,0.37,NA,0.33,0.34,0.37,0.3,FALSE,FALSE,FALSE,FALSE,FALSE,FALSE,FALSE,FALSE,FALSE,FALSE,FALSE,FALSE,FALSE,FALSE,FALSE,FALSE,FALSE,FALSE,FALSE,FALSE,FALSE,FALSE,NA,FALSE,FALSE,FALSE,FALSE
1801,0.44,0.4,0.45,0.43,0.35,0.36,0.36,0.38,0.33,0.35,0,0,0.37,0.34,0.35,0.43,0.38,0.41,0.43,0.4,0.35,0.49,NA,0.39,0.38,0.37,0.36,FALSE,FALSE,FALSE,FALSE,FALSE,FALSE,FALSE,FALSE,FALSE,FALSE,TRUE,TRUE,FALSE,FALSE,FALSE,FALSE,FALSE,FALSE,FALSE,FALSE,FALSE,TRUE,NA,FALSE,FALSE,FALSE,FALSE
1802,0.45,0.41,0.38,0.38,0.37,0.39,0.38,0.37,0.36,0.35,0.43,0.5,0.38,0.39,0.33,0.32,0.47,0.3,0.45,0.47,0.38,0.41,0.42,0.4,0.39,0.33,0.28,FALSE,FALSE,FALSE,FALSE,FALSE,FALSE,FALSE,FALSE,FALSE,FALSE,FALSE,FALSE,FALSE,FALSE,FALSE,FALSE,TRUE,FALSE,FALSE,FALSE,FALSE,FALSE,FALSE,FALSE,FALSE,FALSE,FALSE
1803,0.46,0.39,0.42,0.39,0.31,0.37,0.35,0.34,0.32,0.32,0.53,0.39,0.34,0.34,0.35,0.34,0.36,0.31,0.4,0.41,0.37,0.37,0.42,0.36,0.36,0.34,0.34,FALSE,FALSE,FALSE,FALSE,FALSE,FALSE,FALSE,FALSE,FALSE,FALSE,TRUE,FALSE,FALSE,FALSE,FALSE,FALSE,FALSE,FALSE,FALSE,FALSE,FALSE,FALSE,FALSE,FALSE,FALSE,FALSE,FALSE
1804,0.42,0.35,0.4,0.39,0.3,0.35,0.32,0.32,0.31,0.29,0.36,0.34,0.32,0.31,0.31,0.29,0.32,0.32,0.38,0.36,0.34,0.33,0.37,0.36,0.32,0.31,0.28,FALSE,FALSE,FALSE,FALSE,FALSE,FALSE,FALSE,FALSE,FALSE,FALSE,FALSE,FALSE,FALSE,FALSE,FALSE,FALSE,FALSE,FALSE,FALSE,FALSE,FALSE,FALSE,FALSE,FALSE,FALSE,FALSE,FALSE
1805,0.42,0.38,0.35,0.36,0.32,0.37,0.34,0.36,0.33,0.31,0.29,0.37,0.34,0.35,0.36,0.37,0.32,0.29,0.42,0.39,0.37,0.4,0.36,0.38,0.37,0.32,0.31,FALSE,FALSE,FALSE,FALSE,FALSE,FALSE,FALSE,FALSE,FALSE,FALSE,FALSE,FALSE,FALSE,FALSE,FALSE,FALSE,FALSE,FALSE,FALSE,FALSE,FALSE,FALSE,FALSE,FALSE,FALSE,FALSE,FALSE
1806,0.43,0.4,0.35,0.36,0.31,0.36,0.33,0.35,0.34,0.31,0.31,0.35,0.3,0.33,0.35,0.31,0.35,0.34,0.45,0.38,0.37,0.37,0.39,0.39,0.33,0.28,0.29,FALSE,FALSE,FALSE,FALSE,FALSE,FALSE,FALSE,FALSE,FALSE,FALSE,FALSE,FALSE,FALSE,FALSE,FALSE,FALSE,FALSE,FALSE,FALSE,FALSE,FALSE,FALSE,FALSE,FALSE,FALSE,FALSE,FALSE
1807,0.42,0.4,0.35,0.36,0.34,0.37,0.36,0.37,0.36,0.35,0.28,0.37,0.33,0.35,0.37,0.33,0.31,0.35,0.5,0.41,0.37,0.39,0.4,0.44,0.36,0.31,0.31,FALSE,FALSE,FALSE,FALSE,FALSE,FALSE,FALSE,FALSE,FALSE,FALSE,FALSE,FALSE,FALSE,FALSE,FALSE,FALSE,FALSE,FALSE,FALSE,FALSE,FALSE,FALSE,FALSE,FALSE,FALSE,FALSE,FALSE
1808,0.5,0.44,0.38,0.38,0.36,0.39,0.35,0.38,0.34,0.33,0.33,0.39,0.34,0.35,0.37,0.35,0.32,0,0.51,0.46,0.37,0.41,0.38,0.42,0.36,0.3,0.32,FALSE,FALSE,FALSE,FALSE,FALSE,FALSE,FALSE,FALSE,FALSE,FALSE,FALSE,FALSE,FALSE,FALSE,FALSE,FALSE,FALSE,TRUE,FALSE,FALSE,FALSE,FALSE,FALSE,FALSE,FALSE,FALSE,FALSE
1809,0.51,0.48,0.38,0.41,0.42,0.42,0.31,0.43,0.34,0.33,0.34,0.39,0.36,0.35,0.4,0.37,0.34,0,0.59,0.55,0.36,0.34,0.41,0.38,0.34,0.32,0.26,FALSE,FALSE,FALSE,FALSE,FALSE,FALSE,FALSE,FALSE,FALSE,FALSE,FALSE,FALSE,FALSE,FALSE,FALSE,FALSE,FALSE,TRUE,FALSE,TRUE,FALSE,FALSE,FALSE,FALSE,FALSE,FALSE,FALSE
1810,0.6,0.52,0.38,0.54,0.46,0.49,0.31,0.55,0.56,0.5,0.43,0.52,0,0.51,0.42,0.44,0.48,0,0.58,0.57,0.32,0.57,0.42,0.53,0.4,0.34,0.48,TRUE,FALSE,FALSE,TRUE,FALSE,FALSE,FALSE,FALSE,TRUE,TRUE,FALSE,FALSE,TRUE,TRUE,FALSE,FALSE,TRUE,TRUE,FALSE,TRUE,FALSE,TRUE,FALSE,TRUE,FALSE,FALSE,TRUE
1811,0.58,0.49,0.39,0.41,0.45,0.47,0.46,0.47,0.47,0.5,0.48,0.5,0.37,0.39,0.47,0.4,0.4,0,0.48,0.69,0.44,0.42,0.47,0.49,0.37,0.43,0.38,TRUE,FALSE,FALSE,FALSE,FALSE,FALSE,FALSE,FALSE,TRUE,TRUE,TRUE,FALSE,FALSE,FALSE,FALSE,FALSE,FALSE,TRUE,FALSE,TRUE,FALSE,FALSE,FALSE,TRUE,FALSE,TRUE,FALSE
1812,0.58,0.48,0.36,0.44,0.38,0.44,0.42,0.4,0.39,0.4,0.39,0.41,0.32,0.35,0.5,0.33,0.49,0,0.49,0.46,0.35,0.36,0.38,0.41,0.39,0.39,0.33,TRUE,FALSE,FALSE,FALSE,FALSE,FALSE,FALSE,FALSE,FALSE,FALSE,FALSE,FALSE,FALSE,FALSE,FALSE,FALSE,TRUE,TRUE,FALSE,FALSE,FALSE,FALSE,FALSE,FALSE,FALSE,FALSE,FALSE
1813,0.57,0.48,0.38,0.38,0.47,0.41,0.39,0.37,0.36,0.39,0.35,0.4,0.32,0.35,0.45,0.33,0.38,0,0.54,0.48,0.35,0.4,0.42,0.4,0.37,0.35,0.32,FALSE,FALSE,FALSE,FALSE,FALSE,FALSE,FALSE,FALSE,FALSE,FALSE,FALSE,FALSE,FALSE,FALSE,FALSE,FALSE,FALSE,TRUE,FALSE,FALSE,FALSE,FALSE,FALSE,FALSE,FALSE,FALSE,FALSE
1814,0.51,0.43,0.36,0.37,0.44,0.39,0.36,0.37,0.34,0.35,0.34,0.39,0.34,0.35,0.42,0.33,0.38,0,0.48,0.45,0.33,0.36,0.39,0.39,0.34,0.32,0.29,FALSE,FALSE,FALSE,FALSE,FALSE,FALSE,FALSE,FALSE,FALSE,FALSE,FALSE,FALSE,FALSE,FALSE,FALSE,FALSE,FALSE,TRUE,FALSE,FALSE,FALSE,FALSE,FALSE,FALSE,FALSE,FALSE,FALSE
1815,0.51,0.43,0.37,0.35,0.46,0.35,0.35,0.37,0.35,0.35,0.35,0.4,0.34,0.37,0.45,0.37,0.38,0,0.5,0.45,0.35,0.44,0.41,0.39,0.38,0.31,0.29,FALSE,FALSE,FALSE,FALSE,FALSE,FALSE,FALSE,FALSE,FALSE,FALSE,FALSE,FALSE,FALSE,FALSE,FALSE,FALSE,FALSE,TRUE,FALSE,FALSE,FALSE,FALSE,FALSE,FALSE,FALSE,FALSE,FALSE
1816,0.45,0.39,0.31,0.34,0.49,0.35,0.34,0.37,0.34,0.32,0.32,0.37,0.31,0.35,0.41,0.33,0.37,0,0.55,0.43,0.33,0.37,0.36,0.38,0.34,0.32,0.29,FALSE,FALSE,FALSE,FALSE,TRUE,FALSE,FALSE,FALSE,FALSE,FALSE,FALSE,FALSE,FALSE,FALSE,FALSE,FALSE,FALSE,TRUE,FALSE,FALSE,FALSE,FALSE,FALSE,FALSE,FALSE,FALSE,FALSE
1817,0.42,0.38,0.34,0.35,0.44,0.36,0.34,0.36,0.32,0.31,0.33,0.38,0.31,0.34,0.39,0.35,0.34,0,0.57,0.43,0.32,0.38,0.34,0.37,0.32,0.32,0.29,FALSE,FALSE,FALSE,FALSE,FALSE,FALSE,FALSE,FALSE,FALSE,FALSE,FALSE,FALSE,FALSE,FALSE,FALSE,FALSE,FALSE,TRUE,FALSE,FALSE,FALSE,FALSE,FALSE,FALSE,FALSE,FALSE,FALSE
1818,0.48,0.46,0.38,0.37,0.49,0.37,0.33,0.41,0.36,0.3,0.32,0.42,0.34,0.35,0.42,0.33,0.35,0,0.58,0.44,0.38,0.39,0.34,0.38,0.34,0.32,0.31,FALSE,FALSE,FALSE,FALSE,TRUE,FALSE,FALSE,FALSE,FALSE,FALSE,FALSE,FALSE,FALSE,FALSE,FALSE,FALSE,FALSE,TRUE,FALSE,FALSE,FALSE,FALSE,FALSE,FALSE,FALSE,FALSE,FALSE
1819,0.54,0.5,0.45,0.39,0.47,0.51,0.37,0.4,0.36,0.35,0.39,0.59,0.38,0.39,0.45,0.41,0.34,0,0.52,0.47,0.44,0.48,0.42,0.4,0.38,0.38,0.32,FALSE,FALSE,FALSE,FALSE,FALSE,TRUE,FALSE,FALSE,FALSE,FALSE,FALSE,TRUE,FALSE,FALSE,FALSE,FALSE,FALSE,TRUE,FALSE,FALSE,FALSE,TRUE,FALSE,FALSE,FALSE,FALSE,FALSE
1820,0.46,0.42,0.43,0.35,0.42,0.4,0.4,0.38,0.35,0.35,0.4,0.43,0.36,0.35,0.49,0.39,0.37,0,0.5,0.44,0.39,0.44,0.39,0.36,0.37,0.34,0.31,FALSE,FALSE,FALSE,FALSE,FALSE,FALSE,FALSE,FALSE,FALSE,FALSE,FALSE,FALSE,FALSE,FALSE,FALSE,FALSE,FALSE,TRUE,FALSE,FALSE,FALSE,FALSE,FALSE,FALSE,FALSE,FALSE,FALSE
1821,0.49,0.42,0.41,0.36,0.39,0.38,0.4,0.38,0.35,0.33,0.52,0.4,0.33,0.35,0.44,0.33,0.37,0,0.45,0.42,0.44,0.39,0.39,0.32,0.36,0.4,0.32,FALSE,FALSE,FALSE,FALSE,FALSE,FALSE,FALSE,FALSE,FALSE,FALSE,TRUE,FALSE,FALSE,FALSE,FALSE,FALSE,FALSE,TRUE,FALSE,FALSE,FALSE,FALSE,FALSE,FALSE,FALSE,FALSE,FALSE
1822,0.47,0.43,0.42,0.34,0.39,0.38,0.35,0.38,0.31,0.32,0.38,0.38,0.33,0.35,0.42,0.4,0.34,0.42,0.47,0.43,0.37,0.38,0.37,0.33,0.34,0.36,0.32,FALSE,FALSE,FALSE,FALSE,FALSE,FALSE,FALSE,FALSE,FALSE,FALSE,FALSE,FALSE,FALSE,FALSE,FALSE,FALSE,FALSE,FALSE,FALSE,FALSE,FALSE,FALSE,FALSE,FALSE,FALSE,FALSE,FALSE
1823,0.44,0.42,0.39,0.32,0.36,0.38,0.35,0.35,0.3,0.29,0.36,0.37,0.32,0.34,0.39,0.35,0.32,0.41,0.46,0.42,0.34,0.37,0.34,0.31,0.36,0.35,0.3,FALSE,FALSE,FALSE,FALSE,FALSE,FALSE,FALSE,FALSE,FALSE,FALSE,FALSE,FALSE,FALSE,FALSE,FALSE,FALSE,FALSE,FALSE,FALSE,FALSE,FALSE,FALSE,FALSE,FALSE,FALSE,FALSE,FALSE
1824,0.46,0.44,0.39,0.37,0.36,0.37,0.36,0.39,0.31,0.29,0.46,0.37,0.31,0.33,0.38,0.33,0.35,0.39,0,0.4,0.39,0.36,0.33,0.3,0.34,0.35,0.32,FALSE,FALSE,FALSE,FALSE,FALSE,FALSE,FALSE,FALSE,FALSE,FALSE,FALSE,FALSE,FALSE,FALSE,FALSE,FALSE,FALSE,FALSE,FALSE,FALSE,FALSE,FALSE,FALSE,FALSE,FALSE,FALSE,FALSE
1825,0.45,0.42,0.41,0.36,0.34,0.38,0.36,0.37,0.33,0.32,0.4,0.41,0.34,0.35,0.4,0.35,0.33,0.4,0,0.38,0.37,0.37,0.37,0.32,0.38,0.36,0.32,FALSE,FALSE,FALSE,FALSE,FALSE,FALSE,FALSE,FALSE,FALSE,FALSE,FALSE,FALSE,FALSE,FALSE,FALSE,FALSE,FALSE,FALSE,FALSE,FALSE,FALSE,FALSE,FALSE,FALSE,FALSE,FALSE,FALSE
1826,0.45,0.43,0.41,0.35,0.35,0.37,0.37,0.37,0.3,0.33,0.35,0.41,0.31,0.33,0.37,0.33,0.3,0.38,0,0.39,0.37,0.37,0.37,0.3,0.33,0.35,0.29,FALSE,FALSE,FALSE,FALSE,FALSE,FALSE,FALSE,FALSE,FALSE,FALSE,FALSE,FALSE,FALSE,FALSE,FALSE,FALSE,FALSE,FALSE,FALSE,FALSE,FALSE,FALSE,FALSE,FALSE,FALSE,FALSE,FALSE
1827,0.47,0.42,0.37,0.44,0.33,0.35,0.35,0.36,0.31,0.28,0.32,0.41,0.31,0.34,0.35,0.31,0.32,0.33,0,0.38,0.34,0.36,0.37,0.31,0.34,0.31,0.31,FALSE,FALSE,FALSE,FALSE,FALSE,FALSE,FALSE,FALSE,FALSE,FALSE,FALSE,FALSE,FALSE,FALSE,FALSE,FALSE,FALSE,FALSE,FALSE,FALSE,FALSE,FALSE,FALSE,FALSE,FALSE,FALSE,FALSE
1828,0.46,0.43,0.36,0.35,0.35,0.48,0.33,0.36,0.3,0.3,0.35,0.45,0.34,0.34,0.34,0.48,0.35,0.35,0,0.39,0.35,0.34,0.39,0.31,0.35,0.36,0.3,FALSE,FALSE,FALSE,FALSE,FALSE,FALSE,FALSE,FALSE,FALSE,FALSE,FALSE,FALSE,FALSE,FALSE,FALSE,FALSE,FALSE,FALSE,FALSE,FALSE,FALSE,FALSE,FALSE,FALSE,FALSE,FALSE,FALSE
1829,0.47,0.44,0.35,0.35,0.37,0.34,0.33,0.37,0.32,0.29,0.33,0.48,0.33,0.33,0.36,0.35,0.41,0.33,0,0.39,0.32,0.35,0.38,0.3,0.34,0.32,0.28,FALSE,FALSE,FALSE,FALSE,FALSE,FALSE,FALSE,FALSE,FALSE,FALSE,FALSE,FALSE,FALSE,FALSE,FALSE,FALSE,FALSE,FALSE,FALSE,FALSE,FALSE,FALSE,FALSE,FALSE,FALSE,FALSE,FALSE
1830,0.46,0.41,0.33,0.35,0.36,0.36,0.34,0.36,0.35,0.3,0.36,0.46,0.32,0.33,0.37,0.34,0.34,0.34,0,0.39,0.35,0.36,0.41,0.32,0.38,0.37,0.29,FALSE,FALSE,FALSE,FALSE,FALSE,FALSE,FALSE,FALSE,FALSE,FALSE,FALSE,FALSE,FALSE,FALSE,FALSE,FALSE,FALSE,FALSE,FALSE,FALSE,FALSE,FALSE,FALSE,FALSE,FALSE,FALSE,FALSE
1831,0.44,0.41,0.47,0.34,0.37,0.36,0.33,0.38,0.33,0.33,0.32,0.43,0.36,0.36,0.36,0.33,0.42,0.36,0,0.41,0.33,0.32,0.38,0.31,0.37,0.36,0.29,FALSE,FALSE,FALSE,FALSE,FALSE,FALSE,FALSE,FALSE,FALSE,FALSE,FALSE,FALSE,FALSE,FALSE,FALSE,FALSE,FALSE,FALSE,FALSE,FALSE,FALSE,FALSE,FALSE,FALSE,FALSE,FALSE,FALSE
1832,0.56,0.41,0.37,0.5,0.38,0.42,0.35,0.43,0.36,0.36,0.36,0.46,0.38,0.49,0.43,0.36,0.37,0.39,0,0.35,0.39,0.38,0.49,0.33,0.37,0.39,0.3,FALSE,FALSE,FALSE,TRUE,FALSE,FALSE,FALSE,FALSE,FALSE,FALSE,FALSE,FALSE,FALSE,TRUE,FALSE,FALSE,FALSE,FALSE,FALSE,FALSE,FALSE,FALSE,FALSE,FALSE,FALSE,FALSE,FALSE
1833,0.46,0.43,0.33,0.34,0.39,0.36,0.34,0.38,0.29,0.32,0.31,0.41,0.3,0.34,0.36,0.31,0.35,0.33,0,0.52,0.31,0.34,0.4,0.31,0.34,0.34,0.28,FALSE,FALSE,FALSE,FALSE,FALSE,FALSE,FALSE,FALSE,FALSE,FALSE,FALSE,FALSE,FALSE,FALSE,FALSE,FALSE,FALSE,FALSE,FALSE,TRUE,FALSE,FALSE,FALSE,FALSE,FALSE,FALSE,FALSE
1834,0.46,0.39,0.35,0.35,0.37,0.34,0.33,0.39,0.29,0.32,0.32,0.39,0.31,0.33,0.32,0.33,0.32,0.35,0,0.37,0.32,0.33,0.41,0.3,0.32,0.33,0.27,FALSE,FALSE,FALSE,FALSE,FALSE,FALSE,FALSE,FALSE,FALSE,FALSE,FALSE,FALSE,FALSE,FALSE,FALSE,FALSE,FALSE,FALSE,FALSE,FALSE,FALSE,FALSE,FALSE,FALSE,FALSE,FALSE,FALSE
1835,0.51,0.41,0.35,0.34,0.38,0.39,0.35,0.41,0.33,0.32,0.35,0.39,0.33,0.34,0.34,0.35,0.32,0.36,0,0.48,0.35,0.35,0.42,0.34,0.36,0.33,0.3,FALSE,FALSE,FALSE,FALSE,FALSE,FALSE,FALSE,FALSE,FALSE,FALSE,FALSE,FALSE,FALSE,FALSE,FALSE,FALSE,FALSE,FALSE,FALSE,FALSE,FALSE,FALSE,FALSE,FALSE,FALSE,FALSE,FALSE
1836,0.49,0.42,0.36,0.38,0.39,0.37,0.36,0.43,0.33,0.34,0.33,0.41,0.37,0.35,0.36,0.49,0.37,0.42,0,0.41,0.36,0.37,0.42,0.34,0.35,0.33,0.3,FALSE,FALSE,FALSE,FALSE,FALSE,FALSE,FALSE,FALSE,FALSE,FALSE,FALSE,FALSE,FALSE,FALSE,FALSE,FALSE,FALSE,FALSE,FALSE,FALSE,FALSE,FALSE,FALSE,FALSE,FALSE,FALSE,FALSE
1837,0.45,0.39,0.34,0.35,0.35,0.34,0.33,0.4,0.31,0.32,0.32,0.37,0.33,0.31,0.33,0.37,0.32,0.4,0,0.41,0.34,0.34,0.41,0.34,0.34,0.33,0.3,FALSE,FALSE,FALSE,FALSE,FALSE,FALSE,FALSE,FALSE,FALSE,FALSE,FALSE,FALSE,FALSE,FALSE,FALSE,FALSE,FALSE,FALSE,FALSE,FALSE,FALSE,FALSE,FALSE,FALSE,FALSE,FALSE,FALSE
1838,0.46,0.4,0.35,0.37,0.35,0.34,0.36,0.4,0.36,0.36,0.38,0.41,0.33,0.35,0.35,0.44,0.38,0.36,0,0.4,0.39,0.39,0.41,0.38,0.34,0.35,0.32,FALSE,FALSE,FALSE,FALSE,FALSE,FALSE,FALSE,FALSE,FALSE,FALSE,FALSE,FALSE,FALSE,FALSE,FALSE,FALSE,FALSE,FALSE,FALSE,FALSE,FALSE,FALSE,FALSE,FALSE,FALSE,FALSE,FALSE
1839,0.42,0.35,0.32,0.33,0.33,0.3,0.32,0.36,0.3,0.3,0.31,0.36,0.3,0.31,0.29,0.32,0.32,0.31,0,0.35,0.3,0.31,0.31,0.32,0.3,0.27,0.27,FALSE,FALSE,FALSE,FALSE,FALSE,FALSE,FALSE,FALSE,FALSE,FALSE,FALSE,FALSE,FALSE,FALSE,FALSE,FALSE,FALSE,FALSE,FALSE,FALSE,FALSE,FALSE,FALSE,FALSE,FALSE,FALSE,FALSE
1840,0.46,0.46,0.33,0.33,0.35,0.36,0.33,0.41,0.39,0.32,0.35,0.4,0.38,0.36,0.34,0.35,0.32,0.35,0,0.41,0.37,0.36,0.36,0.34,0.34,0.3,0.31,FALSE,FALSE,FALSE,FALSE,FALSE,FALSE,FALSE,FALSE,FALSE,FALSE,FALSE,FALSE,FALSE,FALSE,FALSE,FALSE,FALSE,FALSE,FALSE,FALSE,FALSE,FALSE,FALSE,FALSE,FALSE,FALSE,FALSE
1841,0.42,0.38,0.3,0.33,0.31,0.34,0.32,0.36,0.35,0.3,0.3,0.35,0.32,0.33,0.3,0.31,0.3,0.34,0,0.35,0.31,0.3,0.35,0.32,0.3,0.28,0.29,FALSE,FALSE,FALSE,FALSE,FALSE,FALSE,FALSE,FALSE,FALSE,FALSE,FALSE,FALSE,FALSE,FALSE,FALSE,FALSE,FALSE,FALSE,FALSE,FALSE,FALSE,FALSE,FALSE,FALSE,FALSE,FALSE,FALSE
1842,0.41,0.4,0.34,0.35,0.32,0.35,0.39,0.4,0.33,0.33,0.32,0.38,0.34,0.35,0.31,0.33,0.34,0.5,0,0.42,0.33,0.33,0.37,0.33,0.32,0.32,0.29,FALSE,FALSE,FALSE,FALSE,FALSE,FALSE,FALSE,FALSE,FALSE,FALSE,FALSE,FALSE,FALSE,FALSE,FALSE,FALSE,FALSE,FALSE,FALSE,FALSE,FALSE,FALSE,FALSE,FALSE,FALSE,FALSE,FALSE
1843,0.4,0.35,0.32,0.33,0.3,0.32,0.35,0.38,0.33,0.31,0.31,0.35,0.32,0.3,0.29,0.3,0.35,0.35,0,0.37,0.32,0.3,0.34,0.35,0.3,0.29,0.28,FALSE,FALSE,FALSE,FALSE,FALSE,FALSE,FALSE,FALSE,FALSE,FALSE,FALSE,FALSE,FALSE,FALSE,FALSE,FALSE,FALSE,FALSE,FALSE,FALSE,FALSE,FALSE,FALSE,FALSE,FALSE,FALSE,FALSE
1844,0.42,0.42,0.31,0.33,0.31,0.31,0.34,0.37,0.33,0.31,0.3,0.35,0.32,0.31,0.29,0.31,0.3,0.33,0,0.36,0.33,0.32,0.37,0.32,0.31,0.31,0.3,FALSE,FALSE,FALSE,FALSE,FALSE,FALSE,FALSE,FALSE,FALSE,FALSE,FALSE,FALSE,FALSE,FALSE,FALSE,FALSE,FALSE,FALSE,FALSE,FALSE,FALSE,FALSE,FALSE,FALSE,FALSE,FALSE,FALSE
1845,0.55,0.46,0.35,0.37,0.37,0.35,0.38,0.39,0.39,0.4,0.31,0.36,0.4,0.37,0.31,0.34,0.32,0.37,0,0.42,0.38,0.41,0.39,0.3,0.35,0.31,0.34,FALSE,FALSE,FALSE,FALSE,FALSE,FALSE,FALSE,FALSE,FALSE,FALSE,FALSE,FALSE,FALSE,FALSE,FALSE,FALSE,FALSE,FALSE,FALSE,FALSE,FALSE,FALSE,FALSE,FALSE,FALSE,FALSE,FALSE
1846,0.41,0.38,0.32,0.33,0.31,0.31,0.35,0.36,0.33,0.32,0.29,0.32,0.32,0.33,0.27,0.29,0.3,0.33,0,0.35,0.32,0.32,0.3,0.28,0.3,0.3,0.31,FALSE,FALSE,FALSE,FALSE,FALSE,FALSE,FALSE,FALSE,FALSE,FALSE,FALSE,FALSE,FALSE,FALSE,FALSE,FALSE,FALSE,FALSE,FALSE,FALSE,FALSE,FALSE,FALSE,FALSE,FALSE,FALSE,FALSE
1847,0.51,0.43,0.36,0.37,0.35,0.35,0.39,0.43,0.48,0.42,0.31,0.38,0.42,0.38,0.3,0.31,0.37,0.37,0,0.42,0.32,0.34,0.35,0.34,0.36,0.37,0.34,FALSE,FALSE,FALSE,FALSE,FALSE,FALSE,FALSE,FALSE,TRUE,FALSE,FALSE,FALSE,FALSE,FALSE,FALSE,FALSE,FALSE,FALSE,FALSE,FALSE,FALSE,FALSE,FALSE,FALSE,FALSE,FALSE,FALSE
1848,0.41,0.38,0.3,0.33,0.32,0.29,0.32,0.35,0.32,0.34,0.3,0.32,0.31,0.32,0.28,0.34,0.29,0.33,0,0.34,0.3,0.31,0.29,0.3,0.29,0.33,0.33,FALSE,FALSE,FALSE,FALSE,FALSE,FALSE,FALSE,FALSE,FALSE,FALSE,FALSE,FALSE,FALSE,FALSE,FALSE,FALSE,FALSE,FALSE,FALSE,FALSE,FALSE,FALSE,FALSE,FALSE,FALSE,FALSE,FALSE
1849,0.46,0.44,0.33,0.33,0.37,0.32,0.36,0.4,0.32,0.33,0.32,0.35,0.34,0.32,0.31,0.31,0.33,0.46,0,0.36,0.32,0.33,0.32,0.35,0.32,0.34,0.31,FALSE,FALSE,FALSE,FALSE,FALSE,FALSE,FALSE,FALSE,FALSE,FALSE,FALSE,FALSE,FALSE,FALSE,FALSE,FALSE,FALSE,FALSE,FALSE,FALSE,FALSE,FALSE,FALSE,FALSE,FALSE,FALSE,FALSE
1850,0.49,0.5,0.34,0.35,0.32,0.35,0.34,0.38,0.35,0.34,0.29,0.35,0.32,0.33,0.32,0.3,0.33,0.35,0,0.39,0.31,0.38,0.29,0.33,0.31,0.33,0.34,FALSE,FALSE,FALSE,FALSE,FALSE,FALSE,FALSE,FALSE,FALSE,FALSE,FALSE,FALSE,FALSE,FALSE,FALSE,FALSE,FALSE,FALSE,FALSE,FALSE,FALSE,FALSE,FALSE,FALSE,FALSE,FALSE,FALSE
1851,0.43,0.39,0.31,0.34,0.32,0.33,0.31,0.36,0.33,0.33,0.29,0.35,0.32,0.33,0.29,0.28,0.31,0.53,0,0.34,0.32,0.34,0.29,0.37,0.33,0.34,0.31,FALSE,FALSE,FALSE,FALSE,FALSE,FALSE,FALSE,FALSE,FALSE,FALSE,FALSE,FALSE,FALSE,FALSE,FALSE,FALSE,FALSE,FALSE,FALSE,FALSE,FALSE,FALSE,FALSE,FALSE,FALSE,FALSE,FALSE
1852,0.4,0.35,0.33,0.34,0.32,0.31,0.32,0.36,0.31,0.34,0.3,0.35,0.3,0.32,0.3,0.3,0.29,0.41,0,0.34,0.34,0.35,0.33,0.35,0.31,0.36,0.33,FALSE,FALSE,FALSE,FALSE,FALSE,FALSE,FALSE,FALSE,FALSE,FALSE,FALSE,FALSE,FALSE,FALSE,FALSE,FALSE,FALSE,FALSE,FALSE,FALSE,FALSE,FALSE,FALSE,FALSE,FALSE,FALSE,FALSE
1853,0.41,0.39,0.34,0.41,0.35,0.35,0.37,0.37,0.37,0.35,0.34,0.34,0.35,0.35,0.32,0.34,0.32,0.42,0,0.4,0.41,0.4,0.38,0.42,0.33,0.39,0.34,FALSE,FALSE,FALSE,FALSE,FALSE,FALSE,FALSE,FALSE,FALSE,FALSE,FALSE,FALSE,FALSE,FALSE,FALSE,FALSE,FALSE,FALSE,FALSE,FALSE,FALSE,FALSE,FALSE,FALSE,FALSE,FALSE,FALSE
1854,0.38,0.34,0.32,0.34,0.33,0.32,0.5,0.36,0.3,0.43,0.31,0.34,0.3,0.32,0.3,0.37,0.29,0.37,0,0.37,0.35,0.33,0.37,0.37,0.29,0.34,0.3,FALSE,FALSE,FALSE,FALSE,FALSE,FALSE,TRUE,FALSE,FALSE,FALSE,FALSE,FALSE,FALSE,FALSE,FALSE,FALSE,FALSE,FALSE,FALSE,FALSE,FALSE,FALSE,FALSE,FALSE,FALSE,FALSE,FALSE
1855,0.4,0.35,0.32,0.34,0.33,0.31,0.37,0.35,0.32,0.36,0.33,0.35,0.3,0.32,0.28,0.3,0.29,0.36,0,0.37,0.37,0.33,0.38,0.35,0.3,0.37,0.31,FALSE,FALSE,FALSE,FALSE,FALSE,FALSE,FALSE,FALSE,FALSE,FALSE,FALSE,FALSE,FALSE,FALSE,FALSE,FALSE,FALSE,FALSE,FALSE,FALSE,FALSE,FALSE,FALSE,FALSE,FALSE,FALSE,FALSE
1856,0.46,0.38,0.32,0.37,0.33,0.33,0.37,0.41,0.36,0.34,0.35,0.36,0.3,0.34,0.35,0.32,0.33,0.37,0,0.37,0.37,0.35,0.36,0.34,0.31,0.34,0.32,FALSE,FALSE,FALSE,FALSE,FALSE,FALSE,FALSE,FALSE,FALSE,FALSE,FALSE,FALSE,FALSE,FALSE,FALSE,FALSE,FALSE,FALSE,FALSE,FALSE,FALSE,FALSE,FALSE,FALSE,FALSE,FALSE,FALSE
1857,0.47,0.38,0.33,0.36,0.4,0.33,0.38,0.4,0.33,0.36,0.34,0.38,0.33,0.34,0.33,0.3,0.4,0.34,0,0.45,0.39,0.36,0.37,0.35,0.3,0.39,0.34,FALSE,FALSE,FALSE,FALSE,FALSE,FALSE,FALSE,FALSE,FALSE,FALSE,FALSE,FALSE,FALSE,FALSE,FALSE,FALSE,FALSE,FALSE,FALSE,FALSE,FALSE,FALSE,FALSE,FALSE,FALSE,FALSE,FALSE
1858,0.47,0.36,0.33,0.34,0.39,0.32,0.36,0.35,0.3,0.33,0.33,0.38,0.33,0.3,0.34,0.31,0.36,0.33,0,0.37,0.36,0.34,0.33,0.35,0.29,0.36,0.32,FALSE,FALSE,FALSE,FALSE,FALSE,FALSE,FALSE,FALSE,FALSE,FALSE,FALSE,FALSE,FALSE,FALSE,FALSE,FALSE,FALSE,FALSE,FALSE,FALSE,FALSE,FALSE,FALSE,FALSE,FALSE,FALSE,FALSE
1859,0.39,0.37,0.31,0.32,0.36,0.31,0.36,0.35,0.33,0.35,0.33,0.36,0.33,0.33,0.32,0.29,0.43,0.34,0,0.36,0.38,0.37,0.35,0.34,0.32,0.39,0.33,FALSE,FALSE,FALSE,FALSE,FALSE,FALSE,FALSE,FALSE,FALSE,FALSE,FALSE,FALSE,FALSE,FALSE,FALSE,FALSE,FALSE,FALSE,FALSE,FALSE,FALSE,FALSE,FALSE,FALSE,FALSE,FALSE,FALSE
1860,0.38,0.34,0.3,0.33,0.35,0.34,0.34,0.33,0.31,0.32,0.35,0.32,0.32,0.33,0.31,0.29,0.38,0.31,0,0.37,0.34,0.35,0.35,0.33,0.28,0.36,0.31,FALSE,FALSE,FALSE,FALSE,FALSE,FALSE,FALSE,FALSE,FALSE,FALSE,FALSE,FALSE,FALSE,FALSE,FALSE,FALSE,FALSE,FALSE,FALSE,FALSE,FALSE,FALSE,FALSE,FALSE,FALSE,FALSE,FALSE
1861,0.43,0.38,0.31,0.33,0.35,0.37,0.37,0.37,0.35,0.35,0.36,0.37,0.34,0.34,0.36,0.31,0.36,0.34,0,0.39,0.43,0.39,0.41,0.36,0.32,0.37,0.34,FALSE,FALSE,FALSE,FALSE,FALSE,FALSE,FALSE,FALSE,FALSE,FALSE,FALSE,FALSE,FALSE,FALSE,FALSE,FALSE,FALSE,FALSE,FALSE,FALSE,FALSE,FALSE,FALSE,FALSE,FALSE,FALSE,FALSE
1862,0.44,0.43,0.33,0.37,0.37,0.4,0.44,0.4,0.39,0.41,0.39,0.39,0.36,0.36,0.42,0.35,0.41,0.42,0,0.44,0.47,0.44,0.41,0.43,0.38,0.36,0.36,FALSE,FALSE,FALSE,FALSE,FALSE,FALSE,FALSE,FALSE,FALSE,FALSE,FALSE,FALSE,FALSE,FALSE,FALSE,FALSE,FALSE,FALSE,FALSE,FALSE,TRUE,FALSE,FALSE,FALSE,FALSE,FALSE,FALSE
1863,0.39,0.35,0.33,0.33,0.33,0.34,0.36,0.35,0.3,0.33,0.33,0.35,0.31,0.35,0.32,0.28,0.36,0.36,0,0.39,0.38,0.33,0.32,0.36,0.3,0.36,0.3,FALSE,FALSE,FALSE,FALSE,FALSE,FALSE,FALSE,FALSE,FALSE,FALSE,FALSE,FALSE,FALSE,FALSE,FALSE,FALSE,FALSE,FALSE,FALSE,FALSE,FALSE,FALSE,FALSE,FALSE,FALSE,FALSE,FALSE
1864,0.43,0.43,0.34,0.37,0.34,0.36,0.37,0.35,0.3,0.33,0.34,0.36,0.31,0.35,0.36,0.3,0.35,0.37,0,0.4,0.43,0.34,0.35,0.36,0.34,0.37,0.3,FALSE,FALSE,FALSE,FALSE,FALSE,FALSE,FALSE,FALSE,FALSE,FALSE,FALSE,FALSE,FALSE,FALSE,FALSE,FALSE,FALSE,FALSE,FALSE,FALSE,FALSE,FALSE,FALSE,FALSE,FALSE,FALSE,FALSE
1865,0.41,0.37,0.34,0.34,0.33,0.34,0.35,0.33,0.3,0.33,0.35,0.33,0.31,0.34,0.32,0.3,0.32,0.33,0,0.4,0.41,0.35,0.32,0.34,0.33,0.33,0.3,FALSE,FALSE,FALSE,FALSE,FALSE,FALSE,FALSE,FALSE,FALSE,FALSE,FALSE,FALSE,FALSE,FALSE,FALSE,FALSE,FALSE,FALSE,FALSE,FALSE,FALSE,FALSE,FALSE,FALSE,FALSE,FALSE,FALSE
1866,0.5,0.44,0.35,0.35,0.39,0.4,0.4,0.36,0.36,0.34,0.47,0.39,0.37,0.36,0.49,0.32,0.4,0.4,0,0.47,0.48,0.54,0.5,0.38,0.32,0.4,0.35,FALSE,FALSE,FALSE,FALSE,FALSE,FALSE,FALSE,FALSE,FALSE,FALSE,FALSE,FALSE,FALSE,FALSE,FALSE,FALSE,FALSE,FALSE,FALSE,FALSE,TRUE,TRUE,TRUE,FALSE,FALSE,FALSE,FALSE
1867,0.43,0.38,0.33,0.35,0.35,0.36,0.37,0.34,0.29,0.36,0.31,0.38,0.35,0.35,0.36,0.32,0.33,0.34,0,0.48,0.41,0.37,0.37,0.35,0.31,0.34,0.4,FALSE,FALSE,FALSE,FALSE,FALSE,FALSE,FALSE,FALSE,FALSE,FALSE,FALSE,FALSE,FALSE,FALSE,FALSE,FALSE,FALSE,FALSE,FALSE,FALSE,FALSE,FALSE,FALSE,FALSE,FALSE,FALSE,TRUE
1868,0.43,0.37,0.31,0.34,0.33,0.36,0.36,0.34,0.29,0.33,0.32,0.33,0.33,0.33,0.33,0.29,0.35,0.35,0,0.4,0.42,0.36,0.35,0.36,0.31,0.34,0.4,FALSE,FALSE,FALSE,FALSE,FALSE,FALSE,FALSE,FALSE,FALSE,FALSE,FALSE,FALSE,FALSE,FALSE,FALSE,FALSE,FALSE,FALSE,FALSE,FALSE,FALSE,FALSE,FALSE,FALSE,FALSE,FALSE,TRUE
1869,0.41,0.34,0.3,0.32,0.31,0.34,0.36,0.37,0.29,0.29,0.3,0.34,0.32,0.33,0.29,0.28,0.35,0.34,0,0.39,0.37,0.33,0.34,0.3,0.31,0.36,0.28,FALSE,FALSE,FALSE,FALSE,FALSE,FALSE,FALSE,FALSE,FALSE,FALSE,FALSE,FALSE,FALSE,FALSE,FALSE,FALSE,FALSE,FALSE,FALSE,FALSE,FALSE,FALSE,FALSE,FALSE,FALSE,FALSE,FALSE
1870,0.42,0.34,0.31,0.32,0.34,0.33,0.34,0.36,0.32,0.32,0.31,0.33,0.32,0.34,0.29,0.28,0.36,0.35,0,0.41,0.37,0.35,0.37,0.31,0.31,0.34,0.34,FALSE,FALSE,FALSE,FALSE,FALSE,FALSE,FALSE,FALSE,FALSE,FALSE,FALSE,FALSE,FALSE,FALSE,FALSE,FALSE,FALSE,FALSE,FALSE,FALSE,FALSE,FALSE,FALSE,FALSE,FALSE,FALSE,FALSE
1871,0.41,0.36,0.33,0.32,0.33,0.34,0.36,0.35,0.29,0.31,0.33,0.32,0.33,0.34,0.31,0.28,0.34,0.38,0,0.4,0.37,0.37,0.38,0.34,0.33,0.36,0.3,FALSE,FALSE,FALSE,FALSE,FALSE,FALSE,FALSE,FALSE,FALSE,FALSE,FALSE,FALSE,FALSE,FALSE,FALSE,FALSE,FALSE,FALSE,FALSE,FALSE,FALSE,FALSE,FALSE,FALSE,FALSE,FALSE,FALSE
1872,0.44,0.38,0.35,0.34,0.37,0.36,0.38,0.36,0.31,0.31,0.3,0.35,0.32,0.34,0.34,0.29,0.34,0.35,0,0.39,0.36,0.39,0.4,0.35,0.32,0.39,0.31,FALSE,FALSE,FALSE,FALSE,FALSE,FALSE,FALSE,FALSE,FALSE,FALSE,FALSE,FALSE,FALSE,FALSE,FALSE,FALSE,FALSE,FALSE,FALSE,FALSE,FALSE,FALSE,FALSE,FALSE,FALSE,FALSE,FALSE
1873,0.41,0.35,0.34,0.33,0.34,0.33,0.35,0.36,0.29,0.29,0.31,0.33,0.31,0.33,0.33,0.28,0.32,0.35,0,0.38,0.4,0.38,0.4,0.34,0.32,0.36,0.29,FALSE,FALSE,FALSE,FALSE,FALSE,FALSE,FALSE,FALSE,FALSE,FALSE,FALSE,FALSE,FALSE,FALSE,FALSE,FALSE,FALSE,FALSE,FALSE,FALSE,FALSE,FALSE,FALSE,FALSE,FALSE,FALSE,FALSE
1874,0.4,0.34,0.33,0.32,0.31,0.32,0.35,0.35,0.29,0.29,0.28,0.33,0.3,0.33,0.32,0.3,0.33,0.34,0,0.37,0.34,0.33,0.41,0.33,0.34,0.35,0.3,FALSE,FALSE,FALSE,FALSE,FALSE,FALSE,FALSE,FALSE,FALSE,FALSE,FALSE,FALSE,FALSE,FALSE,FALSE,FALSE,FALSE,FALSE,FALSE,FALSE,FALSE,FALSE,FALSE,FALSE,FALSE,FALSE,FALSE
1875,0.4,0.34,0.31,0.33,0.3,0.35,0.36,0.35,0.28,0.3,0.27,0.31,0.3,0.33,0.32,0.3,0.34,0.36,0,0.39,0.33,0.37,0.35,0.31,0.32,0.3,0.3,FALSE,FALSE,FALSE,FALSE,FALSE,FALSE,FALSE,FALSE,FALSE,FALSE,FALSE,FALSE,FALSE,FALSE,FALSE,FALSE,FALSE,FALSE,FALSE,FALSE,FALSE,FALSE,FALSE,FALSE,FALSE,FALSE,FALSE
1876,0.47,0.4,0.33,0.37,0.34,0.36,0.39,0.36,0.31,0.33,0.3,0.34,0.34,0.35,0.36,0.32,0.34,0.35,0,0.38,0.35,0.35,0.37,0.33,0.35,0.37,0.31,FALSE,FALSE,FALSE,FALSE,FALSE,FALSE,FALSE,FALSE,FALSE,FALSE,FALSE,FALSE,FALSE,FALSE,FALSE,FALSE,FALSE,FALSE,FALSE,FALSE,FALSE,FALSE,FALSE,FALSE,FALSE,FALSE,FALSE
1877,0.41,0.34,0.32,0.34,0.32,0.33,0.36,0.35,0.3,0.29,0.3,0.3,0.31,0.32,0.31,0.3,0.31,0.34,0,0.33,0.32,0.34,0.34,0.3,0.34,0.33,0.29,FALSE,FALSE,FALSE,FALSE,FALSE,FALSE,FALSE,FALSE,FALSE,FALSE,FALSE,FALSE,FALSE,FALSE,FALSE,FALSE,FALSE,FALSE,FALSE,FALSE,FALSE,FALSE,FALSE,FALSE,FALSE,FALSE,FALSE
1878,0.42,0.37,0.34,0.35,0.33,0.33,0.35,0.38,0.29,0.31,0.29,0.35,0.31,0.34,0.35,0.31,0.33,0.33,0,0.39,0.36,0.34,0.38,0.33,0.33,0.35,0.31,FALSE,FALSE,FALSE,FALSE,FALSE,FALSE,FALSE,FALSE,FALSE,FALSE,FALSE,FALSE,FALSE,FALSE,FALSE,FALSE,FALSE,FALSE,FALSE,FALSE,FALSE,FALSE,FALSE,FALSE,FALSE,FALSE,FALSE
1879,0.43,0.38,0.32,0.33,0.33,0.35,0.38,0.34,0.28,0.3,0.28,0.31,0.3,0.33,0.35,0.31,0.32,0.32,0,0.39,0.34,0.34,0.35,0.31,0.32,0.34,0.31,FALSE,FALSE,FALSE,FALSE,FALSE,FALSE,FALSE,FALSE,FALSE,FALSE,FALSE,FALSE,FALSE,FALSE,FALSE,FALSE,FALSE,FALSE,FALSE,FALSE,FALSE,FALSE,FALSE,FALSE,FALSE,FALSE,FALSE
1880,0.47,0.41,0.33,0.34,0.34,0.36,0.39,0.36,0.31,0.29,0.31,0.35,0.32,0.34,0.34,0.31,0.34,0.33,0,0.39,0.36,0.39,0.42,0.35,0.38,0.34,0.31,FALSE,FALSE,FALSE,FALSE,FALSE,FALSE,FALSE,FALSE,FALSE,FALSE,FALSE,FALSE,FALSE,FALSE,FALSE,FALSE,FALSE,FALSE,FALSE,FALSE,FALSE,FALSE,FALSE,FALSE,FALSE,FALSE,FALSE
1881,0.44,0.4,0.37,0.38,0.33,0.36,0.37,0.38,0.34,0.31,0.35,0.33,0.32,0.34,0.36,0.33,0.35,0.32,0,0.35,0.35,0.34,0.39,0.34,0.37,0.3,0.31,FALSE,FALSE,FALSE,FALSE,FALSE,FALSE,FALSE,FALSE,FALSE,FALSE,FALSE,FALSE,FALSE,FALSE,FALSE,FALSE,FALSE,FALSE,FALSE,FALSE,FALSE,FALSE,FALSE,FALSE,FALSE,FALSE,FALSE
1882,0.54,0.45,0.34,0.38,0.34,0.37,0.4,0.37,0.32,0.34,0.34,0.34,0.33,0.35,0.35,0.5,0.34,0.35,0,0.37,0.36,0.37,0.39,0.38,0.37,0.3,0.32,FALSE,FALSE,FALSE,FALSE,FALSE,FALSE,FALSE,FALSE,FALSE,FALSE,FALSE,FALSE,FALSE,FALSE,FALSE,FALSE,FALSE,FALSE,FALSE,FALSE,FALSE,FALSE,FALSE,FALSE,FALSE,FALSE,FALSE
1883,0.56,0.49,0.36,0.38,0.34,0.35,0.37,0.34,0.3,0.29,0.31,0.34,0.31,0.34,0.35,0.36,0.32,0.32,0,0.38,0.31,0.34,0.36,0.36,0.35,0.29,0.31,FALSE,FALSE,FALSE,FALSE,FALSE,FALSE,FALSE,FALSE,FALSE,FALSE,FALSE,FALSE,FALSE,FALSE,FALSE,FALSE,FALSE,FALSE,FALSE,FALSE,FALSE,FALSE,FALSE,FALSE,FALSE,FALSE,FALSE
1884,0.6,0.52,0.37,0.4,0.34,0.34,0.38,0.37,0.3,0.31,0.32,0.33,0.33,0.36,0.36,0.32,0.33,0.31,0,0.37,0.34,0.33,0.35,0.35,0.35,0.27,0.3,TRUE,FALSE,FALSE,FALSE,FALSE,FALSE,FALSE,FALSE,FALSE,FALSE,FALSE,FALSE,FALSE,FALSE,FALSE,FALSE,FALSE,FALSE,FALSE,FALSE,FALSE,FALSE,FALSE,FALSE,FALSE,FALSE,FALSE
1885,0.44,0.4,0.34,0.37,0.34,0.35,0.38,0.34,0.29,0.3,0.31,0.31,0.33,0.34,0.31,0.31,0.33,0.31,0,0.35,0.33,0.34,0.33,0.34,0.35,0.26,0.29,FALSE,FALSE,FALSE,FALSE,FALSE,FALSE,FALSE,FALSE,FALSE,FALSE,FALSE,FALSE,FALSE,FALSE,FALSE,FALSE,FALSE,FALSE,FALSE,FALSE,FALSE,FALSE,FALSE,FALSE,FALSE,FALSE,FALSE
1886,0.47,0.39,0.31,0.32,0.34,0.33,0.37,0.33,0.28,0.27,0.29,0.3,0.31,0.35,0.33,0.3,0.32,0.32,0,0.34,0.33,0.32,0.34,0.31,0.36,0.3,0.29,FALSE,FALSE,FALSE,FALSE,FALSE,FALSE,FALSE,FALSE,FALSE,FALSE,FALSE,FALSE,FALSE,FALSE,FALSE,FALSE,FALSE,FALSE,FALSE,FALSE,FALSE,FALSE,FALSE,FALSE,FALSE,FALSE,FALSE
1887,0.49,0.42,0.34,0.37,0.36,0.35,0.37,0.35,0.3,0.29,0.32,0.35,0.32,0.33,0.35,0.31,0.34,0.32,0,0.36,0.33,0.34,0.4,0.34,0.37,0.36,0.31,FALSE,FALSE,FALSE,FALSE,FALSE,FALSE,FALSE,FALSE,FALSE,FALSE,FALSE,FALSE,FALSE,FALSE,FALSE,FALSE,FALSE,FALSE,FALSE,FALSE,FALSE,FALSE,FALSE,FALSE,FALSE,FALSE,FALSE
1888,0.42,0.37,0.31,0.33,0.34,0.33,0.35,0.35,0.28,0.29,0.31,0.31,0.3,0.33,0.31,0.29,0.32,0.29,0,0.32,0.32,0.31,0.29,0.31,0.35,0.32,0.28,FALSE,FALSE,FALSE,FALSE,FALSE,FALSE,FALSE,FALSE,FALSE,FALSE,FALSE,FALSE,FALSE,FALSE,FALSE,FALSE,FALSE,FALSE,FALSE,FALSE,FALSE,FALSE,FALSE,FALSE,FALSE,FALSE,FALSE
1889,0.41,0.36,0.32,0.33,0.35,0.32,0.5,0.32,0.28,0.28,0.31,0.3,0.28,0.32,0.29,0.27,0.31,0.35,0,0.33,0.32,0.32,0.33,0.3,0.36,0.33,0.27,FALSE,FALSE,FALSE,FALSE,FALSE,FALSE,TRUE,FALSE,FALSE,FALSE,FALSE,FALSE,FALSE,FALSE,FALSE,FALSE,FALSE,FALSE,FALSE,FALSE,FALSE,FALSE,FALSE,FALSE,FALSE,FALSE,FALSE
1890,0.42,0.4,0.31,0.34,0.32,0.33,0.4,0.34,0.28,0.29,0.32,0.3,0.31,0.33,0.29,0.28,0.3,0.33,0,0.4,0.33,0.34,0.35,0.33,0.36,0.36,0.27,FALSE,FALSE,FALSE,FALSE,FALSE,FALSE,FALSE,FALSE,FALSE,FALSE,FALSE,FALSE,FALSE,FALSE,FALSE,FALSE,FALSE,FALSE,FALSE,FALSE,FALSE,FALSE,FALSE,FALSE,FALSE,FALSE,FALSE
1891,0.4,0.34,0.31,0.33,0.34,0.31,0.39,0.34,0.27,0.29,0.32,0.28,0.3,0.34,0.3,0.28,0.29,0.29,0,0.34,0.33,0.33,0.32,0.32,0.35,0.34,0.29,FALSE,FALSE,FALSE,FALSE,FALSE,FALSE,FALSE,FALSE,FALSE,FALSE,FALSE,FALSE,FALSE,FALSE,FALSE,FALSE,FALSE,FALSE,FALSE,FALSE,FALSE,FALSE,FALSE,FALSE,FALSE,FALSE,FALSE
1892,0.45,0.39,0.28,0.31,0.33,0.32,0.35,0.34,0.29,0.28,0.33,0.32,0.28,0.32,0.3,0.29,0.28,0.3,0.34,0.32,0.33,0.35,0.35,0.33,0.35,0.34,0.28,FALSE,FALSE,FALSE,FALSE,FALSE,FALSE,FALSE,FALSE,FALSE,FALSE,FALSE,FALSE,FALSE,FALSE,FALSE,FALSE,FALSE,FALSE,FALSE,FALSE,FALSE,FALSE,FALSE,FALSE,FALSE,FALSE,FALSE
1893,0.46,0.39,0.31,0.33,0.37,0.33,0.39,0.36,0.29,0.29,0.32,0.32,0.29,0.34,0.34,0.31,0.3,0.32,0.36,0.36,0.36,0.34,0.37,0.32,0.38,0.36,0.29,FALSE,FALSE,FALSE,FALSE,FALSE,FALSE,FALSE,FALSE,FALSE,FALSE,FALSE,FALSE,FALSE,FALSE,FALSE,FALSE,FALSE,FALSE,FALSE,FALSE,FALSE,FALSE,FALSE,FALSE,FALSE,FALSE,FALSE
1894,0.49,0.46,0.34,0.37,0.39,0.36,0.4,0.38,0.34,0.31,0.38,0.39,0.32,0.35,0.38,0.33,0.36,0.42,0.39,0.43,0.47,0.43,0.53,0.43,0.41,0.37,0.32,FALSE,FALSE,FALSE,FALSE,FALSE,FALSE,FALSE,FALSE,FALSE,FALSE,FALSE,FALSE,FALSE,FALSE,FALSE,FALSE,FALSE,FALSE,FALSE,FALSE,TRUE,FALSE,TRUE,FALSE,FALSE,FALSE,FALSE
1895,0.42,0.38,0.32,0.31,0.34,0.34,0.37,0.34,0.29,0.28,0.32,0.35,0.27,0.32,0.32,0.31,0.31,0.29,0.37,0.33,0.33,0.32,0.35,0.35,0.34,0.34,0.28,FALSE,FALSE,FALSE,FALSE,FALSE,FALSE,FALSE,FALSE,FALSE,FALSE,FALSE,FALSE,FALSE,FALSE,FALSE,FALSE,FALSE,FALSE,FALSE,FALSE,FALSE,FALSE,FALSE,FALSE,FALSE,FALSE,FALSE
1896,0.43,0.39,0.33,0.3,0.37,0.35,0.36,0.35,0.31,0.29,0.33,0.33,0.29,0.34,0.34,0.3,0.37,0.33,0.37,0.36,0.35,0.32,0.36,0.37,0.36,0.34,0.3,FALSE,FALSE,FALSE,FALSE,FALSE,FALSE,FALSE,FALSE,FALSE,FALSE,FALSE,FALSE,FALSE,FALSE,FALSE,FALSE,FALSE,FALSE,FALSE,FALSE,FALSE,FALSE,FALSE,FALSE,FALSE,FALSE,FALSE
1897,0.45,0.39,0.32,0.32,0.36,0.33,0.37,0.35,0.31,0.29,0.33,0.34,0.3,0.34,0.35,0.3,0.36,0.31,0.35,0.37,0.35,0.32,0.35,0.34,0.35,0.33,0.28,FALSE,FALSE,FALSE,FALSE,FALSE,FALSE,FALSE,FALSE,FALSE,FALSE,FALSE,FALSE,FALSE,FALSE,FALSE,FALSE,FALSE,FALSE,FALSE,FALSE,FALSE,FALSE,FALSE,FALSE,FALSE,FALSE,FALSE
1898,0.4,0.35,0.31,0.3,0.34,0.34,0.35,0.31,0.27,0.28,0.32,0.3,0.27,0.3,0.32,0.29,0.34,0.29,0.36,0.34,0.32,0.32,0.33,0.32,0.31,0.29,0.25,FALSE,FALSE,FALSE,FALSE,FALSE,FALSE,FALSE,FALSE,FALSE,FALSE,FALSE,FALSE,FALSE,FALSE,FALSE,FALSE,FALSE,FALSE,FALSE,FALSE,FALSE,FALSE,FALSE,FALSE,FALSE,FALSE,FALSE
1899,0.45,0.4,0.33,0.35,0.38,0.38,0.4,0.39,0.33,0.31,0.36,0.36,0.31,0.36,0.4,0.38,0.37,0.35,0.43,0.41,0.4,0.41,0.45,0.44,0.41,0.38,0.33,FALSE,FALSE,FALSE,FALSE,FALSE,FALSE,FALSE,FALSE,FALSE,FALSE,FALSE,FALSE,FALSE,FALSE,FALSE,FALSE,FALSE,FALSE,FALSE,FALSE,FALSE,FALSE,FALSE,FALSE,FALSE,FALSE,FALSE
1900,0.41,0.39,0.31,0.32,0.32,0.31,0.36,0.34,0.29,0.26,0.31,0.3,0.27,0.32,0.32,0.3,0.33,0.27,0.35,0.32,0.33,0.32,0.33,0.33,0.35,0.32,0.28,FALSE,FALSE,FALSE,FALSE,FALSE,FALSE,FALSE,FALSE,FALSE,FALSE,FALSE,FALSE,FALSE,FALSE,FALSE,FALSE,FALSE,FALSE,FALSE,FALSE,FALSE,FALSE,FALSE,FALSE,FALSE,FALSE,FALSE
1901,0.4,0.37,0.31,0.31,0.33,0.32,0.35,0.32,0.27,0.26,0.33,0.32,0.28,0.32,0.31,0.31,0.31,0.31,0.35,0.33,0.32,0.33,0.35,0.33,0.3,0.31,0.25,FALSE,FALSE,FALSE,FALSE,FALSE,FALSE,FALSE,FALSE,FALSE,FALSE,FALSE,FALSE,FALSE,FALSE,FALSE,FALSE,FALSE,FALSE,FALSE,FALSE,FALSE,FALSE,FALSE,FALSE,FALSE,FALSE,FALSE
1902,0.42,0.38,0.3,0.31,0.32,0.31,0.36,0.3,0.25,0.24,0.32,0.3,0.28,0.32,0.35,0.3,0.3,0.3,0.34,0.34,0.35,0.32,0.34,0.32,0.33,0.32,0.27,FALSE,FALSE,FALSE,FALSE,FALSE,FALSE,FALSE,FALSE,FALSE,FALSE,FALSE,FALSE,FALSE,FALSE,FALSE,FALSE,FALSE,FALSE,FALSE,FALSE,FALSE,FALSE,FALSE,FALSE,FALSE,FALSE,FALSE
1903,0.43,0.46,0.33,0.34,0.33,0.31,0.38,0.34,0.32,0.26,0.34,0.32,0.29,0.34,0.39,0.33,0.34,0.3,0.37,0.37,0.35,0.36,0.36,0.33,0.34,0.34,0.29,FALSE,FALSE,FALSE,FALSE,FALSE,FALSE,FALSE,FALSE,FALSE,FALSE,FALSE,FALSE,FALSE,FALSE,FALSE,FALSE,FALSE,FALSE,FALSE,FALSE,FALSE,FALSE,FALSE,FALSE,FALSE,FALSE,FALSE
1904,0.43,0.43,0.33,0.32,0.34,0.33,0.36,0.34,0.33,0.26,0.33,0.33,0.29,0.34,0.35,0.31,0.36,0.32,0.36,0.34,0.35,0.33,0.34,0.32,0.33,0.32,0.27,FALSE,FALSE,FALSE,FALSE,FALSE,FALSE,FALSE,FALSE,FALSE,FALSE,FALSE,FALSE,FALSE,FALSE,FALSE,FALSE,FALSE,FALSE,FALSE,FALSE,FALSE,FALSE,FALSE,FALSE,FALSE,FALSE,FALSE
1905,0.39,0.43,0.32,0.3,0.32,0.29,0.33,0.32,0.28,0.25,0.33,0.28,0.27,0.33,0.31,0.3,0.33,0.32,0.33,0.33,0.32,0.33,0.31,0.29,0.3,0.31,0.29,FALSE,FALSE,FALSE,FALSE,FALSE,FALSE,FALSE,FALSE,FALSE,FALSE,FALSE,FALSE,FALSE,FALSE,FALSE,FALSE,FALSE,FALSE,FALSE,FALSE,FALSE,FALSE,FALSE,FALSE,FALSE,FALSE,FALSE
1906,0.41,0.43,0.34,0.33,0.36,0.32,0.32,0.31,0.3,0.26,0.32,0.29,0.28,0.32,0.34,0.34,0.3,0.33,0.34,0.35,0.34,0.35,0.34,0.3,0.29,0.36,0.28,FALSE,FALSE,FALSE,FALSE,FALSE,FALSE,FALSE,FALSE,FALSE,FALSE,FALSE,FALSE,FALSE,FALSE,FALSE,FALSE,FALSE,FALSE,FALSE,FALSE,FALSE,FALSE,FALSE,FALSE,FALSE,FALSE,FALSE
1907,0.44,0.4,0.34,0.32,0.37,0.33,0.35,0.33,0.3,0.28,0.31,0.31,0.28,0.32,0.35,0.34,0.31,0.32,0.34,0.38,0.37,0.36,0.37,0.35,0.39,0.34,0.3,FALSE,FALSE,FALSE,FALSE,FALSE,FALSE,FALSE,FALSE,FALSE,FALSE,FALSE,FALSE,FALSE,FALSE,FALSE,FALSE,FALSE,FALSE,FALSE,FALSE,FALSE,FALSE,FALSE,FALSE,FALSE,FALSE,FALSE
1908,0.38,0.38,0.32,0.29,0.33,0.31,0.32,0.3,0.28,0.26,0.33,0.29,0.27,0.33,0.32,0.3,0.36,0.28,0.34,0.36,0.35,0.34,0.33,0.3,0.31,0.3,0.28,FALSE,FALSE,FALSE,FALSE,FALSE,FALSE,FALSE,FALSE,FALSE,FALSE,FALSE,FALSE,FALSE,FALSE,FALSE,FALSE,FALSE,FALSE,FALSE,FALSE,FALSE,FALSE,FALSE,FALSE,FALSE,FALSE,FALSE
1909,0.43,0.39,0.33,0.32,0.34,0.31,0.37,0.33,0.28,0.25,0.35,0.31,0.27,0.31,0.33,0.3,0.41,0.31,0.35,0.39,0.36,0.34,0.35,0.32,0.35,0.35,0.28,FALSE,FALSE,FALSE,FALSE,FALSE,FALSE,FALSE,FALSE,FALSE,FALSE,FALSE,FALSE,FALSE,FALSE,FALSE,FALSE,FALSE,FALSE,FALSE,FALSE,FALSE,FALSE,FALSE,FALSE,FALSE,FALSE,FALSE
1910,0.38,0.37,0.33,0.31,0.36,0.32,0.44,0.32,0.29,0.32,0.36,0.32,0.29,0.31,0.34,0.32,0.3,0.29,0.34,0.37,0.35,0.33,0.31,0.32,0.34,0.33,0.28,FALSE,FALSE,FALSE,FALSE,FALSE,FALSE,FALSE,FALSE,FALSE,FALSE,FALSE,FALSE,FALSE,FALSE,FALSE,FALSE,FALSE,FALSE,FALSE,FALSE,FALSE,FALSE,FALSE,FALSE,FALSE,FALSE,FALSE
1911,0.41,0.37,0.32,0.3,0.33,0.33,0.35,0.33,0.27,0.26,0.35,0.3,0.28,0.33,0.32,0.3,0.3,0.3,0.36,0.36,0.35,0.34,0.34,0.3,0.35,0.34,0.29,FALSE,FALSE,FALSE,FALSE,FALSE,FALSE,FALSE,FALSE,FALSE,FALSE,FALSE,FALSE,FALSE,FALSE,FALSE,FALSE,FALSE,FALSE,FALSE,FALSE,FALSE,FALSE,FALSE,FALSE,FALSE,FALSE,FALSE
1912,0.43,0.38,0.33,0.34,0.35,0.34,0.33,0.35,0.29,0.28,0.37,0.31,0.29,0.33,0.37,0.36,0.33,0.34,0.37,0.44,0.41,0.41,0.4,0.33,0.39,0.39,0.3,FALSE,FALSE,FALSE,FALSE,FALSE,FALSE,FALSE,FALSE,FALSE,FALSE,FALSE,FALSE,FALSE,FALSE,FALSE,FALSE,FALSE,FALSE,FALSE,FALSE,FALSE,FALSE,FALSE,FALSE,FALSE,FALSE,FALSE
1913,0.38,0.37,0.32,0.32,0.31,0.34,0.33,0.34,0.29,0.29,0.36,0.28,0.29,0.31,0.34,0.32,0.3,0.3,0.35,0.41,0.35,0.35,0.34,0.33,0.36,0.3,0.3,FALSE,FALSE,FALSE,FALSE,FALSE,FALSE,FALSE,FALSE,FALSE,FALSE,FALSE,FALSE,FALSE,FALSE,FALSE,FALSE,FALSE,FALSE,FALSE,FALSE,FALSE,FALSE,FALSE,FALSE,FALSE,FALSE,FALSE
1914,0.4,0.38,0.31,0.31,0.29,0.3,0.31,0.32,0.27,0.25,0.35,0.29,0.3,0.31,0.3,0.29,0.28,0.28,0.34,0.38,0.32,0.31,0.32,0.3,0.34,0.29,0.27,FALSE,FALSE,FALSE,FALSE,FALSE,FALSE,FALSE,FALSE,FALSE,FALSE,FALSE,FALSE,FALSE,FALSE,FALSE,FALSE,FALSE,FALSE,FALSE,FALSE,FALSE,FALSE,FALSE,FALSE,FALSE,FALSE,FALSE
1915,0.41,0.38,0.32,0.31,0.31,0.35,0.31,0.33,0.28,0.27,0.35,0.28,0.28,0.32,0.35,0.3,0.3,0.32,0.32,0.35,0.32,0.32,0.32,0.33,0.33,0.31,0.27,FALSE,FALSE,FALSE,FALSE,FALSE,FALSE,FALSE,FALSE,FALSE,FALSE,FALSE,FALSE,FALSE,FALSE,FALSE,FALSE,FALSE,FALSE,FALSE,FALSE,FALSE,FALSE,FALSE,FALSE,FALSE,FALSE,FALSE
1916,0.55,0.46,0.35,0.37,0.4,0.38,0.37,0.37,0.34,0.32,0.37,0.3,0.32,0.33,0.38,0.42,0.31,0.31,0.39,0.4,0.39,0.38,0.56,0.4,0.42,0.35,0.31,FALSE,FALSE,FALSE,FALSE,FALSE,FALSE,FALSE,FALSE,FALSE,FALSE,FALSE,FALSE,FALSE,FALSE,FALSE,FALSE,FALSE,FALSE,FALSE,FALSE,FALSE,FALSE,TRUE,FALSE,FALSE,FALSE,FALSE
1917,0.4,0.38,0.33,0.3,0.32,0.33,0.44,0.33,0.29,0.3,0.34,0.29,0.3,0.31,0.32,0.29,0.34,0.29,0.33,0.39,0.34,0.35,0.34,0.31,0.34,0.31,0.26,FALSE,FALSE,FALSE,FALSE,FALSE,FALSE,FALSE,FALSE,FALSE,FALSE,FALSE,FALSE,FALSE,FALSE,FALSE,FALSE,FALSE,FALSE,FALSE,FALSE,FALSE,FALSE,FALSE,FALSE,FALSE,FALSE,FALSE
1918,0.42,0.39,0.33,0.3,0.31,0.34,0.33,0.32,0.29,0.25,0.33,0.3,0.29,0.32,0.29,0.29,0.31,0.27,0.31,0.36,0.3,0.33,0.31,0.29,0.34,0.32,0.25,FALSE,FALSE,FALSE,FALSE,FALSE,FALSE,FALSE,FALSE,FALSE,FALSE,FALSE,FALSE,FALSE,FALSE,FALSE,FALSE,FALSE,FALSE,FALSE,FALSE,FALSE,FALSE,FALSE,FALSE,FALSE,FALSE,FALSE
1919,0.41,0.36,0.34,0.3,0.33,0.35,0.34,0.3,0.3,0.28,0.32,0.31,0.3,0.32,0.33,0.33,0.3,0.28,0.31,0.36,0.32,0.34,0.32,0.3,0.34,0.33,0.27,FALSE,FALSE,FALSE,FALSE,FALSE,FALSE,FALSE,FALSE,FALSE,FALSE,FALSE,FALSE,FALSE,FALSE,FALSE,FALSE,FALSE,FALSE,FALSE,FALSE,FALSE,FALSE,FALSE,FALSE,FALSE,FALSE,FALSE
1920,0.35,0.35,0.34,0.3,0.31,0.33,0.33,0.32,0.27,0.27,0.33,0.3,0.31,0.34,0.35,0.33,0.27,0.3,0.32,0.36,0.33,0.35,0.34,0.29,0.34,0.35,0.27,FALSE,FALSE,FALSE,FALSE,FALSE,FALSE,FALSE,FALSE,FALSE,FALSE,FALSE,FALSE,FALSE,FALSE,FALSE,FALSE,FALSE,FALSE,FALSE,FALSE,FALSE,FALSE,FALSE,FALSE,FALSE,FALSE,FALSE
1921,0.47,0.44,0.37,0.37,0.35,0.37,0.36,0.37,0.32,0.32,0.37,0.31,0.32,0.34,0.4,0.38,0.33,0.3,0.37,0.45,0.4,0.46,0.47,0.36,0.37,0.38,0.32,FALSE,FALSE,FALSE,FALSE,FALSE,FALSE,FALSE,FALSE,FALSE,FALSE,FALSE,FALSE,FALSE,FALSE,FALSE,FALSE,FALSE,FALSE,FALSE,FALSE,FALSE,FALSE,FALSE,FALSE,FALSE,FALSE,FALSE
1922,0.38,0.36,0.34,0.31,0.32,0.32,0.33,0.32,0.26,0.28,0.32,0.28,0.31,0.34,0.32,0.29,0.32,0.27,0.33,0.38,0.31,0.31,0.31,0.29,0.33,0.32,0.27,FALSE,FALSE,FALSE,FALSE,FALSE,FALSE,FALSE,FALSE,FALSE,FALSE,FALSE,FALSE,FALSE,FALSE,FALSE,FALSE,FALSE,FALSE,FALSE,FALSE,FALSE,FALSE,FALSE,FALSE,FALSE,FALSE,FALSE
1923,0.37,0.35,0.35,0.31,0.32,0.33,0.35,0.31,0.28,0.28,0.34,0.29,0.32,0.32,0.32,0.32,0.3,0.28,0.32,0.36,0.33,0.33,0.32,0.3,0.34,0.32,0.32,FALSE,FALSE,FALSE,FALSE,FALSE,FALSE,FALSE,FALSE,FALSE,FALSE,FALSE,FALSE,FALSE,FALSE,FALSE,FALSE,FALSE,FALSE,FALSE,FALSE,FALSE,FALSE,FALSE,FALSE,FALSE,FALSE,FALSE
1924,0.38,0.36,0.36,0.32,0.31,0.35,0.33,0.34,0.29,0.28,0.34,0.3,0.31,0.33,0.31,0.29,0.3,0.31,0.34,0.36,0.32,0.33,0.3,0.32,0.33,0.33,0.29,FALSE,FALSE,FALSE,FALSE,FALSE,FALSE,FALSE,FALSE,FALSE,FALSE,FALSE,FALSE,FALSE,FALSE,FALSE,FALSE,FALSE,FALSE,FALSE,FALSE,FALSE,FALSE,FALSE,FALSE,FALSE,FALSE,FALSE
1925,0.4,0.37,0.36,0.33,0.35,0.34,0.35,0.36,0.3,0.28,0.34,0.29,0.33,0.33,0.33,0.32,0.32,0.28,0.33,0.37,0.33,0.33,0.31,0.31,0.34,0.35,0.28,FALSE,FALSE,FALSE,FALSE,FALSE,FALSE,FALSE,FALSE,FALSE,FALSE,FALSE,FALSE,FALSE,FALSE,FALSE,FALSE,FALSE,FALSE,FALSE,FALSE,FALSE,FALSE,FALSE,FALSE,FALSE,FALSE,FALSE
1926,0.4,0.36,0.33,0.32,0.3,0.33,0.32,0.34,0.28,0.27,0.33,0.29,0.3,0.31,0.29,0.28,0.32,0.27,0.3,0.35,0.32,0.32,0.3,0.31,0.33,0.38,0.28,FALSE,FALSE,FALSE,FALSE,FALSE,FALSE,FALSE,FALSE,FALSE,FALSE,FALSE,FALSE,FALSE,FALSE,FALSE,FALSE,FALSE,FALSE,FALSE,FALSE,FALSE,FALSE,FALSE,FALSE,FALSE,FALSE,FALSE
1927,0.41,0.35,0.33,0.33,0.33,0.34,0.34,0.33,0.28,0.27,0.35,0.28,0.33,0.33,0.35,0.31,0.35,0.29,0.34,0.37,0.35,0.36,0.33,0.33,0.32,0.37,0.27,FALSE,FALSE,FALSE,FALSE,FALSE,FALSE,FALSE,FALSE,FALSE,FALSE,FALSE,FALSE,FALSE,FALSE,FALSE,FALSE,FALSE,FALSE,FALSE,FALSE,FALSE,FALSE,FALSE,FALSE,FALSE,FALSE,FALSE
1928,0.38,0.34,0.33,0.31,0.29,0.34,0.35,0.34,0.29,0.28,0.37,0.29,0.32,0.32,0.33,0.31,0.3,0.25,0.31,0.36,0.35,0.35,0.32,0.32,0.32,0.36,0.28,FALSE,FALSE,FALSE,FALSE,FALSE,FALSE,FALSE,FALSE,FALSE,FALSE,FALSE,FALSE,FALSE,FALSE,FALSE,FALSE,FALSE,FALSE,FALSE,FALSE,FALSE,FALSE,FALSE,FALSE,FALSE,FALSE,FALSE
1929,0.35,0.35,0.35,0.31,0.29,0.34,0.35,0.36,0.27,0.24,0.33,0.29,0.31,0.32,0.29,0.29,0.31,0.27,0.32,0.36,0.34,0.33,0.31,0.31,0.34,0.36,0.28,FALSE,FALSE,FALSE,FALSE,FALSE,FALSE,FALSE,FALSE,FALSE,FALSE,FALSE,FALSE,FALSE,FALSE,FALSE,FALSE,FALSE,FALSE,FALSE,FALSE,FALSE,FALSE,FALSE,FALSE,FALSE,FALSE,FALSE
1930,0.37,0.36,0.34,0.32,0.31,0.34,0.34,0.33,0.26,0.26,0.33,0.28,0.33,0.32,0.29,0.27,0.31,0.29,0.32,0.34,0.33,0.31,0.32,0.31,0.34,0.33,0.29,FALSE,FALSE,FALSE,FALSE,FALSE,FALSE,FALSE,FALSE,FALSE,FALSE,FALSE,FALSE,FALSE,FALSE,FALSE,FALSE,FALSE,FALSE,FALSE,FALSE,FALSE,FALSE,FALSE,FALSE,FALSE,FALSE,FALSE
1931,0.4,0.34,0.35,0.33,0.31,0.34,0.33,0.36,0.29,0.3,0.36,0.3,0.34,0.33,0.29,0.29,0.35,0.28,0.33,0.35,0.32,0.3,0.32,0.31,0.37,0.34,0.27,FALSE,FALSE,FALSE,FALSE,FALSE,FALSE,FALSE,FALSE,FALSE,FALSE,FALSE,FALSE,FALSE,FALSE,FALSE,FALSE,FALSE,FALSE,FALSE,FALSE,FALSE,FALSE,FALSE,FALSE,FALSE,FALSE,FALSE
1932,0.42,0.37,0.34,0.33,0.32,0.36,0.36,0.34,0.3,0.33,0.35,0.3,0.33,0.32,0.31,0.32,0.34,0.27,0.33,0.38,0.35,0.34,0.37,0.33,0.37,0.34,0.29,FALSE,FALSE,FALSE,FALSE,FALSE,FALSE,FALSE,FALSE,FALSE,FALSE,FALSE,FALSE,FALSE,FALSE,FALSE,FALSE,FALSE,FALSE,FALSE,FALSE,FALSE,FALSE,FALSE,FALSE,FALSE,FALSE,FALSE
1933,0.43,0.37,0.41,0.37,0.32,0.34,0.35,0.39,0.29,0.29,0.38,0.31,0.35,0.32,0.39,0.31,0.35,0.36,0.35,0.36,0.32,0.37,0.34,0.31,0.37,0.35,0.28,FALSE,FALSE,FALSE,FALSE,FALSE,FALSE,FALSE,FALSE,FALSE,FALSE,FALSE,FALSE,FALSE,FALSE,FALSE,FALSE,FALSE,FALSE,FALSE,FALSE,FALSE,FALSE,FALSE,FALSE,FALSE,FALSE,FALSE
1934,0.46,0.41,0.37,0.35,0.33,0.36,0.36,0.35,0.3,0.3,0.34,0.29,0.32,0.32,0.3,0.3,0.34,0.3,0.34,0.37,0.33,0.31,0.35,0.31,0.39,0.39,0.28,FALSE,FALSE,FALSE,FALSE,FALSE,FALSE,FALSE,FALSE,FALSE,FALSE,FALSE,FALSE,FALSE,FALSE,FALSE,FALSE,FALSE,FALSE,FALSE,FALSE,FALSE,FALSE,FALSE,FALSE,FALSE,FALSE,FALSE
1935,0.41,0.34,0.35,0.34,0.32,0.37,0.33,0.36,0.26,0.27,0.35,0.28,0.33,0.31,0.29,0.3,0.31,0.28,0.31,0.35,0.32,0.33,0.36,0.31,0.32,0.37,0.28,FALSE,FALSE,FALSE,FALSE,FALSE,FALSE,FALSE,FALSE,FALSE,FALSE,FALSE,FALSE,FALSE,FALSE,FALSE,FALSE,FALSE,FALSE,FALSE,FALSE,FALSE,FALSE,FALSE,FALSE,FALSE,FALSE,FALSE
1936,0.39,0.33,0.33,0.3,0.3,0.32,0.32,0.32,0.25,0.27,0.32,0.28,0.3,0.29,0.3,0.27,0.3,0.27,0.32,0.32,0.31,0.3,0.33,0.29,0.32,0.34,0.28,FALSE,FALSE,FALSE,FALSE,FALSE,FALSE,FALSE,FALSE,FALSE,FALSE,FALSE,FALSE,FALSE,FALSE,FALSE,FALSE,FALSE,FALSE,FALSE,FALSE,FALSE,FALSE,FALSE,FALSE,FALSE,FALSE,FALSE
1937,0.4,0.36,0.36,0.32,0.32,0.35,0.4,0.36,0.27,0.31,0.33,0.27,0.33,0.33,0.32,0.31,0.32,0.29,0.33,0.35,0.33,0.32,0.34,0.31,0.34,0.32,0.28,FALSE,FALSE,FALSE,FALSE,FALSE,FALSE,FALSE,FALSE,FALSE,FALSE,FALSE,FALSE,FALSE,FALSE,FALSE,FALSE,FALSE,FALSE,FALSE,FALSE,FALSE,FALSE,FALSE,FALSE,FALSE,FALSE,FALSE
1938,0.43,0.35,0.34,0.31,0.31,0.35,0.34,0.31,0.27,0.29,0.33,0.27,0.32,0.32,0.3,0.29,0.31,0.27,0.32,0.33,0.33,0.31,0.33,0.31,0.3,0.29,0.27,FALSE,FALSE,FALSE,FALSE,FALSE,FALSE,FALSE,FALSE,FALSE,FALSE,FALSE,FALSE,FALSE,FALSE,FALSE,FALSE,FALSE,FALSE,FALSE,FALSE,FALSE,FALSE,FALSE,FALSE,FALSE,FALSE,FALSE
1939,0.39,0.37,0.34,0.32,0.31,0.33,0.36,0.33,0.27,0.29,0.31,0.29,0.34,0.32,0.31,0.29,0.33,0.27,0.36,0.37,0.34,0.32,0.32,0.28,0.33,0.26,0.27,FALSE,FALSE,FALSE,FALSE,FALSE,FALSE,FALSE,FALSE,FALSE,FALSE,FALSE,FALSE,FALSE,FALSE,FALSE,FALSE,FALSE,FALSE,FALSE,FALSE,FALSE,FALSE,FALSE,FALSE,FALSE,FALSE,FALSE
1940,0.41,0.38,0.35,0.32,0.31,0.34,0.36,0.32,0.27,0.3,0.32,0.29,0.35,0.33,0.3,0.3,0.34,0.29,0.35,0.33,0.33,0.31,0.33,0.28,0.34,0.29,0.26,FALSE,FALSE,FALSE,FALSE,FALSE,FALSE,FALSE,FALSE,FALSE,FALSE,FALSE,FALSE,FALSE,FALSE,FALSE,FALSE,FALSE,FALSE,FALSE,FALSE,FALSE,FALSE,FALSE,FALSE,FALSE,FALSE,FALSE
1941,0.37,0.36,0.34,0.32,0.3,0.35,0.33,0.32,0.27,0.29,0.32,0.25,0.34,0.33,0.31,0.3,0.36,0.28,0.37,0.33,0.34,0.32,0.32,0.3,0.32,0.26,0.27,FALSE,FALSE,FALSE,FALSE,FALSE,FALSE,FALSE,FALSE,FALSE,FALSE,FALSE,FALSE,FALSE,FALSE,FALSE,FALSE,FALSE,FALSE,FALSE,FALSE,FALSE,FALSE,FALSE,FALSE,FALSE,FALSE,FALSE
1942,0.41,0.47,0.36,0.33,0.29,0.36,0.35,0.35,0.25,0.29,0.35,0.29,0.34,0.33,0.31,0.29,0.36,0.28,0.4,0.34,0.35,0.32,0.35,0.3,0.34,0.29,0.27,FALSE,FALSE,FALSE,FALSE,FALSE,FALSE,FALSE,FALSE,FALSE,FALSE,FALSE,FALSE,FALSE,FALSE,FALSE,FALSE,FALSE,FALSE,FALSE,FALSE,FALSE,FALSE,FALSE,FALSE,FALSE,FALSE,FALSE
1943,0.42,0.41,0.38,0.34,0.43,0.4,0.36,0.35,0.28,0.31,0.35,0.31,0.35,0.33,0.42,0.36,0.44,0.32,0.4,0.37,0.39,0.38,0.4,0.34,0.35,0.29,0.3,FALSE,FALSE,FALSE,FALSE,FALSE,FALSE,FALSE,FALSE,FALSE,FALSE,FALSE,FALSE,FALSE,FALSE,FALSE,FALSE,FALSE,FALSE,FALSE,FALSE,FALSE,FALSE,FALSE,FALSE,FALSE,FALSE,FALSE
1944,0.39,0.39,0.36,0.32,0.33,0.39,0.34,0.34,0.27,0.31,0.34,0.29,0.34,0.33,0.28,0.3,0.32,0.27,0.37,0.34,0.33,0.31,0.33,0.29,0.35,0.3,0.28,FALSE,FALSE,FALSE,FALSE,FALSE,FALSE,FALSE,FALSE,FALSE,FALSE,FALSE,FALSE,FALSE,FALSE,FALSE,FALSE,FALSE,FALSE,FALSE,FALSE,FALSE,FALSE,FALSE,FALSE,FALSE,FALSE,FALSE
1945,0.37,0.37,0.35,0.31,0.33,0.37,0.35,0.35,0.27,0.28,0.35,0.28,0.29,0.32,0.29,0.29,0.32,0.25,0.37,0.35,0.35,0.32,0.35,0.32,0.3,0.26,0.29,FALSE,FALSE,FALSE,FALSE,FALSE,FALSE,FALSE,FALSE,FALSE,FALSE,FALSE,FALSE,FALSE,FALSE,FALSE,FALSE,FALSE,FALSE,FALSE,FALSE,FALSE,FALSE,FALSE,FALSE,FALSE,FALSE,FALSE
1946,0.43,0.43,0.37,0.33,0.31,0.39,0.36,0.37,0.3,0.32,0.35,0.28,0.3,0.32,0.36,0.39,0.4,0.3,0.4,0.41,0.35,0.35,0.39,0.36,0.35,0.26,0.3,FALSE,FALSE,FALSE,FALSE,FALSE,FALSE,FALSE,FALSE,FALSE,FALSE,FALSE,FALSE,FALSE,FALSE,FALSE,FALSE,FALSE,FALSE,FALSE,FALSE,FALSE,FALSE,FALSE,FALSE,FALSE,FALSE,FALSE
1947,0.45,0.44,0.42,0.52,0.32,0.37,0.37,0.38,0.3,0.34,0.37,0.28,0.3,0.32,0.33,0.34,0.32,0.31,0.43,0.43,0.38,0.36,0.37,0.34,0.37,0.33,0.28,FALSE,FALSE,FALSE,TRUE,FALSE,FALSE,FALSE,FALSE,FALSE,FALSE,FALSE,FALSE,FALSE,FALSE,FALSE,FALSE,FALSE,FALSE,FALSE,FALSE,FALSE,FALSE,FALSE,FALSE,FALSE,FALSE,FALSE
1948,0.38,0.37,0.37,0.36,0.31,0.38,0.35,0.34,0.27,0.31,0.33,0.28,0.31,0.32,0.31,0.29,0.38,0.28,0.39,0.35,0.37,0.34,0.36,0.32,0.34,0.3,0.28,FALSE,FALSE,FALSE,FALSE,FALSE,FALSE,FALSE,FALSE,FALSE,FALSE,FALSE,FALSE,FALSE,FALSE,FALSE,FALSE,FALSE,FALSE,FALSE,FALSE,FALSE,FALSE,FALSE,FALSE,FALSE,FALSE,FALSE
1949,0.42,0.39,0.36,0.49,0.33,0.37,0.36,0.37,0.26,0.31,0.37,0.33,0.33,0.31,0.31,0.32,0.33,0.29,0.39,0.36,0.37,0.37,0.38,0.36,0.38,0.31,0.29,FALSE,FALSE,FALSE,TRUE,FALSE,FALSE,FALSE,FALSE,FALSE,FALSE,FALSE,FALSE,FALSE,FALSE,FALSE,FALSE,FALSE,FALSE,FALSE,FALSE,FALSE,FALSE,FALSE,FALSE,FALSE,FALSE,FALSE
1950,0.39,0.35,0.35,0.36,0.31,0.36,0.34,0.32,0.26,0.3,0.35,0.28,0.31,0.32,0.31,0.31,0.32,0.29,0.37,0.35,0.36,0.37,0.39,0.34,0.35,0.3,0.29,FALSE,FALSE,FALSE,FALSE,FALSE,FALSE,FALSE,FALSE,FALSE,FALSE,FALSE,FALSE,FALSE,FALSE,FALSE,FALSE,FALSE,FALSE,FALSE,FALSE,FALSE,FALSE,FALSE,FALSE,FALSE,FALSE,FALSE
1951,0.4,0.38,0.35,0.36,0.35,0.36,0.35,0.33,0.27,0.34,0.35,0.26,0.31,0.33,0.3,0.33,0.41,0.28,0.33,0.34,0.36,0.33,0.37,0.31,0.33,0.31,0.28,FALSE,FALSE,FALSE,FALSE,FALSE,FALSE,FALSE,FALSE,FALSE,FALSE,FALSE,FALSE,FALSE,FALSE,FALSE,FALSE,FALSE,FALSE,FALSE,FALSE,FALSE,FALSE,FALSE,FALSE,FALSE,FALSE,FALSE
1952,0.48,0.43,0.4,0.4,0.34,0.38,0.35,0.35,0.31,0.38,0.38,0.3,0.35,0.37,0.34,0.43,0.35,0.33,0.36,0.38,0.44,0.41,0.43,0.36,0.46,0.3,0.3,FALSE,FALSE,FALSE,FALSE,FALSE,FALSE,FALSE,FALSE,FALSE,FALSE,FALSE,FALSE,FALSE,FALSE,FALSE,FALSE,FALSE,FALSE,FALSE,FALSE,FALSE,FALSE,FALSE,FALSE,TRUE,FALSE,FALSE
1953,0.45,0.37,0.39,0.39,0.35,0.38,0.34,0.38,0.29,0.36,0.32,0.28,0.33,0.34,0,0.39,0.42,0.32,0.33,0.38,0.41,0.44,0.45,0.35,0.41,0.3,0.27,FALSE,FALSE,FALSE,FALSE,FALSE,FALSE,FALSE,FALSE,FALSE,FALSE,FALSE,FALSE,FALSE,FALSE,TRUE,FALSE,FALSE,FALSE,FALSE,FALSE,FALSE,FALSE,FALSE,FALSE,FALSE,FALSE,FALSE
1954,0.45,0.39,0.38,0.37,0.36,0.36,0.34,0.35,0.28,0.34,0.35,0.26,0.31,0.31,0.38,0.33,0.35,0.29,0.33,0.35,0.38,0.4,0.39,0.35,0.39,0.32,0.3,FALSE,FALSE,FALSE,FALSE,FALSE,FALSE,FALSE,FALSE,FALSE,FALSE,FALSE,FALSE,FALSE,FALSE,FALSE,FALSE,FALSE,FALSE,FALSE,FALSE,FALSE,FALSE,FALSE,FALSE,FALSE,FALSE,FALSE
1955,0.42,0.35,0.34,0.34,0.31,0.35,0.33,0.33,0.28,0.33,0.27,0.31,0.31,0.32,0.3,0.34,0.35,0.29,0.32,0.35,0.37,0.35,0.37,0.33,0.34,0.29,0.29,FALSE,FALSE,FALSE,FALSE,FALSE,FALSE,FALSE,FALSE,FALSE,FALSE,FALSE,FALSE,FALSE,FALSE,FALSE,FALSE,FALSE,FALSE,FALSE,FALSE,FALSE,FALSE,FALSE,FALSE,FALSE,FALSE,FALSE
1956,0.45,0.36,0.38,0.36,0.34,0.37,0.33,0.35,0.28,0.34,0.35,0.35,0.32,0.34,0.31,0.34,0.31,0.29,0.36,0.36,0.36,0.36,0.4,0.37,0.37,0.3,0.28,FALSE,FALSE,FALSE,FALSE,FALSE,FALSE,FALSE,FALSE,FALSE,FALSE,FALSE,FALSE,FALSE,FALSE,FALSE,FALSE,FALSE,FALSE,FALSE,FALSE,FALSE,FALSE,FALSE,FALSE,FALSE,FALSE,FALSE
1957,0.4,0.34,0.36,0.31,0.29,0.37,0.33,0.32,0.29,0.31,0.34,0.35,0.3,0.32,0.35,0.3,0.37,0.29,0.34,0.34,0.35,0.31,0.36,0.34,0.33,0.3,0.29,FALSE,FALSE,FALSE,FALSE,FALSE,FALSE,FALSE,FALSE,FALSE,FALSE,FALSE,FALSE,FALSE,FALSE,FALSE,FALSE,FALSE,FALSE,FALSE,FALSE,FALSE,FALSE,FALSE,FALSE,FALSE,FALSE,FALSE
1958,0.4,0.36,0.38,0.33,0.33,0.35,0.35,0.35,0.3,0.31,0.34,0.35,0.32,0.32,0.31,0.3,0.32,0.27,0.35,0.35,0.35,0.35,0.38,0.34,0.35,0.29,0.27,FALSE,FALSE,FALSE,FALSE,FALSE,FALSE,FALSE,FALSE,FALSE,FALSE,FALSE,FALSE,FALSE,FALSE,FALSE,FALSE,FALSE,FALSE,FALSE,FALSE,FALSE,FALSE,FALSE,FALSE,FALSE,FALSE,FALSE
1959,0.38,0.36,0.36,0.33,0.32,0.4,0.34,0.33,0.26,0.31,0.34,0.36,0.3,0.33,0.32,0.28,0.34,0.29,0.33,0.33,0.34,0.32,0.36,0.32,0.32,0.28,0.27,FALSE,FALSE,FALSE,FALSE,FALSE,FALSE,FALSE,FALSE,FALSE,FALSE,FALSE,FALSE,FALSE,FALSE,FALSE,FALSE,FALSE,FALSE,FALSE,FALSE,FALSE,FALSE,FALSE,FALSE,FALSE,FALSE,FALSE
1960,0.38,0.36,0.66,0.31,0.31,0.39,0.35,0.31,0.29,0.32,0.42,0.35,0.32,0.33,0.28,0.3,0.31,0.29,0.34,0.33,0.37,0.34,0.41,0.34,0.31,0.29,0.31,FALSE,FALSE,TRUE,FALSE,FALSE,FALSE,FALSE,FALSE,FALSE,FALSE,FALSE,FALSE,FALSE,FALSE,FALSE,FALSE,FALSE,FALSE,FALSE,FALSE,FALSE,FALSE,FALSE,FALSE,FALSE,FALSE,FALSE
1961,0.37,0.37,0.4,0.33,0.34,0.37,0.33,0.34,0.28,0.33,0.37,0.34,0.33,0.35,0.29,0.3,0.31,0.26,0.33,0.32,0.4,0.32,0.38,0.35,0.34,0.33,0.33,FALSE,FALSE,FALSE,FALSE,FALSE,FALSE,FALSE,FALSE,FALSE,FALSE,FALSE,FALSE,FALSE,FALSE,FALSE,FALSE,FALSE,FALSE,FALSE,FALSE,FALSE,FALSE,FALSE,FALSE,FALSE,FALSE,FALSE
1962,0.4,0.38,0.39,0.33,0.34,0.37,0.33,0.34,0.27,0.31,0.36,0.38,0.33,0.33,0.3,0.36,0.32,0.29,0.32,0.31,0.39,0.38,0.4,0.35,0.36,0.34,0.33,FALSE,FALSE,FALSE,FALSE,FALSE,FALSE,FALSE,FALSE,FALSE,FALSE,FALSE,FALSE,FALSE,FALSE,FALSE,FALSE,FALSE,FALSE,FALSE,FALSE,FALSE,FALSE,FALSE,FALSE,FALSE,FALSE,FALSE
1963,0.37,0.36,0.45,0.32,0.31,0.42,0.35,0.36,0.27,0.34,0.36,0.33,0.33,0.33,0.3,0.33,0.3,0.29,0.35,0.33,0.35,0.32,0.37,0.34,0.37,0.29,0.31,FALSE,FALSE,FALSE,FALSE,FALSE,FALSE,FALSE,FALSE,FALSE,FALSE,FALSE,FALSE,FALSE,FALSE,FALSE,FALSE,FALSE,FALSE,FALSE,FALSE,FALSE,FALSE,FALSE,FALSE,FALSE,FALSE,FALSE
1964,0.36,0.34,0.37,0.31,0.34,0.35,0.31,0.34,0.27,0.28,0.34,0.34,0.33,0.31,0.32,0.3,0.33,0.27,0.33,0.33,0.37,0.33,0.36,0.31,0.35,0.33,0.29,FALSE,FALSE,FALSE,FALSE,FALSE,FALSE,FALSE,FALSE,FALSE,FALSE,FALSE,FALSE,FALSE,FALSE,FALSE,FALSE,FALSE,FALSE,FALSE,FALSE,FALSE,FALSE,FALSE,FALSE,FALSE,FALSE,FALSE
1965,0.4,0.35,0.36,0.33,0.36,0.36,0.32,0.33,0.26,0.36,0.35,0.38,0.33,0.3,0.3,0.31,0.31,0.27,0.35,0.34,0.36,0.35,0.39,0.36,0.34,0.31,0.3,FALSE,FALSE,FALSE,FALSE,FALSE,FALSE,FALSE,FALSE,FALSE,FALSE,FALSE,FALSE,FALSE,FALSE,FALSE,FALSE,FALSE,FALSE,FALSE,FALSE,FALSE,FALSE,FALSE,FALSE,FALSE,FALSE,FALSE
1966,0.35,0.35,0.34,0.32,0.34,0.35,0.32,0.34,0.29,0.33,0.3,0.37,0.3,0.3,0.31,0.33,0.34,0.29,0.33,0.34,0.34,0.32,0.34,0.33,0.34,0.3,0.29,FALSE,FALSE,FALSE,FALSE,FALSE,FALSE,FALSE,FALSE,FALSE,FALSE,FALSE,FALSE,FALSE,FALSE,FALSE,FALSE,FALSE,FALSE,FALSE,FALSE,FALSE,FALSE,FALSE,FALSE,FALSE,FALSE,FALSE
1967,0.34,0.33,0.35,0.33,0.33,0.36,0.32,0.33,0.27,0.3,0.33,0.35,0.31,0.31,0.28,0.27,0.33,0.25,0.33,0.33,0.36,0.31,0.34,0.32,0.32,0.32,0.28,FALSE,FALSE,FALSE,FALSE,FALSE,FALSE,FALSE,FALSE,FALSE,FALSE,FALSE,FALSE,FALSE,FALSE,FALSE,FALSE,FALSE,FALSE,FALSE,FALSE,FALSE,FALSE,FALSE,FALSE,FALSE,FALSE,FALSE
1968,0.44,0.49,0.37,0.39,0.33,0.43,0.39,0.36,0.29,0.32,0.38,0.36,0.35,0.33,0.3,0.31,0.31,0.3,0.35,0.37,0.38,0.34,0.37,0.36,0.35,0.34,0.29,FALSE,FALSE,FALSE,FALSE,FALSE,FALSE,FALSE,FALSE,FALSE,FALSE,FALSE,FALSE,FALSE,FALSE,FALSE,FALSE,FALSE,FALSE,FALSE,FALSE,FALSE,FALSE,FALSE,FALSE,FALSE,FALSE,FALSE
1969,0.39,0.37,0.36,0.35,0.31,0.4,0.36,0.33,0.27,0.32,0.37,0.36,0.3,0.33,0.31,0.32,0.32,0.27,0.32,0.35,0.37,0.33,0.37,NA,0.34,0.34,0.29,FALSE,FALSE,FALSE,FALSE,FALSE,FALSE,FALSE,FALSE,FALSE,FALSE,FALSE,FALSE,FALSE,FALSE,FALSE,FALSE,FALSE,FALSE,FALSE,FALSE,FALSE,FALSE,FALSE,NA,FALSE,FALSE,FALSE
1970,0.38,0.38,0.38,0.36,0.33,0.4,0.34,0.35,0.27,0.31,0.35,0.36,0.32,0.32,0.3,0.29,0.3,0.28,0.35,0.35,0.36,0.33,0.34,NA,0.34,0.35,0.28,FALSE,FALSE,FALSE,FALSE,FALSE,FALSE,FALSE,FALSE,FALSE,FALSE,FALSE,FALSE,FALSE,FALSE,FALSE,FALSE,FALSE,FALSE,FALSE,FALSE,FALSE,FALSE,FALSE,NA,FALSE,FALSE,FALSE
1971,0.38,0.36,0.36,0.36,0.37,0.38,0.34,0.33,0.25,0.3,0.36,0.34,0.33,0.32,0.29,0.32,0.31,0.28,0.35,0.34,0.37,0.42,0.37,NA,0.34,0.34,0.27,FALSE,FALSE,FALSE,FALSE,FALSE,FALSE,FALSE,FALSE,FALSE,FALSE,FALSE,FALSE,FALSE,FALSE,FALSE,FALSE,FALSE,FALSE,FALSE,FALSE,FALSE,FALSE,FALSE,NA,FALSE,FALSE,FALSE
1972,0.43,0.41,0.42,0.4,0.37,0.4,0.37,0.36,0.34,0.34,0.35,0.57,0.37,0.32,0.33,0.34,0.32,0.29,0.37,0.36,0.37,0.38,0.41,NA,0.37,0.33,0.31,FALSE,FALSE,FALSE,FALSE,FALSE,FALSE,FALSE,FALSE,FALSE,FALSE,FALSE,TRUE,FALSE,FALSE,FALSE,FALSE,FALSE,FALSE,FALSE,FALSE,FALSE,FALSE,FALSE,NA,FALSE,FALSE,FALSE
1973,0.36,0.37,0.36,0.37,0.32,0.42,0.35,0.37,0.28,0.43,0.34,0.37,0.32,0.32,0.34,0.3,0.3,0.27,0.33,0.33,0.33,0.35,0.35,NA,0.33,0.34,0.28,FALSE,FALSE,FALSE,FALSE,FALSE,FALSE,FALSE,FALSE,FALSE,FALSE,FALSE,FALSE,FALSE,FALSE,FALSE,FALSE,FALSE,FALSE,FALSE,FALSE,FALSE,FALSE,FALSE,NA,FALSE,FALSE,FALSE
1974,0.39,0.4,0.37,0.38,0.39,0.41,0.36,0.34,0.31,0.35,0.36,0.36,0.35,0.34,0.32,0.33,0.33,0.32,0.38,0.35,0.36,0.38,0.39,NA,0.4,0.37,0.3,FALSE,FALSE,FALSE,FALSE,FALSE,FALSE,FALSE,FALSE,FALSE,FALSE,FALSE,FALSE,FALSE,FALSE,FALSE,FALSE,FALSE,FALSE,FALSE,FALSE,FALSE,FALSE,FALSE,NA,FALSE,FALSE,FALSE
1975,0.39,0.37,0.38,0.35,0.39,0.4,0.36,0.36,0.28,0.32,0.33,0.36,0.35,0.35,0.35,0.3,0.36,0.28,0.34,0.34,0.33,0.32,0.37,NA,0.36,0.33,0.29,FALSE,FALSE,FALSE,FALSE,FALSE,FALSE,FALSE,FALSE,FALSE,FALSE,FALSE,FALSE,FALSE,FALSE,FALSE,FALSE,FALSE,FALSE,FALSE,FALSE,FALSE,FALSE,FALSE,NA,FALSE,FALSE,FALSE
1976,0.39,0.39,0.4,0.35,0.46,0.39,0.32,0.36,0.3,0.33,0.35,0.34,0.35,0.33,0.33,0.46,0.31,0.28,0.36,0.33,0.36,0.35,0.38,NA,0.36,0.37,0.25,FALSE,FALSE,FALSE,FALSE,FALSE,FALSE,FALSE,FALSE,FALSE,FALSE,FALSE,FALSE,FALSE,FALSE,FALSE,FALSE,FALSE,FALSE,FALSE,FALSE,FALSE,FALSE,FALSE,NA,FALSE,FALSE,FALSE
1977,0.41,0.57,0.38,0.34,0.35,0.41,0.33,0.33,0.28,0.28,0.32,0.38,0.32,0.31,0.26,0.28,0.32,0.27,0.33,0.31,0.3,0.3,0.33,NA,0.34,0.32,0.26,FALSE,TRUE,FALSE,FALSE,FALSE,FALSE,FALSE,FALSE,FALSE,FALSE,FALSE,FALSE,FALSE,FALSE,FALSE,FALSE,FALSE,FALSE,FALSE,FALSE,FALSE,FALSE,FALSE,NA,FALSE,FALSE,FALSE
1978,0.4,0.53,0.36,0.36,0.4,0.38,0.34,0.35,0.28,0.3,0.35,0.42,0.32,0.32,0.29,0.32,0.35,0.27,0.34,0.33,0.37,0.35,0.38,NA,0.33,0.31,0.29,FALSE,FALSE,FALSE,FALSE,FALSE,FALSE,FALSE,FALSE,FALSE,FALSE,FALSE,FALSE,FALSE,FALSE,FALSE,FALSE,FALSE,FALSE,FALSE,FALSE,FALSE,FALSE,FALSE,NA,FALSE,FALSE,FALSE
1979,0.41,0.5,0.37,0.34,0.4,0.41,0.36,0.36,0.32,0.35,0.34,0.37,0.35,0.35,0.34,0.33,0.39,0.28,0.35,0.35,0.35,0.34,0.38,NA,0.41,0.31,0.3,FALSE,FALSE,FALSE,FALSE,FALSE,FALSE,FALSE,FALSE,FALSE,FALSE,FALSE,FALSE,FALSE,FALSE,FALSE,FALSE,FALSE,FALSE,FALSE,FALSE,FALSE,FALSE,FALSE,NA,FALSE,FALSE,FALSE
1980,0.4,0.45,0.33,0.33,0.33,0.37,0.36,0.37,0.29,0.3,0.39,0.37,0.31,0.32,0.3,0.3,0.3,0.25,0.34,0.33,0.33,0.32,0.38,NA,0.37,0.32,0.28,FALSE,FALSE,FALSE,FALSE,FALSE,FALSE,FALSE,FALSE,FALSE,FALSE,FALSE,FALSE,FALSE,FALSE,FALSE,FALSE,FALSE,FALSE,FALSE,FALSE,FALSE,FALSE,FALSE,NA,FALSE,FALSE,FALSE
1981,0.41,0.47,0.38,0.38,0.36,0.38,0.38,0.38,0.3,0.3,0.35,0.36,0.34,0.37,0.28,0.31,0.34,0.28,0.36,0.34,0.32,0.34,0.37,NA,0.43,0.31,0.28,FALSE,FALSE,FALSE,FALSE,FALSE,FALSE,FALSE,FALSE,FALSE,FALSE,FALSE,FALSE,FALSE,FALSE,FALSE,FALSE,FALSE,FALSE,FALSE,FALSE,FALSE,FALSE,FALSE,NA,FALSE,FALSE,FALSE
1982,0.38,0.44,0.37,0.36,0.35,0.39,0.36,0.39,0.29,0.32,0.36,0.39,0.36,0.32,0.33,0.35,0.43,0.27,0.34,0.35,0.36,0.43,0.4,NA,0.44,0.31,0.29,FALSE,FALSE,FALSE,FALSE,FALSE,FALSE,FALSE,FALSE,FALSE,FALSE,FALSE,FALSE,FALSE,FALSE,FALSE,FALSE,FALSE,FALSE,FALSE,FALSE,FALSE,FALSE,FALSE,NA,FALSE,FALSE,FALSE
1983,0.4,0.51,0.39,0.37,0.35,0.4,0.37,0.41,0.36,0.36,0.37,0.38,0.38,0.36,NA,0.32,0.35,0.32,0.35,0.39,0.35,0.42,0.43,NA,0.43,0.34,0.31,FALSE,FALSE,FALSE,FALSE,FALSE,FALSE,FALSE,FALSE,FALSE,FALSE,FALSE,FALSE,FALSE,FALSE,NA,FALSE,FALSE,FALSE,FALSE,FALSE,FALSE,FALSE,FALSE,NA,FALSE,FALSE,FALSE
