WINDENDRO	4	R	36	P	I	N	RING
TreeName	Path identification	Site identification	YearLastRing	Sapwood	Tree height	Tree age	SectionHeight	User variable	RingCount	DataType	OffsetToNext	ImageName	Analysis Date Time	Acquisition Date Time	Modified Date Time	ImageSizeH V NBits Channel	CalibMethod XCal YCal EditedDendro	ScannerCamera Make Model Software	LensFocLength [35mm]	PathBegX BegY EndX EndY Width	RingBoundary AutoMan Meth Precise	EarlywoodDef	DensActive Media Calib	DensNSteps MatDens Interpol SampleThick	DensStepsThick	DensStepsLightInt	DensStepsWoodDens	DiskArea	DiskPerim	DiskAvgDiam	DiskFormCoef	CompWoodArea	VoidArea	PathLength	
1234A_ABLA		MRS7	2016	0.000	0.0000	0	0.000		83	RINGWIDTH	1	NotAFile	7/31/2017 09:35:34	                   		4945 1601 8 Grey	Intr 0.021158 0.021141 N	EPSON EPSON Flatbed Scanner EPSON Expression 10000XL 1.8 V3.45 3.45	0.0 [0]	4255.0000 544.0000 1526.0000 540.0000  1.0000	Tg A Int Y	50 %	N W Man	19 1.0000 Lin 1.00	0.0120 0.0148 0.0203 0.0240 0.0289 0.0365 0.0481 0.0575 0.0685 0.0869 0.1104 0.1358 0.1795 0.2183 0.2831 0.3664 0.4581 0.5495 0.7145 	16 19 23 27 29 34 40 44 50 59 68 77 92 105 122 144 164 186 219 	0.0120 0.0148 0.0203 0.0240 0.0289 0.0365 0.0481 0.0575 0.0685 0.0869 0.1104 0.1358 0.1795 0.2183 0.2831 0.3664 0.4581 0.5495 0.7145 	0.0000	0.0000	0.0000	0.0000	0.0000	0.0000	57.7394	0.592	0.613	0.550	0.654	0.697	0.655	0.672	0.735	0.588	0.632	0.443	0.528	0.422	0.654	0.654	0.485	0.591	0.590	0.611	0.528	0.528	0.486	0.549	0.528	0.507	0.571	0.549	0.592	0.613	0.591	0.612	0.698	0.825	0.867	0.719	0.804	0.846	0.741	0.677	0.740	0.783	0.740	0.762	0.656	0.719	0.719	0.677	0.614	0.571	0.635	0.655	0.591	0.612	0.653	0.756	0.900	0.771	0.758	0.781	0.718	0.760	0.738	0.612	0.718	0.719	0.889	0.846	0.972	0.718	0.760	0.674	0.695	0.838	0.628	0.691	0.879	0.945	0.885	0.927	0.760	0.781	0.761	0.845																																																																																					
1234B_ABLA		MRS7	2016	0.000	0.0000	0	0.000		117	RINGWIDTH	1	NotAFile	7/31/2017 09:35:34	                   		4945 1601 8 Grey	Intr 0.021158 0.021141 N	EPSON EPSON Flatbed Scanner EPSON Expression 10000XL 1.8 V3.45 3.45	0.0 [0]	3785.0000 942.0000 638.0000 1071.0000  1.0000	Tg A Int Y	50 %	N W Man	19 1.0000 Lin 1.00	0.0120 0.0148 0.0203 0.0240 0.0289 0.0365 0.0481 0.0575 0.0685 0.0869 0.1104 0.1358 0.1795 0.2183 0.2831 0.3664 0.4581 0.5495 0.7145 	16 19 23 27 29 34 40 44 50 59 68 77 92 105 122 144 164 186 219 	0.0120 0.0148 0.0203 0.0240 0.0289 0.0365 0.0481 0.0575 0.0685 0.0869 0.1104 0.1358 0.1795 0.2183 0.2831 0.3664 0.4581 0.5495 0.7145 	0.0000	0.0000	0.0000	0.0000	0.0000	0.0000	67.0546	0.837	0.806	0.976	0.848	0.594	0.838	0.676	0.657	0.414	0.711	0.406	0.603	0.757	0.571	0.653	0.489	0.591	0.601	0.731	0.558	0.723	0.496	0.478	0.540	0.498	0.542	0.521	0.461	0.440	0.502	0.482	0.419	0.483	0.441	0.462	0.463	0.484	0.484	0.569	0.569	0.567	0.548	0.521	0.544	0.481	0.501	0.376	0.565	0.563	0.481	0.502	0.504	0.567	0.483	0.463	0.442	0.526	0.463	0.507	0.591	0.485	0.506	0.486	0.613	0.528	0.549	0.506	0.592	0.486	0.570	0.590	0.484	0.484	0.590	0.634	0.613	0.633	0.570	0.571	0.571	0.529	0.529	0.423	0.571	0.550	0.465	0.550	0.571	0.635	0.740	0.612	0.655	0.613	0.592	0.571	0.550	0.444	0.508	0.550	0.592	0.592	0.656	0.549	0.549	0.486	0.444	0.635	0.444	0.508	0.635	0.613	0.549	0.528	0.549	0.529	0.465	0.613																																																																																																																							
93A_ABLA		MRS7	2016	0.000	0.0000	0	0.000		148	RINGWIDTH	1	NotAFile	7/31/2017 10:44:51	                   		5145 2058 8 Grey	Intr 0.021158 0.021141 N	EPSON EPSON Flatbed Scanner EPSON Expression 10000XL 1.8 V3.45 3.45	0.0 [0]	3720.0000 635.0000 773.0000 652.0000  1.0000	Tg A Int Y	50 %	N W Man	19 1.0000 Lin 1.00	0.0120 0.0148 0.0203 0.0240 0.0289 0.0365 0.0481 0.0575 0.0685 0.0869 0.1104 0.1358 0.1795 0.2183 0.2831 0.3664 0.4581 0.5495 0.7145 	16 19 23 27 29 34 40 44 50 59 68 77 92 105 122 144 164 186 219 	0.0120 0.0148 0.0203 0.0240 0.0289 0.0365 0.0481 0.0575 0.0685 0.0869 0.1104 0.1358 0.1795 0.2183 0.2831 0.3664 0.4581 0.5495 0.7145 	0.0000	0.0000	0.0000	0.0000	0.0000	0.0000	62.6920	0.599	0.316	0.304	0.536	0.210	0.232	0.318	0.180	0.220	0.258	0.363	0.416	0.251	0.217	0.162	0.109	0.161	0.173	0.379	0.292	0.426	0.553	0.392	0.323	0.379	0.277	0.410	0.495	0.417	0.589	0.561	0.345	0.373	0.539	0.488	0.509	0.462	0.340	0.288	0.327	0.329	0.239	0.316	0.343	0.306	0.346	0.232	0.239	0.379	0.365	0.244	0.266	0.185	0.185	0.205	0.218	0.257	0.236	0.232	0.203	0.259	0.304	0.283	0.222	0.307	0.333	0.313	0.333	0.390	0.436	0.431	0.476	0.413	0.336	0.443	0.344	0.346	0.365	0.466	0.533	0.412	0.410	0.553	0.553	0.449	0.425	0.325	0.407	0.407	0.428	0.428	0.306	0.344	0.425	0.482	0.515	0.535	0.652	0.657	0.520	0.502	0.598	0.359	0.384	0.471	0.574	0.451	0.449	0.439	0.579	0.513	0.451	0.388	0.307	0.389	0.328	0.274	0.322	0.369	0.472	0.430	0.392	0.393	0.373	0.394	0.479	0.354	0.271	0.313	0.333	0.375	0.375	0.334	0.271	0.334	0.234	0.185	0.294	0.231	0.294	0.315	0.356	0.356	0.334	0.272	0.271	0.201	0.276																																																																																																																																																						
93B_ABLA		MRS7	2016	0.000	0.0000	0	0.000		159	RINGWIDTH	1	NotAFile	7/31/2017 10:44:51	                   		5145 2058 8 Grey	Intr 0.021158 0.021141 N	EPSON EPSON Flatbed Scanner EPSON Expression 10000XL 1.8 V3.45 3.45	0.0 [0]	3651.0000 1171.5000 681.5000 1203.0000  1.0000	Tg A Int Y	50 %	N W Man	19 1.0000 Lin 1.00	0.0120 0.0148 0.0203 0.0240 0.0289 0.0365 0.0481 0.0575 0.0685 0.0869 0.1104 0.1358 0.1795 0.2183 0.2831 0.3664 0.4581 0.5495 0.7145 	16 19 23 27 29 34 40 44 50 59 68 77 92 105 122 144 164 186 219 	0.0120 0.0148 0.0203 0.0240 0.0289 0.0365 0.0481 0.0575 0.0685 0.0869 0.1104 0.1358 0.1795 0.2183 0.2831 0.3664 0.4581 0.5495 0.7145 	0.0000	0.0000	0.0000	0.0000	0.0000	0.0000	62.9809	0.804	0.902	0.878	0.692	0.774	0.769	0.417	0.184	0.127	0.123	0.072	0.302	0.553	0.322	0.638	0.206	0.259	0.305	0.212	0.215	0.234	0.301	0.283	0.196	0.217	0.169	0.129	0.190	0.230	0.387	0.308	0.471	0.642	0.518	0.476	0.418	0.334	0.482	0.568	0.442	0.524	0.608	0.292	0.421	0.632	0.571	0.529	0.487	0.402	0.317	0.402	0.423	0.360	0.338	0.338	0.275	0.330	0.261	0.295	0.379	0.355	0.293	0.293	0.232	0.249	0.309	0.290	0.357	0.290	0.268	0.305	0.330	0.394	0.354	0.352	0.378	0.419	0.294	0.328	0.363	0.352	0.396	0.394	0.332	0.263	0.361	0.284	0.341	0.355	0.418	0.411	0.363	0.397	0.497	0.554	0.365	0.345	0.325	0.349	0.392	0.371	0.391	0.375	0.352	0.373	0.394	0.371	0.412	0.433	0.455	0.396	0.418	0.378	0.316	0.358	0.421	0.442	0.400	0.398	0.378	0.400	0.401	0.316	0.316	0.252	0.337	0.457	0.366	0.401	0.486	0.571	0.570	0.489	0.486	0.353	0.315	0.398	0.397	0.293	0.272	0.357	0.397	0.377	0.378	0.300	0.360	0.254	0.233	0.275	0.212	0.270	0.296	0.296	0.300	0.269	0.280	0.275	0.243	0.244																																																																																																																																																																	
1271A_ABLA		MRS7	2016	0.000	0.0000	0	0.000		124	RINGWIDTH	1	NotAFile	7/31/2017 10:57:11	                   		6517 2087 8 Grey	Intr 0.021158 0.021141 N	EPSON EPSON Flatbed Scanner EPSON Expression 10000XL 1.8 V3.45 3.45	0.0 [0]	5154.0000 862.0000 716.0000 630.0000  1.0000	Tg A Int Y	50 %	N W Man	19 1.0000 Lin 1.00	0.0120 0.0148 0.0203 0.0240 0.0289 0.0365 0.0481 0.0575 0.0685 0.0869 0.1104 0.1358 0.1795 0.2183 0.2831 0.3664 0.4581 0.5495 0.7145 	16 19 23 27 29 34 40 44 50 59 68 77 92 105 122 144 164 186 219 	0.0120 0.0148 0.0203 0.0240 0.0289 0.0365 0.0481 0.0575 0.0685 0.0869 0.1104 0.1358 0.1795 0.2183 0.2831 0.3664 0.4581 0.5495 0.7145 	0.0000	0.0000	0.0000	0.0000	0.0000	0.0000	94.1583	0.958	1.057	0.837	0.894	0.836	0.912	0.990	0.776	1.006	1.065	0.955	0.951	1.032	0.785	0.732	0.959	1.378	0.993	1.140	1.149	1.014	1.181	1.162	0.931	1.035	0.928	0.840	1.079	1.160	1.107	1.294	1.079	1.186	1.108	1.088	0.906	0.937	0.800	0.661	0.546	0.529	0.611	0.694	0.657	0.618	0.805	0.869	0.892	0.766	0.520	0.666	0.625	0.562	0.456	0.601	0.622	0.495	0.611	0.631	0.722	0.495	0.414	0.478	0.458	0.479	0.482	0.608	0.586	0.545	0.548	0.654	0.590	0.570	0.585	0.683	0.507	0.549	0.613	0.550	0.486	0.634	0.655	0.677	0.613	0.423	0.423	0.423	0.401	0.422	0.359	0.464	0.464	0.444	0.507	0.592	0.571	0.614	0.529	0.539	0.392	0.400	0.463	0.378	0.296	0.358	0.443	0.507	0.422	0.441	0.383	0.400	0.286	0.243	0.464	0.318	0.314	0.483	0.566	0.503	0.505	0.442	0.369	0.427	0.480																																																																																																																														
1271B_ABLA		MRS7	2016	0.000	0.0000	0	0.000		117	RINGWIDTH	1	NotAFile	7/31/2017 10:57:11	                   		6517 2087 8 Grey	Intr 0.021158 0.021141 N	EPSON EPSON Flatbed Scanner EPSON Expression 10000XL 1.8 V3.45 3.45	0.0 [0]	5465.0000 1372.5000 1363.0000 1209.0000  1.0000	Tg A Int Y	50 %	N W Man	19 1.0000 Lin 1.00	0.0120 0.0148 0.0203 0.0240 0.0289 0.0365 0.0481 0.0575 0.0685 0.0869 0.1104 0.1358 0.1795 0.2183 0.2831 0.3664 0.4581 0.5495 0.7145 	16 19 23 27 29 34 40 44 50 59 68 77 92 105 122 144 164 186 219 	0.0120 0.0148 0.0203 0.0240 0.0289 0.0365 0.0481 0.0575 0.0685 0.0869 0.1104 0.1358 0.1795 0.2183 0.2831 0.3664 0.4581 0.5495 0.7145 	0.0000	0.0000	0.0000	0.0000	0.0000	0.0000	86.8576	1.232	1.339	1.614	1.409	1.283	1.304	1.204	1.161	1.267	1.227	1.143	1.333	1.206	1.185	1.333	1.291	1.159	1.304	1.243	1.119	1.350	1.366	1.412	1.581	1.396	1.417	1.248	1.164	0.952	1.058	0.952	0.843	0.739	0.739	0.823	0.885	0.843	0.739	0.929	0.949	0.946	0.904	0.736	0.779	0.821	0.757	0.652	0.925	0.841	0.673	0.695	0.864	0.863	0.673	0.590	0.570	0.592	0.635	0.571	0.656	0.698	0.592	0.571	0.677	0.634	0.571	0.656	0.719	0.508	0.508	0.487	0.508	0.444	0.591	0.613	0.613	0.592	0.465	0.465	0.423	0.381	0.402	0.296	0.402	0.450	0.396	0.592	0.529	0.550	0.444	0.402	0.412	0.318	0.275	0.389	0.371	0.254	0.347	0.351	0.453	0.401	0.317	0.351	0.328	0.273	0.202	0.337	0.273	0.334	0.316	0.339	0.323	0.414	0.349	0.309	0.242	0.367																																																																																																																							
109A_ABLA		MRS7	2016	0.000	0.0000	0	0.000		107	RINGWIDTH	1	NotAFile	7/31/2017 11:07:51	                   		6603 2459 8 Grey	Intr 0.021158 0.021141 N	EPSON EPSON Flatbed Scanner EPSON Expression 10000XL 1.8 V3.45 3.45	0.0 [0]	4541.0000 1101.0000 1073.0000 1035.0000  1.0000	Tg A Int Y	50 %	N W Man	19 1.0000 Lin 1.00	0.0120 0.0148 0.0203 0.0240 0.0289 0.0365 0.0481 0.0575 0.0685 0.0869 0.1104 0.1358 0.1795 0.2183 0.2831 0.3664 0.4581 0.5495 0.7145 	16 19 23 27 29 34 40 44 50 59 68 77 92 105 122 144 164 186 219 	0.0120 0.0148 0.0203 0.0240 0.0289 0.0365 0.0481 0.0575 0.0685 0.0869 0.1104 0.1358 0.1795 0.2183 0.2831 0.3664 0.4581 0.5495 0.7145 	0.0000	0.0000	0.0000	0.0000	0.0000	0.0000	73.3881	0.141	1.061	0.977	1.087	1.115	1.131	1.029	0.926	0.968	0.952	0.869	0.873	0.843	0.982	1.256	1.185	1.098	1.232	1.110	1.171	1.039	0.981	1.048	0.904	0.972	0.719	0.760	0.758	0.653	0.864	0.823	0.865	0.715	0.793	0.665	0.624	0.649	0.647	0.751	0.647	0.501	0.637	0.675	0.449	0.310	0.274	0.338	0.380	0.378	0.507	0.508	0.504	0.545	0.694	0.728	0.663	0.638	0.655	0.538	0.626	0.710	0.653	0.633	0.634	0.698	0.719	0.719	0.613	0.706	0.648	0.567	0.486	0.507	0.656	0.613	0.508	0.635	0.719	0.802	0.695	0.569	0.609	0.546	0.525	0.566	0.524	0.459	0.459	0.459	0.524	0.523	0.584	0.569	0.442	0.358	0.317	0.423	0.317	0.358	0.337	0.358	0.442	0.484	0.505	0.441	0.357	0.378																																																																																																													
109B_ABLA		MRS7	2016	0.000	0.0000	0	0.000		170	RINGWIDTH	1	NotAFile	7/31/2017 11:07:51	                   		6603 2459 8 Grey	Intr 0.021158 0.021141 N	EPSON EPSON Flatbed Scanner EPSON Expression 10000XL 1.8 V3.45 3.45	0.0 [0]	5517.0000 1603.0000 1346.0000 1528.0000  1.0000	Tg A Int Y	50 %	N W Man	19 1.0000 Lin 1.00	0.0120 0.0148 0.0203 0.0240 0.0289 0.0365 0.0481 0.0575 0.0685 0.0869 0.1104 0.1358 0.1795 0.2183 0.2831 0.3664 0.4581 0.5495 0.7145 	16 19 23 27 29 34 40 44 50 59 68 77 92 105 122 144 164 186 219 	0.0120 0.0148 0.0203 0.0240 0.0289 0.0365 0.0481 0.0575 0.0685 0.0869 0.1104 0.1358 0.1795 0.2183 0.2831 0.3664 0.4581 0.5495 0.7145 	0.0000	0.0000	0.0000	0.0000	0.0000	0.0000	88.2629	0.164	0.386	0.337	0.487	0.423	0.360	0.296	0.346	0.264	0.380	0.443	0.444	0.508	0.508	0.571	0.612	0.549	0.507	0.570	0.569	0.420	0.314	0.270	0.227	0.375	0.395	0.418	0.329	0.474	0.393	0.436	0.520	0.525	0.485	0.486	0.399	0.610	0.547	0.550	0.655	0.782	0.843	0.781	0.781	0.843	0.689	0.859	0.838	0.715	0.736	0.778	0.716	0.759	0.697	0.761	0.866	0.759	0.613	0.761	0.740	0.823	0.549	0.822	0.927	0.778	0.671	0.710	0.856	0.901	0.838	0.880	0.772	0.774	0.649	0.587	0.587	0.733	0.712	0.796	0.734	0.695	0.674	0.548	0.695	0.611	0.566	0.587	0.544	0.668	0.485	0.464	0.486	0.486	0.548	0.611	0.611	0.505	0.564	0.522	0.460	0.502	0.545	0.603	0.499	0.501	0.543	0.420	0.336	0.568	0.274	0.358	0.359	0.444	0.402	0.402	0.423	0.508	0.443	0.507	0.571	0.549	0.464	0.482	0.587	0.611	0.358	0.442	0.484	0.462	0.437	0.417	0.415	0.395	0.353	0.333	0.313	0.375	0.395	0.352	0.351	0.453	0.391	0.432	0.366	0.406	0.344	0.301	0.345	0.326	0.291	0.292	0.230	0.380	0.338	0.317	0.317	0.317	0.296	0.254	0.360	0.254	0.338	0.316	0.358	0.316	0.374	0.567	0.362	0.314	0.305																																																																																																																																																																												
106A_ABLA		MRS7	2016	0.000	0.0000	0	0.000		108	RINGWIDTH	1	NotAFile	7/31/2017 11:24:10	                   		6432 1772 8 Grey	Intr 0.021158 0.021141 N	EPSON EPSON Flatbed Scanner EPSON Expression 10000XL 1.8 V3.45 3.45	0.0 [0]	4601.0000 789.0000 874.0000 576.0000  1.0000	Tg A Int Y	50 %	N W Man	19 1.0000 Lin 1.00	0.0120 0.0148 0.0203 0.0240 0.0289 0.0365 0.0481 0.0575 0.0685 0.0869 0.1104 0.1358 0.1795 0.2183 0.2831 0.3664 0.4581 0.5495 0.7145 	16 19 23 27 29 34 40 44 50 59 68 77 92 105 122 144 164 186 219 	0.0120 0.0148 0.0203 0.0240 0.0289 0.0365 0.0481 0.0575 0.0685 0.0869 0.1104 0.1358 0.1795 0.2183 0.2831 0.3664 0.4581 0.5495 0.7145 	0.0000	0.0000	0.0000	0.0000	0.0000	0.0000	78.9831	0.012	1.458	1.424	1.168	1.101	1.116	1.062	1.110	1.110	1.226	1.224	1.191	1.215	1.055	1.055	1.147	0.996	0.935	0.943	0.994	0.905	0.725	0.728	0.648	0.627	0.797	0.882	0.819	0.673	0.694	0.548	0.738	0.717	0.548	0.569	0.464	0.569	0.673	0.964	0.864	0.570	0.653	0.655	0.571	0.423	0.402	0.443	0.569	0.506	0.632	0.698	0.698	0.761	0.866	0.846	0.909	0.908	0.867	0.867	0.677	0.677	0.930	0.571	0.592	0.613	0.783	0.761	0.739	0.760	0.782	0.656	0.571	0.423	0.487	0.508	0.402	0.381	0.402	0.423	0.423	0.465	0.381	0.359	0.338	0.296	0.402	0.381	0.423	0.423	0.444	0.592	0.507	0.529	0.443	0.469	0.390	0.447	0.464	0.358	0.463	0.422	0.421	0.547	0.602	0.534	0.512	0.408	0.486																																																																																																														
106B_ABLA		MRS7	2016	0.000	0.0000	0	0.000		112	RINGWIDTH	1	NotAFile	7/31/2017 11:24:10	                   		6432 1772 8 Grey	Intr 0.021158 0.021141 N	EPSON EPSON Flatbed Scanner EPSON Expression 10000XL 1.8 V3.45 3.45	0.0 [0]	4724.0000 1319.0000 1767.5000 1128.0000  1.0000	Tg A Int Y	50 %	N W Man	19 1.0000 Lin 1.00	0.0120 0.0148 0.0203 0.0240 0.0289 0.0365 0.0481 0.0575 0.0685 0.0869 0.1104 0.1358 0.1795 0.2183 0.2831 0.3664 0.4581 0.5495 0.7145 	16 19 23 27 29 34 40 44 50 59 68 77 92 105 122 144 164 186 219 	0.0120 0.0148 0.0203 0.0240 0.0289 0.0365 0.0481 0.0575 0.0685 0.0869 0.1104 0.1358 0.1795 0.2183 0.2831 0.3664 0.4581 0.5495 0.7145 	0.0000	0.0000	0.0000	0.0000	0.0000	0.0000	62.6829	0.040	1.445	1.443	1.771	0.963	0.958	0.829	0.557	0.630	0.445	0.316	0.478	0.639	0.497	0.292	0.376	0.442	0.633	0.745	0.836	0.921	0.649	0.776	0.774	0.708	0.729	0.731	0.588	0.567	0.590	0.590	0.549	0.465	0.549	0.504	0.671	0.713	0.420	0.504	0.357	0.400	0.485	0.633	0.569	0.401	0.570	0.570	0.528	0.344	0.331	0.380	0.486	0.465	0.505	0.526	0.505	0.441	0.482	0.503	0.567	0.569	0.652	0.609	0.442	0.485	0.613	0.486	0.422	0.444	0.528	0.522	0.576	0.614	0.563	0.557	0.596	0.652	0.507	0.529	0.465	0.465	0.486	0.486	0.529	0.465	0.529	0.464	0.406	0.378	0.402	0.402	0.444	0.423	0.402	0.508	0.360	0.402	0.338	0.337	0.268	0.356	0.365	0.242	0.306	0.272	0.254	0.314	0.397	0.354	0.260	0.260	0.278																																																																																																																		
1115A_ABLA		MRS7	2016	0.000	0.0000	0	0.000		110	RINGWIDTH	1	NotAFile	7/31/2017 11:39:30	                   		4688 1601 8 Grey	Intr 0.021158 0.021141 N	EPSON EPSON Flatbed Scanner EPSON Expression 10000XL 1.8 V3.45 3.45	0.0 [0]	3451.0000 428.0000 870.0000 473.5000  1.0000	Tg A Int Y	50 %	N W Man	19 1.0000 Lin 1.00	0.0120 0.0148 0.0203 0.0240 0.0289 0.0365 0.0481 0.0575 0.0685 0.0869 0.1104 0.1358 0.1795 0.2183 0.2831 0.3664 0.4581 0.5495 0.7145 	16 19 23 27 29 34 40 44 50 59 68 77 92 105 122 144 164 186 219 	0.0120 0.0148 0.0203 0.0240 0.0289 0.0365 0.0481 0.0575 0.0685 0.0869 0.1104 0.1358 0.1795 0.2183 0.2831 0.3664 0.4581 0.5495 0.7145 	0.0000	0.0000	0.0000	0.0000	0.0000	0.0000	54.8905	0.457	0.776	0.743	0.876	0.421	0.991	0.743	0.679	0.706	0.799	0.794	0.627	0.797	0.631	0.541	0.375	0.566	0.554	0.766	0.829	0.548	0.634	0.655	0.568	0.502	0.670	0.734	0.671	0.608	0.583	0.794	0.642	0.604	0.572	0.602	0.624	0.482	0.538	0.278	0.548	0.569	0.696	0.612	0.495	0.583	0.613	0.401	0.359	0.869	1.115	0.782	0.673	0.491	0.740	0.719	0.698	0.592	0.760	0.677	0.783	0.635	0.502	0.491	0.559	0.600	0.394	0.498	0.465	0.464	0.506	0.507	0.508	0.529	0.614	0.487	0.359	0.359	0.402	0.374	0.265	0.396	0.486	0.363	0.466	0.409	0.388	0.230	0.091	0.126	0.161	0.119	0.119	0.134	0.101	0.133	0.086	0.154	0.082	0.106	0.132	0.123	0.148	0.168	0.147	0.179	0.188	0.189	0.178	0.220	0.147																																																																																																																
1115B_ABLA		MRS7	2016	0.000	0.0000	0	0.000		82	RINGWIDTH	1	NotAFile	7/31/2017 11:39:30	                   		4688 1601 8 Grey	Intr 0.021158 0.021141 N	EPSON EPSON Flatbed Scanner EPSON Expression 10000XL 1.8 V3.45 3.45	0.0 [0]	2587.0000 1018.0000 946.0000 1021.3333  1.0000	Tg A Int Y	50 %	N W Man	19 1.0000 Lin 1.00	0.0120 0.0148 0.0203 0.0240 0.0289 0.0365 0.0481 0.0575 0.0685 0.0869 0.1104 0.1358 0.1795 0.2183 0.2831 0.3664 0.4581 0.5495 0.7145 	16 19 23 27 29 34 40 44 50 59 68 77 92 105 122 144 164 186 219 	0.0120 0.0148 0.0203 0.0240 0.0289 0.0365 0.0481 0.0575 0.0685 0.0869 0.1104 0.1358 0.1795 0.2183 0.2831 0.3664 0.4581 0.5495 0.7145 	0.0000	0.0000	0.0000	0.0000	0.0000	0.0000	34.8099	0.075	0.762	0.687	0.622	0.713	0.789	0.751	0.809	0.645	0.783	0.627	0.561	0.470	0.864	0.817	0.607	0.748	0.727	0.395	0.395	0.623	0.685	0.834	0.501	0.355	0.647	0.501	0.416	0.434	0.556	0.473	0.641	0.558	0.493	0.391	0.537	0.537	0.413	0.455	0.372	0.372	0.414	0.396	0.335	0.439	0.503	0.399	0.378	0.336	0.418	0.461	0.217	0.489	0.426	0.336	0.293	0.234	0.315	0.157	0.091	0.135	0.109	0.129	0.076	0.140	0.162	0.148	0.183	0.148	0.098	0.090	0.115	0.106	0.182	0.115	0.125	0.141	0.136	0.134	0.126	0.127	0.136																																																																																				
1232B_ABLA		MRS7	2015	0.000	0.0000	0	0.000		69	RINGWIDTH	1	NotAFile	7/31/2017 12:02:34	                   		5059 2115 8 Grey	Intr 0.021158 0.021141 N	EPSON EPSON Flatbed Scanner EPSON Expression 10000XL 1.8 V3.45 3.45	0.0 [0]	3185.0000 1296.0000 403.0000 1131.0000  1.0000	Tg A Int Y	50 %	N W Man	19 1.0000 Lin 1.00	0.0120 0.0148 0.0203 0.0240 0.0289 0.0365 0.0481 0.0575 0.0685 0.0869 0.1104 0.1358 0.1795 0.2183 0.2831 0.3664 0.4581 0.5495 0.7145 	16 19 23 27 29 34 40 44 50 59 68 77 92 105 122 144 164 186 219 	0.0120 0.0148 0.0203 0.0240 0.0289 0.0365 0.0481 0.0575 0.0685 0.0869 0.1104 0.1358 0.1795 0.2183 0.2831 0.3664 0.4581 0.5495 0.7145 	0.0000	0.0000	0.0000	0.0000	0.0000	0.0000	59.0883	0.091	2.123	1.042	0.821	0.984	0.890	0.772	0.602	0.834	0.473	0.651	0.690	0.537	0.536	0.612	0.652	0.368	0.628	0.508	0.567	0.535	0.510	0.716	0.595	0.532	0.571	0.657	0.573	0.635	0.779	0.619	0.635	0.818	0.837	0.433	0.662	0.726	0.875	0.669	0.788	0.645	0.875	0.712	0.797	0.663	0.594	0.662	0.748	0.704	1.183	1.268	1.120	0.951	1.121	1.142	0.973	0.762	0.952	0.867	0.952	0.762	0.740	0.930	1.162	1.246	1.013	1.015	0.718	0.800																																																																							
1232A_ABLA		MRS7	2015	0.000	0.0000	0	0.000		89	RINGWIDTH	1	NotAFile	7/31/2017 12:02:34	                   		5059 2115 8 Grey	Intr 0.021158 0.021141 N	EPSON EPSON Flatbed Scanner EPSON Expression 10000XL 1.8 V3.45 3.45	0.0 [0]	3966.0000 850.0000 700.0000 636.0000  1.0000	Tg A Int Y	50 %	N W Man	19 1.0000 Lin 1.00	0.0120 0.0148 0.0203 0.0240 0.0289 0.0365 0.0481 0.0575 0.0685 0.0869 0.1104 0.1358 0.1795 0.2183 0.2831 0.3664 0.4581 0.5495 0.7145 	16 19 23 27 29 34 40 44 50 59 68 77 92 105 122 144 164 186 219 	0.0120 0.0148 0.0203 0.0240 0.0289 0.0365 0.0481 0.0575 0.0685 0.0869 0.1104 0.1358 0.1795 0.2183 0.2831 0.3664 0.4581 0.5495 0.7145 	0.0000	0.0000	0.0000	0.0000	0.0000	0.0000	69.3168	1.526	0.850	1.185	1.073	0.919	0.451	0.800	0.404	0.668	0.776	0.747	0.767	0.667	0.522	0.294	0.391	0.452	0.569	0.587	0.505	0.599	0.558	0.589	0.764	0.830	0.625	0.743	0.910	0.671	0.692	0.774	0.814	0.532	0.769	0.786	0.772	0.647	0.790	0.643	0.869	0.726	0.790	0.761	0.825	0.679	0.724	0.627	0.526	0.771	0.752	0.746	0.823	0.659	0.508	0.743	0.653	0.587	0.713	0.717	1.016	0.761	0.904	0.487	0.637	0.674	0.662	0.637	0.504	0.655	0.823	0.761	0.779	0.818	0.997	0.805	0.548	0.615	0.631	0.638	0.570	0.724	0.973	0.973	1.076	0.823	0.655	0.739	0.885	0.946																																																																																											
69A_ABLA		MRS7	2015	0.000	0.0000	0	0.000		128	RINGWIDTH	1	NotAFile	7/20/2017 14:39:56	                   		5402 1057 8 Grey	Intr 0.021158 0.021141 N	EPSON EPSON Flatbed Scanner EPSON Expression 10000XL 1.8 V3.45 3.45	0.0 [0]	169.0000 186.0000 4890.0000 282.0000  1.0000	Tg A Int Y	50 %	N W Man	19 1.0000 Lin 1.00	0.0120 0.0148 0.0203 0.0240 0.0289 0.0365 0.0481 0.0575 0.0685 0.0869 0.1104 0.1358 0.1795 0.2183 0.2831 0.3664 0.4581 0.5495 0.7145 	16 19 23 27 29 34 40 44 50 59 68 77 92 105 122 144 164 186 219 	0.0120 0.0148 0.0203 0.0240 0.0289 0.0365 0.0481 0.0575 0.0685 0.0869 0.1104 0.1358 0.1795 0.2183 0.2831 0.3664 0.4581 0.5495 0.7145 	0.0000	0.0000	0.0000	0.0000	0.0000	0.0000	99.9077	0.174	0.703	1.011	0.969	0.655	0.913	0.922	0.899	0.868	0.773	0.764	0.802	0.691	0.567	0.681	0.841	0.797	0.670	1.066	1.261	0.942	0.849	0.787	0.883	0.941	0.807	0.768	0.689	0.701	0.661	0.558	0.834	0.771	0.861	0.935	0.994	0.762	0.862	0.792	0.787	0.597	0.480	0.545	0.398	0.490	0.420	0.505	0.494	0.529	0.600	0.609	0.712	0.578	0.662	0.538	0.551	0.527	0.656	0.797	0.692	0.729	0.899	0.817	0.682	0.570	0.515	0.513	0.491	0.551	0.827	0.754	0.898	0.826	0.852	0.739	0.771	0.792	0.834	0.664	0.729	0.816	0.716	0.714	0.725	0.796	0.743	0.702	0.620	0.639	0.760	0.597	0.453	0.432	0.596	0.327	0.580	0.763	0.746	0.960	0.836	0.661	0.764	0.774	0.882	0.987	0.966	0.756	0.714	0.693	0.840	0.758	0.887	0.571	0.486	0.381	0.317	0.508	0.381	0.423	0.430	0.538	0.569	0.599	0.540	0.587	0.512	0.666	0.555																																																																																																																																		
69B_ABLA		MRS7	2015	0.000	0.0000	0	0.000		150	RINGWIDTH	1	NotAFile	7/20/2017 14:39:56	                   		5402 1057 8 Grey	Intr 0.021158 0.021141 N	EPSON EPSON Flatbed Scanner EPSON Expression 10000XL 1.8 V3.45 3.45	0.0 [0]	580.0000 789.0000 4831.0000 797.0000  1.0000	Tg A Int Y	50 %	N W Man	19 1.0000 Lin 1.00	0.0120 0.0148 0.0203 0.0240 0.0289 0.0365 0.0481 0.0575 0.0685 0.0869 0.1104 0.1358 0.1795 0.2183 0.2831 0.3664 0.4581 0.5495 0.7145 	16 19 23 27 29 34 40 44 50 59 68 77 92 105 122 144 164 186 219 	0.0120 0.0148 0.0203 0.0240 0.0289 0.0365 0.0481 0.0575 0.0685 0.0869 0.1104 0.1358 0.1795 0.2183 0.2831 0.3664 0.4581 0.5495 0.7145 	0.0000	0.0000	0.0000	0.0000	0.0000	0.0000	89.9415	0.484	0.463	0.525	0.609	0.559	0.581	0.571	0.677	0.783	0.783	0.719	0.772	0.645	0.465	0.783	0.508	0.508	0.824	1.141	1.016	0.635	0.613	0.730	0.654	0.911	0.845	0.603	0.868	0.730	0.641	0.802	0.821	0.724	0.617	0.761	0.555	0.641	0.786	0.765	0.620	0.889	0.859	0.776	0.567	0.676	0.733	0.836	0.654	0.513	0.691	0.800	0.586	0.544	0.646	0.747	0.726	0.806	0.859	0.760	0.742	0.635	0.630	0.632	0.457	0.554	0.497	0.613	0.467	0.487	0.588	0.609	0.682	0.684	0.730	0.467	0.589	0.527	0.487	0.447	0.470	0.654	0.575	0.616	0.667	0.664	0.581	0.415	0.372	0.331	0.392	0.500	0.604	0.513	0.586	0.609	0.653	0.556	0.881	0.544	0.547	0.505	0.507	0.486	0.465	0.486	0.485	0.464	0.526	0.546	0.484	0.506	0.495	0.464	0.348	0.316	0.348	0.517	0.389	0.516	0.525	0.630	0.674	0.528	0.539	0.528	0.475	0.591	0.508	0.464	0.401	0.463	0.565	0.557	0.534	0.418	0.395	0.270	0.240	0.374	0.270	0.346	0.345	0.386	0.356	0.408	0.303	0.334	0.375	0.460	0.390																																																																																																																																																								
190A_ABLA		MRS_7	2016	0.000	0.0000	0	0.000		56	RINGWIDTH	1	NotAFile	7/27/2017 10:34:30	                   		4230 1029 8 Grey	Intr 0.021158 0.021141 N	EPSON EPSON Flatbed Scanner EPSON Expression 10000XL 1.8 V3.45 3.45	0.0 [0]	590.0000 265.0000 3555.0000 244.0000  1.0000	Tg A Int Y	50 %	N W Man	19 1.0000 Lin 1.00	0.0120 0.0148 0.0203 0.0240 0.0289 0.0365 0.0481 0.0575 0.0685 0.0869 0.1104 0.1358 0.1795 0.2183 0.2831 0.3664 0.4581 0.5495 0.7145 	16 19 23 27 29 34 40 44 50 59 68 77 92 105 122 144 164 186 219 	0.0120 0.0148 0.0203 0.0240 0.0289 0.0365 0.0481 0.0575 0.0685 0.0869 0.1104 0.1358 0.1795 0.2183 0.2831 0.3664 0.4581 0.5495 0.7145 	0.0000	0.0000	0.0000	0.0000	0.0000	0.0000	62.7348	1.222	1.180	1.009	1.110	1.547	1.409	0.998	0.814	1.431	1.153	1.194	1.357	1.465	1.257	1.335	1.164	1.185	0.915	1.125	0.940	1.336	1.169	1.173	1.096	1.345	1.278	1.274	1.102	0.977	1.044	1.194	1.191	1.034	0.890	1.035	1.118	0.828	1.399	1.237	1.401	1.111	1.096	0.801	0.885	0.968	0.630	0.694	0.904	0.990	0.799	1.177	0.845	0.867	0.888	0.864	0.506																																																										
190B_ABLA		MRS_7	2016	0.000	0.0000	0	0.000		105	RINGWIDTH	1	NotAFile	7/27/2017 10:34:30	                   		4230 1029 8 Grey	Intr 0.021158 0.021141 N	EPSON EPSON Flatbed Scanner EPSON Expression 10000XL 1.8 V3.45 3.45	0.0 [0]	357.0000 849.0000 3832.0000 755.0000  1.0000	Tg A Int Y	50 %	N W Man	19 1.0000 Lin 1.00	0.0120 0.0148 0.0203 0.0240 0.0289 0.0365 0.0481 0.0575 0.0685 0.0869 0.1104 0.1358 0.1795 0.2183 0.2831 0.3664 0.4581 0.5495 0.7145 	16 19 23 27 29 34 40 44 50 59 68 77 92 105 122 144 164 186 219 	0.0120 0.0148 0.0203 0.0240 0.0289 0.0365 0.0481 0.0575 0.0685 0.0869 0.1104 0.1358 0.1795 0.2183 0.2831 0.3664 0.4581 0.5495 0.7145 	0.0000	0.0000	0.0000	0.0000	0.0000	0.0000	73.5498	0.382	0.754	0.775	0.873	0.893	0.895	0.831	0.468	0.541	0.859	0.741	0.784	0.703	0.563	0.440	0.372	0.376	0.437	0.416	0.623	0.665	0.647	0.727	0.672	0.760	0.761	0.635	0.592	0.719	0.592	0.677	0.487	0.613	0.592	0.783	0.677	0.698	0.994	0.719	0.741	0.529	0.508	0.550	0.571	0.507	0.718	0.948	0.769	0.769	0.889	0.974	0.830	0.852	1.169	1.089	0.963	0.796	1.106	0.707	0.665	0.870	0.950	0.928	0.988	0.997	1.043	0.815	0.733	0.649	0.774	0.754	0.754	0.609	0.630	0.651	0.672	0.654	0.591	0.549	0.674	0.695	0.549	0.443	0.464	0.632	0.527	0.676	0.740	0.634	0.547	0.612	0.506	0.485	0.528	0.402	0.402	0.465	0.477	0.538	0.465	0.360	0.487	0.487	0.698	0.449																																																																																																											
108A_ABLA		MRS_7	2015	0.000	0.0000	0	0.000		159	RINGWIDTH	1	NotAFile	7/27/2017 11:36:30	                   		4659 1086 8 Grey	Intr 0.021158 0.021141 N	EPSON EPSON Flatbed Scanner EPSON Expression 10000XL 1.8 V3.45 3.45	0.0 [0]	171.0000 168.0000 4274.0000 292.0000  1.0000	Tg A Int Y	50 %	N W Man	19 1.0000 Lin 1.00	0.0120 0.0148 0.0203 0.0240 0.0289 0.0365 0.0481 0.0575 0.0685 0.0869 0.1104 0.1358 0.1795 0.2183 0.2831 0.3664 0.4581 0.5495 0.7145 	16 19 23 27 29 34 40 44 50 59 68 77 92 105 122 144 164 186 219 	0.0120 0.0148 0.0203 0.0240 0.0289 0.0365 0.0481 0.0575 0.0685 0.0869 0.1104 0.1358 0.1795 0.2183 0.2831 0.3664 0.4581 0.5495 0.7145 	0.0000	0.0000	0.0000	0.0000	0.0000	0.0000	87.1978	0.156	0.381	0.328	0.310	0.296	0.351	0.474	0.273	0.241	0.228	0.353	0.391	0.387	0.331	0.369	0.372	0.249	0.405	0.310	0.289	0.151	0.205	0.225	0.285	0.282	0.261	0.347	0.466	0.434	0.342	0.370	0.515	0.395	0.555	0.539	0.390	0.452	0.544	0.625	0.541	0.526	0.382	0.370	0.343	0.401	0.479	0.642	0.712	0.461	0.609	0.790	0.637	0.588	0.470	0.621	0.678	0.633	0.614	0.887	0.948	0.637	0.760	0.858	0.927	0.944	0.941	1.116	0.843	1.054	0.847	0.981	0.960	0.822	0.810	0.644	0.768	0.630	0.730	0.699	0.822	0.719	0.714	0.786	0.660	0.761	0.721	0.674	0.613	0.715	0.766	0.600	0.589	0.715	0.633	0.470	0.327	0.306	0.347	0.347	0.390	0.493	0.372	0.475	0.434	0.620	0.517	0.599	0.534	0.578	0.473	0.620	0.578	0.436	0.394	0.460	0.504	0.420	0.485	0.443	0.464	0.401	0.358	0.486	0.317	0.381	0.423	0.360	0.360	0.381	0.465	0.465	0.402	0.402	0.402	0.402	0.423	0.380	0.328	0.327	0.316	0.359	0.380	0.380	0.316	0.316	0.307	0.243	0.401	0.285	0.285	0.337	0.358	0.399	0.357	0.314	0.324	0.272	0.366	0.232																																																																																																																																																																	
108B_ABLA		MRS_7	2016	0.000	0.0000	0	0.000		143	RINGWIDTH	1	NotAFile	7/27/2017 11:36:30	                   		4659 1086 8 Grey	Intr 0.021158 0.021141 N	EPSON EPSON Flatbed Scanner EPSON Expression 10000XL 1.8 V3.45 3.45	0.0 [0]	726.0000 826.0000 4230.0000 810.0000  1.0000	Tg A Int Y	50 %	N W Man	19 1.0000 Lin 1.00	0.0120 0.0148 0.0203 0.0240 0.0289 0.0365 0.0481 0.0575 0.0685 0.0869 0.1104 0.1358 0.1795 0.2183 0.2831 0.3664 0.4581 0.5495 0.7145 	16 19 23 27 29 34 40 44 50 59 68 77 92 105 122 144 164 186 219 	0.0120 0.0148 0.0203 0.0240 0.0289 0.0365 0.0481 0.0575 0.0685 0.0869 0.1104 0.1358 0.1795 0.2183 0.2831 0.3664 0.4581 0.5495 0.7145 	0.0000	0.0000	0.0000	0.0000	0.0000	0.0000	74.1373	0.388	0.117	0.200	0.178	0.190	0.157	0.095	0.220	0.158	0.190	0.231	0.293	0.210	0.189	0.189	0.230	0.250	0.356	0.398	0.335	0.314	0.398	0.419	0.356	0.376	0.353	0.342	0.353	0.270	0.395	0.417	0.511	0.462	0.564	0.787	0.686	0.549	0.571	0.645	0.834	0.850	0.831	0.837	0.822	0.621	0.632	0.725	0.693	0.924	0.862	0.859	0.852	0.948	0.830	0.828	0.722	0.813	0.717	0.675	0.748	0.631	0.538	0.736	0.685	0.664	0.872	0.831	0.611	0.714	0.619	0.659	0.683	0.893	0.843	0.683	0.712	0.731	0.796	0.525	0.336	0.242	0.368	0.422	0.402	0.515	0.472	0.444	0.528	0.550	0.529	0.571	0.529	0.582	0.477	0.592	0.634	0.486	0.476	0.645	0.571	0.550	0.613	0.571	0.612	0.559	0.527	0.475	0.465	0.560	0.540	0.455	0.423	0.571	0.518	0.550	0.423	0.402	0.380	0.401	0.506	0.420	0.397	0.438	0.397	0.522	0.470	0.462	0.389	0.378	0.315	0.315	0.442	0.295	0.295	0.399	0.379	0.482	0.525	0.441	0.378	0.336	0.358	0.285																																																																																																																																																	
97A_ABLA		MRS_7	2015	0.000	0.0000	0	0.000		156	RINGWIDTH	1	NotAFile	7/27/2017 14:36:24	                   		5031 1029 8 Grey	Intr 0.021158 0.021141 N	EPSON EPSON Flatbed Scanner EPSON Expression 10000XL 1.8 V3.45 3.45	0.0 [0]	90.0000 350.0000 4552.0000 332.0000  1.0000	Tg A Int Y	50 %	N W Man	19 1.0000 Lin 1.00	0.0120 0.0148 0.0203 0.0240 0.0289 0.0365 0.0481 0.0575 0.0685 0.0869 0.1104 0.1358 0.1795 0.2183 0.2831 0.3664 0.4581 0.5495 0.7145 	16 19 23 27 29 34 40 44 50 59 68 77 92 105 122 144 164 186 219 	0.0120 0.0148 0.0203 0.0240 0.0289 0.0365 0.0481 0.0575 0.0685 0.0869 0.1104 0.1358 0.1795 0.2183 0.2831 0.3664 0.4581 0.5495 0.7145 	0.0000	0.0000	0.0000	0.0000	0.0000	0.0000	94.4063	0.281	0.981	0.785	1.029	0.774	0.766	0.979	1.038	0.948	0.902	0.982	0.682	0.842	0.868	0.989	0.975	0.869	0.962	1.057	0.934	1.077	0.712	1.016	1.071	1.083	1.023	0.954	0.844	0.926	0.921	0.955	0.815	0.654	0.822	1.010	0.984	1.026	0.892	0.828	0.742	0.745	0.749	0.773	0.935	0.955	0.793	0.999	1.043	0.844	0.894	0.977	0.933	1.041	0.769	0.663	0.685	0.789	0.646	0.707	0.727	0.761	0.761	0.823	0.802	0.761	0.769	0.730	0.668	0.606	0.480	0.480	0.522	0.540	0.430	0.450	0.447	0.471	0.494	0.556	0.473	0.434	0.476	0.373	0.353	0.374	0.414	0.473	0.455	0.374	0.394	0.496	0.488	0.409	0.368	0.391	0.496	0.579	0.584	0.547	0.493	0.455	0.476	0.414	0.436	0.561	0.623	0.376	0.417	0.417	0.334	0.334	0.393	0.473	0.473	0.473	0.496	0.395	0.377	0.271	0.313	0.230	0.377	0.355	0.312	0.270	0.250	0.251	0.272	0.230	0.250	0.230	0.187	0.208	0.228	0.207	0.207	0.248	0.288	0.247	0.225	0.204	0.240	0.180	0.120	0.182	0.143	0.225	0.165	0.226	0.228	0.227	0.165	0.207	0.186	0.248	0.241																																																																																																																																																														
97B_ABLA		MRS_7	2015	0.000	0.0000	0	0.000		107	RINGWIDTH	1	NotAFile	7/27/2017 14:36:24	                   		5031 1029 8 Grey	Intr 0.021158 0.021141 N	EPSON EPSON Flatbed Scanner EPSON Expression 10000XL 1.8 V3.45 3.45	0.0 [0]	656.0000 779.0000 4562.0000 773.0000  1.0000	Tg A Int Y	50 %	N W Man	19 1.0000 Lin 1.00	0.0120 0.0148 0.0203 0.0240 0.0289 0.0365 0.0481 0.0575 0.0685 0.0869 0.1104 0.1358 0.1795 0.2183 0.2831 0.3664 0.4581 0.5495 0.7145 	16 19 23 27 29 34 40 44 50 59 68 77 92 105 122 144 164 186 219 	0.0120 0.0148 0.0203 0.0240 0.0289 0.0365 0.0481 0.0575 0.0685 0.0869 0.1104 0.1358 0.1795 0.2183 0.2831 0.3664 0.4581 0.5495 0.7145 	0.0000	0.0000	0.0000	0.0000	0.0000	0.0000	82.6420	0.678	1.228	1.297	1.348	1.101	0.937	0.919	1.261	1.250	1.371	1.351	1.360	1.096	1.230	1.361	1.177	1.116	1.005	0.992	0.950	0.768	0.706	0.685	0.863	0.699	0.826	0.702	0.685	0.810	0.851	0.847	0.719	0.740	0.556	0.558	0.596	0.764	0.876	0.753	0.695	0.842	0.884	0.778	0.693	0.546	0.609	0.735	0.777	0.882	0.674	0.737	0.737	0.800	0.695	0.695	0.802	0.823	0.634	0.718	0.718	0.528	0.571	0.718	0.761	0.866	0.845	0.740	0.824	0.697	0.549	0.528	0.444	0.547	0.693	0.695	0.735	0.777	0.947	0.967	0.882	0.834	0.719	0.699	0.792	0.731	0.721	0.760	0.630	0.620	0.516	0.475	0.370	0.429	0.325	0.293	0.350	0.300	0.360	0.383	0.363	0.403	0.420	0.276	0.310	0.344	0.414	0.292																																																																																																													
1162A_ABLA		MRS_7	2015	0.000	0.0000	0	0.000		78	RINGWIDTH	1	NotAFile	7/27/2017 14:14:49	                   		5345 943 8 Grey	Intr 0.021158 0.021141 N	EPSON EPSON Flatbed Scanner EPSON Expression 10000XL 1.8 V3.45 3.45	0.0 [0]	268.0000 234.0000 4834.0000 246.0000  1.0000	Tg A Int Y	50 %	N W Man	19 1.0000 Lin 1.00	0.0120 0.0148 0.0203 0.0240 0.0289 0.0365 0.0481 0.0575 0.0685 0.0869 0.1104 0.1358 0.1795 0.2183 0.2831 0.3664 0.4581 0.5495 0.7145 	16 19 23 27 29 34 40 44 50 59 68 77 92 105 122 144 164 186 219 	0.0120 0.0148 0.0203 0.0240 0.0289 0.0365 0.0481 0.0575 0.0685 0.0869 0.1104 0.1358 0.1795 0.2183 0.2831 0.3664 0.4581 0.5495 0.7145 	0.0000	0.0000	0.0000	0.0000	0.0000	0.0000	96.6080	0.591	1.799	1.530	1.534	0.997	1.371	1.106	1.445	1.256	1.161	1.395	1.247	0.993	1.014	1.266	1.026	1.294	1.131	1.194	1.393	1.120	1.291	1.291	1.269	1.311	1.158	1.386	1.167	1.191	1.214	1.350	1.120	1.226	1.143	1.227	1.164	1.227	0.949	1.014	1.204	1.076	0.842	0.966	1.034	1.321	1.192	1.416	1.479	1.542	1.435	1.352	1.287	1.163	1.354	1.417	1.375	1.183	1.203	1.221	1.663	1.495	1.332	0.909	0.888	0.952	0.909	1.099	0.951	1.162	1.227	1.481	1.142	1.333	1.185	1.100	1.161	1.475	1.132																																																																																
1162B_ABLA		MRS_7	2015	0.000	0.0000	0	0.000		87	RINGWIDTH	1	NotAFile	7/27/2017 14:14:49	                   		5345 943 8 Grey	Intr 0.021158 0.021141 N	EPSON EPSON Flatbed Scanner EPSON Expression 10000XL 1.8 V3.45 3.45	0.0 [0]	100.0000 606.0000 4834.0000 732.0000  1.0000	Tg A Int Y	50 %	N W Man	19 1.0000 Lin 1.00	0.0120 0.0148 0.0203 0.0240 0.0289 0.0365 0.0481 0.0575 0.0685 0.0869 0.1104 0.1358 0.1795 0.2183 0.2831 0.3664 0.4581 0.5495 0.7145 	16 19 23 27 29 34 40 44 50 59 68 77 92 105 122 144 164 186 219 	0.0120 0.0148 0.0203 0.0240 0.0289 0.0365 0.0481 0.0575 0.0685 0.0869 0.1104 0.1358 0.1795 0.2183 0.2831 0.3664 0.4581 0.5495 0.7145 	0.0000	0.0000	0.0000	0.0000	0.0000	0.0000	100.4990	0.236	1.011	1.176	1.130	0.851	1.233	1.452	1.835	1.678	1.421	1.733	1.471	1.406	1.083	1.344	1.110	1.518	1.159	1.165	1.374	1.245	1.008	1.027	1.035	1.030	1.098	0.997	0.895	1.220	0.967	1.034	0.998	1.131	0.985	0.946	1.031	1.032	1.011	0.951	1.119	0.781	0.908	1.013	0.971	0.971	0.931	0.867	0.931	0.825	0.719	0.741	0.635	0.783	0.889	0.804	0.889	0.931	0.973	0.973	0.867	0.952	0.867	0.910	0.952	0.888	0.825	0.825	0.867	0.973	0.931	0.846	0.571	0.592	0.530	0.570	0.688	0.497	0.645	0.338	0.675	0.655	0.624	0.674	0.612	0.548	0.815	0.655																																																																																									
143A_ABLA		MRS7	2015	0.000	0.0000	0	0.000		123	RINGWIDTH	1	NotAFile	7/21/2017 11:03:01	                   		5202 1200 8 Grey	Intr 0.021158 0.021141 N	EPSON EPSON Flatbed Scanner EPSON Expression 10000XL 1.8 V3.45 3.45	0.0 [0]	1101.0000 291.0000 4743.0000 309.0000  1.0000	Tg A Int Y	50 %	N W Man	19 1.0000 Lin 1.00	0.0120 0.0148 0.0203 0.0240 0.0289 0.0365 0.0481 0.0575 0.0685 0.0869 0.1104 0.1358 0.1795 0.2183 0.2831 0.3664 0.4581 0.5495 0.7145 	16 19 23 27 29 34 40 44 50 59 68 77 92 105 122 144 164 186 219 	0.0120 0.0148 0.0203 0.0240 0.0289 0.0365 0.0481 0.0575 0.0685 0.0869 0.1104 0.1358 0.1795 0.2183 0.2831 0.3664 0.4581 0.5495 0.7145 	0.0000	0.0000	0.0000	0.0000	0.0000	0.0000	77.0572	0.516	0.286	0.514	0.825	0.705	0.364	0.780	0.740	0.905	0.588	0.624	0.605	0.413	0.375	0.570	0.337	0.483	0.514	0.606	0.560	0.436	0.540	0.477	0.578	0.619	0.578	0.413	0.390	0.328	0.434	0.331	0.291	0.417	0.335	0.420	0.779	1.034	0.928	0.697	0.612	0.675	0.538	0.603	0.592	0.656	0.572	0.634	0.486	0.549	0.243	0.370	0.423	0.498	0.729	0.698	0.825	0.804	0.614	0.592	0.656	0.614	0.635	0.698	0.592	0.614	0.571	0.571	0.635	0.571	0.614	0.741	0.698	0.508	0.635	0.677	0.867	0.613	0.656	0.677	0.719	0.677	0.741	0.677	0.719	0.783	0.740	0.613	0.634	0.740	0.677	0.698	0.762	0.804	0.782	0.591	0.761	0.719	0.676	0.528	0.570	0.549	0.676	0.676	0.719	0.909	0.803	0.761	0.719	0.740	0.592	0.634	0.635	0.423	0.571	0.762	0.719	0.657	0.782	0.719	0.698	0.708	0.644	0.413																																																																																																																													
143B_ABLA		MRS7	2015	0.000	0.0000	0	0.000		106	RINGWIDTH	1	NotAFile	7/21/2017 11:03:01	                   		5202 1200 8 Grey	Intr 0.021158 0.021141 N	EPSON EPSON Flatbed Scanner EPSON Expression 10000XL 1.8 V3.45 3.45	0.0 [0]	1208.0000 741.0000 4908.0000 935.0000  1.0000	Tg A Int Y	50 %	N W Man	19 1.0000 Lin 1.00	0.0120 0.0148 0.0203 0.0240 0.0289 0.0365 0.0481 0.0575 0.0685 0.0869 0.1104 0.1358 0.1795 0.2183 0.2831 0.3664 0.4581 0.5495 0.7145 	16 19 23 27 29 34 40 44 50 59 68 77 92 105 122 144 164 186 219 	0.0120 0.0148 0.0203 0.0240 0.0289 0.0365 0.0481 0.0575 0.0685 0.0869 0.1104 0.1358 0.1795 0.2183 0.2831 0.3664 0.4581 0.5495 0.7145 	0.0000	0.0000	0.0000	0.0000	0.0000	0.0000	78.3908	1.205	1.110	1.086	0.561	0.679	0.596	0.785	0.957	0.919	0.760	0.719	0.573	0.562	0.421	0.395	0.533	0.461	0.501	0.550	0.635	0.539	0.508	0.655	0.530	0.507	0.716	0.801	0.780	0.823	0.633	0.590	0.611	0.420	0.398	0.416	0.624	0.725	0.634	0.860	0.858	0.753	0.715	0.860	0.977	0.950	1.072	0.971	0.961	0.675	0.534	0.391	0.395	0.566	0.775	0.710	0.543	0.564	0.706	0.973	0.707	0.807	0.985	0.924	0.781	0.904	0.909	0.931	0.825	0.804	0.656	0.804	0.889	0.846	0.544	0.667	0.897	0.900	0.861	0.904	0.954	0.834	0.694	0.779	0.674	0.781	0.762	0.804	1.079	0.931	0.931	0.740	0.740	0.677	0.465	0.656	0.444	0.571	0.635	0.645	0.644	0.866	0.782	0.705	0.754	0.782	0.394																																																																																																												
378A_ABLA		MRS7	2016	0.000	0.0000	0	0.000		107	RINGWIDTH	1	NotAFile	7/14/2017 14:19:22	                   		5974 1000 8 Grey	Intr 0.021158 0.021141 N	EPSON EPSON Flatbed Scanner EPSON Expression 10000XL 1.8 V3.45 3.45	0.0 [0]	2598.0000 177.0000 5588.0000 264.0000  1.0000	Tg A Int Y	50 %	N W Man	19 1.0000 Lin 1.00	0.0120 0.0148 0.0203 0.0240 0.0289 0.0365 0.0481 0.0575 0.0685 0.0869 0.1104 0.1358 0.1795 0.2183 0.2831 0.3664 0.4581 0.5495 0.7145 	16 19 23 27 29 34 40 44 50 59 68 77 92 105 122 144 164 186 219 	0.0120 0.0148 0.0203 0.0240 0.0289 0.0365 0.0481 0.0575 0.0685 0.0869 0.1104 0.1358 0.1795 0.2183 0.2831 0.3664 0.4581 0.5495 0.7145 	0.0000	0.0000	0.0000	0.0000	0.0000	0.0000	63.7066	0.197	0.921	1.010	1.023	1.094	0.979	0.331	1.039	1.120	1.166	0.935	0.906	0.843	0.773	0.853	0.857	0.807	0.942	0.786	0.822	0.558	0.593	0.550	0.535	0.629	0.688	0.783	0.903	0.845	0.770	0.713	0.659	0.563	0.608	0.506	0.489	0.383	0.661	0.644	0.506	0.668	0.689	0.689	0.567	0.517	0.495	0.576	0.498	0.518	0.646	0.524	0.500	0.460	0.629	0.505	0.485	0.465	0.546	0.401	0.464	0.486	0.359	0.296	0.423	0.422	0.379	0.442	0.379	0.399	0.335	0.292	0.251	0.298	0.398	0.318	0.378	0.422	0.382	0.546	0.421	0.442	0.400	0.377	0.357	0.482	0.422	0.355	0.420	0.421	0.477	0.463	0.498	0.312	0.285	0.209	0.229	0.267	0.249	0.280	0.223	0.230	0.258	0.278	0.238	0.218	0.229	0.285																																																																																																													
378B_ABLA		MRS7	2016	0.000	0.0000	0	0.000		84	RINGWIDTH	1	NotAFile	7/14/2017 14:19:22	                   		5974 1000 8 Grey	Intr 0.021158 0.021141 N	EPSON EPSON Flatbed Scanner EPSON Expression 10000XL 1.8 V3.45 3.45	0.0 [0]	2003.0000 658.0000 5499.0000 739.0000  1.0000	Tg A Int Y	50 %	N W Man	19 1.0000 Lin 1.00	0.0120 0.0148 0.0203 0.0240 0.0289 0.0365 0.0481 0.0575 0.0685 0.0869 0.1104 0.1358 0.1795 0.2183 0.2831 0.3664 0.4581 0.5495 0.7145 	16 19 23 27 29 34 40 44 50 59 68 77 92 105 122 144 164 186 219 	0.0120 0.0148 0.0203 0.0240 0.0289 0.0365 0.0481 0.0575 0.0685 0.0869 0.1104 0.1358 0.1795 0.2183 0.2831 0.3664 0.4581 0.5495 0.7145 	0.0000	0.0000	0.0000	0.0000	0.0000	0.0000	74.3590	0.305	1.174	1.353	1.073	1.054	1.033	1.567	1.101	1.480	1.233	1.513	0.958	0.984	1.053	1.293	1.203	0.956	1.159	1.029	0.940	0.961	0.882	0.919	0.952	0.929	0.821	0.980	0.760	0.799	0.714	0.809	0.629	0.668	0.786	0.799	0.539	0.588	0.829	0.605	0.563	0.563	0.543	0.503	0.523	0.504	0.486	0.408	0.426	0.303	0.322	0.382	0.402	0.465	0.588	0.734	0.722	0.557	0.433	0.433	0.375	0.481	0.586	0.505	0.400	0.420	0.378	0.567	0.504	0.589	0.400	0.337	0.254	0.211	0.317	0.254	0.275	0.317	0.421	0.485	0.483	0.462	0.441	0.441	0.504																																																																																						
1265A_ABLA		MRS7	2015	0.000	0.0000	0	0.000		125	RINGWIDTH	1	NotAFile	8/5/2017 09:17:44	                   		5746 2087 8 Grey	Intr 0.021158 0.021141 N	EPSON EPSON Flatbed Scanner EPSON Expression 10000XL 1.8 V3.45 3.45	0.0 [0]	4840.0000 904.0000 1186.0000 722.0000  1.0000	Tg A Int Y	50 %	N W Man	19 1.0000 Lin 1.00	0.0120 0.0148 0.0203 0.0240 0.0289 0.0365 0.0481 0.0575 0.0685 0.0869 0.1104 0.1358 0.1795 0.2183 0.2831 0.3664 0.4581 0.5495 0.7145 	16 19 23 27 29 34 40 44 50 59 68 77 92 105 122 144 164 186 219 	0.0120 0.0148 0.0203 0.0240 0.0289 0.0365 0.0481 0.0575 0.0685 0.0869 0.1104 0.1358 0.1795 0.2183 0.2831 0.3664 0.4581 0.5495 0.7145 	0.0000	0.0000	0.0000	0.0000	0.0000	0.0000	77.4059	0.612	0.802	0.652	0.861	0.556	0.473	0.695	0.700	0.614	0.674	0.832	0.671	0.712	0.793	0.844	0.905	0.909	0.663	0.643	0.858	1.235	0.837	0.918	0.855	0.666	0.644	0.579	0.683	0.802	0.723	0.702	0.909	0.872	0.851	1.081	1.152	1.127	1.143	1.205	1.060	0.914	0.791	0.876	0.831	0.684	0.764	0.744	0.897	0.772	0.976	0.890	0.785	0.907	0.864	0.910	0.730	0.712	0.519	0.809	0.810	0.684	0.585	0.861	0.588	0.653	0.633	0.549	0.549	0.549	0.549	0.697	0.486	0.528	0.613	0.761	0.529	0.588	0.630	0.695	0.485	0.506	0.570	0.528	0.380	0.613	0.571	0.592	0.635	0.465	0.381	0.360	0.316	0.441	0.378	0.421	0.400	0.561	0.407	0.463	0.484	0.487	0.339	0.359	0.359	0.253	0.401	0.358	0.316	0.211	0.316	0.294	0.294	0.168	0.206	0.133	0.084	0.060	0.135	0.103	0.208	0.126	0.096	0.114	0.082	0.146																																																																																																																															
1265B_ABLA		MRS7	2015	0.000	0.0000	0	0.000		96	RINGWIDTH	1	NotAFile	8/5/2017 09:17:44	                   		5746 2087 8 Grey	Intr 0.021158 0.021141 N	EPSON EPSON Flatbed Scanner EPSON Expression 10000XL 1.8 V3.45 3.45	0.0 [0]	4067.5000 1480.0000 1308.5000 1280.0000  1.0000	Tg A Int Y	50 %	N W Man	19 1.0000 Lin 1.00	0.0120 0.0148 0.0203 0.0240 0.0289 0.0365 0.0481 0.0575 0.0685 0.0869 0.1104 0.1358 0.1795 0.2183 0.2831 0.3664 0.4581 0.5495 0.7145 	16 19 23 27 29 34 40 44 50 59 68 77 92 105 122 144 164 186 219 	0.0120 0.0148 0.0203 0.0240 0.0289 0.0365 0.0481 0.0575 0.0685 0.0869 0.1104 0.1358 0.1795 0.2183 0.2831 0.3664 0.4581 0.5495 0.7145 	0.0000	0.0000	0.0000	0.0000	0.0000	0.0000	58.5270	0.959	0.878	1.005	0.959	1.268	1.405	1.364	1.282	1.184	1.029	0.968	0.884	0.846	0.888	0.973	0.825	0.571	0.861	0.884	1.094	0.924	0.963	1.001	0.858	0.798	0.505	0.778	0.696	0.465	0.549	0.592	0.804	0.867	0.825	0.592	0.550	0.613	0.550	0.741	0.548	0.758	0.589	0.523	0.629	0.882	0.664	0.744	0.788	0.893	0.665	0.691	0.712	0.670	0.610	0.126	0.590	0.737	0.775	0.529	0.529	0.550	0.317	0.507	0.465	0.486	0.613	0.402	0.380	0.486	0.508	0.549	0.381	0.444	0.360	0.275	0.360	0.317	0.296	0.232	0.295	0.253	0.190	0.190	0.173	0.070	0.093	0.086	0.140	0.094	0.146	0.137	0.129	0.117	0.084	0.117	0.134																																																																																																		
1189A_ABLA		MRS7	2016	0.000	0.0000	0	0.000		99	RINGWIDTH	1	NotAFile	8/5/2017 10:07:42	                   		5231 1915 8 Grey	Intr 0.021158 0.021141 N	EPSON EPSON Flatbed Scanner EPSON Expression 10000XL 1.8 V3.45 3.45	0.0 [0]	4110.0000 667.0000 1204.0000 766.0000  1.0000	Tg A Int Y	50 %	N W Man	19 1.0000 Lin 1.00	0.0120 0.0148 0.0203 0.0240 0.0289 0.0365 0.0481 0.0575 0.0685 0.0869 0.1104 0.1358 0.1795 0.2183 0.2831 0.3664 0.4581 0.5495 0.7145 	16 19 23 27 29 34 40 44 50 59 68 77 92 105 122 144 164 186 219 	0.0120 0.0148 0.0203 0.0240 0.0289 0.0365 0.0481 0.0575 0.0685 0.0869 0.1104 0.1358 0.1795 0.2183 0.2831 0.3664 0.4581 0.5495 0.7145 	0.0000	0.0000	0.0000	0.0000	0.0000	0.0000	61.5198	1.129	1.053	1.181	1.155	1.224	1.588	1.589	1.405	1.228	1.218	1.051	1.087	0.896	0.884	0.972	0.845	0.635	0.677	0.908	0.803	0.698	1.031	0.987	1.150	0.970	0.881	0.837	0.694	0.612	0.917	0.800	0.640	0.515	0.916	0.807	0.717	0.489	0.533	0.591	0.512	0.583	0.663	0.542	0.543	0.585	0.776	0.606	0.601	0.623	0.664	0.497	0.541	0.625	0.562	0.477	0.580	0.541	0.560	0.500	0.312	0.518	0.430	0.389	0.348	0.329	0.268	0.416	0.314	0.423	0.517	0.440	0.420	0.400	0.420	0.357	0.336	0.378	0.357	0.252	0.315	0.294	0.336	0.294	0.273	0.252	0.231	0.168	0.126	0.231	0.172	0.226	0.272	0.251	0.252	0.231	0.229	0.230	0.209	0.252																																																																																																					
1189B_ABLA		MRS7	2016	0.000	0.0000	0	0.000		107	RINGWIDTH	1	NotAFile	8/5/2017 10:07:42	                   		5231 1915 8 Grey	Intr 0.021158 0.021141 N	EPSON EPSON Flatbed Scanner EPSON Expression 10000XL 1.8 V3.45 3.45	0.0 [0]	4263.5000 1151.5000 725.5000 1294.0000  1.0000	Tg A Int Y	50 %	N W Man	19 1.0000 Lin 1.00	0.0120 0.0148 0.0203 0.0240 0.0289 0.0365 0.0481 0.0575 0.0685 0.0869 0.1104 0.1358 0.1795 0.2183 0.2831 0.3664 0.4581 0.5495 0.7145 	16 19 23 27 29 34 40 44 50 59 68 77 92 105 122 144 164 186 219 	0.0120 0.0148 0.0203 0.0240 0.0289 0.0365 0.0481 0.0575 0.0685 0.0869 0.1104 0.1358 0.1795 0.2183 0.2831 0.3664 0.4581 0.5495 0.7145 	0.0000	0.0000	0.0000	0.0000	0.0000	0.0000	74.9165	0.824	0.994	1.036	1.035	1.175	1.003	1.099	1.047	1.090	0.907	1.075	1.052	1.000	1.223	1.140	1.257	1.445	1.178	1.049	1.115	0.960	0.923	0.864	0.833	0.820	0.859	1.017	0.840	0.878	0.933	1.083	1.133	1.007	0.875	0.873	0.747	0.763	0.885	1.006	0.821	0.555	0.927	0.907	0.724	0.726	0.770	0.869	0.772	0.839	0.842	0.697	0.676	0.740	0.783	0.719	0.719	0.635	0.719	0.635	0.635	0.739	0.612	0.486	0.652	0.589	0.441	0.484	0.357	0.526	0.505	0.400	0.421	0.379	0.358	0.400	0.359	0.549	0.571	0.571	0.529	0.444	0.446	0.442	0.402	0.402	0.381	0.296	0.381	0.381	0.464	0.422	0.359	0.296	0.253	0.169	0.190	0.190	0.233	0.233	0.275	0.275	0.212	0.254	0.254	0.254	0.254	0.221																																																																																																													
1238A_ABLA		MRS7	2016	0.000	0.0000	0	0.000		100	RINGWIDTH	1	NotAFile	8/5/2017 11:46:31	                   		5403 1343 8 Grey	Intr 0.021158 0.021141 N	EPSON EPSON Flatbed Scanner EPSON Expression 10000XL 1.8 V3.45 3.45	0.0 [0]	3641.5000 414.5000 697.5000 499.0000  1.0000	Tg A Int Y	50 %	N W Man	19 1.0000 Lin 1.00	0.0120 0.0148 0.0203 0.0240 0.0289 0.0365 0.0481 0.0575 0.0685 0.0869 0.1104 0.1358 0.1795 0.2183 0.2831 0.3664 0.4581 0.5495 0.7145 	16 19 23 27 29 34 40 44 50 59 68 77 92 105 122 144 164 186 219 	0.0120 0.0148 0.0203 0.0240 0.0289 0.0365 0.0481 0.0575 0.0685 0.0869 0.1104 0.1358 0.1795 0.2183 0.2831 0.3664 0.4581 0.5495 0.7145 	0.0000	0.0000	0.0000	0.0000	0.0000	0.0000	62.3138	1.387	1.094	1.095	1.055	1.015	0.783	1.227	1.227	1.433	1.314	1.161	1.014	0.952	0.783	0.846	0.762	0.762	0.656	0.697	0.864	0.884	0.862	0.927	0.887	0.866	0.825	0.973	0.698	0.698	0.529	0.762	0.888	0.719	0.867	0.910	0.973	0.762	0.550	0.550	0.592	0.698	0.762	0.762	0.613	0.571	0.656	0.783	0.550	0.571	0.592	0.529	0.423	0.465	0.444	0.402	0.402	0.444	0.528	0.485	0.507	0.422	0.464	0.570	0.444	0.444	0.359	0.401	0.465	0.507	0.507	0.528	0.528	0.486	0.465	0.487	0.424	0.360	0.443	0.405	0.314	0.402	0.393	0.453	0.383	0.475	0.348	0.394	0.266	0.274	0.361	0.244	0.222	0.275	0.222	0.222	0.200	0.190	0.201	0.232	0.242																																																																																																						
1238B_ABLA		MRS7	2016	0.000	0.0000	0	0.000		100	RINGWIDTH	1	NotAFile	8/5/2017 11:46:31	                   		5403 1343 8 Grey	Intr 0.021158 0.021141 N	EPSON EPSON Flatbed Scanner EPSON Expression 10000XL 1.8 V3.45 3.45	0.0 [0]	3677.5000 872.0000 895.0000 939.5000  1.0000	Tg A Int Y	50 %	N W Man	19 1.0000 Lin 1.00	0.0120 0.0148 0.0203 0.0240 0.0289 0.0365 0.0481 0.0575 0.0685 0.0869 0.1104 0.1358 0.1795 0.2183 0.2831 0.3664 0.4581 0.5495 0.7145 	16 19 23 27 29 34 40 44 50 59 68 77 92 105 122 144 164 186 219 	0.0120 0.0148 0.0203 0.0240 0.0289 0.0365 0.0481 0.0575 0.0685 0.0869 0.1104 0.1358 0.1795 0.2183 0.2831 0.3664 0.4581 0.5495 0.7145 	0.0000	0.0000	0.0000	0.0000	0.0000	0.0000	58.8885	0.925	0.838	0.759	0.993	0.896	0.951	1.284	1.296	1.396	1.495	1.221	0.984	1.029	0.936	0.881	0.813	0.773	0.637	0.675	0.674	0.695	0.832	0.736	0.777	0.691	0.636	0.574	0.452	0.451	0.431	0.637	0.623	0.584	0.525	0.481	0.619	0.413	0.331	0.373	0.395	0.414	0.475	0.558	0.393	0.461	0.398	0.672	0.357	0.420	0.377	0.482	0.272	0.335	0.440	0.313	0.334	0.538	0.580	0.498	0.561	0.498	0.457	0.395	0.353	0.332	0.291	0.272	0.435	0.460	0.523	0.438	0.670	0.527	0.460	0.329	0.447	0.441	0.420	0.400	0.379	0.463	0.505	0.652	0.588	0.566	0.362	0.395	0.289	0.314	0.482	0.336	0.374	0.445	0.357	0.399	0.342	0.395	0.273	0.209	0.395																																																																																																						
180A_ABLA		MRS7	2016	0.000	0.0000	0	0.000		121	RINGWIDTH	1	NotAFile	8/5/2017 12:01:57	                   		4230 1629 8 Grey	Intr 0.021158 0.021141 N	EPSON EPSON Flatbed Scanner EPSON Expression 10000XL 1.8 V3.45 3.45	0.0 [0]	2754.0000 533.0000 762.0000 562.0000  1.0000	Tg A Int Y	50 %	N W Man	19 1.0000 Lin 1.00	0.0120 0.0148 0.0203 0.0240 0.0289 0.0365 0.0481 0.0575 0.0685 0.0869 0.1104 0.1358 0.1795 0.2183 0.2831 0.3664 0.4581 0.5495 0.7145 	16 19 23 27 29 34 40 44 50 59 68 77 92 105 122 144 164 186 219 	0.0120 0.0148 0.0203 0.0240 0.0289 0.0365 0.0481 0.0575 0.0685 0.0869 0.1104 0.1358 0.1795 0.2183 0.2831 0.3664 0.4581 0.5495 0.7145 	0.0000	0.0000	0.0000	0.0000	0.0000	0.0000	42.3291	0.014	0.774	0.524	0.579	0.364	0.134	0.193	0.549	0.499	0.254	0.346	0.449	0.652	0.456	0.559	0.316	0.512	0.402	0.148	0.419	0.334	0.388	0.198	0.185	0.124	0.288	0.206	0.213	0.242	0.287	0.229	0.377	0.184	0.194	0.181	0.265	0.212	0.226	0.221	0.101	0.101	0.129	0.172	0.168	0.190	0.218	0.161	0.113	0.082	0.081	0.154	0.234	0.162	0.152	0.183	0.234	0.080	0.125	0.129	0.240	0.230	0.179	0.249	0.329	0.222	0.273	0.162	0.263	0.204	0.172	0.280	0.298	0.242	0.216	0.328	0.192	0.225	0.259	0.276	0.254	0.338	0.199	0.476	0.417	0.377	0.225	0.279	0.380	0.402	0.380	0.507	0.571	0.740	0.592	0.491	0.543	0.550	0.528	0.528	0.380	0.486	0.380	0.423	0.613	0.550	0.550	0.317	0.635	0.550	0.473	0.465	0.353	0.381	0.444	0.486	0.440	0.360	0.425	0.303	0.372	0.452																																																																																																																											
180B_ABLA		MRS7	2016	0.000	0.0000	0	0.000		106	RINGWIDTH	1	NotAFile	8/5/2017 12:01:57	                   		4230 1629 8 Grey	Intr 0.021158 0.021141 N	EPSON EPSON Flatbed Scanner EPSON Expression 10000XL 1.8 V3.45 3.45	0.0 [0]	2971.5000 1039.5000 648.0000 1076.0000  1.0000	Tg A Int Y	50 %	N W Man	19 1.0000 Lin 1.00	0.0120 0.0148 0.0203 0.0240 0.0289 0.0365 0.0481 0.0575 0.0685 0.0869 0.1104 0.1358 0.1795 0.2183 0.2831 0.3664 0.4581 0.5495 0.7145 	16 19 23 27 29 34 40 44 50 59 68 77 92 105 122 144 164 186 219 	0.0120 0.0148 0.0203 0.0240 0.0289 0.0365 0.0481 0.0575 0.0685 0.0869 0.1104 0.1358 0.1795 0.2183 0.2831 0.3664 0.4581 0.5495 0.7145 	0.0000	0.0000	0.0000	0.0000	0.0000	0.0000	49.3940	0.017	0.460	0.180	0.306	0.554	0.263	0.463	0.148	0.307	0.135	0.243	0.263	0.269	0.295	0.308	0.382	0.381	0.321	0.489	0.363	0.176	0.176	0.207	0.243	0.231	0.263	0.118	0.164	0.104	0.083	0.206	0.110	0.133	0.119	0.221	0.170	0.061	0.132	0.165	0.185	0.207	0.185	0.213	0.230	0.096	0.125	0.214	0.278	0.296	0.279	0.218	0.453	0.377	0.458	0.523	0.539	0.522	0.546	0.490	0.334	0.492	0.461	0.600	0.311	0.413	0.477	0.478	0.498	0.724	0.391	0.839	0.739	0.679	0.499	0.414	0.621	0.724	0.668	0.689	0.878	0.833	0.666	0.582	0.623	0.644	0.707	0.690	0.608	0.756	0.562	0.573	0.803	0.825	0.867	0.508	0.867	0.762	0.973	0.719	0.444	0.592	0.655	0.613	0.698	0.824	0.528																																																																																																												
341A_ABLA		MRS7	2016	0.000	0.0000	0	0.000		116	RINGWIDTH	1	NotAFile	8/5/2017 12:09:43	                   		5888 1401 8 Grey	Intr 0.021158 0.021141 N	EPSON EPSON Flatbed Scanner EPSON Expression 10000XL 1.8 V3.45 3.45	0.0 [0]	4893.5000 352.0000 1207.5000 429.0000  1.0000	Tg A Int Y	50 %	N W Man	19 1.0000 Lin 1.00	0.0120 0.0148 0.0203 0.0240 0.0289 0.0365 0.0481 0.0575 0.0685 0.0869 0.1104 0.1358 0.1795 0.2183 0.2831 0.3664 0.4581 0.5495 0.7145 	16 19 23 27 29 34 40 44 50 59 68 77 92 105 122 144 164 186 219 	0.0120 0.0148 0.0203 0.0240 0.0289 0.0365 0.0481 0.0575 0.0685 0.0869 0.1104 0.1358 0.1795 0.2183 0.2831 0.3664 0.4581 0.5495 0.7145 	0.0000	0.0000	0.0000	0.0000	0.0000	0.0000	78.0042	0.825	0.824	0.802	0.992	1.055	1.072	0.987	1.198	1.178	1.032	1.026	1.090	1.109	1.252	1.043	1.066	1.026	0.990	0.819	1.064	0.817	0.963	0.885	0.969	1.077	0.972	1.078	1.076	1.074	0.951	0.930	0.888	0.825	0.698	0.592	0.697	0.697	0.803	0.782	0.803	0.676	0.697	0.782	0.651	0.596	0.614	0.635	0.698	0.656	0.507	0.549	0.633	0.463	0.484	0.506	0.484	0.569	0.612	0.654	0.569	0.611	0.590	0.865	0.761	0.738	0.717	0.684	0.516	0.528	0.698	0.526	0.507	0.571	0.635	0.592	0.635	0.528	0.463	0.462	0.399	0.357	0.315	0.315	0.316	0.358	0.400	0.463	0.504	0.464	0.444	0.445	0.400	0.443	0.444	0.359	0.359	0.444	0.422	0.486	0.401	0.423	0.402	0.464	0.375	0.356	0.388	0.380	0.402	0.423	0.487	0.419	0.827	0.422	0.443	0.464	0.506																																																																																																																						
341B_ABLA		MRS7	2016	0.000	0.0000	0	0.000		137	RINGWIDTH	1	NotAFile	8/5/2017 12:09:43	                   		5888 1401 8 Grey	Intr 0.021158 0.021141 N	EPSON EPSON Flatbed Scanner EPSON Expression 10000XL 1.8 V3.45 3.45	0.0 [0]	4940.0000 831.5000 1349.5000 914.0000  1.0000	Tg A Int Y	50 %	N W Man	19 1.0000 Lin 1.00	0.0120 0.0148 0.0203 0.0240 0.0289 0.0365 0.0481 0.0575 0.0685 0.0869 0.1104 0.1358 0.1795 0.2183 0.2831 0.3664 0.4581 0.5495 0.7145 	16 19 23 27 29 34 40 44 50 59 68 77 92 105 122 144 164 186 219 	0.0120 0.0148 0.0203 0.0240 0.0289 0.0365 0.0481 0.0575 0.0685 0.0869 0.1104 0.1358 0.1795 0.2183 0.2831 0.3664 0.4581 0.5495 0.7145 	0.0000	0.0000	0.0000	0.0000	0.0000	0.0000	75.9867	0.376	0.292	0.437	0.343	0.425	0.436	0.478	0.436	0.304	0.448	0.538	0.520	0.626	0.544	0.432	0.594	0.628	0.563	0.647	0.691	0.650	0.483	0.546	0.483	0.653	0.820	0.209	0.632	0.821	0.885	0.760	0.740	0.719	0.655	0.719	0.571	0.612	0.609	0.693	0.649	0.796	0.672	0.777	0.800	0.863	0.844	0.761	0.886	0.782	0.866	0.739	0.696	0.739	0.675	0.655	0.549	0.571	0.655	0.697	0.782	0.698	0.656	0.656	0.783	0.677	0.635	0.571	0.740	0.740	0.718	0.677	0.783	0.846	0.761	0.635	0.676	0.549	0.676	0.803	0.719	0.614	0.568	0.549	0.654	0.529	0.465	0.529	0.613	0.487	0.465	0.465	0.423	0.402	0.486	0.528	0.508	0.507	0.444	0.401	0.379	0.361	0.352	0.294	0.378	0.419	0.411	0.423	0.433	0.409	0.432	0.393	0.394	0.394	0.395	0.356	0.356	0.292	0.357	0.336	0.400	0.375	0.339	0.375	0.337	0.318	0.375	0.338	0.362	0.349	0.313	0.376	0.377	0.376	0.314	0.356	0.415	0.460																																																																																																																																											
98A_ABLA		MRS7	2016	0.000	0.0000	0	0.000		76	RINGWIDTH	1	NotAFile	8/5/2017 13:02:44	                   		4774 1486 8 Grey	Intr 0.021158 0.021141 N	EPSON EPSON Flatbed Scanner EPSON Expression 10000XL 1.8 V3.45 3.45	0.0 [0]	2385.5000 339.0000 659.5000 476.0000  1.0000	Tg A Int Y	50 %	N W Man	19 1.0000 Lin 1.00	0.0120 0.0148 0.0203 0.0240 0.0289 0.0365 0.0481 0.0575 0.0685 0.0869 0.1104 0.1358 0.1795 0.2183 0.2831 0.3664 0.4581 0.5495 0.7145 	16 19 23 27 29 34 40 44 50 59 68 77 92 105 122 144 164 186 219 	0.0120 0.0148 0.0203 0.0240 0.0289 0.0365 0.0481 0.0575 0.0685 0.0869 0.1104 0.1358 0.1795 0.2183 0.2831 0.3664 0.4581 0.5495 0.7145 	0.0000	0.0000	0.0000	0.0000	0.0000	0.0000	36.9494	0.012	0.478	0.516	0.462	0.411	0.272	0.340	0.441	0.404	0.442	0.604	0.587	0.665	0.634	0.668	0.713	0.640	0.566	0.712	0.573	0.680	0.624	0.721	0.618	0.628	0.759	0.577	0.500	0.458	0.583	0.481	0.544	0.585	0.670	0.692	0.797	0.503	0.648	0.503	0.545	0.524	0.379	0.422	0.421	0.359	0.486	0.591	0.718	0.528	0.485	0.442	0.294	0.293	0.355	0.335	0.293	0.313	0.335	0.335	0.293	0.315	0.231	0.253	0.190	0.211	0.275	0.296	0.317	0.295	0.317	0.275	0.192	0.167	0.169	0.190	0.212																																																																														
98B_ABLA		MRS7	2016	0.000	0.0000	0	0.000		80	RINGWIDTH	1	NotAFile	8/5/2017 13:02:44	                   		4774 1486 8 Grey	Intr 0.021158 0.021141 N	EPSON EPSON Flatbed Scanner EPSON Expression 10000XL 1.8 V3.45 3.45	0.0 [0]	2883.0000 828.5000 649.5000 987.0000  1.0000	Tg A Int Y	50 %	N W Man	19 1.0000 Lin 1.00	0.0120 0.0148 0.0203 0.0240 0.0289 0.0365 0.0481 0.0575 0.0685 0.0869 0.1104 0.1358 0.1795 0.2183 0.2831 0.3664 0.4581 0.5495 0.7145 	16 19 23 27 29 34 40 44 50 59 68 77 92 105 122 144 164 186 219 	0.0120 0.0148 0.0203 0.0240 0.0289 0.0365 0.0481 0.0575 0.0685 0.0869 0.1104 0.1358 0.1795 0.2183 0.2831 0.3664 0.4581 0.5495 0.7145 	0.0000	0.0000	0.0000	0.0000	0.0000	0.0000	47.7395	0.046	0.980	0.834	0.651	0.495	0.516	0.436	0.462	0.484	0.320	0.388	0.459	0.380	0.421	0.549	0.570	0.700	0.679	0.679	0.675	0.677	0.555	0.749	0.692	0.755	0.694	0.757	0.652	0.655	0.823	0.719	0.674	0.611	0.719	0.528	0.633	0.718	0.866	0.824	0.867	0.674	0.906	0.634	0.571	0.570	0.423	0.528	0.591	0.444	0.507	0.634	0.549	0.486	0.528	0.464	0.422	0.443	0.402	0.465	0.423	0.550	0.529	0.592	0.592	0.635	0.355	0.470	0.508	0.656	0.740	0.549	0.655	0.613	0.569	0.464	0.461	0.465	0.569	0.485	0.464																																																																																		
55A_ABLA		MRS7	2016	0.000	0.0000	0	0.000		66	RINGWIDTH	1	NotAFile	8/5/2017 13:08:50	                   		5974 1858 8 Grey	Intr 0.021158 0.021141 N	EPSON EPSON Flatbed Scanner EPSON Expression 10000XL 1.8 V3.45 3.45	0.0 [0]	2647.0000 818.5000 815.5000 655.0000  1.0000	Tg A Int Y	50 %	N W Man	19 1.0000 Lin 1.00	0.0120 0.0148 0.0203 0.0240 0.0289 0.0365 0.0481 0.0575 0.0685 0.0869 0.1104 0.1358 0.1795 0.2183 0.2831 0.3664 0.4581 0.5495 0.7145 	16 19 23 27 29 34 40 44 50 59 68 77 92 105 122 144 164 186 219 	0.0120 0.0148 0.0203 0.0240 0.0289 0.0365 0.0481 0.0575 0.0685 0.0869 0.1104 0.1358 0.1795 0.2183 0.2831 0.3664 0.4581 0.5495 0.7145 	0.0000	0.0000	0.0000	0.0000	0.0000	0.0000	39.3964	0.848	0.529	0.685	0.983	0.727	0.554	0.588	0.552	0.662	0.407	0.657	0.682	0.718	0.560	0.656	0.382	0.624	0.504	0.493	0.510	0.567	0.682	0.693	0.556	0.510	0.504	0.446	0.727	0.597	0.493	0.558	0.638	0.782	0.650	0.548	0.645	0.562	0.665	0.601	0.539	0.550	0.541	0.591	0.464	0.400	0.420	0.442	0.399	0.694	0.590	0.652	0.526	0.611	0.401	0.422	0.569	0.379	0.507	0.633	0.549	0.545	0.576	0.444	0.433	0.476	0.529																																																																				
55B_ABLA		MRS7	2016	0.000	0.0000	0	0.000		59	RINGWIDTH	1	NotAFile	8/5/2017 13:08:50	                   		5974 1858 8 Grey	Intr 0.021158 0.021141 N	EPSON EPSON Flatbed Scanner EPSON Expression 10000XL 1.8 V3.45 3.45	0.0 [0]	2568.0000 1137.0000 803.5000 1162.0000  1.0000	Tg A Int Y	50 %	N W Man	19 1.0000 Lin 1.00	0.0120 0.0148 0.0203 0.0240 0.0289 0.0365 0.0481 0.0575 0.0685 0.0869 0.1104 0.1358 0.1795 0.2183 0.2831 0.3664 0.4581 0.5495 0.7145 	16 19 23 27 29 34 40 44 50 59 68 77 92 105 122 144 164 186 219 	0.0120 0.0148 0.0203 0.0240 0.0289 0.0365 0.0481 0.0575 0.0685 0.0869 0.1104 0.1358 0.1795 0.2183 0.2831 0.3664 0.4581 0.5495 0.7145 	0.0000	0.0000	0.0000	0.0000	0.0000	0.0000	37.6311	0.009	1.384	0.706	0.342	0.524	0.899	0.689	0.711	0.580	0.552	0.580	0.522	0.512	0.380	0.450	0.459	0.506	0.516	0.546	0.535	0.765	0.573	0.606	0.581	0.581	0.693	0.516	0.407	0.581	0.604	0.535	0.515	0.500	0.522	0.523	0.490	0.510	0.469	0.452	0.493	0.436	0.664	0.583	0.563	0.396	0.458	0.374	0.377	0.523	0.335	0.418	0.417	0.396	0.539	0.496	0.413	0.476	0.519	0.519																																																													
380A_ABLA		MRS7	2016	0.000	0.0000	0	0.000		101	RINGWIDTH	1	NotAFile	8/5/2017 14:04:30	                   		5888 1744 8 Grey	Intr 0.021158 0.021141 N	EPSON EPSON Flatbed Scanner EPSON Expression 10000XL 1.8 V3.45 3.45	0.0 [0]	4235.5000 706.0000 1293.5000 600.0000  1.0000	Tg A Int Y	50 %	N W Man	19 1.0000 Lin 1.00	0.0120 0.0148 0.0203 0.0240 0.0289 0.0365 0.0481 0.0575 0.0685 0.0869 0.1104 0.1358 0.1795 0.2183 0.2831 0.3664 0.4581 0.5495 0.7145 	16 19 23 27 29 34 40 44 50 59 68 77 92 105 122 144 164 186 219 	0.0120 0.0148 0.0203 0.0240 0.0289 0.0365 0.0481 0.0575 0.0685 0.0869 0.1104 0.1358 0.1795 0.2183 0.2831 0.3664 0.4581 0.5495 0.7145 	0.0000	0.0000	0.0000	0.0000	0.0000	0.0000	62.2862	1.327	1.252	0.968	1.139	1.254	1.053	0.982	0.843	0.816	0.843	0.909	1.099	0.891	0.768	0.655	0.845	0.958	0.812	0.982	0.940	0.993	0.865	1.157	0.988	0.993	1.100	0.783	0.781	0.739	0.610	0.568	0.801	0.843	0.548	0.778	0.776	0.734	0.545	0.647	0.585	0.685	0.656	0.629	0.734	0.547	0.725	0.671	0.803	0.614	0.635	0.614	0.550	0.465	0.550	0.529	0.359	0.339	0.423	0.487	0.489	0.442	0.402	0.381	0.402	0.338	0.342	0.293	0.423	0.267	0.256	0.302	0.402	0.381	0.384	0.314	0.403	0.298	0.306	0.379	0.264	0.243	0.242	0.308	0.385	0.338	0.337	0.332	0.316	0.179	0.148	0.274	0.231	0.274	0.284	0.262	0.284	0.358	0.232	0.275	0.337	0.283																																																																																																							
380B_ABLA		MRS7	2016	0.000	0.0000	0	0.000		97	RINGWIDTH	1	NotAFile	8/5/2017 14:04:30	                   		5888 1744 8 Grey	Intr 0.021158 0.021141 N	EPSON EPSON Flatbed Scanner EPSON Expression 10000XL 1.8 V3.45 3.45	0.0 [0]	4811.5000 1283.5000 1164.0000 1127.0000  1.0000	Tg A Int Y	50 %	N W Man	19 1.0000 Lin 1.00	0.0120 0.0148 0.0203 0.0240 0.0289 0.0365 0.0481 0.0575 0.0685 0.0869 0.1104 0.1358 0.1795 0.2183 0.2831 0.3664 0.4581 0.5495 0.7145 	16 19 23 27 29 34 40 44 50 59 68 77 92 105 122 144 164 186 219 	0.0120 0.0148 0.0203 0.0240 0.0289 0.0365 0.0481 0.0575 0.0685 0.0869 0.1104 0.1358 0.1795 0.2183 0.2831 0.3664 0.4581 0.5495 0.7145 	0.0000	0.0000	0.0000	0.0000	0.0000	0.0000	77.2435	1.159	1.268	1.241	0.966	1.186	1.315	1.286	1.007	1.013	1.072	0.792	0.888	0.838	0.707	0.872	0.978	1.221	1.324	1.710	1.250	1.111	1.377	1.138	1.234	0.956	0.960	0.883	1.073	1.167	0.858	1.096	0.937	0.858	0.718	0.740	0.991	0.983	0.901	0.924	0.880	0.795	0.896	0.917	1.000	0.687	0.764	0.807	0.768	0.643	0.623	0.750	0.564	0.439	0.418	0.438	0.354	0.481	0.483	0.567	0.546	0.608	0.585	0.545	0.756	0.654	0.592	0.804	0.804	0.804	0.719	0.676	0.739	0.549	0.486	0.486	0.423	0.421	0.464	0.421	0.568	0.568	0.507	0.486	0.465	0.317	0.317	0.402	0.254	0.338	0.317	0.545	0.438	0.561	0.434	0.514	0.470	0.517																																																																																																			
101A_ABLA		MRS7	2016	0.000	0.0000	0	0.000		94	RINGWIDTH	1	NotAFile	8/7/2017 12:58:51	                   		4573 9321 8 Grey	Intr 0.021158 0.021141 N	EPSON EPSON Flatbed Scanner EPSON Expression 10000XL 1.8 V3.45 3.45	0.0 [0]	2219.0000 3895.0000 298.0000 3830.0000  1.0000	Tg A Int Y	50 %	N W Man	19 1.0000 Lin 1.00	0.0120 0.0148 0.0203 0.0240 0.0289 0.0365 0.0481 0.0575 0.0685 0.0869 0.1104 0.1358 0.1795 0.2183 0.2831 0.3664 0.4581 0.5495 0.7145 	16 19 23 27 29 34 40 44 50 59 68 77 92 105 122 144 164 186 219 	0.0120 0.0148 0.0203 0.0240 0.0289 0.0365 0.0481 0.0575 0.0685 0.0869 0.1104 0.1358 0.1795 0.2183 0.2831 0.3664 0.4581 0.5495 0.7145 	0.0000	0.0000	0.0000	0.0000	0.0000	0.0000	40.7774	0.806	0.694	0.609	0.463	0.666	0.640	0.695	0.499	0.541	0.483	0.275	0.229	0.222	0.429	0.238	0.334	0.406	0.346	0.161	0.253	0.310	0.198	0.114	0.128	0.251	0.171	0.171	0.164	0.086	0.070	0.061	0.070	0.096	0.070	0.087	0.053	0.079	0.166	0.210	0.140	0.262	0.224	0.308	0.603	0.471	0.446	0.519	0.659	0.715	0.515	0.572	0.415	0.509	0.457	0.300	0.447	0.322	0.257	0.206	0.195	0.238	0.332	0.312	0.421	0.434	0.413	0.331	0.239	0.427	0.398	0.417	0.439	0.494	0.325	0.417	0.398	0.482	0.419	0.419	0.335	0.440	0.398	0.415	0.644	0.376	0.460	0.396	0.356	0.355	0.335	0.421	0.335	0.527	0.550																																																																																																
101B_ABLA		MRS7	2016	0.000	0.0000	0	0.000		111	RINGWIDTH	1	NotAFile	8/7/2017 12:58:51	                   		4573 9321 8 Grey	Intr 0.021158 0.021141 N	EPSON EPSON Flatbed Scanner EPSON Expression 10000XL 1.8 V3.45 3.45	0.0 [0]	2241.5000 4264.0000 247.5000 4324.5000  1.0000	Tg A Int Y	50 %	N W Man	19 1.0000 Lin 1.00	0.0120 0.0148 0.0203 0.0240 0.0289 0.0365 0.0481 0.0575 0.0685 0.0869 0.1104 0.1358 0.1795 0.2183 0.2831 0.3664 0.4581 0.5495 0.7145 	16 19 23 27 29 34 40 44 50 59 68 77 92 105 122 144 164 186 219 	0.0120 0.0148 0.0203 0.0240 0.0289 0.0365 0.0481 0.0575 0.0685 0.0869 0.1104 0.1358 0.1795 0.2183 0.2831 0.3664 0.4581 0.5495 0.7145 	0.0000	0.0000	0.0000	0.0000	0.0000	0.0000	42.4161	0.015	0.603	0.472	0.704	0.658	0.419	0.429	0.279	0.318	0.442	0.463	0.417	0.717	0.441	0.329	0.329	0.446	0.467	0.563	0.555	0.436	0.340	0.382	0.424	0.547	0.446	0.410	0.475	0.267	0.367	0.349	0.310	0.500	0.481	0.566	0.588	0.337	0.422	0.442	0.295	0.295	0.296	0.465	0.528	0.434	0.433	0.338	0.105	0.095	0.095	0.084	0.095	0.105	0.148	0.096	0.137	0.158	0.170	0.126	0.138	0.158	0.212	0.116	0.190	0.285	0.232	0.243	0.179	0.232	0.274	0.275	0.274	0.360	0.360	0.275	0.211	0.233	0.360	0.402	0.402	0.657	0.528	0.486	0.338	0.275	0.423	0.317	0.296	0.339	0.402	0.296	0.360	0.360	0.423	0.380	0.422	0.442	0.548	0.485	0.358	0.610	0.357	0.398	0.407	0.320	0.412	0.328	0.350	0.371	0.491	0.576																																																																																																																	
1236A_ABLA		MRS7	2016	0.000	0.0000	0	0.000		105	RINGWIDTH	1	NotAFile	8/7/2017 12:58:51	                   		4573 9321 8 Grey	Intr 0.021158 0.021141 N	EPSON EPSON Flatbed Scanner EPSON Expression 10000XL 1.8 V3.45 3.45	0.0 [0]	2101.5000 5372.0000 558.5000 5433.5000  1.0000	Tg A Int Y	50 %	N W Man	19 1.0000 Lin 1.00	0.0120 0.0148 0.0203 0.0240 0.0289 0.0365 0.0481 0.0575 0.0685 0.0869 0.1104 0.1358 0.1795 0.2183 0.2831 0.3664 0.4581 0.5495 0.7145 	16 19 23 27 29 34 40 44 50 59 68 77 92 105 122 144 164 186 219 	0.0120 0.0148 0.0203 0.0240 0.0289 0.0365 0.0481 0.0575 0.0685 0.0869 0.1104 0.1358 0.1795 0.2183 0.2831 0.3664 0.4581 0.5495 0.7145 	0.0000	0.0000	0.0000	0.0000	0.0000	0.0000	32.7328	0.025	1.259	0.886	0.780	0.799	1.142	0.824	0.548	0.759	0.490	0.355	0.888	0.402	0.455	0.433	0.529	0.423	0.360	0.381	0.381	0.380	0.486	0.317	0.422	0.275	0.487	0.508	0.402	0.423	0.381	0.275	0.254	0.190	0.190	0.244	0.326	0.262	0.157	0.188	0.303	0.411	0.275	0.169	0.221	0.179	0.190	0.211	0.275	0.159	0.264	0.253	0.264	0.179	0.243	0.242	0.232	0.148	0.264	0.242	0.147	0.190	0.180	0.232	0.201	0.221	0.169	0.233	0.148	0.233	0.222	0.169	0.211	0.402	0.201	0.190	0.201	0.275	0.233	0.253	0.222	0.222	0.180	0.190	0.221	0.264	0.221	0.232	0.232	0.210	0.220	0.158	0.116	0.095	0.116	0.180	0.157	0.254	0.170	0.220	0.200	0.137	0.200	0.189	0.179	0.201																																																																																																											
1236B_ABLA		MRS7	2016	0.000	0.0000	0	0.000		98	RINGWIDTH	1	NotAFile	8/7/2017 12:58:51	                   		4573 9321 8 Grey	Intr 0.021158 0.021141 N	EPSON EPSON Flatbed Scanner EPSON Expression 10000XL 1.8 V3.45 3.45	0.0 [0]	2264.5000 5977.5000 678.0000 5921.5000  1.0000	Tg A Int Y	50 %	N W Man	19 1.0000 Lin 1.00	0.0120 0.0148 0.0203 0.0240 0.0289 0.0365 0.0481 0.0575 0.0685 0.0869 0.1104 0.1358 0.1795 0.2183 0.2831 0.3664 0.4581 0.5495 0.7145 	16 19 23 27 29 34 40 44 50 59 68 77 92 105 122 144 164 186 219 	0.0120 0.0148 0.0203 0.0240 0.0289 0.0365 0.0481 0.0575 0.0685 0.0869 0.1104 0.1358 0.1795 0.2183 0.2831 0.3664 0.4581 0.5495 0.7145 	0.0000	0.0000	0.0000	0.0000	0.0000	0.0000	33.7584	0.031	1.072	0.592	0.421	0.377	0.409	0.505	0.541	0.658	0.449	0.285	0.268	0.504	0.377	0.587	0.614	0.411	0.334	0.259	0.627	0.576	0.291	0.423	0.374	0.301	0.270	0.183	0.214	0.201	0.307	0.246	0.131	0.272	0.218	0.167	0.084	0.134	0.218	0.190	0.157	0.132	0.156	0.148	0.258	0.241	0.210	0.165	0.278	0.167	0.195	0.160	0.195	0.260	0.133	0.114	0.137	0.245	0.155	0.217	0.197	0.210	0.161	0.149	0.152	0.171	0.162	0.193	0.173	0.214	0.236	0.247	0.234	0.293	0.196	0.195	0.104	0.118	0.146	0.121	0.101	0.172	0.118	0.139	0.110	0.091	0.100	0.133	0.079	0.091	0.152	0.092	0.112	0.142	0.091	0.122	0.151	0.078	0.133																																																																																																				
1114A_ABLA		MRS7	2016	0.000	0.0000	0	0.000		53	RINGWIDTH	1	NotAFile	8/7/2017 12:58:51	                   		4573 9321 8 Grey	Intr 0.021158 0.021141 N	EPSON EPSON Flatbed Scanner EPSON Expression 10000XL 1.8 V3.45 3.45	0.0 [0]	2153.5000 6839.5000 994.5000 6911.5000  1.0000	Tg A Int Y	50 %	N W Man	19 1.0000 Lin 1.00	0.0120 0.0148 0.0203 0.0240 0.0289 0.0365 0.0481 0.0575 0.0685 0.0869 0.1104 0.1358 0.1795 0.2183 0.2831 0.3664 0.4581 0.5495 0.7145 	16 19 23 27 29 34 40 44 50 59 68 77 92 105 122 144 164 186 219 	0.0120 0.0148 0.0203 0.0240 0.0289 0.0365 0.0481 0.0575 0.0685 0.0869 0.1104 0.1358 0.1795 0.2183 0.2831 0.3664 0.4581 0.5495 0.7145 	0.0000	0.0000	0.0000	0.0000	0.0000	0.0000	24.5689	0.329	0.589	0.608	0.490	0.355	0.396	0.455	0.397	0.742	0.720	0.598	0.475	0.422	0.448	0.551	0.491	0.495	0.373	0.374	0.395	0.354	0.354	0.520	0.707	0.623	0.497	0.375	0.416	0.354	0.272	0.336	0.356	0.398	0.460	0.377	0.588	0.526	0.587	0.571	0.487	0.296	0.444	0.402	0.233	0.444	0.212	0.296	0.317	0.360	0.339	0.423	0.444	0.505																																																							
1114B_ABLA		MRS7	2016	0.000	0.0000	0	0.000		52	RINGWIDTH	1	NotAFile	8/7/2017 12:58:51	                   		4573 9321 8 Grey	Intr 0.021158 0.021141 N	EPSON EPSON Flatbed Scanner EPSON Expression 10000XL 1.8 V3.45 3.45	0.0 [0]	2012.5000 7335.5000 1100.5000 7377.5000  1.0000	Tg A Int Y	50 %	N W Man	19 1.0000 Lin 1.00	0.0120 0.0148 0.0203 0.0240 0.0289 0.0365 0.0481 0.0575 0.0685 0.0869 0.1104 0.1358 0.1795 0.2183 0.2831 0.3664 0.4581 0.5495 0.7145 	16 19 23 27 29 34 40 44 50 59 68 77 92 105 122 144 164 186 219 	0.0120 0.0148 0.0203 0.0240 0.0289 0.0365 0.0481 0.0575 0.0685 0.0869 0.1104 0.1358 0.1795 0.2183 0.2831 0.3664 0.4581 0.5495 0.7145 	0.0000	0.0000	0.0000	0.0000	0.0000	0.0000	19.3162	0.465	0.400	0.400	0.358	0.379	0.464	0.295	0.317	0.381	0.465	0.465	0.381	0.381	0.360	0.338	0.296	0.275	0.275	0.317	0.233	0.211	0.339	0.339	0.317	0.317	0.275	0.296	0.275	0.254	0.296	0.254	0.254	0.296	0.296	0.465	0.402	0.381	0.423	0.423	0.212	0.296	0.296	0.190	0.402	0.381	0.465	0.444	0.571	0.715	0.659	0.529	0.465																																																						
1230A_ABLA		MRS7	2016	0.000	0.0000	0	0.000		92	RINGWIDTH	1	NotAFile	8/8/2017 16:23:58	                   		4602 3660 8 Grey	Intr 0.021158 0.021141 N	EPSON EPSON Flatbed Scanner EPSON Expression 10000XL 1.8 V3.45 3.45	0.0 [0]	2786.0000 420.0000 837.0000 446.0000  1.0000	Tg A Int Y	50 %	N W Man	19 1.0000 Lin 1.00	0.0120 0.0148 0.0203 0.0240 0.0289 0.0365 0.0481 0.0575 0.0685 0.0869 0.1104 0.1358 0.1795 0.2183 0.2831 0.3664 0.4581 0.5495 0.7145 	16 19 23 27 29 34 40 44 50 59 68 77 92 105 122 144 164 186 219 	0.0120 0.0148 0.0203 0.0240 0.0289 0.0365 0.0481 0.0575 0.0685 0.0869 0.1104 0.1358 0.1795 0.2183 0.2831 0.3664 0.4581 0.5495 0.7145 	0.0000	0.0000	0.0000	0.0000	0.0000	0.0000	41.4925	0.040	0.771	0.681	0.632	0.462	0.102	0.144	0.331	0.104	0.333	0.355	0.218	0.111	0.173	0.209	0.376	0.280	0.187	0.147	0.337	0.245	0.226	0.288	0.308	0.247	0.225	0.075	0.094	0.225	0.268	0.252	0.076	0.053	0.195	0.106	0.160	0.198	0.191	0.241	0.421	0.351	0.495	0.643	0.413	0.557	0.260	0.185	0.379	0.417	0.316	0.434	0.173	0.144	0.096	0.219	0.250	0.308	0.365	0.393	0.439	0.690	0.418	0.627	0.627	0.586	0.648	0.716	0.842	0.652	0.569	0.548	0.422	0.401	0.676	0.951	1.204	0.844	0.965	0.737	0.884	0.816	0.523	0.837	0.711	0.840	0.800	0.757	0.819	0.884	0.818	0.899	0.721																																																																																														
1230B_ABLA		MRS7	2016	0.000	0.0000	0	0.000		80	RINGWIDTH	1	NotAFile	8/8/2017 16:23:58	                   		4602 3660 8 Grey	Intr 0.021158 0.021141 N	EPSON EPSON Flatbed Scanner EPSON Expression 10000XL 1.8 V3.45 3.45	0.0 [0]	2538.6667 1006.0000 780.0000 1176.0000  1.0000	Tg A Int Y	50 %	N W Man	19 1.0000 Lin 1.00	0.0120 0.0148 0.0203 0.0240 0.0289 0.0365 0.0481 0.0575 0.0685 0.0869 0.1104 0.1358 0.1795 0.2183 0.2831 0.3664 0.4581 0.5495 0.7145 	16 19 23 27 29 34 40 44 50 59 68 77 92 105 122 144 164 186 219 	0.0120 0.0148 0.0203 0.0240 0.0289 0.0365 0.0481 0.0575 0.0685 0.0869 0.1104 0.1358 0.1795 0.2183 0.2831 0.3664 0.4581 0.5495 0.7145 	0.0000	0.0000	0.0000	0.0000	0.0000	0.0000	37.6971	0.304	1.139	0.605	0.270	0.479	0.166	0.164	0.073	0.135	0.326	0.197	0.220	0.239	0.203	0.203	0.221	0.091	0.122	0.272	0.349	0.294	0.115	0.111	0.167	0.137	0.177	0.167	0.109	0.139	0.258	0.200	0.261	0.243	0.183	0.369	0.350	0.368	0.619	0.519	0.582	0.417	0.135	0.127	0.175	0.294	0.399	0.399	0.336	0.504	0.693	0.462	0.693	0.630	0.609	0.545	0.586	0.841	0.485	0.464	0.549	0.783	0.550	1.079	0.845	1.015	0.719	0.719	0.592	0.952	1.055	0.633	0.698	0.698	0.741	0.656	0.719	0.592	0.698	0.867	0.910																																																																																		
1233A_PIEN		MRS7	2016	0.000	0.0000	0	0.000		135	RINGWIDTH	1	NotAFile	8/8/2017 16:23:58	                   		4602 3660 8 Grey	Intr 0.021158 0.021141 N	EPSON EPSON Flatbed Scanner EPSON Expression 10000XL 1.8 V3.45 3.45	0.0 [0]	3808.3333 2686.6667 1061.3333 2722.3333  1.0000	Tg A Int Y	50 %	N W Man	19 1.0000 Lin 1.00	0.0120 0.0148 0.0203 0.0240 0.0289 0.0365 0.0481 0.0575 0.0685 0.0869 0.1104 0.1358 0.1795 0.2183 0.2831 0.3664 0.4581 0.5495 0.7145 	16 19 23 27 29 34 40 44 50 59 68 77 92 105 122 144 164 186 219 	0.0120 0.0148 0.0203 0.0240 0.0289 0.0365 0.0481 0.0575 0.0685 0.0869 0.1104 0.1358 0.1795 0.2183 0.2831 0.3664 0.4581 0.5495 0.7145 	0.0000	0.0000	0.0000	0.0000	0.0000	0.0000	58.1250	0.106	0.080	0.101	0.157	0.134	0.162	0.134	0.122	0.143	0.169	0.194	0.166	0.148	0.259	0.191	0.153	0.275	0.343	0.347	0.253	0.253	0.338	0.401	0.400	0.401	0.379	0.401	0.548	0.611	0.527	0.653	0.527	0.443	0.443	0.400	0.463	0.631	0.631	0.631	0.718	0.781	0.717	0.759	0.843	0.782	0.845	0.824	0.697	0.719	0.698	0.529	0.423	0.444	0.423	0.529	0.536	0.689	0.782	0.655	0.677	0.550	0.634	0.634	0.718	0.676	0.802	0.781	0.655	0.805	0.698	0.825	0.655	0.781	0.528	0.507	0.613	0.529	0.507	0.422	0.507	0.465	0.486	0.402	0.422	0.507	0.444	0.339	0.381	0.381	0.465	0.548	0.653	0.592	0.487	0.422	0.402	0.339	0.338	0.402	0.317	0.238	0.291	0.243	0.253	0.287	0.296	0.296	0.487	0.402	0.465	0.381	0.402	0.402	0.402	0.444	0.549	0.381	0.487	0.338	0.360	0.297	0.232	0.180	0.095	0.132	0.120	0.100	0.100	0.113	0.121	0.174	0.107	0.094	0.164	0.122																																																																																																																																									
1233B_PIEN		MRS7	2016	0.000	0.0000	0	0.000		106	RINGWIDTH	1	NotAFile	8/8/2017 16:23:58	                   		4602 3660 8 Grey	Intr 0.021158 0.021141 N	EPSON EPSON Flatbed Scanner EPSON Expression 10000XL 1.8 V3.45 3.45	0.0 [0]	3450.0000 3147.3333 1047.0000 3209.3333  1.0000	Tg A Int Y	50 %	N W Man	19 1.0000 Lin 1.00	0.0120 0.0148 0.0203 0.0240 0.0289 0.0365 0.0481 0.0575 0.0685 0.0869 0.1104 0.1358 0.1795 0.2183 0.2831 0.3664 0.4581 0.5495 0.7145 	16 19 23 27 29 34 40 44 50 59 68 77 92 105 122 144 164 186 219 	0.0120 0.0148 0.0203 0.0240 0.0289 0.0365 0.0481 0.0575 0.0685 0.0869 0.1104 0.1358 0.1795 0.2183 0.2831 0.3664 0.4581 0.5495 0.7145 	0.0000	0.0000	0.0000	0.0000	0.0000	0.0000	50.8588	0.487	0.529	0.444	0.416	0.388	0.402	0.465	0.465	0.550	0.635	0.635	0.697	0.888	0.761	0.761	0.909	0.740	0.719	0.846	0.761	0.613	0.443	0.528	0.484	0.633	0.591	0.613	0.634	0.591	0.783	0.656	0.698	0.698	0.762	0.696	0.907	0.802	0.760	0.928	0.760	0.846	0.740	0.633	0.654	0.676	0.846	0.698	0.614	0.487	0.550	0.487	0.529	0.339	0.487	0.571	0.444	0.280	0.291	0.360	0.401	0.437	0.426	0.401	0.422	0.463	0.400	0.400	0.309	0.300	0.252	0.182	0.210	0.288	0.217	0.260	0.422	0.317	0.640	0.415	0.290	0.380	0.324	0.344	0.311	0.319	0.401	0.468	0.378	0.362	0.308	0.281	0.263	0.240	0.162	0.106	0.155	0.134	0.190	0.169	0.177	0.246	0.191	0.155	0.141	0.197	0.204																																																																																																												
1235A_PIEN		MRS7	2016	0.000	0.0000	0	0.000		151	RINGWIDTH	1	NotAFile	7/31/2017 09:48:15	                   		6432 1486 8 Grey	Intr 0.021158 0.021141 N	EPSON EPSON Flatbed Scanner EPSON Expression 10000XL 1.8 V3.45 3.45	0.0 [0]	5739.0000 368.0000 622.0000 479.0000  1.0000	Tg A Int Y	50 %	N W Man	19 1.0000 Lin 1.00	0.0120 0.0148 0.0203 0.0240 0.0289 0.0365 0.0481 0.0575 0.0685 0.0869 0.1104 0.1358 0.1795 0.2183 0.2831 0.3664 0.4581 0.5495 0.7145 	16 19 23 27 29 34 40 44 50 59 68 77 92 105 122 144 164 186 219 	0.0120 0.0148 0.0203 0.0240 0.0289 0.0365 0.0481 0.0575 0.0685 0.0869 0.1104 0.1358 0.1795 0.2183 0.2831 0.3664 0.4581 0.5495 0.7145 	0.0000	0.0000	0.0000	0.0000	0.0000	0.0000	108.2893	0.453	0.320	0.228	0.150	0.341	0.367	0.428	0.204	0.285	0.244	0.323	0.385	0.406	0.365	0.365	0.305	0.347	0.224	0.345	0.426	0.467	0.527	0.427	0.327	0.306	0.266	0.368	0.368	0.247	0.372	0.413	0.353	0.520	0.582	0.581	0.454	0.599	0.396	0.498	0.541	0.480	0.331	0.372	0.581	0.581	0.685	0.727	0.747	0.706	0.706	0.777	1.046	1.153	1.008	1.130	1.179	1.179	1.012	1.097	1.329	1.561	1.520	1.373	1.457	1.521	1.331	1.097	1.097	1.097	0.909	0.740	1.100	1.057	1.058	1.016	0.952	0.719	1.079	0.994	1.058	0.973	1.332	1.120	1.058	1.291	1.131	1.213	1.099	0.971	1.053	1.140	1.201	0.719	0.761	0.907	0.891	0.888	0.952	0.803	0.931	1.058	0.931	0.677	0.677	0.825	0.761	0.783	0.931	0.740	0.719	0.634	0.634	0.741	0.635	0.614	0.571	0.508	0.592	0.740	0.592	0.698	0.821	0.695	0.672	0.560	0.735	0.671	0.566	0.565	0.672	0.611	0.738	0.549	0.633	0.571	0.740	0.426	0.482	0.342	0.398	0.423	0.383	0.546	0.485	0.507	0.449	0.593	0.419	0.423	0.587	0.633																																																																																																																																																									
1235B_PIEN		MRS7	2016	0.000	0.0000	0	0.000		134	RINGWIDTH	1	NotAFile	7/31/2017 09:48:15	                   		6432 1486 8 Grey	Intr 0.021158 0.021141 N	EPSON EPSON Flatbed Scanner EPSON Expression 10000XL 1.8 V3.45 3.45	0.0 [0]	5685.0000 872.0000 598.0000 970.0000  1.0000	Tg A Int Y	50 %	N W Man	19 1.0000 Lin 1.00	0.0120 0.0148 0.0203 0.0240 0.0289 0.0365 0.0481 0.0575 0.0685 0.0869 0.1104 0.1358 0.1795 0.2183 0.2831 0.3664 0.4581 0.5495 0.7145 	16 19 23 27 29 34 40 44 50 59 68 77 92 105 122 144 164 186 219 	0.0120 0.0148 0.0203 0.0240 0.0289 0.0365 0.0481 0.0575 0.0685 0.0869 0.1104 0.1358 0.1795 0.2183 0.2831 0.3664 0.4581 0.5495 0.7145 	0.0000	0.0000	0.0000	0.0000	0.0000	0.0000	107.6491	0.293	0.298	0.475	0.552	0.591	0.473	0.414	0.374	0.333	0.409	0.437	0.338	0.477	0.514	0.473	0.591	0.590	0.492	0.532	0.579	0.437	0.516	0.615	0.536	0.377	0.440	0.685	0.681	0.803	0.883	0.669	0.649	0.730	0.755	0.860	1.001	1.039	1.375	1.079	1.109	1.136	1.232	1.476	1.613	1.473	1.307	1.432	1.352	1.313	0.983	1.139	1.202	1.118	0.930	1.118	0.931	1.248	1.205	1.079	0.802	1.012	0.908	0.908	0.951	1.227	1.016	0.910	1.142	1.056	1.035	0.866	0.780	0.717	0.866	0.951	0.697	0.675	0.888	0.825	0.761	0.804	0.825	0.889	0.973	0.889	0.634	0.634	0.931	0.761	0.740	0.867	0.973	0.782	0.761	0.782	0.887	0.761	0.796	0.642	0.592	0.592	0.716	0.524	0.720	0.885	0.697	0.719	0.592	0.783	0.719	0.697	0.739	0.823	0.758	0.885	0.674	0.887	0.799	1.219	0.693	0.591	0.422	0.549	0.693	0.504	0.527	0.506	0.590	0.569	0.674	0.506	0.548	0.569	0.649																																																																																																																																								
146A_PIEN		MRS7	2016	0.000	0.0000	0	0.000		322	RINGWIDTH	1	NotAFile	7/31/2017 10:25:43	                   		6232 1915 8 Grey	Intr 0.021158 0.021141 N	EPSON EPSON Flatbed Scanner EPSON Expression 10000XL 1.8 V3.45 3.45	0.0 [0]	5253.0000 882.0000 1114.0000 671.0000  1.0000	Tg A Int Y	50 %	N W Man	19 1.0000 Lin 1.00	0.0120 0.0148 0.0203 0.0240 0.0289 0.0365 0.0481 0.0575 0.0685 0.0869 0.1104 0.1358 0.1795 0.2183 0.2831 0.3664 0.4581 0.5495 0.7145 	16 19 23 27 29 34 40 44 50 59 68 77 92 105 122 144 164 186 219 	0.0120 0.0148 0.0203 0.0240 0.0289 0.0365 0.0481 0.0575 0.0685 0.0869 0.1104 0.1358 0.1795 0.2183 0.2831 0.3664 0.4581 0.5495 0.7145 	0.0000	0.0000	0.0000	0.0000	0.0000	0.0000	88.0048	1.271	1.358	1.319	1.518	0.980	0.970	1.113	0.144	0.680	0.739	0.702	0.668	0.934	0.622	0.679	0.629	0.607	0.379	0.493	0.434	0.488	0.455	0.474	0.434	0.394	0.520	0.551	0.507	0.534	0.367	0.387	0.329	0.308	0.252	0.328	0.231	0.193	0.216	0.139	0.180	0.160	0.140	0.142	0.142	0.183	0.184	0.163	0.143	0.183	0.184	0.122	0.123	0.102	0.121	0.140	0.160	0.161	0.163	0.163	0.204	0.165	0.120	0.142	0.142	0.141	0.141	0.121	0.160	0.235	0.156	0.173	0.156	0.174	0.193	0.179	0.185	0.191	0.190	0.234	0.253	0.272	0.233	0.212	0.267	0.212	0.233	0.231	0.229	0.289	0.195	0.272	0.272	0.195	0.157	0.139	0.136	0.124	0.181	0.180	0.158	0.157	0.194	0.214	0.253	0.196	0.218	0.218	0.178	0.277	0.238	0.218	0.193	0.173	0.176	0.158	0.178	0.161	0.202	0.202	0.202	0.240	0.219	0.239	0.158	0.157	0.176	0.156	0.253	0.194	0.156	0.197	0.237	0.180	0.181	0.182	0.224	0.204	0.243	0.223	0.285	0.204	0.143	0.143	0.205	0.205	0.204	0.183	0.184	0.182	0.223	0.220	0.119	0.114	0.113	0.136	0.130	0.148	0.130	0.116	0.119	0.165	0.206	0.186	0.144	0.165	0.143	0.123	0.131	0.140	0.143	0.143	0.144	0.175	0.096	0.057	0.080	0.087	0.167	0.146	0.144	0.144	0.146	0.209	0.189	0.123	0.129	0.147	0.168	0.105	0.126	0.168	0.147	0.105	0.133	0.099	0.122	0.095	0.083	0.101	0.123	0.167	0.146	0.186	0.206	0.206	0.227	0.186	0.245	0.144	0.208	0.152	0.158	0.103	0.206	0.165	0.247	0.145	0.248	0.206	0.198	0.197	0.167	0.164	0.316	0.262	0.264	0.168	0.245	0.279	0.252	0.273	0.252	0.231	0.252	0.231	0.273	0.231	0.273	0.210	0.251	0.167	0.146	0.210	0.231	0.210	0.126	0.178	0.159	0.212	0.212	0.233	0.190	0.230	0.209	0.188	0.272	0.293	0.333	0.249	0.186	0.207	0.162	0.190	0.250	0.250	0.314	0.294	0.294	0.189	0.335	0.376	0.307	0.276	0.166	0.167	0.207	0.250	0.251	0.272	0.313	0.272	0.273	0.210	0.232	0.211	0.232	0.232	0.180	0.179	0.253	0.201	0.264	0.401	0.359	0.338	0.317	0.360	0.381	0.339	0.360	0.317	0.339	0.355	0.239	0.412	0.315	0.313	0.273	0.197	0.166	0.137	0.176	0.158	0.202	0.254	0.251	0.230	0.252	0.189	0.235	0.267	0.270																																																																																																																																																																																																																																																																																																																																				
146B_PIEN		MRS7	2016	0.000	0.0000	0	0.000		319	RINGWIDTH	1	NotAFile	7/31/2017 10:25:43	                   		6232 1915 8 Grey	Intr 0.021158 0.021141 N	EPSON EPSON Flatbed Scanner EPSON Expression 10000XL 1.8 V3.45 3.45	0.0 [0]	5112.0000 1456.0000 394.0000 1116.0000  1.0000	Tg A Int Y	50 %	N W Man	19 1.0000 Lin 1.00	0.0120 0.0148 0.0203 0.0240 0.0289 0.0365 0.0481 0.0575 0.0685 0.0869 0.1104 0.1358 0.1795 0.2183 0.2831 0.3664 0.4581 0.5495 0.7145 	16 19 23 27 29 34 40 44 50 59 68 77 92 105 122 144 164 186 219 	0.0120 0.0148 0.0203 0.0240 0.0289 0.0365 0.0481 0.0575 0.0685 0.0869 0.1104 0.1358 0.1795 0.2183 0.2831 0.3664 0.4581 0.5495 0.7145 	0.0000	0.0000	0.0000	0.0000	0.0000	0.0000	100.0804	0.999	1.136	0.895	0.956	1.014	0.732	0.713	0.892	0.714	1.189	0.724	0.729	0.657	0.872	0.570	0.629	0.491	0.542	0.425	0.407	0.450	0.414	0.457	0.580	0.524	0.763	0.580	0.549	0.490	0.452	0.349	0.513	0.470	0.386	0.306	0.306	0.245	0.307	0.267	0.267	0.308	0.370	0.350	0.267	0.493	0.496	0.311	0.311	0.271	0.208	0.248	0.226	0.248	0.270	0.270	0.187	0.270	0.271	0.167	0.188	0.249	0.207	0.227	0.226	0.205	0.329	0.246	0.226	0.227	0.268	0.228	0.270	0.208	0.209	0.230	0.274	0.295	0.274	0.232	0.232	0.274	0.211	0.189	0.232	0.190	0.211	0.211	0.233	0.257	0.181	0.198	0.150	0.127	0.146	0.169	0.208	0.160	0.161	0.212	0.233	0.233	0.211	0.232	0.233	0.190	0.274	0.253	0.253	0.240	0.203	0.232	0.233	0.187	0.214	0.296	0.254	0.233	0.254	0.212	0.212	0.148	0.169	0.160	0.137	0.212	0.169	0.169	0.148	0.169	0.212	0.190	0.233	0.211	0.254	0.296	0.254	0.338	0.254	0.196	0.206	0.296	0.275	0.339	0.296	0.263	0.203	0.296	0.296	0.127	0.126	0.162	0.147	0.158	0.137	0.138	0.148	0.148	0.148	0.190	0.190	0.212	0.127	0.138	0.158	0.148	0.169	0.148	0.148	0.148	0.135	0.109	0.106	0.085	0.094	0.148	0.127	0.169	0.148	0.168	0.150	0.190	0.130	0.145	0.148	0.211	0.123	0.173	0.169	0.190	0.169	0.130	0.121	0.118	0.104	0.099	0.147	0.190	0.190	0.211	0.169	0.211	0.275	0.211	0.275	0.169	0.148	0.169	0.169	0.212	0.148	0.296	0.296	0.380	0.295	0.337	0.358	0.357	0.315	0.230	0.293	0.440	0.462	0.313	0.291	0.331	0.310	0.455	0.475	0.393	0.452	0.429	0.473	0.450	0.388	0.388	0.429	0.470	0.266	0.269	0.288	0.351	0.288	0.288	0.308	0.206	0.310	0.289	0.348	0.247	0.308	0.353	0.331	0.310	0.331	0.393	0.350	0.226	0.226	0.210	0.242	0.244	0.284	0.264	0.350	0.308	0.286	0.265	0.329	0.391	0.248	0.248	0.206	0.287	0.347	0.350	0.391	0.391	0.329	0.369	0.266	0.329	0.327	0.351	0.331	0.289	0.325	0.406	0.307	0.348	0.491	0.473	0.496	0.350	0.478	0.499	0.414	0.434	0.434	0.393	0.477	0.332	0.519	0.457	0.457	0.292	0.251	0.227	0.193	0.252	0.274	0.457	0.355	0.313	0.291	0.312	0.208	0.292	0.271	0.313																																																																																																																																																																																																																																																																																																																																	
58A_PIEN		MRS7	2016	0.000	0.0000	0	0.000		317	RINGWIDTH	1	NotAFile	8/5/2017 10:49:32	                   		6203 2201 8 Grey	Intr 0.021158 0.021141 N	EPSON EPSON Flatbed Scanner EPSON Expression 10000XL 1.8 V3.45 3.45	0.0 [0]	5069.5000 1031.0000 841.0000 998.0000  1.0000	Tg A Int Y	50 %	N W Man	19 1.0000 Lin 1.00	0.0120 0.0148 0.0203 0.0240 0.0289 0.0365 0.0481 0.0575 0.0685 0.0869 0.1104 0.1358 0.1795 0.2183 0.2831 0.3664 0.4581 0.5495 0.7145 	16 19 23 27 29 34 40 44 50 59 68 77 92 105 122 144 164 186 219 	0.0120 0.0148 0.0203 0.0240 0.0289 0.0365 0.0481 0.0575 0.0685 0.0869 0.1104 0.1358 0.1795 0.2183 0.2831 0.3664 0.4581 0.5495 0.7145 	0.0000	0.0000	0.0000	0.0000	0.0000	0.0000	89.6136	1.550	1.267	1.598	1.445	0.796	1.412	0.809	0.973	0.892	1.004	0.882	0.842	0.619	0.913	0.813	0.833	0.646	0.625	0.813	0.708	0.526	0.652	0.672	0.651	0.607	0.521	0.479	0.519	0.415	0.722	0.517	0.685	0.753	0.717	0.612	0.592	0.624	0.479	0.482	0.592	0.592	0.549	0.486	0.549	0.698	0.529	0.635	0.656	0.656	0.486	0.677	0.571	0.507	0.485	0.569	0.363	0.440	0.441	0.422	0.383	0.381	0.398	0.352	0.488	0.266	0.315	0.381	0.412	0.438	0.362	0.335	0.281	0.394	0.358	0.404	0.316	0.310	0.301	0.201	0.303	0.303	0.291	0.233	0.231	0.274	0.242	0.302	0.215	0.213	0.204	0.193	0.171	0.140	0.201	0.192	0.183	0.271	0.307	0.323	0.272	0.211	0.147	0.230	0.228	0.133	0.152	0.162	0.190	0.155	0.141	0.140	0.148	0.204	0.158	0.145	0.210	0.165	0.166	0.141	0.155	0.175	0.148	0.176	0.162	0.183	0.169	0.139	0.143	0.134	0.187	0.264	0.148	0.159	0.158	0.155	0.141	0.134	0.106	0.183	0.148	0.187	0.158	0.183	0.176	0.212	0.155	0.092	0.141	0.113	0.120	0.148	0.127	0.120	0.134	0.127	0.141	0.106	0.155	0.134	0.113	0.141	0.141	0.127	0.134	0.190	0.169	0.099	0.106	0.106	0.085	0.109	0.117	0.116	0.074	0.148	0.116	0.095	0.106	0.106	0.106	0.095	0.095	0.116	0.137	0.106	0.116	0.179	0.127	0.127	0.074	0.117	0.137	0.085	0.105	0.137	0.138	0.180	0.138	0.147	0.139	0.116	0.126	0.138	0.116	0.201	0.179	0.159	0.106	0.137	0.180	0.212	0.106	0.157	0.180	0.159	0.244	0.170	0.201	0.190	0.180	0.138	0.128	0.167	0.190	0.191	0.159	0.137	0.233	0.190	0.222	0.201	0.159	0.170	0.159	0.137	0.202	0.190	0.211	0.137	0.180	0.193	0.157	0.169	0.180	0.212	0.180	0.178	0.223	0.137	0.201	0.158	0.264	0.191	0.191	0.180	0.126	0.169	0.169	0.232	0.128	0.137	0.180	0.169	0.223	0.233	0.126	0.233	0.243	0.117	0.190	0.169	0.169	0.180	0.167	0.201	0.222	0.159	0.127	0.169	0.137	0.200	0.200	0.106	0.116	0.190	0.190	0.168	0.177	0.189	0.253	0.201	0.242	0.200	0.147	0.253	0.221	0.137	0.180	0.201	0.222	0.211	0.211	0.180	0.189	0.149	0.135	0.148	0.137	0.127	0.178	0.128	0.117	0.148	0.116	0.126	0.169	0.148																																																																																																																																																																																																																																																																																																																															
58B_PIEN		MRS7	2016	0.000	0.0000	0	0.000		311	RINGWIDTH	1	NotAFile	8/5/2017 10:49:32	                   		6203 2201 8 Grey	Intr 0.021158 0.021141 N	EPSON EPSON Flatbed Scanner EPSON Expression 10000XL 1.8 V3.45 3.45	0.0 [0]	4222.0000 1388.0000 661.6667 1460.0000  1.0000	Tg A Int Y	50 %	N W Man	19 1.0000 Lin 1.00	0.0120 0.0148 0.0203 0.0240 0.0289 0.0365 0.0481 0.0575 0.0685 0.0869 0.1104 0.1358 0.1795 0.2183 0.2831 0.3664 0.4581 0.5495 0.7145 	16 19 23 27 29 34 40 44 50 59 68 77 92 105 122 144 164 186 219 	0.0120 0.0148 0.0203 0.0240 0.0289 0.0365 0.0481 0.0575 0.0685 0.0869 0.1104 0.1358 0.1795 0.2183 0.2831 0.3664 0.4581 0.5495 0.7145 	0.0000	0.0000	0.0000	0.0000	0.0000	0.0000	75.5401	1.568	0.748	1.356	0.734	0.899	0.837	0.846	0.663	0.899	0.705	0.981	0.835	0.911	0.670	0.620	0.782	0.663	0.596	0.583	0.722	0.748	0.571	0.595	0.516	0.591	0.492	0.633	0.456	0.456	0.556	0.576	0.513	0.400	0.518	0.331	0.284	0.345	0.487	0.406	0.385	0.368	0.368	0.365	0.385	0.427	0.470	0.327	0.408	0.366	0.294	0.315	0.388	0.340	0.270	0.368	0.246	0.246	0.330	0.270	0.270	0.374	0.195	0.243	0.313	0.271	0.293	0.230	0.251	0.188	0.230	0.293	0.272	0.216	0.274	0.231	0.182	0.253	0.232	0.267	0.155	0.204	0.218	0.210	0.204	0.245	0.182	0.182	0.188	0.168	0.175	0.252	0.188	0.251	0.273	0.377	0.377	0.230	0.208	0.209	0.251	0.245	0.153	0.226	0.133	0.161	0.147	0.168	0.126	0.155	0.218	0.169	0.190	0.182	0.182	0.175	0.162	0.190	0.175	0.148	0.211	0.147	0.168	0.147	0.148	0.147	0.162	0.191	0.226	0.127	0.219	0.132	0.184	0.133	0.120	0.090	0.169	0.192	0.132	0.156	0.176	0.104	0.164	0.155	0.082	0.200	0.134	0.126	0.141	0.127	0.090	0.091	0.127	0.120	0.155	0.091	0.120	0.104	0.135	0.099	0.127	0.126	0.168	0.127	0.113	0.133	0.135	0.106	0.156	0.167	0.122	0.099	0.098	0.119	0.084	0.065	0.083	0.106	0.098	0.112	0.106	0.163	0.118	0.084	0.086	0.083	0.084	0.079	0.093	0.096	0.101	0.077	0.105	0.120	0.134	0.099	0.092	0.104	0.094	0.083	0.078	0.091	0.041	0.114	0.133	0.141	0.092	0.106	0.113	0.162	0.134	0.127	0.225	0.141	0.113	0.211	0.120	0.183	0.176	0.162	0.125	0.148	0.154	0.147	0.181	0.182	0.162	0.127	0.175	0.133	0.133	0.127	0.147	0.189	0.134	0.182	0.148	0.141	0.148	0.134	0.134	0.120	0.127	0.113	0.112	0.141	0.120	0.212	0.141	0.091	0.098	0.127	0.106	0.106	0.092	0.105	0.113	0.120	0.120	0.127	0.141	0.155	0.120	0.078	0.112	0.085	0.113	0.106	0.120	0.148	0.141	0.120	0.091	0.148	0.106	0.119	0.091	0.085	0.106	0.106	0.127	0.120	0.106	0.113	0.162	0.091	0.127	0.127	0.092	0.127	0.106	0.078	0.092	0.120	0.134	0.155	0.127	0.092	0.099	0.064	0.113	0.190	0.339	0.120	0.120	0.134	0.141	0.106	0.092	0.120	0.140	0.106																																																																																																																																																																																																																																																																																																																									
65A_PIEN		MRS7	2016	0.000	0.0000	0	0.000		294	RINGWIDTH	1	NotAFile	8/5/2017 11:07:59	                   		6346 1972 8 Grey	Intr 0.021158 0.021141 N	EPSON EPSON Flatbed Scanner EPSON Expression 10000XL 1.8 V3.45 3.45	0.0 [0]	4925.0000 731.3333 416.6667 739.3333  1.0000	Tg A Int Y	50 %	N W Man	19 1.0000 Lin 1.00	0.0120 0.0148 0.0203 0.0240 0.0289 0.0365 0.0481 0.0575 0.0685 0.0869 0.1104 0.1358 0.1795 0.2183 0.2831 0.3664 0.4581 0.5495 0.7145 	16 19 23 27 29 34 40 44 50 59 68 77 92 105 122 144 164 186 219 	0.0120 0.0148 0.0203 0.0240 0.0289 0.0365 0.0481 0.0575 0.0685 0.0869 0.1104 0.1358 0.1795 0.2183 0.2831 0.3664 0.4581 0.5495 0.7145 	0.0000	0.0000	0.0000	0.0000	0.0000	0.0000	95.3860	0.714	0.842	0.716	0.803	0.909	0.740	0.867	0.777	0.884	0.695	1.032	0.798	0.712	0.751	0.709	0.735	0.672	0.693	0.504	0.442	0.695	0.674	0.592	0.634	0.655	0.633	0.695	0.653	0.760	0.739	0.570	0.760	0.719	0.634	0.549	0.803	0.740	0.651	0.695	0.632	0.653	0.590	0.548	0.505	0.694	0.441	0.399	0.504	0.421	0.484	0.462	0.441	0.442	0.442	0.528	0.591	0.444	0.317	0.296	0.381	0.317	0.339	0.444	0.317	0.464	0.380	0.484	0.440	0.314	0.338	0.317	0.295	0.232	0.274	0.295	0.274	0.253	0.317	0.465	0.444	0.444	0.423	0.317	0.359	0.444	0.338	0.381	0.275	0.310	0.324	0.254	0.275	0.275	0.296	0.338	0.275	0.338	0.402	0.380	0.295	0.317	0.357	0.336	0.462	0.372	0.300	0.230	0.230	0.292	0.292	0.334	0.315	0.317	0.359	0.296	0.317	0.339	0.190	0.212	0.296	0.254	0.275	0.254	0.360	0.296	0.360	0.275	0.212	0.254	0.211	0.275	0.226	0.233	0.176	0.254	0.211	0.211	0.211	0.232	0.148	0.169	0.169	0.148	0.197	0.289	0.169	0.169	0.169	0.148	0.169	0.232	0.232	0.232	0.232	0.190	0.232	0.147	0.168	0.253	0.188	0.126	0.186	0.137	0.214	0.145	0.186	0.186	0.165	0.159	0.152	0.232	0.176	0.091	0.160	0.188	0.133	0.175	0.188	0.167	0.209	0.209	0.168	0.119	0.175	0.126	0.190	0.148	0.161	0.154	0.275	0.254	0.317	0.317	0.190	0.212	0.190	0.275	0.190	0.296	0.275	0.233	0.205	0.176	0.212	0.169	0.212	0.233	0.225	0.239	0.197	0.310	0.338	0.295	0.232	0.169	0.253	0.148	0.232	0.232	0.253	0.253	0.190	0.254	0.190	0.247	0.240	0.247	0.303	0.316	0.317	0.254	0.317	0.402	0.381	0.275	0.170	0.232	0.212	0.212	0.254	0.254	0.254	0.296	0.296	0.190	0.339	0.402	0.282	0.212	0.218	0.197	0.204	0.324	0.430	0.352	0.423	0.486	0.338	0.345	0.372	0.217	0.203	0.133	0.112	0.112	0.133	0.154	0.154	0.146	0.182	0.223	0.140	0.141	0.197	0.106	0.106	0.092	0.113	0.084	0.091	0.140	0.188	0.155	0.134	0.077	0.092	0.141	0.106	0.113	0.106	0.120	0.063	0.077	0.113																																																																																																																																																																																																																																																																																																								
65B_PIEN		MRS7	2016	0.000	0.0000	0	0.000		313	RINGWIDTH	1	NotAFile	8/5/2017 11:07:59	                   		6346 1972 8 Grey	Intr 0.021158 0.021141 N	EPSON EPSON Flatbed Scanner EPSON Expression 10000XL 1.8 V3.45 3.45	0.0 [0]	5387.6667 1235.6667 545.3333 1237.0000  1.0000	Tg A Int Y	50 %	N W Man	19 1.0000 Lin 1.00	0.0120 0.0148 0.0203 0.0240 0.0289 0.0365 0.0481 0.0575 0.0685 0.0869 0.1104 0.1358 0.1795 0.2183 0.2831 0.3664 0.4581 0.5495 0.7145 	16 19 23 27 29 34 40 44 50 59 68 77 92 105 122 144 164 186 219 	0.0120 0.0148 0.0203 0.0240 0.0289 0.0365 0.0481 0.0575 0.0685 0.0869 0.1104 0.1358 0.1795 0.2183 0.2831 0.3664 0.4581 0.5495 0.7145 	0.0000	0.0000	0.0000	0.0000	0.0000	0.0000	102.4525	1.001	0.992	0.912	0.849	0.765	0.678	0.678	0.997	0.935	0.939	0.876	0.900	0.945	0.837	0.781	0.675	0.907	0.969	0.780	0.781	1.034	0.990	1.034	0.886	0.969	0.758	0.927	1.011	1.092	0.735	0.819	0.607	0.608	0.735	0.779	0.884	0.779	0.738	0.633	0.422	0.612	0.632	0.590	0.483	0.649	0.504	0.655	0.655	0.740	0.740	0.529	0.635	0.592	0.571	0.402	0.656	0.571	0.508	0.550	0.529	0.550	0.571	0.614	0.508	0.656	0.402	0.360	0.486	0.444	0.423	0.444	0.402	0.359	0.423	0.507	0.571	0.465	0.360	0.303	0.345	0.373	0.430	0.451	0.296	0.296	0.275	0.296	0.317	0.232	0.275	0.232	0.232	0.254	0.254	0.275	0.296	0.275	0.317	0.402	0.380	0.380	0.360	0.296	0.338	0.381	0.317	0.402	0.296	0.317	0.275	0.254	0.169	0.233	0.254	0.275	0.254	0.275	0.275	0.275	0.190	0.211	0.211	0.211	0.275	0.190	0.169	0.190	0.169	0.190	0.190	0.336	0.315	0.253	0.337	0.253	0.296	0.190	0.169	0.169	0.254	0.254	0.197	0.233	0.289	0.233	0.296	0.219	0.141	0.169	0.212	0.282	0.162	0.148	0.148	0.176	0.162	0.162	0.219	0.169	0.127	0.162	0.197	0.190	0.176	0.162	0.183	0.176	0.169	0.141	0.155	0.147	0.168	0.190	0.225	0.112	0.211	0.148	0.169	0.253	0.211	0.119	0.175	0.168	0.211	0.126	0.169	0.169	0.211	0.176	0.169	0.106	0.134	0.092	0.140	0.182	0.119	0.148	0.190	0.211	0.211	0.232	0.211	0.189	0.210	0.190	0.211	0.169	0.168	0.148	0.254	0.296	0.295	0.253	0.274	0.232	0.168	0.232	0.190	0.232	0.274	0.232	0.190	0.169	0.218	0.226	0.190	0.211	0.211	0.190	0.232	0.232	0.274	0.273	0.294	0.250	0.292	0.147	0.210	0.211	0.254	0.232	0.190	0.295	0.190	0.211	0.183	0.240	0.212	0.190	0.190	0.211	0.232	0.254	0.275	0.232	0.148	0.155	0.176	0.176	0.190	0.148	0.148	0.211	0.226	0.155	0.190	0.253	0.211	0.183	0.155	0.176	0.113	0.162	0.169	0.155	0.155	0.155	0.120	0.106	0.134	0.085	0.084	0.092	0.092	0.141	0.106	0.078	0.099	0.106	0.162	0.098	0.113	0.120	0.098	0.077	0.161	0.140	0.105	0.119	0.126	0.175	0.120	0.141	0.134	0.091	0.035	0.085	0.092	0.070	0.063	0.056	0.099	0.106																																																																																																																																																																																																																																																																																																																											
255A_PIEN		MRS7	2016	0.000	0.0000	0	0.000		90	RINGWIDTH	1	NotAFile	8/5/2017 09:24:31	                   		5545 1944 8 Grey	Intr 0.021158 0.021141 N	EPSON EPSON Flatbed Scanner EPSON Expression 10000XL 1.8 V3.45 3.45	0.0 [0]	4547.5000 928.0000 1050.5000 842.0000  1.0000	Tg A Int Y	50 %	N W Man	19 1.0000 Lin 1.00	0.0120 0.0148 0.0203 0.0240 0.0289 0.0365 0.0481 0.0575 0.0685 0.0869 0.1104 0.1358 0.1795 0.2183 0.2831 0.3664 0.4581 0.5495 0.7145 	16 19 23 27 29 34 40 44 50 59 68 77 92 105 122 144 164 186 219 	0.0120 0.0148 0.0203 0.0240 0.0289 0.0365 0.0481 0.0575 0.0685 0.0869 0.1104 0.1358 0.1795 0.2183 0.2831 0.3664 0.4581 0.5495 0.7145 	0.0000	0.0000	0.0000	0.0000	0.0000	0.0000	74.0107	0.806	1.022	0.989	1.096	0.953	0.834	0.816	0.772	0.646	0.606	0.767	0.564	0.755	0.675	0.786	0.599	0.703	0.558	0.654	0.572	0.734	0.792	0.735	0.801	0.715	1.034	1.102	0.802	0.822	0.823	1.025	0.900	0.879	0.797	0.752	0.775	0.941	0.823	1.072	1.178	0.834	0.730	0.817	0.986	0.735	0.754	0.942	0.900	1.026	1.537	1.145	1.075	0.859	0.859	0.721	0.643	0.626	0.711	0.671	0.877	0.879	0.923	0.720	0.740	0.884	1.069	0.802	0.720	0.823	0.720	0.925	0.594	0.878	0.733	1.077	0.624	0.556	0.343	0.507	0.339	0.490	0.589	0.696	0.610	0.532	0.473	0.541	0.707	0.738	0.696																																																																																												
255B_PIEN		MRS7	2016	0.000	0.0000	0	0.000		99	RINGWIDTH	1	NotAFile	8/5/2017 09:24:31	                   		5545 1944 8 Grey	Intr 0.021158 0.021141 N	EPSON EPSON Flatbed Scanner EPSON Expression 10000XL 1.8 V3.45 3.45	0.0 [0]	4514.0000 1424.5000 719.0000 1340.0000  1.0000	Tg A Int Y	50 %	N W Man	19 1.0000 Lin 1.00	0.0120 0.0148 0.0203 0.0240 0.0289 0.0365 0.0481 0.0575 0.0685 0.0869 0.1104 0.1358 0.1795 0.2183 0.2831 0.3664 0.4581 0.5495 0.7145 	16 19 23 27 29 34 40 44 50 59 68 77 92 105 122 144 164 186 219 	0.0120 0.0148 0.0203 0.0240 0.0289 0.0365 0.0481 0.0575 0.0685 0.0869 0.1104 0.1358 0.1795 0.2183 0.2831 0.3664 0.4581 0.5495 0.7145 	0.0000	0.0000	0.0000	0.0000	0.0000	0.0000	80.3133	1.162	1.178	0.905	0.714	1.246	1.107	1.028	1.017	0.950	1.080	1.120	1.038	1.100	1.017	0.872	0.810	0.810	0.706	0.623	0.802	0.802	0.780	0.739	0.802	0.637	0.760	0.701	0.762	0.699	0.736	0.940	0.776	0.940	0.838	1.063	1.063	0.838	0.879	0.879	0.879	0.740	0.927	0.782	0.760	0.845	1.033	0.934	1.104	1.011	0.951	0.654	0.802	1.077	0.740	0.612	0.803	0.865	0.842	0.861	0.923	1.026	0.709	0.789	0.623	0.645	0.500	0.630	0.632	0.887	0.697	0.866	0.655	0.782	0.782	1.014	0.782	0.656	0.825	0.656	0.782	0.571	0.952	0.719	0.909	0.465	0.444	0.317	0.444	0.360	0.465	0.613	0.613	0.528	0.527	0.422	0.590	0.611	0.599	0.621																																																																																																					
1191A_PIEN		MRS7	2016	0.000	0.0000	0	0.000		173	RINGWIDTH	1	NotAFile	8/5/2017 09:57:02	                   		5860 1601 8 Grey	Intr 0.021158 0.021141 N	EPSON EPSON Flatbed Scanner EPSON Expression 10000XL 1.8 V3.45 3.45	0.0 [0]	3721.5000 489.5000 279.5000 582.0000  1.0000	Tg A Int Y	50 %	N W Man	19 1.0000 Lin 1.00	0.0120 0.0148 0.0203 0.0240 0.0289 0.0365 0.0481 0.0575 0.0685 0.0869 0.1104 0.1358 0.1795 0.2183 0.2831 0.3664 0.4581 0.5495 0.7145 	16 19 23 27 29 34 40 44 50 59 68 77 92 105 122 144 164 186 219 	0.0120 0.0148 0.0203 0.0240 0.0289 0.0365 0.0481 0.0575 0.0685 0.0869 0.1104 0.1358 0.1795 0.2183 0.2831 0.3664 0.4581 0.5495 0.7145 	0.0000	0.0000	0.0000	0.0000	0.0000	0.0000	72.9486	0.535	0.475	0.598	0.501	0.764	0.847	0.375	0.666	0.396	0.386	0.315	0.459	0.426	0.295	0.327	0.418	0.388	0.416	0.396	0.479	0.252	0.440	0.650	0.545	0.440	0.328	0.386	0.589	0.422	0.371	0.347	0.414	0.495	0.402	0.444	0.171	0.294	0.309	0.367	0.381	0.317	0.351	0.263	0.295	0.380	0.338	0.401	0.529	0.382	0.337	0.359	0.338	0.338	0.338	0.402	0.422	0.316	0.337	0.464	0.484	0.608	0.565	0.670	0.481	0.335	0.303	0.053	0.042	0.083	0.107	0.049	0.084	0.116	0.147	0.146	0.125	0.270	0.201	0.168	0.200	0.148	0.147	0.336	0.338	0.267	0.222	0.221	0.243	0.230	0.245	0.253	0.199	0.253	0.211	0.298	0.315	0.235	0.293	0.232	0.338	0.295	0.358	0.358	0.337	0.337	0.295	0.358	0.358	0.422	0.527	0.465	0.465	0.507	0.591	0.634	0.550	0.549	0.549	0.528	0.613	0.550	0.698	0.804	0.635	0.501	0.536	0.656	0.592	0.677	0.698	0.571	0.592	0.592	0.529	0.592	0.635	0.635	0.508	0.381	0.402	0.486	0.507	0.608	1.007	0.714	0.652	0.568	0.650	0.564	0.416	0.417	0.502	0.481	0.711	0.648	0.710	0.631	0.694	0.460	0.334	0.329	0.276	0.416	0.223	0.276	0.312	0.271	0.250	0.291	0.290	0.379	0.427	0.412																																																																																																																																																																															
1191B_PIEN		MRS7	2016	0.000	0.0000	0	0.000		131	RINGWIDTH	1	NotAFile	8/5/2017 09:57:02	                   		5860 1601 8 Grey	Intr 0.021158 0.021141 N	EPSON EPSON Flatbed Scanner EPSON Expression 10000XL 1.8 V3.45 3.45	0.0 [0]	3326.0000 1053.5000 684.5000 1039.5000  1.0000	Tg A Int Y	50 %	N W Man	19 1.0000 Lin 1.00	0.0120 0.0148 0.0203 0.0240 0.0289 0.0365 0.0481 0.0575 0.0685 0.0869 0.1104 0.1358 0.1795 0.2183 0.2831 0.3664 0.4581 0.5495 0.7145 	16 19 23 27 29 34 40 44 50 59 68 77 92 105 122 144 164 186 219 	0.0120 0.0148 0.0203 0.0240 0.0289 0.0365 0.0481 0.0575 0.0685 0.0869 0.1104 0.1358 0.1795 0.2183 0.2831 0.3664 0.4581 0.5495 0.7145 	0.0000	0.0000	0.0000	0.0000	0.0000	0.0000	55.8888	0.179	0.127	0.254	0.242	0.148	0.171	0.104	0.127	0.095	0.116	0.149	0.189	0.274	0.295	0.232	0.190	0.253	0.857	0.219	0.093	0.053	0.104	0.074	0.054	0.104	0.074	0.063	0.083	0.095	0.094	0.167	0.188	0.167	0.178	0.199	0.126	0.148	0.126	0.137	0.137	0.148	0.211	0.169	0.158	0.126	0.158	0.189	0.210	0.178	0.178	0.125	0.105	0.188	0.156	0.156	0.167	0.125	0.209	0.199	0.199	0.231	0.314	0.356	0.335	0.483	0.420	0.420	0.546	0.483	0.527	0.570	0.612	0.505	0.630	0.547	0.568	0.591	0.613	0.634	0.846	0.846	0.634	0.550	0.718	0.803	0.761	0.804	0.909	0.804	0.697	0.782	0.825	0.994	0.910	0.867	0.592	0.571	0.698	0.718	0.697	0.802	1.140	0.950	0.887	0.864	0.925	0.796	0.647	0.647	0.751	0.751	0.835	0.751	0.894	0.769	0.892	0.788	0.498	0.370	0.425	0.486	0.323	0.341	0.375	0.372	0.385	0.341	0.372	0.379	0.462	0.508																																																																																																																																					
1277A_PIEN		MRS7	2016	0.000	0.0000	0	0.000		106	RINGWIDTH	1	NotAFile	8/5/2017 12:16:10	                   		5460 1944 8 Grey	Intr 0.021158 0.021141 N	EPSON EPSON Flatbed Scanner EPSON Expression 10000XL 1.8 V3.45 3.45	0.0 [0]	3564.5000 850.5000 774.0000 755.5000  1.0000	Tg A Int Y	50 %	N W Man	19 1.0000 Lin 1.00	0.0120 0.0148 0.0203 0.0240 0.0289 0.0365 0.0481 0.0575 0.0685 0.0869 0.1104 0.1358 0.1795 0.2183 0.2831 0.3664 0.4581 0.5495 0.7145 	16 19 23 27 29 34 40 44 50 59 68 77 92 105 122 144 164 186 219 	0.0120 0.0148 0.0203 0.0240 0.0289 0.0365 0.0481 0.0575 0.0685 0.0869 0.1104 0.1358 0.1795 0.2183 0.2831 0.3664 0.4581 0.5495 0.7145 	0.0000	0.0000	0.0000	0.0000	0.0000	0.0000	59.4174	0.076	0.863	0.565	0.528	0.395	0.438	0.426	0.547	0.494	0.457	0.430	0.368	0.335	0.435	0.648	0.798	0.728	0.683	0.628	0.682	0.342	0.515	0.402	0.444	0.467	0.490	0.458	0.456	0.495	0.415	0.415	0.379	0.458	0.381	0.442	0.381	0.582	0.590	0.614	0.719	0.658	0.618	0.520	0.333	0.313	0.397	0.463	0.485	0.524	0.395	0.494	0.575	0.614	0.330	0.414	0.456	0.435	0.376	0.356	0.440	0.398	0.482	0.629	0.738	0.738	0.825	0.590	0.550	0.571	0.423	0.383	0.312	0.336	0.441	0.462	0.568	0.674	0.717	0.590	0.379	0.399	0.357	0.336	0.315	0.441	0.483	0.608	0.461	0.692	0.608	0.755	0.524	0.441	0.525	0.589	0.689	0.543	0.649	0.692	0.734	0.650	0.674	0.547	0.543	0.792	0.811																																																																																																												
1277B_PIEN		MRS7	2016	0.000	0.0000	0	0.000		98	RINGWIDTH	1	NotAFile	8/5/2017 12:16:10	                   		5460 1944 8 Grey	Intr 0.021158 0.021141 N	EPSON EPSON Flatbed Scanner EPSON Expression 10000XL 1.8 V3.45 3.45	0.0 [0]	3821.5000 1444.5000 818.0000 1247.5000  1.0000	Tg A Int Y	50 %	N W Man	19 1.0000 Lin 1.00	0.0120 0.0148 0.0203 0.0240 0.0289 0.0365 0.0481 0.0575 0.0685 0.0869 0.1104 0.1358 0.1795 0.2183 0.2831 0.3664 0.4581 0.5495 0.7145 	16 19 23 27 29 34 40 44 50 59 68 77 92 105 122 144 164 186 219 	0.0120 0.0148 0.0203 0.0240 0.0289 0.0365 0.0481 0.0575 0.0685 0.0869 0.1104 0.1358 0.1795 0.2183 0.2831 0.3664 0.4581 0.5495 0.7145 	0.0000	0.0000	0.0000	0.0000	0.0000	0.0000	63.6834	0.018	1.332	0.799	0.716	0.898	0.518	0.860	0.906	0.939	0.868	0.688	0.733	0.699	0.662	0.485	0.570	0.642	0.725	0.624	0.625	0.689	0.580	0.761	0.550	0.631	0.586	0.788	0.651	0.694	0.777	0.834	0.855	0.712	0.696	0.614	0.491	0.493	0.494	0.639	0.597	0.609	0.548	0.603	0.707	0.752	0.582	0.710	0.689	0.587	0.483	0.504	0.548	0.527	0.653	0.715	0.804	1.206	1.227	0.825	0.655	0.592	0.381	0.347	0.354	0.240	0.344	0.315	0.378	0.673	0.790	0.585	0.402	0.508	0.407	0.395	0.423	0.508	0.465	0.607	0.506	0.550	0.503	0.527	0.421	0.363	0.462	0.338	0.465	0.402	0.465	0.444	0.507	0.527	0.589	0.573	0.654	0.889	1.037																																																																																																				
66A_PIEN		MRS7	2016	0.000	0.0000	0	0.000		199	RINGWIDTH	1	NotAFile	8/5/2017 13:28:00	                   		7118 2058 8 Grey	Intr 0.021158 0.021141 N	EPSON EPSON Flatbed Scanner EPSON Expression 10000XL 1.8 V3.45 3.45	0.0 [0]	5136.0000 843.0000 738.0000 806.0000  1.0000	Tg A Int Y	50 %	N W Man	19 1.0000 Lin 1.00	0.0120 0.0148 0.0203 0.0240 0.0289 0.0365 0.0481 0.0575 0.0685 0.0869 0.1104 0.1358 0.1795 0.2183 0.2831 0.3664 0.4581 0.5495 0.7145 	16 19 23 27 29 34 40 44 50 59 68 77 92 105 122 144 164 186 219 	0.0120 0.0148 0.0203 0.0240 0.0289 0.0365 0.0481 0.0575 0.0685 0.0869 0.1104 0.1358 0.1795 0.2183 0.2831 0.3664 0.4581 0.5495 0.7145 	0.0000	0.0000	0.0000	0.0000	0.0000	0.0000	93.3034	0.006	0.803	0.689	0.447	0.797	0.661	0.630	0.455	0.693	0.643	0.502	0.607	0.448	0.535	0.447	0.560	0.586	0.510	0.473	0.468	0.584	0.614	0.430	0.419	0.576	0.415	0.726	0.694	0.497	0.621	0.426	0.548	0.466	0.370	0.331	0.435	0.336	0.296	0.312	0.323	0.278	0.310	0.262	0.352	0.294	0.344	0.332	0.342	0.272	0.328	0.227	0.239	0.265	0.336	0.387	0.247	0.364	0.253	0.269	0.377	0.347	0.332	0.180	0.212	0.298	0.206	0.180	0.237	0.301	0.217	0.201	0.241	0.258	0.163	0.283	0.224	0.248	0.297	0.291	0.255	0.326	0.408	0.267	0.339	0.303	0.240	0.273	0.226	0.224	0.234	0.254	0.371	0.348	0.369	0.286	0.331	0.256	0.305	0.285	0.292	0.316	0.263	0.330	0.234	0.375	0.279	0.321	0.424	0.453	0.472	0.596	0.624	0.564	0.541	0.439	0.340	0.404	0.321	0.398	0.453	0.468	0.522	0.391	0.433	0.376	0.476	0.356	0.454	0.431	0.484	0.604	0.588	0.652	0.660	0.721	0.680	0.545	0.548	0.469	0.490	0.428	0.447	0.389	0.428	0.470	0.466	0.361	0.536	0.494	0.452	0.368	0.469	0.447	0.426	0.447	0.467	0.447	0.410	0.326	0.347	0.347	0.307	0.267	0.289	0.269	0.165	0.307	0.307	0.368	0.831	0.395	0.375	0.313	0.355	0.459	0.313	0.336	0.336	0.336	0.441	0.307	0.429	0.357	0.441	0.359	0.295	0.211	0.273	0.315	0.231	0.336	0.293	0.272	0.293	0.374	0.149	0.353	0.305	0.311																																																																																																																																																																																																									
66B_PIEN		MRS7	2016	0.000	0.0000	0	0.000		180	RINGWIDTH	1	NotAFile	8/5/2017 13:28:00	                   		7118 2058 8 Grey	Intr 0.021158 0.021141 N	EPSON EPSON Flatbed Scanner EPSON Expression 10000XL 1.8 V3.45 3.45	0.0 [0]	4322.5000 1291.5000 711.0000 1294.5000  1.0000	Tg A Int Y	50 %	N W Man	19 1.0000 Lin 1.00	0.0120 0.0148 0.0203 0.0240 0.0289 0.0365 0.0481 0.0575 0.0685 0.0869 0.1104 0.1358 0.1795 0.2183 0.2831 0.3664 0.4581 0.5495 0.7145 	16 19 23 27 29 34 40 44 50 59 68 77 92 105 122 144 164 186 219 	0.0120 0.0148 0.0203 0.0240 0.0289 0.0365 0.0481 0.0575 0.0685 0.0869 0.1104 0.1358 0.1795 0.2183 0.2831 0.3664 0.4581 0.5495 0.7145 	0.0000	0.0000	0.0000	0.0000	0.0000	0.0000	76.7386	0.007	0.950	0.644	0.577	0.247	0.757	0.506	0.597	0.394	0.354	0.339	0.272	0.393	0.480	0.378	0.319	0.421	0.275	0.324	0.362	0.385	0.347	0.418	0.406	0.425	0.371	0.471	0.420	0.430	0.389	0.365	0.418	0.298	0.352	0.343	0.298	0.215	0.405	0.270	0.425	0.444	0.367	0.327	0.265	0.237	0.386	0.185	0.226	0.239	0.319	0.244	0.242	0.247	0.197	0.169	0.206	0.251	0.113	0.266	0.185	0.200	0.281	0.316	0.273	0.361	0.348	0.252	0.366	0.307	0.294	0.255	0.374	0.457	0.541	0.444	0.403	0.444	0.482	0.521	0.426	0.346	0.420	0.319	0.400	0.362	0.522	0.481	0.521	0.621	0.545	0.564	0.502	0.561	0.562	0.503	0.420	0.376	0.327	0.262	0.305	0.367	0.327	0.327	0.286	0.327	0.288	0.331	0.313	0.376	0.334	0.355	0.356	0.377	0.566	0.482	0.629	0.587	0.482	0.480	0.438	0.376	0.377	0.398	0.442	0.421	0.400	0.379	0.311	0.384	0.359	0.295	0.190	0.273	0.272	0.272	0.314	0.273	0.295	0.296	0.316	0.274	0.274	0.253	0.230	0.252	0.190	0.127	0.186	0.173	0.190	0.296	0.254	0.317	0.212	0.305	0.306	0.652	0.255	0.253	0.227	0.301	0.232	0.295	0.274	0.359	0.253	0.196	0.117	0.179	0.141	0.210	0.175	0.139	0.173	0.181	0.195	0.160	0.250	0.246	0.199																																																																																																																																																																																						
67A_PIEN		MRS7	2016	0.000	0.0000	0	0.000		187	RINGWIDTH	1	NotAFile	8/5/2017 13:40:00	                   		6718 1801 8 Grey	Intr 0.021158 0.021141 N	EPSON EPSON Flatbed Scanner EPSON Expression 10000XL 1.8 V3.45 3.45	0.0 [0]	4469.0000 621.5000 787.0000 719.5000  1.0000	Tg A Int Y	50 %	N W Man	19 1.0000 Lin 1.00	0.0120 0.0148 0.0203 0.0240 0.0289 0.0365 0.0481 0.0575 0.0685 0.0869 0.1104 0.1358 0.1795 0.2183 0.2831 0.3664 0.4581 0.5495 0.7145 	16 19 23 27 29 34 40 44 50 59 68 77 92 105 122 144 164 186 219 	0.0120 0.0148 0.0203 0.0240 0.0289 0.0365 0.0481 0.0575 0.0685 0.0869 0.1104 0.1358 0.1795 0.2183 0.2831 0.3664 0.4581 0.5495 0.7145 	0.0000	0.0000	0.0000	0.0000	0.0000	0.0000	77.9301	0.170	0.127	0.196	0.191	0.156	0.215	0.207	0.212	0.236	0.264	0.234	0.262	0.356	0.354	0.285	0.272	0.165	0.163	0.177	0.220	0.251	0.204	0.267	0.253	0.254	0.274	0.261	0.264	0.257	0.228	0.229	0.263	0.248	0.248	0.297	0.264	0.184	0.203	0.217	0.215	0.286	0.287	0.306	0.153	0.212	0.193	0.210	0.300	0.231	0.221	0.211	0.162	0.215	0.215	0.233	0.213	0.301	0.234	0.192	0.278	0.202	0.141	0.254	0.275	0.194	0.335	0.318	0.264	0.219	0.274	0.323	0.179	0.248	0.192	0.283	0.307	0.254	0.199	0.311	0.424	0.408	0.408	0.353	0.366	0.366	0.313	0.332	0.406	0.345	0.365	0.328	0.251	0.308	0.365	0.436	0.517	0.528	0.502	0.507	0.587	0.586	0.487	0.486	0.427	0.433	0.356	0.319	0.461	0.460	0.600	0.624	0.721	0.457	0.474	0.433	0.514	0.555	0.604	0.549	0.513	0.657	0.555	0.719	0.679	0.498	0.607	0.628	0.649	0.651	0.649	0.709	0.732	0.753	0.607	0.588	0.693	0.671	0.567	0.378	0.356	0.439	0.441	0.526	0.568	0.463	0.527	0.591	0.633	0.568	0.549	0.623	0.475	0.380	0.359	0.423	0.444	0.508	0.656	0.614	0.528	0.529	0.571	0.508	0.423	0.406	0.503	0.444	0.529	0.423	0.529	0.479	0.620	0.423	0.380	0.296	0.296	0.337	0.253	0.359	0.444	0.359	0.402	0.423	0.401	0.337	0.545	0.461																																																																																																																																																																																													
67B_PIEN		MRS7	2016	0.000	0.0000	0	0.000		210	RINGWIDTH	1	NotAFile	8/5/2017 13:40:00	                   		6718 1801 8 Grey	Intr 0.021158 0.021141 N	EPSON EPSON Flatbed Scanner EPSON Expression 10000XL 1.8 V3.45 3.45	0.0 [0]	4493.5000 1199.5000 826.5000 1230.5000  1.0000	Tg A Int Y	50 %	N W Man	19 1.0000 Lin 1.00	0.0120 0.0148 0.0203 0.0240 0.0289 0.0365 0.0481 0.0575 0.0685 0.0869 0.1104 0.1358 0.1795 0.2183 0.2831 0.3664 0.4581 0.5495 0.7145 	16 19 23 27 29 34 40 44 50 59 68 77 92 105 122 144 164 186 219 	0.0120 0.0148 0.0203 0.0240 0.0289 0.0365 0.0481 0.0575 0.0685 0.0869 0.1104 0.1358 0.1795 0.2183 0.2831 0.3664 0.4581 0.5495 0.7145 	0.0000	0.0000	0.0000	0.0000	0.0000	0.0000	78.1660	0.032	0.260	0.248	0.321	0.257	0.296	0.305	0.333	0.248	0.234	0.334	0.383	0.270	0.319	0.277	0.261	0.199	0.180	0.169	0.217	0.204	0.190	0.176	0.194	0.240	0.224	0.218	0.183	0.202	0.204	0.278	0.292	0.330	0.299	0.237	0.287	0.251	0.270	0.204	0.178	0.129	0.194	0.199	0.276	0.185	0.258	0.294	0.243	0.287	0.291	0.253	0.233	0.232	0.231	0.268	0.268	0.291	0.251	0.251	0.192	0.173	0.215	0.217	0.297	0.339	0.281	0.200	0.221	0.222	0.201	0.238	0.220	0.200	0.220	0.181	0.303	0.202	0.223	0.306	0.280	0.204	0.123	0.183	0.175	0.150	0.182	0.244	0.223	0.323	0.322	0.262	0.322	0.341	0.363	0.283	0.324	0.246	0.307	0.286	0.266	0.245	0.326	0.407	0.428	0.448	0.430	0.451	0.472	0.337	0.244	0.261	0.328	0.369	0.287	0.246	0.268	0.289	0.350	0.410	0.431	0.411	0.474	0.492	0.536	0.433	0.413	0.437	0.415	0.332	0.290	0.375	0.315	0.335	0.376	0.419	0.355	0.439	0.397	0.440	0.463	0.480	0.466	0.442	0.566	0.482	0.629	0.650	0.482	0.505	0.503	0.505	0.639	0.647	0.591	0.527	0.485	0.527	0.506	0.611	0.631	0.461	0.308	0.387	0.400	0.379	0.400	0.436	0.403	0.442	0.421	0.427	0.373	0.408	0.441	0.372	0.358	0.253	0.318	0.356	0.445	0.570	0.549	0.485	0.413	0.483	0.477	0.359	0.380	0.401	0.393	0.453	0.358	0.587	0.486	0.590	0.464	0.358	0.316	0.401	0.485	0.359	0.465	0.591	0.485	0.401	0.401	0.400	0.379	0.482	0.482																																																																																																																																																																																																																				
96A_PIEN		MRS7	2016	0.000	0.0000	0	0.000		275	RINGWIDTH	1	NotAFile	8/5/2017 13:59:01	                   		5145 1715 8 Grey	Intr 0.021158 0.021141 N	EPSON EPSON Flatbed Scanner EPSON Expression 10000XL 1.8 V3.45 3.45	0.0 [0]	4274.0000 503.0000 602.0000 558.0000  1.0000	Tg A Int Y	50 %	N W Man	19 1.0000 Lin 1.00	0.0120 0.0148 0.0203 0.0240 0.0289 0.0365 0.0481 0.0575 0.0685 0.0869 0.1104 0.1358 0.1795 0.2183 0.2831 0.3664 0.4581 0.5495 0.7145 	16 19 23 27 29 34 40 44 50 59 68 77 92 105 122 144 164 186 219 	0.0120 0.0148 0.0203 0.0240 0.0289 0.0365 0.0481 0.0575 0.0685 0.0869 0.1104 0.1358 0.1795 0.2183 0.2831 0.3664 0.4581 0.5495 0.7145 	0.0000	0.0000	0.0000	0.0000	0.0000	0.0000	77.8258	0.584	0.987	0.967	0.552	0.662	0.607	1.290	0.534	0.506	0.418	0.383	0.366	0.582	0.428	0.461	0.484	0.435	0.342	0.419	0.363	0.403	0.570	0.366	0.354	0.356	0.438	0.440	0.259	0.258	0.257	0.355	0.356	0.334	0.334	0.413	0.275	0.360	0.403	0.362	0.426	0.284	0.346	0.408	0.427	0.406	0.263	0.305	0.244	0.265	0.245	0.248	0.289	0.207	0.270	0.308	0.288	0.350	0.289	0.330	0.268	0.289	0.309	0.248	0.271	0.230	0.248	0.248	0.206	0.186	0.207	0.228	0.207	0.271	0.229	0.250	0.229	0.187	0.228	0.207	0.187	0.229	0.208	0.187	0.208	0.165	0.187	0.207	0.249	0.249	0.207	0.290	0.207	0.289	0.248	0.206	0.207	0.290	0.290	0.270	0.250	0.292	0.309	0.373	0.312	0.208	0.271	0.230	0.272	0.251	0.250	0.187	0.227	0.229	0.229	0.186	0.290	0.188	0.251	0.251	0.230	0.314	0.294	0.252	0.294	0.231	0.252	0.273	0.231	0.272	0.314	0.354	0.228	0.332	0.270	0.249	0.330	0.267	0.205	0.185	0.226	0.285	0.205	0.270	0.270	0.290	0.293	0.230	0.167	0.169	0.145	0.188	0.272	0.251	0.188	0.251	0.314	0.272	0.335	0.187	0.270	0.249	0.166	0.246	0.206	0.268	0.227	0.309	0.268	0.394	0.304	0.256	0.290	0.332	0.354	0.250	0.314	0.294	0.337	0.274	0.193	0.271	0.232	0.231	0.315	0.273	0.252	0.336	0.274	0.294	0.273	0.230	0.251	0.251	0.231	0.253	0.274	0.253	0.295	0.274	0.274	0.210	0.253	0.294	0.212	0.179	0.222	0.231	0.253	0.253	0.295	0.316	0.253	0.232	0.232	0.198	0.241	0.183	0.220	0.190	0.189	0.231	0.220	0.157	0.253	0.295	0.274	0.159	0.137	0.126	0.159	0.158	0.189	0.190	0.199	0.159	0.128	0.148	0.116	0.115	0.127	0.128	0.116	0.169	0.189	0.147	0.177	0.201	0.202	0.147	0.223	0.182	0.147	0.186	0.182	0.135	0.211	0.161	0.190	0.159	0.158	0.114	0.169	0.163	0.089	0.182	0.158	0.169	0.163	0.146	0.147	0.126	0.116	0.148	0.137	0.151																																																																																																																																																																																																																																																																																					
96B_PIEN		MRS7	2016	0.000	0.0000	0	0.000		279	RINGWIDTH	1	NotAFile	8/5/2017 13:59:01	                   		5145 1715 8 Grey	Intr 0.021158 0.021141 N	EPSON EPSON Flatbed Scanner EPSON Expression 10000XL 1.8 V3.45 3.45	0.0 [0]	4463.5000 987.5000 922.0000 1242.5000  1.0000	Tg A Int Y	50 %	N W Man	19 1.0000 Lin 1.00	0.0120 0.0148 0.0203 0.0240 0.0289 0.0365 0.0481 0.0575 0.0685 0.0869 0.1104 0.1358 0.1795 0.2183 0.2831 0.3664 0.4581 0.5495 0.7145 	16 19 23 27 29 34 40 44 50 59 68 77 92 105 122 144 164 186 219 	0.0120 0.0148 0.0203 0.0240 0.0289 0.0365 0.0481 0.0575 0.0685 0.0869 0.1104 0.1358 0.1795 0.2183 0.2831 0.3664 0.4581 0.5495 0.7145 	0.0000	0.0000	0.0000	0.0000	0.0000	0.0000	75.3994	0.002	0.550	0.728	0.560	0.578	0.372	0.998	0.587	0.686	0.871	0.897	0.685	0.503	0.460	0.510	0.523	0.462	0.639	0.461	0.549	0.478	0.389	0.318	0.371	0.340	0.379	0.608	0.342	0.307	0.393	0.429	0.411	0.249	0.282	0.225	0.341	0.371	0.352	0.315	0.285	0.284	0.252	0.271	0.314	0.295	0.277	0.259	0.335	0.376	0.361	0.249	0.288	0.211	0.288	0.192	0.307	0.307	0.211	0.287	0.305	0.371	0.332	0.275	0.276	0.247	0.331	0.321	0.218	0.334	0.225	0.300	0.241	0.222	0.217	0.179	0.198	0.262	0.268	0.255	0.215	0.258	0.238	0.200	0.190	0.230	0.240	0.199	0.199	0.273	0.219	0.218	0.179	0.258	0.279	0.257	0.274	0.228	0.306	0.231	0.189	0.201	0.255	0.255	0.174	0.239	0.224	0.254	0.279	0.280	0.197	0.224	0.197	0.258	0.241	0.213	0.210	0.210	0.277	0.218	0.211	0.217	0.184	0.259	0.256	0.277	0.264	0.241	0.300	0.316	0.262	0.267	0.282	0.194	0.284	0.305	0.329	0.165	0.309	0.267	0.205	0.308	0.245	0.195	0.254	0.202	0.268	0.151	0.259	0.225	0.205	0.288	0.165	0.209	0.146	0.145	0.164	0.248	0.196	0.203	0.264	0.269	0.247	0.327	0.213	0.241	0.226	0.185	0.215	0.218	0.226	0.144	0.288	0.167	0.326	0.244	0.187	0.244	0.268	0.284	0.189	0.262	0.160	0.197	0.240	0.199	0.190	0.202	0.196	0.221	0.177	0.214	0.233	0.181	0.185	0.189	0.153	0.164	0.185	0.157	0.163	0.184	0.183	0.224	0.183	0.188	0.122	0.197	0.224	0.220	0.142	0.147	0.192	0.150	0.202	0.186	0.214	0.277	0.125	0.123	0.161	0.166	0.097	0.121	0.155	0.163	0.135	0.123	0.107	0.171	0.201	0.117	0.116	0.103	0.056	0.110	0.097	0.115	0.160	0.168	0.095	0.091	0.077	0.122	0.077	0.060	0.135	0.115	0.136	0.129	0.077	0.124	0.121	0.151	0.118	0.165	0.117	0.110	0.122	0.102	0.101	0.099	0.075	0.112	0.127	0.107	0.095	0.087	0.119	0.050	0.100	0.085	0.123	0.125	0.102	0.108	0.089	0.080	0.108	0.121																																																																																																																																																																																																																																																																																									
62A_PIEN		MRS7	2016	0.000	0.0000	0	0.000		274	RINGWIDTH	1	NotAFile	8/5/2017 12:51:20	                   		6632 1315 8 Grey	Intr 0.021158 0.021141 N	EPSON EPSON Flatbed Scanner EPSON Expression 10000XL 1.8 V3.45 3.45	0.0 [0]	5212.0000 1057.0000 1024.0000 1081.0000  1.0000	Tg A Int Y	50 %	N W Man	19 1.0000 Lin 1.00	0.0120 0.0148 0.0203 0.0240 0.0289 0.0365 0.0481 0.0575 0.0685 0.0869 0.1104 0.1358 0.1795 0.2183 0.2831 0.3664 0.4581 0.5495 0.7145 	16 19 23 27 29 34 40 44 50 59 68 77 92 105 122 144 164 186 219 	0.0120 0.0148 0.0203 0.0240 0.0289 0.0365 0.0481 0.0575 0.0685 0.0869 0.1104 0.1358 0.1795 0.2183 0.2831 0.3664 0.4581 0.5495 0.7145 	0.0000	0.0000	0.0000	0.0000	0.0000	0.0000	88.9145	0.762	0.546	0.559	0.407	0.538	0.305	0.755	0.523	0.499	2.749	0.470	0.506	0.543	0.524	0.529	0.531	0.536	0.558	0.524	0.486	0.320	0.404	0.451	0.412	0.453	0.613	0.412	0.447	0.447	0.428	0.350	0.425	0.313	0.347	0.288	0.329	0.292	0.350	0.333	0.373	0.356	0.300	0.337	0.341	0.347	0.379	0.321	0.301	0.202	0.284	0.285	0.303	0.285	0.224	0.204	0.224	0.202	0.205	0.281	0.222	0.266	0.226	0.285	0.246	0.220	0.203	0.155	0.160	0.110	0.165	0.132	0.133	0.180	0.186	0.193	0.215	0.243	0.218	0.253	0.206	0.247	0.227	0.209	0.184	0.214	0.175	0.185	0.122	0.184	0.205	0.215	0.174	0.185	0.176	0.175	0.124	0.092	0.133	0.246	0.190	0.156	0.156	0.167	0.157	0.167	0.114	0.250	0.203	0.209	0.258	0.171	0.249	0.175	0.217	0.124	0.175	0.314	0.146	0.237	0.175	0.195	0.166	0.240	0.104	0.217	0.157	0.175	0.196	0.145	0.146	0.136	0.188	0.136	0.156	0.199	0.177	0.187	0.269	0.207	0.176	0.156	0.167	0.157	0.184	0.192	0.136	0.136	0.115	0.125	0.156	0.093	0.135	0.168	0.200	0.189	0.126	0.161	0.119	0.135	0.197	0.143	0.093	0.181	0.209	0.113	0.300	0.231	0.219	0.305	0.264	0.343	0.284	0.297	0.263	0.370	0.450	0.379	0.272	0.192	0.259	0.321	0.369	0.437	0.366	0.443	0.338	0.423	0.496	0.401	0.633	0.690	0.698	0.370	0.280	0.321	0.382	0.368	0.344	0.472	0.329	0.311	0.316	0.281	0.211	0.284	0.292	0.349	0.346	0.335	0.340	0.236	0.235	0.203	0.311	0.290	0.228	0.320	0.293	0.374	0.343	0.304	0.366	0.469	0.344	0.325	0.262	0.263	0.272	0.304	0.379	0.334	0.314	0.358	0.313	0.231	0.367	0.357	0.332	0.252	0.314	0.210	0.283	0.282	0.378	0.375	0.294	0.378	0.285	0.400	0.442	0.305	0.336	0.336	0.348	0.389	0.346	0.471	0.431	0.462	0.316	0.358	0.306	0.222	0.295	0.264	0.327	0.254	0.296	0.285	0.306	0.285	0.391	0.328	0.380																																																																																																																																																																																																																																																																																				
62B_PIEN		MRS7	2016	0.000	0.0000	0	0.000		261	RINGWIDTH	1	NotAFile	8/5/2017 12:57:31	                   		6317 1772 8 Grey	Intr 0.021158 0.021141 N	EPSON EPSON Flatbed Scanner EPSON Expression 10000XL 1.8 V3.45 3.45	0.0 [0]	4333.5000 881.0000 725.5000 916.5000  1.0000	Tg A Int Y	50 %	N W Man	19 1.0000 Lin 1.00	0.0120 0.0148 0.0203 0.0240 0.0289 0.0365 0.0481 0.0575 0.0685 0.0869 0.1104 0.1358 0.1795 0.2183 0.2831 0.3664 0.4581 0.5495 0.7145 	16 19 23 27 29 34 40 44 50 59 68 77 92 105 122 144 164 186 219 	0.0120 0.0148 0.0203 0.0240 0.0289 0.0365 0.0481 0.0575 0.0685 0.0869 0.1104 0.1358 0.1795 0.2183 0.2831 0.3664 0.4581 0.5495 0.7145 	0.0000	0.0000	0.0000	0.0000	0.0000	0.0000	76.3406	0.632	0.528	0.440	0.484	0.527	0.506	0.463	0.545	0.484	0.380	0.459	0.527	0.550	0.486	0.357	0.358	0.253	0.463	0.794	0.399	0.335	0.356	0.293	0.334	0.354	0.354	0.312	0.333	0.293	0.398	0.334	0.273	0.273	0.210	0.231	0.149	0.251	0.295	0.232	0.296	0.317	0.359	0.317	0.296	0.317	0.254	0.296	0.296	0.275	0.253	0.253	0.252	0.272	0.252	0.210	0.273	0.316	0.380	0.274	0.253	0.232	0.253	0.253	0.189	0.210	0.252	0.253	0.210	0.168	0.231	0.231	0.231	0.189	0.251	0.271	0.291	0.291	0.311	0.333	0.354	0.250	0.250	0.332	0.373	0.290	0.250	0.314	0.251	0.315	0.272	0.231	0.230	0.220	0.240	0.251	0.158	0.219	0.189	0.210	0.189	0.209	0.314	0.251	0.231	0.252	0.231	0.231	0.336	0.273	0.252	0.252	0.273	0.231	0.231	0.232	0.253	0.274	0.232	0.295	0.317	0.296	0.296	0.233	0.190	0.442	0.358	0.464	0.274	0.358	0.337	0.422	0.379	0.337	0.356	0.314	0.251	0.252	0.295	0.316	0.337	0.253	0.210	0.252	0.274	0.211	0.190	0.211	0.148	0.253	0.149	0.168	0.116	0.241	0.229	0.252	0.252	0.190	0.190	0.210	0.189	0.232	0.190	0.192	0.221	0.169	0.112	0.161	0.158	0.158	0.177	0.190	0.190	0.190	0.275	0.232	0.246	0.219	0.298	0.241	0.156	0.162	0.218	0.189	0.231	0.231	0.230	0.168	0.253	0.169	0.189	0.168	0.167	0.210	0.231	0.295	0.274	0.295	0.190	0.189	0.210	0.231	0.211	0.193	0.186	0.211	0.316	0.253	0.316	0.337	0.337	0.338	0.211	0.232	0.253	0.254	0.275	0.317	0.339	0.359	0.422	0.443	0.337	0.316	0.376	0.399	0.527	0.316	0.316	0.358	0.358	0.443	0.484	0.442	0.420	0.460	0.482	0.585	0.461	0.439	0.421	0.401	0.400	0.337	0.464	0.422	0.400	0.294	0.243	0.262	0.228	0.273	0.229	0.291	0.231	0.252	0.232	0.273	0.252	0.253	0.317	0.253																																																																																																																																																																																																																																																																							
68A_PIEN		MRS7	2016	0.000	0.0000	0	0.000		186	RINGWIDTH	1	NotAFile	8/5/2017 14:27:09	                   		5231 1744 8 Grey	Intr 0.021158 0.021141 N	EPSON EPSON Flatbed Scanner EPSON Expression 10000XL 1.8 V3.45 3.45	0.0 [0]	2905.5000 841.5000 917.5000 833.0000  1.0000	Tg A Int Y	50 %	N W Man	19 1.0000 Lin 1.00	0.0120 0.0148 0.0203 0.0240 0.0289 0.0365 0.0481 0.0575 0.0685 0.0869 0.1104 0.1358 0.1795 0.2183 0.2831 0.3664 0.4581 0.5495 0.7145 	16 19 23 27 29 34 40 44 50 59 68 77 92 105 122 144 164 186 219 	0.0120 0.0148 0.0203 0.0240 0.0289 0.0365 0.0481 0.0575 0.0685 0.0869 0.1104 0.1358 0.1795 0.2183 0.2831 0.3664 0.4581 0.5495 0.7145 	0.0000	0.0000	0.0000	0.0000	0.0000	0.0000	42.2018	0.471	0.381	0.415	0.306	0.305	0.354	0.274	0.306	0.314	0.363	0.480	0.422	0.534	0.291	0.203	0.223	0.068	0.177	0.216	0.220	0.245	0.262	0.289	0.300	0.166	0.249	0.218	0.198	0.227	0.252	0.307	0.435	0.412	0.151	0.249	0.290	0.250	0.180	0.194	0.260	0.234	0.201	0.178	0.191	0.257	0.304	0.295	0.300	0.222	0.263	0.200	0.189	0.264	0.232	0.254	0.170	0.192	0.207	0.226	0.267	0.232	0.202	0.295	0.241	0.126	0.278	0.290	0.193	0.179	0.119	0.082	0.108	0.065	0.117	0.105	0.136	0.106	0.181	0.127	0.170	0.172	0.133	0.148	0.201	0.112	0.146	0.190	0.114	0.094	0.117	0.169	0.158	0.116	0.150	0.106	0.138	0.138	0.115	0.148	0.181	0.222	0.129	0.212	0.137	0.181	0.145	0.137	0.158	0.191	0.173	0.254	0.145	0.214	0.211	0.186	0.200	0.228	0.210	0.255	0.275	0.252	0.255	0.190	0.125	0.150	0.211	0.165	0.236	0.274	0.253	0.317	0.296	0.379	0.220	0.284	0.314	0.207	0.210	0.170	0.250	0.211	0.219	0.281	0.210	0.210	0.199	0.156	0.199	0.146	0.197	0.186	0.187	0.145	0.189	0.168	0.189	0.240	0.323	0.239	0.197	0.280	0.240	0.178	0.195	0.266	0.200	0.244	0.198	0.246	0.221	0.209	0.175	0.139	0.097	0.197	0.209	0.157	0.210	0.189	0.168	0.115	0.127	0.092	0.198	0.260	0.223																																																																																																																																																																																												
68B_PIEN		MRS7	2016	0.000	0.0000	0	0.000		194	RINGWIDTH	1	NotAFile	8/5/2017 14:27:09	                   		5231 1744 8 Grey	Intr 0.021158 0.021141 N	EPSON EPSON Flatbed Scanner EPSON Expression 10000XL 1.8 V3.45 3.45	0.0 [0]	2826.5000 1184.5000 949.0000 1315.5000  1.0000	Tg A Int Y	50 %	N W Man	19 1.0000 Lin 1.00	0.0120 0.0148 0.0203 0.0240 0.0289 0.0365 0.0481 0.0575 0.0685 0.0869 0.1104 0.1358 0.1795 0.2183 0.2831 0.3664 0.4581 0.5495 0.7145 	16 19 23 27 29 34 40 44 50 59 68 77 92 105 122 144 164 186 219 	0.0120 0.0148 0.0203 0.0240 0.0289 0.0365 0.0481 0.0575 0.0685 0.0869 0.1104 0.1358 0.1795 0.2183 0.2831 0.3664 0.4581 0.5495 0.7145 	0.0000	0.0000	0.0000	0.0000	0.0000	0.0000	40.1231	0.134	0.160	0.224	0.126	0.083	0.112	0.122	0.156	0.142	0.168	0.210	0.190	0.168	0.167	0.127	0.233	0.233	0.184	0.208	0.177	0.193	0.116	0.163	0.148	0.178	0.101	0.178	0.232	0.150	0.241	0.271	0.158	0.131	0.137	0.199	0.243	0.221	0.200	0.316	0.337	0.201	0.243	0.291	0.182	0.205	0.266	0.306	0.366	0.346	0.271	0.117	0.204	0.183	0.204	0.265	0.264	0.287	0.268	0.288	0.288	0.168	0.235	0.190	0.223	0.244	0.223	0.264	0.264	0.309	0.309	0.271	0.209	0.251	0.230	0.272	0.294	0.236	0.096	0.116	0.097	0.136	0.201	0.157	0.080	0.100	0.077	0.125	0.096	0.092	0.128	0.176	0.180	0.180	0.127	0.211	0.168	0.149	0.187	0.133	0.201	0.113	0.215	0.165	0.213	0.232	0.200	0.264	0.266	0.212	0.177	0.206	0.180	0.143	0.107	0.117	0.149	0.149	0.176	0.215	0.123	0.152	0.187	0.183	0.176	0.190	0.190	0.212	0.254	0.211	0.275	0.184	0.180	0.144	0.190	0.233	0.169	0.254	0.169	0.212	0.233	0.275	0.317	0.381	0.269	0.260	0.190	0.211	0.296	0.337	0.379	0.337	0.316	0.253	0.197	0.163	0.212	0.155	0.162	0.114	0.127	0.182	0.232	0.186	0.342	0.422	0.407	0.289	0.148	0.317	0.253	0.148	0.211	0.296	0.189	0.252	0.168	0.178	0.179	0.168	0.138	0.136	0.094	0.095	0.168	0.168	0.252	0.293	0.209	0.167	0.123	0.128	0.147	0.210	0.221																																																																																																																																																																																																				
94A_PIEN		MRS7	2016	0.000	0.0000	0	0.000		290	RINGWIDTH	1	NotAFile	8/5/2017 14:44:08	                   		6060 1429 8 Grey	Intr 0.021158 0.021141 N	EPSON EPSON Flatbed Scanner EPSON Expression 10000XL 1.8 V3.45 3.45	0.0 [0]	5240.5000 470.5000 1038.0000 452.5000  1.0000	Tg A Int Y	50 %	N W Man	19 1.0000 Lin 1.00	0.0120 0.0148 0.0203 0.0240 0.0289 0.0365 0.0481 0.0575 0.0685 0.0869 0.1104 0.1358 0.1795 0.2183 0.2831 0.3664 0.4581 0.5495 0.7145 	16 19 23 27 29 34 40 44 50 59 68 77 92 105 122 144 164 186 219 	0.0120 0.0148 0.0203 0.0240 0.0289 0.0365 0.0481 0.0575 0.0685 0.0869 0.1104 0.1358 0.1795 0.2183 0.2831 0.3664 0.4581 0.5495 0.7145 	0.0000	0.0000	0.0000	0.0000	0.0000	0.0000	88.9160	1.164	0.860	0.889	0.728	1.162	0.735	0.759	0.821	0.612	0.548	0.674	0.654	1.058	0.867	0.592	0.909	1.290	1.015	0.825	0.910	0.719	0.889	0.719	0.655	0.634	0.528	0.676	0.548	0.465	0.465	0.507	0.528	0.465	0.402	0.570	0.464	0.654	0.401	0.401	0.654	0.485	0.527	1.197	1.075	0.718	0.608	0.377	0.419	0.293	0.358	0.317	0.359	0.389	0.389	0.358	0.336	0.335	0.356	0.398	0.378	0.324	0.281	0.272	0.240	0.167	0.167	0.262	0.212	0.231	0.253	0.284	0.283	0.231	0.209	0.241	0.219	0.208	0.209	0.206	0.187	0.236	0.299	0.290	0.228	0.249	0.187	0.312	0.270	0.270	0.281	0.240	0.176	0.237	0.207	0.210	0.227	0.185	0.185	0.207	0.228	0.248	0.197	0.228	0.239	0.268	0.291	0.310	0.270	0.229	0.230	0.219	0.260	0.251	0.250	0.228	0.291	0.250	0.334	0.229	0.187	0.229	0.199	0.218	0.228	0.266	0.184	0.184	0.206	0.185	0.165	0.185	0.167	0.177	0.156	0.146	0.188	0.189	0.136	0.146	0.147	0.115	0.083	0.083	0.063	0.167	0.187	0.104	0.177	0.198	0.104	0.189	0.189	0.147	0.179	0.147	0.178	0.126	0.168	0.188	0.209	0.231	0.168	0.168	0.147	0.137	0.157	0.231	0.189	0.210	0.252	0.210	0.231	0.231	0.191	0.231	0.146	0.167	0.188	0.168	0.189	0.126	0.210	0.168	0.168	0.169	0.169	0.158	0.242	0.189	0.210	0.210	0.232	0.221	0.242	0.211	0.210	0.231	0.231	0.313	0.230	0.292	0.262	0.322	0.395	0.310	0.270	0.274	0.292	0.250	0.249	0.312	0.292	0.334	0.336	0.252	0.200	0.232	0.220	0.210	0.190	0.252	0.251	0.316	0.316	0.295	0.422	0.359	0.233	0.211	0.274	0.296	0.296	0.253	0.274	0.296	0.275	0.296	0.253	0.253	0.254	0.252	0.159	0.220	0.263	0.178	0.210	0.208	0.231	0.242	0.220	0.210	0.189	0.231	0.169	0.209	0.105	0.136	0.188	0.178	0.199	0.189	0.241	0.239	0.199	0.252	0.189	0.189	0.209	0.209	0.167	0.189	0.186	0.177	0.177	0.253	0.157	0.189	0.148	0.115	0.136	0.147	0.147	0.136	0.189	0.167	0.106	0.168	0.168	0.116	0.075																																																																																																																																																																																																																																																																																																				
94B_PIEN		MRS7	2016	0.000	0.0000	0	0.000		280	RINGWIDTH	1	NotAFile	8/5/2017 14:44:08	                   		6060 1429 8 Grey	Intr 0.021158 0.021141 N	EPSON EPSON Flatbed Scanner EPSON Expression 10000XL 1.8 V3.45 3.45	0.0 [0]	4562.5000 932.5000 963.0000 927.0000  1.0000	Tg A Int Y	50 %	N W Man	19 1.0000 Lin 1.00	0.0120 0.0148 0.0203 0.0240 0.0289 0.0365 0.0481 0.0575 0.0685 0.0869 0.1104 0.1358 0.1795 0.2183 0.2831 0.3664 0.4581 0.5495 0.7145 	16 19 23 27 29 34 40 44 50 59 68 77 92 105 122 144 164 186 219 	0.0120 0.0148 0.0203 0.0240 0.0289 0.0365 0.0481 0.0575 0.0685 0.0869 0.1104 0.1358 0.1795 0.2183 0.2831 0.3664 0.4581 0.5495 0.7145 	0.0000	0.0000	0.0000	0.0000	0.0000	0.0000	76.1572	0.479	0.496	0.422	0.513	0.548	0.490	0.355	0.520	0.372	0.466	0.448	0.667	0.522	0.704	0.631	0.671	0.501	0.447	0.504	0.421	0.439	0.497	0.606	0.429	0.493	0.601	0.584	0.658	0.475	0.641	0.557	0.557	0.543	0.489	0.392	0.373	0.512	0.513	0.481	0.383	0.383	0.342	0.381	0.401	0.401	0.419	0.338	0.341	0.338	0.497	0.378	0.319	0.220	0.222	0.223	0.183	0.202	0.200	0.180	0.239	0.222	0.202	0.202	0.222	0.180	0.180	0.140	0.200	0.176	0.144	0.180	0.140	0.160	0.151	0.149	0.188	0.114	0.164	0.200	0.220	0.219	0.140	0.140	0.160	0.160	0.202	0.202	0.141	0.182	0.163	0.223	0.203	0.164	0.225	0.204	0.144	0.206	0.226	0.195	0.171	0.151	0.099	0.144	0.144	0.206	0.174	0.184	0.137	0.182	0.208	0.145	0.189	0.141	0.206	0.205	0.204	0.143	0.153	0.133	0.185	0.183	0.163	0.146	0.160	0.184	0.167	0.181	0.164	0.226	0.206	0.164	0.127	0.110	0.134	0.165	0.206	0.196	0.150	0.188	0.183	0.149	0.198	0.159	0.125	0.194	0.135	0.293	0.125	0.138	0.159	0.166	0.173	0.132	0.125	0.132	0.131	0.159	0.138	0.183	0.187	0.228	0.228	0.229	0.250	0.188	0.218	0.196	0.207	0.232	0.204	0.231	0.183	0.254	0.195	0.176	0.165	0.162	0.187	0.207	0.224	0.227	0.243	0.231	0.207	0.308	0.247	0.284	0.223	0.223	0.226	0.247	0.226	0.285	0.332	0.350	0.329	0.267	0.291	0.331	0.289	0.238	0.362	0.288	0.253	0.376	0.502	0.313	0.313	0.292	0.292	0.238	0.365	0.376	0.335	0.335	0.335	0.480	0.411	0.264	0.250	0.296	0.298	0.268	0.310	0.289	0.351	0.286	0.350	0.305	0.352	0.296	0.305	0.243	0.271	0.264	0.291	0.350	0.351	0.310	0.389	0.277	0.255	0.284	0.288	0.254	0.195	0.181	0.138	0.173	0.215	0.154	0.188	0.188	0.194	0.133	0.167	0.191	0.132	0.153	0.147	0.091	0.119	0.154	0.140	0.098	0.147	0.133	0.130	0.084	0.084	0.053	0.106	0.150	0.112	0.066	0.163	0.049	0.104	0.109	0.088																																																																																																																																																																																																																																																																																										
1163A_PIEN		MRS7	2016	0.000	0.0000	0	0.000		141	RINGWIDTH	1	NotAFile	8/7/2017 09:55:22	                   		5803 2058 8 Grey	Intr 0.021158 0.021141 N	EPSON EPSON Flatbed Scanner EPSON Expression 10000XL 1.8 V3.45 3.45	0.0 [0]	4978.0000 826.0000 899.0000 844.0000  1.0000	Tg A Int Y	50 %	N W Man	19 1.0000 Lin 1.00	0.0120 0.0148 0.0203 0.0240 0.0289 0.0365 0.0481 0.0575 0.0685 0.0869 0.1104 0.1358 0.1795 0.2183 0.2831 0.3664 0.4581 0.5495 0.7145 	16 19 23 27 29 34 40 44 50 59 68 77 92 105 122 144 164 186 219 	0.0120 0.0148 0.0203 0.0240 0.0289 0.0365 0.0481 0.0575 0.0685 0.0869 0.1104 0.1358 0.1795 0.2183 0.2831 0.3664 0.4581 0.5495 0.7145 	0.0000	0.0000	0.0000	0.0000	0.0000	0.0000	86.3030	0.412	0.295	0.314	0.229	0.169	0.148	0.166	0.243	0.178	0.167	0.241	0.242	0.343	0.368	0.641	0.452	0.315	0.407	0.506	0.346	0.712	0.630	0.525	0.667	0.575	0.629	0.579	0.642	0.520	0.587	0.607	0.627	0.463	0.630	0.649	0.542	0.769	0.760	0.433	0.538	0.442	0.399	0.641	0.653	0.655	0.750	0.675	0.908	1.117	0.864	1.011	0.909	1.121	1.001	1.121	0.960	0.941	0.949	0.824	0.825	0.751	1.182	0.674	0.736	0.778	0.772	0.536	0.813	0.612	0.632	0.684	0.779	0.801	0.803	0.889	0.909	0.952	0.656	0.465	0.782	0.729	0.833	0.632	0.779	0.610	0.841	0.756	1.051	0.822	0.888	0.929	1.077	0.591	0.760	0.948	0.610	0.588	0.904	0.737	0.779	0.716	0.758	0.780	0.781	0.738	0.525	0.397	0.419	0.482	0.416	0.372	0.538	0.807	0.786	0.782	0.703	0.689	0.459	0.480	0.397	0.355	0.522	0.378	0.483	0.484	0.522	0.374	0.323	0.177	0.186	0.270	0.270	0.332	0.313	0.335	0.316	0.358	0.336	0.284	0.326	0.463																																																																																																																																															
1163B_PIEN		MRS7	2016	0.000	0.0000	0	0.000		180	RINGWIDTH	1	NotAFile	8/7/2017 09:55:22	                   		5803 2058 8 Grey	Intr 0.021158 0.021141 N	EPSON EPSON Flatbed Scanner EPSON Expression 10000XL 1.8 V3.45 3.45	0.0 [0]	4419.0000 1355.0000 941.0000 1398.0000  1.0000	Tg A Int Y	50 %	N W Man	19 1.0000 Lin 1.00	0.0120 0.0148 0.0203 0.0240 0.0289 0.0365 0.0481 0.0575 0.0685 0.0869 0.1104 0.1358 0.1795 0.2183 0.2831 0.3664 0.4581 0.5495 0.7145 	16 19 23 27 29 34 40 44 50 59 68 77 92 105 122 144 164 186 219 	0.0120 0.0148 0.0203 0.0240 0.0289 0.0365 0.0481 0.0575 0.0685 0.0869 0.1104 0.1358 0.1795 0.2183 0.2831 0.3664 0.4581 0.5495 0.7145 	0.0000	0.0000	0.0000	0.0000	0.0000	0.0000	73.5920	0.286	0.285	0.344	0.343	0.342	0.326	0.344	0.305	0.266	0.225	0.184	0.225	0.330	0.372	0.290	0.207	0.248	0.186	0.186	0.185	0.214	0.257	0.206	0.165	0.205	0.268	0.218	0.259	0.249	0.186	0.146	0.144	0.102	0.133	0.196	0.186	0.144	0.209	0.125	0.146	0.136	0.115	0.126	0.106	0.053	0.116	0.086	0.050	0.115	0.178	0.147	0.125	0.263	0.210	0.168	0.211	0.253	0.126	0.274	0.295	0.232	0.358	0.317	0.317	0.232	0.211	0.190	0.275	0.317	0.307	0.222	0.339	0.339	0.275	0.317	0.401	0.317	0.275	0.254	0.233	0.297	0.349	0.327	0.338	0.381	0.529	0.528	0.592	0.571	0.526	0.571	0.486	0.528	0.528	0.528	0.529	0.465	0.444	0.401	0.358	0.401	0.484	0.652	0.654	0.548	0.400	0.631	0.587	0.607	0.564	0.757	0.737	0.632	0.824	0.782	0.846	0.613	0.486	0.486	0.571	0.614	0.571	0.656	0.614	0.656	0.613	0.782	0.740	0.765	0.820	0.781	0.458	0.555	0.611	0.483	0.591	0.618	0.581	0.682	0.613	0.656	0.635	0.655	0.656	0.529	0.486	0.677	0.614	0.565	0.768	0.846	0.782	0.677	0.571	0.656	0.571	0.571	0.487	0.465	0.423	0.508	0.423	0.571	0.512	0.630	0.397	0.386	0.312	0.286	0.416	0.311	0.370	0.413	0.389	0.333	0.416	0.349	0.381	0.296	0.516																																																																																																																																																																																						
1192A_PIEN		MRS7	2016	0.000	0.0000	0	0.000		84	RINGWIDTH	1	NotAFile	8/7/2017 10:12:24	                   		4516 2745 8 Grey	Intr 0.021158 0.021141 N	EPSON EPSON Flatbed Scanner EPSON Expression 10000XL 1.8 V3.45 3.45	0.0 [0]	3348.0000 460.0000 1086.0000 492.0000  1.0000	Tg A Int Y	50 %	N W Man	19 1.0000 Lin 1.00	0.0120 0.0148 0.0203 0.0240 0.0289 0.0365 0.0481 0.0575 0.0685 0.0869 0.1104 0.1358 0.1795 0.2183 0.2831 0.3664 0.4581 0.5495 0.7145 	16 19 23 27 29 34 40 44 50 59 68 77 92 105 122 144 164 186 219 	0.0120 0.0148 0.0203 0.0240 0.0289 0.0365 0.0481 0.0575 0.0685 0.0869 0.1104 0.1358 0.1795 0.2183 0.2831 0.3664 0.4581 0.5495 0.7145 	0.0000	0.0000	0.0000	0.0000	0.0000	0.0000	47.8635	0.550	0.507	0.401	0.486	0.444	0.508	0.465	0.403	0.506	0.444	0.571	0.423	0.401	0.507	0.590	0.482	0.357	0.696	0.676	0.741	0.550	0.487	0.508	0.635	0.529	0.487	0.402	0.402	0.465	0.506	0.548	0.507	0.721	0.844	0.739	0.484	0.568	0.715	0.506	0.657	0.756	0.717	0.569	0.653	0.653	0.652	0.773	0.649	0.480	0.352	0.337	0.400	0.383	0.418	0.611	0.464	0.529	0.503	0.631	0.552	0.567	0.591	0.675	0.716	0.884	0.671	0.794	0.675	0.819	0.633	0.591	0.363	0.376	0.465	0.379	0.490	0.609	0.634	0.719	0.634	0.507	0.591	0.740	0.676																																																																																						
1192B_PIEN		MRS7	2016	0.000	0.0000	0	0.000		45	RINGWIDTH	1	NotAFile	8/7/2017 10:12:24	                   		4516 2745 8 Grey	Intr 0.021158 0.021141 N	EPSON EPSON Flatbed Scanner EPSON Expression 10000XL 1.8 V3.45 3.45	0.0 [0]	2458.0000 934.0000 1096.0000 1003.0000  1.0000	Tg A Int Y	50 %	N W Man	19 1.0000 Lin 1.00	0.0120 0.0148 0.0203 0.0240 0.0289 0.0365 0.0481 0.0575 0.0685 0.0869 0.1104 0.1358 0.1795 0.2183 0.2831 0.3664 0.4581 0.5495 0.7145 	16 19 23 27 29 34 40 44 50 59 68 77 92 105 122 144 164 186 219 	0.0120 0.0148 0.0203 0.0240 0.0289 0.0365 0.0481 0.0575 0.0685 0.0869 0.1104 0.1358 0.1795 0.2183 0.2831 0.3664 0.4581 0.5495 0.7145 	0.0000	0.0000	0.0000	0.0000	0.0000	0.0000	28.8537	0.571	0.528	0.486	0.528	0.525	0.527	0.568	0.588	0.631	0.527	0.443	0.443	0.548	0.483	0.443	0.548	0.525	0.582	0.489	0.649	0.524	0.419	0.482	0.607	0.629	0.777	0.695	0.823	0.675	0.907	0.906	0.737	0.674	0.714	0.984	0.668	0.727	0.668	0.691	0.733	0.674	0.569	0.779	0.840	0.756																																															
1276A_PIEN		MRS7	2016	0.000	0.0000	0	0.000		107	RINGWIDTH	1	NotAFile	8/7/2017 10:12:24	                   		4516 2745 8 Grey	Intr 0.021158 0.021141 N	EPSON EPSON Flatbed Scanner EPSON Expression 10000XL 1.8 V3.45 3.45	0.0 [0]	3325.0000 1778.0000 895.0000 1859.0000  1.0000	Tg A Int Y	50 %	N W Man	19 1.0000 Lin 1.00	0.0120 0.0148 0.0203 0.0240 0.0289 0.0365 0.0481 0.0575 0.0685 0.0869 0.1104 0.1358 0.1795 0.2183 0.2831 0.3664 0.4581 0.5495 0.7145 	16 19 23 27 29 34 40 44 50 59 68 77 92 105 122 144 164 186 219 	0.0120 0.0148 0.0203 0.0240 0.0289 0.0365 0.0481 0.0575 0.0685 0.0869 0.1104 0.1358 0.1795 0.2183 0.2831 0.3664 0.4581 0.5495 0.7145 	0.0000	0.0000	0.0000	0.0000	0.0000	0.0000	51.4417	0.926	0.674	1.202	0.548	0.509	0.758	0.863	0.839	0.604	0.854	0.583	0.549	1.087	0.692	0.839	1.223	0.824	0.760	0.949	1.121	0.973	0.719	0.402	0.529	0.910	0.550	0.339	0.677	0.677	0.550	0.487	0.571	0.380	0.338	0.338	0.316	0.358	0.439	0.418	0.397	0.627	0.503	0.587	0.462	0.273	0.336	0.399	0.420	0.315	0.357	0.315	0.294	0.294	0.315	0.252	0.400	0.463	0.545	0.273	0.189	0.230	0.188	0.209	0.376	0.419	0.315	0.358	0.295	0.295	0.274	0.316	0.210	0.295	0.232	0.316	0.337	0.528	0.528	0.486	0.381	0.339	0.381	0.381	0.360	0.339	0.381	0.296	0.402	0.317	0.508	0.423	0.635	0.381	0.275	0.169	0.254	0.233	0.339	0.423	0.402	0.402	0.381	0.360	0.296	0.381	0.444	0.508																																																																																																													
1276B_PIEN		MRS7	2016	0.000	0.0000	0	0.000		119	RINGWIDTH	1	NotAFile	8/7/2017 10:12:24	                   		4516 2745 8 Grey	Intr 0.021158 0.021141 N	EPSON EPSON Flatbed Scanner EPSON Expression 10000XL 1.8 V3.45 3.45	0.0 [0]	3064.5000 2228.5000 926.5000 2342.5000  1.0000	Tg A Int Y	50 %	N W Man	19 1.0000 Lin 1.00	0.0120 0.0148 0.0203 0.0240 0.0289 0.0365 0.0481 0.0575 0.0685 0.0869 0.1104 0.1358 0.1795 0.2183 0.2831 0.3664 0.4581 0.5495 0.7145 	16 19 23 27 29 34 40 44 50 59 68 77 92 105 122 144 164 186 219 	0.0120 0.0148 0.0203 0.0240 0.0289 0.0365 0.0481 0.0575 0.0685 0.0869 0.1104 0.1358 0.1795 0.2183 0.2831 0.3664 0.4581 0.5495 0.7145 	0.0000	0.0000	0.0000	0.0000	0.0000	0.0000	45.2993	1.257	1.432	0.700	0.837	0.840	0.667	0.388	0.471	0.495	0.558	0.361	0.481	0.381	0.341	0.345	0.244	0.305	0.191	0.238	0.205	0.287	0.268	0.393	0.474	0.399	0.395	0.398	0.356	0.503	0.462	0.357	0.441	0.525	0.525	0.420	0.546	0.609	0.504	0.506	0.527	0.463	0.548	0.506	0.590	0.400	0.463	0.378	0.548	0.443	0.317	0.360	0.444	0.613	0.444	0.486	0.338	0.233	0.254	0.275	0.381	0.317	0.381	0.275	0.317	0.275	0.275	0.254	0.317	0.339	0.338	0.154	0.206	0.233	0.175	0.184	0.339	0.317	0.275	0.211	0.254	0.233	0.146	0.172	0.161	0.068	0.194	0.211	0.178	0.243	0.359	0.295	0.295	0.253	0.299	0.271	0.316	0.338	0.339	0.222	0.328	0.200	0.410	0.379	0.440	0.250	0.177	0.159	0.181	0.209	0.202	0.251	0.251	0.237	0.211	0.198	0.136	0.192	0.273	0.253																																																																																																																									
151A_PIEN		MRS7	2016	0.000	0.0000	0	0.000		160	RINGWIDTH	1	NotAFile	8/7/2017 10:40:22	                   		6489 1343 8 Grey	Intr 0.021158 0.021141 N	EPSON EPSON Flatbed Scanner EPSON Expression 10000XL 1.8 V3.45 3.45	0.0 [0]	3886.0000 382.0000 726.0000 444.0000  1.0000	Tg A Int Y	50 %	N W Man	19 1.0000 Lin 1.00	0.0120 0.0148 0.0203 0.0240 0.0289 0.0365 0.0481 0.0575 0.0685 0.0869 0.1104 0.1358 0.1795 0.2183 0.2831 0.3664 0.4581 0.5495 0.7145 	16 19 23 27 29 34 40 44 50 59 68 77 92 105 122 144 164 186 219 	0.0120 0.0148 0.0203 0.0240 0.0289 0.0365 0.0481 0.0575 0.0685 0.0869 0.1104 0.1358 0.1795 0.2183 0.2831 0.3664 0.4581 0.5495 0.7145 	0.0000	0.0000	0.0000	0.0000	0.0000	0.0000	66.8711	0.256	0.282	0.138	0.220	0.254	0.254	0.260	0.199	0.232	0.208	0.168	0.168	0.115	0.242	0.158	0.179	0.147	0.190	0.199	0.167	0.261	0.228	0.229	0.233	0.167	0.251	0.199	0.252	0.283	0.242	0.284	0.220	0.255	0.165	0.188	0.231	0.252	0.242	0.307	0.305	0.304	0.369	0.273	0.243	0.242	0.344	0.222	0.306	0.336	0.284	0.220	0.348	0.463	0.398	0.378	0.285	0.390	0.359	0.335	0.390	0.432	0.443	0.561	0.516	0.397	0.474	0.442	0.356	0.494	0.506	0.511	0.570	0.580	0.653	0.694	0.629	0.506	0.588	0.548	0.390	0.560	0.540	0.538	0.496	0.466	0.401	0.455	0.402	0.465	0.475	0.530	0.528	0.361	0.494	0.484	0.731	0.676	0.465	0.484	0.452	0.547	0.546	0.518	0.464	0.644	0.644	0.644	0.587	0.619	0.580	0.719	0.475	0.551	0.623	0.547	0.472	0.637	0.554	0.597	0.523	0.601	0.600	0.439	0.472	0.359	0.398	0.324	0.396	0.501	0.515	0.537	0.512	0.470	0.493	0.561	0.657	0.500	0.489	0.579	0.471	0.642	0.509	0.652	0.546	0.757	0.469	0.420	0.399	0.345	0.408	0.356	0.517	0.431	0.453	0.400	0.326	0.347	0.326	0.450	0.519																																																																																																																																																																		
151B_PIEN		MRS7	2016	0.000	0.0000	0	0.000		142	RINGWIDTH	1	NotAFile	8/7/2017 10:40:22	                   		6489 1343 8 Grey	Intr 0.021158 0.021141 N	EPSON EPSON Flatbed Scanner EPSON Expression 10000XL 1.8 V3.45 3.45	0.0 [0]	5304.5000 855.5000 707.5000 935.0000  1.0000	Tg A Int Y	50 %	N W Man	19 1.0000 Lin 1.00	0.0120 0.0148 0.0203 0.0240 0.0289 0.0365 0.0481 0.0575 0.0685 0.0869 0.1104 0.1358 0.1795 0.2183 0.2831 0.3664 0.4581 0.5495 0.7145 	16 19 23 27 29 34 40 44 50 59 68 77 92 105 122 144 164 186 219 	0.0120 0.0148 0.0203 0.0240 0.0289 0.0365 0.0481 0.0575 0.0685 0.0869 0.1104 0.1358 0.1795 0.2183 0.2831 0.3664 0.4581 0.5495 0.7145 	0.0000	0.0000	0.0000	0.0000	0.0000	0.0000	97.2764	0.371	0.391	0.473	0.309	0.310	0.290	0.270	0.374	0.247	0.329	0.325	0.366	0.306	0.283	0.313	0.359	0.227	0.326	0.496	0.398	0.552	0.511	0.592	0.636	0.782	0.789	0.772	0.752	0.592	0.532	0.459	0.444	0.263	0.505	0.707	0.862	0.779	0.661	0.627	0.733	0.778	0.692	0.747	0.880	0.873	1.006	0.775	0.796	0.894	0.769	1.009	1.153	1.044	1.044	1.088	1.278	1.345	1.219	1.114	1.089	0.878	0.793	0.793	0.814	0.859	0.732	0.752	0.611	0.642	0.627	0.642	0.666	0.757	0.799	0.651	0.692	0.669	0.981	0.981	0.856	0.641	0.671	0.648	0.718	0.674	0.695	0.692	0.758	0.753	0.778	0.987	0.883	0.873	0.602	0.653	0.696	0.568	0.621	0.633	0.707	0.748	0.752	0.811	0.845	0.688	0.675	0.732	0.585	0.569	0.548	0.695	0.783	0.739	0.795	0.751	0.801	0.782	0.826	0.634	0.709	0.698	0.571	0.834	0.614	0.836	0.634	0.677	0.666	0.421	0.435	0.431	0.467	0.415	0.388	0.549	0.624	0.516	0.915	0.590	0.445	0.560	0.613																																																																																																																																																
103A_PIEN		MRS7	2016	0.000	0.0000	0	0.000		213	RINGWIDTH	1	NotAFile	8/7/2017 10:48:56	                   		4716 1715 8 Grey	Intr 0.021158 0.021141 N	EPSON EPSON Flatbed Scanner EPSON Expression 10000XL 1.8 V3.45 3.45	0.0 [0]	3834.0000 696.0000 1042.0000 713.0000  1.0000	Tg A Int Y	50 %	N W Man	19 1.0000 Lin 1.00	0.0120 0.0148 0.0203 0.0240 0.0289 0.0365 0.0481 0.0575 0.0685 0.0869 0.1104 0.1358 0.1795 0.2183 0.2831 0.3664 0.4581 0.5495 0.7145 	16 19 23 27 29 34 40 44 50 59 68 77 92 105 122 144 164 186 219 	0.0120 0.0148 0.0203 0.0240 0.0289 0.0365 0.0481 0.0575 0.0685 0.0869 0.1104 0.1358 0.1795 0.2183 0.2831 0.3664 0.4581 0.5495 0.7145 	0.0000	0.0000	0.0000	0.0000	0.0000	0.0000	59.0733	0.021	0.228	0.137	0.174	0.230	0.295	0.285	0.285	0.358	0.368	0.304	0.345	0.345	0.370	0.418	0.378	0.279	0.261	0.321	0.438	0.401	0.384	0.368	0.309	0.246	0.247	0.317	0.298	0.247	0.270	0.260	0.220	0.230	0.147	0.180	0.221	0.179	0.126	0.157	0.136	0.198	0.257	0.211	0.231	0.206	0.151	0.204	0.138	0.140	0.153	0.113	0.135	0.104	0.166	0.115	0.136	0.083	0.135	0.104	0.114	0.104	0.136	0.084	0.083	0.135	0.094	0.094	0.104	0.157	0.282	0.296	0.190	0.191	0.159	0.137	0.085	0.095	0.095	0.116	0.095	0.095	0.095	0.116	0.116	0.105	0.105	0.116	0.095	0.126	0.126	0.147	0.095	0.126	0.116	0.084	0.158	0.463	0.529	0.454	0.338	0.295	0.232	0.190	0.137	0.201	0.233	0.180	0.201	0.149	0.169	0.169	0.180	0.148	0.148	0.179	0.190	0.233	0.211	0.232	0.211	0.253	0.296	0.274	0.296	0.296	0.296	0.254	0.190	0.190	0.169	0.211	0.233	0.211	0.253	0.253	0.317	0.317	0.359	0.275	0.360	0.275	0.360	0.359	0.402	0.359	0.444	0.528	0.422	0.465	0.423	0.296	0.232	0.317	0.296	0.254	0.338	0.359	0.380	0.441	0.485	0.420	0.462	0.504	0.358	0.356	0.397	0.482	0.505	0.421	0.527	0.443	0.401	0.462	0.316	0.399	0.442	0.358	0.358	0.315	0.274	0.336	0.337	0.399	0.421	0.462	0.441	0.356	0.440	0.419	0.356	0.377	0.356	0.356	0.399	0.337	0.462	0.399	0.482	0.419	0.306	0.294	0.242	0.315	0.294	0.399	0.462	0.483	0.462	0.438	0.335	0.608	0.482	0.464																																																																																																																																																																																																																							
1237B_PIEN		MRS7	2016	0.000	0.0000	0	0.000		98	RINGWIDTH	1	NotAFile	8/7/2017 10:59:03	                   		4288 1572 8 Grey	Intr 0.021158 0.021141 N	EPSON EPSON Flatbed Scanner EPSON Expression 10000XL 1.8 V3.45 3.45	0.0 [0]	2386.0000 1037.0000 473.5000 1169.5000  1.0000	Tg A Int Y	50 %	N W Man	19 1.0000 Lin 1.00	0.0120 0.0148 0.0203 0.0240 0.0289 0.0365 0.0481 0.0575 0.0685 0.0869 0.1104 0.1358 0.1795 0.2183 0.2831 0.3664 0.4581 0.5495 0.7145 	16 19 23 27 29 34 40 44 50 59 68 77 92 105 122 144 164 186 219 	0.0120 0.0148 0.0203 0.0240 0.0289 0.0365 0.0481 0.0575 0.0685 0.0869 0.1104 0.1358 0.1795 0.2183 0.2831 0.3664 0.4581 0.5495 0.7145 	0.0000	0.0000	0.0000	0.0000	0.0000	0.0000	40.5609	1.102	1.066	0.826	1.119	0.829	0.618	0.924	0.479	0.796	0.429	0.292	0.663	0.613	0.665	1.255	0.536	0.339	0.365	1.074	0.728	0.583	0.514	0.475	0.331	0.293	0.535	0.519	0.435	0.373	0.455	0.455	0.704	0.457	0.605	0.543	0.308	0.186	0.193	0.249	0.192	0.243	0.179	0.252	0.211	0.253	0.190	0.220	0.251	0.223	0.171	0.226	0.209	0.319	0.253	0.295	0.274	0.231	0.253	0.125	0.201	0.189	0.181	0.188	0.148	0.173	0.241	0.160	0.252	0.369	0.349	0.284	0.233	0.237	0.253	0.232	0.180	0.283	0.211	0.253	0.216	0.395	0.214	0.259	0.210	0.177	0.155	0.190	0.165	0.237	0.211	0.211	0.190	0.165	0.200	0.164	0.241	0.330	0.465																																																																																																				
145A_PIEN		MRS7	2016	0.000	0.0000	0	0.000		207	RINGWIDTH	1	NotAFile	8/7/2017 11:09:23	                   		4688 1887 8 Grey	Intr 0.021158 0.021141 Y	EPSON EPSON Flatbed Scanner EPSON Expression 10000XL 1.8 V3.45 3.45	0.0 [0]	3972.0000 857.0000 713.0000 601.5000  1.0000	Tg A Int Y	50 %	N W Man	19 1.0000 Lin 1.00	0.0120 0.0148 0.0203 0.0240 0.0289 0.0365 0.0481 0.0575 0.0685 0.0869 0.1104 0.1358 0.1795 0.2183 0.2831 0.3664 0.4581 0.5495 0.7145 	16 19 23 27 29 34 40 44 50 59 68 77 92 105 122 144 164 186 219 	0.0120 0.0148 0.0203 0.0240 0.0289 0.0365 0.0481 0.0575 0.0685 0.0869 0.1104 0.1358 0.1795 0.2183 0.2831 0.3664 0.4581 0.5495 0.7145 	0.0000	0.0000	0.0000	0.0000	0.0000	0.0000	69.5809	0.535	0.349	0.511	0.557	0.548	1.105	1.197	0.772	0.629	0.426	0.515	0.509	0.163	0.699	0.490	0.632	0.534	0.448	0.360	0.466	0.370	0.296	0.260	0.264	0.228	0.212	0.213	0.194	0.194	0.236	0.236	0.157	0.160	0.181	0.161	0.202	0.140	0.259	0.139	0.141	0.121	0.242	0.141	0.240	0.120	0.156	0.174	0.231	0.330	0.292	0.410	0.274	0.216	0.218	0.237	0.235	0.196	0.213	0.174	0.192	0.228	0.227	0.207	0.189	0.227	0.189	0.150	0.190	0.208	0.210	0.269	0.231	0.231	0.231	0.136	0.388	0.156	0.175	0.195	0.156	0.137	0.195	0.253	0.213	0.195	0.254	0.212	0.190	0.268	0.231	0.194	0.430	0.327	0.152	0.228	0.191	0.192	0.135	0.217	0.199	0.336	0.199	0.179	0.258	0.233	0.174	0.310	0.175	0.276	0.138	0.137	0.193	0.135	0.192	0.388	0.194	0.174	0.194	0.156	0.216	0.157	0.176	1.051	0.136	0.157	0.177	0.159	0.498	0.160	0.140	0.180	0.200	0.340	0.120	0.654	0.326	0.391	0.123	0.308	0.490	0.203	0.224	0.812	0.585	0.141	0.162	0.121	0.420	0.120	0.161	0.526	0.183	0.102	0.204	1.076	0.504	0.789	0.536	0.428	0.407	0.471	1.322	0.207	0.228	0.312	0.310	0.769	0.417	0.188	0.231	0.441	0.189	0.253	0.865	0.190	0.168	0.189	0.861	0.210	1.827	0.398	0.252	0.217	0.204	0.144	0.171	1.054	0.206	0.207	0.213	0.222	0.166	0.132	0.121	0.112	0.104	0.150	0.077	0.153	0.185	0.155	0.283	0.220	0.095	0.265	0.187	0.265																																																																																																																																																																																																																	
1156A_PIEN		MRS7	2016	0.000	0.0000	0	0.000		108	RINGWIDTH	1	NotAFile	8/7/2017 12:10:19	                   		4859 1429 8 Grey	Intr 0.021158 0.021141 N	EPSON EPSON Flatbed Scanner EPSON Expression 10000XL 1.8 V3.45 3.45	0.0 [0]	1994.0000 454.5000 722.0000 440.5000  1.0000	Tg A Int Y	50 %	N W Man	19 1.0000 Lin 1.00	0.0120 0.0148 0.0203 0.0240 0.0289 0.0365 0.0481 0.0575 0.0685 0.0869 0.1104 0.1358 0.1795 0.2183 0.2831 0.3664 0.4581 0.5495 0.7145 	16 19 23 27 29 34 40 44 50 59 68 77 92 105 122 144 164 186 219 	0.0120 0.0148 0.0203 0.0240 0.0289 0.0365 0.0481 0.0575 0.0685 0.0869 0.1104 0.1358 0.1795 0.2183 0.2831 0.3664 0.4581 0.5495 0.7145 	0.0000	0.0000	0.0000	0.0000	0.0000	0.0000	26.9142	0.106	0.127	0.092	0.087	0.085	0.094	0.086	0.115	0.085	0.085	0.109	0.165	0.085	0.100	0.143	0.147	0.120	0.158	0.167	0.148	0.233	0.127	0.105	0.106	0.074	0.088	0.123	0.085	0.180	0.169	0.150	0.149	0.168	0.125	0.127	0.181	0.169	0.200	0.213	0.231	0.190	0.402	0.360	0.381	0.338	0.275	0.296	0.360	0.360	0.423	0.317	0.296	0.338	0.401	0.412	0.368	0.356	0.348	0.365	0.242	0.252	0.368	0.316	0.286	0.346	0.336	0.254	0.358	0.274	0.315	0.231	0.274	0.231	0.190	0.253	0.274	0.327	0.346	0.377	0.356	0.284	0.304	0.314	0.337	0.292	0.296	0.281	0.252	0.388	0.337	0.443	0.359	0.350	0.283	0.252	0.230	0.210	0.379	0.294	0.379	0.401	0.274	0.234	0.222	0.262	0.275	0.295	0.315																																																																																																														
1156B_PIEN		MRS7	2016	0.000	0.0000	0	0.000		265	RINGWIDTH	1	NotAFile	8/7/2017 12:10:19	                   		4859 1429 8 Grey	Intr 0.021158 0.021141 N	EPSON EPSON Flatbed Scanner EPSON Expression 10000XL 1.8 V3.45 3.45	0.0 [0]	4013.0000 1014.0000 1144.0000 973.5000  1.0000	Tg A Int Y	50 %	N W Man	19 1.0000 Lin 1.00	0.0120 0.0148 0.0203 0.0240 0.0289 0.0365 0.0481 0.0575 0.0685 0.0869 0.1104 0.1358 0.1795 0.2183 0.2831 0.3664 0.4581 0.5495 0.7145 	16 19 23 27 29 34 40 44 50 59 68 77 92 105 122 144 164 186 219 	0.0120 0.0148 0.0203 0.0240 0.0289 0.0365 0.0481 0.0575 0.0685 0.0869 0.1104 0.1358 0.1795 0.2183 0.2831 0.3664 0.4581 0.5495 0.7145 	0.0000	0.0000	0.0000	0.0000	0.0000	0.0000	60.7074	0.532	0.662	0.626	0.397	0.718	0.591	0.529	0.556	0.657	0.447	0.369	0.253	0.272	0.234	0.235	0.196	0.200	0.300	0.199	0.191	0.219	0.229	0.181	0.239	0.120	0.109	0.115	0.118	0.159	0.100	0.091	0.111	0.120	0.121	0.081	0.100	0.129	0.158	0.133	0.149	0.179	0.162	0.196	0.143	0.121	0.121	0.091	0.154	0.132	0.160	0.154	0.172	0.157	0.182	0.151	0.144	0.205	0.227	0.208	0.206	0.143	0.113	0.175	0.144	0.154	0.134	0.162	0.155	0.146	0.166	0.133	0.153	0.155	0.124	0.115	0.157	0.224	0.186	0.145	0.162	0.124	0.102	0.103	0.185	0.133	0.124	0.165	0.155	0.219	0.124	0.146	0.146	0.363	0.305	0.251	0.220	0.168	0.156	0.125	0.158	0.126	0.146	0.093	0.147	0.168	0.094	0.114	0.124	0.138	0.125	0.136	0.091	0.020	0.095	0.137	0.092	0.099	0.095	0.081	0.127	0.139	0.104	0.106	0.070	0.108	0.108	0.103	0.063	0.043	0.085	0.040	0.084	0.063	0.085	0.075	0.082	0.084	0.086	0.075	0.093	0.095	0.075	0.104	0.106	0.085	0.138	0.094	0.114	0.116	0.074	0.104	0.063	0.064	0.116	0.095	0.055	0.113	0.127	0.138	0.124	0.119	0.126	0.098	0.125	0.128	0.095	0.105	0.166	0.107	0.116	0.106	0.159	0.148	0.212	0.238	0.275	0.258	0.252	0.253	0.137	0.158	0.166	0.152	0.137	0.126	0.138	0.201	0.222	0.180	0.179	0.149	0.178	0.158	0.137	0.169	0.190	0.211	0.169	0.279	0.300	0.292	0.294	0.189	0.199	0.326	0.296	0.324	0.354	0.395	0.366	0.458	0.514	0.439	0.642	0.719	0.721	0.575	0.515	0.648	0.485	0.612	0.653	0.529	0.427	0.487	0.401	0.495	0.389	0.442	0.368	0.391	0.413	0.442	0.454	0.486	0.456	0.454	0.317	0.402	0.413	0.380	0.349	0.370	0.370	0.318	0.370	0.370	0.487	0.360	0.370	0.275	0.307	0.254	0.159	0.319	0.210	0.286	0.317	0.286	0.275	0.232	0.265	0.284	0.275	0.307																																																																																																																																																																																																																																																																											
1266A_PIEN		MRS7	2016	0.000	0.0000	0	0.000		97	RINGWIDTH	1	NotAFile	8/7/2017 12:58:51	                   		4573 9321 8 Grey	Intr 0.021158 0.021141 N	EPSON EPSON Flatbed Scanner EPSON Expression 10000XL 1.8 V3.45 3.45	0.0 [0]	3516.5000 539.5000 1426.5000 498.0000  1.0000	Tg A Int Y	50 %	N W Man	19 1.0000 Lin 1.00	0.0120 0.0148 0.0203 0.0240 0.0289 0.0365 0.0481 0.0575 0.0685 0.0869 0.1104 0.1358 0.1795 0.2183 0.2831 0.3664 0.4581 0.5495 0.7145 	16 19 23 27 29 34 40 44 50 59 68 77 92 105 122 144 164 186 219 	0.0120 0.0148 0.0203 0.0240 0.0289 0.0365 0.0481 0.0575 0.0685 0.0869 0.1104 0.1358 0.1795 0.2183 0.2831 0.3664 0.4581 0.5495 0.7145 	0.0000	0.0000	0.0000	0.0000	0.0000	0.0000	44.2283	0.658	0.464	0.715	0.717	0.638	0.620	0.454	0.578	0.434	0.455	0.478	0.355	0.356	0.336	0.296	0.317	0.254	0.360	0.360	0.317	0.254	0.317	0.254	0.296	0.338	0.401	0.338	0.526	0.379	0.378	0.462	0.546	0.547	0.337	0.130	0.185	0.208	0.250	0.192	0.287	0.228	0.332	0.370	0.281	0.233	0.292	0.332	0.349	0.266	0.426	0.485	0.421	0.428	0.467	0.388	0.291	0.325	0.225	0.216	0.224	0.269	0.173	0.207	0.291	0.322	0.308	0.414	0.473	0.424	0.509	0.445	0.460	0.608	0.628	0.565	0.620	0.486	0.467	0.323	0.578	0.617	0.796	0.529	0.507	0.245	0.452	0.611	0.639	0.746	0.705	0.645	0.525	0.587	0.510	0.554	0.659	0.950																																																																																																			
1266B_PIEN		MRS7	2016	0.000	0.0000	0	0.000		78	RINGWIDTH	1	NotAFile	8/7/2017 12:58:51	                   		4573 9321 8 Grey	Intr 0.021158 0.021141 N	EPSON EPSON Flatbed Scanner EPSON Expression 10000XL 1.8 V3.45 3.45	0.0 [0]	3543.0000 1104.5000 1511.0000 1041.5000  1.0000	Tg A Int Y	50 %	N W Man	19 1.0000 Lin 1.00	0.0120 0.0148 0.0203 0.0240 0.0289 0.0365 0.0481 0.0575 0.0685 0.0869 0.1104 0.1358 0.1795 0.2183 0.2831 0.3664 0.4581 0.5495 0.7145 	16 19 23 27 29 34 40 44 50 59 68 77 92 105 122 144 164 186 219 	0.0120 0.0148 0.0203 0.0240 0.0289 0.0365 0.0481 0.0575 0.0685 0.0869 0.1104 0.1358 0.1795 0.2183 0.2831 0.3664 0.4581 0.5495 0.7145 	0.0000	0.0000	0.0000	0.0000	0.0000	0.0000	43.0130	0.461	0.366	0.309	0.313	0.275	0.218	0.298	0.298	0.378	0.299	0.259	0.379	0.479	0.537	0.356	0.182	0.213	0.297	0.335	0.196	0.251	0.167	0.341	0.364	0.327	0.328	0.449	0.489	0.427	0.468	0.548	0.650	0.561	0.601	0.681	0.518	0.461	0.525	0.443	0.506	0.448	0.421	0.324	0.383	0.362	0.569	0.411	0.486	0.508	0.608	0.732	0.538	0.792	1.030	1.013	0.890	0.886	0.773	0.689	0.501	0.754	0.716	0.801	0.655	0.507	0.550	0.634	0.719	0.762	0.803	0.908	0.846	0.677	0.825	0.613	0.613	0.801	1.054																																																																																
182A_PIEN		MRS7	2016	0.000	0.0000	0	0.000		198	RINGWIDTH	1	NotAFile	8/7/2017 12:58:51	                   		4573 9321 8 Grey	Intr 0.021158 0.021141 N	EPSON EPSON Flatbed Scanner EPSON Expression 10000XL 1.8 V3.45 3.45	0.0 [0]	3507.5000 1955.0000 1125.0000 2015.5000  1.0000	Tg A Int Y	50 %	N W Man	19 1.0000 Lin 1.00	0.0120 0.0148 0.0203 0.0240 0.0289 0.0365 0.0481 0.0575 0.0685 0.0869 0.1104 0.1358 0.1795 0.2183 0.2831 0.3664 0.4581 0.5495 0.7145 	16 19 23 27 29 34 40 44 50 59 68 77 92 105 122 144 164 186 219 	0.0120 0.0148 0.0203 0.0240 0.0289 0.0365 0.0481 0.0575 0.0685 0.0869 0.1104 0.1358 0.1795 0.2183 0.2831 0.3664 0.4581 0.5495 0.7145 	0.0000	0.0000	0.0000	0.0000	0.0000	0.0000	50.4244	0.233	0.246	0.206	0.264	0.269	0.172	0.308	0.271	0.283	0.283	0.287	0.345	0.308	0.329	0.371	0.354	0.313	0.255	0.392	0.235	0.278	0.238	0.257	0.298	0.296	0.315	0.275	0.259	0.241	0.222	0.235	0.209	0.184	0.165	0.225	0.245	0.245	0.204	0.266	0.184	0.248	0.249	0.291	0.208	0.209	0.271	0.293	0.230	0.139	0.152	0.167	0.230	0.293	0.293	0.251	0.335	0.272	0.293	0.356	0.251	0.251	0.273	0.294	0.314	0.250	0.291	0.270	0.311	0.250	0.167	0.172	0.124	0.155	0.131	0.210	0.168	0.273	0.273	0.231	0.337	0.316	0.295	0.338	0.338	0.275	0.317	0.275	0.254	0.233	0.296	0.444	0.423	0.507	0.359	0.380	0.338	0.254	0.317	0.317	0.296	0.317	0.444	0.264	0.327	0.338	0.402	0.402	0.402	0.359	0.485	0.463	0.442	0.442	0.401	0.380	0.380	0.273	0.254	0.319	0.465	0.381	0.340	0.314	0.212	0.296	0.211	0.211	0.158	0.244	0.380	0.190	0.169	0.233	0.296	0.190	0.140	0.105	0.157	0.168	0.184	0.158	0.178	0.242	0.211	0.242	0.330	0.262	0.211	0.241	0.151	0.135	0.209	0.150	0.165	0.158	0.168	0.129	0.115	0.136	0.157	0.136	0.151	0.146	0.121	0.095	0.126	0.092	0.147	0.230	0.160	0.179	0.227	0.222	0.200	0.124	0.189	0.169	0.126	0.211	0.141	0.169	0.170	0.381	0.162	0.167	0.136	0.141	0.142	0.145	0.172	0.145	0.144	0.242	0.113	0.177	0.175	0.223	0.216																																																																																																																																																																																																								
182B_PIEN		MRS7	2016	0.000	0.0000	0	0.000		224	RINGWIDTH	1	NotAFile	8/7/2017 12:58:51	                   		4573 9321 8 Grey	Intr 0.021158 0.021141 N	EPSON EPSON Flatbed Scanner EPSON Expression 10000XL 1.8 V3.45 3.45	0.0 [0]	4106.5000 2463.5000 1049.5000 2545.0000  1.0000	Tg A Int Y	50 %	N W Man	19 1.0000 Lin 1.00	0.0120 0.0148 0.0203 0.0240 0.0289 0.0365 0.0481 0.0575 0.0685 0.0869 0.1104 0.1358 0.1795 0.2183 0.2831 0.3664 0.4581 0.5495 0.7145 	16 19 23 27 29 34 40 44 50 59 68 77 92 105 122 144 164 186 219 	0.0120 0.0148 0.0203 0.0240 0.0289 0.0365 0.0481 0.0575 0.0685 0.0869 0.1104 0.1358 0.1795 0.2183 0.2831 0.3664 0.4581 0.5495 0.7145 	0.0000	0.0000	0.0000	0.0000	0.0000	0.0000	64.7020	0.442	0.310	0.519	0.429	0.407	0.343	0.449	0.372	0.362	0.362	0.347	0.333	0.315	0.260	0.299	0.281	0.261	0.262	0.262	0.282	0.335	0.272	0.308	0.346	0.328	0.251	0.220	0.220	0.220	0.242	0.202	0.241	0.200	0.280	0.260	0.258	0.316	0.292	0.291	0.308	0.268	0.327	0.232	0.206	0.178	0.230	0.230	0.235	0.258	0.260	0.240	0.251	0.227	0.226	0.240	0.184	0.199	0.218	0.146	0.129	0.193	0.141	0.148	0.133	0.204	0.149	0.194	0.175	0.128	0.143	0.190	0.156	0.177	0.162	0.085	0.160	0.140	0.194	0.243	0.304	0.213	0.272	0.175	0.177	0.269	0.231	0.212	0.231	0.212	0.270	0.193	0.269	0.249	0.213	0.231	0.137	0.175	0.206	0.147	0.235	0.187	0.231	0.240	0.242	0.201	0.262	0.262	0.243	0.323	0.302	0.240	0.279	0.278	0.218	0.199	0.238	0.341	0.361	0.502	0.504	0.419	0.339	0.278	0.297	0.434	0.374	0.333	0.380	0.259	0.260	0.295	0.291	0.312	0.375	0.335	0.454	0.489	0.468	0.388	0.351	0.372	0.383	0.343	0.200	0.259	0.239	0.278	0.395	0.374	0.255	0.235	0.256	0.240	0.264	0.387	0.388	0.384	0.436	0.370	0.433	0.331	0.269	0.186	0.186	0.289	0.173	0.179	0.228	0.314	0.273	0.295	0.315	0.315	0.295	0.315	0.262	0.285	0.506	0.294	0.274	0.232	0.274	0.253	0.240	0.246	0.253	0.211	0.260	0.182	0.219	0.182	0.177	0.148	0.310	0.381	0.275	0.296	0.275	0.305	0.287	0.211	0.209	0.256	0.254	0.295	0.262	0.316	0.312	0.465	0.318	0.242	0.179	0.178	0.128	0.169	0.242	0.232	0.255	0.180	0.137	0.179	0.243	0.274	0.318																																																																																																																																																																																																																																		
59B_PIEN		MRS7	2016	0.000	0.0000	0	0.000		312	RINGWIDTH	1	NotAFile	8/8/2017 15:34:28	                   		6289 3402 8 Grey	Intr 0.021158 0.021141 N	EPSON EPSON Flatbed Scanner EPSON Expression 10000XL 1.8 V3.45 3.45	0.0 [0]	3717.0000 289.0000 887.0000 371.6667  1.0000	Tg A Int Y	50 %	N W Man	19 1.0000 Lin 1.00	0.0120 0.0148 0.0203 0.0240 0.0289 0.0365 0.0481 0.0575 0.0685 0.0869 0.1104 0.1358 0.1795 0.2183 0.2831 0.3664 0.4581 0.5495 0.7145 	16 19 23 27 29 34 40 44 50 59 68 77 92 105 122 144 164 186 219 	0.0120 0.0148 0.0203 0.0240 0.0289 0.0365 0.0481 0.0575 0.0685 0.0869 0.1104 0.1358 0.1795 0.2183 0.2831 0.3664 0.4581 0.5495 0.7145 	0.0000	0.0000	0.0000	0.0000	0.0000	0.0000	60.7423	0.789	0.159	1.230	0.608	0.722	0.602	0.522	0.385	0.442	0.480	0.699	0.481	0.415	0.477	0.488	0.427	0.388	0.450	0.627	0.431	0.395	0.338	0.341	0.262	0.424	0.323	0.304	0.366	0.286	0.329	0.268	0.266	0.286	0.247	0.312	0.397	0.313	0.399	0.336	0.316	0.252	0.253	0.316	0.358	0.231	0.316	0.294	0.243	0.211	0.348	0.206	0.279	0.253	0.233	0.211	0.253	0.253	0.211	0.333	0.180	0.184	0.232	0.190	0.243	0.200	0.190	0.185	0.227	0.232	0.222	0.222	0.174	0.132	0.180	0.206	0.195	0.201	0.137	0.185	0.201	0.148	0.196	0.190	0.137	0.127	0.127	0.100	0.132	0.164	0.111	0.122	0.169	0.185	0.169	0.132	0.143	0.127	0.132	0.169	0.106	0.127	0.153	0.106	0.137	0.116	0.099	0.113	0.130	0.127	0.120	0.113	0.116	0.109	0.106	0.109	0.106	0.127	0.137	0.137	0.067	0.123	0.106	0.081	0.092	0.095	0.088	0.106	0.120	0.116	0.116	0.071	0.060	0.116	0.095	0.078	0.120	0.116	0.102	0.099	0.107	0.105	0.071	0.092	0.099	0.088	0.088	0.116	0.078	0.095	0.067	0.091	0.113	0.099	0.095	0.070	0.088	0.099	0.077	0.120	0.110	0.106	0.096	0.073	0.112	0.081	0.078	0.088	0.092	0.095	0.141	0.099	0.102	0.099	0.096	0.083	0.068	0.083	0.089	0.099	0.120	0.120	0.134	0.120	0.109	0.123	0.109	0.095	0.106	0.106	0.109	0.159	0.140	0.159	0.119	0.155	0.102	0.120	0.134	0.127	0.116	0.123	0.099	0.088	0.162	0.162	0.193	0.123	0.137	0.147	0.148	0.169	0.159	0.162	0.187	0.116	0.120	0.130	0.166	0.162	0.144	0.165	0.162	0.187	0.225	0.218	0.225	0.176	0.215	0.162	0.204	0.214	0.205	0.239	0.232	0.232	0.169	0.184	0.123	0.120	0.130	0.137	0.134	0.144	0.148	0.137	0.162	0.159	0.155	0.152	0.087	0.053	0.095	0.120	0.113	0.099	0.098	0.127	0.130	0.130	0.130	0.148	0.131	0.109	0.106	0.102	0.102	0.105	0.123	0.095	0.151	0.141	0.116	0.118	0.104	0.130	0.106	0.102	0.090	0.080	0.074	0.148	0.123	0.109	0.123	0.113	0.092	0.104	0.143	0.060	0.099	0.106	0.088	0.089	0.123	0.113	0.116	0.116	0.088	0.074	0.099	0.112	0.113	0.162	0.133	0.112	0.127	0.098	0.113	0.134	0.105	0.106	0.141																																																																																																																																																																																																																																																																																																																										
1159B_PIEN		MRS7	2016	0.000	0.0000	0	0.000		259	RINGWIDTH	1	NotAFile	8/8/2017 15:34:28	                   		6289 3402 8 Grey	Intr 0.021158 0.021141 N	EPSON EPSON Flatbed Scanner EPSON Expression 10000XL 1.8 V3.45 3.45	0.0 [0]	5393.0000 1578.5000 715.5000 1660.0000  1.0000	Tg A Int Y	50 %	N W Man	19 1.0000 Lin 1.00	0.0120 0.0148 0.0203 0.0240 0.0289 0.0365 0.0481 0.0575 0.0685 0.0869 0.1104 0.1358 0.1795 0.2183 0.2831 0.3664 0.4581 0.5495 0.7145 	16 19 23 27 29 34 40 44 50 59 68 77 92 105 122 144 164 186 219 	0.0120 0.0148 0.0203 0.0240 0.0289 0.0365 0.0481 0.0575 0.0685 0.0869 0.1104 0.1358 0.1795 0.2183 0.2831 0.3664 0.4581 0.5495 0.7145 	0.0000	0.0000	0.0000	0.0000	0.0000	0.0000	98.9800	0.444	0.316	0.359	0.232	0.253	0.401	0.253	0.274	0.274	0.296	0.338	0.337	0.274	0.232	0.274	0.274	0.317	0.315	0.252	0.251	0.210	0.169	0.211	0.250	0.253	0.211	0.232	0.274	0.274	0.191	0.252	0.190	0.172	0.188	0.211	0.296	0.213	0.273	0.245	0.368	0.339	0.339	0.317	0.296	0.423	0.360	0.275	0.277	0.254	0.222	0.242	0.263	0.232	0.126	0.220	0.255	0.222	0.198	0.171	0.189	0.187	0.150	0.190	0.158	0.189	0.199	0.148	0.158	0.169	0.200	0.157	0.178	0.211	0.238	0.239	0.293	0.271	0.198	0.177	0.155	0.319	0.223	0.283	0.247	0.292	0.271	0.305	0.382	0.187	0.220	0.187	0.276	0.292	0.243	0.174	0.270	0.283	0.255	0.271	0.329	0.234	0.273	0.240	0.289	0.249	0.270	0.256	0.304	0.298	0.288	0.134	0.252	0.241	0.319	0.339	0.251	0.353	0.245	0.321	0.373	0.378	0.314	0.257	0.235	0.437	0.278	0.293	0.461	0.435	0.382	0.335	0.452	0.323	0.279	0.296	0.423	0.328	0.438	0.338	0.398	0.356	0.451	0.380	0.487	0.385	0.285	0.467	0.399	0.420	0.357	0.547	0.611	0.674	0.673	0.697	0.571	0.507	0.507	0.449	0.563	0.570	0.676	0.570	0.380	0.418	0.510	0.507	0.676	0.675	0.613	0.719	0.740	0.634	0.571	0.508	0.444	0.423	0.339	0.316	0.402	0.465	0.402	0.284	0.413	0.296	0.401	0.338	0.401	0.296	0.465	0.444	0.316	0.445	0.506	0.546	0.614	0.496	0.475	0.487	0.487	0.486	0.444	0.465	0.528	0.549	0.591	0.465	0.656	0.635	0.592	0.424	0.527	0.465	0.423	0.571	0.613	0.582	0.551	0.496	0.509	0.654	0.571	0.614	0.520	0.517	0.443	0.551	0.529	0.632	0.676	0.612	0.591	0.507	0.655	0.698	0.634	0.571	0.571	0.592	0.656	0.486	0.656	0.592	0.634	0.465	0.373	0.391	0.272	0.444	0.317	0.423	0.550	0.423	0.529	0.571	0.468	0.528	0.483	0.529																																																																																																																																																																																																																																																																					
1193B_PIEN		MRS7	2016	0.000	0.0000	0	0.000		63	RINGWIDTH	1	NotAFile	8/8/2017 15:34:28	                   		6289 3402 8 Grey	Intr 0.021158 0.021141 N	EPSON EPSON Flatbed Scanner EPSON Expression 10000XL 1.8 V3.45 3.45	0.0 [0]	2701.0000 2984.5000 1921.5000 2928.5000  1.0000	Tg A Int Y	50 %	N W Man	19 1.0000 Lin 1.00	0.0120 0.0148 0.0203 0.0240 0.0289 0.0365 0.0481 0.0575 0.0685 0.0869 0.1104 0.1358 0.1795 0.2183 0.2831 0.3664 0.4581 0.5495 0.7145 	16 19 23 27 29 34 40 44 50 59 68 77 92 105 122 144 164 186 219 	0.0120 0.0148 0.0203 0.0240 0.0289 0.0365 0.0481 0.0575 0.0685 0.0869 0.1104 0.1358 0.1795 0.2183 0.2831 0.3664 0.4581 0.5495 0.7145 	0.0000	0.0000	0.0000	0.0000	0.0000	0.0000	16.5349	0.017	0.226	0.279	0.217	0.140	0.175	0.108	0.229	0.114	0.311	0.184	0.256	0.200	0.263	0.217	0.182	0.236	0.221	0.245	0.354	0.166	0.266	0.129	0.235	0.173	0.276	0.192	0.247	0.127	0.097	0.148	0.194	0.299	0.373	0.330	0.179	0.317	0.276	0.337	0.179	0.206	0.167	0.200	0.180	0.323	0.430	0.312	0.521	0.328	0.251	0.112	0.163	0.202	0.213	0.218	0.249	0.307	0.289	0.235	0.234	0.306	0.343	0.425																																																																	
1274A_PIEN		MRS7	2016	0.000	0.0000	0	0.000		118	RINGWIDTH	1	NotAFile	8/8/2017 15:49:48	                   		4173 2030 8 Grey	Intr 0.021158 0.021141 N	EPSON EPSON Flatbed Scanner EPSON Expression 10000XL 1.8 V3.45 3.45	0.0 [0]	3521.0000 1049.0000 910.0000 913.0000  1.0000	Tg A Int Y	50 %	N W Man	19 1.0000 Lin 1.00	0.0120 0.0148 0.0203 0.0240 0.0289 0.0365 0.0481 0.0575 0.0685 0.0869 0.1104 0.1358 0.1795 0.2183 0.2831 0.3664 0.4581 0.5495 0.7145 	16 19 23 27 29 34 40 44 50 59 68 77 92 105 122 144 164 186 219 	0.0120 0.0148 0.0203 0.0240 0.0289 0.0365 0.0481 0.0575 0.0685 0.0869 0.1104 0.1358 0.1795 0.2183 0.2831 0.3664 0.4581 0.5495 0.7145 	0.0000	0.0000	0.0000	0.0000	0.0000	0.0000	55.3175	0.580	1.148	0.953	0.555	0.396	0.318	0.359	0.397	0.443	0.958	0.871	1.219	0.750	0.737	0.607	0.630	0.608	0.405	0.516	0.847	0.726	0.625	0.690	0.828	0.630	0.611	0.566	0.445	0.561	0.581	0.387	0.399	0.397	0.438	0.345	0.345	0.342	0.305	0.423	0.463	0.484	0.393	0.355	0.298	0.360	0.300	0.300	0.260	0.340	0.320	0.380	0.502	0.483	0.548	0.550	0.531	0.467	0.487	0.547	0.448	0.490	0.619	0.581	0.479	0.542	0.381	0.430	0.477	0.414	0.295	0.369	0.425	0.324	0.350	0.403	0.364	0.359	0.300	0.262	0.218	0.343	0.363	0.358	0.224	0.294	0.217	0.284	0.218	0.303	0.293	0.323	0.310	0.323	0.398	0.281	0.333	0.363	0.435	0.366	0.419	0.531	0.483	0.459	0.319	0.269	0.283	0.196	0.365	0.304	0.318	0.323	0.347	0.279	0.338	0.281	0.286	0.376	0.392																																																																																																																								
1274B_PIEN		MRS7	2016	0.000	0.0000	0	0.000		138	RINGWIDTH	1	NotAFile	8/8/2017 15:49:48	                   		4173 2030 8 Grey	Intr 0.021158 0.021141 N	EPSON EPSON Flatbed Scanner EPSON Expression 10000XL 1.8 V3.45 3.45	0.0 [0]	2941.0000 1539.0000 1191.0000 1459.0000  1.0000	Tg A Int Y	50 %	N W Man	19 1.0000 Lin 1.00	0.0120 0.0148 0.0203 0.0240 0.0289 0.0365 0.0481 0.0575 0.0685 0.0869 0.1104 0.1358 0.1795 0.2183 0.2831 0.3664 0.4581 0.5495 0.7145 	16 19 23 27 29 34 40 44 50 59 68 77 92 105 122 144 164 186 219 	0.0120 0.0148 0.0203 0.0240 0.0289 0.0365 0.0481 0.0575 0.0685 0.0869 0.1104 0.1358 0.1795 0.2183 0.2831 0.3664 0.4581 0.5495 0.7145 	0.0000	0.0000	0.0000	0.0000	0.0000	0.0000	37.0645	0.089	0.511	0.628	0.605	0.484	0.555	0.323	0.363	0.393	0.349	0.353	0.353	0.291	0.463	0.271	0.268	0.202	0.146	0.154	0.106	0.112	0.138	0.144	0.158	0.207	0.265	0.202	0.217	0.137	0.207	0.160	0.169	0.199	0.205	0.315	0.377	0.527	0.500	0.500	0.447	0.485	0.496	0.417	0.480	0.574	0.477	0.578	0.599	0.693	0.695	0.598	0.654	0.512	0.502	0.431	0.496	0.568	0.382	0.330	0.317	0.304	0.247	0.263	0.326	0.408	0.247	0.255	0.227	0.195	0.299	0.275	0.225	0.224	0.241	0.250	0.218	0.269	0.258	0.284	0.273	0.168	0.154	0.177	0.186	0.215	0.197	0.229	0.236	0.237	0.206	0.151	0.178	0.199	0.149	0.066	0.100	0.149	0.119	0.175	0.123	0.157	0.122	0.118	0.069	0.087	0.178	0.131	0.089	0.069	0.111	0.086	0.036	0.094	0.082	0.100	0.107	0.091	0.054	0.071	0.076	0.058	0.073	0.075	0.110	0.091	0.066	0.076	0.070	0.099	0.106	0.113	0.098	0.093	0.148	0.112	0.147	0.177	0.211																																																																																																																																												
181A_PIEN		MRS7	2016	0.000	0.0000	0	0.000		193	RINGWIDTH	1	NotAFile	8/8/2017 16:07:40	                   		4002 1315 8 Grey	Intr 0.021158 0.021141 N	EPSON EPSON Flatbed Scanner EPSON Expression 10000XL 1.8 V3.45 3.45	0.0 [0]	2892.0000 326.0000 812.0000 329.5000  1.0000	Tg A Int Y	50 %	N W Man	19 1.0000 Lin 1.00	0.0120 0.0148 0.0203 0.0240 0.0289 0.0365 0.0481 0.0575 0.0685 0.0869 0.1104 0.1358 0.1795 0.2183 0.2831 0.3664 0.4581 0.5495 0.7145 	16 19 23 27 29 34 40 44 50 59 68 77 92 105 122 144 164 186 219 	0.0120 0.0148 0.0203 0.0240 0.0289 0.0365 0.0481 0.0575 0.0685 0.0869 0.1104 0.1358 0.1795 0.2183 0.2831 0.3664 0.4581 0.5495 0.7145 	0.0000	0.0000	0.0000	0.0000	0.0000	0.0000	44.1123	0.035	0.282	0.259	0.420	0.301	0.232	0.177	0.248	0.432	0.357	0.270	0.296	0.251	0.278	0.274	0.242	0.262	0.235	0.256	0.293	0.384	0.200	0.351	0.281	0.189	0.172	0.173	0.214	0.134	0.118	0.173	0.133	0.136	0.154	0.153	0.175	0.154	0.140	0.111	0.119	0.090	0.110	0.093	0.094	0.121	0.084	0.149	0.152	0.151	0.110	0.151	0.144	0.120	0.094	0.131	0.150	0.155	0.102	0.176	0.105	0.175	0.174	0.201	0.240	0.151	0.170	0.150	0.114	0.146	0.112	0.159	0.118	0.190	0.134	0.213	0.273	0.129	0.204	0.138	0.178	0.199	0.183	0.137	0.139	0.175	0.214	0.214	0.214	0.155	0.173	0.210	0.210	0.173	0.213	0.236	0.177	0.198	0.178	0.198	0.159	0.199	0.178	0.197	0.215	0.174	0.211	0.119	0.159	0.169	0.138	0.177	0.177	0.217	0.157	0.139	0.199	0.141	0.242	0.141	0.202	0.182	0.201	0.220	0.160	0.201	0.221	0.343	0.244	0.283	0.243	0.203	0.184	0.213	0.198	0.206	0.269	0.207	0.248	0.186	0.248	0.248	0.247	0.330	0.310	0.289	0.251	0.272	0.208	0.293	0.273	0.272	0.273	0.294	0.209	0.274	0.253	0.274	0.275	0.211	0.232	0.211	0.233	0.191	0.339	0.402	0.296	0.275	0.338	0.253	0.232	0.232	0.359	0.338	0.295	0.232	0.295	0.253	0.253	0.232	0.189	0.189	0.147	0.189	0.168	0.232	0.168	0.210	0.210	0.211	0.104	0.189	0.230	0.230																																																																																																																																																																																																			
181B_PIEN		MRS7	2016	0.000	0.0000	0	0.000		196	RINGWIDTH	1	NotAFile	8/8/2017 16:07:40	                   		4002 1315 8 Grey	Intr 0.021158 0.021141 N	EPSON EPSON Flatbed Scanner EPSON Expression 10000XL 1.8 V3.45 3.45	0.0 [0]	3320.3333 967.3333 851.6667 919.6667  1.0000	Tg A Int Y	50 %	N W Man	19 1.0000 Lin 1.00	0.0120 0.0148 0.0203 0.0240 0.0289 0.0365 0.0481 0.0575 0.0685 0.0869 0.1104 0.1358 0.1795 0.2183 0.2831 0.3664 0.4581 0.5495 0.7145 	16 19 23 27 29 34 40 44 50 59 68 77 92 105 122 144 164 186 219 	0.0120 0.0148 0.0203 0.0240 0.0289 0.0365 0.0481 0.0575 0.0685 0.0869 0.1104 0.1358 0.1795 0.2183 0.2831 0.3664 0.4581 0.5495 0.7145 	0.0000	0.0000	0.0000	0.0000	0.0000	0.0000	52.2869	0.129	0.176	0.112	0.130	0.121	0.177	0.151	0.152	0.170	0.237	0.147	0.161	0.282	0.277	0.225	0.225	0.262	0.249	0.287	0.189	0.268	0.316	0.267	0.391	0.401	0.300	0.275	0.262	0.271	0.275	0.223	0.149	0.187	0.190	0.160	0.193	0.176	0.172	0.185	0.104	0.127	0.116	0.093	0.135	0.129	0.106	0.282	0.177	0.252	0.182	0.182	0.222	0.248	0.193	0.155	0.149	0.136	0.209	0.078	0.182	0.214	0.175	0.194	0.311	0.271	0.270	0.253	0.316	0.259	0.158	0.138	0.424	0.121	0.283	0.282	0.186	0.193	0.351	0.376	0.243	0.225	0.263	0.164	0.142	0.182	0.142	0.116	0.167	0.242	0.464	0.430	0.246	0.368	0.453	0.373	0.268	0.373	0.395	0.437	0.352	0.207	0.294	0.336	0.420	0.293	0.272	0.313	0.334	0.356	0.251	0.230	0.189	0.272	0.230	0.210	0.251	0.251	0.209	0.251	0.189	0.293	0.168	0.252	0.210	0.274	0.336	0.315	0.252	0.273	0.400	0.337	0.358	0.316	0.253	0.274	0.274	0.274	0.232	0.275	0.253	0.233	0.212	0.254	0.190	0.233	0.275	0.296	0.190	0.169	0.275	0.190	0.233	0.233	0.296	0.296	0.275	0.275	0.296	0.338	0.381	0.360	0.296	0.317	0.317	0.296	0.275	0.402	0.465	0.381	0.339	0.423	0.402	0.296	0.254	0.360	0.317	0.317	0.190	0.402	0.233	0.275	0.254	0.184	0.191	0.175	0.156	0.176	0.225	0.176	0.212	0.184	0.168	0.092	0.204	0.288	0.192																																																																																																																																																																																																						
144A_PIEN		MRS7	2016	0.000	0.0000	0	0.000		234	RINGWIDTH	1	NotAFile	8/7/2017 13:24:28	                   		8004 1486 8 Grey	Intr 0.021158 0.021141 N	EPSON EPSON Flatbed Scanner EPSON Expression 10000XL 1.8 V3.45 3.45	0.0 [0]	5549.0000 603.0000 806.0000 583.0000  1.0000	Tg A Int Y	50 %	N W Man	19 1.0000 Lin 1.00	0.0120 0.0148 0.0203 0.0240 0.0289 0.0365 0.0481 0.0575 0.0685 0.0869 0.1104 0.1358 0.1795 0.2183 0.2831 0.3664 0.4581 0.5495 0.7145 	16 19 23 27 29 34 40 44 50 59 68 77 92 105 122 144 164 186 219 	0.0120 0.0148 0.0203 0.0240 0.0289 0.0365 0.0481 0.0575 0.0685 0.0869 0.1104 0.1358 0.1795 0.2183 0.2831 0.3664 0.4581 0.5495 0.7145 	0.0000	0.0000	0.0000	0.0000	0.0000	0.0000	100.5262	0.641	0.538	0.657	0.570	0.570	0.427	0.497	0.595	0.510	0.412	0.501	0.424	0.427	0.574	0.526	0.371	0.353	0.432	0.411	0.434	0.384	0.386	0.523	0.473	0.384	0.398	0.510	0.456	0.372	0.336	0.414	0.465	0.532	0.477	0.502	0.371	0.402	0.416	0.350	0.448	0.511	0.411	0.513	0.515	0.620	0.642	0.546	0.555	0.449	0.432	0.411	0.566	0.584	0.336	0.504	0.512	0.695	0.539	0.635	0.539	0.520	0.672	0.708	0.456	0.506	0.367	0.465	0.488	0.467	0.369	0.349	0.483	0.482	0.385	0.472	0.454	0.438	0.354	0.329	0.341	0.323	0.428	0.365	0.303	0.279	0.337	0.378	0.333	0.392	0.411	0.446	0.565	0.430	0.451	0.319	0.299	0.299	0.414	0.413	0.391	0.353	0.446	0.319	0.555	0.424	0.245	0.300	0.162	0.215	0.225	0.223	0.164	0.275	0.227	0.249	0.241	0.169	0.180	0.230	0.190	0.178	0.198	0.199	0.160	0.200	0.178	0.169	0.139	0.088	0.139	0.171	0.192	0.171	0.172	0.161	0.181	0.229	0.175	0.094	0.092	0.111	0.145	0.103	0.155	0.144	0.206	0.134	0.092	0.092	0.113	0.092	0.092	0.042	0.053	0.069	0.103	0.062	0.093	0.106	0.091	0.072	0.052	0.103	0.064	0.093	0.073	0.133	0.103	0.174	0.153	0.131	0.193	0.174	0.162	0.152	0.229	0.247	0.269	0.202	0.247	0.225	0.205	0.213	0.281	0.265	0.288	0.329	0.353	0.432	0.453	0.512	0.511	0.612	0.392	0.416	0.566	0.404	0.399	0.356	0.493	0.428	0.497	0.371	0.455	0.412	0.585	0.652	0.484	0.459	0.455	0.743	0.579	0.455	0.307	0.404	0.462	0.533	0.782	0.625	0.503	0.251	0.353	0.293	0.439	1.068	0.438	0.221	0.189	0.179	0.244	0.223	0.063	0.147	0.115																																																																																																																																																																																																																																												
144B_PIEN		MRS7	2016	0.000	0.0000	0	0.000		273	RINGWIDTH	1	NotAFile	8/7/2017 13:24:28	                   		8004 1486 8 Grey	Intr 0.021158 0.021141 N	EPSON EPSON Flatbed Scanner EPSON Expression 10000XL 1.8 V3.45 3.45	0.0 [0]	6168.5000 1090.5000 751.0000 1068.5000  1.0000	Tg A Int Y	50 %	N W Man	19 1.0000 Lin 1.00	0.0120 0.0148 0.0203 0.0240 0.0289 0.0365 0.0481 0.0575 0.0685 0.0869 0.1104 0.1358 0.1795 0.2183 0.2831 0.3664 0.4581 0.5495 0.7145 	16 19 23 27 29 34 40 44 50 59 68 77 92 105 122 144 164 186 219 	0.0120 0.0148 0.0203 0.0240 0.0289 0.0365 0.0481 0.0575 0.0685 0.0869 0.1104 0.1358 0.1795 0.2183 0.2831 0.3664 0.4581 0.5495 0.7145 	0.0000	0.0000	0.0000	0.0000	0.0000	0.0000	115.4449	0.745	0.792	0.714	0.286	0.868	0.809	0.993	0.696	0.599	0.500	0.870	0.647	0.590	0.523	0.579	0.507	0.526	0.518	0.525	0.625	0.534	0.438	0.503	0.538	0.555	0.386	0.372	0.387	0.419	0.510	0.485	0.416	0.330	0.295	0.297	0.316	0.318	0.351	0.280	0.314	0.366	0.490	0.439	0.330	0.332	0.314	0.349	0.338	0.416	0.433	0.252	0.314	0.400	0.613	0.519	0.576	0.537	0.465	0.541	0.485	0.446	0.501	0.372	0.373	0.379	0.403	0.282	0.319	0.391	0.385	0.303	0.395	0.360	0.362	0.307	0.290	0.232	0.291	0.271	0.270	0.272	0.255	0.228	0.265	0.226	0.242	0.242	0.231	0.273	0.158	0.218	0.158	0.157	0.177	0.239	0.217	0.197	0.196	0.233	0.158	0.280	0.195	0.175	0.354	0.337	0.397	0.318	0.261	0.100	0.159	0.201	0.202	0.160	0.181	0.141	0.172	0.205	0.182	0.194	0.205	0.250	0.206	0.245	0.234	0.161	0.150	0.172	0.253	0.264	0.203	0.264	0.184	0.304	0.344	0.243	0.184	0.181	0.165	0.257	0.212	0.208	0.261	0.384	0.283	0.225	0.186	0.143	0.132	0.113	0.160	0.120	0.151	0.187	0.206	0.167	0.150	0.315	0.204	0.174	0.141	0.130	0.140	0.151	0.131	0.225	0.183	0.285	0.226	0.251	0.289	0.271	0.269	0.229	0.310	0.451	0.474	0.476	0.395	0.272	0.293	0.356	0.398	0.419	0.460	0.480	0.603	0.725	0.699	0.626	0.646	0.787	0.491	0.450	0.554	0.473	0.455	0.333	0.603	0.435	0.463	0.395	0.540	0.581	0.765	0.757	0.513	0.638	0.579	0.870	0.830	0.540	0.436	0.395	0.436	0.540	0.457	0.457	0.459	0.523	0.503	0.436	0.581	0.662	0.496	0.414	0.477	0.436	0.378	0.337	0.380	0.507	0.420	0.335	0.331	0.430	0.450	0.380	0.442	0.328	0.268	0.386	0.389	0.309	0.511	0.375	0.253	0.271	0.357	0.386	0.305	0.226	0.315	0.305	0.325	0.255	0.397	0.301	0.360	0.207	0.148	0.147	0.242	0.166	0.120	0.193	0.227	0.181	0.299	0.325	0.210	0.201	0.237	0.261																																																																																																																																																																																																																																																																																			
145A_PIEN		MRS7	2016	0.000	0.0000	0	0.000		311	RINGWIDTH	1	NotAFile	8/7/2017 11:25:47	                   		4631 1915 8 Grey	Intr 0.021158 0.021141 N	EPSON EPSON Flatbed Scanner EPSON Expression 10000XL 1.8 V3.45 3.45	0.0 [0]	3965.0000 1328.0000 452.0000 1255.0000  1.0000	Tg A Int Y	50 %	N W Man	19 1.0000 Lin 1.00	0.0120 0.0148 0.0203 0.0240 0.0289 0.0365 0.0481 0.0575 0.0685 0.0869 0.1104 0.1358 0.1795 0.2183 0.2831 0.3664 0.4581 0.5495 0.7145 	16 19 23 27 29 34 40 44 50 59 68 77 92 105 122 144 164 186 219 	0.0120 0.0148 0.0203 0.0240 0.0289 0.0365 0.0481 0.0575 0.0685 0.0869 0.1104 0.1358 0.1795 0.2183 0.2831 0.3664 0.4581 0.5495 0.7145 	0.0000	0.0000	0.0000	0.0000	0.0000	0.0000	74.7548	0.037	0.791	0.636	0.499	0.709	1.114	0.343	0.522	0.413	0.454	0.374	0.325	0.310	0.310	0.232	0.250	0.365	0.529	0.307	0.308	0.383	0.387	0.318	0.513	0.323	0.380	0.266	0.364	0.406	0.426	0.276	0.320	0.449	0.514	0.370	0.351	0.267	0.354	0.271	0.396	0.292	0.230	0.251	0.188	0.272	0.271	0.293	0.209	0.272	0.272	0.188	0.209	0.314	0.357	0.294	0.273	0.232	0.253	0.211	0.241	0.179	0.231	0.209	0.220	0.146	0.147	0.178	0.209	0.189	0.189	0.146	0.146	0.158	0.115	0.167	0.209	0.158	0.220	0.168	0.271	0.189	0.126	0.095	0.105	0.115	0.104	0.146	0.210	0.116	0.094	0.190	0.168	0.169	0.210	0.189	0.232	0.210	0.294	0.251	0.250	0.146	0.189	0.210	0.210	0.147	0.190	0.232	0.274	0.231	0.222	0.211	0.242	0.211	0.211	0.211	0.190	0.232	0.190	0.148	0.148	0.169	0.190	0.169	0.137	0.190	0.201	0.158	0.179	0.200	0.200	0.158	0.116	0.232	0.232	0.232	0.233	0.211	0.190	0.233	0.212	0.148	0.212	0.169	0.211	0.169	0.169	0.117	0.190	0.148	0.169	0.201	0.254	0.232	0.212	0.169	0.147	0.211	0.189	0.232	0.253	0.338	0.243	0.243	0.169	0.169	0.169	0.275	0.233	0.211	0.148	0.169	0.232	0.169	0.180	0.159	0.201	0.286	0.232	0.275	0.254	0.233	0.254	0.138	0.116	0.148	0.074	0.137	0.085	0.106	0.159	0.116	0.148	0.148	0.148	0.148	0.127	0.158	0.127	0.190	0.116	0.127	0.127	0.211	0.148	0.200	0.158	0.222	0.243	0.295	0.159	0.200	0.273	0.273	0.253	0.232	0.179	0.200	0.189	0.232	0.252	0.294	0.252	0.252	0.315	0.314	0.292	0.272	0.272	0.293	0.210	0.189	0.252	0.252	0.189	0.189	0.189	0.189	0.211	0.231	0.232	0.190	0.243	0.275	0.283	0.253	0.275	0.359	0.296	0.159	0.138	0.180	0.159	0.232	0.232	0.232	0.232	0.295	0.275	0.190	0.275	0.253	0.211	0.191	0.254	0.254	0.254	0.233	0.275	0.317	0.296	0.317	0.212	0.233	0.254	0.212	0.254	0.148	0.148	0.169	0.116	0.127	0.232	0.243	0.222	0.180	0.233	0.191	0.232	0.211	0.169	0.232	0.212	0.190	0.191	0.159	0.148	0.138	0.085	0.095	0.095	0.127	0.095	0.148	0.159	0.169	0.138	0.190	0.095	0.190	0.159	0.211																																																																																																																																																																																																																																																																																																																									
1156A_PIEN		MRS7	2016	0.000	0.0000	0	0.000		145	RINGWIDTH	1	NotAFile	8/7/2017 11:41:02	                   		4716 1772 8 Grey	Intr 0.021158 0.021141 N	EPSON EPSON Flatbed Scanner EPSON Expression 10000XL 1.8 V3.45 3.45	0.0 [0]	4107.0000 789.0000 815.0000 666.5000  1.0000	Tg A Int Y	50 %	N W Man	19 1.0000 Lin 1.00	0.0120 0.0148 0.0203 0.0240 0.0289 0.0365 0.0481 0.0575 0.0685 0.0869 0.1104 0.1358 0.1795 0.2183 0.2831 0.3664 0.4581 0.5495 0.7145 	16 19 23 27 29 34 40 44 50 59 68 77 92 105 122 144 164 186 219 	0.0120 0.0148 0.0203 0.0240 0.0289 0.0365 0.0481 0.0575 0.0685 0.0869 0.1104 0.1358 0.1795 0.2183 0.2831 0.3664 0.4581 0.5495 0.7145 	0.0000	0.0000	0.0000	0.0000	0.0000	0.0000	69.6992	1.757	0.938	0.184	1.236	3.168	0.610	1.068	0.230	0.711	0.707	0.583	0.606	0.749	0.541	0.476	0.476	0.669	0.692	0.568	0.589	0.589	0.232	0.337	0.545	0.482	0.503	0.440	0.378	0.482	0.461	0.484	0.463	0.592	0.444	0.275	0.698	0.317	0.338	0.312	0.275	0.614	0.571	0.254	0.465	0.781	0.697	0.931	3.406	2.221	0.296	0.317	7.373	0.147	0.170	0.135	0.139	0.179	0.179	0.168	0.169	0.139	0.108	0.125	0.085	0.130	0.147	0.180	0.180	0.127	0.160	0.103	0.151	0.178	0.169	0.189	0.223	0.212	0.190	0.389	0.359	0.362	0.357	0.278	0.296	0.338	0.371	0.429	0.317	0.300	0.349	0.393	0.457	0.342	0.380	0.337	0.360	0.253	0.284	0.348	0.243	0.337	0.319	0.366	0.273	0.303	0.304	0.290	0.264	0.263	0.253	0.200	0.211	0.293	0.336	0.317	0.412	0.304	0.338	0.283	0.358	0.325	0.285	0.284	0.295	0.285	0.348	0.369	0.412	0.359	0.397	0.238	0.272	0.220	0.203	0.371	0.323	0.363	0.380	0.283	0.285	0.212	0.235	0.274	0.288	0.337																																																																																																																																																			
127A_PICO		MRS7	2016	0.000	0.0000	0	0.000		121	RINGWIDTH	1	NotAFile	8/5/2017 11:26:37	                   		6689 2316 8 Grey	Intr 0.021158 0.021141 N	EPSON EPSON Flatbed Scanner EPSON Expression 10000XL 1.8 V3.45 3.45	0.0 [0]	4447.0000 1065.0000 1101.0000 1036.0000  1.0000	Tg A Int Y	50 %	N W Man	19 1.0000 Lin 1.00	0.0120 0.0148 0.0203 0.0240 0.0289 0.0365 0.0481 0.0575 0.0685 0.0869 0.1104 0.1358 0.1795 0.2183 0.2831 0.3664 0.4581 0.5495 0.7145 	16 19 23 27 29 34 40 44 50 59 68 77 92 105 122 144 164 186 219 	0.0120 0.0148 0.0203 0.0240 0.0289 0.0365 0.0481 0.0575 0.0685 0.0869 0.1104 0.1358 0.1795 0.2183 0.2831 0.3664 0.4581 0.5495 0.7145 	0.0000	0.0000	0.0000	0.0000	0.0000	0.0000	70.7963	1.570	1.242	1.047	1.071	1.034	0.879	1.071	1.054	0.899	0.852	0.938	1.107	0.967	0.160	0.364	0.192	0.106	0.306	0.211	0.222	0.336	0.453	0.490	0.439	0.544	0.535	0.587	0.553	0.474	0.452	0.453	0.581	0.607	0.804	0.899	0.591	0.768	0.896	0.932	0.696	0.650	0.749	0.811	0.862	1.008	0.771	0.751	0.635	0.528	0.509	0.528	0.337	0.359	0.409	0.476	0.338	0.402	0.389	0.359	0.402	0.370	0.328	0.421	0.454	0.335	0.356	0.439	0.410	0.454	0.591	0.431	0.516	0.400	0.622	0.666	0.676	0.558	0.746	0.782	0.680	0.760	0.752	0.899	1.129	0.971	0.938	0.735	0.898	0.729	0.627	0.686	0.637	0.607	0.324	0.280	0.377	0.345	0.345	0.444	0.373	0.377	0.347	0.345	0.543	0.479	0.545	0.334	0.352	0.377	0.323	0.433	0.385	0.449	0.366	0.386	0.381	0.356	0.429	0.415	0.271	0.418																																																																																																																											
127B_PICO		MRS7	2016	0.000	0.0000	0	0.000		146	RINGWIDTH	1	NotAFile	8/5/2017 11:26:37	                   		6689 2316 8 Grey	Intr 0.021158 0.021141 N	EPSON EPSON Flatbed Scanner EPSON Expression 10000XL 1.8 V3.45 3.45	0.0 [0]	5637.0000 1546.0000 871.5000 1591.5000  1.0000	Tg A Int Y	50 %	N W Man	19 1.0000 Lin 1.00	0.0120 0.0148 0.0203 0.0240 0.0289 0.0365 0.0481 0.0575 0.0685 0.0869 0.1104 0.1358 0.1795 0.2183 0.2831 0.3664 0.4581 0.5495 0.7145 	16 19 23 27 29 34 40 44 50 59 68 77 92 105 122 144 164 186 219 	0.0120 0.0148 0.0203 0.0240 0.0289 0.0365 0.0481 0.0575 0.0685 0.0869 0.1104 0.1358 0.1795 0.2183 0.2831 0.3664 0.4581 0.5495 0.7145 	0.0000	0.0000	0.0000	0.0000	0.0000	0.0000	100.8315	0.803	1.054	1.199	1.012	1.182	1.501	1.372	1.761	1.943	1.834	1.514	1.186	1.446	1.267	1.121	1.109	1.229	1.701	1.559	1.252	1.391	1.072	1.450	1.696	1.860	1.139	0.740	0.762	1.014	1.142	1.121	1.100	1.206	0.931	1.121	0.952	1.184	1.058	0.373	0.642	1.297	1.362	0.267	0.601	0.741	0.762	0.613	0.505	0.773	1.010	1.119	1.099	1.136	1.721	1.359	1.196	1.169	1.307	1.120	1.135	1.067	0.858	0.580	0.635	0.506	0.298	0.381	0.844	0.907	0.843	0.659	0.529	0.149	0.085	0.115	0.139	0.113	0.116	0.085	0.138	0.127	0.106	0.116	0.147	0.158	0.159	0.147	0.180	0.137	0.158	0.137	0.158	0.200	0.179	0.265	0.147	0.212	0.159	0.169	0.201	0.201	0.116	0.306	0.325	0.221	0.358	0.304	0.283	0.303	0.313	0.466	0.346	0.533	0.506	0.458	0.510	0.495	0.650	0.512	0.616	0.628	0.463	0.496	0.429	0.320	0.337	0.296	0.345	0.382	0.433	0.362	0.251	0.214	0.297	0.419	0.300	0.289	0.233	0.307	0.316	0.231	0.229	0.305	0.235	0.306	0.411																																																																																																																																																				
48A_PICO		MRS7	2016	0.000	0.0000	0	0.000		107	RINGWIDTH	1	NotAFile	8/5/2017 12:32:15	                   		6317 1486 8 Grey	Intr 0.021158 0.021141 N	EPSON EPSON Flatbed Scanner EPSON Expression 10000XL 1.8 V3.45 3.45	0.0 [0]	4333.0000 588.5000 410.5000 525.0000  1.0000	Tg A Int Y	50 %	N W Man	19 1.0000 Lin 1.00	0.0120 0.0148 0.0203 0.0240 0.0289 0.0365 0.0481 0.0575 0.0685 0.0869 0.1104 0.1358 0.1795 0.2183 0.2831 0.3664 0.4581 0.5495 0.7145 	16 19 23 27 29 34 40 44 50 59 68 77 92 105 122 144 164 186 219 	0.0120 0.0148 0.0203 0.0240 0.0289 0.0365 0.0481 0.0575 0.0685 0.0869 0.1104 0.1358 0.1795 0.2183 0.2831 0.3664 0.4581 0.5495 0.7145 	0.0000	0.0000	0.0000	0.0000	0.0000	0.0000	83.0019	2.934	1.205	1.106	1.556	1.335	0.301	0.403	0.321	0.387	0.499	0.444	0.426	0.441	0.486	0.384	0.377	0.426	0.440	0.406	0.487	0.584	0.761	0.592	0.760	0.611	0.585	0.645	0.624	0.796	0.859	0.924	0.841	0.587	0.691	0.731	0.906	0.865	0.911	0.936	0.877	1.065	1.014	0.952	0.755	0.811	0.779	0.736	0.722	0.826	0.688	0.840	0.711	1.311	0.707	0.918	0.849	1.006	0.738	0.813	0.703	0.829	0.550	0.774	0.803	0.922	0.734	0.762	0.755	0.752	0.784	0.804	0.930	0.878	0.848	0.710	0.672	0.697	0.865	1.073	0.925	0.828	0.767	0.539	0.472	0.456	0.464	0.722	0.609	0.615	0.762	0.656	0.681	0.584	0.541	0.587	0.628	0.902	0.812	0.949	0.842	0.864	0.687	0.901	0.727	0.709	0.501	0.520																																																																																																													
48B_PICO		MRS7	2016	0.000	0.0000	0	0.000		102	RINGWIDTH	1	NotAFile	8/5/2017 12:32:15	                   		6317 1486 8 Grey	Intr 0.021158 0.021141 N	EPSON EPSON Flatbed Scanner EPSON Expression 10000XL 1.8 V3.45 3.45	0.0 [0]	4127.0000 1032.0000 515.0000 992.5000  1.0000	Tg A Int Y	50 %	N W Man	19 1.0000 Lin 1.00	0.0120 0.0148 0.0203 0.0240 0.0289 0.0365 0.0481 0.0575 0.0685 0.0869 0.1104 0.1358 0.1795 0.2183 0.2831 0.3664 0.4581 0.5495 0.7145 	16 19 23 27 29 34 40 44 50 59 68 77 92 105 122 144 164 186 219 	0.0120 0.0148 0.0203 0.0240 0.0289 0.0365 0.0481 0.0575 0.0685 0.0869 0.1104 0.1358 0.1795 0.2183 0.2831 0.3664 0.4581 0.5495 0.7145 	0.0000	0.0000	0.0000	0.0000	0.0000	0.0000	76.4261	0.067	0.537	0.438	0.567	0.653	0.243	0.314	0.327	0.604	0.600	0.449	0.528	0.498	0.508	0.554	0.547	0.613	0.628	0.801	0.792	0.700	0.881	0.931	1.086	1.217	1.236	1.148	0.913	1.010	0.957	1.189	1.148	1.086	1.024	1.066	1.087	1.447	0.987	0.560	0.596	0.861	0.923	0.930	0.816	0.727	0.846	0.910	1.050	0.941	0.846	0.824	0.803	0.702	0.783	0.695	0.684	0.695	0.824	1.098	0.970	0.817	0.935	0.605	0.603	0.708	0.710	0.686	0.681	0.625	0.599	0.560	0.574	0.732	0.676	0.550	0.799	1.046	0.738	0.496	0.455	0.465	0.487	0.453	0.528	0.644	0.591	0.506	0.358	0.409	0.496	0.466	0.656	0.841	0.713	0.614	0.613	0.515	0.601	0.570	0.433	0.443	0.423																																																																																																								
205B_PIFL		MRS7	2016	0.000	0.0000	0	0.000		201	RINGWIDTH	1	NotAFile	8/7/2017 15:26:00	                   		8290 3288 8 Grey	Intr 0.021158 0.021141 N	EPSON EPSON Flatbed Scanner EPSON Expression 10000XL 1.8 V3.45 3.45	0.0 [0]	5577.5000 1107.0000 1888.5000 1139.5000  1.0000	Tg A Int Y	50 %	N W Man	19 1.0000 Lin 1.00	0.0120 0.0148 0.0203 0.0240 0.0289 0.0365 0.0481 0.0575 0.0685 0.0869 0.1104 0.1358 0.1795 0.2183 0.2831 0.3664 0.4581 0.5495 0.7145 	16 19 23 27 29 34 40 44 50 59 68 77 92 105 122 144 164 186 219 	0.0120 0.0148 0.0203 0.0240 0.0289 0.0365 0.0481 0.0575 0.0685 0.0869 0.1104 0.1358 0.1795 0.2183 0.2831 0.3664 0.4581 0.5495 0.7145 	0.0000	0.0000	0.0000	0.0000	0.0000	0.0000	78.0537	0.597	0.709	0.591	0.647	0.520	0.622	0.520	0.458	0.560	0.476	0.522	0.433	0.468	0.605	0.407	0.619	0.733	0.598	0.648	0.722	0.676	0.596	0.611	0.529	0.592	0.482	0.368	0.407	0.402	0.504	0.556	0.386	0.389	0.377	0.338	0.485	0.339	0.421	0.443	0.401	0.327	0.306	0.369	0.327	0.297	0.358	0.306	0.323	0.358	0.469	0.472	0.324	0.461	0.388	0.325	0.346	0.359	0.380	0.347	0.447	0.422	0.388	0.402	0.454	0.369	0.380	0.416	0.306	0.337	0.287	0.380	0.220	0.211	0.370	0.378	0.384	0.275	0.303	0.284	0.347	0.391	0.360	0.342	0.455	0.452	0.520	0.452	0.580	0.533	0.530	0.481	0.461	0.402	0.466	0.640	0.474	0.714	0.905	1.361	0.502	0.920	0.907	0.635	0.919	0.707	0.565	0.626	0.607	0.431	0.377	0.386	0.428	0.308	0.281	0.282	0.199	0.368	0.323	0.229	0.250	0.279	0.269	0.208	0.145	0.135	0.167	0.116	0.103	0.052	0.126	0.155	0.113	0.063	0.062	0.135	0.158	0.166	0.197	0.366	0.282	0.388	0.178	0.262	0.220	0.284	0.412	0.275	0.400	0.612	0.388	0.286	0.337	0.421	0.295	0.358	0.432	0.614	0.540	0.148	0.137	0.222	0.338	0.232	0.199	0.189	0.242	0.221	0.201	0.177	0.276	0.920	0.211	0.359	0.265	0.370	0.402	0.307	0.307	0.253	0.390	0.307	0.254	0.418	0.396	0.345	0.359	0.360	0.347	0.181	0.188	0.158	0.167	0.214	0.116	0.074	0.105	0.097	0.090	0.251	0.259	0.206																																																																																																																																																																																																											
205A_PIFL		MRS7	2016	0.000	0.0000	0	0.000		178	RINGWIDTH	1	NotAFile	8/7/2017 15:26:00	                   		8290 3288 8 Grey	Intr 0.021158 0.021141 N	EPSON EPSON Flatbed Scanner EPSON Expression 10000XL 1.8 V3.45 3.45	0.0 [0]	5742.5000 554.5000 1998.0000 654.0000  1.0000	Tg A Int Y	50 %	N W Man	19 1.0000 Lin 1.00	0.0120 0.0148 0.0203 0.0240 0.0289 0.0365 0.0481 0.0575 0.0685 0.0869 0.1104 0.1358 0.1795 0.2183 0.2831 0.3664 0.4581 0.5495 0.7145 	16 19 23 27 29 34 40 44 50 59 68 77 92 105 122 144 164 186 219 	0.0120 0.0148 0.0203 0.0240 0.0289 0.0365 0.0481 0.0575 0.0685 0.0869 0.1104 0.1358 0.1795 0.2183 0.2831 0.3664 0.4581 0.5495 0.7145 	0.0000	0.0000	0.0000	0.0000	0.0000	0.0000	79.2529	0.824	0.972	0.970	0.737	1.008	0.960	0.996	0.689	0.974	0.878	0.840	0.700	0.873	0.543	0.515	0.548	0.525	0.459	0.415	0.594	0.544	0.623	0.513	0.561	0.581	0.499	0.334	0.437	0.544	0.474	0.485	0.414	0.445	0.497	0.627	0.609	0.561	0.407	0.374	0.447	0.373	0.510	0.610	0.560	0.562	0.474	0.439	0.406	0.392	0.531	0.470	0.566	0.588	0.583	0.492	0.454	0.635	0.408	0.426	0.470	0.488	0.626	0.563	0.569	0.490	0.473	0.592	0.566	0.510	0.499	0.488	0.487	0.422	0.488	0.404	0.451	0.439	0.427	0.533	0.525	0.596	0.455	0.770	0.779	0.802	0.554	0.685	0.826	0.636	0.789	0.773	0.489	0.516	0.582	0.572	0.453	0.518	0.743	0.466	0.278	0.536	0.412	0.551	0.433	0.232	0.224	0.191	0.348	0.241	0.221	0.186	0.227	0.187	0.121	0.116	0.211	0.104	0.090	0.121	0.115	0.224	0.107	0.127	0.180	0.199	0.176	0.183	0.167	0.251	0.207	0.304	0.440	0.283	0.333	0.472	0.464	0.392	0.326	0.423	0.328	0.350	0.445	0.652	0.460	0.095	0.187	0.213	0.192	0.198	0.276	0.275	0.161	0.103	0.159	0.326	0.414	0.408	0.429	0.427	0.451	0.479	0.380	0.356	0.378	0.414	0.298	0.211	0.211	0.201	0.210	0.170	0.233	0.167	0.093	0.154	0.191	0.127	0.094																																																																																																																																																																																				
40A_PIFL		MRS7	2016	0.000	0.0000	0	0.000		273	RINGWIDTH	1	NotAFile	8/7/2017 15:26:00	                   		8290 3288 8 Grey	Intr 0.021158 0.021141 N	EPSON EPSON Flatbed Scanner EPSON Expression 10000XL 1.8 V3.45 3.45	0.0 [0]	5997.0000 2400.0000 866.5000 2296.5000  1.0000	Tg A Int Y	50 %	N W Man	19 1.0000 Lin 1.00	0.0120 0.0148 0.0203 0.0240 0.0289 0.0365 0.0481 0.0575 0.0685 0.0869 0.1104 0.1358 0.1795 0.2183 0.2831 0.3664 0.4581 0.5495 0.7145 	16 19 23 27 29 34 40 44 50 59 68 77 92 105 122 144 164 186 219 	0.0120 0.0148 0.0203 0.0240 0.0289 0.0365 0.0481 0.0575 0.0685 0.0869 0.1104 0.1358 0.1795 0.2183 0.2831 0.3664 0.4581 0.5495 0.7145 	0.0000	0.0000	0.0000	0.0000	0.0000	0.0000	108.8359	1.304	1.076	1.426	1.016	0.854	0.212	0.416	1.299	0.988	0.666	0.707	0.648	0.793	0.593	0.651	0.781	1.063	1.057	0.726	0.707	0.600	0.539	0.581	0.831	0.707	0.603	0.582	0.647	0.751	0.885	0.844	0.781	0.602	0.643	0.674	0.823	0.696	0.758	0.654	0.633	0.653	0.844	0.737	0.654	0.823	0.739	0.707	0.718	0.475	0.571	0.423	0.423	0.496	0.454	0.359	0.507	0.570	0.581	0.600	0.537	0.538	0.591	0.528	0.464	0.516	0.580	0.568	0.588	0.588	0.536	0.473	0.294	0.127	0.263	0.219	0.177	0.158	0.147	0.168	0.200	0.190	0.241	0.317	0.295	0.316	0.465	0.444	0.337	0.392	0.233	0.264	0.255	0.285	0.190	0.211	0.170	0.221	0.243	0.264	0.211	0.338	0.180	0.169	0.201	0.169	0.190	0.275	0.285	0.221	0.295	0.338	0.327	0.337	0.221	0.201	0.243	0.338	0.232	0.274	0.317	0.253	0.254	0.316	0.402	0.338	0.286	0.222	0.360	0.317	0.380	0.317	0.295	0.378	0.315	0.461	0.336	0.315	0.211	0.421	0.337	0.253	0.486	0.655	0.180	0.222	0.190	0.211	0.212	0.254	0.349	0.327	0.338	0.295	0.251	0.293	0.391	0.408	0.397	0.459	0.438	0.310	0.330	0.339	0.216	0.375	0.329	0.134	0.144	0.155	0.185	0.134	0.184	0.165	0.179	0.195	0.228	0.228	0.229	0.168	0.207	0.262	0.281	0.188	0.155	0.365	0.321	0.313	0.323	0.355	0.398	0.313	0.260	0.321	0.312	0.313	0.243	0.241	0.188	0.188	0.343	0.251	0.262	0.200	0.209	0.240	0.200	0.230	0.209	0.324	0.284	0.262	0.220	0.158	0.178	0.335	0.409	0.366	0.513	0.587	0.522	0.438	0.471	0.471	0.356	0.346	0.282	0.502	0.463	0.304	0.378	0.158	0.242	0.179	0.126	0.158	0.273	0.285	0.316	0.317	0.275	0.401	0.317	0.275	0.306	0.274	0.316	0.315	0.286	0.328	0.328	0.550	0.465	0.476	0.496	0.264	0.432	0.381	0.465	0.222	0.127	0.169	0.127	0.211	0.095	0.190	0.190	0.169	0.180	0.391	0.317	0.391	0.328	0.254																																																																																																																																																																																																																																																																																			
40B_PIFL		MRS7	2016	0.000	0.0000	0	0.000		249	RINGWIDTH	1	NotAFile	8/7/2017 15:26:00	                   		8290 3288 8 Grey	Intr 0.021158 0.021141 N	EPSON EPSON Flatbed Scanner EPSON Expression 10000XL 1.8 V3.45 3.45	0.0 [0]	7119.5000 2820.5000 1342.0000 2769.0000  1.0000	Tg A Int Y	50 %	N W Man	19 1.0000 Lin 1.00	0.0120 0.0148 0.0203 0.0240 0.0289 0.0365 0.0481 0.0575 0.0685 0.0869 0.1104 0.1358 0.1795 0.2183 0.2831 0.3664 0.4581 0.5495 0.7145 	16 19 23 27 29 34 40 44 50 59 68 77 92 105 122 144 164 186 219 	0.0120 0.0148 0.0203 0.0240 0.0289 0.0365 0.0481 0.0575 0.0685 0.0869 0.1104 0.1358 0.1795 0.2183 0.2831 0.3664 0.4581 0.5495 0.7145 	0.0000	0.0000	0.0000	0.0000	0.0000	0.0000	122.2433	1.660	1.132	0.581	0.965	1.347	1.275	1.288	1.216	1.048	0.934	0.926	0.794	0.975	0.753	0.778	0.639	0.708	0.813	1.030	1.053	0.878	1.094	1.050	1.120	0.878	0.773	0.839	0.603	0.644	0.625	0.615	0.586	0.669	0.788	0.765	0.681	0.829	0.937	1.024	0.921	0.853	0.928	0.822	0.867	0.697	0.825	0.910	0.762	0.487	0.423	0.403	0.403	0.421	0.330	0.283	0.338	0.436	0.472	0.506	0.527	0.612	0.760	0.824	0.697	0.422	0.584	0.368	0.422	0.423	0.444	0.297	0.423	0.328	0.285	0.336	0.317	0.287	0.368	0.232	0.203	0.190	0.179	0.252	0.295	0.496	0.318	0.494	0.487	0.584	0.600	0.338	0.298	0.315	0.319	0.222	0.275	0.328	0.276	0.328	0.345	0.360	0.402	0.290	0.220	0.230	0.257	0.244	0.338	0.346	0.448	0.506	0.455	0.388	0.478	0.414	0.715	0.590	0.612	0.370	0.516	0.293	0.234	0.201	0.159	0.190	0.368	0.640	0.653	0.866	0.215	0.591	0.802	0.889	0.846	1.079	0.803	0.760	0.845	0.783	0.800	0.507	0.670	0.577	0.465	0.338	0.183	0.359	0.233	0.324	0.381	0.233	0.296	0.363	0.251	0.311	0.275	0.281	0.423	0.360	0.258	0.397	0.507	0.487	0.469	0.392	0.345	0.423	0.465	0.406	0.264	0.191	0.211	0.158	0.208	0.225	0.126	0.200	0.207	0.192	0.189	0.149	0.178	0.137	0.146	0.103	0.214	0.116	0.076	0.072	0.035	0.155	0.106	0.169	0.149	0.180	0.170	0.190	0.159	0.243	0.200	0.255	0.242	0.391	0.391	0.305	0.349	0.170	0.232	0.146	0.170	0.191	0.294	0.276	0.317	0.296	0.358	0.402	0.454	0.444	0.455	0.601	0.750	0.655	0.561	0.560	0.466	0.516	0.476	0.462	0.381	0.284	0.413	0.442	0.402	0.264	0.117	0.127	0.106	0.191	0.127	0.127	0.117	0.148	0.170	0.259	0.258	0.286	0.232	0.234																																																																																																																																																																																																																																																											
