WINDENDRO	4	R	36	P	I	N	RING
TreeName	Path identification	Site identification	YearLastRing	Sapwood	Tree height	Tree age	SectionHeight	User variable	RingCount	DataType	OffsetToNext	ImageName	Analysis Date Time	Acquisition Date Time	Modified Date Time	ImageSizeH V NBits Channel	CalibMethod XCal YCal EditedDendro	ScannerCamera Make Model Software	LensFocLength [35mm]	PathBegX BegY EndX EndY Width	RingBoundary AutoMan Meth Precise	EarlywoodDef	DensActive Media Calib	DensNSteps MatDens Interpol SampleThick	DensStepsThick	DensStepsLightInt	DensStepsWoodDens	DiskArea	DiskPerim	DiskAvgDiam	DiskFormCoef	CompWoodArea	VoidArea	PathLength	
25A_PIEN		MRS4	2016	0.000	0.0000	0	0.000		249	RINGWIDTH	1	NotAFile	7/7/2017 09:58:26	                   		6689 1258 8 Grey	Intr 0.021158 0.021141 N	EPSON EPSON Flatbed Scanner EPSON Expression 10000XL 1.8 V3.45 3.45	0.0 [0]	1418.0000 493.0000 6342.0000 401.0000  1.0000	Tg A Int Y	50 %	N W Man	19 1.0000 Lin 1.00	0.0120 0.0148 0.0203 0.0240 0.0289 0.0365 0.0481 0.0575 0.0685 0.0869 0.1104 0.1358 0.1795 0.2183 0.2831 0.3664 0.4581 0.5495 0.7145 	16 19 23 27 29 34 40 44 50 59 68 77 92 105 122 144 164 186 219 	0.0120 0.0148 0.0203 0.0240 0.0289 0.0365 0.0481 0.0575 0.0685 0.0869 0.1104 0.1358 0.1795 0.2183 0.2831 0.3664 0.4581 0.5495 0.7145 	0.0000	0.0000	0.0000	0.0000	0.0000	0.0000	104.2064	0.531	1.920	1.133	1.976	1.359	1.070	0.921	0.595	0.795	0.949	0.889	0.889	0.742	0.675	0.754	0.794	0.560	0.403	0.483	0.544	0.645	0.565	0.749	0.871	0.551	0.697	0.581	0.728	0.646	0.690	0.627	0.479	0.498	0.506	0.464	0.467	0.338	0.254	0.340	0.307	0.308	0.228	0.311	0.228	0.331	0.248	0.245	0.223	0.202	0.183	0.265	0.286	0.327	0.225	0.206	0.223	0.265	0.226	0.246	0.284	0.286	0.224	0.283	0.223	0.327	0.286	0.285	0.205	0.413	0.309	0.329	0.308	0.388	0.388	0.506	0.445	0.324	0.265	0.245	0.226	0.228	0.228	0.187	0.166	0.290	0.292	0.292	0.333	0.229	0.332	0.228	0.289	0.287	0.313	0.333	0.436	0.394	0.353	0.145	0.228	0.349	0.312	0.356	0.376	0.295	0.421	0.358	0.305	0.368	0.378	0.231	0.231	0.188	0.273	0.189	0.189	0.084	0.190	0.295	0.337	0.253	0.253	0.231	0.189	0.253	0.252	0.273	0.210	0.251	0.294	0.337	0.336	0.481	0.376	0.356	0.293	0.294	0.252	0.315	0.230	0.356	0.399	0.544	0.421	0.316	0.316	0.274	0.337	0.253	0.380	0.401	0.381	0.317	0.339	0.360	0.381	0.296	0.360	0.275	0.275	0.360	0.317	0.423	0.444	0.317	0.339	0.423	0.360	0.275	0.381	0.339	0.254	0.233	0.233	0.190	0.233	0.211	0.275	0.211	0.295	0.274	0.204	0.281	0.319	0.398	0.359	0.296	0.254	0.296	0.232	0.232	0.295	0.295	0.296	0.299	0.272	0.296	0.402	0.321	0.380	0.265	0.323	0.274	0.359	0.338	0.317	0.352	0.381	0.386	0.248	0.365	0.310	0.233	0.260	0.162	0.170	0.196	0.184	0.196	0.317	0.378	0.458	0.354	0.436	0.392	0.186	0.353	0.394	0.395	0.457	0.353	0.373	0.341	0.338	0.373	0.337	0.232	0.169	0.274	0.196	0.254	0.316	0.245	0.271	0.272	0.231	0.216	0.212	0.246																																																																																																																																																																																																																																																											
25B_PIEN		MRS4	2016	0.000	0.0000	0	0.000		268	RINGWIDTH	1	NotAFile	7/7/2017 09:58:26	                   		6689 1258 8 Grey	Intr 0.021158 0.021141 N	EPSON EPSON Flatbed Scanner EPSON Expression 10000XL 1.8 V3.45 3.45	0.0 [0]	2204.0000 927.0000 6250.5000 845.0000  1.0000	Tg A Int Y	50 %	N W Man	19 1.0000 Lin 1.00	0.0120 0.0148 0.0203 0.0240 0.0289 0.0365 0.0481 0.0575 0.0685 0.0869 0.1104 0.1358 0.1795 0.2183 0.2831 0.3664 0.4581 0.5495 0.7145 	16 19 23 27 29 34 40 44 50 59 68 77 92 105 122 144 164 186 219 	0.0120 0.0148 0.0203 0.0240 0.0289 0.0365 0.0481 0.0575 0.0685 0.0869 0.1104 0.1358 0.1795 0.2183 0.2831 0.3664 0.4581 0.5495 0.7145 	0.0000	0.0000	0.0000	0.0000	0.0000	0.0000	85.6321	0.203	0.366	0.874	0.695	0.617	0.600	0.522	0.693	0.504	0.758	0.528	0.634	0.762	0.721	1.182	0.783	0.677	0.719	0.550	0.550	0.360	0.444	0.487	0.762	0.719	0.634	0.571	0.507	0.380	0.444	0.591	0.611	0.674	0.569	0.421	0.569	0.567	0.483	0.377	0.462	0.462	0.379	0.358	0.400	0.490	0.394	0.420	0.399	0.399	0.485	0.463	0.375	0.357	0.448	0.423	0.317	0.359	0.338	0.338	0.317	0.253	0.232	0.253	0.295	0.295	0.232	0.232	0.253	0.232	0.232	0.253	0.232	0.211	0.274	0.232	0.232	0.211	0.176	0.224	0.189	0.252	0.273	0.232	0.252	0.210	0.252	0.252	0.252	0.168	0.315	0.252	0.232	0.274	0.316	0.296	0.401	0.359	0.252	0.253	0.211	0.232	0.208	0.233	0.211	0.252	0.274	0.274	0.253	0.378	0.234	0.253	0.211	0.211	0.190	0.211	0.211	0.212	0.233	0.212	0.296	0.254	0.211	0.232	0.317	0.212	0.275	0.275	0.190	0.212	0.233	0.127	0.169	0.148	0.169	0.127	0.137	0.181	0.190	0.254	0.148	0.148	0.096	0.116	0.106	0.169	0.148	0.148	0.148	0.190	0.211	0.274	0.296	0.296	0.274	0.190	0.211	0.148	0.232	0.148	0.222	0.242	0.296	0.275	0.232	0.274	0.233	0.211	0.243	0.306	0.317	0.338	0.275	0.190	0.232	0.274	0.273	0.357	0.334	0.334	0.376	0.459	0.457	0.478	0.436	0.271	0.355	0.334	0.293	0.377	0.272	0.272	0.357	0.357	0.294	0.273	0.252	0.252	0.253	0.295	0.336	0.317	0.278	0.397	0.380	0.465	0.338	0.338	0.275	0.296	0.232	0.274	0.232	0.232	0.205	0.112	0.184	0.286	0.312	0.275	0.211	0.291	0.322	0.359	0.338	0.274	0.380	0.338	0.296	0.253	0.338	0.294	0.273	0.317	0.211	0.169	0.206	0.222	0.290	0.196	0.284	0.364	0.317	0.355	0.384	0.238	0.269	0.270	0.173	0.253	0.216	0.332	0.247	0.280	0.253	0.294	0.210	0.147	0.252	0.231	0.227	0.236	0.190	0.211	0.190	0.250	0.258	0.190	0.208																																																																																																																																																																																																																																																																														
27A_PIEN		MRS4	2016	0.000	0.0000	0	0.000		215	RINGWIDTH	1	NotAFile	7/7/2017 10:24:01	                   		4116 972 8 Grey	Intr 0.021158 0.021141 N	EPSON EPSON Flatbed Scanner EPSON Expression 10000XL 1.8 V3.45 3.45	0.0 [0]	463.0000 126.0000 3796.0000 263.0000  1.0000	Tg A Int Y	50 %	N W Man	19 1.0000 Lin 1.00	0.0120 0.0148 0.0203 0.0240 0.0289 0.0365 0.0481 0.0575 0.0685 0.0869 0.1104 0.1358 0.1795 0.2183 0.2831 0.3664 0.4581 0.5495 0.7145 	16 19 23 27 29 34 40 44 50 59 68 77 92 105 122 144 164 186 219 	0.0120 0.0148 0.0203 0.0240 0.0289 0.0365 0.0481 0.0575 0.0685 0.0869 0.1104 0.1358 0.1795 0.2183 0.2831 0.3664 0.4581 0.5495 0.7145 	0.0000	0.0000	0.0000	0.0000	0.0000	0.0000	70.5824	2.769	0.213	0.165	0.155	0.264	0.293	0.420	0.360	0.545	0.576	0.561	0.561	0.499	0.611	0.632	0.566	0.504	0.525	0.483	0.483	0.652	0.631	0.631	0.608	0.486	0.633	0.676	0.762	0.656	0.804	0.762	0.570	0.486	0.677	0.762	0.656	0.677	0.731	0.778	0.632	0.801	0.801	0.548	0.464	0.296	0.317	0.274	0.274	0.190	0.296	0.338	0.358	0.316	0.400	0.359	0.487	0.339	0.296	0.233	0.317	0.381	0.444	0.381	0.400	0.339	0.296	0.317	0.400	0.379	0.181	0.444	0.319	0.369	0.505	0.393	0.274	0.261	0.163	0.322	0.148	0.169	0.149	0.119	0.127	0.240	0.182	0.177	0.135	0.140	0.169	0.218	0.151	0.164	0.185	0.190	0.191	0.253	0.293	0.253	0.214	0.170	0.169	0.163	0.196	0.168	0.176	0.247	0.269	0.198	0.218	0.373	0.239	0.206	0.202	0.149	0.146	0.247	0.256	0.239	0.189	0.190	0.209	0.212	0.235	0.193	0.232	0.277	0.329	0.366	0.319	0.330	0.232	0.260	0.219	0.168	0.289	0.216	0.235	0.192	0.233	0.188	0.215	0.219	0.233	0.210	0.227	0.330	0.261	0.288	0.256	0.408	0.351	0.239	0.262	0.233	0.339	0.254	0.232	0.275	0.190	0.290	0.239	0.169	0.255	0.295	0.264	0.159	0.212	0.190	0.211	0.295	0.274	0.358	0.274	0.252	0.147	0.231	0.211	0.295	0.232	0.126	0.147	0.131	0.205	0.211	0.232	0.232	0.253	0.190	0.254	0.254	0.212	0.317	0.212	0.212	0.254	0.212	0.317	0.212	0.316	0.148	0.204	0.134	0.106	0.169	0.143	0.196	0.212	0.148	0.190	0.190	0.233	0.180	0.198	0.259																																																																																																																																																																																																																									
27B_PIEN		MRS4	2016	0.000	0.0000	0	0.000		212	RINGWIDTH	1	NotAFile	7/7/2017 10:24:01	                   		4116 972 8 Grey	Intr 0.021158 0.021141 N	EPSON EPSON Flatbed Scanner EPSON Expression 10000XL 1.8 V3.45 3.45	0.0 [0]	270.5000 704.5000 3774.0000 846.5000  1.0000	Tg A Int Y	50 %	N W Man	19 1.0000 Lin 1.00	0.0120 0.0148 0.0203 0.0240 0.0289 0.0365 0.0481 0.0575 0.0685 0.0869 0.1104 0.1358 0.1795 0.2183 0.2831 0.3664 0.4581 0.5495 0.7145 	16 19 23 27 29 34 40 44 50 59 68 77 92 105 122 144 164 186 219 	0.0120 0.0148 0.0203 0.0240 0.0289 0.0365 0.0481 0.0575 0.0685 0.0869 0.1104 0.1358 0.1795 0.2183 0.2831 0.3664 0.4581 0.5495 0.7145 	0.0000	0.0000	0.0000	0.0000	0.0000	0.0000	74.1867	0.172	0.484	0.590	0.705	0.581	0.725	0.542	0.812	0.770	0.562	0.604	0.629	0.736	0.788	0.634	0.509	0.518	0.530	0.507	0.508	0.569	0.426	0.487	0.400	0.507	0.614	0.465	0.550	0.762	0.761	0.571	0.444	0.528	0.591	0.486	0.507	0.591	0.739	0.655	0.697	0.740	0.402	0.422	0.316	0.379	0.337	0.316	0.273	0.378	0.357	0.378	0.337	0.357	0.336	0.441	0.376	0.272	0.295	0.377	0.400	0.358	0.379	0.379	0.422	0.337	0.358	0.421	0.483	0.336	0.525	0.418	0.418	0.481	0.357	0.274	0.252	0.210	0.274	0.190	0.190	0.232	0.274	0.316	0.211	0.274	0.160	0.156	0.169	0.253	0.189	0.190	0.211	0.274	0.295	0.337	0.337	0.274	0.253	0.169	0.232	0.211	0.275	0.169	0.296	0.253	0.380	0.337	0.274	0.295	0.295	0.232	0.232	0.295	0.317	0.296	0.338	0.232	0.359	0.274	0.232	0.337	0.274	0.274	0.337	0.422	0.485	0.486	0.381	0.339	0.360	0.296	0.254	0.338	0.339	0.253	0.317	0.296	0.254	0.359	0.317	0.359	0.274	0.358	0.337	0.338	0.338	0.317	0.422	0.338	0.274	0.252	0.316	0.315	0.315	0.337	0.231	0.274	0.316	0.295	0.295	0.378	0.337	0.420	0.231	0.295	0.316	0.316	0.324	0.348	0.337	0.337	0.295	0.209	0.272	0.252	0.231	0.271	0.229	0.147	0.138	0.218	0.168	0.252	0.231	0.252	0.231	0.272	0.332	0.254	0.272	0.293	0.168	0.189	0.210	0.293	0.210	0.236	0.165	0.153	0.158	0.122	0.131	0.151	0.148	0.169	0.147	0.154	0.195	0.141	0.206	0.167	0.292																																																																																																																																																																																																																						
29A_PIEN		MRS4	2016	0.000	0.0000	0	0.000		191	RINGWIDTH	1	NotAFile	7/7/2017 12:15:40	                   		3887 943 8 Grey	Intr 0.021158 0.021141 N	EPSON EPSON Flatbed Scanner EPSON Expression 10000XL 1.8 V3.45 3.45	0.0 [0]	2108.0000 156.0000 3744.0000 275.0000  1.0000	Tg A Int Y	50 %	N W Man	19 1.0000 Lin 1.00	0.0120 0.0148 0.0203 0.0240 0.0289 0.0365 0.0481 0.0575 0.0685 0.0869 0.1104 0.1358 0.1795 0.2183 0.2831 0.3664 0.4581 0.5495 0.7145 	16 19 23 27 29 34 40 44 50 59 68 77 92 105 122 144 164 186 219 	0.0120 0.0148 0.0203 0.0240 0.0289 0.0365 0.0481 0.0575 0.0685 0.0869 0.1104 0.1358 0.1795 0.2183 0.2831 0.3664 0.4581 0.5495 0.7145 	0.0000	0.0000	0.0000	0.0000	0.0000	0.0000	34.8873	0.370	0.446	0.545	0.554	0.523	0.736	0.651	0.257	0.397	0.364	0.483	0.321	0.317	0.221	0.226	0.210	0.197	0.268	0.119	0.117	0.190	0.210	0.206	0.192	0.212	0.148	0.158	0.165	0.130	0.106	0.100	0.130	0.171	0.173	0.144	0.126	0.127	0.173	0.127	0.145	0.156	0.188	0.159	0.100	0.211	0.198	0.134	0.107	0.198	0.154	0.189	0.147	0.141	0.111	0.104	0.121	0.156	0.115	0.123	0.105	0.131	0.126	0.122	0.090	0.103	0.088	0.117	0.094	0.097	0.125	0.091	0.100	0.155	0.119	0.101	0.117	0.102	0.130	0.134	0.110	0.106	0.093	0.119	0.215	0.105	0.097	0.078	0.072	0.095	0.102	0.068	0.096	0.073	0.112	0.075	0.059	0.087	0.098	0.102	0.086	0.077	0.051	0.131	0.150	0.115	0.101	0.113	0.081	0.088	0.072	0.051	0.097	0.088	0.087	0.112	0.106	0.088	0.136	0.058	0.099	0.068	0.094	0.098	0.093	0.125	0.077	0.081	0.063	0.120	0.076	0.078	0.068	0.077	0.101	0.120	0.095	0.100	0.091	0.086	0.108	0.128	0.090	0.089	0.095	0.110	0.072	0.090	0.105	0.099	0.088	0.104	0.104	0.104	0.105	0.119	0.117	0.102	0.124	0.102	0.175	0.232	0.193	0.260	0.153	0.139	0.187	0.102	0.121	0.127	0.130	0.121	0.131	0.136	0.147	0.152	0.142	0.116	0.085	0.099	0.071	0.106	0.093	0.164	0.207	0.120	0.118	0.135	0.110	0.149	0.143	0.189																																																																																																																																																																																																	
29B_PIEN		MRS4	2016	0.000	0.0000	0	0.000		186	RINGWIDTH	1	NotAFile	7/7/2017 12:15:40	                   		3887 943 8 Grey	Intr 0.021158 0.021141 N	EPSON EPSON Flatbed Scanner EPSON Expression 10000XL 1.8 V3.45 3.45	0.0 [0]	1830.0000 833.0000 3468.0000 724.0000  1.0000	Tg A Int Y	50 %	N W Man	19 1.0000 Lin 1.00	0.0120 0.0148 0.0203 0.0240 0.0289 0.0365 0.0481 0.0575 0.0685 0.0869 0.1104 0.1358 0.1795 0.2183 0.2831 0.3664 0.4581 0.5495 0.7145 	16 19 23 27 29 34 40 44 50 59 68 77 92 105 122 144 164 186 219 	0.0120 0.0148 0.0203 0.0240 0.0289 0.0365 0.0481 0.0575 0.0685 0.0869 0.1104 0.1358 0.1795 0.2183 0.2831 0.3664 0.4581 0.5495 0.7145 	0.0000	0.0000	0.0000	0.0000	0.0000	0.0000	34.7328	0.243	1.422	0.975	0.915	0.708	0.517	0.760	0.542	0.549	0.555	0.499	0.463	0.487	0.347	0.271	0.396	0.270	0.334	0.187	0.176	0.199	0.272	0.293	0.335	0.190	0.188	0.313	0.210	0.168	0.183	0.154	0.151	0.137	0.149	0.159	0.116	0.142	0.202	0.211	0.233	0.208	0.173	0.167	0.234	0.190	0.178	0.139	0.168	0.192	0.140	0.157	0.190	0.212	0.211	0.190	0.233	0.169	0.169	0.154	0.145	0.106	0.108	0.168	0.138	0.127	0.096	0.156	0.155	0.134	0.163	0.190	0.105	0.212	0.134	0.129	0.149	0.167	0.116	0.152	0.146	0.158	0.190	0.160	0.128	0.179	0.137	0.063	0.158	0.142	0.138	0.112	0.120	0.099	0.075	0.064	0.108	0.100	0.113	0.099	0.105	0.094	0.061	0.084	0.115	0.083	0.088	0.065	0.074	0.079	0.074	0.068	0.085	0.128	0.106	0.087	0.100	0.085	0.096	0.057	0.075	0.065	0.084	0.074	0.142	0.081	0.068	0.102	0.061	0.068	0.060	0.084	0.062	0.051	0.073	0.087	0.124	0.097	0.092	0.095	0.093	0.069	0.074	0.089	0.060	0.056	0.095	0.113	0.066	0.106	0.066	0.086	0.095	0.090	0.076	0.082	0.089	0.084	0.084	0.118	0.101	0.074	0.050	0.086	0.088	0.116	0.138	0.170	0.096	0.095	0.090	0.078	0.080	0.089	0.086	0.126	0.077	0.117	0.148	0.132	0.111	0.089	0.090	0.149	0.104	0.147	0.154																																																																																																																																																																																												
30A_PIEN		MRS4	2016	0.000	0.0000	0	0.000		254	RINGWIDTH	1	NotAFile	7/12/2017 11:01:45	                   		4459 1115 8 Grey	Intr 0.021158 0.021141 N	EPSON EPSON Flatbed Scanner EPSON Expression 10000XL 1.8 V3.45 3.45	0.0 [0]	1162.0000 344.0000 4218.0000 300.0000  1.0000	Tg A Int Y	50 %	N W Man	19 1.0000 Lin 1.00	0.0120 0.0148 0.0203 0.0240 0.0289 0.0365 0.0481 0.0575 0.0685 0.0869 0.1104 0.1358 0.1795 0.2183 0.2831 0.3664 0.4581 0.5495 0.7145 	16 19 23 27 29 34 40 44 50 59 68 77 92 105 122 144 164 186 219 	0.0120 0.0148 0.0203 0.0240 0.0289 0.0365 0.0481 0.0575 0.0685 0.0869 0.1104 0.1358 0.1795 0.2183 0.2831 0.3664 0.4581 0.5495 0.7145 	0.0000	0.0000	0.0000	0.0000	0.0000	0.0000	64.8870	0.254	0.455	0.541	0.510	0.299	0.378	0.317	0.281	0.319	0.549	0.548	0.606	0.531	0.419	0.314	0.501	0.430	0.373	0.498	0.535	0.574	0.533	0.544	0.448	0.317	0.432	0.372	0.345	0.394	0.329	0.444	0.284	0.420	0.394	0.448	0.491	0.513	0.402	0.456	0.522	0.519	0.397	0.329	0.318	0.275	0.314	0.295	0.370	0.214	0.241	0.299	0.331	0.266	0.287	0.309	0.384	0.365	0.314	0.290	0.270	0.266	0.285	0.346	0.264	0.305	0.244	0.283	0.414	0.404	0.381	0.313	0.383	0.298	0.267	0.243	0.325	0.312	0.292	0.248	0.305	0.264	0.265	0.346	0.184	0.171	0.218	0.163	0.237	0.213	0.183	0.164	0.144	0.184	0.185	0.205	0.111	0.195	0.198	0.167	0.188	0.188	0.188	0.188	0.209	0.230	0.167	0.146	0.172	0.183	0.251	0.167	0.208	0.187	0.145	0.207	0.178	0.216	0.124	0.144	0.136	0.132	0.129	0.152	0.175	0.129	0.117	0.098	0.104	0.091	0.083	0.125	0.091	0.140	0.116	0.098	0.131	0.138	0.141	0.145	0.115	0.113	0.116	0.082	0.124	0.104	0.096	0.111	0.132	0.107	0.121	0.129	0.124	0.090	0.140	0.145	0.166	0.166	0.103	0.078	0.105	0.113	0.139	0.151	0.120	0.130	0.155	0.160	0.157	0.209	0.168	0.146	0.157	0.146	0.125	0.146	0.147	0.135	0.115	0.099	0.089	0.141	0.111	0.115	0.099	0.089	0.131	0.120	0.125	0.188	0.208	0.162	0.104	0.094	0.110	0.119	0.147	0.109	0.136	0.166	0.147	0.141	0.151	0.188	0.188	0.167	0.168	0.167	0.142	0.224	0.253	0.266	0.259	0.240	0.228	0.197	0.203	0.210	0.225	0.256	0.162	0.137	0.250	0.252	0.209	0.325	0.283	0.309	0.166	0.269	0.261	0.207	0.261	0.268	0.248	0.307	0.246	0.266	0.287	0.244	0.224	0.163	0.210	0.115	0.184	0.123	0.164	0.165	0.123	0.164	0.144	0.103	0.144	0.144	0.165																																																																																																																																																																																																																																																																
30B_PIEN		MRS4	2016	0.000	0.0000	0	0.000		254	RINGWIDTH	1	NotAFile	7/12/2017 11:01:45	                   		4459 1115 8 Grey	Intr 0.021158 0.021141 N	EPSON EPSON Flatbed Scanner EPSON Expression 10000XL 1.8 V3.45 3.45	0.0 [0]	1079.0000 775.0000 4218.0000 758.0000  1.0000	Tg A Int Y	50 %	N W Man	19 1.0000 Lin 1.00	0.0120 0.0148 0.0203 0.0240 0.0289 0.0365 0.0481 0.0575 0.0685 0.0869 0.1104 0.1358 0.1795 0.2183 0.2831 0.3664 0.4581 0.5495 0.7145 	16 19 23 27 29 34 40 44 50 59 68 77 92 105 122 144 164 186 219 	0.0120 0.0148 0.0203 0.0240 0.0289 0.0365 0.0481 0.0575 0.0685 0.0869 0.1104 0.1358 0.1795 0.2183 0.2831 0.3664 0.4581 0.5495 0.7145 	0.0000	0.0000	0.0000	0.0000	0.0000	0.0000	66.4149	0.764	0.737	0.811	0.817	0.621	0.540	0.412	0.551	0.444	0.656	0.687	0.740	0.677	0.559	0.477	0.550	0.508	0.508	0.656	0.613	0.592	0.528	0.507	0.413	0.275	0.475	0.380	0.381	0.275	0.233	0.444	0.423	0.464	0.434	0.433	0.434	0.401	0.392	0.486	0.698	0.741	0.592	0.487	0.444	0.381	0.444	0.402	0.402	0.337	0.359	0.380	0.380	0.380	0.359	0.402	0.338	0.422	0.401	0.338	0.380	0.338	0.317	0.359	0.338	0.338	0.233	0.286	0.328	0.306	0.327	0.307	0.307	0.222	0.221	0.232	0.359	0.338	0.306	0.275	0.349	0.285	0.253	0.359	0.169	0.212	0.180	0.274	0.233	0.169	0.190	0.169	0.211	0.211	0.190	0.190	0.148	0.169	0.211	0.127	0.169	0.211	0.148	0.190	0.190	0.211	0.191	0.147	0.232	0.232	0.252	0.168	0.190	0.190	0.210	0.272	0.230	0.189	0.147	0.137	0.220	0.078	0.133	0.147	0.133	0.138	0.104	0.095	0.047	0.089	0.073	0.104	0.109	0.084	0.073	0.109	0.114	0.125	0.127	0.125	0.099	0.090	0.104	0.126	0.105	0.104	0.100	0.084	0.173	0.104	0.089	0.130	0.099	0.099	0.124	0.146	0.146	0.126	0.110	0.099	0.105	0.105	0.147	0.167	0.168	0.126	0.189	0.126	0.210	0.210	0.168	0.125	0.230	0.125	0.167	0.210	0.167	0.167	0.147	0.146	0.105	0.168	0.147	0.147	0.105	0.125	0.146	0.146	0.146	0.147	0.168	0.121	0.131	0.105	0.104	0.126	0.105	0.106	0.127	0.126	0.147	0.126	0.147	0.126	0.153	0.157	0.130	0.168	0.126	0.210	0.231	0.251	0.231	0.201	0.220	0.210	0.190	0.232	0.211	0.253	0.148	0.163	0.253	0.316	0.343	0.399	0.316	0.274	0.201	0.341	0.232	0.195	0.252	0.337	0.232	0.296	0.254	0.239	0.290	0.254	0.211	0.169	0.211	0.106	0.143	0.215	0.253	0.202	0.179	0.211	0.190	0.169	0.233	0.281	0.296																																																																																																																																																																																																																																																																
31A_PIEN		MRS4	2016	0.000	0.0000	0	0.000		310	RINGWIDTH	1	NotAFile	7/12/2017 11:40:06	                   		4316 1057 8 Grey	Intr 0.021158 0.021141 N	EPSON EPSON Flatbed Scanner EPSON Expression 10000XL 1.8 V3.45 3.45	0.0 [0]	907.0000 126.0000 4072.0000 239.0000  1.0000	Tg A Int Y	50 %	N W Man	19 1.0000 Lin 1.00	0.0120 0.0148 0.0203 0.0240 0.0289 0.0365 0.0481 0.0575 0.0685 0.0869 0.1104 0.1358 0.1795 0.2183 0.2831 0.3664 0.4581 0.5495 0.7145 	16 19 23 27 29 34 40 44 50 59 68 77 92 105 122 144 164 186 219 	0.0120 0.0148 0.0203 0.0240 0.0289 0.0365 0.0481 0.0575 0.0685 0.0869 0.1104 0.1358 0.1795 0.2183 0.2831 0.3664 0.4581 0.5495 0.7145 	0.0000	0.0000	0.0000	0.0000	0.0000	0.0000	67.0124	0.268	0.420	0.434	0.484	0.606	0.562	0.518	0.461	0.314	0.251	0.232	0.187	0.272	0.252	0.126	0.105	0.147	0.126	0.126	0.146	0.104	0.163	0.192	0.185	0.208	0.212	0.218	0.273	0.310	0.230	0.190	0.166	0.211	0.269	0.324	0.249	0.201	0.230	0.167	0.188	0.188	0.133	0.136	0.273	0.189	0.147	0.230	0.318	0.274	0.314	0.211	0.292	0.253	0.358	0.357	0.358	0.358	0.527	0.485	0.569	0.402	0.317	0.261	0.459	0.381	0.697	0.634	0.465	0.190	0.402	0.402	0.422	0.443	0.422	0.420	0.585	0.606	0.565	0.356	0.316	0.190	0.253	0.169	0.211	0.233	0.254	0.328	0.286	0.317	0.338	0.444	0.402	0.333	0.239	0.235	0.276	0.264	0.265	0.263	0.238	0.190	0.211	0.169	0.232	0.148	0.148	0.211	0.232	0.253	0.190	0.231	0.210	0.210	0.210	0.253	0.273	0.271	0.251	0.209	0.229	0.231	0.168	0.189	0.346	0.265	0.355	0.306	0.332	0.220	0.267	0.233	0.275	0.254	0.190	0.233	0.275	0.254	0.254	0.317	0.212	0.212	0.190	0.233	0.233	0.212	0.127	0.169	0.148	0.148	0.148	0.190	0.148	0.148	0.127	0.106	0.148	0.127	0.127	0.148	0.127	0.148	0.106	0.106	0.127	0.127	0.148	0.085	0.121	0.111	0.085	0.148	0.103	0.115	0.099	0.105	0.117	0.087	0.092	0.107	0.099	0.091	0.085	0.075	0.087	0.090	0.086	0.124	0.098	0.066	0.111	0.106	0.126	0.126	0.105	0.126	0.127	0.105	0.127	0.106	0.143	0.069	0.100	0.087	0.151	0.106	0.106	0.085	0.106	0.085	0.085	0.127	0.106	0.148	0.169	0.106	0.102	0.095	0.080	0.104	0.097	0.093	0.106	0.127	0.127	0.169	0.169	0.127	0.148	0.127	0.127	0.148	0.148	0.148	0.106	0.148	0.127	0.127	0.148	0.169	0.127	0.106	0.169	0.148	0.148	0.169	0.211	0.127	0.148	0.127	0.148	0.148	0.148	0.148	0.127	0.189	0.189	0.168	0.148	0.190	0.169	0.169	0.127	0.190	0.171	0.211	0.314	0.277	0.254	0.233	0.212	0.212	0.212	0.254	0.254	0.212	0.181	0.140	0.228	0.254	0.296	0.275	0.233	0.254	0.169	0.296	0.243	0.190	0.222	0.280	0.212	0.291	0.227	0.253	0.270	0.222	0.201	0.169	0.185	0.106	0.153	0.169	0.180	0.169	0.169	0.169	0.190	0.148	0.169	0.191	0.217																																																																																																																																																																																																																																																																																																																								
31B_PIEN		MRS4	2016	0.000	0.0000	0	0.000		308	RINGWIDTH	1	NotAFile	7/12/2017 11:40:06	                   		4316 1057 8 Grey	Intr 0.021158 0.021141 N	EPSON EPSON Flatbed Scanner EPSON Expression 10000XL 1.8 V3.45 3.45	0.0 [0]	741.0000 761.0000 4090.0000 711.0000  1.0000	Tg A Int Y	50 %	N W Man	19 1.0000 Lin 1.00	0.0120 0.0148 0.0203 0.0240 0.0289 0.0365 0.0481 0.0575 0.0685 0.0869 0.1104 0.1358 0.1795 0.2183 0.2831 0.3664 0.4581 0.5495 0.7145 	16 19 23 27 29 34 40 44 50 59 68 77 92 105 122 144 164 186 219 	0.0120 0.0148 0.0203 0.0240 0.0289 0.0365 0.0481 0.0575 0.0685 0.0869 0.1104 0.1358 0.1795 0.2183 0.2831 0.3664 0.4581 0.5495 0.7145 	0.0000	0.0000	0.0000	0.0000	0.0000	0.0000	70.8661	0.465	0.458	0.927	0.415	0.710	0.775	0.902	0.377	0.293	0.420	0.352	0.329	0.266	0.245	0.282	0.232	0.153	0.192	0.241	0.245	0.217	0.288	0.166	0.167	0.210	0.147	0.125	0.126	0.190	0.211	0.252	0.378	0.231	0.273	0.284	0.283	0.189	0.178	0.181	0.178	0.199	0.231	0.418	0.231	0.156	0.224	0.305	0.326	0.400	0.400	0.503	0.399	0.567	0.566	0.708	0.583	0.652	0.797	0.692	0.547	0.631	0.506	0.674	0.655	0.732	0.633	0.799	0.354	0.316	0.316	0.379	0.295	0.358	0.400	0.443	0.400	0.379	0.421	0.298	0.250	0.338	0.295	0.317	0.254	0.215	0.525	0.339	0.373	0.318	0.345	0.296	0.253	0.257	0.233	0.418	0.443	0.499	0.407	0.295	0.273	0.273	0.210	0.231	0.147	0.203	0.323	0.337	0.295	0.273	0.273	0.252	0.231	0.295	0.252	0.294	0.315	0.210	0.336	0.294	0.273	0.210	0.231	0.295	0.316	0.252	0.251	0.312	0.208	0.193	0.223	0.291	0.292	0.273	0.231	0.272	0.189	0.210	0.294	0.162	0.178	0.164	0.162	0.195	0.168	0.125	0.167	0.167	0.168	0.168	0.190	0.189	0.190	0.195	0.185	0.169	0.148	0.147	0.168	0.126	0.131	0.147	0.163	0.126	0.168	0.168	0.105	0.125	0.167	0.147	0.152	0.162	0.120	0.112	0.127	0.133	0.081	0.143	0.140	0.140	0.133	0.091	0.133	0.084	0.069	0.074	0.075	0.094	0.116	0.079	0.091	0.121	0.121	0.105	0.116	0.095	0.089	0.100	0.094	0.095	0.105	0.090	0.101	0.168	0.127	0.137	0.116	0.138	0.152	0.174	0.148	0.154	0.100	0.101	0.100	0.106	0.127	0.122	0.106	0.106	0.142	0.148	0.138	0.179	0.169	0.127	0.147	0.106	0.126	0.148	0.122	0.121	0.136	0.117	0.101	0.131	0.127	0.121	0.104	0.085	0.099	0.147	0.127	0.144	0.142	0.137	0.111	0.090	0.111	0.101	0.090	0.084	0.106	0.105	0.106	0.116	0.116	0.120	0.100	0.095	0.080	0.105	0.121	0.127	0.142	0.147	0.128	0.111	0.116	0.132	0.111	0.111	0.111	0.100	0.100	0.084	0.090	0.085	0.131	0.121	0.153	0.127	0.088	0.165	0.142	0.074	0.106	0.146	0.080	0.111	0.104	0.144	0.142	0.125	0.107	0.111	0.116	0.089	0.096	0.116	0.110	0.154	0.102	0.123	0.132	0.106	0.111	0.100	0.100																																																																																																																																																																																																																																																																																																																						
37A_PIEN		MRS4	2016	0.000	0.0000	0	0.000		158	RINGWIDTH	1	NotAFile	7/14/2017 11:46:07	                   		3773 1000 8 Grey	Intr 0.021158 0.021141 N	EPSON EPSON Flatbed Scanner EPSON Expression 10000XL 1.8 V3.45 3.45	0.0 [0]	1176.0000 352.0000 3520.0000 256.0000  1.0000	Tg A Int Y	50 %	N W Man	19 1.0000 Lin 1.00	0.0120 0.0148 0.0203 0.0240 0.0289 0.0365 0.0481 0.0575 0.0685 0.0869 0.1104 0.1358 0.1795 0.2183 0.2831 0.3664 0.4581 0.5495 0.7145 	16 19 23 27 29 34 40 44 50 59 68 77 92 105 122 144 164 186 219 	0.0120 0.0148 0.0203 0.0240 0.0289 0.0365 0.0481 0.0575 0.0685 0.0869 0.1104 0.1358 0.1795 0.2183 0.2831 0.3664 0.4581 0.5495 0.7145 	0.0000	0.0000	0.0000	0.0000	0.0000	0.0000	49.6351	0.519	1.066	0.994	0.526	0.767	1.053	1.109	0.901	0.872	0.816	0.719	0.570	0.337	0.486	0.528	0.275	0.614	0.402	0.487	0.989	0.533	0.739	0.190	0.614	0.825	0.508	0.592	0.423	0.464	0.381	0.338	0.296	0.317	0.444	0.339	0.296	0.444	0.360	0.252	0.277	0.297	0.295	0.275	0.233	0.254	0.254	0.275	0.380	0.315	0.466	0.613	0.529	0.423	0.296	0.254	0.171	0.189	0.212	0.192	0.336	0.233	0.296	0.233	0.233	0.155	0.166	0.250	0.324	0.374	0.359	0.274	0.274	0.316	0.337	0.316	0.337	0.359	0.591	0.571	0.486	0.411	0.337	0.328	0.442	0.484	0.369	0.295	0.275	0.188	0.254	0.232	0.277	0.252	0.253	0.210	0.098	0.090	0.094	0.086	0.100	0.069	0.089	0.075	0.082	0.071	0.085	0.073	0.094	0.150	0.105	0.112	0.117	0.133	0.131	0.116	0.127	0.120	0.141	0.147	0.198	0.177	0.210	0.122	0.153	0.210	0.112	0.133	0.158	0.116	0.163	0.168	0.136	0.217	0.169	0.140	0.238	0.169	0.204	0.139	0.138	0.121	0.095	0.115	0.096	0.127	0.121	0.143	0.136	0.117	0.100	0.085	0.105	0.085	0.096	0.127	0.122	0.123	0.153																																																																																																																																																																
415A_PIEN		MRS4	2016	0.000	0.0000	0	0.000		234	RINGWIDTH	1	NotAFile	7/14/2017 12:54:32	                   		4116 1029 8 Grey	Intr 0.021158 0.021141 N	EPSON EPSON Flatbed Scanner EPSON Expression 10000XL 1.8 V3.45 3.45	0.0 [0]	158.0000 210.0000 3836.0000 232.0000  1.0000	Tg A Int Y	50 %	N W Man	19 1.0000 Lin 1.00	0.0120 0.0148 0.0203 0.0240 0.0289 0.0365 0.0481 0.0575 0.0685 0.0869 0.1104 0.1358 0.1795 0.2183 0.2831 0.3664 0.4581 0.5495 0.7145 	16 19 23 27 29 34 40 44 50 59 68 77 92 105 122 144 164 186 219 	0.0120 0.0148 0.0203 0.0240 0.0289 0.0365 0.0481 0.0575 0.0685 0.0869 0.1104 0.1358 0.1795 0.2183 0.2831 0.3664 0.4581 0.5495 0.7145 	0.0000	0.0000	0.0000	0.0000	0.0000	0.0000	77.8193	1.390	0.780	1.011	0.674	0.629	0.898	0.754	0.712	0.586	0.501	0.621	0.732	1.204	0.819	0.653	0.488	0.638	0.383	0.373	0.486	0.478	0.448	0.404	0.340	0.341	0.389	0.386	0.429	0.368	0.476	0.577	0.358	0.318	0.276	0.299	0.298	0.300	0.269	0.269	0.312	0.271	0.262	0.334	0.345	0.305	0.304	0.418	0.377	0.378	0.378	0.358	0.439	0.375	0.292	0.167	0.355	0.335	0.356	0.356	0.376	0.397	0.484	0.452	0.325	0.399	0.378	0.483	0.461	0.416	0.355	0.346	0.387	0.272	0.293	0.356	0.230	0.314	0.272	0.271	0.249	0.249	0.333	0.271	0.187	0.208	0.230	0.208	0.229	0.249	0.291	0.167	0.271	0.293	0.294	0.358	0.273	0.233	0.272	0.272	0.335	0.189	0.251	0.253	0.314	0.336	0.211	0.210	0.189	0.168	0.210	0.253	0.211	0.201	0.243	0.263	0.327	0.358	0.379	0.358	0.378	0.336	0.336	0.315	0.337	0.189	0.356	0.378	0.358	0.359	0.274	0.254	0.296	0.275	0.275	0.339	0.423	0.444	0.359	0.275	0.359	0.316	0.358	0.295	0.294	0.231	0.295	0.293	0.399	0.419	0.335	0.293	0.355	0.315	0.334	0.398	0.336	0.252	0.273	0.295	0.233	0.273	0.253	0.274	0.274	0.295	0.253	0.253	0.316	0.336	0.379	0.231	0.232	0.169	0.230	0.251	0.209	0.209	0.188	0.230	0.271	0.208	0.220	0.280	0.366	0.301	0.208	0.250	0.209	0.229	0.270	0.249	0.249	0.274	0.229	0.251	0.229	0.249	0.229	0.230	0.208	0.207	0.251	0.231	0.166	0.209	0.167	0.251	0.147	0.242	0.179	0.189	0.137	0.210	0.190	0.262	0.189	0.210	0.190	0.253	0.189	0.315	0.189	0.159	0.188	0.198	0.230	0.230	0.187	0.249	0.230	0.209	0.252	0.291	0.292																																																																																																																																																																																																																																												
415B_PIEN		MRS4	2016	0.000	0.0000	0	0.000		207	RINGWIDTH	1	NotAFile	7/14/2017 12:54:32	                   		4116 1029 8 Grey	Intr 0.021158 0.021141 N	EPSON EPSON Flatbed Scanner EPSON Expression 10000XL 1.8 V3.45 3.45	0.0 [0]	370.0000 642.0000 3856.0000 734.0000  1.0000	Tg A Int Y	50 %	N W Man	19 1.0000 Lin 1.00	0.0120 0.0148 0.0203 0.0240 0.0289 0.0365 0.0481 0.0575 0.0685 0.0869 0.1104 0.1358 0.1795 0.2183 0.2831 0.3664 0.4581 0.5495 0.7145 	16 19 23 27 29 34 40 44 50 59 68 77 92 105 122 144 164 186 219 	0.0120 0.0148 0.0203 0.0240 0.0289 0.0365 0.0481 0.0575 0.0685 0.0869 0.1104 0.1358 0.1795 0.2183 0.2831 0.3664 0.4581 0.5495 0.7145 	0.0000	0.0000	0.0000	0.0000	0.0000	0.0000	73.7813	0.340	0.338	0.468	0.579	0.418	0.348	0.348	0.426	0.387	0.321	0.299	0.275	0.275	0.238	0.178	0.329	0.311	0.332	0.293	0.420	0.515	0.501	0.580	0.408	0.486	0.407	0.368	0.270	0.371	0.348	0.385	0.369	0.413	0.395	0.454	0.440	0.315	0.406	0.446	0.496	0.456	0.357	0.298	0.258	0.318	0.280	0.281	0.361	0.301	0.381	0.300	0.340	0.342	0.378	0.422	0.369	0.309	0.303	0.279	0.280	0.322	0.302	0.388	0.197	0.321	0.320	0.260	0.340	0.302	0.281	0.260	0.239	0.315	0.177	0.237	0.208	0.248	0.238	0.219	0.159	0.198	0.137	0.158	0.167	0.226	0.217	0.217	0.199	0.220	0.281	0.261	0.180	0.239	0.199	0.243	0.163	0.225	0.163	0.245	0.256	0.369	0.337	0.310	0.208	0.271	0.262	0.272	0.361	0.354	0.396	0.334	0.250	0.335	0.273	0.294	0.253	0.295	0.253	0.337	0.337	0.438	0.522	0.372	0.304	0.448	0.294	0.357	0.315	0.315	0.252	0.276	0.330	0.250	0.313	0.248	0.269	0.245	0.286	0.229	0.283	0.352	0.374	0.377	0.357	0.357	0.274	0.421	0.444	0.275	0.317	0.280	0.381	0.374	0.296	0.359	0.402	0.402	0.339	0.254	0.360	0.212	0.317	0.402	0.401	0.338	0.401	0.381	0.338	0.338	0.401	0.358	0.397	0.298	0.275	0.380	0.442	0.423	0.444	0.360	0.475	0.372	0.508	0.443	0.318	0.328	0.433	0.273	0.510	0.401	0.589	0.507	0.696	0.359	0.382	0.370	0.348	0.361	0.507	0.592	0.478	0.381	0.430	0.465	0.465	0.612	0.595	0.625																																																																																																																																																																																																																	
45A_PIEN		MRS4	2015	0.000	0.0000	0	0.000		241	RINGWIDTH	1	NotAFile	7/19/2017 11:19:05	                   		5660 2544 8 Grey	Intr 0.021158 0.021141 N	EPSON EPSON Flatbed Scanner EPSON Expression 10000XL 1.8 V3.45 3.45	0.0 [0]	5082.0000 730.0000 916.5000 791.0000  1.0000	Tg A Int Y	50 %	N W Man	19 1.0000 Lin 1.00	0.0120 0.0148 0.0203 0.0240 0.0289 0.0365 0.0481 0.0575 0.0685 0.0869 0.1104 0.1358 0.1795 0.2183 0.2831 0.3664 0.4581 0.5495 0.7145 	16 19 23 27 29 34 40 44 50 59 68 77 92 105 122 144 164 186 219 	0.0120 0.0148 0.0203 0.0240 0.0289 0.0365 0.0481 0.0575 0.0685 0.0869 0.1104 0.1358 0.1795 0.2183 0.2831 0.3664 0.4581 0.5495 0.7145 	0.0000	0.0000	0.0000	0.0000	0.0000	0.0000	88.1418	0.485	1.201	1.013	0.866	0.738	0.906	0.844	0.929	0.929	0.781	0.950	0.992	0.845	0.802	0.823	0.654	0.676	0.633	0.654	0.780	0.421	0.715	0.738	0.844	0.801	0.739	0.676	0.549	0.845	0.845	0.718	0.549	0.591	0.592	0.571	0.444	0.486	0.444	0.486	0.465	0.465	0.401	0.422	0.422	0.465	0.402	0.402	0.444	0.550	0.507	0.423	0.381	0.339	0.339	0.317	0.444	0.529	0.423	0.508	0.550	0.550	0.465	0.444	0.402	0.507	0.486	0.423	0.465	0.465	0.550	0.698	0.719	0.402	0.360	0.317	0.317	0.360	0.296	0.254	0.317	0.423	0.402	0.381	0.423	0.254	0.338	0.338	0.358	0.337	0.358	0.422	0.214	0.117	0.139	0.121	0.232	0.169	0.154	0.121	0.162	0.094	0.078	0.126	0.106	0.105	0.118	0.126	0.190	0.116	0.113	0.190	0.233	0.212	0.190	0.190	0.169	0.126	0.169	0.210	0.189	0.232	0.210	0.210	0.252	0.230	0.252	0.252	0.231	0.168	0.211	0.190	0.211	0.148	0.233	0.169	0.233	0.190	0.190	0.190	0.190	0.132	0.185	0.275	0.275	0.211	0.175	0.084	0.137	0.132	0.169	0.186	0.148	0.173	0.253	0.238	0.245	0.236	0.254	0.190	0.212	0.169	0.132	0.180	0.233	0.190	0.180	0.148	0.149	0.184	0.148	0.177	0.158	0.201	0.183	0.190	0.190	0.254	0.253	0.169	0.190	0.211	0.233	0.233	0.212	0.211	0.254	0.389	0.331	0.296	0.275	0.358	0.358	0.316	0.232	0.317	0.339	0.293	0.404	0.443	0.380	0.317	0.338	0.295	0.337	0.379	0.337	0.316	0.208	0.234	0.229	0.340	0.408	0.457	0.359	0.367	0.288	0.422	0.442	0.273	0.357	0.356	0.314	0.334	0.274	0.337	0.301	0.390	0.337	0.317	0.355	0.256	0.355	0.319	0.401	0.526	0.482	0.400	0.463	0.358	0.464	0.444																																																																																																																																																																																																																																																			
45B_PIEN		MRS4	2015	0.000	0.0000	0	0.000		190	RINGWIDTH	1	NotAFile	7/19/2017 11:19:05	                   		5660 2544 8 Grey	Intr 0.021158 0.021141 N	EPSON EPSON Flatbed Scanner EPSON Expression 10000XL 1.8 V3.45 3.45	0.0 [0]	4770.5000 1307.5000 878.0000 1483.5000  1.0000	Tg A Int Y	50 %	N W Man	19 1.0000 Lin 1.00	0.0120 0.0148 0.0203 0.0240 0.0289 0.0365 0.0481 0.0575 0.0685 0.0869 0.1104 0.1358 0.1795 0.2183 0.2831 0.3664 0.4581 0.5495 0.7145 	16 19 23 27 29 34 40 44 50 59 68 77 92 105 122 144 164 186 219 	0.0120 0.0148 0.0203 0.0240 0.0289 0.0365 0.0481 0.0575 0.0685 0.0869 0.1104 0.1358 0.1795 0.2183 0.2831 0.3664 0.4581 0.5495 0.7145 	0.0000	0.0000	0.0000	0.0000	0.0000	0.0000	82.4403	0.406	0.504	0.522	0.581	0.702	0.704	0.680	0.693	0.706	0.664	0.622	0.481	0.665	0.626	0.647	0.547	0.610	0.570	0.831	0.746	0.450	0.452	0.411	0.514	0.525	0.478	0.407	0.385	0.538	0.531	0.528	0.528	0.366	0.430	0.491	0.409	0.389	0.513	0.515	0.453	0.414	0.538	0.538	0.558	0.683	0.745	0.703	0.496	0.644	0.582	0.729	0.730	0.566	0.441	0.398	0.356	0.567	0.336	0.398	0.415	0.541	0.455	0.331	0.310	0.312	0.234	0.244	0.377	0.299	0.309	0.314	0.314	0.377	0.398	0.419	0.378	0.315	0.231	0.273	0.253	0.272	0.191	0.295	0.316	0.421	0.398	0.356	0.293	0.315	0.315	0.546	0.779	0.629	0.549	0.380	0.331	0.365	0.359	0.359	0.401	0.295	0.338	0.418	0.443	0.442	0.483	0.527	0.306	0.368	0.274	0.210	0.297	0.419	0.337	0.274	0.315	0.210	0.273	0.273	0.273	0.232	0.359	0.381	0.317	0.317	0.423	0.444	0.402	0.360	0.296	0.381	0.381	0.296	0.275	0.317	0.360	0.360	0.275	0.317	0.465	0.423	0.338	0.276	0.296	0.358	0.359	0.380	0.444	0.401	0.401	0.359	0.359	0.359	0.380	0.320	0.291	0.275	0.232	0.339	0.360	0.338	0.423	0.360	0.444	0.423	0.508	0.508	0.423	0.423	0.423	0.338	0.444	0.287	0.474	0.443	0.507	0.421	0.401	0.360	0.337	0.421	0.379	0.463	0.548	0.443	0.379	0.423	0.381	0.485	0.465																																																																																																																																																																																																
67A_PIEN		MRS4	2016	0.000	0.0000	0	0.000		223	RINGWIDTH	1	NotAFile	7/12/2017 12:13:13	                   		6403 1029 8 Grey	Intr 0.021158 0.021141 N	EPSON EPSON Flatbed Scanner EPSON Expression 10000XL 1.8 V3.45 3.45	0.0 [0]	1780.0000 262.0000 6160.0000 215.0000  1.0000	Tg A Int Y	50 %	N W Man	19 1.0000 Lin 1.00	0.0120 0.0148 0.0203 0.0240 0.0289 0.0365 0.0481 0.0575 0.0685 0.0869 0.1104 0.1358 0.1795 0.2183 0.2831 0.3664 0.4581 0.5495 0.7145 	16 19 23 27 29 34 40 44 50 59 68 77 92 105 122 144 164 186 219 	0.0120 0.0148 0.0203 0.0240 0.0289 0.0365 0.0481 0.0575 0.0685 0.0869 0.1104 0.1358 0.1795 0.2183 0.2831 0.3664 0.4581 0.5495 0.7145 	0.0000	0.0000	0.0000	0.0000	0.0000	0.0000	92.7418	0.822	0.504	0.783	0.825	0.973	1.078	1.097	0.274	0.613	0.886	0.735	0.754	0.754	0.586	0.878	0.773	0.900	0.461	0.584	0.582	0.500	0.501	0.773	0.711	0.733	0.713	0.922	0.756	0.568	0.527	0.591	0.486	0.486	0.550	0.487	0.569	0.589	0.629	0.668	0.501	0.543	0.418	0.461	0.440	0.440	0.377	0.443	0.464	0.527	0.464	0.506	0.358	0.400	0.359	0.359	0.381	0.444	0.360	0.296	0.338	0.360	0.338	0.402	0.507	0.421	0.506	0.401	0.381	0.338	0.423	0.465	0.423	0.296	0.275	0.211	0.233	0.254	0.275	0.317	0.233	0.254	0.275	0.212	0.233	0.233	0.190	0.211	0.190	0.296	0.211	0.211	0.233	0.317	0.255	0.211	0.222	0.169	0.136	0.096	0.116	0.125	0.118	0.136	0.127	0.139	0.179	0.126	0.181	0.242	0.233	0.233	0.212	0.233	0.233	0.296	0.296	0.317	0.275	0.254	0.275	0.296	0.275	0.275	0.393	0.402	0.413	0.294	0.212	0.274	0.232	0.274	0.274	0.253	0.211	0.253	0.296	0.296	0.275	0.275	0.233	0.212	0.169	0.169	0.233	0.254	0.265	0.318	0.232	0.222	0.294	0.233	0.317	0.212	0.360	0.402	0.317	0.414	0.434	0.560	0.411	0.402	0.381	0.507	0.485	0.422	0.381	0.381	0.486	0.401	0.380	0.422	0.550	0.740	0.508	0.381	0.444	0.507	0.507	0.656	0.677	0.571	0.550	0.550	0.571	0.613	0.485	0.527	0.443	0.401	0.422	0.507	0.591	0.613	0.697	0.550	0.592	0.570	0.697	0.654	0.444	0.296	0.380	0.316	0.380	0.337	0.359	0.337	0.338	0.232	0.211	0.212	0.208	0.209	0.251	0.313	0.312	0.270	0.353	0.331	0.300	0.338	0.413	0.525																																																																																																																																																																																																																																	
67B_PIEN		MRS4	2016	0.000	0.0000	0	0.000		161	RINGWIDTH	1	NotAFile	7/12/2017 12:13:13	                   		6403 1029 8 Grey	Intr 0.021158 0.021141 N	EPSON EPSON Flatbed Scanner EPSON Expression 10000XL 1.8 V3.45 3.45	0.0 [0]	316.0000 678.0000 6115.0000 769.0000  1.0000	Tg A Int Y	50 %	N W Man	19 1.0000 Lin 1.00	0.0120 0.0148 0.0203 0.0240 0.0289 0.0365 0.0481 0.0575 0.0685 0.0869 0.1104 0.1358 0.1795 0.2183 0.2831 0.3664 0.4581 0.5495 0.7145 	16 19 23 27 29 34 40 44 50 59 68 77 92 105 122 144 164 186 219 	0.0120 0.0148 0.0203 0.0240 0.0289 0.0365 0.0481 0.0575 0.0685 0.0869 0.1104 0.1358 0.1795 0.2183 0.2831 0.3664 0.4581 0.5495 0.7145 	0.0000	0.0000	0.0000	0.0000	0.0000	0.0000	123.1899	0.246	0.761	0.564	0.557	0.460	0.656	0.645	0.944	0.758	0.784	0.606	0.520	0.438	0.495	0.573	0.559	0.626	0.564	0.672	0.645	0.814	0.925	0.682	0.577	0.473	0.371	0.496	0.318	0.386	0.371	0.532	0.498	0.330	0.316	0.299	0.242	0.297	0.277	0.258	0.373	0.361	0.372	0.524	0.569	0.582	0.496	0.439	0.478	0.509	0.520	0.569	0.416	0.665	0.685	0.850	0.836	0.835	0.825	0.656	0.584	0.473	0.708	0.734	0.682	0.430	0.353	0.452	0.432	0.434	0.473	0.514	0.555	0.568	0.656	0.711	0.677	0.662	0.570	0.535	0.479	0.402	0.439	0.523	0.579	0.543	0.489	0.408	0.469	0.573	0.636	0.574	0.615	0.648	0.547	0.587	0.693	0.674	0.495	0.454	0.521	0.646	0.729	0.541	0.562	0.692	0.839	0.839	0.711	0.563	0.854	0.933	0.786	0.495	0.722	0.908	0.750	0.912	1.057	0.979	0.979	0.982	1.251	1.330	1.144	1.162	0.877	0.839	0.881	1.067	1.135	1.520	1.583	1.067	1.090	0.984	1.043	0.901	0.697	0.697	0.718	0.615	0.887	0.705	1.066	0.923	1.217	0.652	0.589	0.547	0.463	0.526	0.608	0.692	0.627	0.643	0.643	0.600	0.681	0.797	0.736	0.774																																																																																																																																																																			
116A_PIEN		MRS4	2016	0.000	0.0000	0	0.000		213	RINGWIDTH	1	NotAFile	7/12/2017 09:58:53	                   		6117 943 8 Grey	Intr 0.021158 0.021141 N	EPSON EPSON Flatbed Scanner EPSON Expression 10000XL 1.8 V3.45 3.45	0.0 [0]	2864.0000 190.0000 5610.0000 226.0000  1.0000	Tg A Int Y	50 %	N W Man	19 1.0000 Lin 1.00	0.0120 0.0148 0.0203 0.0240 0.0289 0.0365 0.0481 0.0575 0.0685 0.0869 0.1104 0.1358 0.1795 0.2183 0.2831 0.3664 0.4581 0.5495 0.7145 	16 19 23 27 29 34 40 44 50 59 68 77 92 105 122 144 164 186 219 	0.0120 0.0148 0.0203 0.0240 0.0289 0.0365 0.0481 0.0575 0.0685 0.0869 0.1104 0.1358 0.1795 0.2183 0.2831 0.3664 0.4581 0.5495 0.7145 	0.0000	0.0000	0.0000	0.0000	0.0000	0.0000	58.1040	0.460	0.506	0.354	0.654	0.552	0.442	0.320	0.301	0.343	0.326	0.338	0.411	0.413	0.369	0.381	0.360	0.275	0.359	0.359	0.266	0.212	0.157	0.159	0.179	0.169	0.212	0.212	0.191	0.211	0.274	0.254	0.190	0.169	0.212	0.233	0.233	0.202	0.242	0.275	0.233	0.254	0.192	0.169	0.138	0.159	0.231	0.254	0.181	0.148	0.169	0.284	0.255	0.210	0.190	0.169	0.233	0.212	0.273	0.232	0.232	0.232	0.253	0.232	0.192	0.242	0.220	0.253	0.276	0.273	0.190	0.229	0.149	0.201	0.189	0.159	0.190	0.188	0.138	0.200	0.137	0.169	0.148	0.189	0.157	0.158	0.177	0.191	0.166	0.147	0.149	0.127	0.187	0.202	0.159	0.167	0.172	0.166	0.161	0.170	0.147	0.170	0.177	0.211	0.169	0.190	0.190	0.161	0.220	0.190	0.277	0.337	0.233	0.275	0.275	0.309	0.347	0.428	0.447	0.589	0.590	0.822	0.733	0.620	0.634	0.677	0.734	0.651	0.567	0.566	0.460	0.418	0.334	0.378	0.419	0.379	0.401	0.401	0.316	0.317	0.338	0.275	0.254	0.190	0.275	0.296	0.254	0.233	0.381	0.401	0.296	0.275	0.275	0.232	0.232	0.275	0.275	0.211	0.190	0.190	0.233	0.169	0.127	0.233	0.233	0.184	0.176	0.190	0.190	0.148	0.212	0.233	0.233	0.215	0.208	0.232	0.211	0.190	0.253	0.210	0.231	0.231	0.173	0.210	0.284	0.279	0.273	0.231	0.294	0.252	0.231	0.210	0.252	0.231	0.210	0.210	0.246	0.300	0.252	0.225	0.257	0.193	0.205	0.182	0.189	0.209	0.258	0.252	0.273	0.336	0.267	0.304	0.283	0.253																																																																																																																																																																																																																							
116B_PIEN		MRS4	2016	0.000	0.0000	0	0.000		237	RINGWIDTH	1	NotAFile	7/12/2017 09:58:53	                   		6117 943 8 Grey	Intr 0.021158 0.021141 N	EPSON EPSON Flatbed Scanner EPSON Expression 10000XL 1.8 V3.45 3.45	0.0 [0]	1542.5000 782.0000 5495.5000 766.5000  1.0000	Tg A Int Y	50 %	N W Man	19 1.0000 Lin 1.00	0.0120 0.0148 0.0203 0.0240 0.0289 0.0365 0.0481 0.0575 0.0685 0.0869 0.1104 0.1358 0.1795 0.2183 0.2831 0.3664 0.4581 0.5495 0.7145 	16 19 23 27 29 34 40 44 50 59 68 77 92 105 122 144 164 186 219 	0.0120 0.0148 0.0203 0.0240 0.0289 0.0365 0.0481 0.0575 0.0685 0.0869 0.1104 0.1358 0.1795 0.2183 0.2831 0.3664 0.4581 0.5495 0.7145 	0.0000	0.0000	0.0000	0.0000	0.0000	0.0000	83.7949	0.594	0.929	1.049	1.102	0.962	0.829	0.702	0.910	0.767	0.978	0.633	0.728	0.518	0.354	0.510	0.485	0.507	0.466	0.537	0.626	0.520	0.497	0.426	0.370	0.316	0.330	0.383	0.155	0.180	0.181	0.290	0.188	0.233	0.324	0.345	0.392	0.438	0.424	0.368	0.337	0.376	0.441	0.363	0.320	0.212	0.211	0.174	0.250	0.248	0.260	0.222	0.239	0.255	0.236	0.201	0.147	0.186	0.191	0.317	0.203	0.170	0.160	0.137	0.157	0.183	0.167	0.201	0.164	0.161	0.162	0.207	0.138	0.149	0.091	0.105	0.134	0.266	0.173	0.267	0.226	0.228	0.576	0.228	0.167	0.201	0.202	0.235	0.241	0.278	0.223	0.225	0.286	0.193	0.171	0.245	0.191	0.180	0.230	0.185	0.206	0.163	0.155	0.290	0.200	0.181	0.241	0.238	0.196	0.197	0.237	0.267	0.218	0.270	0.340	0.227	0.288	0.286	0.266	0.289	0.278	0.315	0.295	0.294	0.257	0.338	0.360	0.364	0.285	0.365	0.393	0.334	0.276	0.232	0.280	0.345	0.251	0.251	0.293	0.252	0.252	0.274	0.274	0.295	0.299	0.333	0.316	0.400	0.406	0.416	0.443	0.435	0.366	0.295	0.266	0.296	0.219	0.267	0.316	0.254	0.275	0.262	0.275	0.275	0.275	0.218	0.233	0.247	0.275	0.317	0.232	0.233	0.352	0.331	0.352	0.296	0.269	0.233	0.302	0.311	0.254	0.247	0.311	0.296	0.275	0.233	0.212	0.232	0.254	0.184	0.218	0.254	0.212	0.254	0.317	0.296	0.317	0.339	0.275	0.275	0.296	0.296	0.275	0.275	0.359	0.338	0.295	0.295	0.316	0.337	0.295	0.211	0.253	0.232	0.253	0.274	0.274	0.189	0.232	0.213	0.271	0.242	0.220	0.251	0.230	0.240	0.153	0.216	0.217	0.195	0.190	0.213	0.198	0.284	0.210	0.293	0.293	0.333																																																																																																																																																																																																																																															
257A_PIEN		MRS4	2016	0.000	0.0000	0	0.000		224	RINGWIDTH	1	NotAFile	7/7/2017 14:45:42	                   		5002 1000 8 Grey	Intr 0.021158 0.021141 N	EPSON EPSON Flatbed Scanner EPSON Expression 10000XL 1.8 V3.45 3.45	0.0 [0]	1187.0000 143.0000 4705.0000 171.0000  1.0000	Tg A Int Y	50 %	N W Man	19 1.0000 Lin 1.00	0.0120 0.0148 0.0203 0.0240 0.0289 0.0365 0.0481 0.0575 0.0685 0.0869 0.1104 0.1358 0.1795 0.2183 0.2831 0.3664 0.4581 0.5495 0.7145 	16 19 23 27 29 34 40 44 50 59 68 77 92 105 122 144 164 186 219 	0.0120 0.0148 0.0203 0.0240 0.0289 0.0365 0.0481 0.0575 0.0685 0.0869 0.1104 0.1358 0.1795 0.2183 0.2831 0.3664 0.4581 0.5495 0.7145 	0.0000	0.0000	0.0000	0.0000	0.0000	0.0000	74.4570	1.206	0.867	0.887	0.992	0.694	0.733	1.048	1.215	0.841	0.823	0.782	0.802	0.697	0.591	0.613	0.487	0.592	0.719	0.613	0.613	0.570	0.718	0.653	0.695	0.632	0.611	0.507	0.486	0.402	0.486	0.380	0.401	0.592	0.613	0.550	0.528	0.591	0.550	0.656	0.635	0.423	0.465	0.846	0.613	0.465	0.360	0.486	0.486	0.697	0.845	0.591	0.423	0.380	0.443	0.548	0.401	0.465	0.423	0.549	0.359	0.550	0.698	0.360	0.381	0.423	0.380	0.613	0.507	0.485	0.380	0.338	0.317	0.316	0.232	0.316	0.337	0.401	0.254	0.381	0.613	0.613	0.550	0.360	0.254	0.233	0.233	0.317	0.159	0.243	0.233	0.233	0.254	0.190	0.233	0.223	0.138	0.168	0.169	0.159	0.179	0.275	0.233	0.190	0.254	0.381	0.275	0.253	0.254	0.254	0.190	0.232	0.148	0.232	0.211	0.338	0.275	0.254	0.190	0.232	0.190	0.233	0.358	0.275	0.275	0.191	0.137	0.157	0.181	0.232	0.222	0.211	0.253	0.286	0.306	0.317	0.423	0.359	0.254	0.254	0.181	0.200	0.171	0.190	0.201	0.263	0.244	0.137	0.190	0.274	0.296	0.211	0.223	0.190	0.201	0.252	0.211	0.234	0.231	0.149	0.127	0.148	0.169	0.116	0.148	0.106	0.127	0.148	0.116	0.159	0.222	0.148	0.141	0.063	0.064	0.099	0.092	0.155	0.142	0.133	0.134	0.127	0.127	0.099	0.155	0.155	0.113	0.106	0.106	0.159	0.106	0.148	0.158	0.106	0.180	0.137	0.159	0.190	0.169	0.116	0.210	0.148	0.128	0.148	0.148	0.180	0.221	0.139	0.169	0.127	0.109	0.092	0.050	0.084	0.106	0.141	0.121	0.133	0.120	0.098	0.114	0.141	0.163	0.133	0.127																																																																																																																																																																																																																																		
257B_PIEN		MRS4	2016	0.000	0.0000	0	0.000		238	RINGWIDTH	1	NotAFile	7/7/2017 14:45:42	                   		5002 1000 8 Grey	Intr 0.021158 0.021141 N	EPSON EPSON Flatbed Scanner EPSON Expression 10000XL 1.8 V3.45 3.45	0.0 [0]	111.5000 553.5000 4724.5000 740.5000  1.0000	Tg A Int Y	50 %	N W Man	19 1.0000 Lin 1.00	0.0120 0.0148 0.0203 0.0240 0.0289 0.0365 0.0481 0.0575 0.0685 0.0869 0.1104 0.1358 0.1795 0.2183 0.2831 0.3664 0.4581 0.5495 0.7145 	16 19 23 27 29 34 40 44 50 59 68 77 92 105 122 144 164 186 219 	0.0120 0.0148 0.0203 0.0240 0.0289 0.0365 0.0481 0.0575 0.0685 0.0869 0.1104 0.1358 0.1795 0.2183 0.2831 0.3664 0.4581 0.5495 0.7145 	0.0000	0.0000	0.0000	0.0000	0.0000	0.0000	97.6804	0.337	1.254	1.311	1.390	1.132	1.330	1.116	1.119	1.449	1.445	1.212	1.342	1.535	1.390	1.224	1.142	1.143	1.144	0.916	1.104	1.129	1.255	1.305	1.262	1.052	0.989	1.077	1.245	0.928	0.905	1.031	0.986	0.944	0.736	0.694	0.718	0.822	1.001	0.740	0.691	0.550	0.550	0.508	0.592	0.571	0.550	0.592	0.550	0.465	0.550	0.487	0.508	0.550	0.614	0.677	0.529	0.637	0.738	0.824	0.697	0.383	0.482	0.528	0.444	0.380	0.422	0.444	0.444	0.527	0.783	0.592	0.529	0.529	0.529	0.465	0.423	0.381	0.317	0.444	0.444	0.402	0.381	0.309	0.452	0.422	0.401	0.444	0.423	0.465	0.423	0.401	0.359	0.338	0.275	0.294	0.317	0.345	0.246	0.401	0.380	0.317	0.444	0.338	0.276	0.237	0.269	0.317	0.232	0.169	0.275	0.253	0.316	0.201	0.284	0.211	0.148	0.169	0.148	0.169	0.148	0.190	0.211	0.190	0.253	0.189	0.210	0.231	0.231	0.168	0.168	0.230	0.125	0.183	0.217	0.251	0.188	0.184	0.231	0.194	0.196	0.245	0.273	0.274	0.231	0.231	0.232	0.175	0.166	0.206	0.169	0.169	0.232	0.253	0.296	0.338	0.275	0.253	0.211	0.190	0.169	0.169	0.190	0.169	0.136	0.180	0.157	0.204	0.169	0.219	0.182	0.210	0.221	0.200	0.147	0.231	0.253	0.190	0.154	0.196	0.137	0.211	0.127	0.121	0.124	0.157	0.127	0.096	0.179	0.114	0.140	0.149	0.120	0.099	0.111	0.114	0.114	0.139	0.114	0.148	0.116	0.089	0.113	0.123	0.132	0.137	0.106	0.115	0.103	0.103	0.074	0.083	0.113	0.102	0.085	0.140	0.143	0.143	0.149	0.146	0.109	0.095	0.076	0.079	0.081	0.082	0.081	0.093	0.090	0.093	0.140	0.106	0.087	0.080	0.105	0.064	0.101	0.111	0.126																																																																																																																																																																																																																																																
262A_PIEN		MRS4	2016	0.000	0.0000	0	0.000		163	RINGWIDTH	1	NotAFile	7/19/2017 10:03:09	                   		6031 3631 8 Grey	Intr 0.021158 0.021141 N	EPSON EPSON Flatbed Scanner EPSON Expression 10000XL 1.8 V3.45 3.45	0.0 [0]	5202.0000 426.0000 1443.0000 525.0000  1.0000	Tg A Int Y	50 %	N W Man	19 1.0000 Lin 1.00	0.0120 0.0148 0.0203 0.0240 0.0289 0.0365 0.0481 0.0575 0.0685 0.0869 0.1104 0.1358 0.1795 0.2183 0.2831 0.3664 0.4581 0.5495 0.7145 	16 19 23 27 29 34 40 44 50 59 68 77 92 105 122 144 164 186 219 	0.0120 0.0148 0.0203 0.0240 0.0289 0.0365 0.0481 0.0575 0.0685 0.0869 0.1104 0.1358 0.1795 0.2183 0.2831 0.3664 0.4581 0.5495 0.7145 	0.0000	0.0000	0.0000	0.0000	0.0000	0.0000	79.5593	5.961	0.737	0.673	0.482	0.386	0.529	0.707	0.494	0.409	0.478	0.546	0.419	0.272	0.462	0.400	0.274	0.419	0.353	0.505	0.275	0.438	0.394	0.528	0.577	0.368	0.350	0.291	0.234	0.326	0.292	0.314	0.356	0.262	0.242	0.232	0.295	0.295	0.232	0.274	0.249	0.143	0.222	0.275	0.359	0.403	0.441	0.272	0.230	0.334	0.315	0.336	0.379	0.336	0.252	0.335	0.398	0.420	0.399	0.336	0.357	0.422	0.453	0.391	0.401	0.401	0.359	0.360	0.339	0.360	0.423	0.402	0.487	0.477	0.382	0.410	0.428	0.525	0.571	0.444	0.402	0.335	0.321	0.317	0.423	0.465	0.460	0.429	0.470	0.313	0.402	0.379	0.422	0.337	0.528	0.549	0.528	0.696	0.633	0.634	0.549	0.486	0.444	0.465	0.338	0.317	0.339	0.296	0.381	0.381	0.381	0.378	0.454	0.478	0.380	0.263	0.318	0.380	0.370	0.380	0.423	0.444	0.455	0.401	0.410	0.403	0.433	0.400	0.364	0.300	0.253	0.314	0.315	0.287	0.349	0.409	0.363	0.380	0.486	0.439	0.333	0.349	0.454	0.317	0.498	0.371	0.511	0.498	0.529	0.475	0.380	0.316	0.243	0.381	0.319	0.359	0.431	0.390	0.483	0.358	0.457	0.420	0.526	0.389																																																																																																																																																																					
262B_PIEN		MRS4	2015	0.000	0.0000	0	0.000		97	RINGWIDTH	1	NotAFile	7/19/2017 10:03:09	                   		6031 3631 8 Grey	Intr 0.021158 0.021141 N	EPSON EPSON Flatbed Scanner EPSON Expression 10000XL 1.8 V3.45 3.45	0.0 [0]	3703.0000 930.0000 1495.0000 997.0000  1.0000	Tg A Int Y	50 %	N W Man	19 1.0000 Lin 1.00	0.0120 0.0148 0.0203 0.0240 0.0289 0.0365 0.0481 0.0575 0.0685 0.0869 0.1104 0.1358 0.1795 0.2183 0.2831 0.3664 0.4581 0.5495 0.7145 	16 19 23 27 29 34 40 44 50 59 68 77 92 105 122 144 164 186 219 	0.0120 0.0148 0.0203 0.0240 0.0289 0.0365 0.0481 0.0575 0.0685 0.0869 0.1104 0.1358 0.1795 0.2183 0.2831 0.3664 0.4581 0.5495 0.7145 	0.0000	0.0000	0.0000	0.0000	0.0000	0.0000	46.7376	0.500	0.413	0.406	0.717	0.411	0.455	0.518	0.458	0.596	0.555	0.554	0.638	0.602	0.532	0.385	0.407	0.393	0.395	0.501	0.482	0.503	0.503	0.431	0.344	0.411	0.427	0.414	0.448	0.660	0.712	0.569	0.611	0.632	0.705	0.583	0.465	0.390	0.413	0.446	0.290	0.357	0.316	0.383	0.389	0.465	0.402	0.476	0.517	0.464	0.339	0.370	0.452	0.496	0.569	0.618	0.586	0.528	0.570	0.506	0.469	0.504	0.480	0.332	0.285	0.293	0.283	0.357	0.488	0.523	0.473	0.575	0.514	0.627	0.607	0.554	0.544	0.632	0.545	0.599	0.555	0.669	0.609	0.573	0.475	0.347	0.317	0.201	0.262	0.264	0.243	0.242	0.285	0.359	0.431	0.314	0.401	0.545																																																																																																			
229A_PIEN		MRS4	2015	0.000	0.0000	0	0.000		202	RINGWIDTH	1	NotAFile	7/19/2017 10:03:09	                   		6031 3631 8 Grey	Intr 0.021158 0.021141 N	EPSON EPSON Flatbed Scanner EPSON Expression 10000XL 1.8 V3.45 3.45	0.0 [0]	4203.0000 3009.0000 643.0000 3236.0000  1.0000	Tg A Int Y	50 %	N W Man	19 1.0000 Lin 1.00	0.0120 0.0148 0.0203 0.0240 0.0289 0.0365 0.0481 0.0575 0.0685 0.0869 0.1104 0.1358 0.1795 0.2183 0.2831 0.3664 0.4581 0.5495 0.7145 	16 19 23 27 29 34 40 44 50 59 68 77 92 105 122 144 164 186 219 	0.0120 0.0148 0.0203 0.0240 0.0289 0.0365 0.0481 0.0575 0.0685 0.0869 0.1104 0.1358 0.1795 0.2183 0.2831 0.3664 0.4581 0.5495 0.7145 	0.0000	0.0000	0.0000	0.0000	0.0000	0.0000	75.4741	0.570	0.526	0.555	0.609	0.583	0.619	0.562	0.504	0.492	0.676	0.615	0.554	0.494	0.536	0.536	0.455	0.580	0.789	0.562	0.753	0.690	0.755	0.650	0.525	0.545	0.692	0.694	0.629	0.648	0.690	0.544	0.648	0.778	0.506	0.526	0.421	0.443	0.527	0.464	0.358	0.358	0.529	0.486	0.401	0.465	0.381	0.422	0.359	0.317	0.400	0.526	0.422	0.465	0.465	0.402	0.825	0.529	0.592	0.570	0.380	0.611	0.422	0.464	0.654	0.507	0.401	0.358	0.338	0.550	0.317	0.324	0.415	0.486	0.402	0.258	0.290	0.238	0.199	0.263	0.260	0.213	0.274	0.289	0.294	0.310	0.347	0.321	0.405	0.429	0.274	0.360	0.359	0.379	0.191	0.386	0.370	0.431	0.408	0.369	0.422	0.396	0.377	0.352	0.416	0.451	0.492	0.391	0.299	0.317	0.341	0.314	0.378	0.354	0.315	0.449	0.401	0.414	0.486	0.380	0.359	0.359	0.317	0.317	0.359	0.296	0.367	0.288	0.258	0.228	0.296	0.317	0.267	0.240	0.317	0.305	0.283	0.258	0.296	0.431	0.276	0.262	0.217	0.249	0.220	0.189	0.233	0.191	0.236	0.228	0.299	0.194	0.239	0.270	0.269	0.167	0.199	0.178	0.284	0.285	0.216	0.350	0.268	0.249	0.202	0.274	0.258	0.294	0.325	0.246	0.153	0.229	0.234	0.243	0.271	0.274	0.306	0.220	0.289	0.182	0.177	0.192	0.202	0.152	0.205	0.179	0.174	0.195	0.190	0.179	0.190	0.146	0.106	0.179	0.169	0.150	0.196	0.164	0.161	0.158	0.188	0.232	0.202																																																																																																																																																																																																												
278A_PIEN		MRS4	2016	0.000	0.0000	0	0.000		215	RINGWIDTH	1	NotAFile	7/7/2017 11:17:41	                   		4631 943 8 Grey	Intr 0.021158 0.021141 N	EPSON EPSON Flatbed Scanner EPSON Expression 10000XL 1.8 V3.45 3.45	0.0 [0]	351.0000 333.0000 4306.0000 257.0000  1.0000	Tg A Int Y	50 %	N W Man	19 1.0000 Lin 1.00	0.0120 0.0148 0.0203 0.0240 0.0289 0.0365 0.0481 0.0575 0.0685 0.0869 0.1104 0.1358 0.1795 0.2183 0.2831 0.3664 0.4581 0.5495 0.7145 	16 19 23 27 29 34 40 44 50 59 68 77 92 105 122 144 164 186 219 	0.0120 0.0148 0.0203 0.0240 0.0289 0.0365 0.0481 0.0575 0.0685 0.0869 0.1104 0.1358 0.1795 0.2183 0.2831 0.3664 0.4581 0.5495 0.7145 	0.0000	0.0000	0.0000	0.0000	0.0000	0.0000	83.6953	0.741	0.683	0.668	0.579	0.584	0.561	0.523	0.465	0.561	0.660	0.569	0.707	0.773	0.715	0.558	0.477	0.516	0.536	0.694	0.557	0.558	0.620	0.522	0.502	0.421	0.460	0.551	0.469	0.616	0.514	0.639	0.516	0.490	0.388	0.694	0.577	0.498	0.686	0.833	0.603	0.581	0.513	0.391	0.515	0.557	0.479	0.416	0.436	0.229	0.271	0.293	0.204	0.215	0.418	0.427	0.365	0.255	0.285	0.310	0.331	0.253	0.332	0.310	0.269	0.307	0.293	0.230	0.293	0.376	0.314	0.357	0.272	0.293	0.377	0.357	0.252	0.230	0.208	0.354	0.208	0.207	0.246	0.267	0.227	0.198	0.199	0.142	0.150	0.152	0.185	0.127	0.180	0.167	0.208	0.209	0.272	0.272	0.253	0.316	0.316	0.295	0.253	0.313	0.229	0.417	0.397	0.518	0.477	0.396	0.375	0.397	0.439	0.377	0.483	0.272	0.293	0.523	0.378	0.273	0.399	0.315	0.484	0.400	0.444	0.337	0.464	0.486	0.528	0.513	0.409	0.347	0.357	0.348	0.337	0.305	0.316	0.252	0.283	0.306	0.200	0.212	0.242	0.286	0.295	0.263	0.295	0.221	0.368	0.368	0.494	0.358	0.337	0.273	0.389	0.379	0.294	0.306	0.296	0.390	0.307	0.306	0.380	0.435	0.337	0.329	0.273	0.254	0.275	0.370	0.359	0.349	0.285	0.424	0.380	0.466	0.496	0.382	0.454	0.242	0.170	0.295	0.252	0.358	0.431	0.444	0.599	0.411	0.517	0.440	0.528	0.590	0.348	0.398	0.465	0.411	0.442	0.369	0.412	0.389	0.349	0.243	0.252	0.184	0.148	0.221	0.219	0.184	0.236	0.216	0.254	0.181	0.217	0.252	0.297	0.316																																																																																																																																																																																																																									
278B_PIEN		MRS4	2016	0.000	0.0000	0	0.000		226	RINGWIDTH	1	NotAFile	7/7/2017 11:17:41	                   		4631 943 8 Grey	Intr 0.021158 0.021141 N	EPSON EPSON Flatbed Scanner EPSON Expression 10000XL 1.8 V3.45 3.45	0.0 [0]	161.0000 860.0000 4430.0000 758.0000  1.0000	Tg A Int Y	50 %	N W Man	19 1.0000 Lin 1.00	0.0120 0.0148 0.0203 0.0240 0.0289 0.0365 0.0481 0.0575 0.0685 0.0869 0.1104 0.1358 0.1795 0.2183 0.2831 0.3664 0.4581 0.5495 0.7145 	16 19 23 27 29 34 40 44 50 59 68 77 92 105 122 144 164 186 219 	0.0120 0.0148 0.0203 0.0240 0.0289 0.0365 0.0481 0.0575 0.0685 0.0869 0.1104 0.1358 0.1795 0.2183 0.2831 0.3664 0.4581 0.5495 0.7145 	0.0000	0.0000	0.0000	0.0000	0.0000	0.0000	90.3479	0.677	0.677	0.614	0.888	0.635	0.801	0.635	0.631	0.541	0.353	0.579	0.580	0.518	0.344	0.458	0.307	0.870	0.588	0.580	0.474	0.634	0.612	0.537	0.599	0.806	0.723	0.576	0.478	0.539	0.475	0.536	0.411	0.498	0.602	0.523	0.482	0.483	0.462	0.562	0.459	0.468	0.452	0.576	0.541	0.346	0.308	0.576	0.646	0.378	0.356	0.478	0.498	0.647	0.345	0.345	0.375	0.501	0.482	0.440	0.263	0.209	0.252	0.274	0.231	0.231	0.347	0.241	0.273	0.274	0.210	0.254	0.422	0.253	0.317	0.338	0.232	0.232	0.274	0.294	0.256	0.368	0.243	0.431	0.287	0.275	0.316	0.276	0.211	0.200	0.169	0.264	0.105	0.179	0.170	0.201	0.211	0.169	0.158	0.095	0.138	0.105	0.170	0.243	0.139	0.146	0.222	0.156	0.159	0.211	0.254	0.242	0.201	0.222	0.275	0.201	0.297	0.359	0.360	0.349	0.378	0.395	0.434	0.455	0.423	0.454	0.624	0.625	0.412	0.296	0.382	0.339	0.412	0.381	0.455	0.360	0.392	0.517	0.453	0.466	0.443	0.392	0.411	0.370	0.315	0.298	0.306	0.317	0.243	0.265	0.212	0.264	0.202	0.242	0.286	0.253	0.245	0.242	0.318	0.434	0.465	0.498	0.338	0.381	0.391	0.413	0.338	0.338	0.361	0.327	0.401	0.347	0.485	0.583	0.537	0.412	0.358	0.329	0.316	0.390	0.381	0.445	0.413	0.379	0.444	0.498	0.539	0.497	0.286	0.242	0.234	0.212	0.263	0.253	0.402	0.444	0.401	0.510	0.506	0.466	0.400	0.551	0.560	0.444	0.423	0.423	0.381	0.433	0.338	0.476	0.445	0.495	0.315	0.349	0.254	0.211	0.263	0.180	0.293	0.307	0.263	0.244	0.248	0.257	0.275	0.350	0.296																																																																																																																																																																																																																																				
416A_PIEN		MRS4	2016	0.000	0.0000	0	0.000		209	RINGWIDTH	1	NotAFile	7/12/2017 10:19:54	                   		3945 1143 8 Grey	Intr 0.021158 0.021141 N	EPSON EPSON Flatbed Scanner EPSON Expression 10000XL 1.8 V3.45 3.45	0.0 [0]	239.0000 282.0000 3680.0000 295.0000  1.0000	Tg A Int Y	50 %	N W Man	19 1.0000 Lin 1.00	0.0120 0.0148 0.0203 0.0240 0.0289 0.0365 0.0481 0.0575 0.0685 0.0869 0.1104 0.1358 0.1795 0.2183 0.2831 0.3664 0.4581 0.5495 0.7145 	16 19 23 27 29 34 40 44 50 59 68 77 92 105 122 144 164 186 219 	0.0120 0.0148 0.0203 0.0240 0.0289 0.0365 0.0481 0.0575 0.0685 0.0869 0.1104 0.1358 0.1795 0.2183 0.2831 0.3664 0.4581 0.5495 0.7145 	0.0000	0.0000	0.0000	0.0000	0.0000	0.0000	72.8561	0.268	0.176	0.404	0.316	0.396	0.497	0.378	0.397	0.360	0.382	0.383	0.403	0.403	0.333	0.402	0.350	0.343	0.303	0.244	0.327	0.245	0.286	0.347	0.308	0.349	0.351	0.332	0.311	0.271	0.208	0.374	0.353	0.334	0.292	0.448	0.375	0.490	0.667	0.335	0.315	0.252	0.315	0.315	0.252	0.146	0.209	0.292	0.188	0.251	0.293	0.209	0.251	0.209	0.230	0.209	0.252	0.273	0.189	0.168	0.210	0.231	0.200	0.283	0.272	0.262	0.220	0.314	0.294	0.336	0.399	0.336	0.211	0.253	0.190	0.274	0.169	0.296	0.274	0.232	0.275	0.212	0.233	0.169	0.169	0.254	0.275	0.233	0.296	0.296	0.296	0.359	0.402	0.423	0.338	0.337	0.274	0.274	0.253	0.325	0.242	0.421	0.338	0.464	0.443	0.380	0.359	0.402	0.380	0.401	0.485	0.507	0.484	0.273	0.253	0.294	0.273	0.337	0.379	0.274	0.420	0.526	0.570	0.570	0.549	0.465	0.442	0.505	0.336	0.315	0.378	0.336	0.389	0.410	0.441	0.315	0.377	0.356	0.356	0.273	0.408	0.515	0.504	0.461	0.502	0.429	0.345	0.230	0.187	0.186	0.229	0.229	0.231	0.357	0.336	0.441	0.378	0.252	0.399	0.399	0.357	0.251	0.314	0.292	0.313	0.334	0.355	0.355	0.376	0.376	0.312	0.332	0.413	0.374	0.521	0.229	0.250	0.334	0.461	0.525	0.630	0.442	0.569	0.378	0.483	0.462	0.358	0.379	0.474	0.400	0.452	0.399	0.525	0.421	0.546	0.379	0.359	0.253	0.211	0.274	0.232	0.274	0.295	0.253	0.232	0.274	0.295	0.316	0.358	0.315																																																																																																																																																																																																																			
416B_PIEN		MRS4	2016	0.000	0.0000	0	0.000		232	RINGWIDTH	1	NotAFile	7/12/2017 10:19:54	                   		3945 1143 8 Grey	Intr 0.021158 0.021141 N	EPSON EPSON Flatbed Scanner EPSON Expression 10000XL 1.8 V3.45 3.45	0.0 [0]	234.0000 742.5000 3658.0000 799.5000  1.0000	Tg A Int Y	50 %	N W Man	19 1.0000 Lin 1.00	0.0120 0.0148 0.0203 0.0240 0.0289 0.0365 0.0481 0.0575 0.0685 0.0869 0.1104 0.1358 0.1795 0.2183 0.2831 0.3664 0.4581 0.5495 0.7145 	16 19 23 27 29 34 40 44 50 59 68 77 92 105 122 144 164 186 219 	0.0120 0.0148 0.0203 0.0240 0.0289 0.0365 0.0481 0.0575 0.0685 0.0869 0.1104 0.1358 0.1795 0.2183 0.2831 0.3664 0.4581 0.5495 0.7145 	0.0000	0.0000	0.0000	0.0000	0.0000	0.0000	72.4539	0.811	1.092	0.763	0.959	0.943	0.849	0.871	0.846	0.877	0.631	0.847	0.857	0.892	0.658	0.707	0.706	0.597	0.763	0.733	0.621	0.483	0.407	0.357	0.441	0.371	0.379	0.380	0.380	0.518	0.315	0.328	0.285	0.317	0.335	0.298	0.369	0.274	0.261	0.211	0.232	0.232	0.226	0.251	0.203	0.252	0.370	0.369	0.455	0.444	0.409	0.324	0.316	0.284	0.410	0.356	0.433	0.475	0.528	0.492	0.607	0.657	0.406	0.380	0.275	0.296	0.317	0.260	0.169	0.254	0.243	0.258	0.194	0.293	0.190	0.169	0.164	0.202	0.226	0.211	0.190	0.190	0.169	0.169	0.148	0.169	0.233	0.254	0.280	0.227	0.317	0.233	0.217	0.359	0.264	0.170	0.179	0.147	0.169	0.160	0.168	0.189	0.189	0.168	0.189	0.147	0.103	0.072	0.152	0.168	0.135	0.164	0.215	0.210	0.253	0.253	0.253	0.239	0.246	0.190	0.232	0.211	0.232	0.169	0.274	0.232	0.274	0.316	0.253	0.253	0.295	0.253	0.232	0.338	0.381	0.331	0.219	0.147	0.148	0.169	0.211	0.253	0.253	0.253	0.337	0.401	0.506	0.507	0.465	0.380	0.380	0.253	0.232	0.275	0.253	0.232	0.253	0.253	0.233	0.254	0.233	0.275	0.232	0.233	0.275	0.254	0.275	0.339	0.296	0.190	0.163	0.155	0.169	0.169	0.169	0.190	0.169	0.254	0.233	0.275	0.171	0.247	0.282	0.252	0.233	0.275	0.233	0.233	0.254	0.275	0.296	0.296	0.275	0.233	0.275	0.317	0.277	0.272	0.169	0.190	0.254	0.275	0.254	0.275	0.211	0.305	0.203	0.317	0.284	0.202	0.233	0.233	0.233	0.215	0.251	0.296	0.232	0.254	0.169	0.200	0.134	0.113	0.184	0.131	0.228	0.204	0.161	0.188	0.200	0.160	0.275	0.232	0.232																																																																																																																																																																																																																																										
437A_PIEN		MRS4	2016	0.000	0.0000	0	0.000		232	RINGWIDTH	1	NotAFile	7/7/2017 11:29:15	                   		4659 1029 8 Grey	Intr 0.021158 0.021141 N	EPSON EPSON Flatbed Scanner EPSON Expression 10000XL 1.8 V3.45 3.45	0.0 [0]	235.0000 257.0000 4467.0000 263.0000  1.0000	Tg A Int Y	50 %	N W Man	19 1.0000 Lin 1.00	0.0120 0.0148 0.0203 0.0240 0.0289 0.0365 0.0481 0.0575 0.0685 0.0869 0.1104 0.1358 0.1795 0.2183 0.2831 0.3664 0.4581 0.5495 0.7145 	16 19 23 27 29 34 40 44 50 59 68 77 92 105 122 144 164 186 219 	0.0120 0.0148 0.0203 0.0240 0.0289 0.0365 0.0481 0.0575 0.0685 0.0869 0.1104 0.1358 0.1795 0.2183 0.2831 0.3664 0.4581 0.5495 0.7145 	0.0000	0.0000	0.0000	0.0000	0.0000	0.0000	89.5401	0.946	1.305	0.771	0.732	0.792	0.817	0.768	0.586	0.737	0.717	1.057	0.761	0.782	0.634	0.761	0.741	0.804	0.910	0.931	0.824	0.634	0.592	0.630	0.525	0.515	0.536	0.420	0.396	0.571	0.509	0.498	0.457	0.387	0.408	0.356	0.399	0.461	0.482	0.314	0.399	0.337	0.357	0.379	0.315	0.400	0.484	0.432	0.538	0.463	0.526	0.317	0.317	0.317	0.380	0.317	0.359	0.338	0.444	0.381	0.423	0.508	0.381	0.423	0.381	0.338	0.381	0.317	0.212	0.317	0.275	0.275	0.275	0.402	0.296	0.317	0.275	0.275	0.275	0.317	0.360	0.380	0.275	0.317	0.296	0.275	0.317	0.339	0.402	0.275	0.360	0.296	0.296	0.381	0.317	0.232	0.232	0.190	0.253	0.148	0.232	0.190	0.211	0.233	0.212	0.190	0.148	0.148	0.127	0.190	0.159	0.180	0.169	0.212	0.212	0.233	0.211	0.190	0.254	0.190	0.190	0.190	0.232	0.169	0.317	0.275	0.402	0.317	0.317	0.232	0.295	0.317	0.338	0.338	0.275	0.254	0.253	0.274	0.148	0.232	0.232	0.253	0.295	0.295	0.338	0.380	0.402	0.391	0.306	0.253	0.294	0.231	0.232	0.274	0.253	0.317	0.275	0.317	0.233	0.296	0.275	0.317	0.296	0.339	0.381	0.296	0.317	0.360	0.381	0.349	0.328	0.307	0.328	0.296	0.212	0.254	0.275	0.338	0.338	0.381	0.338	0.423	0.444	0.506	0.296	0.359	0.423	0.381	0.549	0.719	0.508	0.980	0.976	0.727	0.628	0.482	0.440	0.221	0.232	0.222	0.169	0.254	0.254	0.381	0.486	0.550	0.423	0.486	0.381	0.317	0.286	0.475	0.317	0.402	0.296	0.339	0.275	0.360	0.265	0.222	0.233	0.148	0.232	0.253	0.296	0.274	0.274	0.274	0.338	0.232	0.296	0.296	0.223																																																																																																																																																																																																																																										
437B_PIEN		MRS4	2016	0.000	0.0000	0	0.000		174	RINGWIDTH	1	NotAFile	7/7/2017 11:29:15	                   		4659 1029 8 Grey	Intr 0.021158 0.021141 N	EPSON EPSON Flatbed Scanner EPSON Expression 10000XL 1.8 V3.45 3.45	0.0 [0]	968.0000 626.0000 4362.0000 768.0000  1.0000	Tg A Int Y	50 %	N W Man	19 1.0000 Lin 1.00	0.0120 0.0148 0.0203 0.0240 0.0289 0.0365 0.0481 0.0575 0.0685 0.0869 0.1104 0.1358 0.1795 0.2183 0.2831 0.3664 0.4581 0.5495 0.7145 	16 19 23 27 29 34 40 44 50 59 68 77 92 105 122 144 164 186 219 	0.0120 0.0148 0.0203 0.0240 0.0289 0.0365 0.0481 0.0575 0.0685 0.0869 0.1104 0.1358 0.1795 0.2183 0.2831 0.3664 0.4581 0.5495 0.7145 	0.0000	0.0000	0.0000	0.0000	0.0000	0.0000	71.8719	2.558	0.376	0.538	0.760	0.244	0.218	0.195	0.303	0.301	0.211	0.278	0.327	0.408	0.436	0.469	0.372	0.478	0.396	0.430	0.357	0.422	0.380	0.389	0.374	0.401	0.446	0.450	0.505	0.555	0.560	0.432	0.469	0.467	0.565	0.679	0.480	0.430	0.396	0.255	0.409	0.198	0.333	0.322	0.384	0.429	0.312	0.271	0.271	0.213	0.198	0.219	0.237	0.276	0.275	0.275	0.319	0.324	0.327	0.327	0.349	0.208	0.244	0.205	0.284	0.199	0.302	0.322	0.343	0.342	0.304	0.263	0.283	0.263	0.283	0.324	0.303	0.282	0.302	0.263	0.324	0.286	0.326	0.387	0.406	0.365	0.385	0.445	0.482	0.384	0.304	0.261	0.303	0.284	0.283	0.283	0.283	0.305	0.304	0.324	0.225	0.265	0.265	0.351	0.268	0.434	0.372	0.352	0.433	0.474	0.472	0.415	0.353	0.349	0.319	0.456	0.280	0.350	0.337	0.419	0.487	0.449	0.386	0.464	0.405	0.410	0.249	0.327	0.409	0.387	0.429	0.466	0.446	0.583	0.599	0.579	0.517	0.500	0.446	0.311	0.268	0.268	0.371	0.319	0.427	0.539	0.456	0.510	0.410	0.493	0.490	0.408	0.445	0.506	0.482	0.503	0.442	0.489	0.454	0.536	0.433	0.267	0.349	0.205	0.349	0.349	0.433	0.455	0.373	0.373	0.373	0.288	0.372	0.490	0.570																																																																																																																																																																																
497A_PIEN		MRS4	2016	0.000	0.0000	0	0.000		146	RINGWIDTH	1	NotAFile	7/12/2017 12:01:37	                   		3716 915 8 Grey	Intr 0.021158 0.021141 N	EPSON EPSON Flatbed Scanner EPSON Expression 10000XL 1.8 V3.45 3.45	0.0 [0]	1135.0000 151.0000 3405.0000 177.0000  1.0000	Tg A Int Y	50 %	N W Man	19 1.0000 Lin 1.00	0.0120 0.0148 0.0203 0.0240 0.0289 0.0365 0.0481 0.0575 0.0685 0.0869 0.1104 0.1358 0.1795 0.2183 0.2831 0.3664 0.4581 0.5495 0.7145 	16 19 23 27 29 34 40 44 50 59 68 77 92 105 122 144 164 186 219 	0.0120 0.0148 0.0203 0.0240 0.0289 0.0365 0.0481 0.0575 0.0685 0.0869 0.1104 0.1358 0.1795 0.2183 0.2831 0.3664 0.4581 0.5495 0.7145 	0.0000	0.0000	0.0000	0.0000	0.0000	0.0000	48.2358	0.056	0.159	0.088	0.086	0.110	0.101	0.108	0.102	0.127	0.150	0.085	0.097	0.119	0.165	0.126	0.113	0.086	0.091	0.092	0.064	0.096	0.089	0.106	0.119	0.127	0.129	0.147	0.179	0.230	0.125	0.162	0.178	0.131	0.149	0.185	0.167	0.182	0.205	0.331	0.275	0.356	0.234	0.264	0.408	0.251	0.230	0.299	0.323	0.257	0.234	0.217	0.307	0.250	0.235	0.198	0.251	0.279	0.305	0.457	0.507	0.475	0.354	0.296	0.278	0.235	0.258	0.258	0.238	0.220	0.240	0.308	0.236	0.284	0.304	0.279	0.289	0.304	0.301	0.301	0.527	0.425	0.611	0.431	0.267	0.259	0.320	0.250	0.188	0.166	0.145	0.207	0.228	0.228	0.207	0.269	0.293	0.293	0.292	0.309	0.351	0.279	0.435	0.439	0.358	0.357	0.379	0.337	0.336	0.357	0.315	0.336	0.252	0.295	0.379	0.358	0.528	0.591	0.380	0.443	0.464	0.444	0.422	0.380	0.422	0.486	0.402	0.428	0.424	0.521	0.465	0.508	0.360	0.314	0.375	0.330	0.272	0.338	0.487	0.545	0.449	0.487	0.444	0.365	0.459	0.528	0.549																																																																																																																																																				
497B_PIEN		MRS4	2016	0.000	0.0000	0	0.000		154	RINGWIDTH	1	NotAFile	7/12/2017 12:01:37	                   		3716 915 8 Grey	Intr 0.021158 0.021141 N	EPSON EPSON Flatbed Scanner EPSON Expression 10000XL 1.8 V3.45 3.45	0.0 [0]	176.2500 792.5000 3488.2500 678.7500  1.0000	Tg A Int Y	50 %	N W Man	19 1.0000 Lin 1.00	0.0120 0.0148 0.0203 0.0240 0.0289 0.0365 0.0481 0.0575 0.0685 0.0869 0.1104 0.1358 0.1795 0.2183 0.2831 0.3664 0.4581 0.5495 0.7145 	16 19 23 27 29 34 40 44 50 59 68 77 92 105 122 144 164 186 219 	0.0120 0.0148 0.0203 0.0240 0.0289 0.0365 0.0481 0.0575 0.0685 0.0869 0.1104 0.1358 0.1795 0.2183 0.2831 0.3664 0.4581 0.5495 0.7145 	0.0000	0.0000	0.0000	0.0000	0.0000	0.0000	70.1155	0.250	0.201	0.139	0.134	0.137	0.226	0.127	0.110	0.177	0.120	0.096	0.148	0.158	0.138	0.167	0.133	0.190	0.196	0.143	0.195	0.132	0.205	0.253	0.150	0.152	0.151	0.177	0.133	0.149	0.165	0.159	0.146	0.281	0.294	0.261	0.307	0.389	0.348	0.292	0.342	0.246	0.266	0.327	0.243	0.203	0.276	0.560	0.567	0.579	0.424	0.469	0.697	0.392	0.350	0.536	0.464	0.510	0.437	0.477	0.559	0.431	0.418	0.434	0.479	0.666	0.667	0.815	0.839	0.713	0.587	0.545	0.482	0.440	0.419	0.377	0.440	0.462	0.652	0.629	0.419	0.396	0.414	0.436	0.495	0.568	0.677	0.697	0.908	0.927	0.988	0.674	0.464	0.547	0.652	0.492	0.372	0.338	0.338	0.422	0.505	0.506	0.647	0.793	0.676	0.568	0.463	0.616	0.793	0.674	0.610	0.639	0.541	0.505	0.528	0.611	0.798	0.765	0.655	0.529	0.454	0.509	0.493	0.571	0.723	0.718	0.504	0.615	0.648	0.673	0.569	0.527	0.527	0.528	0.465	0.507	0.465	0.613	0.460	0.492	0.402	0.317	0.487	0.513	0.397	0.465	0.571	0.614	0.508	0.508	0.465	0.444	0.677	0.592	0.692																																																																																																																																																												
498A_PIEN		MRS4	2016	0.000	0.0000	0	0.000		151	RINGWIDTH	1	NotAFile	7/7/2017 14:09:57	                   		3287 943 8 Grey	Intr 0.021158 0.021141 N	EPSON EPSON Flatbed Scanner EPSON Expression 10000XL 1.8 V3.45 3.45	0.0 [0]	1334.0000 300.0000 3020.0000 238.0000  1.0000	Tg A Int Y	50 %	N W Man	19 1.0000 Lin 1.00	0.0120 0.0148 0.0203 0.0240 0.0289 0.0365 0.0481 0.0575 0.0685 0.0869 0.1104 0.1358 0.1795 0.2183 0.2831 0.3664 0.4581 0.5495 0.7145 	16 19 23 27 29 34 40 44 50 59 68 77 92 105 122 144 164 186 219 	0.0120 0.0148 0.0203 0.0240 0.0289 0.0365 0.0481 0.0575 0.0685 0.0869 0.1104 0.1358 0.1795 0.2183 0.2831 0.3664 0.4581 0.5495 0.7145 	0.0000	0.0000	0.0000	0.0000	0.0000	0.0000	35.7103	0.394	0.695	0.503	0.538	0.269	0.209	0.594	0.382	0.515	0.319	0.368	0.213	0.193	0.149	0.128	0.222	0.189	0.245	0.208	0.249	0.252	0.156	0.137	0.137	0.179	0.140	0.181	0.240	0.179	0.121	0.141	0.202	0.200	0.298	0.325	0.305	0.287	0.289	0.221	0.192	0.230	0.204	0.186	0.216	0.292	0.313	0.334	0.230	0.146	0.104	0.168	0.114	0.096	0.190	0.231	0.231	0.126	0.147	0.094	0.137	0.093	0.085	0.096	0.169	0.190	0.190	0.190	0.169	0.157	0.160	0.118	0.143	0.205	0.211	0.260	0.234	0.225	0.169	0.190	0.212	0.190	0.212	0.212	0.233	0.296	0.402	0.360	0.463	0.312	0.236	0.274	0.316	0.295	0.189	0.188	0.147	0.210	0.253	0.253	0.210	0.254	0.232	0.296	0.156	0.265	0.253	0.211	0.549	0.212	0.212	0.194	0.271	0.290	0.302	0.275	0.233	0.147	0.107	0.189	0.155	0.204	0.275	0.232	0.213	0.259	0.353	0.180	0.138	0.184	0.197	0.127	0.142	0.154	0.169	0.134	0.183	0.127	0.085	0.090	0.090	0.090	0.100	0.158	0.143	0.153	0.122	0.090	0.106	0.099	0.152	0.175																																																																																																																																																									
498B_PIEN		MRS4	2016	0.000	0.0000	0	0.000		149	RINGWIDTH	1	NotAFile	7/7/2017 14:09:57	                   		3287 943 8 Grey	Intr 0.021158 0.021141 N	EPSON EPSON Flatbed Scanner EPSON Expression 10000XL 1.8 V3.45 3.45	0.0 [0]	710.5000 637.5000 2808.0000 743.0000  1.0000	Tg A Int Y	50 %	N W Man	19 1.0000 Lin 1.00	0.0120 0.0148 0.0203 0.0240 0.0289 0.0365 0.0481 0.0575 0.0685 0.0869 0.1104 0.1358 0.1795 0.2183 0.2831 0.3664 0.4581 0.5495 0.7145 	16 19 23 27 29 34 40 44 50 59 68 77 92 105 122 144 164 186 219 	0.0120 0.0148 0.0203 0.0240 0.0289 0.0365 0.0481 0.0575 0.0685 0.0869 0.1104 0.1358 0.1795 0.2183 0.2831 0.3664 0.4581 0.5495 0.7145 	0.0000	0.0000	0.0000	0.0000	0.0000	0.0000	44.4342	1.415	1.022	0.908	0.656	0.713	0.275	0.456	0.466	0.356	0.460	0.396	0.356	0.389	0.176	0.565	0.250	0.216	0.288	0.168	0.210	0.336	0.336	0.273	0.209	0.419	0.480	0.271	0.334	0.271	0.291	0.250	0.334	0.399	0.463	0.379	0.399	0.335	0.273	0.184	0.173	0.251	0.315	0.315	0.252	0.230	0.188	0.314	0.223	0.196	0.315	0.274	0.274	0.182	0.125	0.132	0.209	0.188	0.141	0.104	0.110	0.166	0.186	0.227	0.227	0.207	0.249	0.229	0.250	0.208	0.249	0.291	0.413	0.331	0.332	0.291	0.331	0.267	0.245	0.225	0.265	0.308	0.370	0.434	0.413	0.454	0.390	0.329	0.351	0.475	0.454	0.289	0.268	0.227	0.350	0.370	0.308	0.268	0.248	0.268	0.271	0.208	0.249	0.353	0.375	0.479	0.479	0.356	0.336	0.337	0.358	0.442	0.316	0.316	0.295	0.169	0.156	0.156	0.194	0.190	0.274	0.190	0.190	0.211	0.338	0.199	0.117	0.169	0.169	0.113	0.140	0.148	0.148	0.162	0.133	0.119	0.115	0.112	0.112	0.113	0.133	0.164	0.230	0.253	0.211	0.138	0.178	0.190	0.232	0.292																																																																																																																																																							
509A_PIEN		MRS4	2016	0.000	0.0000	0	0.000		174	RINGWIDTH	1	NotAFile	7/7/2017 15:01:10	                   		3630 1029 8 Grey	Intr 0.021158 0.021141 N	EPSON EPSON Flatbed Scanner EPSON Expression 10000XL 1.8 V3.45 3.45	0.0 [0]	597.0000 89.0000 3415.0000 237.0000  1.0000	Tg A Int Y	50 %	N W Man	19 1.0000 Lin 1.00	0.0120 0.0148 0.0203 0.0240 0.0289 0.0365 0.0481 0.0575 0.0685 0.0869 0.1104 0.1358 0.1795 0.2183 0.2831 0.3664 0.4581 0.5495 0.7145 	16 19 23 27 29 34 40 44 50 59 68 77 92 105 122 144 164 186 219 	0.0120 0.0148 0.0203 0.0240 0.0289 0.0365 0.0481 0.0575 0.0685 0.0869 0.1104 0.1358 0.1795 0.2183 0.2831 0.3664 0.4581 0.5495 0.7145 	0.0000	0.0000	0.0000	0.0000	0.0000	0.0000	59.7050	0.421	0.383	0.453	0.283	0.423	0.335	0.440	0.505	0.467	0.305	0.328	0.409	0.409	0.329	0.570	0.305	0.224	0.142	0.203	0.183	0.204	0.144	0.185	0.165	0.185	0.144	0.124	0.268	0.268	0.292	0.138	0.216	0.188	0.116	0.197	0.167	0.229	0.250	0.230	0.376	0.228	0.187	0.228	0.207	0.290	0.166	0.226	0.207	0.124	0.208	0.186	0.166	0.188	0.229	0.209	0.292	0.313	0.271	0.229	0.229	0.208	0.271	0.334	0.292	0.210	0.336	0.272	0.335	0.293	0.399	0.313	0.334	0.230	0.230	0.357	0.336	0.316	0.271	0.213	0.232	0.211	0.295	0.317	0.295	0.358	0.380	0.359	0.381	0.423	0.381	0.381	0.296	0.296	0.275	0.275	0.254	0.338	0.317	0.360	0.338	0.381	0.592	0.444	0.360	0.656	0.529	0.529	0.634	0.698	0.700	0.466	1.245	0.994	0.740	0.656	0.485	0.425	0.360	0.423	0.423	0.444	0.360	0.529	0.592	0.487	0.300	0.334	0.360	0.380	0.443	0.486	0.506	0.401	0.401	0.295	0.359	0.338	0.316	0.338	0.232	0.253	0.318	0.253	0.316	0.401	0.358	0.358	0.379	0.547	0.401	0.295	0.316	0.280	0.352	0.441	0.337	0.463	0.345	0.476	0.334	0.318	0.178	0.159	0.250	0.253	0.210	0.294	0.273	0.231	0.210	0.270	0.277	0.456	0.393																																																																																																																																																																																
509B_PIEN		MRS4	2016	0.000	0.0000	0	0.000		175	RINGWIDTH	1	NotAFile	7/7/2017 15:01:10	                   		3630 1029 8 Grey	Intr 0.021158 0.021141 N	EPSON EPSON Flatbed Scanner EPSON Expression 10000XL 1.8 V3.45 3.45	0.0 [0]	137.5000 729.0000 3146.0000 798.0000  1.0000	Tg A Int Y	50 %	N W Man	19 1.0000 Lin 1.00	0.0120 0.0148 0.0203 0.0240 0.0289 0.0365 0.0481 0.0575 0.0685 0.0869 0.1104 0.1358 0.1795 0.2183 0.2831 0.3664 0.4581 0.5495 0.7145 	16 19 23 27 29 34 40 44 50 59 68 77 92 105 122 144 164 186 219 	0.0120 0.0148 0.0203 0.0240 0.0289 0.0365 0.0481 0.0575 0.0685 0.0869 0.1104 0.1358 0.1795 0.2183 0.2831 0.3664 0.4581 0.5495 0.7145 	0.0000	0.0000	0.0000	0.0000	0.0000	0.0000	63.6696	1.591	0.716	1.460	0.765	0.286	0.559	0.255	0.659	0.416	0.268	0.260	0.283	0.316	0.202	0.148	0.199	0.146	0.137	0.136	0.105	0.209	0.166	0.190	0.140	0.189	0.135	0.151	0.166	0.254	0.317	0.296	0.405	0.292	0.162	0.239	0.253	0.193	0.201	0.138	0.126	0.200	0.126	0.127	0.127	0.196	0.130	0.168	0.168	0.137	0.127	0.180	0.169	0.136	0.175	0.163	0.217	0.274	0.316	0.274	0.215	0.157	0.195	0.210	0.295	0.268	0.216	0.316	0.274	0.380	0.421	0.568	0.377	0.394	0.262	0.225	0.314	0.335	0.372	0.304	0.224	0.293	0.272	0.356	0.461	0.399	0.420	0.427	0.420	0.434	0.503	0.463	0.401	0.317	0.295	0.274	0.317	0.316	0.316	0.316	0.337	0.337	0.505	0.442	0.399	0.440	0.688	0.626	0.563	0.751	0.796	0.819	0.545	0.607	0.651	0.611	0.651	0.527	0.484	0.379	0.463	0.462	0.462	0.442	0.549	0.613	0.549	0.361	0.400	0.402	0.422	0.505	0.612	0.485	0.441	0.413	0.301	0.399	0.315	0.376	0.335	0.293	0.355	0.417	0.317	0.377	0.415	0.376	0.377	0.398	0.566	0.420	0.299	0.334	0.400	0.337	0.443	0.358	0.421	0.378	0.399	0.336	0.273	0.205	0.157	0.226	0.162	0.252	0.323	0.316	0.337	0.295	0.294	0.399	0.384	0.526																																																																																																																																																																																	
512A_PIEN		MRS4	2016	0.000	0.0000	0	0.000		246	RINGWIDTH	1	NotAFile	7/13/2017 14:09:09	                   		6031 1086 8 Grey	Intr 0.021158 0.021141 N	EPSON EPSON Flatbed Scanner EPSON Expression 10000XL 1.8 V3.45 3.45	0.0 [0]	2211.0000 405.0000 5787.0000 303.0000  1.0000	Tg A Int Y	50 %	N W Man	19 1.0000 Lin 1.00	0.0120 0.0148 0.0203 0.0240 0.0289 0.0365 0.0481 0.0575 0.0685 0.0869 0.1104 0.1358 0.1795 0.2183 0.2831 0.3664 0.4581 0.5495 0.7145 	16 19 23 27 29 34 40 44 50 59 68 77 92 105 122 144 164 186 219 	0.0120 0.0148 0.0203 0.0240 0.0289 0.0365 0.0481 0.0575 0.0685 0.0869 0.1104 0.1358 0.1795 0.2183 0.2831 0.3664 0.4581 0.5495 0.7145 	0.0000	0.0000	0.0000	0.0000	0.0000	0.0000	75.7029	1.478	1.839	1.361	1.474	1.355	1.229	0.954	0.911	0.854	0.868	0.934	1.100	1.139	0.931	0.766	0.569	0.453	0.700	0.636	0.620	0.623	0.436	0.520	0.374	0.543	0.626	0.626	0.623	0.459	0.503	0.335	0.440	0.376	0.293	0.314	0.356	0.293	0.230	0.210	0.231	0.189	0.273	0.273	0.211	0.232	0.253	0.232	0.147	0.211	0.211	0.190	0.253	0.211	0.190	0.211	0.232	0.211	0.190	0.232	0.274	0.232	0.224	0.176	0.244	0.134	0.147	0.105	0.190	0.169	0.169	0.147	0.147	0.126	0.211	0.189	0.105	0.168	0.147	0.168	0.168	0.147	0.147	0.147	0.126	0.210	0.147	0.210	0.126	0.148	0.121	0.132	0.121	0.174	0.105	0.126	0.189	0.148	0.148	0.100	0.132	0.169	0.174	0.100	0.190	0.169	0.169	0.190	0.148	0.121	0.132	0.106	0.169	0.085	0.169	0.169	0.169	0.148	0.122	0.106	0.072	0.075	0.085	0.095	0.084	0.096	0.096	0.095	0.091	0.124	0.112	0.120	0.127	0.096	0.126	0.115	0.217	0.099	0.232	0.190	0.275	0.275	0.254	0.275	0.275	0.256	0.188	0.275	0.275	0.338	0.190	0.212	0.296	0.233	0.254	0.296	0.275	0.233	0.337	0.420	0.437	0.393	0.317	0.212	0.254	0.190	0.199	0.286	0.213	0.212	0.233	0.212	0.148	0.190	0.232	0.258	0.196	0.271	0.269	0.254	0.254	0.296	0.296	0.254	0.233	0.169	0.233	0.233	0.212	0.212	0.233	0.254	0.254	0.274	0.253	0.254	0.296	0.253	0.147	0.211	0.274	0.253	0.274	0.337	0.316	0.317	0.252	0.251	0.252	0.210	0.231	0.234	0.165	0.168	0.253	0.254	0.232	0.254	0.232	0.232	0.232	0.359	0.338	0.211	0.232	0.317	0.232	0.296	0.254	0.301	0.291	0.344	0.242	0.197	0.193	0.124	0.169	0.148	0.212	0.212	0.169	0.206	0.197	0.148	0.212	0.232	0.233																																																																																																																																																																																																																																																								
512B_PIEN		MRS4	2016	0.000	0.0000	0	0.000		231	RINGWIDTH	1	NotAFile	7/13/2017 14:09:09	                   		6031 1086 8 Grey	Intr 0.021158 0.021141 N	EPSON EPSON Flatbed Scanner EPSON Expression 10000XL 1.8 V3.45 3.45	0.0 [0]	1980.0000 705.0000 5817.0000 864.0000  1.0000	Tg A Int Y	50 %	N W Man	19 1.0000 Lin 1.00	0.0120 0.0148 0.0203 0.0240 0.0289 0.0365 0.0481 0.0575 0.0685 0.0869 0.1104 0.1358 0.1795 0.2183 0.2831 0.3664 0.4581 0.5495 0.7145 	16 19 23 27 29 34 40 44 50 59 68 77 92 105 122 144 164 186 219 	0.0120 0.0148 0.0203 0.0240 0.0289 0.0365 0.0481 0.0575 0.0685 0.0869 0.1104 0.1358 0.1795 0.2183 0.2831 0.3664 0.4581 0.5495 0.7145 	0.0000	0.0000	0.0000	0.0000	0.0000	0.0000	81.3346	0.623	0.564	0.806	0.775	0.742	0.740	0.600	0.613	0.522	0.552	0.670	0.835	0.796	0.721	0.711	0.616	0.770	0.616	0.441	0.542	0.623	0.416	0.361	0.361	0.365	0.383	0.404	0.424	0.332	0.387	0.424	0.387	0.277	0.315	0.365	0.275	0.388	0.242	0.186	0.224	0.224	0.224	0.192	0.307	0.349	0.274	0.275	0.362	0.362	0.220	0.161	0.179	0.280	0.240	0.240	0.219	0.234	0.206	0.279	0.280	0.180	0.238	0.237	0.256	0.276	0.296	0.216	0.200	0.260	0.281	0.201	0.321	0.241	0.200	0.169	0.161	0.185	0.157	0.145	0.167	0.186	0.123	0.146	0.139	0.125	0.166	0.164	0.164	0.181	0.136	0.129	0.189	0.133	0.098	0.098	0.086	0.182	0.087	0.111	0.135	0.148	0.109	0.124	0.105	0.091	0.087	0.092	0.092	0.098	0.095	0.092	0.100	0.101	0.143	0.137	0.139	0.143	0.126	0.134	0.146	0.124	0.104	0.182	0.190	0.259	0.275	0.245	0.284	0.324	0.242	0.221	0.365	0.345	0.368	0.286	0.266	0.393	0.332	0.374	0.456	0.394	0.356	0.460	0.495	0.516	0.576	0.554	0.409	0.391	0.370	0.287	0.331	0.331	0.331	0.269	0.331	0.206	0.288	0.311	0.289	0.235	0.276	0.283	0.215	0.308	0.292	0.372	0.367	0.250	0.291	0.332	0.394	0.331	0.310	0.310	0.330	0.331	0.388	0.345	0.467	0.473	0.391	0.273	0.341	0.319	0.355	0.436	0.436	0.394	0.356	0.335	0.269	0.295	0.335	0.356	0.357	0.274	0.295	0.337	0.316	0.252	0.315	0.273	0.328	0.261	0.420	0.350	0.197	0.276	0.314	0.273	0.336	0.279	0.330	0.316	0.283	0.218	0.213	0.225	0.105	0.176	0.163	0.202	0.227	0.231	0.250	0.172	0.187	0.181	0.211	0.255																																																																																																																																																																																																																																									
590A_PIEN		MRS4	2016	0.000	0.0000	0	0.000		198	RINGWIDTH	1	NotAFile	7/7/2017 10:46:47	                   		5059 1057 8 Grey	Intr 0.021158 0.021141 N	EPSON EPSON Flatbed Scanner EPSON Expression 10000XL 1.8 V3.45 3.45	0.0 [0]	279.0000 184.0000 4942.0000 289.0000  1.0000	Tg A Int Y	50 %	N W Man	19 1.0000 Lin 1.00	0.0120 0.0148 0.0203 0.0240 0.0289 0.0365 0.0481 0.0575 0.0685 0.0869 0.1104 0.1358 0.1795 0.2183 0.2831 0.3664 0.4581 0.5495 0.7145 	16 19 23 27 29 34 40 44 50 59 68 77 92 105 122 144 164 186 219 	0.0120 0.0148 0.0203 0.0240 0.0289 0.0365 0.0481 0.0575 0.0685 0.0869 0.1104 0.1358 0.1795 0.2183 0.2831 0.3664 0.4581 0.5495 0.7145 	0.0000	0.0000	0.0000	0.0000	0.0000	0.0000	98.6911	0.315	0.508	0.677	0.592	0.571	0.614	0.614	0.719	0.909	0.824	0.930	0.674	0.821	0.695	0.717	0.549	0.722	0.717	0.846	0.846	0.888	0.719	0.867	0.931	0.656	0.804	0.719	0.618	0.630	0.512	0.380	0.545	0.612	0.586	0.495	0.581	0.554	0.533	0.508	0.422	0.467	0.542	0.549	0.468	0.352	0.444	0.326	0.444	0.411	0.507	0.622	0.349	0.527	0.473	0.399	0.524	0.433	0.302	0.323	0.314	0.468	0.272	0.314	0.367	0.367	0.419	0.347	0.379	0.368	0.230	0.271	0.368	0.357	0.335	0.305	0.429	0.440	0.537	0.609	0.577	0.670	0.548	0.463	0.463	0.569	0.336	0.611	0.556	0.660	0.674	0.526	0.411	0.282	0.589	0.469	0.650	0.630	0.664	0.534	0.317	0.495	0.420	0.463	0.485	0.516	0.463	0.559	0.548	0.665	0.761	0.694	0.527	0.526	0.533	0.393	0.556	0.442	0.432	0.411	0.389	0.295	0.254	0.358	0.419	0.307	0.461	0.452	0.407	0.418	0.658	0.665	0.567	0.460	0.443	0.475	0.540	0.403	0.458	0.434	0.437	0.483	0.450	0.437	0.453	0.380	0.411	0.517	0.421	0.442	0.433	0.513	0.482	0.539	0.303	0.365	0.598	0.441	0.420	0.389	0.485	0.485	0.462	0.368	0.420	0.474	0.398	0.359	0.425	0.504	0.391	0.393	0.391	0.338	0.294	0.266	0.411	0.451	0.550	0.413	0.547	0.380	0.548	0.518	0.496	0.391	0.322	0.329	0.201	0.357	0.545	0.326	0.368	0.389	0.260	0.366	0.442	0.367	0.443																																																																																																																																																																																																								
590B_PIEN		MRS4	2016	0.000	0.0000	0	0.000		151	RINGWIDTH	1	NotAFile	7/7/2017 10:46:47	                   		5059 1057 8 Grey	Intr 0.021158 0.021141 N	EPSON EPSON Flatbed Scanner EPSON Expression 10000XL 1.8 V3.45 3.45	0.0 [0]	954.5000 842.0000 4668.0000 788.0000  1.0000	Tg A Int Y	50 %	N W Man	19 1.0000 Lin 1.00	0.0120 0.0148 0.0203 0.0240 0.0289 0.0365 0.0481 0.0575 0.0685 0.0869 0.1104 0.1358 0.1795 0.2183 0.2831 0.3664 0.4581 0.5495 0.7145 	16 19 23 27 29 34 40 44 50 59 68 77 92 105 122 144 164 186 219 	0.0120 0.0148 0.0203 0.0240 0.0289 0.0365 0.0481 0.0575 0.0685 0.0869 0.1104 0.1358 0.1795 0.2183 0.2831 0.3664 0.4581 0.5495 0.7145 	0.0000	0.0000	0.0000	0.0000	0.0000	0.0000	78.5773	0.270	0.720	0.696	0.541	0.664	0.700	0.716	0.375	0.691	0.574	0.607	0.763	0.547	0.390	0.393	0.433	0.531	0.399	0.400	0.432	0.552	0.618	0.391	0.468	0.454	0.374	0.354	0.451	0.341	0.439	0.451	0.432	0.491	0.632	0.682	0.608	0.506	0.428	0.449	0.387	0.446	0.302	0.539	0.614	0.717	0.700	0.642	0.462	0.543	0.704	0.666	0.845	0.933	0.903	0.758	0.527	0.579	0.489	0.593	0.629	0.619	0.595	0.738	0.717	0.743	0.786	0.643	0.520	0.559	0.495	0.333	0.452	0.397	0.458	0.438	0.392	0.309	0.295	0.363	0.379	0.374	0.499	0.480	0.439	0.501	0.584	0.688	0.583	0.521	0.481	0.460	0.503	0.379	0.405	0.352	0.441	0.524	0.505	0.503	0.611	0.611	0.610	0.316	0.463	0.463	0.525	0.567	0.566	0.547	0.505	0.406	0.351	0.422	0.443	0.422	0.401	0.400	0.337	0.400	0.485	0.443	0.443	0.485	0.568	0.441	0.588	0.629	0.336	0.504	0.589	0.273	0.547	0.483	0.589	0.505	0.548	0.358	0.337	0.229	0.235	0.358	0.358	0.421	0.401	0.316	0.337	0.316	0.358	0.401	0.402	0.571																																																																																																																																																									
678A_PIEN		MRS4	2016	0.000	0.0000	0	0.000		224	RINGWIDTH	1	NotAFile	7/7/2017 11:41:00	                   		4659 1029 8 Grey	Intr 0.021158 0.021141 N	EPSON EPSON Flatbed Scanner EPSON Expression 10000XL 1.8 V3.45 3.45	0.0 [0]	695.0000 139.0000 4537.0000 222.0000  1.0000	Tg A Int Y	50 %	N W Man	19 1.0000 Lin 1.00	0.0120 0.0148 0.0203 0.0240 0.0289 0.0365 0.0481 0.0575 0.0685 0.0869 0.1104 0.1358 0.1795 0.2183 0.2831 0.3664 0.4581 0.5495 0.7145 	16 19 23 27 29 34 40 44 50 59 68 77 92 105 122 144 164 186 219 	0.0120 0.0148 0.0203 0.0240 0.0289 0.0365 0.0481 0.0575 0.0685 0.0869 0.1104 0.1358 0.1795 0.2183 0.2831 0.3664 0.4581 0.5495 0.7145 	0.0000	0.0000	0.0000	0.0000	0.0000	0.0000	81.3098	0.793	1.102	1.480	0.690	0.922	0.649	0.867	0.982	1.016	0.892	0.824	0.791	0.668	0.679	0.393	0.887	0.766	0.718	0.617	0.893	0.691	0.535	0.559	0.656	0.656	0.584	0.386	0.326	0.245	0.348	0.308	0.329	0.308	0.329	0.370	0.268	0.351	0.411	0.308	0.349	0.388	0.450	0.368	0.265	0.325	0.405	0.329	0.309	0.310	0.311	0.312	0.372	0.330	0.186	0.207	0.165	0.188	0.228	0.187	0.104	0.188	0.229	0.188	0.147	0.209	0.210	0.294	0.274	0.253	0.233	0.336	0.357	0.378	0.314	0.355	0.375	0.248	0.269	0.308	0.288	0.207	0.313	0.293	0.252	0.442	0.316	0.232	0.253	0.211	0.274	0.169	0.232	0.232	0.338	0.380	0.232	0.232	0.190	0.147	0.253	0.316	0.295	0.421	0.421	0.379	0.379	0.485	0.486	0.401	0.423	0.380	0.423	0.381	0.444	0.296	0.402	0.402	0.487	0.423	0.296	0.296	0.339	0.444	0.423	0.508	0.386	0.391	0.344	0.275	0.317	0.254	0.275	0.338	0.211	0.253	0.274	0.379	0.359	0.423	0.338	0.274	0.295	0.295	0.253	0.337	0.295	0.274	0.295	0.295	0.211	0.337	0.294	0.315	0.252	0.336	0.336	0.252	0.316	0.337	0.274	0.231	0.210	0.189	0.232	0.232	0.169	0.190	0.189	0.231	0.232	0.211	0.190	0.232	0.274	0.232	0.296	0.211	0.169	0.317	0.254	0.190	0.200	0.223	0.190	0.212	0.233	0.190	0.190	0.106	0.169	0.169	0.137	0.138	0.190	0.148	0.190	0.169	0.180	0.243	0.191	0.169	0.253	0.234	0.232	0.139	0.199	0.160	0.168	0.169	0.159	0.148	0.127	0.190	0.092	0.162	0.099	0.113	0.127	0.105	0.120	0.148	0.155	0.155	0.182																																																																																																																																																																																																																																		
678B_PIEN		MRS4	2016	0.000	0.0000	0	0.000		194	RINGWIDTH	1	NotAFile	7/7/2017 11:41:00	                   		4659 1029 8 Grey	Intr 0.021158 0.021141 N	EPSON EPSON Flatbed Scanner EPSON Expression 10000XL 1.8 V3.45 3.45	0.0 [0]	1105.0000 767.0000 4428.0000 722.0000  1.0000	Tg A Int Y	50 %	N W Man	19 1.0000 Lin 1.00	0.0120 0.0148 0.0203 0.0240 0.0289 0.0365 0.0481 0.0575 0.0685 0.0869 0.1104 0.1358 0.1795 0.2183 0.2831 0.3664 0.4581 0.5495 0.7145 	16 19 23 27 29 34 40 44 50 59 68 77 92 105 122 144 164 186 219 	0.0120 0.0148 0.0203 0.0240 0.0289 0.0365 0.0481 0.0575 0.0685 0.0869 0.1104 0.1358 0.1795 0.2183 0.2831 0.3664 0.4581 0.5495 0.7145 	0.0000	0.0000	0.0000	0.0000	0.0000	0.0000	70.3134	0.510	0.578	0.558	0.576	0.632	0.439	0.641	0.680	0.505	0.496	0.717	0.652	0.435	0.412	0.556	0.600	0.402	0.344	0.365	0.369	0.348	0.404	0.284	0.162	0.113	0.160	0.192	0.261	0.222	0.162	0.202	0.263	0.283	0.283	0.263	0.301	0.418	0.321	0.302	0.283	0.446	0.324	0.384	0.366	0.346	0.509	0.266	0.369	0.428	0.529	0.326	0.480	0.359	0.341	0.526	0.425	0.283	0.265	0.225	0.328	0.135	0.214	0.288	0.371	0.391	0.229	0.165	0.146	0.165	0.183	0.247	0.206	0.309	0.268	0.247	0.309	0.437	0.438	0.439	0.439	0.294	0.419	0.462	0.526	0.377	0.564	0.460	0.585	0.587	0.461	0.545	0.524	0.524	0.483	0.588	0.524	0.589	0.463	0.379	0.419	0.377	0.440	0.524	0.440	0.461	0.461	0.524	0.480	0.499	0.439	0.355	0.397	0.355	0.333	0.456	0.373	0.309	0.333	0.312	0.271	0.312	0.354	0.313	0.270	0.333	0.333	0.331	0.391	0.371	0.412	0.371	0.268	0.252	0.282	0.328	0.265	0.287	0.348	0.389	0.309	0.352	0.290	0.334	0.333	0.354	0.251	0.312	0.332	0.374	0.354	0.437	0.354	0.354	0.290	0.290	0.352	0.354	0.354	0.333	0.251	0.395	0.328	0.228	0.254	0.354	0.248	0.310	0.268	0.331	0.311	0.250	0.271	0.376	0.257	0.312	0.189	0.286	0.216	0.245	0.143	0.179	0.137	0.137	0.168	0.126	0.210	0.200	0.173	0.190	0.168	0.175	0.179	0.255	0.184																																																																																																																																																																																																				
46A_PIEN		MRS4	2015	0.000	0.0000	0	0.000		190	RINGWIDTH	1	NotAFile	7/21/2017 11:45:05	                   		4945 1029 8 Grey	Intr 0.021158 0.021141 N	EPSON EPSON Flatbed Scanner EPSON Expression 10000XL 1.8 V3.45 3.45	0.0 [0]	1021.0000 271.0000 4599.0000 276.0000  1.0000	Tg A Int Y	50 %	N W Man	19 1.0000 Lin 1.00	0.0120 0.0148 0.0203 0.0240 0.0289 0.0365 0.0481 0.0575 0.0685 0.0869 0.1104 0.1358 0.1795 0.2183 0.2831 0.3664 0.4581 0.5495 0.7145 	16 19 23 27 29 34 40 44 50 59 68 77 92 105 122 144 164 186 219 	0.0120 0.0148 0.0203 0.0240 0.0289 0.0365 0.0481 0.0575 0.0685 0.0869 0.1104 0.1358 0.1795 0.2183 0.2831 0.3664 0.4581 0.5495 0.7145 	0.0000	0.0000	0.0000	0.0000	0.0000	0.0000	75.7023	0.127	0.751	0.920	0.973	0.804	0.877	0.688	0.867	0.656	0.444	0.529	0.867	0.804	0.677	0.740	0.740	0.613	0.761	0.931	0.571	0.508	0.444	0.634	0.550	0.550	0.444	0.423	0.465	0.423	0.506	0.538	0.422	0.527	0.485	0.462	0.525	0.579	0.570	0.580	0.444	0.443	0.548	0.433	0.475	0.518	0.592	0.275	0.307	0.307	0.443	0.645	0.475	0.402	0.317	0.275	0.433	0.264	0.307	0.328	0.317	0.507	0.338	0.317	0.254	0.169	0.275	0.286	0.307	0.296	0.360	0.360	0.381	0.433	0.508	0.517	0.411	0.274	0.348	0.275	0.359	0.232	0.465	0.401	0.411	0.401	0.317	0.274	0.307	0.360	0.402	0.487	0.465	0.486	0.402	0.263	0.296	0.307	0.338	0.338	0.317	0.317	0.380	0.423	0.423	0.613	0.486	0.380	0.402	0.307	0.275	0.391	0.423	0.381	0.349	0.265	0.190	0.328	0.328	0.296	0.212	0.338	0.317	0.243	0.307	0.401	0.412	0.433	0.328	0.264	0.275	0.349	0.328	0.296	0.243	0.349	0.307	0.317	0.306	0.402	0.402	0.359	0.211	0.296	0.254	0.360	0.348	0.391	0.317	0.349	0.306	0.253	0.317	0.316	0.296	0.232	0.190	0.190	0.233	0.254	0.254	0.275	0.317	0.317	0.254	0.381	0.338	0.233	0.275	0.486	0.423	0.391	0.275	0.233	0.211	0.296	0.275	0.233	0.212	0.222	0.254	0.254	0.275	0.360	0.317	0.243	0.264	0.254	0.285	0.370	0.360																																																																																																																																																																																																
46B_PIEN		MRS4	2016	0.000	0.0000	0	0.000		244	RINGWIDTH	1	NotAFile	7/21/2017 11:45:05	                   		4945 1029 8 Grey	Intr 0.021158 0.021141 N	EPSON EPSON Flatbed Scanner EPSON Expression 10000XL 1.8 V3.45 3.45	0.0 [0]	44.0000 806.0000 4570.0000 762.0000  1.0000	Tg A Int Y	50 %	N W Man	19 1.0000 Lin 1.00	0.0120 0.0148 0.0203 0.0240 0.0289 0.0365 0.0481 0.0575 0.0685 0.0869 0.1104 0.1358 0.1795 0.2183 0.2831 0.3664 0.4581 0.5495 0.7145 	16 19 23 27 29 34 40 44 50 59 68 77 92 105 122 144 164 186 219 	0.0120 0.0148 0.0203 0.0240 0.0289 0.0365 0.0481 0.0575 0.0685 0.0869 0.1104 0.1358 0.1795 0.2183 0.2831 0.3664 0.4581 0.5495 0.7145 	0.0000	0.0000	0.0000	0.0000	0.0000	0.0000	95.7642	0.674	0.569	0.592	0.719	0.677	0.593	0.635	0.846	0.920	0.878	0.867	0.762	0.783	0.614	0.549	0.667	0.856	0.549	0.581	0.740	0.848	0.919	0.952	0.781	0.614	0.837	0.982	0.623	0.749	0.643	0.686	0.760	0.590	0.507	0.528	0.718	0.739	0.570	0.613	0.592	0.613	0.487	0.529	0.529	0.498	0.559	0.486	0.444	0.529	0.393	0.548	0.506	0.665	0.843	0.591	0.677	0.550	0.761	0.571	0.360	0.440	0.676	0.698	0.592	0.571	0.562	0.432	0.528	0.761	0.444	0.444	0.381	0.528	0.444	0.465	0.381	0.381	0.444	0.381	0.360	0.381	0.296	0.360	0.381	0.339	0.360	0.275	0.339	0.360	0.338	0.341	0.484	0.360	0.360	0.338	0.402	0.212	0.423	0.415	0.381	0.537	0.444	0.289	0.198	0.300	0.380	0.191	0.275	0.318	0.285	0.298	0.285	0.232	0.233	0.160	0.187	0.233	0.211	0.233	0.253	0.275	0.296	0.307	0.349	0.275	0.253	0.192	0.190	0.233	0.211	0.180	0.317	0.402	0.434	0.296	0.327	0.253	0.242	0.296	0.351	0.306	0.392	0.339	0.358	0.316	0.242	0.264	0.243	0.242	0.286	0.297	0.252	0.276	0.296	0.411	0.380	0.328	0.264	0.212	0.231	0.317	0.337	0.296	0.210	0.210	0.233	0.221	0.233	0.274	0.254	0.265	0.243	0.212	0.264	0.306	0.337	0.297	0.284	0.264	0.223	0.284	0.149	0.211	0.181	0.273	0.275	0.264	0.253	0.244	0.264	0.285	0.244	0.305	0.318	0.297	0.274	0.264	0.307	0.350	0.330	0.315	0.286	0.253	0.254	0.275	0.265	0.286	0.285	0.180	0.170	0.222	0.243	0.201	0.243	0.223	0.221	0.180	0.276	0.274	0.222	0.212	0.254	0.201	0.254	0.201	0.201	0.211	0.296	0.200	0.243	0.201	0.169	0.254	0.254	0.254	0.275	0.222	0.254	0.158	0.233	0.286	0.359	0.328	0.148																																																																																																																																																																																																																																																						
508A_PIEN		MRS4	2016	0.000	0.0000	0	0.000		173	RINGWIDTH	1	NotAFile	7/21/2017 12:20:07	                   		3487 1029 8 Grey	Intr 0.021158 0.021141 N	EPSON EPSON Flatbed Scanner EPSON Expression 10000XL 1.8 V3.45 3.45	0.0 [0]	1488.0000 260.0000 3184.0000 274.0000  1.0000	Tg A Int Y	50 %	N W Man	19 1.0000 Lin 1.00	0.0120 0.0148 0.0203 0.0240 0.0289 0.0365 0.0481 0.0575 0.0685 0.0869 0.1104 0.1358 0.1795 0.2183 0.2831 0.3664 0.4581 0.5495 0.7145 	16 19 23 27 29 34 40 44 50 59 68 77 92 105 122 144 164 186 219 	0.0120 0.0148 0.0203 0.0240 0.0289 0.0365 0.0481 0.0575 0.0685 0.0869 0.1104 0.1358 0.1795 0.2183 0.2831 0.3664 0.4581 0.5495 0.7145 	0.0000	0.0000	0.0000	0.0000	0.0000	0.0000	35.8846	0.891	0.364	0.316	0.294	0.358	0.294	0.462	0.525	0.502	0.479	0.544	0.460	0.336	0.357	0.316	0.401	0.380	0.380	0.380	0.422	0.316	0.548	0.485	0.296	0.296	0.274	0.337	0.315	0.337	0.253	0.317	0.337	0.274	0.274	0.338	0.253	0.337	0.294	0.252	0.231	0.295	0.274	0.295	0.273	0.271	0.375	0.249	0.309	0.248	0.329	0.185	0.328	0.267	0.287	0.309	0.289	0.186	0.186	0.165	0.187	0.143	0.134	0.134	0.205	0.164	0.144	0.136	0.093	0.103	0.104	0.105	0.124	0.146	0.146	0.105	0.167	0.188	0.188	0.188	0.127	0.125	0.126	0.136	0.177	0.125	0.168	0.146	0.208	0.166	0.167	0.168	0.188	0.168	0.157	0.199	0.260	0.251	0.210	0.178	0.189	0.189	0.210	0.232	0.210	0.231	0.190	0.211	0.232	0.211	0.190	0.148	0.148	0.127	0.127	0.117	0.138	0.105	0.096	0.088	0.113	0.092	0.106	0.106	0.106	0.113	0.127	0.106	0.120	0.148	0.120	0.218	0.141	0.092	0.127	0.120	0.141	0.106	0.085	0.080	0.086	0.077	0.075	0.095	0.106	0.085	0.064	0.074	0.058	0.084	0.084	0.074	0.079	0.079	0.085	0.111	0.070	0.088	0.106	0.085	0.105	0.090	0.095	0.072	0.079	0.075	0.088	0.096	0.061	0.100	0.078	0.096	0.106	0.079																																																																																																																																																																															
508B_PIEN		MRS4	2016	0.000	0.0000	0	0.000		205	RINGWIDTH	1	NotAFile	7/21/2017 12:20:07	                   		3487 1029 8 Grey	Intr 0.021158 0.021141 N	EPSON EPSON Flatbed Scanner EPSON Expression 10000XL 1.8 V3.45 3.45	0.0 [0]	232.0000 686.0000 3182.0000 736.0000  1.0000	Tg A Int Y	50 %	N W Man	19 1.0000 Lin 1.00	0.0120 0.0148 0.0203 0.0240 0.0289 0.0365 0.0481 0.0575 0.0685 0.0869 0.1104 0.1358 0.1795 0.2183 0.2831 0.3664 0.4581 0.5495 0.7145 	16 19 23 27 29 34 40 44 50 59 68 77 92 105 122 144 164 186 219 	0.0120 0.0148 0.0203 0.0240 0.0289 0.0365 0.0481 0.0575 0.0685 0.0869 0.1104 0.1358 0.1795 0.2183 0.2831 0.3664 0.4581 0.5495 0.7145 	0.0000	0.0000	0.0000	0.0000	0.0000	0.0000	62.4241	0.405	1.363	1.120	0.951	0.909	0.972	0.762	0.910	0.889	0.899	1.018	0.735	0.735	0.713	0.839	0.798	0.735	0.736	0.883	0.780	0.929	0.803	0.824	0.783	0.783	0.423	0.592	0.635	0.529	0.529	0.508	0.374	0.366	0.423	0.299	0.318	0.338	0.377	0.321	0.286	0.303	0.338	0.317	0.192	0.189	0.254	0.279	0.334	0.317	0.275	0.254	0.342	0.371	0.282	0.275	0.296	0.275	0.312	0.365	0.360	0.280	0.376	0.254	0.339	0.317	0.339	0.317	0.402	0.275	0.550	0.508	0.360	0.360	0.317	0.423	0.339	0.317	0.190	0.339	0.296	0.274	0.217	0.353	0.253	0.332	0.276	0.264	0.221	0.280	0.274	0.275	0.254	0.271	0.327	0.264	0.258	0.254	0.296	0.233	0.338	0.254	0.317	0.314	0.265	0.147	0.159	0.190	0.244	0.125	0.218	0.155	0.212	0.155	0.134	0.162	0.127	0.092	0.141	0.141	0.106	0.127	0.155	0.119	0.148	0.183	0.163	0.176	0.159	0.186	0.127	0.156	0.154	0.134	0.190	0.190	0.211	0.148	0.177	0.155	0.154	0.234	0.304	0.286	0.232	0.232	0.213	0.162	0.204	0.204	0.163	0.217	0.170	0.147	0.205	0.218	0.176	0.141	0.203	0.126	0.189	0.217	0.156	0.133	0.141	0.120	0.161	0.155	0.120	0.113	0.146	0.134	0.161	0.142	0.112	0.099	0.091	0.091	0.114	0.084	0.083	0.111	0.093	0.056	0.105	0.098	0.126	0.113	0.083	0.104	0.079	0.091	0.092	0.072	0.118	0.127	0.112	0.127	0.099	0.070	0.135	0.112	0.128	0.110	0.110	0.089																																																																																																																																																																																																															
13A_PIEN		MRS4	2016	0.000	0.0000	0	0.000		292	RINGWIDTH	1	NotAFile	7/20/2017 11:23:13	                   		4259 972 8 Grey	Intr 0.021158 0.021141 N	EPSON EPSON Flatbed Scanner EPSON Expression 10000XL 1.8 V3.45 3.45	0.0 [0]	649.0000 274.0000 3807.0000 237.0000  1.0000	Tg A Int Y	50 %	N W Man	19 1.0000 Lin 1.00	0.0120 0.0148 0.0203 0.0240 0.0289 0.0365 0.0481 0.0575 0.0685 0.0869 0.1104 0.1358 0.1795 0.2183 0.2831 0.3664 0.4581 0.5495 0.7145 	16 19 23 27 29 34 40 44 50 59 68 77 92 105 122 144 164 186 219 	0.0120 0.0148 0.0203 0.0240 0.0289 0.0365 0.0481 0.0575 0.0685 0.0869 0.1104 0.1358 0.1795 0.2183 0.2831 0.3664 0.4581 0.5495 0.7145 	0.0000	0.0000	0.0000	0.0000	0.0000	0.0000	66.8205	0.508	0.740	0.740	0.720	0.845	0.803	0.696	0.611	0.698	0.677	0.571	0.571	0.634	0.550	0.676	0.527	0.509	0.570	0.465	0.612	0.590	0.590	0.675	0.589	0.568	0.485	0.798	0.673	0.568	0.380	0.506	0.629	0.486	0.379	0.593	0.546	0.510	0.418	0.422	0.380	0.486	0.507	0.400	0.631	0.379	0.421	0.482	0.484	0.547	0.526	0.358	0.317	0.317	0.358	0.485	0.421	0.357	0.316	0.337	0.380	0.380	0.464	0.253	0.211	0.358	0.316	0.232	0.274	0.239	0.225	0.253	0.211	0.295	0.361	0.232	0.259	0.269	0.389	0.430	0.465	0.355	0.337	0.337	0.371	0.261	0.275	0.127	0.233	0.337	0.253	0.202	0.159	0.209	0.232	0.215	0.216	0.142	0.169	0.105	0.208	0.123	0.159	0.206	0.162	0.133	0.104	0.122	0.121	0.113	0.148	0.145	0.130	0.173	0.142	0.200	0.195	0.116	0.186	0.257	0.283	0.261	0.203	0.242	0.223	0.257	0.281	0.173	0.116	0.135	0.149	0.159	0.148	0.127	0.105	0.162	0.133	0.127	0.127	0.124	0.150	0.148	0.148	0.148	0.190	0.169	0.190	0.190	0.141	0.121	0.141	0.188	0.169	0.236	0.100	0.235	0.190	0.126	0.204	0.126	0.101	0.109	0.086	0.141	0.117	0.108	0.098	0.113	0.120	0.068	0.108	0.084	0.109	0.095	0.105	0.105	0.132	0.126	0.105	0.143	0.111	0.105	0.090	0.074	0.093	0.076	0.091	0.103	0.108	0.093	0.106	0.075	0.063	0.066	0.097	0.064	0.079	0.122	0.132	0.106	0.079	0.095	0.068	0.090	0.095	0.152	0.128	0.148	0.120	0.121	0.090	0.073	0.089	0.084	0.074	0.126	0.125	0.089	0.110	0.089	0.094	0.126	0.110	0.085	0.115	0.147	0.111	0.131	0.105	0.105	0.120	0.138	0.136	0.105	0.089	0.089	0.095	0.101	0.136	0.116	0.127	0.119	0.137	0.179	0.126	0.100	0.069	0.111	0.120	0.142	0.121	0.137	0.100	0.105	0.095	0.102	0.141	0.082	0.091	0.069	0.078	0.092	0.128	0.127	0.121	0.127	0.116	0.078	0.080	0.064	0.084	0.068	0.087	0.084	0.082	0.090	0.111	0.080	0.100	0.096	0.063	0.073	0.071	0.115	0.100	0.110	0.101	0.116	0.095	0.121	0.127	0.153	0.143																																																																																																																																																																																																																																																																																																						
13B_PIEN		MRS4	2016	0.000	0.0000	0	0.000		293	RINGWIDTH	1	NotAFile	7/20/2017 11:23:13	                   		4259 972 8 Grey	Intr 0.021158 0.021141 N	EPSON EPSON Flatbed Scanner EPSON Expression 10000XL 1.8 V3.45 3.45	0.0 [0]	42.0000 758.0000 3934.0000 740.0000  1.0000	Tg A Int Y	50 %	N W Man	19 1.0000 Lin 1.00	0.0120 0.0148 0.0203 0.0240 0.0289 0.0365 0.0481 0.0575 0.0685 0.0869 0.1104 0.1358 0.1795 0.2183 0.2831 0.3664 0.4581 0.5495 0.7145 	16 19 23 27 29 34 40 44 50 59 68 77 92 105 122 144 164 186 219 	0.0120 0.0148 0.0203 0.0240 0.0289 0.0365 0.0481 0.0575 0.0685 0.0869 0.1104 0.1358 0.1795 0.2183 0.2831 0.3664 0.4581 0.5495 0.7145 	0.0000	0.0000	0.0000	0.0000	0.0000	0.0000	82.3466	0.973	1.140	1.036	0.881	0.797	0.858	1.012	0.972	0.739	0.739	0.803	0.591	0.886	0.717	0.717	0.845	0.656	0.973	0.994	0.952	1.016	0.994	0.909	0.783	0.909	0.952	0.790	0.627	0.797	0.917	0.713	0.755	0.860	0.881	0.705	0.529	0.550	0.487	0.550	0.528	0.485	0.781	0.443	0.444	0.571	0.656	0.740	0.592	0.480	0.366	0.431	0.500	0.593	0.507	0.444	0.444	0.465	0.423	0.508	0.571	0.338	0.360	0.635	0.621	0.521	0.550	0.520	0.444	0.366	0.360	0.444	0.529	0.381	0.338	0.423	0.487	0.529	0.613	0.423	0.360	0.367	0.465	0.289	0.296	0.212	0.296	0.346	0.288	0.254	0.233	0.353	0.451	0.338	0.296	0.275	0.275	0.211	0.247	0.218	0.254	0.254	0.233	0.163	0.162	0.127	0.176	0.155	0.177	0.204	0.169	0.198	0.317	0.289	0.289	0.133	0.169	0.296	0.296	0.212	0.190	0.212	0.190	0.234	0.282	0.148	0.134	0.092	0.126	0.142	0.106	0.106	0.120	0.134	0.112	0.084	0.071	0.078	0.127	0.120	0.141	0.148	0.141	0.085	0.106	0.114	0.111	0.078	0.106	0.119	0.113	0.148	0.113	0.197	0.148	0.134	0.183	0.092	0.105	0.079	0.091	0.169	0.085	0.099	0.106	0.127	0.133	0.092	0.078	0.078	0.091	0.070	0.084	0.064	0.106	0.099	0.099	0.105	0.114	0.092	0.120	0.098	0.085	0.078	0.077	0.120	0.113	0.077	0.078	0.056	0.064	0.106	0.099	0.099	0.133	0.120	0.099	0.078	0.126	0.064	0.064	0.069	0.085	0.095	0.080	0.095	0.074	0.090	0.090	0.090	0.091	0.106	0.095	0.120	0.092	0.106	0.093	0.140	0.142	0.133	0.132	0.122	0.121	0.138	0.106	0.116	0.101	0.084	0.090	0.106	0.106	0.095	0.080	0.085	0.100	0.106	0.143	0.116	0.095	0.090	0.117	0.122	0.111	0.090	0.127	0.095	0.058	0.117	0.169	0.180	0.143	0.180	0.143	0.122	0.121	0.153	0.143	0.148	0.137	0.111	0.116	0.089	0.079	0.085	0.084	0.111	0.110	0.122	0.137	0.137	0.100	0.096	0.095	0.089	0.127	0.111	0.137	0.111	0.116	0.106	0.131	0.164	0.116	0.106	0.137	0.111	0.121	0.117	0.090	0.111	0.127	0.106	0.143	0.127																																																																																																																																																																																																																																																																																																							
7A_PIEN		MRS4	2015	0.000	0.0000	0	0.000		175	RINGWIDTH	1	NotAFile	7/20/2017 11:44:48	                   		3659 1115 8 Grey	Intr 0.021158 0.021141 N	EPSON EPSON Flatbed Scanner EPSON Expression 10000XL 1.8 V3.45 3.45	0.0 [0]	978.0000 202.0000 3311.0000 239.0000  1.0000	Tg A Int Y	50 %	N W Man	19 1.0000 Lin 1.00	0.0120 0.0148 0.0203 0.0240 0.0289 0.0365 0.0481 0.0575 0.0685 0.0869 0.1104 0.1358 0.1795 0.2183 0.2831 0.3664 0.4581 0.5495 0.7145 	16 19 23 27 29 34 40 44 50 59 68 77 92 105 122 144 164 186 219 	0.0120 0.0148 0.0203 0.0240 0.0289 0.0365 0.0481 0.0575 0.0685 0.0869 0.1104 0.1358 0.1795 0.2183 0.2831 0.3664 0.4581 0.5495 0.7145 	0.0000	0.0000	0.0000	0.0000	0.0000	0.0000	49.3671	0.698	0.644	0.368	0.360	0.402	0.485	0.527	0.412	0.476	0.401	0.274	0.380	0.316	0.232	0.423	0.550	0.381	0.253	0.444	0.508	0.444	0.319	0.201	0.284	0.329	0.254	0.201	0.211	0.190	0.403	0.381	0.590	0.254	0.360	0.339	0.275	0.360	0.248	0.214	0.195	0.188	0.254	0.169	0.212	0.169	0.169	0.233	0.106	0.127	0.127	0.106	0.094	0.083	0.100	0.104	0.087	0.125	0.127	0.148	0.338	0.317	0.190	0.106	0.106	0.149	0.100	0.105	0.106	0.149	0.174	0.127	0.106	0.116	0.222	0.123	0.152	0.211	0.165	0.169	0.140	0.100	0.098	0.106	0.121	0.158	0.152	0.139	0.256	0.239	0.239	0.163	0.182	0.190	0.182	0.231	0.197	0.224	0.219	0.236	0.211	0.190	0.229	0.253	0.241	0.207	0.259	0.270	0.169	0.236	0.241	0.381	0.325	0.195	0.200	0.237	0.235	0.215	0.233	0.190	0.233	0.232	0.273	0.246	0.285	0.317	0.328	0.197	0.257	0.275	0.275	0.360	0.444	0.423	0.395	0.387	0.360	0.465	0.360	0.339	0.339	0.275	0.254	0.296	0.275	0.423	0.486	0.464	0.401	0.444	0.500	0.407	0.319	0.381	0.465	0.381	0.571	0.423	0.457	0.429	0.509	0.437	0.346	0.345	0.211	0.312	0.254	0.316	0.339	0.338	0.359	0.338	0.317	0.317	0.381	0.387																																																																																																																																																																																	
7A_PIEN		MRS4	2015	0.000	0.0000	0	0.000		177	RINGWIDTH	1	NotAFile	7/20/2017 11:44:48	                   		3659 1115 8 Grey	Intr 0.021158 0.021141 N	EPSON EPSON Flatbed Scanner EPSON Expression 10000XL 1.8 V3.45 3.45	0.0 [0]	432.0000 972.0000 3319.0000 868.0000  1.0000	Tg A Int Y	50 %	N W Man	19 1.0000 Lin 1.00	0.0120 0.0148 0.0203 0.0240 0.0289 0.0365 0.0481 0.0575 0.0685 0.0869 0.1104 0.1358 0.1795 0.2183 0.2831 0.3664 0.4581 0.5495 0.7145 	16 19 23 27 29 34 40 44 50 59 68 77 92 105 122 144 164 186 219 	0.0120 0.0148 0.0203 0.0240 0.0289 0.0365 0.0481 0.0575 0.0685 0.0869 0.1104 0.1358 0.1795 0.2183 0.2831 0.3664 0.4581 0.5495 0.7145 	0.0000	0.0000	0.0000	0.0000	0.0000	0.0000	61.1218	0.435	1.289	0.398	0.459	0.648	0.470	0.509	0.333	0.374	0.398	0.401	0.363	0.429	0.289	0.377	0.547	0.517	0.331	0.354	0.378	0.357	0.210	0.423	0.296	0.529	0.372	0.325	0.253	0.275	0.274	0.452	0.457	0.598	0.248	0.444	0.360	0.314	0.426	0.296	0.210	0.231	0.189	0.252	0.126	0.189	0.210	0.231	0.230	0.104	0.145	0.167	0.104	0.149	0.116	0.114	0.168	0.189	0.189	0.209	0.250	0.515	0.615	0.512	0.266	0.184	0.145	0.167	0.104	0.186	0.227	0.269	0.249	0.229	0.294	0.336	0.209	0.230	0.335	0.273	0.231	0.168	0.084	0.147	0.169	0.188	0.209	0.189	0.168	0.210	0.273	0.294	0.295	0.190	0.211	0.210	0.210	0.210	0.231	0.210	0.189	0.231	0.231	0.168	0.231	0.231	0.231	0.211	0.295	0.253	0.190	0.401	0.401	0.422	0.380	0.253	0.275	0.296	0.338	0.253	0.232	0.253	0.296	0.295	0.359	0.296	0.379	0.358	0.359	0.211	0.274	0.295	0.401	0.443	0.463	0.463	0.440	0.398	0.421	0.505	0.422	0.422	0.401	0.338	0.359	0.422	0.444	0.486	0.734	0.615	0.571	0.528	0.634	0.486	0.381	0.487	0.592	0.487	0.635	0.444	0.571	0.438	0.465	0.515	0.423	0.402	0.317	0.487	0.401	0.422	0.401	0.444	0.401	0.264	0.350	0.462	0.467	0.525																																																																																																																																																																																			
122A_PIEN		MRS4	2016	0.000	0.0000	0	0.000		288	RINGWIDTH	1	NotAFile	7/20/2017 12:43:00	                   		5031 1143 8 Grey	Intr 0.021158 0.021141 N	EPSON EPSON Flatbed Scanner EPSON Expression 10000XL 1.8 V3.45 3.45	0.0 [0]	62.0000 278.0000 4762.0000 176.0000  1.0000	Tg A Int Y	50 %	N W Man	19 1.0000 Lin 1.00	0.0120 0.0148 0.0203 0.0240 0.0289 0.0365 0.0481 0.0575 0.0685 0.0869 0.1104 0.1358 0.1795 0.2183 0.2831 0.3664 0.4581 0.5495 0.7145 	16 19 23 27 29 34 40 44 50 59 68 77 92 105 122 144 164 186 219 	0.0120 0.0148 0.0203 0.0240 0.0289 0.0365 0.0481 0.0575 0.0685 0.0869 0.1104 0.1358 0.1795 0.2183 0.2831 0.3664 0.4581 0.5495 0.7145 	0.0000	0.0000	0.0000	0.0000	0.0000	0.0000	99.4645	0.931	1.104	0.973	0.922	0.889	1.033	0.861	0.815	0.836	0.638	0.936	1.001	0.621	0.596	0.775	0.805	0.703	1.011	0.913	1.283	1.380	0.754	0.526	0.751	0.657	0.659	0.578	0.717	0.830	0.874	0.517	0.967	1.739	0.948	1.061	1.029	0.706	0.682	0.673	0.589	0.474	0.658	0.814	0.672	0.452	0.418	0.437	0.313	0.322	0.180	0.292	0.396	0.491	0.640	0.820	0.558	0.545	0.474	0.536	0.576	0.461	0.481	0.421	0.382	0.492	0.511	0.390	0.405	0.351	0.273	0.250	0.249	0.288	0.336	0.293	0.265	0.183	0.311	0.147	0.143	0.096	0.133	0.248	0.192	0.205	0.244	0.237	0.199	0.280	0.213	0.309	0.380	0.359	0.259	0.301	0.281	0.281	0.220	0.310	0.338	0.291	0.427	0.125	0.272	0.463	0.359	0.254	0.288	0.664	0.317	0.341	0.420	0.338	0.529	0.465	0.339	0.421	0.337	0.317	0.507	0.380	0.274	0.316	0.442	0.420	0.441	0.653	0.444	0.507	0.549	0.483	0.357	0.209	0.209	0.126	0.168	0.215	0.182	0.168	0.209	0.188	0.251	0.147	0.272	0.188	0.168	0.209	0.209	0.105	0.105	0.126	0.169	0.111	0.117	0.137	0.139	0.105	0.164	0.169	0.150	0.105	0.148	0.169	0.169	0.169	0.211	0.232	0.254	0.296	0.339	0.275	0.360	0.212	0.233	0.169	0.212	0.127	0.212	0.275	0.317	0.317	0.316	0.337	0.253	0.232	0.231	0.232	0.253	0.168	0.190	0.106	0.127	0.106	0.169	0.169	0.127	0.105	0.146	0.128	0.148	0.169	0.190	0.148	0.116	0.116	0.107	0.127	0.127	0.169	0.127	0.136	0.108	0.135	0.095	0.117	0.105	0.190	0.211	0.211	0.294	0.273	0.252	0.188	0.126	0.105	0.094	0.126	0.096	0.126	0.110	0.142	0.136	0.136	0.156	0.136	0.145	0.113	0.138	0.078	0.082	0.098	0.131	0.111	0.166	0.145	0.125	0.185	0.165	0.179	0.217	0.208	0.084	0.090	0.057	0.102	0.106	0.167	0.188	0.188	0.230	0.188	0.238	0.195	0.153	0.168	0.167	0.168	0.189	0.147	0.188	0.209	0.314	0.167	0.145	0.084	0.107	0.139	0.123	0.131	0.127	0.123	0.107	0.126	0.122	0.249	0.207	0.204	0.171																																																																																																																																																																																																																																																																																																		
122B_PIEN		MRS4	2016	0.000	0.0000	0	0.000		273	RINGWIDTH	1	NotAFile	7/20/2017 12:43:00	                   		5031 1143 8 Grey	Intr 0.021158 0.021141 N	EPSON EPSON Flatbed Scanner EPSON Expression 10000XL 1.8 V3.45 3.45	0.0 [0]	1280.0000 801.0000 4767.0000 965.0000  1.0000	Tg A Int Y	50 %	N W Man	19 1.0000 Lin 1.00	0.0120 0.0148 0.0203 0.0240 0.0289 0.0365 0.0481 0.0575 0.0685 0.0869 0.1104 0.1358 0.1795 0.2183 0.2831 0.3664 0.4581 0.5495 0.7145 	16 19 23 27 29 34 40 44 50 59 68 77 92 105 122 144 164 186 219 	0.0120 0.0148 0.0203 0.0240 0.0289 0.0365 0.0481 0.0575 0.0685 0.0869 0.1104 0.1358 0.1795 0.2183 0.2831 0.3664 0.4581 0.5495 0.7145 	0.0000	0.0000	0.0000	0.0000	0.0000	0.0000	73.8583	1.309	0.523	0.582	0.431	0.417	0.601	0.624	0.545	0.347	0.409	0.345	0.391	0.558	0.496	0.289	0.455	0.331	0.330	0.572	0.576	0.679	0.626	0.625	0.796	0.560	0.543	0.661	0.720	0.736	0.804	0.695	0.522	0.648	0.617	0.703	0.643	0.650	0.610	0.466	0.637	0.545	0.515	0.569	0.517	0.553	0.586	0.481	0.459	0.459	0.417	0.497	0.577	0.518	0.470	0.503	0.522	0.468	0.474	0.620	0.482	0.503	0.637	0.478	0.334	0.262	0.207	0.200	0.235	0.347	0.316	0.350	0.293	0.349	0.307	0.342	0.311	0.362	0.373	0.360	0.274	0.290	0.305	0.356	0.301	0.434	0.383	0.332	0.362	0.381	0.386	0.321	0.230	0.281	0.304	0.345	0.320	0.294	0.324	0.228	0.353	0.357	0.201	0.174	0.194	0.173	0.135	0.133	0.117	0.142	0.185	0.168	0.169	0.317	0.253	0.232	0.168	0.133	0.158	0.181	0.128	0.148	0.176	0.207	0.220	0.135	0.118	0.148	0.169	0.148	0.178	0.141	0.102	0.134	0.111	0.141	0.064	0.086	0.065	0.087	0.095	0.092	0.097	0.096	0.079	0.087	0.071	0.091	0.100	0.100	0.110	0.157	0.135	0.119	0.161	0.117	0.129	0.129	0.100	0.123	0.190	0.153	0.173	0.176	0.189	0.154	0.158	0.096	0.097	0.178	0.132	0.143	0.121	0.091	0.116	0.107	0.180	0.204	0.156	0.165	0.184	0.218	0.257	0.196	0.176	0.191	0.154	0.099	0.123	0.121	0.157	0.156	0.131	0.138	0.085	0.085	0.115	0.154	0.111	0.132	0.122	0.132	0.126	0.170	0.249	0.237	0.150	0.157	0.142	0.148	0.134	0.120	0.085	0.117	0.106	0.106	0.147	0.128	0.105	0.144	0.157	0.115	0.088	0.110	0.119	0.094	0.106	0.143	0.104	0.097	0.180	0.185	0.153	0.103	0.115	0.135	0.140	0.140	0.290	0.320	0.180	0.128	0.120	0.144	0.114	0.180	0.275	0.287	0.248	0.217	0.213	0.285	0.180	0.158	0.223	0.152	0.190	0.170	0.184	0.223	0.246	0.163	0.129	0.142	0.120	0.095	0.135	0.128	0.110	0.112	0.094	0.117	0.154	0.152																																																																																																																																																																																																																																																																																			
554A_PIEN		MRS4	2016	0.000	0.0000	0	0.000		258	RINGWIDTH	1	NotAFile	7/20/2017 15:24:18	                   		4688 1000 8 Grey	Intr 0.021158 0.021141 N	EPSON EPSON Flatbed Scanner EPSON Expression 10000XL 1.8 V3.45 3.45	0.0 [0]	1282.0000 128.0000 4385.0000 254.0000  1.0000	Tg A Int Y	50 %	N W Man	19 1.0000 Lin 1.00	0.0120 0.0148 0.0203 0.0240 0.0289 0.0365 0.0481 0.0575 0.0685 0.0869 0.1104 0.1358 0.1795 0.2183 0.2831 0.3664 0.4581 0.5495 0.7145 	16 19 23 27 29 34 40 44 50 59 68 77 92 105 122 144 164 186 219 	0.0120 0.0148 0.0203 0.0240 0.0289 0.0365 0.0481 0.0575 0.0685 0.0869 0.1104 0.1358 0.1795 0.2183 0.2831 0.3664 0.4581 0.5495 0.7145 	0.0000	0.0000	0.0000	0.0000	0.0000	0.0000	66.4106	0.573	0.227	0.406	0.399	0.300	0.453	0.277	0.218	0.315	0.215	0.373	0.334	0.364	0.352	0.288	0.359	0.256	0.274	0.298	0.339	0.348	0.385	0.279	0.325	0.465	0.481	0.382	0.367	0.471	0.492	0.409	0.414	0.489	0.489	0.592	0.569	0.411	0.431	0.418	0.477	0.513	0.490	0.571	0.730	0.503	0.564	0.624	0.608	0.694	0.657	0.595	0.513	0.637	0.622	0.664	0.657	0.574	0.502	0.645	0.458	0.583	0.479	0.568	0.537	0.431	0.358	0.420	0.399	0.377	0.306	0.346	0.293	0.357	0.357	0.273	0.292	0.293	0.292	0.355	0.458	0.502	0.504	0.522	0.475	0.425	0.272	0.313	0.250	0.334	0.331	0.313	0.333	0.396	0.332	0.477	0.395	0.240	0.221	0.186	0.240	0.186	0.137	0.130	0.158	0.192	0.166	0.205	0.226	0.144	0.212	0.185	0.199	0.124	0.166	0.166	0.186	0.144	0.206	0.186	0.124	0.187	0.124	0.173	0.117	0.228	0.165	0.144	0.185	0.185	0.144	0.110	0.138	0.206	0.123	0.144	0.124	0.152	0.137	0.160	0.132	0.126	0.091	0.097	0.077	0.091	0.091	0.112	0.112	0.105	0.146	0.104	0.091	0.096	0.062	0.098	0.089	0.105	0.103	0.124	0.124	0.173	0.180	0.167	0.146	0.167	0.188	0.209	0.230	0.272	0.251	0.146	0.125	0.188	0.146	0.146	0.209	0.146	0.208	0.188	0.208	0.181	0.215	0.166	0.166	0.146	0.124	0.145	0.185	0.165	0.145	0.124	0.097	0.090	0.111	0.096	0.098	0.111	0.105	0.091	0.118	0.124	0.124	0.133	0.138	0.133	0.083	0.138	0.145	0.165	0.119	0.110	0.104	0.105	0.145	0.084	0.146	0.167	0.118	0.133	0.187	0.146	0.188	0.229	0.167	0.167	0.146	0.167	0.104	0.140	0.126	0.131	0.125	0.079	0.073	0.109	0.088	0.057	0.100	0.094	0.085	0.100	0.075	0.089	0.115	0.069	0.079	0.118	0.113	0.089	0.102	0.092	0.074	0.109	0.102	0.064	0.094	0.127	0.165																																																																																																																																																																																																																																																																				
554B_PIEN		MRS4	2016	0.000	0.0000	0	0.000		255	RINGWIDTH	1	NotAFile	7/20/2017 15:24:18	                   		4688 1000 8 Grey	Intr 0.021158 0.021141 N	EPSON EPSON Flatbed Scanner EPSON Expression 10000XL 1.8 V3.45 3.45	0.0 [0]	768.0000 852.0000 4398.0000 728.0000  1.0000	Tg A Int Y	50 %	N W Man	19 1.0000 Lin 1.00	0.0120 0.0148 0.0203 0.0240 0.0289 0.0365 0.0481 0.0575 0.0685 0.0869 0.1104 0.1358 0.1795 0.2183 0.2831 0.3664 0.4581 0.5495 0.7145 	16 19 23 27 29 34 40 44 50 59 68 77 92 105 122 144 164 186 219 	0.0120 0.0148 0.0203 0.0240 0.0289 0.0365 0.0481 0.0575 0.0685 0.0869 0.1104 0.1358 0.1795 0.2183 0.2831 0.3664 0.4581 0.5495 0.7145 	0.0000	0.0000	0.0000	0.0000	0.0000	0.0000	77.5195	0.297	0.326	0.282	0.518	0.459	0.456	0.532	0.704	0.738	0.653	0.623	0.788	0.990	0.809	0.681	0.715	0.624	0.862	0.991	0.796	0.651	0.618	0.536	0.560	0.471	0.548	0.702	0.850	0.750	0.570	0.554	0.692	0.617	0.542	0.591	0.591	0.657	0.462	0.565	0.515	0.560	0.666	0.589	0.545	0.444	0.624	0.661	0.627	0.576	0.383	0.413	0.456	0.447	0.383	0.378	0.448	0.483	0.381	0.339	0.330	0.362	0.327	0.367	0.303	0.296	0.368	0.420	0.284	0.284	0.319	0.278	0.295	0.366	0.367	0.373	0.504	0.483	0.479	0.357	0.408	0.275	0.329	0.315	0.347	0.371	0.365	0.324	0.554	0.581	0.312	0.312	0.220	0.260	0.272	0.250	0.167	0.251	0.272	0.231	0.232	0.293	0.209	0.222	0.211	0.147	0.175	0.209	0.253	0.293	0.254	0.263	0.221	0.179	0.220	0.189	0.251	0.167	0.232	0.190	0.190	0.211	0.190	0.169	0.105	0.148	0.190	0.127	0.148	0.127	0.148	0.169	0.148	0.127	0.118	0.093	0.147	0.147	0.105	0.127	0.106	0.106	0.127	0.148	0.126	0.147	0.147	0.147	0.105	0.105	0.127	0.084	0.148	0.127	0.190	0.148	0.211	0.168	0.169	0.190	0.211	0.224	0.242	0.285	0.199	0.148	0.190	0.233	0.275	0.254	0.233	0.233	0.253	0.253	0.252	0.295	0.294	0.241	0.202	0.250	0.168	0.210	0.205	0.173	0.147	0.135	0.095	0.092	0.137	0.127	0.103	0.099	0.110	0.120	0.129	0.124	0.124	0.106	0.102	0.072	0.091	0.090	0.064	0.098	0.110	0.106	0.103	0.083	0.124	0.104	0.126	0.107	0.084	0.097	0.084	0.132	0.121	0.103	0.112	0.125	0.118	0.123	0.078	0.139	0.113	0.096	0.078	0.082	0.083	0.078	0.104	0.084	0.112	0.098	0.089	0.121	0.105	0.106	0.104	0.091	0.106	0.104	0.093	0.071	0.098	0.087	0.068	0.063	0.069	0.070	0.082	0.071	0.062	0.100	0.117	0.101																																																																																																																																																																																																																																																																	
496A_PIEN		MRS4	2016	0.000	0.0000	0	0.000		198	RINGWIDTH	1	NotAFile	7/20/2017 15:44:44	                   		4087 1000 8 Grey	Intr 0.021158 0.021141 N	EPSON EPSON Flatbed Scanner EPSON Expression 10000XL 1.8 V3.45 3.45	0.0 [0]	1000.0000 314.0000 3903.0000 326.0000  1.0000	Tg A Int Y	50 %	N W Man	19 1.0000 Lin 1.00	0.0120 0.0148 0.0203 0.0240 0.0289 0.0365 0.0481 0.0575 0.0685 0.0869 0.1104 0.1358 0.1795 0.2183 0.2831 0.3664 0.4581 0.5495 0.7145 	16 19 23 27 29 34 40 44 50 59 68 77 92 105 122 144 164 186 219 	0.0120 0.0148 0.0203 0.0240 0.0289 0.0365 0.0481 0.0575 0.0685 0.0869 0.1104 0.1358 0.1795 0.2183 0.2831 0.3664 0.4581 0.5495 0.7145 	0.0000	0.0000	0.0000	0.0000	0.0000	0.0000	61.4213	0.459	0.413	0.992	1.141	1.130	0.754	0.692	0.584	0.565	0.302	0.433	0.356	0.354	0.246	0.372	0.244	0.243	0.204	0.243	0.184	0.151	0.153	0.225	0.144	0.288	0.229	0.188	0.174	0.139	0.137	0.178	0.147	0.098	0.154	0.186	0.103	0.124	0.125	0.094	0.124	0.083	0.115	0.167	0.146	0.125	0.105	0.104	0.113	0.135	0.097	0.195	0.145	0.094	0.114	0.268	0.227	0.185	0.289	0.222	0.249	0.235	0.166	0.292	0.209	0.231	0.253	0.239	0.211	0.182	0.169	0.155	0.162	0.190	0.134	0.120	0.379	0.316	0.239	0.191	0.246	0.400	0.747	0.705	0.500	0.354	0.311	0.356	0.231	0.316	0.232	0.324	0.288	0.184	0.218	0.232	0.190	0.190	0.338	0.310	0.359	0.338	0.310	0.436	0.317	0.338	0.401	0.338	0.380	0.401	0.486	0.486	0.423	0.380	0.374	0.374	0.261	0.260	0.184	0.247	0.267	0.339	0.360	0.268	0.345	0.338	0.381	0.338	0.502	0.458	0.430	0.556	0.509	0.550	0.409	0.282	0.226	0.288	0.339	0.275	0.275	0.275	0.275	0.323	0.325	0.317	0.358	0.387	0.380	0.274	0.317	0.338	0.317	0.401	0.409	0.323	0.275	0.324	0.317	0.380	0.437	0.443	0.465	0.267	0.310	0.423	0.345	0.374	0.459	0.324	0.352	0.339	0.493	0.423	0.317	0.317	0.360	0.254	0.296	0.233	0.275	0.296	0.317	0.254	0.205	0.239	0.155	0.246	0.218	0.260	0.281	0.184	0.274	0.253	0.218	0.297	0.380	0.297	0.134																																																																																																																																																																																																								
496B_PIEN		MRS4	2016	0.000	0.0000	0	0.000		195	RINGWIDTH	1	NotAFile	7/20/2017 15:44:44	                   		4087 1000 8 Grey	Intr 0.021158 0.021141 N	EPSON EPSON Flatbed Scanner EPSON Expression 10000XL 1.8 V3.45 3.45	0.0 [0]	1236.0000 866.0000 3816.0000 818.0000  1.0000	Tg A Int Y	50 %	N W Man	19 1.0000 Lin 1.00	0.0120 0.0148 0.0203 0.0240 0.0289 0.0365 0.0481 0.0575 0.0685 0.0869 0.1104 0.1358 0.1795 0.2183 0.2831 0.3664 0.4581 0.5495 0.7145 	16 19 23 27 29 34 40 44 50 59 68 77 92 105 122 144 164 186 219 	0.0120 0.0148 0.0203 0.0240 0.0289 0.0365 0.0481 0.0575 0.0685 0.0869 0.1104 0.1358 0.1795 0.2183 0.2831 0.3664 0.4581 0.5495 0.7145 	0.0000	0.0000	0.0000	0.0000	0.0000	0.0000	54.5962	0.698	0.732	0.606	0.594	0.641	0.430	0.439	0.333	0.188	0.207	0.332	0.434	0.210	0.415	0.237	0.184	0.152	0.189	0.168	0.135	0.117	0.142	0.153	0.148	0.164	0.173	0.211	0.169	0.233	0.212	0.190	0.115	0.139	0.169	0.148	0.127	0.148	0.127	0.101	0.141	0.117	0.190	0.105	0.127	0.126	0.126	0.105	0.126	0.125	0.169	0.189	0.274	0.100	0.091	0.126	0.180	0.138	0.148	0.190	0.106	0.148	0.148	0.169	0.233	0.274	0.296	0.232	0.232	0.169	0.148	0.254	0.254	0.253	0.465	0.338	0.338	0.359	0.423	0.338	0.338	0.381	0.275	0.169	0.169	0.190	0.127	0.173	0.187	0.215	0.208	0.212	0.190	0.295	0.211	0.274	0.402	0.386	0.347	0.458	0.376	0.449	0.343	0.331	0.300	0.226	0.207	0.207	0.269	0.268	0.289	0.248	0.207	0.269	0.206	0.165	0.143	0.205	0.205	0.205	0.285	0.221	0.261	0.301	0.353	0.355	0.372	0.412	0.491	0.552	0.656	0.784	0.662	0.522	0.401	0.361	0.421	0.381	0.384	0.305	0.317	0.292	0.266	0.276	0.280	0.309	0.289	0.228	0.305	0.327	0.245	0.387	0.390	0.348	0.245	0.305	0.285	0.344	0.303	0.281	0.362	0.219	0.159	0.202	0.202	0.163	0.265	0.225	0.268	0.247	0.392	0.331	0.228	0.250	0.270	0.229	0.270	0.230	0.355	0.314	0.313	0.230	0.167	0.166	0.166	0.187	0.187	0.249	0.229	0.230	0.230	0.230	0.187	0.247	0.248	0.344																																																																																																																																																																																																					
113A_PIEN		MRS4	2016	0.000	0.0000	0	0.000		209	RINGWIDTH	1	NotAFile	7/20/2017 16:27:25	                   		2601 972 8 Grey	Intr 0.021158 0.021141 N	EPSON EPSON Flatbed Scanner EPSON Expression 10000XL 1.8 V3.45 3.45	0.0 [0]	491.0000 183.0000 2317.0000 224.0000  1.0000	Tg A Int Y	50 %	N W Man	19 1.0000 Lin 1.00	0.0120 0.0148 0.0203 0.0240 0.0289 0.0365 0.0481 0.0575 0.0685 0.0869 0.1104 0.1358 0.1795 0.2183 0.2831 0.3664 0.4581 0.5495 0.7145 	16 19 23 27 29 34 40 44 50 59 68 77 92 105 122 144 164 186 219 	0.0120 0.0148 0.0203 0.0240 0.0289 0.0365 0.0481 0.0575 0.0685 0.0869 0.1104 0.1358 0.1795 0.2183 0.2831 0.3664 0.4581 0.5495 0.7145 	0.0000	0.0000	0.0000	0.0000	0.0000	0.0000	38.6436	0.354	0.509	0.740	0.756	0.539	0.450	0.505	0.532	0.353	0.506	0.443	0.506	0.505	0.504	0.483	0.357	0.441	0.147	0.168	0.315	0.357	0.271	0.227	0.497	0.547	0.449	0.397	0.278	0.257	0.336	0.292	0.265	0.286	0.212	0.190	0.169	0.169	0.169	0.127	0.106	0.204	0.204	0.206	0.148	0.141	0.125	0.114	0.084	0.095	0.116	0.158	0.147	0.147	0.132	0.147	0.111	0.132	0.094	0.090	0.067	0.100	0.085	0.100	0.121	0.086	0.067	0.089	0.059	0.085	0.088	0.100	0.096	0.093	0.094	0.096	0.094	0.100	0.089	0.111	0.120	0.137	0.125	0.104	0.125	0.104	0.074	0.120	0.105	0.096	0.098	0.054	0.099	0.104	0.084	0.089	0.069	0.072	0.056	0.085	0.065	0.069	0.085	0.119	0.083	0.126	0.116	0.121	0.074	0.098	0.073	0.069	0.073	0.074	0.068	0.110	0.078	0.107	0.082	0.072	0.104	0.113	0.086	0.093	0.146	0.166	0.116	0.120	0.098	0.104	0.168	0.126	0.125	0.125	0.104	0.145	0.147	0.167	0.095	0.114	0.104	0.090	0.098	0.084	0.104	0.167	0.147	0.146	0.117	0.092	0.125	0.104	0.125	0.104	0.138	0.153	0.145	0.188	0.167	0.168	0.167	0.125	0.167	0.167	0.185	0.162	0.113	0.247	0.311	0.304	0.402	0.487	0.360	0.317	0.301	0.422	0.364	0.303	0.275	0.338	0.254	0.275	0.275	0.232	0.232	0.253	0.253	0.178	0.159	0.189	0.189	0.168	0.105	0.126	0.094	0.095	0.152	0.155	0.112	0.105	0.126	0.105	0.100	0.100	0.076	0.092	0.096	0.063	0.105	0.125																																																																																																																																																																																																																			
113B_PIEN		MRS4	2016	0.000	0.0000	0	0.000		198	RINGWIDTH	1	NotAFile	7/20/2017 16:27:25	                   		2601 972 8 Grey	Intr 0.021158 0.021141 N	EPSON EPSON Flatbed Scanner EPSON Expression 10000XL 1.8 V3.45 3.45	0.0 [0]	613.0000 813.0000 2282.0000 647.0000  1.0000	Tg A Int Y	50 %	N W Man	19 1.0000 Lin 1.00	0.0120 0.0148 0.0203 0.0240 0.0289 0.0365 0.0481 0.0575 0.0685 0.0869 0.1104 0.1358 0.1795 0.2183 0.2831 0.3664 0.4581 0.5495 0.7145 	16 19 23 27 29 34 40 44 50 59 68 77 92 105 122 144 164 186 219 	0.0120 0.0148 0.0203 0.0240 0.0289 0.0365 0.0481 0.0575 0.0685 0.0869 0.1104 0.1358 0.1795 0.2183 0.2831 0.3664 0.4581 0.5495 0.7145 	0.0000	0.0000	0.0000	0.0000	0.0000	0.0000	36.0658	0.157	0.270	0.491	0.625	0.570	0.380	0.458	0.272	0.361	0.348	0.322	0.381	0.311	0.427	0.396	0.413	0.344	0.329	0.296	0.381	0.424	0.341	0.364	0.301	0.268	0.241	0.236	0.246	0.195	0.151	0.196	0.199	0.177	0.151	0.142	0.169	0.170	0.126	0.136	0.089	0.220	0.183	0.173	0.176	0.114	0.145	0.125	0.084	0.118	0.106	0.080	0.095	0.091	0.165	0.084	0.084	0.089	0.108	0.107	0.098	0.112	0.099	0.099	0.092	0.088	0.116	0.117	0.137	0.097	0.110	0.137	0.097	0.085	0.143	0.117	0.128	0.093	0.085	0.081	0.060	0.066	0.112	0.084	0.104	0.117	0.078	0.090	0.104	0.080	0.119	0.082	0.147	0.098	0.120	0.132	0.111	0.077	0.107	0.068	0.098	0.073	0.069	0.099	0.099	0.072	0.095	0.083	0.085	0.103	0.082	0.069	0.088	0.121	0.160	0.156	0.131	0.091	0.061	0.103	0.167	0.121	0.139	0.149	0.124	0.164	0.124	0.082	0.084	0.088	0.092	0.090	0.083	0.105	0.099	0.149	0.124	0.094	0.109	0.097	0.094	0.089	0.119	0.083	0.110	0.082	0.097	0.103	0.136	0.154	0.207	0.145	0.146	0.168	0.210	0.126	0.087	0.113	0.093	0.063	0.101	0.130	0.142	0.108	0.095	0.091	0.105	0.106	0.129	0.139	0.143	0.168	0.167	0.146	0.126	0.108	0.163	0.149	0.152	0.181	0.142	0.119	0.135	0.150	0.102	0.068	0.102	0.094	0.096	0.084	0.082	0.081	0.086	0.085	0.089	0.042	0.100	0.063	0.084																																																																																																																																																																																																								
344A_PIEN		MRS4	2015	0.000	0.0000	0	0.000		224	RINGWIDTH	1	NotAFile	8/5/2017 15:20:05	                   		5460 2659 8 Grey	Intr 0.021158 0.021141 N	EPSON EPSON Flatbed Scanner EPSON Expression 10000XL 1.8 V3.45 3.45	0.0 [0]	4688.0000 1066.0000 698.5000 991.5000  1.0000	Tg A Int Y	50 %	N W Man	19 1.0000 Lin 1.00	0.0120 0.0148 0.0203 0.0240 0.0289 0.0365 0.0481 0.0575 0.0685 0.0869 0.1104 0.1358 0.1795 0.2183 0.2831 0.3664 0.4581 0.5495 0.7145 	16 19 23 27 29 34 40 44 50 59 68 77 92 105 122 144 164 186 219 	0.0120 0.0148 0.0203 0.0240 0.0289 0.0365 0.0481 0.0575 0.0685 0.0869 0.1104 0.1358 0.1795 0.2183 0.2831 0.3664 0.4581 0.5495 0.7145 	0.0000	0.0000	0.0000	0.0000	0.0000	0.0000	84.4233	0.487	1.450	0.825	1.345	0.942	0.961	0.772	0.797	0.782	0.859	1.114	0.884	0.991	0.818	0.725	0.704	1.029	0.683	0.772	0.647	0.668	0.670	0.498	0.487	0.548	0.550	0.547	0.561	0.589	0.679	0.821	0.694	0.490	0.461	0.541	0.525	0.378	0.530	0.628	0.563	0.490	0.608	0.702	0.443	0.334	0.454	0.634	0.593	0.496	0.455	0.560	0.489	0.674	0.662	0.486	0.435	0.433	0.497	0.477	0.412	0.349	0.306	0.507	0.392	0.444	0.540	0.401	0.368	0.246	0.307	0.359	0.474	0.423	0.317	0.413	0.434	0.434	0.359	0.402	0.412	0.474	0.380	0.493	0.392	0.432	0.413	0.338	0.294	0.264	0.232	0.354	0.202	0.147	0.252	0.324	0.368	0.326	0.275	0.229	0.189	0.231	0.210	0.168	0.197	0.270	0.220	0.249	0.293	0.377	0.261	0.271	0.260	0.252	0.252	0.238	0.156	0.281	0.263	0.388	0.295	0.315	0.335	0.333	0.278	0.365	0.364	0.249	0.373	0.272	0.188	0.208	0.207	0.197	0.240	0.267	0.219	0.302	0.336	0.377	0.376	0.376	0.253	0.242	0.210	0.115	0.210	0.187	0.126	0.147	0.167	0.167	0.124	0.156	0.137	0.145	0.176	0.146	0.154	0.200	0.298	0.282	0.247	0.166	0.133	0.113	0.092	0.104	0.083	0.136	0.134	0.177	0.135	0.115	0.186	0.136	0.115	0.095	0.136	0.125	0.134	0.166	0.136	0.192	0.176	0.156	0.136	0.167	0.168	0.196	0.229	0.134	0.083	0.180	0.126	0.137	0.169	0.091	0.148	0.165	0.179	0.197	0.136	0.178	0.282	0.239	0.295	0.241	0.320	0.348	0.365	0.322	0.221	0.295	0.147	0.254	0.242	0.358	0.285	0.264	0.295	0.253	0.328	0.264	0.356																																																																																																																																																																																																																																		
458A_PIEN		MRS4	2015	0.000	0.0000	0	0.000		198	RINGWIDTH	1	NotAFile	8/8/2017 10:10:38	                   		3401 1715 8 Grey	Intr 0.021158 0.021141 N	EPSON EPSON Flatbed Scanner EPSON Expression 10000XL 1.8 V3.45 3.45	0.0 [0]	2499.0000 658.0000 471.5000 648.5000  1.0000	Tg A Int Y	50 %	N W Man	19 1.0000 Lin 1.00	0.0120 0.0148 0.0203 0.0240 0.0289 0.0365 0.0481 0.0575 0.0685 0.0869 0.1104 0.1358 0.1795 0.2183 0.2831 0.3664 0.4581 0.5495 0.7145 	16 19 23 27 29 34 40 44 50 59 68 77 92 105 122 144 164 186 219 	0.0120 0.0148 0.0203 0.0240 0.0289 0.0365 0.0481 0.0575 0.0685 0.0869 0.1104 0.1358 0.1795 0.2183 0.2831 0.3664 0.4581 0.5495 0.7145 	0.0000	0.0000	0.0000	0.0000	0.0000	0.0000	42.9189	1.154	0.377	0.189	0.574	0.658	0.466	0.358	0.864	0.881	0.501	0.331	0.568	0.417	0.407	0.452	0.311	0.314	0.471	0.394	0.514	0.396	0.435	0.356	0.374	0.393	0.451	0.475	0.379	0.463	0.362	0.382	0.306	0.265	0.287	0.205	0.206	0.268	0.290	0.230	0.272	0.187	0.229	0.251	0.230	0.167	0.120	0.119	0.101	0.142	0.126	0.146	0.210	0.144	0.105	0.104	0.125	0.188	0.189	0.260	0.307	0.168	0.102	0.108	0.145	0.167	0.230	0.229	0.167	0.167	0.147	0.126	0.168	0.123	0.170	0.146	0.125	0.154	0.126	0.108	0.157	0.140	0.101	0.144	0.137	0.129	0.088	0.075	0.080	0.097	0.124	0.145	0.114	0.137	0.150	0.188	0.167	0.167	0.125	0.146	0.146	0.146	0.907	0.358	0.169	0.190	0.211	0.100	0.089	0.106	0.112	0.186	0.167	0.144	0.130	0.150	0.153	0.147	0.175	0.178	0.120	0.127	0.081	0.076	0.137	0.122	0.126	0.112	0.101	0.101	0.144	0.118	0.165	0.146	0.146	0.167	0.146	0.209	0.209	0.210	0.147	0.099	0.102	0.133	0.149	0.113	0.192	0.109	0.190	0.167	0.126	0.154	0.168	0.158	0.141	0.155	0.116	0.148	0.149	0.151	0.175	0.137	0.127	0.147	0.127	0.148	0.148	0.180	0.158	0.127	0.084	0.137	0.107	0.094	0.149	0.110	0.105	0.122	0.149	0.139	0.063	0.105	0.074	0.094	0.095	0.088	0.073	0.075	0.125	0.183	0.109	0.090	0.095	0.106	0.095	0.085	0.095	0.085	0.116																																																																																																																																																																																																								
458B_PIEN		MRS4	2015	0.000	0.0000	0	0.000		209	RINGWIDTH	1	NotAFile	8/8/2017 10:10:38	                   		3401 1715 8 Grey	Intr 0.021158 0.021141 N	EPSON EPSON Flatbed Scanner EPSON Expression 10000XL 1.8 V3.45 3.45	0.0 [0]	2512.0000 1143.0000 470.5000 1142.0000  1.0000	Tg A Int Y	50 %	N W Man	19 1.0000 Lin 1.00	0.0120 0.0148 0.0203 0.0240 0.0289 0.0365 0.0481 0.0575 0.0685 0.0869 0.1104 0.1358 0.1795 0.2183 0.2831 0.3664 0.4581 0.5495 0.7145 	16 19 23 27 29 34 40 44 50 59 68 77 92 105 122 144 164 186 219 	0.0120 0.0148 0.0203 0.0240 0.0289 0.0365 0.0481 0.0575 0.0685 0.0869 0.1104 0.1358 0.1795 0.2183 0.2831 0.3664 0.4581 0.5495 0.7145 	0.0000	0.0000	0.0000	0.0000	0.0000	0.0000	43.5183	0.794	0.902	0.603	0.823	0.838	0.569	0.425	0.594	0.639	0.530	0.370	0.524	0.729	0.637	0.418	0.518	0.424	0.366	0.450	0.368	0.368	0.393	0.329	0.435	0.372	0.331	0.289	0.270	0.292	0.334	0.292	0.206	0.275	0.209	0.224	0.234	0.250	0.250	0.157	0.177	0.271	0.292	0.188	0.188	0.188	0.230	0.209	0.209	0.177	0.135	0.102	0.123	0.154	0.147	0.146	0.209	0.148	0.117	0.085	0.119	0.131	0.162	0.187	0.190	0.148	0.098	0.108	0.112	0.154	0.180	0.210	0.168	0.175	0.133	0.154	0.212	0.190	0.201	0.168	0.130	0.196	0.153	0.171	0.160	0.166	0.212	0.136	0.167	0.188	0.085	0.074	0.063	0.067	0.090	0.138	0.111	0.161	0.168	0.147	0.141	0.164	0.110	0.133	0.128	0.148	0.083	0.132	0.163	0.179	0.136	0.126	0.148	0.170	0.103	0.105	0.189	0.185	0.191	0.147	0.067	0.076	0.103	0.109	0.132	0.111	0.112	0.148	0.131	0.195	0.185	0.144	0.129	0.144	0.059	0.078	0.139	0.106	0.112	0.102	0.085	0.085	0.116	0.093	0.105	0.116	0.119	0.120	0.128	0.233	0.248	0.232	0.181	0.148	0.105	0.132	0.143	0.105	0.108	0.133	0.159	0.160	0.148	0.160	0.174	0.163	0.141	0.168	0.185	0.217	0.235	0.378	0.357	0.294	0.243	0.196	0.177	0.180	0.207	0.162	0.214	0.150	0.120	0.147	0.113	0.111	0.177	0.125	0.111	0.135	0.151	0.125	0.114	0.103	0.097	0.099	0.090	0.087	0.073	0.115	0.074	0.109	0.119	0.105	0.097	0.100	0.073	0.057	0.095	0.093																																																																																																																																																																																																																			
126B_PIEN		MRS4	2016	0.000	0.0000	0	0.000		48	RINGWIDTH	1	NotAFile	8/8/2017 08:45:14	                   		5402 8778 8 Grey	Intr 0.021158 0.021141 N	EPSON EPSON Flatbed Scanner EPSON Expression 10000XL 1.8 V3.45 3.45	0.0 [0]	3487.5000 1568.0000 1359.5000 1662.0000  1.0000	Tg A Int Y	50 %	N W Man	19 1.0000 Lin 1.00	0.0120 0.0148 0.0203 0.0240 0.0289 0.0365 0.0481 0.0575 0.0685 0.0869 0.1104 0.1358 0.1795 0.2183 0.2831 0.3664 0.4581 0.5495 0.7145 	16 19 23 27 29 34 40 44 50 59 68 77 92 105 122 144 164 186 219 	0.0120 0.0148 0.0203 0.0240 0.0289 0.0365 0.0481 0.0575 0.0685 0.0869 0.1104 0.1358 0.1795 0.2183 0.2831 0.3664 0.4581 0.5495 0.7145 	0.0000	0.0000	0.0000	0.0000	0.0000	0.0000	45.2728	0.167	0.489	0.410	0.248	0.479	0.491	0.533	1.426	0.550	0.525	0.384	0.343	0.512	0.404	0.290	3.275	0.343	0.368	0.286	0.572	0.245	0.227	0.954	0.498	0.519	0.830	0.375	0.375	0.542	0.335	0.777	0.378	0.315	2.373	0.168	1.050	0.461	0.419	18.750	0.473	0.159	0.150	0.136	0.091	0.130	0.070	0.247	0.197																																																		
90B_PIEN		MRS4	2015	0.000	0.0000	0	0.000		292	RINGWIDTH	1	NotAFile	8/8/2017 09:24:49	                   		5260 3574 8 Grey	Intr 0.021158 0.021141 N	EPSON EPSON Flatbed Scanner EPSON Expression 10000XL 1.8 V3.45 3.45	0.0 [0]	4544.0000 1561.5000 867.0000 1400.0000  1.0000	Tg A Int Y	50 %	N W Man	19 1.0000 Lin 1.00	0.0120 0.0148 0.0203 0.0240 0.0289 0.0365 0.0481 0.0575 0.0685 0.0869 0.1104 0.1358 0.1795 0.2183 0.2831 0.3664 0.4581 0.5495 0.7145 	16 19 23 27 29 34 40 44 50 59 68 77 92 105 122 144 164 186 219 	0.0120 0.0148 0.0203 0.0240 0.0289 0.0365 0.0481 0.0575 0.0685 0.0869 0.1104 0.1358 0.1795 0.2183 0.2831 0.3664 0.4581 0.5495 0.7145 	0.0000	0.0000	0.0000	0.0000	0.0000	0.0000	77.8717	0.254	0.275	0.251	0.273	0.210	0.252	0.441	0.546	0.294	0.293	0.230	0.251	0.230	0.209	0.209	0.167	0.167	0.209	0.189	0.209	0.209	0.209	0.189	0.209	0.271	0.334	0.250	0.188	0.230	0.271	0.188	0.229	0.291	0.208	0.208	0.187	0.188	0.188	0.208	0.208	0.173	0.385	0.248	0.207	0.331	0.248	0.517	0.434	0.248	0.228	0.455	0.552	0.692	0.622	0.462	0.341	0.378	0.437	0.454	0.590	0.293	0.313	0.409	0.549	0.404	0.349	0.367	0.385	0.517	0.438	0.496	0.500	0.350	0.346	0.458	0.591	0.635	0.563	0.490	0.374	0.474	0.494	0.392	0.451	0.391	0.411	0.411	0.352	0.331	0.254	0.372	0.348	0.366	0.345	0.381	0.378	0.302	0.340	0.323	0.324	0.343	0.250	0.270	0.310	0.251	0.290	0.350	0.438	0.515	0.396	0.629	0.472	0.491	0.411	0.351	0.296	0.366	0.348	0.293	0.331	0.333	0.359	0.342	0.267	0.192	0.230	0.154	0.153	0.234	0.171	0.111	0.137	0.170	0.193	0.153	0.268	0.210	0.286	0.229	0.185	0.183	0.145	0.208	0.165	0.190	0.168	0.198	0.183	0.164	0.289	0.329	0.200	0.308	0.253	0.286	0.332	0.227	0.175	0.192	0.157	0.271	0.135	0.136	0.203	0.243	0.224	0.167	0.156	0.101	0.094	0.093	0.108	0.090	0.168	0.121	0.134	0.132	0.134	0.173	0.154	0.175	0.149	0.144	0.091	0.191	0.128	0.123	0.151	0.098	0.158	0.155	0.161	0.116	0.068	0.115	0.164	0.112	0.098	0.105	0.107	0.144	0.161	0.123	0.103	0.149	0.194	0.144	0.168	0.103	0.099	0.102	0.147	0.088	0.141	0.093	0.090	0.101	0.080	0.080	0.068	0.117	0.101	0.073	0.154	0.101	0.130	0.104	0.101	0.153	0.131	0.121	0.102	0.131	0.131	0.121	0.176	0.137	0.215	0.172	0.216	0.183	0.245	0.250	0.218	0.119	0.220	0.249	0.265	0.365	0.351	0.269	0.279	0.256	0.242	0.265	0.198	0.202	0.173	0.109	0.099	0.200	0.150	0.169	0.243	0.237	0.220	0.267	0.299	0.232	0.264	0.334	0.285	0.241	0.229	0.171	0.208	0.204	0.247	0.184	0.153	0.215	0.128	0.105	0.220	0.216	0.216	0.172	0.256	0.234	0.253	0.225	0.246																																																																																																																																																																																																																																																																																																						
458A_PIEN		MRS4	2015	0.000	0.0000	0	0.000		115	RINGWIDTH	1	NotAFile	8/8/2017 09:24:49	                   		5260 3574 8 Grey	Intr 0.021158 0.021141 N	EPSON EPSON Flatbed Scanner EPSON Expression 10000XL 1.8 V3.45 3.45	0.0 [0]	3627.0000 2612.0000 1612.3333 2562.3333  1.0000	Tg A Int Y	50 %	N W Man	19 1.0000 Lin 1.00	0.0120 0.0148 0.0203 0.0240 0.0289 0.0365 0.0481 0.0575 0.0685 0.0869 0.1104 0.1358 0.1795 0.2183 0.2831 0.3664 0.4581 0.5495 0.7145 	16 19 23 27 29 34 40 44 50 59 68 77 92 105 122 144 164 186 219 	0.0120 0.0148 0.0203 0.0240 0.0289 0.0365 0.0481 0.0575 0.0685 0.0869 0.1104 0.1358 0.1795 0.2183 0.2831 0.3664 0.4581 0.5495 0.7145 	0.0000	0.0000	0.0000	0.0000	0.0000	0.0000	43.0790	0.588	0.993	0.550	0.253	0.636	0.659	0.435	1.233	1.335	0.313	0.573	0.417	0.418	0.420	0.347	0.314	0.486	0.392	0.512	0.356	0.455	0.376	0.336	0.415	0.455	0.376	0.119	0.356	0.442	0.384	0.384	0.287	0.287	0.266	0.225	0.244	0.225	0.290	0.250	0.230	0.231	0.208	0.270	0.208	0.188	0.313	0.146	0.146	0.125	0.208	0.146	0.209	0.146	0.167	0.188	0.292	0.271	0.167	0.210	0.315	0.207	0.248	0.166	0.312	0.125	0.167	0.146	0.167	0.146	0.125	0.188	0.354	0.378	0.147	0.484	0.126	0.126	0.105	0.148	0.168	0.168	0.168	0.336	0.126	0.168	0.230	0.168	0.127	0.253	0.232	0.231	0.126	0.148	0.211	0.189	0.629	0.734	0.147	0.169	1.098	0.508	0.782	0.211	0.189	0.211	0.359	0.719	0.169	0.927	0.716	0.168	0.253	0.591	0.908	0.464																																																																																																																					
39A_ABLA		MRS4	2016	0.000	0.0000	0	0.000		85	RINGWIDTH	1	NotAFile	7/14/2017 09:47:54	                   		5145 1000 8 Grey	Intr 0.021158 0.021141 N	EPSON EPSON Flatbed Scanner EPSON Expression 10000XL 1.8 V3.45 3.45	0.0 [0]	1770.0000 276.0000 4886.0000 262.0000  1.0000	Tg A Int Y	50 %	N W Man	19 1.0000 Lin 1.00	0.0120 0.0148 0.0203 0.0240 0.0289 0.0365 0.0481 0.0575 0.0685 0.0869 0.1104 0.1358 0.1795 0.2183 0.2831 0.3664 0.4581 0.5495 0.7145 	16 19 23 27 29 34 40 44 50 59 68 77 92 105 122 144 164 186 219 	0.0120 0.0148 0.0203 0.0240 0.0289 0.0365 0.0481 0.0575 0.0685 0.0869 0.1104 0.1358 0.1795 0.2183 0.2831 0.3664 0.4581 0.5495 0.7145 	0.0000	0.0000	0.0000	0.0000	0.0000	0.0000	65.9329	0.502	0.291	0.335	0.357	0.358	0.379	0.505	0.504	0.588	0.567	0.506	0.612	0.420	0.442	0.358	0.547	0.697	0.527	0.800	0.881	0.800	0.652	0.547	0.652	0.800	0.779	0.780	0.930	0.761	0.845	0.951	1.119	0.823	0.759	0.971	0.803	0.675	0.717	0.844	0.655	0.761	0.926	0.795	0.729	0.813	0.771	0.854	0.777	0.672	0.818	0.771	0.979	0.854	0.726	0.809	0.892	1.042	0.917	0.771	0.979	0.923	0.797	0.758	0.926	0.907	0.846	0.782	1.142	1.111	1.014	1.013	0.906	0.744	0.694	0.927	0.717	0.844	0.693	0.732	0.793	0.896	0.711	0.779	0.821	0.800																																																																																							
39B_ABLA		MRS4	2016	0.000	0.0000	0	0.000		120	RINGWIDTH	1	NotAFile	7/14/2017 09:47:54	                   		5145 1000 8 Grey	Intr 0.021158 0.021141 N	EPSON EPSON Flatbed Scanner EPSON Expression 10000XL 1.8 V3.45 3.45	0.0 [0]	640.0000 880.0000 4890.0000 792.0000  1.0000	Tg A Int Y	50 %	N W Man	19 1.0000 Lin 1.00	0.0120 0.0148 0.0203 0.0240 0.0289 0.0365 0.0481 0.0575 0.0685 0.0869 0.1104 0.1358 0.1795 0.2183 0.2831 0.3664 0.4581 0.5495 0.7145 	16 19 23 27 29 34 40 44 50 59 68 77 92 105 122 144 164 186 219 	0.0120 0.0148 0.0203 0.0240 0.0289 0.0365 0.0481 0.0575 0.0685 0.0869 0.1104 0.1358 0.1795 0.2183 0.2831 0.3664 0.4581 0.5495 0.7145 	0.0000	0.0000	0.0000	0.0000	0.0000	0.0000	89.9394	0.465	0.484	0.607	0.708	0.783	0.719	0.867	0.697	0.740	0.698	0.635	0.781	0.929	0.718	0.867	0.741	0.970	0.981	1.167	1.142	0.930	0.823	0.635	0.279	0.328	0.387	0.380	0.402	0.444	0.486	0.571	0.360	0.592	0.481	0.429	0.381	0.360	0.339	0.317	0.254	0.338	0.381	0.423	0.490	0.482	0.381	0.550	0.360	0.359	0.337	0.526	0.590	0.485	0.653	0.695	0.589	0.486	0.359	0.486	0.568	0.589	0.568	0.653	0.452	0.687	0.612	0.739	0.507	0.508	0.635	0.634	0.487	0.527	0.720	0.468	0.613	0.698	0.677	0.698	0.783	0.783	0.889	0.931	0.972	0.928	0.930	1.141	1.078	0.993	1.056	1.120	1.439	1.269	1.161	1.159	1.177	1.198	0.945	1.156	1.180	1.119	1.119	1.393	1.180	1.203	1.268	1.184	1.013	0.992	1.093	0.817	0.981	0.922	0.930	0.931	1.013	0.781	1.032	0.967	0.845																																																																																																																										
88B_ABLA		MRS4	2016	0.000	0.0000	0	0.000		97	RINGWIDTH	1	NotAFile	7/14/2017 09:53:53	                   		5374 1029 8 Grey	Intr 0.021158 0.021141 N	EPSON EPSON Flatbed Scanner EPSON Expression 10000XL 1.8 V3.45 3.45	0.0 [0]	1104.0000 740.0000 4784.0000 744.0000  1.0000	Tg A Int Y	50 %	N W Man	19 1.0000 Lin 1.00	0.0120 0.0148 0.0203 0.0240 0.0289 0.0365 0.0481 0.0575 0.0685 0.0869 0.1104 0.1358 0.1795 0.2183 0.2831 0.3664 0.4581 0.5495 0.7145 	16 19 23 27 29 34 40 44 50 59 68 77 92 105 122 144 164 186 219 	0.0120 0.0148 0.0203 0.0240 0.0289 0.0365 0.0481 0.0575 0.0685 0.0869 0.1104 0.1358 0.1795 0.2183 0.2831 0.3664 0.4581 0.5495 0.7145 	0.0000	0.0000	0.0000	0.0000	0.0000	0.0000	77.8603	0.452	0.634	0.672	0.595	0.480	0.552	0.696	0.821	0.961	1.025	1.271	0.881	1.082	0.934	0.907	0.861	0.756	0.593	0.654	0.650	0.731	0.530	0.675	0.892	0.787	0.728	0.731	0.535	0.471	0.571	0.678	0.684	0.541	0.589	0.678	0.720	0.723	0.725	0.685	0.789	0.814	0.779	0.737	0.674	0.530	0.376	0.546	0.863	0.800	0.841	0.819	0.735	0.568	0.674	0.727	0.592	0.676	0.824	0.844	0.718	0.740	0.761	0.719	0.824	0.655	0.717	0.570	0.697	0.781	0.633	0.760	0.928	1.099	0.907	0.803	0.930	0.972	0.866	0.949	1.057	0.909	1.079	0.930	5.542	0.526	0.632	0.484	0.546	0.544	0.544	0.542	0.706	0.498	0.723	0.575	0.534	0.902																																																																																																			
88B_ABLA		MRS4	2016	0.000	0.0000	0	0.000		100	RINGWIDTH	1	NotAFile	7/14/2017 09:58:12	                   		5460 943 8 Grey	Intr 0.021158 0.021141 N	EPSON EPSON Flatbed Scanner EPSON Expression 10000XL 1.8 V3.45 3.45	0.0 [0]	1348.0000 802.0000 5022.0000 668.0000  1.0000	Tg A Int Y	50 %	N W Man	19 1.0000 Lin 1.00	0.0120 0.0148 0.0203 0.0240 0.0289 0.0365 0.0481 0.0575 0.0685 0.0869 0.1104 0.1358 0.1795 0.2183 0.2831 0.3664 0.4581 0.5495 0.7145 	16 19 23 27 29 34 40 44 50 59 68 77 92 105 122 144 164 186 219 	0.0120 0.0148 0.0203 0.0240 0.0289 0.0365 0.0481 0.0575 0.0685 0.0869 0.1104 0.1358 0.1795 0.2183 0.2831 0.3664 0.4581 0.5495 0.7145 	0.0000	0.0000	0.0000	0.0000	0.0000	0.0000	77.7849	0.289	0.599	0.683	0.579	0.488	0.598	0.699	0.873	0.986	0.956	1.255	0.934	1.030	0.961	0.905	0.925	0.744	0.612	0.647	0.651	0.753	0.627	0.669	0.860	0.805	0.751	0.701	0.525	0.483	0.594	0.663	0.724	0.524	0.593	0.662	0.731	0.738	0.715	0.673	0.774	0.808	0.864	0.760	0.654	0.675	0.758	0.862	0.757	0.862	0.843	0.738	0.590	0.676	0.740	0.592	0.697	0.823	0.822	0.719	0.761	0.740	0.719	0.803	0.677	0.718	0.570	0.697	0.781	0.655	0.739	0.929	1.078	0.888	0.803	0.951	0.971	0.866	0.971	1.056	0.908	1.077	0.929	1.309	1.098	0.951	0.888	0.719	0.591	0.506	0.631	0.463	0.547	0.547	0.566	0.503	0.690	0.502	0.705	0.580	0.606																																																																																																						
73A_ABLA		MRS4	2016	0.000	0.0000	0	0.000		71	RINGWIDTH	1	NotAFile	7/28/2017 11:30:38	                   		3659 1057 8 Grey	Intr 0.021158 0.021141 N	EPSON EPSON Flatbed Scanner EPSON Expression 10000XL 1.8 V3.45 3.45	0.0 [0]	650.0000 342.0000 3156.0000 282.0000  1.0000	Tg A Int Y	50 %	N W Man	19 1.0000 Lin 1.00	0.0120 0.0148 0.0203 0.0240 0.0289 0.0365 0.0481 0.0575 0.0685 0.0869 0.1104 0.1358 0.1795 0.2183 0.2831 0.3664 0.4581 0.5495 0.7145 	16 19 23 27 29 34 40 44 50 59 68 77 92 105 122 144 164 186 219 	0.0120 0.0148 0.0203 0.0240 0.0289 0.0365 0.0481 0.0575 0.0685 0.0869 0.1104 0.1358 0.1795 0.2183 0.2831 0.3664 0.4581 0.5495 0.7145 	0.0000	0.0000	0.0000	0.0000	0.0000	0.0000	53.0503	0.745	0.569	0.512	0.546	0.546	0.630	0.504	0.567	0.566	0.544	0.674	0.667	0.937	0.865	0.863	0.863	1.005	0.876	0.796	0.893	0.789	0.560	0.672	0.522	0.460	0.524	0.691	0.757	0.882	0.735	0.714	0.691	0.588	0.550	0.643	0.644	0.855	0.805	0.750	0.857	0.931	1.142	1.070	0.878	0.761	0.741	0.795	0.866	0.994	0.710	0.963	0.930	1.185	1.046	0.933	0.845	0.646	0.589	0.453	0.614	0.843	0.563	0.546	0.502	0.445	0.349	0.455	0.687	0.667	0.627	0.613																																																																									
73B_ABLA		MRS4	2016	0.000	0.0000	0	0.000		86	RINGWIDTH	1	NotAFile	7/28/2017 11:30:38	                   		3659 1057 8 Grey	Intr 0.021158 0.021141 N	EPSON EPSON Flatbed Scanner EPSON Expression 10000XL 1.8 V3.45 3.45	0.0 [0]	130.0000 776.0000 3190.0000 714.0000  1.0000	Tg A Int Y	50 %	N W Man	19 1.0000 Lin 1.00	0.0120 0.0148 0.0203 0.0240 0.0289 0.0365 0.0481 0.0575 0.0685 0.0869 0.1104 0.1358 0.1795 0.2183 0.2831 0.3664 0.4581 0.5495 0.7145 	16 19 23 27 29 34 40 44 50 59 68 77 92 105 122 144 164 186 219 	0.0120 0.0148 0.0203 0.0240 0.0289 0.0365 0.0481 0.0575 0.0685 0.0869 0.1104 0.1358 0.1795 0.2183 0.2831 0.3664 0.4581 0.5495 0.7145 	0.0000	0.0000	0.0000	0.0000	0.0000	0.0000	64.7558	0.540	0.586	0.606	0.481	0.398	0.461	0.483	0.504	0.756	0.649	0.546	0.546	0.525	0.475	0.493	0.715	0.608	0.525	0.590	0.675	0.845	0.627	0.683	0.634	0.698	0.824	0.741	0.846	0.740	0.765	0.740	0.928	0.910	0.889	0.909	0.930	0.572	0.716	0.844	0.653	0.716	0.631	0.733	0.861	0.845	0.868	0.911	0.927	0.714	0.641	0.973	0.774	0.729	0.613	0.857	0.613	0.687	0.708	0.857	0.920	0.921	1.162	0.841	0.782	0.697	0.793	0.795	0.782	0.751	0.856	0.783	0.980	0.992	0.887	0.772	0.677	0.761	0.719	0.771	1.097	0.991	0.864	1.111	0.840	0.756	0.233																																																																																								
463A_ABLA		MRS4	2015	0.000	0.0000	0	0.000		102	RINGWIDTH	1	NotAFile	7/28/2017 11:44:12	                   		5002 1000 8 Grey	Intr 0.021158 0.021141 N	EPSON EPSON Flatbed Scanner EPSON Expression 10000XL 1.8 V3.45 3.45	0.0 [0]	1302.0000 358.0000 4754.0000 238.0000  1.0000	Tg A Int Y	50 %	N W Man	19 1.0000 Lin 1.00	0.0120 0.0148 0.0203 0.0240 0.0289 0.0365 0.0481 0.0575 0.0685 0.0869 0.1104 0.1358 0.1795 0.2183 0.2831 0.3664 0.4581 0.5495 0.7145 	16 19 23 27 29 34 40 44 50 59 68 77 92 105 122 144 164 186 219 	0.0120 0.0148 0.0203 0.0240 0.0289 0.0365 0.0481 0.0575 0.0685 0.0869 0.1104 0.1358 0.1795 0.2183 0.2831 0.3664 0.4581 0.5495 0.7145 	0.0000	0.0000	0.0000	0.0000	0.0000	0.0000	73.4888	0.404	0.688	0.469	0.417	0.472	0.395	0.485	0.616	0.474	0.539	0.469	0.388	0.469	0.430	0.505	0.525	0.629	0.643	0.491	0.795	0.854	0.677	0.462	0.497	0.556	0.717	0.739	0.706	0.717	0.547	0.462	0.408	0.621	0.673	0.446	0.602	0.592	0.776	0.727	0.716	0.644	0.649	0.569	0.548	0.632	0.570	0.570	0.592	0.718	0.571	0.677	0.910	1.037	0.719	0.656	0.804	0.718	0.782	0.952	0.825	0.718	0.761	0.696	0.824	0.824	0.697	0.570	0.571	0.740	0.804	0.719	0.677	0.783	0.867	0.888	0.802	0.908	0.844	0.761	0.865	0.675	0.654	0.887	0.824	0.823	0.802	0.760	0.635	0.550	0.487	0.487	0.634	0.444	0.507	0.422	0.592	0.508	0.444	0.381	0.338	0.402	0.466																																																																																																								
463B_ABLA		MRS4	2015	0.000	0.0000	0	0.000		155	RINGWIDTH	1	NotAFile	7/28/2017 11:44:12	                   		5002 1000 8 Grey	Intr 0.021158 0.021141 N	EPSON EPSON Flatbed Scanner EPSON Expression 10000XL 1.8 V3.45 3.45	0.0 [0]	2026.0000 864.0000 4736.0000 722.0000  1.0000	Tg A Int Y	50 %	N W Man	19 1.0000 Lin 1.00	0.0120 0.0148 0.0203 0.0240 0.0289 0.0365 0.0481 0.0575 0.0685 0.0869 0.1104 0.1358 0.1795 0.2183 0.2831 0.3664 0.4581 0.5495 0.7145 	16 19 23 27 29 34 40 44 50 59 68 77 92 105 122 144 164 186 219 	0.0120 0.0148 0.0203 0.0240 0.0289 0.0365 0.0481 0.0575 0.0685 0.0869 0.1104 0.1358 0.1795 0.2183 0.2831 0.3664 0.4581 0.5495 0.7145 	0.0000	0.0000	0.0000	0.0000	0.0000	0.0000	57.7791	0.514	0.389	0.292	0.157	0.223	0.111	0.079	0.065	0.080	0.096	0.127	0.266	0.102	0.131	0.169	0.137	0.061	0.041	0.120	0.354	0.192	0.189	0.264	0.243	0.184	0.204	0.204	0.128	0.102	0.083	0.137	0.142	0.143	0.204	0.226	0.164	0.205	0.288	0.227	0.228	0.206	0.249	0.249	0.333	0.323	0.223	0.264	0.286	0.287	0.308	0.392	0.393	0.373	0.311	0.323	0.347	0.348	0.271	0.394	0.394	0.542	0.460	0.440	0.357	0.337	0.401	0.358	0.310	0.409	0.506	0.442	0.337	0.317	0.316	0.368	0.281	0.260	0.253	0.317	0.360	0.446	0.478	0.403	0.338	0.345	0.571	0.634	0.423	0.531	0.612	0.794	0.622	0.592	0.574	0.610	0.549	0.529	0.592	0.507	0.443	0.527	0.590	0.550	0.571	0.571	0.698	0.529	0.508	0.399	0.383	0.443	0.495	0.562	0.545	0.482	0.467	0.552	0.563	0.462	0.337	0.402	0.549	0.486	0.421	0.421	0.464	0.527	0.532	0.480	0.528	0.529	0.444	0.555	0.439	0.465	0.529	0.571	0.614	0.510	0.590	0.459	0.388	0.296	0.274	0.358	0.253	0.335	0.335	0.356	0.356	0.398	0.356	0.293	0.272	0.277																																																																																																																																																													
236A_ABLA		MRS4	2016	0.000	0.0000	0	0.000		240	RINGWIDTH	1	NotAFile	7/28/2017 11:56:59	                   		4573 1029 8 Grey	Intr 0.021158 0.021141 N	EPSON EPSON Flatbed Scanner EPSON Expression 10000XL 1.8 V3.45 3.45	0.0 [0]	388.0000 326.0000 4394.0000 258.0000  1.0000	Tg A Int Y	50 %	N W Man	19 1.0000 Lin 1.00	0.0120 0.0148 0.0203 0.0240 0.0289 0.0365 0.0481 0.0575 0.0685 0.0869 0.1104 0.1358 0.1795 0.2183 0.2831 0.3664 0.4581 0.5495 0.7145 	16 19 23 27 29 34 40 44 50 59 68 77 92 105 122 144 164 186 219 	0.0120 0.0148 0.0203 0.0240 0.0289 0.0365 0.0481 0.0575 0.0685 0.0869 0.1104 0.1358 0.1795 0.2183 0.2831 0.3664 0.4581 0.5495 0.7145 	0.0000	0.0000	0.0000	0.0000	0.0000	0.0000	84.7699	0.714	0.240	0.425	0.676	0.386	0.406	0.711	0.628	0.647	0.656	0.526	0.470	0.588	0.421	0.529	0.537	0.709	0.769	0.671	0.551	0.382	0.693	1.018	0.775	0.548	0.440	0.355	0.254	0.179	0.295	0.314	0.136	0.294	0.229	0.138	0.193	0.246	0.208	0.208	0.210	0.272	0.229	0.247	0.185	0.226	0.225	0.306	0.350	0.328	0.252	0.178	0.247	0.270	0.281	0.273	0.351	0.340	0.267	0.229	0.368	0.385	0.333	0.284	0.312	0.382	0.291	0.373	0.332	0.250	0.314	0.315	0.250	0.230	0.213	0.219	0.292	0.283	0.334	0.336	0.377	0.336	0.379	0.357	0.400	0.316	0.336	0.316	0.335	0.265	0.427	0.376	0.313	0.313	0.236	0.373	0.251	0.335	0.354	0.394	0.395	0.396	0.396	0.333	0.292	0.376	0.250	0.250	0.250	0.252	0.282	0.316	0.270	0.290	0.187	0.250	0.313	0.335	0.376	0.380	0.431	0.458	0.495	0.431	0.572	0.592	0.549	0.528	0.426	0.370	0.261	0.454	0.362	0.445	0.466	0.284	0.283	0.345	0.366	0.306	0.454	0.475	0.473	0.431	0.373	0.415	0.353	0.374	0.410	0.357	0.351	0.392	0.473	0.536	0.514	0.472	0.431	0.411	0.267	0.267	0.287	0.286	0.326	0.348	0.328	0.266	0.306	0.268	0.226	0.267	0.246	0.287	0.285	0.351	0.308	0.413	0.350	0.289	0.289	0.306	0.327	0.267	0.247	0.268	0.271	0.228	0.248	0.261	0.282	0.312	0.314	0.230	0.228	0.252	0.229	0.271	0.313	0.293	0.230	0.273	0.209	0.251	0.314	0.344	0.346	0.293	0.251	0.271	0.211	0.252	0.315	0.262	0.389	0.316	0.438	0.335	0.273	0.316	0.295	0.273	0.251	0.167	0.251	0.272	0.251	0.187	0.208	0.218	0.187	0.218	0.311	0.351	0.334	0.353	0.333	0.457	0.373	0.371	0.431	0.319	0.229																																																																																																																																																																																																																																																		
236B_ABLA		MRS4	2016	0.000	0.0000	0	0.000		218	RINGWIDTH	1	NotAFile	7/28/2017 11:56:59	                   		4573 1029 8 Grey	Intr 0.021158 0.021141 N	EPSON EPSON Flatbed Scanner EPSON Expression 10000XL 1.8 V3.45 3.45	0.0 [0]	904.0000 722.0000 4212.0000 700.0000  1.0000	Tg A Int Y	50 %	N W Man	19 1.0000 Lin 1.00	0.0120 0.0148 0.0203 0.0240 0.0289 0.0365 0.0481 0.0575 0.0685 0.0869 0.1104 0.1358 0.1795 0.2183 0.2831 0.3664 0.4581 0.5495 0.7145 	16 19 23 27 29 34 40 44 50 59 68 77 92 105 122 144 164 186 219 	0.0120 0.0148 0.0203 0.0240 0.0289 0.0365 0.0481 0.0575 0.0685 0.0869 0.1104 0.1358 0.1795 0.2183 0.2831 0.3664 0.4581 0.5495 0.7145 	0.0000	0.0000	0.0000	0.0000	0.0000	0.0000	69.9912	11.560	0.635	0.433	0.670	0.592	0.332	0.310	0.168	0.295	0.210	0.126	0.105	0.119	0.121	0.141	0.169	0.190	0.169	0.134	0.226	0.260	0.267	0.176	0.232	0.182	0.211	0.210	0.252	0.197	0.161	0.252	0.253	0.294	0.274	0.294	0.336	0.230	0.270	0.229	0.353	0.331	0.261	0.275	0.329	0.288	0.373	0.332	0.229	0.270	0.290	0.207	0.244	0.205	0.184	0.225	0.261	0.275	0.350	0.391	0.329	0.350	0.371	0.391	0.309	0.350	0.329	0.333	0.291	0.374	0.333	0.248	0.269	0.186	0.228	0.228	0.290	0.331	0.373	0.371	0.350	0.288	0.288	0.269	0.310	0.228	0.208	0.229	0.228	0.228	0.208	0.270	0.291	0.229	0.270	0.313	0.224	0.335	0.251	0.279	0.334	0.320	0.328	0.291	0.348	0.249	0.297	0.229	0.270	0.181	0.359	0.340	0.313	0.445	0.320	0.312	0.291	0.278	0.326	0.376	0.355	0.374	0.331	0.248	0.298	0.263	0.272	0.293	0.252	0.252	0.268	0.342	0.378	0.462	0.357	0.315	0.294	0.210	0.168	0.210	0.231	0.210	0.252	0.210	0.210	0.231	0.190	0.211	0.169	0.211	0.190	0.211	0.233	0.273	0.253	0.253	0.232	0.232	0.260	0.267	0.251	0.147	0.168	0.253	0.211	0.274	0.232	0.316	0.296	0.253	0.338	0.232	0.253	0.296	0.274	0.233	0.233	0.275	0.190	0.211	0.254	0.275	0.253	0.190	0.190	0.232	0.211	0.275	0.380	0.275	0.296	0.232	0.317	0.190	0.169	0.190	0.210	0.190	0.190	0.126	0.211	0.211	0.232	0.148	0.126	0.159	0.114	0.147	0.169	0.211	0.190	0.190	0.169	0.232	0.190	0.232	0.232	0.224	0.137																																																																																																																																																																																																																												
86A_ABLA		MRS4	2015	0.000	0.0000	0	0.000		210	RINGWIDTH	1	NotAFile	7/28/2017 12:20:38	                   		3430 1000 8 Grey	Intr 0.021158 0.021141 N	EPSON EPSON Flatbed Scanner EPSON Expression 10000XL 1.8 V3.45 3.45	0.0 [0]	61.0000 290.0000 2832.0000 267.0000  1.0000	Tg A Int Y	50 %	N W Man	19 1.0000 Lin 1.00	0.0120 0.0148 0.0203 0.0240 0.0289 0.0365 0.0481 0.0575 0.0685 0.0869 0.1104 0.1358 0.1795 0.2183 0.2831 0.3664 0.4581 0.5495 0.7145 	16 19 23 27 29 34 40 44 50 59 68 77 92 105 122 144 164 186 219 	0.0120 0.0148 0.0203 0.0240 0.0289 0.0365 0.0481 0.0575 0.0685 0.0869 0.1104 0.1358 0.1795 0.2183 0.2831 0.3664 0.4581 0.5495 0.7145 	0.0000	0.0000	0.0000	0.0000	0.0000	0.0000	58.6299	0.547	0.311	0.568	0.484	0.608	0.376	0.228	0.366	0.471	0.532	0.614	0.515	0.443	0.361	0.297	0.338	0.266	0.369	0.287	0.307	0.410	0.389	0.388	0.427	0.469	0.430	0.433	0.509	0.526	0.389	0.287	0.348	0.412	0.352	0.307	0.265	0.305	0.287	0.255	0.293	0.204	0.266	0.266	0.305	0.287	0.203	0.143	0.164	0.165	0.196	0.217	0.166	0.187	0.184	0.205	0.205	0.164	0.185	0.165	0.183	0.164	0.122	0.163	0.113	0.235	0.228	0.227	0.166	0.186	0.207	0.227	0.207	0.248	0.186	0.187	0.229	0.309	0.205	0.184	0.208	0.227	0.227	0.206	0.288	0.268	0.244	0.265	0.305	0.204	0.285	0.324	0.283	0.244	0.285	0.244	0.224	0.245	0.183	0.265	0.285	0.266	0.164	0.264	0.265	0.285	0.206	0.268	0.305	0.434	0.310	0.248	0.290	0.270	0.209	0.210	0.208	0.270	0.229	0.251	0.334	0.292	0.355	0.313	0.376	0.335	0.273	0.231	0.252	0.294	0.189	0.229	0.228	0.228	0.248	0.228	0.208	0.208	0.228	0.206	0.288	0.206	0.249	0.188	0.207	0.311	0.331	0.248	0.268	0.248	0.269	0.310	0.268	0.247	0.185	0.227	0.205	0.223	0.205	0.184	0.227	0.147	0.268	0.125	0.208	0.187	0.209	0.271	0.271	0.219	0.280	0.272	0.272	0.230	0.230	0.209	0.167	0.230	0.251	0.188	0.209	0.355	0.334	0.273	0.294	0.335	0.314	0.273	0.252	0.210	0.210	0.252	0.231	0.251	0.272	0.293	0.293	0.293	0.201	0.229	0.243	0.179	0.252	0.262	0.314	0.315	0.294	0.232	0.274	0.253	0.286																																																																																																																																																																																																																				
86B_ABLA		MRS4	2015	0.000	0.0000	0	0.000		204	RINGWIDTH	1	NotAFile	7/28/2017 12:20:38	                   		3430 1000 8 Grey	Intr 0.021158 0.021141 N	EPSON EPSON Flatbed Scanner EPSON Expression 10000XL 1.8 V3.45 3.45	0.0 [0]	558.0000 693.0000 2845.0000 750.0000  1.0000	Tg A Int Y	50 %	N W Man	19 1.0000 Lin 1.00	0.0120 0.0148 0.0203 0.0240 0.0289 0.0365 0.0481 0.0575 0.0685 0.0869 0.1104 0.1358 0.1795 0.2183 0.2831 0.3664 0.4581 0.5495 0.7145 	16 19 23 27 29 34 40 44 50 59 68 77 92 105 122 144 164 186 219 	0.0120 0.0148 0.0203 0.0240 0.0289 0.0365 0.0481 0.0575 0.0685 0.0869 0.1104 0.1358 0.1795 0.2183 0.2831 0.3664 0.4581 0.5495 0.7145 	0.0000	0.0000	0.0000	0.0000	0.0000	0.0000	48.4026	0.602	0.715	0.489	0.327	0.512	0.697	0.667	0.718	0.596	0.546	0.434	0.436	0.436	0.337	0.417	0.337	0.338	0.437	0.477	0.539	0.480	0.380	0.360	0.341	0.402	0.424	0.323	0.242	0.324	0.427	0.348	0.306	0.246	0.391	0.393	0.435	0.374	0.270	0.312	0.312	0.377	0.421	0.316	0.232	0.211	0.296	0.317	0.253	0.253	0.253	0.317	0.338	0.295	0.338	0.253	0.274	0.317	0.253	0.378	0.263	0.284	0.154	0.283	0.212	0.272	0.214	0.243	0.280	0.250	0.239	0.330	0.319	0.290	0.258	0.348	0.282	0.198	0.199	0.180	0.299	0.200	0.160	0.179	0.179	0.159	0.159	0.200	0.160	0.180	0.160	0.139	0.157	0.161	0.139	0.180	0.181	0.182	0.142	0.183	0.122	0.102	0.162	0.123	0.164	0.185	0.247	0.185	0.144	0.164	0.144	0.124	0.103	0.103	0.145	0.145	0.125	0.145	0.145	0.145	0.125	0.145	0.145	0.104	0.083	0.125	0.167	0.105	0.125	0.104	0.083	0.138	0.085	0.124	0.091	0.111	0.084	0.091	0.104	0.112	0.132	0.098	0.149	0.086	0.064	0.062	0.100	0.089	0.083	0.110	0.109	0.063	0.089	0.089	0.111	0.083	0.067	0.084	0.111	0.103	0.123	0.123	0.123	0.143	0.123	0.123	0.143	0.144	0.123	0.185	0.164	0.185	0.226	0.164	0.185	0.206	0.247	0.227	0.186	0.207	0.207	0.166	0.229	0.188	0.126	0.146	0.146	0.188	0.188	0.188	0.145	0.186	0.145	0.084	0.145	0.104	0.165	0.144	0.164	0.144	0.194	0.135	0.169	0.201	0.183																																																																																																																																																																																																														
87A_ABLA		MRS4	2015	0.000	0.0000	0	0.000		189	RINGWIDTH	1	NotAFile	7/28/2017 12:34:25	                   		4030 1115 8 Grey	Intr 0.021158 0.021141 N	EPSON EPSON Flatbed Scanner EPSON Expression 10000XL 1.8 V3.45 3.45	0.0 [0]	92.0000 266.0000 3648.0000 282.0000  1.0000	Tg A Int Y	50 %	N W Man	19 1.0000 Lin 1.00	0.0120 0.0148 0.0203 0.0240 0.0289 0.0365 0.0481 0.0575 0.0685 0.0869 0.1104 0.1358 0.1795 0.2183 0.2831 0.3664 0.4581 0.5495 0.7145 	16 19 23 27 29 34 40 44 50 59 68 77 92 105 122 144 164 186 219 	0.0120 0.0148 0.0203 0.0240 0.0289 0.0365 0.0481 0.0575 0.0685 0.0869 0.1104 0.1358 0.1795 0.2183 0.2831 0.3664 0.4581 0.5495 0.7145 	0.0000	0.0000	0.0000	0.0000	0.0000	0.0000	75.2375	1.083	0.453	0.311	0.393	0.448	0.470	0.392	0.304	0.419	0.500	0.440	0.305	0.305	0.423	0.372	0.395	0.378	0.199	0.318	0.400	0.381	0.421	0.321	0.221	0.201	0.343	0.283	0.261	0.241	0.262	0.364	0.321	0.329	0.291	0.318	0.224	0.301	0.274	0.274	0.276	0.276	0.218	0.299	0.358	0.218	0.296	0.237	0.197	0.336	0.336	0.276	0.197	0.259	0.318	0.200	0.261	0.279	0.333	0.330	0.309	0.385	0.305	0.264	0.302	0.327	0.255	0.272	0.289	0.324	0.264	0.311	0.314	0.331	0.284	0.264	0.326	0.362	0.366	0.256	0.348	0.311	0.330	0.348	0.351	0.411	0.539	0.446	0.404	0.472	0.488	0.346	0.397	0.416	0.555	0.438	0.493	0.557	0.448	0.459	0.370	0.439	0.435	0.362	0.380	0.364	0.476	0.366	0.388	0.430	0.326	0.311	0.369	0.385	0.346	0.404	0.434	0.340	0.334	0.356	0.401	0.281	0.307	0.419	0.411	0.327	0.327	0.368	0.407	0.529	0.569	0.597	0.421	0.404	0.378	0.423	0.486	0.402	0.402	0.465	0.317	0.381	0.317	0.317	0.381	0.380	0.317	0.274	0.253	0.338	0.402	0.381	0.338	0.487	0.381	0.571	0.613	0.550	0.634	0.550	0.571	0.456	0.454	0.477	0.529	0.453	0.486	0.571	0.380	0.464	0.401	0.464	0.443	0.401	0.338	0.422	0.285	0.304	0.463	0.253	0.338	0.287	0.507	0.370	0.401	0.295	0.359	0.296	0.328	0.581																																																																																																																																																																																															
87B_ABLA		MRS4	2015	0.000	0.0000	0	0.000		199	RINGWIDTH	1	NotAFile	7/28/2017 12:34:25	                   		4030 1115 8 Grey	Intr 0.021158 0.021141 N	EPSON EPSON Flatbed Scanner EPSON Expression 10000XL 1.8 V3.45 3.45	0.0 [0]	454.0000 748.0000 3576.0000 738.0000  1.0000	Tg A Int Y	50 %	N W Man	19 1.0000 Lin 1.00	0.0120 0.0148 0.0203 0.0240 0.0289 0.0365 0.0481 0.0575 0.0685 0.0869 0.1104 0.1358 0.1795 0.2183 0.2831 0.3664 0.4581 0.5495 0.7145 	16 19 23 27 29 34 40 44 50 59 68 77 92 105 122 144 164 186 219 	0.0120 0.0148 0.0203 0.0240 0.0289 0.0365 0.0481 0.0575 0.0685 0.0869 0.1104 0.1358 0.1795 0.2183 0.2831 0.3664 0.4581 0.5495 0.7145 	0.0000	0.0000	0.0000	0.0000	0.0000	0.0000	66.0546	0.909	0.328	0.295	0.265	0.359	0.275	0.232	0.253	0.359	0.401	0.380	0.423	0.444	0.338	0.316	0.422	0.465	0.338	0.338	0.465	0.592	0.550	0.423	0.444	0.486	0.422	0.528	0.465	0.275	0.317	0.359	0.348	0.401	0.304	0.189	0.220	0.232	0.263	0.232	0.295	0.317	0.285	0.349	0.317	0.275	0.275	0.275	0.295	0.253	0.232	0.253	0.190	0.179	0.275	0.370	0.211	0.348	0.326	0.275	0.253	0.317	0.232	0.232	0.211	0.307	0.190	0.190	0.243	0.254	0.232	0.253	0.253	0.190	0.169	0.232	0.211	0.148	0.211	0.232	0.254	0.233	0.233	0.254	0.275	0.275	0.190	0.275	0.317	0.339	0.212	0.423	0.339	0.338	0.296	0.296	0.317	0.465	0.339	0.296	0.402	0.360	0.317	0.275	0.275	0.296	0.307	0.349	0.423	0.358	0.357	0.337	0.441	0.378	0.315	0.294	0.273	0.357	0.294	0.357	0.357	0.292	0.334	0.355	0.344	0.261	0.282	0.364	0.291	0.250	0.417	0.503	0.356	0.480	0.565	0.564	0.459	0.356	0.355	0.313	0.438	0.417	0.417	0.323	0.326	0.315	0.442	0.358	0.358	0.380	0.465	0.317	0.338	0.338	0.296	0.338	0.317	0.275	0.254	0.317	0.338	0.444	0.359	0.338	0.253	0.254	0.275	0.359	0.402	0.423	0.444	0.486	0.402	0.317	0.381	0.402	0.402	0.423	0.360	0.275	0.360	0.338	0.360	0.381	0.402	0.317	0.359	0.254	0.211	0.296	0.233	0.254	0.275	0.296	0.317	0.275	0.254	0.317	0.296	0.296																																																																																																																																																																																																									
493A_ABLA		MRS4	2016	0.000	0.0000	0	0.000		89	RINGWIDTH	1	NotAFile	7/28/2017 12:48:12	                   		3116 972 8 Grey	Intr 0.021158 0.021141 N	EPSON EPSON Flatbed Scanner EPSON Expression 10000XL 1.8 V3.45 3.45	0.0 [0]	170.0000 258.0000 2577.0000 227.0000  1.0000	Tg A Int Y	50 %	N W Man	19 1.0000 Lin 1.00	0.0120 0.0148 0.0203 0.0240 0.0289 0.0365 0.0481 0.0575 0.0685 0.0869 0.1104 0.1358 0.1795 0.2183 0.2831 0.3664 0.4581 0.5495 0.7145 	16 19 23 27 29 34 40 44 50 59 68 77 92 105 122 144 164 186 219 	0.0120 0.0148 0.0203 0.0240 0.0289 0.0365 0.0481 0.0575 0.0685 0.0869 0.1104 0.1358 0.1795 0.2183 0.2831 0.3664 0.4581 0.5495 0.7145 	0.0000	0.0000	0.0000	0.0000	0.0000	0.0000	50.9308	0.538	0.662	0.569	0.506	0.485	0.518	0.453	0.477	0.465	0.528	0.486	0.620	0.599	0.482	0.575	0.563	0.501	0.395	0.476	0.596	0.512	0.606	0.846	1.041	0.780	0.675	0.589	0.608	0.663	0.600	0.641	0.620	0.704	0.706	0.730	0.598	0.679	0.696	0.569	0.527	0.548	0.569	0.547	0.548	0.590	0.590	0.570	0.635	0.592	0.655	0.698	0.677	0.592	0.507	0.613	0.634	0.486	0.507	0.634	0.655	0.613	0.613	0.613	0.591	0.505	0.548	0.592	0.465	0.528	0.508	0.550	0.550	0.592	0.550	0.524	0.407	0.359	0.465	0.402	0.486	0.457	0.412	0.524	0.512	0.409	0.450	0.384	0.403	0.166																																																																																											
493B_ABLA		MRS4	2016	0.000	0.0000	0	0.000		85	RINGWIDTH	1	NotAFile	7/28/2017 12:48:12	                   		3116 972 8 Grey	Intr 0.021158 0.021141 N	EPSON EPSON Flatbed Scanner EPSON Expression 10000XL 1.8 V3.45 3.45	0.0 [0]	512.0000 703.0000 2529.0000 726.0000  1.0000	Tg A Int Y	50 %	N W Man	19 1.0000 Lin 1.00	0.0120 0.0148 0.0203 0.0240 0.0289 0.0365 0.0481 0.0575 0.0685 0.0869 0.1104 0.1358 0.1795 0.2183 0.2831 0.3664 0.4581 0.5495 0.7145 	16 19 23 27 29 34 40 44 50 59 68 77 92 105 122 144 164 186 219 	0.0120 0.0148 0.0203 0.0240 0.0289 0.0365 0.0481 0.0575 0.0685 0.0869 0.1104 0.1358 0.1795 0.2183 0.2831 0.3664 0.4581 0.5495 0.7145 	0.0000	0.0000	0.0000	0.0000	0.0000	0.0000	42.6778	0.718	0.702	0.522	0.698	0.550	0.505	0.486	0.592	0.529	0.465	0.465	0.444	0.350	0.347	0.380	0.359	0.339	0.423	0.444	0.634	0.529	0.550	0.486	0.529	0.507	0.465	0.486	0.465	0.549	0.507	0.561	0.560	0.549	0.645	0.600	0.508	0.526	0.548	0.463	0.473	0.524	0.526	0.557	0.578	0.552	0.516	0.599	0.493	0.451	0.410	0.514	0.421	0.390	0.377	0.559	0.536	0.525	0.549	0.618	0.558	0.554	0.520	0.420	0.438	0.418	0.479	0.534	0.577	0.554	0.593	0.479	0.479	0.367	0.520	0.408	0.409	0.395	0.481	0.453	0.493	0.439	0.419	0.377	0.365	0.125																																																																																							
630A_ABLA		MRS4	2016	0.000	0.0000	0	0.000		171	RINGWIDTH	1	NotAFile	7/28/2017 13:02:55	                   		5631 972 8 Grey	Intr 0.021158 0.021141 N	EPSON EPSON Flatbed Scanner EPSON Expression 10000XL 1.8 V3.45 3.45	0.0 [0]	2458.0000 74.0000 5150.0000 160.0000  1.0000	Tg A Int Y	50 %	N W Man	19 1.0000 Lin 1.00	0.0120 0.0148 0.0203 0.0240 0.0289 0.0365 0.0481 0.0575 0.0685 0.0869 0.1104 0.1358 0.1795 0.2183 0.2831 0.3664 0.4581 0.5495 0.7145 	16 19 23 27 29 34 40 44 50 59 68 77 92 105 122 144 164 186 219 	0.0120 0.0148 0.0203 0.0240 0.0289 0.0365 0.0481 0.0575 0.0685 0.0869 0.1104 0.1358 0.1795 0.2183 0.2831 0.3664 0.4581 0.5495 0.7145 	0.0000	0.0000	0.0000	0.0000	0.0000	0.0000	57.3608	0.440	0.476	0.486	0.428	0.146	0.229	0.233	0.194	0.201	0.304	0.256	0.209	0.210	0.346	0.361	0.411	0.349	0.421	0.269	0.271	0.187	0.225	0.171	0.392	0.351	0.226	0.139	0.231	0.253	0.218	0.304	0.240	0.268	0.252	0.296	0.221	0.191	0.168	0.169	0.187	0.102	0.119	0.139	0.156	0.139	0.210	0.173	0.141	0.211	0.222	0.272	0.330	0.309	0.255	0.325	0.550	0.348	0.404	0.396	0.309	0.219	0.317	0.436	0.344	0.251	0.370	0.367	0.413	0.235	0.297	0.334	0.236	0.331	0.214	0.136	0.156	0.216	0.256	0.218	0.179	0.220	0.201	0.181	0.241	0.201	0.201	0.201	0.201	0.181	0.181	0.181	0.221	0.260	0.304	0.344	0.263	0.344	0.326	0.347	0.328	0.514	0.413	0.290	0.354	0.397	0.439	0.293	0.251	0.220	0.346	0.337	0.295	0.295	0.253	0.295	0.296	0.485	0.401	0.359	0.359	0.275	0.296	0.337	0.337	0.274	0.359	0.380	0.401	0.380	0.401	0.359	0.359	0.423	0.338	0.296	0.275	0.275	0.244	0.285	0.190	0.360	0.381	0.402	0.338	0.350	0.305	0.253	0.317	0.401	0.254	0.296	0.265	0.296	0.317	0.360	0.306	0.233	0.274	0.201	0.178	0.212	0.233	0.264	0.305	0.486	0.529	0.277	0.306	0.223	0.338	0.169																																																																																																																																																																													
630B_ABLA		MRS4	2016	0.000	0.0000	0	0.000		134	RINGWIDTH	1	NotAFile	7/28/2017 13:02:55	                   		5631 972 8 Grey	Intr 0.021158 0.021141 N	EPSON EPSON Flatbed Scanner EPSON Expression 10000XL 1.8 V3.45 3.45	0.0 [0]	2382.0000 674.0000 5178.0000 676.0000  1.0000	Tg A Int Y	50 %	N W Man	19 1.0000 Lin 1.00	0.0120 0.0148 0.0203 0.0240 0.0289 0.0365 0.0481 0.0575 0.0685 0.0869 0.1104 0.1358 0.1795 0.2183 0.2831 0.3664 0.4581 0.5495 0.7145 	16 19 23 27 29 34 40 44 50 59 68 77 92 105 122 144 164 186 219 	0.0120 0.0148 0.0203 0.0240 0.0289 0.0365 0.0481 0.0575 0.0685 0.0869 0.1104 0.1358 0.1795 0.2183 0.2831 0.3664 0.4581 0.5495 0.7145 	0.0000	0.0000	0.0000	0.0000	0.0000	0.0000	59.1569	0.769	0.470	0.400	0.328	0.427	0.447	0.531	0.494	0.492	0.343	0.620	0.398	0.542	0.419	0.522	0.445	0.379	0.430	0.466	0.503	0.627	0.507	0.449	0.380	0.434	0.664	0.542	0.465	0.411	0.449	0.434	0.271	0.298	0.298	0.280	0.280	0.235	0.196	0.205	0.418	0.422	0.528	0.499	0.426	0.411	0.473	0.451	0.460	0.368	0.388	0.408	0.349	0.452	0.393	0.415	0.334	0.378	0.400	0.315	0.336	0.293	0.251	0.209	0.262	0.251	0.199	0.282	0.260	0.331	0.227	0.249	0.270	0.292	0.313	0.312	0.332	0.312	0.355	0.356	0.335	0.376	0.378	0.463	0.421	0.379	0.462	0.441	0.337	0.442	0.504	0.484	0.463	0.484	0.422	0.444	0.423	0.402	0.402	0.317	0.338	0.338	0.275	0.317	0.402	0.380	0.486	0.378	0.452	0.336	0.263	0.432	0.370	0.338	0.348	0.306	0.359	0.337	0.295	0.442	0.358	0.400	0.221	0.284	0.231	0.316	0.317	0.317	0.359	0.359	0.274	0.317	0.274	0.231	0.106																																																																																																																																								
629A_ABLA		MRS4	2016	0.000	0.0000	0	0.000		195	RINGWIDTH	1	NotAFile	7/13/2017 14:27:20	                   		4145 1057 8 Grey	Intr 0.021158 0.021141 N	EPSON EPSON Flatbed Scanner EPSON Expression 10000XL 1.8 V3.45 3.45	0.0 [0]	500.0000 357.0000 3718.0000 309.0000  1.0000	Tg A Int Y	50 %	N W Man	19 1.0000 Lin 1.00	0.0120 0.0148 0.0203 0.0240 0.0289 0.0365 0.0481 0.0575 0.0685 0.0869 0.1104 0.1358 0.1795 0.2183 0.2831 0.3664 0.4581 0.5495 0.7145 	16 19 23 27 29 34 40 44 50 59 68 77 92 105 122 144 164 186 219 	0.0120 0.0148 0.0203 0.0240 0.0289 0.0365 0.0481 0.0575 0.0685 0.0869 0.1104 0.1358 0.1795 0.2183 0.2831 0.3664 0.4581 0.5495 0.7145 	0.0000	0.0000	0.0000	0.0000	0.0000	0.0000	68.0930	0.371	0.941	0.873	0.572	0.700	0.711	0.524	0.488	0.492	0.412	0.327	0.326	0.273	0.303	0.219	0.314	0.239	0.324	0.309	0.433	0.312	0.292	0.250	0.199	0.315	0.367	0.416	0.292	0.206	0.189	0.297	0.294	0.212	0.349	0.412	0.316	0.317	0.296	0.296	0.317	0.339	0.285	0.242	0.161	0.127	0.211	0.211	0.198	0.149	0.337	0.359	0.275	0.275	0.275	0.254	0.320	0.306	0.286	0.275	0.264	0.285	0.191	0.243	0.233	0.244	0.223	0.169	0.201	0.212	0.200	0.198	0.190	0.148	0.212	0.237	0.230	0.212	0.230	0.190	0.169	0.233	0.275	0.317	0.296	0.277	0.202	0.296	0.327	0.335	0.288	0.316	0.393	0.419	0.352	0.387	0.464	0.485	0.479	0.407	0.374	0.359	0.392	0.403	0.486	0.382	0.546	0.529	0.508	0.448	0.403	0.413	0.486	0.401	0.366	0.381	0.317	0.254	0.275	0.275	0.275	0.254	0.296	0.233	0.233	0.169	0.190	0.212	0.148	0.212	0.233	0.296	0.169	0.233	0.254	0.360	0.353	0.317	0.366	0.317	0.338	0.338	0.443	0.381	0.447	0.481	0.443	0.337	0.316	0.337	0.253	0.316	0.379	0.379	0.337	0.428	0.373	0.464	0.485	0.381	0.359	0.296	0.380	0.359	0.338	0.359	0.359	0.443	0.465	0.422	0.484	0.443	0.337	0.443	0.399	0.378	0.400	0.356	0.480	0.466	0.420	0.419	0.335	0.356	0.293	0.354	0.312	0.297	0.337	0.332	0.347	0.368	0.319	0.396	0.286	0.324																																																																																																																																																																																																					
629B_ABLA		MRS4	2016	0.000	0.0000	0	0.000		184	RINGWIDTH	1	NotAFile	7/13/2017 14:27:20	                   		4145 1057 8 Grey	Intr 0.021158 0.021141 N	EPSON EPSON Flatbed Scanner EPSON Expression 10000XL 1.8 V3.45 3.45	0.0 [0]	232.0000 754.0000 3820.0000 812.0000  1.0000	Tg A Int Y	50 %	N W Man	19 1.0000 Lin 1.00	0.0120 0.0148 0.0203 0.0240 0.0289 0.0365 0.0481 0.0575 0.0685 0.0869 0.1104 0.1358 0.1795 0.2183 0.2831 0.3664 0.4581 0.5495 0.7145 	16 19 23 27 29 34 40 44 50 59 68 77 92 105 122 144 164 186 219 	0.0120 0.0148 0.0203 0.0240 0.0289 0.0365 0.0481 0.0575 0.0685 0.0869 0.1104 0.1358 0.1795 0.2183 0.2831 0.3664 0.4581 0.5495 0.7145 	0.0000	0.0000	0.0000	0.0000	0.0000	0.0000	75.9237	0.224	0.429	0.360	0.467	0.411	0.465	0.419	0.497	0.602	0.738	0.543	0.754	0.657	0.412	0.455	0.501	0.398	0.335	0.231	0.190	0.377	0.315	0.337	0.421	0.549	0.338	0.338	0.338	0.378	0.416	0.448	0.364	0.401	0.242	0.202	0.248	0.331	0.445	0.442	0.498	0.375	0.277	0.319	0.323	0.344	0.322	0.372	0.415	0.399	0.378	0.283	0.285	0.305	0.305	0.266	0.266	0.266	0.226	0.268	0.247	0.247	0.205	0.246	0.346	0.305	0.305	0.285	0.245	0.183	0.224	0.285	0.365	0.343	0.363	0.242	0.382	0.321	0.342	0.283	0.425	0.407	0.407	0.410	0.412	0.538	0.565	0.596	0.446	0.482	0.543	0.505	0.527	0.612	0.529	0.634	0.655	0.655	0.633	0.529	0.550	0.571	0.529	0.402	0.486	0.402	0.339	0.339	0.317	0.339	0.275	0.360	0.275	0.239	0.206	0.233	0.254	0.233	0.296	0.317	0.444	0.190	0.296	0.381	0.487	0.439	0.386	0.444	0.360	0.419	0.385	0.486	0.465	0.507	0.591	0.486	0.430	0.444	0.445	0.327	0.381	0.392	0.443	0.433	0.442	0.465	0.533	0.579	0.413	0.412	0.338	0.475	0.422	0.369	0.348	0.433	0.463	0.527	0.464	0.581	0.445	0.422	0.496	0.401	0.432	0.442	0.464	0.561	0.559	0.473	0.423	0.381	0.401	0.317	0.485	0.306	0.360	0.412	0.443	0.402	0.401	0.347	0.402	0.359	0.369																																																																																																																																																																																										
634A_ABLA		MRS4	2016	0.000	0.0000	0	0.000		115	RINGWIDTH	1	NotAFile	7/7/2017 09:36:57	                   		4173 943 8 Grey	Intr 0.021158 0.021141 N	EPSON EPSON Flatbed Scanner EPSON Expression 10000XL 1.8 V3.45 3.45	0.0 [0]	1914.0000 171.0000 4013.0000 354.0000  1.0000	Tg A Int Y	50 %	N W Man	19 1.0000 Lin 1.00	0.0120 0.0148 0.0203 0.0240 0.0289 0.0365 0.0481 0.0575 0.0685 0.0869 0.1104 0.1358 0.1795 0.2183 0.2831 0.3664 0.4581 0.5495 0.7145 	16 19 23 27 29 34 40 44 50 59 68 77 92 105 122 144 164 186 219 	0.0120 0.0148 0.0203 0.0240 0.0289 0.0365 0.0481 0.0575 0.0685 0.0869 0.1104 0.1358 0.1795 0.2183 0.2831 0.3664 0.4581 0.5495 0.7145 	0.0000	0.0000	0.0000	0.0000	0.0000	0.0000	44.5971	0.446	0.264	0.202	0.168	0.324	0.406	0.297	0.256	0.094	0.093	0.065	0.244	0.200	0.290	0.436	0.395	0.421	0.379	0.338	0.359	0.315	0.314	0.373	0.309	0.450	0.368	0.328	0.246	0.291	0.251	0.148	0.187	0.139	0.143	0.179	0.189	0.168	0.147	0.155	0.181	0.164	0.146	0.153	0.252	0.210	0.212	0.197	0.267	0.232	0.137	0.127	0.263	0.317	0.253	0.190	0.338	0.296	0.317	0.275	0.338	0.254	0.317	0.338	0.334	0.313	0.314	0.376	0.272	0.376	0.376	0.416	0.479	0.585	0.461	0.525	0.463	0.482	0.461	0.357	0.547	0.589	0.630	0.671	0.671	0.671	0.608	0.545	0.582	0.500	0.539	0.612	0.650	0.610	0.736	0.674	0.778	0.692	0.675	0.443	0.653	0.506	0.632	0.527	0.400	0.527	0.505	0.505	0.567	0.630	0.567	0.673	0.634	0.625	0.768	0.190																																																																																																																					
634B_ABLA		MRS4	2016	0.000	0.0000	0	0.000		105	RINGWIDTH	1	NotAFile	7/7/2017 09:36:57	                   		4173 943 8 Grey	Intr 0.021158 0.021141 N	EPSON EPSON Flatbed Scanner EPSON Expression 10000XL 1.8 V3.45 3.45	0.0 [0]	1541.0000 828.6667 3594.0000 844.3333  1.0000	Tg A Int Y	50 %	N W Man	19 1.0000 Lin 1.00	0.0120 0.0148 0.0203 0.0240 0.0289 0.0365 0.0481 0.0575 0.0685 0.0869 0.1104 0.1358 0.1795 0.2183 0.2831 0.3664 0.4581 0.5495 0.7145 	16 19 23 27 29 34 40 44 50 59 68 77 92 105 122 144 164 186 219 	0.0120 0.0148 0.0203 0.0240 0.0289 0.0365 0.0481 0.0575 0.0685 0.0869 0.1104 0.1358 0.1795 0.2183 0.2831 0.3664 0.4581 0.5495 0.7145 	0.0000	0.0000	0.0000	0.0000	0.0000	0.0000	43.4380	0.387	0.515	0.181	0.105	0.096	0.104	0.109	0.236	0.188	0.422	0.808	0.581	0.232	0.185	0.216	0.152	0.193	0.141	0.161	0.206	0.256	0.215	0.205	0.164	0.124	0.165	0.226	0.186	0.185	0.185	0.124	0.108	0.123	0.133	0.148	0.185	0.113	0.154	0.124	0.227	0.182	0.151	0.167	0.208	0.252	0.252	0.188	0.335	0.311	0.340	0.337	0.358	0.275	0.358	0.380	0.359	0.296	0.338	0.465	0.316	0.380	0.464	0.465	0.528	0.634	0.444	0.487	0.465	0.508	0.465	0.444	0.571	0.677	0.635	0.741	0.699	0.782	0.804	0.677	0.699	0.635	0.684	0.817	0.910	0.825	0.867	0.805	1.068	0.877	0.699	0.507	0.613	0.444	0.571	0.571	0.401	0.570	0.507	0.486	0.676	0.655	0.465	0.570	0.569	0.707																																																																																																											
597A_ABLA		MRS4	2016	0.000	0.0000	0	0.000		206	RINGWIDTH	1	NotAFile	7/14/2017 12:34:27	                   		5374 943 8 Grey	Intr 0.021158 0.021141 N	EPSON EPSON Flatbed Scanner EPSON Expression 10000XL 1.8 V3.45 3.45	0.0 [0]	574.0000 233.0000 4771.0000 245.0000  1.0000	Tg A Int Y	50 %	N W Man	19 1.0000 Lin 1.00	0.0120 0.0148 0.0203 0.0240 0.0289 0.0365 0.0481 0.0575 0.0685 0.0869 0.1104 0.1358 0.1795 0.2183 0.2831 0.3664 0.4581 0.5495 0.7145 	16 19 23 27 29 34 40 44 50 59 68 77 92 105 122 144 164 186 219 	0.0120 0.0148 0.0203 0.0240 0.0289 0.0365 0.0481 0.0575 0.0685 0.0869 0.1104 0.1358 0.1795 0.2183 0.2831 0.3664 0.4581 0.5495 0.7145 	0.0000	0.0000	0.0000	0.0000	0.0000	0.0000	88.7991	0.277	0.253	0.294	0.346	0.385	0.362	0.355	0.305	0.308	0.233	0.197	0.257	0.258	0.222	0.321	0.321	0.251	0.342	0.262	0.282	0.251	0.221	0.179	0.158	0.177	0.120	0.222	0.173	0.239	0.194	0.207	0.197	0.230	0.234	0.178	0.139	0.178	0.215	0.254	0.313	0.252	0.252	0.272	0.253	0.274	0.237	0.261	0.261	0.363	0.343	0.341	0.262	0.344	0.325	0.370	0.309	0.350	0.352	0.352	0.352	0.345	0.366	0.327	0.348	0.348	0.325	0.285	0.266	0.226	0.247	0.267	0.350	0.267	0.225	0.264	0.235	0.234	0.223	0.222	0.252	0.274	0.317	0.319	0.289	0.310	0.329	0.368	0.363	0.421	0.493	0.474	0.457	0.404	0.444	0.464	0.494	0.414	0.565	0.565	0.646	0.565	0.707	0.747	0.767	0.679	0.597	0.597	0.576	0.494	0.535	0.455	0.555	0.517	0.516	0.592	0.499	0.575	0.607	0.670	0.691	0.607	0.545	0.440	0.482	0.398	0.315	0.483	0.378	0.506	0.612	0.423	0.413	0.360	0.486	0.412	0.391	0.538	0.571	0.444	0.317	0.571	0.613	0.443	0.359	0.422	0.420	0.421	0.527	0.565	0.522	0.607	0.616	0.709	0.635	0.686	0.564	0.521	0.398	0.459	0.440	0.419	0.513	0.492	0.503	0.567	0.632	0.567	0.589	0.628	0.481	0.526	0.483	0.651	0.578	0.634	0.729	0.772	0.835	0.613	0.508	0.550	0.571	0.465	0.550	0.656	0.529	0.656	0.698	0.825	0.677	0.487	0.591	0.402	0.380	0.253	0.338	0.232	0.316	0.338	0.423	0.476	0.475	0.422	0.401	0.380	0.359																																																																																																																																																																																																																
597B_ABLA		MRS4	2016	0.000	0.0000	0	0.000		190	RINGWIDTH	1	NotAFile	7/14/2017 12:34:27	                   		5374 943 8 Grey	Intr 0.021158 0.021141 N	EPSON EPSON Flatbed Scanner EPSON Expression 10000XL 1.8 V3.45 3.45	0.0 [0]	163.0000 699.0000 4627.0000 729.0000  1.0000	Tg A Int Y	50 %	N W Man	19 1.0000 Lin 1.00	0.0120 0.0148 0.0203 0.0240 0.0289 0.0365 0.0481 0.0575 0.0685 0.0869 0.1104 0.1358 0.1795 0.2183 0.2831 0.3664 0.4581 0.5495 0.7145 	16 19 23 27 29 34 40 44 50 59 68 77 92 105 122 144 164 186 219 	0.0120 0.0148 0.0203 0.0240 0.0289 0.0365 0.0481 0.0575 0.0685 0.0869 0.1104 0.1358 0.1795 0.2183 0.2831 0.3664 0.4581 0.5495 0.7145 	0.0000	0.0000	0.0000	0.0000	0.0000	0.0000	94.4500	0.817	0.340	0.448	0.553	0.530	0.467	0.524	0.505	0.447	0.285	0.407	0.430	0.368	0.329	0.269	0.329	0.352	0.269	0.310	0.226	0.269	0.290	0.331	0.391	0.329	0.309	0.309	0.371	0.329	0.328	0.349	0.409	0.515	0.497	0.517	0.393	0.393	0.514	0.476	0.460	0.534	0.555	0.547	0.548	0.589	0.525	0.398	0.564	0.520	0.480	0.522	0.462	0.462	0.442	0.379	0.442	0.327	0.326	0.336	0.357	0.358	0.273	0.379	0.338	0.337	0.369	0.474	0.400	0.506	0.506	0.611	0.695	0.778	0.757	0.841	0.778	0.610	0.736	0.715	0.862	0.697	0.824	0.760	0.887	0.929	1.013	0.962	1.195	1.090	0.920	0.952	0.719	0.656	0.613	0.423	0.571	0.762	0.823	0.867	0.820	0.793	0.793	0.877	0.835	0.718	0.545	0.545	0.569	0.423	0.401	0.486	0.359	0.444	0.698	0.614	0.571	0.529	0.571	0.508	0.359	0.549	0.570	0.569	0.234	0.564	0.734	0.526	0.399	0.387	0.385	0.439	0.481	0.460	0.460	0.568	0.630	0.694	0.517	0.442	0.449	0.422	0.295	0.253	0.190	0.245	0.283	0.254	0.360	0.317	0.296	0.254	0.231	0.316	0.338	0.359	0.338	0.402	0.508	0.423	0.508	0.508	0.444	0.423	0.317	0.423	0.360	0.317	0.338	0.338	0.277	0.419	0.462	0.604	0.599	0.493	0.547	0.423	0.342	0.200	0.300	0.210	0.311	0.306	0.265	0.326	0.347	0.286	0.390	0.328	0.349																																																																																																																																																																																																
593A_ABLA		MRS4	2015	0.000	0.0000	0	0.000		195	RINGWIDTH	1	NotAFile	7/27/2017 11:15:52	                   		4345 1000 8 Grey	Intr 0.021158 0.021141 N	EPSON EPSON Flatbed Scanner EPSON Expression 10000XL 1.8 V3.45 3.45	0.0 [0]	510.0000 328.0000 3888.0000 268.0000  1.0000	Tg A Int Y	50 %	N W Man	19 1.0000 Lin 1.00	0.0120 0.0148 0.0203 0.0240 0.0289 0.0365 0.0481 0.0575 0.0685 0.0869 0.1104 0.1358 0.1795 0.2183 0.2831 0.3664 0.4581 0.5495 0.7145 	16 19 23 27 29 34 40 44 50 59 68 77 92 105 122 144 164 186 219 	0.0120 0.0148 0.0203 0.0240 0.0289 0.0365 0.0481 0.0575 0.0685 0.0869 0.1104 0.1358 0.1795 0.2183 0.2831 0.3664 0.4581 0.5495 0.7145 	0.0000	0.0000	0.0000	0.0000	0.0000	0.0000	72.2251	0.252	0.443	0.280	0.311	0.233	0.262	0.183	0.187	0.250	0.222	0.351	0.321	0.246	0.198	0.261	0.150	0.209	0.212	0.235	0.256	0.256	0.192	0.270	0.392	0.301	0.344	0.307	0.217	0.278	0.248	0.290	0.331	0.354	0.397	0.313	0.334	0.293	0.356	0.356	0.335	0.293	0.231	0.232	0.274	0.232	0.253	0.232	0.274	0.253	0.274	0.274	0.296	0.528	0.485	0.357	0.420	0.315	0.315	0.314	0.273	0.232	0.211	0.211	0.169	0.190	0.254	0.190	0.169	0.190	0.148	0.148	0.190	0.148	0.190	0.169	0.169	0.169	0.190	0.148	0.169	0.169	0.148	0.211	0.211	0.233	0.148	0.233	0.254	0.254	0.190	0.275	0.254	0.275	0.212	0.233	0.338	0.296	0.233	0.233	0.190	0.211	0.233	0.233	0.338	0.275	0.296	0.296	0.317	0.338	0.317	0.275	0.274	0.358	0.316	0.337	0.379	0.338	0.296	0.360	0.360	0.317	0.339	0.339	0.339	0.275	0.423	0.360	0.275	0.359	0.359	0.400	0.315	0.335	0.314	0.377	0.419	0.357	0.505	0.442	0.442	0.463	0.591	0.464	0.443	0.528	0.507	0.423	0.465	0.444	0.381	0.507	0.529	0.486	0.633	0.507	0.422	0.464	0.486	0.443	0.527	0.506	0.548	0.569	0.527	0.527	0.590	0.591	0.632	0.526	0.631	0.698	0.550	0.677	0.696	0.591	0.655	0.780	0.951	0.906	0.762	0.507	0.508	0.550	0.529	0.655	0.464	0.548	0.596	0.710	0.821	0.656	0.521	0.670	0.565	0.607																																																																																																																																																																																																					
593B_ABLA		MRS4	2015	0.000	0.0000	0	0.000		211	RINGWIDTH	1	NotAFile	7/27/2017 11:15:52	                   		4345 1000 8 Grey	Intr 0.021158 0.021141 N	EPSON EPSON Flatbed Scanner EPSON Expression 10000XL 1.8 V3.45 3.45	0.0 [0]	188.0000 780.0000 3884.0000 736.0000  1.0000	Tg A Int Y	50 %	N W Man	19 1.0000 Lin 1.00	0.0120 0.0148 0.0203 0.0240 0.0289 0.0365 0.0481 0.0575 0.0685 0.0869 0.1104 0.1358 0.1795 0.2183 0.2831 0.3664 0.4581 0.5495 0.7145 	16 19 23 27 29 34 40 44 50 59 68 77 92 105 122 144 164 186 219 	0.0120 0.0148 0.0203 0.0240 0.0289 0.0365 0.0481 0.0575 0.0685 0.0869 0.1104 0.1358 0.1795 0.2183 0.2831 0.3664 0.4581 0.5495 0.7145 	0.0000	0.0000	0.0000	0.0000	0.0000	0.0000	78.6322	0.148	0.229	0.315	0.147	0.210	0.272	0.272	0.189	0.231	0.231	0.273	0.210	0.271	0.280	0.446	0.364	0.364	0.390	0.206	0.206	0.124	0.145	0.186	0.145	0.125	0.146	0.125	0.146	0.104	0.146	0.146	0.146	0.149	0.154	0.126	0.114	0.146	0.104	0.230	0.251	0.270	0.290	0.167	0.166	0.289	0.283	0.346	0.407	0.387	0.224	0.245	0.266	0.328	0.307	0.186	0.206	0.247	0.186	0.166	0.228	0.186	0.167	0.208	0.209	0.125	0.187	0.251	0.230	0.230	0.210	0.224	0.238	0.237	0.224	0.126	0.147	0.147	0.126	0.147	0.126	0.168	0.189	0.148	0.188	0.189	0.147	0.210	0.189	0.210	0.231	0.231	0.155	0.155	0.215	0.210	0.210	0.210	0.231	0.170	0.230	0.252	0.315	0.183	0.329	0.286	0.315	0.273	0.273	0.397	0.334	0.273	0.313	0.209	0.230	0.272	0.293	0.331	0.229	0.289	0.289	0.269	0.311	0.299	0.243	0.284	0.317	0.247	0.268	0.289	0.271	0.223	0.233	0.230	0.225	0.268	0.227	0.205	0.207	0.249	0.269	0.207	0.291	0.313	0.337	0.253	0.253	0.296	0.380	0.444	0.379	0.400	0.357	0.377	0.460	0.539	0.497	0.476	0.580	0.543	0.502	0.654	0.634	0.528	0.548	0.696	0.654	0.694	0.714	0.545	0.545	0.568	0.547	0.654	0.591	0.655	0.654	0.734	0.819	0.778	0.821	0.863	0.715	0.820	0.883	0.778	0.820	0.904	0.752	0.188	0.585	0.794	1.131	1.049	1.174	0.084	0.816	0.728	0.702	0.639	0.812	0.583	1.045	0.000	1.296	1.118	0.890	0.980	0.750	0.795	0.704	0.672																																																																																																																																																																																																																					
504A_ABLA		MRS4	2015	0.000	0.0000	0	0.000		160	RINGWIDTH	1	NotAFile	7/27/2017 13:56:55	                   		4202 857 8 Grey	Intr 0.021158 0.021141 N	EPSON EPSON Flatbed Scanner EPSON Expression 10000XL 1.8 V3.45 3.45	0.0 [0]	139.0000 296.0000 3897.0000 246.0000  1.0000	Tg A Int Y	50 %	N W Man	19 1.0000 Lin 1.00	0.0120 0.0148 0.0203 0.0240 0.0289 0.0365 0.0481 0.0575 0.0685 0.0869 0.1104 0.1358 0.1795 0.2183 0.2831 0.3664 0.4581 0.5495 0.7145 	16 19 23 27 29 34 40 44 50 59 68 77 92 105 122 144 164 186 219 	0.0120 0.0148 0.0203 0.0240 0.0289 0.0365 0.0481 0.0575 0.0685 0.0869 0.1104 0.1358 0.1795 0.2183 0.2831 0.3664 0.4581 0.5495 0.7145 	0.0000	0.0000	0.0000	0.0000	0.0000	0.0000	79.6148	0.216	0.731	0.535	0.615	0.663	0.621	0.581	0.467	0.485	0.541	0.596	0.652	0.472	0.439	0.363	0.381	0.308	0.411	0.422	0.245	0.295	0.213	0.218	0.206	0.170	0.261	0.106	0.193	0.228	0.225	0.211	0.139	0.174	0.244	0.244	0.261	0.214	0.162	0.324	0.270	0.288	0.346	0.421	0.451	0.607	0.419	0.419	0.348	0.313	0.394	0.299	0.469	0.383	0.387	0.290	0.331	0.273	0.253	0.251	0.230	0.268	0.210	0.113	0.168	0.150	0.263	0.282	0.266	0.188	0.131	0.188	0.186	0.202	0.185	0.223	0.149	0.167	0.149	0.112	0.147	0.167	0.185	0.202	0.300	0.300	0.303	0.303	0.282	0.266	0.232	0.348	0.360	0.267	0.444	0.402	0.517	0.383	0.398	0.398	0.428	0.476	0.506	0.516	0.383	0.458	0.493	0.644	0.583	0.551	0.634	0.581	0.539	0.568	0.578	0.391	0.445	0.602	0.505	0.499	0.565	0.561	0.531	0.538	0.534	0.646	0.471	0.568	0.561	0.448	0.515	0.731	0.757	0.837	0.799	0.732	0.740	0.721	0.787	0.909	0.833	0.799	0.796	1.053	0.844	0.842	0.888	0.681	0.664	0.688	0.777	0.567	0.756	0.838	0.732	0.756	0.902	0.608	0.397	0.271	0.292																																																																																																																																																																		
504B_ABLA		MRS4	2015	0.000	0.0000	0	0.000		166	RINGWIDTH	1	NotAFile	7/27/2017 13:56:55	                   		4202 857 8 Grey	Intr 0.021158 0.021141 N	EPSON EPSON Flatbed Scanner EPSON Expression 10000XL 1.8 V3.45 3.45	0.0 [0]	437.0000 783.0000 3795.0000 712.0000  1.0000	Tg A Int Y	50 %	N W Man	19 1.0000 Lin 1.00	0.0120 0.0148 0.0203 0.0240 0.0289 0.0365 0.0481 0.0575 0.0685 0.0869 0.1104 0.1358 0.1795 0.2183 0.2831 0.3664 0.4581 0.5495 0.7145 	16 19 23 27 29 34 40 44 50 59 68 77 92 105 122 144 164 186 219 	0.0120 0.0148 0.0203 0.0240 0.0289 0.0365 0.0481 0.0575 0.0685 0.0869 0.1104 0.1358 0.1795 0.2183 0.2831 0.3664 0.4581 0.5495 0.7145 	0.0000	0.0000	0.0000	0.0000	0.0000	0.0000	71.4515	0.140	0.301	0.344	0.286	0.331	0.356	0.350	0.402	0.354	0.431	0.508	0.778	0.784	0.562	0.489	0.475	0.517	0.504	0.440	0.376	0.319	0.303	0.513	0.528	0.405	0.229	0.306	0.230	0.228	0.227	0.169	0.294	0.103	0.213	0.225	0.281	0.250	0.125	0.203	0.273	0.216	0.218	0.239	0.200	0.239	0.279	0.260	0.342	0.385	0.364	0.490	0.411	0.269	0.290	0.249	0.249	0.206	0.369	0.328	0.246	0.226	0.263	0.182	0.205	0.174	0.236	0.267	0.156	0.114	0.134	0.125	0.155	0.187	0.133	0.104	0.104	0.154	0.132	0.174	0.174	0.160	0.125	0.139	0.125	0.111	0.111	0.146	0.132	0.188	0.231	0.252	0.231	0.252	0.210	0.189	0.189	0.252	0.295	0.189	0.295	0.295	0.401	0.296	0.317	0.317	0.338	0.381	0.359	0.317	0.275	0.275	0.295	0.422	0.380	0.401	0.464	0.485	0.465	0.529	0.529	0.381	0.423	0.529	0.507	0.592	0.656	0.719	0.761	0.613	0.613	0.592	0.465	0.614	0.550	0.338	0.381	0.549	0.655	0.888	0.825	0.825	0.783	0.741	0.931	0.973	0.952	0.846	0.867	1.164	1.015	0.994	0.910	0.740	0.783	0.740	0.889	0.614	0.698	0.719	0.799	0.745	0.889	0.781	0.383	0.148	0.197																																																																																																																																																																								
507A_ABLA		MRS4	2015	0.000	0.0000	0	0.000		126	RINGWIDTH	1	NotAFile	7/27/2017 14:21:13	                   		5774 1057 8 Grey	Intr 0.021158 0.021141 N	EPSON EPSON Flatbed Scanner EPSON Expression 10000XL 1.8 V3.45 3.45	0.0 [0]	356.0000 150.0000 5026.0000 254.0000  1.0000	Tg A Int Y	50 %	N W Man	19 1.0000 Lin 1.00	0.0120 0.0148 0.0203 0.0240 0.0289 0.0365 0.0481 0.0575 0.0685 0.0869 0.1104 0.1358 0.1795 0.2183 0.2831 0.3664 0.4581 0.5495 0.7145 	16 19 23 27 29 34 40 44 50 59 68 77 92 105 122 144 164 186 219 	0.0120 0.0148 0.0203 0.0240 0.0289 0.0365 0.0481 0.0575 0.0685 0.0869 0.1104 0.1358 0.1795 0.2183 0.2831 0.3664 0.4581 0.5495 0.7145 	0.0000	0.0000	0.0000	0.0000	0.0000	0.0000	99.0267	0.276	0.503	0.508	0.298	0.505	0.430	0.415	0.515	0.651	0.609	0.790	0.701	0.463	0.627	0.563	0.569	0.532	0.837	0.850	0.746	0.697	0.768	0.799	0.542	0.692	0.669	0.775	0.662	0.659	0.507	0.349	0.407	0.420	0.406	0.467	0.373	0.411	0.392	0.499	0.530	0.524	0.472	0.422	0.478	0.380	0.416	0.407	0.389	0.460	0.723	0.718	0.584	0.655	0.626	0.585	0.585	0.841	0.874	0.697	0.867	0.895	0.928	0.773	0.685	0.795	0.875	0.895	0.928	0.861	0.875	0.828	0.969	1.049	0.908	0.969	0.989	0.908	0.811	0.967	0.951	0.748	0.727	0.838	0.793	0.827	0.928	0.751	0.904	0.920	0.843	0.843	0.658	0.802	0.781	0.724	0.893	0.914	0.872	0.921	0.716	0.819	0.798	0.673	0.758	0.758	0.674	0.758	0.716	0.778	0.819	0.777	0.610	0.590	0.463	0.420	0.569	0.422	0.444	0.402	0.528	0.571	0.656	0.550	0.487	0.571	0.730																																																																																																																																
507B_ABLA		MRS4	2015	0.000	0.0000	0	0.000		88	RINGWIDTH	1	NotAFile	7/27/2017 14:21:13	                   		5774 1057 8 Grey	Intr 0.021158 0.021141 N	EPSON EPSON Flatbed Scanner EPSON Expression 10000XL 1.8 V3.45 3.45	0.0 [0]	1954.0000 716.0000 5160.0000 736.0000  1.0000	Tg A Int Y	50 %	N W Man	19 1.0000 Lin 1.00	0.0120 0.0148 0.0203 0.0240 0.0289 0.0365 0.0481 0.0575 0.0685 0.0869 0.1104 0.1358 0.1795 0.2183 0.2831 0.3664 0.4581 0.5495 0.7145 	16 19 23 27 29 34 40 44 50 59 68 77 92 105 122 144 164 186 219 	0.0120 0.0148 0.0203 0.0240 0.0289 0.0365 0.0481 0.0575 0.0685 0.0869 0.1104 0.1358 0.1795 0.2183 0.2831 0.3664 0.4581 0.5495 0.7145 	0.0000	0.0000	0.0000	0.0000	0.0000	0.0000	67.8328	0.831	0.498	0.538	0.433	0.413	0.353	0.279	0.352	0.338	0.310	0.394	0.492	0.493	0.369	0.552	0.472	0.431	0.454	0.560	0.601	0.498	0.664	0.705	0.846	0.722	0.723	0.726	0.764	0.805	0.803	0.907	0.825	0.764	0.865	0.989	0.846	0.694	0.673	0.684	0.639	0.793	0.865	0.555	0.597	0.759	0.664	0.706	0.846	0.831	0.780	0.908	0.959	1.094	0.814	1.020	0.979	0.775	0.921	1.006	0.985	1.149	0.924	1.088	1.000	0.936	1.013	0.959	0.918	1.102	0.959	1.102	1.061	0.993	0.964	0.800	0.669	0.632	0.710	0.664	0.654	0.615	0.714	0.714	0.872	0.678	0.699	0.654	0.668																																																																																										
303A_ABLA		MRS4	2015	0.000	0.0000	0	0.000		93	RINGWIDTH	1	NotAFile	7/27/2017 14:29:30	                   		3115 1057 8 Grey	Intr 0.021158 0.021141 N	EPSON EPSON Flatbed Scanner EPSON Expression 10000XL 1.8 V3.45 3.45	0.0 [0]	353.0000 306.0000 2619.0000 305.0000  1.0000	Tg A Int Y	50 %	N W Man	19 1.0000 Lin 1.00	0.0120 0.0148 0.0203 0.0240 0.0289 0.0365 0.0481 0.0575 0.0685 0.0869 0.1104 0.1358 0.1795 0.2183 0.2831 0.3664 0.4581 0.5495 0.7145 	16 19 23 27 29 34 40 44 50 59 68 77 92 105 122 144 164 186 219 	0.0120 0.0148 0.0203 0.0240 0.0289 0.0365 0.0481 0.0575 0.0685 0.0869 0.1104 0.1358 0.1795 0.2183 0.2831 0.3664 0.4581 0.5495 0.7145 	0.0000	0.0000	0.0000	0.0000	0.0000	0.0000	47.9433	0.443	0.380	0.317	0.380	0.317	0.422	0.422	0.359	0.317	0.275	0.274	0.211	0.253	0.190	0.232	0.274	0.274	0.295	0.253	0.359	0.317	0.359	0.317	0.464	0.444	0.401	0.506	0.570	0.696	0.591	0.612	0.590	0.590	0.737	0.630	0.653	0.611	0.547	0.569	0.672	0.505	0.547	0.546	0.609	0.462	0.571	0.613	0.443	0.422	0.612	0.507	0.549	0.506	0.528	0.528	0.633	0.592	0.529	0.508	0.592	0.656	0.571	0.613	0.677	0.612	0.675	0.528	0.591	0.591	0.546	0.716	0.674	0.611	0.758	0.739	0.781	0.717	0.739	0.633	0.528	0.528	0.464	0.591	0.369	0.538	0.485	0.464	0.528	0.444	0.402	0.465	0.529	0.529																																																																																															
303B_ABLA		MRS4	2015	0.000	0.0000	0	0.000		116	RINGWIDTH	1	NotAFile	7/27/2017 14:29:30	                   		3115 1057 8 Grey	Intr 0.021158 0.021141 N	EPSON EPSON Flatbed Scanner EPSON Expression 10000XL 1.8 V3.45 3.45	0.0 [0]	635.0000 787.0000 2615.0000 778.0000  1.0000	Tg A Int Y	50 %	N W Man	19 1.0000 Lin 1.00	0.0120 0.0148 0.0203 0.0240 0.0289 0.0365 0.0481 0.0575 0.0685 0.0869 0.1104 0.1358 0.1795 0.2183 0.2831 0.3664 0.4581 0.5495 0.7145 	16 19 23 27 29 34 40 44 50 59 68 77 92 105 122 144 164 186 219 	0.0120 0.0148 0.0203 0.0240 0.0289 0.0365 0.0481 0.0575 0.0685 0.0869 0.1104 0.1358 0.1795 0.2183 0.2831 0.3664 0.4581 0.5495 0.7145 	0.0000	0.0000	0.0000	0.0000	0.0000	0.0000	41.8926	0.430	0.391	0.307	0.389	0.338	0.521	0.366	0.630	0.590	0.531	0.447	0.175	0.153	0.123	0.268	0.408	0.450	0.325	0.505	0.301	0.384	0.404	0.465	0.364	0.322	0.382	0.381	0.389	0.440	0.266	0.298	0.288	0.207	0.165	0.125	0.104	0.114	0.135	0.267	0.228	0.176	0.278	0.175	0.134	0.194	0.257	0.278	0.236	0.307	0.368	0.471	0.409	0.391	0.391	0.434	0.412	0.374	0.374	0.374	0.520	0.457	0.499	0.414	0.393	0.419	0.482	0.397	0.415	0.395	0.300	0.341	0.415	0.362	0.445	0.434	0.393	0.413	0.412	0.393	0.436	0.333	0.478	0.457	0.395	0.417	0.480	0.459	0.459	0.376	0.438	0.611	0.359	0.401	0.318	0.338	0.317	0.295	0.327	0.360	0.222	0.338	0.296	0.222	0.190	0.326	0.264	0.286	0.232	0.243	0.285	0.243	0.306	0.242	0.306	0.294	0.399																																																																																																																						
635B_ABLA		MRS4	2016	0.000	0.0000	0	0.000		101	RINGWIDTH	1	NotAFile	8/5/2017 15:20:05	                   		5460 2659 8 Grey	Intr 0.021158 0.021141 N	EPSON EPSON Flatbed Scanner EPSON Expression 10000XL 1.8 V3.45 3.45	0.0 [0]	4406.3333 628.0000 1129.3333 532.3333  1.0000	Tg A Int Y	50 %	N W Man	19 1.0000 Lin 1.00	0.0120 0.0148 0.0203 0.0240 0.0289 0.0365 0.0481 0.0575 0.0685 0.0869 0.1104 0.1358 0.1795 0.2183 0.2831 0.3664 0.4581 0.5495 0.7145 	16 19 23 27 29 34 40 44 50 59 68 77 92 105 122 144 164 186 219 	0.0120 0.0148 0.0203 0.0240 0.0289 0.0365 0.0481 0.0575 0.0685 0.0869 0.1104 0.1358 0.1795 0.2183 0.2831 0.3664 0.4581 0.5495 0.7145 	0.0000	0.0000	0.0000	0.0000	0.0000	0.0000	69.3632	0.726	0.775	0.656	0.661	0.665	0.541	0.665	0.735	0.816	0.857	0.753	0.638	0.762	0.852	0.793	0.772	0.691	0.670	0.649	0.545	0.566	0.609	0.525	0.591	0.612	0.529	0.444	0.487	0.465	0.444	0.465	0.635	0.612	0.549	0.380	0.563	0.729	0.565	0.481	0.482	0.483	0.586	0.630	0.738	0.716	0.739	0.889	0.867	0.741	0.783	0.741	0.698	0.487	0.550	0.656	0.613	0.654	0.669	0.732	0.798	0.819	0.774	0.899	0.921	0.628	0.710	0.667	1.067	1.073	0.930	1.016	0.910	0.888	0.737	0.625	0.628	0.625	0.542	0.667	0.681	0.575	0.714	0.750	1.058	0.937	1.081	0.871	0.664	0.539	0.373	0.519	0.395	0.375	0.500	0.581	0.599	0.714	0.609	0.637	0.515	0.493																																																																																																							
591B_ABLA		MRS4	2015	0.000	0.0000	0	0.000		187	RINGWIDTH	1	NotAFile	8/5/2017 15:20:05	                   		5460 2659 8 Grey	Intr 0.021158 0.021141 N	EPSON EPSON Flatbed Scanner EPSON Expression 10000XL 1.8 V3.45 3.45	0.0 [0]	3923.0000 2101.0000 901.0000 2080.5000  1.0000	Tg A Int Y	50 %	N W Man	19 1.0000 Lin 1.00	0.0120 0.0148 0.0203 0.0240 0.0289 0.0365 0.0481 0.0575 0.0685 0.0869 0.1104 0.1358 0.1795 0.2183 0.2831 0.3664 0.4581 0.5495 0.7145 	16 19 23 27 29 34 40 44 50 59 68 77 92 105 122 144 164 186 219 	0.0120 0.0148 0.0203 0.0240 0.0289 0.0365 0.0481 0.0575 0.0685 0.0869 0.1104 0.1358 0.1795 0.2183 0.2831 0.3664 0.4581 0.5495 0.7145 	0.0000	0.0000	0.0000	0.0000	0.0000	0.0000	64.0714	0.021	2.064	1.116	1.268	0.915	0.984	0.487	0.439	0.308	0.237	0.277	0.187	0.189	0.229	0.210	0.193	0.232	0.214	0.294	0.257	0.379	0.361	0.140	0.161	0.181	0.201	0.161	0.161	0.181	0.161	0.182	0.222	0.263	0.224	0.203	0.265	0.244	0.205	0.164	0.185	0.165	0.247	0.309	0.309	0.124	0.186	0.274	0.196	0.248	0.205	0.164	0.225	0.186	0.204	0.185	0.176	0.196	0.225	0.205	0.145	0.207	0.228	0.218	0.196	0.312	0.302	0.276	0.413	0.309	0.288	0.309	0.288	0.290	0.290	0.269	0.311	0.332	0.365	0.257	0.374	0.437	0.416	0.414	0.333	0.439	0.501	0.355	0.377	0.441	0.333	0.311	0.347	0.240	0.270	0.252	0.292	0.418	0.334	0.418	0.397	0.397	0.334	0.354	0.291	0.273	0.270	0.205	0.294	0.239	0.215	0.248	0.290	0.332	0.333	0.313	0.334	0.251	0.181	0.278	0.296	0.227	0.294	0.336	0.378	0.293	0.293	0.335	0.272	0.293	0.293	0.314	0.272	0.313	0.334	0.418	0.335	0.308	0.283	0.372	0.377	0.377	0.459	0.383	0.337	0.388	0.453	0.409	0.381	0.393	0.400	0.318	0.375	0.394	0.280	0.358	0.467	0.295	0.409	0.410	0.441	0.468	0.358	0.402	0.380	0.327	0.355	0.319	0.253	0.222	0.254	0.455	0.402	0.465	0.403	0.370	0.235	0.194	0.317	0.256	0.270	0.227	0.323	0.336	0.361	0.247	0.328	0.286																																																																																																																																																																																													
34A_PICO		MRS4	2015	0.000	0.0000	0	0.000		198	RINGWIDTH	1	NotAFile	8/8/2017 10:38:35	                   		8833 2344 8 Grey	Intr 0.021158 0.021141 N	EPSON EPSON Flatbed Scanner EPSON Expression 10000XL 1.8 V3.45 3.45	0.0 [0]	7330.0000 1324.0000 1215.0000 1092.0000  1.0000	Tg A Int Y	50 %	N W Man	19 1.0000 Lin 1.00	0.0120 0.0148 0.0203 0.0240 0.0289 0.0365 0.0481 0.0575 0.0685 0.0869 0.1104 0.1358 0.1795 0.2183 0.2831 0.3664 0.4581 0.5495 0.7145 	16 19 23 27 29 34 40 44 50 59 68 77 92 105 122 144 164 186 219 	0.0120 0.0148 0.0203 0.0240 0.0289 0.0365 0.0481 0.0575 0.0685 0.0869 0.1104 0.1358 0.1795 0.2183 0.2831 0.3664 0.4581 0.5495 0.7145 	0.0000	0.0000	0.0000	0.0000	0.0000	0.0000	129.5620	0.068	1.312	1.375	1.408	1.360	1.122	1.059	0.808	0.965	0.871	0.766	0.794	0.903	1.102	1.291	0.960	1.073	1.063	1.263	1.218	1.395	1.222	1.208	1.249	1.254	1.285	1.105	0.903	0.976	0.823	0.816	1.176	1.114	0.778	0.914	0.930	0.851	0.997	1.048	0.937	0.820	0.809	0.932	1.016	0.928	1.269	1.239	0.921	0.780	1.164	1.040	0.931	0.998	1.092	0.965	1.140	1.175	0.968	1.431	1.296	1.220	0.936	0.872	0.630	0.920	0.875	0.571	0.697	1.192	1.008	0.864	0.638	0.576	0.535	0.659	0.679	0.638	0.974	0.896	0.756	0.823	0.662	1.268	1.336	0.807	0.638	0.665	0.811	0.958	0.564	0.564	0.442	0.506	0.461	0.462	0.588	0.482	0.546	0.496	0.617	0.597	0.659	0.355	0.250	0.227	0.295	0.250	0.355	0.187	0.333	0.417	0.480	0.396	0.356	0.273	0.357	0.525	0.398	0.335	0.303	0.323	0.292	0.437	0.462	0.364	0.317	0.252	0.252	0.349	0.337	0.380	0.317	0.294	0.283	0.285	0.273	0.250	0.220	0.168	0.209	0.209	0.135	0.197	0.176	0.194	0.155	0.155	0.146	0.166	0.115	0.114	0.177	0.216	0.147	0.290	0.250	0.267	0.248	0.238	0.219	0.215	0.269	0.299	0.296	0.216	0.217	0.189	0.235	0.226	0.226	0.196	0.284	0.198	0.217	0.248	0.197	0.272	0.229	0.255	0.192	0.196	0.239	0.256	0.207	0.207	0.204	0.235	0.155	0.164	0.264	0.261	0.223	0.211	0.169	0.296	0.209	0.239	0.294																																																																																																																																																																																																								
34B_PICO		MRS4	2015	0.000	0.0000	0	0.000		185	RINGWIDTH	1	NotAFile	8/8/2017 10:38:35	                   		8833 2344 8 Grey	Intr 0.021158 0.021141 N	EPSON EPSON Flatbed Scanner EPSON Expression 10000XL 1.8 V3.45 3.45	0.0 [0]	7200.0000 1725.0000 1126.5000 1571.0000  1.0000	Tg A Int Y	50 %	N W Man	19 1.0000 Lin 1.00	0.0120 0.0148 0.0203 0.0240 0.0289 0.0365 0.0481 0.0575 0.0685 0.0869 0.1104 0.1358 0.1795 0.2183 0.2831 0.3664 0.4581 0.5495 0.7145 	16 19 23 27 29 34 40 44 50 59 68 77 92 105 122 144 164 186 219 	0.0120 0.0148 0.0203 0.0240 0.0289 0.0365 0.0481 0.0575 0.0685 0.0869 0.1104 0.1358 0.1795 0.2183 0.2831 0.3664 0.4581 0.5495 0.7145 	0.0000	0.0000	0.0000	0.0000	0.0000	0.0000	128.5424	1.050	1.293	1.209	0.917	1.095	0.969	1.266	1.162	1.162	1.036	1.248	1.206	1.206	0.952	0.910	0.783	0.613	0.739	0.782	0.950	0.992	0.781	0.651	0.674	0.653	0.715	0.840	1.157	1.200	1.120	1.183	1.140	1.055	1.226	1.246	1.243	0.927	1.113	1.022	1.066	1.067	1.340	1.205	1.205	1.182	1.261	1.472	1.492	1.288	1.046	1.004	0.716	0.941	0.983	0.859	0.923	1.440	1.316	1.464	1.075	0.976	0.748	0.769	0.748	0.772	1.022	1.105	1.022	1.064	0.981	1.134	1.451	1.074	0.969	0.882	0.712	0.984	0.840	0.861	0.798	0.756	0.651	0.842	1.054	0.929	2.000	1.089	0.942	1.089	0.817	0.420	0.420	0.484	0.526	0.505	0.338	0.549	0.656	0.783	0.635	0.444	0.381	0.465	0.338	0.358	0.398	0.356	0.313	0.211	0.395	0.538	0.455	0.504	0.420	0.482	0.482	0.482	0.411	0.447	0.444	0.566	0.569	0.551	0.653	0.501	0.528	0.507	0.574	0.417	0.381	0.412	0.444	0.304	0.324	0.324	0.294	0.293	0.248	0.240	0.332	0.221	0.273	0.273	0.230	0.273	0.326	0.242	0.242	0.370	0.347	0.317	0.211	0.190	0.179	0.212	0.211	0.271	0.258	0.301	0.252	0.307	0.241	0.317	0.440	0.332	0.314	0.285	0.358	0.350	0.325	0.232	0.244	0.210	0.203	0.127	0.202	0.202	0.271	0.265	0.243	0.190	0.317	0.214	0.262	0.284																																																																																																																																																																																											
33A_PICO		MRS4	2015	0.000	0.0000	0	0.000		186	RINGWIDTH	1	NotAFile	8/8/2017 10:52:07	                   		8661 1944 8 Grey	Intr 0.021158 0.021141 N	EPSON EPSON Flatbed Scanner EPSON Expression 10000XL 1.8 V3.45 3.45	0.0 [0]	6498.0000 694.0000 1298.0000 774.0000  1.0000	Tg A Int Y	50 %	N W Man	19 1.0000 Lin 1.00	0.0120 0.0148 0.0203 0.0240 0.0289 0.0365 0.0481 0.0575 0.0685 0.0869 0.1104 0.1358 0.1795 0.2183 0.2831 0.3664 0.4581 0.5495 0.7145 	16 19 23 27 29 34 40 44 50 59 68 77 92 105 122 144 164 186 219 	0.0120 0.0148 0.0203 0.0240 0.0289 0.0365 0.0481 0.0575 0.0685 0.0869 0.1104 0.1358 0.1795 0.2183 0.2831 0.3664 0.4581 0.5495 0.7145 	0.0000	0.0000	0.0000	0.0000	0.0000	0.0000	110.0329	0.136	1.697	2.421	1.517	1.628	1.022	1.134	0.903	1.087	0.803	0.908	0.791	1.014	0.613	0.948	0.695	0.440	0.603	0.621	0.579	0.659	0.556	0.391	0.453	0.515	0.515	0.598	0.722	0.610	0.734	0.597	0.519	0.482	0.700	0.558	0.497	0.454	0.535	0.494	0.585	0.480	0.480	0.440	0.524	0.464	0.444	0.465	0.508	0.592	0.448	0.398	0.332	0.493	0.360	0.468	0.469	0.738	0.788	0.686	0.568	0.705	0.509	0.539	0.502	0.496	0.538	0.497	0.476	0.518	0.519	0.437	0.393	0.352	0.250	0.265	0.256	0.294	0.294	0.377	0.314	0.377	0.294	0.336	0.358	0.336	0.484	0.376	0.376	0.333	0.272	0.226	0.135	0.209	0.220	0.190	0.237	0.206	0.282	0.308	0.400	0.420	0.295	0.381	0.422	0.443	0.485	0.443	0.420	0.380	0.359	0.571	0.571	0.528	0.443	0.388	0.465	0.500	0.614	0.762	0.677	0.698	0.634	0.719	0.548	0.675	0.591	0.591	0.473	0.549	0.499	0.656	0.550	0.634	0.614	0.571	0.614	0.560	0.550	0.550	0.591	0.814	0.782	0.697	0.631	0.631	0.643	0.685	0.561	0.506	0.549	0.464	0.581	0.474	0.602	0.567	0.685	0.790	0.969	0.887	0.760	0.739	0.645	0.721	0.570	0.644	0.740	0.730	0.771	0.817	0.876	0.817	0.872	0.607	0.578	0.602	0.465	0.550	0.600	0.501	0.443	0.400	0.465	0.556	0.523	0.483	0.507																																																																																																																																																																																												
33B_PICO		MRS4	2015	0.000	0.0000	0	0.000		187	RINGWIDTH	1	NotAFile	8/8/2017 10:52:07	                   		8661 1944 8 Grey	Intr 0.021158 0.021141 N	EPSON EPSON Flatbed Scanner EPSON Expression 10000XL 1.8 V3.45 3.45	0.0 [0]	5399.5000 1244.0000 1344.0000 1262.5000  1.0000	Tg A Int Y	50 %	N W Man	19 1.0000 Lin 1.00	0.0120 0.0148 0.0203 0.0240 0.0289 0.0365 0.0481 0.0575 0.0685 0.0869 0.1104 0.1358 0.1795 0.2183 0.2831 0.3664 0.4581 0.5495 0.7145 	16 19 23 27 29 34 40 44 50 59 68 77 92 105 122 144 164 186 219 	0.0120 0.0148 0.0203 0.0240 0.0289 0.0365 0.0481 0.0575 0.0685 0.0869 0.1104 0.1358 0.1795 0.2183 0.2831 0.3664 0.4581 0.5495 0.7145 	0.0000	0.0000	0.0000	0.0000	0.0000	0.0000	86.0599	0.001	2.585	1.861	0.830	0.527	0.817	0.609	0.730	0.485	0.379	0.213	0.293	0.318	0.389	0.216	0.261	0.210	0.188	0.272	0.272	0.272	0.274	0.229	0.190	0.282	0.344	0.293	0.314	0.377	0.314	0.421	0.292	0.252	0.293	0.315	0.294	0.339	0.354	0.357	0.372	0.336	0.321	0.276	0.316	0.310	0.346	0.279	0.354	0.422	0.418	0.380	0.317	0.286	0.514	0.423	0.465	0.613	0.781	0.591	0.527	0.401	0.529	0.423	0.444	0.529	0.571	0.677	0.508	0.423	0.423	0.402	0.381	0.381	0.312	0.323	0.381	0.339	0.423	0.262	0.372	0.233	0.271	0.264	0.265	0.253	0.258	0.354	0.377	0.443	0.520	0.478	0.389	0.254	0.353	0.312	0.333	0.312	0.276	0.369	0.438	0.543	0.583	0.312	0.397	0.434	0.501	0.503	0.507	0.444	0.444	0.423	0.631	0.772	0.605	0.611	0.632	0.566	0.577	0.515	0.673	0.714	0.629	0.527	0.464	0.442	0.358	0.357	0.359	0.399	0.398	0.342	0.408	0.460	0.558	0.460	0.374	0.359	0.305	0.327	0.342	0.471	0.522	0.517	0.641	0.600	0.565	0.630	0.838	0.689	0.627	0.689	0.745	0.741	0.634	0.675	0.488	0.464	0.477	0.662	0.565	0.542	0.438	0.508	0.576	0.372	0.434	0.414	0.477	0.416	0.418	0.501	0.440	0.464	0.464	0.358	0.356	0.256	0.351	0.333	0.373	0.310	0.292	0.376	0.354	0.305	0.361	0.251																																																																																																																																																																																													
83A_PICO		MRS4	2015	0.000	0.0000	0	0.000		193	RINGWIDTH	1	NotAFile	8/8/2017 11:21:53	                   		6117 1429 8 Grey	Intr 0.021158 0.021141 N	EPSON EPSON Flatbed Scanner EPSON Expression 10000XL 1.8 V3.45 3.45	0.0 [0]	5102.0000 516.0000 787.5000 471.5000  1.0000	Tg A Int Y	50 %	N W Man	19 1.0000 Lin 1.00	0.0120 0.0148 0.0203 0.0240 0.0289 0.0365 0.0481 0.0575 0.0685 0.0869 0.1104 0.1358 0.1795 0.2183 0.2831 0.3664 0.4581 0.5495 0.7145 	16 19 23 27 29 34 40 44 50 59 68 77 92 105 122 144 164 186 219 	0.0120 0.0148 0.0203 0.0240 0.0289 0.0365 0.0481 0.0575 0.0685 0.0869 0.1104 0.1358 0.1795 0.2183 0.2831 0.3664 0.4581 0.5495 0.7145 	0.0000	0.0000	0.0000	0.0000	0.0000	0.0000	91.2897	0.865	0.880	0.818	1.003	0.899	0.836	0.982	0.999	0.989	0.845	1.043	1.355	0.967	1.030	0.896	1.030	0.813	0.818	0.756	0.816	0.687	0.823	0.766	0.689	0.802	0.802	0.759	0.674	0.645	0.603	0.635	0.652	0.611	0.577	0.539	0.541	0.545	0.461	0.547	0.484	0.694	0.695	0.653	0.506	0.632	0.736	0.734	0.672	0.692	0.713	0.603	0.598	0.464	0.337	0.443	0.507	0.423	0.381	0.317	0.487	0.423	0.360	0.422	0.561	0.509	0.526	0.366	0.488	0.394	0.497	0.458	0.484	0.443	0.443	0.464	0.443	0.465	0.549	0.485	0.484	0.397	0.376	0.292	0.378	0.257	0.396	0.280	0.323	0.293	0.381	0.351	0.304	0.339	0.321	0.314	0.423	0.233	0.215	0.159	0.222	0.272	0.342	0.285	0.345	0.363	0.413	0.345	0.337	0.256	0.334	0.379	0.337	0.316	0.316	0.464	0.295	0.316	0.379	0.421	0.352	0.364	0.267	0.324	0.317	0.360	0.402	0.380	0.235	0.315	0.331	0.222	0.229	0.219	0.208	0.166	0.229	0.289	0.214	0.268	0.298	0.264	0.190	0.253	0.243	0.244	0.232	0.243	0.334	0.279	0.349	0.380	0.432	0.327	0.408	0.331	0.359	0.450	0.480	0.525	0.526	0.457	0.399	0.452	0.473	0.095	0.296	0.398	0.497	0.421	0.412	0.372	0.440	0.456	0.484	0.487	0.392	0.452	0.421	0.436	0.353	0.233	0.228	0.238	0.337	0.371	0.282	0.247	0.279	0.418	0.412	0.301	0.306	0.276																																																																																																																																																																																																			
83B_PICO		MRS4	2015	0.000	0.0000	0	0.000		196	RINGWIDTH	1	NotAFile	8/8/2017 11:21:53	                   		6117 1429 8 Grey	Intr 0.021158 0.021141 N	EPSON EPSON Flatbed Scanner EPSON Expression 10000XL 1.8 V3.45 3.45	0.0 [0]	4986.5000 991.0000 973.0000 959.0000  1.0000	Tg A Int Y	50 %	N W Man	19 1.0000 Lin 1.00	0.0120 0.0148 0.0203 0.0240 0.0289 0.0365 0.0481 0.0575 0.0685 0.0869 0.1104 0.1358 0.1795 0.2183 0.2831 0.3664 0.4581 0.5495 0.7145 	16 19 23 27 29 34 40 44 50 59 68 77 92 105 122 144 164 186 219 	0.0120 0.0148 0.0203 0.0240 0.0289 0.0365 0.0481 0.0575 0.0685 0.0869 0.1104 0.1358 0.1795 0.2183 0.2831 0.3664 0.4581 0.5495 0.7145 	0.0000	0.0000	0.0000	0.0000	0.0000	0.0000	84.9190	1.163	1.156	1.195	0.945	0.904	0.802	0.844	0.907	0.865	1.087	1.046	1.149	0.846	0.854	1.007	0.821	0.949	0.783	1.037	0.782	0.931	0.909	0.952	0.800	0.888	0.814	0.750	0.803	0.845	0.888	0.774	0.006	0.002	0.569	0.698	0.613	0.613	0.549	0.655	0.866	1.012	0.907	0.780	0.652	0.842	0.757	0.757	0.610	0.736	0.736	0.692	0.585	0.687	0.625	0.726	0.598	0.681	0.601	0.690	0.669	0.399	0.441	0.443	0.464	0.442	0.421	0.464	0.589	0.569	0.464	0.402	0.381	0.338	0.360	0.317	0.381	0.338	0.359	0.399	0.399	0.378	0.459	0.377	0.419	0.272	0.314	0.293	0.377	0.251	0.334	0.209	0.265	0.189	0.281	0.294	0.233	0.381	0.320	0.293	0.317	0.319	0.232	0.211	0.264	0.241	0.255	0.188	0.266	0.241	0.245	0.275	0.212	0.179	0.179	0.263	0.192	0.169	0.180	0.168	0.201	0.232	0.229	0.274	0.161	0.252	0.221	0.272	0.254	0.284	0.389	0.303	0.261	0.230	0.251	0.156	0.116	0.158	0.148	0.159	0.211	0.191	0.179	0.201	0.232	0.159	0.180	0.211	0.232	0.200	0.169	0.190	0.222	0.158	0.127	0.201	0.199	0.202	0.190	0.202	0.212	0.232	0.275	0.255	0.211	0.210	0.180	0.243	0.232	0.191	0.263	0.264	0.244	0.211	0.211	0.253	0.314	0.330	0.303	0.274	0.277	0.254	0.230	0.253	0.172	0.158	0.169	0.264	0.170	0.232	0.201	0.232	0.306	0.296	0.158	0.264	0.202																																																																																																																																																																																																						
38A_PICO		MRS4	2015	0.000	0.0000	0	0.000		141	RINGWIDTH	1	NotAFile	8/8/2017 11:54:45	                   		5202 3402 8 Grey	Intr 0.021158 0.021141 N	EPSON EPSON Flatbed Scanner EPSON Expression 10000XL 1.8 V3.45 3.45	0.0 [0]	3338.0000 746.0000 1779.0000 633.0000  1.0000	Tg A Int Y	50 %	N W Man	19 1.0000 Lin 1.00	0.0120 0.0148 0.0203 0.0240 0.0289 0.0365 0.0481 0.0575 0.0685 0.0869 0.1104 0.1358 0.1795 0.2183 0.2831 0.3664 0.4581 0.5495 0.7145 	16 19 23 27 29 34 40 44 50 59 68 77 92 105 122 144 164 186 219 	0.0120 0.0148 0.0203 0.0240 0.0289 0.0365 0.0481 0.0575 0.0685 0.0869 0.1104 0.1358 0.1795 0.2183 0.2831 0.3664 0.4581 0.5495 0.7145 	0.0000	0.0000	0.0000	0.0000	0.0000	0.0000	33.0712	0.412	0.483	0.630	0.633	0.394	0.401	0.376	0.348	0.354	0.306	0.330	0.372	0.347	0.339	0.252	0.284	0.279	0.290	0.279	0.314	0.317	0.292	0.239	0.317	0.354	0.374	0.347	0.401	0.358	0.337	0.295	0.421	0.290	0.446	0.316	0.339	0.360	0.373	0.342	0.316	0.356	0.316	0.361	0.296	0.233	0.212	0.184	0.218	0.212	0.254	0.275	0.219	0.287	0.275	0.275	0.254	0.255	0.254	0.240	0.240	0.182	0.199	0.246	0.272	0.235	0.282	0.251	0.201	0.208	0.174	0.172	0.172	0.183	0.176	0.179	0.168	0.163	0.205	0.192	0.199	0.189	0.208	0.184	0.236	0.216	0.202	0.194	0.162	0.171	0.162	0.164	0.102	0.108	0.072	0.105	0.079	0.078	0.096	0.092	0.073	0.115	0.101	0.101	0.120	0.081	0.112	0.120	0.056	0.102	0.110	0.138	0.142	0.162	0.179	0.226	0.163	0.160	0.136	0.166	0.170	0.233	0.282	0.231	0.211	0.231	0.199	0.220	0.175	0.141	0.130	0.136	0.186	0.178	0.156	0.142	0.117	0.150	0.120	0.113	0.128	0.160																																																																																																																																															
38B_PICO		MRS4	2015	0.000	0.0000	0	0.000		147	RINGWIDTH	1	NotAFile	8/8/2017 11:54:45	                   		5202 3402 8 Grey	Intr 0.021158 0.021141 N	EPSON EPSON Flatbed Scanner EPSON Expression 10000XL 1.8 V3.45 3.45	0.0 [0]	3576.0000 1252.5000 1624.0000 1160.0000  1.0000	Tg A Int Y	50 %	N W Man	19 1.0000 Lin 1.00	0.0120 0.0148 0.0203 0.0240 0.0289 0.0365 0.0481 0.0575 0.0685 0.0869 0.1104 0.1358 0.1795 0.2183 0.2831 0.3664 0.4581 0.5495 0.7145 	16 19 23 27 29 34 40 44 50 59 68 77 92 105 122 144 164 186 219 	0.0120 0.0148 0.0203 0.0240 0.0289 0.0365 0.0481 0.0575 0.0685 0.0869 0.1104 0.1358 0.1795 0.2183 0.2831 0.3664 0.4581 0.5495 0.7145 	0.0000	0.0000	0.0000	0.0000	0.0000	0.0000	41.3461	0.942	0.793	0.561	0.561	0.609	0.523	0.477	0.493	0.511	0.585	0.466	0.406	0.432	0.463	0.480	0.452	0.507	0.657	0.480	0.368	0.438	0.352	0.249	0.262	0.409	0.399	0.377	0.392	0.379	0.654	0.422	0.464	0.380	0.275	0.338	0.316	0.422	0.274	0.336	0.273	0.336	0.293	0.334	0.374	0.270	0.353	0.332	0.454	0.415	0.416	0.330	0.245	0.232	0.264	0.257	0.287	0.260	0.220	0.203	0.225	0.251	0.253	0.232	0.219	0.210	0.217	0.164	0.198	0.245	0.176	0.270	0.260	0.207	0.294	0.217	0.225	0.142	0.155	0.165	0.229	0.164	0.167	0.214	0.233	0.182	0.196	0.234	0.145	0.163	0.187	0.111	0.134	0.151	0.110	0.158	0.154	0.110	0.143	0.086	0.162	0.130	0.119	0.182	0.198	0.146	0.161	0.187	0.202	0.176	0.184	0.170	0.174	0.199	0.121	0.145	0.180	0.202	0.203	0.251	0.209	0.271	0.202	0.265	0.326	0.313	0.306	0.246	0.225	0.171	0.142	0.240	0.210	0.169	0.198	0.133	0.142	0.125	0.181	0.170	0.177	0.164	0.188	0.172	0.193	0.130	0.182	0.162																																																																																																																																																					
36A_PICO		MRS4	2015	0.000	0.0000	0	0.000		128	RINGWIDTH	1	NotAFile	8/8/2017 11:54:45	                   		5202 3402 8 Grey	Intr 0.021158 0.021141 N	EPSON EPSON Flatbed Scanner EPSON Expression 10000XL 1.8 V3.45 3.45	0.0 [0]	3970.6667 2322.3333 787.6667 2275.6667  1.0000	Tg A Int Y	50 %	N W Man	19 1.0000 Lin 1.00	0.0120 0.0148 0.0203 0.0240 0.0289 0.0365 0.0481 0.0575 0.0685 0.0869 0.1104 0.1358 0.1795 0.2183 0.2831 0.3664 0.4581 0.5495 0.7145 	16 19 23 27 29 34 40 44 50 59 68 77 92 105 122 144 164 186 219 	0.0120 0.0148 0.0203 0.0240 0.0289 0.0365 0.0481 0.0575 0.0685 0.0869 0.1104 0.1358 0.1795 0.2183 0.2831 0.3664 0.4581 0.5495 0.7145 	0.0000	0.0000	0.0000	0.0000	0.0000	0.0000	67.3521	0.556	0.552	0.511	0.646	0.701	0.679	0.595	0.638	0.681	0.635	0.495	0.580	0.726	0.622	0.430	0.636	0.617	0.536	0.539	0.333	0.498	0.562	0.583	0.521	0.625	0.690	0.608	0.643	0.665	0.666	0.687	0.520	0.373	0.354	0.500	0.646	0.521	0.521	0.541	0.836	0.753	0.690	0.606	0.645	0.750	0.860	0.776	0.611	0.485	0.526	0.608	0.592	0.816	0.722	0.619	0.620	0.601	0.703	0.536	0.513	0.714	0.754	0.530	0.614	0.715	0.612	0.650	0.566	0.487	0.438	0.445	0.447	0.541	0.687	0.594	0.604	0.598	0.613	0.583	0.506	0.427	0.439	0.524	0.338	0.323	0.342	0.412	0.349	0.331	0.304	0.362	0.438	0.380	0.340	0.367	0.327	0.308	0.241	0.256	0.248	0.249	0.416	0.333	0.375	0.326	0.278	0.311	0.373	0.414	0.330	0.307	0.343	0.376	0.413	0.373	0.352	0.332	0.229	0.375	0.333	0.395	0.292	0.292	0.458	0.559	0.559	0.415	0.393																																																																																																																																		
547A_PICO		MRS4	2015	0.000	0.0000	0	0.000		199	RINGWIDTH	1	NotAFile	8/8/2017 12:19:23	                   		5603 2001 8 Grey	Intr 0.021158 0.021141 N	EPSON EPSON Flatbed Scanner EPSON Expression 10000XL 1.8 V3.45 3.45	0.0 [0]	4927.5000 844.5000 825.5000 756.5000  1.0000	Tg A Int Y	50 %	N W Man	19 1.0000 Lin 1.00	0.0120 0.0148 0.0203 0.0240 0.0289 0.0365 0.0481 0.0575 0.0685 0.0869 0.1104 0.1358 0.1795 0.2183 0.2831 0.3664 0.4581 0.5495 0.7145 	16 19 23 27 29 34 40 44 50 59 68 77 92 105 122 144 164 186 219 	0.0120 0.0148 0.0203 0.0240 0.0289 0.0365 0.0481 0.0575 0.0685 0.0869 0.1104 0.1358 0.1795 0.2183 0.2831 0.3664 0.4581 0.5495 0.7145 	0.0000	0.0000	0.0000	0.0000	0.0000	0.0000	86.8087	0.779	0.800	0.686	0.769	0.783	0.686	0.719	0.666	0.442	0.773	0.705	0.850	0.710	0.794	0.874	0.765	0.644	0.722	0.579	0.835	0.725	0.680	0.757	0.661	0.650	0.734	0.533	0.765	0.811	0.541	0.786	0.751	0.775	0.754	0.610	0.431	0.535	0.605	0.650	0.726	0.901	0.812	0.718	0.559	0.568	0.606	0.702	0.481	0.571	0.533	0.507	0.420	0.441	0.496	0.539	0.540	0.594	0.532	0.448	0.647	0.651	0.710	0.558	0.484	0.431	0.536	0.459	0.396	0.335	0.337	0.315	0.365	0.223	0.273	0.233	0.317	0.392	0.569	0.508	0.372	0.351	0.503	0.402	0.423	0.338	0.402	0.227	0.323	0.295	0.444	0.254	0.402	0.322	0.274	0.221	0.391	0.356	0.152	0.307	0.328	0.327	0.308	0.259	0.172	0.179	0.285	0.255	0.190	0.197	0.173	0.297	0.254	0.254	0.286	0.359	0.366	0.401	0.310	0.180	0.159	0.212	0.213	0.200	0.253	0.264	0.211	0.263	0.193	0.218	0.211	0.222	0.373	0.454	0.390	0.336	0.396	0.338	0.294	0.369	0.330	0.338	0.389	0.317	0.379	0.358	0.402	0.318	0.366	0.340	0.325	0.257	0.305	0.329	0.296	0.284	0.286	0.266	0.285	0.347	0.296	0.286	0.212	0.306	0.265	0.263	0.180	0.201	0.222	0.244	0.222	0.298	0.307	0.255	0.272	0.286	0.255	0.262	0.261	0.245	0.203	0.188	0.181	0.212	0.242	0.284	0.283	0.214	0.233	0.115	0.262	0.264	0.235	0.230	0.137	0.138	0.228	0.131	0.189	0.275																																																																																																																																																																																																									
547B_PICO		MRS4	2015	0.000	0.0000	0	0.000		206	RINGWIDTH	1	NotAFile	8/8/2017 12:19:23	                   		5603 2001 8 Grey	Intr 0.021158 0.021141 N	EPSON EPSON Flatbed Scanner EPSON Expression 10000XL 1.8 V3.45 3.45	0.0 [0]	4994.0000 1374.0000 978.0000 1302.0000  1.0000	Tg A Int Y	50 %	N W Man	19 1.0000 Lin 1.00	0.0120 0.0148 0.0203 0.0240 0.0289 0.0365 0.0481 0.0575 0.0685 0.0869 0.1104 0.1358 0.1795 0.2183 0.2831 0.3664 0.4581 0.5495 0.7145 	16 19 23 27 29 34 40 44 50 59 68 77 92 105 122 144 164 186 219 	0.0120 0.0148 0.0203 0.0240 0.0289 0.0365 0.0481 0.0575 0.0685 0.0869 0.1104 0.1358 0.1795 0.2183 0.2831 0.3664 0.4581 0.5495 0.7145 	0.0000	0.0000	0.0000	0.0000	0.0000	0.0000	84.9829	0.627	0.690	0.559	0.827	0.901	0.808	0.885	0.879	0.916	0.590	0.586	0.644	0.566	0.469	0.568	0.410	0.549	0.612	0.606	0.586	0.605	0.575	0.522	0.443	0.524	0.384	0.529	0.541	0.524	0.623	0.615	0.674	0.716	0.565	0.726	0.811	0.708	0.800	0.758	0.779	0.759	0.549	0.486	0.589	0.568	0.504	0.736	0.989	0.776	0.568	0.568	0.625	0.640	0.706	0.646	0.711	0.588	0.693	0.546	0.546	0.525	0.547	0.547	0.463	0.485	0.430	0.624	0.569	0.610	0.462	0.462	0.378	0.504	0.504	0.420	0.378	0.385	0.242	0.279	0.368	0.283	0.366	0.526	0.484	0.569	0.402	0.401	0.358	0.410	0.432	0.494	0.476	0.352	0.290	0.311	0.372	0.549	0.304	0.412	0.254	0.244	0.231	0.243	0.253	0.160	0.285	0.316	0.243	0.286	0.253	0.092	0.212	0.177	0.232	0.223	0.137	0.192	0.211	0.286	0.284	0.339	0.180	0.295	0.329	0.273	0.275	0.148	0.233	0.305	0.326	0.423	0.381	0.315	0.231	0.274	0.266	0.296	0.243	0.298	0.370	0.339	0.348	0.316	0.272	0.275	0.286	0.286	0.306	0.328	0.286	0.349	0.316	0.361	0.233	0.276	0.358	0.326	0.075	0.230	0.232	0.210	0.265	0.275	0.221	0.316	0.282	0.274	0.234	0.202	0.263	0.274	0.317	0.180	0.222	0.233	0.296	0.222	0.318	0.253	0.298	0.272	0.233	0.263	0.172	0.222	0.223	0.283	0.189	0.174	0.241	0.254	0.275	0.274	0.255	0.247	0.132	0.253	0.264	0.233	0.264	0.201	0.233	0.193	0.135	0.273	0.120																																																																																																																																																																																																																
495A_PICO		MRS4	2015	0.000	0.0000	0	0.000		204	RINGWIDTH	1	NotAFile	8/8/2017 13:56:06	                   		8547 1572 8 Grey	Intr 0.021158 0.021141 N	EPSON EPSON Flatbed Scanner EPSON Expression 10000XL 1.8 V3.45 3.45	0.0 [0]	3731.0000 757.0000 699.0000 748.5000  1.0000	Tg A Int Y	50 %	N W Man	19 1.0000 Lin 1.00	0.0120 0.0148 0.0203 0.0240 0.0289 0.0365 0.0481 0.0575 0.0685 0.0869 0.1104 0.1358 0.1795 0.2183 0.2831 0.3664 0.4581 0.5495 0.7145 	16 19 23 27 29 34 40 44 50 59 68 77 92 105 122 144 164 186 219 	0.0120 0.0148 0.0203 0.0240 0.0289 0.0365 0.0481 0.0575 0.0685 0.0869 0.1104 0.1358 0.1795 0.2183 0.2831 0.3664 0.4581 0.5495 0.7145 	0.0000	0.0000	0.0000	0.0000	0.0000	0.0000	64.4856	0.061	0.468	1.097	0.883	0.656	0.585	0.374	0.264	0.210	0.309	0.266	0.165	0.311	0.370	0.387	0.592	0.624	0.443	0.370	0.354	0.378	0.328	0.352	0.280	0.353	0.530	0.327	0.443	0.350	0.464	0.364	0.400	0.296	0.349	0.174	0.179	0.189	0.237	0.195	0.127	0.101	0.052	0.101	0.267	0.256	0.232	0.170	0.260	0.322	0.302	0.262	0.260	0.438	0.350	0.454	0.331	0.414	0.433	0.412	0.330	0.351	0.332	0.479	0.418	0.334	0.334	0.333	0.332	0.325	0.260	0.287	0.313	0.211	0.331	0.355	0.435	0.331	0.254	0.180	0.192	0.115	0.135	0.146	0.142	0.171	0.094	0.153	0.081	0.082	0.071	0.029	0.135	0.109	0.157	0.175	0.214	0.206	0.241	0.235	0.243	0.184	0.204	0.157	0.187	0.168	0.200	0.215	0.185	0.117	0.131	0.130	0.105	0.067	0.154	0.084	0.188	0.202	0.242	0.190	0.147	0.148	0.128	0.141	0.134	0.150	0.104	0.137	0.159	0.190	0.211	0.213	0.262	0.284	0.296	0.392	0.339	0.368	0.318	0.394	0.359	0.380	0.318	0.243	0.275	0.338	0.307	0.359	0.330	0.315	0.308	0.265	0.242	0.242	0.413	0.296	0.213	0.265	0.219	0.339	0.319	0.288	0.315	0.393	0.317	0.381	0.411	0.349	0.413	0.359	0.371	0.253	0.412	0.465	0.363	0.329	0.410	0.380	0.383	0.359	0.391	0.359	0.263	0.338	0.306	0.370	0.413	0.329	0.475	0.372	0.421	0.464	0.271	0.338	0.211	0.399	0.329	0.412	0.284	0.284	0.284	0.316	0.210	0.231	0.264																																																																																																																																																																																																														
495B_PICO		MRS4	2015	0.000	0.0000	0	0.000		213	RINGWIDTH	1	NotAFile	8/8/2017 13:56:06	                   		8547 1572 8 Grey	Intr 0.021158 0.021141 N	EPSON EPSON Flatbed Scanner EPSON Expression 10000XL 1.8 V3.45 3.45	0.0 [0]	4648.0000 1040.5000 640.0000 1228.0000  1.0000	Tg A Int Y	50 %	N W Man	19 1.0000 Lin 1.00	0.0120 0.0148 0.0203 0.0240 0.0289 0.0365 0.0481 0.0575 0.0685 0.0869 0.1104 0.1358 0.1795 0.2183 0.2831 0.3664 0.4581 0.5495 0.7145 	16 19 23 27 29 34 40 44 50 59 68 77 92 105 122 144 164 186 219 	0.0120 0.0148 0.0203 0.0240 0.0289 0.0365 0.0481 0.0575 0.0685 0.0869 0.1104 0.1358 0.1795 0.2183 0.2831 0.3664 0.4581 0.5495 0.7145 	0.0000	0.0000	0.0000	0.0000	0.0000	0.0000	85.0044	0.005	1.763	0.506	0.752	0.339	0.363	0.300	0.431	0.544	0.414	0.661	0.789	0.666	0.699	0.503	0.587	0.224	0.557	0.608	0.419	0.334	0.649	0.587	0.547	0.442	0.547	0.631	0.484	0.443	0.444	0.338	0.381	0.275	0.402	0.317	0.423	0.317	0.465	0.317	0.360	0.275	0.360	0.245	0.263	0.338	0.254	0.253	0.232	0.126	0.161	0.156	0.253	0.317	0.232	0.275	0.338	0.338	0.295	0.316	0.316	0.464	0.548	0.548	0.422	0.431	0.473	0.358	0.337	0.400	0.379	0.570	0.529	0.423	0.444	0.423	0.381	0.317	0.254	0.233	0.296	0.360	0.528	0.464	0.422	0.317	0.253	0.254	0.254	0.275	0.190	0.212	0.190	0.254	0.212	0.190	0.122	0.148	0.108	0.088	0.143	0.196	0.233	0.233	0.296	0.233	0.381	0.360	0.423	0.402	0.444	0.423	0.465	0.398	0.361	0.294	0.273	0.186	0.106	0.106	0.101	0.087	0.149	0.126	0.105	0.171	0.147	0.211	0.190	0.253	0.275	0.275	0.296	0.232	0.275	0.206	0.217	0.233	0.360	0.381	0.275	0.317	0.233	0.254	0.338	0.338	0.423	0.381	0.402	0.402	0.487	0.359	0.381	0.360	0.444	0.275	0.296	0.254	0.296	0.296	0.338	0.296	0.190	0.360	0.317	0.316	0.422	0.433	0.580	0.507	0.465	0.613	0.656	0.592	0.677	0.677	0.739	0.782	0.656	0.677	0.487	0.570	0.633	0.569	0.611	0.780	0.698	0.656	0.550	0.677	0.592	0.529	0.550	0.487	0.592	0.571	0.613	0.550	0.529	0.529	0.529	0.381	0.404	0.442	0.507	0.486	0.422	0.343	0.349	0.493	0.486	0.402	0.487	0.313																																																																																																																																																																																																																							
66A_PICO		MRS4	2015	0.000	0.0000	0	0.000		177	RINGWIDTH	1	NotAFile	8/8/2017 14:19:14	                   		7918 1830 8 Grey	Intr 0.021158 0.021141 N	EPSON EPSON Flatbed Scanner EPSON Expression 10000XL 1.8 V3.45 3.45	0.0 [0]	6458.0000 544.0000 763.0000 611.0000  1.0000	Tg A Int Y	50 %	N W Man	19 1.0000 Lin 1.00	0.0120 0.0148 0.0203 0.0240 0.0289 0.0365 0.0481 0.0575 0.0685 0.0869 0.1104 0.1358 0.1795 0.2183 0.2831 0.3664 0.4581 0.5495 0.7145 	16 19 23 27 29 34 40 44 50 59 68 77 92 105 122 144 164 186 219 	0.0120 0.0148 0.0203 0.0240 0.0289 0.0365 0.0481 0.0575 0.0685 0.0869 0.1104 0.1358 0.1795 0.2183 0.2831 0.3664 0.4581 0.5495 0.7145 	0.0000	0.0000	0.0000	0.0000	0.0000	0.0000	120.6129	0.019	1.364	0.586	1.522	1.270	1.102	1.215	1.202	0.829	1.006	0.908	0.773	0.823	0.660	0.726	0.686	0.735	0.869	0.841	0.709	0.737	0.785	0.857	0.752	0.961	0.825	0.795	0.524	0.795	0.876	0.744	0.624	0.632	0.542	0.524	0.526	0.534	0.428	0.586	0.572	0.430	0.463	0.547	0.473	0.430	0.430	0.469	0.596	0.616	0.494	0.442	0.367	0.365	0.394	0.394	0.421	0.527	0.457	0.376	0.437	0.328	0.350	0.384	0.349	0.329	0.298	0.306	0.365	0.238	0.338	0.280	0.282	0.288	0.397	0.360	0.296	0.396	0.440	0.441	0.559	0.426	0.405	0.318	0.411	0.435	0.528	0.407	0.384	0.493	0.568	0.556	0.487	0.541	0.469	0.414	0.483	0.437	0.381	0.288	0.345	0.417	0.526	0.397	0.326	0.396	0.360	0.484	0.465	0.538	0.694	0.691	0.732	0.703	0.749	0.518	0.576	0.457	0.446	0.393	0.501	0.514	0.627	0.727	0.667	0.579	0.488	0.521	0.510	0.481	0.457	0.475	0.442	0.513	0.465	0.483	0.499	0.490	0.555	0.471	0.493	0.565	0.515	0.462	0.422	0.501	0.489	0.477	0.586	0.511	0.519	0.511	0.461	0.438	0.559	0.529	0.579	0.788	0.804	0.573	0.587	0.535	0.586	0.635	0.591	0.449	0.336	0.447	0.596	0.479	0.571	0.486	0.444	0.561	0.598	0.571	0.645	0.563																																																																																																																																																																																			
66B_PICO		MRS4	2015	0.000	0.0000	0	0.000		177	RINGWIDTH	1	NotAFile	8/8/2017 14:19:14	                   		7918 1830 8 Grey	Intr 0.021158 0.021141 N	EPSON EPSON Flatbed Scanner EPSON Expression 10000XL 1.8 V3.45 3.45	0.0 [0]	6507.0000 1210.0000 961.5000 1099.5000  1.0000	Tg A Int Y	50 %	N W Man	19 1.0000 Lin 1.00	0.0120 0.0148 0.0203 0.0240 0.0289 0.0365 0.0481 0.0575 0.0685 0.0869 0.1104 0.1358 0.1795 0.2183 0.2831 0.3664 0.4581 0.5495 0.7145 	16 19 23 27 29 34 40 44 50 59 68 77 92 105 122 144 164 186 219 	0.0120 0.0148 0.0203 0.0240 0.0289 0.0365 0.0481 0.0575 0.0685 0.0869 0.1104 0.1358 0.1795 0.2183 0.2831 0.3664 0.4581 0.5495 0.7145 	0.0000	0.0000	0.0000	0.0000	0.0000	0.0000	117.3865	0.053	0.817	1.023	0.864	0.613	0.930	0.827	0.684	0.507	0.560	0.603	0.720	0.722	0.444	0.454	0.525	0.643	0.629	0.692	0.682	0.799	0.737	0.609	0.684	0.755	0.642	0.806	0.573	0.709	0.864	0.859	0.821	0.850	0.806	0.708	0.675	0.682	0.815	0.739	0.771	0.542	0.510	0.471	0.682	0.610	0.535	0.737	0.788	0.776	0.837	0.613	0.652	0.561	0.575	0.555	0.576	0.730	0.626	0.677	0.696	0.792	0.947	0.736	0.696	0.664	0.603	0.638	0.762	0.690	0.599	0.610	0.729	0.666	0.785	0.838	0.791	0.720	0.699	0.878	1.001	0.721	0.517	0.442	0.387	0.626	0.583	0.532	0.625	0.734	0.816	0.723	0.714	0.657	0.709	0.685	0.723	0.620	0.470	0.406	0.346	0.336	0.611	0.580	0.409	0.370	0.322	0.346	0.418	0.542	0.691	0.592	0.388	0.369	0.316	0.483	0.371	0.332	0.325	0.318	0.495	0.458	0.408	0.495	0.505	0.423	0.432	0.507	0.400	0.381	0.390	0.350	0.369	0.371	0.339	0.338	0.423	0.403	0.420	0.373	0.369	0.462	0.478	0.486	0.413	0.381	0.370	0.433	0.414	0.392	0.444	0.463	0.424	0.540	0.453	0.369	0.518	0.657	0.636	0.498	0.434	0.495	0.410	0.393	0.456	0.400	0.274	0.335	0.291	0.409	0.359	0.401	0.370	0.433	0.440	0.361	0.419	0.344																																																																																																																																																																																			
592A_PICO		MRS4	2015	0.000	0.0000	0	0.000		206	RINGWIDTH	1	NotAFile	8/8/2017 14:36:41	                   		6832 1401 8 Grey	Intr 0.021158 0.021141 N	EPSON EPSON Flatbed Scanner EPSON Expression 10000XL 1.8 V3.45 3.45	0.0 [0]	6086.0000 450.0000 783.0000 405.0000  1.0000	Tg A Int Y	50 %	N W Man	19 1.0000 Lin 1.00	0.0120 0.0148 0.0203 0.0240 0.0289 0.0365 0.0481 0.0575 0.0685 0.0869 0.1104 0.1358 0.1795 0.2183 0.2831 0.3664 0.4581 0.5495 0.7145 	16 19 23 27 29 34 40 44 50 59 68 77 92 105 122 144 164 186 219 	0.0120 0.0148 0.0203 0.0240 0.0289 0.0365 0.0481 0.0575 0.0685 0.0869 0.1104 0.1358 0.1795 0.2183 0.2831 0.3664 0.4581 0.5495 0.7145 	0.0000	0.0000	0.0000	0.0000	0.0000	0.0000	112.2032	1.504	0.909	0.708	2.197	2.374	1.857	1.610	1.174	1.201	0.820	0.946	0.964	1.195	1.323	1.112	1.027	1.108	1.310	1.249	1.331	1.147	1.014	0.832	0.982	0.904	0.547	0.655	0.571	0.719	0.529	0.698	0.846	0.824	0.676	0.946	0.799	0.736	0.822	0.695	0.717	0.780	0.761	0.487	0.592	0.507	0.569	0.548	0.589	0.776	0.734	0.671	0.503	0.587	0.589	0.485	0.506	0.379	0.626	0.497	0.484	0.444	0.487	0.465	0.362	0.400	0.381	0.423	0.529	0.592	0.464	0.465	0.394	0.492	0.442	0.420	0.434	0.532	0.409	0.454	0.383	0.331	0.281	0.366	0.459	0.505	0.464	0.441	0.336	0.317	0.416	0.520	0.448	0.450	0.328	0.299	0.329	0.536	0.271	0.533	0.366	0.430	0.330	0.350	0.420	0.264	0.440	0.359	0.461	0.377	0.408	0.350	0.252	0.470	0.363	0.364	0.266	0.287	0.288	0.354	0.462	0.428	0.351	0.338	0.375	0.370	0.188	0.284	0.314	0.359	0.303	0.361	0.425	0.299	0.354	0.349	0.341	0.334	0.295	0.332	0.333	0.384	0.355	0.432	0.386	0.393	0.401	0.369	0.441	0.426	0.466	0.503	0.591	0.614	0.508	0.468	0.444	0.432	0.381	0.430	0.442	0.509	0.518	0.430	0.546	0.532	0.567	0.574	0.349	0.328	0.360	0.391	0.422	0.296	0.307	0.254	0.328	0.349	0.348	0.349	0.338	0.370	0.391	0.486	0.339	0.434	0.381	0.433	0.338	0.349	0.413	0.465	0.444	0.359	0.254	0.275	0.180	0.326	0.274	0.359	0.274	0.243	0.306	0.359	0.222	0.275	0.274																																																																																																																																																																																																																
592B_PICO		MRS4	2015	0.000	0.0000	0	0.000		182	RINGWIDTH	1	NotAFile	8/8/2017 14:36:41	                   		6832 1401 8 Grey	Intr 0.021158 0.021141 N	EPSON EPSON Flatbed Scanner EPSON Expression 10000XL 1.8 V3.45 3.45	0.0 [0]	5918.0000 934.5000 862.0000 932.5000  1.0000	Tg A Int Y	50 %	N W Man	19 1.0000 Lin 1.00	0.0120 0.0148 0.0203 0.0240 0.0289 0.0365 0.0481 0.0575 0.0685 0.0869 0.1104 0.1358 0.1795 0.2183 0.2831 0.3664 0.4581 0.5495 0.7145 	16 19 23 27 29 34 40 44 50 59 68 77 92 105 122 144 164 186 219 	0.0120 0.0148 0.0203 0.0240 0.0289 0.0365 0.0481 0.0575 0.0685 0.0869 0.1104 0.1358 0.1795 0.2183 0.2831 0.3664 0.4581 0.5495 0.7145 	0.0000	0.0000	0.0000	0.0000	0.0000	0.0000	106.9732	1.274	0.606	0.726	0.730	0.817	0.640	0.828	1.371	1.452	0.907	1.041	0.977	0.922	0.887	0.732	0.715	0.856	0.989	0.715	0.749	0.718	0.670	0.697	0.806	0.885	0.678	0.760	0.775	0.958	1.075	0.988	0.806	0.795	0.728	0.735	0.724	0.998	1.056	1.016	1.006	0.894	1.232	0.954	0.914	1.022	0.776	0.719	0.524	0.696	0.607	0.586	0.586	0.792	0.836	0.646	0.565	0.439	0.376	0.461	0.526	0.505	0.526	0.505	0.420	0.335	0.501	0.646	0.563	0.544	0.357	0.399	0.347	0.599	0.306	0.516	0.359	0.454	0.411	0.486	0.571	0.465	0.677	0.623	0.665	0.591	0.567	0.459	0.325	0.523	0.659	0.574	0.536	0.433	0.529	0.528	0.623	0.563	0.486	0.463	0.365	0.399	0.411	0.440	0.374	0.331	0.384	0.426	0.537	0.452	0.487	0.502	0.467	0.380	0.613	0.608	0.478	0.417	0.484	0.557	0.440	0.486	0.517	0.343	0.368	0.453	0.452	0.327	0.462	0.525	0.429	0.410	0.357	0.284	0.293	0.220	0.324	0.347	0.304	0.375	0.413	0.331	0.413	0.442	0.391	0.382	0.351	0.362	0.388	0.378	0.355	0.308	0.384	0.415	0.413	0.455	0.398	0.372	0.437	0.467	0.396	0.544	0.541	0.572	0.442	0.457	0.517	0.537	0.540	0.393	0.310	0.248	0.226	0.266	0.315	0.262	0.307	0.310	0.317	0.358	0.252	0.312	0.279																																																																																																																																																																																								
