ABJAL_MEX_01	ACCAR_BOL_01	ADDIG_BOT_01	AFXYL_THA_01	AIOCH_DEM_01	ALACU_ARG_01	ALTRI_BRA_01	ALTRI_BRA_02	AMCEA_BOL_01	AMCEA_BOL_03	AMCEA_BRA_02	ANMAC_BOL_01	APMAC_COL_01	ARANG_BRA_01	ARANG_BRA_02	ARANG_BRA_04	ARANG_BRA_05	ARANG_BRA_06	arge032	arge035	arge041	arge042	arge044	arge045	arge053	arge057	arge058	arge064	arge067	ASCAS_BRA_01	ASMUL_BRA_01	ASPOL_BRA_01	ASPOL_BRA_02	ASPYR_BRA_01	ASPYR_BRA_02	ASPYR_BRA_03	ASSUB_BRA_01	ASTOM_BOL_01	ausl037	BAPLU_ZAM_01	BAPLU_ZAM_02	BAPLU_ZAM_03	bol002	bol004	bra002	BRBOE_ZAM_01	BRBOE_ZAM_02	BRSPI_TAN_01	BRSPI_TAN_09	BRSPI_ZAM_02	BRSPI_ZAM_03	BRSPI_ZAM_04	BRSPI_ZAM_05	BRSPI_ZAM_06	BRSPI_ZAM_07	BRSPI_ZAM_08	bt001	bt002	bt003	bt004	bt005	bt006	bt007	bt008	bt009	bt010	bt011	bt012	bt013	bt014	bt015	bt016	bt017	bt018	bt019	bt020	bt021	BUAFR_NAM_01	BUGRA_ECU_01	CAODO_COL_01	CAPLU_BOL_01	CAPYR_COL_01	CEANG_ARG_01	CEANG_ARG_02	CEANG_ARG_03	CEANG_ARG_04	CECAT_BOL_01	CEFIS_BRA_01	CEFIS_BRA_02	CEFIS_BRA_03	CEFIS_BRA_04	CEFIS_BRA_05	CEFIS_BRA_06	CEFIS_BRA_07	CEFIS_BRA_08	CEFIS_BRA_09	CEMIC_BOL_01	CEMIC_BOL_02	CEMIC_BOL_03	CEMIC_BOL_04	CEMIC_BOL_05	CEMIC_BOL_06	CEMIC_BOL_07	CEMIC_BOL_08	CEMON_ECU_01	CENEB_PER_01	CEODO_BOL_01	CEODO_BRA_01	CEODO_BRA_02	CEODO_BRA_03	CEODO_BRA_06	CEODO_BRA_07	CEODO_BRA_10	CEODO_BRA_11	CEODO_COL_08	CEODO_PER_05	CEODO_PER_09	CESAL_MEX_01	CHAXI_THA_01	chin017	chin018	chin019	chin021	chin023	chin024	chin025	chin026	chin027	chin028	chin037	chin038	chin039	chin040	chin041	chin043	chin044	chin045	chin073	chin075	CHTAB_BAN_01	CHTAB_THA_01	COLUC_BRA_01	COPAN_DEM_01	DRSPP_PER_01	ENCYL_CAM_01	ERAFR_ZAM_01	ERIVO_CAM_01	fl003	fl004	fl005	fl006	fl007	fl008	fl009	FOHOD_VIE_01	GEAME_COS_01	GOGLA_COL_01	HAIMP_BRA_01	HAOCH_BRA_01	HASER_BRA_01	HEFOM_BAN_01	HUCRE_PER_01	HUPRO_COL_01	HYCOU_BRA_01	HYCOU_BRA_02	HYCOU_BRA_03	HYSTI_BRA_01	indi021	indi025	indo001	indo002	indo003	indo004	indo005	indo006	indo007	indo008	JACOP_PAN_01	JACOP_PER_02	JUAUS_ARG_01	JUAUS_ARG_02	JUAUS_ARG_03	JUAUS_ARG_04	JUAUS_ARG_05	JUAUS_ARG_06	JUAUS_ARG_07	JUAUS_ARG_08	JUAUS_ARG_09	JUAUS_ARG_10	JUAUS_ARG_11	JUAUS_ARG_12	JUNEO_PER_01	JUPRO_ETH_01	JUPRO_ETH_02	JUPRO_ETH_03	JUPRO_ETH_04	JUPRO_ETH_05	JUPRO_ETH_06	JUPRO_ETH_07	keny001	keny002	LASPE_BAN_01	LIFER_BRA_02	ls001	ls002	MAACA_BOL_02	MAACA_PER_01	MASCL_BOL_01	MATIN_ECU_01	MEAZE_THA_01	mexi021	mexi022	mexi023	mexi024	mexi025	mexi026	mexi027	mexi028	mexi029	mexi030	mexi032	mexi033	mexi034	mexi035	mexi036	mexi037	mexi038	mexi041	mexi042	mexi043	mexi044	mexi045	mexi046	mexi047	mexi048	mexi049	mexi050	mexi051	mexi052	mexi053	mexi054	mexi056	mexi057	mexi058	mexi059	mexi060	mexi061	mexi062	mexi063	mexi064	mexi065	mexi066	mexi067	mexi068	mexi069	mexi070	mexi071	mexi072	mexi073	mexi074	mexi075	mexi076	mexi077	mexi078	mexi079	mexi080	mexi081	mexi082	mexi083	mexi084	mexi085	mexi086	mexi087	mexi088	mexi089	mexi090	mexi091	mexi092	mexi093	mexi094	mexi095	mexi096	mexi097	mexi098	mexi099	mexi100	mexi101	mexi102	mexi103	mexi104	mexi105	mexi109	mexi110	mexi111	mexi112	mexi113	mexi114	mexi115	MIACA_MEX_01	MYBAL_PER_01	NEOPP_BRA_01	NEOPP_BRA_02	nepa001	nepa002	nepa003	nepa004	nepa005	nepa006	nepa007	nepa008	nepa009	nepa010	nepa011	nepa012	nepa013	nepa014	nepa015	nepa016	nepa017	nepa018	nepa019	nepa020	nepa021	nepa022	nepa023	nepa024	nepa025	nepa026	nepa027	nepa028	nepa029	nepa030	nepa031	nepa032	nepa033	nepa034	nepa035	nepa036	nepa037	nepa038	nepa039	nepa040	nepa041	nepa042	nepa043	nepa044	nepa045	nepa046	nepa047	nepa048	nepa049	nepa050	nepa051	nepa052	nepa053	nepa054	nepa055	PAPRA_COL_01	PEELA_DEM_01	ph001	PICEM_MEX_01	PIELL_BAH_01	PIELL_UNI_01	PIELL_USA_03	PIGRE_MEX_01	PIGRE_MEX_02	PIHAR_MEX_01	PIHAR_MEX_02	PIHAR_MEX_03	PIHAR_MEX_04	PIHAR_MEX_05	PIHAR_MEX_06	PIKES_THA_01	PIKES_THA_02	PIKES_THA_03	PIKES_THA_04	PIKES_THA_05	PIKES_THA_06	PIMAR_MEX_01	PIMAR_MEX_02	PIMAR_MEX_03	PIMER_THA_01	PIMER_THA_02	PIMER_THA_03	PIMEX_MEX_01	PIMEX_MEX_02	PIMON_MEX_01	PINEL_MEX_01	PIOOC_MEX_01	PIOOC_MEX_02	PIOOC_MEX_03	PIOOC_MEX_04	PIOOC_MEX_05	PIOOC_MEX_06	PIPAL_UNI_01	PIPAL_UNI_02	PIPAL_UNI_03	PIPAT_MEX_01	PIPIN_MEX_01	PIPIN_MEX_02	PIPIN_MEX_03	PIPSE_MEX_01	PIPSE_MEX_02	PIRUD_MEX_01	PISMI_NEP_01	PISMI_NEP_02	PISMI_NEP_03	PITEO_MEX_01	PITEO_MEX_02	POPYR_BRA_01	POROD_PER_01	POTAR_PER_01	PRBAL_DEM_01	PSMEN_MEX_01	PSMEN_MEX_02	PSSIN_VIE_01	PTANG_NAM_01	QULIN_COL_01	RHCAM_NEP_01	SCBRA_BOL_01	SCBRA_BRA_02	SISAL_MEX_01	SOAPE_BAN_01	SOCHR_USA_01	sur001	SWMAC_BRA_01	SWMAC_PER_02	TAAUR_BRA_01	TAAUR_BRA_02	TAIMP_BOL_01	TAMUC_GUA_02	TAMUC_GUA_03	TAMUC_MEX_01	TAMUC_MEX_04	TAMUC_MEX_05	TAMUC_MEX_06	TEGRA_IND_01	TEGRA_IND_02	TEGRA_THA_01	TEGRA_THA_02	TEGRA_THA_03	TEGRA_THA_04	TEGRA_THA_05	TEGRA_THA_06	TEGRA_THA_07	TEGRA_THA_08	TEGRA_THA_09	TEGRA_THA_10	TEGRA_THA_11	TEPAN_PAN_01	TESIN_CHI_01	TESUP_DEM_01	TESUP_DEM_02	TESUP_IVO_03	th001	th002	th003	th004	th005	th006	TOCIL_AUS_01	TOCIL_AUS_02	TOCIL_BAN_04	TOCIL_THA_03	TRSCL_CAM_01	TRSCL_CAM_02	TRTUB_PAN_01	TSDOM_CHI_01	tw001	tx030	tx033	tx039	tx041	tx042	tx052	tx054	viet001	viet002	XYWIL_DEM_01	ZETUB_BOL_01	zimb001	zimb002	zimb003
1958	0	-4.09999999999999	NA	-68	-202.6	-55.1	0	0	0	0	-23.9	-4.09999999999999	0	0	0	-6.3	0	0	-71.5	0	NA	NA	-71.5	-9.90000000000001	0	-63.3	-0.799999999999997	-71.5	-122.2	-93.9	-131.1	-6.3	-6.3	NA	-31.4	NA	-31.9	-4.09999999999999	-223.3	-31.7	0	0	0	0	-32.7	0	0	-18	0	0	0	-71.2	-17.1	-17.1	-17.1	0	-53.5	-59.8	0	-57.8	-41.5	-56.6	-56.6	-53.5	-88.3	-6.60000000000001	-41.5	-98.5	-6.60000000000001	-38.1	0	0	-47.7	0	0	-41.5	-88.3	-62	0	-62.5	-4.09999999999999	0	-47.4	-91.1	-45.3	-3.80000000000001	0	0	0	0	0	0	0	0	0	0	0	0	0	-7	0	-12.9	-13.2	-4.09999999999999	-111.8	0	0	-15.3	0	0	0	-7.2	-39.9	-81.5	-204	0	0	0	-26.4	0	-2.89999999999999	-12	-5.2	-0.900000000000006	0	0	0	0	0	-200.4	0	0	0	-47.9	NA	0	0	-33.1	-12	0	-68	-145.1	-202.6	0	-92.6	0	-92.6	-93.2	-125.8	-88	-88	-137.5	-126.4	-37.5	-121.5	-39.7	0	-131.1	-31.9	-93.9	-50.3	0	0	0	0	0	0	-58.4	-48	-18.4	-35.1	0	-3.3	-62.1	0	-3.59999999999999	0	-72.6	0	-96.2	-47.4	-91.1	-45.3	-58.6	-84.8	-17	-55.1	-44.2	-35.7	NA	-78.1	0	0	0	0	0	-115.1	0	0	-202.3	-202.3	0	-31.4	-12.8	-108.4	0	0	0	0	-68	0	-41.5	-41.5	NA	-30	-13.7	0	0	-8.09999999999999	-80.9	0	-21.5	-58	-24	0	0	-8.09999999999999	NA	-4.99999999999999	0	0	0	0	-3.70000000000002	-57.1	-29.5	0	0	0	0	0	0	0	NA	NA	NA	NA	NA	-80.9	NA	-88.8	-79.9	-28.2	-42.1	0	-15.6	0	NA	0	-41.5	-16	-20.8	0	-14.6	0	0	-29.6	-30.5	0	-5.5	0	-2.80000000000001	0	0	-8.3	0	0	0	NA	0	0	NA	-0.700000000000003	0	NA	0	0	-6.2	-21.5	-4.10000000000001	-71.3	-34.5	-53.5	-27	0	-39.6	-39.6	-39.6	0	0	0	0	-141.1	-63	0	-10.5	-85	-100.1	-121.1	0	-67.7	-67.7	-10.5	-10.5	-92.7	-63.5	-111.6	-111.6	-63.5	-63.5	0	0	0	-124.4	0	0	0	-27.3	0	-68.9	-2.09999999999999	-4.60000000000001	-10.1	-13.1	-109.6	0	-141.3	0	0	0	0	-67.8	-59.5	0	-42.9	0	0	-57.9	-60.6	-150.8	0	-16.9	0	0	0	NA	-41.4	-62.5	-17.9	-29.3	NA	-313	-115.4	-115.5	-43.4	NA	-30.7	-30.7	-23.1	NA	-18.8	-18.8	0	0	0	-90.6	-90.6	-15.5	0	0	NA	-12.2	-6	-108.1	-88.8	-95.9	0	NA	0	0	-15.9	-59.3	0	-64.5	-46.1	-32.7	-131.3	0	0	0	NA	-90.1	0	-60.5	0	0	0	0	NA	NA	0	NA	-202.6	0	0	-13.5	-62	0	NA	-3.5	NA	-70.8	-50.3	NA	-11.1	0	0	NA	-31.4	-4.09999999999999	-27	-29.9	0	-37	0	0	-35.2	-36.6	-14	-11.7	-11.7	-11.7	-11.7	-9.09999999999999	-74.7	-74.7	-4.80000000000001	-74.7	-74.7	-72.6	-26.3	-202.6	-17.9	-111.2	-16.7	-123.3	-132.9	-90.5	-115.2	-5.5	0	-62.2	0	-68	-92.6	-102.7	-72.6	-107.5	-23.5	-465.4	-437.8	-488.6	-461.1	NA	-102.5	-433.1	-69.1	-3.90000000000001	-202.6	-4.09999999999999	0	0	0
1959	0	-8.8	NA	-23.7	0	-39.7	-10	-80.9	0	0	-161.9	-8.8	-18.2	-81.4	-87.6	-81.8	-3.5	-0.900000000000006	-15	-41.1	NA	NA	-15	-31.4	-69	-56.9	0	-15	-63.3	-5.5	-52.9	-81.8	-81.8	NA	-57.8	NA	0	-8.8	-226.9	-23.2	0	-30.9	0	0	-224.1	0	0	-144.2	-61.1	-26	0	-47.9	0	0	0	0	0	0	-3.10000000000001	0	0	0	0	0	-6	0	0	-17.2	0	0	-34.9	-7.8	0	-1.09999999999999	-1.09999999999999	0	-6	-282	-75.4	-5.5	-8.8	-9.5	-19.9	-17.5	-16.5	-48.5	0	0	0	-1.90000000000001	-20.4	-92.4	-81.4	0	-63.1	0	0	0	0	-12	0	-16.3	-16.2	-8.8	-42.3	-14.4	0	-85.4	0	0	0	-75.3	-39.3	-116.6	-238.2	-46.7	0	-45.3	-24.2	-1.5	-3	-11.3	-8.40000000000001	-5.5	0	0	0	0	0	-49.5	0	0	0	0	NA	-3.2	0	-102.9	-11.3	0	-23.7	-264.1	0	0	-23.8	0	-23.8	-40.5	-9.2	-17.3	-17.3	0	-6.60000000000001	0	-90	-72.2	-18.2	-52.9	0	-5.5	-83.4	0	-18.2	-223.7	-0.0999999999999943	0	-10.7	-12.4	-15.8	-19.2	-3.90000000000001	0	-3	-3.5	0	0	0	-31.3	0	-18.5	-19.9	-17.5	-16.5	-52.2	-18.6	-78.1	-39.7	0	-7.90000000000001	NA	-10.3	-46.7	0	-15.7	-29.9	-22.3	-117	-4.40000000000001	-14.4	-225.4	-225.4	0	-57.8	0	-50.8	0	-30.2	-64	-75.4	-23.7	0	-101.2	-101.2	NA	-99	-43.2	-27.8	-101.2	-83.3	-41.2	-85	-64	-126.6	-144.4	0	-9.69999999999999	-83.3	NA	-59.4	0	0	0	0	-28.5	-48.3	-98.3	-90.7	-84.4	0	-91.7	0	-16.5	-85.4	NA	NA	NA	NA	NA	-41.2	NA	-79.3	-38.9	0	-49.8	-32.8	-121.6	0	NA	0	-101.2	-56.6	-42.4	-12.1	-45.9	-49.9	0	0	-49.4	-13.8	-102.8	-11.4	-38.8	0	0	-64.5	0	0	0	NA	-61.1	-97.5	NA	-28.5	0	NA	-16.9	-34.3	0	0	-48.8	-35.7	-91.7	-118.1	-70.9	0	-122.9	-122.9	-122.9	-45.3	0	-80.9	0	-58.2	-28.9	0	-68.5	-32.8	-20.1	-61.5	0	-43.6	-43.6	-68.5	-68.5	-81.2	-37.7	-34.4	-34.4	-37.7	-37.7	0	0	0	-72.7	0	0	0	-66.8	-58.1	-39.7	0	-63.9	0	-54.8	-45.7	-40.6	-70.1	-40.6	0	0	0	0	-46.5	-25	0	0	0	-5.80000000000001	0	-48	0	0	0	0	0	NA	-16.7	-5.5	-131.8	-32.1	NA	-63.1	-76.7	-72.9	-63	NA	-23.1	-23.1	0	NA	-14.2	-14.2	-55.2	-55.2	-58.2	-58.3	-58.3	-103	-95.1	-46	NA	-95.8	-87.2	-98.9	-79.3	-89.1	0	NA	-21.4	-34.4	-20.2	-124.8	0	-138.8	0	0	-14.3	-21.1	-77.9	-77.9	NA	-209.5	0	-66.9	0	0	0	-27	NA	NA	-19.4	NA	0	0	-9.69999999999999	0	-282	-18.2	NA	-18.5	NA	-114.3	-83.4	NA	-189.5	0	0	NA	-57.8	-8.8	-70.9	-74.3	0	-72.7	0	0	-15.3	-19.5	-86.1	-84.9	-84.9	-84.9	-84.9	-86.6	-45.6	-45.6	-70	-45.6	-45.6	-31.3	0	0	-131.8	-50.4	-104.4	-180.1	-158.8	-86.1	-166	-87.3	-204.6	-127.9	0	-23.7	-23.8	-38.7	-31.3	-4	0	-451.8	-298.1	-351.2	-466.9	NA	-115.4	-194.9	-51.4	-33.7	0	-8.8	-37.6	-29	-34.9
1960	-34.8	0	NA	0	0	-31.4	-59.2	-11.2	-24.6	0	0	0	0	-58.3	-46.2	-127.9	-72.3	-69.1	-40.4	-138.8	NA	NA	-40.4	-27.6	-57	-9.10000000000001	-36	-40.4	-38.2	-102.2	-108.3	-127.9	-127.9	NA	0	NA	-46.3	0	0	0	0	-76.9	0	0	-25.7	0	0	0	0	-61.3	0	-17.6	-67.4	-43.4	-43.4	0	-30	-36.8	0	-42.7	-22.1	-39.4	-39.4	-30	-155.5	-78.6	-22.1	-163.4	-78.6	-30.5	0	0	-39.2	0	0	-22.1	-155.5	-260.7	-18.2	-27.6	0	0	0	-59.6	0	-126.2	-12.2	0	-27.9	-34.5	-65.3	-12.7	-58.3	-55.1	-6.2	-68.6	0	0	-0.399999999999991	0	-1.89999999999999	-8.79999999999998	-1	0	-56.4	-10.8	-24.6	-63.8	-0.799999999999997	-39.1	-12.4	-85.6	-80.6	-15.8	-36.6	0	0	-14.6	-61.2	0	0	0	0	0	0	0	0	0	0	-216.8	0	0	0	-82.9	NA	0	0	-145.6	0	-93.4	0	-16.5	0	0	-18.5	0	-18.5	-131.8	-164.8	-125.2	-125.2	-162.4	-163.4	0	-20.3	0	0	-108.3	-46.3	-102.2	-155.3	0	0	-157	-16.6	-82.6	-41.7	-46.5	0	-0.700000000000003	-102.5	-116.5	0	0	-53.5	0	0	-48.4	0	-66.4	0	-59.6	0	-21.7	-42.2	-151	-31.4	-33.4	-31.7	NA	-44.5	0	-27.8	-56.7	-65.1	-59.9	-160.1	-31.4	-54	-275	-275	-111.5	0	0	-93.4	-30.9	0	-140.9	-18.2	0	-1.89999999999999	-73.5	-73.5	NA	-78.6	-60.7	-93.4	-96.5	0	-76.4	-32.7	-141.3	-156.7	-165.7	-75.6	-1.30000000000001	0	NA	0	-111	0	0	0	-195.8	-39.2	-70.8	-87.7	-83.4	-14.2	-91.8	-15.6	0	-78.6	NA	NA	NA	NA	NA	-76.4	NA	-74.6	-87.1	0	-58.6	-123.7	-153.9	-95.3	NA	-88.3	-73.5	-55.5	-55.7	-83.9	-43.8	-67.9	-107.1	0	-57.1	-82.2	-208.9	-107.7	-44.4	-192	-156.3	-74	-94.5	-76.6	-82.2	NA	-1.40000000000001	-44	NA	-18.4	0	NA	-8	-26.9	-42.7	-54.5	-98.8	-122.7	-11.4	-28.3	-4.09999999999999	0	-87.9	-87.9	-87.9	-14.6	0	-11.2	-43.2	-59.2	0	0	-51.3	0	-14.1	-32.6	0	0	0	-51.3	-51.3	-29.3	0	-3.69999999999999	-3.69999999999999	0	0	0	0	0	-23.4	0	0	0	0	-74.3	0	0	-44.6	0	0	-20.7	0	-33	0	0	0	0	-37.2	0	0	0	0	0	-25.1	-16.2	-30.4	0	-9.39999999999999	0	0	0	NA	-2.60000000000001	-27.6	-45.1	0	NA	-124.5	-84	-85.1	-196.1	NA	-72.9	-72.9	-65.1	NA	-18	-18	0	0	0	0	0	-1.09999999999999	0	-27.4	NA	-8.09999999999999	-1.8	-115.4	-74.6	-80.6	0	NA	-103.3	-33.2	-29	-42.6	-121.6	-51.1	-91.6	0	-174.1	0	-28.2	-28.2	NA	-294	-44	-108.6	0	0	0	0	NA	NA	-42.1	NA	0	0	-1.30000000000001	0	-260.7	0	NA	0	NA	-28.2	-155.3	NA	-125.1	-12.4	0	NA	0	0	-4.09999999999999	-10	-54.1	-12	0	0	-108.8	-100.9	0	0	0	0	0	0	-3.80000000000001	-3.80000000000001	0	-3.80000000000001	-3.80000000000001	-48.4	-0.200000000000003	0	-45.1	-24.4	-7.60000000000001	-62.9	-47.5	-82.5	-54.7	-1.59999999999999	-144.5	-66	-111.5	0	-18.5	-14.9	-48.4	-126.8	-11.4	-438.2	-312.9	-278.8	-460.1	NA	-210.1	-285.4	-12	-77.6	0	0	-102.5	-100	-113.2
1961	0	-154.4	NA	0	0	-113	-9.5	-38.2	0	-51.9	-116.9	-154.4	-19.8	-39.6	-31.5	-99.7	-4.8	-5.2	-61	-117.7	NA	NA	-61	-57.3	-98.6	-106.3	-35.9	-61	-27.1	0	-41.1	-99.7	-99.7	NA	-22.7	NA	0	-154.4	-24.4	0	0	-95.3	-128.1	-142.4	-132.6	0	0	-115.1	0	-16.5	0	0	0	0	0	0	-3.2	-15.7	0	-24	0	0	0	-3.2	-70.4	-37.4	0	-80.6	-37.4	-4.09999999999999	0	0	0	0	0	0	-70.4	-202.1	-115.5	0	-154.4	0	-93.8	-91.3	-97.9	-105.7	0	0	0	0	-31.4	-49.8	-39.6	-1.8	-24.6	-4.9	-121.2	-142.4	-113.5	-148.5	-121.5	-160.3	-156.1	-154.4	-89.5	-7.40000000000001	0	-134.9	0	-29.4	0	0	0	-26.1	-140.6	-18.1	0	-107.4	0	-6.3	-0.100000000000009	-13.8	-4.19999999999999	-21.4	0	0	0	0	0	-69.7	0	0	0	-39.5	NA	0	-46.6	-110.7	-13.8	-18.1	0	-237.1	0	0	-40.8	0	-40.8	-243.3	-301.1	-266.2	-266.2	-337.4	-334.7	-103.5	0	-71.5	-19.8	-41.1	0	0	-98.3	0	-19.8	-225.7	0	-50	-27.8	0	-69.4	0	-85.3	-95.7	0	-60.7	-58.6	0	-6.39999999999999	-56.5	0	-106.1	-93.8	-91.3	-97.9	-71.8	-102	-129.9	-113	-95.6	-96	NA	-82.7	-18.1	-4.7	0	0	0	-67	0	0	-105.4	-105.4	-42.3	-22.7	0	-49.9	0	-64.6	-124.5	-115.5	0	-8.2	0	0	NA	-40.4	-4	0	0	-30.2	-109.8	0	-73.1	-43.6	-170.1	-1.49999999999999	0	-30.2	NA	-3.20000000000002	0	0	0	0	-92.4	-79.3	0	-21.2	-0.0999999999999943	-2.40000000000001	-15.5	-2.90000000000001	0	0	NA	NA	NA	NA	NA	-109.8	NA	-123	-115.2	-140	-21	0	-12.7	0	NA	0	0	0	-2.19999999999999	0	0	-32.8	0	-141.4	0	0	-31.2	0	0	-88.5	-86	-33.4	-0.400000000000006	-5.00000000000001	-3.70000000000002	NA	-60.7	-72.5	NA	-32.1	0	NA	0	-4.3	0	-125.3	-40.4	-165	-48	-76.5	-52.8	0	-4.10000000000001	-4.10000000000001	-4.10000000000001	-107.4	0	-38.2	0	-78.6	-39.3	0	-58.8	-59	-75.3	-115.3	0	-10.7	-10.7	-58.8	-58.8	-33	-14.3	-66.4	-66.4	-14.3	-14.3	0	0	0	-64.6	0	0	0	0	-49.8	-38.9	0	-56.4	0	0	-104.3	0	-82.3	0	0	0	0	0	-8.39999999999999	0	0	0	0	-14.7	0	-68.2	0	0	0	0	0	NA	-1.60000000000001	0	-25.5	0	NA	-312.4	-362.2	-360.2	-57.6	NA	-62.5	-62.5	-134.6	NA	-120.3	-120.3	0	0	0	0	0	0	-49	-23.2	NA	0	0	-9.8	-123	-130.3	-8	NA	0	0	-16	-147.6	-29.7	-159.3	-169.5	-112.7	-356.2	0	-59.1	-59.1	NA	-142.9	-42.8	-81.4	0	0	0	-11.4	NA	NA	0	NA	0	0	0	0	-202.1	-19.8	NA	-121.5	NA	-42.5	-98.3	NA	-228.6	0	0	NA	-22.7	-154.4	-52.8	-52.2	0	-59.7	0	0	-105.9	-91.1	0	0	0	0	0	0	0	0	0	0	0	-56.5	0	0	-25.5	-80.7	0	0	0	-2.3	0	0	-256.7	-68.4	-42.3	0	-40.8	-140.1	-56.5	-29	-19.4	-404.4	-313.8	-334	-426.8	NA	-171.7	-290	0	0	0	-154.4	-41.2	-25.7	-30.9
1962	0	-23	NA	0	0	-137	-49	-132.3	-5.2	-15.6	-170.8	-23	0	-106.4	-127.4	-47.8	-69.7	-72.2	-166.8	-227.4	NA	NA	-166.8	-83.2	-78.7	-169.6	-62.1	-166.8	-65.5	0	-9.3	-47.8	-47.8	NA	0	NA	0	-23	-147.5	0	0	-53	0	-4.29999999999998	-195.9	0	0	0	0	-46.4	0	0	-34.1	-24	-24	0	0	0	0	0	0	0	0	0	-16.1	0	0	-20.1	0	0	0	0	0	0	0	0	-16.1	-209.8	-40.3	-52.8	-23	-11.8	-136.3	-216.3	-132.7	-125.4	-17	-28	-7.8	-12.4	-43.2	-60.7	-106.4	-52	-94.4	-66.6	0	-4.29999999999998	0	-23.6	0	-28.5	-29.9	-23	-46.9	0	-5.2	-16.1	0	0	0	0	0	-49.5	-105.5	-8.59999999999999	0	-50.7	0	0	0	0	0	0	0	0	0	0	0	-127.3	0	0	0	-39.5	NA	0	0	-2.90000000000002	0	0	0	-213.9	0	0	-28.4	0	-28.4	-246.5	-252.7	-269.2	-269.2	-255.5	-261	0	0	-30.7	0	-9.3	0	0	-78.9	0	0	-211.9	0	-56.4	-31.1	-92.2	-145.5	-83.7	-196.4	-192.2	-94.7	-50.9	-150.4	-89.6	0	-42.7	0	-225.4	-136.3	-216.3	-132.7	-104.3	-166.4	-145.1	-137	-125.5	-114.3	NA	-153.6	-8.59999999999999	-53.7	-78.1	-75.7	-74.7	-136.8	-69.1	-73.2	-171.5	-171.5	-19.7	0	0	0	-36	-16.2	-175.3	-40.3	0	0	-102.1	-102.1	NA	-83.6	-60.7	0	-46.4	-18.7	-269.7	0	-105.2	-217.1	-298.4	-4.8	0	-18.7	NA	-22.8	-19.2	-8	0	-13.1	-109.4	-145.2	-91.5	-74.7	-53.4	-65.9	-73	-68.2	0	0	NA	NA	NA	NA	NA	-269.7	NA	-277.1	-268.2	-159.8	-82.9	-23.2	-54.6	0	NA	0	-102.1	-67.2	-39.2	0	-49.1	-49.7	-21.3	-161.4	-57.1	0	-103.9	0	-17.4	-50.1	-23.9	-38.7	0	0	0	NA	-52.8	-47.7	NA	-53.5	0	NA	0	-32.9	-34.4	-37.2	-84.6	-121.3	-49.1	-66.6	-39.6	0	-93.4	-93.4	-93.4	-50.7	0	-132.3	-14.8	-66.8	0	0	-31.2	-45.8	-31.8	-40.2	0	0	0	-31.2	-31.2	-13.3	0	-43.5	-43.5	0	0	0	0	0	-20.5	0	0	0	0	-49.8	0	0	-36.9	0	0	-29	0	-79.9	0	0	0	0	0	0	0	0	0	0	0	0	-68	0	0	0	0	0	NA	0	-52.8	-122.3	0	NA	-245.4	-244.3	-245.6	-196.6	NA	-52.3	-52.3	-52.2	NA	-51.7	-51.7	0	0	-1.5	-8	-8	-17.8	-41.9	-42.5	NA	-27.9	-15.7	-79.2	-277.1	-279.9	0	NA	-2.5	-82.8	0	-79.4	-66	-95.4	-103.1	-17.6	-258.6	0	-22.1	-22.1	NA	-226.9	0	-84.9	0	0	0	-0.300000000000011	NA	NA	0	NA	0	-13.1	0	0	-209.8	0	NA	-28.8	NA	-160.2	-78.9	NA	-39.9	0	0	NA	0	-23	-39.6	-44	0	-45.4	0	0	-211.7	-208.5	-6.40000000000001	-12.9	-12.9	-12.9	-12.9	-10.7	-0.599999999999994	-0.599999999999994	-3.8	-0.599999999999994	-0.599999999999994	-42.7	-24.7	0	-122.3	0	-22.3	-67.6	-55.8	-57.7	-67.3	-15.9	-167.5	0	-19.7	0	-28.4	-17.5	-42.7	-42.4	0	-574.3	-481.8	-512.4	-602.6	NA	-241.8	-536	-4.89999999999999	-17.9	0	-23	-68.3	-69.5	-75.2
1963	0	-168	NA	-72.8	0	-5.59999999999999	-175.8	-114.3	-81.4	-132.1	-136.4	-168	0	-72.5	-79.2	-183.8	-70.9	-68.4	-58.8	-24.9	NA	NA	-58.8	-53	-77.1	-21	-7.10000000000001	-58.8	0	-23.7	-25.2	-183.8	-183.8	NA	0	NA	-41.6	-168	-41	0	0	-1.30000000000001	-130.7	-141.8	-165.5	0	0	0	0	-42.6	0	-44.2	0	0	0	0	0	0	0	0	0	0	0	0	0	0	0	-4.39999999999999	0	0	0	0	0	0	0	0	0	-69.5	-74.6	0	-168	0	-22	-102.2	-18.4	-40.2	-141.3	-56.6	-25.9	-32.4	-148.9	0	-72.5	-163.8	-90.3	-69.7	-127.6	-141.8	-112.9	-176.6	-123.8	-177.6	-179.1	-168	-95.3	-20.7	-81.4	-249.8	-64	-33.7	0	-33.8	0	-55.9	-71.7	-47.8	-49.8	-72.1	-61.9	0	-3.09999999999999	-6.3	-4.59999999999999	0	0	0	0	0	0	-159.1	0	0	0	-104.3	NA	0	0	-126.9	-6.3	-12.2	-72.8	-233.1	0	-63.5	0	0	0	-211.7	-212.4	-208	-208	-250.8	-247.1	-25.2	-46.1	-78.4	0	-25.2	-41.6	-23.7	-63.4	-63.5	0	-168.5	-66.6	-54.3	-71.3	-51.9	-119.9	-74.3	-63.7	-138.3	-82.6	-116.9	-70.4	-83.5	-3.7	0	-63.5	-110.4	-22	-102.2	-18.4	0	-55.8	-70.5	-5.59999999999999	-69.3	-61.2	NA	-51.4	-47.8	-75.7	-27.8	-30.5	-23.1	-32.8	-3.89999999999999	-25.3	-267.4	-267.4	-40.1	0	0	-60.5	-128.9	-37.9	-246.8	-74.6	-72.8	0	0	0	NA	-30.1	-10	0	-16.5	-49.2	-183.7	-11.8	-10.4	-192	-150.7	-11.6	0	-49.2	NA	-114.7	-6.20000000000002	0	0	0	-18.7	-13.7	0	-17.5	-12.7	0	-16.1	0	0	-6.90000000000001	NA	NA	NA	NA	NA	-183.7	NA	-191.2	-185.2	-37.9	0	-21.4	-48	0	NA	0	0	0	0	0	0	0	-10.9	-45	0	0	-40.8	-10.7	0	-15.4	-37	-2.70000000000002	-26.4	0	-1.30000000000001	NA	0	-3.8	NA	-18.6	0	NA	0	-9.19999999999999	-17.8	-28.3	0	-102	-146.3	-179	-88.2	-22	-40.3	-40.3	-40.3	-72.1	-63.5	-114.3	-162.8	-80.9	-38.5	0	-3.89999999999999	-40.8	-55.4	-87.2	0	-18.9	-18.9	-3.89999999999999	-3.89999999999999	-25.6	-19.1	-24.7	-24.7	-19.1	-19.1	0	0	0	-59.9	0	0	0	0	0	-33.3	0	-4.59999999999999	0	0	-75	0	-67.6	0	0	0	0	-16.7	-11.6	0	0	0	0	-12.5	-6.5	-93.7	0	-8.3	0	0	0	NA	0	0	-10	-119	NA	-287.4	-281.5	-280.9	-66	NA	-80.5	-80.5	-38.8	NA	0	0	-70	-70	-73.6	-94.8	-94.8	-87.5	0	0	NA	-90	-77.3	-96.8	-191.2	-191.2	-39.8	NA	0	-81.2	-74.7	-96.7	-89.1	-105.2	-26.9	-52.3	-249	-23.1	-9.5	-9.5	NA	-150.8	0	-101.8	0	0	0	-12.5	NA	NA	-38.1	NA	0	0	0	-19.8	-69.5	0	NA	-175.8	NA	-269.2	-63.4	NA	-27.6	0	-49.8	NA	0	-168	-88.2	-105.1	-50	-98.1	0	0	-98	-74.6	-83.6	-81.9	-81.9	-81.9	-81.9	-81	-85.4	-85.4	-74.2	-85.4	-85.4	0	-15.5	0	-10	-2.30000000000001	-92.7	-45.6	-45.2	-83.6	-53.7	-77.8	-239.6	-126.4	-40.1	-72.8	0	-29.3	0	-87.4	-125.2	-713.5	-626.1	-667.6	-723.1	NA	-260.9	-626.5	-11.1	-13.6	0	-168	-51.7	-19.6	-47.1
1964	0	-105.5	NA	-24.1	-86.7	-19.8	-110	-126.1	-36.7	-73.3	-135.9	-105.5	0	-90	-101.2	-119.9	-86.4	-89.7	-69	-161.2	NA	NA	-69	-52.1	-80.7	-15.7	-42.4	-69	-69.2	0	0	-119.9	-119.9	NA	0	NA	0	-105.5	-204.5	-43.5	0	-131.1	-78.4	-90.2	-132.1	-46.5	0	0	0	-88.2	0	-97.3	-109.3	-99.9	-99.9	0	-14.6	-27.2	0	-33.6	0	-7.59999999999999	-7.59999999999999	-14.6	-40.8	0	0	-49.2	0	-16.6	-0.700000000000003	0	-10.3	0	0	0	-40.8	-213.4	-82.9	-33	-105.5	-32.5	-81.3	-115.4	-73	-154.1	-104.4	-55.5	-39.3	-49.3	-87.9	-85.5	-90	-92.3	-104.1	-83.9	-70.6	-90.2	-65.7	-106.8	-78.3	-113.7	-113.5	-105.5	-76.1	-41.6	-36.7	0	-22	-62.5	0	0	0	0	-206.7	-38	-19.6	-6.40000000000001	0	0	0	0	0	0	0	0	0	0	0	-70.1	0	0	0	-22.7	NA	0	0	-161.7	0	0	-24.1	-235.6	-86.7	-20.9	-39.2	-46.5	-39.2	-77.7	-140.5	-81.3	-81.3	-166	-161.3	-18.2	0	-83	0	0	0	0	-38.1	-20.9	0	-187.8	-85.1	-98.6	-120.7	-162.9	-116.1	-84	-162.7	-205.8	-88.9	-12.8	-142.2	-85	0	-48.4	-20.9	-130.4	-81.3	-115.4	-73	0	-99.4	-170.3	-19.8	-134.5	-114.9	NA	-78.7	-38	0	0	0	0	-8.10000000000001	0	0	-150.4	-150.4	0	0	0	0	-84.5	-3	-238.1	-82.9	-24.1	0	-7.00000000000001	-7.00000000000001	NA	0	-61	-62.9	0	-46.8	-178.7	0	-81.7	-199.5	-144.1	0	0	-46.8	NA	-13.1	0	-3.19999999999999	0	-7.7	-108.1	-94.9	0	0	0	0	0	0	0	0	NA	NA	NA	NA	NA	-178.7	NA	-187.2	-178.1	-102.3	-13	0	0	-24.4	NA	-36	-7.00000000000001	0	0	-39.3	0	-2.19999999999999	0	-103.7	0	0	-64.4	-48.2	0	-42.8	-14.1	-38	0	-6.30000000000001	-12.4	NA	-6.70000000000002	0	NA	-58.5	0	NA	-3.40000000000001	-30.9	0	0	-9.39999999999999	-122.8	-42.1	-60.6	-39.2	0	-3.89999999999998	-3.89999999999998	-3.89999999999998	-6.40000000000001	-20.9	-126.1	-74.6	-96.8	-46.1	0	-22.9	-22	-48.2	-89.6	0	-48.3	-48.3	-22.9	-22.9	-55.3	-45.6	-8.80000000000001	-8.80000000000001	-45.6	-45.6	0	0	0	-83.8	0	0	0	0	-39.1	-52.1	0	-26.9	0	0	-74.2	0	-55.5	0	0	0	0	-37.5	-38.3	0	-3.2	0	0	-36.9	-25.2	-98.7	0	-2.40000000000001	0	0	0	NA	-41.7	-33	-68.9	0	NA	-191.2	-244.2	-242	-222.5	NA	-23.8	-23.8	0	NA	-29.7	-29.7	0	0	0	-26.8	-26.8	-8.8	0	0	NA	-12.2	-10.7	-63.7	-187.2	-187.1	-3.90000000000001	NA	-5.19999999999999	0	-76.5	-68.3	-110.4	-77.8	-109	-18.1	-186.1	0	0	0	NA	-297	-54.3	-37.6	0	0	0	0	NA	NA	-7.89999999999999	NA	-86.7	-7.7	0	-1.69999999999999	-213.4	0	NA	-95.9	NA	-171.6	-38.1	NA	-254	0	-19.6	NA	0	-105.5	-39.2	-44.1	-30.3	-42.6	0	0	-194.2	-186.4	0	0	0	0	0	0	-26.7	-26.7	0	-26.7	-26.7	-48.4	0	-86.7	-68.9	-61.9	-13.7	-35.2	-25	-52.9	-24.2	-12.1	-238.1	-52.8	0	-24.1	-39.2	-76.8	-48.4	-14.3	-31.6	-513.4	-427.9	-448.8	-530.5	NA	-241.7	-452.8	-10.7	0	-86.7	-105.5	-73.4	-27.2	-73.2
1965	-35.3	-79.9	NA	0	0	-106.4	-77.6	-6.89999999999999	0	-64.8	0	-79.9	0	-13.8	-17.4	-64.8	-20.2	-19.1	-189	-181.3	NA	NA	-189	-63.6	-66.9	-173.6	0	-189	-112.1	0	-72.3	-64.8	-64.8	NA	-71.7	NA	0	-79.9	-190.8	-110.8	-43	-74.4	-46	-50.3	-6.00000000000001	0	0	-144	-29.2	-100.6	-51.7	-99.6	-83.1	-77.5	-77.5	0	-19.9	-32.8	0	-26.7	-2.90000000000001	-28.6	-28.6	-19.9	-66.1	-36.7	-2.90000000000001	-89.3	-36.7	-7	0	-5.59999999999999	-16.7	0	0	-2.90000000000001	-66.1	-123.8	-110.3	0	-79.9	0	-106.8	-248.2	-104.8	-131.7	0	0	-6.3	-13.9	-18	-48	-13.8	-55.7	-0.299999999999997	-19.4	-45.8	-50.3	-24.2	-87.7	-45.3	-82.9	-89.8	-79.9	-26.1	0	0	-48.6	0	-2.40000000000001	0	0	0	-91.3	-148.1	0	0	-102.6	-15	0	0	0	0	0	0	0	0	0	0	-141.1	0	0	0	-61.3	NA	0	0	-25.1	0	-98.9	0	-28.8	0	0	0	0	0	-187.4	-214.6	-200.9	-200.9	-222.2	-227	0	0	-64.9	0	-72.3	0	0	-140	0	0	-29.4	0	-16.1	0	-124.4	-51.7	-76.2	-93.5	-97.5	-79	-160.3	0	-81.1	-23.4	-99.8	0	-255.9	-106.8	-248.2	-104.8	-93.7	-148.9	-149	-106.4	-122.2	-109.1	NA	-141.1	0	-58.8	-61.3	-64.9	-58.8	-191.9	-57.7	-58.5	-247.5	-247.5	-128.5	-71.7	0	0	0	-42.8	-134.5	-110.3	0	0	-19.9	-19.9	NA	-9.3	-8	-101.6	-9.10000000000001	-77.4	-158.7	0	-79.8	-119.5	-112.6	-29.7	0	-77.4	NA	-85.2	-98.6	0	0	0	-96.2	-20.3	-16.2	-2.2	0	0	-3.09999999999999	0	0	-4.69999999999999	NA	NA	NA	NA	NA	-158.7	NA	-160.7	-166.6	-98.2	-60	-91	-121.1	-69.6	NA	-83	-19.9	0	-26.4	-85.8	0	-58.9	-96.8	-92.8	-5.89999999999999	-79.8	-145.2	-97.9	0	-83	-96.4	-27	-56	-12.2	-23.6	NA	0	-49.8	NA	-17.3	0	NA	0	0	-12.1	-63.1	-77.7	0	-113.3	-133.3	-64.1	-15.4	-34.8	-34.8	-34.8	-102.6	0	-6.89999999999999	-30.8	-142.6	-93.4	0	-71.6	-109.6	-90.1	-128.9	0	-91.5	-91.5	-71.6	-71.6	-115.4	-88.1	-97.9	-97.9	-88.1	-88.1	0	0	0	-126.6	0	0	0	-50.4	-53.9	-96.3	0	-70	-15.7	-36.5	-112.8	-16	-148	-16	0	0	0	-44.2	-80	0	-20.5	-2.59999999999999	-2.59999999999999	-41.2	-49.5	-162.3	0	-53.8	0	0	0	NA	-49.1	0	-59.9	-7.89999999999999	NA	-266.3	-315.3	-313.9	-94.2	NA	-75	-75	-80.2	NA	0	0	0	0	0	-3.59999999999999	-3.59999999999999	-13.9	0	0	NA	-12.8	0	-81.6	-160.7	-160.5	-10.7	NA	-20.9	-52.1	-39.5	-174.9	-1.59999999999999	-186.9	-149.6	0	-252.4	0	-45.6	-45.6	NA	-172.6	0	-102.4	0	0	0	0	NA	NA	0	NA	0	0	0	0	-123.8	0	NA	-94.6	NA	-98.4	-140	NA	-96.3	0	0	NA	-71.7	-79.9	-64.1	-79.8	0	-74.8	0	0	-98	-91.3	-12.2	-10.1	-10.1	-10.1	-10.1	-8.90000000000001	0	0	-2.19999999999999	0	0	-99.8	0	0	-59.9	-8.79999999999998	-19.8	-98.7	-85.3	-64.7	-114.9	0	-20.5	-267.8	-128.5	0	0	-10.6	-99.8	-44.5	0	-507.5	-459.8	-498.1	-516.3	NA	-115.3	-433.7	0	0	0	-79.9	-86.3	-58.6	-93.3
1966	0	-154.8	NA	0	-36	-36.9	0	-43.2	-62	-148.6	-53.6	-154.8	0	-46.6	-43.6	-71.8	-5.09999999999999	-2.8	-32.2	-95.5	NA	NA	-32.2	-86.9	-39.5	-132.8	-65.3	-32.2	-13	-83.8	-29	-71.8	-71.8	NA	0	NA	-91.9	-154.8	-43.3	0	0	-81.9	-81.4	-99.7	-42.5	0	-2.5	-72.8	0	-45.3	-51	-29.9	0	0	0	0	0	0	0	0	0	0	0	0	-109	-64.8	0	-114.5	-64.8	-29.8	0	-1	0	0	0	0	-109	-137.4	-147.3	0	-154.8	0	-53.9	-50.6	-58.2	-44.3	-41.3	-26.1	0	0	-36.1	-43	-46.6	0	-25.5	-1.8	-79	-99.7	-47.5	-163.6	-60.6	-150.1	-161.4	-154.8	-123.4	-45.2	-62	-54.8	0	0	0	-65.7	-81	0	-123.6	-49.5	-40.2	-7.5	0	0	0	0	0	0	0	0	0	0	0	-185.1	0	0	0	-78.2	NA	0	0	-107.5	0	-70.2	0	-318.3	-36	-45.6	-19.8	0	-19.8	-114.3	-129.1	-112.8	-112.8	-115.9	-125	0	0	-54.7	0	-29	-91.9	-83.8	-179.7	-45.6	0	0	0	-78.5	-91.2	-11.1	-147.6	-76.8	-207	-209.1	-71.8	-113.3	-142	-68.3	0	0	-45.6	-62.5	-53.9	-50.6	-58.2	-40.1	-20.5	-53.6	-36.9	-61	-80.8	NA	-14.7	-49.5	-15.8	-39.7	-45.6	-39	-62.8	0	-37.5	-210	-210	-87.2	0	0	-10.5	-50.5	0	-178.3	-147.3	0	0	0	0	NA	-12.1	0	0	-18.7	-27.3	-122.7	-7.7	-64.9	-125.7	-129.6	-90.3	0	-27.3	NA	-23.2	-53.4	-8.10000000000001	0	-13.1	-75.9	-60.1	0	-12.7	-9.40000000000001	0	-13.5	0	0	-21.2	NA	NA	NA	NA	NA	-122.7	NA	-132.9	-121.5	0	0	-55.2	-38	0	NA	0	0	0	0	0	0	-36.9	-44.5	0	0	-23.2	-36.6	0	0	-64.5	-96.6	0	-35.5	-17.2	-11.7	NA	-63.8	-86.7	NA	-8	0	NA	0	0	0	0	-29.3	-127.5	-53.1	-69.4	-39.7	0	-18	-18	-18	-7.5	-45.6	-43.2	0	-106.8	-61.3	0	-120.9	-36.1	-70.6	-117.4	0	-55.7	-55.7	-120.9	-120.9	-93.6	-53	-60.1	-60.1	-53	-53	0	0	0	-98.3	0	0	0	-55.7	-118.6	-64.3	0	-121.3	0	-38.4	-101.7	-18	-86.3	-18	0	0	0	-58	-50.1	-24.2	-22.8	-36	-36	-48.5	-39.7	-93.2	0	-27.1	0	0	0	NA	-23	0	-29.2	-10.4	NA	-166.1	-105.4	-102.7	-76.5	NA	0	0	-17	NA	0	0	0	0	0	-10.6	-10.6	-63.2	-74.2	-69	NA	-39.8	-42.8	-25.5	-132.9	-134.8	0	NA	-26.2	-56.5	0	-43	-16.6	-60.6	-26.6	0	-159.9	-48	-90	-90	NA	-166.6	0	-27.3	0	0	0	0	NA	NA	-6.3	NA	-36	-13.1	0	0	-137.4	0	NA	-174.8	NA	-33.4	-179.7	NA	-73.2	0	-40.2	NA	0	-154.8	-39.7	-46.5	-4.5	-42.1	0	0	-236.6	-229.4	-43.6	-38.5	-38.5	-38.5	-38.5	-39.7	0	0	-22.2	0	0	0	0	-36	-29.2	-18.3	-55.7	-61.4	-57.8	-15.5	-50	-42.6	-218.6	-275.1	-87.2	0	-19.8	-5.09999999999999	0	-94.4	-21.1	-409.2	-294.8	-300.2	-410.1	NA	-185.5	-261.8	0	0	-36	-154.8	-71.8	-103.2	-90.5
1967	0	-76.3	NA	-31.6	0	-97.8	-59.7	-33	-3.3	-70.6	-81.1	-76.3	0	-53.7	-44.9	-173.7	-40.3	-39.4	-195	-198	NA	NA	-195	-159.9	-137.1	-169.3	-89.6	-195	-186.4	-17.9	0	-173.7	-173.7	NA	0	NA	0	-76.3	-150.6	-45.2	0	-18.7	-53.3	-61.3	-92.9	-43.6	-5.7	-93.9	0	-38.4	0	-41.3	-13.2	-1.20000000000002	-1.20000000000002	0	-9.8	-15.6	-4.10000000000001	-22.8	0	-7.59999999999999	-7.59999999999999	-9.8	-61.3	-30.6	0	-65.3	-30.6	-28	-36.7	-25.7	-5.90000000000001	-18.5	-18.5	0	-61.3	-44.7	-54.4	-64	-76.3	0	-136.8	-256.2	-139.4	-109.5	0	-20.7	-22.1	-28.6	-102.5	0	-53.7	-69.3	-27	-39.2	-47.1	-61.3	-57.3	-82.2	-58.1	-86.7	-85.6	-76.3	-56	0	-3.3	-74.3	-22.4	-23.5	0	0	-36.1	0	-70.7	0	0	-89.9	-10.4	0	-5.60000000000001	-10.6	-10.1	0	0	0	0	0	0	-143.4	0	0	0	-76.4	NA	-49.4	-33.7	-410.5	-10.6	0	-31.6	-141.9	0	-0.599999999999994	-13.7	-43.6	-13.7	-364.6	-385	-370.3	-370.3	-418	-413.6	-57.5	-19	-41.4	0	0	0	-17.9	-60.9	-0.599999999999994	0	-42.4	0	-94.9	-65	-62.3	-145.3	-87.1	-84.3	-87.6	-87.7	-75	-53.6	-87.2	-23.3	0	-0.599999999999994	-265.1	-136.8	-256.2	-139.4	-73.6	-173.7	-128.4	-97.8	-185.8	-173.8	NA	-159.1	0	-36.6	-7	-15.6	-8.89999999999999	-27.5	0	-4.59999999999999	-95.7	-95.7	0	0	0	0	-35.8	-13.6	-187.7	-54.4	-31.6	0	0	0	NA	-14.2	-91.5	0	0	-86.3	-64.6	-33.2	-93.9	-176.6	-244.8	0	-46.1	-86.3	NA	-136.4	0	0	0	0	-97.5	-61.4	0	-1.7	0	0	0	0	0	0	NA	NA	NA	NA	NA	-64.6	NA	-73.7	-67	-12.6	-20	0	-62.5	-7.2	NA	0	0	0	-24.6	0	0	-38.9	0	-11.7	0	0	-115.7	-30.4	0	-55.3	0	-68.9	0	0	0	NA	0	0	NA	-68.4	0	NA	-51.7	-62.7	-16.6	-22.1	-57.6	-88	-156.7	-175.9	-114.5	-31.1	-10.7	-10.7	-10.7	-89.9	-0.599999999999994	-33	-73.7	-117.4	-48.9	0	-92.7	-61.5	-88.9	-112.8	0	-61.2	-61.2	-92.7	-92.7	-83.3	-57.8	-60.8	-60.8	-57.8	-57.8	0	0	0	-94.5	0	0	0	0	-54.9	-62.6	0	-100.2	0	0	-101.3	0	-82.8	0	0	0	0	-18.3	-55.1	0	-14.4	0	0	-36	-26.4	-117.6	0	0	0	0	0	NA	-51.5	-64	-143.1	0	NA	-245.6	-275.2	-276	-141.3	NA	-40.4	-40.4	-45.4	NA	-7.5	-7.5	-13.6	-13.6	-16.5	-47.5	-47.5	-46.8	0	0	NA	-42.4	-25.6	-109.7	-73.7	-76.3	-34	NA	0	-139.2	-94.7	-136.8	-75.1	-144	-153.6	-55.9	-429.2	0	0	0	NA	-184.8	0	-68.4	0	0	0	-54.5	NA	NA	0	NA	0	0	-46.1	0	-44.7	0	NA	-96.6	NA	-193	-60.9	NA	-35	0	0	NA	0	-76.3	-114.5	-129.4	-14.2	-123.7	-9.10000000000001	0	-98.1	-90.4	-40.2	-28.7	-28.7	-28.7	-28.7	-34.5	-35.3	-35.3	-23.7	-35.3	-35.3	0	0	0	-143.1	-28.7	-52	-162.3	-161.8	-86.7	-155.9	-26.7	-237	-43.3	0	-31.6	-13.7	-46.5	0	-48	0	-550.7	-465.1	-480.5	-556.4	NA	-296.8	-389.8	0	-43.1	0	-76.3	-67.4	-1.80000000000001	-46.4
1968	0	-140.8	NA	-27.5	-40.8	-150.2	-50.2	-48.2	-3.60000000000001	-82.1	-99	-140.8	0	-81.1	-70.7	-197.4	-19.8	-18.4	-182	-19.5	NA	NA	-182	-3.89999999999999	-26.8	-137.4	-27.6	-182	-108.4	-8.7	-51.4	-197.4	-197.4	NA	0	NA	-14.2	-140.8	-142.3	0	0	-80.1	-129.7	-142.2	-100.3	0	0	0	-1.5	-95.7	0	-67.3	0	0	0	0	0	-0.100000000000009	0	0	0	0	0	0	-20.6	-12.7	0	-34.2	-12.7	0	-23.5	-7.8	0	0	0	0	-20.6	-167.6	-138.5	-53.4	-140.8	0	-66.3	-213.8	-55.4	0	-17.5	-2	-17.4	-20	-100.2	-42.3	-81.1	-49.2	-39.4	-18	-122.6	-142.2	-137.8	-145.3	-135.5	-168	-153	-140.8	-109	-16.9	-3.60000000000001	-26.7	0	-1.09999999999999	-9.90000000000001	0	0	0	-57.4	0	0	-12.7	-34.4	0	0	0	0	0	0	0	0	0	0	-79.3	0	0	0	0	NA	-20	-19.8	-91	0	0	-27.5	-107.3	-40.8	0	0	0	0	-232.2	-221.7	-252	-252	-250.2	-244.9	-20.9	-88.8	0	0	-51.4	-14.2	-8.7	-104.6	0	0	-160.5	0	-172.4	-31.4	-39.7	-80.2	-25.6	-102.3	-123	-37.1	-34.7	-103.3	-33	0	0	0	-227.4	-66.3	-213.8	-55.4	-115.6	-158.6	-17.4	-150.2	-59.7	-57.4	NA	-156.1	0	0	0	0	0	-68.3	0	0	-167.3	-167.3	-0.200000000000003	0	0	-15.2	-33.3	0	-167.5	-138.5	-27.5	0	0	0	NA	-69.3	-5	-92.6	-72.2	-32.2	-13	-79	-34.5	-79.6	-26.5	0	0	-32.2	NA	-14.7	-82	0	0	0	-23	-6.89999999999999	0	-70.4	-66.5	0	-70.5	0	0	-66.9	NA	NA	NA	NA	NA	-13	NA	-16.7	-14.8	-38.3	0	-72.6	-68.2	-59.9	NA	-66.8	0	0	0	-72.5	0	0	-84.5	-30.1	0	-66	-91.6	-77.8	0	-15.3	-38.1	-25.7	-3.60000000000002	0	0	NA	-17.8	0	NA	-37.3	0	NA	0	-12.7	0	0	0	-192.4	-26.9	-43.5	0	0	-21.3	-21.3	-21.3	-12.7	0	-48.2	-21.5	-100.6	-58.4	0	-108.2	-103.8	-85	-108.7	0	-66.9	-66.9	-108.2	-108.2	-98.2	-60.8	-102.8	-102.8	-60.8	-60.8	0	0	0	-99.6	0	0	0	-75.2	-84.8	-66.1	0	-107.6	0	-63.5	-94.5	-49.4	-119.2	-49.4	0	0	0	0	-64.9	-38.2	0	0	0	0	0	-108.2	0	-0.399999999999991	0	0	0	NA	-5.89999999999999	-53.4	-60	-36.8	NA	-45.8	-74.8	-75.9	-25.1	NA	0	0	-10.2	NA	0	0	0	0	0	-32.2	-32.2	-8.89999999999999	0	-17.5	NA	-2.39999999999999	0	-48.1	-16.7	-19.1	0	NA	-6.80000000000001	-57.8	0	-147	-138.1	-164.4	-21.7	-16.2	-261.6	0	0	0	NA	-139.2	0	0	0	0	0	0	NA	NA	-25.6	NA	-40.8	0	0	0	-167.6	0	NA	-126.9	NA	-57.1	-104.6	NA	-75.8	-9.90000000000001	0	NA	0	-140.8	0	0	-20.6	0	0	0	-118.9	-108.1	-1.5	0	0	0	0	0	-32	-32	0	-32	-32	0	0	-40.8	-60	0	-13.9	-77.2	-65.8	-27.7	-69.5	0	-207.3	-159.8	-0.200000000000003	-27.5	0	-10.6	0	-9.90000000000001	0	-372.1	-247.1	-228.2	-401.5	NA	-111.8	-184.5	0	0	-40.8	-140.8	-120.9	-145.6	-134.8
1969	-31.6	-15.5	NA	0	-77.8	-128.1	-6.8	0	0	-12.8	-19	-15.5	0	-5.7	-0.599999999999994	-128.1	-12.4	-13.3	-152.8	-169.3	NA	NA	-152.8	-29.1	-93.6	-110.2	-23.3	-152.8	-172.6	-3.59999999999999	-18.2	-128.1	-128.1	NA	0	NA	-26.7	-15.5	-119.5	0	-4.09999999999999	-72.8	0	-0.900000000000006	-3.8	-15.8	0	-130.6	0	-69.5	-7.19999999999999	0	0	0	0	0	0	0	0	-2.60000000000001	0	0	0	0	-96.5	-12	0	-98.9	-12	-32.2	0	-1.90000000000001	0	0	0	0	-96.5	-24.8	-96.3	0	-15.5	0	-190.8	-179.4	-188.3	-122.7	-20.1	-18.6	-10.3	-25.3	-27.6	-45.3	-5.7	0	0	-11.8	0	-0.900000000000006	-8.3	-28.9	-4.7	-53.3	-40.3	-15.5	-94.3	-33	0	-32.7	-11.6	-58.4	0	0	0	-22.6	-135.2	-32	0	0	-12.2	0	0	0	0	0	0	0	0	0	0	-225.1	0	0	0	-100.9	NA	0	0	-64.5	0	-16.7	0	-76.7	-77.8	0	0	-15.8	0	-153.9	-148.8	-188.6	-188.6	-165.5	-150.4	-22.7	-35.3	-12.4	0	-18.2	-26.7	-3.59999999999999	-150.7	0	0	-43.1	-43.7	-93.5	-70.8	-133.5	-82.1	-61.6	-105.7	-101.7	-62.4	-103.3	-36.1	-63.2	0	-49.8	0	-188.3	-190.8	-179.4	-188.3	-116.4	-158.4	-132.6	-128.1	-152	-149.2	NA	-150.8	-32	-60.2	-64.6	-69.1	-63.8	-61.8	0	-61.4	-259.6	-259.6	-78.5	0	0	-61.8	-39.5	0	-281	-96.3	0	-26.8	-107.2	-107.2	NA	-158.2	-66.7	-115	-100.6	0	-97.8	-26.1	-79.6	-65.1	-35.4	0	-47.7	0	NA	-1.59999999999999	-99.5	0	-2.2	0	-81.8	-80.1	-112.4	-138.9	-110.2	-26.1	-134	-29.5	-28.5	-75.4	NA	NA	NA	NA	NA	-97.8	NA	-89.7	-110.8	-122.4	-62	-101.9	-163.8	-109.3	NA	-107.5	-107.2	-71.5	-24.4	-107.1	-44.3	-14.7	-100.6	-116.9	-39.8	-93.9	-127.8	-119.7	-28.1	-78	-102.8	-52.3	-63.1	-85.7	-78	NA	-10.2	0	NA	-64.1	0	NA	-53.3	-62.1	-70.5	-51.9	-11.2	-235.3	-30	-48	-12.7	0	-168.4	-168.4	-168.4	0	0	0	0	-142.6	-42.6	0	-122	-93.7	-89.5	-104.2	-11.4	-47.8	-47.8	-122	-122	-67.6	-45	-85	-85	-45	-45	0	0	0	-77.6	0	0	0	-13.1	-94.3	-49.9	0	-125.3	0	0	-94.5	0	-105.1	0	0	0	0	-19.9	-43.4	0	-20.9	0	0	-62.3	-44.3	-159.2	0	-41.7	-19.3	-19.3	-19.3	NA	-27.9	0	-53.3	-31.2	NA	-108.2	-116.8	-113.8	-47.5	NA	-31.2	-31.2	-60.7	NA	-115.1	-115.1	0	0	0	0	0	-2.09999999999999	0	0	NA	-2	-4.8	-28.4	-89.7	-90.9	-28.3	NA	-105	0	0	-24.3	-43.6	-32.8	-18.9	-22.7	-155.9	0	0	0	NA	-114.6	-51.6	-63.8	0	0	0	0	NA	NA	-52.9	NA	-77.8	0	-47.7	0	-24.8	0	NA	-49.8	NA	-75.9	-150.7	NA	-2.09999999999999	0	0	NA	0	-15.5	-12.7	-18.8	0	-23	0	0	-123.6	-114.1	0	0	0	0	0	0	0	0	0	0	0	-49.8	-8.5	-77.8	-53.3	-32.6	-9.3	-29.7	-39	-13.4	-15.4	-5.60000000000001	-280.9	-315.7	-78.5	0	0	0	-49.8	-165.9	0	-542.9	-451.9	-507.3	-544.7	NA	-163.2	-434.2	-12.7	-41.5	-77.8	-15.5	-53.5	-57.3	-61
1970	-51.6	-40	NA	0	0	-61.8	0	-36.2	0	-5.80000000000001	-161.7	-40	0	-97.6	-62.6	-58.2	-14.2	-14.6	-58.2	-183.2	NA	NA	-58.2	-82	-77.4	-94.2	-33.7	-58.2	-3.90000000000001	-92.9	-93.8	-58.2	-58.2	NA	-122.3	NA	-54.8	-40	-210.5	-91.4	-49.4	-142.2	-25.1	-34	-143.5	-117.8	0	-16.1	0	-175.9	-51.7	-136.9	-105.7	-98.7	-98.7	0	0	0	0	0	0	0	0	0	-106.9	-68.6	0	-112.1	-68.6	-46.4	0	0	0	0	0	0	-106.9	-94.5	-59.4	0	-40	0	-34.7	-114.6	-30.4	-130.1	-3.5	-6	-8.2	-20.7	-28.6	-0.299999999999997	-97.6	0	-24.6	-12.4	-20.7	-34	-19.2	-41.1	-23.9	-63.6	-50.4	-40	-48.5	-8.5	0	0	0	-9.8	0	-104.7	-68.7	-161.9	-52	-26.9	0	0	0	-25.7	-39.4	-40.1	-36.4	-7.2	0	0	0	0	0	-84.9	0	0	0	0	NA	0	0	-75.9	-40.1	0	0	-114.9	0	0	-7.89999999999999	-117.8	-7.89999999999999	-172	-161.6	-140.8	-140.8	-184.5	-177.3	-43.1	0	0	0	-93.8	-54.8	-92.9	-104.2	0	0	-86.6	0	-110.1	-11.6	0	-2	-43.7	-86	-100.1	-43.3	-81.4	-49.6	-38.5	0	0	0	-127.8	-34.7	-114.6	-30.4	-40.2	-100.5	-153.2	-61.8	-128.7	-120.9	NA	-63.7	-26.9	-31.2	-57.4	-63	-56.7	-137.2	-49.1	-54.7	-229.7	-229.7	-25.1	-122.3	0	-22.2	0	-18.3	-86.6	-59.4	0	-35.1	-24.7	-24.7	NA	0	0	0	-7	0	-66.9	0	-29.3	0	-113.3	0	0	0	NA	-48.2	-14.5	0	0	0	-22.8	-69.2	-25.2	0	0	0	0	0	0	0	NA	NA	NA	NA	NA	-66.9	NA	-67.8	-68	-101.6	0	-5.09999999999999	0	0	NA	0	-24.7	0	0	0	0	0	-11.4	-101.9	0	0	0	0	0	0	0	-0.599999999999994	0	0	0	NA	0	0	NA	0	0	NA	0	0	0	-62.9	0	-111.8	-72.1	-88.2	-77.9	0	-29.6	-29.6	-29.6	0	0	-36.2	0	-28.8	-38.1	0	-113.2	0	-7.40000000000001	-54.9	0	-28.9	-28.9	-113.2	-113.2	-52.4	-24.5	0	0	-24.5	-24.5	0	0	0	-62.4	0	0	0	-20.9	-89.2	-30.4	0	-114.8	0	-5	-40.8	0	0	0	0	0	0	0	-25.2	-19.5	0	0	0	-3.7	0	-8.09999999999999	0	0	0	0	0	NA	0	0	-39.1	-5.2	NA	-198.9	-138.4	-133.8	-24.7	NA	-47.7	-47.7	-80.2	NA	-74.5	-74.5	-31.9	-31.9	-32.2	0	0	-35.7	0	0	NA	-43.5	-7.40000000000001	0	-67.8	-68.9	0	NA	0	-96.7	-55.3	-19.3	-131.6	-23.7	-14.6	-72.8	-197.1	-23.8	0	0	NA	-122.4	-75.1	-64.2	0	0	0	-49.1	NA	NA	0	NA	0	0	0	0	-94.5	0	NA	-33	NA	-111.9	-104.2	NA	-73.7	0	0	NA	-122.3	-40	-77.9	-78.3	-47.8	-82.6	0	0	-126	-113.5	-32.6	-21.1	-21.1	-21.1	-21.1	-28.5	0	0	-14.2	0	0	0	-2.5	0	-39.1	-17.4	-44.2	-50.5	-71.4	0	-22.4	-6.80000000000001	-247.4	-143.1	-25.1	0	-7.89999999999999	-13.7	0	-13.5	-0.700000000000003	-434.8	-367.1	-299.9	-441.2	NA	-152	-316.7	0	-30.5	0	-40	-207.6	-194	-206.2
1971	0	-126.9	NA	0	-24.2	-82.4	-27.6	-89.2	-40.3	-114.9	-245	-126.9	0	-86.2	-87.6	-91.7	-46.5	-44.2	-62.8	-138.5	NA	NA	-62.8	-47.8	-57.7	-114.5	0	-62.8	-32.8	0	-16.6	-91.7	-91.7	NA	0	NA	0	-126.9	-44.4	-57.7	0	-65.4	-89.7	-103	-288.2	-18.7	0	-155.5	-24.7	-75.5	0	-82.1	-87.6	-77.6	-77.6	0	-14	-22.6	0	0	0	0	0	-14	-72.4	-9.19999999999999	0	-77.8	-9.19999999999999	-57.8	-0.599999999999994	-2.5	0	0	0	0	-72.4	-80	-50.5	-21.6	-126.9	0	-29.4	-78.7	-28	-48.7	-12.8	0	-36.2	-41.7	-66.7	-19.1	-86.2	-35.5	-75.5	-43.9	-85	-103	-81.8	-140.3	-90.5	-141.5	-139.7	-126.9	-38.4	0	-40.3	-8.09999999999999	0	-14.7	0	-26.5	0	-56.1	-6.59999999999999	-0.900000000000006	-39.6	-80.5	0	-8.10000000000001	-39.7	-35.8	-21.4	-14.7	0	0	0	0	0	-207.7	0	0	0	-75.3	NA	-7.3	-11.7	-236	-35.8	-59.1	0	-217	-24.2	-47.5	0	-18.7	0	-215.6	-202.2	-198.9	-198.9	-225.8	-210.1	0	-71.9	-27.2	0	-16.6	0	0	-123.9	-47.5	0	-54.3	-6.5	-67.8	-48.4	0	-116.7	0	-71.3	-74.4	0	-32.7	-46.8	0	-45	0	-47.5	-84.7	-29.4	-78.7	-28	-80.6	-83.8	-70.2	-82.4	-87.3	-64.1	NA	-67.8	-0.900000000000006	-9.59999999999999	0	0	0	-18.3	0	0	-253.6	-253.6	-83.8	0	0	-71.4	-28.3	-15.6	-197.5	-50.5	0	0	-62.4	-62.4	NA	-65.2	-12.8	0	-63.2	-50.6	-2.7	-29.2	-38.1	-100.6	-135.3	0	0	-50.6	NA	-58.4	0	-3.10000000000001	0	-11.1	-59.4	-40.2	-57.6	-61.6	-56.2	0	-60.9	-2.5	-13	-60.6	NA	NA	NA	NA	NA	-2.7	NA	-21	-1.10000000000001	0	-37.6	-0.800000000000011	0	0	NA	0	-62.4	-48.7	-11.1	0	-41.3	-38.3	0	0	-36.5	0	-42.9	0	-36.6	-33.5	0	-16.8	0	0	0	NA	0	0	NA	-9.8	0	NA	0	-1.7	-11.1	-39.1	-52.8	-49.1	-81.5	-95.6	-80.9	0	-71.5	-71.5	-71.5	-80.5	-47.5	-89.2	-35	-59.6	0	0	0	0	0	0	-24.2	0	0	0	0	0	0	0	0	0	0	0	0	0	0	0	0	0	0	0	0	0	0	0	0	0	0	-23.4	0	0	0	0	0	0	0	-41.4	0	0	-59.9	-33.7	-62.9	0	-46.5	-40.9	-40.9	-40.9	NA	-34.9	-21.6	-61.7	-12	NA	-297.1	-160.8	-161.1	-78.7	NA	-35.9	-35.9	-42.4	NA	-34	-34	0	0	0	0	0	0	0	0	NA	0	0	-67.6	-21	-26.9	-24.9	NA	0	-51.5	-53.8	-53.2	-62.4	-63.5	-75.9	-21	-225.7	0	0	0	NA	-125.4	0	-58.4	0	0	0	-42.7	NA	NA	-14.2	NA	-24.2	-11.1	0	0	-80	0	NA	-149.3	NA	-240	-123.9	NA	-23.9	0	-39.6	NA	0	-126.9	-80.9	-85	0	-82.5	0	0	-87	-77.6	0	0	0	0	0	0	0	0	0	0	0	0	0	-24.2	-61.7	0	0	-72.6	-42.2	-50.1	-61.2	0	-69.8	-62.6	-83.8	0	0	-13.2	0	-91.2	-8.60000000000001	-412.1	-357.9	-381	-420.8	NA	-248	-370.6	0	0	-24.2	-126.9	-104.9	-64.3	-100.7
1972	0	-160.8	NA	-91.7	-75.4	-132.8	-122.2	-25.1	0	-136.5	-104.6	-160.8	0	-10.8	-18.9	-183.4	-73.8	-71.8	-219.2	-246.6	NA	NA	-219.2	-119.9	-88.3	-236.6	-62.2	-219.2	-61.1	-51.1	-109.5	-183.4	-183.4	NA	0	NA	-20.1	-160.8	-159	0	0	-96.6	-131.7	-139.4	-126.2	0	0	-119.3	0	-76	0	-13.4	-12.1	0	0	0	-36.1	-47.2	0	-52	-18.9	-38.6	-38.6	-36.1	-58.5	-17.4	-18.9	-80.3	-17.4	-17.7	-20.4	-20	-36.7	-4	-4	-18.9	-58.5	-113.6	-26.9	0	-160.8	0	-102.9	-282.5	-100.9	-166.6	0	-14.7	-44.6	-50.5	-91.9	0	-10.8	-111.3	-22.6	-69	-129.4	-139.4	-105.8	-171.8	-127.9	-175	-172.9	-160.8	-10.9	-19.2	0	-48	0	-38.4	0	-71.1	-51.8	-91.3	-22	-39.3	0	-114.5	-125.7	-61.5	-73.2	-86.9	-74.7	-50.2	-29	-12.7	-24.2	-11.8	-11.8	-170.6	-19.2	-17.6	-27.2	-61.4	NA	-34.2	-73.9	-17.6	-86.9	-17.5	-91.7	-188	-75.4	0	-11.2	0	-11.2	-218.6	-216.5	-207	-207	-249.5	-251.3	-118.5	-41.6	-20.4	0	-109.5	-20.1	-51.1	-186.1	0	0	-59	-9.7	-162.1	-20.6	-65.6	-73	-35.5	-17.3	0	-11	-207.4	0	-10	-66	0	0	-288.6	-102.9	-282.5	-100.9	-104	-181.9	-187.1	-132.8	-168.2	-153.4	NA	-178.5	-39.3	0	0	0	0	-35.2	0	0	-164.8	-164.8	-25.9	0	-2.69999999999999	0	0	0	-226.1	-26.9	-91.7	0	0	0	NA	0	0	-75.1	0	-129.6	-67.9	-20.6	-39.7	-68.6	-93.6	-48.2	0	-129.6	NA	-50.8	-14.6	0	0	-0.5	-54.7	-75.9	0	0	0	0	0	0	0	0	NA	NA	NA	NA	NA	-67.9	NA	-83.7	-65.9	-101.2	-13.3	-17.2	-20.7	0	NA	-39.7	0	0	0	-53.5	0	-8.40000000000001	-20	-100.5	0	-33.7	-34.1	-35.3	0	-51.8	-81.8	-11.2	-0.400000000000006	0	-5.3	NA	-15.1	-58.5	NA	-9.30000000000001	0	NA	0	-5.5	0	0	-16.8	-57	-84.1	-105.3	-36	-29	-11.4	-11.4	-11.4	-114.5	0	-25.1	-97.8	-64.9	-49.2	0	-70.6	-54.3	-45.1	-113.2	-29.6	-51.9	-51.9	-70.6	-70.6	-83.2	-48.6	-66.1	-66.1	-48.6	-48.6	0	0	0	-89.2	0	0	0	-15	-53.2	-54.7	0	-77.3	0	0	-94.6	0	-94	0	0	0	0	-45.9	-45.5	0	0	0	0	-6.3	0	-60.5	0	0	-40.7	-40.7	-40.7	NA	-61.8	0	-26.6	-77.8	NA	-181.6	-177	-173.2	-53	NA	-19.3	-19.3	0	NA	0	0	-32.9	-32.9	-36	-96.4	-96.4	-75.4	-45	-11.5	NA	-69.3	-65.2	-157.2	-83.7	-89.1	-61.9	NA	0	0	-63.9	-177.9	-92.8	-189.2	-147.2	-123.6	-274.9	-12.2	-46.6	-46.6	NA	-105.9	-2	-14.4	0	0	0	-15	NA	NA	0	NA	-75.4	-0.5	0	0	-113.6	0	NA	-176.1	NA	-97.4	-186.1	NA	-43.4	0	0	NA	0	-160.8	-36	-34.7	0	-61.8	0	0	-33.1	-26.8	-60.1	-65.4	-65.4	-65.4	-65.4	-59.5	-98.3	-98.3	-50.2	-98.3	-98.3	0	0	-75.4	-26.6	-40.4	-76.2	-129	-126.1	-128.6	-124	-65.1	-173.1	-91.7	-25.9	-91.7	-11.2	0	0	-82.2	-48.1	-328.3	-226.8	-193.6	-326.4	NA	-80.9	-214.7	0	0	-75.4	-160.8	-73.3	-54.8	-75.5
1973	-31.5	-102.1	NA	0	0	-37.2	0	0	0	-64.3	-50.6	-102.1	0	-0.599999999999994	0	-43.1	0	0	-21.2	-131.9	NA	NA	-21.2	-77.8	-70.5	-27.4	-35.6	-21.2	0	0	-57.9	-43.1	-43.1	NA	0	NA	0	-102.1	-230.2	-163.5	-29.4	-107.7	-43.5	-63.4	-64.6	-94.8	-15.5	-8.8	0	-94.5	-71.1	-97.7	-99.9	-86.7	-86.7	0	0	0	0	0	0	0	0	0	-5.69999999999999	0	0	-20.4	0	0	-2.09999999999999	-7.2	0	0	0	0	-5.69999999999999	-216.5	0	0	-102.1	-27	-29.6	-48.5	-31.9	-80.3	0	0	0	-9.8	0	0	-0.599999999999994	0	0	0	-36.9	-63.4	-49.6	-124.5	-40.2	-135	-132.2	-102.1	-2.7	0	0	-9.7	-7.80000000000001	-0.599999999999994	-6.90000000000001	0	0	-41.3	-205.3	-2.5	0	0	-18.6	0	0	0	0	0	0	0	0	0	0	-139.2	0	0	0	-44.8	NA	-23.3	-22.9	-91.1	0	0	0	-141.7	0	0	-35.6	-94.8	-35.6	-12.8	-84.5	-28.1	-28.1	-141.5	-128	-41.4	-5.8	0	0	-57.9	0	0	-99.8	0	0	-136.3	0	-49.6	-41.8	0	-152.2	-22	-156.3	-154.7	-24.5	-56.9	-142.8	-17.6	-3.40000000000001	-68	0	-58.9	-29.6	-48.5	-31.9	-18.5	-57.2	-109.7	-37.2	-70.5	-53.6	NA	-48.8	-2.5	-2.09999999999999	-32.7	-38.5	-31.7	-132.7	-14.5	-30	-213.6	-213.6	-18.9	0	0	-89.3	0	0	-163.7	0	0	0	-25.1	-25.1	NA	-48.5	0	-54.5	-98.2	-11.3	-17.1	-77	0	0	-102.6	0	0	-11.3	NA	-37.5	-76.9	0	0	0	0	0	-25.9	-69.8	-74	-25.2	-77.9	-24.9	0	-105.8	NA	NA	NA	NA	NA	-17.1	NA	-20.1	-16.6	0	0	-58.2	-55.1	-24.2	NA	-17	-25.1	-5.8	0	-32.2	0	0	-84.1	0	0	-56.5	-70.1	-45.4	0	0	-46.8	0	-45.2	-52.9	-49.5	NA	0	-41	NA	-16.7	0	NA	0	-6.89999999999999	0	-18.5	0	-82	-64.8	-81.6	-72.5	0	-48.2	-48.2	-48.2	0	0	0	0	-41.9	-15.7	0	-89.7	0	-6.09999999999999	-37.7	-1.09999999999999	0	0	-89.7	-89.7	-22.5	0	0	0	0	0	0	0	0	-40.9	0	0	0	0	-52.6	-8.8	0	-86	0	0	-25.3	0	-31.1	0	0	0	0	0	0	0	0	0	0	0	0	-31	0	0	-8.5	-8.5	-8.5	NA	0	0	-44.4	-70.7	NA	-33.9	-249.3	-249	0	NA	0	0	-25.9	NA	-9	-9	-17.5	-17.5	-21.2	-24.8	-24.8	-52.4	0	0	NA	-45.7	-35.6	-29.9	-20.1	-22.7	0	NA	-56.8	-24.6	-4.09999999999999	0	-51.9	0	-96.3	-54.3	-177.4	0	-24.7	-24.7	NA	-42	0	0	0	0	0	-24.3	NA	NA	-15.6	NA	0	0	0	0	-216.5	0	NA	-136.1	NA	-88.6	-99.8	NA	-52.2	-6.90000000000001	0	NA	0	-102.1	-72.5	-74.5	-25.2	-74.8	0	0	-164.3	-155.5	-49	-38.1	-38.1	-38.1	-38.1	-42.7	-5	-5	-35.7	-5	-5	-68	0	0	-44.4	-64.4	-52.8	-104.5	-109.2	-11.6	-82.6	-35.7	-258.3	-151.6	-18.9	0	-35.6	-51.4	-68	-80.7	0	-295.7	-212.8	-243.9	-286.5	NA	-126.8	-142.6	0	-3.40000000000001	0	-102.1	-158.8	-157.1	-160
1974	-46.1	0	NA	0	-14.6	-61.8	-13.4	-9.60000000000001	0	0	-71.3	0	0	-18.6	-15.4	-54.5	-0.299999999999997	0	-54.3	-33.1	NA	NA	-54.3	-26.3	-69.6	-99.2	0	-54.3	-30	0	0	-54.5	-54.5	NA	0	NA	0	0	-167.6	0	0	0	0	0	-58.7	0	0	-44.2	0	0	0	0	-17.8	-3.5	-3.5	0	0	-2.5	0	-0.100000000000009	0	0	0	0	-61.3	0	0	-68.9	0	-2	-12.2	0	0	0	0	0	-61.3	0	-153.2	0	0	-0.900000000000006	-74.1	-87.6	-76.3	-16.7	0	-8.3	0	-1.7	-20.1	-11.6	-18.6	-11.4	-12.6	0	0	0	0	0	0	0	0	0	-73	0	0	-128	0	0	-2.60000000000001	0	0	0	-72.1	0	0	-25.5	0	0	0	0	0	0	0	0	0	0	0	-68	0	0	0	-10.1	NA	0	0	-4.7	0	0	0	-11.1	-14.6	0	-24.1	0	-24.1	-147.1	-171.2	-174.9	-174.9	-183.9	-185.1	0	0	-17.7	0	0	0	0	-54.4	0	0	0	0	-16.9	-29.1	-32.2	-46.4	0	-84.9	-81.6	0	-5.2	-18.2	0	-61.7	0	0	-96	-74.1	-87.6	-76.3	-49.1	-79.5	-35.8	-61.8	-120.2	-102.6	NA	-69.2	0	0	-5.3	-17.2	-10.8	-85.9	0	-3.60000000000001	-130.9	-130.9	0	0	0	0	0	0	-41	-153.2	0	-8.5	0	0	NA	-0.800000000000011	-37	-4	0	-122	-139.3	0	-88	-100.8	-200.1	0	-7.8	-122	NA	-73.6	-106	-15.5	0	-23.3	-91.5	-30.5	0	0	0	-24.1	0	-24.4	0	0	NA	NA	NA	NA	NA	-139.3	NA	-148.3	-139.5	-31.4	0	-110.9	-145.1	-25.1	NA	0	0	0	0	0	0	-27.7	-109.4	-26.3	0	-28.9	-144.5	-38.4	0	-48	-64.8	-31.7	-17.8	0	0	NA	0	0	NA	-47.9	0	NA	-17.3	-30.7	0	-9.2	-39.5	-164.7	-127.9	-154.8	-64.1	-27	0	0	0	-25.5	0	-9.60000000000001	-10.7	-78.7	0	0	-29.1	-52.8	-30.6	-67.6	0	0	0	-29.1	-29.1	0	0	-41	-41	0	0	0	0	0	-1	0	0	0	0	-7.3	0	0	-21.8	0	0	-54	0	-84.7	0	0	0	0	0	0	0	-15	0	0	-17	0	-90.1	0	0	0	0	0	NA	-26.7	0	-32.5	0	NA	-205.6	-265.5	-263.9	-100.3	NA	0	0	-21.8	NA	-78.3	-78.3	0	0	0	0	0	-13.3	0	0	NA	0	0	-24.2	-148.3	-148.4	-26.1	NA	0	-64.7	0	-74.2	-31.4	-77.4	-65.1	0	-213	-35.5	0	0	NA	-118.1	-67.4	0	0	0	0	-16.2	NA	NA	-4.19999999999999	NA	-14.6	-23.3	-7.8	0	0	0	NA	0	NA	-170.5	-54.4	NA	-23.2	-2.60000000000001	0	NA	0	0	-64.1	-69.9	0	-81	-13.4	0	-103.1	-92.4	-14.3	0	0	0	0	-4.10000000000001	0	0	-0.200000000000003	0	0	0	0	-14.6	-32.5	-41.9	0	-123.7	-124	-10.4	-49.8	0	-58.5	0	0	0	-24.1	-36.6	0	-13.9	0	-282.1	-212.9	-236.5	-298.2	NA	-155.1	-228.6	0	0	-14.6	0	0	0	0
1975	0	-38.5	NA	0	-12.2	-53.8	-11.1	0	0	-15	-76.7	-38.5	0	0	0	-174.2	-3.2	-0.899999999999991	-37.6	-109.8	NA	NA	-37.6	-87	-88.3	-89.4	0	-37.6	-28	0	-31.3	-174.2	-174.2	NA	0	NA	0	-38.5	-126	0	0	0	-11.7	-24.2	-137.1	0	0	-90.2	-13.2	0	0	-47.9	0	0	0	0	-12.1	-22.6	-2.8	-31.4	0	-7.5	-7.5	-12.1	-64	-0.200000000000003	0	-76.2	-0.200000000000003	-12.9	-12.8	-27.4	-13.4	-16.2	-16.2	0	-64	-55.7	-65.6	0	-38.5	-0.100000000000009	-63.1	-94.5	-62.1	-103.6	0	-68.8	-14.1	-29.7	-72	0	0	-0.599999999999994	0	-0.199999999999989	-14.2	-24.2	-14.5	-47.9	-10.3	-61.8	-54.6	-38.5	-17.7	-70.9	0	-126.2	-29.2	-16.2	0	0	0	0	-71	-71.4	0	-44.5	0	-5.59999999999999	-24.5	-33.6	-15.2	0	0	0	0	0	0	-126.5	0	0	0	-5.09999999999999	NA	-1.40000000000001	-21.1	0	-33.6	0	0	-21.8	-12.2	0	-41.6	0	-41.6	-72.6	-165.9	-101.2	-101.2	-213.6	-202.7	0	0	-12.4	0	-31.3	0	0	-132.1	0	0	0	-57	-78.3	0	0	-13.5	0	0	0	0	-16.1	0	0	0	-75.9	0	-100.8	-63.1	-94.5	-62.1	-57.3	-34.4	-115.7	-53.8	-50.2	-55	NA	-23.9	-71.4	0	0	0	0	-1.39999999999999	0	0	-133.4	-133.4	-37	0	0	-98.2	0	0	-113	-65.6	0	-35.5	0	0	NA	-24.6	0	-82.1	-7.3	-129.9	-15.3	-9.90000000000001	-25.5	-69.9	-59	0	0	-129.9	NA	-19.4	-105.8	-8.09999999999999	0	-14.2	-31.2	-8.5	0	-6.3	-0.199999999999989	0	-5.89999999999999	-1.09999999999999	0	0	NA	NA	NA	NA	NA	-15.3	NA	-4.2	-22.3	-60.2	-42.6	-98.2	-124.3	-53.9	NA	-56	0	0	-35.8	-64.9	0	-41.1	-107.8	-57.6	-12.8	-79.9	-144.2	-72.5	0	-44.9	-83.3	0	-39.1	0	0	NA	0	0	NA	-31.3	0	NA	0	0	-17.8	0	-53.2	-139.4	-70.1	-98.2	-50.9	0	-36.6	-36.6	-36.6	-44.5	0	0	0	-68.4	-13.8	0	-64	-26.8	-39	-82.7	0	-3.40000000000001	-3.40000000000001	-64	-64	-25.3	0	-35.8	-35.8	0	0	0	0	0	-48.1	0	0	0	0	-45.1	-9.20000000000002	0	-62.2	0	0	-67.5	0	-63.3	0	0	0	0	0	-0.0999999999999943	0	0	0	0	0	0	-56	0	0	0	0	0	NA	-11.3	0	-107.2	-6.40000000000001	NA	-86.9	-174.3	-171.1	-18	NA	0	0	0	NA	-4.2	-4.2	0	0	0	0	0	0	0	0	NA	0	0	-41.4	-4.2	-6.7	-4.2	NA	0	0	-46	-89.9	-121	-99	-47.1	0	-239.2	0	0	0	NA	-44.1	-78.2	0	0	0	0	-11	NA	NA	-28.3	NA	-12.2	-14.2	0	0	-55.7	0	NA	-48.8	NA	-257	-132.1	NA	-6.8	0	0	NA	0	-38.5	-50.9	-49.8	-69.3	-57.6	0	0	0	0	0	0	0	0	0	0	0	0	0	0	0	-75.9	0	-12.2	-107.2	-34.7	0	-21.4	0	-26.4	-14.6	0	-88	-141.1	-37	0	-41.6	-27.1	-75.9	-0.900000000000006	0	-377.9	-304.5	-311.6	-391.7	NA	-73.9	-308.4	0	0	-12.2	-38.5	0	0	0
1976	-21.7	-14.6	NA	-31.7	-14.2	-42.3	-8.3	0	-58.2	0	-229.3	-14.6	0	-2.59999999999999	0	-25.3	0	0	-30.8	-36.4	NA	NA	-30.8	-26.7	0	-82	0	-30.8	-67.1	-36.4	-41.6	-25.3	-25.3	NA	-63.9	NA	-54.6	-14.6	-218.9	-59.8	0	-33.9	-3.7	-11.4	-227.4	-69.5	-35.2	-99.7	-6.8	-36.1	0	0	0	0	0	0	-16.1	-19.7	0	0	-8.30000000000001	-15.7	-15.7	-16.1	-78	0	-8.30000000000001	-84.4	0	-38.9	-4.59999999999999	-13	0	-6	-6	-8.30000000000001	-78	0	0	-19	-14.6	0	-45.1	-50.2	-44.6	-30.5	-40.9	0	0	0	0	-33.8	-2.59999999999999	-2.39999999999999	-4.8	0	0	-11.4	-11.4	-22.9	-7.19999999999999	-30.3	-28.8	-14.6	0	-7.7	-58.2	0	0	-6.3	0	0	0	-66.3	-54.8	-10.6	-39.8	-104.2	-13.9	-18.4	-48	-54.1	-39.3	0	-10.3	0	0	0	0	-71.6	0	0	-7.90000000000001	-48.4	NA	-8.5	-5.09999999999999	-110.4	-54.1	-86.4	-31.7	-278	-14.2	-40	0	-69.5	0	-169.4	-141.4	-155	-155	-142.6	-158.7	-13	-39.2	-40	0	-41.6	-54.6	-36.4	-88.1	-40	0	-112.7	0	-74.6	-25.8	-48.1	-59.3	-116.3	-80.6	-91	-103.6	-39.9	-72	-101.5	-65.7	-75.3	-40	-56.4	-45.1	-50.2	-44.6	-39.5	-40.8	-53.5	-42.3	-62.9	-65.6	NA	-35.7	-10.6	0	0	0	0	-27.8	0	0	-140.4	-140.4	-100.6	-63.9	0	-1.69999999999999	-61.3	0	-34.7	0	-31.7	0	0	0	NA	-4.19999999999999	0	0	-26.2	-65.8	-41.5	0	-56.9	-37.8	-66.3	0	0	-65.8	NA	-54.4	0	0	0	0	-65	-22.4	0	-14.8	-5.90000000000001	-37.4	-21.3	-39.6	0	-28	NA	NA	NA	NA	NA	-41.5	NA	-42.1	-46.8	-97.6	-28.3	0	-41.7	0	NA	0	0	0	-28.3	0	0	-36.8	0	-100.4	-7.60000000000001	0	-36.9	0	0	-68.2	-117	-4.59999999999999	-90.1	-58.2	-58.8	NA	-15.9	0	NA	-6.80000000000001	0	NA	0	0	-4.2	-1.89999999999999	-23.9	-70.8	-87.9	-112.8	-72.6	0	0	0	0	-104.2	-40	0	0	-65.2	0	0	-50.2	-22.5	-15.8	-24.8	0	0	0	-50.2	-50.2	-5.09999999999999	0	-0.0999999999999943	-0.0999999999999943	0	0	0	0	0	-26.5	0	0	0	0	-41.3	0	0	-58.2	0	0	-10.2	0	-61.5	0	0	0	0	0	0	0	0	0	0	0	-4.19999999999999	-80.4	0	0	0	0	0	NA	0	-19	-118.2	-35.7	NA	-137.8	-194.9	-191.2	-23.9	NA	-37.3	-37.3	-5.3	NA	-12.1	-12.1	0	0	-0.100000000000009	-17.9	-17.9	-25.9	0	0	NA	-14.2	-26.3	-68.4	-42.1	-42.9	0	NA	-61.3	-39	-37.9	-169.7	-61.6	-186	-18.4	-16.8	-176.4	0	0	0	NA	-51.3	-37.5	-69.2	0	0	0	-39	NA	NA	-1	NA	-14.2	0	0	0	0	0	NA	-20.1	NA	-80.4	-88.1	NA	-1.59999999999999	0	-39.8	NA	-63.9	-14.6	-72.6	-75.2	-2.29999999999998	-74.9	0	0	-105	-92.7	-18.2	-23.6	-23.6	-23.6	-23.6	-19.7	-31.1	-31.1	-17.2	-31.1	-31.1	-75.3	0	-14.2	-118.2	-25.8	-16.6	-37.1	-18.9	-64.9	-41.7	-25.5	-56.2	-8.5	-100.6	-31.7	0	-33	-75.3	-29.9	0	-315.9	-223.2	-270.9	-317.1	NA	-132.5	-190.1	0	0	-14.2	-14.6	-34.4	0	-25.1
1977	0	-58.5	NA	-57.5	-31.1	-82.2	-26.4	-26.7	0	-55.1	-184.3	-58.5	-7.90000000000001	-34	-30.5	-74.6	0	0	0	0	NA	NA	0	-56.8	-81.1	-75.8	-19.1	0	0	0	0	-74.6	-74.6	NA	0	NA	0	-58.5	-229.7	-50.1	0	-26	-46.9	-52.4	-172.9	-47	0	-84.7	-32.4	-71.1	0	0	0	0	0	0	0	0	0	0	0	0	0	0	0	0	0	0	0	0	0	0	0	0	0	0	0	-5.00000000000001	-76.1	-43.6	-58.5	-41.7	-22.9	-16.9	-23.3	0	-21.1	0	0	0	-39.3	0	-34	-26.9	-23.6	0	-45.2	-52.4	-51.5	-62.7	-47	-64.6	-63.5	-58.5	-64.5	-49.9	0	-40	0	0	-6.7	-17.3	-5.2	0	-135.7	-65.4	0	-195.3	-54.8	-42.8	-55.9	-57.3	-55.1	-14.6	0	0	0	0	0	-121.7	0	0	0	-30.7	NA	0	0	-55.2	-57.3	0	-57.5	-120.2	-31.1	0	-2.89999999999999	-47	-2.89999999999999	-354.1	-401.1	-349.5	-349.5	-407	-395.1	-52.4	-180.1	-81.7	-7.90000000000001	0	0	0	-31.7	0	-7.90000000000001	-55.7	-4.2	-69.6	-21.5	-29.8	-21.4	-25.5	-33.8	-52.2	-42.6	-105.5	-23.7	-40.2	-12.9	-71.9	0	-19.4	-22.9	-16.9	-23.3	-79.7	-34.3	0	-82.2	-118	-115.8	NA	-17.5	-65.4	-13.2	0	0	0	-28.9	0	0	-216.3	-216.3	0	0	0	-4.39999999999999	-25.6	-31	-128.9	-76.1	-57.5	0	-26.5	-26.5	NA	-82.1	0	-10.3	-44.1	-132.4	-89	-33.1	-41	-92.1	-105.1	-25.9	0	-132.4	NA	-103.2	-6.09999999999999	-14	0	-26.9	-48.5	-52.8	-17.3	-73.4	-50.4	-0.299999999999983	-70.2	-5.70000000000002	-5.8	-28.6	NA	NA	NA	NA	NA	-89	NA	-81.8	-105.5	-79.1	-43.3	-14.6	-25.2	0	NA	0	-26.5	-13.6	-31.1	0	-19.8	-36	-3.60000000000001	-81.5	-37.2	0	-29.7	0	-30.6	-11	-24.3	0	0	0	0	NA	-50.2	-29.5	NA	-70.9	0	NA	-4	-34.5	0	-22.6	-33	-113.7	-124.4	-142.1	-62.1	-55.6	-63.4	-63.4	-63.4	-195.3	0	-26.7	-30.1	-100.7	0	0	0	0	-10.3	-31.8	-0.600000000000009	0	0	0	0	-13.9	0	0	0	0	0	0	0	0	-31.9	0	0	0	0	0	0	0	0	-19.1	0	-19.4	0	-27.9	0	0	0	0	-45.1	0	0	-12	0	0	-79.3	-90	-114.6	0	-54.5	-9.2	-9.2	-9.2	NA	-43.7	-43.6	-153.5	-81.2	NA	-182.9	-187.2	-187.4	-104.9	NA	-55.2	-55.2	-43.4	NA	-6.90000000000001	-6.90000000000001	-27.5	-27.5	-31.2	-63.9	-63.9	-43.5	0	0	NA	-55.6	-40.8	-123.5	-81.8	-86.3	-12	NA	-0.400000000000006	-68.2	-81.2	-242.4	-102.9	-256.7	-100.4	-58.7	-408.9	0	-28.6	-28.6	NA	-183.5	0	-81.8	0	0	0	0	NA	NA	-39.1	NA	-31.1	-26.9	0	0	-5.00000000000001	-7.90000000000001	NA	-68.6	NA	-68.7	-31.7	NA	-35.9	-6.7	0	NA	0	-58.5	-62.1	-70.4	-25.8	-91	0	0	-46.9	-40.6	-29.5	-35.2	-35.2	-35.2	-35.2	-33.2	-60.4	-60.4	-23.5	-60.4	-60.4	-71.9	0	-31.1	-153.5	-105.4	-53.5	-124.7	-123	-104.8	-105.3	-41.7	-129.4	-83.3	0	-57.5	-2.89999999999999	-65.6	-71.9	-38.7	-22.8	-602.2	-488.7	-496.1	-608.4	NA	-200	-471.2	0	0	-31.1	-58.5	-102.6	-84.1	-110.6
1978	0	-77.5	NA	0	-234.2	0	-70.6	-87.3	0	-69.9	0	-77.5	0	-198	-125.6	-178.5	-41.2	-39.9	-11.6	-78.3	NA	NA	-11.6	0	-45.2	0	0	-11.6	-69.9	0	-57	-178.5	-178.5	NA	0	NA	0	-77.5	-63	-33.5	0	0	-48.2	-61.1	0	-3.60000000000002	0	-53.4	0	0	0	0	0	0	0	0	0	0	0	0	0	0	0	0	-12.3	0	0	-17.3	0	0	0	0	0	0	0	0	-12.3	-21.6	-162	-21.1	-77.5	-20.7	-53.5	-11.5	-49.9	-52.6	-69	-52	-20.1	-20.3	-167.2	-6.10000000000001	-198	-85.5	-63.7	-35.2	-46.3	-61.1	-48.9	-82.7	-39.7	-74.6	-77.1	-77.5	-29.8	-14	0	-50.6	-55.4	0	0	0	-0.100000000000009	-26.7	-92.1	-22.5	0	-35.2	-42.8	-24.7	-54.9	-51.1	-39.2	-25.1	-2.90000000000001	0	-0.100000000000009	0	0	-88.5	0	0	-0.400000000000006	-27.1	NA	0	-4.90000000000001	-175.5	-51.1	-56.4	0	-34.9	-234.2	0	-46	-3.60000000000002	-46	-183.1	-229.7	-206.8	-206.8	-257.1	-229.7	-51.1	0	-41.3	0	-57	0	0	-30.9	0	0	-23.9	-33.9	-151.4	0	-72.7	-55.2	-12.4	-131.6	-127.7	-34.6	0	-124.1	-29.5	-30.5	-70.4	0	-12.3	-53.5	-11.5	-49.9	0	-17.3	-83.8	0	0	0	NA	-8.5	-22.5	0	-1.80000000000001	-5.5	0	-84.3	0	0	-112.6	-112.6	-45.5	0	0	0	-53	-3.2	-112	-162	0	0	0	0	NA	0	-7.2	-103.7	-11.7	-13.7	-68.1	-25.8	-15	-166.4	-64.6	0	0	-13.7	NA	0	-90.8	0	0	0	-35	-89.5	0	0	0	-30.1	-9.90000000000001	-33.4	0	0	NA	NA	NA	NA	NA	-68.1	NA	-74.7	-68.5	-52.8	0	-88.5	-106.7	-82.3	NA	-83.3	0	0	0	-89.7	0	0	-93.8	-51.8	0	-88.5	-112.6	-96.1	0	-39.8	-45.1	-7.90000000000001	-11.6	0	0	NA	0	0	NA	-31.6	0	NA	0	-25.4	0	0	0	-111.4	-10.3	-28	-10.4	0	0	0	0	-35.2	0	-87.3	-62	0	0	0	-16.6	0	0	-13.4	0	0	0	-16.6	-16.6	0	0	0	0	0	0	0	0	0	-14.7	0	0	0	0	-13.8	0	0	-17.7	0	0	0	0	0	0	0	0	0	0	0	0	0	0	0	-25.6	0	0	0	-17.6	0	0	0	NA	-0.700000000000003	-21.1	-15	0	NA	-146.1	-147.6	-145.2	-59.9	NA	0	0	0	NA	-41.1	-41.1	-3.69999999999999	-3.69999999999999	-8.30000000000001	-5.79999999999998	-5.79999999999998	-39.6	0	0	NA	-36	-33.3	-77.8	-74.7	-78.1	0	NA	-14.5	-7.3	-24.3	-70.8	-107.1	-85.8	-38.5	-69.2	-243.1	0	0	0	NA	-142.5	0	0	0	0	0	0	NA	NA	0	NA	-234.2	0	0	0	-21.6	0	NA	-76.3	NA	0	-30.9	NA	-23.7	0	0	NA	0	-77.5	-10.4	-13.7	-28.3	-19.9	0	0	-136.8	-130.8	-18.8	-25.4	-25.4	-25.4	-25.4	-22.4	-3.20000000000002	-3.20000000000002	-13.6	-3.20000000000002	-3.20000000000002	-70.4	0	-234.2	-15	-29.9	-50.4	-88.5	-74.9	-65.2	-73.6	-34	-202.3	-224.1	-45.5	0	-46	-36.9	-70.4	-44.1	-5.59999999999999	-441.2	-402.2	-344.8	-446.2	NA	-204	-495.7	0	0	-234.2	-77.5	0	0	0
1979	-113.9	0	NA	-109.6	-23.2	-19.7	-66.6	-80.1	0	0	-41.4	0	0	-139.2	-97.5	-264.8	-61.4	-58.3	-50.8	0	NA	NA	-50.8	-48.6	-14.4	-28.7	-48.3	-50.8	0	-12.1	-20.1	-264.8	-264.8	NA	0	NA	-27.5	0	-136.2	0	-34.6	-99.7	0	0	-37	-14.3	0	0	0	-67.8	-30.6	-26.6	-13	0	0	0	-25.5	-32.6	0	-39.4	-11.5	-27.6	-27.6	-25.5	-121.1	-50	-11.5	-132.3	-50	-54.5	-0.799999999999997	0	-21.6	0	0	-11.5	-121.1	-141.6	-140.5	0	0	-7.40000000000001	0	-98.7	0	-9.7	-14.8	-2.2	-72.3	-88.1	-183.2	0	-139.2	-71.1	-63.2	-54.5	0	0	0	0	0	0	0	0	-119.4	-36.4	0	-3.7	0	-17.3	0	-12.2	-18.7	0	-102.5	-26	0	-38.3	-130.2	0	0	0	0	0	0	0	0	0	0	-178.7	0	0	0	-157.9	NA	0	0	-211.9	0	-30.3	-109.6	0	-23.2	0	0	-14.3	0	-100.8	-174.3	-123	-123	-179.3	-189.6	-96.6	-195.7	0	0	-20.1	-27.5	-12.1	-237.9	0	0	0	-59.8	-126.9	-5.5	-123.9	-84.7	0	-55.1	-62.4	-10.7	-56.5	-31.9	-7.59999999999999	-23.4	0	0	-104.7	0	-98.7	0	-26.2	-12.8	-27.2	-19.7	-37.9	-39.6	NA	-10.5	-26	-33.5	-2.09999999999999	-7.09999999999999	0	-105	0	0	-236.8	-236.8	-110.7	0	0	-24	-23.9	-15.9	-9	-140.5	-109.6	-82.2	-60.5	-60.5	NA	-100.3	-28.6	-102.5	-60.6	-35.9	-179.4	-45.1	-52.7	-81.8	-251	-61	-9.5	-35.9	NA	-23	-31.2	0	0	0	-106.1	-96.6	-42.6	-77.8	-55.1	-25.1	-76.7	-26.9	0	-49.3	NA	NA	NA	NA	NA	-179.4	NA	-168.4	-192.1	-39	-112.8	-59.5	-152.2	-88.8	NA	-86.8	-60.5	-27.6	-89.3	-88.4	-28.2	-83.6	-40.2	-42.6	-65.1	-57.7	-156.6	-115.1	-32.3	-109.9	-146.4	-23.8	-134.5	-96.4	-99.5	NA	-27.4	-41.2	NA	-30.9	0	NA	-15.2	-31.8	-55.2	-67.7	-99.6	-101.8	-62.2	-63.6	-47.3	0	-114.9	-114.9	-114.9	-38.3	0	-80.1	-45.1	-117.4	-79.2	0	-57.2	-49.6	-94.8	-139.5	0	-80.9	-80.9	-57.2	-57.2	-109.6	-75	-52.3	-52.3	-75	-75	0	0	0	-111.9	0	0	0	-91.6	-51.8	-80.7	0	-52.3	0	-78.4	-127.9	-63.2	-102.1	-63.2	0	0	0	-68.4	-74.5	-51.8	-27.9	-57.6	-57.6	-51.3	-25.4	-106.8	0	-34.6	0	0	0	NA	-36.3	0	-115.1	0	NA	-225.2	-257.7	-255.1	-138	NA	-74.9	-74.9	-76.6	NA	-74.1	-74.1	-25.1	-25.1	-32.6	-122.2	-122.2	-92.4	-12	-40	NA	-83.2	-60.1	-273.8	-168.4	-171.3	0	NA	-120.4	-63.7	-26.7	-48.2	-83.4	-57.9	-34.5	-103.9	-213.2	-7.7	-33.4	-33.4	NA	-182.8	-165.8	-80.8	0	0	0	0	NA	NA	0	NA	-23.2	0	-9.5	0	-141.6	0	NA	0	NA	-91.5	-237.9	NA	-118.9	0	0	NA	0	0	-47.3	-48.9	-86.8	-52	0	0	-80.4	-76.8	-88	-74.9	-74.9	-74.9	-74.9	-78.5	-126.6	-126.6	-70.1	-126.6	-126.6	0	0	-23.2	-115.1	-22.7	-93.8	-181.8	-186.4	-243.2	-159.5	-60.5	-80.2	-35.3	-110.7	-109.6	0	-17.8	0	-145.1	-29.5	-318.3	-169.7	-197.4	-335.1	NA	-157.8	-226.8	0	-34.9	-23.2	0	-87	-102.5	-93.7
1980	0	-61.7	NA	0	-53.7	-6.30000000000001	-2.5	-19.4	-63.4	-6	-133.3	-61.7	0	-3.2	-3.2	-4.59999999999999	-11.9	-11.6	-20.3	-217.2	NA	NA	-20.3	-45.4	-75.3	-6.5	-60.1	-20.3	0	-113.3	-125.7	-4.59999999999999	-4.59999999999999	NA	-81.5	NA	-122.6	-61.7	0	0	-59.4	-69.9	-41.3	-49.8	-137.9	0	0	-123	0	-90.3	-26.1	-37.3	0	0	0	0	0	0	0	0	0	0	0	0	-31.5	-8.2	0	-35.4	-8.2	0	0	-0.600000000000009	0	0	0	0	-31.5	-142.2	-41.8	-76.9	-61.7	0	-8.3	-55.3	-12.8	-207.4	-2.3	-48.3	0	0	0	0	-3.2	0	-4.3	-10.9	-38.5	-49.8	-35.3	-70.2	-34.2	-74.1	-70.3	-61.7	-88.2	-69.5	-63.4	-49.9	0	0	-8.5	0	0	-201.2	-102.4	-108.6	-59.8	0	-50.1	-3.3	0	-7.09999999999999	0	0	0	0	0	0	0	-64.2	0	0	0	-30.4	NA	0	0	-45.4	-7.09999999999999	-32.2	0	-81.7	-53.7	-60.5	0	0	0	-115.9	-123	-60.9	-60.9	-98.3	-100.5	-69.2	0	0	0	-125.7	-122.6	-113.3	-129.1	-60.5	0	-69	-86.1	-1.19999999999999	-54.9	-25.2	-82.3	-83	-118.2	-167.1	-91.9	-116.6	-21.7	-87.6	0	-41.1	-60.5	-66.3	-8.3	-55.3	-12.8	-0.199999999999989	0	-226.5	-6.30000000000001	-34.5	-45.7	NA	0	-108.6	-16	0	0	0	-88.4	0	0	-301.3	-301.3	-61.8	-81.5	0	-33.1	-51.2	0	-156.3	-41.8	0	-4.19999999999999	0	0	NA	-33.5	-97	-97.4	0	-87.3	-160	-30.1	-143.1	-278.7	-303.8	-12.8	0	-87.3	NA	-28.9	-108.3	-16.3	0	-23.5	-171.3	-36.6	0	-15.2	0	-0.5	-11.5	-4.69999999999999	0	0	NA	NA	NA	NA	NA	-160	NA	-161.8	-156.3	0	-27.9	-110.1	-130.3	-91.3	NA	-77.7	0	0	0	-84.6	0	-20.5	-105	0	0	-93.8	-158.5	-100.9	0	-143.1	-113.8	-79.2	-61.3	-14.1	-29.2	NA	-48.8	-44.6	NA	-30.3	0	NA	0	-35.9	-34.4	-46.5	-35.9	-107.2	-51.8	-65.4	-44.1	0	-11	-11	-11	0	-60.5	-19.4	-11.6	-38	0	0	-118.4	0	-15.3	-28.6	0	0	0	-118.4	-118.4	-12.8	0	-0.400000000000006	-0.400000000000006	0	0	0	0	0	-29.4	0	0	0	0	-80.3	0	0	-123.7	0	0	-19.1	0	-20.1	0	0	0	0	0	0	0	0	0	0	-16.1	0	-18.5	0	0	0	0	0	NA	0	-76.9	-61.5	-86.3	NA	-225.6	-187.9	-186.4	-205.4	NA	-105.4	-105.4	-54.8	NA	-34.6	-34.6	0	0	0	0	0	-11.8	-49	-44.1	NA	-12.5	0	-40.9	-161.8	-166	-36.5	NA	-34.5	-13.5	-22.8	-63.2	-83.4	-73.8	-128.1	-79	-133.6	0	-32.5	-32.5	NA	-288.3	-12.6	-98.5	0	0	0	0	NA	NA	0	NA	-53.7	-23.5	0	0	-142.2	0	NA	-53.5	NA	-205.1	-129.1	NA	-152.7	-8.5	-59.8	NA	-81.5	-61.7	-44.1	-49.9	-74.1	-45.2	0	0	-130.7	-121.2	-8.7	0	0	0	0	-1.59999999999999	0	0	0	0	0	-41.1	0	-53.7	-61.5	-18.1	-18.1	-5.59999999999999	-14.4	-18.5	0	0	-192.5	-222.9	-61.8	0	0	0	-41.1	-38.4	-30	-507	-463	-390.2	-512.6	NA	-187.4	-490.1	-6.59999999999999	0	-53.7	-61.7	-92.2	-72.5	-92.9
1981	0	0	NA	0	-6.39999999999999	-127.8	-16.2	-2	0	0	-120.6	0	0	-96	-10.7	-189.9	-26.5	-26.3	-79.1	-22	NA	NA	-79.1	-0.100000000000023	-8.5	-100.8	0	-79.1	-62.1	-41.4	-170.8	-189.9	-189.9	NA	-93.7	NA	-16.3	0	-37.7	0	0	-62.6	0	0	-144.3	-31.2	0	0	0	-83.7	0	-12.8	0	0	0	0	-19	-30.1	0	-20.2	0	-13.7	-13.7	-19	-19.4	0	0	-23.6	0	-7.7	-15	0	-6.7	0	0	0	-19.4	-231	-137.5	0	0	0	-91.3	-91.1	-87.4	0	0	-33.1	-16.5	-26.5	-107.4	-1.40000000000001	-96	-17.5	0	-24.6	0	0	0	0	-2.40000000000001	-4.49999999999999	0	0	-133.3	-2.7	0	-87.2	-9.3	-11.7	0	-58.6	-70.2	-143.4	-58.2	-21.5	0	0	-16.6	0	0	0	0	-17.3	0	0	0	0	0	-143.7	0	0	0	-79.1	NA	0	-0.700000000000003	-34.1	0	-95.3	0	-101.7	-6.39999999999999	0	-13.9	-31.2	-13.9	-310.6	-351.1	-328.7	-328.7	-320.5	-315.7	-37.2	0	0	0	-170.8	-16.3	-41.4	-88.5	0	0	-227.4	-64	-88.2	-85.2	-98.2	-46.3	0	-52.4	-48.8	0	0	-25.3	0	0	0	0	-104.1	-91.3	-91.1	-87.4	-115.3	-108.5	0	-127.8	-92.5	-90.3	NA	-96.3	-21.5	-73.3	-83.5	-87.8	-83	-160.1	-68.9	-80.8	-232.3	-232.3	-93.7	-93.7	0	-23.3	0	-7.59999999999999	-116.1	-137.5	0	0	0	0	NA	-3.19999999999999	0	-6.00000000000001	0	0	-127.6	0	-74.1	-51.6	-35.2	-36.5	0	0	NA	0	-5.80000000000001	0	0	0	-82	-50.1	0	0	0	0	0	0	0	0	NA	NA	NA	NA	NA	-127.6	NA	-122.4	-135.9	-53.6	0	0	0	0	NA	0	0	0	0	0	0	-37.7	-20.6	-59.8	0	0	-41.2	-17.6	0	-69	-53.1	0	-39	-32	-32.8	NA	-33.4	-63.7	NA	-7.80000000000001	0	NA	0	-11.3	0	-7.69999999999999	-32.4	0	0	-1.80000000000001	0	0	-7.59999999999999	-7.59999999999999	-7.59999999999999	0	0	-2	-23	-68.1	0	0	-81.3	-2.40000000000001	-21.6	0	0	0	0	-81.3	-81.3	0	0	0	0	0	0	0	0	0	0	0	0	0	0	-73.1	0	0	-84.4	0	0	0	0	-37.8	0	0	0	0	-33.9	0	0	-17.7	0	0	-40.6	-9.89999999999999	-62.4	0	0	0	0	0	NA	-11.9	0	-94.2	0	NA	-298.9	-396.6	-394.8	-49.4	NA	-18.1	-18.1	-31.3	NA	-5.60000000000001	-5.60000000000001	0	0	0	0	0	-28.8	-38.4	-34.8	NA	-15	-7.5	0	-122.4	-128.5	0	NA	-28.6	-81.6	-30.9	-44.5	-44.9	-48.3	-146.4	-44.9	-321.3	0	-52.2	-52.2	NA	-105.9	0	-54.6	0	0	0	0	NA	NA	-9.30000000000001	NA	-6.39999999999999	0	0	-6.8	-231	0	NA	-2.2	NA	-51.1	-88.5	NA	-64.4	0	0	NA	-93.7	0	0	0	0	0	0	0	-80	-67.3	-23.9	-11.4	-11.4	-11.4	-11.4	-17.1	0	0	-8.2	0	0	0	0	-6.39999999999999	-94.2	-24.6	-29.8	-12.5	-7.29999999999998	0	0	-8	-217.8	-148	-93.7	0	-13.9	-20.4	0	-68.4	-11.6	-251.6	-138	-130.9	-276.5	NA	-29.7	-63	0	0	-6.39999999999999	0	-41.5	0	-31.7
1982	-10	0	NA	-1	-30.4	-56.2	-42.7	-104.6	0	0	-89.1	0	0	-160.5	-121.9	-180.9	-60.2	-60.8	-109.6	-101.6	NA	NA	-109.6	-42.2	-48	-80.8	-6.3	-109.6	-4.40000000000001	-11.3	-16.1	-180.9	-180.9	NA	0	NA	-89.7	0	-16	-86.1	-69.4	-219.6	0	0	-148.8	-127.6	-3.7	-188.7	-29.7	-278.1	-84.4	-175.4	-118	-106.8	-106.8	-15.2	-42.2	-52.8	-11.3	-17.1	-28	-26.8	-26.8	-42.2	-103.7	-57	-28	-108.4	-57	-84.7	-31.3	-48.8	-9.8	-30.1	-30.1	-28	-103.7	-144	-126.3	0	0	0	-17.2	-159.7	-15.3	-63	0	-27.4	-1.2	-1.39999999999999	-126.8	-38.7	-160.5	-57	-78.8	-54.8	0	0	0	0	0	0	0	0	-78.6	0	0	-49.8	0	-55.5	0	0	-19.9	-10	0	0	0	-183.7	-6.70000000000002	-27	-23	-35.9	-22.2	-19.5	-19.8	-9.80000000000001	-19.4	-9.59999999999999	-9.59999999999999	-175.7	-14.1	-9.40000000000001	-19.7	-99.4	NA	-48.8	-44.7	-16.1	-35.9	-54.2	-1	-30.9	-30.4	0	-22.3	-127.6	-22.3	-13	-4.80000000000001	-18.3	-18.3	-9.80000000000001	-2.5	0	-28.2	-127.6	0	-16.1	-89.7	-11.3	-173	0	0	0	0	-14.8	-14.4	-66.4	-83.6	-115.1	-192.8	-190.1	-120.4	-135.2	-159.2	-120.2	0	-49.4	0	-168.2	-17.2	-159.7	-15.3	-43.5	-81.6	-99.1	-56.2	-86.3	-85.8	NA	-69.1	0	-91.4	-68.7	-70.2	-64.9	-75	-25.1	-65.6	-219.3	-219.3	-59.2	0	0	-46	0	-14.5	-97.1	-126.3	-1	0	-30.8	-30.8	NA	-25.3	-254.6	-135.2	-16	-151.8	-277.7	0	-314.5	-395.7	-376.2	-85.1	-136.1	-151.8	NA	-108.2	-129.8	-48.5	0	-61.3	-334.4	-103.3	-20	0	0	-18.7	0	-20.8	0	-17.9	NA	NA	NA	NA	NA	-277.7	NA	-293.7	-275	-140.3	-87.1	-123.7	-225.8	-128.7	NA	-120.9	-30.8	-4.89999999999999	-77.7	-124.5	-7.09999999999999	-125.1	-131.6	-139.4	-32.9	-115.7	-221.6	-169.9	-6.60000000000001	-289.2	-241.1	-254.2	-166.6	-123.8	-122.1	NA	-101.8	-75.6	NA	-238.6	0	NA	-165	-224.1	-80.8	0	-119.3	-129.8	-125.6	-142	-70.5	-48.3	-70.2	-70.2	-70.2	-183.7	0	-104.6	-51.6	-121.9	-55.4	0	-19	-15	-68	-125.3	-2	-59.9	-59.9	-19	-19	-92.9	-55.2	-11.9	-11.9	-55.2	-55.2	0	0	-8.3	-95.3	0	0	0	-59.5	-49.1	-63.3	0	-21.7	0	-45.8	-112.4	-28.1	-59.3	-28.1	0	0	0	-9.3	-58	-46.8	-15.3	0	0	-45.6	-56.1	-122.5	0	0	-3.59999999999999	-3.59999999999999	-3.59999999999999	NA	-57.2	0	-88.1	0	NA	-159.2	-158.3	-158.5	-383	NA	-15.3	-15.3	0	NA	-25.6	-25.6	-4.80000000000001	-4.80000000000001	-9.7	-2.10000000000002	-2.10000000000002	-56.9	-49.3	-67.6	NA	-61.5	-34.1	-72.9	-293.7	-295.1	-59.9	NA	-129.4	-5.90000000000001	-56.6	-296.3	-138.6	-307.8	0	0	-24.8	0	-63.2	-63.2	NA	-461.1	-64.5	-1.90000000000001	0	0	0	0	NA	NA	0	NA	-30.4	-61.3	-136.1	0	-144	0	NA	0	NA	-44	-173	NA	-4.3	0	0	NA	0	0	-70.5	-82.9	-57.2	-83.6	-41.5	0	-204.5	-196.1	-34.5	-25.6	-25.6	-25.6	-25.6	-27.9	-10.2	-10.2	-19.8	-10.2	-10.2	-49.4	0	-30.4	-88.1	0	-61.3	-129.6	-101.6	-51.6	-137.5	-37	-63.9	-59.4	-59.2	-1	-22.3	-77.5	-49.4	-114.4	-31.8	-642.4	-558.2	-602	-645.7	NA	-127.6	-513.5	0	0	-30.4	0	-321.9	-257.2	-312.4
1983	-46.2	-55.3	NA	0	-43.8	-132.6	-60	0	0	-59.6	-174.1	-55.3	-19.8	-23.1	0	-106.1	-51.7	-52.3	-109.6	-74.1	NA	NA	-109.6	-31.1	-25.2	-61.9	-62.3	-109.6	-63.4	-240.3	-162.1	-106.1	-106.1	NA	-154.4	NA	-267.2	-55.3	-150.9	-56.9	-157.6	-168.5	-32.8	-36.9	-224.2	-15.2	0	-102.7	-1.10000000000001	-134.1	-171	-155.5	-99.7	-84.9	-84.9	-29.8	-42.7	-71.5	-22.7	-79.6	-18.9	-29.3	-29.3	-42.7	-34.4	-0.400000000000006	-18.9	-38	-0.400000000000006	-1.2	-23.9	-65.6	-29.3	-45.8	-45.8	-18.9	-34.4	-294.9	0	-65.8	-55.3	-74.8	-108.8	-186.5	-114.9	0	-35.9	0	0	0	-57.4	-48.7	-23.1	-48.8	0	-50.4	-35.9	-36.9	-21.9	-59.1	-26.5	-55.1	-59.4	-55.3	-29.8	-24.9	0	-27	0	-58.4	0	-123.8	-55.8	-263.4	-95	-27.2	0	-108.3	0	-82.5	-69.1	-98	-91.5	-13.9	-16.3	-23.5	-18.1	-22.6	-22.6	-243	-19.3	-10	-22.6	-135.9	NA	-21.2	-20.6	-22.9	-98	0	0	-179.1	-43.8	0	-92.8	-15.2	-92.8	-82.9	-116	-82.6	-82.6	-114.8	-120.3	0	-127.1	-90.6	-19.8	-162.1	-267.2	-240.3	0	0	-19.8	-175.8	0	-43.6	-35.3	0	-176	-117	-226.7	-252	-119.1	-165.7	-198.7	-115	0	-80.3	0	-200.1	-108.8	-186.5	-114.9	-119.8	-74	0	-132.6	-32.9	-46	NA	-65.4	-27.2	-14.4	-22.8	-34.1	-29.3	-10.4	0	-21.3	-225.8	-225.8	0	-154.4	0	-70.9	-2.2	-92.5	-94.6	0	0	-45.6	-32.6	-32.6	NA	-21.3	-44.4	-129.1	0	-25.1	0	0	-55	-141.5	-136.1	0	-6.3	-25.1	NA	-118.5	-120.4	0	0	-3.7	-70.7	0	-20.2	-5.30000000000001	0	-9.2	-3.19999999999999	-10.2	0	0	NA	NA	NA	NA	NA	0	NA	0	0	-34	-48.5	-115.3	-151.6	-100.8	NA	-110.3	-32.6	0	-22.6	-114.3	0	-49.4	-122.6	-24.1	-16.5	-111.9	-160.8	-115.5	0	-58.1	-77.2	-39.8	-58.3	-24.8	-28.3	NA	0	0	NA	-52.3	0	NA	-15.5	-30.7	-50.1	-95.6	-28.7	0	-131.2	-131.1	-117.8	-56.9	-29.8	-29.8	-29.8	-108.3	0	0	-54.2	-69.3	0	0	-1.89999999999999	-2.79999999999998	-11.4	-34.1	0	0	0	-1.89999999999999	-1.89999999999999	-12.4	0	0	0	0	0	0	0	-0.200000000000003	-36.6	0	0	0	0	-4.90000000000001	0	-7.80000000000001	0	-22.6	0	-26.1	0	-53.2	0	0	0	0	-52.6	0	0	-59.1	0	0	-60.1	-69.4	-69.4	0	0	0	0	0	NA	-74.8	-65.8	-145.7	-96.1	NA	-249.8	-227.2	-229	-154	NA	-78.6	-78.6	-101.1	NA	-131.9	-131.9	-36.5	-36.5	-45.2	0	0	-112	0	0	NA	-74	-102.5	-66.9	0	0	-26.2	NA	-66.6	-103.4	-105.8	-132.3	-50.7	-144.7	-117.5	0	-134	0	-3.10000000000001	-3.10000000000001	NA	-224.7	-38.2	-95.9	0	0	0	-76.9	NA	NA	-19.1	NA	-43.8	-3.7	-6.3	0	-294.9	-19.8	NA	-65.4	NA	-159.9	0	NA	-71.8	0	0	NA	-154.4	-55.3	-117.8	-122.2	-57	-114	0	0	-262.1	-250.8	-107	-107.8	-107.8	-107.8	-107.8	-100.1	-0.599999999999994	-0.599999999999994	-100.4	-0.599999999999994	-0.599999999999994	-80.3	-1.7	-43.8	-145.7	-165.7	-86.8	-78.5	-87.4	-53.4	-34.5	-100.4	-315.8	-171.9	0	0	-92.8	-129.7	-80.3	-133.6	0	-347.1	-215.2	-274	-358.5	NA	-83.2	-157.6	-8.99999999999999	-30.9	-43.8	-55.3	-136.1	-148	-136.3
1984	-42	0	NA	-41.2	-15.3	-74.7	-50.1	-63.8	0	0	-168.2	0	0	-83.4	-67.8	-120.8	-89	-91.1	-44.1	-17.1	NA	NA	-44.1	0	-23.7	-50.3	0	-44.1	-41.6	0	-58.9	-120.8	-120.8	NA	-22.3	NA	0	0	-174	-34.8	-70.3	-131	0	0	-173.4	-21.4	0	-123.9	-30	-132.3	-71	-39.3	-40.8	-26.7	-26.7	-17.8	0	0	0	0	0	0	0	0	-3.8	0	0	-10.5	0	0	-4.8	0	0	0	0	0	-3.8	-140.2	-108.4	0	0	0	-33.6	-66.8	-32.5	-9.5	-23	-52.5	-71.1	-80.3	-108.5	-72	-83.4	-53	-41.4	-80.5	0	0	0	0	0	0	0	0	-13.8	-32.1	0	-104.8	-37.8	-60.2	0	0	0	-12.7	-33.9	-27.2	0	0	-5.09999999999999	0	0	0	0	-4.3	0	0	0	0	0	-113	0	0	0	-24.8	NA	-26.5	-30.6	-87.7	0	0	-41.2	-89.9	-15.3	0	0	-21.4	0	-106.8	-120.1	-111.1	-111.1	-107	-128.5	-34.4	-11.7	-26.6	0	-58.9	0	0	-83.2	0	0	-65.6	-85	-106.8	0	-86.1	-140.4	0	-12.7	-4.40000000000001	0	-50.1	0	0	0	-81.2	0	-78.3	-33.6	-66.8	-32.5	-58.1	-58.4	-34.9	-74.7	-52.8	-57.5	NA	-53.6	-27.2	0	0	-5.3	0	-118.7	0	0	-301.2	-301.2	0	-22.3	0	0	-3.10000000000001	-17.5	-96.4	-108.4	-41.2	-48.2	-25.8	-25.8	NA	-26.8	0	0	-6.59999999999999	-6.2	-97.3	-26.1	-26.3	-70.5	-101.7	0	0	-6.2	NA	-38.4	0	0	0	0	-13.7	-6.79999999999998	-26.5	-11.3	-2.39999999999999	0	-10	0	-14.2	0	NA	NA	NA	NA	NA	-97.3	NA	-95.3	-108.2	-78.2	-42.2	-0.0999999999999943	-34.7	0	NA	0	-25.8	-20.9	-36.1	0	-22	-32.9	0	-68.3	-30.7	0	-25.7	0	-24.7	0	-29.2	0	-2.5	0	0	NA	-2.5	0	NA	-6.90000000000001	0	NA	0	0	-7.2	-51.2	-27.4	0	-38.5	-29.7	0	0	-47.6	-47.6	-47.6	0	0	-63.8	-42	-20.2	-12.9	0	-76.6	0	0	-43.5	-11	0	0	-76.6	-76.6	-13.1	0	0	0	0	0	0	0	0	-32.2	0	0	0	0	-52.3	0	0	-78.5	0	0	-24.2	0	-26.6	0	0	0	0	0	0	0	-5.3	0	0	-25.7	0	-7.90000000000001	0	0	-14.8	-14.8	-14.8	NA	0	0	-78.5	0	NA	-276.7	-206.8	-208.3	-76	NA	-60.3	-60.3	-28.8	NA	0	0	0	0	0	-39.4	-39.4	-25.7	0	0	NA	-12	-15.9	-121.9	-95.3	-94.7	-78.1	NA	0	-87.9	-10.4	-62.3	-183.4	-71.4	-38.4	-39.6	-159	0	0	0	NA	-119.9	-67.7	-50.8	0	0	0	0	NA	NA	-26.2	NA	-15.3	0	0	0	-140.2	0	NA	0	NA	-20.8	-83.2	NA	-156.3	0	0	NA	-22.3	0	0	0	-4.39999999999999	0	0	0	-0.399999999999991	-2.90000000000001	-26.7	-23.8	-23.8	-23.8	-23.8	-21.8	-47.5	-47.5	-20	-47.5	-47.5	-81.2	0	-15.3	-78.5	0	-19.2	-53.7	-47.6	-103.7	-35.6	-15.3	-126.9	-7.3	0	-41.2	0	0	-81.2	-69.1	0	-697	-542.2	-562.4	-702.7	NA	-246.3	-391.1	0	0	-15.3	0	-192.7	-171.3	-197.5
1985	0	0	NA	0	-48.9	-78.5	-26.8	-113.8	0	0	-208.9	0	-38.6	-267.2	-154.9	-153.2	-69.2	-68.6	-104.6	-115.7	NA	NA	-104.6	-35.2	-99.1	-96.4	-36.8	-104.6	0	0	0	-153.2	-153.2	NA	0	NA	0	0	-25.7	0	0	-52.4	0	0	-236.8	0	0	-6	0	-28.7	0	-4.09999999999999	-41.1	-35.9	-35.9	0	0	-10.4	-5.5	-20.4	0	-1.3	-1.3	0	-53.7	0	0	-51	0	-11.6	-33.1	-2.30000000000001	-4.5	0	0	0	-53.7	-130.8	-259.5	-3.69999999999999	0	0	-53.4	-136.9	-53.4	-88.8	-48	-69.4	-73	-79.4	-149.5	-40.4	-267.2	-34.7	-73.7	-61.5	0	0	0	0	0	0	0	0	-184.1	-9.60000000000001	0	-104.8	-50.6	-39.2	0	0	-11.3	0	-90.2	-68.9	0	-26.6	-25.7	-1.30000000000001	0	0	0	0	0	0	0	0	0	-54.1	0	0	0	-21.2	NA	-29.2	-18.3	-71.2	0	-76.3	0	-74.1	-48.9	0	0	0	0	-243.2	-228.5	-264.1	-264.1	-259.6	-259.7	0	-31.9	-98.4	-38.6	0	0	0	-86.4	0	-38.6	-43.9	-100.7	-120.5	0	-12.8	-31.3	-55.7	-66.6	-3.8	-47.6	-59.3	0	-40.3	0	-88.5	0	-139.6	-53.4	-136.9	-53.4	-56.1	-79.8	-98.9	-78.5	-55.9	-49.5	NA	-78.4	-68.9	-3.09999999999999	-21	-22.5	-12.6	-72.1	-9.40000000000001	-19.4	-275.7	-275.7	-94.8	0	0	-30.2	-13	-71.7	-52	-259.5	0	-2.39999999999999	-21.8	-21.8	NA	-24.8	0	0	-10.5	-32.1	-255.5	-0.200000000000003	-22	-111.9	-98.5	-71.8	0	-32.1	NA	-27.7	0	0	0	0	-35.3	-34.5	-12	-22	-6.59999999999999	-24.2	-23.6	-27.4	0	-7.59999999999999	NA	NA	NA	NA	NA	-255.5	NA	-260.9	-253	-89.6	-11.5	0	-5.60000000000001	0	NA	0	-21.8	0	0	0	0	-27.2	0	-83.3	0	0	-15.2	0	0	-38.5	-36.6	0	-28.1	0	0	NA	-94.2	-96.4	NA	-35.8	0	NA	0	-12.9	0	0	-24	-120.3	-62.7	-66.4	-36.8	0	-49.4	-49.4	-49.4	-26.6	0	-113.8	-48.1	-49.6	0	0	-73	0	-17.3	-26.3	0	0	0	-73	-73	0	0	0	0	0	0	0	0	0	-13	0	0	0	0	-45.9	0	0	-69.4	0	0	-20.7	0	-32.5	0	0	0	0	-19.2	0	0	0	0	0	-8.8	0	-39.5	0	0	0	0	0	NA	-45.8	-3.69999999999999	-90.2	0	NA	-115.5	-219.6	-217.7	-73.1	NA	-32.5	-32.5	-23.6	NA	-23.7	-23.7	0	0	0	0	0	0	-116.7	-87.4	NA	0	0	-54.7	-260.9	-262.8	0	NA	0	-1	-49.1	-102.2	-198.5	-115.7	-108.6	0	-277.5	-5.90000000000001	-94.7	-94.7	NA	-84	0	-60	0	0	0	0	NA	NA	-11.7	NA	-48.9	0	0	0	-130.8	-38.6	NA	0	NA	-123.9	-86.4	NA	-85.9	0	0	NA	0	0	-36.8	-42.4	-32.1	-43.8	0	0	-54.7	-66.6	0	0	0	0	0	0	0	0	0	0	0	-88.5	0	-48.9	-90.2	-34	0	-46.6	-26.4	-36.4	-11.4	0	-131.3	-58.1	-94.8	0	0	0	-88.5	-9.39999999999999	0	-424.5	-391.9	-394.4	-422.7	NA	-96.9	-380.1	0	-19.4	-48.9	0	-17.7	-9	-19.1
1986	0	-27.6	NA	0	0	-96.2	-74.4	-23.6	0	-62.5	-197.9	-27.6	0	-12	-9.8	-241.9	-128.6	-125.7	-109	-167.3	NA	NA	-109	-89	-112.4	-91.7	-63	-109	-15.3	0	0	-241.9	-241.9	NA	0	NA	-1.90000000000001	-27.6	-150	-63	0	-48.2	0	0	-223.5	0	0	-40.2	0	-22.1	0	-39.4	0	0	0	0	0	-9.59999999999999	-8.3	-24.5	0	-2.3	-2.3	0	-70.6	-11.9	0	-69.6	-11.9	-72.5	-21.1	-29.7	-15	-17.1	-17.1	0	-70.6	-26.9	-22.9	0	-27.6	0	-20.5	-156.8	-24	-109.2	-17.9	-50.7	-88.5	-107.7	-156.7	0	-12	-70	-12.3	-118	-0.5	0	0	-44.2	0	-39.9	-46.5	-27.6	-140.7	-2.2	0	-48.3	-56.4	-50.6	0	0	0	-18.7	-97.3	-1.2	0	-96.3	-22.8	-49.3	-55.4	-62.3	-58.5	-28.4	0	0	0	0	0	-194.1	0	0	0	-113.8	NA	0	-2	-176.6	-62.3	0	0	-209.7	0	0	-24.1	0	-24.1	-273.8	-268.3	-241	-241	-242.2	-249.4	-26.7	0	-95.8	0	0	-1.90000000000001	0	-31.6	0	0	-50.3	-115.6	-208.9	-34.3	-18.5	-98.3	-86.2	-69.5	-101.6	-94.6	-78.9	-47.8	-92.5	0	-28.7	0	-170.9	-20.5	-156.8	-24	-72.4	-134.8	-132.4	-96.2	-116.4	-96	NA	-118	-1.2	-1.60000000000001	0	0	0	-55	0	0	-295.6	-295.6	0	0	0	-19.5	-45.3	0	-305.7	-22.9	0	0	0	0	NA	-13.7	-13.6	-49.2	-29.5	-69.8	-187.9	0	-62.3	-213.8	-191	-8.09999999999999	-35.1	-69.8	NA	-90.8	-19.7	0	0	0	-48.4	-56.8	0	-16.4	-13.3	0	-20.1	0	0	-22.3	NA	NA	NA	NA	NA	-187.9	NA	-204.4	-180.7	-86.6	0	-11.5	0	0	NA	-11.1	0	0	0	-20.4	0	-21.6	-21.6	-85.6	0	-1	-22.1	-26	0	-30.2	-46	0	-23.3	0	0	NA	0	-60.1	NA	-109.9	0	NA	-54	-97.4	0	0	-30.4	-144.7	-107.9	-118.1	-8.5	-11	-15.6	-15.6	-15.6	-96.3	0	-23.6	-60.5	-54	-4.60000000000001	0	0	0	-24.5	-26.3	-15.6	0	0	0	0	-1	0	0	0	0	0	0	0	0	-23.5	0	0	0	0	0	0	0	0	0	0	-19.6	0	-24.4	0	0	0	0	0	0	0	0	0	0	-22	0	-47.8	0	0	-32.2	-32.2	-32.2	NA	-51	0	-44.3	-54.2	NA	-301	-266.3	-266.7	-86.1	NA	-10	-10	0	NA	0	0	0	0	0	0	0	-26.1	-31.6	0	NA	-16.2	-5.2	-54.7	-204.4	-204.4	-0.799999999999997	NA	0	-14.6	-19.7	-254.6	0	-269.8	-120.5	-11.7	-250.6	0	-59	-59	NA	-131	0	0	0	0	0	0	NA	NA	0	NA	0	0	-35.1	0	-26.9	0	NA	-78.9	NA	-169.8	-31.6	NA	-162.6	0	0	NA	0	-27.6	-8.5	-16.6	-78.7	-13.6	-8.59999999999999	0	-104.9	-87.3	-26.8	-11.8	-11.8	-11.8	-11.8	-17.7	0	0	-11.9	0	0	-28.7	0	0	-44.3	-31.8	-21.8	-49.6	-21.9	-44.4	-43.6	-4.39999999999999	-98.2	-156.3	0	0	-24.1	-14.1	-28.7	-128.9	0	-359.3	-313.3	-369.4	-366	NA	0	-282	-26.5	0	0	-27.6	-26.9	-16.3	-27.1
1987	-80	-71.8	NA	-73.5	-11.8	-98.4	-33.3	-104.5	-19.2	-69	-271	-71.8	0	-208.4	-102.6	-142.4	-78.2	-75.5	-78.3	-199.5	NA	NA	-78.3	-92	-15.6	-129.7	-77.2	-78.3	-78	-98	-97.3	-142.4	-142.4	NA	-58.2	NA	-192.2	-71.8	-104.7	-23.8	-72.4	-156.3	-52.5	-54.8	-324.9	-27.2	0	-1.09999999999999	0	-122.2	-115.9	-106.4	-75.4	-55.5	-55.5	0	-24.8	-31.3	0	-36.2	-5.5	-8.40000000000001	-8.40000000000001	-24.8	-83.6	-43.3	-5.5	-87.6	-43.3	-47	0	0	-6.8	0	0	-5.5	-83.6	-206.1	0	0	-71.8	-40	-116.7	-105.1	-116	-114.7	-26.2	-46.3	-48.6	-56.2	-89.1	-129.4	-208.4	-40.8	-78.9	-74.6	-56.5	-54.8	-26.9	-81.1	-50.1	-77.5	-83.6	-71.8	-60.6	-56.3	-19.2	-61.2	-19.3	-20.9	0	-8.69999999999999	-6.10000000000001	-61.1	-195.1	-60	-8.60000000000001	-53.6	-34	-9.09999999999999	0	-5.69999999999999	0	0	0	0	0	0	0	-196.2	0	0	0	-110.7	NA	0	-15.7	-73.4	-5.69999999999999	0	-73.5	-93.1	-11.8	-6.7	-3	-27.2	-3	-247.4	-230.2	-205.8	-205.8	-212.6	-192.2	-48.5	-36.6	-129.2	0	-97.3	-192.2	-98	-116.1	-6.7	0	-171.2	-75.5	-83.2	-71.7	-145.1	-128.5	-74.8	-68.2	-96.2	-67.3	-270.1	-30.4	-65.8	-71.9	0	-6.7	-113.2	-116.7	-105.1	-116	-97.6	-111.4	-133.3	-98.4	-89.1	-83.7	NA	-99.7	-60	-29.8	0	-1.7	0	-63.7	-60.2	0	-305.8	-305.8	-48.4	-58.2	0	-33.5	-34.1	0	-180.1	0	-73.5	-40.5	0	0	NA	-31.2	-19.4	-110.2	-59.9	-89.4	-24.7	-61.1	-112.3	-92.6	-113.2	-33.3	0	-89.4	NA	-225.6	-109.4	-17.7	0	-21.9	-133.7	-7.5	0	-45	-45.3	-49.2	-50	-48.3	0	-55.1	NA	NA	NA	NA	NA	-24.7	NA	-37.5	-30.9	0	0	-97.1	-71.3	-64.4	NA	-82.9	0	0	0	-88.3	0	0	-110.6	0	0	-91.5	-65.5	-85.3	-1.59999999999999	-127.7	-118.3	-27	-97.5	-8.2	-19.2	NA	-25.9	-58.1	NA	-39.3	0	NA	-5	-22.8	0	-124.1	0	-123	-253.7	-281.4	-182.4	-101.4	-29.9	-29.9	-29.9	-53.6	-6.7	-104.5	-22.6	-97.1	-58.2	0	-30.1	-22.1	-63.4	-121.9	0	-69.5	-69.5	-30.1	-30.1	-98.1	-64.4	-14.9	-14.9	-64.4	-64.4	0	0	0	-103.5	0	0	0	-73.8	-46.5	-71.5	0	-26.8	0	-61.4	-108.6	-45.4	-71.7	-45.4	0	0	0	-114	-67.6	-46.5	0	-1.80000000000001	-1.80000000000001	-15.4	-27.2	-96.9	0	0	0	0	0	NA	-8.8	0	-29	-95	NA	-268.2	-251.1	-251.1	-201.9	NA	-181.6	-181.6	-118.6	NA	-168.1	-168.1	-127.9	-127.9	-136.4	-128.6	-128.6	-181.1	-18.9	-19.4	NA	-196.1	-143.5	-164.9	-37.5	-45.6	-33	NA	-12.7	-231.9	-174	-177.2	-113.8	-192.8	-101.9	-45.2	-196.1	-82.7	-56.1	-56.1	NA	-217.4	-119	-220.6	0	0	0	-94.8	NA	NA	-54	NA	-11.8	-21.9	0	0	-206.1	0	NA	-100	NA	-269	-116.1	NA	-141.5	0	-8.60000000000001	NA	-58.2	-71.8	-182.4	-202.7	-40.7	-190.9	0	0	-86.4	-78.7	-162.4	-154.6	-154.6	-154.6	-154.6	-157.5	-94	-94	-136.7	-94	-94	0	0	-11.8	-29	-55.5	-197.2	-132.7	-129.8	-136.5	-159.9	-145	-249.3	-42.2	-48.4	-73.5	-3	-14.8	0	-133.6	-24.8	-360.7	-307.2	-321.5	-366.4	NA	0	-333.4	-34.6	-4.8	-11.8	-71.8	-145.4	-167	-164.5
1988	-51.9	0	NA	0	0	0	-60.4	-170.5	-54.1	-5.09999999999999	-127.7	0	0	-193.8	-152.6	-70.6	-75.7	-75.4	-15.3	-61.1	NA	NA	-15.3	0	-30.5	-1.19999999999999	-30.8	-15.3	0	0	-37.9	-70.6	-70.6	NA	-3.2	NA	0	0	-125.6	-39.3	0	-86.5	0	0	-133.9	-72.5	0	-152.7	-3.5	-60.1	-0.299999999999983	0	-3.69999999999999	-1.5	-1.5	0	-11.4	-25	0	-32.9	0	-21.7	-21.7	-11.4	0	0	0	-10	0	0	0	0	-26.2	0	0	0	0	-256.5	-99.1	0	0	0	0	-24.2	0	-42.4	-76.3	-6.39999999999999	-24.6	-35.9	-105.2	0	-193.8	-72.4	-136	-69.7	0	0	0	-3.99999999999999	0	-1.40000000000001	-4.09999999999999	0	-74.8	-19.1	-54.1	-80.1	-10.5	-29.1	0	-90	-44.9	0	-117.1	-55.4	-44	0	0	-59.5	-63.3	-71	-62.7	-38.4	0	0	0	0	0	-113.5	0	0	0	-3.5	NA	0	-32.3	-254.4	-71	0	0	-211.3	0	-43.4	0	-72.5	0	-220.9	-230.9	-227.2	-227.2	-254.9	-235.8	-21.8	-20.6	-51.2	0	-37.9	0	0	-48.6	-43.4	0	-88.3	-53.8	-58	-19.3	-97.8	-172.8	-12	-158	-138.4	-34.1	-41.6	-110.6	-30.1	-50.5	-103.7	-43.4	-37.4	0	-24.2	0	0	-36.4	-53	0	-84.3	-84.7	NA	-31.3	-55.4	0	-23.2	-35.4	-29	-122.6	-6.59999999999999	-21.9	-124	-124	0	-3.2	0	-22.5	-81.4	-73.6	-65.9	-99.1	0	-52.8	0	0	NA	-59.6	0	-35.4	-61.6	-5.90000000000001	0	-30.9	-31.4	-36	-71	-22.6	0	-5.90000000000001	NA	-74.1	-4.39999999999999	0	0	0	-55.8	0	0	-60.3	-56.5	0	-60.8	0	0	-50.3	NA	NA	NA	NA	NA	0	NA	0	0	-43.4	0	0	0	0	NA	0	0	0	0	-8.80000000000001	0	-22.4	-8.89999999999999	-39.7	0	0	-43.1	-12.8	0	-68.4	-80.8	0	-23.8	-0.299999999999983	-0.100000000000023	NA	0	-24.5	NA	-43.6	0	NA	-7.60000000000001	-24.7	-10.6	-72.6	-29.2	-179.1	-100.7	-117.5	-112.2	-46.8	-50	-50	-50	0	-43.4	-170.5	-63.3	-87	-0.5	0	-72.7	0	-9.80000000000001	-27.8	0	0	0	-72.7	-72.7	-36.7	0	-1.90000000000001	-1.90000000000001	0	0	0	0	0	-36.1	0	0	0	0	-68.2	0	0	-76.8	0	0	-17.3	0	-48	0	0	0	0	-53.3	-3.09999999999999	0	0	0	0	-29.2	-45.3	-72.1	0	-19.7	0	0	0	NA	-37.9	0	-26.1	0	NA	-135.8	-180.3	-181.1	-45.9	NA	-151.7	-151.7	-73.5	NA	-126.1	-126.1	0	0	0	0	0	-20.3	0	0	NA	0	-14.2	-10	0	0	-48.4	NA	0	-97.7	-66.6	0	-224.1	0	-125.8	-40.4	-241.3	-34.3	-43.2	-43.2	NA	-133.3	-62.5	-178.3	0	0	0	-101.4	NA	NA	-1.39999999999999	NA	0	0	0	-2.40000000000001	-256.5	0	NA	-13.3	NA	-70.4	-48.6	NA	-244.6	0	-44	NA	-3.2	0	-112.2	-111.8	0	-115	0	0	-165.1	-157	-17.1	-14.2	-14.2	-14.2	-14.2	-13.6	0	0	-14.9	0	0	-103.7	-19.8	0	-26.1	-18.5	-6.10000000000001	-25.1	-7.89999999999999	0	-11.9	-12.8	-194.3	-99.7	0	0	0	-13.4	-103.7	-29.1	0	-566.9	-468.6	-480.2	-565.4	NA	-183.5	-438.9	0	-6.39999999999999	0	0	-95.7	-84.5	-95.7
1989	-30.8	-106.8	NA	0	-25.9	-142	-126.7	-28.8	-61.3	-72.9	-242.1	-106.8	0	-55	-44.8	-185.7	-160	-159.4	-201.7	-235.3	NA	NA	-201.7	-139.2	-101.3	-152.8	-121.8	-201.7	-66.7	0	-93.6	-185.7	-185.7	NA	0	NA	0	-106.8	-117	-49.1	0	0	-100.8	-108.4	-251.6	-40.2	-1.5	-17.1	0	-16.9	0	-13.4	0	0	0	0	0	0	0	0	0	0	0	0	-36.9	-36.4	0	-56.9	-36.4	0	-14.1	0	0	0	0	0	-36.9	-314.8	-55.5	-53.5	-106.8	0	-43.1	-247.7	-43.6	-218.2	-49.9	-4.3	-69.4	-73.6	-105.8	-38.5	-55	-121.6	-16.9	-158	-95.5	-108.4	-103.2	-113.3	-108.1	-126.1	-117.2	-106.8	-52	-73.5	-61.3	-13.5	-21.8	-88.5	-20.4	0	0	0	-25.1	-92.9	-54.3	-5.80000000000001	0	0	-7.8	-13.6	-3.39999999999999	0	-1	0	0	0	0	-122.8	0	0	-5.10000000000001	-51.6	NA	-1.10000000000001	0	-47.7	-13.6	-22.6	0	-213.3	-25.9	-51.9	-10.1	-40.2	-10.1	-234.2	-268.5	-250.2	-250.2	-250.2	-271.1	-3	-55.6	-49	0	-93.6	0	0	-93.9	-51.9	0	-54.8	-51.6	-157.5	-79.8	-96.1	-43.2	0	-11	0	0	0	0	0	0	-37.7	-51.9	-257.2	-43.1	-247.7	-43.6	-91.4	-201	-231.1	-142	-194.6	-161.1	NA	-199.4	-92.9	0	0	-14.2	-7.2	-139	0	0	-121	-121	-50.4	0	0	-30.4	-70.8	-54.8	-177.8	-55.5	0	0	-35	-35	NA	-16	-39	-148.1	-13.9	-24.6	-48.6	-41.4	-81.6	-224.4	-326.4	-40.5	0	-24.6	NA	-24.9	-129.5	0	0	0	-122.3	-34.1	-17.1	-4.5	-2	0	-5.69999999999999	0	0	-20.2	NA	NA	NA	NA	NA	-48.6	NA	-55	-59.7	-52.1	-76.7	-132	-240.5	-109.8	NA	-125.8	-35	0	-40.8	-138.2	-0.300000000000011	-90.8	-128.3	-49.3	-32.1	-137.5	-236	-126.7	-11.9	-111.2	-95.2	-30.7	-57.8	-55	-53.2	NA	-9.79999999999998	-81.5	NA	-46.4	0	NA	0	-34.3	-25.5	-41.5	-76.1	-86	-50.1	-67.8	-22.8	0	-42.9	-42.9	-42.9	-5.80000000000001	-51.9	-28.8	-78.7	-55	0	0	-127.4	0	0	0	-1.80000000000001	0	0	-127.4	-127.4	-11.2	0	0	0	0	0	0	0	0	-3.19999999999999	0	0	0	0	-104.4	0	0	-132	0	0	0	0	-39.6	0	0	0	0	-47.2	0	0	-49.9	0	0	-54.8	-17	-47.2	0	0	-8.80000000000001	-8.80000000000001	-8.80000000000001	NA	-47.4	-53.5	-81.5	-69.9	NA	-227.2	-309.6	-309.2	-161.6	NA	-70.1	-70.1	-58.9	NA	-33.9	-33.9	0	0	0	0	0	0	-60.9	0	NA	0	0	-72.8	-55	-62.1	0	NA	-83.6	0	0	-42	-142.4	-58.3	-143	0	-284.2	0	-81.9	-81.9	NA	-186.6	-36.2	-91.5	0	0	0	0	NA	NA	-51.1	NA	-25.9	0	0	-0.5	-314.8	0	NA	-109.1	NA	-93.4	-93.9	NA	-14.6	-20.4	-54.3	NA	0	-106.8	-22.8	-24.5	0	-33	0	0	-26.7	-18.9	0	0	0	0	0	0	0	0	0	0	0	-37.7	0	-25.9	-81.5	-32.2	0	-45.5	-32.5	-48.3	-32.3	0	0	-174.6	-50.4	0	-10.1	-22.1	-37.7	-55.1	-25.1	-692.2	-507.4	-614	-714.7	NA	-223.2	-372.3	0	-41.6	-25.9	-106.8	-44.3	-44.2	-43.4
1990	0	-162.5	NA	-7.90000000000001	0	-9.2	-26.3	-14.3	-25.1	-121.6	-242.3	-162.5	0	-48.7	-28.9	-86.2	-26.8	-25.2	-24.8	-114.3	NA	NA	-24.8	0	-39.2	0	0	-24.8	-39.5	-105.2	-49.4	-86.2	-86.2	NA	-52.1	NA	-133.9	-162.5	-174.7	-138.8	0	-131.4	-128.7	-144.5	-265.6	-45.4	0	-87.4	0	-111.5	-3.30000000000001	-90.4	-82.6	-77.8	-77.8	-73.1	0	0	-0.0999999999999943	0	0	0	0	0	-15.9	0	0	-20.1	0	-7.2	-10.4	-6	0	0	0	0	-15.9	-47.3	-80.6	0	-162.5	0	-93.8	-45.2	-88.3	-94.2	-8.59999999999999	-28.6	-38.6	-53.4	-26	-65	-48.7	-27.6	-2.19999999999999	-25	-133.6	-144.5	-94.5	-161.8	-104.3	-153.9	-156.2	-162.5	-44.1	-35.7	-25.1	-3.3	-11	-19.1	-2.3	0	-22.4	-79.2	-48.6	-44	0	-53.5	-5.7	-0.400000000000006	0	-10.3	-6.40000000000001	0	-2.89999999999999	-13.7	-17	-14.6	-14.6	-40.3	-10.7	0	-9.2	0	NA	-6.2	-2	-136.1	-10.3	0	-7.90000000000001	-301.6	0	-8.8	-39.2	-45.4	-39.2	-380.6	-361.4	-374.9	-374.9	-377.6	-360.1	-79.8	0	0	0	-49.4	-133.9	-105.2	-26.9	-8.8	0	-286.8	-85.3	-100	-62	-58.7	-138.4	0	-44.2	-36.6	0	-62.4	0	0	-30.8	-94	-8.8	-54.8	-93.8	-45.2	-88.3	-11.2	-47.3	-122.9	-9.2	-107.3	-90.5	NA	-28.1	-44	-62.6	-77.8	-77.8	-72.7	-147.6	-36.3	-74.2	-242.1	-242.1	0	-52.1	0	-103.1	-8.8	-10.2	-139.6	-80.6	-7.90000000000001	0	0	0	NA	-17	0	0	0	-45.5	0	0	0	-166.3	-254.2	0	0	-45.5	NA	-34.2	0	0	0	0	-11.4	0	0	-7.69999999999999	0	-5.40000000000001	-4.29999999999998	-6	0	0	NA	NA	NA	NA	NA	0	NA	-5.5	0	-40.4	0	0	-80.2	0	NA	0	0	0	0	0	0	0	0	-38	0	0	-49.7	0	0	-28.2	-36.1	0	0	0	0	NA	0	0	NA	-48	0	NA	0	-10.9	-30.8	-14.4	0	-28.9	-77.4	-99.1	-8.60000000000002	0	-1.40000000000001	-1.40000000000001	-1.40000000000001	-53.5	-8.8	-14.3	-25.6	-14	0	0	-34.4	0	0	0	0	0	0	-34.4	-34.4	0	0	0	0	0	0	0	0	0	0	0	0	0	0	-8.3	0	0	-37.9	0	0	0	0	0	0	0	0	0	0	0	0	0	0	0	-9.8	-11.7	-16.4	0	-26.3	0	0	0	NA	0	0	-73.3	-59.6	NA	-170.2	-118.8	-118.2	-36.6	NA	-10.3	-10.3	-35.1	NA	0	0	0	0	0	-4.8	-4.8	-6.7	0	0	NA	-5.5	-2.5	-142.1	-5.5	-11.1	0	NA	0	0	-56.7	-134.7	-42.8	-148.6	-110.9	-84.3	-366.2	0	0	0	NA	-88.9	0	-32.6	0	0	0	0	NA	NA	-54.6	NA	0	0	0	-55.4	-47.3	0	NA	-138.3	NA	-178.7	-26.9	NA	-7.7	-2.3	0	NA	-52.1	-162.5	-8.60000000000002	-16.8	-40.9	-12.7	0	0	-72.9	-60.4	-0.0999999999999943	0	0	0	0	0	-14.5	-14.5	0	-14.5	-14.5	-94	0	0	-73.3	-84.9	-10.4	-5.5	0	-124.7	-17.3	-4	-180.9	-57.2	0	-7.90000000000001	-39.2	-71.6	-94	0	-3	-506.1	-448.9	-466.6	-503.6	NA	-285.2	-466.2	0	0	0	-162.5	-112.6	-75.1	-105
1991	0	0	NA	-19.2	0	0	-25.7	-88.3	-23.5	-15.8	-70.1	0	0	-73.2	-58.5	-115.2	-24.9	-24.2	-23.3	-60.5	NA	NA	-23.3	0	-34	-19.5	0	-23.3	0	0	-49.2	-115.2	-115.2	NA	0	NA	0	0	-198.4	-75.3	0	-74.1	0	0	-144.6	-56.7	-40.1	-166.9	-35.3	-74	0	-23.6	0	0	0	-13.1	0	0	0	0	0	0	0	0	-37.2	-47.5	0	-58.8	-47.5	0	0	-15.4	0	-10.1	-10.1	0	-37.2	-126.2	-128	-30.9	0	0	0	-48.3	0	-46.7	-13.3	-6.3	-30.3	-38.9	-81.1	-42.3	-73.2	-20.2	-64.4	-22.8	0	0	0	-0.0999999999999943	0	-0.799999999999983	-2.09999999999999	0	-54.5	-35.3	-23.5	-12.2	0	-15.2	0	0	-3.39999999999999	-99.2	-109.1	-2.5	-9.39999999999999	-128.5	-17.5	0	0	0	0	0	0	0	0	0	0	-52.3	0	0	0	-7.8	NA	0	0	-171.9	0	0	-19.2	-53	0	-10.2	-27.9	-56.7	-27.9	-85.7	-31.2	-77.5	-77.5	-49.2	-48.1	-51.9	-128.8	-15.9	0	-49.2	0	0	-56	-10.2	0	-57.9	-71.3	-116.1	-26.8	-98.1	-77.6	-138.4	-244.7	-256.9	-141.7	-283.2	-224.1	-136.3	-16.1	-1.40000000000001	-10.2	-52.3	0	-48.3	0	0	-20.9	-74	0	-38.2	-38.9	NA	-16.2	-2.5	-26.1	-28.1	-25.1	-17.9	-140.5	0	-24.2	-285.8	-285.8	0	0	0	-90.5	-27.7	-55.8	-136.9	-128	-19.2	0	0	0	NA	0	-51	-99.2	0	-110.5	-104.3	0	-71.7	-85.4	-229.4	0	-26.8	-110.5	NA	-67.8	-107.9	-30.1	0	-36.5	-68.5	-74.9	0	0	0	0	0	0	0	0	NA	NA	NA	NA	NA	-104.3	NA	-121	-101.5	-33.9	0	-98.7	-87.4	-48.2	NA	-57	0	0	0	-78.6	0	0	-110.5	-38.4	0	-94.2	-93.4	-72	0	-53.8	-50.6	-51.5	-11.3	-20.1	-15.8	NA	0	-12.9	NA	-55.9	0	NA	-35.6	-51.1	0	0	-5.09999999999999	-127.1	-105.9	-137.3	-49.1	0	0	0	0	-128.5	-10.2	-88.3	-28.7	-82	-19.6	-18.3	-147.9	-28.4	-30.3	-55.5	-18.1	-28	-28	-147.9	-147.9	-58.1	-21.1	-23.2	-23.2	-21.1	-21.1	-18.3	-20.6	0	-55.1	-24.4	-24.4	-24.4	-35.2	-170.1	-21.4	0	-153.6	0	-23.1	-43.3	-8.90000000000001	-67.4	-8.90000000000001	-20.1	0	0	-0.5	-30.6	-30.1	-7.8	-3.5	-3.5	-48.6	-27.3	-90.6	0	-41	-19.1	-19.1	-19.1	NA	-13.8	-30.9	-39.2	-6.59999999999999	NA	-134.8	-97.9	-97.4	-85	NA	-41	-41	-21.8	NA	-29.9	-29.9	-1.09999999999999	-1.09999999999999	-6.69999999999999	-64.4	-64.4	-81.6	0	0	NA	-54.5	-52.7	-98.9	-121	-123.4	0	NA	-41.4	-32.3	-25.1	-228	-52.1	-237.4	-44.2	-56.9	-53.1	0	-6.5	-6.5	NA	-115	0	-41.5	-29.1	-27.5	-27.5	-5.3	NA	NA	-48.6	NA	0	-36.5	-26.8	-93.7	-126.2	0	NA	-20	NA	-155.3	-56	NA	-33.2	0	-9.39999999999999	NA	0	0	-49.1	-55.8	-0.700000000000003	-70.3	0	0	-276.2	-267.4	-76.2	-59.4	-59.4	-59.4	-59.4	-61.5	-36.6	-36.6	-53.7	-36.6	-36.6	-1.40000000000001	0	0	-39.2	0	-73.2	-127.8	-116.2	-80.1	-109.3	-52.1	-309.5	-358.3	0	-19.2	-27.9	-44.1	-1.40000000000001	0	0	-362.1	-269.3	-286.6	-371.7	NA	-84	-228.6	0	-8.59999999999999	0	0	-64.7	-91	-69.2
1992	0	-23.4	NA	-88.5	-31.2	-126.5	-81.6	-132.7	-16.4	-110.4	-119.1	-23.4	0	-79.9	-76.3	-89.7	-80.8	-81.6	-136	-87.5	NA	NA	-136	-2.09999999999999	-23.8	-132.2	0	-136	-46	-100.6	-37.4	-89.7	-89.7	NA	-72.2	NA	-123.4	-23.4	-209.5	-34.1	-179.4	-186.5	-13.1	-13.9	-131.7	-37.1	0	-124.4	-15.9	-147	-179.1	-138.1	-57.6	-49.7	-49.7	0	-22	-42.3	0	-31.9	-0.199999999999989	-25.4	-25.4	-22	-20.6	0	-0.199999999999989	-32.1	0	-2.7	0	-8.8	-28.4	-0.900000000000006	-0.900000000000006	-0.199999999999989	-20.6	-289.4	-27.9	-69.5	-23.4	0	-50.6	-158	-49.5	-29.8	0	-23.5	-25.1	-36.4	-41.2	-11.9	-79.9	-83	-120.6	-78.3	-13.9	-13.9	-5.90000000000001	-43.7	-16.9	-36.1	-46.1	-23.4	0	-150.3	-16.4	-29.6	-34.8	-44.5	0	-156.6	-175.3	-106.2	-166.5	-59.8	0	0	-71.8	-56	-76.1	-80.2	-67.6	-48.2	0	0	0	0	0	-218.4	0	0	0	-124.4	NA	0	0	-80.7	-80.2	-99.5	-88.5	-67.7	-31.2	0	-10.5	-37.1	-10.5	-118.5	-195	-131.8	-131.8	-218.9	-238.3	-57.6	-107.9	-63.1	0	-37.4	-123.4	-100.6	-160.5	0	0	-180.5	-40.8	-127.8	-7.00000000000001	-44.9	-76	0	-143.1	-145.2	0	-71.4	-122.5	0	-11.2	-16.9	0	-163.3	-50.6	-158	-49.5	-113.7	-122.7	-48.3	-126.5	-48.1	-49.6	NA	-117	-59.8	-65.2	-66.8	-71.7	-63.7	-114.3	0	-64.4	-217.2	-217.2	-123.4	-72.2	0	-123.8	-25.9	0	-22.5	-27.9	-88.5	0	-60.4	-60.4	NA	-65.1	-82.7	-138.6	-85.3	-27	-202.6	-50.9	-121.8	-212.1	-136.2	-7	-20.8	-27	NA	-45.4	-137.7	0	0	0	-139.1	-11.9	-43.2	-72.6	-62.7	-46	-80.6	-49.2	-3.90000000000001	-77.8	NA	NA	NA	NA	NA	-202.6	NA	-210.9	-207.4	-75.4	-61.9	-152.9	-183.6	-111	NA	-113.1	-60.4	-30	-52.1	-123.9	-33.2	-58.5	-137.8	-75	-50.8	-125.3	-180.7	-121.1	-42.2	-111.8	-130.9	-91.3	-96.9	-69.1	-74.5	NA	-84	-85.6	NA	-52.5	0	NA	-28.9	-48.5	-56.3	0	-56.7	-79.7	-84.9	-108.2	-49.8	-13.4	-68	-68	-68	0	0	-132.7	-85.9	-117.2	-16.5	0	-25.6	-34	-40.9	-71.9	-8.60000000000001	-13.8	-13.8	-25.6	-25.6	-62	-10.7	-24.3	-24.3	-10.7	-10.7	0	0	0	-68.8	0	0	0	-18.3	-1.90000000000001	-19.2	0	-29.2	0	-2.29999999999998	-60.7	0	-81.7	0	0	0	0	-31.3	-13.8	0	-36.6	0	0	-79.7	-56.3	-130	0	-23.9	-24.5	-24.5	-24.5	NA	-92.2	-69.5	-127.4	-48	NA	-350.5	-349.9	-351.7	-155.6	NA	-42.2	-42.2	0	NA	0	0	-144.2	-144.2	-151.8	-100.6	-100.6	-156.2	-81.1	-49.7	NA	-181.3	-140.2	-129.8	-210.9	-215.7	0	NA	-77.2	0	-69.4	-93.7	-11.2	-102.2	-182.2	-47.7	-269.1	-28.9	-84.4	-84.4	NA	-219.5	-41.8	-55.7	0	0	0	-0.199999999999989	NA	NA	-91.1	NA	-31.2	0	-20.8	-88.2	-289.4	0	NA	-88.3	NA	-141.8	-160.5	NA	-100.5	0	0	NA	-72.2	-23.4	-49.8	-52.8	-44.2	-66.3	0	0	-157.7	-149.9	-146.1	-145.3	-145.3	-145.3	-145.3	-143.9	-92.9	-92.9	-133.4	-92.9	-92.9	-16.9	-13.7	-31.2	-127.4	-17.2	-172.3	-171.7	-156.7	-120	-153	-140.5	-234.9	-118.6	-123.4	-88.5	-10.5	-24.7	-16.9	-135	0	-427.5	-356.4	-366.7	-428.8	NA	-30.5	-375.2	0	-87.2	-31.2	-23.4	-150.1	-202.6	-162.8
1993	-11.5	-4.5	NA	-54.4	-7.59999999999999	-50.9	-113.2	-33.2	-0.200000000000003	0	-251.3	-4.5	0	-42.1	-40.2	-82.1	-100.4	-99.8	-77.6	-131.8	NA	NA	-77.6	-69.7	-32.2	-54.9	-71.5	-77.6	-37.1	-104.3	-141.6	-82.1	-82.1	NA	-70.7	NA	-142.4	-4.5	-75.3	0	0	-29.2	0	0	-265.2	-17	0	-86	-30.5	-8.5	0	-4.3	0	0	0	0	0	0	0	-2.10000000000001	0	0	0	0	-14	0	0	-22.6	0	0	0	-9.5	0	-2.89999999999999	-2.89999999999999	0	-14	-177.6	-53.1	-124.7	-4.5	0	-74.2	-114.3	-78.9	-97	0	-0.700000000000003	-19.7	-24.4	-79.7	0	-42.1	-101.2	-34.6	-96.2	0	0	0	-3.7	-1.19999999999999	-0.799999999999997	0	-4.5	-42.5	-86.9	-0.200000000000003	-25.1	0	0	-3.8	-59.6	-38.9	-207.9	-36.7	-7.40000000000001	0	0	-24.8	-13.9	-13.9	-21.9	-23.6	0	0	-7.60000000000001	0	-6.5	-6.5	-215.8	-3.89999999999999	0	-5.3	-83.5	NA	0	0	-37.4	-21.9	0	-54.4	-222.5	-7.59999999999999	0	-0.700000000000003	-17	-0.700000000000003	-265.5	-261.5	-255.6	-255.6	-241.4	-244	-81.4	-35.1	-45.6	0	-141.6	-142.4	-104.3	-10.1	0	0	-183.4	-28.4	-94.2	-36.6	-98.9	-135.7	-68.5	-76.1	-58.7	-62.6	-117.8	-31.2	-63.2	0	-73.7	0	-130.5	-74.2	-114.3	-78.9	-26.4	-105.6	-122.3	-50.9	-116.3	-106.3	NA	-92.1	-7.40000000000001	0	0	0	0	-38	0	0	-307.9	-307.9	0	-70.7	0	-69.7	0	0	-36.4	-53.1	-54.4	0	0	0	NA	0	0	-5.90000000000001	-0.799999999999997	0	-176	0	-53.1	-158.2	-194.7	0	0	0	NA	-40.1	0	0	0	0	-51	-83	0	0	0	0	0	0	0	0	NA	NA	NA	NA	NA	-176	NA	-185.4	-175.8	-103.1	-10.9	0	-4.5	0	NA	0	0	0	0	0	0	-27.4	-1.90000000000001	-99.6	0	0	-37	0	0	-48.3	-34.3	-6	0	0	0	NA	0	0	NA	-41.2	0	NA	0	-14.2	0	-71.5	-6.89999999999999	-5.30000000000001	-66.9	-83.2	-65	0	0	0	0	0	0	-33.2	-96	-46.6	0	0	-67.6	0	0	0	-14	0	0	-67.6	-67.6	0	0	0	0	0	0	0	0	0	0	0	0	0	0	-62.3	0	0	-71.1	0	0	0	0	-11.2	0	0	0	0	0	0	0	-20.2	0	0	-36.6	-12.1	-35.1	0	0	-23.5	-23.5	-23.5	NA	-49.6	-124.7	-17.6	-10	NA	-216.6	-264.5	-262	-63.9	NA	-62.3	-62.3	-58.9	NA	-171.2	-171.2	-25.2	-25.2	-27.9	-92.1	-92.1	-75.8	0	0	NA	-80.6	-44.5	-130.5	-185.4	-187.7	0	NA	-8.39999999999999	-85.1	0	-7.40000000000001	-0.600000000000009	-17.8	-145.1	-87.1	-242.5	0	0	0	NA	-131.9	-4.5	-65	0	0	0	-36.6	NA	NA	-61.6	NA	-7.59999999999999	0	0	0	-177.6	0	NA	0	NA	-74.1	-10.1	NA	-48.6	-3.8	0	NA	-70.7	-4.5	-65	-67	0	-70.1	0	0	-76.1	-74.6	-51.2	-44.8	-44.8	-44.8	-44.8	-45.5	-68	-68	-19.6	-68	-68	-73.7	-8.5	-7.59999999999999	-17.6	0	-92.4	-238.5	-224.6	-119.2	-236.3	-46.4	-246	-173.4	0	-54.4	-0.700000000000003	0	-73.7	-73.2	-18.7	-529.3	-497.9	-502.5	-537.2	NA	-16.1	-445.3	0	-35.7	-7.59999999999999	-4.5	-54.8	-40.3	-50.6
1994	0	-79.5	NA	-13.4	-113.2	-147	-39.7	-69	-49.6	-6.69999999999999	-152.7	-79.5	0	-25.1	-12.8	-36.6	-29	-28.6	-134.9	-184.1	NA	NA	-134.9	-36.2	-69.6	-147.6	-10.1	-134.9	-126.1	-80.9	-12.5	-36.6	-36.6	NA	-31.6	NA	-88	-79.5	-92.1	-123.6	0	-64.4	-62	-56.8	-145.1	-82.6	-72.3	-275	-21.4	-49.5	0	-142.7	-135.8	-132.8	-132.8	-66.1	-18.9	-16.3	0	-3.2	-13.7	-14.7	-14.7	-18.9	-69.9	-9.90000000000001	-13.7	-73.1	-9.90000000000001	-74.8	-4.69999999999999	-38.9	-0.799999999999997	-34.6	-34.6	-13.7	-69.9	-231	-9.2	-38.7	-79.5	0	-108.7	-183.4	-104.6	-52	-11.5	0	0	0	-22.9	-17.4	-25.1	-34.5	-31.8	-29.2	-62.2	-56.8	-25.2	-87.1	-57.8	-82.4	-90.8	-79.5	0	0	-49.6	-166.5	0	-2.2	0	-0.5	0	-73.6	-8.5	0	-7.7	-163.2	-68.6	0	0	-0.400000000000006	0	0	0	0	0	0	0	-217.1	0	0	0	-147	NA	-30.8	-40.7	-113.1	-0.400000000000006	-14.5	-13.4	-154.7	-113.2	-1	-41.2	-82.6	-41.2	-235.5	-244.5	-232	-232	-270.4	-273.9	0	-22.3	-85.3	0	-12.5	-88	-80.9	-40.8	-1	0	-92	-10.1	-10.9	-41	-173.6	-6.10000000000001	-92.4	-207.6	-213.5	-90	-155.8	-152.1	-88.8	0	-83.1	-1	-195.1	-108.7	-183.4	-104.6	-129	-141.3	-67.3	-147	-72.9	-66.8	NA	-128.2	0	0	0	0	0	-95.1	0	0	-182.2	-182.2	-37.1	-31.6	0	-49.4	-130.8	0	-37.9	-9.2	-13.4	0	0	0	NA	-72.6	-50.2	-65.6	-76.2	-165.3	-177.4	-43.3	-14.4	-153.2	-269.2	0	-31.3	-165.3	NA	-52	0	-58.5	0	-77.6	-11	-101.6	0	-68.6	-49.6	-119.8	-75.6	-121.9	0	-83.7	NA	NA	NA	NA	NA	-177.4	NA	-176.6	-186.5	-101.3	-31.7	-4.59999999999999	-64.2	-23.1	NA	-36.7	0	0	-11.1	-46.6	0	-57.5	0	-99.5	-1.80000000000001	0	-59.8	-49.2	0	-1.09999999999999	-30	-15.1	-10.3	-27.8	-23	NA	-58.5	-49.8	NA	-134.4	0	NA	-47.2	-91.6	-54.3	-49.7	-27.9	-96.5	-93.2	-112.1	-63.1	-16.9	-52.3	-52.3	-52.3	-163.2	-1	-69	0	-49.3	-8.5	0	-150.6	-6.79999999999998	-19.5	-57.1	0	-16.5	-16.5	-150.6	-150.6	-52.4	-12.4	-8.59999999999999	-8.59999999999999	-12.4	-12.4	0	0	0	-51.3	0	0	0	0	-112.1	-15.5	0	-155.2	0	0	-44.8	0	-48.5	0	0	0	0	-22.2	-17.1	0	0	-32.3	-32.3	0	0	-39.9	0	0	0	0	0	NA	-32.1	-38.7	-199.8	-76.4	NA	-146.2	-229.9	-227.4	-68.9	NA	-61.3	-61.3	-54	NA	-65.7	-65.7	-19	-19	-21.6	-58.4	-58.4	-53.3	-24.5	-51.7	NA	-44.4	-29.9	0	-176.6	-178.3	0	NA	-30.1	-6.2	-84.4	-264.4	-132	-279.6	-98.2	0	-283.2	0	-34.5	-34.5	NA	-166.6	0	-43	0	0	0	0	NA	NA	0	NA	-113.2	-77.6	-31.3	0	-231	0	NA	-68.2	NA	-188.1	-40.8	NA	0	0	-7.7	NA	-31.6	-79.5	-63.1	-70.2	-73.7	-80.6	-53.7	0	-223.4	-211	-48.3	-36.1	-36.1	-36.1	-36.1	-41.9	-23.8	-23.8	-28.8	-23.8	-23.8	-83.1	0	-113.2	-199.8	0	-54.9	-92.2	-86.1	0	-81.7	-29.6	-169.8	-166.6	-37.1	-13.4	-41.2	-49	-83.1	-134.9	0	-444.7	-336.4	-352.4	-451.6	NA	-132.7	-253.7	0	-28.5	-113.2	-79.5	-48.3	-27.2	-47.8
1995	-86	-144.5	NA	0	0	-29	-81.8	-31	-58.7	-120.8	-78.6	-144.5	-3.2	-82.7	-44.4	-166.8	-162.2	-177.4	-55.5	-150.3	NA	NA	-55.5	-50	-53.6	-54.4	-34.5	-55.5	-99.3	-45.9	-7	-166.8	-166.8	NA	0	NA	-40.5	-144.5	0	-152.6	-74.1	-86	-104.2	-119.2	-140.2	-86	-44.4	-72.1	0	-159.6	-104.7	-112.2	-151	-137.3	-137.3	0	0	0	0	0	0	0	0	0	-60.7	-74.9	0	-78.2	-74.9	-20.2	0	0	0	0	0	0	-60.7	-253.2	-145	0	-144.5	-55.8	-46.2	-91.8	-53.2	-85	-30.1	0	-35.4	-41.2	-78.6	-5.09999999999999	-82.7	-97	-32.3	-160	-96	-119.2	-104	-161.9	-105.6	-173.3	-168.6	-144.5	-91.5	-114.1	-58.7	-40.6	0	-86.1	0	-36.7	-38.3	-24.4	-157.1	-70.9	-36.5	-25.7	0	0	0	0	0	0	0	0	0	0	0	-113	0	0	0	-23.2	NA	0	0	-153.4	0	-53.7	0	-291.1	0	-38.7	-26.1	-86	-26.1	-195.8	-197.5	-194.7	-194.7	-219.1	-214.7	-2.40000000000001	0	-38.9	-3.2	-7	-40.5	-45.9	-128.3	-38.7	-3.2	-125.3	0	-101.3	-39.2	-163.4	-13.7	-45.3	-183.2	-172.1	-32.7	-35.2	-123	-26.5	0	0	-38.7	-100.5	-46.2	-91.8	-53.2	-13.1	-56.4	-106.9	-29	-116	-108.5	NA	-45.6	-70.9	-17.7	-43.6	-50.8	-45.8	-122.8	-10	-40.8	-169.7	-169.7	-85.7	0	0	-72.4	-70.8	-21.6	-82.6	-145	0	0	-4	-4	NA	-67.2	-40.2	-105.2	-76.2	-72.3	-101.9	-21.8	-126	-172.2	-192.4	-24.9	-13.5	-72.3	NA	-2.39999999999999	-89	-26.6	0	-33.5	-122.2	-41.8	0	-70.7	-61.4	-162	-74.5	-165.4	0	-79.3	NA	NA	NA	NA	NA	-101.9	NA	-114.5	-100.8	-46.2	-16.4	-82.4	-90.9	-75.8	NA	-78.1	-4	0	0	-88.3	0	-28.5	-90.6	-44.4	0	-89	-133.1	-90.6	0	-72.9	-28.8	-55	0	0	0	NA	-54	-77.7	NA	-89	0	NA	-28.6	-65.7	-55.2	-27.4	-40.5	-70.5	-34	-48.2	-44.1	0	-23.5	-23.5	-23.5	-25.7	-38.7	-31	-124.4	-72	-55	0	-179.9	-59.1	-63.2	-110.3	0	-62.1	-62.1	-179.9	-179.9	-93.3	-58.6	-74	-74	-58.6	-58.6	0	0	0	-94.9	0	0	0	-57.9	-159.9	-63.7	0	-174.7	0	-41.3	-97.4	-20.1	-87.8	-20.1	0	0	0	-21.5	-56.9	-24.3	-1.69999999999999	0	0	-31.2	0	-66	0	-15.2	0	0	0	NA	-17.7	0	-73.7	-105.5	NA	-60.7	-164.5	-164.2	-139.1	NA	-17	-17	-44.4	NA	-9.09999999999999	-9.09999999999999	-25	-25	-26.6	0	0	-34.9	-68.8	-47.4	NA	-49.4	-7.09999999999999	-41.7	-114.5	-118.4	0	NA	0	-62.6	-89.9	-44.8	-83.3	-56.6	-107.7	-1.60000000000001	-234.1	0	-74.1	-74.1	NA	-214.7	-67.5	-22.2	0	0	0	0	NA	NA	-108.4	NA	0	-33.5	-13.5	-12.8	-253.2	-3.2	NA	-168.7	NA	-172.6	-128.3	NA	-118.5	0	-36.5	NA	0	-144.5	-44.1	-45.2	-79.8	-49.7	-24.3	0	-193.3	-196.5	-30.2	-16.9	-16.9	-16.9	-16.9	-24.7	0	0	-10.4	0	0	0	0	0	-73.7	0	-50.9	-47.4	-15.8	-27.3	-50.8	-7.59999999999999	-338.8	-201.6	-85.7	0	-26.1	-50.5	0	-68.9	0	-428.2	-362.4	-415.2	-436.1	NA	-79.3	-364.9	-21.8	-77.1	0	-144.5	-226.5	-233.1	-236.5
1996	0	-15.9	NA	0	0	-143	-13.1	-16.3	-39.7	-11.2	-142.2	-15.9	0	-24.6	-11.7	-113.6	-8.40000000000001	-6.09999999999999	-174.7	-146.3	NA	NA	-174.7	-54.6	-45.8	-180.8	-3.3	-174.7	-115.3	0	0	-113.6	-113.6	NA	-29.8	NA	0	-15.9	-190.3	-50	0	0	-5.8	-19.3	-154.4	0	0	-194.3	-33.3	0	0	-25.3	-44.3	-39.3	-39.3	0	-1.90000000000001	-4.3	0	0	0	-3.09999999999999	-3.09999999999999	-1.90000000000001	-57.3	-33.5	0	-70.4	-33.5	-6.2	0	0	0	0	0	0	-57.3	-164	-61.3	0	-15.9	0	-125.2	-222.2	-120.2	-76.2	-35.4	-0.400000000000006	-11.9	-20	-82.7	-48.5	-24.6	-15.2	-12.7	-5.5	0	-19.3	-25.9	-25.3	-14.4	-47.4	-39	-15.9	-45.4	-16.7	-39.7	-35.1	0	-10.6	0	-30.7	-1.60000000000001	-16.3	0	-71.7	-21.3	0	0	-26.4	-39.6	-41.7	-38.8	0	0	0	0	0	0	-74.8	0	0	0	0	NA	0	0	-97.8	-41.7	0	0	-231.4	0	-28.5	-63.4	0	-63.4	-234.5	-264.8	-189.3	-189.3	-215.5	-259.1	-55	-3.30000000000001	0	0	0	0	0	-23.6	-28.5	0	-102.5	-11.1	-94	-54.6	0	-139.6	-74.4	-128.2	-121.6	-79.1	-25.7	-37.4	-77.9	-11.6	-84.6	-28.5	-232.2	-125.2	-222.2	-120.2	-130.4	-160.2	-103.8	-143	-110.5	-103.1	NA	-153.1	-71.7	-41.6	0	0	0	-22	0	0	-239.9	-239.9	0	-29.8	0	0	-55.5	0	-122.3	-61.3	0	0	0	0	NA	0	-47.9	-15.7	-17.7	-14.4	-90.3	-42.6	-80.5	-195.5	-347.1	0	-1.89999999999999	-14.4	NA	0	0	0	0	0	-75	-67.7	0	0	0	-29.2	0	-30.4	0	-31.9	NA	NA	NA	NA	NA	-90.3	NA	-106.3	-85.5	0	-22.4	0	-6.10000000000001	0	NA	0	0	0	0	0	0	-27.4	0	0	0	0	-46.2	-21	0	-54.8	-44.1	-41.8	0	0	0	NA	-19.7	-60.8	NA	-79.5	0	NA	-12.4	-43.4	0	-42.6	-35.8	0	-4.40000000000001	-19.8	-1.40000000000001	0	0	0	0	0	-28.5	-16.3	-6.89999999999999	-92.9	-81.5	0	-121.7	-85.9	-86.8	-116.3	0	-80.1	-80.1	-121.7	-121.7	-99.4	-74.6	-90.6	-90.6	-74.6	-74.6	0	0	0	-108.6	0	0	0	-79.5	-107.8	-79.9	0	-129	0	-67	-104.6	-52.8	-106.4	-52.8	0	0	0	0	-71.6	-43.5	0	0	0	0	0	-89.2	0	0	0	0	0	NA	0	0	-197.8	0	NA	-193.7	-139.7	-138.2	-107.5	NA	0	0	-54.5	NA	-57.7	-57.7	0	0	-1.59999999999999	0	0	-16.5	-60.3	-16.5	NA	-22.2	0	-2	-106.3	-110.9	0	NA	0	0	0	-9.89999999999999	-56.6	-16.7	-128.4	-55.3	-252.9	0	-41.1	-41.1	NA	-174.1	0	0	-4.60000000000001	0	0	0	NA	NA	-55.7	NA	0	0	-1.89999999999999	0	-164	0	NA	-30.5	NA	-127.5	-23.6	NA	-71.8	0	-21.3	NA	-29.8	-15.9	-1.40000000000001	-4.19999999999999	-12.2	-7.80000000000001	0	0	-148.5	-139.1	-15.1	-4.29999999999998	-4.29999999999998	-4.29999999999998	-4.29999999999998	-4.59999999999999	0	0	0	0	0	-84.6	0	0	-197.8	0	-25.1	-87.4	-78.2	0	-60.6	0	-171.4	-57.1	0	0	-63.4	-87.8	-84.6	-12.9	-4.6	-480.5	-332.7	-385.4	-501.3	NA	-256	-352.6	0	0	0	-15.9	0	0	0
1997	0	-123.2	NA	-145.4	-18.7	0	-66.2	-54.9	0	-115.9	-0.900000000000006	-123.2	-68.5	-61.2	-48.1	-96.5	-48.2	-47.1	0	-35.9	NA	NA	0	0	-2.40000000000001	0	0	0	-16.7	-40.9	-50	-96.5	-96.5	NA	0	NA	-21	-123.2	0	0	0	-72	-91.8	-100.5	-62.6	-67.9	-14.9	-103.5	-60.9	-63.2	0	-10	0	0	0	-36.4	0	0	0	0	0	0	0	0	-42.6	-18.4	0	-46.8	-18.4	-32	0	-15.5	0	-8.2	-8.2	0	-42.6	0	-64.4	-66.1	-123.2	0	0	-2.40000000000001	0	0	0	-15.4	-52.7	-55.6	-82.1	-14.6	-61.2	-56.2	-47	-46.6	-89.9	-100.5	-79.3	-128	-83.2	-122.9	-128.4	-123.2	0	-20.7	0	-16.9	-9.60000000000001	-37.1	0	-96.5	-134.3	-20.2	-88.5	-31.5	0	-183.7	-194.8	0	-22.2	-18.5	-7.09999999999999	-0.899999999999991	0	0	0	0	0	-112.5	0	0	0	-79.2	NA	-21.2	-33.4	-37.8	-18.5	-66.3	-145.4	-51	-18.7	0	-13.2	-67.9	-13.2	-159.1	-144	-139.8	-139.8	-157.8	-153.5	0	-73.7	-190.5	-68.5	-50	-21	-40.9	-86.5	0	-68.5	-48.5	-45.9	0	-53.3	0	-105.3	-28.6	-13.9	0	-23.7	-40.5	0	-20.4	-81	-165.6	0	-15.7	0	-2.40000000000001	0	0	0	0	0	-19.7	-18.5	NA	0	-31.5	-73.8	0	0	0	-64.9	0	0	-275.9	-275.9	-89.1	0	0	-9.8	-25.5	-10.1	-63.3	-64.4	-145.4	0	-7.40000000000001	-7.40000000000001	NA	-13.1	-118.3	-40.8	-22.7	-184.7	-237	-31.8	-143.3	-340.7	-270.4	-65.2	-26.3	-184.7	NA	-57.1	0	-94.1	0	-105.7	-167.1	-93.1	0	-12.5	-11.2	-42.3	-14.2	-44.2	0	-27.1	NA	NA	NA	NA	NA	-237	NA	-249.6	-237.4	-128.2	-52.7	0	-100.7	-9.5	NA	-19.9	-7.40000000000001	0	-28	-25.9	0	-115.6	0	-127.8	-6.89999999999999	0	-155.1	-40.1	0	-123.9	-89.9	-92.1	-52.6	-56.5	-51.7	NA	-64	-84.2	NA	-134.7	0	NA	-50.1	-99.9	-59.8	0	-127	-40.6	-106.1	-136.1	-68.2	-22.8	-19	-19	-19	-183.7	0	-54.9	-44	-53.9	0	0	-77.8	-2.59999999999999	-18.5	-37.4	0	0	0	-77.8	-77.8	-22.7	0	0	0	0	0	0	0	0	-34.3	0	0	0	0	-70.8	0	0	-82.5	0	0	-25.7	0	-44.1	0	0	0	0	0	0	0	0	-10.2	-10.2	-7.09999999999999	0	-52.8	0	-4.2	0	0	0	NA	-8.2	-66.1	-46.3	0	NA	-196.4	-224.7	-225	-266.6	NA	-94.3	-94.3	0	NA	-5.3	-5.3	-65.2	-65.2	-74.4	-163.2	-163.2	-155.3	-69.9	-60.3	NA	-124.9	-116.4	-214.3	-249.6	-251.3	0	NA	-21	0	-57	-240.5	-106.5	-255.7	-79.8	-7.80000000000001	-158.1	0	-80.9	-80.9	NA	-327.3	0	-58.7	0	0	0	0	NA	NA	0	NA	-18.7	-105.7	-26.3	0	0	-68.5	NA	-132.2	NA	-100.2	-86.5	NA	-107.4	0	0	NA	0	-123.2	-68.2	-77.2	-57.4	-79.6	-15.2	0	-21.6	-18.7	-137.8	-123.1	-123.1	-123.1	-123.1	-124.5	-152.1	-152.1	-106.4	-152.1	-152.1	-165.6	0	-18.7	-46.3	-28.9	-152.6	-121.9	-115.4	-194.7	-145.1	-117.2	-129.5	-187.3	-89.1	-145.4	-13.2	-64.6	-165.6	-54.7	0	-424.2	-316.2	-361.5	-431.1	NA	-15	-266.9	0	-11.9	-18.7	-123.2	-81.7	-33.7	-69.6
1998	0	-87.6	NA	0	-1.60000000000001	-131.7	0	-13.9	-13.6	-124.8	-171.3	-87.6	-61.2	-80.4	-42	-16.6	0	0	-108.3	-119.9	NA	NA	-108.3	-125	-88.6	-183	-71.7	-108.3	-132.1	-119.7	-143	-16.6	-16.6	NA	-22.1	NA	-141.3	-87.6	-189.8	0	-68.1	-142.9	-64	-69.3	-214.7	0	0	-28.4	0	-130.2	-50.5	-71	-26	-4	-4	0	0	0	0	0	0	0	0	0	-47.2	0	0	-47.3	0	-39.7	0	0	0	0	0	0	-47.2	-250.4	0	-9.29999999999998	-87.6	-97.6	-226.4	-169.2	-228.9	-94.1	-91.1	0	0	0	0	0	-80.4	0	0	0	-57.3	-69.3	-57.6	-110.3	-72.1	-113.6	-112.7	-87.6	0	-54.2	-13.6	-61.7	0	0	-2.90000000000001	-27	-24.1	-100.5	-123.1	-59.9	0	0	0	0	0	0	0	0	0	0	0	0	0	-83.3	0	0	0	-21.9	NA	0	0	-93.5	0	0	0	-223.9	-1.60000000000001	0	-95.8	0	-95.8	-318	-392.6	-333.6	-333.6	-388.5	-397.8	-135.1	0	-34.5	-61.2	-143	-141.3	-119.7	0	0	-61.2	-139.7	-18.9	-61.5	-15.2	0	-53	-35.6	-146.6	-193.6	-52.3	-125.3	-204.3	-48.7	0	-20.1	0	-180.9	-226.4	-169.2	-228.9	-119.7	-129.4	-116	-131.7	-193.4	-185.7	NA	-104.8	-59.9	0	0	-3.8	0	-40	-14.6	0	-190	-190	-13.5	-22.1	0	-66	-44.7	-11.8	-208.7	0	0	0	0	0	NA	-57.5	-80.1	-83.7	-58.4	0	-119.8	-82.4	-127.9	-239.7	-365.3	0	-38.6	0	NA	-58.3	-91	0	0	0	-120.3	-31.9	0	-53.9	-38.2	-106.4	-57.4	-106.1	0	-90.4	NA	NA	NA	NA	NA	-119.8	NA	-124.1	-128.2	-4	-48.8	-89.8	-121.1	-47.8	NA	-53.2	0	0	-35.5	-66.2	0	-31.6	-92.4	0	-5.5	-75.3	-123.3	-69	0	-69.9	-36.3	-83.4	-14.9	-10.9	-5.89999999999998	NA	0	0	NA	-57.4	0	NA	-44.9	-59.7	-79.1	-110.8	-34.2	0	-82.1	-99.7	-89.1	-7.09999999999999	-33.9	-33.9	-33.9	0	0	-13.9	0	-97.4	-70.2	0	-2.3	-79.4	-116.6	-83.5	0	-52.7	-52.7	-2.3	-2.3	-62	-48.2	-86.3	-86.3	-48.2	-48.2	0	0	0	-81	0	0	0	-41.1	0	-53.8	0	0	0	-26.4	-72.8	-10.2	-91.1	-10.2	0	0	0	0	-41.5	0	0	0	0	-1.89999999999999	0	-89.5	0	0	0	0	0	NA	0	-9.29999999999998	-49.3	-65	NA	-277.3	-326.2	-324.1	-180	NA	-135.5	-135.5	-117.6	NA	-124.1	-124.1	-64.4	-64.4	-66.6	-47.7	-47.7	-103.9	0	0	NA	-80.1	-91.8	-37.1	-124.1	-128	0	NA	-52.3	-43.9	-56.3	-74.1	-87.8	-84.8	-206.3	-135.9	-408.4	-18.5	0	0	NA	-262	0	-171	0	0	0	-52.5	NA	NA	-8.5	NA	-1.60000000000001	0	-38.6	-27.6	-250.4	-61.2	NA	-146.6	NA	-77.3	0	NA	-189	-2.90000000000001	0	NA	-22.1	-87.6	-89.1	-91	0	-94.2	0	0	-171.3	-164.8	-92.7	-88.6	-88.6	-88.6	-88.6	-88	-7.59999999999999	-7.59999999999999	-81.4	-7.59999999999999	-7.59999999999999	-20.1	-28.4	-1.60000000000001	-49.3	-85.4	-88.6	-79.2	-93.2	-24.9	-67.1	-90.9	-71.3	-65	-13.5	0	-95.8	-94	-20.1	-25.5	0	-553.2	-485.1	-526.3	-561.8	NA	-339.6	-426.5	-3.5	-34.5	-1.60000000000001	-87.6	-150.6	-138.6	-147
1999	0	-6.39999999999999	NA	-5.09999999999999	0	-27.5	-8.2	-44.6	0	0	-49.3	-6.39999999999999	0	-101.4	-58.9	-135.1	-42.6	-41.6	-30.3	-58.1	NA	NA	-30.3	-34	-26.2	-51	0	-30.3	-62	0	-83.9	-135.1	-135.1	NA	-10.9	NA	0	-6.39999999999999	0	0	0	-2.90000000000001	0	0	-35.6	-0.300000000000011	-8	-241	-78	0	0	0	0	0	0	0	0	0	0	0	0	0	0	0	-37.4	0	0	-32.5	0	0	0	0	0	0	0	0	-37.4	-132.7	0	0	-6.39999999999999	0	-70.2	-62.5	-68.3	-50.5	0	-34.2	-70.5	-74.8	-76	-150.5	-101.4	-11.7	-30.1	-39.1	0	0	-17.5	-9.5	-31.8	-25.1	-21.6	-6.39999999999999	-0.100000000000009	-77.8	0	-79.8	-63.9	-60.7	0	0	-13.3	-76.3	0	-90.8	0	0	0	0	0	0	0	0	0	0	0	0	0	-78.1	0	0	0	0	NA	0	0	-68.4	0	-109.9	-5.09999999999999	-260.4	0	0	-39	-0.300000000000011	-39	-327.6	-345.8	-308	-308	-318.6	-341.6	-51.1	0	-91	0	-83.9	0	0	-141.1	0	0	-189.6	-74.5	-104.3	0	0	-57	-61	-56.5	-50.2	-61.2	-24.3	-2	-59.8	0	0	0	-69.9	-70.2	-62.5	-68.3	-12.9	-34.6	-80.5	-27.5	-61	-61	NA	-26.8	-90.8	-12.2	-46.2	-56.2	-50	-172.6	-0.700000000000003	-44.2	-260	-260	-121.9	-10.9	0	0	0	0	-15.3	0	-5.09999999999999	-17.2	-25.7	-25.7	NA	-10.3	-48.6	0	0	0	-146.2	0	-83.9	-148.5	-283.7	0	0	0	NA	-20.6	0	0	0	0	-93.1	-46.1	0	-1.09999999999999	0	0	0	0	0	0	NA	NA	NA	NA	NA	-146.2	NA	-140.9	-152.6	-118.9	-81.8	0	-58.9	0	NA	0	-25.7	0	-65.7	0	0	-63.7	0	-120.7	-41.6	0	-76.5	0	-4.90000000000001	-80.8	-66.1	-60.7	-43.6	-5.90000000000001	0	NA	-62	-47.2	NA	-18.8	0	NA	-3.7	-21.8	-41.1	-55.3	-71	-75.3	-53.2	-68.8	-51.4	0	-35.8	-35.8	-35.8	0	0	-44.6	-31	-12.8	0	0	-59	0	0	-1.19999999999999	0	0	0	-59	-59	0	0	0	0	0	0	0	0	0	0	0	0	0	0	-19.3	0	0	-55	0	0	0	0	-6.10000000000001	0	0	0	0	0	0	0	0	0	0	0	0	0	0	0	0	0	0	NA	0	0	-35.5	0	NA	-189.3	-184.2	-184.9	-105	NA	-71.2	-71.2	-74.7	NA	-74.8	-74.8	-14.8	-14.8	-17.8	0	0	-29.5	-23.5	-37.3	NA	-35	-29.8	-64.8	-140.9	-141.8	0	NA	0	-4.30000000000001	-62	0	-51.3	0	-110.7	-42.6	-344.1	-61.6	-30.1	-30.1	NA	-161.3	-73	-105	0	0	0	0	NA	NA	-23.8	NA	0	0	0	0	-132.7	0	NA	-16	NA	-95.7	-141.1	NA	-13	0	0	NA	-10.9	-6.39999999999999	-51.4	-55.9	0	-53.8	0	0	-60.9	-57.9	-17.8	-23.3	-23.3	-23.3	-23.3	-20.9	-7.09999999999999	-7.09999999999999	-14.4	-7.09999999999999	-7.09999999999999	0	0	0	-35.5	-58.3	-36.4	-27.4	0	-50.2	-30.1	-32.1	-94	-52.6	-121.9	-5.09999999999999	-39	-49.1	0	-46.4	-30.1	-534.3	-401.8	-390.2	-547	NA	-122.8	-423.9	0	0	0	-6.39999999999999	0	0	-3.59999999999999
2000	0	-117.3	NA	0	-4.60000000000001	-94	-96	-54.8	-39.7	-86	0	-117.3	0	-9.80000000000001	-0.800000000000004	-237	-47.2	-47.9	-91	-6	NA	NA	-91	-13.8	-21.3	-76.4	-16.6	-91	-86.6	0	0	-237	-237	NA	-39.3	NA	0	-117.3	0	-22.9	-15.2	-88.3	-94.6	-105.4	-16	-14	0	-155.3	-59.2	-86.3	-42	0	-4.59999999999999	0	0	0	0	0	0	0	0	0	0	0	0	0	0	0	0	0	-4.90000000000001	0	0	0	0	0	0	-42.8	-4.5	-76.2	-117.3	0	-86.9	-124.3	-84.3	0	0	-85.1	0	-5	-112	-47.9	-9.80000000000001	-94.9	-39	-46.4	-90	-105.4	-91	-121.6	-91.2	-132.2	-127.9	-117.3	-28.9	-200.6	-39.7	-154.6	-69.4	0	0	0	0	-29.1	0	-109.1	-30.8	-82.1	0	0	0	0	0	0	0	0	0	0	0	-24.3	0	0	0	0	NA	0	0	-93.5	0	0	0	-13.8	-4.60000000000001	-31.9	-56.1	-14	-56.1	-283.5	-342.4	-299.8	-299.8	-354.1	-358.1	0	-60.3	-99	0	0	0	0	-15.6	-31.9	0	-43.5	-63.3	-230.5	-9.69999999999999	-97.3	-30.1	0	0	0	0	-5.5	0	0	0	-6	-31.9	-134.1	-86.9	-124.3	-84.3	-65.5	-104.8	-20.5	-94	-126.6	-118.3	NA	-98.6	-109.1	0	0	0	0	-54.9	0	0	-306.6	-306.6	0	-39.3	0	0	-18.5	0	-187.5	-4.5	0	0	-44.7	-44.7	NA	-141.9	-52.3	0	-90.2	-31.3	-233.5	-57.6	-38	-245.9	-302.9	-30.5	-34.8	-31.3	NA	-31.4	0	0	0	-3.5	-52.6	-131.6	-35.8	-113.7	-85.8	-18.6	-112	-22.8	0	-76.3	NA	NA	NA	NA	NA	-233.5	NA	-246.1	-229.9	-70.5	-37.6	0	-6.20000000000002	0	NA	0	-44.7	-0.300000000000011	-14.7	0	-0.400000000000006	-50.9	0	-70.5	-17.3	0	-43.5	0	0	-44.6	-125.5	-35.7	-80.4	-29	-14.6	NA	-57.8	-98.5	NA	-74.7	0	NA	-42.8	-81.5	0	0	-51.1	-117.2	-40.7	-45.2	0	0	-131.4	-131.4	-131.4	-82.1	-31.9	-54.8	-83.7	0	0	0	-80.7	0	0	0	0	0	0	-80.7	-80.7	0	0	0	0	0	0	0	0	0	0	0	0	0	0	-67.6	0	0	-83.8	0	0	0	0	0	0	0	0	0	0	0	0	0	0	0	0	0	0	0	0	0	0	0	NA	0	-76.2	-40.5	0	NA	-211.6	-210.6	-211.6	-123	NA	-5.60000000000001	-5.60000000000001	0	NA	0	0	0	0	0	0	0	0	-93.3	-57.4	NA	0	0	-19.4	-246.1	-249.2	0	NA	-12.5	-38.5	0	-106.7	-14.4	-122.5	-155.9	0	-378.6	0	-102.4	-102.4	NA	-200.4	0	0	0	0	0	0	NA	NA	-113.5	NA	-4.60000000000001	-3.5	-34.8	-15.2	-42.8	0	NA	-120.5	NA	-100.4	-15.6	NA	-106.8	0	-30.8	NA	-39.3	-117.3	0	0	-0.300000000000011	-4.40000000000001	0	0	0	0	0	0	0	0	0	0	0	0	0	0	0	-6	0	-4.60000000000001	-40.5	-76.8	0	0	0	-11.7	-8	0	-3.09999999999999	-89	0	0	-56.1	-54	-6	0	-5.60000000000001	-547.3	-461.2	-532.4	-564.6	NA	-78	-449.3	0	0	-4.60000000000001	-117.3	-74.9	-72.1	-75.6
2001	0	-35.2	NA	0	0	-58.8	0	0	0	-28.3	-206.1	-35.2	0	-12.2	-18.3	-15.9	0	0	-54.7	-83.6	NA	NA	-54.7	0	-28.2	-63.7	0	-54.7	-27.1	-21.4	-49.8	-15.9	-15.9	NA	-63.5	NA	-73.2	-35.2	0	0	0	-90.8	-4.70000000000002	-6.09999999999999	-238.2	0	0	-21.5	0	-93.1	0	0	0	0	0	0	0	0	0	0	0	-1.39999999999999	-1.39999999999999	0	0	0	0	0	0	0	0	-3.2	0	0	0	0	0	0	0	-5.40000000000001	-35.2	0	-54.9	-79.5	-54.3	-40	0	-71.5	0	0	0	-61.1	-12.2	0	0	0	-3.90000000000001	-6.09999999999999	0	-48.7	-5.79999999999998	-54.8	-55.8	-35.2	-0.800000000000011	-178.3	0	-18.5	-19.8	0	0	-72.7	0	-99.5	-120.2	-127.6	0	-64.7	-28.5	0	0	0	0	0	0	0	0	0	0	-91.2	0	0	0	-17.8	NA	0	0	-116.7	0	-0.299999999999983	0	-269	0	0	-27.9	0	-27.9	-264	-250.7	-298	-298	-275	-275	0	0	-58.5	0	-49.8	-73.2	-21.4	-107.3	0	0	-164.8	-61.8	-127.5	-95.1	-136.2	-54.7	-76.1	-65.2	-61.6	-74.2	-82.4	-41	-72.4	0	0	0	-86.2	-54.9	-79.5	-54.3	-44.2	-54.5	-71.9	-58.8	-33.7	-29.7	NA	-38.4	-127.6	-16.5	-47.2	-53.3	-49.7	-150.2	0	-44.2	-232.5	-232.5	-3.69999999999999	-63.5	0	-104.5	0	0	-146	0	0	0	-30.9	-30.9	NA	-91.7	-19.1	-46.5	-88.2	-132.8	-82.4	-73.3	-11.7	-132.5	-120.7	0	0	-132.8	NA	0	-8.30000000000001	-32.1	0	-44.7	-11.4	-37.1	-21.9	-91.4	-78.6	-27.6	-93.5	-28.2	-0.0999999999999943	-78.7	NA	NA	NA	NA	NA	-82.4	NA	-85.5	-93.5	-93.5	-56.5	-52.4	-137.3	-34.3	NA	-24.7	-30.9	-10.1	-46	-33	-18.7	-32.6	-6.2	-93.1	-41.1	-19.8	-107.4	-53.9	-32.4	0	-35.2	-11.2	-29.1	-4.5	-1.09999999999999	NA	0	0	NA	-25.5	0	NA	0	-13.8	-19.2	0	-34.3	-86.4	-16.3	-28	-4.70000000000002	0	-71.1	-71.1	-71.1	-64.7	0	0	0	-8.09999999999999	0	-8.8	-14.2	0	0	0	0	0	0	-14.2	-14.2	0	0	0	0	0	0	-8.8	-10.8	0	0	-13.4	-13.4	-13.4	0	0	0	0	-19.1	0	0	0	0	0	0	-11.2	0	0	-43.5	0	0	0	-66.9	-66.9	-30.1	-13	-13	0	-22.9	0	0	0	NA	-28.1	-5.40000000000001	-25.1	-5.5	NA	-111.1	-79.7	-74	-73.3	NA	-11.9	-11.9	0	NA	-84.4	-84.4	0	0	0	0	0	-17.4	0	0	NA	-9.40000000000001	-16.6	-86.5	-85.5	-89.5	-63.4	NA	-18.4	-15.7	-51.1	-142.7	-130.4	-158.3	-125.2	0	-279.9	-20.6	0	0	NA	-179.5	-13.9	0	-19.7	-15.4	-15.4	0	NA	NA	-108.5	NA	0	-44.7	0	0	0	0	NA	-66.7	NA	-120	-107.3	NA	-180.3	0	0	NA	-63.5	-35.2	-4.70000000000002	-0.5	-66.1	-12.3	0	0	-72.6	-68.7	-5.90000000000001	-12	-12	-12	-12	-8	0	0	-3.5	0	0	0	0	0	-25.1	-40.6	-12.9	-50.7	-29.6	-61.2	-18.7	-16.2	-105.9	-115.9	-3.69999999999999	0	-27.9	-54.9	0	-63.8	0	-386	-290.2	-339.1	-397.4	NA	-217.1	-196.6	0	-1.60000000000001	0	-35.2	-92.6	-79.6	-90.6
2002	0	-142	NA	0	-26.7	-64.2	-6	0	0	-139.8	-88.7	-142	0	-19.9	-9.30000000000001	-82.6	0	0	-62.5	-90.4	NA	NA	-62.5	-43.3	-76.4	-76.3	-15.9	-62.5	-63.2	0	-78	-82.6	-82.6	NA	0	NA	-71.9	-142	-72.1	-14.1	-62.6	-172.8	-97.5	-108.8	-115.8	-17.2	0	-96.2	-57.5	-156	-61.3	-144	-76.4	-52.3	-52.3	0	-1	-2.40000000000001	0	0	0	-8.3	-8.3	-1	-18.2	0	0	-28.3	0	-8.30000000000001	0	0	0	0	0	0	-18.2	-11	-54.9	-10.4	-142	0	-106.1	-107.8	-101.6	-62.3	0	-22.6	0	0	-10.4	0	-19.9	0	0	0	-93.8	-108.8	-85.1	-149.6	-91.2	-146.1	-150.4	-142	-19.7	-238.7	0	-57.9	0	0	0	-49.1	0	-93.4	-136.2	-114.2	0	-23.3	-14.2	0	0	0	0	-8.30000000000001	0	0	0	0	0	-11.1	0	0	0	0	NA	0	0	-3.3	0	-46.9	0	-97.1	-26.7	0	-47.5	-17.2	-47.5	-215	-253.1	-214.8	-214.8	-262.7	-265.4	0	0	-33.8	0	-78	-71.9	0	-12.9	0	0	-55.3	0	-54.1	0	-124	-130.7	-78.8	-136.8	-137.3	-77	-128.9	-95.3	-75.4	-30	-98.3	0	-119.4	-106.1	-107.8	-101.6	-38.1	-75.2	-83	-64.2	-100.4	-96.4	NA	-53.2	-114.2	-50.4	-39.1	-43.2	-37.5	-168.3	-23.3	-35.9	-221.9	-221.9	-45.2	0	0	-88.6	0	-15	-119.8	-54.9	0	0	0	0	NA	-117.1	-93.1	-99.2	-78.8	-42	-75.5	-41.8	-99	-142	-187	0	-31.6	-42	NA	-28.2	-70.2	0	0	-6.59999999999999	-66.6	-29.8	0	-91.5	-71.8	-30.3	-90	-31.8	0	-72	NA	NA	NA	NA	NA	-75.5	NA	-75.3	-77.8	-49.7	0	-61.6	-47	-45.4	NA	-64.5	0	0	0	-75.6	0	0	-74.1	-51.6	0	-54	-54.9	-67.1	0	-29.2	-24.9	-85.8	0	0	0	NA	0	0	NA	-94.6	0	NA	-48.3	-84.7	0	-40	0	-125.3	-75.6	-106.4	-54.9	0	-109.7	-109.7	-109.7	-23.3	0	0	0	-90.4	0	0	-30.5	-30.7	0	-28.2	0	0	0	-30.5	-30.5	0	0	-40.1	-40.1	0	0	0	0	0	-3.5	0	0	0	0	0	0	0	-29.6	0	0	-19.4	0	-111.9	0	0	0	0	-34.1	0	0	-17.9	0	0	-60.5	-46.7	-81.7	0	-11.2	0	0	0	NA	-32.8	-10.4	-49	-88.1	NA	-80.4	-112.4	-111.4	-121.6	NA	-38.9	-38.9	-66.4	NA	-38.6	-38.6	0	0	0	-22.8	-22.8	-32	0	0	NA	-8.7	-12.1	-67.1	-75.3	-76.4	0	NA	-29.8	0	-7.20000000000002	-108.5	-46.2	-119.7	-107.9	0	-289.3	0	0	0	NA	-231.2	0	-73.7	0	0	0	-24.3	NA	NA	-92.2	NA	-26.7	-6.59999999999999	-31.6	-35.6	-11	0	NA	-153.9	NA	-172.8	-12.9	NA	-28.8	0	0	NA	0	-142	-54.9	-52.9	0	-64	-3.40000000000001	0	-153.7	-139.8	-32	-17	-17	-17	-17	-21.6	-0.599999999999994	-0.599999999999994	-18.3	-0.599999999999994	-0.599999999999994	-98.3	0	-26.7	-49	-140.7	-22.7	-45.5	-43	-52.6	-38.7	-11.1	-230.4	-192	-45.2	0	-47.5	0	-98.3	0	0	-365.2	-264.3	-312.2	-369.3	NA	-211.8	-157.8	-32.5	-21.3	-26.7	-142	-156.5	-151.5	-155.8
2003	0	-94.7	NA	-81.9	0	0	-19.7	-65.9	0	-101.6	-172.9	-94.7	-18.7	-50.9	-54	-158.3	0	0	0	-191.2	NA	NA	0	-58.9	-74.9	-18.8	0	0	-48	-19.4	-52.9	-158.3	-158.3	NA	-0.799999999999997	NA	-28.3	-94.7	-171.2	0	0	-100	-77.9	-79.5	-182.5	0	0	-81	0	-118.8	-20.2	0	-28.9	-20.2	-20.2	0	0	0	0	0	0	0	0	0	-43.2	0	0	-44.4	0	-36.2	-19.6	0	0	0	0	0	-43.2	0	-19	0	-94.7	-23.3	-20.6	-5	-20.1	-166.8	0	-30.8	0	0	-37.3	-84.2	-50.9	-21.6	-58.3	0	-77.7	-79.5	-72.6	-100.2	-77.9	-98.8	-101.6	-94.7	0	-188.7	0	-81.1	-0.700000000000003	0	-11.4	-39.4	-43.1	-89.4	-100.3	-73.1	0	-111.8	-13.7	0	0	0	0	0	0	0	0	0	0	-167.6	0	0	0	-59.3	NA	0	0	-282.2	0	0	-81.9	-286.1	0	0	-65	0	-65	-159	-153	-171.3	-171.3	-141.9	-155.3	-6.09999999999999	-120.4	-27.4	-18.7	-52.9	-28.3	-19.4	-81.6	0	-18.7	-145.7	-19.7	-113.1	-57.1	-107.8	-99.1	-7.19999999999999	-177.6	-162.9	-2.8	-113.3	-154.9	-0.599999999999994	0	-69.2	0	-13.9	-20.6	-5	-20.1	0	0	-186.1	0	-6.20000000000002	-11.1	NA	0	-73.1	0	0	0	0	-107.6	0	0	-349.8	-349.8	-32.5	-0.799999999999997	0	-77.3	0	0	-303.9	-19	-81.9	0	0	0	NA	-23.4	-11.1	-46.5	-4.90000000000001	-126.6	-1.90000000000001	0	-29.6	-68.6	-79.9	0	0	-126.6	NA	-29	-5	-26.3	0	-40.7	-12.8	-13.7	0	-3	0	0	-2.90000000000001	0	0	-0.700000000000003	NA	NA	NA	NA	NA	-1.90000000000001	NA	-13	0	-79.7	-0.399999999999991	-1.8	0	0	NA	-2.59999999999999	0	0	0	-17.1	0	-13.4	-5.5	-79.1	0	0	0	-7.60000000000001	0	-16.2	-24.3	-2.89999999999999	0	0	0	NA	0	0	NA	-71.1	0	NA	-2.5	-38.9	-1.3	-62	-1	0	-70.2	-88.7	-36.1	0	-40.7	-40.7	-40.7	-111.8	0	-65.9	-27.9	-140.9	-95.6	0	-75.8	-142.4	-146.4	-150.6	0	-92.6	-92.6	-75.8	-75.8	-109.6	-89.4	-136.3	-136.3	-89.4	-89.4	0	0	0	-125.4	0	0	0	-66.9	-34.3	-99.6	0	-72.3	0	-56	-139.7	-41.7	-139.6	-41.7	0	0	0	-52.4	-82.4	-13.2	0	0	0	0	-3.09999999999999	-154.8	0	0	0	0	0	NA	0	0	-54.5	-65.9	NA	-263	-193.4	-188.8	-70	NA	-91.3	-91.3	-69.4	NA	-65.7	-65.7	-20.9	-20.9	-28	-151.5	-151.5	-55.1	0	0	NA	-84.5	-18.3	-64.6	-13	-17.2	0	NA	0	0	-16.8	-140.9	-48.6	-152.7	-59.1	-19	-155.7	-3.2	0	0	NA	-202.8	0	-98.7	0	0	0	0	NA	NA	-38.4	NA	0	-40.7	0	0	0	-18.7	NA	-119.8	NA	-81.7	-81.6	NA	-264	-11.4	0	NA	-0.799999999999997	-94.7	-36.1	-42.4	0	-56	0	0	-181.5	-174.1	-34.1	-28.3	-28.3	-28.3	-28.3	-27.1	-106	-106	-19.1	-106	-106	-69.2	-2.40000000000001	0	-54.5	-97.5	-86.2	-171.7	-169.7	-60.2	-160.9	-17.7	-244.5	-288.7	-32.5	-81.9	-65	-29.6	-69.2	-85.4	-96.6	-427.9	-329.2	-365.8	-424.4	NA	-182	-256.7	-69.2	-73.1	0	-94.7	-149.2	-100.3	-145
2004	0	-108.9	NA	-115.1	0	-54.5	-48.5	-29	0	-85.5	-46.3	-108.9	0	-69.4	-25.4	-53.1	-44.7	-45.4	-68.1	-204.4	NA	NA	-68.1	-75	-94.3	-86.2	-22.7	-68.1	0	-9.5	-48.3	-53.1	-53.1	NA	0	NA	-103.2	-108.9	0	-54.4	0	-47.4	-97.1	-104.2	-54.4	-20.4	0	-91.1	-14.4	-56.8	-9.7	0	0	0	0	0	-23.6	-27.2	-9	-7.2	-18	-18.7	-18.7	-23.6	-39.5	0	-18	-40.4	0	-34.7	-37.5	-14.7	-4.39999999999999	-3.59999999999999	-3.59999999999999	-18	-39.5	-11	-59.9	0	-108.9	0	0	-103	0	-128.9	-80.1	0	0	0	-4	-32	-69.4	-45.1	-21.9	-44.6	-93.8	-104.2	-96.6	-115.5	-103	-121.5	-115.4	-108.9	-10.2	-198.3	0	-126.4	0	0	0	-40.5	-35.8	-65.8	-92.2	-112.1	0	-61.8	-104.8	0	0	0	0	0	0	0	0	0	0	-10.2	0	0	0	0	NA	0	0	-211.4	0	0	-115.1	-89	0	0	-97.4	-20.4	-97.4	-273.9	-283.5	-284.2	-284.2	-285.4	-288.4	0	-166.9	0	0	-48.3	-103.2	-9.5	-62.6	0	0	-136.2	-6	-115.5	-80.1	-110.4	-35.9	0	-28.7	-51.7	0	-140.4	0	0	-68.2	-33.1	0	-112.3	0	-103	0	-31.3	-70.8	-148.2	-54.5	-41.1	-34.8	NA	-60.6	-112.1	-8.09999999999999	-5.2	-14	-6.5	-122.7	0	-3.5	-430.2	-430.2	0	0	0	-3.90000000000001	-35.6	0	-164.1	-59.9	-115.1	0	0	0	NA	-13.4	-20	-76.8	0	-48.7	-36.2	0	-1.29999999999998	-113.4	-54.4	0	0	-48.7	NA	-48.8	-29	-8.3	0	-14.6	-3.59999999999999	-60	0	-0.800000000000011	0	-18	0	-18.2	0	0	NA	NA	NA	NA	NA	-36.2	NA	-47	-36	-52.1	0	-28.1	-47.6	-14.8	NA	-41.9	0	0	0	-55.9	0	0	-29.6	-51.5	0	-35.7	-14	-48	0	0	-5.80000000000001	-9.2	-2.40000000000001	0	0	NA	0	0	NA	-81.4	0	NA	-10.2	-51.1	-8.3	0	0	-87.1	-59	-69.2	-7.69999999999999	-7.69999999999999	-0.199999999999989	-0.199999999999989	-0.199999999999989	-61.8	0	-29	0	-34.9	0	-49.6	0	0	0	0	-15.9	0	0	0	0	0	0	0	0	0	0	-49.6	-53.1	0	0	-61.2	-61.2	-61.2	0	0	0	0	0	0	0	0	0	-24.4	0	-52.2	0	0	-55.5	0	0	-31.4	-92.2	-92.2	-56.1	-20.5	-20.5	0	0	-11.1	-11.1	-11.1	NA	-34.1	0	-28.4	-74.1	NA	-255.2	-289.9	-287.6	-54.7	NA	0	0	-25.1	NA	0	0	-24.4	-24.4	-27.5	-119.2	-119.2	-48.2	0	0	NA	-60	-25.9	-152.7	-47	-48.8	0	NA	0	-45.9	-5.59999999999999	-160.7	0	-174.1	-123.5	0	-297.3	-156.9	-3	-3	NA	-158.3	0	0	-67.2	-61.9	-61.9	0	NA	NA	-138	NA	0	-14.6	0	-34.3	-11	0	NA	-114.9	NA	-181.6	-62.6	NA	-51.2	0	0	NA	0	-108.9	-7.69999999999999	-19.7	-39.2	-8.20000000000002	0	0	-62.1	-45.6	-37.6	-25.7	-25.7	-25.7	-25.7	-32.1	-120.1	-120.1	-19.5	-120.1	-120.1	-33.1	0	0	-28.4	-55.5	-65.3	-150.7	-144.2	-121.3	-133.9	-28.1	-214.3	-146.2	0	-115.1	-97.4	-98.3	-33.1	0	-75.7	-426	-332.6	-329.3	-429.5	NA	-107.1	-289.7	-15.6	-55.5	0	-108.9	-63.6	-49.4	-61.5
2005	-62.2	-59.6	NA	-42.1	0	-93	-29.8	-59	-21.5	-38.7	-23	-59.6	0	-150.2	-87.4	-141.3	-37.7	-38.3	-106.1	-205.2	NA	NA	-106.1	-129.3	-116.9	-129.7	-76.3	-106.1	-47.7	-36.6	-128.4	-141.3	-141.3	NA	0	NA	-42.2	-59.6	-203.5	-67.8	-59.2	-84.5	-29.2	-47.6	-2.90000000000001	-56	-10.8	-103.6	-127	-73.3	-59.2	-139.3	-139	-118.2	-118.2	0	-21.2	-25.5	0	-23.4	-2.59999999999999	-21.5	-21.5	-21.2	-25.6	0	-2.59999999999999	-32.9	0	-18	-24.7	-3.60000000000001	-15.3	0	0	-2.59999999999999	-25.6	-97.5	-86.2	0	-59.6	0	-74.4	-154.2	-73.5	-182.7	-1.3	0	-20.6	-24.3	-53.7	-61.2	-150.2	-29	-39.7	-36.9	-25.4	-47.6	-28.3	-70.6	-22.1	-75.4	-70.9	-59.6	-82.8	-220.4	-21.5	-69.2	0	-57	0	-37.6	-16.4	-26.7	-22	-139	0	0	-24.5	-21.9	-20.5	-28.8	-29.2	-1.5	0	0	0	0	0	-248	0	0	0	-142.2	NA	0	0	-131	-28.8	-55.3	-42.1	-53.1	0	0	-132.9	-56	-132.9	-80.9	-77.3	-108	-108	-125.6	-124	-61.9	-11.2	-13.2	0	-128.4	-42.2	-36.6	0	0	0	-73.6	-29.1	-186.2	-155	-114.9	-51.6	-55.7	-190.4	-140	-40.5	-171.2	-132.4	-36.7	0	-0.700000000000017	0	-166.6	-74.4	-154.2	-73.5	-79.5	-108.8	-197.4	-93	-107.9	-101.6	NA	-97.4	-139	0	-19.2	-27.2	-20.7	-0.599999999999994	0	-17.1	-333.1	-333.1	-55.5	0	0	-76	-16.1	0	-183.8	-86.2	-42.1	-41.3	-47.6	-47.6	NA	-89.6	-40.3	-147.9	-90.2	0	-108.2	-99.2	-134.7	-140.6	-89.2	-7.49999999999999	-39.2	0	NA	0	-157.3	0	0	0	-147.2	-25.2	-50.1	-87.4	-85.2	-56.9	-88.8	-58.8	-42.2	-84.6	NA	NA	NA	NA	NA	-108.2	NA	-109.2	-115.7	-57.9	-51.4	-162.4	-196.3	-138.4	NA	-134	-47.6	-40	-41.2	-136.6	-38.2	-58.1	-158.3	-54.9	-42.3	-136.3	-201.9	-157.5	-43.2	-152.2	-177.5	-62.2	-143.6	-100	-102	NA	-72.9	-28	NA	-96.2	0	NA	-52.7	-89.7	-58.3	-29.6	-54.7	-123.2	-26.9	-42.2	-32.6	0	-91.8	-91.8	-91.8	0	0	-59	0	-148.9	-66.1	-5.59999999999999	-67.8	-89.2	-85.8	-110.5	0	-61.6	-61.6	-67.8	-67.8	-80.7	-57.7	-75.9	-75.9	-57.7	-57.7	-5.59999999999999	-7.8	0	-96	-9.5	-9.5	-9.5	-31.5	-37.2	-66.5	0	-67.9	0	-18.6	-98.7	-1.70000000000002	-143.5	-1.70000000000002	-8.40000000000001	0	0	-83.1	-54.9	-0.399999999999991	-17.3	0	0	-49.7	-48.6	-165.5	0	-10.5	0	0	0	NA	-31.5	0	-81.6	-117.1	NA	-226.4	-127.2	-127.6	-115	NA	0	0	-37.8	NA	-68.1	-68.1	-34.7	-34.7	-38.6	-103.9	-103.9	-58.4	-1.19999999999999	-32.8	NA	-65	-36.1	-47.6	-109.2	-110.4	-20.9	NA	-133.6	-53.6	-48.3	-16.8	-124.5	-23.1	-82.4	-66.7	-158.5	-53.2	-14.5	-14.5	NA	-212.1	-86.7	0	-17.4	-14.3	-14.3	0	NA	NA	-86.2	NA	0	0	-39.2	0	-97.5	0	NA	-81.1	NA	-32.9	0	NA	-92	0	0	NA	0	-59.6	-32.6	-34	-34.4	-39.6	0	0	-208	-197.9	-54.3	-48.5	-48.5	-48.5	-48.5	-47.5	-64.8	-64.8	-43.2	-64.8	-64.8	-0.700000000000017	0	0	-81.6	-73.3	-68.5	-157.8	-157.2	-27.5	-162.8	-35.5	-193.5	-160.9	-55.5	-42.1	-132.9	-170.4	-0.700000000000017	-164.1	-1.2	-600.5	-493.1	-529.4	-609	NA	-223	-458	-14.4	-13.1	0	-59.6	-98.7	-99.7	-108.2
2006	0	-10.7	NA	0	0	-2.29999999999998	-80.4	-47.9	-27.6	-12.3	-151.3	-10.7	0	-54.2	-31.4	-213.3	-60.8	-58.9	-1.09999999999999	-163.2	NA	NA	-1.09999999999999	-64.1	-61.4	-32.4	-6	-1.09999999999999	0	-89.6	-11.6	-213.3	-213.3	NA	0	NA	-88.8	-10.7	0	0	0	0	0	-1	-151.7	0	0	-189.4	0	0	0	0	-5.39999999999999	0	0	0	-30.9	-35	-42.8	-40	-0.599999999999994	-4.30000000000001	-4.30000000000001	-30.9	-45.8	0	-0.599999999999994	-35.3	0	-44.1	-91.2	-60.6	-13.6	-45.3	-45.3	-0.599999999999994	-45.8	0	-64	0	-10.7	-24.1	0	-29.2	0	-96.9	-63.3	-21.3	-14.7	-27.3	-157.6	-82.9	-54.2	-83.2	-30.7	-57.6	0	-1	0	-21.9	0	-25.6	-24.2	-10.7	-70.1	-228.3	-27.6	-103.4	-3.59999999999999	-6.5	0	0	0	-4.40000000000001	0	-182.8	-31.1	0	-2.10000000000001	-36.9	-71.9	-82.6	-54.5	-43	-9.59999999999999	-5.39999999999999	-26.7	-6.19999999999999	-6.19999999999999	-93.1	-11.1	-0.200000000000003	-9.5	0	NA	-82	-74.3	-147.4	-82.6	-13.1	0	-292	0	-37.1	-51.6	0	-51.6	-330.7	-331.5	-326	-326	-348.8	-341	0	-9.90000000000001	-9.90000000000001	0	-11.6	-88.8	-89.6	-8.20000000000002	-37.1	0	-193.6	-2.80000000000001	-112.2	-153.2	-64.8	-86.6	0	-1.40000000000001	0	0	-127.7	0	0	0	-95.8	-37.1	-35.9	0	-29.2	0	0	0	-120.9	-2.29999999999998	-13.4	-8.10000000000001	NA	0	-182.8	-20.2	-48.5	-54	-47.8	-93.3	0	-45.8	-173.1	-173.1	-14.6	0	0	0	-12.2	0	-255.1	-64	0	0	0	0	NA	0	-15.9	-115.2	0	0	-76	0	-58.7	-204.1	-155.3	0	0	0	NA	0	-78.1	0	0	0	-74.4	-42.2	0	0	0	0	0	0	0	0	NA	NA	NA	NA	NA	-76	NA	-79.1	-76.4	-35	0	-78.6	-98.1	-79.2	NA	-91.4	0	0	0	-98.2	0	0	-75.6	-33.2	0	-92.1	-100.9	-96.5	0	-79.1	-99.6	-24.9	-68.3	-41.9	-46.6	NA	0	-24.3	NA	0	0	NA	0	0	-14.6	0	0	-93.5	0	0	0	0	0	0	0	0	-37.1	-47.9	-103.2	-33.7	0	-0.399999999999991	-29.9	0	0	0	-7.39999999999999	0	0	-29.9	-29.9	0	0	0	0	0	0	-0.399999999999991	0	0	0	-0.800000000000011	-0.800000000000011	-0.800000000000011	0	-21.4	0	0	-36.2	0	0	0	0	-13.2	0	0	0	0	-68.5	0	0	0	-22.7	-22.7	0	-17.4	-20.5	0	0	-7.59999999999999	-7.59999999999999	-7.59999999999999	NA	-1.3	0	-83.5	-49.6	NA	-164.8	-115.5	-114.8	-112.5	NA	0	0	0	NA	0	0	0	0	0	0	0	-10.3	0	0	NA	-2.5	0	-66.8	-79.1	-78.6	0	NA	-57.2	0	0	-56.9	-38.8	-66.9	-101.7	0	-351.1	-12.1	-29.1	-29.1	NA	-191.1	-18.6	0	0	0	0	0	NA	NA	-97.2	NA	0	0	0	-51.4	0	0	NA	-37.8	NA	-46.5	-8.20000000000002	NA	-30	0	-31.1	NA	0	-10.7	0	0	-18.6	0	0	0	-1.8	-2.09999999999999	-4.89999999999999	0	0	0	0	0	0	0	0	0	0	-95.8	-0.5	0	-83.5	-58.7	-14.6	-33.4	-38.8	-40	0	0	-225.3	-59.2	-14.6	0	-51.6	-99.7	-95.8	-31	-78	-561.6	-388.9	-332.7	-568.7	NA	-242.3	-257.1	0	0	0	-10.7	-13.6	0	-4.59999999999999
2007	0	-59.3	NA	0	0	0	-25.6	-30.4	-31	-80.3	-171.3	-59.3	0	-18	0	-87.3	-22.8	-23.9	0	-77.4	NA	NA	0	0	0	-2.19999999999999	0	0	-39.4	-112.6	-36.8	-87.3	-87.3	NA	-7.8	NA	-140.7	-59.3	-192.1	0	-53.9	-95.2	-29.7	-40.6	-216.1	0	0	-65.8	-33.6	-82.1	-63.7	-92.1	-71.6	-43.8	-43.8	0	0	0	0	0	0	0	0	0	-42.3	0	0	-44.9	0	-36.2	0	0	0	0	0	0	-42.3	0	-62.7	0	-59.3	0	0	0	0	-42.1	-0.799999999999997	0	-11.7	-14.1	-37.8	-64.7	-18	-9.60000000000001	-22.6	-19.1	-27	-40.6	-37	-67.5	-24	-62.8	-65.1	-59.3	-41.9	-71.4	-31	-130.1	0	0	-13.5	-34	-46.4	-28.9	-117	-0.899999999999991	-17.2	-23.7	0	-24.7	-41.9	-45.8	-37.7	-14.8	0	0	0	0	0	-105.1	0	0	0	0	NA	-14.8	-15.3	-120.9	-45.8	-13	0	-100.6	0	-16.3	-36.3	0	-36.3	-315	-311.2	-331.3	-331.3	-304.9	-301.2	-3.8	0	0	0	-36.8	-140.7	-112.6	-5.70000000000002	-16.3	0	-180.3	-0.900000000000006	-17.3	-12.7	-162.5	0	-29.5	-150.4	-153.4	-45.8	-68.1	-138.9	-41.4	0	-19.1	-16.3	0	0	0	0	0	0	-64.2	0	0	0	NA	0	-0.899999999999991	-2.60000000000001	0	0	0	-11.7	0	0	-123.8	-123.8	-27.9	-7.8	0	-57.7	-30.4	0	-89.9	-62.7	0	0	0	0	NA	-18.9	0	0	-29.3	-32.7	-8.8	-16	0	-21.6	-59.9	0	0	-32.7	NA	0	0	0	0	0	0	-42.7	0	-21.9	-18.3	0	-23.7	0	0	-27.2	NA	NA	NA	NA	NA	-8.8	NA	-7.2	-13.2	-93.9	-6.40000000000001	0	0	0	NA	0	0	0	0	0	0	-2.60000000000001	0	-93	0	0	0	0	0	0	-8.8	0	0	0	0	NA	-6.39999999999999	-13.1	NA	0	0	NA	0	0	-11.9	0	-4.3	-113.7	0	-12.4	0	0	-16.5	-16.5	-16.5	-23.7	-16.3	-30.4	-11.9	-64.6	-17.6	-30.5	-134.9	0	-29.4	-50.4	-3.3	-7.30000000000001	-7.30000000000001	-134.9	-134.9	-28.7	-4.2	0	0	-4.2	-4.2	-30.5	-32.6	0	-44.9	-36.8	-36.8	-36.8	0	-82.1	-12.1	0	-136.9	0	0	-39.6	0	-35.2	0	-32.1	0	0	-75.4	-5.5	0	0	-41.1	-41.1	-4.8	-10.2	-57.7	0	0	0	0	0	NA	0	0	-174.5	-34.7	NA	-270.9	-198.3	-198.3	-8.09999999999999	NA	-33.8	-33.8	-15.1	NA	-13.3	-13.3	0	0	0	0	0	-10.7	0	-0.5	NA	0	0	-58.7	-7.2	-9.40000000000001	0	NA	0	-42.4	-36.5	-61.2	0	-76.2	-146.4	-4.80000000000001	-312.5	-8.10000000000001	0	0	NA	-65.6	-7.69999999999999	-65.4	-40.6	-37.7	-37.7	0	NA	NA	-52.2	NA	0	0	0	0	0	0	NA	-92	NA	-206.8	-5.70000000000002	NA	-54.5	-13.5	-17.2	NA	-7.8	-59.3	0	0	-85.9	0	0	0	-167.3	-160	-2.09999999999999	0	0	0	0	0	0	0	0	0	0	-19.1	-9	0	-174.5	-44.9	-11.1	-89.1	-65.7	-44.2	-55.3	0	-258	-222.9	-27.9	0	-36.3	-65.5	-19.1	-64.2	-54.5	-186.9	-163.9	-188.3	-186.6	NA	-3.69999999999999	-187.1	0	-31.9	0	-59.3	-139.7	-95.5	-135.5
2008	0	0	NA	0	0	-1.09999999999999	0	-29.6	0	0	-65.4	0	0	-84.9	-38.5	-78.7	-49.1	-52	-6.40000000000001	0	NA	NA	-6.40000000000001	0	0	-18.9	0	-6.40000000000001	0	0	0	-78.7	-78.7	NA	-16	NA	0	0	-101.1	0	-75.7	-78.1	0	0	-71.6	-43.3	-36.5	-108.9	0	-84.3	-76	-30.5	-102.8	-68.1	-68.1	0	-27.2	-27.5	0	0	-29.5	-37.9	-37.9	-27.2	-39.4	-31.8	-29.5	-54.8	-31.8	-28.9	0	0	0	0	0	-29.5	-39.4	0	-12.3	0	0	0	0	-28.3	0	0	0	0	0	0	-26.4	-76.2	-84.9	0	-25.7	-46.8	0	0	0	0	0	0	0	0	0	-212.7	0	-66.4	0	-43.7	0	0	0	-43.7	-52.3	-131.3	0	0	0	0	0	-0.700000000000003	0	0	0	0	0	0	0	-85.3	0	0	0	-17.2	NA	0	0	-49.5	-0.700000000000003	-25.7	0	-60.1	0	0	-20.4	-43.3	-20.4	-271.1	-279.1	-274.4	-274.4	-272.4	-288.7	-85.6	0	0	0	0	0	0	-55.2	0	0	-143.9	-24.4	-76.4	-32.6	-85.7	-76.9	-101.6	-216	-185.9	-90.9	-97.3	-173.3	-90.3	-1.3	-20.5	0	-34.1	0	-28.3	0	0	-6.39999999999999	0	-1.09999999999999	-17.6	-18.9	NA	0	-131.3	-1.09999999999999	0	0	0	-79.1	0	0	-210.3	-210.3	-46.1	-16	0	0	0	-15.2	-116.8	-12.3	0	0	0	0	NA	0	0	-90.1	-6.8	0	0	-0.599999999999994	0	-92.9	-143.1	0	0	0	NA	0	-91	0	0	0	0	0	0	0	0	0	0	0	0	-8	NA	NA	NA	NA	NA	0	NA	0	0	0	0	-88.5	-104.2	-61.4	NA	-65.8	0	0	0	-74.6	0	0	-93.2	0	0	-77.6	-97.8	-79.8	0	-14.6	-40.4	0	0	0	0	NA	0	0	NA	0	0	NA	0	0	0	-38.6	0	-24	-23.5	-38.9	-45.7	0	0	0	0	0	0	-29.6	0	-9.5	0	0	-91.5	0	0	0	0	0	0	-91.5	-91.5	0	0	0	0	0	0	0	0	0	0	0	0	0	0	-61.1	0	0	-99	0	0	0	0	0	0	0	0	0	-8.90000000000001	0	0	0	-18.3	-18.3	0	0	-0.699999999999989	0	0	0	0	0	NA	-0.700000000000003	0	-187	0	NA	-190.3	-151.8	-151.4	-23.8	NA	-49	-49	-50.7	NA	-42.7	-42.7	0	0	0	0	0	0	0	0	NA	0	0	-8	0	0	0	NA	-16.8	-87.2	-9.90000000000001	-11.8	-140.8	-19	-199.4	-84.2	-302.2	-90.3	0	0	NA	-65.6	-46.3	-76.5	0	0	0	-0.199999999999989	NA	NA	-65.6	NA	0	0	0	0	0	0	NA	0	NA	-170.1	-55.2	NA	-46.8	0	0	NA	-16	0	-45.7	-42.8	0	-54.5	0	0	-229.6	-218.4	0	0	0	0	0	0	0	0	0	0	0	-20.5	-9.89999999999999	0	-187	-31.7	0	-18.3	0	0	-10.7	0	-215.7	-84.3	-46.1	0	-20.4	-50	-20.5	-2.3	0	-661.1	-553.6	-543.2	-660.2	NA	-332.6	-436.4	0	0	0	0	-78.6	-86	-80.5
2009	0	-2.89999999999999	NA	0	0	-50.5	-18.9	-18.9	0	0	-85.9	-2.89999999999999	0	-71.3	-34.4	-218.1	-24.5	-25	-51.3	-143.2	NA	NA	-51.3	-76.2	-95.1	-59.2	-47.4	-51.3	-20.6	0	-14.6	-218.1	-218.1	NA	-19.3	NA	0	-2.89999999999999	-93.5	0	-28.1	-69.7	-3.00000000000001	-4.50000000000001	-83.3	0	0	-1.3	0	-78.1	-35.4	0	-0.5	0	0	0	-42.5	-51.1	0	-45.3	-25.7	-38.1	-38.1	-42.5	-129.2	-27.3	-25.7	-135.8	-27.3	-86.4	0	-5.2	-33.8	0	0	-25.7	-129.2	-3.09999999999999	-0.899999999999991	-86.3	-2.89999999999999	0	-32.4	-72.2	-33.5	-130.1	0	-19.1	-17.4	-28.9	-109.4	-37	-71.3	-20.2	-18.2	-25.2	0	-4.50000000000001	-9.59999999999999	-5.10000000000001	-14.4	-21.6	-13.1	-2.89999999999999	-3.3	-164.6	0	0	0	-22	0	0	0	-16.3	-7.7	-39.5	0	-74.4	0	0	0	0	0	-22	0	0	0	0	0	-158.1	0	0	0	-60.9	NA	-1.90000000000001	-8.7	-86.3	0	-26	0	-132.9	0	0	-38.5	0	-38.5	-138.4	-139.5	-127.2	-127.2	-155.5	-151.6	0	-36.3	-79.8	0	-14.6	0	0	-88.4	0	0	-178.8	0	-161.7	-81.5	-167.8	-96.3	-30.2	-42.9	-5.29999999999998	-25.8	-219.4	0	-28	0	-72.4	0	-75.7	-32.4	-72.2	-33.5	-35.3	-55.5	-149.4	-50.5	-57.9	-50.9	NA	-49.9	-39.5	-50.6	-9.7	-19	-12.4	-130	-24.1	-7.5	-283.8	-283.8	-32.1	-19.3	0	0	-12.8	0	-101.5	-0.899999999999991	0	0	-12.7	-12.7	NA	-58.4	-80.6	0	-31.2	-110.6	-165.9	-15.5	-118.1	-290.8	-261.4	0	-10.8	-110.6	NA	-36.5	0	-15.5	0	-26.4	-121.4	-148.9	-12.9	-45.4	-25.4	-38.8	-45.2	-42.2	0	-16.7	NA	NA	NA	NA	NA	-165.9	NA	-171.1	-170.1	-49.1	-12.3	0	0	0	NA	0	-12.7	0	-4.7	0	0	-40.6	0	-49	-1.90000000000001	0	-35.5	0	0	-103.3	-131.3	-81	-88.1	-79.4	-74.7	NA	0	0	NA	-101.5	0	NA	-32.3	-82.2	-38.9	-11.3	-47.8	-125.5	-48.6	-65.6	0	0	-66	-66	-66	-74.4	0	-18.9	-8	-90.1	0	-81.1	-102.4	-43.7	-33.7	-15.7	-27.1	0	0	-102.4	-102.4	-27.3	0	-36.1	-36.1	0	0	-81.1	-84.6	0	-38.1	-90.9	-90.9	-90.9	-13.2	-74.8	0	-15.9	-102.5	-45	0	-16.2	0	-84	0	-83.7	0	0	-177.9	0	0	-70.6	-39.8	-39.8	-124.2	-98.1	-98.1	-0.799999999999997	-31.2	-27.2	-27.2	-27.2	NA	-76	-86.3	-151.3	-8.10000000000001	NA	-240.3	-169.7	-171.2	-184.6	NA	-9.3	-9.3	-34.5	NA	0	0	0	0	0	0	0	0	0	0	NA	0	0	-12.7	-171.1	-172.8	0	NA	-86.7	0	-46	-149.6	-179.6	-161.6	-16.4	-3.5	-182.7	-5	0	0	NA	-270.2	-8.89999999999999	0	-98.7	-96.1	-96.1	0	NA	NA	-98.6	NA	0	-26.4	-10.8	0	-3.09999999999999	0	NA	-4.19999999999999	NA	-232.4	-88.4	NA	-213.7	0	0	NA	-19.3	-2.89999999999999	0	0	0	-5.79999999999998	0	0	-59.3	-50	0	0	0	0	0	0	0	0	0	0	0	-72.4	-17	0	-151.3	-12.7	0	-82.5	-89.5	-3.7	-13.1	0	-140.4	-67.6	-32.1	0	-38.5	-73.1	-72.4	-82.7	-0.5	-677.1	-632.4	-667.8	-679.9	NA	-299.2	-550.1	0	-49.4	0	-2.89999999999999	-65.3	-43.9	-67.3
2010	-106	-59.8	NA	-71	-13.3	-98.6	0	0	-13.5	-102.8	-263.1	-59.8	-69.8	-42.7	0	-7.8	0	0	-97.1	-153.9	NA	NA	-97.1	-81.6	-91.9	-86.2	-72.5	-97.1	-143.4	-37.5	-110.2	-7.8	-7.8	NA	-46	NA	-39.3	-59.8	-213.9	0	0	-29.7	-31.4	-39.1	-289.6	0	0	-93.7	-52	-28.7	0	0	-6.3	0	0	0	0	0	0	-2.7	0	0	0	0	0	0	0	-9.10000000000001	0	0	0	0	0	0	0	0	0	-151.8	-71.3	0	-59.8	-108.9	-118.3	-110.8	-118.2	-76.2	-53.8	0	0	0	0	-58.9	-42.7	0	0	0	-29.6	-39.1	-29.1	-78.9	-27.4	-75.9	-77.9	-59.8	-29.9	-253.6	-13.5	-103.2	0	0	-70.9	0	-16.6	-33.7	-157.5	-161	-1.7	0	-6.89999999999998	-25.6	-36.2	-40.2	-35.7	0	0	0	0	0	0	-77.5	0	0	0	-8.19999999999999	NA	0	0	-6.59999999999999	-40.2	0	-71	-348.7	-13.3	0	-36.7	0	-36.7	-138.6	-224.9	-141.7	-141.7	-214.2	-233.2	-104.6	-69.5	0	-69.8	-110.2	-39.3	-37.5	-56.6	0	-69.8	-43	0	-4.09999999999999	-60.8	-218.6	0	-11.3	-105.7	-85.4	-22	0	-50.3	-18.1	0	-50.2	0	-115.3	-118.3	-110.8	-118.2	-81.6	-113	-94.3	-98.6	-89.2	-80.7	NA	-103.4	-161	0	-41.7	-54.1	-48.3	-124.4	-6	-39.9	-310.1	-310.1	0	-46	-5.40000000000001	-57.3	-41.3	-73.7	-266.3	-71.3	-71	-101.8	-51.3	-51.3	NA	-85.1	-36.6	-66.7	-65.3	0	-86.9	-48.7	-47.1	-109.3	-267.9	0	-23.3	0	NA	-74.4	0	0	0	0	-52.9	-45.2	-51.5	-76.1	-66.1	-68.2	-74.8	-69.2	-25.6	-57.2	NA	NA	NA	NA	NA	-86.9	NA	-88.2	-87.1	-133.5	-45.3	0	-40.6	-38.4	NA	-37.5	-51.3	-33.8	-26.4	-42	-28.6	-44.2	0	-133.6	-32.3	0	-116.9	-60.8	-22.3	-51.6	-78.6	-39.9	-46.1	-39.5	-42.7	NA	0	0	NA	-52.8	0	NA	-30.3	-42.2	-64.4	-142.7	-40.4	-192.1	-81.9	-85	-75.4	-56	-86.3	-86.3	-86.3	0	0	0	0	-89.3	0	0	-80	-31.1	-22.5	0	0	0	0	-80	-80	-9.40000000000001	0	-25.3	-25.3	0	0	0	0	0	-30.3	0	0	0	0	-64.7	0	-11.5	-78.3	-32.9	0	-1	0	-107.8	0	0	0	0	-123.3	0	0	-49.5	0	0	-65.2	-71.1	-76.5	0	0	0	0	0	NA	-48.1	0	-122.2	0	NA	-262.3	-297.3	-297.6	-65.6	NA	-155.3	-155.3	-144	NA	-166.1	-166.1	-57.8	-57.8	-67.8	-107.6	-107.6	-116.7	0	0	NA	-110.3	-102.9	-63.1	-88.2	-88.2	-119.3	NA	-65.3	-89.5	-70.5	0	-7.89999999999999	0	-152.8	-96	-249.1	-180.1	0	0	NA	-111.3	-118.6	-186.9	0	0	0	-62.9	NA	NA	-68.8	NA	-13.3	0	-23.3	0	-151.8	-69.8	NA	-116.1	NA	-74.8	-56.6	NA	-32.3	-70.9	-1.7	NA	-46	-59.8	-75.4	-75	-0.800000000000011	-81.3	-4.09999999999999	0	-121.6	-117.8	-101.8	-105.7	-105.7	-105.7	-105.7	-99.5	-85.1	-85.1	-89.2	-85.1	-85.1	-50.2	0	-13.3	-122.2	-21.2	-115.2	-144.7	-135.7	-56.2	-129.9	-101.8	-185	-115.2	0	-71	-36.7	-86	-50.2	-15.9	0	-400.2	-254.6	-300.4	-409	NA	-157.4	-352.7	-3.99999999999999	-37.9	-13.3	-59.8	-37.5	0	-25.9
2011	0	-82.3	NA	0	-3.3	-18	0	-21.8	0	-98.1	-73.5	-82.3	0	-73	-36.5	-121.5	-2.2	-3	-25.7	-66.6	NA	NA	-25.7	0	-5.90000000000001	-30.1	0	-25.7	-18.3	0	-12.1	-121.5	-121.5	NA	-30.1	NA	0	-82.3	0	0	-91.3	-92.8	-50.8	-59.3	-61.7	0	0	-202.8	-67.1	-96.1	-68	-58.9	-17.6	-1.3	-1.3	0	0	0	0	0	0	0	0	0	-58.9	-6	0	-56.3	-6	0	0	0	0	0	0	0	-58.9	0	-82.6	0	-82.3	0	-60.9	-47.9	-61.7	-9.40000000000001	0	0	0	-6.39999999999999	-47.6	-34.4	-73	0	-11.9	-0.700000000000003	-48.7	-59.3	-44.5	-94.6	-48.2	-91.5	-94.4	-82.3	-21.2	-211.9	0	-110.7	0	0	0	0	-16.3	-24.6	-39.4	-143	0	0	0	-63.9	-96.5	-100.7	-84.7	-51.8	-11.5	0	-20.9	0	0	-180.8	-7.59999999999999	-2.09999999999999	-11.6	-67.6	NA	-39.6	-41.7	-126.4	-100.7	-190	0	-314.8	-3.3	0	-40.4	0	-40.4	-205	-207.3	-207.7	-207.7	-216.3	-209.5	0	0	-7.7	0	-12.1	0	0	-97.2	0	0	-30.3	-12.5	-46.3	0	-88.9	-85.8	0	0	0	0	0	0	0	0	-81.1	0	-54.9	-60.9	-47.9	-61.7	-19.2	-31.2	-31	-18	-48.2	-45.4	NA	-22	-143	-34.7	-63.6	-67.7	-63.8	-10.2	0	-60	-251.3	-251.3	-171.7	-30.1	0	0	0	-46.7	-161.9	-82.6	0	0	-59.8	-59.8	NA	-84.1	0	-139.9	-77.2	-31.8	-131.4	-69.9	-51.1	-127.7	-245.3	-39.1	0	-31.8	NA	-49.4	-158.3	0	0	0	-73.2	-101.9	-62.5	-77.8	-73.6	-4.69999999999999	-77.4	-7.5	-56.5	-64.7	NA	NA	NA	NA	NA	-131.4	NA	-140.2	-139.2	-90.3	-57.2	-158.5	-178.8	-103.3	NA	-101.9	-59.8	-52.5	-49.1	-120.4	-52.4	-53.8	-161.7	-91.9	-53.1	-130.8	-167.9	-130.7	-58.1	-90.5	-142.9	0	-103.1	-57.9	-62.4	NA	-135.8	-103	NA	-17.5	0	NA	0	-12.2	-4.69999999999999	-103.4	-43.1	-223	-69.2	-84.6	-60.2	0	-97.3	-97.3	-97.3	0	0	-21.8	0	0	0	0	-105.3	0	0	0	0	0	0	-105.3	-105.3	0	0	0	0	0	0	0	0	0	0	0	0	0	0	-80.9	0	0	-108.4	0	0	0	0	0	0	0	0	0	0	0	0	0	0	0	-7.3	0	0	0	0	0	0	0	NA	-2.2	0	-198.1	-51	NA	-288.6	-288.4	-290.6	-48.6	NA	-76.6	-76.6	-118.9	NA	-80.1	-80.1	-11	-11	-12.4	0	0	-25.9	-114.3	-104	NA	-36.1	0	0	-140.2	-145.1	0	NA	-82.4	-99.9	-62.1	-30.2	-122	-33.9	-143.5	0	-218.4	-14.1	-98.8	-98.8	NA	-118.5	-6.70000000000002	-88.2	0	0	0	-8.29999999999998	NA	NA	-38.4	NA	-3.3	0	0	-17.7	0	0	NA	-116.8	NA	-186.9	-97.2	NA	-91.9	0	0	NA	-30.1	-82.3	-60.2	-66.3	0	-62.3	0	0	-1.2	-1.2	-12.3	0	0	0	0	-6.5	0	0	0	0	0	-81.1	0	-3.3	-198.1	-10.4	-41.8	-7.5	0	0	0	0	-73.2	-6.59999999999999	-171.7	0	-40.4	-27.3	-81.1	-49.7	0	-831.4	-774.8	-768.3	-835.5	NA	-340.4	-772.4	-19.2	0	-3.3	-82.3	-90.7	-71.8	-86.9
2012	-0.700000000000003	-85.3	NA	-8.59999999999999	-56.5	-30.7	-46.4	-87	-33.6	-103.8	-220.1	-85.3	0	-114.8	-55.8	-264.4	-67.1	-64.9	-68.7	-224.3	NA	NA	-68.7	-51	-105	-54.6	-9.10000000000001	-68.7	0	-119.6	-130.7	-264.4	-264.4	NA	-70.5	NA	-139	-85.3	-203.1	0	0	0	-39.7	-58.7	-258.6	0	0	-45.3	-94.7	-96.5	0	0	0	0	0	0	0	0	0	0	0	0	0	0	-37.4	0	0	-46.5	0	-16.9	-14.4	0	0	0	0	0	-37.4	0	0	0	-85.3	0	-36.8	-99.5	-36	-117.6	-49.8	0	-43.5	-51	-117.8	-6.39999999999999	-114.8	-54.9	-40.9	-62.5	-31.6	-58.7	-52.4	-107.7	-42.6	-119.1	-113	-85.3	-46.7	-153.4	-33.6	-127	0	-47.2	0	-113.8	-18.6	-181.1	-52.5	-59.1	-12.3	-37.9	-11	0	0	0	0	0	0	0	0	0	0	-177.9	0	0	0	-113.8	NA	-3.2	0	-131.1	0	0	-8.59999999999999	-69.4	-56.5	-10.2	-90.5	0	-90.5	-151.1	-135.6	-173.9	-173.9	-150.9	-141.8	0	0	-86.3	0	-130.7	-139	-119.6	-38.5	-10.2	0	-78.5	0	-184.5	-40.7	-239.8	-104.6	-24.8	-118.5	-104.5	-16.5	-54.1	-71.8	-15	-43.1	0	-10.2	-110.3	-36.8	-99.5	-36	-20	-68.8	-137	-30.7	-40.9	-35.4	NA	-59	-59.1	-59	-48.6	-55	-48.7	-87.9	-1.3	-45.8	-130.5	-130.5	0	-70.5	0	-82.1	-46.8	-53	-227	0	-8.59999999999999	0	0	0	NA	0	0	-92.2	0	-28.1	-94.4	0	-48.3	-164.6	-276.2	-17.4	0	-28.1	NA	0	-58.6	0	0	0	-68.2	-75.6	0	0	0	-49.3	0	-50.8	0	0	NA	NA	NA	NA	NA	-94.4	NA	-104.8	-97.3	-106.3	-15.5	-65.4	-130.5	-80.5	NA	-74.8	0	0	-3	-77.5	0	-97.4	-58.1	-105.4	0	-64.8	-178	-116.3	0	-79.5	-112.7	0	-65.9	-47.5	-45.8	NA	0	-40.5	NA	-12.4	0	NA	0	0	0	-29.2	-74.8	0	0	-16.4	0	0	0	0	0	-37.9	-10.2	-87	-42	-138.6	-88.8	0	-141.2	-96.1	-101.5	-131.1	0	-84.8	-84.8	-141.2	-141.2	-102.3	-80.4	-110.9	-110.9	-80.4	-80.4	0	0	0	-116	0	0	0	-66.4	-106.1	-88.3	0	-145.4	0	-52.7	-120	-35.7	-148.6	-35.7	0	0	0	-119.2	-74.2	-8.5	-5.59999999999999	0	0	-34.4	-44.3	-143.8	0	0	0	0	0	NA	-14.9	0	-223.8	-7.5	NA	-62.7	-19.9	-19.5	-71.4	NA	-41.4	-41.4	-52	NA	-73.3	-73.3	-27.3	-27.3	-32.1	-22.2	-22.2	-77.5	0	0	NA	-54.7	-50.2	-77.6	-104.8	-107.4	0	NA	-64.7	-84.3	-24.4	-100.7	-102.1	-112.8	0	0	-169	0	-40.6	-40.6	NA	-130.1	-43	-60.1	0	0	0	0	NA	NA	-85.1	NA	-56.5	0	0	0	0	0	NA	-139.2	NA	-37.1	-38.5	NA	0	0	-12.3	NA	-70.5	-85.3	0	0	-42.7	-4.2	0	0	-135.8	-122.5	-62.5	-49.6	-49.6	-49.6	-49.6	-52.8	-12.1	-12.1	-40.8	-12.1	-12.1	0	0	-56.5	-223.8	-129.6	-75.4	-79.8	-65.2	-66.2	-72.8	-50.9	-122.9	-57.5	0	-8.59999999999999	-90.5	-65.8	0	-103	-41.1	-421.7	-320.3	-316.1	-423.1	NA	-179.3	-269.7	0	-57.3	-56.5	-85.3	-157.1	-86.7	-146
2013	-3.90000000000001	-31.4	NA	-25.1	0	-104.7	-69.4	-93.2	-39.2	-41.1	-327	-31.4	0	-121.8	-95.4	-106.5	-129.3	-131.5	-134.1	-199.2	NA	NA	-134.1	-28.5	-63.8	-125.4	-21.5	-134.1	-166	-37.5	-191.8	-106.5	-106.5	NA	-25	NA	-9.09999999999999	-31.4	-207.6	0	0	0	-3.7	-5	-337.2	0	0	-79.5	-9.3	-54.3	-24	-37.1	-24.9	-11.8	-11.8	0	-17.3	-18.7	-11.8	-8.8	-17.2	-28.9	-28.9	-17.3	-31.1	-3.5	-17.2	-27.1	-3.5	-20	-38.4	-14.7	0	-0.399999999999991	-0.399999999999991	-17.2	-31.1	-299	-54.7	-52.7	-31.4	-14.4	-120.1	-162.2	-115.6	-111.4	-93.5	0	-49.3	-58	-141	-78.6	-121.8	-90.4	-66.8	-121.1	-1.7	-5	0	-36.4	0	-26.3	-35.8	-31.4	-42	-248.9	-39.2	-53.2	0	-73.1	-151.3	-14.4	0	-45.7	-72.2	-170.2	-35.1	0	-62.4	-25.4	-54.6	-51.4	-38.7	-41.3	0	0	-3.89999999999999	0	0	-104.9	0	0	0	-2.39999999999999	NA	-31.4	-23.5	-254.4	-51.4	0	-25.1	-327.8	0	-33.3	-9.5	0	-9.5	-76.2	-76.1	-107.1	-107.1	-99.6	-93.5	0	-41	-55.6	0	-191.8	-9.09999999999999	-37.5	-88.7	-33.3	0	-221.4	-17.4	-100.7	-219	-0.5	-126.9	-38.2	-96.7	-97.8	-44.7	-129.3	-93.9	-39.5	0	-46.3	-33.3	-175.7	-120.1	-162.2	-115.6	-91.2	-146.4	-133.1	-104.7	-88.5	-83.4	NA	-135.7	-170.2	-44.5	-31.7	-38.3	-32.6	-16.8	0	-28.8	-221.4	-221.4	-2.69999999999999	-25	0	-120.5	-92.2	0	-221.5	-54.7	-25.1	0	0	0	NA	-4.5	0	-49	-3.30000000000001	0	-20.2	-12.3	-37.6	-37.5	-30.8	0	0	0	NA	0	-36.6	0	0	0	-53	-57.6	0	-0.600000000000009	0	-0.900000000000006	0	-2.70000000000002	0	-0.799999999999997	NA	NA	NA	NA	NA	-20.2	NA	-24.5	-27.7	-105.5	0	-41.5	-57.4	-28.4	NA	-21	0	0	0	-29.7	0	-12.3	-38.5	-104.2	0	-26.4	-81.6	-49.5	0	-65.2	-113.9	0	-68.9	-39.4	-43.9	NA	0	0	NA	-24.4	0	NA	0	-11.5	0	-26.9	-9.40000000000001	-131.9	-22.9	-38.9	-31.4	0	0	0	0	0	-33.3	-93.2	-96.6	-137.4	-59.1	0	-24.2	-109.6	-121.2	-117.9	0	-50.3	-50.3	-24.2	-24.2	-67.5	-47.8	-122.2	-122.2	-47.8	-47.8	0	0	0	-86.2	0	0	0	-17.3	-7.5	-58.7	0	-21.9	-21.5	-4.70000000000002	-110.6	0	-145.7	0	0	0	0	-24.7	-45	0	-7.59999999999999	-16.6	-16.6	-30	-43.3	-142.2	0	-48.5	0	0	0	NA	-20.1	-52.7	-382.6	-1.90000000000001	NA	-61.4	-76.1	-75.3	-54	NA	0	0	-49	NA	-4	-4	0	0	-4	-39	-39	-68.6	0	0	NA	-52.8	-53.5	-51.2	-24.5	-28.2	0	NA	-57.9	0	0	0	-84.2	-6.00000000000001	-20.7	0	-118.6	-39.1	0	0	NA	-144.6	-12.8	0	0	0	0	0	NA	NA	-60.1	NA	0	0	0	0	-299	0	NA	-47.3	NA	0	-88.7	NA	-63.2	-151.3	-35.1	NA	-25	-31.4	-31.4	-31.3	-21.8	-39	0	0	-117.7	-109.8	-45.6	-50	-50	-50	-50	-43.5	-33	-33	-29.1	-33	-33	-46.3	-0.299999999999997	0	-382.6	-100.4	-71.6	-63.9	-70.7	-44.4	-58.1	-54	-327.8	-158.2	-2.69999999999999	-25.1	-9.5	0	-46.3	-52.7	-22.8	-477.3	-405.2	-417.1	-480.8	NA	-122.9	-364.4	0	0	0	-31.4	-68	-54.8	-65.7
2014	0	-48.4	NA	-15.9	-8.89999999999999	-31.4	-46.7	0	0	-31.3	-252.1	-48.4	0	-4.8	0	-105.5	-57.2	-55.5	-32.3	-85.9	NA	NA	-32.3	-25.4	-45.6	-31.8	0	-32.3	-53.6	-24.7	-18.2	-105.5	-105.5	NA	-44.9	NA	0	-48.4	-223	0	0	0	-9.40000000000001	-26.2	-257.2	0	0	-120.2	-34.9	-112.7	-69.6	0	0	0	0	0	0	-3.8	0	-13.2	0	0	0	0	-59.7	-45	0	-70.8	-45	-13.8	0	0	0	0	0	0	-59.7	-82.2	-61.2	0	-48.4	-10.9	-69.3	-51.5	-66.8	-48.7	0	0	-55.4	-62.3	-82.9	-21.6	-4.8	-45.7	0	-53.8	-4.8	-26.2	-11.9	-57.9	-0.799999999999997	-61.3	-61.7	-48.4	-31.2	-194.3	0	-83.1	-22	-38.9	-3.40000000000001	-48.3	0	-44.1	-29.5	-53.8	0	-140.3	-32.8	0	0	0	0	0	0	0	0	0	0	-238.8	0	0	0	-168	NA	0	0	-83	0	-110.4	-15.9	-116.3	-8.89999999999999	0	-18	0	-18	-49	-105	-51.1	-51.1	-120.8	-122.4	-49.1	-67.2	-121.9	0	-18.2	0	-24.7	-219.9	0	0	-80.8	0	-116.3	0	-93.6	-81	-59.4	-72.5	-81.3	-64.2	-251	-87.1	-58.6	0	-15.6	0	-59.1	-69.3	-51.5	-66.8	-36.8	-46.2	-67	-31.4	-30.8	-31.4	NA	-27.7	-53.8	-38.7	-64.6	-69.1	-63.7	-83.5	-48.5	-61.6	-194.3	-194.3	-134.5	-44.9	0	-53.7	0	0	-48.2	-61.2	-15.9	0	0	0	NA	0	-1.40000000000001	0	0	-114.7	-25.8	0	0	-160	-114.8	0	0	-114.7	NA	-97	0	-35	0	-41.8	0	-67.7	0	0	0	0	0	0	0	0	NA	NA	NA	NA	NA	-25.8	NA	-43	-28.7	0	0	0	0	0	NA	0	0	0	0	0	0	-20.3	0	0	0	0	-24.7	0	0	0	-4.90000000000001	0	0	-9.40000000000001	-4.79999999999998	NA	0	0	NA	-42.4	0	NA	0	-16	0	0	-27.5	0	-104.2	-112.3	-95.8	-63.4	0	0	0	-140.3	0	0	-57.1	-366.9	-167.3	-80.5	-211.2	-283.8	-361.1	-376.7	-112.4	-177.7	-177.7	-211.2	-211.2	-230.2	-148.2	-288	-288	-148.2	-148.2	-80.5	-81.6	0	-340.6	-83.3	-83.3	-83.3	-100.6	-156.1	-220.4	-220.7	-214	-255.3	-80.7	-376	-48.2	-321.2	-48.2	-80.4	-201.7	-201.7	-186.9	-96.7	-30.4	-249.6	-74.7	-74.7	-281	-269.8	-376.4	-115	-170.9	-133.6	-133.6	-133.6	NA	-181.2	0	-252.5	-42	NA	-168.7	-169.3	-170.1	-35.6	NA	-34.5	-34.5	0	NA	0	0	-24.8	-24.8	-29.4	-1.7	-1.7	-60.9	0	0	NA	-56.4	-48.6	-112.8	-43	-48.5	0	NA	-31.1	-63	-49.5	-189.8	-4.2	-196.8	0	-68.2	-138.5	0	0	0	NA	-132.9	0	0	-86.8	-86.9	-86.9	-67.8	NA	NA	-69.1	NA	-8.89999999999999	-41.8	0	-81.7	-82.2	0	NA	-60.5	NA	-180.8	-219.9	NA	-9.5	-3.40000000000001	0	NA	-44.9	-48.4	-95.8	-96.7	0	-101.6	0	0	-101.8	-95.9	-51.2	-49.5	-49.5	-49.5	-49.5	-47.6	-22	-22	-42.9	-22	-22	-15.6	0	-8.89999999999999	-252.5	-24.2	-68.2	-136.6	-142.4	-89.7	-107.6	-48.3	-210.9	-361.2	-134.5	-15.9	-18	-37.8	-15.6	-164.2	-103.5	-475.3	-365	-388.4	-487	NA	-105.4	-393.5	0	-65.5	-8.89999999999999	-48.4	-113.6	-91	-109.3
2015	0	-142.6	NA	-164.1	0	-38.1	0	0	-96.4	-156.2	-179.4	-142.6	0	0	0	-105.3	0	0	-37.2	-33	NA	NA	-37.2	-19.8	-51	-45.3	0	-37.2	0	-85.7	-83.3	-105.3	-105.3	NA	0	NA	-87.7	-142.6	-188.5	-29.5	0	-10.4	-105.5	-37	-194.5	-89.8	0	-71.9	-43	-117.9	-61	-38.4	-25	-0.699999999999989	-0.699999999999989	-0.399999999999991	-0.599999999999994	-13	-19.6	-23.5	0	-3.89999999999999	-3.89999999999999	-0.599999999999994	-29.7	0	0	-35.1	0	-6.59999999999999	-39.7	-52.8	-10.5	-49.8	-49.8	0	-29.7	-266.5	-36.6	-40.2	-142.6	0	-27.8	-67.9	-26.1	-29	-18.5	-74.1	-28.4	-37.4	-3.5	0	0	0	0	0	-106.6	-37	0	-128.5	-99.4	-24.3	-88.7	-142.6	0	-417.7	-96.4	-25.1	-49	-19.1	-203.1	-98.8	0	-68.8	-108.6	-287.5	-69.8	-153.3	-100.6	-42.8	-34	-54.5	-39.7	-11.8	0	0	0	0	0	-195.5	0	0	0	-76.4	NA	-44	-31.8	0	-54.5	-28.7	-164.1	-320.8	0	-77.8	-22.4	-89.8	-22.4	-100.5	-72.6	-89.9	-89.9	-62.9	-64.3	0	-107.3	-220.8	0	-83.3	-87.7	-85.7	-58.8	-77.8	0	-107.5	-107.4	-109.3	-74.7	-104.5	0	-100.1	-242	-196.3	-97.9	-118.7	-164.9	-92.5	0	-57	-77.8	-78.5	-27.8	-67.9	-26.1	-29.8	-36.4	-51.2	-38.1	-71.4	-68.2	NA	-31.5	-287.5	-11.1	-44.2	-50	-43.9	-96.9	0	-41.1	-229.1	-229.1	-30.1	0	-72	-147.3	-42.8	0	-120.3	-36.6	-164.1	0	-10.9	-10.9	NA	0	-69.9	-174.7	0	-176.4	-221.9	0	-42.5	-198.3	-156.6	0	-36.5	-176.4	NA	-68.4	-97.7	-83.3	0	-94.7	-19.1	-64.2	-2.8	0	0	0	0	0	0	0	NA	NA	NA	NA	NA	-221.9	NA	-223.2	-229.7	-154.4	-83.2	-104.2	-154.5	-68.2	NA	-115.5	-10.9	0	-74.8	-139	-7.5	-141.1	-94.7	-154.4	-36	-109.8	-116.3	-132.8	-26.1	-1.29999999999998	-12.1	-57.9	-4.19999999999999	0	0	NA	-73	-72.3	NA	-97.5	0	NA	-52.2	-84.9	0	0	-113.3	-95.1	-106.6	-134.4	-61.2	-2.40000000000001	-26.2	-26.2	-26.2	-153.3	-77.8	0	0	-150.7	-56.6	0	0	-61.8	-79.3	-100.4	0	-47.9	-47.9	0	0	-64.3	-44.4	-70.9	-70.9	-44.4	-44.4	0	0	-16	-82.2	0	0	0	-12.4	0	-53.3	0	0	-19.9	0	-89.7	0	-110.7	0	0	0	0	-45.9	-42.2	0	-113	-45	-45	-124.7	-63	-137.8	0	-44.6	0	0	0	NA	-121.6	-40.2	-302.6	-62.4	NA	-210.5	-350	-351.4	-89.8	NA	-73.2	-73.2	-1.89999999999999	NA	-40.5	-40.5	-128.9	-128.9	-137.5	-199.3	-199.3	-198.9	-56.7	-48.7	NA	-195.1	-159.3	-227.9	-223.2	-223.7	0	NA	-10.4	-26.7	-166.9	-205.1	-116.1	-222.5	0	0	-70.4	-51.3	-67.9	-67.9	NA	-196.1	0	-32.3	0	0	0	-1.79999999999998	NA	NA	-232.9	NA	0	-94.7	-36.5	0	-266.5	0	NA	-46.6	NA	-303	-58.8	NA	0	-203.1	-69.8	NA	0	-142.6	-61.2	-74.7	-26	-67.8	-28.4	0	-266.8	-261.1	-172.8	-156.9	-156.9	-156.9	-156.9	-157.5	-180.6	-180.6	-137.8	-180.6	-180.6	-57	0	0	-302.6	-89.7	-216.5	-209.7	-208.6	-209.1	-218.1	-161	-323.9	-192.1	-30.1	-164.1	-22.4	-56.5	-57	-124.3	0	-437.7	-334.1	-356.5	-449.8	NA	-10.8	-301.8	-88.8	0	0	-142.6	-131.6	-131.4	-134.4
2016	-34.4	-160.8	NA	0	0	-119.2	0	-30	-97.2	-162.7	-394.9	-160.8	0	-20.8	-15.5	-40.6	-16	-17.4	-109.4	-65.5	NA	NA	-109.4	-5.09999999999999	-47.4	-108.9	0	-109.4	-114.4	0	-208.5	-40.6	-40.6	NA	-35.8	NA	-36.5	-160.8	-205.5	0	-114.5	-150.8	-121.3	-130.9	-451.4	-43.4	-7.69999999999999	0	0	-182.8	-153.5	-129	-56.6	-91.1	-91.1	0	-30.4	-31.2	-40.7	-38.1	-9.5	-20.2	-20.2	-30.4	-46.2	0	-9.5	-49.1	0	-44.9	-69.1	-38.2	-32.7	-27.9	-27.9	-9.5	-46.2	-157.6	-33.4	0	-160.8	-4.90000000000001	-112.7	-128.3	-112.3	-31.8	-114.7	-80.6	0	0	0	-69.2	-20.8	0	-17.6	-14.4	-120.1	-130.9	-103.8	-174.6	-115.9	-172.8	-174.5	-160.8	-50.3	-290.8	-97.2	-150.4	-25.9	0	0	-105	-110.2	-155.2	-149.6	-163.9	-68.5	-6.80000000000001	-41.1	-28.7	-26.4	-38.2	-26.9	-17.5	-4.7	0	0	0	0	-35.4	0	0	0	0	NA	-67.4	-55.1	-98.3	-38.2	0	0	-421.2	0	-69.7	0	-43.4	0	-213.9	-252.6	-181.7	-181.7	-251.9	-270.4	-59.2	-17.3	0	0	-208.5	-36.5	0	-105.6	-69.7	0	-470.9	-12.9	0	-131.1	-121.3	-308.1	-114.5	-279.8	-237.7	-111.4	-98.6	-228.8	-108.9	0	-35.3	-69.7	-140.1	-112.7	-128.3	-112.3	-109.5	-116	-61.7	-119.2	-90.5	-85.8	NA	-106.7	-163.9	0	-18.5	-23.5	-18.9	-43	0	-14.7	-205.3	-205.3	0	-35.8	0	-83.4	-119.1	-16.7	-314.7	-33.4	0	-22.3	0	0	NA	0	-9	-34.1	0	-14.6	-56	0	-8.39999999999999	-66.3	-53.2	-3	0	-14.6	NA	-30.6	-21.5	0	0	0	-11.3	-21.7	0	0	0	0	0	0	0	0	NA	NA	NA	NA	NA	-56	NA	-66.5	-57.6	0	0	-29	-59.4	-14.3	NA	-7.09999999999999	0	0	0	-16.7	0	0	-23.5	0	0	-9.39999999999999	-59.6	-39.5	0	-10.7	-57.5	0	-3.09999999999999	0	0	NA	-21.9	-43.1	NA	-34.9	0	NA	-3.3	-23.2	0	-28.5	0	-31.1	-41.2	-33.5	-0.900000000000006	-6.19999999999999	0	0	0	-6.80000000000001	-69.7	-30	0	-46.7	0	0	-86.8	0	-16.2	-37.9	-36.9	0	0	-86.8	-86.8	-13.4	0	0	0	0	0	0	0	0	-31.7	0	0	0	-7.09999999999999	-53.3	0	0	-87.2	0	0	-27	0	-32.5	0	0	0	0	-20.9	0	0	-18.2	-20.6	-20.6	-35.3	0	-34.9	-1.5	-4.90000000000001	-40.7	-40.7	-40.7	NA	-36.7	0	-398.5	-36.6	NA	-157.9	-172.2	-174.3	-22.3	NA	-61.8	-61.8	-42.9	NA	-12.3	-12.3	0	0	0	0	0	-25.7	-31.3	-21.8	NA	0	-13.8	-64	-66.5	-71.4	0	NA	-5.90000000000001	0	-22.8	-92	-36.8	-113.7	-57.3	-45.8	-287.8	0	-43.8	-43.8	NA	-98.7	-43.3	-68.7	0	0	0	0	NA	NA	-109.5	NA	0	0	0	-6.69999999999999	-157.6	0	NA	-187.9	NA	-193.9	-105.6	NA	-111.4	0	-68.5	NA	-35.8	-160.8	-0.900000000000006	-2.40000000000001	-39.5	-12.8	0	0	-292.4	-287	-31.8	-28.5	-28.5	-28.5	-28.5	-26.7	0	0	-23.3	0	0	-35.3	0	0	-398.5	-38.4	-6.19999999999999	-36.7	-16.2	-45.5	-16.6	-12.4	-139.4	-304.8	0	0	0	0	-35.3	0	0	-329.7	-242.3	-269.5	-334.5	NA	-97.5	-243.9	-20.1	-4.30000000000001	0	-160.8	-210.5	-202.2	-213.6
2017	0	-129.3	NA	0	-3.2	-108.5	-27.5	-89.6	0	-136.4	-194.2	-129.3	0	-11.8	-47.1	-155.7	-29.1	-27.1	-119.1	-124.6	NA	NA	-119.1	-99.8	-119.1	-125.1	-70.4	-119.1	-62.5	-24.3	-41.6	-155.7	-155.7	NA	0	NA	0	-129.3	-67.8	0	0	0	-96.6	-102.6	-252.1	-10.9	0	-216.8	-59.4	-17.6	-2.89999999999999	-14.7	0	0	0	0	0	-0.900000000000006	0	0	0	-5.7	-5.7	0	-40	0	0	-44.1	0	-29.2	0	0	0	0	0	0	-40	-140.3	0	0	-129.3	0	-117.1	-174.2	-118	-108.5	-0.799999999999997	0	-9	-13.8	-35.4	0	-11.8	-28.7	-64.4	-27.3	-92.5	-102.6	-90.7	-140.1	-97.9	-141.7	-144.8	-129.3	0	0	0	-128.4	0	-27.1	0	0	-11.9	-47.6	-68	-30.1	0	-21.6	0	0	0	0	0	-3.9	0	0	0	0	0	-91.1	0	0	0	-37.2	NA	0	0	-140.3	0	0	0	-193	-3.2	0	0	-10.9	0	-232.6	-228.1	-230.3	-230.3	-267.1	-256.2	0	0	-26.9	0	-41.6	0	-24.3	0	0	0	-203	-3.89999999999999	-95.6	0	-99.8	-70.9	0	-5.60000000000001	0	0	0	0	0	0	-32.2	0	-187.4	-117.1	-174.2	-118	-76.4	-126.5	-124.8	-108.5	-168.6	-159.6	NA	-118.1	-30.1	-4	-5.2	-13.4	-6.89999999999999	-132	0	-2.90000000000001	-78.3	-78.3	0	0	0	-6.70000000000002	0	0	-205.2	0	0	0	0	0	NA	-13.4	0	-109.7	-13.7	-35.2	-83.5	-3.60000000000001	0	-149.9	-116.8	0	0	-35.2	NA	0	-80.3	0	0	0	-8.5	-32.1	0	-10.3	-4.90000000000001	0	-10.8	0	0	-10.6	NA	NA	NA	NA	NA	-83.5	NA	-93.5	-85.5	-30.9	-23.4	-84.4	-110	-81	NA	-87.8	0	0	-23.2	-94.4	0	-8.8	-79.9	-34.2	-9.69999999999999	-83.1	-106.9	-97.9	-2.3	-9.69999999999999	-55.4	0	-22.4	-13.9	-15.7	NA	0	0	NA	-5.59999999999999	0	NA	0	0	0	0	0	-54.8	-7	-13.8	0	0	-15.2	-15.2	-15.2	-21.6	0	-89.6	-23.6	-78	0	0	0	0	0	-7.29999999999998	0	0	0	0	0	-10	0	0	0	0	0	0	0	0	-16.3	0	0	0	0	0	0	0	0	-10.4	0	0	0	-2.89999999999999	0	0	0	0	0	0	0	-65.7	0	0	-96.8	-40.6	-43.7	0	-17.9	0	0	0	NA	-81.3	0	-404.6	0	NA	-248.5	-178	-177	-32.3	NA	-25	-25	0	NA	-6.10000000000001	-6.10000000000001	0	0	0	0	0	0	0	0	NA	0	0	0	-93.5	-98	0	NA	-45.6	-51.9	0	-98.7	0	-109.9	-105.4	-12.6	-281	-35.8	0	0	NA	-146.7	-24.9	0	0	0	0	0	NA	NA	-17.5	NA	-3.2	0	0	0	-140.3	0	NA	-156.9	NA	-99.7	0	NA	-105.6	0	0	NA	0	-129.3	0	0	0	0	0	0	-6.2	-6.2	0	0	0	0	0	0	0	0	0	0	0	-32.2	0	-3.2	-404.6	-85.1	0	0	0	0	0	0	-293.9	-338.8	0	0	0	0	-32.2	-42.7	0	-484.9	-367.6	-399.7	-495.6	NA	-228.1	-359.7	0	0	-3.2	-129.3	-2.40000000000001	0	-2.69999999999999
2018	0	-73.8	NA	0	0	-65.8	-86.9	-83.5	-18.8	-39.4	-106.4	-73.8	0	-79.2	-30.6	-226	-80.1	-81.8	-82.1	-165.1	NA	NA	-82.1	-29	-4.80000000000001	-100	0	-82.1	-57.9	0	0	-226	-226	NA	-45.6	NA	0	-73.8	-137.2	0	0	-5.20000000000002	-38	-56.8	-109.3	0	0	-99.1	-55	0	0	0	0	0	0	0	-15.8	-19.9	0	-11.3	-11.6	-20.7	-20.7	-15.8	-46.1	0	-11.6	-52.4	0	-23.9	0	0	0	0	0	-11.6	-46.1	-138.8	-41.5	0	-73.8	0	-26.9	-111.2	-22.9	-56.9	0	-47	0	0	-134.2	-14.1	-79.2	-87.9	-54.1	-77.9	-29.9	-56.8	-48.4	-78.9	-29.6	-84.5	-80.1	-73.8	-30.4	0	-18.8	-82.2	-37.5	-61.9	-0.600000000000009	0	-2.69999999999999	-83.3	-77.5	-10.1	0	-126	-4.5	0	0	0	0	0	0	0	0	0	0	-92.1	0	0	0	-45.6	NA	0	-1.59999999999999	-47.7	0	0	0	-180.3	0	0	-19.5	0	-19.5	-104	-118.4	-79.1	-79.1	-109.7	-122.5	0	-18.3	-17	0	0	0	0	0	0	0	-163.4	0	-1.09999999999999	-22.3	-87.2	-81	-119.5	-122.9	-105.4	-114.3	-99.2	-77.4	-112.7	-36.7	-17.1	0	-118.8	-26.9	-111.2	-22.9	-55.9	-76.9	-78.9	-65.8	-45.8	-45.7	NA	-64.6	-10.1	0	0	0	0	-53.2	-15.9	0	-99.7	-99.7	-3.7	-45.6	0	0	-18	0	-88.3	-41.5	0	0	-21.2	-21.2	NA	-31.1	-88.1	0	-6.39999999999998	-147	-195.8	0	-80.5	-253.2	-325.4	0	-67.5	-147	NA	-97	0	-62.5	-23.6	-68.6	-78.3	-62	-18.2	-24.3	-6.19999999999999	-29.8	-23.6	-33.2	0	0	NA	NA	NA	NA	NA	-195.8	NA	-200.3	-197.5	-97.4	-30	0	-36.4	0	NA	0	-21.2	-5.69999999999999	-13.3	0	-3.60000000000001	-39.4	0	-97.4	-9.2	0	-45	-5.2	0	-55.3	-19.9	-78.9	0	0	0	NA	0	0	NA	-102.3	-19.1	NA	-74.1	-86.4	-0.400000000000006	-12.7	-28.4	-97.9	-126.6	-163.5	-80.6	-44.7	-31.1	-31.1	-31.1	-126	0	-83.5	-113.1	-17.4	0	0	-5	0	0	0	0	0	0	-5	-5	0	0	0	0	0	0	0	0	0	0	0	0	0	0	-17.9	0	0	-12.2	0	0	0	0	-16.3	0	0	0	0	0	0	0	0	0	0	-9	0	-5.5	0	0	0	0	0	NA	-9.39999999999999	0	-399.3	-114.8	NA	-190.1	-174.1	-177	-117.2	NA	-78.8	-78.8	-36.9	NA	-10.9	-10.9	0	0	0	0	0	0	0	0	NA	0	0	-37.2	-200.3	-201.5	-14.6	NA	0	-33.1	-14.8	-226.1	-30.5	-244.1	0	0	-140	-12	0	0	NA	-217.7	0	-73.7	0	0	0	-36.2	NA	NA	0	NA	0	-68.6	-67.5	0	-138.8	0	NA	-75.7	NA	-69.2	0	NA	-27.3	-0.600000000000009	0	NA	-45.6	-73.8	-80.6	-82.6	0	-88	-48.1	0	-157.8	-138.9	0	0	0	0	0	0	0	0	0	0	0	-17.1	0	0	-399.3	-50.5	-2.39999999999999	-64	-56.5	-25.3	-41.4	0	-327	-236.4	-3.7	0	-19.5	-18.6	-17.1	-33.7	0	-602.8	-496.4	-511.8	-608.4	NA	-309.5	-412.7	-8.3	0	0	-73.8	-7.59999999999999	-26.3	-19.7
2019	-0.999999999999986	-12.1	NA	-40.6	0	-34.3	-36.4	-7.3	0	-28.8	-221.1	-12.1	0	-36.2	-96	-125.6	-34.9	-32.8	-30.7	-174.4	NA	NA	-30.7	-114.2	-62.4	-105.8	-65.9	-30.7	0	0	-54	-125.6	-125.6	NA	-65.1	NA	-42.2	-12.1	-193.2	-106.5	-1.7	-47.3	0	0	-217.2	-8.3	-12.8	-255	-100.5	-54	0	-103	-108.5	-80.5	-80.5	0	0	-1.09999999999999	0	-11	0	-25	-25	0	0	0	0	0	0	-19	-48.8	-8.2	-24.5	0	0	0	0	-157.4	0	-99.8	-12.1	-68.6	-19.6	-107.7	-21.9	-115.5	0	0	-30.5	-51.5	-85.9	-4.3	-36.2	-34.9	0	-32.2	0	0	0	-19.5	0	-29.2	-31.9	-12.1	0	0	0	0	0	-13.7	0	0	-40.9	-160	-56.1	-19.9	0	-154.7	-63.8	-62.9	-56.9	-70.3	-52.6	-8.40000000000001	0	-7.3	0	-6.30000000000001	-6.30000000000001	-204.3	-6.2	0	0	-65.6	NA	-31.3	-42.3	-172.8	-70.3	-8.69999999999999	-40.6	-248.3	0	0	-47.1	-8.3	-47.1	-377.6	-248.8	-366.8	-366.8	-313.6	-289.4	-90.9	0	-235.1	0	-54	-42.2	0	-130.7	0	0	-96.5	-58	-205.5	-23.5	-92.6	-33.2	-105.3	-207.5	-202	-103	0	-118.5	-103.1	0	-97.9	0	-125.2	-19.6	-107.7	-21.9	-52.5	-44.6	-144.4	-34.3	-85.7	-80.1	NA	-20.7	-19.9	0	0	0	0	-36.4	0	0	-257.5	-257.5	-21.2	-65.1	0	-120	0	0	-195.4	0	-40.6	0	-142.5	-142.5	NA	-14.6	-167.8	-94.8	0	-109.5	-106.8	0	-93.9	-304.5	-349.9	-57.3	-31.8	-109.5	NA	-126	-94.6	-25.4	0	-40	-101.7	-79.4	-50.3	0	0	-8.30000000000001	0	-11.3	0	0	NA	NA	NA	NA	NA	-106.8	NA	-131.4	-114.7	-169.7	-174.8	-88.8	-234.4	-28.8	NA	-31.5	-142.5	-26.9	-80.1	-50.7	-32.9	-82.9	-94.6	-166.4	-94.4	-55.4	-137.4	-53.4	-5.59999999999999	-78.2	-123.2	-99.1	-57.4	-24	-9.59999999999999	NA	0	0	NA	-123	0	NA	-51.5	-86.4	-23.1	-74.4	-37.8	-88.6	-207.5	-252.5	-157.4	-19.1	-66.4	-66.4	-66.4	-154.7	0	-7.3	-40.5	-97	-77.3	0	-2.5	-57.1	-62.3	-124.1	0	-58.7	-58.7	-2.5	-2.5	-57.1	-61.2	-62.3	-62.3	-61.2	-61.2	0	0	0	-146.6	0	0	0	0	0	-86.8	0	-8	0	0	-120.7	0	-93.7	0	0	0	0	-78.6	-36.9	0	-25	0	0	-17.4	-13.8	-82.9	0	0	0	0	0	NA	-71.9	-99.8	-314.4	0	NA	-143.5	-147.8	-147.7	-296.7	NA	-91.1	-91.1	-96.7	NA	-104.3	-104.3	-228.4	-228.4	-231.9	-129.8	-129.8	-181.7	0	0	NA	-282.9	-135.2	-83	-131.4	-135.3	0	NA	-67.3	-116.3	-99.2	-253.5	-24.7	-270.2	-106.8	-98.4	-302.4	-35.3	-51.6	-51.6	NA	-387.3	0	-110.5	0	0	0	-13.6	NA	NA	0	NA	0	-40	-31.8	0	-157.4	0	NA	-42.8	NA	-407.4	-130.7	NA	-102.9	0	0	NA	-65.1	-12.1	-157.4	-149.6	-70.3	-243.1	-24.4	0	-221.2	-208.2	-206	-196.9	-196.9	-196.9	-196.9	-207.2	-87.5	-87.5	-179.2	-87.5	-87.5	-97.9	-59.3	0	-314.4	-58.6	-246.2	-140.1	-138.6	-52.3	-104.6	-123.7	-146.1	-376.6	-21.2	-40.6	-47.1	-116.4	-97.9	-58.2	0	-555.8	-354.3	-433.1	-595.8	NA	-97.9	-235.1	-37.9	-94.7	0	-12.1	-71.1	-21.9	-58.3
2020	-28.3	-67.4	NA	-50	0	-140.5	-118.9	-125.4	0	-61.4	-153.1	-67.4	0	-315.3	-178.9	-273.3	-83.9	-72.8	-153.1	-159.8	NA	NA	-153.1	-34.5	-44.4	-146.2	-15.3	-153.1	-94.9	0	-32.2	-273.3	-273.3	NA	0	NA	0	-67.4	-71.6	0	-93.2	-58.6	-69.2	-70.9	-214.4	0	0	-11.3	-25.3	-93.5	-31.2	-104.9	0	0	0	0	0	0	0	0	0	0	0	0	0	0	0	0	0	0	-7.89999999999999	0	0	0	0	0	0	0	-66.5	0	-67.4	0	-74.8	-205.7	-64.8	-48.4	0	-48.9	-111.1	-137.9	-246.9	-17.9	-315.3	-102.8	-103.6	-64.5	-65.2	-70.9	-63.5	-77.8	-60.2	-96.9	-83.8	-67.4	0	-2.5	0	-12.5	-96	-63.7	0	-21.8	-27.6	-38	-224	-60.7	0	-65.2	-38.5	-9.7	-28.2	-28.9	-4.3	-16.7	0	0	0	0	0	-80.5	0	0	0	-14.1	NA	0	0	-194.2	-28.9	0	-50	-103.7	0	0	-103.6	0	-103.6	-210.8	-207.2	-256	-256	-196.7	-211.7	0	-52.1	0	0	-32.2	0	0	-5.40000000000001	0	0	-167.1	-119.7	-249	-241.9	-143.2	-59.2	-100.6	-208.7	-196.8	-110.8	-47.9	-157.9	-108.5	0	-83.9	0	-208.8	-74.8	-205.7	-64.8	-106.2	-113	-93	-140.5	-73.2	-61.8	NA	-98.9	-60.7	-52.5	-24.8	-44	-38	-58.9	0	-24.5	-197.9	-197.9	0	0	-41.7	-131.8	-3.60000000000001	-35.8	-262.9	-66.5	-50	-24	-141.8	-141.8	NA	-211.8	-46.6	-65.5	-196.1	0	-120.7	-114.5	-53	-144.6	-215.6	0	-38.2	0	NA	0	-47.6	0	0	-2.8	-21.2	-56.8	-134.1	-184.5	-173.3	-121.2	-192.4	-129.8	0	-175.1	NA	NA	NA	NA	NA	-120.7	NA	-119.5	-121.2	-177.4	-139.7	-117.1	-219.5	-64.5	NA	-35.8	-141.8	-111.7	-116.3	-42.3	-106	-66	-47.1	-175	-120.5	-14	-171.4	-107.4	-85.4	-48.9	-65.1	-41	-32.6	-22.6	-9.40000000000001	NA	0	-45.6	NA	-75.2	0	NA	-35.6	-66.1	-78.8	-76.8	-50.8	-64.8	0	-17.8	0	0	-220.8	-220.8	-220.8	-65.2	0	-125.4	-80.6	-19.4	0	0	-66.9	0	0	-6.09999999999999	0	0	0	-66.9	-66.9	0	0	0	0	0	0	0	0	0	0	0	0	0	0	-39.1	0	0	-72	0	0	-0.599999999999994	0	-25.8	0	0	0	0	0	0	0	0	0	0	0	0	-13.2	0	0	0	0	0	NA	0	0	-191.6	-0.699999999999989	NA	-166.4	-118.2	-119.4	-118.2	NA	-43.9	-43.9	-75.7	NA	-155.6	-155.6	-137.8	-137.8	-142.7	-145.9	-145.9	-175.1	0	-7	NA	-209	-130.1	-122.8	-119.5	-122.7	0	NA	-72.2	0	0	-108.9	-233.3	-118.6	0	0	-223.4	-15.2	-65.4	-65.4	NA	-197.4	-65.7	-33.3	0	0	0	0	NA	NA	0	NA	0	-2.8	-38.2	-11	0	0	NA	-79.4	NA	-77.9	-5.40000000000001	NA	-139.1	0	0	NA	0	-67.4	0	0	-66	-11.5	0	0	-234.1	-212.1	-187.8	-176.6	-176.6	-176.6	-176.6	-170.2	-81.6	-81.6	-175.9	-81.6	-81.6	-83.9	-56.8	0	-191.6	-74.9	-226.7	-115.4	-158.3	-106.1	-149.3	-108.7	-303.2	-326.7	0	-50	-103.6	-147.1	-83.9	-33.3	-6.7	-544.8	-353.9	-386.9	-572.2	NA	-148.5	-325.4	-43.3	-9.69999999999999	0	-67.4	-121.3	-71.9	-114.8
