age_CE,BCD01A_raw,BCD01B_raw,BCD02A_raw,BCD02B_raw,BCD03A_raw,BCD03B_raw,BCD04A_raw,BCD04B_raw,BCD05A_raw,BCD05B_raw,BCD06A_raw,BCD06B_raw,BCD07A_raw,BCD08A_raw,BCD08B_raw,BCD09A_raw,BCD09B_raw,BCD10A_raw,BCD10B_raw,BCD11A_raw,BCD11B_raw,BCD12A_raw,BCD12B_raw,BCD13A_raw,BCD13B_raw,BCD14A_raw,BCD14B_raw,BCD15A_raw,BCD15B_raw,BCD16A_raw,BCD16B_raw,BCD17A_raw,BCD17B_raw,BCD18A_raw,BCD18B_raw,BCD19A_raw,BCD19B_raw,BCD21B_raw,BCD21C_raw,BCD01A_raw_outlier_flag,BCD01B_raw_outlier_flag,BCD02A_raw_outlier_flag,BCD02B_raw_outlier_flag,BCD03A_raw_outlier_flag,BCD03B_raw_outlier_flag,BCD04A_raw_outlier_flag,BCD04B_raw_outlier_flag,BCD05A_raw_outlier_flag,BCD05B_raw_outlier_flag,BCD06A_raw_outlier_flag,BCD06B_raw_outlier_flag,BCD07A_raw_outlier_flag,BCD08A_raw_outlier_flag,BCD08B_raw_outlier_flag,BCD09A_raw_outlier_flag,BCD09B_raw_outlier_flag,BCD10A_raw_outlier_flag,BCD10B_raw_outlier_flag,BCD11A_raw_outlier_flag,BCD11B_raw_outlier_flag,BCD12A_raw_outlier_flag,BCD12B_raw_outlier_flag,BCD13A_raw_outlier_flag,BCD13B_raw_outlier_flag,BCD14A_raw_outlier_flag,BCD14B_raw_outlier_flag,BCD15A_raw_outlier_flag,BCD15B_raw_outlier_flag,BCD16A_raw_outlier_flag,BCD16B_raw_outlier_flag,BCD17A_raw_outlier_flag,BCD17B_raw_outlier_flag,BCD18A_raw_outlier_flag,BCD18B_raw_outlier_flag,BCD19A_raw_outlier_flag,BCD19B_raw_outlier_flag,BCD21B_raw_outlier_flag,BCD21C_raw_outlier_flag
1755,NA,NA,NA,NA,NA,NA,NA,NA,NA,NA,NA,NA,NA,NA,NA,NA,NA,NA,NA,NA,NA,NA,NA,NA,NA,NA,NA,NA,NA,NA,NA,NA,NA,NA,NA,NA,NA,NA,1.461,NA,NA,NA,NA,NA,NA,NA,NA,NA,NA,NA,NA,NA,NA,NA,NA,NA,NA,NA,NA,NA,NA,NA,NA,NA,NA,NA,NA,NA,NA,NA,NA,NA,NA,NA,NA,NA,NA,FALSE
1756,NA,NA,NA,NA,NA,NA,NA,NA,NA,NA,NA,NA,NA,NA,NA,NA,NA,NA,NA,NA,NA,NA,NA,NA,NA,NA,NA,NA,NA,NA,NA,NA,NA,NA,NA,NA,NA,NA,0.613,NA,NA,NA,NA,NA,NA,NA,NA,NA,NA,NA,NA,NA,NA,NA,NA,NA,NA,NA,NA,NA,NA,NA,NA,NA,NA,NA,NA,NA,NA,NA,NA,NA,NA,NA,NA,NA,NA,FALSE
1757,NA,NA,NA,NA,NA,NA,NA,NA,NA,NA,NA,NA,NA,NA,NA,NA,NA,NA,NA,NA,NA,NA,NA,NA,NA,NA,NA,NA,NA,NA,NA,NA,NA,NA,NA,NA,NA,NA,0.9,NA,NA,NA,NA,NA,NA,NA,NA,NA,NA,NA,NA,NA,NA,NA,NA,NA,NA,NA,NA,NA,NA,NA,NA,NA,NA,NA,NA,NA,NA,NA,NA,NA,NA,NA,NA,NA,NA,FALSE
1758,NA,NA,NA,NA,NA,NA,NA,NA,NA,NA,NA,NA,NA,NA,NA,NA,NA,NA,NA,NA,NA,NA,NA,NA,NA,NA,NA,NA,NA,NA,NA,NA,NA,NA,NA,NA,NA,NA,2.328,NA,NA,NA,NA,NA,NA,NA,NA,NA,NA,NA,NA,NA,NA,NA,NA,NA,NA,NA,NA,NA,NA,NA,NA,NA,NA,NA,NA,NA,NA,NA,NA,NA,NA,NA,NA,NA,NA,TRUE
1759,NA,NA,NA,NA,NA,NA,NA,NA,NA,NA,NA,NA,NA,NA,NA,NA,NA,NA,NA,NA,NA,NA,NA,NA,NA,NA,NA,NA,NA,NA,NA,NA,NA,NA,NA,NA,NA,NA,2.202,NA,NA,NA,NA,NA,NA,NA,NA,NA,NA,NA,NA,NA,NA,NA,NA,NA,NA,NA,NA,NA,NA,NA,NA,NA,NA,NA,NA,NA,NA,NA,NA,NA,NA,NA,NA,NA,NA,TRUE
1760,NA,NA,NA,NA,NA,NA,NA,NA,NA,NA,NA,NA,NA,NA,NA,NA,NA,NA,NA,NA,NA,NA,NA,NA,NA,NA,NA,NA,NA,NA,NA,NA,NA,NA,NA,NA,NA,NA,2.053,NA,NA,NA,NA,NA,NA,NA,NA,NA,NA,NA,NA,NA,NA,NA,NA,NA,NA,NA,NA,NA,NA,NA,NA,NA,NA,NA,NA,NA,NA,NA,NA,NA,NA,NA,NA,NA,NA,TRUE
1761,NA,NA,NA,NA,NA,NA,NA,NA,NA,NA,NA,NA,NA,NA,NA,NA,NA,NA,NA,NA,NA,NA,NA,NA,NA,NA,NA,NA,NA,NA,NA,NA,NA,NA,NA,NA,NA,NA,2.794,NA,NA,NA,NA,NA,NA,NA,NA,NA,NA,NA,NA,NA,NA,NA,NA,NA,NA,NA,NA,NA,NA,NA,NA,NA,NA,NA,NA,NA,NA,NA,NA,NA,NA,NA,NA,NA,NA,TRUE
1762,NA,NA,NA,NA,NA,NA,NA,NA,NA,NA,NA,NA,NA,NA,NA,NA,NA,NA,NA,NA,NA,NA,NA,NA,NA,NA,NA,NA,NA,NA,NA,NA,NA,NA,NA,NA,NA,NA,1.564,NA,NA,NA,NA,NA,NA,NA,NA,NA,NA,NA,NA,NA,NA,NA,NA,NA,NA,NA,NA,NA,NA,NA,NA,NA,NA,NA,NA,NA,NA,NA,NA,NA,NA,NA,NA,NA,NA,FALSE
1763,NA,NA,NA,NA,NA,NA,NA,NA,NA,NA,NA,NA,NA,NA,NA,NA,NA,NA,NA,NA,NA,NA,NA,NA,NA,NA,NA,NA,NA,NA,NA,NA,NA,NA,NA,NA,NA,NA,1.314,NA,NA,NA,NA,NA,NA,NA,NA,NA,NA,NA,NA,NA,NA,NA,NA,NA,NA,NA,NA,NA,NA,NA,NA,NA,NA,NA,NA,NA,NA,NA,NA,NA,NA,NA,NA,NA,NA,FALSE
1764,NA,NA,NA,NA,NA,NA,NA,NA,NA,NA,NA,NA,NA,NA,NA,NA,NA,NA,NA,NA,NA,NA,NA,NA,NA,NA,NA,NA,NA,NA,NA,NA,NA,NA,NA,NA,NA,NA,0.879,NA,NA,NA,NA,NA,NA,NA,NA,NA,NA,NA,NA,NA,NA,NA,NA,NA,NA,NA,NA,NA,NA,NA,NA,NA,NA,NA,NA,NA,NA,NA,NA,NA,NA,NA,NA,NA,NA,FALSE
1765,NA,NA,NA,NA,NA,NA,NA,NA,NA,NA,NA,NA,NA,NA,NA,NA,NA,NA,NA,NA,NA,NA,NA,NA,NA,NA,NA,NA,NA,NA,NA,NA,NA,NA,NA,NA,NA,NA,1.092,NA,NA,NA,NA,NA,NA,NA,NA,NA,NA,NA,NA,NA,NA,NA,NA,NA,NA,NA,NA,NA,NA,NA,NA,NA,NA,NA,NA,NA,NA,NA,NA,NA,NA,NA,NA,NA,NA,FALSE
1766,NA,NA,NA,NA,NA,NA,NA,NA,NA,NA,NA,NA,NA,NA,NA,NA,NA,NA,NA,NA,NA,NA,NA,NA,NA,NA,NA,NA,NA,NA,NA,NA,NA,NA,NA,NA,NA,NA,1.643,NA,NA,NA,NA,NA,NA,NA,NA,NA,NA,NA,NA,NA,NA,NA,NA,NA,NA,NA,NA,NA,NA,NA,NA,NA,NA,NA,NA,NA,NA,NA,NA,NA,NA,NA,NA,NA,NA,FALSE
1767,NA,NA,NA,NA,NA,NA,NA,NA,NA,NA,NA,NA,NA,NA,NA,NA,NA,NA,NA,NA,NA,NA,NA,NA,NA,NA,NA,NA,NA,NA,NA,NA,NA,NA,NA,NA,NA,NA,1.686,NA,NA,NA,NA,NA,NA,NA,NA,NA,NA,NA,NA,NA,NA,NA,NA,NA,NA,NA,NA,NA,NA,NA,NA,NA,NA,NA,NA,NA,NA,NA,NA,NA,NA,NA,NA,NA,NA,FALSE
1768,NA,NA,NA,NA,NA,NA,NA,NA,NA,NA,NA,NA,NA,NA,NA,NA,NA,NA,NA,NA,NA,NA,NA,NA,NA,NA,NA,NA,NA,NA,NA,NA,NA,NA,NA,NA,NA,NA,1.473,NA,NA,NA,NA,NA,NA,NA,NA,NA,NA,NA,NA,NA,NA,NA,NA,NA,NA,NA,NA,NA,NA,NA,NA,NA,NA,NA,NA,NA,NA,NA,NA,NA,NA,NA,NA,NA,NA,FALSE
1769,NA,NA,NA,NA,NA,NA,NA,NA,NA,NA,NA,NA,NA,NA,NA,NA,NA,NA,NA,NA,NA,NA,NA,NA,NA,NA,NA,NA,NA,NA,NA,NA,NA,NA,NA,NA,NA,NA,0.849,NA,NA,NA,NA,NA,NA,NA,NA,NA,NA,NA,NA,NA,NA,NA,NA,NA,NA,NA,NA,NA,NA,NA,NA,NA,NA,NA,NA,NA,NA,NA,NA,NA,NA,NA,NA,NA,NA,FALSE
1770,NA,NA,NA,NA,NA,NA,NA,NA,NA,NA,NA,NA,NA,NA,NA,NA,NA,NA,2.023,NA,NA,NA,NA,NA,NA,NA,NA,NA,NA,NA,NA,NA,NA,NA,NA,NA,NA,NA,1.663,NA,NA,NA,NA,NA,NA,NA,NA,NA,NA,NA,NA,NA,NA,NA,NA,NA,NA,TRUE,NA,NA,NA,NA,NA,NA,NA,NA,NA,NA,NA,NA,NA,NA,NA,NA,NA,NA,NA,FALSE
1771,NA,NA,NA,NA,NA,NA,NA,NA,NA,NA,NA,NA,NA,NA,NA,NA,NA,NA,1.999,NA,NA,NA,NA,NA,NA,NA,NA,NA,NA,NA,NA,NA,NA,NA,NA,NA,NA,NA,1.504,NA,NA,NA,NA,NA,NA,NA,NA,NA,NA,NA,NA,NA,NA,NA,NA,NA,NA,TRUE,NA,NA,NA,NA,NA,NA,NA,NA,NA,NA,NA,NA,NA,NA,NA,NA,NA,NA,NA,FALSE
1772,NA,NA,NA,NA,NA,NA,NA,NA,NA,NA,NA,NA,NA,NA,NA,NA,NA,NA,1.612,NA,NA,NA,NA,NA,NA,NA,NA,NA,NA,NA,NA,NA,NA,NA,NA,NA,NA,NA,0.604,NA,NA,NA,NA,NA,NA,NA,NA,NA,NA,NA,NA,NA,NA,NA,NA,NA,NA,TRUE,NA,NA,NA,NA,NA,NA,NA,NA,NA,NA,NA,NA,NA,NA,NA,NA,NA,NA,NA,FALSE
1773,NA,NA,NA,NA,NA,NA,NA,NA,NA,NA,NA,NA,NA,NA,NA,NA,NA,NA,1.645,NA,NA,NA,NA,NA,NA,NA,NA,NA,NA,NA,NA,NA,NA,NA,NA,NA,NA,NA,0.647,NA,NA,NA,NA,NA,NA,NA,NA,NA,NA,NA,NA,NA,NA,NA,NA,NA,NA,TRUE,NA,NA,NA,NA,NA,NA,NA,NA,NA,NA,NA,NA,NA,NA,NA,NA,NA,NA,NA,FALSE
1774,NA,1.08,NA,NA,NA,NA,NA,NA,NA,NA,NA,NA,NA,NA,NA,NA,NA,NA,1.597,NA,NA,NA,NA,NA,NA,NA,NA,NA,NA,NA,NA,NA,NA,NA,NA,NA,NA,NA,0.54,NA,FALSE,NA,NA,NA,NA,NA,NA,NA,NA,NA,NA,NA,NA,NA,NA,NA,NA,TRUE,NA,NA,NA,NA,NA,NA,NA,NA,NA,NA,NA,NA,NA,NA,NA,NA,NA,NA,NA,FALSE
1775,NA,1.637,NA,NA,NA,NA,NA,NA,NA,NA,NA,NA,NA,NA,NA,NA,NA,NA,2.236,NA,NA,NA,NA,NA,NA,NA,NA,NA,NA,NA,NA,NA,NA,NA,NA,NA,NA,NA,0.805,NA,FALSE,NA,NA,NA,NA,NA,NA,NA,NA,NA,NA,NA,NA,NA,NA,NA,NA,TRUE,NA,NA,NA,NA,NA,NA,NA,NA,NA,NA,NA,NA,NA,NA,NA,NA,NA,NA,NA,FALSE
1776,NA,1.416,NA,NA,NA,NA,NA,NA,NA,NA,NA,NA,NA,NA,NA,NA,NA,NA,1.884,NA,NA,NA,NA,NA,NA,NA,NA,NA,NA,NA,NA,NA,NA,NA,NA,NA,NA,NA,1.315,NA,FALSE,NA,NA,NA,NA,NA,NA,NA,NA,NA,NA,NA,NA,NA,NA,NA,NA,TRUE,NA,NA,NA,NA,NA,NA,NA,NA,NA,NA,NA,NA,NA,NA,NA,NA,NA,NA,NA,FALSE
1777,NA,0.956,NA,NA,NA,NA,NA,NA,NA,NA,NA,NA,NA,NA,NA,NA,NA,NA,1.213,NA,NA,NA,NA,NA,NA,NA,NA,NA,NA,NA,NA,NA,NA,NA,NA,NA,NA,NA,1.091,NA,FALSE,NA,NA,NA,NA,NA,NA,NA,NA,NA,NA,NA,NA,NA,NA,NA,NA,FALSE,NA,NA,NA,NA,NA,NA,NA,NA,NA,NA,NA,NA,NA,NA,NA,NA,NA,NA,NA,FALSE
1778,NA,1.086,NA,NA,NA,NA,NA,NA,NA,NA,NA,NA,NA,NA,NA,NA,NA,NA,1.519,NA,NA,NA,NA,NA,NA,NA,NA,NA,NA,NA,NA,NA,NA,NA,NA,NA,NA,NA,1.187,NA,FALSE,NA,NA,NA,NA,NA,NA,NA,NA,NA,NA,NA,NA,NA,NA,NA,NA,FALSE,NA,NA,NA,NA,NA,NA,NA,NA,NA,NA,NA,NA,NA,NA,NA,NA,NA,NA,NA,FALSE
1779,NA,0.903,NA,NA,NA,NA,NA,NA,NA,NA,NA,NA,NA,NA,NA,NA,NA,NA,1.42,NA,NA,NA,NA,NA,NA,NA,NA,NA,NA,NA,NA,NA,NA,NA,NA,NA,NA,NA,1.421,NA,FALSE,NA,NA,NA,NA,NA,NA,NA,NA,NA,NA,NA,NA,NA,NA,NA,NA,FALSE,NA,NA,NA,NA,NA,NA,NA,NA,NA,NA,NA,NA,NA,NA,NA,NA,NA,NA,NA,FALSE
1780,NA,1.225,NA,NA,NA,NA,NA,NA,NA,NA,NA,NA,NA,NA,NA,NA,NA,NA,1.439,NA,NA,NA,NA,NA,NA,NA,NA,NA,NA,NA,NA,NA,NA,NA,NA,NA,NA,NA,1.578,NA,FALSE,NA,NA,NA,NA,NA,NA,NA,NA,NA,NA,NA,NA,NA,NA,NA,NA,FALSE,NA,NA,NA,NA,NA,NA,NA,NA,NA,NA,NA,NA,NA,NA,NA,NA,NA,NA,NA,FALSE
1781,NA,1.244,NA,NA,NA,NA,NA,NA,NA,NA,NA,NA,NA,NA,NA,NA,NA,NA,1.42,NA,NA,NA,NA,NA,NA,NA,NA,0.287,NA,NA,NA,NA,NA,NA,NA,NA,NA,NA,1.378,NA,FALSE,NA,NA,NA,NA,NA,NA,NA,NA,NA,NA,NA,NA,NA,NA,NA,NA,FALSE,NA,NA,NA,NA,NA,NA,NA,NA,FALSE,NA,NA,NA,NA,NA,NA,NA,NA,NA,NA,FALSE
1782,NA,1.089,NA,NA,NA,NA,NA,NA,NA,NA,2.093,NA,NA,NA,NA,NA,NA,NA,1.065,NA,NA,NA,NA,NA,NA,NA,NA,0.191,NA,NA,NA,NA,NA,NA,NA,NA,NA,NA,0.859,NA,FALSE,NA,NA,NA,NA,NA,NA,NA,NA,FALSE,NA,NA,NA,NA,NA,NA,NA,FALSE,NA,NA,NA,NA,NA,NA,NA,NA,FALSE,NA,NA,NA,NA,NA,NA,NA,NA,NA,NA,FALSE
1783,NA,0.823,NA,NA,NA,NA,NA,NA,NA,NA,1.42,NA,NA,NA,NA,NA,NA,NA,0.673,NA,NA,NA,NA,NA,NA,NA,NA,0.18,NA,NA,NA,NA,NA,NA,NA,NA,NA,NA,1.006,NA,FALSE,NA,NA,NA,NA,NA,NA,NA,NA,FALSE,NA,NA,NA,NA,NA,NA,NA,FALSE,NA,NA,NA,NA,NA,NA,NA,NA,FALSE,NA,NA,NA,NA,NA,NA,NA,NA,NA,NA,FALSE
1784,NA,0.909,NA,NA,NA,NA,NA,NA,NA,NA,1.489,NA,NA,NA,NA,NA,NA,NA,0.683,NA,NA,NA,NA,NA,NA,NA,NA,0.211,NA,NA,NA,NA,NA,NA,NA,NA,NA,NA,0.668,NA,FALSE,NA,NA,NA,NA,NA,NA,NA,NA,FALSE,NA,NA,NA,NA,NA,NA,NA,FALSE,NA,NA,NA,NA,NA,NA,NA,NA,FALSE,NA,NA,NA,NA,NA,NA,NA,NA,NA,NA,FALSE
1785,NA,1.04,NA,NA,NA,NA,NA,NA,NA,NA,2.534,NA,NA,NA,NA,NA,NA,NA,1.129,NA,NA,NA,NA,NA,NA,NA,NA,0.191,NA,NA,NA,NA,NA,NA,NA,NA,NA,NA,1.083,NA,FALSE,NA,NA,NA,NA,NA,NA,NA,NA,TRUE,NA,NA,NA,NA,NA,NA,NA,FALSE,NA,NA,NA,NA,NA,NA,NA,NA,FALSE,NA,NA,NA,NA,NA,NA,NA,NA,NA,NA,FALSE
1786,NA,1.171,NA,NA,NA,NA,NA,NA,NA,NA,2.568,NA,NA,NA,NA,NA,NA,NA,1.033,NA,NA,NA,NA,NA,NA,NA,NA,0.231,NA,NA,NA,NA,NA,NA,NA,NA,NA,NA,0.943,NA,FALSE,NA,NA,NA,NA,NA,NA,NA,NA,TRUE,NA,NA,NA,NA,NA,NA,NA,FALSE,NA,NA,NA,NA,NA,NA,NA,NA,FALSE,NA,NA,NA,NA,NA,NA,NA,NA,NA,NA,FALSE
1787,NA,0.583,NA,NA,NA,NA,NA,NA,NA,NA,1.597,NA,NA,NA,NA,NA,NA,NA,0.706,NA,NA,NA,NA,NA,NA,NA,NA,0.144,NA,NA,NA,NA,NA,NA,NA,NA,NA,NA,0.467,NA,FALSE,NA,NA,NA,NA,NA,NA,NA,NA,FALSE,NA,NA,NA,NA,NA,NA,NA,FALSE,NA,NA,NA,NA,NA,NA,NA,NA,FALSE,NA,NA,NA,NA,NA,NA,NA,NA,NA,NA,FALSE
1788,NA,1.122,NA,NA,NA,NA,NA,NA,NA,NA,2.613,NA,NA,NA,NA,NA,NA,NA,0.946,NA,NA,NA,NA,NA,NA,NA,NA,0.165,NA,NA,NA,NA,NA,NA,NA,NA,NA,NA,0.827,NA,FALSE,NA,NA,NA,NA,NA,NA,NA,NA,TRUE,NA,NA,NA,NA,NA,NA,NA,FALSE,NA,NA,NA,NA,NA,NA,NA,NA,FALSE,NA,NA,NA,NA,NA,NA,NA,NA,NA,NA,FALSE
1789,NA,1.44,NA,NA,NA,NA,NA,NA,NA,NA,3.02,NA,NA,NA,NA,NA,NA,NA,1.099,NA,NA,NA,NA,NA,NA,NA,NA,0.188,NA,NA,NA,NA,NA,NA,NA,NA,NA,NA,1.217,NA,FALSE,NA,NA,NA,NA,NA,NA,NA,NA,TRUE,NA,NA,NA,NA,NA,NA,NA,FALSE,NA,NA,NA,NA,NA,NA,NA,NA,FALSE,NA,NA,NA,NA,NA,NA,NA,NA,NA,NA,FALSE
1790,NA,0.907,NA,NA,NA,NA,NA,NA,NA,NA,2.055,NA,NA,NA,NA,NA,NA,0.87,0.717,NA,NA,NA,NA,NA,NA,NA,NA,0.228,NA,NA,NA,NA,NA,NA,NA,NA,NA,NA,1.091,NA,FALSE,NA,NA,NA,NA,NA,NA,NA,NA,FALSE,NA,NA,NA,NA,NA,NA,FALSE,FALSE,NA,NA,NA,NA,NA,NA,NA,NA,FALSE,NA,NA,NA,NA,NA,NA,NA,NA,NA,NA,FALSE
1791,NA,1.003,NA,NA,NA,NA,NA,NA,NA,NA,2.24,NA,NA,NA,NA,NA,NA,0.743,0.684,NA,NA,NA,NA,NA,NA,NA,NA,0.278,NA,NA,NA,NA,NA,NA,NA,NA,NA,NA,1.272,NA,FALSE,NA,NA,NA,NA,NA,NA,NA,NA,FALSE,NA,NA,NA,NA,NA,NA,FALSE,FALSE,NA,NA,NA,NA,NA,NA,NA,NA,FALSE,NA,NA,NA,NA,NA,NA,NA,NA,NA,NA,FALSE
1792,NA,1.25,NA,NA,NA,NA,NA,NA,NA,NA,2.229,NA,NA,NA,NA,NA,NA,0.982,0.815,NA,NA,NA,NA,NA,NA,NA,NA,0.374,NA,NA,NA,NA,NA,NA,NA,NA,NA,NA,1.442,NA,FALSE,NA,NA,NA,NA,NA,NA,NA,NA,FALSE,NA,NA,NA,NA,NA,NA,FALSE,FALSE,NA,NA,NA,NA,NA,NA,NA,NA,FALSE,NA,NA,NA,NA,NA,NA,NA,NA,NA,NA,FALSE
1793,NA,1.109,NA,NA,NA,NA,NA,NA,NA,NA,2.403,NA,NA,NA,NA,NA,NA,0.851,0.823,NA,NA,NA,NA,NA,NA,NA,NA,0.355,NA,NA,NA,NA,NA,NA,NA,NA,NA,NA,1.58,NA,FALSE,NA,NA,NA,NA,NA,NA,NA,NA,FALSE,NA,NA,NA,NA,NA,NA,FALSE,FALSE,NA,NA,NA,NA,NA,NA,NA,NA,FALSE,NA,NA,NA,NA,NA,NA,NA,NA,NA,NA,FALSE
1794,NA,0.755,NA,NA,NA,NA,NA,NA,NA,NA,2.429,NA,NA,NA,NA,NA,NA,0.746,0.678,NA,NA,NA,NA,NA,NA,NA,NA,0.318,NA,NA,NA,NA,NA,NA,NA,NA,NA,NA,1.728,NA,FALSE,NA,NA,NA,NA,NA,NA,NA,NA,FALSE,NA,NA,NA,NA,NA,NA,FALSE,FALSE,NA,NA,NA,NA,NA,NA,NA,NA,FALSE,NA,NA,NA,NA,NA,NA,NA,NA,NA,NA,FALSE
1795,NA,0.679,NA,NA,NA,NA,NA,NA,NA,NA,1.462,NA,NA,NA,NA,NA,NA,0.903,0.604,NA,NA,NA,NA,NA,NA,NA,NA,0.298,NA,NA,NA,NA,0.751,NA,NA,NA,NA,NA,1.347,NA,FALSE,NA,NA,NA,NA,NA,NA,NA,NA,FALSE,NA,NA,NA,NA,NA,NA,FALSE,FALSE,NA,NA,NA,NA,NA,NA,NA,NA,FALSE,NA,NA,NA,NA,FALSE,NA,NA,NA,NA,NA,FALSE
1796,NA,0.655,NA,NA,NA,NA,NA,NA,NA,NA,1.641,NA,NA,NA,NA,NA,NA,0.877,0.691,NA,NA,NA,NA,NA,NA,NA,NA,0.354,NA,NA,NA,NA,0.663,NA,NA,NA,NA,NA,1.126,NA,FALSE,NA,NA,NA,NA,NA,NA,NA,NA,FALSE,NA,NA,NA,NA,NA,NA,FALSE,FALSE,NA,NA,NA,NA,NA,NA,NA,NA,FALSE,NA,NA,NA,NA,FALSE,NA,NA,NA,NA,NA,FALSE
1797,NA,0.527,NA,NA,NA,NA,NA,NA,NA,NA,1.631,NA,NA,NA,NA,NA,NA,0.635,0.646,NA,NA,NA,NA,NA,NA,NA,NA,0.256,NA,NA,NA,NA,0.542,NA,NA,NA,NA,NA,1.114,NA,FALSE,NA,NA,NA,NA,NA,NA,NA,NA,FALSE,NA,NA,NA,NA,NA,NA,FALSE,FALSE,NA,NA,NA,NA,NA,NA,NA,NA,FALSE,NA,NA,NA,NA,FALSE,NA,NA,NA,NA,NA,FALSE
1798,NA,0.623,NA,NA,NA,NA,NA,NA,NA,NA,1.09,NA,NA,NA,NA,NA,0.232,0.599,0.432,NA,NA,NA,NA,NA,NA,NA,NA,0.295,NA,NA,NA,NA,0.573,NA,NA,NA,NA,NA,0.69,NA,FALSE,NA,NA,NA,NA,NA,NA,NA,NA,FALSE,NA,NA,NA,NA,NA,FALSE,FALSE,FALSE,NA,NA,NA,NA,NA,NA,NA,NA,FALSE,NA,NA,NA,NA,FALSE,NA,NA,NA,NA,NA,FALSE
1799,NA,0.816,NA,NA,NA,NA,NA,NA,NA,NA,2.095,NA,NA,NA,NA,NA,0.748,0.998,0.635,NA,NA,NA,NA,NA,NA,NA,NA,0.351,NA,NA,NA,NA,0.516,NA,NA,NA,NA,NA,1.315,NA,FALSE,NA,NA,NA,NA,NA,NA,NA,NA,FALSE,NA,NA,NA,NA,NA,FALSE,FALSE,FALSE,NA,NA,NA,NA,NA,NA,NA,NA,FALSE,NA,NA,NA,NA,FALSE,NA,NA,NA,NA,NA,FALSE
1800,NA,0.462,NA,NA,NA,NA,NA,NA,NA,NA,1.598,NA,NA,NA,NA,NA,0.951,0.614,0.485,NA,NA,NA,NA,NA,NA,NA,NA,0.231,NA,NA,1.419,NA,0.728,NA,NA,NA,NA,NA,0.86,NA,FALSE,NA,NA,NA,NA,NA,NA,NA,NA,FALSE,NA,NA,NA,NA,NA,FALSE,FALSE,FALSE,NA,NA,NA,NA,NA,NA,NA,NA,FALSE,NA,NA,FALSE,NA,FALSE,NA,NA,NA,NA,NA,FALSE
1801,NA,1.205,NA,NA,NA,NA,NA,NA,NA,NA,2.286,NA,NA,NA,NA,NA,1.128,1.198,0.764,NA,NA,NA,NA,NA,NA,NA,NA,0.532,NA,NA,1.305,NA,1.215,NA,NA,NA,NA,NA,1.016,NA,FALSE,NA,NA,NA,NA,NA,NA,NA,NA,FALSE,NA,NA,NA,NA,NA,FALSE,FALSE,FALSE,NA,NA,NA,NA,NA,NA,NA,NA,FALSE,NA,NA,FALSE,NA,FALSE,NA,NA,NA,NA,NA,FALSE
1802,NA,1.356,NA,NA,NA,NA,NA,NA,NA,NA,2.084,NA,NA,NA,NA,NA,1.469,1.316,0.698,NA,NA,NA,NA,NA,NA,NA,NA,0.612,NA,NA,1.459,NA,1.087,NA,NA,NA,NA,NA,1.026,NA,FALSE,NA,NA,NA,NA,NA,NA,NA,NA,FALSE,NA,NA,NA,NA,NA,FALSE,FALSE,FALSE,NA,NA,NA,NA,NA,NA,NA,NA,FALSE,NA,NA,FALSE,NA,FALSE,NA,NA,NA,NA,NA,FALSE
1803,NA,1.517,NA,NA,NA,NA,NA,NA,NA,NA,1.712,NA,NA,NA,NA,NA,1.687,0.82,0.849,NA,NA,NA,NA,NA,NA,NA,NA,0.592,NA,NA,1.437,NA,0.209,NA,NA,NA,NA,NA,0.679,NA,FALSE,NA,NA,NA,NA,NA,NA,NA,NA,FALSE,NA,NA,NA,NA,NA,FALSE,FALSE,FALSE,NA,NA,NA,NA,NA,NA,NA,NA,FALSE,NA,NA,FALSE,NA,FALSE,NA,NA,NA,NA,NA,FALSE
1804,NA,0.521,NA,NA,NA,NA,NA,NA,NA,NA,1.67,NA,NA,NA,NA,NA,1.14,0.616,0.803,NA,NA,NA,NA,NA,NA,NA,NA,0.353,NA,NA,0.531,NA,0.191,NA,NA,NA,NA,NA,0.943,NA,FALSE,NA,NA,NA,NA,NA,NA,NA,NA,FALSE,NA,NA,NA,NA,NA,FALSE,FALSE,FALSE,NA,NA,NA,NA,NA,NA,NA,NA,FALSE,NA,NA,FALSE,NA,FALSE,NA,NA,NA,NA,NA,FALSE
1805,NA,1,NA,NA,NA,NA,NA,NA,NA,NA,1.575,NA,NA,NA,NA,NA,1.723,0.981,0.801,NA,NA,NA,NA,NA,NA,NA,NA,0.669,0.584,NA,0.719,NA,0.36,NA,NA,NA,NA,NA,0.899,NA,FALSE,NA,NA,NA,NA,NA,NA,NA,NA,FALSE,NA,NA,NA,NA,NA,FALSE,FALSE,FALSE,NA,NA,NA,NA,NA,NA,NA,NA,FALSE,FALSE,NA,FALSE,NA,FALSE,NA,NA,NA,NA,NA,FALSE
1806,NA,0.996,NA,NA,NA,NA,NA,NA,NA,NA,1.983,NA,NA,NA,NA,NA,1.02,0.808,0.717,NA,NA,NA,NA,NA,NA,NA,NA,0.77,0.784,NA,0.688,NA,0.293,NA,NA,NA,NA,NA,1.103,NA,FALSE,NA,NA,NA,NA,NA,NA,NA,NA,FALSE,NA,NA,NA,NA,NA,FALSE,FALSE,FALSE,NA,NA,NA,NA,NA,NA,NA,NA,FALSE,FALSE,NA,FALSE,NA,FALSE,NA,NA,NA,NA,NA,FALSE
1807,NA,0.889,NA,NA,NA,NA,NA,NA,NA,NA,1.803,NA,NA,NA,NA,NA,0.877,0.651,0.469,NA,NA,NA,NA,NA,NA,NA,NA,0.483,0.565,NA,0.787,NA,0.421,NA,NA,NA,NA,NA,1.199,NA,FALSE,NA,NA,NA,NA,NA,NA,NA,NA,FALSE,NA,NA,NA,NA,NA,FALSE,FALSE,FALSE,NA,NA,NA,NA,NA,NA,NA,NA,FALSE,FALSE,NA,FALSE,NA,FALSE,NA,NA,NA,NA,NA,FALSE
1808,NA,0.728,NA,NA,NA,NA,NA,NA,NA,NA,1.57,NA,NA,NA,NA,NA,1.143,0.689,0.436,NA,NA,NA,NA,NA,NA,NA,NA,0.466,0.644,NA,1.286,NA,0.627,NA,NA,NA,NA,NA,0.848,NA,FALSE,NA,NA,NA,NA,NA,NA,NA,NA,FALSE,NA,NA,NA,NA,NA,FALSE,FALSE,FALSE,NA,NA,NA,NA,NA,NA,NA,NA,FALSE,FALSE,NA,FALSE,NA,FALSE,NA,NA,NA,NA,NA,FALSE
1809,NA,0.674,NA,NA,NA,NA,NA,NA,NA,NA,1.602,NA,NA,1.653,NA,NA,1.883,1.011,0.554,NA,NA,NA,NA,NA,NA,NA,NA,0.415,0.693,NA,1.345,NA,0.913,NA,NA,NA,NA,NA,1.041,NA,FALSE,NA,NA,NA,NA,NA,NA,NA,NA,FALSE,NA,NA,FALSE,NA,NA,TRUE,FALSE,FALSE,NA,NA,NA,NA,NA,NA,NA,NA,FALSE,FALSE,NA,FALSE,NA,FALSE,NA,NA,NA,NA,NA,FALSE
1810,NA,0.954,NA,NA,NA,NA,NA,NA,NA,NA,1.57,NA,NA,1.095,NA,NA,1.34,0.838,0.617,NA,NA,NA,NA,NA,NA,NA,NA,0.527,0.757,NA,1.452,NA,0.855,0.783,NA,NA,NA,NA,0.997,NA,FALSE,NA,NA,NA,NA,NA,NA,NA,NA,FALSE,NA,NA,FALSE,NA,NA,FALSE,FALSE,FALSE,NA,NA,NA,NA,NA,NA,NA,NA,FALSE,FALSE,NA,FALSE,NA,FALSE,FALSE,NA,NA,NA,NA,FALSE
1811,NA,0.688,NA,NA,NA,NA,NA,NA,NA,NA,1.503,NA,NA,1.34,NA,NA,1.32,1.044,0.616,NA,NA,NA,NA,NA,NA,NA,NA,0.59,0.731,NA,1.205,NA,1.171,0.632,NA,NA,NA,NA,0.978,NA,FALSE,NA,NA,NA,NA,NA,NA,NA,NA,FALSE,NA,NA,FALSE,NA,NA,FALSE,FALSE,FALSE,NA,NA,NA,NA,NA,NA,NA,NA,FALSE,FALSE,NA,FALSE,NA,FALSE,FALSE,NA,NA,NA,NA,FALSE
1812,NA,0.985,NA,NA,NA,NA,NA,NA,NA,NA,1.809,NA,NA,1.711,NA,NA,1.343,0.942,0.594,NA,NA,NA,NA,NA,NA,NA,NA,0.879,0.938,NA,1.142,NA,1.021,0.584,NA,NA,NA,NA,1.154,NA,FALSE,NA,NA,NA,NA,NA,NA,NA,NA,FALSE,NA,NA,FALSE,NA,NA,FALSE,FALSE,FALSE,NA,NA,NA,NA,NA,NA,NA,NA,FALSE,FALSE,NA,FALSE,NA,FALSE,FALSE,NA,NA,NA,NA,FALSE
1813,NA,0.571,NA,NA,NA,NA,NA,NA,NA,NA,1.757,NA,NA,1.313,NA,NA,1.017,0.777,0.531,NA,NA,NA,NA,NA,NA,NA,NA,0.719,1.071,NA,1.354,NA,0.605,0.803,NA,NA,NA,NA,0.993,NA,FALSE,NA,NA,NA,NA,NA,NA,NA,NA,FALSE,NA,NA,FALSE,NA,NA,FALSE,FALSE,FALSE,NA,NA,NA,NA,NA,NA,NA,NA,FALSE,FALSE,NA,FALSE,NA,FALSE,FALSE,NA,NA,NA,NA,FALSE
1814,NA,0.563,NA,NA,NA,NA,NA,NA,NA,NA,1.684,NA,NA,1.23,NA,NA,1.309,0.945,0.51,NA,NA,NA,NA,NA,NA,NA,NA,0.74,1.227,1.268,0.976,NA,0.752,0.683,NA,NA,NA,1.513,1.252,NA,FALSE,NA,NA,NA,NA,NA,NA,NA,NA,FALSE,NA,NA,FALSE,NA,NA,FALSE,FALSE,FALSE,NA,NA,NA,NA,NA,NA,NA,NA,FALSE,FALSE,FALSE,FALSE,NA,FALSE,FALSE,NA,NA,NA,FALSE,FALSE
1815,NA,0.377,NA,NA,NA,NA,NA,NA,NA,NA,0.911,NA,NA,0.936,NA,NA,0.855,0.602,0.404,NA,NA,NA,NA,NA,NA,NA,NA,0.371,0.627,0.853,1.467,NA,0.89,0.098,NA,NA,NA,1.194,0.655,NA,FALSE,NA,NA,NA,NA,NA,NA,NA,NA,FALSE,NA,NA,FALSE,NA,NA,FALSE,FALSE,FALSE,NA,NA,NA,NA,NA,NA,NA,NA,FALSE,FALSE,FALSE,FALSE,NA,FALSE,FALSE,NA,NA,NA,FALSE,FALSE
1816,0.53,0.567,NA,NA,NA,NA,NA,NA,NA,NA,1.265,NA,NA,1.23,NA,NA,1.559,0.868,0.444,NA,NA,NA,NA,NA,NA,NA,NA,0.446,0.856,1.149,1.43,NA,1.113,0.322,NA,NA,NA,2.396,1.536,FALSE,FALSE,NA,NA,NA,NA,NA,NA,NA,NA,FALSE,NA,NA,FALSE,NA,NA,FALSE,FALSE,FALSE,NA,NA,NA,NA,NA,NA,NA,NA,FALSE,FALSE,FALSE,FALSE,NA,FALSE,FALSE,NA,NA,NA,TRUE,FALSE
1817,1.052,0.694,NA,NA,NA,NA,NA,NA,NA,NA,1.553,NA,NA,1.552,NA,NA,1.139,0.899,0.498,NA,NA,NA,NA,0.448,NA,NA,NA,0.424,0.868,1.178,1.419,NA,0.902,0.29,NA,NA,NA,2.503,1.167,FALSE,FALSE,NA,NA,NA,NA,NA,NA,NA,NA,FALSE,NA,NA,FALSE,NA,NA,FALSE,FALSE,FALSE,NA,NA,NA,NA,FALSE,NA,NA,NA,FALSE,FALSE,FALSE,FALSE,NA,FALSE,FALSE,NA,NA,NA,TRUE,FALSE
1818,0.428,0.811,NA,NA,NA,NA,NA,NA,NA,NA,1.682,NA,NA,1.725,NA,NA,1.202,0.885,0.539,NA,NA,NA,NA,1.103,NA,NA,NA,0.483,0.88,1.316,1.628,2.058,1.004,0.775,NA,NA,NA,1.974,1.388,FALSE,FALSE,NA,NA,NA,NA,NA,NA,NA,NA,FALSE,NA,NA,FALSE,NA,NA,FALSE,FALSE,FALSE,NA,NA,NA,NA,FALSE,NA,NA,NA,FALSE,FALSE,FALSE,FALSE,TRUE,FALSE,FALSE,NA,NA,NA,TRUE,FALSE
1819,0.457,0.711,NA,NA,NA,NA,NA,NA,NA,NA,1.77,NA,NA,1.882,NA,NA,1.437,0.928,0.561,NA,NA,NA,NA,1.524,NA,NA,NA,0.571,1.056,1.549,1.418,1.775,1.131,0.608,NA,NA,NA,1.648,1.355,FALSE,FALSE,NA,NA,NA,NA,NA,NA,NA,NA,FALSE,NA,NA,TRUE,NA,NA,FALSE,FALSE,FALSE,NA,NA,NA,NA,FALSE,NA,NA,NA,FALSE,FALSE,FALSE,FALSE,TRUE,FALSE,FALSE,NA,NA,NA,FALSE,FALSE
1820,0.603,0.865,NA,NA,NA,NA,NA,NA,NA,NA,1.393,NA,NA,1.691,NA,NA,1.127,0.919,0.54,NA,NA,NA,NA,0.798,NA,NA,NA,0.551,0.88,1.214,1.406,0.987,1.18,0.824,NA,NA,NA,1.381,1.119,FALSE,FALSE,NA,NA,NA,NA,NA,NA,NA,NA,FALSE,NA,NA,FALSE,NA,NA,FALSE,FALSE,FALSE,NA,NA,NA,NA,FALSE,NA,NA,NA,FALSE,FALSE,FALSE,FALSE,FALSE,FALSE,FALSE,NA,NA,NA,FALSE,FALSE
1821,0.529,0.876,NA,NA,NA,NA,NA,NA,NA,NA,1.419,NA,NA,1.958,NA,NA,1.373,0.787,0.444,NA,NA,NA,NA,1.234,NA,NA,NA,0.551,0.829,1.058,1.391,0.476,0.916,0.597,NA,NA,NA,1.26,1.129,FALSE,FALSE,NA,NA,NA,NA,NA,NA,NA,NA,FALSE,NA,NA,TRUE,NA,NA,FALSE,FALSE,FALSE,NA,NA,NA,NA,FALSE,NA,NA,NA,FALSE,FALSE,FALSE,FALSE,FALSE,FALSE,FALSE,NA,NA,NA,FALSE,FALSE
1822,0.435,0.834,NA,NA,0.815,NA,NA,NA,NA,NA,1.217,NA,NA,1.714,NA,0.918,1.193,0.864,0.595,NA,NA,NA,NA,1.191,NA,NA,NA,0.616,0.8,1.311,0.9,1.186,0.887,0.643,NA,NA,NA,1.196,1.119,FALSE,FALSE,NA,NA,FALSE,NA,NA,NA,NA,NA,FALSE,NA,NA,FALSE,NA,FALSE,FALSE,FALSE,FALSE,NA,NA,NA,NA,FALSE,NA,NA,NA,FALSE,FALSE,FALSE,FALSE,FALSE,FALSE,FALSE,NA,NA,NA,FALSE,FALSE
1823,0.434,0.575,NA,NA,1.28,NA,NA,NA,NA,NA,0.948,NA,NA,1.667,NA,1.297,1.13,0.787,0.595,NA,NA,NA,NA,1.09,NA,NA,NA,0.813,1.158,0.704,1.225,1.688,0.919,0.61,NA,NA,NA,0.811,0.754,FALSE,FALSE,NA,NA,FALSE,NA,NA,NA,NA,NA,FALSE,NA,NA,FALSE,NA,FALSE,FALSE,FALSE,FALSE,NA,NA,NA,NA,FALSE,NA,NA,NA,FALSE,FALSE,FALSE,FALSE,FALSE,FALSE,FALSE,NA,NA,NA,FALSE,FALSE
1824,0,0.899,NA,NA,1.774,NA,NA,NA,NA,NA,1.451,NA,NA,1.853,NA,1.274,1.175,0.887,0.797,NA,NA,NA,NA,0.981,NA,NA,NA,0.704,1.191,1.051,1.248,1.369,0.883,0.8,NA,NA,NA,1.224,1.162,FALSE,FALSE,NA,NA,FALSE,NA,NA,NA,NA,NA,FALSE,NA,NA,TRUE,NA,FALSE,FALSE,FALSE,FALSE,NA,NA,NA,NA,FALSE,NA,NA,NA,FALSE,FALSE,FALSE,FALSE,FALSE,FALSE,FALSE,NA,NA,NA,FALSE,FALSE
1825,0.368,0.732,NA,NA,1.284,NA,NA,NA,NA,NA,1.247,NA,NA,1.515,NA,1.472,1.603,0.91,0.818,NA,NA,NA,NA,1.195,NA,NA,NA,0.591,1.368,1.088,0.973,1.45,0.84,0.871,NA,NA,NA,1.059,0.995,FALSE,FALSE,NA,NA,FALSE,NA,NA,NA,NA,NA,FALSE,NA,NA,FALSE,NA,TRUE,FALSE,FALSE,FALSE,NA,NA,NA,NA,FALSE,NA,NA,NA,FALSE,FALSE,FALSE,FALSE,FALSE,FALSE,FALSE,NA,NA,NA,FALSE,FALSE
1826,0.422,0.688,NA,NA,1.289,NA,NA,NA,NA,NA,1.003,NA,NA,0.96,NA,1.169,0.712,0.667,0.798,NA,NA,NA,NA,1.317,1.496,NA,NA,0.689,1.527,0.803,0.956,1.402,0.726,0.705,NA,NA,NA,1.047,0.83,FALSE,FALSE,NA,NA,FALSE,NA,NA,NA,NA,NA,FALSE,NA,NA,FALSE,NA,FALSE,FALSE,FALSE,FALSE,NA,NA,NA,NA,FALSE,FALSE,NA,NA,FALSE,FALSE,FALSE,FALSE,FALSE,FALSE,FALSE,NA,NA,NA,FALSE,FALSE
1827,0.368,0.942,NA,NA,1.054,NA,NA,NA,NA,NA,1.168,NA,NA,0.944,NA,0.935,0.692,0.738,0.628,NA,NA,NA,NA,0.904,1.355,NA,NA,0.75,1.347,0.748,1.07,1.187,0.677,0.777,NA,NA,NA,1.088,0.884,FALSE,FALSE,NA,NA,FALSE,NA,NA,NA,NA,NA,FALSE,NA,NA,FALSE,NA,FALSE,FALSE,FALSE,FALSE,NA,NA,NA,NA,FALSE,FALSE,NA,NA,FALSE,FALSE,FALSE,FALSE,FALSE,FALSE,FALSE,NA,NA,NA,FALSE,FALSE
1828,0.334,0.603,NA,NA,1.644,1.704,NA,NA,NA,NA,1.319,NA,NA,1.044,NA,1.342,1.259,0.817,0.627,NA,NA,NA,NA,1.068,1.539,NA,NA,0.69,1.686,0.803,0.282,1.248,0.645,1.076,NA,NA,NA,0.797,0.691,FALSE,FALSE,NA,NA,FALSE,FALSE,NA,NA,NA,NA,FALSE,NA,NA,FALSE,NA,FALSE,FALSE,FALSE,FALSE,NA,NA,NA,NA,FALSE,FALSE,NA,NA,FALSE,FALSE,FALSE,FALSE,FALSE,FALSE,FALSE,NA,NA,NA,FALSE,FALSE
1829,0.418,0.953,NA,NA,1.329,1.662,NA,NA,NA,NA,1.574,NA,NA,1.178,1.668,1.012,1.162,0.855,0.711,NA,NA,NA,NA,1.199,1.545,NA,NA,0.969,2.135,0.966,1.413,1.529,1.052,1.427,NA,NA,NA,0.789,0.873,FALSE,FALSE,NA,NA,FALSE,FALSE,NA,NA,NA,NA,FALSE,NA,NA,FALSE,FALSE,FALSE,FALSE,FALSE,FALSE,NA,NA,NA,NA,FALSE,FALSE,NA,NA,FALSE,FALSE,FALSE,FALSE,FALSE,FALSE,FALSE,NA,NA,NA,FALSE,FALSE
1830,0.266,0.571,NA,NA,0.994,1.45,NA,NA,NA,NA,1.006,NA,NA,0.944,1.219,0.794,0.935,0.617,0.477,NA,NA,NA,NA,1.481,1.108,NA,NA,0.462,1.189,0.998,1.081,1.306,1.037,0.706,NA,NA,NA,0.519,0.7,FALSE,FALSE,NA,NA,FALSE,FALSE,NA,NA,NA,NA,FALSE,NA,NA,FALSE,FALSE,FALSE,FALSE,FALSE,FALSE,NA,NA,NA,NA,FALSE,FALSE,NA,NA,FALSE,FALSE,FALSE,FALSE,FALSE,FALSE,FALSE,NA,NA,NA,FALSE,FALSE
1831,0.184,0.435,NA,NA,1.052,1.249,NA,NA,NA,NA,0.792,NA,NA,0.652,0.979,0.539,0.617,0.432,0.372,NA,NA,NA,NA,1.32,0.899,NA,NA,0.42,1.37,0.694,0.704,1.01,0.762,0.382,NA,NA,NA,0.562,0.584,FALSE,FALSE,NA,NA,FALSE,FALSE,NA,NA,NA,NA,FALSE,NA,NA,FALSE,FALSE,FALSE,FALSE,FALSE,FALSE,NA,NA,NA,NA,FALSE,FALSE,NA,NA,FALSE,FALSE,FALSE,FALSE,FALSE,FALSE,FALSE,NA,NA,NA,FALSE,FALSE
1832,0.337,0.901,NA,NA,1.695,2.097,NA,NA,NA,NA,0.952,NA,NA,1.01,1.459,1.393,1.605,0.644,0.487,NA,NA,NA,NA,0.949,1.606,NA,NA,0.487,1.446,0.978,0.971,1.447,1.127,0.863,NA,NA,NA,0.648,0.722,FALSE,FALSE,NA,NA,FALSE,FALSE,NA,NA,NA,NA,FALSE,NA,NA,FALSE,FALSE,FALSE,FALSE,FALSE,FALSE,NA,NA,NA,NA,FALSE,FALSE,NA,NA,FALSE,FALSE,FALSE,FALSE,FALSE,FALSE,FALSE,NA,NA,NA,FALSE,FALSE
1833,0.394,1.101,NA,NA,1.392,1.934,NA,NA,NA,NA,1.114,NA,NA,1.106,1.298,1.154,1.207,0.573,0.508,NA,NA,NA,NA,0.807,1.469,NA,NA,0.496,1.166,1.084,1.28,1.022,0.823,0.794,NA,NA,NA,1.079,0.765,FALSE,FALSE,NA,NA,FALSE,FALSE,NA,NA,NA,NA,FALSE,NA,NA,FALSE,FALSE,FALSE,FALSE,FALSE,FALSE,NA,NA,NA,NA,FALSE,FALSE,NA,NA,FALSE,FALSE,FALSE,FALSE,FALSE,FALSE,FALSE,NA,NA,NA,FALSE,FALSE
1834,0.572,1.357,NA,NA,1.51,1.596,NA,NA,NA,NA,0.842,NA,NA,0.945,0.984,0.904,0.985,0.468,0.393,NA,NA,NA,NA,1.061,1.116,NA,NA,0.458,1.123,0.858,1.068,0.905,0.639,0.923,NA,NA,NA,0.823,0.609,FALSE,FALSE,NA,NA,FALSE,FALSE,NA,NA,NA,NA,FALSE,NA,NA,FALSE,FALSE,FALSE,FALSE,FALSE,FALSE,NA,NA,NA,NA,FALSE,FALSE,NA,NA,FALSE,FALSE,FALSE,FALSE,FALSE,FALSE,FALSE,NA,NA,NA,FALSE,FALSE
1835,0.478,0.911,NA,NA,1.15,1.462,NA,NA,NA,NA,0.974,NA,NA,0.986,0.946,0.988,1.133,0.478,0.414,NA,NA,NA,NA,1.376,1.046,NA,NA,0.623,1.506,0.917,0.981,1.161,0.814,0.472,NA,NA,NA,0.96,0.629,FALSE,FALSE,NA,NA,FALSE,FALSE,NA,NA,NA,NA,FALSE,NA,NA,FALSE,FALSE,FALSE,FALSE,FALSE,FALSE,NA,NA,NA,NA,FALSE,FALSE,NA,NA,FALSE,FALSE,FALSE,FALSE,FALSE,FALSE,FALSE,NA,NA,NA,FALSE,FALSE
1836,0.318,0.626,NA,NA,0.293,0.106,NA,NA,NA,NA,0.546,NA,NA,0.801,0.569,0.847,0.948,0.521,0.434,NA,NA,NA,NA,0.935,1.167,NA,NA,0.437,1.061,0.57,0.88,1.018,0.684,0.857,NA,NA,NA,0.721,0.463,FALSE,FALSE,NA,NA,FALSE,FALSE,NA,NA,NA,NA,FALSE,NA,NA,FALSE,FALSE,FALSE,FALSE,FALSE,FALSE,NA,NA,NA,NA,FALSE,FALSE,NA,NA,FALSE,FALSE,FALSE,FALSE,FALSE,FALSE,FALSE,NA,NA,NA,FALSE,FALSE
1837,0.345,0.55,NA,NA,1.096,0.28,NA,NA,NA,NA,0.536,NA,NA,0.802,0.953,0.908,0.969,0.512,0.412,NA,0.889,NA,NA,1.467,1.114,NA,NA,0.379,0.875,0.617,0.857,0.814,0.646,0.891,NA,NA,NA,0.594,0.508,FALSE,FALSE,NA,NA,FALSE,FALSE,NA,NA,NA,NA,FALSE,NA,NA,FALSE,FALSE,FALSE,FALSE,FALSE,FALSE,NA,FALSE,NA,NA,FALSE,FALSE,NA,NA,FALSE,FALSE,FALSE,FALSE,FALSE,FALSE,FALSE,NA,NA,NA,FALSE,FALSE
1838,0.408,0.699,NA,NA,1.519,1.054,NA,NA,NA,NA,0.604,NA,NA,1.235,0.993,1.133,1.107,0.549,0.434,NA,1.189,NA,NA,1.546,1.835,NA,NA,0.379,0.945,0.794,1.188,1.107,0.733,1.613,NA,NA,NA,0.752,0.52,FALSE,FALSE,NA,NA,FALSE,FALSE,NA,NA,NA,NA,FALSE,NA,NA,FALSE,FALSE,FALSE,FALSE,FALSE,FALSE,NA,FALSE,NA,NA,FALSE,FALSE,NA,NA,FALSE,FALSE,FALSE,FALSE,FALSE,FALSE,TRUE,NA,NA,NA,FALSE,FALSE
1839,0.537,0.848,NA,NA,0.757,1.179,NA,NA,NA,NA,0.743,NA,NA,1.44,1.187,1.125,1.074,0.602,0.498,NA,0.986,NA,NA,0.806,1.668,NA,NA,0.455,0.938,1.109,1.543,1.164,0.728,1.72,NA,NA,NA,0.784,0.643,FALSE,FALSE,NA,NA,FALSE,FALSE,NA,NA,NA,NA,FALSE,NA,NA,FALSE,FALSE,FALSE,FALSE,FALSE,FALSE,NA,FALSE,NA,NA,FALSE,FALSE,NA,NA,FALSE,FALSE,FALSE,FALSE,FALSE,FALSE,TRUE,NA,NA,NA,FALSE,FALSE
1840,0.277,0.402,NA,NA,1.209,0.743,NA,NA,NA,NA,0.322,NA,NA,0.762,0.494,0.595,0.691,0.37,0.264,NA,1.095,NA,NA,1.188,0.895,NA,NA,0.242,0.599,0.516,0.729,0.747,0.553,0.864,NA,NA,NA,0.636,0.488,FALSE,FALSE,NA,NA,FALSE,FALSE,NA,NA,NA,NA,FALSE,NA,NA,FALSE,FALSE,FALSE,FALSE,FALSE,FALSE,NA,FALSE,NA,NA,FALSE,FALSE,NA,NA,FALSE,FALSE,FALSE,FALSE,FALSE,FALSE,FALSE,NA,NA,NA,FALSE,FALSE
1841,0.605,1.028,NA,NA,0.401,1.474,NA,NA,NA,NA,0.937,NA,NA,1.071,0.895,1.023,1.074,0.527,0.372,NA,0.225,NA,NA,0.894,1.333,NA,NA,0.532,1.611,0.814,1.122,1.23,0.891,1.409,2.422,NA,NA,1.06,0.686,FALSE,FALSE,NA,NA,FALSE,FALSE,NA,NA,NA,NA,FALSE,NA,NA,FALSE,FALSE,FALSE,FALSE,FALSE,FALSE,NA,FALSE,NA,NA,FALSE,FALSE,NA,NA,FALSE,FALSE,FALSE,FALSE,FALSE,FALSE,FALSE,FALSE,NA,NA,FALSE,FALSE
1842,0.318,0.657,NA,NA,0.806,0.607,NA,NA,NA,NA,0.893,NA,NA,0.434,0.506,0.873,0.825,0.421,0.222,NA,0.48,NA,NA,0.907,1.105,NA,NA,0.438,1.465,0.309,0.206,0.884,0.509,0.459,0.793,NA,NA,0.953,0.85,FALSE,FALSE,NA,NA,FALSE,FALSE,NA,NA,NA,NA,FALSE,NA,NA,FALSE,FALSE,FALSE,FALSE,FALSE,FALSE,NA,FALSE,NA,NA,FALSE,FALSE,NA,NA,FALSE,FALSE,FALSE,FALSE,FALSE,FALSE,FALSE,FALSE,NA,NA,FALSE,FALSE
1843,0.531,0.879,NA,NA,1.358,1.002,NA,NA,NA,NA,0.894,NA,NA,0.442,0.536,0.811,0.752,0.402,0.18,NA,0.87,NA,NA,0.879,1.253,NA,NA,0.9,1.842,0.483,0.259,0.784,0.399,0.732,1.245,NA,NA,1.484,1.03,FALSE,FALSE,NA,NA,FALSE,FALSE,NA,NA,NA,NA,FALSE,NA,NA,FALSE,FALSE,FALSE,FALSE,FALSE,FALSE,NA,FALSE,NA,NA,FALSE,FALSE,NA,NA,FALSE,FALSE,FALSE,FALSE,FALSE,FALSE,FALSE,FALSE,NA,NA,FALSE,FALSE
1844,0.418,0.943,NA,NA,1.393,1.387,NA,NA,NA,NA,0.603,NA,NA,0.603,0.678,0.826,0.846,0.341,0.19,NA,0.571,NA,NA,1.006,1.402,NA,NA,0.908,1.207,0.656,0.282,0.775,0.586,0.161,0.234,NA,0.317,1.569,1.053,FALSE,FALSE,NA,NA,FALSE,FALSE,NA,NA,NA,NA,FALSE,NA,NA,FALSE,FALSE,FALSE,FALSE,FALSE,FALSE,NA,FALSE,NA,NA,FALSE,FALSE,NA,NA,FALSE,FALSE,FALSE,FALSE,FALSE,FALSE,FALSE,FALSE,NA,FALSE,FALSE,FALSE
1845,0.365,0.88,NA,NA,0.783,1.354,NA,NA,NA,NA,0.543,NA,NA,1.048,0.74,1.128,0.879,0.269,0.191,NA,0.547,NA,NA,0.75,1.245,NA,NA,0.083,0.136,0.526,0.239,0.891,0.714,0.339,0.335,NA,0.542,1.93,1.147,FALSE,FALSE,NA,NA,FALSE,FALSE,NA,NA,NA,NA,FALSE,NA,NA,FALSE,FALSE,FALSE,FALSE,FALSE,FALSE,NA,FALSE,NA,NA,FALSE,FALSE,NA,NA,FALSE,FALSE,FALSE,FALSE,FALSE,FALSE,FALSE,FALSE,NA,FALSE,TRUE,FALSE
1846,0.304,0.508,NA,NA,0.142,0.938,NA,NA,NA,NA,0.312,NA,NA,0.578,0.441,0.69,0.688,0.204,0.127,NA,0.511,NA,1.778,0.899,0.946,NA,NA,0.191,0.332,0.259,0.195,0.448,0.395,0.408,0.445,NA,0.799,1.018,0.614,FALSE,FALSE,NA,NA,FALSE,FALSE,NA,NA,NA,NA,FALSE,NA,NA,FALSE,FALSE,FALSE,FALSE,FALSE,FALSE,NA,FALSE,NA,FALSE,FALSE,FALSE,NA,NA,FALSE,FALSE,FALSE,FALSE,FALSE,FALSE,FALSE,FALSE,NA,FALSE,FALSE,FALSE
1847,0.243,0.576,NA,NA,1.235,1.117,NA,NA,NA,NA,0.39,NA,NA,0.722,0.584,0.699,0.487,0.138,0.106,NA,0.801,NA,1.259,1.229,1.276,NA,NA,0.189,0.485,0.267,0.219,0.633,0.443,0.141,0.321,NA,0.815,1.071,0.547,FALSE,FALSE,NA,NA,FALSE,FALSE,NA,NA,NA,NA,FALSE,NA,NA,FALSE,FALSE,FALSE,FALSE,FALSE,FALSE,NA,FALSE,NA,FALSE,FALSE,FALSE,NA,NA,FALSE,FALSE,FALSE,FALSE,FALSE,FALSE,FALSE,FALSE,NA,FALSE,FALSE,FALSE
1848,0.435,0.736,NA,NA,1.892,1.08,NA,NA,NA,NA,0.701,NA,NA,0.944,0.772,1.107,0.836,0.213,0.19,NA,0.716,NA,1.183,1.05,1.518,NA,NA,0.212,0.594,0.302,0.293,1.058,0.81,0.301,0.693,NA,0.521,1.039,0.53,FALSE,FALSE,NA,NA,FALSE,FALSE,NA,NA,NA,NA,FALSE,NA,NA,FALSE,FALSE,FALSE,FALSE,FALSE,FALSE,NA,FALSE,NA,FALSE,FALSE,FALSE,NA,NA,FALSE,FALSE,FALSE,FALSE,FALSE,FALSE,FALSE,FALSE,NA,FALSE,FALSE,FALSE
1849,0.396,0.554,NA,NA,1.718,1.735,NA,NA,NA,NA,0.593,NA,NA,0.632,0.802,0.658,0.603,0.147,0.138,1.071,0.632,NA,1.925,0.775,1.167,NA,NA,0.28,0.757,0.321,0.404,1.091,0.55,0.49,0.891,NA,0.355,0.828,0.493,FALSE,FALSE,NA,NA,FALSE,FALSE,NA,NA,NA,NA,FALSE,NA,NA,FALSE,FALSE,FALSE,FALSE,FALSE,FALSE,FALSE,FALSE,NA,FALSE,FALSE,FALSE,NA,NA,FALSE,FALSE,FALSE,FALSE,FALSE,FALSE,FALSE,FALSE,NA,FALSE,FALSE,FALSE
1850,0.454,0.584,NA,NA,1.233,1.716,NA,NA,NA,NA,0.732,NA,NA,0.504,0.764,0.462,0.487,0.119,0.148,0.8,0.698,NA,1.857,0.826,0.879,NA,NA,0.203,0.746,0.397,0.379,0.858,0.497,0.497,0.678,NA,0.707,0.933,0.634,FALSE,FALSE,NA,NA,FALSE,FALSE,NA,NA,NA,NA,FALSE,NA,NA,FALSE,FALSE,FALSE,FALSE,FALSE,FALSE,FALSE,FALSE,NA,FALSE,FALSE,FALSE,NA,NA,FALSE,FALSE,FALSE,FALSE,FALSE,FALSE,FALSE,FALSE,NA,FALSE,FALSE,FALSE
1851,0.516,0.746,NA,NA,1.459,1.685,NA,NA,NA,NA,0.507,NA,NA,0.588,0.984,0.523,0.529,0.1,0.18,1.06,0.608,NA,1.591,0.626,1.039,NA,NA,0.251,0.984,0.504,0.401,0.858,0.527,0.572,1.028,NA,0.702,0.817,0.614,FALSE,FALSE,NA,NA,FALSE,FALSE,NA,NA,NA,NA,FALSE,NA,NA,FALSE,FALSE,FALSE,FALSE,FALSE,FALSE,FALSE,FALSE,NA,FALSE,FALSE,FALSE,NA,NA,FALSE,FALSE,FALSE,FALSE,FALSE,FALSE,FALSE,FALSE,NA,FALSE,FALSE,FALSE
1852,0.691,0.883,NA,NA,0.832,1.906,NA,NA,NA,NA,0.549,NA,NA,0.515,0.985,0.424,0.455,0.095,0.138,0.818,0.951,NA,2.192,0.879,0.805,NA,NA,0.3,1.001,0.528,0.454,0.676,0.487,0.345,0.806,NA,0.707,1.272,0.47,FALSE,FALSE,NA,NA,FALSE,FALSE,NA,NA,NA,NA,FALSE,NA,NA,FALSE,FALSE,FALSE,FALSE,FALSE,FALSE,FALSE,FALSE,NA,FALSE,FALSE,FALSE,NA,NA,FALSE,FALSE,FALSE,FALSE,FALSE,FALSE,FALSE,FALSE,NA,FALSE,FALSE,FALSE
1853,0.715,1.042,NA,NA,1.245,2.083,NA,NA,NA,NA,0.744,NA,NA,0.566,0.602,0.658,0.625,0.147,0.158,1.311,1.04,NA,1.822,0.721,1.114,NA,NA,0.447,1.302,0.708,0.683,0.789,0.679,0.549,1.598,NA,0.652,1.767,1.05,FALSE,FALSE,NA,NA,FALSE,FALSE,NA,NA,NA,NA,FALSE,NA,NA,FALSE,FALSE,FALSE,FALSE,FALSE,FALSE,FALSE,FALSE,NA,FALSE,FALSE,FALSE,NA,NA,FALSE,FALSE,FALSE,FALSE,FALSE,FALSE,FALSE,FALSE,NA,FALSE,TRUE,FALSE
1854,0.717,1.045,NA,NA,1.44,1.868,NA,NA,NA,NA,0.763,NA,NA,0.653,0.617,0.77,0.857,0.132,0.18,1.273,1.249,NA,1.95,0.795,1.091,NA,NA,0.561,1.401,0.754,0.806,0.867,0.752,0.586,1.497,NA,0.502,1.349,0.954,FALSE,FALSE,NA,NA,FALSE,FALSE,NA,NA,NA,NA,FALSE,NA,NA,FALSE,FALSE,FALSE,FALSE,FALSE,FALSE,FALSE,FALSE,NA,FALSE,FALSE,FALSE,NA,NA,FALSE,FALSE,FALSE,FALSE,FALSE,FALSE,FALSE,FALSE,NA,FALSE,FALSE,FALSE
1855,0.663,1.553,NA,NA,1.648,1.603,NA,NA,NA,NA,0.498,NA,NA,0.873,0.737,0.84,0.931,0.157,0.191,1.434,1.09,NA,1.95,0.806,1.186,NA,NA,0.514,1.091,0.881,0.891,0.858,0.724,0.492,1.05,NA,0.623,0.359,0.148,FALSE,FALSE,NA,NA,FALSE,FALSE,NA,NA,NA,NA,FALSE,NA,NA,FALSE,FALSE,FALSE,FALSE,FALSE,FALSE,FALSE,FALSE,NA,FALSE,FALSE,FALSE,NA,NA,FALSE,FALSE,FALSE,FALSE,FALSE,FALSE,FALSE,FALSE,NA,FALSE,FALSE,FALSE
1856,0.794,1.778,NA,NA,1.632,2.268,NA,NA,NA,NA,0.561,NA,NA,0.855,0.606,0.794,0.73,0.171,0.18,1.355,1.166,NA,2.116,1.008,1.155,NA,NA,0.713,0.889,0.762,0.914,0.857,0.592,0.614,1.238,NA,0.764,0.138,0.197,FALSE,FALSE,NA,NA,FALSE,FALSE,NA,NA,NA,NA,FALSE,NA,NA,FALSE,FALSE,FALSE,FALSE,FALSE,FALSE,FALSE,FALSE,NA,FALSE,FALSE,FALSE,NA,NA,FALSE,FALSE,FALSE,FALSE,FALSE,FALSE,FALSE,FALSE,NA,FALSE,FALSE,FALSE
1857,0.586,2.016,NA,NA,1.33,2.906,NA,NA,NA,NA,0.645,NA,NA,0.919,0.473,0.863,0.9,0.232,0.201,1.407,0.971,NA,2.362,0.889,1.462,NA,NA,0.58,1.189,0.894,1.032,0.98,0.602,0.784,1.104,NA,0.706,0.275,0.288,FALSE,TRUE,NA,NA,FALSE,TRUE,NA,NA,NA,NA,FALSE,NA,NA,FALSE,FALSE,FALSE,FALSE,FALSE,FALSE,FALSE,FALSE,NA,FALSE,FALSE,FALSE,NA,NA,FALSE,FALSE,FALSE,FALSE,FALSE,FALSE,FALSE,FALSE,NA,FALSE,FALSE,FALSE
1858,0.777,0.904,NA,NA,1.295,2.921,NA,NA,NA,NA,0.381,NA,NA,0.855,0.524,0.749,0.751,0.161,0.201,1.324,0.725,NA,2.498,0.243,1.038,NA,NA,1.41,1.782,0.882,0.87,0.76,0.517,0.566,0.985,NA,0.644,0.594,0.412,FALSE,FALSE,NA,NA,FALSE,TRUE,NA,NA,NA,NA,FALSE,NA,NA,FALSE,FALSE,FALSE,FALSE,FALSE,FALSE,FALSE,FALSE,NA,FALSE,FALSE,FALSE,NA,NA,FALSE,FALSE,FALSE,FALSE,FALSE,FALSE,FALSE,FALSE,NA,FALSE,FALSE,FALSE
1859,0.452,0.722,NA,NA,0.956,1.584,NA,1.415,NA,NA,0.361,NA,NA,0.768,0.434,0.489,0.403,0.138,0.201,0.905,1.127,NA,1.869,0.244,0.709,NA,NA,0.931,1.069,0.774,0.657,0.66,0.574,0.419,0.714,NA,0.637,0.377,0.288,FALSE,FALSE,NA,NA,FALSE,FALSE,NA,FALSE,NA,NA,FALSE,NA,NA,FALSE,FALSE,FALSE,FALSE,FALSE,FALSE,FALSE,FALSE,NA,FALSE,FALSE,FALSE,NA,NA,FALSE,FALSE,FALSE,FALSE,FALSE,FALSE,FALSE,FALSE,NA,FALSE,FALSE,FALSE
1860,0.549,1.212,NA,NA,1.435,2.491,NA,0.907,NA,NA,1.009,NA,NA,0.855,0.614,0.796,0.709,0.185,0.254,1.393,1.127,NA,1.208,1.016,1.323,NA,NA,1.783,1.864,1.063,0.799,0.87,1.011,0.523,1.034,NA,0.666,0.7,0.555,FALSE,FALSE,NA,NA,FALSE,TRUE,NA,FALSE,NA,NA,FALSE,NA,NA,FALSE,FALSE,FALSE,FALSE,FALSE,FALSE,FALSE,FALSE,NA,FALSE,FALSE,FALSE,NA,NA,TRUE,FALSE,FALSE,FALSE,FALSE,FALSE,FALSE,FALSE,NA,FALSE,FALSE,FALSE
1861,0.69,1.868,NA,NA,1.239,1.549,NA,1.127,NA,NA,0.829,NA,NA,0.754,0.756,0.83,0.783,0.199,0.254,1.206,0.71,NA,2.343,1.047,1.27,NA,NA,1.237,1.335,1.463,0.851,0.96,0.907,0.475,0.883,NA,0.397,0.555,0.564,FALSE,TRUE,NA,NA,FALSE,FALSE,NA,FALSE,NA,NA,FALSE,NA,NA,FALSE,FALSE,FALSE,FALSE,FALSE,FALSE,FALSE,FALSE,NA,FALSE,FALSE,FALSE,NA,NA,FALSE,FALSE,FALSE,FALSE,FALSE,FALSE,FALSE,FALSE,NA,FALSE,FALSE,FALSE
1862,0.467,1.198,NA,NA,0.871,1.225,NA,0.797,NA,NA,0.627,NA,NA,0.658,0.501,0.782,0.656,0.171,0.19,1.053,0.242,NA,1.991,1.007,1.174,NA,NA,0.905,1.212,0.839,0.734,0.908,0.76,0.593,0.628,NA,0.832,0.412,0.399,FALSE,FALSE,NA,NA,FALSE,FALSE,NA,FALSE,NA,NA,FALSE,NA,NA,FALSE,FALSE,FALSE,FALSE,FALSE,FALSE,FALSE,FALSE,NA,FALSE,FALSE,FALSE,NA,NA,FALSE,FALSE,FALSE,FALSE,FALSE,FALSE,FALSE,FALSE,NA,FALSE,FALSE,FALSE
1863,0.456,1.082,NA,NA,0.844,0.992,NA,1.219,NA,NA,0.407,NA,NA,0.699,0.538,0.783,0.582,0.185,0.201,1.294,0.994,NA,1.682,0.921,1.059,NA,NA,0.617,0.971,0.892,0.69,0.814,0.693,0.575,0.713,NA,0.672,0.459,0.46,FALSE,FALSE,NA,NA,FALSE,FALSE,NA,FALSE,NA,NA,FALSE,NA,NA,FALSE,FALSE,FALSE,FALSE,FALSE,FALSE,FALSE,FALSE,NA,FALSE,FALSE,FALSE,NA,NA,FALSE,FALSE,FALSE,FALSE,FALSE,FALSE,FALSE,FALSE,NA,FALSE,FALSE,FALSE
1864,0.403,0.646,NA,NA,0.745,0.926,NA,1.258,NA,NA,0.397,NA,NA,0.666,0.584,0.867,0.879,0.199,0.223,1.461,0.833,NA,1.405,0.763,0.846,NA,NA,0.459,0.748,0.598,0.584,0.727,0.519,0.489,0.544,NA,0.593,0.411,0.412,FALSE,FALSE,NA,NA,FALSE,FALSE,NA,FALSE,NA,NA,FALSE,NA,NA,FALSE,FALSE,FALSE,FALSE,FALSE,FALSE,FALSE,FALSE,NA,FALSE,FALSE,FALSE,NA,NA,FALSE,FALSE,FALSE,FALSE,FALSE,FALSE,FALSE,FALSE,NA,FALSE,FALSE,FALSE
1865,0.35,0.868,NA,NA,0.785,1.044,NA,1.086,NA,NA,0.463,NA,NA,0.623,0.83,0.382,0.38,0.123,0.107,0.739,0.593,NA,1.231,0.562,0.72,NA,NA,0.569,0.725,0.575,0.497,0.557,0.519,0.389,0.693,NA,0.541,0.325,0.4,FALSE,FALSE,NA,NA,FALSE,FALSE,NA,FALSE,NA,NA,FALSE,NA,NA,FALSE,FALSE,FALSE,FALSE,FALSE,FALSE,FALSE,FALSE,NA,FALSE,FALSE,FALSE,NA,NA,FALSE,FALSE,FALSE,FALSE,FALSE,FALSE,FALSE,FALSE,NA,FALSE,FALSE,FALSE
1866,0.404,0.688,NA,1.05,1.204,1.352,NA,1.007,NA,NA,0.666,NA,NA,0.674,0.739,0.546,0.794,0.224,0.232,0.8,0.825,NA,1.132,0.837,1.206,NA,NA,0.904,0.819,0.628,0.614,0.798,0.751,0.769,1.576,NA,0.684,0.435,0.493,FALSE,FALSE,NA,FALSE,FALSE,FALSE,NA,FALSE,NA,NA,FALSE,NA,NA,FALSE,FALSE,FALSE,FALSE,FALSE,FALSE,FALSE,FALSE,NA,FALSE,FALSE,FALSE,NA,NA,FALSE,FALSE,FALSE,FALSE,FALSE,FALSE,FALSE,FALSE,NA,FALSE,FALSE,FALSE
1867,0.423,0.953,NA,0.908,1.215,1.27,NA,1.326,NA,NA,0.482,NA,NA,0.674,0.656,0.495,0.424,0.208,0.18,1.111,0.623,NA,1.673,0.775,1.09,NA,NA,0.782,0.583,0.598,0.677,0.765,0.632,0.586,1.059,NA,0.428,0.404,0.458,FALSE,FALSE,NA,FALSE,FALSE,FALSE,NA,FALSE,NA,NA,FALSE,NA,NA,FALSE,FALSE,FALSE,FALSE,FALSE,FALSE,FALSE,FALSE,NA,FALSE,FALSE,FALSE,NA,NA,FALSE,FALSE,FALSE,FALSE,FALSE,FALSE,FALSE,FALSE,NA,FALSE,FALSE,FALSE
1868,0.603,1.683,NA,1.342,1.386,1.593,NA,0.752,NA,NA,0.721,NA,NA,0.758,0.655,0.968,0.804,0.299,0.244,1.292,1.074,NA,1.647,0.732,0.953,NA,0.625,0.918,0.863,0.74,0.783,0.794,0.61,0.827,2.011,NA,0.819,0.745,0.561,FALSE,FALSE,NA,FALSE,FALSE,FALSE,NA,FALSE,NA,NA,FALSE,NA,NA,FALSE,FALSE,FALSE,FALSE,FALSE,FALSE,FALSE,FALSE,NA,FALSE,FALSE,FALSE,NA,FALSE,FALSE,FALSE,FALSE,FALSE,FALSE,FALSE,FALSE,FALSE,NA,FALSE,FALSE,FALSE
1869,0.297,0.783,NA,1.083,0.903,1.034,NA,1.495,NA,NA,0.29,NA,NA,0.577,0.519,0.662,0.624,0.156,0.148,0.902,0.549,NA,1.967,0.425,0.508,NA,1.08,0.454,0.548,0.465,0.529,0.556,0.375,0.455,0.91,NA,0.559,0.754,0.503,FALSE,FALSE,NA,FALSE,FALSE,FALSE,NA,FALSE,NA,NA,FALSE,NA,NA,FALSE,FALSE,FALSE,FALSE,FALSE,FALSE,FALSE,FALSE,NA,FALSE,FALSE,FALSE,NA,FALSE,FALSE,FALSE,FALSE,FALSE,FALSE,FALSE,FALSE,FALSE,NA,FALSE,FALSE,FALSE
1870,0.296,0.73,NA,0.966,0.968,1.142,NA,1.076,NA,NA,0.494,NA,1.219,0.523,0.482,0.687,0.974,0.171,0.19,1.503,0.873,NA,1.355,0.604,0.804,NA,0.772,0.526,0.587,0.749,0.688,0.641,0.452,0.517,0.815,NA,0.669,0.786,0.57,FALSE,FALSE,NA,FALSE,FALSE,FALSE,NA,FALSE,NA,NA,FALSE,NA,FALSE,FALSE,FALSE,FALSE,FALSE,FALSE,FALSE,FALSE,FALSE,NA,FALSE,FALSE,FALSE,NA,FALSE,FALSE,FALSE,FALSE,FALSE,FALSE,FALSE,FALSE,FALSE,NA,FALSE,FALSE,FALSE
1871,0.307,0.667,NA,0.808,0.741,0.913,NA,1.118,NA,NA,0.42,NA,1.04,0.608,0.519,0.478,0.773,0.19,0.191,1.139,0.797,NA,1.44,0.572,0.625,NA,0.947,0.417,0.486,0.719,0.731,0.604,0.564,0.449,0.614,NA,0.573,0.668,0.493,FALSE,FALSE,NA,FALSE,FALSE,FALSE,NA,FALSE,NA,NA,FALSE,NA,FALSE,FALSE,FALSE,FALSE,FALSE,FALSE,FALSE,FALSE,FALSE,NA,FALSE,FALSE,FALSE,NA,FALSE,FALSE,FALSE,FALSE,FALSE,FALSE,FALSE,FALSE,FALSE,NA,FALSE,FALSE,FALSE
1872,0.233,0.414,NA,0.553,0.365,0.429,NA,1.109,NA,NA,0.226,NA,0.659,0.205,0.256,0.187,0.127,0.109,0.137,0.928,0.639,NA,1.208,0.404,0.508,NA,0.787,0.478,0.337,0.434,0.592,0.517,0.413,0.172,0.19,NA,0.733,0.138,0.057,FALSE,FALSE,NA,FALSE,FALSE,FALSE,NA,FALSE,NA,NA,FALSE,NA,FALSE,FALSE,FALSE,FALSE,FALSE,FALSE,FALSE,FALSE,FALSE,NA,FALSE,FALSE,FALSE,NA,FALSE,FALSE,FALSE,FALSE,FALSE,FALSE,FALSE,FALSE,FALSE,NA,FALSE,FALSE,FALSE
1873,0.412,0.455,1.324,1.016,0.66,1.628,NA,1.215,NA,NA,0.494,NA,0.996,0.756,0.429,0.204,0.211,0.185,0.18,1.202,0.958,NA,1.232,0.646,0.942,NA,0.785,0.876,0.705,0.956,0.815,0.711,0.708,0.521,0.72,NA,0.546,0.18,0.134,FALSE,FALSE,FALSE,FALSE,FALSE,FALSE,NA,FALSE,NA,NA,FALSE,NA,FALSE,FALSE,FALSE,FALSE,FALSE,FALSE,FALSE,FALSE,FALSE,NA,FALSE,FALSE,FALSE,NA,FALSE,FALSE,FALSE,FALSE,FALSE,FALSE,FALSE,FALSE,FALSE,NA,FALSE,FALSE,FALSE
1874,0.424,0.488,1.048,0.86,0.938,1.532,NA,0.988,NA,NA,0.43,0.14,0.898,0.928,0.424,0.154,0.297,0.156,0.149,1.248,0.871,NA,0.911,0.626,0.775,NA,0.663,0.953,0.763,0.858,0.847,0.664,0.684,0.657,0.539,NA,0.26,0.349,0.195,FALSE,FALSE,FALSE,FALSE,FALSE,FALSE,NA,FALSE,NA,NA,FALSE,FALSE,FALSE,FALSE,FALSE,FALSE,FALSE,FALSE,FALSE,FALSE,FALSE,NA,FALSE,FALSE,FALSE,NA,FALSE,FALSE,FALSE,FALSE,FALSE,FALSE,FALSE,FALSE,FALSE,NA,FALSE,FALSE,FALSE
1875,0.275,0.55,0.877,0.764,0.731,0.703,NA,0.672,NA,NA,0.355,0.172,0.807,0.587,0.415,0.185,0.306,0.133,0.127,0.987,0.703,NA,0.855,0.583,0.817,NA,0.541,0.59,0.445,0.708,0.624,0.596,0.561,0.48,0.53,NA,0.336,0.264,0.161,FALSE,FALSE,FALSE,FALSE,FALSE,FALSE,NA,FALSE,NA,NA,FALSE,FALSE,FALSE,FALSE,FALSE,FALSE,FALSE,FALSE,FALSE,FALSE,FALSE,NA,FALSE,FALSE,FALSE,NA,FALSE,FALSE,FALSE,FALSE,FALSE,FALSE,FALSE,FALSE,FALSE,NA,FALSE,FALSE,FALSE
1876,0.54,0.806,0.84,0.899,0.818,0.756,NA,0.775,1.058,NA,0.281,0.16,0.866,0.639,0.483,0.269,0.361,0.161,0.201,1.075,0.871,NA,1.493,0.678,0.891,NA,0.916,0.586,0.667,0.585,0.561,0.723,0.58,0.436,0.783,NA,0.377,0.275,0.248,FALSE,FALSE,FALSE,FALSE,FALSE,FALSE,NA,FALSE,FALSE,NA,FALSE,FALSE,FALSE,FALSE,FALSE,FALSE,FALSE,FALSE,FALSE,FALSE,FALSE,NA,FALSE,FALSE,FALSE,NA,FALSE,FALSE,FALSE,FALSE,FALSE,FALSE,FALSE,FALSE,FALSE,NA,FALSE,FALSE,FALSE
1877,0.857,1.273,1.664,1.181,1.255,1.405,NA,0.469,1.794,NA,0.741,0.332,1.412,0.97,0.761,0.358,0.869,0.204,0.254,1.856,1.107,NA,2.556,0.87,1.283,NA,0.65,1.018,0.957,1.274,1.08,1.203,1.002,0.853,2.138,NA,0.294,0.361,0.315,FALSE,FALSE,TRUE,FALSE,FALSE,FALSE,NA,FALSE,FALSE,NA,FALSE,FALSE,FALSE,FALSE,FALSE,FALSE,FALSE,FALSE,FALSE,TRUE,FALSE,NA,FALSE,FALSE,FALSE,NA,FALSE,FALSE,FALSE,FALSE,FALSE,FALSE,FALSE,FALSE,FALSE,NA,FALSE,FALSE,FALSE
1878,0.698,0.87,1.133,0.871,0.799,0.862,NA,0.539,1.356,NA,0.332,0.17,1.503,0.804,0.661,0.368,0.848,0.237,0.254,1.061,1.084,NA,1.91,0.657,0.743,NA,0.488,0.867,0.758,0.934,0.878,0.824,0.696,0.919,1.825,NA,0.422,0.319,0.247,FALSE,FALSE,FALSE,FALSE,FALSE,FALSE,NA,FALSE,FALSE,NA,FALSE,FALSE,FALSE,FALSE,FALSE,FALSE,FALSE,FALSE,FALSE,FALSE,FALSE,NA,FALSE,FALSE,FALSE,NA,FALSE,FALSE,FALSE,FALSE,FALSE,FALSE,FALSE,FALSE,FALSE,NA,FALSE,FALSE,FALSE
1879,1.059,1.644,1.304,0.99,0.788,1.17,NA,1.524,1.548,NA,0.463,0.322,1.479,0.889,0.739,0.572,1.28,0.227,0.275,1.358,1.356,NA,2.255,0.71,0.901,NA,0.615,1.145,0.834,1.076,0.91,1.155,0.923,1.206,2.825,NA,0.768,0.296,0.296,FALSE,FALSE,FALSE,FALSE,FALSE,FALSE,NA,FALSE,FALSE,NA,FALSE,FALSE,FALSE,FALSE,FALSE,FALSE,FALSE,FALSE,FALSE,FALSE,FALSE,NA,FALSE,FALSE,FALSE,NA,FALSE,FALSE,FALSE,FALSE,FALSE,FALSE,FALSE,FALSE,TRUE,NA,FALSE,FALSE,FALSE
1880,0.476,1.102,0.921,0.821,0.621,0.753,NA,1.071,0.849,NA,0.347,0.32,0.691,0.666,0.655,0.399,0.805,0.227,0.222,0.934,0.854,NA,1.251,0.625,0.625,NA,0.875,0.741,0.563,0.793,0.774,0.623,0.645,0.72,0.931,NA,0.648,0.276,0.241,FALSE,FALSE,FALSE,FALSE,FALSE,FALSE,NA,FALSE,FALSE,NA,FALSE,FALSE,FALSE,FALSE,FALSE,FALSE,FALSE,FALSE,FALSE,FALSE,FALSE,NA,FALSE,FALSE,FALSE,NA,FALSE,FALSE,FALSE,FALSE,FALSE,FALSE,FALSE,FALSE,FALSE,NA,FALSE,FALSE,FALSE
1881,0.497,0.818,1.251,1.089,0.674,1.018,NA,1.116,1.165,NA,0.292,0.289,0.563,0.611,0.648,0.422,0.755,0.246,0.212,1.01,0.822,NA,1.541,0.679,0.668,NA,0.607,0.898,0.582,0.826,0.726,0.702,0.586,0.563,0.936,NA,0.784,0.298,0.257,FALSE,FALSE,FALSE,FALSE,FALSE,FALSE,NA,FALSE,FALSE,NA,FALSE,FALSE,FALSE,FALSE,FALSE,FALSE,FALSE,FALSE,FALSE,FALSE,FALSE,NA,FALSE,FALSE,FALSE,NA,FALSE,FALSE,FALSE,FALSE,FALSE,FALSE,FALSE,FALSE,FALSE,NA,FALSE,FALSE,FALSE
1882,0.413,0.84,1.004,0.9,0.753,0.848,NA,1.109,0.909,NA,0.347,0.353,0.638,0.6,0.635,0.377,0.616,0.19,0.232,1.087,0.754,NA,1.334,0.636,0.519,NA,0.675,0.586,0.394,0.788,0.704,0.631,0.525,0.475,0.965,NA,0.559,0.297,0.238,FALSE,FALSE,FALSE,FALSE,FALSE,FALSE,NA,FALSE,FALSE,NA,FALSE,FALSE,FALSE,FALSE,FALSE,FALSE,FALSE,FALSE,FALSE,FALSE,FALSE,NA,FALSE,FALSE,FALSE,NA,FALSE,FALSE,FALSE,FALSE,FALSE,FALSE,FALSE,FALSE,FALSE,NA,FALSE,FALSE,FALSE
1883,0.487,1.477,0.96,0.898,0.735,1.027,NA,1.243,1.509,NA,0.434,0.503,0.563,0.503,0.567,0.411,0.563,0.284,0.18,1.134,0.791,NA,1.578,0.668,0.688,NA,0.586,0.753,0.374,0.701,0.577,0.644,0.587,0.465,1.249,NA,0.648,0.276,0.238,FALSE,FALSE,FALSE,FALSE,FALSE,FALSE,NA,FALSE,FALSE,NA,FALSE,FALSE,FALSE,FALSE,FALSE,FALSE,FALSE,FALSE,FALSE,FALSE,FALSE,NA,FALSE,FALSE,FALSE,NA,FALSE,FALSE,FALSE,FALSE,FALSE,FALSE,FALSE,FALSE,FALSE,NA,FALSE,FALSE,FALSE
1884,0.476,0.883,1.042,1.068,1.164,1.439,NA,1.403,1.664,NA,0.617,0.442,0.741,0.739,0.653,0.54,0.807,0.331,0.244,1.185,0.793,NA,2.231,0.901,0.985,NA,0.601,0.553,0.44,0.919,0.825,0.769,0.85,0.522,1.873,0.198,0.604,0.361,0.351,FALSE,FALSE,FALSE,FALSE,FALSE,FALSE,NA,FALSE,FALSE,NA,FALSE,FALSE,FALSE,FALSE,FALSE,FALSE,FALSE,FALSE,FALSE,FALSE,FALSE,NA,FALSE,FALSE,FALSE,NA,FALSE,FALSE,FALSE,FALSE,FALSE,FALSE,FALSE,FALSE,FALSE,FALSE,FALSE,FALSE,FALSE
1885,0.583,0.977,1.36,1.455,1.146,1.42,NA,1.527,2.028,NA,0.531,0.842,0.93,0.901,0.719,0.756,0.756,0.274,0.201,1.096,0.744,NA,2.251,0.901,1.079,0.59,0.655,0.543,0.474,1.358,1.058,0.801,0.853,0.861,2.418,0.262,0.646,0.424,0.321,FALSE,FALSE,FALSE,FALSE,FALSE,FALSE,NA,FALSE,FALSE,NA,FALSE,FALSE,FALSE,FALSE,FALSE,FALSE,FALSE,FALSE,FALSE,FALSE,FALSE,NA,FALSE,FALSE,FALSE,FALSE,FALSE,FALSE,FALSE,FALSE,FALSE,FALSE,FALSE,FALSE,FALSE,FALSE,FALSE,FALSE,FALSE
1886,0.455,0.667,0.881,1.035,0.734,0.636,NA,1.112,1.041,NA,0.226,0.257,0.463,0.578,0.532,0.649,0.509,0.256,0.18,0.902,0.655,NA,0.843,0.51,0.519,0.491,0.625,0.314,0.315,0.661,0.572,0.541,0.392,0.442,0.987,0.349,0.699,0.213,0.244,FALSE,FALSE,FALSE,FALSE,FALSE,FALSE,NA,FALSE,FALSE,NA,FALSE,FALSE,FALSE,FALSE,FALSE,FALSE,FALSE,FALSE,FALSE,FALSE,FALSE,NA,FALSE,FALSE,FALSE,FALSE,FALSE,FALSE,FALSE,FALSE,FALSE,FALSE,FALSE,FALSE,FALSE,FALSE,FALSE,FALSE,FALSE
1887,0.593,1.471,0.887,0.878,0.853,0.677,NA,0.927,1.309,NA,0.273,0.515,0.614,0.793,0.617,0.832,0.572,0.241,0.212,1.163,0.916,NA,1.195,0.488,0.645,0.541,0.712,0.335,0.345,0.489,0.395,0.597,0.482,0.272,0.58,0.393,1.004,0.222,0.301,FALSE,FALSE,FALSE,FALSE,FALSE,FALSE,NA,FALSE,FALSE,NA,FALSE,FALSE,FALSE,FALSE,FALSE,FALSE,FALSE,FALSE,FALSE,FALSE,FALSE,NA,FALSE,FALSE,FALSE,FALSE,FALSE,FALSE,FALSE,FALSE,FALSE,FALSE,FALSE,FALSE,FALSE,FALSE,FALSE,FALSE,FALSE
1888,0.455,0.857,0.664,0.811,0.702,0.645,NA,0.841,0.975,NA,0.309,0.453,0.516,0.674,0.488,0.757,0.573,0.204,0.149,0.839,0.398,NA,1.323,0.467,0.625,0.648,0.996,0.361,0.426,0.693,0.513,0.395,0.439,0.489,0.717,0.219,0.669,0.266,0.295,FALSE,FALSE,FALSE,FALSE,FALSE,FALSE,NA,FALSE,FALSE,NA,FALSE,FALSE,FALSE,FALSE,FALSE,FALSE,FALSE,FALSE,FALSE,FALSE,FALSE,NA,FALSE,FALSE,FALSE,FALSE,FALSE,FALSE,FALSE,FALSE,FALSE,FALSE,FALSE,FALSE,FALSE,FALSE,FALSE,FALSE,FALSE
1889,0.191,0.381,0.332,0.503,0.411,1.007,0.616,0.475,0.6,NA,0.148,0.111,0.322,0.364,0.17,0.426,0.423,0.095,0.096,0.429,0.356,NA,1.016,0.36,0.307,0.853,0.503,0.201,0.224,0.371,0.33,0.188,0.145,0.057,0.202,0.305,0.652,0.148,0.197,FALSE,FALSE,FALSE,FALSE,FALSE,FALSE,FALSE,FALSE,FALSE,NA,FALSE,FALSE,FALSE,FALSE,FALSE,FALSE,FALSE,FALSE,FALSE,FALSE,FALSE,NA,FALSE,FALSE,FALSE,FALSE,FALSE,FALSE,FALSE,FALSE,FALSE,FALSE,FALSE,FALSE,FALSE,FALSE,FALSE,FALSE,FALSE
1890,0.137,0.17,0.621,0.757,0.216,1.144,0.497,0.277,0.509,NA,0.159,0.032,0.285,0.268,0.086,0.262,0.265,0.091,0.107,0.326,0.247,NA,0.813,0.383,0.297,1.117,0.479,0.234,0.222,0.278,0.19,0.241,0.147,0,0.108,0.265,0.503,0.138,0.124,FALSE,FALSE,FALSE,FALSE,FALSE,FALSE,FALSE,FALSE,FALSE,NA,FALSE,FALSE,FALSE,FALSE,FALSE,FALSE,FALSE,FALSE,FALSE,FALSE,FALSE,NA,FALSE,FALSE,FALSE,FALSE,FALSE,FALSE,FALSE,FALSE,FALSE,FALSE,FALSE,FALSE,FALSE,FALSE,FALSE,FALSE,FALSE
1891,0.171,0.518,0.636,1.217,0.324,1.741,0.729,0.4,0.552,NA,0.159,0.106,0.322,0.482,0.105,0.819,0.414,0.114,0.106,0.457,0.345,NA,1.054,0.56,0.55,0.654,0.466,0.231,0.284,0.462,0.328,0.297,0.248,0.08,0.202,0.165,0.387,0.158,0.157,FALSE,FALSE,FALSE,FALSE,FALSE,FALSE,FALSE,FALSE,FALSE,NA,FALSE,FALSE,FALSE,FALSE,FALSE,FALSE,FALSE,FALSE,FALSE,FALSE,FALSE,NA,FALSE,FALSE,FALSE,FALSE,FALSE,FALSE,FALSE,FALSE,FALSE,FALSE,FALSE,FALSE,FALSE,FALSE,FALSE,FALSE,FALSE
1892,0.276,0.582,0.654,1.086,0.344,0.94,0.532,0.451,0.65,NA,0.138,0.14,0.42,0.718,0.109,0.759,0.508,0.161,0.181,0.503,0.424,NA,1.111,0.763,0.911,0.69,0.115,0.302,0.259,0.602,0.498,0.275,0.241,0.178,0.158,0.174,0.311,0.197,0.177,FALSE,FALSE,FALSE,FALSE,FALSE,FALSE,FALSE,FALSE,FALSE,NA,FALSE,FALSE,FALSE,FALSE,FALSE,FALSE,FALSE,FALSE,FALSE,FALSE,FALSE,NA,FALSE,FALSE,FALSE,FALSE,FALSE,FALSE,FALSE,FALSE,FALSE,FALSE,FALSE,FALSE,FALSE,FALSE,FALSE,FALSE,FALSE
1893,0.169,0.339,0.597,0.59,0.304,0.598,0.382,0.398,0.538,NA,0.117,0.131,0.254,0.47,0.092,0.371,0.296,0.123,0.106,0.413,0.393,NA,0.713,0.636,0.763,0.553,0.08,0.241,0.204,0.382,0.306,0.198,0.191,0.124,0.48,0.131,0.197,0.152,0.131,FALSE,FALSE,FALSE,FALSE,FALSE,FALSE,FALSE,FALSE,FALSE,NA,FALSE,FALSE,FALSE,FALSE,FALSE,FALSE,FALSE,FALSE,FALSE,FALSE,FALSE,NA,FALSE,FALSE,FALSE,FALSE,FALSE,FALSE,FALSE,FALSE,FALSE,FALSE,FALSE,FALSE,FALSE,FALSE,FALSE,FALSE,FALSE
1894,0.308,1.111,0.76,0.577,0.42,0.641,0.606,0.532,0.726,NA,0.138,0.159,0.299,0.416,0.138,0.36,0.423,0.119,0.107,0.806,0.657,NA,1.598,0.806,0.995,0.221,0.071,0.278,0.222,0.459,0.36,0.241,0.252,0.157,0.447,0.259,0.411,0.154,0.154,FALSE,FALSE,FALSE,FALSE,FALSE,FALSE,FALSE,FALSE,FALSE,NA,FALSE,FALSE,FALSE,FALSE,FALSE,FALSE,FALSE,FALSE,FALSE,FALSE,FALSE,NA,FALSE,FALSE,FALSE,FALSE,FALSE,FALSE,FALSE,FALSE,FALSE,FALSE,FALSE,FALSE,FALSE,FALSE,FALSE,FALSE,FALSE
1895,0.393,0.731,0.673,0.619,0.706,1.079,0.921,0.553,0.878,NA,0.181,0.242,0.36,0.331,0.191,0.435,0.498,0.111,0.108,0.818,0.594,NA,1.775,0.879,0.975,0.086,0.062,0.328,0.213,0.573,0.455,0.208,0.214,0.214,0.522,0.37,0.511,0.172,0.19,FALSE,FALSE,FALSE,FALSE,FALSE,FALSE,FALSE,FALSE,FALSE,NA,FALSE,FALSE,FALSE,FALSE,FALSE,FALSE,FALSE,FALSE,FALSE,FALSE,FALSE,NA,FALSE,FALSE,FALSE,FALSE,FALSE,FALSE,FALSE,FALSE,FALSE,FALSE,FALSE,FALSE,FALSE,FALSE,FALSE,FALSE,FALSE
1896,0.232,0.359,0.643,0.641,0.606,0.704,0.981,0.529,0.837,NA,0.116,0.137,0.277,0.298,0.184,0.424,0.584,0.138,0.106,0.58,0.487,NA,1.302,0.848,0.911,0.109,0.136,0.257,0.204,0.515,0.36,0.212,0.201,0.248,0,0.251,0.481,0.172,0.157,FALSE,FALSE,FALSE,FALSE,FALSE,FALSE,FALSE,FALSE,FALSE,NA,FALSE,FALSE,FALSE,FALSE,FALSE,FALSE,FALSE,FALSE,FALSE,FALSE,FALSE,NA,FALSE,FALSE,FALSE,FALSE,FALSE,FALSE,FALSE,FALSE,FALSE,FALSE,FALSE,FALSE,FALSE,FALSE,FALSE,FALSE,FALSE
1897,0.319,0.339,0.552,0.61,0.705,0.641,1.3,0.612,0.784,NA,0.097,0.239,0.36,0.289,0.2,0.414,0.573,0.114,0.086,0.592,0.498,NA,1.2,0.826,0.954,0.075,0.257,0.241,0.175,0.435,0.349,0.177,0.195,0.258,0.429,0.521,0.628,0.152,0.181,FALSE,FALSE,FALSE,FALSE,FALSE,FALSE,FALSE,FALSE,FALSE,NA,FALSE,FALSE,FALSE,FALSE,FALSE,FALSE,FALSE,FALSE,FALSE,FALSE,FALSE,NA,FALSE,FALSE,FALSE,FALSE,FALSE,FALSE,FALSE,FALSE,FALSE,FALSE,FALSE,FALSE,FALSE,FALSE,FALSE,FALSE,FALSE
1898,0.382,0.445,0.823,0.973,0.906,0.672,1.335,0.816,1.324,NA,0.233,0.366,0.497,0.36,0.191,0.54,0.616,0.118,0.129,0.7,0.699,NA,1.508,1.01,1.175,0.108,0.379,0.265,0.236,0.74,0.519,0.285,0.304,0.416,0.85,0.726,0.549,0.193,0.214,FALSE,FALSE,FALSE,FALSE,FALSE,FALSE,FALSE,FALSE,FALSE,NA,FALSE,FALSE,FALSE,FALSE,FALSE,FALSE,FALSE,FALSE,FALSE,FALSE,FALSE,NA,FALSE,FALSE,FALSE,FALSE,FALSE,FALSE,FALSE,FALSE,FALSE,FALSE,FALSE,FALSE,FALSE,FALSE,FALSE,FALSE,FALSE
1899,0.54,0.508,0.847,1.035,1.013,1.128,1.411,0.873,1.238,NA,0.159,0.215,0.507,0.44,0.476,0.486,0.51,0.148,0.127,0.666,0.753,NA,1.771,1.294,1.229,0.133,0.287,0.321,0.299,0.991,0.688,0.406,0.319,0.459,0.914,0.986,0.867,0.172,0.218,FALSE,FALSE,FALSE,FALSE,FALSE,FALSE,FALSE,FALSE,FALSE,NA,FALSE,FALSE,FALSE,FALSE,FALSE,FALSE,FALSE,FALSE,FALSE,FALSE,FALSE,NA,FALSE,FALSE,FALSE,FALSE,FALSE,FALSE,FALSE,FALSE,FALSE,FALSE,FALSE,FALSE,FALSE,FALSE,FALSE,FALSE,FALSE
1900,0.943,0.994,1.134,1.594,1.728,2.17,2.21,1.266,1.846,NA,0.32,0.457,0.747,0.581,1.088,0.742,0.807,0.171,0.159,1,1.039,NA,3.113,1.37,1.885,0.172,0.456,0.726,0.425,1.295,1.007,0.606,0.485,1.171,1.411,0.961,1.014,0.25,0.291,FALSE,FALSE,FALSE,FALSE,FALSE,FALSE,FALSE,FALSE,FALSE,NA,FALSE,FALSE,FALSE,FALSE,FALSE,FALSE,FALSE,FALSE,FALSE,FALSE,FALSE,NA,TRUE,FALSE,FALSE,FALSE,FALSE,FALSE,FALSE,FALSE,FALSE,FALSE,FALSE,FALSE,FALSE,FALSE,FALSE,FALSE,FALSE
1901,0.709,0.795,1.004,1.19,1.195,1.445,1.817,1.101,1.557,NA,0.256,0.375,0.853,0.503,1.026,0.602,0.745,0.165,0.16,0.785,0.933,NA,1.95,1.485,1.514,0.223,0.425,0.472,0.275,1.109,0.87,0.482,0.459,1.047,1.122,0.744,0.871,0.185,0.242,FALSE,FALSE,FALSE,FALSE,FALSE,FALSE,FALSE,FALSE,FALSE,NA,FALSE,FALSE,FALSE,FALSE,FALSE,FALSE,FALSE,FALSE,FALSE,FALSE,FALSE,NA,FALSE,FALSE,FALSE,FALSE,FALSE,FALSE,FALSE,FALSE,FALSE,FALSE,FALSE,FALSE,FALSE,FALSE,FALSE,FALSE,FALSE
1902,0.476,0.805,0.896,1.062,1.045,1.019,1.73,1.194,1.585,NA,0.276,0.314,0.58,0.544,0.816,0.506,0.584,0.19,0.14,0.874,0.71,NA,2.268,1.56,1.548,0.276,0.456,0.382,0.248,0.92,0.657,0.452,0.365,1.008,1.066,0.947,0.887,0.208,0.281,FALSE,FALSE,FALSE,FALSE,FALSE,FALSE,FALSE,FALSE,FALSE,NA,FALSE,FALSE,FALSE,FALSE,FALSE,FALSE,FALSE,FALSE,FALSE,FALSE,FALSE,NA,FALSE,FALSE,FALSE,FALSE,FALSE,FALSE,FALSE,FALSE,FALSE,FALSE,FALSE,FALSE,FALSE,FALSE,FALSE,FALSE,FALSE
1903,0.424,0.891,0.864,1.267,1.173,1.223,1.556,1.221,1.599,NA,0.35,0.776,0.899,0.993,0.784,0.658,0.838,0.221,0.139,0.99,0.732,NA,1.933,0.987,1.518,0.352,0.561,0.372,0.268,0.763,0.775,0.526,0.411,0.855,0.781,0.925,0.971,0.208,0.342,FALSE,FALSE,FALSE,FALSE,FALSE,FALSE,FALSE,FALSE,FALSE,NA,FALSE,FALSE,FALSE,FALSE,FALSE,FALSE,FALSE,FALSE,FALSE,FALSE,FALSE,NA,FALSE,FALSE,FALSE,FALSE,FALSE,FALSE,FALSE,FALSE,FALSE,FALSE,FALSE,FALSE,FALSE,FALSE,FALSE,FALSE,FALSE
1904,0.403,0.815,0.842,0.9,0.951,1.022,1.663,1.309,1.744,NA,0.947,1.254,1.011,1.124,0.965,0.542,0.721,0.234,0.17,0.98,0.677,NA,1.934,1.442,1.59,0.323,0.678,0.418,0.255,0.814,0.826,0.54,0.356,0.862,0.816,0.882,0.768,0.228,0.318,FALSE,FALSE,FALSE,FALSE,FALSE,FALSE,FALSE,FALSE,FALSE,NA,FALSE,FALSE,FALSE,FALSE,FALSE,FALSE,FALSE,FALSE,FALSE,FALSE,FALSE,NA,FALSE,FALSE,FALSE,FALSE,FALSE,FALSE,FALSE,FALSE,FALSE,FALSE,FALSE,FALSE,FALSE,FALSE,FALSE,FALSE,FALSE
1905,0.498,0.922,0.874,1.112,1.119,1.371,1.764,1.346,1.579,NA,0.923,0.938,0.683,0.722,0.964,0.619,0.743,0.255,0.214,0.868,0.698,NA,1.717,1.219,1.549,0.346,0.808,0.383,0.234,0.562,0.667,0.265,0.378,1.106,1.425,0.815,0.866,0.206,0.285,FALSE,FALSE,FALSE,FALSE,FALSE,FALSE,FALSE,FALSE,FALSE,NA,FALSE,FALSE,FALSE,FALSE,FALSE,FALSE,FALSE,FALSE,FALSE,FALSE,FALSE,NA,FALSE,FALSE,FALSE,FALSE,FALSE,FALSE,FALSE,FALSE,FALSE,FALSE,FALSE,FALSE,FALSE,FALSE,FALSE,FALSE,FALSE
1906,0.339,0.413,0.47,0.423,0.969,0.985,1.134,0.952,1.179,NA,0.848,0.855,0.677,0.711,0.569,0.405,0.699,0.257,0.17,0.502,0.424,NA,1.119,0.859,1.115,0.308,0.64,0.317,0.2,0.555,0.561,0.265,0.279,0.842,0.878,0.638,0.55,0.154,0.295,FALSE,FALSE,FALSE,FALSE,FALSE,FALSE,FALSE,FALSE,FALSE,NA,FALSE,FALSE,FALSE,FALSE,FALSE,FALSE,FALSE,FALSE,FALSE,FALSE,FALSE,NA,FALSE,FALSE,FALSE,FALSE,FALSE,FALSE,FALSE,FALSE,FALSE,FALSE,FALSE,FALSE,FALSE,FALSE,FALSE,FALSE,FALSE
1907,0.456,0.784,1.067,1.185,0.871,0.91,1.725,1.138,1.321,NA,1.358,1.685,0.499,1.008,0.765,0.329,0.661,0.341,0.224,1.334,0.677,NA,1.299,1.228,1.677,0.532,0.734,0.404,0.191,0.53,0.762,0.342,0.483,0.436,0.889,0.536,0.885,0.216,0.405,FALSE,FALSE,FALSE,FALSE,FALSE,FALSE,FALSE,FALSE,FALSE,NA,FALSE,FALSE,FALSE,FALSE,FALSE,FALSE,FALSE,FALSE,FALSE,FALSE,FALSE,NA,FALSE,FALSE,FALSE,FALSE,FALSE,FALSE,FALSE,FALSE,FALSE,FALSE,FALSE,FALSE,FALSE,FALSE,FALSE,FALSE,FALSE
1908,0.539,0.996,0.982,1.272,0.766,0.674,1.64,1.128,1.407,NA,1.092,1.655,0.979,1.072,0.804,0.399,0.744,0.478,0.235,1.581,0.741,NA,1.485,1.155,1.767,0.781,0.663,0.436,0.244,0.781,0.963,0.378,0.572,0.714,1.05,0.991,1.09,0.208,0.399,FALSE,FALSE,FALSE,FALSE,FALSE,FALSE,FALSE,FALSE,FALSE,NA,FALSE,FALSE,FALSE,FALSE,FALSE,FALSE,FALSE,FALSE,FALSE,FALSE,FALSE,NA,FALSE,FALSE,FALSE,FALSE,FALSE,FALSE,FALSE,FALSE,FALSE,FALSE,FALSE,FALSE,FALSE,FALSE,FALSE,FALSE,FALSE
1909,0.265,0.435,0.75,0.943,0.616,0.641,0.915,0.832,1.503,NA,0.923,1.237,1.037,0.784,0.953,0.452,0.819,0.512,0.237,0.973,0.487,NA,1.19,0.731,1.022,1.108,0.881,0.221,0.201,0.867,1.122,0.418,0.73,0.509,0.8,0.81,0.629,0.196,0.319,FALSE,FALSE,FALSE,FALSE,FALSE,FALSE,FALSE,FALSE,FALSE,NA,FALSE,FALSE,FALSE,FALSE,FALSE,FALSE,FALSE,FALSE,FALSE,FALSE,FALSE,NA,FALSE,FALSE,FALSE,FALSE,FALSE,FALSE,FALSE,FALSE,FALSE,FALSE,FALSE,FALSE,FALSE,FALSE,FALSE,FALSE,FALSE
1910,0.455,0.487,0.965,1.081,0.681,0.956,1.409,1.184,1.637,NA,1.155,2.131,1.198,0.986,1.255,0.484,0.702,0.564,0.256,0.96,0.604,NA,1.72,0.987,1.576,0.958,0.655,0.282,0.214,1.68,1.736,0.737,0.894,0.729,1.181,1.516,0.744,0.151,0.349,FALSE,FALSE,FALSE,FALSE,FALSE,FALSE,FALSE,FALSE,FALSE,NA,FALSE,TRUE,FALSE,FALSE,FALSE,FALSE,FALSE,FALSE,FALSE,FALSE,FALSE,NA,FALSE,FALSE,FALSE,FALSE,FALSE,FALSE,FALSE,FALSE,FALSE,FALSE,FALSE,FALSE,FALSE,FALSE,FALSE,FALSE,FALSE
1911,0.361,0.169,0.793,0.964,0.743,0.945,1.309,1.173,1.46,NA,1.092,1.555,1.272,1.09,1.268,0.698,0.903,0.65,0.278,0.909,0.434,NA,1.116,0.847,1.579,0.728,0.953,0.284,0.234,1.704,1.651,0.918,1.29,0.993,1.493,1.681,0.823,0.206,0.393,FALSE,FALSE,FALSE,FALSE,FALSE,FALSE,FALSE,FALSE,FALSE,NA,FALSE,FALSE,FALSE,FALSE,FALSE,FALSE,FALSE,FALSE,FALSE,FALSE,FALSE,NA,FALSE,FALSE,FALSE,FALSE,FALSE,FALSE,FALSE,FALSE,FALSE,FALSE,FALSE,FALSE,FALSE,FALSE,FALSE,FALSE,FALSE
1912,0.275,0.16,0.862,1.103,0.699,0.858,1.318,0.986,1.165,NA,0.953,1.364,1.547,0.836,0.974,0.688,1.116,0.698,0.276,0.855,0.562,NA,0.608,0.774,1.06,1.035,0.86,0.226,0.221,1.998,1.916,1.202,1.017,0.921,1.137,1.3,0.633,0.204,0.429,FALSE,FALSE,FALSE,FALSE,FALSE,FALSE,FALSE,FALSE,FALSE,NA,FALSE,FALSE,FALSE,FALSE,FALSE,FALSE,FALSE,FALSE,FALSE,FALSE,FALSE,NA,FALSE,FALSE,FALSE,FALSE,FALSE,FALSE,FALSE,FALSE,FALSE,FALSE,FALSE,FALSE,FALSE,FALSE,FALSE,FALSE,FALSE
1913,0.382,0.223,0.918,1.061,0.677,1.014,1.618,1.074,0.889,NA,1.059,1.448,1.653,1.058,0.863,0.752,0.966,0.831,0.309,0.981,0.594,NA,0.439,1.038,1.262,0.831,0.931,0.294,0.247,1.829,1.748,1.578,1.075,0.906,1.492,1.574,0.68,0.18,0.379,FALSE,FALSE,FALSE,FALSE,FALSE,FALSE,FALSE,FALSE,FALSE,NA,FALSE,FALSE,FALSE,FALSE,FALSE,FALSE,FALSE,FALSE,FALSE,FALSE,FALSE,NA,FALSE,FALSE,FALSE,FALSE,FALSE,FALSE,FALSE,FALSE,FALSE,FALSE,FALSE,FALSE,FALSE,FALSE,FALSE,FALSE,FALSE
1914,0.679,0.159,0.959,1.177,1.101,1.024,1.865,1.51,1.615,NA,0.922,1.591,1.922,1.175,1.587,1.143,1.605,1.03,0.343,1.079,0.794,NA,0.48,0.901,1.835,0.943,0.828,0.324,0.245,2.64,2.371,1.664,1.165,1.269,1.991,1.595,0.877,0.194,0.428,FALSE,FALSE,FALSE,FALSE,FALSE,FALSE,FALSE,FALSE,FALSE,NA,FALSE,FALSE,TRUE,FALSE,FALSE,FALSE,FALSE,FALSE,FALSE,FALSE,FALSE,NA,FALSE,FALSE,FALSE,FALSE,FALSE,FALSE,FALSE,TRUE,TRUE,FALSE,FALSE,FALSE,FALSE,FALSE,FALSE,FALSE,FALSE
1915,0.627,0.211,0.783,1.104,1.037,0.944,1.248,1.098,1.309,NA,1.42,1.412,1.828,1.176,1.565,1.356,1.37,0.937,0.32,0.833,0.7,NA,0.608,0.9,2.101,0.86,0.871,0.257,0.201,2.948,1.97,1.972,1.738,1.182,2.044,1.304,0.834,0.151,0.366,FALSE,FALSE,FALSE,FALSE,FALSE,FALSE,FALSE,FALSE,FALSE,NA,FALSE,FALSE,FALSE,FALSE,FALSE,FALSE,FALSE,FALSE,FALSE,FALSE,FALSE,NA,FALSE,FALSE,FALSE,FALSE,FALSE,FALSE,FALSE,TRUE,FALSE,TRUE,TRUE,FALSE,FALSE,FALSE,FALSE,FALSE,FALSE
1916,0.584,0.255,0.729,0.933,0.974,0.977,1.421,1.115,1.236,2.227,1.101,1.748,1.766,1.673,0.967,1.738,0.953,1.362,0.545,0.728,0.657,NA,0.941,1.187,1.866,0.943,0.962,0.292,0.224,1.843,2.128,1.489,1.624,1.283,1.538,1.391,0.923,0.148,0.318,FALSE,FALSE,FALSE,FALSE,FALSE,FALSE,FALSE,FALSE,FALSE,FALSE,FALSE,FALSE,FALSE,FALSE,FALSE,TRUE,FALSE,FALSE,FALSE,FALSE,FALSE,NA,FALSE,FALSE,FALSE,FALSE,FALSE,FALSE,FALSE,FALSE,TRUE,FALSE,TRUE,FALSE,FALSE,FALSE,FALSE,FALSE,FALSE
1917,0.35,0.277,0.576,0.752,0.677,0.867,1.067,0.85,1.284,1.456,0.524,0.932,1.053,0.988,0.507,0.889,0.487,0.871,0.45,0.448,0.529,NA,0.668,1.048,1.219,1.094,0.644,0.19,0.155,1.229,0.995,1.075,0.905,0.899,1.038,0.924,0.676,0.128,0.208,FALSE,FALSE,FALSE,FALSE,FALSE,FALSE,FALSE,FALSE,FALSE,FALSE,FALSE,FALSE,FALSE,FALSE,FALSE,FALSE,FALSE,FALSE,FALSE,FALSE,FALSE,NA,FALSE,FALSE,FALSE,FALSE,FALSE,FALSE,FALSE,FALSE,FALSE,FALSE,FALSE,FALSE,FALSE,FALSE,FALSE,FALSE,FALSE
1918,0.52,0.319,0.685,0.87,0.826,1.266,0.746,0.603,1.032,1.396,0.524,0.646,0.811,0.616,0.511,0.822,0.657,0.694,0.405,0.725,0.837,NA,1.021,0.799,0.91,1.033,0.777,0.212,0.181,1.462,1.186,0.809,0.827,0.532,0.596,0.57,0.559,0.095,0.158,FALSE,FALSE,FALSE,FALSE,FALSE,FALSE,FALSE,FALSE,FALSE,FALSE,FALSE,FALSE,FALSE,FALSE,FALSE,FALSE,FALSE,FALSE,FALSE,FALSE,FALSE,NA,FALSE,FALSE,FALSE,FALSE,FALSE,FALSE,FALSE,FALSE,FALSE,FALSE,FALSE,FALSE,FALSE,FALSE,FALSE,FALSE,FALSE
1919,0.499,0.382,0.641,0.742,0.677,1.014,0.848,0.56,0.911,1.198,0.492,0.9,1.009,0.595,0.458,0.537,0.531,0.616,0.299,0.949,0.677,NA,0.86,0.692,0.993,0.8,0.771,0.188,0.127,1.587,1.43,0.785,0.676,0.551,0.693,0.637,0.653,0.104,0.18,FALSE,FALSE,FALSE,FALSE,FALSE,FALSE,FALSE,FALSE,FALSE,FALSE,FALSE,FALSE,FALSE,FALSE,FALSE,FALSE,FALSE,FALSE,FALSE,FALSE,FALSE,NA,FALSE,FALSE,FALSE,FALSE,FALSE,FALSE,FALSE,FALSE,FALSE,FALSE,FALSE,FALSE,FALSE,FALSE,FALSE,FALSE,FALSE
1920,0.18,0.159,0.44,0.53,0.593,0.815,0.818,0.472,0.881,1.386,0.362,0.827,0.631,0.499,0.435,0.599,0.415,0.349,0.235,0.596,0.456,NA,0.774,0.736,0.911,1.002,0.957,0.157,0.138,1.375,1.408,0.647,0.555,0.196,0.324,0.473,0.548,0.123,0.261,FALSE,FALSE,FALSE,FALSE,FALSE,FALSE,FALSE,FALSE,FALSE,FALSE,FALSE,FALSE,FALSE,FALSE,FALSE,FALSE,FALSE,FALSE,FALSE,FALSE,FALSE,NA,FALSE,FALSE,FALSE,FALSE,FALSE,FALSE,FALSE,FALSE,FALSE,FALSE,FALSE,FALSE,FALSE,FALSE,FALSE,FALSE,FALSE
1921,0.393,0.318,0.715,1.06,0.756,0.991,1.52,0.899,1.373,2.463,0.717,0.838,0.91,0.479,0.528,0.605,0.683,0.56,0.256,0.723,0.604,NA,1.212,0.994,1.626,1.341,1.089,0.22,0.154,1.916,1.748,0.876,0.757,0.47,0.642,0.543,0.677,0.133,0.298,FALSE,FALSE,FALSE,FALSE,FALSE,FALSE,FALSE,FALSE,FALSE,FALSE,FALSE,FALSE,FALSE,FALSE,FALSE,FALSE,FALSE,FALSE,FALSE,FALSE,FALSE,NA,FALSE,FALSE,FALSE,FALSE,FALSE,FALSE,FALSE,FALSE,FALSE,FALSE,FALSE,FALSE,FALSE,FALSE,FALSE,FALSE,FALSE
1922,0.392,0.414,0.493,0.785,0.669,0.709,1.259,0.768,0.907,1.946,0.595,0.637,0.684,0.447,0.549,0.375,0.447,0.413,0.234,0.71,0.615,NA,1.149,0.78,1.303,1.157,0.928,0.201,0.221,1.768,0.988,0.862,0.776,0.359,0.544,0.578,0.709,0.104,0.205,FALSE,FALSE,FALSE,FALSE,FALSE,FALSE,FALSE,FALSE,FALSE,FALSE,FALSE,FALSE,FALSE,FALSE,FALSE,FALSE,FALSE,FALSE,FALSE,FALSE,FALSE,NA,FALSE,FALSE,FALSE,FALSE,FALSE,FALSE,FALSE,FALSE,FALSE,FALSE,FALSE,FALSE,FALSE,FALSE,FALSE,FALSE,FALSE
1923,0.456,0.616,0.536,0.752,0.646,0.432,1.113,0.749,1.147,1.666,0.475,0.414,0.593,0.437,0.338,0.391,0.394,0.395,0.223,0.753,0.562,NA,1.317,0.714,1.112,1.372,0.975,0.168,0.109,1.64,1.495,0.852,0.777,0.252,0.566,0.505,0.49,0.142,0.275,FALSE,FALSE,FALSE,FALSE,FALSE,FALSE,FALSE,FALSE,FALSE,FALSE,FALSE,FALSE,FALSE,FALSE,FALSE,FALSE,FALSE,FALSE,FALSE,FALSE,FALSE,NA,FALSE,FALSE,FALSE,FALSE,FALSE,FALSE,FALSE,FALSE,FALSE,FALSE,FALSE,FALSE,FALSE,FALSE,FALSE,FALSE,FALSE
1924,0.361,0.434,0.267,0.372,0.425,0.342,0.866,0.679,0.86,1.25,0.452,0.372,0.742,0.385,0.343,0.276,0.298,0.37,0.181,0.435,0.319,NA,0.932,0.512,0.801,0.952,0.536,0.177,0.148,1.362,1.251,1.006,0.511,0.282,0.49,0.472,0.534,0.081,0.181,FALSE,FALSE,FALSE,FALSE,FALSE,FALSE,FALSE,FALSE,FALSE,FALSE,FALSE,FALSE,FALSE,FALSE,FALSE,FALSE,FALSE,FALSE,FALSE,FALSE,FALSE,NA,FALSE,FALSE,FALSE,FALSE,FALSE,FALSE,FALSE,FALSE,FALSE,FALSE,FALSE,FALSE,FALSE,FALSE,FALSE,FALSE,FALSE
1925,0.455,0.709,0.459,0.561,0.53,0.432,1.127,0.857,0.862,1.284,0.335,0.392,0.749,0.469,0.491,0.417,0.396,0.318,0.202,0.679,0.392,NA,1.143,0.672,0.877,1.5,0.862,0.177,0.12,1.265,1.305,1.018,0.616,0.326,0.598,0.781,0.671,0.11,0.181,FALSE,FALSE,FALSE,FALSE,FALSE,FALSE,FALSE,FALSE,FALSE,FALSE,FALSE,FALSE,FALSE,FALSE,FALSE,FALSE,FALSE,FALSE,FALSE,FALSE,FALSE,NA,FALSE,FALSE,FALSE,FALSE,FALSE,FALSE,FALSE,FALSE,FALSE,FALSE,FALSE,FALSE,FALSE,FALSE,FALSE,FALSE,FALSE
1926,0.282,0.349,0.502,0.563,0.499,0.432,1.131,0.954,0.889,1.386,0.539,0.499,0.757,0.45,0.672,0.469,0.618,0.436,0.255,0.48,0.329,NA,0.857,0.641,1.011,1.062,0.891,0.235,0.237,1.373,1.303,1.051,0.646,0.393,0.585,0.681,0.789,0.12,0.255,FALSE,FALSE,FALSE,FALSE,FALSE,FALSE,FALSE,FALSE,FALSE,FALSE,FALSE,FALSE,FALSE,FALSE,FALSE,FALSE,FALSE,FALSE,FALSE,FALSE,FALSE,NA,FALSE,FALSE,FALSE,FALSE,FALSE,FALSE,FALSE,FALSE,FALSE,FALSE,FALSE,FALSE,FALSE,FALSE,FALSE,FALSE,FALSE
1927,0.413,0.551,0.567,0.838,0.477,0.472,1.473,1.098,1.18,1.627,0.409,0.689,1.013,0.569,0.881,0.591,0.533,0.503,0.287,0.763,0.541,NA,1.176,0.605,1.222,1.308,1.169,0.247,0.238,1.373,1.548,0.954,0.765,0.412,0.757,0.866,0.943,0.152,0.309,FALSE,FALSE,FALSE,FALSE,FALSE,FALSE,FALSE,FALSE,FALSE,FALSE,FALSE,FALSE,FALSE,FALSE,FALSE,FALSE,FALSE,FALSE,FALSE,FALSE,FALSE,NA,FALSE,FALSE,FALSE,FALSE,FALSE,FALSE,FALSE,FALSE,FALSE,FALSE,FALSE,FALSE,FALSE,FALSE,FALSE,FALSE,FALSE
1928,0.521,0.381,0.769,1.084,0.605,0.652,1.407,1.151,1.439,2.243,0.864,0.659,0.939,0.505,0.967,0.464,0.649,0.525,0.287,0.99,0.721,NA,1.355,0.764,1.124,1.107,1.169,0.402,0.162,0.988,1.569,1.009,0.765,0.435,0.927,0.934,0.827,0.143,0.279,FALSE,FALSE,FALSE,FALSE,FALSE,FALSE,FALSE,FALSE,FALSE,FALSE,FALSE,FALSE,FALSE,FALSE,FALSE,FALSE,FALSE,FALSE,FALSE,FALSE,FALSE,NA,FALSE,FALSE,FALSE,FALSE,FALSE,FALSE,FALSE,FALSE,FALSE,FALSE,FALSE,FALSE,FALSE,FALSE,FALSE,FALSE,FALSE
1929,0.488,0.497,0.546,0.797,0.52,0.644,1.451,1.062,1.387,2.019,0.696,0.658,0.83,0.57,1.014,0.53,0.639,0.583,0.297,0.86,0.604,NA,1.113,0.723,1.061,1.014,1.008,0.403,0.231,1.5,1.261,0.932,0.755,0.565,1.066,1.011,0.847,0.119,0.209,FALSE,FALSE,FALSE,FALSE,FALSE,FALSE,FALSE,FALSE,FALSE,FALSE,FALSE,FALSE,FALSE,FALSE,FALSE,FALSE,FALSE,FALSE,FALSE,FALSE,FALSE,NA,FALSE,FALSE,FALSE,FALSE,FALSE,FALSE,FALSE,FALSE,FALSE,FALSE,FALSE,FALSE,FALSE,FALSE,FALSE,FALSE,FALSE
1930,0.341,0.307,0.524,0.869,0.531,0.552,0.846,0.689,0.806,1.758,0.406,0.753,0.777,0.634,0.797,0.534,0.491,0.573,0.233,0.711,0.614,NA,0.997,0.669,0.866,0.933,0.899,0.44,0.173,1.213,1.093,0.899,0.765,0.466,0.839,0.902,0.615,0.134,0.222,FALSE,FALSE,FALSE,FALSE,FALSE,FALSE,FALSE,FALSE,FALSE,FALSE,FALSE,FALSE,FALSE,FALSE,FALSE,FALSE,FALSE,FALSE,FALSE,FALSE,FALSE,NA,FALSE,FALSE,FALSE,FALSE,FALSE,FALSE,FALSE,FALSE,FALSE,FALSE,FALSE,FALSE,FALSE,FALSE,FALSE,FALSE,FALSE
1931,0.209,0.169,0.343,0.604,0.35,0.5,1.099,0.767,0.666,1.319,0.673,0.902,0.783,0.922,1.06,0.602,0.405,0.593,0.286,0.565,0.508,NA,0.757,0.52,0.898,0.683,0.568,0.427,0.147,1.394,1.25,0.922,0.808,0.482,1.051,1.04,0.751,0.097,0.195,FALSE,FALSE,FALSE,FALSE,FALSE,FALSE,FALSE,FALSE,FALSE,FALSE,FALSE,FALSE,FALSE,FALSE,FALSE,FALSE,FALSE,FALSE,FALSE,FALSE,FALSE,NA,FALSE,FALSE,FALSE,FALSE,FALSE,FALSE,FALSE,FALSE,FALSE,FALSE,FALSE,FALSE,FALSE,FALSE,FALSE,FALSE,FALSE
1932,0.218,0.286,0.459,0.646,0.424,0.529,0.984,0.843,0.97,1.161,0.239,0.722,0.717,0.768,0.995,0.423,0.448,0.566,0.287,0.522,0.413,NA,0.747,0.521,0.739,1.048,0.748,0.426,0.195,1.415,1.103,0.846,0.645,0.623,0.924,0.949,0.561,0.12,0.256,FALSE,FALSE,FALSE,FALSE,FALSE,FALSE,FALSE,FALSE,FALSE,FALSE,FALSE,FALSE,FALSE,FALSE,FALSE,FALSE,FALSE,FALSE,FALSE,FALSE,FALSE,NA,FALSE,FALSE,FALSE,FALSE,FALSE,FALSE,FALSE,FALSE,FALSE,FALSE,FALSE,FALSE,FALSE,FALSE,FALSE,FALSE,FALSE
1933,0.134,0.254,0.482,0.7,0.341,0.557,0.74,0.657,0.998,1.086,0.436,0.551,0.611,0.532,0.754,0.388,0.383,0.374,0.223,0.47,0.317,NA,0.79,0.625,0.781,0.882,0.91,0.427,0.211,0.854,0.965,0.677,0.57,0.435,0.656,0.706,0.381,0.108,0.246,FALSE,FALSE,FALSE,FALSE,FALSE,FALSE,FALSE,FALSE,FALSE,FALSE,FALSE,FALSE,FALSE,FALSE,FALSE,FALSE,FALSE,FALSE,FALSE,FALSE,FALSE,NA,FALSE,FALSE,FALSE,FALSE,FALSE,FALSE,FALSE,FALSE,FALSE,FALSE,FALSE,FALSE,FALSE,FALSE,FALSE,FALSE,FALSE
1934,0.175,0.233,0.545,0.649,0.339,0.586,0.73,0.511,0.772,1.205,0.493,0.488,0.724,0.562,0.644,0.357,0.458,0.375,0.18,0.534,0.476,NA,0.743,0.647,0.804,0.896,0.711,0.763,0.234,1.473,1.24,0.851,0.678,0.624,0.921,1.303,0.826,0.088,0.298,FALSE,FALSE,FALSE,FALSE,FALSE,FALSE,FALSE,FALSE,FALSE,FALSE,FALSE,FALSE,FALSE,FALSE,FALSE,FALSE,FALSE,FALSE,FALSE,FALSE,FALSE,NA,FALSE,FALSE,FALSE,FALSE,FALSE,FALSE,FALSE,FALSE,FALSE,FALSE,FALSE,FALSE,FALSE,FALSE,FALSE,FALSE,FALSE
1935,0.12,0.264,0.245,0.353,0.224,0.396,0.658,0.492,0.685,0.814,0.432,0.584,0.583,0.449,0.519,0.331,0.437,0.331,0.211,0.404,0.35,NA,0.534,0.478,0.537,0.68,0.635,0.388,0.144,1.119,1.05,0.506,0.355,0.262,0.391,0.979,0.55,0.077,0.218,FALSE,FALSE,FALSE,FALSE,FALSE,FALSE,FALSE,FALSE,FALSE,FALSE,FALSE,FALSE,FALSE,FALSE,FALSE,FALSE,FALSE,FALSE,FALSE,FALSE,FALSE,NA,FALSE,FALSE,FALSE,FALSE,FALSE,FALSE,FALSE,FALSE,FALSE,FALSE,FALSE,FALSE,FALSE,FALSE,FALSE,FALSE,FALSE
1936,0.1,0.159,0.268,0.425,0.222,0.395,0.516,0.388,0.592,0.701,0.303,0.414,0.426,0.352,0.42,0.285,0.47,0.353,0.181,0.299,0.254,NA,0.452,0.414,0.375,0.69,0.583,0.265,0.12,0.726,0.819,0.345,0.388,0.262,0.371,0.733,0.339,0.12,0.246,FALSE,FALSE,FALSE,FALSE,FALSE,FALSE,FALSE,FALSE,FALSE,FALSE,FALSE,FALSE,FALSE,FALSE,FALSE,FALSE,FALSE,FALSE,FALSE,FALSE,FALSE,NA,FALSE,FALSE,FALSE,FALSE,FALSE,FALSE,FALSE,FALSE,FALSE,FALSE,FALSE,FALSE,FALSE,FALSE,FALSE,FALSE,FALSE
1937,0.121,0.286,0.267,0.331,0.244,0.362,0.502,0.449,0.657,0.72,0.345,0.657,0.428,0.274,0.405,0.204,0.361,0.405,0.151,0.234,0.148,NA,0.511,0.542,0.419,0.75,0.72,0.268,0.145,0.865,0.904,0.375,0.359,0.164,0.211,0.852,0.36,0.098,0.242,FALSE,FALSE,FALSE,FALSE,FALSE,FALSE,FALSE,FALSE,FALSE,FALSE,FALSE,FALSE,FALSE,FALSE,FALSE,FALSE,FALSE,FALSE,FALSE,FALSE,FALSE,NA,FALSE,FALSE,FALSE,FALSE,FALSE,FALSE,FALSE,FALSE,FALSE,FALSE,FALSE,FALSE,FALSE,FALSE,FALSE,FALSE,FALSE
1938,0.217,0.328,0.429,0.617,0.313,0.491,0.554,0.411,0.809,1.008,0.28,0.339,0.599,0.262,0.644,0.262,0.577,0.395,0.172,0.427,0.286,NA,0.59,0.531,0.365,0.76,0.834,0.432,0.211,0.714,0.936,0.442,0.491,0.328,0.371,0.805,0.37,0.139,0.327,FALSE,FALSE,FALSE,FALSE,FALSE,FALSE,FALSE,FALSE,FALSE,FALSE,FALSE,FALSE,FALSE,FALSE,FALSE,FALSE,FALSE,FALSE,FALSE,FALSE,FALSE,NA,FALSE,FALSE,FALSE,FALSE,FALSE,FALSE,FALSE,FALSE,FALSE,FALSE,FALSE,FALSE,FALSE,FALSE,FALSE,FALSE,FALSE
1939,0.208,0.212,0.502,0.66,0.222,0.346,0.563,0.446,0.657,0.745,0.293,0.49,0.538,0.265,0.394,0.204,0.435,0.426,0.118,0.459,0.317,NA,0.434,0.543,0.246,0.596,0.602,0.311,0.144,0.652,0.936,0.365,0.379,0.295,0.296,0.863,0.434,0.086,0.232,FALSE,FALSE,FALSE,FALSE,FALSE,FALSE,FALSE,FALSE,FALSE,FALSE,FALSE,FALSE,FALSE,FALSE,FALSE,FALSE,FALSE,FALSE,FALSE,FALSE,FALSE,NA,FALSE,FALSE,FALSE,FALSE,FALSE,FALSE,FALSE,FALSE,FALSE,FALSE,FALSE,FALSE,FALSE,FALSE,FALSE,FALSE,FALSE
1940,0.188,0.264,0.364,0.424,0.192,0.054,0.563,0.455,0.733,0.778,0.269,0.373,0.06,0.275,0.451,0.305,0.5,0.426,0.16,0.523,0.381,NA,0.276,0.35,0.215,0.666,0.537,0.255,0.124,0.8,0.915,0.474,0.312,0.393,0.434,0.846,0.445,0.087,0.204,FALSE,FALSE,FALSE,FALSE,FALSE,FALSE,FALSE,FALSE,FALSE,FALSE,FALSE,FALSE,FALSE,FALSE,FALSE,FALSE,FALSE,FALSE,FALSE,FALSE,FALSE,NA,FALSE,FALSE,FALSE,FALSE,FALSE,FALSE,FALSE,FALSE,FALSE,FALSE,FALSE,FALSE,FALSE,FALSE,FALSE,FALSE,FALSE
1941,0.208,0.286,0.771,1.245,0.229,0.336,1.377,0.793,1.465,2.171,0.291,0.552,0.761,0.285,0.669,0.362,1.119,0.522,0.214,1.154,0.698,NA,0.29,0.478,0.214,1.691,1.638,0.565,0.177,1.548,1.276,0.547,0.483,0.697,0.751,1.593,0.635,0.119,0.327,FALSE,FALSE,FALSE,FALSE,FALSE,FALSE,FALSE,FALSE,FALSE,FALSE,FALSE,FALSE,FALSE,FALSE,FALSE,FALSE,FALSE,FALSE,FALSE,FALSE,FALSE,NA,FALSE,FALSE,FALSE,FALSE,FALSE,FALSE,FALSE,FALSE,FALSE,FALSE,FALSE,FALSE,FALSE,FALSE,FALSE,FALSE,FALSE
1942,0.491,0.296,0.852,1.487,0.191,0.339,1.017,0.429,1.24,1.781,0.529,0.773,1.598,0.483,1.066,0.305,0.831,0.715,0.299,1.11,0.9,0.727,0.884,0.416,0.247,1.041,1.194,0.446,0.198,2.468,1.66,0.702,0.81,0.589,0.794,1.31,0.814,0.129,0.327,FALSE,FALSE,FALSE,FALSE,FALSE,FALSE,FALSE,FALSE,FALSE,FALSE,FALSE,FALSE,FALSE,FALSE,FALSE,FALSE,FALSE,FALSE,FALSE,FALSE,FALSE,FALSE,FALSE,FALSE,FALSE,FALSE,FALSE,FALSE,FALSE,TRUE,FALSE,FALSE,FALSE,FALSE,FALSE,FALSE,FALSE,FALSE,FALSE
1943,0.328,0.127,0.78,1.404,0.16,0.228,1.241,0.455,1.034,1.784,0.313,0.404,1.632,0.385,0.778,0.224,0.606,0.469,0.322,1.413,0.804,0.341,0.651,0.223,0.127,0.844,0.982,0.134,0.07,1.447,0.978,0.537,0.539,0.443,0.519,0.623,0.811,0.075,0,FALSE,FALSE,FALSE,FALSE,FALSE,FALSE,FALSE,FALSE,FALSE,FALSE,FALSE,FALSE,FALSE,FALSE,FALSE,FALSE,FALSE,FALSE,FALSE,FALSE,FALSE,FALSE,FALSE,FALSE,FALSE,FALSE,FALSE,FALSE,FALSE,FALSE,FALSE,FALSE,FALSE,FALSE,FALSE,FALSE,FALSE,FALSE,FALSE
1944,0.285,0.097,0.416,0.826,0.204,0.229,1.193,0.542,0.992,0.77,0.286,0.392,0.806,0.343,0.55,0.157,0.499,0.362,0.257,1.027,0.635,0.277,0.503,0.374,0.255,1.272,1.179,0.197,0.139,1.286,0.778,0.538,0.247,0.252,0.254,0.679,0.534,0.075,0,FALSE,FALSE,FALSE,FALSE,FALSE,FALSE,FALSE,FALSE,FALSE,FALSE,FALSE,FALSE,FALSE,FALSE,FALSE,FALSE,FALSE,FALSE,FALSE,FALSE,FALSE,FALSE,FALSE,FALSE,FALSE,FALSE,FALSE,FALSE,FALSE,FALSE,FALSE,FALSE,FALSE,FALSE,FALSE,FALSE,FALSE,FALSE,FALSE
1945,0.273,0.116,0.555,0.698,0.191,0.249,0.884,0.52,0.808,0.686,0.395,0.403,0.678,0.256,0.436,0.158,0.413,0.266,0.285,0.953,0.434,0.329,0.476,0.356,0.269,1.567,1.402,0.214,0.128,1.106,0.627,0.473,0.225,0.242,0.148,0.613,0.428,0.086,0.077,FALSE,FALSE,FALSE,FALSE,FALSE,FALSE,FALSE,FALSE,FALSE,FALSE,FALSE,FALSE,FALSE,FALSE,FALSE,FALSE,FALSE,FALSE,FALSE,FALSE,FALSE,FALSE,FALSE,FALSE,FALSE,FALSE,FALSE,FALSE,FALSE,FALSE,FALSE,FALSE,FALSE,FALSE,FALSE,FALSE,FALSE,FALSE,FALSE
1946,0.362,0.148,0.758,1.271,0.246,0.349,1.378,0.663,0.857,1.065,0.289,0.616,0.725,0.395,0.8,0.204,0.426,0.31,0.413,1.017,0.699,0.489,0.697,0.65,0.357,1.592,1.769,0.389,0.165,1.17,0.659,0.615,0.352,0.294,0.307,0.738,0.588,0,0.109,FALSE,FALSE,FALSE,FALSE,FALSE,FALSE,FALSE,FALSE,FALSE,FALSE,FALSE,FALSE,FALSE,FALSE,FALSE,FALSE,FALSE,FALSE,FALSE,FALSE,FALSE,FALSE,FALSE,FALSE,FALSE,FALSE,FALSE,FALSE,FALSE,FALSE,FALSE,FALSE,FALSE,FALSE,FALSE,FALSE,FALSE,FALSE,FALSE
1947,0.403,0.18,0.874,1.525,0.255,0.359,1.692,0.83,1.325,1.222,0.726,0.904,0.896,0.449,0.872,0.285,0.731,0.35,0.617,1.096,0.964,0.67,0.944,0.493,0.281,1.768,1.915,0.402,0.178,1.233,0.862,0.807,0.505,0.489,0.667,1.189,0.887,0.097,0.114,FALSE,FALSE,FALSE,FALSE,FALSE,FALSE,FALSE,FALSE,FALSE,FALSE,FALSE,FALSE,FALSE,FALSE,FALSE,FALSE,FALSE,FALSE,FALSE,FALSE,FALSE,FALSE,FALSE,FALSE,FALSE,FALSE,FALSE,FALSE,FALSE,FALSE,FALSE,FALSE,FALSE,FALSE,FALSE,FALSE,FALSE,FALSE,FALSE
1948,0.567,0.233,0.919,1.906,0.243,0.339,1.695,0.66,1.318,0.839,0.495,0.754,1.266,0.769,0.855,0.538,0.933,0.735,0.49,1.35,1.292,0.565,1.091,0.429,0.431,2.095,1.905,0.455,0.211,1.326,0.915,0.548,0.473,0.543,1.026,1.678,1.058,0.075,0.171,FALSE,FALSE,FALSE,FALSE,FALSE,FALSE,FALSE,FALSE,FALSE,FALSE,FALSE,FALSE,FALSE,FALSE,FALSE,FALSE,FALSE,FALSE,FALSE,FALSE,FALSE,FALSE,FALSE,FALSE,FALSE,FALSE,FALSE,FALSE,FALSE,FALSE,FALSE,FALSE,FALSE,FALSE,FALSE,FALSE,FALSE,FALSE,FALSE
1949,0.429,0.222,1.025,2.069,0.324,0.296,1.978,0.704,2.478,0.828,0.363,0.797,1.478,0.62,0.748,0.482,0.784,0.583,0.393,1.276,1.122,0.362,0.612,0.459,0.454,2.54,1.946,0.801,0.244,1.232,0.893,0.582,0.281,0.413,0.868,0.88,0.458,0,0.128,FALSE,FALSE,FALSE,FALSE,FALSE,FALSE,FALSE,FALSE,TRUE,FALSE,FALSE,FALSE,FALSE,FALSE,FALSE,FALSE,FALSE,FALSE,FALSE,FALSE,FALSE,FALSE,FALSE,FALSE,FALSE,FALSE,FALSE,FALSE,FALSE,FALSE,FALSE,FALSE,FALSE,FALSE,FALSE,FALSE,FALSE,FALSE,FALSE
1950,0.487,0.381,0.851,1.39,0.256,0.305,1.567,0.593,1.157,0.785,0.326,0.745,1.43,0.641,0.474,0.435,0.825,0.574,0.392,1.041,0.709,0.447,0.561,0.567,0.486,1.175,1.894,0.65,0.212,0.986,0.822,0.542,0.262,0.294,0.529,0.843,0.428,0.097,0.161,FALSE,FALSE,FALSE,FALSE,FALSE,FALSE,FALSE,FALSE,FALSE,FALSE,FALSE,FALSE,FALSE,FALSE,FALSE,FALSE,FALSE,FALSE,FALSE,FALSE,FALSE,FALSE,FALSE,FALSE,FALSE,FALSE,FALSE,FALSE,FALSE,FALSE,FALSE,FALSE,FALSE,FALSE,FALSE,FALSE,FALSE,FALSE,FALSE
1951,0.496,0.741,0.595,1.118,0.255,0.413,1.341,0.741,1.17,0.913,0.252,0.723,0.91,0.407,0.337,0.308,0.487,0.392,0.319,1.02,0.582,0.298,0.521,0.413,0.411,1.394,1.368,0.723,0.188,0.859,0.778,0.595,0.191,0.365,0.498,0.958,0.459,0.097,0.166,FALSE,FALSE,FALSE,FALSE,FALSE,FALSE,FALSE,FALSE,FALSE,FALSE,FALSE,FALSE,FALSE,FALSE,FALSE,FALSE,FALSE,FALSE,FALSE,FALSE,FALSE,FALSE,FALSE,FALSE,FALSE,FALSE,FALSE,FALSE,FALSE,FALSE,FALSE,FALSE,FALSE,FALSE,FALSE,FALSE,FALSE,FALSE,FALSE
1952,0.508,0.55,0.702,1.301,0.338,0.561,1.403,1.193,1.526,1.58,0.285,0.68,1.103,0.439,0.451,0.318,0.678,0.499,0.318,0.979,0.73,0.394,0.615,0.446,0.422,1.984,1.61,0.65,0.208,0.796,0.873,0.713,0.282,0.303,0.561,1.149,0.743,0.13,0.184,FALSE,FALSE,FALSE,FALSE,FALSE,FALSE,FALSE,FALSE,FALSE,FALSE,FALSE,FALSE,FALSE,FALSE,FALSE,FALSE,FALSE,FALSE,FALSE,FALSE,FALSE,FALSE,FALSE,FALSE,FALSE,FALSE,FALSE,FALSE,FALSE,FALSE,FALSE,FALSE,FALSE,FALSE,FALSE,FALSE,FALSE,FALSE,FALSE
1953,0.562,0.582,0.745,0.998,0.33,0.745,1.35,1.257,1.287,1.951,0.249,0.946,1.271,0.493,0.588,0.366,0.709,0.604,0.35,1.005,0.741,0.424,0.627,0.552,0.593,1.482,1.356,0.932,0.257,0.838,0.906,0.829,0.338,0.337,0.56,1.31,0.892,0.141,0.256,FALSE,FALSE,FALSE,FALSE,FALSE,FALSE,FALSE,FALSE,FALSE,FALSE,FALSE,FALSE,FALSE,FALSE,FALSE,FALSE,FALSE,FALSE,FALSE,FALSE,FALSE,FALSE,FALSE,FALSE,FALSE,FALSE,FALSE,FALSE,FALSE,FALSE,FALSE,FALSE,FALSE,FALSE,FALSE,FALSE,FALSE,FALSE,FALSE
1954,0.356,0.424,0.529,0.818,0.259,0.431,1.018,0.876,0.866,2.216,0.188,0.545,1.089,0.256,0.369,0.208,0.517,0.498,0.361,0.674,0.412,0.341,0.456,0.255,0.336,1.007,1.134,0.77,0.211,0.605,0.383,0.659,0.561,0.256,0.477,1.16,0.871,0.129,0.223,FALSE,FALSE,FALSE,FALSE,FALSE,FALSE,FALSE,FALSE,FALSE,FALSE,FALSE,FALSE,FALSE,FALSE,FALSE,FALSE,FALSE,FALSE,FALSE,FALSE,FALSE,FALSE,FALSE,FALSE,FALSE,FALSE,FALSE,FALSE,FALSE,FALSE,FALSE,FALSE,FALSE,FALSE,FALSE,FALSE,FALSE,FALSE,FALSE
1955,0.423,0.677,0.646,0.913,0.466,0.712,1.864,1.507,1.397,3.325,0.316,0.83,0.926,0.492,0.579,0.375,1.002,0.721,0.478,1.049,0.54,0.456,0.624,0.455,0.344,2.293,1.694,1.036,0.312,1.092,0.81,0.734,0.727,0.43,0.796,1.405,1.306,0.172,0.256,FALSE,FALSE,FALSE,FALSE,FALSE,FALSE,FALSE,FALSE,FALSE,FALSE,FALSE,FALSE,FALSE,FALSE,FALSE,FALSE,FALSE,FALSE,FALSE,FALSE,FALSE,FALSE,FALSE,FALSE,FALSE,FALSE,FALSE,FALSE,FALSE,FALSE,FALSE,FALSE,FALSE,FALSE,FALSE,FALSE,FALSE,FALSE,FALSE
1956,0.854,0.889,1.112,1.571,0.605,0.926,2.252,1.513,1.596,4.279,0.312,1.195,1.2,0.739,0.898,0.374,1.39,0.943,0.847,1.411,0.794,1.03,1.032,0.572,0.681,3.318,2.532,1.444,0.535,1.836,1.204,0.826,1.193,0.6,1.377,1.524,2.282,0.183,0.246,FALSE,FALSE,FALSE,FALSE,FALSE,FALSE,FALSE,FALSE,FALSE,TRUE,FALSE,FALSE,FALSE,FALSE,FALSE,FALSE,FALSE,FALSE,FALSE,FALSE,FALSE,FALSE,FALSE,FALSE,FALSE,TRUE,TRUE,FALSE,FALSE,FALSE,FALSE,FALSE,FALSE,FALSE,FALSE,FALSE,TRUE,FALSE,FALSE
1957,0.982,1.333,1.43,1.991,0.767,1.069,1.891,1.205,1.713,4.315,0.604,1.121,1.516,0.93,1.236,0.58,1.028,1.198,0.827,1.718,1.232,1.143,1.108,0.709,1.007,2.818,2.367,2.247,1.532,1.952,1.332,0.974,1.948,0.958,2.233,1.649,2.424,0.257,0.337,FALSE,FALSE,FALSE,FALSE,FALSE,FALSE,FALSE,FALSE,FALSE,TRUE,FALSE,FALSE,FALSE,FALSE,FALSE,FALSE,FALSE,FALSE,FALSE,FALSE,FALSE,FALSE,FALSE,FALSE,FALSE,FALSE,TRUE,TRUE,FALSE,FALSE,FALSE,FALSE,TRUE,FALSE,FALSE,FALSE,TRUE,FALSE,FALSE
1958,0.581,0.699,0.901,1.335,0.666,0.891,1.015,0.609,0.861,2.498,0.411,0.563,1.161,0.782,0.993,0.532,1.072,0.923,0.614,1.291,0.785,0.582,0.33,0.72,0.995,2.202,1.815,1.406,1.178,1.634,0.906,0.614,1.366,0.837,1.762,0.692,0.808,0.248,0.303,FALSE,FALSE,FALSE,FALSE,FALSE,FALSE,FALSE,FALSE,FALSE,FALSE,FALSE,FALSE,FALSE,FALSE,FALSE,FALSE,FALSE,FALSE,FALSE,FALSE,FALSE,FALSE,FALSE,FALSE,FALSE,FALSE,FALSE,FALSE,FALSE,FALSE,FALSE,FALSE,FALSE,FALSE,FALSE,FALSE,FALSE,FALSE,FALSE
1959,0.637,0.561,0.785,1.165,0.612,0.437,0.633,0.224,0.883,2.773,0.463,0.839,1.112,0.67,0.807,0.488,0.677,0.773,0.466,0.843,0.647,0.478,0.487,0.381,0.884,2.128,1.884,1.479,1.476,1.125,1.079,0.635,1.038,0.643,1.111,0.497,0.815,0.193,0.256,FALSE,FALSE,FALSE,FALSE,FALSE,FALSE,FALSE,FALSE,FALSE,FALSE,FALSE,FALSE,FALSE,FALSE,FALSE,FALSE,FALSE,FALSE,FALSE,FALSE,FALSE,FALSE,FALSE,FALSE,FALSE,FALSE,FALSE,TRUE,FALSE,FALSE,FALSE,FALSE,FALSE,FALSE,FALSE,FALSE,FALSE,FALSE,FALSE
1960,0.528,0.752,0.69,0.963,0.709,0.502,1.04,0.355,1.042,3.185,0.519,0.989,0.923,0.723,0.751,0.419,0.538,0.668,0.34,1.025,0.636,0.543,0.38,0.434,0.886,1.452,1.177,1.191,1.105,1.048,0.777,0.476,1.255,0.623,1.197,0.578,0.613,0.183,0.246,FALSE,FALSE,FALSE,FALSE,FALSE,FALSE,FALSE,FALSE,FALSE,FALSE,FALSE,FALSE,FALSE,FALSE,FALSE,FALSE,FALSE,FALSE,FALSE,FALSE,FALSE,FALSE,FALSE,FALSE,FALSE,FALSE,FALSE,FALSE,FALSE,FALSE,FALSE,FALSE,FALSE,FALSE,FALSE,FALSE,FALSE,FALSE,FALSE
1961,0.53,0.604,0.636,0.91,0.742,0.503,1.166,0.478,0.964,2.27,0.321,0.649,0.918,0.638,0.638,0.414,0.528,0.752,0.329,1.036,0.594,0.437,0.507,0.561,0.83,1.166,1.065,1.02,1.008,0.996,0.672,0.572,0.842,0.652,1.196,0.766,0.54,0.203,0.294,FALSE,FALSE,FALSE,FALSE,FALSE,FALSE,FALSE,FALSE,FALSE,FALSE,FALSE,FALSE,FALSE,FALSE,FALSE,FALSE,FALSE,FALSE,FALSE,FALSE,FALSE,FALSE,FALSE,FALSE,FALSE,FALSE,FALSE,FALSE,FALSE,FALSE,FALSE,FALSE,FALSE,FALSE,FALSE,FALSE,FALSE,FALSE,FALSE
1962,0.715,1.154,0.764,1.429,0.689,0.546,1.372,0.432,1.145,3.248,0.658,1.382,0.782,0.979,0.905,0.634,0.44,0.774,0.52,1.198,0.701,0.893,0.692,0.752,0.842,2.32,1.87,0.904,1.51,0.807,0.458,0.614,0.862,0.877,1.731,0.629,0.423,0.162,0.242,FALSE,FALSE,FALSE,FALSE,FALSE,FALSE,FALSE,FALSE,FALSE,FALSE,FALSE,FALSE,FALSE,FALSE,FALSE,FALSE,FALSE,FALSE,FALSE,FALSE,FALSE,FALSE,FALSE,FALSE,FALSE,FALSE,FALSE,FALSE,FALSE,FALSE,FALSE,FALSE,FALSE,FALSE,FALSE,FALSE,FALSE,FALSE,FALSE
1963,0.56,0.721,0.849,1.725,0.826,0.58,2.172,0.462,1.623,3.645,0.928,1.296,0.932,1.202,1.113,0.723,0.514,0.725,0.444,1.025,0.7,0.928,0.668,0.942,0.637,2.473,1.833,1.051,1.376,0.944,0.608,0.603,0.906,0.867,1.705,0.483,0.466,0.247,0.294,FALSE,FALSE,FALSE,FALSE,FALSE,FALSE,FALSE,FALSE,FALSE,FALSE,FALSE,FALSE,FALSE,FALSE,FALSE,FALSE,FALSE,FALSE,FALSE,FALSE,FALSE,FALSE,FALSE,FALSE,FALSE,FALSE,FALSE,FALSE,FALSE,FALSE,FALSE,FALSE,FALSE,FALSE,FALSE,FALSE,FALSE,FALSE,FALSE
1964,0.354,0.264,0.755,1.921,0.55,0.494,1.52,0.409,0.976,1.902,0.451,0.446,0.796,0.904,0.711,0.553,0.453,0.68,0.298,0.877,0.54,0.585,0.45,0.306,0.851,0.912,1.115,0.75,0.853,0.838,0.556,0.529,0.645,0.465,0.718,0.37,0.349,0.173,0.278,FALSE,FALSE,FALSE,FALSE,FALSE,FALSE,FALSE,FALSE,FALSE,FALSE,FALSE,FALSE,FALSE,FALSE,FALSE,FALSE,FALSE,FALSE,FALSE,FALSE,FALSE,FALSE,FALSE,FALSE,FALSE,FALSE,FALSE,FALSE,FALSE,FALSE,FALSE,FALSE,FALSE,FALSE,FALSE,FALSE,FALSE,FALSE,FALSE
1965,0.609,0.328,0.858,2.079,0.594,0.755,2.215,0.452,1.805,2.529,0.773,1.065,1.41,1.17,1.392,0.637,0.583,0.788,0.445,1.112,0.783,1.038,0.871,0.593,1.059,1.95,1.542,1.176,0.939,1.185,0.746,0.741,0.852,0.566,0.963,0.695,0.689,0.226,0.327,FALSE,FALSE,FALSE,FALSE,FALSE,FALSE,FALSE,FALSE,FALSE,FALSE,FALSE,FALSE,FALSE,FALSE,FALSE,FALSE,FALSE,FALSE,FALSE,FALSE,FALSE,FALSE,FALSE,FALSE,FALSE,FALSE,FALSE,FALSE,FALSE,FALSE,FALSE,FALSE,FALSE,FALSE,FALSE,FALSE,FALSE,FALSE,FALSE
1966,0.534,0.286,0.742,1.294,0.487,0.637,1.472,0.292,0.828,1.572,0.62,0.539,1.094,1.045,1.18,0.619,0.53,0.926,0.522,0.927,0.836,0.648,0.837,0.635,0.788,1.219,1.066,0.746,0.591,1.27,0.956,0.868,0.83,0.684,1.275,0.933,0.679,0.214,0.328,FALSE,FALSE,FALSE,FALSE,FALSE,FALSE,FALSE,FALSE,FALSE,FALSE,FALSE,FALSE,FALSE,FALSE,FALSE,FALSE,FALSE,FALSE,FALSE,FALSE,FALSE,FALSE,FALSE,FALSE,FALSE,FALSE,FALSE,FALSE,FALSE,FALSE,FALSE,FALSE,FALSE,FALSE,FALSE,FALSE,FALSE,FALSE,FALSE
1967,0.405,0.392,0.666,1.252,0.604,0.667,1.378,0.321,0.978,1.173,0.343,0.752,1.019,0.704,0.701,0.594,0.886,0.829,0.456,0.668,0.656,0.756,0.727,0.561,0.604,1.717,1.196,0.808,0.818,1.048,0.786,0.847,0.676,0.562,0.937,0.866,0.615,0.213,0.335,FALSE,FALSE,FALSE,FALSE,FALSE,FALSE,FALSE,FALSE,FALSE,FALSE,FALSE,FALSE,FALSE,FALSE,FALSE,FALSE,FALSE,FALSE,FALSE,FALSE,FALSE,FALSE,FALSE,FALSE,FALSE,FALSE,FALSE,FALSE,FALSE,FALSE,FALSE,FALSE,FALSE,FALSE,FALSE,FALSE,FALSE,FALSE,FALSE
1968,0.385,0.328,0.626,0.998,0.478,0.503,1.078,0.254,0.806,1.494,0.526,0.667,0.692,0.543,0.654,0.506,0.616,0.894,0.393,0.744,0.646,0.654,0.846,0.487,0.465,1.355,0.991,0.678,0.701,0.772,0.691,0.795,0.563,0.494,0.881,0.762,0.476,0.181,0.271,FALSE,FALSE,FALSE,FALSE,FALSE,FALSE,FALSE,FALSE,FALSE,FALSE,FALSE,FALSE,FALSE,FALSE,FALSE,FALSE,FALSE,FALSE,FALSE,FALSE,FALSE,FALSE,FALSE,FALSE,FALSE,FALSE,FALSE,FALSE,FALSE,FALSE,FALSE,FALSE,FALSE,FALSE,FALSE,FALSE,FALSE,FALSE,FALSE
1969,0.501,0.35,0.836,1.422,0.68,0.624,1.787,0.422,1.222,2.987,0.59,0.867,0.967,0.639,0.933,0.519,0.627,1.107,0.393,1.041,1.005,1.134,0.985,0.54,0.55,1.696,1.216,0.754,0.906,0.826,0.786,1.176,0.831,0.67,1.166,0.819,0.561,0.224,0.321,FALSE,FALSE,FALSE,FALSE,FALSE,FALSE,FALSE,FALSE,FALSE,FALSE,FALSE,FALSE,FALSE,FALSE,FALSE,FALSE,FALSE,FALSE,FALSE,FALSE,FALSE,FALSE,FALSE,FALSE,FALSE,FALSE,FALSE,FALSE,FALSE,FALSE,FALSE,FALSE,FALSE,FALSE,FALSE,FALSE,FALSE,FALSE,FALSE
1970,0.653,0.457,0.889,0.807,0.627,0.587,1.521,0.522,0.836,2.137,0.501,0.53,0.953,0.65,0.678,0.573,0.75,0.926,0.371,1.073,0.857,0.824,0.675,0.444,0.496,1.143,0.979,0.703,0.731,0.995,0.893,0.604,0.854,0.626,1.337,0.866,0.784,0.213,0.392,FALSE,FALSE,FALSE,FALSE,FALSE,FALSE,FALSE,FALSE,FALSE,FALSE,FALSE,FALSE,FALSE,FALSE,FALSE,FALSE,FALSE,FALSE,FALSE,FALSE,FALSE,FALSE,FALSE,FALSE,FALSE,FALSE,FALSE,FALSE,FALSE,FALSE,FALSE,FALSE,FALSE,FALSE,FALSE,FALSE,FALSE,FALSE,FALSE
1971,0.685,0.372,1.058,1.412,0.584,0.349,1.362,0.369,0.954,2.215,0.396,0.529,0.593,0.544,0.487,0.606,1.247,1.031,0.382,0.921,0.667,0.827,0.841,0.413,0.418,1.156,0.975,0.341,0.557,0.572,0.531,0.73,0.652,0.603,1.338,0.739,0.636,0.181,0.321,FALSE,FALSE,FALSE,FALSE,FALSE,FALSE,FALSE,FALSE,FALSE,FALSE,FALSE,FALSE,FALSE,FALSE,FALSE,FALSE,FALSE,FALSE,FALSE,FALSE,FALSE,FALSE,FALSE,FALSE,FALSE,FALSE,FALSE,FALSE,FALSE,FALSE,FALSE,FALSE,FALSE,FALSE,FALSE,FALSE,FALSE,FALSE,FALSE
1972,0.524,0.255,0.836,0.797,0.702,0.436,1.521,0.331,0.899,2.033,0.405,0.678,0.537,0.522,0.585,0.409,0.758,0.784,0.277,0.812,0.593,1.1,0.829,0.423,0.563,1.08,1.024,0.639,0.503,0.476,0.563,0.594,0.62,0.309,0.685,0.601,0.55,0.169,0.291,FALSE,FALSE,FALSE,FALSE,FALSE,FALSE,FALSE,FALSE,FALSE,FALSE,FALSE,FALSE,FALSE,FALSE,FALSE,FALSE,FALSE,FALSE,FALSE,FALSE,FALSE,FALSE,FALSE,FALSE,FALSE,FALSE,FALSE,FALSE,FALSE,FALSE,FALSE,FALSE,FALSE,FALSE,FALSE,FALSE,FALSE,FALSE,FALSE
1973,0.301,0.19,0.339,0.7,0.499,0.295,1.022,0.502,0.732,1.513,0.31,0.647,0.309,0.405,0.509,0.356,0.681,0.599,0.222,0.631,0.465,0.72,0.437,0.413,0.549,0.678,0.667,0.532,0.479,0.476,0.467,0.497,0.375,0.506,0.558,0.625,0.543,0.171,0.257,FALSE,FALSE,FALSE,FALSE,FALSE,FALSE,FALSE,FALSE,FALSE,FALSE,FALSE,FALSE,FALSE,FALSE,FALSE,FALSE,FALSE,FALSE,FALSE,FALSE,FALSE,FALSE,FALSE,FALSE,FALSE,FALSE,FALSE,FALSE,FALSE,FALSE,FALSE,FALSE,FALSE,FALSE,FALSE,FALSE,FALSE,FALSE,FALSE
1974,0.74,0.32,0.646,0.806,0.68,0.442,1.001,0.715,1.248,2.231,0.428,0.529,0.375,0.448,0.783,0.383,0.8,0.642,0.201,0.817,0.614,0.926,1.153,0.402,0.583,1.579,1.058,1.065,0.884,0.392,0.372,0.498,0.565,0.449,0.686,0.541,0.593,0.137,0.301,FALSE,FALSE,FALSE,FALSE,FALSE,FALSE,FALSE,FALSE,FALSE,FALSE,FALSE,FALSE,FALSE,FALSE,FALSE,FALSE,FALSE,FALSE,FALSE,FALSE,FALSE,FALSE,FALSE,FALSE,FALSE,FALSE,FALSE,FALSE,FALSE,FALSE,FALSE,FALSE,FALSE,FALSE,FALSE,FALSE,FALSE,FALSE,FALSE
1975,0.771,0.382,1.153,1.911,0.829,0.498,1.222,0.823,1.08,1.875,0.502,0.837,0.413,0.685,0.825,0.385,0.926,0.728,0.287,0.97,0.836,1.132,1.356,0.476,0.683,1.577,1.355,0.741,0.729,0.709,0.425,0.772,1.064,0.431,0.795,0.621,0.793,0.181,0.345,FALSE,FALSE,FALSE,FALSE,FALSE,FALSE,FALSE,FALSE,FALSE,FALSE,FALSE,FALSE,FALSE,FALSE,FALSE,FALSE,FALSE,FALSE,FALSE,FALSE,FALSE,FALSE,FALSE,FALSE,FALSE,FALSE,FALSE,FALSE,FALSE,FALSE,FALSE,FALSE,FALSE,FALSE,FALSE,FALSE,FALSE,FALSE,FALSE
1976,1.601,0.626,1.049,0.939,1.123,0.776,1.785,1.029,1.366,3.591,0.822,1.149,0.663,1.629,1.864,0.475,1.305,1.337,0.487,1.287,1.387,2.196,1.715,0.614,1.434,2.032,1.781,1.084,2.806,1.418,0.776,1.208,2.031,1.534,1.672,1.068,1.282,0.245,0.439,TRUE,FALSE,FALSE,FALSE,FALSE,FALSE,FALSE,FALSE,FALSE,FALSE,FALSE,FALSE,FALSE,FALSE,TRUE,FALSE,FALSE,FALSE,FALSE,FALSE,FALSE,TRUE,FALSE,FALSE,FALSE,FALSE,FALSE,FALSE,TRUE,FALSE,FALSE,FALSE,TRUE,TRUE,FALSE,FALSE,FALSE,FALSE,FALSE
1977,0.546,0.455,0.668,0.467,0.738,0.542,1.488,0.927,1.376,2.112,0.782,1.011,0.65,0.995,0.972,0.534,0.828,1.149,0.499,1.221,0.995,0.933,1.022,0.434,0.987,1.207,1.016,0.838,1.991,1.471,0.935,0.912,0.947,1.272,1.812,1.014,0.931,0.127,0.244,FALSE,FALSE,FALSE,FALSE,FALSE,FALSE,FALSE,FALSE,FALSE,FALSE,FALSE,FALSE,FALSE,FALSE,FALSE,FALSE,FALSE,FALSE,FALSE,FALSE,FALSE,FALSE,FALSE,FALSE,FALSE,FALSE,FALSE,FALSE,FALSE,FALSE,FALSE,FALSE,FALSE,FALSE,FALSE,FALSE,FALSE,FALSE,FALSE
1978,0.849,0.466,0.89,0.499,0.675,0.639,1.707,0.981,2.107,2.917,0.899,1.148,0.79,1.125,1.3,0.556,1.464,1.405,0.509,0.971,1.333,1.437,1.491,0.043,0.428,1.885,1.641,0.752,1.603,0.816,0.573,0.89,1.213,1.704,1.715,1.107,0.931,0.159,0.425,FALSE,FALSE,FALSE,FALSE,FALSE,FALSE,FALSE,FALSE,FALSE,FALSE,FALSE,FALSE,FALSE,FALSE,FALSE,FALSE,FALSE,FALSE,FALSE,FALSE,FALSE,FALSE,FALSE,FALSE,FALSE,FALSE,FALSE,FALSE,FALSE,FALSE,FALSE,FALSE,FALSE,TRUE,FALSE,FALSE,FALSE,FALSE,FALSE
1979,0.817,0.382,0.847,0.579,0.733,0.715,1.826,1.003,1.082,2.245,0.931,1.063,0.522,0.964,0.931,0.449,1.167,1.182,0.509,1.505,1.272,1.332,1.618,0.105,0.416,1.789,1.417,0.728,1.717,0.774,0.522,0.763,1.276,0.821,1.227,1.025,0.945,0.16,0.321,FALSE,FALSE,FALSE,FALSE,FALSE,FALSE,FALSE,FALSE,FALSE,FALSE,FALSE,FALSE,FALSE,FALSE,FALSE,FALSE,FALSE,FALSE,FALSE,FALSE,FALSE,FALSE,FALSE,FALSE,FALSE,FALSE,FALSE,FALSE,FALSE,FALSE,FALSE,FALSE,FALSE,FALSE,FALSE,FALSE,FALSE,FALSE,FALSE
1980,0.569,0.466,0.911,0.718,0.562,0.616,0.95,0.966,0.985,1.653,0.685,0.706,0.316,0.716,0.842,0.272,0.934,1.139,0.382,1.188,1.239,0.942,1.107,0.106,0.378,1.534,1.618,0.407,0.987,0.773,0.425,0.964,1.149,0.696,1.045,0.916,0.454,0.169,0.314,FALSE,FALSE,FALSE,FALSE,FALSE,FALSE,FALSE,FALSE,FALSE,FALSE,FALSE,FALSE,FALSE,FALSE,FALSE,FALSE,FALSE,FALSE,FALSE,FALSE,FALSE,FALSE,FALSE,FALSE,FALSE,FALSE,FALSE,FALSE,FALSE,FALSE,FALSE,FALSE,FALSE,FALSE,FALSE,FALSE,FALSE,FALSE,FALSE
1981,0.849,0.572,0.762,0.751,0.593,0.606,0.672,0.904,1.053,2.202,0.881,1.142,0.572,1.096,1.18,0.501,1.263,1.5,0.626,1.081,1.251,1.047,1.317,0.18,0.519,1.673,1.507,0.655,1.295,1.091,0.627,1.24,1.284,1.047,1.388,1.177,0.827,0.234,0.442,FALSE,FALSE,FALSE,FALSE,FALSE,FALSE,FALSE,FALSE,FALSE,FALSE,FALSE,FALSE,FALSE,FALSE,FALSE,FALSE,FALSE,FALSE,FALSE,FALSE,FALSE,FALSE,FALSE,FALSE,FALSE,FALSE,FALSE,FALSE,FALSE,FALSE,FALSE,FALSE,FALSE,FALSE,FALSE,FALSE,FALSE,FALSE,FALSE
1982,0.901,0.624,0.91,0.888,0.362,0.531,0.544,0.773,0.791,2.053,0.655,0.971,0.432,0.826,1.018,0.533,1.599,1.235,0.606,1.145,1.585,1.345,1.108,0.106,0.291,2.264,1.951,0.512,1.63,0.604,0.521,0.9,0.891,0.743,1.633,0.737,0.583,0.191,0.348,FALSE,FALSE,FALSE,FALSE,FALSE,FALSE,FALSE,FALSE,FALSE,FALSE,FALSE,FALSE,FALSE,FALSE,FALSE,FALSE,FALSE,FALSE,FALSE,FALSE,TRUE,FALSE,FALSE,FALSE,FALSE,FALSE,FALSE,FALSE,FALSE,FALSE,FALSE,FALSE,FALSE,FALSE,FALSE,FALSE,FALSE,FALSE,FALSE
1983,0.75,0.635,0.788,1.166,0.423,0.509,0.426,0.862,1.053,1.929,0.568,0.876,0.422,0.866,1.022,0.611,1.215,1.687,0.795,1.584,1.682,1.474,1.366,0.106,0.235,2.191,1.312,0.747,1.711,0.508,0.511,0.688,0.796,0.841,1.555,0.774,0.694,0.18,0.388,FALSE,FALSE,FALSE,FALSE,FALSE,FALSE,FALSE,FALSE,FALSE,FALSE,FALSE,FALSE,FALSE,FALSE,FALSE,FALSE,FALSE,FALSE,FALSE,FALSE,TRUE,FALSE,FALSE,FALSE,FALSE,FALSE,FALSE,FALSE,FALSE,FALSE,FALSE,FALSE,FALSE,FALSE,FALSE,FALSE,FALSE,FALSE,FALSE
1984,0.68,0.402,0.874,0.825,0.477,0.551,0.585,0.75,1.204,2.061,0.526,0.482,1.013,1.09,1.6,0.603,0.738,1.703,0.998,0.778,1.373,1.611,1.62,0.106,0.281,1.937,1.376,0.639,1.889,0.692,0.478,0.804,0.827,0.897,1.779,0.77,0.724,0.148,0.362,FALSE,FALSE,FALSE,FALSE,FALSE,FALSE,FALSE,FALSE,FALSE,FALSE,FALSE,FALSE,FALSE,FALSE,FALSE,FALSE,FALSE,FALSE,FALSE,FALSE,FALSE,FALSE,FALSE,FALSE,FALSE,FALSE,FALSE,FALSE,FALSE,FALSE,FALSE,FALSE,FALSE,FALSE,FALSE,FALSE,FALSE,FALSE,FALSE
1985,0.329,0.212,0.66,0.685,0.371,0.411,0.235,0.482,0.648,1.493,0.397,0.534,0.849,1.002,1.418,0.442,0.652,1.335,0.806,0.677,0.836,0.831,0.971,0.116,0.178,1.312,0.918,0.631,1.02,0.586,0.457,0.688,0.636,0.887,1.526,0.727,0.519,0.106,0.239,FALSE,FALSE,FALSE,FALSE,FALSE,FALSE,FALSE,FALSE,FALSE,FALSE,FALSE,FALSE,FALSE,FALSE,FALSE,FALSE,FALSE,FALSE,FALSE,FALSE,FALSE,FALSE,FALSE,FALSE,FALSE,FALSE,FALSE,FALSE,FALSE,FALSE,FALSE,FALSE,FALSE,FALSE,FALSE,FALSE,FALSE,FALSE,FALSE
1986,0.424,0.391,0.692,0.815,0.604,0.54,0.502,0.857,1.13,1.58,0.49,0.631,0.974,1.026,1.612,0.561,0.728,1.063,0.679,0.9,1.002,0.691,0.903,0.169,0.238,1.365,1.058,0.793,1.095,0.778,0.533,0.635,0.636,0.874,1.138,0.793,0.616,0.084,0.349,FALSE,FALSE,FALSE,FALSE,FALSE,FALSE,FALSE,FALSE,FALSE,FALSE,FALSE,FALSE,FALSE,FALSE,FALSE,FALSE,FALSE,FALSE,FALSE,FALSE,FALSE,FALSE,FALSE,FALSE,FALSE,FALSE,FALSE,FALSE,FALSE,FALSE,FALSE,FALSE,FALSE,FALSE,FALSE,FALSE,FALSE,FALSE,FALSE
1987,0.36,0.276,0.449,0.374,0.403,0.434,0.66,0.771,0.748,1.533,0.726,0.779,0.376,0.961,1.39,0.677,0.945,1.205,0.847,0.688,0.894,0.593,0.636,0.129,0.281,1.556,0.966,1.018,0.887,0.851,0.606,0.762,0.659,1.074,1.014,0.677,0.542,0.085,0.252,FALSE,FALSE,FALSE,FALSE,FALSE,FALSE,FALSE,FALSE,FALSE,FALSE,FALSE,FALSE,FALSE,FALSE,FALSE,FALSE,FALSE,FALSE,FALSE,FALSE,FALSE,FALSE,FALSE,FALSE,FALSE,FALSE,FALSE,FALSE,FALSE,FALSE,FALSE,FALSE,FALSE,FALSE,FALSE,FALSE,FALSE,FALSE,FALSE
1988,0.372,0.307,0.512,0.5,0.328,0.321,0.522,0.563,0.477,1.246,0.681,0.588,0.588,0.809,1.13,0.538,0.859,0.79,0.603,0.698,0.915,0.462,0.502,0.265,0.328,1.134,0.975,0.894,0.564,0.767,0.724,0.9,0.785,0.783,0.857,0.569,0.391,0.085,0.239,FALSE,FALSE,FALSE,FALSE,FALSE,FALSE,FALSE,FALSE,FALSE,FALSE,FALSE,FALSE,FALSE,FALSE,FALSE,FALSE,FALSE,FALSE,FALSE,FALSE,FALSE,FALSE,FALSE,FALSE,FALSE,FALSE,FALSE,FALSE,FALSE,FALSE,FALSE,FALSE,FALSE,FALSE,FALSE,FALSE,FALSE,FALSE,FALSE
1989,0.179,0.191,0.587,0.457,0.307,0.341,0.523,0.449,0.675,1.719,0.426,0.566,0.512,0.594,0.897,0.419,0.645,0.972,0.508,0.55,0.521,0.29,0.382,0.19,0.262,1.366,1.076,0.851,0.554,0.479,0.553,0.445,0.478,0.652,0.811,0.449,0.315,0.043,0.197,FALSE,FALSE,FALSE,FALSE,FALSE,FALSE,FALSE,FALSE,FALSE,FALSE,FALSE,FALSE,FALSE,FALSE,FALSE,FALSE,FALSE,FALSE,FALSE,FALSE,FALSE,FALSE,FALSE,FALSE,FALSE,FALSE,FALSE,FALSE,FALSE,FALSE,FALSE,FALSE,FALSE,FALSE,FALSE,FALSE,FALSE,FALSE,FALSE
1990,0.372,0.362,0.547,0.436,0.354,0.349,0.692,0.563,0.588,2.643,0.49,0.651,0.429,0.603,0.986,0.656,1.101,1.34,0.699,0.741,0.745,0.505,0.559,0.297,0.372,1.662,0.909,0.946,0.83,0.723,0.691,0.816,0.722,0.911,1.203,0.666,0.563,0.053,0.262,FALSE,FALSE,FALSE,FALSE,FALSE,FALSE,FALSE,FALSE,FALSE,FALSE,FALSE,FALSE,FALSE,FALSE,FALSE,FALSE,FALSE,FALSE,FALSE,FALSE,FALSE,FALSE,FALSE,FALSE,FALSE,FALSE,FALSE,FALSE,FALSE,FALSE,FALSE,FALSE,FALSE,FALSE,FALSE,FALSE,FALSE,FALSE,FALSE
1991,0.318,0.341,0.3,0.328,0.254,0.228,0.49,0.363,0.402,1.251,0.235,0.372,0.352,0.429,0.508,0.467,0.667,0.796,0.603,0.529,0.631,0.247,0.268,0.116,0.228,0.764,0.585,0.588,0.493,0.393,0.372,0.561,0.361,0.447,0.691,0.343,0.218,0.054,0.119,FALSE,FALSE,FALSE,FALSE,FALSE,FALSE,FALSE,FALSE,FALSE,FALSE,FALSE,FALSE,FALSE,FALSE,FALSE,FALSE,FALSE,FALSE,FALSE,FALSE,FALSE,FALSE,FALSE,FALSE,FALSE,FALSE,FALSE,FALSE,FALSE,FALSE,FALSE,FALSE,FALSE,FALSE,FALSE,FALSE,FALSE,FALSE,FALSE
1992,0.17,0.149,0.182,0.243,0.195,0.208,0.415,0.184,0.328,0.874,0.288,0.373,0.268,0.442,0.796,0.47,0.719,0.655,0.582,0.339,0.363,0.149,0.178,0.127,0.198,0.582,0.457,0.436,0.327,0.532,0.542,0.403,0.286,0.413,0.583,0.289,0.347,0.085,0.123,FALSE,FALSE,FALSE,FALSE,FALSE,FALSE,FALSE,FALSE,FALSE,FALSE,FALSE,FALSE,FALSE,FALSE,FALSE,FALSE,FALSE,FALSE,FALSE,FALSE,FALSE,FALSE,FALSE,FALSE,FALSE,FALSE,FALSE,FALSE,FALSE,FALSE,FALSE,FALSE,FALSE,FALSE,FALSE,FALSE,FALSE,FALSE,FALSE
1993,0.127,0.223,0.591,0.657,0.278,0.275,0.553,0.275,0.222,1.153,0.266,0.364,0.313,0.505,0.749,0.598,1.113,1.101,0.508,0.635,0.513,0.213,0.291,0.191,0.141,1.059,0.77,0.381,0.317,0.553,0.468,0.53,0.425,0.609,0.867,0.42,0.39,0.127,0.273,FALSE,FALSE,FALSE,FALSE,FALSE,FALSE,FALSE,FALSE,FALSE,FALSE,FALSE,FALSE,FALSE,FALSE,FALSE,FALSE,FALSE,FALSE,FALSE,FALSE,FALSE,FALSE,FALSE,FALSE,FALSE,FALSE,FALSE,FALSE,FALSE,FALSE,FALSE,FALSE,FALSE,FALSE,FALSE,FALSE,FALSE,FALSE,FALSE
1994,0.275,0.352,0.48,0.561,0.424,0.456,1.064,0.524,0.667,1.929,0.426,0.681,0.392,0.667,1.082,0.853,1.271,1.319,0.9,0.751,0.787,0.393,0.432,0.37,0.372,1.271,0.879,0.739,0.539,0.839,0.648,0.805,0.701,0.747,1.014,0.6,0.542,0.148,0.271,FALSE,FALSE,FALSE,FALSE,FALSE,FALSE,FALSE,FALSE,FALSE,FALSE,FALSE,FALSE,FALSE,FALSE,FALSE,FALSE,FALSE,FALSE,FALSE,FALSE,FALSE,FALSE,FALSE,FALSE,FALSE,FALSE,FALSE,FALSE,FALSE,FALSE,FALSE,FALSE,FALSE,FALSE,FALSE,FALSE,FALSE,FALSE,FALSE
1995,0.148,0.577,0.579,0.445,0.371,0.352,0.606,0.386,0.857,1.305,0.234,0.491,0.219,0.432,0.717,0.456,1.451,1.04,0.715,0.594,0.66,0.459,0.418,0.233,0.208,1.799,1.096,0.86,2.012,0.499,0.297,0.636,0.277,0.218,0.526,0.298,0.293,0.095,0.196,FALSE,FALSE,FALSE,FALSE,FALSE,FALSE,FALSE,FALSE,FALSE,FALSE,FALSE,FALSE,FALSE,FALSE,FALSE,FALSE,FALSE,FALSE,FALSE,FALSE,FALSE,FALSE,FALSE,FALSE,FALSE,FALSE,FALSE,FALSE,FALSE,FALSE,FALSE,FALSE,FALSE,FALSE,FALSE,FALSE,FALSE,FALSE,FALSE
1996,0.37,0.469,0.399,0.529,0.328,0.424,0.817,0.13,0.963,1.442,0.415,0.757,0.332,0.689,0.959,0.627,1.683,1.405,0.779,0.795,0.786,0.501,0.504,0.286,0.306,1.376,1.204,0.794,1.094,0.584,0.374,0.838,0.278,0.431,1.024,0.364,0.359,0.138,0.206,FALSE,FALSE,FALSE,FALSE,FALSE,FALSE,FALSE,FALSE,FALSE,FALSE,FALSE,FALSE,FALSE,FALSE,FALSE,FALSE,FALSE,FALSE,FALSE,FALSE,FALSE,FALSE,FALSE,FALSE,FALSE,FALSE,FALSE,FALSE,FALSE,FALSE,FALSE,FALSE,FALSE,FALSE,FALSE,FALSE,FALSE,FALSE,FALSE
1997,0.477,0.396,0.409,0.339,0.331,0.328,0.451,0.422,0.456,0.923,0.256,0.404,0.191,0.425,0.787,0.351,0.986,1.15,0.827,0.476,0.604,1.403,0.893,0.275,0.272,1.058,1.142,0.358,0.657,0.573,0.288,0.486,0.173,0.411,0.991,0.364,0.368,0.075,0.187,FALSE,FALSE,FALSE,FALSE,FALSE,FALSE,FALSE,FALSE,FALSE,FALSE,FALSE,FALSE,FALSE,FALSE,FALSE,FALSE,FALSE,FALSE,FALSE,FALSE,FALSE,FALSE,FALSE,FALSE,FALSE,FALSE,FALSE,FALSE,FALSE,FALSE,FALSE,FALSE,FALSE,FALSE,FALSE,FALSE,FALSE,FALSE,FALSE
1998,0.668,0.385,0.536,0.275,0.561,0.455,0.969,0.542,0.804,1.379,0.362,0.577,0.362,0.589,0.976,0.668,1.355,1.754,0.741,0.753,0.866,1.315,0.888,0.36,0.239,1.694,1.351,0.673,0.724,0.478,0.392,0.794,0.17,0.399,0.782,0.599,0.575,0.127,0.239,FALSE,FALSE,FALSE,FALSE,FALSE,FALSE,FALSE,FALSE,FALSE,FALSE,FALSE,FALSE,FALSE,FALSE,FALSE,FALSE,FALSE,TRUE,FALSE,FALSE,FALSE,FALSE,FALSE,FALSE,FALSE,FALSE,FALSE,FALSE,FALSE,FALSE,FALSE,FALSE,FALSE,FALSE,FALSE,FALSE,FALSE,FALSE,FALSE
1999,0.285,0.257,0.334,0.317,0.339,0.331,0.523,0.313,0.582,0.585,0.181,0.45,0.325,0.365,0.554,0.496,0.967,0.889,0.447,0.56,0.704,0.55,0.493,0.211,0.187,0.867,0.792,0.278,0.468,0.137,0.224,0.423,0.224,0.292,0.354,0.355,0.316,0.084,0.134,FALSE,FALSE,FALSE,FALSE,FALSE,FALSE,FALSE,FALSE,FALSE,FALSE,FALSE,FALSE,FALSE,FALSE,FALSE,FALSE,FALSE,FALSE,FALSE,FALSE,FALSE,FALSE,FALSE,FALSE,FALSE,FALSE,FALSE,FALSE,FALSE,FALSE,FALSE,FALSE,FALSE,FALSE,FALSE,FALSE,FALSE,FALSE,FALSE
2000,0.509,0.266,0.332,0.402,0.501,0.423,0.628,0.347,0.646,0.779,0.202,0.49,0.381,0.924,0.635,0.646,0.979,1.243,0.491,0.72,0.815,0.508,0.461,0.297,0.282,0.784,0.642,0.416,0.451,0.276,0.352,0.498,0.268,0.281,0.511,0.579,0.401,0.106,0.147,FALSE,FALSE,FALSE,FALSE,FALSE,FALSE,FALSE,FALSE,FALSE,FALSE,FALSE,FALSE,FALSE,FALSE,FALSE,FALSE,FALSE,FALSE,FALSE,FALSE,FALSE,FALSE,FALSE,FALSE,FALSE,FALSE,FALSE,FALSE,FALSE,FALSE,FALSE,FALSE,FALSE,FALSE,FALSE,FALSE,FALSE,FALSE,FALSE
2001,0.668,0.168,0.324,0.18,0.265,0.254,0.725,0.336,0.55,0.843,0.224,0.395,0.255,0.923,0.686,0.588,1.04,1.015,0.574,0.445,0.444,0.33,0.326,0.222,0.219,0.465,0.524,0.641,0.35,0.223,0.35,0.402,0.235,0.377,0.402,0.386,0.292,0.096,0.141,FALSE,FALSE,FALSE,FALSE,FALSE,FALSE,FALSE,FALSE,FALSE,FALSE,FALSE,FALSE,FALSE,FALSE,FALSE,FALSE,FALSE,FALSE,FALSE,FALSE,FALSE,FALSE,FALSE,FALSE,FALSE,FALSE,FALSE,FALSE,FALSE,FALSE,FALSE,FALSE,FALSE,FALSE,FALSE,FALSE,FALSE,FALSE,FALSE
2002,0.36,0.171,0.214,0.36,0.296,0.321,0.566,0.444,0.476,0.549,0.224,0.394,0.244,0.58,0.601,0.429,0.636,0.714,0.586,0.412,0.531,0.361,0.339,0.233,0.262,0.498,0.72,0.635,0.321,0.286,0.32,0.381,0.258,0.368,0.412,0.354,0.25,0.075,0.168,FALSE,FALSE,FALSE,FALSE,FALSE,FALSE,FALSE,FALSE,FALSE,FALSE,FALSE,FALSE,FALSE,FALSE,FALSE,FALSE,FALSE,FALSE,FALSE,FALSE,FALSE,FALSE,FALSE,FALSE,FALSE,FALSE,FALSE,FALSE,FALSE,FALSE,FALSE,FALSE,FALSE,FALSE,FALSE,FALSE,FALSE,FALSE,FALSE
2003,0.371,0.12,0.28,0.318,0.254,0.265,0.426,0.377,NA,0.55,0.193,0.287,0.334,0.468,0.452,0.439,0.733,0.703,0.458,0.477,0.563,0.382,0.373,0.222,0.242,0.412,0.573,0.355,0.265,0.277,0.309,0.37,0.321,0.312,0.345,0.195,0.195,0.106,0.164,FALSE,FALSE,FALSE,FALSE,FALSE,FALSE,FALSE,FALSE,NA,FALSE,FALSE,FALSE,FALSE,FALSE,FALSE,FALSE,FALSE,FALSE,FALSE,FALSE,FALSE,FALSE,FALSE,FALSE,FALSE,FALSE,FALSE,FALSE,FALSE,FALSE,FALSE,FALSE,FALSE,FALSE,FALSE,FALSE,FALSE,FALSE,FALSE
2004,0.444,0.128,0.237,0.264,0.287,0.543,0.821,0.498,NA,1.079,0.386,0.512,0.335,0.669,0.899,0.304,0.751,0.833,0.717,0.645,0.573,0.764,0.785,0.159,0.195,0.647,0.721,0.58,0.508,0.598,0.319,0.498,0.482,0.508,1.032,0.557,0.848,0.127,0.198,FALSE,FALSE,FALSE,FALSE,FALSE,FALSE,FALSE,FALSE,NA,FALSE,FALSE,FALSE,FALSE,FALSE,FALSE,FALSE,FALSE,FALSE,FALSE,FALSE,FALSE,FALSE,FALSE,FALSE,FALSE,FALSE,FALSE,FALSE,FALSE,FALSE,FALSE,FALSE,FALSE,FALSE,FALSE,FALSE,FALSE,FALSE,FALSE
2005,0.467,0.224,0.119,0.349,0.404,0.82,0.725,0.596,NA,1.373,0.449,0.604,0.625,0.871,1.284,0.605,1.791,1.109,0.791,0.805,0.847,0.776,0.942,0.414,0.372,0.73,0.805,0.655,0.663,0.731,0.468,0.974,0.537,0.668,1.56,0.534,0.862,0.148,0.274,FALSE,FALSE,FALSE,FALSE,FALSE,FALSE,FALSE,FALSE,NA,FALSE,FALSE,FALSE,FALSE,FALSE,FALSE,FALSE,FALSE,FALSE,FALSE,FALSE,FALSE,FALSE,FALSE,FALSE,FALSE,FALSE,FALSE,FALSE,FALSE,FALSE,FALSE,FALSE,FALSE,FALSE,FALSE,FALSE,FALSE,FALSE,FALSE
2006,0.329,0.131,0.255,0.307,0.317,0.522,0.596,0.489,NA,0.615,0.299,0.453,0.321,0.525,0.751,0.422,1.121,0.785,0.492,0.433,0.494,0.424,0.551,0.179,0.174,0.498,0.636,0.376,0.369,0.422,0.436,0.56,0.417,0.291,0.632,0.277,0.521,0.075,0.168,FALSE,FALSE,FALSE,FALSE,FALSE,FALSE,FALSE,FALSE,NA,FALSE,FALSE,FALSE,FALSE,FALSE,FALSE,FALSE,FALSE,FALSE,FALSE,FALSE,FALSE,FALSE,FALSE,FALSE,FALSE,FALSE,FALSE,FALSE,FALSE,FALSE,FALSE,FALSE,FALSE,FALSE,FALSE,FALSE,FALSE,FALSE,FALSE
2007,0.201,0.101,0.343,0.212,0.17,0.265,0.489,0.325,NA,0.522,0.235,0.321,0.291,0.536,0.673,0.411,0.879,0.7,0.353,0.392,0.344,0.276,0.311,0.17,0.175,0.434,0.477,0.355,0.275,0.357,0.382,0.561,0.483,0.4,0.599,0.32,0.422,0.105,0.285,FALSE,FALSE,FALSE,FALSE,FALSE,FALSE,FALSE,FALSE,NA,FALSE,FALSE,FALSE,FALSE,FALSE,FALSE,FALSE,FALSE,FALSE,FALSE,FALSE,FALSE,FALSE,FALSE,FALSE,FALSE,FALSE,FALSE,FALSE,FALSE,FALSE,FALSE,FALSE,FALSE,FALSE,FALSE,FALSE,FALSE,FALSE,FALSE
2008,0.298,0.128,0.25,0.243,0.183,0.321,0.511,0.388,NA,0.893,0.288,0.388,0.268,0.492,0.768,0.36,0.573,0.574,0.364,0.392,0.345,0.297,0.442,0.211,0.161,0.413,0.615,0.476,0.299,0.28,0.266,0.477,0.546,0.316,0.356,0.32,0.37,0.098,0.355,FALSE,FALSE,FALSE,FALSE,FALSE,FALSE,FALSE,FALSE,NA,FALSE,FALSE,FALSE,FALSE,FALSE,FALSE,FALSE,FALSE,FALSE,FALSE,FALSE,FALSE,FALSE,FALSE,FALSE,FALSE,FALSE,FALSE,FALSE,FALSE,FALSE,FALSE,FALSE,FALSE,FALSE,FALSE,FALSE,FALSE,FALSE,FALSE
2009,0.234,0.123,0.336,0.329,0.243,0.307,0.757,0.492,NA,0.989,0.312,0.388,0.389,0.537,0.859,0.367,0.504,0.542,0.245,0.424,0.324,0.435,0.532,0.191,0.175,0.445,0.615,0.55,0.274,0.39,0.277,0.603,0.712,0.347,0.27,0.415,0.367,0.18,0.325,FALSE,FALSE,FALSE,FALSE,FALSE,FALSE,FALSE,FALSE,NA,FALSE,FALSE,FALSE,FALSE,FALSE,FALSE,FALSE,FALSE,FALSE,FALSE,FALSE,FALSE,FALSE,FALSE,FALSE,FALSE,FALSE,FALSE,FALSE,FALSE,FALSE,FALSE,FALSE,FALSE,FALSE,FALSE,FALSE,FALSE,FALSE,FALSE
2010,0.778,0.185,0.262,0.413,0.435,0.714,1.619,0.88,NA,2.85,0.642,0.7,0.435,0.932,1.47,0.501,1.107,0.966,0.663,0.593,0.648,0.997,0.921,0.276,0.228,1.006,1.155,1.303,0.549,0.984,0.448,0.931,0.926,0.542,0.476,0.672,0.845,0.211,0.322,FALSE,FALSE,FALSE,FALSE,FALSE,FALSE,FALSE,FALSE,NA,FALSE,FALSE,FALSE,FALSE,FALSE,FALSE,FALSE,FALSE,FALSE,FALSE,FALSE,FALSE,FALSE,FALSE,FALSE,FALSE,FALSE,FALSE,FALSE,FALSE,FALSE,FALSE,FALSE,FALSE,FALSE,FALSE,FALSE,FALSE,FALSE,FALSE
2011,0.383,0.109,0.4,0.381,0.191,0.588,1.287,0.478,NA,1.861,0.481,0.602,0.334,0.624,1.179,0.39,0.682,1.051,0.609,0.55,0.553,0.595,0.557,0.265,0.27,0.689,0.953,0.707,0.378,0.756,0.393,0.635,0.584,0.488,0.473,0.331,0.502,0.127,0.208,FALSE,FALSE,FALSE,FALSE,FALSE,FALSE,FALSE,FALSE,NA,FALSE,FALSE,FALSE,FALSE,FALSE,FALSE,FALSE,FALSE,FALSE,FALSE,FALSE,FALSE,FALSE,FALSE,FALSE,FALSE,FALSE,FALSE,FALSE,FALSE,FALSE,FALSE,FALSE,FALSE,FALSE,FALSE,FALSE,FALSE,FALSE,FALSE
2012,0.299,0.132,0.358,0.17,NA,0.445,0.681,0.262,NA,0.59,0.353,0.431,0.374,0.567,1.063,0.381,0.642,0.903,0.545,0.614,0.469,0.446,0.399,0.211,0.195,0.53,0.552,0.619,0.289,0.704,0.383,0.54,0.439,0.216,0.147,0.33,0.453,0.161,0.168,FALSE,FALSE,FALSE,FALSE,NA,FALSE,FALSE,FALSE,NA,FALSE,FALSE,FALSE,FALSE,FALSE,FALSE,FALSE,FALSE,FALSE,FALSE,FALSE,FALSE,FALSE,FALSE,FALSE,FALSE,FALSE,FALSE,FALSE,FALSE,FALSE,FALSE,FALSE,FALSE,FALSE,FALSE,FALSE,FALSE,FALSE,FALSE
2013,0.192,0.115,0.262,0.105,NA,0.312,0.426,0.208,NA,0.62,0.193,0.295,0.247,0.37,0.632,0.334,0.48,0.52,0.491,0.414,0.339,0.307,0.386,0.149,0.162,0.34,0.572,0.408,0.289,0.368,0.266,0.413,0.314,0.206,0.114,0.332,0.368,0.116,0.157,FALSE,FALSE,FALSE,FALSE,NA,FALSE,FALSE,FALSE,NA,FALSE,FALSE,FALSE,FALSE,FALSE,FALSE,FALSE,FALSE,FALSE,FALSE,FALSE,FALSE,FALSE,FALSE,FALSE,FALSE,FALSE,FALSE,FALSE,FALSE,FALSE,FALSE,FALSE,FALSE,FALSE,FALSE,FALSE,FALSE,FALSE,FALSE
2014,0.234,0.128,0.31,0.254,NA,0.341,0.763,0.336,NA,0.934,0.235,0.359,0.299,0.413,0.57,0.326,0.523,0.627,0.449,0.532,0.395,0.393,0.482,0.191,0.219,0.487,0.789,0.555,0.242,0.496,0.255,0.476,0.43,0.368,0.168,0.319,0.382,0.192,0.177,FALSE,FALSE,FALSE,FALSE,NA,FALSE,FALSE,FALSE,NA,FALSE,FALSE,FALSE,FALSE,FALSE,FALSE,FALSE,FALSE,FALSE,FALSE,FALSE,FALSE,FALSE,FALSE,FALSE,FALSE,FALSE,FALSE,FALSE,FALSE,FALSE,FALSE,FALSE,FALSE,FALSE,FALSE,FALSE,FALSE,FALSE,FALSE
2015,0.245,0.151,0.399,0.297,NA,0.27,0.501,0.306,NA,0.803,0.214,0.295,0.365,0.393,0.517,0.476,0.566,0.563,0.385,0.563,0.426,0.393,0.437,0.191,0.161,0.297,0.521,0.472,0.227,0.475,0.408,0.444,0.357,0.465,0.208,0.319,0.371,0.223,0.185,FALSE,FALSE,FALSE,FALSE,NA,FALSE,FALSE,FALSE,NA,FALSE,FALSE,FALSE,FALSE,FALSE,FALSE,FALSE,FALSE,FALSE,FALSE,FALSE,FALSE,FALSE,FALSE,FALSE,FALSE,FALSE,FALSE,FALSE,FALSE,FALSE,FALSE,FALSE,FALSE,FALSE,FALSE,FALSE,FALSE,FALSE,FALSE
2016,0.148,0.086,0.332,0.307,NA,0.289,0.393,0.38,NA,0.871,0.213,0.349,0.304,0.37,0.47,0.37,0.587,0.679,0.31,0.382,0.368,0.396,0.657,0.126,0.196,0.435,0.736,0.552,0.157,0.239,0.198,0.36,0.321,0.388,0.209,0.373,0.257,0.192,0.201,FALSE,FALSE,FALSE,FALSE,NA,FALSE,FALSE,FALSE,NA,FALSE,FALSE,FALSE,FALSE,FALSE,FALSE,FALSE,FALSE,FALSE,FALSE,FALSE,FALSE,FALSE,FALSE,FALSE,FALSE,FALSE,FALSE,FALSE,FALSE,FALSE,FALSE,FALSE,FALSE,FALSE,FALSE,FALSE,FALSE,FALSE,FALSE
2017,0.256,0.138,0.312,0.338,NA,0.327,0.372,0.295,NA,0.891,0.248,0.349,0.397,0.447,0.65,0.4,0.533,0.616,0.31,0.445,0.422,0.472,0.513,0.191,0.205,0.445,0.425,0.532,0.265,0.368,0.309,0.54,0.313,0.431,0.206,0.426,0.456,0.297,0.268,FALSE,FALSE,FALSE,FALSE,NA,FALSE,FALSE,FALSE,NA,FALSE,FALSE,FALSE,FALSE,FALSE,FALSE,FALSE,FALSE,FALSE,FALSE,FALSE,FALSE,FALSE,FALSE,FALSE,FALSE,FALSE,FALSE,FALSE,FALSE,FALSE,FALSE,FALSE,FALSE,FALSE,FALSE,FALSE,FALSE,FALSE,FALSE
2018,0.213,0.094,0.366,0.371,NA,0.293,0.319,0.262,NA,1.038,0.202,0.316,0.341,0.447,0.916,0.334,0.493,0.526,0.235,0.458,0.445,0.473,0.465,0.18,0.183,0.382,0.533,0.446,0.227,0.259,0.272,0.55,0.41,0.444,0.214,0.351,0.352,0.256,0.197,FALSE,FALSE,FALSE,FALSE,NA,FALSE,FALSE,FALSE,NA,FALSE,FALSE,FALSE,FALSE,FALSE,FALSE,FALSE,FALSE,FALSE,FALSE,FALSE,FALSE,FALSE,FALSE,FALSE,FALSE,FALSE,FALSE,FALSE,FALSE,FALSE,FALSE,FALSE,FALSE,FALSE,FALSE,FALSE,FALSE,FALSE,FALSE
2019,0.245,0.134,0.291,0.381,NA,0.421,0.285,0.174,NA,0.917,0.172,0.295,0.35,0.513,0.916,0.368,0.458,0.47,0.214,0.49,0.512,0.375,0.498,0.148,0.164,0.413,0.478,0.478,0.185,0.249,0.251,0.339,0.269,0.453,0.185,0.331,0.375,0.34,0.213,FALSE,FALSE,FALSE,FALSE,NA,FALSE,FALSE,FALSE,NA,FALSE,FALSE,FALSE,FALSE,FALSE,FALSE,FALSE,FALSE,FALSE,FALSE,FALSE,FALSE,FALSE,FALSE,FALSE,FALSE,FALSE,FALSE,FALSE,FALSE,FALSE,FALSE,FALSE,FALSE,FALSE,FALSE,FALSE,FALSE,FALSE,FALSE
2020,0.159,0.095,0.363,0.37,NA,0.294,0.467,0.547,NA,0.92,0.204,0.293,0.436,0.501,1.03,0.409,0.685,0.523,0.224,0.605,0.512,0.442,0.552,0.18,0.144,0.488,0.382,0.411,0.157,0.289,0.283,0.5,0.352,0.552,0.132,0.402,0.366,0.374,0.218,FALSE,FALSE,FALSE,FALSE,NA,FALSE,FALSE,FALSE,NA,FALSE,FALSE,FALSE,FALSE,FALSE,FALSE,FALSE,FALSE,FALSE,FALSE,FALSE,FALSE,FALSE,FALSE,FALSE,FALSE,FALSE,FALSE,FALSE,FALSE,FALSE,FALSE,FALSE,FALSE,FALSE,FALSE,FALSE,FALSE,FALSE,FALSE
2021,0.149,0.123,0.324,0.381,NA,0.199,0.261,0.37,NA,0.431,0.171,0.208,0.332,0.305,0.641,0.345,0.437,0.318,0.224,0.355,0.444,0.391,0.295,0.106,0.097,0.265,0.245,0.235,0.143,0.151,0.235,0.392,0.28,0.334,0.068,0.314,0.261,0.258,0.17,FALSE,FALSE,FALSE,FALSE,NA,FALSE,FALSE,FALSE,NA,FALSE,FALSE,FALSE,FALSE,FALSE,FALSE,FALSE,FALSE,FALSE,FALSE,FALSE,FALSE,FALSE,FALSE,FALSE,FALSE,FALSE,FALSE,FALSE,FALSE,FALSE,FALSE,FALSE,FALSE,FALSE,FALSE,FALSE,FALSE,FALSE,FALSE
