# Upper Colorado River 1,244 Year Bias Corrected Flow Reconstructions 
#----------------------------------------------------------------------- 
#                World Data Service for Paleoclimatology, Boulder 
#                                  and 
#                     NOAA Paleoclimatology Program 
#             National Centers for Environmental Information (NCEI)
#----------------------------------------------------------------------- 
# Template Version 3.0
# Encoding: UTF-8
# NOTE: Please cite Publication, and Online_Resource and date accessed when using these data. 
# If there is no publication information, please cite Investigators, Title, and Online_Resource and date accessed. 
#
# Online_Resource: https://www.ncdc.noaa.gov/paleo/study/28810 
#       Description: NOAA Landing Page
# Online_Resource: https://www1.ncdc.noaa.gov/pub/data/paleo/treering/reconstructions/northamerica/usa/colorado2020flow.txt
#       Description: NOAA location of the template
#
# Original_Source_URL:  
#       Description:
# 
# Description/Documentation lines begin with #
# Data lines have no #
#
# Archive: Climate Reconstructions
#
# Dataset DOI: 
#
# Parameter_Keywords: streamflow
#--------------------
# Contribution_Date
#	Date: 2020-01-16
#--------------------
# File_Last_Modified_Date
#	Date: 2020-01-16
#--------------------
# Title
#	Study_Name: Upper Colorado River 1,244 Year Bias Corrected Flow Reconstructions 
#--------------------
# Investigators
#	Investigators: Robeson, S.M.; Maxwell, J.T.; Ficklin, D.L.
#--------------------
# Description_Notes_and_Keywords
#	Description: Quantile mapping applied to the original Meko et al. (2007) reconstruction of Upper Colorado River flow at Lee's Ferry, 
#	Arizona (USA), to better evaluate the magnitude, duration, and intensity of extreme droughts and pluvials in the 1200+ year streamflow record.
#	The reconstruction gives the total flow for each water year (October 1 to September 30, with the yearly designation referring to 
#	the latter calendar year) from 762 to 2005 CE. All observed and reconstructed flows are reported in billions of cubic meters per year. 
#	The reconstructed flow is for "naturalized" streamflow, which is an estimate of flow after removing the impacts of human activity 
#	such as reservoirs, irrigation-water extractions, and other depletions. Naturalized streamflow is used because it represents 
#	interannual climate variability rather than human use of river water. 
#
#	The data files are:
#	1) The original and bias-corrected time series for 762 to 2005 for the four nested models that Meko et al. (2007) used to create the full reconstruction. 
#	2) A text file supplied by Dr. David Meko of the University of Arizona contains the original (unadjusted) time series for the four nested models.
#	3) An R script to perform bias correction on the four nested models that are then composited to create the full bias-corrected time series.
#
#--------------------
# Publication 
#	Authors: Scott M. Robeson, Justin T. Maxwell, Darren L. Ficklin
#	Published_Date_or_Year: 2020-01-16     
#	Published_Title: Bias Correction of Paleoclimatic Reconstructions: A New Look at 1,200+ Years of Upper Colorado River Flow
#	Journal_Name: Geophysical Research Letters
#	Volume: 47
#	Edition: e2019GL086689
#	Issue: 1 
#	Pages: 
#	Report_Number: 
#	DOI: 10.1029/2019GL086689
#	Online_Resource: https://agupubs.onlinelibrary.wiley.com/doi/10.1029/2019GL086689
#	Full_Citation: 
#	Abstract: Bias correction, while widely used with climate-model output, is not typically applied to paleoclimatic reconstructions. While many reconstruction models have low average error, they still may contain bias, especially in the tails of distributions. Bias correction, used cautiously, can be a valuable procedure that alters interpretations of past events. Analyzing the iconic tree-ring reconstruction of Upper Colorado River flow, we find that its probability distribution is markedly different from that of observed flow. Using quantile mapping to bias correct the reconstruction, we analyze the full reconstructed record and two events in particular: the 1100s megadrought and the early 1600s pluvial. Overall, bias correction made the 1100s megadrought, the largest in the 1,200+ year record, even more extreme. After bias correction, the early 1600s pluvial marginally exceeds the early twentieth century pluvial in magnitude but not in duration. Overall, bias correction should be considered whenever paleoclimatic reconstructions are compared directly to observations.
#------------------
# Funding_Agency 
#	Funding_Agency_Name: 
#	Grant: 
#------------------
# Site_Information 
#	Site_Name: Lee's Ferry
#	Location: North America>United States Of America>Arizona
#	Country: United States Of America 
#	Northernmost_Latitude: 36.8675
# 	Southernmost_Latitude: 36.8675 
# 	Easternmost_Longitude: -111.5953
# 	Westernmost_Longitude: -111.5953
# 	Elevation:  
#------------------
# Data_Collection   
#	Collection_Name: Colorado2020Flow
#	Earliest_Year: 762
#	Most_Recent_Year: 2005
#	Time_Unit: Year CE
#	Core_Length: 
#	Notes: 
#------------------
# Chronology_Information
#	Chronology: 
# 	
#----------------
# Variables 
#
# Data variables follow are preceded by "##" in columns one and two.
# Data line variables format:  one per line, shortname-tab-variable components (what, material, error, units, seasonality, data type,detail, method, C or N for Character or Numeric data, free text) 
# 
## age_CE	age, , , year Common Era, , climate reconstructions, , ,N, Water year October 1 to September 30
## Model	Model, , , , , , , ,N, Nested model used for each year's reconstruction
## RecBCM	streamflow, , , billions of cubic meters, annual,climate reconstructions,,,N, Reconstructed flow (billions of cubic meters) from Meko et al. (2007)
## ObsBCM	streamflow, , , billions of cubic meters, annual,climate reconstructions,,,N, Observed flow (billions of cubic meters) from Meko et al. (2007)
## Mod1_bc	streamflow, , , billions of cubic meters, annual,climate reconstructions,,Bias-corrected flow using Model 1,N, 
## Mod2_bc	streamflow, , , billions of cubic meters, annual,climate reconstructions,,Bias-corrected flow using Model 2,N, 
## Mod3_bc	streamflow, , , billions of cubic meters, annual,climate reconstructions,,Bias-corrected flow using Model 3,N, 
## Mod4_bc	streamflow, , , billions of cubic meters, annual,climate reconstructions,,Bias-corrected flow using Model 4,N, 
## RRecBCM_bc	streamflow, , , billions of cubic meters, annual,climate reconstructions,,Bias-corrected flow (composite of nested models),N, 
#
#----------------
# Data:
# Data lines follow (have no #)
# Data line format - tab-delimited text, variable short name as header
# Missing Values: NA
#
age_CE	Model	RecBCM	ObsBCM	Mod1_bc	Mod2_bc	Mod3_bc	Mod4_bc	RecBCM_bc
762	1	20.17	NA	21.32313086	19.98180015	20.25978	20.48008168	21.32313086
763	1	16.26	NA	14.26170206	14.9774071	15.26527111	14.72531843	14.26170206
764	1	14.97	NA	13.57005508	13.88026062	13.8525289	13.5795121	13.57005508
765	1	15.65	NA	13.97948346	14.39245344	14.39103811	14.0519012	13.97948346
766	1	20.55	NA	21.74449761	20.49982587	20.73760023	21.08809384	21.74449761
767	1	17.73	NA	16.24668507	16.71129259	16.66116106	16.99420329	16.24668507
768	1	20.41	NA	21.60134561	20.28851292	20.52059496	20.90524617	21.60134561
769	1	20.33	NA	21.52762738	20.16476178	20.4235314	20.79179639	21.52762738
770	1	16.64	NA	14.55683682	15.49971413	15.82066186	15.1474917	14.55683682
771	1	17.28	NA	15.29046646	16.25898883	16.30698872	16.06678604	15.29046646
772	1	22.34	NA	24.1764873	23.72168222	23.34696885	23.36010189	24.1764873
773	1	19.6	NA	20.4246249	18.91407433	18.81047906	19.10984254	20.4246249
774	1	15.2	NA	13.71779252	13.99999227	13.8769935	13.6994623	13.71779252
775	1	18.54	NA	18.52828651	17.33465723	17.18241599	18.13385834	18.52828651
776	1	23.57	NA	26.90703446	25.76723776	25.358838	26.01579774	26.90703446
777	1	20.82	NA	22.05154571	20.77150863	21.08229155	21.37193967	22.05154571
778	1	19.02	NA	19.43650684	18.07764923	17.97828873	18.5057107	19.43650684
779	1	17.89	NA	16.46474099	16.85929675	16.73847305	17.24914094	16.46474099
780	1	21.19	NA	22.46748908	21.82225643	21.54639825	21.74685572	22.46748908
781	1	16.56	NA	14.47987845	15.38313836	15.7193254	15.05493079	14.47987845
782	1	20.13	NA	21.27068882	19.91134775	20.13314104	20.40398607	21.27068882
783	1	22.38	NA	24.26752057	23.79746678	23.41567581	23.44695105	24.26752057
784	1	29.99	NA	30.78843045	31.81483482	32.03700966	34.7459203	30.78843045
785	1	22.1	NA	23.63028766	23.2731633	22.94711299	22.9022856	23.63028766
786	1	10.81	NA	9.505691656	10.65821868	10.66518107	9.848037872	9.505691656
787	1	19.27	NA	19.89827111	18.39875936	18.33882713	18.77738256	19.89827111
788	1	21.25	NA	22.53702583	21.98763011	21.61773279	21.81149119	22.53702583
789	1	21.1	NA	22.36318396	21.49898887	21.44321512	21.65049652	22.36318396
790	1	17.68	NA	16.11035458	16.66504128	16.63700106	16.89740486	16.11035458
791	1	16.49	NA	14.42401326	15.28113456	15.61109308	14.96891192	14.42401326
792	1	13.15	NA	11.83176043	12.04061523	12.26545006	11.90762387	11.83176043
793	1	16.68	NA	14.59578151	15.55784708	15.86889758	15.19377215	14.59578151
794	1	14.5	NA	13.26358131	13.46548957	13.57559532	13.07517422	13.26358131
795	1	22.62	NA	24.77823761	24.29544516	23.92684784	24.08504949	24.77823761
796	1	22.23	NA	23.9261458	23.5132747	23.16153846	23.12460751	23.9261458
797	1	13.58	NA	12.28761559	12.49167036	12.75206153	12.25452779	12.28761559
798	1	19.66	NA	20.52223861	19.0134994	18.92071527	19.14932572	20.52223861
799	1	15.06	NA	13.62786538	13.92711213	13.89439281	13.62042283	13.62786538
800	1	21.29	NA	22.58338366	22.0086654	21.67568769	21.85458151	22.58338366
801	1	26.1	NA	27.93320589	27.95683162	27.83700938	30.7193902	27.93320589
802	1	24.79	NA	27.19819307	26.59879778	26.435651	28.14468126	27.19819307
803	1	26.03	NA	27.87205453	27.88502368	27.76526137	30.58155909	27.87205453
804	1	21.04	NA	22.29364722	21.27467915	21.35904861	21.5891011	22.29364722
805	1	16.47	NA	14.40805177	15.25199061	15.58016956	14.94401606	14.40805177
806	1	15.99	NA	14.10900061	14.7416041	14.96763612	14.44562563	14.10900061
807	1	13.97	NA	12.73226554	12.86017671	13.06382612	12.61926082	12.73226554
808	1	17.38	NA	15.47822092	16.38498243	16.39134477	16.2928348	15.47822092
809	1	12.84	NA	11.54981738	11.90402656	12.03294726	11.69291642	11.54981738
810	1	22.82	NA	25.10961668	24.64481767	24.35953317	24.62969247	25.10961668
811	1	22.78	NA	25.07911947	24.58313587	24.27299611	24.52015875	25.07911947
812	1	17.56	NA	15.78631688	16.55403816	16.54318566	16.67145104	15.78631688
813	1	19.26	NA	19.88008275	18.38621431	18.32741793	18.76664146	19.88008275
814	1	17.47	NA	15.60606847	16.47078582	16.46726521	16.49627868	15.60606847
815	1	10.21	NA	9.09608674	10.34130163	10.32336368	9.360001287	9.09608674
816	1	19.38	NA	20.0867234	18.55377049	18.47697198	18.89553465	20.0867234
817	1	15.98	NA	14.10537543	14.73301828	14.9621191	14.43213318	14.10537543
818	1	13.47	NA	12.16684964	12.35759373	12.62994304	12.16012245	12.16684964
819	1	10.25	NA	9.123416267	10.36242943	10.34615151	9.392537059	9.123416267
820	1	24.21	NA	27.06515727	26.38377431	26.00130927	27.05184709	27.06515727
821	1	24.5	NA	27.13167517	26.37229275	26.24086742	27.60619778	27.13167517
822	1	16.11	NA	14.15250278	14.84103764	15.05252108	14.57846453	14.15250278
823	1	5.99	NA	6.327572346	7.68339723	7.8334464	6.876523354	6.327572346
824	1	14.41	NA	13.21177944	13.35149232	13.46074658	12.99484083	13.21177944
825	1	14.85	NA	13.49297467	13.78639872	13.78603996	13.48570266	13.49297467
826	1	19.44	NA	20.17812508	18.65181601	18.55953594	18.95998125	20.17812508
827	1	15.79	NA	14.03649699	14.53106428	14.65722459	14.20171838	14.03649699
828	1	15.09	NA	13.64713548	13.9427293	13.89066439	13.63587184	13.64713548
829	1	14.22	NA	13.01867157	13.1504478	13.25596231	12.8252481	13.01867157
830	1	12.86	NA	11.56626091	11.91283873	12.04794744	11.71113912	11.56626091
831	1	18.68	NA	18.82724341	17.49117145	17.41896811	18.2434177	18.82724341
832	1	20.88	NA	22.11839752	20.93134279	21.14521767	21.42515772	22.11839752
833	1	18.53	NA	18.50754933	17.33692239	17.16551941	18.1252642	18.50754933
834	1	15.22	NA	13.73063926	13.9977826	13.87450788	13.7110242	13.73063926
835	1	12.14	NA	10.74484029	11.58974112	11.55899647	11.1397366	10.74484029
836	1	18.64	NA	18.75188225	17.41500339	17.35138179	18.21356026	18.75188225
837	1	20.79	NA	22.0181198	20.70002977	21.05082848	21.34616091	22.0181198
838	1	20.05	NA	21.17663446	19.77044295	19.87986314	20.23057127	21.17663446
839	1	15.04	NA	13.61501865	13.91670068	13.89131411	13.61133156	13.61501865
840	1	10.96	NA	9.605637208	10.80012504	10.77941632	9.970047019	9.605637208
841	1	15.8	NA	14.04012217	14.54314896	14.6736629	14.21467632	14.04012217
842	1	17.52	NA	15.69884433	16.51703712	16.50944324	16.59804375	15.69884433
843	1	20.65	NA	21.84674904	20.58324416	20.892604	21.21127507	21.84674904
844	1	20.85	NA	22.08497161	20.85142571	21.11375461	21.39771843	22.08497161
845	1	17.5	NA	15.65510806	16.4985366	16.49257203	16.55890486	15.65510806
846	1	17.39	NA	15.49687156	16.39678373	16.39978037	16.31543967	15.49687156
847	1	15.42	NA	13.85871362	14.11531436	14.02851805	13.85142342	13.85871362
848	1	12.94	NA	11.6350995	11.94808742	12.10794816	11.77163244	11.6350995
849	1	14.51	NA	13.27045626	13.47860714	13.5883563	13.08410016	13.27045626
850	1	23.47	NA	26.65614545	25.70352928	25.24893781	25.85372945	26.65614545
851	1	20.16	NA	21.30971818	19.96418705	20.22812026	20.45579127	21.30971818
852	1	16.63	NA	14.54710064	15.48514216	15.80860293	15.13592159	14.54710064
853	1	18.96	NA	19.32146328	17.99411964	17.89753434	18.4524198	19.32146328
854	1	21.13	NA	22.39795234	21.59443383	21.4776095	21.68222024	22.39795234
855	1	18.05	NA	17.04106411	17.00730092	16.81578504	17.54409535	17.04106411
856	1	15.38	NA	13.83341314	14.06711626	13.96449413	13.8175956	13.83341314
857	1	18.72	NA	18.90260457	17.56733951	17.48655443	18.27327515	18.90260457
858	1	22.16	NA	23.76683757	23.38351806	23.04607859	23.00324786	23.76683757
859	1	18.77	NA	18.98680709	17.66254959	17.57103733	18.31059695	18.98680709
860	1	13.23	NA	11.9033603	12.07586392	12.34984257	11.95943013	11.9033603
861	1	16.32	NA	14.28834065	15.04406447	15.35037112	14.78405999	14.28834065
862	1	15.74	NA	14.01837108	14.47966111	14.56828242	14.13692866	14.01837108
863	1	15.03	NA	13.60859528	13.91149496	13.88577336	13.60678592	13.60859528
864	1	18.1	NA	17.25564695	17.03775008	16.83994503	17.63043956	17.25564695
865	1	17.59	NA	15.86495969	16.58178894	16.56849247	16.72587796	15.86495969
866	1	15.73	NA	14.0147459	14.47077475	14.54888948	14.12397072	14.0147459
867	1	11.53	NA	10.03370634	11.28305974	11.24986546	10.44451103	10.03370634
868	1	18.67	NA	18.80840312	17.47212944	17.40207153	18.23595334	18.80840312
869	1	18.26	NA	17.89785409	17.12352524	16.91725702	17.89007714	17.89785409
870	1	18.54	NA	18.52828651	17.33465723	17.18241599	18.13385834	18.52828651
871	1	17.67	NA	16.08308848	16.65579102	16.63216906	16.87804517	16.08308848
872	1	16.93	NA	14.80783922	15.92037163	16.19012136	15.53557962	14.80783922
873	1	12.28	NA	10.92962348	11.65541918	11.63346661	11.23515798	10.92962348
874	1	9.24	NA	8.433345725	9.718941617	9.772162167	8.468957397	8.433345725
875	1	12.65	NA	11.39360379	11.82031092	11.86758774	11.52440806	11.39360379
876	1	20.74	NA	21.95550472	20.65832063	20.99839004	21.30319631	21.95550472
877	1	21.95	NA	23.4038592	23.02910073	22.7293417	22.6494626	23.4038592
878	1	16.55	NA	14.47189771	15.36856639	15.70386364	15.04336068	14.47189771
879	1	17.45	NA	15.58293609	16.4522853	16.450394	16.45106893	15.58293609
880	1	15.39	NA	13.8398365	14.07916579	13.98050011	13.82605256	13.8398365
881	1	17.17	NA	15.08278764	16.12039587	16.2699178	15.89026092	15.08278764
882	1	17.28	NA	15.29046646	16.25898883	16.30698872	16.06678604	15.29046646
883	1	14.13	NA	12.9155654	13.05521619	13.18679328	12.74668454	12.9155654
884	1	11.43	NA	9.920347166	11.22866776	11.16733053	10.36045645	9.920347166
885	1	18.93	NA	19.26603302	17.94741703	17.85727499	18.43002672	19.26603302
886	1	23.21	NA	26.00383401	25.26706871	24.91097341	25.45265611	26.00383401
887	1	25.46	NA	27.37410773	27.29677057	27.15319775	29.45922008	27.37410773
888	1	20.95	NA	22.19639129	21.11781597	21.23274992	21.49700797	22.19639129
889	1	13.91	NA	12.66352809	12.77931563	13.03056582	12.57147693	12.66352809
890	1	16.67	NA	14.58604533	15.5433461	15.85683865	15.18220204	14.58604533
891	1	11.69	NA	10.21508101	11.37008691	11.33755908	10.57899835	10.21508101
892	1	18.9	NA	19.21060276	17.90017081	17.79887924	18.40763364	19.21060276
893	1	19.92	NA	20.98102138	19.51066963	19.55117767	19.77094501	20.98102138
894	1	20.9	NA	22.14068145	20.98462084	21.16619305	21.44581298	22.14068145
895	1	20.95	NA	22.19639129	21.11781597	21.23274992	21.49700797	22.19639129
896	1	24.61	NA	27.1569061	26.4112827	26.31475085	27.80204504	27.1569061
897	1	17.25	NA	15.23382678	16.22119075	16.28168191	16.00714697	15.23382678
898	1	16.27	NA	14.26907486	14.98851667	15.27945444	14.73510869	14.26907486
899	1	24.19	NA	27.06056982	26.38456615	25.98936269	27.01788471	27.06056982
900	1	18.74	NA	18.94028515	17.60542355	17.52034759	18.28820387	18.94028515
901	1	15.63	NA	13.96898173	14.36835439	14.35059364	14.03713671	13.96898173
902	1	14.45	NA	13.22991114	13.39990168	13.51179047	13.03054456	13.22991114
903	1	13.48	NA	12.17782836	12.36978252	12.64104472	12.16870475	12.17782836
904	1	16.01	NA	14.11625097	14.75877575	14.97833744	14.47261051	14.11625097
905	1	19.67	NA	20.54010915	19.03007024	18.93959761	19.15590625	20.54010915
906	1	12.29	NA	10.94282228	11.66011047	11.63927503	11.2419738	10.94282228
907	1	14.17	NA	12.96139036	13.09754135	13.21753507	12.78061844	12.96139036
908	1	21.68	NA	23.09407591	22.67853028	22.29434643	22.23074477	23.09407591
909	1	16.43	NA	14.37612881	15.19253221	15.51832252	14.89737521	14.37612881
910	1	14.91	NA	13.53151487	13.83749325	13.81928443	13.55223829	13.53151487
911	1	22.11	NA	23.65304598	23.29155576	22.96360726	22.91911264	23.65304598
912	1	21.94	NA	23.39025423	23.01568674	22.71772873	22.6325934	23.39025423
913	1	18.32	NA	18.09701009	17.15569093	16.94624902	17.95752293	18.09701009
914	1	18.58	NA	18.61145024	17.32559659	17.25000231	18.16823491	18.61145024
915	1	15.9	NA	14.07637398	14.65646665	14.83589745	14.32419364	14.07637398
916	1	16.43	NA	14.37612881	15.19253221	15.51832252	14.89737521	14.37612881
917	1	18.42	NA	18.30857916	17.20930041	16.99456901	18.03072862	18.30857916
918	1	19.32	NA	19.98921286	18.46148462	18.39587316	18.83108806	19.98921286
919	1	18.81	NA	19.04780145	17.73871765	17.63862365	18.34045439	19.04780145
920	1	11.72	NA	10.24908876	11.38640451	11.35232157	10.60421473	10.24908876
921	1	23.57	NA	26.90703446	25.76723776	25.358838	26.01579774	26.90703446
922	1	19.62	NA	20.45622454	18.94721602	18.8451859	19.1230036	20.45622454
923	1	19.84	NA	20.84976183	19.31411447	19.32115571	19.5298428	20.84976183
924	1	10.13	NA	9.041427688	10.29904602	10.27778803	9.289165436	9.041427688
925	1	17.02	NA	14.89772224	15.95375189	16.27430868	15.66625161	14.89772224
926	1	24.66	NA	27.1683747	26.46337023	26.34833423	27.89294888	27.1683747
927	1	21.96	NA	23.41746418	23.04035213	22.74095467	22.6663318	23.41746418
928	1	20.97	NA	22.21798697	21.16211845	21.26081629	21.51747311	22.21798697
929	1	23.19	NA	25.9536562	25.23507834	24.88331721	25.42626951	25.9536562
930	1	15	NA	13.58932518	13.89587779	13.86915113	13.59314901	13.58932518
931	1	22.15	NA	23.74407925	23.3651256	23.02958432	22.98642082	23.74407925
932	1	21.03	NA	22.28205776	21.25859905	21.34501542	21.57886853	22.28205776
933	1	14.99	NA	13.58290181	13.89067206	13.86361039	13.58860338	13.58290181
934	1	13.75	NA	12.48022823	12.619055	12.9407901	12.4265608	12.48022823
935	1	20.72	NA	21.92852484	20.64163697	20.97741467	21.28601046	21.92852484
936	1	17.8	NA	16.43754776	16.77604441	16.69498505	17.08319977	16.43754776
937	1	17.34	NA	15.40361838	16.33458499	16.35760235	16.20241529	15.40361838
938	1	20.52	NA	21.71382218	20.45883571	20.6910991	21.05113947	21.71382218
939	1	12.38	NA	11.06161147	11.7013466	11.69155082	11.30350064	11.06161147
940	1	19.63	NA	20.47202437	18.96378687	18.86406824	19.12958413	20.47202437
941	1	15.71	NA	14.00749554	14.45300204	14.51010362	14.09805483	14.00749554
942	1	19.92	NA	20.98102138	19.51066963	19.55117767	19.77094501	20.98102138
943	1	19.29	NA	19.93464781	18.42384946	18.36164554	18.79886476	19.93464781
944	1	13.93	NA	12.68644057	12.80626933	13.02372582	12.58740489	12.68644057
945	1	20.15	NA	21.2963055	19.94657395	20.19646052	20.43150086	21.2963055
946	1	27.76	NA	29.14405916	29.59911186	29.68335422	32.5159203	29.14405916
947	1	20.73	NA	21.94201478	20.6499788	20.98790236	21.29460338	21.94201478
948	1	19.03	NA	19.45629382	18.09087129	17.99228284	18.5180934	19.45629382
949	1	16.06	NA	14.13437688	14.79994599	15.00509074	14.52951323	14.13437688
950	1	19.85	NA	20.86622925	19.33868386	19.34990845	19.56584707	20.86622925
951	1	17.77	NA	16.35574946	16.74829363	16.68048905	17.02981974	16.35574946
952	1	17.35	NA	15.42226901	16.34718435	16.36603796	16.22502017	15.42226901
953	1	10.64	NA	9.389879149	10.56842551	10.56833281	9.70976084	9.389879149
954	1	15.13	NA	13.67282895	13.9635522	13.88569315	13.65899564	13.67282895
955	1	17.23	NA	15.19606699	16.19599203	16.26816144	15.97792546	15.19606699
956	1	15	NA	13.58932518	13.89587779	13.86915113	13.59314901	13.58932518
957	1	12.49	NA	11.20679827	11.74981355	11.75544344	11.39349996	11.20679827
958	1	19.41	NA	20.13242424	18.60279325	18.51825396	18.92775795	20.13242424
959	1	20.1	NA	21.23541843	19.85850845	20.03816183	20.36541076	21.23541843
960	1	20.49	NA	21.68314675	20.41238404	20.64459798	21.01418511	21.68314675
961	1	16.26	NA	14.26170206	14.9774071	15.26527111	14.72531843	14.26170206
962	1	19.59	NA	20.40882508	18.89750349	18.79789054	19.10326201	20.40882508
963	1	18.39	NA	18.23412454	17.19321756	16.98007301	18.00806629	18.23412454
964	1	18.98	NA	19.35841678	18.02476097	17.9243739	18.46734852	19.35841678
965	1	21.88	NA	23.30862437	22.93892835	22.63348042	22.533356	23.30862437
966	1	23.22	NA	26.02892291	25.2830639	24.92480151	25.46584941	26.02892291
967	1	18.27	NA	17.93236029	17.12888619	16.92208902	17.90595646	17.93236029
968	1	14.88	NA	13.51224477	13.81194599	13.8026622	13.52211855	13.51224477
969	1	20.44	NA	21.63202104	20.33496459	20.56709609	20.94778984	21.63202104
970	1	17.41	NA	15.53417283	16.41528425	16.41665158	16.36064942	15.53417283
971	1	13.31	NA	11.99119008	12.16257318	12.44755683	12.02280559	11.99119008
972	1	14.99	NA	13.58290181	13.89067206	13.86361039	13.58860338	13.58290181
973	1	23.97	NA	27.01010797	26.23052515	25.79843876	26.65186864	27.01010797
974	1	22.52	NA	24.58613702	24.06917046	23.65615016	23.7974301	24.58613702
975	1	15.14	NA	13.67925232	13.96875792	13.88445035	13.66477659	13.67925232
976	1	14.97	NA	13.57005508	13.88026062	13.8525289	13.5795121	13.57005508
977	1	16.42	NA	14.36814806	15.17760677	15.50286076	14.88691101	14.36814806
978	1	14.86	NA	13.49939804	13.79491448	13.79158071	13.49784129	13.49939804
979	1	12.59	NA	11.33878626	11.79387441	11.81352764	11.47531752	11.33878626
980	1	11.49	NA	9.988362668	11.26130295	11.21685149	10.41088919	9.988362668
981	1	13.28	NA	11.95825391	12.12600683	12.41091399	11.99705868	11.95825391
982	1	17.67	NA	16.08308848	16.65579102	16.63216906	16.87804517	16.08308848
983	1	16.36	NA	14.32026361	15.08850271	15.4100902	14.82412578	14.32026361
984	1	15.48	NA	13.89021879	14.18761152	14.12455393	13.90216516	13.89021879
985	1	20.87	NA	22.10725555	20.90470376	21.13472999	21.41490427	22.10725555
986	1	20.28	NA	21.47067036	20.08857945	20.39831924	20.72089028	21.47067036
987	1	24.95	NA	27.23489261	26.76547785	26.54311781	28.45502202	27.23489261
988	1	26.16	NA	27.98562134	28.01838128	27.89850767	30.83753115	27.98562134
989	1	28.73	NA	29.77910421	30.55528596	30.75580419	33.4859203	29.77910421
990	1	20.33	NA	21.52762738	20.16476178	20.4235314	20.79179639	21.52762738
991	1	12.43	NA	11.12760547	11.72337703	11.72059292	11.34440942	11.12760547
992	1	11.93	NA	10.48714301	11.49122403	11.45565902	10.91173421	10.48714301
993	1	8.13	NA	7.560696048	9.020525503	9.123081946	7.446001305	7.560696048
994	1	22.29	NA	24.0626957	23.62695153	23.26108515	23.25154043	24.0626957
995	1	24.53	NA	27.13855633	26.371105	26.26101745	27.65961067	27.13855633
996	1	25.98	NA	27.82837498	27.8337323	27.71401279	30.4831083	27.82837498
997	1	21.24	NA	22.52543637	21.98237129	21.6037222	21.80071861	22.52543637
998	1	18.94	NA	19.28450977	17.96298456	17.87069477	18.43749108	19.28450977
999	1	20.41	NA	21.60134561	20.28851292	20.52059496	20.90524617	21.60134561
1000	1	18.35	NA	18.14607601	17.17177377	16.96074501	17.97918437	18.14607601
1001	1	12.95	NA	11.64374572	11.95249351	12.11544825	11.77810822	11.64374572
1002	1	14.78	NA	13.4480111	13.72678844	13.74725475	13.40073226	13.4480111
1003	1	15.75	NA	14.02199626	14.48854746	14.58767535	14.1498866	14.02199626
1004	1	17.26	NA	15.25270667	16.23379011	16.29011751	16.02175773	15.25270667
1005	1	11.67	NA	10.19240917	11.35920852	11.32771742	10.56218744	10.19240917
1006	1	18.24	NA	17.828028	17.11280335	16.90759302	17.85831851	17.828028
1007	1	25.51	NA	27.41778727	27.34885809	27.21540514	29.55767087	27.41778727
1008	1	21.59	NA	22.96427688	22.51951164	22.16860118	22.15584949	22.96427688
1009	1	15.18	NA	13.70494579	13.98958082	13.87947911	13.68790039	13.70494579
1010	1	11.46	NA	9.954354917	11.24498535	11.19209101	10.38567282	9.954354917
1011	1	16.92	NA	14.80350677	15.90587065	16.17718703	15.52118083	14.80350677
1012	1	12.66	NA	11.40182556	11.82471701	11.87716162	11.53258981	11.40182556
1013	1	17.05	NA	14.93329074	15.96920356	16.27343051	15.70280214	14.93329074
1014	1	17.87	NA	16.4628278	16.84079623	16.72880905	17.21227164	16.4628278
1015	1	20.66	NA	21.85697418	20.59158599	20.90810437	21.22359319	21.85697418
1016	1	21.8	NA	23.23748794	22.85063498	22.50211373	22.40234398	23.23748794
1017	1	21.76	NA	23.2115189	22.79904082	22.43285796	22.33683798	23.2115189
1018	1	12.82	NA	11.53337384	11.89521439	12.01794708	11.67469372	11.53337384
1019	1	11.61	NA	10.12439367	11.32657333	11.29819244	10.51175469	10.12439367
1020	1	22.33	NA	24.15372898	23.70273608	23.32979211	23.3383896	24.15372898
1021	1	22.36	NA	24.22200393	23.7595745	23.38132233	23.40352647	24.22200393
1022	1	18.62	NA	18.70669821	17.37691936	17.31758863	18.19863154	18.70669821
1023	1	15.83	NA	14.05099771	14.57940299	14.72297783	14.25355015	14.05099771
1024	1	23.31	NA	26.25472302	25.4270954	25.06465895	25.5819826	26.25472302
1025	1	22.4	NA	24.3130372	23.83535905	23.45002928	23.49037564	24.3130372
1026	1	17.54	NA	15.74258061	16.53553764	16.52631445	16.63516643	15.74258061
1027	1	16.86	NA	14.77103261	15.81886476	16.09958107	15.43478808	14.77103261
1028	1	15.3	NA	13.7820262	13.98813523	13.86456542	13.7572718	13.7820262
1029	1	16.16	NA	14.18797413	14.88212929	15.12343776	14.62741583	14.18797413
1030	1	21.43	NA	22.74125163	22.22469424	21.89190157	22.00323653	22.74125163
1031	1	18.63	NA	18.73051021	17.39596138	17.33448521	18.2060959	18.73051021
1032	1	16.54	NA	14.46391696	15.35399442	15.68840188	15.03115158	14.46391696
1033	1	19.29	NA	19.93464781	18.42384946	18.36164554	18.79886476	19.93464781
1034	1	23.63	NA	26.93212146	25.80546285	25.42477811	26.11303872	26.93212146
1035	1	15.43	NA	13.86396448	14.12736389	14.04452403	13.85988038	13.86396448
1036	1	14.59	NA	13.32545588	13.5649891	13.6419806	13.17009831	13.32545588
1037	1	18.45	NA	18.36824552	17.22538325	17.03034677	18.05651105	18.36824552
1038	1	14.72	NA	13.40947089	13.67569391	13.71401028	13.32790049	13.40947089
1039	1	15.66	NA	13.98473432	14.40450297	14.41126035	14.05928345	13.98473432
1040	1	14.05	NA	12.82391547	12.96799147	13.1253097	12.68297268	12.82391547
1041	1	13.78	NA	12.51459696	12.63588634	12.97409514	12.45951119	12.51459696
1042	1	17.71	NA	16.19215287	16.69279207	16.65149706	16.95548392	16.19215287
1043	1	12.9	NA	11.60051459	11.93046308	12.0779478	11.74572931	11.60051459
1044	1	17.36	NA	15.44091965	16.35978371	16.37447356	16.24762504	15.44091965
1045	1	19.14	NA	19.67028418	18.23631399	18.13486451	18.63845976	19.67028418
1046	1	16.7	NA	14.61525385	15.58684904	15.89301544	15.21691238	14.61525385
1047	1	22.28	NA	24.03993739	23.60800539	23.24400979	23.22982814	24.03993739
1048	1	18.06	NA	17.08608005	17.01630629	16.82061703	17.56253001	17.08608005
1049	1	16.03	NA	14.12350133	14.77529099	14.98903876	14.4995954	14.12350133
1050	1	19.33	NA	20.00740121	18.47402967	18.40816869	18.84182916	20.00740121
1051	1	20.57	NA	21.7649479	20.51650953	20.76860099	21.11273009	21.7649479
1052	1	20.26	NA	21.44384499	20.07049481	20.38823437	20.69252784	21.44384499
1053	1	18.31	NA	18.07038511	17.15032998	16.94141702	17.95030245	18.07038511
1054	1	21.92	NA	23.36304428	22.98791431	22.6945028	22.59886201	23.36304428
1055	1	12.47	NA	11.18040067	11.74100137	11.7438266	11.37713645	11.18040067
1056	1	18.71	NA	18.88376428	17.5482975	17.46965785	18.26581078	18.88376428
1057	1	19.57	NA	20.37722543	18.8643618	18.77271351	19.09010096	20.37722543
1058	1	19.58	NA	20.39302525	18.88093265	18.78530203	19.09668148	20.39302525
1059	1	14.82	NA	13.47370457	13.76085146	13.76941773	13.44928678	13.47370457
1060	1	16.86	NA	14.77103261	15.81886476	16.09958107	15.43478808	14.77103261
1061	1	15.91	NA	14.07999916	14.66736908	14.85167516	14.33768608	14.07999916
1062	1	16.69	NA	14.60551768	15.57234806	15.88095651	15.20534226	14.60551768
1063	1	22.78	NA	25.07911947	24.58313587	24.27299611	24.52015875	25.07911947
1064	1	23.86	NA	26.98487704	26.08341818	25.67754855	26.48345415	26.98487704
1065	1	24.21	NA	27.06515727	26.38377431	26.00130927	27.05184709	27.06515727
1066	1	14.24	NA	13.04158405	13.17161038	13.2713332	12.84309997	13.04158405
1067	1	10.89	NA	9.55899595	10.72236934	10.72164187	9.913109417	9.55899595
1068	1	10.88	NA	9.552332913	10.71126138	10.71338838	9.904975474	9.552332913
1069	1	19.07	NA	19.53544175	18.14375955	18.04581874	18.56422064	19.53544175
1070	1	16.69	NA	14.60551768	15.57234806	15.88095651	15.20534226	14.60551768
1071	1	14.19	NA	12.98430285	13.11870393	13.23290597	12.7984703	12.98430285
1072	1	14.51	NA	13.27045626	13.47860714	13.5883563	13.08410016	13.27045626
1073	1	17.25	NA	15.23382678	16.22119075	16.28168191	16.00714697	15.23382678
1074	1	17.03	NA	14.90957841	15.95595835	16.27401596	15.67843512	14.90957841
1075	1	16.65	NA	14.56657299	15.5142861	15.83272079	15.15906181	14.56657299
1076	1	18.47	NA	18.40167857	17.25108409	17.06413993	18.07369934	18.40167857
1077	1	22.02	NA	23.49909403	23.12602361	22.81790767	22.76754699	23.49909403
1078	1	21.26	NA	22.54861529	21.99288894	21.63222152	21.82226377	22.54861529
1079	1	22.95	NA	25.35152257	24.8511939	24.55322898	24.95953795	25.35152257
1080	1	24.34	NA	27.09497564	26.37862741	26.10376125	27.29915857	27.09497564
1081	1	18.97	NA	19.33994003	18.00968717	17.91095412	18.45988416	19.33994003
1082	1	22.01	NA	23.48548905	23.10763115	22.80186409	22.75067779	23.48548905
1083	1	21.08	NA	22.34000505	21.4196282	21.41518136	21.63003138	22.34000505
1084	1	24.39	NA	27.10644424	26.37664783	26.14766174	27.40223872	27.10644424
1085	1	15.27	NA	13.7627561	13.99175299	13.86829384	13.73992895	13.7627561
1086	1	14.36	NA	13.16733476	13.29858587	13.39694173	12.95021116	13.16733476
1087	1	26.83	NA	28.53520154	28.68236762	28.65512899	31.5859203	28.53520154
1088	1	23.16	NA	25.8783895	25.18709279	24.8418329	25.38668961	25.8783895
1089	1	15.02	NA	13.60217191	13.90628924	13.88023262	13.60224029	13.60217191
1090	1	8.23	NA	7.640418462	9.083008133	9.183611636	7.538159511	7.640418462
1091	1	18.49	NA	18.43511162	17.28067358	17.09793309	18.09088763	18.43511162
1092	1	17.46	NA	15.59450228	16.46153556	16.45882961	16.47367381	15.59450228
1093	1	18.04	NA	16.99604817	16.99805066	16.81095304	17.5256607	16.99604817
1094	1	16.25	NA	14.25432927	14.96629754	15.25108777	14.71552817	14.25432927
1095	1	19.21	NA	19.789141	18.32348905	18.24385188	18.71293596	19.789141
1096	1	21.23	NA	22.51384691	21.97570857	21.59225741	21.78994603	22.51384691
1097	1	15.46	NA	13.87971707	14.16351247	14.09254197	13.88525124	13.87971707
1098	1	13.63	NA	12.34275334	12.55172961	12.80756993	12.29743931	12.34275334
1099	1	17.6	NA	15.89222579	16.5910392	16.57692808	16.74402026	15.89222579
1100	1	16.33	NA	14.29632139	15.05517403	15.36455445	14.79385025	14.29632139
1101	1	16.87	NA	14.78076878	15.83336574	16.11251539	15.44918687	14.78076878
1102	1	23.93	NA	27.00093308	26.1770317	25.75447868	26.59062701	27.00093308
1103	1	22.5	NA	24.54062039	24.02388892	23.62179668	23.73939558	24.54062039
1104	1	15.54	NA	13.92172397	14.25990867	14.2205898	13.95290689	13.92172397
1105	1	15.88	NA	14.06912362	14.63466178	14.80434204	14.29720876	14.06912362
1106	1	17.1	NA	14.99257158	16.03220035	16.27196688	15.78707954	14.99257158
1107	1	18.48	NA	18.4183951	17.26587884	17.08103651	18.08229348	18.4183951
1108	1	15.56	NA	13.93222569	14.28400772	14.25096837	13.9698208	13.93222569
1109	1	17.25	NA	15.23382678	16.22119075	16.28168191	16.00714697	15.23382678
1110	1	21.32	NA	22.61815203	22.03113145	21.71915387	21.88689924	22.61815203
1111	1	18.12	NA	17.34031656	17.04847197	16.84960903	17.6631535	17.34031656
1112	1	20.21	NA	21.37678159	20.03317112	20.36302221	20.5772433	21.37678159
1113	1	20.67	NA	21.86719933	20.59992782	20.92360475	21.23591132	21.86719933
1114	1	18.04	NA	16.99604817	16.99805066	16.81095304	17.5256607	16.99604817
1115	1	27.17	NA	28.75779465	29.01752143	29.03103929	31.9259203	28.75779465
1116	1	28.03	NA	29.32082428	29.86526341	29.98187122	32.7859203	29.32082428
1117	1	29.84	NA	30.63843045	31.66483482	31.88700966	34.5959203	30.63843045
1118	1	18.75	NA	18.95630991	17.62446556	17.53724417	18.29566823	18.95630991
1119	1	21.39	NA	22.70050365	22.15430777	21.81871813	21.9623073	22.70050365
1120	1	19.82	NA	20.81682697	19.26497568	19.26365022	19.45783424	20.81682697
1121	1	13.89	NA	12.64061561	12.75236194	13.04685011	12.55554896	12.64061561
1122	1	14.96	NA	13.56363171	13.87505489	13.84698815	13.57496647	13.56363171
1123	1	15.67	NA	13.98998518	14.41655249	14.43148258	14.06666569	13.98998518
1124	1	14.44	NA	13.22537822	13.38678411	13.4990295	13.02161863	13.22537822
1125	1	13.25	NA	11.92531774	12.08944048	12.37427114	11.9723817	11.92531774
1126	1	12.02	NA	10.58916626	11.53344564	11.4999465	11.05794684	10.58916626
1127	1	19.12	NA	19.63437667	18.20986987	18.10942286	18.61724858	19.63437667
1128	1	22.92	NA	25.27625586	24.80320835	24.51213203	24.88106677	25.27625586
1129	1	22.8	NA	25.11103036	24.61397677	24.31626464	24.57492561	25.11103036
1130	1	13.14	NA	11.82618984	12.03620914	12.25794997	11.90114809	11.82618984
1131	1	11.79	NA	10.32844017	11.42447889	11.38676739	10.68106207	10.32844017
1132	1	14.43	NA	13.22084529	13.37366653	13.48626853	13.01269269	13.22084529
1133	1	20.41	NA	21.60134561	20.28851292	20.52059496	20.90524617	21.60134561
1134	1	17.05	NA	14.93329074	15.96920356	16.27343051	15.70280214	14.93329074
1135	1	17.34	NA	15.40361838	16.33458499	16.35760235	16.20241529	15.40361838
1136	1	18.15	NA	17.46966174	17.06455482	16.86410503	17.71222441	17.46966174
1137	1	19.58	NA	20.39302525	18.88093265	18.78530203	19.09668148	20.39302525
1138	1	13.31	NA	11.99119008	12.16257318	12.44755683	12.02280559	11.99119008
1139	1	15.31	NA	13.78844956	13.98692931	13.86332261	13.76305275	13.78844956
1140	1	13.3	NA	11.98021136	12.1503844	12.43534255	12.01422328	11.98021136
1141	1	17.18	NA	15.10166753	16.13299523	16.26962507	15.90487168	15.10166753
1142	1	19.48	NA	20.23905953	18.71717969	18.62176525	19.00294565	20.23905953
1143	1	18.15	NA	17.46966174	17.06455482	16.86410503	17.71222441	17.46966174
1144	1	17.55	NA	15.76444875	16.5447879	16.53475005	16.65330873	15.76444875
1145	1	18.24	NA	17.828028	17.11280335	16.90759302	17.85831851	17.828028
1146	1	16	NA	14.11262579	14.75018992	14.97298678	14.45911807	14.11262579
1147	1	11.26	NA	9.805528311	11.13336374	11.02702114	10.21756366	9.805528311
1148	1	12.66	NA	11.40182556	11.82471701	11.87716162	11.53258981	11.40182556
1149	1	13.86	NA	12.60624689	12.71193141	13.06290859	12.53165701	12.60624689
1150	1	11.86	NA	10.40779159	11.458385	11.4212132	10.79639814	10.40779159
1151	1	14.8	NA	13.46085783	13.74381995	13.75833624	13.42500952	13.46085783
1152	1	15.38	NA	13.83341314	14.06711626	13.96449413	13.8175956	13.83341314
1153	1	15.35	NA	13.81414303	14.03096769	13.9164762	13.79222473	13.81414303
1154	1	13.61	NA	12.32055176	12.52823671	12.78536657	12.2802747	12.32055176
1155	1	17.29	NA	15.30934635	16.27158819	16.31542433	16.08939091	15.30934635
1156	1	18.68	NA	18.82724341	17.49117145	17.41896811	18.2434177	18.82724341
1157	1	14.82	NA	13.47370457	13.76085146	13.76941773	13.44928678	13.47370457
1158	1	14.93	NA	13.54436161	13.85452476	13.83036592	13.56132956	13.54436161
1159	1	20.02	NA	21.13728268	19.71760364	19.84381694	20.1225061	21.13728268
1160	1	20.99	NA	22.23897939	21.19427865	21.28888267	21.53793825	22.23897939
1161	1	17.04	NA	14.92143458	15.95816481	16.27372323	15.69061863	14.92143458
1162	1	17.57	NA	15.81042749	16.56328842	16.55162126	16.68959334	15.81042749
1163	1	22.13	NA	23.69856261	23.32834068	22.99659579	22.95276673	23.69856261
1164	1	18.66	NA	18.78956283	17.45308742	17.38517495	18.22848898	18.78956283
1165	1	14.23	NA	13.03012781	13.16102909	13.26364776	12.83417403	13.03012781
1166	1	12.95	NA	11.64374572	11.95249351	12.11544825	11.77810822	11.64374572
1167	1	15.93	NA	14.08724952	14.68917395	14.88323057	14.36467097	14.08724952
1168	1	15.7	NA	14.00387036	14.44411568	14.49071068	14.08881243	14.00387036
1169	1	15.95	NA	14.09449989	14.70726081	14.91478598	14.39165586	14.09449989
1170	1	17.76	NA	16.32848336	16.73904337	16.67565705	17.03716676	16.32848336
1171	1	16.07	NA	14.13800206	14.80816432	15.0104414	14.53930349	14.13800206
1172	1	17.26	NA	15.25270667	16.23379011	16.29011751	16.02175773	15.25270667
1173	1	18.68	NA	18.82724341	17.49117145	17.41896811	18.2434177	18.82724341
1174	1	16.9	NA	14.79484188	15.87686869	16.15131838	15.49238324	14.79484188
1175	1	14.72	NA	13.40947089	13.67569391	13.71401028	13.32790049	13.40947089
1176	1	15.22	NA	13.73063926	13.9977826	13.87450788	13.7110242	13.73063926
1177	1	16.28	NA	14.27644765	14.99962623	15.29363778	14.74489895	14.27644765
1178	1	20.32	NA	21.51894844	20.14952531	20.41848897	20.77761517	21.51894844
1179	1	22.35	NA	24.19924561	23.74062836	23.36414559	23.38181418	24.19924561
1180	1	28.8	NA	29.8249322	30.62483482	30.83319748	33.5559203	29.8249322
1181	1	27.68	NA	29.09168431	29.52025214	29.59490474	32.4359203	29.09168431
1182	2	19.85	NA	20.86622925	19.33868386	19.34990845	19.56584707	19.33868386
1183	2	20	NA	21.10603042	19.68237744	19.79809789	20.05046264	19.68237744
1184	2	27.31	NA	28.84945063	29.15552594	29.18582588	32.0659203	29.15552594
1185	2	18.76	NA	18.9715585	17.64350758	17.55414075	18.30313259	17.64350758
1186	2	15.74	NA	14.01837108	14.47966111	14.56828242	14.13692866	14.47966111
1187	2	18.53	NA	18.50754933	17.33692239	17.16551941	18.1252642	17.33692239
1188	2	21.28	NA	22.5717942	22.00340658	21.66119897	21.84380893	22.00340658
1189	2	19.13	NA	19.65331896	18.22309193	18.12214369	18.62785417	18.22309193
1190	2	21.18	NA	22.45589963	21.7838934	21.53493345	21.73608314	21.7838934
1191	2	19.4	NA	20.11719062	18.58645233	18.5044933	18.91701685	18.58645233
1192	2	25.91	NA	27.76722362	27.76192436	27.64226478	30.3452772	27.76192436
1193	2	19.23	NA	19.8255177	18.34857915	18.27767049	18.73441816	18.34857915
1194	2	16.54	NA	14.46391696	15.35399442	15.68840188	15.03115158	15.35399442
1195	2	19.07	NA	19.53544175	18.14375955	18.04581874	18.56422064	18.14375955
1196	2	20.78	NA	22.00697783	20.69168794	21.0403408	21.33756799	20.69168794
1197	2	22.42	NA	24.35855384	23.87325133	23.48438276	23.53380022	23.87325133
1198	2	14.85	NA	13.49297467	13.78639872	13.78603996	13.48570266	13.78639872
1199	2	15.62	NA	13.96373087	14.35630487	14.3303714	14.02975447	14.35630487
1200	2	13.94	NA	12.69789682	12.81974617	13.03390405	12.59536887	12.81974617
1201	2	16.47	NA	14.40805177	15.25199061	15.58016956	14.94401606	15.25199061
1202	2	15.76	NA	14.02562144	14.49743382	14.60706828	14.16284455	14.49743382
1203	2	22.75	NA	25.02270412	24.53687452	24.20809331	24.43800845	24.53687452
1204	2	23.46	NA	26.63105655	25.6908973	25.23794779	25.83752262	25.6908973
1205	2	18.98	NA	19.35841678	18.02476097	17.9243739	18.46734852	18.02476097
1206	2	18.27	NA	17.93236029	17.12888619	16.92208902	17.90595646	17.12888619
1207	2	16.96	NA	14.82633545	15.94051314	16.22892434	15.58252354	15.94051314
1208	2	18.6	NA	18.65907423	17.33883533	17.28379547	18.18370282	17.33883533
1209	2	24.62	NA	27.15919982	26.42170021	26.32146753	27.81984934	26.42170021
1210	2	20.77	NA	21.99583587	20.68334611	21.02985311	21.32897507	20.68334611
1211	2	23.18	NA	25.9285673	25.21908316	24.8694891	25.41307621	25.21908316
1212	2	17.13	NA	15.02814009	16.06999843	16.2710887	15.8318179	16.06999843
1213	2	20.4	NA	21.59112047	20.27302903	20.50509459	20.89106495	20.27302903
1214	2	19.9	NA	20.94856638	19.46153084	19.49367218	19.73060151	19.46153084
1215	2	18.82	NA	19.06305004	17.75775967	17.65552023	18.34791875	17.75775967
1216	2	14.48	NA	13.24983141	13.43925441	13.55007338	13.05732236	13.43925441
1217	2	8.63	NA	7.959308118	9.3336836	9.425730396	7.906792338	9.3336836
1218	2	15.88	NA	14.06912362	14.63466178	14.80434204	14.29720876	14.63466178
1219	2	24.72	NA	27.18213703	26.52587525	26.38863428	28.00913305	26.52587525
1220	2	20.67	NA	21.86719933	20.59992782	20.92360475	21.23591132	20.59992782
1221	2	19.17	NA	19.72117984	18.27330884	18.17621465	18.67027652	18.27330884
1222	2	18.43	NA	18.33339737	17.21466135	16.99940101	18.03932277	17.21466135
1223	2	16.99	NA	14.86215373	15.94713251	16.26772732	15.62970109	15.94713251
1224	2	16.73	NA	14.64446237	15.63035199	15.93143481	15.25162272	15.63035199
1225	2	18.34	NA	18.1297207	17.16641282	16.95591302	17.97196389	17.16641282
1226	2	24.05	NA	27.02845773	26.33751204	25.88635891	26.78014802	26.33751204
1227	2	14.82	NA	13.47370457	13.76085146	13.76941773	13.44928678	13.76085146
1228	2	22.02	NA	23.49909403	23.12602361	22.81790767	22.76754699	23.12602361
1229	2	21.26	NA	22.54861529	21.99288894	21.63222152	21.82226377	21.99288894
1230	2	16.11	NA	14.15250278	14.84103764	15.05252108	14.57846453	14.84103764
1231	2	22.67	NA	24.87226319	24.39221847	24.03501917	24.218941	24.39221847
1232	2	18.14	NA	17.42609357	17.05919387	16.85927303	17.69586744	17.05919387
1233	2	13.66	NA	12.37712206	12.56856096	12.84087497	12.32770961	12.56856096
1234	2	11.64	NA	10.15840142	11.34289092	11.31295493	10.53697106	11.34289092
1235	2	18.98	NA	19.35841678	18.02476097	17.9243739	18.46734852	18.02476097
1236	2	12.36	NA	11.03521387	11.69253443	11.67993398	11.28968449	11.69253443
1237	2	17.35	NA	15.42226901	16.34718435	16.36603796	16.22502017	16.34718435
1238	2	23.49	NA	26.70632325	25.71627097	25.27091785	25.88614311	25.71627097
1239	2	19.46	NA	20.20859231	18.68449785	18.58756996	18.98146345	18.68449785
1240	2	18.54	NA	18.52828651	17.33465723	17.18241599	18.13385834	17.33465723
1241	2	24.55	NA	27.14314377	26.37031317	26.2744508	27.69521926	26.37031317
1242	2	23.92	NA	26.99863936	26.16365834	25.74348866	26.5753166	26.16365834
1243	2	17.65	NA	16.02855628	16.6372905	16.6191061	16.83932579	16.6372905
1244	2	17.68	NA	16.11035458	16.66504128	16.63700106	16.89740486	16.66504128
1245	2	11.2	NA	9.765550091	11.066716	10.97750017	10.16713091	11.066716
1246	2	15.53	NA	13.91647311	14.24785914	14.20458383	13.94444993	14.24785914
1247	2	15.59	NA	13.94797828	14.32015629	14.28747912	13.99868794	14.32015629
1248	2	22.17	NA	23.78959589	23.40191052	23.06257286	23.0200749	23.40191052
1249	2	22.32	NA	24.13097066	23.68378995	23.31261537	23.3166773	23.68378995
1250	2	16.14	NA	14.17322854	14.86569263	15.09507109	14.60783531	14.86569263
1251	2	7.75	NA	7.257750875	8.783091511	8.893069123	7.09580012	8.783091511
1252	2	16.85	NA	14.76129644	15.80436377	16.08664674	15.42038929	15.80436377
1253	2	16.28	NA	14.27644765	14.99962623	15.29363778	14.74489895	14.99962623
1254	2	11.3	NA	9.832180459	11.15795818	11.06003511	10.25118549	11.15795818
1255	2	19.45	NA	20.19335869	18.66815693	18.5732966	18.97072235	18.66815693
1256	2	22.99	NA	25.45187817	24.91517464	24.60802492	25.06583167	24.91517464
1257	2	18.74	NA	18.94028515	17.60542355	17.52034759	18.28820387	17.60542355
1258	2	5.33	NA	6.327572346	7.271011875	7.443826163	6.876523354	7.271011875
1259	2	22.21	NA	23.88062916	23.47548036	23.12854992	23.08901428	23.47548036
1260	2	24.17	NA	27.05598238	26.38535798	25.97741611	26.98392232	26.38535798
1261	2	19.96	NA	21.0435259	19.60894721	19.66738911	19.90262728	19.60894721
1262	2	14.68	NA	13.38377742	13.6416309	13.69184731	13.27934597	13.6416309
1263	2	14.18	NA	12.9728466	13.10812264	13.22522052	12.78954437	13.10812264
1264	2	13.83	NA	12.57187816	12.67150087	13.02960355	12.50776507	12.67150087
1265	2	18.47	NA	18.40167857	17.25108409	17.06413993	18.07369934	17.25108409
1266	2	17.66	NA	16.05582238	16.64654076	16.62733706	16.85868548	16.64654076
1267	2	21.43	NA	22.74125163	22.22469424	21.89190157	22.00323653	22.22469424
1268	2	23.31	NA	26.25472302	25.4270954	25.06465895	25.5819826	25.4270954
1269	2	23.81	NA	26.97340843	26.01655137	25.62259845	26.40476166	26.01655137
1270	2	15.19	NA	13.71136916	13.99478654	13.87823631	13.69368135	13.99478654
1271	2	21.35	NA	22.65292041	22.0839213	21.76262005	21.91921698	22.0839213
1272	2	22.56	NA	24.66540692	24.15973353	23.75070277	23.91349915	24.15973353
1273	2	14.58	NA	13.31858093	13.55647335	13.63643986	13.15795968	13.55647335
1274	2	8.63	NA	7.959308118	9.3336836	9.425730396	7.906792338	9.3336836
1275	2	22.87	NA	25.15081135	24.72323242	24.44363711	24.75594239	24.72323242
1276	2	16.73	NA	14.64446237	15.63035199	15.93143481	15.25162272	15.63035199
1277	2	15.78	NA	14.03287181	14.5189796	14.64078628	14.18876043	14.5189796
1278	2	17.41	NA	15.53417283	16.41528425	16.41665158	16.36064942	16.41528425
1279	2	11.26	NA	9.805528311	11.13336374	11.02702114	10.21756366	11.13336374
1280	2	5.77	NA	6.327572346	7.545935445	7.703572988	6.876523354	7.545935445
1281	2	16.7	NA	14.61525385	15.58684904	15.89301544	15.21691238	15.58684904
1282	2	19.19	NA	19.75511027	18.29839894	18.21003326	18.6914877	18.29839894
1283	2	12.69	NA	11.42649086	11.83793527	11.90588327	11.55713508	11.83793527
1284	2	21.37	NA	22.67609932	22.11911454	21.7915975	21.94076214	22.11911454
1285	2	14.02	NA	12.78954674	12.92756094	13.10225336	12.65908073	12.92756094
1286	2	11.35	NA	9.865495643	11.18515417	11.10130258	10.29321278	11.18515417
1287	2	19.57	NA	20.37722543	18.8643618	18.77271351	19.09010096	18.8643618
1288	2	15.01	NA	13.59574854	13.90108351	13.87469187	13.59769465	13.90108351
1289	2	17.7	NA	16.16488677	16.68354181	16.64666506	16.93612423	16.68354181
1290	2	26.08	NA	27.91573407	27.93631507	27.81650994	30.68000988	27.93631507
1291	2	17.39	NA	15.49687156	16.39678373	16.39978037	16.31543967	16.39678373
1292	2	15.64	NA	13.9742326	14.38040392	14.37081588	14.04451896	14.38040392
1293	2	16.22	NA	14.23221089	14.93296886	15.20853777	14.68615739	14.93296886
1294	2	14.96	NA	13.56363171	13.87505489	13.84698815	13.57496647	13.87505489
1295	2	11.73	NA	10.26042467	11.3918437	11.3572424	10.61262019	11.3918437
1296	2	19.18	NA	19.73814506	18.28585389	18.19312396	18.68088211	18.28585389
1297	2	16.73	NA	14.64446237	15.63035199	15.93143481	15.25162272	15.63035199
1298	2	25.22	NA	27.29682307	27.04675047	26.85460225	28.98665629	27.04675047
1299	2	19.54	NA	20.33046122	18.81517999	18.72435114	19.06739225	18.81517999
1300	2	16.72	NA	14.6347262	15.61585101	15.91850048	15.2400526	15.61585101
1301	2	22.6	NA	24.74062738	24.25029659	23.8835793	24.02956819	24.25029659
1302	2	23.12	NA	25.77803389	25.12311205	24.78652049	25.33391641	25.12311205
1303	2	21.94	NA	23.39025423	23.01568674	22.71772873	22.6325934	23.01568674
1304	2	18.57	NA	18.59049804	17.32786175	17.23310573	18.15964077	17.32786175
1305	2	20.1	NA	21.23541843	19.85850845	20.03816183	20.36541076	19.85850845
1306	2	15.27	NA	13.7627561	13.99175299	13.86829384	13.73992895	13.99175299
1307	2	4.58	NA	6.327572346	6.964660631	7.001075893	6.876523354	6.964660631
1308	2	16.36	NA	14.32026361	15.08850271	15.4100902	14.82412578	15.08850271
1309	2	26.06	NA	27.89826225	27.91579851	27.79601051	30.64062957	27.91579851
1310	2	26.67	NA	28.43045184	28.52464818	28.47823003	31.4259203	28.52464818
1311	2	17.75	NA	16.30121726	16.72979311	16.67082506	17.03292267	16.72979311
1312	2	21.78	NA	23.22686033	22.82856164	22.46748585	22.36959098	22.82856164
1313	2	25.17	NA	27.28535447	26.99466295	26.79239486	28.8882055	26.99466295
1314	2	20.98	NA	22.22848318	21.17819855	21.27484948	21.52770568	21.17819855
1315	2	17.67	NA	16.08308848	16.65579102	16.63216906	16.87804517	16.65579102
1316	2	6.29	NA	6.327572346	7.870845119	8.010546508	6.876523354	7.870845119
1317	2	10.85	NA	9.532343803	10.67934648	10.68862789	9.880573645	10.67934648
1318	2	17.27	NA	15.27158657	16.24638947	16.29855312	16.04418116	16.24638947
1319	2	20.45	NA	21.64224618	20.35044848	20.58259647	20.96197106	20.35044848
1320	2	22.44	NA	24.40407048	23.91114361	23.51873624	23.5772248	23.91114361
1321	2	21.23	NA	22.51384691	21.97570857	21.59225741	21.78994603	21.97570857
1322	2	14.6	NA	13.33233083	13.57350486	13.64752135	13.18223694	13.57350486
1323	2	9.61	NA	8.686143844	9.963455381	9.982317715	8.809942762	9.963455381
1324	2	18.01	NA	16.86100034	16.97029988	16.79645704	17.47035675	16.97029988
1325	2	26.63	NA	28.39620905	28.48521832	28.43400529	31.3859203	28.48521832
1326	2	29.44	NA	30.24393099	31.26483482	31.48700966	34.1959203	31.26483482
1327	2	20.45	NA	21.64224618	20.35044848	20.58259647	20.96197106	20.35044848
1328	2	13.82	NA	12.56042192	12.65832814	13.01850187	12.49980109	12.65832814
1329	2	11.81	NA	10.35111201	11.43492855	11.39660905	10.71401523	11.43492855
1330	2	27.42	NA	28.92146605	29.26395805	29.30744392	32.1759203	29.26395805
1331	2	25.89	NA	27.7497518	27.74140781	27.62176535	30.30589688	27.74140781
1332	2	24.92	NA	27.22801145	26.73422534	26.52296778	28.39641364	26.73422534
1333	2	26.86	NA	28.55484211	28.71194001	28.68829755	31.6159203	28.71194001
1334	2	19	NA	19.39693288	18.0512051	17.95121346	18.48227725	18.0512051
1335	2	15.32	NA	13.79487293	13.99481911	13.86845826	13.7688337	13.99481911
1336	2	15.64	NA	13.9742326	14.38040392	14.37081588	14.04451896	14.38040392
1337	2	21.24	NA	22.52543637	21.98237129	21.6037222	21.80071861	21.98237129
1338	2	15.88	NA	14.06912362	14.63466178	14.80434204	14.29720876	14.63466178
1339	2	18.44	NA	18.35152899	17.2200223	17.01345019	18.04791691	17.2200223
1340	2	15.25	NA	13.74990936	13.99416483	13.87077946	13.72836705	13.99416483
1341	2	17.71	NA	16.19215287	16.69279207	16.65149706	16.95548392	16.69279207
1342	2	19.88	NA	20.91563153	19.41239205	19.43616669	19.6738599	19.41239205
1343	2	18.01	NA	16.86100034	16.97029988	16.79645704	17.47035675	16.97029988
1344	2	22.19	NA	23.83511252	23.43869544	23.09556139	23.05372899	23.43869544
1345	2	19.29	NA	19.93464781	18.42384946	18.36164554	18.79886476	18.42384946
1346	2	17.5	NA	15.65510806	16.4985366	16.49257203	16.55890486	16.4985366
1347	2	17.21	NA	15.15830721	16.17079331	16.26874689	15.94870395	16.17079331
1348	2	16.17	NA	14.19534692	14.89034762	15.13762109	14.63720609	14.89034762
1349	2	15.11	NA	13.65998222	13.95314075	13.88817877	13.64743374	13.95314075
1350	2	9.83	NA	8.836456239	10.13538143	10.10727507	9.012690816	10.13538143
1351	2	18.76	NA	18.9715585	17.64350758	17.55414075	18.30313259	17.64350758
1352	2	19.15	NA	19.6872494	18.2494881	18.14758534	18.64906535	18.2494881
1353	2	26.16	NA	27.98562134	28.01838128	27.89850767	30.83753115	28.01838128
1354	2	23.22	NA	26.02892291	25.2830639	24.92480151	25.46584941	25.2830639
1355	2	15.89	NA	14.0727488	14.64556422	14.82011975	14.3107012	14.64556422
1356	2	24.42	NA	27.1133254	26.37546008	26.17400204	27.46376341	26.37546008
1357	2	26.65	NA	28.41368087	28.50493325	28.45611766	31.4059203	28.50493325
1358	2	21.7	NA	23.12292014	22.70924123	22.32897431	22.24849074	22.70924123
1359	2	16.1	NA	14.1488776	14.83281931	15.03833775	14.56867427	14.83281931
1360	2	9.03	NA	8.278197774	9.586311808	9.653229444	8.275425164	9.586311808
1361	2	12.53	NA	11.25959346	11.76743789	11.77867712	11.42622698	11.76743789
1362	2	13.38	NA	12.06804114	12.24789467	12.53002791	12.08288171	12.24789467
1363	2	17.13	NA	15.02814009	16.06999843	16.2710887	15.8318179	16.06999843
1364	2	15.2	NA	13.71779252	13.99999227	13.8769935	13.6994623	13.99999227
1365	3	20.35	NA	21.54498528	20.19560958	20.43361627	20.82015884	20.43361627
1366	3	22.95	NA	25.35152257	24.8511939	24.55322898	24.95953795	24.55322898
1367	3	21.98	NA	23.44467413	23.06285492	22.76418061	22.7000702	22.76418061
1368	3	24.1	NA	27.03992634	26.38812939	25.93560308	26.86505398	25.93560308
1369	3	19.04	NA	19.47608081	18.10409335	18.00627695	18.53047611	18.00627695
1370	3	21.09	NA	22.35159451	21.45930853	21.42921455	21.64026395	21.42921455
1371	3	22.22	NA	23.90338748	23.49432856	23.14504419	23.1068109	23.14504419
1372	3	22.44	NA	24.40407048	23.91114361	23.51873624	23.5772248	23.51873624
1373	3	20.27	NA	21.45725767	20.07795955	20.39327681	20.70670906	20.39327681
1374	3	19.17	NA	19.72117984	18.27330884	18.17621465	18.67027652	18.17621465
1375	3	12.95	NA	11.64374572	11.95249351	12.11544825	11.77810822	12.11544825
1376	3	13.43	NA	12.12293475	12.3088386	12.58553632	12.12579323	12.58553632
1377	3	21.92	NA	23.36304428	22.98791431	22.6945028	22.59886201	22.6945028
1378	3	22.04	NA	23.52630398	23.16280853	22.84999484	22.80128539	22.84999484
1379	3	17.07	NA	14.95700308	15.99440228	16.27284505	15.73500357	16.27284505
1380	3	22.37	NA	24.24476225	23.77852064	23.39849907	23.42523876	23.39849907
1381	3	16.64	NA	14.55683682	15.49971413	15.82066186	15.1474917	15.82066186
1382	3	20.76	NA	21.98248459	20.67500429	21.01936542	21.32038215	21.01936542
1383	3	24.25	NA	27.07433215	26.38219065	26.02520244	27.11977186	26.02520244
1384	3	21.3	NA	22.59497312	22.01392422	21.69017642	21.86535409	21.69017642
1385	3	19.92	NA	20.98102138	19.51066963	19.55117767	19.77094501	19.55117767
1386	3	18.62	NA	18.70669821	17.37691936	17.31758863	18.19863154	17.31758863
1387	3	20.4	NA	21.59112047	20.27302903	20.50509459	20.89106495	20.50509459
1388	3	16.85	NA	14.76129644	15.80436377	16.08664674	15.42038929	16.08664674
1389	3	9.16	NA	8.378686672	9.668415976	9.72672313	8.395230832	9.72672313
1390	3	14.07	NA	12.84682795	12.99172845	13.1406806	12.69890064	13.1406806
1391	3	17.16	NA	15.06390775	16.10779651	16.27021052	15.87565017	16.27021052
1392	3	16.33	NA	14.29632139	15.05517403	15.36455445	14.79385025	15.36455445
1393	3	18.4	NA	18.25894274	17.19857851	16.98490501	18.01528677	16.98490501
1394	3	20.82	NA	22.05154571	20.77150863	21.08229155	21.37193967	21.08229155
1395	3	20.37	NA	21.56234318	20.22657736	20.45859346	20.84852128	20.45859346
1396	3	19.9	NA	20.94856638	19.46153084	19.49367218	19.73060151	19.49367218
1397	3	12.18	NA	10.79763549	11.60850628	11.57867979	11.16699985	11.57867979
1398	3	14.13	NA	12.9155654	13.05521619	13.18679328	12.74668454	13.18679328
1399	3	10.14	NA	9.048260069	10.30432797	10.28348498	9.298381256	10.28348498
1400	3	15.89	NA	14.0727488	14.64556422	14.82011975	14.3107012	14.82011975
1401	3	21.56	NA	22.92101053	22.46413984	22.12858582	22.13157385	22.12858582
1402	3	14.98	NA	13.57647844	13.88546634	13.85806964	13.58405774	13.85806964
1403	3	17.19	NA	15.12054742	16.14559459	16.26933235	15.91948244	16.26933235
1404	3	21.74	NA	23.18193117	22.76910762	22.39823008	22.30418816	22.39823008
1405	3	17.09	NA	14.98071542	16.019601	16.2722596	15.76972088	16.2722596
1406	3	19.07	NA	19.53544175	18.14375955	18.04581874	18.56422064	18.04581874
1407	3	17.72	NA	16.21941897	16.70204233	16.65632906	16.97484361	16.65632906
1408	3	20.4	NA	21.59112047	20.27302903	20.50509459	20.89106495	20.50509459
1409	3	25.13	NA	27.27617958	26.95299293	26.74262894	28.80944487	26.74262894
1410	3	18.39	NA	18.23412454	17.19321756	16.98007301	18.00806629	16.98007301
1411	3	15.17	NA	13.69852242	13.9843751	13.88072192	13.68211944	13.88072192
1412	3	21.39	NA	22.70050365	22.15430777	21.81871813	21.9623073	21.81871813
1413	3	13.36	NA	12.04608369	12.22351711	12.50782455	12.06571711	12.50782455
1414	3	24.41	NA	27.11103168	26.375856	26.16522194	27.44347078	26.16522194
1415	3	12.45	NA	11.15400307	11.7321892	11.73220976	11.36077293	11.73220976
1416	3	12.37	NA	11.04841267	11.69694051	11.6857424	11.2965003	11.6857424
1417	3	16.4	NA	14.35218658	15.1477559	15.47193724	14.8659826	15.47193724
1418	3	17.12	NA	15.01628392	16.05739907	16.27138143	15.81720714	16.27138143
1419	3	17.21	NA	15.15830721	16.17079331	16.26874689	15.94870395	16.26874689
1420	3	18.37	NA	18.18448812	17.18249567	16.97040901	17.99362533	16.97040901
1421	3	14.11	NA	12.89265292	13.03405361	13.17142239	12.73075657	13.17142239
1422	3	19.53	NA	20.3152276	18.79888429	18.70725349	19.05665115	18.70725349
1423	3	17.22	NA	15.1771871	16.18339267	16.26845417	15.9633147	16.26845417
1424	3	16.44	NA	14.38410955	15.20745765	15.53378428	14.90783942	15.53378428
1425	3	13.67	NA	12.3885783	12.57417141	12.85197665	12.33869307	12.85197665
1426	3	21.64	NA	23.03638745	22.60898243	22.23529345	22.19630888	22.23529345
1427	3	18.92	NA	19.24755626	17.93184949	17.83801562	18.42256236	17.83801562
1428	3	17.81	NA	16.45708824	16.78529467	16.69981705	17.1016507	16.69981705
1429	3	20.43	NA	21.62179589	20.3194807	20.55159572	20.93360861	20.55159572
1430	3	21.73	NA	23.1671373	22.75414103	22.38091614	22.28964859	22.38091614
1431	3	23.41	NA	26.50561204	25.60296333	25.1829977	25.74868473	25.1829977
1432	3	20.9	NA	22.14068145	20.98462084	21.16619305	21.44581298	21.16619305
1433	3	17.93	NA	16.50087279	16.89629779	16.75780104	17.32287954	16.75780104
1434	3	19.55	NA	20.34569483	18.83143638	18.74144879	19.0769399	18.74144879
1435	3	18.66	NA	18.78956283	17.45308742	17.38517495	18.22848898	17.38517495
1436	3	20.12	NA	21.25893202	19.89373465	20.10148131	20.39112763	20.10148131
1437	3	16.61	NA	14.5276283	15.45599822	15.78448508	15.11278136	15.78448508
1438	3	13.31	NA	11.99119008	12.16257318	12.44755683	12.02280559	12.44755683
1439	3	13.01	NA	11.69753296	11.97893003	12.1604488	11.81696292	12.1604488
1440	3	22.26	NA	23.99442075	23.57011312	23.21102126	23.18640356	23.21102126
1441	3	24.9	NA	27.223424	26.71339033	26.50953443	28.35768558	26.50953443
1442	3	12.41	NA	11.10120787	11.71456486	11.70897608	11.32804591	11.70897608
1443	3	17.79	NA	16.41028166	16.76679415	16.69015305	17.06474883	16.69015305
1444	3	16.05	NA	14.1307517	14.79172766	14.99974008	14.51972297	14.99974008
1445	3	12.29	NA	10.94282228	11.66011047	11.63927503	11.2419738	11.63927503
1446	3	14.09	NA	12.86974043	13.01289103	13.15605149	12.71482861	13.15605149
1447	3	19.94	NA	21.01227364	19.55980842	19.60868315	19.82508034	19.60868315
1448	3	17.73	NA	16.24668507	16.71129259	16.66116106	16.99420329	16.66116106
1449	3	17.9	NA	16.46569758	16.86854701	16.74330505	17.26757559	16.74330505
1450	3	11.61	NA	10.12439367	11.32657333	11.29819244	10.51175469	11.29819244
1451	3	22.36	NA	24.22200393	23.7595745	23.38132233	23.40352647	23.38132233
1452	3	20.87	NA	22.10725555	20.90470376	21.13472999	21.41490427	21.13472999
1453	3	17.64	NA	16.00129018	16.62804024	16.6106705	16.81996611	16.6106705
1454	3	11.54	NA	10.04504225	11.28849894	11.25811896	10.45291648	11.25811896
1455	3	8.72	NA	8.03105829	9.390524947	9.47822495	7.989734723	9.47822495
1456	3	15.11	NA	13.65998222	13.95314075	13.88817877	13.64743374	13.88817877
1457	3	18.48	NA	18.4183951	17.26587884	17.08103651	18.08229348	17.08103651
1458	3	20.45	NA	21.64224618	20.35044848	20.58259647	20.96197106	20.58259647
1459	3	16.71	NA	14.62499002	15.60135002	15.90556615	15.22848249	15.90556615
1460	3	9.26	NA	8.447010488	9.731573028	9.783521927	8.487389039	9.783521927
1461	3	12.71	NA	11.4429344	11.84674744	11.92503103	11.57446887	11.92503103
1462	3	23.99	NA	27.01469541	26.25727187	25.8204188	26.68248946	25.8204188
1463	3	21.72	NA	23.15234344	22.73917443	22.3636022	22.27510902	22.3636022
1464	3	16.59	NA	14.50815595	15.42685427	15.76036722	15.08964113	15.76036722
1465	3	11.37	NA	9.878821716	11.19603257	11.11780957	10.3100237	11.11780957
1466	3	21.56	NA	22.92101053	22.46413984	22.12858582	22.13157385	22.12858582
1467	3	26.44	NA	28.23022678	28.29792648	28.21642201	31.1959203	28.21642201
1468	3	22.49	NA	24.51786207	24.00442417	23.60461994	23.71037832	23.60461994
1469	3	18.69	NA	18.8460837	17.51021347	17.43586469	18.25088206	17.43586469
1470	3	17.56	NA	15.78631688	16.55403816	16.54318566	16.67145104	16.54318566
1471	3	12.2	NA	10.82403308	11.61788886	11.58852145	11.18063148	11.58852145
1472	3	11.99	NA	10.55515851	11.51937177	11.48518401	11.0105937	11.48518401
1473	3	14.51	NA	13.27045626	13.47860714	13.5883563	13.08410016	13.5883563
1474	3	16.82	NA	14.73208792	15.76086083	16.04784376	15.37719291	16.04784376
1475	3	14.48	NA	13.24983141	13.43925441	13.55007338	13.05732236	13.55007338
1476	3	21.94	NA	23.39025423	23.01568674	22.71772873	22.6325934	22.71772873
1477	3	23.33	NA	26.30490083	25.46226899	25.09507755	25.60762618	25.09507755
1478	3	20.89	NA	22.12953948	20.95798181	21.15570536	21.43548535	21.15570536
1479	3	16.21	NA	14.2248381	14.92322095	15.19435443	14.67636713	15.19435443
1480	3	13.66	NA	12.37712206	12.56856096	12.84087497	12.32770961	12.84087497
1481	3	17.76	NA	16.32848336	16.73904337	16.67565705	17.03716676	16.67565705
1482	3	22.29	NA	24.0626957	23.62695153	23.26108515	23.25154043	23.26108515
1483	3	20.15	NA	21.2963055	19.94657395	20.19646052	20.43150086	20.19646052
1484	3	28.96	NA	29.9296819	30.78483482	31.00700966	33.7159203	31.00700966
1485	3	23.7	NA	26.9481775	25.8694444	25.50170825	26.22648653	25.50170825
1486	3	21.54	NA	22.8921663	22.4272253	22.10190892	22.11539009	22.10190892
1487	3	18.66	NA	18.78956283	17.45308742	17.38517495	18.22848898	17.38517495
1488	3	18.83	NA	19.08100401	17.77680168	17.67241681	18.35538311	17.67241681
1489	3	23.63	NA	26.93212146	25.80546285	25.42477811	26.11303872	25.42477811
1490	3	24.65	NA	27.16608098	26.45295272	26.34161755	27.87358485	26.34161755
1491	3	25.4	NA	27.33811005	27.23426555	27.07854887	29.34107914	27.07854887
1492	3	18.06	NA	17.08608005	17.01630629	16.82061703	17.56253001	16.82061703
1493	3	16.58	NA	14.49841978	15.4122823	15.74830829	15.07807102	15.74830829
1494	3	21.06	NA	22.31682613	21.34026752	21.38711499	21.60956624	21.38711499
1495	3	9.38	NA	8.528999067	9.80736149	9.851680483	8.597978887	9.851680483
1496	3	7.3	NA	6.899000012	8.501919678	8.620685518	6.876523354	8.620685518
1497	3	18.47	NA	18.40167857	17.25108409	17.06413993	18.07369934	17.06413993
1498	3	23.8	NA	26.97111471	26.00317801	25.61160844	26.38855483	25.61160844
1499	3	12.19	NA	10.81083428	11.61319757	11.58360062	11.17381566	11.58360062
1500	3	8.15	NA	7.576640531	9.033022029	9.135187884	7.464432946	9.135187884
1501	3	14.41	NA	13.21177944	13.35149232	13.46074658	12.99484083	13.46074658
1502	3	19.41	NA	20.13242424	18.60279325	18.51825396	18.92775795	18.51825396
1503	3	18.3	NA	18.0358789	17.14496903	16.93658502	17.94308196	16.93658502
1504	3	18.77	NA	18.98680709	17.66254959	17.57103733	18.31059695	17.57103733
1505	3	11.62	NA	10.13572959	11.33201252	11.30311327	10.52016015	11.30311327
1506	3	7.74	NA	7.249778633	8.776843248	8.887016154	7.086584299	8.887016154
1507	3	15.86	NA	14.06187326	14.61285692	14.77229276	14.2769305	14.77229276
1508	3	20.76	NA	21.98248459	20.67500429	21.01936542	21.32038215	21.01936542
1509	3	23.13	NA	25.80312279	25.13910723	24.80034859	25.34710971	24.80034859
1510	3	14.48	NA	13.24983141	13.43925441	13.55007338	13.05732236	13.55007338
1511	3	19.63	NA	20.47202437	18.96378687	18.86406824	19.12958413	18.86406824
1512	3	19.78	NA	20.75095727	19.18553687	19.15916624	19.31381714	19.15916624
1513	3	19.85	NA	20.86622925	19.33868386	19.34990845	19.56584707	19.34990845
1514	3	23.57	NA	26.90703446	25.76723776	25.358838	26.01579774	25.358838
1515	3	14.5	NA	13.26358131	13.46548957	13.57559532	13.07517422	13.57559532
1516	3	12.87	NA	11.57457591	11.91724482	12.05544753	11.72025047	12.05544753
1517	3	18.59	NA	18.63526223	17.32333143	17.26689889	18.17623846	17.26689889
1518	3	16.32	NA	14.28834065	15.04406447	15.35037112	14.78405999	15.35037112
1519	3	19.8	NA	20.78389212	19.22178417	19.20931195	19.38582569	19.20931195
1520	3	18.5	NA	18.45182815	17.29546833	17.11482967	18.09948177	17.11482967
1521	3	24.59	NA	27.15231866	26.39044769	26.3013175	27.76643645	26.3013175
1522	3	15.28	NA	13.76917946	13.99054707	13.86705103	13.7457099	13.86705103
1523	3	22.3	NA	24.08545402	23.64589767	23.27826189	23.27325272	23.27826189
1524	3	20.22	NA	21.39019427	20.04063586	20.36806464	20.60153371	20.36806464
1525	3	18.63	NA	18.73051021	17.39596138	17.33448521	18.2060959	17.33448521
1526	3	22.5	NA	24.54062039	24.02388892	23.62179668	23.73939558	23.62179668
1527	3	21.63	NA	23.02196534	22.59159547	22.22195499	22.18821701	22.22195499
1528	3	16.25	NA	14.25432927	14.96629754	15.25108777	14.71552817	15.25108777
1529	3	18.71	NA	18.88376428	17.5482975	17.46965785	18.26581078	17.46965785
1530	3	18.97	NA	19.33994003	18.00968717	17.91095412	18.45988416	17.91095412
1531	3	9.84	NA	8.843288621	10.14319625	10.11295495	9.021906637	10.11295495
1532	3	7.12	NA	6.755499667	8.389450944	8.511732076	6.876523354	8.511732076
1533	3	19.53	NA	20.3152276	18.79888429	18.70725349	19.05665115	18.70725349
1534	3	21.14	NA	22.40954179	21.63044126	21.48907429	21.69299282	21.48907429
1535	3	21.36	NA	22.66450986	22.10151792	21.77710877	21.92998956	21.77710877
1536	3	24.39	NA	27.10644424	26.37664783	26.14766174	27.40223872	26.14766174
1537	3	21.25	NA	22.53702583	21.98763011	21.61773279	21.81149119	21.61773279
1538	3	13.38	NA	12.06804114	12.24789467	12.53002791	12.08288171	12.53002791
1539	3	18.87	NA	19.1551725	17.85011621	17.74017467	18.38524056	17.74017467
1540	3	22.55	NA	24.6466018	24.13709276	23.71347482	23.88448189	23.71347482
1541	3	19.85	NA	20.86622925	19.33868386	19.34990845	19.56584707	19.34990845
1542	3	7.33	NA	6.922916736	8.520664467	8.638844425	6.876523354	8.638844425
1543	3	16.84	NA	14.75156027	15.78986279	16.07371241	15.40599049	16.07371241
1544	3	14.08	NA	12.85828419	13.00230974	13.14836604	12.70686463	13.14836604
1545	3	13.43	NA	12.12293475	12.3088386	12.58553632	12.12579323	12.58553632
1546	3	20.95	NA	22.19639129	21.11781597	21.23274992	21.49700797	21.23274992
1547	3	20.49	NA	21.68314675	20.41238404	20.64459798	21.01418511	20.64459798
1548	3	21.09	NA	22.35159451	21.45930853	21.42921455	21.64026395	21.42921455
1549	3	25.07	NA	27.26241726	26.8904879	26.66798007	28.69130392	26.66798007
1550	3	22.38	NA	24.26752057	23.79746678	23.41567581	23.44695105	23.41567581
1551	3	15.23	NA	13.73706263	13.99657667	13.87326507	13.71680515	13.87326507
1552	3	18.52	NA	18.48681216	17.32505782	17.14862283	18.11667005	17.14862283
1553	3	26.05	NA	27.88952634	27.90554024	27.7857608	30.62093941	27.7857608
1554	3	18.34	NA	18.1297207	17.16641282	16.95591302	17.97196389	16.95591302
1555	3	18.01	NA	16.86100034	16.97029988	16.79645704	17.47035675	16.79645704
1556	3	19.75	NA	20.69686716	19.13771196	19.09065635	19.20855048	19.09065635
1557	3	23.05	NA	25.60241158	25.01114575	24.69021882	25.22527226	24.69021882
1558	3	11.55	NA	10.05637817	11.29393814	11.26637245	10.46132194	11.26637245
1559	3	15.38	NA	13.83341314	14.06711626	13.96449413	13.8175956	13.96449413
1560	3	21.61	NA	22.99312111	22.55642617	22.19527809	22.17203325	22.19527809
1561	3	16.79	NA	14.7028794	15.71735788	16.00904077	15.33399653	16.00904077
1562	3	13.4	NA	12.08999858	12.27227224	12.55223127	12.10004632	12.55223127
1563	3	17.47	NA	15.60606847	16.47078582	16.46726521	16.49627868	16.46726521
1564	3	23.34	NA	26.32998973	25.47985578	25.10606757	25.62044797	25.10606757
1565	3	21.54	NA	22.8921663	22.4272253	22.10190892	22.11539009	22.10190892
1566	3	15.21	NA	13.72421589	13.99898852	13.87575069	13.70524325	13.87575069
1567	3	15.53	NA	13.91647311	14.24785914	14.20458383	13.94444993	14.20458383
1568	3	17.72	NA	16.21941897	16.70204233	16.65632906	16.97484361	16.65632906
1569	3	17.82	NA	16.45804483	16.79454493	16.70464905	17.12009838	16.70464905
1570	3	21.8	NA	23.23748794	22.85063498	22.50211373	22.40234398	22.50211373
1571	3	18.33	NA	18.11336539	17.16105188	16.95108102	17.96474341	16.95108102
1572	3	19.5	NA	20.26952676	18.74986153	18.65596055	19.02442785	18.65596055
1573	3	13.81	NA	12.54896568	12.65271769	13.00740019	12.4918371	13.00740019
1574	3	11.12	NA	9.712245796	10.97785235	10.91147222	10.10019011	10.91147222
1575	3	18.7	NA	18.86492399	17.52925548	17.45276127	18.25834642	17.45276127
1576	3	16.56	NA	14.47987845	15.38313836	15.7193254	15.05493079	15.7193254
1577	3	21.51	NA	22.84889996	22.3718535	22.06189356	22.08494499	22.06189356
1578	3	20.88	NA	22.11839752	20.93134279	21.14521767	21.42515772	21.14521767
1579	3	15.04	NA	13.61501865	13.91670068	13.89131411	13.61133156	13.89131411
1580	3	8.07	NA	7.5128626	8.983035925	9.086764132	7.390706381	9.086764132
1581	3	15.37	NA	13.82698977	14.05506674	13.94848816	13.80913864	13.94848816
1582	3	18.99	NA	19.37714589	18.03798304	17.93779368	18.47481288	17.93779368
1583	3	14.22	NA	13.01867157	13.1504478	13.25596231	12.8252481	13.25596231
1584	3	6.25	NA	6.327572346	7.845852067	7.986933161	6.876523354	7.986933161
1585	3	13.77	NA	12.50314071	12.6302759	12.96299346	12.44852773	12.96299346
1586	3	20.73	NA	21.94201478	20.6499788	20.98790236	21.29460338	20.98790236
1587	3	17.33	NA	15.38486592	16.32198563	16.34916675	16.17981042	16.34916675
1588	3	20.44	NA	21.63202104	20.33496459	20.56709609	20.94778984	20.56709609
1589	3	19.61	NA	20.44042472	18.93064518	18.82630356	19.11642307	18.82630356
1590	3	10.15	NA	9.055092451	10.30960992	10.28918194	9.307597077	10.28918194
1591	3	11.54	NA	10.04504225	11.28849894	11.25811896	10.45291648	11.25811896
1592	3	13.25	NA	11.92531774	12.08944048	12.37427114	11.9723817	12.37427114
1593	3	18.06	NA	17.08608005	17.01630629	16.82061703	17.56253001	16.82061703
1594	3	21.71	NA	23.13754958	22.72420783	22.34628825	22.26056944	22.34628825
1595	3	22.26	NA	23.99442075	23.57011312	23.21102126	23.18640356	23.21102126
1596	3	22.81	NA	25.11032352	24.62939722	24.33789891	24.60230904	24.33789891
1597	3	16.27	NA	14.26907486	14.98851667	15.27945444	14.73510869	15.27945444
1598	3	8.55	NA	7.895530187	9.283157958	9.377306644	7.833065772	9.377306644
1599	3	20.62	NA	21.81607361	20.55821868	20.84610287	21.1743207	20.84610287
1600	3	11.05	NA	9.665604539	10.90009665	10.85369777	10.04325251	10.85369777
1601	3	20.06	NA	21.18839125	19.78805605	19.91152287	20.266593	19.91152287
1602	3	20.71	NA	21.91503491	20.63329514	20.96692698	21.27741754	20.96692698
1603	3	21.44	NA	22.75134375	22.24265263	21.91531684	22.01345008	21.91531684
1604	3	25.62	NA	27.51388227	27.46345064	27.34502302	29.77426261	27.34502302
1605	3	25.11	NA	27.27159214	26.93215792	26.71774598	28.77006455	26.71774598
1606	3	22.12	NA	23.6758043	23.30994822	22.98010152	22.93593969	22.98010152
1607	3	10.63	NA	9.383046768	10.56314356	10.56263586	9.701626897	10.56263586
1608	3	20.15	NA	21.2963055	19.94657395	20.19646052	20.43150086	20.19646052
1609	3	21.25	NA	22.53702583	21.98763011	21.61773279	21.81149119	21.61773279
1610	3	25.23	NA	27.29911679	27.05716797	26.86704373	29.00634645	26.86704373
1611	3	21.92	NA	23.36304428	22.98791431	22.6945028	22.59886201	22.6945028
1612	3	16.72	NA	14.6347262	15.61585101	15.91850048	15.2400526	15.91850048
1613	3	21.99	NA	23.4582791	23.07410632	22.77579357	22.7169394	22.77579357
1614	3	23.39	NA	26.45543423	25.56778975	25.16101766	25.71089978	25.16101766
1615	3	23.4	NA	26.48052314	25.58537654	25.17200768	25.72979225	25.17200768
1616	3	21.45	NA	22.76254141	22.2611099	21.93873211	22.02366364	21.93873211
1617	3	23.73	NA	26.95505866	25.90956448	25.5346783	26.27510702	25.5346783
1618	3	22.62	NA	24.77823761	24.29544516	23.92684784	24.08504949	23.92684784
1619	3	19.44	NA	20.17812508	18.65181601	18.55953594	18.95998125	18.55953594
1620	3	20.08	NA	21.21190484	19.82328225	19.97484235	20.33863645	19.97484235
1621	3	23.72	NA	26.95276494	25.89619112	25.52368828	26.25890019	25.52368828
1622	3	15.85	NA	14.05824807	14.60195449	14.75585445	14.27019351	14.75585445
1623	3	14.04	NA	12.81245923	12.95451463	13.11762425	12.6750087	13.11762425
1624	3	12.35	NA	11.02201507	11.68812834	11.67412556	11.28286868	11.67412556
1625	3	10.56	NA	9.335220097	10.52616991	10.52275716	9.644689295	10.52275716
1626	3	13.22	NA	11.89238158	12.07145783	12.33762829	11.95295435	12.33762829
1627	3	20.25	NA	21.43043231	20.06303007	20.38319194	20.67440493	20.38319194
1628	3	21.17	NA	22.44431017	21.74553036	21.52346866	21.72531056	21.52346866
1629	3	16.56	NA	14.47987845	15.38313836	15.7193254	15.05493079	15.7193254
1630	3	16.29	NA	14.28382045	15.01073579	15.30782111	14.75468921	15.30782111
1631	3	12.27	NA	10.91642468	11.65072789	11.62765819	11.22834217	11.62765819
1632	3	12.78	NA	11.50048677	11.87759004	11.98794672	11.63824832	11.98794672
1633	3	21.66	NA	23.06523168	22.64375636	22.26197035	22.2129988	22.26197035
1634	3	18.35	NA	18.14607601	17.17177377	16.96074501	17.97918437	16.96074501
1635	3	17.15	NA	15.05185243	16.09519715	16.27050325	15.86103941	16.27050325
1636	3	16.61	NA	14.5276283	15.45599822	15.78448508	15.11278136	15.78448508
1637	3	15.85	NA	14.05824807	14.60195449	14.75585445	14.27019351	14.75585445
1638	3	16.07	NA	14.13800206	14.80816432	15.0104414	14.53930349	15.0104414
1639	3	21.27	NA	22.56020474	21.99814776	21.64671024	21.83303635	21.64671024
1640	3	21.39	NA	22.70050365	22.15430777	21.81871813	21.9623073	21.81871813
1641	3	19.29	NA	19.93464781	18.42384946	18.36164554	18.79886476	18.36164554
1642	3	19.91	NA	20.96503381	19.48610023	19.52242492	19.75077326	19.52242492
1643	3	19.41	NA	20.13242424	18.60279325	18.51825396	18.92775795	18.51825396
1644	3	17.72	NA	16.21941897	16.70204233	16.65632906	16.97484361	16.65632906
1645	3	13.14	NA	11.82618984	12.03620914	12.25794997	11.90114809	12.25794997
1646	3	14.59	NA	13.32545588	13.5649891	13.6419806	13.17009831	13.6419806
1647	3	20.63	NA	21.82629875	20.56656051	20.86160324	21.18663883	20.86160324
1648	3	16.42	NA	14.36814806	15.17760677	15.50286076	14.88691101	15.50286076
1649	3	25.67	NA	27.55756181	27.51553816	27.3962716	29.8727134	27.3962716
1650	3	23.9	NA	26.99405192	26.13691162	25.72150863	26.54469578	25.72150863
1651	3	22.5	NA	24.54062039	24.02388892	23.62179668	23.73939558	23.62179668
1652	3	17.4	NA	15.5155222	16.40603399	16.40821598	16.33804455	16.40821598
1653	3	12.28	NA	10.92962348	11.65541918	11.63346661	11.23515798	11.63346661
1654	3	7.03	NA	6.683749494	8.333216578	8.457255355	6.876523354	8.457255355
1655	3	25.59	NA	27.48767454	27.43219813	27.31427388	29.71519214	27.31427388
1656	3	19.44	NA	20.17812508	18.65181601	18.55953594	18.95998125	18.55953594
1657	3	19.33	NA	20.00740121	18.47402967	18.40816869	18.84182916	18.40816869
1658	3	15.36	NA	13.8205664	14.04301721	13.93248218	13.80068169	13.93248218
1659	3	17.45	NA	15.58293609	16.4522853	16.450394	16.45106893	16.450394
1660	3	19.17	NA	19.72117984	18.27330884	18.17621465	18.67027652	18.17621465
1661	3	17.22	NA	15.1771871	16.18339267	16.26845417	15.9633147	16.26845417
1662	3	18.11	NA	17.29798176	17.04311103	16.84477703	17.64679653	16.84477703
1663	3	15.96	NA	14.09812507	14.71584663	14.93056369	14.4051483	14.93056369
1664	3	11.73	NA	10.26042467	11.3918437	11.3572424	10.61262019	11.3572424
1665	3	18.25	NA	17.86334789	17.11816429	16.91242502	17.87419783	16.91242502
1666	3	13.94	NA	12.69789682	12.81974617	13.03390405	12.59536887	13.03390405
1667	3	12.11	NA	10.70524389	11.57566725	11.54423397	11.11928916	11.54423397
1668	3	13.93	NA	12.68644057	12.80626933	13.02372582	12.58740489	13.02372582
1669	3	21.59	NA	22.96427688	22.51951164	22.16860118	22.15584949	22.16860118
1670	3	13.3	NA	11.98021136	12.1503844	12.43534255	12.01422328	12.43534255
1671	3	11.13	NA	9.718908833	10.9889603	10.91972572	10.10832405	10.91972572
1672	3	21.23	NA	22.51384691	21.97570857	21.59225741	21.78994603	21.59225741
1673	3	22.09	NA	23.60752934	23.25477083	22.93061872	22.88545856	22.93061872
1674	3	22.42	NA	24.35855384	23.87325133	23.48438276	23.53380022	23.48438276
1675	3	17.07	NA	14.95700308	15.99440228	16.27284505	15.73500357	16.27284505
1676	3	20.92	NA	22.16296539	21.03789889	21.19065035	21.46631025	21.19065035
1677	3	20.35	NA	21.54498528	20.19560958	20.43361627	20.82015884	20.43361627
1678	3	27.14	NA	28.73815408	28.98794903	28.99787073	31.8959203	28.99787073
1679	3	20.04	NA	21.16487766	19.75282985	19.8482034	20.19454955	19.8482034
1680	3	24.2	NA	27.06286354	26.38417023	25.99533598	27.0348659	25.99533598
1681	3	21.91	NA	23.3494393	22.97402809	22.68194265	22.58248551	22.68194265
1682	3	17.6	NA	15.89222579	16.5910392	16.57692808	16.74402026	16.57692808
1683	3	23.55	NA	26.85685666	25.75449606	25.33685796	25.98338408	25.33685796
1684	3	13.18	NA	11.84847219	12.05383349	12.28877116	11.92705122	12.28877116
1685	3	2.86	NA	6.327572346	6.964660631	6.921067665	6.876523354	6.921067665
1686	3	12.14	NA	10.74484029	11.58974112	11.55899647	11.1397366	11.55899647
1687	3	19.27	NA	19.89827111	18.39875936	18.33882713	18.77738256	18.33882713
1688	3	21.41	NA	22.72106739	22.189501	21.84580408	21.98280941	21.84580408
1689	3	20.17	NA	21.32313086	19.98180015	20.25978	20.48008168	20.25978
1690	3	20.73	NA	21.94201478	20.6499788	20.98790236	21.29460338	20.98790236
1691	3	21.51	NA	22.84889996	22.3718535	22.06189356	22.08494499	22.06189356
1692	3	17.07	NA	14.95700308	15.99440228	16.27284505	15.73500357	16.27284505
1693	3	20.57	NA	21.7649479	20.51650953	20.76860099	21.11273009	20.76860099
1694	3	16.18	NA	14.20271971	14.89856596	15.15180443	14.64699635	15.15180443
1695	3	16.46	NA	14.40007103	15.23730852	15.5647078	14.93156812	15.5647078
1696	3	17.9	NA	16.46569758	16.86854701	16.74330505	17.26757559	16.74330505
1697	3	20.25	NA	21.43043231	20.06303007	20.38319194	20.67440493	20.38319194
1698	3	22.9	NA	25.22607806	24.77121798	24.48473406	24.83101702	24.48473406
1699	3	20.16	NA	21.30971818	19.96418705	20.22812026	20.45579127	20.22812026
1700	3	16.56	NA	14.47987845	15.38313836	15.7193254	15.05493079	15.7193254
1701	3	22.58	NA	24.70301715	24.20501506	23.82515868	23.97153367	23.82515868
1702	3	21.71	NA	23.13754958	22.72420783	22.34628825	22.26056944	22.34628825
1703	3	16.64	NA	14.55683682	15.49971413	15.82066186	15.1474917	15.82066186
1704	3	12.03	NA	10.60050218	11.53813693	11.50486733	11.06476265	11.50486733
1705	3	18.69	NA	18.8460837	17.51021347	17.43586469	18.25088206	17.43586469
1706	3	13.59	NA	12.29859431	12.50385915	12.76316321	12.2631101	12.76316321
1707	3	13.38	NA	12.06804114	12.24789467	12.53002791	12.08288171	12.53002791
1708	3	14.43	NA	13.22084529	13.37366653	13.48626853	13.01269269	13.48626853
1709	3	19.88	NA	20.91563153	19.41239205	19.43616669	19.6738599	19.43616669
1710	3	20.27	NA	21.45725767	20.07795955	20.39327681	20.70670906	20.39327681
1711	3	19.56	NA	20.36142561	18.84779096	18.75854643	19.08352043	18.75854643
1712	3	20.95	NA	22.19639129	21.11781597	21.23274992	21.49700797	21.23274992
1713	3	16.22	NA	14.23221089	14.93296886	15.20853777	14.68615739	15.20853777
1714	3	10.63	NA	9.383046768	10.56314356	10.56263586	9.701626897	10.56263586
1715	3	20.68	NA	21.87742447	20.60826965	20.93546392	21.24822944	20.93546392
1716	3	18.7	NA	18.86492399	17.52925548	17.45276127	18.25834642	17.45276127
1717	3	17.32	NA	15.36598603	16.30938627	16.34073114	16.15720554	16.34073114
1718	3	19.75	NA	20.69686716	19.13771196	19.09065635	19.20855048	19.09065635
1719	3	24.09	NA	27.03763262	26.3885253	25.92962979	26.84807279	25.92962979
1720	3	28.53	NA	29.64816708	30.35813666	30.53468048	33.2859203	30.53468048
1721	3	15.28	NA	13.76917946	13.99054707	13.86705103	13.7457099	13.86705103
1722	3	8.57	NA	7.911474669	9.295789368	9.389412582	7.851497414	9.389412582
1723	3	16.41	NA	14.36016732	15.16268133	15.487399	14.8764468	15.487399
1724	3	20.26	NA	21.44384499	20.07049481	20.38823437	20.69252784	20.38823437
1725	3	25.89	NA	27.7497518	27.74140781	27.62176535	30.30589688	27.62176535
1726	3	28.92	NA	29.90349447	30.74483482	30.96587171	33.6759203	30.96587171
1727	3	21.48	NA	22.80567517	22.3164817	22.00897791	22.05430431	22.00897791
1728	3	13.31	NA	11.99119008	12.16257318	12.44755683	12.02280559	12.44755683
1729	3	8.9	NA	8.174558635	9.50420764	9.579840463	8.155619495	9.579840463
1730	3	15.82	NA	14.04737253	14.56731832	14.70653952	14.24059221	14.70653952
1731	3	18.56	NA	18.56976087	17.33012691	17.21620915	18.15104663	17.21620915
1732	3	18.28	NA	17.9668665	17.13424714	16.92692102	17.92183577	16.92692102
1733	3	19.82	NA	20.81682697	19.26497568	19.26365022	19.45783424	19.26365022
1734	3	23.62	NA	26.92982774	25.799092	25.4137881	26.09683189	25.4137881
1735	3	9.73	NA	8.768132423	10.05723323	10.05047627	8.92053261	10.05047627
1736	3	9.68	NA	8.733970515	10.01815912	10.02207687	8.874453506	10.02207687
1737	3	15.56	NA	13.93222569	14.28400772	14.25096837	13.9698208	14.25096837
1738	3	23.47	NA	26.65614545	25.70352928	25.24893781	25.85372945	25.24893781
1739	3	20.99	NA	22.23897939	21.19427865	21.28888267	21.53793825	21.28888267
1740	3	12.88	NA	11.58322213	11.92165091	12.06294762	11.72936182	12.06294762
1741	3	20.53	NA	21.72404732	20.4743196	20.70659948	21.0634576	20.70659948
1742	3	21.48	NA	22.80567517	22.3164817	22.00897791	22.05430431	22.00897791
1743	3	22.94	NA	25.32643367	24.83519872	24.53953	24.93296452	24.53953
1744	3	16.2	NA	14.2174653	14.91500262	15.1801711	14.66657687	15.1801711
1745	3	19.99	NA	21.09040429	19.66476434	19.7654207	20.01444092	19.7654207
1746	3	25.36	NA	27.32893516	27.19259553	27.02878296	29.2623185	27.02878296
1747	3	26.14	NA	27.96814952	27.99786473	27.87800824	30.79815083	27.87800824
1748	3	10.59	NA	9.355717241	10.54201576	10.53984803	9.669091124	10.53984803
1749	3	21.5	NA	22.83447784	22.35339623	22.0485551	22.07473143	22.0485551
1750	3	15.53	NA	13.91647311	14.24785914	14.20458383	13.94444993	14.20458383
1751	3	17.3	NA	15.32822624	16.28418755	16.32385993	16.11199579	16.32385993
1752	3	15	NA	13.58932518	13.89587779	13.86915113	13.59314901	13.86915113
1753	3	21.45	NA	22.76254141	22.2611099	21.93873211	22.02366364	21.93873211
1754	3	18.98	NA	19.35841678	18.02476097	17.9243739	18.46734852	17.9243739
1755	3	15.44	NA	13.86921534	14.13941342	14.06053001	13.86833733	14.06053001
1756	3	10.67	NA	9.410376294	10.58427137	10.58542368	9.734162669	10.58542368
1757	3	12.96	NA	11.65239195	11.95689959	12.12294834	11.784584	12.12294834
1758	3	17.87	NA	16.4628278	16.84079623	16.72880905	17.21227164	16.72880905
1759	3	14.44	NA	13.22537822	13.38678411	13.4990295	13.02161863	13.4990295
1760	3	22.32	NA	24.13097066	23.68378995	23.31261537	23.3166773	23.31261537
1761	3	22.01	NA	23.48548905	23.10763115	22.80186409	22.75067779	22.80186409
1762	3	23.05	NA	25.60241158	25.01114575	24.69021882	25.22527226	24.69021882
1763	3	13.73	NA	12.45731575	12.6078341	12.91858674	12.40459386	12.91858674
1764	3	20.25	NA	21.43043231	20.06303007	20.38319194	20.67440493	20.38319194
1765	3	12.88	NA	11.58322213	11.92165091	12.06294762	11.72936182	12.06294762
1766	3	18.44	NA	18.35152899	17.2200223	17.01345019	18.04791691	17.01345019
1767	3	13.51	NA	12.21076453	12.40634887	12.67434976	12.19445166	12.67434976
1768	3	25.42	NA	27.34269749	27.25510055	27.10343183	29.38045945	27.10343183
1769	3	23.17	NA	25.9034784	25.20308797	24.855661	25.39988291	24.855661
1770	3	17.6	NA	15.89222579	16.5910392	16.57692808	16.74402026	16.57692808
1771	3	21.88	NA	23.30862437	22.93892835	22.63348042	22.533356	22.63348042
1772	3	14.75	NA	13.42874099	13.70124118	13.73063252	13.36431637	13.73063252
1773	3	7.82	NA	7.313556565	8.826829351	8.935439906	7.160310864	8.935439906
1774	3	15.27	NA	13.7627561	13.99175299	13.86829384	13.73992895	13.86829384
1775	3	19.79	NA	20.76742469	19.20366052	19.18423909	19.34982141	19.18423909
1776	3	16.37	NA	14.32824435	15.10297959	15.42555196	14.83458998	15.42555196
1777	3	12.04	NA	10.61285229	11.54282822	11.50978816	11.07157846	11.50978816
1778	3	13.96	NA	12.7208093	12.84669986	13.0542605	12.61129684	13.0542605
1779	3	17.71	NA	16.19215287	16.69279207	16.65149706	16.95548392	16.65149706
1780	3	15.32	NA	13.79487293	13.99481911	13.86845826	13.7688337	13.86845826
1781	3	16.3	NA	14.29119324	15.02184535	15.32200445	14.76447947	15.32200445
1782	3	14.25	NA	13.05304029	13.18219167	13.27901865	12.8520259	13.27901865
1783	3	20.4	NA	21.59112047	20.27302903	20.50509459	20.89106495	20.50509459
1784	3	23.53	NA	26.80667886	25.74175437	25.31487793	25.95097043	25.31487793
1785	3	22.3	NA	24.08545402	23.64589767	23.27826189	23.27325272	23.27826189
1786	3	13.39	NA	12.07901986	12.26008346	12.54112959	12.09146402	12.54112959
1787	3	20.14	NA	21.28289282	19.92896085	20.16480078	20.41684451	20.16480078
1788	3	16.17	NA	14.19534692	14.89034762	15.13762109	14.63720609	15.13762109
1789	3	12.16	NA	10.77123789	11.5991237	11.56883813	11.15336822	11.56883813
1790	3	23.23	NA	26.05401181	25.29905908	24.93862961	25.47904271	24.93862961
1791	3	24.15	NA	27.05139494	26.38614981	25.96546953	26.94995994	25.96546953
1792	3	24.3	NA	27.08580075	26.38021107	26.06864085	27.21669445	26.06864085
1793	3	17.69	NA	16.13762067	16.67429154	16.64183306	16.91676454	16.64183306
1794	3	17.21	NA	15.15830721	16.17079331	16.26874689	15.94870395	16.26874689
1795	3	15.99	NA	14.10900061	14.7416041	14.96763612	14.44562563	14.96763612
1796	3	19.4	NA	20.11719062	18.58645233	18.5044933	18.91701685	18.5044933
1797	3	23.65	NA	26.9367089	25.81820454	25.44675815	26.14545238	25.44675815
1798	3	9.25	NA	8.440178106	9.725257323	9.777842047	8.478173218	9.777842047
1799	3	19.74	NA	20.67521065	19.1260262	19.07177401	19.20196995	19.07177401
1800	3	19.76	NA	20.71802241	19.14939772	19.10953869	19.24180859	19.10953869
1801	3	17.02	NA	14.89772224	15.95375189	16.27430868	15.66625161	16.27430868
1802	3	21.05	NA	22.30523668	21.30058718	21.3730818	21.59933367	21.3730818
1803	3	15.23	NA	13.73706263	13.99657667	13.87326507	13.71680515	13.87326507
1804	3	13.13	NA	11.82061925	12.03180306	12.25044988	11.89467231	12.25044988
1805	3	15.08	NA	13.64071212	13.93752358	13.8919072	13.63009089	13.8919072
1806	3	14.63	NA	13.35166059	13.59905212	13.66414358	13.21865283	13.66414358
1807	3	18.82	NA	19.06305004	17.75775967	17.65552023	18.34791875	17.65552023
1808	3	17.75	NA	16.30121726	16.72979311	16.67082506	17.03292267	16.67082506
1809	3	15.64	NA	13.9742326	14.38040392	14.37081588	14.04451896	14.37081588
1810	3	17.25	NA	15.23382678	16.22119075	16.28168191	16.00714697	16.28168191
1811	3	23.43	NA	26.55578984	25.63813692	25.20497774	25.78646968	25.20497774
1812	3	21.18	NA	22.45589963	21.7838934	21.53493345	21.73608314	21.53493345
1813	3	11.53	NA	10.03370634	11.28305974	11.24986546	10.44451103	11.24986546
1814	3	13.58	NA	12.28761559	12.49167036	12.75206153	12.25452779	12.75206153
1815	3	21.29	NA	22.58338366	22.0086654	21.67568769	21.85458151	21.67568769
1816	3	25.76	NA	27.63618499	27.60805021	27.48851904	30.04992483	27.48851904
1817	3	22.56	NA	24.66540692	24.15973353	23.75070277	23.91349915	23.75070277
1818	3	15.9	NA	14.07637398	14.65646665	14.83589745	14.32419364	14.83589745
1819	3	14.89	NA	13.51866814	13.82046174	13.80820294	13.53425718	13.80820294
1820	3	13.97	NA	12.73226554	12.86017671	13.06382612	12.61926082	13.06382612
1821	3	19.32	NA	19.98921286	18.46148462	18.39587316	18.83108806	18.39587316
1822	3	14.99	NA	13.58290181	13.89067206	13.86361039	13.58860338	13.86361039
1823	3	16.11	NA	14.15250278	14.84103764	15.05252108	14.57846453	15.05252108
1824	3	11.12	NA	9.712245796	10.97785235	10.91147222	10.10019011	10.91147222
1825	3	16.1	NA	14.1488776	14.83281931	15.03833775	14.56867427	15.03833775
1826	3	22.78	NA	25.07911947	24.58313587	24.27299611	24.52015875	24.27299611
1827	3	19.65	NA	20.50436806	18.99692856	18.90183293	19.14274519	18.90183293
1828	3	23.35	NA	26.35507863	25.49744257	25.11705758	25.63532988	25.11705758
1829	3	12.6	NA	11.35198506	11.79828049	11.81971833	11.48349927	11.81971833
1830	3	14.66	NA	13.37093069	13.62459939	13.68076582	13.25506871	13.68076582
1831	3	20.89	NA	22.12953948	20.95798181	21.15570536	21.43548535	21.15570536
1832	3	23.21	NA	26.00383401	25.26706871	24.91097341	25.45265611	24.91097341
1833	3	19.7	NA	20.59372079	19.07928316	18.99624464	19.17564784	18.99624464
1834	3	13.76	NA	12.49168447	12.62466545	12.95189178	12.43754426	12.95189178
1835	3	18.29	NA	18.0013727	17.13960809	16.93175302	17.93586148	16.93175302
1836	3	20.97	NA	22.21798697	21.16211845	21.26081629	21.51747311	21.26081629
1837	3	27.75	NA	29.1375123	29.5892544	29.67229803	32.5059203	29.67229803
1838	3	25.86	NA	27.72354408	27.71063298	27.5910162	30.24682641	27.5910162
1839	3	24.04	NA	27.02616401	26.32413868	25.87536889	26.76316682	25.87536889
1840	3	24.77	NA	27.19360563	26.57796277	26.42221765	28.1059532	26.42221765
1841	3	23.99	NA	27.01469541	26.25727187	25.8204188	26.68248946	25.8204188
1842	3	14.83	NA	13.48012793	13.76936721	13.77495847	13.46142541	13.77495847
1843	3	23.39	NA	26.45543423	25.56778975	25.16101766	25.71089978	25.16101766
1844	3	18.12	NA	17.34031656	17.04847197	16.84960903	17.6631535	16.84960903
1845	3	5.93	NA	6.327572346	7.645907652	7.798026379	6.876523354	7.798026379
1846	3	10.74	NA	9.458202965	10.62124502	10.62530238	9.791100271	10.62530238
1847	3	10.54	NA	9.321555333	10.51560601	10.51136325	9.628421409	10.51136325
1848	3	21.19	NA	22.46748908	21.82225643	21.54639825	21.74685572	21.54639825
1849	3	28.8	NA	29.8249322	30.62483482	30.83319748	33.5559203	30.83319748
1850	3	22.64	NA	24.81584785	24.33415448	23.97011637	24.13751847	23.97011637
1851	3	4.97	NA	6.327572346	7.046074409	7.231306034	6.876523354	7.231306034
1852	3	20.28	NA	21.47067036	20.08857945	20.39831924	20.72089028	20.39831924
1853	3	24.81	NA	27.20278052	26.61963279	26.44908436	28.18340932	26.44908436
1854	3	18.32	NA	18.09701009	17.15569093	16.94624902	17.95752293	16.94624902
1855	3	11.93	NA	10.48714301	11.49122403	11.45565902	10.91173421	11.45565902
1856	3	20.91	NA	22.15182342	21.01125986	21.17668074	21.45607768	21.17668074
1857	3	16.78	NA	14.69314323	15.7028569	15.99610645	15.31959774	15.99610645
1858	3	21.72	NA	23.15234344	22.73917443	22.3636022	22.27510902	22.3636022
1859	3	18.57	NA	18.59049804	17.32786175	17.23310573	18.15964077	17.23310573
1860	3	19.18	NA	19.73814506	18.28585389	18.19312396	18.68088211	18.19312396
1861	3	9.22	NA	8.419680961	9.706310207	9.760802408	8.450525756	9.760802408
1862	3	24.9	NA	27.223424	26.71339033	26.50953443	28.35768558	26.50953443
1863	3	17.98	NA	16.72595251	16.9425491	16.78196104	17.4150528	16.78196104
1864	3	15.21	NA	13.72421589	13.99898852	13.87575069	13.70524325	13.87575069
1865	3	20.41	NA	21.60134561	20.28851292	20.52059496	20.90524617	20.52059496
1866	3	27.78	NA	29.15715287	29.61882679	29.70546659	32.5359203	29.70546659
1867	3	28.89	NA	29.8838539	30.71483482	30.93270315	33.6459203	30.93270315
1868	3	22.74	NA	25.00389901	24.52145407	24.18645904	24.41062502	24.18645904
1869	3	19.67	NA	20.54010915	19.03007024	18.93959761	19.15590625	18.93959761
1870	3	15.79	NA	14.03649699	14.53106428	14.65722459	14.20171838	14.65722459
1871	3	10.56	NA	9.335220097	10.52616991	10.52275716	9.644689295	10.52275716
1872	3	20.21	NA	21.37678159	20.03317112	20.36302221	20.5772433	20.36302221
1873	3	18.28	NA	17.9668665	17.13424714	16.92692102	17.92183577	16.92692102
1874	3	14.39	NA	13.1956942	13.33032974	13.43522464	12.97698896	13.43522464
1875	3	16.22	NA	14.23221089	14.93296886	15.20853777	14.68615739	15.20853777
1876	3	18.65	NA	18.77072254	17.43404541	17.36827837	18.22102462	17.36827837
1877	3	16.17	NA	14.19534692	14.89034762	15.13762109	14.63720609	15.13762109
1878	3	15.68	NA	13.99523605	14.42634297	14.45170482	14.07404794	14.45170482
1879	3	9.62	NA	8.692976226	9.971270201	9.987997595	8.819158582	9.987997595
1880	3	16.79	NA	14.7028794	15.71735788	16.00904077	15.33399653	16.00904077
1881	3	15.21	NA	13.72421589	13.99898852	13.87575069	13.70524325	13.87575069
1882	3	12.35	NA	11.02201507	11.68812834	11.67412556	11.28286868	11.67412556
1883	3	14.39	NA	13.1956942	13.33032974	13.43522464	12.97698896	13.43522464
1884	3	22.12	NA	23.6758043	23.30994822	22.98010152	22.93593969	22.98010152
1885	3	22	NA	23.47188408	23.08923869	22.78740654	22.73380859	22.78740654
1886	3	17.46	NA	15.59450228	16.46153556	16.45882961	16.47367381	16.45882961
1887	3	11.32	NA	9.845506532	11.16883658	11.0765421	10.26799641	11.0765421
1888	3	17.2	NA	15.13942732	16.15819395	16.26903962	15.93409319	16.26903962
1889	3	15.77	NA	14.02924663	14.50689492	14.62434797	14.17580249	14.62434797
1890	3	19.03	NA	19.45629382	18.09087129	17.99228284	18.5180934	17.99228284
1891	3	19.84	NA	20.84976183	19.31411447	19.32115571	19.5298428	19.32115571
1892	3	18.68	NA	18.82724341	17.49117145	17.41896811	18.2434177	17.41896811
1893	3	13.76	NA	12.49168447	12.62466545	12.95189178	12.43754426	12.95189178
1894	3	15.18	NA	13.70494579	13.98958082	13.87947911	13.68790039	13.87947911
1895	3	19.81	NA	20.80035955	19.24040628	19.23489748	19.42182997	19.23489748
1896	3	11.16	NA	9.738897944	11.02228417	10.9444862	10.13350908	10.9444862
1897	3	21.15	NA	22.42113125	21.6688043	21.50053908	21.7037654	21.50053908
1898	3	19.6	NA	20.4246249	18.91407433	18.81047906	19.10984254	18.81047906
1899	3	14.51	NA	13.27045626	13.47860714	13.5883563	13.08410016	13.5883563
1900	3	14.26	NA	13.06449653	13.19277296	13.2867041	12.86095183	13.2867041
1901	3	13.56	NA	12.26565814	12.46729279	12.72985817	12.23736318	12.72985817
1902	3	7.68	NA	7.201945185	8.73935367	8.85069834	7.031289375	8.85069834
1903	3	18.8	NA	19.03255286	17.71967564	17.62172707	18.33299003	17.62172707
1904	3	15.52	NA	13.91122224	14.23580962	14.18857785	13.93599298	14.18857785
1905	3	20.82	NA	22.05154571	20.77150863	21.08229155	21.37193967	21.08229155
1906	3	22.22	22.3	23.90338748	23.49432856	23.14504419	23.1068109	23.14504419
1907	3	21.58	26.46	22.94985476	22.50105437	22.15526273	22.14775761	22.15526273
1908	3	15.91	15.16	14.07999916	14.66736908	14.85167516	14.33768608	14.85167516
1909	3	22.04	27.13	23.52630398	23.16280853	22.84999484	22.80128539	22.84999484
1910	3	20.01	18.3	21.12165655	19.69999054	19.83077509	20.08648437	19.83077509
1911	3	20.08	18.48	21.21190484	19.82328225	19.97484235	20.33863645	19.97484235
1912	3	23.08	23.54	25.67767829	25.05913131	24.73131577	25.28114321	24.73131577
1913	3	16.87	17.85	14.78076878	15.83336574	16.11251539	15.44918687	16.11251539
1914	3	23.33	25.99	26.30490083	25.46226899	25.09507755	25.60762618	25.09507755
1915	3	20.04	17.44	21.16487766	19.75282985	19.8482034	20.19454955	19.8482034
1916	3	22.53	23.67	24.60889534	24.09181122	23.6733269	23.82644737	23.6733269
1917	3	26.78	29.42	28.50246726	28.63308029	28.59984807	31.5359203	28.59984807
1918	3	17.34	19.43	15.40361838	16.33458499	16.35760235	16.20241529	16.35760235
1919	3	16.67	15.98	14.58604533	15.5433461	15.85683865	15.18220204	15.85683865
1920	3	24.26	27.05	27.07662587	26.38179473	26.03352045	27.13675305	26.03352045
1921	3	27.09	28	28.7054198	28.93866171	28.94258981	31.8459203	28.94258981
1922	3	20.22	23.03	21.39019427	20.04063586	20.36806464	20.60153371	20.36806464
1923	3	20.17	22.63	21.32313086	19.98180015	20.25978	20.48008168	20.25978
1924	3	19.57	18.06	20.37722543	18.8643618	18.77271351	19.09010096	18.77271351
1925	3	13.97	16.54	12.73226554	12.86017671	13.06382612	12.61926082	13.06382612
1926	3	21.35	19.88	22.65292041	22.0839213	21.76262005	21.91921698	21.76262005
1927	3	21.88	22.88	23.30862437	22.93892835	22.63348042	22.533356	22.63348042
1928	3	21.84	21.68	23.25874315	22.89478166	22.56886412	22.46784999	22.56886412
1929	3	19.46	26.41	20.20859231	18.68449785	18.58756996	18.98146345	18.58756996
1930	3	18.61	18.85	18.68288622	17.35787735	17.30069205	18.19116718	17.30069205
1931	3	15.98	10.65	14.10537543	14.73301828	14.9621191	14.43213318	14.9621191
1932	3	21.14	21.64	22.40954179	21.63044126	21.48907429	21.69299282	21.48907429
1933	3	16.75	14.96	14.66393471	15.65935395	15.95730346	15.27640137	15.95730346
1934	3	8.9	8.17	8.174558635	9.50420764	9.579840463	8.155619495	9.579840463
1935	3	17.18	15.15	15.10166753	16.13299523	16.26962507	15.90487168	16.26962507
1936	3	15.64	17.87	13.9742326	14.38040392	14.37081588	14.04451896	14.37081588
1937	3	19.04	17.47	19.47608081	18.10409335	18.00627695	18.53047611	18.00627695
1938	3	22.54	22.1	24.62779668	24.11445199	23.68990483	23.85546463	23.68990483
1939	3	18.86	14.45	19.13663801	17.83343134	17.72310655	18.3777762	17.72310655
1940	3	16.9	11.57	14.79484188	15.87686869	16.15131838	15.49238324	16.15131838
1941	3	24.12	22.6	27.04451378	26.38733756	25.94754966	26.89901636	25.94754966
1942	3	25.68	23.96	27.56629772	27.52595567	27.40652132	29.89240356	27.40652132
1943	3	18.47	16.81	18.40167857	17.25108409	17.06413993	18.07369934	17.06413993
1944	3	16.19	19.13	14.21009251	14.90678429	15.16598776	14.65678661	15.16598776
1945	3	13.36	17.16	12.04608369	12.22351711	12.50782455	12.06571711	12.50782455
1946	3	11.45	13.65	9.943019	11.23954615	11.18383752	10.37726736	11.18383752
1947	3	19.61	19.63	20.44042472	18.93064518	18.82630356	19.11642307	18.82630356
1948	3	21.06	19.59	22.31682613	21.34026752	21.38711499	21.60956624	21.38711499
1949	3	22.82	20.55	25.10961668	24.64481767	24.35953317	24.62969247	24.35953317
1950	3	15.15	16.43	13.68567569	13.97396365	13.88320754	13.67055754	13.88320754
1951	3	12.6	15.4	11.35198506	11.79828049	11.81971833	11.48349927	11.81971833
1952	3	21.99	25.78	23.4582791	23.07410632	22.77579357	22.7169394	22.77579357
1953	3	15.55	13.82	13.92697483	14.27195819	14.23659578	13.96136384	14.23659578
1954	3	8.59	10.32	7.927419152	9.308420779	9.40151852	7.869929055	9.40151852
1955	3	19.26	12.08	19.88008275	18.38621431	18.32741793	18.76664146	18.32741793
1956	3	15.56	14.19	13.93222569	14.28400772	14.25096837	13.9698208	14.25096837
1957	3	22.56	24.87	24.66540692	24.15973353	23.75070277	23.91349915	23.75070277
1958	3	20.82	20.85	22.05154571	20.77150863	21.08229155	21.37193967	21.08229155
1959	3	9.9	11.39	8.884282911	10.17756115	10.14703423	9.077201561	10.14703423
1960	3	16.5	14.77	14.431994	15.29570653	15.62655484	14.98135985	15.62655484
1961	3	13.93	11.41	12.68644057	12.80626933	13.02372582	12.58740489	13.02372582
1962	3	21.01	21.92	22.25997181	21.22643885	21.31694905	21.55840339	21.31694905
1963	3	13.89	11.42	12.64061561	12.75236194	13.04685011	12.55554896	13.04685011
1964	3	15.98	13.32	14.10537543	14.73301828	14.9621191	14.43213318	14.9621191
1965	3	23.25	23.27	26.10418961	25.33104945	24.96673742	25.50505186	24.96673742
1966	3	18.42	14.34	18.30857916	17.20930041	16.99456901	18.03072862	16.99456901
1967	3	15.79	14.57	14.03649699	14.53106428	14.65722459	14.20171838	14.65722459
1968	3	15.95	16.66	14.09449989	14.70726081	14.91478598	14.39165586	14.91478598
1969	3	20.43	18.32	21.62179589	20.3194807	20.55159572	20.93360861	20.55159572
1970	3	19.98	18.93	21.07477816	19.64715124	19.7327435	19.97841919	19.7327435
1971	3	15.36	18.64	13.8205664	14.04301721	13.93248218	13.80068169	13.93248218
1972	3	14.55	15.31	13.29795607	13.53092609	13.61981763	13.1215438	13.61981763
1973	3	25.06	23.69	27.26012354	26.8800704	26.65553859	28.67161376	26.65553859
1974	3	19.81	16.43	20.80035955	19.24040628	19.23489748	19.42182997	19.23489748
1975	3	19.33	20.72	20.00740121	18.47402967	18.40816869	18.84182916	18.40816869
1976	3	12.74	13.93	11.4675997	11.8599657	11.95375268	11.60180292	11.95375268
1977	3	4.44	6.8	6.327572346	6.964660631	6.921067665	6.876523354	6.921067665
1978	3	21.8	18.46	23.23748794	22.85063498	22.50211373	22.40234398	22.50211373
1979	3	24.51	22.05	27.13396889	26.37189684	26.2475841	27.62400208	26.2475841
1980	3	19.78	21.62	20.75095727	19.18553687	19.15916624	19.31381714	19.15916624
1981	3	12.17	10.84	10.78443669	11.60381499	11.57375896	11.16018404	11.57375896
1982	3	21.86	20.62	23.28141442	22.91685501	22.60117227	22.500603	22.60117227
1983	3	28.93	30.15	29.91004133	30.75483482	30.97692789	33.6859203	30.97692789
1984	3	26.3	31.12	28.10792406	28.15992197	28.05519133	31.0559203	28.05519133
1985	3	26.68	26.35	28.4369987	28.53450564	28.48928621	31.4359203	28.48928621
1986	3	26.91	27.7	28.58757639	28.76122734	28.74357847	31.6659203	28.74357847
1987	3	20.97	20.89	22.21798697	21.16211845	21.26081629	21.51747311	21.26081629
1988	3	15.71	14.55	14.00749554	14.45300204	14.51010362	14.09805483	14.51010362
1989	3	15.47	12.51	13.88496793	14.17556199	14.10854795	13.8937082	14.10854795
1990	3	10.72	11.5	9.444538202	10.61068112	10.61390847	9.774832385	10.61390847
1991	3	18.92	15.05	19.24755626	17.93184949	17.83801562	18.42256236	17.83801562
1992	3	18.85	13.53	19.11809335	17.81488571	17.70620997	18.37031183	17.70620997
1993	3	23.3	22.33	26.22963412	25.41102538	25.0483387	25.56916081	25.0483387
1994	3	14.34	13.17	13.14842847	13.27742329	13.37141978	12.9323593	13.37141978
1995	3	21.39	24.72	22.70050365	22.15430777	21.81871813	21.9623073	21.81871813
1996	3	19.16	17.96	19.70421462	18.26076379	18.16030616	18.65967094	18.16030616
1997	3	20.02	25.94	21.13728268	19.71760364	19.84381694	20.1225061	19.84381694
1998	3	21.43	21.22	22.74125163	22.22469424	21.89190157	22.00323653	21.89190157
1999	3	19.01	20.44	19.41671986	18.06442716	17.96463324	18.49332799	17.96463324
2000	3	13.18	13.73	11.84847219	12.05383349	12.28877116	11.92705122	12.28877116
2001	3	12.61	13.54	11.36071672	11.80268658	11.82929221	11.49168103	11.82929221
2002	3	5.51	7.66	6.327572346	7.383480608	7.550086228	6.876523354	7.550086228
2003	1	17.99	12.81	16.77096845	16.95179936	16.78679304	17.43348745	16.77096845
2004	4	17.77	11.51	16.35574946	16.74829363	16.68048905	17.02981974	17.02981974
2005	4	20.59	NA	21.78539818	20.53319319	20.79960174	21.13736633	21.13736633
